timestamp,px,py,pz,qx,qy,qz,qw,features,clones
1403636858.801666498,0.008633393,-0.003264621,0.003062684,-0.809355817,0.017140629,-0.586867268,0.015367820,0,0
1403636858.851666451,0.013257058,-0.005648011,0.006725772,-0.809837630,0.019882177,-0.586125739,0.014977654,134,1
1403636858.901666403,0.018397814,-0.008534108,0.011511646,-0.810031589,0.023452675,-0.585746159,0.014150421,134,2
1403636858.951666594,-0.023149802,-0.035909461,0.055794468,-0.809115004,0.026961549,-0.586845455,0.014778273,133,3
1403636859.001666546,-0.055134996,-0.026955997,0.031162094,-0.804038975,0.034497264,-0.593223388,0.020427379,142,4
1403636859.051666498,-0.072655306,-0.035423451,0.039331949,-0.804462198,0.037083983,-0.592531065,0.019294752,155,5
1403636859.101666451,-0.091299253,-0.044806524,0.047239127,-0.805571202,0.038971900,-0.590935256,0.018214083,158,6
1403636859.151666403,-0.110833454,-0.054860755,0.053902925,-0.807132354,0.040892886,-0.588688061,0.017649424,158,7
1403636859.201666594,-0.131122973,-0.065421516,0.059820268,-0.808483366,0.043283330,-0.586645230,0.018126631,159,8
1403636859.251666546,-0.152011922,-0.076546817,0.066389249,-0.809405565,0.046282861,-0.585171369,0.017175482,171,9
1403636859.301666498,-0.173951863,-0.088102473,0.074433389,-0.808908024,0.049684278,-0.585630694,0.015361386,165,10
1403636859.351666451,-0.196831377,-0.100461220,0.084657602,-0.807648400,0.051293221,-0.587311913,0.011738165,169,11
1403636859.401666403,0.007938214,-0.054564598,0.133914508,0.828839722,-0.027585123,0.558639817,0.013613622,112,11
1403636859.451666594,0.016461854,-0.054166610,0.154282094,0.827772629,-0.027686154,0.560146449,0.016183522,178,11
1403636859.501666546,0.029825525,-0.052207669,0.176638078,0.829774698,-0.027685242,0.557088504,0.018970394,202,11
1403636859.551666498,0.045651246,-0.049378589,0.200465324,0.831802266,-0.027446482,0.553919834,0.022901946,189,11
1403636859.601666451,0.051561550,-0.046438976,0.227909821,0.832642247,-0.025895460,0.552332527,0.031065936,181,11
1403636859.651666403,0.061658309,-0.037343361,0.256441120,0.834862419,-0.020681546,0.548190077,0.045438470,202,11
1403636859.701666594,0.071428557,-0.029446400,0.284629486,0.830920782,-0.019446638,0.553621181,0.051923695,186,11
1403636859.751666546,0.083055523,-0.025400956,0.311952180,0.824862771,-0.021196944,0.562417289,0.053281250,194,11
1403636859.801666498,0.087101231,-0.022991977,0.339034145,0.816963160,-0.023702194,0.573688993,0.053761881,185,11
1403636859.851666451,0.102408925,-0.013135540,0.365442729,0.814714487,-0.021851282,0.576355408,0.059810280,197,11
1403636859.901666403,0.117867649,-0.001512592,0.390597267,0.813403684,-0.020646625,0.577868756,0.063370853,197,11
1403636859.951666594,0.133716614,0.011245430,0.413679255,0.812549848,-0.020312634,0.578839917,0.065532377,203,11
1403636860.001666546,0.067100756,-0.043251968,0.432627807,0.797798507,-0.028967092,0.599316986,0.059140513,143,11
1403636860.051666498,0.001051063,-0.070121265,0.445663664,0.775957657,-0.032464619,0.627343813,0.057232013,189,11
1403636860.101666451,-0.013151561,-0.081614951,0.448598227,0.769467745,-0.034789206,0.635222954,0.056576486,211,11
1403636860.151666403,-0.022460121,-0.091926551,0.445036215,0.764611953,-0.034450108,0.641035649,0.057053029,205,11
1403636860.201666594,-0.031527951,-0.112658814,0.425077868,0.758427695,-0.037671947,0.648617932,0.051604588,184,11
1403636860.251666546,-0.025273581,-0.122658284,0.404985877,0.762968487,-0.040412278,0.643539442,0.045857636,195,11
1403636860.301666498,-0.017473478,-0.131466587,0.378778303,0.775135796,-0.046433532,0.628970528,0.037476649,166,11
1403636860.351666451,0.002174623,-0.136684823,0.348174922,0.795844335,-0.054720307,0.602355066,0.028387619,192,11
1403636860.401666403,0.014158916,-0.140475325,0.316841220,0.808232133,-0.060012047,0.585342246,0.023104736,191,11
1403636860.451666594,0.030251334,-0.142088705,0.276879800,0.822790628,-0.067430863,0.564124005,0.015256749,201,11
1403636860.501666546,0.035287887,-0.141747514,0.248596483,0.832210443,-0.070807240,0.549803854,0.011306427,192,11
1403636860.551666498,0.036645043,-0.141449311,0.222690858,0.838493550,-0.072318894,0.540041466,0.007332102,195,11
1403636860.601666451,0.046229247,-0.140028530,0.202735805,0.846498137,-0.074068222,0.527196418,0.004328828,151,11
1403636860.651666403,0.041075709,-0.154541407,0.181384330,-0.848248151,0.072839098,-0.524566022,0.000171126,211,11
1403636860.701666594,0.042823821,-0.156857396,0.169794784,-0.849496502,0.070378251,-0.522877316,0.001380905,216,11
1403636860.751666546,0.045336319,-0.159630457,0.163425347,0.850121347,-0.067320876,0.522265715,0.000342561,238,11
1403636860.801666498,0.034798522,-0.144678435,0.144633470,0.847696750,-0.065303223,0.526433539,0.003665796,260,11
1403636860.851666451,0.034952938,-0.146771669,0.150648317,0.847586376,-0.061528733,0.527044421,0.005977406,262,11
1403636860.901666403,0.005836857,-0.131840492,0.169108898,0.844240003,-0.056812670,0.532789922,0.012885550,218,11
1403636860.951666594,0.004723278,-0.132932773,0.189528729,0.844842628,-0.053507442,0.532161479,0.013492522,205,11
1403636861.001666546,-0.008909885,-0.123848243,0.216542560,0.842518387,-0.051447153,0.535945325,0.016690322,199,11
1403636861.051666498,-0.010135571,-0.124314603,0.243458911,0.839102396,-0.050931645,0.541326703,0.016689444,200,11
1403636861.101666451,-0.009816354,-0.125899994,0.271279496,0.835480522,-0.052683901,0.546781045,0.015072919,191,11
1403636861.151666403,-0.015691027,-0.116629828,0.309615329,0.834735393,-0.054034217,0.547716058,0.017442640,198,11
1403636861.201666594,-0.013161326,-0.117895992,0.341065254,0.828748352,-0.054710894,0.556701948,0.016304201,134,11
1403636861.251666546,-0.010536926,-0.120945484,0.371404431,0.821670158,-0.054456287,0.567113116,0.016594519,199,11
1403636861.301666498,-0.007759394,-0.123919716,0.400988510,0.814836189,-0.055172910,0.576846320,0.015692650,193,11
1403636861.351666451,-0.004217897,-0.126995745,0.427910729,0.809424122,-0.056360245,0.584304112,0.015646698,217,11
1403636861.401666403,-0.003361105,-0.129144767,0.450710482,0.803885429,-0.058538278,0.591698387,0.015313602,207,11
1403636861.451666594,-0.002564933,-0.130644680,0.467018965,0.799516516,-0.059277692,0.597479754,0.016656510,228,11
1403636861.501666546,-0.001529821,-0.131058468,0.474248347,0.795812082,-0.060366666,0.602269838,0.017607890,213,11
1403636861.551666498,-0.001347142,-0.131693847,0.473889664,0.794669156,-0.061634033,0.603599242,0.019238863,210,11
1403636861.601666451,-0.001512284,-0.133389817,0.464468061,0.795449491,-0.063014315,0.602472502,0.017781648,202,11
1403636861.651666403,-0.002263682,-0.134770553,0.447576209,0.797449831,-0.064721372,0.599732328,0.014354278,192,11
1403636861.701666594,-0.002830983,-0.134928207,0.425255824,0.799998482,-0.065559153,0.596297301,0.011573908,185,11
1403636861.751666546,-0.002996433,-0.134121118,0.399605904,0.803070532,-0.065548427,0.592187692,0.009739712,183,11
1403636861.801666498,-0.003597103,-0.132735886,0.372171631,0.805823450,-0.065346641,0.588473183,0.008814540,114,11
1403636861.851666451,-0.003103812,-0.128929140,0.344706762,0.809695068,-0.064190456,0.583281385,0.007503925,181,11
1403636861.901666403,-0.003305553,-0.124956295,0.316334238,0.814343273,-0.063338639,0.576893776,0.005179023,148,11
1403636861.951666594,-0.003567865,-0.120518278,0.287752216,0.820343032,-0.063313049,0.568347740,0.003100658,172,11
1403636862.001666546,-0.003917064,-0.115394982,0.259394227,0.826743909,-0.063587180,0.558972451,0.000989041,176,11
1403636862.051666498,-0.004744457,-0.110336213,0.232519074,-0.832100817,0.064528481,-0.550856693,0.001099521,174,11
1403636862.101666451,-0.005643590,-0.105593693,0.207937091,-0.836534874,0.064941811,-0.544048980,0.001635232,213,11
1403636862.151666403,-0.006418092,-0.101669252,0.186862462,-0.839292334,0.065365764,-0.539723438,0.003782252,200,11
1403636862.201666594,-0.007629444,-0.099110322,0.170584863,-0.841516984,0.063421483,-0.536481578,0.003794319,191,11
1403636862.251666546,-0.008908113,-0.098004722,0.160974530,-0.843774063,0.060505320,-0.533276519,0.000768376,205,11
1403636862.301666498,-0.010185588,-0.097323132,0.158505591,0.845854666,-0.057852241,0.530263950,0.001773580,205,11
1403636862.351666451,-0.010797955,-0.097559599,0.164348407,0.848155884,-0.055557687,0.526815446,0.003229068,210,11
1403636862.401666403,-0.010768360,-0.097683060,0.178812906,0.850166337,-0.054231704,0.523700663,0.003706297,176,11
1403636862.451666594,-0.010486423,-0.098301699,0.200339909,0.850122369,-0.053572368,0.523838840,0.003850843,207,11
1403636862.501666546,-0.009799292,-0.099723528,0.226249592,0.848503674,-0.053181284,0.526477112,0.005925901,194,11
1403636862.551666498,-0.007238809,-0.101886647,0.256215303,0.846536570,-0.053806413,0.529489698,0.011016576,191,11
1403636862.601666451,-0.003896546,-0.104846681,0.288679656,0.843954550,-0.053624758,0.533370114,0.019530103,204,11
1403636862.651666403,-0.001012246,-0.107915449,0.322239993,0.840525376,-0.054762379,0.538418832,0.024966695,180,11
1403636862.701666594,0.001613828,-0.109651305,0.356691139,0.836746576,-0.055185318,0.544003694,0.029491160,195,11
1403636862.751666546,0.003699058,-0.110438451,0.390599145,0.833039417,-0.059099738,0.549322531,0.028236638,210,11
1403636862.801666498,0.005411262,-0.111960798,0.424661784,0.830747979,-0.061975902,0.552450016,0.028561560,214,11
1403636862.851666451,0.006727482,-0.113083816,0.457678712,0.828710014,-0.067166196,0.554978931,0.026959250,220,11
1403636862.901666403,0.007545391,-0.113818111,0.488598744,0.826684693,-0.070394715,0.557634770,0.026085730,204,11
1403636862.951666594,0.007877000,-0.114253986,0.514782494,0.824049469,-0.073569985,0.561219994,0.023707550,219,11
1403636863.001666546,0.006281454,-0.115180760,0.532188437,0.820592284,-0.073683520,0.566309652,0.022190537,190,11
1403636863.051666498,0.005484898,-0.115882398,0.541225125,0.817517161,-0.071259567,0.570942696,0.024742751,230,11
1403636863.101666451,0.005029086,-0.116856080,0.541033295,0.815004993,-0.068579567,0.574625986,0.029473389,218,11
1403636863.151666403,0.004580557,-0.117569256,0.531947402,0.813156508,-0.065408871,0.577351737,0.034104898,225,11
1403636863.201666594,0.004650314,-0.117007544,0.515287625,0.813148626,-0.062653156,0.577402319,0.038346520,217,11
1403636863.251666546,0.004901627,-0.115425709,0.492207076,0.814005172,-0.060702016,0.576241415,0.040702298,210,11
1403636863.301666498,0.005093350,-0.114097778,0.464187175,0.815192247,-0.058675083,0.574465908,0.044807984,199,11
1403636863.351666451,0.004888181,-0.112455466,0.432930042,0.816283540,-0.058254180,0.572765419,0.047195429,192,11
1403636863.401666403,0.004842678,-0.111522045,0.400852768,0.817497532,-0.058743501,0.570634430,0.051218489,210,11
1403636863.451666594,0.004103879,-0.110261522,0.367462665,0.818882963,-0.060329641,0.568392212,0.052166277,238,11
1403636863.501666546,0.002909644,-0.108968411,0.332425582,0.821605096,-0.063590485,0.564251013,0.050419347,214,11
1403636863.551666498,0.001223736,-0.107130889,0.297575872,0.825012915,-0.065621574,0.559632591,0.043114525,209,11
1403636863.601666451,-0.001287509,-0.106405688,0.264048875,0.828848313,-0.068039869,0.554167332,0.035771751,188,11
1403636863.651666403,-0.004115380,-0.104781733,0.232544096,0.833149745,-0.069929907,0.547817127,0.029456847,229,11
1403636863.701666594,-0.006725306,-0.103659616,0.204998154,0.837095852,-0.071827073,0.541797012,0.023820223,226,11
1403636863.751666546,-0.008846317,-0.102882809,0.182416912,0.840851539,-0.074734499,0.535699591,0.020233416,229,11
1403636863.801666498,-0.010639146,-0.102873342,0.166909105,0.844732362,-0.075743284,0.529488641,0.018220052,214,11
1403636863.851666451,-0.012305293,-0.103222238,0.159908184,0.848088613,-0.076033637,0.524084677,0.017315954,238,11
1403636863.901666403,-0.013809997,-0.103945360,0.162087989,0.850356916,-0.075244091,0.520544626,0.016270697,241,11
1403636863.951666594,-0.014902988,-0.105165672,0.173605887,0.851722925,-0.074084189,0.518534560,0.014195131,237,11
1403636864.001666546,-0.015077898,-0.106937137,0.193793285,0.851639364,-0.072799357,0.518888072,0.012876965,204,11
1403636864.051666498,-0.015218182,-0.108012814,0.220547218,0.850283124,-0.070920866,0.521385235,0.012094516,223,11
1403636864.101666451,-0.014805066,-0.109872447,0.252883398,0.848711277,-0.067729862,0.524286994,0.014999407,215,11
1403636864.151666403,-0.014250935,-0.110803972,0.288216042,0.846167681,-0.065766898,0.528461732,0.020079046,205,11
1403636864.201666594,-0.012695059,-0.112553064,0.325241057,0.844124058,-0.065434241,0.531587250,0.024247272,173,11
1403636864.251666546,-0.011556540,-0.113435740,0.360773879,0.842212323,-0.065614863,0.534481655,0.026503850,207,11
1403636864.301666498,-0.009568108,-0.113803549,0.394884351,0.841012971,-0.065520842,0.536404652,0.025966357,232,11
1403636864.351666451,-0.008061517,-0.113731106,0.426676971,0.839594121,-0.066091894,0.538591837,0.025147684,237,11
1403636864.401666403,-0.006711495,-0.113543675,0.456222939,0.836864616,-0.067841039,0.542625567,0.024752815,216,11
1403636864.451666594,-0.005068391,-0.113607007,0.483621820,0.832308420,-0.070824355,0.549195546,0.025116881,246,11
1403636864.501666546,-0.003388358,-0.113663049,0.507412181,0.826217881,-0.074707979,0.557827264,0.024728016,245,11
1403636864.551666498,-0.001822523,-0.112587415,0.525036172,0.819366877,-0.078125260,0.567510317,0.021596431,245,11
1403636864.601666451,-0.000726062,-0.112244617,0.536000811,0.813737671,-0.079537981,0.575336163,0.022203873,238,11
1403636864.651666403,0.000113852,-0.112153794,0.538419668,0.809799129,-0.078968725,0.580859531,0.024321114,268,11
1403636864.701666594,0.000473929,-0.112249303,0.532202303,0.808626230,-0.076172190,0.582668640,0.028612474,259,11
1403636864.751666546,0.000592491,-0.112826372,0.518461562,0.809659868,-0.073511406,0.581377439,0.032361140,263,11
1403636864.801666498,0.000293605,-0.112611972,0.497883107,0.811976727,-0.071738200,0.578303433,0.033355127,221,11
1403636864.851666451,0.000351139,-0.111532389,0.472070887,0.814672518,-0.071086432,0.574569607,0.033543628,241,11
1403636864.901666403,0.000708320,-0.110368981,0.443377523,0.817269966,-0.071841099,0.570753089,0.033905322,235,11
1403636864.951666594,0.001100947,-0.109807814,0.413531268,0.820310170,-0.072196540,0.566180479,0.036311843,234,11
1403636865.001666546,0.001052260,-0.109464253,0.382616990,0.823278256,-0.073392951,0.561509896,0.039153855,217,11
1403636865.051666498,0.001585681,-0.108682298,0.351640234,0.826915777,-0.073320065,0.556129092,0.039432203,223,11
1403636865.101666451,0.002225189,-0.108113941,0.320988969,0.830498243,-0.074751694,0.550640331,0.038471782,209,11
1403636865.151666403,0.002900254,-0.107368335,0.291840835,0.833021946,-0.079701593,0.546581836,0.031151084,231,11
1403636865.201666594,0.003650205,-0.106265752,0.265411916,0.834679909,-0.084071287,0.543840948,0.021874471,203,11
1403636865.251666546,0.003674458,-0.104803304,0.242016319,0.835700771,-0.087964620,0.541937446,0.013048049,242,11
1403636865.301666498,0.003200595,-0.103924299,0.222658285,0.836187052,-0.089880785,0.540971249,0.007922531,222,11
1403636865.351666451,0.003302203,-0.103527560,0.207085973,0.836285687,-0.091438399,0.540568359,0.007149676,258,11
1403636865.401666403,0.003937042,-0.103209470,0.195539662,0.837245523,-0.090418732,0.539235187,0.008354716,221,11
1403636865.451666594,0.004257120,-0.103029859,0.189427127,0.839376721,-0.087691899,0.536313594,0.011161538,238,11
1403636865.501666546,0.004725647,-0.103048478,0.189415301,0.842656438,-0.084870536,0.531516486,0.014742611,233,11
1403636865.551666498,0.005407657,-0.103203048,0.197068650,0.846269846,-0.081879143,0.526180081,0.016052277,225,11
1403636865.601666451,0.005624274,-0.103019604,0.211895057,0.848871765,-0.079848433,0.522283709,0.016145626,231,11
1403636865.651666403,0.005650127,-0.102004637,0.232920159,0.849714479,-0.078341888,0.521200042,0.014084329,243,11
1403636865.701666594,0.005835790,-0.100597338,0.259220613,0.848592362,-0.077119054,0.523261796,0.011863676,212,11
1403636865.751666546,0.006472318,-0.099452305,0.288616467,0.845745615,-0.077061462,0.527879006,0.010938068,233,11
1403636865.801666498,0.007071813,-0.099264281,0.320921881,0.841819822,-0.077407900,0.534080481,0.010268624,205,11
1403636865.851666451,0.008322385,-0.099623565,0.354477210,0.837166871,-0.078614141,0.541178588,0.009858101,231,11
1403636865.901666403,0.009861114,-0.100434702,0.389234531,0.831719212,-0.079286470,0.549423133,0.009540907,201,11
1403636865.951666594,0.010226047,-0.101018672,0.423590911,0.824757403,-0.080497867,0.559663124,0.008515147,228,11
1403636866.001666546,0.010510391,-0.102023660,0.457876435,0.817227160,-0.081545979,0.570450820,0.008711156,188,11
1403636866.051666498,0.010222628,-0.102918272,0.490499376,0.808813395,-0.083382883,0.582035973,0.010114992,238,11
1403636866.101666451,0.009394557,-0.103716745,0.519911438,0.801064430,-0.083809330,0.592537398,0.013084621,241,11
1403636866.151666403,0.008052683,-0.104340502,0.545131288,0.794916166,-0.083220111,0.600765527,0.016232163,249,11
1403636866.201666594,0.006619770,-0.104450023,0.563383144,0.791088350,-0.082087892,0.605873027,0.018938733,225,11
1403636866.251666546,0.005415813,-0.104166610,0.574115515,0.789624548,-0.081390050,0.607775952,0.021843202,249,11
1403636866.301666498,0.003831096,-0.103962236,0.576534909,0.790850399,-0.080316310,0.606180198,0.025504967,239,11
1403636866.351666451,0.003037053,-0.103200656,0.570684806,0.793556803,-0.080339694,0.602440702,0.029636697,246,11
1403636866.401666403,0.003195649,-0.102641017,0.557946328,0.797369557,-0.079487458,0.597331880,0.032835335,228,11
1403636866.451666594,0.003843839,-0.102167975,0.538824691,0.800908502,-0.079601510,0.592483055,0.034249098,230,11
1403636866.501666546,0.004527743,-0.101133556,0.514137750,0.804358952,-0.078615079,0.587867494,0.035187425,201,11
1403636866.551666498,0.005240805,-0.101348702,0.486157748,0.807600151,-0.078434746,0.583371771,0.036157486,230,11
1403636866.601666451,0.006348121,-0.102412989,0.456959595,0.811138602,-0.078861675,0.578324204,0.037096081,165,11
1403636866.651666403,0.006209534,-0.104506912,0.429628952,0.814656794,-0.079315772,0.573152370,0.039238722,215,11
1403636866.701666594,0.005489804,-0.106124476,0.404134285,0.818329421,-0.079564676,0.567802973,0.040077483,203,11
1403636866.751666546,0.003534218,-0.107472276,0.381297349,0.821775698,-0.077838527,0.563146402,0.038626368,233,11
1403636866.801666498,0.000533202,-0.108681016,0.360979917,0.824699247,-0.076315904,0.559261775,0.035683363,229,11
1403636866.851666451,-0.002714326,-0.108533831,0.342186059,0.827651310,-0.074803779,0.555457965,0.029396491,242,11
1403636866.901666403,-0.005751286,-0.108593511,0.324678069,0.831339983,-0.074714170,0.550252523,0.022666851,231,11
1403636866.951666594,-0.008796639,-0.108041386,0.309391944,0.835557725,-0.075146828,0.544019961,0.015444266,253,11
1403636867.001666546,-0.012445956,-0.107270232,0.296679745,0.839703575,-0.075848011,0.537591614,0.011842407,237,11
1403636867.051666498,-0.015690579,-0.106696490,0.286831206,0.843129248,-0.077209619,0.532026520,0.010932887,254,11
1403636867.101666451,-0.019572517,-0.106036291,0.279866759,0.845857242,-0.076516553,0.527793930,0.010213238,233,11
1403636867.151666403,-0.023601129,-0.104916552,0.275072340,0.847730996,-0.076533455,0.524826169,0.007230617,250,11
1403636867.201666594,-0.027643800,-0.103051037,0.271493608,0.849214195,-0.074589747,0.522747593,0.002564104,194,11
1403636867.251666546,-0.032045786,-0.100685331,0.270713846,-0.850649993,0.071057152,-0.520900149,0.002916405,235,11
1403636867.301666498,-0.036715008,-0.099004255,0.272754487,-0.851979603,0.068335504,-0.519057100,0.006382906,213,11
1403636867.351666451,-0.042751579,-0.097769586,0.274083509,-0.853751105,0.067261457,-0.516253084,0.008228044,215,11
1403636867.401666403,-0.046493254,-0.097416100,0.276667771,-0.855808531,0.066449894,-0.512956539,0.007194443,223,11
1403636867.451666594,-0.050119802,-0.096399338,0.279678788,-0.858663944,0.066368417,-0.508186336,0.006173542,226,11
1403636867.501666546,-0.052258756,-0.095486486,0.283671245,-0.862850485,0.066358230,-0.501067432,0.004129673,205,11
1403636867.551666498,-0.056753111,-0.094686924,0.285185816,-0.869514645,0.065033974,-0.489602869,0.001973420,199,11
1403636867.601666451,-0.060788176,-0.093896391,0.285273987,-0.878576533,0.064317879,-0.473247761,0.001744257,176,11
1403636867.651666403,-0.065615631,-0.093070219,0.283792386,-0.890023452,0.064426083,-0.451327065,0.003378616,175,11
1403636867.701666594,-0.070837703,-0.092145333,0.281252670,-0.902887528,0.065882264,-0.424751230,0.006327029,148,11
1403636867.751666546,-0.076212689,-0.091569355,0.278046715,-0.915814606,0.067627938,-0.395779035,0.008308178,150,11
1403636867.801666498,-0.080758780,-0.091595365,0.275470204,-0.927034364,0.069903127,-0.368310134,0.008275582,142,11
1403636867.851666451,-0.083772501,-0.091835008,0.273786216,-0.935080800,0.073793599,-0.346569572,0.008242193,163,11
1403636867.901666403,-0.085016838,-0.091874619,0.273702649,-0.939610880,0.076338020,-0.333525492,0.008040343,176,11
1403636867.951666594,-0.084635180,-0.091482906,0.275219753,-0.940974379,0.079675815,-0.328873684,0.007815525,174,11
1403636868.001666546,-0.083822274,-0.090904884,0.277764837,-0.940143943,0.080840872,-0.330966502,0.007436012,173,11
1403636868.051666498,-0.082506292,-0.090309839,0.281073231,-0.937832499,0.081701019,-0.337271660,0.006555462,155,11
1403636868.101666451,-0.082412197,-0.089707527,0.283488937,-0.935060747,0.081350206,-0.344973994,0.006040421,153,11
1403636868.151666403,-0.082799427,-0.089145390,0.285619345,-0.932743399,0.081147253,-0.351239573,0.005969605,145,11
1403636868.201666594,-0.084356408,-0.088051897,0.286682116,-0.931380215,0.081023527,-0.354843517,0.007222299,160,11
1403636868.251666546,-0.086375259,-0.086889522,0.287289497,-0.931068976,0.080597026,-0.355745832,0.007719111,167,11
1403636868.301666498,-0.089338170,-0.084816421,0.287571467,-0.931188495,0.082644438,-0.354924740,0.009290414,158,11
1403636868.351666451,-0.092648479,-0.081988211,0.287658182,-0.931960173,0.084086000,-0.352519566,0.010475514,148,11
1403636868.401666403,-0.096146105,-0.078849585,0.288039809,-0.932073622,0.086117346,-0.351701908,0.011328427,124,11
1403636868.451666594,-0.099380700,-0.074801793,0.288547045,-0.931136875,0.087850615,-0.353754589,0.011139128,138,11
1403636868.501666546,-0.102268036,-0.070894102,0.290017866,-0.929433097,0.088492037,-0.358119939,0.008566542,145,11
1403636868.551666498,-0.105121922,-0.067169063,0.292316323,-0.927207471,0.090132638,-0.363502628,0.005315282,158,11
1403636868.601666451,-0.107877481,-0.063550885,0.295096512,-0.925377746,0.092874700,-0.367475339,0.003491943,159,11
1403636868.651666403,-0.110715690,-0.060614851,0.297877467,-0.924711169,0.094787680,-0.368670216,0.002611670,143,11
1403636868.701666594,-0.114227199,-0.057943288,0.299816849,-0.925261544,0.095466673,-0.367115114,0.001919026,143,11
1403636868.751666546,-0.117628130,-0.055181250,0.300907438,-0.926810343,0.093364507,-0.363729624,0.002533414,137,11
1403636868.801666498,-0.121152272,-0.052375802,0.300910571,-0.928546016,0.090977489,-0.359886329,0.002687652,154,11
1403636868.851666451,-0.123823119,-0.050125287,0.301086364,-0.929856448,0.088449859,-0.357129570,0.001441867,161,11
1403636868.901666403,-0.125121915,-0.048047804,0.301727922,0.929918641,-0.086627828,0.357416500,0.000621355,157,11
1403636868.951666594,-0.125776462,-0.045545733,0.302363366,0.928960534,-0.086133008,0.360017339,0.000973148,149,11
1403636869.001666546,-0.125128034,-0.043477839,0.303101502,-0.927770901,0.084825022,-0.363378316,0.001438792,124,11
1403636869.051666498,-0.124941645,-0.041729496,0.303676982,-0.926701648,0.084426675,-0.366164719,0.004426095,137,11
1403636869.101666451,-0.124698643,-0.040000701,0.304292607,-0.925917053,0.083378173,-0.368343773,0.006968250,144,11
1403636869.151666403,-0.124918778,-0.038183550,0.303943931,-0.925464553,0.082929363,-0.369531650,0.009189153,157,11
1403636869.201666594,-0.124698897,-0.037034798,0.303245257,-0.925659222,0.081034738,-0.369442909,0.010015618,158,11
1403636869.251666546,-0.124131145,-0.036367193,0.302549120,-0.925836843,0.080284398,-0.369156842,0.010187299,143,11
1403636869.301666498,-0.123576682,-0.036100625,0.301770486,-0.926010951,0.079105583,-0.368975733,0.010145660,143,11
1403636869.351666451,-0.122684655,-0.035739708,0.301186834,-0.925925484,0.078934874,-0.369198603,0.011120939,136,11
1403636869.401666403,-0.121987749,-0.035823391,0.300710947,-0.925902707,0.078211828,-0.369401000,0.011401270,153,11
1403636869.451666594,-0.121330281,-0.036290930,0.300317467,-0.925874772,0.078064959,-0.369486096,0.011907756,160,11
1403636869.501666546,-0.120791843,-0.037890043,0.299976447,-0.925828079,0.078240771,-0.369574662,0.011632715,156,11
1403636869.551666498,-0.120387418,-0.041199754,0.299603106,-0.925764969,0.078399000,-0.369710231,0.011276689,149,11
1403636869.601666451,-0.119673045,-0.046428704,0.299036820,-0.925927654,0.078978811,-0.369188939,0.010947813,124,11
1403636869.651666403,-0.119211427,-0.054318565,0.298526456,-0.926551697,0.078865762,-0.367659433,0.010425207,137,11
1403636869.701666594,-0.118993127,-0.065017417,0.297743366,-0.927356851,0.080133895,-0.365373661,0.009482517,144,11
1403636869.751666546,-0.118372047,-0.078105867,0.297227260,-0.928066915,0.081453482,-0.363296667,0.008524263,153,11
1403636869.801666498,-0.117109812,-0.093465494,0.296770038,-0.928040054,0.083773613,-0.362863963,0.007306420,151,11
1403636869.851666451,-0.114917526,-0.110866124,0.296597976,-0.927200653,0.086779548,-0.364334864,0.005325918,148,11
1403636869.901666403,-0.112258547,-0.130294405,0.296492966,-0.925737037,0.090586923,-0.367145263,0.003050241,140,11
1403636869.951666594,-0.109692098,-0.151205797,0.296233677,-0.924099806,0.094409466,-0.370303714,0.001249593,147,11
1403636870.001666546,-0.106701486,-0.173755131,0.295571487,0.922983146,-0.098130746,0.372118153,0.000740585,157,11
1403636870.051666498,-0.103873967,-0.197526369,0.294554179,0.922522518,-0.102485120,0.372080439,0.002269683,177,11
1403636870.101666451,-0.100853873,-0.222432061,0.293392429,0.922900350,-0.106831889,0.369896580,0.004290985,170,11
1403636870.151666403,-0.098040789,-0.248074524,0.292552993,0.923808670,-0.110209025,0.366575624,0.007336529,152,11
1403636870.201666594,-0.095246247,-0.274241329,0.292222267,0.924731380,-0.111630101,0.363726213,0.010669441,139,11
1403636870.251666546,-0.092389689,-0.299994775,0.292035587,0.924863769,-0.113496393,0.362758793,0.012314048,144,11
1403636870.301666498,-0.089365597,-0.325610514,0.292102394,0.923914372,-0.115574643,0.364468010,0.013704180,164,11
1403636870.351666451,-0.086512864,-0.350902990,0.291986169,0.922218119,-0.118280176,0.367796317,0.015792740,176,11
1403636870.401666403,-0.084176517,-0.375705660,0.292028642,0.920667743,-0.119383892,0.371075828,0.020521278,183,11
1403636870.451666594,-0.082872782,-0.399411123,0.291881187,0.919735528,-0.120186834,0.372833510,0.025236023,160,11
1403636870.501666546,-0.081686777,-0.420158001,0.289680424,0.919568759,-0.123871927,0.372052983,0.025012438,143,11
1403636870.551666498,-0.080776791,-0.438987358,0.286969991,0.920101848,-0.128688594,0.369182396,0.023583759,160,11
1403636870.601666451,-0.080323108,-0.456840879,0.284419109,0.921613099,-0.130762760,0.364395953,0.027312742,153,11
1403636870.651666403,-0.080038366,-0.473268997,0.282122375,0.922550824,-0.133241721,0.360787590,0.031287954,163,11
1403636870.701666594,-0.079150876,-0.487501089,0.280624332,0.922188791,-0.135003945,0.360736518,0.034798468,164,11
1403636870.751666546,-0.077302937,-0.499015742,0.279735951,0.920756545,-0.135945157,0.363920912,0.035886887,180,11
1403636870.801666498,-0.075744017,-0.507487137,0.277510523,0.918340643,-0.138832694,0.369084998,0.033944216,179,11
1403636870.851666451,-0.074789943,-0.513892641,0.276209633,0.916142970,-0.139833736,0.374222560,0.032955433,169,11
1403636870.901666403,-0.074884459,-0.519003909,0.274765832,0.914230451,-0.139187065,0.379083705,0.033244371,167,11
1403636870.951666594,-0.074538465,-0.522363942,0.272717358,0.912699008,-0.139522017,0.382786162,0.031446495,169,11
1403636871.001666546,-0.074851146,-0.523759805,0.270511904,0.912034336,-0.140625779,0.384139091,0.029239009,181,11
1403636871.051666498,-0.074976403,-0.523773321,0.267888267,0.912442614,-0.143146706,0.382447657,0.026292334,164,11
1403636871.101666451,-0.075618363,-0.523642845,0.265949352,0.914356952,-0.144509416,0.377255822,0.027321034,147,11
1403636871.151666403,-0.076080324,-0.522538889,0.265165463,0.916641439,-0.145254538,0.371094999,0.030953085,163,11
1403636871.201666594,-0.076411138,-0.519308050,0.265642491,0.917919662,-0.147265674,0.366926011,0.033190632,153,11
1403636871.251666546,-0.076328245,-0.514454227,0.267490128,0.918211189,-0.148240648,0.365683571,0.034473877,169,11
1403636871.301666498,-0.075922381,-0.507348820,0.269686917,0.917721290,-0.148305102,0.366934317,0.033947574,153,11
1403636871.351666451,-0.075798987,-0.498033995,0.271854063,0.917570139,-0.146558003,0.367982571,0.034272723,169,11
1403636871.401666403,-0.075821141,-0.486243194,0.273958436,0.917821561,-0.143856714,0.368335019,0.035187243,161,11
1403636871.451666594,-0.075575892,-0.471625428,0.275797579,0.917934763,-0.141250603,0.369103687,0.034734796,155,11
1403636871.501666546,-0.074936597,-0.454534882,0.277120574,0.917986837,-0.139643985,0.369676801,0.033745930,165,11
1403636871.551666498,-0.074441857,-0.435151817,0.278608456,0.918208877,-0.138671938,0.369623798,0.032261414,167,11
1403636871.601666451,-0.073937185,-0.413713820,0.280131182,0.918758265,-0.137592726,0.368764661,0.031050233,166,11
1403636871.651666403,-0.073566574,-0.390054104,0.282030940,0.919351948,-0.136617783,0.367916992,0.027652561,157,11
1403636871.701666594,-0.073072183,-0.364664428,0.284326459,0.919992896,-0.134982611,0.367230556,0.023118911,144,11
1403636871.751666546,-0.072038210,-0.338014658,0.286313463,0.920301905,-0.133144458,0.367404582,0.018188738,154,11
1403636871.801666498,-0.070821242,-0.310829080,0.287610406,0.920703719,-0.130645382,0.367435167,0.015094471,160,11
1403636871.851666451,-0.069248773,-0.283450409,0.288277414,0.921152943,-0.126620366,0.367763901,0.013937409,171,11
1403636871.901666403,-0.066997410,-0.255043276,0.288731161,0.920939476,-0.123632630,0.369393385,0.011575073,154,11
1403636871.951666594,-0.064227305,-0.225866068,0.288921332,0.920331236,-0.120640428,0.371976030,0.008374746,164,11
1403636872.001666546,-0.060398249,-0.196116558,0.288661030,0.919240573,-0.117710909,0.375670667,0.003529927,143,11
1403636872.051666498,-0.056695069,-0.166535172,0.287906981,-0.918062933,0.114813392,-0.379441859,0.001487357,159,11
1403636872.101666451,-0.053197529,-0.137842790,0.286703749,-0.917315958,0.110866084,-0.382375658,0.005385337,164,11
1403636872.151666403,-0.050215807,-0.110556432,0.285429232,-0.917010058,0.107677912,-0.383976595,0.007745641,160,11
1403636872.201666594,-0.048111848,-0.084587308,0.283529606,-0.917507132,0.104533335,-0.383615847,0.009608668,148,11
1403636872.251666546,-0.046159670,-0.059700969,0.281416699,-0.918760245,0.100756995,-0.381541565,0.012396545,157,11
1403636872.301666498,-0.044883726,-0.036313924,0.278695914,-0.920567484,0.097033948,-0.378030368,0.015263078,163,11
1403636872.351666451,-0.043902118,-0.015309353,0.275966435,-0.922422005,0.092919270,-0.374407922,0.017954458,167,11
1403636872.401666403,-0.043325885,0.002649792,0.273699804,-0.923905573,0.089935703,-0.371328755,0.020615970,166,11
1403636872.451666594,-0.042266264,0.016776131,0.272065726,-0.924779346,0.087622528,-0.369606001,0.022290323,193,11
1403636872.501666546,-0.041556351,0.026928896,0.271484303,-0.925070307,0.085540277,-0.369270933,0.023806834,176,11
1403636872.551666498,-0.041183378,0.033225097,0.271577136,-0.924887252,0.083308924,-0.370188310,0.024572526,182,11
1403636872.601666451,-0.041309716,0.035857582,0.272283038,-0.924264887,0.080788781,-0.372247997,0.025278837,178,11
1403636872.651666403,-0.041890653,0.035524772,0.273488330,-0.923410622,0.079315251,-0.374697876,0.024968283,172,11
1403636872.701666594,-0.042331296,0.032642209,0.274568803,-0.922760597,0.077806253,-0.376680648,0.023890505,176,11
1403636872.751666546,-0.042813335,0.027368199,0.275326795,-0.922482444,0.077995912,-0.377428677,0.022144331,173,11
1403636872.801666498,-0.043112877,0.019301174,0.275680146,-0.922852770,0.078371066,-0.376590794,0.019496540,154,11
1403636872.851666451,-0.043265564,0.008031316,0.275647255,-0.923180542,0.080762548,-0.375327050,0.018566179,132,11
1403636872.901666403,-0.043121926,-0.006923219,0.274944608,-0.923478988,0.083423662,-0.374073302,0.017210954,131,11
1403636872.951666594,-0.042832934,-0.025807779,0.274054104,-0.923653528,0.086318441,-0.373094944,0.014609946,144,11
1403636873.001666546,-0.042976982,-0.047554067,0.272850376,-0.923600217,0.089181427,-0.372648055,0.011947403,133,11
1403636873.051666498,-0.043133542,-0.071765468,0.271661931,-0.923333520,0.091985861,-0.372712424,0.008902878,164,11
1403636873.101666451,-0.043238475,-0.097765364,0.270477989,-0.923074642,0.094734415,-0.372708359,0.006861198,155,11
1403636873.151666403,-0.043371386,-0.125317506,0.269419901,-0.923066378,0.098380751,-0.371808706,0.005289159,179,11
1403636873.201666594,-0.043340968,-0.154500502,0.268613201,-0.923075551,0.102328861,-0.370742345,0.003231949,159,11
1403636873.251666546,-0.043275223,-0.184609912,0.267866638,-0.923016406,0.106519974,-0.369720240,0.001074149,149,11
1403636873.301666498,-0.043286983,-0.215344868,0.267313215,0.922827853,-0.110889875,0.368904650,0.001244623,155,11
1403636873.351666451,-0.043550781,-0.246235603,0.266532469,0.922657927,-0.114621056,0.368174109,0.003491171,151,11
1403636873.401666403,-0.044395661,-0.276715098,0.265512853,0.922514586,-0.118043309,0.367425160,0.005600607,138,11
1403636873.451666594,-0.045722246,-0.306195182,0.263879853,0.922305025,-0.121839523,0.366695090,0.006578968,140,11
1403636873.501666546,-0.047435821,-0.335041476,0.262034912,0.922584335,-0.124389673,0.365086301,0.008794688,124,11
1403636873.551666498,-0.049689269,-0.362528427,0.260064759,0.922997754,-0.128067972,0.362665521,0.012143295,141,11
1403636873.601666451,-0.052430995,-0.387822086,0.257608391,0.923444284,-0.131583758,0.360121775,0.015769463,134,11
1403636873.651666403,-0.054943558,-0.411165497,0.254854033,0.923808505,-0.134366000,0.357970591,0.019511030,143,11
1403636873.701666594,-0.057405324,-0.431648827,0.251655176,0.924099853,-0.137678699,0.355866283,0.021052941,129,11
1403636873.751666546,-0.059850969,-0.449262014,0.248562689,0.924472728,-0.139285451,0.354258810,0.021223440,163,11
1403636873.801666498,-0.062221831,-0.463463166,0.246161735,0.925030674,-0.139045766,0.352883743,0.021391391,170,11
1403636873.851666451,-0.064296464,-0.473926526,0.243924600,0.924930431,-0.140263228,0.352675090,0.021218027,165,11
1403636873.901666403,-0.065656073,-0.481238606,0.242032838,0.924680202,-0.141265103,0.352917041,0.021453587,181,11
1403636873.951666594,-0.066444778,-0.485778642,0.240669867,0.924157060,-0.142430166,0.353733138,0.022808828,214,11
1403636874.001666546,-0.066770854,-0.487544554,0.239364250,0.923708806,-0.143991919,0.354192959,0.023994096,207,11
1403636874.051666498,-0.066274541,-0.487486777,0.238453273,0.923487856,-0.144961719,0.354300804,0.025044354,200,11
1403636874.101666451,-0.066032786,-0.485579146,0.238210128,0.923600440,-0.144858133,0.354045651,0.025100318,176,11
1403636874.151666403,-0.065221904,-0.481876589,0.238399290,0.923860547,-0.144798770,0.353416466,0.024734745,196,11
1403636874.201666594,-0.064407858,-0.476113174,0.239239400,0.924402456,-0.143764666,0.352434768,0.024526616,188,11
1403636874.251666546,-0.063264103,-0.467588699,0.240298829,0.924962198,-0.142682588,0.351433682,0.024103489,189,11
1403636874.301666498,-0.061779445,-0.455873152,0.241524713,0.925918749,-0.139029848,0.350448562,0.023042942,162,11
1403636874.351666451,-0.059765498,-0.440502658,0.242369434,0.926572413,-0.136795618,0.349744217,0.020724498,182,11
1403636874.401666403,-0.056881969,-0.421901057,0.243251039,0.927279428,-0.133459190,0.349341838,0.017372028,169,11
1403636874.451666594,-0.053854783,-0.400268450,0.244353464,0.927451331,-0.131009985,0.349956894,0.014162821,139,11
1403636874.501666546,-0.050432662,-0.376730796,0.245296607,0.927216400,-0.128065492,0.351733765,0.012342410,143,11
1403636874.551666498,-0.047063460,-0.351600253,0.246682384,0.926603753,-0.125494196,0.354293229,0.011532545,173,11
1403636874.601666451,-0.044051882,-0.324067562,0.247762467,0.926281232,-0.122260671,0.356308720,0.009975159,172,11
1403636874.651666403,-0.041218983,-0.294362927,0.248251715,0.926004226,-0.118853795,0.358249536,0.006871632,164,11
1403636874.701666594,-0.038237606,-0.263999901,0.248256139,0.925945995,-0.114882027,0.359737300,0.003899899,137,11
1403636874.751666546,-0.034855105,-0.233760217,0.247494466,0.926023222,-0.111799906,0.360528512,0.000982719,149,11
1403636874.801666498,-0.031689386,-0.203981265,0.246043495,-0.926269357,0.108561911,-0.360881080,0.002058028,158,11
1403636874.851666451,-0.028500141,-0.174996928,0.243967070,-0.926520240,0.107096183,-0.360621020,0.006567509,159,11
1403636874.901666403,-0.025751066,-0.147657748,0.241792261,-0.927145352,0.104534321,-0.359653609,0.011106459,140,11
1403636874.951666594,-0.022707775,-0.123118665,0.240073687,-0.927380743,0.103150900,-0.359323263,0.014547891,156,11
1403636875.001666546,-0.019739819,-0.101797763,0.238728941,-0.926928730,0.100869558,-0.361051528,0.016439476,190,11
1403636875.051666498,-0.016025947,-0.083472075,0.237777298,-0.924912512,0.102172292,-0.365841889,0.016043064,188,11
1403636875.101666451,-0.011800982,-0.068064977,0.236877916,-0.921654937,0.105302186,-0.373216190,0.013164391,195,11
1403636875.151666403,-0.008370348,-0.054448088,0.235935760,-0.917309421,0.112795806,-0.381781147,0.007980477,215,11
1403636875.201666594,-0.006344267,-0.042214801,0.234531034,-0.912868966,0.120885267,-0.389933611,0.002963325,204,11
1403636875.251666546,-0.005410844,-0.031193112,0.232696678,0.908745386,-0.132054695,0.395903433,0.001962975,204,11
1403636875.301666498,-0.006184308,-0.020718350,0.230743620,0.905277634,-0.144458258,0.399468679,0.005384407,196,11
1403636875.351666451,-0.008667758,-0.010708127,0.228690117,0.902483069,-0.158154835,0.400584672,0.006578667,189,11
1403636875.401666403,-0.013888101,-0.000992823,0.226910009,0.900596300,-0.171080075,0.399526381,0.006048356,190,11
1403636875.451666594,-0.022184059,0.007666930,0.225548354,0.899385418,-0.182024010,0.397435718,0.004240239,197,11
1403636875.501666546,-0.033733379,0.014875261,0.224547569,0.898976241,-0.191017010,0.394145054,0.001973813,183,11
1403636875.551666498,-0.048221049,0.019294391,0.223652211,-0.898497464,0.199577669,-0.390986737,0.000658185,165,11
1403636875.601666451,-0.065445534,0.021421602,0.222896118,-0.898409252,0.205664880,-0.388017017,0.002359423,203,11
1403636875.651666403,-0.084534712,0.020609937,0.222698178,-0.897547924,0.212076255,-0.386558820,0.001914111,185,11
1403636875.701666594,-0.104676463,0.016524291,0.222108309,0.896306589,-0.218058053,0.386112975,0.001398419,180,11
1403636875.751666546,-0.125360737,0.010002761,0.221794728,0.894284961,-0.225454189,0.386494078,0.006866184,201,11
1403636875.801666498,-0.147227894,0.002327924,0.220992094,0.892595368,-0.232712057,0.385951486,0.012651409,188,11
1403636875.851666451,-0.168758800,-0.007561793,0.220259020,0.891179448,-0.241032197,0.383878985,0.018428112,193,11
1403636875.901666403,-0.190258424,-0.019021327,0.219804652,0.889726263,-0.250582613,0.380795262,0.024300193,209,11
1403636875.951666594,-0.210997690,-0.032342429,0.220300451,0.887725387,-0.261048886,0.377913141,0.031285352,195,11
1403636876.001666546,-0.230588378,-0.048148643,0.221326858,0.884539702,-0.272492726,0.376619302,0.038666916,205,11
1403636876.051666498,-0.248609468,-0.066866133,0.223384955,0.880783686,-0.282929960,0.376481395,0.049320335,205,11
1403636876.101666451,-0.263742277,-0.087348012,0.225747173,0.876085647,-0.293919605,0.377492083,0.059874309,181,11
1403636876.151666403,-0.276178747,-0.109008023,0.228387570,0.871355671,-0.303704387,0.378929227,0.070111198,185,11
1403636876.201666594,-0.285379538,-0.132223773,0.230516950,0.867065302,-0.312885469,0.379738866,0.078095062,199,11
1403636876.251666546,-0.291158265,-0.156899515,0.231782151,0.863627213,-0.321668979,0.378855345,0.084532428,190,11
1403636876.301666498,-0.293392167,-0.182947622,0.232397647,0.861691431,-0.328615139,0.376217159,0.089222294,196,11
1403636876.351666451,-0.292014688,-0.210536629,0.231759834,0.860109188,-0.335806754,0.372498661,0.093224230,200,11
1403636876.401666403,-0.287112277,-0.239941957,0.231148491,0.859500779,-0.340744539,0.368481482,0.096814084,202,11
1403636876.451666594,-0.279003797,-0.270657092,0.229887871,0.858397103,-0.344906563,0.365738534,0.102123464,165,11
1403636876.501666546,-0.267524153,-0.301661101,0.229741642,0.857702081,-0.345208024,0.365233422,0.108550028,173,11
1403636876.551666498,-0.252133038,-0.331688048,0.230216113,0.856319769,-0.343771069,0.368184181,0.113922409,169,11
1403636876.601666451,-0.233765739,-0.360859273,0.231304182,0.855713404,-0.338869953,0.372394617,0.119348127,161,11
1403636876.651666403,-0.212633491,-0.387675702,0.233155579,0.855126853,-0.332742424,0.378090348,0.122834169,156,11
1403636876.701666594,-0.189088098,-0.410627873,0.235513855,0.855560967,-0.325160928,0.383496835,0.123353071,141,11
1403636876.751666546,-0.162734837,-0.429873222,0.237484395,0.857021131,-0.316225042,0.388189816,0.121758653,170,11
1403636876.801666498,-0.135341796,-0.444127129,0.239363551,0.859411549,-0.305084477,0.392361313,0.119949374,170,11
1403636876.851666451,-0.107172797,-0.453063746,0.240746046,0.862349122,-0.292438425,0.396320121,0.117320595,156,11
1403636876.901666403,-0.078296003,-0.456419040,0.242098494,0.865044278,-0.278648177,0.401503982,0.113349654,145,11
1403636876.951666594,-0.048768115,-0.454276290,0.242563900,0.867634727,-0.264034619,0.407307664,0.107685503,139,11
1403636877.001666546,-0.019165872,-0.446710702,0.242585255,0.870397160,-0.248427643,0.413208323,0.099756562,160,11
1403636877.051666498,0.009919245,-0.434188830,0.242231303,0.873895336,-0.230656990,0.418153232,0.090841451,146,11
1403636877.101666451,0.037386612,-0.416324288,0.242373561,0.877316770,-0.212392999,0.422814114,0.080204265,136,11
1403636877.151666403,0.063518353,-0.394620667,0.242448004,0.881348788,-0.191954444,0.426102032,0.069389222,136,11
1403636877.201666594,0.086964890,-0.368355863,0.242516516,0.884904791,-0.173029954,0.428724834,0.056561142,135,11
1403636877.251666546,0.108291897,-0.338567582,0.242533616,0.888220384,-0.154212490,0.430489523,0.044292524,139,11
1403636877.301666498,0.125890561,-0.306294667,0.243164789,0.890924147,-0.136730899,0.431844591,0.032696700,122,11
1403636877.351666451,0.140152089,-0.272720144,0.243943025,0.893679135,-0.118125908,0.432321668,0.021951060,115,11
1403636877.401666403,0.149680763,-0.237732218,0.244570815,0.896164679,-0.100619734,0.432014005,0.011332943,124,11
1403636877.451666594,0.154765754,-0.202359001,0.243692037,0.898526857,-0.084498253,0.430707525,0.000749415,137,11
1403636877.501666546,0.155705583,-0.167653998,0.242673527,-0.900939051,0.070451686,-0.428079728,0.009650488,134,11
1403636877.551666498,0.151830069,-0.134059159,0.241276126,-0.903324458,0.059962584,-0.424290595,0.019669874,133,11
1403636877.601666451,0.143861835,-0.102684041,0.239118325,-0.906056175,0.051316842,-0.419061664,0.028567651,145,11
1403636877.651666403,0.132232366,-0.073732958,0.237157355,-0.908505000,0.044685081,-0.413936476,0.035756156,154,11
1403636877.701666594,0.117010792,-0.047563534,0.235250975,-0.910602969,0.041102572,-0.408933942,0.043426285,172,11
1403636877.751666546,0.098606526,-0.024785239,0.234081711,-0.912466430,0.040077135,-0.404246183,0.048824808,174,11
1403636877.801666498,0.077602445,-0.005138464,0.233047726,-0.914276032,0.041236666,-0.399699508,0.051372935,174,11
1403636877.851666451,0.054918390,0.011584608,0.231410987,-0.915959835,0.045712923,-0.395190744,0.052461278,195,11
1403636877.901666403,0.030885619,0.024395315,0.229313690,-0.917696336,0.050794671,-0.390679431,0.051214432,196,11
1403636877.951666594,0.005782100,0.033736826,0.226552707,-0.919621586,0.057711466,-0.385583789,0.047860915,206,11
1403636878.001666546,-0.019557956,0.039034566,0.223525399,-0.920975340,0.065555254,-0.381610299,0.043364868,187,11
1403636878.051666498,-0.044897082,0.040459781,0.220463803,-0.921895359,0.074536670,-0.378455074,0.036400401,195,11
1403636878.101666451,-0.069351997,0.037658855,0.217241786,-0.921832490,0.085971958,-0.376804169,0.029194190,190,11
1403636878.151666403,-0.092857115,0.030619003,0.214368100,-0.920911024,0.098550280,-0.376540775,0.020682674,173,11
1403636878.201666594,-0.114636523,0.019509657,0.211398691,-0.919306040,0.110875331,-0.377361591,0.013464565,172,11
1403636878.251666546,-0.137029793,0.005590819,0.208717388,-0.917343383,0.123617898,-0.378372303,0.005842354,152,11
1403636878.301666498,-0.157570367,-0.011543312,0.206139819,-0.914874796,0.137119520,-0.379738870,0.000857613,174,11
1403636878.351666451,-0.176601127,-0.031792076,0.203861973,0.912058790,-0.151110738,0.381180267,0.003988975,189,11
1403636878.401666403,-0.195219841,-0.055189286,0.202453459,0.909363755,-0.164840704,0.381815189,0.010112583,172,11
1403636878.451666594,-0.210677669,-0.081423194,0.201627927,0.906690446,-0.178343253,0.381854240,0.017130615,162,11
1403636878.501666546,-0.222998069,-0.110215965,0.202316211,0.904175021,-0.190190972,0.381621353,0.025691802,159,11
1403636878.551666498,-0.231703998,-0.140399152,0.204005702,0.901289662,-0.202424986,0.381491029,0.034141844,173,11
1403636878.601666451,-0.237311290,-0.171860802,0.206556009,0.898589372,-0.212799666,0.381243308,0.043669008,162,11
1403636878.651666403,-0.238614378,-0.203890144,0.210170595,0.895597932,-0.222376968,0.381693211,0.052565406,147,11
1403636878.701666594,-0.237232111,-0.236441502,0.214601944,0.892854573,-0.229890134,0.382142205,0.062678332,169,11
1403636878.751666546,-0.233591081,-0.268525954,0.219632548,0.890043437,-0.235441735,0.383689895,0.071916163,179,11
1403636878.801666498,-0.225920765,-0.298954728,0.223963369,0.887087289,-0.240665125,0.385945346,0.078756779,177,11
1403636878.851666451,-0.214222264,-0.328139868,0.227451074,0.885070003,-0.244036386,0.387373100,0.083901216,175,11
1403636878.901666403,-0.202897899,-0.355699354,0.229720686,0.883793773,-0.247007206,0.387991044,0.085784365,157,11
1403636878.951666594,-0.189770525,-0.381290501,0.232210086,0.883394928,-0.248803767,0.387587021,0.086523913,156,11
1403636879.001666546,-0.174875214,-0.403821397,0.234011219,0.883748978,-0.249441169,0.386375779,0.086490489,172,11
1403636879.051666498,-0.158159929,-0.424009931,0.236170640,0.883590209,-0.250160513,0.386434934,0.085767725,177,11
1403636879.101666451,-0.139048762,-0.440987392,0.239239858,0.882591976,-0.249529087,0.389273720,0.085044751,157,11
1403636879.151666403,-0.118578709,-0.454430523,0.243137662,0.880628271,-0.247560324,0.395211383,0.083759763,158,11
1403636879.201666594,-0.096860811,-0.464988261,0.247394123,0.878296503,-0.244218378,0.402423402,0.083714050,152,11
1403636879.251666546,-0.074046116,-0.471663667,0.251475589,0.876541186,-0.238833643,0.409391902,0.083858870,133,11
1403636879.301666498,-0.051376999,-0.473853521,0.255005083,0.875032445,-0.232737908,0.416328972,0.082592211,145,11
1403636879.351666451,-0.029275660,-0.472069538,0.258777086,0.874896946,-0.223171620,0.422206480,0.080569542,141,11
1403636879.401666403,-0.007940396,-0.466000410,0.262036701,0.875287789,-0.212838444,0.427383067,0.076907719,158,11
1403636879.451666594,0.012266476,-0.455267655,0.265071046,0.876839006,-0.199586268,0.431623568,0.070850365,146,11
1403636879.501666546,0.030411626,-0.440360559,0.267861795,0.878824565,-0.185976886,0.434728907,0.063959044,147,11
1403636879.551666498,0.046727622,-0.422194737,0.270233134,0.881675968,-0.171603667,0.435896346,0.056515871,139,11
1403636879.601666451,0.060011629,-0.399931532,0.273210820,0.884124863,-0.159303890,0.436646101,0.047808795,134,11
1403636879.651666403,0.071005210,-0.375041002,0.276556523,0.886057841,-0.148475353,0.437494023,0.038151707,152,11
1403636879.701666594,0.079050721,-0.347416207,0.280050375,0.887898929,-0.138640508,0.437740003,0.028248741,127,11
1403636879.751666546,0.084467769,-0.318098388,0.283281175,0.889845694,-0.129572460,0.437084396,0.018516172,133,11
1403636879.801666498,0.086693032,-0.287953090,0.285381548,0.892195508,-0.120597782,0.435132417,0.010155261,150,11
1403636879.851666451,0.085618222,-0.258151424,0.286454824,0.894647016,-0.113347709,0.432147196,0.002795592,124,11
1403636879.901666403,0.080383823,-0.229466215,0.286934736,-0.897384450,0.106951707,-0.428085725,0.002256678,154,11
1403636879.951666594,0.071071101,-0.202448861,0.287480564,-0.899843876,0.102643690,-0.423907775,0.006889928,163,11
1403636880.001666546,0.058241045,-0.178720077,0.288019557,-0.902163316,0.099017882,-0.419758351,0.009986795,184,11
1403636880.051666498,0.041917922,-0.159354316,0.288381711,-0.903983694,0.096226878,-0.416404694,0.012688578,195,11
1403636880.101666451,0.023249416,-0.145274735,0.289127080,-0.905300891,0.095064328,-0.413786503,0.013183342,206,11
1403636880.151666403,0.002634255,-0.136692770,0.290082645,-0.905939637,0.095068588,-0.412418370,0.012100687,199,11
1403636880.201666594,-0.019608869,-0.133213214,0.290687002,-0.905502830,0.099332167,-0.412461867,0.008541350,185,11
1403636880.251666546,-0.043087475,-0.134165062,0.291691270,-0.904190780,0.105624169,-0.413854263,0.002686573,184,11
1403636880.301666498,-0.067274230,-0.138597660,0.291922129,0.902180732,-0.115200570,0.415658405,0.005181239,164,11
1403636880.351666451,-0.092255322,-0.144861701,0.292895753,0.899782508,-0.125755331,0.417583365,0.014183417,158,11
1403636880.401666403,-0.117526706,-0.152142313,0.295160963,0.897157754,-0.136405186,0.419405393,0.024509320,184,11
1403636880.451666594,-0.143877950,-0.158062585,0.298460215,0.894316746,-0.147776168,0.420866669,0.035085733,162,11
1403636880.501666546,-0.169266665,-0.161899516,0.302984382,0.891828221,-0.157655604,0.421663821,0.044573050,158,11
1403636880.551666498,-0.194848123,-0.162391009,0.307075165,0.889745733,-0.167933964,0.421053024,0.053526299,151,11
1403636880.601666451,-0.218112860,-0.160058770,0.311424201,0.888866784,-0.175479130,0.418906479,0.060334720,163,11
1403636880.651666403,-0.240789769,-0.153436535,0.315033721,0.888941937,-0.182335523,0.415154039,0.064676992,168,11
1403636880.701666594,-0.260837594,-0.143238749,0.318278524,0.889979596,-0.187155729,0.410477535,0.066462358,179,11
1403636880.751666546,-0.278282772,-0.129782834,0.320884777,0.891175903,-0.191109472,0.406032832,0.066483225,175,11
1403636880.801666498,-0.292605790,-0.113716356,0.322789253,0.892450135,-0.192442223,0.402929917,0.064391214,174,11
1403636880.851666451,-0.303051338,-0.096010539,0.324181753,0.893492378,-0.191716497,0.401557100,0.060564426,170,11
1403636880.901666403,-0.309685917,-0.077037696,0.325334361,0.894025338,-0.188291928,0.402690662,0.055723195,158,11
1403636880.951666594,-0.312299830,-0.057892512,0.325980430,0.893692010,-0.183397855,0.406256813,0.051334396,135,11
1403636881.001666546,-0.310678140,-0.039376690,0.326973035,0.892705706,-0.177131139,0.411567458,0.048096872,163,11
1403636881.051666498,-0.305497170,-0.021530354,0.328108787,0.891338579,-0.169410459,0.418057467,0.045206075,149,11
1403636881.101666451,-0.296737536,-0.004653218,0.329012228,0.890146274,-0.159925020,0.424649500,0.041670157,145,11
1403636881.151666403,-0.286250803,0.012095069,0.329535424,0.889442276,-0.149736853,0.430351051,0.035627033,138,11
1403636881.201666594,-0.272852193,0.027428232,0.330333298,0.889135710,-0.138753802,0.435227729,0.027602438,150,11
1403636881.251666546,-0.257765207,0.040465303,0.331408580,0.889365005,-0.127011789,0.438792390,0.018950754,157,11
1403636881.301666498,-0.240107728,0.049745423,0.332862000,0.889748911,-0.115557849,0.441427682,0.011612907,168,11
1403636881.351666451,-0.220908109,0.054961522,0.334278166,0.890308059,-0.104488989,0.443158545,0.006642010,163,11
1403636881.401666403,-0.199634788,0.056226021,0.335535897,0.890690342,-0.095558675,0.444440463,0.003453880,182,11
1403636881.451666594,-0.176921086,0.053012134,0.336496946,0.890776655,-0.086738483,0.446077020,0.002946120,179,11
1403636881.501666546,-0.153958211,0.046612016,0.337185595,0.890107035,-0.079969185,0.448663727,0.003905728,165,11
1403636881.551666498,-0.130495078,0.035744646,0.337703420,0.889268326,-0.072353822,0.451579536,0.006533820,139,11
1403636881.601666451,-0.107070008,0.021420481,0.337942795,0.888204845,-0.067028709,0.454456428,0.008286188,176,11
1403636881.651666403,-0.084535929,0.003546108,0.337657836,0.887709242,-0.060279610,0.456325559,0.010278850,159,11
1403636881.701666594,-0.062108088,-0.017875326,0.336122233,0.887575173,-0.055697850,0.457109048,0.012624598,150,11
1403636881.751666546,-0.041370054,-0.041582222,0.334162760,0.888210639,-0.052320618,0.456208444,0.014773912,134,11
1403636881.801666498,-0.021648141,-0.067625125,0.331254099,0.888866438,-0.052053546,0.454831554,0.018306842,171,11
1403636881.851666451,-0.003969103,-0.094267797,0.327930658,0.889300137,-0.055185878,0.453491003,0.021111484,172,11
1403636881.901666403,0.010645565,-0.121197288,0.323821135,0.889745412,-0.060210169,0.451890224,0.022870547,180,11
1403636881.951666594,0.021867439,-0.148298470,0.319675092,0.890051767,-0.065962456,0.450399461,0.024436289,160,11
1403636882.001666546,0.029803494,-0.175130528,0.315347732,0.889781041,-0.072764236,0.449822259,0.025592980,168,11
1403636882.051666498,0.034406421,-0.201571405,0.310649456,0.889066843,-0.078828846,0.450102508,0.027457136,162,11
1403636882.101666451,0.035211522,-0.226218936,0.305225440,0.888103533,-0.085042793,0.450747312,0.029439759,164,11
1403636882.151666403,0.032511863,-0.248800959,0.298597782,0.887015996,-0.090004701,0.451749043,0.032009043,147,11
1403636882.201666594,0.027316854,-0.268505102,0.291080095,0.885601209,-0.095014630,0.453205003,0.035887952,168,11
1403636882.251666546,0.019818800,-0.284409438,0.283506372,0.883904905,-0.098972119,0.455314973,0.040061382,161,11
1403636882.301666498,0.010312786,-0.295805783,0.275553466,0.882226365,-0.101666054,0.457712815,0.042890950,172,11
1403636882.351666451,0.000243748,-0.302345862,0.267566818,0.880776159,-0.103005404,0.460202329,0.042860957,163,11
1403636882.401666403,-0.010354310,-0.304347700,0.259432023,0.879967942,-0.101873713,0.462112859,0.041591742,180,11
1403636882.451666594,-0.019763873,-0.302001439,0.251541914,0.879210598,-0.100928729,0.464119373,0.037354034,172,11
1403636882.501666546,-0.027238881,-0.296662638,0.243760783,0.878708869,-0.098509946,0.465944723,0.032588781,193,11
1403636882.551666498,-0.031278178,-0.289249669,0.237024813,0.877833688,-0.095480465,0.468600759,0.026548558,195,11
1403636882.601666451,-0.031795646,-0.281081404,0.230864190,0.876100654,-0.091237122,0.472890973,0.022306024,204,11
1403636882.651666403,-0.028487284,-0.272654726,0.225593668,0.872662111,-0.086455117,0.480283985,0.017710087,194,11
1403636882.701666594,-0.021885871,-0.263779841,0.220430790,0.867062906,-0.080352301,0.491528073,0.012065602,187,11
1403636882.751666546,-0.012645845,-0.254881655,0.214612610,0.860091233,-0.071758164,0.505049524,0.004337666,163,11
1403636882.801666498,-0.001374255,-0.246782539,0.207248312,-0.852585882,0.061616354,-0.518934026,0.002866130,169,11
1403636882.851666451,0.010233740,-0.238948712,0.198565468,-0.845257254,0.050789280,-0.531839188,0.010377919,197,11
1403636882.901666403,0.022383956,-0.231533451,0.188656051,-0.839359688,0.040522625,-0.541783960,0.017417580,193,11
1403636882.951666594,0.034454806,-0.224158420,0.177202245,-0.835829541,0.030423330,-0.547528059,0.026008147,179,11
1403636883.001666546,0.045930108,-0.217042442,0.164879061,-0.834533280,0.020494953,-0.549501394,0.034385741,181,11
1403636883.051666498,0.056993000,-0.210284286,0.152578551,-0.834719211,0.010641576,-0.548942436,0.042341442,182,11
1403636883.101666451,0.067605577,-0.204686040,0.140747360,-0.834191569,0.001893211,-0.549509592,0.046476345,195,11
1403636883.151666403,0.077791704,-0.199500012,0.129349986,-0.832868988,-0.006309298,-0.551317715,0.048355126,186,11
1403636883.201666594,0.087394132,-0.194669280,0.118294282,-0.830355453,-0.013583446,-0.554967238,0.048339172,204,11
1403636883.251666546,0.096044631,-0.190125599,0.107626476,-0.827613857,-0.019750139,-0.558833492,0.048686391,198,11
1403636883.301666498,0.103398667,-0.185721785,0.097778173,-0.825127173,-0.023969961,-0.562111463,0.051198557,211,11
1403636883.351666451,0.109923168,-0.182447155,0.088967277,-0.823468505,-0.026888600,-0.564234596,0.053065474,197,11
1403636883.401666403,0.115723951,-0.179679653,0.081305053,-0.822028008,-0.028698545,-0.565970306,0.055892399,152,11
1403636883.451666594,0.120262246,-0.177890129,0.075420100,-0.820086346,-0.031075613,-0.568448722,0.057954654,180,11
1403636883.501666546,0.123792800,-0.176544047,0.071044711,-0.817398297,-0.034042330,-0.571869292,0.060552925,171,11
1403636883.551666498,0.127074826,-0.175259319,0.067661803,-0.813967200,-0.037519692,-0.576302735,0.062648445,164,11
1403636883.601666451,0.129430172,-0.174194558,0.064875652,-0.810824385,-0.041109624,-0.580224647,0.064908972,155,11
1403636883.651666403,0.132114132,-0.172959078,0.061823630,-0.808916542,-0.044651725,-0.582325300,0.067509225,171,11
1403636883.701666594,0.134223683,-0.172535941,0.059549640,-0.808255968,-0.049420113,-0.582854044,0.067535962,185,11
1403636883.751666546,0.135838932,-0.171858246,0.057861894,-0.807978677,-0.051689330,-0.582883254,0.068889648,162,11
1403636883.801666498,0.137166646,-0.171642007,0.055979374,-0.807829344,-0.053316282,-0.582816729,0.069955595,185,11
1403636883.851666451,0.138397081,-0.171203460,0.053928987,-0.807315127,-0.052770813,-0.582971680,0.074843479,164,11
1403636883.901666403,0.139359038,-0.171312443,0.051767602,-0.806723371,-0.054313362,-0.583282197,0.077648823,181,11
1403636883.951666594,0.140365932,-0.171399446,0.050107232,-0.806337833,-0.055789037,-0.583649128,0.077849712,186,11
1403636884.001666546,0.141220180,-0.171195084,0.049526853,-0.804293974,-0.057749410,-0.586147610,0.078785711,146,11
1403636884.051666498,0.141529814,-0.171410448,0.049054972,-0.802077498,-0.059086921,-0.588741295,0.081019197,183,11
1403636884.101666451,0.141609670,-0.171997142,0.048197717,-0.800056158,-0.059635615,-0.590982950,0.084219300,179,11
1403636884.151666403,0.141468228,-0.172773313,0.048135243,-0.798770220,-0.061405629,-0.592842963,0.082053062,171,11
1403636884.201666594,0.141423974,-0.172815799,0.048206341,-0.796653377,-0.062451943,-0.595668649,0.081375745,148,11
1403636884.251666546,0.141053820,-0.172651677,0.048485024,-0.794934204,-0.062685160,-0.598124544,0.079982573,164,11
1403636884.301666498,0.140468784,-0.172157041,0.048485166,-0.794182320,-0.062193512,-0.599114681,0.080423930,184,11
1403636884.351666451,0.140187487,-0.171712816,0.048562011,-0.793748986,-0.061886187,-0.599615657,0.081201675,162,11
1403636884.401666403,0.140092498,-0.171647463,0.048487722,-0.793691650,-0.061617032,-0.599677956,0.081506161,184,11
1403636884.451666594,0.140128059,-0.171820288,0.048544375,-0.793629934,-0.062206292,-0.599791587,0.080820526,165,11
1403636884.501666546,0.140079606,-0.171871433,0.048566470,-0.793660543,-0.062213782,-0.599778354,0.080612125,174,11
1403636884.551666498,0.140120327,-0.171771201,0.048562105,-0.793709885,-0.062036407,-0.599675915,0.081024069,181,11
1403636884.601666451,0.140000655,-0.171726602,0.048652119,-0.793557524,-0.062070401,-0.599864171,0.081096841,142,11
1403636884.651666403,0.140145307,-0.171794512,0.048573892,-0.793819397,-0.061913426,-0.599532476,0.081106734,182,11
1403636884.701666594,0.140030052,-0.171770636,0.048587136,-0.793791549,-0.062028405,-0.599558068,0.081102264,178,11
1403636884.751666546,0.140061147,-0.171773561,0.048562877,-0.793862322,-0.061819476,-0.599461970,0.081279233,171,11
1403636884.801666498,0.140085558,-0.171856402,0.048589781,-0.793834303,-0.062097292,-0.599521249,0.080903011,148,11
1403636884.851666451,0.140080027,-0.171732408,0.048600833,-0.793844087,-0.061801240,-0.599473111,0.081388951,164,11
1403636884.901666403,0.140103665,-0.171842578,0.048630647,-0.793848550,-0.062076950,-0.599499785,0.080937881,184,11
1403636884.951666594,0.140050833,-0.171715926,0.048642556,-0.793875082,-0.061851975,-0.599439871,0.081292854,162,11
1403636885.001666546,0.140052833,-0.171755569,0.048654196,-0.793902033,-0.062019608,-0.599414344,0.081089918,184,11
1403636885.051666498,0.140052875,-0.171738642,0.048675070,-0.793900875,-0.061954855,-0.599414685,0.081148204,165,11
1403636885.101666451,0.140015629,-0.171705789,0.048677769,-0.793889477,-0.061894085,-0.599431258,0.081183667,174,11
1403636885.151666403,0.140058072,-0.171761743,0.048677253,-0.793953961,-0.061966621,-0.599366273,0.080977262,181,11
1403636885.201666594,0.140015435,-0.171656720,0.048669538,-0.793924257,-0.061838002,-0.599387668,0.081208126,142,11
1403636885.251666546,0.140067132,-0.171719454,0.048648375,-0.793940418,-0.061947304,-0.599384630,0.080988942,182,11
1403636885.301666498,0.140061497,-0.171683003,0.048621402,-0.793929330,-0.061903447,-0.599384890,0.081129139,178,11
1403636885.351666451,0.140127266,-0.171689461,0.048585625,-0.793964498,-0.061911578,-0.599350787,0.081030651,171,11
1403636885.401666403,0.140124937,-0.171711162,0.048500739,-0.793909027,-0.061887420,-0.599429986,0.081006768,148,11
1403636885.451666594,0.140149907,-0.171728129,0.048460037,-0.793872860,-0.061879762,-0.599477753,0.081013582,164,11
1403636885.501666546,0.140169656,-0.171732917,0.048393536,-0.793896965,-0.061902880,-0.599446841,0.080988435,184,11
1403636885.551666498,0.140144496,-0.171735053,0.048373155,-0.793916057,-0.061910912,-0.599424229,0.080962506,162,11
1403636885.601666451,0.140068741,-0.171742492,0.048378817,-0.793867205,-0.061935718,-0.599486763,0.080959551,184,11
1403636885.651666403,0.140068161,-0.171751380,0.048331294,-0.793910139,-0.062047366,-0.599432084,0.080857852,165,11
1403636885.701666594,0.140162467,-0.171688651,0.048269402,-0.793963519,-0.061879880,-0.599353838,0.081041890,174,11
1403636885.751666546,0.140163303,-0.171711859,0.048255060,-0.793874048,-0.062026080,-0.599475398,0.080907406,181,11
1403636885.801666498,0.140262898,-0.171715667,0.048171771,-0.793939525,-0.061901348,-0.599392694,0.080973153,142,11
1403636885.851666451,0.140218045,-0.171686491,0.048181303,-0.793849918,-0.062029588,-0.599515076,0.080847462,182,11
1403636885.901666403,0.140234322,-0.171663289,0.048102329,-0.793975865,-0.061863209,-0.599340351,0.081033409,178,11
1403636885.951666594,0.140172601,-0.171716764,0.048118699,-0.793896164,-0.062099015,-0.599465105,0.080710476,171,11
1403636886.001666546,0.140184178,-0.171602962,0.048063821,-0.793925060,-0.061858859,-0.599403059,0.081070665,148,11
1403636886.051666498,0.140182191,-0.171651963,0.048036559,-0.793922446,-0.062008093,-0.599419891,0.080857527,164,11
1403636886.101666451,0.140154572,-0.171666832,0.048047234,-0.793917181,-0.061934058,-0.599426863,0.080914262,184,11
1403636886.151666403,0.140118811,-0.171674771,0.048015114,-0.793882687,-0.061929539,-0.599470437,0.080933347,162,11
1403636886.201666594,0.140147322,-0.171720621,0.047959848,-0.793910941,-0.062008165,-0.599442427,0.080803357,184,11
1403636886.251666546,0.140094435,-0.171685530,0.047973464,-0.793865425,-0.061925801,-0.599485721,0.080992297,165,11
1403636886.301666498,0.140147934,-0.171773030,0.047904441,-0.793875572,-0.062083234,-0.599486573,0.080765690,174,11
1403636886.351666451,0.140166465,-0.171739953,0.047848256,-0.793898680,-0.061967049,-0.599435173,0.081008918,181,11
1403636886.401666403,0.140165710,-0.171801196,0.047827806,-0.793857522,-0.062076586,-0.599494772,0.080887269,142,11
1403636886.451666594,0.140166305,-0.171841932,0.047782436,-0.793876633,-0.062104136,-0.599470533,0.080858199,182,11
1403636886.501666546,0.140153249,-0.171831222,0.047797679,-0.793828698,-0.062114103,-0.599524883,0.080918171,178,11
1403636886.551666498,0.140195358,-0.171858485,0.047766394,-0.793836179,-0.062115248,-0.599519661,0.080882587,171,11
1403636886.601666451,0.140127508,-0.171854739,0.047732947,-0.793829431,-0.062151482,-0.599523897,0.080889579,148,11
1403636886.651666403,0.140169126,-0.171873345,0.047701052,-0.793826894,-0.062141479,-0.599525912,0.080907228,164,11
1403636886.701666594,0.140165343,-0.171889420,0.047663453,-0.793839379,-0.062170011,-0.599511880,0.080866779,184,11
1403636886.751666546,0.140162718,-0.171874923,0.047651610,-0.793849238,-0.062157187,-0.599491720,0.080929291,162,11
1403636886.801666498,0.140106594,-0.171882677,0.047650248,-0.793807900,-0.062224866,-0.599546978,0.080873393,184,11
1403636886.851666451,0.140095380,-0.171879110,0.047640748,-0.793847854,-0.062215347,-0.599493416,0.080885598,165,11
1403636886.901666403,0.140074207,-0.171864278,0.047639488,-0.793824459,-0.062237323,-0.599515082,0.080937697,174,11
1403636886.951666594,0.140091388,-0.171887537,0.047614202,-0.793814178,-0.062258378,-0.599537730,0.080854539,181,11
1403636887.001666546,0.140092742,-0.171877839,0.047571238,-0.793804043,-0.062283099,-0.599555882,0.080800376,142,11
1403636887.051666498,0.140088233,-0.171853133,0.047528790,-0.793806091,-0.062237546,-0.599547612,0.080876684,182,11
1403636887.101666451,0.140078502,-0.171872309,0.047514566,-0.793796362,-0.062273999,-0.599563175,0.080828730,178,11
1403636887.151666403,0.140041363,-0.171858239,0.047512075,-0.793815694,-0.062209681,-0.599534991,0.080897435,171,11
1403636887.201666594,0.140023329,-0.171845755,0.047490654,-0.793797421,-0.062259492,-0.599558666,0.080862951,148,11
1403636887.251666546,0.140001315,-0.171829625,0.047466325,-0.793802890,-0.062243049,-0.599551397,0.080875809,164,11
1403636887.301666498,0.139991122,-0.171836836,0.047451137,-0.793799389,-0.062218971,-0.599561917,0.080850717,184,11
1403636887.351666451,0.139957593,-0.171809689,0.047422913,-0.793774806,-0.062203670,-0.599594448,0.080862590,162,11
1403636887.401666403,0.139987682,-0.171837268,0.047375301,-0.793821039,-0.062274667,-0.599541426,0.080747152,184,11
1403636887.451666594,0.139966931,-0.171792431,0.047368264,-0.793797319,-0.062219967,-0.599563494,0.080858569,165,11
1403636887.501666546,0.140010951,-0.171838928,0.047342611,-0.793831117,-0.062315447,-0.599526379,0.080728336,174,11
1403636887.551666498,0.140014727,-0.171812643,0.047349955,-0.793831281,-0.062278835,-0.599516092,0.080831300,181,11
1403636887.601666451,0.140044402,-0.171815217,0.047355407,-0.793791288,-0.062275310,-0.599576422,0.080779272,142,11
1403636887.651666403,0.140072474,-0.171802733,0.047346004,-0.793798487,-0.062289719,-0.599569681,0.080747454,182,11
1403636887.701666594,0.140077213,-0.171782981,0.047337951,-0.793795733,-0.062269635,-0.599567343,0.080807349,178,11
1403636887.751666546,0.140073213,-0.171817848,0.047329029,-0.793823004,-0.062331365,-0.599537315,0.080714602,171,11
1403636887.801666498,0.140044283,-0.171815330,0.047304118,-0.793804027,-0.062271829,-0.599552048,0.080837664,148,11
1403636887.851666451,0.140062306,-0.171880584,0.047292360,-0.793779630,-0.062353486,-0.599595741,0.080690080,164,11
1403636887.901666403,0.140066146,-0.171845451,0.047270304,-0.793825992,-0.062260676,-0.599529694,0.080796340,184,11
1403636887.951666594,0.140073625,-0.171879489,0.047259379,-0.793818468,-0.062323700,-0.599543352,0.080720291,162,11
1403636888.001666546,0.140070923,-0.171868963,0.047227767,-0.793855271,-0.062270992,-0.599493001,0.080772975,184,11
1403636888.051666498,0.140049802,-0.171877685,0.047211052,-0.793821292,-0.062341280,-0.599535497,0.080737280,166,11
1403636888.101666451,0.140029662,-0.171871945,0.047186715,-0.793811836,-0.062319704,-0.599540852,0.080807114,175,11
1403636888.151666403,0.140015237,-0.171889141,0.047158508,-0.793794295,-0.062345927,-0.599566353,0.080769988,181,11
1403636888.201666594,0.140009564,-0.171880719,0.047115735,-0.793779586,-0.062333230,-0.599578756,0.080832250,142,11
1403636888.251666546,0.140021840,-0.171905619,0.047082329,-0.793774115,-0.062355852,-0.599583265,0.080835076,182,11
1403636888.301666498,0.140022168,-0.171923297,0.047056212,-0.793751189,-0.062364180,-0.599613551,0.080829125,178,11
1403636888.351666451,0.140008860,-0.171940842,0.047028686,-0.793748279,-0.062354351,-0.599612665,0.080871852,171,11
1403636888.401666403,0.140042150,-0.171971916,0.046998374,-0.793779756,-0.062412896,-0.599580497,0.080756153,148,11
1403636888.451666594,0.140020752,-0.171968214,0.046984286,-0.793787894,-0.062339219,-0.599561798,0.080871828,164,11
1403636888.501666546,0.140029910,-0.172014186,0.046995197,-0.793787300,-0.062406670,-0.599571312,0.080755004,184,11
1403636888.551666498,0.140015190,-0.171974707,0.047007262,-0.793776305,-0.062366507,-0.599579879,0.080830471,162,11
1403636888.601666451,0.140056027,-0.171940022,0.047025966,-0.793734015,-0.062354953,-0.599651816,0.080720954,180,11
1403636888.651666403,0.140092978,-0.171890832,0.047013605,-0.793708787,-0.062265822,-0.599692769,0.080733588,163,11
1403636888.701666594,0.140110951,-0.171802546,0.046998117,-0.793588263,-0.062466489,-0.599835648,0.080701932,172,11
1403636888.751666546,0.140065278,-0.171778088,0.046921853,-0.793524443,-0.062430844,-0.599931018,0.080648141,176,11
1403636888.801666498,0.140042424,-0.171781192,0.046769046,-0.793553121,-0.062665072,-0.599858883,0.080720839,153,11
1403636888.851666451,0.140003504,-0.171837339,0.046670684,-0.793650654,-0.062418129,-0.599773853,0.080584998,193,11
1403636888.901666403,0.139948403,-0.171761015,0.046645279,-0.793711800,-0.062273868,-0.599692400,0.080700487,188,11
1403636888.951666594,0.139881806,-0.171775424,0.046660178,-0.793617755,-0.062399496,-0.599821591,0.080568114,178,11
1403636889.001666546,0.139675894,-0.171625943,0.046727259,-0.793552978,-0.062463135,-0.599843243,0.080994516,155,11
1403636889.051666498,0.139722421,-0.171662388,0.046735988,-0.793567140,-0.062446077,-0.599869732,0.080672094,171,11
1403636889.101666451,0.139811497,-0.171587661,0.046753157,-0.793641123,-0.062227760,-0.599790443,0.080702536,190,11
1403636889.151666403,0.139883498,-0.171447547,0.046769148,-0.793622177,-0.062342208,-0.599802730,0.080709196,172,11
1403636889.201666594,0.139868228,-0.171436974,0.046723180,-0.793700643,-0.062212687,-0.599710259,0.080724697,188,11
1403636889.251666546,0.139903706,-0.171521464,0.046703102,-0.793715187,-0.062110511,-0.599695275,0.080771675,173,11
1403636889.301666498,0.140012174,-0.171618487,0.046699084,-0.793682447,-0.062122621,-0.599738161,0.080765656,180,11
1403636889.351666451,0.140042378,-0.171664557,0.046701767,-0.793625620,-0.062234184,-0.599796715,0.080803350,168,11
1403636889.401666403,0.140020371,-0.171718992,0.046721020,-0.793608366,-0.062533532,-0.599770625,0.080935261,147,11
1403636889.451666594,0.139986623,-0.171823830,0.046722386,-0.793606083,-0.062376667,-0.599802175,0.080844833,184,11
1403636889.501666546,0.139988480,-0.171930059,0.046710649,-0.793634767,-0.062489284,-0.599779466,0.080644518,181,11
1403636889.551666498,0.140058840,-0.171912405,0.046718689,-0.793623389,-0.062382808,-0.599799744,0.080688101,171,11
1403636889.601666451,0.140112561,-0.171931487,0.046792687,-0.793616367,-0.062331663,-0.599858417,0.080359849,145,11
1403636889.651666403,0.140105148,-0.171830889,0.046821890,-0.793544268,-0.062326042,-0.599913803,0.080662185,172,11
1403636889.701666594,0.140061282,-0.171830950,0.046844185,-0.793482792,-0.062570084,-0.600006855,0.080385438,190,11
1403636889.751666546,0.140042344,-0.171748762,0.046811277,-0.793473806,-0.062433718,-0.600023513,0.080455790,176,11
1403636889.801666498,0.139948777,-0.171725826,0.046800386,-0.793470978,-0.062714792,-0.599995676,0.080472677,188,11
1403636889.851666451,0.139938145,-0.171853769,0.046772326,-0.793500164,-0.062463362,-0.599989384,0.080427340,173,11
1403636889.901666403,0.139892006,-0.171924472,0.046772306,-0.793543158,-0.062339655,-0.599946761,0.080417081,180,11
1403636889.951666594,0.139874726,-0.171957871,0.046751530,-0.793511525,-0.062728588,-0.599935511,0.080510660,167,11
1403636890.001666546,0.139825030,-0.172013310,0.046689731,-0.793588889,-0.062603999,-0.599841103,0.080548526,152,11
1403636890.051666498,0.139804816,-0.172108400,0.046671219,-0.793672690,-0.062318207,-0.599787840,0.080340825,186,11
1403636890.101666451,0.139757984,-0.172092763,0.046744805,-0.793554320,-0.061972058,-0.599985569,0.080301447,185,11
1403636890.151666403,0.139712837,-0.172018083,0.046857435,-0.793315852,-0.062230253,-0.600264060,0.080376696,175,11
1403636890.201666594,0.139712268,-0.171915040,0.046851471,-0.793216175,-0.062623227,-0.600312322,0.080694155,144,11
1403636890.251666546,0.139613085,-0.171834534,0.046809748,-0.793319173,-0.063026808,-0.600126052,0.080752911,170,11
1403636890.301666498,0.139549184,-0.171830481,0.046707132,-0.793573192,-0.063022624,-0.599783292,0.080806806,188,11
1403636890.351666451,0.139519083,-0.171908817,0.046638822,-0.793748515,-0.062750992,-0.599605588,0.080614810,174,11
1403636890.401666403,0.139522113,-0.172001971,0.046646160,-0.793710655,-0.062329438,-0.599739481,0.080318068,187,11
1403636890.451666594,0.139586821,-0.172044066,0.046686300,-0.793481023,-0.061978084,-0.600099018,0.080173266,172,11
1403636890.501666546,0.139672723,-0.172046504,0.046772092,-0.793226618,-0.062117893,-0.600417212,0.080200197,179,11
1403636890.551666498,0.139716102,-0.172003240,0.046796252,-0.793081202,-0.062522621,-0.600530808,0.080472841,167,11
1403636890.601666451,0.139771677,-0.171948349,0.046778256,-0.793165492,-0.063042130,-0.600349984,0.080585911,153,11
1403636890.651666403,0.139837179,-0.171898480,0.046745779,-0.793413088,-0.063195520,-0.599985264,0.080744539,187,11
1403636890.701666594,0.139900360,-0.171908171,0.046699518,-0.793611669,-0.063070435,-0.599751080,0.080630520,186,11
1403636890.751666546,0.139975036,-0.171922657,0.046716896,-0.793672858,-0.062734458,-0.599726176,0.080475443,176,11
1403636890.801666498,0.140021781,-0.171922443,0.046764624,-0.793509522,-0.062392938,-0.599995079,0.080347154,145,11
1403636890.851666451,0.140073687,-0.171898216,0.046793665,-0.793349732,-0.062420559,-0.600213408,0.080272914,171,11
1403636890.901666403,0.140057818,-0.171807097,0.046747349,-0.793306994,-0.062631250,-0.600218787,0.080490673,189,11
1403636890.951666594,0.140127985,-0.171893314,0.046643716,-0.793369853,-0.062765170,-0.600124298,0.080471346,175,11
1403636891.001666546,0.140175821,-0.171947274,0.046576637,-0.793359491,-0.062766017,-0.600103089,0.080730587,188,11
1403636891.051666498,0.140294001,-0.172105473,0.046522792,-0.793417081,-0.062850282,-0.600041577,0.080556092,173,11
1403636891.101666451,0.140318189,-0.172139644,0.046499729,-0.793369660,-0.062803394,-0.600104267,0.080592709,180,11
1403636891.151666403,0.140304834,-0.172164805,0.046473338,-0.793310151,-0.062815022,-0.600187101,0.080552605,167,11
1403636891.201666594,0.140265547,-0.172199205,0.046442392,-0.793298292,-0.062837251,-0.600209406,0.080485833,153,11
1403636891.251666546,0.140255399,-0.172171699,0.046441930,-0.793298402,-0.062847522,-0.600200166,0.080545611,187,11
1403636891.301666498,0.140306190,-0.172183589,0.046410902,-0.793322254,-0.062890702,-0.600172967,0.080479630,186,11
1403636891.351666451,0.140255786,-0.172166658,0.046407898,-0.793279755,-0.062886758,-0.600225648,0.080508739,176,11
1403636891.401666403,0.140068859,-0.172132293,0.046440219,-0.793247810,-0.062881550,-0.600279389,0.080426847,145,11
1403636891.451666594,0.140074358,-0.172117534,0.046461940,-0.793255104,-0.062868823,-0.600265202,0.080470723,171,11
1403636891.501666546,0.140063260,-0.172112821,0.046477405,-0.793256941,-0.062913942,-0.600256875,0.080479469,189,11
1403636891.551666498,0.140026435,-0.172105162,0.046496555,-0.793282732,-0.062918916,-0.600222714,0.080476145,175,11
1403636891.601666451,0.139996473,-0.172108684,0.046503686,-0.793304754,-0.062925323,-0.600191636,0.080485844,188,11
1403636891.651666403,0.139978079,-0.172080467,0.046493775,-0.793312449,-0.062860719,-0.600189393,0.080477210,173,11
1403636891.701666594,0.139956403,-0.172077952,0.046454490,-0.793277160,-0.062878671,-0.600238479,0.080444942,180,11
1403636891.751666546,0.139938789,-0.172087989,0.046436114,-0.793261884,-0.062895817,-0.600258274,0.080434475,167,11
1403636891.801666498,0.139892623,-0.172086092,0.046410991,-0.793243168,-0.062874639,-0.600280801,0.080467489,153,11
1403636891.851666451,0.139864899,-0.172126897,0.046393325,-0.793238589,-0.062985417,-0.600290468,0.080353790,187,11
1403636891.901666403,0.139813681,-0.172109496,0.046377668,-0.793223037,-0.062897638,-0.600301368,0.080494518,186,11
1403636891.951666594,0.139792790,-0.172107372,0.046343064,-0.793234291,-0.062929422,-0.600299918,0.080369495,176,11
1403636892.001666546,0.139827864,-0.172059438,0.046283641,-0.793222554,-0.062885254,-0.600318613,0.080380271,145,11
1403636892.051666498,0.139831141,-0.172028062,0.046257704,-0.793214349,-0.062899092,-0.600328553,0.080376175,171,11
1403636892.101666451,0.139853651,-0.172036350,0.046212688,-0.793223671,-0.062906248,-0.600314572,0.080383003,189,11
1403636892.151666403,0.139875374,-0.172001722,0.046185881,-0.793210696,-0.062872193,-0.600328911,0.080430581,175,11
1403636892.201666594,0.139914603,-0.172018643,0.046181804,-0.793237382,-0.062911951,-0.600303050,0.080329262,188,11
1403636892.251666546,0.139925678,-0.172002585,0.046197901,-0.793224615,-0.062921811,-0.600318172,0.080334599,173,11
1403636892.301666498,0.140013227,-0.172084707,0.046201656,-0.793266619,-0.063035546,-0.600294337,0.080008123,180,11
1403636892.351666451,0.139945287,-0.171979271,0.046245878,-0.793200282,-0.062873742,-0.600367567,0.080243321,167,11
1403636892.401666403,0.139971022,-0.172001905,0.046256223,-0.793216341,-0.062741672,-0.600372398,0.080151752,153,11
1403636892.451666594,0.139945690,-0.171976423,0.046271713,-0.793093944,-0.062878238,-0.600530516,0.080071363,187,11
1403636892.501666546,0.139934846,-0.171969889,0.046226496,-0.793153582,-0.062818087,-0.600445136,0.080168091,186,11
1403636892.551666498,0.139904911,-0.171997978,0.046209402,-0.793193354,-0.062857425,-0.600392451,0.080138335,176,11
1403636892.601666451,0.139815688,-0.171991369,0.046192466,-0.793144822,-0.062866695,-0.600447553,0.080198548,145,11
1403636892.651666403,0.139863233,-0.172052018,0.046148787,-0.793201613,-0.062835864,-0.600374365,0.080208960,171,11
1403636892.701666594,0.139849555,-0.172072352,0.046120769,-0.793136642,-0.062894555,-0.600457062,0.080186402,189,11
1403636892.751666546,0.139889377,-0.172080688,0.046126169,-0.793187186,-0.062909960,-0.600391834,0.080162773,175,11
1403636892.801666498,0.139916910,-0.172041200,0.046168934,-0.793128862,-0.063026749,-0.600454706,0.080177196,188,11
1403636892.851666451,0.139985312,-0.172002544,0.046127520,-0.793210102,-0.062979961,-0.600351372,0.080184088,173,11
1403636892.901666403,0.140046542,-0.171988090,0.046102775,-0.793248800,-0.062987318,-0.600299216,0.080185975,180,11
1403636892.951666594,0.140050218,-0.171966643,0.046108323,-0.793199766,-0.063043867,-0.600359160,0.080177809,167,11
1403636893.001666546,0.140036894,-0.171994736,0.046087564,-0.793142391,-0.063071117,-0.600437460,0.080137627,153,11
1403636893.051666498,0.139982153,-0.171970321,0.046064443,-0.793144790,-0.063009188,-0.600430496,0.080214731,187,11
1403636893.101666451,0.139948298,-0.171971342,0.046045887,-0.793109974,-0.063060115,-0.600481177,0.080139554,186,11
1403636893.151666403,0.139924150,-0.171953871,0.046039219,-0.793105317,-0.062998929,-0.600485363,0.080202362,176,11
1403636893.201666594,0.139884639,-0.171953085,0.046007130,-0.793126306,-0.062998400,-0.600462963,0.080162926,145,11
1403636893.251666546,0.139856965,-0.171921625,0.045959906,-0.793128178,-0.063042924,-0.600453460,0.080180586,171,11
1403636893.301666498,0.139840260,-0.171902891,0.045939505,-0.793126345,-0.062991315,-0.600462381,0.080172467,189,11
1403636893.351666451,0.139787485,-0.171910731,0.045981457,-0.793103524,-0.063008439,-0.600484693,0.080217636,175,11
1403636893.401666403,0.139783681,-0.171950554,0.046013854,-0.793154726,-0.063002745,-0.600423053,0.080177252,188,11
1403636893.451666594,0.139795478,-0.171969292,0.046035650,-0.793099873,-0.063010367,-0.600493486,0.080186394,173,11
1403636893.501666546,0.139875497,-0.171992957,0.046049819,-0.793159249,-0.063011007,-0.600417235,0.080169585,180,11
1403636893.551666498,0.139912859,-0.172003112,0.046042762,-0.793138043,-0.063072051,-0.600443635,0.080133661,167,11
1403636893.601666451,0.139953996,-0.172024187,0.045993212,-0.793159016,-0.063019352,-0.600422425,0.080126449,153,11
1403636893.651666403,0.139948576,-0.172024554,0.045963217,-0.793088017,-0.063170634,-0.600499971,0.080128981,187,11
1403636893.701666594,0.139949103,-0.172037104,0.045937951,-0.793148613,-0.063136527,-0.600419953,0.080155704,186,11
1403636893.751666546,0.139935123,-0.172052589,0.045959248,-0.793108109,-0.063179669,-0.600467548,0.080165960,176,11
1403636893.801666498,0.139929721,-0.172051110,0.045972948,-0.793183647,-0.063108136,-0.600367330,0.080225519,145,11
1403636893.851666451,0.139925665,-0.172079545,0.045983058,-0.793167873,-0.063191973,-0.600384308,0.080188422,171,11
1403636893.901666403,0.139901774,-0.172095097,0.045967551,-0.793182755,-0.063086702,-0.600361911,0.080291722,189,11
1403636893.951666594,0.139862485,-0.172110714,0.045988676,-0.793186902,-0.063117902,-0.600347127,0.080336767,175,11
1403636894.001666546,0.139862770,-0.172111025,0.045986016,-0.793182900,-0.063039238,-0.600362110,0.080326074,188,11
1403636894.051666498,0.139882466,-0.172113562,0.045977453,-0.793157963,-0.063076255,-0.600389453,0.080338890,173,11
1403636894.101666451,0.139869272,-0.172075654,0.045973402,-0.793207494,-0.063004783,-0.600340922,0.080268586,180,11
1403636894.151666403,0.139885052,-0.172041234,0.045972554,-0.793170151,-0.063038153,-0.600379292,0.080324394,167,11
1403636894.201666594,0.139898579,-0.172014926,0.045966606,-0.793152001,-0.063030883,-0.600411596,0.080267845,153,11
1403636894.251666546,0.139936874,-0.171970465,0.045950313,-0.793173874,-0.062972199,-0.600380652,0.080329204,187,11
1403636894.301666498,0.139949773,-0.171957600,0.045928451,-0.793115676,-0.063004572,-0.600466396,0.080237492,186,11
1403636894.351666451,0.139945466,-0.171922621,0.045916702,-0.793163202,-0.063001332,-0.600396775,0.080291225,176,11
1403636894.401666403,0.139938234,-0.171948214,0.045900789,-0.793168878,-0.063030803,-0.600395584,0.080220897,145,11
1403636894.451666594,0.139927901,-0.171954833,0.045855600,-0.793169947,-0.062981141,-0.600392458,0.080272710,171,11
1403636894.501666546,0.139885566,-0.171992167,0.045834245,-0.793140023,-0.063078393,-0.600417974,0.080301161,189,11
1403636894.551666498,0.139879309,-0.171994472,0.045791395,-0.793123777,-0.063026307,-0.600454958,0.080225948,175,11
1403636894.601666451,0.139875607,-0.171986558,0.045785697,-0.793155418,-0.062997601,-0.600415460,0.080231290,188,11
1403636894.651666403,0.139900086,-0.171980062,0.045789182,-0.793142571,-0.063023802,-0.600428969,0.080236628,173,11
1403636894.701666594,0.139921768,-0.171965472,0.045820014,-0.793097887,-0.063006589,-0.600482498,0.080291220,180,11
1403636894.751666546,0.139988587,-0.171982030,0.045813782,-0.793100077,-0.063033230,-0.600481651,0.080255009,167,11
1403636894.801666498,0.140039077,-0.172015792,0.045816112,-0.793122637,-0.062982880,-0.600456710,0.080258195,153,11
1403636894.851666451,0.140102427,-0.172020162,0.045822832,-0.793128039,-0.062995377,-0.600456181,0.080198951,187,11
1403636894.901666403,0.140153228,-0.172039078,0.045828015,-0.793104146,-0.062917966,-0.600520647,0.080013097,186,11
1403636894.951666594,0.140180618,-0.171989346,0.045804124,-0.793116235,-0.062896037,-0.600489652,0.080143020,176,11
1403636895.001666546,0.140111501,-0.171975000,0.045791359,-0.793115581,-0.062980508,-0.600490245,0.080078682,145,11
1403636895.051666498,0.140124857,-0.171971714,0.045796452,-0.793154802,-0.062990376,-0.600423192,0.080185174,171,11
1403636895.101666451,0.140093550,-0.172020227,0.045810593,-0.793141838,-0.063000788,-0.600443224,0.080155227,189,11
1403636895.151666403,0.140072260,-0.172086314,0.045826668,-0.793052287,-0.063156836,-0.600567345,0.079988423,175,11
1403636895.201666594,0.140061717,-0.172065724,0.045831136,-0.793087976,-0.062962746,-0.600522513,0.080124066,188,11
1403636895.251666546,0.140033816,-0.172095347,0.045842033,-0.793085533,-0.063065873,-0.600533397,0.079985444,173,11
1403636895.301666498,0.139934225,-0.172049842,0.045848769,-0.793056783,-0.062986855,-0.600560083,0.080132278,180,11
1403636895.351666451,0.139895404,-0.172070388,0.045864695,-0.793086097,-0.063051317,-0.600536572,0.079967492,167,11
1403636895.401666403,0.139850725,-0.172016382,0.045863277,-0.793081280,-0.063000465,-0.600537637,0.080047302,153,11
1403636895.451666594,0.139856805,-0.172015457,0.045882557,-0.793071032,-0.063054626,-0.600556752,0.079962739,187,11
1403636895.501666546,0.139855665,-0.171973925,0.045881805,-0.793027946,-0.063026737,-0.600604322,0.080054698,186,11
1403636895.551666498,0.139858361,-0.171983559,0.045880448,-0.793064834,-0.063000764,-0.600570687,0.079962007,176,11
1403636895.601666451,0.139884574,-0.171969304,0.045868197,-0.793094373,-0.062997640,-0.600518048,0.080066767,145,11
1403636895.651666403,0.139868297,-0.171969881,0.045904513,-0.793040583,-0.063159073,-0.600588817,0.079941462,171,11
1403636895.701666594,0.139878957,-0.171942107,0.045874628,-0.793050186,-0.063067833,-0.600570936,0.080052496,189,11
1403636895.751666546,0.139811158,-0.171884556,0.045826310,-0.793015030,-0.063169671,-0.600616318,0.079979955,175,11
1403636895.801666498,0.139849460,-0.171829117,0.045790867,-0.792980919,-0.063146123,-0.600670126,0.079932647,188,11
1403636895.851666451,0.139891948,-0.171787459,0.045761041,-0.792973505,-0.063166366,-0.600669828,0.079992425,173,11
1403636895.901666403,0.139951199,-0.171865470,0.045759450,-0.793001329,-0.063263789,-0.600624251,0.079981836,180,11
1403636895.951666594,0.139863974,-0.171878169,0.045795031,-0.792982501,-0.063342295,-0.600640239,0.079986315,167,11
1403636896.001666546,0.139770500,-0.171889034,0.045794346,-0.793034114,-0.063306275,-0.600580201,0.079953934,153,11
1403636896.051666498,0.139679167,-0.172019498,0.045759887,-0.793238149,-0.063326890,-0.600305791,0.079974382,187,11
1403636896.101666451,0.139662145,-0.172091181,0.045715538,-0.793512624,-0.063317570,-0.599922065,0.080138114,186,11
1403636896.151666403,0.139744243,-0.172198007,0.045647763,-0.793849469,-0.063319835,-0.599469188,0.080189224,176,11
1403636896.201666594,0.140016605,-0.172339160,0.045603609,-0.794213989,-0.063212372,-0.598976155,0.080348625,145,11
1403636896.251666546,0.140036340,-0.172383143,0.045631015,-0.794221729,-0.063283016,-0.598961208,0.080327927,171,11
1403636896.301666498,0.140062190,-0.172309114,0.045762892,-0.794108596,-0.063423749,-0.599110781,0.080219940,189,11
1403636896.351666451,0.140060749,-0.172231017,0.045863781,-0.793885809,-0.063410564,-0.599417170,0.080146609,175,11
1403636896.401666403,0.140201788,-0.172268057,0.045813608,-0.793708054,-0.063565811,-0.599643944,0.080087784,187,11
1403636896.451666594,0.140665367,-0.172354314,0.045719750,-0.793559191,-0.063656799,-0.599848546,0.079958382,172,11
1403636896.501666546,0.140653532,-0.172375880,0.045612868,-0.793483538,-0.063629282,-0.599938850,0.080053519,179,11
1403636896.551666498,0.140693619,-0.172341462,0.045456849,-0.793475053,-0.063644956,-0.599954856,0.080005193,167,11
1403636896.601666451,0.140781742,-0.172192204,0.045409228,-0.793470457,-0.063645046,-0.599964926,0.079975184,152,11
1403636896.651666403,0.140836678,-0.172071726,0.045425313,-0.793510324,-0.063614758,-0.599891044,0.080157737,186,11
1403636896.701666594,0.140984022,-0.172189392,0.045353683,-0.793730494,-0.063718954,-0.599598027,0.080087481,185,11
1403636896.751666546,0.141226801,-0.172282084,0.045283017,-0.794031852,-0.063681184,-0.599168679,0.080343137,175,11
1403636896.801666498,0.140951794,-0.172233685,0.045444281,-0.793907045,-0.063823744,-0.599324023,0.080304728,144,11
1403636896.851666451,0.141237553,-0.172192779,0.045563516,-0.793687012,-0.063685870,-0.599618193,0.080393151,170,11
1403636896.901666403,0.141503626,-0.172378620,0.045479650,-0.793886077,-0.064070778,-0.599347626,0.080138973,188,11
1403636896.951666594,0.141506377,-0.172355390,0.045291159,-0.793784560,-0.063996116,-0.599464527,0.080329633,174,11
1403636897.001666546,0.141313994,-0.172275684,0.045326473,-0.793343619,-0.064137312,-0.600033390,0.080325827,187,11
1403636897.051666498,0.140951906,-0.172292382,0.045495656,-0.793154683,-0.064807907,-0.600188253,0.080496246,172,11
1403636897.101666451,0.140185521,-0.172263286,0.045617741,-0.792973246,-0.066308700,-0.600171111,0.081186357,179,11
1403636897.151666403,0.138959961,-0.172194966,0.045700170,-0.792764537,-0.068323714,-0.600106247,0.082028963,166,11
1403636897.201666594,0.137724794,-0.172376690,0.045365828,-0.793162147,-0.069140151,-0.599352658,0.083005063,151,11
1403636897.251666546,0.136212245,-0.173200759,0.045343219,-0.793564280,-0.069145133,-0.598820853,0.082995597,185,11
1403636897.301666498,0.134169567,-0.174993241,0.045279833,-0.793990062,-0.068012047,-0.598489666,0.082245137,185,11
1403636897.351666451,0.131498966,-0.177858000,0.045492201,-0.794964062,-0.066288097,-0.597605915,0.080654818,173,11
1403636897.401666403,0.128035976,-0.182129308,0.045103243,-0.797248868,-0.065058755,-0.595138460,0.077277515,139,11
1403636897.451666594,0.123252647,-0.186691311,0.044895014,-0.799755766,-0.063599621,-0.592340777,0.074014915,164,11
1403636897.501666546,0.118190139,-0.191791703,0.044532449,-0.802397285,-0.062745123,-0.589369696,0.069749603,189,11
1403636897.551666498,0.112360599,-0.197060012,0.044250509,-0.805637749,-0.061328729,-0.585511184,0.066054968,175,11
1403636897.601666451,0.105497443,-0.202642933,0.044479081,-0.810399905,-0.061231087,-0.579415450,0.061485644,185,11
1403636897.651666403,0.097952091,-0.208628911,0.046102667,-0.815289872,-0.062093267,-0.572990147,0.055938737,175,11
1403636897.701666594,0.090128324,-0.215090650,0.049179721,-0.820852545,-0.063672047,-0.565360635,0.050143027,173,11
1403636897.751666546,0.082468287,-0.221466125,0.054135844,-0.825358077,-0.065726478,-0.558881536,0.045994607,164,11
1403636897.801666498,0.075642390,-0.227588165,0.060726201,-0.829131793,-0.067477656,-0.553320873,0.042699501,175,11
1403636897.851666451,0.069221255,-0.233469865,0.069010377,-0.832359179,-0.068776036,-0.548441307,0.040745387,186,11
1403636897.901666403,0.063980238,-0.238679840,0.078983145,-0.834479971,-0.070059664,-0.545124739,0.039671662,175,11
1403636897.951666594,0.060741827,-0.243207498,0.090560038,-0.832771351,-0.071184212,-0.547589971,0.039622069,172,11
1403636898.001666546,0.059229778,-0.247546409,0.101256682,-0.829294907,-0.072089306,-0.552671992,0.040333095,143,11
1403636898.051666498,0.058455328,-0.251021736,0.109577575,-0.825746584,-0.072720816,-0.557759489,0.041935832,162,11
1403636898.101666451,0.057984099,-0.253975444,0.115694011,-0.823119776,-0.073219197,-0.561370718,0.044448858,189,11
1403636898.151666403,0.058014581,-0.256837341,0.121118711,-0.821308064,-0.073981672,-0.563788477,0.046068740,178,11
1403636898.201666594,0.058524978,-0.259294674,0.126851761,-0.820000292,-0.075091276,-0.565418893,0.047563600,190,11
1403636898.251666546,0.059866079,-0.261295668,0.133538954,-0.819515372,-0.076627927,-0.565833658,0.048528215,189,11
1403636898.301666498,0.061730747,-0.263150246,0.141354001,-0.819258444,-0.077848716,-0.565959187,0.049450773,182,11
1403636898.351666451,0.066350401,-0.264361215,0.150371091,-0.819388201,-0.079457975,-0.565468918,0.050341926,180,11
1403636898.401666403,0.069508669,-0.265292711,0.159662728,-0.819142395,-0.080843589,-0.565500729,0.051758830,175,11
1403636898.451666594,0.072838705,-0.265723112,0.169654663,-0.819384424,-0.082242401,-0.564809156,0.053253835,187,11
1403636898.501666546,0.076632752,-0.265893450,0.180072106,-0.819545782,-0.083284816,-0.564246438,0.055084559,180,11
1403636898.551666498,0.080919555,-0.265984273,0.190683873,-0.819413433,-0.084262401,-0.564166142,0.056374092,187,11
1403636898.601666451,0.085924989,-0.266009568,0.201783653,-0.819620035,-0.085962421,-0.563594889,0.056517788,145,11
1403636898.651666403,0.090485510,-0.265835161,0.211801681,-0.819551656,-0.087283039,-0.563473605,0.056694354,151,11
1403636898.701666594,0.095787489,-0.265076410,0.221445228,-0.819867105,-0.088516150,-0.562804838,0.056864184,166,11
1403636898.751666546,0.101816900,-0.264081012,0.230701952,-0.820065333,-0.088952350,-0.562329095,0.058019977,152,11
1403636898.801666498,0.108202002,-0.262873223,0.239430052,-0.819806072,-0.089333383,-0.562511051,0.059320051,151,11
1403636898.851666451,0.115125740,-0.261404875,0.247425256,-0.820151610,-0.088963013,-0.561883430,0.061024010,156,11
1403636898.901666403,0.122449747,-0.259756372,0.255010575,-0.820724863,-0.088400521,-0.560928833,0.062887938,134,11
1403636898.951666594,0.130578276,-0.258087440,0.261919933,-0.821168195,-0.087001087,-0.560123809,0.066143206,152,11
1403636899.001666546,0.139509339,-0.256602283,0.268055252,-0.821594521,-0.084268790,-0.559559591,0.069096153,159,11
1403636899.051666498,0.149254611,-0.255716550,0.273860935,-0.821463588,-0.080667294,-0.560102674,0.070536202,157,11
1403636899.101666451,0.159560345,-0.255684851,0.279481286,-0.821005520,-0.075881662,-0.561523842,0.069877633,158,11
1403636899.151666403,0.171080073,-0.256500204,0.284958580,-0.820098003,-0.071141317,-0.563891957,0.066362936,183,11
1403636899.201666594,0.183052483,-0.258105580,0.290541545,-0.818453145,-0.065666368,-0.567507785,0.061296758,159,11
1403636899.251666546,0.195054245,-0.260502114,0.295982585,-0.815623710,-0.057938088,-0.572909737,0.056352238,151,11
1403636899.301666498,0.206841202,-0.263553641,0.301108974,-0.813231057,-0.049218145,-0.577668018,0.050323787,180,11
1403636899.351666451,0.218520405,-0.267512150,0.305573641,-0.810929242,-0.039745403,-0.582254713,0.042349921,176,11
1403636899.401666403,0.230560151,-0.271839122,0.310014058,-0.809316075,-0.029708572,-0.585661634,0.033546114,179,11
1403636899.451666594,0.240547232,-0.277150269,0.314062764,-0.808829364,-0.019077659,-0.587131989,0.026591933,167,11
1403636899.501666546,0.249531682,-0.282251856,0.316907673,-0.810544481,-0.007715038,-0.585172992,0.023036742,159,11
1403636899.551666498,0.257722686,-0.288067496,0.319462464,-0.813284694,0.001804215,-0.581514188,0.020149460,180,11
1403636899.601666451,0.265909066,-0.294420686,0.322135123,-0.815695992,0.009917282,-0.578126074,0.017661767,162,11
1403636899.651666403,0.274048609,-0.301003748,0.325015798,-0.817176625,0.016820804,-0.575925822,0.015775666,175,11
1403636899.701666594,0.282373814,-0.308766035,0.328093366,-0.818471894,0.021883450,-0.573979827,0.013116040,173,11
1403636899.751666546,0.291120812,-0.317362915,0.330963042,-0.819793068,0.026025577,-0.571976844,0.010221750,182,11
1403636899.801666498,0.300090318,-0.326657948,0.333547936,-0.820743026,0.028289890,-0.570560017,0.006468033,176,11
1403636899.851666451,0.308154976,-0.335792404,0.335077095,-0.821110440,0.028653076,-0.570047878,0.001436490,155,11
1403636899.901666403,0.317913323,-0.346552696,0.336483908,0.820874688,-0.028415445,0.570392142,0.003180108,178,11
1403636899.951666594,0.327990055,-0.357459378,0.337280518,0.819429762,-0.028032044,0.572453558,0.006781862,148,11
1403636900.001666546,0.338329624,-0.368809909,0.337453013,0.817467704,-0.027136833,0.575243711,0.010238059,170,11
1403636900.051666498,0.348482586,-0.379820999,0.336961338,0.815073159,-0.026923103,0.578612884,0.011748297,142,11
1403636900.101666451,0.358933666,-0.391590349,0.337725699,0.812374400,-0.026293444,0.582401002,0.012867082,144,11
1403636900.151666403,0.368678201,-0.403070551,0.340423257,0.809872557,-0.025784484,0.585878716,0.013701505,150,11
1403636900.201666594,0.377906985,-0.414367654,0.344973303,0.808682852,-0.024488389,0.587558194,0.014412924,148,11
1403636900.251666546,0.385628663,-0.425935489,0.351975693,0.808715073,-0.023385884,0.587546270,0.014913445,161,11
1403636900.301666498,0.393166830,-0.437007370,0.360998378,0.809524667,-0.022132729,0.586476199,0.015020768,150,11
1403636900.351666451,0.400235337,-0.447805007,0.372064417,0.811892514,-0.021601458,0.583255966,0.013281599,154,11
1403636900.401666403,0.406044516,-0.458623203,0.384773869,0.814401050,-0.020390016,0.579812293,0.012364562,154,11
1403636900.451666594,0.410383016,-0.468669859,0.396458639,0.816894774,-0.018987240,0.576361449,0.011397036,137,11
1403636900.501666546,0.415710007,-0.479350479,0.409138954,0.818391527,-0.017158268,0.574304144,0.010754170,150,11
1403636900.551666498,0.420978373,-0.489539888,0.420815559,0.819529686,-0.016322114,0.572724771,0.009540342,153,11
1403636900.601666451,0.426964642,-0.500124635,0.431086985,0.820501643,-0.015284415,0.571378146,0.008393761,158,11
1403636900.651666403,0.433354269,-0.511772886,0.439232111,0.822521187,-0.014378889,0.568506636,0.007235204,161,11
1403636900.701666594,0.440836510,-0.523288266,0.445963028,0.825211553,-0.014291920,0.564614519,0.005663813,159,11
1403636900.751666546,0.447273492,-0.533922780,0.450445833,0.827760289,-0.013732726,0.560899399,0.004022409,144,11
1403636900.801666498,0.455419889,-0.544764225,0.453939599,0.829133439,-0.014327576,0.558865390,0.001391438,140,11
1403636900.851666451,0.464394956,-0.556831285,0.456959628,-0.828297636,0.015260428,-0.560079091,0.001247655,156,11
1403636900.901666403,0.474060343,-0.569444983,0.458834436,-0.827200391,0.017937418,-0.561581866,0.006600732,151,11
1403636900.951666594,0.485088985,-0.582369267,0.458975834,-0.825490148,0.019289908,-0.564003829,0.009674532,161,11
1403636901.001666546,0.496351271,-0.596056097,0.458527841,-0.823988502,0.020600586,-0.566114977,0.011506366,167,11
1403636901.051666498,0.507213133,-0.610100865,0.457381703,-0.823250784,0.021598195,-0.567107371,0.013449720,152,11
1403636901.101666451,0.519313315,-0.626048046,0.455235808,-0.822335490,0.022809764,-0.568334463,0.015491771,140,11
1403636901.151666403,0.531893651,-0.642869431,0.452135772,-0.821894714,0.023401482,-0.568924383,0.016324746,166,11
1403636901.201666594,0.544683084,-0.660829912,0.449044637,-0.821299457,0.023589747,-0.569768984,0.016553879,165,11
1403636901.251666546,0.557794806,-0.680018595,0.447445033,-0.821111826,0.022487632,-0.570130456,0.014864007,162,11
1403636901.301666498,0.569981355,-0.700562240,0.447418223,-0.820746216,0.020904253,-0.570771258,0.012602831,158,11
1403636901.351666451,0.581225192,-0.721719274,0.448595166,-0.820566584,0.019907685,-0.571099351,0.010940544,145,11
1403636901.401666403,0.595177733,-0.743930696,0.451369672,-0.820519996,0.018636966,-0.571246579,0.008771900,150,11
1403636901.451666594,0.610180232,-0.767096994,0.456644538,-0.820327771,0.017081693,-0.571605097,0.006178815,163,11
1403636901.501666546,0.625785401,-0.790681209,0.463127930,-0.820076642,0.015276471,-0.572039941,0.003352125,140,11
1403636901.551666498,0.641144594,-0.814640381,0.468824386,-0.820054074,0.013926106,-0.572115884,0.000891516,145,11
1403636901.601666451,0.656303919,-0.838280234,0.473260171,0.819611659,-0.013142546,0.572768616,0.000337781,153,11
1403636901.651666403,0.671586403,-0.861881323,0.476033601,0.818523146,-0.012664277,0.574332437,0.001314182,161,11
1403636901.701666594,0.687491841,-0.885640551,0.477022434,0.817769693,-0.012948825,0.575398407,0.001315774,143,11
1403636901.751666546,0.702839223,-0.909371578,0.475853815,-0.817259049,0.013700272,-0.576107565,0.000149064,151,11
1403636901.801666498,0.718037872,-0.933291390,0.473458714,0.817197030,-0.013661581,0.576196407,0.000274585,152,11
1403636901.851666451,0.734451030,-0.957432557,0.470541315,0.817283466,-0.013260492,0.576082735,0.000760497,161,11
1403636901.901666403,0.751355528,-0.980753969,0.465884773,0.817243408,-0.012943141,0.576146663,0.000842168,161,11
1403636901.951666594,0.765446499,-1.004642643,0.459877202,0.817400576,-0.012392473,0.575934537,0.001460876,145,11
1403636902.001666546,0.780474661,-1.028537717,0.453387089,0.817083445,-0.011539112,0.576400039,0.002118695,145,11
1403636902.051666498,0.795377790,-1.052351474,0.447614652,0.817072059,-0.010674238,0.576432032,0.002328701,178,11
1403636902.101666451,0.809537267,-1.076280157,0.443611317,0.816513985,-0.010312049,0.577228780,0.002347262,160,11
1403636902.151666403,0.825110220,-1.100007285,0.441069814,0.816614581,-0.009459579,0.577099194,0.002768005,159,11
1403636902.201666594,0.838979894,-1.122753267,0.439938950,0.816800096,-0.009142356,0.576841571,0.002796809,156,11
1403636902.251666546,0.853399244,-1.146266066,0.440041010,0.816863259,-0.010155791,0.576739199,0.001781215,150,11
1403636902.301666498,0.867302447,-1.170233936,0.439910753,0.816951334,-0.011552318,0.576590686,0.000493148,155,11
1403636902.351666451,0.881242709,-1.194196773,0.437587756,-0.817192301,0.012558919,-0.576228266,0.000053373,156,11
1403636902.401666403,0.894541418,-1.218490144,0.431379597,0.817573155,-0.013631118,0.575663380,0.000051495,150,11
1403636902.451666594,0.907566537,-1.243135946,0.421593225,0.817965030,-0.014203043,0.575091481,0.001128154,158,11
1403636902.501666546,0.920241704,-1.267665820,0.408823273,0.818377986,-0.014067908,0.574500148,0.003024155,185,11
1403636902.551666498,0.932969747,-1.292259146,0.394977167,0.817952152,-0.013600820,0.575092145,0.006190290,168,11
1403636902.601666451,0.944228421,-1.316428498,0.380599978,0.818414541,-0.012864358,0.574404384,0.009578651,160,11
1403636902.651666403,0.956599207,-1.340268006,0.367951077,0.817975184,-0.012068451,0.574979186,0.013034066,173,11
1403636902.701666594,0.969050431,-1.363491292,0.356629597,0.817412940,-0.012380880,0.575726284,0.014901191,165,11
1403636902.751666546,0.981802975,-1.386589919,0.347649930,0.816786364,-0.013010867,0.576570981,0.016020524,159,11
1403636902.801666498,0.994196114,-1.408107387,0.340611644,0.816701257,-0.014081669,0.576680182,0.015515520,161,11
1403636902.851666451,1.003410545,-1.430225076,0.335025010,0.815560404,-0.014198084,0.578305674,0.014906021,142,11
1403636902.901666403,1.014392069,-1.452021826,0.331638868,0.814371400,-0.014091854,0.580010544,0.013726276,144,11
1403636902.951666594,1.026656112,-1.473286647,0.330556932,0.813770293,-0.013549188,0.580882330,0.013040281,141,11
1403636903.001666546,1.037273934,-1.493706578,0.330731170,0.814481473,-0.013234248,0.579913024,0.012069376,129,11
1403636903.051666498,1.047733997,-1.514328677,0.332683902,0.814374573,-0.012894647,0.580091677,0.011019460,133,11
1403636903.101666451,1.058371829,-1.534262038,0.337489224,0.814962722,-0.012293058,0.579300468,0.009778045,164,11
1403636903.151666403,1.069743767,-1.553810475,0.345237612,0.815449111,-0.011630260,0.578644547,0.008830190,150,11
1403636903.201666594,1.081270903,-1.572975086,0.355150477,0.815863992,-0.011127186,0.578085623,0.007690536,147,11
1403636903.251666546,1.090422629,-1.593124336,0.365874147,0.816864995,-0.010087358,0.576698238,0.006997663,150,11
1403636903.301666498,1.099500326,-1.612242249,0.378246062,0.817520383,-0.008708166,0.575787887,0.007273299,150,11
1403636903.351666451,1.108581803,-1.631319951,0.390391052,0.818165093,-0.007595651,0.574882006,0.007672413,157,11
1403636903.401666403,1.117686368,-1.649971265,0.401094986,0.818496668,-0.005693244,0.574414836,0.008853648,163,11
1403636903.451666594,1.128434398,-1.667184216,0.410515836,0.819097579,-0.004571298,0.573559505,0.009367714,147,11
1403636903.501666546,1.137586720,-1.685448812,0.417734336,0.818938936,-0.004070354,0.573790835,0.009302073,152,11
1403636903.551666498,1.146999471,-1.703198165,0.423377247,0.818960504,-0.003335857,0.573765348,0.009267746,150,11
1403636903.601666451,1.156335007,-1.719664410,0.426875519,0.819399610,-0.003239551,0.573149323,0.008581275,127,11
1403636903.651666403,1.164488680,-1.736958175,0.428970026,0.821055817,-0.003987508,0.570791426,0.006970931,127,11
1403636903.701666594,1.173531171,-1.753527960,0.429097755,0.822322648,-0.005194841,0.568979296,0.004586675,174,11
1403636903.751666546,1.183118895,-1.770123347,0.428294975,0.823927818,-0.005846454,0.566655815,0.003155567,163,11
1403636903.801666498,1.193758343,-1.786371936,0.428381574,0.824708971,-0.007697701,0.565504956,0.000055498,162,11
1403636903.851666451,1.205309328,-1.803198461,0.429241443,-0.825426324,0.009737796,-0.564416341,0.003279253,164,11
1403636903.901666403,1.217596276,-1.820105461,0.432718575,-0.824815525,0.010502517,-0.565287977,0.004306946,149,11
1403636903.951666594,1.230774884,-1.837040452,0.437787801,-0.823938234,0.012002669,-0.566510776,0.006874895,154,11
1403636904.001666546,1.243888013,-1.854503333,0.445062033,-0.822885183,0.012710862,-0.568012696,0.007745071,159,11
1403636904.051666498,1.258406738,-1.873648033,0.454157517,-0.821495918,0.013565347,-0.569979548,0.009151672,145,11
1403636904.101666451,1.272549208,-1.892432276,0.464178284,-0.820805107,0.014394651,-0.570939138,0.010013530,145,11
1403636904.151666403,1.286865218,-1.911918766,0.475831559,-0.820972897,0.015337937,-0.570649663,0.011278868,166,11
1403636904.201666594,1.299598794,-1.931244060,0.488175648,-0.820140509,0.016523893,-0.571782336,0.012706963,140,11
1403636904.251666546,1.312217763,-1.951096256,0.501230118,-0.819653144,0.016516377,-0.572502594,0.011692394,117,11
1403636904.301666498,1.325162432,-1.972787518,0.514368859,-0.819243344,0.017260738,-0.573055757,0.012227451,160,11
1403636904.351666451,1.338994399,-1.994887290,0.526185967,-0.818640554,0.017251354,-0.573930743,0.011555816,151,11
1403636904.401666403,1.352772198,-2.017896642,0.536848177,-0.818068686,0.017144762,-0.574777640,0.010017296,153,11
1403636904.451666594,1.366715128,-2.041742348,0.546271339,-0.817883183,0.015804353,-0.575118024,0.007521956,160,11
1403636904.501666546,1.380456458,-2.065576696,0.554666037,-0.817764623,0.016099090,-0.575287013,0.006833257,150,11
1403636904.551666498,1.394303992,-2.090002606,0.562065339,-0.817829242,0.015599746,-0.575229560,0.004788801,146,11
1403636904.601666451,1.408076121,-2.115085892,0.568641526,-0.817721846,0.014726305,-0.575418746,0.002717555,153,11
1403636904.651666403,1.422293157,-2.139221833,0.575021168,-0.818071953,0.014214366,-0.574940034,0.000434613,142,11
1403636904.701666594,1.438303854,-2.165421679,0.584708970,0.818208098,-0.014078387,0.574747394,0.001655157,147,11
1403636904.751666546,1.451962746,-2.191060005,0.590138740,0.818066798,-0.013868602,0.574946438,0.003312119,161,11
1403636904.801666498,1.465471176,-2.216499492,0.595869491,0.818108313,-0.013474465,0.574881430,0.005344940,138,11
1403636904.851666451,1.478823535,-2.241812633,0.600809577,0.818270130,-0.013287388,0.574635794,0.007151518,123,11
1403636904.901666403,1.492190204,-2.267237841,0.604050233,0.818586275,-0.012617720,0.574164437,0.009617827,161,11
1403636904.951666594,1.505902567,-2.292014583,0.605563969,0.818785470,-0.012388255,0.573849820,0.011544187,152,11
1403636905.001666546,1.519548522,-2.317004792,0.606216311,0.818589541,-0.012678498,0.574096241,0.012803343,147,11
1403636905.051666498,1.533336460,-2.341357215,0.605934870,0.818490916,-0.013664717,0.574209768,0.013001482,151,11
1403636905.101666451,1.547316655,-2.365179947,0.606048401,0.818097627,-0.013060009,0.574715124,0.015755483,146,11
1403636905.151666403,1.561571747,-2.388231652,0.607286641,0.817598010,-0.014083762,0.575392045,0.016097698,137,11
1403636905.201666594,1.576079761,-2.411344500,0.609239055,0.817580205,-0.013736894,0.575364407,0.018157780,151,11
1403636905.251666546,1.591969177,-2.433771776,0.612308981,0.818097264,-0.014051178,0.574582001,0.019363763,119,11
1403636905.301666498,1.604828411,-2.455426894,0.616856478,0.818597307,-0.014026456,0.573809347,0.021084150,139,11
1403636905.351666451,1.619011262,-2.476420769,0.622934922,0.819831504,-0.015039313,0.572011601,0.021280335,142,11
1403636905.401666403,1.633296734,-2.495446319,0.630480735,0.821253950,-0.014736571,0.569934761,0.022341688,121,11
1403636905.451666594,1.647627555,-2.513973321,0.639470357,0.821730905,-0.012746739,0.569276975,0.022793999,113,11
1403636905.501666546,1.662528395,-2.531914926,0.649907942,0.822278531,-0.009511116,0.568567286,0.022333803,150,11
1403636905.551666498,1.677447870,-2.548879581,0.660012954,0.822456705,-0.006144152,0.568360415,0.022218397,142,11
1403636905.601666451,1.692799418,-2.565494993,0.668707044,0.822524580,-0.002891561,0.568286931,0.022246753,163,11
1403636905.651666403,1.708319162,-2.581428024,0.675353574,0.822782543,-0.001198233,0.567999665,0.020095575,167,11
1403636905.701666594,1.723994669,-2.596589250,0.679800170,0.823149201,-0.000412275,0.567555427,0.017494581,166,11
1403636905.751666546,1.740383272,-2.610767402,0.682438545,0.822954006,0.000058067,0.567923865,0.014463212,154,11
1403636905.801666498,1.756880606,-2.624329970,0.682525869,0.823271488,0.000317740,0.567520106,0.012036878,168,11
1403636905.851666451,1.775380972,-2.637390322,0.680054898,0.823649955,0.000873402,0.567006003,0.010206989,138,11
1403636905.901666403,1.792813827,-2.650091106,0.677232300,0.824227169,0.001417727,0.566194139,0.008471161,160,11
1403636905.951666594,1.810344562,-2.661878829,0.673030370,0.825276002,0.001796646,0.564684489,0.006908019,161,11
1403636906.001666546,1.827850644,-2.672991703,0.667270931,0.826608516,0.002770957,0.562737039,0.006140618,144,11
1403636906.051666498,1.846014724,-2.683157927,0.660703899,0.827947868,0.004681031,0.560739587,0.007178534,135,11
1403636906.101666451,1.865476645,-2.693777999,0.653657805,0.828674447,0.005740814,0.559656307,0.007107887,170,11
1403636906.151666403,1.885528003,-2.703600296,0.647270050,0.828908679,0.006605868,0.559306963,0.006518161,144,11
1403636906.201666594,1.906878701,-2.713109992,0.643273085,0.827811743,0.007131718,0.560925441,0.006285465,162,11
1403636906.251666546,1.929121000,-2.721726145,0.641756301,0.825368448,0.007217765,0.564527708,0.004826598,165,11
1403636906.301666498,1.951783719,-2.729905055,0.641851307,0.822337521,0.006898577,0.568947413,0.003500178,160,11
1403636906.351666451,1.973933107,-2.737445302,0.643246040,0.819980528,0.005428727,0.572364881,0.000951261,145,11
1403636906.401666403,1.996279411,-2.744704923,0.646154674,-0.818300674,-0.003593385,-0.574775710,0.001994313,159,11
1403636906.451666594,2.018271961,-2.751971236,0.650039293,-0.817292985,0.000680499,-0.576166124,0.008019355,131,11
1403636906.501666546,2.040180540,-2.759450258,0.654691074,-0.817047609,0.004890928,-0.576384057,0.013809506,154,11
1403636906.551666498,2.061476720,-2.767194275,0.658844423,-0.817884469,0.007704483,-0.575050600,0.017956707,150,11
1403636906.601666451,2.082635124,-2.775606216,0.661885935,-0.819768585,0.009130591,-0.572289843,0.019504719,130,11
1403636906.651666403,2.102922159,-2.784320099,0.663879688,-0.820439973,0.008340684,-0.571379783,0.018270936,124,11
1403636906.701666594,2.124356390,-2.794738382,0.665011299,-0.820146451,0.005793224,-0.571941629,0.014457209,158,11
1403636906.751666546,2.145928585,-2.805611212,0.664735154,-0.819858666,0.002911725,-0.572468817,0.010136182,132,11
1403636906.801666498,2.167422229,-2.817332702,0.662783238,-0.820042818,-0.000032941,-0.572268597,0.006199018,150,11
1403636906.851666451,2.189154682,-2.829071375,0.659564886,-0.820287381,-0.002076417,-0.571933447,0.004053810,156,11
1403636906.901666403,2.211060193,-2.840624410,0.656230303,-0.820644444,-0.004503728,-0.571418521,0.001812643,156,11
1403636906.951666594,2.233158677,-2.851777499,0.654028918,-0.820676357,-0.006327879,-0.571357947,0.000609162,143,11
1403636907.001666546,2.254963503,-2.861970877,0.653400646,0.820779362,0.008150370,0.571187182,0.000114470,154,11
1403636907.051666498,2.279057149,-2.873310871,0.654536271,-0.820812842,-0.009047750,-0.571125522,0.000232794,138,11
1403636907.101666451,2.301636593,-2.883660900,0.656825334,-0.821464871,-0.009833874,-0.570174142,0.000456681,156,11
1403636907.151666403,2.324263882,-2.893612178,0.658993284,0.822697314,0.011267622,0.568367913,0.000293020,157,11
1403636907.201666594,2.347418391,-2.903231608,0.659698651,-0.824478400,-0.011564023,-0.565775030,0.000507358,141,11
1403636907.251666546,2.371155515,-2.911765977,0.658229192,-0.826277236,-0.011491783,-0.563144100,0.001609504,131,11
1403636907.301666498,2.395198607,-2.920551829,0.655064540,-0.827701081,-0.011781036,-0.561038373,0.002840950,162,11
1403636907.351666451,2.420149125,-2.928046931,0.651890701,-0.828195590,-0.010746617,-0.560308939,0.005519774,141,11
1403636907.401666403,2.445185397,-2.935678249,0.649309367,-0.828713393,-0.009132284,-0.559528788,0.008845873,156,11
1403636907.451666594,2.471525562,-2.942906442,0.648305405,-0.829207632,-0.007965054,-0.558771534,0.011208672,160,11
1403636907.501666546,2.498317684,-2.951125480,0.649573356,-0.828797298,-0.006061299,-0.559316328,0.014951397,158,11
1403636907.551666498,2.526082347,-2.959469575,0.653184101,-0.829248124,-0.003404539,-0.558555393,0.018757161,148,11
1403636907.601666451,2.554022757,-2.968809677,0.658491893,-0.828733205,-0.002986087,-0.559275382,0.020084962,143,11
1403636907.651666403,2.584667362,-2.979906123,0.665474229,-0.828563436,-0.001882455,-0.559474585,0.021616606,125,11
1403636907.701666594,2.615274244,-2.990219967,0.675153108,-0.828426717,-0.000859960,-0.559619394,0.023120769,148,11
1403636907.751666546,2.646121125,-3.002000458,0.686678170,-0.828176871,-0.000702659,-0.559968044,0.023629774,144,11
1403636907.801666498,2.677524635,-3.015175310,0.698125757,-0.828026541,0.000346268,-0.560136643,0.024877090,143,11
1403636907.851666451,2.708337104,-3.029233730,0.707241545,-0.827627281,0.000857592,-0.560695726,0.025547034,130,11
1403636907.901666403,2.740947562,-3.043367238,0.713795700,-0.826760844,0.000364497,-0.561990625,0.025157723,161,11
1403636907.951666594,2.774591843,-3.058949653,0.715870079,-0.824833472,-0.001849863,-0.564921931,0.022572873,144,11
1403636908.001666546,2.809782685,-3.074311661,0.715643761,-0.823348355,-0.004658937,-0.567194288,0.019142092,147,11
1403636908.051666498,2.845055665,-3.090240656,0.713897075,-0.821855098,-0.008655468,-0.569438892,0.014786109,172,11
1403636908.101666451,2.880590774,-3.106026066,0.712152491,-0.820274969,-0.010794725,-0.571709686,0.013434430,165,11
1403636908.151666403,2.915929113,-3.121907628,0.711805090,-0.819427588,-0.012626335,-0.572907093,0.012508655,156,11
1403636908.201666594,2.950314125,-3.137602573,0.713225731,-0.818018657,-0.014444900,-0.574881475,0.012170114,158,11
1403636908.251666546,2.982896424,-3.153366044,0.716077355,-0.817757454,-0.016108773,-0.575212716,0.011982722,152,11
1403636908.301666498,3.016412048,-3.169205371,0.717968979,-0.817546227,-0.017190060,-0.575472559,0.012409772,159,11
1403636908.351666451,3.049874525,-3.185207920,0.718796236,-0.817993847,-0.018697441,-0.574790145,0.012359655,142,11
1403636908.401666403,3.082563030,-3.200824605,0.718299885,-0.818207506,-0.019274570,-0.574440189,0.013543900,159,11
1403636908.451666594,3.114350268,-3.216189356,0.716595260,-0.818817869,-0.020191008,-0.573518923,0.014341027,138,11
1403636908.501666546,3.147080494,-3.230756545,0.713227714,-0.819329802,-0.020989249,-0.572736396,0.015203549,165,11
1403636908.551666498,3.179601244,-3.246351967,0.708505705,-0.819565382,-0.021778965,-0.572349009,0.015964760,153,11
1403636908.601666451,3.212248481,-3.261808164,0.704328195,-0.819836754,-0.022772761,-0.571903336,0.016603379,140,11
1403636908.651666403,3.245586020,-3.276975410,0.701876447,-0.820299698,-0.024299576,-0.571172512,0.016730156,150,11
1403636908.701666594,3.277992097,-3.291452445,0.700414526,-0.821251289,-0.024619123,-0.569762277,0.017639915,150,11
1403636908.751666546,3.310424071,-3.306164600,0.701800258,-0.822792489,-0.024642358,-0.567488740,0.019021135,147,11
1403636908.801666498,3.343638024,-3.320500422,0.706042472,-0.823934359,-0.024341306,-0.565781765,0.020752510,139,11
1403636908.851666451,3.378191548,-3.334782497,0.712070294,-0.825685487,-0.023426567,-0.563189415,0.022635293,145,11
1403636908.901666403,3.411999113,-3.348167226,0.720166377,-0.826899709,-0.023890000,-0.561387454,0.022589084,146,11
1403636908.951666594,3.447142531,-3.362182895,0.729928550,-0.827506809,-0.023797719,-0.560446896,0.023778710,117,11
1403636909.001666546,3.482844710,-3.376259665,0.740649373,-0.827529578,-0.023542827,-0.560385974,0.024659542,141,11
1403636909.051666498,3.518050323,-3.389736362,0.751330127,-0.827494168,-0.022489480,-0.560418276,0.026057262,130,11
1403636909.101666451,3.555311329,-3.403933554,0.761410108,-0.827997665,-0.021547097,-0.559654482,0.027247922,176,11
1403636909.151666403,3.592172221,-3.417938273,0.770366728,-0.827825331,-0.020697015,-0.559889583,0.028293293,160,11
1403636909.201666594,3.628985316,-3.433140389,0.776995904,-0.828117653,-0.020613371,-0.559483111,0.027836861,145,11
1403636909.251666546,3.667265603,-3.448576724,0.782643672,-0.828379828,-0.020343684,-0.559108023,0.027770732,153,11
1403636909.301666498,3.706236666,-3.464149528,0.787046133,-0.828541647,-0.019604235,-0.558885094,0.027961836,150,11
1403636909.351666451,3.745984044,-3.479961179,0.790425145,-0.827773877,-0.019500812,-0.560061822,0.027219163,159,11
1403636909.401666403,3.786051876,-3.495434878,0.792610300,-0.827164618,-0.019641030,-0.560999677,0.026311341,149,11
1403636909.451666594,3.827557253,-3.512051940,0.794104818,-0.825661276,-0.020174241,-0.563281687,0.024294008,144,11
1403636909.501666546,3.868483375,-3.528307126,0.793897857,-0.824107385,-0.020613140,-0.565606608,0.022611547,149,11
1403636909.551666498,3.909678653,-3.544187048,0.792173056,-0.823339863,-0.020151130,-0.566744063,0.022507081,125,11
1403636909.601666451,3.950395939,-3.560866058,0.788345585,-0.822797803,-0.018637080,-0.567561904,0.023019974,141,11
1403636909.651666403,3.991245361,-3.577090658,0.784001899,-0.821826160,-0.016155631,-0.568931370,0.025648680,111,11
1403636909.701666594,4.031751953,-3.595251714,0.777822839,-0.820429561,-0.014825317,-0.570957598,0.026133648,148,11
1403636909.751666546,4.072640302,-3.612981759,0.771072469,-0.817738031,-0.014883447,-0.574852590,0.025049850,138,11
1403636909.801666498,4.113485923,-3.631552361,0.762994254,-0.815688839,-0.017307209,-0.577855848,0.020851792,143,11
1403636909.851666451,4.153783664,-3.649795891,0.753607653,-0.813444197,-0.021203647,-0.581079131,0.014352258,143,11
1403636909.901666403,4.195067932,-3.668525297,0.743347858,-0.812346978,-0.026007757,-0.582550636,0.007123242,124,11
1403636909.951666594,4.234376872,-3.686087134,0.731679611,0.810192901,0.030832832,0.585351838,0.000161823,149,11
1403636910.001666546,4.272306985,-3.702368503,0.719054044,0.807739545,0.033958873,0.588538436,0.005111885,159,11
1403636910.051666498,4.308684426,-3.717205714,0.705211436,0.806226582,0.035293096,0.590514905,0.006726247,144,11
1403636910.101666451,4.344344228,-3.730489648,0.692361296,0.806701686,0.033490856,0.589996850,0.003803980,161,11
1403636910.151666403,4.379056019,-3.742092429,0.681003104,-0.808332797,-0.031318318,-0.587892092,0.000375580,143,11
1403636910.201666594,4.413871973,-3.753040640,0.670696698,-0.811404101,-0.028209880,-0.583779418,0.005401715,153,11
1403636910.251666546,4.449927569,-3.763183477,0.662881465,-0.813273346,-0.026889976,-0.581204334,0.008057068,119,11
1403636910.301666498,4.483818297,-3.772524850,0.657048020,-0.815220513,-0.025136752,-0.578497298,0.011159510,149,11
1403636910.351666451,4.517502232,-3.781781103,0.652713019,-0.817076704,-0.024091636,-0.575873483,0.013228169,142,11
1403636910.401666403,4.550385426,-3.790760786,0.650632100,-0.817877469,-0.024191982,-0.574706978,0.014250709,145,11
1403636910.451666594,4.583083903,-3.799031934,0.650026510,-0.818568320,-0.024999273,-0.573689562,0.014185465,144,11
1403636910.501666546,4.619383612,-3.811090538,0.649912824,-0.818584736,-0.025281346,-0.573618769,0.015536785,117,11
1403636910.551666498,4.653651288,-3.819462276,0.650685912,-0.819093485,-0.026317113,-0.572862380,0.014898524,125,11
1403636910.601666451,4.687430660,-3.827649456,0.650397867,-0.819046339,-0.027026723,-0.572904451,0.014599344,141,11
1403636910.651666403,4.719426318,-3.835986333,0.646408644,-0.819301101,-0.027314940,-0.572529118,0.014491683,122,11
1403636910.701666594,4.752698972,-3.843671793,0.642706139,-0.819144626,-0.027552477,-0.572734259,0.014778709,139,11
1403636910.751666546,4.785832577,-3.851335499,0.636715352,-0.819334425,-0.027219240,-0.572456905,0.015598209,124,11
1403636910.801666498,4.818613495,-3.858220470,0.629843961,-0.819508262,-0.026723165,-0.572215692,0.016164221,138,11
1403636910.851666451,4.851608170,-3.864730235,0.620641313,-0.819720771,-0.026094981,-0.571903838,0.017404299,108,11
1403636910.901666403,4.884147991,-3.870903393,0.611374735,-0.820080451,-0.024900401,-0.571384866,0.019166614,122,11
1403636910.951666594,4.916089529,-3.876470791,0.602375666,-0.818411089,-0.023767248,-0.573753659,0.021098488,118,11
1403636911.001666546,4.948510381,-3.883127733,0.594849772,-0.813841878,-0.022014519,-0.580169620,0.024082595,116,11
1403636911.051666498,4.981048882,-3.890117709,0.588626936,-0.809159406,-0.021253562,-0.586662499,0.025228033,126,11
1403636911.101666451,5.012821185,-3.897498966,0.583361739,-0.806415169,-0.021231256,-0.590413419,0.025608682,119,11
1403636911.151666403,5.042827440,-3.905436606,0.578664025,-0.807450092,-0.021459180,-0.589000125,0.025351642,117,11
1403636911.201666594,5.071805584,-3.913274615,0.575679963,-0.810072493,-0.022756966,-0.585423428,0.023325665,130,11
1403636911.251666546,5.100554149,-3.921057135,0.575051724,-0.813403830,-0.023299154,-0.580792725,0.022609066,120,11
1403636911.301666498,5.127269415,-3.929161093,0.576057078,-0.815740568,-0.024389148,-0.577528725,0.020810274,133,11
1403636911.351666451,5.152941796,-3.937895000,0.579198614,-0.817254669,-0.025710476,-0.575412173,0.018292306,123,11
1403636911.401666403,5.178405566,-3.946551773,0.585721733,-0.817357540,-0.025927964,-0.575259688,0.018184719,125,11
1403636911.451666594,5.201870066,-3.954256120,0.592450997,-0.817425029,-0.026372773,-0.575184969,0.016824095,120,11
1403636911.501666546,5.226101958,-3.961336702,0.600393151,-0.817951477,-0.026339768,-0.574444636,0.016581856,141,11
1403636911.551666498,5.250625269,-3.968605530,0.608378395,-0.818119645,-0.026797765,-0.574199627,0.016028530,135,11
1403636911.601666451,5.276902888,-3.975892539,0.615036012,-0.818400861,-0.026594000,-0.573806450,0.016091828,140,11
1403636911.651666403,5.302293956,-3.982578062,0.620610289,-0.818242884,-0.026865656,-0.574037554,0.015417704,140,11
1403636911.701666594,5.328596793,-3.989924284,0.624913574,-0.818378836,-0.026502155,-0.573844934,0.015990861,127,11
1403636911.751666546,5.355557596,-3.996568182,0.628062708,-0.818307077,-0.025476782,-0.573969173,0.016847865,125,11
1403636911.801666498,5.384827058,-4.003236150,0.630674211,-0.818598538,-0.022898634,-0.573560116,0.020022001,128,11
1403636911.851666451,5.411614132,-4.010244692,0.630909254,-0.818763478,-0.020616388,-0.573291494,0.023199005,131,11
1403636911.901666403,5.437659288,-4.017145391,0.628398376,-0.820452930,-0.016933796,-0.570792896,0.027671403,142,11
1403636911.951666594,5.466491644,-4.024966918,0.624923919,-0.821528304,-0.014029111,-0.569139126,0.031226342,133,11
1403636912.001666546,5.496133304,-4.032734832,0.621001037,-0.822041023,-0.013949877,-0.568436552,0.030558849,128,11
1403636912.051666498,5.523620531,-4.041275152,0.615195542,-0.821998726,-0.015169933,-0.568596164,0.028042289,107,11
1403636912.101666451,5.552035049,-4.050925145,0.609218826,-0.822095587,-0.014560017,-0.568471243,0.028058828,135,11
1403636912.151666403,5.579971019,-4.059750696,0.603900762,-0.821327274,-0.015578244,-0.569604114,0.027018166,122,11
1403636912.201666594,5.609949612,-4.069139357,0.601199924,-0.820834353,-0.016619532,-0.570371800,0.025115038,125,11
1403636912.251666546,5.638882527,-4.079179881,0.600310240,-0.819995389,-0.017476431,-0.571621844,0.023464955,138,11
1403636912.301666498,5.668122912,-4.089328278,0.601087123,-0.819286073,-0.019077935,-0.572683108,0.020986191,130,11
1403636912.351666451,5.696661086,-4.099150746,0.602621093,-0.819148682,-0.019095518,-0.572903824,0.020297944,127,11
1403636912.401666403,5.725222891,-4.109724677,0.604811144,-0.819303491,-0.018828438,-0.572699781,0.020055921,127,11
1403636912.451666594,5.753768160,-4.120489497,0.606310033,-0.819125914,-0.017102450,-0.572927520,0.022232869,129,11
1403636912.501666546,5.782719246,-4.131748111,0.606518863,-0.819223386,-0.014573226,-0.572729960,0.025319108,134,11
1403636912.551666498,5.811181331,-4.143691248,0.604600778,-0.819039680,-0.013965731,-0.573015462,0.025144387,136,11
1403636912.601666451,5.840182673,-4.155758419,0.601738517,-0.819341085,-0.012735795,-0.572573163,0.026037657,138,11
1403636912.651666403,5.867264511,-4.168885694,0.596205598,-0.818709562,-0.010690200,-0.573410694,0.028293980,121,11
1403636912.701666594,5.896330064,-4.181702785,0.590328718,-0.819064728,-0.008468158,-0.572818680,0.030659750,143,11
1403636912.751666546,5.924755956,-4.194553865,0.583105005,-0.818762257,-0.006018089,-0.573111988,0.033686779,130,11
1403636912.801666498,5.954095449,-4.209278979,0.574907356,-0.818504441,-0.004918395,-0.573411018,0.035015622,123,11
1403636912.851666451,5.983222292,-4.225040306,0.566128769,-0.818242328,-0.005136489,-0.573828040,0.034270810,152,11
1403636912.901666403,6.012380557,-4.241782053,0.556287961,-0.817811526,-0.006640881,-0.574579420,0.031602169,140,11
1403636912.951666594,6.039556431,-4.259471478,0.545355179,-0.816094377,-0.008445179,-0.577134763,0.028880992,137,11
1403636913.001666546,6.067363236,-4.277739194,0.533336221,-0.814367018,-0.010962112,-0.579699745,0.025187247,133,11
1403636913.051666498,6.094164121,-4.296577701,0.520145633,-0.812853790,-0.012537861,-0.581888510,0.022743796,151,11
1403636913.101666451,6.120300274,-4.315541809,0.507918591,-0.811493216,-0.014019732,-0.583826677,0.020703097,137,11
1403636913.151666403,6.145338519,-4.334974973,0.496679379,-0.810453760,-0.015563658,-0.585294095,0.018796214,145,11
1403636913.201666594,6.170027720,-4.354457642,0.487043380,-0.809096046,-0.016432077,-0.587182180,0.017625594,142,11
1403636913.251666546,6.194350117,-4.373752393,0.479375107,-0.809346197,-0.016993543,-0.586833838,0.017204616,126,11
1403636913.301666498,6.218735508,-4.393390427,0.474114103,-0.809755339,-0.017441842,-0.586272582,0.016629259,146,11
1403636913.351666451,6.242267348,-4.412907897,0.469897522,-0.811639532,-0.016179741,-0.583630191,0.018849055,143,11
1403636913.401666403,6.265413616,-4.431905797,0.468441073,-0.813184662,-0.014758259,-0.581435647,0.021106565,151,11
1403636913.451666594,6.288371355,-4.451735209,0.468170809,-0.814688934,-0.012500114,-0.579228764,0.024894308,167,11
1403636913.501666546,6.311060026,-4.472133786,0.468140963,-0.815523218,-0.011410005,-0.578048545,0.025525931,159,11
1403636913.551666498,6.332159092,-4.493151783,0.467081995,-0.815742398,-0.012129830,-0.577786904,0.024072833,147,11
1403636913.601666451,6.353917472,-4.514488757,0.464942471,-0.816058538,-0.013046315,-0.577392190,0.022282592,132,11
1403636913.651666403,6.375332888,-4.535654274,0.460920705,-0.816417516,-0.013482850,-0.576927685,0.020859041,152,11
1403636913.701666594,6.396467145,-4.557367286,0.456111547,-0.816492808,-0.014113686,-0.576861530,0.019263261,141,11
1403636913.751666546,6.417414013,-4.579088731,0.450287047,-0.816122618,-0.014901266,-0.577408202,0.017933036,145,11
1403636913.801666498,6.437875430,-4.600859186,0.444488260,-0.816084217,-0.014914532,-0.577463359,0.017893455,145,11
1403636913.851666451,6.457698484,-4.622636675,0.439552034,-0.815878341,-0.015621261,-0.577776462,0.016518735,126,11
1403636913.901666403,6.478065219,-4.644868040,0.436511673,-0.815511869,-0.015774310,-0.578288674,0.016546079,143,11
1403636913.951666594,6.498760573,-4.667391291,0.436180398,-0.815058509,-0.016523946,-0.578919313,0.016093960,122,11
1403636914.001666546,6.517116828,-4.688760834,0.437898688,-0.815105138,-0.016828310,-0.578852095,0.015832693,136,11
1403636914.051666498,6.536130867,-4.710502895,0.440634535,-0.815265589,-0.016446548,-0.578617268,0.016540472,151,11
1403636914.101666451,6.555451789,-4.732263503,0.444169905,-0.814840609,-0.014971529,-0.579187073,0.018787483,143,11
1403636914.151666403,6.574450301,-4.754152810,0.447289339,-0.814846412,-0.013738692,-0.579147987,0.020595696,136,11
1403636914.201666594,6.593225159,-4.776446659,0.449463839,-0.815073310,-0.013353835,-0.578831432,0.020768907,127,11
1403636914.251666546,6.610645704,-4.797767330,0.450754359,-0.814833089,-0.012987212,-0.579194420,0.020302538,148,11
1403636914.301666498,6.628563684,-4.819850412,0.450125313,-0.815780645,-0.014009786,-0.577877931,0.019046293,136,11
1403636914.351666451,6.646226359,-4.842010749,0.448828040,-0.815128596,-0.014833203,-0.578820793,0.017658956,141,11
1403636914.401666403,6.664140872,-4.864176480,0.446905475,-0.815017813,-0.016284505,-0.579008673,0.015157085,145,11
1403636914.451666594,6.682551081,-4.887289627,0.445870810,-0.814942517,-0.017055703,-0.579121172,0.014016616,125,11
1403636914.501666546,6.700302064,-4.908242772,0.446898826,-0.814968898,-0.017937533,-0.579094772,0.012376797,142,11
1403636914.551666498,6.719160324,-4.930173319,0.450740481,-0.815035859,-0.018177846,-0.579005891,0.011759777,118,11
1403636914.601666451,6.736937403,-4.950984364,0.455554385,-0.814850181,-0.018381726,-0.579268498,0.011371113,145,11
1403636914.651666403,6.754612429,-4.971709519,0.462493854,-0.813942897,-0.018669995,-0.580547401,0.010635160,156,11
1403636914.701666594,6.771453484,-4.992154911,0.470846997,-0.813730440,-0.018294129,-0.580850746,0.010977553,147,11
1403636914.751666546,6.788502817,-5.012388895,0.480403623,-0.813354420,-0.018337365,-0.581398181,0.009720240,141,11
1403636914.801666498,6.804716392,-5.032139850,0.488627669,-0.813103435,-0.018191754,-0.581756551,0.009548798,129,11
1403636914.851666451,6.820352290,-5.051689520,0.494974668,-0.813324379,-0.018108343,-0.581458055,0.009059367,154,11
1403636914.901666403,6.835453206,-5.070965023,0.499539941,-0.814096819,-0.017703270,-0.580395525,0.008602171,144,11
1403636914.951666594,6.849855892,-5.089810993,0.502187506,-0.815131821,-0.017533252,-0.578954062,0.008055678,151,11
1403636915.001666546,6.864447803,-5.108249055,0.503534779,-0.816198674,-0.016928998,-0.577469836,0.007856362,152,11
1403636915.051666498,6.879672072,-5.126938032,0.503756881,-0.817209160,-0.016869148,-0.576044170,0.007598413,131,11
1403636915.101666451,6.894831765,-5.144750682,0.503054755,-0.817849768,-0.016798134,-0.575145314,0.006888145,149,11
1403636915.151666403,6.909490235,-5.162000502,0.502116855,-0.818848331,-0.016590023,-0.573733051,0.006524370,107,11
1403636915.201666594,6.924779414,-5.178870830,0.498383554,-0.820261395,-0.016573765,-0.571717400,0.005980730,134,11
1403636915.251666546,6.940218675,-5.195340357,0.493105051,-0.822643266,-0.016142665,-0.568296223,0.006072418,140,11
1403636915.301666498,6.956133674,-5.211487473,0.487059674,-0.825125140,-0.016325806,-0.564688877,0.005333309,134,11
1403636915.351666451,6.973526736,-5.228360731,0.480557132,-0.827667092,-0.016343457,-0.560957802,0.005140169,128,11
1403636915.401666403,6.991239871,-5.243756715,0.473690422,-0.828845527,-0.016613518,-0.559208104,0.005037774,147,11
1403636915.451666594,7.009106032,-5.259148876,0.467200176,-0.828890739,-0.016363733,-0.559144460,0.005462959,167,11
1403636915.501666546,7.028245359,-5.274304865,0.462449644,-0.826889464,-0.014529183,-0.562116351,0.008241623,154,11
1403636915.551666498,7.048138468,-5.288937781,0.460000064,-0.823643413,-0.011765152,-0.566847630,0.012524927,164,11
1403636915.601666451,7.068598331,-5.303356780,0.458920866,-0.820972277,-0.008985717,-0.570649483,0.016820950,164,11
1403636915.651666403,7.091037597,-5.319368834,0.459723461,-0.818678597,-0.006297604,-0.573818757,0.021394622,144,11
1403636915.701666594,7.111692985,-5.334622301,0.462221072,-0.816839668,-0.004234594,-0.576319580,0.024713706,160,11
1403636915.751666546,7.131108806,-5.350363387,0.467340574,-0.815529607,-0.004349558,-0.578155664,0.025071284,121,11
1403636915.801666498,7.150376023,-5.367077103,0.472886257,-0.815156295,-0.003864907,-0.578633258,0.026245556,152,11
1403636915.851666451,7.170072303,-5.384594060,0.481150111,-0.814608592,-0.004040554,-0.579391665,0.026491777,150,11
1403636915.901666403,7.189361092,-5.403041586,0.491669547,-0.814269743,-0.004517254,-0.579870143,0.026362814,164,11
1403636915.951666594,7.208282196,-5.422575573,0.502278480,-0.814306185,-0.006012832,-0.579887802,0.024483041,137,11
1403636916.001666546,7.227250571,-5.442477158,0.512194618,-0.813845470,-0.009240439,-0.580657939,0.020162424,148,11
1403636916.051666498,7.245834419,-5.462848354,0.520516704,-0.813962011,-0.012146149,-0.580565450,0.016188713,167,11
1403636916.101666451,7.264104346,-5.483139472,0.527158001,-0.813862525,-0.015702705,-0.580728998,0.011620942,156,11
1403636916.151666403,7.281986718,-5.503377885,0.532247913,-0.814101396,-0.018149536,-0.580369074,0.009013858,166,11
1403636916.201666594,7.299302282,-5.523274542,0.536543855,-0.814399638,-0.019470869,-0.579928152,0.007579777,167,11
1403636916.251666546,7.317251396,-5.543329604,0.541257968,-0.814363920,-0.019088688,-0.579979936,0.008384614,150,11
1403636916.301666498,7.333729994,-5.561880744,0.547163014,-0.814543700,-0.018820455,-0.579721817,0.009325552,166,11
1403636916.351666451,7.348521149,-5.579066518,0.553602564,-0.814641082,-0.018869566,-0.579571083,0.010060099,129,11
1403636916.401666403,7.364250447,-5.597524110,0.561991987,-0.815249821,-0.019272976,-0.578727522,0.008410519,175,11
1403636916.451666594,7.380378402,-5.616281996,0.569292614,-0.814671887,-0.019040783,-0.579594229,0.004206573,155,11
1403636916.501666546,7.396147226,-5.634438758,0.576023420,-0.814850234,-0.015034425,-0.579474572,0.001510521,161,11
1403636916.551666498,7.413288569,-5.652824096,0.580954710,0.814731220,0.010919985,0.579721653,0.004074161,134,11
1403636916.601666451,7.428295214,-5.670417270,0.585244822,0.814737534,0.005264328,0.579740428,0.008722028,143,11
1403636916.651666403,7.441831783,-5.686277656,0.588242257,0.814844939,-0.000147894,0.579518748,0.013628076,155,11
1403636916.701666594,7.455868288,-5.702407547,0.590157506,0.814641086,-0.005162526,0.579683827,0.017317906,162,11
1403636916.751666546,7.469729921,-5.717736747,0.590958432,0.814241934,-0.009551828,0.580083355,0.020545959,173,11
1403636916.801666498,7.483429796,-5.732252306,0.590063383,0.813978239,-0.014234161,0.580285936,0.022473280,173,11
1403636916.851666451,7.496801191,-5.745868398,0.588236064,0.813963521,-0.017490492,0.580125121,0.024744948,152,11
1403636916.901666403,7.510132829,-5.759027982,0.585230231,0.813825042,-0.019736527,0.580101463,0.027956446,157,11
1403636916.951666594,7.523298893,-5.770752684,0.580644471,0.813362284,-0.021581475,0.580583567,0.029979274,112,11
1403636917.001666546,7.536340881,-5.782029314,0.574621125,0.813295727,-0.023610307,0.580541106,0.031058627,151,11
1403636917.051666498,7.550142961,-5.793367503,0.567544506,0.813343988,-0.025912425,0.580388692,0.030806977,138,11
1403636917.101666451,7.563278618,-5.803499248,0.559209520,0.813300350,-0.028062755,0.580380933,0.030215802,140,11
1403636917.151666403,7.576231446,-5.812659717,0.549786244,0.813373055,-0.030458464,0.580227727,0.028850315,149,11
1403636917.201666594,7.588859101,-5.821670344,0.539208221,0.813059134,-0.033705931,0.580499847,0.028612628,150,11
1403636917.251666546,7.601043395,-5.830792912,0.527182786,0.812897310,-0.037763975,0.580372034,0.030661838,143,11
1403636917.301666498,7.612063972,-5.840440407,0.514445810,0.811907883,-0.042934840,0.581193220,0.034302041,146,11
1403636917.351666451,7.622923929,-5.850756578,0.500330567,0.811310184,-0.049187153,0.581180886,0.039814398,153,11
1403636917.401666403,7.633846032,-5.860996603,0.485030953,0.810367725,-0.056771979,0.581255878,0.047145488,151,11
1403636917.451666594,7.644492748,-5.870303052,0.467964811,0.809095586,-0.066067782,0.581564289,0.052748071,140,11
1403636917.501666546,7.655041851,-5.879827106,0.450375823,0.808861756,-0.073511358,0.580366480,0.059274685,160,11
1403636917.551666498,7.667058458,-5.889247216,0.432575302,0.807958676,-0.080730097,0.580222818,0.063457945,129,11
1403636917.601666451,7.677301338,-5.897804160,0.418263305,0.807032354,-0.087644412,0.580168204,0.066498804,162,11
1403636917.651666403,7.686593995,-5.905280237,0.406020594,0.805812308,-0.092977463,0.580602909,0.070156802,154,11
1403636917.701666594,7.695417453,-5.910837298,0.395663208,0.805085574,-0.097789457,0.580519609,0.072604574,129,11
1403636917.751666546,7.704894576,-5.916556998,0.386822654,0.804287770,-0.102132770,0.580472657,0.075773179,139,11
1403636917.801666498,7.714622655,-5.922617847,0.379848572,0.803708393,-0.105592952,0.580228640,0.078978941,136,11
1403636917.851666451,7.723123923,-5.927828082,0.375777247,0.803062782,-0.108501108,0.580117229,0.082350944,131,11
1403636917.901666403,7.731229851,-5.932678765,0.374072020,0.802355816,-0.111125389,0.580243130,0.084818641,159,11
1403636917.951666594,7.738218184,-5.936802297,0.373393663,0.802120092,-0.112835613,0.579905218,0.087071358,166,11
1403636918.001666546,7.744751759,-5.940312703,0.372096688,0.802601186,-0.114723438,0.578650708,0.088505522,165,11
1403636918.051666498,7.750590676,-5.943175170,0.369796293,0.802995682,-0.115904300,0.577644803,0.089947809,137,11
1403636918.101666451,7.756230252,-5.945646020,0.366020005,0.803544386,-0.115847081,0.576576033,0.091956248,163,11
1403636918.151666403,7.761607159,-5.947418907,0.360776472,0.804217051,-0.115775968,0.575419988,0.093395387,131,11
1403636918.201666594,7.766875306,-5.948715967,0.355609294,0.805085192,-0.115011757,0.574082141,0.095077995,159,11
1403636918.251666546,7.771767228,-5.949361292,0.351597284,0.805734428,-0.114244992,0.573128543,0.096248564,158,11
1403636918.301666498,7.777215312,-5.950761466,0.347080856,0.806127109,-0.113468162,0.572599373,0.097025859,137,11
1403636918.351666451,7.781609138,-5.949931037,0.345960009,0.808347749,-0.112721147,0.569525596,0.097511308,145,11
1403636918.401666403,7.785747419,-5.948309042,0.346268825,0.812277085,-0.113078889,0.564053862,0.096241069,141,11
1403636918.451666594,7.790572852,-5.946093074,0.348428399,0.815745961,-0.112900498,0.559142406,0.095769379,115,11
1403636918.501666546,7.796441896,-5.943324406,0.353096512,0.818322715,-0.112584091,0.555519360,0.095241780,134,11
1403636918.551666498,7.803117091,-5.939881143,0.360281525,0.819545438,-0.112277874,0.553912813,0.094443368,145,11
1403636918.601666451,7.811036278,-5.936064131,0.369469845,0.820295112,-0.111058579,0.553037958,0.094503635,144,11
1403636918.651666403,7.820748244,-5.931920664,0.381041337,0.819936263,-0.110074002,0.553904095,0.093693615,116,11
1403636918.701666594,7.832031022,-5.927284835,0.394311208,0.819017900,-0.109879896,0.555608320,0.091844879,143,11
1403636918.751666546,7.844934797,-5.922108353,0.408672638,0.817432630,-0.111914020,0.558306502,0.087022974,116,11
1403636918.801666498,7.858581740,-5.916510194,0.424784904,0.815325802,-0.115960295,0.561667056,0.079543473,143,11
1403636918.851666451,7.872949674,-5.911100110,0.442362827,0.811822993,-0.120521859,0.566779006,0.071968516,145,11
1403636918.901666403,7.886404221,-5.906120044,0.460784518,0.808505515,-0.124019181,0.571249812,0.067909704,126,11
1403636918.951666594,7.899733832,-5.902946879,0.479782057,0.804789452,-0.129831369,0.575593496,0.064419570,153,11
1403636919.001666546,7.912672854,-5.900950799,0.499260704,0.802344051,-0.134948271,0.577955881,0.063245449,145,11
1403636919.051666498,7.925989238,-5.900217303,0.518982735,0.799951732,-0.139872823,0.580231616,0.062000735,121,11
1403636919.101666451,7.938265157,-5.901028011,0.539923318,0.798542448,-0.143291805,0.581295915,0.062389715,136,11
1403636919.151666403,7.949455264,-5.903466263,0.560964691,0.797289135,-0.146153727,0.582176714,0.063556245,144,11
1403636919.201666594,7.959413401,-5.907205441,0.582137657,0.796221687,-0.148211494,0.582925307,0.065287552,164,11
1403636919.251666546,7.968197009,-5.912344165,0.603561386,0.796061841,-0.149765618,0.582527042,0.067216446,140,11
1403636919.301666498,7.976085778,-5.918719879,0.624452647,0.795296089,-0.151102486,0.582952110,0.069562973,160,11
1403636919.351666451,7.983017017,-5.927214853,0.643991109,0.794472077,-0.152957147,0.583264290,0.072256478,134,11
1403636919.401666403,7.988563649,-5.936005946,0.661592815,0.794359647,-0.153495120,0.582743120,0.076435956,157,11
1403636919.451666594,7.993293188,-5.945829715,0.677379834,0.794380229,-0.152961003,0.582133080,0.081756104,154,11
1403636919.501666546,7.996991928,-5.955535500,0.691219169,0.794502922,-0.150757993,0.581566804,0.088414859,125,11
1403636919.551666498,8.000377752,-5.966525009,0.704084017,0.794832389,-0.148412832,0.580678873,0.095011318,147,11
1403636919.601666451,8.003190740,-5.977558301,0.715243394,0.794938000,-0.146725834,0.580090194,0.100202159,139,11
1403636919.651666403,8.004591309,-5.988246215,0.724924684,0.794207806,-0.145633142,0.580680006,0.104094569,136,11
1403636919.701666594,8.006019157,-5.998868550,0.732709695,0.794205608,-0.144705052,0.580450646,0.106653395,146,11
1403636919.751666546,8.006013671,-6.010163850,0.739184696,0.794040253,-0.145231867,0.580526790,0.106754052,134,11
1403636919.801666498,8.006094658,-6.019874581,0.743811722,0.793127761,-0.145900271,0.581635810,0.106589164,154,11
1403636919.851666451,8.006007737,-6.029294780,0.746803594,0.792827732,-0.146654138,0.581996703,0.105813934,135,11
1403636919.901666403,8.005377418,-6.038446036,0.748132846,0.792371686,-0.147445902,0.582577632,0.104929115,154,11
1403636919.951666594,8.004880525,-6.047686419,0.748510990,0.791548309,-0.148821870,0.583701957,0.102933722,128,11
1403636920.001666546,8.002743837,-6.056477428,0.747002658,0.790737841,-0.150057145,0.584891520,0.100590408,152,11
1403636920.051666498,7.999560968,-6.065461694,0.743980892,0.789747031,-0.151613045,0.586317142,0.097700160,152,11
1403636920.101666451,7.995772563,-6.075004475,0.740404759,0.788982752,-0.153108365,0.587425166,0.094845769,128,11
1403636920.151666403,7.989912548,-6.084310230,0.735109143,0.788376917,-0.154644664,0.588302956,0.091904827,150,11
1403636920.201666594,7.982882358,-6.094126100,0.728743403,0.787831225,-0.155523474,0.589143651,0.089689286,130,11
1403636920.251666546,7.974773436,-6.104265875,0.721239975,0.788101565,-0.154483849,0.588942065,0.090431788,132,11
1403636920.301666498,7.965554238,-6.114942056,0.713299173,0.788697047,-0.150867199,0.588361626,0.095008703,144,11
1403636920.351666451,7.955632108,-6.125992212,0.704829301,0.789169812,-0.147213411,0.587859559,0.099801594,132,11
1403636920.401666403,7.944879707,-6.136459667,0.695861088,0.789871109,-0.144356187,0.586969048,0.103596618,149,11
1403636920.451666594,7.932673699,-6.146448085,0.687469554,0.791517705,-0.141695365,0.584825478,0.106776900,130,11
1403636920.501666546,7.919961687,-6.155713180,0.680779327,0.792990386,-0.140346656,0.582865945,0.108334454,151,11
1403636920.551666498,7.906485795,-6.164232724,0.675622641,0.794950704,-0.139666937,0.580200621,0.109150192,126,11
1403636920.601666451,7.891567726,-6.172171243,0.673206559,0.796960511,-0.139591039,0.577477167,0.109033972,149,11
1403636920.651666403,7.876748616,-6.179649161,0.672521806,0.799123891,-0.140116165,0.574441358,0.108561477,151,11
1403636920.701666594,7.861458778,-6.186342320,0.674599848,0.801383960,-0.140442604,0.571208147,0.108539744,127,11
1403636920.751666546,7.846654242,-6.192516253,0.677785444,0.803193604,-0.140902962,0.568607488,0.108221598,145,11
1403636920.801666498,7.831250881,-6.198059246,0.682852661,0.805153244,-0.141872879,0.565672579,0.107772321,125,11
1403636920.851666451,7.816759691,-6.203119611,0.690168080,0.806384960,-0.142552615,0.563866172,0.107130711,127,11
1403636920.901666403,7.802277264,-6.207741798,0.699262694,0.807051496,-0.143186072,0.562852030,0.106598419,139,11
1403636920.951666594,7.788428073,-6.211949983,0.709452744,0.807350318,-0.143550640,0.562247051,0.107037058,129,11
1403636921.001666546,7.775336911,-6.216050488,0.718935384,0.807376410,-0.143851289,0.562133839,0.107031240,145,11
1403636921.051666498,7.762810785,-6.220035343,0.727053859,0.807446168,-0.144185654,0.561931046,0.107119939,126,11
1403636921.101666451,7.750850839,-6.223887763,0.733901513,0.806842680,-0.144727463,0.562666583,0.107075522,148,11
1403636921.151666403,7.739765448,-6.227547980,0.739238794,0.806625832,-0.144759992,0.562868107,0.107604857,124,11
1403636921.201666594,7.729533016,-6.230678500,0.743123430,0.805314632,-0.144642908,0.564657838,0.108204892,146,11
1403636921.251666546,7.719438271,-6.233723857,0.745710461,0.802476105,-0.144230836,0.568682003,0.108767393,147,11
1403636921.301666498,7.709130049,-6.236701353,0.746913206,0.799410995,-0.143874009,0.572898252,0.109681011,127,11
1403636921.351666451,7.698560505,-6.239073005,0.746651225,0.796753923,-0.144875942,0.576556170,0.108522488,145,11
1403636921.401666403,7.687682327,-6.240820024,0.744902086,0.794648377,-0.146738703,0.579439504,0.106073423,125,11
1403636921.451666594,7.676573695,-6.242227277,0.741910680,0.792895458,-0.148487099,0.581789825,0.103869983,127,11
1403636921.501666546,7.664635853,-6.243481247,0.737334566,0.792655367,-0.151456546,0.582069397,0.099767739,139,11
1403636921.551666498,7.652152321,-6.244704922,0.731418665,0.793240419,-0.153738586,0.581159551,0.096889941,129,11
1403636921.601666451,7.639038765,-6.246275524,0.724169648,0.795109307,-0.156489376,0.578407794,0.093577186,145,11
1403636921.651666403,7.625172145,-6.248425186,0.715356930,0.798399621,-0.158402189,0.573681355,0.091413863,125,11
1403636921.701666594,7.611270307,-6.251178676,0.705056004,0.804075592,-0.159308644,0.565509268,0.091008054,147,11
1403636921.751666546,7.597927996,-6.254349545,0.694065633,0.809234173,-0.160614250,0.557894233,0.089984115,141,11
1403636921.801666498,7.585147954,-6.258577490,0.683730238,0.813120132,-0.159493717,0.552129661,0.092467528,163,11
1403636921.851666451,7.573753714,-6.263611460,0.673944629,0.814215977,-0.158804637,0.550378661,0.094428598,163,11
1403636921.901666403,7.563059707,-6.269566884,0.664249827,0.813892145,-0.157927600,0.550703314,0.096769361,143,11
1403636921.951666594,7.553754483,-6.276015874,0.654809532,0.811118825,-0.157055913,0.554502689,0.099731943,160,11
1403636922.001666546,7.544885864,-6.283286488,0.645135670,0.807968295,-0.155925859,0.558680188,0.103686104,139,11
1403636922.051666498,7.536426907,-6.291075440,0.635444440,0.804548301,-0.155317305,0.562853202,0.108511934,141,11
1403636922.101666451,7.528419315,-6.298493555,0.625621160,0.801599869,-0.156194254,0.566231077,0.111460185,153,11
1403636922.151666403,7.520208755,-6.305248306,0.617066657,0.799247234,-0.156862536,0.568688676,0.114852925,145,11
1403636922.201666594,7.512174338,-6.311762006,0.610120088,0.798358450,-0.158418998,0.568964096,0.117503463,161,11
1403636922.251666546,7.503755389,-6.318045240,0.604540580,0.800209705,-0.160062144,0.565441390,0.119668596,140,11
1403636922.301666498,7.495481938,-6.323794063,0.600959403,0.801956915,-0.161492660,0.562047330,0.122016497,143,11
1403636922.351666451,7.488238978,-6.329447368,0.598656020,0.803391384,-0.163719407,0.559205674,0.122667252,138,11
1403636922.401666403,7.481179056,-6.334379711,0.596434555,0.805058039,-0.165592980,0.555956804,0.123986094,161,11
1403636922.451666594,7.474373738,-6.339253998,0.593151407,0.806763529,-0.168131358,0.552456463,0.125125181,162,11
1403636922.501666546,7.467578968,-6.343733923,0.588815872,0.807555161,-0.171723816,0.549653988,0.127460138,142,11
1403636922.551666498,7.461623457,-6.348578152,0.583069409,0.808119709,-0.176313801,0.546787502,0.129920775,158,11
1403636922.601666451,7.457112578,-6.354033235,0.576281305,0.807272299,-0.180645621,0.545833881,0.133206487,137,11
1403636922.651666403,7.453760271,-6.359420105,0.569193618,0.804505784,-0.185137518,0.547709626,0.136046713,139,11
1403636922.701666594,7.451661730,-6.364413361,0.561665735,0.800721841,-0.186881293,0.551259014,0.141539447,150,11
1403636922.751666546,7.450153591,-6.369193262,0.553872112,0.794985622,-0.189591297,0.557829801,0.144495379,139,11
1403636922.801666498,7.448939559,-6.373066815,0.546163437,0.790143196,-0.193799787,0.563153836,0.144821026,156,11
1403636922.851666451,7.447409800,-6.375975127,0.539521209,0.785977040,-0.198413414,0.567818983,0.143016822,137,11
1403636922.901666403,7.445197538,-6.378407907,0.534586076,0.782206172,-0.202161185,0.572017915,0.141703438,137,11
1403636922.951666594,7.441969802,-6.380470678,0.531207961,0.779316894,-0.206109787,0.575144547,0.139257621,133,11
1403636923.001666546,7.437823892,-6.382385663,0.529638367,0.776917604,-0.209968657,0.577632257,0.136576629,153,11
1403636923.051666498,7.432707609,-6.384670354,0.528651829,0.776433196,-0.212989206,0.577296224,0.136074101,153,11
1403636923.101666451,7.426168394,-6.387422047,0.527753352,0.775568217,-0.215055238,0.577221299,0.138060699,140,11
1403636923.151666403,7.418373859,-6.389994124,0.525358338,0.775451644,-0.219067913,0.575332753,0.140271950,149,11
1403636923.201666594,7.409653233,-6.393426314,0.521245681,0.775861637,-0.222851857,0.572371364,0.144106875,128,11
1403636923.251666546,7.399385263,-6.397237116,0.515898667,0.777442974,-0.226733978,0.567477866,0.148805230,148,11
1403636923.301666498,7.388202065,-6.400949817,0.509644204,0.779359821,-0.229641461,0.562131448,0.154503410,157,11
1403636923.351666451,7.376692048,-6.404784851,0.501830201,0.781775257,-0.232327049,0.556296994,0.159327477,149,11
1403636923.401666403,7.365385413,-6.408383508,0.492777021,0.784460888,-0.235362200,0.550322918,0.162389764,165,11
1403636923.451666594,7.354701004,-6.412040818,0.482892568,0.786918313,-0.238508934,0.544749783,0.164683730,146,11
1403636923.501666546,7.345007904,-6.415768724,0.472076712,0.789954522,-0.241300650,0.538658063,0.166112434,144,11
1403636923.551666498,7.336263465,-6.419972855,0.461577542,0.793061526,-0.244415311,0.532679785,0.166032583,141,11
1403636923.601666451,7.328519289,-6.424504480,0.453804314,0.795530787,-0.246474110,0.527893445,0.166462577,158,11
1403636923.651666403,7.322515285,-6.429642654,0.448551664,0.796711171,-0.248366672,0.525184631,0.166572534,186,11
1403636923.701666594,7.318421003,-6.435797675,0.445774714,0.798185831,-0.248792838,0.522276191,0.168015126,180,11
1403636923.751666546,7.316232511,-6.442623299,0.446516470,0.797861861,-0.249469445,0.522292355,0.168499678,179,11
1403636923.801666498,7.315562049,-6.449845595,0.448844355,0.797597176,-0.249252197,0.522342625,0.169912534,139,11
1403636923.851666451,7.316438138,-6.457556632,0.452030279,0.797435490,-0.248118294,0.522496248,0.171847671,159,11
1403636923.901666403,7.318552377,-6.465078362,0.454072251,0.797832514,-0.248955708,0.521866346,0.170703993,168,11
1403636923.951666594,7.322682010,-6.473688067,0.455262851,0.798073509,-0.248195402,0.521439915,0.171982938,164,11
1403636924.001666546,7.328097102,-6.482601575,0.455164940,0.798233876,-0.247384432,0.521561238,0.172039230,175,11
1403636924.051666498,7.334682005,-6.492035039,0.453671463,0.798181509,-0.246928201,0.521669161,0.172609471,157,11
1403636924.101666451,7.342954201,-6.501866469,0.451025901,0.797843234,-0.246229092,0.522342299,0.173135585,158,11
1403636924.151666403,7.352646629,-6.512151839,0.447166354,0.797277157,-0.245076781,0.523600184,0.173578092,159,11
1403636924.201666594,7.362990452,-6.522434633,0.442276118,0.796966411,-0.244092674,0.524312323,0.174240910,150,11
1403636924.251666546,7.375332158,-6.533168236,0.436692522,0.797257614,-0.243127991,0.524208155,0.174570576,178,11
1403636924.301666498,7.388884867,-6.544020888,0.432279765,0.795829761,-0.243134422,0.526645679,0.173738233,175,11
1403636924.351666451,7.403985239,-6.554971765,0.429199310,0.795383025,-0.244280739,0.527569792,0.171356001,175,11
1403636924.401666403,7.420435695,-6.566406970,0.427798628,0.793365309,-0.246471575,0.530874812,0.167317611,137,11
1403636924.451666594,7.437998766,-6.578519335,0.428645097,0.790586261,-0.248261475,0.535210386,0.163980019,158,11
1403636924.501666546,7.456303318,-6.590934018,0.431864889,0.787375756,-0.249453617,0.540170152,0.161333561,165,11
1403636924.551666498,7.475547129,-6.604964602,0.437064676,0.784044671,-0.250831391,0.545201687,0.158469829,158,11
1403636924.601666451,7.495099952,-6.619764321,0.442587470,0.780728408,-0.252617156,0.550281882,0.154394221,171,11
1403636924.651666403,7.513736025,-6.635463854,0.447141360,0.778074337,-0.254129696,0.554143309,0.151471505,149,11
1403636924.701666594,7.532715949,-6.651932315,0.450561546,0.775762004,-0.254582196,0.557694386,0.149526552,149,11
1403636924.751666546,7.550429763,-6.668542267,0.452483298,0.773180974,-0.255072883,0.561753060,0.146841768,151,11
1403636924.801666498,7.567129841,-6.686091721,0.452657038,0.770673232,-0.255413976,0.565665629,0.144391368,151,11
1403636924.851666451,7.582275874,-6.704433053,0.451135855,0.768294040,-0.255281281,0.569228665,0.143298506,167,11
1403636924.901666403,7.596074796,-6.724002869,0.447772629,0.766542686,-0.255751786,0.571218588,0.143918933,164,11
1403636924.951666594,7.608446900,-6.744479779,0.442124579,0.765103096,-0.258080229,0.571734933,0.145365103,160,11
1403636925.001666546,7.619229454,-6.765839736,0.434374077,0.764551583,-0.261217987,0.570239596,0.148501998,120,11
1403636925.051666498,7.627502319,-6.787736296,0.424861659,0.765233400,-0.262630297,0.567248088,0.153859604,142,11
1403636925.101666451,7.634175359,-6.810173821,0.414136845,0.765672342,-0.262949156,0.564762532,0.160146459,171,11
1403636925.151666403,7.639662643,-6.833074316,0.401846257,0.768036412,-0.262002500,0.559818510,0.167564901,167,11
1403636925.201666594,7.644233630,-6.855891078,0.389085982,0.770104632,-0.260527400,0.555330280,0.175135976,174,11
1403636925.251666546,7.648236537,-6.878565652,0.375426429,0.773146410,-0.260131592,0.549554301,0.180461227,152,11
1403636925.301666498,7.653068826,-6.901377347,0.360564842,0.776836106,-0.260462487,0.542982297,0.183997777,145,11
1403636925.351666451,7.658956174,-6.924140842,0.343931668,0.780734754,-0.261505728,0.536023388,0.186405275,170,11
1403636925.401666403,7.664786400,-6.946579795,0.327416820,0.784825751,-0.263034262,0.528915548,0.187376256,152,11
1403636925.451666594,7.671747399,-6.969202001,0.311173961,0.787630302,-0.264819300,0.523723398,0.187678045,164,11
1403636925.501666546,7.679853102,-6.991955884,0.296340659,0.790160146,-0.266342281,0.519037813,0.187905512,162,11
1403636925.551666498,7.689728749,-7.014783083,0.283335666,0.792564952,-0.267910065,0.514624640,0.187687168,161,11
1403636925.601666451,7.702185324,-7.037938649,0.272375748,0.794968664,-0.269362815,0.510334359,0.187155922,122,11
1403636925.651666403,7.716179506,-7.061155610,0.263479787,0.796529334,-0.271425378,0.507328857,0.185705993,149,11
1403636925.701666594,7.732020956,-7.085357749,0.257181844,0.797800997,-0.271778675,0.504959159,0.186188529,161,11
1403636925.751666546,7.750421971,-7.109630158,0.253397268,0.798583015,-0.271760615,0.503361319,0.187186321,164,11
1403636925.801666498,7.770642403,-7.135501938,0.252804049,0.798428042,-0.271563056,0.503450516,0.187892914,162,11
1403636925.851666451,7.794207354,-7.162893394,0.254644295,0.796637601,-0.270512777,0.506230725,0.189530535,144,11
1403636925.901666403,7.817404152,-7.191423345,0.256259281,0.792462517,-0.269460941,0.512713627,0.191098656,128,11
1403636925.951666594,7.844691898,-7.219462180,0.260785300,0.787875877,-0.267120331,0.519838977,0.194076708,149,11
1403636926.001666546,7.873262809,-7.247343343,0.265656983,0.782324283,-0.264730053,0.528178265,0.197267424,135,11
1403636926.051666498,7.902668013,-7.274691852,0.269478838,0.775940289,-0.263867212,0.537707628,0.197892064,148,11
1403636926.101666451,7.932415753,-7.301446428,0.271200840,0.770612899,-0.263909673,0.545546399,0.197196785,144,11
1403636926.151666403,7.961998663,-7.327298993,0.270593663,0.765843347,-0.264565561,0.552583359,0.195296345,141,11
1403636926.201666594,7.991256719,-7.352422434,0.267768773,0.762097861,-0.266066862,0.558231695,0.191814103,110,11
1403636926.251666546,8.020469026,-7.377338625,0.263084379,0.759479083,-0.267300961,0.562140060,0.189050975,137,11
1403636926.301666498,8.047273599,-7.400887247,0.256789095,0.757555289,-0.268535792,0.565174808,0.185946093,147,11
1403636926.351666451,8.072785104,-7.423592288,0.248949984,0.755751304,-0.270072834,0.568035393,0.182308595,154,11
1403636926.401666403,8.096978769,-7.445970180,0.239678514,0.754790255,-0.271008639,0.569836677,0.179254429,152,11
1403636926.451666594,8.119533433,-7.467629173,0.229338135,0.754566362,-0.271117031,0.570595144,0.177612900,129,11
1403636926.501666546,8.140745793,-7.489670444,0.218251248,0.755051998,-0.271666949,0.570368601,0.175422942,129,11
1403636926.551666498,8.159633453,-7.511257065,0.208177823,0.756918080,-0.270160517,0.568387338,0.176136737,143,11
1403636926.601666451,8.177332586,-7.533228664,0.199931960,0.759098479,-0.268436593,0.565952889,0.177224779,129,11
1403636926.651666403,8.193508817,-7.554653531,0.194062586,0.760727881,-0.266261063,0.564110898,0.179379575,146,11
1403636926.701666594,8.208235292,-7.575731586,0.189441110,0.762671631,-0.265296798,0.561804842,0.179791302,155,11
1403636926.751666546,8.222155151,-7.595711865,0.186202444,0.764942715,-0.266281722,0.558217219,0.179861680,138,11
1403636926.801666498,8.234546355,-7.616728868,0.185243530,0.765628662,-0.270097256,0.555788318,0.178772396,110,11
1403636926.851666451,8.246085206,-7.637679259,0.186474895,0.766486205,-0.274839497,0.552356363,0.178506573,132,11
1403636926.901666403,8.256782054,-7.659198129,0.189056029,0.765523112,-0.281267309,0.550487949,0.178398665,144,11
1403636926.951666594,8.266956676,-7.681583018,0.190948797,0.764120230,-0.288395045,0.548383034,0.179512173,151,11
1403636927.001666546,8.276182541,-7.704544183,0.192328337,0.761438558,-0.295581803,0.547190925,0.182824537,150,11
1403636927.051666498,8.284497693,-7.727705404,0.192111170,0.758589947,-0.303146065,0.545551555,0.187128981,148,11
1403636927.101666451,8.293140861,-7.752866792,0.188824746,0.755767262,-0.310497768,0.543281750,0.193007570,148,11
1403636927.151666403,8.300511776,-7.777478667,0.185077453,0.752104800,-0.319326114,0.541282303,0.198450677,153,11
1403636927.201666594,8.306373049,-7.802241301,0.180570623,0.748362964,-0.327887453,0.538778899,0.205328982,138,11
1403636927.251666546,8.311692477,-7.827857897,0.174142790,0.744319813,-0.336831397,0.535975132,0.212751698,163,11
1403636927.301666498,8.316120525,-7.853338723,0.166415144,0.741015618,-0.344763439,0.532290203,0.220683406,161,11
1403636927.351666451,8.319832905,-7.879130181,0.157402403,0.739116696,-0.351435246,0.527628461,0.227613673,151,11
1403636927.401666403,8.322970999,-7.905089702,0.146528084,0.740086972,-0.356661644,0.519863340,0.234106499,107,11
1403636927.451666594,8.325866945,-7.930358203,0.134621703,0.741929680,-0.361994406,0.511713951,0.238010993,127,11
1403636927.501666546,8.329946658,-7.956281002,0.122132494,0.744132849,-0.366757006,0.503750065,0.240814187,158,11
1403636927.551666498,8.334561501,-7.982198077,0.109932034,0.746648941,-0.371252549,0.495857108,0.242513157,161,11
1403636927.601666451,8.339666881,-8.008993959,0.099228975,0.748214630,-0.375325013,0.489781224,0.243762906,145,11
1403636927.651666403,8.345153729,-8.036935897,0.091771008,0.748886107,-0.377547699,0.485771966,0.246278157,139,11
1403636927.701666594,8.352941944,-8.066177456,0.085948679,0.749488990,-0.379824095,0.482339041,0.247687224,145,11
1403636927.751666546,8.361087724,-8.094484308,0.082058189,0.749256183,-0.381674665,0.480811735,0.248514985,166,11
1403636927.801666498,8.371493850,-8.125379605,0.080882475,0.748333471,-0.383446575,0.480780665,0.248627619,139,11
1403636927.851666451,8.383338706,-8.157648406,0.081165028,0.747731130,-0.384122793,0.480905639,0.249153774,166,11
1403636927.901666403,8.396016355,-8.190928651,0.081362054,0.746713451,-0.384683205,0.481908503,0.249403386,167,11
1403636927.951666594,8.409931304,-8.225568135,0.080722656,0.745871286,-0.384450530,0.482856292,0.250446833,167,11
1403636928.001666546,8.425696080,-8.262418306,0.079010953,0.744971451,-0.384628124,0.484066863,0.250515501,130,11
1403636928.051666498,8.442816976,-8.299439164,0.077373658,0.744124195,-0.383637423,0.485532945,0.251712673,123,11
1403636928.101666451,8.459703447,-8.337133283,0.074667833,0.741991630,-0.382052944,0.489115015,0.253476766,149,11
1403636928.151666403,8.477876963,-8.375604583,0.071069210,0.739540125,-0.380332331,0.493237082,0.255234995,147,11
1403636928.201666594,8.497540058,-8.416058056,0.066287016,0.735598699,-0.378898778,0.499527997,0.256519102,139,11
1403636928.251666546,8.517053096,-8.455012306,0.060704175,0.731322378,-0.377896310,0.506385788,0.256778877,155,11
1403636928.301666498,8.535576206,-8.493152478,0.054472104,0.727901190,-0.376961418,0.511926277,0.256887981,143,11
1403636928.351666451,8.554836632,-8.532091214,0.046667139,0.724332105,-0.375522554,0.517637232,0.257638330,156,11
1403636928.401666403,8.573122368,-8.570536583,0.037709258,0.722578477,-0.374109755,0.520771715,0.258300323,131,11
1403636928.451666594,8.590928056,-8.607867971,0.027539340,0.721107197,-0.373041717,0.523300551,0.258845167,150,11
1403636928.501666546,8.608401573,-8.644682870,0.018550986,0.720683314,-0.371131758,0.524185925,0.260971061,145,11
1403636928.551666498,8.624534751,-8.680427371,0.010489094,0.721320273,-0.370208002,0.523650169,0.261598164,169,11
1403636928.601666451,8.640632938,-8.716416608,0.003532525,0.723157097,-0.369658163,0.521499685,0.261600333,136,11
1403636928.651666403,8.656179574,-8.751485194,-0.002152936,0.725919693,-0.369500990,0.517868458,0.261384540,130,11
1403636928.701666594,8.672551346,-8.786166820,-0.005366209,0.729162782,-0.369914443,0.513560357,0.260270439,148,11
1403636928.751666546,8.688306798,-8.819753374,-0.006758468,0.732436544,-0.370362847,0.509062755,0.259274336,150,11
1403636928.801666498,8.703976314,-8.852853644,-0.005784327,0.734774471,-0.370267268,0.505851972,0.259079930,126,11
1403636928.851666451,8.720338510,-8.886094302,-0.002841538,0.736626072,-0.370641237,0.503176444,0.258496749,138,11
1403636928.901666403,8.736801517,-8.918884109,0.002410220,0.737047495,-0.370386550,0.502582482,0.258815846,136,11
1403636928.951666594,8.754323970,-8.952769821,0.010299697,0.735859108,-0.368918782,0.504357080,0.260833743,148,11
1403636929.001666546,8.772992647,-8.986794998,0.020806116,0.731239522,-0.368965349,0.511064484,0.260703715,139,11
1403636929.051666498,8.791711489,-9.020173238,0.033342116,0.726097568,-0.369746175,0.518337034,0.259608950,155,11
1403636929.101666451,8.811988431,-9.055505189,0.044563083,0.721914297,-0.370869797,0.524317811,0.257655145,132,11
1403636929.151666403,8.829417662,-9.087968258,0.059339782,0.718659059,-0.372195616,0.528832197,0.255609248,146,11
1403636929.201666594,8.846419162,-9.120540403,0.075004068,0.716885427,-0.373808631,0.531311059,0.253082892,136,11
1403636929.251666546,8.862593204,-9.152622318,0.089732445,0.716441866,-0.375614252,0.532029388,0.250139395,135,11
1403636929.301666498,8.877556034,-9.184497223,0.103305397,0.716077155,-0.377479025,0.532694166,0.246941327,147,11
1403636929.351666451,8.891125142,-9.216218679,0.115081901,0.716136203,-0.378298559,0.532987829,0.244873667,147,11
1403636929.401666403,8.903110742,-9.248193316,0.125570360,0.716858931,-0.377318440,0.532365503,0.245623776,125,11
1403636929.451666594,8.913344486,-9.278861022,0.134696365,0.717646365,-0.376751463,0.531721434,0.245589795,132,11
1403636929.501666546,8.922070038,-9.308290370,0.142359714,0.719795452,-0.374364695,0.529258165,0.248256676,142,11
1403636929.551666498,8.930711017,-9.339553726,0.147492606,0.721841750,-0.371825879,0.526819826,0.251298376,139,11
1403636929.601666451,8.938928941,-9.370167508,0.151540700,0.723327114,-0.369155400,0.525179991,0.254377976,127,11
1403636929.651666403,8.946389313,-9.400065351,0.154198458,0.725408567,-0.366217755,0.522551466,0.258083188,163,11
1403636929.701666594,8.953671636,-9.428704299,0.155561787,0.726106579,-0.364236244,0.521892597,0.260248557,151,11
1403636929.751666546,8.961301365,-9.457235145,0.154507770,0.726929321,-0.362379662,0.520970184,0.262382946,152,11
1403636929.801666498,8.968441550,-9.484083588,0.152081226,0.727919201,-0.361631336,0.519731305,0.263126935,144,11
1403636929.851666451,8.975270366,-9.510781910,0.149335650,0.727397785,-0.361649117,0.520530456,0.262964679,146,11
1403636929.901666403,8.982115759,-9.536828325,0.146592558,0.726848328,-0.361928368,0.521592224,0.261994116,158,11
1403636929.951666594,8.988681149,-9.561956606,0.144767037,0.726036151,-0.362691404,0.522991928,0.260395654,157,11
1403636930.001666546,8.994833295,-9.585938528,0.144164843,0.724818013,-0.364281122,0.524655679,0.258214117,136,11
1403636930.051666498,9.000500664,-9.609952844,0.145892797,0.724096813,-0.365354394,0.525735535,0.256519239,132,11
1403636930.101666451,9.004849767,-9.632136948,0.150687268,0.724747283,-0.366014974,0.524875348,0.255500066,140,11
1403636930.151666403,9.009876929,-9.655588968,0.156671354,0.723883845,-0.368191170,0.525721129,0.253070614,140,11
1403636930.201666594,9.014236850,-9.678889957,0.163803704,0.724029950,-0.368726439,0.525543323,0.252241272,110,11
1403636930.251666546,9.017862868,-9.701357951,0.172046917,0.724506499,-0.369753711,0.524968021,0.250561575,160,11
1403636930.301666498,9.020639096,-9.723926291,0.181650907,0.724911323,-0.371089649,0.524136684,0.249152128,147,11
1403636930.351666451,9.022077935,-9.745456907,0.193375515,0.725074144,-0.371034585,0.523852929,0.249357037,146,11
1403636930.401666403,9.022813013,-9.766897015,0.205556294,0.725003166,-0.369715002,0.523771618,0.251683370,141,11
1403636930.451666594,9.023116877,-9.787937658,0.216534079,0.726172398,-0.367458794,0.521993651,0.255284766,139,11
1403636930.501666546,9.023248619,-9.808755835,0.226004099,0.726169965,-0.366233597,0.521837793,0.257362491,154,11
1403636930.551666498,9.023275239,-9.829523325,0.233867831,0.726101048,-0.364705829,0.521922149,0.259546137,153,11
1403636930.601666451,9.023246583,-9.850085596,0.240219530,0.726270467,-0.364429312,0.521815793,0.259674340,135,11
1403636930.651666403,9.022852888,-9.870020189,0.244447162,0.725257321,-0.365083653,0.523193509,0.258813245,132,11
1403636930.701666594,9.022121116,-9.888518792,0.247459998,0.724475365,-0.366995987,0.524430311,0.255777717,142,11
1403636930.751666546,9.021281773,-9.907473645,0.249294086,0.723411007,-0.369109250,0.525974708,0.252557882,143,11
1403636930.801666498,9.021262380,-9.928184200,0.250760997,0.722063785,-0.371993681,0.527838138,0.248256908,98,11
1403636930.851666451,9.018921712,-9.947124939,0.249627710,0.720969719,-0.373284352,0.529215826,0.246560474,144,11
1403636930.901666403,9.015400620,-9.966536528,0.247616000,0.719201494,-0.376227873,0.530642955,0.244171771,141,11
1403636930.951666594,9.010575495,-9.986165370,0.244101588,0.716791405,-0.380819378,0.531603563,0.242042013,140,11
1403636931.001666546,9.004540680,-10.005444535,0.239658739,0.713753603,-0.386430022,0.532271530,0.240654630,133,11
1403636931.051666498,8.996338322,-10.025175009,0.234436406,0.711250964,-0.391185396,0.531407213,0.242285837,135,11
1403636931.101666451,8.986744439,-10.045745065,0.230581867,0.708655907,-0.393283305,0.530751574,0.247866523,146,11
1403636931.151666403,8.975431085,-10.066145384,0.228150333,0.706236584,-0.393044163,0.530418949,0.255737974,143,11
1403636931.201666594,8.962507496,-10.086418905,0.227247053,0.705120289,-0.392125350,0.528569590,0.263926651,136,11
1403636931.251666546,8.948944035,-10.106018467,0.228418839,0.702630214,-0.391121352,0.528742633,0.271599149,132,11
1403636931.301666498,8.933876835,-10.124224133,0.231366321,0.700181595,-0.390569636,0.529477606,0.277226546,138,11
1403636931.351666451,8.917890820,-10.141443744,0.235265839,0.699475633,-0.389696103,0.528140751,0.282733325,142,11
1403636931.401666403,8.901064356,-10.157179459,0.240160177,0.698936755,-0.389403661,0.526732177,0.287063432,119,11
1403636931.451666594,8.883156632,-10.170799862,0.246527531,0.700325114,-0.388035579,0.523127571,0.292079902,152,11
1403636931.501666546,8.865055816,-10.183427181,0.254638053,0.701690032,-0.386124466,0.519667242,0.297464204,148,11
1403636931.551666498,8.846930417,-10.194183995,0.263926222,0.703324321,-0.383936473,0.515934985,0.302884096,148,11
1403636931.601666451,8.829509894,-10.202999161,0.273443709,0.705032489,-0.382011769,0.512382403,0.307344222,140,11
1403636931.651666403,8.812404897,-10.209849353,0.282239015,0.705827929,-0.379742589,0.510268416,0.311815082,141,11
1403636931.701666594,8.795643159,-10.215070449,0.289403439,0.705791627,-0.379884351,0.509660089,0.312718168,152,11
1403636931.751666546,8.779508355,-10.218264324,0.293977732,0.705800651,-0.383649182,0.509617173,0.308138092,143,11
1403636931.801666498,8.763791891,-10.220882989,0.297254029,0.706052928,-0.388340417,0.509138055,0.302422593,138,11
1403636931.851666451,8.749274250,-10.223135068,0.298566085,0.706356964,-0.392414817,0.508673268,0.297190104,137,11
1403636931.901666403,8.734266082,-10.223709841,0.298259044,0.707118833,-0.395772919,0.507440034,0.293004036,147,11
1403636931.951666594,8.719459473,-10.224270017,0.295834840,0.707746990,-0.398145723,0.506420579,0.290021342,131,11
1403636932.001666546,8.704557121,-10.224707355,0.292794541,0.707113211,-0.400030518,0.507060567,0.287847307,110,11
1403636932.051666498,8.689470010,-10.223792603,0.288730028,0.705885848,-0.399974235,0.508449824,0.288486669,145,11
1403636932.101666451,8.674475870,-10.222185404,0.283518755,0.704340758,-0.400441393,0.510504884,0.287985330,143,11
1403636932.151666403,8.659430119,-10.219927289,0.277227702,0.702694355,-0.400708932,0.512393881,0.288280256,148,11
1403636932.201666594,8.643880456,-10.216954187,0.271381292,0.701476488,-0.399351288,0.513638125,0.290904042,140,11
1403636932.251666546,8.627735306,-10.213195570,0.267235907,0.700540485,-0.396746369,0.514107654,0.295852442,142,11
1403636932.301666498,8.611589288,-10.208456653,0.264796043,0.700179644,-0.393672209,0.513647005,0.301558306,153,11
1403636932.351666451,8.595394967,-10.202156598,0.263846762,0.700266664,-0.391130122,0.512379827,0.306774737,144,11
1403636932.401666403,8.579618089,-10.194452086,0.264684010,0.700286975,-0.389269186,0.511144410,0.311125451,138,11
1403636932.451666594,8.564296549,-10.184586537,0.267792235,0.699508844,-0.389036688,0.510543063,0.314139481,136,11
1403636932.501666546,8.548604300,-10.172579675,0.271727838,0.698315926,-0.391284284,0.509347281,0.315938007,147,11
1403636932.551666498,8.532580995,-10.159595229,0.276382298,0.696768852,-0.395976817,0.507281150,0.316830178,131,11
1403636932.601666451,8.516690249,-10.144157446,0.283965089,0.693988039,-0.402214402,0.505329757,0.318191787,111,11
1403636932.651666403,8.501731430,-10.127726924,0.293140022,0.690383837,-0.410446262,0.503597937,0.318265835,147,11
1403636932.701666594,8.487184472,-10.110650788,0.304392075,0.685977335,-0.417711870,0.503109975,0.319111646,142,11
1403636932.751666546,8.473000853,-10.092546405,0.316960646,0.682559558,-0.423549024,0.501468773,0.321321869,146,11
1403636932.801666498,8.458831080,-10.072564513,0.330930802,0.679134224,-0.428873133,0.500460771,0.323084444,140,11
1403636932.851666451,8.444243318,-10.051325228,0.345811975,0.676611037,-0.433838772,0.498124860,0.325350655,142,11
1403636932.901666403,8.429658380,-10.028751475,0.360096323,0.675125584,-0.438603293,0.495222879,0.326476487,152,11
1403636932.951666594,8.414886079,-10.005707922,0.372123864,0.674043547,-0.442450701,0.492468355,0.327685206,145,11
1403636933.001666546,8.400689152,-9.981903361,0.380500787,0.672921381,-0.446614479,0.489545951,0.328720375,136,11
1403636933.051666498,8.385204294,-9.956602852,0.384017009,0.670895015,-0.451091733,0.486550613,0.331186697,134,11
1403636933.101666451,8.370889206,-9.931297531,0.384817526,0.668595244,-0.455579909,0.484164954,0.333184100,165,11
1403636933.151666403,8.355463563,-9.904600001,0.383461558,0.667223012,-0.459607985,0.481215484,0.334672393,147,11
1403636933.201666594,8.340114170,-9.877012485,0.379676330,0.668194391,-0.465443462,0.475879982,0.332290359,123,11
1403636933.251666546,8.326059167,-9.849808903,0.373643719,0.671536757,-0.470920738,0.467659153,0.329495008,157,11
1403636933.301666498,8.312561760,-9.822359011,0.366231937,0.675277262,-0.476300781,0.459277481,0.325887068,149,11
1403636933.351666451,8.299956016,-9.795926234,0.359119792,0.677769921,-0.480792057,0.453694862,0.321912882,148,11
1403636933.401666403,8.287796610,-9.770321365,0.352080656,0.678778379,-0.483481208,0.450795324,0.319827155,140,11
1403636933.451666594,8.276523916,-9.746216742,0.345211508,0.677494731,-0.483999784,0.451827097,0.320308247,144,11
1403636933.501666546,8.265947938,-9.723671664,0.337880800,0.675930936,-0.483351425,0.453816787,0.321774912,152,11
1403636933.551666498,8.255935155,-9.702210507,0.330710762,0.673858502,-0.481657784,0.456774280,0.324465337,146,11
1403636933.601666451,8.246558180,-9.681458610,0.324638408,0.671662470,-0.480147717,0.460348300,0.326201071,138,11
1403636933.651666403,8.237122495,-9.660966416,0.319839510,0.669832447,-0.478012696,0.463544799,0.328564416,116,11
1403636933.701666594,8.228567482,-9.641629140,0.316466658,0.668119667,-0.476128477,0.466621989,0.330426549,145,11
1403636933.751666546,8.219790919,-9.622490750,0.315599077,0.666729744,-0.473576735,0.469420645,0.332927595,134,11
1403636933.801666498,8.211631249,-9.603942259,0.316009830,0.665181942,-0.471761232,0.472517062,0.334218417,112,11
1403636933.851666451,8.204307709,-9.585428198,0.317994262,0.663207691,-0.471106241,0.476050820,0.334051022,145,11
1403636933.901666403,8.196620995,-9.566172993,0.321392088,0.661435960,-0.471101483,0.478247413,0.334432766,142,11
1403636933.951666594,8.188678965,-9.547116023,0.325627282,0.659798933,-0.472921647,0.478590939,0.334606031,144,11
1403636934.001666546,8.180599056,-9.527743452,0.330315093,0.657224557,-0.476383932,0.478249794,0.335248214,139,11
1403636934.051666498,8.171804964,-9.508055904,0.333515975,0.653814060,-0.480867570,0.477111627,0.337132098,141,11
1403636934.101666451,8.162181781,-9.488137938,0.333721964,0.650040137,-0.486321882,0.474057773,0.340893056,169,11
1403636934.151666403,8.151855141,-9.467845081,0.330055482,0.645291452,-0.492463179,0.470275917,0.346293981,158,11
1403636934.201666594,8.141049994,-9.447201040,0.322853221,0.639785669,-0.499305862,0.466241745,0.352117294,154,11
1403636934.251666546,8.129732963,-9.426122452,0.313852097,0.633792704,-0.506882222,0.461567633,0.358235316,121,11
1403636934.301666498,8.118312440,-9.404748841,0.303090415,0.626914901,-0.514930023,0.457272134,0.364317133,149,11
1403636934.351666451,8.106513845,-9.382862798,0.292135890,0.618533404,-0.524173997,0.453839422,0.369713170,138,11
1403636934.401666403,8.094438819,-9.360024826,0.280487378,0.609584189,-0.534827309,0.450682019,0.373165626,116,11
1403636934.451666594,8.082457200,-9.337991786,0.270419316,0.600799015,-0.546215650,0.446711844,0.375682759,161,11
1403636934.501666546,8.069492695,-9.315178044,0.262817319,0.591555454,-0.556030915,0.442876468,0.380463140,158,11
1403636934.551666498,8.056126248,-9.291771706,0.257177836,0.583072430,-0.565790257,0.437664002,0.385172881,154,11
1403636934.601666451,8.041253956,-9.268162212,0.254206718,0.575116427,-0.574056018,0.431739698,0.391537503,147,11
1403636934.651666403,8.025176888,-9.243041926,0.255776587,0.567016515,-0.582390425,0.426712770,0.396522228,130,11
1403636934.701666594,8.008698075,-9.218151303,0.257529218,0.562432916,-0.589591403,0.419158636,0.400446290,176,11
1403636934.751666546,7.991615378,-9.192796160,0.261234646,0.559471908,-0.595095115,0.411335504,0.404544302,173,11
1403636934.801666498,7.974018629,-9.167044041,0.266772972,0.558238432,-0.599282894,0.403617608,0.407826792,173,11
1403636934.851666451,7.956675286,-9.141567158,0.273505598,0.557863644,-0.602644489,0.396189065,0.410660444,145,11
1403636934.901666403,7.938979186,-9.115965443,0.282304850,0.557442666,-0.605608910,0.390630893,0.412192949,160,11
1403636934.951666594,7.921464247,-9.090984377,0.292554352,0.556835427,-0.607835507,0.386926670,0.413228817,156,11
1403636935.001666546,7.904655803,-9.068217200,0.303024357,0.556791795,-0.608908611,0.384015210,0.414421909,114,11
1403636935.051666498,7.887852580,-9.045488945,0.318143166,0.556112800,-0.608162000,0.383410250,0.416982152,161,11
1403636935.101666451,7.871438538,-9.023799319,0.334824184,0.554329474,-0.606714183,0.385922605,0.419142550,163,11
1403636935.151666403,7.855225839,-9.002970623,0.352707037,0.552252455,-0.604938557,0.389636691,0.421010472,158,11
1403636935.201666594,7.840021434,-8.982913735,0.369944443,0.549809387,-0.604026026,0.394397277,0.421085484,154,11
1403636935.251666546,7.823063474,-8.962357725,0.384926148,0.548944389,-0.603125742,0.397325561,0.420751465,117,11
1403636935.301666498,7.807285740,-8.942874788,0.398764531,0.548013422,-0.602658150,0.400507073,0.419617120,166,11
1403636935.351666451,7.790792657,-8.923133485,0.411072313,0.547664800,-0.602055500,0.403134864,0.418419315,164,11
1403636935.401666403,7.774396793,-8.903838125,0.421118348,0.548094671,-0.602002801,0.404572932,0.416540037,163,11
1403636935.451666594,7.757707468,-8.884820060,0.428791079,0.548667459,-0.601393529,0.405943263,0.415331085,143,11
1403636935.501666546,7.740753488,-8.865486717,0.435392150,0.549221190,-0.600519587,0.407049437,0.414780744,155,11
1403636935.551666498,7.723677679,-8.846029776,0.439622775,0.550100149,-0.599834880,0.407715184,0.413952017,154,11
1403636935.601666451,7.707619860,-8.830271702,0.442691098,0.550561428,-0.599406023,0.408626738,0.413060192,112,11
1403636935.651666403,7.689804619,-8.809715196,0.443123385,0.551136818,-0.598857935,0.409396538,0.412324940,159,11
1403636935.701666594,7.671443534,-8.789032252,0.442297471,0.551928610,-0.597856357,0.409640371,0.412477092,161,11
1403636935.751666546,7.652874667,-8.768479259,0.439382176,0.554190433,-0.598639259,0.407456387,0.410467167,155,11
1403636935.801666498,7.633542601,-8.747744367,0.434597342,0.557536187,-0.599200775,0.404005996,0.408522932,149,11
1403636935.851666451,7.614243018,-8.729289215,0.428357462,0.560389527,-0.600315949,0.400688978,0.406242147,112,11
1403636935.901666403,7.594355622,-8.708850750,0.420535952,0.563303739,-0.601811706,0.397203022,0.403412108,162,11
1403636935.951666594,7.574287496,-8.688844416,0.410759957,0.566304880,-0.605249113,0.393422129,0.397732727,162,11
1403636936.001666546,7.553914347,-8.669671475,0.400228565,0.569365540,-0.608218804,0.389003673,0.393152528,161,11
1403636936.051666498,7.533516703,-8.652146078,0.389641386,0.571561645,-0.610388662,0.385877960,0.389668021,141,11
1403636936.101666451,7.512761134,-8.635858421,0.378671065,0.573047817,-0.611333741,0.383909151,0.387944610,150,11
1403636936.151666403,7.491716266,-8.622059132,0.367641599,0.573710958,-0.610905632,0.382896993,0.388638571,149,11
1403636936.201666594,7.471782267,-8.613652999,0.357347171,0.573760852,-0.609806691,0.382578047,0.390599952,107,11
1403636936.251666546,7.450253088,-8.603040774,0.347636657,0.573205012,-0.608139218,0.383186444,0.393409273,152,11
1403636936.301666498,7.428708938,-8.593538942,0.340250793,0.571129879,-0.605889097,0.385761152,0.397363055,154,11
1403636936.351666451,7.407341639,-8.585267452,0.334225375,0.568467233,-0.604306826,0.388864449,0.400552999,149,11
1403636936.401666403,7.386345372,-8.578302096,0.330254483,0.566593183,-0.602453890,0.390790485,0.404109232,143,11
1403636936.451666594,7.366658081,-8.573392729,0.329906276,0.563289435,-0.601407787,0.394870840,0.406313557,107,11
1403636936.501666546,7.345561455,-8.567672385,0.330139895,0.561632711,-0.599185608,0.396331839,0.410446559,155,11
1403636936.551666498,7.324637752,-8.563399518,0.331901631,0.559543788,-0.598809046,0.398119578,0.412115611,155,11
1403636936.601666451,7.303563395,-8.559873441,0.334050836,0.558059099,-0.598612682,0.398673656,0.413874637,154,11
1403636936.651666403,7.283387280,-8.556978910,0.335567498,0.556865553,-0.599486537,0.398629404,0.414259877,140,11
1403636936.701666594,7.262631551,-8.553919945,0.334609611,0.556164343,-0.599884286,0.398379738,0.414865824,146,11
1403636936.751666546,7.241947459,-8.550882642,0.332320344,0.555917540,-0.599838630,0.397613561,0.415996110,146,11
1403636936.801666498,7.222994976,-8.553881174,0.330121227,0.555690970,-0.599988675,0.396865296,0.416796200,104,11
1403636936.851666451,7.202193455,-8.550212626,0.325876543,0.556545033,-0.600013973,0.394593402,0.417776143,148,11
1403636936.901666403,7.181601504,-8.546806074,0.322738860,0.556497727,-0.599682037,0.393703497,0.419153063,150,11
1403636936.951666594,7.161699223,-8.543950498,0.320900922,0.556840904,-0.599757288,0.392450233,0.419764479,165,11
1403636937.001666546,7.142100648,-8.541358438,0.321050108,0.557386557,-0.599263068,0.391222711,0.420890476,160,11
1403636937.051666498,7.124330374,-8.540670525,0.324569503,0.557798176,-0.599090906,0.390003187,0.421721229,125,11
1403636937.101666451,7.105624649,-8.536999570,0.328088974,0.557355753,-0.599956134,0.389927555,0.421145705,174,11
1403636937.151666403,7.087249865,-8.533796041,0.332809073,0.556238425,-0.600923260,0.390949853,0.420295447,175,11
1403636937.201666594,7.069380140,-8.531044359,0.338701489,0.554563764,-0.602534225,0.392455179,0.418796457,172,11
1403636937.251666546,7.051742674,-8.529605272,0.343865499,0.553903039,-0.603593750,0.392655432,0.417956601,158,11
1403636937.301666498,7.034020033,-8.528218806,0.347540391,0.553666926,-0.603778222,0.392458804,0.418187615,163,11
1403636937.351666451,7.016563194,-8.527253070,0.349763664,0.552811019,-0.603932688,0.393154239,0.418443581,161,11
1403636937.401666403,6.998840332,-8.525791336,0.349239050,0.552587198,-0.604254982,0.392653334,0.418744153,121,11
1403636937.451666594,6.981930139,-8.525109741,0.348343227,0.552216223,-0.604718960,0.392621990,0.418593114,164,11
1403636937.501666546,6.966436305,-8.526140247,0.345658114,0.551941778,-0.604730065,0.392466542,0.419084522,145,11
1403636937.551666498,6.950011197,-8.525619027,0.342117144,0.551557507,-0.604581539,0.392243509,0.420012510,158,11
1403636937.601666451,6.933717730,-8.525053429,0.337492306,0.551516961,-0.604677631,0.391580031,0.420546173,149,11
1403636937.651666403,6.918051971,-8.524737606,0.333414425,0.552674081,-0.603711519,0.389189098,0.422629398,113,11
1403636937.701666594,6.902159799,-8.524035353,0.325986757,0.554211038,-0.602265359,0.386243844,0.425373078,177,11
1403636937.751666546,6.886728741,-8.523469206,0.317280344,0.556038710,-0.599984474,0.383156530,0.428987946,178,11
1403636937.801666498,6.872203841,-8.522952319,0.307437870,0.556679685,-0.598997806,0.381471074,0.431032686,179,11
1403636937.851666451,6.858654511,-8.523152624,0.297847834,0.555322189,-0.597539126,0.382597618,0.433801017,167,11
1403636937.901666403,6.846008544,-8.522684461,0.286428863,0.553875735,-0.594523540,0.383704289,0.438787476,168,11
1403636937.951666594,6.834531496,-8.521850317,0.273706149,0.552473052,-0.591950321,0.384552345,0.443269487,166,11
1403636938.001666546,6.824270730,-8.520011405,0.259548125,0.550811639,-0.589351818,0.385693215,0.447785347,123,11
1403636938.051666498,6.815388566,-8.517473768,0.245286402,0.548604543,-0.587579586,0.387428886,0.451311582,171,11
1403636938.101666451,6.807969208,-8.513612474,0.229206982,0.545189171,-0.587328238,0.389483182,0.454001277,153,11
1403636938.151666403,6.802008841,-8.508513786,0.212844749,0.540550855,-0.588796180,0.391900760,0.455562976,161,11
1403636938.201666594,6.797412100,-8.502145458,0.196702130,0.535828988,-0.591912495,0.395050835,0.454380602,157,11
1403636938.251666546,6.791090397,-8.492480028,0.182935468,0.531391939,-0.594993777,0.397741311,0.453218337,104,11
1403636938.301666498,6.788101201,-8.483246938,0.169773250,0.526359700,-0.599178745,0.401564076,0.450196169,167,11
1403636938.351666451,6.785683811,-8.471927386,0.157939629,0.520634345,-0.606003151,0.406721135,0.443032706,167,11
1403636938.401666403,6.782824120,-8.458151531,0.147916094,0.515496039,-0.613087132,0.411236835,0.435054327,168,11
1403636938.451666594,6.779685512,-8.443039348,0.139577499,0.511318893,-0.620735225,0.414219707,0.426219198,162,11
1403636938.501666546,6.774312423,-8.427280090,0.133721241,0.508806428,-0.626297230,0.415132365,0.420158206,182,11
1403636938.551666498,6.766929281,-8.410033188,0.129519017,0.508721343,-0.630809042,0.413110053,0.415478798,181,11
1403636938.601666451,6.756329115,-8.392678347,0.126988292,0.508537725,-0.633763049,0.411347290,0.412949376,135,11
1403636938.651666403,6.744714913,-8.374419044,0.126141874,0.508280269,-0.636060558,0.410398699,0.410671453,179,11
1403636938.701666594,6.729975181,-8.353309384,0.126557337,0.508657244,-0.636464607,0.408673903,0.411298254,164,11
1403636938.751666546,6.713756195,-8.333957420,0.128872463,0.509810169,-0.636326999,0.406052686,0.412677548,165,11
1403636938.801666498,6.695717768,-8.314005172,0.131883886,0.511787073,-0.635477503,0.402623324,0.414893714,161,11
1403636938.851666451,6.675839853,-8.291427541,0.135170402,0.514447503,-0.633727170,0.398452826,0.418292942,109,11
1403636938.901666403,6.654598659,-8.270758857,0.138850372,0.518831650,-0.631999139,0.392378631,0.421224188,170,11
1403636938.951666594,6.632418100,-8.250299470,0.142368521,0.522433365,-0.631225987,0.387162594,0.422755554,169,11
1403636939.001666546,6.610076227,-8.229333089,0.144794938,0.525638765,-0.629554950,0.382523268,0.425488428,165,11
1403636939.051666498,6.586724551,-8.208146175,0.145131167,0.527910899,-0.628993861,0.379591368,0.426130495,147,11
1403636939.101666451,6.563208568,-8.188067563,0.144795672,0.528608342,-0.627826741,0.379000735,0.427510522,154,11
1403636939.151666403,6.539659224,-8.168261475,0.143046049,0.528686047,-0.626399620,0.379952663,0.428661351,151,11
1403636939.201666594,6.513950382,-8.144394553,0.138221539,0.528405613,-0.625235782,0.381062233,0.429720025,113,11
1403636939.251666546,6.490179430,-8.125294484,0.134188377,0.528415078,-0.624384673,0.382059854,0.430059942,159,11
1403636939.301666498,6.465964405,-8.105860418,0.129147487,0.528211457,-0.623118025,0.383616928,0.430760532,166,11
1403636939.351666451,6.441602552,-8.086710627,0.123288791,0.528741141,-0.621961418,0.384470546,0.431021113,165,11
1403636939.401666403,6.417407645,-8.067307181,0.117998825,0.529552765,-0.620907672,0.385218095,0.430876493,161,11
1403636939.451666594,6.392149877,-8.044796261,0.114051303,0.530145922,-0.619326951,0.386272390,0.431477775,117,11
1403636939.501666546,6.367981775,-8.024989886,0.112521197,0.530043936,-0.617092180,0.388354025,0.432933966,170,11
1403636939.551666498,6.343715047,-8.004378828,0.112948856,0.529690750,-0.614324861,0.390540760,0.435328140,170,11
1403636939.601666451,6.319594829,-7.983043993,0.115644533,0.529047190,-0.611326319,0.393045538,0.438068953,172,11
1403636939.651666403,6.295348914,-7.960521053,0.120248568,0.527467572,-0.609389190,0.396483724,0.439571873,159,11
1403636939.701666594,6.271316236,-7.936941408,0.125165731,0.526122032,-0.608821931,0.398920438,0.439765788,154,11
1403636939.751666546,6.247148246,-7.913209019,0.130862043,0.525992619,-0.607918664,0.399478134,0.440663004,151,11
1403636939.801666498,6.221300172,-7.887330330,0.134284052,0.526118534,-0.607412097,0.399501018,0.441190174,109,11
1403636939.851666451,6.196761517,-7.859283128,0.135573572,0.526736423,-0.607943804,0.398505409,0.440620597,155,11
1403636939.901666403,6.172831500,-7.831769415,0.135329737,0.526164639,-0.609508102,0.399100133,0.438599738,165,11
1403636939.951666594,6.148363541,-7.803479467,0.133377212,0.524376565,-0.611919219,0.399379856,0.437126776,163,11
1403636940.001666546,6.123538397,-7.773983045,0.129787554,0.522034744,-0.614731899,0.398126412,0.437126730,157,11
1403636940.051666498,6.098016218,-7.741185427,0.124448600,0.519992989,-0.618073482,0.395493894,0.437237970,126,11
1403636940.101666451,6.072995950,-7.710321937,0.118326452,0.517805463,-0.621334045,0.392961029,0.437496442,158,11
1403636940.151666403,6.047177125,-7.678341433,0.110366937,0.515654014,-0.625300319,0.390768227,0.436349219,173,11
1403636940.201666594,6.021217881,-7.645200173,0.101268237,0.513822337,-0.628495215,0.389107765,0.435402708,173,11
1403636940.251666546,5.994587395,-7.611703966,0.091398297,0.511979854,-0.630987228,0.387771557,0.435160851,161,11
1403636940.301666498,5.967148653,-7.577397116,0.080732802,0.510293617,-0.632521114,0.386546189,0.436004024,153,11
1403636940.351666451,5.939771279,-7.543320067,0.069783862,0.508737944,-0.633517384,0.385284117,0.437490088,166,11
1403636940.401666403,5.911405988,-7.511010183,0.057746556,0.506637147,-0.635155927,0.384968643,0.437829754,112,11
1403636940.451666594,5.883447988,-7.476496536,0.045996942,0.505066616,-0.636243603,0.384242888,0.438701714,163,11
1403636940.501666546,5.855554058,-7.441456041,0.035207810,0.503996210,-0.637570977,0.383117988,0.438989382,153,11
1403636940.551666498,5.826907825,-7.405881226,0.025855127,0.503372718,-0.639890999,0.381343748,0.437872540,150,11
1403636940.601666451,5.797759645,-7.369316551,0.018243795,0.504686324,-0.642571617,0.377671120,0.435612163,162,11
1403636940.651666403,5.767204262,-7.332408089,0.013205100,0.506286215,-0.644359911,0.373420179,0.434778040,141,11
1403636940.701666594,5.737244913,-7.297821809,0.010142820,0.508481612,-0.645624334,0.368902656,0.434196384,163,11
1403636940.751666546,5.706835506,-7.262601188,0.009434481,0.510340385,-0.647004039,0.365252095,0.433046617,162,11
1403636940.801666498,5.676387684,-7.227429482,0.010358943,0.511955112,-0.647876325,0.362208076,0.432392808,162,11
1403636940.851666451,5.645593111,-7.192589004,0.013067991,0.513034280,-0.648383420,0.359829872,0.432339255,156,11
1403636940.901666403,5.614424757,-7.157675733,0.017536518,0.514850111,-0.648180806,0.357125140,0.432726981,139,11
1403636940.951666594,5.583566871,-7.127639051,0.025143920,0.515954485,-0.647869010,0.355338518,0.433348881,147,11
1403636941.001666546,5.553414694,-7.097345616,0.030324023,0.514906010,-0.646772020,0.357084092,0.434797316,122,11
1403636941.051666498,5.522652717,-7.067147740,0.040097208,0.514857176,-0.645749125,0.357435748,0.436084673,169,11
1403636941.101666451,5.491875257,-7.037169394,0.051272861,0.514037206,-0.644373793,0.358534582,0.438179323,161,11
1403636941.151666403,5.460760319,-7.004490171,0.059548669,0.513300739,-0.643326831,0.360001213,0.439376906,147,11
1403636941.201666594,5.430629606,-6.976323493,0.071350152,0.513183266,-0.642197416,0.360844493,0.440473231,147,11
1403636941.251666546,5.399942846,-6.947173824,0.082484753,0.512243934,-0.641027741,0.363055849,0.441452192,129,11
1403636941.301666498,5.370089152,-6.919860448,0.093501465,0.511908170,-0.639042148,0.364772475,0.443301477,154,11
1403636941.351666451,5.340239778,-6.893133329,0.102825662,0.512291540,-0.637239454,0.366075407,0.444378277,154,11
1403636941.401666403,5.310821971,-6.866672956,0.110766475,0.512844651,-0.635730360,0.367184588,0.444986238,158,11
1403636941.451666594,5.281595620,-6.840183411,0.117253454,0.513403815,-0.634002262,0.368350706,0.445842363,156,11
1403636941.501666546,5.252402748,-6.814042622,0.121909026,0.514202469,-0.632755284,0.369543268,0.445706568,142,11
1403636941.551666498,5.223723205,-6.786486052,0.124478347,0.515554043,-0.631544292,0.369565058,0.445844708,147,11
1403636941.601666451,5.196418211,-6.762990079,0.126982855,0.516777759,-0.631161783,0.369735155,0.444827457,122,11
1403636941.651666403,5.168716399,-6.737362106,0.128399201,0.517676457,-0.630478318,0.370013550,0.444520134,169,11
1403636941.701666594,5.141625023,-6.710818502,0.128459842,0.518999964,-0.630084983,0.369706068,0.443789788,166,11
1403636941.751666546,5.112685826,-6.681190694,0.126448649,0.519835034,-0.629487486,0.369883508,0.443512381,150,11
1403636941.801666498,5.086103103,-6.655176697,0.127006571,0.520494377,-0.629652673,0.370360453,0.442104343,153,11
1403636941.851666451,5.059378625,-6.627840409,0.129933240,0.521082083,-0.629449927,0.370764101,0.441361794,138,11
1403636941.901666403,5.033283999,-6.600598143,0.134015835,0.521856767,-0.630235830,0.370449725,0.439585390,157,11
1403636941.951666594,5.007451346,-6.574418837,0.140716151,0.522571766,-0.630399220,0.370335382,0.438596942,155,11
1403636942.001666546,4.981826163,-6.547871476,0.148183197,0.522017673,-0.631357560,0.371580945,0.436821223,178,11
1403636942.051666498,4.956016193,-6.521630912,0.156158803,0.521035339,-0.632010016,0.373532514,0.435383712,177,11
1403636942.101666451,4.928204394,-6.492972864,0.161110420,0.520545445,-0.632168563,0.374172627,0.435189836,154,11
1403636942.151666403,4.902867678,-6.465226936,0.169432118,0.519575616,-0.632493273,0.375499548,0.434733860,153,11
1403636942.201666594,4.877984287,-6.440013723,0.176345057,0.518552107,-0.632610659,0.376584902,0.434846269,121,11
1403636942.251666546,4.851567505,-6.413461157,0.182273457,0.517584786,-0.633409852,0.377374221,0.434150488,165,11
1403636942.301666498,4.824609061,-6.386633406,0.186782899,0.516243894,-0.633988304,0.378495725,0.433926327,169,11
1403636942.351666451,4.796309177,-6.357498037,0.188204338,0.514441922,-0.634782392,0.380049536,0.433547199,152,11
1403636942.401666403,4.768988228,-6.330816709,0.188686061,0.512657459,-0.636220759,0.381467712,0.432305286,153,11
1403636942.451666594,4.740604582,-6.304529191,0.187304728,0.511409526,-0.637576951,0.382059625,0.431261373,142,11
1403636942.501666546,4.712069954,-6.277016003,0.184727993,0.510274827,-0.639314053,0.382070515,0.430022400,162,11
1403636942.551666498,4.682759684,-6.247126438,0.183246180,0.510228401,-0.641304794,0.381046050,0.428017579,146,11
1403636942.601666451,4.652593274,-6.219294138,0.178420622,0.510286650,-0.642602729,0.379520269,0.427356565,162,11
1403636942.651666403,4.621546232,-6.191396185,0.172484757,0.511084394,-0.644021913,0.377353012,0.426184493,160,11
1403636942.701666594,4.590111462,-6.163942681,0.166333987,0.512925347,-0.644440904,0.373715894,0.426544184,144,11
1403636942.751666546,4.557481079,-6.137695043,0.159071703,0.513878250,-0.644805937,0.371509234,0.426773167,161,11
1403636942.801666498,4.526224258,-6.113408215,0.152549159,0.514440721,-0.644752503,0.369724928,0.427724716,124,11
1403636942.851666451,4.492746518,-6.087000421,0.147833954,0.514426409,-0.643427463,0.368864806,0.430471049,164,11
1403636942.901666403,4.459176014,-6.060716221,0.145360894,0.513799317,-0.641584908,0.368743525,0.434059075,157,11
1403636942.951666594,4.426977581,-6.034452744,0.143980517,0.513859575,-0.640182573,0.367667065,0.436961714,144,11
1403636943.001666546,4.393333313,-6.010429302,0.145649223,0.513022603,-0.639382363,0.368154786,0.438702698,139,11
1403636943.051666498,4.359569733,-5.985471147,0.149528420,0.512612369,-0.637729083,0.368216358,0.441527903,154,11
1403636943.101666451,4.325882905,-5.961551705,0.155203799,0.511598318,-0.637085652,0.368435338,0.443446090,168,11
1403636943.151666403,4.294864930,-5.939877463,0.161237696,0.509848622,-0.637150291,0.369745482,0.444277129,148,11
1403636943.201666594,4.261876702,-5.915504149,0.166137841,0.509030554,-0.636831184,0.370122405,0.445357546,163,11
1403636943.251666546,4.229155616,-5.891260356,0.169525362,0.508625097,-0.637087214,0.369736930,0.445774602,164,11
1403636943.301666498,4.198159816,-5.871186412,0.171293032,0.508249128,-0.636769623,0.368953544,0.447303649,146,11
1403636943.351666451,4.166335087,-5.848240119,0.171816217,0.507860092,-0.636669909,0.367999269,0.448671475,150,11
1403636943.401666403,4.136479088,-5.827158431,0.171475276,0.506657622,-0.636738251,0.368208132,0.449761298,113,11
1403636943.451666594,4.106124898,-5.802752767,0.168933331,0.506146581,-0.637067941,0.367620041,0.450350511,187,11
1403636943.501666546,4.076328082,-5.778486685,0.165148747,0.505759210,-0.636811020,0.367137322,0.451541286,186,11
1403636943.551666498,4.046714874,-5.753311336,0.159283940,0.505439742,-0.636864660,0.366508303,0.452333657,176,11
1403636943.601666451,4.017695919,-5.727128579,0.152960121,0.505271357,-0.636262757,0.365860665,0.453890442,147,11
1403636943.651666403,3.988983111,-5.701558246,0.144869105,0.505503478,-0.635695685,0.364847087,0.455240413,158,11
1403636943.701666594,3.960755624,-5.675503751,0.135605331,0.504432668,-0.635576865,0.365661289,0.455940296,171,11
1403636943.751666546,3.933144031,-5.649320101,0.125293401,0.504275146,-0.635750668,0.364941345,0.456448770,154,11
1403636943.801666498,3.906601753,-5.622115284,0.113188153,0.504635265,-0.635552026,0.364000410,0.457078302,170,11
1403636943.851666451,3.881201831,-5.594493386,0.099709853,0.505583868,-0.635870927,0.364704626,0.455020497,167,11
1403636943.901666403,3.856484161,-5.566584696,0.085215081,0.509010388,-0.636288067,0.364317020,0.450909116,149,11
1403636943.951666594,3.831991970,-5.540561124,0.068975454,0.514432960,-0.637457331,0.363253245,0.443907603,141,11
1403636944.001666546,3.810386324,-5.511259622,0.052180857,0.520455898,-0.638951743,0.360944642,0.436560756,107,11
1403636944.051666498,3.787045218,-5.484259948,0.034938585,0.526375878,-0.640361950,0.358459800,0.429385118,163,11
1403636944.101666451,3.763682459,-5.458475060,0.018967028,0.532438007,-0.642045204,0.354860366,0.422329072,163,11
1403636944.151666403,3.740306977,-5.433068783,0.005073616,0.536979885,-0.642611367,0.353131484,0.417134738,157,11
1403636944.201666594,3.717221996,-5.409094655,-0.006142410,0.540762029,-0.642104769,0.351548633,0.414356673,141,11
1403636944.251666546,3.694929346,-5.389628252,-0.015239746,0.542542612,-0.641813830,0.352609399,0.411569110,146,11
1403636944.301666498,3.672154587,-5.371553767,-0.021228524,0.543695898,-0.639946504,0.353894027,0.411852231,152,11
1403636944.351666451,3.649582399,-5.355914545,-0.024328385,0.543261320,-0.637423056,0.357409984,0.413300242,136,11
1403636944.401666403,3.626902941,-5.342397837,-0.026740144,0.542236823,-0.634558189,0.361212593,0.415741019,151,11
1403636944.451666594,3.604243644,-5.329811149,-0.027562472,0.541962080,-0.629811873,0.363724138,0.421092460,152,11
1403636944.501666546,3.581982428,-5.318701502,-0.026592884,0.541097221,-0.624782900,0.366865837,0.426930420,149,11
1403636944.551666498,3.559867899,-5.306462455,-0.025022828,0.541203080,-0.618648857,0.368157478,0.434549064,125,11
1403636944.601666451,3.541767257,-5.295813783,-0.021039364,0.542034358,-0.613143713,0.368143831,0.441275040,89,11
1403636944.651666403,3.522565341,-5.285400433,-0.016345180,0.543965903,-0.608386518,0.367163763,0.446270896,148,11
1403636944.701666594,3.505104635,-5.275490881,-0.010512822,0.546225831,-0.603947504,0.367644747,0.449134828,146,11
1403636944.751666546,3.489460777,-5.265646900,-0.003951312,0.546664817,-0.602828681,0.371084177,0.447271386,145,11
1403636944.801666498,3.474838737,-5.255991108,0.003719127,0.546597195,-0.602325759,0.375030675,0.444732705,132,11
1403636944.851666451,3.461975280,-5.246324527,0.013685006,0.546398850,-0.601693538,0.378772498,0.442656275,141,11
1403636944.901666403,3.450145961,-5.236136753,0.024646631,0.546336131,-0.601998154,0.381721719,0.439776744,147,11
1403636944.951666594,3.439393500,-5.225931474,0.035742162,0.545852447,-0.601893751,0.384850567,0.437788830,131,11
1403636945.001666546,3.429227442,-5.215354699,0.044751392,0.546271307,-0.601274896,0.386284519,0.436852869,147,11
1403636945.051666498,3.419730679,-5.205493901,0.050749404,0.546746561,-0.600601452,0.387355482,0.436235974,147,11
1403636945.101666451,3.410971726,-5.194441777,0.052902834,0.547210107,-0.599722443,0.388312182,0.436013463,145,11
1403636945.151666403,3.402964629,-5.181428160,0.051524268,0.547718200,-0.599463810,0.388788194,0.435306390,121,11
1403636945.201666594,3.396370927,-5.167443103,0.048738600,0.548343145,-0.598836362,0.389016903,0.435178879,87,11
1403636945.251666546,3.389162589,-5.154118149,0.045598929,0.548593272,-0.598321280,0.389573876,0.435073859,146,11
1403636945.301666498,3.382575436,-5.140695339,0.043188263,0.548698958,-0.598332710,0.389889845,0.434641612,144,11
1403636945.351666451,3.376602743,-5.126585369,0.042525283,0.548860228,-0.598093422,0.389898093,0.434759917,145,11
1403636945.401666403,3.371344870,-5.112019352,0.043210960,0.549398362,-0.598187124,0.389004846,0.434751462,131,11
1403636945.451666594,3.366909743,-5.096865939,0.046089600,0.549060671,-0.598182049,0.389119760,0.435082094,140,11
1403636945.501666546,3.363163502,-5.081288346,0.049515164,0.548733946,-0.598618300,0.388935402,0.435059124,146,11
1403636945.551666498,3.360005172,-5.064449847,0.051431449,0.548524938,-0.600296436,0.388351758,0.433529115,130,11
1403636945.601666451,3.357293412,-5.047694623,0.051989618,0.549332352,-0.602899240,0.386043312,0.430948994,146,11
1403636945.651666403,3.355369762,-5.030605516,0.050757120,0.551675686,-0.606068095,0.381439521,0.427597116,146,11
1403636945.701666594,3.353971122,-5.013836463,0.047917499,0.554337183,-0.610199736,0.376214076,0.422882417,145,11
1403636945.751666546,3.352892813,-4.995183970,0.042903997,0.557236436,-0.613520228,0.370598582,0.419210181,120,11
1403636945.801666498,3.353040951,-4.979438187,0.036993227,0.559896871,-0.617019107,0.365453151,0.415026396,86,11
1403636945.851666451,3.353085582,-4.965594548,0.030606021,0.560947915,-0.618990436,0.362506797,0.413251859,145,11
1403636945.901666403,3.353858408,-4.953326623,0.023611912,0.559909677,-0.620455877,0.362672441,0.412315849,143,11
1403636945.951666594,3.355131582,-4.942640799,0.016466355,0.558295882,-0.618731593,0.364126650,0.415798877,144,11
1403636946.001666546,3.357200282,-4.932741928,0.008340061,0.555128045,-0.615798064,0.368126227,0.420842819,130,11
1403636946.051666498,3.359798351,-4.924603515,-0.000807753,0.552021632,-0.612983466,0.371609430,0.425945795,139,11
1403636946.101666451,3.362883352,-4.916259577,-0.012614672,0.550323299,-0.612107727,0.372991324,0.428189058,146,11
1403636946.151666403,3.366282014,-4.907545137,-0.025854973,0.548670890,-0.611709358,0.374058098,0.429944711,130,11
1403636946.201666594,3.370261780,-4.899367488,-0.040918860,0.547038167,-0.612110302,0.374971222,0.430658570,147,11
1403636946.251666546,3.374636935,-4.891180972,-0.057261829,0.545817111,-0.611002233,0.375451608,0.433354409,148,11
1403636946.301666498,3.379460898,-4.882689004,-0.075245599,0.543995289,-0.610059580,0.376941869,0.435673343,147,11
1403636946.351666451,3.383009284,-4.867493640,-0.096477494,0.542614147,-0.609383243,0.376945901,0.438330627,122,11
1403636946.401666403,3.388644565,-4.857066685,-0.118014376,0.540512663,-0.609531485,0.378888619,0.439045378,88,11
1403636946.451666594,3.395038259,-4.848003566,-0.140989982,0.539358938,-0.610401449,0.378770082,0.439357750,147,11
1403636946.501666546,3.402000439,-4.838588307,-0.164953524,0.538309601,-0.610715972,0.378948049,0.440053577,145,11
1403636946.551666498,3.409670296,-4.828956724,-0.188770095,0.537274624,-0.610907098,0.378937170,0.441061353,149,11
1403636946.601666451,3.417830521,-4.818641269,-0.211594195,0.536660175,-0.611379799,0.378430108,0.441589461,135,11
1403636946.651666403,3.426443768,-4.808858002,-0.233669146,0.536423519,-0.612815954,0.377575309,0.440616954,145,11
1403636946.701666594,3.436514700,-4.797749609,-0.254617895,0.533393337,-0.616877713,0.380975168,0.435673451,151,11
1403636946.751666546,3.447316845,-4.787125339,-0.272635478,0.529051106,-0.622095548,0.386046028,0.429034405,136,11
1403636946.801666498,3.456787171,-4.775556414,-0.289233781,0.523955290,-0.627091883,0.392093505,0.422479950,154,11
1403636946.851666451,3.465812113,-4.763140423,-0.304948246,0.520490871,-0.631079269,0.396037870,0.417111753,155,11
1403636946.901666403,3.473276529,-4.750739070,-0.320502361,0.518283731,-0.633913746,0.398169605,0.413516992,155,11
1403636946.951666594,3.479827834,-4.737996404,-0.336385042,0.514660206,-0.638385875,0.402436247,0.406980853,132,11
1403636947.001666546,3.483746081,-4.726140382,-0.353654104,0.511159327,-0.641505735,0.406329593,0.402595078,91,11
1403636947.051666498,3.485328220,-4.713014343,-0.371773769,0.509726332,-0.643596105,0.407541867,0.399840902,176,11
1403636947.101666451,3.484208807,-4.700279170,-0.390084989,0.511268698,-0.643546528,0.405393928,0.400134911,172,11
1403636947.151666403,3.479926506,-4.688259382,-0.407549242,0.515865106,-0.641500879,0.398989027,0.403940058,176,11
1403636947.201666594,3.473601484,-4.676837750,-0.423705587,0.522985583,-0.640578902,0.388968318,0.406015269,161,11
1403636947.251666546,3.465510211,-4.665006097,-0.438333553,0.531175966,-0.639570999,0.377162062,0.408105145,159,11
1403636947.301666498,3.456337066,-4.654454371,-0.450959281,0.538262301,-0.639668291,0.366670612,0.408228901,180,11
1403636947.351666451,3.447094402,-4.647068683,-0.460014053,0.543961043,-0.640173457,0.358246417,0.407362041,161,11
1403636947.401666403,3.436953489,-4.640028939,-0.468375551,0.547752793,-0.641198480,0.352404524,0.405761553,172,11
1403636947.451666594,3.426480598,-4.635334962,-0.474579410,0.549883875,-0.641300475,0.348865932,0.405775783,172,11
1403636947.501666546,3.416222220,-4.633659330,-0.477980107,0.547822959,-0.641749277,0.351377649,0.405686602,171,11
1403636947.551666498,3.406080135,-4.635287313,-0.478971968,0.544231817,-0.641738863,0.356060209,0.406453058,157,11
1403636947.601666451,3.395472314,-4.642538269,-0.477401696,0.540886687,-0.639401413,0.360586758,0.410590568,94,11
1403636947.651666403,3.384520258,-4.647741166,-0.474766217,0.539719287,-0.636505741,0.362494378,0.414923317,169,11
1403636947.701666594,3.373419543,-4.654471097,-0.472183822,0.539238802,-0.634772285,0.363050572,0.417707964,164,11
1403636947.751666546,3.362062468,-4.662325436,-0.470365519,0.540341174,-0.632408731,0.361601260,0.421111792,169,11
1403636947.801666498,3.350846749,-4.671915037,-0.469882327,0.542285258,-0.629887904,0.359341603,0.424313020,160,11
1403636947.851666451,3.339834017,-4.689343058,-0.468844456,0.545267044,-0.626376022,0.355709662,0.428727846,139,11
1403636947.901666403,3.329154999,-4.701045239,-0.470769079,0.547812138,-0.622721550,0.352607833,0.433344492,166,11
1403636947.951666594,3.319513858,-4.714143028,-0.474135186,0.549311069,-0.620180279,0.351276684,0.436163344,158,11
1403636948.001666546,3.311398710,-4.727559236,-0.479238279,0.549259214,-0.621688605,0.351767891,0.433678388,169,11
1403636948.051666498,3.304531735,-4.741252968,-0.485566901,0.549253043,-0.624077581,0.352351970,0.429763140,170,11
1403636948.101666451,3.298785462,-4.755850846,-0.492955062,0.549602256,-0.625981778,0.352675730,0.426267526,169,11
1403636948.151666403,3.294573818,-4.772609108,-0.500130625,0.550811882,-0.625665912,0.351848531,0.425853318,157,11
1403636948.201666594,3.291741990,-4.791915713,-0.507419711,0.551591080,-0.624180976,0.351912189,0.426969788,92,11
1403636948.251666546,3.288586255,-4.809567275,-0.516766157,0.552445377,-0.622999184,0.352011925,0.427508745,168,11
1403636948.301666498,3.286384760,-4.828299559,-0.526470809,0.553204308,-0.621274005,0.352010318,0.429036525,162,11
1403636948.351666451,3.285211579,-4.848033703,-0.536986320,0.554160845,-0.619546227,0.352149360,0.430184913,167,11
1403636948.401666403,3.285005142,-4.868856403,-0.548250616,0.555699514,-0.617677715,0.351276901,0.431597995,161,11
1403636948.451666594,3.286557699,-4.891444264,-0.560182684,0.557362676,-0.615594291,0.350685645,0.432908876,140,11
1403636948.501666546,3.288502220,-4.915367347,-0.572078242,0.560415876,-0.611052303,0.347856272,0.437658706,164,11
1403636948.551666498,3.292301315,-4.940168789,-0.584282753,0.563717161,-0.605371250,0.344561030,0.443876457,155,11
1403636948.601666451,3.298200922,-4.965975569,-0.597122063,0.566447096,-0.600003036,0.341821111,0.449769243,167,11
1403636948.651666403,3.306922162,-4.992256967,-0.609089472,0.568548905,-0.595299914,0.340078622,0.454661067,167,11
1403636948.701666594,3.319231676,-5.019329255,-0.619140066,0.567806047,-0.593020313,0.342773596,0.456540757,164,11
1403636948.751666546,3.335118809,-5.046171875,-0.628118832,0.565149712,-0.594068324,0.348172740,0.454383507,155,11
1403636948.801666498,3.353841815,-5.071809240,-0.637749534,0.560319410,-0.597305944,0.356941972,0.449288545,87,11
1403636948.851666451,3.375011397,-5.098806421,-0.641726914,0.555723544,-0.599795262,0.365023385,0.445168412,161,11
1403636948.901666403,3.398105214,-5.125561277,-0.643936657,0.550984764,-0.602113869,0.373426078,0.440939501,177,11
1403636948.951666594,3.422433026,-5.152117193,-0.644867999,0.545477728,-0.604758604,0.382567906,0.436305944,182,11
1403636949.001666546,3.447071505,-5.178060824,-0.646284980,0.540658915,-0.606174301,0.390757506,0.433069539,175,11
1403636949.051666498,3.471332288,-5.203665779,-0.648951568,0.538256122,-0.607117106,0.395135424,0.430763466,154,11
1403636949.101666451,3.494965571,-5.228646924,-0.652764791,0.538143417,-0.606004378,0.396385926,0.431321869,177,11
1403636949.151666403,3.518300828,-5.252453076,-0.657520656,0.539165034,-0.604982363,0.395844594,0.431977389,165,11
1403636949.201666594,3.540837199,-5.275565554,-0.664075788,0.540128243,-0.604233093,0.395402036,0.432228042,177,11
1403636949.251666546,3.563197397,-5.297798551,-0.671888031,0.541983675,-0.603323708,0.393508347,0.432903430,177,11
1403636949.301666498,3.585655003,-5.318997468,-0.680683360,0.542034398,-0.603396259,0.394011281,0.432280900,178,11
1403636949.351666451,3.608225211,-5.339362645,-0.690436704,0.540901217,-0.603798680,0.396443646,0.430912361,169,11
1403636949.401666403,3.630185254,-5.358622795,-0.701435143,0.540137949,-0.604476347,0.398020944,0.429463234,100,11
1403636949.451666594,3.652081204,-5.376579392,-0.713726713,0.539472717,-0.604649345,0.399422867,0.428753695,155,11
1403636949.501666546,3.673741571,-5.393524783,-0.726210952,0.537915278,-0.605490444,0.401809251,0.427291236,163,11
1403636949.551666498,3.694831280,-5.409748791,-0.738413184,0.536925771,-0.606648075,0.403581193,0.425218826,170,11
1403636949.601666451,3.715228048,-5.425347602,-0.748716537,0.535933212,-0.607172202,0.405312463,0.424074659,164,11
1403636949.651666403,3.734905386,-5.439085560,-0.757834196,0.536529220,-0.608954329,0.404392442,0.421637017,151,11
1403636949.701666594,3.753539593,-5.452603804,-0.765166134,0.538487124,-0.610083502,0.401585380,0.420189149,171,11
1403636949.751666546,3.771391351,-5.465998036,-0.770100467,0.541238932,-0.611277605,0.397701446,0.418609207,160,11
1403636949.801666498,3.788607854,-5.478489506,-0.773392700,0.544000990,-0.612036180,0.394095196,0.417329144,170,11
1403636949.851666451,3.805399276,-5.489751559,-0.776516769,0.545754613,-0.615094329,0.391461413,0.412999795,169,11
1403636949.901666403,3.821210819,-5.500762087,-0.778528944,0.547978486,-0.616356434,0.388053086,0.411386834,167,11
1403636949.951666594,3.836347012,-5.511762480,-0.779663624,0.549358687,-0.618288046,0.385918273,0.408646561,160,11
1403636950.001666546,3.849879541,-5.524728341,-0.778859591,0.549935235,-0.619925265,0.384677292,0.406555390,114,11
1403636950.051666498,3.863602072,-5.537785609,-0.777898608,0.550714481,-0.621644813,0.382862400,0.404583327,170,11
1403636950.101666451,3.876723490,-5.552627902,-0.776329428,0.551132402,-0.623309416,0.381876420,0.402378985,172,11
1403636950.151666403,3.888908635,-5.568201695,-0.775261937,0.551949441,-0.623395574,0.380191873,0.402720639,179,11
1403636950.201666594,3.900280600,-5.584310216,-0.775685703,0.553269094,-0.622868817,0.377677047,0.404088844,171,11
1403636950.251666546,3.910692771,-5.602519755,-0.776377109,0.553942392,-0.621741431,0.376589517,0.405913482,157,11
1403636950.301666498,3.920801900,-5.620561541,-0.778938254,0.554305285,-0.620395880,0.375516295,0.408463114,178,11
1403636950.351666451,3.930918093,-5.639448722,-0.782004655,0.553971041,-0.618441965,0.375625103,0.411766200,169,11
1403636950.401666403,3.940899138,-5.659269860,-0.785922182,0.553875869,-0.616138098,0.375691041,0.415272931,177,11
1403636950.451666594,3.950679431,-5.680209921,-0.790617719,0.552844277,-0.613584370,0.377032985,0.419193934,178,11
1403636950.501666546,3.960397972,-5.701709370,-0.796403716,0.553844821,-0.609878692,0.375489862,0.424630731,177,11
1403636950.551666498,3.971261328,-5.719645923,-0.803441454,0.554567210,-0.606132805,0.374469576,0.429919491,151,11
1403636950.601666451,3.981441012,-5.743034665,-0.808916253,0.555360153,-0.603127404,0.373479998,0.433964429,104,11
1403636950.651666403,3.993342523,-5.765247891,-0.813695090,0.555660754,-0.601781928,0.373122010,0.435751768,169,11
1403636950.701666594,4.006387320,-5.787038782,-0.817437185,0.554293909,-0.601578195,0.375632573,0.435616929,167,11
1403636950.751666546,4.020438184,-5.809079355,-0.819231553,0.552637299,-0.601687950,0.378431807,0.435147095,174,11
1403636950.801666498,4.035501675,-5.830914370,-0.819171397,0.550150536,-0.602267847,0.382660460,0.433795805,167,11
1403636950.851666451,4.050954764,-5.852806007,-0.817143200,0.548723984,-0.603260453,0.385544197,0.431664786,154,11
1403636950.901666403,4.067368081,-5.873840278,-0.813721421,0.547855624,-0.603290485,0.387237785,0.431209582,175,11
1403636950.951666594,4.083905084,-5.894479591,-0.809291156,0.547629164,-0.603445987,0.388004452,0.430590043,169,11
1403636951.001666546,4.100469662,-5.914470665,-0.802345893,0.546794480,-0.603516609,0.389694786,0.430024968,173,11
1403636951.051666498,4.117230788,-5.933142382,-0.792993698,0.545054088,-0.604460534,0.392352005,0.428489683,176,11
1403636951.101666451,4.134362299,-5.950033750,-0.783250722,0.543437800,-0.606939489,0.394854824,0.424722830,172,11
1403636951.151666403,4.151087099,-5.967510510,-0.777466039,0.542535292,-0.610587750,0.396218461,0.419343520,150,11
1403636951.201666594,4.166102753,-5.989149685,-0.775579564,0.543839083,-0.613119448,0.394120223,0.415924086,99,11
1403636951.251666546,4.182127473,-6.005106683,-0.771606404,0.545825491,-0.614806321,0.390932652,0.413834970,165,11
1403636951.301666498,4.196912244,-6.022164737,-0.769658561,0.548807614,-0.616810924,0.386240408,0.411306254,159,11
1403636951.351666451,4.211317807,-6.039503086,-0.769399409,0.551389713,-0.618640504,0.382235958,0.408838579,182,11
1403636951.401666403,4.225125374,-6.057599845,-0.770418153,0.554083482,-0.619953171,0.378141451,0.407011799,171,11
1403636951.451666594,4.238418276,-6.078991699,-0.773110630,0.555956008,-0.620269652,0.375052898,0.406833872,151,11
1403636951.501666546,4.251296706,-6.099844662,-0.775924042,0.556779519,-0.620822563,0.373563551,0.406234151,181,11
1403636951.551666498,4.263707125,-6.122324988,-0.779588858,0.557253637,-0.620640363,0.372521277,0.406819151,176,11
1403636951.601666451,4.275838996,-6.145642742,-0.784095797,0.558321253,-0.619850037,0.370899141,0.408040607,174,11
1403636951.651666403,4.288068766,-6.170753912,-0.789035857,0.558349850,-0.618700913,0.370599145,0.410013291,189,11
1403636951.701666594,4.300495693,-6.196508469,-0.793163344,0.557930440,-0.617009846,0.371023684,0.412739507,177,11
1403636951.751666546,4.312359867,-6.224048637,-0.796048279,0.556904188,-0.615280502,0.372577573,0.415299387,173,11
1403636951.801666498,4.323987113,-6.253088465,-0.796107976,0.555659662,-0.613629027,0.374227754,0.417917869,150,11
1403636951.851666451,4.336128894,-6.282767486,-0.794382950,0.555971783,-0.610685872,0.374084609,0.421922799,214,11
1403636951.901666403,4.348535973,-6.312395727,-0.791983700,0.555765238,-0.608763498,0.374297899,0.424774158,193,11
1403636951.951666594,4.361522956,-6.342141654,-0.788646287,0.556701466,-0.606392217,0.372697002,0.428332701,216,11
1403636952.001666546,4.375195595,-6.372606968,-0.785893046,0.557223151,-0.604942153,0.372068010,0.430247310,204,11
1403636952.051666498,4.390179492,-6.403069328,-0.783904949,0.556996088,-0.604181649,0.371938236,0.431719633,213,11
1403636952.101666451,4.405744338,-6.433771375,-0.783509189,0.555774742,-0.603592828,0.373672361,0.432618886,224,11
1403636952.151666403,4.422166579,-6.464109456,-0.784633372,0.554242594,-0.604036653,0.375923483,0.432014356,232,11
1403636952.201666594,4.439082953,-6.493964545,-0.787087808,0.551947195,-0.603857567,0.379212642,0.432328700,224,11
1403636952.251666546,4.456608731,-6.523258201,-0.790931151,0.549366880,-0.604241072,0.383013663,0.431728262,244,11
1403636952.301666498,4.474808945,-6.551914048,-0.796256014,0.546113855,-0.605462292,0.387867794,0.429806521,235,11
1403636952.351666451,4.493524531,-6.579782362,-0.802507351,0.543114739,-0.606211689,0.392184568,0.428631582,228,11
1403636952.401666403,4.511463954,-6.605345888,-0.809104381,0.541076985,-0.606729157,0.394955274,0.427931955,193,11
1403636952.451666594,4.528965577,-6.632369158,-0.818708316,0.540816134,-0.605437867,0.395917366,0.429199648,260,11
1403636952.501666546,4.546660548,-6.659060252,-0.830197489,0.541294440,-0.604462915,0.395319617,0.430519818,252,11
1403636952.551666498,4.563858492,-6.683966946,-0.842272454,0.542585969,-0.603474221,0.393787605,0.431683510,260,11
1403636952.601666451,4.581245211,-6.708595615,-0.854031443,0.543595344,-0.601875970,0.392803353,0.433537708,268,11
1403636952.651666403,4.598579470,-6.731872951,-0.864623953,0.543788448,-0.601013640,0.392634927,0.434643006,269,11
1403636952.701666594,4.616127236,-6.754201185,-0.873862215,0.544620987,-0.600591171,0.391954725,0.434798481,263,11
1403636952.751666546,4.633934273,-6.775655732,-0.882649146,0.545654224,-0.601337734,0.390606105,0.433683374,259,11
1403636952.801666498,4.651938713,-6.795802450,-0.891111383,0.547892938,-0.603180801,0.387536016,0.431047660,258,11
1403636952.851666451,4.670097172,-6.815714153,-0.898265687,0.549233082,-0.605077108,0.385623570,0.428391382,269,11
1403636952.901666403,4.688564047,-6.835559261,-0.904979471,0.549999583,-0.607554752,0.384330151,0.425050606,271,11
1403636952.951666594,4.707067660,-6.855395278,-0.912818242,0.550439429,-0.611110676,0.383356219,0.420235870,260,11
1403636953.001666546,4.724774283,-6.875707759,-0.921364964,0.549275393,-0.614915413,0.384282474,0.415334273,241,11
1403636953.051666498,4.742789796,-6.896089140,-0.931697224,0.548079616,-0.618002603,0.385471913,0.411209097,270,11
1403636953.101666451,4.760071682,-6.916250842,-0.942887861,0.546282429,-0.620443844,0.387633154,0.407879250,265,11
1403636953.151666403,4.776522669,-6.937225259,-0.955615294,0.545793374,-0.621948904,0.388147299,0.405747247,262,11
1403636953.201666594,4.792005854,-6.958639180,-0.969419852,0.545504581,-0.622598059,0.388238525,0.405052165,257,11
1403636953.251666546,4.806393974,-6.980190556,-0.984222087,0.546064179,-0.622575174,0.387546618,0.404995905,246,11
1403636953.301666498,4.820008402,-7.001705065,-0.997475778,0.546376836,-0.622157873,0.387398868,0.405356697,251,11
1403636953.351666451,4.832630259,-7.024085566,-1.009589768,0.547300752,-0.621472720,0.386650479,0.405875537,245,11
1403636953.401666403,4.844582683,-7.046684492,-1.018875809,0.548096066,-0.619020587,0.386004847,0.409150917,253,11
1403636953.451666594,4.856072917,-7.069972208,-1.027183541,0.549005802,-0.616571908,0.385164603,0.412407493,252,11
1403636953.501666546,4.867145658,-7.092642494,-1.033359030,0.550609316,-0.613531608,0.383731506,0.416123154,252,11
1403636953.551666498,4.878122331,-7.115803489,-1.038390105,0.551081927,-0.611453684,0.383773018,0.418510900,248,11
1403636953.601666451,4.888784097,-7.139041111,-1.042168998,0.553129133,-0.610016626,0.381378913,0.420092851,207,11
1403636953.651666403,4.899955003,-7.162526591,-1.044167477,0.555867160,-0.608868547,0.378406458,0.420831730,229,11
1403636953.701666594,4.911543163,-7.185993474,-1.044115572,0.558944914,-0.608343305,0.374858848,0.420689731,240,11
1403636953.751666546,4.923729351,-7.210905272,-1.041901675,0.561554042,-0.607351926,0.371960891,0.421219411,244,11
1403636953.801666498,4.936572833,-7.236458669,-1.036886637,0.564479482,-0.605204819,0.368539912,0.423400962,260,11
1403636953.851666451,4.950284936,-7.263651829,-1.030867008,0.565833505,-0.603379745,0.367714098,0.424913721,256,11
1403636953.901666403,4.965324757,-7.291448995,-1.023408944,0.565415777,-0.603560336,0.369334200,0.423806757,255,11
1403636953.951666594,4.981420933,-7.320303411,-1.014901160,0.564728774,-0.603999721,0.370959054,0.422676152,253,11
1403636954.001666546,4.998463463,-7.349298275,-1.006707573,0.563745653,-0.604873261,0.372979418,0.420957873,244,11
1403636954.051666498,5.016134328,-7.378377767,-0.999440735,0.562830875,-0.605266421,0.374693115,0.420094079,247,11
1403636954.101666451,5.034115447,-7.408141351,-0.994038383,0.562394634,-0.605346971,0.375332167,0.419991767,235,11
1403636954.151666403,5.052863543,-7.437666560,-0.989810610,0.561586075,-0.605479041,0.376706098,0.419653103,244,11
1403636954.201666594,5.071916615,-7.467815607,-0.986511245,0.561340233,-0.605677156,0.377096932,0.419345002,227,11
1403636954.251666546,5.091792250,-7.498936060,-0.984453964,0.561975722,-0.606544332,0.376040124,0.418187860,250,11
1403636954.301666498,5.111992805,-7.530677722,-0.981088387,0.562105121,-0.606907589,0.375615688,0.417868240,262,11
1403636954.351666451,5.132629061,-7.563110822,-0.976737352,0.561597145,-0.608138377,0.375642580,0.416736144,253,11
1403636954.401666403,5.153832014,-7.595663999,-0.970955383,0.562480248,-0.609498002,0.373600423,0.415392441,253,11
1403636954.451666594,5.175436609,-7.628525079,-0.963335600,0.561894011,-0.610590400,0.373538932,0.414636167,255,11
1403636954.501666546,5.197233612,-7.661799812,-0.954827296,0.561614164,-0.611992030,0.372567983,0.413821682,273,11
1403636954.551666498,5.218977053,-7.696471360,-0.946241262,0.561299487,-0.612233229,0.371593113,0.414767307,267,11
1403636954.601666451,5.240950899,-7.731776683,-0.938538459,0.561251876,-0.612383125,0.369936987,0.416088772,248,11
1403636954.651666403,5.263060516,-7.767775608,-0.933914399,0.560154929,-0.612081567,0.369721025,0.418197291,247,11
1403636954.701666594,5.285426728,-7.804561986,-0.934326541,0.558116164,-0.612063119,0.370481509,0.420271981,227,11
1403636954.751666546,5.308140381,-7.841679028,-0.938584589,0.555290314,-0.611546300,0.372441694,0.423025973,221,11
1403636954.801666498,5.331947234,-7.878661577,-0.945354522,0.552292202,-0.611382545,0.374415359,0.425438416,186,11
1403636954.851666451,5.354005345,-7.914459954,-0.954502657,0.549731873,-0.610738968,0.375686313,0.428547051,197,11
1403636954.901666403,5.378308411,-7.951494748,-0.965010308,0.546608051,-0.611179466,0.377843897,0.430015451,203,11
1403636954.951666594,5.402709469,-7.988068181,-0.977173926,0.543752583,-0.611586128,0.379341361,0.431735646,185,11
1403636955.001666546,5.427698826,-8.023812070,-0.990097790,0.542253494,-0.611524821,0.378872350,0.434113216,192,11
1403636955.051666498,5.452779048,-8.059913579,-1.003833229,0.541346633,-0.612434282,0.377525472,0.435135140,174,11
1403636955.101666451,5.478104642,-8.095565750,-1.016525648,0.541119892,-0.613273540,0.375035037,0.436386925,185,11
1403636955.151666403,5.504169905,-8.131261053,-1.027036215,0.540813820,-0.613618198,0.372859032,0.438142969,181,11
1403636955.201666594,5.530617280,-8.166766463,-1.035534739,0.539887779,-0.614851375,0.371213457,0.438952779,176,11
1403636955.251666546,5.557487513,-8.202233720,-1.041884620,0.537723004,-0.616359274,0.371251216,0.439463025,176,11
1403636955.301666498,5.584664914,-8.236181460,-1.046358533,0.536162348,-0.617228114,0.370425945,0.440844656,169,11
1403636955.351666451,5.612735867,-8.269547091,-1.048707239,0.535139400,-0.617668546,0.368848164,0.442789365,159,11
1403636955.401666403,5.641649840,-8.301748618,-1.049795750,0.533382292,-0.618835514,0.368672530,0.443425870,133,11
1403636955.451666594,5.670352074,-8.334605411,-1.051343181,0.532782065,-0.619324338,0.367077210,0.444786418,164,11
1403636955.501666546,5.699539048,-8.367520905,-1.054330467,0.531978816,-0.620255401,0.366251829,0.445130739,171,11
1403636955.551666498,5.729213832,-8.399787724,-1.058845717,0.531358379,-0.620863322,0.365296471,0.445808811,143,11
1403636955.601666451,5.759674280,-8.432067399,-1.064825026,0.530287734,-0.621589967,0.365095532,0.446235459,141,11
1403636955.651666403,5.790794099,-8.461974646,-1.070957667,0.529921701,-0.622039226,0.363985705,0.446950331,141,11
1403636955.701666594,5.822297248,-8.493099817,-1.078326545,0.529257409,-0.622438216,0.363770749,0.447356797,159,11
1403636955.751666546,5.853877746,-8.523726378,-1.084370713,0.528788888,-0.623155589,0.363519606,0.447116226,152,11
1403636955.801666498,5.886034650,-8.554886046,-1.088641252,0.528765372,-0.622897409,0.362725334,0.448147667,176,11
1403636955.851666451,5.918688325,-8.585648768,-1.091000266,0.527831621,-0.624277183,0.363150862,0.446982360,174,11
1403636955.901666403,5.951429505,-8.616205497,-1.090584364,0.525942990,-0.625786030,0.365342362,0.445309751,172,11
1403636955.951666594,5.984361563,-8.646311531,-1.088056060,0.523310473,-0.628688862,0.368105710,0.442034671,166,11
1403636956.001666546,6.017512099,-8.676063856,-1.083574504,0.519383998,-0.631517834,0.372785866,0.438698286,134,11
1403636956.051666498,6.049509247,-8.705520175,-1.077196866,0.515185978,-0.634514111,0.377483095,0.435295031,146,11
1403636956.101666451,6.080858481,-8.734210762,-1.069580238,0.511387847,-0.637147524,0.381942811,0.432024527,143,11
1403636956.151666403,6.110172047,-8.761613903,-1.061566043,0.509704428,-0.639111950,0.383379946,0.429833838,124,11
1403636956.201666594,6.139431545,-8.789496906,-1.055283249,0.507430532,-0.640615829,0.385407070,0.428470542,126,11
1403636956.251666546,6.166482211,-8.817176045,-1.051093619,0.506446669,-0.641535755,0.385624948,0.428061964,117,11
1403636956.301666498,6.192937205,-8.844161924,-1.048626619,0.507999391,-0.640831786,0.382606639,0.429980698,152,11
1403636956.351666451,6.217790378,-8.869902091,-1.047248582,0.511005799,-0.638083346,0.377308377,0.435156416,134,11
1403636956.401666403,6.242695691,-8.895570397,-1.049147131,0.514444487,-0.635981982,0.372134663,0.438622368,153,11
1403636956.451666594,6.266587132,-8.920215696,-1.051315789,0.517077426,-0.632947951,0.368285788,0.443140390,153,11
1403636956.501666546,6.290748782,-8.944546472,-1.054978738,0.519494808,-0.630091042,0.366201766,0.446101659,153,11
1403636956.551666498,6.315272313,-8.968482454,-1.059101868,0.520436936,-0.626003512,0.369366864,0.448144082,146,11
1403636956.601666451,6.340795106,-8.991929316,-1.064539689,0.521183796,-0.622607096,0.375125126,0.447223651,124,11
1403636956.651666403,6.366232881,-9.014644184,-1.070526131,0.521888647,-0.619529807,0.383071687,0.443926953,145,11
1403636956.701666594,6.391520750,-9.035957059,-1.077708482,0.523194349,-0.617123823,0.392565754,0.437399119,144,11
1403636956.751666546,6.415163936,-9.055453566,-1.084848610,0.527094378,-0.614405629,0.400478848,0.429294691,125,11
1403636956.801666498,6.438826926,-9.074391703,-1.090296781,0.532299264,-0.610681978,0.408327068,0.420706574,126,11
1403636956.851666451,6.461117965,-9.094044388,-1.095610012,0.539771366,-0.605721845,0.414984959,0.411746769,119,11
1403636956.901666403,6.483110797,-9.112107387,-1.097428283,0.549585457,-0.598789835,0.419393742,0.404370434,145,11
1403636956.951666594,6.504050391,-9.129940346,-1.097014132,0.559760326,-0.589470596,0.423619624,0.399673876,128,11
1403636957.001666546,6.523847322,-9.146007792,-1.094810130,0.570976047,-0.579163218,0.427089964,0.395158807,147,11
1403636957.051666498,6.542910740,-9.161526901,-1.090834502,0.582454025,-0.567485522,0.430258801,0.391899037,135,11
1403636957.101666451,6.561955072,-9.177580123,-1.085328233,0.593687175,-0.555939230,0.433599342,0.387890089,166,11
1403636957.151666403,6.581054211,-9.193335726,-1.079037996,0.604995918,-0.544852822,0.436045314,0.383379480,161,11
1403636957.201666594,6.599644592,-9.208796952,-1.071235102,0.614615661,-0.534750534,0.438987845,0.378918366,135,11
1403636957.251666546,6.617449233,-9.222938540,-1.062341436,0.621980030,-0.526425614,0.442878552,0.373999335,158,11
1403636957.301666498,6.634987365,-9.237218489,-1.054606079,0.628513434,-0.519985976,0.445374873,0.369088973,155,11
1403636957.351666451,6.652574787,-9.251340975,-1.048419957,0.633799803,-0.513984069,0.448043412,0.365205815,161,11
1403636957.401666403,6.669412903,-9.263470208,-1.043034916,0.637621761,-0.509677435,0.451035389,0.360880147,141,11
1403636957.451666594,6.685830357,-9.274570067,-1.039699545,0.640771019,-0.506017647,0.453207666,0.357717003,129,11
1403636957.501666546,6.702410486,-9.286004752,-1.039109893,0.642568588,-0.503656931,0.455599959,0.354773145,161,11
1403636957.551666498,6.718523300,-9.297002469,-1.041109911,0.644394333,-0.501719934,0.457709418,0.351475660,146,11
1403636957.601666451,6.734850607,-9.307882079,-1.044281214,0.646195064,-0.498904727,0.460550224,0.348453016,147,11
1403636957.651666403,6.750944314,-9.317684498,-1.049450619,0.648749518,-0.495626610,0.463212183,0.344837353,115,11
1403636957.701666594,6.766897905,-9.327785926,-1.056321413,0.651614121,-0.491657868,0.466526896,0.340623301,164,11
1403636957.751666546,6.782756604,-9.337244562,-1.064840590,0.655519798,-0.487156832,0.469958460,0.334829900,153,11
1403636957.801666498,6.798659121,-9.346336608,-1.074426135,0.660794157,-0.481035766,0.474104815,0.327384022,129,11
1403636957.851666451,6.814708420,-9.355485927,-1.084694652,0.666847692,-0.473279264,0.479058515,0.319098469,167,11
1403636957.901666403,6.830725435,-9.364080263,-1.095396605,0.673835547,-0.463743581,0.484195636,0.310551337,142,11
1403636957.951666594,6.846153238,-9.372481032,-1.105426234,0.681522669,-0.452712429,0.489164950,0.302152213,162,11
1403636958.001666546,6.861231864,-9.381209421,-1.113513641,0.689099470,-0.441059096,0.494816836,0.292856780,144,11
1403636958.051666498,6.874380067,-9.390495500,-1.121869450,0.696640513,-0.429832085,0.499814181,0.283058577,139,11
1403636958.101666451,6.887331550,-9.399271986,-1.126739653,0.704284605,-0.417494053,0.503783453,0.275470768,162,11
1403636958.151666403,6.899561125,-9.408812729,-1.129843925,0.711050894,-0.406747515,0.506913149,0.268332155,179,11
1403636958.201666594,6.911351446,-9.418921651,-1.130310100,0.716724026,-0.397668009,0.510095636,0.260709164,178,11
1403636958.251666546,6.921560259,-9.427786875,-1.127073762,0.721640518,-0.388409272,0.513403957,0.254537970,126,11
1403636958.301666498,6.930864012,-9.436587101,-1.122076429,0.726091333,-0.378907433,0.516792486,0.249291112,167,11
1403636958.351666451,6.939873425,-9.445513790,-1.115190762,0.731370047,-0.370099630,0.518172815,0.244174227,160,11
1403636958.401666403,6.947419893,-9.452288414,-1.106789929,0.735764566,-0.361821724,0.519156788,0.241271159,140,11
1403636958.451666594,6.954719002,-9.461307482,-1.096380730,0.738999737,-0.355689378,0.520224053,0.238183521,173,11
1403636958.501666546,6.961667341,-9.470293631,-1.087122006,0.742316723,-0.350583540,0.520028464,0.235854744,164,11
1403636958.551666498,6.968437389,-9.479565942,-1.079060631,0.744487174,-0.346543239,0.520229567,0.234537477,169,11
1403636958.601666451,6.976409333,-9.489297807,-1.073011174,0.745493174,-0.343797661,0.521177755,0.233274182,148,11
1403636958.651666403,6.984361699,-9.498185432,-1.066510447,0.746528613,-0.341584083,0.521371504,0.232781226,141,11
1403636958.701666594,6.990868258,-9.508302458,-1.061819954,0.746858808,-0.339918498,0.521796610,0.233207275,137,11
1403636958.751666546,6.997889325,-9.518083141,-1.058367830,0.747208060,-0.338976606,0.521673197,0.233735001,153,11
1403636958.801666498,7.005443854,-9.528076005,-1.055850723,0.747178391,-0.338864783,0.521846283,0.233605583,154,11
1403636958.851666451,7.013285722,-9.538061500,-1.055427552,0.747147157,-0.339195077,0.521653981,0.233655621,112,11
1403636958.901666403,7.021384617,-9.548614452,-1.055593080,0.747734997,-0.339367625,0.520052802,0.235089498,151,11
1403636958.951666594,7.030092032,-9.559567587,-1.057345545,0.747538065,-0.339450407,0.519362525,0.237113539,129,11
1403636959.001666546,7.039247791,-9.570245446,-1.060385820,0.747223990,-0.340364023,0.518831303,0.237955290,118,11
1403636959.051666498,7.047972041,-9.580793514,-1.065051541,0.746970472,-0.341378554,0.518158656,0.238762233,149,11
1403636959.101666451,7.057156401,-9.590971591,-1.071063964,0.747010855,-0.343034407,0.517061218,0.238641728,141,11
1403636959.151666403,7.066791273,-9.601499171,-1.078100975,0.746483127,-0.344550756,0.516850588,0.238564847,147,11
1403636959.201666594,7.077108108,-9.612343582,-1.085862886,0.746114299,-0.345225033,0.516427376,0.239657869,134,11
1403636959.251666546,7.087254500,-9.622579714,-1.094935330,0.745743854,-0.345321728,0.516073372,0.241427596,135,11
1403636959.301666498,7.097793385,-9.632807187,-1.106016061,0.745910810,-0.344346512,0.514782367,0.245033994,129,11
1403636959.351666451,7.108791155,-9.643354438,-1.118414201,0.746561449,-0.342738510,0.513109445,0.248787085,144,11
1403636959.401666403,7.120272754,-9.653545193,-1.132443333,0.746363090,-0.342485220,0.512526082,0.250924345,146,11
1403636959.451666594,7.132466375,-9.663651188,-1.147154740,0.745852706,-0.341599574,0.512719644,0.253243043,107,11
1403636959.501666546,7.145198355,-9.673201502,-1.163627594,0.744700722,-0.341090615,0.513769450,0.255184207,143,11
1403636959.551666498,7.157533048,-9.680871026,-1.179868269,0.741680354,-0.342653316,0.517746602,0.253845257,122,11
1403636959.601666451,7.170179186,-9.687914639,-1.195012553,0.738487066,-0.344399457,0.521896659,0.252289011,131,11
1403636959.651666403,7.183413894,-9.696189733,-1.208670015,0.737585226,-0.345527147,0.522846182,0.251417770,164,11
1403636959.701666594,7.196158580,-9.703883409,-1.220526804,0.737677031,-0.347655076,0.521968887,0.250034053,155,11
1403636959.751666546,7.210223833,-9.712221859,-1.229764116,0.737674122,-0.349561901,0.521285208,0.248807354,156,11
1403636959.801666498,7.223539417,-9.719417551,-1.236898479,0.738376363,-0.350631936,0.519874710,0.248169048,141,11
1403636959.851666451,7.235136035,-9.725741143,-1.242641992,0.738347286,-0.351869179,0.519482853,0.247323539,147,11
1403636959.901666403,7.248183550,-9.731653600,-1.246349175,0.738914978,-0.352945009,0.517989295,0.247227762,142,11
1403636959.951666594,7.260799258,-9.737016685,-1.247984473,0.739254427,-0.353455586,0.517263322,0.247003432,154,11
1403636960.001666546,7.273645432,-9.742280208,-1.247179113,0.738976501,-0.354181573,0.517395763,0.246517280,155,11
1403636960.051666498,7.286922195,-9.746998260,-1.244957338,0.739022814,-0.354127949,0.517196802,0.246872729,118,11
1403636960.101666451,7.300164994,-9.752492651,-1.241767438,0.738681896,-0.354225321,0.517663345,0.246775484,153,11
1403636960.151666403,7.313337414,-9.756816550,-1.236982269,0.739087290,-0.353436274,0.516868637,0.248353759,113,11
1403636960.201666594,7.325922777,-9.761917109,-1.232234886,0.739608670,-0.352564225,0.516259935,0.249305359,119,11
1403636960.251666546,7.339576596,-9.767459008,-1.229664238,0.741239920,-0.348942677,0.513888973,0.254402265,152,11
1403636960.301666498,7.353743794,-9.772681460,-1.228581252,0.742469621,-0.346922797,0.512028072,0.257314378,148,11
1403636960.351666451,7.368744254,-9.777615402,-1.228515189,0.743120097,-0.344738132,0.511111472,0.260179178,148,11
1403636960.401666403,7.384212786,-9.782467644,-1.228802284,0.742311315,-0.343018044,0.512428365,0.262163505,136,11
1403636960.451666594,7.401065359,-9.785948767,-1.231113018,0.741583555,-0.340403774,0.514616828,0.263341265,144,11
1403636960.501666546,7.418377862,-9.787496539,-1.233635990,0.741394315,-0.336788038,0.516908789,0.264033316,138,11
1403636960.551666498,7.436139828,-9.788724709,-1.237317809,0.741719059,-0.332822144,0.518819494,0.264402325,149,11
1403636960.601666451,7.455074990,-9.789222330,-1.242310603,0.742215553,-0.328798554,0.520535417,0.264670482,149,11
1403636960.651666403,7.474320433,-9.788346117,-1.248711334,0.742194894,-0.326384996,0.522904525,0.263040741,112,11
1403636960.701666594,7.494118787,-9.786168316,-1.256604871,0.741932962,-0.326940098,0.525586928,0.257689802,148,11
1403636960.751666546,7.512278419,-9.780219839,-1.267533477,0.742200676,-0.328724063,0.527436999,0.250776511,106,11
1403636960.801666498,7.532707082,-9.775910184,-1.277589359,0.743583761,-0.329051350,0.528557130,0.243794501,135,11
1403636960.851666451,7.553446471,-9.770804466,-1.287922744,0.745545548,-0.327075207,0.530266177,0.236646205,165,11
1403636960.901666403,7.574222816,-9.765200981,-1.298587126,0.748657367,-0.322481237,0.531774625,0.229638298,158,11
1403636960.951666594,7.594956763,-9.758868437,-1.308389411,0.752323997,-0.315708072,0.533582689,0.222770130,155,11
1403636961.001666546,7.615470211,-9.752097152,-1.316786150,0.756033826,-0.306025616,0.536547632,0.216512849,137,11
1403636961.051666498,7.635826630,-9.745072202,-1.323483171,0.759828766,-0.295889821,0.539688156,0.209394732,141,11
1403636961.101666451,7.655861916,-9.737124228,-1.328933281,0.763570000,-0.285910767,0.542904011,0.201174360,129,11
1403636961.151666403,7.675675820,-9.728839969,-1.332226271,0.767074980,-0.275274307,0.546501908,0.192758128,161,11
1403636961.201666594,7.694793741,-9.720224702,-1.333960017,0.771414706,-0.264131385,0.548751385,0.184461054,160,11
1403636961.251666546,7.714384922,-9.711190227,-1.333407361,0.774986431,-0.253697144,0.551558470,0.175547842,124,11
1403636961.301666498,7.733680625,-9.702245313,-1.330739112,0.778727833,-0.242368158,0.553299950,0.169410164,146,11
1403636961.351666451,7.752349160,-9.694570121,-1.326071247,0.781270911,-0.232344030,0.555633114,0.164023955,137,11
1403636961.401666403,7.770698924,-9.686901254,-1.319092487,0.783649901,-0.223930067,0.557333197,0.158517709,137,11
1403636961.451666594,7.787201352,-9.678297376,-1.310720728,0.785476437,-0.216966880,0.558838323,0.153791637,155,11
1403636961.501666546,7.803497490,-9.669618977,-1.300917551,0.787270330,-0.211464382,0.559770303,0.148813478,153,11
1403636961.551666498,7.820508029,-9.660867802,-1.289155689,0.788791229,-0.205234678,0.561153735,0.144199893,146,11
1403636961.601666451,7.837237411,-9.651589910,-1.275762425,0.790437481,-0.198791291,0.562507960,0.138835897,161,11
1403636961.651666403,7.853693386,-9.642018315,-1.260971125,0.791910440,-0.192164046,0.564171555,0.132895790,163,11
1403636961.701666594,7.870436649,-9.633280080,-1.244332281,0.793244277,-0.184602859,0.565947865,0.128016855,128,11
1403636961.751666546,7.886484638,-9.623667035,-1.226304775,0.794803489,-0.176780451,0.567409248,0.122812179,155,11
1403636961.801666498,7.902521413,-9.613697990,-1.209015208,0.796307257,-0.168603740,0.568836130,0.117868519,154,11
1403636961.851666451,7.917665494,-9.602438866,-1.194481625,0.798986148,-0.160014771,0.568564647,0.112918781,121,11
1403636961.901666403,7.932379782,-9.592185046,-1.179901180,0.800369535,-0.150863383,0.570051325,0.108121846,126,11
1403636961.951666594,7.947691301,-9.581158346,-1.167073950,0.801470695,-0.142093990,0.571994874,0.101370046,134,11
1403636962.001666546,7.961835516,-9.569844387,-1.156143846,0.803536652,-0.132934558,0.572380399,0.095068035,140,11
1403636962.051666498,7.976316410,-9.558143031,-1.146339885,0.805661586,-0.123789818,0.572530018,0.088288554,156,11
1403636962.101666451,7.990536249,-9.546182497,-1.137205350,0.807485875,-0.114056778,0.572939340,0.081842083,155,11
1403636962.151666403,8.004799888,-9.535495830,-1.127810652,0.809009243,-0.104174003,0.573601504,0.075054223,133,11
1403636962.201666594,8.018189065,-9.523579012,-1.117127457,0.810108242,-0.094424651,0.574611627,0.068044838,139,11
1403636962.251666546,8.031586719,-9.511468442,-1.104974435,0.810319418,-0.083517014,0.576701583,0.061827446,162,11
1403636962.301666498,8.044834643,-9.500469557,-1.091240764,0.811533506,-0.072478595,0.577129571,0.055512879,129,11
1403636962.351666451,8.056513486,-9.487238487,-1.076204189,0.812341480,-0.062416151,0.577872591,0.047632043,155,11
1403636962.401666403,8.068484115,-9.473965505,-1.059676045,0.812822599,-0.051114965,0.578823973,0.040859403,150,11
1403636962.451666594,8.080292932,-9.460013574,-1.042486544,0.813494120,-0.040082416,0.579189377,0.034064372,156,11
1403636962.501666546,8.094278129,-9.446761393,-1.022463307,0.814051330,-0.027551755,0.579399791,0.029278221,122,11
1403636962.551666498,8.105418554,-9.432450304,-1.002348615,0.814565837,-0.014442902,0.579369873,0.024585558,123,11
1403636962.601666451,8.115844125,-9.417163247,-0.982053994,0.814981587,-0.001260787,0.579138716,0.020044247,143,11
1403636962.651666403,8.126552681,-9.401814775,-0.962499918,0.815027915,0.011403590,0.579073401,0.016536370,152,11
1403636962.701666594,8.136811036,-9.385692173,-0.944281204,0.814826828,0.023445954,0.579053865,0.014288058,149,11
1403636962.751666546,8.144411477,-9.368448361,-0.928151175,0.814181796,0.033384011,0.579525793,0.011973573,154,11
1403636962.801666498,8.151966506,-9.350112585,-0.913438309,0.814209670,0.040401443,0.579092951,0.009038309,154,11
1403636962.851666451,8.160408496,-9.330428977,-0.900304070,0.813469694,0.046123755,0.579735965,0.006772513,164,11
1403636962.901666403,8.167876753,-9.309677017,-0.889516634,0.813147236,0.048310451,0.580045287,0.002266487,137,11
1403636962.951666594,8.174998199,-9.287354032,-0.879992672,-0.812372095,-0.048447752,-0.581115222,0.003081013,162,11
1403636963.001666546,8.180481077,-9.263551249,-0.870577518,-0.809582898,-0.047718837,-0.585006357,0.008124462,142,11
1403636963.051666498,8.186065138,-9.239811997,-0.863202043,-0.806336606,-0.046713748,-0.589490077,0.011855460,158,11
1403636963.101666451,8.191593891,-9.215421855,-0.857378132,-0.803889438,-0.045405729,-0.592864299,0.014560680,129,11
1403636963.151666403,8.194528729,-9.190638552,-0.852513775,-0.802843482,-0.044139204,-0.594333937,0.016163104,123,11
1403636963.201666594,8.198206015,-9.164413151,-0.849566920,-0.803275793,-0.042678831,-0.593850908,0.016358992,148,11
1403636963.251666546,8.199853218,-9.138777173,-0.848292963,-0.805376019,-0.039776484,-0.591146490,0.018251757,153,11
1403636963.301666498,8.199729539,-9.112873508,-0.847539488,-0.807196289,-0.036443348,-0.588791015,0.020764724,131,11
1403636963.351666451,8.197848808,-9.087425279,-0.848716201,-0.808815525,-0.032493188,-0.586711639,0.023045435,137,11
1403636963.401666403,8.195655696,-9.062216011,-0.850417848,-0.809858314,-0.029749521,-0.585392694,0.023661594,137,11
1403636963.451666594,8.194284218,-9.037193013,-0.852276602,-0.810781461,-0.028324462,-0.584230898,0.022481221,165,11
1403636963.501666546,8.191345764,-9.012933663,-0.854248010,-0.811173521,-0.027672504,-0.583814276,0.019815220,141,11
1403636963.551666498,8.187885779,-8.988047778,-0.854902291,-0.811208763,-0.026611608,-0.583868664,0.018153463,164,11
1403636963.601666451,8.182648057,-8.962681600,-0.853654189,-0.811462775,-0.025974065,-0.583616070,0.015677862,149,11
1403636963.651666403,8.178104327,-8.937905989,-0.851603331,-0.811753383,-0.024974910,-0.583309109,0.013534459,166,11
1403636963.701666594,8.174938263,-8.912595510,-0.846416349,-0.811934350,-0.023911754,-0.583148476,0.011344359,139,11
1403636963.751666546,8.171216573,-8.887375721,-0.839421991,-0.812011048,-0.022670487,-0.583115419,0.010025720,136,11
1403636963.801666498,8.166398851,-8.862080421,-0.831374533,-0.812323921,-0.021572697,-0.582743099,0.008657181,160,11
1403636963.851666451,8.160751125,-8.836842473,-0.821539930,-0.812023995,-0.020702941,-0.583205965,0.007695615,162,11
1403636963.901666403,8.154687125,-8.811502294,-0.809546927,-0.811686745,-0.020010409,-0.583716742,0.006243081,141,11
1403636963.951666594,8.147741267,-8.785125718,-0.796515440,-0.811420145,-0.018949139,-0.584124065,0.006111878,145,11
1403636964.001666546,8.139179605,-8.759271611,-0.782542818,-0.811289178,-0.018841442,-0.584316827,0.005358707,132,11
1403636964.051666498,8.131376584,-8.733118732,-0.766291000,-0.811098331,-0.018320992,-0.584600474,0.005111120,153,11
1403636964.101666451,8.123281915,-8.708020330,-0.748850622,-0.810942403,-0.018933588,-0.584802210,0.004507025,129,11
1403636964.151666403,8.114085296,-8.681466539,-0.731619227,-0.810474271,-0.019446497,-0.585437537,0.004022517,152,11
1403636964.201666594,8.104258073,-8.654174147,-0.715643277,-0.809511435,-0.019826736,-0.586756051,0.003933619,136,11
1403636964.251666546,8.093546702,-8.627067131,-0.701775980,-0.809489913,-0.020287130,-0.586768720,0.004120818,151,11
1403636964.301666498,8.082720017,-8.599986798,-0.689016465,-0.809836405,-0.021767875,-0.586245639,0.002684497,124,11
1403636964.351666451,8.071583966,-8.572333280,-0.678141921,-0.809438149,-0.022487270,-0.586767514,0.002844178,140,11
1403636964.401666403,8.060000648,-8.544152866,-0.668714714,-0.809411551,-0.023508024,-0.586766458,0.002331963,163,11
1403636964.451666594,8.047759885,-8.515681973,-0.660637902,-0.809373189,-0.024881950,-0.586763345,0.002169583,165,11
1403636964.501666546,8.035494968,-8.487014176,-0.653588935,-0.809152031,-0.026982447,-0.586978466,0.001104123,145,11
1403636964.551666498,8.021941081,-8.457060755,-0.648028730,-0.809553641,-0.030170349,-0.586269806,0.000606776,152,11
1403636964.601666451,8.008201810,-8.426642648,-0.642982919,0.808433704,0.036349832,0.587462318,0.001289194,148,11
1403636964.651666403,7.993666133,-8.395127662,-0.639993235,-0.808256715,-0.041855967,-0.587340750,0.000060338,158,11
1403636964.701666594,7.978224411,-8.363726469,-0.639136099,-0.808184286,-0.048970395,-0.586888251,0.001497329,131,11
1403636964.751666546,7.962701813,-8.330150073,-0.638822958,-0.807728791,-0.057234894,-0.586761042,0.003137811,153,11
1403636964.801666498,7.946610263,-8.295154227,-0.639851894,-0.806790500,-0.065984584,-0.587110501,0.006031787,138,11
1403636964.851666451,7.929250101,-8.258455527,-0.640867469,-0.805776808,-0.073613831,-0.587474076,0.013377242,149,11
1403636964.901666403,7.912827046,-8.222174198,-0.640815692,-0.803819816,-0.081145424,-0.588867279,0.022900897,126,11
1403636964.951666594,7.892350399,-8.183038103,-0.638843558,-0.801389576,-0.091008761,-0.590406736,0.030199987,147,11
1403636965.001666546,7.870958442,-8.142502603,-0.635086268,-0.799561014,-0.100851124,-0.590762941,0.039120113,153,11
1403636965.051666498,7.849037045,-8.100622010,-0.629593202,-0.798199226,-0.108952000,-0.590373510,0.049664633,171,11
1403636965.101666451,7.826555439,-8.058407154,-0.622257707,-0.798277211,-0.118382185,-0.587900768,0.055783857,156,11
1403636965.151666403,7.804351877,-8.014341320,-0.612549150,-0.798512197,-0.125416321,-0.585373543,0.063141375,147,11
1403636965.201666594,7.780227423,-7.971036010,-0.602073368,-0.800724289,-0.132268398,-0.580273889,0.068028652,139,11
1403636965.251666546,7.755362487,-7.927363700,-0.590060774,-0.803674404,-0.138483421,-0.574257110,0.071823155,151,11
1403636965.301666498,7.732038227,-7.883998466,-0.576858508,-0.809170868,-0.143232245,-0.564984195,0.074295964,143,11
1403636965.351666451,7.707636001,-7.839822719,-0.563106499,-0.815051474,-0.147655678,-0.555136772,0.075578171,165,11
1403636965.401666403,7.683458286,-7.794561865,-0.547887024,-0.821117711,-0.150831857,-0.545138816,0.076414179,146,11
1403636965.451666594,7.659339554,-7.748601648,-0.530636349,-0.826129789,-0.152132484,-0.536888486,0.078205068,148,11
1403636965.501666546,7.640628440,-7.701977745,-0.510343494,-0.829168740,-0.150859762,-0.531950690,0.082152275,129,11
1403636965.551666498,7.623067849,-7.653810756,-0.487144730,-0.828536224,-0.148618164,-0.532890614,0.086417364,157,11
1403636965.601666451,7.608986354,-7.604598623,-0.459734907,-0.824257834,-0.144025276,-0.539636531,0.092995465,144,11
1403636965.651666403,7.596853002,-7.555313440,-0.430182636,-0.818241418,-0.139501813,-0.548780672,0.099297530,159,11
1403636965.701666594,7.585296956,-7.505528779,-0.401544060,-0.813038848,-0.133990308,-0.556566747,0.106056046,178,11
1403636965.751666546,7.575434016,-7.457029307,-0.373527654,-0.808955534,-0.129634803,-0.562608901,0.110711274,172,11
1403636965.801666498,7.564208934,-7.409552906,-0.348036077,-0.805447097,-0.128421172,-0.567885415,0.110766111,157,11
1403636965.851666451,7.548731379,-7.361617058,-0.325202209,-0.802779818,-0.130109311,-0.572065640,0.106569390,150,11
1403636965.901666403,7.537570455,-7.317840548,-0.303954873,-0.801273594,-0.132236345,-0.574630573,0.101360152,142,11
1403636965.951666594,7.525646553,-7.273557378,-0.285146873,-0.800527488,-0.134191885,-0.575984891,0.096900389,156,11
1403636966.001666546,7.508543025,-7.228591762,-0.267533025,-0.799443760,-0.136125602,-0.577779550,0.092359554,130,11
1403636966.051666498,7.492806880,-7.184186608,-0.252162225,-0.798659137,-0.137571360,-0.579067577,0.088873204,134,11
1403636966.101666451,7.478787864,-7.142475508,-0.238329308,-0.798170849,-0.137444400,-0.580001487,0.087353355,119,11
1403636966.151666403,7.464107016,-7.098715718,-0.226460572,-0.797622497,-0.137702124,-0.581057825,0.084901596,151,11
1403636966.201666594,7.447981929,-7.055554262,-0.216801646,-0.797753407,-0.137089350,-0.581088525,0.084451986,140,11
1403636966.251666546,7.424258389,-7.012651418,-0.207536775,-0.796823917,-0.136225166,-0.582535915,0.084653750,146,11
1403636966.301666498,7.407441540,-6.969992934,-0.201227718,-0.796830948,-0.135847825,-0.582757795,0.083660993,171,11
1403636966.351666451,7.390277884,-6.927224591,-0.196653752,-0.796564376,-0.133137905,-0.583397690,0.086061772,170,11
1403636966.401666403,7.371520710,-6.885344687,-0.194379944,-0.797059532,-0.127248297,-0.582921342,0.093309606,152,11
1403636966.451666594,7.352547395,-6.843341207,-0.193819036,-0.797570635,-0.120436122,-0.582289000,0.101566451,169,11
1403636966.501666546,7.333589506,-6.802936903,-0.194175325,-0.797871967,-0.114232267,-0.581797155,0.108919162,166,11
1403636966.551666498,7.314075057,-6.763876432,-0.195936373,-0.798112724,-0.110170929,-0.581463476,0.113042785,172,11
1403636966.601666451,7.293852081,-6.727717351,-0.199534799,-0.797924564,-0.109211790,-0.582011624,0.112479533,147,11
1403636966.651666403,7.272969265,-6.693288963,-0.204507035,-0.797860167,-0.111138112,-0.582693659,0.107403787,152,11
1403636966.701666594,7.251577367,-6.659480893,-0.209676006,-0.798288542,-0.113936034,-0.582687949,0.101137219,141,11
1403636966.751666546,7.229391636,-6.626081503,-0.213827114,-0.797798844,-0.116607304,-0.583815531,0.095284667,172,11
1403636966.801666498,7.208124226,-6.593638687,-0.219213276,-0.797291703,-0.117201794,-0.584794769,0.092761836,142,11
1403636966.851666451,7.182065977,-6.560864782,-0.219466521,-0.797454242,-0.116446794,-0.584750088,0.092597033,145,11
1403636966.901666403,7.157938031,-6.529757192,-0.218348580,-0.797532962,-0.114870061,-0.584814123,0.093479862,165,11
1403636966.951666594,7.133247397,-6.499430968,-0.215463074,-0.797837262,-0.112558938,-0.584454994,0.095909061,165,11
1403636967.001666546,7.108112402,-6.468393117,-0.210944959,-0.797792372,-0.111989357,-0.584670147,0.095637517,136,11
1403636967.051666498,7.081866763,-6.440235395,-0.208481299,-0.797637675,-0.112495552,-0.585122314,0.093545541,161,11
1403636967.101666451,7.055291394,-6.413547202,-0.207332722,-0.797584668,-0.114249013,-0.585341956,0.090446971,156,11
1403636967.151666403,7.027867967,-6.386931432,-0.208075732,-0.797550995,-0.115546684,-0.585578816,0.087514716,162,11
1403636967.201666594,7.000454836,-6.360783139,-0.210124184,-0.797516999,-0.116292254,-0.585718605,0.085886347,138,11
1403636967.251666546,6.971773964,-6.335267713,-0.213937095,-0.797491696,-0.115912618,-0.585861661,0.085658475,143,11
1403636967.301666498,6.942569991,-6.310702635,-0.218995517,-0.797626109,-0.116534343,-0.585801950,0.083954822,129,11
1403636967.351666451,6.912549503,-6.285687464,-0.223777480,-0.797019700,-0.117224041,-0.586714945,0.082363187,160,11
1403636967.401666403,6.880017377,-6.261220223,-0.226545508,-0.796747831,-0.117554460,-0.587173254,0.081249082,131,11
1403636967.451666594,6.848875695,-6.236243563,-0.227579525,-0.796707030,-0.117526345,-0.587344239,0.080450056,142,11
1403636967.501666546,6.816522950,-6.211859577,-0.227037890,-0.796451962,-0.116559183,-0.587742143,0.081470257,160,11
1403636967.551666498,6.783282940,-6.187941825,-0.224298340,-0.796231349,-0.116846977,-0.588185956,0.079998150,159,11
1403636967.601666451,6.748560823,-6.163679649,-0.220051537,-0.796031609,-0.116753872,-0.588572851,0.079273005,131,11
1403636967.651666403,6.713130822,-6.140073463,-0.216075986,-0.796107618,-0.116751017,-0.588592653,0.078361658,158,11
1403636967.701666594,6.677124685,-6.116742889,-0.214704125,-0.796329138,-0.116976762,-0.588423340,0.077034506,151,11
1403636967.751666546,6.640170047,-6.092517209,-0.217149364,-0.796110636,-0.116588043,-0.588797906,0.077020183,157,11
1403636967.801666498,6.603545940,-6.068835796,-0.223736380,-0.796097939,-0.116263045,-0.588858075,0.077182533,134,11
1403636967.851666451,6.565603406,-6.045460260,-0.234359785,-0.795921266,-0.116168960,-0.589090847,0.077369792,138,11
1403636967.901666403,6.526291600,-6.022321297,-0.247637646,-0.795418659,-0.116245123,-0.589800716,0.077015222,123,11
1403636967.951666594,6.486280445,-5.998726366,-0.262868480,-0.794972379,-0.116579721,-0.590356371,0.076859876,154,11
1403636968.001666546,6.446317794,-5.974761133,-0.280808704,-0.795085032,-0.116174074,-0.590219438,0.077358851,128,11
1403636968.051666498,6.406005183,-5.950999646,-0.298602935,-0.795080570,-0.116459062,-0.590143755,0.077553348,136,11
1403636968.101666451,6.363433665,-5.927847319,-0.317880075,-0.794321465,-0.115480494,-0.591074660,0.079676918,156,11
1403636968.151666403,6.319727247,-5.905051484,-0.337281200,-0.794752249,-0.114258835,-0.590469448,0.081606443,155,11
1403636968.201666594,6.276382134,-5.882640453,-0.356541213,-0.795138029,-0.113767103,-0.589923573,0.082478721,124,11
1403636968.251666546,6.230744791,-5.860847186,-0.372607191,-0.795517657,-0.114422496,-0.589421133,0.081497724,172,11
1403636968.301666498,6.184002567,-5.839141521,-0.386394112,-0.795951730,-0.114074946,-0.588785282,0.082338581,165,11
1403636968.351666451,6.136399511,-5.817919673,-0.398320942,-0.796604169,-0.114467669,-0.587901960,0.081793863,170,11
1403636968.401666403,6.089223785,-5.797517913,-0.407922504,-0.796962522,-0.114242606,-0.587415847,0.082109611,148,11
1403636968.451666594,6.041401254,-5.776919396,-0.415518868,-0.797511077,-0.113785636,-0.586702219,0.082519199,153,11
1403636968.501666546,5.991978131,-5.755976631,-0.421282193,-0.797864521,-0.113416026,-0.586249285,0.082829865,139,11
1403636968.551666498,5.941967039,-5.735690686,-0.424986692,-0.797749429,-0.113200631,-0.586397462,0.083183426,169,11
1403636968.601666451,5.893978475,-5.713751318,-0.428642041,-0.797545319,-0.114554825,-0.586713576,0.081029845,144,11
1403636968.651666403,5.845680973,-5.693899225,-0.427426794,-0.797499537,-0.116967640,-0.586837398,0.077038488,151,11
1403636968.701666594,5.794799800,-5.674165077,-0.427225200,-0.797303886,-0.118364209,-0.587081663,0.075043638,170,11
1403636968.751666546,5.744447394,-5.654650834,-0.427207598,-0.797269920,-0.120538495,-0.587054414,0.072098963,169,11
1403636968.801666498,5.694304320,-5.631157637,-0.430647606,-0.797152159,-0.121083683,-0.587256512,0.070830550,123,11
1403636968.851666451,5.642202504,-5.610041377,-0.432628739,-0.797026396,-0.121284801,-0.587439553,0.070382480,169,11
1403636968.901666403,5.591531411,-5.588375871,-0.432554827,-0.797546493,-0.118699954,-0.586881783,0.073482550,163,11
1403636968.951666594,5.538502616,-5.566454864,-0.431374078,-0.797715850,-0.117920600,-0.586675876,0.074535698,169,11
1403636969.001666546,5.487632777,-5.544586592,-0.427076569,-0.798098554,-0.116957036,-0.586185635,0.075803378,147,11
1403636969.051666498,5.434311784,-5.522943473,-0.421708105,-0.797776765,-0.115580062,-0.586641130,0.077753880,151,11
1403636969.101666451,5.378838036,-5.501050410,-0.416003000,-0.798825173,-0.113622675,-0.585198595,0.080689748,138,11
1403636969.151666403,5.322875096,-5.479564533,-0.409640013,-0.800877986,-0.113085709,-0.582382372,0.081466844,168,11
1403636969.201666594,5.266488937,-5.458054771,-0.402427688,-0.803646074,-0.112938624,-0.578590127,0.081432915,143,11
1403636969.251666546,5.211425982,-5.437506216,-0.392587142,-0.807119447,-0.112220535,-0.573750955,0.082307908,150,11
1403636969.301666498,5.154827039,-5.417173461,-0.381334994,-0.810309057,-0.112307261,-0.569305439,0.081716758,169,11
1403636969.351666451,5.098524153,-5.396936604,-0.369096715,-0.812713816,-0.112798994,-0.565911662,0.080725658,169,11
1403636969.401666403,5.042542233,-5.378831771,-0.353874836,-0.814592184,-0.113394697,-0.563289243,0.079287105,123,11
1403636969.451666594,4.988230105,-5.358243567,-0.339919588,-0.815941914,-0.113526710,-0.561419435,0.078477370,168,11
1403636969.501666546,4.935209228,-5.337552147,-0.327027145,-0.817143406,-0.113773885,-0.559787374,0.077267416,162,11
1403636969.551666498,4.883426487,-5.316801705,-0.315355383,-0.817953094,-0.113710895,-0.558712332,0.076570870,168,11
1403636969.601666451,4.833980810,-5.295794425,-0.304165226,-0.818760567,-0.113264478,-0.557672289,0.076183392,146,11
1403636969.651666403,4.785136830,-5.274820835,-0.294558423,-0.818631946,-0.112851410,-0.557969842,0.075999685,149,11
1403636969.701666594,4.736046679,-5.253351856,-0.287136493,-0.818602987,-0.112494089,-0.558101679,0.075873225,137,11
1403636969.751666546,4.688085792,-5.231387270,-0.281077893,-0.818252041,-0.111932202,-0.558706548,0.076037976,167,11
1403636969.801666498,4.639366514,-5.207631736,-0.275703437,-0.818656720,-0.112510932,-0.558131626,0.075043677,142,11
1403636969.851666451,4.593765427,-5.184941988,-0.270942067,-0.819167931,-0.112119171,-0.557455304,0.075078468,151,11
1403636969.901666403,4.548965973,-5.162282594,-0.269058940,-0.818890449,-0.111697316,-0.557874000,0.075622364,165,11
1403636969.951666594,4.505103611,-5.139744015,-0.268922288,-0.817970477,-0.111893448,-0.559182342,0.075625815,166,11
1403636970.001666546,4.462215307,-5.118597256,-0.269780146,-0.816204395,-0.110728042,-0.561701380,0.077725456,120,11
1403636970.051666498,4.420207978,-5.095913204,-0.271966383,-0.812678475,-0.110690767,-0.566707113,0.078385573,164,11
1403636970.101666451,4.378762754,-5.073249456,-0.275308682,-0.809877785,-0.111232397,-0.570586097,0.078465488,158,11
1403636970.151666403,4.337414488,-5.050751397,-0.279775452,-0.806825138,-0.111603834,-0.574822995,0.078462128,163,11
1403636970.201666594,4.296350915,-5.028100363,-0.284512242,-0.805078166,-0.111345099,-0.577204711,0.079285163,141,11
1403636970.251666546,4.254860513,-5.006144969,-0.289442948,-0.802705026,-0.111671352,-0.580370704,0.079774665,144,11
1403636970.301666498,4.212990978,-4.983919048,-0.294305830,-0.803530370,-0.111939056,-0.579160609,0.079884801,132,11
1403636970.351666451,4.170698642,-4.962032239,-0.299436010,-0.804845887,-0.111870209,-0.577246952,0.080586048,160,11
1403636970.401666403,4.127899488,-4.937291496,-0.304549961,-0.807967824,-0.112659638,-0.572859561,0.079546995,135,11
1403636970.451666594,4.085243749,-4.911371878,-0.306127533,-0.811035350,-0.113295925,-0.568397330,0.079436578,147,11
1403636970.501666546,4.043570324,-4.889116818,-0.310171944,-0.813700340,-0.113140354,-0.564524519,0.080019275,157,11
1403636970.551666498,4.002684922,-4.866258612,-0.314051511,-0.816156858,-0.113892164,-0.560877443,0.079580476,158,11
1403636970.601666451,3.961073701,-4.842786357,-0.314130103,-0.818301903,-0.114707008,-0.557582321,0.079537747,140,11
1403636970.651666403,3.922571373,-4.819638295,-0.314440422,-0.820060381,-0.115776681,-0.554841623,0.079041157,179,11
1403636970.701666594,3.885634260,-4.796783273,-0.311991978,-0.822072186,-0.116890791,-0.551679178,0.078638082,173,11
1403636970.751666546,3.850424359,-4.772787511,-0.307474487,-0.824133764,-0.117071104,-0.548456162,0.079333053,178,11
1403636970.801666498,3.817884833,-4.749023992,-0.301136118,-0.825825332,-0.118270064,-0.545736029,0.078720392,157,11
1403636970.851666451,3.786059033,-4.724313639,-0.295398076,-0.828528867,-0.119459006,-0.541466832,0.077994435,152,11
1403636970.901666403,3.756016002,-4.698885249,-0.291089388,-0.830850756,-0.119748765,-0.537785440,0.078320335,159,11
1403636970.951666594,3.728109733,-4.672573210,-0.289009004,-0.832562334,-0.119294607,-0.535052646,0.079545102,182,11
1403636971.001666546,3.701898849,-4.642031451,-0.287360340,-0.832738985,-0.117533609,-0.534716109,0.082524640,153,11
1403636971.051666498,3.679401087,-4.613856509,-0.284508424,-0.831945974,-0.114583453,-0.535886878,0.086958506,168,11
1403636971.101666451,3.658061235,-4.586346411,-0.285301644,-0.829817580,-0.110798422,-0.539067467,0.092372934,189,11
1403636971.151666403,3.634119051,-4.549796463,-0.299847341,-0.826770052,-0.107505934,-0.543553599,0.097176330,173,11
1403636971.201666594,3.615879658,-4.522370167,-0.303066060,-0.824189751,-0.102678424,-0.547105160,0.104136162,148,11
1403636971.251666546,3.599886223,-4.495631419,-0.307736953,-0.821343490,-0.098448933,-0.551013642,0.109939279,179,11
1403636971.301666498,3.583936951,-4.471241589,-0.313834496,-0.818730165,-0.094319491,-0.554404248,0.115847661,171,11
1403636971.351666451,3.568931036,-4.448503231,-0.320778004,-0.817236029,-0.090941573,-0.556076997,0.120968084,180,11
1403636971.401666403,3.554830413,-4.427948948,-0.328085151,-0.816053837,-0.089270321,-0.557452924,0.123827228,188,11
1403636971.451666594,3.542801070,-4.410992682,-0.331577665,-0.815207494,-0.089596611,-0.558701410,0.123539156,174,11
1403636971.501666546,3.530986236,-4.394502394,-0.341830008,-0.815324783,-0.091802509,-0.558709004,0.121086935,156,11
1403636971.551666498,3.520641916,-4.379716983,-0.353241013,-0.814391325,-0.094303601,-0.560258932,0.118251972,184,11
1403636971.601666451,3.511408509,-4.364803424,-0.364110692,-0.812339916,-0.097902563,-0.563586526,0.113530510,185,11
1403636971.651666403,3.506299110,-4.350057105,-0.372277909,-0.809682431,-0.101719986,-0.567732107,0.108386623,187,11
1403636971.701666594,3.499583867,-4.339171007,-0.385797790,-0.807166542,-0.106049842,-0.571493362,0.103106464,195,11
1403636971.751666546,3.493522123,-4.324019878,-0.396107854,-0.804645709,-0.108352002,-0.575066950,0.100514321,200,11
1403636971.801666498,3.487970093,-4.313129938,-0.410976754,-0.802569486,-0.108694316,-0.577890630,0.100549419,172,11
1403636971.851666451,3.481351822,-4.304171458,-0.426258698,-0.801018385,-0.109219673,-0.579895267,0.100807192,200,11
1403636971.901666403,3.473920933,-4.296038958,-0.440350066,-0.800350922,-0.109641982,-0.580710718,0.100955929,193,11
1403636971.951666594,3.466130653,-4.288638293,-0.452413146,-0.800391959,-0.109816722,-0.580570320,0.101247733,209,11
1403636972.001666546,3.457882519,-4.281799948,-0.463135266,-0.800502849,-0.110594496,-0.580299321,0.101077913,205,11
1403636972.051666498,3.450623597,-4.274809071,-0.470199133,-0.800154816,-0.110916588,-0.580765166,0.100804775,197,11
1403636972.101666451,3.440508979,-4.269895407,-0.477226167,-0.800440401,-0.111659694,-0.580417191,0.099715396,176,11
1403636972.151666403,3.429021360,-4.265692498,-0.483345737,-0.801459956,-0.111649716,-0.579074560,0.099342507,186,11
1403636972.201666594,3.417704384,-4.262477659,-0.487872513,-0.803863484,-0.110201980,-0.575608766,0.101654180,177,11
1403636972.251666546,3.407675934,-4.260452899,-0.489584713,-0.806639447,-0.108954409,-0.571640620,0.103386368,187,11
1403636972.301666498,3.397407180,-4.259993884,-0.489174894,-0.809431701,-0.108275505,-0.567670224,0.104150151,188,11
1403636972.351666451,3.387886508,-4.261791337,-0.484993058,-0.810944715,-0.109350507,-0.565593366,0.102544046,197,11
1403636972.401666403,3.378684129,-4.262453968,-0.481157958,-0.811758596,-0.109728397,-0.564506776,0.101684612,167,11
1403636972.451666594,3.371936396,-4.261314797,-0.475300840,-0.811917330,-0.110953195,-0.564414807,0.099576920,197,11
1403636972.501666546,3.366794486,-4.261254376,-0.467437104,-0.810892373,-0.111683493,-0.565969740,0.098278224,173,11
1403636972.551666498,3.360654192,-4.261350717,-0.459042599,-0.810049437,-0.111945918,-0.567270363,0.097428725,189,11
1403636972.601666451,3.356440928,-4.261006037,-0.449413740,-0.809199440,-0.112735157,-0.568637660,0.095594260,183,11
1403636972.651666403,3.352810268,-4.260978299,-0.439167254,-0.807561665,-0.114191610,-0.571118555,0.092887190,180,11
1403636972.701666594,3.347928054,-4.261607353,-0.430621279,-0.807180393,-0.114230222,-0.571771319,0.092134836,162,11
1403636972.751666546,3.341591179,-4.263257179,-0.424404197,-0.807118966,-0.114588022,-0.571950191,0.091112782,176,11
1403636972.801666498,3.337622572,-4.263584841,-0.419285798,-0.807150160,-0.114148224,-0.571958227,0.091337776,168,11
1403636972.851666451,3.330663506,-4.265524145,-0.416419181,-0.807398277,-0.114056737,-0.571652789,0.091171110,178,11
1403636972.901666403,3.326329378,-4.267146287,-0.415091862,-0.807544532,-0.113716617,-0.571699858,0.089997953,181,11
1403636972.951666594,3.321731030,-4.268547628,-0.414856366,-0.808776804,-0.111515757,-0.570624054,0.088501445,189,11
1403636973.001666546,3.317943505,-4.270710843,-0.416125200,-0.810447908,-0.107969525,-0.569496268,0.084798415,159,11
1403636973.051666498,3.313807853,-4.272506027,-0.418562401,-0.812354184,-0.102986155,-0.568175308,0.081555812,194,11
1403636973.101666451,3.311649311,-4.273206128,-0.421440141,-0.813959567,-0.097630489,-0.567280062,0.078303529,172,11
1403636973.151666403,3.307547632,-4.275115397,-0.425832062,-0.814884575,-0.093361293,-0.567143622,0.074799135,190,11
1403636973.201666594,3.303261512,-4.276926012,-0.431434049,-0.815925208,-0.089038747,-0.566640661,0.072501848,184,11
1403636973.251666546,3.300529161,-4.277760764,-0.437050657,-0.815643992,-0.086104072,-0.567910611,0.069199024,181,11
1403636973.301666498,3.296524934,-4.279529050,-0.444168190,-0.815792227,-0.083128024,-0.568440192,0.066697244,162,11
1403636973.351666451,3.291819747,-4.281560657,-0.452272498,-0.815888481,-0.080311350,-0.568893225,0.065088954,175,11
1403636973.401666403,3.288080990,-4.283168125,-0.460836910,-0.815980266,-0.078809881,-0.569275004,0.062379305,168,11
1403636973.451666594,3.284442349,-4.284554017,-0.470438881,-0.816533176,-0.076248448,-0.568878300,0.061945354,177,11
1403636973.501666546,3.280792673,-4.285873770,-0.479731798,-0.816431663,-0.075166975,-0.569367110,0.060086267,183,11
1403636973.551666498,3.277960249,-4.286931446,-0.489805001,-0.815879911,-0.074732844,-0.570452299,0.057785352,211,11
1403636973.601666451,3.276189117,-4.287031266,-0.499738205,-0.814773871,-0.073298947,-0.572255128,0.057400975,181,11
1403636973.651666403,3.273250066,-4.287787322,-0.510980020,-0.813632310,-0.072647089,-0.574045437,0.056539364,215,11
1403636973.701666594,3.270224322,-4.288502822,-0.521751392,-0.813077131,-0.072367561,-0.574919255,0.056003265,194,11
1403636973.751666546,3.267433290,-4.289340366,-0.530293359,-0.811309650,-0.072579115,-0.577503026,0.054764759,211,11
1403636973.801666498,3.264698363,-4.290009257,-0.537410683,-0.810203593,-0.072941401,-0.579043043,0.054395257,205,11
1403636973.851666451,3.261511076,-4.290574943,-0.543178504,-0.809579818,-0.073609380,-0.579907396,0.053568552,205,11
1403636973.901666403,3.257818520,-4.290711313,-0.547136331,-0.809206179,-0.073371135,-0.580388768,0.054322319,182,11
1403636973.951666594,3.253444941,-4.290765537,-0.549606637,-0.809116105,-0.072390817,-0.580482850,0.055949615,195,11
1403636974.001666546,3.248647240,-4.290704780,-0.551103740,-0.810731408,-0.070854795,-0.578347504,0.056642269,186,11
1403636974.051666498,3.245939685,-4.290315570,-0.550724725,-0.812333743,-0.067372126,-0.576478027,0.056990977,193,11
1403636974.101666451,3.245414636,-4.290082800,-0.549434276,-0.814356274,-0.062472533,-0.574281867,0.055869303,176,11
1403636974.151666403,3.240721763,-4.291311446,-0.550452182,-0.816765354,-0.056115405,-0.571798604,0.052837248,202,11
1403636974.201666594,3.236877840,-4.293147358,-0.552130901,-0.818272439,-0.048556072,-0.570845854,0.046984409,175,11
1403636974.251666546,3.233299044,-4.295304329,-0.555647565,-0.818958414,-0.040333914,-0.571107135,0.038947803,209,11
1403636974.301666498,3.233698447,-4.296744211,-0.558719882,-0.819989163,-0.030901648,-0.570746584,0.030186045,187,11
1403636974.351666451,3.232668035,-4.298506234,-0.562518684,-0.819795416,-0.020546190,-0.571912577,0.020720378,206,11
1403636974.401666403,3.231169326,-4.300085225,-0.569735015,-0.819945959,-0.008993898,-0.572242451,0.012095920,198,11
1403636974.451666594,3.231894481,-4.301046348,-0.576526604,-0.818732275,0.003090376,-0.574163094,0.002157243,202,11
1403636974.501666546,3.230450429,-4.302433441,-0.585870732,0.817732615,-0.016094348,0.575336537,0.006497017,174,11
1403636974.551666498,3.228940323,-4.303805436,-0.596138817,0.816623367,-0.028521662,0.576228242,0.016547020,182,11
1403636974.601666451,3.227791273,-4.304905184,-0.606857267,0.814937605,-0.041832502,0.577441935,0.026221244,168,11
1403636974.651666403,3.227407224,-4.305495264,-0.617505274,0.814619934,-0.054742101,0.576291413,0.035859065,193,11
1403636974.701666594,3.224990311,-4.304954174,-0.626714852,0.814604492,-0.067885643,0.574373156,0.043663933,185,11
1403636974.751666546,3.222204190,-4.304931733,-0.635387610,0.814942602,-0.081008302,0.571597508,0.050818291,191,11
1403636974.801666498,3.219232388,-4.304743587,-0.641855854,0.815503350,-0.093817133,0.568242382,0.057037070,187,11
1403636974.851666451,3.215593766,-4.304379116,-0.646455094,0.815838198,-0.107490240,0.564957599,0.060636571,215,11
1403636974.901666403,3.211652827,-4.303933388,-0.649265799,0.816741101,-0.120772697,0.560553003,0.064251543,198,11
1403636974.951666594,3.209121185,-4.304301475,-0.650733233,0.816479170,-0.133587533,0.557610260,0.067726905,211,11
1403636975.001666546,3.206524793,-4.305540243,-0.651032896,0.816533241,-0.144680101,0.554196267,0.072163922,204,11
1403636975.051666498,3.204503767,-4.307843353,-0.649887488,0.815172387,-0.154901160,0.552766008,0.077132033,212,11
1403636975.101666451,3.203144692,-4.311255706,-0.646983320,0.812825249,-0.162146528,0.553010920,0.084867781,181,11
1403636975.151666403,3.204059398,-4.314802056,-0.642821780,0.809931649,-0.167657556,0.554487771,0.091896572,191,11
1403636975.201666594,3.202254001,-4.319416917,-0.641610893,0.806674061,-0.171254015,0.556840083,0.099388853,150,11
1403636975.251666546,3.202495612,-4.324053340,-0.640628624,0.803503581,-0.173271030,0.559497070,0.106405708,182,11
1403636975.301666498,3.203259492,-4.329526281,-0.642494296,0.800687214,-0.174954473,0.562016752,0.111481337,202,11
1403636975.351666451,3.201366824,-4.334822281,-0.646949658,0.797862810,-0.176137903,0.564945592,0.115008061,194,11
1403636975.401666403,3.205526327,-4.337987796,-0.647902369,0.797467353,-0.176507901,0.564670258,0.118483260,170,11
1403636975.451666594,3.206676905,-4.342145089,-0.653011050,0.797316856,-0.177315632,0.564347883,0.119818463,196,11
1403636975.501666546,3.207735633,-4.345911568,-0.659344436,0.798396843,-0.177506735,0.562591463,0.120601354,189,11
1403636975.551666498,3.208819914,-4.349415894,-0.665532193,0.800390301,-0.177542278,0.559697256,0.120801849,197,11
1403636975.601666451,3.210008527,-4.352875744,-0.670357501,0.802469831,-0.177112381,0.556822779,0.120920499,189,11
1403636975.651666403,3.211502622,-4.355968573,-0.673100727,0.804162938,-0.176372069,0.554781541,0.120134525,199,11
1403636975.701666594,3.213541214,-4.358828697,-0.673660373,0.805782380,-0.175341721,0.552876554,0.119572375,171,11
1403636975.751666546,3.216302658,-4.361440905,-0.672010863,0.807375376,-0.174065955,0.551162587,0.118599528,191,11
1403636975.801666498,3.220397591,-4.363928399,-0.667963359,0.808255302,-0.173598814,0.550180394,0.117848855,153,11
1403636975.851666451,3.226047245,-4.367043735,-0.662781760,0.808860843,-0.174427219,0.548825191,0.118786326,167,11
1403636975.901666403,3.231825089,-4.370129226,-0.657729677,0.809019988,-0.177425114,0.547134128,0.121042283,189,11
1403636975.951666594,3.238398923,-4.373212034,-0.653933201,0.807795211,-0.182699168,0.546778487,0.122968279,190,11
1403636976.001666546,3.246087948,-4.375712036,-0.650534885,0.805331260,-0.189683121,0.547477203,0.125421640,165,11
1403636976.051666498,3.252818991,-4.378919968,-0.649162934,0.801000171,-0.198602449,0.550108306,0.127814886,193,11
1403636976.101666451,3.259955389,-4.382163598,-0.649193976,0.795485397,-0.209263979,0.553797704,0.129304577,183,11
1403636976.151666403,3.266122188,-4.385694196,-0.650819342,0.789503296,-0.221392673,0.557436308,0.130132978,190,11
1403636976.201666594,3.272663003,-4.390607334,-0.654055205,0.783825884,-0.234058184,0.559870905,0.131826854,182,11
1403636976.251666546,3.278340301,-4.396234109,-0.658882453,0.778252798,-0.247127609,0.561473878,0.134155175,191,11
1403636976.301666498,3.282664538,-4.403116427,-0.664631549,0.773603475,-0.259280633,0.561159234,0.139325270,161,11
1403636976.351666451,3.286065003,-4.411125954,-0.671506312,0.768693846,-0.271522286,0.560608127,0.145271979,181,11
1403636976.401666403,3.286982436,-4.420438664,-0.679881050,0.764457444,-0.283082083,0.558741286,0.152569741,139,11
1403636976.451666594,3.287394293,-4.431105774,-0.688584288,0.760290341,-0.293729980,0.556530077,0.161107321,187,11
1403636976.501666546,3.287289697,-4.442586789,-0.697759596,0.758031852,-0.301743012,0.551944586,0.172325391,208,11
1403636976.551666498,3.286400599,-4.454802964,-0.707629395,0.756497620,-0.307187552,0.547232892,0.184074228,206,11
1403636976.601666451,3.285545105,-4.467125495,-0.718535324,0.755299625,-0.311213252,0.542985704,0.194513019,182,11
1403636976.651666403,3.284500925,-4.479399399,-0.730970725,0.754332449,-0.314393902,0.539192421,0.203495859,203,11
1403636976.701666594,3.283401872,-4.491846232,-0.744632858,0.753186954,-0.317354526,0.536376867,0.210464660,198,11
1403636976.751666546,3.282415842,-4.504507437,-0.759851052,0.752002359,-0.320969382,0.534133838,0.214877063,202,11
1403636976.801666498,3.281792980,-4.517501736,-0.776370972,0.751615857,-0.324648857,0.531513253,0.217187441,191,11
1403636976.851666451,3.281299556,-4.529994319,-0.794379631,0.752789498,-0.328905101,0.527422041,0.216691941,217,11
1403636976.901666403,3.280901211,-4.542522691,-0.811586543,0.753366837,-0.332256535,0.524841717,0.215835991,188,11
1403636976.951666594,3.280724027,-4.555304627,-0.827019881,0.753989848,-0.335641393,0.522550448,0.213974749,213,11
1403636977.001666546,3.272043103,-4.567474262,-0.841251035,0.753683839,-0.337138866,0.522322915,0.213252967,145,11
1403636977.051666498,3.271721097,-4.581682545,-0.851861869,0.754472614,-0.338285143,0.520954462,0.211992184,182,11
1403636977.101666451,3.272540718,-4.597081502,-0.859399831,0.754649993,-0.339225072,0.520569796,0.210800442,203,11
1403636977.151666403,3.273057121,-4.613379134,-0.865301799,0.755170061,-0.339517392,0.520168629,0.209453377,204,11
1403636977.201666594,3.273451238,-4.629724317,-0.869443889,0.755908028,-0.339583591,0.519760380,0.207690120,187,11
1403636977.251666546,3.274039322,-4.647466313,-0.872272605,0.756295534,-0.339020937,0.520041927,0.206490348,205,11
1403636977.301666498,3.274722513,-4.666259120,-0.874969169,0.756829061,-0.337581603,0.520382358,0.206035520,200,11
1403636977.351666451,3.275222154,-4.686273561,-0.878472163,0.755808769,-0.335458354,0.523200864,0.206110778,206,11
1403636977.401666403,3.262880898,-4.702153549,-0.887022109,0.755175185,-0.332528638,0.525435406,0.207491635,181,11
1403636977.451666594,3.260808147,-4.722167357,-0.893203907,0.753749467,-0.329030808,0.528865180,0.209528255,192,11
1403636977.501666546,3.258042239,-4.741546113,-0.899958855,0.752811067,-0.326082227,0.531487302,0.210872299,163,11
1403636977.551666498,3.255239425,-4.760694866,-0.907232235,0.751285081,-0.323444794,0.534598149,0.212506497,190,11
1403636977.601666451,3.249542948,-4.778653437,-0.917393707,0.750290887,-0.322239417,0.536853724,0.212163666,133,11
1403636977.651666403,3.246312465,-4.798428618,-0.927835179,0.749880531,-0.320222285,0.538116834,0.213464637,170,11
1403636977.701666594,3.243382496,-4.818124294,-0.938543293,0.749435481,-0.321408609,0.538237104,0.212940803,190,11
1403636977.751666546,3.240151143,-4.838588607,-0.951118712,0.749298148,-0.324521243,0.537165279,0.211404144,189,11
1403636977.801666498,3.236208387,-4.858452451,-0.964278486,0.748810840,-0.328722489,0.536309301,0.208796992,171,11
1403636977.851666451,3.231803272,-4.878430783,-0.978298407,0.748891059,-0.332607321,0.534695522,0.206483050,183,11
1403636977.901666403,3.227473021,-4.899906392,-0.992026677,0.748082374,-0.334655129,0.534590733,0.206376971,201,11
1403636977.951666594,3.222650298,-4.920727334,-1.003993017,0.747009389,-0.335244590,0.534874891,0.208559076,206,11
1403636978.001666546,3.216403716,-4.941072334,-1.014334474,0.746147383,-0.334956850,0.535254538,0.211117432,196,11
1403636978.051666498,3.209341304,-4.961674494,-1.021855142,0.745914241,-0.333823323,0.534705830,0.215089771,197,11
1403636978.101666451,3.202046860,-4.981415240,-1.028451880,0.746258655,-0.333044930,0.533468794,0.218151646,189,11
1403636978.151666403,3.194545193,-5.002263134,-1.033157354,0.746714998,-0.333235586,0.532262755,0.219242140,206,11
1403636978.201666594,3.183714280,-5.023514853,-1.038083489,0.747734989,-0.332709680,0.530256113,0.221416147,147,11
1403636978.251666546,3.174890267,-5.043768675,-1.039772578,0.749269053,-0.333057444,0.527532242,0.222212418,178,11
1403636978.301666498,3.165901130,-5.063815301,-1.039629558,0.750186542,-0.332756315,0.525886061,0.223466414,191,11
1403636978.351666451,3.157314480,-5.083775377,-1.037808477,0.751461572,-0.333586618,0.523466871,0.223624482,214,11
1403636978.401666403,3.147986531,-5.104092008,-1.034717447,0.753164883,-0.333873330,0.520766744,0.223770545,196,11
1403636978.451666594,3.136289615,-5.125899337,-1.032873037,0.755798847,-0.334064810,0.516661205,0.224120514,187,11
1403636978.501666546,3.128290112,-5.146313440,-1.028082223,0.758397387,-0.335653675,0.512360956,0.222836859,182,11
1403636978.551666498,3.120772274,-5.169392624,-1.025019980,0.761053255,-0.336542731,0.508063834,0.222279270,205,11
1403636978.601666451,3.114944830,-5.191539867,-1.022777725,0.763322829,-0.338505863,0.504051603,0.220644559,192,11
1403636978.651666403,3.110082573,-5.215003202,-1.022010321,0.765135725,-0.339470178,0.500878507,0.220109160,167,11
1403636978.701666594,3.107078149,-5.238494546,-1.022158420,0.766423087,-0.340095226,0.498635399,0.219758112,163,11
1403636978.751666546,3.105503516,-5.262000886,-1.023260220,0.767630194,-0.340797618,0.496491823,0.219309689,185,11
1403636978.801666498,3.104276716,-5.288796047,-1.026438538,0.768347331,-0.341166758,0.495148653,0.219261111,163,11
1403636978.851666451,3.106059681,-5.314168891,-1.029280810,0.767511637,-0.340727176,0.496502148,0.219810136,192,11
1403636978.901666403,3.108818955,-5.341429672,-1.033205250,0.765231945,-0.340131532,0.499885113,0.221010146,187,11
1403636978.951666594,3.113038277,-5.368912146,-1.037560278,0.762486556,-0.338420772,0.504146409,0.223432387,195,11
1403636979.001666546,3.118250511,-5.396889625,-1.043074359,0.757899928,-0.336101258,0.510991850,0.226960288,181,11
1403636979.051666498,3.124156852,-5.424772516,-1.050437697,0.753729299,-0.334148387,0.517101748,0.229875579,186,11
1403636979.101666451,3.129799626,-5.454919408,-1.060912220,0.750510665,-0.332381193,0.521960963,0.231976802,161,11
1403636979.151666403,3.136388923,-5.481801033,-1.072012833,0.748124155,-0.331141531,0.525475163,0.233519566,184,11
1403636979.201666594,3.143189720,-5.508058839,-1.084965247,0.747751671,-0.330977614,0.526052805,0.233644396,179,11
1403636979.251666546,3.149949501,-5.534189271,-1.099018795,0.749934406,-0.331835809,0.523139102,0.231967372,157,11
1403636979.301666498,3.156923947,-5.559724108,-1.112517857,0.752840019,-0.332700164,0.518928453,0.230772113,156,11
1403636979.351666451,3.164384707,-5.584984459,-1.123811107,0.755822017,-0.333848374,0.514594720,0.229064656,183,11
1403636979.401666403,3.172847790,-5.610208832,-1.134160414,0.758778890,-0.334354015,0.510338725,0.228070988,147,11
1403636979.451666594,3.181979694,-5.636320508,-1.142864100,0.761003431,-0.335707070,0.506927688,0.226271650,176,11
1403636979.501666546,3.191668299,-5.662427745,-1.149065489,0.762567545,-0.336820311,0.504701278,0.224319943,185,11
1403636979.551666498,3.202568679,-5.688282054,-1.152993412,0.764171280,-0.337381773,0.502079221,0.223902322,196,11
1403636979.601666451,3.214866005,-5.714680677,-1.154814905,0.764422447,-0.338054557,0.501526291,0.223268491,183,11
1403636979.651666403,3.228390387,-5.742484390,-1.154693124,0.764769994,-0.339033774,0.500568081,0.222743246,188,11
1403636979.701666594,3.242894113,-5.770940364,-1.152280384,0.765543816,-0.338366090,0.498803723,0.225046443,190,11
1403636979.751666546,3.259361796,-5.798954819,-1.149797385,0.765715225,-0.339215067,0.497936951,0.225104698,202,11
1403636979.801666498,3.277665618,-5.827986643,-1.144846533,0.764145495,-0.339010336,0.499710069,0.226811598,196,11
1403636979.851666451,3.297446428,-5.856542508,-1.137650712,0.761459365,-0.338263794,0.502905546,0.229876605,171,11
1403636979.901666403,3.318168613,-5.886084212,-1.130825309,0.758758115,-0.338634859,0.506165838,0.231103222,160,11
1403636979.951666594,3.338759899,-5.917365219,-1.124456378,0.756328735,-0.337895599,0.508971616,0.233968596,188,11
1403636980.001666546,3.360355058,-5.947662834,-1.120726216,0.754976622,-0.337818469,0.510204803,0.235754199,145,11
1403636980.051666498,3.382224679,-5.977190120,-1.118214239,0.753957156,-0.337779728,0.510970787,0.237407491,169,11
1403636980.101666451,3.404528959,-6.007008728,-1.117137269,0.752935932,-0.338079135,0.511866042,0.238292123,175,11
1403636980.151666403,3.427540432,-6.035993024,-1.117498019,0.751836564,-0.338689226,0.512832143,0.238819143,199,11
1403636980.201666594,3.451188146,-6.064751647,-1.119405672,0.751230216,-0.339461430,0.513093898,0.239068510,193,11
1403636980.251666546,3.475191491,-6.093014765,-1.123229837,0.750441031,-0.340358428,0.513813126,0.238726769,181,11
1403636980.301666498,3.499406435,-6.121656435,-1.127748817,0.748265197,-0.341153811,0.516408661,0.238820784,184,11
1403636980.351666451,3.524066236,-6.149463275,-1.133529643,0.746350984,-0.340789069,0.518936713,0.239849342,193,11
1403636980.401666403,3.549102260,-6.176899510,-1.140892514,0.743642771,-0.341495626,0.522700494,0.239082329,190,11
1403636980.451666594,3.573855902,-6.204829209,-1.150089004,0.741909386,-0.341150158,0.525138868,0.239616782,164,11
1403636980.501666546,3.598898641,-6.231284289,-1.160288734,0.739857638,-0.342072696,0.528038109,0.238270230,164,11
1403636980.551666498,3.623295496,-6.257269743,-1.171322582,0.738688771,-0.342599995,0.530045626,0.236676526,187,11
1403636980.601666451,3.647259507,-6.283002793,-1.182632194,0.737173656,-0.343597879,0.532435744,0.234579787,144,11
1403636980.651666403,3.670284680,-6.307698728,-1.193446610,0.736200267,-0.344253952,0.534126905,0.232823610,176,11
1403636980.701666594,3.692614097,-6.333307335,-1.202842536,0.736409591,-0.342907790,0.534364127,0.233602528,169,11
1403636980.751666546,3.714783184,-6.358065178,-1.210175493,0.737649316,-0.342457719,0.533042143,0.233371531,182,11
1403636980.801666498,3.736383020,-6.382663384,-1.215540269,0.740354118,-0.340229310,0.529740839,0.235572579,179,11
1403636980.851666451,3.757312592,-6.406112269,-1.219616549,0.743430183,-0.338979074,0.526121035,0.235799505,176,11
1403636980.901666403,3.778779844,-6.430617436,-1.221774651,0.746360429,-0.338066461,0.522389473,0.236149142,169,11
1403636980.951666594,3.800129856,-6.454491589,-1.222184950,0.748721474,-0.336311183,0.519524336,0.237498225,190,11
1403636981.001666546,3.821655178,-6.477633722,-1.222782776,0.750003498,-0.335640745,0.518083442,0.237549132,186,11
1403636981.051666498,3.843288359,-6.498661205,-1.224603144,0.750368567,-0.335204460,0.517726640,0.237790052,152,11
1403636981.101666451,3.865704014,-6.520305634,-1.227376953,0.749175124,-0.335629942,0.519506899,0.237069098,165,11
1403636981.151666403,3.888006047,-6.540745689,-1.231545705,0.747859210,-0.337224193,0.521342862,0.234921404,188,11
1403636981.201666594,3.910709668,-6.560864132,-1.237225638,0.745864229,-0.339778360,0.523821061,0.232053259,138,11
1403636981.251666546,3.933085931,-6.580446180,-1.243278618,0.742794509,-0.343747905,0.527533112,0.227601649,161,11
1403636981.301666498,3.955385747,-6.597109115,-1.250008806,0.739295450,-0.347595722,0.531741131,0.223317759,169,11
1403636981.351666451,3.976368276,-6.616285747,-1.257523290,0.736251220,-0.351180724,0.535246972,0.219355690,171,11
1403636981.401666403,3.996404531,-6.635744059,-1.266283073,0.734981147,-0.353041005,0.536317327,0.218010292,165,11
1403636981.451666594,4.014932558,-6.655202160,-1.275926895,0.735721282,-0.352525558,0.534668775,0.220384271,162,11
1403636981.501666546,4.031896289,-6.674214670,-1.285375720,0.737515450,-0.351025333,0.531428482,0.224579485,162,11
1403636981.551666498,4.048569317,-6.694279979,-1.294731712,0.740139356,-0.348454333,0.527003050,0.230306527,172,11
1403636981.601666451,4.064995299,-6.714492099,-1.302708339,0.743484393,-0.346094234,0.521525868,0.235500547,172,11
1403636981.651666403,4.081667610,-6.734122702,-1.308761788,0.746003477,-0.344514756,0.516956632,0.239883795,136,11
1403636981.701666594,4.098123599,-6.753911451,-1.312728818,0.747690028,-0.343917794,0.513615224,0.242651138,156,11
1403636981.751666546,4.114963073,-6.773538256,-1.314715969,0.748773663,-0.343789764,0.510951709,0.245101920,176,11
1403636981.801666498,4.132465248,-6.793005463,-1.314681475,0.750616911,-0.344753947,0.507320046,0.245652883,138,11
1403636981.851666451,4.150837753,-6.812779221,-1.312621903,0.752488363,-0.345967866,0.503591429,0.245892602,153,11
1403636981.901666403,4.169776217,-6.832228048,-1.308091952,0.754403897,-0.347458955,0.499813090,0.245629620,163,11
1403636981.951666594,4.189781892,-6.851656414,-1.303021423,0.756591928,-0.350277262,0.495514444,0.243597887,169,11
1403636982.001666546,4.210927807,-6.871339918,-1.298200771,0.758712917,-0.352677639,0.491582925,0.241494142,161,11
1403636982.051666498,4.233594361,-6.891582109,-1.294508946,0.760590047,-0.355675258,0.487939049,0.238565245,138,11
1403636982.101666451,4.257277098,-6.912483934,-1.291773385,0.762313190,-0.358043483,0.484703906,0.236105036,153,11
1403636982.151666403,4.282291153,-6.934131775,-1.289925266,0.763076660,-0.360388713,0.483048579,0.233448186,158,11
1403636982.201666594,4.308361093,-6.957080578,-1.289078049,0.762964297,-0.362438072,0.482776017,0.231195680,156,11
1403636982.251666546,4.335790379,-6.981435757,-1.289282746,0.761648596,-0.364528306,0.484624758,0.228362374,117,11
1403636982.301666498,4.364487085,-7.007501900,-1.290247201,0.759570892,-0.366455120,0.487639482,0.225766338,133,11
1403636982.351666451,4.394206939,-7.034786139,-1.292339240,0.756768597,-0.366819496,0.492022993,0.225073593,148,11
1403636982.401666403,4.424905410,-7.064181327,-1.295147418,0.752944578,-0.366609013,0.497953708,0.225198578,117,11
1403636982.451666594,4.455263732,-7.095079677,-1.296107570,0.748625288,-0.365165584,0.504826417,0.226637515,134,11
1403636982.501666546,4.485640845,-7.127089318,-1.295730810,0.744444961,-0.363700715,0.511653383,0.227451764,145,11
1403636982.551666498,4.516687319,-7.159774663,-1.293398707,0.741606295,-0.361190019,0.516400156,0.229984242,153,11
1403636982.601666451,4.547360245,-7.193934274,-1.290884491,0.740727882,-0.359605059,0.518325493,0.230965560,160,11
1403636982.651666403,4.579187227,-7.229931971,-1.289192737,0.741025939,-0.359465715,0.518621712,0.229557131,172,11
1403636982.701666594,4.609407683,-7.265313837,-1.285219320,0.741447797,-0.359300096,0.518714731,0.228240298,173,11
1403636982.751666546,4.639078133,-7.300909603,-1.281404398,0.743825509,-0.358371718,0.516037339,0.228032429,170,11
1403636982.801666498,4.668439724,-7.336952326,-1.277499557,0.745787368,-0.357445523,0.514125254,0.227396400,170,11
1403636982.851666451,4.696714089,-7.373239721,-1.274232518,0.747551258,-0.356947540,0.511887258,0.227435718,158,11
1403636982.901666403,4.725670672,-7.410069983,-1.272443778,0.749442655,-0.355761261,0.509481825,0.228468603,170,11
1403636982.951666594,4.754602825,-7.447538085,-1.271996387,0.749633719,-0.354328393,0.509617416,0.229762412,175,11
1403636983.001666546,4.783802108,-7.486160613,-1.272600908,0.749459046,-0.353138371,0.510111046,0.231065253,136,11
1403636983.051666498,4.813786828,-7.524007016,-1.274014547,0.747747804,-0.351467687,0.512936671,0.232894092,165,11
1403636983.101666451,4.842478359,-7.562952171,-1.276677771,0.746204079,-0.350223913,0.515322039,0.234448033,175,11
1403636983.151666403,4.871190235,-7.601517750,-1.281431901,0.745127517,-0.348629261,0.516997963,0.236549632,171,11
1403636983.201666594,4.899705324,-7.640480191,-1.287419463,0.744893661,-0.346754659,0.517393277,0.239162783,152,11
1403636983.251666546,4.928006490,-7.678494932,-1.294738775,0.744317214,-0.345355999,0.518327553,0.240951585,170,11
1403636983.301666498,4.956259712,-7.715988954,-1.303444485,0.744005145,-0.344236269,0.518488212,0.243161897,167,11
1403636983.351666451,4.984352102,-7.752780199,-1.312961330,0.743513427,-0.344100665,0.519037546,0.243685336,167,11
1403636983.401666403,5.011392081,-7.787859756,-1.322778918,0.743253998,-0.343087619,0.519123060,0.245714527,145,11
1403636983.451666594,5.039547717,-7.823316511,-1.332587776,0.742659422,-0.343527737,0.519667580,0.245746378,138,11
1403636983.501666546,5.067739214,-7.858122578,-1.341729107,0.742954870,-0.344214225,0.518852088,0.245615836,150,11
1403636983.551666498,5.095792499,-7.891817362,-1.349174263,0.743693678,-0.344822364,0.517351026,0.245693237,156,11
1403636983.601666451,5.124266125,-7.924355058,-1.354929356,0.744862971,-0.345368649,0.515064561,0.246187224,109,11
1403636983.651666403,5.152094896,-7.956069206,-1.359516462,0.746804580,-0.346747237,0.511713934,0.245353057,143,11
1403636983.701666594,5.180359050,-7.987878031,-1.361555583,0.748089954,-0.347864455,0.509162832,0.245163114,151,11
1403636983.751666546,5.209404108,-8.018525747,-1.361127608,0.749591373,-0.348875271,0.506313625,0.245041489,145,11
1403636983.801666498,5.239279096,-8.049720170,-1.358307161,0.750725943,-0.349133860,0.504091862,0.245779376,139,11
1403636983.851666451,5.269751867,-8.081604020,-1.354356163,0.751998759,-0.350298358,0.501490268,0.245553328,155,11
1403636983.901666403,5.301800268,-8.111998846,-1.347925501,0.752794086,-0.351064957,0.499869356,0.245326491,146,11
1403636983.951666594,5.334250986,-8.143398179,-1.341197913,0.753134380,-0.352546990,0.498522427,0.244897154,147,11
1403636984.001666546,5.368469025,-8.175286556,-1.333123434,0.753527888,-0.353675586,0.497281001,0.244583132,130,11
1403636984.051666498,5.402684381,-8.206552045,-1.323884148,0.754064062,-0.355016218,0.495835818,0.243921536,143,11
1403636984.101666451,5.437887139,-8.238345183,-1.314953897,0.754009644,-0.355798012,0.495164742,0.244313548,153,11
1403636984.151666403,5.473457472,-8.270890627,-1.307095066,0.752976294,-0.355798164,0.496232947,0.245330857,160,11
1403636984.201666594,5.510577267,-8.307605587,-1.301068190,0.751420411,-0.355624376,0.497926343,0.246917042,114,11
1403636984.251666546,5.547603771,-8.341815379,-1.296567845,0.748886073,-0.355688335,0.501095878,0.248109610,144,11
1403636984.301666498,5.585901797,-8.374982798,-1.293970979,0.747311423,-0.354817947,0.502925552,0.250391195,168,11
1403636984.351666451,5.624838358,-8.410055419,-1.293942888,0.745347480,-0.355111245,0.505306562,0.251034692,153,11
1403636984.401666403,5.665288150,-8.443455586,-1.295966958,0.744351624,-0.355048916,0.506272848,0.252128402,156,11
1403636984.451666594,5.705231850,-8.476253642,-1.299328310,0.743200520,-0.354499839,0.507568848,0.253686254,160,11
1403636984.501666546,5.744814468,-8.508476926,-1.304320939,0.741939997,-0.354468402,0.508938042,0.254674816,149,11
1403636984.551666498,5.785675798,-8.540448812,-1.310237308,0.741547694,-0.354296392,0.509330152,0.255272169,169,11
1403636984.601666451,5.825681035,-8.571518418,-1.316705715,0.741090388,-0.354070254,0.509975075,0.255626123,139,11
1403636984.651666403,5.867384158,-8.602882868,-1.321327434,0.741035438,-0.353940633,0.510111702,0.255692316,151,11
1403636984.701666594,5.908282030,-8.635277249,-1.325292226,0.740926128,-0.353241850,0.510559654,0.256081058,149,11
1403636984.751666546,5.949913386,-8.664648463,-1.326821725,0.740266858,-0.353533240,0.511910321,0.254886347,153,11
1403636984.801666498,5.992911556,-8.694243913,-1.327136345,0.739527110,-0.354280227,0.513161518,0.253476688,127,11
1403636984.851666451,6.034004353,-8.721572096,-1.326752654,0.738999786,-0.355694102,0.514163763,0.250991327,137,11
1403636984.901666403,6.075030450,-8.748251413,-1.324665780,0.738217812,-0.357410994,0.515329247,0.248450418,155,11
1403636984.951666594,6.115342021,-8.774698079,-1.320944077,0.737465844,-0.357938028,0.516430370,0.247637173,147,11
1403636985.001666546,6.155535484,-8.800781483,-1.315722873,0.737458824,-0.358279591,0.516490221,0.247038599,152,11
1403636985.051666498,6.195408951,-8.826254963,-1.309737640,0.737565724,-0.358478155,0.516243077,0.246947972,167,11
1403636985.101666451,6.234976832,-8.851327099,-1.303738272,0.738057198,-0.357815178,0.515394197,0.248210984,139,11
1403636985.151666403,6.274905731,-8.877052473,-1.300360981,0.739352442,-0.357319922,0.513400593,0.249199261,149,11
1403636985.201666594,6.314727688,-8.902748991,-1.299377759,0.739451189,-0.356565122,0.513119266,0.250563111,159,11
1403636985.251666546,6.355311231,-8.926852025,-1.302043006,0.739511776,-0.355943602,0.512763702,0.251991809,165,11
1403636985.301666498,6.396317412,-8.951197732,-1.308176416,0.739447119,-0.355630476,0.512624581,0.252905047,159,11
1403636985.351666451,6.437796246,-8.976128720,-1.314826471,0.740084635,-0.354553680,0.512431604,0.252943220,140,11
1403636985.401666403,6.478752524,-8.999088172,-1.321617878,0.741312331,-0.352215142,0.512567578,0.252339055,150,11
1403636985.451666594,6.520327654,-9.021872072,-1.326802809,0.743960634,-0.348138286,0.511978072,0.251397619,144,11
1403636985.501666546,6.563170625,-9.046307601,-1.330317576,0.746308486,-0.343284724,0.512636628,0.249765747,158,11
1403636985.551666498,6.605364374,-9.067431215,-1.331865203,0.748060853,-0.338777011,0.513937585,0.247998499,166,11
1403636985.601666451,6.648253094,-9.087976143,-1.331536313,0.749536028,-0.334335213,0.515029818,0.247305469,165,11
1403636985.651666403,6.691463343,-9.107709709,-1.329572286,0.751160300,-0.329723478,0.515602073,0.247376503,161,11
1403636985.701666594,6.735294052,-9.126887039,-1.326399957,0.751828105,-0.325824494,0.516960583,0.247678531,146,11
1403636985.751666546,6.780120610,-9.146726954,-1.322114948,0.751989819,-0.322342876,0.518859846,0.247771754,137,11
1403636985.801666498,6.823857216,-9.163773690,-1.316397402,0.751600552,-0.319223520,0.521386642,0.247687149,164,11
1403636985.851666451,6.868786321,-9.179663949,-1.309274969,0.748208854,-0.315701316,0.527814195,0.248854105,170,11
1403636985.901666403,6.914697363,-9.195466575,-1.302945065,0.743057530,-0.311620574,0.536490006,0.250871676,165,11
1403636985.951666594,6.960361634,-9.209013412,-1.298317583,0.736681961,-0.307685770,0.546397033,0.253139166,133,11
1403636986.001666546,7.004354436,-9.220788914,-1.296317078,0.732914156,-0.304539836,0.552258040,0.255153651,156,11
1403636986.051666498,7.047412476,-9.229882380,-1.296462497,0.731809983,-0.302227999,0.554048531,0.257182059,156,11
1403636986.101666451,7.089216977,-9.236546817,-1.299593343,0.732669373,-0.302390256,0.553535671,0.255644253,153,11
1403636986.151666403,7.129383300,-9.240439990,-1.305261674,0.736345962,-0.303918021,0.548976152,0.253088216,150,11
1403636986.201666594,7.169190875,-9.242435494,-1.311981930,0.740440351,-0.306243020,0.543668726,0.249775130,153,11
1403636986.251666546,7.207889815,-9.242113812,-1.319986658,0.746008144,-0.308249851,0.536022569,0.247252268,152,11
1403636986.301666498,7.245540546,-9.239127468,-1.329662425,0.749441027,-0.310253278,0.531337314,0.244462080,161,11
1403636986.351666451,7.283259551,-9.234840393,-1.338969985,0.752466209,-0.311040673,0.527109607,0.243318241,140,11
1403636986.401666403,7.321626673,-9.230297161,-1.348382663,0.753864427,-0.313513681,0.525346462,0.239601110,160,11
1403636986.451666594,7.360112752,-9.225148668,-1.357431779,0.754081597,-0.316211118,0.525218311,0.235620881,160,11
1403636986.501666546,7.398906984,-9.219205785,-1.366053228,0.754343119,-0.318621995,0.525042569,0.231898218,158,11
1403636986.551666498,7.436633549,-9.207552980,-1.374449377,0.753331681,-0.321080320,0.526679139,0.228052387,121,11
1403636986.601666451,7.474577265,-9.199746938,-1.379052327,0.752905975,-0.322721655,0.527514993,0.225191606,144,11
1403636986.651666403,7.510715582,-9.191182934,-1.381549775,0.752701246,-0.323859398,0.527907976,0.223313891,148,11
1403636986.701666594,7.548624385,-9.183430623,-1.381183512,0.751918001,-0.325853360,0.529082233,0.220251898,170,11
1403636986.751666546,7.586314244,-9.176060220,-1.378699645,0.751149234,-0.327059635,0.530358661,0.218005767,170,11
1403636986.801666498,7.623693439,-9.169033100,-1.373753173,0.750410594,-0.329237043,0.531314950,0.214921692,169,11
1403636986.851666451,7.658929942,-9.162093058,-1.366977598,0.749422182,-0.329308463,0.532773139,0.214651138,146,11
1403636986.901666403,7.694373810,-9.155464570,-1.357165370,0.749038746,-0.330108620,0.533057199,0.214054385,156,11
1403636986.951666594,7.729290676,-9.148951148,-1.345114366,0.748751820,-0.329232030,0.533490005,0.215326257,141,11
1403636987.001666546,7.763022426,-9.142724122,-1.331140750,0.748622681,-0.328749187,0.533368511,0.216808868,160,11
1403636987.051666498,7.796688662,-9.136099683,-1.315347944,0.748706132,-0.327228608,0.532781365,0.220237560,161,11
1403636987.101666451,7.828533988,-9.129082492,-1.299137956,0.748534910,-0.326347119,0.532646028,0.222443825,157,11
1403636987.151666403,7.861164145,-9.122147497,-1.282859293,0.748182214,-0.326125237,0.532702072,0.223817352,154,11
1403636987.201666594,7.890879692,-9.114746747,-1.268400427,0.747515857,-0.325932906,0.533097643,0.225376768,167,11
1403636987.251666546,7.921806600,-9.107280779,-1.256203802,0.746324269,-0.327005850,0.534249729,0.225043301,162,11
1403636987.301666498,7.951400586,-9.100010668,-1.245760486,0.745714517,-0.326569840,0.534568216,0.226933516,175,11
1403636987.351666451,7.980727568,-9.092143051,-1.237213554,0.745348446,-0.326569654,0.535045939,0.227010570,178,11
1403636987.401666403,8.009541623,-9.083820177,-1.229643090,0.744551415,-0.325647129,0.536783324,0.226849732,176,11
1403636987.451666594,8.037441998,-9.074046685,-1.223880967,0.744782875,-0.322878760,0.537879003,0.227450991,154,11
1403636987.501666546,8.064890025,-9.064860021,-1.218092955,0.743324168,-0.319881216,0.541227572,0.228512372,156,11
1403636987.551666498,8.091681471,-9.054533853,-1.213464361,0.742727475,-0.316419837,0.543143239,0.230715857,140,11
1403636987.601666451,8.117336695,-9.043558942,-1.209810544,0.741822561,-0.313751447,0.545544565,0.231604071,157,11
1403636987.651666403,8.142144862,-9.031545069,-1.207399276,0.741402385,-0.312041938,0.547065855,0.231670634,179,11
1403636987.701666594,8.166044832,-9.018640526,-1.206022880,0.741416246,-0.310273181,0.547964762,0.231877389,147,11
1403636987.751666546,8.189533296,-9.004736589,-1.203173291,0.741608458,-0.309104775,0.548723232,0.231028023,154,11
1403636987.801666498,8.210657200,-8.989208741,-1.199159829,0.741802488,-0.308607561,0.549478541,0.229267910,165,11
1403636987.851666451,8.232212013,-8.972518813,-1.193301539,0.742208531,-0.308229160,0.549732702,0.227849157,156,11
1403636987.901666403,8.251591224,-8.954886120,-1.186075440,0.742489292,-0.309598999,0.550097563,0.224166862,170,11
1403636987.951666594,8.269583734,-8.936284130,-1.177806720,0.743233622,-0.311253881,0.549795149,0.220113830,170,11
1403636988.001666546,8.286987727,-8.917655152,-1.168708408,0.744201446,-0.314116311,0.548929447,0.214875811,171,11
1403636988.051666498,8.303623226,-8.898894384,-1.159972284,0.745346475,-0.317287489,0.547398933,0.210099238,156,11
1403636988.101666451,8.317845827,-8.880006552,-1.152950950,0.746097257,-0.320216366,0.546400610,0.205540106,158,11
1403636988.151666403,8.331235583,-8.861097205,-1.147299294,0.746822020,-0.322555349,0.545198462,0.202419253,141,11
1403636988.201666594,8.343690742,-8.842675192,-1.142115154,0.746454618,-0.324825428,0.545427205,0.199507166,143,11
1403636988.251666546,8.354335990,-8.824754842,-1.138337164,0.745342320,-0.326190359,0.546685841,0.197988047,163,11
1403636988.301666498,8.365028205,-8.806929100,-1.135068509,0.742408804,-0.327303577,0.550333415,0.197065137,131,11
1403636988.351666451,8.374670588,-8.790617668,-1.130826240,0.739136079,-0.326933609,0.554528455,0.198218228,139,11
1403636988.401666403,8.380890081,-8.774730623,-1.125204621,0.735931608,-0.326578445,0.558695172,0.199024851,153,11
1403636988.451666594,8.386796568,-8.758788910,-1.117543937,0.733834822,-0.325114662,0.561561365,0.201086411,146,11
1403636988.501666546,8.388565022,-8.742732812,-1.107845105,0.731979434,-0.323826885,0.564048042,0.202958280,159,11
1403636988.551666498,8.387852334,-8.726350562,-1.096911585,0.730719601,-0.323343829,0.565807563,0.203370192,160,11
1403636988.601666451,8.384406174,-8.709505911,-1.084590001,0.729786772,-0.322861230,0.567132036,0.203796827,162,11
1403636988.651666403,8.379042490,-8.692744953,-1.072183324,0.729346089,-0.322753155,0.567771425,0.203765288,150,11
1403636988.701666594,8.371407465,-8.676023780,-1.060895583,0.728754380,-0.322765114,0.568585327,0.203593861,154,11
1403636988.751666546,8.362006060,-8.658856535,-1.050990913,0.728404930,-0.321580928,0.569145302,0.205147728,140,11
1403636988.801666498,8.350682255,-8.641861704,-1.042539482,0.727211581,-0.321429258,0.570754578,0.205148143,142,11
1403636988.851666451,8.337087158,-8.624607130,-1.035671786,0.726086776,-0.321286966,0.572306548,0.205031448,162,11
1403636988.901666403,8.322103513,-8.607588153,-1.030074048,0.724681217,-0.321285129,0.574087947,0.205026899,132,11
1403636988.951666594,8.303965592,-8.591214497,-1.025187085,0.723146792,-0.321654720,0.576033596,0.204407081,138,11
1403636989.001666546,8.283256561,-8.573625769,-1.022370832,0.722058633,-0.321725296,0.577284803,0.204612856,153,11
1403636989.051666498,8.259584637,-8.555735217,-1.020745818,0.720463335,-0.322469368,0.579136257,0.203831514,146,11
1403636989.101666451,8.233112023,-8.537357288,-1.019674731,0.720215191,-0.322440475,0.579277688,0.204351608,159,11
1403636989.151666403,8.204291265,-8.518604450,-1.019331305,0.719831941,-0.323058490,0.579553536,0.203943343,160,11
1403636989.201666594,8.172866085,-8.499464730,-1.019156658,0.720164968,-0.323272026,0.578862674,0.204390852,162,11
1403636989.251666546,8.138374457,-8.479911560,-1.018661729,0.722419938,-0.322718174,0.575755114,0.206078774,150,11
1403636989.301666498,8.102003255,-8.460681869,-1.016701936,0.726670248,-0.321754657,0.569758525,0.209283337,152,11
1403636989.351666451,8.064123501,-8.441823717,-1.012500153,0.731529818,-0.320357412,0.563062058,0.212594387,139,11
1403636989.401666403,8.024131515,-8.421823343,-1.006946488,0.736821246,-0.320182028,0.555555341,0.214327279,142,11
1403636989.451666594,7.983300619,-8.402039369,-0.999329089,0.741543259,-0.320661259,0.548812885,0.214695992,162,11
1403636989.501666546,7.941135080,-8.381044760,-0.990444070,0.744485729,-0.321084755,0.544473073,0.214929412,132,11
1403636989.551666498,7.898983184,-8.359125847,-0.979882996,0.746938990,-0.321340918,0.540646103,0.215694115,138,11
1403636989.601666451,7.856115303,-8.338590339,-0.968090192,0.748332378,-0.320467311,0.538609118,0.217254626,153,11
1403636989.651666403,7.812626087,-8.316728273,-0.957707159,0.750309038,-0.319449120,0.535771735,0.218945781,147,11
1403636989.701666594,7.769344810,-8.296395771,-0.947843161,0.751683629,-0.318024394,0.533741517,0.221251441,160,11
1403636989.751666546,7.726149856,-8.275844437,-0.939647101,0.752766975,-0.317029652,0.532159459,0.222801237,160,11
1403636989.801666498,7.683295618,-8.254821465,-0.933221861,0.753242942,-0.317099595,0.531441179,0.222807517,163,11
1403636989.851666451,7.640741131,-8.231983217,-0.929502332,0.752921676,-0.317041079,0.531972780,0.222708028,150,11
1403636989.901666403,7.598553631,-8.210373353,-0.925755719,0.751613257,-0.317055731,0.533851123,0.222612117,151,11
1403636989.951666594,7.556736540,-8.188622369,-0.922396082,0.749036857,-0.316775481,0.537419657,0.223108032,139,11
1403636990.001666546,7.514416697,-8.165868153,-0.919920857,0.746905365,-0.316421342,0.540526100,0.223251975,142,11
1403636990.051666498,7.472231444,-8.143290876,-0.916764288,0.744642594,-0.315577270,0.543564365,0.224624520,163,11
1403636990.101666451,7.429541396,-8.119539594,-0.912533580,0.742971838,-0.315018782,0.545993145,0.225049996,132,11
1403636990.151666403,7.386432369,-8.095544442,-0.906509752,0.742376113,-0.314303700,0.546948092,0.225695978,138,11
1403636990.201666594,7.342934475,-8.071245440,-0.899125555,0.742860502,-0.313702128,0.546314130,0.226473224,151,11
1403636990.251666546,7.299165223,-8.046299934,-0.890200508,0.744456207,-0.313263509,0.544434841,0.226366150,145,11
1403636990.301666498,7.254757244,-8.020622243,-0.879758832,0.746394260,-0.312850382,0.542010204,0.226373994,159,11
1403636990.351666451,7.210142519,-7.994411537,-0.867496207,0.747626511,-0.312381284,0.540689876,0.226112784,158,11
1403636990.401666403,7.165624967,-7.967462559,-0.855169814,0.749926153,-0.311774120,0.537908222,0.225969928,162,11
1403636990.451666594,7.121144057,-7.938590173,-0.845273839,0.750932942,-0.311850731,0.537103920,0.224428648,150,11
1403636990.501666546,7.077584692,-7.909974551,-0.834240907,0.752689323,-0.312390951,0.535159351,0.222430092,149,11
1403636990.551666498,7.034177571,-7.881635040,-0.825113173,0.753217327,-0.312068409,0.534900865,0.221716105,137,11
1403636990.601666451,6.990997662,-7.853125464,-0.817825147,0.754475154,-0.311861268,0.533617390,0.220821811,140,11
1403636990.651666403,6.948175238,-7.824969611,-0.812290623,0.755615297,-0.312120417,0.532462235,0.219340687,162,11
1403636990.701666594,6.905451014,-7.796664047,-0.808701239,0.756798632,-0.310914508,0.531297766,0.219796912,131,11
1403636990.751666546,6.863208830,-7.768251442,-0.806424664,0.757690722,-0.310500570,0.530437294,0.219386515,138,11
1403636990.801666498,6.821933478,-7.739822588,-0.805511701,0.758253001,-0.309651998,0.529992212,0.219718644,151,11
1403636990.851666451,6.781267526,-7.711285769,-0.806136026,0.758542514,-0.308961690,0.529967041,0.219751826,145,11
1403636990.901666403,6.740745252,-7.682533934,-0.808764537,0.758619989,-0.309355366,0.529988433,0.218877206,159,11
1403636990.951666594,6.700839560,-7.653931289,-0.811974635,0.758985563,-0.308984270,0.529464302,0.219401889,158,11
1403636991.001666546,6.661388090,-7.625412208,-0.816462910,0.758739768,-0.308723897,0.529917540,0.219524306,162,11
1403636991.051666498,6.621860566,-7.596766325,-0.822005757,0.757928679,-0.308219283,0.531052651,0.220290883,150,11
1403636991.101666451,6.583194802,-7.568038233,-0.828234226,0.758288275,-0.308438591,0.530317289,0.220517801,149,11
1403636991.151666403,6.545045761,-7.539353854,-0.835784907,0.757860914,-0.308901465,0.530625324,0.220598020,135,11
1403636991.201666594,6.507865392,-7.511395768,-0.841248025,0.758292725,-0.308637006,0.529692102,0.221724194,158,11
1403636991.251666546,6.470606469,-7.482237713,-0.845173001,0.758429768,-0.309443603,0.529218166,0.221262461,181,11
1403636991.301666498,6.432739485,-7.452705766,-0.847837297,0.758526229,-0.309584658,0.528884735,0.221531570,150,11
1403636991.351666451,6.395661983,-7.422538814,-0.848270281,0.758232987,-0.310883401,0.528771864,0.220985440,158,11
1403636991.401666403,6.359507265,-7.392762197,-0.846277994,0.758812256,-0.311032146,0.527634496,0.221505761,168,11
1403636991.451666594,6.324414305,-7.362542338,-0.841722362,0.758827918,-0.311390827,0.527135889,0.222134412,163,11
1403636991.501666546,6.289445486,-7.332951171,-0.834740204,0.758871945,-0.312125851,0.526408776,0.222676053,176,11
1403636991.551666498,6.256943893,-7.304651385,-0.825653887,0.757984553,-0.313697340,0.527228427,0.221548147,174,11
1403636991.601666451,6.224212196,-7.276085450,-0.815220954,0.757625740,-0.315478323,0.526977927,0.220841416,178,11
1403636991.651666403,6.192652825,-7.247472120,-0.804286110,0.756418262,-0.318452721,0.527921986,0.218443709,167,11
1403636991.701666594,6.161032447,-7.218825150,-0.792037722,0.755249240,-0.322369657,0.528617629,0.215034398,168,11
1403636991.751666546,6.130925167,-7.191159705,-0.778244891,0.754253321,-0.325750500,0.529010336,0.212453768,136,11
1403636991.801666498,6.100148950,-7.164738303,-0.763605307,0.752930361,-0.328717739,0.529841301,0.210496353,158,11
1403636991.851666451,6.069403273,-7.139170896,-0.749423337,0.752010590,-0.331743889,0.530043493,0.208518491,181,11
1403636991.901666403,6.037559583,-7.113296349,-0.738520704,0.751501494,-0.333666647,0.529804452,0.207892558,151,11
1403636991.951666594,6.006186350,-7.089421278,-0.727567308,0.751052580,-0.334629186,0.529568028,0.208569013,158,11
1403636992.001666546,5.975236007,-7.066656309,-0.718113142,0.751089473,-0.334765613,0.528660460,0.210510583,168,11
1403636992.051666498,5.943564676,-7.045401480,-0.710439229,0.750670251,-0.332898920,0.528521813,0.215260717,163,11
1403636992.101666451,5.912023928,-7.024446921,-0.704528201,0.750054714,-0.330786047,0.528771075,0.219999247,177,11
1403636992.151666403,5.880545994,-7.004133022,-0.699860035,0.748714694,-0.329322935,0.530130291,0.223460479,173,11
1403636992.201666594,5.849719015,-6.984000847,-0.696259115,0.747390345,-0.327785925,0.531383919,0.227145746,177,11
1403636992.251666546,5.818101901,-6.962151543,-0.695368960,0.746622781,-0.327214844,0.531913750,0.229243605,165,11
1403636992.301666498,5.787070638,-6.941484262,-0.694556284,0.746307623,-0.327113044,0.531751537,0.230786245,166,11
1403636992.351666451,5.756121258,-6.920923797,-0.694832585,0.746749896,-0.327619258,0.530437969,0.231658747,134,11
1403636992.401666403,5.725189006,-6.900088535,-0.696260765,0.748181424,-0.328449783,0.527716280,0.232079350,156,11
1403636992.451666594,5.694638936,-6.879174505,-0.696735207,0.749805245,-0.329783812,0.524680093,0.231830825,179,11
1403636992.501666546,5.663764046,-6.857497926,-0.696390906,0.750771951,-0.330827911,0.522517212,0.232099404,150,11
1403636992.551666498,5.633908882,-6.836681662,-0.693805718,0.751766884,-0.331167546,0.520321278,0.233324617,158,11
1403636992.601666451,5.605097556,-6.815707906,-0.688881922,0.752241623,-0.332097787,0.518909068,0.233617164,169,11
1403636992.651666403,5.576782742,-6.795061566,-0.681515416,0.752235982,-0.333062576,0.518167426,0.233907816,164,11
1403636992.701666594,5.549086202,-6.774029178,-0.673179020,0.752555384,-0.333403485,0.517049690,0.234866193,179,11
1403636992.751666546,5.522304464,-6.753206764,-0.665383427,0.752956578,-0.334211833,0.515898560,0.234962804,174,11
1403636992.801666498,5.496412084,-6.732494257,-0.658321124,0.753059280,-0.334361284,0.514965436,0.236463215,178,11
1403636992.851666451,5.471064023,-6.710910882,-0.653560884,0.752824331,-0.334546889,0.514701682,0.237520702,165,11
1403636992.901666403,5.447105146,-6.690678303,-0.649473150,0.752761783,-0.334317409,0.514036944,0.239473565,166,11
1403636992.951666594,5.423999940,-6.670606168,-0.647199265,0.752442733,-0.334053388,0.514048201,0.240816765,134,11
1403636993.001666546,5.401556879,-6.650353535,-0.646254295,0.750875024,-0.334592273,0.515666810,0.241500416,156,11
1403636993.051666498,5.380116055,-6.629954087,-0.645915088,0.748744800,-0.335696502,0.518098691,0.241376946,179,11
1403636993.101666451,5.359584892,-6.609406254,-0.646386198,0.746786453,-0.336144610,0.521487748,0.239514768,150,11
1403636993.151666403,5.339861652,-6.588334697,-0.646217655,0.745281896,-0.335643950,0.525309896,0.236532340,157,11
1403636993.201666594,5.320696654,-6.566995291,-0.644947237,0.745184982,-0.333503925,0.528366851,0.233029923,168,11
1403636993.251666546,5.301742286,-6.545647482,-0.642147152,0.746003410,-0.329885450,0.531083316,0.229357829,163,11
1403636993.301666498,5.283714316,-6.524368259,-0.637306909,0.747413781,-0.325264127,0.533770136,0.225089604,179,11
1403636993.351666451,5.265612716,-6.503129739,-0.630259581,0.749365218,-0.319314244,0.536552492,0.220457723,174,11
1403636993.401666403,5.247333536,-6.481617563,-0.621496592,0.751672038,-0.312641905,0.539229556,0.215582169,178,11
1403636993.451666594,5.228042687,-6.459313803,-0.611848161,0.754231108,-0.305360810,0.542076541,0.209864803,165,11
1403636993.501666546,5.208735197,-6.436895783,-0.600434131,0.757469241,-0.297437683,0.544104725,0.204257733,166,11
1403636993.551666498,5.188961830,-6.414208624,-0.587684615,0.760362857,-0.288755241,0.546597813,0.199247500,134,11
1403636993.601666451,5.168370098,-6.391337520,-0.574173458,0.763961217,-0.281039531,0.547775156,0.193190112,156,11
1403636993.651666403,5.147306846,-6.368384459,-0.560751171,0.767351829,-0.274372729,0.548331557,0.187678663,179,11
1403636993.701666594,5.125594515,-6.345612373,-0.547935362,0.770213116,-0.268454084,0.548796788,0.183101740,150,11
1403636993.751666546,5.103465633,-6.322767636,-0.536967127,0.772745984,-0.263215254,0.548905430,0.179678057,157,11
1403636993.801666498,5.081354637,-6.300029363,-0.527490163,0.774751284,-0.259162730,0.549008682,0.176591603,168,11
1403636993.851666451,5.059389521,-6.277497920,-0.519232126,0.776266528,-0.254512109,0.549339436,0.175670284,163,11
1403636993.901666403,5.037502695,-6.254733069,-0.512420929,0.777766128,-0.250891307,0.549391638,0.174075360,180,11
1403636993.951666594,5.015620894,-6.231907321,-0.507162722,0.777319215,-0.248484073,0.551680410,0.172276609,175,11
1403636994.001666546,4.993765373,-6.209003785,-0.502822612,0.776343679,-0.245446426,0.554310750,0.172586606,179,11
1403636994.051666498,4.971799847,-6.185841878,-0.499508372,0.774877726,-0.242450387,0.557258664,0.173911185,166,11
1403636994.101666451,4.949774418,-6.162145320,-0.497098185,0.772209001,-0.239901079,0.561551751,0.175500318,167,11
1403636994.151666403,4.928656842,-6.138311776,-0.496158793,0.770070008,-0.238073350,0.564955421,0.176461425,135,11
1403636994.201666594,4.905941241,-6.113345302,-0.495698349,0.767570418,-0.236220641,0.568738635,0.177684630,157,11
1403636994.251666546,4.882693892,-6.087379586,-0.496730941,0.765180833,-0.235256094,0.572117205,0.178423000,180,11
1403636994.301666498,4.858570904,-6.060402482,-0.498989632,0.763126731,-0.234518870,0.574926400,0.179159500,151,11
1403636994.351666451,4.833631532,-6.032431229,-0.502422565,0.762008545,-0.233781910,0.576439132,0.180019231,158,11
1403636994.401666403,4.807503638,-6.003079431,-0.506533006,0.760552238,-0.233440327,0.578237775,0.180850720,169,11
1403636994.451666594,4.780513093,-5.971485380,-0.510773000,0.760405986,-0.233526531,0.578241009,0.181343408,163,11
1403636994.501666546,4.752182543,-5.940176886,-0.514369652,0.761022023,-0.234153988,0.577294271,0.180966063,180,11
1403636994.551666498,4.722658874,-5.907453286,-0.516669848,0.761872094,-0.236756560,0.576180553,0.177519617,175,11
1403636994.601666451,4.692164215,-5.873772833,-0.517472901,0.763693925,-0.238082043,0.573577006,0.176346104,180,11
1403636994.651666403,4.660431155,-5.837701116,-0.518332399,0.766137656,-0.240561550,0.570061305,0.173762312,167,11
1403636994.701666594,4.628528964,-5.801561304,-0.516003059,0.768307288,-0.244586553,0.566925971,0.168749138,168,11
1403636994.751666546,4.595380720,-5.765257622,-0.512255518,0.770774016,-0.248839773,0.563266756,0.163452576,134,11
1403636994.801666498,4.561589017,-5.728837742,-0.507139051,0.772674868,-0.253118207,0.560199271,0.158371397,156,11
1403636994.851666451,4.527708779,-5.693472054,-0.501142896,0.773061288,-0.256813550,0.559264955,0.153771767,179,11
1403636994.901666403,4.492868147,-5.657949165,-0.496660046,0.773821480,-0.259358365,0.557807833,0.150943620,150,11
1403636994.951666594,4.458222240,-5.624389483,-0.491806849,0.773166033,-0.260447825,0.558443955,0.150071864,158,11
1403636995.001666546,4.422986861,-5.591831040,-0.488334992,0.772039718,-0.259986826,0.559908020,0.151210233,169,11
1403636995.051666498,4.387680177,-5.560193535,-0.485989783,0.771148248,-0.257492453,0.561304419,0.154807512,164,11
1403636995.101666451,4.351810399,-5.529024226,-0.484447059,0.769581488,-0.254413219,0.563730724,0.158826690,181,11
1403636995.151666403,4.315526462,-5.498365759,-0.482483716,0.768156588,-0.251377564,0.565923355,0.162713037,175,11
1403636995.201666594,4.278831507,-5.467707977,-0.479387646,0.767541636,-0.248926428,0.567060743,0.165401284,180,11
1403636995.251666546,4.240748275,-5.436343906,-0.475721238,0.766630835,-0.246882721,0.568599429,0.167394067,168,11
1403636995.301666498,4.202419472,-5.405279448,-0.468988710,0.766548831,-0.245066305,0.569009222,0.169038162,171,11
1403636995.351666451,4.163732343,-5.373783359,-0.460738233,0.767318832,-0.243529853,0.568297438,0.170155936,137,11
1403636995.401666403,4.125009799,-5.342109893,-0.450876468,0.769284683,-0.242239885,0.566056004,0.170591660,159,11
1403636995.451666594,4.085690607,-5.309970588,-0.439201948,0.771637139,-0.242022808,0.563080063,0.170123275,183,11
1403636995.501666546,4.045267177,-5.277069615,-0.426850488,0.773977677,-0.242230732,0.560107043,0.169005705,153,11
1403636995.551666498,4.005106104,-5.244366859,-0.411196954,0.774545060,-0.242552503,0.559528938,0.167855895,160,11
1403636995.601666451,3.964912710,-5.211190486,-0.396682598,0.775748930,-0.242290107,0.557944086,0.167950880,170,11
1403636995.651666403,3.924522856,-5.177119213,-0.382234171,0.775749577,-0.243743963,0.557913356,0.165934208,165,11
1403636995.701666594,3.884024131,-5.143530962,-0.368041311,0.775544384,-0.244001211,0.558149151,0.165722184,182,11
1403636995.751666546,3.843617393,-5.110055327,-0.355698019,0.775505225,-0.244927616,0.558195641,0.164376809,176,11
1403636995.801666498,3.803202669,-5.076658673,-0.345099844,0.775116448,-0.247730196,0.558447576,0.161122772,179,11
1403636995.851666451,3.761855546,-5.043861043,-0.336923360,0.775278800,-0.250909573,0.557994717,0.156936498,167,11
1403636995.901666403,3.720722007,-5.011674671,-0.329872094,0.775545933,-0.253551434,0.557343843,0.153649006,171,11
1403636995.951666594,3.678644915,-4.980284403,-0.325211602,0.775828070,-0.255905511,0.556605682,0.150974466,137,11
1403636996.001666546,3.637398714,-4.949592920,-0.320852154,0.776194129,-0.256989319,0.555876226,0.149935941,156,11
1403636996.051666498,3.596165633,-4.920415850,-0.317700766,0.777459716,-0.255302312,0.554157137,0.152600747,179,11
1403636996.101666451,3.555091171,-4.892061948,-0.315546393,0.778414045,-0.254119490,0.552754572,0.154781268,150,11
1403636996.151666403,3.514323476,-4.864732238,-0.312838287,0.779140510,-0.252289050,0.551739907,0.157712952,157,11
1403636996.201666594,3.473875097,-4.837998476,-0.309655317,0.779984076,-0.250768051,0.550578115,0.160012390,167,11
1403636996.251666546,3.433771410,-4.812003661,-0.305361031,0.780604972,-0.249281074,0.549667618,0.162420238,163,11
1403636996.301666498,3.395086505,-4.786910644,-0.298032116,0.781088085,-0.247376786,0.549437212,0.163783027,179,11
1403636996.351666451,3.356418640,-4.761949614,-0.288972124,0.782015630,-0.245616231,0.549139843,0.163002006,173,11
1403636996.401666403,3.318337904,-4.737275012,-0.277052167,0.782676408,-0.243031349,0.549776196,0.161553515,177,11
1403636996.451666594,3.280384310,-4.712558794,-0.263524155,0.784281186,-0.239369264,0.549719129,0.159418497,164,11
1403636996.501666546,3.243351532,-4.688098235,-0.248439205,0.785485372,-0.234064950,0.550875568,0.157360853,168,11
1403636996.551666498,3.206324855,-4.663806557,-0.233502026,0.787306509,-0.227783979,0.551571227,0.155022906,136,11
1403636996.601666451,3.169897310,-4.638939219,-0.216140508,0.789608844,-0.221611953,0.552027646,0.150570558,156,11
1403636996.651666403,3.134267992,-4.614511529,-0.199070280,0.791715494,-0.214348562,0.553250519,0.145448045,179,11
1403636996.701666594,3.098962712,-4.590053275,-0.184574971,0.794659047,-0.205991982,0.553434287,0.140693968,150,11
1403636996.751666546,3.063161506,-4.565153862,-0.174804342,0.797195224,-0.198038701,0.554309774,0.134168260,158,11
1403636996.801666498,3.027893833,-4.540414883,-0.169094046,0.799889445,-0.188669856,0.555090269,0.128278429,168,11
1403636996.851666451,2.993635561,-4.516052862,-0.166127348,0.802303565,-0.180179406,0.556149578,0.120590292,164,11
1403636996.901666403,2.959068417,-4.491780916,-0.165010845,0.804689320,-0.170961070,0.557215989,0.112950219,179,11
1403636996.951666594,2.925419517,-4.467753092,-0.164850301,0.806906979,-0.162031471,0.558317793,0.104537897,173,11
1403636997.001666546,2.893117863,-4.444727400,-0.165176938,0.809138389,-0.151812065,0.559165621,0.097887551,177,11
1403636997.051666498,2.861481136,-4.422287963,-0.166198154,0.810870193,-0.142629328,0.560242826,0.090963625,164,11
1403636997.101666451,2.830134414,-4.401220705,-0.168615213,0.813059956,-0.134170325,0.560170417,0.084504059,168,11
1403636997.151666403,2.799574471,-4.381243637,-0.172000087,0.814661905,-0.127244899,0.560253047,0.079064785,136,11
1403636997.201666594,2.769984013,-4.362122918,-0.177187612,0.815908705,-0.121452186,0.560366163,0.074378191,157,11
1403636997.251666546,2.741714248,-4.343840443,-0.182777261,0.816937037,-0.115999344,0.560445431,0.071126283,180,11
1403636997.301666498,2.714363611,-4.326386184,-0.188479577,0.817796190,-0.111743521,0.560385970,0.068486062,150,11
1403636997.351666451,2.687720507,-4.309413674,-0.193111209,0.818560811,-0.108576878,0.560139627,0.066429352,156,11
1403636997.401666403,2.662302604,-4.293427508,-0.195364867,0.819238598,-0.105660595,0.559815109,0.065505738,166,11
1403636997.451666594,2.637534132,-4.277682474,-0.196017968,0.819018167,-0.104252945,0.560563448,0.064102936,164,11
1403636997.501666546,2.613925033,-4.262754902,-0.195116238,0.819259425,-0.102663312,0.560465358,0.064442392,180,11
1403636997.551666498,2.591255232,-4.248072715,-0.192486870,0.819553772,-0.102115661,0.560152337,0.064291255,174,11
1403636997.601666451,2.569678959,-4.233814739,-0.187703599,0.820041204,-0.102439806,0.559408379,0.064037292,178,11
1403636997.651666403,2.549472973,-4.219829641,-0.181543180,0.820188522,-0.102651351,0.559101540,0.064489969,166,11
1403636997.701666594,2.530305987,-4.206248775,-0.173163980,0.820441174,-0.102689056,0.558588219,0.065653932,169,11
1403636997.751666546,2.512545669,-4.192909502,-0.163748116,0.820795697,-0.102944044,0.557824531,0.067295919,137,11
1403636997.801666498,2.495655880,-4.179528797,-0.153109112,0.821428662,-0.103597855,0.556635920,0.068402414,157,11
1403636997.851666451,2.479578333,-4.166235297,-0.140069943,0.821321949,-0.104195488,0.556587100,0.069169042,180,11
1403636997.901666403,2.464488923,-4.153049244,-0.126582799,0.821447847,-0.105148921,0.556056190,0.070488667,150,11
1403636997.951666594,2.449917512,-4.140013328,-0.110421322,0.821160444,-0.106363963,0.556243185,0.070539003,158,11
1403636998.001666546,2.436352879,-4.127322142,-0.092147246,0.821156755,-0.107299563,0.555938205,0.071561858,167,11
1403636998.051666498,2.423588617,-4.114333897,-0.073013754,0.821189692,-0.108366785,0.555585242,0.072312989,165,11
1403636998.101666451,2.411826834,-4.101435622,-0.053330489,0.821119219,-0.109464117,0.555459043,0.072429878,181,11
1403636998.151666403,2.401221287,-4.088602311,-0.033864809,0.820301668,-0.110430699,0.556416165,0.072878570,175,11
1403636998.201666594,2.391613816,-4.075673408,-0.015430350,0.819453900,-0.112395597,0.557413006,0.071786324,179,11
1403636998.251666546,2.382340647,-4.063100248,0.001351287,0.819495415,-0.113284251,0.557208258,0.071504544,168,11
1403636998.301666498,2.373756122,-4.050537965,0.016070323,0.819764963,-0.113849245,0.556522727,0.072843732,171,11
1403636998.351666451,2.365937195,-4.038213326,0.029376939,0.819382772,-0.114531858,0.556929980,0.072961112,139,11
1403636998.401666403,2.358819896,-4.026055990,0.040811831,0.819200823,-0.115361575,0.557051809,0.072766753,159,11
1403636998.451666594,2.352375980,-4.013983954,0.051070608,0.819085022,-0.116332885,0.557049365,0.072542342,182,11
1403636998.501666546,2.346692096,-4.002298524,0.062372341,0.818685974,-0.117242764,0.557472148,0.072334055,152,11
1403636998.551666498,2.341615118,-3.990714599,0.075737747,0.817340655,-0.116599518,0.559329403,0.074225503,160,11
1403636998.601666451,2.336196656,-3.979353004,0.089885721,0.815473090,-0.116612831,0.562001998,0.074557631,168,11
1403636998.651666403,2.331200321,-3.968332713,0.106129645,0.811390538,-0.114579146,0.567796619,0.078256081,166,11
1403636998.701666594,2.325749182,-3.957177800,0.123931441,0.807465940,-0.114094695,0.573323422,0.079255351,182,11
1403636998.751666546,2.319883468,-3.946031840,0.143064686,0.804301317,-0.113370717,0.577702561,0.080661159,176,11
1403636998.801666498,2.313553992,-3.934550971,0.162077873,0.802365590,-0.112430141,0.580203030,0.083266841,179,11
1403636998.851666451,2.306761583,-3.922667692,0.180375361,0.801809752,-0.109916967,0.580916505,0.086921781,168,11
1403636998.901666403,2.299475778,-3.909960310,0.197020995,0.801074544,-0.108823637,0.581795748,0.089166693,172,11
1403636998.951666594,2.291915487,-3.896464737,0.211690828,0.801164613,-0.107755225,0.581501583,0.091542247,140,11
1403636999.001666546,2.283606929,-3.882624392,0.224988437,0.801526544,-0.107030259,0.580904711,0.093002364,160,11
1403636999.051666498,2.274749269,-3.867847576,0.236608394,0.801298178,-0.105698647,0.581095110,0.095275907,183,11
1403636999.101666451,2.265504367,-3.852344211,0.246386106,0.801833568,-0.105443623,0.580293221,0.095939299,153,11
1403636999.151666403,2.256197608,-3.836157536,0.254670848,0.802399136,-0.105071031,0.579378374,0.097141161,161,11
1403636999.201666594,2.246811624,-3.819198168,0.261568985,0.803466489,-0.105199621,0.577835165,0.097371261,169,11
1403636999.251666546,2.237319542,-3.801738968,0.266760404,0.804117428,-0.105303966,0.576890506,0.097486312,167,11
1403636999.301666498,2.227623960,-3.783696299,0.270975777,0.804901543,-0.106580571,0.575806016,0.096028742,183,11
1403636999.351666451,2.217868295,-3.765289428,0.274061312,0.805497811,-0.108523110,0.574980822,0.093771345,177,11
1403636999.401666403,2.208364265,-3.746346389,0.276396832,0.805026015,-0.110255569,0.575700719,0.091353749,180,11
1403636999.451666594,2.199101525,-3.727383112,0.277371584,0.804902425,-0.111890308,0.575867576,0.089382211,168,11
1403636999.501666546,2.189907147,-3.708245189,0.277328431,0.804402355,-0.112424814,0.576577041,0.088636494,172,11
1403636999.551666498,2.180386230,-3.688866879,0.276844676,0.803088710,-0.113070992,0.578325263,0.088336656,140,11
1403636999.601666451,2.170682206,-3.669235293,0.275277998,0.801999986,-0.113678619,0.579847727,0.087463184,160,11
1403636999.651666403,2.160409807,-3.649483048,0.272704825,0.800841477,-0.113999737,0.581403577,0.087331947,183,11
1403636999.701666594,2.149346424,-3.629635543,0.269119005,0.799990931,-0.114410789,0.582496734,0.087305420,153,11
1403636999.751666546,2.137302833,-3.609853309,0.264878573,0.799822202,-0.114744622,0.582690017,0.087123249,161,11
1403636999.801666498,2.124966130,-3.589757858,0.260725622,0.799482553,-0.115194004,0.583019880,0.087440311,169,11
1403636999.851666451,2.111734036,-3.569527230,0.256207066,0.799702880,-0.114980297,0.582679747,0.087972424,167,11
1403636999.901666403,2.097822404,-3.549085932,0.250989793,0.799694862,-0.114478506,0.582619923,0.089088863,183,11
1403636999.951666594,2.083128785,-3.528312995,0.245925717,0.799702994,-0.113661620,0.582528129,0.090648423,177,11
1403637000.001666546,2.067860141,-3.507049410,0.242375872,0.799894767,-0.111914382,0.582192393,0.093249933,180,11
1403637000.051666498,2.051641184,-3.485041346,0.240553155,0.800391573,-0.110423122,0.581524181,0.094919391,168,11
1403637000.101666451,2.034749439,-3.462229990,0.240418910,0.801081986,-0.110209091,0.580548333,0.095316530,172,11
1403637000.151666403,2.017227861,-3.438719846,0.242373762,0.801583757,-0.110409389,0.579900505,0.094808496,140,11
1403637000.201666594,1.999388431,-3.414673983,0.246248449,0.802728965,-0.110467040,0.578409357,0.094158689,160,11
1403637000.251666546,1.982143099,-3.390220633,0.250972382,0.803479848,-0.111119724,0.577386248,0.093261256,183,11
1403637000.301666498,1.964941403,-3.365586343,0.255790479,0.804086201,-0.111417995,0.576579579,0.092668226,153,11
1403637000.351666451,1.948224543,-3.340964015,0.260059228,0.803997203,-0.111777759,0.576725562,0.092097000,161,11
1403637000.401666403,1.930964392,-3.316394340,0.262929976,0.803355663,-0.112685862,0.577679979,0.090594792,169,11
1403637000.451666594,1.913743073,-3.291600195,0.264511015,0.803529931,-0.111748177,0.577379056,0.092116345,168,11
1403637000.501666546,1.896295270,-3.266462952,0.265136128,0.803475589,-0.111324981,0.577455795,0.092620366,184,11
1403637000.551666498,1.878816192,-3.240560037,0.266065673,0.803542671,-0.110926390,0.577300042,0.093483547,178,11
1403637000.601666451,1.861012761,-3.214323028,0.267392111,0.803689662,-0.110869362,0.577140760,0.093270874,181,11
1403637000.651666403,1.843115034,-3.187485102,0.270342899,0.802959468,-0.111728401,0.578178242,0.092101994,169,11
1403637000.701666594,1.825316362,-3.160433454,0.274809614,0.802640367,-0.112327623,0.578632639,0.091297400,173,11
1403637000.751666546,1.807396620,-3.133443834,0.281790102,0.802525281,-0.112027774,0.578803846,0.091591807,141,11
1403637000.801666498,1.789533529,-3.106052880,0.290823222,0.801973628,-0.112829572,0.579457359,0.091306934,161,11
1403637000.851666451,1.771134868,-3.078370832,0.299708489,0.801536610,-0.113538936,0.580036557,0.090584574,184,11
1403637000.901666403,1.752367758,-3.050493080,0.307457631,0.801931942,-0.113773104,0.579422280,0.090722996,154,11
1403637000.951666594,1.733154131,-3.022600932,0.313558816,0.802049552,-0.114078578,0.579146294,0.091061321,162,11
1403637001.001666546,1.713066752,-2.994352965,0.318189356,0.801536505,-0.114561538,0.579775635,0.090967563,169,11
1403637001.051666498,1.692402025,-2.965968886,0.320958263,0.801379984,-0.114624632,0.579984090,0.090938278,168,11
1403637001.101666451,1.671455929,-2.937304831,0.322579028,0.801276747,-0.115264090,0.580045851,0.090645326,184,11
1403637001.151666403,1.650142634,-2.908492534,0.323234673,0.801130593,-0.115338558,0.580220680,0.090723499,178,11
1403637001.201666594,1.628054583,-2.879910203,0.323937155,0.800476878,-0.116328696,0.581072792,0.089770895,181,11
1403637001.251666546,1.605305878,-2.850913382,0.325935209,0.800671774,-0.116981618,0.580761336,0.089197988,169,11
1403637001.301666498,1.581467290,-2.821996382,0.329709227,0.800530416,-0.117189754,0.580961942,0.088886652,173,11
1403637001.351666451,1.557176120,-2.792962983,0.335787344,0.800847962,-0.118308429,0.580477962,0.087698303,141,11
1403637001.401666403,1.532944498,-2.764055480,0.343873884,0.801622306,-0.119322330,0.579409220,0.086306524,161,11
1403637001.451666594,1.508602324,-2.735135527,0.353658745,0.803294525,-0.119682588,0.577032654,0.086181789,184,11
1403637001.501666546,1.484197220,-2.706288237,0.364072982,0.804518469,-0.120739053,0.575147592,0.085891576,154,11
1403637001.551666498,1.459473125,-2.677721400,0.373956233,0.805312936,-0.121448735,0.573885593,0.085887173,162,11
1403637001.601666451,1.434454733,-2.649250993,0.382739596,0.805894549,-0.121903389,0.572949860,0.086034862,169,11
1403637001.651666403,1.409225069,-2.620979173,0.389902196,0.805938949,-0.123130478,0.572809148,0.084799624,168,11
1403637001.701666594,1.383781718,-2.593231439,0.395684454,0.805937452,-0.122536422,0.572699890,0.086397251,184,11
1403637001.751666546,1.358160474,-2.565498766,0.399872232,0.805712083,-0.122901605,0.572880019,0.086785474,178,11
1403637001.801666498,1.332425882,-2.537936752,0.403000968,0.804883432,-0.123774545,0.573983477,0.085938877,181,11
1403637001.851666451,1.306622908,-2.510547226,0.404058127,0.805910616,-0.123741723,0.572447666,0.086601008,168,11
1403637001.901666403,1.280796364,-2.483614503,0.403899947,0.806410544,-0.123853283,0.571702188,0.086712213,172,11
1403637001.951666594,1.255259079,-2.456616717,0.403055762,0.806545797,-0.123860281,0.571446703,0.087127348,140,11
1403637002.001666546,1.229493707,-2.429946105,0.400581402,0.807266811,-0.123883042,0.570428872,0.087087248,160,11
1403637002.051666498,1.204098841,-2.403522795,0.396795943,0.807562646,-0.123514475,0.569956379,0.087957224,183,11
1403637002.101666451,1.178786544,-2.377149682,0.392142078,0.807855845,-0.124135065,0.569484225,0.087447908,153,11
1403637002.151666403,1.153590818,-2.350766273,0.386648756,0.807687692,-0.124141710,0.569737612,0.087341187,161,11
1403637002.201666594,1.128628417,-2.324607966,0.380189817,0.808002683,-0.124251710,0.569296375,0.087148227,168,11
1403637002.251666546,1.103602187,-2.298948921,0.372946538,0.808228669,-0.124210181,0.568953987,0.087347641,167,11
1403637002.301666498,1.078607272,-2.273465966,0.365756179,0.808099321,-0.123430752,0.569125654,0.088523031,183,11
1403637002.351666451,1.053393428,-2.247999578,0.359498511,0.808223122,-0.122813943,0.568984956,0.089152907,177,11
1403637002.401666403,1.029088072,-2.222810989,0.354696988,0.808764813,-0.121772089,0.568245107,0.090379939,181,11
1403637002.451666594,1.004781550,-2.197535500,0.352446474,0.808385932,-0.121129988,0.568786352,0.091223883,168,11
1403637002.501666546,0.981171955,-2.172525685,0.352050755,0.808366186,-0.120469088,0.568827091,0.092016567,172,11
1403637002.551666498,0.957684649,-2.147316243,0.353687116,0.808583779,-0.118467836,0.568498297,0.094695988,140,11
1403637002.601666451,0.934373180,-2.121808787,0.358407766,0.808221971,-0.118453445,0.569012044,0.094717056,160,11
1403637002.651666403,0.910785967,-2.095799071,0.365460565,0.808353087,-0.118353863,0.568775785,0.095140718,183,11
1403637002.701666594,0.886896601,-2.069313773,0.372828304,0.808533861,-0.118422424,0.568372145,0.095928255,153,11
1403637002.751666546,0.863351541,-2.042634288,0.379594944,0.808652648,-0.119007669,0.568097057,0.095832161,161,11
1403637002.801666498,0.839997689,-2.015721929,0.385578782,0.808199361,-0.119319246,0.568621965,0.096154938,168,11
1403637002.851666451,0.816808984,-1.988602998,0.390207482,0.807936504,-0.120742157,0.568911154,0.094868514,167,11
1403637002.901666403,0.794385908,-1.961474524,0.393065552,0.807295966,-0.122656717,0.569687131,0.093194026,183,11
1403637002.951666594,0.772380600,-1.934325232,0.393953687,0.807202894,-0.123497690,0.569648708,0.093124416,177,11
1403637003.001666546,0.750553665,-1.906911801,0.393124600,0.807369758,-0.124274522,0.569281864,0.092887446,182,11
1403637003.051666498,0.729057198,-1.879445689,0.390995378,0.807293748,-0.125291518,0.569216614,0.092581239,169,11
1403637003.101666451,0.707507982,-1.852010373,0.387756008,0.807501693,-0.126079400,0.568717755,0.092763767,173,11
1403637003.151666403,0.686236584,-1.824681334,0.383492822,0.807214599,-0.126223901,0.568976255,0.093478015,141,11
1403637003.201666594,0.665113716,-1.797278656,0.377803023,0.806934226,-0.127146503,0.569146702,0.093610645,161,11
1403637003.251666546,0.643763555,-1.770080167,0.371358394,0.806624884,-0.127444561,0.569385974,0.094412888,184,11
1403637003.301666498,0.622504790,-1.742847385,0.365773335,0.805662982,-0.128540616,0.570616350,0.093709402,154,11
1403637003.351666451,0.601144466,-1.715296133,0.361611033,0.805076273,-0.129504831,0.571338734,0.093020135,162,11
1403637003.401666403,0.579717467,-1.688071761,0.358866845,0.804238278,-0.129448217,0.572410953,0.093753146,169,11
1403637003.451666594,0.558799474,-1.660971495,0.358142066,0.803316527,-0.129822188,0.573618076,0.093760650,168,11
1403637003.501666546,0.537530188,-1.633791799,0.359262556,0.802825307,-0.130888854,0.574121959,0.093400274,184,11
1403637003.551666498,0.515743159,-1.606616817,0.361988385,0.803003971,-0.131514938,0.573796022,0.092986927,177,11
1403637003.601666451,0.493652104,-1.579264458,0.366209804,0.802925052,-0.132169536,0.573792112,0.092764148,182,11
1403637003.651666403,0.471487183,-1.552018490,0.372618455,0.802846909,-0.132711161,0.573807113,0.092574219,169,11
1403637003.701666594,0.449073863,-1.524991608,0.379429917,0.803052200,-0.132951930,0.573460111,0.092598322,173,11
1403637003.751666546,0.426741461,-1.497987060,0.385405641,0.803276052,-0.132884029,0.573168904,0.092557149,141,11
1403637003.801666498,0.404090811,-1.471268886,0.389990881,0.803493352,-0.133399275,0.573002692,0.090944934,161,11
1403637003.851666451,0.381257448,-1.444851355,0.393451081,0.804682618,-0.132770193,0.571439401,0.091186468,184,11
1403637003.901666403,0.358393256,-1.418624776,0.395513639,0.805555800,-0.131387596,0.570395214,0.092013326,154,11
1403637003.951666594,0.335465847,-1.392511584,0.395236523,0.807211456,-0.130323746,0.568308869,0.091926140,162,11
1403637004.001666546,0.312118252,-1.366488895,0.392841593,0.808480096,-0.128960209,0.566770151,0.092199758,169,11
1403637004.051666498,0.289042230,-1.340430621,0.388738059,0.810155128,-0.127358504,0.564570266,0.093214241,168,11
1403637004.101666451,0.266272631,-1.314815962,0.382996533,0.810808911,-0.126837844,0.563855411,0.092564284,184,11
1403637004.151666403,0.244073260,-1.289437903,0.376266449,0.811400307,-0.125393781,0.563193381,0.093376426,177,11
1403637004.201666594,0.222317132,-1.264038408,0.368887335,0.812198500,-0.125097488,0.562224975,0.092667648,182,11
1403637004.251666546,0.201455646,-1.238709038,0.363431296,0.812563025,-0.124045399,0.561943954,0.092590835,169,11
1403637004.301666498,0.181542728,-1.213554503,0.360484634,0.812380644,-0.124696668,0.562419605,0.090402530,174,11
1403637004.351666451,0.162431839,-1.188777697,0.359307256,0.812423323,-0.125203168,0.562384946,0.089530348,142,11
1403637004.401666403,0.144573515,-1.164672830,0.360923348,0.811087215,-0.126257547,0.564280057,0.088230257,162,11
1403637004.451666594,0.127215649,-1.140910866,0.365329863,0.809550379,-0.126901322,0.566387933,0.087914429,185,11
1403637004.501666546,0.110140434,-1.117282820,0.373143198,0.806648909,-0.127211659,0.570301214,0.088832745,155,11
1403637004.551666498,0.092724412,-1.093592777,0.383764989,0.804761281,-0.127598772,0.572715766,0.089858146,163,11
1403637004.601666451,0.074888692,-1.069683837,0.396464669,0.803938588,-0.129838179,0.573534853,0.088783817,170,11
1403637004.651666403,0.056691391,-1.045835917,0.410479795,0.803014757,-0.134038157,0.574422278,0.085088888,169,11
1403637004.701666594,0.038774200,-1.022591349,0.423851849,0.802421704,-0.138819505,0.574760617,0.080615053,185,11
1403637004.751666546,0.021053768,-1.000366382,0.434916252,0.801555270,-0.142713788,0.575432995,0.077580878,178,11
1403637004.801666498,0.003726462,-0.978968237,0.442757627,0.801121677,-0.146628660,0.575515211,0.074069810,183,11
1403637004.851666451,-0.014516589,-0.958339529,0.446304317,0.801741094,-0.149018059,0.574190041,0.072874088,169,11
1403637004.901666403,-0.032885921,-0.938780867,0.445874624,0.803438215,-0.150743365,0.571448699,0.072179336,174,11
1403637004.951666594,-0.051249512,-0.920467658,0.441956734,0.805620515,-0.151826789,0.568027807,0.072585274,142,11
1403637005.001666546,-0.069505599,-0.903386539,0.434969053,0.807670296,-0.151075712,0.564990315,0.075038432,162,11
1403637005.051666498,-0.087683720,-0.887573799,0.426607531,0.808557130,-0.149126443,0.563692555,0.079040345,185,11
1403637005.101666451,-0.105564399,-0.872557751,0.417648882,0.808012452,-0.147099387,0.564399376,0.083252582,155,11
1403637005.151666403,-0.123170383,-0.858024265,0.408147621,0.807753319,-0.144061346,0.564724078,0.088699611,163,11
1403637005.201666594,-0.140416011,-0.843892784,0.397866687,0.807283409,-0.143120928,0.565337144,0.090574887,170,11
1403637005.251666546,-0.158283116,-0.830205730,0.386736153,0.808100133,-0.141727630,0.564139549,0.092919442,169,11
1403637005.301666498,-0.176244908,-0.816766439,0.374772767,0.809469922,-0.140950291,0.562214031,0.093844786,185,11
1403637005.351666451,-0.194197997,-0.803539637,0.362489729,0.810646411,-0.140470773,0.560574958,0.094212918,178,11
1403637005.401666403,-0.211486577,-0.790704636,0.349972468,0.810661589,-0.139218638,0.560792886,0.094643002,183,11
1403637005.451666594,-0.226333283,-0.777838835,0.338839737,0.809400618,-0.137351246,0.562956722,0.095315287,169,11
1403637005.501666546,-0.241460960,-0.765155636,0.328538689,0.808096555,-0.135044676,0.565154304,0.096661811,174,11
1403637005.551666498,-0.255290684,-0.753064595,0.319968778,0.807371201,-0.133843830,0.566489943,0.096574932,139,11
1403637005.601666451,-0.269000851,-0.741091512,0.313280624,0.807383924,-0.133808171,0.566785973,0.094764087,158,11
1403637005.651666403,-0.282674550,-0.729494671,0.308410017,0.809399824,-0.134490758,0.564209869,0.091931409,179,11
1403637005.701666594,-0.296387947,-0.718347349,0.307011718,0.811295159,-0.136547755,0.561680758,0.087576263,151,11
1403637005.751666546,-0.309565962,-0.707726768,0.308929695,0.812632367,-0.137970923,0.559862949,0.084534840,157,11
1403637005.801666498,-0.322069805,-0.697913680,0.314314615,0.812878073,-0.137593575,0.559669127,0.084069699,166,11
1403637005.851666451,-0.333559844,-0.688739936,0.321201848,0.812322156,-0.135720681,0.560656215,0.085890739,166,11
1403637005.901666403,-0.344211566,-0.679959894,0.328244645,0.811618736,-0.134118856,0.561811274,0.087494297,180,11
1403637005.951666594,-0.354458784,-0.671602796,0.335023110,0.810578545,-0.132691839,0.563395817,0.089109208,173,11
1403637006.001666546,-0.364058502,-0.663500523,0.340804696,0.809403485,-0.131913261,0.565079047,0.090280459,179,11
1403637006.051666498,-0.373190158,-0.655386095,0.345450712,0.808253234,-0.132255865,0.566718176,0.089808720,164,11
1403637006.101666451,-0.382045165,-0.647166056,0.349141996,0.807342227,-0.132961564,0.568036028,0.088627431,171,11
1403637006.151666403,-0.391089018,-0.639003978,0.352687209,0.806978885,-0.133006334,0.568575940,0.088406987,136,11
1403637006.201666594,-0.399707158,-0.630804642,0.356188865,0.807337967,-0.133348679,0.568118394,0.087550143,155,11
1403637006.251666546,-0.408133778,-0.623051090,0.359033901,0.808914794,-0.134252296,0.565858464,0.086240222,179,11
1403637006.301666498,-0.416607974,-0.615630958,0.361225583,0.811354100,-0.135704677,0.562331272,0.084097003,151,11
1403637006.351666451,-0.424408846,-0.608881293,0.363174320,0.814924957,-0.136867697,0.557136605,0.082239595,157,11
1403637006.401666403,-0.431411971,-0.602343920,0.364333638,0.817662943,-0.137873469,0.553098839,0.080621909,166,11
1403637006.451666594,-0.437835393,-0.596559097,0.364630744,0.819451019,-0.139689947,0.550385677,0.077861110,166,11
1403637006.501666546,-0.443250931,-0.591704840,0.364666548,0.819869613,-0.142213365,0.549650307,0.073984570,180,11
1403637006.551666498,-0.447917427,-0.587786927,0.364728968,0.817932862,-0.142440598,0.552841158,0.071155906,173,11
1403637006.601666451,-0.451511726,-0.585002006,0.365302508,0.815694216,-0.139548903,0.556902012,0.070916846,179,11
1403637006.651666403,-0.454361698,-0.582973606,0.365548300,0.813649933,-0.134772877,0.561105939,0.070499529,164,11
1403637006.701666594,-0.453495070,-0.584441045,0.369503124,0.812111334,-0.128678685,0.564841698,0.069791353,171,11
1403637006.751666546,-0.455408440,-0.583171025,0.368796404,0.810650501,-0.121473862,0.568727350,0.068110697,136,11
1403637006.801666498,-0.455612968,-0.583908000,0.367168472,0.809659578,-0.114241209,0.572035494,0.064619719,155,11
1403637006.851666451,-0.455773076,-0.585052831,0.364189214,0.810478818,-0.106931062,0.572895278,0.058998592,179,11
1403637006.901666403,-0.456047947,-0.586266229,0.360111354,0.811555069,-0.098334055,0.573507578,0.052894625,151,11
1403637006.951666594,-0.458223449,-0.586465270,0.355545988,0.813728154,-0.087661525,0.572635998,0.047433774,157,11
1403637007.001666546,-0.459636039,-0.587202743,0.351509970,0.815243106,-0.076477297,0.572447645,0.042820503,160,11
1403637007.051666498,-0.462147720,-0.587372968,0.347501587,0.815650486,-0.066520600,0.573431624,0.038281422,182,11
1403637007.101666451,-0.466182385,-0.586396549,0.343120670,0.815917910,-0.057388420,0.574244952,0.035032380,190,11
1403637007.151666403,-0.473625253,-0.582321825,0.338623517,0.815771031,-0.049492621,0.575382195,0.031677048,184,11
1403637007.201666594,-0.478949230,-0.580656235,0.335104260,0.815232286,-0.042873113,0.576830705,0.028715046,182,11
1403637007.251666546,-0.483667709,-0.578528566,0.333054870,0.813639857,-0.036535853,0.579554719,0.027778439,167,11
1403637007.301666498,-0.488227167,-0.577149982,0.331084524,0.811313578,-0.030649002,0.583135262,0.028003283,168,11
1403637007.351666451,-0.492531874,-0.576246948,0.328498782,0.809181389,-0.026594979,0.586313013,0.027481570,170,11
1403637007.401666403,-0.497481023,-0.574822963,0.325237585,0.808639126,-0.023480486,0.587192870,0.027494806,181,11
1403637007.451666594,-0.503698333,-0.572728757,0.321049249,0.809463357,-0.022115709,0.586179673,0.025949181,196,11
1403637007.501666546,-0.511203977,-0.569687693,0.316977360,0.810280856,-0.020919477,0.585117883,0.025384514,176,11
1403637007.551666498,-0.519514562,-0.566017904,0.312432076,0.811608076,-0.020290404,0.583316037,0.024960580,177,11
1403637007.601666451,-0.523795938,-0.564415699,0.304557485,0.814856179,-0.020921954,0.578807297,0.023532805,185,11
1403637007.651666403,-0.531135354,-0.560708648,0.297203063,0.819143866,-0.021428948,0.572720821,0.023129824,201,11
1403637007.701666594,-0.536708604,-0.557240795,0.290398682,0.822950520,-0.022397511,0.567216417,0.022722880,211,11
1403637007.751666546,-0.541600216,-0.553575147,0.283988601,0.826082287,-0.022759866,0.562606322,0.023327453,200,11
1403637007.801666498,-0.545107313,-0.549763865,0.278484899,0.826498010,-0.023101759,0.561938443,0.024342020,207,11
1403637007.851666451,-0.536262414,-0.543223830,0.269784495,0.825061284,-0.023994428,0.563988283,0.024806468,194,11
1403637007.901666403,-0.531967173,-0.542531766,0.264924328,0.821222930,-0.027263083,0.569532364,0.021966126,199,11
1403637007.951666594,-0.533036597,-0.538008250,0.260701437,0.817145774,-0.031087981,0.575297809,0.018405226,188,11
1403637008.001666546,-0.534945169,-0.533479556,0.255445338,0.814086071,-0.033461369,0.579528705,0.017049500,200,11
1403637008.051666498,-0.540203649,-0.529389140,0.250986096,0.812988188,-0.034126092,0.580992022,0.018272560,221,11
1403637008.101666451,-0.545429791,-0.525983132,0.246498698,0.815729181,-0.034577030,0.577046094,0.020202391,200,11
1403637008.151666403,-0.547755697,-0.525718259,0.237140301,0.820312291,-0.034944548,0.570415118,0.022208491,183,11
1403637008.201666594,-0.552626338,-0.522370507,0.233960280,0.824754981,-0.035660473,0.563877626,0.023442996,181,11
1403637008.251666546,-0.557392629,-0.518589756,0.231224486,0.828350883,-0.036041942,0.558488191,0.025034665,191,11
1403637008.301666498,-0.561482787,-0.514989783,0.229443421,0.830935804,-0.035666741,0.554538411,0.027581227,205,11
1403637008.351666451,-0.564700734,-0.511435042,0.228589442,0.832002172,-0.035741394,0.552845539,0.029270270,199,11
1403637008.401666403,-0.566704673,-0.507989406,0.228754945,0.830999690,-0.036401057,0.554262768,0.030120789,203,11
1403637008.451666594,-0.567469298,-0.505015990,0.229736605,0.827033663,-0.038084772,0.560109883,0.029013608,173,11
1403637008.501666546,-0.564827488,-0.501023172,0.231945249,0.823142827,-0.039952747,0.565734357,0.028005381,185,11
1403637008.551666498,-0.561531902,-0.497000543,0.234701564,0.819423976,-0.041741511,0.571029503,0.026968504,169,11
1403637008.601666451,-0.558613126,-0.492849343,0.236656137,0.816590433,-0.043665396,0.574972154,0.026084854,205,11
1403637008.651666403,-0.556281641,-0.488536577,0.237782047,0.814690259,-0.045318182,0.577572822,0.025212692,225,11
1403637008.701666594,-0.554498481,-0.484095759,0.237890216,0.813925760,-0.048862655,0.578508389,0.021571787,206,11
1403637008.751666546,-0.552777622,-0.479713945,0.237965681,0.814690418,-0.053865770,0.577172321,0.015814977,195,11
1403637008.801666498,-0.550683500,-0.475191189,0.236615237,0.816498985,-0.059460815,0.574207107,0.008945216,195,11
1403637008.851666451,-0.547378026,-0.471218308,0.235529117,0.818270668,-0.063798442,0.571271953,0.003350942,204,11
1403637008.901666403,-0.544016260,-0.469766561,0.232745907,0.820077455,-0.066300968,0.568398497,0.000545807,212,11
1403637008.951666594,-0.540383944,-0.470328969,0.229157835,0.820730481,-0.067202883,0.567349218,0.000340106,209,11
1403637009.001666546,-0.536378723,-0.472885815,0.225140888,0.820618850,-0.065480183,0.567698923,0.003870455,211,11
1403637009.051666498,-0.532044686,-0.477450347,0.220039655,0.820380496,-0.062127000,0.568347557,0.009855572,185,11
1403637009.101666451,-0.527547792,-0.483177739,0.213876431,0.820157493,-0.058358833,0.568925664,0.016109724,212,11
1403637009.151666403,-0.520500711,-0.489140061,0.206901083,0.820006312,-0.055032600,0.569290130,0.021675063,164,11
1403637009.201666594,-0.515731615,-0.496649550,0.199257257,0.819917202,-0.050984856,0.569518244,0.028023134,220,11
1403637009.251666546,-0.510604512,-0.504511945,0.190918192,0.820261536,-0.046082880,0.569013138,0.035657110,220,11
1403637009.301666498,-0.504126912,-0.512046954,0.182210902,0.820937592,-0.040406050,0.567878916,0.044072203,223,11
1403637009.351666451,-0.496194345,-0.519214646,0.173524270,0.820451092,-0.035340860,0.568283203,0.051625877,226,11
1403637009.401666403,-0.490822678,-0.524233489,0.169542452,0.817095073,-0.038693961,0.574372633,0.030894946,224,11
1403637009.451666594,-0.487074357,-0.530262772,0.166622746,0.816250512,-0.028834292,0.576185558,0.030230567,243,11
1403637009.501666546,-0.484484730,-0.534231594,0.165774457,0.809194598,-0.023717986,0.586770360,0.018496035,244,11
1403637009.551666498,-0.480852267,-0.536844310,0.161099278,-0.801234786,0.025374165,-0.597809608,0.001625544,229,11
1403637009.601666451,-0.486386868,-0.542550846,0.154680622,-0.786091012,0.032103149,-0.616912366,0.021200027,158,11
1403637009.651666403,-0.494019735,-0.544969484,0.156300050,-0.783883633,0.034993139,-0.619753354,0.014412164,141,11
1403637009.701666594,-0.497726170,-0.547682507,0.150934279,-0.790468139,0.045691261,-0.610702277,0.010731234,135,11
1403637009.751666546,-0.500049983,-0.547920100,0.149964787,-0.790896759,0.049281387,-0.609861866,0.011052909,134,11
1403637009.801666498,-0.498996507,-0.547332058,0.150462287,-0.789479403,0.048780071,-0.611747617,0.010374529,185,11
1403637009.851666451,-0.498854611,-0.546020119,0.149841125,-0.789411882,0.049192960,-0.611766428,0.012278886,217,11
1403637009.901666403,-0.498300822,-0.545630093,0.149544288,-0.789313322,0.047980806,-0.612021361,0.010591344,219,11
1403637009.951666594,-0.497846324,-0.543899306,0.149193712,-0.789147244,0.049294255,-0.612091314,0.012685693,222,11
1403637010.001666546,-0.497599125,-0.543471398,0.148974257,-0.789175905,0.048010139,-0.612192995,0.010777516,217,11
1403637010.051666498,-0.497190245,-0.541849736,0.148435657,-0.789200286,0.048949884,-0.612054778,0.012480613,225,11
1403637010.101666451,-0.496947348,-0.540931512,0.148065157,-0.789249853,0.048350239,-0.612056880,0.011545506,219,11
1403637010.151666403,-0.497058658,-0.539780258,0.147686576,-0.789235291,0.048650245,-0.612042027,0.012056814,219,11
1403637010.201666594,-0.497581925,-0.538897232,0.147446611,-0.789163920,0.048501999,-0.612152639,0.011705132,183,11
1403637010.251666546,-0.498296331,-0.538006114,0.147124169,-0.789192066,0.048677036,-0.612099230,0.011872731,197,11
1403637010.301666498,-0.499553050,-0.537480911,0.146870758,-0.789313942,0.048712181,-0.611935579,0.012061147,199,11
1403637010.351666451,-0.500902384,-0.537113164,0.146643034,-0.789224692,0.048740057,-0.612051882,0.011886337,159,11
1403637010.401666403,-0.502462771,-0.536750708,0.146328149,-0.789224829,0.048782395,-0.612045876,0.012012181,174,11
1403637010.451666594,-0.504199920,-0.536618420,0.145984902,-0.789265762,0.048899441,-0.611983356,0.012032161,203,11
1403637010.501666546,-0.506164609,-0.536671623,0.145700785,-0.789260343,0.048909803,-0.611989264,0.012045064,208,11
1403637010.551666498,-0.508206411,-0.536805482,0.145461511,-0.789219529,0.048952206,-0.612040440,0.011946363,210,11
1403637010.601666451,-0.510409078,-0.537002423,0.145201370,-0.789246494,0.049026839,-0.611995102,0.012179302,206,11
