timestamp,px,py,pz,qx,qy,qz,qw
1403638523.77413,-0.005573,-0.011113,-0.145903,-0.828221,-0.023772,-0.558934,0.032836
1403638523.82430,-0.013587,-0.015803,-0.174251,-0.828943,-0.024909,-0.557863,0.031960
1403638523.87311,-0.019192,-0.025734,-0.206211,-0.829647,-0.027218,-0.556874,0.028925
1403638523.92306,-0.025660,-0.030076,-0.229778,-0.829322,-0.029565,-0.557463,0.024201
1403638523.97603,-0.024736,-0.029260,-0.256582,-0.829978,-0.033238,-0.556469,0.019320
1403638524.02603,-0.028796,-0.030480,-0.274451,-0.831135,-0.037521,-0.554615,0.014489
1403638524.07603,-0.032036,-0.030816,-0.285047,-0.833056,-0.041742,-0.551488,0.011655
1403638524.12603,-0.034850,-0.030868,-0.288618,-0.835428,-0.045045,-0.547654,0.010350
1403638524.17484,-0.028293,-0.029770,-0.202342,-0.838548,-0.050287,-0.542463,0.006503
1403638524.22479,-0.027413,-0.028935,-0.181410,-0.839790,-0.051231,-0.540413,0.009095
1403638524.27616,-0.031091,-0.032806,-0.175746,-0.840717,-0.055119,-0.538623,0.006482
1403638524.32699,-0.028664,-0.029553,-0.149643,-0.841461,-0.054184,-0.537496,0.010262
1403638524.37707,-0.026443,-0.029292,-0.117475,-0.840519,-0.053340,-0.538950,0.014666
1403638524.42706,-0.023949,-0.027736,-0.083255,-0.838107,-0.052763,-0.542660,0.017684
1403638524.47854,-0.022639,-0.025243,-0.051233,-0.835788,-0.052625,-0.546180,0.019399
1403638524.52866,-0.019350,-0.023150,-0.014796,-0.831609,-0.052496,-0.552453,0.021596
1403638524.57866,-0.015974,-0.020625,0.020528,-0.827342,-0.051265,-0.558900,0.022525
1403638524.62805,-0.012375,-0.022846,0.056545,-0.823966,-0.047942,-0.564065,0.024764
1403638524.67771,-0.008795,-0.021566,0.089158,-0.820907,-0.044643,-0.568882,0.022183
1403638524.72743,-0.006239,-0.021119,0.118173,-0.818607,-0.040919,-0.572568,0.019346
1403638524.77760,-0.003448,-0.020256,0.142603,-0.816832,-0.039004,-0.575436,0.011733
1403638524.82776,-0.000639,-0.019212,0.164929,-0.815829,-0.037023,-0.577070,0.006585
1403638524.87803,0.000534,-0.016827,0.184410,-0.815532,-0.036824,-0.577484,0.008037
1403638524.92785,0.002904,-0.019187,0.199778,-0.814229,-0.035165,-0.579282,0.015055
1403638524.97745,0.022534,-0.014279,0.204183,-0.816221,-0.034681,-0.576290,0.021695
1403638525.02742,0.034926,-0.013735,0.205656,-0.821127,-0.032713,-0.569100,0.028399
1403638525.07751,0.042675,-0.014410,0.200825,-0.824533,-0.031616,-0.564104,0.030537
1403638525.12769,0.044947,-0.015352,0.189897,-0.827626,-0.031523,-0.559396,0.033440
1403638525.17793,0.048154,-0.016887,0.173534,-0.830139,-0.032098,-0.555481,0.035782
1403638525.22813,0.048950,-0.019090,0.153160,-0.832808,-0.033363,-0.551260,0.037827
1403638525.27835,0.034499,-0.036405,0.100986,-0.840178,-0.028818,-0.539197,0.050372
1403638525.32843,0.031997,-0.035682,0.078170,-0.842767,-0.031806,-0.534984,0.050243
1403638525.37850,0.029991,-0.034643,0.053631,-0.846462,-0.034648,-0.528838,0.051303
1403638525.42842,0.028060,-0.033848,0.028526,-0.851143,-0.036232,-0.520936,0.053554
1403638525.47835,0.026744,-0.032631,0.003435,-0.855839,-0.037660,-0.512674,0.057335
1403638525.52837,0.025693,-0.032087,-0.020095,-0.859554,-0.038826,-0.506155,0.058883
1403638525.62884,0.021240,-0.032277,-0.055869,-0.865593,-0.035900,-0.495343,0.063996
1403638525.67848,0.025153,-0.032047,-0.073569,-0.864196,-0.037395,-0.498412,0.057906
1403638525.72821,0.027369,-0.031985,-0.089256,-0.861266,-0.037932,-0.504184,0.050795
1403638525.77805,0.024420,-0.039010,-0.105497,-0.857362,-0.037324,-0.511364,0.045208
1403638525.82805,0.026264,-0.035792,-0.116828,-0.852722,-0.037235,-0.519668,0.037741
1403638525.87811,0.028882,-0.037247,-0.127224,-0.848590,-0.038061,-0.526870,0.029213
1403638525.92823,0.030943,-0.040624,-0.134576,-0.845428,-0.039194,-0.532241,0.020861
1403638525.97835,0.032426,-0.046402,-0.139517,-0.843300,-0.040566,-0.535714,0.014468
1403638526.02845,0.033842,-0.054824,-0.141997,-0.842101,-0.041568,-0.537628,0.009698
1403638526.07880,0.031500,-0.064147,-0.166073,0.833308,0.042742,0.551153,0.000217
1403638526.12877,0.031737,-0.078724,-0.162988,0.835439,0.038868,0.548205,0.001377
1403638526.17876,0.031895,-0.094785,-0.158045,0.837203,0.034176,0.545819,0.002106
1403638526.22878,0.031770,-0.112213,-0.151380,0.838009,0.029606,0.544842,0.003312
1403638526.27880,0.030740,-0.130816,-0.144878,0.837440,0.025211,0.545923,0.005213
1403638526.32883,0.029960,-0.151013,-0.139478,0.835005,0.021271,0.549792,0.006534
1403638526.37886,0.026245,-0.172034,-0.134314,0.833017,0.016776,0.552941,0.007644
1403638526.42892,0.011127,-0.192623,-0.143682,0.829764,0.009843,0.557992,0.006282
1403638526.47895,0.006444,-0.216633,-0.138817,0.828203,0.004509,0.560365,0.007059
1403638526.52897,0.002626,-0.242284,-0.133492,0.826573,-0.000567,0.562767,0.008376
1403638526.57899,-0.005361,-0.269279,-0.126185,0.826622,-0.003408,0.562614,0.012242
1403638526.62900,-0.012614,-0.297799,-0.120615,0.825353,-0.006162,0.564356,0.016033
1403638526.67899,-0.017959,-0.327962,-0.117705,0.822485,-0.011112,0.568421,0.017089
1403638526.72899,-0.024101,-0.359300,-0.115683,0.820049,-0.015699,0.571791,0.018129
1403638526.77901,-0.031302,-0.392717,-0.111628,0.818416,-0.017464,0.573855,0.024092
1403638526.82905,-0.043929,-0.426435,-0.104701,0.821375,-0.013745,0.569110,0.035613
1403638526.87905,-0.052889,-0.458962,-0.101078,0.820950,-0.015228,0.569477,0.038782
1403638526.92903,-0.061938,-0.490319,-0.098731,0.821484,-0.018090,0.568530,0.040123
1403638526.97898,-0.070490,-0.520722,-0.101704,0.822690,-0.024808,0.566606,0.039016
1403638527.02899,-0.078616,-0.550516,-0.100663,0.823897,-0.031793,0.564342,0.041241
1403638527.07901,-0.086271,-0.579422,-0.099471,0.825282,-0.039858,0.561539,0.044660
1403638527.12912,-0.093045,-0.607543,-0.093410,0.825433,-0.046402,0.560319,0.050503
1403638527.17917,-0.099937,-0.633018,-0.088454,0.824928,-0.053472,0.559980,0.055294
1403638527.22921,-0.106153,-0.656056,-0.082972,0.823096,-0.060259,0.561415,0.060793
1403638527.27922,-0.111296,-0.675505,-0.077723,0.820443,-0.066355,0.563748,0.068252
1403638527.32921,-0.115095,-0.690282,-0.073879,0.817403,-0.071410,0.566564,0.075884
1403638527.37919,-0.118707,-0.701425,-0.069204,0.814162,-0.074697,0.569640,0.084087
1403638527.42915,-0.121778,-0.707842,-0.066407,0.811386,-0.077533,0.572312,0.090009
1403638527.47911,-0.120704,-0.707028,-0.070948,0.810202,-0.081170,0.573273,0.091339
1403638527.52906,-0.117552,-0.700373,-0.076617,0.809986,-0.084090,0.573231,0.090871
1403638527.57901,-0.111543,-0.688031,-0.084296,0.810505,-0.086632,0.572512,0.088351
1403638527.62895,-0.102942,-0.670611,-0.093180,0.811334,-0.088143,0.571670,0.084629
1403638527.67886,-0.087532,-0.647828,-0.107033,0.812413,-0.089224,0.570879,0.078236
1403638527.72879,-0.074156,-0.623353,-0.115468,0.813387,-0.087616,0.570371,0.073498
1403638527.77855,-0.059908,-0.584278,-0.118053,0.815349,-0.087366,0.568438,0.066714
1403638527.82852,-0.049278,-0.557314,-0.120101,0.817085,-0.085519,0.566970,0.060037
1403638527.87849,-0.037252,-0.528746,-0.122491,0.818776,-0.083927,0.565598,0.051582
1403638527.92850,-0.026024,-0.499483,-0.123077,0.819634,-0.082420,0.565161,0.044722
1403638527.97851,-0.014722,-0.470132,-0.123167,0.819593,-0.080355,0.565824,0.040661
1403638528.02852,-0.002791,-0.440601,-0.123614,0.818931,-0.077505,0.567387,0.037651
1403638528.07852,0.008152,-0.410700,-0.124229,0.818222,-0.074168,0.569119,0.033386
1403638528.12852,0.018169,-0.381511,-0.124762,0.818079,-0.070244,0.570081,0.028659
1403638528.17852,0.028928,-0.353586,-0.126206,0.818516,-0.066032,0.570176,0.023898
1403638528.22852,0.041109,-0.327365,-0.127756,0.819193,-0.061219,0.569960,0.017890
1403638528.27852,0.056157,-0.303831,-0.131141,0.819936,-0.056082,0.569583,0.011596
1403638528.32852,0.071766,-0.283285,-0.134507,0.820333,-0.051376,0.569525,0.007397
1403638528.37852,0.088834,-0.265756,-0.138917,0.819952,-0.048232,0.570373,0.005179
1403638528.42850,0.106621,-0.251243,-0.141413,0.819331,-0.046175,0.571428,0.005923
1403638528.47849,0.125134,-0.238814,-0.143684,0.819421,-0.045204,0.571363,0.007134
1403638528.52849,0.142552,-0.228189,-0.146882,0.820351,-0.046365,0.569912,0.008608
1403638528.57848,0.161656,-0.218940,-0.149376,0.821639,-0.049748,0.567760,0.009152
1403638528.62846,0.180545,-0.210809,-0.151232,0.822657,-0.054123,0.565891,0.008525
1403638528.67844,0.199318,-0.204705,-0.153699,0.822975,-0.057734,0.565077,0.008156
1403638528.72841,0.215606,-0.199500,-0.153311,0.822811,-0.060197,0.565016,0.010725
1403638528.77839,0.229005,-0.195750,-0.151467,0.822255,-0.062938,0.565463,0.013687
1403638528.82839,0.238259,-0.192949,-0.148707,0.821742,-0.066368,0.565831,0.013089
1403638528.87837,0.246447,-0.191286,-0.152902,0.821401,-0.071198,0.565814,0.009268
1403638528.92837,0.247776,-0.188752,-0.147797,0.821024,-0.075128,0.565895,0.006176
1403638528.97837,0.244764,-0.186009,-0.140810,0.821101,-0.078083,0.565411,0.002605
1403638529.02836,0.237447,-0.181938,-0.132794,0.821568,-0.079749,0.564504,0.001003
1403638529.07835,0.226943,-0.176307,-0.125207,0.821977,-0.079590,0.563916,0.004111
1403638529.12833,0.214001,-0.169296,-0.118811,0.822460,-0.076518,0.563526,0.011990
1403638529.17833,0.198895,-0.160903,-0.114806,0.823080,-0.072703,0.562854,0.021200
1403638529.22832,0.182225,-0.151432,-0.113484,0.823862,-0.069341,0.561851,0.027669
1403638529.27831,0.164537,-0.141369,-0.114295,0.825071,-0.066757,0.560106,0.032920
1403638529.32830,0.146170,-0.131301,-0.117420,0.827159,-0.064404,0.557136,0.035504
1403638529.37830,0.127922,-0.121845,-0.123142,0.830307,-0.062463,0.552554,0.037045
1403638529.42831,0.110901,-0.112734,-0.131395,0.834737,-0.060811,0.546004,0.037359
1403638529.47831,0.095898,-0.104098,-0.141425,0.840176,-0.060093,0.537790,0.035707
1403638529.52831,0.082229,-0.096916,-0.152512,0.845677,-0.059152,0.529340,0.033639
1403638529.57831,0.070026,-0.091839,-0.164156,0.850142,-0.057281,0.522353,0.033537
1403638529.62828,0.061866,-0.083185,-0.175486,0.852823,-0.055790,0.518036,0.034906
1403638529.67825,0.054022,-0.077483,-0.186456,0.853762,-0.054447,0.516593,0.035462
1403638529.72821,0.047936,-0.072002,-0.197150,0.852731,-0.053705,0.518395,0.035111
1403638529.77815,0.042787,-0.066113,-0.207465,0.850011,-0.053746,0.522817,0.035430
1403638529.82812,0.039553,-0.064546,-0.217752,0.846625,-0.054307,0.528301,0.034283
1403638529.87810,0.037643,-0.061906,-0.227526,0.843623,-0.054629,0.533032,0.034533
1403638529.92809,0.038137,-0.058415,-0.236677,0.841674,-0.054566,0.536106,0.034615
1403638529.97810,0.038511,-0.056754,-0.244086,0.840942,-0.054734,0.537241,0.034546
1403638530.02811,0.042002,-0.055488,-0.250951,0.841180,-0.054819,0.536809,0.035313
1403638530.07811,0.046701,-0.055079,-0.256320,0.842159,-0.055310,0.535221,0.035317
1403638530.12810,0.051678,-0.055726,-0.261044,0.843212,-0.057027,0.533355,0.035694
1403638530.17810,0.058112,-0.056648,-0.266389,0.843741,-0.059724,0.532167,0.036490
1403638530.22810,0.064359,-0.058510,-0.271062,0.843606,-0.062838,0.531917,0.038023
1403638530.27810,0.071607,-0.060335,-0.276632,0.843206,-0.065709,0.532143,0.038854
1403638530.32811,0.078061,-0.062433,-0.282597,0.842862,-0.068766,0.532262,0.039385
1403638530.37811,0.084336,-0.065167,-0.287584,0.842497,-0.070841,0.532396,0.041655
1403638530.42812,0.090653,-0.067687,-0.292325,0.842255,-0.072698,0.532430,0.042892
1403638530.47813,0.096184,-0.070126,-0.296164,0.842185,-0.074692,0.532326,0.042119
1403638530.52815,0.100959,-0.072519,-0.299548,0.841970,-0.076547,0.532515,0.040684
1403638530.57815,0.104122,-0.075250,-0.302395,0.842084,-0.077996,0.532056,0.041566
1403638530.62815,0.106672,-0.077459,-0.305293,0.843158,-0.079021,0.530136,0.042373
1403638530.67816,0.108847,-0.079113,-0.308287,0.844962,-0.080253,0.527046,0.042683
1403638530.72816,0.111055,-0.080493,-0.311481,0.846859,-0.081264,0.523847,0.042550
1403638530.77817,0.112754,-0.082016,-0.314730,0.848287,-0.081846,0.521427,0.042705
1403638530.82818,0.114475,-0.083336,-0.317865,0.848944,-0.081870,0.520380,0.042375
1403638530.87818,0.115728,-0.084138,-0.320224,0.848988,-0.081241,0.520537,0.040751
1403638530.92818,0.116592,-0.084801,-0.321985,0.848130,-0.081170,0.522006,0.039953
1403638530.97819,0.117044,-0.085490,-0.323278,0.846833,-0.081139,0.524139,0.039610
1403638531.02819,0.117394,-0.085661,-0.324571,0.845517,-0.080714,0.526400,0.038589
1403638531.07818,0.117292,-0.085654,-0.324742,0.843470,-0.079605,0.529701,0.040474
1403638531.12818,0.117021,-0.084796,-0.323979,0.841962,-0.079084,0.532132,0.041003
1403638531.17816,0.117374,-0.084023,-0.323032,0.841377,-0.077361,0.533289,0.041272
1403638531.22814,0.117515,-0.083897,-0.323559,0.841752,-0.076133,0.532726,0.043127
1403638531.27815,0.117499,-0.083430,-0.323945,0.840259,-0.075842,0.535046,0.044024
1403638531.32816,0.117526,-0.082534,-0.324445,0.838150,-0.076313,0.538291,0.043856
1403638531.37815,0.117297,-0.082471,-0.324809,0.839041,-0.076129,0.536939,0.043712
1403638531.42812,0.117065,-0.082841,-0.324911,0.839015,-0.075766,0.536981,0.044314
1403638531.47813,0.116943,-0.082562,-0.324872,0.838011,-0.076468,0.538496,0.043724
1403638531.52813,0.116814,-0.082282,-0.324824,0.838165,-0.076203,0.538292,0.043761
1403638531.57813,0.116825,-0.082166,-0.324716,0.838302,-0.075350,0.538156,0.044279
1403638531.62813,0.116920,-0.081903,-0.324793,0.838312,-0.075190,0.538171,0.044172
1403638531.67812,0.117013,-0.081423,-0.324941,0.838377,-0.075964,0.538016,0.043498
1403638531.72812,0.117134,-0.081532,-0.325079,0.838415,-0.075665,0.537952,0.044068
1403638531.77812,0.118155,-0.081397,-0.326193,0.838370,-0.075999,0.538006,0.043703
1403638531.82812,0.118196,-0.081409,-0.326386,0.838426,-0.075769,0.537931,0.043946
1403638531.87812,0.118646,-0.081537,-0.326825,0.838365,-0.075782,0.538026,0.043919
1403638531.92812,0.120038,-0.080636,-0.328122,0.838296,-0.075869,0.538128,0.043849
1403638531.97812,0.120329,-0.080604,-0.328414,0.838302,-0.075783,0.538116,0.044030
1403638532.02812,0.120513,-0.080408,-0.328743,0.838237,-0.075965,0.538216,0.043725
1403638532.07812,0.120757,-0.080498,-0.328904,0.838267,-0.075627,0.538180,0.044168
1403638532.12812,0.121019,-0.080321,-0.329166,0.838210,-0.076013,0.538256,0.043674
1403638532.17812,0.121132,-0.080372,-0.329309,0.838231,-0.075663,0.538238,0.044083
1403638532.22812,0.121272,-0.080246,-0.329469,0.838210,-0.075865,0.538263,0.043838
1403638532.27812,0.121495,-0.080255,-0.329601,0.838204,-0.075819,0.538271,0.043928
1403638532.32812,0.121653,-0.080201,-0.329761,0.838194,-0.075816,0.538288,0.043911
1403638532.37812,0.121789,-0.080116,-0.329926,0.838183,-0.075818,0.538315,0.043799
1403638532.42812,0.121970,-0.080082,-0.330046,0.838191,-0.075749,0.538303,0.043915
1403638532.47813,0.122150,-0.079937,-0.330196,0.838153,-0.075890,0.538358,0.043712
1403638532.52813,0.122295,-0.079888,-0.330329,0.838172,-0.075769,0.538329,0.043915
1403638532.57813,0.122452,-0.079735,-0.330492,0.838151,-0.075914,0.538357,0.043720
1403638532.62812,0.122675,-0.079697,-0.330615,0.838165,-0.075788,0.538341,0.043876
1403638532.67812,0.122901,-0.079551,-0.330779,0.838116,-0.075886,0.538412,0.043770
1403638532.72812,0.123021,-0.079438,-0.330926,0.838111,-0.075797,0.538425,0.043849
1403638532.77812,0.123200,-0.079290,-0.331037,0.838107,-0.075757,0.538435,0.043872
1403638532.82812,0.123409,-0.079136,-0.331171,0.838080,-0.075818,0.538472,0.043829
1403638532.87812,0.123520,-0.079036,-0.331293,0.838084,-0.075756,0.538466,0.043939
1403638532.92812,0.123675,-0.078902,-0.331403,0.838052,-0.075762,0.538521,0.043873
1403638532.97812,0.124268,-0.078884,-0.331768,0.838036,-0.075712,0.538545,0.043963
1403638533.02812,0.124434,-0.078719,-0.331901,0.838002,-0.075739,0.538596,0.043946
1403638533.07812,0.124580,-0.078576,-0.332022,0.838008,-0.075717,0.538586,0.043989
1403638533.12812,0.124805,-0.078427,-0.332141,0.837977,-0.075740,0.538633,0.043971
1403638533.17812,0.125000,-0.078301,-0.332286,0.837956,-0.075751,0.538661,0.043991
1403638533.22812,0.125161,-0.078167,-0.332416,0.837943,-0.075748,0.538683,0.043991
1403638533.27812,0.125354,-0.078051,-0.332520,0.837918,-0.075766,0.538718,0.043997
1403638533.32812,0.125550,-0.077945,-0.332663,0.837914,-0.075749,0.538723,0.044047
1403638533.37812,0.125690,-0.077829,-0.332801,0.837895,-0.075722,0.538754,0.044069
1403638533.42812,0.125872,-0.077707,-0.332931,0.837891,-0.075763,0.538760,0.044008
1403638533.47812,0.126077,-0.077630,-0.333043,0.837878,-0.075729,0.538780,0.044059
1403638533.52812,0.126226,-0.077479,-0.333203,0.837862,-0.075763,0.538803,0.044023
1403638533.57812,0.126367,-0.077374,-0.333311,0.837850,-0.075747,0.538823,0.044054
1403638533.62812,0.126559,-0.077253,-0.333411,0.837823,-0.075729,0.538865,0.044077
1403638533.67812,0.126687,-0.077088,-0.333499,0.837795,-0.075793,0.538900,0.044058
1403638533.72812,0.126796,-0.076979,-0.333580,0.837798,-0.075731,0.538895,0.044168
1403638533.77812,0.126977,-0.076849,-0.333663,0.837747,-0.075803,0.538970,0.044111
1403638533.82812,0.127151,-0.076765,-0.333750,0.837732,-0.075772,0.538994,0.044153
1403638533.87812,0.127277,-0.076519,-0.333913,0.837764,-0.075523,0.538998,0.043912
1403638533.92812,0.127437,-0.076382,-0.334089,0.837731,-0.075665,0.539013,0.044130
1403638533.97812,0.127592,-0.076224,-0.334249,0.837721,-0.075772,0.539018,0.044076
1403638534.02813,0.127700,-0.076129,-0.334286,0.837646,-0.075812,0.539117,0.044208
1403638534.07813,0.127711,-0.076128,-0.334380,0.837606,-0.076172,0.539103,0.044514
1403638534.12813,0.127828,-0.075988,-0.334404,0.837641,-0.075951,0.539096,0.044325
1403638534.17813,0.127975,-0.075866,-0.334408,0.837588,-0.075985,0.539181,0.044232
1403638534.22813,0.128088,-0.075739,-0.334491,0.837600,-0.075974,0.539164,0.044236
1403638534.27814,0.128285,-0.075617,-0.334621,0.837664,-0.075840,0.539102,0.044008
1403638534.32813,0.128469,-0.075566,-0.334789,0.837637,-0.075903,0.539131,0.044048
1403638534.37814,0.128595,-0.075508,-0.334977,0.837628,-0.075881,0.539149,0.044041
1403638534.42814,0.128817,-0.075498,-0.335094,0.837667,-0.075926,0.539088,0.043966
1403638534.47814,0.128955,-0.075551,-0.335174,0.837619,-0.076170,0.539110,0.044194
1403638534.52814,0.129048,-0.075516,-0.335274,0.837635,-0.076234,0.539073,0.044238
1403638534.57814,0.129154,-0.075469,-0.335351,0.837667,-0.075852,0.539091,0.044052
1403638534.62814,0.129392,-0.075420,-0.335428,0.837661,-0.075870,0.539096,0.044091
1403638534.67814,0.129649,-0.075237,-0.335552,0.837657,-0.075655,0.539152,0.043849
1403638534.72814,0.129809,-0.075115,-0.335720,0.837645,-0.075608,0.539168,0.043950
1403638534.77814,0.129985,-0.074961,-0.335857,0.837613,-0.075571,0.539221,0.043982
1403638534.82814,0.130177,-0.074860,-0.336019,0.837585,-0.075692,0.539243,0.044041
1403638534.87814,0.130314,-0.074771,-0.336168,0.837523,-0.075776,0.539304,0.044317
1403638534.92814,0.130434,-0.074679,-0.336319,0.837527,-0.075930,0.539272,0.044362
1403638534.97814,0.130543,-0.074576,-0.336379,0.837498,-0.075853,0.539322,0.044441
1403638535.02814,0.130625,-0.074421,-0.336469,0.837487,-0.075899,0.539340,0.044353
1403638535.07814,0.130705,-0.074304,-0.336540,0.837506,-0.075854,0.539316,0.044366
1403638535.12814,0.130847,-0.074184,-0.336596,0.837483,-0.075834,0.539354,0.044367
1403638535.17814,0.130993,-0.074066,-0.336689,0.837451,-0.075886,0.539401,0.044313
1403638535.22814,0.131086,-0.073960,-0.336746,0.837434,-0.075837,0.539432,0.044342
1403638535.27814,0.131181,-0.073868,-0.336802,0.837412,-0.075882,0.539466,0.044259
1403638535.32814,0.131281,-0.073812,-0.336818,0.837410,-0.075879,0.539462,0.044347
1403638535.37814,0.131402,-0.073721,-0.336882,0.837382,-0.075871,0.539511,0.044305
1403638535.42814,0.131534,-0.073642,-0.336932,0.837380,-0.075843,0.539510,0.044410
1403638535.47814,0.131697,-0.073532,-0.336998,0.837365,-0.075901,0.539522,0.044440
1403638535.52814,0.131847,-0.073414,-0.337083,0.837344,-0.075897,0.539556,0.044434
1403638535.57814,0.131997,-0.073277,-0.337225,0.837356,-0.075849,0.539542,0.044459
1403638535.62814,0.132139,-0.073173,-0.337352,0.837338,-0.075858,0.539568,0.044470
1403638535.67814,0.132264,-0.073083,-0.337451,0.837323,-0.075906,0.539587,0.044439
1403638535.72814,0.132338,-0.073024,-0.337549,0.837303,-0.075915,0.539612,0.044500
1403638535.77814,0.132405,-0.072956,-0.337620,0.837270,-0.075914,0.539663,0.044502
1403638535.82814,0.132477,-0.072883,-0.337660,0.837270,-0.075874,0.539672,0.044448
1403638535.87814,0.132547,-0.072825,-0.337718,0.837257,-0.075859,0.539696,0.044431
1403638535.92814,0.132567,-0.072775,-0.337762,0.837245,-0.075896,0.539710,0.044429
1403638535.97814,0.132647,-0.072748,-0.337796,0.837269,-0.075857,0.539680,0.044406
1403638536.02814,0.132766,-0.072703,-0.337832,0.837224,-0.075901,0.539744,0.044392
1403638536.07814,0.132871,-0.072635,-0.337869,0.837195,-0.075932,0.539781,0.044434
1403638536.12814,0.132969,-0.072566,-0.337901,0.837199,-0.075929,0.539775,0.044441
1403638536.17814,0.133077,-0.072488,-0.337932,0.837159,-0.075945,0.539833,0.044472
1403638536.22814,0.133169,-0.072403,-0.337983,0.837171,-0.075935,0.539816,0.044458
1403638536.27814,0.133293,-0.072349,-0.338043,0.837148,-0.075887,0.539854,0.044524
1403638536.32814,0.133434,-0.072282,-0.338117,0.837113,-0.075882,0.539916,0.044436
1403638536.37814,0.133521,-0.072236,-0.338192,0.837107,-0.075893,0.539914,0.044565
1403638536.42814,0.133584,-0.072148,-0.338270,0.837085,-0.075912,0.539950,0.044499
1403638536.47814,0.133621,-0.072102,-0.338317,0.837077,-0.075860,0.539962,0.044591
1403638536.52814,0.133683,-0.072016,-0.338368,0.837088,-0.075871,0.539952,0.044488
1403638536.57814,0.133726,-0.071956,-0.338418,0.837068,-0.075871,0.539980,0.044532
1403638536.62814,0.133782,-0.071890,-0.338462,0.837027,-0.075956,0.540032,0.044520
1403638536.67814,0.133851,-0.071836,-0.338497,0.837051,-0.075846,0.540007,0.044563
1403638536.72814,0.133881,-0.071780,-0.338513,0.836996,-0.075880,0.540081,0.044631
1403638536.77814,0.133902,-0.071733,-0.338517,0.836994,-0.075888,0.540082,0.044659
1403638536.82814,0.133990,-0.071683,-0.338477,0.836961,-0.075906,0.540129,0.044663
1403638536.87814,0.134050,-0.071628,-0.338447,0.836928,-0.075961,0.540175,0.044634
1403638536.92814,0.134075,-0.071637,-0.338415,0.836930,-0.075887,0.540176,0.044700
1403638536.97815,0.134121,-0.071603,-0.338447,0.836929,-0.076007,0.540171,0.044601
1403638537.02815,0.134166,-0.071603,-0.338454,0.836931,-0.075853,0.540179,0.044719
1403638537.07814,0.134249,-0.071521,-0.338472,0.836920,-0.075900,0.540196,0.044640
1403638537.12814,0.134375,-0.071549,-0.338457,0.836895,-0.075774,0.540236,0.044847
1403638537.17815,0.134497,-0.071507,-0.338450,0.836872,-0.075866,0.540261,0.044803
1403638537.22815,0.134602,-0.071477,-0.338440,0.836900,-0.075851,0.540214,0.044885
1403638537.27815,0.134722,-0.071441,-0.338450,0.836889,-0.075796,0.540231,0.044964
1403638537.32815,0.134826,-0.071393,-0.338516,0.836867,-0.075852,0.540264,0.044887
1403638537.37815,0.134911,-0.071359,-0.338563,0.836875,-0.075771,0.540256,0.044963
1403638537.42815,0.134999,-0.071304,-0.338626,0.836855,-0.075803,0.540293,0.044840
1403638537.47815,0.135071,-0.071299,-0.338705,0.836862,-0.075765,0.540282,0.044913
1403638537.52815,0.135058,-0.071290,-0.338718,0.836848,-0.075760,0.540309,0.044860
1403638537.57815,0.134970,-0.071269,-0.338722,0.836871,-0.075657,0.540283,0.044925
1403638537.62814,0.134897,-0.071151,-0.338700,0.836809,-0.075627,0.540380,0.044961
1403638537.67815,0.134877,-0.071106,-0.338642,0.836862,-0.075626,0.540292,0.045019
1403638537.72815,0.134912,-0.071028,-0.338596,0.836844,-0.075621,0.540322,0.045012
1403638537.77815,0.134928,-0.070955,-0.338508,0.836826,-0.075642,0.540350,0.044967
1403638537.82815,0.135148,-0.070957,-0.338533,0.836833,-0.075652,0.540337,0.044980
1403638537.87814,0.135494,-0.070951,-0.338657,0.836870,-0.075581,0.540286,0.045030
1403638537.92815,0.135680,-0.070912,-0.338757,0.836823,-0.075683,0.540348,0.044986
1403638537.97815,0.135578,-0.070859,-0.338799,0.836830,-0.075711,0.540324,0.045093
1403638538.02815,0.135526,-0.070798,-0.338829,0.836831,-0.075733,0.540326,0.045018
1403638538.07815,0.135498,-0.070755,-0.338823,0.836772,-0.075726,0.540416,0.045053
1403638538.12815,0.135470,-0.070756,-0.338812,0.836734,-0.075690,0.540474,0.045107
1403638538.17815,0.135656,-0.070740,-0.338866,0.836743,-0.075727,0.540458,0.045071
1403638538.22815,0.136051,-0.070758,-0.339079,0.836769,-0.075740,0.540414,0.045099
1403638538.27815,0.136311,-0.070695,-0.339258,0.836771,-0.075648,0.540426,0.045069
1403638538.32815,0.136253,-0.070621,-0.339287,0.836748,-0.075664,0.540457,0.045105
1403638538.37815,0.136271,-0.070555,-0.339175,0.836684,-0.075642,0.540547,0.045252
1403638538.42815,0.136239,-0.070483,-0.339058,0.836592,-0.075707,0.540689,0.045151
1403638538.47815,0.136048,-0.070458,-0.338924,0.836670,-0.075632,0.540573,0.045211
1403638538.52815,0.135871,-0.070416,-0.338858,0.836547,-0.075786,0.540752,0.045097
1403638538.57815,0.135800,-0.070417,-0.338776,0.836633,-0.075680,0.540606,0.045413
1403638538.62815,0.135772,-0.070338,-0.338669,0.836362,-0.075877,0.541011,0.045252
1403638538.67815,0.135896,-0.070306,-0.338733,0.836452,-0.075783,0.540888,0.045236
1403638538.72815,0.135944,-0.070350,-0.338561,0.836021,-0.075758,0.541549,0.045336
1403638538.77814,0.136306,-0.070208,-0.338361,0.835666,-0.075569,0.542147,0.045049
1403638538.82815,0.137117,-0.070041,-0.338329,0.835457,-0.075190,0.542539,0.044830
1403638538.87814,0.138152,-0.069832,-0.337722,0.834659,-0.074992,0.543838,0.044274
1403638538.92812,0.139444,-0.069890,-0.336350,0.832625,-0.074374,0.546985,0.044849
1403638538.97810,0.140891,-0.069840,-0.334764,0.830093,-0.074212,0.550824,0.045070
1403638539.02811,0.142428,-0.069755,-0.333306,0.828208,-0.074986,0.553473,0.046005
1403638539.07811,0.144719,-0.069810,-0.331081,0.824813,-0.075711,0.558376,0.046560
1403638539.12810,0.147489,-0.069603,-0.326913,0.821755,-0.076262,0.562846,0.045896
1403638539.17810,0.150786,-0.069273,-0.321314,0.819586,-0.076051,0.566020,0.046005
1403638539.22808,0.154482,-0.068869,-0.313497,0.817024,-0.075496,0.569798,0.045859
1403638539.27809,0.158162,-0.068567,-0.303709,0.816007,-0.075215,0.571286,0.045911
1403638539.32809,0.161769,-0.067888,-0.292021,0.816167,-0.075171,0.571103,0.045401
1403638539.37810,0.165354,-0.067535,-0.278490,0.817036,-0.074696,0.569915,0.045485
1403638539.42811,0.169170,-0.067795,-0.263248,0.817867,-0.074163,0.568813,0.045232
1403638539.47811,0.173037,-0.067601,-0.246846,0.819189,-0.073732,0.566977,0.045053
1403638539.52812,0.177223,-0.067372,-0.229789,0.819931,-0.073088,0.566004,0.044834
1403638539.57812,0.181344,-0.067345,-0.212427,0.820238,-0.072454,0.565647,0.044762
1403638539.62812,0.185626,-0.067368,-0.196578,0.820684,-0.072224,0.565090,0.043985
1403638539.67812,0.189943,-0.067464,-0.183442,0.820898,-0.072116,0.564858,0.043149
1403638539.72812,0.197310,-0.068100,-0.173765,0.821412,-0.071288,0.564193,0.043428
1403638539.77812,0.202317,-0.067917,-0.166727,0.822237,-0.070376,0.563093,0.043585
1403638539.82810,0.209687,-0.070647,-0.160311,0.822993,-0.069987,0.562065,0.043212
1403638539.87811,0.215933,-0.070624,-0.155631,0.824763,-0.069834,0.559529,0.042627
1403638539.92811,0.222919,-0.070553,-0.151260,0.826866,-0.069426,0.556529,0.041811
1403638539.97811,0.230780,-0.070688,-0.146940,0.829326,-0.069657,0.552904,0.040784
1403638540.02811,0.239742,-0.071354,-0.142970,0.832270,-0.070035,0.548449,0.040331
1403638540.07812,0.249840,-0.071892,-0.139050,0.835253,-0.069604,0.543945,0.040406
1403638540.12811,0.266644,-0.076744,-0.139809,0.838245,-0.070026,0.539315,0.039750
1403638540.17810,0.280255,-0.077504,-0.135906,0.839320,-0.069477,0.537698,0.039947
1403638540.22810,0.296303,-0.078783,-0.131128,0.838159,-0.068737,0.539580,0.040232
1403638540.27810,0.313985,-0.080275,-0.125773,0.835199,-0.068098,0.544200,0.040630
1403638540.32809,0.333049,-0.081957,-0.120403,0.832056,-0.067562,0.549024,0.041117
1403638540.37809,0.353255,-0.083671,-0.115546,0.829240,-0.065999,0.553425,0.041544
1403638540.42809,0.374302,-0.085075,-0.111153,0.827635,-0.063565,0.556178,0.040568
1403638540.47808,0.396101,-0.085925,-0.107534,0.827112,-0.059990,0.557505,0.038419
1403638540.52808,0.416776,-0.086028,-0.105736,0.827381,-0.055022,0.557832,0.035153
1403638540.57808,0.439879,-0.085800,-0.102886,0.827594,-0.048570,0.558355,0.031126
1403638540.62807,0.463731,-0.085184,-0.100360,0.827860,-0.041148,0.558801,0.026407
1403638540.67806,0.487713,-0.084593,-0.097159,0.828084,-0.031447,0.559256,0.022799
1403638540.72805,0.512811,-0.083555,-0.094062,0.827498,-0.019760,0.560786,0.019358
1403638540.77803,0.537001,-0.082577,-0.091191,0.827768,-0.007552,0.560825,0.014795
1403638540.82802,0.563175,-0.080279,-0.087609,0.827490,0.006522,0.561347,0.010365
1403638540.87800,0.589449,-0.076954,-0.084685,0.827660,0.020379,0.560841,0.004462
1403638540.92800,0.616144,-0.072436,-0.081898,-0.827101,-0.034590,-0.560987,0.001370
1403638540.97800,0.643136,-0.066678,-0.079476,-0.826613,-0.046625,-0.560759,0.009231
1403638541.02799,0.670319,-0.060000,-0.077508,-0.825833,-0.057138,-0.560778,0.016209
1403638541.07800,0.697411,-0.052470,-0.076154,-0.824829,-0.066104,-0.561039,0.022875
1403638541.12801,0.724239,-0.044381,-0.076090,-0.823906,-0.073385,-0.561235,0.028428
1403638541.17801,0.750998,-0.035215,-0.077135,-0.823385,-0.079297,-0.560963,0.032717
1403638541.22801,0.777427,-0.025182,-0.079099,-0.823222,-0.084261,-0.560268,0.036130
1403638541.27801,0.803647,-0.013926,-0.080439,-0.822700,-0.087959,-0.560342,0.038023
1403638541.32800,0.829714,-0.000796,-0.080079,-0.822579,-0.090029,-0.560039,0.040184
1403638541.37799,0.854496,0.013805,-0.079205,-0.822305,-0.091392,-0.560144,0.041244
1403638541.42798,0.879360,0.029899,-0.077391,-0.822296,-0.090983,-0.560103,0.042845
1403638541.47797,0.904104,0.047019,-0.074264,-0.821684,-0.091520,-0.560935,0.042571
1403638541.52797,0.929611,0.065452,-0.068899,-0.820793,-0.091719,-0.562285,0.041499
1403638541.57798,0.955887,0.085012,-0.061695,-0.819965,-0.092174,-0.563397,0.041774
1403638541.62798,0.983219,0.106059,-0.052577,-0.819072,-0.094042,-0.564331,0.042510
1403638541.67799,1.010034,0.128526,-0.041996,-0.818124,-0.095198,-0.565231,0.046083
1403638541.72800,1.036003,0.152670,-0.029680,-0.817131,-0.098235,-0.565836,0.049768
1403638541.77802,1.061437,0.177713,-0.016063,-0.816611,-0.100603,-0.565566,0.056220
1403638541.82803,1.085271,0.203547,-0.000019,-0.815896,-0.104385,-0.565257,0.062462
1403638541.87804,1.109904,0.230281,0.016113,-0.815049,-0.109384,-0.564844,0.068422
1403638541.92805,1.134346,0.257640,0.031577,-0.814761,-0.115949,-0.563208,0.074279
1403638541.97806,1.158411,0.285437,0.045500,-0.813977,-0.123714,-0.561882,0.080152
1403638542.02808,1.179655,0.312499,0.058751,-0.813019,-0.131446,-0.560390,0.087660
1403638542.07808,1.203122,0.340601,0.069570,-0.811886,-0.140573,-0.558739,0.094294
1403638542.12807,1.225923,0.368932,0.079098,-0.810301,-0.150668,-0.557216,0.101097
1403638542.17807,1.248785,0.397650,0.087243,-0.808251,-0.160474,-0.555869,0.109491
1403638542.22806,1.271184,0.426841,0.094199,-0.806631,-0.171697,-0.553317,0.117078
1403638542.27806,1.292854,0.456060,0.099933,-0.804549,-0.183839,-0.550918,0.124068
1403638542.32807,1.315725,0.486173,0.105088,-0.801795,-0.195455,-0.549239,0.131372
1403638542.37808,1.338719,0.516181,0.109757,-0.797079,-0.205814,-0.550868,0.137298
1403638542.42811,1.361945,0.546213,0.114004,-0.790913,-0.216392,-0.554725,0.141109
1403638542.47812,1.384794,0.576288,0.117180,-0.783806,-0.226412,-0.560313,0.142951
1403638542.52812,1.407224,0.606570,0.119921,-0.777779,-0.236049,-0.565076,0.141528
1403638542.57811,1.428081,0.637398,0.122492,-0.772019,-0.245220,-0.569743,0.138736
1403638542.62809,1.447318,0.669187,0.125493,-0.769789,-0.251036,-0.570220,0.138763
1403638542.67808,1.465353,0.702176,0.129764,-0.768763,-0.254881,-0.569781,0.139242
1403638542.72806,1.480856,0.736316,0.136210,-0.770314,-0.255591,-0.566504,0.142698
1403638542.77805,1.493772,0.771037,0.145246,-0.772680,-0.253980,-0.562508,0.148473
1403638542.82805,1.505504,0.806472,0.155150,-0.774767,-0.252748,-0.559170,0.152262
1403638542.87805,1.515735,0.842382,0.166463,-0.777840,-0.251097,-0.554735,0.155511
1403638542.92804,1.523494,0.877820,0.179664,-0.780183,-0.249437,-0.551318,0.158570
1403638542.97804,1.531266,0.914529,0.195192,-0.782209,-0.248128,-0.548602,0.160052
1403638543.02804,1.538748,0.951818,0.211781,-0.784084,-0.246866,-0.546028,0.161625
1403638543.07805,1.546033,0.989694,0.228828,-0.785565,-0.245385,-0.544206,0.162828
1403638543.12806,1.553664,1.028164,0.243762,-0.786242,-0.243924,-0.543712,0.163405
1403638543.17807,1.561524,1.066880,0.257025,-0.786631,-0.243283,-0.543573,0.162953
1403638543.22808,1.569020,1.105522,0.268571,-0.787025,-0.242560,-0.543422,0.162631
1403638543.27808,1.577509,1.145828,0.278582,-0.786787,-0.241188,-0.544235,0.163101
1403638543.32808,1.585692,1.185127,0.287169,-0.787531,-0.240486,-0.543618,0.162606
1403638543.37809,1.593893,1.225133,0.294879,-0.787794,-0.240524,-0.543248,0.162512
1403638543.42809,1.602240,1.265153,0.301346,-0.787464,-0.242163,-0.542658,0.163644
1403638543.47810,1.610477,1.305255,0.306484,-0.786752,-0.245238,-0.541951,0.164832
1403638543.52811,1.618829,1.345800,0.310282,-0.785773,-0.249609,-0.540522,0.167604
1403638543.57812,1.626294,1.386486,0.313430,-0.783833,-0.256660,-0.539256,0.170103
1403638543.62812,1.633385,1.427160,0.315440,-0.781455,-0.265390,-0.537632,0.172766
1403638543.67815,1.640424,1.469244,0.317957,-0.778293,-0.274665,-0.536142,0.177119
1403638543.72815,1.646898,1.511344,0.320362,-0.774826,-0.285139,-0.534048,0.182023
1403638543.77816,1.652990,1.553876,0.323760,-0.770513,-0.296284,-0.532392,0.187310
1403638543.82816,1.659223,1.596816,0.328706,-0.765414,-0.308491,-0.531203,0.191825
1403638543.87816,1.665513,1.640702,0.335729,-0.760793,-0.318931,-0.529053,0.198946
1403638543.92816,1.671851,1.685771,0.344927,-0.756341,-0.329281,-0.526349,0.206102
1403638543.97816,1.678283,1.731165,0.355721,-0.752572,-0.337364,-0.523895,0.212968
1403638544.02816,1.684886,1.776890,0.367678,-0.750092,-0.343742,-0.520034,0.220833
1403638544.07816,1.691407,1.822692,0.379704,-0.748708,-0.348637,-0.515665,0.227988
1403638544.12816,1.698072,1.869044,0.392603,-0.746727,-0.353023,-0.513496,0.232584
1403638544.17815,1.704243,1.915913,0.405409,-0.745623,-0.355236,-0.510877,0.238448
1403638544.22815,1.711289,1.962531,0.415386,-0.743940,-0.357461,-0.510111,0.241997
1403638544.27814,1.718868,2.009322,0.424096,-0.743017,-0.358735,-0.508981,0.245303
1403638544.32814,1.726427,2.055524,0.431261,-0.742253,-0.360655,-0.508229,0.246356
1403638544.37813,1.734495,2.101882,0.437436,-0.742381,-0.361362,-0.507232,0.246989
1403638544.42814,1.743026,2.147513,0.442457,-0.742886,-0.361846,-0.505904,0.247485
1403638544.47814,1.752284,2.193444,0.447042,-0.742970,-0.362491,-0.505912,0.246269
1403638544.52813,1.761326,2.240357,0.451065,-0.742149,-0.361945,-0.507332,0.246628
1403638544.57813,1.770437,2.286611,0.455430,-0.740306,-0.361650,-0.509487,0.248151
1403638544.62812,1.779426,2.333588,0.460969,-0.736843,-0.361355,-0.513375,0.250862
1403638544.67812,1.789321,2.381053,0.468779,-0.733838,-0.361132,-0.516712,0.253128
1403638544.72812,1.798364,2.426705,0.477226,-0.732457,-0.361534,-0.517820,0.254288
1403638544.77812,1.807207,2.471251,0.485684,-0.733137,-0.362071,-0.516423,0.254406
1403638544.82812,1.816121,2.515370,0.493550,-0.734318,-0.363510,-0.514270,0.253308
1403638544.87812,1.826578,2.560266,0.499851,-0.736531,-0.364421,-0.510866,0.252458
1403638544.92811,1.836172,2.604230,0.505039,-0.737325,-0.364977,-0.509477,0.252144
1403638544.97811,1.845786,2.647896,0.508624,-0.737452,-0.365114,-0.508972,0.252594
1403638545.02810,1.856095,2.691281,0.510317,-0.736828,-0.365202,-0.509413,0.253398
1403638545.07810,1.866768,2.734600,0.510619,-0.736315,-0.365095,-0.509939,0.253984
1403638545.12810,1.876869,2.777666,0.509022,-0.735847,-0.365467,-0.510229,0.254225
1403638545.17810,1.887322,2.820334,0.505855,-0.736059,-0.366171,-0.509724,0.253610
1403638545.22810,1.897800,2.863287,0.501493,-0.736212,-0.367177,-0.509131,0.252902
1403638545.27810,1.908567,2.906489,0.496401,-0.735509,-0.367841,-0.509707,0.252822
1403638545.32809,1.919328,2.949796,0.490328,-0.734184,-0.367679,-0.511452,0.253381
1403638545.37809,1.929709,2.992424,0.482674,-0.732876,-0.367043,-0.513236,0.254483
1403638545.42809,1.940201,3.035414,0.474126,-0.733185,-0.366983,-0.512461,0.255240
1403638545.47808,1.950476,3.078416,0.465647,-0.732861,-0.367966,-0.511589,0.256500
1403638545.52807,1.960293,3.121590,0.458372,-0.731931,-0.370636,-0.510097,0.258276
1403638545.57807,1.969569,3.164563,0.452338,-0.730744,-0.374721,-0.507581,0.260689
1403638545.62806,1.979003,3.210194,0.449059,-0.728555,-0.379577,-0.504686,0.265370
1403638545.67805,1.988227,3.252805,0.446172,-0.725382,-0.386244,-0.501988,0.269527
1403638545.72806,1.997468,3.296536,0.445498,-0.722568,-0.393801,-0.497887,0.273722
1403638545.77804,2.006730,3.338251,0.446404,-0.717879,-0.402767,-0.494833,0.278511
1403638545.82803,2.016299,3.381246,0.449453,-0.712425,-0.412347,-0.491640,0.284095
1403638545.87803,2.025169,3.424278,0.454466,-0.707506,-0.422336,-0.486981,0.289684
1403638545.92802,2.034228,3.467141,0.461307,-0.701140,-0.433667,-0.483269,0.294597
1403638545.97803,2.043242,3.510109,0.469853,-0.695327,-0.444430,-0.478699,0.299749
1403638546.02803,2.052792,3.553820,0.479622,-0.689242,-0.454436,-0.475882,0.303265
1403638546.07803,2.062051,3.597770,0.489054,-0.683572,-0.463499,-0.473307,0.306396
1403638546.12802,2.071114,3.642190,0.497143,-0.678792,-0.470743,-0.470897,0.309676
1403638546.17803,2.080003,3.687470,0.503546,-0.674995,-0.475922,-0.468136,0.314212
1403638546.22802,2.088116,3.734435,0.508446,-0.672492,-0.480188,-0.465531,0.316947
1403638546.27802,2.096183,3.779924,0.511278,-0.670326,-0.483578,-0.463531,0.319303
1403638546.32801,2.104000,3.827740,0.513169,-0.669317,-0.485005,-0.460884,0.323064
1403638546.37801,2.111615,3.873524,0.512852,-0.668760,-0.485765,-0.459027,0.325710
1403638546.42800,2.118630,3.917806,0.510605,-0.668934,-0.486103,-0.456783,0.327994
1403638546.47800,2.126461,3.963269,0.508017,-0.668394,-0.487018,-0.456184,0.328571
1403638546.52800,2.134040,4.008843,0.504749,-0.667901,-0.487947,-0.455407,0.329271
1403638546.57800,2.141424,4.054988,0.502992,-0.666406,-0.490221,-0.454853,0.329689
1403638546.62800,2.148252,4.101129,0.502841,-0.664271,-0.492990,-0.453713,0.331436
1403638546.67799,2.155566,4.148090,0.504283,-0.661709,-0.496113,-0.452619,0.333390
1403638546.72799,2.162635,4.195483,0.508498,-0.659501,-0.498848,-0.451443,0.335273
1403638546.77798,2.169275,4.244265,0.515617,-0.657289,-0.501772,-0.450940,0.335931
1403638546.82797,2.175416,4.293244,0.522969,-0.655251,-0.504583,-0.450551,0.336223
1403638546.87797,2.181896,4.344272,0.533769,-0.653760,-0.506586,-0.450109,0.336704
1403638546.92798,2.189149,4.396497,0.543252,-0.652335,-0.508642,-0.450026,0.336481
1403638546.97798,2.196360,4.449411,0.550865,-0.650606,-0.510869,-0.450740,0.335497
1403638547.02798,2.203302,4.502723,0.556302,-0.649353,-0.512391,-0.451094,0.335129
1403638547.07798,2.209405,4.555546,0.560124,-0.648174,-0.514095,-0.451961,0.333629
1403638547.12799,2.214790,4.608336,0.562093,-0.646878,-0.516190,-0.452978,0.331524
1403638547.17799,2.218603,4.660040,0.562378,-0.646268,-0.517206,-0.453303,0.330684
1403638547.22798,2.221372,4.711285,0.561705,-0.645623,-0.518148,-0.453886,0.329668
1403638547.27798,2.222721,4.761562,0.559967,-0.644918,-0.518616,-0.454933,0.328866
1403638547.32799,2.222543,4.812901,0.557844,-0.644862,-0.518763,-0.455224,0.328343
1403638547.37799,2.220708,4.862662,0.554434,-0.646415,-0.516205,-0.453285,0.331983
1403638547.42800,2.218101,4.912199,0.549812,-0.648131,-0.514741,-0.451290,0.333626
1403638547.47799,2.215004,4.962736,0.545044,-0.649481,-0.512359,-0.449780,0.336690
1403638547.52799,2.211588,5.013415,0.538583,-0.651362,-0.510552,-0.447797,0.338441
1403638547.57799,2.207744,5.064738,0.531173,-0.652883,-0.508838,-0.446491,0.339814
1403638547.62799,2.203821,5.117610,0.522618,-0.653667,-0.507792,-0.446012,0.340500
1403638547.67799,2.199246,5.171510,0.513762,-0.654151,-0.507106,-0.446275,0.340247
1403638547.72799,2.195539,5.226196,0.503351,-0.653982,-0.507402,-0.447092,0.339056
1403638547.77800,2.191682,5.281244,0.491995,-0.653562,-0.507664,-0.448145,0.338084
1403638547.82799,2.188370,5.338296,0.480342,-0.651982,-0.509685,-0.450746,0.334618
1403638547.87799,2.183719,5.394627,0.467211,-0.650842,-0.509759,-0.452543,0.334298
1403638547.92799,2.178751,5.452536,0.454274,-0.651745,-0.509693,-0.451405,0.334177
1403638547.97800,2.173200,5.510936,0.443465,-0.650700,-0.510157,-0.452207,0.334421
1403638548.02800,2.167015,5.571838,0.435048,-0.651189,-0.510817,-0.449953,0.335501
1403638548.07799,2.159976,5.633482,0.428588,-0.650357,-0.512476,-0.448135,0.337016
1403638548.12800,2.152306,5.693717,0.423732,-0.648532,-0.514820,-0.446664,0.338907
1403638548.17799,2.143942,5.755122,0.421714,-0.646680,-0.517947,-0.443738,0.341515
1403638548.22799,2.134801,5.814916,0.421473,-0.643424,-0.521602,-0.441482,0.345009
1403638548.27799,2.124401,5.872223,0.422673,-0.640467,-0.526566,-0.437354,0.348213
1403638548.32799,2.113776,5.929257,0.426377,-0.635702,-0.531628,-0.434538,0.352748
1403638548.37799,2.102582,5.986709,0.432190,-0.631243,-0.538204,-0.430246,0.356028
1403638548.42800,2.091175,6.042578,0.440090,-0.626368,-0.544204,-0.426484,0.360022
1403638548.47801,2.079666,6.098574,0.448648,-0.621865,-0.549023,-0.423252,0.364301
1403638548.52802,2.068443,6.154283,0.456593,-0.618063,-0.553107,-0.420327,0.367963
1403638548.57803,2.057343,6.210190,0.463536,-0.614099,-0.557101,-0.418293,0.370879
1403638548.62803,2.046345,6.267955,0.469314,-0.610999,-0.560356,-0.416396,0.373224
1403638548.67803,2.035501,6.326187,0.474442,-0.608729,-0.562677,-0.414327,0.375736
1403638548.72803,2.025099,6.386189,0.478707,-0.606594,-0.565143,-0.413001,0.376945
1403638548.77803,2.014401,6.446298,0.483588,-0.604930,-0.566789,-0.411795,0.378464
1403638548.82803,2.004130,6.509197,0.489617,-0.603775,-0.568381,-0.410509,0.379315
1403638548.87803,1.993186,6.573256,0.497036,-0.602864,-0.569505,-0.409905,0.379733
1403638548.92803,1.982704,6.636871,0.506404,-0.602161,-0.569765,-0.409213,0.381202
1403638548.97804,1.973247,6.702731,0.515168,-0.601848,-0.570498,-0.408803,0.381039
1403638549.02803,1.962966,6.769131,0.527281,-0.601517,-0.571652,-0.408442,0.380219
1403638549.07803,1.951946,6.832620,0.540866,-0.601618,-0.570964,-0.408091,0.381467
1403638549.12803,1.940949,6.894826,0.556329,-0.601971,-0.570256,-0.407714,0.382372
1403638549.17803,1.929891,6.958318,0.574079,-0.601548,-0.570084,-0.408437,0.382522
1403638549.22803,1.918475,7.023083,0.592520,-0.602035,-0.569838,-0.407972,0.382620
1403638549.27802,1.906986,7.089415,0.612921,-0.602433,-0.569147,-0.407915,0.383083
1403638549.32802,1.895433,7.157549,0.634904,-0.603194,-0.568044,-0.407370,0.384099
1403638549.37802,1.884021,7.224078,0.656703,-0.603872,-0.566824,-0.406986,0.385242
1403638549.42802,1.873441,7.292174,0.677864,-0.604411,-0.565549,-0.406846,0.386418
1403638549.47802,1.863183,7.360700,0.697153,-0.605323,-0.564711,-0.406146,0.386951
1403638549.52802,1.853057,7.430248,0.714303,-0.605606,-0.564171,-0.406266,0.387169
1403638549.57802,1.843291,7.498401,0.730561,-0.605317,-0.563088,-0.407183,0.388234
1403638549.62802,1.833707,7.566795,0.745931,-0.604795,-0.562329,-0.408277,0.388997
1403638549.67802,1.824769,7.635938,0.759951,-0.604788,-0.561635,-0.408826,0.389435
1403638549.72802,1.816041,7.705002,0.774154,-0.604174,-0.562390,-0.410283,0.387761
1403638549.77802,1.806968,7.775523,0.788626,-0.604944,-0.562236,-0.409339,0.387781
1403638549.82802,1.797410,7.846651,0.805962,-0.605749,-0.562011,-0.408379,0.387865
1403638549.87803,1.789033,7.917704,0.825216,-0.606464,-0.562381,-0.407877,0.386737
1403638549.92803,1.781419,7.993837,0.846839,-0.606596,-0.562826,-0.407886,0.385873
1403638549.97803,1.773597,8.066773,0.869213,-0.607318,-0.562472,-0.406780,0.386419
1403638550.02803,1.766252,8.141894,0.894126,-0.607485,-0.562233,-0.406743,0.386544
1403638550.07804,1.759175,8.217923,0.919921,-0.607645,-0.562237,-0.406344,0.386705
1403638550.12803,1.752705,8.294886,0.946888,-0.608337,-0.561748,-0.405038,0.387697
1403638550.17802,1.746938,8.371206,0.976116,-0.608046,-0.562177,-0.405054,0.387517
1403638550.22801,1.741247,8.448344,1.007282,-0.608055,-0.562571,-0.404475,0.387535
1403638550.27801,1.735945,8.526554,1.039589,-0.607551,-0.563071,-0.404976,0.387076
1403638550.32798,1.730828,8.606344,1.072682,-0.607122,-0.563415,-0.405304,0.386905
1403638550.37798,1.725643,8.687187,1.105276,-0.606450,-0.563546,-0.405844,0.387201
1403638550.42798,1.721897,8.764952,1.134971,-0.606539,-0.562599,-0.405188,0.389122
1403638550.47799,1.718449,8.840262,1.161714,-0.606900,-0.562029,-0.404548,0.390047
1403638550.52798,1.715020,8.915236,1.186777,-0.607665,-0.561087,-0.403006,0.391805
1403638550.57798,1.712917,8.986629,1.210306,-0.607428,-0.559749,-0.403123,0.393960
1403638550.62797,1.710355,9.056437,1.231696,-0.606810,-0.558117,-0.403960,0.396362
1403638550.67797,1.708468,9.122495,1.251318,-0.605667,-0.556506,-0.405534,0.398761
1403638550.72796,1.707591,9.188216,1.270276,-0.605457,-0.555277,-0.405672,0.400648
1403638550.77796,1.708076,9.254372,1.287887,-0.604796,-0.554419,-0.406778,0.401712
1403638550.82795,1.709499,9.316878,1.305017,-0.603099,-0.552654,-0.409383,0.404044
1403638550.87794,1.712662,9.375566,1.321100,-0.600930,-0.550285,-0.412296,0.407532
1403638550.92795,1.715821,9.437834,1.337243,-0.598510,-0.547988,-0.416266,0.410143
1403638550.97795,1.719392,9.499648,1.351911,-0.596646,-0.545927,-0.418735,0.413084
1403638551.02795,1.723476,9.559390,1.365397,-0.595347,-0.544266,-0.420666,0.415183
1403638551.07795,1.728516,9.618678,1.378377,-0.594101,-0.543109,-0.422402,0.416716
1403638551.12795,1.738306,9.682810,1.391725,-0.594346,-0.541936,-0.421819,0.418482
1403638551.17795,1.745181,9.743381,1.408024,-0.594425,-0.540360,-0.420936,0.421287
1403638551.22795,1.753593,9.801213,1.425060,-0.594745,-0.539925,-0.420068,0.422258
1403638551.27795,1.762978,9.861671,1.444360,-0.596147,-0.539250,-0.419205,0.422001
1403638551.32794,1.773112,9.920823,1.465169,-0.599157,-0.538949,-0.417731,0.419578
1403638551.37792,1.784508,9.979880,1.486504,-0.603782,-0.536137,-0.416922,0.417349
1403638551.42791,1.796425,10.043755,1.508081,-0.609456,-0.532180,-0.417232,0.413842
1403638551.47789,1.812203,10.098987,1.528711,-0.616178,-0.526644,-0.418194,0.409981
1403638551.52787,1.827653,10.153362,1.547915,-0.623782,-0.519099,-0.419524,0.406734
1403638551.57787,1.846434,10.207990,1.564605,-0.630958,-0.510111,-0.422551,0.403893
1403638551.62787,1.867051,10.262861,1.579161,-0.639780,-0.500803,-0.423429,0.400731
1403638551.67787,1.889665,10.316724,1.592236,-0.647647,-0.491410,-0.425879,0.397110
1403638551.72787,1.913413,10.367677,1.605839,-0.654560,-0.482026,-0.429985,0.392830
1403638551.77787,1.941090,10.418364,1.616175,-0.661479,-0.472698,-0.434176,0.387935
1403638551.82789,1.970868,10.466454,1.624577,-0.667571,-0.463817,-0.438665,0.383140
1403638551.87790,2.002782,10.513564,1.633790,-0.671833,-0.456932,-0.444029,0.377746
1403638551.92791,2.037235,10.558825,1.644692,-0.674105,-0.452792,-0.450530,0.370925
1403638551.97792,2.074048,10.600737,1.657066,-0.675135,-0.449155,-0.456877,0.365671
1403638552.02793,2.111686,10.638714,1.671220,-0.675762,-0.446429,-0.463024,0.360077
1403638552.07792,2.150786,10.673597,1.686908,-0.676610,-0.444049,-0.467191,0.356021
1403638552.12792,2.189886,10.704791,1.703317,-0.678705,-0.442458,-0.468466,0.352322
1403638552.17792,2.229984,10.738931,1.722251,-0.681481,-0.440816,-0.467572,0.350203
1403638552.22791,2.269536,10.769164,1.741842,-0.683586,-0.440314,-0.466814,0.347732
1403638552.27792,2.308800,10.799175,1.761411,-0.685457,-0.439790,-0.465814,0.346050
1403638552.32793,2.347899,10.826529,1.780344,-0.686222,-0.439113,-0.465623,0.345651
1403638552.37795,2.387732,10.844921,1.796102,-0.686388,-0.436983,-0.465594,0.348052
1403638552.42796,2.427502,10.859660,1.810408,-0.684415,-0.434172,-0.468565,0.351450
1403638552.47796,2.468669,10.878832,1.825178,-0.682525,-0.431600,-0.470863,0.355202
1403638552.52796,2.510704,10.897485,1.838334,-0.680734,-0.429556,-0.473099,0.358133
1403638552.57796,2.553351,10.917339,1.850191,-0.678725,-0.428275,-0.475279,0.360587
1403638552.62796,2.596910,10.933551,1.860781,-0.677165,-0.428255,-0.476829,0.361495
1403638552.67795,2.641387,10.947805,1.870033,-0.676438,-0.429566,-0.476985,0.361096
1403638552.72795,2.687128,10.960478,1.878425,-0.676375,-0.430166,-0.476368,0.361313
1403638552.77795,2.733571,10.970671,1.885972,-0.675826,-0.431814,-0.476306,0.360457
1403638552.82795,2.780517,10.979378,1.892373,-0.675231,-0.433298,-0.476118,0.360039
1403638552.87795,2.828097,10.984541,1.897507,-0.674494,-0.435809,-0.476176,0.358306
1403638552.92796,2.876700,10.988877,1.900684,-0.673803,-0.439063,-0.475805,0.356121
1403638552.97797,2.925670,10.992908,1.903564,-0.672179,-0.441946,-0.477096,0.353892
1403638553.02796,2.974980,10.994487,1.905430,-0.671540,-0.445186,-0.476930,0.351256
1403638553.07797,3.024420,10.995091,1.905273,-0.670027,-0.447409,-0.477767,0.350183
1403638553.12797,3.073805,10.996550,1.906229,-0.668586,-0.447685,-0.478406,0.351709
1403638553.17798,3.123704,10.996789,1.906727,-0.666185,-0.446191,-0.480297,0.355565
1403638553.22798,3.172928,10.995033,1.907081,-0.663363,-0.444167,-0.482888,0.359839
1403638553.27798,3.222112,10.991777,1.908495,-0.660411,-0.443096,-0.485754,0.362720
1403638553.32798,3.271530,10.986808,1.911413,-0.657473,-0.442849,-0.488582,0.364556
1403638553.37798,3.320322,10.977907,1.914918,-0.655266,-0.444063,-0.490675,0.364241
1403638553.42798,3.369016,10.966296,1.919628,-0.652281,-0.445787,-0.494506,0.362309
1403638553.47798,3.417661,10.953081,1.926524,-0.649919,-0.447693,-0.497144,0.360588
1403638553.52797,3.465773,10.937347,1.935336,-0.647882,-0.449242,-0.499524,0.359035
1403638553.57797,3.512633,10.917571,1.945727,-0.645751,-0.450681,-0.502138,0.357419
1403638553.62796,3.557187,10.892183,1.955928,-0.645075,-0.451840,-0.502984,0.355987
1403638553.67796,3.601293,10.866722,1.969747,-0.644946,-0.452874,-0.502809,0.355152
1403638553.72797,3.642367,10.838308,1.985816,-0.644974,-0.453646,-0.502662,0.354324
1403638553.77796,3.684402,10.808613,2.003710,-0.645657,-0.454605,-0.501682,0.353237
1403638553.82795,3.723567,10.775472,2.022835,-0.646496,-0.455367,-0.500697,0.352117
1403638553.87795,3.761275,10.740137,2.044107,-0.647607,-0.455983,-0.499477,0.351010
1403638553.92794,3.797848,10.703848,2.065385,-0.648484,-0.456504,-0.498592,0.349969
1403638553.97794,3.833799,10.668315,2.085678,-0.650802,-0.456192,-0.495594,0.350332
1403638554.02794,3.869245,10.631947,2.104684,-0.653195,-0.455991,-0.492549,0.350434
1403638554.07794,3.904529,10.595561,2.122859,-0.654230,-0.456971,-0.491367,0.348883
1403638554.12794,3.940243,10.559802,2.139593,-0.655156,-0.457589,-0.490104,0.348111
1403638554.17793,3.975757,10.523898,2.154192,-0.657349,-0.460445,-0.487356,0.344045
1403638554.22793,4.012382,10.490006,2.166784,-0.660485,-0.463509,-0.483105,0.339894
1403638554.27792,4.045911,10.449847,2.175929,-0.663411,-0.466097,-0.479130,0.336265
1403638554.32793,4.083101,10.416996,2.185280,-0.665311,-0.468655,-0.476388,0.332833
1403638554.37793,4.116456,10.376365,2.192089,-0.666897,-0.470536,-0.474042,0.330346
1403638554.42793,4.148249,10.335219,2.198120,-0.667834,-0.471511,-0.472568,0.329172
1403638554.47793,4.182212,10.296225,2.203970,-0.668371,-0.472715,-0.471623,0.327707
1403638554.52793,4.212431,10.254954,2.208084,-0.668646,-0.472838,-0.471165,0.327630
1403638554.57792,4.242103,10.213462,2.210907,-0.669255,-0.472351,-0.469903,0.328896
1403638554.62792,4.270720,10.171580,2.213931,-0.670433,-0.471282,-0.468146,0.330533
1403638554.67791,4.299179,10.129549,2.218364,-0.671489,-0.468471,-0.466388,0.334845
1403638554.72791,4.327133,10.087283,2.224035,-0.671307,-0.467497,-0.466645,0.336209
1403638554.77791,4.354956,10.045565,2.230633,-0.672097,-0.465195,-0.465184,0.339828
1403638554.82791,4.383489,10.005617,2.238639,-0.672062,-0.464774,-0.464956,0.340784
1403638554.87792,4.412727,9.966922,2.248052,-0.672250,-0.463219,-0.464695,0.342880
1403638554.92791,4.441068,9.925750,2.256897,-0.672353,-0.462244,-0.464652,0.344050
1403638554.97791,4.471310,9.887252,2.265715,-0.672956,-0.460044,-0.464993,0.345357
1403638555.02791,4.501861,9.847916,2.272874,-0.674016,-0.457911,-0.466307,0.344351
1403638555.07790,4.532851,9.809715,2.278289,-0.676004,-0.455792,-0.467457,0.341694
1403638555.12789,4.565090,9.769668,2.282706,-0.678465,-0.453017,-0.469226,0.338065
1403638555.17789,4.598117,9.729968,2.285783,-0.681960,-0.449032,-0.470189,0.334997
1403638555.22789,4.632102,9.690628,2.287710,-0.685137,-0.444555,-0.471967,0.331972
1403638555.27788,4.666254,9.650817,2.288599,-0.688028,-0.440815,-0.473452,0.328851
1403638555.32788,4.700475,9.610791,2.288836,-0.690254,-0.437514,-0.475266,0.325965
1403638555.37788,4.735473,9.570879,2.288972,-0.691145,-0.435990,-0.478297,0.321658
1403638555.42788,4.770533,9.531147,2.288199,-0.692425,-0.434503,-0.480184,0.318084
1403638555.47788,4.805595,9.491890,2.286871,-0.693205,-0.432838,-0.482087,0.315770
1403638555.52788,4.841300,9.453500,2.285371,-0.694441,-0.430797,-0.482595,0.315069
1403638555.57789,4.875727,9.414037,2.283551,-0.694502,-0.430110,-0.484222,0.313371
1403638555.62789,4.909767,9.374748,2.282812,-0.695478,-0.429221,-0.484046,0.312696
1403638555.67790,4.943453,9.334677,2.284727,-0.696240,-0.428387,-0.483661,0.312739
1403638555.72790,4.976707,9.293776,2.288314,-0.696964,-0.427842,-0.482930,0.313003
1403638555.77791,5.010084,9.252684,2.294414,-0.697448,-0.428536,-0.482400,0.311790
1403638555.82791,5.043428,9.211754,2.302995,-0.697321,-0.428956,-0.482377,0.311533
1403638555.87791,5.076251,9.170823,2.309380,-0.697469,-0.429292,-0.482068,0.311217
1403638555.92791,5.109804,9.130347,2.319320,-0.697048,-0.430289,-0.482428,0.310225
1403638555.97790,5.143896,9.091370,2.331292,-0.696226,-0.431013,-0.483167,0.309916
1403638556.02790,5.178010,9.053069,2.344712,-0.695920,-0.431680,-0.483427,0.309265
1403638556.07791,5.213232,9.016374,2.358001,-0.696362,-0.432377,-0.482691,0.308449
1403638556.12791,5.248391,8.980650,2.369369,-0.697926,-0.432756,-0.480293,0.308124
1403638556.17791,5.282429,8.942513,2.379114,-0.700697,-0.432888,-0.476415,0.307671
1403638556.22791,5.315798,8.905003,2.387365,-0.702503,-0.433943,-0.473755,0.306169
1403638556.27791,5.348493,8.867304,2.394643,-0.703969,-0.433945,-0.471490,0.306294
1403638556.32790,5.381634,8.830838,2.401215,-0.705128,-0.434607,-0.469808,0.305272
1403638556.37790,5.415767,8.795735,2.407039,-0.706094,-0.434761,-0.468301,0.305138
1403638556.42790,5.450505,8.761759,2.412854,-0.707088,-0.435342,-0.466794,0.304316
1403638556.47791,5.482808,8.728523,2.416653,-0.709232,-0.436019,-0.463891,0.302791
1403638556.52791,5.519078,8.697338,2.422408,-0.710682,-0.436609,-0.461875,0.301621
1403638556.57791,5.555952,8.667689,2.428597,-0.712162,-0.435636,-0.459987,0.302421
1403638556.62791,5.593827,8.639278,2.434744,-0.713670,-0.432827,-0.457926,0.306007
1403638556.67790,5.633054,8.611927,2.441833,-0.714537,-0.429544,-0.456988,0.309985
1403638556.72789,5.673671,8.584444,2.451258,-0.713069,-0.426855,-0.459378,0.313527
1403638556.77790,5.714699,8.557163,2.462586,-0.711266,-0.424907,-0.461933,0.316500
1403638556.82790,5.757237,8.530562,2.475155,-0.710119,-0.422575,-0.463632,0.319697
1403638556.87790,5.801249,8.504709,2.489367,-0.709640,-0.420698,-0.464247,0.322335
1403638556.92790,5.847091,8.478920,2.504730,-0.708662,-0.419200,-0.465649,0.324409
1403638556.97791,5.894117,8.453378,2.519580,-0.708070,-0.418163,-0.466468,0.325859
1403638557.02793,5.942364,8.428006,2.532541,-0.707320,-0.418632,-0.467358,0.325610
1403638557.07794,5.990933,8.403617,2.542179,-0.706594,-0.419659,-0.468257,0.324573
1403638557.12794,6.040861,8.378198,2.551014,-0.705602,-0.420898,-0.469565,0.323233
1403638557.17794,6.091487,8.352483,2.557598,-0.704987,-0.421285,-0.470260,0.323061
1403638557.22795,6.143221,8.326662,2.562747,-0.704252,-0.421994,-0.471281,0.322249
1403638557.27795,6.195234,8.300267,2.566135,-0.703892,-0.422405,-0.471559,0.322090
1403638557.32795,6.248244,8.274714,2.567795,-0.703412,-0.423184,-0.472243,0.321111
1403638557.37796,6.300325,8.246661,2.568849,-0.702665,-0.424523,-0.473088,0.319733
1403638557.42796,6.354159,8.220337,2.572378,-0.701438,-0.426125,-0.474806,0.317744
1403638557.47796,6.408986,8.194258,2.576991,-0.699726,-0.428923,-0.477094,0.314309
1403638557.52796,6.463713,8.168467,2.583379,-0.698778,-0.430460,-0.478627,0.311978
1403638557.57795,6.517984,8.142092,2.591301,-0.697408,-0.432017,-0.480576,0.309887
1403638557.62795,6.572304,8.115330,2.599433,-0.696636,-0.432867,-0.481721,0.308658
1403638557.67795,6.624261,8.090661,2.609450,-0.696357,-0.433760,-0.482128,0.307394
1403638557.72795,6.678464,8.066209,2.620888,-0.696073,-0.433425,-0.482781,0.307484
1403638557.77795,6.732728,8.041917,2.631492,-0.696092,-0.433351,-0.482864,0.307417
1403638557.82795,6.786437,8.018253,2.640964,-0.695892,-0.434106,-0.483690,0.305499
1403638557.87795,6.839662,7.994952,2.648740,-0.696133,-0.434701,-0.483428,0.304518
1403638557.92795,6.892158,7.971603,2.654931,-0.696238,-0.435752,-0.483468,0.302708
1403638557.97795,6.943927,7.947158,2.659118,-0.697464,-0.436192,-0.481891,0.301765
1403638558.02795,6.996260,7.924811,2.662698,-0.698989,-0.436624,-0.479632,0.301210
1403638558.07795,7.048612,7.903355,2.664657,-0.701265,-0.436830,-0.476336,0.300849
1403638558.12794,7.100964,7.882821,2.665649,-0.704110,-0.437422,-0.472509,0.299377
1403638558.17794,7.154038,7.863941,2.667457,-0.707106,-0.438229,-0.468101,0.298057
1403638558.22794,7.206624,7.846889,2.670864,-0.710379,-0.438608,-0.463660,0.296656
1403638558.27795,7.255647,7.822722,2.672764,-0.711313,-0.439651,-0.462596,0.294527
1403638558.32795,7.308649,7.806722,2.678574,-0.712187,-0.440693,-0.461517,0.292543
1403638558.37795,7.361675,7.791994,2.687506,-0.712697,-0.442311,-0.460924,0.289779
1403638558.42795,7.414852,7.778049,2.697645,-0.714664,-0.444177,-0.458111,0.286525
1403638558.47794,7.469253,7.766451,2.709337,-0.716399,-0.445825,-0.455664,0.283519
1403638558.52794,7.524247,7.757307,2.723460,-0.717846,-0.445637,-0.453727,0.283262
1403638558.57792,7.580752,7.747680,2.737186,-0.718888,-0.444308,-0.452357,0.284893
1403638558.62791,7.639207,7.743785,2.755142,-0.718968,-0.441470,-0.452885,0.288243
1403638558.67789,7.697719,7.742089,2.774216,-0.719424,-0.437719,-0.452608,0.293219
1403638558.72788,7.756859,7.741979,2.793538,-0.719293,-0.433528,-0.453300,0.298647
1403638558.77788,7.816563,7.744120,2.811087,-0.718966,-0.431534,-0.454146,0.301029
1403638558.82789,7.877676,7.746961,2.827023,-0.718700,-0.429172,-0.454816,0.304013
1403638558.87788,7.939149,7.750825,2.841137,-0.717693,-0.429344,-0.456558,0.303537
1403638558.92788,8.001002,7.754753,2.853310,-0.715599,-0.428551,-0.459887,0.304575
1403638558.97788,8.063551,7.759468,2.863839,-0.712884,-0.428156,-0.464028,0.305217
1403638559.02788,8.125872,7.764598,2.872562,-0.710479,-0.428490,-0.467585,0.304927
1403638559.07788,8.187791,7.770752,2.879577,-0.708440,-0.428044,-0.470573,0.305699
1403638559.12788,8.248219,7.779795,2.883976,-0.706668,-0.428339,-0.472917,0.305770
1403638559.17788,8.311036,7.786767,2.888468,-0.705030,-0.428561,-0.475067,0.305907
1403638559.22788,8.373581,7.794119,2.891183,-0.703435,-0.429949,-0.476991,0.304634
1403638559.27788,8.436265,7.802028,2.893230,-0.702267,-0.430944,-0.478365,0.303769
1403638559.32788,8.498750,7.809364,2.893232,-0.701123,-0.432048,-0.479681,0.302766
1403638559.37788,8.560472,7.817461,2.891388,-0.700021,-0.434221,-0.480994,0.300113
1403638559.42788,8.622389,7.825089,2.889246,-0.698551,-0.435758,-0.482715,0.298543
1403638559.47787,8.686378,7.835007,2.888342,-0.697757,-0.436441,-0.483607,0.297956
1403638559.52787,8.748410,7.844613,2.884018,-0.696722,-0.437237,-0.484898,0.297114
1403638559.57787,8.809177,7.856178,2.878950,-0.695641,-0.437984,-0.485926,0.296866
1403638559.62787,8.864332,7.862148,2.869462,-0.695044,-0.437810,-0.486627,0.297372
1403638559.67787,8.923387,7.873710,2.862709,-0.694611,-0.438141,-0.486879,0.297485
1403638559.72787,8.980940,7.888048,2.856557,-0.694133,-0.438472,-0.487105,0.297742
1403638559.77787,9.039636,7.901141,2.852657,-0.693768,-0.438906,-0.487170,0.297848
1403638559.82787,9.094892,7.913449,2.848237,-0.694704,-0.438519,-0.485464,0.299019
1403638559.87787,9.149930,7.926954,2.844164,-0.694500,-0.438176,-0.485952,0.299203
1403638559.92787,9.204425,7.940263,2.841322,-0.695716,-0.435979,-0.486173,0.299228
1403638559.97787,9.257424,7.953587,2.836739,-0.697952,-0.432193,-0.487086,0.298026
1403638560.02788,9.310739,7.967003,2.830655,-0.701422,-0.426366,-0.488469,0.296002
1403638560.07788,9.364811,7.981048,2.823449,-0.705561,-0.419178,-0.490797,0.292561
1403638560.12789,9.417114,7.995808,2.815011,-0.710181,-0.410332,-0.494048,0.288422
1403638560.17789,9.470406,8.009436,2.805275,-0.714923,-0.400866,-0.498292,0.282659
1403638560.22789,9.525175,8.024490,2.793648,-0.720379,-0.390479,-0.502065,0.276606
1403638560.27789,9.578402,8.037048,2.781657,-0.725254,-0.379464,-0.506925,0.270262
1403638560.32788,9.633722,8.053499,2.769296,-0.728943,-0.367395,-0.513514,0.264512
1403638560.37788,9.687648,8.066505,2.756227,-0.732573,-0.355015,-0.519894,0.258865
1403638560.42788,9.740128,8.079288,2.742156,-0.736521,-0.342532,-0.525836,0.252397
1403638560.47788,9.788488,8.088292,2.725750,-0.740083,-0.329678,-0.532047,0.246000
1403638560.52787,9.838206,8.098216,2.709211,-0.744075,-0.316749,-0.537221,0.239615
1403638560.57787,9.885885,8.106974,2.690570,-0.748744,-0.302592,-0.541091,0.234606
1403638560.62787,9.931357,8.114192,2.670208,-0.753778,-0.288507,-0.544053,0.229324
1403638560.67786,9.981362,8.120324,2.650686,-0.758652,-0.274370,-0.546421,0.224928
1403638560.72786,10.027302,8.127956,2.630849,-0.763407,-0.260732,-0.547641,0.222077
1403638560.77786,10.071165,8.131262,2.613148,-0.766934,-0.248587,-0.550121,0.217679
1403638560.82787,10.111100,8.136762,2.594455,-0.770307,-0.237360,-0.552774,0.211490
1403638560.87787,10.158206,8.139202,2.582329,-0.773013,-0.225495,-0.555717,0.206836
1403638560.92788,10.205528,8.144521,2.569379,-0.775639,-0.214416,-0.558581,0.200991
1403638560.97787,10.251098,8.142735,2.560797,-0.777009,-0.204320,-0.562773,0.194412
1403638561.02787,10.294629,8.139217,2.553698,-0.777722,-0.194345,-0.567555,0.187774
1403638561.07787,10.337324,8.133538,2.548477,-0.779247,-0.184227,-0.570716,0.181983
1403638561.12788,10.377500,8.125249,2.545070,-0.779806,-0.174853,-0.574805,0.175864
1403638561.17788,10.413872,8.114105,2.542357,-0.780315,-0.166390,-0.578148,0.170788
1403638561.22788,10.449621,8.101070,2.542333,-0.780559,-0.159127,-0.581141,0.166379
1403638561.27788,10.484327,8.086123,2.544187,-0.780359,-0.152888,-0.583841,0.163691
1403638561.32789,10.525578,8.075691,2.546096,-0.782099,-0.148968,-0.583562,0.159953
1403638561.37788,10.558763,8.058668,2.548042,-0.785136,-0.147896,-0.581187,0.154628
1403638561.42787,10.590074,8.039146,2.549092,-0.788331,-0.149100,-0.578274,0.147996
1403638561.47787,10.621236,8.019037,2.548779,-0.791179,-0.151301,-0.575510,0.141179
1403638561.52787,10.652837,7.995982,2.547186,-0.793059,-0.153802,-0.573602,0.135582
1403638561.57787,10.684891,7.976081,2.543125,-0.794800,-0.155816,-0.571569,0.131618
1403638561.62787,10.711713,7.953604,2.538965,-0.795997,-0.157447,-0.570107,0.128750
1403638561.67787,10.737043,7.929782,2.533725,-0.796517,-0.158630,-0.569281,0.127735
1403638561.72787,10.760803,7.905742,2.527292,-0.796876,-0.159867,-0.568564,0.127146
1403638561.77787,10.784229,7.881129,2.520036,-0.796651,-0.160980,-0.568652,0.126757
1403638561.82787,10.806552,7.855543,2.512159,-0.796385,-0.161840,-0.569026,0.125650
1403638561.87787,10.828194,7.830143,2.502784,-0.795994,-0.161691,-0.569940,0.124169
1403638561.92787,10.848956,7.804791,2.491389,-0.796273,-0.160699,-0.570475,0.121176
1403638561.97787,10.867963,7.778970,2.480557,-0.796786,-0.157420,-0.571168,0.118819
1403638562.02787,10.886307,7.752990,2.470284,-0.797430,-0.153311,-0.572080,0.115438
1403638562.07787,10.903824,7.726192,2.462174,-0.798311,-0.148793,-0.572860,0.111318
1403638562.12787,10.921413,7.699594,2.454783,-0.799113,-0.143539,-0.573764,0.107748
1403638562.17787,10.938061,7.673274,2.447735,-0.799904,-0.139174,-0.574505,0.103583
1403638562.22787,10.955112,7.647574,2.442073,-0.800187,-0.135366,-0.575567,0.100495
1403638562.27787,10.972906,7.622437,2.437824,-0.800693,-0.131055,-0.576455,0.097027
1403638562.32787,10.990682,7.597419,2.434112,-0.801059,-0.125533,-0.577627,0.094302
1403638562.37787,11.005681,7.571882,2.432803,-0.801279,-0.119207,-0.579200,0.090938
1403638562.42787,11.020177,7.545981,2.432350,-0.802034,-0.111683,-0.580228,0.087202
1403638562.47787,11.035476,7.520460,2.433284,-0.803213,-0.103245,-0.580775,0.083001
1403638562.52787,11.051741,7.495294,2.435121,-0.804504,-0.093847,-0.581260,0.078117
1403638562.57787,11.066446,7.470250,2.439544,-0.805081,-0.083311,-0.582676,0.073428
1403638562.62787,11.080232,7.445200,2.444320,-0.805876,-0.071499,-0.583659,0.069241
1403638562.67787,11.093350,7.419882,2.449753,-0.807367,-0.059401,-0.583478,0.064680
1403638562.72787,11.106431,7.394080,2.455856,-0.807639,-0.046784,-0.584736,0.060122
1403638562.77787,11.119250,7.367603,2.461583,-0.808369,-0.033514,-0.585064,0.055826
1403638562.82788,11.129377,7.337219,2.471154,-0.808464,-0.021527,-0.586145,0.048545
1403638562.87788,11.139045,7.308022,2.474238,-0.808908,-0.009229,-0.586345,0.042223
1403638562.92788,11.148329,7.277479,2.475826,-0.809179,0.002212,-0.586527,0.034796
1403638562.97788,11.156034,7.246547,2.475901,-0.809143,0.013092,-0.586805,0.027869
1403638563.02788,11.162824,7.214781,2.474758,-0.808707,0.024805,-0.587249,0.022713
1403638563.07788,11.168175,7.181876,2.472452,-0.808492,0.036800,-0.587047,0.019030
1403638563.12789,11.172512,7.148348,2.469265,-0.808346,0.048602,-0.586488,0.015709
1403638563.17789,11.175230,7.112984,2.465168,-0.807912,0.056029,-0.586587,0.007361
1403638563.22789,11.176223,7.076590,2.460463,-0.806160,0.064021,-0.588219,0.002411
1403638563.27789,11.176911,7.039036,2.454560,0.804562,-0.069254,0.589803,0.004031
1403638563.32789,11.175481,6.999098,2.450915,0.801283,-0.074360,0.593599,0.007571
1403638563.37789,11.174363,6.959161,2.442491,0.796676,-0.078211,0.599230,0.010629
1403638563.42789,11.171200,6.916470,2.432532,0.792537,-0.082077,0.604163,0.011627
1403638563.47789,11.166363,6.875350,2.420558,0.790614,-0.084645,0.606319,0.011889
1403638563.52790,11.160064,6.832882,2.409266,0.790357,-0.084414,0.606611,0.015248
1403638563.57790,11.151113,6.789736,2.398637,0.791297,-0.084054,0.605376,0.017394
1403638563.62790,11.141546,6.745518,2.390178,0.793140,-0.083503,0.602996,0.018749
1403638563.67790,11.129581,6.700576,2.383561,0.794918,-0.084036,0.600616,0.017420
1403638563.72789,11.110050,6.657858,2.374354,0.796060,-0.084127,0.599119,0.016339
1403638563.77789,11.094192,6.609707,2.370625,0.797233,-0.084380,0.597570,0.014457
1403638563.82789,11.076614,6.560723,2.369204,0.797477,-0.084155,0.597320,0.012534
1403638563.87789,11.057669,6.510776,2.370025,0.796935,-0.083451,0.598167,0.011295
1403638563.92789,11.037667,6.458651,2.372872,0.796949,-0.082979,0.598250,0.009182
1403638563.97789,11.015445,6.406030,2.376536,0.795953,-0.081721,0.599767,0.007746
1403638564.02790,10.990955,6.350777,2.378763,0.796638,-0.080825,0.599005,0.005304
1403638564.07789,10.965417,6.295656,2.379810,0.796715,-0.079570,0.599086,0.003183
1403638564.12789,10.938636,6.238927,2.379450,0.796595,-0.077488,0.599524,0.001996
1403638564.17790,10.910532,6.181657,2.377715,0.796802,-0.074902,0.599578,0.001398
1403638564.22790,10.881050,6.122225,2.375817,0.796027,-0.072066,0.600953,0.001574
1403638564.27790,10.849767,6.061925,2.374375,0.795336,-0.069373,0.602182,0.002226
1403638564.32790,10.819039,6.003343,2.373509,0.795231,-0.065745,0.602721,0.003545
1403638564.37790,10.784265,5.941143,2.374950,0.794166,-0.064389,0.604276,0.002082
1403638564.42790,10.748194,5.878034,2.378525,0.793372,-0.061788,0.605585,0.003236
1403638564.47790,10.710336,5.814935,2.383642,0.793011,-0.060032,0.606237,0.002747
1403638564.52789,10.669046,5.750632,2.390342,0.793447,-0.059476,0.605723,0.002056
1403638564.57789,10.626096,5.683225,2.398219,-0.794830,0.059550,-0.603903,0.000085
1403638564.62788,10.581801,5.614279,2.405133,-0.795572,0.060482,-0.602829,0.002214
1403638564.67789,10.534316,5.547436,2.410311,-0.796487,0.062490,-0.601395,0.005302
1403638564.72789,10.485157,5.479426,2.414048,-0.796847,0.063678,-0.600773,0.007189
1403638564.77788,10.434658,5.410511,2.416299,-0.797032,0.065508,-0.600305,0.009105
1403638564.82789,10.383491,5.340191,2.417045,-0.796965,0.066708,-0.600246,0.010036
1403638564.87789,10.331329,5.268602,2.414041,-0.796480,0.067900,-0.600735,0.011244
1403638564.92789,10.278162,5.196927,2.406562,-0.796051,0.069060,-0.601153,0.012172
1403638564.97789,10.223346,5.122256,2.394370,-0.795918,0.069591,-0.601251,0.013013
1403638565.02789,10.167182,5.046049,2.378307,-0.795986,0.069932,-0.601111,0.013452
1403638565.07789,10.111358,4.969287,2.358540,-0.796294,0.070259,-0.600649,0.014165
1403638565.12789,10.054903,4.891183,2.334205,-0.796646,0.070470,-0.600152,0.014362
1403638565.17789,10.001795,4.811607,2.309372,-0.797095,0.070412,-0.599558,0.014604
1403638565.22789,9.943555,4.729023,2.281312,-0.797543,0.069984,-0.599025,0.013994
1403638565.27789,9.885103,4.646284,2.252723,-0.798111,0.069591,-0.598338,0.012940
1403638565.32789,9.825634,4.562512,2.223223,-0.798491,0.069095,-0.597915,0.011670
1403638565.37789,9.767860,4.479737,2.193772,-0.799220,0.068274,-0.597062,0.010185
1403638565.42789,9.707001,4.394745,2.163501,-0.799466,0.067748,-0.596805,0.009391
1403638565.47789,9.645324,4.308403,2.134200,-0.798613,0.067235,-0.598035,0.007155
1403638565.52788,9.581707,4.223729,2.106484,-0.797535,0.065980,-0.599641,0.003827
1403638565.57788,9.518569,4.133286,2.081730,-0.796573,0.064889,-0.601049,0.000473
1403638565.62788,9.453437,4.044511,2.059344,0.796085,-0.062411,0.601939,0.004735
1403638565.67788,9.388735,3.954952,2.039035,0.796400,-0.058807,0.601797,0.011361
1403638565.72788,9.323559,3.864747,2.021043,0.797354,-0.056027,0.600670,0.016858
1403638565.77789,9.256773,3.775204,2.004087,0.799155,-0.054400,0.598311,0.020363
1403638565.82789,9.187063,3.685869,1.989754,0.800372,-0.053511,0.596668,0.022999
1403638565.87788,9.116147,3.598277,1.976449,0.801338,-0.051115,0.595386,0.027571
1403638565.92788,9.043790,3.511219,1.963537,0.802735,-0.051589,0.593396,0.028931
1403638565.97788,8.971535,3.425118,1.950161,0.803073,-0.051721,0.592873,0.030008
1403638566.02788,8.898868,3.339704,1.935140,0.803857,-0.052606,0.591749,0.029652
1403638566.07787,8.825400,3.255259,1.918426,0.804025,-0.052119,0.591465,0.031558
1403638566.12787,8.750888,3.169004,1.898172,0.803950,-0.053044,0.591562,0.030079
1403638566.17787,8.678445,3.084838,1.876660,0.804130,-0.053543,0.591302,0.029488
1403638566.22787,8.601793,3.002338,1.851458,0.803605,-0.052895,0.592026,0.030434
1403638566.27787,8.524759,2.916286,1.824501,0.803684,-0.052750,0.591946,0.030158
1403638566.32787,8.446984,2.833080,1.793665,0.804555,-0.052975,0.590759,0.029797
1403638566.37786,8.371707,2.753348,1.764158,0.804626,-0.051788,0.590738,0.030404
1403638566.42787,8.296758,2.673847,1.732868,0.804435,-0.051779,0.591048,0.029412
1403638566.47786,8.222312,2.595739,1.699738,0.804829,-0.052465,0.590565,0.027035
1403638566.52787,8.147366,2.517750,1.665648,0.804739,-0.051124,0.590792,0.027329
1403638566.57788,8.074373,2.441527,1.629296,0.807998,-0.050646,0.586420,0.026198
1403638566.62789,7.998570,2.367245,1.588588,0.811317,-0.050098,0.581913,0.025156
1403638566.67790,7.923697,2.294259,1.546368,0.817242,-0.048981,0.573656,0.025189
1403638566.72791,7.850212,2.220851,1.504072,0.823568,-0.049327,0.564578,0.023566
1403638566.77792,7.779169,2.148329,1.460215,0.828922,-0.047283,0.556841,0.024092
1403638566.82792,7.708036,2.076730,1.416056,0.833282,-0.046445,0.550389,0.023556
1403638566.87792,7.635614,2.003041,1.370499,0.836897,-0.046232,0.544950,0.022259
1403638566.92792,7.568049,1.926087,1.325638,0.839500,-0.044005,0.541085,0.023019
1403638566.97792,7.499963,1.856027,1.279394,0.840828,-0.043420,0.539104,0.022129
1403638567.02792,7.435050,1.791373,1.233016,0.839276,-0.042891,0.541566,0.021941
1403638567.07791,7.373648,1.722118,1.188648,0.832652,-0.041899,0.551765,0.022140
1403638567.12790,7.313909,1.653537,1.142955,0.826692,-0.040126,0.560702,0.024166
1403638567.17789,7.255515,1.585084,1.095997,0.820271,-0.039552,0.570083,0.024440
1403638567.22789,7.198633,1.517034,1.048548,0.815395,-0.038292,0.577041,0.026243
1403638567.27789,7.150231,1.451973,1.002047,0.811672,-0.037468,0.582256,0.027626
1403638567.32789,7.094231,1.386526,0.951378,0.809839,-0.036828,0.584748,0.029556
1403638567.37789,7.042252,1.322827,0.902651,0.809797,-0.036803,0.584760,0.030495
1403638567.42788,6.985467,1.257868,0.853358,0.809407,-0.037125,0.585209,0.031807
1403638567.47787,6.925115,1.190540,0.804404,0.810592,-0.037644,0.583507,0.032301
1403638567.52787,6.867848,1.127798,0.757813,0.811937,-0.038323,0.581530,0.033362
1403638567.57786,6.809336,1.066835,0.713567,0.814094,-0.039428,0.578418,0.033593
1403638567.62786,6.752490,1.008104,0.671761,0.815767,-0.039621,0.575934,0.035420
1403638567.67786,6.697427,0.952484,0.633670,0.817369,-0.040044,0.573531,0.036977
1403638567.72786,6.641797,0.898041,0.598598,0.818940,-0.040412,0.571188,0.038045
1403638567.77786,6.588147,0.846044,0.565403,0.820662,-0.040705,0.568622,0.039069
1403638567.82786,6.535300,0.795518,0.535000,0.822947,-0.041016,0.565223,0.039990
1403638567.87787,6.495049,0.755137,0.511578,0.824127,-0.043084,0.563464,0.038303
1403638567.92788,6.449846,0.709921,0.485786,0.824507,-0.043751,0.562898,0.037676
1403638567.97787,6.405283,0.665856,0.460977,0.825061,-0.044171,0.562005,0.038383
1403638568.02788,6.364528,0.622333,0.440843,0.825223,-0.043878,0.561756,0.038896
1403638568.07788,6.322718,0.581080,0.422222,0.824995,-0.042380,0.562021,0.041470
1403638568.12788,6.282165,0.541435,0.405678,0.824444,-0.042466,0.562798,0.041801
1403638568.17788,6.241799,0.503072,0.391333,0.824309,-0.041206,0.562950,0.043638
1403638568.22789,6.201436,0.464218,0.378598,0.823792,-0.041510,0.563653,0.044031
1403638568.27789,6.162951,0.425792,0.366392,0.824161,-0.041544,0.563057,0.044722
1403638568.32789,6.124136,0.388611,0.353581,0.823937,-0.041619,0.563360,0.044951
1403638568.37789,6.085557,0.352016,0.340196,0.824582,-0.042051,0.562390,0.044875
1403638568.42788,6.048743,0.315268,0.324537,0.825175,-0.042117,0.561502,0.045031
1403638568.47788,6.014970,0.280525,0.310272,0.825455,-0.042014,0.561077,0.045292
1403638568.52788,5.979631,0.245194,0.292393,0.825981,-0.041737,0.560283,0.045780
1403638568.57788,5.945782,0.210112,0.274020,0.826796,-0.041472,0.559062,0.046246
1403638568.62788,5.911174,0.176659,0.255522,0.827598,-0.041403,0.557870,0.046343
1403638568.67788,5.879760,0.144099,0.236371,0.828569,-0.040124,0.556419,0.047561
1403638568.72788,5.849604,0.112338,0.217830,0.828991,-0.039815,0.555770,0.048039
1403638568.77788,5.819604,0.082185,0.200197,0.829844,-0.040239,0.554533,0.047259
1403638568.82788,5.790511,0.053144,0.185437,0.828889,-0.040945,0.556002,0.046139
1403638568.87788,5.762906,0.025781,0.172081,0.829119,-0.041935,0.555645,0.045398
1403638568.92788,5.737761,-0.000804,0.160348,0.828826,-0.040382,0.556045,0.047223
1403638568.97788,5.712387,-0.026856,0.150843,0.828561,-0.040313,0.556436,0.047333
1403638569.02788,5.688931,-0.051825,0.143021,0.827944,-0.040504,0.557340,0.047323
1403638569.07788,5.672059,-0.073015,0.138170,0.828335,-0.039323,0.556708,0.048889
1403638569.12788,5.650954,-0.096002,0.133549,0.828083,-0.039324,0.557081,0.048916
1403638569.17788,5.631540,-0.117661,0.130132,0.829105,-0.039330,0.555511,0.049454
1403638569.22788,5.609895,-0.140302,0.124076,0.829598,-0.038512,0.554706,0.050843
1403638569.27789,5.594016,-0.156813,0.120144,0.830303,-0.038411,0.553593,0.051549
1403638569.32788,5.576699,-0.174691,0.114374,0.830281,-0.038389,0.553586,0.051984
1403638569.37788,5.561369,-0.191075,0.107632,0.830180,-0.038207,0.553709,0.052420
1403638569.42788,5.547398,-0.206050,0.099463,0.829304,-0.037923,0.554978,0.053066
1403638569.47788,5.536980,-0.216393,0.089139,0.828708,-0.037907,0.555869,0.053057
1403638569.52789,5.526193,-0.228272,0.079165,0.828058,-0.037749,0.556835,0.053199
1403638569.57789,5.516395,-0.238850,0.069628,0.827411,-0.037574,0.557748,0.053821
1403638569.62789,5.506934,-0.248274,0.061158,0.826614,-0.038404,0.558965,0.052844
1403638569.67789,5.500032,-0.254679,0.055398,0.826224,-0.038563,0.559516,0.052992
1403638569.72789,5.491779,-0.261036,0.050753,0.825659,-0.038114,0.560299,0.053851
1403638569.77789,5.485056,-0.266061,0.047695,0.825358,-0.037997,0.560733,0.054019
1403638569.82789,5.479955,-0.269661,0.046276,0.825012,-0.037738,0.561272,0.053905
1403638569.87789,5.475632,-0.271310,0.046775,0.824080,-0.036968,0.562563,0.055213
1403638569.92789,5.471494,-0.272737,0.047848,0.823174,-0.037133,0.563881,0.055165
1403638569.97789,5.468098,-0.273006,0.049243,0.822522,-0.037850,0.564889,0.054080
1403638570.02789,5.465535,-0.271969,0.049906,0.821939,-0.038405,0.565792,0.053116
1403638570.07789,5.469350,-0.268242,0.051951,0.821931,-0.039375,0.565854,0.051846
1403638570.12788,5.467777,-0.264749,0.049319,0.822055,-0.040747,0.565772,0.049664
1403638570.17788,5.466795,-0.260518,0.045305,0.822005,-0.042240,0.565965,0.046977
1403638570.22788,5.466256,-0.255506,0.039941,0.821508,-0.044160,0.566802,0.043704
1403638570.27788,5.466110,-0.249791,0.033150,0.821365,-0.046926,0.567095,0.039503
1403638570.32788,5.466676,-0.243888,0.025473,0.821055,-0.050532,0.567529,0.035016
1403638570.37788,5.467422,-0.238387,0.016659,0.820920,-0.054294,0.567481,0.033276
1403638570.42788,5.468424,-0.232792,0.006110,0.820475,-0.060722,0.567578,0.031437
1403638570.47787,5.469689,-0.227792,-0.005996,0.820006,-0.069875,0.567328,0.029102
1403638570.52787,5.471324,-0.223573,-0.019938,0.818683,-0.082618,0.567709,0.025272
1403638570.57787,5.473303,-0.221015,-0.035433,0.816713,-0.096853,0.568427,0.022149
1403638570.62787,5.475612,-0.220980,-0.052047,0.814308,-0.111643,0.569201,0.021170
1403638570.67787,5.477574,-0.223896,-0.069569,0.810867,-0.125841,0.571080,0.022969
1403638570.72787,5.480007,-0.228859,-0.088201,0.805753,-0.138836,0.575128,0.026725
1403638570.77787,5.480210,-0.235619,-0.106617,0.799100,-0.153058,0.580598,0.030293
1403638570.82787,5.478375,-0.244895,-0.125558,0.792596,-0.165501,0.585732,0.036318
1403638570.87787,5.476840,-0.257384,-0.144113,0.786820,-0.177166,0.589646,0.042950
1403638570.92787,5.472581,-0.272763,-0.163872,0.782277,-0.187967,0.591753,0.050404
1403638570.97787,5.465833,-0.290451,-0.184440,0.778133,-0.198287,0.593121,0.058294
1403638571.02787,5.454906,-0.313502,-0.205778,0.775059,-0.208811,0.592796,0.065380
1403638571.07787,5.445080,-0.336057,-0.227384,0.774974,-0.217292,0.588719,0.074903
1403638571.12786,5.432077,-0.361302,-0.248753,0.775860,-0.224760,0.583332,0.085140
1403638571.17787,5.415144,-0.387374,-0.267265,0.777299,-0.229743,0.577751,0.096062
1403638571.22787,5.397871,-0.415686,-0.283913,0.778098,-0.233485,0.573370,0.106275
1403638571.27787,5.377523,-0.444949,-0.298126,0.778336,-0.236271,0.570003,0.116043
1403638571.32787,5.356020,-0.476261,-0.309754,0.778390,-0.238349,0.567292,0.124412
1403638571.37787,5.334200,-0.507806,-0.319288,0.777518,-0.241592,0.566185,0.128584
1403638571.42786,5.310906,-0.540003,-0.326095,0.776096,-0.244263,0.566165,0.132166
1403638571.47786,5.286946,-0.573572,-0.330763,0.774572,-0.246222,0.566853,0.134501
1403638571.52786,5.261731,-0.607869,-0.334353,0.772990,-0.247463,0.567613,0.138072
1403638571.57785,5.234149,-0.643678,-0.338827,0.772095,-0.250334,0.566759,0.141375
1403638571.62785,5.206574,-0.678971,-0.344150,0.771552,-0.254273,0.564932,0.144585
1403638571.67785,5.178476,-0.715233,-0.351311,0.771551,-0.259685,0.561720,0.147457
1403638571.72785,5.149652,-0.752800,-0.359973,0.771204,-0.265927,0.558240,0.151315
1403638571.77785,5.120018,-0.792678,-0.369946,0.770677,-0.273039,0.554412,0.155351
1403638571.82785,5.089250,-0.831919,-0.380834,0.769467,-0.281167,0.550904,0.159283
1403638571.87786,5.057930,-0.873054,-0.392921,0.767240,-0.290604,0.548168,0.162491
1403638571.92785,5.025292,-0.913903,-0.403134,0.764184,-0.300264,0.546052,0.166406
1403638571.97785,4.992049,-0.956211,-0.411668,0.760699,-0.310319,0.544152,0.170110
1403638572.02786,4.957312,-0.998605,-0.418020,0.757236,-0.319530,0.542066,0.175097
1403638572.07785,4.921470,-1.041882,-0.422131,0.753300,-0.329236,0.540409,0.179167
1403638572.12785,4.884610,-1.085979,-0.424284,0.749436,-0.337280,0.538517,0.185975
1403638572.17785,4.847193,-1.130519,-0.425741,0.746083,-0.344205,0.535663,0.194802
1403638572.22785,4.809133,-1.176873,-0.425747,0.743556,-0.352004,0.531332,0.202248
1403638572.27785,4.769543,-1.223168,-0.425261,0.741361,-0.360660,0.526085,0.208668
1403638572.32785,4.729812,-1.270565,-0.426187,0.738828,-0.369727,0.520710,0.215164
1403638572.37785,4.689331,-1.315073,-0.423641,0.736041,-0.378822,0.515406,0.221573
1403638572.42784,4.648937,-1.363719,-0.425348,0.733590,-0.386308,0.510311,0.228462
1403638572.47784,4.606994,-1.414784,-0.427966,0.731638,-0.391785,0.505787,0.235351
1403638572.52784,4.566620,-1.465951,-0.430767,0.729768,-0.396802,0.501986,0.240826
1403638572.57784,4.526722,-1.518468,-0.433769,0.727489,-0.400293,0.499944,0.246132
1403638572.62784,4.487522,-1.572283,-0.437157,0.726270,-0.403292,0.497799,0.249167
1403638572.67783,4.448624,-1.627213,-0.439340,0.725451,-0.405609,0.495745,0.251871
1403638572.72783,4.410688,-1.683182,-0.438816,0.725829,-0.405859,0.492825,0.256074
1403638572.77783,4.375537,-1.736708,-0.433889,0.726820,-0.405379,0.489914,0.259586
1403638572.82783,4.340012,-1.793217,-0.428675,0.727999,-0.405044,0.487273,0.261765
1403638572.87783,4.304117,-1.850735,-0.420821,0.729234,-0.404688,0.484973,0.263149
1403638572.92783,4.269170,-1.909523,-0.411501,0.729881,-0.404497,0.484181,0.263104
1403638572.97783,4.238031,-1.966023,-0.401375,0.731421,-0.403671,0.482174,0.263782
1403638573.02783,4.206150,-2.024538,-0.392712,0.732412,-0.403403,0.481054,0.263487
1403638573.07783,4.174844,-2.084590,-0.385718,0.733526,-0.402468,0.480326,0.263146
1403638573.12783,4.144842,-2.145385,-0.380733,0.734658,-0.401860,0.479574,0.262289
1403638573.17783,4.116018,-2.206739,-0.376686,0.735145,-0.401260,0.479781,0.261463
1403638573.22783,4.088290,-2.267899,-0.372265,0.735628,-0.400115,0.480307,0.260893
1403638573.27783,4.061594,-2.329799,-0.367933,0.736598,-0.399275,0.480025,0.259960
1403638573.32782,4.035651,-2.392828,-0.362442,0.736724,-0.398083,0.481035,0.259562
1403638573.37782,4.016614,-2.452361,-0.358430,0.737424,-0.398382,0.479855,0.259303
1403638573.42782,3.994093,-2.515858,-0.352326,0.737814,-0.398524,0.478419,0.260624
1403638573.47782,3.977185,-2.577112,-0.346186,0.737578,-0.398521,0.477788,0.262448
1403638573.52782,3.958579,-2.643586,-0.337059,0.737672,-0.398599,0.476901,0.263676
1403638573.57782,3.939031,-2.709727,-0.324178,0.737453,-0.398797,0.476749,0.264263
1403638573.62781,3.923365,-2.775697,-0.310429,0.737295,-0.399026,0.476335,0.265101
1403638573.67781,3.907725,-2.842958,-0.295898,0.737794,-0.399365,0.474106,0.267192
1403638573.72781,3.894425,-2.910686,-0.280869,0.736598,-0.400962,0.473335,0.269458
1403638573.77781,3.883235,-2.978890,-0.263823,0.734104,-0.402709,0.473072,0.274078
1403638573.82781,3.871703,-3.049527,-0.248133,0.729356,-0.404927,0.474817,0.280396
1403638573.87781,3.862663,-3.119637,-0.233982,0.723631,-0.408137,0.476446,0.287717
1403638573.92781,3.855582,-3.189640,-0.221200,0.716632,-0.413429,0.478201,0.294685
1403638573.97781,3.858637,-3.252557,-0.212175,0.707957,-0.421361,0.481223,0.299459
1403638574.02781,3.858576,-3.320076,-0.206333,0.698032,-0.431299,0.484982,0.302531
1403638574.07780,3.855315,-3.388267,-0.199750,0.687273,-0.442527,0.488599,0.305119
1403638574.12780,3.851197,-3.455670,-0.193898,0.675982,-0.453808,0.491995,0.308297
1403638574.17780,3.845187,-3.522918,-0.189401,0.664599,-0.466065,0.494338,0.311000
1403638574.22780,3.838453,-3.588678,-0.185295,0.654315,-0.476999,0.494721,0.315588
1403638574.27780,3.829469,-3.653673,-0.181693,0.645522,-0.487897,0.492693,0.320173
1403638574.32779,3.819945,-3.716481,-0.179567,0.638167,-0.497934,0.488326,0.326103
1403638574.37779,3.808903,-3.780643,-0.180148,0.631862,-0.507526,0.482472,0.332250
1403638574.42779,3.792637,-3.849033,-0.183167,0.625913,-0.516112,0.476046,0.339472
1403638574.47779,3.778456,-3.908818,-0.182520,0.619936,-0.525307,0.469534,0.345354
1403638574.52779,3.766030,-3.965850,-0.182417,0.614343,-0.532937,0.464171,0.350866
1403638574.57780,3.750710,-4.023800,-0.180347,0.609102,-0.539222,0.460228,0.355563
1403638574.62779,3.734254,-4.081124,-0.176219,0.604597,-0.543342,0.456820,0.361327
1403638574.67779,3.716556,-4.137651,-0.171615,0.602648,-0.546154,0.451312,0.367217
1403638574.72780,3.697202,-4.189705,-0.161596,0.601580,-0.547402,0.446172,0.373341
1403638574.77780,3.677916,-4.245224,-0.152884,0.602467,-0.548592,0.439665,0.377857
1403638574.82780,3.657995,-4.298218,-0.141790,0.603657,-0.550234,0.434358,0.379701
1403638574.87780,3.642052,-4.351251,-0.135953,0.604554,-0.552950,0.430211,0.379051
1403638574.92780,3.623494,-4.403779,-0.127953,0.605876,-0.554950,0.426521,0.378186
1403638574.97780,3.604897,-4.455576,-0.120860,0.606987,-0.556158,0.423904,0.377573
1403638575.02780,3.586566,-4.508207,-0.115579,0.606702,-0.558651,0.423991,0.374237
1403638575.07781,3.570376,-4.558585,-0.112989,0.605649,-0.561419,0.425527,0.370034
1403638575.12780,3.552319,-4.611692,-0.110946,0.604163,-0.563260,0.427839,0.366986
1403638575.17780,3.534023,-4.665638,-0.111146,0.603029,-0.564641,0.430002,0.364190
1403638575.22781,3.515681,-4.719653,-0.112454,0.602030,-0.565030,0.432152,0.362692
1403638575.27780,3.496336,-4.774523,-0.114614,0.601741,-0.565437,0.433646,0.360749
1403638575.32780,3.476680,-4.830289,-0.118818,0.602656,-0.565627,0.433507,0.359088
1403638575.37780,3.454812,-4.885780,-0.121605,0.605138,-0.565494,0.431587,0.357432
1403638575.42780,3.433069,-4.941196,-0.127185,0.607750,-0.565431,0.429608,0.355479
1403638575.47780,3.410581,-4.996879,-0.133667,0.610636,-0.563973,0.427412,0.355497
1403638575.52780,3.387443,-5.052594,-0.140294,0.612463,-0.563484,0.426715,0.353962
1403638575.57781,3.363202,-5.110024,-0.146494,0.615656,-0.561608,0.424088,0.354560
1403638575.62781,3.338638,-5.168585,-0.151342,0.619235,-0.559230,0.420825,0.355972
1403638575.67781,3.313721,-5.227664,-0.153519,0.622016,-0.556543,0.418582,0.357973
1403638575.72781,3.288925,-5.286314,-0.153286,0.625472,-0.554951,0.415256,0.358297
1403638575.77781,3.264475,-5.346186,-0.152092,0.628538,-0.553697,0.411759,0.358907
1403638575.82781,3.240260,-5.407383,-0.148217,0.631345,-0.552654,0.408836,0.358929
1403638575.87782,3.217340,-5.469283,-0.140612,0.632738,-0.551767,0.407981,0.358814
1403638575.92782,3.193993,-5.534609,-0.128926,0.633138,-0.551641,0.408188,0.358065
1403638575.97782,3.171928,-5.601400,-0.115167,0.633026,-0.551032,0.408883,0.358408
1403638576.02781,3.150830,-5.668042,-0.100321,0.633468,-0.550465,0.409027,0.358333
1403638576.07781,3.129737,-5.736008,-0.083196,0.633579,-0.549718,0.409175,0.359115
1403638576.12781,3.109202,-5.805708,-0.064724,0.633114,-0.549883,0.409603,0.359196
1403638576.17781,3.088955,-5.878534,-0.045233,0.631903,-0.549348,0.411458,0.360024
1403638576.22781,3.070290,-5.951184,-0.027290,0.632157,-0.548272,0.411004,0.361734
1403638576.27781,3.052185,-6.027207,-0.011597,0.632394,-0.546831,0.410483,0.364084
1403638576.32781,3.035154,-6.101483,0.002924,0.633168,-0.545182,0.409306,0.366529
1403638576.37781,3.019275,-6.176712,0.015924,0.633925,-0.543887,0.407945,0.368656
1403638576.42782,3.004928,-6.253037,0.026865,0.635267,-0.543117,0.405788,0.369859
1403638576.47782,2.991918,-6.329006,0.036427,0.636567,-0.541363,0.403763,0.372403
1403638576.52782,2.980399,-6.405932,0.044769,0.639112,-0.539499,0.399707,0.375114
1403638576.57782,2.970784,-6.483130,0.052325,0.640721,-0.538456,0.396913,0.376831
1403638576.62782,2.963186,-6.560024,0.058593,0.641925,-0.537217,0.394919,0.378641
1403638576.67782,2.957322,-6.638002,0.063764,0.642215,-0.536236,0.394495,0.379981
1403638576.72782,2.954014,-6.717363,0.068367,0.641254,-0.534682,0.396270,0.381941
1403638576.77782,2.952677,-6.796566,0.071687,0.639890,-0.532456,0.398558,0.384944
1403638576.82782,2.953181,-6.876098,0.073577,0.637245,-0.531076,0.402626,0.387001
1403638576.87782,2.955713,-6.955406,0.073857,0.634907,-0.530554,0.406266,0.387755
1403638576.92782,2.960495,-7.034691,0.073146,0.631618,-0.531090,0.411075,0.387324
1403638576.97782,2.967498,-7.113747,0.071813,0.628518,-0.532166,0.415794,0.385850
1403638577.02782,2.975134,-7.192690,0.070320,0.626812,-0.533884,0.418424,0.383401
1403638577.07782,2.984112,-7.270740,0.070406,0.624718,-0.535439,0.421207,0.381598
1403638577.12781,2.993839,-7.348469,0.072243,0.623089,-0.536385,0.423598,0.380284
1403638577.17781,3.003910,-7.426028,0.076616,0.621941,-0.537462,0.425272,0.378771
1403638577.22781,3.014850,-7.502334,0.082264,0.621485,-0.538126,0.425752,0.378037
1403638577.27782,3.026406,-7.579214,0.089305,0.622543,-0.537174,0.424482,0.379077
1403638577.32782,3.038700,-7.655877,0.098457,0.623995,-0.535335,0.422277,0.381744
1403638577.37782,3.052304,-7.730925,0.108752,0.626897,-0.532291,0.418348,0.385553
1403638577.42782,3.065499,-7.807205,0.120563,0.628808,-0.530526,0.415813,0.387611
1403638577.47782,3.081498,-7.882137,0.133143,0.629457,-0.529036,0.414695,0.389785
1403638577.52782,3.098269,-7.956684,0.144877,0.629490,-0.529968,0.415172,0.387954
1403638577.57782,3.115975,-8.031035,0.155121,0.629450,-0.530793,0.415237,0.386819
1403638577.62782,3.135161,-8.102521,0.163582,0.628573,-0.531903,0.416703,0.385141
1403638577.67782,3.154838,-8.174817,0.169942,0.628376,-0.532911,0.417237,0.383488
1403638577.72782,3.175370,-8.246428,0.174154,0.628324,-0.533355,0.417381,0.382797
1403638577.77782,3.196189,-8.316528,0.176179,0.627840,-0.534464,0.418471,0.380851
1403638577.82782,3.219197,-8.385398,0.176677,0.627977,-0.534522,0.418473,0.380542
1403638577.87782,3.242470,-8.454438,0.175877,0.628016,-0.534178,0.418793,0.380608
1403638577.92782,3.265513,-8.522096,0.174577,0.628165,-0.533820,0.419042,0.380591
1403638577.97782,3.290105,-8.590333,0.174521,0.628552,-0.532817,0.418936,0.381472
1403638578.02782,3.315613,-8.657629,0.176061,0.628381,-0.532428,0.419586,0.381583
1403638578.07782,3.342610,-8.726128,0.179439,0.627750,-0.532773,0.421069,0.380504
1403638578.12782,3.369976,-8.794347,0.184584,0.626831,-0.533197,0.423094,0.379177
1403638578.17781,3.397779,-8.861294,0.191064,0.624724,-0.535167,0.426555,0.375990
1403638578.27781,3.454937,-9.001766,0.208707,0.619789,-0.540636,0.434076,0.367631
1403638578.32781,3.480045,-9.069450,0.217702,0.617984,-0.542178,0.436388,0.365656
1403638578.37781,3.504934,-9.136648,0.224984,0.617286,-0.542369,0.437040,0.365771
1403638578.42781,3.529675,-9.202870,0.230098,0.617216,-0.542781,0.436711,0.365672
1403638578.47781,3.553709,-9.269821,0.233688,0.616750,-0.542896,0.436893,0.366070
1403638578.52781,3.577634,-9.335702,0.236028,0.616499,-0.543463,0.436738,0.365838
1403638578.57781,3.600992,-9.399223,0.238183,0.616034,-0.543717,0.436754,0.366225
1403638578.62781,3.623310,-9.463118,0.238984,0.615453,-0.543475,0.437060,0.367195
1403638578.67781,3.644896,-9.525489,0.239009,0.615762,-0.542708,0.436220,0.368805
1403638578.72782,3.665647,-9.588016,0.238418,0.616904,-0.541350,0.434287,0.371165
1403638578.77782,3.688130,-9.646571,0.237037,0.618270,-0.539470,0.432138,0.374127
1403638578.82782,3.707476,-9.706010,0.235415,0.620512,-0.537952,0.428838,0.376392
1403638578.87782,3.729118,-9.766311,0.232498,0.620962,-0.536030,0.428019,0.379311
1403638578.92782,3.751591,-9.826101,0.229055,0.621719,-0.535268,0.426771,0.380553
1403638578.97782,3.774189,-9.886247,0.227348,0.622311,-0.534031,0.426377,0.381764
1403638579.02782,3.797946,-9.946034,0.227561,0.622783,-0.533313,0.425979,0.382441
1403638579.07782,3.823372,-10.007557,0.229728,0.622903,-0.533101,0.426168,0.382329
1403638579.12782,3.848884,-10.067336,0.234957,0.623010,-0.532408,0.426355,0.382912
1403638579.17782,3.875005,-10.125516,0.241387,0.622921,-0.532330,0.426587,0.382907
1403638579.22781,3.901583,-10.183051,0.248723,0.622872,-0.532229,0.426867,0.382815
1403638579.27781,3.928397,-10.240220,0.257084,0.621852,-0.533459,0.428606,0.380812
1403638579.32781,3.955883,-10.298097,0.266282,0.621160,-0.533962,0.429883,0.379797
1403638579.37781,3.984002,-10.354947,0.274630,0.618566,-0.537195,0.433647,0.375164
1403638579.42781,4.012429,-10.411958,0.281428,0.616372,-0.539106,0.436791,0.372376
1403638579.47781,4.040099,-10.467172,0.287139,0.614197,-0.541043,0.439870,0.369526
1403638579.52781,4.067581,-10.521004,0.291661,0.613072,-0.541380,0.442639,0.367589
1403638579.57781,4.094644,-10.574692,0.295694,0.611723,-0.538337,0.447485,0.368436
1403638579.62781,4.121278,-10.628329,0.298104,0.610888,-0.533291,0.453458,0.369854
1403638579.67781,4.148307,-10.681543,0.299879,0.612593,-0.526279,0.458542,0.370810
1403638579.72781,4.174918,-10.734038,0.300163,0.617074,-0.517367,0.462203,0.371376
1403638579.77781,4.202415,-10.785781,0.298828,0.623517,-0.507608,0.465922,0.369429
1403638579.82780,4.228291,-10.837303,0.297012,0.632986,-0.497920,0.467028,0.365088
1403638579.87779,4.254368,-10.885989,0.291715,0.644013,-0.487064,0.468189,0.358907
1403638579.92779,4.280121,-10.935019,0.286172,0.654398,-0.475641,0.471616,0.350866
1403638579.97779,4.306506,-10.982621,0.279172,0.664682,-0.462712,0.476608,0.341965
1403638580.02779,4.334051,-11.026883,0.272165,0.672810,-0.446528,0.485551,0.334932
1403638580.07779,4.361404,-11.070585,0.265768,0.680062,-0.428711,0.496188,0.327902
1403638580.12779,4.388511,-11.109893,0.258702,0.686913,-0.410633,0.507786,0.318881
1403638580.17779,4.415776,-11.148255,0.250487,0.695202,-0.392279,0.517316,0.308539
1403638580.22779,4.442780,-11.183341,0.240238,0.703800,-0.374549,0.526006,0.296136
1403638580.27778,4.469325,-11.217528,0.229281,0.713025,-0.358002,0.532540,0.282545
1403638580.32778,4.495129,-11.250406,0.217552,0.722275,-0.343658,0.537198,0.267649
1403638580.37778,4.519950,-11.279917,0.206162,0.729904,-0.332178,0.541389,0.252577
1403638580.42777,4.543843,-11.309785,0.193315,0.736618,-0.323668,0.544095,0.237893
1403638580.47777,4.566359,-11.339287,0.181363,0.741972,-0.316019,0.546101,0.226680
1403638580.52777,4.587854,-11.368192,0.170021,0.745695,-0.309628,0.548596,0.217052
1403638580.57777,4.608765,-11.396453,0.156741,0.749681,-0.302859,0.549920,0.209386
1403638580.62778,4.628231,-11.424551,0.143815,0.754483,-0.296137,0.550097,0.201129
1403638580.67778,4.646022,-11.452427,0.131665,0.760262,-0.288513,0.548711,0.194109
1403638580.72778,4.662556,-11.481306,0.119205,0.766019,-0.280888,0.546991,0.187397
1403638580.77779,4.669976,-11.499792,0.110371,0.770897,-0.273979,0.545013,0.183341
1403638580.82780,4.682983,-11.522946,0.104425,0.774592,-0.268435,0.543628,0.180050
1403638580.87780,4.694536,-11.545402,0.102134,0.778184,-0.263240,0.541534,0.178534
1403638580.92781,4.705170,-11.566676,0.104798,0.779170,-0.260471,0.542246,0.176120
1403638580.97781,4.718069,-11.589759,0.108296,0.779816,-0.259699,0.542744,0.172836
1403638581.02781,4.729915,-11.610973,0.112535,0.780482,-0.258421,0.542665,0.171992
1403638581.07782,4.741307,-11.630336,0.121562,0.780957,-0.257730,0.542404,0.171698
1403638581.12782,4.753748,-11.650351,0.130221,0.781043,-0.256490,0.542389,0.173200
1403638581.17783,4.766924,-11.671128,0.139673,0.780979,-0.256029,0.542305,0.174430
1403638581.22783,4.779029,-11.690858,0.148967,0.781281,-0.255805,0.541482,0.175961
1403638581.27783,4.790504,-11.711369,0.158966,0.781143,-0.255670,0.540881,0.178596
1403638581.32784,4.802614,-11.730261,0.167823,0.780916,-0.256339,0.540423,0.180008
1403638581.37784,4.815463,-11.749619,0.178834,0.779977,-0.256566,0.540990,0.182042
1403638581.42784,4.827588,-11.766533,0.188444,0.779122,-0.257169,0.541431,0.183537
1403638581.47784,4.841768,-11.785277,0.201726,0.777897,-0.258105,0.542263,0.184959
1403638581.52783,4.855495,-11.802085,0.215930,0.777891,-0.259305,0.541256,0.186246
1403638581.57784,4.869614,-11.819082,0.230988,0.777464,-0.259920,0.540965,0.188011
1403638581.62784,4.884450,-11.836125,0.246006,0.775612,-0.260219,0.542672,0.190314
1403638581.67783,4.899628,-11.852778,0.260216,0.773481,-0.259711,0.544897,0.193300
1403638581.72783,4.915647,-11.870263,0.272789,0.771111,-0.259830,0.547538,0.195136
1403638581.77783,4.930941,-11.886572,0.282683,0.770048,-0.261092,0.548319,0.195457
1403638581.82783,4.946373,-11.902543,0.290819,0.769505,-0.261095,0.548557,0.196916
1403638581.87783,4.963710,-11.918380,0.297659,0.767122,-0.260819,0.551465,0.198456
1403638581.92783,4.979346,-11.933706,0.303223,0.762915,-0.260185,0.556883,0.200364
1403638581.97783,4.993657,-11.947500,0.307422,0.759691,-0.258972,0.561058,0.202529
1403638582.02783,5.006702,-11.960110,0.310671,0.759533,-0.259325,0.561042,0.202711
1403638582.07784,5.018558,-11.971564,0.314804,0.761489,-0.260804,0.558247,0.201185
1403638582.12784,5.029432,-11.981420,0.319723,0.765784,-0.261883,0.552127,0.200369
1403638582.17785,5.039127,-11.990191,0.326856,0.768774,-0.264315,0.548057,0.196868
1403638582.22785,5.047825,-11.997707,0.334421,0.771741,-0.264557,0.543664,0.197117
1403638582.27784,5.055738,-12.004338,0.346438,0.771740,-0.264527,0.543690,0.197087
1403638582.32783,5.064683,-12.010194,0.361057,0.770241,-0.262867,0.545819,0.199280
1403638582.37783,5.075277,-12.015674,0.377705,0.768500,-0.262277,0.548393,0.199708
1403638582.42783,5.085332,-12.021310,0.397095,0.767768,-0.261373,0.549334,0.201119
1403638582.47783,5.095477,-12.025491,0.419608,0.767338,-0.260795,0.549911,0.201932
1403638582.52783,5.105164,-12.028916,0.445085,0.766639,-0.260477,0.550905,0.202287
1403638582.57783,5.114298,-12.031857,0.473022,0.766714,-0.259870,0.550801,0.203065
1403638582.62783,5.124511,-12.033524,0.501152,0.766489,-0.260065,0.551071,0.202934
1403638582.67783,5.135001,-12.034575,0.532970,0.767766,-0.260188,0.549275,0.202818
1403638582.72783,5.146201,-12.034936,0.566577,0.769021,-0.261091,0.547422,0.201909
1403638582.77783,5.157383,-12.034508,0.602477,0.769281,-0.262001,0.546961,0.200986
1403638582.82783,5.169287,-12.032806,0.638278,0.770312,-0.262089,0.545339,0.201331
1403638582.87783,5.181166,-12.029991,0.672999,0.770586,-0.262580,0.544705,0.201360
1403638582.92783,5.189821,-12.025840,0.705495,0.771501,-0.263352,0.543172,0.200990
1403638582.97783,5.195945,-12.019195,0.732981,0.772636,-0.264382,0.541347,0.200199
1403638583.02784,5.205870,-12.011935,0.759228,0.774080,-0.265064,0.539033,0.199961
1403638583.07784,5.215017,-12.003232,0.783558,0.775016,-0.266174,0.537392,0.199280
1403638583.12783,5.221145,-11.992678,0.802366,0.775965,-0.266395,0.535843,0.199462
1403638583.17783,5.228726,-11.981083,0.817728,0.776475,-0.266954,0.534908,0.199237
1403638583.22783,5.236289,-11.969002,0.831582,0.776852,-0.267848,0.534190,0.198491
1403638583.27783,5.244878,-11.956656,0.842294,0.776976,-0.268235,0.534014,0.197955
1403638583.32783,5.252653,-11.943060,0.849765,0.776709,-0.267660,0.534340,0.198904
1403638583.37783,5.258020,-11.928214,0.852950,0.776609,-0.267820,0.534587,0.198415
1403638583.42782,5.266580,-11.914280,0.857760,0.776962,-0.267956,0.533948,0.198570
1403638583.47782,5.275898,-11.900533,0.863884,0.777261,-0.267944,0.533525,0.198552
1403638583.52782,5.286119,-11.887215,0.873152,0.777497,-0.268089,0.533207,0.198286
1403638583.57782,5.296615,-11.873931,0.885508,0.777194,-0.267908,0.533565,0.198753
1403638583.62782,5.309709,-11.860431,0.900761,0.777394,-0.267538,0.533301,0.199179
1403638583.67782,5.322007,-11.847144,0.916835,0.777509,-0.266730,0.533039,0.200509
1403638583.72782,5.335402,-11.833304,0.934472,0.777287,-0.266864,0.533296,0.200511
1403638583.77782,5.349252,-11.820077,0.950512,0.777171,-0.266832,0.533539,0.200355
1403638583.82782,5.363744,-11.806364,0.966305,0.777106,-0.266408,0.533538,0.201172
1403638583.87782,5.379080,-11.792272,0.980343,0.776360,-0.266454,0.534606,0.201156
1403638583.92782,5.394661,-11.777692,0.992685,0.776264,-0.266495,0.534776,0.201021
1403638583.97782,5.410728,-11.762682,1.003451,0.776358,-0.266283,0.534514,0.201632
1403638584.02782,5.426733,-11.747387,1.013103,0.775586,-0.265839,0.535648,0.202182
1403638584.07783,5.443242,-11.731522,1.022124,0.772972,-0.264137,0.539294,0.204712
1403638584.12784,5.460042,-11.715089,1.030433,0.768749,-0.262416,0.545266,0.206997
1403638584.17784,5.476473,-11.697834,1.038111,0.764122,-0.260637,0.551748,0.209192
1403638584.22784,5.492739,-11.680036,1.044782,0.759173,-0.258521,0.558529,0.211820
1403638584.27784,5.508504,-11.661082,1.047966,0.755144,-0.258279,0.564118,0.211707
1403638584.32784,5.524453,-11.641151,1.050186,0.753376,-0.257112,0.566329,0.213516
1403638584.37783,5.539565,-11.619727,1.050808,0.752444,-0.257047,0.567649,0.213377
1403638584.42783,5.553673,-11.596069,1.050258,0.752454,-0.257084,0.567604,0.213415
1403638584.47783,5.566273,-11.570603,1.049152,0.752402,-0.256436,0.567688,0.214155
1403638584.52783,5.578578,-11.543193,1.047926,0.751955,-0.257394,0.568317,0.212905
1403638584.57783,5.589064,-11.514372,1.047405,0.752605,-0.256564,0.567489,0.213814
1403638584.62783,5.598861,-11.483494,1.049262,0.753162,-0.257268,0.566916,0.212524
1403638584.67783,5.607588,-11.450739,1.052659,0.754364,-0.257954,0.565388,0.211495
1403638584.72783,5.614954,-11.416072,1.057128,0.756755,-0.258564,0.562380,0.210224
1403638584.77783,5.619172,-11.381051,1.061936,0.761081,-0.260423,0.556616,0.207638
1403638584.82783,5.624445,-11.343390,1.068822,0.764613,-0.262101,0.551825,0.205326
1403638584.87783,5.628904,-11.305042,1.076631,0.768562,-0.265221,0.546392,0.201064
1403638584.92783,5.633048,-11.266664,1.083830,0.770484,-0.266433,0.543520,0.199886
1403638584.97783,5.637746,-11.227027,1.090107,0.772052,-0.267213,0.541221,0.199030
1403638585.02784,5.641780,-11.187554,1.094519,0.773117,-0.267874,0.539725,0.198066
1403638585.07784,5.646852,-11.147849,1.098336,0.773270,-0.267877,0.539292,0.198646
1403638585.12784,5.651039,-11.107992,1.099689,0.773240,-0.269086,0.539414,0.196789
1403638585.17784,5.654575,-11.067676,1.099468,0.773014,-0.269511,0.539704,0.196297
1403638585.22784,5.658103,-11.027215,1.098263,0.772074,-0.269315,0.540934,0.196879
1403638585.27785,5.661569,-10.986363,1.096340,0.771113,-0.268748,0.542344,0.197539
1403638585.32785,5.663325,-10.945206,1.093224,0.769698,-0.268288,0.544330,0.198220
1403638585.37785,5.665888,-10.904192,1.088769,0.768988,-0.268084,0.545427,0.198236
1403638585.42785,5.668404,-10.862968,1.083416,0.769082,-0.268171,0.545289,0.198133
1403638585.47784,5.667983,-10.826874,1.075791,0.769229,-0.268251,0.545064,0.198075
1403638585.52784,5.670540,-10.785963,1.072928,0.770047,-0.268079,0.543930,0.198246
1403638585.57784,5.673728,-10.744736,1.073021,0.771008,-0.268535,0.542706,0.197247
1403638585.62784,5.675924,-10.703569,1.074962,0.772046,-0.268397,0.541237,0.197410
1403638585.67784,5.677605,-10.662285,1.078555,0.773537,-0.268723,0.539052,0.197108
1403638585.72784,5.679454,-10.620567,1.083912,0.775933,-0.269550,0.535604,0.195957
1403638585.77784,5.681114,-10.579087,1.092034,0.778436,-0.271170,0.531897,0.193882
1403638585.82784,5.684254,-10.537740,1.102481,0.780464,-0.272042,0.528791,0.193002
1403638585.87784,5.688813,-10.497239,1.113713,0.782155,-0.273388,0.526195,0.191339
1403638585.92784,5.693863,-10.457063,1.127267,0.782625,-0.274961,0.525184,0.189939
1403638585.97784,5.699240,-10.417551,1.143342,0.781935,-0.275641,0.525944,0.189692
1403638586.02784,5.705692,-10.378691,1.160208,0.779818,-0.275462,0.528907,0.190425
1403638586.07784,5.711846,-10.341368,1.174488,0.777701,-0.275027,0.531703,0.191920
1403638586.12784,5.719085,-10.303245,1.188641,0.775988,-0.275138,0.533755,0.192995
1403638586.17784,5.726850,-10.265130,1.200879,0.774854,-0.274600,0.535339,0.193927
1403638586.22784,5.735263,-10.227313,1.211640,0.773631,-0.274161,0.536906,0.195096
1403638586.27784,5.742372,-10.191236,1.221000,0.772263,-0.273545,0.538716,0.196388
1403638586.32785,5.750088,-10.153801,1.228999,0.770428,-0.272389,0.541083,0.198683
1403638586.37785,5.758444,-10.116744,1.236145,0.769254,-0.269931,0.542612,0.202379
1403638586.42784,5.766678,-10.079379,1.242379,0.767994,-0.267493,0.544003,0.206624
1403638586.47784,5.775196,-10.041857,1.247424,0.767745,-0.264994,0.544080,0.210529
1403638586.52784,5.783641,-10.003068,1.250685,0.767136,-0.263336,0.544656,0.213322
1403638586.57785,5.792228,-9.963345,1.252202,0.767064,-0.263835,0.544722,0.212797
1403638586.62785,5.800553,-9.923318,1.251630,0.767635,-0.265265,0.543994,0.210810
1403638586.67785,5.808631,-9.882605,1.250001,0.767903,-0.266117,0.543544,0.209919
1403638586.72785,5.816925,-9.841238,1.246912,0.767542,-0.267894,0.544165,0.207357
1403638586.77785,5.824996,-9.799054,1.242297,0.767493,-0.268886,0.544297,0.205901
1403638586.82785,5.832694,-9.761038,1.234991,0.766658,-0.269885,0.545566,0.204342
1403638586.87785,5.839787,-9.718617,1.227409,0.766380,-0.269840,0.546186,0.203786
1403638586.92785,5.847010,-9.675489,1.218553,0.766077,-0.269472,0.546575,0.204369
1403638586.97785,5.854112,-9.631747,1.208772,0.766151,-0.269591,0.546534,0.204043
1403638587.02785,5.861562,-9.587777,1.198183,0.765933,-0.269778,0.546918,0.203585
1403638587.07785,5.868246,-9.543206,1.187607,0.765990,-0.270092,0.546793,0.203290
1403638587.12785,5.874866,-9.498610,1.178485,0.766117,-0.270348,0.546675,0.202790
1403638587.17785,5.881524,-9.453718,1.171401,0.767229,-0.270030,0.545278,0.202770
1403638587.22785,5.887742,-9.408445,1.166763,0.768445,-0.269830,0.543803,0.202390
1403638587.27785,5.894376,-9.363362,1.164056,0.768954,-0.270127,0.543120,0.201896
1403638587.32785,5.901431,-9.316516,1.162536,0.770060,-0.270301,0.541462,0.201900
1403638587.42785,5.912822,-9.222694,1.163804,0.770677,-0.271227,0.540677,0.200403
1403638587.47785,5.919708,-9.183515,1.163798,0.770688,-0.272025,0.540684,0.199256
1403638587.52785,5.926771,-9.140510,1.163314,0.770506,-0.271992,0.541047,0.199021
1403638587.57785,5.933333,-9.094938,1.162383,0.770820,-0.272814,0.540435,0.198340
1403638587.62785,5.940082,-9.049168,1.159905,0.770498,-0.273086,0.540899,0.197953
1403638587.67785,5.946801,-9.003450,1.156052,0.770455,-0.273224,0.540858,0.198040
1403638587.72785,5.953553,-8.959584,1.151070,0.770432,-0.272941,0.540993,0.198154
1403638587.77785,5.959773,-8.914320,1.144627,0.770159,-0.273475,0.541208,0.197890
1403638587.82785,5.965826,-8.868847,1.137486,0.769980,-0.274024,0.541383,0.197347
1403638587.87785,5.971447,-8.823213,1.128935,0.769780,-0.274253,0.541687,0.196973
1403638587.92785,5.976481,-8.778279,1.119267,0.769605,-0.274479,0.541827,0.196958
1403638587.97785,5.981804,-8.732866,1.108583,0.769421,-0.274646,0.542095,0.196708
1403638588.02785,5.986596,-8.687523,1.097015,0.768988,-0.274416,0.542812,0.196746
1403638588.07785,5.990620,-8.646443,1.084105,0.768996,-0.273428,0.542922,0.197784
1403638588.12785,5.994833,-8.601808,1.070521,0.769420,-0.272140,0.542181,0.199933
1403638588.17785,5.999011,-8.557384,1.056113,0.769966,-0.268995,0.541361,0.204260
1403638588.22785,6.003229,-8.512303,1.041641,0.770533,-0.267448,0.540610,0.206135
1403638588.27785,6.007527,-8.466491,1.028342,0.770833,-0.266504,0.540329,0.206970
1403638588.32785,6.012588,-8.421666,1.016693,0.771227,-0.266487,0.539851,0.206772
1403638588.37785,6.017269,-8.375640,1.007292,0.771279,-0.265728,0.539865,0.207515
1403638588.42785,6.022587,-8.328402,1.000298,0.771181,-0.266288,0.540114,0.206513
1403638588.47785,6.028021,-8.280867,0.995088,0.771219,-0.266629,0.540199,0.205709
1403638588.52785,6.032270,-8.231905,0.991442,0.770896,-0.267609,0.540710,0.204298
1403638588.57785,6.036350,-8.182825,0.990660,0.770508,-0.268118,0.541412,0.203230
1403638588.62785,6.039907,-8.132997,0.992021,0.770241,-0.268671,0.541990,0.201968
1403638588.67785,6.042936,-8.099908,0.995279,0.769741,-0.269286,0.542814,0.200840
1403638588.72785,6.046426,-8.049325,0.999803,0.768556,-0.270415,0.544499,0.199294
1403638588.77785,6.049997,-7.998703,1.004401,0.768288,-0.270412,0.544908,0.199212
1403638588.82785,6.053237,-7.948714,1.008338,0.767952,-0.270941,0.545428,0.198365
1403638588.87784,6.056435,-7.898857,1.010652,0.767707,-0.272434,0.545666,0.196608
1403638588.92784,6.059610,-7.849852,1.012040,0.767739,-0.272184,0.545638,0.196906
1403638588.97784,6.062356,-7.800303,1.011200,0.767736,-0.272468,0.545577,0.196692
1403638589.02784,6.065206,-7.750530,1.008495,0.767796,-0.272647,0.545440,0.196588
1403638589.07784,6.068136,-7.701090,1.004025,0.768034,-0.272469,0.545078,0.196912
1403638589.12784,6.071104,-7.651162,0.998673,0.768095,-0.271941,0.544932,0.197807
1403638589.17784,6.073677,-7.601478,0.992322,0.767941,-0.271535,0.545175,0.198293
1403638589.22784,6.075999,-7.552927,0.985183,0.767873,-0.271691,0.545395,0.197736
1403638589.27784,6.078963,-7.513513,0.978869,0.767024,-0.271479,0.546646,0.197868
1403638589.32784,6.080086,-7.461475,0.970420,0.767286,-0.271655,0.546216,0.197798
1403638589.37784,6.081088,-7.410578,0.963184,0.766928,-0.271146,0.546931,0.197908
1403638589.42784,6.081596,-7.359229,0.956305,0.767398,-0.271797,0.546254,0.197063
1403638589.47784,6.082185,-7.307304,0.951510,0.767782,-0.271711,0.545623,0.197434
1403638589.52784,6.082727,-7.255927,0.948216,0.767800,-0.271766,0.545827,0.196721
1403638589.57784,6.082545,-7.203574,0.947121,0.767827,-0.271985,0.545707,0.196646
1403638589.62784,6.081827,-7.151375,0.948160,0.767698,-0.271453,0.546015,0.197028
1403638589.67784,6.081902,-7.099720,0.951412,0.768416,-0.272004,0.545041,0.196167
1403638589.72784,6.081075,-7.048318,0.956184,0.769425,-0.272240,0.543484,0.196203
1403638589.77784,6.079369,-6.997733,0.962058,0.769997,-0.272342,0.542552,0.196395
1403638589.82784,6.078294,-6.947815,0.967432,0.770272,-0.273119,0.542031,0.195678
1403638589.87784,6.076244,-6.905964,0.972127,0.770535,-0.273289,0.541373,0.196226
1403638589.92784,6.074318,-6.855568,0.974121,0.770763,-0.273170,0.540922,0.196738
1403638589.97784,6.072182,-6.804985,0.974886,0.770540,-0.273754,0.541015,0.196544
1403638590.02784,6.070063,-6.754243,0.974482,0.770288,-0.274605,0.541233,0.195742
1403638590.07784,6.067484,-6.703680,0.973046,0.770475,-0.274602,0.540853,0.196059
1403638590.12784,6.065368,-6.652551,0.970962,0.769752,-0.274895,0.541626,0.196355
1403638590.17784,6.063322,-6.602189,0.967157,0.769450,-0.274872,0.541959,0.196652
1403638590.22784,6.061447,-6.553215,0.962609,0.768930,-0.275172,0.542505,0.196761
1403638590.27784,6.059321,-6.506158,0.956580,0.768704,-0.275481,0.542833,0.196308
1403638590.32784,6.057772,-6.466862,0.949906,0.768623,-0.275412,0.542817,0.196764
1403638590.37784,6.055233,-6.417251,0.942389,0.769012,-0.275972,0.542072,0.196513
1403638590.42784,6.053360,-6.366571,0.934614,0.769629,-0.275760,0.541068,0.197160
1403638590.47784,6.049942,-6.324065,0.924792,0.769599,-0.276258,0.541075,0.196560
1403638590.52784,6.046969,-6.275829,0.916642,0.769662,-0.276611,0.541000,0.196024
1403638590.57784,6.044085,-6.227546,0.910003,0.770683,-0.277019,0.539520,0.195516
1403638590.62784,6.041499,-6.179858,0.905408,0.771709,-0.277230,0.538101,0.195079
1403638590.67784,6.039006,-6.135033,0.902751,0.772367,-0.278122,0.537237,0.193580
1403638590.72784,6.036762,-6.088008,0.902852,0.772697,-0.278745,0.536699,0.192862
1403638590.77784,6.034051,-6.041299,0.904367,0.773209,-0.278654,0.536025,0.192812
1403638590.82784,6.031721,-5.995790,0.907167,0.773790,-0.278587,0.535166,0.192966
1403638590.87784,6.030297,-5.950295,0.912239,0.774086,-0.278687,0.534681,0.192978
1403638590.92784,6.026582,-5.909990,0.916346,0.774331,-0.279238,0.534412,0.191942
1403638590.97784,6.024601,-5.864357,0.925552,0.774684,-0.279535,0.533864,0.191608
1403638591.02784,6.022571,-5.818812,0.935590,0.775090,-0.280529,0.533064,0.190738
1403638591.07784,6.020469,-5.776320,0.943105,0.775552,-0.281006,0.532348,0.190161
1403638591.12784,6.019061,-5.731740,0.951126,0.777727,-0.281413,0.529057,0.189859
1403638591.17785,6.018298,-5.687550,0.956871,0.779782,-0.282272,0.525874,0.188996
1403638591.22785,6.018187,-5.644991,0.960167,0.782665,-0.283240,0.521460,0.187855
1403638591.27785,6.018934,-5.602988,0.961456,0.785616,-0.284580,0.516868,0.186197
1403638591.32785,6.020138,-5.562113,0.961759,0.788234,-0.286071,0.512794,0.184099
1403638591.37785,6.022111,-5.522830,0.961643,0.789860,-0.287219,0.510162,0.182652
1403638591.42785,6.025461,-5.485203,0.959900,0.791363,-0.288341,0.507666,0.181330
1403638591.47785,6.030114,-5.448731,0.956598,0.792571,-0.289375,0.505758,0.179731
1403638591.52785,6.034942,-5.417189,0.950646,0.793839,-0.290758,0.503527,0.178156
1403638591.57785,6.041507,-5.385575,0.944300,0.795251,-0.291691,0.501222,0.176831
1403638591.62785,6.050472,-5.356672,0.936701,0.795857,-0.292248,0.500270,0.175873
1403638591.67785,6.060060,-5.330784,0.929089,0.795537,-0.292783,0.500632,0.175405
1403638591.72784,6.071956,-5.306236,0.921672,0.794721,-0.292895,0.501765,0.175677
1403638591.77784,6.085317,-5.284080,0.914670,0.793776,-0.291689,0.503449,0.177131
1403638591.82784,6.100111,-5.264017,0.907738,0.792411,-0.291627,0.505600,0.177217
1403638591.87784,6.115960,-5.248237,0.901855,0.791561,-0.290757,0.507129,0.178078
1403638591.92784,6.133486,-5.233118,0.898231,0.789879,-0.290116,0.509956,0.178520
1403638591.97784,6.151998,-5.219890,0.896900,0.789044,-0.289918,0.511260,0.178803
1403638592.02784,6.172137,-5.209606,0.899157,0.787344,-0.289389,0.514067,0.179103
1403638592.07784,6.193584,-5.201105,0.903025,0.786615,-0.288759,0.515484,0.179253
1403638592.12784,6.216045,-5.191662,0.908968,0.785919,-0.287945,0.517014,0.179208
1403638592.17784,6.239842,-5.185031,0.917217,0.783956,-0.286756,0.521298,0.177295
1403638592.22784,6.262908,-5.201680,0.926580,0.781533,-0.284274,0.526908,0.175393
1403638592.27783,6.287654,-5.199177,0.939680,0.778742,-0.281199,0.533650,0.172355
1403638592.32784,6.312939,-5.194403,0.954133,0.777168,-0.277302,0.539102,0.168770
1403638592.37784,6.338009,-5.191397,0.970171,0.776518,-0.272207,0.544228,0.163522
1403638592.42784,6.362595,-5.187840,0.988333,0.777291,-0.265496,0.548072,0.157949
1403638592.47784,6.386098,-5.184723,1.008241,0.779402,-0.258453,0.550160,0.151851
1403638592.52784,6.408659,-5.182443,1.029512,0.783045,-0.251221,0.549522,0.147493
1403638592.57784,6.430275,-5.181072,1.052323,0.787087,-0.244523,0.547692,0.143998
1403638592.62784,6.451404,-5.180430,1.076527,0.790887,-0.238446,0.545774,0.140614
1403638592.67784,6.472332,-5.180937,1.101392,0.794766,-0.233555,0.543081,0.137336
1403638592.72784,6.493050,-5.182111,1.125569,0.798398,-0.229347,0.540198,0.134709
1403638592.77784,6.513607,-5.185109,1.148111,0.801949,-0.226273,0.536879,0.132055
1403638592.82784,6.533693,-5.189263,1.168705,0.804850,-0.224229,0.534046,0.129352
1403638592.87785,6.552730,-5.198247,1.187862,0.806983,-0.221923,0.532138,0.127899
1403638592.92785,6.573359,-5.204722,1.206231,0.808412,-0.220150,0.530837,0.127343
1403638592.97785,6.594696,-5.213635,1.223167,0.809539,-0.218372,0.529896,0.127164
1403638593.02785,6.615675,-5.223583,1.239021,0.809858,-0.217738,0.529869,0.126331
1403638593.07784,6.637179,-5.238134,1.252478,0.810233,-0.217113,0.529601,0.126124
1403638593.12784,6.661305,-5.249870,1.266991,0.809878,-0.216685,0.530366,0.125930
1403638593.17784,6.686413,-5.263091,1.283010,0.808528,-0.216180,0.532534,0.126317
1403638593.22784,6.712182,-5.277738,1.300422,0.806485,-0.214628,0.535577,0.129130
1403638593.27784,6.738125,-5.293856,1.318632,0.805304,-0.212305,0.537279,0.133205
1403638593.32784,6.766438,-5.310033,1.339158,0.804001,-0.209793,0.539157,0.137401
1403638593.37784,6.794030,-5.327111,1.360053,0.802054,-0.206998,0.541863,0.142290
1403638593.42784,6.821696,-5.342550,1.380736,0.799576,-0.204012,0.545182,0.147758
1403638593.47784,6.848870,-5.360314,1.398517,0.797529,-0.202795,0.547846,0.150621
1403638593.52784,6.877497,-5.374440,1.415935,0.795875,-0.201914,0.549824,0.153321
1403638593.57785,6.906363,-5.388019,1.431549,0.794687,-0.201331,0.551183,0.155353
1403638593.62785,6.935331,-5.400301,1.445630,0.793899,-0.201562,0.551894,0.156557
1403638593.67785,6.963862,-5.413765,1.456334,0.793414,-0.200865,0.552383,0.158178
1403638593.72785,6.992528,-5.423616,1.468038,0.791919,-0.201117,0.554291,0.158676
1403638593.77785,7.021031,-5.432903,1.478157,0.790051,-0.201012,0.556719,0.159617
1403638593.82785,7.048790,-5.441248,1.488478,0.785541,-0.201805,0.563236,0.158002
1403638593.87785,7.074940,-5.448631,1.499918,0.779621,-0.200719,0.572410,0.155725
1403638593.92786,7.099849,-5.454847,1.512185,0.776436,-0.199174,0.578034,0.152821
1403638593.97786,7.123748,-5.459021,1.525003,0.776318,-0.197432,0.579708,0.149297
1403638594.02786,7.146574,-5.461726,1.539169,0.778961,-0.196409,0.577615,0.144928
1403638594.07785,7.166836,-5.464785,1.555599,0.781898,-0.195504,0.574945,0.140897
1403638594.12785,7.186371,-5.465838,1.573436,0.784956,-0.193612,0.571829,0.139178
1403638594.17785,7.204630,-5.466650,1.591429,0.788079,-0.191026,0.568531,0.138611
1403638594.22785,7.222136,-5.467248,1.609220,0.789910,-0.188780,0.566673,0.138876
1403638594.27786,7.237823,-5.468401,1.625887,0.790581,-0.186292,0.566527,0.139015
1403638594.32786,7.252819,-5.469392,1.641134,0.790267,-0.184425,0.567524,0.139217
1403638594.37787,7.267786,-5.468402,1.657707,0.789713,-0.181275,0.568725,0.141581
1403638594.42787,7.281356,-5.467023,1.674955,0.789058,-0.177974,0.570128,0.143759
1403638594.47787,7.294211,-5.464657,1.692907,0.788514,-0.175759,0.571155,0.145381
1403638594.52787,7.306724,-5.460298,1.712805,0.788754,-0.176670,0.571319,0.142301
1403638594.57787,7.317500,-5.454675,1.734800,0.788724,-0.177601,0.571688,0.139803
1403638594.62787,7.328528,-5.447796,1.758699,0.789173,-0.179110,0.571387,0.136535
1403638594.67787,7.337707,-5.441416,1.782742,0.789213,-0.180778,0.571375,0.134139
1403638594.72787,7.346520,-5.434698,1.805728,0.789593,-0.181996,0.570799,0.132695
1403638594.77787,7.354454,-5.427498,1.826997,0.789865,-0.182710,0.570375,0.131919
1403638594.82787,7.362114,-5.419486,1.846531,0.789859,-0.183643,0.570268,0.131123
1403638594.87786,7.368337,-5.410823,1.864542,0.789883,-0.184290,0.570152,0.130572
1403638594.92786,7.372139,-5.402147,1.880514,0.790638,-0.184532,0.568964,0.130843
1403638594.97786,7.376869,-5.392867,1.894689,0.791662,-0.184650,0.567354,0.131475
1403638595.02786,7.380580,-5.383025,1.907175,0.792093,-0.186019,0.566661,0.129927
1403638595.07786,7.383023,-5.372026,1.918640,0.792754,-0.186317,0.565635,0.129942
1403638595.12786,7.385542,-5.361900,1.927831,0.792926,-0.187075,0.565225,0.129587
1403638595.17786,7.388049,-5.351481,1.935620,0.793174,-0.187428,0.564727,0.129727
1403638595.22786,7.390460,-5.340880,1.941669,0.793347,-0.187325,0.564378,0.130338
1403638595.27786,7.392554,-5.330251,1.946605,0.793580,-0.187598,0.563985,0.130228
1403638595.32786,7.393876,-5.319383,1.949849,0.793402,-0.187455,0.564177,0.130685
1403638595.37786,7.394631,-5.308563,1.951570,0.793235,-0.188214,0.564325,0.129967
1403638595.42786,7.394894,-5.297748,1.952027,0.793198,-0.188180,0.564325,0.130240
1403638595.47786,7.395075,-5.286905,1.951174,0.793551,-0.188319,0.563837,0.130002
1403638595.52786,7.394547,-5.276305,1.949300,0.793783,-0.188072,0.563554,0.130170
1403638595.57786,7.393659,-5.265628,1.947417,0.794353,-0.187896,0.562852,0.129986
1403638595.62786,7.392783,-5.254912,1.947373,0.794429,-0.187238,0.562810,0.130648
1403638595.67786,7.391428,-5.243941,1.949185,0.794460,-0.186069,0.562766,0.132313
1403638595.72786,7.389903,-5.232679,1.951745,0.795061,-0.184099,0.561988,0.134741
1403638595.77786,7.388192,-5.220590,1.955358,0.795511,-0.182998,0.561284,0.136508
1403638595.82786,7.386397,-5.208340,1.957643,0.795918,-0.182412,0.560670,0.137442
1403638595.87786,7.384764,-5.195789,1.957824,0.795928,-0.182234,0.560634,0.137765
1403638595.92786,7.382992,-5.183082,1.953933,0.795677,-0.181748,0.560922,0.138681
1403638595.97786,7.381483,-5.170081,1.946607,0.795685,-0.180701,0.560881,0.140162
1403638596.02786,7.380357,-5.156879,1.937089,0.795534,-0.179005,0.561001,0.142692
1403638596.07786,7.379093,-5.143115,1.925849,0.796537,-0.175785,0.559330,0.147577
1403638596.12786,7.378217,-5.128336,1.914967,0.796869,-0.172115,0.558587,0.152832
1403638596.17786,7.377419,-5.112228,1.905137,0.798153,-0.167863,0.556385,0.158774
1403638596.22786,7.376552,-5.094255,1.897162,0.799094,-0.163468,0.554669,0.164528
1403638596.27786,7.376488,-5.074290,1.891273,0.800051,-0.159206,0.552752,0.170400
1403638596.32786,7.377461,-5.052271,1.887327,0.800421,-0.155315,0.551791,0.175301
1403638596.37787,7.379493,-5.027673,1.886021,0.800372,-0.151632,0.551467,0.179714
1403638596.42787,7.382206,-5.000228,1.886947,0.800478,-0.149797,0.551065,0.181999
1403638596.47787,7.386125,-4.969579,1.889548,0.800129,-0.146810,0.551280,0.185286
1403638596.52787,7.391742,-4.935792,1.894573,0.800380,-0.144097,0.550505,0.188605
1403638596.57787,7.399088,-4.898521,1.902048,0.800986,-0.141280,0.549150,0.192085
1403638596.62787,7.407950,-4.857604,1.912138,0.801004,-0.138258,0.548581,0.195796
1403638596.67787,7.417702,-4.812958,1.924097,0.801383,-0.135204,0.547397,0.199654
1403638596.72787,7.429098,-4.765165,1.937657,0.801745,-0.133279,0.546496,0.201950
1403638596.77787,7.442566,-4.711120,1.953750,0.801557,-0.131739,0.546565,0.203515
1403638596.82787,7.456571,-4.652389,1.971628,0.801433,-0.129722,0.546311,0.205964
1403638596.87787,7.471404,-4.590213,1.990651,0.800933,-0.128713,0.546862,0.207080
1403638596.92787,7.488582,-4.523284,2.010551,0.800453,-0.127696,0.547330,0.208325
1403638596.97787,7.506621,-4.453041,2.029532,0.799689,-0.127697,0.548236,0.208874
1403638597.02787,7.526193,-4.379048,2.046257,0.799420,-0.127507,0.548244,0.209993
1403638597.07787,7.546425,-4.301027,2.061967,0.798833,-0.126459,0.548709,0.211642
1403638597.12787,7.567768,-4.219308,2.076154,0.797834,-0.126332,0.549793,0.212671
1403638597.17787,7.590370,-4.133456,2.088778,0.797024,-0.126051,0.550527,0.213973
1403638597.22787,7.614066,-4.043465,2.099349,0.795652,-0.127424,0.552522,0.213123
1403638597.27787,7.638798,-3.949071,2.108607,0.794316,-0.128933,0.554697,0.211542
1403638597.32787,7.662301,-3.850332,2.116341,0.793457,-0.130957,0.556202,0.209560
1403638597.37787,7.687555,-3.748002,2.122392,0.792435,-0.133715,0.558023,0.206826
1403638597.42787,7.712065,-3.642543,2.126909,0.791216,-0.136523,0.560298,0.203480
1403638597.47787,7.734987,-3.535798,2.128906,0.789016,-0.140538,0.564306,0.198148
1403638597.52787,7.761291,-3.423097,2.131136,0.786480,-0.145285,0.568862,0.191671
1403638597.57787,7.788154,-3.307540,2.131997,0.784244,-0.149866,0.572751,0.185626
1403638597.62787,7.813850,-3.190503,2.131997,0.782928,-0.152517,0.574798,0.182673
1403638597.67787,7.839728,-3.071110,2.130724,0.781864,-0.153801,0.576339,0.181295
1403638597.72787,7.861365,-2.952199,2.126954,0.782108,-0.153064,0.575906,0.182240
1403638597.77787,7.882202,-2.831822,2.120817,0.783758,-0.148729,0.573812,0.185320
1403638597.82787,7.905340,-2.707389,2.114849,0.784984,-0.143416,0.572854,0.187272
1403638597.87787,7.928077,-2.580206,2.107531,0.786620,-0.137444,0.571369,0.189409
1403638597.92787,7.950111,-2.450736,2.099375,0.787964,-0.132171,0.570162,0.191204
1403638597.97787,7.972546,-2.318481,2.091516,0.788476,-0.128288,0.570602,0.190423
1403638598.02787,7.995516,-2.183026,2.085034,0.789145,-0.125628,0.570807,0.188804
1403638598.07788,8.020616,-2.048710,2.078519,0.788775,-0.125698,0.573018,0.183536
1403638598.12788,8.043620,-1.906626,2.076158,0.789567,-0.129512,0.574254,0.173327
1403638598.17788,8.065852,-1.761860,2.074937,0.790118,-0.134841,0.575592,0.161940
1403638598.22788,8.086681,-1.616062,2.075217,0.790292,-0.139127,0.576897,0.152551
1403638598.27787,8.106965,-1.468877,2.075527,0.791871,-0.143255,0.575801,0.144470
1403638598.32787,8.126268,-1.322042,2.076082,0.792606,-0.146400,0.575570,0.138067
1403638598.37787,8.145101,-1.175013,2.074318,0.793539,-0.148485,0.574829,0.133490
1403638598.42787,8.162626,-1.028745,2.071125,0.794455,-0.149894,0.573810,0.130824
1403638598.47787,8.179379,-0.882916,2.066549,0.795753,-0.150222,0.572301,0.129163
1403638598.52787,8.196587,-0.737516,2.060009,0.796054,-0.149682,0.572529,0.126900
1403638598.57787,8.213418,-0.592963,2.050538,0.797777,-0.148176,0.571125,0.124146
1403638598.62787,8.230136,-0.449307,2.039408,0.799405,-0.144655,0.570201,0.122056
1403638598.67787,8.248373,-0.310569,2.026798,0.800317,-0.139644,0.570663,0.119732
1403638598.72787,8.265381,-0.169949,2.015713,0.801540,-0.134423,0.570987,0.115925
1403638598.77786,8.281709,-0.031792,2.005083,0.802814,-0.128849,0.571401,0.111298
1403638598.82786,8.298273,0.108487,1.997275,0.803059,-0.121768,0.573406,0.107113
1403638598.87786,8.314543,0.244600,1.990479,0.804253,-0.114455,0.574149,0.102124
1403638598.92786,8.329340,0.384317,1.985278,0.806052,-0.106339,0.573926,0.097883
1403638598.97786,8.343242,0.523071,1.980305,0.807159,-0.098206,0.574750,0.092262
1403638599.02786,8.357554,0.663927,1.976822,0.808306,-0.090841,0.575412,0.085381
1403638599.07786,8.370895,0.804472,1.976230,0.808991,-0.081633,0.576559,0.080303
1403638599.12785,8.383591,0.942646,1.977181,0.810014,-0.072789,0.577065,0.074666
1403638599.17785,8.395182,1.081195,1.979084,0.810743,-0.064087,0.577850,0.068401
1403638599.22785,8.405793,1.214462,1.981867,0.812092,-0.054393,0.577535,0.063256
1403638599.27786,8.415311,1.351184,1.986457,0.813180,-0.045167,0.577404,0.057467
1403638599.32786,8.423851,1.488965,1.993527,0.814653,-0.036491,0.576629,0.050087
1403638599.37786,8.432543,1.624853,2.001325,0.816814,-0.027992,0.574461,0.044999
1403638599.42786,8.439776,1.763749,2.011424,0.817971,-0.020239,0.573456,0.040772
1403638599.47786,8.448596,1.902828,2.021074,0.819261,-0.014689,0.572102,0.035980
1403638599.52786,8.457268,2.035890,2.029247,0.820478,-0.009141,0.570604,0.033812
1403638599.57787,8.466015,2.174314,2.035736,0.821775,-0.006124,0.568963,0.030472
1403638599.62787,8.475398,2.312792,2.039754,0.822263,-0.003905,0.568409,0.027935
1403638599.67787,8.483496,2.448529,2.041939,0.823323,-0.001465,0.566936,0.026860
1403638599.72787,8.492313,2.582563,2.041432,0.823547,-0.000700,0.566664,0.025739
1403638599.77787,8.502435,2.715350,2.039320,0.823471,-0.000281,0.566779,0.025633
1403638599.82787,8.513543,2.843638,2.035219,0.824187,-0.001490,0.565780,0.024635
1403638599.87787,8.524709,2.972850,2.030056,0.824757,-0.002601,0.564987,0.023653
1403638599.92787,8.536224,3.101964,2.024332,0.825330,-0.005206,0.564208,0.021757
1403638599.97787,8.548613,3.231112,2.018016,0.824871,-0.008069,0.564915,0.019841
1403638600.02787,8.559858,3.360077,2.011624,0.824545,-0.011672,0.565429,0.016698
1403638600.07787,8.570521,3.488412,2.005750,0.825860,-0.015795,0.563499,0.013218
1403638600.12787,8.583978,3.616503,1.999045,0.826388,-0.021159,0.562644,0.008144
1403638600.17787,8.597392,3.742587,1.990662,0.827376,-0.027561,0.560972,0.000985
1403638600.22787,8.610883,3.867999,1.981592,-0.828874,0.032918,-0.558452,0.003967
1403638600.27787,8.624270,3.990495,1.971151,-0.829267,0.038236,-0.557468,0.009120
1403638600.32787,8.640439,4.108657,1.959777,-0.830302,0.042546,-0.555535,0.012989
1403638600.37787,8.657233,4.228717,1.949734,-0.830523,0.046843,-0.554758,0.016779
1403638600.42787,8.674275,4.344839,1.940654,-0.831312,0.050883,-0.553075,0.020967
1403638600.47787,8.692184,4.455090,1.934083,-0.831557,0.053306,-0.552394,0.023073
1403638600.52787,8.711508,4.563424,1.929373,-0.831955,0.053697,-0.551790,0.022249
1403638600.57787,8.731977,4.668250,1.926764,-0.832083,0.053954,-0.551619,0.021043
1403638600.62788,8.753103,4.766320,1.925728,-0.833247,0.055101,-0.549711,0.021945
1403638600.67788,8.775962,4.861104,1.926712,-0.833517,0.056988,-0.549025,0.023927
1403638600.72788,8.800945,4.953584,1.929518,-0.835421,0.056369,-0.546246,0.022593
1403638600.77788,8.828337,5.036597,1.932281,-0.837297,0.056914,-0.543265,0.023627
1403638600.82788,8.855283,5.115557,1.936194,-0.839546,0.053310,-0.540327,0.019161
1403638600.87789,8.883129,5.191132,1.943620,-0.841318,0.048116,-0.538244,0.012735
1403638600.92789,8.911042,5.258567,1.952023,-0.843129,0.040953,-0.536136,0.003758
1403638600.97789,8.940983,5.327716,1.956956,0.843731,-0.034651,0.535633,0.003893
1403638601.02789,8.969973,5.386323,1.964260,0.844325,-0.029739,0.534920,0.009519
1403638601.07790,9.001979,5.459929,1.969109,0.844332,-0.026561,0.535008,0.012850
1403638601.12790,9.036528,5.530525,1.972803,0.843269,-0.023977,0.536715,0.016095
1403638601.17790,9.071811,5.596180,1.977937,0.843098,-0.020109,0.536986,0.020660
1403638601.22790,9.110043,5.665879,1.979754,0.840508,-0.016571,0.540978,0.024798
1403638601.27790,9.151132,5.736797,1.979932,0.836854,-0.012467,0.546451,0.030191
1403638601.32790,9.194089,5.800194,1.979615,0.833322,-0.009818,0.551813,0.031299
1403638601.37790,9.237907,5.862457,1.984614,0.831989,-0.008505,0.554049,0.027426
1403638601.42790,9.284226,5.931602,1.986139,0.829124,-0.007223,0.558629,0.020843
1403638601.47790,9.329396,6.004165,1.989477,0.827744,-0.003766,0.560908,0.014430
1403638601.52790,9.375326,6.076113,1.992809,0.825191,0.002459,0.564774,0.009170
1403638601.57790,9.421733,6.148938,1.996833,0.823244,0.010603,0.567576,0.003765
1403638601.62790,9.467714,6.222397,2.002761,-0.822306,-0.019499,-0.568709,0.001865
1403638601.67790,9.514142,6.296057,2.010309,-0.821072,-0.030707,-0.569950,0.007379
1403638601.72790,9.559317,6.370901,2.020689,-0.820373,-0.042566,-0.570070,0.014022
1403638601.77790,9.605298,6.443480,2.031853,-0.818734,-0.056224,-0.571065,0.019924
1403638601.82789,9.649939,6.516961,2.046166,-0.816780,-0.070317,-0.571988,0.027508
1403638601.87789,9.693436,6.590744,2.060837,-0.814341,-0.085347,-0.573086,0.033724
1403638601.92789,9.737388,6.664092,2.076000,-0.813007,-0.098031,-0.572432,0.041616
1403638601.97790,9.779872,6.736372,2.090830,-0.811737,-0.108824,-0.571736,0.048567
1403638602.02790,9.821548,6.811308,2.104819,-0.811215,-0.118225,-0.570045,0.054786
1403638602.07790,9.862909,6.884766,2.117142,-0.810495,-0.125773,-0.568910,0.060178
1403638602.12790,9.901349,6.959294,2.128453,-0.808557,-0.133639,-0.569555,0.063118
1403638602.17791,9.942877,7.033948,2.136744,-0.806148,-0.141522,-0.570727,0.066090
1403638602.22791,9.981154,7.111154,2.144478,-0.802757,-0.150572,-0.572884,0.068652
1403638602.27791,10.018580,7.179466,2.147430,-0.799501,-0.159198,-0.574483,0.073645
1403638602.32791,10.055392,7.256414,2.151947,-0.794579,-0.166988,-0.577967,0.081937
1403638602.37791,10.089175,7.334528,2.157478,-0.788737,-0.171995,-0.582327,0.095955
1403638602.42790,10.122240,7.409477,2.165445,-0.779047,-0.175212,-0.591141,0.113752
1403638602.47789,10.152376,7.485990,2.176199,-0.766935,-0.178909,-0.602317,0.130445
1403638602.52789,10.177267,7.558093,2.189465,-0.755614,-0.181120,-0.611617,0.148889
1403638602.57789,10.198433,7.630628,2.204758,-0.745418,-0.184335,-0.618892,0.165362
1403638602.62789,10.217401,7.701231,2.221633,-0.738868,-0.189712,-0.621623,0.177958
1403638602.67789,10.225014,7.762604,2.239577,-0.735400,-0.198045,-0.620752,0.186098
1403638602.72789,10.232361,7.823247,2.259348,-0.733006,-0.206887,-0.618468,0.193383
1403638602.77790,10.235943,7.879983,2.281215,-0.731485,-0.217791,-0.615262,0.197356
1403638602.82790,10.232278,7.929065,2.304591,-0.729751,-0.228206,-0.612027,0.202012
1403638602.87790,10.228696,7.978470,2.328012,-0.728531,-0.237426,-0.607683,0.208789
1403638602.92790,10.218909,8.021237,2.352263,-0.728574,-0.246279,-0.601336,0.216614
1403638602.97790,10.205502,8.059407,2.376771,-0.728956,-0.252705,-0.593638,0.228817
1403638603.02790,10.189624,8.095977,2.403883,-0.727412,-0.259833,-0.588416,0.239008
1403638603.07791,10.173590,8.130505,2.427092,-0.724237,-0.267323,-0.585306,0.247862
1403638603.12791,10.153716,8.158899,2.449576,-0.719891,-0.273981,-0.584008,0.256174
1403638603.17791,10.135571,8.183461,2.468181,-0.717231,-0.281720,-0.581793,0.260251
1403638603.22791,10.111998,8.203059,2.484696,-0.719614,-0.289916,-0.574374,0.261150
1403638603.27791,10.084845,8.210026,2.498445,-0.724872,-0.298639,-0.564143,0.259071
1403638603.32790,10.057321,8.220960,2.508916,-0.731779,-0.306324,-0.552413,0.255940
1403638603.37790,10.030182,8.230390,2.517272,-0.737776,-0.312771,-0.542126,0.252903
1403638603.42790,10.004111,8.239661,2.524850,-0.742815,-0.317275,-0.533485,0.250912
1403638603.47790,9.978475,8.247900,2.531704,-0.746178,-0.319863,-0.527704,0.249870
1403638603.52792,9.953258,8.252697,2.536404,-0.746362,-0.322644,-0.525985,0.249369
1403638603.57792,9.928924,8.261503,2.540473,-0.743914,-0.324420,-0.527405,0.251372
1403638603.62793,9.905039,8.269176,2.543608,-0.740210,-0.325332,-0.530893,0.253772
1403638603.67794,9.881556,8.277650,2.544139,-0.736028,-0.327329,-0.535572,0.253538
1403638603.72794,9.857975,8.283189,2.541809,-0.731769,-0.330773,-0.540621,0.250664
1403638603.77794,9.833105,8.288587,2.539418,-0.727284,-0.334059,-0.546229,0.247177
1403638603.82794,9.806292,8.294178,2.535521,-0.723684,-0.336687,-0.550659,0.244332
1403638603.87794,9.781427,8.298936,2.527885,-0.719486,-0.339416,-0.556179,0.240422
1403638603.92794,9.753706,8.301005,2.518321,-0.716424,-0.341589,-0.560166,0.237209
1403638603.97794,9.723579,8.303144,2.508494,-0.712612,-0.342609,-0.565171,0.235339
1403638604.02794,9.690326,8.303423,2.496948,-0.711282,-0.344485,-0.567214,0.231684
1403638604.07794,9.654417,8.303033,2.485725,-0.709073,-0.345548,-0.570287,0.229313
1403638604.12794,9.619088,8.301732,2.474418,-0.708159,-0.346397,-0.571438,0.227990
1403638604.17794,9.578290,8.301539,2.466893,-0.708430,-0.346555,-0.570934,0.228170
1403638604.22795,9.533966,8.299568,2.462039,-0.709502,-0.344823,-0.569458,0.231132
1403638604.27795,9.486043,8.298638,2.460809,-0.712352,-0.342631,-0.565770,0.234655
1403638604.32795,9.436309,8.296681,2.460468,-0.715932,-0.340600,-0.561006,0.238130
1403638604.37795,9.383990,8.293482,2.461885,-0.720035,-0.339264,-0.555636,0.240243
1403638604.42795,9.330034,8.289400,2.464930,-0.724109,-0.338960,-0.550334,0.240635
1403638604.47795,9.275019,8.286912,2.471723,-0.727972,-0.340579,-0.545217,0.238328
1403638604.52795,9.219754,8.283124,2.479499,-0.731511,-0.340633,-0.540573,0.237995
1403638604.57795,9.163358,8.278815,2.486300,-0.732722,-0.341596,-0.538999,0.236456
1403638604.62795,9.106470,8.274799,2.491617,-0.734727,-0.341204,-0.536223,0.237110
1403638604.67795,9.048913,8.270607,2.495631,-0.736016,-0.339724,-0.534467,0.239192
1403638604.72795,8.993080,8.265373,2.497063,-0.737387,-0.338253,-0.532555,0.241311
1403638604.77795,8.935910,8.257813,2.497428,-0.738058,-0.336828,-0.531651,0.243237
1403638604.82795,8.876965,8.249904,2.499475,-0.739718,-0.335736,-0.529402,0.244607
1403638604.87795,8.823158,8.241133,2.498410,-0.741267,-0.336034,-0.527174,0.244319
1403638604.92795,8.766284,8.231693,2.499431,-0.743878,-0.336633,-0.523629,0.243180
1403638604.97795,8.709028,8.221900,2.501655,-0.747392,-0.337490,-0.518691,0.241796
1403638605.02795,8.652414,8.211886,2.505753,-0.751165,-0.338381,-0.513254,0.240456
1403638605.07795,8.596249,8.201886,2.512136,-0.753936,-0.339168,-0.509249,0.239189
1403638605.12795,8.541552,8.192239,2.520512,-0.756651,-0.340114,-0.505250,0.237749
1403638605.17795,8.488110,8.183265,2.530431,-0.757998,-0.340977,-0.503172,0.236625
1403638605.22795,8.436247,8.175685,2.541240,-0.758587,-0.342134,-0.502404,0.234695
1403638605.27794,8.385480,8.169033,2.550865,-0.758887,-0.343604,-0.501866,0.232715
1403638605.32794,8.337863,8.161801,2.558612,-0.757624,-0.345489,-0.503794,0.229859
1403638605.37793,8.289789,8.156720,2.565820,-0.754274,-0.347965,-0.508636,0.226452
1403638605.42793,8.242677,8.152285,2.571471,-0.750084,-0.350758,-0.514510,0.222760
1403638605.47792,8.200296,8.146580,2.574179,-0.744330,-0.353658,-0.522510,0.218821
1403638605.52792,8.154155,8.144346,2.577147,-0.739969,-0.355557,-0.528455,0.216242
1403638605.57792,8.106642,8.143237,2.578985,-0.736051,-0.358021,-0.533534,0.213051
1403638605.62792,8.058783,8.142609,2.579148,-0.732615,-0.360206,-0.538061,0.209801
1403638605.67793,8.009109,8.143460,2.578869,-0.730331,-0.361425,-0.540885,0.208404
1403638605.72793,7.960893,8.144346,2.578269,-0.729407,-0.362394,-0.542087,0.206827
1403638605.77793,7.907927,8.147843,2.580844,-0.729468,-0.362548,-0.541937,0.206734
1403638605.82793,7.853112,8.152554,2.586164,-0.729958,-0.363274,-0.541302,0.205390
1403638605.87793,7.796535,8.159287,2.593358,-0.729433,-0.364195,-0.541933,0.203954
1403638605.92793,7.739350,8.168339,2.602238,-0.729400,-0.364820,-0.542086,0.202547
1403638605.97793,7.680639,8.179193,2.612211,-0.728719,-0.366123,-0.543104,0.199900
1403638606.02793,7.619838,8.191324,2.621599,-0.728718,-0.366553,-0.543327,0.198505
1403638606.07793,7.558817,8.204841,2.628927,-0.728863,-0.366843,-0.543380,0.197290
1403638606.12794,7.493901,8.219783,2.634959,-0.728788,-0.367425,-0.543689,0.195623
1403638606.17794,7.427881,8.235628,2.638994,-0.728641,-0.368400,-0.543856,0.193866
1403638606.22794,7.358993,8.252464,2.641682,-0.728946,-0.368880,-0.543581,0.192578
1403638606.27794,7.288364,8.271363,2.642297,-0.729798,-0.368771,-0.542776,0.191824
1403638606.32793,7.220459,8.293505,2.638947,-0.732863,-0.366795,-0.539263,0.193828
1403638606.37793,7.147845,8.316436,2.635033,-0.738287,-0.363765,-0.532572,0.197418
1403638606.42793,7.074400,8.341045,2.629993,-0.742950,-0.360762,-0.526722,0.201098
1403638606.47793,7.000447,8.367262,2.623200,-0.748403,-0.356917,-0.519783,0.205740
1403638606.52793,6.926568,8.395397,2.615325,-0.753341,-0.353607,-0.513164,0.210004
1403638606.57793,6.852827,8.424739,2.606658,-0.756925,-0.352105,-0.507727,0.212838
1403638606.62793,6.779625,8.455354,2.596836,-0.759384,-0.352078,-0.502805,0.215787
1403638606.67793,6.709679,8.487596,2.585912,-0.760162,-0.354121,-0.499034,0.218442
1403638606.72793,6.640285,8.522011,2.573775,-0.761055,-0.358456,-0.493849,0.220040
1403638606.77794,6.570728,8.558994,2.562420,-0.760334,-0.363256,-0.489935,0.223385
1403638606.82794,6.503535,8.597151,2.548815,-0.758923,-0.369561,-0.485819,0.226806
1403638606.87794,6.436666,8.636932,2.536622,-0.756987,-0.375968,-0.481422,0.232058
1403638606.92794,6.374015,8.678634,2.524924,-0.753343,-0.384054,-0.478494,0.236685
1403638606.97794,6.312549,8.721667,2.515628,-0.750050,-0.391614,-0.474295,0.243119
1403638607.02794,6.253260,8.766664,2.508441,-0.745549,-0.399262,-0.471321,0.250207
1403638607.07794,6.195486,8.813676,2.503555,-0.741598,-0.406126,-0.467886,0.257247
1403638607.12794,6.143567,8.862323,2.497983,-0.738263,-0.409006,-0.465071,0.267191
1403638607.17794,6.091350,8.911828,2.496257,-0.731972,-0.413296,-0.467441,0.273683
1403638607.22794,6.040887,8.962825,2.494457,-0.725753,-0.415529,-0.470475,0.281551
1403638607.27794,5.991981,9.014305,2.491420,-0.718503,-0.417859,-0.476007,0.287341
1403638607.32794,5.943994,9.066406,2.485439,-0.713986,-0.417884,-0.478532,0.294285
1403638607.37794,5.899433,9.119636,2.478349,-0.710049,-0.418019,-0.480727,0.299987
1403638607.42794,5.854373,9.171458,2.469154,-0.707434,-0.418685,-0.481818,0.303467
1403638607.47794,5.810128,9.222949,2.457975,-0.706971,-0.419203,-0.480533,0.305858
1403638607.52794,5.769731,9.274318,2.446215,-0.706543,-0.419324,-0.479792,0.307838
1403638607.57794,5.727741,9.324305,2.432478,-0.705982,-0.420553,-0.479542,0.307838
1403638607.62794,5.686453,9.373313,2.418430,-0.705326,-0.420599,-0.479695,0.309038
1403638607.67794,5.646704,9.421519,2.403828,-0.704299,-0.420554,-0.480965,0.309466
1403638607.72794,5.602412,9.468919,2.389234,-0.702950,-0.421049,-0.483026,0.308650
1403638607.77794,5.563906,9.516325,2.372187,-0.702842,-0.421032,-0.483674,0.307904
1403638607.82794,5.526768,9.562588,2.353651,-0.703553,-0.420681,-0.482897,0.307980
1403638607.87794,5.490301,9.608514,2.333767,-0.705028,-0.418903,-0.481552,0.309134
1403638607.92794,5.455607,9.650910,2.311792,-0.707682,-0.417157,-0.478277,0.310512
1403638607.97794,5.420920,9.696043,2.289086,-0.709374,-0.415446,-0.476633,0.311471
1403638608.02794,5.388525,9.740371,2.266292,-0.709282,-0.413471,-0.477643,0.312759
1403638608.07794,5.357492,9.783989,2.243305,-0.708099,-0.412886,-0.480295,0.312148
1403638608.12794,5.328342,9.826813,2.218563,-0.706658,-0.412503,-0.483458,0.311038
1403638608.17794,5.300472,9.868867,2.192036,-0.705134,-0.413256,-0.486859,0.308178
1403638608.22794,5.272627,9.910389,2.165508,-0.702751,-0.413091,-0.490987,0.307293
1403638608.27794,5.245402,9.950707,2.138274,-0.700613,-0.412616,-0.494801,0.306694
1403638608.32794,5.217233,9.990570,2.110477,-0.697796,-0.411670,-0.499352,0.307013
1403638608.37794,5.188513,10.029981,2.082250,-0.694893,-0.411423,-0.503741,0.306757
1403638608.42794,5.160302,10.067751,2.050769,-0.694269,-0.410920,-0.504635,0.307373
1403638608.47794,5.131620,10.104443,2.018669,-0.694822,-0.411043,-0.504117,0.306810
1403638608.52794,5.104343,10.139359,1.983496,-0.696210,-0.411553,-0.502436,0.305735
1403638608.57794,5.073976,10.176099,1.946999,-0.696407,-0.411669,-0.502518,0.304996
1403638608.62794,5.046037,10.208847,1.912291,-0.695367,-0.409191,-0.504249,0.307832
1403638608.67794,5.017831,10.239904,1.878546,-0.693578,-0.407796,-0.506249,0.310425
1403638608.72794,4.990311,10.268115,1.845977,-0.692507,-0.407038,-0.507545,0.311692
1403638608.77794,4.962490,10.294741,1.813815,-0.693721,-0.407520,-0.505986,0.310896
1403638608.82794,4.934887,10.320167,1.783377,-0.695240,-0.408376,-0.503669,0.310143
1403638608.87794,4.907776,10.344199,1.754698,-0.697194,-0.408769,-0.500913,0.309701
1403638608.92794,4.881452,10.366916,1.728991,-0.699222,-0.409603,-0.498049,0.308643
1403638608.97794,4.854778,10.387685,1.704527,-0.701323,-0.409591,-0.494960,0.308864
1403638609.02794,4.828019,10.407891,1.681714,-0.702935,-0.409661,-0.492511,0.309022
1403638609.07794,4.801677,10.428066,1.660890,-0.704088,-0.410040,-0.490975,0.308336
1403638609.12794,4.776355,10.447140,1.642372,-0.704499,-0.410300,-0.490402,0.307964
1403638609.17795,4.751910,10.464858,1.624776,-0.704543,-0.408624,-0.490309,0.310230
1403638609.22795,4.727267,10.482968,1.606063,-0.704410,-0.405409,-0.490272,0.314776
1403638609.27795,4.703432,10.499490,1.585956,-0.704583,-0.402871,-0.489908,0.318194
1403638609.32795,4.681129,10.513891,1.564402,-0.704768,-0.402366,-0.489786,0.318612
1403638609.37794,4.660650,10.526712,1.541980,-0.704832,-0.403370,-0.489890,0.317037
1403638609.42794,4.640303,10.538403,1.517507,-0.704760,-0.404349,-0.490193,0.315479
1403638609.47794,4.620438,10.548757,1.491492,-0.704904,-0.405533,-0.490341,0.313400
1403638609.52794,4.601129,10.557728,1.463285,-0.704858,-0.406500,-0.490631,0.311792
1403638609.57794,4.583045,10.567052,1.433988,-0.704899,-0.407510,-0.490887,0.309973
1403638609.62794,4.564911,10.575296,1.403149,-0.704863,-0.407465,-0.491031,0.309886
1403638609.67794,4.547471,10.584308,1.370849,-0.703884,-0.409080,-0.492253,0.308038
1403638609.72794,4.532586,10.591108,1.338959,-0.703704,-0.409711,-0.492663,0.306952
1403638609.77794,4.517019,10.598015,1.307414,-0.703990,-0.409819,-0.492196,0.306904
1403638609.82794,4.502287,10.604619,1.277805,-0.704672,-0.409450,-0.491142,0.307520
1403638609.87794,4.488246,10.610584,1.250046,-0.704159,-0.409546,-0.491810,0.307498
1403638609.92794,4.474185,10.616168,1.224338,-0.704247,-0.409233,-0.491766,0.307783
1403638609.97794,4.461116,10.620541,1.199724,-0.703665,-0.408751,-0.492582,0.308450
1403638610.02794,4.448564,10.625197,1.177694,-0.703040,-0.407660,-0.493362,0.310067
1403638610.07794,4.438593,10.623636,1.157668,-0.701341,-0.406244,-0.495830,0.311832
1403638610.12794,4.427534,10.623435,1.138669,-0.700078,-0.405375,-0.497476,0.313176
1403638610.17794,4.416416,10.623886,1.119887,-0.698232,-0.405393,-0.500219,0.312905
1403638610.22794,4.405656,10.622966,1.099766,-0.697278,-0.404426,-0.501384,0.314416
1403638610.27794,4.394690,10.621372,1.077625,-0.696894,-0.403419,-0.502178,0.315293
1403638610.32794,4.384251,10.616574,1.053603,-0.696302,-0.403242,-0.502903,0.315671
1403638610.37794,4.373742,10.612448,1.027867,-0.696464,-0.402798,-0.502694,0.316213
1403638610.42794,4.363954,10.606419,1.001202,-0.695869,-0.402100,-0.503605,0.316959
1403638610.47794,4.353713,10.597290,0.972141,-0.694744,-0.402429,-0.505253,0.316388
1403638610.52794,4.343671,10.588515,0.943196,-0.692824,-0.402136,-0.508026,0.316531
1403638610.57794,4.333549,10.578108,0.913752,-0.689431,-0.400347,-0.512404,0.319137
1403638610.62794,4.323270,10.565669,0.884195,-0.685513,-0.398350,-0.517481,0.321875
1403638610.67794,4.313356,10.548135,0.854940,-0.684274,-0.397253,-0.518935,0.323521
1403638610.72795,4.301238,10.530200,0.825968,-0.686162,-0.398640,-0.516175,0.322228
1403638610.77795,4.287339,10.509917,0.797199,-0.689591,-0.399887,-0.511192,0.321305
1403638610.82795,4.274969,10.488424,0.771032,-0.693492,-0.401903,-0.505481,0.319426
1403638610.87795,4.263864,10.465976,0.748888,-0.695952,-0.403773,-0.501614,0.317807
1403638610.92795,4.255360,10.441951,0.728621,-0.696469,-0.404367,-0.500317,0.317964
1403638610.97794,4.244253,10.417387,0.708090,-0.696280,-0.404127,-0.500465,0.318450
1403638611.02794,4.233104,10.391436,0.687323,-0.695304,-0.402726,-0.501502,0.320718
1403638611.07794,4.222158,10.364177,0.665670,-0.693329,-0.402461,-0.503874,0.321607
1403638611.12794,4.211463,10.335104,0.642296,-0.692544,-0.401872,-0.504410,0.323191
1403638611.17794,4.200986,10.304798,0.617515,-0.692310,-0.402686,-0.504199,0.323009
1403638611.22794,4.190753,10.272910,0.592568,-0.691962,-0.402891,-0.504494,0.323038
1403638611.27794,4.182180,10.237809,0.569779,-0.691879,-0.403685,-0.504316,0.322502
1403638611.32794,4.170938,10.206082,0.546009,-0.691353,-0.405226,-0.505197,0.320311
1403638611.37794,4.160804,10.169373,0.525171,-0.689547,-0.408184,-0.507934,0.316091
1403638611.42794,4.150441,10.131629,0.506779,-0.686876,-0.412507,-0.512105,0.309497
1403638611.47793,4.140707,10.093377,0.490772,-0.685394,-0.416244,-0.514444,0.303849
1403638611.52793,4.131343,10.052885,0.476896,-0.684165,-0.419486,-0.516484,0.298654
1403638611.57793,4.117967,10.012905,0.463556,-0.685049,-0.421449,-0.515813,0.295001
1403638611.62793,4.103072,9.972546,0.452113,-0.686091,-0.422044,-0.514751,0.293582
1403638611.67793,4.086841,9.932084,0.441204,-0.687415,-0.421854,-0.513211,0.293454
1403638611.72793,4.069679,9.891768,0.429151,-0.690164,-0.420187,-0.509573,0.295722
1403638611.77793,4.052021,9.851591,0.416015,-0.693069,-0.417536,-0.505689,0.299329
1403638611.82793,4.033775,9.810971,0.401325,-0.695845,-0.415038,-0.502115,0.302363
1403638611.87794,4.014963,9.770747,0.385343,-0.698571,-0.413105,-0.498467,0.304751
1403638611.92794,3.996083,9.731083,0.367007,-0.700521,-0.411392,-0.496220,0.306254
1403638611.97794,3.978216,9.690606,0.349416,-0.701878,-0.410420,-0.494318,0.307527
1403638612.02794,3.960530,9.649850,0.332210,-0.703151,-0.409696,-0.492791,0.308034
1403638612.07794,3.943593,9.608747,0.316454,-0.703800,-0.410125,-0.492155,0.306994
1403638612.12794,3.927010,9.567384,0.302635,-0.704990,-0.408021,-0.490629,0.309502
1403638612.17794,3.910872,9.525514,0.290694,-0.704992,-0.408556,-0.490859,0.308424
1403638612.22794,3.895863,9.484577,0.281164,-0.705525,-0.408175,-0.490252,0.308675
1403638612.27794,3.881745,9.443830,0.273447,-0.704955,-0.407941,-0.491100,0.308939
1403638612.32794,3.868252,9.402491,0.266950,-0.705180,-0.408474,-0.490859,0.308102
1403638612.37794,3.855030,9.361071,0.260922,-0.704527,-0.408546,-0.492256,0.307270
1403638612.42794,3.842049,9.319339,0.253623,-0.704151,-0.408284,-0.493074,0.307172
1403638612.47794,3.829662,9.277573,0.244768,-0.703292,-0.407905,-0.495002,0.306540
1403638612.52794,3.815546,9.236517,0.232097,-0.702141,-0.408187,-0.497320,0.305048
1403638612.57794,3.803765,9.194059,0.220213,-0.701147,-0.408460,-0.499406,0.303558
1403638612.62794,3.791998,9.149856,0.207609,-0.700447,-0.410300,-0.500905,0.300203
1403638612.67794,3.778977,9.106484,0.192893,-0.699221,-0.411161,-0.503381,0.297732
1403638612.72794,3.766985,9.064611,0.176649,-0.698719,-0.411498,-0.504931,0.295815
1403638612.77794,3.753973,9.022612,0.159087,-0.698298,-0.411081,-0.506452,0.294786
1403638612.82794,3.740364,8.980323,0.141545,-0.697741,-0.409953,-0.508140,0.294770
1403638612.87794,3.725861,8.938095,0.124747,-0.697127,-0.408869,-0.509778,0.294902
1403638612.92794,3.710813,8.896366,0.109042,-0.697265,-0.407559,-0.510197,0.295662
1403638612.97794,3.695037,8.854690,0.094449,-0.697733,-0.406806,-0.510091,0.295779
1403638613.02794,3.678870,8.813699,0.082148,-0.699732,-0.406509,-0.507691,0.295592
1403638613.07794,3.661303,8.771651,0.072617,-0.700530,-0.405593,-0.506839,0.296422
1403638613.12794,3.643420,8.730299,0.064294,-0.701254,-0.405573,-0.506191,0.295844
1403638613.17794,3.626787,8.688855,0.058342,-0.702966,-0.405293,-0.503942,0.296003
1403638613.22793,3.610615,8.646007,0.057703,-0.702980,-0.405356,-0.504002,0.295782
1403638613.27793,3.592529,8.604079,0.055592,-0.703445,-0.405619,-0.503565,0.295061
1403638613.32793,3.574957,8.562652,0.055542,-0.703602,-0.405841,-0.503362,0.294727
1403638613.37793,3.556583,8.521474,0.055670,-0.703049,-0.406113,-0.504193,0.294252
1403638613.42793,3.537836,8.479870,0.054773,-0.702973,-0.406307,-0.504320,0.293948
1403638613.47793,3.518956,8.438621,0.052631,-0.702550,-0.404995,-0.505470,0.294794
1403638613.52793,3.499850,8.397344,0.048817,-0.702833,-0.402803,-0.506732,0.294953
1403638613.57793,3.480591,8.356087,0.043254,-0.703812,-0.400606,-0.507701,0.293944
1403638613.62793,3.460937,8.314956,0.036362,-0.704311,-0.396541,-0.508588,0.296715
1403638613.67793,3.440996,8.273267,0.027293,-0.704398,-0.393847,-0.509956,0.297748
1403638613.72793,3.419991,8.230612,0.015915,-0.703220,-0.389843,-0.513023,0.300519
1403638613.77793,3.399874,8.187264,0.003583,-0.703012,-0.386169,-0.515561,0.301405
1403638613.82793,3.378175,8.139905,-0.011081,-0.703493,-0.382574,-0.518294,0.300176
1403638613.87793,3.357941,8.093893,-0.026578,-0.705027,-0.378152,-0.520575,0.298227
1403638613.92793,3.337209,8.046896,-0.044006,-0.707523,-0.373608,-0.522469,0.294710
1403638613.97793,3.316297,7.998573,-0.062722,-0.710936,-0.368028,-0.524200,0.290414
1403638614.02793,3.295203,7.948412,-0.082660,-0.714381,-0.362663,-0.526745,0.284035
1403638614.07793,3.273571,7.897176,-0.103901,-0.718807,-0.355909,-0.528345,0.278382
1403638614.12793,3.251786,7.844705,-0.125224,-0.723571,-0.349309,-0.530077,0.271010
1403638614.17793,3.229196,7.791325,-0.145745,-0.728838,-0.342688,-0.530873,0.263692
1403638614.22793,3.206065,7.737163,-0.164559,-0.733241,-0.335645,-0.532373,0.257447
1403638614.27793,3.182076,7.681778,-0.181650,-0.737506,-0.328934,-0.532959,0.252671
1403638614.32793,3.157694,7.625099,-0.198251,-0.740855,-0.324110,-0.533649,0.247599
1403638614.37793,3.134474,7.570598,-0.211482,-0.743995,-0.319294,-0.533790,0.244113
1403638614.42793,3.110458,7.515595,-0.223213,-0.746450,-0.314237,-0.534170,0.242344
1403638614.47793,3.085188,7.459830,-0.232093,-0.748529,-0.310264,-0.534342,0.240665
1403638614.52794,3.060367,7.405151,-0.237517,-0.750728,-0.306012,-0.534275,0.239403
1403638614.57794,3.035809,7.350011,-0.240742,-0.752873,-0.301841,-0.534814,0.236746
1403638614.62794,3.011732,7.295365,-0.242700,-0.755014,-0.295894,-0.535515,0.235846
1403638614.67794,2.989092,7.240992,-0.241338,-0.757895,-0.289737,-0.535753,0.233701
1403638614.72794,2.967313,7.186558,-0.237225,-0.762249,-0.281474,-0.534068,0.233498
1403638614.82794,2.923845,7.071943,-0.225822,-0.772529,-0.264189,-0.530295,0.228454
1403638614.87794,2.903243,7.013193,-0.216643,-0.778355,-0.255166,-0.527890,0.224467
1403638614.92794,2.885064,6.954279,-0.204961,-0.782458,-0.246288,-0.528825,0.217820
1403638614.97794,2.869937,6.895522,-0.191482,-0.787270,-0.235834,-0.529055,0.211399
1403638615.02794,2.856651,6.834774,-0.175664,-0.791003,-0.225456,-0.531168,0.203335
1403638615.07794,2.843849,6.772608,-0.158450,-0.794300,-0.214931,-0.534341,0.193315
1403638615.12794,2.833231,6.709201,-0.141811,-0.796908,-0.203973,-0.538457,0.182749
1403638615.17794,2.823825,6.645573,-0.123823,-0.797338,-0.192676,-0.545516,0.171875
1403638615.22794,2.815377,6.580592,-0.105096,-0.798416,-0.182844,-0.551376,0.158378
1403638615.27794,2.807046,6.515295,-0.086857,-0.799293,-0.171127,-0.557035,0.146828
1403638615.32794,2.797977,6.449667,-0.070211,-0.800810,-0.158620,-0.561254,0.136152
1403638615.37794,2.788080,6.383950,-0.054112,-0.802479,-0.145641,-0.564885,0.125379
1403638615.42795,2.779382,6.318923,-0.037681,-0.803631,-0.132657,-0.568590,0.115259
1403638615.47795,2.769164,6.253366,-0.025244,-0.805087,-0.119779,-0.571365,0.105028
1403638615.52795,2.771330,6.199579,0.013175,-0.807195,-0.107627,-0.572442,0.095722
1403638615.57795,2.761536,6.135447,0.023162,-0.808239,-0.095867,-0.574309,0.087908
1403638615.62795,2.750676,6.072151,0.031903,-0.809118,-0.086565,-0.575654,0.080352
1403638615.67795,2.740282,6.008785,0.039584,-0.809995,-0.078545,-0.576366,0.074435
1403638615.72795,2.730469,5.946315,0.049011,-0.810544,-0.071782,-0.577015,0.070144
1403638615.77795,2.719751,5.884884,0.060771,-0.811030,-0.066032,-0.577440,0.066584
1403638615.82795,2.709244,5.824467,0.074640,-0.811476,-0.060815,-0.577769,0.063175
1403638615.87795,2.702295,5.769266,0.088368,-0.812054,-0.054226,-0.577831,0.061139
1403638615.92795,2.690423,5.709496,0.104058,-0.812194,-0.048230,-0.578519,0.057717
1403638615.97795,2.678426,5.649910,0.117784,-0.813414,-0.042414,-0.577649,0.053668
1403638616.02795,2.666165,5.590517,0.130402,-0.813522,-0.036457,-0.578288,0.049359
1403638616.07795,2.654777,5.532387,0.142217,-0.813883,-0.030217,-0.578532,0.044514
1403638616.12795,2.641898,5.473735,0.150912,-0.814260,-0.023870,-0.578670,0.039407
1403638616.17795,2.628493,5.414980,0.155972,-0.814893,-0.016215,-0.578355,0.034518
1403638616.22795,2.615243,5.356621,0.157017,-0.815395,-0.007533,-0.578101,0.029550
1403638616.27795,2.600615,5.295440,0.152686,-0.815599,0.001905,-0.578124,0.023815
1403638616.32795,2.586574,5.236809,0.145718,-0.815947,0.011424,-0.577759,0.017151
1403638616.37795,2.572321,5.177068,0.135526,-0.816031,0.021211,-0.577523,0.010544
1403638616.42795,2.557997,5.117084,0.122878,-0.816215,0.030337,-0.576935,0.004296
1403638616.47795,2.542233,5.053886,0.108420,-0.816234,0.039176,-0.576391,0.000014
1403638616.52795,2.527948,4.994044,0.092723,0.816666,-0.046008,0.575251,0.005048
1403638616.57795,2.514271,4.934932,0.076013,0.817682,-0.051774,0.573262,0.009275
1403638616.62795,2.501152,4.876777,0.058542,0.819361,-0.057003,0.570295,0.012713
1403638616.67795,2.488397,4.819657,0.040377,0.822158,-0.061532,0.565728,0.014918
1403638616.72795,2.475489,4.761389,0.020314,0.826336,-0.066830,0.559021,0.014075
1403638616.77795,2.463361,4.702083,-0.001116,0.830389,-0.071998,0.552390,0.011633
1403638616.82795,2.452332,4.642826,-0.023198,0.833649,-0.076259,0.546929,0.009056
1403638616.87795,2.443457,4.583462,-0.043930,0.835932,-0.078928,0.543075,0.007610
1403638616.92794,2.436113,4.522977,-0.062358,0.835640,-0.079129,0.543479,0.008692
1403638616.97794,2.430990,4.461970,-0.077519,0.834199,-0.076509,0.545977,0.012958
1403638617.02794,2.428479,4.400697,-0.090193,0.832571,-0.074203,0.548695,0.015913
1403638617.07794,2.425529,4.335257,-0.101246,0.830703,-0.071415,0.551798,0.018757
1403638617.12793,2.423362,4.268951,-0.109699,0.828871,-0.067284,0.554895,0.023188
1403638617.17793,2.423098,4.203301,-0.116629,0.828004,-0.064399,0.556453,0.024942
1403638617.22793,2.422854,4.135302,-0.123241,0.828825,-0.061542,0.555470,0.026737
1403638617.27794,2.424800,4.070419,-0.127278,0.830478,-0.059717,0.553203,0.026583
1403638617.32794,2.427788,4.005664,-0.129492,0.832093,-0.058663,0.550916,0.025910
1403638617.37794,2.431826,3.941007,-0.130731,0.834586,-0.056910,0.547304,0.026187
1403638617.42794,2.437407,3.877237,-0.129678,0.836321,-0.055078,0.544823,0.026485
1403638617.47794,2.444315,3.814115,-0.126855,0.837408,-0.053734,0.543314,0.025892
1403638617.52794,2.453127,3.751747,-0.122266,0.838144,-0.051793,0.542348,0.026273
1403638617.57794,2.463462,3.690581,-0.115375,0.838186,-0.050787,0.542403,0.025775
1403638617.62794,2.475382,3.629297,-0.107052,0.837733,-0.049000,0.543239,0.026320
1403638617.67794,2.489661,3.569143,-0.096186,0.836893,-0.046887,0.544689,0.026941
1403638617.72794,2.506227,3.509764,-0.083109,0.836102,-0.044761,0.546022,0.028085
1403638617.77794,2.524201,3.451429,-0.068519,0.835354,-0.044151,0.547264,0.027143
1403638617.82794,2.543907,3.393980,-0.051730,0.836071,-0.042062,0.546273,0.028320
1403638617.87794,2.564223,3.335860,-0.033407,0.835488,-0.040853,0.547267,0.028114
1403638617.92794,2.586444,3.280134,-0.013668,0.834930,-0.041022,0.548168,0.026844
1403638617.97794,2.609373,3.223565,0.005317,0.834506,-0.040438,0.548894,0.026081
1403638618.02794,2.633644,3.168367,0.022615,0.834497,-0.039866,0.548964,0.025772
1403638618.07794,2.659225,3.113673,0.038339,0.834196,-0.039216,0.549489,0.025295
1403638618.12794,2.685449,3.059933,0.052225,0.834627,-0.039473,0.548886,0.023720
1403638618.17794,2.712985,3.006672,0.065008,0.834368,-0.039170,0.549338,0.022873
1403638618.22794,2.740399,2.952217,0.076178,0.834406,-0.038315,0.549330,0.023112
1403638618.27794,2.769166,2.899418,0.086154,0.834409,-0.037579,0.549371,0.023270
1403638618.32794,2.797979,2.847529,0.095156,0.833759,-0.036739,0.550406,0.023440
1403638618.37794,2.827615,2.796130,0.103598,0.833692,-0.036457,0.550543,0.023018
1403638618.42794,2.858452,2.744344,0.112294,0.833675,-0.035589,0.550619,0.023223
1403638618.47794,2.890491,2.692239,0.120708,0.833859,-0.035030,0.550396,0.022699
1403638618.52794,2.923272,2.641725,0.128216,0.833157,-0.034280,0.551512,0.022540
1403638618.57794,2.958226,2.591114,0.136305,0.832872,-0.034078,0.551903,0.023795
1403638618.62794,2.993805,2.541961,0.142543,0.832756,-0.036014,0.551895,0.025141
1403638618.67794,3.030391,2.493580,0.148752,0.832672,-0.037036,0.551838,0.027574
1403638618.72794,3.068013,2.445600,0.156351,0.832455,-0.038128,0.552008,0.029185
1403638618.77794,3.107026,2.398992,0.165385,0.831898,-0.040049,0.552664,0.030061
1403638618.82794,3.148300,2.353113,0.176882,0.831185,-0.041899,0.553576,0.030470
1403638618.87794,3.189067,2.308480,0.189332,0.830076,-0.043187,0.554989,0.033105
1403638618.92794,3.230678,2.264448,0.202416,0.828395,-0.047022,0.557051,0.035276
1403638618.97795,3.272427,2.219679,0.214655,0.825769,-0.051907,0.560251,0.039111
1403638619.02795,3.315590,2.175534,0.224737,0.823689,-0.058120,0.562336,0.044010
1403638619.07795,3.358817,2.131545,0.232985,0.821935,-0.065348,0.563518,0.050993
1403638619.12795,3.402084,2.088781,0.239092,0.819712,-0.073740,0.565044,0.057971
1403638619.17795,3.445216,2.046354,0.242767,0.818016,-0.083966,0.565369,0.064476
1403638619.22794,3.488316,2.005764,0.244560,0.815560,-0.095204,0.566275,0.071636
1403638619.27794,3.531613,1.964921,0.244883,0.813643,-0.107761,0.565890,0.078371
1403638619.32794,3.574279,1.926026,0.242522,0.811346,-0.119795,0.565515,0.086942
1403638619.37794,3.616413,1.886894,0.238540,0.808720,-0.131957,0.565372,0.094414
1403638619.42794,3.658309,1.848379,0.233751,0.806230,-0.142909,0.565286,0.100112
1403638619.47794,3.700023,1.811491,0.228462,0.804075,-0.152897,0.564878,0.104877
1403638619.52794,3.741666,1.776292,0.223057,0.801833,-0.161051,0.565149,0.108318
1403638619.57794,3.782518,1.742209,0.216546,0.800139,-0.168449,0.564800,0.111367
1403638619.62794,3.822900,1.709455,0.208869,0.798492,-0.176396,0.564768,0.111048
1403638619.67794,3.863008,1.673285,0.201868,0.796342,-0.184730,0.565795,0.107659
1403638619.72794,3.901484,1.641501,0.192880,0.795478,-0.191120,0.565277,0.105589
1403638619.77794,3.938726,1.611482,0.183371,0.793666,-0.196135,0.566381,0.104104
1403638619.82794,3.975117,1.579768,0.174164,0.792423,-0.199954,0.566915,0.103401
1403638619.87794,4.009967,1.547909,0.164582,0.791408,-0.202490,0.567345,0.103884
1403638619.92794,4.043557,1.515924,0.153990,0.790727,-0.204896,0.567399,0.104052
1403638619.97794,4.076563,1.482183,0.143442,0.790453,-0.206085,0.567121,0.105290
1403638620.02794,4.107829,1.447812,0.132854,0.789424,-0.206791,0.568026,0.106736
1403638620.07794,4.137566,1.413250,0.123430,0.787884,-0.207524,0.569747,0.107519
1403638620.12794,4.166214,1.377331,0.116131,0.786610,-0.206769,0.571244,0.110325
1403638620.17794,4.193902,1.340442,0.110521,0.784846,-0.206374,0.573428,0.112283
1403638620.22794,4.220024,1.303221,0.106017,0.784373,-0.206198,0.573953,0.113222
1403638620.27794,4.243992,1.265510,0.102888,0.785445,-0.205230,0.572466,0.115058
1403638620.32794,4.266312,1.227646,0.102013,0.786069,-0.203785,0.571672,0.117298
1403638620.37794,4.287124,1.189396,0.103122,0.786863,-0.203160,0.570689,0.117844
1403638620.42794,4.306429,1.150916,0.105831,0.787199,-0.202122,0.570423,0.118669
1403638620.47794,4.324649,1.112106,0.109276,0.788035,-0.201061,0.569580,0.118968
1403638620.52794,4.341252,1.074753,0.111333,0.788497,-0.199941,0.569253,0.119357
1403638620.57794,4.357942,1.035312,0.113225,0.789411,-0.199455,0.568311,0.118620
1403638620.62794,4.373839,0.995642,0.113232,0.790683,-0.199189,0.566877,0.117450
1403638620.67794,4.389964,0.956011,0.112805,0.791946,-0.199360,0.565406,0.115733
1403638620.72794,4.404307,0.916273,0.110067,0.793871,-0.199879,0.562952,0.113588
1403638620.77794,4.418777,0.875947,0.106097,0.795322,-0.199709,0.561254,0.112132
1403638620.82794,4.433042,0.835025,0.100845,0.796964,-0.198369,0.559374,0.112243
1403638620.87794,4.446750,0.793299,0.095565,0.798611,-0.195158,0.557524,0.115326
1403638620.92794,4.460276,0.751874,0.089871,0.799012,-0.192344,0.557541,0.117183
1403638620.97794,4.473664,0.710629,0.083231,0.799347,-0.189185,0.557572,0.119866
1403638621.02794,4.486741,0.669352,0.076235,0.798386,-0.186415,0.559437,0.121896
1403638621.07793,4.499411,0.628425,0.069532,0.797875,-0.184066,0.560578,0.123563
1403638621.12793,4.511624,0.588737,0.063411,0.797334,-0.183354,0.561803,0.122541
1403638621.17793,4.524112,0.548949,0.059760,0.796704,-0.182174,0.563135,0.122289
1403638621.22793,4.536826,0.509240,0.057684,0.795857,-0.180907,0.564741,0.122277
1403638621.27793,4.550012,0.469749,0.057550,0.795593,-0.179543,0.565484,0.122573
1403638621.32793,4.562175,0.431110,0.058735,0.796392,-0.177956,0.564595,0.123786
1403638621.37793,4.574000,0.392979,0.059082,0.796526,-0.176494,0.564765,0.124245
1403638621.42793,4.585024,0.355731,0.057957,0.795247,-0.175819,0.566881,0.123758
1403638621.47793,4.595089,0.318875,0.055631,0.794713,-0.174461,0.567799,0.124899
1403638621.52793,4.605134,0.283342,0.051828,0.793275,-0.173371,0.570168,0.124764
1403638621.57793,4.614667,0.248843,0.046578,0.792574,-0.172346,0.571414,0.124937
1403638621.62793,4.624045,0.215042,0.039969,0.791637,-0.171894,0.572898,0.124705
1403638621.67793,4.632482,0.182255,0.032398,0.791627,-0.171273,0.573125,0.124582
1403638621.72793,4.639980,0.150883,0.023536,0.790811,-0.170799,0.574308,0.124961
1403638621.77793,4.646733,0.119827,0.013983,0.789997,-0.169971,0.575551,0.125525
1403638621.82793,4.652468,0.089263,0.003754,0.788547,-0.169105,0.577583,0.126469
1403638621.87793,4.657287,0.060129,-0.006852,0.786610,-0.168012,0.580326,0.127431
1403638621.92793,4.661022,0.032306,-0.018288,0.785165,-0.167357,0.582347,0.127978
1403638621.97793,4.663931,0.006218,-0.030322,0.784094,-0.167236,0.583850,0.127861
1403638622.02793,4.665761,-0.019113,-0.043513,0.783638,-0.167310,0.584582,0.127213
1403638622.07793,4.666799,-0.043269,-0.057508,0.783662,-0.168273,0.584463,0.126338
1403638622.12793,4.666609,-0.066318,-0.072712,0.784227,-0.169414,0.583752,0.124582
1403638622.17793,4.664991,-0.088347,-0.088251,0.784602,-0.170090,0.583360,0.123122
1403638622.22793,4.662236,-0.109371,-0.102527,0.784514,-0.171057,0.583401,0.122150
1403638622.27793,4.658381,-0.129648,-0.115210,0.783910,-0.172350,0.584224,0.120262
1403638622.32793,4.652886,-0.149473,-0.126170,0.784450,-0.172951,0.583403,0.119864
1403638622.37793,4.646032,-0.168469,-0.134435,0.784891,-0.172769,0.582667,0.120815
1403638622.42793,4.636828,-0.186712,-0.140090,0.785327,-0.172245,0.581937,0.122239
1403638622.47793,4.627004,-0.203792,-0.143115,0.785710,-0.171068,0.581331,0.124299
1403638622.52793,4.615789,-0.219950,-0.145169,0.785402,-0.170949,0.581604,0.125129
1403638622.57794,4.603713,-0.234821,-0.145456,0.785525,-0.169619,0.581262,0.127727
1403638622.62794,4.590735,-0.248832,-0.143208,0.783919,-0.168288,0.583285,0.130108
1403638622.67794,4.576464,-0.260918,-0.138429,0.781482,-0.167761,0.586364,0.131603
1403638622.72794,4.560633,-0.272111,-0.130179,0.775969,-0.166402,0.593592,0.133537
1403638622.77795,4.544566,-0.282869,-0.119987,0.770340,-0.166057,0.600756,0.134516
1403638622.82795,4.526697,-0.292405,-0.109116,0.766353,-0.165599,0.605701,0.135671
1403638622.87795,4.506715,-0.300436,-0.098698,0.765554,-0.165477,0.606627,0.136193
1403638622.92795,4.483925,-0.306965,-0.088935,0.766380,-0.166787,0.605456,0.135157
1403638622.97795,4.458870,-0.311186,-0.080334,0.769311,-0.167899,0.601551,0.134559
1403638623.02796,4.431671,-0.314198,-0.073645,0.772445,-0.169897,0.597462,0.132302
1403638623.07796,4.402192,-0.316184,-0.069518,0.775761,-0.171517,0.593029,0.130740
1403638623.12796,4.371944,-0.316620,-0.065707,0.778094,-0.173594,0.589934,0.128110
1403638623.17796,4.339944,-0.316120,-0.062955,0.779640,-0.175263,0.587949,0.125540
1403638623.22796,4.306544,-0.314793,-0.061357,0.781099,-0.176486,0.585977,0.123967
1403638623.27796,4.271936,-0.313259,-0.061250,0.782990,-0.177610,0.583463,0.122281
1403638623.32796,4.236572,-0.311519,-0.062007,0.784514,-0.178304,0.581390,0.121368
1403638623.37796,4.200102,-0.310012,-0.064051,0.785602,-0.179274,0.579938,0.119846
1403638623.42796,4.163109,-0.308036,-0.066568,0.787304,-0.178339,0.577598,0.121362
1403638623.47796,4.125659,-0.305473,-0.069516,0.787315,-0.179045,0.577568,0.120392
1403638623.52796,4.087219,-0.302707,-0.072355,0.787842,-0.179092,0.576919,0.119978
1403638623.57796,4.048151,-0.300034,-0.073696,0.787516,-0.178231,0.577275,0.121680
1403638623.62796,4.007946,-0.297366,-0.072695,0.787319,-0.177710,0.577472,0.122777
1403638623.67796,3.966651,-0.293924,-0.070142,0.788036,-0.177659,0.576451,0.123053
1403638623.72796,3.924705,-0.290258,-0.065425,0.788077,-0.177268,0.576213,0.124459
1403638623.77796,3.881905,-0.286183,-0.059665,0.789129,-0.177284,0.574612,0.125172
1403638623.82796,3.838549,-0.281821,-0.051824,0.789008,-0.176850,0.574719,0.126049
1403638623.87796,3.794297,-0.276892,-0.042829,0.790345,-0.177229,0.572668,0.126478
1403638623.92796,3.750019,-0.271430,-0.033745,0.790800,-0.177386,0.571756,0.127532
1403638623.97796,3.706250,-0.265512,-0.025294,0.791545,-0.177633,0.570543,0.128001
1403638624.02797,3.662142,-0.259443,-0.018432,0.791523,-0.178519,0.570367,0.127686
1403638624.07797,3.616471,-0.251465,-0.013641,0.791872,-0.180376,0.569603,0.126317
1403638624.12797,3.570904,-0.243400,-0.009518,0.791950,-0.181488,0.569322,0.125500
1403638624.17797,3.525512,-0.235544,-0.006314,0.791721,-0.183033,0.569481,0.123969
1403638624.22797,3.480661,-0.227456,-0.003766,0.791859,-0.184464,0.569029,0.123039
1403638624.27797,3.436294,-0.219759,-0.001641,0.791417,-0.185638,0.569500,0.121931
1403638624.32797,3.391662,-0.212423,-0.001257,0.791157,-0.186405,0.569597,0.121994
1403638624.37797,3.347674,-0.204590,-0.002447,0.790967,-0.187375,0.569639,0.121545
1403638624.42797,3.302864,-0.197357,-0.004928,0.790936,-0.187705,0.569492,0.121922
1403638624.47797,3.257827,-0.190440,-0.008521,0.790784,-0.187711,0.569470,0.122997
1403638624.52797,3.212499,-0.183865,-0.012747,0.787777,-0.189981,0.573324,0.120893
1403638624.57797,3.167668,-0.176988,-0.017964,0.782448,-0.192312,0.580296,0.118524
1403638624.62797,3.121621,-0.170131,-0.024509,0.778100,-0.192126,0.586141,0.118684
1403638624.67797,3.074646,-0.163655,-0.031245,0.778306,-0.189871,0.586282,0.120257
1403638624.72797,3.026429,-0.157207,-0.037224,0.780780,-0.185341,0.583880,0.122942
1403638624.77797,2.977432,-0.150645,-0.041886,0.784456,-0.180062,0.580167,0.124953
1403638624.82797,2.927422,-0.144490,-0.044536,0.788050,-0.175813,0.576393,0.125852
1403638624.87797,2.876190,-0.137728,-0.044783,0.790718,-0.171882,0.573846,0.126185
1403638624.92797,2.825360,-0.129924,-0.043571,0.792681,-0.170463,0.572239,0.123051
1403638624.97797,2.774429,-0.121726,-0.040938,0.793979,-0.169859,0.571504,0.118863
1403638625.02797,2.723843,-0.113632,-0.037853,0.794311,-0.168753,0.572009,0.115750
1403638625.07797,2.673227,-0.105629,-0.036021,0.795018,-0.168913,0.571876,0.111228
1403638625.12797,2.622979,-0.097922,-0.035637,0.795363,-0.169306,0.571994,0.107499
1403638625.17797,2.572536,-0.090677,-0.036312,0.795954,-0.169065,0.571736,0.104846
1403638625.22797,2.522027,-0.083369,-0.037641,0.796558,-0.168405,0.571362,0.103349
1403638625.27797,2.471504,-0.076716,-0.039673,0.796841,-0.167454,0.571348,0.102789
1403638625.32797,2.421119,-0.070510,-0.042144,0.796928,-0.166906,0.571524,0.102019
1403638625.37797,2.370572,-0.064767,-0.044468,0.797022,-0.166375,0.571619,0.101621
1403638625.42797,2.320185,-0.059634,-0.045415,0.796803,-0.165626,0.572156,0.101538
1403638625.47798,2.268481,-0.055422,-0.044992,0.796468,-0.165955,0.572683,0.100654
1403638625.52798,2.218152,-0.050545,-0.042955,0.796618,-0.165062,0.572577,0.101539
1403638625.57798,2.167878,-0.045825,-0.039499,0.797036,-0.165178,0.572002,0.101312
1403638625.62798,2.117856,-0.041869,-0.034036,0.798101,-0.164802,0.570497,0.102022
1403638625.67798,2.068021,-0.038256,-0.027062,0.798659,-0.165052,0.569755,0.101397
1403638625.72798,2.017645,-0.034696,-0.020335,0.801004,-0.165537,0.566416,0.100813
1403638625.77798,1.966549,-0.031287,-0.014628,0.803132,-0.166168,0.563332,0.100122
1403638625.82798,1.916369,-0.028223,-0.009938,0.805287,-0.166566,0.560156,0.099964
1403638625.87798,1.866035,-0.025495,-0.006457,0.805698,-0.166555,0.559507,0.100310
1403638625.92798,1.816926,-0.023547,-0.003893,0.806263,-0.166286,0.558622,0.101147
1403638625.97797,1.768340,-0.022022,-0.002759,0.806073,-0.166619,0.558758,0.101364
1403638626.02797,1.713502,-0.019148,-0.005938,0.806844,-0.167457,0.557425,0.101185
1403638626.07797,1.665564,-0.018786,-0.007344,0.807177,-0.168548,0.556838,0.099943
1403638626.12797,1.618805,-0.018696,-0.009940,0.807178,-0.169232,0.556717,0.099448
1403638626.17797,1.572869,-0.019021,-0.014005,0.807516,-0.168823,0.556229,0.100131
1403638626.22797,1.527428,-0.019890,-0.019542,0.807011,-0.168455,0.556919,0.100981
1403638626.27797,1.482111,-0.021578,-0.025792,0.806020,-0.167247,0.558328,0.103101
1403638626.32797,1.437597,-0.023436,-0.032565,0.805121,-0.164384,0.559678,0.107327
1403638626.37797,1.393077,-0.025291,-0.040406,0.804171,-0.161825,0.561078,0.110966
1403638626.42797,1.349864,-0.027094,-0.048692,0.803002,-0.160064,0.562864,0.112924
1403638626.47797,1.306925,-0.028815,-0.058276,0.802924,-0.159463,0.563063,0.113339
1403638626.52798,1.264419,-0.030309,-0.068519,0.804294,-0.158539,0.561190,0.114204
1403638626.57798,1.222452,-0.031505,-0.078392,0.805225,-0.158479,0.559939,0.113867
1403638626.62798,1.175824,-0.032318,-0.089922,0.806271,-0.159307,0.558390,0.112915
1403638626.67798,1.134575,-0.033513,-0.098779,0.807045,-0.158894,0.557449,0.112613
1403638626.72798,1.094958,-0.033670,-0.107154,0.809069,-0.159966,0.554516,0.111042
1403638626.77798,1.056685,-0.033816,-0.113886,0.810875,-0.160572,0.551930,0.109869
1403638626.82798,1.020059,-0.034079,-0.117865,0.812220,-0.160891,0.549991,0.109189
1403638626.87798,0.984522,-0.034632,-0.120335,0.813536,-0.160323,0.548195,0.109259
1403638626.92797,0.950224,-0.035204,-0.121482,0.814446,-0.160327,0.546878,0.109079
1403638626.97797,0.917136,-0.035849,-0.122091,0.814360,-0.160358,0.547100,0.108556
1403638627.02797,0.885189,-0.036531,-0.123296,0.814447,-0.160035,0.547093,0.108417
1403638627.07797,0.855469,-0.036509,-0.125606,0.814419,-0.159845,0.547297,0.107874
1403638627.12797,0.825885,-0.037470,-0.128973,0.814192,-0.159726,0.547712,0.107657
1403638627.17797,0.797058,-0.038889,-0.133668,0.814267,-0.159643,0.547728,0.107132
1403638627.22797,0.762908,-0.041042,-0.141661,0.813971,-0.159517,0.548209,0.107106
1403638627.27797,0.736506,-0.042523,-0.147167,0.814195,-0.158281,0.547961,0.108499
1403638627.32797,0.711319,-0.044077,-0.153011,0.814009,-0.157096,0.548343,0.109682
1403638627.37797,0.687203,-0.045594,-0.159079,0.813599,-0.156258,0.549022,0.110521
1403638627.42797,0.664309,-0.047151,-0.166241,0.813884,-0.155911,0.548638,0.110825
1403638627.47797,0.642684,-0.048689,-0.173593,0.813964,-0.155826,0.548568,0.110695
1403638627.52797,0.622174,-0.049911,-0.181417,0.813514,-0.156059,0.549205,0.110515
1403638627.57797,0.602751,-0.051418,-0.189500,0.812779,-0.155280,0.550222,0.111959
1403638627.62797,0.584338,-0.052677,-0.197579,0.811462,-0.154363,0.552046,0.113786
1403638627.67797,0.567002,-0.053516,-0.206352,0.809728,-0.154304,0.554547,0.114056
1403638627.72797,0.550169,-0.054144,-0.214997,0.808374,-0.153936,0.556474,0.114768
1403638627.77797,0.534005,-0.054351,-0.223809,0.807857,-0.153279,0.557182,0.115850
1403638627.82797,0.517928,-0.054878,-0.232673,0.807037,-0.153489,0.558288,0.115963
1403638627.87797,0.503437,-0.054549,-0.241562,0.807193,-0.153179,0.557979,0.116767
1403638627.92797,0.489401,-0.053563,-0.250475,0.808199,-0.153381,0.556480,0.116700
1403638627.97797,0.475938,-0.052335,-0.259254,0.809141,-0.153226,0.555063,0.117119
1403638628.02797,0.463305,-0.050404,-0.267247,0.809766,-0.153255,0.553985,0.117866
1403638628.07797,0.450539,-0.048215,-0.274637,0.810226,-0.153411,0.553228,0.118054
1403638628.12797,0.438529,-0.045570,-0.281754,0.810710,-0.153736,0.552356,0.118398
1403638628.17797,0.427747,-0.042357,-0.288433,0.810796,-0.153851,0.552042,0.119117
1403638628.22797,0.417740,-0.038904,-0.294837,0.810805,-0.154382,0.551958,0.118755
1403638628.27797,0.408878,-0.035004,-0.300557,0.811013,-0.154472,0.551518,0.119264
1403638628.32797,0.401310,-0.031380,-0.305162,0.811455,-0.155435,0.550795,0.118342
1403638628.37797,0.394769,-0.026952,-0.308823,0.811542,-0.155894,0.550631,0.117912
1403638628.42797,0.389382,-0.022195,-0.312224,0.811003,-0.157391,0.551440,0.115826
1403638628.47797,0.385019,-0.017327,-0.314908,0.808692,-0.160380,0.554749,0.112026
1403638628.52797,0.381530,-0.012597,-0.316057,0.805070,-0.163459,0.559964,0.107623
1403638628.57797,0.378334,-0.008114,-0.316643,0.801465,-0.165833,0.565079,0.104109
1403638628.62797,0.375264,-0.004031,-0.316977,0.798216,-0.167881,0.569531,0.101495
1403638628.67797,0.371723,0.000509,-0.317764,0.797377,-0.169689,0.570665,0.098671
1403638628.72797,0.367700,0.004172,-0.318668,0.797708,-0.169574,0.570173,0.099042
1403638628.77797,0.363278,0.007266,-0.320918,0.798537,-0.168977,0.568939,0.100465
1403638628.82797,0.358773,0.009746,-0.324407,0.799184,-0.167571,0.568055,0.102657
1403638628.87797,0.354249,0.011669,-0.329267,0.799170,-0.166206,0.568057,0.104947
1403638628.92797,0.349805,0.013376,-0.334436,0.799309,-0.165151,0.567767,0.107107
1403638628.97797,0.345279,0.014806,-0.339273,0.799876,-0.163254,0.566987,0.109872
1403638629.02796,0.340908,0.016483,-0.343581,0.800385,-0.161722,0.566272,0.112101
1403638629.07797,0.336485,0.017978,-0.347277,0.801062,-0.159835,0.565340,0.114641
1403638629.12796,0.332146,0.019790,-0.350428,0.801729,-0.159001,0.564445,0.115550
1403638629.17796,0.328087,0.021946,-0.352909,0.802269,-0.157868,0.563696,0.117003
1403638629.22796,0.325859,0.024026,-0.351342,0.802835,-0.157496,0.562950,0.117209
1403638629.27796,0.322151,0.026846,-0.352244,0.802662,-0.157077,0.563233,0.117595
1403638629.32796,0.318429,0.029116,-0.352751,0.803693,-0.156856,0.561643,0.118455
1403638629.37796,0.315021,0.031912,-0.353344,0.805789,-0.157194,0.558563,0.118323
1403638629.42797,0.312057,0.034997,-0.353989,0.807795,-0.157803,0.555592,0.117825
1403638629.47797,0.309599,0.038618,-0.354798,0.810253,-0.158961,0.551890,0.116781
1403638629.52797,0.308815,0.041737,-0.354820,0.812424,-0.160467,0.548662,0.114841
1403638629.57797,0.309292,0.045024,-0.354347,0.813239,-0.161804,0.547415,0.113130
1403638629.62797,0.307078,0.063695,-0.351665,0.812550,-0.166362,0.548084,0.108120
1403638629.67797,0.308447,0.068088,-0.350996,0.810933,-0.170576,0.550236,0.102625
1403638629.72797,0.310654,0.071564,-0.349617,0.808338,-0.174059,0.553768,0.098155
1403638629.77797,0.313384,0.074096,-0.348081,0.805225,-0.175881,0.558074,0.096087
1403638629.82797,0.316461,0.075504,-0.347501,0.802235,-0.177239,0.562213,0.094458
1403638629.87797,0.319653,0.075615,-0.348343,0.798778,-0.177496,0.567000,0.094658
1403638629.92797,0.322715,0.074082,-0.351427,0.796115,-0.174432,0.570806,0.099775
1403638629.97797,0.325248,0.071395,-0.356978,0.793292,-0.170582,0.574820,0.105694
1403638630.02797,0.327472,0.067738,-0.363440,0.790378,-0.167068,0.578910,0.110695
1403638630.07797,0.328266,0.065115,-0.373340,0.789819,-0.164380,0.579659,0.114724
1403638630.12797,0.328023,0.063867,-0.386551,0.790845,-0.162389,0.578317,0.117231
1403638630.17796,0.328130,0.062738,-0.400720,0.792644,-0.160981,0.575862,0.119096
1403638630.22796,0.327075,0.064075,-0.414395,0.795014,-0.160570,0.572538,0.119876
1403638630.27796,0.325240,0.065085,-0.431929,0.797241,-0.160568,0.569399,0.120040
1403638630.32796,0.323259,0.065035,-0.451090,0.801750,-0.160317,0.562640,0.122200
1403638630.37796,0.326336,0.067369,-0.457111,0.816695,-0.161860,0.541679,0.115733
1403638630.42796,0.331954,0.068446,-0.452193,0.807766,-0.166842,0.555121,0.107328
1403638630.47796,0.337749,0.068626,-0.444980,0.798650,-0.159809,0.568546,0.115650
1403638630.52796,0.342724,0.069244,-0.442827,0.798350,-0.159315,0.568899,0.116667
1403638630.57796,0.347597,0.069918,-0.445357,0.797941,-0.160894,0.569311,0.115277
1403638630.62796,0.352082,0.070796,-0.453784,0.797527,-0.159638,0.569792,0.117491
1403638630.67796,0.354207,0.071337,-0.466722,0.817017,-0.158141,0.542995,0.112391
1403638630.72796,0.356222,0.069798,-0.471071,0.823954,-0.153403,0.534833,0.107338
1403638630.77796,0.352500,0.067202,-0.472212,0.823875,-0.152469,0.533634,0.114966
1403638630.82796,0.347582,0.067614,-0.474577,0.821347,-0.155234,0.537394,0.111801
1403638630.87796,0.344059,0.068949,-0.477251,0.822531,-0.153440,0.536422,0.110229
1403638630.92796,0.340958,0.070149,-0.478707,0.822240,-0.153470,0.536735,0.110828
1403638630.97796,0.337617,0.071455,-0.480558,0.822382,-0.153652,0.536545,0.110447
1403638631.02796,0.333902,0.072998,-0.482564,0.822453,-0.153734,0.536432,0.110355
1403638631.07796,0.330105,0.074044,-0.484175,0.822451,-0.153141,0.536442,0.111139
1403638631.12796,0.326726,0.075559,-0.486059,0.822486,-0.154049,0.536379,0.109924
1403638631.17796,0.322990,0.076634,-0.487680,0.822489,-0.153343,0.536341,0.111067
1403638631.22796,0.318958,0.078384,-0.489383,0.822501,-0.153892,0.536364,0.110108
1403638631.27796,0.315271,0.079632,-0.490881,0.822552,-0.153296,0.536279,0.110968
1403638631.32796,0.311710,0.081273,-0.492303,0.822396,-0.153920,0.536513,0.110122
1403638631.37796,0.307684,0.082747,-0.493791,0.822623,-0.153455,0.536176,0.110717
1403638631.42796,0.304038,0.084470,-0.495194,0.822419,-0.153727,0.536489,0.110342
1403638631.47796,0.300322,0.086044,-0.496432,0.822560,-0.153701,0.536249,0.110490
1403638631.52796,0.296504,0.087773,-0.497742,0.822514,-0.153800,0.536316,0.110373
1403638631.57796,0.292640,0.089552,-0.499063,0.822540,-0.153750,0.536285,0.110394
1403638631.62796,0.289014,0.091222,-0.500182,0.822597,-0.153617,0.536192,0.110609
