timestamp,px,py,pz,qx,qy,qz,qw
1403638130.63487,0.004281,0.012835,0.081542,-0.818489,-0.004572,-0.572864,0.043378
1403638130.69363,0.003810,0.018707,0.102149,-0.815700,-0.001677,-0.576705,0.045189
1403638130.74363,0.001174,0.020282,0.121071,-0.810489,0.007220,-0.583116,0.055050
1403638130.79196,0.011686,0.029065,0.160685,-0.808244,0.013005,-0.585275,0.063452
1403638130.84196,0.011265,0.031804,0.175425,-0.807425,0.013789,-0.585999,0.066930
1403638130.89196,0.009888,0.034262,0.187216,-0.806356,0.013927,-0.587137,0.069758
1403638130.94196,0.007815,0.035590,0.195589,-0.802715,0.016357,-0.592056,0.069647
1403638130.99120,0.033643,0.043246,0.215251,-0.797269,0.020620,-0.599387,0.068361
1403638131.04120,0.037821,0.046028,0.216472,-0.792007,0.024287,-0.606210,0.068149
1403638131.09120,0.043046,0.049286,0.212791,-0.790100,0.024824,-0.608941,0.065695
1403638131.14120,0.049040,0.053834,0.204554,-0.792484,0.021994,-0.606260,0.062725
1403638131.19120,0.055701,0.059206,0.193070,-0.797886,0.015582,-0.599887,0.057191
1403638131.24120,0.062739,0.064809,0.179707,-0.804356,0.007640,-0.592002,0.049871
1403638131.29120,0.069933,0.070449,0.165266,-0.809234,0.001686,-0.585723,0.045446
1403638131.34120,0.077089,0.075638,0.150422,-0.811654,-0.001041,-0.582525,0.043380
1403638131.39120,0.083939,0.080284,0.134966,-0.811860,-0.000021,-0.582299,0.042565
1403638131.44120,0.090635,0.085200,0.118747,-0.811212,0.001139,-0.583231,0.042136
1403638131.49120,0.097216,0.089732,0.101739,-0.811386,-0.001011,-0.583354,0.036738
1403638131.54120,0.103975,0.095185,0.083002,-0.812945,-0.001850,-0.581296,0.034815
1403638131.59120,0.111012,0.100759,0.063212,-0.814890,-0.002715,-0.578629,0.033701
1403638131.64331,0.029129,0.033654,-0.032452,-0.819167,-0.006066,-0.572725,0.030254
1403638131.69327,0.030508,0.033361,-0.062431,-0.819420,-0.008026,-0.572475,0.027540
1403638131.74323,0.028191,0.031983,-0.091179,-0.819470,-0.009481,-0.572480,0.025416
1403638131.79329,0.024481,0.029067,-0.117504,-0.819608,-0.012449,-0.572427,0.020346
1403638131.84337,0.015673,0.026119,-0.143861,-0.820323,-0.014835,-0.571514,0.014909
1403638131.89361,0.001460,0.019726,-0.174795,-0.820258,-0.013546,-0.571691,0.012780
1403638131.94399,0.011317,0.008256,-0.204492,-0.821628,-0.015054,-0.569719,0.010968
1403638131.99386,0.012913,0.012005,-0.229481,-0.822848,-0.019246,-0.567901,0.006271
1403638132.04372,0.009145,0.010042,-0.251390,-0.825223,-0.027199,-0.564149,0.001498
1403638132.09369,0.009400,0.008214,-0.259877,0.828527,0.035985,0.558772,0.004709
1403638132.14417,0.010412,0.006910,-0.260578,0.829823,0.043224,0.556269,0.009534
1403638132.19502,0.012438,0.006463,-0.248936,0.828535,0.046315,0.557898,0.011587
1403638132.24516,0.027654,0.031062,-0.160766,0.826011,0.046852,0.561550,0.013124
1403638132.29510,0.022138,0.021371,-0.129377,0.821049,0.043830,0.569138,0.006228
1403638132.34478,0.016430,0.011618,-0.119617,0.817275,0.044275,0.574527,0.004437
1403638132.39483,0.016784,0.010936,-0.092768,-0.815681,-0.043009,-0.576893,0.002950
1403638132.44478,0.018979,0.010610,-0.064648,-0.812682,-0.041273,-0.581160,0.009855
1403638132.49492,0.015708,0.009586,-0.036120,-0.806542,-0.032906,-0.589781,0.023779
1403638132.54486,0.014476,0.009633,-0.004530,-0.799484,-0.026579,-0.599176,0.033279
1403638132.59481,0.013921,0.010715,0.023871,-0.792800,-0.020778,-0.607656,0.042315
1403638132.64493,0.014568,0.014117,0.048436,-0.789739,-0.017947,-0.611331,0.047578
1403638132.69504,0.014489,0.018232,0.068848,-0.791949,-0.017864,-0.608326,0.049367
1403638132.74509,0.013957,0.023367,0.085791,-0.795301,-0.018390,-0.603834,0.050421
1403638132.79509,0.012322,0.028052,0.099656,-0.796146,-0.017470,-0.602744,0.050449
1403638132.84512,0.011005,0.032912,0.109555,-0.793359,-0.014888,-0.606267,0.052919
1403638132.89510,0.008359,0.034614,0.116359,-0.788555,-0.009673,-0.612263,0.056765
1403638132.94512,0.006174,0.034928,0.119139,-0.784952,-0.007285,-0.616478,0.061255
1403638132.99518,0.004604,0.032326,0.118355,-0.784420,-0.008855,-0.616791,0.064627
1403638133.04527,0.001954,0.026791,0.115784,-0.786505,-0.016390,-0.614351,0.060938
1403638133.09535,0.001344,0.017772,0.108989,-0.791487,-0.022956,-0.608223,0.055546
1403638133.14538,0.001605,0.006353,0.099459,-0.796441,-0.024772,-0.601941,0.052293
1403638133.19537,0.002682,-0.007953,0.087804,-0.800661,-0.022645,-0.596835,0.047077
1403638133.24536,0.003666,-0.022797,0.074757,-0.802323,-0.017199,-0.595146,0.042224
1403638133.29538,0.003740,-0.039690,0.061692,-0.803485,-0.011980,-0.594291,0.032961
1403638133.34539,0.002646,-0.058721,0.047979,-0.806763,-0.008176,-0.590314,0.024417
1403638133.39539,0.000398,-0.079520,0.035633,-0.810135,-0.004600,-0.586018,0.015575
1403638133.44537,-0.003658,-0.102091,0.025497,-0.812867,0.000402,-0.582435,0.004018
1403638133.49533,-0.008718,-0.125091,0.017445,0.813674,-0.008461,0.581238,0.005012
1403638133.54522,-0.015381,-0.149111,0.010543,0.814046,-0.019590,0.580358,0.011446
1403638133.59514,-0.023905,-0.173009,0.004249,0.814283,-0.030884,0.579505,0.012780
1403638133.64502,-0.034218,-0.194797,-0.004139,0.815816,-0.040620,0.576751,0.012337
1403638133.69505,-0.043989,-0.219165,-0.004747,0.815269,-0.048631,0.576844,0.014911
1403638133.74510,-0.054322,-0.240775,-0.012299,0.815523,-0.057112,0.575568,0.019544
1403638133.79514,-0.063464,-0.260210,-0.020780,0.814371,-0.064730,0.576152,0.025667
1403638133.84513,-0.070733,-0.277460,-0.030013,0.814820,-0.069990,0.574492,0.033610
1403638133.89512,-0.075343,-0.291087,-0.039784,0.815564,-0.075427,0.572503,0.037509
1403638133.94515,-0.076802,-0.300246,-0.049271,0.815300,-0.081092,0.572004,0.039002
1403638133.99518,-0.073547,-0.304189,-0.055185,0.814239,-0.084228,0.573003,0.039852
1403638134.04519,-0.066913,-0.302363,-0.063512,0.816136,-0.085455,0.570244,0.037949
1403638134.09518,-0.056849,-0.295726,-0.071749,0.820321,-0.083509,0.564649,0.035661
1403638134.14517,-0.043652,-0.285298,-0.078823,0.823916,-0.080772,0.559914,0.033695
1403638134.19517,-0.027873,-0.271869,-0.083045,0.824009,-0.081328,0.559806,0.031803
1403638134.24514,-0.009655,-0.255361,-0.084539,0.819757,-0.086415,0.565464,0.027955
1403638134.29512,0.009527,-0.236782,-0.084942,0.815995,-0.091508,0.570256,0.024204
1403638134.34515,0.028975,-0.217530,-0.084267,0.815276,-0.094880,0.570915,0.019462
1403638134.39515,0.048678,-0.196853,-0.084646,0.816272,-0.097317,0.569247,0.013679
1403638134.44518,0.067348,-0.175891,-0.084180,0.817232,-0.099348,0.567607,0.009222
1403638134.49522,0.084940,-0.154777,-0.082384,0.816173,-0.101956,0.568716,0.005396
1403638134.54525,0.100784,-0.133331,-0.080016,0.814805,-0.105477,0.570058,0.000998
1403638134.59527,0.114783,-0.110811,-0.076703,-0.813197,0.107246,-0.572004,0.004500
1403638134.64534,0.126256,-0.088234,-0.072822,-0.813599,0.107278,-0.571402,0.006904
1403638134.69538,0.136045,-0.064887,-0.068137,-0.815445,0.105166,-0.569150,0.007592
1403638134.74546,0.144503,-0.041391,-0.063112,-0.818228,0.102072,-0.565694,0.008621
1403638134.79548,0.152754,-0.018122,-0.057155,-0.821943,0.097775,-0.561073,0.006904
1403638134.84548,0.160051,0.004208,-0.050096,-0.824220,0.094150,-0.558374,0.004031
1403638134.89544,0.165754,0.025339,-0.042496,-0.824219,0.092231,-0.558708,0.001558
1403638134.94542,0.169377,0.043630,-0.035290,0.821965,-0.091290,0.562173,0.000366
1403638134.99544,0.172312,0.060759,-0.030998,0.820233,-0.091146,0.564720,0.001090
1403638135.04547,0.174409,0.076204,-0.029186,0.821438,-0.087644,0.563511,0.003611
1403638135.09549,0.175990,0.089741,-0.029092,0.824265,-0.082680,0.560104,0.005900
1403638135.14551,0.176085,0.100684,-0.030407,0.826569,-0.077887,0.557376,0.006940
1403638135.19552,0.174576,0.107633,-0.032851,0.828249,-0.074853,0.555275,0.008411
1403638135.24552,0.171560,0.110501,-0.036189,0.829976,-0.073004,0.552915,0.009716
1403638135.29551,0.167674,0.108782,-0.039786,0.829467,-0.071924,0.553787,0.011512
1403638135.34550,0.162522,0.103761,-0.044145,0.827614,-0.072857,0.556402,0.012807
1403638135.39550,0.156449,0.096413,-0.048830,0.826398,-0.073853,0.558010,0.015369
1403638135.44550,0.149851,0.086891,-0.053604,0.827019,-0.073721,0.556934,0.020704
1403638135.49550,0.143281,0.075192,-0.057984,0.828373,-0.073233,0.554813,0.024852
1403638135.54551,0.136821,0.061653,-0.060999,0.830821,-0.073659,0.550972,0.027236
1403638135.59551,0.130820,0.045595,-0.061438,0.832543,-0.073569,0.548073,0.032813
1403638135.64548,0.124921,0.027622,-0.060711,0.831153,-0.076329,0.549561,0.036637
1403638135.69546,0.118078,0.008405,-0.060694,0.827879,-0.083442,0.553364,0.037964
1403638135.74544,0.110412,-0.010247,-0.061749,0.824694,-0.091312,0.556958,0.036614
1403638135.79544,0.101084,-0.028239,-0.064123,0.824165,-0.096521,0.556952,0.035219
1403638135.84543,0.090793,-0.044660,-0.066070,0.825551,-0.095905,0.554795,0.038352
1403638135.89541,0.079934,-0.060054,-0.065801,0.829242,-0.092385,0.549323,0.045458
1403638135.94540,0.068340,-0.074741,-0.063384,0.833075,-0.089128,0.543522,0.051245
1403638135.99540,0.056587,-0.090455,-0.057869,0.834423,-0.088386,0.540998,0.056986
1403638136.04540,0.045303,-0.107848,-0.049333,0.832152,-0.089698,0.543626,0.062832
1403638136.09539,0.034184,-0.127637,-0.039534,0.826948,-0.094379,0.550351,0.066062
1403638136.14538,0.022138,-0.149508,-0.030633,0.821394,-0.101580,0.557392,0.065625
1403638136.19538,0.009744,-0.171061,-0.024934,0.816318,-0.107930,0.563832,0.063789
1403638136.24538,-0.002954,-0.192445,-0.022982,0.814419,-0.111912,0.565680,0.064835
1403638136.29538,-0.015445,-0.213136,-0.024054,0.813514,-0.113245,0.566085,0.070134
1403638136.34537,-0.027321,-0.231829,-0.027485,0.813977,-0.113940,0.564491,0.076223
1403638136.39535,-0.037759,-0.247224,-0.032213,0.815085,-0.114458,0.562321,0.079573
1403638136.44534,-0.046792,-0.259337,-0.036432,0.816533,-0.114568,0.559608,0.083595
1403638136.49533,-0.053808,-0.266811,-0.039074,0.817283,-0.116948,0.557752,0.085349
1403638136.54532,-0.058299,-0.269012,-0.039173,0.818007,-0.123000,0.555673,0.083443
1403638136.59533,-0.059996,-0.266362,-0.036286,0.817506,-0.127945,0.555881,0.079444
1403638136.64534,-0.058972,-0.259074,-0.031164,0.816570,-0.130136,0.557641,0.072900
1403638136.69534,-0.056232,-0.247624,-0.024581,0.816141,-0.130145,0.559138,0.065894
1403638136.74534,-0.052752,-0.233402,-0.016939,0.816448,-0.128431,0.559890,0.058673
1403638136.79534,-0.047708,-0.215700,-0.008989,0.815736,-0.126409,0.562317,0.048943
1403638136.84534,-0.041686,-0.195727,-0.002246,0.813107,-0.126190,0.567056,0.037164
1403638136.89534,-0.034981,-0.174297,0.001439,0.808291,-0.128219,0.574129,0.024530
1403638136.94534,-0.027832,-0.152232,0.001098,0.802367,-0.130478,0.582231,0.013744
1403638136.99534,-0.021048,-0.130627,-0.003991,0.798217,-0.131478,0.587813,0.006198
1403638137.04537,-0.014505,-0.109219,-0.014659,0.796851,-0.130186,0.589982,0.000336
1403638137.09538,-0.009613,-0.090259,-0.028636,-0.798691,0.126016,-0.588398,0.000517
1403638137.14539,-0.005324,-0.072156,-0.045625,0.802198,-0.120012,0.584871,0.001189
1403638137.19540,-0.001963,-0.055867,-0.064520,0.806993,-0.112949,0.579654,0.002459
1403638137.24542,0.000594,-0.041957,-0.084488,0.812317,-0.105438,0.573587,0.004688
1403638137.29542,0.002757,-0.029543,-0.104275,0.815992,-0.099193,0.569456,0.006111
1403638137.34543,0.004360,-0.018783,-0.124577,0.818779,-0.095556,0.566072,0.005625
1403638137.39543,0.005560,-0.010139,-0.144185,0.821463,-0.092020,0.562722,0.008709
1403638137.44543,0.007970,-0.001519,-0.163053,0.825203,-0.088515,0.557701,0.013246
1403638137.49544,0.009246,0.004416,-0.181182,0.829526,-0.083649,0.551836,0.019144
1403638137.54544,0.011128,0.010341,-0.197596,0.834520,-0.078157,0.544806,0.025589
1403638137.59544,0.012086,0.013298,-0.212035,0.838296,-0.072694,0.539276,0.034007
1403638137.64544,0.013838,0.016493,-0.224396,0.839540,-0.071307,0.537236,0.038286
1403638137.69543,0.016100,0.021528,-0.234832,0.838959,-0.072877,0.537631,0.042313
1403638137.74542,0.016393,0.023158,-0.244651,0.837656,-0.075515,0.539110,0.044615
1403638137.79542,0.016469,0.024420,-0.254063,0.838155,-0.078270,0.537913,0.044933
1403638137.84542,0.012288,0.022868,-0.263652,0.840131,-0.077640,0.534690,0.047525
1403638137.89543,0.010610,0.023533,-0.270298,0.844018,-0.074780,0.528596,0.051263
1403638137.94543,0.009742,0.023286,-0.275389,0.848968,-0.070912,0.520747,0.055206
1403638137.99544,0.005743,0.024522,-0.281539,0.852942,-0.067237,0.514520,0.056904
1403638138.04544,0.005482,0.024628,-0.284551,0.854293,-0.064527,0.512460,0.058344
1403638138.09545,0.005580,0.024468,-0.286838,0.853408,-0.063895,0.513999,0.058466
1403638138.14545,0.003028,0.023157,-0.287649,0.848656,-0.068266,0.521446,0.056720
1403638138.19544,-0.001454,0.020242,-0.290271,0.845737,-0.072069,0.525840,0.055015
1403638138.24544,-0.001288,0.020460,-0.292305,0.843797,-0.074122,0.528860,0.053093
1403638138.29544,-0.000199,0.019673,-0.291672,0.841696,-0.075352,0.532074,0.052595
1403638138.34544,-0.000791,0.019612,-0.291712,0.839819,-0.075463,0.534957,0.053194
1403638138.39545,-0.001783,0.019400,-0.291642,0.837137,-0.076253,0.539060,0.052925
1403638138.44544,-0.002558,0.019339,-0.291725,0.837138,-0.075495,0.539103,0.053569
1403638138.49543,-0.002249,0.019515,-0.292004,0.837139,-0.075280,0.539112,0.053766
1403638138.54543,-0.002324,0.020060,-0.292980,0.837105,-0.075691,0.539162,0.053193
1403638138.59542,-0.002273,0.020471,-0.293419,0.837176,-0.075553,0.539059,0.053320
1403638138.64542,-0.002172,0.020867,-0.293812,0.837159,-0.075998,0.539073,0.052814
1403638138.69542,-0.002019,0.021209,-0.294206,0.837152,-0.076286,0.539074,0.052501
1403638138.74542,-0.001946,0.021263,-0.294399,0.837176,-0.076075,0.539062,0.052538
1403638138.79542,-0.002038,0.021345,-0.294578,0.837276,-0.075932,0.538937,0.052438
1403638138.84542,-0.001951,0.021371,-0.294650,0.837285,-0.075654,0.538958,0.052491
1403638138.89542,-0.001786,0.022006,-0.295076,0.837071,-0.077114,0.539219,0.051073
1403638138.94542,-0.001889,0.021719,-0.295045,0.837323,-0.076189,0.538859,0.052118
1403638138.99542,-0.001800,0.022175,-0.295227,0.837158,-0.076869,0.539106,0.051213
1403638139.04542,-0.001687,0.022164,-0.295209,0.837187,-0.076483,0.539072,0.051676
1403638139.09542,-0.001613,0.022466,-0.295280,0.837216,-0.076680,0.539023,0.051428
1403638139.14542,-0.001559,0.022752,-0.295357,0.837141,-0.076781,0.539134,0.051332
1403638139.19542,-0.001440,0.022910,-0.295285,0.837138,-0.076565,0.539136,0.051669
1403638139.24542,-0.001314,0.023435,-0.295352,0.837078,-0.077061,0.539208,0.051149
1403638139.29542,-0.001222,0.023551,-0.295266,0.837077,-0.076568,0.539221,0.051779
1403638139.34542,-0.001116,0.024046,-0.295262,0.837060,-0.077026,0.539231,0.051249
1403638139.39542,-0.000976,0.024258,-0.295196,0.837044,-0.076726,0.539261,0.051643
1403638139.44542,-0.000890,0.024656,-0.295198,0.837014,-0.076921,0.539304,0.051402
1403638139.49542,-0.000822,0.024959,-0.295166,0.837009,-0.076876,0.539308,0.051500
1403638139.54542,-0.000711,0.025255,-0.295175,0.836988,-0.076867,0.539341,0.051511
1403638139.59542,-0.000631,0.025542,-0.295198,0.836973,-0.076942,0.539359,0.051457
1403638139.64542,-0.000584,0.025741,-0.295219,0.836981,-0.076866,0.539347,0.051558
1403638139.69542,-0.000519,0.025998,-0.295262,0.836950,-0.076995,0.539387,0.051457
1403638139.74542,-0.000448,0.026170,-0.295283,0.836956,-0.076909,0.539381,0.051566
1403638139.79542,-0.000413,0.026492,-0.295338,0.836938,-0.077057,0.539403,0.051390
1403638139.84542,-0.000346,0.026739,-0.295320,0.836934,-0.076928,0.539408,0.051609
1403638139.89542,-0.000252,0.027064,-0.295302,0.836898,-0.077052,0.539453,0.051533
1403638139.94542,-0.000207,0.027343,-0.295316,0.836902,-0.077060,0.539442,0.051562
1403638139.99541,-0.000159,0.027628,-0.295333,0.836895,-0.077059,0.539456,0.051542
1403638140.04541,-0.000085,0.027932,-0.295370,0.836909,-0.077111,0.539430,0.051498
1403638140.09541,-0.000029,0.028190,-0.295437,0.836888,-0.077082,0.539461,0.051558
1403638140.14541,0.000007,0.028489,-0.295510,0.836871,-0.077098,0.539486,0.051547
1403638140.19541,0.000067,0.028757,-0.295574,0.836847,-0.077121,0.539520,0.051542
1403638140.24541,0.000129,0.029042,-0.295647,0.836811,-0.077149,0.539573,0.051534
1403638140.29541,0.000153,0.029286,-0.295728,0.836802,-0.077132,0.539588,0.051549
1403638140.34541,0.000197,0.029551,-0.295786,0.836784,-0.077172,0.539612,0.051531
1403638140.39541,0.000234,0.029786,-0.295846,0.836765,-0.077173,0.539640,0.051558
1403638140.44541,0.000280,0.030039,-0.295891,0.836750,-0.077161,0.539660,0.051609
1403638140.49541,0.000287,0.030271,-0.295905,0.836735,-0.077192,0.539682,0.051569
1403638140.54541,0.000324,0.030498,-0.295889,0.836714,-0.077155,0.539718,0.051591
1403638140.59541,0.000376,0.030729,-0.295887,0.836689,-0.077185,0.539751,0.051595
1403638140.64541,0.000420,0.030967,-0.295915,0.836674,-0.077182,0.539775,0.051595
1403638140.69541,0.000500,0.031203,-0.295898,0.836649,-0.077137,0.539816,0.051640
1403638140.74540,0.000601,0.031503,-0.295886,0.836623,-0.077174,0.539855,0.051606
1403638140.79540,0.000658,0.031786,-0.295851,0.836604,-0.077137,0.539884,0.051660
1403638140.84540,0.000722,0.032078,-0.295807,0.836588,-0.077151,0.539905,0.051684
1403638140.89540,0.000787,0.032345,-0.295760,0.836582,-0.077147,0.539913,0.051704
1403638140.94540,0.000838,0.032584,-0.295753,0.836596,-0.077116,0.539894,0.051718
1403638140.99540,0.000882,0.032820,-0.295765,0.836570,-0.077134,0.539929,0.051742
1403638141.04540,0.000953,0.033035,-0.295779,0.836553,-0.077126,0.539952,0.051787
1403638141.09540,0.001001,0.033243,-0.295807,0.836521,-0.077145,0.540000,0.051790
1403638141.14540,0.001026,0.033429,-0.295823,0.836492,-0.077105,0.540049,0.051800
1403638141.19540,0.001079,0.033634,-0.295807,0.836487,-0.077129,0.540058,0.051754
1403638141.24540,0.001148,0.033830,-0.295784,0.836477,-0.077088,0.540072,0.051823
1403638141.29540,0.001193,0.034011,-0.295778,0.836474,-0.077089,0.540079,0.051804
1403638141.34540,0.001246,0.034185,-0.295758,0.836451,-0.077097,0.540113,0.051803
1403638141.39539,0.001302,0.034371,-0.295698,0.836433,-0.077086,0.540143,0.051810
1403638141.44539,0.001349,0.034566,-0.295639,0.836430,-0.077078,0.540149,0.051797
1403638141.49539,0.001397,0.034775,-0.295598,0.836421,-0.077063,0.540164,0.051802
1403638141.54539,0.001450,0.034969,-0.295544,0.836406,-0.077043,0.540188,0.051832
1403638141.59539,0.001508,0.035170,-0.295493,0.836395,-0.077041,0.540202,0.051873
1403638141.64539,0.001563,0.035386,-0.295461,0.836397,-0.077044,0.540200,0.051847
1403638141.69539,0.001633,0.035580,-0.295434,0.836387,-0.077024,0.540212,0.051909
1403638141.74539,0.001698,0.035778,-0.295407,0.836366,-0.077054,0.540243,0.051886
1403638141.79539,0.001772,0.035942,-0.295385,0.836380,-0.076999,0.540225,0.051934
1403638141.84539,0.001846,0.036148,-0.295398,0.836366,-0.077009,0.540248,0.051905
1403638141.89539,0.001906,0.036327,-0.295412,0.836360,-0.076984,0.540257,0.051942
1403638141.94539,0.001957,0.036515,-0.295443,0.836346,-0.077040,0.540267,0.051981
1403638141.99539,0.001997,0.036719,-0.295476,0.836332,-0.076943,0.540307,0.051944
1403638142.04539,0.002015,0.036918,-0.295488,0.836338,-0.076958,0.540297,0.051918
1403638142.09538,0.002051,0.037099,-0.295475,0.836323,-0.076893,0.540325,0.051963
1403638142.14538,0.002095,0.037319,-0.295418,0.836306,-0.076937,0.540352,0.051895
1403638142.19538,0.002143,0.037467,-0.295294,0.836254,-0.077154,0.540378,0.052136
1403638142.24538,0.002178,0.037593,-0.295235,0.836293,-0.077381,0.540261,0.052380
1403638142.29537,0.002209,0.037727,-0.295207,0.836237,-0.077481,0.540322,0.052503
1403638142.34537,0.002225,0.037838,-0.295201,0.836282,-0.077365,0.540276,0.052424
1403638142.39538,0.002176,0.037828,-0.295266,0.836257,-0.077450,0.540285,0.052616
1403638142.44538,0.002198,0.038026,-0.295255,0.836306,-0.077290,0.540249,0.052426
1403638142.49537,0.002220,0.038258,-0.295167,0.836289,-0.077350,0.540271,0.052387
1403638142.54538,0.002281,0.038466,-0.295142,0.836295,-0.077163,0.540303,0.052242
1403638142.59538,0.002317,0.038688,-0.295195,0.836297,-0.076708,0.540405,0.051827
1403638142.64538,0.002298,0.038760,-0.295220,0.836298,-0.076736,0.540387,0.051954
1403638142.69538,0.002297,0.038835,-0.295144,0.836337,-0.076704,0.540327,0.052002
1403638142.74537,0.002363,0.038932,-0.294954,0.836291,-0.076796,0.540373,0.052116
1403638142.79538,0.002412,0.038947,-0.294748,0.836329,-0.076994,0.540258,0.052408
1403638142.84538,0.002486,0.039150,-0.294596,0.836314,-0.076920,0.540305,0.052285
1403638142.89538,0.002638,0.039330,-0.294521,0.836318,-0.076845,0.540300,0.052374
1403638142.94538,0.002789,0.039540,-0.294565,0.836310,-0.076711,0.540347,0.052211
1403638142.99539,0.002920,0.039674,-0.294636,0.836288,-0.076458,0.540417,0.052213
1403638143.04539,0.002944,0.039864,-0.294686,0.836306,-0.076609,0.540377,0.052119
1403638143.09539,0.002926,0.040013,-0.294664,0.836281,-0.076510,0.540419,0.052230
1403638143.14538,0.002910,0.040217,-0.294709,0.836235,-0.076594,0.540487,0.052125
1403638143.19539,0.002914,0.040360,-0.294836,0.836285,-0.076598,0.540409,0.052132
1403638143.24539,0.002935,0.040464,-0.294986,0.836245,-0.076607,0.540473,0.052109
1403638143.29539,0.002931,0.040526,-0.295100,0.836227,-0.076634,0.540502,0.052057
1403638143.34539,0.002973,0.040561,-0.295171,0.836227,-0.076561,0.540503,0.052152
1403638143.39539,0.003032,0.040595,-0.295242,0.836192,-0.076681,0.540546,0.052094
1403638143.44539,0.003025,0.040617,-0.295289,0.836172,-0.076677,0.540568,0.052187
1403638143.49539,0.003026,0.040703,-0.295349,0.836158,-0.076747,0.540581,0.052168
1403638143.54539,0.003045,0.040801,-0.295425,0.836128,-0.076778,0.540620,0.052195
1403638143.59539,0.003058,0.040892,-0.295517,0.836136,-0.076973,0.540569,0.052322
1403638143.64539,0.003102,0.041031,-0.295651,0.836138,-0.076978,0.540582,0.052146
1403638143.69539,0.003073,0.041078,-0.295760,0.836113,-0.076981,0.540617,0.052166
1403638143.74539,0.003038,0.041130,-0.295855,0.836096,-0.076987,0.540648,0.052119
1403638143.79539,0.003010,0.041158,-0.295944,0.836103,-0.076954,0.540648,0.052050
1403638143.84539,0.002976,0.041188,-0.296027,0.836092,-0.076995,0.540664,0.052014
1403638143.89539,0.002907,0.041219,-0.296118,0.836083,-0.077070,0.540668,0.051990
1403638143.94539,0.002892,0.041267,-0.296198,0.836054,-0.077065,0.540706,0.052072
1403638143.99539,0.002887,0.041347,-0.296269,0.836049,-0.077120,0.540710,0.052022
1403638144.04539,0.002880,0.041409,-0.296348,0.836066,-0.077135,0.540685,0.051985
1403638144.09539,0.002883,0.041478,-0.296420,0.836069,-0.077137,0.540681,0.051988
1403638144.14539,0.002877,0.041517,-0.296471,0.836052,-0.077139,0.540699,0.052060
1403638144.19539,0.002881,0.041595,-0.296533,0.836030,-0.077166,0.540732,0.052045
1403638144.24539,0.002879,0.041679,-0.296591,0.836018,-0.077147,0.540755,0.052032
1403638144.29539,0.002858,0.041742,-0.296642,0.836004,-0.077113,0.540783,0.052007
1403638144.34539,0.002833,0.041800,-0.296701,0.836001,-0.077156,0.540787,0.051937
1403638144.39539,0.002830,0.041851,-0.296738,0.835975,-0.077124,0.540830,0.051972
1403638144.44539,0.002835,0.041933,-0.296777,0.835979,-0.077169,0.540819,0.051945
1403638144.49539,0.002871,0.041991,-0.296813,0.835966,-0.077185,0.540830,0.052019
1403638144.54539,0.002889,0.042084,-0.296828,0.835960,-0.077270,0.540828,0.052005
1403638144.59539,0.002884,0.042170,-0.296832,0.835970,-0.077251,0.540816,0.051996
1403638144.64539,0.002824,0.042261,-0.296801,0.835934,-0.077199,0.540883,0.051965
1403638144.69539,0.002760,0.042377,-0.296743,0.835901,-0.077156,0.540939,0.051968
1403638144.74539,0.002700,0.042491,-0.296731,0.835908,-0.077153,0.540920,0.052057
1403638144.79539,0.002740,0.042624,-0.296707,0.835891,-0.077195,0.540950,0.051975
1403638144.84539,0.002806,0.042727,-0.296672,0.835889,-0.077163,0.540951,0.052028
1403638144.89539,0.002845,0.042858,-0.296628,0.835907,-0.077195,0.540920,0.052026
1403638144.94539,0.002915,0.042963,-0.296574,0.835947,-0.077117,0.540862,0.052095
1403638144.99539,0.003000,0.043084,-0.296523,0.835871,-0.077156,0.540973,0.052103
1403638145.04539,0.003051,0.043179,-0.296509,0.835923,-0.077135,0.540896,0.052093
1403638145.09539,0.003094,0.043251,-0.296479,0.835873,-0.077184,0.540968,0.052083
1403638145.14539,0.003145,0.043338,-0.296452,0.835921,-0.077150,0.540889,0.052191
1403638145.19539,0.003198,0.043422,-0.296439,0.835868,-0.077185,0.540971,0.052140
1403638145.24539,0.003199,0.043494,-0.296466,0.835898,-0.077140,0.540925,0.052192
1403638145.29539,0.003196,0.043569,-0.296503,0.835876,-0.077202,0.540955,0.052141
1403638145.34539,0.003203,0.043622,-0.296519,0.835859,-0.077176,0.540983,0.052168
1403638145.39539,0.003177,0.043667,-0.296509,0.835855,-0.077241,0.540972,0.052254
1403638145.44539,0.003154,0.043697,-0.296465,0.835842,-0.077254,0.540981,0.052344
1403638145.49539,0.003136,0.043803,-0.296446,0.835830,-0.077239,0.541010,0.052254
1403638145.54539,0.003167,0.043857,-0.296428,0.835793,-0.077217,0.541067,0.052295
1403638145.59539,0.003198,0.043936,-0.296438,0.835840,-0.077178,0.541007,0.052216
1403638145.64539,0.003252,0.044034,-0.296413,0.835856,-0.077179,0.540983,0.052199
1403638145.69539,0.003353,0.044133,-0.296442,0.835819,-0.077161,0.541042,0.052218
1403638145.74539,0.003437,0.044243,-0.296486,0.835848,-0.077188,0.540997,0.052183
1403638145.79539,0.003483,0.044294,-0.296488,0.835853,-0.077106,0.540990,0.052285
1403638145.84539,0.003550,0.044385,-0.296513,0.835813,-0.077179,0.541047,0.052220
1403638145.89539,0.003584,0.044445,-0.296564,0.835808,-0.077148,0.541052,0.052300
1403638145.94539,0.003590,0.044531,-0.296572,0.835819,-0.077247,0.541022,0.052289
1403638145.99539,0.003587,0.044591,-0.296577,0.835783,-0.077186,0.541088,0.052277
1403638146.04539,0.003576,0.044675,-0.296552,0.835770,-0.077174,0.541116,0.052217
1403638146.09539,0.003538,0.044744,-0.296488,0.835810,-0.077104,0.541062,0.052234
1403638146.14539,0.003497,0.044846,-0.296416,0.835767,-0.077139,0.541124,0.052234
1403638146.19539,0.003595,0.044965,-0.296396,0.835732,-0.077103,0.541179,0.052278
1403638146.24539,0.003654,0.045026,-0.296399,0.835760,-0.077057,0.541137,0.052330
1403638146.29539,0.003718,0.045079,-0.296367,0.835737,-0.077094,0.541167,0.052332
1403638146.34539,0.003737,0.045151,-0.296323,0.835749,-0.077083,0.541152,0.052310
1403638146.39539,0.003749,0.045262,-0.296281,0.835739,-0.077026,0.541170,0.052364
1403638146.44539,0.003811,0.045352,-0.296246,0.835682,-0.077098,0.541249,0.052359
1403638146.49539,0.003871,0.045372,-0.296193,0.835785,-0.077093,0.541090,0.052362
1403638146.54539,0.003917,0.045422,-0.296242,0.835730,-0.077113,0.541170,0.052379
1403638146.59539,0.003919,0.045463,-0.296287,0.835718,-0.077098,0.541185,0.052435
1403638146.64538,0.003781,0.045524,-0.296294,0.835777,-0.077116,0.541089,0.052459
1403638146.69539,0.003781,0.045491,-0.296250,0.835717,-0.077098,0.541184,0.052472
1403638146.74538,0.003800,0.045530,-0.296233,0.835732,-0.077036,0.541169,0.052468
1403638146.79539,0.003802,0.045584,-0.296396,0.835610,-0.077035,0.541361,0.052437
1403638146.84538,0.003773,0.045663,-0.296368,0.835737,-0.076916,0.541171,0.052546
1403638146.89538,0.003710,0.045694,-0.296245,0.835654,-0.076881,0.541306,0.052528
1403638146.94539,0.003778,0.045623,-0.296166,0.835719,-0.076898,0.541208,0.052479
1403638146.99539,0.003898,0.045576,-0.296073,0.835791,-0.076955,0.541082,0.052551
1403638147.04539,0.003960,0.045577,-0.296089,0.835816,-0.076881,0.541052,0.052573
1403638147.09538,0.004069,0.045683,-0.295962,0.835874,-0.076871,0.540979,0.052411
1403638147.14539,0.004268,0.045691,-0.296168,0.835966,-0.076875,0.540847,0.052300
1403638147.19539,0.004341,0.045573,-0.296230,0.835978,-0.076777,0.540833,0.052399
1403638147.24539,0.004143,0.045690,-0.296264,0.835910,-0.076865,0.540943,0.052213
1403638147.29540,0.003869,0.045727,-0.296337,0.835867,-0.076897,0.541001,0.052268
1403638147.34540,0.003747,0.045728,-0.296297,0.835751,-0.076852,0.541174,0.052392
1403638147.39540,0.003631,0.045805,-0.296342,0.835711,-0.076824,0.541250,0.052288
1403638147.44540,0.003605,0.045817,-0.296281,0.835698,-0.076838,0.541266,0.052313
1403638147.49540,0.003699,0.045851,-0.296010,0.835304,-0.076579,0.541921,0.052197
1403638147.54540,0.003919,0.045768,-0.296082,0.835253,-0.076908,0.541961,0.052113
1403638147.59539,0.004187,0.045731,-0.296046,0.834934,-0.076714,0.542522,0.051675
1403638147.64539,0.004753,0.045566,-0.296295,0.835266,-0.076183,0.542075,0.051780
1403638147.69539,0.005408,0.045693,-0.296335,0.835186,-0.075938,0.542286,0.051212
1403638147.74539,0.005974,0.045383,-0.296317,0.834725,-0.075853,0.543032,0.050955
1403638147.79540,0.007159,0.044914,-0.296086,0.832908,-0.076399,0.545657,0.051835
1403638147.84541,0.009327,0.044079,-0.295216,0.830081,-0.078016,0.549576,0.053346
1403638147.89541,0.012611,0.042976,-0.292612,0.825537,-0.079099,0.556083,0.054811
1403638147.94540,0.016749,0.041695,-0.288213,0.821842,-0.080018,0.561284,0.055974
1403638147.99541,0.021632,0.040777,-0.282336,0.818937,-0.080969,0.565400,0.055754
1403638148.04540,0.026821,0.039818,-0.274058,0.816099,-0.080249,0.569460,0.057074
1403638148.09540,0.032106,0.038860,-0.263936,0.813713,-0.080222,0.572917,0.056592
1403638148.14540,0.037732,0.037670,-0.251804,0.812122,-0.078408,0.575325,0.057545
1403638148.19540,0.043238,0.036527,-0.236860,0.810972,-0.077027,0.577153,0.057324
1403638148.24540,0.048467,0.035667,-0.218050,0.810655,-0.075959,0.577851,0.056192
1403638148.29540,0.052878,0.035112,-0.195095,0.810729,-0.074243,0.578020,0.055676
1403638148.34540,0.057570,0.034709,-0.169568,0.810084,-0.072849,0.579188,0.054749
1403638148.39539,0.061704,0.034468,-0.144932,0.810516,-0.071256,0.578842,0.054112
1403638148.44539,0.065458,0.034121,-0.124885,0.811451,-0.069872,0.577731,0.053774
1403638148.49539,0.068613,0.034031,-0.111074,0.814454,-0.068345,0.573657,0.053944
1403638148.54539,0.071747,0.033940,-0.103502,0.816360,-0.066961,0.571060,0.054438
1403638148.59539,0.075171,0.034059,-0.102236,0.818516,-0.066037,0.568128,0.053862
1403638148.64539,0.078700,0.034477,-0.105684,0.820586,-0.064765,0.565300,0.053676
1403638148.69538,0.083168,0.035178,-0.111287,0.822231,-0.064020,0.563051,0.053022
1403638148.74538,0.088147,0.036112,-0.117016,0.823594,-0.063462,0.561238,0.051741
1403638148.79538,0.093896,0.037235,-0.120801,0.824713,-0.062928,0.559723,0.050985
1403638148.84538,0.100024,0.038762,-0.122031,0.825170,-0.062348,0.559219,0.049819
1403638148.89537,0.107570,0.039813,-0.116790,0.825256,-0.061416,0.559212,0.049631
1403638148.94537,0.115379,0.041624,-0.112616,0.824480,-0.060965,0.560464,0.048952
1403638148.99538,0.123436,0.043578,-0.105319,0.823380,-0.060056,0.562222,0.048433
1403638149.04541,0.136119,0.044749,-0.088576,0.821155,-0.059105,0.565568,0.048419
1403638149.09543,0.148819,0.046783,-0.069241,0.819260,-0.058102,0.568386,0.048732
1403638149.14543,0.160570,0.048886,-0.051542,0.817769,-0.057454,0.570595,0.048729
1403638149.19543,0.172198,0.051568,-0.034228,0.816856,-0.057373,0.571923,0.048564
1403638149.24542,0.183879,0.054410,-0.017697,0.815987,-0.057465,0.573203,0.047969
1403638149.29543,0.200235,0.057290,0.002481,0.815309,-0.058445,0.574156,0.046894
1403638149.34542,0.212431,0.060660,0.018814,0.814503,-0.058745,0.575339,0.046027
1403638149.39541,0.224257,0.064108,0.034006,0.813848,-0.058429,0.576280,0.046251
1403638149.44541,0.236018,0.067417,0.047675,0.813447,-0.058456,0.576856,0.046087
1403638149.49541,0.248087,0.070586,0.060885,0.812957,-0.057799,0.577548,0.046886
1403638149.54540,0.260254,0.073607,0.072876,0.812773,-0.057271,0.577817,0.047415
1403638149.59537,0.276925,0.074021,0.091214,0.812611,-0.056018,0.578122,0.047972
1403638149.64537,0.289473,0.077038,0.101026,0.812869,-0.054003,0.578012,0.047217
1403638149.69536,0.301674,0.080114,0.109545,0.812882,-0.051171,0.578401,0.045351
1403638149.74535,0.314039,0.083327,0.117277,0.812970,-0.048011,0.578638,0.044199
1403638149.79534,0.326967,0.087221,0.125020,0.813239,-0.045691,0.578591,0.042290
1403638149.84534,0.338663,0.090860,0.130066,0.813644,-0.043256,0.578311,0.040861
1403638149.89534,0.348813,0.094411,0.133287,0.813389,-0.041774,0.578885,0.039315
1403638149.94534,0.359578,0.098431,0.135966,0.813785,-0.039909,0.578508,0.038614
1403638149.99534,0.370185,0.102895,0.137400,0.813986,-0.037740,0.578362,0.038723
1403638150.04534,0.380625,0.107805,0.137192,0.813937,-0.034490,0.578439,0.041534
1403638150.09534,0.390945,0.113233,0.135258,0.814197,-0.031111,0.578044,0.044505
1403638150.14534,0.401267,0.119487,0.131489,0.814400,-0.027515,0.577651,0.048119
1403638150.19534,0.411477,0.126691,0.126370,0.814497,-0.024706,0.577376,0.051190
1403638150.24533,0.421618,0.135000,0.120103,0.814280,-0.022124,0.577496,0.054383
1403638150.29534,0.431721,0.144504,0.112200,0.815634,-0.022078,0.575622,0.053983
1403638150.34534,0.442069,0.155661,0.103018,0.817347,-0.022165,0.573211,0.053681
1403638150.39535,0.451219,0.167821,0.092965,0.819915,-0.022896,0.569820,0.050203
1403638150.44535,0.461763,0.181478,0.084526,0.823519,-0.023678,0.565065,0.044239
1403638150.49533,0.472434,0.196179,0.078639,0.825770,-0.023097,0.562245,0.038081
1403638150.54533,0.485277,0.212451,0.073853,0.828190,-0.020876,0.559053,0.033562
1403638150.59532,0.499657,0.229083,0.072069,0.829697,-0.018787,0.557121,0.029420
1403638150.64532,0.514920,0.246543,0.073211,0.830396,-0.016644,0.556336,0.025621
1403638150.69531,0.531112,0.263896,0.076137,0.830108,-0.014620,0.556942,0.022874
1403638150.74531,0.548667,0.281271,0.080815,0.829865,-0.011666,0.557460,0.020635
1403638150.79530,0.567971,0.299004,0.087473,0.829230,-0.007905,0.558537,0.018763
1403638150.84529,0.588019,0.317426,0.095187,0.828238,-0.003149,0.560130,0.016289
1403638150.89528,0.608811,0.336018,0.102422,0.826909,0.001502,0.562157,0.014099
1403638150.94528,0.630242,0.354991,0.108381,0.825302,0.005480,0.564531,0.012328
1403638150.99528,0.652199,0.374576,0.113341,0.822828,0.009703,0.568127,0.009633
1403638151.04529,0.673764,0.394349,0.116474,0.822372,0.015112,0.568709,0.006808
1403638151.09529,0.695460,0.414877,0.118022,0.820909,0.021966,0.570626,0.003454
1403638151.14529,0.717497,0.436413,0.118747,-0.819437,-0.030463,-0.572359,0.000461
1403638151.19529,0.744230,0.460197,0.115088,-0.818902,-0.039544,-0.572540,0.005913
1403638151.24527,0.766861,0.483360,0.112756,-0.819122,-0.048967,-0.571373,0.013191
1403638151.29528,0.789406,0.507299,0.108941,-0.819022,-0.058566,-0.570404,0.020317
1403638151.34527,0.812282,0.531837,0.104985,-0.818881,-0.068935,-0.569143,0.027538
1403638151.39528,0.833668,0.557206,0.101655,-0.818106,-0.078904,-0.568488,0.036013
1403638151.44528,0.855216,0.583505,0.099832,-0.817263,-0.088129,-0.567707,0.044976
1403638151.49528,0.876018,0.610016,0.099393,-0.816091,-0.098235,-0.567097,0.052397
1403638151.54528,0.897021,0.636999,0.100560,-0.814905,-0.106846,-0.566529,0.059658
1403638151.59528,0.918227,0.664478,0.103235,-0.814097,-0.114857,-0.565500,0.065299
1403638151.64528,0.939131,0.692194,0.107701,-0.812752,-0.121524,-0.565415,0.070506
1403638151.69529,0.960222,0.719901,0.113915,-0.811764,-0.127418,-0.565034,0.074436
1403638151.74528,0.981194,0.748532,0.122503,-0.811183,-0.132242,-0.564373,0.077311
1403638151.79527,1.001940,0.777621,0.133155,-0.811069,-0.136246,-0.563268,0.079582
1403638151.84527,1.022539,0.806943,0.145650,-0.810767,-0.139151,-0.562683,0.081744
1403638151.89527,1.043215,0.836560,0.159202,-0.810619,-0.141167,-0.562200,0.083062
1403638151.94527,1.064300,0.866716,0.173689,-0.810594,-0.143492,-0.561673,0.082892
1403638151.99527,1.085286,0.897303,0.187978,-0.810646,-0.144714,-0.561212,0.083381
1403638152.04527,1.106494,0.928374,0.201557,-0.810882,-0.144926,-0.560716,0.084049
1403638152.09527,1.127401,0.959766,0.213647,-0.811012,-0.145368,-0.560441,0.083863
1403638152.14527,1.149073,0.992308,0.223914,-0.810761,-0.145908,-0.560726,0.083444
1403638152.19527,1.169871,1.024663,0.233183,-0.810950,-0.145538,-0.560524,0.083619
1403638152.24527,1.191009,1.057635,0.240847,-0.810687,-0.146203,-0.560917,0.082353
1403638152.29527,1.212678,1.091375,0.246363,-0.810591,-0.146632,-0.561131,0.081073
1403638152.34527,1.233982,1.126033,0.251353,-0.810205,-0.147023,-0.561866,0.079108
1403638152.39527,1.255307,1.161449,0.254061,-0.810468,-0.147482,-0.561622,0.077276
1403638152.44527,1.276601,1.197537,0.254391,-0.810649,-0.147435,-0.561584,0.075728
1403638152.49527,1.297621,1.234284,0.252871,-0.810987,-0.147866,-0.561265,0.073602
1403638152.54527,1.318077,1.271299,0.249740,-0.810722,-0.147614,-0.561725,0.073515
1403638152.59527,1.338369,1.309382,0.245924,-0.811153,-0.146725,-0.561309,0.073720
1403638152.64527,1.358203,1.348074,0.241062,-0.812356,-0.145219,-0.559657,0.075981
1403638152.69526,1.378477,1.387995,0.237423,-0.813071,-0.144587,-0.558322,0.079293
1403638152.74525,1.399115,1.428732,0.235321,-0.812784,-0.146169,-0.557936,0.082009
1403638152.79523,1.420318,1.470470,0.235783,-0.811694,-0.147513,-0.558399,0.087075
1403638152.84522,1.442433,1.513525,0.238730,-0.810481,-0.150085,-0.558660,0.092161
1403638152.89520,1.464693,1.556490,0.243426,-0.807913,-0.153225,-0.560503,0.098159
1403638152.94520,1.487646,1.601207,0.250178,-0.805351,-0.158309,-0.561848,0.103323
1403638152.99520,1.509513,1.645339,0.258249,-0.804152,-0.164195,-0.560913,0.108426
1403638153.04520,1.531161,1.689406,0.268140,-0.804124,-0.170406,-0.558216,0.112875
1403638153.09520,1.552850,1.733304,0.279269,-0.804815,-0.175960,-0.554693,0.116734
1403638153.14520,1.574507,1.776817,0.290431,-0.805489,-0.181047,-0.551432,0.119715
1403638153.19520,1.596546,1.820212,0.301103,-0.805693,-0.185332,-0.549220,0.121932
1403638153.24520,1.619002,1.863257,0.310598,-0.805692,-0.188972,-0.547568,0.123773
1403638153.29521,1.641943,1.906561,0.318992,-0.805119,-0.193600,-0.546459,0.125238
1403638153.34520,1.664780,1.951356,0.326246,-0.804639,-0.198123,-0.544837,0.128282
1403638153.39520,1.687651,1.995514,0.332354,-0.803521,-0.203789,-0.543655,0.131394
1403638153.44522,1.714575,2.041660,0.338763,-0.802081,-0.211256,-0.542493,0.133181
1403638153.49523,1.738157,2.086184,0.345598,-0.800266,-0.220289,-0.541522,0.133422
1403638153.54523,1.761297,2.131940,0.355093,-0.798318,-0.229925,-0.540304,0.133767
1403638153.59524,1.785293,2.179239,0.365478,-0.796315,-0.238811,-0.538782,0.136255
1403638153.64524,1.809433,2.227858,0.377394,-0.793628,-0.247921,-0.537892,0.139149
1403638153.69524,1.833654,2.277640,0.389353,-0.790926,-0.255742,-0.536689,0.144905
1403638153.74525,1.858141,2.328781,0.400478,-0.787627,-0.262062,-0.536360,0.152596
1403638153.79525,1.883145,2.379969,0.409486,-0.784728,-0.268694,-0.535806,0.157852
1403638153.84526,1.908065,2.433286,0.417974,-0.781867,-0.274079,-0.535589,0.163430
1403638153.89526,1.932966,2.487397,0.424838,-0.778925,-0.278166,-0.536284,0.168225
1403638153.94525,1.958079,2.542690,0.430896,-0.775697,-0.280544,-0.538005,0.173607
1403638153.99525,1.981805,2.597900,0.434953,-0.773879,-0.282411,-0.538291,0.177757
1403638154.04525,2.005681,2.653746,0.437536,-0.772209,-0.283522,-0.538893,0.181391
1403638154.09525,2.030174,2.710984,0.439509,-0.770134,-0.285118,-0.540392,0.183243
1403638154.14526,2.053911,2.767507,0.440405,-0.767623,-0.286149,-0.542897,0.184760
1403638154.19525,2.077051,2.824053,0.439323,-0.765144,-0.286853,-0.545780,0.185461
1403638154.24525,2.100027,2.881124,0.437683,-0.762763,-0.287780,-0.548604,0.185493
1403638154.29525,2.121795,2.937624,0.434369,-0.761132,-0.287944,-0.550745,0.185596
1403638154.34525,2.142791,2.994450,0.430810,-0.759019,-0.286717,-0.553770,0.187144
1403638154.39525,2.162597,3.050425,0.426496,-0.755836,-0.285639,-0.558312,0.188174
1403638154.44525,2.181776,3.106637,0.421034,-0.753843,-0.284068,-0.561280,0.189713
1403638154.49526,2.199048,3.162005,0.415099,-0.752453,-0.282859,-0.563528,0.190373
1403638154.54526,2.214240,3.216264,0.409034,-0.752891,-0.282152,-0.563086,0.190997
1403638154.59527,2.226806,3.269191,0.404258,-0.753647,-0.282476,-0.561425,0.192420
1403638154.64528,2.237800,3.321746,0.401410,-0.754825,-0.284055,-0.558535,0.193883
1403638154.69528,2.249704,3.376973,0.400233,-0.756409,-0.286861,-0.554382,0.195489
1403638154.74528,2.258791,3.429891,0.400764,-0.757351,-0.291701,-0.550508,0.195629
1403638154.79527,2.266775,3.482685,0.403599,-0.757755,-0.296625,-0.547473,0.195177
1403638154.84526,2.273512,3.534978,0.407990,-0.757412,-0.301532,-0.545518,0.194464
1403638154.89526,2.279789,3.589204,0.415691,-0.756658,-0.305777,-0.544182,0.194512
1403638154.94525,2.284688,3.642174,0.424504,-0.755349,-0.310859,-0.543184,0.194334
1403638154.99523,2.287964,3.695502,0.435159,-0.753418,-0.315177,-0.542704,0.196208
1403638155.04522,2.290266,3.749986,0.447506,-0.750784,-0.320013,-0.542425,0.199225
1403638155.09521,2.290650,3.803341,0.460564,-0.748358,-0.325159,-0.541502,0.202501
1403638155.14520,2.290663,3.858756,0.473553,-0.745354,-0.329343,-0.541558,0.206628
1403638155.19519,2.289558,3.914194,0.485262,-0.743284,-0.332477,-0.540856,0.210860
1403638155.24519,2.287674,3.969097,0.495077,-0.740132,-0.334989,-0.541971,0.215067
1403638155.29519,2.284535,4.025088,0.503956,-0.737188,-0.337429,-0.543287,0.218025
1403638155.34519,2.279906,4.080685,0.511299,-0.733884,-0.340658,-0.544830,0.220291
1403638155.39519,2.274427,4.137569,0.516749,-0.730287,-0.344461,-0.545987,0.223440
1403638155.44519,2.266372,4.191084,0.520193,-0.726673,-0.349193,-0.546983,0.225436
1403638155.49519,2.257275,4.246120,0.521667,-0.723917,-0.354185,-0.546249,0.228273
1403638155.54520,2.245722,4.299186,0.521467,-0.721341,-0.357499,-0.544497,0.235341
1403638155.59520,2.232728,4.352222,0.520469,-0.718740,-0.361191,-0.542358,0.242491
1403638155.64519,2.218498,4.405249,0.518841,-0.715021,-0.364604,-0.540655,0.251993
1403638155.69519,2.202421,4.457297,0.515676,-0.710428,-0.369427,-0.539183,0.260957
1403638155.74519,2.185489,4.509203,0.511513,-0.706539,-0.375104,-0.536345,0.269136
1403638155.79519,2.168070,4.559947,0.506225,-0.702719,-0.382354,-0.532718,0.276047
1403638155.84519,2.147318,4.606461,0.499075,-0.699354,-0.389523,-0.527943,0.283640
1403638155.89521,2.124769,4.651435,0.492101,-0.696852,-0.398644,-0.521186,0.289560
1403638155.94521,2.101860,4.696442,0.485577,-0.695085,-0.408690,-0.512594,0.295087
1403638155.99522,2.077899,4.739059,0.480186,-0.693190,-0.419843,-0.503219,0.299983
1403638156.04523,2.053926,4.781120,0.478010,-0.690962,-0.431224,-0.493862,0.304498
1403638156.09523,2.028572,4.822976,0.478259,-0.688351,-0.442243,-0.484591,0.309460
1403638156.14523,2.003010,4.863755,0.480733,-0.684598,-0.451185,-0.477891,0.315244
1403638156.19522,1.977944,4.905267,0.485391,-0.681167,-0.458411,-0.471554,0.321726
1403638156.24522,1.953331,4.947638,0.491485,-0.677302,-0.466623,-0.465865,0.326336
1403638156.29522,1.929392,4.990365,0.498337,-0.674641,-0.474663,-0.458965,0.330008
1403638156.34524,1.907475,5.036162,0.503828,-0.672141,-0.481666,-0.453177,0.332950
1403638156.39524,1.885308,5.080296,0.508221,-0.670196,-0.486575,-0.448265,0.336364
1403638156.44525,1.863914,5.123841,0.510915,-0.668659,-0.491140,-0.444043,0.338382
1403638156.49525,1.843230,5.168949,0.511969,-0.667536,-0.494357,-0.440730,0.340241
1403638156.54525,1.825674,5.212166,0.509663,-0.665979,-0.496863,-0.439045,0.341817
1403638156.59525,1.807745,5.257302,0.507158,-0.664801,-0.498582,-0.437809,0.343189
1403638156.64525,1.790594,5.302612,0.503413,-0.664141,-0.499855,-0.437087,0.343535
1403638156.69525,1.774115,5.348103,0.498495,-0.664095,-0.500610,-0.436094,0.343787
1403638156.74525,1.758829,5.394224,0.492195,-0.663383,-0.501241,-0.436406,0.343845
1403638156.79525,1.744613,5.440093,0.484600,-0.663640,-0.501366,-0.436130,0.343517
1403638156.84525,1.731181,5.487083,0.476907,-0.664078,-0.501287,-0.436119,0.342799
1403638156.89525,1.717758,5.534679,0.469725,-0.664352,-0.501030,-0.436440,0.342235
1403638156.94525,1.705021,5.582355,0.463288,-0.665201,-0.500677,-0.436549,0.340963
1403638156.99525,1.693052,5.631461,0.458698,-0.665943,-0.499730,-0.437033,0.340284
1403638157.04525,1.681964,5.682409,0.456357,-0.667533,-0.499130,-0.436271,0.339024
1403638157.09525,1.672737,5.735436,0.455770,-0.668993,-0.498733,-0.435442,0.337793
1403638157.14526,1.664227,5.787191,0.457017,-0.670878,-0.498449,-0.434255,0.335996
1403638157.19526,1.656520,5.841763,0.459548,-0.672503,-0.498547,-0.433468,0.333610
1403638157.24526,1.649232,5.896496,0.463672,-0.673556,-0.497335,-0.432955,0.333961
1403638157.29526,1.643230,5.952467,0.468975,-0.672625,-0.497506,-0.433733,0.334573
1403638157.34526,1.637868,6.009462,0.475630,-0.670778,-0.498881,-0.435178,0.334357
1403638157.39526,1.633199,6.067297,0.481787,-0.668695,-0.500557,-0.436997,0.333650
1403638157.44526,1.628949,6.127345,0.487807,-0.665951,-0.502057,-0.439647,0.333405
1403638157.49526,1.624689,6.187661,0.491719,-0.663037,-0.503419,-0.441187,0.335120
1403638157.54525,1.619437,6.248635,0.494096,-0.659298,-0.505477,-0.442498,0.337661
1403638157.59525,1.615001,6.310381,0.495477,-0.654469,-0.508444,-0.443678,0.341035
1403638157.64524,1.610377,6.372270,0.495826,-0.648341,-0.512347,-0.445360,0.344687
1403638157.69524,1.605893,6.436146,0.496280,-0.641213,-0.517721,-0.446575,0.348399
1403638157.74524,1.600833,6.499477,0.497725,-0.633994,-0.524248,-0.446533,0.351886
1403638157.79524,1.594488,6.562215,0.500732,-0.627392,-0.530930,-0.444406,0.356365
1403638157.84523,1.587616,6.624746,0.505428,-0.620927,-0.537539,-0.440644,0.362401
1403638157.89523,1.579877,6.687369,0.512395,-0.614740,-0.543591,-0.436366,0.369036
1403638157.94523,1.571828,6.749940,0.520906,-0.609052,-0.549859,-0.431449,0.374915
1403638157.99523,1.563473,6.813173,0.529543,-0.603546,-0.555550,-0.427994,0.379365
1403638158.04524,1.555978,6.876124,0.536709,-0.601077,-0.560549,-0.420942,0.383796
1403638158.09524,1.548021,6.938507,0.542763,-0.598667,-0.563767,-0.415183,0.389087
1403638158.14525,1.541609,7.000746,0.549060,-0.596587,-0.566191,-0.410549,0.393652
1403638158.19525,1.534546,7.062156,0.552015,-0.595360,-0.567757,-0.405824,0.398127
1403638158.24525,1.528050,7.123217,0.553534,-0.593263,-0.569808,-0.403774,0.400406
1403638158.29525,1.522034,7.183959,0.553552,-0.590884,-0.571762,-0.403168,0.401746
1403638158.34526,1.516768,7.243962,0.552274,-0.588858,-0.574618,-0.403121,0.400692
1403638158.39526,1.510967,7.304159,0.551158,-0.587430,-0.575940,-0.403324,0.400685
1403638158.44525,1.505697,7.362515,0.548946,-0.584876,-0.577976,-0.405545,0.399246
1403638158.49525,1.499902,7.421596,0.545811,-0.582941,-0.579237,-0.407440,0.398317
1403638158.54525,1.493824,7.480564,0.541576,-0.581059,-0.580088,-0.409813,0.397393
1403638158.59525,1.487362,7.539419,0.537186,-0.580277,-0.580590,-0.411236,0.396332
1403638158.64525,1.480087,7.598143,0.532850,-0.579666,-0.580139,-0.412669,0.396397
1403638158.69525,1.472118,7.656313,0.528053,-0.580600,-0.578881,-0.412162,0.397395
1403638158.74525,1.463114,7.713632,0.525179,-0.582159,-0.577676,-0.410720,0.398359
1403638158.79525,1.454576,7.769617,0.521982,-0.585069,-0.576918,-0.407420,0.398584
1403638158.84525,1.444241,7.826769,0.519626,-0.588284,-0.575895,-0.404216,0.398592
1403638158.89525,1.435418,7.882464,0.519683,-0.591283,-0.575651,-0.401064,0.397692
1403638158.94525,1.426539,7.936761,0.521379,-0.593714,-0.574776,-0.398454,0.397958
1403638158.99526,1.418225,7.991416,0.525678,-0.596224,-0.575349,-0.396010,0.395812
1403638159.04526,1.411657,8.045911,0.530018,-0.599372,-0.576593,-0.392110,0.393119
1403638159.09526,1.406048,8.102319,0.537932,-0.602429,-0.578512,-0.388558,0.389134
1403638159.14525,1.399070,8.158385,0.545183,-0.606670,-0.580447,-0.383169,0.384986
1403638159.19525,1.392863,8.215397,0.551372,-0.609759,-0.583154,-0.379242,0.379871
1403638159.24525,1.387380,8.274599,0.556772,-0.610964,-0.583883,-0.378316,0.377731
1403638159.29525,1.382336,8.336332,0.561706,-0.609886,-0.581325,-0.381092,0.380617
1403638159.34525,1.377362,8.399785,0.566052,-0.607332,-0.576571,-0.385838,0.387095
1403638159.39525,1.373137,8.465347,0.569373,-0.603340,-0.571442,-0.392432,0.394248
1403638159.44524,1.368426,8.535395,0.573094,-0.598741,-0.565151,-0.399923,0.402710
1403638159.49524,1.365054,8.602025,0.577869,-0.594898,-0.558405,-0.405715,0.411917
1403638159.54524,1.362655,8.667350,0.584440,-0.592321,-0.550990,-0.409155,0.422087
1403638159.59523,1.360830,8.730786,0.592689,-0.591863,-0.543844,-0.409214,0.431829
1403638159.64522,1.361509,8.792135,0.603757,-0.591632,-0.538199,-0.408798,0.439541
1403638159.69523,1.363982,8.851865,0.616057,-0.591559,-0.533613,-0.408231,0.445716
1403638159.74524,1.368864,8.909393,0.629626,-0.592530,-0.531464,-0.406077,0.448950
1403638159.79525,1.376437,8.964467,0.645170,-0.590260,-0.531772,-0.409234,0.448709
1403638159.84525,1.386902,9.015635,0.663087,-0.587929,-0.533238,-0.412584,0.446958
1403638159.89526,1.398934,9.061468,0.681078,-0.584528,-0.537809,-0.417535,0.441309
1403638159.94526,1.412598,9.104614,0.701963,-0.581611,-0.542226,-0.422211,0.435266
1403638159.99526,1.427272,9.144329,0.725490,-0.579237,-0.545812,-0.425068,0.431150
1403638160.04527,1.442077,9.180105,0.751414,-0.577686,-0.548929,-0.426918,0.427430
1403638160.09526,1.457691,9.213778,0.777772,-0.578081,-0.551752,-0.425999,0.424165
1403638160.14523,1.475083,9.223364,0.808643,-0.579000,-0.555163,-0.424152,0.420295
1403638160.19522,1.492326,9.248237,0.839609,-0.582309,-0.559918,-0.418987,0.414557
1403638160.24521,1.509759,9.273648,0.872356,-0.585952,-0.564951,-0.413331,0.408225
1403638160.29521,1.527218,9.297977,0.906469,-0.589370,-0.568844,-0.407792,0.403442
1403638160.34520,1.545321,9.323535,0.942262,-0.591616,-0.572606,-0.404080,0.398536
1403638160.39518,1.561391,9.343730,0.979882,-0.593317,-0.575184,-0.401277,0.395114
1403638160.44516,1.578126,9.371086,1.015396,-0.594502,-0.576061,-0.399405,0.393951
1403638160.49514,1.594636,9.398897,1.049903,-0.595262,-0.576644,-0.398391,0.392975
1403638160.54513,1.610904,9.426961,1.082743,-0.595835,-0.577180,-0.397723,0.391995
1403638160.59511,1.627173,9.454320,1.113936,-0.596060,-0.577287,-0.397392,0.391831
1403638160.64510,1.642965,9.481984,1.144730,-0.597148,-0.577186,-0.396127,0.391605
1403638160.69509,1.658106,9.509044,1.174865,-0.596362,-0.576815,-0.397454,0.392004
1403638160.74509,1.672011,9.529048,1.203763,-0.596112,-0.574419,-0.397640,0.395697
1403638160.79508,1.689178,9.563644,1.232100,-0.596281,-0.570033,-0.398928,0.400459
1403638160.84507,1.708044,9.604316,1.258031,-0.596244,-0.563516,-0.402563,0.406062
1403638160.89507,1.725139,9.636845,1.284810,-0.597298,-0.555584,-0.406815,0.411173
1403638160.94507,1.743527,9.667158,1.310189,-0.598622,-0.547674,-0.412777,0.413908
1403638160.99507,1.762451,9.698574,1.334689,-0.601028,-0.540802,-0.418433,0.413778
1403638161.04507,1.783312,9.729333,1.359399,-0.604540,-0.533908,-0.423825,0.412125
1403638161.09507,1.805137,9.758619,1.383493,-0.609318,-0.527287,-0.428258,0.409017
1403638161.14506,1.828077,9.787745,1.407045,-0.614444,-0.521867,-0.433228,0.403022
1403638161.19505,1.851863,9.814955,1.429474,-0.621111,-0.515825,-0.437569,0.395827
1403638161.24504,1.876596,9.842642,1.452543,-0.628672,-0.509459,-0.441602,0.387571
1403638161.29503,1.902020,9.869292,1.475123,-0.636353,-0.501748,-0.446002,0.379983
1403638161.34503,1.929017,9.896721,1.498992,-0.644354,-0.494562,-0.449627,0.371554
1403638161.39503,1.954507,9.920747,1.521710,-0.652373,-0.489117,-0.450859,0.363180
1403638161.44502,1.979819,9.948565,1.545058,-0.659777,-0.484933,-0.451261,0.354819
1403638161.49501,2.006351,9.972022,1.568121,-0.665929,-0.482109,-0.451334,0.346998
1403638161.54502,2.033384,9.994358,1.588266,-0.670996,-0.479071,-0.451503,0.341175
1403638161.59502,2.061354,10.016686,1.606278,-0.675257,-0.475566,-0.451906,0.337115
1403638161.64503,2.088543,10.040275,1.623189,-0.679063,-0.472267,-0.451718,0.334349
1403638161.69504,2.116351,10.064510,1.638612,-0.682301,-0.468495,-0.451226,0.333727
1403638161.74505,2.144375,10.088795,1.652552,-0.684140,-0.464787,-0.451837,0.334320
1403638161.79506,2.173235,10.113293,1.665122,-0.685503,-0.460998,-0.453497,0.334527
1403638161.84506,2.203074,10.137505,1.676834,-0.685801,-0.457365,-0.457158,0.333918
1403638161.89507,2.234252,10.163615,1.687751,-0.686484,-0.452700,-0.461007,0.333579
1403638161.94508,2.266239,10.187077,1.697345,-0.687934,-0.448620,-0.464300,0.331529
1403638161.99509,2.299404,10.216536,1.706943,-0.689892,-0.445073,-0.466239,0.329516
1403638162.04509,2.332624,10.240910,1.717118,-0.691512,-0.441968,-0.467824,0.328048
1403638162.09509,2.365439,10.260814,1.728483,-0.693120,-0.439693,-0.468687,0.326477
1403638162.14509,2.398452,10.279857,1.741512,-0.695588,-0.437738,-0.467681,0.325296
1403638162.19509,2.433103,10.301006,1.757231,-0.698374,-0.435696,-0.465670,0.324953
1403638162.24509,2.467786,10.319951,1.772911,-0.700626,-0.434323,-0.464190,0.324059
1403638162.29509,2.503810,10.338819,1.788133,-0.702578,-0.432933,-0.462816,0.323659
1403638162.34509,2.540986,10.357860,1.802170,-0.704159,-0.430882,-0.461432,0.324931
1403638162.39508,2.579328,10.377015,1.814798,-0.704595,-0.428940,-0.461467,0.326504
1403638162.44508,2.618541,10.395332,1.826304,-0.704211,-0.427596,-0.462487,0.327651
1403638162.49508,2.658687,10.413168,1.836645,-0.703354,-0.427287,-0.464201,0.327470
1403638162.54508,2.699927,10.430672,1.847296,-0.702331,-0.428154,-0.465690,0.326416
1403638162.59508,2.743408,10.452460,1.860493,-0.701723,-0.430114,-0.466503,0.323978
1403638162.64508,2.786820,10.468938,1.873558,-0.700404,-0.431863,-0.468064,0.322249
1403638162.69508,2.831218,10.485462,1.888338,-0.699547,-0.434298,-0.468735,0.319853
1403638162.74508,2.876237,10.501686,1.905048,-0.699190,-0.436297,-0.468713,0.317941
1403638162.79508,2.921942,10.517217,1.922927,-0.700899,-0.435188,-0.466912,0.318349
1403638162.84508,2.968481,10.532832,1.942439,-0.702562,-0.433388,-0.466471,0.317783
1403638162.89508,3.016262,10.548480,1.964382,-0.703964,-0.429048,-0.467065,0.319690
1403638162.94508,3.064825,10.563343,1.987401,-0.704762,-0.424077,-0.468195,0.322897
1403638162.99508,3.114467,10.579039,2.011483,-0.703111,-0.419791,-0.473085,0.324964
1403638163.04508,3.164899,10.594241,2.034208,-0.701599,-0.415362,-0.477649,0.327239
1403638163.09508,3.217064,10.609796,2.052588,-0.701233,-0.410455,-0.481332,0.328814
1403638163.14507,3.268282,10.621132,2.066108,-0.702542,-0.406965,-0.483687,0.326897
1403638163.19507,3.323072,10.634482,2.076616,-0.704837,-0.404132,-0.485582,0.322633
1403638163.24507,3.377492,10.643967,2.082575,-0.707254,-0.401548,-0.488164,0.316617
1403638163.29507,3.432186,10.652106,2.086257,-0.709994,-0.398346,-0.490937,0.310175
1403638163.34506,3.487688,10.660036,2.089341,-0.712535,-0.394189,-0.494694,0.303623
1403638163.39506,3.543300,10.666400,2.091333,-0.715202,-0.389490,-0.498625,0.296911
1403638163.44506,3.599597,10.672425,2.092753,-0.718091,-0.383538,-0.502314,0.291419
1403638163.49506,3.655337,10.677178,2.093963,-0.721418,-0.378604,-0.504152,0.286438
1403638163.54505,3.712129,10.684419,2.098635,-0.723446,-0.373635,-0.506928,0.282926
1403638163.59505,3.766684,10.687500,2.102390,-0.726388,-0.370021,-0.507068,0.279869
1403638163.64504,3.821341,10.688974,2.107953,-0.727716,-0.367426,-0.508662,0.276929
1403638163.69505,3.875717,10.691560,2.115797,-0.728702,-0.365101,-0.510280,0.274425
1403638163.74505,3.929316,10.694080,2.126741,-0.729869,-0.363322,-0.510725,0.272854
1403638163.79505,3.982596,10.696935,2.139875,-0.729694,-0.362180,-0.512494,0.271518
1403638163.84506,4.034736,10.697424,2.154705,-0.730361,-0.360108,-0.512608,0.272265
1403638163.89506,4.086619,10.697076,2.171245,-0.730624,-0.358559,-0.512876,0.273097
1403638163.94506,4.138017,10.696467,2.189052,-0.731942,-0.357893,-0.511220,0.273546
1403638163.99507,4.189417,10.695422,2.208411,-0.733294,-0.355733,-0.509224,0.276451
1403638164.04507,4.241238,10.693076,2.229221,-0.734463,-0.355069,-0.507174,0.277965
1403638164.09507,4.293850,10.690566,2.252270,-0.734813,-0.354175,-0.505959,0.280384
1403638164.14507,4.346424,10.686284,2.275873,-0.734691,-0.353313,-0.505520,0.282574
1403638164.19507,4.399620,10.682969,2.300045,-0.734631,-0.352084,-0.504801,0.285535
1403638164.24507,4.452381,10.675818,2.323278,-0.733435,-0.352124,-0.505737,0.286900
1403638164.29507,4.506149,10.668848,2.344903,-0.732692,-0.351284,-0.505941,0.289458
1403638164.34507,4.560419,10.661013,2.365094,-0.731810,-0.351068,-0.506430,0.291092
1403638164.39507,4.614848,10.652023,2.383862,-0.731175,-0.351243,-0.506590,0.292194
1403638164.44507,4.670391,10.642200,2.401322,-0.730279,-0.352041,-0.506945,0.292861
1403638164.49507,4.726609,10.631217,2.417452,-0.730881,-0.351700,-0.505453,0.294343
1403638164.54507,4.783305,10.619361,2.432771,-0.730852,-0.350945,-0.504931,0.296205
1403638164.59507,4.840553,10.606389,2.446380,-0.731451,-0.350137,-0.503818,0.297575
1403638164.64507,4.898082,10.591149,2.458581,-0.732451,-0.348340,-0.503518,0.297734
1403638164.69507,4.956160,10.573462,2.469871,-0.733433,-0.346896,-0.504694,0.294998
1403638164.74507,5.014643,10.553802,2.479863,-0.733252,-0.345403,-0.507993,0.291515
1403638164.79507,5.074310,10.532329,2.489790,-0.731304,-0.346601,-0.513669,0.284968
1403638164.84507,5.134254,10.509044,2.498803,-0.728560,-0.348417,-0.520327,0.277607
1403638164.89507,5.194813,10.485792,2.507599,-0.726005,-0.349825,-0.526416,0.270970
1403638164.94507,5.252511,10.460190,2.514724,-0.724671,-0.350041,-0.530332,0.266593
1403638164.99507,5.310558,10.434373,2.521725,-0.723681,-0.346672,-0.533475,0.267411
1403638165.04508,5.367642,10.409933,2.527436,-0.723848,-0.340174,-0.535547,0.271138
1403638165.09508,5.422557,10.383262,2.530746,-0.725931,-0.333326,-0.535662,0.273832
1403638165.14508,5.477588,10.361030,2.533527,-0.729377,-0.328428,-0.533762,0.274303
1403638165.19508,5.529620,10.331137,2.532673,-0.733512,-0.326328,-0.530795,0.271527
1403638165.24509,5.579687,10.297318,2.529479,-0.738984,-0.325631,-0.525792,0.267227
1403638165.29509,5.630384,10.265525,2.525931,-0.745109,-0.324495,-0.519299,0.264280
1403638165.34509,5.679344,10.229574,2.521102,-0.749314,-0.321689,-0.515511,0.263235
1403638165.39509,5.733626,10.205732,2.515943,-0.752014,-0.318571,-0.513301,0.263645
1403638165.44509,5.786803,10.173555,2.510686,-0.752360,-0.317089,-0.514306,0.262484
1403638165.49508,5.840495,10.139939,2.504682,-0.749700,-0.315001,-0.519617,0.262151
1403638165.54508,5.894155,10.105259,2.498811,-0.746167,-0.313594,-0.526016,0.261153
1403638165.59508,5.947753,10.069702,2.491030,-0.741790,-0.311702,-0.533162,0.261395
1403638165.64507,5.998146,10.029962,2.481175,-0.736548,-0.311727,-0.541313,0.259431
1403638165.69507,6.049275,9.991425,2.470619,-0.732556,-0.310708,-0.547318,0.259357
1403638165.74507,6.099103,9.951138,2.458282,-0.729393,-0.311425,-0.552207,0.257038
1403638165.79507,6.148575,9.910095,2.444807,-0.729420,-0.312618,-0.552442,0.254999
1403638165.84508,6.195678,9.868062,2.430981,-0.731941,-0.314750,-0.549298,0.251925
1403638165.89508,6.243667,9.825794,2.419150,-0.735312,-0.316609,-0.544712,0.249727
1403638165.94508,6.290520,9.782342,2.409508,-0.738143,-0.318879,-0.540852,0.246861
1403638165.99508,6.335102,9.736993,2.401275,-0.741653,-0.320931,-0.535733,0.244834
1403638166.04508,6.378192,9.691188,2.394773,-0.745452,-0.322582,-0.530213,0.243139
1403638166.09508,6.422289,9.646118,2.392206,-0.747223,-0.326037,-0.527417,0.239143
1403638166.14509,6.463002,9.599162,2.391565,-0.748204,-0.329108,-0.525531,0.235999
1403638166.19510,6.504253,9.553850,2.395368,-0.748754,-0.331330,-0.523891,0.234788
1403638166.24510,6.544575,9.507664,2.404452,-0.748694,-0.333343,-0.523068,0.233966
1403638166.29511,6.583836,9.462205,2.418267,-0.747940,-0.335099,-0.523287,0.233377
1403638166.34510,6.625737,9.422349,2.435234,-0.747557,-0.337249,-0.522940,0.232282
1403638166.39509,6.662230,9.376269,2.457490,-0.746864,-0.338739,-0.523288,0.231557
1403638166.44510,6.696935,9.329662,2.480937,-0.747201,-0.340051,-0.522264,0.230860
1403638166.49510,6.730164,9.282801,2.504418,-0.746624,-0.341082,-0.522440,0.230806
1403638166.54510,6.766555,9.241124,2.527359,-0.746561,-0.341070,-0.521821,0.232425
1403638166.59510,6.789688,9.191537,2.547022,-0.745922,-0.341525,-0.522336,0.232652
1403638166.64510,6.822472,9.150495,2.565951,-0.746263,-0.341567,-0.521303,0.233808
1403638166.69509,6.854511,9.109565,2.583312,-0.746794,-0.340508,-0.520257,0.235978
1403638166.74509,6.887772,9.071530,2.598615,-0.748020,-0.339118,-0.518008,0.239022
1403638166.79509,6.920395,9.034740,2.611888,-0.751354,-0.336380,-0.512734,0.243762
1403638166.84508,6.953467,8.997994,2.622464,-0.755970,-0.334110,-0.505644,0.247396
1403638166.89508,6.987394,8.961741,2.630784,-0.761906,-0.332572,-0.496348,0.250066
1403638166.94507,7.022307,8.926480,2.638105,-0.766580,-0.332280,-0.488998,0.250652
1403638166.99507,7.059609,8.890759,2.644337,-0.770253,-0.333313,-0.483326,0.249016
1403638167.04507,7.098582,8.855862,2.650809,-0.772174,-0.335285,-0.480362,0.246137
1403638167.09507,7.140217,8.822474,2.658368,-0.773156,-0.337099,-0.478754,0.243698
1403638167.14507,7.184198,8.790638,2.668056,-0.772515,-0.339821,-0.479676,0.240109
1403638167.19507,7.229962,8.760433,2.678768,-0.771467,-0.341375,-0.481285,0.238049
1403638167.24506,7.277024,8.734209,2.692516,-0.770098,-0.343740,-0.483387,0.234795
1403638167.29506,7.327337,8.708412,2.708114,-0.768592,-0.344586,-0.485793,0.233522
1403638167.34506,7.380076,8.685363,2.724923,-0.767404,-0.345188,-0.487614,0.232743
1403638167.39506,7.434146,8.664058,2.742328,-0.766944,-0.344854,-0.488622,0.232639
1403638167.44506,7.489081,8.644941,2.759181,-0.765922,-0.343771,-0.490427,0.233810
1403638167.49506,7.545179,8.626664,2.774842,-0.764689,-0.342141,-0.492612,0.235633
1403638167.54506,7.602393,8.609113,2.788681,-0.762835,-0.340267,-0.495696,0.237879
1403638167.59507,7.659999,8.592587,2.801253,-0.761558,-0.336618,-0.498118,0.242066
1403638167.64507,7.718915,8.576636,2.812142,-0.761368,-0.331269,-0.499546,0.247050
1403638167.69507,7.777862,8.559615,2.821327,-0.761809,-0.325958,-0.501004,0.249785
1403638167.74507,7.838060,8.542370,2.829113,-0.762781,-0.319588,-0.502763,0.251510
1403638167.79508,7.898262,8.524731,2.835240,-0.764666,-0.312378,-0.503707,0.252952
1403638167.84509,7.960348,8.507368,2.840027,-0.767376,-0.304917,-0.504276,0.252715
1403638167.89509,8.023292,8.488512,2.844342,-0.769446,-0.297764,-0.506406,0.250684
1403638167.94510,8.086908,8.467406,2.847462,-0.771493,-0.290466,-0.508650,0.248403
1403638167.99510,8.152964,8.447988,2.850233,-0.773895,-0.283815,-0.510920,0.243917
1403638168.04510,8.219905,8.425717,2.854096,-0.775610,-0.277478,-0.513380,0.240576
1403638168.09510,8.287858,8.403386,2.859633,-0.777279,-0.271223,-0.515282,0.238243
1403638168.14510,8.355130,8.378258,2.866078,-0.778860,-0.266784,-0.517414,0.233421
1403638168.19510,8.420689,8.350199,2.873029,-0.780188,-0.260915,-0.520062,0.229707
1403638168.24510,8.489374,8.321712,2.883172,-0.782075,-0.257065,-0.522433,0.222127
1403638168.29510,8.558822,8.291043,2.894178,-0.784068,-0.251924,-0.524650,0.215670
1403638168.34510,8.628890,8.259994,2.906396,-0.785539,-0.246407,-0.527791,0.208922
1403638168.39510,8.699489,8.228160,2.920895,-0.786739,-0.239876,-0.531203,0.203286
1403638168.44510,8.771189,8.195565,2.936753,-0.788211,-0.236158,-0.533744,0.195113
1403638168.49510,8.842974,8.162910,2.951828,-0.790783,-0.234490,-0.533848,0.186231
1403638168.54510,8.915104,8.130969,2.965416,-0.793114,-0.234587,-0.533632,0.176567
1403638168.59510,8.988824,8.099705,2.976265,-0.796243,-0.235371,-0.531532,0.167544
1403638168.64510,9.061867,8.069261,2.985551,-0.798222,-0.236261,-0.530677,0.159387
1403638168.69509,9.134495,8.039054,2.992551,-0.799974,-0.237062,-0.529632,0.152749
1403638168.74510,9.208437,8.011514,2.999282,-0.801085,-0.237458,-0.528998,0.148453
1403638168.79510,9.283216,7.986433,3.005487,-0.801985,-0.237288,-0.528325,0.146242
1403638168.84511,9.354897,7.962701,3.010245,-0.803095,-0.237537,-0.527129,0.144049
1403638168.89511,9.428397,7.941285,3.013657,-0.803407,-0.238274,-0.526824,0.142196
1403638168.94512,9.500310,7.921324,3.014006,-0.804062,-0.238255,-0.525833,0.142191
1403638168.99512,9.575350,7.904014,3.014206,-0.803293,-0.239179,-0.526558,0.142305
1403638169.04512,9.650672,7.888034,3.013924,-0.800825,-0.239855,-0.529647,0.143608
1403638169.09513,9.726095,7.874015,3.012394,-0.797577,-0.238160,-0.533942,0.148515
1403638169.14513,9.801761,7.861303,3.009531,-0.795280,-0.236746,-0.536578,0.153512
1403638169.19513,9.878516,7.849711,3.005015,-0.793817,-0.234667,-0.537944,0.159381
1403638169.24513,9.954623,7.838350,2.999756,-0.792684,-0.230500,-0.539281,0.166428
1403638169.29513,10.031225,7.827303,2.993030,-0.791722,-0.224339,-0.541155,0.173204
1403638169.34513,10.108674,7.817370,2.984410,-0.790484,-0.214752,-0.543954,0.182018
1403638169.39514,10.185844,7.803636,2.975667,-0.789461,-0.204975,-0.547110,0.188167
1403638169.44513,10.259615,7.792070,2.964306,-0.788361,-0.195342,-0.550938,0.191824
1403638169.49512,10.333478,7.775332,2.954183,-0.788169,-0.186344,-0.554316,0.191832
1403638169.54513,10.407809,7.755369,2.945300,-0.787803,-0.178456,-0.558116,0.189806
1403638169.59513,10.482341,7.736140,2.937680,-0.788607,-0.171081,-0.561057,0.184516
1403638169.64513,10.555218,7.712258,2.932058,-0.789939,-0.164798,-0.563647,0.176464
1403638169.69513,10.626648,7.685973,2.927491,-0.792273,-0.159878,-0.565120,0.165473
1403638169.74513,10.699110,7.658534,2.924491,-0.794302,-0.153497,-0.566930,0.155284
1403638169.79514,10.770758,7.629572,2.923786,-0.795901,-0.149047,-0.569559,0.141173
1403638169.84514,10.841359,7.598551,2.925910,-0.797664,-0.144484,-0.571757,0.126299
1403638169.89515,10.912152,7.566341,2.930779,-0.798805,-0.138791,-0.574481,0.112340
1403638169.94515,10.980406,7.534781,2.937495,-0.797552,-0.133056,-0.580131,0.098265
1403638169.99515,11.048404,7.507900,2.945112,-0.795521,-0.125196,-0.586386,0.087316
1403638170.04515,11.114403,7.478523,2.953942,-0.793586,-0.115054,-0.592160,0.079562
1403638170.09515,11.180195,7.448974,2.961873,-0.792657,-0.104049,-0.596256,0.073130
1403638170.14515,11.241719,7.419831,2.967135,-0.793435,-0.091526,-0.597845,0.068308
1403638170.19515,11.304059,7.386764,2.970852,-0.794492,-0.078604,-0.598768,0.063879
1403638170.24516,11.363709,7.357422,2.970504,-0.795969,-0.065679,-0.598809,0.059553
1403638170.29517,11.423254,7.329093,2.969289,-0.797581,-0.052135,-0.598306,0.056360
1403638170.34517,11.475483,7.299575,2.967071,-0.799775,-0.039633,-0.596754,0.051717
1403638170.39517,11.527098,7.268196,2.963586,-0.802361,-0.027326,-0.594392,0.046568
1403638170.44517,11.575420,7.235982,2.959154,-0.804483,-0.015905,-0.592372,0.040620
1403638170.49517,11.624221,7.204004,2.953974,-0.805885,-0.003139,-0.590878,0.037450
1403638170.54517,11.674318,7.172495,2.950617,-0.805445,0.010050,-0.591501,0.035821
1403638170.59517,11.720505,7.138477,2.950118,-0.804297,0.022334,-0.592894,0.032918
1403638170.64517,11.767237,7.102322,2.951938,-0.802046,0.033425,-0.595658,0.028205
1403638170.69517,11.811920,7.064594,2.955725,-0.800063,0.044011,-0.597850,0.023198
1403638170.74517,11.851594,7.025738,2.960918,-0.799573,0.053278,-0.597953,0.017224
1403638170.79517,11.875368,6.985217,2.967327,-0.798271,0.062354,-0.598965,0.010756
1403638170.84517,11.905305,6.942739,2.975231,-0.797882,0.071002,-0.598603,0.004162
1403638170.89517,11.931049,6.899307,2.980034,0.797368,-0.078866,0.598306,0.003732
1403638170.94517,11.954647,6.854554,2.985372,0.797108,-0.087234,0.597401,0.011037
1403638170.99517,11.976534,6.808352,2.989749,0.795923,-0.095490,0.597533,0.018495
1403638171.04517,11.998970,6.760958,2.992830,0.794112,-0.103793,0.598329,0.024818
1403638171.09517,12.014866,6.711725,2.994759,0.792663,-0.111284,0.598666,0.030009
1403638171.14516,12.030312,6.661954,2.996426,0.791052,-0.117552,0.599350,0.034611
1403638171.19516,12.040799,6.611052,2.996620,0.789551,-0.123721,0.599925,0.037312
1403638171.24516,12.054583,6.558463,2.996990,0.788171,-0.128751,0.600531,0.039652
1403638171.29516,12.064376,6.506291,2.997065,0.787092,-0.132264,0.600996,0.042378
1403638171.34516,12.073857,6.453361,2.996695,0.786133,-0.135522,0.601434,0.043660
1403638171.39516,12.078823,6.399017,2.997113,0.784594,-0.138411,0.602670,0.045203
1403638171.44515,12.078287,6.345290,2.995236,0.783483,-0.141994,0.603113,0.047400
1403638171.49515,12.081949,6.289035,2.993085,0.781929,-0.145362,0.604245,0.048425
1403638171.54515,12.082813,6.232473,2.990198,0.780184,-0.149282,0.605565,0.048161
1403638171.59515,12.081452,6.174293,2.986726,0.778630,-0.152380,0.606617,0.050307
1403638171.64515,12.076134,6.115405,2.982418,0.776760,-0.156965,0.607800,0.050840
1403638171.69515,12.068296,6.055414,2.977487,0.774899,-0.162403,0.608684,0.051592
1403638171.74515,12.057450,5.995413,2.971602,0.773032,-0.167843,0.609404,0.053633
1403638171.79515,12.044209,5.932331,2.963617,0.771759,-0.172945,0.609442,0.055313
1403638171.84515,12.029931,5.868317,2.958775,0.769152,-0.178051,0.611181,0.056222
1403638171.89515,12.011805,5.803404,2.954796,0.766548,-0.182935,0.612925,0.057106
1403638171.94515,11.988379,5.736982,2.952542,0.763543,-0.185070,0.615642,0.061130
1403638171.99515,11.963644,5.667445,2.952491,0.762766,-0.186275,0.615762,0.065785
1403638172.04515,11.933126,5.597462,2.954100,0.761715,-0.187675,0.616228,0.069510
1403638172.09515,11.899483,5.526204,2.957421,0.761776,-0.188025,0.615569,0.073609
1403638172.14515,11.862570,5.454495,2.960516,0.761611,-0.188658,0.615292,0.075978
1403638172.19515,11.822016,5.382346,2.962199,0.762196,-0.189628,0.614116,0.077201
1403638172.24514,11.777249,5.307864,2.962344,0.762550,-0.189581,0.613431,0.079244
1403638172.29514,11.729671,5.233963,2.959576,0.763102,-0.189339,0.612624,0.080730
1403638172.34514,11.679720,5.160789,2.954466,0.762996,-0.189102,0.612683,0.081840
1403638172.39514,11.627242,5.087000,2.946982,0.762898,-0.188958,0.612858,0.081777
1403638172.44514,11.572887,5.013512,2.936829,0.762037,-0.188616,0.614050,0.081649
1403638172.49514,11.517290,4.938752,2.923719,0.760782,-0.188808,0.615725,0.080282
1403638172.54514,11.456082,4.862753,2.910513,0.759602,-0.188737,0.617360,0.079058
1403638172.59514,11.396373,4.786982,2.892955,0.758729,-0.188038,0.618757,0.078175
1403638172.64515,11.335664,4.711111,2.872095,0.757994,-0.188502,0.619892,0.075140
1403638172.69515,11.270493,4.634159,2.849374,0.758324,-0.187928,0.619831,0.073741
1403638172.74515,11.202193,4.557093,2.825713,0.758649,-0.187332,0.619785,0.072277
1403638172.79515,11.131134,4.479332,2.800864,0.758801,-0.186440,0.619983,0.071291
1403638172.84514,11.056470,4.400376,2.776637,0.758361,-0.186831,0.620804,0.067721
1403638172.89514,10.977971,4.321247,2.749518,0.758891,-0.185442,0.620614,0.067336
1403638172.94514,10.897137,4.241945,2.722008,0.760268,-0.185919,0.619226,0.063139
1403638172.99514,10.813969,4.160664,2.694280,0.761502,-0.186290,0.617949,0.059587
1403638173.04514,10.725538,4.079285,2.664919,0.764108,-0.185807,0.615102,0.057124
1403638173.09514,10.636496,3.995688,2.632949,0.766514,-0.186656,0.612271,0.052342
1403638173.14514,10.544085,3.910125,2.601213,0.769280,-0.185732,0.609156,0.051394
1403638173.19514,10.450248,3.822620,2.565917,0.771637,-0.184544,0.606552,0.051133
1403638173.24514,10.355110,3.733973,2.529715,0.773774,-0.181374,0.604539,0.053938
1403638173.29515,10.256268,3.641470,2.492160,0.775634,-0.178606,0.602695,0.057006
1403638173.34515,10.157261,3.549156,2.453355,0.778506,-0.175329,0.599585,0.060715
1403638173.39516,10.056717,3.455826,2.413924,0.779566,-0.169942,0.598883,0.068825
1403638173.44516,9.955373,3.362243,2.370701,0.781663,-0.164801,0.596651,0.076490
1403638173.49517,9.853320,3.268328,2.325050,0.784311,-0.160837,0.593472,0.082329
1403638173.54517,9.752250,3.174545,2.278421,0.785095,-0.157556,0.592556,0.087634
1403638173.59517,9.649532,3.080231,2.231822,0.785926,-0.155093,0.591460,0.091878
1403638173.64517,9.547493,2.992245,2.184881,0.786045,-0.155297,0.591210,0.092121
1403638173.69518,9.442546,2.900544,2.136654,0.786147,-0.154721,0.590960,0.093815
1403638173.74518,9.336891,2.810716,2.087368,0.786425,-0.155330,0.590535,0.093145
1403638173.79518,9.230662,2.719740,2.037526,0.786712,-0.156066,0.589955,0.093173
1403638173.84518,9.124254,2.632154,1.988157,0.787264,-0.157029,0.589024,0.092776
1403638173.89518,9.016219,2.545200,1.941390,0.788077,-0.156212,0.587903,0.094357
1403638173.94519,8.905349,2.457754,1.895798,0.787034,-0.156656,0.589190,0.094294
1403638173.99519,8.795559,2.373933,1.853108,0.787154,-0.157093,0.588971,0.093933
1403638174.04519,8.684217,2.291854,1.811758,0.788506,-0.157129,0.587083,0.094354
1403638174.09519,8.572428,2.210876,1.772209,0.787710,-0.157817,0.588137,0.093284
1403638174.14519,8.460391,2.130758,1.733369,0.788815,-0.156555,0.586658,0.095367
1403638174.19519,8.349055,2.051168,1.694197,0.790958,-0.157290,0.583713,0.094471
1403638174.24520,8.237756,1.971652,1.654334,0.793375,-0.156266,0.580532,0.095497
1403638174.29520,8.128644,1.893790,1.612071,0.796763,-0.157425,0.575942,0.093151
1403638174.34520,8.020337,1.810649,1.569575,0.798548,-0.156285,0.573595,0.094263
1403638174.39520,7.912514,1.730755,1.525344,0.800403,-0.157306,0.571038,0.092334
1403638174.44520,7.805850,1.651649,1.480645,0.802367,-0.155941,0.568475,0.093414
1403638174.49521,7.699355,1.571666,1.433325,0.803498,-0.156590,0.567032,0.091349
1403638174.54521,7.596105,1.493510,1.390278,0.805127,-0.156862,0.564788,0.090435
1403638174.59521,7.495746,1.413664,1.349603,0.807298,-0.154370,0.561935,0.093111
1403638174.64521,7.393553,1.334409,1.309908,0.809739,-0.154077,0.558433,0.093464
1403638174.69521,7.291900,1.256092,1.271204,0.811841,-0.152650,0.555517,0.094936
1403638174.74521,7.192147,1.178189,1.234114,0.814226,-0.152413,0.552031,0.095228
1403638174.79521,7.086500,1.096558,1.196637,0.815923,-0.152199,0.549564,0.095314
1403638174.84521,6.989536,1.021154,1.164348,0.817375,-0.151705,0.547457,0.095788
1403638174.89521,6.894661,0.945553,1.132738,0.817953,-0.150608,0.546630,0.097290
1403638174.94521,6.800330,0.870910,1.102679,0.818754,-0.151019,0.545317,0.097280
1403638174.99521,6.706931,0.796458,1.074230,0.819193,-0.151230,0.544545,0.097589
1403638175.04521,6.616096,0.720164,1.047071,0.818028,-0.150362,0.546259,0.099114
1403638175.09520,6.520099,0.635273,1.017268,0.817844,-0.151433,0.546310,0.098715
1403638175.14520,6.432930,0.559399,0.992830,0.817456,-0.150864,0.546592,0.101203
1403638175.19520,6.349061,0.484103,0.969950,0.817593,-0.151142,0.546199,0.101805
1403638175.24520,6.265727,0.408226,0.948178,0.817925,-0.150773,0.545480,0.103526
1403638175.29520,6.186661,0.333662,0.928766,0.819612,-0.151473,0.542673,0.103917
1403638175.34520,6.108842,0.260014,0.911483,0.822076,-0.152104,0.538688,0.104262
1403638175.39520,6.027412,0.184219,0.895256,0.824929,-0.151671,0.534091,0.105997
1403638175.44520,5.952899,0.111185,0.880473,0.827740,-0.150948,0.529570,0.107777
1403638175.49521,5.882849,0.038718,0.868072,0.831115,-0.150277,0.524122,0.109364
1403638175.54521,5.816917,-0.032580,0.858890,0.835007,-0.149005,0.517878,0.111188
1403638175.59521,5.751320,-0.108305,0.846353,0.838573,-0.150204,0.512096,0.109505
1403638175.64520,5.694705,-0.176223,0.841394,0.842320,-0.150899,0.505889,0.108635
1403638175.69520,5.639042,-0.244551,0.837524,0.845717,-0.151268,0.500397,0.107163
1403638175.74521,5.591547,-0.310535,0.835403,0.847645,-0.151942,0.497244,0.105642
1403638175.79521,5.548836,-0.376712,0.832390,0.849861,-0.151544,0.493585,0.105565
1403638175.84521,5.508464,-0.443859,0.827083,0.851361,-0.150733,0.491174,0.105885
1403638175.89521,5.472465,-0.510446,0.818447,0.851954,-0.148965,0.490328,0.107527
1403638175.94522,5.441252,-0.576866,0.808143,0.852024,-0.146425,0.490436,0.109944
1403638175.99522,5.414916,-0.642379,0.797663,0.850973,-0.141878,0.492457,0.114898
1403638176.04523,5.394644,-0.706500,0.786515,0.847463,-0.139185,0.498611,0.117563
1403638176.09524,5.385036,-0.767583,0.776589,0.842677,-0.134261,0.506676,0.123082
1403638176.14524,5.371033,-0.833382,0.765663,0.835652,-0.131257,0.518226,0.126092
1403638176.19523,5.360100,-0.898458,0.753326,0.827290,-0.131119,0.531590,0.125743
1403638176.24523,5.351514,-0.960276,0.745006,0.820439,-0.132851,0.542300,0.123049
1403638176.29523,5.345466,-1.020339,0.737958,0.814767,-0.132135,0.550753,0.123958
1403638176.34522,5.341027,-1.077514,0.731642,0.811566,-0.132341,0.555491,0.123596
1403638176.39522,5.338235,-1.132149,0.725924,0.809318,-0.132353,0.558594,0.124333
1403638176.44521,5.336234,-1.185212,0.723195,0.809368,-0.131839,0.558392,0.125457
1403638176.49521,5.335634,-1.236161,0.722419,0.809062,-0.131672,0.558708,0.126200
1403638176.54521,5.335108,-1.285343,0.722534,0.809541,-0.131905,0.557841,0.126717
1403638176.59521,5.338939,-1.330396,0.722093,0.810479,-0.132106,0.556423,0.126747
1403638176.64522,5.340821,-1.375590,0.723674,0.811065,-0.131961,0.555387,0.127689
1403638176.69522,5.346185,-1.417301,0.728203,0.811271,-0.132077,0.555022,0.127849
1403638176.74522,5.349335,-1.460021,0.733387,0.811420,-0.132111,0.554813,0.127775
1403638176.79521,5.353613,-1.501273,0.739707,0.811654,-0.133075,0.554550,0.126428
1403638176.84521,5.357590,-1.540562,0.747180,0.811325,-0.134861,0.555180,0.123852
1403638176.89521,5.363027,-1.577426,0.755170,0.811830,-0.136572,0.554521,0.121597
1403638176.94521,5.368801,-1.613458,0.762563,0.811828,-0.136716,0.554515,0.121477
1403638176.99521,5.374807,-1.647447,0.768206,0.812306,-0.136066,0.553777,0.122381
1403638177.04521,5.382334,-1.680389,0.772488,0.813172,-0.135509,0.552465,0.123173
1403638177.09521,5.390644,-1.712288,0.775294,0.813561,-0.134397,0.551771,0.124921
1403638177.14521,5.400018,-1.742155,0.775713,0.813727,-0.133629,0.551342,0.126547
1403638177.19521,5.409733,-1.771920,0.773759,0.814079,-0.132512,0.550741,0.128063
1403638177.24521,5.420380,-1.798695,0.770561,0.814070,-0.131969,0.550656,0.129046
1403638177.29521,5.434422,-1.821388,0.765344,0.814165,-0.131706,0.550475,0.129487
1403638177.34521,5.446660,-1.845262,0.759756,0.814019,-0.131432,0.550639,0.129979
1403638177.39521,5.459434,-1.866716,0.752208,0.814060,-0.131655,0.550520,0.130004
1403638177.44521,5.473255,-1.887493,0.744072,0.814525,-0.132661,0.549704,0.129518
1403638177.49521,5.488312,-1.905867,0.734545,0.813989,-0.135553,0.550570,0.126171
1403638177.54521,5.504228,-1.922738,0.724025,0.813156,-0.139847,0.551904,0.120928
1403638177.59521,5.520546,-1.938967,0.712400,0.812337,-0.145688,0.553239,0.113180
1403638177.64521,5.537187,-1.954606,0.699908,0.811531,-0.149068,0.554308,0.109268
1403638177.69521,5.554162,-1.969674,0.686063,0.810749,-0.153886,0.555127,0.104107
1403638177.74521,5.571510,-1.984039,0.671344,0.809104,-0.158603,0.556913,0.100219
1403638177.79521,5.589796,-1.996142,0.656313,0.806134,-0.163025,0.560493,0.097055
1403638177.84520,5.606782,-2.010902,0.640997,0.802179,-0.166325,0.565549,0.094867
1403638177.89520,5.622949,-2.026138,0.626219,0.798213,-0.168651,0.570600,0.093960
1403638177.94520,5.637876,-2.042215,0.613068,0.795018,-0.170188,0.574566,0.094106
1403638177.99520,5.651047,-2.059022,0.601728,0.792370,-0.170970,0.577809,0.095157
1403638178.04521,5.663471,-2.077274,0.592730,0.790246,-0.170854,0.580119,0.098903
1403638178.09521,5.674821,-2.096545,0.585372,0.788849,-0.171900,0.580833,0.103928
1403638178.14521,5.685335,-2.116914,0.580554,0.787447,-0.174750,0.580996,0.108779
1403638178.19521,5.693741,-2.137827,0.576947,0.785306,-0.179588,0.581604,0.113050
1403638178.24521,5.700121,-2.158992,0.575619,0.782378,-0.186009,0.582652,0.117483
1403638178.29521,5.705549,-2.181139,0.576844,0.779977,-0.193347,0.582408,0.122692
1403638178.34521,5.709695,-2.202512,0.579943,0.776934,-0.201816,0.582517,0.127743
1403638178.39521,5.712822,-2.221848,0.583522,0.774296,-0.210704,0.581416,0.134258
1403638178.44521,5.712881,-2.242770,0.585888,0.772073,-0.221862,0.579083,0.139079
1403638178.49520,5.711566,-2.263603,0.587093,0.770765,-0.232969,0.574988,0.145037
1403638178.54520,5.708258,-2.284446,0.585589,0.769821,-0.245048,0.569897,0.150150
1403638178.59520,5.702340,-2.306128,0.582119,0.768950,-0.257338,0.564405,0.154725
1403638178.64520,5.696204,-2.328247,0.578330,0.766970,-0.269222,0.560309,0.159154
1403638178.69520,5.688233,-2.349652,0.573369,0.764435,-0.280388,0.556725,0.164553
1403638178.74521,5.679203,-2.371948,0.568443,0.760976,-0.290938,0.554335,0.170247
1403638178.79521,5.669168,-2.394902,0.562746,0.758145,-0.300520,0.551049,0.176774
1403638178.84520,5.658131,-2.418567,0.555980,0.756595,-0.309393,0.546276,0.182819
1403638178.89520,5.646805,-2.442692,0.548220,0.755640,-0.316980,0.541582,0.187675
1403638178.94520,5.634915,-2.467406,0.539649,0.755365,-0.323513,0.536656,0.191740
1403638178.99520,5.621706,-2.491771,0.530001,0.756128,-0.329157,0.531093,0.194592
1403638179.04520,5.609110,-2.517806,0.519930,0.757359,-0.333165,0.525541,0.198028
1403638179.09519,5.595738,-2.547540,0.509366,0.758399,-0.335918,0.520991,0.201391
1403638179.14519,5.582867,-2.575701,0.497645,0.759124,-0.338895,0.516534,0.205118
1403638179.19519,5.570394,-2.604679,0.485597,0.759490,-0.341494,0.512424,0.209712
1403638179.24519,5.558696,-2.634547,0.472508,0.759994,-0.343961,0.508022,0.214509
1403638179.29519,5.546736,-2.665405,0.458491,0.760099,-0.347719,0.503533,0.218621
1403638179.34519,5.536508,-2.697677,0.443937,0.759015,-0.351772,0.500058,0.223821
1403638179.39519,5.527474,-2.730953,0.429492,0.755341,-0.357079,0.499458,0.229119
1403638179.44520,5.518988,-2.766117,0.416022,0.748841,-0.363731,0.502190,0.233971
1403638179.49520,5.511943,-2.801733,0.401736,0.741145,-0.370689,0.505830,0.239646
1403638179.54520,5.504528,-2.837823,0.386188,0.733704,-0.378460,0.508018,0.245690
1403638179.59520,5.495570,-2.874860,0.370249,0.726995,-0.386349,0.508491,0.252288
1403638179.64520,5.486905,-2.912479,0.353962,0.720802,-0.395153,0.507779,0.257797
1403638179.69520,5.477433,-2.949568,0.341555,0.714389,-0.403111,0.506875,0.265006
1403638179.74520,5.468339,-2.986477,0.328941,0.708659,-0.411890,0.504309,0.271701
1403638179.79520,5.458710,-3.023997,0.317664,0.703129,-0.420451,0.501480,0.278115
1403638179.84520,5.448754,-3.061237,0.308110,0.697139,-0.428589,0.498903,0.285315
1403638179.89519,5.438213,-3.098984,0.299784,0.692549,-0.437533,0.494534,0.290478
1403638179.94519,5.427412,-3.136298,0.293985,0.689470,-0.445677,0.489274,0.294303
1403638179.99519,5.416278,-3.174308,0.287224,0.687689,-0.453414,0.483166,0.296734
1403638180.04519,5.405210,-3.212770,0.281524,0.686323,-0.460546,0.477790,0.297616
1403638180.09519,5.394211,-3.252161,0.277427,0.683752,-0.466387,0.474958,0.298968
1403638180.14519,5.383105,-3.291785,0.274561,0.681631,-0.470925,0.472722,0.300237
1403638180.19519,5.371899,-3.332055,0.272750,0.680010,-0.473124,0.471061,0.303055
1403638180.24519,5.360527,-3.371524,0.270737,0.678797,-0.475332,0.469591,0.304596
1403638180.29519,5.348395,-3.414637,0.265442,0.678387,-0.477500,0.467828,0.304831
1403638180.34519,5.336767,-3.457350,0.259477,0.677799,-0.479266,0.467117,0.304458
1403638180.39519,5.324806,-3.500784,0.252225,0.678092,-0.479407,0.465596,0.305908
1403638180.44519,5.311602,-3.545202,0.243718,0.679252,-0.479116,0.463525,0.306934
1403638180.49519,5.299118,-3.590623,0.234303,0.679421,-0.477871,0.463146,0.309067
1403638180.54519,5.287077,-3.637860,0.223336,0.680296,-0.476194,0.462354,0.310908
1403638180.59519,5.274956,-3.685995,0.211798,0.681228,-0.475240,0.461493,0.311609
1403638180.64519,5.261880,-3.736056,0.201672,0.683347,-0.473947,0.459268,0.312224
1403638180.69519,5.249893,-3.785987,0.193922,0.685169,-0.473370,0.457691,0.311421
1403638180.74519,5.239002,-3.835317,0.187418,0.688265,-0.473067,0.454437,0.309815
1403638180.79519,5.228488,-3.886304,0.183632,0.689757,-0.473141,0.453646,0.307534
1403638180.84519,5.219042,-3.938069,0.181223,0.691152,-0.472625,0.453181,0.305877
1403638180.89519,5.210394,-3.991277,0.180520,0.691631,-0.472055,0.454228,0.304117
1403638180.94519,5.202018,-4.045811,0.179929,0.691886,-0.471305,0.455482,0.302822
1403638180.99519,5.194280,-4.100401,0.178639,0.691300,-0.470835,0.457741,0.301483
1403638181.04519,5.186468,-4.156985,0.175812,0.690688,-0.469963,0.460312,0.300328
1403638181.09518,5.179059,-4.215125,0.170946,0.690695,-0.469344,0.461735,0.299093
1403638181.14518,5.172220,-4.273633,0.164280,0.689764,-0.469777,0.463987,0.297070
1403638181.19518,5.165221,-4.333724,0.157498,0.688269,-0.468634,0.467400,0.296995
1403638181.24518,5.158136,-4.393992,0.149765,0.685269,-0.468515,0.471945,0.296930
1403638181.29518,5.150615,-4.454611,0.141662,0.680241,-0.469990,0.477409,0.297426
1403638181.34518,5.141694,-4.515757,0.132412,0.675172,-0.472526,0.480825,0.299449
1403638181.39517,5.131998,-4.576886,0.121855,0.669066,-0.477057,0.483802,0.301171
1403638181.44517,5.120967,-4.637717,0.109832,0.662339,-0.483589,0.485683,0.302591
1403638181.49517,5.108492,-4.699094,0.097069,0.654022,-0.490028,0.487918,0.306699
1403638181.54517,5.094050,-4.760788,0.084444,0.642842,-0.496348,0.492705,0.312466
1403638181.59516,5.077133,-4.821829,0.072288,0.632884,-0.501466,0.494760,0.321252
1403638181.64516,5.057975,-4.881329,0.060229,0.625632,-0.507364,0.492595,0.329418
1403638181.69516,5.035932,-4.940821,0.048126,0.621124,-0.513212,0.486373,0.338025
1403638181.74516,5.011893,-5.000511,0.037946,0.617137,-0.520010,0.479307,0.344959
1403638181.79515,4.985609,-5.059819,0.030746,0.613339,-0.526310,0.471293,0.353122
1403638181.84515,4.957845,-5.116083,0.025029,0.610509,-0.532914,0.462035,0.360287
1403638181.89514,4.929232,-5.171151,0.021851,0.608208,-0.539073,0.452125,0.367513
1403638181.94514,4.899792,-5.227164,0.020067,0.604934,-0.546310,0.444386,0.371647
1403638181.99514,4.870609,-5.280681,0.021023,0.602490,-0.552677,0.437539,0.374316
1403638182.04514,4.841824,-5.333500,0.023469,0.600867,-0.559388,0.431018,0.374522
1403638182.09515,4.814315,-5.382785,0.030924,0.598940,-0.564827,0.425980,0.375211
1403638182.14515,4.786234,-5.433155,0.037864,0.597538,-0.569629,0.421296,0.375475
1403638182.19516,4.758693,-5.486906,0.045451,0.596054,-0.573620,0.417976,0.375468
1403638182.24516,4.730945,-5.538290,0.051177,0.594055,-0.578684,0.416257,0.372764
1403638182.29517,4.703223,-5.590415,0.055836,0.592482,-0.582779,0.415247,0.370004
1403638182.34517,4.673599,-5.649983,0.057875,0.590815,-0.585784,0.415374,0.367776
1403638182.39517,4.644591,-5.704266,0.061036,0.590570,-0.588519,0.414461,0.364821
1403638182.44517,4.614149,-5.759438,0.065860,0.592356,-0.588059,0.411237,0.366313
1403638182.49517,4.582782,-5.820791,0.069546,0.595251,-0.587109,0.407384,0.367448
1403638182.54517,4.551101,-5.878429,0.078486,0.598866,-0.584648,0.402867,0.370465
1403638182.59517,4.519321,-5.936854,0.089815,0.602322,-0.582020,0.398962,0.373215
1403638182.64517,4.488033,-5.997160,0.102950,0.604645,-0.580507,0.397043,0.373863
1403638182.69517,4.457005,-6.059074,0.117506,0.606483,-0.578963,0.396280,0.374089
1403638182.74517,4.426336,-6.122359,0.132908,0.606975,-0.578267,0.397403,0.373174
1403638182.79517,4.395854,-6.187027,0.147947,0.607345,-0.577140,0.398532,0.373115
1403638182.84517,4.366341,-6.253535,0.161701,0.607411,-0.575942,0.400198,0.373074
1403638182.89517,4.337329,-6.321763,0.173496,0.606694,-0.574449,0.402968,0.373561
1403638182.94516,4.308109,-6.391368,0.183318,0.605620,-0.572938,0.406115,0.374216
1403638182.99516,4.278508,-6.461255,0.192941,0.603985,-0.570371,0.410033,0.376500
1403638183.04516,4.248251,-6.528874,0.202665,0.602512,-0.567998,0.413619,0.378519
1403638183.09516,4.218868,-6.600451,0.209973,0.602086,-0.564812,0.415777,0.381586
1403638183.14516,4.189754,-6.670032,0.216642,0.602522,-0.561546,0.416167,0.385277
1403638183.19516,4.160710,-6.738722,0.222002,0.602780,-0.559811,0.416777,0.386735
1403638183.24516,4.132628,-6.807467,0.225360,0.605563,-0.558641,0.413785,0.387292
1403638183.29517,4.106096,-6.874127,0.225773,0.607726,-0.558982,0.411126,0.386243
1403638183.34517,4.079653,-6.941269,0.225840,0.610006,-0.560851,0.408209,0.383020
1403638183.44517,4.027544,-7.075891,0.224569,0.614935,-0.563949,0.401272,0.377884
1403638183.49517,4.003266,-7.142389,0.222638,0.617050,-0.564586,0.398028,0.376916
1403638183.54517,3.979818,-7.210124,0.219962,0.619249,-0.564557,0.395070,0.376464
1403638183.59517,3.958002,-7.276798,0.215579,0.619498,-0.565219,0.394536,0.375622
1403638183.64517,3.936264,-7.346912,0.211908,0.618139,-0.564530,0.396666,0.376651
1403638183.69516,3.915785,-7.419821,0.212352,0.617044,-0.561022,0.398673,0.381537
1403638183.74516,3.894217,-7.495009,0.212256,0.613510,-0.558880,0.404030,0.384733
1403638183.79516,3.875131,-7.568246,0.214085,0.612078,-0.555531,0.406182,0.389566
1403638183.84516,3.857623,-7.641289,0.218364,0.609768,-0.551947,0.409807,0.394456
1403638183.89516,3.840870,-7.713777,0.224098,0.607642,-0.550344,0.412518,0.397141
1403638183.94516,3.825333,-7.784573,0.231755,0.606828,-0.549721,0.413577,0.398146
1403638183.99516,3.810820,-7.856118,0.239792,0.606862,-0.550158,0.413099,0.397987
1403638184.04515,3.797433,-7.926055,0.251013,0.607020,-0.551548,0.412641,0.396294
1403638184.09515,3.784702,-7.995936,0.263069,0.608699,-0.553674,0.409802,0.393692
1403638184.14515,3.774007,-8.065153,0.274692,0.611095,-0.555727,0.405905,0.391116
1403638184.19515,3.764709,-8.133734,0.284736,0.612348,-0.558995,0.403360,0.387111
1403638184.24515,3.756223,-8.202585,0.293434,0.613709,-0.560828,0.400847,0.384910
1403638184.29515,3.748332,-8.271279,0.301910,0.613768,-0.561938,0.400040,0.384034
1403638184.34515,3.741036,-8.341144,0.308681,0.613532,-0.561209,0.400025,0.385490
1403638184.39516,3.735151,-8.412471,0.314579,0.611673,-0.560385,0.402540,0.387023
1403638184.44516,3.730045,-8.484535,0.319614,0.610630,-0.559208,0.403889,0.388961
1403638184.49516,3.726288,-8.556698,0.323935,0.609803,-0.557616,0.404888,0.391497
1403638184.54516,3.723522,-8.628702,0.328327,0.608752,-0.557346,0.406123,0.392238
1403638184.59516,3.721814,-8.699237,0.333402,0.607950,-0.556880,0.406893,0.393344
1403638184.64516,3.720121,-8.770409,0.338901,0.606848,-0.556662,0.408422,0.393769
1403638184.69516,3.719147,-8.841781,0.343869,0.607231,-0.556599,0.407599,0.394120
1403638184.74516,3.718639,-8.913140,0.348803,0.606126,-0.557487,0.408847,0.393272
1403638184.79516,3.718788,-8.984615,0.354805,0.605869,-0.557301,0.409291,0.393471
1403638184.84516,3.719421,-9.055766,0.360052,0.605925,-0.558083,0.408468,0.393132
1403638184.89516,3.720033,-9.126690,0.366179,0.606385,-0.557203,0.407571,0.394598
1403638184.94516,3.721466,-9.197008,0.373036,0.605399,-0.556228,0.408786,0.396227
1403638184.99516,3.722762,-9.268491,0.380278,0.604922,-0.556791,0.409197,0.395741
1403638185.04516,3.726651,-9.336242,0.387133,0.604517,-0.557342,0.409778,0.394981
1403638185.09516,3.729702,-9.404706,0.394381,0.605579,-0.557062,0.408052,0.395536
1403638185.14516,3.734975,-9.471410,0.401243,0.606366,-0.557060,0.407202,0.395210
1403638185.19516,3.740478,-9.538680,0.407944,0.606710,-0.556384,0.406595,0.396257
1403638185.24516,3.745969,-9.606576,0.414593,0.608552,-0.554883,0.404112,0.398073
1403638185.29516,3.752240,-9.673399,0.420907,0.608970,-0.553809,0.403767,0.399279
1403638185.34516,3.759351,-9.739426,0.427875,0.609696,-0.552511,0.402546,0.401196
1403638185.39516,3.770288,-9.805709,0.434287,0.610384,-0.549617,0.403466,0.403196
1403638185.44516,3.780953,-9.870864,0.441401,0.611646,-0.545691,0.405191,0.404883
1403638185.49516,3.793067,-9.935871,0.448633,0.613955,-0.540189,0.407714,0.406232
1403638185.54516,3.807037,-10.000217,0.455923,0.617182,-0.534575,0.410365,0.406099
1403638185.59516,3.823058,-10.063954,0.463319,0.620403,-0.528944,0.414247,0.404621
1403638185.64516,3.840493,-10.128060,0.470130,0.623997,-0.523283,0.416984,0.403642
1403638185.69516,3.859453,-10.191463,0.477094,0.625567,-0.519587,0.422109,0.400649
1403638185.74516,3.881515,-10.249276,0.482957,0.626535,-0.517273,0.427561,0.396325
1403638185.79516,3.903942,-10.309096,0.489041,0.627092,-0.518128,0.432729,0.388646
1403638185.84516,3.926580,-10.367661,0.494097,0.626092,-0.522599,0.439065,0.376988
1403638185.89516,3.950181,-10.424935,0.498837,0.625711,-0.526415,0.443740,0.366698
1403638185.94516,3.973476,-10.482979,0.502203,0.625297,-0.530509,0.447540,0.356752
1403638185.99516,3.995132,-10.540516,0.504933,0.625565,-0.531658,0.449581,0.351972
1403638186.04516,4.015585,-10.597602,0.506224,0.627931,-0.530799,0.448033,0.351029
1403638186.09517,4.035491,-10.654764,0.506711,0.630730,-0.529365,0.445417,0.351505
1403638186.14517,4.055370,-10.712420,0.506684,0.632796,-0.527184,0.443242,0.353811
1403638186.19517,4.074141,-10.768846,0.506240,0.635159,-0.524981,0.440556,0.356200
1403638186.24517,4.093329,-10.825627,0.506591,0.636130,-0.524223,0.439393,0.357019
1403638186.29517,4.112794,-10.881560,0.508707,0.637388,-0.522680,0.438016,0.358726
1403638186.34516,4.131749,-10.939137,0.513240,0.638441,-0.521761,0.436450,0.360097
1403638186.39516,4.152347,-10.993580,0.519780,0.638869,-0.521605,0.435601,0.360593
1403638186.44516,4.171316,-11.050994,0.527892,0.638753,-0.521260,0.435655,0.361229
1403638186.49516,4.190115,-11.108399,0.537323,0.638096,-0.520808,0.435974,0.362656
1403638186.54516,4.209346,-11.164665,0.546554,0.639001,-0.520356,0.434117,0.363936
1403638186.59517,4.229329,-11.221993,0.555545,0.639370,-0.519834,0.433016,0.365343
1403638186.64517,4.249223,-11.278757,0.562958,0.640338,-0.519376,0.431107,0.366555
1403638186.69516,4.269771,-11.336511,0.569002,0.641233,-0.517817,0.429181,0.369445
1403638186.74516,4.291946,-11.394054,0.573643,0.643006,-0.514929,0.427582,0.372243
1403638186.79517,4.315473,-11.451081,0.576931,0.645574,-0.511112,0.426420,0.374386
1403638186.84517,4.340204,-11.508310,0.579302,0.648709,-0.506548,0.426022,0.375621
1403638186.89517,4.366676,-11.565871,0.580391,0.653182,-0.502102,0.425329,0.374621
1403638186.94517,4.394855,-11.622881,0.580860,0.657121,-0.497292,0.427349,0.371840
1403638186.99517,4.424877,-11.679616,0.581441,0.662091,-0.491701,0.430096,0.367264
1403638187.04517,4.455893,-11.734925,0.583702,0.665172,-0.485893,0.437795,0.360263
1403638187.09517,4.488686,-11.788614,0.587434,0.668723,-0.478445,0.446334,0.353108
1403638187.14517,4.522320,-11.842785,0.593188,0.671906,-0.469431,0.456393,0.346241
1403638187.19517,4.556102,-11.895177,0.600390,0.675491,-0.460312,0.466192,0.338364
1403638187.24517,4.589885,-11.946535,0.609865,0.678856,-0.450096,0.476499,0.330933
1403638187.29517,4.624060,-11.997329,0.621352,0.682514,-0.438745,0.485696,0.325235
1403638187.34517,4.657123,-12.047958,0.634312,0.686252,-0.428621,0.493297,0.319375
1403638187.39517,4.689498,-12.095935,0.648765,0.688763,-0.418948,0.500881,0.314972
1403638187.44517,4.721505,-12.142340,0.663742,0.691558,-0.410235,0.506429,0.311424
1403638187.49517,4.752688,-12.187214,0.679071,0.694575,-0.404182,0.509878,0.306964
1403638187.54517,4.782183,-12.228143,0.694721,0.698358,-0.399507,0.510857,0.302847
1403638187.59518,4.810642,-12.267534,0.709275,0.702615,-0.396967,0.509767,0.298138
1403638187.64518,4.839446,-12.307383,0.723561,0.706748,-0.395754,0.507573,0.293692
1403638187.69518,4.867632,-12.345467,0.737513,0.710005,-0.394099,0.505576,0.291498
1403638187.74518,4.894506,-12.384615,0.750130,0.712610,-0.392375,0.503564,0.290951
1403638187.79518,4.922809,-12.421510,0.761641,0.714668,-0.390756,0.501826,0.291083
1403638187.84519,4.950357,-12.458281,0.771983,0.715464,-0.388963,0.501105,0.292767
1403638187.89519,4.979386,-12.491973,0.780862,0.716934,-0.386165,0.499029,0.296398
1403638187.94519,5.008528,-12.524278,0.790011,0.716412,-0.384312,0.499423,0.299392
1403638187.99519,5.039030,-12.557632,0.797775,0.715489,-0.381824,0.499870,0.303999
1403638188.04519,5.068912,-12.585914,0.804198,0.714388,-0.379683,0.500426,0.308324
1403638188.09519,5.099599,-12.613382,0.810038,0.713576,-0.377560,0.500381,0.312852
1403638188.14519,5.130714,-12.638020,0.814172,0.712755,-0.375334,0.500211,0.317637
1403638188.19518,5.162557,-12.661648,0.817567,0.710455,-0.374423,0.502358,0.320465
1403638188.24518,5.195229,-12.683909,0.820067,0.706295,-0.374765,0.507163,0.321690
1403638188.29518,5.228439,-12.704877,0.822200,0.699859,-0.375653,0.515652,0.321224
1403638188.34518,5.261715,-12.722452,0.823199,0.693097,-0.376631,0.524520,0.320382
1403638188.39518,5.293772,-12.736508,0.823005,0.686679,-0.376851,0.532355,0.321020
1403638188.44518,5.325326,-12.746999,0.822076,0.681255,-0.377517,0.538858,0.320942
1403638188.49518,5.355592,-12.755354,0.820595,0.676752,-0.378367,0.544384,0.320144
1403638188.54518,5.383553,-12.759317,0.818327,0.672687,-0.378553,0.549099,0.320437
1403638188.59518,5.409502,-12.758888,0.815729,0.671378,-0.378623,0.551517,0.318946
1403638188.64518,5.433643,-12.754569,0.814404,0.672791,-0.377684,0.551311,0.317432
1403638188.69518,5.455334,-12.746981,0.815065,0.675449,-0.376609,0.550570,0.314336
1403638188.74518,5.474886,-12.733974,0.817535,0.679700,-0.375743,0.548632,0.309561
1403638188.79518,5.493244,-12.717315,0.821680,0.685148,-0.374617,0.544718,0.305804
1403638188.84519,5.511236,-12.698131,0.827980,0.689472,-0.373626,0.542148,0.301841
1403638188.89519,5.530039,-12.676790,0.836853,0.692992,-0.372437,0.540313,0.298521
1403638188.94519,5.548430,-12.655177,0.847449,0.696178,-0.371831,0.538470,0.295175
1403638188.99519,5.565107,-12.632081,0.861369,0.699249,-0.370424,0.536754,0.292800
1403638189.04519,5.584728,-12.607915,0.877031,0.701744,-0.368666,0.536807,0.288927
1403638189.09518,5.601878,-12.581479,0.893124,0.703825,-0.365589,0.538319,0.284935
1403638189.14518,5.619168,-12.554800,0.907613,0.706554,-0.361474,0.539863,0.280474
1403638189.19518,5.634904,-12.523909,0.920569,0.709484,-0.357024,0.542156,0.274286
1403638189.24517,5.648537,-12.491022,0.930975,0.713478,-0.351751,0.543675,0.267650
1403638189.29517,5.659502,-12.456912,0.940311,0.718192,-0.345779,0.544711,0.260629
1403638189.34518,5.669943,-12.422920,0.947377,0.724425,-0.340060,0.543493,0.253343
1403638189.39518,5.677503,-12.386550,0.953059,0.732427,-0.335467,0.538924,0.246116
1403638189.44518,5.683907,-12.349822,0.958738,0.740301,-0.331511,0.533822,0.238931
1403638189.49518,5.689957,-12.312266,0.965949,0.747183,-0.327963,0.529118,0.232794
1403638189.54518,5.694266,-12.273877,0.975137,0.752340,-0.325328,0.525918,0.227062
1403638189.59518,5.699916,-12.236979,0.986999,0.755916,-0.322741,0.524111,0.223016
1403638189.64517,5.705880,-12.200822,1.000864,0.759086,-0.321043,0.522319,0.218869
1403638189.69517,5.712855,-12.166024,1.013125,0.762367,-0.320838,0.519651,0.214060
1403638189.74517,5.719936,-12.132617,1.024559,0.765278,-0.321753,0.516779,0.209198
1403638189.79517,5.725614,-12.100558,1.035722,0.767590,-0.322384,0.514236,0.205999
1403638189.84517,5.731838,-12.068353,1.044275,0.770229,-0.322904,0.510883,0.203665
1403638189.89517,5.739108,-12.038249,1.050646,0.772882,-0.322723,0.507324,0.202794
1403638189.94516,5.746880,-12.009724,1.055855,0.774536,-0.323067,0.504951,0.201857
1403638189.99516,5.755898,-11.982483,1.061009,0.774209,-0.322703,0.505284,0.202857
1403638190.04516,5.765710,-11.957225,1.065066,0.772000,-0.321618,0.508436,0.205112
1403638190.09515,5.776496,-11.933935,1.067753,0.768982,-0.320541,0.512848,0.207141
1403638190.14515,5.788079,-11.911446,1.069903,0.765191,-0.318640,0.518069,0.211081
1403638190.19515,5.799752,-11.889651,1.070040,0.761518,-0.316987,0.522992,0.214681
1403638190.24515,5.811753,-11.868500,1.069468,0.757596,-0.313053,0.528380,0.221047
1403638190.29515,5.824084,-11.846839,1.067208,0.755462,-0.305944,0.532192,0.229011
1403638190.34515,5.836536,-11.824300,1.063620,0.754397,-0.298219,0.535241,0.235517
1403638190.39515,5.849429,-11.800935,1.058932,0.753846,-0.289366,0.538251,0.241389
1403638190.44514,5.861848,-11.774905,1.053847,0.755012,-0.281678,0.538920,0.245317
1403638190.49514,5.874864,-11.747783,1.046898,0.756266,-0.276701,0.539418,0.246023
1403638190.54514,5.888351,-11.719178,1.038955,0.757674,-0.274102,0.540039,0.243220
1403638190.59513,5.902651,-11.688842,1.032044,0.759662,-0.272225,0.539571,0.240146
1403638190.64513,5.916826,-11.656133,1.025064,0.760726,-0.270937,0.540058,0.237120
1403638190.69513,5.931285,-11.621458,1.017514,0.761510,-0.270681,0.540678,0.233453
1403638190.74513,5.945956,-11.585475,1.011918,0.762063,-0.269361,0.541606,0.231015
1403638190.79512,5.960678,-11.546930,1.007077,0.761727,-0.271289,0.543571,0.225175
1403638190.84512,5.975529,-11.507255,1.003780,0.761996,-0.273648,0.544484,0.219124
1403638190.89512,5.991114,-11.467354,1.002785,0.762063,-0.275537,0.545465,0.214027
1403638190.94512,6.005549,-11.424711,1.004197,0.762858,-0.275864,0.545098,0.211694
1403638190.99513,6.018629,-11.382350,1.007076,0.762047,-0.276853,0.546848,0.208790
1403638191.04513,6.031698,-11.339932,1.011483,0.760239,-0.276416,0.549822,0.208149
1403638191.09513,6.043672,-11.296325,1.017795,0.759157,-0.276051,0.551590,0.207906
1403638191.14513,6.055151,-11.252732,1.025239,0.760331,-0.276495,0.550140,0.206866
1403638191.19512,6.066037,-11.208703,1.034355,0.763040,-0.277370,0.546558,0.205210
1403638191.24512,6.076234,-11.164117,1.046126,0.766638,-0.278898,0.541398,0.203399
1403638191.29511,6.086529,-11.119446,1.058417,0.770152,-0.281238,0.536331,0.200300
1403638191.34512,6.096526,-11.074574,1.072706,0.772989,-0.281268,0.532252,0.200208
1403638191.39512,6.107050,-11.030553,1.085868,0.774917,-0.281823,0.529095,0.200344
1403638191.44512,6.117889,-10.987169,1.097759,0.776027,-0.282547,0.527207,0.200006
1403638191.49512,6.129745,-10.944341,1.108323,0.776256,-0.283664,0.526493,0.199415
1403638191.54512,6.139611,-10.898101,1.121126,0.776352,-0.283815,0.525937,0.200291
1403638191.59513,6.152749,-10.856203,1.128866,0.776382,-0.283368,0.525578,0.201746
1403638191.64513,6.166145,-10.814573,1.135307,0.776382,-0.283280,0.525175,0.202916
1403638191.69513,6.180083,-10.773786,1.140673,0.777319,-0.281815,0.523566,0.205508
1403638191.74513,6.195536,-10.733462,1.144387,0.778052,-0.280232,0.522122,0.208553
1403638191.79513,6.212554,-10.693064,1.146511,0.778603,-0.278482,0.521071,0.211449
1403638191.84513,6.229890,-10.652351,1.147150,0.779382,-0.277753,0.519599,0.213152
1403638191.89513,6.248548,-10.611944,1.146475,0.779009,-0.277743,0.519874,0.213857
1403638191.94513,6.269167,-10.570201,1.146347,0.778929,-0.278342,0.519760,0.213648
1403638191.99513,6.289327,-10.530170,1.145850,0.778855,-0.278585,0.519915,0.213223
1403638192.04513,6.311209,-10.490276,1.147223,0.778658,-0.277713,0.520067,0.214703
1403638192.09513,6.334209,-10.449393,1.150993,0.778797,-0.277880,0.519711,0.214844
1403638192.14513,6.358516,-10.407498,1.156825,0.778052,-0.278694,0.520888,0.213635
1403638192.19513,6.383888,-10.367522,1.165064,0.776971,-0.279415,0.522461,0.212786
1403638192.24513,6.409864,-10.327503,1.175659,0.775258,-0.279526,0.525031,0.212562
1403638192.29513,6.438772,-10.283574,1.187882,0.772101,-0.280243,0.529706,0.211509
1403638192.34513,6.468726,-10.244091,1.203659,0.769437,-0.280018,0.533783,0.211264
1403638192.39513,6.499440,-10.204027,1.220202,0.767773,-0.280083,0.536195,0.211122
1403638192.44513,6.530198,-10.163137,1.238273,0.766854,-0.280237,0.537571,0.210761
1403638192.49513,6.560638,-10.121875,1.257947,0.765443,-0.280275,0.539633,0.210569
1403638192.54513,6.588754,-10.076042,1.277985,0.763916,-0.280010,0.541543,0.211564
1403638192.59513,6.618409,-10.033201,1.299644,0.761775,-0.279372,0.544496,0.212541
1403638192.64513,6.648384,-9.989771,1.321515,0.757862,-0.278035,0.549684,0.214918
1403638192.69513,6.677553,-9.946781,1.341976,0.754454,-0.278788,0.554231,0.214251
1403638192.74513,6.705395,-9.900926,1.359839,0.750971,-0.278103,0.558650,0.215897
1403638192.79514,6.731229,-9.856355,1.376567,0.747243,-0.278438,0.563618,0.215488
1403638192.84514,6.753144,-9.809934,1.393301,0.744102,-0.278862,0.567843,0.214715
1403638192.89514,6.773435,-9.760740,1.407552,0.738745,-0.279954,0.574958,0.212849
1403638192.94513,6.793164,-9.713872,1.421782,0.731775,-0.281948,0.584195,0.209112
1403638192.99514,6.808726,-9.668643,1.433199,0.726216,-0.283393,0.591585,0.205734
1403638193.04514,6.821840,-9.618213,1.445056,0.723017,-0.284308,0.596793,0.200631
1403638193.09514,6.831490,-9.568053,1.457714,0.723905,-0.282905,0.597595,0.196992
1403638193.14515,6.837433,-9.516677,1.470761,0.728525,-0.279998,0.594361,0.193878
1403638193.19515,6.839997,-9.464448,1.485665,0.734124,-0.276628,0.589705,0.191799
1403638193.24515,6.839095,-9.411683,1.503170,0.739147,-0.272673,0.585607,0.190723
1403638193.29516,6.835497,-9.357901,1.522685,0.743419,-0.269182,0.582218,0.189449
1403638193.34515,6.829135,-9.302623,1.545899,0.747622,-0.264769,0.578412,0.190782
1403638193.39515,6.819582,-9.246839,1.570607,0.749820,-0.260159,0.577130,0.192376
1403638193.44515,6.809079,-9.190443,1.596370,0.751216,-0.256407,0.576387,0.194184
1403638193.49515,6.797811,-9.133969,1.621710,0.751347,-0.253773,0.577312,0.194391
1403638193.54515,6.781546,-9.076334,1.644568,0.751713,-0.251738,0.577742,0.194343
1403638193.59515,6.766230,-9.016236,1.666597,0.753350,-0.251071,0.576247,0.193303
1403638193.64515,6.746769,-8.956365,1.685697,0.756570,-0.251000,0.572542,0.191826
1403638193.69516,6.727881,-8.896840,1.702524,0.760910,-0.251947,0.567129,0.189484
1403638193.74516,6.707912,-8.836601,1.717557,0.764741,-0.253901,0.562344,0.185673
1403638193.79516,6.687647,-8.776023,1.731452,0.768143,-0.254991,0.557813,0.183793
1403638193.84516,6.665984,-8.715320,1.743933,0.770418,-0.255462,0.554611,0.183308
1403638193.89516,6.643657,-8.654843,1.754933,0.772202,-0.256539,0.552026,0.182095
1403638193.94516,6.621656,-8.594253,1.765011,0.773944,-0.256968,0.549451,0.181884
1403638193.99516,6.599429,-8.534746,1.775123,0.774381,-0.258192,0.548777,0.180315
1403638194.04516,6.577441,-8.474738,1.782862,0.774440,-0.258186,0.548570,0.180705
1403638194.09516,6.556345,-8.415055,1.789655,0.772332,-0.257347,0.551152,0.183049
1403638194.14516,6.534731,-8.355119,1.795448,0.769591,-0.257064,0.554708,0.184244
1403638194.19516,6.512246,-8.296760,1.799532,0.766889,-0.256224,0.558148,0.186284
1403638194.24517,6.488217,-8.234458,1.802987,0.764313,-0.255968,0.561452,0.187290
1403638194.29517,6.464693,-8.174279,1.804414,0.763638,-0.255899,0.562267,0.187691
1403638194.34517,6.440644,-8.114725,1.804358,0.765322,-0.257322,0.559864,0.186065
1403638194.39517,6.415577,-8.054739,1.805774,0.767147,-0.258602,0.557163,0.184881
1403638194.44517,6.389555,-7.994309,1.808321,0.768943,-0.260229,0.554509,0.183103
1403638194.49517,6.363984,-7.934264,1.812594,0.770781,-0.261910,0.551700,0.181455
1403638194.54517,6.337534,-7.874479,1.819021,0.772732,-0.262207,0.548731,0.181734
1403638194.59516,6.310700,-7.813110,1.826878,0.774372,-0.263363,0.546191,0.180727
1403638194.64516,6.284306,-7.753864,1.835350,0.776875,-0.264258,0.542435,0.179990
1403638194.69516,6.258472,-7.695674,1.844423,0.779816,-0.265487,0.537990,0.178805
1403638194.74516,6.232960,-7.637694,1.852933,0.781797,-0.266291,0.534844,0.178390
1403638194.79516,6.206795,-7.580941,1.859656,0.783763,-0.266633,0.531748,0.178511
1403638194.84517,6.181131,-7.523536,1.866426,0.785480,-0.267566,0.528974,0.177809
1403638194.89517,6.157247,-7.468709,1.871171,0.786760,-0.267493,0.526834,0.178611
1403638194.94517,6.134416,-7.415101,1.874239,0.787750,-0.267239,0.525311,0.179115
1403638194.99517,6.112631,-7.362796,1.875561,0.788378,-0.267757,0.524334,0.178438
1403638195.04517,6.091573,-7.311655,1.876058,0.789103,-0.267697,0.523183,0.178701
1403638195.09517,6.071857,-7.261497,1.875098,0.789589,-0.267485,0.522629,0.178492
1403638195.14517,6.053547,-7.212470,1.872860,0.790806,-0.267629,0.520787,0.178274
1403638195.19517,6.037114,-7.163482,1.869292,0.792863,-0.269515,0.517528,0.175770
1403638195.24516,6.021244,-7.116582,1.863939,0.796832,-0.271078,0.511427,0.173257
1403638195.29516,6.007279,-7.071548,1.857318,0.800647,-0.272989,0.505454,0.170173
1403638195.34516,5.994178,-7.027008,1.850635,0.803128,-0.274232,0.501423,0.168394
1403638195.39517,5.985321,-6.984606,1.844347,0.802998,-0.273990,0.501607,0.168864
1403638195.44517,5.977008,-6.944670,1.837284,0.799770,-0.273424,0.506609,0.170160
1403638195.49516,5.971733,-6.909826,1.829357,0.794411,-0.271535,0.515063,0.172886
1403638195.54516,5.966490,-6.873627,1.820072,0.789494,-0.270610,0.522593,0.174259
1403638195.59516,5.962181,-6.839276,1.809335,0.785080,-0.268411,0.529304,0.177321
1403638195.64516,5.958582,-6.805772,1.797583,0.782653,-0.267603,0.533026,0.178119
1403638195.69516,5.955265,-6.773051,1.786106,0.782518,-0.267061,0.533358,0.178533
1403638195.74517,5.952861,-6.741517,1.776122,0.782920,-0.267649,0.532803,0.177544
1403638195.79517,5.949382,-6.708686,1.767378,0.784237,-0.267999,0.531035,0.176495
1403638195.84517,5.948373,-6.678919,1.760753,0.786217,-0.268653,0.528124,0.175423
1403638195.89517,5.947942,-6.650251,1.755670,0.789170,-0.268566,0.523970,0.174750
1403638195.94517,5.948802,-6.623148,1.752534,0.791505,-0.269384,0.520550,0.173144
1403638195.99517,5.951316,-6.595423,1.752635,0.793516,-0.269901,0.517513,0.172239
1403638196.04517,5.955260,-6.569924,1.754001,0.794108,-0.270034,0.516687,0.171777
1403638196.09517,5.961920,-6.549899,1.758088,0.793724,-0.269518,0.517355,0.172353
1403638196.14517,5.969770,-6.527625,1.764331,0.792188,-0.268519,0.519756,0.173751
1403638196.19516,5.978228,-6.506711,1.773009,0.789254,-0.267144,0.524491,0.174989
1403638196.24516,5.986833,-6.485418,1.782529,0.786317,-0.265860,0.528955,0.176722
1403638196.29516,5.995238,-6.462242,1.791750,0.784364,-0.265100,0.531964,0.177510
1403638196.34516,6.004892,-6.441726,1.800177,0.782718,-0.263719,0.534413,0.179467
1403638196.39516,6.014432,-6.421896,1.806212,0.782698,-0.264823,0.534487,0.177698
1403638196.44516,6.024263,-6.402475,1.810972,0.782760,-0.264972,0.534335,0.177659
1403638196.49516,6.034516,-6.383827,1.813873,0.783148,-0.265567,0.533668,0.177065
1403638196.54516,6.044679,-6.365919,1.815169,0.783923,-0.267045,0.532296,0.175536
1403638196.59516,6.055271,-6.346392,1.815141,0.786097,-0.268250,0.528919,0.174177
1403638196.64515,6.066155,-6.329435,1.813216,0.789417,-0.269626,0.523683,0.172852
1403638196.69515,6.076902,-6.314313,1.809702,0.791982,-0.271707,0.519583,0.170217
1403638196.74515,6.090145,-6.299625,1.805442,0.793549,-0.272541,0.516966,0.169547
1403638196.79515,6.104218,-6.285762,1.799956,0.794176,-0.272473,0.515871,0.170058
1403638196.84516,6.119112,-6.273258,1.793922,0.794120,-0.272965,0.515924,0.169370
1403638196.89516,6.135815,-6.262098,1.788156,0.791749,-0.271917,0.519373,0.171599
1403638196.94516,6.153591,-6.252215,1.783005,0.789578,-0.271036,0.522817,0.172536
1403638196.99516,6.172134,-6.244822,1.779370,0.786736,-0.269738,0.527181,0.174264
1403638197.04516,6.191301,-6.236936,1.777491,0.784573,-0.269275,0.530306,0.175250
1403638197.09516,6.210464,-6.229767,1.776941,0.783230,-0.268674,0.532229,0.176346
1403638197.14516,6.229770,-6.223239,1.777274,0.782194,-0.267920,0.533721,0.177577
1403638197.19516,6.250691,-6.215451,1.779681,0.782066,-0.266596,0.533860,0.179700
1403638197.24516,6.271446,-6.210455,1.783726,0.781380,-0.264884,0.534996,0.181827
1403638197.29516,6.292312,-6.207761,1.789973,0.780089,-0.260934,0.536891,0.187409
1403638197.34516,6.312993,-6.203826,1.797976,0.778930,-0.257247,0.538492,0.192661
1403638197.39516,6.334158,-6.198174,1.807213,0.777974,-0.254584,0.539789,0.196397
1403638197.44516,6.355635,-6.192078,1.818284,0.776829,-0.252638,0.541253,0.199388
1403638197.49516,6.377917,-6.184880,1.831436,0.776036,-0.251825,0.542510,0.200085
1403638197.54516,6.399263,-6.176348,1.845303,0.774982,-0.252481,0.544159,0.198864
1403638197.59516,6.420335,-6.166908,1.861088,0.774767,-0.252042,0.544594,0.199069
1403638197.64516,6.440608,-6.156542,1.876902,0.774357,-0.251617,0.545225,0.199473
1403638197.69516,6.461563,-6.145788,1.894140,0.774621,-0.251549,0.545004,0.199137
1403638197.74516,6.482270,-6.134227,1.910317,0.775105,-0.251041,0.544560,0.199110
1403638197.79516,6.504520,-6.119387,1.925574,0.774659,-0.251438,0.545262,0.198424
1403638197.84516,6.525186,-6.106592,1.938816,0.773194,-0.252382,0.547598,0.196497
1403638197.89516,6.546343,-6.093105,1.950190,0.770974,-0.253398,0.550991,0.194415
1403638197.94516,6.566902,-6.079795,1.959940,0.766625,-0.253149,0.557341,0.193836
1403638197.99516,6.587502,-6.064731,1.966370,0.761828,-0.252721,0.564052,0.193896
1403638198.04516,6.607355,-6.048830,1.967852,0.758805,-0.252650,0.568236,0.193626
1403638198.09516,6.625459,-6.033650,1.963615,0.759282,-0.252916,0.567722,0.192912
1403638198.14516,6.642827,-6.015868,1.955020,0.760345,-0.254387,0.566321,0.190904
1403638198.19516,6.659660,-5.996877,1.942097,0.762022,-0.255252,0.564137,0.189521
1403638198.24516,6.675767,-5.976941,1.926696,0.763881,-0.255781,0.561557,0.188986
1403638198.29516,6.691532,-5.956046,1.910357,0.765347,-0.255612,0.559591,0.189114
1403638198.34516,6.706905,-5.934087,1.893176,0.766394,-0.255329,0.558195,0.189379
1403638198.39515,6.727561,-5.906725,1.878651,0.769229,-0.254764,0.554242,0.190259
1403638198.44515,6.742974,-5.883226,1.860592,0.771539,-0.252983,0.550966,0.192777
1403638198.49515,6.761959,-5.855050,1.848169,0.772699,-0.251112,0.549174,0.195673
1403638198.54515,6.777384,-5.830698,1.828485,0.774782,-0.247469,0.546276,0.200136
1403638198.59515,6.791886,-5.805957,1.808040,0.775504,-0.241656,0.544707,0.208545
1403638198.64516,6.807452,-5.779890,1.787587,0.775518,-0.235244,0.543992,0.217498
1403638198.69516,6.823723,-5.752156,1.767795,0.775467,-0.229071,0.543335,0.225753
1403638198.74516,6.840913,-5.722055,1.749710,0.775158,-0.223172,0.542946,0.233525
1403638198.79516,6.859695,-5.688587,1.734085,0.773999,-0.219355,0.543940,0.238616
1403638198.84516,6.878322,-5.652028,1.720392,0.773696,-0.217097,0.544262,0.240919
1403638198.89516,6.897979,-5.611855,1.708559,0.773672,-0.216739,0.544197,0.241466
1403638198.94516,6.919002,-5.568285,1.698805,0.774311,-0.217263,0.543384,0.240776
1403638198.99516,6.942648,-5.519821,1.691323,0.774773,-0.218878,0.542855,0.239013
1403638199.04517,6.965702,-5.469741,1.685914,0.775030,-0.220067,0.542612,0.237635
1403638199.09516,6.990350,-5.417262,1.682851,0.775311,-0.221815,0.542307,0.235786
1403638199.14516,7.014992,-5.361435,1.682958,0.774818,-0.222786,0.542841,0.235261
1403638199.19516,7.041053,-5.302421,1.685607,0.774058,-0.224364,0.544014,0.233545
1403638199.24516,7.068220,-5.240841,1.691301,0.772388,-0.225568,0.546513,0.232076
1403638199.29516,7.096007,-5.176199,1.699648,0.770442,-0.225436,0.549162,0.232418
1403638199.34516,7.124888,-5.109066,1.708812,0.769365,-0.225975,0.550566,0.232142
1403638199.39516,7.153181,-5.038537,1.719482,0.769345,-0.224419,0.550056,0.234912
1403638199.44516,7.181951,-4.965219,1.731917,0.770126,-0.223569,0.548497,0.236799
1403638199.49517,7.211013,-4.888398,1.745681,0.771676,-0.223050,0.545668,0.238771
1403638199.54517,7.241365,-4.810151,1.761110,0.774289,-0.221397,0.541986,0.240231
1403638199.59517,7.271576,-4.727931,1.776821,0.775974,-0.219787,0.540794,0.238957
1403638199.64516,7.302668,-4.644307,1.794160,0.777715,-0.217363,0.540556,0.236034
1403638199.69516,7.332296,-4.551575,1.806424,0.778448,-0.215904,0.542733,0.229882
1403638199.74516,7.362688,-4.464531,1.826066,0.779561,-0.216159,0.544441,0.221685
1403638199.79516,7.392612,-4.374705,1.844849,0.781033,-0.219149,0.545393,0.210969
1403638199.84516,7.423036,-4.283902,1.862927,0.782209,-0.220650,0.546193,0.202819
1403638199.89516,7.453216,-4.192636,1.879559,0.783274,-0.221786,0.546841,0.195595
1403638199.94516,7.483372,-4.100725,1.894837,0.784175,-0.222211,0.547252,0.190279
1403638199.99516,7.514058,-4.008234,1.909181,0.784778,-0.220873,0.548271,0.186382
1403638200.04516,7.544957,-3.915343,1.922483,0.785680,-0.218405,0.549344,0.182285
1403638200.09516,7.576035,-3.822384,1.934827,0.787581,-0.212555,0.549263,0.181235
1403638200.14517,7.607346,-3.729505,1.947423,0.788683,-0.204742,0.550823,0.180704
1403638200.19517,7.639047,-3.636218,1.961132,0.788580,-0.195637,0.554259,0.180737
1403638200.24517,7.667481,-3.539280,1.975388,0.787264,-0.187634,0.559982,0.177285
1403638200.29517,7.697292,-3.441091,1.991219,0.786818,-0.178838,0.564400,0.174320
1403638200.34517,7.727605,-3.342300,2.009050,0.786214,-0.171091,0.569167,0.169248
1403638200.39517,7.759171,-3.242403,2.027571,0.786170,-0.162337,0.572598,0.166479
1403638200.44517,7.788199,-3.141169,2.046856,0.788354,-0.153286,0.572444,0.165253
1403638200.49518,7.812124,-3.034328,2.067052,0.789815,-0.145075,0.572550,0.165326
1403638200.54518,7.839283,-2.930563,2.089653,0.791757,-0.137217,0.571971,0.164747
1403638200.59518,7.865321,-2.824969,2.113522,0.793898,-0.129997,0.571354,0.162423
1403638200.64518,7.890802,-2.717729,2.138813,0.795464,-0.120870,0.571378,0.161725
1403638200.69519,7.916086,-2.608349,2.165633,0.797366,-0.111507,0.570708,0.161450
1403638200.74519,7.940816,-2.496352,2.192442,0.799812,-0.105098,0.569194,0.158977
1403638200.79520,7.964928,-2.382509,2.218975,0.802177,-0.100137,0.567556,0.156090
1403638200.84520,7.988762,-2.266443,2.244307,0.804173,-0.096985,0.566190,0.152734
1403638200.89520,8.006871,-2.140403,2.265539,0.805881,-0.095963,0.565227,0.147869
1403638200.94520,8.030357,-2.021090,2.287360,0.806242,-0.098591,0.566448,0.139253
1403638200.99520,8.053243,-1.900263,2.307795,0.806060,-0.101382,0.568018,0.131696
1403638201.04520,8.076021,-1.777654,2.325514,0.805623,-0.104870,0.569726,0.124044
1403638201.09520,8.097666,-1.653618,2.342040,0.805104,-0.106831,0.571007,0.119774
1403638201.14519,8.119072,-1.530846,2.356430,0.805549,-0.108572,0.570708,0.116598
1403638201.19519,8.134220,-1.404065,2.369128,0.804390,-0.110647,0.572464,0.114015
1403638201.24519,8.153879,-1.281260,2.379664,0.803212,-0.113006,0.574154,0.111484
1403638201.29519,8.173724,-1.157515,2.388266,0.803684,-0.113819,0.573264,0.111830
1403638201.34519,8.193558,-1.032824,2.394568,0.804057,-0.114300,0.572544,0.112342
1403638201.39519,8.213391,-0.908339,2.399834,0.803955,-0.113867,0.572361,0.114425
1403638201.44519,8.232835,-0.784184,2.402531,0.803242,-0.114884,0.573068,0.114880
1403638201.49519,8.251659,-0.661114,2.402284,0.802448,-0.115947,0.573910,0.115160
1403638201.54519,8.270514,-0.536500,2.400264,0.801614,-0.115982,0.574730,0.116825
1403638201.59519,8.289090,-0.409008,2.397108,0.800774,-0.116034,0.575477,0.118841
1403638201.64519,8.307191,-0.285157,2.391240,0.799588,-0.116868,0.576972,0.118765
1403638201.69519,8.324731,-0.159039,2.382743,0.799069,-0.118014,0.577461,0.118745
1403638201.74519,8.341997,-0.032470,2.372765,0.798883,-0.118945,0.577487,0.118937
1403638201.79520,8.359435,0.096450,2.361021,0.798846,-0.118674,0.577224,0.120720
1403638201.84520,8.376872,0.226469,2.348555,0.797887,-0.120618,0.578622,0.118421
1403638201.89520,8.393642,0.359969,2.335805,0.798752,-0.120245,0.577364,0.119108
1403638201.94520,8.408569,0.495435,2.323664,0.799248,-0.118939,0.577248,0.117646
1403638201.99520,8.423257,0.628307,2.312135,0.800011,-0.115906,0.577293,0.115243
1403638202.04520,8.435853,0.762023,2.301342,0.800579,-0.113650,0.577736,0.111259
1403638202.09520,8.447562,0.896103,2.291565,0.801762,-0.113464,0.577337,0.104815
1403638202.14520,8.458187,1.031226,2.284207,0.804024,-0.113139,0.575302,0.098856
1403638202.19520,8.467323,1.166634,2.279115,0.805585,-0.113590,0.574014,0.092944
1403638202.24520,8.475299,1.299590,2.275265,0.807882,-0.113854,0.571526,0.087879
1403638202.29520,8.483496,1.430691,2.273056,0.810658,-0.112781,0.568247,0.084906
1403638202.34520,8.492837,1.559705,2.272909,0.811036,-0.113047,0.568227,0.080992
1403638202.39520,8.502689,1.686686,2.272365,0.812433,-0.111199,0.566574,0.081130
1403638202.44520,8.513242,1.812142,2.270851,0.812829,-0.110769,0.566359,0.079226
1403638202.49520,8.523895,1.935407,2.267458,0.813321,-0.109973,0.565878,0.078726
1403638202.54520,8.535733,2.054378,2.263087,0.813805,-0.110966,0.565329,0.076237
1403638202.59520,8.550329,2.173549,2.255508,0.814063,-0.111925,0.564990,0.074569
1403638202.64520,8.561185,2.291596,2.246478,0.815230,-0.112166,0.563326,0.074044
1403638202.69520,8.572796,2.406892,2.236314,0.815334,-0.112561,0.563139,0.073714
1403638202.74520,8.585179,2.522414,2.224430,0.815288,-0.112456,0.563167,0.074167
1403638202.79520,8.597886,2.637036,2.210598,0.814904,-0.112110,0.563642,0.075301
1403638202.84519,8.611401,2.751114,2.195681,0.814264,-0.111898,0.564497,0.076133
1403638202.89519,8.624883,2.861347,2.180675,0.813670,-0.111397,0.565276,0.077421
1403638202.94519,8.637315,2.973516,2.165834,0.813468,-0.112413,0.565444,0.076853
1403638202.99519,8.649876,3.081809,2.150948,0.812786,-0.112846,0.566376,0.076574
1403638203.04519,8.665097,3.185979,2.137816,0.812126,-0.113563,0.567241,0.076110
1403638203.09520,8.679354,3.291096,2.125862,0.812126,-0.113489,0.567209,0.076453
1403638203.14519,8.692023,3.395420,2.117193,0.811257,-0.112752,0.568369,0.078147
1403638203.19519,8.705154,3.497656,2.108806,0.809588,-0.111273,0.570725,0.080371
1403638203.24519,8.716585,3.598720,2.104171,0.808216,-0.110018,0.572649,0.082198
1403638203.29519,8.727838,3.698626,2.101179,0.806750,-0.110439,0.574747,0.081389
1403638203.34519,8.738428,3.796400,2.098745,0.806543,-0.110940,0.575034,0.080724
1403638203.39520,8.748591,3.893836,2.095396,0.805505,-0.111126,0.576568,0.079882
1403638203.44520,8.758071,3.991477,2.089790,0.804921,-0.111778,0.577405,0.078818
1403638203.49520,8.767439,4.086118,2.082778,0.805501,-0.112339,0.576570,0.078197
1403638203.54520,8.775902,4.181070,2.074753,0.805627,-0.112992,0.576419,0.077070
1403638203.59520,8.783835,4.274072,2.066998,0.805739,-0.114398,0.576230,0.075210
1403638203.64520,8.791588,4.367410,2.059235,0.807184,-0.114086,0.574220,0.075568
1403638203.69520,8.798064,4.459869,2.053790,0.806939,-0.114583,0.574589,0.074622
1403638203.74520,8.803456,4.550401,2.050700,0.806644,-0.114515,0.575005,0.074703
1403638203.79520,8.808419,4.643095,2.048765,0.806878,-0.113408,0.574702,0.076183
1403638203.89520,8.815327,4.828196,2.048949,0.806500,-0.112369,0.575378,0.076627
1403638203.94520,8.817988,4.915445,2.051819,0.807122,-0.112322,0.574631,0.075748
1403638203.99520,8.819755,5.015757,2.056568,0.807116,-0.112285,0.574748,0.074977
1403638204.04520,8.820107,5.101850,2.062460,0.808359,-0.112517,0.573153,0.073432
1403638204.09520,8.819596,5.187130,2.070970,0.809402,-0.112272,0.571792,0.072917
1403638204.14520,8.818314,5.269955,2.081060,0.810817,-0.113277,0.569926,0.070204
1403638204.19520,8.817141,5.351881,2.092655,0.811826,-0.115184,0.568477,0.067123
1403638204.24520,8.819113,5.428609,2.107885,0.813278,-0.117713,0.566309,0.063375
1403638204.29520,8.817143,5.509348,2.121231,0.814981,-0.121726,0.563614,0.057698
1403638204.34520,8.814582,5.585090,2.135662,0.816673,-0.126760,0.560673,0.051204
1403638204.39520,8.813346,5.658922,2.150470,0.818736,-0.130523,0.557201,0.046499
1403638204.44520,8.810704,5.728956,2.164562,0.819457,-0.133440,0.555695,0.043439
1403638204.49520,8.807630,5.802481,2.176520,0.819731,-0.135019,0.555009,0.042152
1403638204.54520,8.806435,5.870822,2.188317,0.819233,-0.136020,0.555545,0.041555
1403638204.59520,8.806329,5.937260,2.198511,0.817816,-0.135485,0.557826,0.040631
1403638204.64520,8.805792,6.002513,2.206235,0.817892,-0.133081,0.558330,0.040114
1403638204.69520,8.805050,6.063854,2.212720,0.818315,-0.128034,0.558865,0.040467
1403638204.74520,8.804908,6.123339,2.217251,0.819226,-0.120424,0.559135,0.041653
1403638204.79520,8.803648,6.181158,2.218899,0.820181,-0.110961,0.559603,0.042838
1403638204.84520,8.803693,6.236160,2.219941,0.820591,-0.098318,0.561166,0.045351
1403638204.89520,8.803826,6.297659,2.218284,0.820461,-0.083999,0.563568,0.046673
1403638204.94520,8.804932,6.351745,2.217035,0.821241,-0.069590,0.564597,0.044178
1403638204.99519,8.805929,6.405825,2.213269,0.821777,-0.054340,0.565826,0.039622
1403638205.04520,8.807845,6.458590,2.207745,0.822021,-0.037352,0.567224,0.033801
1403638205.09519,8.807132,6.511485,2.200348,0.822621,-0.019637,0.567682,0.025443
1403638205.14519,8.810965,6.572168,2.195159,0.822930,-0.001939,0.567978,0.013541
1403638205.19519,8.814188,6.626798,2.190635,0.821827,0.016971,0.569484,0.000349
1403638205.24519,8.817743,6.682561,2.189500,-0.820908,-0.037397,-0.569692,0.012767
1403638205.29520,8.820373,6.738672,2.190038,-0.818730,-0.057520,-0.570641,0.027250
1403638205.34520,8.823715,6.795588,2.192739,-0.815818,-0.077480,-0.571545,0.042114
1403638205.39520,8.827066,6.852050,2.197501,-0.811932,-0.098376,-0.572750,0.055189
1403638205.44520,8.830284,6.908451,2.203957,-0.807706,-0.117560,-0.573854,0.066943
1403638205.49520,8.832414,6.965781,2.211393,-0.802845,-0.137309,-0.575481,0.073531
1403638205.54519,8.833872,7.020455,2.220924,-0.798595,-0.154178,-0.576466,0.078493
1403638205.59519,8.832316,7.075925,2.233342,-0.793707,-0.169534,-0.578579,0.080838
1403638205.64519,8.828651,7.131136,2.247580,-0.788106,-0.182194,-0.582204,0.082058
1403638205.69519,8.815129,7.195407,2.265324,-0.782984,-0.193068,-0.585428,0.083274
1403638205.74519,8.807871,7.253455,2.281852,-0.778677,-0.202237,-0.587778,0.085324
1403638205.79519,8.798433,7.312808,2.298291,-0.775950,-0.210387,-0.587867,0.089726
1403638205.84518,8.784392,7.373561,2.318701,-0.773795,-0.218624,-0.586853,0.095131
1403638205.89518,8.765526,7.434787,2.340714,-0.772560,-0.227170,-0.584190,0.101321
1403638205.94517,8.749905,7.504750,2.363130,-0.770732,-0.235348,-0.581884,0.109518
1403638205.99517,8.730906,7.569958,2.384181,-0.769517,-0.242886,-0.578363,0.119776
1403638206.04517,8.708747,7.636125,2.408628,-0.767576,-0.251906,-0.575264,0.128224
1403638206.09518,8.685398,7.703488,2.432547,-0.764790,-0.260438,-0.573140,0.137037
1403638206.14518,8.658388,7.770311,2.457491,-0.761286,-0.269091,-0.571649,0.145780
1403638206.19518,8.629177,7.835711,2.482246,-0.757925,-0.277679,-0.569972,0.153547
1403638206.24518,8.596090,7.903367,2.504560,-0.754248,-0.285740,-0.568658,0.161526
1403638206.29517,8.565928,7.972328,2.525842,-0.750908,-0.292381,-0.567010,0.170734
1403638206.34517,8.530609,8.039580,2.546200,-0.748932,-0.295690,-0.564142,0.182790
1403638206.39517,8.495141,8.107819,2.563626,-0.747201,-0.298787,-0.562058,0.191071
1403638206.44517,8.456399,8.174322,2.581727,-0.745556,-0.300394,-0.560537,0.199271
1403638206.49517,8.420478,8.244860,2.595594,-0.743593,-0.301787,-0.560270,0.205164
1403638206.54517,8.380562,8.309510,2.610623,-0.742205,-0.302653,-0.559724,0.210338
1403638206.59517,8.339854,8.374901,2.624127,-0.740818,-0.303819,-0.559818,0.213277
1403638206.64517,8.299892,8.440664,2.636310,-0.739384,-0.304722,-0.560020,0.216412
1403638206.69517,8.257656,8.505339,2.646790,-0.738052,-0.306376,-0.559118,0.220907
1403638206.74517,8.216883,8.572228,2.652963,-0.737013,-0.310707,-0.557318,0.222868
1403638206.79517,8.172313,8.633350,2.659898,-0.736022,-0.313449,-0.555325,0.227235
1403638206.84517,8.127069,8.692593,2.664774,-0.734730,-0.317194,-0.554322,0.228662
1403638206.89517,8.078570,8.753927,2.671663,-0.732924,-0.319164,-0.554258,0.231852
1403638206.94517,8.028887,8.809701,2.677604,-0.731174,-0.320244,-0.554632,0.234971
1403638206.99518,7.965683,8.863901,2.690045,-0.729180,-0.320771,-0.555441,0.238513
1403638207.04518,7.912305,8.914798,2.692473,-0.727731,-0.321454,-0.556016,0.240667
1403638207.09518,7.860919,8.959685,2.692061,-0.725725,-0.322337,-0.557700,0.241643
1403638207.14518,7.805543,9.006040,2.690866,-0.725323,-0.322628,-0.557372,0.243215
1403638207.19518,7.746486,9.052596,2.689760,-0.724185,-0.322750,-0.557569,0.245978
1403638207.24518,7.688340,9.095705,2.685781,-0.722745,-0.325193,-0.557311,0.247574
1403638207.29518,7.627918,9.138156,2.678804,-0.720150,-0.328363,-0.557468,0.250581
1403638207.34518,7.567778,9.180656,2.669123,-0.717408,-0.331702,-0.556852,0.255373
1403638207.39518,7.505504,9.222276,2.658924,-0.713279,-0.336781,-0.556985,0.259960
1403638207.44518,7.442423,9.259855,2.649322,-0.709216,-0.343175,-0.555637,0.265539
1403638207.49518,7.377633,9.296434,2.640659,-0.704627,-0.350889,-0.553902,0.271238
1403638207.54519,7.313677,9.330705,2.631519,-0.702161,-0.358205,-0.549206,0.277546
1403638207.59519,7.248046,9.363877,2.624080,-0.700469,-0.367104,-0.544276,0.279894
1403638207.64519,7.182059,9.392299,2.618163,-0.701291,-0.372785,-0.536391,0.285495
1403638207.69519,7.114844,9.418436,2.613855,-0.702667,-0.379530,-0.528779,0.287419
1403638207.74519,7.047275,9.443350,2.611436,-0.703473,-0.383400,-0.522635,0.291517
1403638207.79519,6.980797,9.466767,2.610290,-0.704182,-0.387464,-0.517480,0.293622
1403638207.84519,6.913297,9.492086,2.613505,-0.706020,-0.390522,-0.511713,0.295258
1403638207.89519,6.848730,9.513122,2.616439,-0.708385,-0.393495,-0.505981,0.295527
1403638207.94518,6.785610,9.533477,2.620566,-0.709892,-0.395665,-0.502115,0.295606
1403638207.99518,6.712625,9.566369,2.629875,-0.710179,-0.397095,-0.500896,0.295067
1403638208.04518,6.650394,9.582981,2.635387,-0.710809,-0.397822,-0.499401,0.295104
1403638208.09518,6.588687,9.599611,2.639895,-0.709076,-0.397391,-0.501758,0.295856
1403638208.14517,6.528327,9.614356,2.641799,-0.708362,-0.395193,-0.502865,0.298619
1403638208.19517,6.469224,9.630262,2.642559,-0.706050,-0.393612,-0.506329,0.300323
1403638208.24517,6.410233,9.640984,2.641877,-0.704982,-0.392776,-0.508615,0.300063
1403638208.29517,6.351203,9.653183,2.638953,-0.704886,-0.392170,-0.509545,0.299502
1403638208.34517,6.290544,9.666369,2.634540,-0.706464,-0.392728,-0.508029,0.297624
1403638208.44517,6.173551,9.686322,2.622140,-0.709187,-0.394375,-0.504861,0.294343
1403638208.49517,6.115350,9.695024,2.616387,-0.709576,-0.396035,-0.502810,0.294688
1403638208.54517,6.057040,9.703377,2.612904,-0.709226,-0.398807,-0.500107,0.296386
1403638208.59517,5.999740,9.710106,2.609867,-0.707513,-0.403963,-0.497598,0.297717
1403638208.64517,5.942780,9.717587,2.609822,-0.704648,-0.408342,-0.495995,0.301191
1403638208.69517,5.887329,9.724832,2.611372,-0.702519,-0.411885,-0.493891,0.304777
1403638208.74517,5.832724,9.730678,2.614234,-0.700683,-0.414865,-0.491468,0.308851
1403638208.79517,5.778979,9.734965,2.618353,-0.698366,-0.418200,-0.490044,0.311852
1403638208.84517,5.725661,9.738322,2.622689,-0.695921,-0.420694,-0.489484,0.314827
1403638208.89517,5.673801,9.741408,2.626346,-0.693454,-0.424220,-0.489400,0.315667
1403638208.94518,5.620828,9.742902,2.628442,-0.691241,-0.426713,-0.489279,0.317344
1403638208.99518,5.570753,9.743501,2.628169,-0.689767,-0.428732,-0.488916,0.318388
1403638209.04518,5.522336,9.743874,2.626504,-0.688779,-0.430102,-0.488253,0.319694
1403638209.09518,5.474343,9.743729,2.623431,-0.688259,-0.431056,-0.487058,0.321348
1403638209.14518,5.427365,9.741671,2.618341,-0.687646,-0.432211,-0.486766,0.321552
1403638209.19518,5.381447,9.738417,2.611069,-0.687501,-0.433011,-0.485995,0.321952
1403638209.24518,5.333885,9.734961,2.602461,-0.687276,-0.433131,-0.485699,0.322716
1403638209.29518,5.287406,9.731208,2.592373,-0.687586,-0.432833,-0.484643,0.324042
1403638209.34518,5.240115,9.727051,2.581528,-0.688136,-0.433073,-0.483620,0.324079
1403638209.39518,5.193812,9.722472,2.569432,-0.688069,-0.432508,-0.483368,0.325351
1403638209.44518,5.148768,9.717670,2.556295,-0.688326,-0.432638,-0.482723,0.325593
1403638209.49518,5.103622,9.712586,2.541811,-0.687401,-0.431351,-0.484135,0.327152
1403638209.54518,5.058633,9.706637,2.524185,-0.686217,-0.430840,-0.485828,0.327802
1403638209.59518,5.013442,9.699593,2.501875,-0.685881,-0.429827,-0.486618,0.328662
1403638209.64518,4.969574,9.692063,2.474887,-0.686540,-0.429047,-0.486143,0.329009
1403638209.69518,4.927882,9.683117,2.442417,-0.687542,-0.428863,-0.485413,0.328232
1403638209.74518,4.886554,9.672951,2.405278,-0.687704,-0.429089,-0.485560,0.327380
1403638209.79518,4.845640,9.662022,2.364183,-0.686477,-0.430370,-0.487629,0.325189
1403638209.84518,4.803668,9.650202,2.319392,-0.685840,-0.430916,-0.488804,0.324046
1403638209.89518,4.763321,9.639036,2.272126,-0.684489,-0.430961,-0.491142,0.323306
1403638209.94518,4.722177,9.626373,2.223484,-0.682654,-0.430289,-0.493938,0.323820
1403638209.99518,4.682266,9.612186,2.172805,-0.680525,-0.429626,-0.496969,0.324544
1403638210.04518,4.642574,9.596218,2.122022,-0.678178,-0.428551,-0.500295,0.325765
1403638210.09518,4.603358,9.580605,2.072154,-0.676196,-0.426973,-0.503102,0.327630
1403638210.14518,4.563969,9.562443,2.023800,-0.674783,-0.425444,-0.504957,0.329673
1403638210.19518,4.523574,9.542964,1.977313,-0.672540,-0.424354,-0.507907,0.331126
1403638210.24518,4.482358,9.521273,1.931680,-0.672890,-0.423557,-0.507384,0.332235
1403638210.29518,4.441195,9.497353,1.887576,-0.672874,-0.423768,-0.507463,0.331878
1403638210.34518,4.402207,9.471701,1.844773,-0.672587,-0.424383,-0.508068,0.330746
1403638210.39518,4.360830,9.444453,1.800905,-0.673641,-0.424065,-0.506729,0.331062
1403638210.44518,4.318722,9.415267,1.757246,-0.673720,-0.424398,-0.506680,0.330549
1403638210.49518,4.276491,9.384387,1.712233,-0.673811,-0.423184,-0.506621,0.332007
1403638210.54518,4.234581,9.352508,1.665995,-0.673591,-0.423106,-0.507129,0.331779
1403638210.59518,4.192734,9.319408,1.618167,-0.673397,-0.422651,-0.507774,0.331764
1403638210.64518,4.151000,9.285060,1.569463,-0.672967,-0.421671,-0.508493,0.332781
1403638210.69518,4.108012,9.248664,1.520427,-0.673667,-0.420312,-0.507784,0.334164
1403638210.74518,4.065734,9.210087,1.472780,-0.673533,-0.420224,-0.508135,0.334011
1403638210.79518,4.022498,9.168963,1.425884,-0.673738,-0.419942,-0.508060,0.334068
1403638210.84518,3.980337,9.125807,1.382727,-0.674906,-0.420223,-0.506528,0.333682
1403638210.89518,3.938407,9.081590,1.340359,-0.676916,-0.420240,-0.503634,0.333970
1403638210.94518,3.898365,9.036119,1.300881,-0.678723,-0.421731,-0.501340,0.331869
1403638210.99518,3.856979,8.988781,1.263082,-0.680506,-0.422109,-0.498616,0.331841
1403638211.04518,3.816337,8.938911,1.227629,-0.682026,-0.422668,-0.496383,0.331355
1403638211.09518,3.776538,8.887940,1.195015,-0.683516,-0.423444,-0.494252,0.330477
1403638211.14518,3.734890,8.836472,1.164107,-0.684915,-0.424090,-0.492121,0.329932
1403638211.19518,3.696747,8.784398,1.135143,-0.686471,-0.424047,-0.489736,0.330304
1403638211.24518,3.659268,8.732281,1.108189,-0.687022,-0.424628,-0.488955,0.329567
1403638211.29518,3.623343,8.679763,1.083502,-0.687685,-0.424541,-0.488695,0.328681
1403638211.34519,3.588053,8.626224,1.059690,-0.689081,-0.423181,-0.488776,0.327389
1403638211.39519,3.552749,8.571490,1.034889,-0.690563,-0.420362,-0.490542,0.325249
1403638211.44519,3.519114,8.516746,1.008059,-0.693852,-0.416440,-0.491095,0.322449
1403638211.49519,3.484362,8.460232,0.980040,-0.696695,-0.411590,-0.493251,0.319239
1403638211.54519,3.451241,8.402670,0.950879,-0.700429,-0.405820,-0.495029,0.315681
1403638211.59519,3.416670,8.345148,0.919303,-0.704664,-0.397961,-0.497142,0.312929
1403638211.64519,3.383541,8.285996,0.886328,-0.708898,-0.389367,-0.500019,0.309577
1403638211.69519,3.349929,8.225175,0.851736,-0.713607,-0.379454,-0.503523,0.305361
1403638211.74519,3.316702,8.165125,0.815692,-0.719764,-0.369401,-0.505515,0.299896
1403638211.79519,3.286449,8.103542,0.780243,-0.725977,-0.357751,-0.508170,0.294506
1403638211.84519,3.253973,8.037963,0.743345,-0.732906,-0.345344,-0.509434,0.289938
1403638211.89519,3.225683,7.973573,0.709775,-0.738570,-0.333590,-0.512355,0.284121
1403638211.94519,3.198373,7.907824,0.677996,-0.743912,-0.322273,-0.515697,0.277113
1403638211.99519,3.171702,7.840425,0.647979,-0.749198,-0.311320,-0.518493,0.270088
1403638212.04519,3.143364,7.770675,0.619735,-0.753766,-0.300637,-0.521628,0.263360
1403638212.09519,3.118132,7.700130,0.593699,-0.757728,-0.291036,-0.525543,0.254853
1403638212.14519,3.095865,7.629951,0.571300,-0.761448,-0.281811,-0.529281,0.246253
1403638212.19519,3.074001,7.558757,0.550866,-0.764308,-0.272819,-0.534111,0.236915
1403638212.24519,3.051973,7.486116,0.531243,-0.768085,-0.262719,-0.537340,0.228670
1403638212.29519,3.030030,7.412336,0.515164,-0.771220,-0.252912,-0.540871,0.220709
1403638212.34519,3.008757,7.337642,0.500387,-0.775000,-0.243437,-0.543112,0.212467
1403638212.39519,2.987795,7.262896,0.487581,-0.777171,-0.234278,-0.547557,0.203223
1403638212.44519,2.964369,7.186818,0.474177,-0.780684,-0.224471,-0.549620,0.195098
1403638212.49519,2.942835,7.109774,0.466001,-0.782711,-0.213501,-0.553391,0.188516
1403638212.54520,2.920612,7.032495,0.457784,-0.786068,-0.202259,-0.554919,0.182355
1403638212.59520,2.898450,6.954178,0.450583,-0.789016,-0.192416,-0.556952,0.173877
1403638212.64520,2.876682,6.875397,0.445435,-0.792218,-0.180613,-0.558202,0.167869
1403638212.69520,2.855171,6.796016,0.442250,-0.794992,-0.170335,-0.559913,0.159597
1403638212.74520,2.833869,6.715603,0.441433,-0.798255,-0.160821,-0.560829,0.149655
1403638212.79520,2.808495,6.639978,0.428600,-0.799773,-0.148569,-0.564031,0.141988
1403638212.84520,2.788518,6.559321,0.429480,-0.802257,-0.136940,-0.565482,0.133644
1403638212.89520,2.768714,6.478302,0.431896,-0.804954,-0.124018,-0.566251,0.126602
1403638212.94520,2.748791,6.396146,0.435172,-0.806820,-0.111964,-0.568057,0.117544
1403638212.99520,2.729519,6.313047,0.439588,-0.809598,-0.099544,-0.568236,0.108399
1403638213.04520,2.711436,6.231206,0.447522,-0.811094,-0.086333,-0.569864,0.099638
1403638213.09520,2.691981,6.146303,0.455975,-0.813153,-0.072930,-0.570186,0.091391
1403638213.14520,2.673399,6.061645,0.464102,-0.815450,-0.058454,-0.569672,0.084253
1403638213.19520,2.654521,5.975912,0.470196,-0.818718,-0.044021,-0.567287,0.077131
1403638213.24520,2.636595,5.889994,0.474506,-0.822679,-0.028790,-0.563292,0.071227
1403638213.29520,2.619734,5.803494,0.478171,-0.826221,-0.012949,-0.559312,0.066038
1403638213.34520,2.609240,5.720109,0.492022,-0.830177,0.002799,-0.554107,0.061350
1403638213.39520,2.599328,5.636577,0.496944,-0.832753,0.019043,-0.550397,0.056765
1403638213.44520,2.587632,5.547973,0.496955,-0.834892,0.035269,-0.546726,0.052934
1403638213.49520,2.576962,5.457434,0.497025,-0.835181,0.050710,-0.545517,0.048092
1403638213.54520,2.569276,5.365358,0.496391,-0.834859,0.063431,-0.545233,0.041335
1403638213.59520,2.561931,5.270702,0.496078,-0.831846,0.071140,-0.549582,0.030505
1403638213.64520,2.556628,5.174768,0.494574,-0.827508,0.074965,-0.556143,0.017739
1403638213.69520,2.551888,5.076542,0.492667,-0.822827,0.077163,-0.562993,0.006345
1403638213.74520,2.548421,4.978473,0.492756,0.818832,-0.077496,0.568759,0.004652
1403638213.79521,2.545682,4.879826,0.494086,0.815913,-0.077638,0.572774,0.013703
1403638213.84521,2.542246,4.779980,0.496578,0.814075,-0.077387,0.575199,0.020946
1403638213.89521,2.538975,4.679827,0.499981,0.812907,-0.077964,0.576623,0.024675
1403638213.94521,2.535889,4.581357,0.506362,0.813289,-0.076918,0.576002,0.029442
1403638213.99521,2.531386,4.482075,0.511797,0.813560,-0.077716,0.575522,0.029244
1403638214.04521,2.526456,4.382639,0.517785,0.815976,-0.076824,0.572134,0.030726
1403638214.09520,2.521630,4.282523,0.523257,0.819447,-0.075799,0.567252,0.031406
1403638214.14520,2.516661,4.183021,0.530835,0.822441,-0.075050,0.563039,0.030754
1403638214.19521,2.513171,4.084132,0.538396,0.826371,-0.073557,0.557489,0.030106
1403638214.24521,2.511124,3.985444,0.545450,0.829042,-0.072037,0.553755,0.029252
1403638214.29521,2.509228,3.886787,0.550360,0.831661,-0.070744,0.550056,0.027805
1403638214.34521,2.508284,3.785441,0.551702,0.833679,-0.069045,0.547268,0.026634
1403638214.39521,2.509722,3.688413,0.554882,0.835165,-0.066864,0.545296,0.026086
1403638214.44521,2.512545,3.590721,0.556579,0.835353,-0.064538,0.545322,0.025383
1403638214.49521,2.517110,3.493737,0.557875,0.833307,-0.062185,0.548736,0.024931
1403638214.54520,2.523400,3.398238,0.558378,0.830307,-0.060162,0.553507,0.024508
1403638214.59521,2.530046,3.301543,0.557002,0.827274,-0.057937,0.558265,0.024504
1403638214.64521,2.537047,3.205271,0.554448,0.824031,-0.056193,0.563250,0.023769
1403638214.69521,2.542787,3.106280,0.549126,0.820803,-0.054162,0.568154,0.023470
1403638214.74521,2.549798,3.010126,0.544367,0.817793,-0.052284,0.572672,0.022962
1403638214.79521,2.556826,2.915369,0.538242,0.815733,-0.050771,0.575773,0.022079
1403638214.84521,2.563539,2.822045,0.531209,0.813904,-0.049065,0.578516,0.021727
1403638214.89521,2.569751,2.728873,0.522855,0.812819,-0.047758,0.580167,0.021239
1403638214.94521,2.576049,2.637137,0.513275,0.811532,-0.046594,0.582069,0.020987
1403638214.99521,2.581591,2.545420,0.502589,0.811107,-0.045858,0.582739,0.020439
1403638215.04521,2.586576,2.454411,0.491030,0.810814,-0.045369,0.583205,0.019866
1403638215.09520,2.592241,2.366565,0.478833,0.811071,-0.044009,0.582923,0.020693
1403638215.14520,2.596918,2.278138,0.465130,0.811195,-0.043656,0.582784,0.020458
1403638215.19520,2.600697,2.190483,0.449920,0.812373,-0.043108,0.581171,0.020807
1403638215.24520,2.604059,2.103718,0.434688,0.813331,-0.042293,0.579845,0.022000
1403638215.29520,2.607203,2.017146,0.420033,0.814481,-0.040790,0.578250,0.024170
1403638215.34520,2.610257,1.932856,0.404452,0.815136,-0.039798,0.577316,0.025993
1403638215.39521,2.613590,1.849943,0.389475,0.815271,-0.038272,0.577119,0.028330
1403638215.44521,2.616748,1.768968,0.376936,0.814861,-0.035914,0.577690,0.031410
1403638215.49521,2.618937,1.688693,0.367148,0.815061,-0.035329,0.577399,0.032200
1403638215.54521,2.621383,1.610474,0.358345,0.815159,-0.035252,0.577251,0.032473
1403638215.59521,2.623657,1.532597,0.351636,0.813873,-0.034354,0.579045,0.033734
1403638215.64521,2.625114,1.456053,0.346557,0.813122,-0.035209,0.580133,0.032218
1403638215.69521,2.626834,1.381157,0.342770,0.813016,-0.036427,0.580293,0.030619
1403638215.74521,2.628187,1.307387,0.339510,0.812500,-0.038292,0.581023,0.028091
1403638215.79521,2.628910,1.234972,0.335144,0.812313,-0.040305,0.581158,0.027896
1403638215.84521,2.628589,1.163146,0.328991,0.812247,-0.044066,0.581004,0.027345
1403638215.89521,2.627849,1.092890,0.321473,0.812110,-0.046099,0.580958,0.028979
1403638215.94521,2.625782,1.024277,0.312318,0.811810,-0.048686,0.581124,0.029821
1403638215.99521,2.623705,0.956457,0.301978,0.811629,-0.050887,0.581154,0.030472
1403638216.04521,2.621396,0.890697,0.290338,0.811535,-0.052731,0.581074,0.031368
1403638216.09521,2.619232,0.825810,0.278895,0.811287,-0.053067,0.581238,0.034051
1403638216.14521,2.615959,0.760266,0.268555,0.811435,-0.054423,0.580865,0.034742
1403638216.19521,2.612382,0.696059,0.259970,0.811201,-0.054587,0.581068,0.036515
1403638216.24521,2.607604,0.632110,0.253028,0.810152,-0.055172,0.582392,0.037810
1403638216.29521,2.602913,0.569478,0.248269,0.810022,-0.055546,0.582453,0.039073
1403638216.34521,2.598242,0.508277,0.245378,0.809233,-0.055669,0.583467,0.040111
1403638216.39521,2.592432,0.447794,0.243907,0.808574,-0.055892,0.584292,0.041078
1403638216.44521,2.586000,0.387804,0.244249,0.808073,-0.056140,0.584917,0.041691
1403638216.49521,2.578766,0.328751,0.245039,0.808085,-0.056334,0.584881,0.041707
1403638216.54521,2.570399,0.268900,0.244811,0.808458,-0.056237,0.584325,0.042405
1403638216.59521,2.561882,0.212440,0.242733,0.808878,-0.055714,0.583694,0.043737
1403638216.64521,2.552678,0.157509,0.239004,0.809970,-0.054757,0.582124,0.045621
1403638216.69521,2.543605,0.103616,0.233668,0.810791,-0.054149,0.580972,0.046453
1403638216.74521,2.533946,0.050531,0.226065,0.811370,-0.052825,0.580161,0.047971
1403638216.79521,2.524086,-0.000805,0.217846,0.810014,-0.052536,0.581917,0.049908
1403638216.84521,2.514195,-0.051358,0.209186,0.807763,-0.054117,0.584719,0.051908
1403638216.89521,2.504284,-0.099901,0.199272,0.806019,-0.056779,0.586655,0.054270
1403638216.94521,2.493449,-0.148525,0.188763,0.805066,-0.061087,0.587328,0.056425
1403638216.99521,2.481539,-0.197359,0.177698,0.804521,-0.067110,0.587288,0.057746
1403638217.04521,2.469194,-0.243106,0.164707,0.804809,-0.074486,0.585858,0.059211
1403638217.09521,2.455715,-0.287978,0.151026,0.805557,-0.081993,0.583563,0.061726
1403638217.14521,2.441307,-0.331312,0.137184,0.806210,-0.089914,0.581179,0.064583
1403638217.19521,2.426486,-0.374733,0.122978,0.806631,-0.096608,0.579166,0.067680
1403638217.24521,2.411732,-0.417139,0.109010,0.807232,-0.101454,0.577020,0.071636
1403638217.29521,2.397544,-0.457826,0.096533,0.807503,-0.105991,0.575492,0.074259
1403638217.34521,2.383189,-0.497538,0.085647,0.807686,-0.109157,0.574206,0.077558
1403638217.39521,2.368388,-0.535641,0.077486,0.808300,-0.112407,0.572422,0.079675
1403638217.44521,2.352896,-0.573226,0.071621,0.808287,-0.114703,0.571712,0.081611
1403638217.49521,2.337743,-0.609766,0.067437,0.808601,-0.115496,0.570659,0.084696
1403638217.54521,2.322941,-0.644809,0.065197,0.809091,-0.115416,0.569402,0.088504
1403638217.59521,2.306814,-0.682288,0.064210,0.809624,-0.114907,0.568280,0.091453
1403638217.64521,2.288431,-0.716800,0.065512,0.809989,-0.112843,0.567463,0.095761
1403638217.69521,2.273248,-0.749632,0.069295,0.810176,-0.110886,0.566860,0.099941
1403638217.74521,2.258354,-0.780294,0.075037,0.811016,-0.108606,0.565510,0.103230
1403638217.79521,2.243196,-0.809037,0.082128,0.811871,-0.106401,0.564179,0.106049
1403638217.84521,2.228592,-0.835266,0.090775,0.812714,-0.104700,0.562855,0.108296
1403638217.89520,2.214907,-0.859677,0.099592,0.812485,-0.103944,0.563302,0.108415
1403638217.94520,2.202363,-0.882401,0.107876,0.811460,-0.101643,0.564759,0.110675
1403638217.99520,2.190424,-0.903530,0.114166,0.810393,-0.101135,0.566584,0.109625
1403638218.04520,2.179023,-0.923208,0.118733,0.809721,-0.099802,0.567703,0.110023
1403638218.09520,2.168272,-0.941085,0.121681,0.809056,-0.099019,0.568789,0.110017
1403638218.14520,2.157958,-0.957171,0.122863,0.808283,-0.099363,0.570176,0.108189
1403638218.19520,2.148092,-0.971232,0.122812,0.807333,-0.098614,0.571725,0.107791
1403638218.24520,2.139365,-0.987204,0.121831,0.805621,-0.097816,0.574436,0.106907
1403638218.29520,2.129692,-0.997298,0.119672,0.803762,-0.097194,0.577348,0.105779
1403638218.34520,2.119897,-1.004768,0.117515,0.801829,-0.098213,0.580438,0.102547
1403638218.39520,2.109790,-1.010050,0.116489,0.801458,-0.099104,0.581350,0.099375
1403638218.44520,2.098623,-1.013425,0.117532,0.801385,-0.100022,0.581789,0.096436
1403638218.49520,2.088050,-1.014998,0.120401,0.801595,-0.100979,0.581723,0.094059
1403638218.54520,2.076568,-1.015300,0.125455,0.802202,-0.100688,0.581014,0.093580
1403638218.59520,2.064182,-1.014185,0.132049,0.802651,-0.101449,0.580541,0.091822
1403638218.64520,2.051022,-1.011920,0.139305,0.804112,-0.101900,0.578630,0.090596
1403638218.69520,2.036955,-1.008551,0.146538,0.806361,-0.103696,0.575389,0.089206
1403638218.74521,2.022950,-1.004122,0.152550,0.808636,-0.105803,0.571579,0.090611
1403638218.79521,2.009188,-0.998789,0.157730,0.810410,-0.109563,0.568125,0.092012
1403638218.84521,1.995931,-0.992551,0.161514,0.811600,-0.113159,0.565302,0.094522
1403638218.89521,1.983355,-0.985459,0.163637,0.811856,-0.117564,0.563858,0.095564
1403638218.94521,1.971478,-0.977739,0.163982,0.811357,-0.125077,0.563699,0.091106
1403638218.99521,1.960125,-0.969727,0.163494,0.810311,-0.132522,0.564274,0.086189
1403638219.04521,1.948947,-0.961424,0.161848,0.808813,-0.139241,0.565453,0.081828
1403638219.09521,1.938158,-0.953659,0.159438,0.807024,-0.144424,0.567116,0.078957
1403638219.14521,1.927526,-0.946830,0.156687,0.805952,-0.146863,0.567931,0.079539
1403638219.19521,1.916739,-0.940834,0.153563,0.804385,-0.146503,0.569765,0.082880
1403638219.24521,1.905314,-0.935785,0.150425,0.801882,-0.144582,0.572986,0.088139
1403638219.29521,1.893734,-0.931043,0.146272,0.798917,-0.143208,0.576810,0.092271
1403638219.34521,1.882036,-0.926408,0.141810,0.795845,-0.140740,0.580866,0.097046
1403638219.39521,1.869587,-0.921497,0.138011,0.791558,-0.139904,0.586548,0.099115
1403638219.44521,1.857754,-0.916012,0.135608,0.788361,-0.138192,0.590755,0.101969
1403638219.49521,1.843828,-0.910180,0.134089,0.786535,-0.137168,0.593171,0.103419
1403638219.54521,1.828549,-0.903762,0.133684,0.786351,-0.137519,0.593402,0.103028
1403638219.59521,1.811957,-0.896823,0.134266,0.787136,-0.138736,0.592411,0.101091
1403638219.64520,1.794202,-0.889086,0.135971,0.788645,-0.139987,0.590469,0.098937
1403638219.69520,1.774946,-0.880241,0.137989,0.789435,-0.142384,0.589463,0.095142
1403638219.74520,1.754384,-0.871069,0.139075,0.791212,-0.144341,0.587086,0.092078
1403638219.79520,1.732744,-0.861571,0.139045,0.792533,-0.147299,0.585256,0.087573
1403638219.84520,1.709954,-0.852199,0.137479,0.794184,-0.150360,0.582900,0.083014
1403638219.89520,1.686089,-0.843084,0.134580,0.795110,-0.153252,0.581473,0.078768
1403638219.94520,1.661444,-0.834942,0.130286,0.796167,-0.156125,0.579778,0.074838
1403638219.99520,1.636009,-0.827235,0.124725,0.797191,-0.158396,0.578183,0.071431
1403638220.04520,1.608559,-0.820885,0.118481,0.798373,-0.159881,0.576356,0.069658
1403638220.09520,1.581172,-0.815826,0.111626,0.799347,-0.160172,0.574971,0.069264
1403638220.14520,1.553846,-0.812677,0.105208,0.800675,-0.158396,0.573289,0.071908
1403638220.19520,1.526810,-0.812159,0.101236,0.801939,-0.154868,0.571773,0.077365
1403638220.24520,1.499316,-0.812876,0.099436,0.803153,-0.149235,0.570387,0.085632
1403638220.29520,1.471297,-0.813586,0.098943,0.804963,-0.144614,0.567964,0.092405
1403638220.34520,1.442977,-0.813727,0.100663,0.805465,-0.141020,0.567311,0.097458
1403638220.39520,1.413859,-0.813335,0.104043,0.805843,-0.138926,0.566638,0.101178
1403638220.44520,1.384487,-0.811819,0.108529,0.806201,-0.137918,0.566129,0.102550
1403638220.49520,1.355224,-0.810174,0.114750,0.806207,-0.136745,0.566021,0.104645
1403638220.54520,1.326044,-0.807994,0.121895,0.805693,-0.137351,0.566669,0.104307
1403638220.59520,1.296742,-0.805828,0.128525,0.805561,-0.137207,0.566656,0.105576
1403638220.64520,1.266033,-0.804170,0.133624,0.805347,-0.137830,0.566735,0.105973
1403638220.69520,1.237491,-0.800817,0.137650,0.805044,-0.138111,0.566976,0.106617
1403638220.74520,1.209514,-0.797088,0.139989,0.805130,-0.139307,0.566639,0.106209
1403638220.79520,1.181621,-0.792853,0.140709,0.805080,-0.140088,0.566571,0.105920
1403638220.84520,1.153854,-0.788318,0.139710,0.804530,-0.141053,0.567196,0.105471
1403638220.89520,1.126293,-0.783557,0.136888,0.804873,-0.141346,0.566510,0.106146
1403638220.94520,1.099022,-0.778537,0.132081,0.805120,-0.142871,0.565974,0.105088
1403638220.99520,1.072075,-0.773287,0.125876,0.805569,-0.143172,0.565244,0.105163
1403638221.04520,1.045553,-0.767651,0.118822,0.805707,-0.143397,0.564972,0.105260
1403638221.09520,1.018878,-0.761686,0.111346,0.805940,-0.144094,0.564450,0.105327
1403638221.14520,0.992497,-0.755412,0.104434,0.806474,-0.144205,0.563573,0.105780
1403638221.19520,0.966514,-0.748826,0.099035,0.807241,-0.144811,0.562410,0.105291
1403638221.24520,0.940298,-0.743515,0.095311,0.807861,-0.145274,0.561454,0.105005
1403638221.29520,0.914493,-0.737480,0.093689,0.808577,-0.146388,0.560385,0.103642
1403638221.34520,0.889138,-0.730548,0.093768,0.809254,-0.147224,0.559320,0.102928
1403638221.39520,0.864367,-0.723785,0.095114,0.809568,-0.148734,0.558756,0.101344
1403638221.44520,0.840238,-0.717075,0.096197,0.809737,-0.149758,0.558436,0.100241
1403638221.49520,0.816179,-0.709001,0.095307,0.809716,-0.150781,0.558390,0.099123
1403638221.54520,0.792587,-0.701350,0.092959,0.809513,-0.151825,0.558591,0.098048
1403638221.59520,0.769561,-0.694118,0.089596,0.808781,-0.152746,0.559458,0.097714
1403638221.64520,0.747116,-0.687210,0.085059,0.808354,-0.152604,0.560075,0.097936
1403638221.69520,0.725440,-0.680648,0.080111,0.807015,-0.153226,0.561962,0.097199
1403638221.74520,0.704465,-0.674580,0.075695,0.805633,-0.154120,0.563854,0.096283
1403638221.79520,0.683610,-0.668647,0.071940,0.804806,-0.154377,0.565146,0.095212
1403638221.84520,0.663942,-0.662766,0.070389,0.804588,-0.153843,0.565525,0.095663
1403638221.89520,0.643767,-0.657731,0.070779,0.803786,-0.152369,0.566777,0.097344
1403638221.94520,0.623220,-0.653012,0.073138,0.803434,-0.150315,0.567405,0.099748
1403638221.99520,0.602810,-0.648430,0.077341,0.803360,-0.148950,0.567596,0.101300
1403638222.04520,0.582568,-0.643954,0.083296,0.803859,-0.147771,0.566882,0.103053
1403638222.09520,0.562393,-0.638980,0.089406,0.805185,-0.146623,0.565020,0.104555
1403638222.14520,0.542391,-0.633822,0.094521,0.807124,-0.146812,0.562230,0.104378
1403638222.19520,0.522459,-0.628546,0.098280,0.809022,-0.146845,0.559436,0.104644
1403638222.24520,0.502943,-0.623091,0.100468,0.810752,-0.147541,0.556868,0.103977
1403638222.29520,0.484145,-0.617569,0.101158,0.812379,-0.148196,0.554404,0.103508
1403638222.34520,0.466054,-0.612157,0.100624,0.814061,-0.148563,0.551951,0.102873
1403638222.39520,0.448941,-0.607008,0.099046,0.815239,-0.149230,0.550098,0.102506
1403638222.44520,0.432879,-0.601861,0.096040,0.816724,-0.149371,0.547921,0.102139
1403638222.49520,0.417845,-0.596887,0.091929,0.817511,-0.149373,0.546757,0.102082
1403638222.54520,0.403986,-0.592190,0.087129,0.816309,-0.149477,0.548544,0.101956
1403638222.59520,0.391471,-0.587859,0.081807,0.813801,-0.148835,0.552320,0.102565
1403638222.64519,0.379921,-0.583691,0.075717,0.810692,-0.149170,0.556870,0.102091
1403638222.69519,0.368935,-0.579568,0.068877,0.808428,-0.149198,0.560159,0.102008
1403638222.74519,0.358266,-0.575458,0.061303,0.807049,-0.148629,0.562115,0.102998
1403638222.79519,0.347878,-0.571276,0.053121,0.806107,-0.148529,0.563480,0.103064
1403638222.84519,0.337974,-0.567171,0.044848,0.804509,-0.147856,0.565779,0.103913
1403638222.89519,0.328420,-0.563057,0.036919,0.800617,-0.146878,0.571343,0.104913
1403638222.94519,0.318050,-0.558469,0.028155,0.796991,-0.146763,0.576466,0.104658
1403638222.99519,0.307378,-0.553724,0.019554,0.795993,-0.146637,0.577932,0.104345
1403638223.04519,0.292187,-0.551605,0.011376,0.796641,-0.146577,0.577107,0.104043
1403638223.09519,0.281146,-0.545156,0.005587,0.798782,-0.146453,0.574120,0.104332
1403638223.14520,0.267367,-0.538677,0.001133,0.802470,-0.146855,0.568868,0.104237
1403638223.19520,0.253282,-0.531955,-0.002540,0.807680,-0.149128,0.561381,0.101318
1403638223.24520,0.239552,-0.525074,-0.005983,0.812154,-0.152325,0.554731,0.097346
1403638223.29520,0.226324,-0.518885,-0.008592,0.815026,-0.153883,0.550459,0.095123
1403638223.34520,0.214038,-0.513303,-0.010589,0.814250,-0.154846,0.551487,0.094245
1403638223.39520,0.202603,-0.508093,-0.013687,0.812988,-0.156294,0.553252,0.092387
1403638223.44520,0.191864,-0.503545,-0.017401,0.810487,-0.159378,0.556746,0.088000
1403638223.49520,0.181608,-0.499908,-0.021728,0.807558,-0.163157,0.560725,0.082562
1403638223.54520,0.171519,-0.497448,-0.026684,0.805633,-0.165238,0.563275,0.079826
1403638223.59520,0.161642,-0.496684,-0.031837,0.805017,-0.163918,0.564266,0.081741
1403638223.64520,0.153608,-0.496236,-0.035994,0.804840,-0.160370,0.564709,0.087285
1403638223.69520,0.143837,-0.498146,-0.041698,0.805196,-0.156749,0.564373,0.092586
1403638223.74520,0.133949,-0.501005,-0.047465,0.805828,-0.152470,0.563585,0.098825
1403638223.79520,0.123795,-0.504380,-0.053769,0.806642,-0.149669,0.562393,0.103163
1403638223.84520,0.114105,-0.507445,-0.060000,0.807070,-0.147265,0.561842,0.106232
1403638223.89520,0.104733,-0.510046,-0.066897,0.807486,-0.145676,0.561229,0.108474
1403638223.94520,0.095815,-0.512821,-0.073600,0.807454,-0.143575,0.561262,0.111310
1403638223.99520,0.086940,-0.514736,-0.081350,0.808008,-0.142940,0.560463,0.112131
1403638224.04520,0.078403,-0.515928,-0.089577,0.809704,-0.142629,0.558016,0.112492
1403638224.09520,0.070197,-0.516644,-0.098390,0.812016,-0.143433,0.554728,0.111053
1403638224.14520,0.062632,-0.517064,-0.107544,0.815307,-0.144229,0.549957,0.109637
1403638224.19520,0.056057,-0.517055,-0.116436,0.818254,-0.145325,0.545544,0.108269
1403638224.24520,0.050583,-0.515446,-0.123409,0.818612,-0.145718,0.545032,0.107609
1403638224.29520,0.046812,-0.514625,-0.129955,0.817613,-0.145515,0.546562,0.107725
1403638224.34520,0.044380,-0.513476,-0.135941,0.814383,-0.145433,0.551337,0.107963
1403638224.39520,0.043255,-0.511707,-0.142226,0.811315,-0.147515,0.555731,0.105687
1403638224.44520,0.042889,-0.509738,-0.148839,0.807933,-0.149857,0.560660,0.102214
1403638224.49520,0.042918,-0.507997,-0.155424,0.803574,-0.150372,0.566913,0.101322
1403638224.54520,0.042667,-0.506111,-0.161800,0.800693,-0.149265,0.570990,0.102868
1403638224.59520,0.042069,-0.503995,-0.168486,0.800375,-0.148627,0.571510,0.103372
1403638224.64520,0.041320,-0.501715,-0.175740,0.803102,-0.148100,0.567651,0.104236
1403638224.69520,0.039735,-0.499430,-0.183354,0.807884,-0.148698,0.560818,0.103417
1403638224.74520,0.037882,-0.497466,-0.189918,0.813280,-0.149395,0.552918,0.102656
1403638224.79520,0.036746,-0.495523,-0.194322,0.816567,-0.149815,0.547998,0.102327
1403638224.84520,0.037183,-0.493545,-0.196571,0.816048,-0.150055,0.548840,0.101607
1403638224.89520,0.039064,-0.491500,-0.197365,0.812670,-0.152039,0.553842,0.098543
1403638224.94520,0.041955,-0.489665,-0.197361,0.808606,-0.154039,0.559805,0.095115
1403638224.99520,0.045140,-0.488350,-0.196749,0.804427,-0.156185,0.565840,0.091263
1403638225.04520,0.048053,-0.487730,-0.196028,0.801983,-0.156915,0.569401,0.089353
1403638225.09520,0.050944,-0.488167,-0.194417,0.800672,-0.155586,0.571380,0.090783
1403638225.14520,0.053089,-0.488749,-0.192941,0.801499,-0.153050,0.570436,0.093689
1403638225.19520,0.053542,-0.480292,-0.186692,0.804342,-0.151222,0.566482,0.096251
1403638225.24520,0.054030,-0.480361,-0.184596,0.808298,-0.149517,0.561024,0.097734
1403638225.29520,0.052645,-0.480266,-0.180605,0.811856,-0.148530,0.555902,0.099003
1403638225.34520,0.053950,-0.480859,-0.177109,0.812148,-0.147443,0.555524,0.100345
1403638225.39520,0.053648,-0.480352,-0.172529,0.811207,-0.146314,0.556997,0.101435
1403638225.44520,0.056046,-0.481344,-0.171307,0.808186,-0.145799,0.561325,0.102434
1403638225.49520,0.058743,-0.482350,-0.171429,0.803217,-0.144233,0.568467,0.104326
1403638225.54520,0.061490,-0.483699,-0.173304,0.797980,-0.143291,0.575741,0.105919
1403638225.59520,0.064098,-0.484118,-0.176835,0.792613,-0.141938,0.583078,0.107881
1403638225.64520,0.066146,-0.483999,-0.182191,0.787748,-0.140946,0.589710,0.108763
1403638225.69520,0.066562,-0.483875,-0.190561,0.787664,-0.140584,0.589817,0.109264
1403638225.74520,0.065402,-0.482400,-0.202005,0.790106,-0.140346,0.586592,0.109296
1403638225.79520,0.062612,-0.480185,-0.215545,0.794852,-0.141516,0.580138,0.107808
1403638225.84520,0.059446,-0.477549,-0.230851,0.801428,-0.142073,0.571015,0.107103
1403638225.89520,0.056528,-0.475280,-0.247242,0.807358,-0.142747,0.562594,0.106228
1403638225.94520,0.053918,-0.472063,-0.264202,0.811601,-0.143622,0.556494,0.104834
1403638225.99520,0.051691,-0.468287,-0.282301,0.815506,-0.146066,0.550749,0.101446
1403638226.04520,0.053474,-0.462614,-0.288123,0.821748,-0.144322,0.542195,0.099626
1403638226.09520,0.058450,-0.458764,-0.279574,0.818307,-0.156248,0.547073,0.081680
1403638226.14520,0.063907,-0.455973,-0.273340,0.819113,-0.158283,0.546011,0.076633
1403638226.19520,0.069623,-0.454364,-0.273969,0.823695,-0.153794,0.539633,0.081673
1403638226.24520,0.074940,-0.452949,-0.278130,0.824750,-0.142742,0.537489,0.102554
1403638226.29520,0.073740,-0.450531,-0.272954,0.815552,-0.152088,0.550213,0.094921
1403638226.34520,0.074447,-0.449009,-0.270400,0.820833,-0.143247,0.543732,0.100343
1403638226.39520,0.075093,-0.450374,-0.265754,0.820773,-0.141262,0.544320,0.100460
1403638226.44520,0.075590,-0.452693,-0.259152,0.820568,-0.143418,0.544095,0.100302
1403638226.49520,0.075431,-0.454403,-0.253329,0.820514,-0.143283,0.544270,0.099984
1403638226.54520,0.075589,-0.455958,-0.247831,0.819973,-0.142829,0.545144,0.100309
1403638226.59520,0.074923,-0.457639,-0.241430,0.820054,-0.142936,0.544903,0.100802
1403638226.64520,0.074906,-0.459611,-0.235553,0.819940,-0.143338,0.545121,0.099974
1403638226.69520,0.074277,-0.461867,-0.229129,0.820384,-0.142738,0.544478,0.100693
1403638226.74520,0.073636,-0.463524,-0.222864,0.820383,-0.143806,0.544413,0.099524
1403638226.79520,0.073094,-0.465602,-0.216752,0.820190,-0.142739,0.544728,0.100925
1403638226.84520,0.072072,-0.467101,-0.210212,0.820144,-0.143499,0.544815,0.099739
1403638226.89520,0.071244,-0.469320,-0.203838,0.820342,-0.142900,0.544521,0.100575
1403638226.94520,0.070472,-0.471124,-0.197123,0.820333,-0.143335,0.544492,0.100184
1403638226.99520,0.069189,-0.472701,-0.190656,0.820407,-0.143685,0.544382,0.099674
1403638227.04520,0.068056,-0.474634,-0.184155,0.820306,-0.142887,0.544558,0.100686
1403638227.09520,0.066741,-0.475991,-0.177411,0.820322,-0.143836,0.544492,0.099553
1403638227.14520,0.065553,-0.478074,-0.170594,0.820418,-0.143184,0.544358,0.100436
1403638227.19520,0.064085,-0.479514,-0.163904,0.820345,-0.143666,0.544468,0.099740
1403638227.24520,0.062546,-0.481259,-0.157095,0.820442,-0.143261,0.544355,0.100143
1403638227.29520,0.061226,-0.482862,-0.150175,0.820412,-0.143423,0.544388,0.099981
1403638227.34520,0.059593,-0.484315,-0.143179,0.820431,-0.143629,0.544351,0.099726
1403638227.39520,0.058052,-0.485972,-0.136117,0.820449,-0.143282,0.544340,0.100135
1403638227.44520,0.056360,-0.487339,-0.129025,0.820463,-0.143651,0.544299,0.099719
1403638227.49520,0.054687,-0.488990,-0.121736,0.820492,-0.143409,0.544272,0.099976
1403638227.54520,0.052841,-0.490444,-0.114485,0.820473,-0.143491,0.544310,0.099801
1403638227.59520,0.050919,-0.491960,-0.107076,0.820465,-0.143508,0.544327,0.099758
1403638227.64520,0.049002,-0.493510,-0.099507,0.820483,-0.143415,0.544293,0.099923
1403638227.69520,0.046949,-0.494870,-0.092011,0.820516,-0.143642,0.544240,0.099614
1403638227.74520,0.044821,-0.496381,-0.084419,0.820510,-0.143506,0.544249,0.099814
1403638227.79520,0.042770,-0.497748,-0.076784,0.820522,-0.143690,0.544227,0.099566
1403638227.84520,0.040730,-0.499164,-0.069085,0.820574,-0.143568,0.544153,0.099724
1403638227.89520,0.038629,-0.500465,-0.061351,0.820570,-0.143644,0.544158,0.099614
1403638227.94520,0.036473,-0.501782,-0.053512,0.820578,-0.143684,0.544143,0.099572
1403638227.99520,0.034298,-0.503132,-0.045614,0.820566,-0.143688,0.544155,0.099601
1403638228.04520,0.032016,-0.504419,-0.037664,0.820591,-0.143758,0.544114,0.099523
1403638228.09520,0.029709,-0.505783,-0.029636,0.820602,-0.143650,0.544108,0.099621
1403638228.14520,0.027414,-0.507123,-0.021484,0.820588,-0.143755,0.544119,0.099520
1403638228.19520,0.025090,-0.508512,-0.013240,0.820606,-0.143718,0.544095,0.099556
1403638228.24520,0.022691,-0.509874,-0.004972,0.820607,-0.143755,0.544092,0.099512
1403638228.29520,0.020362,-0.511321,0.003424,0.820592,-0.143815,0.544109,0.099461
1403638228.34520,0.018014,-0.512820,0.011803,0.820613,-0.143832,0.544074,0.099449
1403638228.39520,0.015513,-0.514258,0.020187,0.820619,-0.143919,0.544061,0.099343
1403638228.44520,0.012965,-0.515754,0.028670,0.820648,-0.143841,0.544028,0.099401
1403638228.49520,0.010403,-0.517229,0.037255,0.820610,-0.143916,0.544079,0.099322
1403638228.54520,0.007751,-0.518701,0.045876,0.820651,-0.143878,0.544034,0.099292
1403638228.59520,0.005036,-0.520134,0.054546,0.820677,-0.143894,0.544000,0.099237
1403638228.64520,0.002293,-0.521587,0.063307,0.820697,-0.143906,0.543958,0.099281
1403638228.69520,-0.000460,-0.523047,0.072156,0.820683,-0.143943,0.543975,0.099254
1403638228.74520,-0.003276,-0.524521,0.081044,0.820706,-0.143960,0.543941,0.099226
1403638228.79520,-0.006119,-0.526006,0.090075,0.820733,-0.143978,0.543892,0.099238
