timestamp,tracking_ms,estimator_ms,total_ms,observations
1598871591.153193235,3.437680,0.010400,3.469160,0
1598871591.186308146,2.442269,0.016500,2.459839,269
1598871591.219346046,1.726071,0.008950,1.735801,269
1598871591.254549265,1.747010,0.007540,1.756070,269
1598871591.286586046,1.612349,0.007090,1.620029,269
1598871591.320777416,1.591359,0.005940,1.597909,269
1598871591.354176998,1.759021,0.007470,1.767101,269
1598871591.386811972,1.623360,0.005740,1.630040,271
1598871591.421880245,1.616169,0.006040,1.622579,271
1598871591.454600573,1.817231,0.008330,1.826531,270
1598871591.488434076,1.799001,0.014420,1.814381,270
1598871591.520191669,1.844942,0.008240,1.855622,270
1598871591.553972483,1.688780,0.007850,1.697690,270
1598871591.587365389,1.492798,0.008130,1.501468,270
1598871591.621494293,1.638639,0.007460,1.647059,270
1598871591.654116154,1.564859,0.006380,1.571819,270
1598871591.687384844,1.498607,0.007880,1.507177,270
1598871591.722187757,1.576359,0.006040,1.583029,270
1598871591.753817797,1.590528,0.004981,1.596209,272
1598871591.787176609,1.380816,0.006980,1.388206,272
1598871591.822998524,1.573269,0.007170,1.581099,272
1598871591.853981733,1.627459,0.006860,1.634889,272
1598871591.888051510,1.444297,0.005300,1.450247,272
1598871591.921771049,1.970393,0.014010,1.985773,272
1598871591.953950167,1.916612,0.011130,1.930232,272
1598871591.988460302,1.712830,0.007060,1.720530,274
1598871592.022180796,1.746721,0.007810,1.755551,274
1598871592.055176020,1.834411,0.006620,1.841521,274
1598871592.089302301,1.586459,0.004880,1.591969,274
1598871592.120498180,1.665199,0.007640,1.673889,274
1598871592.153878450,1.819731,0.005410,1.825771,274
1598871592.187490702,1.696580,0.007990,1.705570,274
1598871592.221324921,1.874112,0.005460,1.879962,276
1598871592.254231691,1.856152,0.004410,1.861292,276
1598871592.288332701,1.562348,0.007370,1.570758,276
1598871592.321371794,1.801440,0.005251,1.807331,275
1598871592.356989384,1.729380,0.005380,1.735550,275
1598871592.389096737,1.620379,0.004540,1.625879,275
1598871592.422244787,1.635869,0.004070,1.640359,274
1598871592.454481602,1.784591,0.003630,1.788751,272
1598871592.489743948,1.661750,0.006940,1.669220,271
1598871592.522625208,1.871082,0.005180,1.876832,261
1598871592.553668261,1.973153,0.004120,1.977953,249
1598871592.588803291,1.767530,0.003790,1.771861,235
1598871592.621601343,2.536869,0.006241,2.544140,203
1598871592.655727863,1.879022,0.009650,1.889712,197
1598871592.688463449,1.547978,0.006120,1.555298,195
1598871592.721915960,1.569178,0.006070,1.576218,195
1598871592.756651163,1.664949,0.005760,1.671919,194
1598871592.787650347,1.719260,0.004210,1.724370,190
1598871592.821900129,1.534398,0.004550,1.539348,187
1598871592.856336832,1.866902,0.003700,1.871592,180
1598871592.889102459,1.759801,0.005140,1.765801,170
1598871592.923094749,1.464858,0.004980,1.470858,167
1598871592.956721783,1.472537,0.004720,1.478277,168
1598871592.987984180,1.468918,0.005290,1.475098,166
1598871593.021419764,1.497618,0.004770,1.502988,165
1598871593.055137634,1.518028,0.004600,1.523638,165
1598871593.087793589,1.316386,0.004810,1.321616,165
1598871593.121165276,1.463187,0.005031,1.468798,162
1598871593.154644728,1.463407,0.008830,1.472917,162
1598871593.188634396,1.321095,0.005920,1.328456,162
1598871593.224173546,1.081992,0.005440,1.088102,161
1598871593.257035255,0.981791,0.004830,0.987271,159
1598871593.287947893,1.043962,0.004900,1.049702,159
1598871593.321732998,1.027072,0.004230,1.031992,159
1598871593.355727434,1.089153,0.005070,1.094993,158
1598871593.388432503,0.992782,0.004370,0.997912,160
1598871593.422191381,0.852250,0.004290,0.857140,160
1598871593.454807281,0.871060,0.005511,0.877711,160
1598871593.488790989,0.952941,0.004140,0.957651,160
1598871593.521356583,0.956571,0.003450,0.960911,160
1598871593.556191444,0.876900,0.002830,0.880410,160
1598871593.589862347,0.945461,0.003431,0.949602,160
1598871593.622287035,0.960401,0.005590,0.966881,159
1598871593.654867411,0.880560,0.004400,0.885270,159
1598871593.688017368,0.932011,0.006550,0.939681,158
1598871593.727145433,1.006992,0.006170,1.013892,158
1598871593.755901337,0.927181,0.005090,0.932851,158
1598871593.788442612,1.032402,0.005060,1.038202,158
1598871593.822447300,0.867350,0.006370,0.874740,159
1598871593.855166435,1.478327,0.008551,1.487528,159
1598871593.888379335,1.401426,0.006770,1.409456,159
1598871593.921585560,1.380867,0.005560,1.387067,159
1598871593.954582453,1.366936,0.006150,1.374136,159
1598871593.988956690,1.304655,0.005250,1.310485,159
1598871594.022657633,1.465677,0.013310,1.479577,159
1598871594.055517197,1.237284,0.006990,1.247114,159
1598871594.090171337,0.886331,0.005340,0.892391,159
1598871594.121995926,1.345556,0.009150,1.355716,158
1598871594.155205488,0.956841,0.007410,0.965271,171
1598871594.189525604,1.107083,0.010240,1.118873,171
1598871594.223993301,0.980282,0.009300,0.991142,171
1598871594.254616022,0.972702,0.007210,0.981002,170
1598871594.290164709,0.985631,0.004780,0.990941,168
1598871594.320995569,0.958321,0.005370,0.964381,167
1598871594.354014397,1.053913,0.005740,1.060213,164
1598871594.388583183,1.149153,0.010010,1.160023,164
1598871594.423456192,1.064743,0.006890,1.072673,168
1598871594.454524755,0.894811,0.007160,0.902351,168
1598871594.489160061,1.030992,0.008530,1.041822,168
1598871594.520514488,0.878540,0.004920,0.883860,168
1598871594.554131269,0.984021,0.004280,0.988951,167
1598871594.588678598,1.014402,0.003560,1.018732,166
1598871594.621993303,0.883920,0.003670,0.888360,167
1598871594.656592369,1.015562,0.004080,1.020242,166
1598871594.690191984,0.936821,0.003810,0.941271,165
1598871594.722722054,0.958391,0.006901,0.966322,165
1598871594.755879402,0.967341,0.007590,0.976541,165
1598871594.790147305,0.800370,0.004910,0.805660,165
1598871594.823736429,0.947161,0.005370,0.953101,165
1598871594.855813026,1.003321,0.005241,1.009152,165
1598871594.890455961,0.954411,0.004450,0.959451,165
1598871594.923721313,1.197034,0.003820,1.201424,161
1598871594.956824541,1.440517,0.056681,1.498148,156
1598871594.990240574,7.012332,0.659688,7.672440,126
1598871595.022737741,1.724500,0.064871,1.791511,134
1598871595.056255102,1.127973,0.043001,1.171494,171
1598871595.090213776,1.237494,0.036221,1.274675,186
1598871595.122877359,1.245344,0.042601,1.288875,178
1598871595.157406092,1.073422,0.041591,1.115793,191
1598871595.189605713,1.112013,0.040401,1.153094,186
1598871595.222857475,1.648869,0.051041,1.700540,169
1598871595.256060362,1.492597,1.803672,3.297269,197
1598871595.291481256,1.632119,0.158592,1.791671,197
1598871595.324150324,1.663609,0.261513,1.926162,195
1598871595.355849981,1.377746,1.302695,2.681271,193
1598871595.391024351,1.043642,0.540676,1.585238,204
1598871595.423627853,1.067043,0.302503,1.370756,204
1598871595.457639694,0.965561,0.402165,1.368806,204
1598871595.490472317,1.027132,0.052431,1.080603,204
1598871595.523647547,1.083623,0.056010,1.140413,204
1598871595.556540012,1.181274,0.046720,1.228604,204
1598871595.590567827,0.992411,0.045191,1.038302,204
1598871595.622282267,1.141184,1.092622,2.234426,206
1598871595.658955812,1.069812,0.260513,1.331215,208
1598871595.691136360,1.060692,0.738619,1.800151,208
1598871595.723446608,1.023762,0.070821,1.095703,208
1598871595.756478786,1.042162,1.471897,2.514820,208
1598871595.788982630,1.202754,0.414085,1.617859,208
1598871595.822529793,0.949201,0.071490,1.021331,208
1598871595.858415842,1.078993,0.224873,1.304976,208
1598871595.890067816,0.886191,0.043730,0.930591,208
1598871595.923789978,1.065603,0.055470,1.121683,208
1598871595.955989361,1.076903,0.059271,1.136884,208
1598871595.991373301,0.897180,0.064711,0.962711,210
1598871596.024596453,1.193994,1.225044,2.419728,210
1598871596.058539152,1.072372,2.013224,3.086696,210
1598871596.089882851,1.184824,0.968351,2.155115,210
1598871596.124208212,1.292286,0.257962,1.553648,210
1598871596.158447266,1.054763,1.960343,3.016296,210
1598871596.191287518,0.956591,0.580057,1.537778,210
1598871596.223869562,1.071453,0.259633,1.332216,209
1598871596.257072449,1.166223,0.522496,1.690369,209
1598871596.290681601,1.002521,0.253423,1.256874,209
1598871596.324612617,1.153054,0.297873,1.452767,209
1598871596.356664419,1.081893,0.260503,1.343106,209
1598871596.389756441,1.032012,0.297073,1.330565,209
1598871596.423887968,1.088493,0.384364,1.473667,209
1598871596.456557751,1.095843,0.279513,1.376226,209
1598871596.490023851,1.052033,0.351974,1.405087,209
1598871596.522644758,1.108743,0.362905,1.472608,209
1598871596.557892323,1.205244,1.333696,2.540300,209
1598871596.590679169,0.913181,0.582717,1.496948,209
1598871596.624654531,1.165864,0.277463,1.444617,209
1598871596.658021212,1.270965,0.276174,1.547959,209
1598871596.690363407,1.089582,0.249033,1.339465,209
1598871596.722804546,1.207884,0.265313,1.473987,209
1598871596.756644249,1.068583,0.285503,1.355066,209
1598871596.790980101,1.093422,0.260033,1.354596,209
1598871596.824460030,1.081973,0.436315,1.519238,209
1598871596.857624769,1.258255,0.320663,1.580978,209
1598871596.891735077,1.372256,0.390824,1.764110,209
1598871596.924526930,1.204144,0.294064,1.499878,209
1598871596.957590342,1.205105,1.774170,2.980605,211
1598871596.991519928,1.170044,0.599467,1.770531,211
1598871597.023485899,1.225924,0.273513,1.500337,211
1598871597.057931423,1.033212,0.273023,1.307065,211
1598871597.091806650,0.934901,0.243883,1.179794,211
1598871597.124972105,1.078753,0.276293,1.355696,211
1598871597.157813311,1.080483,0.257543,1.338816,211
1598871597.190524578,0.988441,0.256163,1.245354,211
1598871597.224342823,1.019742,0.394985,1.415607,211
1598871597.257092237,1.112653,0.273523,1.387046,211
1598871597.289846182,0.941291,0.367904,1.310105,211
1598871597.323391438,1.111883,0.346654,1.459247,211
1598871597.357200384,1.125683,1.325845,2.452538,211
1598871597.391639948,1.004022,0.597287,1.602269,211
1598871597.431554556,1.251845,0.281753,1.534468,211
1598871597.456699848,1.102903,0.248983,1.352936,211
1598871597.490250826,0.989071,0.272513,1.262724,211
1598871597.523543596,1.078643,0.261073,1.340486,211
1598871597.557579756,1.083963,0.268803,1.353506,213
1598871597.591296434,1.029342,0.250683,1.280875,213
1598871597.623225927,1.128913,0.420965,1.550648,213
1598871597.657639027,1.153993,0.265593,1.420596,213
1598871597.691117048,0.864080,0.350604,1.215364,213
1598871597.725085974,1.097723,0.351564,1.450037,213
1598871597.757606745,1.039693,1.488007,2.528640,213
1598871597.791697025,0.894121,0.597597,1.492618,213
1598871597.824460030,1.288905,0.270193,1.560178,213
1598871597.857099771,1.221694,0.342344,1.566278,213
1598871597.891204119,1.088102,0.261814,1.350736,223
1598871597.931137323,0.966121,0.265283,1.231894,223
1598871597.958074093,1.278765,0.303894,1.583749,223
1598871597.992960215,1.084833,0.292283,1.378286,223
1598871598.023142099,1.141043,0.408725,1.550598,223
1598871598.058601379,1.211995,0.270983,1.483808,223
1598871598.092223167,1.041762,0.374855,1.417767,225
1598871598.126294374,1.166843,0.351574,1.519217,225
1598871598.157762051,1.085963,1.499447,2.586260,227
1598871598.192557335,1.084463,0.588907,1.674470,227
1598871598.223783970,1.098992,0.290584,1.390406,227
1598871598.257252932,1.126694,0.841759,1.969633,227
1598871598.290895224,0.929861,0.332533,1.263204,227
1598871598.324326515,1.143523,0.331424,1.475847,226
1598871598.358016491,1.230134,0.327184,1.558298,226
1598871598.390361786,1.034122,0.326164,1.361296,226
1598871598.424487114,1.236655,0.423755,1.661620,225
1598871598.459053755,1.187364,0.320873,1.509127,225
1598871598.491123199,1.118833,0.433315,1.553048,225
1598871598.524600506,1.323966,0.544116,1.870242,225
1598871598.558733702,1.101352,1.450627,2.552839,225
1598871598.590246916,1.151503,0.686518,1.839071,225
1598871598.625342846,1.100163,0.341684,1.443017,225
1598871598.658238173,1.365685,0.327044,1.693649,225
1598871598.692003012,1.109183,0.292333,1.402356,225
1598871598.724441528,1.137474,0.339644,1.477848,224
1598871598.757950068,1.135413,0.296504,1.432647,224
1598871598.790228605,1.026462,0.336744,1.364386,222
1598871598.824558020,1.199544,0.483546,1.684750,222
1598871598.858409166,1.184524,0.331954,1.517408,222
1598871598.890662193,1.140733,0.435005,1.576458,223
1598871598.926312923,1.189464,0.496195,1.686459,223
1598871598.958785057,1.139993,1.433127,2.574220,223
1598871598.991764784,1.188904,0.738749,1.928563,223
1598871599.025362253,1.167793,0.382475,1.551328,229
1598871599.059371948,1.205744,0.420735,1.628629,230
1598871599.092301369,1.215564,0.389994,1.606868,229
1598871599.127418280,1.463077,0.475646,1.939983,227
1598871599.158620358,1.418136,0.377554,1.796991,251
1598871599.191956282,1.110353,0.331774,1.442667,251
1598871599.225248814,1.257724,0.431196,1.689920,251
1598871599.258231163,1.204374,0.335304,1.540668,249
1598871599.291655540,1.239145,0.428905,1.669070,249
1598871599.324868679,1.305275,0.407944,1.713969,248
1598871599.358303308,1.123833,1.505417,2.630350,246
1598871599.391701221,1.402547,1.088422,2.492129,243
1598871599.424689054,1.147733,0.512786,1.661369,257
1598871599.458687544,1.277975,0.462475,1.741470,256
1598871599.491469860,1.209734,0.453235,1.663799,254
1598871599.525079727,1.106613,1.597698,2.705301,263
1598871599.557966948,1.280395,0.684338,1.965733,261
1598871599.591893673,1.270085,0.699278,1.970643,261
1598871599.625128508,1.251715,0.654128,1.906823,261
1598871599.657256842,1.227584,0.641058,1.869442,258
1598871599.690539122,1.111713,0.725348,1.837691,256
1598871599.725201368,1.237655,0.639787,1.878302,256
1598871599.758817673,1.355436,0.858110,2.214476,255
1598871599.791758537,1.360066,1.809472,3.170698,257
1598871599.826199293,1.256865,0.916230,2.174025,266
1598871599.858571291,1.515248,0.748879,2.265167,267
1598871599.891980410,1.251714,1.007962,2.261026,285
1598871599.925468922,1.351086,0.869410,2.221576,290
1598871599.958864689,1.365465,0.706079,2.072314,290
1598871599.991626740,1.399996,0.710319,2.111115,307
1598871600.024888515,1.506128,0.759119,2.266617,314
1598871600.058684349,1.328055,0.756459,2.085264,316
1598871600.092566013,1.406906,0.862360,2.271146,311
1598871600.125624180,1.352316,0.741948,2.095094,306
1598871600.159098864,1.210974,0.886840,2.098444,311
1598871600.193087101,1.272594,2.078085,3.351689,314
1598871600.225334406,1.251414,0.728369,1.980773,315
1598871600.258702278,1.328486,1.688999,3.018565,315
1598871600.292214870,1.270305,1.002292,2.273477,315
1598871600.326164484,1.391786,1.204755,2.597501,315
1598871600.359056950,1.264065,2.380887,3.645992,315
1598871600.392444134,1.427877,1.158463,2.587240,316
1598871600.426298857,1.263194,1.167184,2.431448,318
1598871600.458923340,1.210084,1.115294,2.326148,320
1598871600.491936207,1.431487,1.243304,2.675621,315
1598871600.533112049,1.347376,1.329496,2.677792,314
1598871600.557457685,1.218774,1.422827,2.642471,313
1598871600.592293501,1.281105,2.435038,3.717013,311
1598871600.625743866,1.375216,1.213074,2.589240,310
1598871600.659005880,1.375816,1.053522,2.430318,309
1598871600.695191860,1.186383,1.210885,2.398018,307
1598871600.725906134,1.490988,1.158573,2.650831,307
1598871600.759047508,1.430546,1.032633,2.464019,308
1598871600.793366909,1.297525,1.135694,2.434159,326
1598871600.859165192,1.292895,1.174294,2.473149,325
1598871600.893213749,1.335525,1.070343,2.407029,325
1598871600.926482677,1.205734,1.111533,2.318027,329
1598871600.959503174,1.595559,1.318945,2.915464,326
1598871600.993360519,1.331715,1.291295,2.624040,342
1598871601.026662350,1.423577,1.821371,3.245778,341
1598871601.060052156,1.327096,0.975991,2.303867,338
1598871601.093334675,1.405096,1.205615,2.611961,338
1598871601.128228664,1.265705,1.065413,2.332238,336
1598871601.159463406,1.375066,1.170164,2.546060,336
1598871601.192559958,1.511387,1.716781,3.229058,333
1598871601.225503206,1.367676,1.007822,2.376438,351
1598871601.259618759,1.413876,1.200534,2.615350,348
1598871601.293575525,1.250184,1.204454,2.455428,344
1598871601.326300144,1.434877,1.161453,2.597280,341
1598871601.359780788,1.447806,3.856076,5.304642,340
1598871601.393742323,1.460766,1.547539,3.009175,332
1598871601.425018311,1.543228,2.111574,3.655442,317
1598871601.459190845,1.386477,1.224314,2.611831,326
1598871601.492470264,1.267375,1.232334,2.500569,322
1598871601.527345896,1.318025,1.413927,2.733282,319
1598871601.560324669,1.421657,1.598769,3.021856,317
1598871601.593061447,1.485537,1.330656,2.817303,331
1598871601.626205683,1.357296,1.401416,2.759582,328
1598871601.660926342,1.516887,1.285896,2.803573,325
1598871601.691786528,1.265745,1.430416,2.696971,348
1598871601.726225376,1.379626,1.402107,2.782563,348
1598871601.759367466,1.289875,1.979493,3.271108,347
1598871601.791978598,1.329176,1.483057,2.813023,345
1598871601.826459646,1.407007,1.989253,3.397150,344
1598871601.859435797,1.289265,1.220804,2.510999,341
1598871601.893476963,1.399967,1.349075,2.751382,339
1598871601.926728964,1.358596,1.307725,2.667651,335
1598871602.026051283,2.061114,2.837823,4.902707,307
1598871602.059556007,1.380066,1.203334,2.584670,324
1598871602.093829870,1.358856,1.062123,2.422389,324
1598871602.127130985,1.347696,3.185207,4.533923,324
1598871602.160416126,1.381106,1.426807,2.809203,322
1598871602.194633961,1.365335,1.091133,2.457598,321
1598871602.227188349,1.367446,1.534928,2.903424,317
1598871602.260607243,1.419927,1.369086,2.790763,318
1598871602.293322086,1.397246,1.911672,3.309908,331
1598871602.326894045,1.344346,0.894821,2.240617,330
1598871602.360337257,1.332246,0.867140,2.202516,326
1598871602.393659353,1.197564,0.760669,1.959373,325
1598871602.426561594,1.295355,3.842945,5.139720,323
1598871602.460877180,1.549308,1.098113,2.648321,322
1598871602.494331121,1.456507,1.101433,2.559030,354
1598871602.527660131,1.436986,2.665712,4.103458,354
1598871602.560420990,1.413876,1.298046,2.713922,353
1598871602.593509197,1.444797,1.282944,2.728801,353
1598871602.627220392,1.331606,1.377816,2.710832,353
1598871602.660536051,1.449087,2.431289,3.881356,353
1598871602.694131613,1.364156,2.230896,3.596072,352
1598871602.727104425,1.378026,1.256795,2.636441,350
1598871602.761247158,1.461717,1.211424,2.673991,349
1598871602.794692516,1.289645,1.729020,3.019745,349
1598871602.828924417,1.411617,2.269956,3.683353,349
1598871602.862018585,1.308485,3.679433,4.988998,349
1598871602.895197392,1.353875,1.118174,2.473139,349
1598871602.930332422,1.427987,2.027003,3.455960,349
1598871602.963127851,1.346466,1.167904,2.515420,348
1598871603.001594067,1.385566,1.109163,2.495839,348
1598871603.030674219,1.469757,1.323626,2.794403,347
1598871603.064354420,1.444147,2.314047,3.761374,346
1598871603.098548412,1.551698,2.238606,3.792384,345
1598871603.131148338,1.426107,1.203474,2.631211,341
1598871603.164787769,1.431737,1.391896,2.824723,336
1598871603.199644804,1.367945,1.034182,2.402857,334
1598871603.231609821,1.459977,2.136695,3.597782,330
1598871603.265823603,1.294285,2.640111,3.935576,328
1598871603.297424078,1.309545,1.127743,2.438148,326
1598871603.332592964,1.441807,2.004444,3.447291,321
1598871603.366272688,1.329925,1.170134,2.500719,321
1598871603.398756266,1.510628,1.117723,2.629711,319
1598871603.433223963,1.457417,1.461857,2.920074,318
1598871603.465014696,1.355316,1.968363,3.324559,332
1598871603.499325991,1.338246,2.115655,3.454791,331
1598871603.532257080,1.299505,1.117133,2.417698,331
1598871603.565795422,1.374246,1.209905,2.584941,328
1598871603.598315001,1.363646,1.243294,2.607930,326
1598871603.631027460,1.482787,1.494418,2.977805,325
1598871603.666666508,1.469258,1.382876,2.853254,325
1598871603.698441267,1.389526,1.051473,2.442059,323
1598871603.732709646,1.398666,1.990014,3.389510,322
1598871603.765356779,1.261014,1.153994,2.415958,320
1598871603.799646616,1.344835,1.075643,2.421489,320
1598871603.838827133,1.557248,3.700923,5.259171,312
1598871603.868600845,1.517697,1.740041,3.258648,355
1598871603.900073767,1.542068,1.950133,3.492961,349
1598871603.932926655,1.421747,1.253044,2.675941,349
1598871603.967768669,1.528248,1.256825,2.786103,345
1598871603.998633146,1.426376,1.154694,2.581990,344
1598871604.031987667,1.420367,1.286265,2.707822,343
1598871604.065627337,1.444587,1.171574,2.617461,342
1598871604.100020647,1.363456,1.082343,2.446639,342
1598871604.132357597,1.426367,1.844841,3.272028,340
1598871604.165472984,1.386697,1.199664,2.587101,340
1598871604.198964357,1.448197,1.212464,2.661961,340
1598871604.231670141,1.360236,4.813606,6.175162,340
1598871604.264944792,1.337096,1.563058,2.902594,332
1598871604.299541235,1.460797,1.879012,3.341129,329
1598871604.332153320,1.314876,1.277704,2.593270,327
1598871604.366254568,1.387576,1.353916,2.742622,327
1598871604.398676872,1.293965,1.231944,2.526749,326
1598871604.431608677,1.275975,1.355106,2.631771,326
1598871604.464664459,1.433467,1.270035,2.705072,326
1598871604.499679327,1.346306,1.212034,2.559430,324
1598871604.531559706,1.189543,2.013744,3.203747,323
1598871604.565678596,1.376106,1.548888,2.925904,321
1598871604.599326849,1.322876,1.232134,2.556040,321
1598871604.631559849,1.153363,4.224929,5.379142,325
1598871604.665315390,1.542488,1.672580,3.216128,321
1598871604.699394703,1.534848,1.744091,3.280169,321
1598871604.731646299,1.588009,1.328235,2.920384,318
1598871604.767406225,1.436497,1.446877,2.884494,312
1598871604.799493790,1.309876,1.157993,2.468869,308
1598871604.832795858,1.215135,1.240534,2.456429,309
1598871604.866602182,1.471587,1.148984,2.621721,306
1598871604.899170637,1.384366,1.038772,2.423888,310
1598871604.932508945,1.231414,1.961713,3.194167,310
1598871604.965712070,1.292855,1.181024,2.474879,311
1598871604.999247313,1.383606,1.115913,2.500449,310
1598871605.033301353,1.278555,4.585053,5.864658,310
1598871605.065790653,1.298345,2.411748,3.711003,312
1598871605.099442959,1.606019,2.124115,3.731314,316
1598871605.140874386,1.331405,1.518448,2.850903,318
1598871605.167929649,1.288545,1.427556,2.716931,314
1598871605.198760748,1.476178,1.385636,2.862894,316
1598871605.231414080,1.341975,1.513188,2.856054,320
1598871605.266593933,1.369306,1.668369,3.038835,321
1598871605.299014091,1.292566,1.506757,2.800553,319
1598871605.331171751,1.360746,2.576700,3.939086,319
1598871605.370875597,1.359646,1.602009,2.962635,321
1598871605.400403261,1.353215,1.522118,2.876093,323
1598871605.433377504,1.385126,3.876435,5.262461,327
1598871605.466159105,1.261824,2.433549,3.696423,327
1598871605.500455856,1.367716,2.153315,3.521991,326
1598871605.532951355,1.279945,1.804721,3.085456,326
1598871605.565411091,1.296695,1.551358,2.849133,326
1598871605.599766970,1.460107,1.581809,3.042876,326
1598871605.633692741,1.246345,1.523178,2.770163,326
1598871605.666451693,1.471177,2.007104,3.479161,325
1598871605.699428082,1.337315,1.558678,2.897513,326
1598871605.732880831,1.168083,2.378838,3.547671,326
1598871605.765599012,1.422327,2.168045,3.592342,326
1598871605.799031496,1.417057,1.743110,3.161927,326
1598871605.841522455,1.272094,3.136117,4.408881,331
1598871605.869246721,1.306186,2.642260,3.949516,331
1598871605.900422812,1.409506,2.224286,3.634762,331
1598871605.933676243,1.174914,1.763851,2.940495,331
1598871605.966567516,1.360095,1.611329,2.972424,331
1598871606.000538826,1.420897,2.016143,3.438560,331
1598871606.034085035,1.286505,1.979623,3.266968,331
1598871606.065011740,1.366996,2.171296,3.539442,331
1598871606.099182129,1.280905,1.679320,2.961115,331
1598871606.133416414,1.583098,2.491530,4.075828,331
1598871606.166533947,1.402766,1.797561,3.201437,331
1598871606.200901031,1.371486,1.745451,3.117627,331
1598871606.232742548,1.203854,2.727352,3.932156,331
1598871606.266554356,1.287845,2.518150,3.806895,331
1598871606.299659252,1.372605,2.229037,3.602462,331
1598871606.335504770,1.373836,1.686290,3.061756,331
1598871606.366237879,1.218524,1.676540,2.896074,331
1598871606.399676085,1.452917,1.712380,3.166037,331
1598871606.434781075,1.223825,1.946762,3.171637,331
1598871606.466539145,1.394496,2.290587,3.686143,329
1598871606.499714375,1.464867,1.679060,3.144657,331
1598871606.533054113,1.346065,2.532600,3.879485,331
1598871606.566063404,1.543878,2.236956,3.783604,327
1598871606.609304905,1.410057,1.907932,3.318869,329
1598871606.638813019,1.335566,3.288129,4.624705,331
1598871606.667834520,1.368836,2.495939,3.865725,329
1598871606.700261593,1.438127,2.247326,3.686153,323
1598871606.732821703,1.263335,1.719400,2.983975,325
1598871606.770044088,1.266354,1.592789,2.860244,328
1598871606.799616337,1.510157,1.555909,3.066926,328
1598871606.833189726,1.196704,1.821591,3.019305,342
1598871606.867439508,1.412516,1.916483,3.330859,341
1598871606.899739981,1.468738,1.503627,2.973225,340
1598871606.934099913,1.184594,2.274717,3.459871,340
1598871606.965921640,1.217644,1.941253,3.159917,340
1598871607.000077724,1.302516,1.479397,2.782673,339
1598871607.033931732,1.408517,4.313190,5.723367,337
1598871607.065790176,1.399477,3.370579,4.773026,336
1598871607.101219416,1.353026,3.053555,4.407591,338
1598871607.134209156,1.272855,2.533919,3.808194,338
1598871607.166726351,1.409986,2.043654,3.454510,337
1598871607.201171875,1.220714,3.285679,4.507373,339
1598871607.234016180,1.204524,1.989363,3.194767,339
1598871607.266287565,1.335455,2.655741,3.992196,339
1598871607.300898075,1.316435,1.684510,3.001895,338
1598871607.334105968,1.177173,2.540060,3.718283,337
1598871607.370010614,1.368106,2.102694,3.471610,337
1598871607.399081945,1.190724,1.694970,2.886394,337
1598871607.433904409,1.260134,2.718772,3.981986,337
1598871607.467280626,1.233815,2.638281,3.873636,336
1598871607.500742912,1.207294,2.113555,3.321489,336
1598871607.533229589,1.274845,2.114155,3.390140,336
1598871607.568790436,1.348436,1.703910,3.053076,331
1598871607.599357843,1.454157,2.601190,4.056297,332
1598871607.633591175,1.215904,1.930013,3.146757,335
1598871607.669208765,1.362395,2.084445,3.448101,335
1598871607.710333586,1.485727,1.684590,3.171247,333
1598871607.733649731,1.277275,3.034176,4.312261,337
1598871607.767297268,1.393237,2.579630,3.974367,338
1598871607.800739288,1.318326,2.003993,3.323259,334
1598871607.833755493,1.446827,3.282558,4.730305,340
1598871607.867069244,1.637029,2.539590,4.178409,337
1598871607.901934862,1.492367,2.726462,4.219899,340
1598871607.935619116,1.408547,1.900052,3.309519,340
1598871607.968224764,1.514178,2.591350,4.107398,337
1598871608.001157284,1.470937,2.797283,4.270240,337
1598871608.034175634,1.421667,2.508739,3.933386,337
1598871608.068172693,1.162854,2.329987,3.494041,337
1598871608.100911856,1.420686,2.187256,3.608862,335
1598871608.135144234,1.224094,2.851603,4.076777,335
1598871608.166976929,1.433127,2.378127,3.812224,335
1598871608.201160669,1.275595,2.035593,3.312358,335
1598871608.233939648,1.323375,3.005075,4.329160,337
1598871608.267833710,1.462947,2.779953,4.244160,337
1598871608.301412821,1.271355,2.649351,3.921746,337
1598871608.334636450,1.353146,1.827561,3.181577,337
1598871608.367409945,1.169393,2.387898,3.558101,337
1598871608.401666641,1.241405,2.590190,3.832705,337
1598871608.433479786,1.109703,1.742620,2.853233,337
1598871608.468305111,1.239644,2.287357,3.527951,337
1598871608.501450062,1.268325,2.025784,3.294979,336
1598871608.534511805,1.301566,2.498349,3.800685,336
1598871608.567624569,1.346196,1.706060,3.053006,336
1598871608.600582123,1.455047,2.241026,3.696823,336
1598871608.634797335,1.244035,2.879593,4.124488,336
1598871608.666988134,1.509257,2.682482,4.192599,336
1598871608.701538324,1.273405,2.382268,3.656553,340
1598871608.734057665,1.360106,1.738260,3.099156,340
1598871608.766299963,1.207874,1.756741,2.965325,340
1598871608.800704718,1.378767,2.557539,3.937026,340
1598871608.833881378,1.313595,1.738791,3.053226,340
1598871608.867258072,1.234224,2.270627,3.505741,339
1598871608.908355951,1.434337,2.062134,3.497411,339
1598871608.934713840,1.256635,2.558390,3.815755,339
1598871608.968191624,1.293915,1.740070,3.034815,339
1598871609.001059532,1.215924,1.752251,2.968855,339
1598871609.034097195,1.176174,2.795732,3.972666,339
1598871609.069228649,1.298146,2.987984,4.286990,339
1598871609.101243019,1.276985,2.518209,3.796344,339
1598871609.134681463,1.188914,1.733580,2.923404,339
1598871609.168496609,1.146143,1.701900,2.849043,339
1598871609.202981234,1.373576,2.873484,4.247750,339
1598871609.234667540,1.028572,1.728150,2.757512,339
1598871609.267066717,1.158253,1.745421,2.904664,339
1598871609.302807808,1.201434,2.267817,3.470051,339
1598871609.335439205,1.131893,2.593210,3.726063,339
1598871609.367990255,1.325546,1.730950,3.057336,339
1598871609.400635242,1.337255,1.767071,3.104936,339
1598871609.435376883,1.275325,2.929104,4.205599,339
1598871609.467827082,1.187374,2.988015,4.176109,339
1598871609.501012564,1.403246,2.530220,3.934216,339
1598871609.533262968,1.164944,1.735060,2.900854,339
1598871609.568738699,1.301225,1.717080,3.019425,339
1598871609.601435900,1.327125,2.876054,4.203759,339
1598871609.634754419,1.163713,1.722030,2.886693,339
1598871609.669879198,1.041722,1.725100,2.767462,339
1598871609.702141762,1.379896,2.289707,3.670423,339
1598871609.734722376,1.135373,2.590661,3.726874,339
1598871609.767961740,1.205014,1.742731,2.948605,339
1598871609.801847696,1.357816,1.750220,3.108756,339
1598871609.834265709,1.070512,2.901554,3.972846,339
1598871609.868052721,1.218504,2.995385,4.214789,339
1598871609.902872562,1.170693,2.536940,3.708833,339
1598871609.935244799,1.223455,1.766930,2.991255,339
1598871609.968876839,1.194964,1.735710,2.932364,339
1598871610.001729250,1.253785,2.864123,4.118728,339
1598871610.036277056,1.229704,1.740710,2.971744,339
1598871610.069489002,1.186954,1.758790,2.946424,339
1598871610.100998640,1.328725,2.325387,3.655622,339
1598871610.136801481,1.104663,2.609210,3.714853,339
1598871610.169005394,1.362596,1.729210,3.093086,339
1598871610.202380180,1.291115,1.749950,3.041715,339
1598871610.234975576,1.054352,2.891404,3.946786,339
1598871610.269316673,1.373526,3.086687,4.461163,339
1598871610.301884890,1.243514,2.501730,3.746174,339
1598871610.335547924,1.157624,1.730580,2.889024,339
1598871610.368717670,1.372326,1.680710,3.053976,339
1598871610.402560711,1.133183,2.807603,3.941606,339
1598871610.436248779,1.183924,1.757471,2.942405,339
1598871610.469389439,1.343886,1.861841,3.207757,339
1598871610.503474236,1.346266,2.290526,3.637502,339
1598871610.535334587,1.062032,2.583380,3.646342,339
1598871610.570509434,1.276415,1.752620,3.030025,339
1598871610.602084160,1.327276,1.825281,3.154457,339
1598871610.635430574,1.110483,2.895603,4.006847,339
1598871610.669220448,1.073153,3.052925,4.127018,339
1598871610.703017712,1.174214,2.539940,3.715214,339
1598871610.737792253,1.142933,1.749241,2.893644,339
1598871610.769860983,1.163134,1.733330,2.897104,339
1598871610.799766541,1.132583,2.926305,4.059808,339
1598871610.835595608,1.040732,1.743801,2.785333,339
1598871610.869142771,1.368316,1.774971,3.143927,339
1598871610.900315762,1.357186,2.419068,3.778124,339
1598871610.933931351,1.237584,2.757353,3.995857,339
1598871610.967061043,1.271344,1.739441,3.011695,339
1598871611.000197887,1.223844,1.757831,2.982725,339
1598871611.034389257,1.056842,2.913884,3.971666,339
1598871611.067922592,1.212785,3.009065,4.222500,339
1598871611.100593090,1.139254,2.485099,3.625313,339
1598871611.134633780,0.995721,1.744391,2.741692,339
1598871611.168032885,1.283775,1.727510,3.012105,339
1598871611.201906681,1.230375,2.872973,4.104058,339
1598871611.235109568,1.168084,1.748480,2.917414,339
1598871611.269158840,1.337116,1.734620,3.072796,339
1598871611.301286697,1.276855,2.295636,3.573121,339
1598871611.334194660,1.284275,2.579340,3.864355,339
1598871611.369435310,1.255004,1.888432,3.145446,339
1598871611.401933193,1.345756,1.772930,3.119996,339
1598871611.435024500,1.100223,3.132396,4.234369,339
1598871611.467833281,1.370806,3.637263,5.010469,339
1598871611.501388550,1.465567,3.257718,4.726695,339
1598871611.535304785,1.272495,1.925002,3.200477,339
1598871611.569319487,1.574699,2.178945,3.756344,339
1598871611.600948334,1.531768,3.541921,5.077349,339
1598871611.635412216,1.531997,2.154856,3.690724,339
1598871611.669681549,1.735150,2.230556,3.970226,339
1598871611.701457024,1.559658,2.776653,4.341661,339
1598871611.735274553,1.207515,2.668151,3.877346,339
1598871611.767837524,1.275735,1.714340,2.990755,339
1598871611.801839828,1.233294,1.728500,2.962474,339
1598871611.834930182,1.072962,2.853474,3.927386,339
1598871611.867598534,1.285685,3.171787,4.458262,339
1598871611.901794195,1.405157,2.623000,4.029407,339
1598871611.935487509,1.139463,1.738250,2.878403,339
1598871611.968987465,1.202734,1.744970,2.948624,339
1598871612.001702785,1.178664,2.905233,4.084557,339
1598871612.034940004,1.043742,1.728931,2.773523,339
1598871612.069167376,1.207514,1.810631,3.018885,339
1598871612.101689577,1.310246,2.757872,4.069668,339
1598871612.135691881,1.260764,2.712012,3.973776,339
1598871612.168237686,1.181794,1.710170,2.892844,339
1598871612.201313496,1.105153,1.773791,2.879494,339
1598871612.236530542,1.017062,2.914864,3.932986,339
1598871612.268862724,1.285275,3.080196,4.366261,339
1598871612.302077293,1.330565,2.594161,3.925686,339
1598871612.335785389,1.177514,1.829101,3.008195,339
1598871612.367523432,1.439546,1.842882,3.285078,339
1598871612.401776791,1.377407,3.225787,4.603754,339
1598871612.434123039,1.171944,1.765031,2.939245,339
1598871612.467714787,1.160933,1.728941,2.890504,339
1598871612.501192093,1.170753,2.330907,3.502550,339
1598871612.534853697,1.027562,2.509429,3.538091,339
1598871612.570086956,1.279565,1.689099,2.969304,339
1598871612.603322983,1.332956,1.721420,3.055226,339
1598871612.636242867,1.117124,2.887113,4.005007,339
1598871612.672232628,1.299595,3.025106,4.325521,339
1598871612.704199314,1.237614,2.639991,3.878625,339
1598871612.736744165,1.073333,1.732200,2.806673,339
1598871612.769971371,1.218414,1.896542,3.116316,339
1598871612.802133322,1.208794,2.926304,4.136578,339
1598871612.835296154,1.085792,1.765071,2.851813,339
1598871612.868493557,1.272325,1.812621,3.085626,339
1598871612.902122974,1.526327,3.625963,5.155090,339
1598871612.936075211,1.189063,3.022746,4.212809,339
1598871612.968758821,1.227244,1.756001,2.985895,339
1598871613.002681255,1.383786,1.792271,3.177157,339
1598871613.034991503,1.253675,2.897654,4.152529,339
1598871613.073093176,1.184253,3.139987,4.325290,339
1598871613.104689837,1.319735,2.521450,3.842205,339
1598871613.139355659,1.066792,1.723851,2.791513,339
1598871613.170268297,1.155444,1.745580,2.901524,339
1598871613.203023195,1.345945,3.147477,4.494192,339
1598871613.238140106,1.193464,2.222006,3.416490,339
1598871613.271579981,1.319006,1.732650,3.052856,339
1598871613.307396412,1.217944,2.304577,3.523561,339
1598871613.336004257,1.073602,2.511280,3.585542,339
1598871613.368930101,1.154303,1.859742,3.018735,339
1598871613.402498722,1.290295,1.753780,3.045085,339
1598871613.435915947,1.275625,2.935695,4.212120,339
1598871613.469790697,1.232324,3.011975,4.245129,339
1598871613.503289700,1.185414,2.662921,3.849635,339
1598871613.536340952,1.130703,1.751740,2.884133,339
1598871613.570955276,1.333635,1.734971,3.069246,339
1598871613.607877493,1.315635,2.955085,4.271860,339
1598871613.637613297,1.195804,1.748910,2.945594,339
1598871613.672492027,1.312155,1.764631,3.077916,339
1598871613.702646255,1.314116,2.296076,3.610832,339
1598871613.735371828,1.106563,2.541099,3.648622,339
1598871613.771206379,1.386066,1.762171,3.149047,339
1598871613.803528547,1.311276,1.761850,3.073906,339
1598871613.836677313,1.113623,2.916824,4.031327,339
1598871613.872421026,1.192794,3.013525,4.207129,339
1598871613.907420158,1.228914,2.535419,3.765313,339
1598871613.937625408,1.032672,1.718440,2.752162,339
1598871613.968546629,1.107063,1.749341,2.857444,339
1598871614.002437353,1.289605,2.884194,4.175059,339
1598871614.035964727,1.141523,1.717811,2.860244,339
1598871614.068953276,1.248535,1.791771,3.042056,339
1598871614.103437662,1.160933,2.335517,3.497400,339
1598871614.136290789,1.041742,2.514669,3.557071,339
1598871614.170664072,1.411196,1.742551,3.154627,339
1598871614.204004765,1.353066,1.806631,3.160677,339
1598871614.237028360,1.198875,2.950264,4.149889,339
1598871614.270776272,1.094953,2.960214,4.056157,339
1598871614.303748608,1.102853,2.503969,3.607932,339
1598871614.336571217,1.172474,1.719700,2.893014,339
1598871614.371506691,1.181224,1.753321,2.935575,339
1598871614.404497862,1.244974,2.803543,4.049787,339
1598871614.436064959,1.028192,1.721780,2.750822,339
1598871614.470486641,1.279035,1.815311,3.095126,339
1598871614.503735304,1.217804,2.290567,3.509151,339
1598871614.537723064,1.218755,2.635150,3.855315,339
1598871614.569823027,1.356305,1.729240,3.086606,339
1598871614.603805780,1.547058,1.860051,3.408469,339
1598871614.638207674,1.292685,3.007135,4.301380,339
1598871614.673569918,1.247345,3.045405,4.293890,339
1598871614.705659628,1.378717,2.473248,3.852735,339
1598871614.738312721,1.190734,1.732701,2.924395,339
1598871614.770433664,1.328985,1.728331,3.057986,339
1598871614.806962967,1.292535,2.801113,4.094368,339
1598871614.838032722,1.066172,1.767891,2.834943,339
1598871614.869527102,1.172114,1.792361,2.965185,339
1598871614.903009892,1.293365,2.376747,3.671183,339
1598871614.940566778,1.129933,2.559750,3.690733,339
1598871614.973170757,1.294036,1.732900,3.027866,339
1598871615.005136251,1.366926,1.794391,3.161787,339
1598871615.036507130,1.100653,2.911284,4.012647,339
1598871615.074798346,1.158664,2.974265,4.133709,339
1598871615.106261015,1.352886,2.494689,3.848495,339
1598871615.136417389,1.528588,1.903642,3.435510,339
1598871615.169017553,1.282105,1.747991,3.031166,339
1598871615.203283787,1.502898,3.055416,4.561164,339
1598871615.236356497,1.180124,1.826511,3.008335,339
1598871615.271197557,1.622900,2.214155,3.842025,339
1598871615.304960728,1.639879,2.887414,4.530693,339
1598871615.336162329,1.451847,3.084216,4.541013,339
1598871615.373347998,1.487397,1.806031,3.297218,339
1598871615.403307199,1.482457,1.739411,3.222618,339
1598871615.437166214,1.642789,3.284709,4.932968,339
1598871615.470011473,1.758510,3.300149,5.061939,339
1598871615.504002810,1.646599,2.891054,4.541373,339
1598871615.536658525,1.237245,1.773490,3.011715,339
1598871615.569901466,1.143174,1.796301,2.940355,339
1598871615.603850126,1.348606,2.871113,4.220799,339
1598871615.637130499,1.092252,1.795722,2.889044,339
1598871615.670955181,1.317495,1.824452,3.142677,339
1598871615.703783274,1.328815,2.302577,3.632922,339
1598871615.739528656,1.267785,2.599540,3.868295,339
1598871615.769732237,1.159224,1.763251,2.923835,339
1598871615.803861141,1.223934,1.726331,2.951185,339
1598871615.839226246,1.171684,2.896074,4.068498,339
1598871615.872314453,1.380796,3.003975,4.385861,339
1598871615.904714584,1.321455,2.496209,3.818964,339
1598871615.938699007,1.063423,1.760430,2.825193,339
1598871615.970446587,1.196953,1.757501,2.955164,339
1598871616.004308701,1.221024,2.842104,4.064078,339
1598871616.038539648,1.301575,1.734740,3.037255,339
1598871616.071677923,1.363246,1.777491,3.141647,339
1598871616.106205940,1.458067,2.327497,3.786774,339
1598871616.138496876,1.229334,2.563520,3.793574,339
1598871616.172690153,1.420056,1.742010,3.165826,339
1598871616.203672171,1.286134,1.771431,3.058315,339
1598871616.238667965,1.123583,2.850963,3.975406,339
1598871616.271953583,1.407527,2.981795,4.390222,339
1598871616.304925442,1.105392,2.519730,3.626213,339
1598871616.338687658,1.074103,1.737830,2.813263,339
1598871616.371363878,1.379896,1.739920,3.120696,339
1598871616.404633284,1.307305,2.882623,4.190858,339
1598871616.438280821,1.248005,1.760180,3.009125,339
1598871616.471425295,1.303645,1.809291,3.114096,339
1598871616.509948730,1.399587,2.313847,3.714464,339
1598871616.537951708,1.192544,2.580070,3.773714,339
1598871616.573737860,1.320736,1.709310,3.030906,339
1598871616.604722738,1.288795,1.742840,3.032265,339
1598871616.639717340,1.194964,2.832123,4.028167,339
1598871616.671791315,1.286715,3.005475,4.293130,339
1598871616.705360174,1.211664,2.494829,3.707413,339
1598871616.738022089,1.137513,1.741821,2.880584,339
1598871616.770664930,1.314906,1.797900,3.113366,339
1598871616.804463148,1.206644,2.850383,4.057737,339
1598871616.837936163,1.146123,1.762871,2.910054,339
1598871616.873013735,1.184774,1.719250,2.904694,339
1598871616.905368567,1.315505,2.239656,3.555971,339
1598871616.938961506,1.028842,2.548620,3.578132,339
1598871616.971739054,1.165274,1.686400,2.852504,339
1598871617.004496336,1.245495,1.717970,2.964325,339
1598871617.039593458,1.071252,2.981975,4.054147,339
1598871617.072271824,1.277314,2.955885,4.234519,339
1598871617.105309248,1.415226,2.546690,3.962986,339
1598871617.138225317,1.135883,1.755171,2.892054,339
1598871617.179641247,1.195604,1.739350,2.935964,339
1598871617.213341236,1.301375,2.900054,4.202909,339
1598871617.237346172,1.050602,1.730070,2.781542,339
1598871617.272193670,1.173233,1.730591,2.904714,339
1598871617.305821657,1.262615,2.257926,3.521471,339
1598871617.338633060,1.059982,2.591960,3.652722,339
1598871617.370918751,1.184104,1.701670,2.886604,339
1598871617.408892870,1.275105,1.761880,3.037925,339
1598871617.439100504,1.047262,2.924464,3.972876,339
1598871617.470528841,1.107843,3.023555,4.132208,339
1598871617.504827976,1.345556,2.555350,3.901916,339
1598871617.537664890,1.134373,1.733950,2.869173,339
1598871617.571384668,1.117863,1.805031,2.923494,339
1598871617.606733799,1.204244,2.857404,4.062398,339
1598871617.638704777,1.118693,1.738660,2.858173,339
1598871617.672475338,1.199634,1.748821,2.949385,339
1598871617.705800056,1.142103,2.275346,3.418379,339
1598871617.740192890,1.110753,2.538850,3.650293,339
1598871617.772062540,1.210684,1.742350,2.953994,339
1598871617.806925774,1.200544,1.728080,2.929224,339
1598871617.839716434,1.181023,2.902884,4.084487,339
1598871617.872714281,1.290255,3.037416,4.328531,339
1598871617.905284643,1.237454,2.543960,3.782674,339
1598871617.938116074,1.097883,1.774411,2.873304,339
1598871617.972748518,1.349915,1.712860,3.063535,339
1598871618.006884813,1.124393,2.850443,3.976266,339
1598871618.039121389,1.055072,1.739360,2.795152,339
1598871618.072587252,1.215644,1.724140,2.940464,339
1598871618.107543945,1.526628,2.302816,3.830104,339
1598871618.138671637,1.395967,2.666701,4.064168,339
1598871618.172357082,1.283085,1.713010,2.997405,339
1598871618.205247402,1.214814,1.752130,2.967824,339
1598871618.237904549,1.218874,2.936025,4.155589,339
1598871618.272505045,1.317566,2.978494,4.297150,339
1598871618.306125879,1.410077,2.556250,3.967437,339
1598871618.339033127,1.117673,1.722930,2.841673,339
1598871618.373077393,1.332296,1.695239,3.028545,339
1598871618.408510685,1.113233,2.872373,3.986836,339
1598871618.438815832,1.201743,1.730481,2.933144,339
1598871618.472038269,1.109183,1.873752,2.983845,339
1598871618.507708073,1.285885,2.328787,3.615662,339
1598871618.538915157,1.219894,2.679701,3.901055,339
1598871618.573241234,1.285735,1.777531,3.064026,339
1598871618.607096434,1.214334,1.757221,2.972455,339
1598871618.638502598,1.037062,3.043476,4.081208,339
1598871618.673913002,1.375396,3.072766,4.450302,339
1598871618.706678629,1.263155,2.478339,3.742294,339
1598871618.740505695,1.036683,1.712019,2.749432,339
1598871618.771850824,1.376756,1.703800,3.081506,339
1598871618.806376457,1.210524,2.836603,4.048047,339
1598871618.839446545,1.058013,1.728920,2.787723,339
1598871618.873116016,1.219555,1.783401,3.003896,339
1598871618.906716108,1.227615,2.363377,3.591702,339
1598871618.939164400,0.964141,2.615631,3.580772,339
1598871618.973896742,1.222074,1.735040,2.958554,339
1598871619.006047010,1.389587,1.786111,3.176578,339
1598871619.038918495,1.160893,3.005706,4.167149,339
1598871619.072638750,1.407306,3.116836,4.525962,339
1598871619.109609127,1.330616,2.566010,3.897666,339
1598871619.142205238,1.017211,1.742061,2.760593,339
1598871619.176838875,1.294855,1.718370,3.014205,339
1598871619.206093788,1.342035,2.931775,4.276990,339
1598871619.238523960,1.234415,1.757860,2.993185,339
1598871619.277428389,1.416277,1.781260,3.198437,339
1598871619.306432724,1.361076,2.332997,3.694873,339
1598871619.338852644,1.088653,2.580760,3.670303,339
1598871619.440256357,1.019562,1.787791,2.808523,339
1598871619.473719358,1.248094,1.743921,2.992815,339
1598871619.506433725,1.319915,2.960005,4.280640,339
1598871619.539539337,1.031942,2.980185,4.013037,339
1598871619.571934462,1.283335,2.514600,3.799045,339
1598871619.606637239,1.111283,1.691099,2.803242,339
1598871619.639633894,1.099593,1.701110,2.801373,339
1598871619.674454689,1.205624,2.913514,4.119818,339
1598871619.706508160,1.269284,1.790871,3.061735,339
1598871619.739376783,1.060542,1.780621,2.841703,339
1598871619.773328781,1.294595,2.325507,3.621362,339
1598871619.811608553,1.223454,2.595270,3.819964,339
1598871619.839257956,1.124823,1.776351,2.901794,339
1598871619.873471260,1.303106,1.751420,3.055306,339
1598871619.905833006,1.224974,3.016605,4.243089,339
1598871619.938610077,1.073492,2.923814,3.998176,339
1598871619.973170042,1.352106,2.685491,4.039737,339
1598871620.006179094,1.391216,1.805721,3.199657,339
1598871620.039540291,1.098703,1.859852,2.959875,339
1598871620.072507143,1.404836,2.917365,4.323831,339
1598871620.105393410,1.182573,1.823252,3.006905,339
1598871620.140249491,1.072893,1.778750,2.852373,339
1598871620.174489260,1.215104,2.551990,3.768264,339
1598871620.207242727,1.229235,2.600620,3.830665,339
1598871620.239549637,0.939210,1.708640,2.648580,339
1598871620.273558140,1.193924,1.719980,2.914574,339
1598871620.307642221,1.207284,2.934255,4.142429,339
1598871620.340058565,1.101563,2.910284,4.012557,339
1598871620.374970198,1.056042,2.483819,3.540681,339
1598871620.406120777,1.288686,1.773110,3.062956,339
1598871620.440343142,1.027962,1.752680,2.781222,339
1598871620.475252390,1.103093,2.937244,4.041187,339
1598871620.507238865,1.381557,1.870731,3.255268,339
1598871620.541373968,1.148223,1.741801,2.891174,339
1598871620.574674845,1.299236,2.314817,3.615523,339
1598871620.607298613,1.345116,2.673831,4.021497,339
1598871620.640528917,1.206524,1.705140,2.912334,339
1598871620.673659325,1.311645,1.735901,3.048836,339
1598871620.707002878,1.227084,2.940594,4.169018,339
1598871620.740389585,1.135873,3.007755,4.144478,339
1598871620.773362160,1.314906,2.586200,3.901996,339
1598871620.807517052,1.277155,1.776191,3.054716,339
1598871620.841536522,0.984441,1.726970,2.712101,339
1598871620.874626160,1.046722,2.851053,3.898305,339
1598871620.906948566,1.171294,1.749890,2.922134,339
1598871620.940969706,0.936571,1.809871,2.746952,339
1598871620.974890709,1.194504,2.285807,3.480991,339
1598871621.006842852,1.589508,2.836863,4.429091,339
1598871621.040871382,1.073673,1.766020,2.840983,339
1598871621.075234652,1.374766,1.775160,3.151526,339
1598871621.107513905,1.186384,2.959025,4.146299,339
1598871621.140962601,1.177014,3.135807,4.313671,339
1598871621.173599005,1.164783,2.543570,3.709523,339
1598871621.208007574,1.273675,1.741650,3.016575,339
1598871621.240743160,1.154344,1.788811,2.944055,339
1598871621.274171829,1.343855,2.876294,4.220609,338
1598871621.309307337,1.192094,1.761550,2.954774,338
1598871621.340356827,1.126564,1.721040,2.848314,338
1598871621.374338150,1.339406,2.386147,3.726933,338
1598871621.405982018,1.303505,2.568070,3.872505,338
1598871621.439985752,1.327116,1.801591,3.131217,338
1598871621.473949432,1.244365,1.766830,3.013405,338
1598871621.508035421,1.288235,3.002955,4.291970,338
1598871621.539768696,1.098553,2.963824,4.063457,338
1598871621.574331760,1.280135,2.498490,3.779775,338
1598871621.606744051,1.538408,1.737351,3.276589,338
1598871621.640424013,1.547288,1.738621,3.286849,338
1598871621.674426317,1.624859,2.850033,4.475852,338
1598871621.706860304,1.530928,1.811681,3.344549,338
1598871621.739763737,1.113943,1.775640,2.890453,338
1598871621.774012566,1.086873,2.298077,3.385790,338
1598871621.806304216,1.099343,2.530530,3.630583,338
1598871621.839778900,1.044622,1.710530,2.756132,338
1598871621.872896194,1.317416,1.751280,3.069486,338
1598871621.907701254,1.183183,2.939745,4.123728,338
1598871621.940299988,0.966001,3.033166,3.999967,338
1598871621.973514795,1.158273,2.489929,3.649222,338
1598871622.006885529,1.300765,1.739660,3.042216,338
1598871622.039527655,1.171574,1.997973,3.170217,338
1598871622.074692249,1.188804,3.110916,4.300810,338
1598871622.107223749,1.541468,1.731181,3.274059,338
1598871622.140602589,1.150933,1.778691,2.930254,338
1598871622.174585104,1.322226,2.244826,3.567842,338
1598871622.209012270,1.302965,2.600881,3.904696,338
1598871622.241237640,1.061002,1.728201,2.790343,338
1598871622.274282217,1.287484,1.741021,3.029565,338
1598871622.309081078,1.239164,2.972005,4.211839,338
1598871622.341665983,1.037962,2.940815,3.979637,338
1598871622.374197960,1.076903,2.549929,3.628272,338
1598871622.407854795,1.279615,1.785771,3.066306,338
1598871622.441399574,1.130473,1.734930,2.866313,338
1598871622.478994608,1.197634,2.801763,4.000197,338
1598871622.506778240,1.307785,1.829202,3.138387,338
1598871622.540951729,1.055562,1.682760,2.739242,338
1598871622.573770285,1.110533,2.367448,3.479131,338
1598871622.607570648,1.170714,2.633151,3.804975,338
1598871622.641666174,1.099083,1.769840,2.869713,338
1598871622.674726486,1.506288,1.850461,3.358799,338
1598871622.707211256,1.263735,2.938734,4.203149,338
1598871622.740377903,1.075193,3.019315,4.095408,338
1598871622.773288488,1.164833,2.528440,3.694143,338
1598871622.807141781,1.293595,1.749801,3.044956,338
1598871622.846436501,1.100723,1.713610,2.815073,338
1598871622.879134178,1.155674,3.005175,4.161369,338
1598871622.909795761,1.306416,1.725270,3.032796,338
1598871622.941734314,1.193524,1.786381,2.980445,338
1598871622.975312948,1.324655,2.501770,3.828655,338
1598871623.009264946,1.280265,2.638521,3.919486,338
1598871623.041650295,1.177924,1.744170,2.923044,338
1598871623.074938774,1.400226,1.779331,3.180727,338
1598871623.107508898,1.411987,2.906384,4.319121,338
1598871623.140978813,1.062603,3.123916,4.187119,338
1598871623.174345732,1.207734,2.577640,3.786344,338
1598871623.207587957,1.217204,1.706640,2.925064,338
1598871623.242485523,1.296065,1.715720,3.012795,338
1598871623.274207830,1.194953,2.821983,4.017716,338
1598871623.308655977,1.318395,1.711390,3.031045,338
1598871623.341376781,1.050532,1.945123,2.996625,338
1598871623.374905825,1.244225,2.287506,3.532661,338
1598871623.408822060,1.104723,2.608130,3.713613,338
1598871623.441796303,1.080552,1.713541,2.794913,338
1598871623.474119425,1.177813,1.718940,2.897573,338
1598871623.509282589,1.236784,2.947335,4.184999,338
1598871623.541552305,1.205744,2.558170,3.764744,338
1598871623.575542688,1.167914,2.228366,3.397100,338
1598871623.609251738,1.096153,1.703490,2.800503,338
1598871623.642159224,1.179424,1.695460,2.875554,338
1598871623.675652981,1.147584,2.823523,3.971767,338
1598871623.707406521,1.400016,1.754081,3.155047,338
1598871623.742181063,1.146563,1.751321,2.898734,338
1598871623.776031494,1.318445,2.322527,3.641842,338
1598871623.808593512,1.319295,2.563590,3.883825,338
1598871623.842169523,1.075932,1.708020,2.784742,338
1598871623.876655102,1.358886,1.758711,3.118267,338
1598871623.908378363,1.229694,2.935205,4.165609,338
1598871623.943035126,1.194913,2.548890,3.744593,338
1598871623.975090027,1.134123,2.218026,3.353109,338
1598871624.008387566,1.280455,1.721871,3.007716,338
1598871624.042881250,1.086432,1.759481,2.846543,338
1598871624.074947357,1.118153,2.969714,4.088737,338
1598871624.108225346,1.367106,1.746570,3.114816,338
1598871624.141713142,1.053363,1.745900,2.799993,338
1598871624.176852703,1.146844,2.484469,3.632983,338
1598871624.208930492,1.355685,2.545260,3.901885,338
1598871624.242751598,1.076542,1.742651,2.820043,338
1598871624.275514126,1.258914,1.729271,2.988715,338
1598871624.314570665,1.141463,2.882784,4.025207,338
1598871624.343154669,1.036012,2.506979,3.543841,338
1598871624.375181437,1.359026,2.156195,3.515901,338
1598871624.409048796,1.154184,1.713180,2.868304,338
1598871624.441573143,1.069983,1.735870,2.806603,338
1598871624.476032257,1.118843,2.823983,3.943466,338
1598871624.511426687,1.292195,1.738780,3.031845,338
1598871624.542603016,1.168094,1.775110,2.944604,338
1598871624.577198744,1.300585,2.335738,3.636973,338
1598871624.609181881,1.397827,2.573640,3.972317,338
1598871624.643358469,1.049312,1.722570,2.772642,338
1598871624.674801111,1.186954,1.760410,2.948054,338
1598871624.707838774,1.188914,2.893044,4.082598,338
1598871624.741197109,1.078903,2.564520,3.644343,338
1598871624.774973154,1.386236,2.212066,3.599012,338
1598871624.808817148,1.197114,1.747080,2.944964,338
1598871624.842081070,1.099503,1.759450,2.860223,338
1598871624.875356674,1.107923,2.843713,3.952296,338
1598871624.912672758,1.192734,1.753221,2.946715,338
1598871624.942253113,1.207514,1.745021,2.953285,338
1598871624.980324507,1.212664,2.321027,3.534441,338
1598871625.010193110,1.255374,2.535770,3.791924,338
1598871625.043097734,1.217965,1.716440,2.935035,338
1598871625.075002909,1.140814,1.742690,2.884414,338
1598871625.108058929,1.165763,2.814863,3.981246,338
1598871625.141777515,1.012922,2.527169,3.540861,338
1598871625.174486637,1.269975,2.261417,3.532162,338
1598871625.208596706,1.234474,1.747861,2.983135,338
1598871625.242439985,1.180174,1.794411,2.975675,338
1598871625.276318550,1.188213,2.851664,4.040597,338
1598871625.310345888,1.335356,1.742670,3.078896,338
1598871625.343341351,1.143593,1.758161,2.902654,338
1598871625.377553940,1.297275,2.383338,3.681233,338
1598871625.411114454,1.241544,2.549350,3.791834,338
1598871625.443420172,1.057572,1.696630,2.754972,338
1598871625.478852272,1.101573,1.755201,2.857854,338
1598871625.509683132,1.097643,2.984165,4.082418,338
1598871625.543207645,1.151494,2.564340,3.716664,338
1598871625.576492071,1.381446,2.206786,3.589042,338
1598871625.612301826,1.182614,1.754440,2.937934,338
1598871625.643850088,1.206365,1.705369,2.912414,338
1598871625.676561832,1.340995,3.127137,4.469092,338
1598871625.709128857,1.272725,1.771471,3.045156,338
1598871625.743116140,1.740840,2.054144,3.798294,338
1598871625.777036667,1.743110,2.394478,4.138878,338
1598871625.809999466,1.732030,3.047155,4.779885,338
1598871625.843669415,1.307775,1.698330,3.007795,338
1598871625.875627756,1.301255,1.772281,3.074386,338
1598871625.910461187,1.231354,2.895164,4.127478,338
1598871625.946564436,1.043213,2.608640,3.652473,338
1598871625.978420734,1.405657,2.330927,3.738024,338
1598871626.011620760,1.262025,1.753471,3.018266,338
1598871626.043184757,0.928501,1.718680,2.647771,338
1598871626.075592279,1.120303,2.979255,4.100508,338
1598871626.110267401,1.277444,1.766661,3.045015,338
1598871626.142646551,1.186293,1.849602,3.036865,338
1598871626.176669598,1.363586,2.298006,3.662592,338
1598871626.209516764,1.379446,2.696881,4.077087,338
1598871626.243370295,1.300675,1.701220,3.002915,338
1598871626.277243137,1.172264,1.775671,2.948895,338
1598871626.310995817,1.200355,2.870173,4.071328,338
1598871626.343873262,1.126533,2.594741,3.722134,338
1598871626.377256870,1.319866,2.267326,3.588072,338
1598871626.409394979,1.446597,1.700190,3.147737,338
1598871626.443563700,1.283645,1.841011,3.125776,338
1598871626.477497816,1.287346,2.951254,4.239560,338
1598871626.509829044,1.205654,1.725630,2.932384,338
1598871626.543561459,1.154934,1.714370,2.870034,338
1598871626.576856136,1.344276,2.853023,4.198199,338
1598871626.611339808,1.362966,2.535480,3.899486,338
1598871626.643246412,1.165934,1.778551,2.945535,338
1598871626.676333666,1.393056,1.756211,3.150317,338
1598871626.709427357,1.235294,2.994975,4.232399,338
1598871626.742969275,1.185354,2.607110,3.793394,338
1598871626.776401043,1.275705,2.261707,3.538642,338
1598871626.809458256,1.189564,1.723040,2.913494,338
1598871626.842458487,0.950541,1.711441,2.662842,338
1598871626.877644062,1.142433,2.790643,3.934266,338
1598871626.910208702,1.514788,1.725920,3.241508,338
1598871626.943114042,1.268694,1.734681,3.004205,338
1598871626.977658033,1.317756,2.242806,3.561462,338
1598871627.010667086,1.485997,2.711232,4.198269,338
1598871627.044042826,1.463407,1.715660,3.179917,338
1598871627.077150822,1.495208,1.763110,3.259278,338
1598871627.109591722,1.415566,2.860793,4.277109,338
1598871627.144582987,1.139993,2.622951,3.764154,338
1598871627.177525997,1.275785,2.242286,3.518941,338
1598871627.210937977,1.185103,1.717150,2.902853,338
1598871627.244300842,1.045042,1.703510,2.749182,338
1598871627.277270794,1.275925,2.873054,4.150239,338
1598871627.310152531,1.190704,1.719190,2.910754,338
1598871627.343805790,1.134103,1.732340,2.867263,338
1598871627.377382755,1.076782,2.407268,3.484600,338
1598871627.410989285,1.329655,2.654301,3.984936,338
1598871627.443954706,1.054202,1.740860,2.796072,338
1598871627.477375746,1.227514,1.738751,2.967025,338
1598871627.510366440,1.169134,2.878783,4.048857,338
1598871627.542835474,1.319815,2.562080,3.882825,338
1598871627.576326132,1.239804,2.209936,3.450530,338
1598871627.609688282,1.208874,1.772101,2.982115,338
1598871627.644437075,1.090793,1.708280,2.799963,338
1598871627.678409576,1.387246,3.028536,4.416982,338
1598871627.710848093,1.425136,1.711660,3.137636,338
1598871627.744054317,1.173624,1.752131,2.926625,338
1598871627.776922941,1.221374,2.273667,3.496011,338
1598871627.811062336,1.374657,2.672741,4.047978,338
1598871627.844717741,1.103443,1.701770,2.806133,338
1598871627.878672361,1.080003,1.759410,2.840183,338
1598871627.913383722,1.150863,2.956735,4.108438,338
1598871627.948324442,1.216144,2.624630,3.841644,338
1598871627.977018833,1.191844,2.181745,3.374389,338
1598871628.012389183,1.089942,1.714500,2.805292,338
1598871628.048366785,1.067262,1.719910,2.787992,338
1598871628.079106808,1.168264,2.916984,4.086218,338
1598871628.115919113,1.192344,1.751971,2.945115,338
1598871628.145149946,1.049992,1.727680,2.778242,338
1598871628.151027203,1.123893,2.281877,3.406520,338
1598871628.177963018,1.248695,2.592270,3.841855,338
1598871628.210642338,1.110953,1.796811,2.909364,338
1598871628.243668318,1.052613,1.807791,2.861084,338
1598871628.277296305,1.121814,2.918284,4.040898,338
1598871628.310428619,1.178224,2.544580,3.723554,338
1598871628.343999624,1.118963,2.240926,3.360969,338
1598871628.377818584,1.287415,1.764801,3.052936,338
1598871628.410734653,1.048672,1.696080,2.745452,338
1598871628.444402218,1.464747,2.948064,4.413621,338
1598871628.477850199,1.233604,1.790411,3.024805,338
1598871628.510751486,1.260105,1.755410,3.016155,338
1598871628.543919563,1.193513,2.701152,3.897145,338
1598871628.577739954,1.422857,2.606800,4.030547,338
1598871628.611991644,1.322296,1.828621,3.151937,338
1598871628.645241261,1.159314,1.744420,2.904704,338
1598871628.679017305,0.961711,2.855553,3.818354,338
1598871628.712513208,1.182074,2.549380,3.732214,338
1598871628.745109081,1.096093,2.211675,3.308578,338
1598871628.777192354,1.010962,1.691380,2.703052,338
1598871628.811217546,1.147013,1.748480,2.896233,338
1598871628.846364975,1.009361,2.867374,3.877645,338
1598871628.880493402,1.052233,1.800561,2.853544,338
1598871628.913412333,1.222504,1.824151,3.048035,338
1598871628.945291519,1.174703,2.310987,3.486180,338
1598871628.977470875,1.282015,2.587601,3.870896,338
1598871629.013010502,1.024102,1.709930,2.734772,338
1598871629.045835972,1.110633,1.733170,2.844563,338
1598871629.079764366,1.113083,2.874653,3.988316,338
1598871629.110557556,1.062122,2.511919,3.575011,338
1598871629.146301508,1.165494,2.242756,3.409030,338
1598871629.180069447,1.099843,1.775421,2.875914,338
1598871629.211916924,1.194454,1.723410,2.918634,338
1598871629.244542599,1.167923,2.914214,4.084407,338
1598871629.278213263,0.999332,1.734910,2.735122,338
1598871629.311335564,0.938941,1.722610,2.662011,338
1598871629.344676018,1.132343,2.335317,3.468450,338
1598871629.378511429,1.232025,2.620120,3.853735,338
1598871629.411853075,1.017672,1.705860,2.724442,338
1598871629.445481539,1.168033,1.719620,2.888403,338
1598871629.479929447,1.168054,2.946804,4.115518,338
1598871629.511686087,1.160423,2.704442,3.866155,338
1598871629.544908285,1.205734,2.445788,3.655302,338
1598871629.578562021,1.140463,1.719480,2.861033,338
1598871629.612455368,1.106903,1.727090,2.834663,338
1598871629.644847870,1.233675,2.860033,4.094508,338
1598871629.677911043,0.978312,1.755910,2.735852,338
1598871629.712327957,1.127203,1.813492,2.941555,338
1598871629.744461060,1.109273,2.332817,3.442650,338
1598871629.779757977,1.105323,2.566620,3.672753,338
1598871629.812076330,1.023232,1.699110,2.723112,338
1598871629.846187830,1.124523,1.737340,2.862623,338
1598871629.879389524,1.147153,2.837793,3.985606,338
1598871629.912837982,1.038482,2.606950,3.646252,338
1598871629.946088791,1.056612,2.210136,3.267508,338
1598871629.978145599,1.072833,1.768960,2.843013,338
1598871630.011907101,1.194484,1.731440,2.926824,338
1598871630.045579910,1.283344,2.852374,4.136638,338
1598871630.077929974,1.173114,2.069464,3.243788,338
1598871630.111572981,1.080873,1.749930,2.831903,338
1598871630.145041466,1.050692,2.278767,3.330399,338
1598871630.178309917,1.181784,2.842533,4.025587,338
1598871630.212428331,1.299645,1.728210,3.028805,338
1598871630.245393515,0.982192,1.772891,2.756153,338
1598871630.278237581,1.097173,2.911984,4.010127,338
1598871630.312932968,1.023822,2.549260,3.573982,338
1598871630.345548153,1.192234,2.212685,3.405739,338
1598871630.378755331,1.181684,1.742840,2.925144,338
1598871630.412817717,1.117773,1.735210,2.853833,338
1598871630.445146322,0.968171,2.869014,3.838305,338
1598871630.478560448,1.154993,1.734820,2.891423,338
1598871630.512390375,1.063692,1.720840,2.785572,338
1598871630.545909166,1.043562,2.259357,3.303609,338
1598871630.578607082,1.048473,2.537809,3.587092,338
1598871630.612323284,1.197004,1.721820,2.920364,338
1598871630.645949841,1.183884,1.825462,3.009816,338
1598871630.678937674,1.159024,2.890533,4.050447,338
1598871630.711385489,1.086733,2.693031,3.780684,338
1598871630.746095896,1.067803,2.315567,3.384850,338
1598871630.779780865,1.185084,1.740830,2.926794,338
1598871630.818373680,1.047783,1.737300,2.785773,338
1598871630.846264601,1.138133,2.822853,3.961586,338
1598871630.880617619,1.134023,1.711750,2.846613,338
1598871630.912782431,0.964651,1.731050,2.696581,338
1598871630.945328236,1.040962,2.238916,3.280528,338
1598871630.979513645,1.081153,2.522910,3.605043,338
1598871631.012859583,1.084392,1.765181,2.850463,338
1598871631.045687199,1.108383,1.783111,2.892984,338
1598871631.079497337,1.155924,2.897124,4.053818,338
1598871631.112665415,1.166524,2.566970,3.734694,338
1598871631.145079136,1.434607,2.192565,3.627952,338
1598871631.179229736,1.560559,1.732150,3.294799,338
1598871631.212236404,1.521258,1.711590,3.233608,338
1598871631.245366096,1.717560,3.088216,4.808816,338
1598871631.279647112,1.702550,2.122104,3.829084,338
1598871631.313132763,1.731361,2.090414,3.824195,338
1598871631.345642805,1.774970,2.575810,4.354831,338
1598871631.378813028,1.609999,2.868383,4.480962,338
1598871631.413058281,1.787371,1.828942,3.617683,338
1598871631.446390629,1.650230,2.184435,3.835905,338
1598871631.479218721,1.809721,3.367159,5.181610,338
1598871631.512842417,1.754711,3.798354,5.557535,338
1598871631.545603514,1.734101,3.321608,5.059889,338
1598871631.579372168,1.785081,2.101764,3.890965,338
1598871631.613225698,1.827022,2.063494,3.893066,338
1598871631.647500992,1.867922,3.769224,5.640976,338
1598871631.679982901,1.532978,1.910443,3.448151,338
1598871631.713022947,1.396916,2.119515,3.520201,338
1598871631.745515108,1.585798,2.738822,4.328970,338
1598871631.778680325,1.187193,2.772363,3.963266,338
1598871631.812742472,1.309565,1.815231,3.128256,338
1598871631.846982241,1.075162,1.847012,2.923134,338
1598871631.880174875,1.225684,2.953405,4.180259,338
1598871631.915314198,1.032832,3.079286,4.113288,338
1598871631.946359396,1.165863,2.598431,3.765264,338
1598871631.979201317,1.194854,1.720690,2.916904,338
1598871632.012297869,1.152213,1.749670,2.903353,338
1598871632.047226191,1.212034,2.942804,4.155758,338
1598871632.079740047,1.115553,1.692630,2.809053,338
1598871632.113591433,1.175044,1.761120,2.937814,338
1598871632.145975828,1.313955,2.286147,3.601062,338
1598871632.179477453,1.064082,2.583600,3.648812,338
1598871632.212878942,1.140274,1.731920,2.872974,338
1598871632.246339083,1.036442,1.753371,2.792253,338
1598871632.280504942,1.125033,3.232758,4.358541,338
1598871632.313935518,1.153764,3.249038,4.403792,338
1598871632.347613811,1.093352,2.572780,3.666832,338
1598871632.380032778,1.155663,1.701390,2.858233,338
1598871632.412427902,1.295035,1.725860,3.022385,338
1598871632.445907831,0.973801,2.822163,3.796994,338
1598871632.480635643,1.189554,1.750210,2.940784,338
1598871632.513195038,1.153373,1.749321,2.903824,338
1598871632.545919657,1.118403,2.281816,3.401139,338
1598871632.579763651,1.271265,2.536200,3.808185,338
1598871632.619102716,1.125703,1.811031,2.937424,338
1598871632.649277925,1.091283,1.752250,2.844403,338
1598871632.681500673,1.150203,3.188607,4.339250,338
1598871632.715166092,1.231185,2.637380,3.869375,338
1598871632.746741772,1.064833,2.157955,3.223428,338
1598871632.782977819,1.337556,1.759370,3.097526,338
1598871632.815227270,1.115563,1.704819,2.821072,338
1598871632.846771002,1.100683,2.864943,3.966266,338
1598871632.879910469,1.226464,1.734611,2.961835,338
1598871632.913980961,1.159893,1.758251,2.918864,338
1598871632.947115660,1.108133,2.464499,3.573592,338
1598871632.980648041,1.237405,2.532149,3.770444,338
1598871633.019619226,1.233645,1.735920,2.970765,338
1598871633.047301292,0.957321,1.719180,2.677181,338
1598871633.081417322,1.314685,2.844843,4.160038,338
1598871633.114689827,1.150914,3.021865,4.173579,338
1598871633.148346424,1.208584,2.530730,3.740204,338
1598871633.181580067,1.222574,1.688050,2.911434,338
1598871633.214153767,1.245215,1.761930,3.008015,338
1598871633.246694326,1.145124,2.969594,4.115338,338
1598871633.280986309,1.294115,1.752801,3.047676,338
1598871633.314326763,1.155624,1.754730,2.911174,338
1598871633.346994162,1.201244,2.338338,3.540232,338
1598871633.380296230,1.210684,2.586620,3.798074,338
1598871633.413817406,1.333946,1.731290,3.066076,338
1598871633.447548866,1.328256,1.734150,3.063086,338
1598871633.481528997,1.167533,2.869824,4.038737,338
1598871633.514619350,1.300315,2.995195,4.296280,338
1598871633.547620535,1.032442,2.590321,3.623793,338
1598871633.581012011,1.265255,1.837921,3.104846,338
1598871633.613718748,1.301975,1.728170,3.031505,338
1598871633.646418333,1.106803,3.139627,4.247380,338
1598871633.681401491,1.306106,1.721960,3.029026,338
1598871633.714322329,1.160313,1.754481,2.915544,338
1598871633.748428822,1.171234,2.327067,3.499081,338
1598871633.781782150,1.134664,2.585480,3.720974,338
1598871633.815804243,1.590038,1.735021,3.325849,338
1598871633.847759724,1.308066,1.719170,3.028216,338
1598871633.887604237,1.197444,2.853023,4.051387,338
1598871633.913030863,1.296375,2.990095,4.287220,338
1598871633.949033260,1.168694,2.640390,3.810374,338
1598871633.980844736,1.363876,1.752920,3.117426,338
1598871634.015058041,1.910592,1.812901,3.724283,338
1598871634.046698332,1.678900,2.930924,4.610534,338
1598871634.080855370,1.654719,1.754180,3.409689,338
1598871634.114871502,1.369276,1.786301,3.156537,338
1598871634.147483349,1.299015,2.446038,3.745653,338
1598871634.182016373,1.447297,2.515719,3.963896,338
1598871634.214098692,1.432877,1.689240,3.122897,338
1598871634.247249603,1.639439,2.730162,4.371201,338
1598871634.280341625,2.183555,3.079536,5.265782,338
1598871634.313491583,2.005673,2.902954,4.909577,338
1598871634.347419024,1.578329,2.286886,3.866135,338
1598871634.381263256,1.769680,2.191036,3.961416,338
1598871634.414268255,1.554218,1.876702,3.432870,337
1598871634.447934389,1.623069,3.037015,4.661474,337
1598871634.480480909,1.655529,1.787801,3.444140,337
1598871634.514353275,1.252234,1.741680,2.995724,337
1598871634.547651529,1.168234,2.413238,3.582462,337
1598871634.581778288,1.270375,2.709511,3.981396,337
1598871634.615704298,1.326805,1.743741,3.071276,337
1598871634.647798300,1.140874,1.782240,2.924384,337
1598871634.681195259,1.202494,2.967914,4.170988,337
1598871634.714013338,1.358676,2.616481,3.976027,337
1598871634.750702143,1.119713,2.361937,3.482440,337
1598871634.780302048,1.366206,1.810771,3.179277,337
1598871634.814711571,1.149274,1.788141,2.937985,337
1598871634.848305225,1.338636,3.026165,4.366651,337
1598871634.881167650,1.243534,1.804111,3.048625,337
1598871634.914698362,1.463897,1.746730,3.211787,337
1598871634.948294640,1.302925,2.592561,3.896946,337
1598871634.981803656,1.300635,2.877744,4.179229,334
1598871635.015489340,1.235524,2.686921,3.923205,328
1598871635.048789978,1.437217,2.229876,3.669153,327
1598871635.082294703,1.290215,3.257568,4.548713,322
1598871635.114640474,1.387936,2.432709,3.821505,323
1598871635.150233746,1.378086,2.598580,3.977616,325
1598871635.182572126,1.473277,2.015253,3.489290,308
1598871635.215563059,1.401696,2.626761,4.029197,321
1598871635.249661922,1.705200,2.738592,4.444752,320
1598871635.281785488,1.495308,2.543659,4.039977,318
1598871635.316714764,1.402366,3.723814,5.127040,323
1598871635.348932028,1.323026,2.653551,3.977467,322
1598871635.382031202,1.413776,3.667773,5.082649,310
1598871635.415592909,1.504827,2.814643,4.320350,306
1598871635.449532986,1.206744,2.786253,3.993937,306
1598871635.483935356,1.522868,2.920744,4.444542,302
1598871635.515781403,1.383026,3.408170,4.791946,302
1598871635.548774958,1.225585,4.601263,5.827678,306
1598871635.580832005,1.245554,3.194798,4.441512,307
1598871635.615735769,1.389876,2.822773,4.213489,307
1598871635.651424646,1.331855,1.849742,3.182318,307
1598871635.682399273,1.287285,3.006435,4.294360,309
1598871635.714715004,1.317245,3.642852,4.960907,314
1598871635.749192953,1.249835,1.704449,2.955034,320
1598871635.782476902,1.259415,2.784102,4.044187,320
1598871635.815313816,1.288485,2.497399,3.786714,324
1598871635.849743366,1.344876,2.694301,4.040027,330
1598871635.883275986,1.443397,3.406619,4.850676,332
1598871635.916329145,1.621209,3.454130,5.076169,329
1598871635.948820829,1.202244,4.480893,5.683987,357
1598871635.981650114,1.265525,2.987255,4.253800,355
1598871636.014978647,1.239334,2.539220,3.779444,355
1598871636.048750162,1.272685,2.375448,3.648873,355
1598871636.082815647,1.348826,3.244898,4.594324,354
1598871636.115599871,1.387016,3.851505,5.239581,354
1598871636.150712013,1.231565,1.678739,2.911044,354
1598871636.182165623,1.394316,2.873384,4.268490,354
1598871636.216436386,1.246484,2.521420,3.768794,353
1598871636.249101400,1.482617,2.976375,4.459742,352
1598871636.282125711,1.485377,3.509821,4.996218,350
1598871636.315288305,1.580058,4.401642,5.982540,350
1598871636.348946810,1.413176,4.230490,5.644436,350
1598871636.382001638,1.492668,3.264718,4.758206,350
1598871636.415504694,1.464697,2.536879,4.002456,350
1598871636.448938370,1.682139,2.566950,4.251129,350
1598871636.483073235,1.529458,2.892123,4.422281,350
1598871636.516727209,1.211495,3.092346,4.305471,350
1598871636.549236536,1.620959,2.270426,3.893935,350
1598871636.582473993,1.861341,3.549382,5.414073,350
1598871636.616795063,1.651639,2.941154,4.596753,350
1598871636.651200056,1.568068,3.422240,4.994428,349
1598871636.683118582,1.617959,3.738093,5.358402,349
1598871636.715055227,1.626149,4.472582,6.103021,344
1598871636.748570204,1.581848,3.409650,4.997278,344
1598871636.784277439,1.531018,2.625251,4.160039,344
1598871636.817651987,1.701709,2.733332,4.438231,344
1598871636.851811647,1.559818,2.612770,4.175918,344
1598871636.882095814,1.681299,2.788063,4.471402,344
1598871636.916707516,1.509847,2.752152,4.263109,344
1598871636.950785160,1.319566,1.742880,3.063726,344
1598871636.984362602,1.298985,2.681522,3.981477,344
1598871637.017140150,1.265245,2.455748,3.722143,344
1598871637.051222086,1.169913,2.469859,3.640552,344
1598871637.084725142,1.182903,3.316539,4.500382,344
1598871637.118573904,1.234985,3.350439,4.587124,344
1598871637.152022362,1.230644,2.637621,3.869275,344
1598871637.185393810,1.383887,2.508939,3.894276,344
1598871637.220031500,1.280575,2.397748,3.679633,344
1598871637.253848314,1.217574,2.045634,3.263828,344
1598871637.286128998,1.277425,2.640311,3.919026,344
1598871637.320375204,1.117603,2.640831,3.759124,344
1598871637.353718042,1.079162,1.697170,2.777282,344
1598871637.386544466,1.193764,2.666641,3.861125,344
1598871637.422298193,1.318296,2.507549,3.826635,344
1598871637.454159498,1.198914,2.504039,3.703703,344
1598871637.488373518,1.178164,3.087566,4.266520,344
1598871637.522456169,1.288455,3.395999,4.685274,344
1598871637.556391478,1.219424,2.506369,3.726713,344
1598871637.590704679,1.697509,2.491470,4.190989,344
1598871637.622107744,1.484337,2.377468,3.862925,344
1598871637.656625032,1.279395,1.892232,3.172317,344
1598871637.690611601,1.338675,2.441369,3.780794,344
1598871637.723003149,1.598119,2.581670,4.180569,344
1598871637.759136438,1.390176,1.686760,3.077596,344
1598871637.790914536,1.421957,2.624661,4.047338,344
1598871637.823867083,1.356346,2.511549,3.868555,344
1598871637.857765913,1.182604,2.507549,3.691303,344
1598871637.892198324,1.374836,2.730022,4.105448,344
1598871637.924551964,1.228614,2.949214,4.178598,344
1598871637.958985806,1.110273,2.423278,3.534331,344
1598871637.992061377,1.294285,2.371668,3.666603,344
1598871638.026351452,1.363716,1.919822,3.284388,344
1598871638.060064554,1.251104,2.015014,3.266728,344
1598871638.094049454,1.428287,2.455308,3.884475,344
1598871638.127554417,1.319766,2.600540,3.922536,344
1598871638.160517931,1.327905,1.715631,3.044426,344
1598871638.193986654,1.190214,2.511989,3.702943,344
1598871638.234869719,1.162943,2.430968,3.594511,344
1598871638.261390924,1.128253,2.730312,3.859425,344
1598871638.294690609,1.417737,2.689801,4.109358,344
1598871638.328947544,1.284705,2.912034,4.197479,344
1598871638.362304211,1.248075,2.410708,3.659573,344
1598871638.395112276,1.349106,2.300047,3.649953,344
1598871638.428598404,1.185094,1.924472,3.110486,344
1598871638.463031292,1.083223,2.005794,3.089637,344
1598871638.496009111,1.099483,2.425628,3.525801,344
1598871638.530347586,1.334285,2.603631,3.940076,344
1598871638.563707829,1.389386,1.673419,3.063706,344
1598871638.597499847,1.201214,2.463769,3.665713,344
1598871638.631199121,1.330746,2.404988,3.736604,344
1598871638.664358616,1.322786,2.480859,3.804325,344
1598871638.698294640,1.219104,2.691072,3.910896,344
1598871638.731809139,1.378606,2.781822,4.161148,344
1598871638.765252829,1.470627,2.421758,3.893065,341
1598871638.798524857,1.364826,2.200905,3.566901,341
1598871638.842115879,1.198884,1.779381,2.979125,341
1598871638.865338326,1.505187,1.828762,3.334689,341
1598871638.900267601,1.430047,2.350538,3.781935,341
1598871638.935167074,1.158984,2.411128,3.570992,341
1598871638.967710972,1.256094,1.587519,2.844403,341
1598871639.001009703,1.219114,2.451078,3.670922,341
1598871639.034173727,1.238875,2.566630,3.806355,341
1598871639.067331076,1.268285,2.377438,3.647163,341
1598871639.100579977,1.246755,2.895404,4.142979,341
1598871639.134946346,1.203804,2.955074,4.159688,341
1598871639.167172194,1.137763,2.412858,3.551411,341
1598871639.201155424,1.323276,2.281486,3.605552,341
1598871639.234822750,1.256645,1.849182,3.106717,341
1598871639.266463518,1.206294,1.566768,2.773932,341
1598871639.301018238,1.221334,2.490139,3.712123,341
1598871639.339758635,1.210684,2.516539,3.728183,341
1598871639.366223335,1.229165,1.621779,2.851654,341
1598871639.398754358,1.153713,2.344268,3.498771,341
1598871639.433090687,1.198145,1.496817,2.698172,341
1598871639.467454910,1.464307,2.690682,4.155749,335
1598871639.503442049,1.416317,2.572380,3.990077,345
1598871639.533987045,1.304865,3.051986,4.357661,345
1598871639.565522909,1.312555,1.460527,2.773762,345
1598871639.601631403,1.324716,1.058992,2.384398,345
1598871639.633184671,1.246864,1.370677,2.618331,345
1598871639.665560246,1.288105,0.720889,2.009774,345
1598871639.699131250,1.221864,1.441887,2.664421,345
1598871639.732987642,1.249345,2.465618,3.715843,345
1598871639.765561342,1.403477,1.022311,2.426578,345
1598871639.799423933,1.219434,2.706502,3.926616,345
1598871639.833628654,1.262004,2.495169,3.758003,343
1598871639.866727829,1.364766,3.133416,4.498842,343
1598871639.899624109,1.577248,6.118862,7.697240,343
1598871639.933310032,1.303065,2.202416,3.506321,343
1598871639.967133999,1.256014,3.210358,4.467132,343
1598871639.999196768,1.340976,2.349847,3.692003,341
1598871640.038373470,1.646620,1.739500,3.387040,338
1598871640.068435907,1.375206,1.625039,3.000925,381
1598871640.100851297,1.571698,2.860884,4.437082,380
1598871640.136687040,1.324705,2.831253,4.156818,376
1598871640.167968988,1.486457,1.678230,3.165277,374
1598871640.200845003,1.621198,2.466689,4.088737,365
1598871640.238550901,1.458237,2.489739,3.949506,355
1598871640.268478394,1.542578,2.698081,4.241459,336
1598871640.301437855,1.382516,6.433775,7.817171,334
1598871640.333846569,1.482668,1.881941,3.365639,363
1598871640.368649006,1.423177,3.477210,4.901197,361
1598871640.400804996,1.444476,2.189746,3.634992,353
1598871640.434008598,1.370445,3.545802,4.917027,350
1598871640.467362404,1.360976,1.570029,2.932025,342
1598871640.499841928,1.467168,2.580450,4.048338,333
1598871640.534005642,1.293185,3.045225,4.339220,367
1598871640.567497730,1.433917,1.794950,3.229547,365
1598871640.600806475,1.491857,2.402128,3.894925,361
1598871640.633500099,1.379246,2.287656,3.668092,355
1598871640.666902304,1.435807,2.937004,4.373411,350
1598871640.701443911,1.285395,5.278072,6.564277,347
1598871640.733242750,1.422747,2.099274,3.523001,339
1598871640.766111135,1.452037,3.097747,4.550514,334
1598871640.800925732,1.471167,2.316527,3.788474,349
1598871640.834516764,1.517558,3.339239,4.857767,344
1598871640.866776228,1.387126,1.650690,3.038896,343
1598871640.901609898,1.393036,3.602192,4.995928,341
1598871640.968008518,1.781921,2.311517,4.094558,331
1598871641.000833988,1.629199,1.483808,3.114577,369
1598871641.034536362,1.404546,2.044564,3.450650,368
1598871641.067826033,1.276865,2.595810,3.873445,365
1598871641.101001501,1.274395,2.629520,3.904855,364
1598871641.134419441,1.326485,3.585932,4.913177,361
1598871641.167197943,1.357406,2.345628,3.703944,361
1598871641.200001717,1.287515,3.138306,4.426701,360
1598871641.233496904,1.331026,2.114884,3.446790,355
1598871641.268265009,1.158903,2.719052,3.878705,353
1598871641.301168442,1.360826,1.721530,3.083006,351
1598871641.334409714,1.366926,3.093316,4.461282,350
1598871641.368073463,1.256574,3.146717,4.404281,348
1598871641.401020050,1.366566,1.498097,2.865593,348
1598871641.435391665,1.211765,1.826481,3.038976,348
1598871641.467200279,1.267585,2.330087,3.598352,347
1598871641.500195265,1.350106,2.583130,3.934146,345
1598871641.534625769,1.401347,3.215347,4.618364,344
1598871641.567237616,1.235274,2.201696,3.437901,344
1598871641.601660490,1.313625,2.890734,4.205029,344
1598871641.634431124,1.223634,2.097275,3.321829,344
1598871641.671118736,1.190734,2.871264,4.062758,344
1598871641.705249786,1.253864,1.388347,2.642981,344
1598871641.737835407,1.207154,2.716022,3.923886,344
1598871641.769224167,1.260735,3.391399,4.652924,344
1598871641.802373886,1.326015,1.506478,2.833303,343
1598871641.835952759,1.218774,1.805441,3.024985,343
1598871641.871049166,1.126633,2.276676,3.404009,342
1598871641.903252125,1.456056,2.466979,3.923895,342
1598871641.938371181,1.279695,3.214927,4.495642,342
1598871641.970552921,1.401276,2.247156,3.649312,342
1598871642.003888130,1.268795,3.118976,4.388561,342
1598871642.039885283,1.343176,1.500168,2.844044,342
1598871642.071443081,1.300626,2.795382,4.096748,342
1598871642.106088877,1.364416,1.831511,3.197017,342
1598871642.144405842,1.365786,3.215948,4.582694,342
1598871642.174927711,1.194754,4.050247,5.245751,342
1598871642.205896378,1.391117,1.563978,2.955805,342
1598871642.242100477,1.196644,1.477637,2.674991,342
1598871642.273443460,1.234514,2.367997,3.603501,342
1598871642.306688070,1.333386,2.554300,3.888356,342
1598871642.341028929,1.257455,3.143906,4.402171,342
1598871642.375152111,1.332226,2.044754,3.377910,342
1598871642.408622265,1.268995,3.239238,4.508993,342
1598871642.440559149,1.251555,1.606909,2.859154,342
1598871642.474762201,1.430897,3.016535,4.448132,342
1598871642.508360624,1.351505,1.475127,2.827452,342
1598871642.542552471,1.304565,2.658791,3.964346,342
1598871642.575356722,1.223964,4.333460,5.558284,342
1598871642.609501123,1.263394,1.848792,3.113176,342
1598871642.642401218,1.410677,1.758800,3.170417,342
1598871642.676302671,1.379386,2.330137,3.710343,342
1598871642.709594250,1.299446,2.683541,3.983677,342
1598871642.743253708,1.312655,3.829655,5.143130,342
1598871642.777106524,1.321445,2.065084,3.387569,342
1598871642.809630394,1.204654,3.151077,4.356561,342
1598871642.844039917,1.240605,1.595908,2.837303,342
1598871642.876668215,1.349006,2.956254,4.305970,342
1598871642.910712004,1.226184,1.483057,2.710451,342
1598871642.944838524,1.282635,2.858523,4.143698,342
1598871642.978149652,1.463487,3.525721,4.989868,342
1598871643.011554003,1.718350,1.693780,3.412830,342
1598871643.045523643,1.657299,1.963833,3.622662,342
1598871643.051429510,1.589429,2.286227,3.876336,342
1598871643.079137802,1.605229,2.561370,4.167379,342
1598871643.112910748,1.673010,3.182447,4.856167,342
1598871643.146014690,1.646999,2.022144,3.669853,342
1598871643.180194616,1.783341,3.097176,4.881257,342
1598871643.214421272,1.707420,1.567298,3.275588,342
1598871643.247310400,1.809961,2.830873,4.641644,342
1598871643.280200958,1.745230,1.456257,3.202457,342
1598871643.314177513,1.825911,2.843693,4.670604,342
1598871643.349394321,1.692790,3.147727,4.841527,342
1598871643.381199121,1.653839,1.656189,3.310808,342
1598871643.414604902,1.701630,1.864892,3.567532,342
1598871643.450500250,1.775771,2.344588,4.120969,342
1598871643.485572338,1.662079,2.540800,4.203749,342
1598871643.516379833,1.709770,3.127706,4.838556,342
1598871643.549670219,1.675259,2.471729,4.147658,342
1598871643.582561493,1.772070,2.939755,4.712575,342
1598871643.616333246,1.745981,1.591478,3.338199,342
1598871643.649679422,1.636719,2.667791,4.305230,342
1598871643.683350563,1.722850,1.474187,3.197777,342
1598871643.717163801,1.682139,2.700452,4.383251,342
1598871643.751652002,1.592709,3.010075,4.603474,342
1598871643.784923792,1.664509,1.648750,3.314349,342
1598871643.817905903,1.737371,1.853891,3.591912,342
1598871643.851408005,1.591349,2.257576,3.849545,342
1598871643.885033846,1.710080,2.548640,4.259440,342
1598871643.918549299,1.687189,2.953725,4.641614,342
1598871643.952022791,1.559518,2.405478,3.965706,342
1598871643.986634493,1.636129,2.833853,4.470652,342
1598871644.019719839,1.769110,1.596519,3.366789,342
1598871644.053287029,1.527327,2.573210,4.101157,342
1598871644.086663961,1.562598,1.506618,3.070016,342
1598871644.120464563,1.569778,2.744222,4.314770,342
1598871644.153515816,1.598429,3.037595,4.636734,342
1598871644.187613964,1.571829,1.662789,3.235628,342
1598871644.220852852,1.543328,1.979373,3.523371,342
1598871644.254503012,1.707380,2.262387,3.970587,342
1598871644.289014816,1.369786,2.560140,3.930836,342
1598871644.321964025,1.349795,3.057556,4.408261,342
1598871644.355585337,1.191334,2.330017,3.523231,342
1598871644.389323711,1.223994,2.829873,4.054467,342
1598871644.422739029,1.357846,1.599219,2.958085,342
1598871644.456411600,1.344385,2.515810,3.861085,342
1598871644.489318609,1.269264,1.442507,2.712701,342
1598871644.523957491,1.105873,2.647880,3.754313,342
1598871644.556771755,1.244385,3.033625,4.278750,342
1598871644.589832783,1.237804,1.680530,2.919074,342
1598871644.623787880,1.213174,1.864672,3.078646,342
1598871644.657836914,1.264955,2.255656,3.521361,342
1598871644.691134930,1.142283,2.612221,3.755484,342
1598871644.724585056,1.281995,3.428170,4.710995,342
1598871644.758107185,1.369316,2.083854,3.454040,342
1598871644.791212797,1.317685,2.834313,4.152918,342
1598871644.825057983,1.210994,1.625519,2.837323,342
1598871644.857913017,1.251074,2.636311,3.889065,342
1598871644.891157150,1.168464,1.406496,2.576130,342
1598871644.924669027,1.164004,2.680841,3.845645,342
1598871644.958272934,1.406877,3.206447,4.614694,342
1598871644.991531849,1.249394,1.584519,2.834803,342
1598871645.024253130,1.285165,1.640539,2.926484,342
1598871645.057724714,1.300225,2.257966,3.558931,342
1598871645.090984344,1.161004,2.523399,3.685123,342
1598871645.126266241,1.262334,2.940935,4.204139,342
1598871645.158953905,1.384136,2.010594,3.395400,342
1598871645.192846775,1.173433,2.698592,3.872785,342
1598871645.226981401,1.355255,1.488608,2.844703,342
1598871645.258627415,1.349146,2.413468,3.763854,342
1598871645.292377949,1.147684,1.340795,2.489279,342
1598871645.327330112,1.401787,2.912504,4.315011,342
1598871645.357484102,1.276865,3.131156,4.409521,342
1598871645.391383886,1.383946,1.748871,3.133677,342
1598871645.424985170,1.421116,1.862102,3.286448,342
1598871645.458346605,1.263945,2.394248,3.659183,342
1598871645.491503716,1.146283,2.600381,3.747434,342
1598871645.525050879,1.233974,3.044526,4.279430,342
1598871645.558135986,1.264535,2.064924,3.330439,342
1598871645.591675758,1.207864,2.701181,3.909665,342
1598871645.624697685,1.337185,1.586969,2.925004,342
1598871645.660079479,1.166354,2.610190,3.777194,342
1598871645.691424608,1.080843,1.442147,2.523910,342
1598871645.725248575,1.514297,2.938795,4.454192,342
1598871645.759263515,1.205784,3.197727,4.404571,342
1598871645.792274237,1.249014,1.782001,3.032435,342
1598871645.825660467,1.200574,1.742521,2.943815,342
1598871645.858653069,1.216605,2.315767,3.533112,342
1598871645.891826391,1.306575,2.550370,3.857695,342
1598871645.925703764,1.202684,3.052865,4.256339,342
1598871645.958800793,1.215374,2.059804,3.276118,342
1598871645.992444277,1.493048,2.728662,4.222500,342
1598871646.025660515,1.238484,1.583198,2.822442,342
1598871646.058752298,1.222224,2.611320,3.834194,342
1598871646.092493057,1.133143,1.437597,2.571590,342
1598871646.125430822,1.291565,2.605581,3.897806,342
1598871646.158672571,1.198294,3.259908,4.459392,342
1598871646.191582918,1.263235,1.670729,2.935494,342
1598871646.225466251,1.319905,1.899002,3.219987,342
1598871646.258593082,1.210154,2.647871,3.858705,342
1598871646.292207003,1.314385,2.634711,3.950067,342
1598871646.325344086,1.227754,3.064816,4.293530,342
1598871646.358128786,1.314635,2.204296,3.519691,342
1598871646.392436266,1.148834,2.724461,3.873985,342
1598871646.425407648,1.299655,1.624459,2.924924,342
1598871646.458510637,1.346135,2.538180,3.884995,342
1598871646.492654085,1.195034,1.378946,2.574710,342
1598871646.526039600,1.277205,2.746002,4.024087,342
1598871646.560399294,1.319305,3.275799,4.596814,342
1598871646.593239307,1.311035,1.661000,2.972995,342
1598871646.627347231,1.287165,1.857831,3.145936,342
1598871646.658916712,1.301865,2.325727,3.628152,342
1598871646.693308830,1.387826,2.555030,3.943716,342
1598871646.725750923,1.157503,3.041526,4.199759,342
1598871646.759506226,1.267235,2.001063,3.269088,342
1598871646.792933941,1.185044,2.875973,4.062647,342
1598871646.826574564,1.211234,1.524258,2.736292,342
1598871646.859865904,1.323626,2.491889,3.816255,342
1598871646.892314911,1.189994,1.416087,2.606731,342
1598871646.925755978,1.188064,2.832653,4.021367,342
1598871646.959429979,1.136283,2.980055,4.117048,342
1598871646.992861748,1.319055,1.639159,2.959004,342
1598871647.027484894,1.292515,1.731340,3.025305,342
1598871647.058974981,1.133743,2.434068,3.568611,342
1598871647.092490911,1.374776,2.364638,3.743574,342
1598871647.126260996,1.215824,2.995665,4.212189,342
1598871647.159479618,1.152364,2.017793,3.171097,342
1598871647.192730188,1.423497,2.758622,4.182829,342
1598871647.228450537,1.163003,1.503748,2.667441,342
1598871647.259268045,1.344906,2.603800,3.949526,342
1598871647.292979002,1.194434,1.615799,2.811073,342
1598871647.325941086,1.527058,2.652511,4.181559,342
1598871647.359595299,1.340465,2.985135,4.326310,342
1598871647.393221140,1.169654,1.616449,2.787083,342
1598871647.427637100,1.233265,1.659749,2.893694,342
1598871647.459661484,1.166474,2.144175,3.311359,342
1598871647.492804527,1.382556,2.397098,3.780274,342
1598871647.526790142,1.191844,3.087066,4.279550,342
1598871647.559131145,1.239185,1.723850,2.963885,342
1598871647.593252897,1.309775,2.741722,4.052337,342
1598871647.627071381,1.375965,1.598859,2.975874,342
1598871647.659311771,1.344285,2.756543,4.101428,342
1598871647.696241379,1.239204,1.427977,2.667981,342
1598871647.726691961,1.395427,2.505439,3.901416,342
1598871647.759469032,1.328635,2.813503,4.142978,342
1598871647.793525457,1.203184,1.596068,2.800082,342
1598871647.826228857,1.342826,1.631279,2.975205,342
1598871647.860490799,1.195334,2.155396,3.351440,342
1598871647.892565489,1.270395,2.318197,3.589362,342
1598871647.927126646,1.153113,3.182027,4.335910,342
1598871647.959559202,1.276405,1.700670,2.977845,342
1598871647.993256092,1.412696,2.758452,4.171888,342
1598871648.027064085,1.099853,1.563448,2.664341,342
1598871648.060792685,1.249154,2.526810,3.776674,342
1598871648.093457222,1.174944,1.711900,2.887594,342
1598871648.127649069,1.254105,2.531390,3.786275,342
1598871648.159657001,1.281565,2.938904,4.221209,342
1598871648.193285942,1.232204,1.452917,2.685891,342
1598871648.227374077,1.295425,1.516708,2.812843,342
1598871648.260332108,1.094693,2.175345,3.270778,342
1598871648.293077946,1.229724,2.368598,3.599222,342
1598871648.327213526,1.439677,2.918174,4.358711,342
1598871648.359968901,1.101323,1.955702,3.057845,342
1598871648.394383907,1.372896,2.769583,4.143209,342
1598871648.427055836,1.101962,1.383197,2.485889,342
1598871648.459961653,1.289165,2.460349,3.750224,342
1598871648.496921539,1.303875,1.377326,2.682031,342
1598871648.527128220,1.242044,2.798803,4.041497,342
1598871648.561070919,1.151363,2.790463,3.942766,342
1598871648.593935728,1.242465,1.514277,2.757602,342
1598871648.627033472,1.282035,1.453417,2.736162,342
1598871648.660419464,1.090773,2.221976,3.313409,342
1598871648.693878174,1.286025,2.382768,3.670723,342
1598871648.727375031,1.406496,3.020735,4.427871,342
1598871648.759947538,1.238804,2.023194,3.263128,342
1598871648.793897390,1.190083,2.789223,3.980146,342
1598871648.828182220,1.215584,1.459787,2.676131,342
1598871648.860623360,1.300065,2.594591,3.895326,342
1598871648.894434452,1.393686,1.378246,2.772762,342
1598871648.926209450,1.206855,2.413038,3.620633,342
1598871648.962696791,1.309705,2.624181,3.934646,342
1598871648.994408607,1.194834,1.485437,2.681031,342
1598871649.027578115,1.190233,1.367307,2.558280,342
1598871649.060478687,1.057772,2.143936,3.202428,342
1598871649.093612194,1.279785,2.386327,3.667002,342
1598871649.127912998,1.333985,2.959965,4.294940,342
1598871649.161064386,1.149904,1.923712,3.074536,342
1598871649.193691730,1.372636,3.150076,4.524512,342
1598871649.227424383,1.253625,1.382766,2.637371,342
1598871649.263669491,1.287605,2.799463,4.087788,342
1598871649.295362234,1.334156,1.366456,2.701772,342
1598871649.327986956,1.273715,2.364907,3.639272,342
1598871649.360213757,1.257314,2.749242,4.007446,342
1598871649.393641472,1.184334,1.434127,2.619311,342
1598871649.428532839,1.249984,1.353716,2.608600,342
1598871649.462717772,1.234604,2.201406,3.436840,342
1598871649.496570110,1.249204,2.377018,3.627192,342
1598871649.531763315,1.369956,2.900613,4.271409,342
1598871649.563759565,1.556708,2.083274,3.641702,342
1598871649.594045639,1.633289,2.674421,4.308370,342
1598871649.628180265,1.492057,1.317546,2.810363,342
1598871649.662633181,1.529967,2.489399,4.020056,342
1598871649.695759058,1.638829,1.337045,2.976734,342
1598871649.727713108,1.537298,2.658991,4.197049,342
1598871649.761396646,1.473887,2.810313,4.285140,342
1598871649.797588825,1.495228,1.429716,2.925824,342
1598871649.829332113,1.246904,1.407627,2.655511,342
1598871649.861220360,1.413347,2.237906,3.652123,342
1598871649.893942833,1.272085,2.303907,3.577072,342
1598871649.928457022,1.505848,3.240437,4.747145,342
1598871649.960979939,1.283215,2.465319,3.749334,342
1598871649.995390415,1.423136,3.589402,5.013298,342
1598871650.028072357,1.383596,1.710290,3.094686,342
1598871650.060914040,1.248284,2.951905,4.200969,342
1598871650.094151020,1.202014,1.750970,2.953774,342
1598871650.128568888,1.274575,2.509310,3.784505,342
1598871650.161080122,1.187614,4.311800,5.500114,342
1598871650.194920540,1.237484,1.545418,2.785142,342
1598871650.228615046,1.183444,2.080494,3.264568,342
1598871650.261541128,1.260185,2.255506,3.516511,342
1598871650.294544458,1.275305,2.422688,3.698923,342
1598871650.328811884,1.235384,4.383831,5.620095,342
1598871650.361730576,1.226104,2.861714,4.089438,342
1598871650.394674778,1.424007,4.368761,5.793588,342
1598871650.428578615,1.469388,2.014573,3.484861,342
1598871650.461676598,1.373506,3.398770,4.773056,342
1598871650.494469166,1.462057,1.414587,2.877624,342
1598871650.529597521,1.486137,2.591340,4.078657,342
1598871650.561190367,1.093803,4.885507,5.980170,342
1598871650.594249249,1.374976,1.474477,2.850893,342
1598871650.628960133,1.270135,1.775811,3.046936,342
1598871650.662815571,1.300176,2.280426,3.581382,342
1598871650.694488049,1.224435,2.610650,3.835755,342
1598871650.735765457,1.373946,3.648833,5.023629,342
1598871650.761055470,1.383546,2.697831,4.083057,342
1598871650.794283152,1.314696,3.903655,5.219141,342
1598871650.827943802,1.368476,2.133164,3.504090,342
1598871650.862075329,1.233094,3.255528,4.489422,342
1598871650.894901991,1.224544,1.395846,2.621320,342
1598871650.929361820,1.132543,2.581430,3.714463,342
1598871650.961863041,1.247745,4.178998,5.427533,342
1598871650.994705200,1.426467,1.474387,2.901884,342
1598871651.029765368,1.316256,1.678869,2.996255,342
1598871651.061619997,1.265695,2.829533,4.095888,342
1598871651.093956470,1.544088,2.801622,4.348220,342
1598871651.136065006,1.516057,3.564812,5.082789,342
1598871651.161603689,1.485498,2.638011,4.124359,342
1598871651.194564104,1.458167,3.476921,4.935868,342
1598871651.229188442,1.350296,1.833461,3.184747,342
1598871651.261816263,1.169024,2.839503,4.009417,342
1598871651.295809269,1.219194,1.430676,2.650690,342
1598871651.330405712,1.120203,2.560880,3.681663,342
1598871651.361636162,1.095052,3.354350,4.450702,342
1598871651.394930840,1.447857,1.677949,3.126586,342
1598871651.430205345,1.347065,1.694270,3.042385,342
1598871651.464699030,1.498108,2.244966,3.744434,342
1598871651.494958401,1.489588,2.580100,4.070508,342
1598871651.529707670,1.333515,3.013835,4.348160,342
1598871651.562424898,1.326165,2.498199,3.825034,342
1598871651.595911503,1.289275,3.198477,4.489172,342
1598871651.630215883,1.258155,1.859452,3.118377,342
1598871651.663228989,1.432376,2.703722,4.136788,342
1598871651.696841240,1.303935,1.414076,2.718671,342
1598871651.730698109,1.513877,2.375468,3.890065,342
1598871651.763931990,1.113353,3.254118,4.368431,342
1598871651.797844887,1.335545,1.602609,2.938864,342
1598871651.832034349,1.320376,1.719910,3.041246,342
1598871651.865078926,1.237005,2.178895,3.416520,342
1598871651.898648977,1.318115,2.487229,3.806134,342
1598871651.933699369,1.358796,3.008275,4.368011,342
1598871651.966027498,1.203654,2.308026,3.512300,342
1598871651.999253750,1.387606,3.273988,4.662414,342
1598871652.033687830,1.445317,1.826951,3.273258,342
1598871652.066725492,1.467837,2.517969,3.986796,342
1598871652.105031490,1.436197,1.324995,2.761932,342
1598871652.137860775,1.074832,2.540470,3.615832,342
1598871652.168437481,1.137014,3.164536,4.302390,342
1598871652.200873137,1.219724,1.652219,2.872963,342
1598871652.235356569,1.167043,1.813161,2.980984,342
1598871652.269160748,1.382936,2.235136,3.619042,342
1598871652.301368475,1.247025,2.605010,3.852755,342
1598871652.335266113,1.330236,3.012625,4.344151,342
1598871652.368604660,1.236615,2.352987,3.590202,342
1598871652.402194262,1.340025,2.852814,4.193649,342
1598871652.435713768,1.185774,1.921432,3.108316,342
1598871652.469538450,1.285645,2.508689,3.795134,342
1598871652.502637386,1.320116,1.477277,2.798353,342
1598871652.542388916,1.470427,2.377438,3.848745,341
1598871652.572479963,1.382217,3.364729,4.749996,341
1598871652.605482817,1.356306,1.563158,2.920464,341
1598871652.639440298,1.224114,1.804401,3.029185,341
1598871652.674522638,1.230754,2.228826,3.460810,341
1598871652.706366062,1.280105,2.688121,3.969116,341
1598871652.740248919,1.282995,2.943855,4.227550,341
1598871652.773261070,1.342396,2.022583,3.365819,341
1598871652.806347370,1.406216,2.860133,4.267459,341
1598871652.844873905,1.356256,1.880752,3.237798,341
1598871652.873297215,1.310565,2.548500,3.859875,341
1598871652.907341480,1.261845,1.422036,2.684731,341
1598871652.941106796,1.304845,2.467769,3.773384,341
1598871652.973262310,1.470267,3.188697,4.660764,341
1598871653.006905794,1.505797,1.677540,3.184377,341
1598871653.041653395,1.234874,1.555518,2.791522,341
1598871653.073758125,1.074632,2.143475,3.219137,341
1598871653.111188173,1.486738,2.517579,4.005147,341
1598871653.142707825,1.487917,2.955234,4.444721,341
1598871653.174843073,1.557958,2.196075,3.758313,341
1598871653.207970858,1.309736,2.767322,4.078688,341
1598871653.241533041,1.300425,1.772291,3.074876,341
1598871653.275398254,1.451437,2.790082,4.243049,341
1598871653.309978724,1.642489,1.391776,3.035965,341
1598871653.344359636,1.569428,2.695571,4.265709,341
1598871653.376471519,1.485377,3.761994,5.250021,341
1598871653.410054684,1.442247,1.726300,3.171597,341
1598871653.443611860,1.604938,1.775781,3.383209,341
1598871653.483540535,1.444337,2.686922,4.135779,341
1598871653.511350632,1.473277,3.268588,4.745775,341
1598871653.546230555,1.510618,3.387010,4.900778,341
1598871653.580697775,1.407656,2.441198,3.852215,341
1598871653.614045382,1.680060,3.208347,4.893197,341
1598871653.645887613,1.674170,1.612509,3.291519,340
1598871653.679095507,1.665329,2.867083,4.537432,340
1598871653.713007450,1.583559,1.470077,3.055436,340
1598871653.745996475,1.228174,2.380528,3.610632,340
1598871653.779710293,1.232405,3.058845,4.291900,340
1598871653.785497665,1.270685,1.433676,2.705241,340
1598871653.813900709,1.350516,1.349886,2.701162,340
1598871653.846404791,1.253555,2.217725,3.472720,340
1598871653.880734205,1.284225,2.599470,3.884505,340
1598871653.914388657,1.342765,2.510520,3.856695,340
1598871653.948204517,1.210054,2.023764,3.234808,340
1598871653.980819702,1.082422,2.964645,4.047857,340
1598871654.015892267,1.224344,1.298635,2.523809,340
1598871654.050329447,1.190014,2.321757,3.512511,340
1598871654.083559036,1.295005,1.256625,2.552250,340
1598871654.116862774,1.169254,2.105594,3.275528,340
1598871654.150518656,1.211904,3.214297,4.426941,340
1598871654.184504509,1.373317,1.511537,2.887024,340
1598871654.217052221,1.213814,1.351596,2.566000,340
1598871654.251527309,1.183343,2.155996,3.339929,340
1598871654.283505201,1.223974,2.554180,3.778934,340
1598871654.318020344,1.147104,2.409328,3.557732,339
1598871654.356268883,1.147503,2.346487,3.494820,339
1598871654.385414124,1.261874,3.035166,4.297890,339
1598871654.421720743,1.465207,1.368986,2.835193,339
1598871654.453575134,1.313115,2.478339,3.792194,339
1598871654.486613512,1.280725,1.407336,2.689791,339
1598871654.518933535,1.107703,2.538119,3.646832,339
1598871654.552617311,1.313126,3.158826,4.472862,339
1598871654.586170912,1.203264,1.830061,3.034275,339
1598871654.619652748,1.325346,1.466367,2.792893,338
1598871654.653055191,1.414207,2.386698,3.801835,338
1598871654.686412573,1.488388,2.756552,4.246210,338
1598871654.719590902,1.408327,3.015455,4.424482,338
1598871654.754377365,1.197994,2.563090,3.762954,338
1598871654.788455009,1.320505,3.289029,4.610234,338
1598871654.821825504,1.216344,1.574389,2.791543,337
1598871654.854676008,1.252215,2.761692,4.015677,337
1598871654.890592098,1.296655,1.412996,2.710541,337
1598871654.922366619,1.213304,2.242906,3.456860,337
1598871654.957255602,1.244225,3.334969,4.579984,337
1598871654.989241362,1.441037,1.678570,3.120717,337
1598871655.023064613,1.390307,1.678119,3.069146,337
1598871655.056263447,1.847321,3.176647,5.024928,337
1598871655.090052128,1.818551,2.560650,4.380111,337
1598871655.123637676,1.898562,4.176309,6.075821,337
1598871655.157023668,1.637549,2.722462,4.361631,337
1598871655.190804720,1.722760,3.472271,5.196371,337
1598871655.224925756,1.658060,2.030233,3.689453,337
1598871655.257889271,1.597989,2.853543,4.452282,337
1598871655.292181253,1.645479,1.380107,3.026596,337
1598871655.326054811,1.780731,2.278037,4.059428,337
1598871655.359694481,1.617499,4.237649,5.855968,337
1598871655.394496202,1.558008,1.541488,3.100286,337
1598871655.426133156,1.292216,2.230285,3.523271,337
1598871655.459069014,1.203044,2.275577,3.479561,337
1598871655.493040800,1.360105,2.710262,4.071087,337
1598871655.526899338,1.253704,4.365651,5.620215,337
1598871655.560584307,1.223764,2.828503,4.053407,337
1598871655.594938517,1.155123,4.065017,5.220850,337
1598871655.627677202,1.330866,2.263016,3.594862,337
1598871655.664052486,1.197114,2.947754,4.145618,337
1598871655.693968534,1.130423,1.382037,2.513230,337
1598871655.727295160,1.242165,2.618460,3.861335,337
1598871655.761011362,1.121473,4.576593,5.698906,337
1598871655.794881582,1.164394,1.656479,2.821793,337
1598871655.828887224,1.130663,2.305987,3.437300,337
1598871655.863100052,1.076713,2.281917,3.359490,337
1598871655.896421671,1.354256,2.707051,4.062047,337
1598871655.930879354,1.143333,4.192859,5.337092,337
1598871655.963438034,1.188814,2.808412,3.998126,337
1598871655.997765303,1.279365,4.145929,5.426224,337
1598871656.030678988,1.433037,2.104925,3.539032,337
1598871656.069774628,1.173603,3.089836,4.264169,337
1598871656.099497318,1.246685,1.776941,3.024346,337
1598871656.134220839,1.242005,2.133695,3.376600,337
1598871656.168803930,1.311445,4.382501,5.694706,337
1598871656.198791504,1.195894,1.375226,2.572090,337
1598871656.233323574,1.423756,2.006874,3.431380,337
1598871656.265494347,1.334736,2.234126,3.569752,337
1598871656.299672127,1.316305,2.690322,4.007447,337
1598871656.333395958,1.178593,3.472521,4.652344,337
1598871656.366746426,1.277965,2.500169,3.779024,337
1598871656.401656389,1.181924,3.317268,4.500012,337
1598871656.434103251,1.320065,1.848142,3.168987,337
1598871656.468019485,1.407866,2.727792,4.136298,337
1598871656.500833273,1.279835,1.775570,3.056235,337
1598871656.533854246,1.157503,2.252467,3.410820,337
1598871656.570178747,1.186084,3.360009,4.546843,337
1598871656.603356600,1.287535,1.388036,2.676331,337
1598871656.635613203,1.225525,1.853951,3.080356,337
1598871656.671335459,1.236874,2.271817,3.509341,337
1598871656.702073336,1.346306,2.542750,3.889796,337
1598871656.735990286,1.280435,2.825002,4.106417,337
1598871656.769950628,1.336986,1.874112,3.211918,337
1598871656.803611279,1.227024,2.867153,4.094887,337
1598871656.838083029,1.272615,1.714430,2.987955,337
1598871656.871637821,1.217134,2.393068,3.610932,337
1598871656.904042721,1.265995,1.487677,2.754372,337
1598871656.937771797,1.410027,2.449278,3.860095,337
1598871656.971401691,1.118883,3.115016,4.234969,337
1598871657.004946947,1.226695,1.404526,2.632021,337
1598871657.038575411,1.076782,1.725561,2.803283,337
1598871657.072485447,1.148354,2.274186,3.423520,337
1598871657.104962587,1.202684,2.575500,3.778994,337
1598871657.140287161,1.195214,2.897503,4.093577,337
1598871657.173783779,1.161423,1.744801,2.907394,337
1598871657.209067822,1.094423,2.881984,3.977037,337
1598871657.241356134,1.447027,1.839651,3.290488,337
1598871657.273853540,1.390916,2.863403,4.257049,337
1598871657.306491852,1.381546,1.538378,2.921494,337
1598871657.341373920,1.526298,2.183525,3.711573,337
1598871657.375653982,1.459247,3.584161,5.045348,337
1598871657.407775164,1.516108,1.836532,3.355540,337
1598871657.442215204,1.555558,2.056014,3.614692,337
1598871657.475085974,1.684130,2.615060,4.304060,337
1598871657.508407831,1.376247,2.691981,4.070098,337
1598871657.542101383,1.228794,3.038056,4.268580,337
1598871657.576245308,1.197634,1.789390,2.988284,337
1598871657.611136675,1.245045,2.910324,4.156109,337
1598871657.643634081,1.273434,1.731401,3.005665,337
1598871657.677446365,1.114723,2.602240,3.718533,337
1598871657.710706234,1.226234,1.595188,2.822032,337
1598871657.744432449,1.232215,1.715690,2.948665,337
1598871657.778088570,1.038812,3.217438,4.256840,337
1598871657.810806036,1.396957,1.361426,2.759253,337
1598871657.846408129,1.216084,1.662679,2.879493,337
1598871657.881755114,1.128543,2.116925,3.246278,337
1598871657.913008213,1.296735,2.610850,3.908435,337
1598871657.946205139,1.337886,2.991965,4.330841,337
1598871657.978855848,1.168903,1.672330,2.842093,337
1598871658.012555599,1.386177,2.855933,4.242830,337
1598871658.046082497,1.172764,1.605129,2.778853,337
1598871658.080027819,1.378986,2.560760,3.940596,337
1598871658.113385201,1.186644,1.265784,2.453228,337
1598871658.147007704,1.048312,1.607309,2.656251,336
1598871658.152694464,1.211935,2.981934,4.194679,336
1598871658.179612160,1.243384,1.169984,2.414158,336
1598871658.216264486,1.302565,1.827872,3.131547,334
1598871658.249072313,1.027372,2.381537,3.409659,334
1598871658.284818411,1.138353,2.572430,3.712253,334
1598871658.314789057,1.432207,3.231217,4.664914,334
1598871658.348264933,1.151593,1.894962,3.047885,334
1598871658.382137775,1.225055,3.456830,4.682705,333
1598871658.415439606,1.131393,2.042064,3.175087,332
1598871658.449084044,1.247744,2.729002,3.977556,332
1598871658.482999325,1.282105,1.379816,2.662731,332
1598871658.516364336,1.345316,1.665149,3.011275,331
1598871658.550378323,1.300355,3.659173,4.960248,371
1598871658.584322453,1.390456,1.455047,2.847123,370
1598871658.618490696,1.186164,2.107694,3.294478,370
1598871658.650747776,1.537328,2.368057,3.906215,370
1598871658.686295509,1.154813,2.658891,3.815284,370
1598871658.717526436,1.317205,3.269218,4.587113,369
1598871658.754820108,1.261294,2.305687,3.567981,369
1598871658.785974503,1.479927,3.288788,4.769606,368
1598871658.818157673,1.426097,2.038614,3.465451,367
1598871658.851779699,1.266025,2.956054,4.222779,364
1598871658.885371447,1.390066,1.653699,3.047265,363
1598871658.918240547,1.248135,3.165367,4.414122,361
1598871658.951959372,1.204504,4.398481,5.603875,359
1598871658.986686468,1.194374,1.407626,2.602920,359
1598871659.023550510,1.419026,1.876392,3.296078,358
1598871659.053589821,1.287695,2.254966,3.543341,357
1598871659.087367535,1.346316,2.628791,3.976137,355
1598871659.118416548,1.131043,4.002977,5.134680,352
1598871659.151633978,1.373386,2.723022,4.097868,352
1598871659.187139034,1.328705,3.306539,4.636704,352
1598871659.218541145,1.208265,2.136044,3.345279,347
1598871659.251509666,1.293155,3.229898,4.524823,344
1598871659.286404371,1.151773,1.350066,2.502819,340
1598871659.318104506,1.095672,3.413380,4.509722,340
1598871659.352008343,1.050232,3.786484,4.837566,339
1598871659.385997057,1.135474,1.340665,2.476899,335
1598871659.418372631,1.100663,1.684460,2.785733,333
1598871659.451529503,1.052242,2.392758,3.445850,331
1598871659.486023664,1.429337,2.574680,4.004977,329
1598871659.518577337,1.359946,3.270418,4.631224,364
1598871659.551540136,1.284165,2.452268,3.737723,363
1598871659.586391211,1.429506,2.792913,4.223229,362
1598871659.618228674,1.259914,2.051974,3.312588,358
1598871659.651963711,1.472808,2.716641,4.190159,354
1598871659.686100245,1.454737,1.448147,2.903634,352
1598871659.718794584,1.245314,3.342679,4.588583,352
1598871659.751830339,1.325886,3.225907,4.552773,349
1598871659.785959959,1.306736,1.631999,2.939865,341
1598871659.819038153,1.169113,1.775611,2.945474,340
1598871659.852939606,1.053853,2.374707,3.429270,337
1598871659.885857344,1.236785,4.381621,5.619256,333
1598871659.918412209,1.212825,3.236497,4.450282,331
1598871659.951851845,1.127554,2.269216,3.397660,329
1598871659.986151695,1.496348,2.829053,4.326001,327
1598871660.020487070,1.211404,1.874452,3.086726,360
1598871660.052530527,1.354726,2.733102,4.088638,359
1598871660.086460590,1.261315,1.680200,2.942975,357
1598871660.120625734,1.221594,2.104365,3.326979,357
1598871660.153215408,1.560998,3.182408,4.746536,353
1598871660.186857462,1.450917,1.605369,3.057076,350
1598871660.219358206,1.258964,1.566968,2.826692,348
1598871660.252527714,1.357676,2.272056,3.630592,344
1598871660.287583113,1.305815,4.042727,5.350922,343
1598871660.320675135,1.262865,3.489870,4.754135,343
1598871660.354184151,1.272944,2.167756,3.443110,342
1598871660.393855572,1.231064,4.347421,5.579175,341
1598871660.421776056,1.305135,1.852312,3.159547,341
1598871660.457077742,1.232245,2.860493,4.093628,340
1598871660.488825321,1.231805,1.577798,2.810953,337
1598871660.521746397,1.293035,1.784771,3.079406,337
1598871660.555015564,1.214294,3.185007,4.400321,337
1598871660.589510679,1.393276,1.850702,3.244928,335
1598871660.622277975,1.341686,1.549388,2.891934,335
1598871660.655629873,1.247735,2.337847,3.586532,335
1598871660.689473629,1.331045,3.785084,5.117049,335
1598871660.722228765,1.323715,3.122586,4.447091,333
1598871660.757783175,1.362876,2.522120,3.886716,333
1598871660.790520906,1.406007,4.059627,5.466494,332
1598871660.823777676,1.495217,2.368198,3.864685,331
1598871660.857614279,1.312176,3.156587,4.469523,367
1598871660.891580820,1.500588,1.743280,3.246058,367
1598871660.925136328,1.315805,1.483637,2.800102,366
1598871660.958042860,1.290985,3.370799,4.662874,365
1598871660.992576838,1.455797,1.800261,3.257698,365
1598871661.026261568,1.589749,1.675110,3.266819,364
1598871661.058398485,1.742471,2.407668,4.151289,363
1598871661.093912125,1.927553,3.954146,5.885569,363
1598871661.126586676,1.798081,3.405299,5.206350,361
1598871661.159289598,1.492967,2.764632,4.259439,361
1598871661.193933964,1.536158,4.090818,5.628396,356
1598871661.226530075,1.317535,3.677933,4.997228,354
1598871661.259935856,1.510158,3.481580,4.993328,354
1598871661.327300310,1.295135,1.779291,3.076296,350
1598871661.361270189,1.377866,1.759531,3.138837,344
1598871661.396853685,1.478117,4.297120,5.776217,343
1598871661.428485870,1.359716,1.737570,3.099466,341
1598871661.461769342,1.253104,1.563089,2.817393,340
1598871661.498211145,1.292575,2.305637,3.600352,339
1598871661.530264378,1.373946,3.422130,4.797186,338
1598871661.562628031,1.362326,3.878095,5.242881,337
1598871661.597252607,1.319885,2.886784,4.208399,336
1598871661.630234003,1.364396,4.264400,5.630736,336
1598871661.663336754,1.536748,4.241850,5.780838,336
1598871661.697942495,1.371146,3.128577,4.504793,335
1598871661.736415386,1.352886,1.665419,3.019775,335
1598871661.764526844,1.283334,2.210786,3.495601,334
1598871661.797915459,1.404947,3.618402,5.024449,332
1598871661.864814043,1.326166,1.664589,2.991505,353
1598871661.898996592,1.244944,1.652959,2.898893,353
1598871661.932935476,1.293984,2.450389,3.745003,352
1598871661.965808153,1.297665,3.103256,4.402291,352
1598871661.999448061,1.299385,4.060677,5.361062,352
1598871662.033691406,1.602539,2.997725,4.604224,350
1598871662.067176580,1.293915,3.334749,4.629454,349
1598871662.100652456,1.248694,3.915106,5.165090,348
1598871662.135347605,1.441097,3.378749,4.820996,347
1598871662.167986393,1.290245,2.118815,3.410350,347
1598871662.200743437,1.320635,2.215026,3.536361,347
1598871662.235131025,1.274324,4.972518,6.247472,347
1598871662.269428492,1.382207,1.448036,2.832723,346
1598871662.302992344,1.432327,1.353716,2.786943,346
1598871662.336615562,1.316975,2.431859,3.750444,346
1598871662.369949102,1.217344,2.938205,4.156299,346
1598871662.402806282,1.274785,4.042027,5.317602,346
1598871662.438984871,1.409546,2.758722,4.169178,346
1598871662.471032858,1.415177,3.194977,4.611524,346
1598871662.503484249,1.245934,3.751874,4.998788,346
1598871662.537144899,1.339626,3.233047,4.573683,346
1598871662.570609570,1.279115,1.826351,3.106306,346
1598871662.611337662,1.388356,2.347287,3.736363,346
1598871662.641032934,1.456247,4.869877,6.326874,346
1598871662.671678782,1.400297,1.446816,2.849823,346
1598871662.703413963,1.253045,1.471357,2.725072,346
1598871662.739910126,1.368916,2.308187,3.677873,346
1598871662.770914316,1.289945,2.874304,4.165509,346
1598871662.803414583,1.351246,4.167079,5.520965,346
1598871662.837557793,1.317065,2.677632,3.995837,346
1598871662.870960236,1.474687,3.460071,4.935728,346
1598871662.904646635,1.203844,4.057217,5.262951,346
1598871662.937239647,1.362966,3.195327,4.559823,346
1598871662.970731258,1.358346,1.358786,2.718422,346
1598871663.003738165,1.582968,2.405008,3.989676,346
1598871663.036880732,1.200734,4.614284,5.815698,346
1598871663.070930719,1.416356,1.390046,2.807252,346
1598871663.103949308,1.344296,1.399346,2.744172,346
1598871663.137460709,1.376326,2.249636,3.626913,346
1598871663.171613693,1.231434,2.842303,4.074767,346
1598871663.204557180,1.351555,3.695774,5.049449,346
1598871663.243332386,1.227984,2.615191,3.844395,346
1598871663.272000074,1.374626,2.833073,4.208979,346
1598871663.303847075,1.344596,3.137707,4.482973,346
1598871663.337735891,1.253384,2.828973,4.083147,346
1598871663.371849298,1.218925,1.682859,2.902604,346
1598871663.404283047,1.179883,2.114495,3.295118,346
1598871663.438902855,1.582608,4.618484,6.202072,346
1598871663.472056150,1.412846,1.467027,2.881893,346
1598871663.507195473,1.635319,1.413067,3.049436,346
1598871663.538730145,1.555048,2.324477,3.880335,346
1598871663.571179152,1.322896,2.890774,4.214810,346
1598871663.603974581,1.112253,3.356439,4.469802,346
1598871663.637874842,1.386186,2.382118,3.769154,346
1598871663.676217079,1.177553,2.795673,3.973896,346
1598871663.706632614,1.346385,3.645273,4.992528,346
1598871663.741009235,1.292095,2.935024,4.227969,346
1598871663.772809505,1.335216,1.714480,3.050706,346
1598871663.804775715,1.154513,2.109435,3.264678,346
1598871663.838358164,1.221784,4.532393,5.754917,346
1598871663.874148607,1.228754,1.423907,2.653601,346
1598871663.906058550,1.174174,1.470017,2.644841,346
1598871663.939225674,1.514158,2.199566,3.714654,346
1598871663.973036051,1.136373,2.887623,4.024906,346
1598871664.006050110,1.146773,3.121957,4.269580,346
1598871664.038063049,1.220564,2.348318,3.569672,346
1598871664.072273016,1.353576,2.725411,4.079857,346
1598871664.105811119,1.387236,3.731503,5.119419,346
1598871664.138465166,1.272784,2.678602,3.952266,346
1598871664.170809746,1.315836,1.686239,3.003695,346
1598871664.205004692,1.254124,2.329157,3.584221,346
1598871664.238143206,1.235695,3.841575,5.078360,346
1598871664.271056652,1.468477,1.403616,2.873313,346
1598871664.305042982,1.187063,1.394977,2.583280,346
1598871664.339059591,1.285086,2.262206,3.548112,346
1598871664.371792555,1.229864,2.918374,4.149298,346
1598871664.404799223,1.336965,3.177887,4.515802,346
1598871664.438438177,1.304605,2.373108,3.679183,346
1598871664.471165657,1.286275,2.770503,4.057858,346
1598871664.505742311,1.420357,3.244408,4.665795,346
1598871664.538580656,1.164204,2.469409,3.634733,346
1598871664.571408033,1.313475,1.942103,3.256488,346
1598871664.604827166,1.349136,2.197425,3.547621,346
1598871664.638210535,1.190054,3.376949,4.567873,346
1598871664.672047377,1.366636,1.394157,2.761673,346
1598871664.704905748,1.198444,1.402187,2.601441,346
1598871664.739351511,1.328666,2.262296,3.591712,346
1598871664.771578550,1.198213,2.853674,4.052927,346
1598871664.804356337,1.200104,3.017155,4.218059,346
1598871664.843019962,1.401616,2.453579,3.855915,346
1598871664.875065327,1.233584,2.842753,4.077168,346
1598871664.905247688,1.469937,4.207160,5.678017,346
1598871664.939608812,1.452647,2.742262,4.198139,346
1598871664.976529598,1.304035,1.696510,3.001265,346
1598871665.005584717,1.263855,2.192465,3.457270,346
1598871665.040169239,1.275205,3.700503,4.976568,346
1598871665.071342707,1.245525,1.407786,2.654781,346
1598871665.105745316,1.092123,1.394426,2.487029,346
1598871665.138634205,1.265474,2.510260,3.776444,346
1598871665.172590733,1.251074,2.836003,4.088057,346
1598871665.204987526,1.232864,3.170947,4.404551,346
1598871665.238314390,1.405117,2.389818,3.795855,346
1598871665.276612759,1.220024,2.811783,4.032617,346
1598871665.305664778,1.390266,3.874915,5.266941,346
1598871665.339935780,1.448747,2.755392,4.204999,346
1598871665.372581482,1.207654,1.710790,2.919854,346
1598871665.405307531,1.229744,2.172186,3.402610,346
1598871665.439830065,1.423276,3.888006,5.312332,346
1598871665.472888231,1.248604,1.529338,2.778862,346
1598871665.506733894,1.339806,1.360755,2.701351,346
1598871665.541245461,1.554548,2.354367,3.910525,346
1598871665.573523045,1.237984,2.873813,4.113337,346
1598871665.605856419,1.287975,3.732244,5.021259,346
1598871665.639618635,1.333725,2.488679,3.823454,346
1598871665.672022820,1.260585,2.972015,4.233760,346
1598871665.705713749,1.283115,3.379450,4.663235,346
1598871665.739074945,1.196814,2.744422,3.942956,346
1598871665.773406267,1.402256,1.660289,3.063585,346
1598871665.806994677,1.241804,2.147595,3.390279,346
1598871665.840292215,1.263155,3.604802,4.869357,346
1598871665.873485804,1.357366,1.517957,2.876093,346
1598871665.907075167,1.062182,1.388086,2.450828,346
1598871665.944400072,1.158253,2.200416,3.359589,346
1598871665.974718809,1.206964,2.821983,4.029717,346
1598871666.008936167,1.279425,3.218388,4.498873,346
1598871666.042779922,1.250295,2.497059,3.748254,346
1598871666.075393438,1.390416,2.887533,4.278999,346
1598871666.108632803,1.210594,3.145257,4.356711,346
1598871666.144076586,1.282555,2.732942,4.017307,346
1598871666.176446676,1.327835,1.678630,3.007065,346
1598871666.209682703,1.266105,2.278906,3.545701,346
1598871666.244292974,1.300975,3.958496,5.260951,346
1598871666.278818369,1.401856,1.575519,2.979195,346
1598871666.311614990,1.248634,1.304496,2.554060,346
1598871666.349194765,1.276165,2.083254,3.360129,346
1598871666.378286362,1.313675,2.839543,4.154578,346
1598871666.411308765,1.294575,3.078436,4.374031,346
1598871666.444906473,1.165384,2.451158,3.618982,346
1598871666.477257490,1.414386,2.725952,4.141028,346
1598871666.511089087,1.368646,3.577462,4.947198,346
1598871666.546061277,1.216594,2.386508,3.603952,346
1598871666.579784155,1.303055,1.679360,2.983105,346
1598871666.612442017,1.279895,2.153595,3.434310,346
1598871666.645397663,1.177733,3.523551,4.702104,346
1598871666.680739164,1.302565,1.488257,2.791562,346
1598871666.712948322,1.389926,1.366206,2.756942,346
1598871666.754381418,1.090993,2.190075,3.281628,346
1598871666.783044815,1.405596,2.912374,4.318880,346
1598871666.814437151,1.199624,2.931634,4.131998,346
1598871666.846876144,1.175394,1.926282,3.102576,346
1598871666.881132126,1.372036,3.200167,4.572913,346
1598871666.915492296,1.194364,3.174547,4.369321,346
1598871666.949016094,1.371637,2.604320,3.976817,346
1598871666.954731703,1.187174,1.372415,2.561529,346
1598871666.981040955,1.167104,2.224155,3.392449,346
1598871667.015594006,1.294766,3.499310,4.795886,346
1598871667.049304008,1.256845,1.429197,2.687842,346
1598871667.082796574,1.182444,1.336306,2.519610,346
1598871667.117168903,1.242345,2.228836,3.471751,346
1598871667.151121616,1.317445,2.772212,4.090567,346
1598871667.183845520,1.372056,2.864503,4.237229,346
1598871667.216603279,1.186243,1.960103,3.147657,346
1598871667.250020027,1.221315,2.721831,3.944506,346
1598871667.283542395,1.410597,3.163606,4.575003,346
1598871667.317163706,1.238995,2.380867,3.620642,346
1598871667.352514267,1.304945,1.350026,2.655751,346
1598871667.385714531,1.324896,2.117994,3.444290,346
1598871667.418423653,1.318155,3.235198,4.554373,346
1598871667.453261614,1.287515,1.684950,2.976235,346
1598871667.485434532,1.281435,1.483017,2.765772,346
1598871667.518875599,1.240394,2.251797,3.492971,346
1598871667.553324223,1.171383,2.927104,4.099777,346
1598871667.585960388,1.183714,2.927664,4.112098,346
1598871667.621256828,1.252475,1.964652,3.217987,346
1598871667.654159307,1.293335,2.705952,3.999987,346
1598871667.687778473,1.313125,3.063966,4.377691,346
1598871667.721835136,1.275975,2.524350,3.801215,346
1598871667.753899336,1.284844,1.475498,2.761002,346
1598871667.788849115,1.144363,1.750140,2.895793,346
1598871667.821381092,1.294325,3.106146,4.401241,346
1598871667.854890347,1.317055,1.519098,2.836993,346
1598871667.888573408,1.354576,1.397886,2.753272,346
1598871667.922672749,1.358786,2.230236,3.589822,346
1598871667.955586433,1.228374,2.829923,4.058907,346
1598871667.990959406,1.261405,2.944664,4.207049,346
1598871668.023093224,1.381326,2.025943,3.408269,346
1598871668.057173014,1.248794,2.746542,3.996006,346
1598871668.090324879,1.249924,3.079846,4.330650,346
1598871668.124216318,1.252214,2.493759,3.746913,346
1598871668.157349825,1.270055,1.374376,2.645201,346
1598871668.190644741,1.259544,1.363596,2.623920,346
1598871668.224864483,1.256394,3.105156,4.362451,346
1598871668.258626699,1.178933,1.495048,2.674751,346
1598871668.291463614,1.125323,1.368726,2.495059,346
1598871668.325362682,1.217265,2.130504,3.348609,346
1598871668.358487368,1.352366,2.797922,4.151058,346
1598871668.392374039,1.127003,2.918934,4.046947,346
1598871668.427025318,1.236425,1.928742,3.165957,346
1598871668.459865808,1.397536,2.708032,4.106638,346
1598871668.492990494,1.195364,3.031115,4.227539,346
1598871668.528374672,1.379746,2.437518,3.818214,346
1598871668.560586452,1.262545,1.412626,2.676061,346
1598871668.593974113,1.219394,1.410556,2.630830,346
1598871668.628336430,1.441416,2.867564,4.309850,346
1598871668.661463022,1.274435,1.445707,2.721052,346
1598871668.695518255,1.331845,1.344246,2.677041,346
1598871668.729531288,1.194894,2.173505,3.369209,346
1598871668.762096882,1.267985,2.806873,4.076318,346
1598871668.795953512,1.103653,2.852613,3.957096,346
1598871668.832006454,1.270594,2.326447,3.597741,346
1598871668.865125418,1.383756,2.684302,4.068978,346
1598871668.896454573,1.238694,2.985765,4.225559,346
1598871668.930841684,1.292535,2.405318,3.698783,346
1598871668.969364405,1.251075,1.378226,2.630001,346
1598871669.001389742,1.107393,1.351096,2.459379,346
1598871669.033487320,1.324226,2.860513,4.185439,346
1598871669.064468145,1.161134,1.423916,2.585920,346
1598871669.097985268,1.379926,1.344196,2.724892,346
1598871669.132546902,1.188624,2.183935,3.373249,346
1598871669.165911436,1.148083,2.889724,4.039217,346
1598871669.206915140,1.320256,2.877013,4.199269,346
1598871669.233216524,1.610039,2.346677,3.958266,346
1598871669.266410589,1.599518,2.734562,4.334840,346
1598871669.299961567,1.184173,3.100577,4.286400,346
1598871669.334513903,1.263254,2.515080,3.779684,346
1598871669.367803335,1.303095,1.381046,2.685111,346
1598871669.400149584,1.188103,1.362676,2.551999,346
1598871669.435348272,1.395406,2.901404,4.297520,346
1598871669.468465090,1.181304,1.420626,2.602710,346
1598871669.503083467,1.331796,1.356915,2.689741,346
1598871669.534973145,1.225304,2.376257,3.603031,346
1598871669.568033934,1.296315,2.954185,4.251420,346
1598871669.602207661,1.280165,2.865363,4.146288,346
1598871669.636513472,1.268364,2.224876,3.493990,346
1598871669.669566870,1.380456,2.634590,4.015846,346
1598871669.702477455,1.283305,4.727595,6.011740,346
1598871669.737787724,1.467197,2.371768,3.839905,346
1598871669.769692183,1.328406,1.339725,2.669421,346
1598871669.803473949,1.154154,1.313295,2.468109,346
1598871669.837561131,1.509588,2.853143,4.363681,346
1598871669.870846510,1.229864,1.639979,2.870623,346
1598871669.903846741,1.301205,1.379736,2.682311,346
1598871669.938244820,1.129913,2.217526,3.348399,346
1598871669.975734234,1.189694,2.705461,3.895965,346
1598871670.005706072,1.063233,2.863093,3.927136,346
1598871670.039503098,1.263955,2.285447,3.551182,346
1598871670.071776390,1.285005,2.709311,3.995116,346
1598871670.106158733,1.184734,2.868173,4.053817,346
1598871670.139516830,1.285255,2.401758,3.687763,346
1598871670.173475742,1.435806,1.483268,2.921764,346
1598871670.207649708,1.123013,1.374936,2.499509,346
1598871670.245290518,1.209804,2.928384,4.139228,346
1598871670.275936365,1.213474,1.602959,2.817193,346
1598871670.309942007,1.172414,1.363575,2.537899,346
1598871670.342080832,1.115503,2.169035,3.285028,346
1598871670.375220060,1.167704,2.628130,3.796654,346
1598871670.410452127,1.267164,2.841064,4.111378,346
1598871670.443209171,1.336505,2.259527,3.597352,346
1598871670.477227688,1.205644,2.536590,3.743084,346
1598871670.510062695,1.240555,2.959454,4.201509,346
1598871670.542555332,1.399456,2.342558,3.742904,346
1598871670.577080727,1.189694,1.342096,2.532440,346
1598871670.610864878,1.230434,1.339316,2.570520,346
1598871670.645072460,1.379256,2.808373,4.188259,346
1598871670.677162409,1.325506,1.625119,2.951315,346
1598871670.717529297,1.212654,1.356556,2.570340,346
1598871670.745056391,1.482018,2.217155,3.700163,346
1598871670.777622461,1.287245,2.647241,3.935636,346
1598871670.816275835,1.246544,2.675511,3.922865,346
1598871670.845206261,1.221554,2.236836,3.459590,346
1598871670.877939701,1.347236,2.596060,3.944186,346
1598871670.912617445,1.286515,2.880414,4.167699,346
1598871670.945734024,1.433016,2.322277,3.756113,346
1598871670.979529142,1.443647,1.403246,2.847863,346
1598871671.013765812,1.331615,1.328936,2.661851,346
1598871671.046679020,1.333675,2.899694,4.234009,346
1598871671.082240582,1.287035,1.613269,2.901124,346
1598871671.115682602,1.023912,1.296065,2.320737,346
1598871671.148393154,1.115622,2.165616,3.281698,346
1598871671.184499264,1.296425,2.698211,3.995666,346
1598871671.215620279,1.181254,2.726522,3.908496,346
1598871671.247338533,1.224244,2.234856,3.459940,346
1598871671.281677485,1.488817,2.713472,4.204539,346
1598871671.314986944,1.355566,2.845823,4.202149,346
1598871671.349317312,1.330826,2.350107,3.681753,346
1598871671.355050802,1.413326,1.300785,2.714821,346
1598871671.382377625,1.339366,1.309565,2.649681,346
1598871671.415610552,1.196434,3.163266,4.360460,346
1598871671.448965311,1.372006,1.591538,2.964354,346
1598871671.482730627,1.373026,2.211335,3.585901,346
1598871671.517023325,1.609419,3.311638,4.923667,346
1598871671.550406218,1.632389,3.607962,5.241141,346
1598871671.584218264,1.286565,3.028055,4.315910,346
1598871671.617707014,1.262564,1.986144,3.249358,346
1598871671.652344704,1.417756,2.813343,4.232169,346
1598871671.684747458,1.400266,3.057636,4.458802,346
1598871671.718354464,1.349386,2.510289,3.860405,346
1598871671.751698494,1.244025,1.336365,2.581220,346
1598871671.786396027,1.100742,2.056954,3.158346,346
1598871671.819408178,1.260425,4.044127,5.305462,346
1598871671.855219364,1.340786,1.755890,3.098266,346
1598871671.886326551,1.281234,1.413217,2.695241,346
1598871671.919823647,1.366046,2.352187,3.719053,346
1598871671.953420401,1.348465,2.738932,4.088057,346
1598871671.987447023,1.173043,3.335899,4.509632,346
1598871672.023178101,1.327475,2.529759,3.858094,346
1598871672.053628683,1.322216,2.995055,4.318271,346
1598871672.087506533,1.181904,3.243038,4.425632,346
1598871672.121166468,1.268034,2.765013,4.033897,346
1598871672.154586077,1.265965,1.418496,2.685631,346
1598871672.188163042,1.257674,1.704820,2.963004,346
1598871672.223084927,1.305955,4.259750,5.566455,346
1598871672.256742239,1.188194,1.928693,3.118107,346
1598871672.289774179,1.334086,1.397416,2.732372,346
1598871672.323548079,1.487128,2.359167,3.847325,346
1598871672.356699944,1.368605,2.914964,4.284229,346
1598871672.390149832,1.177324,3.574521,4.752755,346
1598871672.425815821,1.211434,2.542450,3.755204,346
1598871672.457687855,1.247304,2.935784,4.183938,346
1598871672.491215706,1.140473,3.375379,4.517392,346
1598871672.525341034,1.259815,2.781002,4.041617,346
1598871672.558149099,1.237154,1.384086,2.621960,346
1598871672.591720581,1.642529,1.840981,3.484390,346
1598871672.626477718,1.496037,3.688163,5.185140,346
1598871672.658705235,1.231695,1.637519,2.870484,345
1598871672.692500353,1.148583,1.397807,2.547080,345
1598871672.726373911,1.273835,2.337237,3.611522,345
1598871672.759823799,1.307625,2.800283,4.108648,345
1598871672.793608189,1.125003,3.187327,4.313070,345
1598871672.826827765,1.239494,2.475889,3.716213,345
1598871672.859882593,1.347356,2.829273,4.177479,345
1598871672.893071175,1.275235,3.401450,4.677545,345
1598871672.927916050,1.343626,2.559740,3.904056,345
1598871672.960774422,1.219114,1.402257,2.622141,345
1598871672.995609999,1.315425,1.899213,3.215178,345
1598871673.027061462,1.319745,3.340209,4.660684,345
1598871673.060463190,1.239795,1.651959,2.893604,345
1598871673.093664169,1.152094,1.383746,2.536680,345
1598871673.129405499,1.076653,2.346767,3.423930,345
1598871673.163822651,1.284185,2.772642,4.057607,345
1598871673.195688725,1.249015,3.063006,4.312951,345
1598871673.230699062,1.290395,2.435058,3.726303,345
1598871673.263981581,1.228394,2.828483,4.057667,345
1598871673.294557810,1.077472,3.231188,4.309410,345
1598871673.328193665,1.187694,2.469499,3.657973,345
1598871673.360428333,1.375017,1.464277,2.840234,345
1598871673.393684149,1.048912,1.763151,2.812813,345
1598871673.427920580,1.325986,3.299468,4.626404,345
1598871673.460371971,1.336156,1.696210,3.033366,345
1598871673.497790098,1.211834,1.410777,2.623361,345
1598871673.528514862,1.206354,2.247946,3.455010,345
1598871673.560782433,1.227954,2.747802,3.976436,345
1598871673.593978882,1.252715,2.968224,4.221649,345
1598871673.627361298,1.093813,2.405088,3.499781,344
1598871673.661265612,1.304695,2.759022,4.064467,344
1598871673.694221735,1.242345,3.322089,4.565774,344
1598871673.727057934,1.612879,2.524399,4.137978,344
1598871673.760931492,1.451228,1.439886,2.891924,344
1598871673.793853045,1.443267,1.740130,3.184437,344
1598871673.827539682,1.608769,3.368959,4.979398,344
1598871673.860432625,1.463817,1.731630,3.197007,344
1598871673.894589663,1.381346,1.404866,2.786992,344
1598871673.927929163,1.488548,2.271136,3.760414,344
1598871673.961594343,1.172143,2.844163,4.016986,344
1598871673.993889332,1.329906,2.842463,4.173129,344
1598871674.027697086,1.259995,1.923542,3.184357,344
1598871674.061401129,1.312595,2.744572,4.057927,344
1598871674.094176769,1.246014,3.103166,4.349800,344
1598871674.128632784,1.265405,2.385678,3.652123,344
1598871674.160959721,1.281355,1.354056,2.636771,344
1598871674.194978714,1.215934,1.306056,2.523210,344
1598871674.228014946,1.288795,3.037685,4.327340,344
1598871674.260848761,1.300285,1.696300,2.997445,344
1598871674.293847799,1.377876,1.388967,2.767623,344
1598871674.328830957,1.107073,2.245836,3.353379,344
1598871674.360957623,1.279635,2.899754,4.180439,344
1598871674.394411564,1.077762,2.490589,3.569121,344
1598871674.428076982,1.095863,1.859691,2.956314,344
1598871674.462051630,1.294455,2.682511,3.978426,344
1598871674.494333267,1.245415,2.980514,4.227149,344
1598871674.528383017,1.340656,2.474098,3.815654,344
1598871674.561296701,1.353636,1.402536,2.757402,344
1598871674.594148159,1.171244,1.386066,2.558060,344
1598871674.628640413,1.182104,3.235448,4.418352,344
1598871674.661862850,1.269685,1.371265,2.641900,344
1598871674.695694685,1.192384,1.299815,2.492869,344
1598871674.727885246,1.450217,2.130675,3.581632,344
1598871674.761841297,1.245125,2.643781,3.889646,344
1598871674.794610977,1.190904,2.616390,3.808224,344
1598871674.829072475,1.212624,1.924692,3.138036,344
1598871674.861434221,1.267245,2.644100,3.912255,344
1598871674.894463062,1.237284,2.787543,4.025557,344
1598871674.928605556,1.211994,2.616150,3.828954,344
1598871674.966236353,1.291985,1.359676,2.652541,344
1598871674.995877981,1.156853,1.351786,2.509369,344
1598871675.029809237,1.071773,4.304420,5.376743,344
1598871675.061224222,1.370456,1.365746,2.739022,344
1598871675.094595909,1.346756,1.417416,2.764842,344
1598871675.128818512,1.169404,2.197606,3.367720,344
1598871675.160945415,1.209404,2.787782,3.997916,344
1598871675.195092440,1.236654,3.338219,4.575703,344
1598871675.228470802,1.158233,2.574540,3.733573,344
1598871675.262037754,1.365936,2.595050,3.962616,344
1598871675.294520378,1.210294,3.148397,4.359531,344
1598871675.328691959,1.214864,3.085296,4.302810,344
1598871675.361342192,1.376166,1.566548,2.943784,344
1598871675.397740602,1.120923,1.694979,2.816843,344
1598871675.431623459,1.227494,4.340200,5.568504,344
1598871675.463925838,1.263394,1.429117,2.693281,344
1598871675.497541666,1.257535,1.365566,2.623721,344
1598871675.528775930,1.374076,2.316176,3.691042,344
1598871675.565757036,1.283105,3.140066,4.424511,344
1598871675.597016811,1.182264,3.681833,4.867227,344
1598871675.630442858,1.289305,2.701772,3.992987,344
1598871675.662129641,1.551148,2.728751,4.281189,344
1598871675.695365429,1.227134,3.228058,4.455932,344
1598871675.728877306,1.219084,2.995165,4.215029,344
1598871675.762195587,1.226774,1.588199,2.816303,344
1598871675.796383142,1.057663,1.838801,2.897024,344
1598871675.829503536,1.283235,4.298840,5.582885,344
1598871675.861485004,1.174624,1.625839,2.802083,344
1598871675.898804188,1.148424,1.420186,2.569360,344
1598871675.930579185,1.287635,2.373247,3.661682,344
1598871675.962844372,1.301575,2.897794,4.200309,344
1598871675.995457172,1.212314,3.388199,4.601323,344
1598871676.029520750,1.128203,2.501119,3.630242,344
1598871676.062017918,1.294885,2.673081,3.968856,344
1598871676.094839334,1.246425,3.248298,4.495443,344
1598871676.129317045,1.353546,2.723132,4.077648,344
1598871676.161993265,1.418846,1.582059,3.001785,344
1598871676.195280075,1.546778,1.745170,3.292598,344
1598871676.230999708,1.162293,3.795304,4.958117,344
1598871676.262100697,1.385096,1.326795,2.712651,344
1598871676.295357943,1.173604,1.339106,2.513440,344
1598871676.329973936,1.265615,2.385387,3.651742,344
1598871676.362221718,1.160624,2.643031,3.804485,344
1598871676.396723509,1.253214,3.011775,4.265729,344
1598871676.433008432,1.222814,2.036063,3.259747,344
1598871676.464267731,1.306585,2.588451,3.898886,344
1598871676.497788906,1.312795,3.044176,4.358081,344
1598871676.532372236,1.325285,3.322499,4.650004,344
1598871676.563349962,1.386236,1.691019,3.078005,344
1598871676.595775604,1.246235,1.936142,3.183357,344
1598871676.629549503,1.277494,4.653905,5.932079,344
1598871676.662369967,1.306585,1.503788,2.811303,344
1598871676.695782900,1.117973,1.780521,2.899464,344
1598871676.728972912,1.289535,2.413018,3.703653,344
1598871676.762127638,1.554458,3.094176,4.650484,344
1598871676.795315981,1.343876,4.250040,5.594876,344
1598871676.828868151,1.333846,2.762622,4.098178,344
1598871676.862239122,1.422507,2.961054,4.384401,344
1598871676.895109177,1.136753,4.222329,5.360002,344
1598871676.930020094,1.508208,3.002205,4.512573,344
1598871676.963413000,1.363766,1.704070,3.069076,344
1598871676.995491028,1.227834,1.906512,3.136176,344
1598871677.030461311,1.241864,4.076138,5.319192,344
1598871677.068541288,1.296915,1.764561,3.062536,344
1598871677.097276449,1.225275,1.548237,2.774252,344
1598871677.131036520,1.249514,2.663111,3.913335,344
1598871677.164750814,1.312446,2.982145,4.295381,344
1598871677.196962357,1.117543,4.098728,5.217041,344
1598871677.231000900,1.166193,2.746712,3.913765,344
1598871677.263603926,1.170613,3.005485,4.177348,344
1598871677.296523094,1.304045,4.091057,5.395772,344
1598871677.330280066,1.273505,2.740122,4.015057,344
1598871677.362737179,1.434707,2.155055,3.591352,344
1598871677.397795916,1.213355,1.776660,2.990975,343
1598871677.430339813,1.165764,5.280191,6.446675,343
1598871677.465248585,1.401936,1.903892,3.307828,343
1598871677.499178886,1.232804,1.483538,2.717012,343
1598871677.532996416,1.251345,2.262606,3.514721,343
1598871677.565116167,1.337896,2.819063,4.157709,343
1598871677.596352339,1.240685,3.576891,4.818526,343
1598871677.630562305,1.205124,2.486399,3.692663,343
1598871677.663385391,1.293675,2.826663,4.121238,343
1598871677.696038008,1.257045,3.176117,4.434062,343
1598871677.729819059,1.402766,2.667771,4.071297,343
1598871677.763603449,1.618709,2.088305,3.707754,343
1598871677.796439886,1.346155,1.819911,3.166926,343
1598871677.830254793,1.355236,4.641754,5.997860,343
1598871677.862664938,1.560068,1.643059,3.204047,343
1598871677.895974159,1.774310,1.972803,3.747933,343
1598871677.929975510,1.855511,2.603371,4.461272,343
1598871677.962944031,1.566338,2.841493,4.408751,343
1598871677.996031761,1.655549,3.375610,5.032389,343
1598871678.030993938,1.515958,2.000813,3.518571,343
1598871678.063642740,1.486768,2.639990,4.127638,343
1598871678.101027012,1.463017,3.133196,4.597463,343
1598871678.130126953,1.489637,2.398538,3.888985,343
1598871678.162805796,1.363866,1.441987,2.806803,343
1598871678.196223974,1.296265,1.693640,2.990685,343
1598871678.230274916,1.138574,3.428680,4.568094,343
1598871678.265220404,1.256754,1.602609,2.860193,343
1598871678.297292709,1.312265,1.510217,2.823402,343
1598871678.330200672,1.327305,2.302127,3.631072,343
1598871678.363880157,1.081413,2.847843,3.929956,343
1598871678.397294044,1.395077,3.069315,4.465482,343
1598871678.430570126,1.300215,2.045964,3.347049,343
1598871678.463711262,1.624229,2.810893,4.435722,343
1598871678.496873379,1.445397,3.222427,4.668894,343
1598871678.530539751,1.083913,2.475719,3.560472,343
1598871678.563978434,1.294645,1.764291,3.059646,343
1598871678.596686840,1.291185,1.524168,2.817313,343
1598871678.630776167,1.261185,3.383569,4.645534,343
1598871678.663867950,1.143014,1.543028,2.686692,343
1598871678.696904898,1.156793,1.471207,2.628850,343
1598871678.732663631,1.189184,2.277137,3.466981,343
1598871678.764695406,1.361546,2.751502,4.114478,343
1598871678.796713591,1.138823,2.954545,4.094158,343
1598871678.830568314,1.373646,2.094684,3.469670,343
1598871678.863618612,1.175464,2.827073,4.003357,343
1598871678.896965027,1.158264,3.131886,4.291050,343
1598871678.930391550,1.158693,2.456149,3.615722,343
1598871678.968488693,1.195634,1.576118,2.772772,343
1598871678.996863365,1.221634,1.480477,2.702881,343
1598871679.031984806,1.349116,3.298778,4.648674,343
1598871679.068289280,1.366276,1.640249,3.008275,343
1598871679.098541260,1.221534,1.474528,2.697072,343
1598871679.131410360,1.342956,2.406008,3.749654,343
1598871679.163909197,1.349796,2.804473,4.154919,343
1598871679.198045492,1.173963,2.981665,4.156618,343
1598871679.232214689,1.431327,2.079494,3.511721,343
1598871679.265532017,1.305405,2.728082,4.034337,343
1598871679.299010277,1.229424,3.111536,4.341801,343
1598871679.331026316,1.328815,2.696962,4.028167,343
1598871679.364682436,1.242705,1.607948,2.851493,343
1598871679.397515535,1.177274,1.466727,2.645061,343
1598871679.430699587,1.338896,3.315259,4.654815,343
1598871679.464975834,1.229244,1.467837,2.697831,343
1598871679.497314930,1.309146,1.471617,2.781293,343
1598871679.530610085,1.270255,2.363928,3.634943,343
1598871679.563956261,1.270915,2.867173,4.138838,343
1598871679.597163677,1.257625,3.115626,4.375291,343
1598871679.630858183,1.328515,2.107825,3.437880,343
1598871679.663603544,1.382516,2.742682,4.125968,343
1598871679.701446295,1.191384,3.120447,4.312491,343
1598871679.732618809,1.311225,2.442609,3.754514,343
1598871679.764889002,1.151114,1.563038,2.715032,343
1598871679.797958374,1.295945,1.470277,2.766922,343
1598871679.831185818,1.238894,3.229388,4.469032,343
1598871679.865007639,1.380456,1.556668,2.937844,343
1598871679.898035765,1.198724,1.475737,2.675601,343
1598871679.931047678,1.237175,2.338267,3.576142,343
1598871679.965119600,1.290685,2.883663,4.175078,342
1598871679.997562170,1.311505,3.035956,4.348161,342
1598871680.030755997,1.210694,2.033504,3.245068,342
1598871680.064824820,1.253154,2.708422,3.962316,342
1598871680.097501278,1.157564,3.779384,4.937818,341
1598871680.130656719,1.311705,2.416118,3.729183,341
1598871680.164689064,1.264275,1.476107,2.741412,340
1598871680.197295189,1.342956,1.387776,2.731982,340
1598871680.231547117,1.209645,3.504900,4.715395,340
1598871680.264719963,1.244044,1.571119,2.815843,339
1598871680.298055887,1.166743,1.400747,2.568240,339
1598871680.332925797,1.324166,2.335917,3.661073,339
1598871680.364907980,1.356075,2.894504,4.251479,339
1598871680.397844315,1.121273,2.986885,4.108948,338
1598871680.435462713,1.238855,2.074664,3.314369,337
1598871680.465589285,1.331985,2.711732,4.044547,337
1598871680.497615576,1.261085,3.545681,4.807426,337
1598871680.534363508,1.644330,2.537979,4.185369,336
1598871680.565693378,1.458637,1.517367,2.976774,373
1598871680.597883463,1.312355,1.392986,2.706151,372
1598871680.632770777,1.351606,3.302498,4.654874,372
1598871680.665034771,1.363426,1.547788,2.912214,372
1598871680.697898149,1.371506,1.625209,2.997455,371
1598871680.732369184,1.404337,2.302816,3.707903,369
1598871680.765063047,1.446606,2.981405,4.429521,367
1598871680.798696518,1.395687,3.286638,4.683155,366
1598871680.833374262,1.343516,2.162495,3.506871,366
1598871680.871491671,1.245375,2.750152,3.996287,366
1598871680.899531603,1.279385,3.930496,5.210561,366
1598871680.934873819,1.387136,4.276520,5.664646,366
1598871680.966968536,1.198224,1.679310,2.878734,365
1598871681.001447678,1.252785,1.330485,2.584110,364
1598871681.034396410,1.396596,3.303439,4.700745,362
1598871681.069437981,1.366516,1.528638,2.895964,359
1598871681.102706909,1.258125,1.364866,2.623751,357
1598871681.136969805,1.467427,2.122064,3.590191,351
1598871681.170188665,1.276205,2.648641,3.925696,347
1598871681.201375246,1.545828,3.018715,4.565473,342
1598871681.235953093,1.281415,1.896572,3.178717,378
1598871681.269294500,1.245355,2.569150,3.815285,374
1598871681.301724672,1.297646,3.085385,4.383891,370
1598871681.335309029,1.400677,2.404477,3.806474,363
1598871681.368928432,1.283654,1.411257,2.695821,363
1598871681.401931047,1.305345,1.450587,2.756692,357
1598871681.436194658,1.411306,2.892064,4.304090,350
1598871681.469089270,1.559488,1.847512,3.407840,339
1598871681.501722813,1.381746,1.579508,2.962134,381
1598871681.536459208,1.520468,2.293846,3.815174,379
1598871681.568730116,1.345425,2.474629,3.820974,379
1598871681.604460478,1.439366,4.852797,6.293073,377
1598871681.636073589,1.349725,2.167846,3.518661,377
1598871681.669563532,1.412956,2.289437,3.703253,377
1598871681.703377962,1.341856,3.305328,4.648264,377
1598871681.736339808,1.357045,2.794373,4.152208,377
1598871681.769879341,1.255774,1.334616,2.591310,377
1598871681.808025360,1.156983,1.315796,2.473509,375
1598871681.840816975,1.232814,3.737644,4.971218,373
1598871681.869326353,1.287025,3.688133,4.976288,370
1598871681.902075529,1.269275,1.427927,2.698142,369
1598871681.936747789,1.267674,2.418059,3.686393,368
1598871681.969012499,1.248844,2.635891,3.885545,367
1598871682.002941132,1.374936,4.718115,6.093921,367
1598871682.036065817,1.344716,2.602140,3.947726,363
1598871682.069370985,1.367316,2.595221,3.963477,362
1598871682.102190971,1.370676,2.997065,4.368581,362
1598871682.135973215,1.311345,2.981525,4.294020,362
1598871682.169364929,1.334925,1.420317,2.756472,362
1598871682.202767372,1.311645,1.585419,2.897554,360
1598871682.236280918,1.414086,4.603464,6.018520,360
1598871682.270623684,1.382976,3.554461,4.938517,358
1598871682.302314520,1.266824,1.500148,2.767782,356
1598871682.335845709,1.476277,2.351917,3.829214,356
1598871682.370641470,1.444376,2.672822,4.118628,355
1598871682.403894186,1.319376,4.924587,6.244633,353
1598871682.435938835,1.451077,2.897534,4.350841,352
1598871682.470731497,1.385016,2.580410,3.967176,352
1598871682.502389669,1.334066,3.152997,4.487613,350
1598871682.536195755,1.457047,2.978484,4.436411,348
1598871682.570298910,1.362886,1.465157,2.828873,346
1598871682.603355169,1.350186,1.441117,2.792133,360
1598871682.636269569,1.444217,4.551333,5.996150,355
1598871682.670320034,1.300115,3.553021,4.853936,352
1598871682.703753710,1.277325,1.469877,2.747922,352
1598871682.736468792,1.263595,2.303067,3.567412,352
1598871682.769645452,1.403757,2.666401,4.070988,350
1598871682.803783178,1.392376,4.515673,5.908709,390
1598871682.837038040,1.408007,2.932864,4.342171,381
1598871682.870469809,1.443097,2.499739,3.943526,378
1598871682.904500008,1.426807,3.226517,4.653984,375
1598871682.936462879,1.417886,2.911794,4.330780,373
1598871682.969941378,1.188564,2.422678,3.612062,373
1598871683.003976822,1.276834,1.364986,2.642690,372
1598871683.036582947,1.348875,4.544673,5.894368,372
1598871683.069889069,1.317176,3.486610,4.804826,372
1598871683.103223562,1.376616,1.454457,2.833143,372
1598871683.137005568,1.436357,2.333657,3.770954,372
1598871683.169475317,1.398646,4.569134,5.968430,372
1598871683.202978611,1.312785,4.156929,5.470794,372
1598871683.236819744,1.369276,3.016225,4.386281,372
1598871683.270452976,1.398556,2.446518,3.845825,372
1598871683.304281235,1.339446,3.019315,4.359601,372
1598871683.337787628,1.389006,2.917144,4.307050,372
1598871683.373369217,1.492187,2.700472,4.194229,372
1598871683.408220768,1.272655,1.450807,2.724422,372
1598871683.439107418,1.291125,4.676785,5.968720,372
1598871683.477537155,1.366726,3.340909,4.708495,372
1598871683.508670807,1.355706,1.442487,2.799023,372
1598871683.540316820,1.465237,2.393658,3.859665,372
1598871683.574006319,1.305705,4.493812,5.800197,372
1598871683.607565641,1.196864,3.736703,4.934417,372
1598871683.643444538,1.466827,3.122746,4.592883,372
1598871683.676798820,1.339235,2.872134,4.212639,372
1598871683.710454702,1.249915,3.006195,4.257690,372
1598871683.741318941,1.305415,3.155357,4.462132,372
1598871683.775552034,1.337476,2.515419,3.853805,372
1598871683.809012413,1.404187,1.610089,3.015066,372
1598871683.842918158,1.160433,4.347061,5.508324,372
1598871683.876606464,1.317365,2.857293,4.175438,372
1598871683.911002874,1.267765,1.479287,2.747812,372
1598871683.943564892,1.348935,2.341718,3.692293,372
1598871683.977213621,1.416387,4.650384,6.067531,372
1598871684.010472298,1.278405,3.281048,4.560503,372
1598871684.045181513,1.490067,2.714422,4.208459,372
1598871684.077429295,1.577578,2.678822,4.259200,372
1598871684.111009121,1.580479,3.359369,4.942618,372
1598871684.144744396,1.622008,3.139887,4.764006,372
1598871684.177888632,1.555508,2.581110,4.138488,372
1598871684.211401224,1.496997,1.930693,3.430280,372
1598871684.245558023,1.513208,4.408861,5.922759,372
1598871684.279993773,1.703220,3.530051,5.238551,372
1598871684.313616037,1.474767,1.658849,3.136466,372
1598871684.346142769,1.676680,2.711291,4.391231,372
1598871684.379574299,1.682499,5.303432,6.989211,372
1598871684.416797876,1.595199,4.068097,5.666616,372
1598871684.446882486,1.626829,3.079706,4.709745,372
1598871684.480455399,1.709160,2.858593,4.571673,372
1598871684.513537169,1.560788,3.222338,4.785836,372
1598871684.546714306,1.797571,3.009045,4.809436,372
1598871684.581188202,1.754241,2.573500,4.329741,372
1598871684.614783049,1.597348,1.557258,3.156077,372
1598871684.647774696,1.618699,4.287140,5.906889,372
1598871684.681769609,1.687409,3.066916,4.755955,372
1598871684.715383291,1.576038,1.520358,3.097346,372
1598871684.748475552,1.541258,2.446938,3.988926,371
1598871684.782805681,1.629949,4.546863,6.177452,371
1598871684.816288948,1.400666,3.968436,5.370442,371
1598871684.851029634,1.363036,2.516169,3.879975,371
1598871684.882886887,1.281265,2.279616,3.561821,371
1598871684.917010069,1.422026,2.997775,4.420621,371
1598871684.950544119,1.245104,2.682521,3.928465,371
1598871684.956321716,1.490497,2.378658,3.870195,371
1598871684.983502150,1.250095,1.491907,2.743032,371
1598871685.017274857,1.310466,3.126786,4.437852,371
1598871685.050805092,1.201514,2.940664,4.143338,371
1598871685.085715532,1.454577,1.469247,2.924614,371
1598871685.117955923,1.352986,2.336507,3.690013,371
1598871685.153176546,1.301785,4.481992,5.784617,371
1598871685.185512304,1.401316,3.212797,4.615063,371
1598871685.219078779,1.426997,2.420038,3.847785,371
1598871685.253061056,1.450347,2.202996,3.654153,371
1598871685.286417961,1.295885,2.752592,4.049507,371
1598871685.320353746,1.258025,2.885023,4.143998,371
1598871685.353312016,1.268895,2.358517,3.628162,371
1598871685.387621164,1.256544,1.842432,3.100366,371
1598871685.420837164,1.196884,3.472281,4.670155,371
1598871685.454215527,1.421367,2.944364,4.367771,371
1598871685.488998175,1.272075,1.449556,2.722501,371
1598871685.522818804,1.496988,3.188867,4.687165,371
1598871685.554599524,1.258905,4.886416,6.147371,371
1598871685.588596344,1.256705,3.346149,4.604184,371
1598871685.622062206,1.351256,2.513259,3.865565,371
1598871685.655580282,1.238534,2.290807,3.530592,371
1598871685.689781904,1.230284,2.774362,4.005716,371
1598871685.724434137,1.240164,2.700641,3.941705,371
1598871685.756506443,1.250925,2.723312,3.975027,371
1598871685.790508747,1.402626,1.460027,2.864133,371
1598871685.824831963,1.362806,3.277858,4.641454,371
1598871685.857827425,1.271915,2.900434,4.173289,371
1598871685.892665625,1.291715,1.465887,2.758472,371
1598871685.925268412,1.314915,2.372098,3.687703,371
1598871685.958881140,1.268855,4.450892,5.720497,371
1598871685.996985912,1.276525,3.950996,5.228471,371
1598871686.028506279,1.148033,2.490109,3.639212,371
1598871686.060816050,1.210554,2.331348,3.542812,371
1598871686.094074965,1.190224,2.961804,4.153268,371
1598871686.126542568,1.376946,3.169277,4.548693,371
1598871686.159742594,1.379626,2.455098,3.837714,371
1598871686.194849014,1.235594,1.446627,2.683451,371
1598871686.228997469,1.277745,3.619192,4.898437,371
1598871686.261409044,1.408366,2.925534,4.335410,371
1598871686.294388533,1.241465,1.433057,2.675432,371
1598871686.328564405,1.318185,2.343978,3.662983,371
1598871686.361731291,1.287015,4.502352,5.790537,371
1598871686.394797087,1.278445,4.047017,5.326542,371
1598871686.434163809,1.352386,2.780622,4.135638,371
1598871686.465390444,1.722281,2.911753,4.636644,371
1598871686.495603800,1.462627,2.980985,4.445252,371
1598871686.530295372,1.417697,2.605920,4.024917,371
1598871686.562680483,1.353876,2.587580,3.942696,371
1598871686.597564697,1.297575,1.612028,2.910673,371
1598871686.631106377,1.279865,3.380450,4.661665,371
1598871686.663887262,1.260235,2.903794,4.164869,371
1598871686.698703289,1.193934,1.437706,2.632430,371
1598871686.736516953,1.292525,2.398768,3.691973,371
1598871686.765748262,1.266905,4.605973,5.873678,371
1598871686.800238609,1.403696,4.104958,5.509604,371
1598871686.833766937,1.412977,2.729952,4.143859,371
1598871686.866066694,1.474537,2.559460,4.035947,371
1598871686.898978472,1.252945,3.010865,4.265410,371
1598871686.933329821,1.343786,2.735612,4.080588,371
1598871686.965950251,1.306745,2.345387,3.653212,370
1598871687.002993584,1.319056,1.613158,2.933334,370
1598871687.035904408,1.207884,3.198367,4.407091,370
1598871687.067249298,1.264994,2.843644,4.109608,370
1598871687.099752188,1.442737,1.504608,2.949885,370
1598871687.135477304,1.336816,2.287556,3.625212,370
1598871687.167326689,1.329235,4.409881,5.740046,370
1598871687.201864481,1.371976,3.951006,5.324002,370
1598871687.235549450,1.266795,2.322447,3.590522,370
1598871687.268608093,1.326336,2.355487,3.682613,370
1598871687.301931143,1.237204,3.003595,4.242589,370
1598871687.336706877,1.460986,2.574381,4.036547,370
1598871687.369688749,1.451257,2.288306,3.741573,370
1598871687.402788639,1.153213,1.378126,2.532549,370
1598871687.436213732,1.224444,3.102016,4.327190,370
1598871687.470196724,1.247905,2.940644,4.189719,370
1598871687.503360033,1.306065,1.368426,2.675421,370
1598871687.537680864,1.279135,2.269117,3.548972,370
1598871687.570646524,1.289835,4.265050,5.555865,370
1598871687.604010820,1.336576,3.456850,4.794446,370
1598871687.638493061,1.626129,2.877463,4.507832,370
1598871687.671538591,1.504678,2.603000,4.111228,370
1598871687.704845190,1.475437,3.161897,4.641564,370
1598871687.740740776,1.567268,3.024095,4.595743,370
1598871687.774149895,1.482057,2.519859,4.005636,370
1598871687.805765390,1.364276,1.502837,2.868233,370
1598871687.841124296,1.425576,3.570552,4.998668,370
1598871687.873148918,1.566938,3.543641,5.115529,370
1598871687.907582521,1.450597,1.951943,3.404190,370
1598871687.941055059,1.560728,2.469519,4.033837,370
1598871687.977197886,1.515368,3.810904,5.328092,370
1598871688.007791758,1.481467,3.288529,4.773566,370
1598871688.041396379,1.381116,2.174065,3.556691,370
1598871688.075354815,1.331265,2.282717,3.614872,370
1598871688.110055208,1.333795,2.788473,4.123408,370
1598871688.143003941,1.355656,2.353217,3.709663,370
1598871688.180892229,1.510237,2.206636,3.717773,370
1598871688.213268757,1.332076,1.449176,2.781852,370
1598871688.245141268,1.334366,2.837233,4.172289,370
1598871688.276494026,1.233335,2.795942,4.030507,370
1598871688.310356379,1.215335,1.399736,2.615871,370
1598871688.345966578,1.126503,2.310627,3.437930,370
1598871688.376479387,1.335215,3.371459,4.707504,370
1598871688.411833048,1.268105,3.048095,4.317430,370
1598871688.446656704,1.290005,2.045174,3.335919,370
1598871688.478738785,1.269314,2.206296,3.476480,370
1598871688.512355328,1.258095,2.717431,3.976706,370
1598871688.545006514,1.730020,2.881903,4.613443,370
1598871688.579380751,1.350225,2.523780,3.875055,370
1598871688.613677025,1.373846,1.386146,2.761592,370
1598871688.646883011,1.163023,2.884844,4.048737,370
1598871688.679268837,1.295095,3.094406,4.390371,370
1598871688.713509560,1.209204,1.387916,2.598070,370
1598871688.746767998,1.224635,2.252166,3.477651,370
1598871688.781145096,1.245664,3.201077,4.447761,370
1598871688.814187050,1.421977,2.902483,4.326510,370
1598871688.847301006,1.229434,2.034414,3.264578,370
1598871688.881532669,1.286595,2.259266,3.546541,370
1598871688.915190697,1.281525,2.656781,3.939726,370
1598871688.948547125,1.336445,2.482429,3.819514,370
1598871688.981758118,1.415587,2.302157,3.718894,370
1598871689.015734911,1.436897,1.425406,2.863433,370
1598871689.049463272,1.128593,2.733101,3.862584,370
1598871689.083732128,1.553328,2.642081,4.196169,370
1598871689.116043568,1.352336,1.405116,2.758352,370
1598871689.151973963,1.356055,2.182696,3.539451,370
1598871689.183228493,1.211544,3.210537,4.423051,370
1598871689.217481852,1.333475,2.825683,4.159888,370
1598871689.250379801,1.308075,2.099544,3.409409,370
1598871689.284723282,1.355906,2.328177,3.684973,370
1598871689.319138050,1.418946,2.688872,4.108838,370
1598871689.351936579,1.473528,2.329517,3.804025,370
1598871689.357656479,1.475657,2.183846,3.660353,370
1598871689.385594845,1.222045,1.391446,2.614241,370
1598871689.418578625,1.291265,2.732171,4.024096,370
1598871689.452826738,1.412747,3.023025,4.437812,370
1598871689.485486507,1.291245,1.397246,2.689441,370
1598871689.519855738,1.345706,2.151355,3.497561,370
1598871689.553203106,1.300296,3.334138,4.635154,370
1598871689.590172052,1.355856,2.964595,4.322161,370
1598871689.621688366,1.184974,2.046684,3.232688,370
1598871689.654706955,1.227334,2.294117,3.522311,370
1598871689.688852787,1.209484,2.617200,3.827674,370
1598871689.722652674,1.190824,2.329747,3.521541,370
1598871689.754158020,1.379946,2.292337,3.673603,370
1598871689.790014982,1.175464,1.699280,2.875994,370
1598871689.822410345,1.210674,2.755242,3.966646,370
1598871689.857085228,1.284405,2.651381,3.936726,370
1598871689.895478964,1.202994,1.420436,2.624480,370
1598871689.924709320,1.365216,2.252526,3.618962,370
1598871689.957181931,1.249655,3.230417,4.480852,370
1598871689.989787340,1.230955,2.902264,4.134079,370
1598871690.024311304,1.196524,2.027554,3.225088,370
1598871690.057569504,1.273325,2.279027,3.553042,370
1598871690.091485977,1.259555,2.788452,4.049727,370
1598871690.125418425,1.234924,2.351707,3.587791,370
1598871690.164062500,1.268105,2.201506,3.470301,370
1598871690.191548824,1.143964,1.739930,2.885364,370
1598871690.225169659,1.256315,2.776512,4.033427,370
1598871690.266910076,1.268005,2.624400,3.893245,370
1598871690.293065786,1.172973,1.391296,2.565029,370
1598871690.325946331,1.313415,2.252036,3.566271,370
1598871690.359754086,1.302385,3.342959,4.647534,370
1598871690.394740820,1.346716,2.963064,4.310590,370
1598871690.428226233,1.246904,2.341978,3.589732,370
1598871690.462800980,1.578068,2.489059,4.068627,370
1598871690.493454695,1.490218,2.786052,4.277740,370
1598871690.527836323,1.456297,2.425628,3.882985,370
1598871690.561447859,1.516328,2.295117,3.812875,370
1598871690.595467329,1.202344,1.702310,2.905844,370
1598871690.629456520,1.326336,2.743062,4.070038,370
1598871690.662478209,1.293965,2.613791,3.908696,370
1598871690.696523905,1.134894,1.400026,2.536370,370
1598871690.729796171,1.214814,2.281387,3.497071,370
1598871690.763134480,1.347876,3.564341,4.912827,370
1598871690.801381826,1.158123,2.930825,4.089758,370
1598871690.830643177,1.154894,2.466228,3.622022,370
1598871690.863372087,1.324345,2.482499,3.807744,370
1598871690.897452116,1.219534,2.692191,3.912995,370
1598871690.930712223,1.186153,2.292547,3.479500,370
1598871690.964020252,1.309025,2.216705,3.526880,370
1598871690.997345924,1.208874,1.759461,2.968985,370
1598871691.031464100,1.312066,2.696161,4.008957,370
1598871691.065371990,1.281215,2.782082,4.064057,370
1598871691.098747730,1.161683,1.497458,2.660211,370
1598871691.133568764,1.155164,2.509719,3.665883,370
1598871691.167593002,1.419577,3.370269,4.792016,370
1598871691.200403690,1.368446,2.953444,4.323130,370
1598871691.234218836,1.236804,2.123185,3.362319,370
1598871691.266910076,1.222174,2.341627,3.565281,370
1598871691.300450802,1.392026,2.714142,4.107118,370
1598871691.336419821,1.659629,3.037075,4.697624,370
1598871691.369310617,1.453387,2.719692,4.174139,370
1598871691.401565552,1.256725,1.529698,2.787353,370
1598871691.435130596,1.302215,3.055096,4.358811,370
1598871691.468006611,1.347476,2.403778,3.752254,370
1598871691.507553339,1.366465,1.547898,2.914974,370
1598871691.535419941,1.254494,2.291717,3.547041,370
1598871691.568831682,1.332705,2.778862,4.112267,370
1598871691.602514267,1.203234,2.842783,4.046687,370
1598871691.636711836,1.317005,2.047214,3.364889,370
1598871691.672346115,1.546838,2.557690,4.107858,370
1598871691.703328371,1.229875,2.802282,4.033327,370
1598871691.737741232,1.406256,2.584070,3.991486,370
1598871691.770414114,1.248575,1.843541,3.093306,370
1598871691.802942038,1.152753,1.500208,2.653591,370
1598871691.837388515,1.246985,2.813703,4.061348,370
1598871691.870868683,1.220494,2.696711,3.918655,370
1598871691.904883385,1.128913,1.497007,2.626970,370
1598871691.938978910,1.075573,2.283337,3.359560,370
1598871691.976784706,1.357976,3.175757,4.534503,370
1598871692.005757093,1.353715,2.838323,4.193518,370
1598871692.040665388,1.130453,2.547550,3.679313,370
1598871692.078404427,1.217944,2.320087,3.539071,370
1598871692.106677532,1.372246,2.745362,4.118268,370
1598871692.140776157,1.180243,2.498129,3.679042,370
1598871692.173503876,1.140254,1.783901,2.924905,370
1598871692.207360029,1.297855,1.494667,2.793492,370
1598871692.241666079,1.201514,2.933884,4.136238,370
1598871692.274131298,1.264714,2.659052,3.924566,370
1598871692.309127808,1.317846,1.496457,2.815083,370
1598871692.343090773,1.186264,2.309106,3.496030,370
1598871692.375205994,1.222834,4.273260,5.496834,370
1598871692.408786058,1.262305,3.069735,4.333040,370
1598871692.443650484,1.213164,2.533000,3.746824,370
1598871692.475662231,1.294535,2.420978,3.716273,370
1598871692.510441542,1.288095,2.870864,4.159789,370
1598871692.544964790,1.337036,2.619940,3.958016,370
1598871692.578326464,1.152713,2.282386,3.435819,370
1598871692.611586094,1.315185,1.623919,2.939764,370
1598871692.645923615,1.222415,3.874575,5.098250,370
1598871692.679261684,1.295345,2.776242,4.072477,370
1598871692.713842154,1.231554,1.502247,2.734541,370
1598871692.746510744,1.324515,2.412078,3.737313,370
1598871692.779682875,1.352146,4.572593,5.925619,370
1598871692.813409328,1.383436,3.979397,5.364063,370
1598871692.847739458,1.222235,2.834472,4.057417,370
1598871692.879852533,1.500017,2.744762,4.246929,370
1598871692.912986040,1.853451,2.965175,4.820186,370
1598871692.945990562,1.552699,2.931374,4.485283,370
1598871692.980822086,1.557678,2.686392,4.245140,370
1598871693.013318300,1.681830,1.535998,3.218588,370
1598871693.046762466,1.286985,4.496383,5.784148,370
1598871693.080428600,1.386856,2.890804,4.278740,370
1598871693.113763571,1.240434,1.489628,2.731132,369
1598871693.149039030,1.117653,2.442079,3.560262,369
1598871693.181430817,1.180444,4.764255,5.945449,369
1598871693.215303183,1.317725,3.945416,5.264781,369
1598871693.248508930,1.285845,2.813922,4.100547,369
1598871693.286204338,1.219544,2.619160,3.839484,369
1598871693.315984964,1.374966,2.945224,4.320880,369
1598871693.350382805,1.279885,2.949364,4.229859,369
1598871693.384956598,1.359436,2.504979,3.865335,369
1598871693.420357943,1.310346,1.576948,2.888104,368
1598871693.449994802,1.275615,4.503213,5.781148,368
1598871693.483994722,1.341376,2.876243,4.219039,368
1598871693.517799377,1.343936,1.547428,2.892964,368
1598871693.550421715,1.235835,2.436338,3.673483,368
1598871693.584809065,1.287485,4.599774,5.888359,368
1598871693.617757559,1.311385,3.993526,5.305941,368
1598871693.651853800,1.404806,2.942275,4.348621,368
1598871693.685301304,1.172694,2.926844,4.100588,368
1598871693.719433069,1.265845,3.008095,4.274770,368
1598871693.725407362,1.345506,2.728292,4.074468,368
1598871693.752729893,1.288885,2.386048,3.675773,368
1598871693.785744429,1.275564,1.498898,2.775352,368
1598871693.819866657,1.339996,4.198128,5.538914,368
1598871693.855288029,1.294185,2.821303,4.116428,368
1598871693.887292385,1.434967,1.484567,2.920354,368
1598871693.920886040,1.312895,2.429859,3.743424,368
1598871693.954816341,1.540657,4.698035,6.239542,368
1598871693.987904310,1.607519,4.399101,6.007670,368
1598871694.024582624,1.447826,2.706292,4.155278,368
1598871694.057618380,1.473137,2.574300,4.048227,368
1598871694.090981960,1.429266,3.041685,4.471762,368
1598871694.126396656,1.470807,2.498479,3.970096,368
1598871694.156943798,1.534868,2.450159,3.985727,368
1598871694.193081379,1.279035,1.510237,2.790182,368
1598871694.225474596,1.150583,3.261388,4.412891,368
1598871694.257672310,1.351856,2.849903,4.202809,368
1598871694.290543556,1.647969,1.721350,3.370799,368
1598871694.325530529,1.316135,2.470889,3.788304,368
1598871694.359293938,1.610778,4.416062,6.029131,368
1598871694.390508890,1.553788,3.976417,5.531725,368
1598871694.424391031,1.558678,2.748172,4.308390,368
1598871694.458738565,1.409107,2.410808,3.821045,368
1598871694.491588354,1.584478,3.059976,4.645724,368
1598871694.526860476,1.582499,2.477488,4.061097,368
1598871694.559165001,1.755241,2.646921,4.404732,368
1598871694.592535257,1.484708,1.514427,3.000105,368
1598871694.625831127,1.486427,3.208288,4.695615,368
1598871694.659404755,1.500668,2.918313,4.420551,368
1598871694.693137169,1.564268,1.786951,3.351909,368
1598871694.726746559,1.338076,2.374497,3.713893,368
1598871694.764557600,1.363325,3.454451,4.818656,368
1598871694.793661118,1.478607,3.058656,4.538583,368
1598871694.827608347,1.218284,2.108844,3.327848,368
1598871694.861285686,1.376346,2.420908,3.797894,368
1598871694.894006014,1.227925,2.829133,4.057898,368
1598871694.928912163,1.190934,1.639469,2.830973,368
1598871694.960933685,1.375596,2.371958,3.749124,368
1598871694.995259523,1.491027,1.539958,3.032085,368
1598871695.029636860,1.225914,3.038235,4.265189,368
1598871695.063541651,1.270265,2.775472,4.046527,368
1598871695.096663237,1.379106,1.483627,2.863593,368
1598871695.130644083,1.327645,2.301907,3.630262,368
1598871695.162634850,1.356046,3.101046,4.460882,368
1598871695.200802088,1.334526,2.937704,4.273120,368
1598871695.233362436,1.219724,2.134955,3.355819,368
1598871695.265063047,1.189914,2.308227,3.499251,368
1598871695.297304153,1.413716,2.768632,4.182958,368
1598871695.336464167,1.306346,2.419148,3.726434,368
1598871695.365617275,1.234385,2.233466,3.468531,368
1598871695.403284311,1.362316,1.507677,2.870733,368
1598871695.432749271,1.378586,3.243848,4.623154,368
1598871695.465039968,1.375776,2.831203,4.209019,368
1598871695.503253460,1.394427,1.493507,2.888724,368
1598871695.534666061,1.249405,2.327567,3.577662,368
1598871695.566403627,1.280634,3.346449,4.627973,368
1598871695.601774454,1.268124,2.997555,4.266639,368
1598871695.634382010,1.314265,2.543300,3.858725,368
1598871695.667146683,1.243784,2.301797,3.546441,368
1598871695.699790716,1.319265,3.168997,4.491762,368
1598871695.734117508,1.400316,2.735722,4.136908,368
1598871695.768474102,1.369416,2.348747,3.719003,368
1598871695.801579475,1.324136,1.525827,2.851063,368
1598871695.835892677,1.269715,4.632523,5.903078,368
1598871695.868751287,1.257264,2.760983,4.018967,368
1598871695.902306080,1.263675,1.506528,2.770913,368
1598871695.936910629,1.381906,2.829313,4.212109,368
1598871695.969749689,1.201404,4.672974,5.875298,368
1598871696.003622532,1.284825,4.173918,5.459593,368
1598871696.037293673,1.361606,2.785823,4.148349,368
1598871696.070577621,1.221254,2.392418,3.614432,368
1598871696.104505062,1.393536,3.231218,4.625384,367
1598871696.137816668,1.369856,2.723332,4.093978,367
1598871696.176193714,1.369165,2.793133,4.162998,367
1598871696.204538822,1.311065,1.485587,2.797612,367
1598871696.239087582,1.283835,4.645504,5.930239,367
1598871696.272863865,1.415217,2.846733,4.262810,367
1598871696.305463552,1.258825,1.484777,2.744522,367
1598871696.340513945,1.213454,2.310527,3.524901,367
1598871696.374649048,1.380526,4.881076,6.263133,367
1598871696.406804085,1.338415,4.162909,5.502464,367
1598871696.442582607,1.186043,2.744722,3.931825,367
1598871696.473436594,1.335856,2.401797,3.738373,367
1598871696.507979393,1.300985,2.877914,4.179659,367
1598871696.541768312,1.783210,3.396370,5.180480,367
1598871696.574499846,1.924203,2.458738,4.385291,367
1598871696.607991695,1.754980,1.781851,3.537771,367
1598871696.640887976,1.756830,4.734275,6.492265,367
1598871696.676262617,1.454867,2.908414,4.364571,367
1598871696.709377050,1.345046,1.491867,2.837793,367
1598871696.742214918,1.172164,2.270536,3.443360,367
1598871696.776310921,1.312275,4.501093,5.814148,367
1598871696.810398340,1.340525,3.422250,4.764385,367
1598871696.843859911,1.310955,2.573130,3.884865,367
1598871696.876916170,1.319905,2.345178,3.665963,367
1598871696.910896778,1.337786,2.791172,4.129808,367
1598871696.944195747,1.381546,2.379967,3.762173,367
1598871696.978478193,1.388376,2.310947,3.700093,367
1598871697.016359568,1.254555,1.472667,2.728032,367
1598871697.049261093,1.378106,3.086206,4.465042,367
1598871697.079370260,1.262304,3.023226,4.287000,367
1598871697.115301847,1.235985,1.495717,2.732552,367
1598871697.149026871,1.072573,2.283066,3.356139,367
1598871697.181597710,1.241565,4.540503,5.782848,367
1598871697.213706732,1.261585,3.266308,4.528903,367
1598871697.247174263,1.445056,2.553210,3.998916,367
1598871697.282134771,1.315726,2.361647,3.678193,367
1598871697.317120790,1.358275,2.810933,4.169978,367
1598871697.349315882,1.321576,2.289996,3.612512,367
1598871697.384002924,1.185164,2.369157,3.555081,367
1598871697.416192293,1.250455,1.489417,2.740692,367
1598871697.447660446,1.331946,3.102246,4.434862,367
1598871697.483436346,1.426836,2.730782,4.158968,367
1598871697.519080162,1.339086,1.530138,2.869994,367
1598871697.549872160,1.295965,2.286967,3.583692,367
1598871697.584324121,1.253175,4.327530,5.581425,367
1598871697.616869450,1.406816,3.015156,4.422932,367
1598871697.649109364,1.312115,2.531990,3.844775,367
1598871697.683548450,1.308246,2.404328,3.713304,367
1598871697.718791962,1.221354,2.707532,3.929836,367
1598871697.752376795,1.177573,2.231926,3.410289,367
1598871697.785425901,1.468817,2.545170,4.014717,367
1598871697.816836834,1.628659,1.505538,3.134677,367
1598871697.851296902,1.612609,3.162257,4.775576,367
1598871697.885182858,1.635889,2.652831,4.289660,367
1598871697.918789148,1.638319,1.472718,3.111767,367
1598871697.951721907,1.607889,2.270866,3.879465,367
1598871697.987210274,1.755730,4.596734,6.353504,367
1598871698.018498898,1.605918,3.257158,4.865166,367
1598871698.052605867,1.456567,3.188327,4.649464,367
1598871698.086638927,1.466327,2.824603,4.293450,367
1598871698.119161367,1.651080,3.371679,5.026599,367
1598871698.152992487,1.660120,2.771952,4.435132,367
1598871698.186658859,1.435106,2.662381,4.099037,367
1598871698.220918417,1.490327,2.012853,3.508350,367
1598871698.253615856,1.467437,3.749754,5.219141,367
1598871698.288070440,1.569839,3.329958,4.903027,367
1598871698.321536064,1.555668,1.826831,3.385719,367
1598871698.357218027,1.423417,2.784602,4.212269,367
1598871698.391992569,1.571369,5.189190,6.763349,367
1598871698.424979925,1.543578,4.068467,5.615635,367
1598871698.455939770,1.472237,3.119166,4.595693,367
1598871698.490423679,1.658900,2.773122,4.435352,367
1598871698.522289038,1.315725,3.488061,4.805856,367
1598871698.556471109,1.678320,2.685381,4.367631,367
1598871698.589912415,1.505508,2.421478,3.929346,367
1598871698.623126268,1.457807,1.471697,2.930584,367
1598871698.656551838,1.258154,3.321179,4.580463,367
1598871698.691106319,1.405456,3.106806,4.513342,367
1598871698.724457502,1.339635,1.521358,2.862293,367
1598871698.758403063,1.201514,2.318717,3.520971,367
1598871698.791605949,1.392186,4.486332,5.879368,367
1598871698.825399637,1.382077,3.326888,4.709755,367
1598871698.858764410,1.286375,2.635361,3.922646,367
1598871698.894249201,1.298416,2.328377,3.627513,367
1598871698.925318480,1.226984,2.697622,3.925296,367
1598871698.959553242,1.412206,2.554860,3.969476,367
1598871698.993823051,1.222684,2.134005,3.357609,367
1598871699.026469231,1.147993,1.729860,2.878653,367
1598871699.059916973,1.113023,3.465700,4.579743,367
1598871699.098723173,1.302645,2.935974,4.241159,367
1598871699.127730131,1.224224,1.514148,2.739152,367
1598871699.161044359,1.313125,2.347498,3.661513,367
1598871699.194975853,1.450546,4.636264,6.089501,367
1598871699.228327036,1.386626,3.624002,5.012188,367
1598871699.261998177,1.278315,2.599260,3.878905,367
1598871699.296497345,1.234624,2.463949,3.699963,367
1598871699.329670906,1.307675,2.781702,4.090327,367
1598871699.364761591,1.689730,2.459659,4.150349,367
1598871699.396987200,1.469307,2.281076,3.751253,367
1598871699.433646679,1.330466,1.785220,3.116546,367
1598871699.462910652,1.269564,3.570192,4.840516,367
1598871699.497542143,1.410427,2.572869,3.985526,367
1598871699.531406879,1.285635,1.485827,2.772482,367
1598871699.564783335,1.267424,2.343618,3.612782,367
1598871699.597864866,1.197214,5.316602,6.515336,367
1598871699.631557226,1.309816,3.614762,4.925988,367
1598871699.733111382,1.400636,2.776432,4.178909,367
1598871699.767687321,1.262865,2.674631,3.940116,367
1598871699.799671888,1.256344,2.937805,4.196919,367
1598871699.833493948,1.281495,2.624920,3.907805,367
1598871699.867362499,1.300095,2.438558,3.739943,367
1598871699.900952578,1.324705,1.803761,3.130086,367
1598871699.937473059,1.172273,4.415652,5.588935,367
1598871699.968072414,1.454807,2.652871,4.111818,367
1598871700.000644445,1.229794,1.465047,2.695881,367
1598871700.035076141,1.120414,2.378207,3.499901,367
1598871700.068632603,1.270684,5.309432,6.581987,367
1598871700.102045298,1.480557,3.212437,4.694254,367
1598871700.135959864,1.220794,2.705852,3.927826,367
1598871700.169334412,1.309386,2.473548,3.783914,367
1598871700.202612877,1.403676,2.829183,4.233489,367
1598871700.236550808,1.277294,2.583721,3.863065,367
1598871700.270255089,1.254415,2.402368,3.658923,367
1598871700.303356647,1.300696,1.893302,3.194698,367
1598871700.343737125,1.483527,6.434875,7.920142,367
1598871700.371334791,1.532708,3.859135,5.394253,367
1598871700.403872728,1.343016,1.502027,2.846513,367
1598871700.438085794,1.413947,2.386768,3.802105,367
1598871700.471028566,1.234264,4.478462,5.713496,367
1598871700.504681587,1.239445,3.566191,4.806806,367
1598871700.538619041,1.208494,2.694311,3.904395,367
1598871700.572764158,1.344886,2.460029,3.805565,367
1598871700.607033968,1.273124,2.896464,4.170328,367
1598871700.640495539,1.490877,2.664081,4.155938,367
1598871700.674012661,1.131254,2.259646,3.391740,367
1598871700.707114935,1.230764,1.753791,2.985435,367
1598871700.743657112,1.298675,3.699363,4.998728,367
1598871700.774447441,1.309715,2.533780,3.844625,367
1598871700.810430050,1.253375,1.818021,3.073066,367
1598871700.845278502,1.363315,2.352608,3.716533,366
1598871700.874743462,1.397957,4.543502,5.942949,366
1598871700.909240007,1.492178,3.527591,5.021749,366
1598871700.941918612,1.354466,2.498329,3.853875,366
1598871700.978975296,1.243584,2.480709,3.725143,366
1598871701.011259556,1.337055,2.866084,4.203739,366
1598871701.044378757,1.179024,2.365047,3.544771,366
1598871701.076910257,1.250754,2.183346,3.434890,366
1598871701.110484362,1.215374,1.759710,2.975964,366
1598871701.143707991,1.106133,3.418139,4.524902,365
1598871701.177318096,1.232925,2.452628,3.686453,365
1598871701.211175680,1.334625,1.779301,3.114786,365
1598871701.245905399,1.171814,2.279367,3.451921,365
1598871701.278358936,1.282895,4.517232,5.800947,365
1598871701.312590837,1.244625,3.206117,4.451612,365
1598871701.349063158,1.282875,2.329497,3.613142,365
1598871701.379789352,1.520557,2.399668,3.921275,365
1598871701.414134264,1.655239,2.735232,4.391521,365
1598871701.449216604,1.712880,2.294637,4.008317,365
1598871701.481315136,1.656890,2.108304,3.766104,365
1598871701.517370939,1.740750,1.735330,3.476680,365
1598871701.547559500,1.650819,3.172327,4.824326,365
1598871701.580157995,1.826581,2.748162,4.576003,365
1598871701.615148306,1.946393,1.800940,3.748313,365
1598871701.648206949,1.790761,2.371728,4.163629,365
1598871701.681838274,1.801661,4.844626,6.649157,365
1598871701.715417147,1.765351,3.265818,5.039529,365
1598871701.748737335,2.000063,2.751732,4.754815,365
1598871701.786046743,1.901312,2.643781,4.546273,365
1598871701.816164017,1.781371,2.913774,4.697635,365
1598871701.849297762,1.821431,2.367137,4.189938,362
1598871701.884497881,1.786380,2.251057,4.038167,362
1598871701.918277025,1.845332,1.431416,3.277378,361
1598871701.949176311,1.620088,2.826543,4.447491,361
1598871701.984703541,1.617529,2.897973,4.516762,361
1598871702.016768932,1.369466,2.515189,3.885585,361
1598871702.052313328,1.347046,2.354107,3.702073,361
1598871702.084659100,1.198174,4.808776,6.007750,361
1598871702.117611408,1.396156,3.557131,4.955207,361
1598871702.151340008,1.169824,2.502559,3.673403,360
1598871702.185065508,1.288305,2.500659,3.789774,360
1598871702.217833042,1.244735,2.730631,3.976336,359
1598871702.251213551,1.384636,2.530310,3.916326,356
1598871702.286283016,1.278695,2.279056,3.559941,356
1598871702.318608046,1.273095,2.318217,3.592022,356
1598871702.357649088,1.301695,3.178457,4.481642,356
1598871702.387689590,1.396706,2.395348,3.793574,355
1598871702.419794798,1.231615,2.062264,3.295509,355
1598871702.453801870,1.284635,2.474459,3.759994,355
1598871702.459521532,1.162884,4.235899,5.399503,355
1598871702.486696482,1.459357,3.666193,5.126660,355
1598871702.520013332,1.312235,2.619780,3.933895,355
1598871702.553575039,1.322276,2.648971,3.972187,355
1598871702.587483883,1.347746,2.789822,4.140098,355
1598871702.621210337,1.561408,2.680872,4.243020,355
1598871702.654902458,1.668530,2.214166,3.883396,355
1598871702.689288139,1.473607,1.955203,3.429660,355
1598871702.722265959,1.347966,3.961746,5.310422,355
1598871702.755728722,1.523628,2.471759,3.998717,355
1598871702.789579391,1.398816,1.587508,2.987784,355
1598871702.822795868,1.232494,2.613981,3.847445,355
1598871702.856435537,1.613428,5.351863,6.969141,355
1598871702.890872717,1.606389,4.583103,6.193362,355
1598871702.923301935,1.472567,2.853293,4.328810,354
1598871702.958053827,1.445957,2.850213,4.297140,354
1598871703.025079727,1.353535,3.092046,4.446391,353
1598871703.057806253,1.466007,2.912844,4.379681,353
1598871703.094570875,1.268925,2.452429,3.722284,353
1598871703.125869751,1.399266,1.485668,2.886114,353
1598871703.158919334,1.303386,4.669994,5.974140,352
1598871703.193265676,1.461517,2.491249,3.955626,351
1598871703.229461670,1.392066,1.583358,2.976574,351
1598871703.260536194,1.399086,2.682001,4.082327,351
1598871703.294582129,1.415476,4.709615,6.125791,351
1598871703.327221394,1.239494,4.388501,5.628865,351
1598871703.360751867,1.239974,2.912154,4.152898,351
1598871703.396282673,1.345646,2.657201,4.003937,351
1598871703.428977966,1.316805,2.882944,4.200559,351
1598871703.461572886,1.370366,3.161577,4.533763,351
1598871703.495465517,1.432317,2.310347,3.743394,351
1598871703.528479576,1.267424,1.474637,2.743482,351
1598871703.562089682,1.147583,4.598573,5.746806,351
1598871703.596559286,1.241774,2.327997,3.570791,351
1598871703.628764391,1.300875,1.457897,2.759532,351
1598871703.662179232,1.400846,2.575290,3.976846,351
1598871703.696325064,1.479947,4.836027,6.316594,351
1598871703.729015350,1.458857,4.568133,6.030330,351
1598871703.762058735,1.243865,2.856873,4.101908,351
1598871703.795648575,1.311726,2.710341,4.023227,351
1598871703.829352856,1.434706,2.890354,4.326180,350
1598871703.862562895,1.280985,2.861363,4.144378,350
1598871703.895587683,1.219214,2.316807,3.537291,350
1598871703.929629564,1.213074,1.418727,2.633011,350
1598871703.962862492,1.110063,4.430531,5.541164,350
1598871703.996282816,1.349446,2.775873,4.126629,350
1598871704.030247450,1.401256,1.409396,2.811802,350
1598871704.062301874,1.615249,2.552500,4.168479,350
1598871704.095813751,1.469117,3.950486,5.420533,350
1598871704.129432917,1.581218,3.944386,5.526664,350
1598871704.162425518,1.601019,2.981905,4.583734,350
1598871704.196385384,1.672569,2.707132,4.380491,350
1598871704.229576826,1.565008,2.794943,4.360741,350
1598871704.262429237,1.282345,2.911644,4.194969,350
1598871704.295756340,1.409826,2.503869,3.915245,350
1598871704.335534811,1.399357,1.509257,2.909664,350
1598871704.364678383,1.491647,4.438462,5.930919,350
1598871704.400611877,1.434357,2.290527,3.727364,350
1598871704.429564238,1.384016,1.470498,2.855584,350
1598871704.462447405,1.232734,2.697602,3.931316,350
1598871704.496320963,1.422316,4.834287,6.257823,350
1598871704.529735088,1.385706,4.346541,5.735137,350
1598871704.562646627,1.401547,3.008985,4.411922,349
1598871704.596703529,1.372545,3.136277,4.510092,349
1598871704.629503250,1.321776,2.894064,4.218300,349
1598871704.662438393,1.308615,2.978415,4.287850,349
1598871704.695920706,1.431886,2.366658,3.799314,349
1598871704.729462385,1.392426,1.474728,2.867974,349
1598871704.763131618,1.211094,3.877526,5.089350,349
1598871704.796789408,1.232234,2.246997,3.480441,349
1598871704.836499453,1.273575,1.483527,2.757962,349
1598871704.867015362,1.209694,2.508550,3.718934,349
1598871704.898298264,1.309325,4.233169,5.543684,349
1598871704.931773663,1.295476,3.713953,5.010789,349
1598871704.964722872,1.268855,2.831773,4.101878,349
1598871704.999550581,1.348845,2.545370,3.895675,349
1598871705.032507420,1.285415,2.879814,4.166179,349
1598871705.066012383,1.224304,2.624251,3.849395,349
1598871705.099926710,1.217424,2.350317,3.568391,349
1598871705.133551836,1.164054,1.435396,2.600230,349
1598871705.166560173,1.327935,4.173379,5.502114,349
1598871705.200722933,1.275365,2.231566,3.508261,349
1598871705.234134912,1.380646,1.563898,2.945264,349
1598871705.271292686,1.181444,2.471759,3.654143,349
1598871705.301570892,1.153923,4.351761,5.507014,349
1598871705.334923267,1.298975,3.589012,4.888767,349
1598871705.369152069,1.317575,2.442088,3.761004,349
1598871705.402490377,1.383046,2.377527,3.761493,349
1598871705.435682297,1.371286,2.642821,4.014927,349
1598871705.468675613,1.313795,2.366328,3.680973,349
1598871705.502367020,1.315066,2.147005,3.462761,349
1598871705.536956310,1.356656,1.498677,2.856383,349
1598871705.569953680,1.263594,3.502871,4.767285,349
1598871705.603538513,1.140573,2.198826,3.340849,349
1598871705.637048960,1.216924,1.773671,2.991655,349
1598871705.670772076,1.198714,2.717852,3.918146,349
1598871705.705084324,1.352316,4.094237,5.447423,349
1598871705.737476349,1.318985,3.403160,4.723275,349
1598871705.772373915,1.209984,2.543279,3.754863,349
1598871705.806358576,1.224434,2.497959,3.723593,349
1598871705.842903137,1.502657,2.715712,4.219450,349
1598871705.872468710,1.094483,2.400988,3.496471,349
1598871705.905905724,1.166494,2.237166,3.404710,348
1598871705.939538479,1.148803,1.492868,2.642541,348
1598871705.973759174,1.294075,3.109606,4.404501,348
1598871706.006439924,1.573998,2.839393,4.415131,348
1598871706.046974421,1.271065,1.785170,3.056995,348
1598871706.075359583,1.388946,2.581490,3.971356,348
1598871706.107120275,1.330175,3.634483,4.965868,348
1598871706.141097069,1.226714,3.239078,4.467342,348
1598871706.174801826,1.413566,2.524819,3.939055,348
1598871706.211961985,1.315755,2.447059,3.763734,348
1598871706.243788719,1.240425,2.697261,3.938806,348
1598871706.278465271,1.171033,2.348638,3.520651,348
1598871706.308820963,1.399426,2.252716,3.653352,348
1598871706.343140602,1.298565,1.491477,2.790672,348
1598871706.377326012,1.407526,3.075356,4.483502,348
1598871706.410351038,1.388086,2.299656,3.688792,348
1598871706.443562269,1.191204,1.740610,2.932764,348
1598871706.477884054,1.233825,2.681881,3.917106,348
1598871706.510676861,1.285855,4.025487,5.312632,348
1598871706.544432402,1.355826,3.320928,4.677984,348
1598871706.578710079,1.154534,2.574390,3.730184,348
1598871706.611596107,1.232454,2.367998,3.601172,348
1598871706.645138979,1.211034,2.695101,3.906825,348
1598871706.679127455,1.282755,2.335097,3.618932,348
1598871706.713037491,1.296176,2.189595,3.486811,348
1598871706.745124578,1.160734,1.477747,2.639461,348
1598871706.779082298,1.509268,3.108336,4.618314,348
1598871706.814944983,1.217715,2.239026,3.457431,348
1598871706.847097874,1.154913,1.762711,2.918404,348
1598871706.880767345,1.193513,2.644881,3.839734,348
1598871706.913218498,1.235994,4.174449,5.411183,348
1598871706.947019100,1.216214,3.327148,4.544552,348
1598871706.982507229,1.305205,2.540289,3.846484,348
1598871707.014223337,1.336755,2.487029,3.824394,348
1598871707.048718929,1.223134,2.737772,3.961706,348
1598871707.083589554,1.270155,2.332657,3.603492,348
1598871707.115698099,1.225314,2.308367,3.534481,348
1598871707.149948120,1.263935,1.500587,2.766452,348
1598871707.183270693,1.199654,3.070016,4.270730,348
1598871707.215675592,1.350486,2.254176,3.605822,348
1598871707.249398232,1.148404,1.780331,2.929505,348
1598871707.282831669,1.405576,2.653631,4.060507,348
1598871707.316831112,1.446487,4.233009,5.680236,348
1598871707.351000309,1.311255,3.334709,4.647034,348
1598871707.383721113,1.465657,2.693211,4.160428,348
1598871707.417262554,1.454767,2.468949,3.924686,348
1598871707.451410770,1.365845,2.757993,4.124558,348
1598871707.484179974,1.488757,2.419948,3.909395,348
1598871707.518081427,1.501948,2.203436,3.706094,348
1598871707.551803589,1.310665,1.498027,2.809712,348
1598871707.585565329,1.238944,3.134447,4.374381,348
1598871707.619434118,1.348416,2.438798,3.790344,348
1598871707.651872158,1.406256,1.478877,2.886463,348
1598871707.686816931,1.251375,2.547989,3.800564,348
1598871707.719598293,1.232295,4.311209,5.544524,348
1598871707.753749847,1.158394,3.280538,4.440302,348
1598871707.787416697,1.414097,2.579039,3.994976,348
1598871707.820432425,1.550268,2.313257,3.865105,348
1598871707.854367018,1.453087,2.688041,4.141768,348
1598871707.888647079,1.359006,2.353477,3.713203,348
1598871707.894563675,1.323586,2.166415,3.491381,348
1598871707.921890974,1.315575,1.448617,2.764932,348
1598871707.954330921,1.315566,3.143086,4.460902,348
1598871707.988467932,1.334705,2.243466,3.579741,348
1598871708.022363424,1.219704,1.459097,2.679491,348
1598871708.055035353,1.198924,2.404448,3.604352,348
1598871708.088876247,1.673149,3.753314,5.428123,348
1598871708.122318983,1.370946,2.993765,4.365811,348
1598871708.155623674,1.446277,2.431078,3.878415,348
1598871708.195878983,1.470607,2.354777,3.826364,348
1598871708.223750114,1.407416,2.711392,4.119698,348
1598871708.256783485,1.356725,2.255757,3.613262,348
1598871708.291303873,1.479847,2.600241,4.081088,346
1598871708.324256182,1.276305,1.429237,2.706342,346
1598871708.357673168,1.233245,3.072295,4.306500,346
1598871708.394262552,1.426726,2.288657,3.715963,346
1598871708.424805641,1.387136,1.411896,2.800152,346
1598871708.458516359,1.311655,2.396848,3.709133,346
1598871708.493804693,1.314965,4.329441,5.645946,346
1598871708.525978804,1.129673,3.225508,4.356431,346
1598871708.559603930,1.312296,2.507029,3.820455,346
1598871708.594160557,1.271555,2.379677,3.652452,346
1598871708.626594782,1.363356,2.529119,3.893445,346
1598871708.665188074,1.333116,2.329897,3.663913,346
1598871708.693764210,1.477247,2.143495,3.622242,346
1598871708.727869987,1.207754,1.372196,2.580790,346
1598871708.761870384,1.312175,2.996815,4.309830,346
1598871708.796202183,1.402666,2.698191,4.101967,346
1598871708.828364134,1.341886,1.481837,2.824813,346
1598871708.862248659,1.202784,2.576360,3.779854,346
1598871708.895576954,1.396127,4.559023,5.955940,346
1598871708.931322336,1.364046,3.406269,4.771355,346
1598871708.964832067,1.290845,2.579220,3.871665,346
1598871708.998404264,1.157663,2.477369,3.636282,346
1598871709.032442093,1.126993,2.700321,3.828204,346
1598871709.064650059,1.313905,2.306467,3.621362,345
1598871709.097250938,1.391086,2.562930,3.954956,345
1598871709.130047321,1.210695,1.508807,2.720872,345
1598871709.164014578,1.098943,3.046895,4.146438,345
1598871709.198328257,1.325875,2.637021,3.963906,345
1598871709.231647491,1.238455,1.484507,2.723842,345
1598871709.265124321,1.330636,2.488419,3.819855,345
1598871709.298296928,1.367995,3.703673,5.072808,345
1598871709.332997322,1.308865,3.128077,4.437922,345
1598871709.366191387,1.418997,2.662471,4.083788,345
1598871709.404626608,1.267055,2.500709,3.768844,344
1598871709.435170412,1.270195,2.772062,4.043307,344
1598871709.468619347,1.412067,2.282036,3.695843,344
1598871709.502268553,1.194314,2.181306,3.376420,344
1598871709.534376860,1.179674,1.481057,2.661441,344
1598871709.568336725,1.420067,3.098935,4.520192,344
1598871709.601637125,1.435157,2.332707,3.769084,344
1598871709.634861231,1.544108,1.796061,3.340899,344
1598871709.668952465,1.711370,2.949234,4.662924,344
1598871709.702003002,1.764721,3.603242,5.369083,344
1598871709.741225958,1.723090,2.996955,4.721005,344
1598871709.769808292,1.608859,2.516559,4.126448,344
1598871709.802583933,1.692050,2.371607,4.064527,344
1598871709.837166786,1.581928,2.619000,4.201688,344
1598871709.870301008,1.626449,2.198956,3.826105,344
1598871709.904842138,1.682870,2.103285,3.786955,344
1598871709.937268257,1.655249,1.414756,3.070975,344
1598871709.971727371,1.731110,2.887584,4.619394,344
1598871710.009091854,1.600288,2.089655,3.690773,343
1598871710.042370558,1.638099,1.518778,3.157717,343
1598871710.072384119,1.657060,2.591930,4.249630,343
1598871710.105859280,1.733980,3.379200,5.113970,343
1598871710.138615370,1.531468,3.667793,5.202141,343
1598871710.172482252,1.414117,2.515079,3.930016,343
1598871710.205940962,1.143944,2.409788,3.555142,343
1598871710.239511490,1.149123,2.520769,3.670742,343
1598871710.273129940,1.195054,2.227226,3.423170,343
1598871710.306095839,1.182634,2.109195,3.292649,343
1598871710.340081930,1.362796,1.474598,2.838324,343
1598871710.374315500,1.453247,2.882053,4.336640,343
1598871710.406919718,1.256145,1.839851,3.098726,343
1598871710.441509247,1.191774,1.407446,2.600060,343
1598871710.474550009,1.153183,2.383618,3.537601,343
1598871710.510235071,1.415386,3.118427,4.534753,343
1598871710.542590857,1.441007,2.925094,4.366861,343
1598871710.575299501,1.310575,2.341117,3.652362,343
1598871710.609098911,1.397166,2.305197,3.703023,343
1598871710.642096043,1.491368,2.718141,4.212059,343
1598871710.677076101,1.251925,2.099235,3.352100,343
1598871710.709765911,1.117123,2.417318,3.535341,343
1598871710.743078470,1.148814,1.405756,2.555360,343
1598871710.776965618,1.064783,2.816633,3.882076,343
1598871710.810307503,1.519338,1.813161,3.334369,343
1598871710.843276978,1.374896,1.799131,3.174637,343
1598871710.875876904,1.441217,2.560670,4.002677,343
1598871710.909191847,1.227634,3.775014,5.003958,343
1598871710.943632841,1.166844,2.944774,4.112558,343
1598871710.977583647,1.309505,2.470269,3.780854,343
1598871711.010665894,1.491927,2.521060,4.014037,343
1598871711.043901682,1.352646,2.818123,4.171659,343
1598871711.076471329,1.313115,2.240816,3.555792,343
1598871711.110469580,1.266824,2.222646,3.490200,343
1598871711.142826557,1.487348,1.498607,2.986955,343
1598871711.177849293,1.897902,2.906894,4.807506,343
1598871711.210839510,1.793881,1.853512,3.648363,343
1598871711.244300365,1.345806,1.533318,2.879894,343
1598871711.277813196,1.346115,2.591440,3.938285,343
1598871711.312065125,1.304466,3.219817,4.525233,343
1598871711.344332457,1.336096,3.081116,4.419302,343
1598871711.379089117,1.341255,2.536820,3.879155,342
1598871711.414877176,1.284475,2.425178,3.710513,342
1598871711.445113420,1.189374,2.672861,3.863135,342
1598871711.478925467,1.443327,2.243066,3.687333,342
1598871711.515186548,1.409577,1.810761,3.221348,342
1598871711.545741796,1.187913,1.537878,2.726641,342
1598871711.584791422,1.255454,2.901404,4.157758,342
1598871711.614542961,1.415446,1.909172,3.327398,342
1598871711.648433685,1.443047,1.560528,3.005455,342
1598871711.683234215,1.317515,2.628060,3.946495,342
1598871711.716436625,1.335255,3.106076,4.442301,342
1598871711.748016834,1.398036,2.901694,4.300800,342
1598871711.784495831,1.325705,2.431139,3.758394,342
1598871711.820031643,1.394487,2.362097,3.757474,342
1598871711.849790812,1.242634,2.723432,3.967167,342
1598871711.882841349,1.213094,2.202906,3.416870,342
1598871711.921066284,1.186874,1.822381,3.010565,342
1598871711.951761961,1.038202,1.477637,2.516779,342
1598871711.985460997,1.373616,2.809383,4.183689,342
1598871712.017399311,1.224604,1.851742,3.077426,342
1598871712.051795721,1.165854,1.556828,2.723432,342
1598871712.084679365,1.177003,2.518899,3.696912,342
1598871712.117312193,1.321676,2.988504,4.311160,342
1598871712.149799347,1.190434,2.889254,4.080958,342
1598871712.184224844,1.256265,2.453638,3.710893,342
1598871712.218017340,1.286555,2.343977,3.631502,342
1598871712.252440453,1.319575,2.572820,3.893955,342
1598871712.285395145,1.217204,2.265597,3.483631,342
1598871712.318121672,1.392806,1.799751,3.193337,342
1598871712.351911545,1.123683,1.509197,2.633730,342
1598871712.385785818,1.233844,3.122367,4.356961,342
1598871712.419975042,1.493268,1.631229,3.126327,342
1598871712.452771425,1.293585,1.559348,2.853663,342
1598871712.487204313,1.236655,2.525239,3.762904,342
1598871712.519749641,1.322535,3.052696,4.376051,342
1598871712.553693771,1.204544,2.870683,4.076727,342
1598871712.587164879,1.380956,2.525739,3.907775,342
1598871712.625063181,1.917912,2.910784,4.831906,342
1598871712.656889200,1.748880,2.671131,4.421511,342
1598871712.691219568,1.808681,2.378458,4.188199,342
1598871712.723819733,1.640539,1.824321,3.465600,342
1598871712.757728100,1.720150,1.504977,3.225787,342
1598871712.764704943,1.651789,2.885884,4.538623,342
1598871712.790785789,1.717540,1.828422,3.546702,342
1598871712.823959351,1.881042,1.826462,3.708154,342
1598871712.857046366,1.426536,3.030246,4.459362,342
1598871712.889244080,1.247905,3.515511,4.764606,342
1598871712.923565388,1.263024,2.951165,4.214809,342
1598871712.956490040,1.324795,2.824613,4.150808,342
1598871712.990909338,1.234645,2.374297,3.609802,342
1598871713.028748274,1.365356,2.620410,3.986276,342
1598871713.057351351,1.414666,2.329847,3.745763,342
1598871713.091392517,1.325605,1.798971,3.125436,342
1598871713.124627352,1.064762,1.496808,2.562130,342
1598871713.158114195,1.221494,3.254187,4.476561,342
1598871713.194144726,1.257265,1.895962,3.154417,342
1598871713.225327015,1.074083,1.542808,2.617671,342
1598871713.258808851,1.222104,2.669291,3.893045,342
1598871713.292974710,1.199584,4.419622,5.619976,342
1598871713.326857090,1.212334,3.107937,4.322091,342
1598871713.359275103,1.349366,2.661961,4.013357,342
1598871713.393736839,1.365666,2.324837,3.691093,342
1598871713.426418781,1.251494,2.695792,3.948126,342
1598871713.460374832,1.316835,2.299427,3.617032,342
1598871713.493842602,1.219704,2.117135,3.337459,342
1598871713.527820826,1.281215,1.458727,2.741632,342
1598871713.561884880,1.356276,2.903344,4.260360,342
1598871713.595974922,1.318615,2.085134,3.404699,342
1598871713.628994942,1.180273,1.524548,2.705841,342
1598871713.667709589,1.296484,2.583320,3.880754,342
1598871713.696459770,1.313886,4.631584,5.946370,342
1598871713.729934931,1.327625,3.389189,4.718315,342
1598871713.762920618,1.328515,2.740122,4.069697,341
1598871713.798349142,1.537288,2.650831,4.189149,340
1598871713.830470800,1.358006,2.885523,4.244339,378
1598871713.863588572,1.492418,2.658980,4.152378,373
1598871713.897027254,1.321076,2.250906,3.572852,367
1598871713.930899858,1.315725,1.517188,2.833963,367
1598871713.964919567,1.277404,3.773254,5.051788,367
1598871713.998410225,1.373816,2.185895,3.560561,364
1598871714.034443378,1.471157,1.499008,2.971115,364
1598871714.067273617,1.816822,2.596490,4.414502,364
1598871714.099659681,1.451147,4.595073,6.047520,364
1598871714.133059978,1.445546,3.706103,5.153450,364
1598871714.166236877,1.592318,2.858404,4.451952,364
1598871714.200201511,1.443376,3.653793,5.099130,363
1598871714.233947515,1.453627,2.752621,4.207618,362
1598871714.266843557,1.535338,2.761002,4.297800,359
1598871714.302973509,1.282135,2.217966,3.501381,357
1598871714.334461451,1.410026,1.510088,2.921284,357
1598871714.368560791,1.370326,3.526641,4.898357,356
1598871714.401962519,1.487218,2.126224,3.614512,355
1598871714.436402321,1.235804,1.515968,2.753032,355
1598871714.469218254,1.657029,2.693272,4.351241,355
1598871714.501805544,1.658699,5.085730,6.745069,355
1598871714.535351515,1.829461,3.743094,5.573905,354
1598871714.569509506,1.753940,2.921814,4.676474,353
1598871714.603185892,1.740140,3.181987,4.922787,353
1598871714.636498451,1.723800,2.820213,4.544753,353
1598871714.670214415,1.803931,3.217137,5.021848,351
1598871714.704542875,1.795721,2.242226,4.040287,351
1598871714.737438679,1.458017,1.490528,2.949755,351
1598871714.771829367,1.418446,3.829865,5.249181,350
1598871714.804857969,1.351945,1.926843,3.279818,350
1598871714.837772608,1.401006,1.455967,2.857993,350
1598871714.871634483,1.639748,2.698262,4.339251,349
1598871714.904875517,1.295315,3.726043,5.022158,349
1598871714.939709663,1.549148,3.541461,5.093079,348
1598871714.973522902,1.700610,2.822143,4.523843,346
1598871715.006304741,1.655249,2.941875,4.597994,346
1598871715.040408850,1.540028,2.759392,4.300620,346
1598871715.073284149,1.679329,2.449769,4.130028,346
1598871715.106927395,1.760690,2.187566,3.949226,346
1598871715.142878771,1.832982,1.572098,3.405850,346
1598871715.176274061,1.606669,3.132356,4.740055,345
1598871715.210216761,1.621849,1.792311,3.414940,345
1598871715.241180182,1.316066,1.543258,2.860494,345
1598871715.279573441,1.356836,2.572740,3.930636,345
1598871715.309595108,1.458547,3.758513,5.218000,345
1598871715.342058182,1.290325,3.199367,4.490672,345
1598871715.379284859,1.358716,2.779253,4.139229,345
1598871715.409364700,1.276555,2.880204,4.157659,345
1598871715.443550587,1.248815,2.697531,3.946986,345
1598871715.478538990,1.243424,2.692801,3.937865,345
1598871715.516009331,1.258305,2.204246,3.464251,345
1598871715.543776274,1.362226,1.457717,2.820843,345
1598871715.578715563,1.446367,3.089595,4.536992,345
1598871715.610395432,1.367656,1.753831,3.122197,345
1598871715.645386934,1.143993,1.543398,2.688061,345
1598871715.681335211,1.209044,2.577470,3.787094,345
1598871715.713108540,1.266385,3.465130,4.732155,345
1598871715.747745275,1.183804,3.035845,4.220399,345
1598871715.780583382,1.363436,2.698522,4.062988,345
1598871715.813406706,1.325566,2.722801,4.049057,345
1598871715.848618507,1.355765,2.745682,4.102337,345
1598871715.880304575,1.247304,2.530609,3.780303,345
1598871715.913946867,1.156853,1.773281,2.930924,345
1598871715.948071480,1.099693,1.502517,2.602790,345
1598871715.981741667,1.226354,3.095026,4.322740,345
1598871716.014717817,1.408616,1.722310,3.131846,345
1598871716.051242352,1.206874,1.572319,2.780093,345
1598871716.082343340,1.367286,2.660321,4.030377,345
1598871716.115644455,1.286555,3.292528,4.579713,345
1598871716.150861979,1.408256,2.883034,4.292270,345
1598871716.184419394,1.192514,2.405168,3.598462,345
1598871716.215944052,1.263795,2.623650,3.888235,345
1598871716.250554323,1.073883,2.602480,3.677483,345
1598871716.283187628,1.080472,2.677102,3.758624,345
1598871716.316671371,1.298185,1.815741,3.114806,345
1598871716.350844383,1.283805,1.451526,2.735991,345
1598871716.385936260,1.219604,2.926114,4.146468,345
1598871716.417817593,1.430157,1.892162,3.323119,345
1598871716.454043150,1.232685,1.786360,3.020305,344
1598871716.485502243,1.207274,2.327987,3.536281,344
1598871716.518181086,1.311195,3.185397,4.497732,342
1598871716.551793575,1.160483,2.673571,3.834834,342
1598871716.585695505,1.297355,2.475329,3.773564,342
1598871716.618909836,1.446957,2.659911,4.108288,342
1598871716.653261423,1.222604,2.601720,3.825484,342
1598871716.685447454,1.211654,2.573920,3.787214,341
1598871716.720345736,1.282654,1.781851,3.065355,339
1598871716.752775192,1.255255,1.491697,2.748652,339
1598871716.786667824,1.178093,3.284059,4.462912,339
1598871716.819994450,1.297225,1.832991,3.132136,339
1598871716.859442711,1.208115,1.837441,3.046086,339
1598871716.890232325,1.196584,2.496149,3.693663,339
1598871716.923051596,1.360166,3.418269,4.779155,339
1598871716.954441786,1.201554,3.125046,4.327550,339
1598871716.989402533,1.240295,2.655911,3.897176,339
1598871717.024851799,1.280865,2.442489,3.724464,339
1598871717.055142403,1.186194,2.626271,3.813225,339
1598871717.089274883,1.298576,2.602570,3.901896,339
1598871717.123221397,1.200734,2.173885,3.375419,339
1598871717.156555653,1.199434,1.473757,2.673921,339
1598871717.162741184,1.049032,3.559291,4.608993,339
1598871717.189625263,1.307485,1.943813,3.253068,339
1598871717.223408222,1.281095,1.584118,2.866454,339
1598871717.257432938,1.319715,2.544010,3.864625,339
1598871717.290241003,1.342806,4.543553,5.888519,339
1598871717.324177742,1.279935,3.543181,4.824656,339
1598871717.357422113,1.452747,2.931204,4.385221,338
1598871717.392439604,1.570828,3.530141,5.104519,370
1598871717.425212145,1.344786,2.766362,4.112918,369
1598871717.458557844,1.316746,2.868173,4.187199,368
1598871717.491923332,1.347475,2.220296,3.568471,368
1598871717.526463985,1.116563,1.466027,2.583410,368
1598871717.558816910,1.285995,3.758934,5.045719,368
1598871717.592344284,1.204824,1.925932,3.131976,368
1598871717.626830339,1.366585,1.533058,2.900513,368
1598871717.660001278,1.225864,2.571290,3.798004,368
1598871717.693754196,1.299745,4.207339,5.507804,368
1598871717.727539062,1.301535,3.741994,5.044669,368
1598871717.762805223,1.243185,4.463551,5.707566,368
1598871717.794049740,1.319756,2.909283,4.230159,368
1598871717.830510855,1.260144,2.763863,4.025107,368
1598871717.862342358,1.203954,2.707711,3.912445,368
1598871717.896622896,1.366626,2.188086,3.555922,368
1598871717.930460453,1.370266,1.469027,2.840073,368
1598871717.962546825,1.107243,3.965316,5.073089,368
1598871717.996787548,1.379257,1.900402,3.280499,367
1598871718.030343771,1.124103,1.622249,2.747332,367
1598871718.063265085,1.344196,2.707421,4.054497,366
1598871718.096323967,1.235494,4.489492,5.726126,366
1598871718.133515358,1.209284,3.816054,5.027698,366
1598871718.163691521,1.238374,4.057897,5.297781,366
1598871718.196883678,1.319226,2.976914,4.297280,366
1598871718.233179092,1.322665,2.716932,4.040377,366
1598871718.265158415,1.218194,2.725382,3.944586,366
1598871718.298233032,1.188074,2.126315,3.315539,366
1598871718.331700087,1.403066,1.584478,2.989454,366
1598871718.365055323,1.323865,3.524081,4.849406,366
1598871718.400013924,1.228915,1.952362,3.183357,366
1598871718.433145046,1.239035,1.583938,2.824343,366
1598871718.466388941,1.335516,2.651051,3.988247,366
1598871718.499891043,1.254234,4.354091,5.609655,366
1598871718.533981085,1.388456,3.528831,4.918567,366
1598871718.567852020,1.233394,4.120228,5.355122,366
1598871718.600888729,1.569018,2.692681,4.263039,366
1598871718.634940147,1.517248,2.717322,4.235600,366
1598871718.672769308,1.576568,2.772162,4.350550,366
1598871718.703389168,1.245744,2.173256,3.420200,366
1598871718.736266613,1.291095,1.612779,2.904544,365
1598871718.768390894,1.548508,3.761124,5.313312,365
1598871718.802093506,1.372436,1.473348,2.848194,365
1598871718.838661432,1.286226,1.597718,2.885174,365
1598871718.870683670,1.120823,2.597800,3.719293,365
1598871718.903482914,1.307995,4.224749,5.533494,365
1598871718.937211037,1.185534,3.373129,4.559653,365
1598871718.971013784,1.331246,3.684572,5.016708,365
1598871719.005102634,1.282465,2.582230,3.865445,365
1598871719.037505150,1.172544,2.680181,3.853615,365
1598871719.072600126,1.304625,2.429958,3.735373,365
1598871719.104973793,1.248825,2.171215,3.420750,365
1598871719.139446497,1.237505,1.648579,2.887054,365
1598871719.171954393,1.128433,3.155217,4.284210,365
1598871719.205859423,1.356116,1.469627,2.826633,365
1598871719.240551233,1.275255,1.835872,3.111627,365
1598871719.272994757,1.298585,2.501099,3.800434,365
1598871719.306201696,1.272725,3.642412,4.915897,365
1598871719.340650320,1.315045,3.073006,4.388841,365
1598871719.373936892,1.178904,3.433230,4.613074,365
1598871719.407248497,1.492917,2.761022,4.257489,365
1598871719.443137407,1.492067,2.818393,4.311560,365
1598871719.474198580,1.560908,2.761112,4.325600,362
1598871719.507960081,1.867402,2.622691,4.493943,362
1598871719.543025255,1.781281,1.620939,3.403310,362
1598871719.574991941,1.626589,3.287898,4.916837,362
1598871719.608559370,1.570188,1.761131,3.333689,362
1598871719.642619610,1.882652,2.291297,4.179499,362
1598871719.675889254,1.627619,2.964464,4.596053,362
1598871719.709863663,1.793831,4.460382,6.258793,362
1598871719.743778944,1.428797,3.255538,4.687605,362
1598871719.776538134,1.282644,3.484421,4.769035,362
1598871719.810727835,1.190114,2.388117,3.579511,362
1598871719.847123384,1.267234,2.576540,3.844444,362
1598871719.882339716,1.072702,2.445919,3.519381,362
1598871719.913679361,1.330896,1.766510,3.098166,362
1598871719.947251797,1.250544,1.454147,2.705362,362
1598871719.979511499,1.156573,3.000255,4.157888,361
1598871720.012859106,1.271275,1.485297,2.757832,361
1598871720.046145201,1.319776,1.804551,3.124927,361
1598871720.079648018,1.117583,2.553320,3.671593,361
1598871720.113522768,1.183823,3.505901,4.690534,361
1598871720.146445990,1.133243,2.937344,4.071427,361
1598871720.180038452,1.258805,3.358829,4.618654,361
1598871720.214076281,1.259695,2.292486,3.552971,361
1598871720.246781349,1.168323,2.543050,3.712053,361
1598871720.281944513,1.112273,2.327757,3.440930,361
1598871720.316060781,1.157593,1.678430,2.836813,361
1598871720.350132465,1.356936,1.389086,2.747052,361
1598871720.383411646,1.255614,2.896254,4.152538,361
1598871720.416568756,1.263994,1.390957,2.655961,361
1598871720.449772120,1.121583,1.777150,2.899403,361
1598871720.485556126,1.201413,2.537340,3.739533,361
1598871720.517095804,1.189583,3.612822,4.803135,361
1598871720.551241159,1.295175,3.089476,4.385361,361
1598871720.585102320,1.457747,3.315999,4.774846,361
1598871720.620445251,1.247805,2.391538,3.640143,361
1598871720.650417566,1.343176,2.569200,3.913356,361
1598871720.684271812,1.363976,2.308856,3.673672,361
1598871720.718316555,1.358986,2.110835,3.470801,361
1598871720.750501633,1.164094,1.407446,2.572190,361
1598871720.785223961,1.310455,3.072886,4.384461,361
1598871720.818489552,1.401667,1.408336,2.811373,361
1598871720.852045536,1.284585,1.380206,2.665461,361
1598871720.887501717,1.419797,2.454678,3.875115,361
1598871720.919348240,1.280145,3.696403,4.977788,361
1598871720.952591419,1.232114,2.955555,4.188519,361
1598871720.986578226,1.234105,3.293128,4.528123,360
1598871721.020229578,1.214814,2.358268,3.573802,360
1598871721.052983522,1.266365,2.603760,3.871375,360
1598871721.087466478,1.192364,2.428018,3.621192,360
1598871721.120234013,1.295536,2.498079,3.794995,360
1598871721.157093287,1.309945,1.366196,2.677081,359
1598871721.192189217,1.269015,3.198447,4.468202,359
1598871721.221610069,1.113143,1.377396,2.491219,359
1598871721.255572557,1.165534,1.371246,2.537490,359
1598871721.289927244,1.262605,2.686381,3.950006,359
1598871721.321772575,1.403996,4.331701,5.737787,359
1598871721.356320620,1.235505,3.292408,4.528653,359
1598871721.389858007,1.202194,3.528031,4.730985,359
1598871721.428396225,1.203484,2.509039,3.713333,359
1598871721.459823608,1.289656,2.621330,3.911736,359
1598871721.492187738,1.316135,2.501889,3.819044,359
1598871721.526069641,1.229854,2.123475,3.354029,359
1598871721.535132170,1.200714,1.394437,2.595831,357
1598871721.557275772,1.252985,3.424609,4.678504,356
1598871721.591013908,1.235945,1.500817,2.738352,354
1598871721.624015093,1.251905,1.485677,2.738682,353
1598871721.657882452,1.235635,2.740012,3.976617,353
1598871721.725507259,1.382166,4.006006,5.389012,353
1598871721.758396149,1.161043,3.425650,4.587533,352
1598871721.793092251,1.254344,3.431160,4.686454,351
1598871721.825345278,1.184264,2.535920,3.720854,351
1598871721.858967066,1.406196,2.594230,4.001106,351
1598871721.896303654,1.220784,2.659781,3.881495,348
1598871721.928970337,1.250455,2.291126,3.542601,344
1598871721.960669279,1.310575,1.618019,2.929314,344
1598871721.993507147,1.177354,3.755143,4.933157,343
1598871722.027324677,1.454217,1.445887,2.901394,342
1598871722.061042070,1.219185,1.425556,2.645331,342
1598871722.096538782,1.249124,2.794043,4.044647,342
1598871722.128930330,1.281315,4.292200,5.574305,342
1598871722.162625313,1.365315,3.829105,5.195430,342
1598871722.195713520,1.281275,3.322149,4.604354,342
1598871722.229959726,1.276605,2.594800,3.874005,342
1598871722.263906956,1.196214,2.573780,3.770914,342
1598871722.296634912,1.389186,2.423369,3.813395,342
1598871722.330822706,1.446807,2.087664,3.535371,342
1598871722.363289356,1.357166,1.432037,2.789963,342
1598871722.397936821,1.466117,3.492841,4.959618,341
1598871722.430850029,1.309976,1.356816,2.668492,341
1598871722.464246988,1.409616,1.342996,2.753572,341
1598871722.497008801,1.464047,2.984835,4.450492,341
1598871722.531640291,1.503888,3.743273,5.248571,341
1598871722.564379454,1.469487,3.419900,4.890127,341
1598871722.598455191,1.267574,3.035155,4.303719,341
1598871722.631882429,1.485997,2.384328,3.871285,341
1598871722.663543701,1.289245,3.029215,4.319460,341
1598871722.697045803,1.276595,2.396498,3.673813,340
1598871722.730708599,1.515468,2.206526,3.724884,340
1598871722.763662338,1.648609,1.432927,3.082156,340
1598871722.796784878,1.612479,3.161497,4.775026,338
1598871722.831036568,1.317456,1.543738,2.862204,374
1598871722.864455223,1.272925,1.384536,2.658371,373
1598871722.897630215,1.471357,2.586340,4.059297,372
1598871722.931143284,1.432616,3.713994,5.147600,368
1598871722.964642048,1.360776,3.381579,4.743025,363
1598871722.997753382,1.200003,2.813233,4.013966,360
1598871723.031674147,1.343645,3.097566,4.441992,345
1598871723.065891266,1.613989,2.628770,4.244129,339
1598871723.098307133,1.433816,2.618031,4.053067,380
1598871723.132677555,1.520958,2.252256,3.773994,373
1598871723.165870905,1.281505,1.602539,2.884724,371
1598871723.200493336,1.914373,3.892925,5.809058,370
1598871723.233747721,1.467327,1.457387,2.927054,368
1598871723.267621756,1.467707,1.362086,2.830843,367
1598871723.300390005,1.207374,2.052924,3.261208,366
1598871723.336231947,1.289175,3.542881,4.832866,364
1598871723.368315220,1.287605,2.997065,4.285500,363
1598871723.400939465,1.439307,2.708961,4.150348,362
1598871723.434249163,1.475297,2.380818,3.857065,361
1598871723.468593359,1.266955,5.061599,6.329794,361
1598871723.502457142,1.397126,2.717062,4.115198,360
1598871723.536337852,1.264115,2.125515,3.390540,360
1598871723.568927765,1.263494,1.713440,2.978254,360
1598871723.604565620,1.253974,3.851255,5.105999,359
1598871723.638386965,1.345906,1.449537,2.796553,357
1598871723.671975613,1.236904,1.464267,2.702121,357
1598871723.703154564,1.371436,1.521567,2.894443,357
1598871723.737332821,1.650089,3.848855,5.500344,356
1598871723.774495363,1.157104,2.884353,4.042607,356
1598871723.805069447,1.325906,3.165267,4.492293,356
1598871723.838058710,1.381116,2.611641,3.994267,354
1598871723.875650644,1.391196,4.547303,5.939469,354
1598871723.905935287,1.160414,2.797132,3.958676,354
1598871723.939039707,1.339666,2.189675,3.530541,354
1598871723.972480297,1.367966,1.486137,2.854903,354
1598871724.005800009,1.902972,4.338461,6.242223,354
1598871724.039342403,1.911572,1.623209,3.537041,354
1598871724.073815346,1.833991,1.879432,3.714353,353
1598871724.106694460,1.688590,1.590848,3.280208,353
1598871724.140514612,1.881162,4.813396,6.695198,351
1598871724.173758507,1.485478,3.130586,4.617134,351
1598871724.207068443,1.321925,2.985225,4.307990,350
1598871724.241183758,1.392207,2.669271,4.062178,349
1598871724.275088787,1.283115,3.806144,5.090079,349
1598871724.309035540,1.504028,2.569990,4.074888,347
1598871724.342356920,1.434087,2.291716,3.726523,371
1598871724.376901627,1.243234,1.520298,2.764292,371
1598871724.409261703,1.176794,4.614884,5.792318,370
1598871724.442686796,1.281215,1.786550,3.068875,369
1598871724.478935480,1.375876,1.911212,3.287818,367
1598871724.509430647,1.413707,1.591228,3.005865,366
1598871724.543057919,1.422336,4.127538,5.550444,364
1598871724.579655409,1.287835,2.995825,4.284680,361
1598871724.615873098,1.346236,3.041965,4.389091,360
1598871724.644648552,1.365346,2.734362,4.100258,360
1598871724.678180933,1.388436,3.473270,4.862486,359
1598871724.712899685,1.154204,3.605022,4.760076,359
1598871724.749137402,1.242765,1.752630,2.996085,358
1598871724.784211159,1.319986,1.507657,2.828403,358
1598871724.813938141,1.379456,4.722885,6.103591,356
1598871724.846361399,1.229174,1.798571,3.029185,353
1598871724.880744934,1.309655,1.960903,3.271438,352
1598871724.913945436,1.266285,1.749391,3.016276,351
1598871724.948570490,1.330135,4.156608,5.487543,351
1598871724.981645584,1.349826,3.040695,4.391451,351
1598871725.013717651,1.288285,3.319359,4.609474,351
1598871725.050465822,1.163484,2.639310,3.803834,351
1598871725.082942486,1.109672,3.185477,4.295819,351
1598871725.118180275,1.393656,3.820964,5.215490,348
1598871725.149563313,1.330525,1.499947,2.831162,348
1598871725.183529377,1.212494,1.498747,2.711941,348
1598871725.217394352,1.243335,3.987326,5.231401,348
1598871725.250916481,1.354946,1.832611,3.188357,348
1598871725.282812595,1.231194,1.953013,3.184837,348
1598871725.317649364,1.206514,1.816161,3.023655,348
1598871725.348552227,1.464397,3.878355,5.343382,347
1598871725.381710768,1.318805,2.898714,4.218789,347
1598871725.415403605,1.210704,3.086246,4.297700,347
1598871725.450995207,1.409096,2.564860,3.974706,347
1598871725.482421637,1.213714,3.364799,4.579583,347
1598871725.514960766,1.194363,3.624612,4.819966,347
1598871725.548376322,1.244485,1.443626,2.689011,347
1598871725.583898306,1.274315,1.472787,2.747942,347
1598871725.618140221,1.310695,3.891075,5.202550,347
1598871725.650267363,1.329515,1.832142,3.163667,347
1598871725.683639288,1.333645,1.970353,3.304648,347
1598871725.716502190,1.328495,1.768731,3.097836,347
1598871725.750218391,1.391807,3.900235,5.292802,347
1598871725.782972336,1.425666,2.865084,4.292410,347
1598871725.816603661,1.353776,3.136736,4.491442,347
1598871725.850754738,1.427596,2.515010,3.943466,347
1598871725.886351347,1.273545,3.171417,4.445952,347
1598871725.917747974,1.382076,3.628232,5.012438,347
1598871725.953974724,1.314646,1.476897,2.792473,347
1598871725.985287905,1.249054,1.481217,2.730991,347
1598871726.020529032,1.265935,3.893845,5.160280,347
1598871726.052733183,1.187694,1.545507,2.734211,347
1598871726.086255550,1.097223,1.803321,2.901314,347
1598871726.120505571,1.254495,1.768340,3.023625,346
1598871726.153491974,1.229995,3.805324,5.035989,346
1598871726.186211586,1.417786,2.859903,4.279499,346
1598871726.219727755,1.653799,2.656431,4.311280,346
1598871726.254643679,1.568648,2.354548,3.923946,346
1598871726.286172867,1.406496,3.034586,4.441882,346
1598871726.320220709,1.458917,3.308308,4.768205,346
1598871726.353219032,1.414026,1.616749,3.031575,346
1598871726.387120485,1.277315,1.447377,2.725542,346
1598871726.420666933,1.439167,3.788174,5.228081,346
1598871726.454188108,1.370356,1.477547,2.849853,346
1598871726.489014149,1.074182,1.757021,2.831883,346
1598871726.521662712,1.564358,1.799131,3.364939,346
1598871726.555073977,1.490697,4.204369,5.695786,346
1598871726.590389490,1.316015,2.667041,3.983466,346
1598871726.621798277,1.422647,2.982445,4.405962,346
1598871726.656280041,1.230875,2.371447,3.603322,346
1598871726.689790487,1.185594,3.155846,4.342230,346
1598871726.724415541,1.613359,3.594852,5.211491,346
1598871726.756046057,1.528948,1.459727,2.989975,346
1598871726.789770365,1.423677,1.464777,2.889404,346
1598871726.824197769,1.262954,3.214308,4.478372,346
1598871726.858257771,1.213304,1.406166,2.620080,346
1598871726.891638517,1.310926,1.376596,2.688342,346
1598871726.897427082,1.284815,1.342515,2.627980,346
1598871726.924339294,1.406546,3.378019,4.785305,346
1598871726.958270788,1.379836,2.502309,3.883185,346
1598871726.992054224,1.358966,2.624580,3.987926,346
1598871727.025342703,1.249505,2.303206,3.553641,346
1598871727.059208393,1.163074,3.364289,4.528323,346
1598871727.093429089,1.302735,3.127556,4.431171,346
1598871727.125997782,1.165034,1.444546,2.610280,346
1598871727.159244537,1.222184,1.435697,2.658541,346
1598871727.192970514,1.302875,3.079816,4.383321,346
1598871727.226524591,1.376796,1.800491,3.178017,346
1598871727.260019779,1.282244,1.528748,2.811822,346
1598871727.294057846,1.106503,1.495087,2.602240,346
1598871727.327897072,1.361546,3.519501,4.881657,346
1598871727.361295223,1.341946,2.672981,4.015517,346
1598871727.395081043,1.190574,2.692051,3.883475,346
1598871727.429968834,1.214354,2.474509,3.689613,346
1598871727.462837219,1.261055,3.183607,4.445342,346
1598871727.495786190,1.288465,3.230848,4.520083,346
1598871727.535189390,1.306665,1.569269,2.877314,346
1598871727.565147877,1.395506,1.520028,2.916304,346
1598871727.597661972,1.166484,3.351019,4.518533,346
1598871727.631599188,1.243335,1.501367,2.745712,345
1598871727.665690422,1.197904,1.586159,2.785043,345
1598871727.696939945,1.292275,1.586548,2.879693,345
1598871727.731046438,1.415236,3.571062,4.987148,345
1598871727.765077829,1.223194,2.596290,3.820474,345
1598871727.798436165,1.387647,2.741362,4.129999,345
1598871727.831642151,1.352556,2.433328,3.786804,345
1598871727.865357637,1.403606,3.314129,4.718595,345
1598871727.899467468,1.494697,3.262168,4.757615,345
1598871727.932930470,1.405936,1.687130,3.094136,345
1598871727.966136217,1.210275,1.532277,2.743452,345
1598871728.003171682,1.199864,3.254848,4.455492,345
1598871728.033659458,1.320085,1.501297,2.822302,345
1598871728.067728281,1.176184,1.516097,2.692971,345
1598871728.101021767,1.154204,1.495837,2.650841,345
1598871728.134746313,1.233894,3.520931,4.755535,345
1598871728.168348312,1.234274,2.700711,3.935755,345
1598871728.207115173,1.333446,2.742842,4.077418,345
1598871728.235062361,1.174443,2.457879,3.632972,345
1598871728.269010782,1.414926,3.380589,4.796195,345
1598871728.303299904,1.396886,3.164957,4.562753,345
1598871728.335816860,1.315215,1.958353,3.274368,345
1598871728.369443655,1.546739,1.528497,3.076166,345
1598871728.402520657,1.662879,3.166717,4.830196,345
1598871728.436752081,1.632419,1.524187,3.157696,345
1598871728.470171452,1.486667,1.439257,2.926454,345
1598871728.504930258,1.529258,1.533358,3.063846,345
1598871728.536905527,1.723130,3.532131,5.255931,345
1598871728.571747541,1.618159,2.566260,4.185239,345
1598871728.606662035,1.542827,2.663561,4.207148,345
1598871728.637891769,1.645979,2.337117,3.983916,345
1598871728.671865940,1.610479,2.992664,4.603843,345
1598871728.704994440,1.546878,3.095216,4.642894,345
1598871728.743673801,1.655300,1.394766,3.050796,345
1598871728.772820473,1.608549,1.395867,3.005096,345
1598871728.806398392,1.616239,3.155377,4.772306,345
1598871728.842839003,2.042684,1.420236,3.463760,342
1598871728.876753330,1.667630,1.416946,3.085456,384
1598871728.906844378,1.655029,1.423667,3.079566,384
1598871728.940384626,1.789471,3.495621,5.285752,384
1598871728.974119902,1.701500,2.531339,4.233569,384
1598871729.007970572,1.658340,2.571549,4.230839,384
1598871729.048395634,1.535688,2.334287,3.870925,384
1598871729.078255177,1.415797,3.180627,4.597494,384
1598871729.112648010,1.463817,3.033666,4.498403,384
1598871729.144321680,1.236765,1.410606,2.648671,384
1598871729.175820351,1.252364,1.422047,2.675391,384
1598871729.210841417,1.436536,3.304719,4.742555,384
1598871729.242808104,1.553678,3.487651,5.042219,384
1598871729.277615070,1.550458,1.530087,3.081576,384
1598871729.310199499,1.416436,1.514378,2.931744,384
1598871729.345169306,1.238444,3.790074,5.029468,384
1598871729.377855062,1.465957,2.712362,4.179279,384
1598871729.411830664,1.290775,2.699471,3.991156,383
1598871729.444458961,1.516747,2.691982,4.209799,383
1598871729.478276253,1.545338,3.294778,4.841756,382
1598871729.510965824,1.409336,3.043476,4.454002,382
1598871729.544234514,1.505228,1.495237,3.001525,382
1598871729.577908516,1.288285,1.505077,2.794282,382
1598871729.616838932,1.420316,3.148377,4.569543,382
1598871729.643676281,1.381556,3.011375,4.393671,382
1598871729.678057432,1.228854,1.520648,2.750222,382
1598871729.711131811,1.277685,1.532317,2.810832,382
1598871729.744477987,1.387676,3.550102,4.938458,382
1598871729.777499914,1.341526,2.649670,3.992006,382
1598871729.813869238,1.333715,2.658811,3.993346,382
1598871729.850674391,1.333516,2.496719,3.831245,382
1598871729.877830029,1.419546,3.148917,4.569343,382
1598871729.911287785,1.505557,2.913074,4.419511,382
1598871729.944578171,1.401506,1.384016,2.786242,382
1598871729.978392363,1.382296,1.367366,2.750472,382
1598871730.012621641,1.144853,2.942684,4.088037,382
1598871730.044380665,1.356386,2.886183,4.243389,381
1598871730.085530043,1.410796,1.309945,2.721601,381
1598871730.111990690,1.308855,1.452487,2.763342,381
1598871730.144598961,1.377617,3.297468,4.676985,381
1598871730.178480148,1.377356,3.021585,4.400431,381
1598871730.211132526,1.395037,2.484118,3.880175,381
1598871730.244834661,1.424696,2.737532,4.162898,381
1598871730.278694868,1.404136,3.736593,5.141779,381
1598871730.311902285,1.259454,2.921394,4.181638,380
1598871730.344595909,1.335966,1.817221,3.154287,380
1598871730.378634453,1.394147,1.638199,3.034096,380
1598871730.411463022,1.364276,3.268748,4.633734,380
1598871730.445313931,1.316855,3.058266,4.376221,380
1598871730.478273630,1.354336,1.485147,2.840253,380
1598871730.511986017,1.344985,1.768961,3.114736,380
1598871730.544647217,1.395566,3.420770,4.817256,380
1598871730.584239244,1.470417,2.567129,4.038446,380
1598871730.615154743,1.245804,2.691772,3.938536,380
1598871730.645387411,1.461387,2.586400,4.051207,380
1598871730.683192492,1.386306,3.048415,4.435401,380
1598871730.712210417,1.353266,2.978754,4.333000,380
1598871730.745618343,1.265245,1.469427,2.735432,380
1598871730.778599977,1.199874,1.488157,2.688881,380
1598871730.812412500,1.293325,3.113456,4.407451,380
1598871730.846129656,1.395486,2.922474,4.318740,380
1598871730.878680229,1.431877,1.471127,2.903724,380
1598871730.912533283,1.162313,1.796241,2.959144,380
1598871730.946587086,1.331915,3.292278,4.625383,380
1598871730.979027987,1.207574,2.403168,3.611742,380
1598871731.012621403,1.456106,2.519270,3.975996,380
1598871731.045600653,1.303325,2.329317,3.633412,380
1598871731.079025507,1.233694,3.160547,4.394871,380
1598871731.118448496,1.147594,3.011615,4.160069,380
1598871731.146986961,1.266645,1.477037,2.744832,380
1598871731.179001570,1.165714,1.474397,2.641061,380
1598871731.212354183,1.235035,3.022755,4.258430,380
1598871731.247274637,1.298736,2.968434,4.268080,380
1598871731.278544903,1.365886,1.472637,2.839313,380
1598871731.312051296,1.385316,1.776301,3.162407,380
1598871731.346688271,1.318395,3.312039,4.631174,380
1598871731.378711462,1.260075,2.441998,3.703023,380
1598871731.413134336,1.282895,2.569799,3.853594,380
1598871731.445316553,1.395976,2.430748,3.827644,380
1598871731.479361773,1.112603,2.759262,3.872815,380
1598871731.512697697,1.361896,2.905124,4.267830,379
1598871731.546487570,1.410016,1.435997,2.846793,379
1598871731.579300642,1.196484,1.495077,2.692441,379
1598871731.612628222,1.277525,3.108946,4.387591,379
1598871731.645780087,1.257025,2.961784,4.219639,379
1598871731.679060698,1.432827,1.450117,2.883844,379
1598871731.712886572,1.353806,1.733180,3.087866,379
1598871731.747559547,1.999483,4.223809,6.224792,378
1598871731.782480240,1.820331,2.411499,4.234060,378
1598871731.812600851,1.677150,2.515429,4.193269,378
1598871731.845368624,1.807671,2.415858,4.224409,378
1598871731.879293203,1.593848,2.526259,4.120788,378
1598871731.912673235,1.687460,2.818313,4.506483,378
1598871731.947107315,1.749150,1.418076,3.168056,378
1598871731.979917526,1.937942,1.694080,3.632642,378
1598871732.013105154,1.345296,3.213067,4.560653,378
1598871732.046961784,1.357315,2.842043,4.200358,377
1598871732.080818653,1.379146,1.415476,2.795622,377
1598871732.112799644,1.377836,1.838402,3.217108,377
1598871732.145972490,1.323415,3.234128,4.558163,377
1598871732.180241346,1.226234,2.388888,3.616032,377
1598871732.213175774,1.393216,2.461099,3.855045,377
1598871732.246792555,1.305985,2.359958,3.666703,376
1598871732.280773878,1.452056,2.597020,4.050036,376
1598871732.313825130,1.432086,2.846313,4.279199,376
1598871732.348060369,1.339965,1.459317,2.802192,376
1598871732.381295919,1.167574,1.433817,2.602031,376
1598871732.415634394,1.459187,2.948064,4.408941,376
1598871732.449954033,1.438216,2.921064,4.361100,376
1598871732.482532978,1.194183,1.431187,2.626020,376
1598871732.516004562,1.255794,1.399257,2.655741,376
1598871732.553784609,1.316525,3.091336,4.408551,376
1598871732.583370209,1.209294,2.316497,3.526861,376
1598871732.617448092,1.223415,2.419938,3.644123,376
1598871732.650133133,1.308656,2.125774,3.435170,376
1598871732.683732986,1.180344,2.554759,3.735883,376
1598871732.716633081,1.329146,2.787202,4.117648,376
1598871732.753696442,1.453687,1.483187,2.937644,376
1598871732.783455610,1.346065,1.406297,2.753302,376
1598871732.817596197,1.361365,2.794243,4.156348,376
1598871732.850059748,1.266515,2.873863,4.141188,376
1598871732.883210897,1.415676,1.430207,2.847073,376
1598871732.916702032,1.425167,1.403546,2.829393,376
1598871732.951020241,1.468777,2.955414,4.425202,375
1598871732.984267950,1.130843,2.334397,3.465980,375
1598871733.017055273,1.313865,2.491609,3.806944,375
1598871733.050598383,1.276195,2.221985,3.498870,374
1598871733.084345818,1.493447,3.023095,4.517282,374
1598871733.117235184,1.295595,2.927244,4.224569,374
1598871733.150598526,1.371756,1.840092,3.212778,374
1598871733.183750153,1.390226,1.587358,2.979514,374
1598871733.225201130,1.452347,3.035875,4.489092,374
1598871733.250865459,1.295005,2.976364,4.272269,374
1598871733.283371210,1.422286,1.540398,2.963684,374
1598871733.317546129,1.505928,1.486757,2.993495,374
1598871733.350631237,1.355986,3.133516,4.490352,374
1598871733.384282351,1.499507,2.574390,4.075007,373
1598871733.417661905,1.406496,2.718302,4.126788,373
1598871733.450956583,1.439997,2.395218,3.836165,373
1598871733.484010458,1.352976,2.379628,3.733584,373
1598871733.517747402,1.588508,2.945754,4.535382,373
1598871733.553059340,1.275914,1.476188,2.752842,373
1598871733.586210012,1.282665,1.527668,2.811573,373
1598871733.617793560,1.465197,2.985695,4.451742,372
1598871733.650873184,1.371036,3.012465,4.385751,372
1598871733.683871984,1.280735,1.439287,2.721882,372
1598871733.717196941,1.549568,1.457537,3.008015,371
1598871733.751422644,1.480097,2.982945,4.463942,371
1598871733.784023762,1.174584,2.382708,3.558032,371
1598871733.818598270,1.464497,2.562920,4.028517,370
1598871733.850581408,1.352186,2.320997,3.674013,370
1598871733.883821249,1.327456,2.335007,3.663153,370
1598871733.920018673,1.425427,2.945464,4.373181,369
1598871733.957264185,1.464407,1.476637,2.942724,368
1598871733.986291885,1.617358,1.722080,3.340319,368
1598871734.020287752,1.798761,3.151417,4.952468,367
1598871734.051958323,1.787991,3.457240,5.246521,367
1598871734.085445166,1.643049,1.442067,3.086146,367
1598871734.119151831,1.762811,1.424276,3.187737,367
1598871734.152568340,1.808631,3.380739,5.190610,367
1598871734.188297510,1.643090,2.437868,4.081798,367
1598871734.218966246,1.700889,2.648241,4.349760,367
1598871734.250290394,1.642739,2.316347,3.959806,367
1598871734.284284353,1.623998,2.651381,4.276149,367
1598871734.318060398,1.764930,3.718663,5.484303,367
1598871734.352011681,1.633869,1.476147,3.112486,367
1598871734.383993864,1.580378,1.401126,2.982924,367
1598871734.418226719,1.456037,3.125906,4.584623,367
1598871734.450974941,1.261694,3.310739,4.573413,367
1598871734.485557556,1.423347,2.173635,3.597722,367
1598871734.518636227,1.405606,1.454347,2.860713,365
1598871734.552956820,1.264904,3.984357,5.250031,365
1598871734.585417271,1.298495,2.908054,4.209359,365
1598871734.618401289,1.611318,3.308719,4.921627,365
1598871734.651227951,1.346485,2.664651,4.012536,365
1598871734.684866667,1.358716,2.866324,4.225950,365
1598871734.718566895,1.208044,3.325308,4.534092,365
1598871734.752375841,1.232784,1.519208,2.753142,365
1598871734.786783934,1.186824,1.566948,2.754422,365
1598871734.818631649,1.233585,3.437030,4.671565,364
1598871734.851785183,1.253664,3.003335,4.257689,364
1598871734.885437489,1.188184,2.323607,3.513241,364
1598871734.919105530,1.293575,1.494827,2.789172,364
1598871734.951482534,1.310735,4.354881,5.666626,364
1598871734.984800100,1.325865,2.957505,4.284320,364
1598871735.018784523,1.507488,3.105056,4.613764,364
1598871735.052590847,1.572178,2.544570,4.118328,363
1598871735.088356256,1.282805,2.928964,4.213589,363
1598871735.124832153,1.397057,3.507340,4.905097,363
1598871735.153475523,1.154623,1.518438,2.674031,363
1598871735.186315298,1.315916,1.509847,2.826493,363
1598871735.219963312,1.365796,3.457520,4.824206,363
1598871735.252072096,1.259065,2.982775,4.242510,363
1598871735.285435677,1.366386,2.192835,3.559991,363
1598871735.318797112,1.355305,1.656039,3.012024,363
1598871735.353493214,1.177894,4.419961,5.598745,363
1598871735.385626316,1.184674,2.939024,4.124578,363
1598871735.419461489,1.288065,3.056086,4.345001,363
1598871735.451917171,1.162804,2.555059,3.718773,363
1598871735.485946894,1.101273,2.847403,3.949526,363
1598871735.519233704,1.224864,3.366549,4.592153,363
1598871735.556932211,1.263795,1.506877,2.771502,363
1598871735.589190960,1.237264,1.522588,2.760552,363
1598871735.620361328,1.332445,3.195877,4.529082,363
1598871735.653527975,1.292186,2.910133,4.202949,363
1598871735.688635349,1.188384,2.255286,3.444930,363
1598871735.721225023,1.326035,1.812811,3.139656,363
1598871735.754864216,1.376306,4.070908,5.448314,363
1598871735.786806822,1.139953,2.797903,3.938846,363
1598871735.819532156,1.370866,3.056855,4.428781,363
1598871735.851767063,1.275585,2.703841,3.980426,363
1598871735.885400057,1.319286,2.814472,4.134768,363
1598871735.918697834,1.492418,3.357288,4.851566,362
1598871735.953909874,1.508398,1.464117,2.973345,362
1598871735.985654831,1.332045,1.466967,2.799712,362
1598871736.019479036,1.207984,3.174146,4.382850,362
1598871736.052278042,1.231434,2.848983,4.081207,362
1598871736.086359262,1.419857,1.730410,3.150957,362
1598871736.120006084,1.467437,1.457687,2.925954,362
1598871736.153259754,1.244714,3.964576,5.210130,362
1598871736.186007977,1.221184,2.642260,3.864554,362
1598871736.219939232,1.274605,2.778682,4.053947,362
1598871736.253673315,1.331426,2.467268,3.799564,362
1598871736.285856962,1.382836,2.862874,4.247170,362
1598871736.319769621,1.251175,3.148826,4.400891,362
1598871736.353031635,1.263865,1.471847,2.737062,362
1598871736.389435053,1.278765,1.446787,2.726142,362
1598871736.419797897,1.326325,3.084226,4.411211,362
1598871736.453186035,1.189544,2.880853,4.071117,362
1598871736.486847878,1.192054,1.743600,2.936494,362
1598871736.520307541,1.257975,1.487847,2.746542,362
1598871736.557583094,1.298455,3.574161,4.873416,362
1598871736.585925341,1.356095,2.502799,3.859585,361
1598871736.620018721,1.156583,2.601581,3.758914,361
1598871736.655923843,1.216274,2.433018,3.650362,361
1598871736.688851595,1.278215,2.637730,3.917295,361
1598871736.721414566,1.225804,2.906644,4.133258,361
1598871736.753676653,1.409366,1.457947,2.868013,361
1598871736.785939217,1.153653,1.459287,2.613700,361
1598871736.820476055,1.288085,3.059736,4.348641,361
1598871736.853867531,1.360866,2.965515,4.327231,361
1598871736.888840199,1.162124,1.807661,2.970825,361
1598871736.921616554,1.312866,1.444887,2.758633,361
1598871736.953231573,1.432127,3.236528,4.669365,361
1598871736.989314556,1.313265,2.473689,3.788234,361
1598871737.021403790,1.217124,2.517389,3.735313,361
1598871737.056524277,1.299665,2.389998,3.690483,361
1598871737.089634895,1.133263,2.443428,3.577931,361
1598871737.120991707,1.229404,2.800142,4.030346,361
1598871737.153374195,1.259744,1.456607,2.717091,361
1598871737.191586256,1.176043,1.456457,2.633150,361
1598871737.220811129,1.526028,2.950764,4.477512,361
1598871737.253381252,1.325376,2.808072,4.134338,361
1598871737.286629438,1.263324,1.532158,2.797492,361
1598871737.321805239,1.442327,1.483967,2.927164,361
1598871737.353248835,1.189254,3.421650,4.611824,361
1598871737.388295889,1.222024,2.451149,3.674243,361
1598871737.421339512,1.308235,2.578370,3.887295,361
1598871737.453769922,1.236954,2.332898,3.570682,361
1598871737.487028599,1.194534,2.277436,3.472751,361
1598871737.525380850,1.174454,3.002164,4.178088,361
1598871737.552683115,1.476387,1.461367,2.938654,361
1598871737.586595297,1.327966,1.462167,2.790923,361
1598871737.621217012,1.298675,3.047875,4.347250,361
1598871737.654223919,1.336076,2.808902,4.146168,361
1598871737.686534643,1.348086,1.493977,2.843133,361
1598871737.725602150,1.179963,1.479578,2.660391,361
1598871737.754262686,1.233694,3.369489,4.603953,361
1598871737.788342476,1.282275,2.711501,3.994606,361
1598871737.820850611,1.340085,2.657711,3.998546,361
1598871737.853650093,1.243054,2.283517,3.527541,361
1598871737.887272120,1.339265,2.383848,3.723913,361
1598871737.921353340,1.212494,2.994895,4.208399,361
1598871737.953304052,1.405356,1.455727,2.862463,361
1598871737.988569975,1.254025,1.467747,2.722352,361
1598871738.021639347,1.338566,3.071605,4.410861,361
1598871738.055084467,1.445657,2.852883,4.299540,361
1598871738.089150906,1.450737,2.102774,3.554411,361
1598871738.121308804,1.463236,1.533138,2.997254,361
1598871738.154064894,1.430216,3.801684,5.232660,361
1598871738.188737154,1.178214,2.907594,4.086938,360
1598871738.221419573,1.291945,2.791272,4.084527,360
1598871738.256204605,1.297216,2.279906,3.577942,360
1598871738.287211418,1.437946,2.836573,4.275479,360
1598871738.321979046,1.631529,3.220988,4.853447,360
1598871738.354047060,1.585849,1.490167,3.077746,360
1598871738.394888401,1.459237,1.784231,3.244368,360
1598871738.422005177,1.341116,3.398339,4.740795,360
1598871738.454200983,1.636839,3.525511,5.165790,360
1598871738.488272667,1.467187,1.523308,2.992345,360
1598871738.527457714,1.212214,1.378516,2.591820,360
1598871738.554207087,1.148013,3.958006,5.106529,360
1598871738.588986397,1.441987,2.788243,4.231190,360
1598871738.621491432,1.367736,2.805352,4.173758,360
1598871738.655235529,1.284925,2.407658,3.693843,360
1598871738.687793255,1.270104,3.360500,4.631324,356
1598871738.727858067,1.284805,3.671193,4.956798,353
1598871738.754611731,1.262435,1.500247,2.763612,353
1598871738.788805008,1.444676,1.481618,2.927154,353
1598871738.821255445,1.237014,4.340661,5.578355,349
1598871738.854099989,1.286695,3.127837,4.415502,349
1598871738.888630867,1.407546,1.497938,2.906674,349
1598871738.923188448,1.389906,2.129175,3.519631,348
1598871738.956800938,1.379636,4.328540,5.710506,348
1598871738.989553928,1.501568,3.286658,4.790586,348
1598871739.024436235,1.465177,3.085846,4.552063,346
1598871739.055422068,1.412276,2.548890,3.962406,346
1598871739.090511322,1.345296,2.947344,4.293810,346
1598871739.123526096,1.332096,3.381309,4.714345,346
1598871739.154883623,1.415396,1.806321,3.224347,344
1598871739.189788342,1.467977,1.613239,3.084346,343
1598871739.222357988,2.280707,4.321600,6.604017,340
1598871739.256358147,1.944353,3.173676,5.120389,347
1598871739.289879322,1.697829,2.209936,3.908755,347
1598871739.323496580,2.196106,1.769550,3.967116,339
1598871739.357132435,1.590488,5.995300,7.587828,366
1598871739.390344620,1.764610,2.994745,4.760465,357
1598871739.423227549,1.321226,3.366059,4.690305,353
1598871739.456595182,1.406086,2.606280,4.013666,349
1598871739.489139080,1.401466,2.771353,4.174329,346
1598871739.524719238,1.337676,3.570811,4.909237,342
1598871739.555972815,1.651820,1.785820,3.439280,340
1598871739.590464830,1.232264,1.450807,2.684171,374
1598871739.623002529,1.408497,4.047537,5.456714,362
1598871739.655817509,1.934292,2.247516,4.183598,361
1598871739.688767195,1.660349,1.810921,3.471940,358
1598871739.724190950,1.632099,2.655741,4.288670,357
1598871739.756579876,1.474407,4.311570,5.786907,356
1598871739.788836002,1.267705,2.921224,4.189859,355
1598871739.827299118,1.405727,2.959234,4.365981,353
1598871739.857113123,1.224715,2.414668,3.640253,349
1598871739.889673948,1.523327,2.679722,4.203779,345
1598871739.924729824,1.578909,3.704943,5.284692,374
1598871739.957018375,1.346965,2.696931,4.044746,370
1598871739.989970207,1.462537,1.766910,3.230517,367
1598871740.025012732,1.321725,3.576362,4.898967,367
1598871740.057455063,1.347726,2.377427,3.726733,366
1598871740.089870214,1.548418,1.654819,3.204057,363
1598871740.124879122,1.175464,2.020733,3.197107,363
1598871740.157141924,1.273584,4.683335,5.957659,363
1598871740.190619707,1.257375,3.019645,4.277900,363
1598871740.222504139,1.432687,2.965854,4.399511,363
1598871740.256644964,1.193264,2.393747,3.588561,363
1598871740.290184736,1.316765,4.669884,5.987379,363
1598871740.325751066,1.642079,3.252497,4.896326,363
1598871740.355812073,1.688750,2.531109,4.220759,362
1598871740.391901731,1.508837,1.878762,3.389129,362
1598871740.423739672,1.329445,3.364969,4.695294,357
1598871740.455282450,1.395456,1.685370,3.082116,357
1598871740.489886284,1.511318,1.514707,3.027925,357
1598871740.524279118,1.411126,2.075964,3.487690,356
1598871740.556488037,1.496007,4.188799,5.685686,356
1598871740.590119839,1.415826,2.864363,4.281089,354
1598871740.621933460,1.345035,2.857154,4.203039,354
