timestamp,tracking_ms,estimator_ms,total_ms,observations
1598870181.880224466,3.505982,0.114711,3.640403,0
1598870181.917529106,2.454719,0.014560,2.473649,254
1598870181.940813303,1.386286,0.007490,1.394896,254
1598870181.974414825,1.443008,0.006180,1.449838,254
1598870182.008227587,1.308316,0.004490,1.313166,254
1598870182.041640520,1.434787,0.004200,1.439527,254
1598870182.075725794,1.427157,0.004380,1.432117,254
1598870182.108786345,1.231964,0.005760,1.238284,256
1598870182.141568184,0.949631,0.007820,0.959231,256
1598870182.175574541,0.939802,0.004950,0.945142,256
1598870182.215332508,1.065872,0.004980,1.071572,256
1598870182.246270657,1.079253,0.005140,1.085233,256
1598870182.276529312,0.897961,0.004040,0.902311,256
1598870182.309342623,1.073522,0.007381,1.081973,256
1598870182.343000889,1.064193,0.005280,1.070413,256
1598870182.375574589,1.101833,0.005010,1.107364,256
1598870182.408781767,1.095183,0.004520,1.100343,256
1598870182.441195965,1.045382,0.008740,1.055302,256
1598870182.475506067,1.128354,0.005670,1.134884,256
1598870182.508774042,1.067383,0.005360,1.073323,256
1598870182.542677641,0.909771,0.004750,0.914811,256
1598870182.574922800,1.118193,0.007770,1.127393,256
1598870182.610951424,1.097663,0.005890,1.104153,258
1598870182.675121307,0.949522,0.005070,0.955382,260
1598870182.710199594,1.022152,0.007700,1.030552,260
1598870182.742533922,1.129443,0.007171,1.137234,260
1598870182.775039673,0.910241,0.004420,0.915101,260
1598870182.808820724,1.035512,0.004610,1.041422,260
1598870182.842591763,1.092983,0.006880,1.101953,260
1598870182.876286983,0.925341,0.002850,0.928601,260
1598870182.915309906,1.147773,0.004860,1.153453,260
1598870182.943991423,0.946251,0.004350,0.951741,260
1598870182.975965977,0.972532,0.003850,0.976942,260
1598870183.010370255,1.041622,0.003910,1.046452,260
1598870183.042045832,0.900971,0.003250,0.904541,260
1598870183.075617790,1.009792,0.003440,1.013912,260
1598870183.110783815,1.173484,0.003620,1.177864,260
1598870183.143340826,0.951961,0.003980,0.956681,262
1598870183.176972628,1.023912,0.003530,1.028342,262
1598870183.211669207,0.921911,0.003100,0.925301,262
1598870183.243534803,1.115843,0.005400,1.122473,262
1598870183.277349472,1.141723,0.004230,1.146883,262
1598870183.310212612,1.040223,0.006740,1.047613,262
1598870183.342927456,0.923671,0.003240,0.927181,262
1598870183.376801968,0.977852,0.008680,0.988892,262
1598870183.410885334,0.935671,0.005670,0.941861,262
1598870183.444266081,1.253355,0.006180,1.260505,262
1598870183.478903770,1.285166,0.004710,1.290666,262
1598870183.511851072,1.322286,0.006830,1.330326,262
1598870183.543994665,1.252535,0.005020,1.258455,262
1598870183.577246666,0.998242,0.006870,1.006182,262
1598870183.610219240,1.040512,0.005420,1.047222,262
1598870183.643236876,1.041542,0.004940,1.047572,262
1598870183.676012516,1.040213,0.003590,1.044343,262
1598870183.710721493,0.950511,0.003040,0.953871,262
1598870183.743533373,1.062793,0.003430,1.066793,262
1598870183.777814388,1.121174,0.005320,1.127514,262
1598870183.811316252,1.091703,0.005110,1.098293,262
1598870183.843646526,1.313196,0.008620,1.322916,262
1598870183.876626968,1.297145,0.011500,1.309405,262
1598870183.910410643,1.164413,0.004700,1.169573,262
1598870183.943622351,1.441157,0.009170,1.451617,262
1598870183.976300955,1.207135,0.005760,1.213565,264
1598870184.008874655,1.239415,0.004570,1.244955,264
1598870184.043982506,1.089933,0.004180,1.094853,264
1598870184.077158213,0.977522,0.003860,0.981832,264
1598870184.110844374,1.232844,0.009181,1.243755,264
1598870184.144588947,1.137034,0.004650,1.142944,264
1598870184.176785707,1.021882,0.004160,1.026372,264
1598870184.210665464,1.081172,0.004410,1.086452,264
1598870184.241655588,1.182244,0.004110,1.186974,264
1598870184.275572062,1.153313,0.004240,1.158353,264
1598870184.310132980,0.926641,0.003720,0.930801,264
1598870184.342757225,1.073663,0.004110,1.078443,264
1598870184.375967503,1.058153,0.003650,1.062313,264
1598870184.411029100,1.038582,0.003540,1.042622,264
1598870184.441317320,1.053742,0.011820,1.066472,264
1598870184.474771023,0.934931,0.004530,0.940031,264
1598870184.508375645,1.003082,0.004550,1.008702,264
1598870184.540892839,1.295016,0.006120,1.301966,264
1598870184.573622942,1.184764,0.004230,1.190144,264
1598870184.608060837,1.218645,0.005620,1.225065,264
1598870184.641946316,1.172294,0.004070,1.176784,264
1598870184.675080061,1.210015,0.009130,1.220225,264
1598870184.708554745,1.148214,0.008900,1.158734,264
1598870184.749225140,1.112613,0.007950,1.121803,264
1598870184.774228811,0.952461,0.004470,0.957291,264
1598870184.807290077,1.168464,0.008700,1.178434,264
1598870184.840718746,1.089113,0.005660,1.095393,264
1598870184.874502897,0.985452,0.004310,0.990302,264
1598870184.907545090,1.110183,0.004130,1.114873,264
1598870184.941160440,1.067112,0.003720,1.071342,264
1598870184.974128962,1.232064,0.003750,1.236354,264
1598870185.005882025,1.047473,0.003760,1.051763,264
1598870185.039954185,1.098713,0.004400,1.103963,264
1598870185.073336363,1.088453,0.004000,1.093083,264
1598870185.105789661,1.110823,0.003890,1.115383,264
1598870185.140304327,1.219835,0.004690,1.225115,264
1598870185.172801733,0.936091,0.003440,0.939831,264
1598870185.206515789,1.156004,0.003910,1.160604,264
1598870185.240520954,1.152184,0.004010,1.156744,264
1598870185.273709774,1.102313,0.004090,1.107143,264
1598870185.306363821,1.448657,0.005180,1.454697,264
1598870185.340191364,1.276305,0.004730,1.281845,264
1598870185.372522354,0.998171,0.003570,1.002181,264
1598870185.405909538,1.202004,0.004400,1.206964,264
1598870185.439436436,1.185164,0.005010,1.191234,264
1598870185.470918417,0.949892,0.003900,0.954512,264
1598870185.505503893,1.218195,0.005220,1.224355,264
1598870185.539031982,1.227074,0.006700,1.235134,264
1598870185.572155476,1.067682,0.004830,1.072942,266
1598870185.605763912,1.288265,0.005770,1.294895,261
1598870185.641602755,1.268685,0.006760,1.276155,258
1598870185.674978971,1.076743,0.008620,1.085953,257
1598870185.704860926,1.008342,0.005250,1.013952,257
1598870185.737051010,1.109024,0.006170,1.116034,257
1598870185.770891190,1.135153,0.004541,1.140254,257
1598870185.806250334,1.018952,0.003550,1.022842,256
1598870185.837104082,1.237035,0.005190,1.242765,253
1598870185.870442629,1.314136,0.007590,1.323446,248
1598870185.904914618,1.019352,0.003810,1.023562,248
1598870185.937390566,1.241895,0.004670,1.247375,248
1598870185.970233202,0.975721,0.004400,0.980911,248
1598870186.004555464,1.167874,0.006660,1.175904,248
1598870186.042122364,1.242125,0.004930,1.247985,248
1598870186.071408749,1.058123,0.004710,1.063513,248
1598870186.106055975,1.128714,0.003900,1.133124,248
1598870186.136676073,1.324005,0.007270,1.332155,260
1598870186.169927835,1.182984,0.009150,1.193154,272
1598870186.203211308,1.169704,0.006230,1.176604,272
1598870186.236934185,1.139734,0.005120,1.145754,272
1598870186.268953562,1.214505,0.008140,1.223685,272
1598870186.302101135,1.187634,0.007350,1.196124,272
1598870186.335229635,1.152344,0.006770,1.159884,272
1598870186.368878365,1.022592,0.005280,1.028482,272
1598870186.402614594,1.279805,0.004780,1.285235,272
1598870186.434520245,1.065203,0.004260,1.069813,272
1598870186.468364477,1.160163,0.005651,1.166724,272
1598870186.501729250,1.182224,0.004880,1.187744,272
1598870186.535058022,1.389787,0.004340,1.394757,272
1598870186.568928480,1.140233,0.009570,1.151223,272
1598870186.601659536,1.249695,0.006210,1.256655,272
1598870186.641800642,1.254145,0.005280,1.260155,272
1598870186.670315027,1.075903,0.007220,1.083693,272
1598870186.700823784,1.298786,0.007780,1.307386,272
1598870186.734796762,1.227985,0.005340,1.233915,272
1598870186.768419743,1.042172,0.004750,1.047452,272
1598870186.803907871,1.250255,0.005020,1.255975,272
1598870186.833617926,1.257655,0.008570,1.267405,272
1598870186.867712975,1.134094,0.006050,1.140794,272
1598870186.901821136,1.339226,0.005270,1.345156,263
1598870186.933278799,1.173774,0.008130,1.182964,262
1598870186.967003107,1.186504,0.006950,1.194924,262
1598870187.000490427,1.205375,0.007510,1.213705,260
1598870187.034646749,1.273665,0.005810,1.280315,260
1598870187.066613197,1.191354,0.005190,1.197094,260
1598870187.100916624,1.178564,0.007670,1.187244,260
1598870187.133616924,1.278295,0.008440,1.288065,260
1598870187.166763783,1.255275,0.008120,1.264255,260
1598870187.208326578,1.131453,0.006001,1.138454,260
1598870187.233574390,1.055542,0.005110,1.061052,260
1598870187.266670942,1.063573,0.004970,1.069273,260
1598870187.299563408,1.349946,0.004910,1.355746,260
1598870187.334326982,1.162874,0.004620,1.168044,260
1598870187.366134167,1.107904,0.005350,1.113884,260
1598870187.399456978,1.249085,0.005060,1.255175,260
1598870187.432584524,1.203375,0.004670,1.208865,260
1598870187.466357708,1.173044,0.004770,1.178324,260
1598870187.499958515,1.205584,0.004591,1.210855,260
1598870187.534012079,1.191145,0.004510,1.196505,260
1598870187.565604925,1.205524,0.004300,1.210364,260
1598870187.599898100,1.160893,0.004490,1.165883,260
1598870187.632386923,1.169324,0.006790,1.177194,260
1598870187.664356232,1.096143,0.008970,1.106143,260
1598870187.698099613,1.196705,0.009930,1.207195,260
1598870187.730575562,1.221954,0.009890,1.233714,260
1598870187.765149832,1.059682,0.009500,1.070292,260
1598870187.805773020,1.156874,0.007090,1.164634,257
1598870187.832755089,1.148024,0.006560,1.155914,257
1598870187.864704609,1.147704,0.005190,1.153554,256
1598870187.898839235,1.202734,0.004820,1.208364,256
1598870187.931606770,1.252244,0.009801,1.263165,256
1598870187.965865612,1.021142,0.006680,1.028812,256
1598870187.997975349,1.354896,0.006880,1.362316,255
1598870188.030696154,1.320485,0.008510,1.329765,245
1598870188.062975407,1.342956,0.005900,1.349566,239
1598870188.098056555,1.303225,0.006030,1.309995,232
1598870188.131805658,1.199874,0.007850,1.208494,250
1598870188.164712429,1.121513,0.008350,1.130533,249
1598870188.197124243,1.422426,0.007761,1.431097,232
1598870188.229650736,1.170494,0.008280,1.179654,225
1598870188.264893055,1.144593,0.006320,1.151263,218
1598870188.296231985,1.278126,0.007720,1.286386,222
1598870188.331032276,1.374427,0.007540,1.382777,211
1598870188.361485481,1.487048,0.008900,1.496808,212
1598870188.395847082,1.364497,0.008060,1.373117,206
1598870188.430228949,1.313695,0.008361,1.322926,194
1598870188.461277723,1.209445,0.007860,1.218235,198
1598870188.495204687,0.961141,0.007921,0.969532,201
1598870188.529856443,1.179744,0.007991,1.188325,200
1598870188.563560247,1.016132,0.007030,1.023932,202
1598870188.597220898,1.034742,0.012150,1.049282,202
1598870188.629174471,1.037382,0.009171,1.047313,202
1598870188.663210392,0.972741,0.008100,0.981721,202
1598870188.697657824,1.091113,0.007260,1.098953,204
1598870188.728936434,1.024262,0.006090,1.030982,204
1598870188.762689829,1.069103,0.005360,1.075403,204
1598870188.795616627,1.093323,0.004880,1.098973,204
1598870188.828707933,1.085413,0.007880,1.094433,206
1598870188.861472130,0.875610,0.005400,0.881430,206
1598870188.901201248,1.223244,0.012330,1.238104,206
1598870188.930953979,1.108143,0.009700,1.119313,206
1598870188.962217569,0.879180,0.007230,0.887010,206
1598870188.995158672,0.974341,0.010040,0.985441,206
1598870189.028464317,1.067453,0.007410,1.075623,206
1598870189.061174631,1.092063,0.008040,1.101443,206
1598870189.095745564,1.007252,0.005870,1.013922,206
1598870189.128703356,1.141653,0.004900,1.147303,206
1598870189.163105488,1.042992,0.005450,1.049652,206
1598870189.193992853,1.155334,0.007330,1.163234,208
1598870189.228909492,1.137094,0.008140,1.145824,208
1598870189.261833906,0.950031,0.006530,0.957711,208
1598870189.294832230,1.117434,0.005370,1.123434,208
1598870189.328066111,1.033973,0.004800,1.039443,208
1598870189.360997915,0.941511,0.005070,0.947671,208
1598870189.398225784,1.202184,0.005790,1.208634,208
1598870189.427998781,0.962661,0.004330,0.967391,208
1598870189.461030722,1.022712,0.007490,1.031552,208
1598870189.494803190,1.055253,0.005560,1.061483,208
1598870189.527896404,1.004993,0.006380,1.012313,208
1598870189.560455561,1.012272,0.005640,1.018702,208
1598870189.593275785,1.084843,0.005610,1.091523,208
1598870189.628514051,1.208494,0.005701,1.214905,208
1598870189.659234047,0.992431,0.005170,0.998221,208
1598870189.693200111,1.049593,0.004720,1.055013,208
1598870189.727082491,1.129563,0.005710,1.136123,208
1598870189.759842396,0.974512,0.005400,0.980592,208
1598870189.793346405,1.196485,0.007060,1.204385,208
1598870189.826486349,1.022852,0.004820,1.028552,208
1598870189.859849691,0.967042,0.006180,0.975502,208
1598870189.894172668,1.248245,0.006070,1.255335,208
1598870189.927053452,1.188354,0.005100,1.194204,208
1598870189.959157944,1.065342,0.005260,1.071182,208
1598870189.991576910,1.141833,0.005431,1.147734,208
1598870190.024950981,1.172494,0.005280,1.178614,208
1598870190.058573246,1.314515,0.004490,1.319675,208
1598870190.090591669,1.236294,0.004430,1.241364,208
1598870190.126018047,1.055052,0.004810,1.060392,210
1598870190.158056736,0.976691,0.005480,0.983122,210
1598870190.191104889,1.088143,0.004510,1.093303,210
1598870190.224503279,0.952912,0.004390,0.957972,210
1598870190.257793903,1.057652,0.004700,1.063202,210
1598870190.291474819,1.059433,0.008790,1.069323,210
1598870190.325255394,1.121623,0.006700,1.128963,210
1598870190.358631134,0.984691,0.006240,0.991501,210
1598870190.392229080,1.006373,0.010390,1.017663,210
1598870190.427643061,1.200564,0.005510,1.207034,210
1598870190.459350586,0.951992,0.005680,0.958302,210
1598870190.492307425,1.109803,0.004670,1.115223,210
1598870190.525755644,1.058622,0.004930,1.064282,210
1598870190.559625626,0.878520,0.004130,0.883030,210
1598870190.592367649,1.107173,0.004450,1.112353,210
1598870190.626855135,1.084343,0.004480,1.089593,210
1598870190.658181906,1.025552,0.005970,1.032232,212
1598870190.692020893,1.064593,0.009660,1.075623,210
1598870190.724652529,0.989462,0.006790,0.997062,210
1598870190.757586956,1.063052,0.008921,1.072993,210
1598870190.790883541,1.108054,0.007380,1.116104,210
1598870190.824740887,1.017482,0.005800,1.024092,210
1598870190.855603218,1.033622,0.004760,1.038982,210
1598870190.889306545,1.023062,0.005120,1.028752,210
1598870190.925913811,1.291205,0.004600,1.296445,210
1598870190.959112644,1.090493,0.005680,1.096773,210
1598870190.991371393,1.131064,0.005200,1.137084,210
1598870191.022987843,1.301996,0.012090,1.315926,210
1598870191.057707310,1.151163,0.008040,1.159823,210
1598870191.090873480,1.197824,0.009971,1.208735,210
1598870191.121977329,1.341116,0.008260,1.350346,210
1598870191.155982971,1.065433,0.006310,1.072763,210
1598870191.190068722,0.934902,0.005630,0.940922,210
1598870191.223474741,1.210985,0.008350,1.220275,210
1598870191.256256342,1.045862,0.005940,1.052422,210
1598870191.290700912,1.005112,0.007620,1.013672,210
1598870191.323267937,0.936081,0.008770,0.945441,210
1598870191.356408834,0.950952,0.006480,0.958012,210
1598870191.389154673,1.098353,0.005440,1.104693,210
1598870191.423248053,1.020852,0.004590,1.025992,210
1598870191.455263376,0.934731,0.004600,0.939911,210
1598870191.489531517,1.158084,0.004340,1.162934,210
1598870191.522814989,1.120273,0.004680,1.125843,210
1598870191.554508448,0.854100,0.006980,0.861450,210
1598870191.589361191,1.092583,0.005600,1.098733,210
1598870191.622903585,1.065402,0.004650,1.070612,210
1598870191.656965494,1.008222,0.004500,1.013312,210
1598870191.691601515,1.102083,0.008110,1.111223,210
1598870191.725038052,0.969222,0.005650,0.975342,210
1598870191.758024454,0.995212,0.004980,1.000942,210
1598870191.788448572,1.063493,0.008030,1.072443,210
1598870191.821814537,1.235214,0.006370,1.242654,210
1598870191.857105732,0.963111,0.006960,0.970871,210
1598870191.887770176,1.053493,0.009210,1.063643,210
1598870191.923236847,1.064192,0.007850,1.073012,210
1598870191.955613852,1.468628,0.015670,1.484738,210
1598870191.988732338,1.607869,0.008690,1.618819,210
1598870192.021801233,1.478257,0.008721,1.487748,210
1598870192.055724144,1.391897,0.008630,1.401507,210
1598870192.087696314,1.497418,0.008630,1.507078,210
1598870192.121581078,1.527688,0.006990,1.535628,210
1598870192.154428720,1.381896,0.005960,1.388396,210
1598870192.188757896,1.463518,0.005130,1.469278,210
1598870192.221460819,1.515188,0.004580,1.520358,210
1598870192.255122662,1.335136,0.003980,1.339416,210
1598870192.287556648,1.413257,0.004070,1.417957,210
1598870192.321352720,1.697000,0.018370,1.716030,210
1598870192.354526997,1.104314,0.011690,1.118564,210
1598870192.387928963,1.644560,0.022820,1.672170,210
1598870192.421203136,1.637329,0.026291,1.668030,210
1598870192.459670782,1.290775,0.017750,1.309915,210
1598870192.487502813,1.225284,0.008851,1.235765,210
1598870192.520427704,1.353806,0.016080,1.371586,210
1598870192.554476976,1.332175,0.019911,1.354486,210
1598870192.587162971,1.338706,0.019290,1.363196,210
1598870192.621248722,1.263645,0.017560,1.284865,210
1598870192.653945684,1.257265,0.018450,1.278825,210
1598870192.686274529,1.362256,0.015451,1.381127,210
1598870192.720687628,1.409846,0.015951,1.430417,210
1598870192.753252745,1.062412,0.012410,1.075522,210
1598870192.786287546,1.221424,0.019000,1.243404,210
1598870192.824337721,1.338126,0.014170,1.353956,210
1598870192.854114771,0.891660,0.006900,0.898840,210
1598870192.886826277,1.023112,0.010390,1.035022,210
1598870192.920476913,1.090663,0.009661,1.101894,210
1598870192.952784777,0.951261,0.011460,0.965141,210
1598870192.986377001,1.002402,0.006420,1.009622,210
1598870193.020683527,1.145314,0.010390,1.156974,210
1598870193.053685188,1.008712,0.007870,1.017532,210
1598870193.085798979,1.084873,0.006060,1.091783,210
1598870193.120486498,1.125064,0.009130,1.134724,210
1598870193.153061628,0.923461,0.008870,0.933451,210
1598870193.187345982,0.954801,0.007820,0.963251,210
1598870193.219870090,1.098223,0.006211,1.105104,210
1598870193.253605366,1.085173,0.005230,1.090973,210
1598870193.285731316,1.128523,0.004650,1.133803,210
1598870193.319797993,1.035762,0.004610,1.041072,210
1598870193.353973150,1.122144,0.005890,1.128584,210
1598870193.386121511,0.981162,0.004590,0.986292,210
1598870193.419436455,1.240915,0.004350,1.245865,210
1598870193.453573942,0.987551,0.004550,0.992641,210
1598870193.485459805,1.022293,0.004300,1.027123,210
1598870193.519958973,1.168323,0.009430,1.178893,210
1598870193.553586960,1.043723,0.009110,1.054223,210
1598870193.586687326,0.986252,0.010760,0.997762,210
1598870193.620231628,1.229145,0.005970,1.235795,210
1598870193.651849270,1.005242,0.009760,1.016042,210
1598870193.685799360,1.065102,0.007360,1.073052,210
1598870193.717152357,1.072833,0.007870,1.081213,210
1598870193.750709772,0.927151,0.007730,0.935551,210
1598870193.784778357,1.117324,0.005950,1.123864,210
1598870193.819810152,1.106733,0.005240,1.112583,210
1598870193.850451231,0.901520,0.004880,0.906980,210
1598870193.885028601,1.084923,0.004730,1.090243,210
1598870193.917946577,0.967052,0.004500,0.972132,210
1598870193.950688601,0.861240,0.006710,0.869210,210
1598870193.985110283,1.102973,0.008620,1.112693,210
1598870194.018174887,1.018042,0.006650,1.025322,210
1598870194.051944256,1.002852,0.005240,1.008632,210
1598870194.084918737,1.079253,0.006070,1.085853,210
1598870194.117443562,1.233034,0.004460,1.238064,210
1598870194.149991989,1.020002,0.004690,1.025283,210
1598870194.184712648,1.055212,0.005330,1.061562,210
1598870194.216215611,1.020532,0.007881,1.029333,210
1598870194.250613928,0.852270,0.006380,0.859590,210
1598870194.283315659,0.957521,0.007221,0.965712,210
1598870194.317563295,1.100443,0.009740,1.111483,210
1598870194.351176023,0.918921,0.007250,0.926751,210
1598870194.385280132,1.163124,0.007700,1.171504,210
1598870194.417834759,1.094963,0.006520,1.102233,210
1598870194.450503349,0.986562,0.008320,0.998782,210
1598870194.484474659,1.103253,0.009590,1.113883,210
1598870194.518153191,1.177954,0.008840,1.187834,210
1598870194.549970627,1.004202,0.009451,1.014663,210
1598870194.583987951,1.111753,0.009570,1.122473,210
1598870194.618017912,1.043842,0.007810,1.052882,210
1598870194.651528835,0.997292,0.006530,1.004762,210
1598870194.684675932,1.066922,0.005460,1.073042,210
1598870194.716954947,1.175143,0.009021,1.185644,210
1598870194.751166821,0.923021,0.010990,0.935151,210
1598870194.783456087,0.962432,0.010600,0.974162,210
1598870194.817099094,1.238605,0.007870,1.246975,210
1598870194.851175308,0.966342,0.011020,0.978782,210
1598870194.884255648,1.033022,0.007670,1.041302,210
1598870194.918429136,1.160444,0.006700,1.167694,210
1598870194.950209856,1.021352,0.005360,1.027532,210
1598870194.983093977,1.204784,0.004810,1.210264,210
1598870195.015383005,1.241965,0.008850,1.251575,210
1598870195.050874472,0.936031,0.006830,0.943401,210
1598870195.084173203,0.936711,0.007670,0.944741,210
1598870195.115650892,1.101863,0.006570,1.109373,210
1598870195.149946928,1.100743,0.005840,1.107433,210
1598870195.183150053,1.074583,0.007340,1.082513,210
1598870195.216274261,1.103153,0.006530,1.110843,210
1598870195.250834703,1.084093,0.009300,1.094873,210
1598870195.282772303,1.158973,0.008990,1.168974,210
1598870195.318028688,1.101023,0.006670,1.108263,210
1598870195.348410368,1.076423,0.005220,1.082203,210
1598870195.383272648,1.008132,0.009450,1.018222,210
1598870195.416139364,1.213444,0.009140,1.223614,210
1598870195.450083494,0.995312,0.007570,1.003802,210
1598870195.480439663,0.951612,0.006370,0.958312,210
1598870195.515999794,1.204574,0.010301,1.215835,210
1598870195.548663378,0.970641,0.009560,0.981201,210
1598870195.582724333,1.170083,0.006600,1.177313,210
1598870195.614645958,1.046292,0.005850,1.052712,210
1598870195.660635471,1.013862,0.008990,1.024323,210
1598870195.681600094,1.171773,0.007541,1.180264,210
1598870195.719903708,0.957941,0.005600,0.964031,210
1598870195.749214172,0.941821,0.006650,0.949641,210
1598870195.782101154,1.201885,0.005580,1.208275,210
1598870195.815103292,1.065692,0.005290,1.071622,210
1598870195.848560810,0.990982,0.004780,0.996322,210
1598870195.881459951,1.165624,0.004690,1.171054,210
1598870195.914476156,1.199604,0.014540,1.216094,210
1598870195.948213339,1.156494,0.013400,1.171304,210
1598870195.982431889,1.124993,0.017411,1.144264,210
1598870196.014624119,1.224524,0.019000,1.246574,210
1598870196.050761223,1.362067,0.039080,1.406507,210
1598870196.081907988,1.310045,0.018450,1.332976,210
1598870196.114957809,1.440027,0.017760,1.460267,210
1598870196.149057150,1.250464,0.021561,1.276875,210
1598870196.182142973,1.251185,0.017890,1.273275,210
1598870196.214059830,1.278965,0.015640,1.298535,210
1598870196.250847578,1.179554,0.021650,1.206384,210
1598870196.281013489,1.423456,0.016551,1.443357,210
1598870196.314441204,1.262045,0.022260,1.288255,210
1598870196.347497940,1.204234,0.018010,1.225884,210
1598870196.380640984,1.200414,0.013960,1.216834,210
1598870196.413581610,1.099443,0.007660,1.108633,210
1598870196.446996450,1.056323,0.006060,1.063193,210
1598870196.480767012,1.128743,0.006550,1.136083,210
1598870196.513660908,1.397737,0.015520,1.415617,210
1598870196.549660206,1.078593,0.008440,1.087423,210
1598870196.581366777,1.179214,0.010840,1.190714,210
1598870196.613332272,1.188734,0.009420,1.199404,210
1598870196.647583246,1.062953,0.007980,1.071533,210
1598870196.680801153,1.063592,0.006410,1.070552,210
1598870196.716325283,1.133883,0.005530,1.140033,210
1598870196.747363091,1.037212,0.004890,1.042742,210
1598870196.780382395,1.074513,0.008600,1.083713,210
1598870196.813269138,1.226015,0.008900,1.235935,210
1598870196.846407413,0.993702,0.007500,1.001802,210
1598870196.880681753,1.115713,0.006870,1.123243,210
1598870196.914125443,1.108973,0.005860,1.115463,210
1598870196.947335482,0.994482,0.006230,1.001562,210
1598870196.980412483,1.224535,0.006650,1.232045,210
1598870197.012913227,1.101023,0.009480,1.111593,210
1598870197.047492027,1.307086,0.009390,1.317476,210
1598870197.080942154,1.137843,0.011660,1.151743,210
1598870197.113627195,1.098963,0.007460,1.107093,210
1598870197.147807360,0.874601,0.010260,0.885961,210
1598870197.179698706,1.098213,0.009180,1.107973,210
1598870197.219104052,1.024422,0.007671,1.032603,210
1598870197.252658606,1.108863,0.007470,1.117113,210
1598870197.279219627,1.158784,0.006140,1.165214,210
1598870197.315762758,1.038363,0.009340,1.048803,210
1598870197.351968765,1.014722,0.007520,1.022812,210
1598870197.380001307,0.916261,0.006410,0.923001,210
1598870197.420256138,1.118893,0.005700,1.125183,210
1598870197.447191954,0.843650,0.005450,0.849460,210
1598870197.479186296,1.020772,0.005270,1.026642,210
1598870197.514490604,1.169104,0.005110,1.174744,210
1598870197.552506685,1.106563,0.005090,1.112563,210
1598870197.580617905,0.907190,0.004370,0.911880,210
1598870197.612664700,1.110503,0.006020,1.117563,210
1598870197.645600557,1.066442,0.006690,1.074192,210
1598870197.677610874,1.037443,0.006030,1.044203,210
1598870197.712626696,1.080023,0.005070,1.085713,210
1598870197.746188402,0.865541,0.006110,0.872251,210
1598870197.778810978,1.023772,0.005140,1.029452,210
1598870197.811470985,1.065702,0.009530,1.076672,210
1598870197.845430374,1.031253,0.008090,1.040183,210
1598870197.878889799,1.064683,0.006130,1.071363,210
1598870197.913661242,1.104993,0.005080,1.110683,210
1598870197.944736004,0.887440,0.009600,0.898050,210
1598870197.979045630,1.034153,0.007460,1.042113,210
1598870198.010846376,1.126284,0.010870,1.138624,210
1598870198.045844555,0.921351,0.007780,0.929851,210
1598870198.079535961,1.067283,0.008290,1.076203,210
1598870198.112400532,1.090263,0.008850,1.099683,210
1598870198.148351669,0.938301,0.009351,0.948302,210
1598870198.180542469,1.132514,0.007040,1.140454,210
1598870198.211647987,1.031372,0.006140,1.038202,210
1598870198.244238853,0.937091,0.006700,0.944491,210
1598870198.277792931,1.092543,0.005160,1.098373,210
1598870198.312579155,1.136903,0.005100,1.142643,210
1598870198.344645262,0.928521,0.004630,0.933791,210
1598870198.382040977,1.000392,0.009220,1.010612,210
1598870198.413505554,1.153884,0.009510,1.164414,210
1598870198.445853472,0.856370,0.007371,0.864151,210
1598870198.478525639,1.046842,0.006180,1.053803,210
1598870198.511346817,1.225565,0.005770,1.232045,210
1598870198.546425819,0.946141,0.007030,0.954111,212
1598870198.578982115,1.120083,0.009630,1.130703,212
1598870198.612658501,1.100523,0.007841,1.109364,212
1598870198.646068096,1.042992,0.006801,1.050463,212
1598870198.679232597,1.148184,0.005890,1.154814,212
1598870198.712398052,1.189304,0.010580,1.200444,211
1598870198.745241880,1.064353,0.007480,1.072433,216
1598870198.778755903,1.166144,0.008580,1.175284,215
1598870198.812302351,1.090523,0.006530,1.097743,215
1598870198.845485687,1.122433,0.005700,1.128973,215
1598870198.885202646,1.186234,0.012220,1.199714,214
1598870198.911839247,1.224445,0.010110,1.235185,213
1598870198.944715261,0.935902,0.007740,0.943972,213
1598870198.977470636,1.071032,0.006160,1.077772,211
1598870199.011811733,1.061543,0.005130,1.067213,210
1598870199.044777632,1.302045,0.006890,1.309505,209
1598870199.078936577,1.066232,0.005601,1.072603,208
1598870199.110790968,1.168644,0.005790,1.175134,204
1598870199.143943310,0.948581,0.006651,0.956072,206
1598870199.177656651,1.131073,0.005800,1.137403,205
1598870199.209132910,1.186304,0.007040,1.194244,204
1598870199.242893219,1.149573,0.012790,1.163573,202
1598870199.278401852,1.027993,0.011660,1.040533,215
1598870199.311450958,1.188905,0.008960,1.198465,213
1598870199.351240635,1.282156,0.010070,1.293016,210
1598870199.378904819,1.008672,0.010300,1.019582,223
1598870199.409787416,1.122994,0.009600,1.133164,222
1598870199.444736004,1.373796,0.013220,1.388316,222
1598870199.479318142,1.271035,0.012340,1.284505,232
1598870199.509951353,1.120623,0.012030,1.133653,230
1598870199.541929245,1.109543,0.009280,1.119883,230
1598870199.575623512,1.050253,0.006470,1.057173,228
1598870199.609436750,1.200964,0.006970,1.208744,226
1598870199.642293215,1.228295,0.007770,1.236685,228
1598870199.685081244,1.397257,0.010500,1.408487,230
1598870199.712620020,1.347296,0.011600,1.359476,239
1598870199.746908188,1.071773,0.011710,1.083823,258
1598870199.777556181,1.351336,0.010810,1.362936,253
1598870199.808836460,1.265255,0.008370,1.274295,253
1598870199.842634439,1.164934,0.010910,1.176524,259
1598870199.876066923,1.217495,0.011560,1.229675,259
1598870199.910004377,1.237465,0.019300,1.258225,261
1598870199.941352606,1.093693,0.017060,1.112173,260
1598870199.975310087,1.305566,0.010690,1.317046,260
1598870200.009130001,1.273905,0.013710,1.289035,265
1598870200.041956186,1.301286,0.011910,1.314246,268
1598870200.077198744,1.386636,0.017691,1.405617,267
1598870200.109575987,1.387306,0.017351,1.405567,276
1598870200.141919136,1.372726,0.023270,1.398126,292
1598870200.176012993,1.332986,0.026870,1.361756,288
1598870200.209175825,1.262135,0.015990,1.279075,286
1598870200.247714043,1.607899,0.028161,1.639810,286
1598870200.279003859,1.637319,0.021391,1.661140,284
1598870200.313299894,1.786971,0.014540,1.802891,283
1598870200.342753172,1.743150,0.018691,1.763601,282
1598870200.376585007,1.622739,0.020561,1.645330,295
1598870200.409530401,1.724140,0.015030,1.740300,295
1598870200.444062471,1.743951,0.012880,1.757611,299
1598870200.480664730,1.742931,0.023090,1.768341,307
1598870200.513922215,1.710440,0.015070,1.726250,307
1598870200.543630600,1.601779,0.009910,1.612069,307
1598870200.575149298,1.920903,0.010620,1.932373,307
1598870200.609042168,1.713700,0.013871,1.728611,308
1598870200.641957045,1.367676,0.014990,1.383576,308
1598870200.676236391,1.388607,0.011760,1.401037,308
1598870200.707469463,1.252725,0.009330,1.262645,308
1598870200.741041183,1.347566,0.014040,1.362706,308
1598870200.775601149,1.255325,0.009910,1.266025,308
1598870200.807274342,1.400806,0.010400,1.412116,300
1598870200.841693878,1.370716,0.014061,1.385657,302
1598870200.875504732,1.472457,0.018241,1.491958,304
1598870200.907844543,1.468677,0.017070,1.487067,300
1598870200.942847729,1.462927,0.012420,1.476137,296
1598870200.974522829,1.338546,0.023241,1.364857,300
1598870201.008553743,1.526468,0.018150,1.545728,294
1598870201.041096210,1.443767,0.023831,1.469248,296
1598870201.074634552,1.498757,0.019611,1.519838,300
1598870201.107243299,1.656740,0.021040,1.680110,296
1598870201.140288115,1.575168,0.016701,1.592759,296
1598870201.175246716,1.733090,0.014460,1.748350,299
1598870201.206496716,1.572998,0.016100,1.589808,313
1598870201.242384195,1.480868,0.015280,1.497178,312
1598870201.275306463,1.299265,0.013610,1.313495,311
1598870201.307256460,1.559129,0.011500,1.571379,301
1598870201.341566324,1.403976,0.014060,1.418996,300
1598870201.374542236,1.429747,0.014950,1.445537,302
1598870201.408776045,1.475317,0.018291,1.495028,317
1598870201.441630363,1.389596,0.016350,1.406816,318
1598870201.473812103,1.719570,0.016930,1.737640,317
1598870201.507290840,1.785091,0.020991,1.807022,350
1598870201.541084051,1.714821,0.017440,1.732801,347
1598870201.574202061,1.819212,0.027420,1.848042,343
1598870201.606629610,2.010784,0.017160,2.030354,332
1598870201.646111250,1.947263,0.025390,1.973473,329
1598870201.674067736,1.539519,0.024820,1.566329,328
1598870201.711016655,1.633009,0.025770,1.661049,325
1598870201.741066456,1.705381,0.025950,1.732861,321
1598870201.773012400,1.485378,0.023140,1.509428,333
1598870201.806829929,1.581868,0.026641,1.610029,330
1598870201.839812279,1.632849,0.025831,1.660040,327
1598870201.879381418,1.883152,0.021750,1.906132,320
1598870201.906035185,1.643450,0.022090,1.666290,350
1598870201.940390825,1.699640,0.026941,1.727881,340
1598870201.973781347,1.495878,0.011830,1.508248,324
1598870202.007027626,1.575178,0.022940,1.600178,335
1598870202.041163206,1.227914,0.015671,1.243975,335
1598870202.075203657,1.431477,0.016310,1.448647,331
1598870202.108701944,1.536328,0.018270,1.555838,330
1598870202.141248703,1.179824,0.014760,1.195644,328
1598870202.175377846,1.430587,0.027060,1.460077,325
1598870202.210853338,1.488078,0.025770,1.515338,321
1598870202.241783381,1.174584,0.012960,1.188014,318
1598870202.276377678,1.365086,0.018161,1.384377,319
1598870202.309679747,1.314196,0.013770,1.328786,315
1598870202.344624758,1.299525,0.011690,1.311905,314
1598870202.376972914,1.332766,0.015990,1.349796,326
1598870202.410812140,1.335256,0.019200,1.355326,321
1598870202.444592953,1.266035,0.024070,1.291745,339
1598870202.477691174,1.291405,0.016690,1.308835,339
1598870202.509136200,1.296096,0.012330,1.309216,337
1598870202.543909073,1.207524,0.011860,1.220134,337
1598870202.549320221,1.158923,0.007030,1.166203,337
1598870202.576434374,1.337035,0.009471,1.347196,336
1598870202.610113144,1.319556,0.007880,1.328206,333
1598870202.643016815,1.314606,0.013010,1.328396,333
1598870202.676866293,1.436077,0.019180,1.456247,343
1598870202.712050438,1.118354,0.012700,1.131594,340
1598870202.744271755,1.499128,0.017090,1.517348,335
1598870202.779095888,1.596009,0.017140,1.613909,331
1598870202.812699556,1.632399,0.019291,1.652650,330
1598870202.845652819,1.724410,0.020721,1.746621,364
1598870202.879661083,1.416797,0.022790,1.441197,364
1598870202.913726330,1.243185,0.016670,1.260495,362
1598870202.948150396,1.234575,0.013740,1.248915,362
1598870202.980644464,1.404267,0.014240,1.419577,362
1598870203.013186693,1.291465,0.013870,1.306345,360
1598870203.048007250,1.254945,0.012570,1.268275,359
1598870203.080283165,1.512208,0.016800,1.530178,359
1598870203.115662336,1.315926,0.019020,1.336986,358
1598870203.148395538,1.306866,0.017730,1.326466,358
1598870203.182291985,1.384007,0.017740,1.403487,358
1598870203.214467764,1.154214,0.014530,1.169184,358
1598870203.248412609,1.472427,0.018720,1.493337,358
1598870203.282119036,1.356906,0.018680,1.376846,358
1598870203.316551924,1.439737,0.023610,1.465217,358
1598870203.348953247,1.343456,0.015080,1.359356,358
1598870203.383057594,1.329626,0.012080,1.342246,357
1598870203.416489840,1.177864,0.009200,1.187614,357
1598870203.450384140,1.269865,0.008701,1.279076,357
1598870203.481877327,1.250955,0.008150,1.259575,357
1598870203.515116930,1.356936,0.007600,1.365026,356
1598870203.554099560,1.259086,0.009130,1.269056,356
1598870203.584330320,1.152564,0.007580,1.160384,355
1598870203.615384579,1.352096,0.008170,1.360856,355
1598870203.648938179,1.321365,0.008801,1.330626,355
1598870203.682908535,1.422777,0.007850,1.431157,349
1598870203.715354443,1.348206,0.007370,1.355856,345
1598870203.748988867,1.310205,0.006860,1.317605,339
1598870203.783334494,1.442907,0.007330,1.450767,338
1598870203.815111160,1.301005,0.006630,1.308105,338
1598870203.847735405,1.092543,0.005690,1.098483,338
1598870203.881973982,1.303326,0.017670,1.322176,337
1598870203.915864944,1.218795,0.012560,1.231765,336
1598870203.950224161,1.270905,0.009800,1.281715,333
1598870203.985925674,1.413207,0.014160,1.428907,331
1598870204.017117023,1.100743,0.007571,1.108594,329
1598870204.054465532,1.545428,0.013240,1.560258,326
1598870204.089427710,1.433837,0.020660,1.455277,365
1598870204.117600441,1.214574,0.015020,1.230184,362
1598870204.151486635,1.268095,0.010620,1.279655,358
1598870204.184939861,1.158053,0.007050,1.165363,355
1598870204.219194412,1.401296,0.009910,1.411806,352
1598870204.252293348,1.558189,0.015740,1.575149,345
1598870204.289976597,1.419457,0.014180,1.434427,341
1598870204.321027994,1.209794,0.013670,1.224464,339
1598870204.352977991,1.331505,0.009690,1.342015,333
1598870204.387318134,1.329076,0.008370,1.338066,332
1598870204.421034813,1.233704,0.007521,1.241715,325
1598870204.455745220,1.074473,0.011920,1.086693,341
1598870204.486968279,1.535798,0.024270,1.562888,341
1598870204.520521641,1.499428,0.016820,1.518108,341
1598870204.552863598,1.330156,0.015170,1.346136,341
1598870204.587034225,1.082053,0.009520,1.092483,341
1598870204.621757746,1.152553,0.013451,1.166474,339
1598870204.654535770,1.259705,0.013731,1.274396,338
1598870204.687738419,1.115683,0.011330,1.127523,335
1598870204.721945047,1.169164,0.009510,1.179244,335
1598870204.754294872,1.293726,0.008120,1.302316,335
1598870204.788468122,1.779841,0.013650,1.794411,335
1598870204.821771860,1.413767,0.038360,1.452897,335
1598870204.855459690,1.799741,0.018601,1.820822,334
1598870204.889805317,1.849272,0.010100,1.859992,334
1598870204.922716856,1.607479,0.007240,1.615309,334
1598870204.956508160,1.740060,0.006641,1.747281,334
1598870204.989846468,1.872072,0.006521,1.879183,334
1598870205.024028063,1.673990,0.012350,1.686940,334
1598870205.056948662,2.287547,0.024180,2.313817,334
1598870205.090545177,1.774610,0.024651,1.799981,334
1598870205.123582840,1.249105,0.013910,1.264105,334
1598870205.157280922,1.271944,0.012901,1.285795,334
1598870205.189791918,1.193294,0.011290,1.205084,334
1598870205.223884106,1.695440,0.013091,1.709451,334
1598870205.257278681,1.754990,0.018631,1.774451,334
1598870205.290280819,1.768341,0.012790,1.782071,334
1598870205.325916052,1.658560,0.012410,1.672420,334
1598870205.357775927,1.737850,0.008270,1.746500,333
1598870205.391431808,1.620710,0.009510,1.630810,336
1598870205.425958872,1.653170,0.016920,1.670960,336
1598870205.466393232,1.794281,0.009220,1.804191,329
1598870205.497108936,1.701610,0.008300,1.710260,329
1598870205.526793242,1.755421,0.010440,1.766471,337
1598870205.560311317,1.773381,0.013370,1.787371,343
1598870205.592804909,1.750640,0.013390,1.764950,341
1598870205.627404451,1.755550,0.012941,1.769461,336
1598870205.660826921,1.732190,0.011790,1.744660,339
1598870205.693073511,1.672350,0.011790,1.684600,336
1598870205.726738214,1.607849,0.008460,1.616809,335
1598870205.760595798,1.734160,0.011050,1.745660,334
1598870205.794054985,1.815892,0.012930,1.829522,332
1598870205.828597546,1.712250,0.012700,1.725910,325
1598870205.861278296,2.091205,0.028430,2.120205,317
1598870205.895031691,1.523278,0.019660,1.545718,336
1598870205.928190947,1.240375,0.014040,1.255315,338
1598870205.962410688,1.415547,0.013980,1.430097,337
1598870205.995070219,1.610759,0.015700,1.628159,337
1598870206.029438734,1.214114,0.014751,1.229635,337
1598870206.063260555,1.485827,0.010411,1.497098,331
1598870206.097164392,1.346016,0.014981,1.361517,338
1598870206.131212950,1.275945,0.015920,1.292805,341
1598870206.163172245,1.380397,0.011400,1.392307,339
1598870206.196978569,1.300165,0.009761,1.310456,331
1598870206.231387615,1.312705,0.013680,1.327065,334
1598870206.265408993,1.430767,0.014430,1.445747,334
1598870206.298303843,1.327276,0.014480,1.342266,332
1598870206.338722467,1.346926,0.013730,1.361586,333
1598870206.365924835,1.205734,0.017961,1.224255,337
1598870206.399914980,1.305046,0.012690,1.318286,338
1598870206.433297157,1.366646,0.012460,1.379816,340
1598870206.466573000,1.186174,0.011960,1.198714,341
1598870206.498898506,1.359956,0.009660,1.370126,337
1598870206.532825232,1.370556,0.014070,1.385496,340
1598870206.567913532,1.496438,0.016020,1.513328,340
1598870206.603101015,1.350446,0.014931,1.366287,335
1598870206.633108139,1.231715,0.011710,1.244015,334
1598870206.666289568,1.088063,0.009370,1.097723,333
1598870206.700405359,1.354346,0.015070,1.370016,330
1598870206.734460115,1.418067,0.016510,1.435527,335
1598870206.768078566,1.208574,0.016110,1.225414,346
1598870206.800020695,1.339446,0.013720,1.353666,346
1598870206.833074808,1.309316,0.009990,1.319816,346
1598870206.865629673,1.344655,0.020431,1.366896,346
1598870206.900589943,1.485688,0.014440,1.500958,346
1598870206.932779074,1.406467,0.014920,1.422217,346
1598870206.973861933,1.150614,0.011170,1.162314,346
1598870207.001435041,1.209724,0.009340,1.219614,345
1598870207.033639431,1.260925,0.009100,1.270535,345
1598870207.068935394,1.167744,0.015450,1.184094,345
1598870207.099979162,1.262645,0.010990,1.274075,345
1598870207.133303642,1.189174,0.011900,1.202044,345
1598870207.165987492,1.085553,0.010280,1.096373,345
1598870207.199301004,1.222084,0.008800,1.231424,345
1598870207.234021187,1.189284,0.008090,1.197904,345
1598870207.270780563,1.247265,0.013180,1.261825,345
1598870207.300280809,1.377397,0.015550,1.394547,345
1598870207.333377838,1.259755,0.015340,1.276205,345
1598870207.366458654,1.110423,0.011250,1.122153,345
1598870207.400196552,1.329186,0.009120,1.338976,345
1598870207.440040588,1.206524,0.009561,1.216735,345
1598870207.465489864,1.093353,0.008190,1.101823,345
1598870207.499260187,1.317286,0.008510,1.326306,344
1598870207.534118414,1.358516,0.010530,1.369856,344
1598870207.566562414,1.222344,0.010430,1.233834,342
1598870207.599758863,1.286965,0.009760,1.297395,340
1598870207.633882761,1.080843,0.007230,1.088383,340
1598870207.665075541,1.341946,0.008120,1.350646,338
1598870207.697819710,1.428737,0.012520,1.441917,340
1598870207.732334852,1.188184,0.014411,1.203195,344
1598870207.766028404,1.323336,0.012630,1.336466,337
1598870207.800750017,1.296485,0.012230,1.309275,341
1598870207.834493876,1.186234,0.011160,1.198004,339
1598870207.867936611,1.362856,0.008061,1.371527,331
1598870207.899490833,1.451298,0.018040,1.471118,331
1598870207.935348511,1.256395,0.021120,1.278975,337
1598870207.968324184,1.301565,0.017830,1.320375,340
1598870207.999990940,1.368717,0.014850,1.384037,340
1598870208.035130262,1.177874,0.012980,1.191604,344
1598870208.066737652,1.500058,0.024741,1.525489,345
1598870208.099340916,1.506918,0.015170,1.522968,344
1598870208.132716894,1.305876,0.019730,1.326726,344
1598870208.167544365,1.467437,0.023301,1.492538,346
1598870208.200979948,1.501338,0.013660,1.515538,344
1598870208.234468937,1.242595,0.146191,1.389266,346
1598870208.267482042,1.502308,2.321627,3.827255,351
1598870208.298090219,1.653130,0.062450,1.717520,347
1598870208.333241940,1.453557,0.050191,1.505078,350
1598870208.366655350,1.572558,0.053101,1.626359,347
1598870208.400221825,1.453398,0.044770,1.499348,349
1598870208.433743954,1.413557,0.045030,1.459347,352
1598870208.466409445,1.537208,0.053821,1.591689,344
1598870208.499140024,1.384977,0.041680,1.427527,347
1598870208.534217119,1.242044,0.066401,1.310475,347
1598870208.566113234,1.255945,0.051301,1.307576,346
1598870208.600353479,1.649870,0.064680,1.715610,345
1598870208.633063078,1.405837,5.306803,6.713260,345
1598870208.665562868,1.446227,6.064292,7.511709,344
1598870208.697984457,1.322785,4.117179,5.440894,344
1598870208.732927322,1.423507,2.484759,3.909576,344
1598870208.765749693,1.416677,0.684298,2.101875,344
1598870208.798115492,1.433377,0.192692,1.626979,344
1598870208.832394361,1.577108,0.048241,1.626059,344
1598870208.864908695,1.896413,0.126371,2.023354,344
1598870208.897917747,1.792991,0.054031,1.847742,344
1598870208.932045460,1.644959,0.046551,1.692200,344
1598870208.965272188,1.491578,0.055621,1.547809,344
1598870208.999027491,1.719871,0.056720,1.777311,343
1598870209.032243967,1.452977,5.367354,6.821041,380
1598870209.065040588,1.469428,7.319957,8.790575,378
1598870209.099338770,1.634199,2.738582,4.374742,378
1598870209.136433601,1.507438,0.622637,2.131465,378
1598870209.169006109,1.599178,0.131182,1.731570,377
1598870209.202074289,1.502397,0.304324,1.807441,365
1598870209.234514952,1.451757,0.049711,1.502158,365
1598870209.267644167,1.244295,0.124682,1.369617,364
1598870209.298851252,1.385066,0.061501,1.447937,364
1598870209.332628489,1.218885,0.052630,1.272095,364
1598870209.366772413,1.371986,0.060331,1.432877,364
1598870209.397814274,1.414197,1.105843,2.520670,364
1598870209.432397366,1.491518,4.851558,6.343986,364
1598870209.463978767,1.529158,5.903850,7.434888,364
1598870209.499589682,1.398616,4.228520,5.628786,364
1598870209.530623674,1.555658,1.732971,3.293109,363
1598870209.565230846,1.552558,1.193475,2.748843,362
1598870209.596984386,1.762081,1.302775,3.066916,362
1598870209.631877899,1.580389,1.144234,2.727163,362
1598870209.664879322,1.745711,1.836352,3.588273,362
1598870209.697933435,1.584089,1.059222,2.647001,362
1598870209.732855797,1.619499,1.221924,2.846213,362
1598870209.764611959,1.677580,1.213144,2.894054,362
1598870209.798450470,1.663640,1.579638,3.247398,361
1598870209.831639290,1.640590,2.618691,4.263591,361
1598870209.863867283,1.600839,2.950435,4.555324,361
1598870209.898783684,1.676039,4.166290,5.845869,361
1598870209.933039904,1.599919,1.308876,2.913575,361
1598870209.965411186,1.624359,1.226494,2.854923,360
1598870209.998267651,1.619129,1.188154,2.811523,360
1598870210.037855625,1.583329,1.264225,2.851804,360
1598870210.063821077,1.540828,1.093153,2.635751,360
1598870210.098212242,1.632409,1.182584,2.819373,360
1598870210.130481958,1.407546,1.057953,2.467300,360
1598870210.163344860,1.293745,1.105263,2.400548,360
1598870210.197098255,1.456097,1.351296,2.808703,360
1598870210.232403517,1.386586,2.015604,3.403300,360
1598870210.265952349,1.337256,2.575881,3.914537,360
1598870210.296886683,1.395376,3.788425,5.185151,360
1598870210.331205606,1.244665,1.175294,2.422189,360
1598870210.365001202,1.338826,1.081793,2.421549,360
1598870210.398406744,1.352586,1.059773,2.413269,360
1598870210.431105375,1.118513,1.041512,2.160855,360
1598870210.464224100,1.329386,1.022082,2.352368,360
1598870210.497227907,1.351356,1.008782,2.360958,360
1598870210.532788038,1.040682,1.072753,2.114235,360
1598870210.563974380,1.228384,1.039163,2.268327,360
1598870210.598390341,1.526828,1.287175,2.815163,360
1598870210.631296873,1.062953,1.848102,2.911965,360
1598870210.664553404,1.302316,2.407888,3.711114,360
1598870210.697150946,1.296495,3.154118,4.451943,360
1598870210.732502222,1.139483,1.050383,2.190986,360
1598870210.763231277,1.240114,0.998122,2.239026,360
1598870210.796655893,1.480508,0.986831,2.468239,360
1598870210.830831289,1.036352,0.976162,2.013204,360
1598870210.862636566,1.201904,0.997612,2.200426,360
1598870210.896356821,1.103343,1.045783,2.150066,360
1598870210.929479837,1.023842,1.038263,2.063045,360
1598870210.963320971,1.212444,0.985982,2.199206,360
1598870210.997928143,1.404906,1.279586,2.685242,360
1598870211.032335997,1.135664,1.860082,2.997056,360
1598870211.063453674,1.300345,2.398188,3.699444,360
1598870211.096378565,1.209334,3.138588,4.348922,360
1598870211.130690575,1.101703,1.042712,2.145466,360
1598870211.163288116,1.286725,0.997032,2.284747,360
1598870211.197983742,1.381646,1.012102,2.394918,360
1598870211.230320692,1.061593,0.992672,2.055035,360
1598870211.262209177,1.225064,1.051963,2.277817,360
1598870211.296313047,1.171234,1.036862,2.208976,360
1598870211.331445694,1.176984,1.020132,2.198047,360
1598870211.364356995,1.034802,1.012192,2.047674,360
1598870211.396457672,1.394146,1.320796,2.716512,360
1598870211.431584120,1.001832,1.949433,2.952505,360
1598870211.462263107,1.271516,2.448269,3.721125,360
1598870211.495756388,1.143893,3.118507,4.263960,360
1598870211.529764652,1.135453,1.043502,2.180255,360
1598870211.563263655,1.221634,0.983802,2.206706,360
1598870211.597806692,1.354866,0.985172,2.341218,360
1598870211.632697105,0.951722,1.074952,2.027274,360
1598870211.663243771,1.163194,1.040773,2.205137,360
1598870211.699369431,1.211235,1.024732,2.237177,360
1598870211.732951880,1.264185,0.988092,2.253537,360
1598870211.762641907,1.091233,1.001342,2.093525,360
1598870211.795841455,0.974381,1.303566,2.279347,360
1598870211.835316658,1.107003,1.883072,2.991615,360
1598870211.862575054,1.115623,2.367758,3.484301,360
1598870211.896048069,1.069493,3.135477,4.206400,360
1598870211.929405212,1.076413,1.038212,2.116265,360
1598870211.962636948,1.321805,1.155274,2.478929,360
1598870211.996047258,1.102493,1.068573,2.171966,360
1598870212.028826952,1.165064,1.050362,2.216546,360
1598870212.062572718,1.191244,1.004162,2.196336,360
1598870212.095956326,0.966751,1.033353,2.000704,360
1598870212.129615545,1.159304,1.004932,2.165136,360
1598870212.162484407,1.250434,0.997552,2.248876,360
1598870212.196276665,1.320106,1.294645,2.616021,360
1598870212.229934454,1.182674,1.895982,3.079916,360
1598870212.262725115,1.284105,2.485579,3.770834,360
1598870212.295924902,1.053443,3.231158,4.285791,360
1598870212.330603600,1.216354,1.051883,2.269467,360
1598870212.362760782,1.107933,1.057993,2.166986,360
1598870212.396477699,1.091503,1.025603,2.118156,360
1598870212.430745840,1.222445,0.995231,2.218586,360
1598870212.462463140,1.310466,0.991392,2.302618,360
1598870212.496715546,1.147943,1.042183,2.191106,360
1598870212.529851437,1.167534,0.998692,2.167446,360
1598870212.562397003,1.389926,0.989372,2.380398,360
1598870212.595652342,1.143953,1.273725,2.418808,360
1598870212.629232168,1.165423,1.871183,3.037526,360
1598870212.669360399,1.176484,2.416729,3.594683,360
1598870212.697277546,1.165684,3.144717,4.311481,360
1598870212.728896141,1.175373,1.118414,2.295047,360
1598870212.762154102,1.226264,1.053033,2.280247,360
1598870212.795234919,1.125153,0.985852,2.111955,360
1598870212.830405951,1.421037,1.025092,2.447929,360
1598870212.861971378,1.250325,1.009652,2.261367,360
1598870212.895706415,1.029082,0.984661,2.014693,360
1598870212.929992437,1.092163,0.996721,2.089994,360
1598870212.962103367,1.126654,0.982911,2.110455,360
1598870212.996073961,0.954592,1.261655,2.217217,360
1598870213.030915737,1.194114,1.893112,3.088786,360
1598870213.062041283,1.095653,2.476400,3.573083,360
1598870213.095355988,1.107303,3.235768,4.344051,360
1598870213.128678560,1.177674,1.091143,2.270437,360
1598870213.162406683,1.336656,1.008472,2.346598,360
1598870213.196428299,1.135923,0.984922,2.121735,360
1598870213.229406118,1.152523,0.986072,2.139385,360
1598870213.261854172,0.975892,1.003752,1.980034,360
1598870213.295133829,1.019092,1.031653,2.052265,360
1598870213.328784227,1.111744,0.995981,2.108725,360
1598870213.361717701,1.186174,0.980552,2.167876,360
1598870213.431163073,1.144654,1.286835,2.432599,360
1598870213.461794615,1.150654,1.955853,3.108137,360
1598870213.495381117,1.160453,2.497540,3.659383,360
1598870213.561355114,1.148504,3.178918,4.328772,360
1598870213.596241236,1.253354,1.066803,2.321637,360
1598870213.628547192,1.086653,1.000872,2.088405,360
1598870213.661725521,1.162644,1.003202,2.166976,360
1598870213.700352192,1.216084,0.988302,2.205766,360
1598870213.733152151,1.125763,0.968801,2.095655,360
1598870213.764201403,1.177984,0.978232,2.157066,360
1598870213.798214912,0.948351,0.989562,1.938423,360
1598870213.830146551,1.151344,0.984452,2.136626,360
1598870213.863046885,1.173824,1.288235,2.463199,360
1598870213.897228241,0.977062,1.946373,2.924765,360
1598870213.928327322,1.177494,2.461739,3.640563,360
1598870213.961659431,1.263915,3.193478,4.458773,360
1598870213.994965315,1.290846,1.112183,2.405579,360
1598870214.028643608,1.459468,1.234114,2.699462,360
1598870214.064453602,1.370316,1.190325,2.564961,360
1598870214.097077131,1.300035,1.109884,2.413299,360
1598870214.131503105,1.105263,1.025712,2.131955,360
1598870214.164437056,1.357256,1.173543,2.535570,360
1598870214.195093155,1.091843,1.019212,2.111575,360
1598870214.228445053,1.381727,1.197554,2.584471,360
1598870214.261467695,1.454487,1.575009,3.033336,360
1598870214.299237490,1.286085,2.210366,3.500521,360
1598870214.329744339,1.408167,2.857314,4.272951,360
1598870214.361477613,1.583699,3.470351,5.059040,360
1598870214.394987345,1.226364,1.077593,2.305727,360
1598870214.428634882,1.179384,1.011852,2.192536,360
1598870214.462414742,1.108963,0.983121,2.093364,360
1598870214.530978918,1.223595,0.998282,2.222897,360
1598870214.566029310,1.180424,0.975162,2.156406,360
1598870214.595220804,1.076423,0.965171,2.042264,360
1598870214.628244638,1.086863,0.981461,2.069124,360
1598870214.661659241,1.172154,1.050902,2.223846,360
1598870214.696564436,1.228605,1.396536,2.626311,360
1598870214.729066133,1.102003,1.863732,2.967005,360
1598870214.762160778,0.972401,2.415909,3.389240,360
1598870214.795096874,1.321186,3.336680,4.659906,360
1598870214.829017162,1.281176,1.069632,2.352498,360
1598870214.861556053,1.024252,1.002612,2.028354,360
1598870214.895501375,1.158244,0.995122,2.154376,360
1598870214.932060003,1.211754,0.970992,2.183666,360
1598870214.961807013,1.150684,0.966952,2.118546,360
1598870214.994726658,1.386907,0.988132,2.376039,360
1598870215.030718088,1.243295,1.050693,2.294998,360
1598870215.064840078,1.236375,1.113163,2.351468,360
1598870215.098599911,1.097203,1.322606,2.420509,360
1598870215.130454302,1.243895,1.914283,3.160568,360
1598870215.163678169,1.087203,2.423759,3.512132,360
1598870215.195885658,1.244625,3.175198,4.421303,360
1598870215.232520342,1.211054,1.032163,2.244527,360
1598870215.261634588,1.224605,0.995922,2.221447,360
1598870215.297223330,1.340096,0.993592,2.334888,360
1598870215.329949856,1.402347,0.977772,2.380839,360
1598870215.361452579,1.051643,1.127553,2.181106,360
1598870215.394498348,1.321235,1.060743,2.383568,360
1598870215.431751490,1.257854,1.027743,2.286967,360
1598870215.461395979,1.169814,0.990522,2.161176,360
1598870215.494663477,1.219544,1.269535,2.490049,360
1598870215.528542280,1.333215,1.909443,3.243658,360
1598870215.561214685,1.237324,2.408779,3.647313,360
1598870215.595530033,1.298506,3.150527,4.450593,360
1598870215.627647400,1.233625,1.083773,2.319118,360
1598870215.660948515,1.207374,0.998352,2.207786,360
1598870215.695146799,1.334945,1.061223,2.397968,360
1598870215.729116440,1.172074,1.010702,2.183966,360
1598870215.763944626,0.984981,1.037803,2.023384,360
1598870215.798016548,1.340936,1.047492,2.389548,360
1598870215.829691172,1.275385,0.980082,2.256417,360
1598870215.864374399,0.971132,0.994812,1.966444,360
1598870215.896914244,1.480428,1.320965,2.802433,360
1598870215.929229498,1.300666,1.967623,3.269539,360
1598870215.963179827,0.994692,2.430898,3.427020,360
1598870215.996145010,1.316655,3.231749,4.549594,360
1598870216.030766010,1.549899,1.027222,2.578331,360
1598870216.061652184,0.963301,0.993452,1.957463,360
1598870216.094583035,1.350176,1.004372,2.355608,360
1598870216.132456541,1.622489,1.041103,2.664402,360
1598870216.161298513,1.412007,1.018082,2.430829,360
1598870216.194365263,1.499007,0.996142,2.496069,360
1598870216.227761745,1.381177,0.985421,2.367508,360
1598870216.261088133,0.976651,1.017012,1.994173,360
1598870216.294581652,1.225834,1.288466,2.515160,360
1598870216.327616215,1.282456,1.888252,3.172158,360
1598870216.360911369,0.987602,2.451769,3.440231,360
1598870216.394662857,1.436277,3.152998,4.590855,360
1598870216.427621365,1.489167,1.084043,2.574640,360
1598870216.461253881,1.250925,1.005232,2.257287,360
1598870216.494750261,1.231125,1.071022,2.303787,360
1598870216.527465820,1.396256,1.061493,2.459539,360
1598870216.560953617,0.957282,0.987861,1.946263,360
1598870216.594357967,1.192754,0.983842,2.177236,360
1598870216.633423567,1.816341,1.270605,3.088226,360
1598870216.661469221,1.690520,1.045143,2.737823,360
1598870216.695110559,1.759390,1.304486,3.064866,360
1598870216.728493452,1.742091,1.919022,3.662403,360
1598870216.766550303,1.585599,2.427719,4.014378,360
1598870216.798448563,1.821111,3.114287,4.936348,360
1598870216.829432964,1.762031,1.059862,2.822993,360
1598870216.864523888,1.486578,1.080973,2.568331,360
1598870216.895273685,1.676780,1.036772,2.714372,360
1598870216.929448128,1.782121,1.001672,2.784603,360
1598870216.965876102,1.466488,1.010792,2.477880,360
1598870216.997228146,1.700850,1.078563,2.780163,360
1598870217.029479742,1.702941,1.249454,2.954435,360
1598870217.064066887,1.506528,0.995852,2.503760,360
1598870217.095621586,1.256285,1.314775,2.572200,360
1598870217.129643917,1.405537,2.015294,3.421781,360
1598870217.163524389,1.061513,2.516950,3.579693,360
1598870217.193848133,1.317686,3.308509,4.627455,360
1598870217.227377892,1.416827,1.081293,2.499420,360
1598870217.262035847,1.051643,1.049592,2.102835,360
1598870217.294277191,1.408937,1.076233,2.486730,360
1598870217.327571630,1.440727,1.021252,2.463389,360
1598870217.363366842,1.228415,1.013342,2.242527,360
1598870217.398010492,1.586599,1.129693,2.719492,360
1598870217.427483082,1.404596,1.019762,2.425598,360
1598870217.461905956,0.997292,1.006722,2.004674,360
1598870217.494137526,1.267985,1.255865,2.525140,360
1598870217.527208090,1.169244,1.904832,3.075986,360
1598870217.562014341,1.099103,2.413228,3.513941,360
1598870217.594383478,1.129383,3.248979,4.379502,360
1598870217.628357887,1.129873,1.096983,2.228636,360
1598870217.663730860,0.972492,1.016372,1.989474,360
1598870217.696233988,1.229135,1.057912,2.288727,360
1598870217.728653431,1.464998,1.046182,2.512500,360
1598870217.761975288,1.001562,1.004802,2.006874,360
1598870217.794316769,1.274445,1.004662,2.280447,360
1598870217.827290058,1.438447,0.988342,2.427709,360
1598870217.861007690,0.965411,0.981142,1.947663,360
1598870217.897893190,1.310466,1.272575,2.583951,360
1598870217.927471399,1.231754,1.907693,3.140147,360
1598870217.961781740,0.955061,2.477599,3.433760,360
1598870217.993984938,1.271806,3.186217,4.459413,360
1598870218.027747393,1.531648,1.056503,2.590401,360
1598870218.061145306,1.000152,1.023412,2.024424,360
1598870218.096428156,1.377296,0.980721,2.360097,360
1598870218.132040739,1.334736,0.994982,2.330538,360
1598870218.163084745,1.156524,0.978612,2.135976,360
1598870218.195829391,1.332856,1.007992,2.341658,360
1598870218.227468252,1.490588,0.987872,2.479870,360
1598870218.262482882,0.985292,1.005262,1.991304,360
1598870218.295003176,1.306386,1.323616,2.631432,360
1598870218.305192232,1.218474,1.954083,3.174507,360
1598870218.327240229,1.062253,2.492819,3.556232,360
1598870218.361655474,1.284976,3.229198,4.516124,360
1598870218.397997379,1.401667,1.036002,2.438909,360
1598870218.431117296,1.212495,1.002561,2.216456,360
1598870218.461774588,1.084143,0.977541,2.062924,360
1598870218.495954275,1.626100,0.999852,2.626912,360
1598870218.527900219,1.304386,0.987682,2.293198,360
1598870218.562137365,1.286495,0.982762,2.270737,360
1598870218.596389055,1.391086,0.992232,2.384038,360
1598870218.631724596,1.049073,0.991111,2.041024,360
1598870218.662504673,1.079982,1.356116,2.437258,360
1598870218.693741322,1.279165,1.944544,3.224869,360
1598870218.730164289,1.254445,2.441589,3.697204,360
1598870218.762852907,1.234545,3.249858,4.485733,360
1598870218.794366837,1.374867,1.055172,2.431439,360
1598870218.827427626,1.101313,1.001562,2.103855,360
1598870218.860907078,1.276665,1.001792,2.279897,360
1598870218.894354105,1.119663,1.014213,2.134656,360
1598870218.927556515,1.042642,0.978252,2.022104,360
1598870218.962662220,1.321765,0.987582,2.310227,360
1598870218.993927002,1.311556,0.998731,2.311357,360
1598870219.027186871,1.079483,1.054102,2.134515,360
1598870219.061698675,1.342535,1.325496,2.669081,360
1598870219.095368147,1.405207,1.886232,3.292629,360
1598870219.127724886,1.065962,2.416869,3.484051,360
1598870219.162410021,1.324716,3.182438,4.508614,360
1598870219.194257975,1.428437,1.044202,2.473929,360
1598870219.227175951,1.093173,0.990201,2.084294,360
1598870219.262080669,1.218234,0.996122,2.215876,360
1598870219.294097662,1.391227,0.979101,2.371218,360
1598870219.327258348,1.212524,1.257085,2.470919,360
1598870219.361603498,1.340786,1.048172,2.391318,360
1598870219.397381783,1.304016,1.058782,2.363888,360
1598870219.429814339,0.951011,1.019942,1.971513,360
1598870219.461549759,1.295846,1.284175,2.580951,360
1598870219.493675709,1.381756,1.905603,3.288679,360
1598870219.526847601,1.195685,2.488159,3.684744,360
1598870219.560811520,1.378166,3.222869,4.602215,360
1598870219.594187975,1.362646,1.050293,2.414319,360
1598870219.627302170,1.135433,1.032592,2.169415,360
1598870219.661262751,1.107283,1.006152,2.113975,360
1598870219.694343805,1.214194,0.993332,2.208386,360
1598870219.728472710,1.118054,0.996661,2.116075,360
1598870219.761163712,1.312376,1.046152,2.359528,360
1598870219.793873787,1.163223,1.026093,2.190586,360
1598870219.827351570,1.147614,0.987682,2.136096,360
1598870219.860425711,1.344686,1.265565,2.611031,360
1598870219.894505501,1.229224,1.857962,3.088426,360
1598870219.927199125,1.180554,2.545730,3.729154,360
1598870219.960845709,1.380686,3.222418,4.604554,360
1598870219.993811607,1.288495,1.077083,2.366598,360
1598870220.026951790,1.381266,0.991262,2.374068,360
1598870220.061691999,1.360616,0.980452,2.342148,360
1598870220.093789577,1.252435,0.981432,2.234837,360
1598870220.128519535,1.136334,1.050632,2.188186,360
1598870220.161262751,1.317176,1.023492,2.341918,360
1598870220.194402933,1.276625,1.003582,2.281777,360
1598870220.227767944,1.141054,0.978121,2.120045,360
1598870220.262436390,1.267785,1.320366,2.589521,360
1598870220.294690847,1.254495,1.883973,3.140198,360
1598870220.327517748,1.305045,2.411388,3.718233,360
1598870220.360846519,1.358096,3.167707,4.527123,360
1598870220.394488096,1.284315,1.033832,2.319637,360
1598870220.427236795,1.207264,0.992452,2.200596,360
1598870220.460805416,1.497628,1.023432,2.521840,360
1598870220.494559050,1.426757,1.064573,2.493040,360
1598870220.527494669,1.086983,1.037922,2.126065,360
1598870220.562260866,1.426697,0.996042,2.423499,360
1598870220.594870567,1.218755,0.976181,2.195626,360
1598870220.627723932,0.967391,0.978592,1.946363,360
1598870220.661386251,1.473547,1.285585,2.759812,360
1598870220.694112062,1.533228,1.881302,3.415690,360
1598870220.727600336,1.149384,2.455199,3.605443,360
1598870220.761047363,1.517488,3.141057,4.659805,360
1598870220.794489861,1.259404,1.019953,2.280498,360
1598870220.827575445,1.222705,1.010042,2.233957,360
1598870220.866237879,1.417647,1.057242,2.475819,360
1598870220.897856712,1.136274,1.051682,2.188576,360
1598870220.929919720,1.110673,1.004642,2.117255,360
1598870220.964195967,1.104383,0.970991,2.075864,360
1598870220.993625879,1.219375,0.995052,2.215507,360
1598870221.030924082,1.228655,1.002502,2.232277,360
1598870221.062825441,1.349166,1.272865,2.622961,360
1598870221.094964027,1.143014,1.871412,3.015196,360
1598870221.127066135,1.218795,2.439989,3.660054,360
1598870221.162009478,1.201944,3.168527,4.371901,360
1598870221.194077492,1.306876,1.044002,2.352378,360
1598870221.227358818,0.977551,1.071883,2.050684,360
1598870221.262039185,1.191915,1.046012,2.239707,360
1598870221.297297001,1.171534,1.041852,2.214526,360
1598870221.326778412,1.234444,0.984552,2.220396,360
1598870221.361158133,1.188513,0.993512,2.182866,360
1598870221.393427610,1.290726,1.008691,2.300707,360
1598870221.428589582,1.025242,1.019932,2.045984,360
1598870221.461245775,1.214544,1.286765,2.502719,360
1598870221.494818926,1.353486,1.873033,3.228379,360
1598870221.527837992,1.207024,2.463199,3.671693,360
1598870221.561077595,1.181624,3.098437,4.281251,360
1598870221.594779253,1.249395,1.101953,2.353058,360
1598870221.627574921,1.225404,1.067853,2.294227,360
1598870221.662445068,1.130364,0.986791,2.118505,360
1598870221.694219828,1.551019,0.998351,2.550350,360
1598870221.727677345,1.117653,0.990782,2.109425,360
1598870221.761151791,1.232045,0.987842,2.220667,360
1598870221.793554783,1.382116,0.979352,2.362558,360
1598870221.827373266,1.284395,0.994202,2.279337,360
1598870221.862244606,1.318135,1.273125,2.592440,360
1598870221.893373251,1.377536,1.856502,3.235258,360
1598870221.927840233,1.276205,2.440229,3.717764,360
1598870221.960888863,1.279775,3.255648,4.536563,360
1598870221.994569063,1.367476,1.103543,2.472129,360
1598870222.027606249,1.290455,1.007342,2.298927,360
1598870222.062469721,1.250955,0.997972,2.249927,360
1598870222.095542908,1.375036,0.989122,2.364998,360
1598870222.127918720,1.222675,0.994611,2.218376,360
1598870222.161043644,1.257764,0.990302,2.249067,360
1598870222.194443226,1.470068,0.996571,2.468309,360
1598870222.234389067,1.086753,1.002562,2.090255,360
1598870222.260940790,1.110423,1.256925,2.367858,360
1598870222.295899153,1.421297,1.921063,3.343580,360
1598870222.332344532,1.287475,2.484150,3.772905,360
1598870222.366683483,1.233105,3.086566,4.321011,360
1598870222.396318436,1.309265,1.032463,2.342868,360
1598870222.428850651,1.016102,0.989042,2.006084,360
1598870222.461969137,1.284825,0.993452,2.279147,359
1598870222.496281624,1.340666,1.001272,2.342888,359
1598870222.529257536,1.075333,0.991962,2.068195,359
1598870222.562174320,1.289965,0.995272,2.286207,359
1598870222.594879866,1.402477,0.985722,2.389319,359
1598870222.628056765,1.073663,0.980411,2.054704,359
1598870222.662473202,1.246494,1.286856,2.533980,358
1598870222.696234465,1.403847,1.910233,3.315380,358
1598870222.728317022,1.135113,2.434009,3.570172,358
1598870222.761581421,1.273715,3.061817,4.337192,358
1598870222.793982744,1.145514,1.061702,2.208726,358
1598870222.827199936,0.952141,1.020432,1.973313,358
1598870222.861368179,1.308946,1.032322,2.342818,358
1598870222.895358086,1.199084,0.999042,2.199656,358
1598870222.927948475,1.058142,0.986952,2.046124,358
1598870222.961539745,1.312916,0.980161,2.293797,358
1598870222.995146513,1.483528,0.984232,2.468780,358
1598870223.028195858,1.094183,0.993122,2.088455,358
1598870223.063006878,1.265245,1.363836,2.630021,358
1598870223.093956947,1.623179,1.935503,3.560022,358
1598870223.129195452,1.086683,2.479660,3.567703,358
1598870223.161524773,1.368967,3.126977,4.497904,358
1598870223.195278645,1.370507,1.045872,2.417649,358
1598870223.228985071,1.087043,0.998091,2.086904,358
1598870223.262598753,1.271095,0.977172,2.249507,358
1598870223.294173956,1.486077,1.021822,2.508799,358
1598870223.327899456,1.136793,1.023342,2.161135,358
1598870223.361407995,1.460687,1.005122,2.468009,358
1598870223.393992901,1.386367,0.974441,2.362208,358
1598870223.427153587,1.058312,1.021702,2.081854,358
1598870223.462058306,1.409986,1.269845,2.681381,358
1598870223.493721008,1.501728,1.838412,3.341630,358
1598870223.528216600,1.152023,2.352988,3.506191,358
1598870223.560490131,1.311976,3.013716,4.327042,358
1598870223.594677925,1.533548,1.050193,2.585511,358
1598870223.628556490,1.129793,0.965132,2.096135,358
1598870223.662153244,1.408847,0.960061,2.369978,358
1598870223.694561481,1.404307,0.945941,2.351248,358
1598870223.730085611,1.045392,0.942121,1.988503,358
1598870223.763102055,1.233285,1.061922,2.297217,358
1598870223.794222593,1.176834,1.005822,2.183996,358
1598870223.828885794,1.148544,0.993462,2.143296,358
1598870223.867941380,1.410057,1.206064,2.617391,358
1598870223.895983458,1.145063,1.860482,3.006245,358
1598870223.930802822,1.209854,2.516000,3.728474,358
1598870223.961446285,1.354946,3.033666,4.389492,358
1598870223.994420290,1.207464,0.994672,2.203596,358
1598870224.029394627,1.218355,0.969041,2.188396,358
1598870224.061304092,1.325696,0.937971,2.264677,358
1598870224.094777107,1.234774,0.941551,2.177265,358
1598870224.128520250,1.146053,0.947222,2.094195,358
1598870224.161905289,1.507678,1.080653,2.589011,358
1598870224.194513798,1.265265,0.996372,2.262647,357
1598870224.228229761,1.114443,0.953171,2.068574,357
1598870224.261564493,1.409867,1.202414,2.613361,357
1598870224.295080900,1.180754,1.815581,2.997575,357
1598870224.328397751,1.192704,2.304057,3.497971,357
1598870224.361310005,1.413547,2.977865,4.393212,357
1598870224.394977331,1.268965,1.003722,2.274017,357
1598870224.427894831,1.352706,0.981011,2.335347,357
1598870224.461375713,1.511058,0.985022,2.497240,357
1598870224.495158195,1.484168,0.974772,2.460020,357
1598870224.528453112,0.955271,1.011812,1.968343,357
1598870224.561067104,1.386956,1.082233,2.470329,357
1598870224.594603539,1.138614,0.973191,2.112735,357
1598870224.629466772,1.155534,0.945511,2.102075,357
1598870224.661444902,1.433838,1.237074,2.671922,357
1598870224.694328547,1.271695,1.819902,3.092907,357
1598870224.727745056,1.476587,2.240467,3.718204,357
1598870224.761739016,1.353055,3.085617,4.439933,357
1598870224.796274900,1.234095,1.018602,2.254187,357
1598870224.828673124,1.255035,1.002941,2.259216,357
1598870224.861118078,1.345386,0.970881,2.317517,357
1598870224.895074606,1.260715,1.008782,2.270627,357
1598870224.936370373,1.184544,0.994092,2.180016,357
1598870224.965421915,1.492538,1.034352,2.527720,357
1598870224.996578932,1.106533,0.929892,2.037555,357
1598870225.028638363,1.263655,0.955632,2.220857,357
1598870225.060871363,1.122553,1.114663,2.238686,357
1598870225.095197916,1.303895,1.777061,3.082206,357
1598870225.128309965,1.278045,2.265997,3.545262,357
1598870225.160761356,1.179954,3.457751,4.638675,357
1598870225.194886208,1.312326,0.983281,2.297447,357
1598870225.229932070,1.146734,0.932331,2.080305,357
1598870225.260764599,1.156444,0.974142,2.131506,357
1598870225.294948578,1.267535,0.972752,2.241697,357
1598870225.329212904,1.092233,0.924671,2.017804,357
1598870225.360689163,1.217714,1.005732,2.224986,357
1598870225.395634890,1.295825,1.009982,2.307127,357
1598870225.429821253,1.285935,0.966351,2.253616,357
1598870225.461498260,1.147144,1.107763,2.255957,357
1598870225.495054245,1.352086,1.792241,3.145317,357
1598870225.528855085,1.196404,2.280947,3.478781,357
1598870225.561429262,1.209054,3.085127,4.295401,357
1598870225.595237494,1.341216,0.978121,2.320867,357
1598870225.628436089,1.282305,0.988442,2.271707,357
1598870225.660961390,1.195964,0.956852,2.153866,357
1598870225.695439339,1.376067,0.916570,2.293857,357
1598870225.728271484,1.188694,0.911671,2.101255,357
1598870225.761048317,1.245895,1.012562,2.259987,357
1598870225.795014858,1.339056,1.002092,2.342488,356
1598870225.834073544,1.217164,0.934971,2.153485,356
1598870225.863826513,1.264035,1.109563,2.374598,356
1598870225.895908833,1.333706,1.750480,3.085356,356
1598870225.928639174,1.079493,2.208756,3.289189,356
1598870225.961117268,1.195134,3.098427,4.294901,356
1598870225.994001627,1.385967,1.030512,2.418129,356
1598870226.028076172,1.217294,0.980032,2.198536,356
1598870226.061706066,1.210444,0.925971,2.137645,356
1598870226.101745605,1.214235,0.915350,2.130465,356
1598870226.129740715,0.976401,0.952072,1.929043,356
1598870226.160831213,1.254585,1.002692,2.258107,356
1598870226.193935633,1.400686,1.012402,2.414438,356
1598870226.228274107,1.217174,0.916641,2.134955,356
1598870226.261653423,1.256815,1.094603,2.352308,356
1598870226.293962002,1.425227,1.833212,3.260359,356
1598870226.328815937,1.030953,2.257166,3.289579,356
1598870226.361817598,1.237415,3.125797,4.364502,356
1598870226.395213842,1.425917,1.030993,2.458190,356
1598870226.427573204,1.070723,0.952171,2.023794,356
1598870226.462193727,1.316416,0.931591,2.249157,356
1598870226.495735168,1.396927,0.943221,2.341158,356
1598870226.528068781,0.989121,0.956882,1.946813,356
1598870226.562809944,1.301726,1.068712,2.371348,356
1598870226.595484495,1.387056,1.052512,2.441778,356
1598870226.628060102,1.089643,0.962481,2.053434,356
1598870226.661588907,1.233455,1.165083,2.399398,356
1598870226.694204092,1.282085,1.918543,3.202028,356
1598870226.726596117,1.141584,2.492809,3.635853,356
1598870226.761015654,1.463057,3.369780,4.834037,356
1598870226.795104265,1.403417,1.066533,2.471270,356
1598870226.827663898,1.124824,1.006081,2.131795,356
1598870226.860015154,1.360867,0.999562,2.361629,356
1598870226.895227432,1.443627,0.999962,2.444839,356
1598870226.927085161,1.067472,0.974792,2.043254,356
1598870226.962599993,1.394067,1.061493,2.456750,356
1598870226.995026588,1.367896,1.058763,2.427509,356
1598870227.028290510,1.097013,0.954901,2.052774,356
1598870227.062003613,1.258725,1.141734,2.401959,356
1598870227.094383240,1.338025,1.856063,3.195248,356
1598870227.129403591,1.075772,2.320718,3.397770,356
1598870227.161840677,1.287295,3.078587,4.366992,356
1598870227.194863796,1.357906,0.976671,2.335817,356
1598870227.228260994,1.124203,0.937761,2.063454,356
1598870227.262121677,1.269225,0.927371,2.197506,356
1598870227.295093298,1.295365,0.940891,2.237226,356
1598870227.328878403,1.119513,0.991492,2.113525,356
1598870227.361818075,1.341146,1.012802,2.355098,356
1598870227.394549608,1.474417,1.015362,2.490789,356
1598870227.428870201,1.100363,0.915771,2.017174,356
1598870227.461090088,1.354766,1.155454,2.511030,356
1598870227.494740009,1.344476,1.825102,3.170488,356
1598870227.527997971,1.084053,2.250966,3.336119,356
1598870227.562289476,1.292165,3.091487,4.384682,356
1598870227.596034050,1.344506,1.011631,2.358237,356
1598870227.628359079,1.120673,0.936321,2.057904,356
1598870227.659923315,1.073462,0.920941,1.995053,356
1598870227.694436550,1.173004,0.912081,2.085925,356
1598870227.728482485,1.109063,0.920891,2.030684,356
1598870227.761284828,1.124143,0.986822,2.111805,355
1598870227.794395685,1.222564,1.037982,2.261806,355
1598870227.835638523,1.089733,0.985352,2.076025,355
1598870227.864892006,1.084063,1.133474,2.218057,355
1598870227.896310329,1.287205,1.898522,3.188247,355
1598870227.929847240,1.173194,2.282617,3.457011,355
1598870227.962669134,1.390567,3.055936,4.447523,355
1598870227.994207859,1.217734,0.989442,2.208587,355
1598870228.028809547,1.163574,0.925401,2.089935,355
1598870228.061673164,1.407647,0.923250,2.332007,355
1598870228.094938517,1.234205,0.913791,2.148886,355
1598870228.129418850,0.958351,0.922801,1.881812,355
1598870228.161291599,1.334916,1.025392,2.361448,355
1598870228.194554090,1.200594,1.051593,2.253197,355
1598870228.228306055,0.933531,0.989632,1.923903,355
1598870228.261800289,1.229784,1.025993,2.256637,355
1598870228.303683043,1.241875,1.782771,3.025696,355
1598870228.329282999,0.951921,2.347668,3.300329,355
1598870228.361238241,1.355196,3.093966,4.450452,355
1598870228.401932716,1.266985,0.979882,2.248207,355
1598870228.426809072,0.951981,0.958772,1.911603,355
1598870228.461278439,1.551078,0.977452,2.530270,355
1598870228.494325161,1.492998,0.943721,2.437629,355
1598870228.529764891,1.309455,0.944712,2.255137,355
1598870228.563171864,1.605379,1.109483,2.716172,355
1598870228.596504211,1.450278,1.063172,2.514520,355
1598870228.629389763,1.183884,0.930151,2.114655,355
1598870228.661924362,1.491507,1.090623,2.583670,355
1598870228.695703030,1.400167,1.830682,3.231729,355
1598870228.730315924,1.134214,2.296697,3.432171,355
1598870228.762593269,1.409677,3.022676,4.433363,355
1598870228.796411753,1.297506,0.997971,2.296907,355
1598870228.829385757,0.998131,0.944442,1.943593,355
1598870228.862143278,1.346935,0.926221,2.274966,355
1598870228.895508289,1.365986,0.927871,2.295007,355
1598870228.928492308,0.934300,0.979532,1.914402,355
1598870228.961719275,1.349436,1.130684,2.481890,355
1598870228.994969368,1.208874,1.014322,2.224416,355
1598870229.028452158,1.006242,0.940911,1.948393,355
1598870229.061841965,1.132353,1.038552,2.171595,355
1598870229.095034361,1.220595,1.786101,3.007886,355
1598870229.128770828,1.107713,2.266617,3.375550,355
1598870229.161806345,1.420407,3.197808,4.619895,355
1598870229.201487064,1.506238,1.041742,2.549550,355
1598870229.235590696,1.319225,0.939292,2.260567,355
1598870229.261486769,1.094393,0.937531,2.032744,355
1598870229.295625925,1.409087,0.967001,2.377168,355
1598870229.327959061,1.290265,0.993762,2.285067,355
1598870229.362265348,1.328726,1.023642,2.353638,355
1598870229.396726847,1.345566,1.069392,2.416428,355
1598870229.429008007,1.073892,0.980952,2.056735,355
1598870229.462381601,1.262555,1.037832,2.301597,355
1598870229.495627165,1.272305,1.765811,3.039256,355
1598870229.535788774,1.121393,2.405799,3.528842,355
1598870229.560298920,1.224755,3.093896,4.319591,355
1598870229.594805956,1.234925,0.973571,2.209856,355
1598870229.629082441,1.060593,0.960021,2.021984,355
1598870229.661468506,1.236125,1.021212,2.259417,355
1598870229.696297646,1.380387,0.987781,2.369638,355
1598870229.727324009,1.226184,0.927451,2.155536,355
1598870229.761293650,1.302826,1.027912,2.332388,355
1598870229.794555664,1.385706,1.006252,2.393308,355
1598870229.829137802,1.144274,0.932891,2.078555,355
1598870229.861018181,1.265295,1.030452,2.296957,355
1598870229.895622730,1.328505,1.787931,3.117436,355
1598870229.929583073,1.217314,2.380498,3.599042,355
1598870229.961950302,1.288115,3.081506,4.370771,354
1598870229.994608879,1.417947,1.013132,2.432859,354
1598870230.028719187,1.197824,1.035293,2.234537,354
1598870230.061247110,1.232075,1.015252,2.249287,354
1598870230.095888376,1.323856,0.927331,2.252367,354
1598870230.127358913,1.029422,0.914511,1.944823,354
1598870230.164327383,1.244115,1.007232,2.252307,354
1598870230.202165604,1.308115,1.004792,2.314427,354
1598870230.229154110,0.954361,0.960761,1.916102,354
1598870230.261210203,1.263045,1.044242,2.308647,354
1598870230.295216084,1.435187,1.828911,3.265208,354
1598870230.329985142,1.061262,2.309018,3.371690,354
1598870230.360567808,1.314725,3.086537,4.402472,354
1598870230.395125151,1.409907,1.018982,2.430179,354
1598870230.428577900,1.024882,0.973972,1.999894,354
1598870230.461267233,1.415446,0.937912,2.354958,354
1598870230.495505810,1.396637,0.903510,2.301007,354
1598870230.528347015,1.049462,0.930491,1.981183,354
1598870230.562350988,1.177424,1.015252,2.193506,354
1598870230.604552031,1.168534,1.064562,2.233926,354
1598870230.628412247,1.213665,1.166763,2.381348,354
1598870230.663197994,1.367166,0.994462,2.362258,354
1598870230.695783377,1.206395,1.722330,2.929375,354
1598870230.728564262,1.086933,2.350198,3.438531,354
1598870230.761632442,1.355996,3.207498,4.564884,354
1598870230.799569130,1.449777,1.057283,2.508420,354
1598870230.829093695,1.114213,0.948812,2.064255,354
1598870230.861851931,1.477947,0.915731,2.394868,354
1598870230.894851208,1.362646,0.931142,2.295018,354
1598870230.934992313,1.188834,1.013452,2.204566,354
1598870230.963201046,1.263765,1.040282,2.305357,354
1598870230.995887995,1.419146,1.159614,2.582160,354
1598870231.029703856,1.016752,0.939481,1.957443,354
1598870231.061783791,1.245285,1.045902,2.292817,354
1598870231.096476793,1.458077,1.834832,3.294299,354
1598870231.128241777,1.189374,2.375908,3.566442,354
1598870231.162607670,1.584159,3.173247,4.758946,354
1598870231.194912434,1.609479,0.996062,2.607041,354
1598870231.228744268,1.399697,0.936651,2.337158,354
1598870231.262281895,1.628289,0.931021,2.560720,354
1598870231.294849157,1.736381,0.928791,2.666152,354
1598870231.328814030,1.406187,0.939991,2.346798,354
1598870231.362812519,1.736700,1.096623,2.835183,354
1598870231.395206690,1.715540,1.018342,2.735282,354
1598870231.427671194,1.434797,0.921750,2.357447,354
1598870231.460307121,1.618379,1.025362,2.644821,354
1598870231.494499445,2.000574,2.671491,4.673715,354
1598870231.529919147,1.259945,2.409828,3.671983,354
1598870231.561403275,1.495107,3.062127,4.558404,354
1598870231.594810247,1.430776,0.993172,2.425488,354
1598870231.628414392,0.996321,0.955352,1.952453,354
1598870231.672012806,1.491387,0.983342,2.476559,354
1598870231.696402311,1.218265,0.915651,2.135416,354
1598870231.729717493,1.162434,0.937511,2.101265,354
1598870231.762278080,1.110373,1.002282,2.113555,354
1598870231.795163155,1.414287,1.061472,2.479589,354
1598870231.833209038,1.278035,1.034483,2.313988,354
1598870231.863253117,1.348056,1.145274,2.495610,354
1598870231.897474527,1.259615,1.873492,3.134177,354
1598870231.929749489,1.220564,2.366818,3.588562,354
1598870231.962400675,1.419646,3.200798,4.622364,354
1598870231.995098114,1.300186,0.985561,2.286977,354
1598870232.027907372,1.191974,0.950041,2.143205,354
1598870232.061216831,1.078862,0.928772,2.008364,354
1598870232.094593048,1.298956,0.919090,2.218956,354
1598870232.128659964,1.236455,0.914431,2.151706,354
1598870232.163138390,1.432567,1.016242,2.450019,354
1598870232.194582701,1.290895,1.017622,2.309797,354
1598870232.228536844,1.150014,0.965181,2.116185,354
1598870232.262785912,1.492728,1.070823,2.564981,354
1598870232.294255495,1.246354,1.749911,2.998525,354
1598870232.327883482,1.089523,2.281167,3.371720,354
1598870232.361562967,1.275735,3.060486,4.337421,354
1598870232.394918919,1.335906,0.979851,2.320247,354
1598870232.428343296,0.939711,0.962021,1.902662,354
1598870232.463104486,1.367226,0.925811,2.294037,354
1598870232.494398117,1.554148,0.967042,2.522760,354
1598870232.535126925,1.146434,0.915201,2.062785,354
1598870232.568670511,1.303555,1.006552,2.310957,354
1598870232.596251965,1.373186,1.042723,2.417209,354
1598870232.632781267,1.146723,0.953971,2.101664,354
1598870232.663562775,1.280175,1.051652,2.333637,354
1598870232.695619583,1.438847,1.758791,3.198588,354
1598870232.728540897,1.350335,2.469020,3.820425,354
1598870232.762649536,1.398606,3.117437,4.517693,354
1598870232.795518398,1.321466,0.976851,2.300017,354
1598870232.829940319,0.974581,0.928671,1.903932,354
1598870232.860737324,1.220134,0.928271,2.149525,354
1598870232.896611452,1.394616,0.920551,2.316467,354
1598870232.930854797,1.258915,0.917651,2.177526,354
1598870232.962482929,1.165364,1.055292,2.221506,354
1598870232.993766069,1.455577,1.052352,2.509109,354
1598870233.027519464,1.277225,0.918181,2.196506,354
1598870233.061582804,1.272775,1.049072,2.322877,354
1598870233.094082117,1.456507,1.772401,3.229968,354
1598870233.127491713,1.252765,2.295587,3.549682,354
1598870233.161214113,1.223394,3.053076,4.277600,354
1598870233.195497274,1.449207,0.978642,2.429379,354
1598870233.228230000,1.271215,0.921441,2.194056,354
1598870233.262120008,1.315245,0.925761,2.242346,354
1598870233.295563936,1.319646,0.917091,2.237557,354
1598870233.327914000,1.195144,0.966162,2.162916,354
1598870233.361449242,1.144794,1.039252,2.184986,354
1598870233.395006657,1.255785,0.997192,2.253957,354
1598870233.429471254,0.946871,0.925191,1.872752,354
1598870233.462171316,1.296145,1.065223,2.366258,354
1598870233.495779991,1.120853,1.768641,2.890144,354
1598870233.529912710,1.309615,2.229807,3.541252,354
1598870233.561184406,1.286495,3.126177,4.414822,354
1598870233.594550133,1.387587,0.972941,2.362108,354
1598870233.628753901,1.141464,0.927341,2.069985,354
1598870233.661244392,1.308596,0.914681,2.224457,354
1598870233.694606304,1.232245,0.949041,2.182146,354
1598870233.728466034,1.407667,0.958871,2.367478,354
1598870233.761573076,1.174974,1.004512,2.180466,354
1598870233.795148611,1.203204,0.983462,2.188526,354
1598870233.828699827,1.279616,0.925490,2.206346,354
1598870233.861469507,1.387427,1.023032,2.411819,354
1598870233.894562006,1.276695,1.749191,3.026946,354
1598870233.928726912,1.218354,2.267057,3.486821,354
1598870233.967082024,1.314116,3.087536,4.402932,354
1598870233.996061087,1.372396,0.965071,2.338667,354
1598870234.028685570,1.246995,0.930171,2.178086,354
1598870234.061950207,1.167813,0.977372,2.146055,354
1598870234.094832659,1.195524,0.971931,2.168675,354
1598870234.129085541,1.345256,0.965241,2.311457,354
1598870234.162994146,1.181744,1.030632,2.213766,354
1598870234.195469141,1.209384,1.023682,2.234516,354
1598870234.228577614,1.071733,0.938891,2.012364,354
1598870234.262475491,1.278235,1.025342,2.304887,354
1598870234.295563936,1.220675,1.781871,3.003556,354
1598870234.328972340,1.307305,2.314728,3.623403,354
1598870234.362773657,1.200055,3.035515,4.236340,354
1598870234.396279335,1.430227,0.989281,2.420618,354
1598870234.429081678,1.043102,1.004902,2.048774,354
1598870234.462428093,1.221415,0.959651,2.181846,354
1598870234.495597124,1.284215,0.929431,2.214476,354
1598870234.529436827,1.072962,0.912511,1.986303,354
1598870234.563565254,1.386917,1.011862,2.399619,354
1598870234.595103979,1.210005,1.010382,2.221667,354
1598870234.629015207,1.288575,0.909191,2.198876,354
1598870234.663490534,1.487068,1.042612,2.530810,354
1598870234.696719170,1.473858,1.832942,3.307710,354
1598870234.728651762,1.282125,2.350488,3.633673,354
1598870234.761944532,1.358276,3.142257,4.501773,354
1598870234.795848131,1.217335,1.029872,2.248627,354
1598870234.829430580,1.066632,0.970002,2.037904,354
1598870234.862989187,1.249055,0.920901,2.170946,354
1598870234.895802736,1.297965,0.914471,2.213326,354
1598870234.929602385,1.095493,0.926241,2.022454,354
1598870234.962099075,1.239405,1.021702,2.262207,354
1598870234.995443821,1.242654,0.989802,2.233686,354
1598870235.030035257,1.080542,0.923891,2.005524,354
1598870235.062546015,1.270575,1.026753,2.298458,354
1598870235.095618248,1.356676,1.862522,3.220488,354
1598870235.129305363,1.156143,2.347348,3.504391,354
1598870235.163189650,1.342156,3.108847,4.452343,354
1598870235.194858789,1.353406,1.036212,2.391218,354
1598870235.231148720,1.134494,0.937751,2.073565,354
1598870235.263095856,1.493418,1.002432,2.497910,354
1598870235.294950962,1.341275,0.938182,2.281047,354
1598870235.328079224,1.106743,0.984602,2.092495,354
1598870235.362542391,1.393087,1.018862,2.413139,354
1598870235.395689964,1.337806,1.019282,2.358358,354
1598870235.429548979,1.177504,0.923371,2.102585,354
1598870235.463129044,1.267285,1.031102,2.299607,354
1598870235.494572639,1.266785,1.848841,3.116976,354
1598870235.529105425,1.176684,2.425089,3.603393,354
1598870235.563342571,1.342166,3.144037,4.487493,354
1598870235.596274614,1.182534,0.991202,2.175276,354
1598870235.629336357,1.054672,0.940461,1.996133,354
1598870235.662359476,1.103403,0.922161,2.026344,354
1598870235.695811272,1.390006,0.951602,2.342648,354
1598870235.731035948,1.101353,0.983982,2.086395,354
1598870235.763170242,1.264564,1.142474,2.408478,354
1598870235.794831753,1.227014,1.049583,2.277667,354
1598870235.829182148,0.993742,0.963021,1.957493,354
1598870235.862924576,1.447427,1.211144,2.661531,354
1598870235.896658421,1.667160,2.049164,3.717724,354
1598870235.928642750,1.368546,2.530760,3.901116,354
1598870235.970008612,1.504118,3.279298,4.784486,354
1598870235.994799852,1.495387,1.036703,2.533900,354
1598870236.028428316,1.155983,1.008572,2.165725,354
1598870236.061803341,1.419797,0.998702,2.419529,354
1598870236.095641851,1.408307,0.983551,2.392718,354
1598870236.129046679,1.170064,0.999762,2.170776,354
1598870236.162568331,1.308636,1.090143,2.399719,354
1598870236.195218325,1.271715,1.103023,2.375938,354
1598870236.230211973,1.222795,1.015112,2.239167,354
1598870236.262103796,1.199824,1.174714,2.375228,354
1598870236.295458794,1.307556,2.095215,3.404651,354
1598870236.335350275,1.081013,2.527880,3.610183,354
1598870236.366894007,1.438217,3.341569,4.780946,354
1598870236.397829533,1.445867,1.152154,2.599771,354
1598870236.429137468,1.068423,1.030432,2.099715,354
1598870236.461579323,1.474928,1.014002,2.489950,354
1598870236.495348215,1.463127,1.020082,2.484129,354
1598870236.527245760,1.290285,1.010842,2.302447,354
1598870236.561932087,1.452817,1.112973,2.567100,354
1598870236.595562458,1.327276,1.143533,2.471949,354
1598870236.636978626,1.238175,1.092783,2.332048,354
1598870236.662481308,1.210345,1.165983,2.377088,354
1598870236.695853710,1.232825,2.020534,3.254479,354
1598870236.729931831,1.307265,2.679782,3.989597,354
1598870236.762588739,1.459737,3.708804,5.169881,354
1598870236.796469212,1.403777,1.068103,2.473180,354
1598870236.830717087,1.085413,0.990932,2.077125,354
1598870236.862948895,1.454637,1.136483,2.592020,354
1598870236.896433115,1.475707,1.021983,2.499020,354
1598870236.930637836,1.179164,1.024612,2.204726,354
1598870236.962887287,1.367906,1.240735,2.611571,354
1598870236.995079041,1.248594,1.161194,2.410678,354
1598870237.029443741,1.063703,1.035732,2.100305,354
1598870237.063416243,1.205134,1.096853,2.302717,354
1598870237.096289873,1.209665,1.985303,3.195538,354
1598870237.128668547,1.117193,2.557870,3.676373,354
1598870237.162327766,1.508568,3.455361,4.965599,354
1598870237.195809126,1.328416,1.074542,2.404298,354
1598870237.228973866,1.047882,1.009232,2.057654,354
1598870237.262033224,1.494158,1.067762,2.563460,354
1598870237.296042681,1.385406,1.018572,2.405078,354
1598870237.329574585,1.232204,1.026473,2.259437,354
1598870237.361137152,1.208154,1.166894,2.375548,354
1598870237.395694971,1.349846,1.179764,2.530980,354
1598870237.430743933,1.285085,1.019422,2.305657,354
1598870237.461522341,1.247515,1.118353,2.367078,354
1598870237.494989634,1.348106,2.036904,3.386100,354
1598870237.529526949,1.292596,2.522440,3.816296,354
1598870237.563358068,1.266815,3.353880,4.621955,354
1598870237.596842051,1.387556,1.084893,2.473829,354
1598870237.630000830,1.197764,1.024182,2.222976,354
1598870237.662631035,1.227425,1.011302,2.239757,354
1598870237.694180012,1.357406,1.023242,2.381348,354
1598870237.729260206,1.218775,1.072852,2.292647,354
1598870237.762221336,1.298506,1.160103,2.459439,354
1598870237.795802116,1.350126,1.109143,2.460179,354
1598870237.829294205,1.229634,1.016022,2.246886,354
1598870237.861126900,1.218865,1.153603,2.373558,354
1598870237.896371603,1.399946,2.040774,3.441880,354
1598870237.930598021,1.197894,2.581811,3.781145,354
1598870237.961796761,1.326755,3.435961,4.763866,354
1598870238.000889540,1.403987,1.073762,2.479249,354
1598870238.028645277,1.231304,1.041923,2.274347,354
1598870238.061302662,1.323076,1.036242,2.360358,354
1598870238.094780445,1.387566,1.077123,2.465789,354
1598870238.129317999,1.269635,1.121173,2.392218,354
1598870238.162985563,1.328596,1.119363,2.449309,354
1598870238.195672989,1.305205,1.099793,2.406498,354
1598870238.229923964,1.169294,1.027582,2.197886,354
1598870238.262411356,1.353417,1.130943,2.485410,354
1598870238.295644045,1.390047,1.948963,3.340030,354
1598870238.328936338,1.101793,2.539400,3.642523,354
1598870238.362323523,1.292006,3.367099,4.660505,354
1598870238.395551443,1.474417,1.111903,2.587870,354
1598870238.429784536,1.131264,1.053672,2.186436,354
1598870238.463276625,1.333505,1.073183,2.407638,354
1598870238.495590210,1.375326,1.067452,2.443758,354
1598870238.530168056,1.202435,1.024722,2.228287,354
1598870238.563436747,1.339896,1.111673,2.452679,354
1598870238.596675873,1.408936,1.107034,2.517050,354
1598870238.630454302,1.159743,1.030333,2.190976,354
1598870238.662161827,1.313576,1.122373,2.436839,354
1598870238.697161674,1.412107,1.948673,3.361650,354
1598870238.729599714,1.244465,2.502950,3.748715,354
1598870238.763649464,1.368786,3.337240,4.707366,354
1598870238.796561480,1.452257,0.965482,2.418779,354
1598870238.829592943,1.307446,1.017312,2.326118,354
1598870238.862321854,1.599609,0.960842,2.561521,354
1598870238.895602942,1.380667,0.869490,2.252247,354
1598870238.929116249,1.255615,0.880691,2.137846,354
1598870238.962278366,1.412547,0.959131,2.372988,349
1598870238.996422768,1.477908,1.057043,2.536311,343
1598870239.029402494,1.558579,1.057012,2.617411,334
1598870239.062233686,1.558518,1.311096,2.870944,338
1598870239.095053434,1.378707,1.763041,3.143028,348
1598870239.128870249,1.420176,3.061627,4.482813,345
1598870239.161453009,1.763131,5.674657,7.439858,334
1598870239.196336031,1.648529,3.535252,5.185302,336
1598870239.230382681,1.497388,2.648701,4.147899,338
1598870239.261919737,1.614450,1.633789,3.249679,333
1598870239.295762777,1.626589,1.700680,3.328499,331
1598870239.329347610,1.370536,1.527388,2.899274,334
1598870239.364640474,1.522009,1.622209,3.145318,327
1598870239.395615578,1.353236,1.876152,3.230168,328
1598870239.429664373,1.389286,1.491868,2.882454,325
1598870239.462850094,1.454467,2.942045,4.397692,341
1598870239.496378183,1.557198,4.307291,5.865429,341
1598870239.537329912,1.378427,4.708045,6.088012,347
1598870239.561456919,1.337826,4.473363,5.812609,346
1598870239.595526934,1.342325,3.763245,5.107050,346
1598870239.629204750,1.332936,1.986813,3.321309,346
1598870239.662573814,1.338846,1.471267,2.811843,346
1598870239.695564985,1.326145,1.406397,2.734402,346
1598870239.729147196,1.315216,1.713320,3.030286,345
1598870239.763022900,1.289665,2.536290,3.828765,344
1598870239.795536518,1.243795,1.775871,3.021476,344
1598870239.829899788,1.401786,2.510880,3.914116,344
1598870239.862252712,1.131953,2.167026,3.300440,344
1598870239.895027637,1.194234,3.533261,4.729195,344
1598870239.930433512,1.209154,4.284391,5.495015,344
1598870239.962541819,1.166474,4.209480,5.377084,344
1598870239.995862961,1.257485,3.168448,4.427183,344
1598870240.030156374,1.343716,1.794701,3.139867,344
1598870240.063072681,1.338036,1.635119,2.974235,344
1598870240.095789909,1.174584,1.342216,2.517970,344
1598870240.129326820,1.083172,1.348676,2.432448,344
1598870240.162334681,1.292866,2.380198,3.674194,344
1598870240.196716070,1.176744,1.411667,2.589761,344
1598870240.230025768,1.062063,2.531420,3.594453,344
1598870240.262618303,1.246245,2.241316,3.489171,344
1598870240.295288086,1.260345,3.557122,4.819817,344
1598870240.329349756,1.381847,4.015277,5.398694,344
1598870240.364779472,1.481567,4.151819,5.634786,344
1598870240.395403862,1.442907,3.062476,4.507043,344
1598870240.429744720,1.252365,1.626109,2.880014,344
1598870240.462092400,1.338806,1.636820,2.977106,344
1598870240.495412827,1.221054,1.352486,2.574590,344
1598870240.529469728,1.292585,1.515178,2.808813,344
1598870240.562823534,1.353396,2.300917,3.655883,344
1598870240.596561193,1.238954,1.460077,2.700261,344
1598870240.630262852,1.050772,2.037535,3.089247,344
1598870240.662213087,1.316516,2.022294,3.339760,344
1598870240.696588278,1.222155,2.432379,3.655324,344
1598870240.729402542,1.231764,3.174398,4.407372,344
1598870240.763875246,1.300356,3.802285,5.104011,344
1598870240.797458649,1.231775,2.452538,3.685683,344
1598870240.829767227,1.246505,1.656859,2.904784,344
1598870240.861108541,1.257435,1.665940,2.924955,344
1598870240.895874500,1.308975,1.397337,2.707882,344
1598870240.929438114,1.564049,1.546028,3.110847,344
1598870240.961648464,1.196074,2.104305,3.301939,344
1598870240.997488737,1.348696,1.797902,3.148208,344
1598870241.029753685,1.513898,1.445487,2.960775,344
1598870241.062844515,1.349496,1.751711,3.102677,344
1598870241.096428394,1.287625,2.378348,3.667743,344
1598870241.130314589,1.280036,3.105286,4.387402,344
1598870241.162647963,1.204644,3.742184,4.949098,344
1598870241.196670771,1.184674,2.318258,3.504372,344
1598870241.231808662,1.363436,1.386757,2.751743,344
1598870241.262958527,1.211284,1.757721,2.971645,344
1598870241.296589851,1.116033,1.390367,2.508440,344
1598870241.330407381,1.274015,1.397057,2.672332,344
1598870241.362737656,1.136693,2.056015,3.193548,344
1598870241.397230864,1.361886,1.855272,3.218898,344
1598870241.429975271,1.283026,1.471777,2.755933,344
1598870241.462859154,1.136123,1.685090,2.823203,344
1598870241.497263432,1.272985,2.356218,3.630183,344
1598870241.531169891,1.368466,3.123367,4.493303,343
1598870241.562082291,1.209665,3.753714,4.964589,383
1598870241.596679926,1.446867,1.665610,3.114057,383
1598870241.629205227,1.296876,1.426387,2.724123,383
1598870241.662413836,1.254335,1.695490,2.950875,383
1598870241.697117567,1.267376,1.394546,2.663032,383
1598870241.730124235,1.442857,1.423627,2.867834,383
1598870241.763637543,1.264094,1.947034,3.212568,383
1598870241.797568321,1.211384,1.837962,3.050596,383
1598870241.829509497,1.272665,1.465118,2.738663,383
1598870241.862689972,1.246175,1.403197,2.650692,383
1598870241.896548033,1.272125,2.342167,3.615782,383
1598870241.929971218,1.266845,3.439001,4.706826,383
1598870241.961879253,1.224765,3.754764,4.980929,383
1598870241.996266842,1.183424,1.591799,2.776563,383
1598870242.030095816,1.457177,1.408057,2.866334,383
1598870242.062063932,1.136464,1.742540,2.880064,383
1598870242.096335173,1.402116,1.445437,2.848893,383
1598870242.130460501,1.389746,1.482568,2.873864,383
1598870242.162635803,1.193514,1.975123,3.169607,383
1598870242.196613073,1.369067,1.817961,3.188258,383
1598870242.230680943,1.430347,1.435687,2.867214,383
1598870242.262879133,1.156744,1.565129,2.722973,383
1598870242.296819448,1.184904,2.431759,3.618233,383
1598870242.329808474,1.380476,3.349850,4.731756,383
1598870242.362330914,1.240045,3.604272,4.845637,383
1598870242.397264242,1.211914,1.590449,2.803333,383
1598870242.429971218,1.350426,1.442158,2.793934,383
1598870242.462487221,1.242354,1.451848,2.695192,383
1598870242.496617556,1.216794,1.493678,2.711952,383
1598870242.530811787,1.318196,1.507937,2.826963,383
1598870242.563150644,1.230644,1.914473,3.146287,383
1598870242.596648693,1.333586,1.773011,3.107777,383
1598870242.629404306,1.334926,1.420367,2.757283,383
1598870242.663238287,1.395336,1.435147,2.831733,383
1598870242.697936535,1.291915,2.451569,3.745034,383
1598870242.732674360,1.168064,3.296799,4.466363,383
1598870242.762953281,1.261375,3.623943,4.886728,383
1598870242.796916246,1.155693,1.636210,2.793193,383
1598870242.830545425,1.151793,1.458968,2.611861,383
1598870242.863165855,1.245375,1.473277,2.720372,383
1598870242.897921801,1.298835,1.453587,2.753952,383
1598870242.963023901,1.388027,1.432577,2.822214,383
1598870242.997031927,1.220535,1.896022,3.117897,383
1598870243.030970335,1.258615,1.793851,3.054106,383
1598870243.062786341,1.223204,1.483848,2.708192,383
1598870243.097178936,1.295596,1.406036,2.702572,383
1598870243.129881859,1.215164,2.405829,3.621933,383
1598870243.164374590,1.172594,3.289699,4.463473,383
1598870243.197600842,1.241414,3.580022,4.822906,383
1598870243.231136322,1.215874,1.650490,2.867824,383
1598870243.263402462,1.156424,1.495028,2.652702,383
1598870243.298607588,1.282145,1.488717,2.772372,383
1598870243.330736637,1.343746,1.403046,2.747792,383
1598870243.363486052,1.114993,1.405307,2.521320,383
1598870243.396997929,1.288426,1.915482,3.204888,383
1598870243.430801630,1.346376,1.870782,3.218578,383
1598870243.462677956,1.430857,1.440867,2.873394,383
1598870243.496798277,1.232655,1.423517,2.657192,383
1598870243.529871225,1.250215,2.380268,3.631373,383
1598870243.563074827,1.245395,3.415410,4.662325,383
1598870243.596962452,1.319485,3.553362,4.873707,383
1598870243.630638599,1.328025,1.679310,3.009245,383
1598870243.662842751,1.385496,1.478048,2.864944,383
1598870243.698120832,1.427787,1.410247,2.839204,383
1598870243.730431557,1.498728,1.451117,2.950775,383
1598870243.762999773,1.409037,1.377776,2.788683,383
1598870243.797337532,1.249605,1.910943,3.161548,382
1598870243.830444098,1.213174,1.810172,3.024606,382
1598870243.863110781,1.299476,1.450017,2.750613,381
1598870243.896783590,1.201114,1.473348,2.675242,381
1598870243.928940535,1.324155,2.383238,3.708504,381
1598870243.963283539,1.380846,3.237378,4.619634,381
1598870244.030729294,1.328896,3.629923,4.960389,378
1598870244.063721895,1.305645,1.626239,2.933334,378
1598870244.097386599,1.257765,1.358996,2.617721,378
1598870244.130568743,1.337696,1.328086,2.666782,375
1598870244.163702250,1.407186,1.320066,2.728252,375
1598870244.197379827,1.266655,1.334976,2.603241,372
1598870244.230882883,1.292475,2.545070,3.839155,372
1598870244.263653278,1.440957,1.744751,3.187148,371
1598870244.298160076,1.409997,2.473679,3.884646,364
1598870244.330399752,1.252395,2.196566,3.450691,361
1598870244.363742828,1.370166,3.669083,5.040469,359
1598870244.397407532,1.325525,5.870660,7.197445,358
1598870244.430957079,1.224515,4.651495,5.877520,355
1598870244.464206457,1.558648,3.245458,4.805816,355
1598870244.498274088,1.391037,1.833752,3.226339,355
1598870244.530515909,1.260115,1.425477,2.687242,355
1598870244.563566446,1.451347,1.366866,2.819223,355
1598870244.597427130,1.365607,1.552918,2.919735,355
1598870244.630374193,1.368396,1.763431,3.133177,353
1598870244.663769007,1.338835,1.421647,2.762022,351
1598870244.697599173,1.169404,2.889294,4.059328,346
1598870244.730092287,1.386307,1.476047,2.863524,346
1598870244.763190985,1.377606,3.838726,5.217172,344
1598870244.798324585,1.285075,5.326933,6.613398,344
1598870244.831243992,1.387286,4.129569,5.518255,344
1598870244.864980221,1.398847,3.083806,4.484113,344
1598870244.898921967,1.272105,1.870552,3.144247,344
1598870244.932413340,1.348056,1.387226,2.736842,344
1598870244.966381550,1.334465,1.334776,2.670481,344
1598870244.998802185,1.330926,1.982333,3.315279,344
1598870245.033159494,1.361276,1.558678,2.922484,344
1598870245.066297293,1.209905,1.489427,2.700722,344
1598870245.100434542,1.324456,2.766073,4.092489,342
1598870245.133906126,1.439737,1.766011,3.207718,342
1598870245.167510748,1.644309,3.747744,5.393653,340
1598870245.201254606,1.495348,5.451334,6.948612,382
1598870245.234125376,1.470168,4.190639,5.663247,375
1598870245.268484592,1.357806,3.110417,4.470033,371
1598870245.300900221,1.362446,2.195706,3.559932,370
1598870245.334939718,1.337346,1.443567,2.782593,360
1598870245.369210005,1.303515,1.406727,2.711562,356
1598870245.401568651,1.221624,1.391767,2.614491,353
1598870245.435936451,1.415916,1.521939,2.939825,353
1598870245.469681501,1.417906,1.896973,3.316119,348
1598870245.503251791,1.379466,2.712622,4.093998,348
1598870245.536401510,1.228025,1.700410,2.930595,348
1598870245.570732117,1.197894,4.543644,5.742948,348
1598870245.603558540,1.217005,4.968019,6.186734,347
1598870245.637218952,1.435427,3.271959,4.709266,346
1598870245.671118736,1.237055,3.016035,4.254810,346
1598870245.704372883,1.366466,2.223926,3.591782,344
1598870245.737919331,1.670699,1.706131,3.378080,334
1598870245.772593737,1.248865,1.464937,2.715342,364
1598870245.807629108,1.453347,1.490608,2.945075,363
1598870245.838737965,1.495108,1.577728,3.073956,362
1598870245.872722864,1.305305,1.528208,2.835013,361
1598870245.907483101,1.407436,2.383439,3.792535,361
1598870245.939276218,1.539868,1.547878,3.090176,360
1598870245.977211714,1.273295,3.653133,4.927958,359
1598870246.005617142,1.317636,3.942406,5.261622,358
1598870246.040313721,1.448237,2.899944,4.349811,358
1598870246.072050333,1.346965,2.464800,3.812845,357
1598870246.107890606,1.398467,2.149055,3.549272,356
1598870246.141813755,1.430096,3.041976,4.473792,356
1598870246.173912764,1.193714,1.448777,2.643971,355
1598870246.211043835,1.339575,1.438747,2.779323,355
1598870246.243020535,1.336536,1.402026,2.739882,355
1598870246.274874926,1.233475,1.525148,2.759573,353
1598870246.308929682,1.321145,2.626561,3.948936,351
1598870246.341362238,1.319736,1.646719,2.968515,351
1598870246.376299620,1.468047,4.911398,6.381155,351
1598870246.409707546,1.414656,3.597723,5.014839,350
1598870246.445521355,1.421587,3.227328,4.650995,347
1598870246.479038239,1.229594,2.545760,3.777004,347
1598870246.511005163,1.296426,1.511387,2.809973,347
1598870246.543549299,1.266975,2.995086,4.263731,344
1598870246.579269171,1.460797,1.529668,2.992285,343
1598870246.611633778,1.303456,1.914993,3.220129,343
1598870246.644782305,1.319656,1.468877,2.790463,341
1598870246.678913832,1.303736,1.428896,2.733842,340
1598870246.712956429,1.413816,2.820444,4.236370,340
1598870246.745490789,1.202304,1.757491,2.961275,340
1598870246.778691530,1.240614,4.372142,5.614236,338
1598870246.813036442,1.332206,3.923406,5.256772,338
1598870246.845062971,1.263875,3.037135,4.302700,338
1598870246.879927874,1.389246,2.761643,4.152569,336
1598870246.912611961,1.435807,1.531588,2.968975,362
1598870246.945309162,1.223495,2.723202,3.947707,362
1598870246.979863405,1.256515,1.541558,2.800123,362
1598870247.013903141,1.275396,1.977793,3.254829,361
1598870247.046787739,1.228774,1.489898,2.719612,361
1598870247.080331087,1.272904,1.483818,2.757753,359
1598870247.112980366,1.459457,2.539540,3.999867,357
1598870247.149278402,1.261565,1.579239,2.842014,356
1598870247.180888653,1.723750,5.218282,6.944122,353
1598870247.214118004,1.584769,4.631355,6.217864,351
1598870247.249568462,1.704380,3.231478,4.937838,343
1598870247.281961441,1.946713,3.969127,5.917360,343
1598870247.316555977,2.041474,1.768601,3.811785,342
1598870247.349541664,1.949704,2.895204,4.847238,337
1598870247.382471085,1.858262,1.691920,3.551162,335
1598870247.416715860,1.849022,1.996904,3.846746,341
1598870247.450866938,1.999644,1.528858,3.529312,341
1598870247.456462860,2.798553,1.056903,3.856276,341
1598870247.482263088,1.781701,1.862352,3.644993,338
1598870247.517004251,1.706230,1.333966,3.041736,336
1598870247.551152706,1.700690,6.013871,7.715421,335
1598870247.584923029,1.941373,4.825437,6.768600,334
1598870247.618224382,1.754461,3.217018,4.972659,338
1598870247.651261568,2.072274,3.990458,6.064292,336
1598870247.686120749,2.092194,2.022695,4.116399,335
1598870247.717372417,1.923793,2.204656,4.129539,333
1598870247.751169682,1.771991,2.381648,4.154539,346
1598870247.786639690,2.103345,2.334298,4.441523,344
1598870247.819637299,1.919463,1.537538,3.457931,341
1598870247.853220701,1.654529,1.373177,3.028976,341
1598870247.886259317,1.916233,2.952335,4.869708,337
1598870247.920845032,1.599129,1.620479,3.221038,335
1598870247.954546213,1.406727,5.234662,6.642389,334
1598870247.987641811,1.641470,4.877908,6.520768,332
1598870248.022515774,1.606669,3.165698,4.774897,364
1598870248.053970575,1.355656,3.777835,5.134891,363
1598870248.088191748,1.538629,1.972913,3.512772,361
1598870248.121513844,1.413927,2.699082,4.114209,358
1598870248.154953480,1.421417,2.318927,3.741894,356
1598870248.188760996,1.437537,2.032714,3.471671,354
1598870248.220895529,1.269615,1.895572,3.166117,351
1598870248.255993128,1.303716,1.478727,2.783843,347
1598870248.290021420,1.354646,1.725661,3.081547,343
1598870248.324861050,1.191824,1.530968,2.723812,339
1598870248.358404160,1.209514,4.602445,5.812689,336
1598870248.391092777,1.253065,5.345573,6.599908,332
1598870248.423947811,1.524518,3.232208,4.758686,331
1598870248.458249331,1.746120,3.921137,5.668667,327
1598870248.491250038,1.664130,1.598859,3.264649,350
1598870248.525226116,1.660129,2.137386,3.799005,346
1598870248.557789326,1.502098,2.907404,4.410862,339
1598870248.595595837,1.381946,1.825832,3.209118,337
1598870248.629666567,1.125874,1.861241,2.988555,334
1598870248.659914255,1.712270,1.984923,3.698443,330
1598870248.693204641,1.608149,1.810882,3.420551,371
1598870248.726945162,1.360056,1.474217,2.835693,369
1598870248.759134769,1.327536,4.007837,5.336503,368
1598870248.793756723,1.823202,4.795407,6.619939,365
1598870248.826786518,1.879632,3.247939,5.129101,362
1598870248.860037804,1.475027,4.450323,5.926390,358
1598870248.892634869,1.543658,1.388136,2.933604,355
1598870248.928523779,1.427447,2.332258,3.761045,354
1598870248.961011410,1.957774,2.066584,4.025518,351
1598870248.995455742,1.511398,1.751370,3.263418,350
1598870249.029233456,1.717410,1.975424,3.694184,349
1598870249.061084986,1.472507,3.810225,5.283982,349
1598870249.096615314,1.660900,1.713390,3.375570,349
1598870249.128867149,1.515608,1.681490,3.198278,349
1598870249.162245512,1.377946,3.402180,4.781196,348
1598870249.196578026,1.416057,4.643175,6.061022,345
1598870249.230266094,1.663230,3.372900,5.038360,345
1598870249.263751745,1.438477,4.252671,5.693308,344
1598870249.297655582,1.317676,1.473897,2.793493,344
1598870249.330504894,1.274685,2.479340,3.755245,343
1598870249.364030600,1.253764,1.936263,3.191517,340
1598870249.397449255,1.368217,1.451107,2.821244,340
1598870249.431754112,1.227665,1.477317,2.706322,340
1598870249.464681149,1.361656,3.699924,5.062920,339
1598870249.500667334,1.553689,1.600599,3.155858,338
1598870249.532400370,1.525009,1.629749,3.155948,337
1598870249.565965891,1.258105,3.590902,4.850377,336
1598870249.599617004,1.394207,4.102148,5.498085,335
1598870249.633408308,1.477847,3.297949,4.777036,334
1598870249.666603565,1.560508,4.147869,5.709697,331
1598870249.706822157,1.493457,1.406977,2.901674,365
1598870249.734194994,1.447637,2.627801,4.076268,364
1598870249.767415524,1.591058,1.812062,3.404340,363
1598870249.801110029,1.546778,1.452987,3.001175,359
1598870249.835541964,1.266745,1.964133,3.231908,359
1598870249.868323803,1.303025,3.398340,4.702445,357
1598870249.901318073,1.214945,1.599029,2.815494,354
1598870249.936277866,1.320896,1.643929,2.966165,354
1598870249.968484402,1.682430,3.290369,4.973799,354
1598870250.009290695,1.411436,3.787935,5.200681,352
1598870250.038698196,1.302645,3.176608,4.480793,352
1598870250.070230722,1.374706,4.651515,6.027601,352
1598870250.102553368,1.612299,2.331398,3.946197,352
1598870250.136660099,1.564428,2.360878,3.926976,351
1598870250.169795990,1.384467,1.927442,3.312829,351
1598870250.204345703,1.516888,1.747591,3.265129,349
1598870250.237639427,1.453797,1.422647,2.877304,349
1598870250.272873402,1.206905,3.162327,4.370272,349
1598870250.306019783,1.266335,1.452157,2.719692,349
1598870250.338420868,1.534068,1.624889,3.159637,349
1598870250.372704983,1.387206,3.168818,4.557314,349
1598870250.405525923,1.220944,3.369160,4.591554,349
1598870250.439765215,1.363067,2.985245,4.349762,349
1598870250.476031780,1.316806,4.270260,5.587876,348
1598870250.506992102,1.384426,2.279117,3.665593,348
1598870250.538698196,1.274245,2.187486,3.463031,348
1598870250.572481155,1.401146,1.850172,3.252828,348
1598870250.607799530,1.316326,1.357876,2.676142,348
1598870250.640532017,1.355686,1.365786,2.722582,348
1598870250.672652006,1.367656,3.803965,5.174041,348
1598870250.706293106,1.180784,1.440217,2.622411,348
1598870250.740303993,1.245905,1.614229,2.861604,348
1598870250.772648573,1.426526,3.465871,4.893927,348
1598870250.806165218,1.360346,3.249158,4.610944,348
1598870250.839830399,1.461847,2.975275,4.438552,348
1598870250.873247147,1.339026,4.207100,5.547756,348
1598870250.907843113,1.311955,2.180086,3.493601,348
1598870250.941105604,1.482257,2.337838,3.821665,348
1598870250.972750902,1.311945,1.891592,3.204748,348
1598870251.007305145,1.279955,1.460157,2.741392,348
1598870251.040164709,1.111794,1.515258,2.628242,348
1598870251.073908329,1.147603,3.070986,4.219659,348
1598870251.111551046,1.339766,1.460017,2.801463,348
1598870251.141148329,1.515148,1.727381,3.244829,348
1598870251.174989700,1.203464,3.340970,4.546034,348
1598870251.209338665,1.383006,3.285439,4.669925,348
1598870251.241564274,1.205355,2.886484,4.093319,348
1598870251.277249098,1.159384,4.104168,5.265112,348
1598870251.310882807,1.488868,1.926712,3.417090,348
1598870251.342813015,1.824951,2.283577,4.109428,348
1598870251.377128601,1.601039,1.896052,3.498471,348
1598870251.411372423,1.333965,1.501248,2.836654,348
1598870251.444686890,1.489557,1.373197,2.863944,348
1598870251.478384972,1.357317,3.299969,4.658376,348
1598870251.509911776,1.442517,1.481398,2.925135,348
1598870251.543670177,1.594249,1.633569,3.228768,348
1598870251.576909542,1.462577,3.342670,4.806357,348
1598870251.611590385,1.406587,3.286369,4.694306,348
1598870251.643702030,1.390087,2.830873,4.222150,348
1598870251.678333044,1.193605,4.215449,5.410294,348
1598870251.712044954,1.168564,1.993484,3.163988,348
1598870251.743290186,1.647880,2.314607,3.963977,346
1598870251.777486086,1.410237,1.940693,3.352230,345
1598870251.811008930,1.397006,1.739041,3.137127,345
1598870251.845979929,1.415127,1.475187,2.891454,345
1598870251.881162167,1.497548,2.983346,4.482014,345
1598870251.913126945,1.695680,1.499438,3.196358,345
1598870251.945902109,1.739211,1.574518,3.314689,345
1598870251.980220318,1.266195,3.363880,4.631305,345
1598870252.014418840,1.290425,3.141807,4.433462,345
1598870252.046289682,1.407027,2.971145,4.379812,345
1598870252.081731081,1.308866,4.387272,5.697668,345
1598870252.114716768,1.634350,2.090404,3.725724,345
1598870252.148180962,1.597279,2.430839,4.029218,344
1598870252.181572676,1.572658,1.803522,3.377550,344
1598870252.214338303,1.501368,1.563998,3.066276,343
1598870252.248742819,1.627440,1.597278,3.225458,343
1598870252.253859997,1.435637,2.933324,4.370101,343
1598870252.281464338,1.355715,1.470778,2.827743,343
1598870252.314998865,1.635959,1.454227,3.091246,343
1598870252.349593163,1.539149,3.503961,5.044100,343
1598870252.383904696,1.612329,3.203318,4.817277,343
1598870252.418568850,1.572939,2.837863,4.411872,343
1598870252.450024128,1.522208,4.205570,5.729078,343
1598870252.484051704,1.558879,1.904492,3.464631,343
1598870252.518038273,1.514478,2.220176,3.735554,343
1598870252.551059723,1.489618,1.730100,3.220838,343
1598870252.584634304,1.328826,1.497878,2.827514,343
1598870252.617755175,1.590039,1.458447,3.049276,342
1598870252.651613712,1.320745,2.747143,4.068928,342
1598870252.684977293,1.660069,1.901293,3.562862,342
1598870252.719031572,1.906543,1.783441,3.692274,342
1598870252.751466513,1.680310,3.565152,5.246482,342
1598870252.786079407,1.662890,3.076786,4.740576,342
1598870252.820579529,1.745661,2.940595,4.687176,342
1598870252.854190350,1.740710,4.205470,5.947100,342
1598870252.885545015,1.687210,1.593998,3.282868,342
1598870252.927567005,1.733751,2.581331,4.316462,342
1598870252.954665661,1.709200,1.783131,3.493581,342
1598870252.987898827,1.412607,1.480267,2.894394,342
1598870253.023016214,1.340866,1.447637,2.790173,342
1598870253.055928946,1.300426,2.822923,4.124839,342
1598870253.088576794,1.413787,1.508167,2.923614,342
1598870253.123230219,1.471017,1.797651,3.269688,342
1598870253.155896664,1.295395,3.772704,5.068869,342
1598870253.189624786,1.593048,3.715354,5.310082,342
1598870253.222414970,1.325336,2.932994,4.259740,341
1598870253.256034851,1.329256,4.262010,5.592546,341
1598870253.290813208,1.203394,1.486158,2.690902,341
1598870253.322915077,1.241595,2.741162,3.983487,341
1598870253.357155561,1.068673,1.738281,2.808414,341
1598870253.392002344,1.321545,1.741231,3.063776,341
1598870253.424617529,1.366356,1.482718,2.850464,341
1598870253.458353519,1.375776,2.879324,4.256850,341
1598870253.490984678,1.402487,1.538208,2.942075,341
1598870253.525039911,1.420007,1.811781,3.233008,341
1598870253.558254004,1.422317,3.308589,4.731806,341
1598870253.592016459,1.562668,3.185398,4.749797,341
1598870253.625586987,1.403737,2.943194,4.348411,341
1598870253.659307718,1.393266,4.337532,5.732008,341
1598870253.693023682,1.575408,1.524538,3.101186,341
1598870253.726291418,1.424177,2.284167,3.709474,341
1598870253.759889126,1.370526,2.251857,3.623733,341
1598870253.793253422,1.194694,1.673930,2.870054,341
1598870253.826404333,1.410437,1.361656,2.772963,341
1598870253.859268427,1.151194,2.993975,4.146709,341
1598870253.894995928,1.136564,1.457447,2.595451,341
1598870253.927910805,1.180594,1.713430,2.895234,341
1598870253.960516691,1.122804,3.187657,4.311691,341
1598870253.993956327,1.166173,2.611711,3.778864,341
1598870254.029106855,1.109553,2.769683,3.880576,341
1598870254.062659264,1.160863,4.092209,5.254652,341
1598870254.095387459,1.142354,1.360606,2.505140,341
1598870254.130832434,1.170124,2.132576,3.304310,341
1598870254.162286997,1.243275,2.073944,3.318359,341
1598870254.196947336,1.261384,1.652300,2.914904,341
1598870254.231263638,1.122033,1.379846,2.502909,341
1598870254.263360977,1.152144,2.601930,3.755054,341
1598870254.296981573,1.261705,1.377156,2.640501,341
1598870254.331191540,1.683260,2.094425,3.779005,341
1598870254.363991499,1.705030,3.596652,5.304422,341
1598870254.398409605,1.881892,2.919294,4.802776,341
1598870254.431871176,1.644379,3.038346,4.684395,341
1598870254.465433121,1.634989,4.313111,5.949880,341
1598870254.503495693,1.721160,1.494628,3.217468,341
1598870254.532765388,1.632270,2.518780,4.152270,341
1598870254.565989494,1.552078,1.938033,3.491231,341
1598870254.599812984,1.417997,1.843252,3.262859,341
1598870254.633166790,1.394907,1.509277,2.904754,341
1598870254.667675495,1.185314,2.755103,3.941287,341
1598870254.701027155,1.371136,1.518128,2.890334,341
1598870254.733706951,1.149443,1.463467,2.613831,341
1598870254.767328262,1.063162,3.525072,4.588864,341
1598870254.809706450,1.305775,3.362850,4.669765,341
1598870254.834714890,1.176024,3.085167,4.262781,340
1598870254.868366241,1.330776,4.478633,5.810929,340
1598870254.902280331,1.221135,1.998303,3.220698,340
1598870254.936265230,1.320286,2.624271,3.945877,340
1598870254.969876528,1.349556,1.971223,3.323139,340
1598870255.002503633,1.360156,1.915623,3.277279,340
1598870255.035598278,1.237745,1.467907,2.707312,340
1598870255.070581436,1.315406,2.771063,4.087789,340
1598870255.103280783,1.109793,1.450417,2.561610,340
1598870255.136520863,1.100743,1.503747,2.606350,340
1598870255.170206070,1.338596,3.427300,4.766996,340
1598870255.206251621,1.340416,4.095388,5.438024,340
1598870255.237292767,1.622930,3.346669,4.971279,340
1598870255.271541119,1.404126,4.727186,6.132532,340
1598870255.304583549,1.700160,2.294107,3.996257,340
1598870255.338265896,1.295125,2.772893,4.069388,340
1598870255.372362852,1.276185,1.747061,3.025196,340
1598870255.406340599,1.207084,1.893583,3.102157,340
1598870255.440312862,1.208785,1.511097,2.720892,340
1598870255.473103046,1.083722,3.169768,4.254870,340
1598870255.507937431,1.427817,1.542709,2.971816,339
1598870255.542177916,1.336366,1.545598,2.882864,339
1598870255.574484825,1.287735,3.383420,4.672125,339
1598870255.607740402,1.443767,4.266130,5.711387,339
1598870255.640585661,1.383896,3.183208,4.568074,339
1598870255.674211740,1.239264,4.783637,6.025041,339
1598870255.709032774,1.555808,2.044244,3.601682,339
1598870255.741323948,1.290375,2.138905,3.430850,339
1598870255.773728848,1.111303,1.570038,2.682761,339
1598870255.809109926,1.401797,1.860052,3.263049,339
1598870255.840457916,1.434927,1.441147,2.877354,338
1598870255.873570919,1.370106,2.829873,4.200879,338
1598870255.907761574,1.467057,1.461227,2.929594,338
1598870255.941114426,1.400797,1.618779,3.020706,338
1598870255.974202633,1.258805,3.433080,4.693835,338
1598870256.006926537,1.321436,3.743414,5.066240,338
1598870256.039537191,1.274435,3.346840,4.622475,338
1598870256.074347019,1.146934,4.674645,5.822949,338
1598870256.106662273,1.273535,2.235897,3.511122,338
1598870256.147208214,1.321445,1.964674,3.287149,338
1598870256.173983335,1.142994,1.750351,2.894435,338
1598870256.207509995,1.415897,1.764301,3.181878,337
1598870256.241852045,1.461687,1.484368,2.947195,337
1598870256.272733688,1.303186,2.687142,3.991548,337
1598870256.309677839,1.168194,1.406537,2.576061,337
1598870256.340147495,1.406666,1.578929,2.986995,337
1598870256.373636007,1.401417,3.933016,5.336333,337
1598870256.408834696,1.182604,4.091638,5.275702,337
1598870256.441472054,1.439597,3.365770,4.806897,337
1598870256.473568916,1.409466,4.854458,6.265375,337
1598870256.506788969,1.416927,2.230196,3.648763,337
1598870256.540794849,1.419367,1.961033,3.381960,337
1598870256.573647738,1.408707,1.781931,3.192238,337
1598870256.606976986,1.322856,1.743360,3.067746,337
1598870256.639769077,1.256505,1.498147,2.755342,337
1598870256.681432724,1.195204,2.783912,3.980427,337
1598870256.705892563,1.514308,1.494278,3.009886,336
1598870256.739980936,1.372756,1.696330,3.069886,336
1598870256.773152113,1.169894,3.233428,4.404572,336
1598870256.807686806,1.542428,4.475703,6.019631,336
1598870256.841123343,1.500588,3.285259,4.787617,336
1598870256.874234200,1.443517,4.669225,6.114072,336
1598870256.908294678,1.423017,2.303267,3.727914,336
1598870256.940976143,1.320466,1.993883,3.315619,336
1598870256.973621368,1.392486,1.767361,3.161097,336
1598870257.006914377,1.512808,1.824522,3.338780,336
1598870257.042343378,1.459377,1.645880,3.106087,335
1598870257.073328733,1.523388,3.011005,4.535583,335
1598870257.107142448,1.344276,1.505078,2.850984,335
1598870257.145429611,1.447487,1.715581,3.164798,335
1598870257.173771620,1.236845,3.262229,4.500524,335
1598870257.207411051,1.393027,3.858255,5.252172,335
1598870257.240587473,1.274755,3.162527,4.438762,334
1598870257.275501728,1.448597,4.734666,6.184863,334
1598870257.308050632,1.289906,2.229586,3.520922,334
1598870257.339060307,1.225735,2.042224,3.269489,334
1598870257.374345541,1.207884,1.794121,3.003835,334
1598870257.408502817,1.426997,1.807552,3.235939,334
1598870257.443682671,1.335715,1.642470,2.979695,334
1598870257.475251913,1.292575,2.716682,4.010177,334
1598870257.510145903,1.132554,1.473727,2.607771,333
1598870257.541012764,1.193634,1.626759,2.821553,333
1598870257.577264071,1.177954,3.318869,4.498053,333
1598870257.609854460,1.350256,3.740424,5.091490,333
1598870257.643279314,1.273755,3.176498,4.451543,333
1598870257.673702002,1.246094,4.745956,5.993390,333
1598870257.706950665,1.400846,2.210786,3.613192,332
1598870257.742200136,1.391606,2.004074,3.396790,368
1598870257.775441408,1.215124,1.806012,3.022446,368
1598870257.808996201,1.411097,1.830232,3.242099,368
1598870257.843077660,1.258955,1.719100,2.979595,368
1598870257.874881268,1.261275,2.736983,3.999298,368
1598870257.908780813,1.246455,1.508048,2.755713,368
1598870257.949467421,1.226065,1.579658,2.806823,368
1598870257.977557659,1.451127,3.463831,4.918348,368
1598870258.009882212,1.357307,3.771704,5.130261,368
1598870258.043361187,1.449957,3.244039,4.696436,368
1598870258.076836348,1.210644,4.646295,5.858619,368
1598870258.110720873,1.423827,3.174337,4.599154,367
1598870258.143728971,1.266685,1.992103,3.263798,367
1598870258.180644035,1.381046,1.787911,3.170437,367
1598870258.210339546,1.240975,1.809182,3.051267,367
1598870258.245442629,1.272845,1.658140,2.931995,366
1598870258.278759480,1.406757,2.582080,3.990117,366
1598870258.311640024,1.329345,1.540979,2.870964,366
1598870258.344839334,1.308135,1.559609,2.868904,366
1598870258.378752470,1.216035,3.542482,4.759677,366
1598870258.411832333,1.307805,3.169758,4.478733,366
1598870258.446001291,1.279255,3.120137,4.400482,366
1598870258.479318619,1.098703,4.456213,5.556246,366
1598870258.511288404,1.374087,2.704611,4.080278,366
1598870258.545054674,1.234874,2.015554,3.251578,366
1598870258.578256369,1.420517,1.991193,3.413080,366
1598870258.610042334,1.582128,1.443657,3.027035,366
1598870258.645416975,1.373357,1.617759,2.992396,364
1598870258.678158283,1.404707,2.688372,4.094159,364
1598870258.711833477,1.309196,1.654380,2.964316,362
1598870258.745320082,1.298596,1.524248,2.824184,361
1598870258.778927565,1.209324,3.278049,4.488283,361
1598870258.812325239,1.271045,3.213378,4.485683,361
1598870258.844889164,1.211174,2.899895,4.112159,361
1598870258.878172636,1.197934,4.409982,5.609356,361
1598870258.911546230,1.264535,2.624741,3.890366,361
1598870258.944547892,1.237975,2.292517,3.531812,361
1598870258.979094505,1.226894,1.804822,3.032446,360
1598870259.011231661,1.166414,1.475147,2.642601,360
1598870259.044738531,1.499558,1.592459,3.095327,360
1598870259.078417540,1.320406,2.729262,4.050858,360
1598870259.111004353,1.534498,1.675400,3.211078,359
1598870259.146076679,1.575649,1.504788,3.081357,357
1598870259.177793264,1.570648,3.338050,4.910128,357
1598870259.211422920,1.259775,3.091387,4.352442,356
1598870259.244815826,1.226934,3.006156,4.234370,354
1598870259.285712481,1.159884,4.112159,5.273363,354
1598870259.311567545,1.364087,3.203547,4.568934,353
1598870259.346292257,1.299016,2.132405,3.432581,352
1598870259.379652023,1.193704,1.710590,2.905704,352
1598870259.411328554,1.230495,1.378206,2.609961,352
1598870259.445760727,1.167944,1.378246,2.546870,352
1598870259.478588820,1.356996,2.861824,4.220131,352
1598870259.511808157,1.242574,1.605599,2.849573,352
1598870259.545895576,1.265375,1.454527,2.720822,352
1598870259.580940723,1.312766,3.334670,4.649026,352
1598870259.612824678,1.439687,3.142437,4.584614,352
1598870259.645348310,1.315856,2.914734,4.231790,352
1598870259.678923130,1.173934,4.101408,5.276582,352
1598870259.684294462,1.234395,2.986365,4.222080,352
1598870259.712781906,1.368846,2.186656,3.556692,352
1598870259.746643305,1.206245,2.057694,3.265099,352
1598870259.780796051,1.309135,1.413847,2.724452,351
1598870259.813053608,1.356207,1.462377,2.819604,351
1598870259.848909616,1.288696,2.846993,4.136499,348
1598870259.881093025,1.283855,1.618079,2.903344,346
1598870259.914634943,1.426467,1.646129,3.075336,344
1598870259.948525190,1.179124,3.137587,4.317741,344
1598870259.982366323,1.229865,2.931465,4.162850,344
1598870260.017185211,1.347326,2.979385,4.328011,341
1598870260.049196005,1.255255,3.747034,5.003509,340
1598870260.081711292,1.223584,2.976876,4.201940,339
1598870260.115587950,1.331546,2.365418,3.698204,338
1598870260.149426699,1.084123,1.738531,2.824014,338
1598870260.182495117,1.350016,1.428617,2.779873,337
1598870260.215213060,1.408617,1.435277,2.845344,335
1598870260.249744892,1.350316,2.633491,3.985187,375
1598870260.281551600,1.538258,1.696700,3.236088,362
1598870260.316737890,1.248985,1.482137,2.732222,360
1598870260.349500895,1.073243,3.171738,4.245661,360
1598870260.382167339,1.312586,2.781703,4.095429,359
1598870260.415766478,1.383677,2.736132,4.121439,359
1598870260.449658632,1.326056,3.564312,4.891358,359
1598870260.482031345,1.262894,2.865504,4.130518,358
1598870260.515214682,1.144674,2.181306,3.327260,358
1598870260.548695087,1.152294,1.700730,2.854094,357
1598870260.582271338,1.493777,1.383486,2.878103,356
1598870260.615337372,1.143714,2.835053,3.979987,355
1598870260.649248838,1.175744,2.565050,3.741684,355
1598870260.682684660,1.338566,1.485777,2.825383,354
1598870260.714950800,1.179294,1.449997,2.630671,352
1598870260.749448061,1.048532,3.112957,4.162339,349
1598870260.781926870,1.207424,2.528080,3.736624,349
1598870260.815228701,1.277135,2.584460,3.862655,348
1598870260.849144697,1.153803,3.078287,4.233270,347
1598870260.882413864,1.166294,2.708702,3.876966,346
1598870260.915432930,1.307235,2.532950,3.841615,343
1598870260.949524641,1.227355,1.425166,2.653501,339
1598870260.982040644,1.177674,1.434817,2.613631,339
1598870261.016834974,1.378537,2.712042,4.091779,339
1598870261.050185204,1.378966,2.412029,3.792245,338
1598870261.082049847,1.200065,1.648939,2.851974,338
1598870261.115451097,1.181884,1.540178,2.723382,337
1598870261.150835276,1.210054,3.193618,4.404642,336
1598870261.182800531,1.339625,2.971966,4.312761,336
1598870261.214799166,1.161114,3.051086,4.213600,336
1598870261.249691725,1.305745,3.175058,4.482773,336
1598870261.282066822,1.142603,2.761843,3.906406,334
1598870261.315210581,1.488487,2.400929,3.890476,332
1598870261.350384951,1.210965,1.486607,2.699032,372
1598870261.382748842,1.437557,1.828442,3.267329,372
1598870261.414963007,1.201844,2.750173,3.952967,372
1598870261.449233055,1.230945,1.761391,2.993406,370
1598870261.482801437,1.471828,1.605899,3.079427,370
1598870261.515944958,1.352976,1.541609,2.895645,369
1598870261.549010515,1.100903,3.146367,4.248190,367
1598870261.582636595,1.343596,3.203838,4.549284,365
1598870261.615516424,1.309955,2.952965,4.264270,363
1598870261.649658918,1.429917,3.354980,4.785997,363
1598870261.682657719,1.668499,2.778723,4.448822,363
1598870261.715486050,1.386137,3.949276,5.336973,362
1598870261.749304295,1.358017,1.975283,3.335340,358
1598870261.782429695,1.388466,1.580309,2.970775,358
1598870261.815277815,1.300466,2.557360,3.859356,358
1598870261.849302769,1.251265,1.544598,2.797373,358
1598870261.881933928,1.337396,1.541018,2.879274,356
1598870261.915989876,1.324385,1.511868,2.837033,353
1598870261.950187206,1.080622,3.100957,4.182109,353
1598870261.981946945,1.423197,3.311899,4.736986,353
1598870262.015296936,1.232584,3.026616,4.260400,353
1598870262.049237728,1.527119,3.462721,4.991510,350
1598870262.083633661,1.478958,2.649421,4.129389,350
1598870262.115410566,1.565939,3.517962,5.085351,350
1598870262.148367167,1.321966,1.549688,2.873114,348
1598870262.182477951,1.183394,1.552708,2.737512,347
1598870262.215782881,1.166764,2.460439,3.628073,346
1598870262.249378681,1.369666,1.495797,2.867093,344
1598870262.283247471,1.227184,1.553769,2.782193,344
1598870262.315771341,1.322186,1.531178,2.854744,343
1598870262.349427700,1.302676,3.313749,4.616985,343
1598870262.382821798,1.158833,3.518742,4.679425,342
1598870262.416030645,1.234484,3.393631,4.629655,341
1598870262.449494362,1.249165,3.478221,4.729166,341
1598870262.483110428,1.308706,2.448449,3.758485,341
1598870262.516434669,1.281006,3.272948,4.555114,340
1598870262.550031662,1.278135,1.529258,2.808673,339
1598870262.583451509,1.203394,1.487208,2.691842,338
1598870262.615748644,1.257254,2.356798,3.615202,338
1598870262.649849653,1.312585,1.470288,2.784173,336
1598870262.682376862,1.212074,1.646529,2.859623,335
1598870262.715875149,1.096353,1.924353,3.021616,335
1598870262.750053167,1.378636,3.306379,4.685985,334
1598870262.782326937,1.227234,3.916016,5.144620,362
1598870262.815447807,1.373097,3.112076,4.486553,362
1598870262.849417448,1.348286,3.956057,5.305873,362
1598870262.882114410,1.319975,2.409729,3.731434,359
1598870262.915560722,1.378117,3.251558,4.631165,357
1598870262.949816704,1.370756,1.990574,3.363080,357
1598870262.983413696,1.475508,1.618659,3.095807,357
1598870263.016060352,1.330476,2.489609,3.821265,356
1598870263.049447060,1.146083,1.529708,2.677221,355
1598870263.083013535,1.598419,1.753931,3.353410,355
1598870263.118146420,1.568958,1.906253,3.476471,355
1598870263.151800871,1.944243,4.816757,6.762131,354
1598870263.185078621,1.749040,4.215510,5.966070,354
1598870263.220638752,1.699740,3.212398,4.914648,354
1598870263.253430605,1.450757,4.161870,5.614397,354
1598870263.286214113,1.446867,2.599271,4.047798,353
1598870263.320182800,1.613789,3.063076,4.678335,351
1598870263.353867054,1.401147,1.889312,3.291809,351
1598870263.386821985,1.571698,1.336046,2.908634,351
1598870263.419958353,1.352636,2.912394,4.266660,347
1598870263.454438925,1.312366,1.661419,2.975205,345
1598870263.485395193,1.251125,1.700120,2.952655,345
1598870263.519306660,1.326305,2.404639,3.732694,342
1598870263.551798105,1.196954,3.912346,5.110340,341
1598870263.586622000,1.408387,4.181999,5.591796,337
1598870263.620643377,1.308056,3.170867,4.480443,337
1598870263.653889894,1.236715,3.938157,5.176112,335
1598870263.687204361,1.477908,2.974765,4.453833,334
1598870263.718969584,1.729640,2.971905,4.703285,332
1598870263.753430128,1.582168,2.337478,3.921066,347
1598870263.787108183,1.201654,1.554758,2.757922,346
1598870263.819799423,1.316735,2.479029,3.796834,344
1598870263.860351801,1.222554,1.482338,2.706222,344
1598870263.888425350,1.154194,1.427887,2.582721,344
1598870263.921283484,1.324396,1.828781,3.155197,343
1598870263.953183889,1.201705,3.567942,4.770537,341
1598870263.987658024,1.222815,4.090998,5.314903,339
1598870264.020776272,1.179754,3.053616,4.234460,338
1598870264.052948713,1.224344,3.930687,5.156091,338
1598870264.088656187,1.364496,2.395578,3.761174,336
1598870264.121024132,1.535808,3.330860,4.868538,333
1598870264.154329777,1.407486,2.343088,3.751894,368
1598870264.187860012,1.355456,1.379256,2.735992,367
1598870264.220223427,1.536968,2.723292,4.263230,364
1598870264.253761292,1.316596,1.490157,2.807863,364
1598870264.287527323,1.193144,1.512178,2.706202,360
1598870264.320380211,1.291115,2.017684,3.309799,358
1598870264.353450775,1.240665,3.329919,4.571644,357
1598870264.388299942,1.239534,4.071179,5.311923,357
1598870264.421100378,1.231445,3.172327,4.405002,357
1598870264.454277992,1.247215,3.847105,5.097220,356
1598870264.487966776,1.260476,2.603440,3.865236,355
1598870264.520751476,1.481217,4.249640,5.732247,353
1598870264.553626537,1.261265,2.425549,3.687724,352
1598870264.586642504,1.189724,1.689660,2.880574,352
1598870264.620607615,2.089325,2.219126,4.313061,349
1598870264.654983044,1.811721,1.549738,3.362819,349
1598870264.686811924,1.782541,1.689370,3.472411,348
1598870264.720801592,1.741951,1.857462,3.600243,348
1598870264.753780127,1.451247,3.469341,4.922968,347
1598870264.788305759,1.232164,4.384122,5.617646,347
1598870264.820710421,1.497478,3.084796,4.583724,347
1598870264.852674246,1.347296,3.901426,5.249982,346
1598870264.886928320,1.462818,2.668661,4.132419,346
1598870264.920241594,1.262225,4.068538,5.332153,344
1598870264.954130650,1.438217,2.593821,4.033488,343
1598870264.987724781,1.502778,1.791601,3.295459,343
1598870265.020282269,1.829172,1.825781,3.656263,341
1598870265.052868366,1.639119,1.782581,3.423000,339
1598870265.086476088,1.477938,1.674729,3.153937,338
1598870265.120077610,1.243715,1.577089,2.822464,336
1598870265.153497696,1.162844,3.436931,4.601135,335
1598870265.187637091,1.290825,4.258010,5.550205,335
1598870265.220679998,1.342586,3.160447,4.504293,333
1598870265.254939318,1.200215,3.795335,4.996640,333
1598870265.287050486,1.648729,2.373518,4.023337,331
1598870265.320329189,1.656649,3.841766,5.500565,371
1598870265.354470730,1.613389,2.600691,4.215530,370
1598870265.386471987,1.671520,1.873292,3.545882,369
1598870265.420674324,1.325416,1.533968,2.860324,367
1598870265.453453779,1.370876,1.682440,3.054506,364
1598870265.487351179,1.478587,1.504298,2.984205,363
1598870265.520615816,1.278546,1.499367,2.779443,361
1598870265.553539753,1.283726,3.563462,4.848178,360
1598870265.587771416,1.382156,4.009618,5.393154,357
1598870265.621903658,1.271965,3.078416,4.351511,354
1598870265.654967546,1.320525,3.679644,5.001129,354
1598870265.687581539,1.535898,3.856606,5.394094,354
1598870265.720578671,1.319776,3.288029,4.609015,351
1598870265.753840923,1.353676,2.441609,3.796635,350
1598870265.787733555,1.440707,1.880442,3.322559,344
1598870265.820820808,1.433767,1.501978,2.936645,343
1598870265.854778528,1.372017,1.687269,3.060076,343
1598870265.887103796,1.499518,1.624039,3.124577,343
1598870265.920413733,1.409817,1.749070,3.159847,343
1598870265.953291416,1.256515,3.288709,4.547294,343
1598870265.986885548,1.402697,3.557672,4.961699,343
1598870266.020534039,1.278175,2.872964,4.152369,343
1598870266.054439306,1.276226,3.340399,4.618055,343
1598870266.087812185,1.244695,3.824435,5.070520,343
1598870266.120699644,1.268985,2.825053,4.095508,343
1598870266.153871298,1.321856,2.463869,3.786685,343
1598870266.187773705,1.168614,1.862062,3.032816,343
1598870266.221014261,1.219524,1.543998,2.766222,343
1598870266.255162239,1.234795,1.554478,2.790193,343
1598870266.287272692,1.171314,1.527878,2.700052,343
1598870266.320885181,1.200234,1.542848,2.744192,343
1598870266.355703831,1.264795,3.308199,4.574144,343
1598870266.387285233,1.185874,3.269359,4.456303,343
1598870266.420325279,1.294375,2.790633,4.086428,343
1598870266.454568386,1.276955,3.174807,4.452942,343
1598870266.487298727,1.225245,3.445690,4.672685,343
1598870266.521227360,1.497188,2.906134,4.404812,343
1598870266.555426121,1.573508,2.428279,4.002937,343
1598870266.587239742,1.242735,1.789981,3.034036,343
1598870266.620654821,1.198254,1.386666,2.585900,343
1598870266.655044079,1.267865,1.316596,2.585121,343
1598870266.687718153,1.292556,1.313485,2.606931,343
1598870266.721133232,1.231465,1.287305,2.520090,343
1598870266.754129410,1.161433,3.893016,5.055319,343
1598870266.788837194,1.154074,3.569632,4.724926,343
1598870266.821099281,1.286246,2.839673,4.127469,343
1598870266.861493111,1.220504,3.258919,4.480383,343
1598870266.888677835,1.172454,3.530492,4.704126,343
1598870266.920834780,1.265895,2.876594,4.144099,343
1598870266.953758478,1.244405,2.414089,3.659544,343
1598870266.988525391,1.580458,2.488580,4.071218,343
1598870267.020577192,1.364916,1.548978,2.915834,343
1598870267.054065228,1.576779,1.590369,3.168878,343
1598870267.087427616,1.219874,1.548948,2.769982,343
1598870267.120643616,1.270335,1.562409,2.834194,343
1598870267.153905153,1.395536,3.135897,4.532673,343
1598870267.188521385,1.200395,3.066266,4.268111,343
1598870267.221068144,1.318955,2.823203,4.143528,343
1598870267.257082462,1.326156,3.400030,4.727776,343
1598870267.286786079,1.240435,3.717124,4.959239,343
1598870267.321821451,1.156903,2.981426,4.139809,343
1598870267.354156971,1.167204,2.392898,3.561092,343
1598870267.388406515,1.231875,2.343378,3.576833,343
1598870267.421692610,1.293866,1.572498,2.867724,343
1598870267.464075089,1.494988,1.593899,3.090767,343
1598870267.490288496,1.220845,1.592638,2.815003,343
1598870267.522075891,1.148624,1.614669,2.764363,343
1598870267.554841280,1.135943,3.665354,4.802657,343
1598870267.588708639,1.417236,4.698976,6.119232,343
1598870267.621543646,1.217604,2.926555,4.147559,343
1598870267.653639555,1.329576,3.304349,4.635325,343
1598870267.686440706,1.168614,3.466561,4.636645,343
1598870267.720023870,1.303865,2.965305,4.270470,343
1598870267.753546953,1.163514,2.415659,3.580503,343
1598870267.787676573,1.239075,2.361838,3.602213,343
1598870267.821153641,1.389006,1.574388,2.964665,343
1598870267.854129314,1.216094,1.671930,2.888784,343
1598870267.888243198,1.242205,1.702400,2.946305,343
1598870267.921876907,1.323255,1.579579,2.904335,343
1598870267.955480814,1.135423,3.072797,4.209360,343
1598870267.988382816,1.202514,3.080027,4.284111,343
1598870268.021576166,1.306535,2.778933,4.086738,343
1598870268.055454731,1.226145,3.194417,4.421562,343
1598870268.087625265,1.206964,3.441021,4.649455,343
1598870268.120878220,1.407376,3.029036,4.438702,343
1598870268.154642582,1.144213,2.446139,3.591452,343
1598870268.187705040,1.073843,2.357767,3.432830,342
1598870268.220914125,1.311185,1.615919,2.928234,342
1598870268.254163742,1.140163,1.630489,2.771492,342
1598870268.288885593,1.171193,1.572899,2.745102,342
1598870268.320918798,1.321576,1.572878,2.895204,342
1598870268.355355740,1.178524,3.008906,4.188630,342
1598870268.387005329,1.298256,3.172337,4.471633,342
1598870268.422375202,1.178234,2.849713,4.029017,342
1598870268.453710079,1.182244,3.234738,4.418322,342
1598870268.488440990,1.264295,3.323879,4.589354,342
1598870268.521726847,1.409546,2.892864,4.303840,342
1598870268.554537296,1.181975,2.351147,3.534452,342
1598870268.588732243,1.296165,2.602801,3.900286,342
1598870268.621086359,1.422577,1.601769,3.025846,342
1598870268.654600859,1.053553,1.584809,2.639862,342
1598870268.687927485,1.174894,1.556298,2.732892,342
1598870268.721076727,1.412647,1.574699,2.988326,342
1598870268.762862682,1.253145,3.002355,4.256130,342
1598870268.788055182,1.239544,3.000736,4.241800,342
1598870268.821300030,1.387596,2.736852,4.126118,342
1598870268.857287169,1.693970,3.454391,5.149441,342
1598870268.895242214,1.541168,3.226568,4.770246,342
1598870268.922037840,1.327906,2.672192,4.001348,342
1598870268.955385685,1.233714,2.276317,3.511191,342
1598870268.988418818,1.213485,2.178285,3.392850,342
1598870269.021996498,1.197054,1.569249,2.767643,342
1598870269.054261684,1.207394,1.653610,2.862424,342
1598870269.088319063,1.245104,1.636410,2.883154,342
1598870269.121189356,1.095784,1.623409,2.720873,342
1598870269.154324532,1.133333,2.982505,4.116938,342
1598870269.188222885,1.304216,2.986775,4.292671,342
1598870269.221576214,1.218615,2.797413,4.017628,342
1598870269.256050587,1.183884,3.227898,4.413032,342
1598870269.288020134,1.162044,3.363070,4.526554,342
1598870269.322203875,1.216574,2.893765,4.112459,342
1598870269.354247808,1.174054,2.321327,3.496841,342
1598870269.387757063,1.200734,1.856432,3.058446,342
1598870269.423036337,1.170214,1.550499,2.721873,342
1598870269.454470396,1.209544,1.538668,2.749082,342
1598870269.487706661,1.078753,1.552689,2.632192,342
1598870269.521359921,1.193325,1.511287,2.705432,342
1598870269.554903030,1.189094,3.010946,4.200900,342
1598870269.588065147,1.459097,2.988705,4.449132,342
1598870269.621445417,1.197114,2.758163,3.956317,342
1598870269.655373812,1.237185,3.180097,4.418512,342
1598870269.687349796,1.226775,3.244808,4.473383,342
1598870269.721457720,1.186943,2.724303,3.912447,342
1598870269.760296106,1.191044,2.239207,3.431171,342
1598870269.789539099,1.356447,1.923622,3.281839,342
1598870269.821799994,1.129973,1.532458,2.663341,342
1598870269.855146885,1.287925,1.573888,2.862913,342
1598870269.887667656,1.244964,1.545869,2.792113,342
1598870269.920592546,1.244215,1.672600,2.918485,342
1598870269.960824013,1.323505,3.096497,4.421852,342
1598870269.988064528,1.416977,2.928294,4.346941,342
1598870270.021148205,1.269335,3.044336,4.315191,342
1598870270.054197788,1.305375,3.425341,4.732206,342
1598870270.090129614,1.192124,3.345300,4.538604,342
1598870270.120930672,1.209505,2.837103,4.047998,342
1598870270.154281139,1.321205,2.388079,3.710604,342
1598870270.190236568,1.314295,1.610949,2.926424,342
1598870270.221700907,1.173494,1.581089,2.755713,342
1598870270.255530119,1.217394,1.583989,2.802183,342
1598870270.288845539,1.117953,1.588708,2.707581,342
1598870270.321995258,1.157873,1.756561,2.915194,342
1598870270.356228352,1.215775,3.203958,4.420913,342
1598870270.388620853,1.383307,2.970435,4.355472,342
1598870270.422202826,1.206314,2.927085,4.134879,342
1598870270.455285788,1.257275,3.502241,4.760886,342
1598870270.488965988,1.326405,3.298859,4.626694,342
1598870270.522784948,1.189924,2.938745,4.129849,342
1598870270.556494713,1.321255,2.309418,3.631673,342
1598870270.588974476,1.222084,1.552519,2.775753,342
1598870270.620971680,1.229945,1.486407,2.717212,342
1598870270.655539513,1.374176,1.474498,2.849744,342
1598870270.688996077,1.174634,1.401066,2.576780,342
1598870270.724245310,1.238805,1.593919,2.834454,342
1598870270.757434368,1.268495,3.319479,4.589215,342
1598870270.789307833,1.214944,3.625343,4.841367,342
1598870270.822528601,1.506338,3.172158,4.680646,342
1598870270.855371237,1.454187,3.590393,5.045760,342
1598870270.888657808,1.287535,3.400971,4.689976,342
1598870270.921638489,1.246825,3.068366,4.316511,342
1598870270.954961777,1.215615,2.530259,3.747924,342
1598870270.988248825,1.306066,1.598679,2.907405,342
1598870271.022292376,1.325895,2.045485,3.372590,342
1598870271.055101395,1.313776,1.741531,3.056977,342
1598870271.089277267,1.223664,1.584579,2.809584,342
1598870271.122081518,1.357466,1.569048,2.927874,342
1598870271.154322386,1.293696,3.097946,4.392332,342
1598870271.189569473,1.244265,3.651963,4.897328,342
1598870271.222035885,1.321636,3.187007,4.509983,342
1598870271.255455017,1.361056,3.790475,5.152901,342
1598870271.289762259,1.256154,3.606673,4.865478,342
1598870271.322024345,1.305555,3.098307,4.405512,342
1598870271.353850365,1.079223,2.437489,3.518152,342
1598870271.388486862,1.236075,1.541538,2.778973,342
1598870271.421289444,1.291755,2.028394,3.321239,342
1598870271.455133915,1.182874,1.717610,2.902074,342
1598870271.489500999,1.187484,1.581288,2.769822,342
1598870271.522252083,1.172024,1.577808,2.750692,342
1598870271.556567907,1.235285,3.072576,4.308421,342
1598870271.589373589,1.261305,3.929966,5.193801,342
1598870271.621632099,1.284545,3.200248,4.486323,342
1598870271.655414820,1.133923,3.653024,4.788337,342
1598870271.691372156,1.189254,3.370200,4.560994,342
1598870271.722838402,1.205365,3.155997,4.363612,342
1598870271.755457640,1.150254,2.436239,3.588293,342
1598870271.789061308,1.205334,1.550598,2.757822,342
1598870271.822184563,1.163614,2.011983,3.176997,342
1598870271.854390860,1.125174,1.760210,2.886714,342
1598870271.888784170,1.457687,1.693460,3.153527,342
1598870271.921545267,1.182224,1.590339,2.774023,342
1598870271.956482649,1.114324,3.105296,4.220460,342
1598870271.989571810,1.095233,3.676273,4.772636,342
1598870272.024050951,1.213574,3.158767,4.373751,342
1598870272.055945158,1.183834,3.529982,4.715086,342
1598870272.089348316,1.179884,3.474451,4.655455,342
1598870272.123715639,1.199295,3.125847,4.326622,342
1598870272.156658649,1.137244,2.444449,3.582953,342
1598870272.190157890,1.189874,1.521128,2.712002,342
1598870272.224331141,1.470208,1.991913,3.462921,342
1598870272.257897854,1.162154,1.695930,2.859894,342
1598870272.291912079,1.220095,1.572688,2.793863,342
1598870272.324353695,1.310845,1.527748,2.839333,342
1598870272.357655525,1.133544,2.993525,4.127849,342
1598870272.392362118,1.225555,3.699324,4.925779,342
1598870272.424972534,1.366016,3.103437,4.470563,342
1598870272.459047318,1.167504,3.593083,4.761857,342
1598870272.492459059,1.320725,3.438431,4.760286,342
1598870272.526259661,1.294865,3.002076,4.298461,342
1598870272.560506821,1.229564,2.412369,3.643283,342
1598870272.593459845,1.437957,2.188536,3.628323,342
1598870272.625314236,1.572888,1.781851,3.355980,342
1598870272.659454584,1.174964,1.689880,2.866014,342
1598870272.692909002,1.215754,1.571499,2.788223,342
1598870272.726091385,1.397397,1.603169,3.001876,342
1598870272.761254072,1.574329,3.100187,4.675686,342
1598870272.793038130,1.422756,4.209160,5.633046,342
1598870272.827961206,1.414537,3.479221,4.895648,342
1598870272.859704494,1.245754,3.651664,4.899128,342
1598870272.893431664,1.311525,3.482752,4.795767,342
1598870272.927000523,1.206144,3.072536,4.280031,342
1598870272.959791422,1.217184,2.660842,3.879296,342
1598870272.998901606,1.270025,1.592269,2.863514,342
1598870273.025075912,1.225634,1.589819,2.816353,342
1598870273.058617830,1.223605,1.706560,2.931245,342
1598870273.092261791,1.196324,1.746631,2.944305,342
1598870273.126630783,1.251945,1.602539,2.855674,342
1598870273.158624887,1.162744,3.156357,4.320131,342
1598870273.193112612,1.261505,3.910136,5.173091,342
1598870273.226768494,1.298255,3.128167,4.427982,342
1598870273.259099483,1.210674,3.684864,4.896808,342
1598870273.292856455,1.307286,3.470971,4.779557,342
1598870273.326257944,1.222604,3.246869,4.472363,342
1598870273.360295296,1.270464,2.781613,4.053557,342
1598870273.393153667,1.308976,1.602779,2.913635,342
1598870273.426706314,1.254645,1.586219,2.842654,342
1598870273.459597349,1.166984,1.689550,2.858244,342
1598870273.492785215,1.334595,1.485088,2.821103,342
1598870273.526289940,1.228574,1.434947,2.664831,342
1598870273.563019514,1.296906,3.167557,4.465913,342
1598870273.593150139,1.272075,3.785595,5.059280,342
1598870273.626194477,1.297355,3.052206,4.351251,342
1598870273.660004139,1.274035,3.678554,4.954119,342
1598870273.691952467,1.476087,3.442071,4.920028,342
1598870273.726275206,1.429857,3.246209,4.678056,342
1598870273.759959221,1.512548,2.624271,4.139499,342
1598870273.792681694,1.376836,1.571889,2.951015,342
1598870273.827209711,1.208015,1.529068,2.737923,342
1598870273.859505415,1.263735,2.004283,3.269988,342
1598870273.892630577,1.351856,1.876202,3.229788,342
1598870273.936509848,1.397797,2.145615,3.544802,342
1598870273.959064722,1.300426,3.096496,4.399472,342
1598870273.993235350,1.379847,3.580632,4.961789,342
1598870274.025685072,1.183444,3.053496,4.238270,342
1598870274.061244488,1.166504,3.597162,4.765266,342
1598870274.094204664,1.268155,3.440041,4.709506,342
1598870274.127575159,1.209284,3.021366,4.232170,342
1598870274.162697554,1.222625,2.506119,3.730914,342
1598870274.195106030,1.268865,1.522138,2.792503,342
1598870274.227731466,1.267895,1.597179,2.866864,342
1598870274.262055635,1.294625,1.872353,3.168128,341
1598870274.296232224,1.525457,1.872733,3.400150,381
1598870274.329862833,1.573819,1.580179,3.155798,380
1598870274.363016129,1.577119,3.121427,4.699966,372
1598870274.401119709,1.627519,3.188597,4.817336,372
1598870274.429472208,1.340316,3.120117,4.461943,370
1598870274.463603735,1.284756,3.534911,4.821107,369
1598870274.497437000,1.222714,3.365890,4.589804,369
1598870274.530973434,1.265235,2.922895,4.189850,369
1598870274.563958168,1.338755,2.438449,3.778384,367
1598870274.598128557,1.271895,1.535218,2.808183,367
1598870274.632351875,1.229074,1.556178,2.786623,366
1598870274.665074587,1.296695,3.081327,4.379802,365
1598870274.700197935,1.140803,1.878313,3.020486,365
1598870274.733023882,1.250265,1.473007,2.724522,365
1598870274.765551090,1.382076,3.018106,4.400992,365
1598870274.799501896,1.195864,3.104427,4.301741,365
1598870274.833496094,1.396137,2.976455,4.374192,365
1598870274.866419077,1.254465,3.420570,4.676065,365
1598870274.900814056,1.237804,3.126267,4.365361,365
1598870274.934843063,1.247614,3.176838,4.425892,364
1598870274.967538595,1.421557,2.465479,3.889506,364
1598870275.000607967,1.273575,1.464387,2.739262,364
1598870275.035897255,1.341865,1.449608,2.793103,364
1598870275.069503546,1.268075,2.887344,4.156439,364
1598870275.101211071,1.305775,1.441697,2.748592,364
1598870275.136803389,1.359106,1.490217,2.850603,364
1598870275.168895245,1.424257,2.940445,4.365652,364
1598870275.204796314,1.163764,3.005185,4.170659,363
1598870275.235446453,1.342496,2.912014,4.255861,363
1598870275.269798756,1.387616,3.440161,4.829457,363
1598870275.302042246,1.281285,3.163868,4.446603,363
1598870275.336407900,1.317966,2.719502,4.038658,363
1598870275.371507406,1.434317,2.342438,3.778425,363
1598870275.404197216,1.258854,1.516348,2.776742,363
1598870275.437918901,1.266725,1.573399,2.841274,363
1598870275.471821547,1.402036,2.940525,4.343861,363
1598870275.506280184,1.170574,1.610549,2.782993,363
1598870275.538633347,1.338756,1.510218,2.850224,363
1598870275.572578192,1.375476,3.018045,4.396631,363
1598870275.604244471,1.242795,2.599960,3.844245,363
1598870275.637988091,1.281616,3.261628,4.544574,363
1598870275.672510147,1.230415,3.274949,4.506804,362
1598870275.707340717,1.238735,3.402420,4.642545,362
1598870275.740197182,1.342006,2.822423,4.165729,361
1598870275.773318529,1.151473,2.327077,3.479940,360
1598870275.806999445,1.244664,1.745941,2.991925,359
1598870275.840052366,1.392086,1.524509,2.918025,359
1598870275.874402761,1.279455,2.809053,4.089428,359
1598870275.907122374,1.344486,1.646899,2.994035,359
1598870275.940618038,1.331236,1.555398,2.887594,359
1598870275.974490404,1.193674,3.184187,4.378691,359
1598870276.008544922,1.208865,2.892663,4.102738,359
1598870276.041407824,1.243825,2.771243,4.016208,358
1598870276.075186729,1.229244,3.306269,4.536633,358
1598870276.108870506,1.451297,3.117937,4.570814,358
1598870276.142386675,1.266095,2.650471,3.918346,357
1598870276.176844358,1.452197,2.186756,3.640403,357
1598870276.182522058,1.159864,1.339766,2.500870,357
1598870276.208862305,1.352656,1.408156,2.761482,355
1598870276.242950678,1.280985,2.639942,3.921907,354
1598870276.276255369,1.089842,1.434897,2.525999,354
1598870276.310534716,1.410516,1.415347,2.826803,354
1598870276.343942165,1.306126,2.841723,4.148659,353
1598870276.377082109,1.208594,2.625771,3.835755,353
1598870276.411588669,1.398316,2.459459,3.858965,353
1598870276.443731785,1.305406,2.919464,4.226190,351
1598870276.477448940,1.222214,2.750323,3.973837,349
1598870276.512339354,1.286355,2.738753,4.026148,349
1598870276.545130014,1.432558,2.141615,3.575503,348
1598870276.578915596,1.152864,1.427097,2.581241,348
1598870276.612376213,1.372446,1.383196,2.756972,346
1598870276.646315813,1.477407,2.483530,3.961907,345
1598870276.678563118,1.101563,1.430967,2.533740,343
1598870276.712227106,1.200004,1.394096,2.595410,343
1598870276.745733261,1.262035,2.891894,4.154789,343
1598870276.781447172,1.198794,3.302229,4.502383,343
1598870276.813797474,1.478427,2.612211,4.091938,341
1598870276.847403765,1.400787,2.914764,4.316921,374
1598870276.882027864,1.201024,2.705232,3.908016,374
1598870276.914777040,1.309126,2.698201,4.008507,371
1598870276.948376417,1.396767,2.211256,3.609393,371
1598870276.982058764,1.096133,1.438287,2.535860,371
1598870277.014812469,1.307396,1.508918,2.817394,371
1598870277.051290035,1.395976,3.171478,4.568434,370
1598870277.083925962,1.246225,1.422046,2.670591,370
1598870277.115542412,1.358586,1.412686,2.772952,368
1598870277.149522781,1.461367,2.835144,4.298861,365
1598870277.183603048,1.225165,2.975245,4.201700,365
1598870277.217131376,1.395026,3.619323,5.015709,365
1598870277.250994682,1.613769,2.927595,4.542914,364
1598870277.284640551,1.412947,2.672311,4.086508,363
1598870277.325874090,1.588408,2.650982,4.240740,361
1598870277.351871490,1.416597,2.137115,3.554962,361
1598870277.384594202,1.199854,1.406437,2.607611,361
1598870277.419139147,1.228154,1.535668,2.765152,359
1598870277.452627897,1.218474,2.476909,3.696673,356
1598870277.486561060,1.057062,1.772091,2.830463,355
1598870277.520346403,1.304525,1.476248,2.782173,351
1598870277.552699089,1.192634,2.950795,4.144329,348
1598870277.585834503,1.246535,2.919524,4.167049,346
1598870277.618988991,1.369436,3.396050,4.766826,345
1598870277.652387857,1.300226,3.088756,4.390372,340
1598870277.692741394,1.225855,2.701682,3.928887,339
1598870277.720949888,1.188434,2.586271,3.775855,339
1598870277.753685713,1.195974,2.185076,3.382040,339
1598870277.788222075,1.218404,1.518678,2.738492,337
1598870277.822351694,1.216654,1.465778,2.683562,337
1598870277.854809523,1.289186,2.285227,3.575803,337
1598870277.897688627,1.127843,1.473078,2.602031,337
1598870277.921940804,1.067583,1.479377,2.547770,337
1598870277.955217838,1.458927,3.065046,4.525853,335
1598870277.991724014,1.208704,3.236918,4.446872,370
1598870278.023751736,1.566939,2.987695,4.556214,359
1598870278.056733131,1.511508,3.195818,4.708436,359
1598870278.090157747,1.560509,3.141587,4.703746,359
1598870278.123830080,1.645069,2.744382,4.390861,359
1598870278.157078266,1.505728,2.434748,3.941656,358
1598870278.190151930,1.516938,1.547939,3.066867,355
1598870278.225418091,1.567908,2.324028,3.893336,355
1598870278.258474350,1.406127,2.775382,4.182789,355
1598870278.292508364,1.273395,1.497518,2.772493,355
1598870278.325196266,1.287355,1.472487,2.761392,355
1598870278.359297037,1.230844,3.891676,5.123630,353
1598870278.393725157,1.245665,3.810495,5.057610,352
1598870278.426528454,1.462417,3.004725,4.468632,351
1598870278.460376263,1.486357,3.675663,5.163500,351
1598870278.494289637,1.337846,2.922985,4.262231,351
1598870278.527379990,1.519848,2.815303,4.336901,350
1598870278.561226368,1.172934,2.493390,3.667594,347
1598870278.602326870,1.162814,1.572899,2.737043,344
1598870278.628406763,1.275205,1.588558,2.864633,344
1598870278.660870552,1.233645,2.627931,3.862376,343
1598870278.697115660,1.461177,2.089115,3.551232,339
1598870278.728234768,1.346706,1.889772,3.237608,373
1598870278.760627270,1.242725,3.415450,4.659685,371
1598870278.795881748,1.300026,3.602642,4.904068,370
1598870278.829056025,1.219224,3.143267,4.363731,370
1598870278.862221718,1.316626,3.836275,5.154081,369
1598870278.896662474,1.322716,2.903104,4.227140,369
1598870278.930306196,1.223734,3.075227,4.300381,369
1598870278.962867498,1.539729,2.726702,4.268281,367
1598870278.997167587,1.508648,1.667120,3.177758,367
1598870279.030812025,1.659250,1.604129,3.264259,367
1598870279.064551592,1.654219,2.817864,4.475263,364
1598870279.098163605,1.188444,3.669133,4.859217,361
1598870279.131340981,1.232234,1.641600,2.875434,360
1598870279.164529085,1.248175,3.494141,4.743456,359
1598870279.198674679,1.417996,3.872686,5.292572,350
1598870279.232299566,1.662780,3.199127,4.863207,349
1598870279.266021252,1.421407,3.649883,5.073250,344
1598870279.298969984,1.244365,3.094707,4.340302,344
1598870279.332937479,1.396056,2.807363,4.204529,341
1598870279.366894960,1.587488,2.649032,4.237870,337
1598870279.401280403,1.559998,1.582219,3.143547,383
1598870279.434432030,1.496428,1.626909,3.124467,381
1598870279.467708588,1.597398,2.774683,4.373131,380
1598870279.499948502,1.587188,3.447811,5.036519,380
1598870279.536510944,1.717790,1.734641,3.454231,379
1598870279.568347931,1.721801,3.486391,5.209582,379
1598870279.602054834,1.775931,4.138159,5.916030,378
1598870279.637202501,1.501378,3.155207,4.657915,376
1598870279.672584534,1.463498,3.476261,4.940879,373
1598870279.703183413,1.341126,3.211818,4.554114,370
1598870279.737023830,1.332375,2.971585,4.305411,369
1598870279.776447058,1.373206,4.282511,5.657117,366
1598870279.806633949,1.410766,1.626570,3.038936,366
1598870279.839942932,1.455687,1.636679,3.093256,363
1598870279.874789715,1.373767,2.901004,4.276021,362
1598870279.904705524,1.475918,2.875894,4.354932,359
1598870279.937041998,1.306135,1.665190,2.972485,359
1598870279.970774412,1.641419,3.491281,5.134290,358
1598870280.004417419,1.521898,4.066059,5.589307,358
1598870280.038077354,1.450437,3.246919,4.700346,356
1598870280.070640087,1.356106,3.601622,4.959078,356
1598870280.104288101,1.454897,3.217048,4.674285,356
1598870280.138457298,1.376316,3.445421,4.823217,355
1598870280.171347618,1.419957,4.206880,5.628557,355
1598870280.204719305,1.287065,1.646489,2.935104,355
1598870280.237053633,1.327805,1.737921,3.066556,354
1598870280.270476580,1.328056,2.694002,4.023028,353
1598870280.304671764,1.207474,2.530590,3.739264,353
1598870280.339008570,1.283495,1.453897,2.738602,350
1598870280.371126175,1.330496,3.428660,4.760186,350
1598870280.404480934,1.310346,3.888666,5.200182,350
1598870280.437741518,1.395756,3.048466,4.445672,348
1598870280.470789194,1.415956,3.318539,4.735825,347
1598870280.505793810,1.239925,3.089796,4.331551,347
1598870280.538717508,1.400457,2.848753,4.250450,346
1598870280.570469856,1.315535,3.717794,5.034819,345
1598870280.604373217,1.229574,1.508688,2.739442,344
1598870280.639464140,1.397626,1.564449,2.964065,343
1598870280.672195435,1.447997,2.900815,4.349852,343
1598870280.706566811,1.299625,2.650382,3.951897,340
1598870280.739572287,1.428557,1.839362,3.269239,339
1598870280.773745775,1.329926,3.213528,4.544664,377
1598870280.806895494,1.317715,3.531532,4.850537,376
1598870280.840545416,1.343026,2.967475,4.311851,375
1598870280.874129534,1.538328,3.356999,4.896978,374
1598870280.906867266,1.415517,3.329839,4.747846,372
1598870280.941693783,1.506658,3.028816,4.538914,372
1598870280.974510431,1.427107,3.466581,4.895448,370
1598870281.008725405,1.221294,1.799082,3.022466,369
1598870281.043245316,1.318136,1.565048,2.885234,368
1598870281.048687696,1.412517,2.618521,4.032238,368
1598870281.075536728,1.306185,2.433879,3.741684,365
1598870281.109477043,1.350066,4.261580,5.613216,365
1598870281.144950628,1.391566,3.236049,4.628945,365
1598870281.177961349,1.306896,3.367159,4.675375,365
1598870281.212559223,1.476997,3.119807,4.598154,363
1598870281.247161388,1.345006,3.399940,4.746746,362
1598870281.280091286,1.439047,3.053736,4.494243,362
1598870281.315066814,1.288895,2.795483,4.085958,362
1598870281.349539995,1.366187,3.196417,4.564374,362
1598870281.382982731,1.363516,2.049964,3.414670,362
1598870281.417231798,1.253345,1.595719,2.854194,362
1598870281.450690746,1.318086,2.556650,3.875666,362
1598870281.484052658,1.301795,2.453879,3.757064,362
1598870281.519742012,1.285815,3.536092,4.823017,362
1598870281.552947283,1.300365,3.286589,4.589144,362
1598870281.588101387,1.298505,3.975537,5.275752,362
1598870281.621709585,1.373516,3.115397,4.492143,361
1598870281.655238867,1.314615,3.107257,4.423532,361
1598870281.689451218,1.643499,2.926875,4.572494,361
1598870281.722893953,1.424067,2.695492,4.120559,361
1598870281.757844925,1.492227,3.182058,4.675515,361
1598870281.791882992,1.956813,2.096274,4.055937,361
1598870281.825709581,1.905462,1.791012,3.701954,361
1598870281.860280991,1.874052,2.734952,4.612564,358
1598870281.893921137,1.710860,2.369948,4.082588,358
1598870281.928256273,1.656370,3.727064,5.385634,358
1598870281.961003304,1.786581,3.524152,5.313053,358
1598870281.995128870,1.499907,3.079917,4.582094,358
1598870282.029468298,1.561548,2.990615,4.554483,358
1598870282.063626766,1.476337,3.134597,4.613254,358
1598870282.097837925,1.772751,3.823965,5.599726,358
1598870282.132803917,1.680670,3.295069,4.979249,358
1598870282.165749788,1.986354,3.570852,5.561356,358
1598870282.200742006,1.934183,2.248556,4.186239,358
1598870282.234625578,1.904833,1.934432,3.843275,358
1598870282.268703699,1.821011,2.892034,4.716455,358
1598870282.303825855,1.661960,2.651421,4.314781,358
1598870282.336810112,1.807451,3.853256,5.663657,358
1598870282.370509148,1.694360,3.423921,5.119511,358
1598870282.404232264,1.707850,2.958755,4.668045,358
1598870282.438790798,1.695921,2.638151,4.335502,358
1598870282.472524881,1.367456,2.958675,4.327251,358
1598870282.507290602,1.227184,2.894844,4.123499,358
1598870282.540619135,1.421487,2.645151,4.068508,358
1598870282.574095488,1.356026,2.810043,4.167369,358
1598870282.608926296,1.191604,1.853602,3.046616,358
1598870282.642745018,1.606329,1.560608,3.169047,358
1598870282.675237417,1.544209,2.423358,3.968857,358
1598870282.710544825,1.236754,2.277067,3.515391,358
1598870282.744354725,1.502408,3.899956,5.404534,358
1598870282.778172970,1.350476,3.121477,4.473103,358
1598870282.811593056,1.350966,2.984396,4.337072,358
1598870282.846791506,1.579699,2.593570,4.174769,358
1598870282.880737066,1.450637,2.884304,4.335911,358
1598870282.914660215,1.253095,2.843354,4.097489,358
1598870282.948380470,1.430947,2.648261,4.081138,358
1598870282.981989384,1.368326,2.810643,4.180009,358
1598870283.017372131,1.364576,1.901402,3.268088,358
1598870283.050567865,1.300446,1.578148,2.879814,358
1598870283.086220741,1.398097,2.542880,3.943807,358
1598870283.118581533,1.369076,2.408438,3.779385,358
1598870283.151848793,1.443267,3.405850,4.849947,358
1598870283.185459614,1.280195,3.170918,4.452453,358
1598870283.221103430,1.354976,2.808073,4.164049,358
1598870283.254649401,1.232534,2.507170,3.741564,358
1598870283.289048433,1.433006,2.800834,4.235900,358
1598870283.322920084,1.266205,2.992255,4.259400,358
1598870283.356852770,1.607999,2.763343,4.372672,358
1598870283.391128540,1.546939,2.666051,4.214400,358
1598870283.424676895,1.552728,1.733621,3.287769,358
1598870283.458445072,1.442397,1.620319,3.064266,358
1598870283.492264986,1.402326,2.222667,3.626483,358
1598870283.525907278,1.461377,2.545080,4.007327,358
1598870283.560429335,1.327556,3.699734,5.028830,358
1598870283.594609022,1.587149,3.161028,4.751517,358
1598870283.628507137,1.293645,2.904594,4.199749,358
1598870283.661634207,1.441747,2.713372,4.156659,358
1598870283.695541620,1.238594,2.771963,4.011757,358
1598870283.729022980,1.209364,2.791454,4.001888,358
1598870283.762666464,1.159773,2.414859,3.575812,358
1598870283.797922850,1.412356,2.776623,4.189969,358
1598870283.831578016,1.271635,1.586929,2.859924,358
1598870283.864504814,1.312536,1.514868,2.828444,358
1598870283.900100231,1.417817,2.367048,3.786735,358
1598870283.933281422,1.356306,2.300687,3.659183,358
1598870283.966654778,1.368656,3.561062,4.930968,358
1598870284.001626253,1.493187,3.070147,4.565094,358
1598870284.036256790,1.210014,2.752843,3.964267,358
1598870284.070025444,1.433267,2.816203,4.250570,358
1598870284.103036404,1.126144,2.865643,3.993017,358
1598870284.137472153,1.365416,2.974435,4.341761,358
1598870284.171232462,1.452108,2.523359,3.977437,358
1598870284.205276966,1.266715,2.941465,4.209730,358
1598870284.241108179,1.317435,1.684360,3.003245,358
1598870284.272969246,1.338426,1.600539,2.939905,358
1598870284.306762218,1.376577,2.438678,3.816525,357
1598870284.340697289,1.142623,2.310047,3.453870,357
1598870284.374126434,1.343676,3.205028,4.549974,357
1598870284.408684492,1.458737,3.176377,4.636624,357
1598870284.442838192,1.541628,2.841724,4.384402,357
1598870284.474882364,1.475278,2.756662,4.232980,357
1598870284.510449409,1.434527,2.948624,4.384561,357
1598870284.543561220,1.797631,3.509912,5.308633,357
1598870284.577893972,1.692320,2.580220,4.275030,357
1598870284.610055685,1.675690,3.058686,4.735166,357
1598870284.644964695,1.624289,1.734441,3.359510,357
1598870284.678591967,1.693169,1.614080,3.308059,357
1598870284.711904764,1.631549,2.477569,4.109868,357
1598870284.745897055,1.658120,2.357828,4.016698,357
1598870284.779968023,1.606940,3.797074,5.405504,357
1598870284.813217878,1.414687,3.065966,4.481833,357
1598870284.846171379,1.221655,2.738262,3.961037,357
1598870284.879699469,1.254094,2.737213,3.992747,357
1598870284.914987087,1.242385,2.986495,4.230210,357
1598870284.946990967,1.232144,2.864834,4.097968,357
1598870284.981183290,1.148854,2.607491,3.757835,357
1598870285.015510321,1.340636,3.021425,4.363591,357
1598870285.049424648,1.339005,1.585729,2.925854,357
1598870285.083849669,1.158944,1.429397,2.589611,357
1598870285.117030621,1.157193,2.885674,4.043987,357
1598870285.150628805,1.285275,2.551880,3.838135,357
1598870285.186006546,1.214815,3.129587,4.345662,357
1598870285.217930794,1.505817,3.054137,4.562364,357
1598870285.252190113,1.549999,3.158507,4.709746,357
1598870285.287292004,1.604458,3.838826,5.444984,357
1598870285.324874163,1.806192,3.394010,5.202362,356
1598870285.358283281,1.666840,3.221708,4.889918,356
1598870285.389079332,1.766290,2.854824,4.622444,356
1598870285.421371698,1.828361,3.711384,5.541145,356
1598870285.455029964,1.673910,1.909192,3.584862,356
1598870285.489079952,1.670750,2.312987,3.984937,356
1598870285.522991419,1.776661,2.675391,4.453392,356
1598870285.558046818,1.762371,2.582420,4.345911,356
1598870285.591653585,1.653139,3.393461,5.047320,356
1598870285.624018192,1.690510,3.191358,4.882918,356
1598870285.659662008,1.728790,3.683204,5.413174,356
1598870285.692963839,1.979483,3.387790,5.368383,356
1598870285.726984024,1.528738,3.162098,4.692606,356
1598870285.760545731,1.394347,3.171927,4.567674,356
1598870285.794087648,1.199484,2.682162,3.883356,356
1598870285.827767372,1.339396,3.245838,4.586414,355
1598870285.861001015,1.216824,1.713080,2.931454,355
1598870285.896699667,1.459287,2.320148,3.780585,355
1598870285.929731846,1.386606,2.361638,3.749584,355
1598870285.972494841,1.461717,2.650551,4.114048,355
1598870285.997441530,1.438197,3.229828,4.668925,355
1598870286.003131866,1.308865,3.511831,4.822056,355
1598870286.030661583,1.451267,3.491821,4.944368,355
1598870286.064212561,1.524988,2.951205,4.477363,354
1598870286.101909876,1.410817,3.126457,4.538544,353
1598870286.137859106,1.295606,2.902904,4.199870,353
1598870286.167542458,1.509187,3.143048,4.655866,353
1598870286.201263905,1.385036,3.351640,4.737456,352
1598870286.233928204,1.412727,1.946063,3.361610,352
1598870286.267983913,1.382926,2.504290,3.888236,352
1598870286.301287651,1.427397,2.894294,4.324631,352
1598870286.335371017,1.483927,3.023686,4.514423,352
1598870286.370472670,1.627959,3.938646,5.571765,352
1598870286.403584242,1.626310,3.803784,5.436064,352
1598870286.438012123,1.707031,4.636884,6.347875,352
1598870286.471532583,1.829402,3.348819,5.185421,352
1598870286.505803585,1.525478,3.590203,5.118361,352
1598870286.542501688,1.277395,2.813923,4.092538,352
1598870286.573415279,1.420576,2.959685,4.381461,352
1598870286.607679844,1.333346,3.256288,4.591034,352
1598870286.640040874,1.179414,1.776221,2.956885,352
1598870286.674559355,1.130533,2.273957,3.405980,352
1598870286.707370281,1.327086,2.204586,3.533012,352
1598870286.740463734,1.159004,2.595801,3.755405,352
1598870286.774643183,1.255895,3.103077,4.359772,352
1598870286.810623646,1.304745,3.185678,4.491333,352
1598870286.843480587,1.440877,3.451071,4.892928,352
1598870286.877801418,1.453688,2.792943,4.247531,352
1598870286.911751270,1.347006,3.194218,4.542084,352
1598870286.945155144,1.263844,3.098977,4.363681,352
1598870286.979444265,1.590509,3.019995,4.613244,352
1598870287.013149261,1.357396,3.238059,4.596495,352
1598870287.046739340,1.371376,1.901453,3.274359,352
1598870287.082063675,1.356896,2.408449,3.766755,352
1598870287.113375425,1.653279,1.926353,3.580922,352
1598870287.147951126,1.364916,2.491100,3.857366,352
1598870287.181871176,1.540128,3.263159,4.803937,351
1598870287.215952873,1.565638,3.157917,4.724975,351
1598870287.249928236,1.742921,3.509411,5.253502,351
1598870287.283361673,1.676230,2.913104,4.590454,351
1598870287.316441298,1.672730,3.259658,4.933908,350
1598870287.350924492,2.024874,3.391820,5.418124,350
1598870287.385127783,1.812161,2.903185,4.717806,350
1598870287.418556452,1.776411,3.482891,5.260462,350
1598870287.451280832,1.725251,1.864672,3.590793,350
1598870287.486066103,1.774131,2.455739,4.231070,350
1598870287.521037817,1.800681,1.930113,3.731964,350
1598870287.554834366,1.824501,2.628511,4.454582,350
1598870287.587965488,1.831142,3.263059,5.095351,349
1598870287.621555090,1.767131,3.164438,4.932509,349
1598870287.654407740,1.690800,3.580122,5.271872,349
1598870287.687946320,1.837462,2.793333,4.632285,349
1598870287.722084284,1.762811,3.287189,5.051000,349
1598870287.756091356,1.755981,2.884174,4.640745,349
1598870287.790742636,1.788401,2.888654,4.678195,349
1598870287.824662209,1.944703,3.940486,5.888329,349
1598870287.857631922,1.942403,1.910863,3.854756,349
1598870287.890863180,1.829611,2.404359,4.235590,348
1598870287.925310612,1.875102,1.894392,3.771394,347
1598870287.959980011,1.832992,2.527400,4.361462,347
1598870287.993111849,1.687150,3.307109,4.995939,347
1598870288.027347803,1.630539,3.100277,4.732156,347
1598870288.060657501,1.595288,3.674264,5.270532,347
1598870288.094495296,1.648200,2.830213,4.480113,347
1598870288.129205704,1.432947,3.168477,4.602614,346
1598870288.162855148,1.661479,3.109707,4.773226,346
1598870288.196397305,1.510528,2.901224,4.412922,346
1598870288.230505705,1.493178,3.221848,4.716326,346
1598870288.263674498,1.548398,2.259687,3.809415,346
1598870288.296703339,1.790951,2.476309,4.269280,346
1598870288.330639839,1.833211,2.225326,4.059827,346
1598870288.364721060,1.606949,2.833433,4.441912,346
1598870288.399169207,1.248574,3.418401,4.668105,346
1598870288.433383226,1.263235,3.271969,4.536314,346
1598870288.466585636,1.289475,3.552712,4.843217,346
1598870288.500661373,1.702950,3.282269,4.986239,345
1598870288.534724236,1.707050,3.408810,5.117350,345
1598870288.569049358,1.711190,3.025206,4.737426,345
1598870288.600708246,1.618980,2.582500,4.202770,345
1598870288.635422230,1.795421,3.703854,5.500145,345
1598870288.669558287,1.394077,1.836732,3.232499,345
1598870288.703485966,1.460027,2.306598,3.767825,345
1598870288.737152815,1.182134,1.832631,3.016025,345
1598870288.769561768,1.201674,2.317247,3.519961,345
1598870288.805007219,1.323296,3.065306,4.389612,345
1598870288.838518143,1.227284,3.061127,4.289441,345
1598870288.871450901,1.242025,2.943195,4.186410,345
1598870288.906379461,1.534188,2.568920,4.104118,345
1598870288.938871384,1.201375,3.038195,4.240930,345
1598870288.974072218,1.271015,2.799273,4.071328,345
1598870289.006973267,1.347886,2.543220,3.892346,345
1598870289.041431427,1.229665,3.038356,4.268951,345
1598870289.074642897,1.072633,1.779531,2.853294,345
1598870289.108848095,1.311436,2.276696,3.589152,345
1598870289.142741680,1.137824,1.873322,3.012226,345
1598870289.176059246,1.204134,2.309667,3.514721,345
1598870289.210002661,1.310715,3.272309,4.584304,344
1598870289.243905544,1.302525,3.191398,4.495073,344
1598870289.278214455,1.233874,3.016076,4.251181,344
1598870289.312002659,1.338606,2.755962,4.096318,344
1598870289.346152782,1.186414,3.354960,4.542344,344
1598870289.379814625,1.165394,2.785943,3.952767,344
1598870289.414104223,1.133863,2.562431,3.697104,344
1598870289.449262619,1.246945,3.053096,4.301041,344
1598870289.480322599,1.306666,1.763761,3.071747,344
1598870289.513788223,1.354676,2.317477,3.673153,344
1598870289.548717737,1.259025,1.658339,2.918364,344
1598870289.583226681,1.145464,2.271367,3.417731,344
1598870289.613793373,1.172224,3.298509,4.472133,344
1598870289.649417639,1.246335,3.090446,4.338021,344
1598870289.682399035,1.248805,2.997815,4.247760,344
1598870289.716630459,1.144773,2.732713,3.878656,344
1598870289.750928879,1.259865,3.071076,4.332131,344
1598870289.784346342,1.247225,2.798703,4.046938,344
1598870289.818622351,1.150534,2.564550,3.716124,344
1598870289.855580091,1.435697,3.100097,4.536944,344
1598870289.885314226,1.436307,2.060364,3.497701,344
1598870289.918382883,1.183944,2.595021,3.780165,344
1598870289.953514814,1.628439,2.008134,3.637853,344
1598870289.986842871,1.699610,2.414228,4.116658,344
1598870290.020013094,1.931733,3.539972,5.473315,342
1598870290.054027796,1.756181,3.091756,4.848867,379
1598870290.087374449,1.870422,3.567982,5.439234,379
1598870290.121895552,1.499548,2.547290,4.048718,376
1598870290.154979706,1.508208,2.981145,4.490663,374
1598870290.189942360,1.262925,2.794373,4.058348,372
1598870290.222436666,1.230284,2.390968,3.622382,372
1598870290.255817652,1.311425,2.770913,4.083478,371
1598870290.290543795,1.308396,2.211016,3.520842,369
1598870290.323726177,1.220714,1.758251,2.980205,369
1598870290.359141588,1.321906,1.552348,2.875884,369
1598870290.391883373,1.324545,2.349208,3.674843,367
1598870290.397166014,1.236864,3.824675,5.062679,366
1598870290.424449921,1.377966,3.060796,4.439712,365
1598870290.458144426,1.149933,2.911655,4.062758,364
1598870290.491045952,1.241824,2.661992,3.904766,364
1598870290.525422812,1.185504,3.131377,4.317821,364
1598870290.560769081,1.312916,2.864284,4.178570,364
1598870290.593338728,1.378666,2.599751,3.980257,364
1598870290.627481699,1.257015,3.103676,4.361861,364
1598870290.661654472,1.184814,2.404058,3.590322,363
1598870290.694957495,1.323856,2.059624,3.384810,363
1598870290.729145765,1.216314,1.674810,2.891894,361
1598870290.761596680,1.314666,1.524848,2.840574,361
1598870290.795924187,1.440067,3.723694,5.164891,361
1598870290.830146551,1.575809,2.941575,4.520214,360
1598870290.863352537,1.503948,2.761782,4.267060,360
1598870290.898321390,1.723350,3.073657,4.798037,359
1598870290.930908442,1.567599,3.557522,5.126281,359
1598870290.965071917,1.262215,2.649522,3.913187,359
1598870290.999465704,1.295615,2.938265,4.236530,359
1598870291.032803059,1.762561,3.683443,5.447434,358
1598870291.066797733,1.661690,2.267177,3.929847,358
1598870291.100547314,1.831992,1.979133,3.811845,358
1598870291.133650064,1.796841,1.632649,3.430450,358
1598870291.167247534,1.650769,1.437997,3.089616,358
1598870291.202594757,1.804362,3.526891,5.331983,358
1598870291.235075235,1.790091,2.912194,4.703205,358
1598870291.268713236,1.670200,2.639101,4.310261,356
1598870291.302909374,1.795542,3.157517,4.955659,354
1598870291.336701632,1.472877,3.312549,4.786896,354
1598870291.370496511,1.731870,3.441461,5.174651,351
1598870291.404837132,1.856382,2.586081,4.443493,349
1598870291.437369347,2.028744,2.970015,4.999599,349
1598870291.470922470,1.810971,2.332138,4.143939,347
1598870291.506702662,1.934022,2.091795,4.026567,346
1598870291.545754194,1.690209,2.219897,3.911836,344
1598870291.573100805,1.895663,1.998123,3.894786,344
1598870291.606628895,2.065015,3.338999,5.406514,341
1598870291.639472246,1.742721,3.090866,4.834677,372
1598870291.673340082,1.520128,2.602290,4.124188,372
1598870291.707330227,1.453447,2.379478,3.834385,371
1598870291.741107225,1.337226,3.017945,4.356351,371
1598870291.774726868,1.362616,3.107527,4.474733,368
1598870291.808362484,1.445927,2.630861,4.078038,367
1598870291.842540979,1.401656,2.899215,4.301801,366
1598870291.880016565,1.217925,2.379298,3.598923,364
1598870291.912887573,1.462657,2.069825,3.534302,364
1598870291.944837570,1.330376,2.084465,3.416551,364
1598870291.978096724,1.316895,1.572169,2.890464,363
1598870292.012074947,1.209154,4.025687,5.235931,361
1598870292.044457674,1.313606,3.003935,4.318821,361
1598870292.077892303,1.435377,2.639211,4.075808,360
1598870292.113974094,1.285835,2.447589,3.736994,357
1598870292.145515203,1.286955,3.093347,4.381762,354
1598870292.178279877,1.665650,2.502719,4.169969,353
1598870292.213048697,1.485787,2.656822,4.144349,353
1598870292.247959375,1.499398,2.933474,4.433842,352
1598870292.281142712,1.325056,2.179896,3.505722,350
1598870292.313914776,1.235775,1.517498,2.754503,350
1598870292.348784447,1.303385,1.615739,2.920164,350
1598870292.382286310,1.288535,2.378228,3.668033,350
1598870292.415566444,1.240564,3.605073,4.846807,350
1598870292.449743986,1.364026,2.947595,4.312941,350
1598870292.481875181,1.393336,2.842814,4.237260,350
1598870292.516196728,1.362446,2.503789,3.867195,350
1598870292.550012589,1.308595,2.676402,3.986037,350
1598870292.583603144,1.278395,2.474380,3.754055,350
1598870292.617236137,1.328596,2.657861,3.987677,346
1598870292.650875330,1.335566,2.989065,4.325451,345
1598870292.683585405,1.551108,1.653030,3.205088,345
1598870292.716359138,1.605549,1.722441,3.328870,345
1598870292.750627756,1.664140,1.708500,3.373550,345
1598870292.783365726,1.591468,2.346588,3.939016,345
1598870292.816806316,1.366546,3.295829,4.663415,345
1598870292.850699186,1.272195,3.077027,4.350812,345
1598870292.885258913,1.126753,3.179867,4.307850,345
1598870292.917946100,1.557658,2.515200,4.074078,342
1598870292.950518131,1.486648,2.734472,4.222770,377
1598870292.985279083,1.188524,2.525890,3.715514,377
1598870293.018015623,1.398806,2.676682,4.076558,373
1598870293.052459717,1.512338,2.955775,4.469583,371
1598870293.086726904,1.269065,1.986334,3.256519,371
1598870293.118803024,1.290915,1.910563,3.202898,370
1598870293.153095722,1.165204,1.855372,3.021486,369
1598870293.186755657,1.209774,2.401648,3.612402,368
1598870293.220776558,1.304156,2.990095,4.295401,365
1598870293.253276825,1.335806,3.148667,4.485653,365
1598870293.286399364,1.181004,2.798363,3.980547,365
1598870293.320184708,1.254594,3.737245,4.992999,365
1598870293.352859497,1.287405,2.801813,4.090498,364
1598870293.386579275,1.092203,2.493429,3.586662,361
1598870293.420748472,1.358136,2.588181,3.947697,361
1598870293.453929186,1.447897,3.085436,4.534693,361
1598870293.487503052,1.420267,1.947353,3.369200,361
1598870293.520876884,1.300015,1.749621,3.050656,358
1598870293.554122925,1.166994,2.030704,3.198988,356
1598870293.587981462,1.172143,2.426569,3.600022,356
1598870293.619713306,1.297365,2.728252,4.026717,355
1598870293.655090332,1.461097,3.190077,4.652464,355
1598870293.688396931,1.269195,3.147427,4.417902,355
1598870293.721312284,1.390397,3.536631,4.928398,353
1598870293.762922525,1.459258,3.021345,4.481643,353
1598870293.789412737,1.180154,2.581971,3.763425,351
1598870293.824021339,1.386716,2.637462,4.025288,350
1598870293.856364012,1.151413,2.907955,4.060598,350
1598870293.889425516,1.234795,1.982973,3.218938,350
1598870293.921549082,1.372606,1.620989,2.994685,350
1598870293.955460310,1.299296,2.074134,3.374620,349
1598870293.990435362,1.247615,2.430029,3.679124,349
1598870294.022194624,1.478858,2.763512,4.243660,349
1598870294.055737972,1.187394,3.483971,4.672425,348
1598870294.089426994,1.325485,2.737983,4.064518,348
1598870294.122349024,1.390277,3.611252,5.002479,347
1598870294.156539679,1.362106,3.250059,4.613195,347
1598870294.190185785,1.199294,2.458299,3.658713,346
1598870294.222478151,1.619069,3.155757,4.776276,346
1598870294.256780386,1.292685,3.043806,4.337491,345
1598870294.290328741,1.261855,2.089155,3.351990,345
1598870294.326111794,1.296315,1.634179,2.931544,344
1598870294.356487274,1.153824,2.626551,3.781285,343
1598870294.391893625,1.218174,2.481220,3.701204,343
1598870294.423188448,1.541079,2.675581,4.217720,341
1598870294.458453178,1.704540,3.576532,5.282102,376
1598870294.492733479,1.299016,3.147897,4.447913,374
1598870294.524740934,1.468448,3.379470,4.848758,368
1598870294.559319973,1.253415,3.391510,4.645775,368
1598870294.593003273,1.166144,2.618991,3.785865,368
1598870294.626772881,1.399966,2.687622,4.088678,368
1598870294.660466433,1.268094,2.945115,4.214290,367
1598870294.694301128,1.372316,2.240306,3.613672,367
1598870294.727404118,1.444817,1.575898,3.021855,367
1598870294.761205912,1.670600,2.388458,4.060598,365
1598870294.795018911,1.619839,2.456499,4.077288,365
1598870294.829196930,1.940743,3.762634,5.704557,365
1598870294.863019705,2.045284,3.322670,5.368934,364
1598870294.896986246,2.012234,3.891266,5.904580,364
1598870294.928901911,2.033364,3.212208,5.247672,364
1598870294.963129282,1.843362,3.477761,5.322773,363
1598870294.997244596,1.740301,3.162137,4.904178,362
1598870295.030976057,1.657989,2.983775,4.643884,361
1598870295.064651728,1.547158,3.183448,4.732166,360
1598870295.097924948,1.506888,2.473369,3.981747,357
1598870295.131489754,1.764651,1.581729,3.347580,355
1598870295.165530205,1.488578,2.284607,3.774325,353
1598870295.199923277,1.310115,2.561150,3.872965,352
1598870295.232804775,1.493018,3.793055,5.287923,349
1598870295.267349005,1.453007,3.381060,4.835277,347
1598870295.300716877,1.606809,3.530791,5.139570,346
1598870295.334574223,1.447476,3.153128,4.602325,341
1598870295.367491245,1.222644,3.482391,4.706175,341
1598870295.401976347,1.604739,2.585711,4.191510,339
1598870295.435564280,1.529928,2.730382,4.261300,373
1598870295.469286680,1.330206,2.937565,4.268721,364
1598870295.502709627,1.210924,2.396508,3.608352,363
1598870295.537132025,1.431617,1.938023,3.370740,360
1598870295.569946051,1.968603,2.384999,4.357242,358
1598870295.604447365,1.783941,2.574860,4.360711,357
1598870295.639818668,1.710460,3.291409,5.003589,352
1598870295.672810793,2.038444,3.409501,5.449665,350
1598870295.704663754,1.886772,3.746765,5.634807,388
1598870295.740438223,1.932863,3.254988,5.189401,383
1598870295.777365923,1.988693,3.796055,5.785918,380
1598870295.805735111,2.087025,4.010357,6.099762,380
1598870295.842470646,1.875953,3.533481,5.410734,378
1598870295.871752977,1.728680,2.932255,4.662625,377
1598870295.906255484,1.631099,2.571470,4.203909,375
1598870295.940042734,1.411147,1.931923,3.345160,375
1598870295.973951340,1.377346,1.752291,3.130977,375
1598870296.006160736,1.191344,2.577470,3.770044,372
1598870296.039093494,1.267125,2.823333,4.092318,371
1598870296.074421644,1.337036,4.564324,5.903120,371
1598870296.107262135,1.448447,3.385380,4.834987,371
1598870296.148483515,1.460267,3.136587,4.598104,371
1598870296.172138929,1.446477,3.497012,4.944719,367
1598870296.206833839,1.457998,3.464801,4.924289,366
1598870296.242843151,1.434927,3.168348,4.604515,366
1598870296.274245977,1.350966,2.798163,4.150219,366
1598870296.307727337,1.450777,2.570900,4.023067,364
1598870296.340636492,1.471338,1.903562,3.375830,363
1598870296.374163628,1.343365,1.979424,3.323789,361
1598870296.407343149,1.587119,2.500089,4.088468,361
1598870296.441203356,1.591189,2.660511,4.252880,361
1598870296.474926472,1.519138,4.476043,5.996321,361
1598870296.510515690,1.478407,3.425290,4.905078,360
1598870296.542255402,1.405236,2.874584,4.281020,359
1598870296.574869156,1.420257,3.333189,4.755576,359
1598870296.610618353,1.451287,3.773465,5.226142,358
1598870296.644649744,1.292676,2.775372,4.069368,358
1598870296.677249432,1.418157,2.683761,4.102928,357
1598870296.710625172,1.401227,2.386218,3.788815,356
1598870296.744888306,1.307515,1.905873,3.214488,354
1598870296.777573586,1.376056,1.744411,3.121417,354
1598870296.810686588,1.206324,2.488629,3.696373,354
1598870296.845629930,1.243935,2.470819,3.715994,353
1598870296.879540205,1.237164,4.314011,5.552295,353
1598870296.914003611,1.269955,3.289299,4.560494,353
1598870296.946009636,1.278276,2.866143,4.146009,353
1598870296.980646372,1.333456,3.352030,4.686806,353
1598870297.014037371,1.282115,3.503371,4.786876,353
1598870297.047324896,1.189624,2.738682,3.929466,352
1598870297.080875874,1.583269,2.748302,4.333591,352
1598870297.086162329,1.387267,2.250046,3.638113,351
1598870297.113906384,1.468477,1.824101,3.293838,350
1598870297.148873091,1.237974,1.487208,2.726592,350
1598870297.182015181,1.239045,1.714260,2.954345,350
1598870297.215163708,1.215664,2.754523,3.971087,350
1598870297.249519587,1.259305,4.083128,5.343953,350
1598870297.282596588,1.297006,3.110937,4.409423,350
1598870297.316349030,1.270925,2.878894,4.151169,350
1598870297.351277590,1.238144,3.281019,4.520903,350
1598870297.384215832,1.289586,3.607662,4.898788,349
1598870297.418829441,1.323456,2.726732,4.051468,349
1598870297.451608181,1.331805,2.802633,4.136048,349
1598870297.485221148,1.290475,2.264447,3.556122,349
1598870297.517975330,1.195304,1.882332,3.078796,349
1598870297.551426888,1.521358,2.225837,3.748395,349
1598870297.586470842,1.572898,1.651460,3.225708,349
1598870297.619947433,1.445637,2.446629,3.893376,349
1598870297.652823210,1.139234,4.030188,5.170702,349
1598870297.689105749,1.299205,2.946975,4.247640,349
1598870297.719608545,1.448458,3.205307,4.655035,349
1598870297.754777670,1.379256,3.061316,4.441622,349
1598870297.788426399,1.350206,3.438121,4.789697,349
1598870297.822957277,1.275415,2.638902,3.915607,349
1598870297.856247663,1.364996,2.417748,3.783944,349
1598870297.890721083,1.420446,2.426149,3.847775,349
1598870297.923273087,1.321956,1.839782,3.162758,349
1598870297.956478834,1.381217,2.293817,3.676914,349
1598870297.990748167,1.391786,1.438047,2.831973,349
1598870298.023221254,1.302325,2.419669,3.723454,349
1598870298.056948423,1.311366,4.113678,5.426454,349
1598870298.091295481,1.341186,2.922594,4.265230,349
1598870298.125898361,1.245704,2.743223,3.990157,349
1598870298.158310652,1.374486,2.999766,4.375782,349
1598870298.192215204,1.289575,3.643163,4.934688,349
1598870298.225664854,1.248315,2.704062,3.953507,349
1598870298.260509014,1.227105,2.454739,3.683234,349
1598870298.291853666,1.350696,2.281377,3.633323,349
1598870298.326337814,1.267065,1.908282,3.176777,349
1598870298.361305952,1.463597,2.335928,3.801875,349
1598870298.393126726,1.440727,1.474067,2.916494,349
1598870298.428797007,1.249825,2.113194,3.364659,349
1598870298.461624384,1.312986,3.930076,5.244382,349
1598870298.495146036,1.239625,2.755683,3.996968,349
1598870298.528560638,1.268875,3.000735,4.270770,349
1598870298.561658859,1.312455,2.999765,4.313630,349
1598870298.595919371,1.140073,3.628493,4.769936,349
1598870298.629883051,1.279275,2.713192,3.993817,349
1598870298.663536549,1.276805,2.450199,3.728154,349
1598870298.698010445,1.572829,2.536089,4.110628,349
1598870298.730537415,1.266955,2.551020,3.819605,349
1598870298.764596939,1.412627,2.401228,3.815175,349
1598870298.798091173,1.446758,1.822491,3.270429,349
1598870298.832199574,1.210455,1.554798,2.766003,349
1598870298.865558624,1.254695,3.903816,5.159491,349
1598870298.898926258,1.153974,2.874694,4.029878,349
1598870298.932578325,1.256745,2.603181,3.864726,349
1598870298.967864990,1.338766,3.048826,4.388602,349
1598870299.000727654,1.131803,3.390400,4.523073,349
1598870299.032625675,1.584918,2.527400,4.114808,349
1598870299.067209005,1.659010,2.442699,4.103169,349
1598870299.101728916,1.449287,1.932073,3.382940,349
1598870299.135745287,1.612689,2.234336,3.849115,349
1598870299.168495655,1.678780,2.381008,4.060898,348
1598870299.202181578,1.413547,1.563338,2.978005,348
1598870299.235410929,1.557358,1.690840,3.249458,348
1598870299.269533634,1.751490,3.832206,5.585236,348
1598870299.302289248,1.611509,3.082576,4.695535,348
1598870299.334559202,1.423637,2.768362,4.193509,348
1598870299.368756533,1.444497,3.010856,4.456573,348
1598870299.401520729,1.244114,3.635263,4.881207,348
1598870299.444629431,1.535328,2.947655,4.487033,348
1598870299.468882322,1.527748,2.927675,4.459073,348
1598870299.503646851,1.376926,2.198386,3.578642,348
1598870299.536236048,1.574588,2.766353,4.344271,348
1598870299.569276094,1.703100,2.897924,4.605384,348
1598870299.602560282,1.760141,2.190126,3.954257,348
1598870299.636956930,1.610709,2.160955,3.775514,348
1598870299.670459986,1.539228,4.484013,6.026941,348
1598870299.702545166,1.516878,3.469891,4.991629,348
1598870299.736714363,1.517018,3.253288,4.774096,348
1598870299.771038294,1.753521,3.780865,5.539406,348
1598870299.802845478,1.588158,4.042388,5.635516,348
1598870299.835979223,1.501128,2.825513,4.331611,348
1598870299.869596720,1.641290,2.748542,4.394042,348
1598870299.904390097,1.330836,2.169535,3.504211,348
1598870299.937015057,1.427427,3.076736,4.508663,348
1598870299.970567942,1.521727,2.304558,3.830625,348
1598870300.003459930,1.489018,1.826372,3.320150,348
1598870300.037482738,1.456107,1.728501,3.187198,348
1598870300.070195913,1.255445,4.225500,5.482205,348
1598870300.104228020,1.220984,2.648201,3.870525,348
1598870300.137385130,1.289466,2.498659,3.789495,348
1598870300.170832872,1.260265,2.927825,4.189460,347
1598870300.204464436,1.287575,3.827725,5.116840,347
1598870300.238037586,1.410727,2.473549,3.885916,347
1598870300.273289442,1.208684,2.452940,3.662954,347
1598870300.304675579,1.300746,1.912142,3.214258,347
1598870300.338180780,1.406887,2.238587,3.646584,347
1598870300.371222734,1.297275,1.984313,3.282688,347
1598870300.404158354,1.269045,2.344907,3.615412,347
1598870300.437308550,1.397677,1.670470,3.069567,347
1598870300.471354008,1.218804,3.764485,4.984279,347
1598870300.505037546,1.338426,2.946234,4.285710,347
1598870300.536955357,1.278245,2.844624,4.124119,347
1598870300.571530104,1.216795,2.973575,4.191810,347
1598870300.606070280,1.375686,3.525611,4.902617,347
1598870300.638667583,1.327406,2.584260,3.912246,347
1598870300.670971394,1.192714,2.442669,3.636433,347
1598870300.705576420,1.284786,1.924422,3.210598,347
1598870300.738859892,1.429487,1.973054,3.404281,347
1598870300.772419453,1.259345,2.453699,3.714614,347
1598870300.806287289,1.244415,2.389808,3.635603,347
1598870300.838883162,1.417657,1.761471,3.180408,347
1598870300.872993708,1.252765,3.967967,5.222252,347
1598870300.906097412,1.405327,2.637031,4.043608,347
1598870300.939000368,1.340625,2.518180,3.860735,347
1598870300.971601963,1.465987,3.195478,4.662985,346
1598870301.005973339,1.297615,3.282749,4.581914,386
1598870301.039645433,1.535808,2.515480,4.052808,386
1598870301.072894096,1.339866,2.385748,3.727244,386
1598870301.106153965,1.292386,2.028984,3.323310,386
1598870301.139840126,1.538688,1.940593,3.480721,386
1598870301.172968149,1.291335,2.019714,3.312279,386
1598870301.207059860,1.306585,1.934763,3.242878,386
1598870301.239437103,1.252485,1.663359,2.917054,386
1598870301.272672415,1.317345,3.978167,5.296672,386
1598870301.306110382,1.344296,2.939415,4.285051,386
1598870301.340928078,1.253694,3.135177,4.390002,386
1598870301.373398781,1.247805,4.929578,6.179433,386
1598870301.406378269,1.304416,3.234588,4.540504,386
1598870301.439080954,1.322516,2.715562,4.039668,386
1598870301.474294662,1.352025,2.458269,3.811585,386
1598870301.507389069,1.366066,1.918033,3.285219,386
1598870301.540563822,1.228114,1.851372,3.080716,386
1598870301.572771788,1.255285,2.616950,3.873375,386
1598870301.608003139,1.352826,2.340678,3.694764,386
1598870301.640574217,1.268945,1.784341,3.054696,386
1598870301.673999310,1.312226,3.994047,5.307493,386
1598870301.707686901,1.170974,3.237028,4.409932,385
1598870301.741634607,1.452768,2.641281,4.095339,385
1598870301.774976254,1.257955,4.634785,5.894100,385
1598870301.808641672,1.329556,3.413610,4.744426,385
1598870301.842648745,1.347556,2.815603,4.164869,385
1598870301.874157667,1.472217,2.339838,3.813635,385
1598870301.908412695,1.358326,1.816561,3.176117,385
1598870301.941234827,1.298285,1.834932,3.134877,385
1598870301.975043297,1.327846,2.801073,4.130269,385
1598870302.008533239,1.401316,2.449039,3.852465,385
1598870302.042030811,1.259915,1.870352,3.131667,385
1598870302.075038671,1.345226,4.032538,5.378634,385
1598870302.108942032,1.380496,3.491581,4.873387,385
1598870302.142579556,1.500808,2.811093,4.313641,385
1598870302.175542831,1.269345,4.709975,5.980550,385
1598870302.208939075,1.258565,3.126157,4.386432,385
1598870302.241694689,1.459347,2.833984,4.294531,385
1598870302.276243925,1.421207,2.465999,3.888366,385
1598870302.309388161,1.450658,2.005173,3.456871,385
1598870302.342745781,1.262815,1.702980,2.967175,385
1598870302.375430584,1.403397,2.616930,4.021327,385
1598870302.407483101,1.188684,2.368038,3.558152,385
1598870302.442116022,1.269155,1.979994,3.250599,385
1598870302.476012230,1.424656,4.065728,5.491574,385
1598870302.507949829,1.306075,3.365700,4.672975,385
1598870302.542984724,1.242754,2.727623,3.972627,385
1598870302.576491594,1.431447,5.015669,6.448386,385
1598870302.609576225,1.198464,3.153037,4.352811,385
1598870302.643270016,1.313485,2.854764,4.169669,385
1598870302.676066637,1.361956,2.639811,4.003167,385
1598870302.709991932,1.270565,2.208356,3.480141,385
1598870302.743230343,1.615729,2.499030,4.115979,385
1598870302.776576281,1.610909,2.632291,4.245030,385
1598870302.809903383,1.234165,2.496099,3.731614,385
1598870302.843753815,1.276125,1.985554,3.263019,385
1598870302.877329350,1.451467,4.010997,5.463614,385
1598870302.910608053,1.223095,3.434960,4.659285,385
1598870302.943490028,1.345356,2.780023,4.126709,385
1598870302.977437258,1.346136,4.700875,6.048121,385
1598870303.009965181,1.269475,3.281329,4.552534,385
1598870303.043469906,1.368176,2.951615,4.321641,385
1598870303.077968359,1.388426,2.617461,4.007377,385
1598870303.110052586,1.280505,2.247136,3.529021,385
1598870303.143965721,1.280485,1.695670,2.977215,385
1598870303.177116632,1.264245,2.535010,3.800265,385
1598870303.211629629,1.233825,2.435359,3.670414,385
1598870303.243523598,1.326946,1.860762,3.188998,385
1598870303.277318954,1.372686,4.021087,5.394833,385
1598870303.311122656,1.627280,3.617582,5.246512,385
1598870303.344642639,1.349926,2.737492,4.089218,385
1598870303.378078699,1.319876,4.808667,6.129713,385
1598870303.411149502,1.271105,3.146787,4.418932,385
1598870303.444400787,1.412777,2.882584,4.297141,385
1598870303.477888823,1.478748,2.629831,4.109719,385
1598870303.511234045,1.305215,2.292667,3.598952,385
1598870303.544803619,1.340946,1.730980,3.073516,385
1598870303.579027653,1.172414,2.525980,3.699554,384
1598870303.610764265,1.359266,2.588491,3.949537,384
1598870303.645649672,1.563409,1.864892,3.430281,384
1598870303.678274870,1.610479,4.454842,6.067721,384
1598870303.711406708,1.563818,3.511812,5.077470,384
1598870303.745056391,1.497137,2.821663,4.320221,384
1598870303.778496027,1.347606,5.141071,6.490237,384
1598870303.811547041,1.319326,3.122057,4.442973,384
1598870303.844755173,1.256485,2.866954,4.125259,384
1598870303.878486633,1.455397,2.490929,3.948336,384
1598870303.911871910,1.291395,2.054045,3.346870,383
1598870303.946376801,1.421007,1.703330,3.125867,383
1598870303.978237629,1.289545,2.590291,3.881036,383
1598870304.013006210,1.358596,2.358328,3.718704,381
1598870304.046100855,1.420907,1.837521,3.260008,380
1598870304.080665588,1.217024,3.946187,5.164341,380
1598870304.112616777,1.285305,3.370810,4.657315,378
1598870304.145750046,1.390287,2.731642,4.122879,378
1598870304.178524494,1.304425,4.719036,6.026451,378
1598870304.219911814,1.367247,3.204677,4.573434,378
1598870304.246081352,1.378706,2.824194,4.204530,378
1598870304.279352188,1.236495,2.428258,3.666073,378
1598870304.313052654,1.303825,2.049364,3.354239,377
1598870304.346174002,1.350635,2.034485,3.386380,377
1598870304.379703283,1.204674,2.428758,3.634842,377
1598870304.413599491,1.288726,2.316057,3.605833,376
1598870304.445786953,1.356886,1.767351,3.125567,376
1598870304.483602524,1.245375,4.094288,5.341573,376
1598870304.512882948,1.315355,3.392220,4.708845,376
1598870304.546664953,1.251445,2.672412,3.925237,376
1598870304.581446409,1.398707,6.118722,7.518789,376
1598870304.613088369,1.462518,3.144627,4.608875,374
1598870304.646283627,1.291525,2.869554,4.162499,374
1598870304.680700302,1.536418,2.478119,4.016137,371
1598870304.712950230,1.450347,2.235146,3.686873,371
1598870304.746119261,1.790481,1.937493,3.729474,371
1598870304.780672789,1.632479,2.323627,3.957266,368
1598870304.814189911,1.725590,2.365518,4.092028,367
1598870304.846582651,1.662410,1.951653,3.615033,367
1598870304.882119417,1.697780,3.875496,5.573936,367
1598870304.914133787,1.665289,3.242798,4.909137,367
1598870304.946519852,1.755830,2.780323,4.537103,366
1598870304.979830265,1.672440,4.105468,5.779078,366
1598870305.014286280,1.742930,3.094737,4.838987,366
1598870305.047471762,1.723181,2.585030,4.309711,366
1598870305.080744743,1.784822,2.397318,4.183200,366
1598870305.114266634,1.706980,1.955223,3.663763,366
1598870305.146789789,1.253525,1.904502,3.159167,365
1598870305.180994272,1.274605,1.911562,3.187017,364
1598870305.213225365,1.308296,1.811211,3.120637,364
1598870305.246999741,1.140573,1.987233,3.128656,364
1598870305.280968904,1.316795,3.920066,5.237781,363
1598870305.314833641,1.497108,2.875184,4.373602,361
1598870305.349466562,1.129224,2.641811,3.772585,361
1598870305.381415844,1.371156,3.904546,5.277392,360
1598870305.414480209,1.476018,3.140317,4.617595,360
1598870305.447630644,1.215434,2.617741,3.834445,358
1598870305.483397007,1.954663,2.951335,4.909098,357
1598870305.521895170,1.872402,2.379638,4.253530,357
1598870305.551724434,1.660400,2.035974,3.697924,357
1598870305.583150625,1.748320,1.539809,3.289279,357
1598870305.615944624,1.786931,1.665750,3.453711,355
1598870305.648903847,1.646690,1.851021,3.498821,355
1598870305.682022095,1.684450,3.926466,5.612016,355
1598870305.714866161,1.722391,2.926444,4.649915,355
1598870305.748726130,1.601729,2.808163,4.411152,354
1598870305.780791283,1.678610,3.997807,5.678057,352
1598870305.815921545,1.453157,3.174517,4.628644,352
1598870305.848739386,1.168974,2.424809,3.594563,352
1598870305.881238222,1.321166,2.359857,3.681793,351
1598870305.915179014,1.438607,2.231906,3.671363,349
1598870305.949289083,1.195004,2.338397,3.534531,349
1598870305.982715130,1.261295,1.545198,2.807824,349
1598870306.015807867,1.299076,1.522168,2.822694,349
1598870306.048817635,1.229594,1.828382,3.058876,349
1598870306.081585169,1.245164,3.637413,4.883467,349
1598870306.116705656,1.440307,2.622870,4.064327,348
1598870306.148661375,1.268015,2.482830,3.752095,348
1598870306.182441473,1.322496,3.254148,4.577664,348
1598870306.215185642,1.427317,3.032675,4.461612,348
1598870306.250345230,1.137823,2.438309,3.577322,348
1598870306.282651663,1.368106,2.316478,3.685744,348
1598870306.316226244,1.333886,2.199106,3.534042,348
1598870306.351160526,1.156663,1.960363,3.117946,348
1598870306.382781267,1.164954,1.505947,2.671461,348
1598870306.416639566,1.337006,1.618389,2.957115,348
1598870306.455443859,1.404706,1.818021,3.223637,348
1598870306.484682083,1.386096,3.631343,5.018359,348
1598870306.520726919,1.235894,2.709972,3.947006,348
1598870306.553347349,1.251665,2.510359,3.763594,348
1598870306.584827900,1.213424,3.280699,4.495383,348
1598870306.617122173,1.180544,3.087426,4.269170,348
1598870306.649361134,1.215734,2.521570,3.738594,348
1598870306.683976173,1.413676,2.329158,3.743944,348
1598870306.716950178,1.435707,2.238607,3.675604,347
1598870306.751757860,1.313635,1.971763,3.286628,347
1598870306.783248663,1.304616,1.441937,2.747903,347
1598870306.816821098,1.283325,1.470997,2.755732,347
1598870306.850343227,1.322265,1.820552,3.143797,347
1598870306.884905815,1.227085,3.640463,4.868688,347
1598870306.917804241,1.225395,2.612551,3.839056,347
1598870306.951723099,1.254125,2.881784,4.136879,347
1598870306.983938932,1.387186,3.085267,4.473903,347
1598870307.017480373,1.236144,2.966445,4.204089,347
1598870307.050329685,1.200204,2.540120,3.741784,347
1598870307.084479809,1.380306,2.494440,3.876376,347
1598870307.117071390,1.185854,2.237976,3.425000,347
1598870307.150536299,1.126933,2.346768,3.474821,347
1598870307.184224606,1.204304,1.515088,2.720852,347
1598870307.217682600,1.195544,1.551838,2.748242,347
1598870307.251357555,1.232145,1.558878,2.792563,347
1598870307.284523726,1.384816,3.647943,5.034259,347
1598870307.318594456,1.314356,2.712952,4.028758,347
1598870307.351279497,1.284305,2.469269,3.755454,346
1598870307.384684801,1.327136,3.101666,4.430302,346
1598870307.417275429,1.198764,2.982845,4.182729,345
1598870307.450325489,1.253464,2.522870,3.779824,345
1598870307.485758543,1.341466,2.377908,3.720464,344
1598870307.517436504,1.198634,1.918803,3.118597,344
1598870307.552995443,1.278175,1.999084,3.278259,344
1598870307.585951090,1.119224,1.601048,2.721172,344
1598870307.620246649,1.188074,2.248337,3.437321,344
1598870307.653703690,1.411966,1.656580,3.070776,344
1598870307.689686537,1.298706,3.555762,4.855058,344
1598870307.720438242,1.472498,2.627571,4.101949,343
1598870307.755455017,1.283365,2.511669,3.797084,382
1598870307.787597179,1.294705,3.126747,4.422992,376
1598870307.821383953,1.331466,3.060126,4.392842,368
1598870307.854454041,1.212274,2.587951,3.801515,368
1598870307.889502764,1.214904,2.319518,3.535532,366
1598870307.921662569,1.259975,2.340367,3.601042,363
1598870307.958020449,1.207085,2.386488,3.594703,362
1598870307.995182276,1.140623,1.538808,2.680471,362
1598870308.024520874,1.301475,1.539238,2.841473,361
1598870308.059066772,1.235415,1.523958,2.760703,361
1598870308.092625141,1.370686,3.869186,5.240442,361
1598870308.124394417,1.307485,3.416981,4.725506,361
1598870308.157748938,1.638610,2.514479,4.154689,360
1598870308.189493895,1.513178,3.267709,4.781987,356
1598870308.222785711,1.313845,2.968565,4.283390,356
1598870308.258024454,1.163004,2.461489,3.626183,356
1598870308.290632963,1.235904,2.301257,3.538431,356
1598870308.326285362,1.243754,1.876882,3.121656,355
1598870308.357534647,1.100953,2.380128,3.482421,354
1598870308.390277147,1.203214,1.458877,2.663301,353
1598870308.422739506,1.275455,1.426887,2.703242,352
1598870308.458046198,1.276355,1.614759,2.891914,351
1598870308.489407063,1.324195,3.600323,4.925018,351
1598870308.523113966,1.305575,3.445941,4.752756,351
1598870308.558844090,1.305246,2.581520,3.888336,349
1598870308.591248989,1.281475,2.955554,4.238159,348
1598870308.626544952,1.221585,2.787752,4.010627,346
1598870308.656997681,1.312085,2.528880,3.842395,346
1598870308.690514326,1.267555,2.390038,3.658213,346
1598870308.723114967,1.341636,1.897113,3.239799,346
1598870308.758161306,1.300636,2.471049,3.772895,345
1598870308.790885448,1.217764,1.730201,2.948835,344
1598870308.824528217,1.294565,2.374848,3.670873,344
1598870308.857236147,1.327565,1.307606,2.636511,344
1598870308.891695976,1.100733,3.513202,4.614425,344
1598870308.923696756,1.481697,3.587513,5.070170,343
1598870308.964238405,1.380427,2.484779,3.866146,372
1598870308.991117716,1.429607,2.921864,4.352161,361
1598870309.023765564,1.360536,2.979785,4.341321,350
1598870309.058840752,1.214885,2.554260,3.770305,349
1598870309.091027975,1.350106,2.501949,3.853165,348
1598870309.124020100,1.372596,1.988104,3.362500,346
1598870309.158261538,1.310175,2.445869,3.757114,343
1598870309.193046570,1.444957,2.387428,3.833485,341
1598870309.225483894,1.302595,2.369878,3.673713,366
1598870309.258990526,1.294286,1.647609,2.942705,365
1598870309.291633606,1.206654,3.257249,4.465033,365
1598870309.324869156,1.259865,3.209208,4.470253,365
1598870309.358361959,1.091713,2.451519,3.544902,363
1598870309.392167091,1.345096,3.135837,4.481693,362
1598870309.425100803,1.279125,2.853424,4.134289,362
1598870309.464664698,1.125533,2.698612,3.825495,361
1598870309.492858887,1.440307,2.590711,4.032518,359
1598870309.525763988,1.279095,2.180915,3.461460,357
1598870309.558864117,1.224525,2.633891,3.859756,356
1598870309.596730947,1.176594,2.739142,3.916986,356
1598870309.627319336,1.261415,2.592081,3.854216,356
1598870309.659509659,1.131104,2.401758,3.533732,355
1598870309.695015907,1.268744,3.060907,4.330581,353
1598870309.729323864,1.273235,3.302689,4.576974,353
1598870309.760013580,1.231515,2.428238,3.660603,353
1598870309.792485714,1.226684,3.270599,4.498293,353
1598870309.833496809,1.406857,3.023576,4.432233,349
1598870309.858659267,1.630840,2.765892,4.399252,347
1598870309.893261433,2.060714,2.830903,4.895447,345
1598870309.928315163,1.754281,2.981325,4.738616,382
1598870309.960861683,2.037233,2.706492,4.748796,381
1598870309.992689610,1.613769,2.915434,4.532393,380
1598870310.025954723,1.667459,2.772603,4.444332,379
1598870310.059056520,1.667720,2.534269,4.207259,377
1598870310.092952967,1.627679,3.500792,5.131101,376
1598870310.126608849,1.687050,4.004317,5.696657,375
1598870310.160964251,1.554768,2.791823,4.350651,375
1598870310.193654537,1.374286,3.301409,4.677195,373
1598870310.227751732,1.351746,2.725552,4.078498,373
1598870310.263830423,1.466887,2.562191,4.030158,373
1598870310.298045397,1.611359,3.790254,5.403203,370
1598870310.331425667,1.682240,2.397658,4.081448,370
1598870310.362096071,1.433117,2.690241,4.124518,370
1598870310.395647287,1.591788,2.504000,4.096988,369
1598870310.428538322,1.790262,2.358037,4.149959,369
1598870310.460828304,1.527888,2.214586,3.743274,365
1598870310.495014429,1.473058,3.147947,4.622225,364
1598870310.528724194,1.511548,3.470081,4.982689,363
1598870310.561793327,1.469857,2.504199,3.975226,363
1598870310.595572472,1.437517,3.264209,4.702906,363
1598870310.629368782,1.373056,3.166687,4.540833,362
1598870310.662328482,1.330126,2.612081,3.943687,361
1598870310.695887327,1.502068,3.560131,5.063569,359
1598870310.729702473,1.217595,2.343787,3.562882,359
1598870310.763503075,1.490017,2.330707,3.822854,358
1598870310.797152758,1.496838,2.444099,3.942137,358
1598870310.830418587,1.245925,2.536559,3.784454,357
1598870310.864008665,1.295536,1.714940,3.012436,353
1598870310.898310184,1.274685,3.372650,4.648835,351
1598870310.931173325,1.446418,3.381599,4.829367,349
1598870310.965252638,1.443757,2.902284,4.347381,349
1598870310.998885155,1.427567,3.236538,4.665225,349
1598870311.031429768,1.508298,2.862514,4.372092,347
1598870311.065059662,1.511487,2.717362,4.229979,347
1598870311.099129200,1.417596,3.793055,5.211561,347
1598870311.132335663,1.451637,2.506600,3.959567,346
1598870311.166355371,1.279206,2.239656,3.520902,346
1598870311.199464321,1.232854,2.431519,3.665813,346
1598870311.234514236,1.524658,2.544051,4.070309,344
1598870311.267709494,1.325726,2.034714,3.362820,367
1598870311.300548792,1.267445,3.232088,4.500823,367
1598870311.333224535,1.364686,3.618903,4.984809,365
1598870311.365714073,1.452578,2.504209,3.958037,365
1598870311.399317741,1.463377,3.202278,4.666785,365
1598870311.435683250,1.494447,3.362860,4.859867,365
1598870311.469106197,1.276815,2.674732,3.952807,365
1598870311.499841928,1.819661,4.017577,5.838628,365
1598870311.533412933,2.022154,2.773223,4.798137,363
1598870311.566688538,1.920603,2.469979,4.392652,363
1598870311.599784136,1.807531,2.507140,4.316721,361
1598870311.633295774,1.678050,3.391660,5.071040,358
1598870311.674298286,1.662180,1.895002,3.558432,355
1598870311.703817606,1.749111,3.414400,5.164061,354
1598870311.736053944,1.821082,3.970287,5.792109,352
1598870311.768864155,1.778501,2.836143,4.616764,352
1598870311.801304340,1.802691,3.647183,5.451084,352
1598870311.835560560,1.777911,3.074367,4.853188,350
1598870311.870458364,1.983003,3.357650,5.341993,350
1598870311.903566837,1.530618,3.110207,4.643415,349
1598870311.932880402,1.359506,2.456879,3.817555,349
1598870311.966601372,1.556768,2.659712,4.218400,349
1598870312.000440359,1.797921,2.688742,4.488303,349
1598870312.033238173,1.842292,3.393990,5.237502,346
1598870312.066302061,1.778061,1.999684,3.780525,346
1598870312.100007296,1.778321,3.477281,5.256992,346
1598870312.132859468,1.557528,3.697224,5.257052,346
1598870312.166882992,1.397047,2.483569,3.882136,343
1598870312.200717926,1.496867,3.198638,4.696825,343
1598870312.234182835,1.679860,2.925255,4.606835,342
1598870312.267225981,2.125375,3.202298,5.328923,340
1598870312.301254749,1.920523,3.076776,4.998619,376
1598870312.333973646,1.832291,2.458989,4.292310,373
1598870312.367948771,1.740100,2.387988,4.129048,373
1598870312.401506424,1.823461,2.627911,4.452882,372
1598870312.433725595,1.617729,3.310569,4.929868,371
1598870312.467338324,1.335035,1.745311,3.081517,371
1598870312.501104116,1.347896,3.117527,4.466253,371
1598870312.533523560,1.365926,3.685103,5.052319,371
1598870312.568165302,1.285195,2.527330,3.813535,369
1598870312.600885391,1.337626,3.143887,4.482653,368
1598870312.637720585,1.410987,2.909304,4.321541,368
1598870312.667166471,1.357726,3.911746,5.270692,368
1598870312.702149153,1.330275,2.816804,4.148739,368
1598870312.737120152,1.274835,2.380458,3.656913,368
1598870312.770008326,1.373496,1.958934,3.334250,368
1598870312.802392006,1.227715,2.294327,3.523212,367
1598870312.836615562,1.385716,2.882834,4.269711,367
1598870312.867772818,1.318106,1.641789,2.961195,366
1598870312.901624680,1.202084,3.093756,4.297000,365
1598870312.934553623,1.315205,3.549532,4.865947,365
1598870312.969118357,1.476467,2.493580,3.971307,365
1598870313.004454374,1.316375,2.974475,4.291790,365
1598870313.035672188,1.520028,2.894984,4.416412,365
1598870313.068616152,1.247795,3.962416,5.211251,365
1598870313.102327824,1.473937,2.837524,4.312941,365
1598870313.134764433,1.322175,2.116715,3.440370,365
1598870313.169761419,1.224734,1.914292,3.140216,365
1598870313.202246189,1.424087,2.331967,3.757194,365
1598870313.240965605,1.315365,2.898455,4.215300,365
1598870313.272509813,1.271805,1.606669,2.879544,365
1598870313.304976702,1.351276,3.233588,4.586084,365
1598870313.337180138,1.331416,3.345329,4.677965,365
1598870313.371542215,1.180294,2.436329,3.617853,365
1598870313.404964685,1.264895,2.941824,4.207859,365
1598870313.436365366,1.252535,2.895404,4.149279,365
1598870313.470029354,1.124223,3.831835,4.957688,365
1598870313.502684832,1.432937,2.769462,4.203629,365
1598870313.535443783,1.249815,2.315817,3.566742,365
1598870313.570004463,1.306845,1.768941,3.077066,365
1598870313.604176044,1.239754,2.242327,3.483001,365
1598870313.639810085,1.198324,2.696682,3.895876,365
1598870313.671185732,1.318876,1.466697,2.786653,365
1598870313.705260277,1.369677,3.303259,4.674326,365
1598870313.736680031,1.400317,3.373330,4.776087,365
1598870313.741928339,1.212924,2.470269,3.684033,365
1598870313.769681215,1.486847,3.209178,4.699045,365
1598870313.804334402,1.722311,3.048626,4.772457,365
1598870313.838091135,1.772741,4.111269,5.889870,365
1598870313.871266127,1.719180,2.926845,4.647665,365
1598870313.905127287,1.772941,2.283216,4.057447,365
1598870313.939746141,1.610749,1.696380,3.308149,365
1598870313.972244501,1.837082,2.268667,4.106809,365
1598870314.006792307,1.864912,2.779623,4.645835,365
1598870314.039659500,1.700160,1.509328,3.210548,365
1598870314.072678089,1.709750,3.032476,4.743216,365
1598870314.107313156,1.558469,3.263608,4.823047,365
1598870314.140635490,1.439507,2.379798,3.820455,365
1598870314.173327208,1.314576,2.859103,4.174899,365
1598870314.207348108,1.487938,2.827573,4.316571,365
1598870314.240671396,1.200545,3.741904,4.943539,365
1598870314.274132967,1.501898,2.742442,4.246920,365
1598870314.307710171,1.508067,2.250567,3.759764,365
1598870314.341145754,1.260615,1.673320,2.935425,365
1598870314.373559237,1.198325,2.195145,3.394550,365
1598870314.412764072,1.457247,2.771713,4.230150,364
1598870314.441258669,1.230144,1.589549,2.820603,364
1598870314.474074364,1.326635,2.932645,4.260060,363
1598870314.509237766,1.324576,3.456490,4.781816,363
1598870314.541455269,1.196884,2.506910,3.705144,363
1598870314.573756218,1.355865,2.873394,4.230379,363
1598870314.607471704,1.478878,2.858624,4.338782,363
1598870314.641225100,1.222544,3.786395,5.010299,363
1598870314.673422575,1.339785,2.775803,4.116828,363
1598870314.707737446,1.251144,2.277027,3.529481,363
1598870314.742867470,1.265785,1.688810,2.955715,363
1598870314.773756504,1.407617,2.297377,3.705934,363
1598870314.807525635,1.202194,2.788013,3.991237,363
1598870314.840551138,1.206254,1.526028,2.733492,363
1598870314.873934746,1.419687,3.079866,4.500653,363
1598870314.908670664,1.483897,3.237199,4.722676,363
1598870314.941210270,1.649300,2.444378,4.094758,363
1598870314.975066662,1.702500,2.971405,4.675045,363
1598870315.007234573,1.839072,2.772222,4.612814,363
1598870315.040524721,1.761020,3.909097,5.671227,363
1598870315.075515270,1.681730,2.759862,4.442892,363
1598870315.107929468,1.733120,2.278657,4.013247,363
1598870315.143065691,1.703190,1.696550,3.400930,363
1598870315.174041986,1.680420,2.276987,3.958237,363
1598870315.207991362,1.710410,2.769053,4.480533,363
1598870315.240746498,1.687800,1.481307,3.170057,363
1598870315.274333954,1.610790,2.950004,4.561734,363
1598870315.307538033,1.409636,3.378470,4.790216,363
1598870315.342672110,1.270935,2.415618,3.687803,363
1598870315.375653505,1.385257,2.866724,4.253321,363
1598870315.408261538,1.414107,2.885224,4.300541,363
1598870315.441337347,1.295535,3.804365,5.101590,363
1598870315.474532127,1.470677,2.918345,4.390272,363
1598870315.508520126,1.208174,2.377198,3.587482,363
1598870315.541349888,1.282135,1.679070,2.962735,363
1598870315.574959040,1.389506,2.333608,3.724184,363
1598870315.608934164,1.446537,2.684772,4.132419,363
1598870315.641079903,1.393387,1.494437,2.889104,363
1598870315.674834728,1.337906,3.043275,4.382821,363
1598870315.708920240,1.288285,3.100157,4.389472,363
1598870315.741806746,1.304175,2.341608,3.647003,363
1598870315.775614262,1.454817,2.919305,4.375302,363
1598870315.809320927,1.232985,2.737052,3.971157,363
1598870315.843322754,1.175764,3.559441,4.736735,363
1598870315.876750708,1.457777,2.864724,4.323851,363
1598870315.910326242,1.307015,2.277487,3.585592,363
1598870315.943907738,1.145464,1.950223,3.096837,363
1598870315.978296757,1.281435,2.349328,3.632503,363
1598870316.010971069,1.347436,2.738882,4.088138,363
1598870316.047680378,1.163583,1.500798,2.665551,363
1598870316.080493450,1.177253,2.985886,4.164079,363
1598870316.115196466,1.281005,2.939675,4.221990,363
1598870316.147688627,1.319185,2.364558,3.685173,363
1598870316.179955482,1.161333,2.922685,4.085068,363
1598870316.213324308,1.272105,2.807213,4.080548,363
1598870316.245746136,1.194504,3.466211,4.661705,363
1598870316.284399748,1.425197,2.755223,4.181550,363
1598870316.314506769,1.366626,2.362398,3.730764,363
1598870316.348238707,1.452037,2.119165,3.572722,363
1598870316.380599260,1.272695,2.301097,3.574782,363
1598870316.416628599,1.372996,2.662791,4.036838,362
1598870316.449442625,1.274495,1.542148,2.818543,362
1598870316.481508017,1.176054,2.837504,4.014698,362
1598870316.515311480,1.240885,2.876704,4.119129,362
1598870316.548291683,1.341136,2.289977,3.632193,362
1598870316.582056761,1.199524,2.794303,3.994947,362
1598870316.616549492,1.244865,2.773663,4.019518,362
1598870316.649256706,1.138603,3.336540,4.476163,362
1598870316.682336807,1.256195,2.751882,4.009367,362
1598870316.716870070,1.374146,2.427009,3.803335,362
1598870316.749697447,1.420446,1.624449,3.046135,362
1598870316.783555746,1.422267,2.290607,3.714114,362
1598870316.817572117,1.341395,2.822414,4.165219,362
1598870316.850106478,1.191564,1.491448,2.684562,362
1598870316.884966850,1.375476,3.135997,4.512313,362
1598870316.919856071,1.324145,3.328809,4.654174,362
1598870316.951842308,1.382816,2.482009,3.866205,362
1598870316.987484217,1.269495,3.003695,4.274620,362
1598870317.020028591,1.379676,2.920985,4.301821,362
1598870317.052975416,1.305285,3.608292,4.915017,362
1598870317.085888386,1.235475,2.920644,4.157379,362
1598870317.120259523,1.305766,1.989403,3.296869,362
1598870317.153035164,1.250075,1.731480,2.982745,362
1598870317.191620350,1.320215,2.317697,3.638912,362
1598870317.221252441,1.325526,2.759722,4.086328,362
1598870317.257491112,1.417136,1.543048,2.962354,362
1598870317.289801359,1.161074,3.214398,4.376932,362
1598870317.323275805,1.545639,3.381720,4.928829,362
1598870317.355293989,1.482637,2.551520,4.035797,362
1598870317.392607450,1.472437,3.006026,4.479633,362
1598870317.422075748,1.664299,2.903345,4.568874,362
1598870317.460950136,1.431707,3.813395,5.246292,362
1598870317.489223719,1.440937,2.907644,4.349571,362
1598870317.527237177,1.582359,2.490279,4.074098,362
1598870317.557659626,1.402857,2.344108,3.748445,362
1598870317.592058659,1.277285,2.670761,3.949316,362
1598870317.623734474,1.209274,3.062716,4.273330,362
1598870317.657361031,1.412266,1.530458,2.943874,362
1598870317.690374136,1.474207,4.015618,5.491035,362
1598870317.726619720,1.717180,3.601342,5.319342,362
1598870317.758325577,1.486418,3.482341,4.969919,362
1598870317.791766167,1.521478,2.980565,4.502873,362
1598870317.826056004,1.487757,3.348840,4.838457,362
1598870317.859279633,1.490768,3.882305,5.374123,362
1598870317.897512197,1.307226,2.828343,4.137299,361
1598870317.928378344,1.321266,2.712011,4.034817,361
1598870317.959872961,1.406997,2.326497,3.734824,361
1598870317.993092537,1.318385,2.326127,3.645692,361
1598870318.027270794,1.347086,3.475021,4.823547,361
1598870318.061166763,1.234844,1.550769,2.786943,361
1598870318.096862555,1.286025,3.189988,4.477453,361
1598870318.129112720,1.562689,3.719023,5.283042,361
1598870318.161643505,1.328046,2.489079,3.818935,361
1598870318.195861578,1.529098,3.136017,4.666645,361
1598870318.228675365,1.452787,2.952205,4.406922,361
1598870318.261873722,1.233685,3.754124,4.989059,361
1598870318.296485901,1.380546,2.864224,4.246370,361
1598870318.329399347,1.138623,2.457839,3.597672,360
1598870318.363593340,1.152113,2.463439,3.616692,360
1598870318.396751881,1.306775,2.374728,3.682633,360
1598870318.431883097,1.459817,3.219918,4.681225,360
1598870318.470117569,1.428147,1.567598,2.996935,360
1598870318.499569416,1.220984,3.121587,4.343441,360
1598870318.532965183,1.420107,3.882936,5.304393,360
1598870318.565992355,1.213415,2.669891,3.884866,360
1598870318.601898432,1.353375,3.248549,4.603344,360
1598870318.633889675,1.537598,3.384620,4.923588,360
1598870318.666064262,1.266135,3.576802,4.844087,360
1598870318.699599504,1.403247,2.839393,4.243640,360
1598870318.732304811,1.369096,2.819053,4.189499,360
1598870318.765653133,1.160954,2.439119,3.601093,360
1598870318.798727989,1.307705,2.381618,3.690683,360
1598870318.834152699,1.301876,3.256748,4.559914,360
1598870318.866448402,1.384476,1.552129,2.938215,360
1598870318.900316715,1.255305,3.189707,4.446012,360
1598870318.933723211,1.241734,3.504912,4.748546,360
1598870318.967565775,1.164714,2.569960,3.736024,360
1598870319.000893831,1.421007,3.568662,4.991079,360
1598870319.034172535,1.241255,2.905194,4.148209,360
1598870319.068247557,1.220564,3.490431,4.712345,360
1598870319.101869822,1.389047,2.885804,4.276191,360
1598870319.135500908,1.198864,2.496019,3.696143,360
1598870319.170122147,1.535068,2.443289,3.980187,360
1598870319.202092171,1.229574,2.355478,3.586222,359
1598870319.235824585,1.200944,3.077146,4.279370,359
1598870319.269188643,1.349546,1.387007,2.737643,359
1598870319.303364277,1.309296,3.242798,4.553214,356
1598870319.336455345,1.288875,3.522762,4.813587,355
1598870319.370478153,1.274905,2.595061,3.871316,354
1598870319.404536724,1.379566,3.135827,4.516293,354
1598870319.438092947,1.302465,3.013876,4.319121,354
1598870319.443290710,1.301785,3.427661,4.730446,354
1598870319.470552206,1.279866,2.887004,4.167970,351
1598870319.506296396,1.417007,2.479089,3.897426,351
1598870319.539142847,1.290515,2.466879,3.759464,351
1598870319.572031975,1.358506,2.503449,3.863265,351
1598870319.606073856,1.370856,3.250268,4.622354,351
1598870319.639772654,1.356006,1.617269,2.975985,351
1598870319.674266815,1.275625,3.338629,4.615814,351
1598870319.706929207,1.241665,4.007077,5.250982,351
1598870319.739823818,1.164343,2.504170,3.670103,351
1598870319.773696661,1.273935,3.181868,4.456623,350
1598870319.807823896,1.439697,2.989825,4.430922,350
1598870319.841531277,1.389526,4.104258,5.495354,350
1598870319.873735428,1.442517,2.899294,4.343791,350
1598870319.908320665,1.703090,2.894104,4.599054,349
1598870319.941941977,1.642389,2.325518,3.969407,348
1598870319.976604462,1.705020,3.163398,4.870598,348
1598870320.009124756,1.953632,3.603223,5.559715,348
1598870320.043605566,1.825662,1.573208,3.400890,348
1598870320.075429916,1.584919,3.432640,5.018679,348
1598870320.109898567,1.500468,3.613572,5.115810,348
1598870320.142592907,1.263785,2.576951,3.842406,348
1598870320.177155256,1.227244,3.204128,4.432462,348
1598870320.209930420,1.455628,2.894634,4.351932,348
1598870320.244346857,1.396507,3.642653,5.040320,348
1598870320.276921272,1.641510,2.950765,4.593475,348
1598870320.311266422,1.428637,2.686471,4.116738,348
1598870320.344296455,1.373446,1.969623,3.344379,348
1598870320.379025698,1.398466,2.560010,3.960366,348
1598870320.412938356,1.306745,3.066197,4.374162,348
1598870320.445755243,1.194224,1.647039,2.842203,348
1598870320.479271889,1.418707,3.345160,4.765577,348
1598870320.512860775,1.570569,3.321239,4.893488,348
1598870320.545920134,1.732931,3.276959,5.010770,348
1598870320.579672337,1.558519,3.746644,5.307293,348
1598870320.613162279,1.451477,2.937685,4.390842,348
1598870320.653259993,1.227715,3.509771,4.740166,348
1598870320.680454731,1.275755,2.886704,4.164469,348
1598870320.713974953,1.252424,2.187206,3.441030,348
1598870320.747580051,1.390197,1.985943,3.378300,348
1598870320.781067610,1.326826,2.505819,3.834475,348
1598870320.815293074,1.200124,3.052256,4.253920,348
1598870320.848992825,1.215624,1.568879,2.785763,348
1598870320.882158279,1.334406,3.168807,4.504343,348
1598870320.916920424,1.201595,3.009505,4.212630,348
1598870320.949328184,1.344006,2.593821,3.939197,348
1598870320.982674837,1.196344,3.086307,4.284061,348
1598870321.017041683,1.408107,3.862365,5.272762,348
1598870321.050216913,1.376096,3.731114,5.109630,348
1598870321.083498478,1.493798,2.890044,4.386392,348
1598870321.117993355,1.290176,2.937274,4.230330,348
1598870321.150711536,1.169524,1.757271,2.928265,348
1598870321.184262753,1.218245,2.459649,3.679204,348
1598870321.218251228,1.248074,2.960895,4.211049,348
1598870321.251235962,1.124143,1.576618,2.702061,348
1598870321.285100222,1.105922,3.227799,4.334121,348
1598870321.319456339,1.298676,3.101776,4.402862,348
1598870321.352365494,1.424007,2.514410,3.939547,348
1598870321.385728121,1.320995,3.122527,4.444242,348
1598870321.420357466,1.274685,2.896965,4.173800,348
1598870321.453444004,1.231085,3.312589,4.545004,348
1598870321.487007618,1.217794,2.833794,4.052568,348
1598870321.521161318,1.270325,2.648831,3.919936,348
1598870321.561419249,1.352706,1.975733,3.330809,348
1598870321.587396622,1.261655,2.674162,3.936897,348
1598870321.621576309,1.308766,2.921034,4.232270,348
1598870321.654647827,1.215665,1.625099,2.842824,348
1598870321.689020157,1.311155,3.025876,4.337951,348
1598870321.722354650,1.524368,3.003365,4.530143,348
1598870321.755492210,1.445457,2.509119,3.955776,348
1598870321.789577723,1.449727,2.937495,4.388332,348
1598870321.823559999,1.330396,2.783543,4.115459,348
1598870321.856939554,1.192514,3.062306,4.255690,348
1598870321.890625000,1.461187,2.964895,4.427572,348
1598870321.924600840,1.484697,2.379518,3.865745,348
1598870321.957696199,1.268875,1.713910,2.984165,348
1598870321.991748095,1.342255,2.563901,3.907956,347
1598870322.025464773,1.300396,2.947744,4.249080,347
1598870322.058881521,1.418147,1.723960,3.143807,347
1598870322.092509985,1.441527,3.114746,4.557563,345
1598870322.126093388,1.410667,2.779592,4.192199,379
1598870322.159665346,1.322326,2.594420,3.918516,373
1598870322.193186998,1.615639,2.977095,4.594524,366
1598870322.227451801,1.378437,3.051616,4.431633,362
1598870322.259702206,1.368216,3.099357,4.469683,359
1598870322.294028521,1.516678,3.387220,4.906688,356
1598870322.327309608,1.530208,2.406698,3.938346,353
1598870322.360833168,1.476367,1.855992,3.333419,350
1598870322.394134521,1.417737,2.431868,3.850575,347
1598870322.428426266,1.282946,2.758172,4.042378,347
1598870322.461620569,1.191174,1.582229,2.774363,347
1598870322.495246649,1.559729,3.525341,5.086170,347
1598870322.529731035,1.523278,3.355219,4.879687,347
1598870322.561777115,1.620349,2.479539,4.101408,347
1598870322.596065998,1.649719,2.943665,4.594594,346
1598870322.633369446,1.363716,2.811363,4.176279,346
1598870322.663111687,1.509998,2.565610,4.077018,346
1598870322.698165178,1.383366,2.850474,4.234510,346
1598870322.737470627,1.268475,2.731222,4.001047,346
1598870322.769310951,1.364346,1.597019,2.962655,346
1598870322.799496174,1.254685,2.240386,3.496651,346
1598870322.833736420,1.285855,2.590230,3.877316,346
1598870322.867280006,1.387396,1.549068,2.938334,345
1598870322.898779154,1.585409,3.379420,4.966979,375
1598870322.932728052,1.545418,2.585480,4.132598,371
1598870322.965968609,1.322486,3.069976,4.394512,371
1598870322.997695923,1.421577,2.842543,4.265100,370
1598870323.036931753,1.333826,2.715622,4.050918,369
1598870323.065308332,1.314095,2.385349,3.700524,369
1598870323.098632812,1.249644,2.604491,3.855255,369
1598870323.132477045,1.261764,2.386748,3.649732,368
1598870323.167369843,1.548548,1.931573,3.481811,368
1598870323.199813128,1.238434,2.252037,3.491801,368
1598870323.232047558,1.389826,2.566830,3.957506,367
1598870323.264645338,1.477998,2.884824,4.364612,366
1598870323.299522638,1.705500,4.417592,6.124332,366
1598870323.330925226,1.379236,3.500021,4.880657,366
1598870323.365608454,1.272535,2.376318,3.649873,366
1598870323.399928808,1.280675,2.772343,4.054008,366
1598870323.432835102,1.299156,2.708681,4.009407,366
1598870323.466937542,1.210544,2.437159,3.649323,366
1598870323.498554945,1.329176,2.744142,4.074508,366
1598870323.531941414,1.290085,2.382898,3.674163,363
1598870323.564926147,1.193074,2.343967,3.538501,361
1598870323.599454403,1.369176,2.358958,3.729494,360
1598870323.631566525,1.276795,2.708972,3.986377,360
1598870323.666448355,1.679190,3.129516,4.809976,360
1598870323.699159861,1.747200,3.322380,5.071820,360
1598870323.733056307,1.834392,2.852834,4.688406,360
1598870323.766746283,1.671250,2.713742,4.386212,360
1598870323.798712492,1.699350,2.934754,4.635824,359
1598870323.836958647,1.787161,2.673391,4.462142,358
1598870323.865999222,1.653800,2.413428,4.068298,358
1598870323.898790359,1.748111,2.727532,4.476623,358
1598870323.931812763,1.757270,2.470109,4.228379,356
1598870323.969482899,1.909623,2.444299,4.354742,354
1598870324.000771999,1.540888,2.052255,3.594973,354
1598870324.031653881,1.258324,2.860764,4.120688,354
1598870324.069382906,1.259984,2.966305,4.227710,351
1598870324.099595785,1.434477,3.189557,4.625264,351
1598870324.136724710,1.323515,2.645572,3.970437,351
1598870324.168381214,1.271345,2.304657,3.577052,350
1598870324.198777437,1.486607,2.713832,4.201759,349
1598870324.232637882,1.311746,2.618240,3.931606,348
1598870324.265975952,1.221285,2.445248,3.667943,347
1598870324.300669670,1.237984,2.712152,3.951696,347
1598870324.333238125,1.187334,2.382569,3.570863,347
1598870324.367051840,1.396197,1.721500,3.118697,347
1598870324.399645805,1.308586,1.861481,3.171677,347
1598870324.431702137,1.217664,3.107307,4.326191,346
1598870324.469625473,1.217834,2.866464,4.085268,345
1598870324.498136520,1.356245,3.156058,4.513284,345
1598870324.531941891,1.387856,2.708782,4.097608,342
1598870324.571505547,1.206604,2.295597,3.503451,342
1598870324.603048086,1.243695,2.569790,3.814805,342
1598870324.634683609,1.659030,2.683611,4.343821,341
1598870324.668345690,1.325686,2.452298,3.779644,375
1598870324.699865818,1.435147,2.669482,4.105739,375
1598870324.732786655,1.298815,2.516510,3.816405,369
1598870324.766900778,1.412537,1.877882,3.291569,366
1598870324.799518347,1.392496,1.940103,3.333519,366
1598870324.832401991,1.291786,2.907544,4.200390,363
1598870324.868736982,1.176053,2.399009,3.576202,363
1598870324.900246620,1.356446,3.297748,4.655754,358
1598870324.932829857,1.239515,2.825973,4.066948,357
1598870324.966533422,1.240294,2.745463,3.987157,357
1598870324.999666214,1.432427,2.885704,4.319531,357
1598870325.033710718,1.228634,3.567142,4.797096,356
1598870325.067481041,1.419107,2.494379,3.915036,356
1598870325.100759745,1.785811,2.772953,4.560184,355
1598870325.133071184,1.410717,3.032085,4.444442,355
1598870325.168446541,1.540088,2.493010,4.034188,355
1598870325.199736357,1.662560,2.135685,3.799375,354
1598870325.233027935,1.709090,3.240298,4.950068,353
1598870325.266637325,1.674410,3.087427,4.763907,353
1598870325.299462080,1.294895,3.351600,4.647685,353
1598870325.332410574,1.269315,3.089057,4.359502,353
1598870325.365797520,1.171393,2.250587,3.423050,353
1598870325.400698185,1.183414,2.934225,4.118909,352
1598870325.432853222,1.840942,3.926626,5.769458,352
1598870325.468655109,1.840312,2.570790,4.412862,352
1598870325.506656408,1.737251,2.780812,4.519003,352
1598870325.534451485,1.679640,2.649521,4.330551,352
1598870325.569430828,1.738091,3.032775,4.771756,352
1598870325.601314545,1.772831,2.403199,4.178340,351
1598870325.633603811,1.540638,2.660991,4.202859,351
1598870325.672071695,1.340656,2.258606,3.600682,351
1598870325.702342749,1.483787,3.393930,4.879058,351
1598870325.734167337,1.303926,3.115387,4.420613,351
1598870325.768538713,1.277695,2.218647,3.497402,351
1598870325.802857876,1.300345,3.148747,4.450722,351
1598870325.834856987,1.250475,3.132376,4.384061,351
1598870325.870270252,1.348636,2.434059,3.784165,351
1598870325.902930498,1.191894,2.708912,3.901956,351
1598870325.937225819,1.311805,2.740503,4.053218,351
1598870325.972326756,1.226394,2.399338,3.627122,349
1598870326.002434492,1.202974,2.500339,3.704654,346
1598870326.036561489,1.283395,2.626221,3.910846,345
1598870326.070423603,1.308776,2.143065,3.453141,345
1598870326.102378845,1.419087,3.412980,4.834217,344
1598870326.135719538,1.378606,3.345310,4.725326,381
1598870326.168991089,1.496398,2.343847,3.842115,381
1598870326.208754778,1.523828,3.579933,5.105501,380
1598870326.239023447,1.605029,3.339969,4.947648,380
1598870326.271058083,1.371076,2.502500,3.875826,380
1598870326.304430962,1.533218,2.817903,4.352501,380
1598870326.337688923,1.807801,2.778232,4.587673,380
1598870326.371186972,1.562739,2.504669,4.068858,380
1598870326.407877445,1.425607,2.323107,3.750194,379
1598870326.438144207,1.360926,2.644651,4.006737,379
1598870326.471760750,1.386697,1.818561,3.206738,378
1598870326.505515814,1.313626,4.576664,5.892030,377
1598870326.545213938,1.341856,3.419380,4.762766,375
1598870326.574096680,1.325086,2.196986,3.523542,375
1598870326.609528303,1.238274,3.322490,4.562044,371
1598870326.616403341,1.383066,3.152678,4.536684,368
1598870326.640871286,1.386697,2.514649,3.902556,367
1598870326.673834562,1.308055,2.883934,4.192949,365
1598870326.708793402,1.385136,2.598401,3.984937,361
1598870326.743406773,1.327736,2.140035,3.469261,357
1598870326.774043798,1.574179,2.533130,4.109509,355
1598870326.807675600,1.318136,3.176347,4.495563,355
1598870326.840982676,1.348896,1.543638,2.895724,355
1598870326.875091314,1.491608,4.056418,5.549246,353
1598870326.908701658,1.298265,3.411940,4.712235,352
1598870326.942350864,1.203885,2.192995,3.398190,352
1598870326.975772142,1.451297,3.109827,4.562364,351
1598870327.009655476,1.209564,2.912465,4.123529,350
1598870327.046236038,1.214994,2.782033,4.000647,349
1598870327.075883150,1.395406,2.906584,4.303600,347
1598870327.110106468,1.233425,2.579360,3.814145,347
1598870327.143759012,1.122873,2.296717,3.421570,347
1598870327.179587126,1.500728,2.338097,3.839925,347
1598870327.211170435,1.278275,2.632281,3.911826,345
1598870327.248606205,1.270486,1.456817,2.728493,345
1598870327.279441118,1.460257,3.853645,5.315032,345
1598870327.312255621,1.281865,3.363480,4.646935,345
1598870327.345601320,1.215945,2.223306,3.440611,345
1598870327.380626440,1.646149,3.242548,4.890447,343
1598870327.413817883,1.312335,3.065087,4.378742,376
1598870327.446627378,1.406687,2.358467,3.766864,375
1598870327.480246305,1.219014,2.886624,4.106768,374
1598870327.513420582,1.291505,2.679372,3.972317,374
1598870327.547850609,1.405097,2.257907,3.664164,374
1598870327.580568075,1.213084,2.393878,3.608222,374
1598870327.614163160,1.377286,2.665622,4.044088,373
1598870327.648021936,1.236074,1.445227,2.682671,373
1598870327.684382439,1.293635,3.878245,5.172850,373
1598870327.714524508,1.466828,3.523851,4.994169,372
1598870327.749198914,1.356076,2.240506,3.599432,372
1598870327.782230377,1.290465,4.288420,5.580285,372
1598870327.820271730,1.494338,3.001835,4.497653,371
1598870327.850833416,1.338246,2.321337,3.660933,371
1598870327.882875919,1.389957,2.875364,4.266771,369
1598870327.917214394,1.490848,2.604141,4.096419,369
1598870327.950484991,1.258085,2.221266,3.480411,369
1598870327.983711481,1.198214,2.412219,3.612643,368
1598870328.017683744,1.225524,2.630761,3.857485,368
1598870328.051195145,1.411087,1.481798,2.894695,367
1598870328.084406614,1.228305,3.732304,4.961519,367
1598870328.121400118,1.432497,3.351680,4.785447,366
1598870328.152587891,1.243515,2.211776,3.456461,365
1598870328.185559511,1.238734,3.908016,5.147960,364
1598870328.222349644,1.415127,2.728072,4.145509,363
1598870328.253145218,1.379606,2.339518,3.720244,362
1598870328.289960861,1.123323,2.882064,4.006457,362
1598870328.322155237,1.404307,2.601250,4.006607,362
1598870328.352839470,1.265934,2.308248,3.575542,361
1598870328.396809578,1.249185,2.313707,3.564172,360
1598870328.422904015,1.223084,2.380718,3.605022,360
1598870328.456682920,1.256095,1.387826,2.645371,360
1598870328.492250443,1.431267,3.746674,5.178941,359
1598870328.521368027,1.499618,3.342519,4.843517,359
1598870328.555885077,1.313776,2.153365,3.468251,359
1598870328.590665340,1.324375,3.873546,5.199241,358
1598870328.622526646,1.403837,2.642221,4.047338,358
1598870328.656279564,1.364827,2.241626,3.607793,353
1598870328.689978361,1.142934,2.930144,4.074528,352
1598870328.726951599,1.284145,2.461799,3.748064,351
1598870328.760365486,1.372536,2.216956,3.590632,350
1598870328.792232513,1.326076,2.381338,3.708394,349
1598870328.826672316,1.296285,2.398239,3.695524,347
1598870328.861239910,1.305806,1.439007,2.746223,347
1598870328.890982389,1.308235,3.829165,5.138800,346
1598870328.960391045,1.262125,3.231678,4.495243,345
1598870328.991899729,1.300065,2.162805,3.464290,345
1598870329.025846958,1.357926,4.007897,5.367183,345
1598870329.059715033,1.123803,2.666942,3.792145,345
1598870329.093268394,1.214644,2.233637,3.450061,345
1598870329.126205206,1.249515,2.775883,4.026538,345
1598870329.161081076,1.355196,2.407489,3.763715,345
1598870329.193467617,1.298545,2.247917,3.547452,344
1598870329.227244377,1.410087,2.406418,3.817635,343
1598870329.262216091,1.178234,2.382108,3.561482,343
1598870329.294365406,1.342256,1.381966,2.725702,343
1598870329.328763485,1.234185,3.333729,4.568824,343
1598870329.363110065,1.528398,3.296089,4.826107,343
1598870329.402828932,1.585759,2.203016,3.789965,343
1598870329.432687283,1.395086,3.826605,5.222871,343
1598870329.464871407,1.372376,2.635641,4.009487,343
1598870329.495794773,1.340245,2.259167,3.601002,343
1598870329.530025482,1.261115,3.009515,4.271920,343
1598870329.565288305,1.239484,2.487280,3.728124,343
1598870329.596569538,1.445667,2.268827,3.715764,343
1598870329.631986856,1.519468,2.475929,3.996517,343
1598870329.665629148,1.623339,2.635051,4.259270,343
1598870329.697524309,1.413616,1.496368,2.911434,343
1598870329.737856627,1.390766,3.476871,4.868507,343
1598870329.768435001,1.207834,3.038046,4.247100,343
1598870329.801205635,1.556109,2.189055,3.746844,343
1598870329.832805872,1.355927,3.881715,5.239072,343
1598870329.867994785,1.226264,2.726102,3.953656,343
1598870329.900008917,1.340315,2.296147,3.637722,343
1598870329.936467648,1.453027,2.741212,4.195639,343
1598870329.968059063,1.208974,2.511600,3.721834,343
1598870330.004143476,1.354436,1.859222,3.214598,343
1598870330.035241365,1.445437,2.376208,3.822535,343
1598870330.068799257,1.201374,2.517700,3.720154,343
1598870330.102279663,1.333936,1.450997,2.786073,343
1598870330.135868073,1.323355,3.417311,4.741466,343
1598870330.169058561,1.204834,2.983525,4.189609,343
1598870330.200634718,1.311775,2.225336,3.538891,343
1598870330.232786894,1.187814,3.848336,5.037420,343
1598870330.267039537,1.204034,2.681142,3.886626,343
1598870330.301518202,1.416297,2.234727,3.652224,343
1598870330.333343506,1.431517,2.706481,4.139148,342
1598870330.368246317,1.464927,2.494729,3.960926,382
1598870330.402450085,1.253445,1.836032,3.090427,382
1598870330.433042288,1.210834,2.371128,3.583272,382
1598870330.468514919,1.459457,2.459029,3.919746,382
1598870330.500186443,1.433807,1.485187,2.920354,382
1598870330.533293009,1.285235,3.167597,4.453762,382
1598870330.570946455,1.341946,3.071296,4.414692,382
1598870330.604821205,1.370056,2.187816,3.559192,382
1598870330.634618521,1.251755,3.701474,4.954579,382
1598870330.667138338,1.286055,2.640771,3.927916,382
1598870330.700156212,1.396637,2.246486,3.644643,382
1598870330.738394260,1.292756,4.097368,5.391514,382
1598870330.773112535,1.307625,2.463129,3.772255,382
1598870330.801710367,1.373216,1.856791,3.231167,382
1598870330.836896181,1.280165,2.448368,3.729973,382
1598870330.869791508,1.541728,2.697772,4.241640,382
1598870330.902379990,1.809001,1.458617,3.269128,382
1598870330.937021255,1.654090,3.220508,4.876038,382
1598870330.969388008,1.488447,2.919235,4.409062,382
1598870331.002120495,1.402196,2.147016,3.550602,382
1598870331.036082268,1.292425,3.707324,5.001119,382
1598870331.070660114,1.317705,2.661432,3.980357,382
1598870331.101913214,1.459057,2.322978,3.783345,382
1598870331.133449078,1.188454,4.613855,5.804009,382
1598870331.168487072,1.503918,2.681322,4.187050,382
1598870331.202542543,1.219075,1.833871,3.054556,382
1598870331.235889912,1.294106,2.096454,3.391930,382
1598870331.272726536,1.421777,2.410259,3.833826,382
1598870331.300397158,1.180574,1.478537,2.660431,382
1598870331.335750103,1.293445,3.429680,4.724315,382
1598870331.368137360,1.280045,2.948165,4.229370,382
1598870331.401725292,1.354676,2.180555,3.536361,382
1598870331.434878826,1.363656,3.916356,5.281282,382
1598870331.468555450,1.461557,2.657501,4.121348,382
1598870331.501979113,1.256735,2.248456,3.506201,382
1598870331.535868406,1.354306,4.088308,5.444374,382
1598870331.569629669,1.466078,2.607240,4.074768,382
1598870331.605450630,1.210694,2.226286,3.438340,382
1598870331.640926838,1.380787,2.491619,3.873686,382
1598870331.669196367,1.440527,2.561661,4.003668,382
1598870331.701930523,1.486947,1.481138,2.969495,382
1598870331.735249519,1.559478,3.568262,5.128780,382
1598870331.769434214,1.400286,3.165037,4.566613,382
1598870331.801749945,1.492378,2.243626,3.737144,382
1598870331.834114075,1.538418,3.793835,5.333373,382
1598870331.869365692,1.546688,2.812603,4.361011,382
1598870331.901998043,1.287295,2.229876,3.526361,382
1598870331.936051130,1.301676,4.100538,5.404234,382
1598870331.969447374,1.243425,2.658561,3.903476,382
1598870332.005061865,1.255765,1.875692,3.132797,382
1598870332.037987709,1.476078,2.365038,3.842636,382
1598870332.071871996,1.561418,2.630541,4.193349,382
1598870332.102293730,1.319616,1.398396,2.719302,382
1598870332.134748697,1.338886,3.294229,4.634395,382
1598870332.169798374,1.414857,2.937155,4.353672,382
1598870332.202378273,1.485747,2.106735,3.593952,382
1598870332.235997915,1.546778,3.576422,5.124280,382
1598870332.273408890,1.457717,2.475959,3.935396,382
1598870332.301796913,1.237664,2.442799,3.681923,382
1598870332.335623264,1.319756,4.465582,5.786848,382
1598870332.369557619,1.559298,2.595671,4.156759,382
1598870332.402754068,1.382076,1.905703,3.288969,382
1598870332.435450792,1.402707,2.349118,3.753075,382
1598870332.473525286,1.474448,2.459009,3.935687,382
1598870332.503077269,1.277555,1.518698,2.797533,382
1598870332.537637949,1.363886,3.255828,4.620714,382
1598870332.571096897,1.290125,2.852834,4.144169,382
1598870332.604836226,1.203234,2.300497,3.504901,382
1598870332.635118008,1.292026,3.665963,4.959129,382
1598870332.670560122,1.369716,2.693211,4.064347,382
1598870332.703134298,1.222714,2.237577,3.461651,382
1598870332.735426188,1.318795,3.995847,5.315872,382
1598870332.769904852,1.436357,2.484459,3.922266,382
1598870332.802231073,1.319586,1.874712,3.195948,382
1598870332.835824490,1.478448,2.301637,3.781595,382
1598870332.871543407,1.410106,2.471869,3.883265,382
1598870332.905776024,1.414467,1.526368,2.942095,382
1598870332.938063383,1.405167,3.183838,4.589985,382
1598870332.972288370,1.184094,2.826484,4.012218,382
1598870333.002413988,1.254964,2.270927,3.527201,382
1598870333.036639214,1.212574,3.750604,4.964298,382
1598870333.071447372,1.337286,3.090346,4.428902,382
1598870333.102968454,1.273375,2.231646,3.506481,382
1598870333.136487007,1.335456,3.983016,5.319882,382
1598870333.170451403,1.219874,2.574940,3.796334,382
1598870333.202231884,1.229104,1.849842,3.080596,382
1598870333.235624790,1.235715,2.320967,3.558572,382
1598870333.270651579,1.166194,2.506699,3.674033,382
1598870333.302201271,1.171984,1.504157,2.677481,382
1598870333.335695267,1.333716,3.874056,5.208742,382
1598870333.375126600,1.130794,3.035205,4.167519,382
1598870333.403541565,1.248355,2.254707,3.504152,382
1598870333.440710545,1.160614,3.876196,5.038540,382
1598870333.472744703,1.263595,2.647561,3.912246,382
1598870333.504637718,1.345186,2.403698,3.751174,382
1598870333.538643837,1.371436,4.119609,5.492405,382
1598870333.570433378,1.292766,2.666161,3.960537,382
1598870333.603822947,1.169544,2.271836,3.442900,382
1598870333.636035442,1.188514,2.393128,3.582852,382
1598870333.670950413,1.259055,2.710652,3.970917,382
1598870333.703107357,1.233135,1.462197,2.696522,382
1598870333.736450195,1.389366,3.553342,4.943798,382
1598870333.771052122,1.229105,3.078616,4.308951,382
1598870333.803097963,1.209665,2.572070,3.783035,382
1598870333.841237068,1.539788,3.843005,5.383973,382
1598870333.870228529,1.518338,2.674771,4.194539,382
1598870333.904429913,1.320385,2.371158,3.693043,382
1598870333.939429760,1.456367,4.467803,5.925200,382
1598870333.971649647,1.316576,2.687112,4.004768,382
1598870334.005620718,1.209315,2.375058,3.585443,382
1598870334.040048838,1.305625,2.418309,3.725314,382
1598870334.073060751,1.318556,2.663301,3.982717,382
1598870334.103146315,1.225284,1.498888,2.725392,382
1598870334.136570930,1.202164,3.518651,4.721955,382
1598870334.170663834,1.183784,3.041696,4.226830,382
1598870334.204605579,1.254545,2.275516,3.531251,382
1598870334.237223387,1.266905,4.008347,5.277412,382
1598870334.271036625,1.324476,2.643581,3.969967,382
1598870334.307419777,1.210695,2.285857,3.497752,382
1598870334.338745594,1.215664,4.027648,5.244702,382
1598870334.372439623,1.303946,2.748242,4.054248,382
1598870334.406557322,1.259805,2.220776,3.481721,382
1598870334.437675476,1.320825,2.376258,3.698203,382
1598870334.470941067,1.146863,2.677502,3.825145,382
1598870334.503338099,1.300936,1.498727,2.801063,382
1598870334.537724972,1.346345,3.610293,4.957448,382
1598870334.573980808,1.280575,3.154237,4.435962,382
1598870334.604377270,1.430976,2.264217,3.696333,382
1598870334.637575626,1.267724,4.015758,5.284572,382
1598870334.671753645,1.363146,2.633622,3.998478,382
1598870334.708757162,1.224645,2.325887,3.551632,382
1598870334.741165400,1.436327,4.063287,5.500974,382
1598870334.773241997,1.329526,2.734022,4.064978,382
1598870334.807905197,1.318756,2.236376,3.556032,382
1598870334.840295076,1.362086,2.423069,3.786435,382
1598870334.870886564,1.428807,2.812623,4.243730,382
1598870334.904663563,1.414787,1.573658,2.990195,382
1598870334.942739487,1.263355,3.665463,4.930158,382
1598870334.973073959,1.379026,3.312709,4.693655,381
1598870335.003959656,1.333046,2.262156,3.596452,381
1598870335.040939093,1.203394,3.874826,5.079060,381
1598870335.072045088,1.359126,2.681921,4.042337,381
1598870335.107483387,1.199354,2.314528,3.515282,381
1598870335.138565540,1.310865,4.198459,5.510474,381
1598870335.171449184,1.377206,2.767503,4.146639,381
1598870335.205330849,1.395827,2.273447,3.670584,381
1598870335.238557100,1.302645,2.412048,3.715933,379
1598870335.271209240,1.399326,2.736232,4.136838,379
1598870335.304188728,1.376387,1.506627,2.884394,379
1598870335.337516308,1.268635,3.606162,4.875927,379
1598870335.372252226,1.350476,3.265098,4.617114,379
1598870335.405387878,1.248495,2.242957,3.492642,379
1598870335.439548492,1.245615,3.040325,4.287400,379
1598870335.472713470,1.663610,1.429616,3.096376,372
1598870335.505264282,1.667900,0.429885,2.099515,355
1598870335.540433884,1.731961,2.148315,3.881896,340
1598870335.572668791,1.249715,0.664288,1.914883,374
1598870335.608285189,1.259755,0.208932,1.469377,374
1598870335.639197826,1.319326,0.339654,1.659690,371
1598870335.672811747,1.462018,0.766009,2.228817,367
1598870335.706384659,1.292996,0.053930,1.347656,367
1598870335.745069504,1.322596,1.586478,2.909784,365
1598870335.771688938,1.278415,1.417547,2.696492,365
1598870335.805153608,1.395846,0.360694,1.759280,365
1598870335.838685274,1.269914,2.045375,3.317609,365
1598870335.873279333,1.350816,3.509141,4.861357,363
1598870335.906878710,1.175754,0.450186,1.627020,360
1598870335.939233065,1.372236,2.439279,3.812565,360
1598870335.973345041,1.840332,0.928411,2.770423,360
1598870336.013002157,1.242275,0.439405,1.682770,360
1598870336.038373232,1.286485,0.749909,2.037804,360
1598870336.071955442,1.199814,1.840302,3.040946,356
1598870336.105384350,1.220975,0.291813,1.513648,356
1598870336.140329123,1.202425,5.619996,6.822891,345
1598870336.177671909,1.808602,5.392263,7.202215,337
1598870336.207865477,1.359036,2.459029,3.819395,370
1598870336.238738537,1.406686,3.972967,5.381653,366
1598870336.272516489,1.564478,5.100820,6.666688,366
1598870336.307058811,1.689860,2.749253,4.442583,364
1598870336.340259552,1.589189,3.504151,5.094680,360
1598870336.375061035,1.263505,2.443489,3.708254,357
1598870336.407377005,1.303015,1.789451,3.093636,354
1598870336.441111088,1.425287,2.000103,3.426640,349
1598870336.473481894,1.410586,2.270987,3.682783,347
1598870336.507431030,1.238105,1.610199,2.849624,346
1598870336.540707827,1.471258,1.675119,3.146927,343
1598870336.574300766,1.384407,3.506121,4.891688,385
1598870336.613741636,1.342756,1.800631,3.144827,385
1598870336.639898539,1.513047,4.057438,5.572355,380
1598870336.674330711,1.459167,5.157611,6.617908,377
1598870336.707974434,1.397256,2.585211,3.983947,377
1598870336.741778612,1.410477,3.483231,4.894568,370
1598870336.773597956,1.502118,2.653881,4.157809,369
1598870336.807687521,1.344856,1.677880,3.024186,368
1598870336.840382576,1.363536,1.911263,3.276089,361
1598870336.878427267,1.389716,2.063105,3.453681,352
1598870336.908979893,1.376707,1.802981,3.181038,347
1598870336.942083597,1.507928,3.833805,5.342783,338
1598870336.975652695,1.288265,2.692381,3.982296,376
1598870337.008074045,1.390886,1.630939,3.023155,367
1598870337.041808844,1.330896,3.835675,5.168061,365
1598870337.073578835,1.445337,5.135360,6.582207,353
1598870337.110784531,1.457517,2.716242,4.175919,352
1598870337.144498587,1.417397,3.576592,4.995439,351
1598870337.177150011,2.082795,2.519659,4.605314,349
1598870337.208520412,1.906252,1.407357,3.315029,349
1598870337.243306398,1.701661,1.452647,3.155058,346
1598870337.273496628,1.688670,2.448789,4.138289,346
1598870337.308684826,1.714721,1.478977,3.195028,346
1598870337.344614029,1.628489,4.845957,6.475086,345
1598870337.373024940,1.929803,2.794183,4.725496,343
1598870337.408506870,1.373626,1.432647,2.808533,343
1598870337.441406488,1.117943,3.894346,5.013219,343
1598870337.474309921,1.182504,4.808007,5.992011,343
1598870337.508713245,1.224155,2.470779,3.696004,342
1598870337.539955139,1.327626,2.497620,3.826276,340
1598870337.573467731,1.398066,2.320838,3.719774,340
1598870337.609150648,1.609429,1.561198,3.172877,338
1598870337.641396284,1.473847,1.525318,3.000145,374
1598870337.673041105,1.415477,2.031144,3.447701,373
1598870337.713401794,1.169813,1.432377,2.603260,373
1598870337.741947412,1.660929,4.124059,5.787918,370
1598870337.777197361,1.596259,2.507879,4.106108,370
1598870337.810053349,1.308055,2.002304,3.311819,370
1598870337.842721224,1.320655,3.062956,4.384851,370
1598870337.878698587,1.208094,3.943586,5.152750,370
1598870337.910372734,1.184474,2.276077,3.461741,370
1598870337.942901611,1.411307,2.466439,3.879156,370
1598870337.975119114,1.296036,2.247756,3.545052,370
1598870338.008035421,1.194954,3.061886,4.258080,370
1598870338.042242050,1.371326,1.246995,2.619441,369
1598870338.074284792,1.511378,1.670940,3.183428,368
1598870338.109959126,1.180714,1.551648,2.733672,367
1598870338.142806053,1.136414,3.346679,4.484003,366
1598870338.174285650,1.429407,2.414438,3.845745,366
1598870338.208799839,1.391716,2.212496,3.606022,366
1598870338.242387533,1.253784,3.121097,4.375831,363
1598870338.274635077,1.366827,3.033315,4.401402,362
1598870338.307667017,1.351156,2.029274,3.381680,361
1598870338.341761827,1.408446,2.671061,4.081138,360
1598870338.375260353,1.330756,2.471149,3.803135,359
1598870338.407989502,1.189774,3.027386,4.218460,357
1598870338.442492008,1.473827,1.262955,2.738462,357
1598870338.475469112,1.178394,1.237075,2.416249,357
1598870338.508241892,1.292765,1.245245,2.538850,357
1598870338.542873383,1.451688,3.140367,4.593015,357
1598870338.575717688,1.286575,2.514050,3.801685,355
1598870338.608694315,1.249535,1.851811,3.102736,355
1598870338.641287804,1.216754,2.986155,4.204309,355
1598870338.673941135,1.361026,2.984975,4.347011,355
1598870338.708872795,1.286995,2.144416,3.432701,355
1598870338.740933418,1.234085,2.765802,4.002237,355
1598870338.775341511,1.534838,2.761923,4.297741,355
1598870338.809983253,1.292445,3.236388,4.530153,355
1598870338.843430519,1.283535,1.459137,2.743912,355
1598870338.874759436,1.297965,1.329656,2.629071,355
1598870338.909589529,1.245115,1.380636,2.626661,354
1598870338.942924500,1.326405,3.138057,4.465472,354
1598870338.976330757,1.245435,2.592841,3.839446,354
1598870339.010937214,1.274815,1.559238,2.835363,354
1598870339.042700291,1.231445,2.995345,4.228440,354
1598870339.076560974,1.241554,3.139507,4.382311,354
1598870339.110579014,1.269675,2.150455,3.421790,354
1598870339.144213676,1.227235,2.358358,3.586763,354
1598870339.178373575,1.344376,2.147625,3.493381,354
1598870339.210527897,1.316636,3.163747,4.482133,354
1598870339.246257305,1.230824,1.397086,2.628640,354
1598870339.279015779,1.323785,1.403917,2.728662,354
1598870339.311659575,1.254494,1.752951,3.008225,354
1598870339.345304251,1.440167,3.341730,4.782767,354
1598870339.378874302,1.496228,1.907853,3.405511,354
1598870339.412023306,1.302895,2.177226,3.481561,354
1598870339.448514938,1.269545,3.000875,4.271450,354
1598870339.479653597,1.239695,2.995565,4.236840,354
1598870339.512653351,1.228034,2.247996,3.477030,354
1598870339.545460939,1.162684,2.386708,3.550552,354
1598870339.579491377,1.478797,2.365068,3.845895,354
1598870339.612949848,1.220964,3.136077,4.358711,354
1598870339.653532505,1.278955,1.466988,2.747153,354
1598870339.680988550,1.201714,1.446937,2.649901,354
1598870339.714752436,1.287735,1.462637,2.751422,354
1598870339.748396635,1.275585,3.240418,4.516773,354
1598870339.780280113,1.255184,1.846402,3.103336,354
1598870339.813122988,1.215805,2.220326,3.437381,354
1598870339.847421646,1.377977,2.873043,4.253040,354
1598870339.879126549,1.280425,2.866924,4.148569,353
1598870339.884500980,1.296415,2.151155,3.449521,353
1598870339.912600279,1.472258,2.511779,3.986817,353
1598870339.947273254,1.467687,2.223746,3.692393,353
1598870339.981156111,1.371176,3.251469,4.623875,353
1598870340.012638807,1.439047,1.406477,2.846834,353
1598870340.046517611,1.409577,1.429706,2.840293,353
1598870340.080686092,1.245235,1.414986,2.661071,353
1598870340.113107204,1.342686,3.200908,4.544684,353
1598870340.146238327,1.412667,2.273456,3.687313,353
1598870340.180654764,1.164493,1.767531,2.933384,353
1598870340.214158058,1.427547,2.888264,4.317551,353
1598870340.247381687,1.224175,2.864693,4.090078,353
1598870340.282741785,1.252765,2.090184,3.344199,353
1598870340.313763618,1.354136,2.284717,3.640213,353
1598870340.347370148,1.418297,2.154605,3.574342,353
1598870340.380610228,1.286155,3.170087,4.457452,353
1598870340.412038326,1.270965,1.442267,2.714092,353
1598870340.448431969,1.242595,1.795051,3.038646,353
1598870340.480788469,1.206584,1.498058,2.705672,353
1598870340.512772799,1.182524,3.351249,4.534733,353
1598870340.546058655,1.299875,1.866702,3.167357,353
1598870340.579439640,1.130833,1.588579,2.720832,353
1598870340.613959312,1.397136,2.791313,4.189929,352
1598870340.646682739,1.221205,2.903254,4.125739,350
1598870340.679920435,1.462777,2.109505,3.573692,349
1598870340.716871023,1.508327,2.477759,3.987606,341
