timestamp,px,py,pz,qx,qy,qz,qw,features,clones
1403637130.688318968,-0.000054187,-0.000086088,-0.000408930,-0.789013193,0.018027347,-0.613736122,0.021474813,0,0
1403637130.738318920,-0.000335068,0.000401615,-0.000755045,-0.788611423,0.020032813,-0.614136211,0.022965727,200,1
1403637130.788319111,-0.000828284,0.000810815,-0.001238722,-0.788406982,0.021366929,-0.614328599,0.023627491,200,2
1403637130.838319063,-0.001371481,0.001431438,-0.001695200,-0.788036823,0.022731598,-0.614707597,0.024815530,200,3
1403637130.888319016,-0.002181590,0.002070459,-0.002238002,-0.787732421,0.024422690,-0.614979824,0.026095632,200,4
1403637130.938318968,-0.003176616,0.002634314,-0.002827534,-0.787258556,0.026152778,-0.615450322,0.027584425,200,5
1403637130.988318920,-0.004465628,0.002757766,-0.003462864,-0.786909569,0.027455485,-0.615804118,0.028369271,200,6
1403637131.038319111,-0.006141775,0.002502225,-0.004205846,-0.786644245,0.029018102,-0.616034737,0.029154492,200,7
1403637131.088319063,-0.007983594,0.001897051,-0.004969230,-0.786226171,0.030038617,-0.616482965,0.029913937,200,8
1403637131.138319016,-0.010225939,0.001205029,-0.005859411,-0.785774604,0.032464017,-0.616829117,0.032034352,200,9
1403637131.188318968,-0.012875882,-0.000349538,-0.006895031,-0.785508853,0.033892376,-0.617021381,0.033343129,200,10
1403637131.238318920,-0.015699443,-0.002680218,-0.007927660,-0.785113822,0.035437293,-0.617380387,0.034379389,200,11
1403637131.288319111,-0.000042106,-0.000309127,-0.000191737,-0.790017589,0.020472398,-0.612252301,0.024499169,125,11
1403637131.338319063,0.000200811,-0.000189627,-0.000439992,-0.790370655,0.019133112,-0.611910014,0.022677896,125,11
1403637131.388319016,0.000116457,-0.000217585,-0.000447584,-0.790425857,0.019242243,-0.611830026,0.022819314,150,11
1403637131.438318968,0.000269381,-0.000102543,-0.000361801,-0.790299180,0.019113222,-0.611986499,0.023117439,200,11
1403637131.488318920,0.000336431,-0.000090548,-0.000384697,-0.790346261,0.018870854,-0.611938800,0.022969188,200,11
1403637131.538319111,0.000243849,-0.000232089,-0.000381193,-0.790370608,0.019076486,-0.611912759,0.022653127,200,11
1403637131.588319063,0.000160656,-0.000216227,-0.000361591,-0.790295150,0.019573131,-0.611981008,0.023015514,200,11
1403637131.638319016,0.000206046,-0.000144133,-0.000299502,-0.790324754,0.019512017,-0.611936663,0.023228945,200,11
1403637131.688318968,0.000180341,-0.000121233,-0.000236363,-0.790373761,0.019322510,-0.611878622,0.023248884,200,11
1403637131.738318920,0.000109160,-0.000317142,-0.000125141,-0.790347078,0.019119740,-0.611935700,0.022817347,200,11
1403637131.788319111,0.000053975,-0.000274407,-0.000046847,-0.790344126,0.019182145,-0.611929651,0.023028477,200,11
1403637131.838319063,0.000005606,-0.000259385,0.000053296,-0.790323241,0.019409439,-0.611940731,0.023259205,200,11
1403637131.888319016,0.000055172,-0.000325431,-0.000428520,-0.788526017,0.021772927,-0.614061712,0.026093554,125,11
1403637131.938318968,0.000090300,-0.000212411,-0.000343858,-0.787228137,0.022076540,-0.615695059,0.026534517,109,11
1403637131.988318920,0.000017880,-0.000238619,-0.000366050,-0.787239815,0.021712115,-0.615696573,0.026453506,130,11
1403637132.038319111,0.000019381,-0.000371691,-0.000344876,-0.787041799,0.021284089,-0.615995386,0.025726999,180,11
1403637132.088319063,0.000010513,-0.000390739,-0.000338423,-0.786776629,0.021119348,-0.616356393,0.025324026,180,11
1403637132.138319016,0.000078448,-0.000515721,-0.000304907,-0.786517635,0.020777153,-0.616727231,0.024613848,180,11
1403637132.188318968,0.000018070,-0.000399337,-0.000286999,-0.786285789,0.020813710,-0.617014382,0.024793147,180,11
1403637132.238318920,0.000046740,-0.000374943,-0.000232445,-0.786305818,0.020840617,-0.616983207,0.024910886,180,11
1403637132.288319111,0.000071432,-0.000333903,-0.000249034,-0.786372266,0.020580994,-0.616911739,0.024798980,180,11
1403637132.338319063,0.000141521,-0.000301763,-0.000232494,-0.786475093,0.020825159,-0.616767820,0.024913796,180,11
1403637132.388319016,0.000215236,-0.000093114,-0.000202731,-0.786904758,0.021612299,-0.616144979,0.026061001,180,11
1403637132.438318968,0.000166892,-0.000233696,-0.000226053,-0.787425742,0.021518253,-0.615493437,0.025797188,180,11
1403637132.488318920,0.000194591,-0.000276407,-0.000220126,-0.787614551,0.021491301,-0.615254939,0.025744975,121,11
1403637132.538319111,0.000295525,-0.000243259,-0.000266223,-0.788177656,0.021708841,-0.614511749,0.026077185,109,11
1403637132.588319063,0.000412025,-0.000439381,-0.000233232,-0.788175845,0.021260514,-0.614560078,0.025352281,130,11
1403637132.638319016,0.000513054,-0.000361599,-0.000216099,-0.788139419,0.021393913,-0.614595703,0.025508408,180,11
1403637132.688318968,0.000595444,-0.000127292,-0.000202569,-0.788074863,0.022006478,-0.614625194,0.026260165,180,11
1403637132.738318920,0.000579705,-0.000059106,-0.000190217,-0.788064010,0.022056963,-0.614628732,0.026459949,180,11
1403637132.788319111,0.000723796,-0.000051320,-0.000113007,-0.787908263,0.022131365,-0.614822226,0.026540578,180,11
1403637132.838319063,0.000748740,-0.000066854,-0.000061714,-0.787780404,0.022118752,-0.614983847,0.026601950,180,11
1403637132.888319016,0.000753279,-0.000166869,0.000009318,-0.787413638,0.022605082,-0.615429566,0.026743653,180,11
1403637132.938318968,0.000817870,-0.000377740,0.000089710,-0.787154850,0.022282440,-0.615800014,0.026097486,180,11
1403637132.988318920,0.000873523,-0.000058682,0.000055169,-0.787051865,0.023414037,-0.615846098,0.027105890,180,11
1403637133.038319111,0.001057241,0.000011783,0.000027300,-0.787027516,0.023748219,-0.615862163,0.027157090,180,11
1403637133.088319063,0.000640696,-0.000075372,0.000267188,-0.786379381,0.023173413,-0.616722819,0.026896609,121,11
1403637133.138319016,-0.000715521,-0.000044872,0.001020481,-0.784845539,0.023435954,-0.618545693,0.029486621,109,11
1403637133.188318968,-0.001583703,-0.000509652,0.002081127,-0.784421199,0.023072763,-0.619143151,0.028509468,130,11
1403637133.238318920,-0.001918692,-0.001309984,0.003176623,-0.783881551,0.022559428,-0.619985391,0.025276498,180,11
1403637133.288319111,-0.002812397,-0.001893028,0.005175864,-0.783323799,0.022094988,-0.620791189,0.023107088,179,11
1403637133.338319063,-0.003893364,-0.002492517,0.008519651,-0.782507200,0.022419011,-0.621857691,0.021745856,179,11
1403637133.388319016,-0.005208788,-0.003528035,0.013618868,-0.780644536,0.024537265,-0.624203801,0.019017017,177,11
1403637133.438318968,-0.006518993,-0.004227724,0.018381366,-0.779800606,0.026181696,-0.625248026,0.017042269,184,11
1403637133.488318920,-0.008087764,-0.004243161,0.021782910,-0.778980078,0.025987141,-0.626264860,0.017522317,188,11
1403637133.538319111,-0.008579956,-0.005513673,0.024147004,-0.779076885,0.027715591,-0.626102019,0.016349786,196,11
1403637133.588319063,-0.009109032,-0.007128708,0.026087864,-0.779505109,0.029647951,-0.625506931,0.015292585,196,11
1403637133.638319016,-0.010135635,-0.009305529,0.029391804,-0.779657382,0.031120777,-0.625296277,0.013054873,204,11
1403637133.688318968,-0.011698045,-0.011654057,0.035009512,-0.779430595,0.031802974,-0.625598067,0.010177258,138,11
1403637133.738318920,-0.013997453,-0.014149533,0.044160157,-0.781950874,0.034837335,-0.622278352,0.010432776,125,11
1403637133.788319111,-0.015772596,-0.016102633,0.056406784,-0.787001623,0.037722534,-0.615728155,0.009181208,142,11
1403637133.838319063,-0.017584941,-0.018388668,0.072500791,-0.788285888,0.042284908,-0.613816596,0.006821434,172,11
1403637133.888319016,-0.019124838,-0.020191724,0.093438727,-0.790502222,0.046167141,-0.610707871,0.003275405,163,11
1403637133.938318968,-0.019479248,-0.021235336,0.119387755,-0.795606176,0.050023365,-0.603742426,0.001886359,160,11
1403637133.988318920,-0.020238947,-0.022317202,0.149162492,0.798245530,-0.053204334,0.599977694,0.000372856,179,11
1403637134.038319111,-0.021050226,-0.023536873,0.180810532,0.799323821,-0.055894903,0.598293164,0.001574470,192,11
1403637134.088319063,-0.022019635,-0.024960941,0.213430758,0.799643869,-0.056918316,0.597742466,0.005825091,198,11
1403637134.138319016,-0.023690510,-0.025577583,0.245858758,0.798767420,-0.057156984,0.598785585,0.012629740,191,11
1403637134.188318968,-0.023684942,-0.025110545,0.277899049,0.798429462,-0.056257529,0.599070342,0.021452490,202,11
1403637134.238318920,-0.021620299,-0.021411053,0.310358257,0.798000025,-0.054002908,0.599340671,0.032717066,210,11
1403637134.288319111,-0.022592274,-0.020518421,0.339824995,0.792993648,-0.053771570,0.605804019,0.035653653,171,11
1403637134.338319063,-0.023590891,-0.020145271,0.364492280,0.787208355,-0.053713516,0.613233923,0.036905558,178,11
1403637134.388319016,-0.024856604,-0.018758915,0.384597186,0.781198133,-0.053125305,0.620790669,0.039065639,167,11
1403637134.438318968,-0.023504692,-0.019719138,0.397427002,0.777519522,-0.057251533,0.625086408,0.038113481,206,11
1403637134.488318920,-0.022920376,-0.019850740,0.402449592,0.774591652,-0.061414276,0.628486802,0.035219302,204,11
1403637134.538319111,-0.022768973,-0.022570301,0.398301486,0.772841149,-0.065551093,0.630357785,0.032690596,186,11
1403637134.588319063,-0.020223268,-0.024316421,0.386281953,0.774948951,-0.066921234,0.627596974,0.033131724,189,11
1403637134.638319016,-0.016212922,-0.025164295,0.367322249,0.779994328,-0.065881599,0.621268904,0.035964040,176,11
1403637134.688318968,-0.014351289,-0.028404455,0.339584675,0.783963949,-0.064374914,0.616313502,0.037604047,170,11
1403637134.738318920,-0.011350630,-0.030078849,0.306867351,0.790626669,-0.061923488,0.608024180,0.037169195,176,11
1403637134.788319111,-0.009331308,-0.031652789,0.270207334,0.798477975,-0.059389119,0.598018901,0.035766599,171,11
1403637134.838319063,-0.008630936,-0.032293984,0.232056405,0.806805013,-0.059118200,0.586934531,0.032841532,162,11
1403637134.888319016,-0.009207143,-0.033600057,0.193753079,0.814219794,-0.059357051,0.576799984,0.028716643,146,11
1403637134.938318968,-0.011555672,-0.034388960,0.158867146,0.819350483,-0.061177803,0.569420646,0.026118760,156,11
1403637134.988318920,-0.013079840,-0.035710902,0.127184756,0.822142969,-0.063447786,0.565350991,0.020822443,160,11
1403637135.038319111,-0.015038208,-0.036229719,0.101041383,0.823945652,-0.064529078,0.562679925,0.018462435,196,11
1403637135.088319063,-0.018122614,-0.037293165,0.080606839,0.824815694,-0.064563574,0.561423101,0.017740300,186,11
1403637135.138319016,-0.020471646,-0.038197662,0.064856951,0.826591420,-0.063413529,0.558926256,0.018077288,190,11
1403637135.188318968,-0.022485067,-0.039349409,0.055994140,0.829353930,-0.062063567,0.554932464,0.019238841,199,11
1403637135.238318920,-0.024521514,-0.040280435,0.055393521,0.833809629,-0.060828007,0.548305468,0.020556504,218,11
1403637135.288319111,-0.027255749,-0.040218576,0.067334246,0.838200410,-0.059886820,0.541560459,0.023364735,215,11
1403637135.338319063,-0.025808038,-0.040277711,0.089312482,0.840249306,-0.060787550,0.538215376,0.024701969,204,11
1403637135.388319016,-0.020526684,-0.039030788,0.119248463,0.839182169,-0.062042133,0.539688854,0.025690518,179,11
1403637135.438318968,-0.018238643,-0.039139696,0.155752051,0.834586778,-0.061040072,0.546682084,0.029626328,190,11
1403637135.488318920,-0.016742357,-0.038822727,0.197410030,0.827488911,-0.058939517,0.557231753,0.035791174,156,11
1403637135.538319111,-0.016388594,-0.038195760,0.241367890,0.820017818,-0.057049898,0.568045440,0.040502650,156,11
1403637135.588319063,-0.016456296,-0.037461901,0.285485419,0.812525821,-0.055849469,0.578352768,0.046804943,143,11
1403637135.638319016,-0.015838053,-0.036626548,0.328062515,0.805675227,-0.056959468,0.587361831,0.051469676,172,11
1403637135.688318968,-0.014719071,-0.035913351,0.368430591,0.799436528,-0.058607003,0.595467655,0.053709661,194,11
1403637135.738318920,-0.014410688,-0.034472214,0.404021581,0.793396672,-0.060878960,0.603357898,0.052675618,203,11
1403637135.788319111,-0.014351952,-0.033054572,0.433288195,0.788396758,-0.063381376,0.609848687,0.049979317,225,11
1403637135.838319063,-0.014635523,-0.032440764,0.453792934,0.784906286,-0.065147586,0.614280393,0.048347830,224,11
1403637135.888319016,-0.014156294,-0.032453039,0.465091429,0.782930392,-0.067201415,0.616725525,0.046406881,221,11
1403637135.938318968,-0.012992589,-0.033200653,0.465964617,0.782860198,-0.068707909,0.616659534,0.046261782,213,11
1403637135.988318920,-0.011224904,-0.033626386,0.457254226,0.784347737,-0.068729908,0.614834711,0.045311206,199,11
1403637136.038319111,-0.009232178,-0.033707614,0.438453502,0.786892768,-0.067595964,0.611728817,0.044926739,208,11
1403637136.088319063,-0.006501187,-0.034470167,0.411869772,0.790175359,-0.066144588,0.607541360,0.046274090,181,11
1403637136.138319016,-0.002826620,-0.034889628,0.377885527,0.793918091,-0.066551595,0.602592305,0.046340730,189,11
1403637136.188318968,0.000607691,-0.035807995,0.339321634,0.798902721,-0.064997937,0.595920335,0.049078158,167,11
1403637136.238318920,0.002782331,-0.035697289,0.297489192,0.804799537,-0.066013859,0.587891513,0.048202131,171,11
1403637136.288319111,0.003747269,-0.035669976,0.254962414,0.812165921,-0.065834009,0.577749870,0.047513020,169,11
1403637136.338319063,0.003668749,-0.035614111,0.214675338,0.819509822,-0.067060911,0.567198214,0.046825976,178,11
1403637136.388319016,0.001027321,-0.036464116,0.176667932,0.826490866,-0.068091337,0.557105261,0.043705224,174,11
1403637136.438318968,-0.001900132,-0.036184199,0.142276008,0.833225071,-0.068787937,0.547167569,0.040147880,170,11
1403637136.488318920,-0.005108848,-0.035915976,0.114670187,0.838585186,-0.070710784,0.539060806,0.034472005,159,11
1403637136.538319111,-0.008441233,-0.035589621,0.095490222,0.842367586,-0.072733241,0.533144908,0.029719231,175,11
1403637136.588319063,-0.011421977,-0.035343992,0.085414220,0.844735232,-0.073388533,0.529397040,0.027843952,184,11
1403637136.638319016,-0.013717159,-0.035593347,0.085393364,0.846301386,-0.072615943,0.526985062,0.028064801,212,11
1403637136.688318968,-0.012637275,-0.034688056,0.096205516,0.847493919,-0.071238160,0.525189087,0.029250719,222,11
1403637136.738318920,-0.012278019,-0.034106842,0.119743377,0.847244537,-0.071345584,0.525603413,0.028767226,209,11
1403637136.788319111,-0.011684753,-0.033777567,0.152368630,0.845722866,-0.070855943,0.528101180,0.029007110,181,11
1403637136.838319063,-0.012115672,-0.033358026,0.192657173,0.841731133,-0.069389743,0.534600190,0.029604051,161,11
1403637136.888319016,-0.012601767,-0.033721669,0.239487729,0.835471670,-0.068022084,0.544302628,0.033086768,144,11
1403637136.938318968,-0.012449479,-0.033840894,0.287898835,0.828468995,-0.068850291,0.554593211,0.036402356,132,11
1403637136.988318920,-0.013061785,-0.034738066,0.336937601,0.820836194,-0.070609961,0.565154356,0.042927032,132,11
1403637137.038319111,-0.013641307,-0.035604137,0.383159207,0.813221732,-0.074180919,0.575284883,0.047062826,140,11
1403637137.088319063,-0.014429119,-0.035795542,0.424393463,0.805377213,-0.078148048,0.585442889,0.050170223,154,11
1403637137.138319016,-0.015088974,-0.035150190,0.458167013,0.797814444,-0.082371578,0.595315880,0.048021232,175,11
1403637137.188318968,-0.015566934,-0.034269426,0.482329807,0.791512493,-0.084836389,0.603602358,0.044440453,179,11
1403637137.238318920,-0.015490414,-0.034509150,0.495832659,0.787133087,-0.083902332,0.609536957,0.042972089,201,11
1403637137.288319111,-0.014703567,-0.035683344,0.498649055,0.784246676,-0.083180244,0.613321370,0.043302368,197,11
1403637137.338319063,-0.013279605,-0.036977499,0.491108732,0.782150244,-0.082271297,0.616047119,0.044253559,200,11
1403637137.388319016,-0.011279960,-0.037710469,0.473414910,0.781221599,-0.080679554,0.617418718,0.044471905,189,11
1403637137.438318968,-0.009063700,-0.038429739,0.447004550,0.781613315,-0.079602648,0.617169104,0.042969076,199,11
1403637137.488318920,-0.007556191,-0.038902852,0.412710359,0.784223771,-0.077344879,0.614023938,0.044558393,189,11
1403637137.538319111,-0.004521974,-0.039177709,0.374062399,0.789528744,-0.074539543,0.607435722,0.045935413,173,11
1403637137.588319063,-0.002968628,-0.039629880,0.331064307,0.796764956,-0.071993620,0.597900109,0.049979821,183,11
1403637137.638319016,-0.001258711,-0.039970935,0.286565363,0.805471033,-0.071048872,0.585890519,0.053858816,147,11
1403637137.688318968,0.000122766,-0.040146690,0.241829488,0.813931925,-0.072257621,0.573821919,0.054973288,146,11
1403637137.738318920,0.000353020,-0.038839493,0.199235380,0.821543339,-0.073268768,0.562989618,0.052353803,166,11
1403637137.788319111,-0.001309573,-0.037058990,0.161686602,0.827216058,-0.073749174,0.554942871,0.048094310,135,11
1403637137.838319063,-0.004874462,-0.035259814,0.128451366,0.831840009,-0.073374198,0.548398996,0.043783193,144,11
1403637137.888319016,-0.009187757,-0.033768355,0.102283742,0.836204938,-0.071837957,0.542222437,0.039942938,148,11
1403637137.938318968,-0.013532100,-0.033371428,0.085090805,0.840711430,-0.070444491,0.535455051,0.039112061,169,11
1403637137.988318920,-0.016660119,-0.034074587,0.078414496,0.845556226,-0.069210249,0.527945241,0.038967070,178,11
1403637138.038319111,-0.018632029,-0.035298632,0.083662722,0.849748107,-0.069126782,0.521216077,0.038515501,213,11
1403637138.088319063,-0.019097289,-0.036980111,0.101526763,0.851505799,-0.070207925,0.518377968,0.035958354,198,11
1403637138.138319016,-0.018830519,-0.037498014,0.131647512,0.850317097,-0.068969841,0.520671889,0.033238239,174,11
1403637138.188318968,-0.018369968,-0.039133554,0.170277339,0.846802701,-0.063167014,0.526921825,0.035895735,167,11
1403637138.238318920,-0.017090100,-0.042103942,0.215904571,0.840611200,-0.057217831,0.536717759,0.045088556,161,11
1403637138.288319111,-0.016137238,-0.044453148,0.265354304,0.831826763,-0.055008975,0.549864689,0.051836976,147,11
1403637138.338319063,-0.016796127,-0.044580338,0.314119586,0.821454916,-0.055114550,0.564754984,0.056798021,140,11
1403637138.388319016,-0.016938529,-0.043733893,0.361304883,0.810411495,-0.058303208,0.579800988,0.060537263,159,11
1403637138.438318968,-0.017346130,-0.042887783,0.403906970,0.800264801,-0.060512842,0.592937888,0.065871884,155,11
1403637138.488318920,-0.018529247,-0.041419182,0.438871358,0.791186108,-0.063938181,0.604204462,0.069809880,202,11
1403637138.538319111,-0.019560838,-0.040245699,0.464646166,0.784287805,-0.066831323,0.612599156,0.071752962,227,11
1403637138.588319063,-0.020063455,-0.039651156,0.480070472,0.779447755,-0.068008162,0.618444531,0.073228749,212,11
1403637138.638319016,-0.019577431,-0.039537557,0.484424009,0.776686121,-0.068550451,0.621983135,0.072086653,239,11
1403637138.688318968,-0.017908923,-0.039724823,0.477937229,0.776379767,-0.068689821,0.622510692,0.070686661,228,11
1403637138.738318920,-0.014786601,-0.040144159,0.461131812,0.777629462,-0.069845262,0.621190608,0.067351966,231,11
1403637138.788319111,-0.010551579,-0.041340296,0.435325366,0.780475814,-0.071437160,0.617640415,0.065380070,218,11
1403637138.838319063,-0.005732061,-0.043470231,0.402260755,0.784855976,-0.073776122,0.611846105,0.064826883,203,11
1403637138.888319016,-0.000882160,-0.045508097,0.362641332,0.790170888,-0.074940616,0.604906716,0.064044808,201,11
1403637138.938318968,0.002937470,-0.047279213,0.319125391,0.795743955,-0.074168930,0.597843340,0.062240409,170,11
1403637138.988318920,0.006931745,-0.047506978,0.274856279,0.799928967,-0.074689932,0.592930150,0.054487601,183,11
1403637139.038319111,0.011401349,-0.048042078,0.231268432,0.803586346,-0.074791452,0.588677931,0.045972998,164,11
1403637139.088319063,0.013956691,-0.046676074,0.190520600,0.806550095,-0.075228902,0.585096018,0.038473460,171,11
1403637139.138319016,0.015749460,-0.045070211,0.152715068,0.809128784,-0.075082168,0.581869835,0.033177918,203,11
1403637139.188318968,0.016917081,-0.043012938,0.118556237,0.811614563,-0.074826587,0.578709006,0.027904654,180,11
1403637139.238318920,0.017894640,-0.041555281,0.089791374,0.813625807,-0.073092355,0.576208158,0.025587351,192,11
1403637139.288319111,0.019960263,-0.040665893,0.066846577,0.814467216,-0.071361477,0.575317776,0.023667507,191,11
1403637139.338319063,0.022559265,-0.039918431,0.049915782,0.815278619,-0.069066686,0.574468464,0.023163566,204,11
1403637139.388319016,0.024840048,-0.039912512,0.037917998,0.816004532,-0.065641167,0.573829497,0.023399774,213,11
1403637139.438318968,0.026824540,-0.040076172,0.029213943,0.816315776,-0.061205203,0.573962714,0.021196207,221,11
1403637139.488318920,0.029293850,-0.039573729,0.023621370,0.815501072,-0.057422470,0.575613341,0.018164344,235,11
1403637139.538319111,0.030490330,-0.038746766,0.019239449,0.814103789,-0.055221502,0.577893577,0.014987307,223,11
1403637139.588319063,0.030825078,-0.037332961,0.015181423,0.812332617,-0.053782741,0.580542526,0.013910823,216,11
1403637139.638319016,0.031584343,-0.035728602,0.011337925,0.810597785,-0.051046708,0.583188295,0.014726745,200,11
1403637139.688318968,0.032658457,-0.034821343,0.008009281,0.809201959,-0.048985131,0.585312451,0.014211999,197,11
1403637139.738318920,0.034154181,-0.035100578,0.003141929,0.808511561,-0.047287853,0.586419097,0.013621961,223,11
1403637139.788319111,0.034315759,-0.034986598,-0.000376135,0.808119119,-0.047042632,0.586981538,0.013533420,196,11
1403637139.838319063,0.033749096,-0.035757541,-0.002390534,0.806222292,-0.048094973,0.589532646,0.011989482,205,11
1403637139.888319016,0.031858524,-0.036488348,-0.002453563,0.801680245,-0.049402159,0.595591854,0.011770898,191,11
1403637139.938318968,0.030774361,-0.037750009,-0.002942717,0.798526531,-0.052278795,0.599563481,0.012080509,186,11
1403637139.988318920,0.029153171,-0.038411330,-0.004240087,0.796163067,-0.055872698,0.602367852,0.012473268,187,11
1403637140.038319111,0.027074014,-0.039134994,-0.004680180,0.793030340,-0.060550593,0.606052814,0.011683006,177,11
1403637140.088319063,0.025110475,-0.040229469,-0.004193095,0.789411788,-0.062153700,0.610533016,0.014675917,195,11
1403637140.138319016,0.022908417,-0.040842745,-0.003388224,0.785523772,-0.064182698,0.615253032,0.017224735,189,11
1403637140.188318968,0.021334744,-0.041500723,-0.003104878,0.783659416,-0.066067370,0.617403251,0.018062360,188,11
1403637140.238318920,0.020421204,-0.042911369,-0.003845119,0.784607237,-0.067514595,0.615969989,0.020352795,179,11
1403637140.288319111,0.019809891,-0.043969114,-0.004482332,0.784557527,-0.068758851,0.615898258,0.020274193,162,11
1403637140.338319063,0.019281666,-0.044701123,-0.005245968,0.784114069,-0.070389380,0.616330505,0.018632503,192,11
1403637140.388319016,0.019001494,-0.044656356,-0.005108867,0.784044196,-0.071375385,0.616343236,0.017357066,172,11
1403637140.438318968,0.018830271,-0.044902957,-0.004979483,0.784378882,-0.070635107,0.615980841,0.018112257,184,11
1403637140.488318920,0.018760952,-0.044886228,-0.004899971,0.784408107,-0.071214131,0.615896921,0.017419863,180,11
1403637140.538319111,0.018732084,-0.044961713,-0.004945174,0.784684817,-0.071099401,0.615553010,0.017581395,179,11
1403637140.588319063,0.018761063,-0.044743783,-0.005070364,0.784770919,-0.071639907,0.615406180,0.016660207,183,11
1403637140.638319016,0.018625131,-0.044800770,-0.005147477,0.784896920,-0.071496240,0.615259210,0.016769549,174,11
1403637140.688318968,0.018522629,-0.044813426,-0.005150934,0.784915577,-0.071527189,0.615237522,0.016558674,192,11
1403637140.738318920,0.018384640,-0.044955973,-0.005149618,0.784961656,-0.071454013,0.615185825,0.016610958,186,11
1403637140.788319111,0.018207318,-0.045060308,-0.005145424,0.785015555,-0.071440882,0.615121040,0.016519261,185,11
1403637140.838319063,0.018001364,-0.045195010,-0.005137535,0.785057452,-0.071465926,0.615064783,0.016514572,178,11
1403637140.888319016,0.017788595,-0.045327696,-0.005189205,0.785103222,-0.071509356,0.615001169,0.016519852,162,11
1403637140.938318968,0.017596883,-0.045420914,-0.005237155,0.785137091,-0.071468630,0.614960036,0.016617394,192,11
1403637140.988318920,0.017402227,-0.045488895,-0.005321387,0.785196985,-0.071498375,0.614881545,0.016563880,172,11
1403637141.038319111,0.017233556,-0.045571713,-0.005374912,0.785226716,-0.071481140,0.614845011,0.016585069,184,11
1403637141.088319063,0.017102463,-0.045623991,-0.005456012,0.785257671,-0.071516769,0.614802300,0.016549166,180,11
1403637141.138319016,0.016971296,-0.045734788,-0.005486258,0.785295002,-0.071473489,0.614757501,0.016628769,179,11
1403637141.188318968,0.016869979,-0.045758562,-0.005530040,0.785322839,-0.071522330,0.614719034,0.016525855,183,11
1403637141.238318920,0.016843101,-0.045742525,-0.005613191,0.785348903,-0.071467347,0.614690642,0.016581105,174,11
1403637141.288319111,0.016793918,-0.045757927,-0.005666607,0.785374022,-0.071489264,0.614656971,0.016545055,192,11
1403637141.338319063,0.016736833,-0.045782326,-0.005738105,0.785389348,-0.071494920,0.614638391,0.016483232,186,11
1403637141.388319016,0.016705166,-0.045817160,-0.005818681,0.785406539,-0.071502071,0.614614915,0.016508426,185,11
1403637141.438318968,0.016672938,-0.045855113,-0.005910754,0.785438999,-0.071503436,0.614573835,0.016487523,178,11
1403637141.488318920,0.016691669,-0.045874116,-0.005997246,0.785433951,-0.071544114,0.614575847,0.016476556,162,11
1403637141.538319111,0.016719520,-0.045862371,-0.006052205,0.785464003,-0.071547701,0.614537294,0.016466323,192,11
1403637141.588319063,0.016729575,-0.045862684,-0.006112068,0.785477132,-0.071558540,0.614519485,0.016457600,172,11
1403637141.638319016,0.016762380,-0.045869077,-0.006176835,0.785459324,-0.071610716,0.614536355,0.016450635,184,11
1403637141.688318968,0.016797880,-0.045870027,-0.006274524,0.785475992,-0.071662546,0.614511495,0.016357508,180,11
1403637141.738318920,0.016814616,-0.045903819,-0.006339964,0.785477410,-0.071664885,0.614508851,0.016378520,179,11
1403637141.788319111,0.016814557,-0.045905061,-0.006415544,0.785513817,-0.071672045,0.614462548,0.016338273,183,11
1403637141.838319063,0.016806505,-0.045914833,-0.006524722,0.785498588,-0.071684611,0.614482001,0.016283574,174,11
1403637141.888319016,0.016821323,-0.045953960,-0.006604148,0.785520264,-0.071666700,0.614455874,0.016302731,192,11
1403637141.938318968,0.016863277,-0.045931302,-0.006682664,0.785524664,-0.071742995,0.614445106,0.016160369,186,11
1403637141.988318920,0.016877236,-0.046007307,-0.006752367,0.785510249,-0.071750709,0.614461601,0.016199516,185,11
1403637142.038319111,0.016858079,-0.046046946,-0.006824675,0.785506290,-0.071800224,0.614461910,0.016160395,178,11
1403637142.088319063,0.016828056,-0.046083136,-0.006929027,0.785531100,-0.071777340,0.614432709,0.016166322,162,11
1403637142.138319016,0.016826783,-0.046085793,-0.007033251,0.785553893,-0.071816774,0.614401499,0.016069518,192,11
1403637142.188318968,0.016845254,-0.046106538,-0.007098584,0.785526233,-0.071798608,0.614437298,0.016133943,172,11
1403637142.238318920,0.016859275,-0.046066479,-0.007170738,0.785511198,-0.071848452,0.614452455,0.016066714,184,11
1403637142.288319111,0.016859847,-0.046043463,-0.007228744,0.785505851,-0.071844633,0.614459568,0.016073155,180,11
1403637142.338319063,0.016828747,-0.046058328,-0.007276580,0.785501188,-0.071873415,0.614463392,0.016026057,179,11
1403637142.388319016,0.016834610,-0.046094299,-0.007352029,0.785491740,-0.071839173,0.614477629,0.016096676,183,11
1403637142.438318968,0.016891272,-0.046071149,-0.007443466,0.785496157,-0.071904787,0.614466985,0.015994183,174,11
1403637142.488318920,0.016933418,-0.046091483,-0.007496932,0.785496196,-0.071921892,0.614464737,0.016001662,192,11
1403637142.538319111,0.016950961,-0.046105278,-0.007562320,0.785472169,-0.071942584,0.614494332,0.015951575,186,11
1403637142.588319063,0.016960788,-0.046123813,-0.007618058,0.785471556,-0.071940395,0.614495401,0.015950398,185,11
1403637142.638319016,0.016945480,-0.046136780,-0.007674740,0.785486152,-0.071986951,0.614472718,0.015895374,178,11
1403637142.688318968,0.016926276,-0.046194139,-0.007712985,0.785495902,-0.071963178,0.614462904,0.015900569,162,11
1403637142.738318920,0.016925189,-0.046227752,-0.007734200,0.785499378,-0.071981393,0.614457372,0.015860136,192,11
1403637142.788319111,0.016938167,-0.046239350,-0.007739904,0.785490158,-0.072011014,0.614467055,0.015807087,172,11
1403637142.838319063,0.016901794,-0.046283551,-0.007759443,0.785482045,-0.072047819,0.614473343,0.015798080,184,11
1403637142.888319016,0.016790414,-0.046332402,-0.007800888,0.785461700,-0.072052931,0.614499284,0.015777272,180,11
1403637142.938318968,0.016689877,-0.046370061,-0.007856065,0.785468383,-0.072073641,0.614489619,0.015726329,179,11
1403637142.988318920,0.016574586,-0.046403753,-0.007942815,0.785464519,-0.072102581,0.614492046,0.015691770,183,11
1403637143.038319111,0.016492140,-0.046460808,-0.008000307,0.785435490,-0.072114099,0.614528520,0.015663519,174,11
1403637143.088319063,0.016410348,-0.046517053,-0.008045202,0.785459182,-0.072115506,0.614499342,0.015613639,192,11
1403637143.138319016,0.016376751,-0.046553611,-0.008080231,0.785480296,-0.072096872,0.614475113,0.015591051,186,11
1403637143.188318968,0.016348104,-0.046587776,-0.008123385,0.785473846,-0.072137060,0.614478781,0.015585522,185,11
1403637143.238318920,0.016327098,-0.046633477,-0.008179069,0.785473755,-0.072144373,0.614478181,0.015579921,178,11
1403637143.288319111,0.016338599,-0.046658265,-0.008251881,0.785466416,-0.072163647,0.614486173,0.015545417,162,11
1403637143.338319063,0.016374154,-0.046710633,-0.008294178,0.785486780,-0.072145590,0.614462629,0.015530927,192,11
1403637143.388319016,0.016406181,-0.046743908,-0.008326594,0.785471751,-0.072155031,0.614481109,0.015515980,172,11
1403637143.438318968,0.016457083,-0.046769952,-0.008368984,0.785442018,-0.072178452,0.614515818,0.015537603,185,11
1403637143.488318920,0.016509078,-0.046748027,-0.008404059,0.785435061,-0.072198026,0.614523690,0.015486883,181,11
1403637143.538319111,0.016490802,-0.046733998,-0.008442397,0.785474478,-0.072217830,0.614471793,0.015454600,180,11
1403637143.588319063,0.016548342,-0.046725960,-0.008432903,0.785400037,-0.072211311,0.614566879,0.015487390,184,11
1403637143.638319016,0.016564338,-0.046646864,-0.008465537,0.785454428,-0.072230838,0.614496641,0.015424866,175,11
1403637143.688318968,0.016617218,-0.046619615,-0.008506886,0.785464191,-0.072245136,0.614482635,0.015418700,193,11
1403637143.738318920,0.016656061,-0.046572074,-0.008523420,0.785441383,-0.072240511,0.614511362,0.015457327,186,11
1403637143.788319111,0.016673754,-0.046512016,-0.008540066,0.785426715,-0.072271172,0.614526711,0.015449091,185,11
1403637143.838319063,0.016649282,-0.046491671,-0.008569491,0.785447416,-0.072291771,0.614497806,0.015449993,178,11
1403637143.888319016,0.016606976,-0.046502965,-0.008580253,0.785413117,-0.072300140,0.614541310,0.015424166,162,11
1403637143.938318968,0.016578554,-0.046491435,-0.008611688,0.785429944,-0.072090746,0.614548088,0.015276610,188,11
1403637143.988318920,0.016491055,-0.046525115,-0.008707897,0.785457299,-0.072111922,0.614509776,0.015311346,166,11
1403637144.038319111,0.016423993,-0.046569825,-0.008778184,0.785446373,-0.072230401,0.614510539,0.015282691,199,11
1403637144.088319063,0.016346991,-0.046590320,-0.008793601,0.785451759,-0.072271666,0.614497062,0.015352581,195,11
1403637144.138319016,0.016287449,-0.046581568,-0.008840618,0.785434270,-0.072505139,0.614492773,0.015318102,196,11
1403637144.188318968,0.016197222,-0.046521580,-0.008869420,0.785466808,-0.072428500,0.614457129,0.015441565,200,11
1403637144.238318920,0.016169473,-0.046391304,-0.008884478,0.785504407,-0.072527913,0.614401616,0.015270336,190,11
1403637144.288319111,0.016092304,-0.046294370,-0.008941427,0.785549043,-0.072500940,0.614345635,0.015354333,208,11
1403637144.338319063,0.016108104,-0.046219913,-0.008984649,0.785492468,-0.072639771,0.614402319,0.015324366,201,11
1403637144.388319016,0.016086282,-0.046247946,-0.009015643,0.785468230,-0.072560754,0.614443360,0.015295547,200,11
1403637144.438318968,0.016116850,-0.046244892,-0.009025655,0.785431801,-0.072532890,0.614495981,0.015184055,193,11
1403637144.488318920,0.016175888,-0.046299096,-0.008971621,0.785426446,-0.072412989,0.614518144,0.015136283,177,11
1403637144.538319111,0.016202660,-0.046321787,-0.008912020,0.785406508,-0.072401864,0.614547271,0.015041205,207,11
1403637144.588319063,0.016174358,-0.046438561,-0.008915702,0.785486833,-0.072813770,0.614387168,0.015394693,166,11
1403637144.638319016,0.016244415,-0.046401469,-0.008855754,0.785429715,-0.072640289,0.614484461,0.015244648,199,11
1403637144.688318968,0.016350017,-0.046416838,-0.008809719,0.785483625,-0.072685385,0.614412261,0.015161884,195,11
1403637144.738318920,0.016429228,-0.046382913,-0.008781735,0.785408750,-0.072404250,0.614541826,0.015134902,196,11
1403637144.788319111,0.016563288,-0.046371955,-0.008803308,0.785394244,-0.072491336,0.614551305,0.015085819,200,11
1403637144.838319063,0.016656122,-0.046492877,-0.008844474,0.785425749,-0.072428207,0.614516648,0.015160379,190,11
1403637144.888319016,0.016782982,-0.046511249,-0.008871689,0.785456802,-0.072463898,0.614475630,0.015043139,208,11
1403637144.938318968,0.016820495,-0.046600683,-0.008869128,0.785487814,-0.072235732,0.614461360,0.015103971,200,11
1403637144.988318920,0.016836023,-0.046620830,-0.008882904,0.785576555,-0.072097378,0.614369557,0.014882610,199,11
1403637145.038319111,0.016811888,-0.046678867,-0.008892239,0.785561570,-0.072162798,0.614378814,0.014974065,192,11
1403637145.088319063,0.016798288,-0.046657044,-0.008885702,0.785538656,-0.072292212,0.614391988,0.015011377,176,11
1403637145.138319016,0.016772277,-0.046673469,-0.008920750,0.785578788,-0.072403622,0.614326735,0.015044801,206,11
1403637145.188318968,0.016749527,-0.046702605,-0.008962918,0.785581794,-0.072527914,0.614306499,0.015115251,166,11
1403637145.238318920,0.016722676,-0.046738036,-0.009021087,0.785563626,-0.072600175,0.614321749,0.015092840,198,11
1403637145.288319111,0.016640906,-0.046792088,-0.009050316,0.785582939,-0.072663632,0.614289080,0.015111903,194,11
1403637145.338319063,0.016600654,-0.046862601,-0.009067539,0.785550391,-0.072639774,0.614335879,0.015015754,195,11
1403637145.388319016,0.016547339,-0.046957319,-0.009082126,0.785540848,-0.072610739,0.614350344,0.015063574,199,11
1403637145.438318968,0.016505757,-0.046987363,-0.009090303,0.785521288,-0.072574874,0.614380463,0.015027997,189,11
1403637145.488318920,0.016466890,-0.047042237,-0.009086686,0.785493410,-0.072576775,0.614416913,0.014985711,206,11
1403637145.538319111,0.016449328,-0.047086644,-0.009093183,0.785495943,-0.072582681,0.614411939,0.015028228,199,11
1403637145.588319063,0.016427639,-0.047119933,-0.009092938,0.785487792,-0.072530769,0.614428142,0.015042417,198,11
1403637145.638319016,0.016390824,-0.047120982,-0.009089081,0.785516854,-0.072531311,0.614392497,0.014977998,191,11
1403637145.688318968,0.016308566,-0.047153358,-0.009069504,0.785547627,-0.072463222,0.614359781,0.015035514,175,11
1403637145.738318920,0.016276956,-0.047194516,-0.009018917,0.785534429,-0.072470705,0.614377734,0.014955198,205,11
1403637145.788319111,0.016222081,-0.047244793,-0.008992322,0.785525170,-0.072440460,0.614392945,0.014963139,165,11
1403637145.838319063,0.016197335,-0.047239665,-0.008968422,0.785535275,-0.072483249,0.614374583,0.014979368,197,11
1403637145.888319016,0.016118308,-0.047231643,-0.008984171,0.785536361,-0.072518367,0.614367548,0.015040883,193,11
1403637145.938318968,0.016054244,-0.047252099,-0.009003141,0.785542415,-0.072524819,0.614359668,0.015015438,194,11
1403637145.988318920,0.015966537,-0.047301263,-0.009032452,0.785554703,-0.072453219,0.614352115,0.015027234,198,11
1403637146.038319111,0.015947835,-0.047281577,-0.009092976,0.785587680,-0.072470798,0.614308931,0.014983936,189,11
1403637146.088319063,0.015943942,-0.047337658,-0.009157692,0.785595267,-0.072505413,0.614294112,0.015026138,206,11
1403637146.138319016,0.015924857,-0.047334954,-0.009212587,0.785584146,-0.072496751,0.614309481,0.015021071,199,11
1403637146.188318968,0.015904337,-0.047308078,-0.009224261,0.785584967,-0.072386778,0.614318683,0.015131755,198,11
1403637146.238318920,0.015788295,-0.047394131,-0.009221615,0.785581659,-0.072208019,0.614331015,0.015648114,191,11
1403637146.288319111,0.015737229,-0.047086650,-0.009246835,0.785529570,-0.072523144,0.614380481,0.014842915,175,11
1403637146.338319063,0.015629277,-0.047141475,-0.009291448,0.785560518,-0.072178662,0.614368861,0.015356297,205,11
1403637146.388319016,0.015581920,-0.046986658,-0.009388407,0.785541970,-0.072505215,0.614366945,0.014834560,165,11
1403637146.438318968,0.015395070,-0.047114730,-0.009518373,0.785629966,-0.072293432,0.614267990,0.015298749,197,11
1403637146.488318920,0.015346609,-0.047134571,-0.009632244,0.785591570,-0.072610940,0.614289485,0.014898507,193,11
1403637146.538319111,0.015298363,-0.047321250,-0.009731482,0.785627619,-0.072425507,0.614257198,0.015227794,194,11
1403637146.588319063,0.015263096,-0.047344181,-0.009781494,0.785602352,-0.072676728,0.614269784,0.014821285,198,11
1403637146.638319016,0.015272873,-0.047537403,-0.009663355,0.785622647,-0.072445374,0.614264081,0.015111702,189,11
1403637146.688318968,0.015256067,-0.047571696,-0.009609185,0.785557938,-0.072578422,0.614336655,0.014885286,206,11
1403637146.738318920,0.015233240,-0.047712823,-0.009552021,0.785595439,-0.072453027,0.614298380,0.015095198,199,11
1403637146.788319111,0.015199975,-0.047713725,-0.009509984,0.785589941,-0.072537115,0.614299345,0.014937412,198,11
1403637146.838319063,0.015198828,-0.047730066,-0.009487517,0.785586973,-0.072455985,0.614310052,0.015046530,191,11
1403637146.888319016,0.015188238,-0.047662804,-0.009448063,0.785599267,-0.072483573,0.614292101,0.015004594,175,11
1403637146.938318968,0.015210563,-0.047625401,-0.009428649,0.785618486,-0.072479688,0.614265849,0.015091587,205,11
1403637146.988318920,0.015241868,-0.047576635,-0.009380313,0.785587944,-0.072392847,0.614312417,0.015202396,165,11
1403637147.038319111,0.015290939,-0.047498302,-0.009380037,0.785610910,-0.072425928,0.614283335,0.015032202,197,11
1403637147.088319063,0.015336554,-0.047419980,-0.009412484,0.785618015,-0.072436872,0.614271422,0.015094840,193,11
1403637147.138319016,0.015428635,-0.047349028,-0.009450752,0.785641829,-0.072490679,0.614234145,0.015113997,194,11
1403637147.188318968,0.015536430,-0.047288634,-0.009477359,0.785608211,-0.072517722,0.614272651,0.015166706,198,11
1403637147.238318920,0.015683041,-0.047241281,-0.009474938,0.785596928,-0.072534994,0.614284430,0.015191495,189,11
1403637147.288319111,0.015814683,-0.047182756,-0.009503008,0.785602398,-0.072578961,0.614273888,0.015124681,206,11
1403637147.338319063,0.015983222,-0.047105061,-0.009517908,0.785594938,-0.072591920,0.614282565,0.015097608,199,11
1403637147.388319016,0.016108909,-0.047035027,-0.009541234,0.785583526,-0.072559660,0.614302567,0.015032459,198,11
1403637147.438318968,0.016203564,-0.047011285,-0.009584145,0.785586429,-0.072526344,0.614300615,0.015121061,191,11
1403637147.488318920,0.016246949,-0.046934383,-0.009609244,0.785581709,-0.072539618,0.614306493,0.015063698,175,11
1403637147.538319111,0.016318176,-0.046890418,-0.009626312,0.785563610,-0.072462549,0.614336863,0.015139757,205,11
1403637147.588319063,0.016519059,-0.046639869,-0.009592073,0.785580582,-0.072543444,0.614309059,0.014999276,165,11
1403637147.638319016,0.016694174,-0.046510810,-0.009564222,0.785584109,-0.072430547,0.614313429,0.015180075,198,11
1403637147.688318968,0.016840907,-0.046379884,-0.009553567,0.785584483,-0.072492787,0.614309321,0.015029088,194,11
1403637147.738318920,0.016951168,-0.046354075,-0.009536066,0.785559257,-0.072506253,0.614338375,0.015094953,195,11
1403637147.788319111,0.017011416,-0.046332921,-0.009564378,0.785578168,-0.072539344,0.614311766,0.015034634,199,11
1403637147.838319063,0.016945472,-0.046523362,-0.009561210,0.785569354,-0.072523733,0.614323111,0.015106747,190,11
1403637147.888319016,0.016945791,-0.046530214,-0.009566014,0.785581268,-0.072572151,0.614303948,0.015033767,207,11
1403637147.938318968,0.016885999,-0.046619824,-0.009579645,0.785583062,-0.072521748,0.614305933,0.015101956,200,11
1403637147.988318920,0.016785080,-0.046693064,-0.009599024,0.785573604,-0.072563827,0.614314704,0.015034914,199,11
1403637148.038319111,0.016739746,-0.046795162,-0.009608795,0.785569986,-0.072566588,0.614318479,0.015056346,192,11
1403637148.088319063,0.016670862,-0.046920160,-0.009586606,0.785569053,-0.072601038,0.614314725,0.015092112,176,11
1403637148.138319016,0.016535810,-0.047097619,-0.009533198,0.785557738,-0.072582507,0.614329533,0.015167212,206,11
1403637148.188318968,0.016425094,-0.047196746,-0.009541531,0.785558432,-0.072606337,0.614327534,0.015098023,165,11
1403637148.238318920,0.016210700,-0.047234478,-0.009595717,0.785609510,-0.072473761,0.614279551,0.015029493,198,11
1403637148.288319111,0.016042024,-0.047242451,-0.009636217,0.785598687,-0.072481424,0.614292667,0.015022162,194,11
1403637148.338319063,0.015970458,-0.047246400,-0.009659453,0.785674179,-0.072383359,0.614208241,0.014999041,195,11
1403637148.388319016,0.016002750,-0.047244050,-0.009645105,0.785594310,-0.072374752,0.614311752,0.014984860,199,11
1403637148.438318968,0.016063026,-0.047238219,-0.009648530,0.785645286,-0.072293148,0.614259090,0.014864576,190,11
1403637148.488318920,0.016025974,-0.047309035,-0.009689339,0.785720694,-0.072159410,0.614177531,0.014898666,207,11
1403637148.538319111,0.016018065,-0.047325022,-0.009654355,0.785687803,-0.072021596,0.614236821,0.014855751,200,11
1403637148.588319063,0.016034241,-0.047338331,-0.009625571,0.785748420,-0.071890114,0.614176401,0.014784462,199,11
1403637148.638319016,0.015875545,-0.047312140,-0.009623514,0.786017123,-0.071502155,0.613882819,0.014574240,192,11
1403637148.688318968,0.015852263,-0.047238385,-0.009552296,0.785953661,-0.071264437,0.614002182,0.014125976,176,11
1403637148.738318920,0.015787340,-0.047287840,-0.009563632,0.786157526,-0.070802278,0.613793643,0.014168445,206,11
1403637148.788319111,0.015785460,-0.047221116,-0.009584764,0.786227717,-0.070770426,0.613715165,0.013828269,165,11
1403637148.838319063,0.015721241,-0.047256006,-0.009554270,0.786344187,-0.070455428,0.613601179,0.013872465,198,11
1403637148.888319016,0.015646902,-0.047128633,-0.009524913,0.786455174,-0.070106572,0.613507814,0.013471835,194,11
1403637148.938318968,0.015640286,-0.047110115,-0.009555202,0.786577088,-0.069717500,0.613397852,0.013380181,195,11
1403637148.988318920,0.016392808,-0.047108615,-0.009612099,0.786652808,-0.069576677,0.613324545,0.013017203,199,11
1403637149.038319111,0.016753484,-0.047045657,-0.009719147,0.786846546,-0.069146766,0.613123305,0.013078630,190,11
1403637149.088319063,0.017412751,-0.046824321,-0.009683698,0.786867575,-0.069023482,0.613118619,0.012678190,207,11
1403637149.138319016,0.018053498,-0.046690448,-0.009744116,0.786948026,-0.068862630,0.613035427,0.012582047,200,11
1403637149.188318968,0.018416171,-0.046630737,-0.009738886,0.787052356,-0.068467642,0.612945904,0.012573372,199,11
1403637149.238318920,0.018643912,-0.046578512,-0.009732246,0.787071348,-0.068426745,0.612932329,0.012265141,192,11
1403637149.288319111,0.018478517,-0.046353678,-0.009708346,0.787127614,-0.068141521,0.612897545,0.011977108,176,11
1403637149.338319063,0.018233049,-0.046325957,-0.009742995,0.787294018,-0.067754828,0.612732012,0.011700203,206,11
1403637149.388319016,0.017780632,-0.046384553,-0.009828444,0.787383636,-0.067442087,0.612658339,0.011328456,165,11
1403637149.438318968,0.017207299,-0.046472243,-0.009851583,0.787543234,-0.066827181,0.612527545,0.010944800,198,11
1403637149.488318920,0.016535257,-0.046463288,-0.009850169,0.787845248,-0.066089257,0.612225094,0.010607070,194,11
1403637149.538319111,0.016018316,-0.046620431,-0.009984093,0.788190234,-0.065307023,0.611866638,0.010505442,195,11
1403637149.588319063,0.015433406,-0.046801450,-0.010109577,0.789678431,-0.062927925,0.610204969,0.009896867,199,11
1403637149.638319016,0.014636386,-0.047178618,-0.010389400,0.792797729,-0.058729887,0.606590610,0.008390105,190,11
1403637149.688318968,0.013611409,-0.047269214,-0.010516202,0.795414990,-0.052859173,0.603726830,0.005900620,207,11
1403637149.738318920,0.012516969,-0.048167090,-0.010608295,0.796609249,-0.049897749,0.602411494,0.004930565,200,11
1403637149.788319111,0.011943903,-0.049159603,-0.010886384,0.799069905,-0.048914495,0.599238230,0.002864125,199,11
1403637149.838319063,0.011687196,-0.050456705,-0.010581069,0.802336216,-0.047458508,0.594979884,0.001795544,190,11
1403637149.888319016,0.011256832,-0.053172737,-0.010510020,0.807382909,-0.048010645,0.588071123,0.000414020,173,11
1403637149.938318968,0.010341492,-0.057095597,-0.009772796,0.812713618,-0.046462129,0.580801627,0.002704968,203,11
1403637149.988318920,0.010143063,-0.062090074,-0.007436705,0.819257798,-0.044021996,0.571700035,0.006147691,164,11
1403637150.038319111,0.009122437,-0.068543839,-0.003105644,0.825055606,-0.040255606,0.563473094,0.012680920,179,11
1403637150.088319063,0.009034066,-0.076131313,0.002907747,0.829923353,-0.038186235,0.556256322,0.018653228,157,11
1403637150.138319016,0.011028508,-0.084385716,0.011021883,0.833009343,-0.036311978,0.551524191,0.024452851,145,11
1403637150.188318968,0.014489218,-0.093155577,0.021128316,0.833602680,-0.036242740,0.550412277,0.028971731,137,11
1403637150.238318920,0.019767171,-0.102018203,0.032737170,0.832923336,-0.036869760,0.551202045,0.032490658,127,11
1403637150.288319111,0.027149641,-0.110942490,0.046026162,0.830375779,-0.038442613,0.554805518,0.034482880,134,11
1403637150.338319063,0.036371784,-0.119687834,0.060028054,0.827749079,-0.040112326,0.558477089,0.036411610,136,11
1403637150.388319016,0.047201925,-0.128466498,0.075126712,0.822749085,-0.042889146,0.565637248,0.036041213,134,11
1403637150.438318968,0.058706509,-0.137617052,0.089996443,0.818827840,-0.045050533,0.571116618,0.036293621,126,11
1403637150.488318920,0.070746702,-0.146717025,0.104526920,0.816134436,-0.046473101,0.574748249,0.037805861,125,11
1403637150.538319111,0.083200286,-0.156517269,0.118449987,0.814196259,-0.048275501,0.577271366,0.038880570,160,11
1403637150.588319063,0.096016528,-0.166042045,0.132320396,0.813615754,-0.049197221,0.577920603,0.040209644,143,11
1403637150.638319016,0.109028194,-0.175426037,0.145757632,0.812701114,-0.050319097,0.579042513,0.041166206,165,11
1403637150.688318968,0.122303554,-0.184314608,0.159042960,0.812455452,-0.050998982,0.579251322,0.042227339,174,11
1403637150.738318920,0.135946311,-0.193438224,0.171180405,0.812345049,-0.051222871,0.579288765,0.043546139,183,11
1403637150.788319111,0.150095720,-0.202483140,0.183337464,0.812107742,-0.051394225,0.579522892,0.044641526,178,11
1403637150.838319063,0.164678938,-0.211523410,0.195358025,0.811255189,-0.051270104,0.580608086,0.046158920,177,11
1403637150.888319016,0.179419116,-0.219742867,0.207561379,0.809076804,-0.050909265,0.583579561,0.047306098,187,11
1403637150.938318968,0.193473356,-0.227365827,0.218330789,0.806668449,-0.050696093,0.586877049,0.047866988,180,11
1403637150.988318920,0.208176270,-0.235192873,0.229332303,0.804475741,-0.050199509,0.589875355,0.048434049,166,11
1403637151.038319111,0.222076587,-0.242596162,0.237179595,0.802409700,-0.049827262,0.592724300,0.048309649,208,11
1403637151.088319063,0.236587587,-0.251195304,0.246439723,0.800321048,-0.048857134,0.595592878,0.048665435,200,11
1403637151.138319016,0.250027624,-0.259121363,0.254489457,0.797825722,-0.047791693,0.598997865,0.048904288,199,11
1403637151.188318968,0.261519310,-0.265342486,0.260861626,0.797196999,-0.046905966,0.599931959,0.048563574,179,11
1403637151.238318920,0.271881014,-0.271108376,0.267815092,0.798958153,-0.046806854,0.597662442,0.047692710,212,11
1403637151.288319111,0.281147585,-0.276114437,0.276790446,0.801119734,-0.047170596,0.594901008,0.045551046,199,11
1403637151.338319063,0.289483487,-0.281185344,0.287658966,0.803608426,-0.048863510,0.591692277,0.041546416,222,11
1403637151.388319016,0.297301375,-0.286299503,0.300864035,0.805831206,-0.051908142,0.588781942,0.035741245,206,11
1403637151.438318968,0.305555685,-0.291224404,0.317390723,0.807510180,-0.054659247,0.586485441,0.031217043,196,11
1403637151.488318920,0.313580732,-0.296924825,0.334903422,0.808749926,-0.053129452,0.584856919,0.032298651,206,11
1403637151.538319111,0.320888369,-0.303349817,0.352235663,0.809442402,-0.052228473,0.583961822,0.032615569,205,11
1403637151.588319063,0.329527938,-0.311959195,0.367161497,0.809757996,-0.051146987,0.583563150,0.033615824,170,11
1403637151.638319016,0.336749214,-0.319120734,0.382486659,0.810026761,-0.049591620,0.583252011,0.034848372,219,11
1403637151.688318968,0.344394473,-0.326584004,0.396422662,0.809838431,-0.048273505,0.583558675,0.035925705,210,11
1403637151.738318920,0.351913160,-0.334284585,0.408769546,0.810323227,-0.047602709,0.582904673,0.036501946,236,11
1403637151.788319111,0.360555064,-0.342903542,0.418776225,0.810574326,-0.046992736,0.582593975,0.036677044,205,11
1403637151.838319063,0.368392080,-0.351365133,0.427752947,0.810635133,-0.046337175,0.582547503,0.036904669,222,11
1403637151.888319016,0.376355364,-0.359941468,0.435565852,0.810590319,-0.045612940,0.582616337,0.037696143,203,11
1403637151.938318968,0.384504235,-0.368407312,0.442495964,0.810874029,-0.045061444,0.582218517,0.038397570,221,11
1403637151.988318920,0.392516877,-0.377396216,0.449751739,0.810980609,-0.044860783,0.582113129,0.037977178,209,11
1403637152.038319111,0.397989161,-0.385082331,0.457715578,0.811089053,-0.045006184,0.581988652,0.037392508,212,11
1403637152.088319063,0.405239503,-0.393354165,0.466942071,0.811432487,-0.045283250,0.581555276,0.036334645,210,11
1403637152.138319016,0.413475807,-0.401118071,0.478118879,0.811970059,-0.045704359,0.580817435,0.035592715,200,11
1403637152.188318968,0.422057497,-0.408915843,0.488339189,0.812522616,-0.046161477,0.580041740,0.035038500,175,11
1403637152.238318920,0.429529457,-0.417292040,0.497262136,0.812989410,-0.046818896,0.579401505,0.033913203,222,11
1403637152.288319111,0.436315505,-0.423886063,0.505387612,0.813349992,-0.046957465,0.578890228,0.033806666,196,11
1403637152.338319063,0.444758325,-0.432601616,0.510821716,0.814004436,-0.047882516,0.577977902,0.032335541,219,11
1403637152.388319016,0.454538033,-0.442055350,0.515522819,0.813827963,-0.047191351,0.578255095,0.032833950,196,11
1403637152.438318968,0.463861220,-0.450920578,0.518334243,0.814097281,-0.047190985,0.577880401,0.032754692,208,11
1403637152.488318920,0.473800600,-0.460222491,0.519338309,0.814257968,-0.046579041,0.577674446,0.033265416,190,11
1403637152.538319111,0.484354465,-0.469342785,0.519214014,0.814086090,-0.046547281,0.577936028,0.032971758,205,11
1403637152.588319063,0.498846627,-0.477985283,0.518331416,0.814426061,-0.046203208,0.577441530,0.033715488,184,11
1403637152.638319016,0.510531734,-0.487413987,0.516475100,0.813901272,-0.046084835,0.578186731,0.033778854,191,11
1403637152.688318968,0.522241557,-0.497529701,0.513759932,0.813465452,-0.046189113,0.578797332,0.033677490,184,11
1403637152.738318920,0.534860368,-0.507282187,0.512259819,0.812368312,-0.046518118,0.580331269,0.033307798,168,11
1403637152.788319111,0.544879035,-0.517943960,0.512179582,0.810844368,-0.047523829,0.582503980,0.031016276,167,11
1403637152.838319063,0.555819305,-0.528404578,0.513320912,0.809370009,-0.047918747,0.584544563,0.030522710,217,11
1403637152.888319016,0.565766596,-0.538921109,0.516682109,0.808060412,-0.047693487,0.586392445,0.030126450,196,11
1403637152.938318968,0.574288925,-0.549999536,0.522005111,0.807027500,-0.046671011,0.587854959,0.030902729,216,11
1403637152.988318920,0.584030242,-0.561829637,0.529617166,0.806945230,-0.046156941,0.587983571,0.031372796,193,11
1403637153.038319111,0.592041392,-0.573297814,0.538003825,0.806650182,-0.045423563,0.588418226,0.031877493,202,11
1403637153.088319063,0.599834513,-0.585037711,0.545835997,0.807112025,-0.044996562,0.587741820,0.033242166,205,11
1403637153.138319016,0.607904551,-0.596651275,0.552502350,0.807724341,-0.044532347,0.586894097,0.033964353,221,11
1403637153.188318968,0.617301251,-0.609446296,0.557782209,0.808601775,-0.044380374,0.585673859,0.034346503,203,11
1403637153.238318920,0.626418102,-0.621337946,0.561560812,0.809332693,-0.043492870,0.584629127,0.036024240,212,11
1403637153.288319111,0.636028965,-0.633332368,0.563346192,0.809673194,-0.042824372,0.584147741,0.036970375,206,11
1403637153.338319063,0.647262256,-0.646014498,0.564484899,0.809720126,-0.042166705,0.584068295,0.037940932,173,11
1403637153.388319016,0.657134596,-0.657530303,0.565483965,0.810109973,-0.041541380,0.583484081,0.039274323,171,11
1403637153.438318968,0.666636990,-0.669265121,0.567455891,0.810801294,-0.041107340,0.582525676,0.039689874,211,11
1403637153.488318920,0.676280283,-0.680419036,0.570887455,0.811879449,-0.040569654,0.580984908,0.040772555,189,11
1403637153.538319111,0.685768900,-0.691545147,0.575614986,0.813346722,-0.040523855,0.578909346,0.041096180,212,11
1403637153.588319063,0.697023150,-0.702965127,0.581577559,0.814177359,-0.041075265,0.577757999,0.040295721,192,11
1403637153.638319016,0.707575932,-0.713539230,0.589604334,0.814573685,-0.040777744,0.577189430,0.040733875,190,11
1403637153.688318968,0.718946899,-0.723665517,0.599645198,0.813846519,-0.040804718,0.578244542,0.040274908,192,11
1403637153.738318920,0.730576574,-0.733340761,0.610836871,0.813302010,-0.040437310,0.578983426,0.041022632,207,11
1403637153.788319111,0.744076936,-0.742383356,0.621789352,0.811726815,-0.040557658,0.581189550,0.040906747,188,11
1403637153.838319063,0.756037675,-0.751530476,0.631021018,0.810737116,-0.041295837,0.582605716,0.039630329,198,11
1403637153.888319016,0.769280298,-0.760697722,0.637884486,0.810260488,-0.041117037,0.583244388,0.040166091,190,11
1403637153.938318968,0.780698983,-0.769780475,0.642722650,0.809295701,-0.040937586,0.584562143,0.040640905,167,11
1403637153.988318920,0.791892360,-0.779006509,0.646205129,0.808826140,-0.041496814,0.585234353,0.039737154,164,11
1403637154.038319111,0.803808829,-0.787440456,0.647826969,0.809178957,-0.041555684,0.584746980,0.039667493,204,11
1403637154.088319063,0.815455358,-0.795601654,0.647093188,0.810274308,-0.042757656,0.583259579,0.037889217,183,11
1403637154.138319016,0.827078813,-0.803733278,0.644097061,0.812828636,-0.045269929,0.579738903,0.034103467,204,11
1403637154.188318968,0.837673027,-0.811678893,0.638591691,0.816087063,-0.050562641,0.575088005,0.026816261,182,11
1403637154.238318920,0.848071635,-0.820609575,0.632862418,0.818293983,-0.055686114,0.571753012,0.019811804,181,11
1403637154.288319111,0.859701406,-0.830483945,0.625679778,0.820297086,-0.059642917,0.568635939,0.014442398,185,11
1403637154.338319063,0.871936826,-0.841695956,0.617719254,0.821101317,-0.061581234,0.567324325,0.011978670,220,11
1403637154.388319016,0.883952750,-0.852833222,0.608903680,0.820774201,-0.060370599,0.567868394,0.014511659,200,11
1403637154.438318968,0.897012135,-0.867164275,0.600531387,0.818563908,-0.058160786,0.571166919,0.018406550,209,11
1403637154.488318920,0.910843060,-0.882638972,0.592041806,0.815858866,-0.055760337,0.575116271,0.022502652,201,11
1403637154.538319111,0.922975362,-0.898772320,0.583184628,0.814099368,-0.053686500,0.577627165,0.026586421,169,11
1403637154.588319063,0.937625983,-0.916402514,0.575195236,0.813679242,-0.051767950,0.578163706,0.031191349,169,11
1403637154.638319016,0.951910148,-0.934220161,0.567496768,0.814597202,-0.049508049,0.576751916,0.036572927,196,11
1403637154.688318968,0.967507057,-0.952029092,0.559883650,0.817001467,-0.047430509,0.573117812,0.042366543,188,11
1403637154.738318920,0.982944340,-0.969903705,0.552252892,0.819067796,-0.047481685,0.569764535,0.047347765,199,11
1403637154.788319111,0.997566127,-0.987624189,0.545249638,0.820793900,-0.050457524,0.566609720,0.052008040,184,11
1403637154.838319063,1.013942745,-1.005400389,0.539395981,0.822321673,-0.055708743,0.563559335,0.055538076,182,11
1403637154.888319016,1.030313124,-1.023132625,0.534828798,0.822575692,-0.061287269,0.562368382,0.057921535,172,11
1403637154.938318968,1.049433139,-1.040818806,0.530891539,0.824057936,-0.065753967,0.559371860,0.060893808,187,11
1403637154.988318920,1.071024867,-1.057671776,0.529612278,0.823283864,-0.071456713,0.559683753,0.062062188,196,11
1403637155.038319111,1.093148066,-1.074457716,0.530757614,0.822126466,-0.076081451,0.560382985,0.065502648,199,11
1403637155.088319063,1.116930927,-1.090793111,0.534689753,0.820416469,-0.082932691,0.561617293,0.068007365,191,11
1403637155.138319016,1.140646620,-1.106332829,0.540636247,0.816350235,-0.089460120,0.566045511,0.071844696,180,11
1403637155.188318968,1.164832174,-1.121824306,0.547339404,0.813473226,-0.095620765,0.568871401,0.074184292,179,11
1403637155.238318920,1.188450993,-1.137024095,0.556654266,0.810616957,-0.099081777,0.571872431,0.077748781,176,11
1403637155.288319111,1.213995040,-1.152300285,0.566910871,0.808325474,-0.101983280,0.574355500,0.079530482,194,11
1403637155.338319063,1.240352709,-1.167552429,0.578175551,0.805579070,-0.104704375,0.577370998,0.081988329,207,11
1403637155.388319016,1.266140155,-1.183305503,0.588947389,0.802850470,-0.109298144,0.579990842,0.084235751,191,11
1403637155.438318968,1.291360247,-1.198957984,0.597756076,0.800633368,-0.114939797,0.581451589,0.087687530,186,11
1403637155.488318920,1.315332284,-1.215001493,0.604827475,0.797772492,-0.121821816,0.583368620,0.091649053,173,11
1403637155.538319111,1.338395535,-1.230565015,0.609556277,0.795875673,-0.128948261,0.583963824,0.094554278,192,11
1403637155.588319063,1.362543313,-1.246584480,0.611806799,0.794436432,-0.136273470,0.584040272,0.095902334,204,11
1403637155.638319016,1.387094849,-1.262751488,0.612325918,0.793102115,-0.143571248,0.584114572,0.095846223,198,11
1403637155.688318968,1.410769248,-1.278947160,0.611031283,0.792615456,-0.150463321,0.583040724,0.095838625,183,11
1403637155.738318920,1.433709782,-1.294594612,0.606965903,0.791199728,-0.157532785,0.582868119,0.097217114,174,11
1403637155.788319111,1.455439959,-1.310924935,0.602065204,0.790056307,-0.165924928,0.581827284,0.098777330,168,11
1403637155.838319063,1.477089943,-1.329188413,0.595862677,0.788095772,-0.175066627,0.581339267,0.101495746,151,11
1403637155.888319016,1.496179014,-1.348181397,0.588873803,0.787814210,-0.184281558,0.577949968,0.106596961,169,11
1403637155.938318968,1.515297833,-1.368695581,0.580274523,0.787625585,-0.193548237,0.574010450,0.112681055,182,11
1403637155.988318920,1.533521152,-1.389126280,0.571315189,0.785737115,-0.203231563,0.571898722,0.119356480,162,11
1403637156.038319111,1.551227998,-1.410709532,0.561997939,0.782401697,-0.213722906,0.571432620,0.125039453,174,11
1403637156.088319063,1.567454076,-1.432081538,0.552867591,0.778539030,-0.224660707,0.571346416,0.130260579,137,11
1403637156.138319016,1.583897219,-1.456316623,0.543521115,0.774213856,-0.235742218,0.571459189,0.135841477,182,11
1403637156.188318968,1.598461518,-1.480955273,0.533970335,0.770171265,-0.247434368,0.570587670,0.141570359,189,11
1403637156.238318920,1.612462934,-1.507194457,0.524911687,0.765675692,-0.259535017,0.569818721,0.147271636,189,11
1403637156.288319111,1.624372454,-1.534359666,0.516775086,0.761608729,-0.271050456,0.568050960,0.154278649,173,11
1403637156.338319063,1.634903659,-1.561588216,0.507229782,0.757305112,-0.283446681,0.566115264,0.160188810,177,11
1403637156.388319016,1.643675017,-1.589846881,0.498655277,0.753371729,-0.295029328,0.563239653,0.167779101,168,11
1403637156.438318968,1.651730299,-1.618979467,0.488622571,0.749372004,-0.306823337,0.560135830,0.174782410,170,11
1403637156.488318920,1.656492821,-1.648230603,0.479694237,0.744771422,-0.317879105,0.557613742,0.182579622,157,11
1403637156.538319111,1.660243601,-1.679372366,0.470554751,0.739416233,-0.328542922,0.555868010,0.190614633,158,11
1403637156.588319063,1.664030566,-1.711512055,0.459021738,0.735230651,-0.338831221,0.552501131,0.198423271,154,11
1403637156.638319016,1.665446830,-1.744053048,0.447547100,0.730241518,-0.348776590,0.549769583,0.207015991,171,11
1403637156.688318968,1.665672125,-1.777640836,0.434185167,0.725939185,-0.358371393,0.546109496,0.215282751,144,11
1403637156.738318920,1.663432266,-1.811340150,0.420597235,0.721424348,-0.366800330,0.542951670,0.224071223,185,11
1403637156.788319111,1.659671474,-1.844941321,0.405475555,0.719435875,-0.373733178,0.537635740,0.231696666,192,11
1403637156.838319063,1.655695812,-1.879856191,0.388915183,0.719002208,-0.378969399,0.531403705,0.238805616,188,11
1403637156.888319016,1.650773412,-1.915051547,0.371985476,0.718967330,-0.383741627,0.525738119,0.243778122,166,11
1403637156.938318968,1.645600143,-1.950574666,0.353911196,0.719699367,-0.386143455,0.520453216,0.249107412,180,11
1403637156.988318920,1.638821642,-1.985790748,0.335777640,0.720572089,-0.388907047,0.515780579,0.251987236,158,11
1403637157.038319111,1.634280821,-2.021730237,0.313898385,0.721417809,-0.391411275,0.512221461,0.252948084,185,11
1403637157.088319063,1.630956884,-2.058668534,0.290718933,0.721825803,-0.393713294,0.510134529,0.252428436,175,11
1403637157.138319016,1.636082134,-2.096672170,0.258499767,0.722188859,-0.396597566,0.508561615,0.250037409,161,11
1403637157.188318968,1.638381593,-2.135473403,0.233083145,0.722197906,-0.398246581,0.508362390,0.247785240,147,11
1403637157.238318920,1.636611037,-2.173826157,0.214120298,0.721789437,-0.399374657,0.508849953,0.246153646,162,11
1403637157.288319111,1.637841748,-2.212875121,0.193959727,0.721479964,-0.400284205,0.509700591,0.243812478,114,11
1403637157.338319063,1.635323502,-2.253258342,0.180180599,0.720863753,-0.400819320,0.511366407,0.241254471,154,11
1403637157.388319016,1.632926147,-2.293806365,0.168767599,0.720220324,-0.402114601,0.513024954,0.237469847,161,11
1403637157.438318968,1.629399119,-2.335506976,0.160281011,0.719444801,-0.403673675,0.514996570,0.232863211,161,11
1403637157.488318920,1.624988919,-2.378566714,0.153872415,0.719178321,-0.404213461,0.516642638,0.229072923,144,11
1403637157.538319111,1.619532384,-2.422627485,0.149422724,0.718951812,-0.404617562,0.518123478,0.225701093,158,11
1403637157.588319063,1.613875166,-2.469920205,0.145137208,0.718875248,-0.404188192,0.519558914,0.223402815,123,11
1403637157.638319016,1.605943492,-2.517580097,0.144104963,0.719583481,-0.403144585,0.519880788,0.222256660,153,11
1403637157.688318968,1.596141112,-2.565747848,0.145753800,0.720067132,-0.402362110,0.520338170,0.221034492,153,11
1403637157.738318920,1.585509217,-2.615980664,0.148925957,0.720607618,-0.401553784,0.520653048,0.219999145,151,11
1403637157.788319111,1.572909299,-2.667438188,0.154847872,0.719457062,-0.399116830,0.523259824,0.222005515,137,11
1403637157.838319063,1.559113258,-2.720752480,0.159766546,0.718541313,-0.395931299,0.525425478,0.225532381,173,11
1403637157.888319016,1.543519717,-2.772910707,0.164286710,0.717581672,-0.393589728,0.527229989,0.228456143,122,11
1403637157.938318968,1.527730001,-2.827405864,0.166408866,0.716748828,-0.390526012,0.528931101,0.232362739,160,11
1403637157.988318920,1.511353170,-2.881981113,0.166418490,0.716948095,-0.387829105,0.529000404,0.236077503,167,11
1403637158.038319111,1.494110389,-2.937159314,0.165451426,0.717441341,-0.384201153,0.528795127,0.240921378,164,11
1403637158.088319063,1.475951388,-2.991989771,0.165139406,0.718007820,-0.381621285,0.528075566,0.244879892,149,11
1403637158.138319016,1.457186098,-3.047474235,0.166548912,0.718137401,-0.380162255,0.528175137,0.246548896,173,11
1403637158.188318968,1.437438141,-3.099047384,0.170440079,0.718532856,-0.378802188,0.527728751,0.248438731,142,11
1403637158.238318920,1.416991950,-3.152225062,0.176005453,0.717326452,-0.379059706,0.528795312,0.249262950,164,11
1403637158.288319111,1.395345273,-3.204541367,0.182028412,0.717046105,-0.380445965,0.527594337,0.250499434,163,11
1403637158.338319063,1.373925873,-3.257386997,0.188863692,0.715509407,-0.383156703,0.526533499,0.252981628,157,11
1403637158.388319016,1.352247865,-3.308364132,0.195809273,0.712721720,-0.388281339,0.525746414,0.254668529,130,11
1403637158.438318968,1.328394469,-3.359728204,0.202216550,0.709415293,-0.393772140,0.524516567,0.257984137,178,11
1403637158.488318920,1.303984705,-3.408498271,0.206565597,0.704934175,-0.400731142,0.523859649,0.260870521,134,11
1403637158.538319111,1.277876928,-3.458764286,0.209228710,0.699678186,-0.409120811,0.523163807,0.263382285,153,11
1403637158.588319063,1.250783757,-3.509602991,0.209905060,0.693883879,-0.419046218,0.522153593,0.265105742,158,11
1403637158.638319016,1.221775123,-3.560617120,0.209241579,0.687989966,-0.429078776,0.520571710,0.267518795,153,11
1403637158.688318968,1.190815572,-3.611674674,0.207360030,0.681812100,-0.438563884,0.518368102,0.272192009,138,11
1403637158.738318920,1.158279465,-3.660429963,0.203124900,0.676353346,-0.447606678,0.514923893,0.277574851,175,11
1403637158.788319111,1.124926193,-3.704456145,0.197460180,0.672296880,-0.455405150,0.510662752,0.282571422,138,11
1403637158.838319063,1.090165294,-3.752747580,0.190820027,0.670535705,-0.461909950,0.504601528,0.287051151,176,11
1403637158.888319016,1.054141179,-3.800952559,0.184338627,0.668305027,-0.467417797,0.500683283,0.290181398,173,11
1403637158.938318968,1.017609775,-3.849810452,0.179028958,0.668341041,-0.469354349,0.495229558,0.296267501,179,11
1403637158.988318920,0.980783487,-3.897605898,0.175074206,0.668934679,-0.471558552,0.489998807,0.300100144,159,11
1403637159.038319111,0.943388938,-3.946730208,0.172638536,0.669512807,-0.472915423,0.485459218,0.304027879,174,11
1403637159.088319063,0.908564418,-3.995309031,0.170907946,0.669157458,-0.474298151,0.483524238,0.305734969,133,11
1403637159.138319016,0.872010400,-4.044297526,0.169984668,0.667879263,-0.476055954,0.483635614,0.305621681,178,11
1403637159.188318968,0.834600616,-4.093674212,0.168380928,0.665745280,-0.478438661,0.485538811,0.303532097,186,11
1403637159.238318920,0.797497662,-4.142238800,0.165180421,0.664080381,-0.480299785,0.487509042,0.301071916,179,11
1403637159.288319111,0.759232681,-4.192872338,0.160746653,0.663175222,-0.481587348,0.489060343,0.298483219,146,11
1403637159.338319063,0.719936365,-4.242294277,0.155446821,0.662658314,-0.482500149,0.490197756,0.296283186,175,11
1403637159.388319016,0.680208585,-4.291237001,0.148445122,0.662781105,-0.482676360,0.490906382,0.294543142,136,11
1403637159.438318968,0.639212874,-4.341381309,0.141131766,0.663633092,-0.481347812,0.491084989,0.294501167,172,11
1403637159.488318920,0.597497708,-4.391898475,0.132670223,0.663965657,-0.480357384,0.492082803,0.293702068,155,11
1403637159.538319111,0.554873177,-4.442723176,0.123477892,0.666964026,-0.477321729,0.489496083,0.296169782,162,11
1403637159.588319063,0.512260373,-4.495112912,0.113031583,0.669679179,-0.475004944,0.487115132,0.297689349,173,11
1403637159.638319016,0.468581270,-4.546423096,0.103120897,0.672612500,-0.472305718,0.484297630,0.299959229,170,11
1403637159.688318968,0.425536255,-4.597600342,0.093574259,0.674445889,-0.469860139,0.483054402,0.301683007,115,11
1403637159.738318920,0.381203485,-4.649242940,0.086205694,0.676137752,-0.467443614,0.481591495,0.303980000,153,11
1403637159.788319111,0.337415477,-4.702359321,0.080710106,0.676745751,-0.465914163,0.481481552,0.305147007,180,11
1403637159.838319063,0.293525917,-4.754433658,0.077509392,0.676603400,-0.465056023,0.481076578,0.307402114,179,11
1403637159.888319016,0.249279873,-4.806215701,0.075421899,0.675900781,-0.465978509,0.479164774,0.310520984,152,11
1403637159.938318968,0.205258017,-4.859157180,0.072691710,0.673310145,-0.470880544,0.476914358,0.312214119,161,11
1403637159.988318920,0.161753991,-4.914184359,0.069250247,0.670170542,-0.476430924,0.473492573,0.315736920,139,11
1403637160.038319111,0.117293960,-4.967990238,0.065514183,0.663971418,-0.482804569,0.472654928,0.320373257,157,11
1403637160.088319063,0.072407468,-5.022404416,0.060727941,0.656359019,-0.489863878,0.472767814,0.325141221,158,11
1403637160.138319016,0.029297097,-5.071093428,0.056993553,0.647795550,-0.497612896,0.472908690,0.330302441,137,11
1403637160.188318968,-0.014698817,-5.124809544,0.050957298,0.639694390,-0.505696786,0.470885717,0.336642971,152,11
1403637160.238318920,-0.059420735,-5.177145787,0.043696126,0.632348991,-0.513838376,0.466663250,0.343991697,150,11
1403637160.288319111,-0.103573886,-5.225977741,0.035717143,0.624047138,-0.523068107,0.462619532,0.350639549,120,11
1403637160.338319063,-0.149756426,-5.273304101,0.026359922,0.616155671,-0.532064615,0.456949460,0.358408463,135,11
1403637160.388319016,-0.195764694,-5.323432990,0.015771361,0.607237948,-0.542502538,0.451227761,0.365166508,153,11
1403637160.438318968,-0.243065640,-5.372420311,0.004329968,0.598975034,-0.552363198,0.443604714,0.373280945,159,11
1403637160.488318920,-0.290199303,-5.421421821,-0.008051188,0.591096289,-0.562037656,0.434638049,0.381848945,145,11
1403637160.538319111,-0.338021087,-5.468412074,-0.020206184,0.583653601,-0.572027948,0.424395471,0.389898687,160,11
1403637160.588319063,-0.386942759,-5.516162679,-0.033217869,0.574879683,-0.581700632,0.415802354,0.397801618,143,11
1403637160.638319016,-0.434013753,-5.561336764,-0.046819143,0.567238452,-0.590714576,0.406057670,0.405479959,151,11
1403637160.688318968,-0.480838849,-5.607587315,-0.061218616,0.560462986,-0.599316310,0.397961444,0.410277821,151,11
1403637160.738318920,-0.524228448,-5.656340132,-0.076299603,0.555374987,-0.606993431,0.390328935,0.413232285,148,11
1403637160.788319111,-0.567967453,-5.704235108,-0.089035630,0.551746500,-0.612632639,0.383178700,0.416450637,158,11
1403637160.838319063,-0.610389057,-5.752472552,-0.099205653,0.548035336,-0.617099516,0.378762378,0.418789349,158,11
1403637160.888319016,-0.647447428,-5.801375003,-0.109488796,0.544854338,-0.621307727,0.375467316,0.419684112,141,11
1403637160.938318968,-0.681325715,-5.853201963,-0.119101925,0.542947976,-0.625418246,0.372133195,0.419018374,135,11
1403637160.988318920,-0.718172598,-5.904416219,-0.123028397,0.540657894,-0.629120905,0.371028598,0.417413115,161,11
1403637161.038319111,-0.754495253,-5.955684497,-0.123153501,0.538335123,-0.632796758,0.371209941,0.414688724,165,11
1403637161.088319063,-0.785174178,-6.011665914,-0.125593291,0.535362642,-0.635977287,0.373071657,0.411991834,142,11
1403637161.138319016,-0.820131421,-6.065765070,-0.119483278,0.531387406,-0.638566092,0.377110506,0.409448944,151,11
1403637161.188318968,-0.852951823,-6.121340654,-0.114179662,0.525808883,-0.641822332,0.383654570,0.405460582,127,11
1403637161.238318920,-0.890024760,-6.176472757,-0.102442440,0.519373203,-0.643401350,0.392042665,0.403222925,144,11
1403637161.288319111,-0.929235962,-6.232136804,-0.089510577,0.514328169,-0.645425329,0.398938820,0.399675491,148,11
1403637161.338319063,-0.969311065,-6.286033745,-0.074498659,0.511384576,-0.646032389,0.403333249,0.398058108,141,11
1403637161.388319016,-1.013271834,-6.341877796,-0.058000999,0.511664848,-0.645059992,0.403502324,0.399102198,148,11
1403637161.438318968,-1.059213308,-6.396574883,-0.039678664,0.513494626,-0.643737213,0.400003572,0.402396337,134,11
1403637161.488318920,-1.107556093,-6.452037015,-0.021250725,0.513308364,-0.643540873,0.397198346,0.405713127,146,11
1403637161.538319111,-1.156420902,-6.504163582,-0.002004380,0.512885966,-0.645292612,0.392151397,0.408365906,114,11
1403637161.588319063,-1.207775362,-6.559204433,0.016037500,0.510139315,-0.647496880,0.388475552,0.411815997,136,11
1403637161.638319016,-1.260340087,-6.612728058,0.033313518,0.507024314,-0.649696750,0.384893552,0.415544740,144,11
1403637161.688318968,-1.312613724,-6.663667815,0.050192703,0.502894688,-0.650821350,0.382789548,0.420714470,145,11
1403637161.738318920,-1.366332096,-6.715480627,0.065768099,0.498732833,-0.650362968,0.381692607,0.427322273,139,11
1403637161.788319111,-1.421500954,-6.766928045,0.080696651,0.494545251,-0.647627336,0.381228713,0.436656040,125,11
1403637161.838319063,-1.478056372,-6.820335905,0.093495949,0.489259232,-0.644185579,0.382318342,0.446635231,127,11
1403637161.888319016,-1.533497614,-6.868017955,0.106884551,0.484220650,-0.640558947,0.382830789,0.456787898,140,11
1403637161.938318968,-1.589306738,-6.915724224,0.118050927,0.478429143,-0.637226376,0.385063172,0.465590437,129,11
1403637161.988318920,-1.644458433,-6.960622670,0.128068145,0.473858682,-0.633911791,0.386589296,0.473458031,133,11
1403637162.038319111,-1.697597499,-7.000688548,0.136051452,0.469816271,-0.631245966,0.388023561,0.479832177,130,11
1403637162.088319063,-1.749045420,-7.037697419,0.141045833,0.467000248,-0.630196335,0.388610474,0.483472075,121,11
1403637162.138319016,-1.798741421,-7.070586691,0.143783818,0.464165225,-0.630402318,0.390382876,0.484504665,101,11
1403637162.188318968,-1.850329596,-7.104278201,0.143928799,0.461766490,-0.633276256,0.392614879,0.481234297,127,11
1403637162.238318920,-1.900040437,-7.131758837,0.142339180,0.460128275,-0.637378860,0.394526844,0.475792737,122,11
1403637162.288319111,-1.950476422,-7.157629963,0.139840394,0.459117437,-0.640987698,0.396147615,0.470545446,142,11
1403637162.338319063,-2.002061241,-7.181178054,0.135694334,0.459342513,-0.643786431,0.396454827,0.466226400,144,11
1403637162.388319016,-2.052967061,-7.201134355,0.129950489,0.458754183,-0.646939671,0.398091539,0.461017123,140,11
1403637162.438318968,-2.105316552,-7.217943735,0.122637755,0.458594402,-0.650813579,0.399525130,0.454436498,118,11
1403637162.488318920,-2.158937893,-7.232581612,0.114767979,0.462779572,-0.655114346,0.395115828,0.447821107,128,11
1403637162.538319111,-2.213246651,-7.244262425,0.109066155,0.468148982,-0.657753403,0.388907531,0.443788152,121,11
1403637162.588319063,-2.270691508,-7.255729586,0.106015347,0.471846883,-0.657890281,0.384814069,0.443236991,134,11
1403637162.638319016,-2.329009835,-7.265558973,0.105960237,0.473668946,-0.655033149,0.382864270,0.447195991,145,11
1403637162.688318968,-2.387945445,-7.274782387,0.108851879,0.470373343,-0.650984884,0.386433616,0.453471785,138,11
1403637162.738318920,-2.444287209,-7.278831853,0.111728217,0.462785682,-0.647621003,0.392723800,0.460634851,114,11
1403637162.788319111,-2.502984411,-7.282008606,0.113727223,0.454445241,-0.646581370,0.396270076,0.467313686,138,11
1403637162.838319063,-2.562919066,-7.283375606,0.113464906,0.448185611,-0.648105669,0.393861859,0.473245746,126,11
1403637162.888319016,-2.623402294,-7.281079690,0.111627130,0.441043671,-0.650777322,0.389847362,0.479571050,157,11
1403637162.938318968,-2.686002005,-7.277598953,0.107764619,0.434299915,-0.654346785,0.382548685,0.486693304,154,11
1403637162.988318920,-2.747825359,-7.269841937,0.103469551,0.427482292,-0.658842143,0.373405881,0.493714461,152,11
1403637163.038319111,-2.808516385,-7.257479022,0.097644477,0.419382687,-0.664407125,0.363614641,0.500465510,154,11
1403637163.088319063,-2.869844098,-7.243234457,0.091538040,0.409924511,-0.670718040,0.352929689,0.507483833,149,11
1403637163.138319016,-2.928905089,-7.224563541,0.084809124,0.399749752,-0.676816523,0.341051781,0.515561065,137,11
1403637163.188318968,-2.989711346,-7.205922030,0.077352616,0.388340812,-0.683837148,0.329475899,0.522497656,143,11
1403637163.238318920,-3.047824370,-7.182618356,0.068773665,0.376214681,-0.690075071,0.317874603,0.530296753,163,11
1403637163.288319111,-3.103416131,-7.156034436,0.059996516,0.363903082,-0.696319912,0.307362356,0.536881280,158,11
1403637163.338319063,-3.153838169,-7.126290217,0.047136668,0.350708189,-0.703002770,0.298462285,0.541951231,126,11
1403637163.388319016,-3.206365480,-7.096321739,0.034792034,0.337432394,-0.710192675,0.291095069,0.545004041,165,11
1403637163.438318968,-3.256840049,-7.067202531,0.020202808,0.324403339,-0.718010410,0.284227027,0.546295270,130,11
1403637163.488318920,-3.306542791,-7.034497723,0.005185958,0.312097888,-0.725896341,0.278997677,0.545737763,165,11
1403637163.538319111,-3.354250788,-6.999373448,-0.009798458,0.302027001,-0.734016654,0.273250449,0.543445888,151,11
1403637163.588319063,-3.400791008,-6.962225384,-0.023375222,0.293112854,-0.742690657,0.269381612,0.538450545,144,11
1403637163.638319016,-3.447295939,-6.923308216,-0.034925779,0.286800243,-0.751536608,0.264239773,0.532086169,145,11
1403637163.688318968,-3.492830363,-6.883413472,-0.044336565,0.280911866,-0.758395330,0.261566125,0.526790480,144,11
1403637163.738318920,-3.539402785,-6.842433569,-0.051490146,0.275624333,-0.765415443,0.259904330,0.520211655,152,11
1403637163.788319111,-3.586982594,-6.800164510,-0.054784319,0.272006096,-0.769654171,0.258024865,0.516786522,156,11
1403637163.838319063,-3.635452067,-6.755717961,-0.055578749,0.268118933,-0.773393980,0.258600904,0.512932318,167,11
1403637163.888319016,-3.685071521,-6.709683564,-0.053725765,0.263579905,-0.775922550,0.261140782,0.510171855,162,11
1403637163.938318968,-3.734974278,-6.662349960,-0.049890487,0.259878388,-0.776527867,0.263638687,0.509865020,145,11
1403637163.988318920,-3.788082085,-6.613051441,-0.044015616,0.257122065,-0.776311319,0.265560076,0.510594581,163,11
1403637164.038319111,-3.842516136,-6.562126703,-0.036750914,0.256589593,-0.775638717,0.265996439,0.511656385,135,11
1403637164.088319063,-3.899126554,-6.508616062,-0.026066320,0.256433434,-0.773817847,0.266347358,0.514302360,169,11
1403637164.138319016,-3.957104188,-6.452920721,-0.013694091,0.257468738,-0.771702223,0.266395904,0.516932056,155,11
1403637164.188318968,-4.017164504,-6.395079129,-0.000127776,0.259242543,-0.769383135,0.265851669,0.519774744,174,11
1403637164.238318920,-4.077912862,-6.335443947,0.014015103,0.262376083,-0.767829494,0.263918275,0.521482314,167,11
1403637164.288319111,-4.139866971,-6.274473424,0.029733942,0.267570697,-0.764943321,0.259805712,0.525136773,144,11
1403637164.338319063,-4.201866378,-6.211215951,0.045476138,0.273077319,-0.763772468,0.255497954,0.526118989,161,11
1403637164.388319016,-4.265002322,-6.145965226,0.060089092,0.276865135,-0.763240069,0.253585045,0.525837351,157,11
1403637164.438318968,-4.328493945,-6.079597403,0.072618224,0.280585765,-0.763852395,0.251800878,0.523829614,186,11
1403637164.488318920,-4.390509568,-6.012877897,0.083024839,0.281555033,-0.765120306,0.253976847,0.520397388,162,11
1403637164.538319111,-4.453501086,-5.945226895,0.091084400,0.280338980,-0.766087123,0.259089080,0.517100981,174,11
1403637164.588319063,-4.518175717,-5.877244108,0.096535318,0.280291623,-0.767012857,0.262886254,0.513827502,188,11
1403637164.638319016,-4.582416849,-5.807465928,0.100555411,0.280270583,-0.767744279,0.266168666,0.511049277,158,11
1403637164.688318968,-4.649544924,-5.736788306,0.103291030,0.283161755,-0.767369839,0.265582076,0.510322556,186,11
1403637164.738318920,-4.718195467,-5.663859082,0.105050325,0.287509607,-0.764979413,0.262264569,0.513188093,181,11
1403637164.788319111,-4.788228013,-5.591151714,0.106033163,0.291399613,-0.761437572,0.256908913,0.518938243,188,11
1403637164.838319063,-4.858596635,-5.517268594,0.105924718,0.292971818,-0.758473309,0.252488168,0.524533582,190,11
1403637164.888319016,-4.930031532,-5.442874404,0.104168007,0.293389184,-0.756594127,0.246582460,0.529797324,164,11
1403637164.938318968,-5.000364133,-5.367456886,0.100517909,0.291637127,-0.756152986,0.241621405,0.533666136,150,11
1403637164.988318920,-5.073188163,-5.291331356,0.097809211,0.288277681,-0.756918484,0.237040063,0.536453535,134,11
1403637165.038319111,-5.143861089,-5.215958966,0.092108610,0.283679851,-0.758013478,0.231960512,0.539569856,155,11
1403637165.088319063,-5.214327440,-5.140344699,0.087180563,0.277153116,-0.758995124,0.227597907,0.543425934,126,11
1403637165.138319016,-5.284356092,-5.064089387,0.081603040,0.268784168,-0.758935120,0.223307792,0.549459903,125,11
1403637165.188318968,-5.353764267,-4.987681806,0.075031095,0.261098319,-0.760425473,0.215881475,0.554054109,142,11
1403637165.238318920,-5.422364934,-4.911207836,0.068907061,0.252445440,-0.762933264,0.208862453,0.557297596,125,11
1403637165.288319111,-5.488434276,-4.833052350,0.064166916,0.244309423,-0.767057450,0.199725080,0.558610478,133,11
1403637165.338319063,-5.551781223,-4.755578776,0.060491907,0.236256127,-0.773050370,0.191134088,0.556815884,124,11
1403637165.388319016,-5.612302778,-4.678668035,0.058469150,0.229572543,-0.779048140,0.182388971,0.554179308,140,11
1403637165.438318968,-5.673316865,-4.600142379,0.058504573,0.223028134,-0.785049199,0.175578582,0.550570947,165,11
1403637165.488318920,-5.734697895,-4.523202263,0.061136427,0.217287893,-0.789125672,0.170458692,0.548644220,163,11
1403637165.538319111,-5.794778803,-4.445378709,0.065794714,0.213568495,-0.791707423,0.163793052,0.548415618,167,11
1403637165.588319063,-5.854473016,-4.368214051,0.072125053,0.209983585,-0.794365529,0.158412575,0.547536078,163,11
1403637165.638319016,-5.914691436,-4.292728949,0.079875301,0.209907109,-0.795115905,0.149381127,0.549012734,163,11
1403637165.688318968,-5.974408434,-4.217732143,0.086470793,0.210649769,-0.795152061,0.141098876,0.550863850,150,11
1403637165.738318920,-6.033778030,-4.144768045,0.092851536,0.212219069,-0.794853030,0.133144969,0.552670014,169,11
1403637165.788319111,-6.092996169,-4.073989239,0.097884844,0.214671306,-0.794269589,0.125284347,0.554396863,192,11
1403637165.838319063,-6.150913066,-4.007228717,0.099000270,0.217355210,-0.793208619,0.117982624,0.556468237,178,11
1403637165.888319016,-6.205651036,-3.942286626,0.099687205,0.220868722,-0.792274642,0.112871096,0.557474677,174,11
1403637165.938318968,-6.260047149,-3.879400351,0.099519577,0.226101777,-0.790560121,0.109157035,0.558549392,149,11
1403637165.988318920,-6.311601752,-3.818963802,0.098759650,0.232650649,-0.788794779,0.106324874,0.558902043,156,11
1403637166.038319111,-6.363102481,-3.762530672,0.095278964,0.239345503,-0.786838307,0.105788000,0.558934798,189,11
1403637166.088319063,-6.412641392,-3.706214415,0.089305074,0.245912382,-0.784980602,0.104476126,0.558943015,181,11
1403637166.138319016,-6.460745993,-3.654376564,0.078641737,0.250951541,-0.783194549,0.104986078,0.559113178,178,11
1403637166.188318968,-6.505976843,-3.607805233,0.063110232,0.255515309,-0.781736606,0.105679395,0.558955876,183,11
1403637166.238318920,-6.549855595,-3.564365041,0.044754975,0.257955473,-0.779237814,0.109360725,0.560613623,182,11
1403637166.288319111,-6.592177599,-3.522146576,0.026607073,0.258332408,-0.775951970,0.115534189,0.563750618,164,11
1403637166.338319063,-6.630448484,-3.485098884,0.009540024,0.258595664,-0.768499784,0.123155221,0.572161828,150,11
1403637166.388319016,-6.666859424,-3.450295152,-0.005168711,0.257662948,-0.758292579,0.134086872,0.583629060,154,11
1403637166.438318968,-6.699085510,-3.418069885,-0.018901737,0.257337899,-0.749242294,0.144851656,0.592816320,156,11
1403637166.488318920,-6.726601124,-3.386745141,-0.031761186,0.259124167,-0.743477517,0.151121161,0.597710835,164,11
1403637166.538319111,-6.748515383,-3.355242547,-0.041251588,0.261034004,-0.741046209,0.155991276,0.598647213,137,11
1403637166.588319063,-6.766630418,-3.324456774,-0.051591969,0.264754751,-0.742651272,0.157050888,0.594734418,135,11
1403637166.638319016,-6.780981332,-3.293709861,-0.061901481,0.269084077,-0.747640640,0.155898384,0.586790360,157,11
1403637166.688318968,-6.792052185,-3.262740114,-0.070605614,0.274186580,-0.755551614,0.152547014,0.575059029,176,11
1403637166.738318920,-6.800864252,-3.233876212,-0.077930812,0.281006270,-0.760291889,0.146551892,0.567022277,189,11
1403637166.788319111,-6.807387183,-3.207672807,-0.086634799,0.287429201,-0.763214279,0.140991625,0.561257321,209,11
1403637166.838319063,-6.810829554,-3.184758259,-0.095847644,0.294010145,-0.763489161,0.134679046,0.559020474,207,11
1403637166.888319016,-6.813331259,-3.163062493,-0.102455577,0.300818659,-0.760742439,0.128086420,0.560689705,200,11
1403637166.938318968,-6.813075684,-3.146476961,-0.110316365,0.307315318,-0.756711857,0.122087826,0.563949487,196,11
1403637166.988318920,-6.809467847,-3.133452744,-0.119565557,0.312375329,-0.750739403,0.117225263,0.570149314,223,11
1403637167.038319111,-6.801730867,-3.124391539,-0.126746248,0.317604712,-0.744837451,0.112374080,0.575948335,223,11
1403637167.088319063,-6.789045758,-3.119469081,-0.131772202,0.322393261,-0.738732864,0.108804628,0.581805718,217,11
1403637167.138319016,-6.770621136,-3.122160308,-0.132725215,0.326150941,-0.732898032,0.105393489,0.587688907,190,11
1403637167.188318968,-6.749214651,-3.127039235,-0.132048401,0.328859620,-0.727506426,0.103295213,0.593224957,186,11
1403637167.238318920,-6.721619888,-3.138058024,-0.128123970,0.330729770,-0.723793613,0.101333325,0.597052913,184,11
1403637167.288319111,-6.689001855,-3.150206404,-0.124288696,0.331239878,-0.722474429,0.100461549,0.598513425,182,11
1403637167.338319063,-6.652205020,-3.176557175,-0.118572960,0.330350313,-0.723869556,0.100287989,0.597347349,191,11
1403637167.388319016,-6.609760797,-3.198562090,-0.114203357,0.327852608,-0.728094850,0.101896579,0.593302321,198,11
1403637167.438318968,-6.563781081,-3.223014782,-0.112985323,0.322569182,-0.735860967,0.108745123,0.585347980,197,11
1403637167.488318920,-6.514206062,-3.252378443,-0.111732201,0.314177497,-0.744070662,0.120951458,0.577080666,187,11
1403637167.538319111,-6.461800948,-3.288895059,-0.109586771,0.304671789,-0.752911423,0.134574255,0.567617178,171,11
1403637167.588319063,-6.407645760,-3.322812305,-0.111860280,0.294947771,-0.760009028,0.148781123,0.559693011,200,11
1403637167.638319016,-6.352138174,-3.358491204,-0.115093944,0.286022709,-0.765305564,0.162376461,0.553292227,202,11
1403637167.688318968,-6.295976261,-3.395640241,-0.119625567,0.280751185,-0.768626544,0.172601236,0.548270756,210,11
1403637167.738318920,-6.238878013,-3.432832138,-0.128826651,0.279504314,-0.770929623,0.179385772,0.543475482,175,11
1403637167.788319111,-6.181417086,-3.471760050,-0.137215373,0.281135515,-0.772872843,0.184314141,0.538199488,194,11
1403637167.838319063,-6.123148116,-3.512234687,-0.145673278,0.285286366,-0.774225661,0.188244302,0.532682267,179,11
1403637167.888319016,-6.066375295,-3.552481341,-0.155532631,0.291037054,-0.775416478,0.190367994,0.527054784,201,11
1403637167.938318968,-6.009950382,-3.593446977,-0.163349158,0.297257944,-0.775510658,0.190744643,0.523294769,234,11
1403637167.988318920,-5.954288743,-3.634827912,-0.168656263,0.304886419,-0.773557235,0.188647026,0.522556958,232,11
1403637168.038319111,-5.899847674,-3.677095340,-0.172194680,0.311786427,-0.770887857,0.186996408,0.523023402,221,11
1403637168.088319063,-5.845622994,-3.720789984,-0.175303426,0.315982494,-0.769184383,0.188506215,0.522470914,226,11
1403637168.138319016,-5.792166246,-3.765660204,-0.179731883,0.316890791,-0.769703498,0.193068736,0.519481680,205,11
1403637168.188318968,-5.740015405,-3.810342491,-0.188215384,0.317476863,-0.769466479,0.197078218,0.517967138,205,11
1403637168.238318920,-5.688276343,-3.857674329,-0.199825495,0.317985898,-0.767235796,0.200456534,0.519664681,226,11
1403637168.288319111,-5.637390685,-3.905253818,-0.214857391,0.319019531,-0.764488519,0.202304631,0.522356851,229,11
1403637168.338319063,-5.585911166,-3.951940759,-0.236316868,0.319640572,-0.760519989,0.203909294,0.527124511,188,11
1403637168.388319016,-5.535362028,-4.000411644,-0.258712815,0.319976355,-0.755273016,0.205627855,0.533755552,209,11
1403637168.438318968,-5.484136572,-4.049384513,-0.283835324,0.320178852,-0.750261295,0.207080762,0.540102815,178,11
1403637168.488318920,-5.433233584,-4.098864621,-0.308951878,0.318035808,-0.746434735,0.211741598,0.544843011,168,11
1403637168.538319111,-5.381945999,-4.148128785,-0.335288877,0.316382406,-0.745128660,0.214762928,0.546408582,197,11
1403637168.588319063,-5.329899928,-4.196323153,-0.361828729,0.315617360,-0.746711366,0.216716041,0.543913573,212,11
1403637168.638319016,-5.277132318,-4.243368261,-0.386998986,0.315815579,-0.748596065,0.216769267,0.541179764,202,11
1403637168.688318968,-5.223960557,-4.290187444,-0.410357100,0.316767647,-0.750778875,0.215118141,0.538250429,200,11
1403637168.738318920,-5.170536084,-4.337040005,-0.430446111,0.318185884,-0.752335889,0.212921093,0.536109188,225,11
1403637168.788319111,-5.116923868,-4.383360363,-0.448151182,0.317403673,-0.754197528,0.213220455,0.533833339,206,11
1403637168.838319063,-5.063613168,-4.430897044,-0.463610029,0.318986705,-0.754660890,0.209725799,0.533619258,229,11
1403637168.888319016,-5.010863921,-4.479493494,-0.479124522,0.320489845,-0.754809026,0.207364794,0.533431753,236,11
1403637168.938318968,-4.957711328,-4.527442046,-0.494858514,0.322308179,-0.754879905,0.203452708,0.533742225,194,11
1403637168.988318920,-4.904675395,-4.576635394,-0.512175278,0.322899192,-0.754966011,0.201189392,0.534121019,210,11
1403637169.038319111,-4.850935458,-4.625935128,-0.530575364,0.324664253,-0.754071770,0.197809396,0.535574767,199,11
1403637169.088319063,-4.797482650,-4.676610788,-0.548544147,0.327852443,-0.752657052,0.193699882,0.537122420,205,11
1403637169.138319016,-4.742571341,-4.728473346,-0.564789060,0.330332555,-0.750663001,0.193613103,0.538423095,220,11
1403637169.188318968,-4.686824771,-4.781858120,-0.579239100,0.334440401,-0.747461753,0.195058159,0.539817433,218,11
1403637169.238318920,-4.629402505,-4.835581505,-0.592149292,0.339450521,-0.743814990,0.198840985,0.540346988,220,11
1403637169.288319111,-4.565145337,-4.885938817,-0.604734343,0.345172602,-0.739380839,0.205164704,0.540443609,197,11
1403637169.338319063,-4.505432171,-4.942863513,-0.611302566,0.351470289,-0.734844697,0.212992444,0.539542516,239,11
1403637169.388319016,-4.440994865,-4.997732017,-0.617089591,0.359328924,-0.729611444,0.220781953,0.538335578,216,11
1403637169.438318968,-4.377561495,-5.055178513,-0.620619388,0.368917883,-0.723932376,0.228626590,0.536238187,228,11
1403637169.488318920,-4.312043885,-5.112796123,-0.622156898,0.378590938,-0.717391141,0.237549745,0.534405250,229,11
1403637169.538319111,-4.243599604,-5.169617032,-0.622061924,0.390545697,-0.709252082,0.245147213,0.533233895,211,11
1403637169.588319063,-4.173901548,-5.226117208,-0.621176378,0.402292998,-0.700575785,0.254675081,0.531502132,207,11
1403637169.638319016,-4.104517530,-5.282980603,-0.619464160,0.416503551,-0.689790229,0.261909075,0.531147689,179,11
1403637169.688318968,-4.031335914,-5.339452254,-0.616630706,0.428536794,-0.680526878,0.272196013,0.528345262,189,11
1403637169.738318920,-3.958681990,-5.396165354,-0.613909472,0.441029212,-0.672032349,0.281895087,0.523832908,204,11
1403637169.788319111,-3.882764826,-5.451559163,-0.613584866,0.452743612,-0.664132256,0.291036947,0.518892151,189,11
1403637169.838319063,-3.804706992,-5.505712965,-0.614285866,0.463775736,-0.656034955,0.300024768,0.514310551,181,11
1403637169.888319016,-3.726753566,-5.560101492,-0.617472606,0.476031438,-0.647081521,0.305191739,0.511407448,153,11
1403637169.938318968,-3.646797361,-5.614128697,-0.622024485,0.486407648,-0.638380674,0.312023748,0.508447535,168,11
1403637169.988318920,-3.564931929,-5.667155313,-0.627316990,0.496741605,-0.629335959,0.317459840,0.506362794,181,11
1403637170.038319111,-3.480894111,-5.719395350,-0.635196542,0.506332815,-0.621703806,0.323075533,0.502726226,187,11
1403637170.088319063,-3.393195207,-5.769436395,-0.644663251,0.515726896,-0.614543770,0.328815678,0.498238871,173,11
1403637170.138319016,-3.304168517,-5.819892530,-0.654604974,0.524180751,-0.606721970,0.335639514,0.494438175,178,11
1403637170.188318968,-3.212221770,-5.868889605,-0.665543393,0.532162531,-0.598621119,0.343016333,0.490709273,160,11
1403637170.238318920,-3.114210346,-5.916222454,-0.676857719,0.540643292,-0.590293335,0.349268620,0.487103727,145,11
1403637170.288319111,-3.016557970,-5.962006584,-0.690783847,0.549388791,-0.581340303,0.355075480,0.483876856,159,11
1403637170.338319063,-2.916328549,-6.006071347,-0.705339222,0.556360853,-0.572808681,0.364228045,0.479260625,169,11
1403637170.388319016,-2.813373806,-6.048866886,-0.721179338,0.561382762,-0.565849695,0.377386149,0.471426784,163,11
1403637170.438318968,-2.708254260,-6.090992769,-0.736999994,0.564732920,-0.558344920,0.393239577,0.463346861,164,11
1403637170.488318920,-2.600987022,-6.129936240,-0.753013589,0.567333328,-0.550525236,0.410629585,0.454354711,140,11
1403637170.538319111,-2.493758976,-6.166913395,-0.770278516,0.569970629,-0.541042971,0.427657544,0.446671031,162,11
1403637170.588319063,-2.385749826,-6.201656286,-0.788464486,0.572267608,-0.530632884,0.444305789,0.439921462,171,11
1403637170.638319016,-2.277308021,-6.233729051,-0.808017494,0.575923507,-0.519890094,0.459104080,0.432723754,177,11
1403637170.688318968,-2.169583895,-6.259726680,-0.829255873,0.579895053,-0.507832999,0.472930072,0.426807357,168,11
1403637170.738318920,-2.062585642,-6.282805880,-0.850276142,0.585683131,-0.495974707,0.484104552,0.420270321,168,11
1403637170.788319111,-1.956290338,-6.301181497,-0.871102276,0.592761418,-0.485385006,0.494497893,0.410496200,161,11
1403637170.838319063,-1.851350401,-6.314860834,-0.891145819,0.603343970,-0.476445499,0.499408331,0.399458459,163,11
1403637170.888319016,-1.750097899,-6.323894447,-0.909009235,0.613896562,-0.465807166,0.505241259,0.388440427,143,11
1403637170.938318968,-1.649362902,-6.328645349,-0.924943419,0.625568805,-0.455267124,0.509208144,0.376964961,143,11
1403637170.988318920,-1.550172293,-6.329487379,-0.938573417,0.636985668,-0.445160415,0.512645085,0.365070515,143,11
1403637171.038319111,-1.452117616,-6.327031345,-0.950118719,0.646627422,-0.434968407,0.517682359,0.353101171,148,11
1403637171.088319063,-1.356375976,-6.325741767,-0.959878635,0.655714788,-0.426213051,0.522623989,0.339477124,138,11
1403637171.138319016,-1.262890858,-6.320141026,-0.967156494,0.665033770,-0.417122288,0.524862416,0.329026635,156,11
1403637171.188318968,-1.170616920,-6.311244236,-0.973097027,0.671687361,-0.408775510,0.528262392,0.320433326,167,11
1403637171.238318920,-1.081864860,-6.297577976,-0.976322499,0.675361230,-0.401950791,0.533512856,0.312548880,168,11
1403637171.288319111,-0.998422141,-6.282815338,-0.976915281,0.678259501,-0.394489327,0.538027624,0.308007298,176,11
1403637171.338319063,-0.917101162,-6.267973615,-0.974548663,0.680925206,-0.387408851,0.541030761,0.305844668,157,11
1403637171.388319016,-0.837966274,-6.249835620,-0.970343268,0.684195691,-0.379927405,0.541674553,0.306789996,163,11
1403637171.438318968,-0.760648186,-6.226932122,-0.965080828,0.687010039,-0.372827527,0.541382336,0.309712783,170,11
1403637171.488318920,-0.682683314,-6.202198245,-0.959274814,0.689699666,-0.368428662,0.540482074,0.310570153,164,11
1403637171.538319111,-0.607634913,-6.174005143,-0.952119900,0.691884779,-0.365214913,0.539432882,0.311328904,170,11
1403637171.588319063,-0.532781458,-6.143094392,-0.946132034,0.693425722,-0.363157280,0.538301574,0.312264267,161,11
1403637171.638319016,-0.458465433,-6.110439896,-0.941926644,0.694692321,-0.360563869,0.536729556,0.315147044,152,11
1403637171.688318968,-0.385948412,-6.074795208,-0.938644080,0.694950111,-0.359634200,0.535759656,0.317284062,158,11
1403637171.738318920,-0.316906036,-6.035287240,-0.936721000,0.694423441,-0.359270689,0.535217686,0.319754101,161,11
1403637171.788319111,-0.247601619,-5.992217965,-0.935933218,0.693750637,-0.359052765,0.534428690,0.322764837,173,11
1403637171.838319063,-0.179003958,-5.949131155,-0.937623924,0.692891929,-0.358768895,0.533492942,0.326452042,158,11
1403637171.888319016,-0.110968192,-5.901409377,-0.940202161,0.691602632,-0.359150336,0.533199642,0.329233924,173,11
1403637171.938318968,-0.044761186,-5.852841012,-0.943061206,0.690562445,-0.360421078,0.532598477,0.330997006,153,11
1403637171.988318920,0.022901304,-5.801508925,-0.945776034,0.688977123,-0.361199375,0.532600109,0.333440639,156,11
1403637172.038319111,0.088759747,-5.745020819,-0.950999512,0.687823096,-0.362303284,0.532094060,0.335427533,154,11
1403637172.088319063,0.156186152,-5.683875203,-0.957547989,0.686373011,-0.363229850,0.532169559,0.337271000,156,11
1403637172.138319016,0.223547855,-5.621000423,-0.963886260,0.685318967,-0.366897482,0.532383421,0.335100051,165,11
1403637172.188318968,0.287842512,-5.553666398,-0.970489774,0.684276145,-0.372866791,0.533219613,0.329261837,157,11
1403637172.238318920,0.357226666,-5.485813949,-0.975407434,0.685245232,-0.381614621,0.531842082,0.319301194,152,11
1403637172.288319111,0.421923253,-5.415111625,-0.978929665,0.685911014,-0.391041678,0.530676847,0.308211891,154,11
1403637172.338319063,0.482326234,-5.342360125,-0.980847324,0.686050790,-0.399433272,0.529621230,0.298812195,160,11
1403637172.388319016,0.540975682,-5.267213317,-0.980761889,0.685485015,-0.407064921,0.529333801,0.290196779,186,11
1403637172.438318968,0.596687048,-5.192839804,-0.977013663,0.684675502,-0.413567047,0.529094427,0.283268146,177,11
1403637172.488318920,0.649884044,-5.115816101,-0.972411987,0.683530400,-0.420271071,0.529157075,0.275955084,189,11
1403637172.538319111,0.696983167,-5.040217134,-0.964476635,0.682022406,-0.424518463,0.529782512,0.271955884,196,11
1403637172.588319063,0.742069486,-4.963969123,-0.955547542,0.680905037,-0.428104929,0.529830407,0.269024608,188,11
1403637172.638319016,0.784749447,-4.889605559,-0.943195008,0.679728564,-0.431114941,0.530035245,0.266780107,181,11
1403637172.688318968,0.825053353,-4.814584361,-0.930946599,0.679366689,-0.434441093,0.529281957,0.263784854,177,11
1403637172.738318920,0.861473250,-4.743492609,-0.915402610,0.679278973,-0.437393177,0.527791276,0.262113819,198,11
1403637172.788319111,0.893685048,-4.672984546,-0.899237168,0.680021324,-0.442140363,0.523825554,0.260172416,181,11
1403637172.838319063,0.924777908,-4.602649391,-0.882797797,0.681811548,-0.449205906,0.516941893,0.257134492,181,11
1403637172.888319016,0.952541135,-4.534546526,-0.867264552,0.685067306,-0.457709421,0.506612419,0.254025055,171,11
1403637172.938318968,0.977909424,-4.466849109,-0.855269620,0.688640730,-0.466684156,0.495003058,0.250902005,183,11
1403637172.988318920,1.000917769,-4.400635861,-0.846893274,0.691411869,-0.475128152,0.484577870,0.247764313,172,11
1403637173.038319111,1.022396705,-4.338745222,-0.841896367,0.693540764,-0.483071422,0.475298077,0.244407338,177,11
1403637173.088319063,1.043556868,-4.279990505,-0.841424323,0.693484881,-0.490025655,0.468444880,0.243952807,171,11
1403637173.138319016,1.062411965,-4.226365630,-0.844220715,0.691728509,-0.498456871,0.462226441,0.243719377,173,11
1403637173.188318968,1.079399888,-4.176099602,-0.850766716,0.687421119,-0.507502726,0.458052502,0.245114451,161,11
1403637173.238318920,1.094021677,-4.131040304,-0.859312345,0.681308218,-0.515613648,0.455268252,0.250384698,180,11
1403637173.288319111,1.107325258,-4.090040552,-0.868000329,0.672934785,-0.523495252,0.454670362,0.257655503,158,11
1403637173.338319063,1.117292545,-4.056228741,-0.877587327,0.663912673,-0.530305885,0.454406493,0.267414228,172,11
1403637173.388319016,1.126379643,-4.024819725,-0.887914950,0.654458018,-0.537685197,0.454289145,0.276044752,163,11
1403637173.438318968,1.131175101,-3.998439139,-0.899934036,0.645219495,-0.544934490,0.453660377,0.284482805,160,11
1403637173.488318920,1.138866347,-3.969126668,-0.910820785,0.636047614,-0.552548266,0.452210382,0.292642472,157,11
1403637173.538319111,1.143051313,-3.946087417,-0.922425173,0.627094893,-0.560308674,0.450764345,0.299362140,182,11
1403637173.588319063,1.145517751,-3.917869683,-0.939605563,0.617778462,-0.569088200,0.449455860,0.304101664,160,11
1403637173.638319016,1.144614508,-3.897698563,-0.956990040,0.607872319,-0.579272281,0.448668203,0.305992993,159,11
1403637173.688318968,1.141843365,-3.881327455,-0.972992311,0.598691476,-0.589555309,0.446969202,0.306939060,163,11
1403637173.738318920,1.135297432,-3.868440293,-0.991358807,0.590237274,-0.600128331,0.444131307,0.306941898,175,11
1403637173.788319111,1.127573360,-3.849878090,-1.012552392,0.583292924,-0.610371347,0.439584209,0.306564686,153,11
1403637173.838319063,1.115389619,-3.841241761,-1.033337586,0.577203290,-0.621494806,0.433531131,0.304353949,154,11
1403637173.888319016,1.099004124,-3.837386159,-1.053588682,0.573375951,-0.631206377,0.425467053,0.302979066,152,11
1403637173.938318968,1.078400512,-3.835645081,-1.073002661,0.573658000,-0.636646994,0.414870513,0.305744275,167,11
1403637173.988318920,1.054316458,-3.834570029,-1.089385726,0.574628928,-0.637120834,0.405908763,0.314828071,150,11
1403637174.038319111,1.023531221,-3.833811873,-1.102701247,0.576810293,-0.631586238,0.398631259,0.330880386,137,11
1403637174.088319063,0.990491677,-3.848384632,-1.106187620,0.575111250,-0.624446942,0.397468708,0.348326991,148,11
1403637174.138319016,0.955367836,-3.865488592,-1.105585734,0.571650209,-0.615047393,0.400062000,0.367264399,159,11
1403637174.188318968,0.919934559,-3.879199966,-1.103897853,0.565809194,-0.606733282,0.406485444,0.382758756,163,11
1403637174.238318920,0.883372031,-3.898956306,-1.098148592,0.559526149,-0.599737442,0.414020081,0.394756711,187,11
1403637174.288319111,0.845379379,-3.916505988,-1.091745614,0.553075797,-0.595492328,0.421786634,0.401985180,162,11
1403637174.338319063,0.806438179,-3.936948500,-1.083417699,0.549852109,-0.594666077,0.425958239,0.403230074,208,11
1403637174.388319016,0.766531038,-3.954504664,-1.074474837,0.546248929,-0.595219373,0.430823764,0.402140386,195,11
1403637174.438318968,0.725418600,-3.972673903,-1.061841638,0.541248404,-0.598093178,0.436817483,0.398152234,184,11
1403637174.488318920,0.682538645,-3.989968659,-1.048985753,0.533724555,-0.602110131,0.444508563,0.393717700,184,11
1403637174.538319111,0.637218684,-4.004805367,-1.034815755,0.528788919,-0.605157622,0.447038929,0.392839315,204,11
1403637174.588319063,0.588780464,-4.017690148,-1.018058944,0.523619202,-0.609309148,0.447355226,0.392986760,184,11
1403637174.638319016,0.537224110,-4.030988213,-1.000016052,0.520534547,-0.611550321,0.442626507,0.398913231,202,11
1403637174.688318968,0.482089394,-4.042184988,-0.983435729,0.515618216,-0.613085146,0.437171436,0.408834434,188,11
1403637174.738318920,0.424628824,-4.051645776,-0.968781901,0.510051315,-0.615235137,0.430233764,0.419800299,205,11
1403637174.788319111,0.365112655,-4.059121734,-0.955148792,0.503827699,-0.617505275,0.422502033,0.431667600,158,11
1403637174.838319063,0.306355211,-4.064115554,-0.943026703,0.497693609,-0.623746861,0.413169198,0.438784843,167,11
1403637174.888319016,0.246933839,-4.067970648,-0.934080612,0.490641185,-0.633887630,0.403961893,0.440763530,142,11
1403637174.938318968,0.187177735,-4.069387893,-0.926514801,0.482792209,-0.644589471,0.394872339,0.442144696,173,11
1403637174.988318920,0.126238902,-4.069044698,-0.919465469,0.475113634,-0.653686340,0.385942955,0.444982291,176,11
1403637175.038319111,0.065456736,-4.068778886,-0.912970679,0.467273730,-0.661200171,0.379208433,0.447962676,176,11
1403637175.088319063,0.003491166,-4.067126865,-0.906780344,0.459210320,-0.665501596,0.374928864,0.453499565,170,11
1403637175.138319016,-0.059036048,-4.065080421,-0.902166415,0.450369155,-0.668024675,0.373582925,0.459724326,175,11
1403637175.188318968,-0.119575411,-4.069505324,-0.892636447,0.441033556,-0.669600675,0.374637711,0.465586645,128,11
1403637175.238318920,-0.183493966,-4.065953015,-0.890020286,0.431543170,-0.669801303,0.377063407,0.472186291,147,11
1403637175.288319111,-0.247638127,-4.061108242,-0.887298052,0.423544058,-0.668502239,0.379217124,0.479488854,143,11
1403637175.338319063,-0.312575766,-4.052108888,-0.886072276,0.417704077,-0.666682817,0.379609124,0.486779456,156,11
1403637175.388319016,-0.376938856,-4.041337981,-0.886204751,0.413085493,-0.665336067,0.380226144,0.492053222,168,11
1403637175.438318968,-0.441844510,-4.027058827,-0.888157996,0.410037852,-0.666715574,0.380993178,0.492141750,176,11
1403637175.488318920,-0.506698157,-4.008611867,-0.891493895,0.408268403,-0.670317338,0.380746452,0.488900519,160,11
1403637175.538319111,-0.571960432,-3.988299660,-0.895686955,0.407565731,-0.675054206,0.380581216,0.483063072,176,11
1403637175.588319063,-0.637472365,-3.967505165,-0.899124702,0.408254874,-0.679801411,0.379704799,0.476468534,166,11
1403637175.638319016,-0.704613655,-3.941860081,-0.904518055,0.410855045,-0.684764376,0.376734421,0.469432698,168,11
1403637175.688318968,-0.773214028,-3.913528332,-0.907946356,0.412910392,-0.688107997,0.374662959,0.464370606,162,11
1403637175.738318920,-0.843591155,-3.883929924,-0.908590868,0.414345475,-0.690404656,0.373961245,0.460230622,180,11
1403637175.788319111,-0.915614119,-3.855246771,-0.906303722,0.417169563,-0.690951239,0.371465284,0.458878507,152,11
1403637175.838319063,-0.990019073,-3.821334397,-0.902227878,0.420353997,-0.689581100,0.368618390,0.460326956,168,11
1403637175.888319016,-1.065938422,-3.786017674,-0.895528898,0.424637414,-0.687082702,0.363923420,0.463853610,160,11
1403637175.938318968,-1.142828295,-3.751070326,-0.886064988,0.428460548,-0.683056474,0.360369368,0.469030203,152,11
1403637175.988318920,-1.220153852,-3.715134751,-0.875171178,0.430134265,-0.678751735,0.359569035,0.474331851,176,11
1403637176.038319111,-1.297821037,-3.677457491,-0.861850751,0.429124597,-0.675006239,0.362637119,0.478239457,175,11
1403637176.088319063,-1.376344180,-3.637912812,-0.846820792,0.428491304,-0.670883166,0.365643657,0.482302495,141,11
1403637176.138319016,-1.454739715,-3.596631065,-0.832696003,0.429258208,-0.666541601,0.366680144,0.486831960,153,11
1403637176.188318968,-1.532801385,-3.551814336,-0.820265950,0.429291500,-0.662832621,0.368863368,0.490205610,173,11
1403637176.238318920,-1.610684147,-3.506908129,-0.807714728,0.429311618,-0.660179254,0.369367496,0.493378698,176,11
1403637176.288319111,-1.687813425,-3.459542937,-0.797874158,0.428302572,-0.659534467,0.369077298,0.495331345,155,11
1403637176.338319063,-1.764673335,-3.410554149,-0.790106127,0.426690644,-0.660004126,0.369037509,0.496125958,166,11
1403637176.388319016,-1.841139967,-3.357799042,-0.785805630,0.426792394,-0.660270237,0.367024136,0.497176779,145,11
1403637176.438318968,-1.915826493,-3.301914603,-0.780327130,0.426637097,-0.662522472,0.364661771,0.496050959,175,11
1403637176.488318920,-1.991118302,-3.244371125,-0.777656262,0.427646736,-0.665090401,0.358511795,0.496228093,170,11
1403637176.538319111,-2.063066374,-3.185971785,-0.776986773,0.426365384,-0.668741041,0.353388911,0.496099040,156,11
1403637176.588319063,-2.136949869,-3.126107747,-0.775223784,0.422815597,-0.673713509,0.349593809,0.495097209,161,11
1403637176.638319016,-2.211330133,-3.066035051,-0.774551769,0.419536569,-0.679318914,0.345086252,0.493386623,175,11
1403637176.688318968,-2.285957911,-3.006014902,-0.775205703,0.416665835,-0.684578074,0.340394994,0.491806559,183,11
1403637176.738318920,-2.360152300,-2.946106901,-0.777883271,0.413843282,-0.689885428,0.336539694,0.489420953,156,11
1403637176.788319111,-2.433745232,-2.883652912,-0.780476636,0.411688184,-0.693811110,0.332755627,0.488275204,202,11
1403637176.838319063,-2.507104434,-2.821263160,-0.783891394,0.409910005,-0.697549181,0.328879751,0.487069849,195,11
1403637176.888319016,-2.579391206,-2.758791571,-0.788859996,0.409365889,-0.702085474,0.324558583,0.483898009,171,11
1403637176.938318968,-2.651990792,-2.695737819,-0.793841225,0.409593116,-0.705754745,0.320076521,0.481346797,176,11
1403637176.988318920,-2.724497470,-2.631144126,-0.798909747,0.411113692,-0.709530209,0.314886091,0.477911252,162,11
1403637177.038319111,-2.797112850,-2.567622510,-0.806336908,0.412366857,-0.714805289,0.310265099,0.471956081,170,11
1403637177.088319063,-2.870362327,-2.504445861,-0.815720479,0.415925453,-0.720793809,0.303145963,0.464289595,158,11
1403637177.138319016,-2.943531800,-2.444090734,-0.825931780,0.418181894,-0.727123010,0.297757411,0.455803198,174,11
1403637177.188318968,-3.017152042,-2.384706266,-0.837556042,0.420149318,-0.732360654,0.292833143,0.448743995,153,11
1403637177.238318920,-3.090455827,-2.325911475,-0.851199784,0.421898282,-0.736456586,0.288600161,0.443106628,159,11
1403637177.288319111,-3.167095472,-2.269296716,-0.863797826,0.422674545,-0.739003754,0.286337173,0.439580145,157,11
1403637177.338319063,-3.245329574,-2.217943170,-0.879044403,0.423942463,-0.741194191,0.283806597,0.436300096,141,11
1403637177.388319016,-3.325019429,-2.167389709,-0.893526461,0.425413454,-0.741934006,0.281127168,0.435344506,156,11
1403637177.438318968,-3.406702872,-2.119851332,-0.908712046,0.428986845,-0.741022321,0.276086391,0.436614832,160,11
1403637177.488318920,-3.490179059,-2.076512643,-0.924544777,0.432570990,-0.740168344,0.269218615,0.438810321,144,11
1403637177.538319111,-3.574961850,-2.038731821,-0.940803747,0.434296621,-0.739080990,0.263590762,0.442341095,154,11
1403637177.588319063,-3.660607021,-2.004549630,-0.955950450,0.437795382,-0.736438319,0.255878277,0.447794722,155,11
1403637177.638319016,-3.746095088,-1.972170298,-0.969916547,0.440503964,-0.732600013,0.250257465,0.454559874,166,11
1403637177.688318968,-3.830475213,-1.959585238,-0.979393528,0.442120352,-0.728571991,0.246251397,0.461597982,140,11
1403637177.738318920,-3.915686099,-1.938372666,-0.986559633,0.443799704,-0.724075079,0.242331960,0.469076031,155,11
1403637177.788319111,-3.999081263,-1.923314045,-0.991291242,0.441299365,-0.721397322,0.242119456,0.475624793,139,11
1403637177.838319063,-4.080665116,-1.912219863,-0.997438773,0.435836300,-0.723366768,0.243101097,0.477167785,166,11
1403637177.888319016,-4.161767124,-1.901932501,-1.003913620,0.429214719,-0.726122077,0.242590195,0.479240494,164,11
1403637177.938318968,-4.240759173,-1.894656034,-1.011837469,0.421985353,-0.729364270,0.239879961,0.482093069,142,11
1403637177.988318920,-4.319916849,-1.889839214,-1.021180654,0.416462069,-0.732229073,0.232830972,0.485993485,153,11
1403637178.038319111,-4.397481194,-1.886315156,-1.030725185,0.412346942,-0.733100997,0.222108083,0.493154059,167,11
1403637178.088319063,-4.469028684,-1.895344698,-1.040761709,0.409355169,-0.732691556,0.208740393,0.502014818,129,11
1403637178.138319016,-4.542509667,-1.898855642,-1.051915345,0.404242743,-0.734324881,0.198534180,0.507876907,152,11
1403637178.188318968,-4.613128018,-1.902878662,-1.062414792,0.399718396,-0.736042095,0.188776557,0.512670117,157,11
1403637178.238318920,-4.678524044,-1.914413300,-1.069646415,0.395815850,-0.735365651,0.180767450,0.519509673,147,11
1403637178.288319111,-4.742463160,-1.929478734,-1.075686182,0.392755869,-0.733377779,0.174439761,0.526754810,178,11
1403637178.338319063,-4.802141661,-1.950835467,-1.080625182,0.390268091,-0.729950976,0.168738791,0.535153820,170,11
1403637178.388319016,-4.857329705,-1.984535894,-1.083811862,0.389733389,-0.727664187,0.161655960,0.540814264,147,11
1403637178.438318968,-4.909457127,-2.016945828,-1.083922102,0.388334819,-0.725304971,0.157414150,0.546213834,165,11
1403637178.488318920,-4.955306717,-2.054952243,-1.082552766,0.386759455,-0.725443561,0.154082237,0.548094360,156,11
1403637178.538319111,-4.994946099,-2.095409605,-1.078128087,0.384009090,-0.726185496,0.154015072,0.549063750,131,11
1403637178.588319063,-5.027125091,-2.150405232,-1.074838434,0.381475793,-0.727111043,0.154390143,0.549499258,127,11
1403637178.638319016,-5.060165640,-2.195881505,-1.071178272,0.376125079,-0.728937254,0.160878684,0.548906599,134,11
1403637178.688318968,-5.089245055,-2.250087009,-1.067924918,0.370208932,-0.730303503,0.169645151,0.548473028,126,11
1403637178.738318920,-5.117466616,-2.300036807,-1.065489736,0.363117032,-0.730271973,0.179883924,0.549991491,136,11
1403637178.788319111,-5.143403532,-2.352955012,-1.064744766,0.356616489,-0.729533940,0.190097533,0.551786044,152,11
1403637178.838319063,-5.167511934,-2.407706611,-1.064561525,0.351011484,-0.728433918,0.198730994,0.553787827,134,11
1403637178.888319016,-5.189611016,-2.462341021,-1.067152535,0.344637976,-0.729068850,0.208644610,0.553308869,151,11
1403637178.938318968,-5.209320659,-2.517131376,-1.071330834,0.339508553,-0.729353773,0.216947644,0.552911146,162,11
1403637178.988318920,-5.226630849,-2.572615623,-1.076239080,0.335949900,-0.728640608,0.223019671,0.553608847,142,11
1403637179.038319111,-5.241339269,-2.627244215,-1.082880296,0.332964849,-0.727829135,0.228587084,0.554208539,158,11
1403637179.088319063,-5.254105335,-2.680361408,-1.090511393,0.332532956,-0.728653057,0.230285071,0.552680144,155,11
1403637179.138319016,-5.265410148,-2.734084602,-1.102350311,0.333741837,-0.731231424,0.229757970,0.548751551,141,11
1403637179.188318968,-5.275206954,-2.786479956,-1.113433565,0.334609969,-0.732702382,0.229940109,0.546178482,150,11
1403637179.238318920,-5.281768579,-2.838646553,-1.124098855,0.337662834,-0.734323146,0.227374252,0.543188989,135,11
1403637179.288319111,-5.286656303,-2.890476933,-1.130619125,0.340127963,-0.735041739,0.225504372,0.541455805,134,11
1403637179.338319063,-5.289036674,-2.941335557,-1.131232901,0.342346720,-0.734896802,0.223044824,0.541272964,148,11
1403637179.388319016,-5.290768572,-2.992234564,-1.125632265,0.344412804,-0.735180962,0.221557097,0.540186288,142,11
1403637179.438318968,-5.289922885,-3.043615691,-1.117300082,0.345910910,-0.735208705,0.220728822,0.539529971,137,11
1403637179.488318920,-5.287257347,-3.094925732,-1.107107572,0.346016845,-0.735743225,0.221205950,0.538537072,142,11
1403637179.538319111,-5.283145391,-3.146441542,-1.097741540,0.346040561,-0.735597573,0.221874680,0.538445696,151,11
1403637179.588319063,-5.279965859,-3.198544651,-1.090278711,0.345873361,-0.734980584,0.221799077,0.539425925,134,11
1403637179.638319016,-5.273119937,-3.250353617,-1.085126202,0.345261535,-0.734911874,0.222663123,0.539555505,150,11
1403637179.688318968,-5.265344293,-3.302438823,-1.084077223,0.345120541,-0.733944747,0.222041508,0.541215751,151,11
1403637179.738318920,-5.258632090,-3.355495171,-1.089163796,0.345990962,-0.732841685,0.219601633,0.543146796,132,11
1403637179.788319111,-5.250729803,-3.408499926,-1.100892168,0.348791656,-0.731301126,0.214070628,0.545634320,139,11
1403637179.838319063,-5.241453220,-3.461872711,-1.119375761,0.352641015,-0.727903637,0.207001357,0.550409891,126,11
1403637179.888319016,-5.230598855,-3.515893895,-1.141912474,0.356281330,-0.723902012,0.200456966,0.555739594,134,11
1403637179.938318968,-5.214298633,-3.569600999,-1.168845439,0.358369193,-0.720503250,0.196153769,0.560330516,148,11
1403637179.988318920,-5.196079993,-3.624492486,-1.197183661,0.358987398,-0.719428396,0.195191933,0.561650193,153,11
1403637180.038319111,-5.173453218,-3.680037630,-1.226704423,0.356446937,-0.721635951,0.198556344,0.559251744,155,11
1403637180.088319063,-5.147261856,-3.736552447,-1.255933902,0.353757914,-0.724465300,0.203136005,0.555644788,148,11
1403637180.138319016,-5.118246634,-3.793659352,-1.283475976,0.349855115,-0.727395319,0.209740843,0.551820828,163,11
1403637180.188318968,-5.086789502,-3.850562367,-1.308868477,0.346298716,-0.730885799,0.215971277,0.547027929,149,11
1403637180.238318920,-5.052344737,-3.906796629,-1.332478466,0.343532727,-0.733151407,0.221016282,0.543715075,169,11
1403637180.288319111,-5.016722813,-3.963561863,-1.353017219,0.341246402,-0.735755848,0.225552202,0.539759603,160,11
1403637180.338319063,-4.980900034,-4.021180709,-1.370130119,0.339926384,-0.737263402,0.228505541,0.537287584,160,11
1403637180.388319016,-4.943310117,-4.078280636,-1.386865314,0.339470083,-0.741876004,0.229813049,0.530627949,161,11
1403637180.438318968,-4.908050282,-4.138655845,-1.400260341,0.340786014,-0.747049573,0.228208199,0.523166174,143,11
1403637180.488318920,-4.870756706,-4.196908525,-1.413014320,0.342248610,-0.753242009,0.225757979,0.514320619,144,11
1403637180.538319111,-4.834532303,-4.255687488,-1.423885371,0.343495692,-0.757536090,0.223452439,0.508152329,171,11
1403637180.588319063,-4.800159167,-4.316982980,-1.430871594,0.345070009,-0.759197368,0.220530344,0.505877864,165,11
1403637180.638319016,-4.765585025,-4.378383795,-1.434727418,0.348408132,-0.755181194,0.215165054,0.511876096,172,11
1403637180.688318968,-4.730633178,-4.440649059,-1.437252905,0.349355335,-0.749729459,0.213294779,0.519963389,154,11
1403637180.738318920,-4.695535298,-4.504041994,-1.437723713,0.348018993,-0.746617094,0.213997007,0.525024738,178,11
1403637180.788319111,-4.657532216,-4.564386113,-1.437148399,0.347259462,-0.742825955,0.213029246,0.531261713,164,11
1403637180.838319063,-4.621435167,-4.628961188,-1.434377748,0.347524630,-0.740384472,0.210304258,0.535564735,169,11
1403637180.888319016,-4.583709923,-4.693271630,-1.430626687,0.349504161,-0.736563731,0.204327979,0.541821732,153,11
1403637180.938318968,-4.544588654,-4.758302643,-1.425408187,0.350791422,-0.734811312,0.199263960,0.545244521,154,11
1403637180.988318920,-4.501997371,-4.822539566,-1.418704860,0.352168235,-0.732734397,0.193588806,0.549182312,168,11
1403637181.038319111,-4.457389642,-4.888012390,-1.411078506,0.353928868,-0.731294902,0.187040625,0.552229958,152,11
1403637181.088319063,-4.408347587,-4.951262891,-1.401760584,0.352390663,-0.731557669,0.186466410,0.553059197,129,11
1403637181.138319016,-4.359033907,-5.020247560,-1.388799307,0.347957831,-0.733475191,0.190356195,0.552000011,138,11
1403637181.188318968,-4.305508475,-5.088038424,-1.375318400,0.341786110,-0.736323864,0.197284282,0.549625631,141,11
1403637181.238318920,-4.251833347,-5.158349696,-1.357816523,0.335128834,-0.737971616,0.204854960,0.548744935,164,11
1403637181.288319111,-4.193567112,-5.224075733,-1.341154572,0.328889103,-0.738847947,0.212079453,0.548596368,130,11
1403637181.338319063,-4.137578111,-5.294179617,-1.320114573,0.324713700,-0.737922470,0.216120877,0.550747863,145,11
1403637181.388319016,-4.080126663,-5.363556698,-1.297002520,0.322581642,-0.735868832,0.217167433,0.554325223,144,11
1403637181.438318968,-4.021292036,-5.432050683,-1.272335472,0.321910886,-0.734429671,0.216426526,0.556907532,161,11
1403637181.488318920,-3.960391113,-5.499136339,-1.246491373,0.322303349,-0.735147542,0.213922533,0.556700811,155,11
1403637181.538319111,-3.897069648,-5.564606695,-1.218786954,0.322635861,-0.736992029,0.211178631,0.555114796,145,11
1403637181.588319063,-3.832423280,-5.630415747,-1.189893061,0.321908971,-0.739422247,0.209860402,0.552800114,147,11
1403637181.638319016,-3.766217823,-5.695716879,-1.159662086,0.321439388,-0.741828329,0.207740455,0.550646305,165,11
1403637181.688318968,-3.698604592,-5.760980775,-1.128166486,0.319984341,-0.743451548,0.207294514,0.549471384,158,11
1403637181.738318920,-3.629970764,-5.825836360,-1.097095962,0.317142863,-0.745631748,0.208941487,0.547537356,132,11
1403637181.788319111,-3.560434996,-5.890543735,-1.066334956,0.313530305,-0.746365235,0.211540138,0.547620721,153,11
1403637181.838319063,-3.491633610,-5.955514528,-1.035901109,0.310416888,-0.746605549,0.214326099,0.547983424,165,11
1403637181.888319016,-3.422450447,-6.020117696,-1.007353110,0.308274109,-0.746885469,0.215920888,0.548185498,147,11
1403637181.938318968,-3.352972336,-6.084577381,-0.980504722,0.307073541,-0.747575778,0.216743821,0.547593291,165,11
1403637181.988318920,-3.283561914,-6.149084347,-0.955800778,0.306273607,-0.747277633,0.217371546,0.548199077,154,11
1403637182.038319111,-3.213589343,-6.212621970,-0.931233304,0.305719738,-0.746225453,0.218271742,0.549582079,165,11
1403637182.088319063,-3.145673266,-6.277746595,-0.909138337,0.304660598,-0.743460052,0.220147300,0.553158420,151,11
1403637182.138319016,-3.075538774,-6.340304713,-0.886364782,0.303261572,-0.741927296,0.223281769,0.554726561,157,11
1403637182.188318968,-3.004942570,-6.401828480,-0.864831263,0.300534517,-0.740469283,0.228968927,0.555839433,142,11
1403637182.238318920,-2.932909251,-6.460935599,-0.844324235,0.297830108,-0.738846886,0.235076288,0.556903623,171,11
1403637182.288319111,-2.860867664,-6.518373984,-0.824751445,0.295166105,-0.737764850,0.241361822,0.557067741,170,11
1403637182.338319063,-2.790130073,-6.574110957,-0.805965909,0.292957120,-0.736149531,0.247086842,0.557860276,120,11
1403637182.388319016,-2.717384165,-6.625929846,-0.789244832,0.292016039,-0.734254296,0.250293701,0.559419632,144,11
1403637182.438318968,-2.643697292,-6.675554762,-0.771718850,0.289977580,-0.731815095,0.255922775,0.561126727,154,11
1403637182.488318920,-2.569851047,-6.722159697,-0.753205887,0.291660045,-0.727111450,0.254787522,0.566856839,137,11
1403637182.538319111,-2.494935769,-6.765532831,-0.733481089,0.293993778,-0.724225630,0.253353625,0.569979680,148,11
1403637182.588319063,-2.419312125,-6.806420514,-0.711467027,0.296561234,-0.721726691,0.250715762,0.572977857,153,11
1403637182.638319016,-2.341641252,-6.844114456,-0.688329145,0.298531502,-0.720856896,0.248940515,0.573823054,160,11
1403637182.688318968,-2.263480155,-6.879533300,-0.664498168,0.299048589,-0.721411193,0.249201654,0.572742846,144,11
1403637182.738318920,-2.182321893,-6.911180947,-0.639554863,0.298236048,-0.721267994,0.251250535,0.572451665,152,11
1403637182.788319111,-2.100697107,-6.940386509,-0.616012080,0.296457316,-0.722800626,0.253697846,0.570359288,139,11
1403637182.838319063,-2.017054272,-6.967358459,-0.594032922,0.293945157,-0.724132627,0.256746286,0.568603138,167,11
1403637182.888319016,-1.933021863,-6.991569499,-0.573875155,0.291839414,-0.725010680,0.258988446,0.567551104,163,11
1403637182.938318968,-1.848298559,-7.012685802,-0.556071540,0.288662095,-0.725748414,0.262491717,0.566622920,132,11
1403637182.988318920,-1.763257784,-7.030822501,-0.541252676,0.285225332,-0.726905789,0.266489732,0.565011245,151,11
1403637183.038319111,-1.677188117,-7.046471930,-0.530198920,0.281273369,-0.728307848,0.271095456,0.562992206,153,11
1403637183.088319063,-1.591102092,-7.059526935,-0.523128799,0.277764123,-0.729047647,0.275141588,0.561812893,137,11
1403637183.138319016,-1.505284906,-7.069315642,-0.520531533,0.274735870,-0.730379532,0.279127654,0.559601370,155,11
1403637183.188318968,-1.419719104,-7.075679098,-0.522151556,0.272903492,-0.731278009,0.281353694,0.558208076,157,11
1403637183.238318920,-1.333833604,-7.078195506,-0.526829096,0.271315318,-0.732419779,0.283538177,0.556377001,166,11
1403637183.288319111,-1.248733119,-7.077193984,-0.532994657,0.270217897,-0.733460511,0.284892255,0.554846258,155,11
1403637183.338319063,-1.162825158,-7.071902751,-0.541159566,0.268702024,-0.734734198,0.286514505,0.553059056,145,11
1403637183.388319016,-1.080485113,-7.063608901,-0.549821433,0.267372755,-0.735929219,0.288052389,0.551312811,131,11
1403637183.438318968,-0.998352935,-7.051109086,-0.559212063,0.266669636,-0.736035043,0.288267276,0.551399763,162,11
1403637183.488318920,-0.917340178,-7.034826443,-0.569482072,0.266099829,-0.735992024,0.288394179,0.551666040,162,11
1403637183.538319111,-0.837697625,-7.014023753,-0.581557854,0.264852611,-0.737214096,0.289879278,0.549853139,134,11
1403637183.588319063,-0.759226432,-6.989601891,-0.594045136,0.263696822,-0.737634181,0.291227100,0.549132569,151,11
1403637183.638319016,-0.681914932,-6.961287656,-0.607685483,0.261987771,-0.738223955,0.293193447,0.548110758,157,11
1403637183.688318968,-0.608630239,-6.930101535,-0.622583963,0.260530372,-0.738390216,0.294389171,0.547940535,122,11
1403637183.738318920,-0.533772838,-6.894408631,-0.638268807,0.258923821,-0.740672847,0.296311746,0.544574640,144,11
1403637183.788319111,-0.460334829,-6.853729733,-0.653559205,0.257357145,-0.744317099,0.298990209,0.538854537,156,11
1403637183.838319063,-0.389888162,-6.809174064,-0.668072748,0.256094237,-0.748034613,0.300788497,0.533278764,162,11
1403637183.888319016,-0.323140292,-6.760431975,-0.680505628,0.254398783,-0.751519248,0.303035795,0.527891452,151,11
1403637183.938318968,-0.259595823,-6.707249209,-0.691235538,0.252473796,-0.754603449,0.305174953,0.523162370,152,11
1403637183.988318920,-0.200172680,-6.649454841,-0.700321135,0.251037287,-0.757823091,0.306548321,0.518374933,130,11
1403637184.038319111,-0.143248673,-6.586796741,-0.706127449,0.249508670,-0.760457892,0.308059309,0.514342960,159,11
1403637184.088319063,-0.089540953,-6.519747733,-0.709362012,0.248720913,-0.762053850,0.307955124,0.512421192,159,11
1403637184.138319016,-0.040035098,-6.447754960,-0.710150505,0.249573709,-0.762940761,0.305760616,0.512000785,137,11
1403637184.188318968,0.004999296,-6.370896112,-0.707764463,0.251503252,-0.763796814,0.302619469,0.511646360,152,11
1403637184.238318920,0.047814643,-6.291622545,-0.705413940,0.255315052,-0.762896386,0.296456371,0.514700834,160,11
1403637184.288319111,0.088626750,-6.208075955,-0.706246683,0.261973590,-0.762082104,0.287108927,0.517850527,128,11
1403637184.338319063,0.128631716,-6.123363220,-0.711621989,0.269392794,-0.761429714,0.276432998,0.520804293,126,11
1403637184.388319016,0.165497053,-6.038612726,-0.721196023,0.276460261,-0.761747173,0.266214080,0.521958841,144,11
1403637184.438318968,0.200705557,-5.952601867,-0.733133301,0.282653374,-0.762561860,0.257526950,0.521810645,171,11
1403637184.488318920,0.234870257,-5.866029376,-0.747817460,0.287552715,-0.764722403,0.251049388,0.519121649,159,11
1403637184.538319111,0.267285664,-5.777257235,-0.763450603,0.291736693,-0.767072999,0.245760649,0.515839529,160,11
1403637184.588319063,0.300478996,-5.686981866,-0.780670607,0.295578650,-0.770271848,0.241091044,0.511067167,138,11
1403637184.638319016,0.330789554,-5.599191162,-0.798174639,0.298610772,-0.772943421,0.237368585,0.506997268,174,11
1403637184.688318968,0.359480609,-5.511351845,-0.815734475,0.300889172,-0.775570344,0.234646176,0.502889172,175,11
1403637184.738318920,0.387430052,-5.423089496,-0.834251627,0.302458128,-0.778376462,0.233116037,0.498303199,152,11
1403637184.788319111,0.413507775,-5.335665399,-0.851109094,0.304133492,-0.780415846,0.230982574,0.495076738,172,11
1403637184.838319063,0.435728402,-5.250675515,-0.864315792,0.305585469,-0.781919668,0.229347774,0.492563451,175,11
1403637184.888319016,0.461958712,-5.159627121,-0.876859319,0.306395555,-0.782870816,0.228696243,0.490849344,139,11
1403637184.938318968,0.480807163,-5.076604236,-0.884878576,0.308779197,-0.783140497,0.225941565,0.490200754,168,11
1403637184.988318920,0.503523341,-4.989784965,-0.892156517,0.308275035,-0.784447649,0.227077833,0.487897578,142,11
1403637185.038319111,0.516142029,-4.911400854,-0.894760832,0.310562348,-0.785071766,0.223896782,0.486912292,167,11
1403637185.088319063,0.527234235,-4.834286717,-0.897622490,0.310749033,-0.785832590,0.223454160,0.485767864,158,11
1403637185.138319016,0.533947627,-4.759587809,-0.894925812,0.309969226,-0.786819548,0.223568398,0.484614538,157,11
1403637185.188318968,0.538708400,-4.686071176,-0.891347458,0.310295113,-0.786950140,0.222727394,0.484581187,136,11
1403637185.238318920,0.541057615,-4.614940385,-0.886364157,0.311105732,-0.787769267,0.221140806,0.483455840,160,11
1403637185.288319111,0.539922609,-4.547397510,-0.880215651,0.312159291,-0.789185815,0.218954793,0.481457293,164,11
1403637185.338319063,0.539384642,-4.480665342,-0.875329123,0.314504081,-0.790181680,0.215221705,0.479978868,143,11
1403637185.388319016,0.533373682,-4.417157080,-0.864253803,0.317712341,-0.791141871,0.210061281,0.478568351,154,11
1403637185.438318968,0.526062908,-4.355761003,-0.850979092,0.320211291,-0.792347887,0.205742880,0.476780266,160,11
1403637185.488318920,0.526366043,-4.290219862,-0.844798326,0.322182196,-0.792186109,0.202503750,0.477107989,112,11
1403637185.538319111,0.514258778,-4.235264287,-0.827118110,0.322726119,-0.791428544,0.200871612,0.478684977,151,11
1403637185.588319063,0.500189551,-4.183927918,-0.807184078,0.321377796,-0.789542318,0.201866700,0.482274897,128,11
1403637185.638319016,0.484674902,-4.134106063,-0.786989715,0.319033624,-0.785736627,0.205008214,0.488678966,152,11
1403637185.688318968,0.467343086,-4.086817757,-0.766210425,0.316323705,-0.780735109,0.208215841,0.497029343,147,11
1403637185.738318920,0.448210647,-4.041994561,-0.747039481,0.314260712,-0.776066571,0.210779308,0.504512602,148,11
1403637185.788319111,0.428921101,-3.997050130,-0.732191056,0.313952620,-0.771780018,0.210777983,0.511235756,124,11
1403637185.838319063,0.408452969,-3.954382153,-0.716879892,0.314607259,-0.769200716,0.209206313,0.515349638,165,11
1403637185.888319016,0.387241277,-3.913577272,-0.702905064,0.314665661,-0.766278938,0.209116451,0.519684924,173,11
1403637185.938318968,0.365676614,-3.876439399,-0.687993611,0.313991739,-0.764629090,0.209186198,0.522487011,156,11
1403637185.988318920,0.343628534,-3.839762042,-0.675943563,0.312878267,-0.762418817,0.210829014,0.525714622,165,11
1403637186.038319111,0.322001284,-3.802517762,-0.665789804,0.311454062,-0.760244789,0.212823782,0.528895326,168,11
1403637186.088319063,0.294314371,-3.777458808,-0.646380983,0.310706213,-0.758690464,0.213425326,0.531319169,129,11
1403637186.138319016,0.272832625,-3.741742626,-0.635381517,0.310150963,-0.757884707,0.214408443,0.532396628,163,11
1403637186.188318968,0.250731157,-3.707784693,-0.621855460,0.309788178,-0.757389037,0.214990925,0.533077888,139,11
1403637186.238318920,0.229524855,-3.673949169,-0.607152565,0.310167525,-0.757715364,0.214469897,0.532603226,158,11
1403637186.288319111,0.206750885,-3.642002413,-0.589606283,0.310938723,-0.757632425,0.213686120,0.532586576,154,11
1403637186.338319063,0.184243962,-3.610847687,-0.569422705,0.310305952,-0.756010360,0.214564274,0.534902537,156,11
1403637186.388319016,0.159048686,-3.586633507,-0.543102856,0.309012818,-0.755625197,0.215716547,0.535731287,118,11
1403637186.438318968,0.137808044,-3.556384306,-0.519374039,0.307076212,-0.755512932,0.218238361,0.535981742,154,11
1403637186.488318920,0.116795259,-3.526809754,-0.494308131,0.304767130,-0.755869188,0.221005381,0.535663503,162,11
1403637186.538319111,0.096202192,-3.498765885,-0.466376548,0.301659997,-0.756057057,0.224826701,0.535566921,148,11
1403637186.588319063,0.075501594,-3.469104510,-0.440081871,0.300111128,-0.756059448,0.226260214,0.535829952,159,11
1403637186.638319016,0.054900068,-3.438853361,-0.414814208,0.299019120,-0.756553995,0.226994915,0.535431533,163,11
1403637186.688318968,0.034526375,-3.416100925,-0.385884381,0.297713198,-0.757951671,0.227345746,0.534031860,125,11
1403637186.738318920,0.014313106,-3.385056756,-0.364904624,0.296254677,-0.760669886,0.228502331,0.530472596,160,11
1403637186.788319111,-0.005728390,-3.353475233,-0.345179124,0.293759039,-0.763815097,0.231211830,0.526149421,139,11
1403637186.838319063,-0.026219391,-3.322134657,-0.328888778,0.290078313,-0.767255513,0.235924506,0.521069263,158,11
1403637186.888319016,-0.047373737,-3.290155320,-0.313937842,0.286229078,-0.770263695,0.240843596,0.516489222,154,11
1403637186.938318968,-0.069255697,-3.257377014,-0.300660530,0.281515989,-0.772549549,0.246825713,0.512828441,156,11
1403637186.988318920,-0.093981378,-3.226396876,-0.288680040,0.278053252,-0.774363151,0.251247222,0.509826375,119,11
1403637187.038319111,-0.119345757,-3.192429346,-0.279034443,0.274772328,-0.774343458,0.255392829,0.509575195,155,11
1403637187.088319063,-0.146924820,-3.157523198,-0.271135570,0.273146609,-0.773198940,0.257475370,0.511136736,163,11
1403637187.138319016,-0.176351630,-3.121739172,-0.263229992,0.273410633,-0.771384558,0.257058090,0.513939323,148,11
1403637187.188318968,-0.207339980,-3.084007465,-0.258467566,0.274286620,-0.770215376,0.253782098,0.516845985,159,11
1403637187.238318920,-0.239829144,-3.044462268,-0.255455255,0.275257877,-0.771260489,0.248101904,0.517528555,161,11
1403637187.288319111,-0.274907955,-3.005592003,-0.252584265,0.277542636,-0.774513147,0.239222772,0.515627709,121,11
1403637187.338319063,-0.309946058,-2.964899295,-0.252449806,0.279632272,-0.777637738,0.230711280,0.513670757,154,11
1403637187.388319016,-0.346814223,-2.923779741,-0.253029933,0.282915687,-0.780026106,0.221523204,0.512294308,136,11
1403637187.438318968,-0.384659795,-2.883259523,-0.253770783,0.284940079,-0.782114656,0.214094923,0.511144971,149,11
1403637187.488318920,-0.423201784,-2.843152613,-0.255157227,0.285586698,-0.784065567,0.209016913,0.509895436,146,11
1403637187.538319111,-0.462718412,-2.802886393,-0.256544729,0.285940255,-0.786095455,0.205043365,0.508182374,146,11
1403637187.588319063,-0.504350560,-2.764762133,-0.259365027,0.285462349,-0.787471853,0.202534571,0.507325414,111,11
1403637187.638319016,-0.547359915,-2.727578159,-0.261934148,0.284187765,-0.789024916,0.201667374,0.505971606,141,11
1403637187.688318968,-0.591604709,-2.691422871,-0.264803661,0.282365015,-0.790068807,0.201962463,0.505244932,147,11
1403637187.738318920,-0.636485010,-2.655501118,-0.269779734,0.281159784,-0.791549640,0.201662864,0.503716619,156,11
1403637187.788319111,-0.683329746,-2.621307950,-0.274191385,0.280418555,-0.792216775,0.201147385,0.503286941,166,11
1403637187.838319063,-0.731894785,-2.587878237,-0.279654349,0.279628030,-0.794023147,0.201141566,0.500876710,166,11
1403637187.888319016,-0.782837237,-2.556382046,-0.285278709,0.280303712,-0.794505414,0.199345302,0.500452222,133,11
1403637187.938318968,-0.835233661,-2.526067152,-0.291280596,0.281786503,-0.794238595,0.196543369,0.501150801,159,11
1403637187.988318920,-0.889491040,-2.496925290,-0.297531232,0.282403257,-0.793143295,0.195345619,0.503003184,151,11
1403637188.038319111,-0.945618801,-2.470629338,-0.305174472,0.283666450,-0.791549969,0.193202352,0.505623221,154,11
1403637188.088319063,-1.003000151,-2.444048515,-0.313207519,0.284738135,-0.789953205,0.191402407,0.508196071,152,11
1403637188.138319016,-1.061524844,-2.418383548,-0.322047091,0.285549477,-0.787810346,0.190383614,0.511439570,150,11
1403637188.188318968,-1.122644498,-2.397356294,-0.330962513,0.288032856,-0.783975799,0.186781611,0.517234619,119,11
1403637188.238318920,-1.183360275,-2.376263020,-0.340136349,0.290469955,-0.778864169,0.183103979,0.524853070,144,11
1403637188.288319111,-1.243926069,-2.353650149,-0.352865570,0.291338148,-0.774708508,0.181986879,0.530876245,130,11
1403637188.338319063,-1.304190221,-2.335237459,-0.363923802,0.290651054,-0.772639895,0.182376823,0.534123816,143,11
1403637188.388319016,-1.364135822,-2.318071809,-0.375683920,0.288610318,-0.769814956,0.185067733,0.538366930,151,11
1403637188.438318968,-1.423442190,-2.301403392,-0.388062618,0.286334274,-0.767768266,0.188048806,0.541463037,151,11
1403637188.488318920,-1.482452263,-2.286046410,-0.401049378,0.283816716,-0.766136487,0.189970160,0.544421063,122,11
1403637188.538319111,-1.540432818,-2.270896581,-0.415036581,0.279226827,-0.765359573,0.192182081,0.547104332,169,11
1403637188.588319063,-1.597355410,-2.256203726,-0.430036281,0.273362402,-0.766501449,0.194085196,0.547795093,160,11
1403637188.638319016,-1.653684632,-2.242209804,-0.445730547,0.266676171,-0.767490752,0.194938229,0.549400447,159,11
1403637188.688318968,-1.709951783,-2.227856534,-0.462256507,0.257279309,-0.769935369,0.197678169,0.549481780,151,11
1403637188.738318920,-1.765374275,-2.212481379,-0.481147998,0.246691299,-0.772455590,0.199880974,0.550003055,150,11
1403637188.788319111,-1.823343746,-2.202672236,-0.499310703,0.235099136,-0.776029022,0.202325943,0.549155320,119,11
1403637188.838319063,-1.878903518,-2.187471303,-0.520308156,0.224779488,-0.779544630,0.202307617,0.548503400,137,11
1403637188.888319016,-1.936174273,-2.171168312,-0.539557432,0.216650993,-0.782454648,0.200461087,0.548308694,133,11
1403637188.938318968,-1.992802077,-2.153857449,-0.556949490,0.210652671,-0.785129023,0.197654244,0.547841828,138,11
1403637188.988318920,-2.049281455,-2.134869062,-0.573541580,0.208021617,-0.787918901,0.191520144,0.547019969,166,11
1403637189.038319111,-2.106878668,-2.114820131,-0.587493086,0.208441336,-0.790308149,0.182905989,0.546361270,162,11
1403637189.088319063,-2.166354578,-2.095536426,-0.597979670,0.209020071,-0.793319014,0.175274092,0.544274328,150,11
1403637189.138319016,-2.223642797,-2.074324343,-0.609057995,0.210257848,-0.797738418,0.167902082,0.539642423,157,11
1403637189.188318968,-2.280857744,-2.052688351,-0.619924989,0.209940806,-0.801475614,0.163786551,0.535477043,150,11
1403637189.238318920,-2.337819276,-2.031129129,-0.632566935,0.208714182,-0.805044615,0.161539883,0.531268692,148,11
1403637189.288319111,-2.395467183,-2.008811067,-0.647535324,0.206049843,-0.806904169,0.162863098,0.529079139,165,11
1403637189.338319063,-2.453725192,-1.986430218,-0.666090874,0.202527032,-0.806462201,0.166384376,0.530016754,166,11
1403637189.388319016,-2.513036640,-1.965462187,-0.686469927,0.200156338,-0.803451150,0.169152194,0.534594450,145,11
1403637189.438318968,-2.573973620,-1.944468423,-0.706786268,0.198750751,-0.798989653,0.171481501,0.541024739,150,11
1403637189.488318920,-2.636808952,-1.922846289,-0.725664109,0.198419004,-0.795127918,0.172745832,0.546406782,165,11
1403637189.538319111,-2.699873332,-1.900213846,-0.742919521,0.199978452,-0.792006386,0.171694710,0.550686327,162,11
1403637189.588319063,-2.764012106,-1.877186207,-0.758261362,0.202520800,-0.789249776,0.169931218,0.554250393,169,11
1403637189.638319016,-2.826009833,-1.852494655,-0.773328304,0.204901167,-0.787411812,0.167624897,0.556686666,134,11
1403637189.688318968,-2.890902006,-1.830021055,-0.783539987,0.207251630,-0.785209830,0.166032213,0.559397523,143,11
1403637189.738318920,-2.953938040,-1.804933971,-0.791973848,0.209426827,-0.785650002,0.164908623,0.558300658,157,11
1403637189.788319111,-3.015901249,-1.778960414,-0.798651775,0.210918632,-0.786320955,0.164196511,0.557002865,172,11
1403637189.838319063,-3.074627419,-1.751181955,-0.805063512,0.213190956,-0.787045980,0.161834914,0.555803655,150,11
1403637189.888319016,-3.135657354,-1.725076901,-0.806187728,0.213744947,-0.786335370,0.161784284,0.556610842,164,11
1403637189.938318968,-3.195810204,-1.698768808,-0.805035086,0.213343330,-0.785424711,0.162895884,0.557725361,165,11
1403637189.988318920,-3.252148671,-1.670360598,-0.804354062,0.214134124,-0.784239358,0.161662675,0.559446499,143,11
1403637190.038319111,-3.309234472,-1.645258040,-0.800933264,0.213626377,-0.782863327,0.161929455,0.561486985,134,11
1403637190.088319063,-3.367115076,-1.618661215,-0.795855783,0.213805527,-0.781451669,0.160903748,0.563675854,166,11
1403637190.138319016,-3.424029053,-1.591414428,-0.789308732,0.213170186,-0.781005031,0.161282486,0.564426765,163,11
1403637190.188318968,-3.480746309,-1.564880352,-0.781754337,0.212911924,-0.780095330,0.160691959,0.565948658,160,11
1403637190.238318920,-3.537018670,-1.540934256,-0.772987970,0.211506040,-0.779852278,0.162151785,0.566394225,137,11
1403637190.288319111,-3.590983648,-1.515226001,-0.762624433,0.210758199,-0.779402805,0.161918806,0.567357514,139,11
1403637190.338319063,-3.644529948,-1.489446338,-0.750082771,0.210138564,-0.779561773,0.161802311,0.567402184,163,11
1403637190.388319016,-3.695718352,-1.463750134,-0.735713894,0.208857725,-0.780008049,0.162331619,0.567110518,167,11
1403637190.438318968,-3.746190427,-1.440344288,-0.719492490,0.207275613,-0.780250940,0.163811808,0.566931198,147,11
1403637190.488318920,-3.796674335,-1.416583735,-0.702936005,0.206413709,-0.779645722,0.163789488,0.568083561,151,11
1403637190.538319111,-3.845515173,-1.390504712,-0.688016651,0.206847567,-0.779812195,0.161551360,0.568338089,175,11
1403637190.588319063,-3.892761070,-1.366534896,-0.672697204,0.208170669,-0.779181015,0.159167818,0.569392241,157,11
1403637190.638319016,-3.938343979,-1.343666285,-0.660983296,0.212260738,-0.778135154,0.155558015,0.570309360,143,11
1403637190.688318968,-3.983292205,-1.317902816,-0.650546231,0.217768204,-0.776611759,0.154003404,0.570731230,154,11
1403637190.738318920,-4.026425844,-1.291981142,-0.641815876,0.222235000,-0.775985616,0.157408573,0.568929231,157,11
1403637190.788319111,-4.068336071,-1.266511316,-0.634046737,0.226299645,-0.774735752,0.162044406,0.567727572,165,11
1403637190.838319063,-4.110800446,-1.245083920,-0.625851834,0.229906475,-0.773868718,0.167521626,0.565868116,146,11
1403637190.888319016,-4.150500255,-1.220565095,-0.618615048,0.232501323,-0.772917807,0.173488815,0.564307389,145,11
1403637190.938318968,-4.189945536,-1.196081681,-0.614735215,0.234808045,-0.771753528,0.178680066,0.563325046,169,11
1403637190.988318920,-4.228130671,-1.170731285,-0.612390239,0.236841341,-0.770625702,0.183009796,0.562627427,178,11
1403637191.038319111,-4.265123330,-1.145022149,-0.611198810,0.239293409,-0.769461706,0.186139999,0.562155893,166,11
1403637191.088319063,-4.302290372,-1.118811244,-0.609801528,0.240999275,-0.768197838,0.189146959,0.562151989,143,11
1403637191.138319016,-4.338934934,-1.092433179,-0.611636834,0.242598157,-0.767290971,0.191048149,0.562059877,162,11
1403637191.188318968,-4.375868724,-1.067346227,-0.613253211,0.244557867,-0.766246628,0.191675476,0.562421609,169,11
1403637191.238318920,-4.409688341,-1.041322540,-0.618325241,0.245662345,-0.765774658,0.191940636,0.562492646,164,11
1403637191.288319111,-4.444425160,-1.014771075,-0.624209000,0.247384322,-0.765240771,0.191313692,0.562678088,173,11
1403637191.338319063,-4.478405829,-0.987871007,-0.631200352,0.247946754,-0.764553319,0.191863983,0.563177451,174,11
1403637191.388319016,-4.511484603,-0.960373425,-0.638288900,0.249532686,-0.763472436,0.189953224,0.564589276,181,11
1403637191.438318968,-4.540792090,-0.933874537,-0.645751740,0.250613547,-0.762773104,0.188437248,0.565562946,148,11
1403637191.488318920,-4.570844951,-0.904846430,-0.650164194,0.250367526,-0.762571371,0.188215551,0.566017591,141,11
1403637191.538319111,-4.599501411,-0.876238924,-0.652749004,0.251793676,-0.762118349,0.185195525,0.566990462,161,11
1403637191.588319063,-4.627985831,-0.848130173,-0.652544460,0.253477099,-0.762113810,0.181429739,0.567463789,172,11
1403637191.638319016,-4.654469026,-0.819978696,-0.650977992,0.254989394,-0.764647189,0.177530868,0.564604177,161,11
1403637191.688318968,-4.679193451,-0.791873746,-0.648321305,0.255886158,-0.768369369,0.174081083,0.560202253,144,11
1403637191.738318920,-4.701786535,-0.764104956,-0.644045889,0.256224607,-0.771437582,0.172034468,0.556450492,171,11
1403637191.788319111,-4.724526887,-0.738463004,-0.637511361,0.257134783,-0.774341445,0.168974434,0.552923748,164,11
1403637191.838319063,-4.746983458,-0.713763293,-0.629123797,0.259875989,-0.774678317,0.163487420,0.552819898,154,11
1403637191.888319016,-4.769361529,-0.690479051,-0.618460365,0.263137654,-0.774323210,0.157509089,0.553509736,160,11
1403637191.938318968,-4.790975063,-0.668948674,-0.606084529,0.266322566,-0.773267085,0.151429832,0.555157015,177,11
1403637191.988318920,-4.811195589,-0.649413556,-0.591310317,0.269011286,-0.772574406,0.146563466,0.556130260,177,11
1403637192.038319111,-4.828173760,-0.625904985,-0.581082984,0.269076058,-0.774517161,0.144625662,0.553899504,149,11
1403637192.088319063,-4.844089421,-0.604618174,-0.568632864,0.268192720,-0.778129367,0.144246656,0.549345297,156,11
1403637192.138319016,-4.859479964,-0.589765684,-0.551064644,0.268076535,-0.781181837,0.143321850,0.545296943,162,11
1403637192.188318968,-4.874478187,-0.577647919,-0.530947514,0.268528893,-0.783294143,0.141697808,0.542461289,171,11
1403637192.238318920,-4.889932854,-0.566345792,-0.509732321,0.269670491,-0.784151287,0.139363587,0.541259989,164,11
1403637192.288319111,-4.903933267,-0.555027416,-0.490995249,0.272271927,-0.783591877,0.134920109,0.541893285,142,11
1403637192.338319063,-4.917362135,-0.550375690,-0.466325910,0.275050546,-0.782039017,0.130636902,0.543779526,162,11
1403637192.388319016,-4.931011233,-0.549133936,-0.441946689,0.275780471,-0.780186482,0.129400702,0.546360360,158,11
1403637192.438318968,-4.943171746,-0.549613388,-0.419925986,0.274119138,-0.781162008,0.131197605,0.545373087,151,11
1403637192.488318920,-4.954130316,-0.554268188,-0.400586517,0.270200968,-0.784461359,0.136011919,0.541398718,130,11
1403637192.538319111,-4.965859455,-0.560534465,-0.382515167,0.266109301,-0.787804723,0.141301979,0.537199506,149,11
1403637192.588319063,-4.977663620,-0.570676280,-0.366671184,0.262191153,-0.791294477,0.146539944,0.532573840,148,11
1403637192.638319016,-4.990570684,-0.582062851,-0.354398739,0.259494995,-0.794053863,0.150065114,0.528792277,119,11
1403637192.688318968,-5.004283226,-0.594167677,-0.340820005,0.257858161,-0.795966099,0.152514310,0.526010003,143,11
1403637192.738318920,-5.019463249,-0.608633321,-0.329391841,0.256734496,-0.796574242,0.154153543,0.525160509,150,11
1403637192.788319111,-5.035146189,-0.624216070,-0.318662270,0.256494786,-0.796304943,0.154979758,0.525442800,157,11
1403637192.838319063,-5.052604251,-0.641332842,-0.308102442,0.256622741,-0.794721035,0.155831126,0.527522421,148,11
1403637192.888319016,-5.069418011,-0.661983044,-0.299089430,0.256489591,-0.792236560,0.156621850,0.531078072,126,11
1403637192.938318968,-5.087891053,-0.682371059,-0.285471948,0.255949519,-0.790051708,0.158638333,0.533986912,167,11
1403637192.988318920,-5.106973340,-0.703765952,-0.271010345,0.256150510,-0.787857534,0.159657445,0.536821127,163,11
1403637193.038319111,-5.125644443,-0.727304920,-0.255198107,0.254804603,-0.787248979,0.162270796,0.537570319,162,11
1403637193.088319063,-5.145302922,-0.751286247,-0.237250018,0.251778205,-0.788939388,0.166991266,0.535066627,150,11
1403637193.138319016,-5.163116729,-0.775398988,-0.218130327,0.246139388,-0.793348032,0.174725628,0.528663652,159,11
1403637193.188318968,-5.182494186,-0.800542612,-0.198176477,0.239869554,-0.798226591,0.183311487,0.521242559,155,11
1403637193.238318920,-5.203095587,-0.825586349,-0.178513209,0.235947688,-0.801514660,0.188668075,0.516049703,124,11
1403637193.288319111,-5.225632541,-0.850095612,-0.160557812,0.233321488,-0.803366967,0.191724240,0.513229398,166,11
1403637193.338319063,-5.251563679,-0.874434469,-0.146413783,0.236692978,-0.801478314,0.186572024,0.516526695,169,11
1403637193.388319016,-5.279414073,-0.898574443,-0.135740948,0.240057596,-0.798001873,0.181569354,0.522109118,169,11
1403637193.438318968,-5.309361351,-0.922880707,-0.127356821,0.243612865,-0.794075349,0.176178393,0.528259677,163,11
1403637193.488318920,-5.340102800,-0.950794801,-0.121902170,0.247086916,-0.790762935,0.171486227,0.533136483,144,11
1403637193.538319111,-5.371624762,-0.976208147,-0.113243634,0.250542396,-0.788011042,0.166942183,0.537026455,178,11
1403637193.588319063,-5.403695935,-1.002176202,-0.103926402,0.253736478,-0.786519243,0.163141698,0.538878526,171,11
1403637193.638319016,-5.435735943,-1.029541828,-0.093053065,0.255711069,-0.785353907,0.160606108,0.540404263,171,11
1403637193.688318968,-5.468622242,-1.059301566,-0.080698202,0.257395050,-0.784882914,0.158439621,0.540928356,160,11
1403637193.738318920,-5.502652730,-1.089913357,-0.066494627,0.259321514,-0.784025774,0.156194199,0.541903414,168,11
1403637193.788319111,-5.536749196,-1.122023378,-0.051074980,0.260235728,-0.783713016,0.154975099,0.542267455,185,11
1403637193.838319063,-5.569278338,-1.154242526,-0.036134610,0.261414738,-0.783528862,0.153817873,0.542295971,143,11
1403637193.888319016,-5.602432387,-1.188343595,-0.019495452,0.261299519,-0.783525453,0.153749602,0.542375779,163,11
1403637193.938318968,-5.634220525,-1.224626062,-0.002605330,0.260439362,-0.782529578,0.155060360,0.543852078,170,11
1403637193.988318920,-5.665759360,-1.261666817,0.011301089,0.259639740,-0.780111344,0.156211816,0.547367668,166,11
1403637194.038319111,-5.697194397,-1.298441794,0.021395161,0.258392594,-0.777790070,0.157902314,0.550765588,138,11
1403637194.088319063,-5.727385989,-1.334176703,0.027987527,0.257092026,-0.776334891,0.159205296,0.553047468,126,11
1403637194.138319016,-5.757039421,-1.372615673,0.030160150,0.256586345,-0.775274846,0.159428524,0.554702539,156,11
1403637194.188318968,-5.786372863,-1.412203915,0.029635552,0.256035805,-0.775277222,0.159728609,0.554867251,154,11
1403637194.238318920,-5.814877776,-1.452068725,0.028107975,0.255237088,-0.776921355,0.160555439,0.552692671,156,11
1403637194.288319111,-5.842164775,-1.492140170,0.027347247,0.254785080,-0.777677079,0.160647013,0.551811074,147,11
1403637194.338319063,-5.869566512,-1.531320179,0.027423249,0.254732684,-0.779116272,0.159975251,0.549997285,140,11
1403637194.388319016,-5.896205587,-1.572820941,0.029665670,0.254942146,-0.780078962,0.159556117,0.548655777,157,11
1403637194.438318968,-5.923582284,-1.614282450,0.032821866,0.255561364,-0.780678903,0.158388398,0.547852128,131,11
1403637194.488318920,-5.950388000,-1.657724163,0.038328024,0.254467690,-0.781221528,0.159595841,0.547236957,147,11
1403637194.538319111,-5.977381097,-1.702655994,0.046225756,0.254376933,-0.781920030,0.159367464,0.546347374,173,11
1403637194.588319063,-6.003844408,-1.748002735,0.056184076,0.254060237,-0.782453020,0.159294992,0.545752484,172,11
1403637194.638319016,-6.030330223,-1.791863541,0.068016371,0.254219372,-0.782899138,0.158379940,0.545304726,163,11
1403637194.688318968,-6.057177526,-1.836603336,0.080025064,0.254479034,-0.784905421,0.157174434,0.542641778,153,11
1403637194.738318920,-6.082838586,-1.883540484,0.093101522,0.254358558,-0.787114803,0.156196230,0.539772868,175,11
1403637194.788319111,-6.108724392,-1.931999184,0.105812851,0.254075855,-0.788756038,0.155557901,0.537690534,171,11
1403637194.838319063,-6.135578186,-1.981369372,0.117027386,0.253454939,-0.789987021,0.155271996,0.536257129,171,11
1403637194.888319016,-6.163151741,-2.031472870,0.126464871,0.253247616,-0.791024232,0.154914346,0.534927897,152,11
1403637194.938318968,-6.190651574,-2.082596328,0.135147820,0.251490491,-0.789977746,0.157217658,0.536628644,147,11
1403637194.988318920,-6.217924022,-2.134804673,0.143017278,0.249687847,-0.787863564,0.159008841,0.540039973,159,11
1403637195.038319111,-6.246147742,-2.187321253,0.149490792,0.248898707,-0.784566697,0.160035468,0.544879052,132,11
1403637195.088319063,-6.273297449,-2.239900529,0.154247996,0.247780248,-0.781787364,0.161370624,0.548974488,149,11
1403637195.138319016,-6.299790849,-2.293708455,0.157431211,0.246655422,-0.778963508,0.162331808,0.553195572,176,11
1403637195.188318968,-6.325746296,-2.347244363,0.159713093,0.245898476,-0.776275437,0.163505595,0.556952696,171,11
1403637195.238318920,-6.351205309,-2.400258820,0.160145750,0.245094064,-0.774264362,0.164463773,0.559817171,164,11
1403637195.288319111,-6.377894612,-2.453776065,0.158856112,0.244843055,-0.772623816,0.164986269,0.562035451,149,11
1403637195.338319063,-6.402460945,-2.507630245,0.157329115,0.243954508,-0.771373489,0.166541427,0.563678180,185,11
1403637195.388319016,-6.426452554,-2.561560471,0.155052536,0.244794711,-0.770569906,0.165830359,0.564621875,190,11
1403637195.438318968,-6.449934685,-2.615733278,0.153694750,0.245148722,-0.769807432,0.168186879,0.564811291,192,11
1403637195.488318920,-6.472706153,-2.670305932,0.153645485,0.247616167,-0.769501989,0.170737594,0.563384057,181,11
1403637195.538319111,-6.494058675,-2.723996212,0.154812466,0.250790383,-0.769647007,0.173518070,0.560927043,171,11
1403637195.588319063,-6.515363981,-2.778702864,0.158958289,0.254377827,-0.768710776,0.175458582,0.559991026,181,11
1403637195.638319016,-6.536429639,-2.833297537,0.164688711,0.257386853,-0.767635043,0.177800543,0.559352676,154,11
1403637195.688318968,-6.555016916,-2.886919000,0.171940110,0.259845573,-0.766261981,0.180218830,0.559324617,155,11
1403637195.738318920,-6.572428983,-2.939946258,0.179886152,0.262570179,-0.764593266,0.181200200,0.560018326,173,11
1403637195.788319111,-6.588727672,-2.992735091,0.188664161,0.265701704,-0.764210712,0.180960493,0.559140315,177,11
1403637195.838319063,-6.605030800,-3.045838565,0.198608765,0.270255479,-0.761407316,0.178021652,0.561719830,167,11
1403637195.888319016,-6.620704225,-3.098778837,0.208357944,0.274981685,-0.759808560,0.174000139,0.562849870,139,11
1403637195.938318968,-6.632684543,-3.152309679,0.217813098,0.279259562,-0.758208787,0.169911896,0.564148455,159,11
1403637195.988318920,-6.644674763,-3.204851850,0.226531129,0.284358041,-0.755600547,0.164206661,0.566784342,167,11
1403637196.038319111,-6.655712437,-3.259170775,0.233502244,0.288965652,-0.752710221,0.158938632,0.569793547,160,11
1403637196.088319063,-6.663595206,-3.314195918,0.238683414,0.292680846,-0.747974670,0.154498194,0.575327839,149,11
1403637196.138319016,-6.669727693,-3.370263888,0.243040425,0.295756741,-0.742550761,0.150511496,0.581801174,150,11
1403637196.188318968,-6.673038339,-3.427071653,0.246683526,0.298346801,-0.736220415,0.147236601,0.589313219,151,11
1403637196.238318920,-6.673305647,-3.485358697,0.249331182,0.299352439,-0.730467224,0.145792683,0.596280341,130,11
1403637196.288319111,-6.668095071,-3.542525123,0.249782195,0.300186605,-0.725323174,0.144530824,0.602416083,122,11
1403637196.338319063,-6.658620792,-3.600871851,0.248720123,0.301035817,-0.720859498,0.142420236,0.607828510,146,11
1403637196.388319016,-6.644575287,-3.659289824,0.246527768,0.301319083,-0.717480984,0.140779173,0.612053161,145,11
1403637196.438318968,-6.623992323,-3.719693159,0.243258503,0.301156781,-0.715567204,0.139905172,0.614568721,153,11
1403637196.488318920,-6.599603628,-3.782206921,0.239019775,0.299835444,-0.715729006,0.140910353,0.614796689,133,11
1403637196.538319111,-6.569854276,-3.845347797,0.232554131,0.298516624,-0.716657644,0.141430238,0.614237034,152,11
1403637196.588319063,-6.536385397,-3.909735139,0.224905320,0.295998862,-0.717429310,0.144467745,0.613847644,153,11
1403637196.638319016,-6.498453777,-3.974489574,0.215859737,0.294092838,-0.719879783,0.145850976,0.611563564,159,11
1403637196.688318968,-6.455764693,-4.039697736,0.204504024,0.291435524,-0.721874232,0.148772516,0.609778375,164,11
1403637196.738318920,-6.409221132,-4.105207656,0.193251758,0.288690451,-0.723353058,0.151964323,0.608543361,167,11
1403637196.788319111,-6.359209959,-4.170626980,0.179265714,0.285926662,-0.725851620,0.155071000,0.606084446,175,11
1403637196.838319063,-6.304320218,-4.236458386,0.165051224,0.285290427,-0.726295918,0.154654808,0.605958333,157,11
1403637196.888319016,-6.244949620,-4.301982778,0.149997342,0.284818547,-0.724963037,0.153716213,0.608011773,145,11
1403637196.938318968,-6.182257677,-4.368593654,0.133896839,0.282966049,-0.725028027,0.155511440,0.608342640,160,11
1403637196.988318920,-6.115381807,-4.434824276,0.116888987,0.278449012,-0.726543683,0.162418677,0.606811830,151,11
1403637197.038319111,-6.045125721,-4.501453243,0.100073030,0.276087113,-0.729031903,0.169496237,0.602958884,147,11
1403637197.088319063,-5.971821931,-4.567790021,0.084568658,0.276164746,-0.730978276,0.176122487,0.598652372,140,11
1403637197.138319016,-5.894538598,-4.632660555,0.070363396,0.278160168,-0.732128702,0.182922431,0.594267505,174,11
1403637197.188318968,-5.812782265,-4.695762208,0.059375091,0.282288538,-0.733687691,0.190183638,0.588086505,168,11
1403637197.238318920,-5.731414029,-4.761031152,0.049792284,0.288931282,-0.733084165,0.197508688,0.583178050,184,11
1403637197.288319111,-5.646549824,-4.822984978,0.041333201,0.297229915,-0.733768717,0.205584662,0.575302350,182,11
1403637197.338319063,-5.559960403,-4.884770850,0.037003469,0.307036608,-0.733049594,0.214228483,0.567867037,167,11
1403637197.388319016,-5.472400355,-4.945037906,0.034008081,0.317987026,-0.730367043,0.224609614,0.561247499,159,11
1403637197.438318968,-5.381912770,-5.002204533,0.032806232,0.331253284,-0.727125054,0.234664260,0.553618193,154,11
1403637197.488318920,-5.294028547,-5.062777370,0.034979652,0.348292320,-0.722318636,0.241663018,0.546394760,146,11
1403637197.538319111,-5.202724191,-5.119213136,0.037951925,0.365679099,-0.716092565,0.250279792,0.539305351,149,11
1403637197.588319063,-5.109422318,-5.172988246,0.042097548,0.385463327,-0.708707645,0.257512887,0.531825734,148,11
1403637197.638319016,-5.016837793,-5.227356557,0.048339659,0.403959595,-0.699991573,0.267079140,0.524878249,162,11
1403637197.688318968,-4.924096953,-5.279681104,0.057865068,0.421181465,-0.690446627,0.278007316,0.518267847,170,11
1403637197.738318920,-4.831636775,-5.332633678,0.068829473,0.438733603,-0.679868728,0.286936259,0.512795204,174,11
1403637197.788319111,-4.737709928,-5.383226517,0.081779204,0.455293776,-0.668016545,0.296038018,0.508746465,165,11
1403637197.838319063,-4.641632222,-5.432010994,0.096748988,0.471792150,-0.654505978,0.304160387,0.506478578,167,11
1403637197.888319016,-4.545149678,-5.481314871,0.113247481,0.487509946,-0.642594936,0.311130879,0.502596634,169,11
1403637197.938318968,-4.447350283,-5.529881344,0.130805229,0.500932741,-0.631550034,0.319495578,0.498130023,180,11
1403637197.988318920,-4.348231735,-5.579055824,0.150119200,0.513857723,-0.620890159,0.326434095,0.493848592,188,11
1403637198.038319111,-4.246687108,-5.625275479,0.171770460,0.525019956,-0.611137440,0.334433769,0.488895827,167,11
1403637198.088319063,-4.142070576,-5.670731919,0.194595975,0.535113363,-0.601889663,0.342427283,0.483865764,169,11
1403637198.138319016,-4.037584793,-5.715860113,0.218870356,0.545176815,-0.592830536,0.349496049,0.478734486,162,11
1403637198.188318968,-3.930792621,-5.759513578,0.244958705,0.554364591,-0.584916776,0.356711733,0.472555822,165,11
1403637198.238318920,-3.821741934,-5.802877112,0.273003552,0.564152762,-0.577047514,0.362426741,0.466256029,172,11
1403637198.288319111,-3.711879941,-5.846268754,0.302854248,0.573126637,-0.566277745,0.368769673,0.463534574,158,11
1403637198.338319063,-3.598187733,-5.885571704,0.332410219,0.581693593,-0.557459468,0.374514035,0.458923460,173,11
1403637198.388319016,-3.484548996,-5.925226003,0.362761982,0.589858762,-0.546075882,0.379264432,0.458286223,160,11
1403637198.438318968,-3.371484309,-5.964586330,0.391995374,0.595971726,-0.536861138,0.383570902,0.457680220,168,11
1403637198.488318920,-3.255402917,-6.000619905,0.419218889,0.600941934,-0.529047357,0.386362890,0.457931657,166,11
1403637198.538319111,-3.138468309,-6.034799389,0.443116567,0.604841215,-0.522133473,0.388191805,0.459184999,159,11
1403637198.588319063,-3.018421057,-6.066648320,0.462817031,0.607773556,-0.516287704,0.389351540,0.460937836,167,11
1403637198.638319016,-2.897085933,-6.097043280,0.478756754,0.609955836,-0.511894811,0.389638467,0.462708813,174,11
1403637198.688318968,-2.773806022,-6.126093668,0.488792516,0.610739115,-0.509912994,0.391334256,0.462432668,172,11
1403637198.738318920,-2.646672584,-6.150651707,0.494077691,0.610966733,-0.508942095,0.393139387,0.461669815,153,11
1403637198.788319111,-2.517526462,-6.172841979,0.493930207,0.610040742,-0.507829795,0.395459055,0.462137780,141,11
1403637198.838319063,-2.387184569,-6.192060425,0.489341119,0.606952759,-0.506110626,0.400759040,0.463521924,173,11
1403637198.888319016,-2.258576186,-6.209204261,0.481947954,0.602798866,-0.505116088,0.406544969,0.464986508,145,11
1403637198.938318968,-2.126513637,-6.224728193,0.474110439,0.597151337,-0.506737748,0.414758443,0.463252167,175,11
1403637198.988318920,-1.993551327,-6.233822078,0.466487278,0.591427826,-0.507119424,0.424799734,0.461072881,149,11
1403637199.038319111,-1.860517703,-6.242362411,0.459440017,0.588076931,-0.508383132,0.433102387,0.456217533,175,11
1403637199.088319063,-1.724205646,-6.251653487,0.452460318,0.587734412,-0.509983674,0.438813559,0.449363521,162,11
1403637199.138319016,-1.588458209,-6.253003171,0.446825922,0.589429697,-0.510626374,0.443341314,0.441907023,156,11
1403637199.188318968,-1.451216277,-6.250561626,0.443129414,0.592965079,-0.510164898,0.446798909,0.434160025,163,11
1403637199.238318920,-1.315152447,-6.246599816,0.441407167,0.597539221,-0.507271830,0.450698143,0.427192409,152,11
1403637199.288319111,-1.180179475,-6.238684684,0.442388291,0.602848312,-0.501968580,0.454086884,0.422382006,160,11
1403637199.338319063,-1.045382215,-6.225544106,0.445217548,0.608155770,-0.494715901,0.459217617,0.417758203,154,11
1403637199.388319016,-0.910225614,-6.211939105,0.449220676,0.614724418,-0.486352642,0.463322642,0.413409152,150,11
1403637199.438318968,-0.774439366,-6.195341969,0.454652325,0.621284177,-0.477241475,0.468904339,0.407891244,158,11
1403637199.488318920,-0.643542208,-6.174875063,0.457842035,0.628146469,-0.467560950,0.474124532,0.402522917,124,11
1403637199.538319111,-0.508686604,-6.152106012,0.462815792,0.634976521,-0.458523212,0.479643918,0.395604593,171,11
1403637199.588319063,-0.378849885,-6.125623605,0.465289694,0.641108340,-0.448931950,0.485804585,0.389145353,135,11
1403637199.638319016,-0.244941915,-6.097459878,0.465245786,0.645207677,-0.441022690,0.494521816,0.380334345,185,11
1403637199.688318968,-0.111435350,-6.066785769,0.463446432,0.648838523,-0.432510061,0.504301624,0.370976402,175,11
1403637199.738318920,0.020267586,-6.036455349,0.455630999,0.653081742,-0.424436610,0.513215998,0.360481818,151,11
1403637199.788319111,0.152220068,-6.000279782,0.446799734,0.655863654,-0.417167850,0.525128215,0.346488398,175,11
1403637199.838319063,0.283195163,-5.964936229,0.432502495,0.658618216,-0.408149336,0.537461038,0.332823973,150,11
1403637199.888319016,0.411606422,-5.926309552,0.412068892,0.659956358,-0.399335970,0.551710385,0.317181400,174,11
1403637199.938318968,0.535698508,-5.886168675,0.387878808,0.661253899,-0.389318398,0.565785527,0.301763491,181,11
1403637199.988318920,0.657198710,-5.843156959,0.362517948,0.660746656,-0.377055834,0.582016773,0.287226792,187,11
1403637200.038319111,0.772187941,-5.798005305,0.334936345,0.661439204,-0.364036254,0.596291853,0.272785284,192,11
1403637200.088319063,0.873581750,-5.753018886,0.307518343,0.663758454,-0.348716038,0.608118760,0.260793815,166,11
1403637200.138319016,0.971204196,-5.702510928,0.281037613,0.666442925,-0.332038982,0.618906446,0.250117481,187,11
1403637200.188318968,1.069491939,-5.653294406,0.248264757,0.674685662,-0.316545036,0.622010787,0.240210487,171,11
1403637200.238318920,1.160230027,-5.597216043,0.218096379,0.683748744,-0.302063146,0.623091973,0.230221422,188,11
1403637200.288319111,1.244593818,-5.539620712,0.186730198,0.696239320,-0.286382621,0.617807528,0.227045506,185,11
1403637200.338319063,1.313569705,-5.475139716,0.156723077,0.710774890,-0.273683889,0.608080529,0.223906800,181,11
1403637200.388319016,1.387510745,-5.411575827,0.126355166,0.724166440,-0.264461960,0.598035993,0.219079416,195,11
1403637200.438318968,1.459936975,-5.349000298,0.096337625,0.736648617,-0.258598584,0.587356888,0.213277924,195,11
1403637200.488318920,1.528530403,-5.283981188,0.069144860,0.747396404,-0.254165541,0.577155221,0.209022352,179,11
1403637200.538319111,1.595715327,-5.217976791,0.045219515,0.753498417,-0.254242041,0.572403825,0.199887422,167,11
1403637200.588319063,1.662875059,-5.151769663,0.023127571,0.755809846,-0.255604175,0.571527978,0.191764835,189,11
1403637200.638319016,1.724641620,-5.085779913,0.005039019,0.757773604,-0.257112152,0.570237190,0.185747283,176,11
1403637200.688318968,1.784606651,-5.015146881,-0.009625768,0.758499155,-0.259006333,0.569678213,0.181828176,144,11
1403637200.738318920,1.841917141,-4.946363951,-0.023186920,0.759062096,-0.261662038,0.568793257,0.178415087,183,11
1403637200.788319111,1.897576529,-4.877211254,-0.034043571,0.757110792,-0.265797990,0.570427045,0.175350118,167,11
1403637200.838319063,1.951289698,-4.811088328,-0.043540754,0.753809146,-0.271689325,0.572578487,0.173523943,180,11
1403637200.888319016,2.004420054,-4.743144201,-0.050152961,0.751013001,-0.276538067,0.573684963,0.174332249,162,11
1403637200.938318968,2.057757390,-4.667636738,-0.053618775,0.749280242,-0.280753803,0.573257459,0.176443497,154,11
1403637200.988318920,2.102954079,-4.602266757,-0.057659144,0.748156760,-0.284593544,0.571941805,0.179305744,160,11
1403637201.038319111,2.145000156,-4.538605346,-0.059620063,0.746669435,-0.288131841,0.570951556,0.182972997,175,11
1403637201.088319063,2.185564739,-4.474222825,-0.059947824,0.745884010,-0.291465109,0.569258483,0.186144871,172,11
1403637201.138319016,2.224854670,-4.410247514,-0.058090838,0.745554903,-0.294555268,0.566881804,0.189815967,144,11
1403637201.188318968,2.261294415,-4.347748285,-0.054706137,0.744070274,-0.298719309,0.566133495,0.191361093,171,11
1403637201.238318920,2.295335761,-4.285829205,-0.049785239,0.743546317,-0.303607164,0.564320093,0.191061241,166,11
1403637201.288319111,2.329481667,-4.211759642,-0.041695402,0.741024445,-0.310935848,0.564619617,0.188165772,115,11
1403637201.338319063,2.358458993,-4.149906640,-0.036044516,0.737318032,-0.321843063,0.565396392,0.181950770,169,11
1403637201.388319016,2.385594009,-4.086642053,-0.032198660,0.734613249,-0.333532818,0.563867464,0.176501324,160,11
1403637201.438318968,2.407940613,-4.026970388,-0.030161759,0.731936831,-0.345982558,0.561559188,0.170926370,172,11
1403637201.488318920,2.428326938,-3.967022071,-0.030353027,0.729317406,-0.358335964,0.558586218,0.166351719,158,11
1403637201.538319111,2.447259137,-3.905904358,-0.032798281,0.726444126,-0.369672434,0.556076845,0.162480048,142,11
1403637201.588319063,2.459828103,-3.851659509,-0.035438015,0.723349374,-0.378895268,0.554685614,0.159774619,146,11
1403637201.638319016,2.469088945,-3.801574840,-0.039398322,0.720318399,-0.386658944,0.553860297,0.157718218,161,11
1403637201.688318968,2.474571641,-3.754540651,-0.043722513,0.717070169,-0.391890054,0.554220648,0.158341503,159,11
1403637201.738318920,2.476892858,-3.710044024,-0.048128823,0.714445034,-0.392618547,0.555334333,0.164385973,135,11
1403637201.788319111,2.474690899,-3.670715258,-0.053408875,0.713260635,-0.391152474,0.555480823,0.172337065,157,11
1403637201.838319063,2.468983466,-3.633255251,-0.058196119,0.711891973,-0.390619858,0.555967487,0.177555902,154,11
1403637201.888319016,2.458620226,-3.599961491,-0.060677111,0.711145419,-0.389507578,0.556185223,0.182247189,95,11
1403637201.938318968,2.445177066,-3.568742235,-0.062669005,0.711030323,-0.388981255,0.555835193,0.184869419,150,11
1403637201.988318920,2.428923857,-3.539015785,-0.063203722,0.711982423,-0.390373572,0.554258323,0.182995123,142,11
1403637202.038319111,2.410041198,-3.512448775,-0.062105080,0.713311738,-0.392973664,0.552163023,0.178533077,154,11
1403637202.088319063,2.387487379,-3.488770389,-0.059599615,0.715894386,-0.395916201,0.548678604,0.172329276,147,11
1403637202.138319016,2.359520865,-3.470602325,-0.055915717,0.720231656,-0.397715713,0.543192154,0.167424184,134,11
1403637202.188318968,2.328550833,-3.455838329,-0.050813779,0.725839473,-0.396587845,0.536537890,0.167338678,140,11
1403637202.238318920,2.294908225,-3.443894605,-0.045531935,0.732727377,-0.391461241,0.528881349,0.173646788,154,11
1403637202.288319111,2.259407594,-3.436398968,-0.040876938,0.740288332,-0.384725643,0.520425451,0.181979985,153,11
1403637202.338319063,2.223137592,-3.431652819,-0.037013333,0.746446083,-0.379017241,0.513300333,0.188909885,148,11
1403637202.388319016,2.186478961,-3.429650509,-0.034506583,0.751166925,-0.373557182,0.507938340,0.195453128,169,11
1403637202.438318968,2.150346384,-3.429854442,-0.032437456,0.753601262,-0.369610476,0.505304286,0.200351722,168,11
1403637202.488318920,2.114882555,-3.432825611,-0.025933068,0.753504800,-0.366650304,0.506163447,0.203952533,107,11
1403637202.538319111,2.079691820,-3.437763399,-0.023980996,0.752344700,-0.364098570,0.508484924,0.207009096,155,11
1403637202.588319063,2.045151596,-3.445509555,-0.020341411,0.749900842,-0.362495995,0.512495690,0.208790684,147,11
1403637202.638319016,2.010709140,-3.455125823,-0.014456066,0.747140553,-0.359940053,0.517035134,0.211893422,158,11
1403637202.688318968,1.975504124,-3.467743249,-0.006390831,0.745384108,-0.357408902,0.519996220,0.215093793,150,11
1403637202.738318920,1.940318099,-3.480963562,0.004423681,0.743523157,-0.354766334,0.523204661,0.218107879,138,11
1403637202.788319111,1.904299556,-3.495777555,0.015048605,0.743794103,-0.350823868,0.523355163,0.223141927,142,11
1403637202.838319063,1.869511075,-3.508229064,0.025122878,0.744174601,-0.347398959,0.522918514,0.228198060,155,11
1403637202.888319016,1.833212410,-3.524616979,0.035054973,0.745170726,-0.343998836,0.521655916,0.232938823,140,11
1403637202.938318968,1.799871795,-3.538660271,0.042089228,0.746010358,-0.341142442,0.520432833,0.237149842,133,11
1403637202.988318920,1.766652514,-3.552281712,0.047460990,0.746713517,-0.339193121,0.519242570,0.240320837,152,11
1403637203.038319111,1.734167225,-3.565730850,0.051514156,0.746928053,-0.338113041,0.518739722,0.242254319,153,11
1403637203.088319063,1.700708962,-3.581756718,0.055050524,0.746816274,-0.338039575,0.518770663,0.242634906,99,11
1403637203.138319016,1.670118744,-3.594562417,0.057040335,0.745891568,-0.339159765,0.519916855,0.241459907,147,11
1403637203.188318968,1.640170739,-3.607169879,0.058118304,0.746546194,-0.338236305,0.518782967,0.243164994,140,11
1403637203.238318920,1.610876199,-3.619313958,0.058274921,0.745841542,-0.338176713,0.519420048,0.244048599,151,11
1403637203.288319111,1.582458916,-3.631687982,0.057990219,0.745699121,-0.337900074,0.519338691,0.245038127,143,11
1403637203.338319063,1.554981764,-3.643292655,0.056722322,0.745430088,-0.337734356,0.519622170,0.245483786,131,11
1403637203.388319016,1.527523362,-3.655378506,0.054387622,0.745025628,-0.338597717,0.520028106,0.244661333,138,11
1403637203.438318968,1.501048163,-3.666119129,0.050852358,0.745392219,-0.338323354,0.519215021,0.245649161,152,11
1403637203.488318920,1.475381445,-3.676635663,0.047137700,0.745345228,-0.338489319,0.519208009,0.245577920,139,11
1403637203.538319111,1.451224647,-3.686573877,0.041834211,0.745011416,-0.338054709,0.519525296,0.246516674,132,11
1403637203.588319063,1.427634794,-3.696312724,0.035550253,0.744795460,-0.337289315,0.519587303,0.248081994,151,11
1403637203.638319016,1.405087671,-3.705091120,0.028276581,0.745109183,-0.336403670,0.518705821,0.250178231,152,11
1403637203.688318968,1.383658041,-3.713728261,0.021323316,0.744813951,-0.336750758,0.519019690,0.249939325,98,11
1403637203.738318920,1.363305734,-3.721531516,0.012671833,0.743910837,-0.337169602,0.519932112,0.250167795,146,11
1403637203.788319111,1.343861216,-3.728575307,0.003007414,0.743661102,-0.337605120,0.519988044,0.250206681,138,11
1403637203.838319063,1.325223830,-3.734921827,-0.007376934,0.743342405,-0.338069472,0.520254540,0.249972627,149,11
1403637203.888319016,1.307191773,-3.740801581,-0.018237460,0.743029803,-0.337839827,0.520571977,0.250550955,141,11
1403637203.938318968,1.290227922,-3.744868240,-0.030229914,0.742762639,-0.337836536,0.520752774,0.250971485,128,11
1403637203.988318920,1.273151376,-3.748980786,-0.043296786,0.742945786,-0.337868350,0.520333095,0.251256856,155,11
1403637204.038319111,1.256731629,-3.752749114,-0.056094001,0.743070173,-0.337686129,0.519890168,0.252049618,168,11
1403637204.088319063,1.241459338,-3.754703285,-0.068170428,0.742694923,-0.338508891,0.520172320,0.251469161,156,11
1403637204.138319016,1.225899447,-3.757047183,-0.077900988,0.742699997,-0.338274731,0.520085797,0.251947783,148,11
1403637204.188318968,1.211350747,-3.758977038,-0.084994453,0.742859776,-0.338887173,0.519688000,0.251474093,167,11
1403637204.238318920,1.196957213,-3.760006255,-0.090254069,0.742853905,-0.338482457,0.519559879,0.252299889,167,11
1403637204.288319111,1.182842556,-3.759982709,-0.093319130,0.743302016,-0.339663035,0.518713483,0.251132352,116,11
1403637204.338319063,1.169887434,-3.759548916,-0.095033162,0.742644451,-0.340453880,0.519654846,0.250058425,162,11
1403637204.388319016,1.157128997,-3.757777505,-0.094916851,0.741081487,-0.342018439,0.521516031,0.248681820,155,11
1403637204.438318968,1.144407160,-3.755793690,-0.093045736,0.739515857,-0.342186875,0.523180750,0.249612384,167,11
1403637204.488318920,1.132516380,-3.753806177,-0.089033793,0.736529854,-0.343814348,0.526874203,0.248433176,158,11
1403637204.538319111,1.121178922,-3.750931130,-0.083130182,0.735207280,-0.344404240,0.528078202,0.248976680,126,11
1403637204.588319063,1.109550964,-3.748064973,-0.075644088,0.734843418,-0.345758748,0.527700698,0.248973922,152,11
1403637204.638319016,1.097904110,-3.744519999,-0.066405122,0.735009828,-0.347218875,0.526582181,0.248818833,166,11
1403637204.688318968,1.086362995,-3.739763334,-0.056710913,0.735932142,-0.347334223,0.524288147,0.250768338,155,11
1403637204.738318920,1.074860433,-3.735228217,-0.046859926,0.735728822,-0.348470379,0.523843274,0.250718407,147,11
1403637204.788319111,1.063223859,-3.730053822,-0.038614992,0.736534750,-0.349527627,0.521821382,0.251096486,166,11
1403637204.838319063,1.051848703,-3.724409389,-0.031774326,0.736919827,-0.351023216,0.520642256,0.250326810,166,11
1403637204.888319016,1.040763688,-3.717172683,-0.028488849,0.737202179,-0.351397559,0.519547230,0.251243665,114,11
1403637204.938318968,1.029936994,-3.710937292,-0.025279496,0.738236588,-0.352019435,0.517760632,0.251023873,160,11
1403637204.988318920,1.019374174,-3.704511419,-0.023965124,0.739885007,-0.353226462,0.515072495,0.250003137,153,11
1403637205.038319111,1.009085894,-3.697875402,-0.023932388,0.741573479,-0.354114582,0.512479694,0.249070677,166,11
1403637205.088319063,0.999419202,-3.691532823,-0.024901755,0.742771104,-0.354521269,0.510714915,0.248547849,157,11
1403637205.138319016,0.990022024,-3.684630449,-0.027092514,0.742856244,-0.354744096,0.510515649,0.248384780,125,11
1403637205.188318968,0.981380281,-3.678157813,-0.030214022,0.743155239,-0.354106053,0.510289782,0.248864487,151,11
1403637205.238318920,0.973506775,-3.671809430,-0.034414080,0.744177532,-0.353148330,0.510073740,0.247610253,165,11
1403637205.288319111,0.966261603,-3.665119006,-0.039338913,0.745622811,-0.351024599,0.510125906,0.246170500,154,11
1403637205.338319063,0.960334008,-3.659159022,-0.043199047,0.746628493,-0.347462922,0.511767532,0.244763979,146,11
1403637205.388319016,0.955082142,-3.653451612,-0.045692749,0.748072476,-0.344142222,0.512516601,0.243475738,165,11
1403637205.438318968,0.950578533,-3.647833552,-0.046059534,0.748940788,-0.340601934,0.513911314,0.242843941,165,11
1403637205.488318920,0.947177216,-3.642671027,-0.043546613,0.748945908,-0.336919704,0.516641593,0.242170611,113,11
1403637205.538319111,0.944092788,-3.637036828,-0.040924062,0.748555166,-0.333502806,0.519683204,0.241599687,159,11
1403637205.588319063,0.941534410,-3.631208557,-0.038632990,0.748798533,-0.330447891,0.521338734,0.241476446,152,11
1403637205.638319016,0.939510980,-3.625016001,-0.038024980,0.748658778,-0.328450829,0.523267646,0.240460097,165,11
1403637205.688318968,0.937762772,-3.618453548,-0.039202128,0.749113658,-0.326707565,0.523909421,0.240020443,156,11
1403637205.738318920,0.936738009,-3.611807795,-0.042248226,0.749607688,-0.326060811,0.524243973,0.238622962,124,11
1403637205.788319111,0.935904245,-3.604430595,-0.046966323,0.749928968,-0.325128348,0.524564519,0.238180952,151,11
1403637205.838319063,0.935472640,-3.596619602,-0.052939621,0.750367586,-0.324347597,0.524455693,0.238103651,165,11
1403637205.888319016,0.935892118,-3.588637122,-0.059855866,0.750396825,-0.324331681,0.524882795,0.237089894,154,11
1403637205.938318968,0.936346146,-3.580323897,-0.067347665,0.750336141,-0.324067196,0.525222364,0.236891527,146,11
1403637205.988318920,0.937158629,-3.571702848,-0.073955678,0.750313287,-0.323312431,0.525663768,0.237016131,165,11
1403637206.038319111,0.938294901,-3.562291902,-0.079076705,0.750063061,-0.323468410,0.526306264,0.236167968,165,11
1403637206.088319063,0.939624803,-3.554135437,-0.080780292,0.749783186,-0.324015207,0.526984428,0.234790826,113,11
1403637206.138319016,0.941007403,-3.543646305,-0.083373701,0.749185689,-0.325635824,0.528123032,0.231879660,159,11
1403637206.188318968,0.943150389,-3.533409050,-0.083573251,0.748073981,-0.328009972,0.530003122,0.227796989,152,11
1403637206.238318920,0.945258155,-3.523308893,-0.081461727,0.747684454,-0.329055904,0.530742940,0.225836448,165,11
1403637206.288319111,0.947493717,-3.513649509,-0.076944922,0.746720956,-0.330176979,0.532090781,0.224210563,156,11
1403637206.338319063,0.949912504,-3.503908177,-0.070798043,0.745805523,-0.331143671,0.533231120,0.223120064,124,11
1403637206.388319016,0.952077878,-3.494865324,-0.062553967,0.745827806,-0.331046541,0.533302525,0.223019034,151,11
1403637206.438318968,0.954162793,-3.486037310,-0.053199922,0.745811012,-0.331350389,0.533112276,0.223078811,165,11
1403637206.488318920,0.956327667,-3.476367067,-0.043435706,0.745723070,-0.331236533,0.533120672,0.223521388,154,11
1403637206.538319111,0.957553117,-3.467549316,-0.034109311,0.745368567,-0.331457028,0.533353019,0.223822464,146,11
1403637206.588319063,0.958271238,-3.458551559,-0.026140966,0.745415539,-0.331163581,0.533046462,0.224828437,165,11
1403637206.638319016,0.958426624,-3.449300929,-0.019782653,0.745582937,-0.330754459,0.532573720,0.225992929,165,11
1403637206.688318968,0.958481758,-3.437938451,-0.016795379,0.745733944,-0.330287254,0.531950816,0.227639062,113,11
1403637206.738318920,0.957636550,-3.428356332,-0.013379909,0.745485361,-0.330003888,0.532062923,0.228600208,159,11
1403637206.788319111,0.956359950,-3.418471574,-0.011198159,0.745011731,-0.329531957,0.532458032,0.229901401,152,11
1403637206.838319063,0.954893688,-3.408200149,-0.009449389,0.744958245,-0.329567962,0.532253403,0.230496175,165,11
1403637206.888319016,0.953205103,-3.397384264,-0.006427797,0.744240196,-0.329459754,0.532933237,0.231397853,156,11
1403637206.938318968,0.950806142,-3.385544234,-0.002895955,0.743199416,-0.329321166,0.534357841,0.231654689,124,11
1403637206.988318920,0.948526899,-3.374083169,0.001949765,0.742895916,-0.329641830,0.534394628,0.232086845,151,11
1403637207.038319111,0.946407122,-3.362812256,0.008905703,0.742439650,-0.330017582,0.534597311,0.232545645,165,11
1403637207.088319063,0.943582337,-3.349562461,0.015909226,0.742635274,-0.330814929,0.533916853,0.232351298,154,11
1403637207.138319016,0.940707983,-3.337072749,0.022452559,0.741497745,-0.331254962,0.534887035,0.233124654,146,11
1403637207.188318968,0.937485011,-3.324063673,0.027158769,0.741237424,-0.332068191,0.534665600,0.233303437,165,11
1403637207.238318920,0.934044882,-3.310788521,0.030202412,0.739992148,-0.332297602,0.535983726,0.233904619,165,11
1403637207.288319111,0.929070441,-3.299682350,0.029360006,0.739989053,-0.333112838,0.535503541,0.233854646,113,11
1403637207.338319063,0.924649114,-3.285706282,0.028182206,0.739947296,-0.333834908,0.535131805,0.233808050,159,11
1403637207.388319016,0.919556051,-3.271466464,0.025567380,0.739934441,-0.333911005,0.534856864,0.234368513,152,11
1403637207.438318968,0.913873054,-3.256763505,0.021698853,0.739670223,-0.334290292,0.534797482,0.234796967,165,11
1403637207.488318920,0.907613124,-3.241655484,0.016195561,0.739639503,-0.335052766,0.534416327,0.234674749,156,11
1403637207.538319111,0.900671366,-3.225883712,0.008889946,0.740399236,-0.336449064,0.532978297,0.233548996,124,11
1403637207.588319063,0.893738981,-3.210047400,0.000887101,0.741430892,-0.339687135,0.531098897,0.229840911,151,11
1403637207.638319016,0.886723879,-3.194088495,-0.006930411,0.743687547,-0.344216844,0.527603257,0.223782037,165,11
1403637207.688318968,0.878990451,-3.178317003,-0.012832638,0.745357448,-0.347686532,0.524834499,0.219328747,152,11
1403637207.738318920,0.870972717,-3.163444059,-0.016576050,0.746675399,-0.348862342,0.522726499,0.218008995,144,11
1403637207.788319111,0.862437528,-3.149440808,-0.017089079,0.746868296,-0.348318113,0.522296658,0.219245165,163,11
1403637207.838319063,0.853211105,-3.135934320,-0.014868317,0.746587349,-0.347062087,0.522467599,0.221772060,164,11
1403637207.888319016,0.843598970,-3.124332357,-0.008618082,0.746519293,-0.345231759,0.522336856,0.225140370,112,11
1403637207.938318968,0.834931937,-3.113068021,-0.001105504,0.745910678,-0.343513884,0.523072272,0.228058921,158,11
1403637207.988318920,0.826036321,-3.101914053,0.009223669,0.745549971,-0.342192240,0.523408125,0.230442283,151,11
1403637208.038319111,0.816730978,-3.090626373,0.021430499,0.745493432,-0.340906612,0.523332436,0.232691612,164,11
1403637208.088319063,0.807999345,-3.079865713,0.035091023,0.745667063,-0.340095432,0.522847714,0.234405624,155,11
1403637208.138319016,0.799820827,-3.069742919,0.050881910,0.745919044,-0.339624128,0.522311493,0.235480223,124,11
1403637208.188318968,0.791844006,-3.059052287,0.067218144,0.745409115,-0.338610312,0.522743102,0.237587789,149,11
1403637208.238318920,0.783976971,-3.048158727,0.082816773,0.745906549,-0.339353283,0.521628945,0.237415275,163,11
1403637208.288319111,0.777149137,-3.039665839,0.098223811,0.744495259,-0.342359355,0.523244910,0.233947953,152,11
1403637208.338319063,0.769900062,-3.029045339,0.110836524,0.742640703,-0.345297163,0.525360590,0.230761578,144,11
1403637208.388319016,0.762570345,-3.018877111,0.121718521,0.741126478,-0.347529073,0.527013554,0.228499018,162,11
1403637208.438318968,0.755156463,-3.009094133,0.131020277,0.740035798,-0.348235964,0.527943030,0.228811905,163,11
1403637208.488318920,0.746543915,-3.001688381,0.136780022,0.739911551,-0.348259060,0.527788820,0.229533191,111,11
1403637208.538319111,0.738486546,-2.993099922,0.142694445,0.739277282,-0.347688170,0.528398657,0.231034405,157,11
1403637208.588319063,0.729817412,-2.984602173,0.147089379,0.739686404,-0.346507280,0.527405454,0.233752469,150,11
1403637208.638319016,0.721024837,-2.976419967,0.150298502,0.739884094,-0.345414170,0.527046205,0.235548033,163,11
1403637208.688318968,0.712129822,-2.968310952,0.152278848,0.740102282,-0.344175448,0.526504859,0.237874981,155,11
1403637208.738318920,0.703488897,-2.960745129,0.153364365,0.739609883,-0.343296374,0.527126615,0.239295532,124,11
1403637208.788319111,0.694590691,-2.952717842,0.152601117,0.739107416,-0.342703764,0.527812769,0.240183346,149,11
1403637208.838319063,0.685565512,-2.944722193,0.150477752,0.739107844,-0.342289825,0.527683078,0.241055676,163,11
1403637208.888319016,0.676849521,-2.938828513,0.147881792,0.739860773,-0.341310984,0.526545584,0.242616152,152,11
1403637208.938318968,0.667661080,-2.930833498,0.142953674,0.741089424,-0.338505172,0.524736858,0.246681866,144,11
1403637208.988318920,0.658638301,-2.922783613,0.136524056,0.742767730,-0.335201267,0.522016313,0.251863413,162,11
1403637209.038319111,0.649952733,-2.913776346,0.128484678,0.744444232,-0.331754537,0.519314767,0.257009503,163,11
1403637209.088319063,0.642793308,-2.905513791,0.121053594,0.746146517,-0.328035288,0.517241435,0.260997170,111,11
1403637209.138319016,0.636350719,-2.894577216,0.112633535,0.747210742,-0.324160927,0.517557306,0.262164521,157,11
1403637209.188318968,0.631646428,-2.881948306,0.104678728,0.749307281,-0.322159472,0.518423120,0.256883908,150,11
1403637209.238318920,0.628389347,-2.868031388,0.098523474,0.750985934,-0.320867681,0.521188293,0.247844348,163,11
1403637209.288319111,0.625859673,-2.853288037,0.094006748,0.754513017,-0.318807779,0.521751188,0.238426938,155,11
1403637209.338319063,0.623561225,-2.837873721,0.091845230,0.757922744,-0.316131931,0.522114458,0.230239460,124,11
1403637209.388319016,0.621438640,-2.822304837,0.091341519,0.761758567,-0.313302618,0.521063022,0.223737976,149,11
1403637209.438318968,0.620137638,-2.806939562,0.092424321,0.765689155,-0.310643575,0.519112930,0.218500465,163,11
1403637209.488318920,0.620191176,-2.792993976,0.095140016,0.770929534,-0.308338063,0.514885158,0.213280490,151,11
1403637209.538319111,0.620697136,-2.778902420,0.098785405,0.776981672,-0.306250675,0.508911531,0.208612222,142,11
1403637209.588319063,0.622798156,-2.766192901,0.103827978,0.783239294,-0.304740922,0.501962784,0.204212005,157,11
1403637209.638319016,0.626823157,-2.754741821,0.110634742,0.788646470,-0.303826411,0.495800660,0.199769775,180,11
1403637209.688318968,0.632231909,-2.744954271,0.119563653,0.792582741,-0.303025808,0.491444499,0.196138379,130,11
1403637209.738318920,0.641069750,-2.736884080,0.129366571,0.795447217,-0.302543022,0.488235971,0.193279799,171,11
1403637209.788319111,0.653408412,-2.732192902,0.140424443,0.797283086,-0.302089023,0.486142949,0.191694906,164,11
1403637209.838319063,0.667971911,-2.729138215,0.151293629,0.798892054,-0.301934304,0.484029291,0.190585436,176,11
1403637209.888319016,0.684963341,-2.727652523,0.160829695,0.800118060,-0.303031636,0.482272226,0.188139359,168,11
1403637209.938318968,0.704091123,-2.728283346,0.167856302,0.801997309,-0.304049234,0.479167984,0.186420015,140,11
1403637209.988318920,0.724923465,-2.730624415,0.170008919,0.804590651,-0.304690829,0.474921792,0.185058571,156,11
1403637210.038319111,0.747929395,-2.734138808,0.167996265,0.807723548,-0.305608761,0.469606194,0.183455658,169,11
1403637210.088319063,0.773614614,-2.737885802,0.161527635,0.810569012,-0.306727526,0.464410176,0.182261598,156,11
1403637210.138319016,0.801998627,-2.745078847,0.151294279,0.812980682,-0.308557180,0.459935989,0.179760293,160,11
1403637210.188318968,0.833419072,-2.753036121,0.138201711,0.815870936,-0.309969650,0.454575027,0.177862243,153,11
1403637210.238318920,0.868790518,-2.765387336,0.123413054,0.818241061,-0.311227465,0.450128860,0.176076805,172,11
1403637210.288319111,0.908011993,-2.781852128,0.108910325,0.820365406,-0.311733153,0.446256655,0.175151478,144,11
1403637210.338319063,0.951587400,-2.800709841,0.093894469,0.821425286,-0.312498209,0.444244926,0.173930485,176,11
1403637210.388319016,0.999435533,-2.822613755,0.078921427,0.822335090,-0.312994635,0.442484554,0.173224646,167,11
1403637210.438318968,1.051866142,-2.847983507,0.064688189,0.821619765,-0.312455753,0.443984779,0.173752353,178,11
1403637210.488318920,1.108872983,-2.876841718,0.051940089,0.819116583,-0.310764701,0.448831389,0.176135483,171,11
1403637210.538319111,1.169828594,-2.907588901,0.040090367,0.815390843,-0.308838105,0.455852474,0.178760512,156,11
1403637210.588319063,1.233446727,-2.940596571,0.027640493,0.811864036,-0.307691892,0.462305553,0.180211163,160,11
1403637210.638319016,1.300309638,-2.975536697,0.015416738,0.808151278,-0.306735928,0.469024074,0.181165671,166,11
1403637210.688318968,1.369371380,-3.010237703,0.001977231,0.805370041,-0.305460680,0.474166028,0.182316888,147,11
1403637210.738318920,1.440882910,-3.049038383,-0.012458637,0.803398331,-0.305097181,0.477853138,0.181997829,151,11
1403637210.788319111,1.514945188,-3.088374948,-0.028035908,0.800597372,-0.307157032,0.482621087,0.178256256,143,11
1403637210.838319063,1.590070079,-3.129786219,-0.044596155,0.797850726,-0.308762783,0.487143072,0.175474758,139,11
1403637210.888319016,1.666759462,-3.173624085,-0.062103141,0.794618223,-0.311187953,0.492079333,0.172051932,114,11
1403637210.938318968,1.745036601,-3.219840586,-0.079668222,0.789807432,-0.313243953,0.499457903,0.169187025,151,11
1403637210.988318920,1.823943156,-3.268039959,-0.098099086,0.784907243,-0.314349021,0.506786378,0.168145414,161,11
1403637211.038319111,1.903074355,-3.317791032,-0.116928360,0.779940609,-0.315198786,0.514025112,0.167691850,168,11
1403637211.088319063,1.982309582,-3.369462242,-0.136647070,0.775235413,-0.316764866,0.520462434,0.166700118,159,11
1403637211.138319016,2.061227241,-3.421956057,-0.157721662,0.773129842,-0.316197000,0.523228470,0.168883607,148,11
1403637211.188318968,2.139568671,-3.475701132,-0.179027423,0.771973555,-0.313679705,0.524670130,0.174307563,151,11
1403637211.238318920,2.217441428,-3.531037869,-0.200770154,0.770024057,-0.311250893,0.527203952,0.179560093,155,11
1403637211.288319111,2.294920861,-3.587556777,-0.223279568,0.767481660,-0.308822442,0.530205768,0.185694493,163,11
1403637211.338319063,2.371461797,-3.644138606,-0.246676956,0.764506835,-0.307025066,0.533616567,0.191097535,157,11
1403637211.388319016,2.448304854,-3.701070643,-0.270530772,0.761766740,-0.305927930,0.536782395,0.194895346,156,11
1403637211.438318968,2.523032474,-3.758542378,-0.296131648,0.760335352,-0.305387617,0.538206594,0.197388497,163,11
1403637211.488318920,2.595934036,-3.816609368,-0.324972588,0.759356468,-0.305496758,0.539098231,0.198551209,124,11
1403637211.538319111,2.668014259,-3.873768031,-0.351729715,0.760248835,-0.306800656,0.537590392,0.197209624,164,11
1403637211.588319063,2.739286965,-3.930461179,-0.377094468,0.761634875,-0.308144263,0.535267353,0.196082356,163,11
1403637211.638319016,2.810141794,-3.987472253,-0.400484285,0.762850907,-0.309315063,0.533492072,0.194342210,173,11
1403637211.688318968,2.879223705,-4.043695819,-0.422017428,0.763456532,-0.310809965,0.532549285,0.192152411,161,11
1403637211.738318920,2.947960331,-4.100450545,-0.442109018,0.766001838,-0.313757649,0.528735679,0.187712290,166,11
1403637211.788319111,3.015272117,-4.157748577,-0.459044885,0.768065112,-0.317375782,0.525554539,0.182046760,173,11
1403637211.838319063,3.082741687,-4.215472831,-0.474573009,0.769420529,-0.321502660,0.523170745,0.175842146,152,11
1403637211.888319016,3.149110265,-4.275437040,-0.488053565,0.770915431,-0.323339879,0.520666760,0.173340262,156,11
1403637211.938318968,3.214746358,-4.335978089,-0.497932774,0.771828230,-0.323093455,0.519208575,0.174109905,146,11
1403637211.988318920,3.281377119,-4.398389783,-0.506049854,0.771575418,-0.321142562,0.519768981,0.177141287,166,11
1403637212.038319111,3.346628638,-4.462412596,-0.511337236,0.770146831,-0.317750286,0.521938902,0.182998350,166,11
1403637212.088319063,3.416447604,-4.525989278,-0.517244647,0.766638594,-0.314267975,0.527120679,0.188798032,112,11
1403637212.138319016,3.481409903,-4.591169114,-0.519792770,0.762545518,-0.311146721,0.533180104,0.193470998,150,11
1403637212.188318968,3.546835126,-4.655973066,-0.520760012,0.759017990,-0.308512747,0.537946942,0.198304470,153,11
1403637212.238318920,3.611045223,-4.720419580,-0.520417734,0.756033675,-0.307041097,0.541917993,0.201155999,152,11
1403637212.288319111,3.675027840,-4.784041541,-0.520063857,0.754513999,-0.305717864,0.543876733,0.203576306,155,11
1403637212.338319063,3.736600013,-4.846759289,-0.517799917,0.752667509,-0.305222169,0.546099815,0.205197566,151,11
1403637212.388319016,3.796194555,-4.909078961,-0.513139215,0.751662225,-0.305258935,0.547004002,0.206415853,159,11
1403637212.438318968,3.854545592,-4.970186869,-0.507241434,0.751119168,-0.305162542,0.547236505,0.207913508,163,11
1403637212.488318920,3.911457988,-5.030212850,-0.500660793,0.752374188,-0.305923631,0.545101541,0.207865637,171,11
1403637212.538319111,3.968679079,-5.089543242,-0.492890083,0.754465138,-0.307123149,0.541645247,0.207552771,155,11
1403637212.588319063,4.023403122,-5.148137829,-0.484631484,0.756635324,-0.308972358,0.538028141,0.206312354,169,11
1403637212.638319016,4.078922259,-5.206332060,-0.476087863,0.759480727,-0.310494384,0.533372449,0.205660143,167,11
1403637212.688318968,4.134827918,-5.264492118,-0.465805221,0.761890966,-0.311666739,0.529714832,0.204421613,130,11
1403637212.738318920,4.191187829,-5.323580941,-0.456333522,0.763938898,-0.311683614,0.526492991,0.205075146,139,11
1403637212.788319111,4.245905145,-5.382657279,-0.445134274,0.764921826,-0.311188310,0.525004959,0.205976281,155,11
1403637212.838319063,4.301497452,-5.443422477,-0.433578290,0.766807036,-0.310955074,0.522241637,0.206343364,155,11
1403637212.888319016,4.355647871,-5.502919463,-0.421089373,0.767518737,-0.309872927,0.521288672,0.207730302,153,11
1403637212.938318968,4.410035408,-5.562199728,-0.408370194,0.768294952,-0.308189803,0.520395486,0.209595920,143,11
1403637212.988318920,4.463329959,-5.621293285,-0.394141953,0.769064367,-0.306412988,0.519817028,0.210811141,137,11
1403637213.038319111,4.518583781,-5.680252356,-0.380667932,0.769472623,-0.305965020,0.519683863,0.210299719,138,11
1403637213.088319063,4.574375499,-5.738910672,-0.367860991,0.769250789,-0.306219735,0.520632920,0.208384406,150,11
1403637213.138319016,4.630142938,-5.797659348,-0.356447062,0.769665588,-0.306740547,0.520682887,0.205947689,160,11
1403637213.188318968,4.686182861,-5.855683054,-0.347035648,0.769570568,-0.307216794,0.521437415,0.203671314,162,11
1403637213.238318920,4.743058189,-5.914463063,-0.339296911,0.769300491,-0.307137447,0.522318341,0.202550965,159,11
1403637213.288319111,4.800157245,-5.973448363,-0.332443551,0.769370021,-0.307276550,0.522606702,0.201328408,138,11
1403637213.338319063,4.857808216,-6.033559756,-0.327020281,0.768654854,-0.306885220,0.523844049,0.201441281,141,11
1403637213.388319016,4.914041734,-6.092246935,-0.322525033,0.768040128,-0.306073011,0.524922353,0.202213246,175,11
1403637213.438318968,4.969472284,-6.150417758,-0.319452201,0.766773236,-0.305408281,0.526901300,0.202878304,177,11
1403637213.488318920,5.028026362,-6.210159896,-0.317052766,0.765846693,-0.304706830,0.528153586,0.204172428,186,11
1403637213.538319111,5.083794867,-6.268545816,-0.315794793,0.765196183,-0.303462899,0.529259821,0.205594534,167,11
1403637213.588319063,5.141137134,-6.326697160,-0.316075491,0.765491641,-0.298971598,0.528871122,0.211976102,173,11
1403637213.638319016,5.197956025,-6.384294105,-0.317562856,0.766358737,-0.295512699,0.527639143,0.216710559,156,11
1403637213.688318968,5.256946815,-6.441874999,-0.320203579,0.768385223,-0.291892713,0.524818723,0.221242178,153,11
1403637213.738318920,5.314147837,-6.497631860,-0.324413750,0.769471124,-0.289325364,0.523213684,0.224616261,166,11
1403637213.788319111,5.372594911,-6.551529573,-0.330816214,0.771439481,-0.287882689,0.520435970,0.226166057,168,11
1403637213.838319063,5.431782421,-6.605113455,-0.337664890,0.772498524,-0.286366478,0.519296668,0.227093023,160,11
1403637213.888319016,5.489807724,-6.656658275,-0.345510429,0.773230596,-0.285186139,0.518428426,0.228068584,137,11
1403637213.938318968,5.551832763,-6.708172514,-0.354071837,0.774161556,-0.284802978,0.517292272,0.227968977,128,11
1403637213.988318920,5.614724744,-6.757828557,-0.361346827,0.773025714,-0.283137583,0.519388568,0.229128500,150,11
1403637214.038319111,5.678929440,-6.805687646,-0.367148428,0.771509768,-0.281255459,0.523132259,0.228036587,154,11
1403637214.088319063,5.744048158,-6.851313963,-0.371682528,0.769647058,-0.279229437,0.528423087,0.224596012,156,11
1403637214.138319016,5.810037133,-6.895299629,-0.374148112,0.768160352,-0.278332530,0.533725258,0.218169718,146,11
1403637214.188318968,5.876181859,-6.937176579,-0.374999498,0.767164259,-0.275458480,0.539025357,0.212210486,161,11
1403637214.238318920,5.942007351,-6.978359273,-0.374082995,0.767043983,-0.270752150,0.543474522,0.207297478,157,11
1403637214.288319111,6.007377322,-7.016985995,-0.371026644,0.767289651,-0.263705241,0.547973314,0.203596129,166,11
1403637214.338319063,6.072154175,-7.054391026,-0.365588475,0.767696669,-0.255215461,0.552965109,0.199340112,160,11
1403637214.388319016,6.136420200,-7.089991863,-0.358859025,0.768688963,-0.243607774,0.557609238,0.197090000,160,11
1403637214.438318968,6.199640854,-7.122999676,-0.351229806,0.771092835,-0.229934884,0.560656888,0.195472871,160,11
1403637214.488318920,6.262023242,-7.153356321,-0.342419548,0.773854150,-0.215410928,0.563401645,0.193200604,150,11
1403637214.538319111,6.323274155,-7.182197301,-0.331855939,0.776364148,-0.200434976,0.566105873,0.191333926,135,11
1403637214.588319063,6.383160162,-7.207746579,-0.321036745,0.778790608,-0.186200154,0.567950205,0.190387123,163,11
1403637214.638319016,6.443452698,-7.230026440,-0.307794482,0.780091095,-0.172419231,0.570502597,0.190410818,155,11
1403637214.688318968,6.503511677,-7.248780501,-0.293169574,0.780996522,-0.160280101,0.572636481,0.190898358,167,11
1403637214.738318920,6.563047535,-7.263436726,-0.277364513,0.781893273,-0.149122052,0.573815308,0.192721343,156,11
1403637214.788319111,6.621218258,-7.273183975,-0.260359779,0.781904906,-0.140950352,0.575950758,0.192453736,145,11
1403637214.838319063,6.680527914,-7.279531567,-0.242547151,0.782432376,-0.135852677,0.577057683,0.190651664,133,11
1403637214.888319016,6.737280941,-7.280754260,-0.225410068,0.783007991,-0.132620144,0.577701539,0.188603594,150,11
1403637214.938318968,6.793461134,-7.277508455,-0.209589087,0.782974827,-0.130301735,0.578809969,0.186951595,168,11
1403637214.988318920,6.845486125,-7.268308237,-0.194938166,0.782228262,-0.128954473,0.580540275,0.185641262,156,11
1403637215.038319111,6.898997379,-7.255978673,-0.182420518,0.781509360,-0.128501409,0.582115143,0.184044747,146,11
1403637215.088319063,6.950630132,-7.239913985,-0.170478540,0.780056861,-0.127899720,0.584211427,0.183983594,158,11
1403637215.138319016,6.999198820,-7.218243327,-0.160394390,0.778493409,-0.127818468,0.586320012,0.183954600,127,11
1403637215.188318968,7.049847710,-7.194335884,-0.151835621,0.776941495,-0.128496280,0.588410784,0.183366758,158,11
1403637215.238318920,7.100936263,-7.166469966,-0.145286023,0.775467098,-0.130497223,0.590851671,0.180320708,138,11
1403637215.288319111,7.147342013,-7.133010671,-0.139746149,0.774630503,-0.131280127,0.592927725,0.176493131,151,11
1403637215.338319063,7.195855472,-7.097059123,-0.135546699,0.772995967,-0.131514825,0.596715286,0.170622254,136,11
1403637215.388319016,7.242584265,-7.057917217,-0.132450751,0.771086415,-0.130025405,0.601165109,0.164680440,128,11
1403637215.438318968,7.285415364,-7.014315534,-0.129665953,0.768019210,-0.128305883,0.607885477,0.155432753,140,11
1403637215.488318920,7.326509419,-6.968124618,-0.125014312,0.764725858,-0.124371885,0.615004977,0.146611304,148,11
1403637215.538319111,7.363435469,-6.919045791,-0.120326185,0.762847524,-0.118624005,0.620402796,0.138175147,168,11
1403637215.588319063,7.397967253,-6.867332542,-0.115614159,0.763015523,-0.111783660,0.623318010,0.129562277,156,11
1403637215.638319016,7.430084598,-6.812724253,-0.109692670,0.764657547,-0.103777319,0.624651623,0.119747462,142,11
1403637215.688318968,7.456531224,-6.755138776,-0.101398810,0.767445342,-0.093279990,0.624407503,0.111542641,146,11
1403637215.738318920,7.479249770,-6.694518527,-0.093069661,0.773274261,-0.083358838,0.620262585,0.101845702,151,11
1403637215.788319111,7.499972824,-6.631271483,-0.082696018,0.779684265,-0.073496815,0.615102220,0.091323183,159,11
1403637215.838319063,7.518288472,-6.566211244,-0.071949578,0.785741745,-0.063551840,0.609941601,0.080884587,140,11
1403637215.888319016,7.533331262,-6.499343043,-0.058025837,0.790398182,-0.054328006,0.606088577,0.070539477,167,11
1403637215.938318968,7.547224616,-6.432211831,-0.042801605,0.794040710,-0.047024387,0.603044716,0.060209041,151,11
1403637215.988318920,7.559025504,-6.364006749,-0.025314324,0.797549858,-0.040504812,0.599746778,0.050767973,128,11
1403637216.038319111,7.569250331,-6.295726444,-0.006883534,0.799149478,-0.034583646,0.598767477,0.040516558,153,11
1403637216.088319063,7.575345416,-6.227088342,0.011677169,0.800908504,-0.027976096,0.597320622,0.031160557,158,11
1403637216.138319016,7.579244132,-6.157997601,0.030489935,0.801986305,-0.022016008,0.596520008,0.022296682,165,11
1403637216.188318968,7.579966131,-6.089648442,0.048707979,0.801884815,-0.016814151,0.597061179,0.014696108,151,11
1403637216.238318920,7.580773595,-6.021949264,0.064422529,0.802225424,-0.013370510,0.596819821,0.007854888,165,11
1403637216.288319111,7.576804399,-5.953869622,0.078540392,0.801303077,-0.010871598,0.598156406,0.002025129,143,11
1403637216.338319063,7.576943841,-5.887948299,0.090908396,-0.800210873,0.008675721,-0.599654203,0.001458423,160,11
1403637216.388319016,7.575140413,-5.822945857,0.101842369,-0.797970823,0.007253849,-0.602637365,0.004260756,162,11
1403637216.438318968,7.571579349,-5.757206739,0.108099130,-0.794873914,0.005933500,-0.606720310,0.005542650,140,11
1403637216.488318920,7.566415341,-5.693462622,0.116107398,-0.792540789,0.004726459,-0.609772481,0.005854973,160,11
1403637216.538319111,7.559002463,-5.630738498,0.123837653,-0.789802742,0.004730778,-0.613310197,0.006312758,151,11
1403637216.588319063,7.547569608,-5.567340537,0.129929684,-0.788198086,0.006115133,-0.615330684,0.008633176,121,11
1403637216.638319016,7.538649481,-5.506682358,0.134347375,-0.786353632,0.007817230,-0.617638840,0.010446021,147,11
1403637216.688318968,7.525570091,-5.446050387,0.137981705,-0.783492687,0.010431536,-0.621186406,0.012563518,146,11
1403637216.738318920,7.508931015,-5.386926286,0.140955976,-0.780172464,0.012157619,-0.625308108,0.013148739,155,11
1403637216.788319111,7.488617942,-5.327291983,0.144135033,-0.777063210,0.013366554,-0.629157297,0.012457888,134,11
1403637216.838319063,7.466340876,-5.270788862,0.148188640,-0.774339129,0.013650152,-0.632538842,0.010353721,152,11
1403637216.888319016,7.440019192,-5.214607562,0.154533224,-0.771990583,0.013785705,-0.635436547,0.007803117,128,11
1403637216.938318968,7.410422870,-5.159876588,0.162114354,-0.770760575,0.013824790,-0.636957947,0.004645959,148,11
1403637216.988318920,7.377807617,-5.106220829,0.170430071,-0.771614830,0.014866581,-0.635909514,0.002937702,150,11
1403637217.038319111,7.338513110,-5.052444871,0.176761469,-0.774471418,0.017675296,-0.632345474,0.004561599,129,11
1403637217.088319063,7.296577858,-4.999566336,0.185500458,-0.778142287,0.022675350,-0.627606024,0.009543959,152,11
1403637217.138319016,7.250645502,-4.947615173,0.193977017,-0.781137964,0.027551635,-0.623589826,0.014146328,145,11
1403637217.188318968,7.201735818,-4.895152737,0.200661927,-0.782719753,0.033215554,-0.621170371,0.019846552,113,11
1403637217.238318920,7.151483173,-4.846804130,0.205481047,-0.783391723,0.038632081,-0.619819923,0.025064608,143,11
1403637217.288319111,7.099622735,-4.800448970,0.207281114,-0.784350879,0.042451282,-0.618235843,0.027857311,142,11
1403637217.338319063,7.045742119,-4.756610653,0.207103253,-0.785319267,0.046053402,-0.616624353,0.030448990,152,11
1403637217.388319016,6.989799780,-4.713613525,0.204389765,-0.785507222,0.049313972,-0.616029995,0.032458909,129,11
1403637217.438318968,6.932477596,-4.675038505,0.200293620,-0.785886662,0.052112968,-0.615249285,0.033685457,150,11
1403637217.488318920,6.873317371,-4.639295664,0.194618356,-0.786140926,0.053478571,-0.614769043,0.034373099,129,11
1403637217.538319111,6.812508521,-4.606378141,0.188224364,-0.785314854,0.052022065,-0.615976096,0.033878221,147,11
1403637217.588319063,6.750008395,-4.576605382,0.181170152,-0.784172082,0.047849903,-0.617816760,0.032969439,151,11
1403637217.638319016,6.684755768,-4.550115247,0.174528130,-0.782923668,0.040321770,-0.620076651,0.030160102,128,11
1403637217.688318968,6.617833139,-4.524924850,0.166671649,-0.780501796,0.028138503,-0.624036890,0.024558708,150,11
1403637217.738318920,6.548804321,-4.501147732,0.160050138,-0.778612226,0.013131808,-0.627077876,0.019076003,143,11
1403637217.788319111,6.476044359,-4.477254328,0.156053264,-0.776421289,-0.002858901,-0.630008210,0.015857602,113,11
1403637217.838319063,6.401033798,-4.454132548,0.151962580,-0.777147075,-0.017543110,-0.628817880,0.017964876,144,11
1403637217.888319016,6.323026246,-4.430272423,0.150201827,-0.776953984,-0.032401736,-0.628396241,0.020268148,140,11
1403637217.938318968,6.242599482,-4.407691015,0.149042992,-0.778067891,-0.043601563,-0.626170221,0.024902110,170,11
1403637217.988318920,6.158455349,-4.383840089,0.149783468,-0.779368986,-0.053551864,-0.623542849,0.030174437,145,11
1403637218.038319111,6.071446060,-4.361632436,0.151595546,-0.780465836,-0.061194459,-0.621151288,0.036047103,162,11
1403637218.088319063,5.981946512,-4.338879177,0.153989562,-0.782902968,-0.067003232,-0.617088451,0.042134936,140,11
1403637218.138319016,5.890205791,-4.315946733,0.156179207,-0.783922672,-0.072416867,-0.614870371,0.046427028,155,11
1403637218.188318968,5.795716935,-4.292883803,0.157302535,-0.785110139,-0.076751445,-0.612545818,0.049989056,160,11
1403637218.238318920,5.700090622,-4.270691933,0.157027954,-0.786070742,-0.080432777,-0.610646151,0.052293739,138,11
1403637218.288319111,5.602843339,-4.247674770,0.154493407,-0.786366514,-0.083096817,-0.609698316,0.054686271,156,11
1403637218.338319063,5.504171638,-4.225100912,0.150435835,-0.786138268,-0.086385972,-0.609574397,0.054250727,153,11
1403637218.388319016,5.403234470,-4.202199780,0.146112345,-0.785945892,-0.087226189,-0.609542778,0.056020076,119,11
1403637218.438318968,5.300134599,-4.180117622,0.139874416,-0.785876747,-0.087747980,-0.609452163,0.057149727,149,11
1403637218.488318920,5.194652165,-4.156146740,0.132263523,-0.785127165,-0.088569660,-0.610321792,0.056903952,125,11
1403637218.538319111,5.088879159,-4.134084225,0.125648740,-0.785285363,-0.089092096,-0.610059102,0.056722027,157,11
1403637218.588319063,4.983448929,-4.111618283,0.120204961,-0.785266472,-0.089111352,-0.610152859,0.055939463,135,11
1403637218.638319016,4.877173149,-4.089518364,0.115833516,-0.787149738,-0.088437740,-0.607850981,0.055598924,155,11
1403637218.688318968,4.769603313,-4.067228112,0.112836501,-0.788678575,-0.088859717,-0.605997584,0.053450767,137,11
1403637218.738318920,4.660140185,-4.045421957,0.110575306,-0.791376098,-0.087126753,-0.602640655,0.054378687,149,11
1403637218.788319111,4.549406177,-4.023553380,0.107550918,-0.792476372,-0.085699820,-0.601397688,0.054383466,152,11
1403637218.838319063,4.438016723,-4.001258026,0.100994497,-0.793829774,-0.087336198,-0.599754605,0.050010926,134,11
1403637218.888319016,4.326631121,-3.978807448,0.090136953,-0.795064094,-0.089318358,-0.598219449,0.045042289,148,11
1403637218.938318968,4.214943963,-3.955923063,0.075268092,-0.794857207,-0.091310999,-0.598490868,0.040902357,148,11
1403637218.988318920,4.103514219,-3.933059366,0.058148793,-0.795271419,-0.093686902,-0.597881438,0.036109838,115,11
1403637219.038319111,3.990791046,-3.908597402,0.036947759,-0.795427840,-0.095349611,-0.597611933,0.032603372,145,11
1403637219.088319063,3.875337755,-3.882355537,0.016830373,-0.795503061,-0.096019683,-0.597489015,0.031015768,120,11
1403637219.138319016,3.761421559,-3.855478159,-0.004797794,-0.795155443,-0.096359026,-0.597933201,0.030309199,149,11
1403637219.188318968,3.646240832,-3.826314756,-0.024833388,-0.795662010,-0.096103726,-0.597311142,0.030090510,134,11
1403637219.238318920,3.530827983,-3.796574139,-0.043672607,-0.795956616,-0.094975104,-0.597060801,0.030841452,146,11
1403637219.288319111,3.412250840,-3.764948210,-0.061580155,-0.796910913,-0.094036406,-0.595895394,0.031604283,147,11
1403637219.338319063,3.293756894,-3.732608682,-0.076663116,-0.797289406,-0.092263365,-0.595578760,0.033211682,160,11
1403637219.388319016,3.174840603,-3.698969196,-0.090540039,-0.798882764,-0.091584959,-0.593548977,0.033138138,162,11
1403637219.438318968,3.055825671,-3.662698277,-0.101807064,-0.799982318,-0.090612476,-0.592154949,0.034207982,141,11
1403637219.488318920,2.937400039,-3.626238201,-0.112558892,-0.805310209,-0.088969137,-0.585040945,0.035875511,155,11
1403637219.538319111,2.819179681,-3.588952573,-0.120277652,-0.809408743,-0.087956287,-0.579479434,0.036397290,172,11
1403637219.588319063,2.701748288,-3.551226733,-0.125650684,-0.814522417,-0.086592429,-0.572420934,0.037272738,141,11
1403637219.638319016,2.584565914,-3.512034342,-0.131075630,-0.818270717,-0.085141320,-0.567202562,0.038278478,160,11
1403637219.688318968,2.467750706,-3.473121304,-0.132558723,-0.821441053,-0.084326470,-0.562719679,0.038343274,132,11
1403637219.738318920,2.354055908,-3.432749007,-0.134150332,-0.822936533,-0.083487897,-0.560632978,0.038676832,163,11
1403637219.788319111,2.242499812,-3.391655756,-0.132927826,-0.824621882,-0.082390968,-0.558283028,0.039122130,151,11
1403637219.838319063,2.133780594,-3.350312737,-0.126946935,-0.826144572,-0.082657886,-0.556048743,0.038244147,149,11
1403637219.888319016,2.027968705,-3.307473856,-0.122140898,-0.827931860,-0.082145607,-0.553411674,0.038941668,143,11
1403637219.938318968,1.925146054,-3.264479877,-0.114878110,-0.827889281,-0.081647703,-0.553519830,0.039354655,155,11
1403637219.988318920,1.824646378,-3.220670575,-0.105246475,-0.827914836,-0.081608322,-0.553491356,0.039299175,161,11
1403637220.038319111,1.726328735,-3.175939010,-0.093186471,-0.828490793,-0.081431796,-0.552629022,0.039661472,142,11
1403637220.088319063,1.642954915,-3.135219787,-0.064504952,-0.829261399,-0.080603346,-0.551551850,0.040239158,137,11
1403637220.138319016,1.549919824,-3.089032773,-0.048330601,-0.829211411,-0.081745844,-0.551605337,0.038178590,152,11
1403637220.188318968,1.458698206,-3.043552554,-0.030753452,-0.829604247,-0.080608059,-0.551026349,0.040362076,150,11
1403637220.238318920,1.368401850,-2.995721831,-0.012080406,-0.829408262,-0.079132423,-0.551396417,0.042213572,172,11
1403637220.288319111,1.279805563,-2.947625002,0.008106764,-0.828456824,-0.076190585,-0.552948901,0.045845381,144,11
1403637220.338319063,1.194066111,-2.899153711,0.031152055,-0.827410673,-0.073023283,-0.554581740,0.049982718,175,11
1403637220.388319016,1.109841275,-2.850614708,0.055564727,-0.826142687,-0.068807194,-0.556512667,0.055204010,165,11
1403637220.438318968,1.025597171,-2.802695170,0.078052101,-0.824662018,-0.065656591,-0.558737286,0.058603866,163,11
1403637220.488318920,0.942640433,-2.755065298,0.099820006,-0.823781954,-0.063193881,-0.560041133,0.061186233,156,11
1403637220.538319111,0.863444517,-2.709526629,0.121561721,-0.822077153,-0.060736167,-0.562498075,0.064001475,166,11
1403637220.588319063,0.785656866,-2.665633199,0.142243139,-0.820793288,-0.058322695,-0.564355761,0.066328107,173,11
1403637220.638319016,0.705948272,-2.623459203,0.159705037,-0.820700003,-0.058824050,-0.564555724,0.065330468,158,11
1403637220.688318968,0.635474186,-2.586221544,0.179242070,-0.821343744,-0.058464129,-0.563632121,0.065538026,151,11
1403637220.738318920,0.562701343,-2.546239273,0.196284726,-0.821491975,-0.059064478,-0.563502218,0.064246190,147,11
1403637220.788319111,0.489941160,-2.509018386,0.210800070,-0.822115295,-0.059068332,-0.562641805,0.063808880,141,11
1403637220.838319063,0.418600837,-2.470699257,0.224554849,-0.822658727,-0.059134166,-0.561847851,0.063739799,164,11
1403637220.888319016,0.349022003,-2.434358822,0.236932917,-0.823097104,-0.059397105,-0.561283442,0.062801580,137,11
1403637220.938318968,0.280195779,-2.398347945,0.248213667,-0.823808268,-0.059143070,-0.560275470,0.062717083,169,11
1403637220.988318920,0.213072361,-2.363711597,0.257768886,-0.824540404,-0.058119387,-0.559391159,0.061941829,162,11
1403637221.038319111,0.145940540,-2.329230746,0.263294708,-0.826427918,-0.056874568,-0.557011639,0.059331391,161,11
1403637221.088319063,0.079780484,-2.296966285,0.267963610,-0.827498305,-0.053591038,-0.556005732,0.056852289,153,11
1403637221.138319016,0.016536064,-2.265732112,0.272916823,-0.829465986,-0.049725340,-0.553788132,0.053219102,161,11
1403637221.188318968,-0.045083681,-2.236027669,0.275881863,-0.830834936,-0.045066565,-0.552583495,0.048309371,167,11
1403637221.238318920,-0.105735891,-2.207721440,0.277148820,-0.831959242,-0.039321693,-0.551777603,0.042884733,153,11
1403637221.288319111,-0.160024159,-2.184972342,0.276536728,-0.832611243,-0.033404101,-0.551601237,0.037131650,146,11
1403637221.338319063,-0.215188544,-2.156920615,0.278851350,-0.833001456,-0.026768791,-0.551636981,0.032994665,145,11
1403637221.388319016,-0.270959606,-2.129491383,0.277092490,-0.833536970,-0.021283179,-0.551275584,0.029298054,138,11
1403637221.438318968,-0.325090219,-2.102370615,0.274426019,-0.832879632,-0.015983169,-0.552586321,0.026540799,161,11
1403637221.488318920,-0.377305474,-2.075364273,0.270056391,-0.833512148,-0.011936879,-0.551871735,0.023507389,134,11
1403637221.538319111,-0.428218603,-2.048878104,0.264837128,-0.833980955,-0.007198445,-0.551271768,0.022877675,165,11
1403637221.588319063,-0.476957867,-2.023256130,0.258284382,-0.834404336,-0.003937284,-0.550748054,0.020748083,158,11
1403637221.638319016,-0.523430182,-1.997380230,0.249402175,-0.834598457,-0.001308147,-0.550550506,0.018380578,158,11
1403637221.688318968,-0.565838035,-1.970563552,0.243143789,-0.835396679,0.001696652,-0.549374945,0.017224421,155,11
1403637221.738318920,-0.607585853,-1.945844210,0.233720719,-0.835469959,0.004115798,-0.549287189,0.016018469,163,11
1403637221.788319111,-0.648349906,-1.922533569,0.222386815,-0.835571862,0.006501348,-0.549126129,0.015423671,171,11
1403637221.838319063,-0.687783170,-1.900522249,0.209319268,-0.836043493,0.009399373,-0.548401067,0.014113820,158,11
1403637221.888319016,-0.720958408,-1.883647304,0.196107735,-0.836408519,0.013589050,-0.547788449,0.012803992,152,11
1403637221.938318968,-0.754562095,-1.863411907,0.181746401,-0.836857427,0.019601710,-0.546966101,0.010653821,150,11
1403637221.988318920,-0.786918406,-1.844778912,0.167033743,-0.836887912,0.025646959,-0.546742354,0.005801196,143,11
1403637222.038319111,-0.818237641,-1.827657451,0.150893955,-0.836625242,0.033790058,-0.546732368,0.000393201,166,11
1403637222.088319063,-0.847820517,-1.811922080,0.133278418,0.836821184,-0.042776527,0.545766983,0.006234949,137,11
1403637222.138319016,-0.875977426,-1.797103402,0.114990545,0.836443440,-0.052638750,0.545366108,0.012936053,167,11
1403637222.188318968,-0.902646752,-1.783315872,0.096246973,0.835785949,-0.063003657,0.545046219,0.020420709,177,11
1403637222.238318920,-0.933385472,-1.764950005,0.077504480,0.833483810,-0.072652638,0.547054642,0.027523627,170,11
1403637222.288319111,-0.952863323,-1.752147787,0.061337303,0.831073955,-0.080051304,0.549264294,0.034879862,166,11
1403637222.338319063,-0.974097118,-1.740173950,0.040964492,0.827011000,-0.087029496,0.553945002,0.040294015,170,11
1403637222.388319016,-0.993454408,-1.728874048,0.020583031,0.822731786,-0.093263771,0.558901847,0.045199582,177,11
1403637222.438318968,-1.012560643,-1.718625058,-0.000086923,0.818628532,-0.098193605,0.563678176,0.049721785,162,11
1403637222.488318920,-1.026703174,-1.711850717,-0.017328059,0.815183408,-0.101568351,0.567648489,0.054176337,158,11
1403637222.538319111,-1.041469120,-1.701688162,-0.034742132,0.813110583,-0.105597199,0.569691056,0.056147234,160,11
1403637222.588319063,-1.058362361,-1.691502517,-0.048761953,0.811957822,-0.108431547,0.570585861,0.058299831,145,11
1403637222.638319016,-1.075409037,-1.681743614,-0.060668018,0.810645629,-0.109919832,0.571866445,0.061156058,168,11
1403637222.688318968,-1.092803035,-1.672612483,-0.071023040,0.810914456,-0.110714843,0.571107860,0.063212193,141,11
1403637222.738318920,-1.107910725,-1.664405221,-0.080395100,0.811604603,-0.112180890,0.569816603,0.063422826,161,11
1403637222.788319111,-1.125148894,-1.656004932,-0.087069069,0.813629766,-0.112668798,0.566740820,0.064165326,163,11
1403637222.838319063,-1.143104418,-1.647908731,-0.092380362,0.816233263,-0.112994753,0.562948191,0.063912291,161,11
1403637222.888319016,-1.160126974,-1.640814062,-0.095063846,0.819286387,-0.113441566,0.558510792,0.062980340,160,11
1403637222.938318968,-1.178233749,-1.633742906,-0.096125746,0.822802939,-0.113345757,0.553440157,0.062064928,164,11
1403637222.988318920,-1.195240074,-1.627559890,-0.095262702,0.825477090,-0.113032012,0.549565354,0.061556958,171,11
1403637223.038319111,-1.211211529,-1.621972336,-0.092989577,0.827449870,-0.112775084,0.546764235,0.060476151,156,11
1403637223.088319063,-1.224729871,-1.619008632,-0.088214077,0.829004036,-0.111944057,0.544647123,0.059836009,150,11
1403637223.138319016,-1.236575420,-1.616923860,-0.083523300,0.829510147,-0.110875684,0.544120799,0.059599111,155,11
1403637223.188318968,-1.246892479,-1.614465170,-0.074422412,0.829421130,-0.109740553,0.544543695,0.059074230,142,11
1403637223.238318920,-1.254352817,-1.613160351,-0.062866492,0.828523765,-0.108192373,0.546194328,0.059283537,165,11
1403637223.288319111,-1.260094283,-1.613459865,-0.050396272,0.826467416,-0.106157062,0.549646698,0.059756131,140,11
1403637223.338319063,-1.263667326,-1.613702551,-0.034353568,0.823898092,-0.103977012,0.553880840,0.059972738,160,11
1403637223.388319016,-1.265768396,-1.614192175,-0.016948282,0.821724768,-0.101598267,0.557443954,0.060847646,160,11
1403637223.438318968,-1.266124194,-1.615678240,0.001962969,0.819580224,-0.099933637,0.560919069,0.060591437,158,11
1403637223.488318920,-1.265735391,-1.617241969,0.022268027,0.818042369,-0.098180720,0.563456585,0.060695180,157,11
1403637223.538319111,-1.264329128,-1.619128675,0.043049054,0.816537927,-0.096696862,0.565847640,0.061089931,161,11
1403637223.588319063,-1.260934021,-1.621835015,0.062326620,0.815290406,-0.095702134,0.567801620,0.061188034,166,11
1403637223.638319016,-1.258619702,-1.624028704,0.080277247,0.814311020,-0.094781920,0.569323130,0.061523366,171,11
1403637223.688318968,-1.256729748,-1.627576765,0.093770076,0.813724072,-0.094200670,0.570268263,0.061428638,166,11
1403637223.738318920,-1.251951460,-1.631412921,0.108080291,0.813598008,-0.093293248,0.570540900,0.061949430,173,11
1403637223.788319111,-1.248511975,-1.633720107,0.120907291,0.812975988,-0.093118783,0.571479408,0.061726990,158,11
1403637223.838319063,-1.244889271,-1.635961238,0.131750594,0.812634936,-0.092685102,0.572011579,0.061940985,181,11
1403637223.888319016,-1.241121461,-1.638263310,0.141114621,0.812092119,-0.092185633,0.572806282,0.062459290,157,11
1403637223.938318968,-1.236843179,-1.640584299,0.148527360,0.811976974,-0.091237453,0.572994518,0.063611344,177,11
1403637223.988318920,-1.233094051,-1.642569017,0.154235263,0.811711757,-0.091569650,0.573355776,0.063262759,178,11
1403637224.038319111,-1.229663356,-1.644458628,0.159006552,0.811431899,-0.091777126,0.573710845,0.063333232,176,11
1403637224.088319063,-1.226418756,-1.646120306,0.161223565,0.811594179,-0.091736519,0.573494685,0.063270424,175,11
1403637224.138319016,-1.222408151,-1.647437406,0.162530124,0.811272858,-0.091138384,0.573917663,0.064410107,179,11
1403637224.188318968,-1.218922644,-1.648205792,0.161980059,0.811135794,-0.091152744,0.574102074,0.064472544,166,11
1403637224.238318920,-1.215063088,-1.648771034,0.159861740,0.810858220,-0.090589847,0.574468535,0.065485334,170,11
1403637224.288319111,-1.211422757,-1.649002898,0.156217978,0.810324938,-0.090349292,0.575202360,0.065975339,165,11
1403637224.338319063,-1.208362980,-1.648667744,0.151338933,0.810033561,-0.090431608,0.575621576,0.065784164,172,11
1403637224.388319016,-1.205349475,-1.648156146,0.145285567,0.810168261,-0.089935828,0.575431625,0.066463370,157,11
1403637224.438318968,-1.202555193,-1.647255272,0.138182996,0.810121103,-0.089385514,0.575434417,0.067744077,180,11
1403637224.488318920,-1.202200876,-1.645858382,0.132036221,0.810054589,-0.088932577,0.575545825,0.068187697,156,11
1403637224.538319111,-1.199303383,-1.644242478,0.122177784,0.809598658,-0.088561762,0.576160317,0.068892069,176,11
1403637224.588319063,-1.196321446,-1.641998640,0.111837432,0.809371041,-0.089156903,0.576469618,0.068208094,177,11
1403637224.638319016,-1.193793621,-1.639159247,0.102471346,0.808974662,-0.090562071,0.577070428,0.065941093,175,11
1403637224.688318968,-1.191594660,-1.635909914,0.094785950,0.808329711,-0.093226389,0.577981015,0.062047285,174,11
1403637224.738318920,-1.190408374,-1.632526999,0.087773171,0.808877869,-0.095974824,0.577174169,0.058098234,178,11
1403637224.788319111,-1.189632344,-1.629252737,0.082801399,0.809097521,-0.096874937,0.576840498,0.056846181,166,11
1403637224.838319063,-1.189938106,-1.626480234,0.079567067,0.809413433,-0.096886272,0.576365235,0.057149462,170,11
1403637224.888319016,-1.190390601,-1.624189085,0.078329313,0.808824983,-0.095330346,0.577219008,0.059434743,165,11
1403637224.938318968,-1.190357642,-1.621956807,0.076263851,0.808634738,-0.093414218,0.577462606,0.062614558,172,11
1403637224.988318920,-1.190965673,-1.619525326,0.071545160,0.808560203,-0.092041732,0.577564940,0.064633259,157,11
1403637225.038319111,-1.191933640,-1.616760901,0.065409376,0.808608412,-0.091208171,0.577503283,0.065753053,180,11
1403637225.088319063,-1.193843059,-1.614270610,0.058810100,0.808698945,-0.090129918,0.577364033,0.067330440,156,11
1403637225.138319016,-1.194393887,-1.610559955,0.050762764,0.807920362,-0.089233741,0.578481496,0.068272879,176,11
1403637225.188318968,-1.195174038,-1.606334796,0.041090716,0.807700583,-0.088918841,0.578817633,0.068435043,177,11
1403637225.238318920,-1.195573689,-1.601627308,0.030294148,0.807374527,-0.088171226,0.579352965,0.068719364,175,11
1403637225.288319111,-1.196063067,-1.596210461,0.018916160,0.807426112,-0.088273926,0.579388576,0.067673231,174,11
1403637225.338319063,-1.196778270,-1.590343702,0.008332213,0.806892509,-0.087562694,0.580177273,0.068202531,178,11
1403637225.388319016,-1.197112310,-1.583838034,-0.000439221,0.806423862,-0.087073848,0.580897194,0.068243312,166,11
1403637225.438318968,-1.198838775,-1.576954132,-0.007324391,0.805707836,-0.086369738,0.582006286,0.068145688,170,11
1403637225.488318920,-1.201702227,-1.569420351,-0.011846800,0.805417237,-0.085978674,0.582464508,0.068160394,165,11
1403637225.538319111,-1.204915003,-1.561530196,-0.014669504,0.805706945,-0.085127927,0.582157887,0.068423304,172,11
1403637225.588319063,-1.208994456,-1.552975022,-0.016002550,0.806581796,-0.084807732,0.581056128,0.067876588,157,11
1403637225.638319016,-1.213510945,-1.543839496,-0.015289336,0.807727333,-0.084176298,0.579521796,0.068157129,180,11
1403637225.688318968,-1.218733667,-1.535535162,-0.012331884,0.810089889,-0.084704709,0.576260345,0.067108117,156,11
1403637225.738318920,-1.223516665,-1.525587135,-0.008199381,0.811364044,-0.084128190,0.574502864,0.067507745,176,11
1403637225.788319111,-1.227536316,-1.515223140,-0.002263225,0.813627995,-0.084201420,0.571301978,0.067332431,177,11
1403637225.838319063,-1.231519142,-1.504423548,0.005824447,0.815604570,-0.084891535,0.568489366,0.066350982,175,11
1403637225.888319016,-1.235569877,-1.492657236,0.016385862,0.817106340,-0.084796172,0.566376975,0.066060280,174,11
1403637225.938318968,-1.239529045,-1.480364048,0.029213629,0.815777871,-0.084348662,0.568371982,0.065917057,178,11
1403637225.988318920,-1.243347172,-1.467573102,0.043652115,0.813600229,-0.084140946,0.571490549,0.066132597,167,11
1403637226.038319111,-1.246430236,-1.454202914,0.059796669,0.811066455,-0.083831406,0.575135819,0.066047633,171,11
1403637226.088319063,-1.250498080,-1.440200869,0.073716484,0.809429113,-0.083525105,0.577452632,0.066306300,166,11
1403637226.138319016,-1.254005151,-1.426240894,0.086821498,0.807560171,-0.083452891,0.580073622,0.066308212,173,11
1403637226.188318968,-1.257708174,-1.411800867,0.098949184,0.806671207,-0.083456020,0.581281397,0.066547684,158,11
1403637226.238318920,-1.262740492,-1.397258661,0.109285986,0.805935164,-0.083276381,0.582309993,0.066698041,181,11
1403637226.288319111,-1.268265566,-1.382166631,0.117754384,0.806620912,-0.082941252,0.581321129,0.067447746,158,11
1403637226.338319063,-1.273401515,-1.367068334,0.125235870,0.808843735,-0.082939417,0.578211699,0.067558100,179,11
1403637226.388319016,-1.279948603,-1.351301552,0.130873089,0.811765795,-0.082703608,0.574089457,0.067953682,180,11
1403637226.438318968,-1.286703956,-1.334060950,0.134218628,0.815909424,-0.082946039,0.568149581,0.067954543,178,11
1403637226.488318920,-1.293573151,-1.317514896,0.137229835,0.819144721,-0.083515311,0.563481817,0.067196434,177,11
1403637226.538319111,-1.299033532,-1.301802773,0.139738046,0.821367037,-0.083181427,0.560244452,0.067551428,181,11
1403637226.588319063,-1.303496874,-1.285221425,0.142023984,0.823430535,-0.082643813,0.557197010,0.068290898,170,11
1403637226.638319016,-1.308401871,-1.267685726,0.142565910,0.824370436,-0.082554571,0.555816434,0.068309720,172,11
1403637226.688318968,-1.313233404,-1.249910896,0.141364455,0.824894445,-0.082967234,0.555032422,0.067857217,167,11
1403637226.738318920,-1.316859730,-1.231631176,0.138313877,0.825390719,-0.083618044,0.554328450,0.066769395,174,11
1403637226.788319111,-1.319247904,-1.213330092,0.135250711,0.825627265,-0.083755219,0.554053902,0.065946613,159,11
1403637226.838319063,-1.320776725,-1.194915040,0.131215873,0.825346225,-0.083785604,0.554462740,0.065989784,181,11
1403637226.888319016,-1.321073069,-1.175983599,0.126433293,0.825046873,-0.085351168,0.554890460,0.064104699,157,11
1403637226.938318968,-1.320365232,-1.156543764,0.121813942,0.824309458,-0.087978573,0.555913808,0.061102587,178,11
1403637226.988318920,-1.318475581,-1.137493113,0.115967006,0.823006950,-0.091183364,0.557742081,0.057174514,179,11
1403637227.038319111,-1.316627812,-1.117523814,0.110274307,0.821249414,-0.096073625,0.560126493,0.050769777,177,11
1403637227.088319063,-1.313613405,-1.099309430,0.104907397,0.819310230,-0.100949311,0.562616908,0.044745924,175,11
1403637227.138319016,-1.309023952,-1.083005647,0.101695435,0.817335121,-0.105627569,0.565033991,0.039277296,177,11
1403637227.188318968,-1.304307877,-1.068401890,0.098501299,0.816520237,-0.107340515,0.565992055,0.037758576,169,11
1403637227.238318920,-1.300083837,-1.054250895,0.098511231,0.815745109,-0.108136912,0.566967392,0.037607196,171,11
1403637227.288319111,-1.296231067,-1.043377288,0.101679632,0.815773487,-0.105756967,0.567067295,0.041997196,166,11
1403637227.338319063,-1.291164728,-1.032582577,0.107409701,0.816333285,-0.103603533,0.566337443,0.046132166,173,11
1403637227.388319016,-1.286194646,-1.022648918,0.112853640,0.816514349,-0.101690316,0.566071541,0.050263385,158,11
1403637227.438318968,-1.280103350,-1.013476077,0.117894818,0.817699148,-0.099787715,0.564370400,0.053819757,181,11
1403637227.488318920,-1.273682464,-1.004945647,0.121748284,0.818129350,-0.099212543,0.563675314,0.055600160,157,11
1403637227.538319111,-1.266915411,-0.996938873,0.124087994,0.818316852,-0.099743526,0.563220165,0.056496056,178,11
1403637227.588319063,-1.259923925,-0.989321193,0.125061971,0.818801091,-0.101057635,0.562350835,0.055800238,179,11
1403637227.638319016,-1.252610040,-0.982597252,0.125020710,0.818474667,-0.103498836,0.562634991,0.053189065,177,11
1403637227.688318968,-1.244884171,-0.976395312,0.123300415,0.818862581,-0.105373423,0.561874113,0.051555758,177,11
1403637227.738318920,-1.237070318,-0.971106230,0.120532253,0.818678533,-0.107091381,0.561995228,0.049580843,178,11
1403637227.788319111,-1.226033656,-0.969948596,0.116709644,0.818598900,-0.108917073,0.561936910,0.047537577,170,11
1403637227.838319063,-1.217848715,-0.966361806,0.112517122,0.818355137,-0.107991417,0.562268850,0.049864457,172,11
1403637227.888319016,-1.209859090,-0.965092024,0.107881545,0.816002442,-0.106769734,0.565763775,0.051493593,167,11
1403637227.938318968,-1.200082187,-0.963915389,0.103333551,0.813052893,-0.103968791,0.570097973,0.055890828,174,11
1403637227.988318920,-1.191513271,-0.962698313,0.096882365,0.810563735,-0.101367363,0.573762062,0.059229942,158,11
1403637228.038319111,-1.183233436,-0.961734627,0.089929937,0.807891431,-0.098259134,0.577634143,0.063208969,181,11
1403637228.088319063,-1.177407553,-0.962230152,0.082314661,0.806625854,-0.096602675,0.579513089,0.064708838,157,11
1403637228.138319016,-1.170696059,-0.961282733,0.073860042,0.804684800,-0.095698231,0.582359873,0.064662196,178,11
1403637228.188318968,-1.164573535,-0.960106720,0.065659392,0.803970306,-0.094493030,0.583490491,0.065128042,181,11
1403637228.238318920,-1.159297343,-0.958705864,0.058862563,0.802768522,-0.093756620,0.585315497,0.064638727,179,11
1403637228.288319111,-1.154800756,-0.957052985,0.054067288,0.802528035,-0.092565396,0.585755311,0.065353769,179,11
1403637228.338319063,-1.151459803,-0.955087705,0.051477058,0.801787128,-0.092574840,0.586865214,0.064471087,180,11
1403637228.388319016,-1.149120476,-0.953137307,0.050657336,0.802279734,-0.090554840,0.586294170,0.066379182,172,11
1403637228.438318968,-1.147538520,-0.950876860,0.051235887,0.801877963,-0.089607895,0.586940636,0.066804549,175,11
1403637228.488318920,-1.146777961,-0.948295660,0.054062112,0.801512799,-0.088147564,0.587460323,0.068539102,170,11
1403637228.538319111,-1.147778657,-0.945530279,0.057745344,0.801166312,-0.086424514,0.588035536,0.069839473,177,11
1403637228.588319063,-1.148897686,-0.941274852,0.063646049,0.800893340,-0.084859739,0.588407075,0.071734213,161,11
1403637228.638319016,-1.150648157,-0.936405258,0.071139601,0.801151370,-0.083786126,0.588108308,0.072560218,184,11
1403637228.688318968,-1.159172726,-0.937083937,0.077817267,0.803120780,-0.084143597,0.585442807,0.071927646,160,11
1403637228.738318920,-1.163392903,-0.930451966,0.084931028,0.805662120,-0.085608994,0.581948007,0.070115372,179,11
1403637228.788319111,-1.168281162,-0.923143675,0.091090557,0.808267878,-0.087983023,0.578371169,0.066699443,182,11
1403637228.838319063,-1.173221030,-0.915344315,0.096104639,0.810800986,-0.090349642,0.574779155,0.063777948,180,11
1403637228.888319016,-1.178475431,-0.907548271,0.100000950,0.812459519,-0.092634435,0.572374635,0.060956288,180,11
1403637228.938318968,-1.183330927,-0.900249068,0.103265217,0.812840332,-0.092959366,0.571758123,0.061170250,181,11
1403637228.988318920,-1.189452890,-0.895290345,0.104331919,0.812479430,-0.091350052,0.572216069,0.064039946,172,11
1403637229.038319111,-1.194420735,-0.886967374,0.105925582,0.811803803,-0.089766715,0.573141774,0.066520895,174,11
1403637229.088319063,-1.200070331,-0.878988437,0.106926612,0.809919517,-0.088413875,0.575771739,0.068558497,169,11
1403637229.138319016,-1.205079757,-0.869777854,0.107511434,0.808074696,-0.087169908,0.578311302,0.070517590,175,11
1403637229.188318968,-1.210679172,-0.860670773,0.106315113,0.807138416,-0.085709734,0.579586221,0.072534345,158,11
1403637229.238318920,-1.216243868,-0.850760874,0.103821302,0.806548149,-0.085393375,0.580310327,0.073674817,181,11
1403637229.288319111,-1.223196412,-0.841781521,0.099701124,0.806429928,-0.086024025,0.580176512,0.075271861,157,11
1403637229.338319063,-1.232008594,-0.832704859,0.094013516,0.806755390,-0.088257905,0.579122199,0.077290111,176,11
1403637229.388319016,-1.238929987,-0.822079212,0.087310880,0.808195247,-0.094709765,0.576091956,0.077256458,178,11
1403637229.438318968,-1.248370779,-0.810783333,0.078474890,0.810839826,-0.104196032,0.570895648,0.075895473,176,11
1403637229.488318920,-1.259836831,-0.800339662,0.068677969,0.813118432,-0.117039787,0.565466716,0.073399575,177,11
1403637229.538319111,-1.269446205,-0.788990426,0.059387939,0.814578939,-0.131867570,0.560388564,0.070970087,179,11
1403637229.588319063,-1.280917536,-0.779747749,0.048732134,0.815360553,-0.147294160,0.555457529,0.070416844,172,11
1403637229.638319016,-1.287912128,-0.769737290,0.039863459,0.815043812,-0.163577928,0.551208490,0.071519562,172,11
1403637229.688318968,-1.298287552,-0.763917571,0.029185607,0.813913633,-0.179525336,0.547477805,0.074721515,168,11
1403637229.738318920,-1.307283496,-0.759768608,0.018254156,0.812019891,-0.193146403,0.544551008,0.082355107,170,11
1403637229.788319111,-1.315564693,-0.758490745,0.007813952,0.808779699,-0.202512376,0.543543454,0.097080631,153,11
1403637229.838319063,-1.322957357,-0.759029655,-0.002685293,0.803942279,-0.210994538,0.544325397,0.113437112,176,11
1403637229.888319016,-1.331248991,-0.761419989,-0.012384534,0.798616654,-0.218583971,0.545278938,0.130779839,152,11
1403637229.938318968,-1.337510173,-0.764061955,-0.023112173,0.793180725,-0.227033243,0.545646917,0.146934292,168,11
1403637229.988318920,-1.342891134,-0.767055458,-0.033895519,0.787134722,-0.236177552,0.546379477,0.161581436,187,11
1403637230.038319111,-1.347978591,-0.769604930,-0.045546819,0.783189105,-0.246957257,0.543690059,0.173286060,183,11
1403637230.088319063,-1.349389471,-0.770627791,-0.053633212,0.780103561,-0.260171516,0.539618440,0.180447101,182,11
1403637230.138319016,-1.352462726,-0.771966578,-0.063335608,0.778147737,-0.273789772,0.533926738,0.185600374,179,11
1403637230.188318968,-1.354289665,-0.773517045,-0.071530776,0.776086334,-0.285648183,0.528722312,0.191174879,181,11
1403637230.238318920,-1.354420524,-0.773946002,-0.078116320,0.774173239,-0.294988511,0.524358234,0.196687613,166,11
1403637230.288319111,-1.353050236,-0.775674022,-0.080365499,0.772772922,-0.301689057,0.520398380,0.202462958,163,11
1403637230.338319063,-1.350892927,-0.777464833,-0.080925893,0.770765851,-0.306352061,0.518571597,0.207730392,189,11
1403637230.388319016,-1.346097367,-0.780098499,-0.079385274,0.767553898,-0.310436685,0.519402644,0.211449688,164,11
1403637230.438318968,-1.340111267,-0.782956840,-0.075461150,0.763352731,-0.312260674,0.522300391,0.216767572,187,11
1403637230.488318920,-1.334774830,-0.785367611,-0.068017763,0.758948728,-0.312620603,0.526445979,0.221629911,164,11
1403637230.538319111,-1.327489060,-0.787830982,-0.060830165,0.754358647,-0.313398540,0.530783400,0.225817115,171,11
1403637230.588319063,-1.320259032,-0.790227243,-0.051708462,0.749206029,-0.314570764,0.535091058,0.231112784,184,11
1403637230.638319016,-1.313945469,-0.791989620,-0.041966946,0.743652042,-0.319347590,0.538616878,0.234287465,181,11
1403637230.688318968,-1.308977588,-0.792759379,-0.033485475,0.739177963,-0.325227156,0.539747357,0.237730996,185,11
1403637230.738318920,-1.304198312,-0.793305640,-0.023821646,0.735879145,-0.334158625,0.538037336,0.239448788,180,11
1403637230.788319111,-1.299524041,-0.793196645,-0.013287806,0.733960857,-0.344720457,0.533473411,0.240573038,185,11
1403637230.838319063,-1.296826213,-0.792618505,-0.003098357,0.732919569,-0.358176957,0.526204589,0.240097695,172,11
1403637230.888319016,-1.296587788,-0.793087971,0.005544703,0.731457114,-0.371777104,0.517907365,0.241917828,143,11
1403637230.938318968,-1.300180975,-0.793992989,0.012440690,0.728941508,-0.386232671,0.509728333,0.244224545,164,11
1403637230.988318920,-1.299671216,-0.796379898,0.017785140,0.725312357,-0.400253656,0.501779971,0.248869154,164,11
1403637231.038319111,-1.299361853,-0.799929457,0.021460436,0.720509024,-0.414408118,0.493912613,0.255309595,183,11
1403637231.088319063,-1.300303816,-0.803517725,0.023904415,0.713675902,-0.429018981,0.487666058,0.262280834,189,11
1403637231.138319016,-1.302030156,-0.808162910,0.022848212,0.706182845,-0.443451289,0.480857058,0.270985670,172,11
1403637231.188318968,-1.303674427,-0.813350010,0.018669043,0.696591388,-0.459377737,0.475570109,0.278506024,190,11
1403637231.238318920,-1.305838266,-0.819713879,0.010241074,0.686041711,-0.475024735,0.470033657,0.287691907,196,11
1403637231.288319111,-1.310073947,-0.827152560,-0.002105255,0.674955184,-0.490826803,0.464175263,0.296758951,183,11
1403637231.338319063,-1.314702714,-0.836942755,-0.017698752,0.662512679,-0.506369818,0.458830749,0.306823893,190,11
1403637231.388319016,-1.319647932,-0.847964239,-0.036015567,0.649098087,-0.521147425,0.453577027,0.318347162,196,11
1403637231.438318968,-1.325033367,-0.860113607,-0.058622300,0.635194211,-0.536337136,0.447912993,0.329005687,220,11
1403637231.488318920,-1.331287170,-0.872830564,-0.085725152,0.620656845,-0.553249566,0.441613646,0.337160773,198,11
1403637231.538319111,-1.338792774,-0.885988419,-0.116820460,0.606015402,-0.570587938,0.433935369,0.344782299,209,11
1403637231.588319063,-1.347606039,-0.899755216,-0.151293196,0.591921334,-0.587511221,0.424973612,0.351933415,214,11
1403637231.638319016,-1.358226629,-0.914093269,-0.187381750,0.578477793,-0.602095436,0.414915429,0.361510326,175,11
1403637231.688318968,-1.370466943,-0.929567096,-0.222564245,0.565315997,-0.615151030,0.404250553,0.372274797,206,11
1403637231.738318920,-1.397073464,-0.942740841,-0.258308601,0.551069496,-0.627430045,0.396122020,0.381760781,187,11
1403637231.788319111,-1.447965200,-0.953374415,-0.292972803,0.537149294,-0.638268673,0.388237377,0.391606278,172,11
1403637231.838319063,-1.468364306,-0.973578761,-0.322964070,0.524599659,-0.649031049,0.379630386,0.399292706,173,11
1403637231.888319016,-1.486097838,-1.005717219,-0.352432854,0.513167149,-0.659840258,0.370523091,0.404948083,162,11
1403637231.938318968,-1.498443290,-1.039408451,-0.379971358,0.501211689,-0.670073204,0.363417323,0.409532164,138,11
1403637231.988318920,-1.518155991,-1.065888287,-0.400551966,0.489685802,-0.678698329,0.356624715,0.415205017,133,11
1403637232.038319111,-1.544152574,-1.092215592,-0.418681707,0.475209700,-0.684431092,0.354583513,0.424264485,165,11
1403637232.088319063,-1.572213501,-1.119627841,-0.434801317,0.459821845,-0.689066276,0.353739853,0.434303644,134,11
1403637232.138319016,-1.601677986,-1.148056092,-0.450454726,0.445024776,-0.693364541,0.352246988,0.443982681,136,11
1403637232.188318968,-1.631560856,-1.174908562,-0.464504786,0.430775396,-0.698020956,0.350446027,0.452091679,140,11
1403637232.238318920,-1.665224391,-1.198741495,-0.477010574,0.419664328,-0.702553687,0.345243812,0.459463686,121,11
1403637232.288319111,-1.700362359,-1.222842988,-0.486124515,0.409886605,-0.706707315,0.338585219,0.466816657,150,11
1403637232.338319063,-1.736785065,-1.246160286,-0.493349236,0.400523447,-0.709894636,0.331357912,0.475218380,142,11
1403637232.388319016,-1.774781408,-1.267726216,-0.498152812,0.391906503,-0.712503498,0.322882854,0.484246550,163,11
1403637232.438318968,-1.813959229,-1.286859747,-0.501630777,0.382198310,-0.716317123,0.315598844,0.491132977,143,11
1403637232.488318920,-1.853724518,-1.304388161,-0.503384857,0.371349359,-0.721474466,0.309331601,0.495871162,156,11
1403637232.538319111,-1.893321907,-1.318643163,-0.503378675,0.358718327,-0.730875332,0.304822693,0.494191801,165,11
1403637232.588319063,-1.934653060,-1.329964216,-0.502315690,0.346710685,-0.740567485,0.298845501,0.491978524,140,11
1403637232.638319016,-1.977634128,-1.342342591,-0.499503885,0.334278722,-0.750646314,0.292617083,0.489043035,152,11
1403637232.688318968,-2.022164371,-1.352972536,-0.495599843,0.321664131,-0.759800155,0.286521661,0.486971508,140,11
1403637232.738318920,-2.068430205,-1.361636225,-0.490413063,0.310185815,-0.769082502,0.279303195,0.484031601,142,11
1403637232.788319111,-2.117068684,-1.369220461,-0.483374495,0.298819246,-0.777745280,0.272643672,0.481128637,146,11
1403637232.838319063,-2.168597850,-1.374544677,-0.474700429,0.291431862,-0.785065204,0.263883429,0.478649801,131,11
1403637232.888319016,-2.223223945,-1.379847447,-0.465359609,0.286560003,-0.791089778,0.254413066,0.476795888,148,11
1403637232.938318968,-2.281488087,-1.385508441,-0.455244070,0.283304472,-0.796585784,0.245315434,0.474352192,130,11
1403637232.988318920,-2.344427042,-1.392282100,-0.445580928,0.281747934,-0.800014957,0.236986842,0.473741920,160,11
1403637233.038319111,-2.409879282,-1.397771395,-0.433385845,0.281524103,-0.803024919,0.229135842,0.472643549,137,11
1403637233.088319063,-2.477506054,-1.403785667,-0.418982079,0.282224529,-0.805301473,0.222020598,0.471747504,130,11
1403637233.138319016,-2.548420529,-1.410819407,-0.405275932,0.283580748,-0.807306210,0.215983319,0.470308248,146,11
1403637233.188318968,-2.621356972,-1.418774572,-0.392725610,0.285707787,-0.809903750,0.210542094,0.467010710,128,11
1403637233.238318920,-2.697731867,-1.427739842,-0.381181257,0.287192827,-0.811771484,0.207123060,0.464378484,145,11
1403637233.288319111,-2.777801612,-1.438449573,-0.372083098,0.289863992,-0.813462674,0.203405062,0.461393243,136,11
1403637233.338319063,-2.861525776,-1.451733541,-0.364462757,0.292032322,-0.815123263,0.201311074,0.458001136,135,11
1403637233.388319016,-2.947362934,-1.467118877,-0.358321543,0.294644835,-0.816813550,0.199250812,0.454201672,139,11
1403637233.438318968,-3.038467242,-1.485820151,-0.355622814,0.298228333,-0.817499091,0.196256430,0.451927551,122,11
1403637233.488318920,-3.129874467,-1.504198928,-0.354126587,0.304548817,-0.815265957,0.190666901,0.454133867,139,11
1403637233.538319111,-3.225969475,-1.526990170,-0.356611052,0.313923712,-0.809282108,0.182443464,0.461766993,112,11
1403637233.588319063,-3.322806495,-1.550540620,-0.360192992,0.325046839,-0.799089090,0.172277437,0.475522516,140,11
1403637233.638319016,-3.420307438,-1.576598438,-0.369035458,0.336105800,-0.786318999,0.162395354,0.492303841,132,11
1403637233.688318968,-3.518132057,-1.608593556,-0.380771856,0.345402859,-0.773626063,0.153880365,0.508449027,130,11
1403637233.738318920,-3.612471033,-1.641505750,-0.393621491,0.353648694,-0.761551516,0.146278327,0.523043536,140,11
1403637233.788319111,-3.704548987,-1.678323090,-0.409090636,0.360014486,-0.750769637,0.139731263,0.535919487,129,11
1403637233.838319063,-3.794804046,-1.719135330,-0.424985818,0.364446369,-0.742822572,0.134915086,0.545152630,148,11
1403637233.888319016,-3.880508802,-1.763415049,-0.442183297,0.367815924,-0.736710873,0.131006039,0.552092342,136,11
1403637233.938318968,-3.962259001,-1.812543996,-0.459982239,0.370447577,-0.732792088,0.127518755,0.556348197,153,11
1403637233.988318920,-4.036373174,-1.865259594,-0.478886385,0.372862368,-0.729920453,0.124043969,0.559287833,155,11
1403637234.038319111,-4.109907578,-1.922952286,-0.500359703,0.375744402,-0.725721314,0.120088520,0.563669643,142,11
1403637234.088319063,-4.178003364,-1.984414236,-0.521442709,0.378122767,-0.721141884,0.117086875,0.568566812,147,11
1403637234.138319016,-4.239858036,-2.049528618,-0.543611411,0.380895622,-0.716024964,0.112339043,0.574113853,123,11
1403637234.188318968,-4.294569411,-2.118379607,-0.567208019,0.382701559,-0.711732353,0.108661315,0.578938074,129,11
1403637234.238318920,-4.352542332,-2.194817747,-0.591705587,0.382306184,-0.709631483,0.108169369,0.581862980,132,11
1403637234.288319111,-4.392908833,-2.271380245,-0.615667164,0.379923222,-0.708420848,0.110443487,0.584465981,120,11
1403637234.338319063,-4.430415235,-2.353549935,-0.641561479,0.376252956,-0.708372706,0.115555462,0.585908489,125,11
1403637234.388319016,-4.459227958,-2.439175005,-0.667359795,0.371442618,-0.709693797,0.123459596,0.585766868,109,11
1403637234.438318968,-4.484095978,-2.528756196,-0.694394779,0.366630676,-0.711200462,0.134789318,0.584472147,132,11
1403637234.488318920,-4.502911670,-2.621629370,-0.720625674,0.363890565,-0.711424850,0.145326940,0.583385310,130,11
1403637234.538319111,-4.515831344,-2.716826028,-0.747904546,0.361244182,-0.710715066,0.158337611,0.582508315,146,11
1403637234.588319063,-4.524903999,-2.814095864,-0.776783075,0.359494429,-0.710463198,0.171505526,0.580165196,161,11
1403637234.638319016,-4.527103245,-2.911915586,-0.805949067,0.359273205,-0.709019668,0.183999922,0.578236892,143,11
1403637234.688318968,-4.527616274,-3.010907522,-0.836892489,0.360564047,-0.707001854,0.195676061,0.576066684,156,11
1403637234.738318920,-4.525438032,-3.111476707,-0.868083843,0.361939063,-0.705893247,0.208418160,0.572081034,140,11
1403637234.788319111,-4.518319725,-3.211522341,-0.901382360,0.363703588,-0.704762067,0.221928578,0.567254647,142,11
1403637234.838319063,-4.506960897,-3.310493946,-0.934840882,0.366238324,-0.703187770,0.234599402,0.562458506,142,11
1403637234.888319016,-4.492463595,-3.408940215,-0.967507656,0.368434192,-0.702873648,0.248736096,0.555297430,152,11
1403637234.938318968,-4.472281129,-3.504044915,-0.998491695,0.371891082,-0.700759168,0.262046132,0.549513818,154,11
1403637234.988318920,-4.451088273,-3.597488607,-1.027871629,0.377202175,-0.698114855,0.272107272,0.544345295,134,11
1403637235.038319111,-4.429007800,-3.689254585,-1.054686001,0.384724204,-0.693731450,0.278966112,0.541204093,136,11
1403637235.088319063,-4.405200362,-3.779952135,-1.078129134,0.393421535,-0.688879173,0.284949367,0.538023084,146,11
1403637235.138319016,-4.377556757,-3.866649432,-1.100170767,0.402687141,-0.683848788,0.290483272,0.534615161,123,11
1403637235.188318968,-4.349719590,-3.952782344,-1.120400424,0.411529072,-0.678438482,0.296214028,0.531622328,156,11
1403637235.238318920,-4.318969095,-4.035636707,-1.138053712,0.419631373,-0.673967404,0.301283052,0.528115491,137,11
1403637235.288319111,-4.286259012,-4.115396313,-1.154702669,0.427807257,-0.671104780,0.303818060,0.523730762,142,11
1403637235.338319063,-4.253316199,-4.194286862,-1.170054946,0.435878826,-0.669788227,0.304101968,0.518570509,151,11
1403637235.388319016,-4.217746064,-4.271201520,-1.185299742,0.442721639,-0.672337779,0.303430043,0.509793753,148,11
1403637235.438318968,-4.179798772,-4.345318825,-1.200196514,0.449014483,-0.675021829,0.303172664,0.500817192,141,11
1403637235.488318920,-4.140902037,-4.418730395,-1.214239248,0.455955906,-0.677188833,0.302604193,0.491884334,148,11
1403637235.538319111,-4.102579113,-4.493185471,-1.226639927,0.461969391,-0.678620528,0.303584646,0.483626740,159,11
1403637235.588319063,-4.063551561,-4.567733250,-1.236253720,0.469005421,-0.677278932,0.303392564,0.478832032,145,11
1403637235.638319016,-4.023113945,-4.640720237,-1.244136563,0.474739242,-0.674987194,0.305902866,0.474803514,138,11
1403637235.688318968,-3.982172908,-4.714621770,-1.249443825,0.480071393,-0.670642830,0.309478278,0.473278827,153,11
1403637235.738318920,-3.939863787,-4.789071005,-1.252040678,0.485243669,-0.663484822,0.314201469,0.474977799,112,11
1403637235.788319111,-3.896620278,-4.863294387,-1.251211879,0.491984356,-0.653649925,0.317040675,0.479769089,154,11
1403637235.838319063,-3.852462329,-4.938784405,-1.248080463,0.499381194,-0.640701625,0.319566109,0.487849723,151,11
1403637235.888319016,-3.805555919,-5.013428046,-1.244066077,0.507310363,-0.629077656,0.321618695,0.493415559,152,11
1403637235.938318968,-3.756074275,-5.088071260,-1.238115683,0.517009805,-0.616848036,0.321168109,0.499049504,148,11
1403637235.988318920,-3.702227523,-5.159926842,-1.231421809,0.525818708,-0.608497299,0.322605208,0.499170916,147,11
1403637236.038319111,-3.645269748,-5.232620806,-1.222956703,0.535121325,-0.598712588,0.323685745,0.500415770,137,11
1403637236.088319063,-3.583603017,-5.302915520,-1.213891549,0.543291874,-0.591552455,0.326309847,0.498419017,130,11
1403637236.138319016,-3.518171740,-5.371715252,-1.201976918,0.551754679,-0.583782384,0.328781236,0.496656623,152,11
1403637236.188318968,-3.448711395,-5.439726708,-1.188311165,0.560184270,-0.577452009,0.331384720,0.492876181,142,11
1403637236.238318920,-3.374776515,-5.506839485,-1.172307485,0.567643108,-0.569892733,0.335097907,0.490625079,133,11
1403637236.288319111,-3.296526373,-5.572889039,-1.154529539,0.574225460,-0.564011163,0.340650073,0.485915689,138,11
1403637236.338319063,-3.214172404,-5.637366315,-1.135195773,0.580557834,-0.557855816,0.346714795,0.481184311,136,11
1403637236.388319016,-3.126873254,-5.699441908,-1.114140555,0.586113367,-0.552383850,0.353798804,0.475572928,139,11
1403637236.438318968,-3.036180477,-5.761568035,-1.091767142,0.590688979,-0.548129179,0.361233819,0.469202580,132,11
1403637236.488318920,-2.941708117,-5.821273937,-1.067484868,0.593675669,-0.544458847,0.369541575,0.463198433,136,11
1403637236.538319111,-2.844727923,-5.881311832,-1.042170663,0.596136483,-0.541340829,0.376154113,0.458344286,130,11
1403637236.588319063,-2.745157187,-5.940437725,-1.017298312,0.597430155,-0.538609912,0.382286612,0.454789533,129,11
1403637236.638319016,-2.644157881,-5.998910812,-0.993605623,0.597769864,-0.534635487,0.387891663,0.454286412,140,11
1403637236.688318968,-2.540655114,-6.055858176,-0.971707497,0.598560195,-0.531111123,0.392570913,0.453359400,141,11
1403637236.738318920,-2.433841877,-6.110171400,-0.951713387,0.598167011,-0.525659458,0.399746444,0.453961608,163,11
1403637236.788319111,-2.324254470,-6.162317271,-0.931728393,0.598384406,-0.520084881,0.407012543,0.453639295,179,11
1403637236.838319063,-2.213090666,-6.211062776,-0.911221389,0.598154219,-0.514390602,0.416222565,0.452075895,180,11
1403637236.888319016,-2.099279952,-6.257452209,-0.888140154,0.597276703,-0.507253368,0.427609275,0.450671575,162,11
1403637236.938318968,-1.983794810,-6.301042428,-0.862862778,0.595683735,-0.499550914,0.439696926,0.449751471,160,11
1403637236.988318920,-1.867290330,-6.340045987,-0.836347226,0.593512939,-0.491319446,0.450918901,0.450577117,166,11
1403637237.038319111,-1.750000572,-6.375926571,-0.807856690,0.589727719,-0.483546485,0.463110906,0.451588644,155,11
1403637237.088319063,-1.631832239,-6.405002628,-0.778670839,0.586223350,-0.476424083,0.474604740,0.451788245,168,11
1403637237.138319016,-1.512874987,-6.428467587,-0.747757492,0.582798786,-0.469574923,0.486841676,0.450366682,164,11
1403637237.188318968,-1.393955759,-6.446690650,-0.714225013,0.581394510,-0.464630745,0.497204213,0.445967112,171,11
1403637237.238318920,-1.275371026,-6.454810759,-0.681125627,0.582736962,-0.460339466,0.505222477,0.439608300,149,11
1403637237.288319111,-1.158568033,-6.458830639,-0.644769590,0.586137583,-0.457051035,0.511029621,0.431735812,150,11
1403637237.338319063,-1.043092040,-6.454953638,-0.607231014,0.590556867,-0.453694803,0.514076095,0.425592976,165,11
1403637237.388319016,-0.929120408,-6.447152208,-0.568252512,0.594109651,-0.451501043,0.517499383,0.418777888,174,11
1403637237.438318968,-0.817115562,-6.431394555,-0.528001336,0.596688291,-0.449461001,0.521131659,0.412758628,174,11
1403637237.488318920,-0.707447784,-6.406435028,-0.487972973,0.599710361,-0.447327774,0.522967560,0.408350679,175,11
1403637237.538319111,-0.599843698,-6.377580931,-0.445388997,0.601637916,-0.446338901,0.525622279,0.403155829,187,11
1403637237.588319063,-0.494278030,-6.342717768,-0.400997821,0.603150207,-0.445899549,0.527866596,0.398422235,193,11
1403637237.638319016,-0.391165710,-6.300518121,-0.355583329,0.602974700,-0.446084220,0.531661088,0.393404204,195,11
1403637237.688318968,-0.292442353,-6.252702307,-0.308927500,0.602348588,-0.446533616,0.535679248,0.388370509,196,11
1403637237.738318920,-0.196145644,-6.194704504,-0.265181728,0.601814913,-0.448605065,0.538678427,0.382619731,185,11
1403637237.788319111,-0.102555272,-6.138277565,-0.219639747,0.601323992,-0.451192539,0.540985911,0.377053037,208,11
1403637237.838319063,-0.015467191,-6.070275821,-0.177655817,0.600971414,-0.456100792,0.541077556,0.371538027,180,11
1403637237.888319016,0.069271271,-6.002936268,-0.138547089,0.600574936,-0.462790965,0.539242058,0.366540955,182,11
1403637237.938318968,0.154420629,-5.935080456,-0.102543682,0.599354900,-0.470753412,0.536562523,0.362305933,187,11
1403637237.988318920,0.233597137,-5.864332201,-0.066474314,0.598172889,-0.480366556,0.531813655,0.358624320,195,11
1403637238.038319111,0.309803762,-5.792017647,-0.033101181,0.595881676,-0.491806032,0.526934155,0.354107684,185,11
1403637238.088319063,0.379213860,-5.710185317,-0.003540416,0.591784310,-0.505886569,0.522387331,0.347824072,172,11
1403637238.138319016,0.447582964,-5.634481192,0.027420486,0.586501904,-0.520167880,0.517310557,0.343264737,166,11
1403637238.188318968,0.510662929,-5.555601828,0.056984665,0.579006599,-0.535366816,0.512961774,0.339122321,163,11
1403637238.238318920,0.570102308,-5.475355938,0.085400769,0.570015309,-0.550976774,0.508467995,0.336106294,163,11
1403637238.288319111,0.623505806,-5.395738610,0.112926354,0.558942497,-0.567149338,0.504523469,0.333737895,156,11
1403637238.338319063,0.674301684,-5.313908264,0.139090157,0.547466475,-0.583365629,0.499593540,0.332221758,142,11
1403637238.388319016,0.715731541,-5.232490300,0.163764455,0.533491913,-0.598883315,0.495612304,0.333307062,166,11
1403637238.438318968,0.749742133,-5.147462595,0.185798448,0.519388855,-0.613918965,0.490851674,0.335266096,148,11
1403637238.488318920,0.780435340,-5.064548401,0.207320392,0.504821530,-0.627857497,0.485773807,0.339078153,138,11
1403637238.538319111,0.803983302,-4.978826426,0.229741310,0.491544352,-0.641187017,0.478887013,0.343410233,144,11
1403637238.588319063,0.819318114,-4.893014969,0.249451317,0.479107134,-0.654165115,0.471463531,0.346765764,156,11
1403637238.638319016,0.828174849,-4.806671833,0.268279661,0.468388845,-0.668644015,0.463407682,0.344645314,149,11
1403637238.688318968,0.833991197,-4.719999799,0.287883516,0.462126631,-0.682705299,0.452369906,0.340167488,160,11
1403637238.738318920,0.831167759,-4.633948517,0.304695321,0.458160286,-0.696514059,0.440787685,0.332661291,166,11
1403637238.788319111,0.820021808,-4.549312186,0.320725787,0.455825749,-0.709577678,0.428585833,0.324093488,158,11
1403637238.838319063,0.798899500,-4.465203286,0.337861459,0.454671105,-0.721830892,0.416453640,0.314325810,153,11
1403637238.888319016,0.770239152,-4.383951796,0.355167124,0.454772613,-0.732894804,0.404216552,0.304394573,154,11
1403637238.938318968,0.739205895,-4.300030642,0.375073459,0.455941575,-0.742674091,0.392089920,0.294648892,133,11
1403637238.988318920,0.694109353,-4.225836590,0.391187463,0.457869446,-0.750295509,0.380527344,0.287421573,169,11
1403637239.038319111,0.640746619,-4.154495958,0.408562323,0.461494910,-0.753883375,0.369449319,0.286687121,152,11
1403637239.088319063,0.577596456,-4.089853602,0.427384722,0.465867969,-0.754590639,0.359425302,0.290471091,152,11
1403637239.138319016,0.503280345,-4.035445884,0.448877706,0.469843866,-0.751283553,0.351252685,0.302392651,142,11
1403637239.188318968,0.422651362,-3.985334686,0.470440772,0.472309841,-0.746181330,0.345002021,0.317978682,179,11
1403637239.238318920,0.334622603,-3.942158771,0.491585203,0.471901121,-0.740635718,0.341207584,0.335179728,165,11
1403637239.288319111,0.242537763,-3.902495010,0.512388200,0.469489284,-0.736860251,0.338407074,0.349424433,155,11
1403637239.338319063,0.146887045,-3.864105165,0.531138880,0.465201490,-0.735426354,0.335405151,0.360886459,163,11
1403637239.388319016,0.046978039,-3.829764092,0.547330404,0.458409388,-0.736547728,0.332923219,0.369486680,159,11
1403637239.438318968,-0.056221681,-3.799250879,0.560135076,0.450190794,-0.739432655,0.329692397,0.376657033,150,11
1403637239.488318920,-0.162606013,-3.770865415,0.571023420,0.441405371,-0.742846830,0.325325187,0.384061725,170,11
1403637239.538319111,-0.271526778,-3.744240124,0.575222345,0.431214306,-0.746232164,0.320982900,0.392634381,132,11
1403637239.588319063,-0.383426857,-3.719179659,0.577959812,0.420897781,-0.750063145,0.315531156,0.400862102,153,11
1403637239.638319016,-0.498118936,-3.698027197,0.576201118,0.410375944,-0.754119283,0.309071812,0.409109163,153,11
1403637239.688318968,-0.615971460,-3.677230462,0.569534527,0.398776023,-0.757440132,0.303361438,0.418609564,145,11
1403637239.738318920,-0.737352683,-3.655670265,0.556577368,0.387674112,-0.757979209,0.297202952,0.432257685,132,11
1403637239.788319111,-0.861462967,-3.639598071,0.542410038,0.375762554,-0.757126655,0.291635457,0.447783979,142,11
1403637239.838319063,-0.987937331,-3.623345078,0.523944631,0.365038797,-0.754594019,0.283770603,0.465627306,158,11
1403637239.888319016,-1.114871983,-3.606191207,0.502929526,0.353572465,-0.752822327,0.276321600,0.481551066,152,11
1403637239.938318968,-1.241807429,-3.588908264,0.480587972,0.341271063,-0.752520574,0.269281261,0.494706429,164,11
1403637239.988318920,-1.369195350,-3.571615782,0.456233235,0.329537257,-0.752367450,0.260387372,0.507490723,160,11
1403637240.038319111,-1.495729523,-3.553547786,0.429461192,0.317492569,-0.753496352,0.251417033,0.517910409,156,11
1403637240.088319063,-1.622131935,-3.535164324,0.402165839,0.304724873,-0.756095591,0.243242286,0.525638088,152,11
1403637240.138319016,-1.747458899,-3.514975649,0.372924264,0.292060848,-0.760065608,0.233798448,0.531355830,144,11
1403637240.188318968,-1.870683322,-3.491460608,0.343479492,0.279462385,-0.764268698,0.224961797,0.535897679,153,11
1403637240.238318920,-1.991696562,-3.469765824,0.313023400,0.268049050,-0.769662416,0.215144345,0.538035671,156,11
1403637240.288319111,-2.110760793,-3.447093025,0.279479714,0.258076488,-0.776843980,0.205006472,0.536546646,133,11
1403637240.338319063,-2.229077089,-3.421872962,0.244493724,0.251491930,-0.783821308,0.194486286,0.533433267,146,11
1403637240.388319016,-2.347164005,-3.398703869,0.210647668,0.246556629,-0.790982011,0.183829636,0.528927171,132,11
1403637240.438318968,-2.465427229,-3.380847300,0.178330321,0.244497881,-0.797387775,0.172081835,0.524195922,139,11
1403637240.488318920,-2.583786912,-3.363654614,0.147344356,0.243129758,-0.802490729,0.162375454,0.520125717,138,11
1403637240.538319111,-2.703650306,-3.345584780,0.118905027,0.242167416,-0.805963317,0.154813626,0.517504410,146,11
1403637240.588319063,-2.821258118,-3.327820521,0.093530075,0.240127021,-0.807838524,0.151094976,0.516629694,139,11
1403637240.638319016,-2.941007869,-3.314731400,0.070976277,0.239700858,-0.808353852,0.147445277,0.517075853,153,11
1403637240.688318968,-3.060498693,-3.303166202,0.050417641,0.240059672,-0.807887608,0.144722502,0.518405599,139,11
1403637240.738318920,-3.178872139,-3.294097120,0.033392758,0.239193265,-0.807213391,0.144207301,0.519997478,134,11
1403637240.788319111,-3.297808589,-3.288685079,0.018371664,0.239705703,-0.804648070,0.143489645,0.523921159,133,11
1403637240.838319063,-3.417578708,-3.294096899,0.004879904,0.241959352,-0.798543208,0.141881629,0.532591795,120,11
1403637240.888319016,-3.537392920,-3.291212357,-0.006578524,0.242071115,-0.791629769,0.143860887,0.542243423,91,11
1403637240.938318968,-3.656812909,-3.290390751,-0.017499963,0.243306402,-0.785540724,0.144497123,0.550316588,118,11
1403637240.988318920,-3.774208064,-3.288118452,-0.027671171,0.244384994,-0.781473722,0.145635233,0.555306380,135,11
1403637241.038319111,-3.889887889,-3.286626753,-0.039449139,0.244808162,-0.780552524,0.147284301,0.555980265,156,11
1403637241.088319063,-4.005038901,-3.286800990,-0.054695092,0.245110508,-0.781468667,0.149855658,0.553868976,149,11
1403637241.138319016,-4.115979783,-3.286030707,-0.070655804,0.246617470,-0.782065174,0.150882058,0.552076527,153,11
1403637241.188318968,-4.226567394,-3.288828633,-0.089259650,0.248214962,-0.782455140,0.151703482,0.550580912,152,11
1403637241.238318920,-4.337223406,-3.292582593,-0.108716993,0.251653229,-0.781232578,0.149874936,0.551256579,157,11
1403637241.288319111,-4.445077851,-3.298076497,-0.129059254,0.255429593,-0.780156698,0.147492601,0.551685764,156,11
1403637241.338319063,-4.549902245,-3.305079841,-0.149242989,0.258513628,-0.778398762,0.146113300,0.553097618,146,11
1403637241.388319016,-4.654011059,-3.312853032,-0.171085149,0.262540023,-0.776234574,0.142861036,0.555088594,156,11
1403637241.438318968,-4.755452272,-3.322195605,-0.193049159,0.266338789,-0.774524506,0.139921285,0.556414839,159,11
1403637241.488318920,-4.852371899,-3.332625029,-0.214169114,0.269973820,-0.771965660,0.136931983,0.558956875,128,11
1403637241.538319111,-4.946949468,-3.346577703,-0.232749535,0.273658127,-0.767920628,0.133798029,0.563477796,130,11
1403637241.588319063,-5.038929611,-3.362385150,-0.250019242,0.276700487,-0.765061509,0.131854481,0.566332168,133,11
1403637241.638319016,-5.127677709,-3.380360465,-0.264744292,0.278031207,-0.762066600,0.131956289,0.569684722,148,11
1403637241.688318968,-5.211892233,-3.402321231,-0.278348684,0.278545154,-0.758036315,0.133377192,0.574459804,140,11
1403637241.738318920,-5.290814061,-3.423636965,-0.288463131,0.279129110,-0.753926916,0.134557452,0.579288735,131,11
1403637241.788319111,-5.365709772,-3.448029175,-0.297751888,0.278717559,-0.750085705,0.136344874,0.584035985,136,11
1403637241.838319063,-5.434625555,-3.472969488,-0.305371071,0.277106742,-0.746697528,0.139883143,0.588291902,166,11
1403637241.888319016,-5.502010328,-3.500878126,-0.310840613,0.272874247,-0.745060673,0.147138668,0.590571292,164,11
1403637241.938318968,-5.563902662,-3.529556949,-0.314845823,0.266322629,-0.743292994,0.158084957,0.592956093,149,11
1403637241.988318920,-5.621541408,-3.558833974,-0.318019630,0.261281713,-0.741395220,0.166304278,0.595321662,149,11
1403637242.038319111,-5.675930965,-3.587562850,-0.319995804,0.257908836,-0.739495103,0.171077856,0.597797952,152,11
1403637242.088319063,-5.727618271,-3.614877052,-0.320797480,0.257375488,-0.739144883,0.170531002,0.598616637,130,11
1403637242.138319016,-5.771665319,-3.642537815,-0.319045672,0.258956380,-0.739760044,0.167004786,0.598168933,122,11
1403637242.188318968,-5.811715694,-3.669583508,-0.316365156,0.261642438,-0.740805968,0.161600816,0.597189190,132,11
1403637242.238318920,-5.847467744,-3.696667778,-0.311624727,0.264170527,-0.741139952,0.156760567,0.596951949,130,11
1403637242.288319111,-5.880254559,-3.723691146,-0.306875954,0.266296252,-0.741262111,0.152196216,0.597036935,134,11
1403637242.338319063,-5.908781903,-3.749981690,-0.302629578,0.269285740,-0.739903602,0.146320044,0.598847472,119,11
1403637242.388319016,-5.925143986,-3.777829473,-0.296180131,0.272216550,-0.737593495,0.140506566,0.601757336,103,11
1403637242.438318968,-5.947377482,-3.805899783,-0.295716830,0.274734378,-0.734770181,0.135654925,0.605170674,133,11
1403637242.488318920,-5.964693702,-3.834762905,-0.296885814,0.276479436,-0.732172146,0.131711752,0.608387282,135,11
1403637242.538319111,-5.977119422,-3.864909006,-0.298660686,0.277754250,-0.730085603,0.130855897,0.610495146,134,11
1403637242.588319063,-5.984263428,-3.896491646,-0.300189707,0.279492535,-0.727762107,0.133093354,0.611990521,130,11
1403637242.638319016,-5.986169219,-3.929406346,-0.301131085,0.282209563,-0.726740751,0.137857786,0.610901689,127,11
1403637242.688318968,-5.979889043,-3.963357191,-0.300473027,0.285982180,-0.725809904,0.144526975,0.608708575,113,11
1403637242.738318920,-5.972079977,-3.998529859,-0.298124470,0.290088901,-0.724934775,0.153836625,0.605518203,93,11
1403637242.788319111,-5.959973969,-4.034197382,-0.294442727,0.292751079,-0.724342711,0.165216644,0.601936793,99,11
1403637242.838319063,-5.942846042,-4.070025951,-0.288052367,0.294914233,-0.722281158,0.175928022,0.600320627,117,11
1403637242.888319016,-5.920908006,-4.105194654,-0.280645767,0.297102811,-0.720390535,0.185335715,0.598680273,124,11
1403637242.938318968,-5.894553956,-4.140089418,-0.271483203,0.300202699,-0.717084458,0.191431010,0.599184769,117,11
1403637242.988318920,-5.866081589,-4.175619049,-0.259408020,0.303357004,-0.714034902,0.195865722,0.599804390,110,11
1403637243.038319111,-5.832394529,-4.209589586,-0.249148951,0.307807435,-0.712831925,0.196658276,0.598707569,137,11
1403637243.088319063,-5.795358542,-4.242179051,-0.240073629,0.312548613,-0.712029655,0.195149478,0.597698767,135,11
1403637243.138319016,-5.754587134,-4.274133019,-0.232839302,0.316989897,-0.712171246,0.192978800,0.595893199,145,11
1403637243.188318968,-5.710294487,-4.305443119,-0.228195618,0.319585367,-0.715069953,0.192522800,0.591164213,155,11
1403637243.238318920,-5.663021602,-4.336644136,-0.225472271,0.320915459,-0.719135347,0.193397584,0.585196544,152,11
1403637243.288319111,-5.611784142,-4.366470329,-0.224528517,0.321073355,-0.722451818,0.195132766,0.580429560,153,11
1403637243.338319063,-5.558495079,-4.396512579,-0.225230048,0.321192969,-0.725554811,0.196550286,0.575997637,149,11
1403637243.388319016,-5.502734030,-4.426727466,-0.228003374,0.320546084,-0.727729224,0.198300527,0.573007231,137,11
1403637243.438318968,-5.444414465,-4.456207609,-0.231449117,0.319038684,-0.729723036,0.200273443,0.570621728,154,11
1403637243.488318920,-5.383524734,-4.485051240,-0.234084055,0.318724360,-0.730189349,0.200897637,0.569981084,152,11
1403637243.538319111,-5.321320066,-4.515019182,-0.236131253,0.317466158,-0.732082489,0.202310447,0.567750782,133,11
1403637243.588319063,-5.254779600,-4.542217579,-0.237494709,0.315906279,-0.736014671,0.204243025,0.562823608,120,11
1403637243.638319016,-5.188054706,-4.570644720,-0.237162655,0.314279868,-0.739888126,0.206111852,0.557953072,162,11
1403637243.688318968,-5.120394644,-4.599525789,-0.234318060,0.312875947,-0.744799510,0.207185068,0.551775932,149,11
1403637243.738318920,-5.052225072,-4.628796049,-0.228640984,0.310071952,-0.748102038,0.209716902,0.547921113,180,11
1403637243.788319111,-4.983322638,-4.657656117,-0.221563406,0.306534977,-0.753559778,0.213420380,0.540958141,168,11
1403637243.838319063,-4.914057352,-4.686101134,-0.211904314,0.301695551,-0.759107624,0.219007563,0.533639482,175,11
1403637243.888319016,-4.845328919,-4.714027975,-0.200069929,0.298342142,-0.763483899,0.221693465,0.528144214,167,11
1403637243.938318968,-4.776704071,-4.740084123,-0.185654195,0.294636874,-0.767054580,0.225451861,0.523438480,163,11
1403637243.988318920,-4.709138130,-4.765241244,-0.167560268,0.292929175,-0.768569101,0.225984253,0.521943630,148,11
1403637244.038319111,-4.643419506,-4.789607958,-0.147916890,0.291791520,-0.769289619,0.225735901,0.521626776,171,11
1403637244.088319063,-4.578933995,-4.813080020,-0.126040141,0.290632152,-0.769740377,0.225332296,0.521783539,170,11
1403637244.138319016,-4.515527019,-4.835223896,-0.102065860,0.290521777,-0.769860266,0.223541202,0.522438130,157,11
1403637244.188318968,-4.454344995,-4.857797740,-0.075900899,0.289757329,-0.769177001,0.222622885,0.524258030,128,11
1403637244.238318920,-4.394539418,-4.880055135,-0.048558361,0.288810697,-0.768885115,0.221987931,0.525476374,169,11
1403637244.288319111,-4.336610648,-4.902145017,-0.019325853,0.288187768,-0.769853987,0.221707649,0.524517271,139,11
1403637244.338319063,-4.279251916,-4.923037440,0.010279754,0.287720107,-0.771167493,0.220677286,0.523277529,165,11
1403637244.388319016,-4.223400030,-4.944128909,0.041023026,0.287968413,-0.772945448,0.220869438,0.520428880,142,11
1403637244.438318968,-4.168277156,-4.963514422,0.073060649,0.290411200,-0.773799212,0.220602480,0.517909895,158,11
1403637244.488318920,-4.115643469,-4.983814799,0.107104421,0.294980566,-0.773432282,0.219476948,0.516351470,173,11
1403637244.538319111,-4.064202391,-5.003531079,0.141593945,0.302431208,-0.771257556,0.216990169,0.516345247,174,11
1403637244.588319063,-4.014395877,-5.023629741,0.175136100,0.311037166,-0.768932215,0.214511976,0.515736117,158,11
1403637244.638319016,-3.965723236,-5.044485326,0.207060432,0.320495728,-0.766295028,0.212181793,0.514833279,176,11
1403637244.688318968,-3.917575395,-5.065901793,0.237416232,0.329434892,-0.763603508,0.211776475,0.513354710,172,11
1403637244.738318920,-3.870624132,-5.087936112,0.266478863,0.337518778,-0.761072968,0.212594330,0.511519953,156,11
1403637244.788319111,-3.824406056,-5.111382686,0.293808978,0.344172748,-0.758853464,0.213864312,0.509851544,126,11
1403637244.838319063,-3.779008818,-5.135952020,0.319483891,0.349639137,-0.756966690,0.215442319,0.508270117,163,11
1403637244.888319016,-3.733332813,-5.161085865,0.343083115,0.354319128,-0.755222719,0.217524283,0.506734434,138,11
1403637244.938318968,-3.689021971,-5.187786204,0.365725285,0.357426023,-0.754788452,0.220327087,0.503981156,180,11
1403637244.988318920,-3.646485587,-5.216135667,0.387120377,0.359654656,-0.755212877,0.223123837,0.500517524,163,11
1403637245.038319111,-3.604555644,-5.245060712,0.406306392,0.359334747,-0.757770535,0.227341189,0.494952866,156,11
1403637245.088319063,-3.563234187,-5.274708997,0.423315226,0.357044786,-0.762641888,0.233400517,0.486230984,160,11
1403637245.138319016,-3.523803741,-5.305655639,0.438439500,0.355074878,-0.767438901,0.238183702,0.477732026,158,11
1403637245.188318968,-3.486831907,-5.337500418,0.451296820,0.354250195,-0.771175476,0.240080606,0.471334794,145,11
1403637245.238318920,-3.452700474,-5.370483741,0.465329782,0.356100687,-0.770557996,0.238806798,0.471597274,166,11
1403637245.288319111,-3.420718600,-5.404367467,0.479185116,0.358327200,-0.767411345,0.236428530,0.476217383,166,11
1403637245.338319063,-3.391542474,-5.440065690,0.491979179,0.361439019,-0.763873184,0.232301269,0.481555516,156,11
1403637245.388319016,-3.363967886,-5.477051197,0.503828096,0.363325221,-0.760682715,0.230425756,0.486066418,125,11
1403637245.438318968,-3.337892416,-5.515933857,0.514851322,0.366158335,-0.757656635,0.228792263,0.489426805,161,11
1403637245.488318920,-3.310102985,-5.553974906,0.521199751,0.369479675,-0.754969618,0.228553931,0.491191151,144,11
1403637245.538319111,-3.284919261,-5.595569967,0.528771317,0.372945506,-0.752761873,0.230325328,0.491132828,179,11
1403637245.588319063,-3.258894196,-5.637659462,0.534192312,0.378079795,-0.749945766,0.231336833,0.491040005,165,11
1403637245.638319016,-3.234887540,-5.681830057,0.536168685,0.383116107,-0.747905444,0.234575527,0.488706268,162,11
1403637245.688318968,-3.209464316,-5.727005035,0.538507419,0.389435083,-0.745010314,0.237627616,0.486654975,157,11
1403637245.738318920,-3.185068848,-5.774867601,0.539077591,0.395364152,-0.740623937,0.243541037,0.485645071,179,11
1403637245.788319111,-3.162951255,-5.824249785,0.538276548,0.401437995,-0.733719180,0.252203452,0.486720783,155,11
1403637245.838319063,-3.140166135,-5.875726480,0.538142753,0.408683655,-0.724081963,0.262069083,0.489900783,160,11
1403637245.888319016,-3.116453549,-5.927448273,0.536090451,0.416948398,-0.714473347,0.272414951,0.491397969,194,11
1403637245.938318968,-3.092166860,-5.979441502,0.532639770,0.426305428,-0.704859683,0.283499944,0.490982985,170,11
1403637245.988318920,-3.067695442,-6.030539589,0.529056823,0.437499803,-0.694753649,0.293843418,0.489456162,143,11
1403637246.038319111,-3.042584801,-6.083635608,0.523235962,0.449970776,-0.684274882,0.304252831,0.486543320,132,11
1403637246.088319063,-3.018395282,-6.136998396,0.516325803,0.462932744,-0.673485597,0.315848150,0.482027355,147,11
1403637246.138319016,-2.991990093,-6.189016952,0.508070703,0.477175990,-0.661666841,0.327179597,0.476920933,171,11
1403637246.188318968,-2.965063899,-6.240337194,0.498566929,0.491878378,-0.649642124,0.338881691,0.470297747,161,11
1403637246.238318920,-2.937928190,-6.290711885,0.488399777,0.506483914,-0.637052561,0.351296005,0.462849000,176,11
1403637246.288319111,-2.910553540,-6.340408391,0.476599420,0.522241989,-0.623979464,0.362253285,0.454626760,175,11
1403637246.338319063,-2.882641281,-6.389084046,0.464217798,0.537950734,-0.609214477,0.373768347,0.446949608,172,11
1403637246.388319016,-2.854245416,-6.436413225,0.451158729,0.554361419,-0.593336870,0.383608006,0.439863245,171,11
1403637246.438318968,-2.829710449,-6.486819742,0.437515003,0.571030187,-0.576473886,0.391907304,0.433602410,154,11
1403637246.488318920,-2.799155512,-6.533272752,0.422288161,0.585997341,-0.558707119,0.401204635,0.428355358,155,11
1403637246.538319111,-2.767434728,-6.578409597,0.405999614,0.598749250,-0.541769403,0.411904113,0.422279827,158,11
1403637246.588319063,-2.734841395,-6.622184455,0.389107768,0.610721127,-0.523867154,0.421752189,0.417980863,166,11
1403637246.638319016,-2.700342534,-6.664821239,0.370746478,0.621135454,-0.507592001,0.432625727,0.411553265,119,11
1403637246.688318968,-2.666392499,-6.704095919,0.352535895,0.629664942,-0.490866749,0.444577444,0.406106872,129,11
1403637246.738318920,-2.629305884,-6.740903285,0.334487226,0.639223794,-0.475097466,0.453749897,0.399732874,152,11
1403637246.788319111,-2.591142652,-6.773534827,0.318725207,0.647872105,-0.460473701,0.463317177,0.391871025,136,11
1403637246.838319063,-2.550015622,-6.799123268,0.304018478,0.656781580,-0.446039814,0.471577406,0.383798373,174,11
1403637246.888319016,-2.509333877,-6.824522550,0.290782177,0.666083357,-0.433340619,0.477768558,0.374547826,167,11
1403637246.938318968,-2.467060305,-6.846041701,0.278852419,0.675883177,-0.423475757,0.481648278,0.363132415,170,11
1403637246.988318920,-2.424127012,-6.863462038,0.267825532,0.686109292,-0.415555249,0.482244095,0.352148418,165,11
1403637247.038319111,-2.379767545,-6.880543585,0.258668692,0.694277705,-0.409931757,0.482924573,0.341640571,183,11
1403637247.088319063,-2.335013719,-6.895595904,0.249343131,0.701591846,-0.406898648,0.481901073,0.331622870,163,11
1403637247.138319016,-2.290193177,-6.908280773,0.239730288,0.707120391,-0.405759663,0.481380390,0.321889373,173,11
1403637247.188318968,-2.243898610,-6.921010437,0.228597436,0.711500889,-0.404702042,0.480414147,0.314936484,185,11
1403637247.238318920,-2.197303546,-6.932902690,0.215361955,0.714033641,-0.405054921,0.480567311,0.308450207,150,11
1403637247.288319111,-2.150366957,-6.942410891,0.201680781,0.714644824,-0.404373375,0.482382654,0.305076915,156,11
1403637247.338319063,-2.101090220,-6.951799367,0.187687417,0.712053147,-0.402463630,0.487687766,0.305227761,176,11
1403637247.388319016,-2.051547346,-6.958591065,0.175378921,0.705614148,-0.397644191,0.497674534,0.310335030,145,11
1403637247.438318968,-2.000862450,-6.967372066,0.162295744,0.698246972,-0.393018713,0.508065407,0.316001582,168,11
1403637247.488318920,-1.950431562,-6.974767884,0.147109742,0.693602759,-0.391422402,0.514084020,0.318467168,183,11
1403637247.538319111,-1.899900913,-6.979455688,0.129878714,0.692648660,-0.390005954,0.515578065,0.319863172,186,11
1403637247.588319063,-1.848539151,-6.981732816,0.110883065,0.693460225,-0.388012941,0.516007644,0.319835871,163,11
1403637247.638319016,-1.798341001,-6.981253891,0.091830186,0.695386172,-0.384692598,0.516064797,0.319572843,176,11
1403637247.688318968,-1.748341059,-6.979110290,0.072553845,0.698000478,-0.378201613,0.515983892,0.321744458,153,11
1403637247.738318920,-1.698096118,-6.972638884,0.053449833,0.701335777,-0.370920510,0.515723858,0.323380589,163,11
1403637247.788319111,-1.648342270,-6.963481639,0.035586869,0.705515257,-0.363106266,0.514745723,0.324713571,174,11
1403637247.838319063,-1.595714536,-6.951389069,0.019466928,0.708826817,-0.354938342,0.515684521,0.325042754,148,11
1403637247.888319016,-1.543481367,-6.935330174,0.005541307,0.711143125,-0.349395494,0.518744971,0.321094846,154,11
1403637247.938318968,-1.491001680,-6.916133787,-0.005992730,0.711651942,-0.344158142,0.525351659,0.314821094,169,11
1403637247.988318920,-1.438562986,-6.892660244,-0.015705791,0.712230226,-0.339987186,0.531742315,0.307224557,136,11
1403637248.038319111,-1.388003412,-6.864883210,-0.024016635,0.715762053,-0.336984023,0.534370545,0.297614806,161,11
1403637248.088319063,-1.336765690,-6.835524309,-0.031393881,0.722006436,-0.333302647,0.533152591,0.288728879,170,11
1403637248.138319016,-1.285431522,-6.804008848,-0.037607916,0.728433640,-0.329982940,0.531541971,0.279211075,165,11
1403637248.188318968,-1.235702820,-6.769597616,-0.043102866,0.734494432,-0.326867186,0.529498151,0.270753540,153,11
1403637248.238318920,-1.187480589,-6.732963296,-0.049466872,0.740404695,-0.323617288,0.526376945,0.264575225,155,11
1403637248.288319111,-1.138046593,-6.696036110,-0.056838368,0.743598186,-0.322334835,0.526285329,0.257265902,157,11
1403637248.338319063,-1.086939797,-6.659787032,-0.066269571,0.746701436,-0.319336068,0.525407084,0.253788963,152,11
1403637248.388319016,-1.037181902,-6.621804933,-0.076944632,0.747758696,-0.317788257,0.526390815,0.250559906,179,11
1403637248.438318968,-0.985315918,-6.583259406,-0.088765536,0.747675206,-0.316714427,0.528406766,0.247911370,155,11
1403637248.488318920,-0.933399401,-6.544880674,-0.100558414,0.746926834,-0.315004345,0.530643217,0.247568864,155,11
1403637248.538319111,-0.883220668,-6.504633008,-0.112299496,0.744118333,-0.313134152,0.535372119,0.248216846,172,11
1403637248.588319063,-0.833362153,-6.460845692,-0.122132824,0.742018047,-0.311263114,0.538592307,0.249885613,121,11
1403637248.638319016,-0.784032057,-6.417612975,-0.131290675,0.741815573,-0.310676792,0.538678909,0.251027131,153,11
1403637248.688318968,-0.735380266,-6.373175766,-0.139209349,0.743521933,-0.311699926,0.535772754,0.250929964,160,11
1403637248.738318920,-0.687536502,-6.326722916,-0.145338728,0.745772685,-0.313405729,0.531767507,0.250645707,168,11
1403637248.788319111,-0.638126213,-6.280134301,-0.148546638,0.748141508,-0.315288823,0.527237793,0.250793842,162,11
1403637248.838319063,-0.589912835,-6.231482495,-0.149811454,0.749405050,-0.317707924,0.524119016,0.250505496,162,11
1403637248.888319016,-0.540592776,-6.182144022,-0.149608699,0.750005040,-0.320390844,0.521859154,0.250010341,159,11
1403637248.938318968,-0.492487882,-6.130209394,-0.147515390,0.749764631,-0.323193405,0.520894342,0.249134715,132,11
1403637248.988318920,-0.443410387,-6.079647093,-0.143636313,0.749551415,-0.325623420,0.519817270,0.248861548,155,11
1403637249.038319111,-0.392883433,-6.028651618,-0.137882845,0.748816261,-0.326679646,0.519609309,0.250121534,141,11
1403637249.088319063,-0.341653860,-5.978725135,-0.129966755,0.748636956,-0.327924936,0.518553047,0.251218394,138,11
1403637249.138319016,-0.291066290,-5.927769015,-0.120372449,0.747674293,-0.328977254,0.518839556,0.252116307,166,11
1403637249.188318968,-0.240931669,-5.876121436,-0.108918736,0.747671579,-0.329799382,0.517979612,0.252817522,124,11
1403637249.238318920,-0.189869107,-5.824194721,-0.095993284,0.746793355,-0.330734669,0.518409615,0.253309563,151,11
1403637249.288319111,-0.137435894,-5.772606075,-0.081168679,0.745757297,-0.331843497,0.519102435,0.253492821,144,11
1403637249.338319063,-0.085237192,-5.720526004,-0.065980943,0.744707908,-0.331597416,0.519722627,0.255620180,151,11
1403637249.388319016,-0.032553574,-5.667179131,-0.053988519,0.744253922,-0.332654116,0.519777979,0.255456830,147,11
1403637249.438318968,0.020199912,-5.614581176,-0.045170859,0.743885113,-0.333500517,0.520017043,0.254940423,175,11
1403637249.488318920,0.073499886,-5.561783407,-0.041100656,0.743342169,-0.333821861,0.520422533,0.255275874,171,11
1403637249.538319111,0.126462377,-5.509226753,-0.041830478,0.743314282,-0.334266013,0.520353503,0.254916344,145,11
1403637249.588319063,0.179646736,-5.455950771,-0.046990317,0.743067993,-0.334485539,0.520833811,0.254364940,172,11
1403637249.638319016,0.232288035,-5.401444866,-0.056686145,0.742847328,-0.334201922,0.521341343,0.254342538,161,11
1403637249.688318968,0.283918964,-5.346153660,-0.067667637,0.741703729,-0.333376110,0.523139758,0.255070072,142,11
1403637249.738318920,0.336397575,-5.291817207,-0.077985150,0.739105161,-0.332068589,0.527368516,0.255609981,164,11
1403637249.788319111,0.384859276,-5.236432197,-0.089054979,0.737171099,-0.329518114,0.530977686,0.257020002,124,11
1403637249.838319063,0.437191995,-5.180294309,-0.097181208,0.735689784,-0.326673079,0.534821594,0.256926260,155,11
1403637249.888319016,0.487818279,-5.122512986,-0.104344574,0.735754580,-0.323338156,0.537688705,0.254967629,150,11
1403637249.938318968,0.539581243,-5.063915023,-0.110155159,0.737786026,-0.319178436,0.538794296,0.251987326,155,11
1403637249.988318920,0.591523179,-5.005154426,-0.114219805,0.740364679,-0.316732657,0.539820642,0.245222840,148,11
1403637250.038319111,0.641863378,-4.944330011,-0.116615778,0.743193558,-0.315647123,0.540213333,0.237064937,170,11
1403637250.088319063,0.691164667,-4.882388657,-0.117106111,0.745524235,-0.314863752,0.541104462,0.228605325,168,11
1403637250.138319016,0.738473475,-4.818256491,-0.117541388,0.749088476,-0.312885377,0.540259833,0.221559267,132,11
1403637250.188318968,0.786549567,-4.756604003,-0.115839659,0.751502112,-0.309560994,0.541237504,0.215588801,151,11
1403637250.238318920,0.834012149,-4.694755933,-0.115480624,0.753313331,-0.306617077,0.543171997,0.208492624,172,11
1403637250.288319111,0.877787134,-4.630200064,-0.117532480,0.754866354,-0.304084942,0.544931518,0.201888028,149,11
1403637250.338319063,0.923380247,-4.569481216,-0.119517363,0.755444135,-0.302520746,0.547423787,0.195224369,159,11
1403637250.388319016,0.968677312,-4.506715582,-0.123756845,0.756585278,-0.300805310,0.548457211,0.190498215,123,11
1403637250.438318968,1.012580278,-4.447388439,-0.128982550,0.757339095,-0.300771902,0.549375732,0.184824413,165,11
1403637250.488318920,1.054628460,-4.388915789,-0.135409393,0.758167207,-0.301127757,0.549880427,0.179265380,162,11
1403637250.538319111,1.094870739,-4.331279728,-0.142659352,0.759959927,-0.301372911,0.548538180,0.175331524,143,11
1403637250.588319063,1.134034949,-4.275016823,-0.148637695,0.761176883,-0.301644117,0.547767519,0.171963151,132,11
1403637250.638319016,1.170734098,-4.220135211,-0.152617096,0.763647566,-0.298897195,0.546222970,0.170714174,151,11
1403637250.688318968,1.206266028,-4.165606199,-0.155542811,0.765158679,-0.296960815,0.545776997,0.168742230,149,11
1403637250.738318920,1.241714453,-4.110617573,-0.156926492,0.766529542,-0.294893634,0.545264032,0.167801494,152,11
1403637250.788319111,1.275664254,-4.059491513,-0.155512522,0.768190372,-0.292111607,0.544304739,0.168186542,141,11
1403637250.838319063,1.308631892,-4.010083807,-0.151604476,0.768031194,-0.290917840,0.545394098,0.167452003,164,11
1403637250.888319016,1.341522342,-3.962639596,-0.145709846,0.767328843,-0.289810891,0.547060889,0.167154053,148,11
1403637250.938318968,1.373452801,-3.917533236,-0.139141629,0.767430670,-0.290259594,0.547270019,0.165212167,154,11
1403637250.988318920,1.407858774,-3.877712053,-0.130907854,0.766982518,-0.290581901,0.548113227,0.163926405,111,11
1403637251.038319111,1.438617553,-3.835846751,-0.120824599,0.767278645,-0.289935197,0.548651184,0.161873228,150,11
1403637251.088319063,1.468455302,-3.793907253,-0.108939314,0.768263988,-0.289262766,0.548732920,0.158081241,148,11
1403637251.138319016,1.497438232,-3.755223266,-0.095680316,0.769845746,-0.288681941,0.548290472,0.152898078,133,11
1403637251.188318968,1.526437222,-3.719685904,-0.082106845,0.771130329,-0.287752056,0.548260655,0.148212762,144,11
1403637251.238318920,1.552994719,-3.685143309,-0.065424919,0.772463972,-0.286308604,0.548178802,0.144314918,163,11
1403637251.288319111,1.576170376,-3.652183334,-0.046553031,0.773281260,-0.284082443,0.548906650,0.141544155,162,11
1403637251.338319063,1.599780328,-3.621643731,-0.024892184,0.774172923,-0.278952281,0.550293357,0.141488978,166,11
1403637251.388319016,1.622308631,-3.594705485,-0.000248235,0.774846279,-0.270310644,0.552461241,0.146054707,149,11
1403637251.438318968,1.644300075,-3.568316772,0.024514036,0.775667489,-0.263263342,0.554585426,0.146517458,171,11
1403637251.488318920,1.666037013,-3.543020415,0.048018959,0.776760245,-0.255175598,0.556720810,0.146938341,166,11
1403637251.538319111,1.687104215,-3.518693175,0.070013948,0.778007813,-0.247696877,0.558801451,0.145227537,167,11
1403637251.588319063,1.709145315,-3.494665502,0.087990585,0.779472081,-0.240208123,0.560543089,0.143229809,132,11
1403637251.638319016,1.728377278,-3.472755495,0.106329980,0.780625917,-0.233815344,0.562273870,0.140718365,158,11
1403637251.688318968,1.746896354,-3.451982803,0.122712393,0.781852808,-0.228838261,0.563540828,0.136970696,178,11
1403637251.738318920,1.765395838,-3.438031268,0.136375911,0.782845082,-0.224775066,0.564601077,0.133623988,141,11
1403637251.788319111,1.782519947,-3.420344149,0.149000933,0.783386970,-0.221184748,0.565879895,0.131004224,155,11
1403637251.838319063,1.798206647,-3.405618673,0.161082205,0.784339079,-0.217475528,0.566189239,0.130178144,153,11
1403637251.888319016,1.810862711,-3.391641883,0.172791042,0.783372460,-0.213637325,0.568841138,0.130791595,143,11
1403637251.938318968,1.825162960,-3.375858362,0.184127909,0.782850134,-0.208412719,0.570749883,0.133993942,174,11
1403637251.988318920,1.839355139,-3.362082055,0.194743945,0.781346323,-0.202959454,0.573659947,0.138634948,154,11
1403637252.038319111,1.851787973,-3.347094369,0.203537160,0.780181628,-0.199608440,0.575731917,0.141442068,177,11
1403637252.088319063,1.862763121,-3.331851293,0.212074281,0.778472787,-0.196458439,0.578601482,0.143542769,174,11
1403637252.138319016,1.872622994,-3.316310403,0.219063712,0.776710213,-0.195149354,0.581306079,0.143948663,175,11
1403637252.188318968,1.880478534,-3.301286416,0.225176513,0.774748354,-0.195411737,0.584241890,0.142269652,147,11
1403637252.238318920,1.887764609,-3.284916468,0.228821838,0.774153146,-0.196537910,0.585202712,0.139991223,151,11
1403637252.288319111,1.893366055,-3.268717438,0.230541166,0.774217081,-0.197575265,0.585260352,0.137921156,170,11
1403637252.338319063,1.894802235,-3.255579475,0.229252717,0.775019450,-0.198833413,0.584268943,0.135793696,144,11
1403637252.388319016,1.897112620,-3.238127914,0.227520424,0.776961701,-0.200497128,0.581636274,0.133531504,153,11
1403637252.438318968,1.898298416,-3.220761362,0.223662803,0.779670934,-0.202521244,0.577820624,0.131231505,159,11
1403637252.488318920,1.896079390,-3.202112883,0.218366472,0.781575785,-0.203892016,0.575081059,0.129804136,126,11
1403637252.538319111,1.895230053,-3.184711378,0.211382840,0.783094478,-0.204954002,0.572842774,0.128872233,163,11
1403637252.588319063,1.893457085,-3.167098278,0.203294662,0.784383932,-0.206144379,0.570870203,0.127881015,143,11
1403637252.638319016,1.891163537,-3.149995718,0.194121466,0.785709453,-0.207899801,0.568824184,0.126005457,165,11
1403637252.688318968,1.887861419,-3.133600562,0.183226462,0.788224889,-0.210191580,0.565112831,0.123160512,163,11
1403637252.738318920,1.884041487,-3.117901026,0.172230759,0.790816738,-0.213291320,0.561197596,0.119050236,164,11
1403637252.788319111,1.879388233,-3.104099970,0.162540988,0.793230996,-0.216767482,0.557351917,0.114696501,140,11
1403637252.838319063,1.874250658,-3.091158962,0.154487183,0.795232736,-0.217478082,0.554341329,0.114078354,146,11
1403637252.888319016,1.869432721,-3.079957270,0.149295409,0.794758793,-0.215667106,0.555044261,0.117354284,163,11
1403637252.938318968,1.865041530,-3.071133557,0.147388605,0.792497584,-0.213350959,0.558217342,0.121747062,137,11
1403637252.988318920,1.860419701,-3.062889123,0.147314632,0.790969324,-0.210338092,0.560456896,0.126544396,146,11
1403637253.038319111,1.855006508,-3.054948110,0.148278769,0.789533407,-0.208177793,0.562407296,0.130372694,154,11
1403637253.088319063,1.848390718,-3.045776261,0.153023316,0.788076761,-0.207352018,0.564312723,0.132254717,121,11
1403637253.138319016,1.841672390,-3.038563898,0.156512833,0.787008915,-0.206398708,0.565672983,0.134278134,159,11
1403637253.188318968,1.834762656,-3.031435739,0.159551147,0.786541983,-0.206143213,0.566199998,0.135182274,139,11
1403637253.238318920,1.827881442,-3.024761251,0.161991273,0.785727771,-0.206052301,0.567194210,0.135886153,163,11
1403637253.288319111,1.820842776,-3.018292168,0.162979030,0.785724570,-0.206157729,0.567008028,0.136520279,162,11
1403637253.338319063,1.813472192,-3.011991862,0.162470862,0.785637588,-0.207264238,0.566966678,0.135513476,163,11
1403637253.388319016,1.805574393,-3.005885933,0.160785764,0.785596915,-0.206604112,0.566948489,0.136827041,140,11
1403637253.438318968,1.797154203,-2.999840529,0.157530074,0.784915492,-0.208019871,0.567775546,0.135152996,146,11
1403637253.488318920,1.788178117,-2.994189086,0.152831493,0.784639857,-0.207623459,0.568063867,0.136147849,163,11
1403637253.538319111,1.778833831,-2.989823185,0.147520996,0.785469111,-0.207754023,0.566776310,0.136532623,137,11
1403637253.588319063,1.768629196,-2.984074327,0.141604594,0.785684771,-0.207488913,0.566448199,0.137055572,146,11
1403637253.638319016,1.758034193,-2.978687160,0.137048234,0.786071209,-0.206241326,0.565933878,0.138835932,154,11
1403637253.688318968,1.747189844,-2.973278964,0.135072726,0.785802145,-0.204780263,0.566324766,0.140912357,121,11
1403637253.738318920,1.735369602,-2.967790349,0.134296541,0.785663297,-0.203612581,0.566519865,0.142584515,159,11
1403637253.788319111,1.723392408,-2.962164918,0.135904814,0.785039704,-0.201371852,0.567408800,0.145634110,139,11
1403637253.838319063,1.711043746,-2.955790529,0.138500357,0.784874553,-0.201019978,0.567506881,0.146624845,163,11
1403637253.888319016,1.698699136,-2.948882811,0.142507329,0.784766340,-0.200222915,0.567750184,0.147350960,162,11
1403637253.938318968,1.685682561,-2.941039068,0.147563571,0.784618984,-0.200262269,0.567929852,0.147389811,163,11
1403637253.988318920,1.672428292,-2.932455781,0.153671196,0.784651558,-0.200121987,0.567787786,0.147953211,140,11
1403637254.038319111,1.658909461,-2.923536126,0.162232714,0.784325923,-0.198893459,0.568277400,0.149449105,146,11
1403637254.088319063,1.644712300,-2.913518690,0.171603020,0.784074988,-0.198500550,0.568845276,0.149127452,163,11
1403637254.138319016,1.630019407,-2.901897353,0.181625373,0.784046804,-0.196090721,0.569848869,0.148631440,136,11
1403637254.188318968,1.615151583,-2.890189154,0.193341901,0.784928643,-0.193729332,0.570112936,0.146038388,145,11
1403637254.238318920,1.599871250,-2.877499047,0.206188877,0.787014863,-0.189957855,0.569105789,0.143674007,153,11
1403637254.288319111,1.583910055,-2.863251283,0.219464336,0.789746536,-0.185534455,0.567388406,0.141236582,121,11
1403637254.338319063,1.567889599,-2.849154245,0.234424387,0.792596893,-0.181685778,0.565368296,0.138344256,158,11
1403637254.388319016,1.552060038,-2.834555244,0.248993099,0.795461210,-0.178067882,0.563255365,0.135191297,138,11
1403637254.438318968,1.536435909,-2.819547962,0.262670391,0.797365122,-0.175209595,0.562229773,0.131939921,162,11
1403637254.488318920,1.521039624,-2.804380792,0.274850211,0.799595811,-0.172279275,0.560339514,0.130330424,161,11
1403637254.538319111,1.506273664,-2.788896242,0.285679595,0.801013299,-0.170057720,0.559601958,0.127686003,162,11
1403637254.588319063,1.492333329,-2.773564170,0.295304012,0.801402660,-0.167552928,0.560118890,0.126279938,139,11
1403637254.638319016,1.478757132,-2.757704132,0.303337024,0.801095469,-0.166078565,0.561325858,0.124808818,145,11
1403637254.688318968,1.465556076,-2.741874916,0.309647455,0.800751915,-0.163977606,0.562517376,0.124426353,162,11
1403637254.738318920,1.452450998,-2.726633657,0.314635887,0.799578876,-0.162390616,0.564713087,0.124104952,135,11
1403637254.788319111,1.439615746,-2.709744893,0.318836040,0.798118577,-0.161781071,0.567152791,0.123171971,145,11
1403637254.838319063,1.426848937,-2.693408343,0.321535761,0.796668251,-0.161937147,0.569553357,0.121264301,151,11
1403637254.888319016,1.413450385,-2.678158341,0.322052791,0.795418338,-0.161501343,0.571563871,0.120589077,119,11
1403637254.938318968,1.400496501,-2.660743622,0.321602804,0.794494069,-0.161595550,0.572998251,0.119745800,156,11
1403637254.988318920,1.387218014,-2.643144542,0.319969085,0.793185039,-0.161166487,0.574887654,0.119945999,137,11
1403637255.038319111,1.373643949,-2.624941611,0.317237803,0.793283703,-0.160576730,0.574985101,0.119616948,161,11
1403637255.088319063,1.359605710,-2.606305201,0.314537752,0.792975267,-0.158778048,0.576206974,0.118174784,160,11
1403637255.138319016,1.345063683,-2.586725496,0.312015001,0.793656655,-0.156505949,0.576520798,0.115059862,161,11
1403637255.188318968,1.330529790,-2.566905576,0.310638327,0.794536318,-0.152609901,0.576848974,0.112550069,136,11
1403637255.238318920,1.315862338,-2.546888974,0.311008873,0.795201579,-0.148751995,0.577571255,0.109264532,163,11
1403637255.288319111,1.300323555,-2.526459996,0.313388099,0.795379834,-0.145599993,0.578793327,0.105687490,179,11
1403637255.338319063,1.284452995,-2.506692872,0.317421240,0.795399123,-0.142340118,0.580150858,0.102491500,153,11
1403637255.388319016,1.268176368,-2.485773788,0.321283028,0.796707576,-0.139277018,0.579903854,0.097828788,164,11
1403637255.438318968,1.250541329,-2.463902769,0.324731732,0.797993753,-0.134551682,0.579779480,0.094644441,167,11
1403637255.488318920,1.233382281,-2.441313171,0.327439767,0.799351420,-0.129364860,0.579690008,0.090892987,131,11
1403637255.538319111,1.215609281,-2.419879109,0.327855089,0.800713980,-0.122959815,0.579715644,0.087565851,166,11
1403637255.588319063,1.197518272,-2.397604808,0.326348747,0.802103806,-0.115313667,0.579795145,0.084674865,145,11
1403637255.638319016,1.178774224,-2.375341281,0.324092123,0.803017709,-0.107804705,0.580522279,0.080836799,167,11
1403637255.688318968,1.158992168,-2.352935337,0.320692086,0.805080913,-0.099246376,0.579747845,0.076728847,166,11
1403637255.738318920,1.139776261,-2.330143902,0.317257286,0.807372749,-0.090459801,0.578636160,0.071738847,185,11
1403637255.788319111,1.119077585,-2.303437151,0.316492813,0.809643318,-0.081015091,0.577424952,0.067042360,143,11
1403637255.838319063,1.099697104,-2.280037827,0.316278005,0.812085809,-0.072064062,0.575854261,0.060953100,166,11
1403637255.888319016,1.079938550,-2.256237841,0.318157294,0.814385565,-0.062821388,0.574304300,0.054810548,199,11
1403637255.938318968,1.060041315,-2.232992772,0.322270081,0.815468297,-0.054100580,0.574191064,0.048879510,174,11
1403637255.988318920,1.040725196,-2.208738357,0.328513079,0.816711653,-0.046820853,0.573543477,0.042869139,184,11
1403637256.038319111,1.020876029,-2.184431580,0.337002514,0.817437470,-0.039771034,0.573333039,0.038774672,193,11
1403637256.088319063,1.000826036,-2.157543926,0.349154168,0.818184910,-0.033884239,0.572826816,0.035982648,155,11
1403637256.138319016,0.979887124,-2.132532540,0.360634995,0.817925177,-0.029371769,0.573598813,0.033467982,179,11
1403637256.188318968,0.958858904,-2.107075250,0.371370792,0.816718139,-0.025700781,0.575584601,0.031832662,157,11
1403637256.238318920,0.937869879,-2.081550049,0.381594403,0.814542546,-0.022914384,0.578859859,0.030276007,180,11
1403637256.288319111,0.915635169,-2.054028362,0.390673390,0.813343672,-0.021228673,0.580681940,0.028807967,163,11
1403637256.338319063,0.894001884,-2.028008474,0.397290610,0.812427409,-0.019537591,0.582032468,0.028604099,179,11
1403637256.388319016,0.869869673,-1.999272244,0.403160776,0.811482600,-0.018594072,0.583389797,0.028400608,139,11
1403637256.438318968,0.848334565,-1.970371001,0.406649474,0.811103172,-0.017435522,0.583891589,0.029635451,147,11
1403637256.488318920,0.825940117,-1.942258664,0.408332108,0.810595625,-0.017400359,0.584554209,0.030468621,177,11
1403637256.538319111,0.803960965,-1.913830684,0.408495915,0.809939854,-0.018251249,0.585455539,0.030102120,155,11
1403637256.588319063,0.781230110,-1.884787320,0.406950879,0.809889072,-0.019056286,0.585489328,0.030311632,163,11
1403637256.638319016,0.758693301,-1.854919505,0.402940124,0.811561276,-0.020948601,0.583123906,0.029932619,174,11
1403637256.688318968,0.736457736,-1.824022022,0.398622761,0.814285483,-0.025091624,0.579346651,0.025826743,148,11
1403637256.738318920,0.713242577,-1.793555826,0.391262645,0.817757724,-0.030068957,0.574404915,0.020667787,171,11
1403637256.788319111,0.689812525,-1.762279221,0.384286486,0.820209044,-0.035301111,0.570755811,0.015772099,148,11
1403637256.838319063,0.666867572,-1.732459038,0.376785658,0.821285215,-0.039707705,0.569015481,0.011630821,170,11
1403637256.888319016,0.644906786,-1.702463231,0.370702771,0.821108264,-0.040965215,0.569215837,0.009818380,154,11
1403637256.938318968,0.623736346,-1.673854208,0.363282520,0.819245995,-0.038458546,0.572047320,0.010899672,169,11
1403637256.988318920,0.602043310,-1.643960000,0.358590579,0.818300970,-0.035018023,0.573622885,0.010679279,130,11
1403637257.038319111,0.583877286,-1.615283852,0.354693452,0.816874014,-0.029182064,0.575968429,0.011208095,143,11
1403637257.088319063,0.562650985,-1.587739312,0.351767004,0.815776337,-0.023687734,0.577775371,0.011112139,184,11
1403637257.138319016,0.541479268,-1.560732184,0.350252715,0.815284326,-0.018585314,0.578656856,0.011058786,164,11
1403637257.188318968,0.519241230,-1.533463898,0.351759172,0.814923889,-0.014254111,0.579304385,0.010114594,171,11
1403637257.238318920,0.496882925,-1.506254282,0.354901379,0.815436663,-0.010506708,0.578680226,0.009047242,182,11
1403637257.288319111,0.477966667,-1.479358437,0.359593159,0.816193097,-0.006877511,0.577684923,0.007852239,157,11
1403637257.338319063,0.456863456,-1.452292108,0.365972064,0.817139538,-0.003431084,0.576388209,0.006916402,176,11
1403637257.388319016,0.436188801,-1.425032572,0.373992177,0.817802036,0.000332389,0.575457342,0.006968991,155,11
1403637257.438318968,0.418343742,-1.398038918,0.380059521,0.818286284,0.003015821,0.574765677,0.006548166,177,11
1403637257.488318920,0.403434417,-1.374228512,0.387947805,0.818607795,0.004921139,0.574301270,0.005925512,164,11
1403637257.538319111,0.385393380,-1.346924383,0.392341907,0.818988916,0.008139991,0.573702303,0.007520924,171,11
1403637257.588319063,0.370135002,-1.318997198,0.392833316,0.820217034,0.008727375,0.571953046,0.006128876,131,11
1403637257.638319016,0.357831522,-1.293175546,0.392087080,0.821726173,0.008542667,0.569800531,0.004524903,130,11
1403637257.688318968,0.340642320,-1.264516009,0.390894495,0.824205636,0.008383151,0.566222027,0.002721750,165,11
1403637257.738318920,0.324673818,-1.235740660,0.388253432,0.825754986,0.009144020,0.563954240,0.000839873,148,11
1403637257.788319111,0.308905140,-1.206399881,0.384828686,-0.827577511,-0.010470344,-0.561250490,0.001929344,151,11
1403637257.838319063,0.293456798,-1.177076434,0.380339594,-0.829126859,-0.012815971,-0.558894965,0.004563020,182,11
1403637257.888319016,0.278836552,-1.148606530,0.374976652,-0.830596188,-0.015694413,-0.556595448,0.008072487,158,11
1403637257.938318968,0.265135448,-1.118638676,0.368701548,-0.831444970,-0.019074012,-0.555137530,0.012560539,173,11
1403637257.988318920,0.252919036,-1.088297554,0.362066629,-0.831787494,-0.023702427,-0.554334725,0.016756269,157,11
1403637258.038319111,0.242282237,-1.057880280,0.355015085,-0.831874045,-0.029034253,-0.553743551,0.022597901,174,11
1403637258.088319063,0.233666414,-1.027408242,0.350117323,-0.831653563,-0.035421840,-0.553422696,0.028652461,187,11
1403637258.138319016,0.225762323,-0.996421043,0.346586054,-0.830027796,-0.043495604,-0.554961186,0.034352171,173,11
1403637258.188318968,0.212747370,-0.962903376,0.349603541,-0.826924807,-0.053357389,-0.558391192,0.039339908,144,11
1403637258.238318920,0.208219646,-0.934281451,0.350826310,-0.823648221,-0.062990843,-0.561991812,0.042437786,138,11
1403637258.288319111,0.204665496,-0.903815948,0.351930122,-0.820184527,-0.070785298,-0.565854261,0.045779245,183,11
1403637258.338319063,0.199537435,-0.873400940,0.351804697,-0.817118276,-0.077848069,-0.569086435,0.048969679,168,11
1403637258.388319016,0.199029018,-0.845973683,0.345988993,-0.815398994,-0.082752713,-0.570488497,0.053097500,140,11
1403637258.438318968,0.194829422,-0.815546209,0.341969307,-0.814458380,-0.085333483,-0.570888640,0.058837956,167,11
1403637258.488318920,0.190132080,-0.786202164,0.335883716,-0.815056907,-0.086603802,-0.569180520,0.064927314,152,11
1403637258.538319111,0.186648404,-0.756182370,0.327915266,-0.816402235,-0.086563773,-0.566515267,0.071095399,173,11
1403637258.588319063,0.183900730,-0.726820222,0.319357903,-0.816728370,-0.087017520,-0.565490212,0.074856803,160,11
1403637258.638319016,0.182157598,-0.699657861,0.309249528,-0.815584086,-0.087972657,-0.566759680,0.076595531,143,11
1403637258.688318968,0.180164847,-0.672100515,0.299626936,-0.813808735,-0.088914922,-0.569084989,0.077147618,159,11
1403637258.738318920,0.178096450,-0.645275820,0.289619219,-0.812595101,-0.089342580,-0.570598089,0.078261909,162,11
1403637258.788319111,0.173210902,-0.619225158,0.280409089,-0.811427075,-0.089827813,-0.572226963,0.077931824,134,11
1403637258.838319063,0.171867511,-0.597114893,0.269246391,-0.810376078,-0.089775911,-0.573655561,0.078423176,121,11
1403637258.888319016,0.168982588,-0.572440523,0.258707059,-0.809384799,-0.089093809,-0.575043423,0.079269176,156,11
1403637258.938318968,0.166703627,-0.548051942,0.249240838,-0.809331796,-0.087710056,-0.575160033,0.080497990,148,11
1403637258.988318920,0.166797223,-0.526092411,0.242248192,-0.809470279,-0.086880322,-0.575036487,0.080887060,144,11
1403637259.038319111,0.164845469,-0.503041417,0.238404375,-0.809749213,-0.084955216,-0.574720727,0.082370567,174,11
1403637259.088319063,0.162567643,-0.481913256,0.236580322,-0.809918777,-0.085002059,-0.574716488,0.080667112,157,11
1403637259.138319016,0.161488969,-0.461117183,0.239511417,-0.809496474,-0.084805643,-0.575371026,0.080446530,167,11
1403637259.188318968,0.159850681,-0.441399568,0.244807465,-0.809576910,-0.083605826,-0.575342384,0.081095215,158,11
1403637259.238318920,0.158630837,-0.423638689,0.252532437,-0.809169238,-0.082829439,-0.576081423,0.080713209,145,11
1403637259.288319111,0.156258517,-0.405984825,0.260585502,-0.808888237,-0.081751208,-0.576549393,0.081285658,159,11
1403637259.338319063,0.153683309,-0.389590963,0.268043906,-0.809255755,-0.080626244,-0.576179687,0.081372599,159,11
1403637259.388319016,0.151009951,-0.373752365,0.274888010,-0.809335383,-0.079447514,-0.576151690,0.081936319,132,11
1403637259.438318968,0.147489376,-0.360418586,0.280563385,-0.808887292,-0.076520736,-0.576756552,0.084839878,125,11
1403637259.488318920,0.144757294,-0.346355275,0.284895932,-0.808497534,-0.072893219,-0.577117017,0.089186684,160,11
1403637259.538319111,0.136518168,-0.337713079,0.288694512,-0.808245013,-0.070684883,-0.577331160,0.091827985,133,11
1403637259.588319063,0.134023197,-0.326101510,0.290898361,-0.808143239,-0.069446487,-0.577414499,0.093135310,129,11
1403637259.638319016,0.131008836,-0.317231239,0.293144760,-0.807740578,-0.069399544,-0.578103380,0.092386919,157,11
1403637259.688318968,0.127951735,-0.310137959,0.294655034,-0.808228514,-0.070925449,-0.577675121,0.089597460,151,11
1403637259.738318920,0.124806273,-0.304271035,0.294968832,-0.809872505,-0.072801047,-0.575596733,0.086573287,160,11
1403637259.788319111,0.121458053,-0.299591797,0.294373514,-0.811639839,-0.074997771,-0.573322530,0.083170804,153,11
1403637259.838319063,0.117744384,-0.295493987,0.293677330,-0.812539649,-0.076802982,-0.572198273,0.080434798,143,11
1403637259.888319016,0.114598631,-0.292380285,0.292286326,-0.811906329,-0.075622854,-0.573042731,0.081922684,158,11
1403637259.938318968,0.111588190,-0.289986071,0.289821881,-0.810580879,-0.073445016,-0.574767935,0.084889866,159,11
1403637259.988318920,0.108545000,-0.288242498,0.286257578,-0.809635143,-0.073204973,-0.576045964,0.085457679,132,11
1403637260.038319111,0.105289052,-0.288095884,0.281922776,-0.808571732,-0.074588589,-0.577627163,0.083637060,125,11
1403637260.088319063,0.101949643,-0.288743635,0.276235457,-0.807817235,-0.076371537,-0.578763751,0.081432326,160,11
1403637260.138319016,0.098646267,-0.289199595,0.268843625,-0.808078991,-0.078533170,-0.578520081,0.078456371,133,11
1403637260.188318968,0.094320807,-0.291197561,0.260966047,-0.808658851,-0.080893643,-0.577788443,0.075416154,129,11
1403637260.238318920,0.090057492,-0.293409943,0.252021242,-0.809533311,-0.084111940,-0.576600633,0.071503214,153,11
1403637260.288319111,0.085455559,-0.295689743,0.242762183,-0.809548349,-0.086837037,-0.576599503,0.067998619,146,11
1403637260.338319063,0.080894499,-0.298244364,0.233300104,-0.809399377,-0.090082805,-0.576774701,0.063942792,149,11
1403637260.388319016,0.076143131,-0.300762950,0.223742370,-0.808587467,-0.094068173,-0.577831962,0.058717201,134,11
1403637260.438318968,0.071284134,-0.302848455,0.213405354,-0.807778246,-0.097387434,-0.578824735,0.054515306,153,11
1403637260.488318920,0.065422159,-0.304866556,0.202858432,-0.809244487,-0.098434616,-0.576668813,0.053731425,166,11
1403637260.538319111,0.059838718,-0.305820473,0.191314371,-0.812300386,-0.098813572,-0.572330930,0.053303538,169,11
1403637260.588319063,0.054481445,-0.306108308,0.179666995,-0.815872231,-0.098394487,-0.567218617,0.054167031,146,11
1403637260.638319016,0.049812976,-0.304816042,0.168061692,-0.818938596,-0.097341966,-0.562820188,0.055655663,138,11
1403637260.688318968,0.044807073,-0.302709974,0.156704520,-0.820219894,-0.096640011,-0.561005814,0.056325044,192,11
1403637260.738318920,0.040103678,-0.299919510,0.145901311,-0.819500794,-0.095045530,-0.562057578,0.058958255,177,11
1403637260.788319111,0.036213668,-0.296193407,0.135208327,-0.817565535,-0.095160035,-0.564822302,0.059219342,162,11
1403637260.838319063,0.032753131,-0.291929935,0.124696022,-0.814665490,-0.094624186,-0.568912161,0.060871634,187,11
1403637260.888319016,0.031602542,-0.286228419,0.114000911,-0.812616428,-0.094169432,-0.571765024,0.062220705,180,11
1403637260.938318968,0.028513479,-0.281054386,0.103335153,-0.810032706,-0.093610650,-0.575372783,0.063484029,180,11
1403637260.988318920,0.026490575,-0.276453519,0.092270562,-0.807948599,-0.094135920,-0.578221964,0.063378630,152,11
1403637261.038319111,0.022891521,-0.271162326,0.081001390,-0.807648561,-0.093893300,-0.578613788,0.063983868,159,11
1403637261.088319063,0.018725352,-0.266078215,0.069164465,-0.809593145,-0.093668343,-0.575859197,0.064586121,181,11
1403637261.138319016,0.014210206,-0.260530540,0.057467941,-0.812954115,-0.093504648,-0.571125223,0.064641060,177,11
1403637261.188318968,0.009380702,-0.254963667,0.046162499,-0.816570747,-0.094267735,-0.565931877,0.063615408,148,11
1403637261.238318920,0.005327604,-0.249448825,0.035753118,-0.820103773,-0.094579554,-0.560781299,0.063315426,132,11
1403637261.288319111,0.000979597,-0.243376224,0.026597271,-0.822154609,-0.095089098,-0.557783777,0.062426921,167,11
1403637261.338319063,-0.002294267,-0.236707736,0.019408002,-0.821219642,-0.095113878,-0.559170213,0.062292236,179,11
1403637261.388319016,-0.005865626,-0.229670552,0.013767772,-0.818445151,-0.094090308,-0.563237634,0.063701784,157,11
1403637261.438318968,-0.008119654,-0.222033976,0.009430497,-0.815717535,-0.091730965,-0.567199231,0.066898172,175,11
1403637261.488318920,-0.010069785,-0.214479505,0.006001058,-0.813809888,-0.089836939,-0.569879269,0.069859928,177,11
1403637261.538319111,-0.011985967,-0.207315783,0.002440946,-0.815311717,-0.088980445,-0.567761527,0.070683332,179,11
1403637261.588319063,-0.011466078,-0.199020934,0.000731734,-0.818851524,-0.089326925,-0.562685803,0.069911152,153,11
1403637261.638319016,-0.011000658,-0.193479175,0.000909281,-0.822504359,-0.090528862,-0.557339074,0.068295392,163,11
1403637261.688318968,-0.010499853,-0.186234892,0.000690075,-0.824888459,-0.091200816,-0.553851551,0.067006724,168,11
1403637261.738318920,-0.008655138,-0.178888064,0.002470997,-0.825262607,-0.092055913,-0.553353360,0.065325319,168,11
1403637261.788319111,-0.005551043,-0.170682178,0.006350756,-0.822682221,-0.092176094,-0.557152858,0.065408133,142,11
1403637261.838319063,-0.000469232,-0.162157394,0.010994136,-0.818744483,-0.092115860,-0.562978206,0.065020606,138,11
1403637261.888319016,0.009288187,-0.152143531,0.015985150,-0.815474421,-0.091230906,-0.567749045,0.065874223,163,11
1403637261.938318968,0.014537096,-0.143987096,0.018305705,-0.812667570,-0.090554014,-0.571821845,0.066265901,177,11
1403637261.988318920,0.019571064,-0.136200935,0.017939112,-0.810666609,-0.089949924,-0.574772667,0.066068451,160,11
1403637262.038319111,0.024872299,-0.128325352,0.014760604,-0.809129881,-0.088037651,-0.577020910,0.067860718,190,11
1403637262.088319063,0.029876602,-0.120937882,0.009279906,-0.807568857,-0.086615772,-0.579283595,0.068998310,180,11
1403637262.138319016,0.034311423,-0.113910038,0.001258311,-0.807649405,-0.084548965,-0.579241302,0.070946636,172,11
1403637262.188318968,0.038899966,-0.108105569,-0.009020113,-0.807196668,-0.082838406,-0.579889241,0.072799761,149,11
1403637262.238318920,0.042562606,-0.102254930,-0.020909767,-0.806969831,-0.081357980,-0.580252689,0.074076903,147,11
1403637262.288319111,0.045298126,-0.097063736,-0.034696688,-0.807226397,-0.079342612,-0.579969857,0.075665443,145,11
1403637262.338319063,0.042307164,-0.098630248,-0.037454110,-0.792110996,-0.059242487,-0.598387531,0.104799139,153,11
1403637262.388319016,0.039797301,-0.101694939,-0.038834847,-0.793762206,-0.079519709,-0.598241257,0.075667530,136,11
1403637262.438318968,0.038260930,-0.106485639,-0.043456573,-0.801949870,-0.065830875,-0.590101056,0.065752918,119,11
1403637262.488318920,0.033927885,-0.110646043,-0.052045673,-0.806298735,-0.047332626,-0.585898863,0.066064327,165,11
1403637262.538319111,0.029272663,-0.111978791,-0.055098128,-0.794840146,-0.038761350,-0.600586955,0.077601616,198,11
1403637262.588319063,0.024938469,-0.114970403,-0.054269247,-0.788017613,-0.039376903,-0.609935228,0.073869613,196,11
1403637262.638319016,0.023929384,-0.117345911,-0.057025546,-0.787078781,-0.037419117,-0.611442345,0.072422790,219,11
1403637262.688318968,0.025456376,-0.117011116,-0.064556533,-0.798305852,-0.040036759,-0.596670556,0.071337735,214,11
1403637262.738318920,0.025589852,-0.117228537,-0.066248000,-0.800318777,-0.039229222,-0.594265324,0.069279494,218,11
1403637262.788319111,0.022913199,-0.119086459,-0.067037066,-0.795908608,-0.037890044,-0.599891880,0.072274226,212,11
1403637262.838319063,0.021954858,-0.119723513,-0.067824216,-0.795784445,-0.038784706,-0.600063513,0.071740111,216,11
1403637262.888319016,0.022238216,-0.119190480,-0.068345177,-0.796878690,-0.038713506,-0.598435202,0.073218348,198,11
1403637262.938318968,0.020799816,-0.121055629,-0.067601339,-0.795933218,-0.039174434,-0.599870422,0.071492323,193,11
1403637262.988318920,0.020539474,-0.121004687,-0.067095588,-0.796329705,-0.038639964,-0.599178100,0.073154352,182,11
1403637263.038319111,0.019621462,-0.121727804,-0.064924863,-0.796207678,-0.039056271,-0.599425345,0.072230167,165,11
1403637263.088319063,0.019524108,-0.121913266,-0.064049987,-0.796263072,-0.038877781,-0.599312651,0.072649740,176,11
1403637263.138319016,0.019147001,-0.122120083,-0.062540789,-0.796202931,-0.038721883,-0.599370005,0.072918477,202,11
1403637263.188318968,0.019010744,-0.122627537,-0.061235585,-0.796098568,-0.039022286,-0.599562251,0.072314858,187,11
1403637263.238318920,0.018916522,-0.122456536,-0.060117243,-0.796291428,-0.038637741,-0.599223708,0.073198596,207,11
1403637263.288319111,0.018868997,-0.122743978,-0.058746399,-0.796248877,-0.038866233,-0.599334200,0.072633728,203,11
1403637263.338319063,0.018782753,-0.122887718,-0.057733064,-0.796188538,-0.038804850,-0.599395630,0.072820837,195,11
1403637263.388319016,0.018929492,-0.122757798,-0.056849051,-0.796220375,-0.038771625,-0.599338519,0.072960362,197,11
1403637263.438318968,0.018831621,-0.122835605,-0.056179965,-0.796277372,-0.038685928,-0.599250849,0.073103794,204,11
1403637263.488318920,0.017924484,-0.122801741,-0.057850060,-0.796190207,-0.038882212,-0.599406849,0.072668826,189,11
1403637263.538319111,0.017547906,-0.122860046,-0.058188662,-0.796192751,-0.038619313,-0.599350626,0.073242605,185,11
1403637263.588319063,0.017481271,-0.123114502,-0.058487866,-0.796160925,-0.038789021,-0.599421437,0.072918686,174,11
1403637263.638319016,0.018753227,-0.122720851,-0.059432409,-0.796180397,-0.038647260,-0.599379581,0.073125121,158,11
1403637263.688318968,0.017752386,-0.123386924,-0.060333988,-0.796163109,-0.038784335,-0.599400828,0.073066591,169,11
1403637263.738318920,0.017595855,-0.123575301,-0.060181454,-0.796113912,-0.038801581,-0.599469437,0.073030612,196,11
1403637263.788319111,0.018336053,-0.123356038,-0.060344562,-0.796123260,-0.038514942,-0.599428202,0.073417876,183,11
1403637263.838319063,0.018020929,-0.123806233,-0.060283345,-0.796141145,-0.038953908,-0.599455389,0.072767490,202,11
1403637263.888319016,0.017786641,-0.123729893,-0.060312376,-0.796121607,-0.038536049,-0.599417542,0.073511699,200,11
1403637263.938318968,0.017557993,-0.124040424,-0.060408602,-0.796172083,-0.038774202,-0.599382213,0.073126869,192,11
1403637263.988318920,0.017316480,-0.124250230,-0.060505549,-0.796162826,-0.038716850,-0.599378406,0.073289068,194,11
1403637264.038319111,0.017114390,-0.124385692,-0.060641481,-0.796162618,-0.038700375,-0.599364839,0.073410875,201,11
1403637264.088319063,0.016944588,-0.124549494,-0.060788006,-0.796196926,-0.038800660,-0.599326382,0.073299737,187,11
1403637264.138319016,0.016740284,-0.124657603,-0.060856874,-0.796172938,-0.038659239,-0.599336386,0.073552788,183,11
1403637264.188318968,0.016631023,-0.124876533,-0.060927046,-0.796145371,-0.038814952,-0.599396596,0.073278024,172,11
1403637264.238318920,0.017091752,-0.124608279,-0.061184170,-0.796216868,-0.038668589,-0.599273835,0.073582000,156,11
1403637264.288319111,0.017122575,-0.124736537,-0.061329358,-0.796173911,-0.038749294,-0.599339337,0.073470779,168,11
1403637264.338319063,0.017003030,-0.124964169,-0.061459567,-0.796181177,-0.038811529,-0.599333837,0.073404022,195,11
1403637264.388319016,0.017080464,-0.125053567,-0.061700092,-0.796203171,-0.038826789,-0.599292147,0.073497709,182,11
1403637264.438318968,0.017186183,-0.125190649,-0.061784435,-0.796176076,-0.038800125,-0.599328101,0.073512131,208,11
1403637264.488318920,0.017200788,-0.125386753,-0.061823920,-0.796173556,-0.038857266,-0.599338046,0.073428109,206,11
1403637264.538319111,0.017229084,-0.125442616,-0.061862231,-0.796191417,-0.038785732,-0.599299727,0.073584865,198,11
1403637264.588319063,0.017238562,-0.125548235,-0.061951837,-0.796191542,-0.038834935,-0.599306956,0.073498637,200,11
1403637264.638319016,0.017168122,-0.125674892,-0.062026853,-0.796177417,-0.038822275,-0.599324800,0.073512829,207,11
1403637264.688318968,0.017087623,-0.125774063,-0.062147413,-0.796179963,-0.038815727,-0.599314967,0.073568848,190,11
1403637264.738318920,0.017014707,-0.125853900,-0.062279640,-0.796194836,-0.038866977,-0.599300683,0.073497169,186,11
1403637264.788319111,0.016883183,-0.125912921,-0.062395107,-0.796191932,-0.038800020,-0.599291258,0.073640712,172,11
1403637264.838319063,0.017042844,-0.125916824,-0.062574862,-0.796192089,-0.038892100,-0.599309434,0.073442249,165,11
1403637264.888319016,0.016926726,-0.125976525,-0.062791374,-0.796192272,-0.038813591,-0.599291770,0.073625716,177,11
1403637264.938318968,0.016838003,-0.126127406,-0.062864919,-0.796209350,-0.038842293,-0.599269091,0.073610482,201,11
1403637264.988318920,0.016782954,-0.126295486,-0.062978782,-0.796210054,-0.038907987,-0.599276807,0.073505286,183,11
1403637265.038319111,0.016706385,-0.126406735,-0.063035746,-0.796218668,-0.038882118,-0.599251855,0.073628990,207,11
1403637265.088319063,0.016637037,-0.126525562,-0.063158281,-0.796252713,-0.038957414,-0.599212470,0.073541500,205,11
1403637265.138319016,0.016587771,-0.126613886,-0.063301107,-0.796246732,-0.038947113,-0.599218683,0.073561093,197,11
1403637265.188318968,0.016462214,-0.126679689,-0.063428496,-0.796212777,-0.038952608,-0.599273556,0.073478661,198,11
1403637265.238318920,0.016352044,-0.126697562,-0.063570199,-0.796238267,-0.038927011,-0.599231850,0.073556106,220,11
1403637265.288319111,0.016286182,-0.126780171,-0.063658072,-0.796236143,-0.038988907,-0.599237678,0.073498806,206,11
1403637265.338319063,0.016277739,-0.126840056,-0.063748425,-0.796220709,-0.038944591,-0.599248491,0.073601274,197,11
1403637265.388319016,0.016338272,-0.126911934,-0.063873206,-0.796239372,-0.039012476,-0.599231871,0.073498664,174,11
1403637265.438318968,0.016604725,-0.126822586,-0.064036664,-0.796236863,-0.038935644,-0.599225789,0.073616081,167,11
1403637265.488318920,0.016861521,-0.126861085,-0.064091223,-0.796238902,-0.039008233,-0.599233888,0.073489561,200,11
