timestamp,px,py,pz,qx,qy,qz,qw
1403636578.922881365,4.782299717,-1.815573628,0.844627074,0.000000000,0.000000000,0.000000000,1.000000000
1403636578.968881369,4.782211875,-1.814786499,0.857671005,0.000000000,0.000000000,0.000000000,1.000000000
1403636579.022881269,4.780753076,-1.813192218,0.874623869,0.000000000,0.000000000,0.000000000,1.000000000
1403636579.068881273,4.779119047,-1.812024100,0.891923195,0.000000000,0.000000000,0.000000000,1.000000000
1403636579.118881226,4.778763764,-1.811005572,0.911808688,0.000000000,0.000000000,0.000000000,1.000000000
1403636579.169881344,4.777324717,-1.809848510,0.931869271,0.000000000,0.000000000,0.000000000,1.000000000
1403636579.219881296,4.776842048,-1.808780968,0.951898946,0.000000000,0.000000000,0.000000000,1.000000000
1403636579.270881176,4.778211370,-1.808358152,0.972186857,0.000000000,0.000000000,0.000000000,1.000000000
1403636579.366881371,4.779253607,-1.807804151,1.010285217,0.000000000,0.000000000,0.000000000,1.000000000
1403636579.422881365,4.779215910,-1.807703323,1.030940795,0.000000000,0.000000000,0.000000000,1.000000000
1403636579.466881275,4.778685513,-1.807729376,1.047815352,0.000000000,0.000000000,0.000000000,1.000000000
1403636579.520881176,4.777960401,-1.808118652,1.064706825,0.000000000,0.000000000,0.000000000,1.000000000
1403636579.569881201,4.778814220,-1.809278562,1.079138408,0.000000000,0.000000000,0.000000000,1.000000000
1403636579.621881247,4.779293550,-1.810337805,1.089258105,0.000000000,0.000000000,0.000000000,1.000000000
1403636579.717881203,4.782343558,-1.812081168,1.095027373,0.000000000,0.000000000,0.000000000,1.000000000
1403636579.766881227,4.783936671,-1.812689015,1.091240672,0.000000000,0.000000000,0.000000000,1.000000000
1403636580.267881393,4.777233878,-1.820940060,0.895287863,0.000000000,0.000000000,0.000000000,1.000000000
1403636580.369881392,4.775467082,-1.822931932,0.846697965,0.000000000,0.000000000,0.000000000,1.000000000
1403636580.421881199,4.774245392,-1.824010373,0.825348817,0.000000000,0.000000000,0.000000000,1.000000000
1403636580.470881224,4.777915598,-1.827112941,0.806465661,0.000000000,0.000000000,0.000000000,1.000000000
1403636580.518881321,4.778242407,-1.828547443,0.790348623,0.000000000,0.000000000,0.000000000,1.000000000
1403636580.568881273,4.777867533,-1.829693865,0.776357551,0.000000000,0.000000000,0.000000000,1.000000000
1403636580.618881226,4.777164616,-1.830450950,0.766556620,0.000000000,0.000000000,0.000000000,1.000000000
1403636580.667881250,4.776393605,-1.830910611,0.762692655,0.000000000,0.000000000,0.000000000,1.000000000
1403636580.718881369,4.776877904,-1.831432783,0.767140469,0.000000000,0.000000000,0.000000000,1.000000000
1403636580.969881296,4.753474642,-1.825295814,0.899622217,0.000000000,0.000000000,0.000000000,1.000000000
1403636581.218881369,4.759302335,-1.832582417,1.080574605,0.000000000,0.000000000,0.000000000,1.000000000
1403636581.316881180,4.760166023,-1.831460567,1.138220415,0.000000000,0.000000000,0.000000000,1.000000000
1403636581.369881392,4.761293305,-1.830368965,1.162475408,0.000000000,0.000000000,0.000000000,1.000000000
1403636581.417881250,4.762917476,-1.829788672,1.182859978,0.000000000,0.000000000,0.000000000,1.000000000
1403636581.467881203,4.765970972,-1.829827464,1.197027799,0.000000000,0.000000000,0.000000000,1.000000000
1403636581.520881176,4.769290512,-1.830663007,1.203731271,0.000000000,0.000000000,0.000000000,1.000000000
1403636582.017881393,4.780054149,-1.824193157,0.955955707,0.000000000,0.000000000,0.000000000,1.000000000
1403636582.120881319,4.781495062,-1.825434146,0.891417546,0.000000000,0.000000000,0.000000000,1.000000000
1403636582.217881203,4.777541174,-1.826386497,0.839981387,0.000000000,0.000000000,0.000000000,1.000000000
1403636582.270881176,4.777425760,-1.827758796,0.819805125,0.000000000,0.000000000,0.000000000,1.000000000
1403636582.319881201,4.776360581,-1.828584606,0.807076070,0.000000000,0.000000000,0.000000000,1.000000000
1403636582.368881226,4.778047867,-1.830664145,0.801867316,0.000000000,0.000000000,0.000000000,1.000000000
1403636582.968881369,4.768293472,-1.828484513,1.117625961,0.000000000,0.000000000,0.000000000,1.000000000
1403636583.019881248,4.766533804,-1.825502398,1.149717971,0.000000000,0.000000000,0.000000000,1.000000000
1403636583.066881180,4.768076354,-1.823648231,1.176697506,0.000000000,0.000000000,0.000000000,1.000000000
1403636583.118881226,4.770149960,-1.822496575,1.201763548,0.000000000,0.000000000,0.000000000,1.000000000
1403636583.169881344,4.772553413,-1.821958310,1.220352797,0.000000000,0.000000000,0.000000000,1.000000000
1403636583.221881390,4.774469420,-1.821464142,1.231775813,0.000000000,0.000000000,0.000000000,1.000000000
1403636583.268881321,4.775819658,-1.821235492,1.235203194,0.000000000,0.000000000,0.000000000,1.000000000
1403636583.819881201,4.775241209,-1.813083492,0.942865907,0.000000000,0.000000000,0.000000000,1.000000000
1403636583.918881178,4.775056076,-1.811326353,0.883372286,0.000000000,0.000000000,0.000000000,1.000000000
1403636583.967881203,4.774128277,-1.810715845,0.858219927,0.000000000,0.000000000,0.000000000,1.000000000
1403636584.018881321,4.774876658,-1.811435232,0.834180687,0.000000000,0.000000000,0.000000000,1.000000000
1403636584.070881367,4.774996634,-1.812272559,0.814401233,0.000000000,0.000000000,0.000000000,1.000000000
1403636584.118881226,4.775639849,-1.813459722,0.799624031,0.000000000,0.000000000,0.000000000,1.000000000
1403636584.168881178,4.777834235,-1.815385988,0.790184510,0.000000000,0.000000000,0.000000000,1.000000000
1403636584.219881296,4.778958460,-1.816950065,0.787218393,0.000000000,0.000000000,0.000000000,1.000000000
1403636584.866881371,4.755413139,-1.811984012,1.147154745,0.000000000,0.000000000,0.000000000,1.000000000
1403636584.966881275,4.756524272,-1.813495477,1.203267924,0.000000000,0.000000000,0.000000000,1.000000000
1403636585.020881176,4.758581469,-1.814599783,1.226745057,0.000000000,0.000000000,0.000000000,1.000000000
1403636585.068881273,4.760190846,-1.815590393,1.243184505,0.000000000,0.000000000,0.000000000,1.000000000
1403636585.119881392,4.761406292,-1.816520796,1.252603051,0.000000000,0.000000000,0.000000000,1.000000000
1403636585.170881271,4.761352881,-1.816925604,1.254555469,0.000000000,0.000000000,0.000000000,1.000000000
1403636585.667881250,4.760862409,-1.808330249,1.043443267,0.000000000,0.000000000,0.000000000,1.000000000
1403636585.767881393,4.763187402,-1.805150778,1.001054257,0.000000000,0.000000000,0.000000000,1.000000000
1403636585.818881273,4.767148621,-1.804410645,0.985146863,0.000000000,0.000000000,0.000000000,1.000000000
1403636585.867881298,4.772223425,-1.804655285,0.973412054,0.000000000,0.000000000,0.000000000,1.000000000
1403636585.916881323,4.774765482,-1.804123754,0.965464406,0.000000000,0.000000000,0.000000000,1.000000000
1403636585.967881203,4.778502189,-1.804249485,0.960879894,0.000000000,0.000000000,0.000000000,1.000000000
1403636586.018881321,4.782503352,-1.804492466,0.959052570,0.000000000,0.000000000,0.000000000,1.000000000
1403636586.068881273,4.786520404,-1.805347371,0.959411052,0.000000000,0.000000000,0.000000000,1.000000000
1403636586.120881319,4.787684977,-1.805570115,0.960953024,0.000000000,0.000000000,0.000000000,1.000000000
1403636586.169881344,4.787709408,-1.806135078,0.963066838,0.000000000,0.000000000,0.000000000,1.000000000
1403636586.219881296,4.787107776,-1.808328100,0.965087737,0.000000000,0.000000000,0.000000000,1.000000000
1403636586.268881321,4.786110853,-1.809202651,0.968754524,0.000000000,0.000000000,0.000000000,1.000000000
1403636586.319881201,4.784721827,-1.811128502,0.972500005,0.000000000,0.000000000,0.000000000,1.000000000
1403636586.368881226,4.784329760,-1.813105920,0.975746898,0.000000000,0.000000000,0.000000000,1.000000000
1403636586.467881203,4.786995186,-1.816058012,0.980881290,0.000000000,0.000000000,0.000000000,1.000000000
1403636586.518881321,4.789130292,-1.816665796,0.982874214,0.000000000,0.000000000,0.000000000,1.000000000
1403636586.567881346,4.792314299,-1.817239853,0.984515925,0.000000000,0.000000000,0.000000000,1.000000000
1403636586.617881298,4.794685447,-1.817087874,0.986042031,0.000000000,0.000000000,0.000000000,1.000000000
1403636586.666881323,4.798312792,-1.816528111,0.987830254,0.000000000,0.000000000,0.000000000,1.000000000
1403636586.718881369,4.801391146,-1.814704040,0.990079432,0.000000000,0.000000000,0.000000000,1.000000000
1403636586.766881227,4.804834408,-1.811916118,0.992368465,0.000000000,0.000000000,0.000000000,1.000000000
1403636586.817881346,4.807744920,-1.807767376,0.994974476,0.000000000,0.000000000,0.000000000,1.000000000
1403636586.866881371,4.810505257,-1.803764982,0.996731345,0.000000000,0.000000000,0.000000000,1.000000000
1403636586.967881203,4.813146430,-1.794360881,0.998626546,0.000000000,0.000000000,0.000000000,1.000000000
1403636587.019881248,4.813262886,-1.791076446,0.998293889,0.000000000,0.000000000,0.000000000,1.000000000
1403636587.069881201,4.812756137,-1.789397021,0.997724460,0.000000000,0.000000000,0.000000000,1.000000000
1403636587.121881247,4.809345991,-1.786991553,0.997567158,0.000000000,0.000000000,0.000000000,1.000000000
1403636587.221881390,4.805277849,-1.783524783,0.997602203,0.000000000,0.000000000,0.000000000,1.000000000
1403636587.269881248,4.803009660,-1.781038829,0.997838590,0.000000000,0.000000000,0.000000000,1.000000000
1403636587.321881294,4.801216394,-1.777153018,0.997664199,0.000000000,0.000000000,0.000000000,1.000000000
1403636587.369881392,4.799906206,-1.771927041,0.997395058,0.000000000,0.000000000,0.000000000,1.000000000
1403636587.420881271,4.799307728,-1.764657314,0.996781922,0.000000000,0.000000000,0.000000000,1.000000000
1403636587.521881342,4.796032816,-1.744202966,0.996254302,0.000000000,0.000000000,0.000000000,1.000000000
1403636587.566881180,4.796795300,-1.733146404,0.995884283,0.000000000,0.000000000,0.000000000,1.000000000
1403636587.621881247,4.799723925,-1.718901830,0.995317721,0.000000000,0.000000000,0.000000000,1.000000000
1403636587.718881369,4.805342908,-1.687948168,0.995043606,0.000000000,0.000000000,0.000000000,1.000000000
1403636587.817881346,4.814229965,-1.653417090,0.995845270,0.000000000,0.000000000,0.000000000,1.000000000
1403636587.869881392,4.816860440,-1.633613026,0.996980541,0.000000000,0.000000000,0.000000000,1.000000000
1403636587.967881203,4.826636133,-1.598467823,0.998095588,0.000000000,0.000000000,0.000000000,1.000000000
1403636588.018881321,4.831445676,-1.580470156,0.997552837,0.000000000,0.000000000,0.000000000,1.000000000
1403636588.068881273,4.835839265,-1.563321889,0.996339147,0.000000000,0.000000000,0.000000000,1.000000000
1403636588.117881298,4.839687366,-1.547539962,0.994704195,0.000000000,0.000000000,0.000000000,1.000000000
1403636588.167881250,4.843248818,-1.532383080,0.992743484,0.000000000,0.000000000,0.000000000,1.000000000
1403636588.221881390,4.845602382,-1.517505308,0.990623333,0.000000000,0.000000000,0.000000000,1.000000000
1403636588.270881176,4.848977459,-1.505771939,0.987927872,0.000000000,0.000000000,0.000000000,1.000000000
1403636588.320881367,4.851911224,-1.495452080,0.985480849,0.000000000,0.000000000,0.000000000,1.000000000
1403636588.422881365,4.856001397,-1.480648154,0.981269909,0.000000000,0.000000000,0.000000000,1.000000000
1403636588.470881224,4.858061527,-1.476789812,0.979724219,0.000000000,0.000000000,0.000000000,1.000000000
1403636588.567881346,4.860416497,-1.475236480,0.977691221,0.000000000,0.000000000,0.000000000,1.000000000
1403636588.621881247,4.860709197,-1.477604468,0.977331656,0.000000000,0.000000000,0.000000000,1.000000000
1403636588.718881369,4.858784635,-1.488222802,0.979796948,0.000000000,0.000000000,0.000000000,1.000000000
1403636588.767881393,4.857488032,-1.496568275,0.981813478,0.000000000,0.000000000,0.000000000,1.000000000
1403636588.818881273,4.855519505,-1.506967636,0.983645353,0.000000000,0.000000000,0.000000000,1.000000000
1403636588.867881298,4.854063990,-1.518797417,0.984825045,0.000000000,0.000000000,0.000000000,1.000000000
1403636588.918881178,4.850988644,-1.532164205,0.985514353,0.000000000,0.000000000,0.000000000,1.000000000
1403636588.968881369,4.848431014,-1.546915814,0.985667005,0.000000000,0.000000000,0.000000000,1.000000000
1403636589.019881248,4.845215465,-1.563572283,0.985836718,0.000000000,0.000000000,0.000000000,1.000000000
1403636589.069881201,4.840664841,-1.581119735,0.986682603,0.000000000,0.000000000,0.000000000,1.000000000
1403636589.167881250,4.832473924,-1.619688639,0.989866133,0.000000000,0.000000000,0.000000000,1.000000000
1403636589.218881369,4.828452198,-1.641806174,0.992362197,0.000000000,0.000000000,0.000000000,1.000000000
1403636589.268881321,4.824271294,-1.664163069,0.995121547,0.000000000,0.000000000,0.000000000,1.000000000
1403636589.316881180,4.819337441,-1.685389990,0.998105097,0.000000000,0.000000000,0.000000000,1.000000000
1403636589.366881371,4.814925953,-1.707776064,1.000770119,0.000000000,0.000000000,0.000000000,1.000000000
1403636589.467881203,4.802821610,-1.754400578,1.004715950,0.000000000,0.000000000,0.000000000,1.000000000
1403636589.517881393,4.795499871,-1.777433459,1.005520697,0.000000000,0.000000000,0.000000000,1.000000000
1403636589.568881273,4.788929235,-1.800898826,1.005960015,0.000000000,0.000000000,0.000000000,1.000000000
1403636589.619881392,4.782259861,-1.824274383,1.006306047,0.000000000,0.000000000,0.000000000,1.000000000
1403636589.667881250,4.775711261,-1.846916887,1.006266374,0.000000000,0.000000000,0.000000000,1.000000000
1403636589.716881275,4.772831399,-1.870777871,1.005702558,0.000000000,0.000000000,0.000000000,1.000000000
1403636589.768881321,4.765939062,-1.893655632,1.005472565,0.000000000,0.000000000,0.000000000,1.000000000
1403636589.819881201,4.759868323,-1.916851488,1.005105751,0.000000000,0.000000000,0.000000000,1.000000000
1403636589.868881226,4.754411875,-1.938175138,1.004448306,0.000000000,0.000000000,0.000000000,1.000000000
1403636589.919881344,4.748329339,-1.960591732,1.003076066,0.000000000,0.000000000,0.000000000,1.000000000
1403636589.967881203,4.742652396,-1.981501374,1.000638781,0.000000000,0.000000000,0.000000000,1.000000000
1403636590.019881248,4.737648565,-1.998249928,0.999195456,0.000000000,0.000000000,0.000000000,1.000000000
1403636590.070881367,4.733793331,-2.014529006,0.997007246,0.000000000,0.000000000,0.000000000,1.000000000
1403636590.119881392,4.729451095,-2.029204912,0.994600442,0.000000000,0.000000000,0.000000000,1.000000000
1403636590.219881296,4.724209931,-2.053576699,0.992841977,0.000000000,0.000000000,0.000000000,1.000000000
1403636590.268881321,4.722604707,-2.062331724,0.993001532,0.000000000,0.000000000,0.000000000,1.000000000
1403636590.319881201,4.722170428,-2.068465370,0.993513004,0.000000000,0.000000000,0.000000000,1.000000000
1403636590.367881298,4.722102875,-2.071332019,0.994370561,0.000000000,0.000000000,0.000000000,1.000000000
1403636590.419881344,4.724141587,-2.071910551,0.995287438,0.000000000,0.000000000,0.000000000,1.000000000
1403636590.569881201,4.734383863,-2.056765637,0.998507637,0.000000000,0.000000000,0.000000000,1.000000000
1403636590.619881392,4.738453023,-2.045260883,1.000230555,0.000000000,0.000000000,0.000000000,1.000000000
1403636590.671881199,4.744208565,-2.032310109,1.002004691,0.000000000,0.000000000,0.000000000,1.000000000
1403636590.720881224,4.751585652,-2.018000213,1.003734997,0.000000000,0.000000000,0.000000000,1.000000000
1403636590.768881321,4.757592782,-2.001623662,1.005417108,0.000000000,0.000000000,0.000000000,1.000000000
1403636590.866881371,4.770648423,-1.965464995,1.007128052,0.000000000,0.000000000,0.000000000,1.000000000
1403636590.921881199,4.777953801,-1.944799187,1.006431386,0.000000000,0.000000000,0.000000000,1.000000000
1403636590.966881275,4.784082487,-1.924219598,1.006132341,0.000000000,0.000000000,0.000000000,1.000000000
1403636591.017881393,4.790061027,-1.900840827,1.005006207,0.000000000,0.000000000,0.000000000,1.000000000
1403636591.067881346,4.796795155,-1.877980850,1.003876321,0.000000000,0.000000000,0.000000000,1.000000000
1403636591.119881392,4.800620812,-1.853993024,1.002790592,0.000000000,0.000000000,0.000000000,1.000000000
1403636591.220881224,4.813626535,-1.807807671,1.000047100,0.000000000,0.000000000,0.000000000,1.000000000
1403636591.267881393,4.818306082,-1.786384773,0.999111169,0.000000000,0.000000000,0.000000000,1.000000000
1403636591.320881367,4.824216131,-1.764235528,0.998106994,0.000000000,0.000000000,0.000000000,1.000000000
1403636591.368881226,4.828212844,-1.744095727,0.996991568,0.000000000,0.000000000,0.000000000,1.000000000
1403636591.419881344,4.832692111,-1.725078707,0.994937370,0.000000000,0.000000000,0.000000000,1.000000000
1403636591.470881224,4.833432473,-1.707310334,0.992670934,0.000000000,0.000000000,0.000000000,1.000000000
1403636591.521881342,4.837185729,-1.692680101,0.989580828,0.000000000,0.000000000,0.000000000,1.000000000
1403636591.619881392,4.840173286,-1.669444113,0.981779243,0.000000000,0.000000000,0.000000000,1.000000000
1403636591.666881323,4.840689777,-1.660533632,0.977847168,0.000000000,0.000000000,0.000000000,1.000000000
1403636591.718881369,4.841818621,-1.652756102,0.973506542,0.000000000,0.000000000,0.000000000,1.000000000
1403636591.767881393,4.841418511,-1.646399950,0.969461720,0.000000000,0.000000000,0.000000000,1.000000000
1403636591.818881273,4.841396500,-1.642174504,0.965866773,0.000000000,0.000000000,0.000000000,1.000000000
1403636591.868881226,4.840919287,-1.639616433,0.963311559,0.000000000,0.000000000,0.000000000,1.000000000
1403636591.968881369,4.840673586,-1.636542139,0.961290669,0.000000000,0.000000000,0.000000000,1.000000000
1403636592.020881176,4.840253129,-1.634590269,0.961123786,0.000000000,0.000000000,0.000000000,1.000000000
1403636592.066881180,4.838109833,-1.631581783,0.961350590,0.000000000,0.000000000,0.000000000,1.000000000
1403636592.117881298,4.836400949,-1.627220645,0.961398413,0.000000000,0.000000000,0.000000000,1.000000000
1403636592.166881323,4.833219834,-1.620886696,0.961355254,0.000000000,0.000000000,0.000000000,1.000000000
1403636592.217881203,4.829452735,-1.612934095,0.960762329,0.000000000,0.000000000,0.000000000,1.000000000
1403636592.267881393,4.815489578,-1.600808617,0.960906871,0.000000000,0.000000000,0.000000000,1.000000000
1403636592.318881273,4.809172470,-1.590769025,0.959919512,0.000000000,0.000000000,0.000000000,1.000000000
1403636592.368881226,4.800908019,-1.580264644,0.959197557,0.000000000,0.000000000,0.000000000,1.000000000
1403636592.469881296,4.782662052,-1.561156387,0.957729211,0.000000000,0.000000000,0.000000000,1.000000000
1403636592.518881321,4.772415386,-1.553437126,0.957130926,0.000000000,0.000000000,0.000000000,1.000000000
1403636592.569881201,4.760628317,-1.547311387,0.956876048,0.000000000,0.000000000,0.000000000,1.000000000
1403636592.619881392,4.733853720,-1.539200017,0.958665394,0.000000000,0.000000000,0.000000000,1.000000000
1403636592.721881390,4.703509765,-1.538336229,0.959174861,0.000000000,0.000000000,0.000000000,1.000000000
1403636592.770881176,4.687523950,-1.541785101,0.958891290,0.000000000,0.000000000,0.000000000,1.000000000
1403636592.820881367,4.671667299,-1.547814360,0.958081289,0.000000000,0.000000000,0.000000000,1.000000000
1403636592.869881392,4.656223816,-1.555703912,0.957265366,0.000000000,0.000000000,0.000000000,1.000000000
1403636592.920881271,4.638738076,-1.566447143,0.956586706,0.000000000,0.000000000,0.000000000,1.000000000
1403636592.967881203,4.613553223,-1.575121535,0.957224654,0.000000000,0.000000000,0.000000000,1.000000000
1403636593.021881342,4.599564332,-1.593548959,0.955507418,0.000000000,0.000000000,0.000000000,1.000000000
1403636593.067881346,4.588250084,-1.613203037,0.953895566,0.000000000,0.000000000,0.000000000,1.000000000
1403636593.167881250,4.569975941,-1.660843505,0.952437868,0.000000000,0.000000000,0.000000000,1.000000000
1403636593.218881369,4.564532470,-1.690230878,0.952254238,0.000000000,0.000000000,0.000000000,1.000000000
1403636593.268881321,4.560683773,-1.720843935,0.952874822,0.000000000,0.000000000,0.000000000,1.000000000
1403636593.319881201,4.572743660,-1.756913270,0.952475579,0.000000000,0.000000000,0.000000000,1.000000000
1403636593.418881178,4.583096597,-1.817058906,0.955384862,0.000000000,0.000000000,0.000000000,1.000000000
1403636593.467881203,4.590840937,-1.844269805,0.956983165,0.000000000,0.000000000,0.000000000,1.000000000
1403636593.517881393,4.603571855,-1.869408181,0.957836261,0.000000000,0.000000000,0.000000000,1.000000000
1403636593.566881180,4.618448741,-1.891513441,0.957768288,0.000000000,0.000000000,0.000000000,1.000000000
1403636593.618881226,4.634137305,-1.908787980,0.957324756,0.000000000,0.000000000,0.000000000,1.000000000
1403636593.667881250,4.652434882,-1.922026561,0.955796955,0.000000000,0.000000000,0.000000000,1.000000000
1403636593.716881275,4.690647571,-1.938965307,0.951542842,0.000000000,0.000000000,0.000000000,1.000000000
1403636593.769881248,4.707508987,-1.942228208,0.949054482,0.000000000,0.000000000,0.000000000,1.000000000
1403636593.917881250,4.799396299,-1.945434254,0.937554086,0.000000000,0.000000000,0.000000000,1.000000000
1403636594.019881248,4.823236755,-1.915380570,0.936357687,0.000000000,0.000000000,0.000000000,1.000000000
1403636594.068881273,4.843818526,-1.901495576,0.936008364,0.000000000,0.000000000,0.000000000,1.000000000
1403636594.118881226,4.864342884,-1.884904252,0.936162703,0.000000000,0.000000000,0.000000000,1.000000000
1403636594.167881250,4.882333626,-1.866388734,0.936915828,0.000000000,0.000000000,0.000000000,1.000000000
1403636594.219881296,4.900656625,-1.846634574,0.937503928,0.000000000,0.000000000,0.000000000,1.000000000
1403636594.267881393,4.914924390,-1.825864847,0.937972689,0.000000000,0.000000000,0.000000000,1.000000000
1403636594.316881180,4.922186937,-1.800406007,0.938160122,0.000000000,0.000000000,0.000000000,1.000000000
1403636594.368881226,4.926910791,-1.772493753,0.937702058,0.000000000,0.000000000,0.000000000,1.000000000
1403636594.418881178,4.928249630,-1.744505963,0.936775113,0.000000000,0.000000000,0.000000000,1.000000000
1403636594.469881296,4.926577684,-1.715519912,0.935702215,0.000000000,0.000000000,0.000000000,1.000000000
1403636594.521881342,4.922956493,-1.685601399,0.934670709,0.000000000,0.000000000,0.000000000,1.000000000
1403636594.568881273,4.915828211,-1.656140239,0.933480906,0.000000000,0.000000000,0.000000000,1.000000000
1403636594.619881392,4.890305765,-1.621695461,0.934247903,0.000000000,0.000000000,0.000000000,1.000000000
1403636594.719881296,4.865325512,-1.571034159,0.931886842,0.000000000,0.000000000,0.000000000,1.000000000
1403636594.768881321,4.850226410,-1.551930766,0.931018634,0.000000000,0.000000000,0.000000000,1.000000000
1403636594.819881201,4.833398212,-1.538125842,0.930098560,0.000000000,0.000000000,0.000000000,1.000000000
1403636594.866881371,4.815471403,-1.531062163,0.929174124,0.000000000,0.000000000,0.000000000,1.000000000
1403636594.918881178,4.795482982,-1.530106657,0.927288651,0.000000000,0.000000000,0.000000000,1.000000000
1403636595.068881273,4.708856181,-1.557400729,0.923179522,0.000000000,0.000000000,0.000000000,1.000000000
1403636595.218881369,4.660969044,-1.645546947,0.917280629,0.000000000,0.000000000,0.000000000,1.000000000
1403636595.318881273,4.632231665,-1.711967771,0.913643777,0.000000000,0.000000000,0.000000000,1.000000000
1403636595.368881226,4.623215945,-1.744540480,0.913043005,0.000000000,0.000000000,0.000000000,1.000000000
1403636595.420881271,4.620507334,-1.776616358,0.911557510,0.000000000,0.000000000,0.000000000,1.000000000
1403636595.466881275,4.619835913,-1.803211695,0.910867933,0.000000000,0.000000000,0.000000000,1.000000000
1403636595.520881176,4.620925365,-1.827888711,0.910603270,0.000000000,0.000000000,0.000000000,1.000000000
1403636595.570881367,4.627599132,-1.846462552,0.910341284,0.000000000,0.000000000,0.000000000,1.000000000
1403636595.620881319,4.636550020,-1.859326585,0.910322242,0.000000000,0.000000000,0.000000000,1.000000000
1403636595.667881250,4.648089712,-1.865627945,0.910033972,0.000000000,0.000000000,0.000000000,1.000000000
1403636595.866881371,4.764167755,-1.856421791,0.900111081,0.000000000,0.000000000,0.000000000,1.000000000
1403636596.019881248,4.799868548,-1.789667585,0.895947920,0.000000000,0.000000000,0.000000000,1.000000000
1403636596.069881201,4.828496788,-1.771949225,0.892194660,0.000000000,0.000000000,0.000000000,1.000000000
1403636596.121881247,4.850063345,-1.753251075,0.890227458,0.000000000,0.000000000,0.000000000,1.000000000
1403636596.169881344,4.871037593,-1.738952024,0.888537738,0.000000000,0.000000000,0.000000000,1.000000000
1403636596.219881296,4.889885725,-1.727693261,0.887654686,0.000000000,0.000000000,0.000000000,1.000000000
1403636596.270881176,4.907828053,-1.722044365,0.887177562,0.000000000,0.000000000,0.000000000,1.000000000
1403636596.319881201,4.922842238,-1.722084094,0.887911157,0.000000000,0.000000000,0.000000000,1.000000000
1403636596.369881392,4.937672299,-1.729070024,0.889585586,0.000000000,0.000000000,0.000000000,1.000000000
1403636596.420881271,4.948643133,-1.741745815,0.893512540,0.000000000,0.000000000,0.000000000,1.000000000
1403636596.667881250,5.005972066,-1.856150536,0.922506368,0.000000000,0.000000000,0.000000000,1.000000000
1403636596.718881369,5.026281261,-1.883482924,0.926367350,0.000000000,0.000000000,0.000000000,1.000000000
1403636596.768881321,5.029540335,-1.901754710,0.930467366,0.000000000,0.000000000,0.000000000,1.000000000
1403636596.820881367,5.032444775,-1.917660068,0.933455078,0.000000000,0.000000000,0.000000000,1.000000000
1403636596.869881392,5.033766875,-1.928642342,0.934667761,0.000000000,0.000000000,0.000000000,1.000000000
1403636596.920881271,5.032350009,-1.935209898,0.934908651,0.000000000,0.000000000,0.000000000,1.000000000
1403636596.970881224,5.028320996,-1.936975519,0.933865962,0.000000000,0.000000000,0.000000000,1.000000000
1403636597.018881321,5.021584363,-1.934465909,0.932443686,0.000000000,0.000000000,0.000000000,1.000000000
1403636597.070881367,5.011973758,-1.928031202,0.930371001,0.000000000,0.000000000,0.000000000,1.000000000
1403636597.121881247,4.980813688,-1.910916079,0.930116093,0.000000000,0.000000000,0.000000000,1.000000000
1403636597.218881369,4.941417983,-1.880235743,0.925670511,0.000000000,0.000000000,0.000000000,1.000000000
1403636597.267881393,4.918126371,-1.861633163,0.923743182,0.000000000,0.000000000,0.000000000,1.000000000
1403636597.318881273,4.895094607,-1.842399624,0.922192196,0.000000000,0.000000000,0.000000000,1.000000000
1403636597.369881392,4.871271735,-1.822822057,0.922147092,0.000000000,0.000000000,0.000000000,1.000000000
1403636597.419881344,4.848110288,-1.804684669,0.923331138,0.000000000,0.000000000,0.000000000,1.000000000
1403636597.468881369,4.790975029,-1.775209335,0.928486999,0.000000000,0.000000000,0.000000000,1.000000000
1403636597.519881248,4.765989274,-1.759193679,0.930199946,0.000000000,0.000000000,0.000000000,1.000000000
1403636597.567881346,4.742049104,-1.745962676,0.931367446,0.000000000,0.000000000,0.000000000,1.000000000
1403636597.669881344,4.693046047,-1.725084641,0.932604372,0.000000000,0.000000000,0.000000000,1.000000000
1403636597.766881227,4.658524180,-1.719407677,0.931412189,0.000000000,0.000000000,0.000000000,1.000000000
1403636597.817881346,4.639994101,-1.719992751,0.930849512,0.000000000,0.000000000,0.000000000,1.000000000
1403636597.867881298,4.635567597,-1.728417348,0.929055404,0.000000000,0.000000000,0.000000000,1.000000000
1403636597.917881250,4.634424665,-1.739708474,0.927895240,0.000000000,0.000000000,0.000000000,1.000000000
1403636597.967881203,4.637043666,-1.752480220,0.927082613,0.000000000,0.000000000,0.000000000,1.000000000
1403636598.017881393,4.643676716,-1.765969116,0.926309974,0.000000000,0.000000000,0.000000000,1.000000000
1403636598.067881346,4.652641048,-1.778976232,0.925651959,0.000000000,0.000000000,0.000000000,1.000000000
1403636598.116881371,4.663073284,-1.790917195,0.924971666,0.000000000,0.000000000,0.000000000,1.000000000
1403636598.217881203,4.711548923,-1.820294016,0.919978073,0.000000000,0.000000000,0.000000000,1.000000000
1403636598.267881393,4.727434163,-1.828750262,0.917777542,0.000000000,0.000000000,0.000000000,1.000000000
1403636598.320881367,4.743727331,-1.835802892,0.914486279,0.000000000,0.000000000,0.000000000,1.000000000
1403636598.369881392,4.758601896,-1.840555484,0.909988498,0.000000000,0.000000000,0.000000000,1.000000000
1403636598.420881271,4.771729699,-1.843816577,0.904184690,0.000000000,0.000000000,0.000000000,1.000000000
1403636598.470881224,4.781658834,-1.844116045,0.898220416,0.000000000,0.000000000,0.000000000,1.000000000
1403636598.520881176,4.795368764,-1.845176282,0.890403001,0.000000000,0.000000000,0.000000000,1.000000000
1403636598.568881273,4.798074348,-1.841339250,0.883154192,0.000000000,0.000000000,0.000000000,1.000000000
1403636598.670881271,4.793676858,-1.827937693,0.867991597,0.000000000,0.000000000,0.000000000,1.000000000
1403636598.719881296,4.786534435,-1.818819554,0.861135738,0.000000000,0.000000000,0.000000000,1.000000000
1403636598.767881393,4.778327019,-1.809591075,0.854220613,0.000000000,0.000000000,0.000000000,1.000000000
1403636598.819881201,4.769166412,-1.799583033,0.846219318,0.000000000,0.000000000,0.000000000,1.000000000
1403636598.866881371,4.757778404,-1.789672713,0.838152181,0.000000000,0.000000000,0.000000000,1.000000000
1403636598.967881203,4.726869875,-1.766815840,0.818044293,0.000000000,0.000000000,0.000000000,1.000000000
1403636599.018881321,4.717503991,-1.758073685,0.805313279,0.000000000,0.000000000,0.000000000,1.000000000
1403636599.068881273,4.708734395,-1.750419451,0.792391219,0.000000000,0.000000000,0.000000000,1.000000000
1403636599.118881226,4.699687522,-1.743434191,0.779586312,0.000000000,0.000000000,0.000000000,1.000000000
1403636599.166881323,4.693278757,-1.738108944,0.767197911,0.000000000,0.000000000,0.000000000,1.000000000
1403636599.218881369,4.686244039,-1.732211283,0.756574011,0.000000000,0.000000000,0.000000000,1.000000000
1403636599.269881248,4.678564277,-1.725955570,0.748016084,0.000000000,0.000000000,0.000000000,1.000000000
1403636599.318881273,4.676495167,-1.722293159,0.740199641,0.000000000,0.000000000,0.000000000,1.000000000
1403636599.419881344,4.671788032,-1.717259380,0.726501061,0.000000000,0.000000000,0.000000000,1.000000000
1403636599.469881296,4.669358578,-1.715220058,0.720352874,0.000000000,0.000000000,0.000000000,1.000000000
1403636599.566881180,4.662863398,-1.713145567,0.709272962,0.000000000,0.000000000,0.000000000,1.000000000
1403636599.618881226,4.658952501,-1.712626307,0.704190608,0.000000000,0.000000000,0.000000000,1.000000000
1403636599.718881369,4.650740093,-1.710577436,0.695979162,0.000000000,0.000000000,0.000000000,1.000000000
1403636599.768881321,4.649237223,-1.709839565,0.691971164,0.000000000,0.000000000,0.000000000,1.000000000
1403636599.819881201,4.647716963,-1.709095617,0.687872843,0.000000000,0.000000000,0.000000000,1.000000000
1403636599.868881226,4.647693541,-1.707862868,0.685150015,0.000000000,0.000000000,0.000000000,1.000000000
1403636599.917881250,4.649805403,-1.707338767,0.683781786,0.000000000,0.000000000,0.000000000,1.000000000
1403636599.966881275,4.653769406,-1.707624012,0.682359315,0.000000000,0.000000000,0.000000000,1.000000000
1403636600.019881248,4.655766684,-1.707391328,0.680953004,0.000000000,0.000000000,0.000000000,1.000000000
1403636600.068881273,4.657004836,-1.706698856,0.680411734,0.000000000,0.000000000,0.000000000,1.000000000
1403636600.167881250,4.657257322,-1.705571369,0.679499848,0.000000000,0.000000000,0.000000000,1.000000000
1403636600.217881203,4.657603168,-1.704029311,0.678259900,0.000000000,0.000000000,0.000000000,1.000000000
1403636600.268881321,4.658801777,-1.703557579,0.677958067,0.000000000,0.000000000,0.000000000,1.000000000
1403636600.319881201,4.658893438,-1.703268217,0.677877945,0.000000000,0.000000000,0.000000000,1.000000000
1403636600.367881298,4.658840964,-1.703346965,0.677743742,0.000000000,0.000000000,0.000000000,1.000000000
1403636600.469881296,4.659816056,-1.703485758,0.677440970,0.000000000,0.000000000,0.000000000,1.000000000
1403636600.567881346,4.659804905,-1.703512524,0.677433231,0.000000000,0.000000000,0.000000000,1.000000000
1403636600.618881226,4.659820648,-1.703465165,0.677424333,0.000000000,0.000000000,0.000000000,1.000000000
1403636600.669881344,4.659839580,-1.703432361,0.677463649,0.000000000,0.000000000,0.000000000,1.000000000
1403636600.718881369,4.659833727,-1.703443071,0.677452673,0.000000000,0.000000000,0.000000000,1.000000000
1403636600.769881248,4.659840095,-1.703419635,0.677440213,0.000000000,0.000000000,0.000000000,1.000000000
1403636600.870881319,4.659831488,-1.703452593,0.677459710,0.000000000,0.000000000,0.000000000,1.000000000
1403636600.921881199,4.659849189,-1.703398059,0.677447050,0.000000000,0.000000000,0.000000000,1.000000000
1403636600.967881203,4.659854778,-1.703385826,0.677453382,0.000000000,0.000000000,0.000000000,1.000000000
1403636601.018881321,4.659845579,-1.703400171,0.677430973,0.000000000,0.000000000,0.000000000,1.000000000
1403636601.067881346,4.659831107,-1.703431083,0.677413006,0.000000000,0.000000000,0.000000000,1.000000000
1403636601.120881319,4.659843703,-1.703418547,0.677458403,0.000000000,0.000000000,0.000000000,1.000000000
1403636601.220881224,4.659813065,-1.703490275,0.677433379,0.000000000,0.000000000,0.000000000,1.000000000
1403636601.269881248,4.659836141,-1.703437649,0.677455122,0.000000000,0.000000000,0.000000000,1.000000000
1403636601.319881201,4.659850744,-1.703397993,0.677455725,0.000000000,0.000000000,0.000000000,1.000000000
1403636601.369881392,4.659835947,-1.703460035,0.677500385,0.000000000,0.000000000,0.000000000,1.000000000
1403636601.469881296,4.659839493,-1.703436835,0.677472427,0.000000000,0.000000000,0.000000000,1.000000000
1403636601.520881176,4.659841202,-1.703422939,0.677453327,0.000000000,0.000000000,0.000000000,1.000000000
1403636601.569881201,4.659818844,-1.703483233,0.677451536,0.000000000,0.000000000,0.000000000,1.000000000
1403636601.619881392,4.658888345,-1.703175820,0.677657692,0.000000000,0.000000000,0.000000000,1.000000000
1403636601.666881323,4.658908501,-1.703112432,0.677640598,0.000000000,0.000000000,0.000000000,1.000000000
1403636601.717881203,4.658882690,-1.703200072,0.677675880,0.000000000,0.000000000,0.000000000,1.000000000
1403636601.766881227,4.658918230,-1.703085373,0.677639677,0.000000000,0.000000000,0.000000000,1.000000000
1403636601.818881273,4.659828369,-1.703485402,0.677509986,0.000000000,0.000000000,0.000000000,1.000000000
1403636601.918881178,4.658918984,-1.703095517,0.677664959,0.000000000,0.000000000,0.000000000,1.000000000
1403636601.967881203,4.659819365,-1.703516134,0.677522624,0.000000000,0.000000000,0.000000000,1.000000000
1403636602.018881321,4.658904743,-1.703125236,0.677645825,0.000000000,0.000000000,0.000000000,1.000000000
1403636602.068881273,4.658899236,-1.703136904,0.677638790,0.000000000,0.000000000,0.000000000,1.000000000
1403636602.119881392,4.658903306,-1.703131306,0.677650256,0.000000000,0.000000000,0.000000000,1.000000000
1403636602.216881275,4.658920678,-1.703093300,0.677669965,0.000000000,0.000000000,0.000000000,1.000000000
1403636602.266881227,4.658905039,-1.703130837,0.677659104,0.000000000,0.000000000,0.000000000,1.000000000
1403636602.316881180,4.658898992,-1.703136893,0.677637385,0.000000000,0.000000000,0.000000000,1.000000000
1403636602.366881371,4.658905104,-1.703130971,0.677659747,0.000000000,0.000000000,0.000000000,1.000000000
1403636602.419881344,4.658904635,-1.703133194,0.677661694,0.000000000,0.000000000,0.000000000,1.000000000
1403636602.466881275,4.658933893,-1.703061792,0.677679580,0.000000000,0.000000000,0.000000000,1.000000000
1403636602.518881321,4.658922211,-1.703097675,0.677687708,0.000000000,0.000000000,0.000000000,1.000000000
1403636602.567881346,4.659842523,-1.703435597,0.677487025,0.000000000,0.000000000,0.000000000,1.000000000
1403636602.667881250,4.658913503,-1.703103313,0.677650052,0.000000000,0.000000000,0.000000000,1.000000000
1403636602.718881369,4.658916018,-1.703096384,0.677649948,0.000000000,0.000000000,0.000000000,1.000000000
1403636602.771881342,4.658938351,-1.703053881,0.677688449,0.000000000,0.000000000,0.000000000,1.000000000
1403636602.820881367,4.658933810,-1.703055023,0.677665089,0.000000000,0.000000000,0.000000000,1.000000000
1403636602.921881199,4.658940421,-1.703047714,0.677687409,0.000000000,0.000000000,0.000000000,1.000000000
1403636602.969881296,4.658917850,-1.703110001,0.677688532,0.000000000,0.000000000,0.000000000,1.000000000
1403636603.020881176,4.658925024,-1.703083610,0.677674518,0.000000000,0.000000000,0.000000000,1.000000000
1403636603.070881367,4.658934522,-1.703069180,0.677698441,0.000000000,0.000000000,0.000000000,1.000000000
1403636603.118881226,4.659857262,-1.703435545,0.677570422,0.000000000,0.000000000,0.000000000,1.000000000
1403636603.219881296,4.659839233,-1.703451696,0.677501726,0.000000000,0.000000000,0.000000000,1.000000000
1403636603.318881273,4.658939055,-1.703054834,0.677694415,0.000000000,0.000000000,0.000000000,1.000000000
1403636603.368881226,4.658944968,-1.703062616,0.677744034,0.000000000,0.000000000,0.000000000,1.000000000
1403636603.420881271,4.659870387,-1.703395086,0.677560993,0.000000000,0.000000000,0.000000000,1.000000000
1403636603.471881390,4.658940082,-1.703065442,0.677722207,0.000000000,0.000000000,0.000000000,1.000000000
1403636603.521881342,4.658939699,-1.703087838,0.677766421,0.000000000,0.000000000,0.000000000,1.000000000
1403636603.568881273,4.658937458,-1.703077895,0.677733127,0.000000000,0.000000000,0.000000000,1.000000000
1403636603.669881344,4.658946789,-1.703064021,0.677757264,0.000000000,0.000000000,0.000000000,1.000000000
1403636603.768881321,4.658937765,-1.703066108,0.677710457,0.000000000,0.000000000,0.000000000,1.000000000
1403636603.819881201,4.658939418,-1.703065602,0.677718771,0.000000000,0.000000000,0.000000000,1.000000000
1403636603.867881298,4.658947832,-1.703061460,0.677757867,0.000000000,0.000000000,0.000000000,1.000000000
1403636603.918881178,4.659877734,-1.703414401,0.677642632,0.000000000,0.000000000,0.000000000,1.000000000
1403636603.968881369,4.658943282,-1.703071636,0.677753161,0.000000000,0.000000000,0.000000000,1.000000000
1403636604.019881248,4.658937523,-1.703083561,0.677745232,0.000000000,0.000000000,0.000000000,1.000000000
1403636604.068881273,4.658957777,-1.703067219,0.677826150,0.000000000,0.000000000,0.000000000,1.000000000
1403636604.118881226,4.658928125,-1.703095759,0.677717249,0.000000000,0.000000000,0.000000000,1.000000000
1403636604.217881203,4.658928585,-1.703106103,0.677741283,0.000000000,0.000000000,0.000000000,1.000000000
1403636604.267881393,4.659861957,-1.703440372,0.677607028,0.000000000,0.000000000,0.000000000,1.000000000
1403636604.318881273,4.658969474,-1.703033175,0.677821914,0.000000000,0.000000000,0.000000000,1.000000000
1403636604.368881226,4.659862176,-1.703414885,0.677555478,0.000000000,0.000000000,0.000000000,1.000000000
1403636604.418881178,4.658932628,-1.703082271,0.677714827,0.000000000,0.000000000,0.000000000,1.000000000
1403636604.468881369,4.658966676,-1.703035662,0.677811208,0.000000000,0.000000000,0.000000000,1.000000000
1403636604.517881393,4.658917939,-1.703117971,0.677705539,0.000000000,0.000000000,0.000000000,1.000000000
1403636604.568881273,4.658967461,-1.703020797,0.677784870,0.000000000,0.000000000,0.000000000,1.000000000
1403636604.618881226,4.658949605,-1.703068059,0.677781584,0.000000000,0.000000000,0.000000000,1.000000000
1403636604.720881224,4.658940695,-1.703069743,0.677734584,0.000000000,0.000000000,0.000000000,1.000000000
1403636604.768881321,4.658929079,-1.703093895,0.677718793,0.000000000,0.000000000,0.000000000,1.000000000
1403636604.820881367,4.658951904,-1.703030791,0.677717416,0.000000000,0.000000000,0.000000000,1.000000000
1403636604.870881319,4.658947149,-1.703074758,0.677781544,0.000000000,0.000000000,0.000000000,1.000000000
1403636604.970881224,4.658951142,-1.703036483,0.677724891,0.000000000,0.000000000,0.000000000,1.000000000
1403636605.021881342,4.658938293,-1.703071433,0.677724473,0.000000000,0.000000000,0.000000000,1.000000000
1403636605.070881367,4.659878477,-1.703377818,0.677571066,0.000000000,0.000000000,0.000000000,1.000000000
1403636605.120881319,4.658954837,-1.703031848,0.677736225,0.000000000,0.000000000,0.000000000,1.000000000
1403636605.168881178,4.658942704,-1.703064325,0.677734744,0.000000000,0.000000000,0.000000000,1.000000000
1403636605.218881369,4.659881522,-1.703385570,0.677604376,0.000000000,0.000000000,0.000000000,1.000000000
1403636605.268881321,4.658952290,-1.703037141,0.677732755,0.000000000,0.000000000,0.000000000,1.000000000
1403636605.318881273,4.658954119,-1.703040594,0.677750273,0.000000000,0.000000000,0.000000000,1.000000000
1403636605.368881226,4.658939564,-1.703057392,0.677702595,0.000000000,0.000000000,0.000000000,1.000000000
1403636605.467881203,4.658966604,-1.703022776,0.677784110,0.000000000,0.000000000,0.000000000,1.000000000
1403636605.518881321,4.659878171,-1.703371042,0.677555298,0.000000000,0.000000000,0.000000000,1.000000000
1403636605.568881273,4.658947206,-1.703030948,0.677691128,0.000000000,0.000000000,0.000000000,1.000000000
1403636605.619881392,4.658952266,-1.703060653,0.677781322,0.000000000,0.000000000,0.000000000,1.000000000
1403636605.719881296,4.658953315,-1.703056531,0.677778726,0.000000000,0.000000000,0.000000000,1.000000000
1403636605.769881248,4.658953236,-1.703042910,0.677750068,0.000000000,0.000000000,0.000000000,1.000000000
1403636605.818881273,4.658908438,-1.703126115,0.677668581,0.000000000,0.000000000,0.000000000,1.000000000
1403636605.870881319,4.658959663,-1.703029169,0.677758020,0.000000000,0.000000000,0.000000000,1.000000000
1403636605.919881344,4.659864098,-1.703417530,0.677571842,0.000000000,0.000000000,0.000000000,1.000000000
1403636605.967881203,4.658926157,-1.703103761,0.677722672,0.000000000,0.000000000,0.000000000,1.000000000
1403636606.020881176,4.658938965,-1.703090546,0.677767869,0.000000000,0.000000000,0.000000000,1.000000000
1403636606.070881367,4.658934056,-1.703070088,0.677697684,0.000000000,0.000000000,0.000000000,1.000000000
1403636606.166881323,4.658934012,-1.703077605,0.677713002,0.000000000,0.000000000,0.000000000,1.000000000
1403636606.217881203,4.659857918,-1.703421991,0.677546071,0.000000000,0.000000000,0.000000000,1.000000000
1403636606.268881321,4.658949185,-1.703046815,0.677735201,0.000000000,0.000000000,0.000000000,1.000000000
1403636606.318881273,4.658948471,-1.703061461,0.677761490,0.000000000,0.000000000,0.000000000,1.000000000
1403636606.368881226,4.659866771,-1.703397163,0.677544806,0.000000000,0.000000000,0.000000000,1.000000000
1403636606.468881369,4.658929835,-1.703087567,0.677709970,0.000000000,0.000000000,0.000000000,1.000000000
1403636606.518881321,4.659869815,-1.703412220,0.677593243,0.000000000,0.000000000,0.000000000,1.000000000
1403636606.567881346,4.658948243,-1.703052726,0.677742106,0.000000000,0.000000000,0.000000000,1.000000000
1403636606.619881392,4.658949389,-1.703059627,0.677762897,0.000000000,0.000000000,0.000000000,1.000000000
1403636606.670881271,4.659868259,-1.703397734,0.677554419,0.000000000,0.000000000,0.000000000,1.000000000
1403636606.716881275,4.659878181,-1.703394146,0.677603208,0.000000000,0.000000000,0.000000000,1.000000000
1403636606.767881393,4.659874753,-1.703392274,0.677579903,0.000000000,0.000000000,0.000000000,1.000000000
1403636606.868881226,4.658953984,-1.703033392,0.677734593,0.000000000,0.000000000,0.000000000,1.000000000
1403636606.919881344,4.658955710,-1.703014440,0.677705118,0.000000000,0.000000000,0.000000000,1.000000000
1403636606.967881203,4.658956368,-1.703015162,0.677710342,0.000000000,0.000000000,0.000000000,1.000000000
1403636607.017881393,4.659883405,-1.703352623,0.677546804,0.000000000,0.000000000,0.000000000,1.000000000
1403636607.066881180,4.659876475,-1.703372461,0.677548629,0.000000000,0.000000000,0.000000000,1.000000000
1403636607.118881226,4.659877030,-1.703403774,0.677616626,0.000000000,0.000000000,0.000000000,1.000000000
1403636607.218881369,4.659867398,-1.703397122,0.677548270,0.000000000,0.000000000,0.000000000,1.000000000
1403636607.269881248,4.659875060,-1.703387520,0.677571801,0.000000000,0.000000000,0.000000000,1.000000000
1403636607.319881201,4.658960789,-1.703020877,0.677747226,0.000000000,0.000000000,0.000000000,1.000000000
1403636607.366881371,4.658949550,-1.703056307,0.677756931,0.000000000,0.000000000,0.000000000,1.000000000
1403636607.471881390,4.658930508,-1.703078667,0.677695350,0.000000000,0.000000000,0.000000000,1.000000000
1403636607.521881342,4.658956851,-1.703037431,0.677759201,0.000000000,0.000000000,0.000000000,1.000000000
1403636607.620881319,4.658939769,-1.703071414,0.677732801,0.000000000,0.000000000,0.000000000,1.000000000
1403636607.670881271,4.658940422,-1.703059044,0.677710877,0.000000000,0.000000000,0.000000000,1.000000000
1403636607.721881390,4.658945000,-1.703058843,0.677736401,0.000000000,0.000000000,0.000000000,1.000000000
1403636607.768881321,4.658964288,-1.703006420,0.677737112,0.000000000,0.000000000,0.000000000,1.000000000
1403636607.819881201,4.658936102,-1.703073638,0.677716627,0.000000000,0.000000000,0.000000000,1.000000000
1403636607.868881226,4.658941423,-1.703061333,0.677721290,0.000000000,0.000000000,0.000000000,1.000000000
1403636607.918881178,4.658948896,-1.703052096,0.677744501,0.000000000,0.000000000,0.000000000,1.000000000
1403636607.968881369,4.658945557,-1.703062241,0.677746594,0.000000000,0.000000000,0.000000000,1.000000000
1403636608.019881248,4.658952073,-1.703043938,0.677745609,0.000000000,0.000000000,0.000000000,1.000000000
1403636608.068881273,4.659863691,-1.703407653,0.677549083,0.000000000,0.000000000,0.000000000,1.000000000
1403636608.118881226,4.658967947,-1.702996013,0.677736287,0.000000000,0.000000000,0.000000000,1.000000000
1403636608.218881369,4.658950684,-1.703031170,0.677711291,0.000000000,0.000000000,0.000000000,1.000000000
1403636608.268881321,4.658934033,-1.703080155,0.677718403,0.000000000,0.000000000,0.000000000,1.000000000
1403636608.318881273,4.658941924,-1.703061462,0.677724397,0.000000000,0.000000000,0.000000000,1.000000000
1403636608.368881226,4.659869705,-1.703400465,0.677568267,0.000000000,0.000000000,0.000000000,1.000000000
1403636608.419881344,4.659859548,-1.703418137,0.677547320,0.000000000,0.000000000,0.000000000,1.000000000
1403636608.469881296,4.658945722,-1.703045572,0.677713007,0.000000000,0.000000000,0.000000000,1.000000000
1403636608.521881342,4.658944279,-1.703071408,0.677758341,0.000000000,0.000000000,0.000000000,1.000000000
1403636608.566881180,4.659889819,-1.703358409,0.677595129,0.000000000,0.000000000,0.000000000,1.000000000
1403636608.669881344,4.658947837,-1.703039494,0.677712400,0.000000000,0.000000000,0.000000000,1.000000000
1403636608.720881224,4.658938477,-1.703083640,0.677750801,0.000000000,0.000000000,0.000000000,1.000000000
1403636608.766881227,4.658952732,-1.703052176,0.677766404,0.000000000,0.000000000,0.000000000,1.000000000
1403636608.820881367,4.659869226,-1.703391335,0.677546644,0.000000000,0.000000000,0.000000000,1.000000000
1403636608.870881319,4.659853045,-1.703435675,0.677546802,0.000000000,0.000000000,0.000000000,1.000000000
1403636608.970881224,4.658937110,-1.703089521,0.677755236,0.000000000,0.000000000,0.000000000,1.000000000
1403636609.021881342,4.658955153,-1.703042603,0.677760295,0.000000000,0.000000000,0.000000000,1.000000000
1403636609.070881367,4.659865090,-1.703403323,0.677548037,0.000000000,0.000000000,0.000000000,1.000000000
1403636609.121881247,4.658945396,-1.703055975,0.677732707,0.000000000,0.000000000,0.000000000,1.000000000
1403636609.169881344,4.658957106,-1.703036435,0.677758584,0.000000000,0.000000000,0.000000000,1.000000000
1403636609.220881224,4.658944200,-1.703051655,0.677716980,0.000000000,0.000000000,0.000000000,1.000000000
1403636609.270881176,4.659869116,-1.703387898,0.677538907,0.000000000,0.000000000,0.000000000,1.000000000
1403636609.319881201,4.658948459,-1.703058314,0.677754906,0.000000000,0.000000000,0.000000000,1.000000000
1403636609.420881271,4.658953236,-1.703046588,0.677757686,0.000000000,0.000000000,0.000000000,1.000000000
1403636609.470881224,4.658938713,-1.703060106,0.677703394,0.000000000,0.000000000,0.000000000,1.000000000
1403636609.517881393,4.659864193,-1.703407250,0.677551088,0.000000000,0.000000000,0.000000000,1.000000000
1403636609.567881346,4.659876326,-1.703391372,0.677586953,0.000000000,0.000000000,0.000000000,1.000000000
1403636609.620881319,4.658951974,-1.703051121,0.677759925,0.000000000,0.000000000,0.000000000,1.000000000
1403636609.720881224,4.659870730,-1.703397907,0.677568779,0.000000000,0.000000000,0.000000000,1.000000000
1403636609.766881227,4.658966388,-1.703033809,0.677805740,0.000000000,0.000000000,0.000000000,1.000000000
1403636609.818881273,4.658962296,-1.703037593,0.677790388,0.000000000,0.000000000,0.000000000,1.000000000
1403636609.867881298,4.658954668,-1.703053975,0.677781101,0.000000000,0.000000000,0.000000000,1.000000000
1403636609.916881323,4.659852401,-1.703447460,0.677567560,0.000000000,0.000000000,0.000000000,1.000000000
1403636609.966881275,4.658951263,-1.703086096,0.677828341,0.000000000,0.000000000,0.000000000,1.000000000
1403636610.019881248,4.659864230,-1.703404465,0.677545535,0.000000000,0.000000000,0.000000000,1.000000000
1403636610.069881201,4.659884093,-1.703396064,0.677640678,0.000000000,0.000000000,0.000000000,1.000000000
1403636610.117881298,4.658944217,-1.703075971,0.677767439,0.000000000,0.000000000,0.000000000,1.000000000
1403636610.167881250,4.659858946,-1.703435672,0.677580229,0.000000000,0.000000000,0.000000000,1.000000000
1403636610.219881296,4.658925164,-1.703156197,0.677825658,0.000000000,0.000000000,0.000000000,1.000000000
1403636610.318881273,4.658931952,-1.703128497,0.677806743,0.000000000,0.000000000,0.000000000,1.000000000
1403636610.367881298,4.658924600,-1.703162921,0.677836393,0.000000000,0.000000000,0.000000000,1.000000000
1403636610.418881178,4.659821151,-1.703506571,0.677512937,0.000000000,0.000000000,0.000000000,1.000000000
1403636610.467881203,4.659809421,-1.703520003,0.677474301,0.000000000,0.000000000,0.000000000,1.000000000
1403636610.518881321,4.658945581,-1.703033947,0.677688128,0.000000000,0.000000000,0.000000000,1.000000000
1403636610.568881273,4.658957063,-1.702994032,0.677670518,0.000000000,0.000000000,0.000000000,1.000000000
1403636610.619881392,4.658938427,-1.703052418,0.677685855,0.000000000,0.000000000,0.000000000,1.000000000
1403636610.719881296,4.658883610,-1.703129770,0.677535499,0.000000000,0.000000000,0.000000000,1.000000000
1403636610.767881393,4.658955999,-1.703037573,0.677754669,0.000000000,0.000000000,0.000000000,1.000000000
1403636610.820881367,4.658902351,-1.703123132,0.677627916,0.000000000,0.000000000,0.000000000,1.000000000
1403636610.870881319,4.659757806,-1.703586132,0.677318868,0.000000000,0.000000000,0.000000000,1.000000000
1403636610.919881344,4.658853224,-1.703212662,0.677535030,0.000000000,0.000000000,0.000000000,1.000000000
1403636610.968881369,4.659813646,-1.703429777,0.677311395,0.000000000,0.000000000,0.000000000,1.000000000
1403636611.020881176,4.659867884,-1.703346549,0.677446293,0.000000000,0.000000000,0.000000000,1.000000000
1403636611.068881273,4.659806104,-1.703455498,0.677321931,0.000000000,0.000000000,0.000000000,1.000000000
1403636611.119881392,4.659768788,-1.703530179,0.677265209,0.000000000,0.000000000,0.000000000,1.000000000
1403636611.219881296,4.659821030,-1.703447683,0.677390299,0.000000000,0.000000000,0.000000000,1.000000000
1403636611.268881321,4.659790761,-1.703479453,0.677284630,0.000000000,0.000000000,0.000000000,1.000000000
1403636611.319881201,4.659817095,-1.703421835,0.677314483,0.000000000,0.000000000,0.000000000,1.000000000
1403636611.368881226,4.659844914,-1.703358050,0.677339986,0.000000000,0.000000000,0.000000000,1.000000000
1403636611.468881369,4.658857522,-1.703185307,0.677502728,0.000000000,0.000000000,0.000000000,1.000000000
1403636611.521881342,4.659751324,-1.703563631,0.677235564,0.000000000,0.000000000,0.000000000,1.000000000
1403636611.566881180,4.659817594,-1.703428152,0.677330388,0.000000000,0.000000000,0.000000000,1.000000000
1403636611.620881319,4.659984966,-1.702860642,0.677103581,0.000000000,0.000000000,0.000000000,1.000000000
1403636611.668881178,4.659978716,-1.702844782,0.677035372,0.000000000,0.000000000,0.000000000,1.000000000
1403636611.718881369,4.659932844,-1.702948885,0.676991039,0.000000000,0.000000000,0.000000000,1.000000000
1403636611.768881321,4.659949471,-1.702927890,0.677041742,0.000000000,0.000000000,0.000000000,1.000000000
1403636611.819881201,4.659956057,-1.702921255,0.677065305,0.000000000,0.000000000,0.000000000,1.000000000
1403636611.921881199,4.659944203,-1.702920683,0.676997000,0.000000000,0.000000000,0.000000000,1.000000000
1403636611.968881369,4.659958040,-1.702889236,0.677010277,0.000000000,0.000000000,0.000000000,1.000000000
1403636612.018881321,4.660006119,-1.702806543,0.677111422,0.000000000,0.000000000,0.000000000,1.000000000
1403636612.069881201,4.659961645,-1.702904682,0.677062655,0.000000000,0.000000000,0.000000000,1.000000000
1403636612.118881226,4.659919102,-1.702963799,0.676944093,0.000000000,0.000000000,0.000000000,1.000000000
1403636612.219881296,4.659044005,-1.702522868,0.677187624,0.000000000,0.000000000,0.000000000,1.000000000
1403636612.269881248,4.658992646,-1.702633341,0.677125411,0.000000000,0.000000000,0.000000000,1.000000000
1403636612.318881273,4.658963826,-1.702691354,0.677082272,0.000000000,0.000000000,0.000000000,1.000000000
1403636612.366881371,4.659939568,-1.702907289,0.676943041,0.000000000,0.000000000,0.000000000,1.000000000
1403636612.418881178,4.659083871,-1.702442405,0.677246876,0.000000000,0.000000000,0.000000000,1.000000000
1403636612.468881369,4.659965962,-1.702868741,0.677012727,0.000000000,0.000000000,0.000000000,1.000000000
1403636612.518881321,4.659957197,-1.702851050,0.676926497,0.000000000,0.000000000,0.000000000,1.000000000
1403636612.567881346,4.659957791,-1.702890947,0.677012409,0.000000000,0.000000000,0.000000000,1.000000000
1403636612.668881178,4.659967636,-1.702848398,0.676980112,0.000000000,0.000000000,0.000000000,1.000000000
1403636612.719881296,4.659952777,-1.702897381,0.676997331,0.000000000,0.000000000,0.000000000,1.000000000
1403636612.767881393,4.659979380,-1.702820154,0.676988172,0.000000000,0.000000000,0.000000000,1.000000000
1403636612.817881346,4.659050955,-1.702515268,0.677211249,0.000000000,0.000000000,0.000000000,1.000000000
1403636612.867881298,4.659980593,-1.702848021,0.677052702,0.000000000,0.000000000,0.000000000,1.000000000
1403636612.967881203,4.659034331,-1.702552283,0.677193709,0.000000000,0.000000000,0.000000000,1.000000000
1403636613.020881176,4.659982734,-1.702842498,0.677053395,0.000000000,0.000000000,0.000000000,1.000000000
1403636613.070881367,4.660004265,-1.702796633,0.677080418,0.000000000,0.000000000,0.000000000,1.000000000
1403636613.121881247,4.659986034,-1.702845440,0.677078170,0.000000000,0.000000000,0.000000000,1.000000000
1403636613.220881224,4.659051753,-1.702560410,0.677309185,0.000000000,0.000000000,0.000000000,1.000000000
1403636613.270881176,4.659066975,-1.702507894,0.677286711,0.000000000,0.000000000,0.000000000,1.000000000
1403636613.318881273,4.659042898,-1.702583335,0.677306481,0.000000000,0.000000000,0.000000000,1.000000000
1403636613.367881298,4.659067628,-1.702487002,0.677247176,0.000000000,0.000000000,0.000000000,1.000000000
1403636613.418881178,4.659094077,-1.702451499,0.677323492,0.000000000,0.000000000,0.000000000,1.000000000
1403636613.470881224,4.659070972,-1.702509770,0.677313226,0.000000000,0.000000000,0.000000000,1.000000000
1403636613.517881393,4.659064100,-1.702498965,0.677251954,0.000000000,0.000000000,0.000000000,1.000000000
1403636613.570881367,4.659052012,-1.702549589,0.677288259,0.000000000,0.000000000,0.000000000,1.000000000
1403636613.670881271,4.660000709,-1.702831745,0.677132936,0.000000000,0.000000000,0.000000000,1.000000000
1403636613.720881224,4.659082685,-1.702477657,0.677313103,0.000000000,0.000000000,0.000000000,1.000000000
1403636613.766881227,4.659988559,-1.702861170,0.677125020,0.000000000,0.000000000,0.000000000,1.000000000
1403636613.820881367,4.659991264,-1.702865470,0.677149240,0.000000000,0.000000000,0.000000000,1.000000000
1403636613.869881392,4.660018757,-1.702811735,0.677193736,0.000000000,0.000000000,0.000000000,1.000000000
1403636613.921881199,4.659077209,-1.702506356,0.677341484,0.000000000,0.000000000,0.000000000,1.000000000
1403636613.969881296,4.659063598,-1.702516995,0.677286421,0.000000000,0.000000000,0.000000000,1.000000000
1403636614.066881180,4.659083805,-1.702472242,0.677308243,0.000000000,0.000000000,0.000000000,1.000000000
1403636614.117881298,4.660003872,-1.702841754,0.677171563,0.000000000,0.000000000,0.000000000,1.000000000
1403636614.216881275,4.659064538,-1.702518286,0.677294416,0.000000000,0.000000000,0.000000000,1.000000000
1403636614.266881227,4.659087313,-1.702486111,0.677356814,0.000000000,0.000000000,0.000000000,1.000000000
1403636614.318881273,4.659061904,-1.702524720,0.677292815,0.000000000,0.000000000,0.000000000,1.000000000
1403636614.368881226,4.659063427,-1.702515363,0.677282077,0.000000000,0.000000000,0.000000000,1.000000000
1403636614.420881271,4.659077095,-1.702485310,0.677297286,0.000000000,0.000000000,0.000000000,1.000000000
1403636614.467881203,4.660012500,-1.702810588,0.677155927,0.000000000,0.000000000,0.000000000,1.000000000
1403636614.520881176,4.659071007,-1.702508806,0.677311435,0.000000000,0.000000000,0.000000000,1.000000000
1403636614.567881346,4.659053844,-1.702533924,0.677266219,0.000000000,0.000000000,0.000000000,1.000000000
1403636614.616881371,4.659069126,-1.702522333,0.677328772,0.000000000,0.000000000,0.000000000,1.000000000
1403636614.716881275,4.659079672,-1.702484167,0.677309515,0.000000000,0.000000000,0.000000000,1.000000000
1403636614.768881321,4.659085453,-1.702484733,0.677343427,0.000000000,0.000000000,0.000000000,1.000000000
1403636614.818881273,4.659053821,-1.702527858,0.677253533,0.000000000,0.000000000,0.000000000,1.000000000
1403636614.867881298,4.659067958,-1.702528100,0.677334092,0.000000000,0.000000000,0.000000000,1.000000000
1403636614.968881369,4.659063381,-1.702505965,0.677262366,0.000000000,0.000000000,0.000000000,1.000000000
1403636615.018881321,4.659074756,-1.702499743,0.677313911,0.000000000,0.000000000,0.000000000,1.000000000
1403636615.067881346,4.659076772,-1.702486547,0.677298015,0.000000000,0.000000000,0.000000000,1.000000000
1403636615.119881392,4.659057670,-1.702523603,0.677266526,0.000000000,0.000000000,0.000000000,1.000000000
1403636615.220881224,4.659052361,-1.702527424,0.677244365,0.000000000,0.000000000,0.000000000,1.000000000
1403636615.268881321,4.659068449,-1.702497829,0.677274231,0.000000000,0.000000000,0.000000000,1.000000000
1403636615.319881201,4.660024335,-1.702784350,0.677168658,0.000000000,0.000000000,0.000000000,1.000000000
1403636615.366881371,4.659046939,-1.702527491,0.677213804,0.000000000,0.000000000,0.000000000,1.000000000
1403636615.420881271,4.659076922,-1.702505142,0.677337346,0.000000000,0.000000000,0.000000000,1.000000000
1403636615.470881224,4.659049585,-1.702548193,0.677271625,0.000000000,0.000000000,0.000000000,1.000000000
1403636615.521881342,4.659070875,-1.702508744,0.677310556,0.000000000,0.000000000,0.000000000,1.000000000
1403636615.566881180,4.659070873,-1.702502159,0.677296917,0.000000000,0.000000000,0.000000000,1.000000000
1403636615.668881178,4.659072334,-1.702494769,0.677289895,0.000000000,0.000000000,0.000000000,1.000000000
1403636615.720881224,4.659062664,-1.702530389,0.677308848,0.000000000,0.000000000,0.000000000,1.000000000
1403636615.769881248,4.659051631,-1.702546048,0.677278775,0.000000000,0.000000000,0.000000000,1.000000000
1403636615.820881367,4.659054540,-1.702529950,0.677261931,0.000000000,0.000000000,0.000000000,1.000000000
1403636615.870881319,4.659984975,-1.702861789,0.677106004,0.000000000,0.000000000,0.000000000,1.000000000
1403636615.967881203,4.659049825,-1.702544712,0.677265783,0.000000000,0.000000000,0.000000000,1.000000000
1403636616.019881248,4.659082610,-1.702475415,0.677308043,0.000000000,0.000000000,0.000000000,1.000000000
1403636616.069881201,4.659037306,-1.702579349,0.677266565,0.000000000,0.000000000,0.000000000,1.000000000
1403636616.121881247,4.659083117,-1.702474304,0.677308613,0.000000000,0.000000000,0.000000000,1.000000000
1403636616.169881344,4.659060754,-1.702529099,0.677295362,0.000000000,0.000000000,0.000000000,1.000000000
1403636616.219881296,4.659066925,-1.702497574,0.677265070,0.000000000,0.000000000,0.000000000,1.000000000
1403636616.268881321,4.659075858,-1.702488894,0.677297700,0.000000000,0.000000000,0.000000000,1.000000000
1403636616.319881201,4.659057722,-1.702552695,0.677327022,0.000000000,0.000000000,0.000000000,1.000000000
1403636616.368881226,4.659056257,-1.702523598,0.677258512,0.000000000,0.000000000,0.000000000,1.000000000
1403636616.468881369,4.659055746,-1.702536261,0.677281823,0.000000000,0.000000000,0.000000000,1.000000000
1403636616.520881176,4.659067165,-1.702509810,0.677291750,0.000000000,0.000000000,0.000000000,1.000000000
1403636616.569881201,4.659065862,-1.702522604,0.677310849,0.000000000,0.000000000,0.000000000,1.000000000
1403636616.620881319,4.659067740,-1.702506326,0.677287796,0.000000000,0.000000000,0.000000000,1.000000000
1403636616.720881224,4.659072637,-1.702515223,0.677333946,0.000000000,0.000000000,0.000000000,1.000000000
1403636616.769881248,4.659070405,-1.702493357,0.677276052,0.000000000,0.000000000,0.000000000,1.000000000
1403636616.817881346,4.659063222,-1.702517924,0.677286211,0.000000000,0.000000000,0.000000000,1.000000000
1403636616.868881226,4.659072340,-1.702483714,0.677267055,0.000000000,0.000000000,0.000000000,1.000000000
1403636616.967881203,4.659077860,-1.702471260,0.677272546,0.000000000,0.000000000,0.000000000,1.000000000
1403636617.018881321,4.659046986,-1.702560214,0.677281785,0.000000000,0.000000000,0.000000000,1.000000000
1403636617.068881273,4.659067586,-1.702505940,0.677286126,0.000000000,0.000000000,0.000000000,1.000000000
1403636617.119881392,4.659075808,-1.702485287,0.677289948,0.000000000,0.000000000,0.000000000,1.000000000
1403636617.170881271,4.659978335,-1.702898984,0.677145376,0.000000000,0.000000000,0.000000000,1.000000000
1403636617.219881296,4.660009685,-1.702803011,0.677124309,0.000000000,0.000000000,0.000000000,1.000000000
1403636617.268881321,4.659977959,-1.702882563,0.677109262,0.000000000,0.000000000,0.000000000,1.000000000
1403636617.367881298,4.659072251,-1.702484416,0.677268005,0.000000000,0.000000000,0.000000000,1.000000000
1403636617.420881271,4.659059004,-1.702539359,0.677306683,0.000000000,0.000000000,0.000000000,1.000000000
1403636617.468881369,4.659079356,-1.702462428,0.677262741,0.000000000,0.000000000,0.000000000,1.000000000
1403636617.567881346,4.659075072,-1.702491332,0.677298291,0.000000000,0.000000000,0.000000000,1.000000000
1403636617.618881226,4.659072179,-1.702487378,0.677273728,0.000000000,0.000000000,0.000000000,1.000000000
1403636617.719881296,4.659090242,-1.702452945,0.677304767,0.000000000,0.000000000,0.000000000,1.000000000
1403636617.768881321,4.659074999,-1.702497531,0.677310709,0.000000000,0.000000000,0.000000000,1.000000000
1403636617.819881201,4.659069007,-1.702502143,0.677286318,0.000000000,0.000000000,0.000000000,1.000000000
1403636617.869881392,4.659067111,-1.702508773,0.677289299,0.000000000,0.000000000,0.000000000,1.000000000
1403636617.917881250,4.659078084,-1.702480294,0.677292506,0.000000000,0.000000000,0.000000000,1.000000000
1403636617.968881369,4.659996288,-1.702848206,0.677141965,0.000000000,0.000000000,0.000000000,1.000000000
1403636618.019881248,4.659076021,-1.702476403,0.677272774,0.000000000,0.000000000,0.000000000,1.000000000
1403636618.066881180,4.659078486,-1.702479551,0.677293249,0.000000000,0.000000000,0.000000000,1.000000000
1403636618.168881178,4.659068857,-1.702502786,0.677286801,0.000000000,0.000000000,0.000000000,1.000000000
1403636618.220881224,4.659994050,-1.702856589,0.677146639,0.000000000,0.000000000,0.000000000,1.000000000
1403636618.268881321,4.659991203,-1.702842566,0.677101495,0.000000000,0.000000000,0.000000000,1.000000000
1403636618.319881201,4.659070507,-1.702504192,0.677299054,0.000000000,0.000000000,0.000000000,1.000000000
1403636618.368881226,4.659076736,-1.702493019,0.677311208,0.000000000,0.000000000,0.000000000,1.000000000
1403636618.468881369,4.659068985,-1.702514380,0.677311514,0.000000000,0.000000000,0.000000000,1.000000000
1403636618.567881346,4.659075017,-1.702485956,0.677286854,0.000000000,0.000000000,0.000000000,1.000000000
1403636618.617881298,4.659068489,-1.702496386,0.677271471,0.000000000,0.000000000,0.000000000,1.000000000
1403636618.667881250,4.659066406,-1.702511942,0.677291868,0.000000000,0.000000000,0.000000000,1.000000000
1403636618.719881296,4.659073816,-1.702500688,0.677310541,0.000000000,0.000000000,0.000000000,1.000000000
1403636618.767881393,4.660000303,-1.702832413,0.677132016,0.000000000,0.000000000,0.000000000,1.000000000
1403636618.820881367,4.659071221,-1.702504229,0.677303170,0.000000000,0.000000000,0.000000000,1.000000000
1403636618.916881323,4.659079174,-1.702484547,0.677307483,0.000000000,0.000000000,0.000000000,1.000000000
1403636618.967881203,4.659078057,-1.702492098,0.677316779,0.000000000,0.000000000,0.000000000,1.000000000
1403636619.016881227,4.659996174,-1.702840406,0.677125176,0.000000000,0.000000000,0.000000000,1.000000000
1403636619.069881201,4.659066450,-1.702511806,0.677291833,0.000000000,0.000000000,0.000000000,1.000000000
1403636619.119881392,4.659073017,-1.702493143,0.677290399,0.000000000,0.000000000,0.000000000,1.000000000
1403636619.219881296,4.659081814,-1.702469165,0.677290602,0.000000000,0.000000000,0.000000000,1.000000000
1403636619.268881321,4.659076203,-1.702491826,0.677305720,0.000000000,0.000000000,0.000000000,1.000000000
1403636619.317881346,4.659991651,-1.702856963,0.677133828,0.000000000,0.000000000,0.000000000,1.000000000
1403636619.367881298,4.659998056,-1.702846074,0.677147564,0.000000000,0.000000000,0.000000000,1.000000000
1403636619.419881344,4.659070123,-1.702506886,0.677302450,0.000000000,0.000000000,0.000000000,1.000000000
1403636619.466881275,4.659056300,-1.702537589,0.677287708,0.000000000,0.000000000,0.000000000,1.000000000
1403636619.520881176,4.659067886,-1.702515668,0.677307958,0.000000000,0.000000000,0.000000000,1.000000000
1403636619.618881226,4.659075538,-1.702496723,0.677312089,0.000000000,0.000000000,0.000000000,1.000000000
1403636619.666881323,4.659057207,-1.702533664,0.677284723,0.000000000,0.000000000,0.000000000,1.000000000
1403636619.717881203,4.659063299,-1.702524780,0.677300836,0.000000000,0.000000000,0.000000000,1.000000000
1403636619.769881248,4.659083346,-1.702477827,0.677317201,0.000000000,0.000000000,0.000000000,1.000000000
1403636619.819881201,4.659074209,-1.702499603,0.677310519,0.000000000,0.000000000,0.000000000,1.000000000
1403636619.867881298,4.659069957,-1.702499973,0.677287208,0.000000000,0.000000000,0.000000000,1.000000000
1403636619.918881178,4.659079783,-1.702485397,0.677312686,0.000000000,0.000000000,0.000000000,1.000000000
1403636619.969881296,4.659070567,-1.702500490,0.677291732,0.000000000,0.000000000,0.000000000,1.000000000
1403636620.017881393,4.659065802,-1.702504820,0.677273706,0.000000000,0.000000000,0.000000000,1.000000000
1403636620.067881346,4.660005400,-1.702832914,0.677161917,0.000000000,0.000000000,0.000000000,1.000000000
1403636620.118881226,4.659993052,-1.702839037,0.677104664,0.000000000,0.000000000,0.000000000,1.000000000
1403636620.220881224,4.659074854,-1.702496662,0.677308084,0.000000000,0.000000000,0.000000000,1.000000000
1403636620.270881176,4.659068162,-1.702483626,0.677243213,0.000000000,0.000000000,0.000000000,1.000000000
1403636620.319881201,4.659066954,-1.702517099,0.677305638,0.000000000,0.000000000,0.000000000,1.000000000
1403636620.370881319,4.659068035,-1.702501231,0.677278925,0.000000000,0.000000000,0.000000000,1.000000000
1403636620.418881178,4.659069796,-1.702488408,0.677262366,0.000000000,0.000000000,0.000000000,1.000000000
1403636620.470881224,4.659063714,-1.702516644,0.677286347,0.000000000,0.000000000,0.000000000,1.000000000
1403636620.521881342,4.659065507,-1.702505213,0.677272851,0.000000000,0.000000000,0.000000000,1.000000000
1403636620.619881392,4.659072963,-1.702492997,0.677289792,0.000000000,0.000000000,0.000000000,1.000000000
1403636620.669881344,4.659065614,-1.702511890,0.677287274,0.000000000,0.000000000,0.000000000,1.000000000
1403636620.721881390,4.659075975,-1.702494708,0.677310394,0.000000000,0.000000000,0.000000000,1.000000000
1403636620.767881393,4.659075943,-1.702495011,0.677310838,0.000000000,0.000000000,0.000000000,1.000000000
1403636620.818881273,4.659068872,-1.702503166,0.677287672,0.000000000,0.000000000,0.000000000,1.000000000
1403636620.868881226,4.659066710,-1.702510096,0.677289765,0.000000000,0.000000000,0.000000000,1.000000000
1403636620.968881369,4.659068008,-1.702494117,0.677264053,0.000000000,0.000000000,0.000000000,1.000000000
1403636621.018881321,4.660004163,-1.702829738,0.677148343,0.000000000,0.000000000,0.000000000,1.000000000
1403636621.067881346,4.659063749,-1.702518467,0.677290320,0.000000000,0.000000000,0.000000000,1.000000000
1403636621.119881392,4.659065588,-1.702510838,0.677284951,0.000000000,0.000000000,0.000000000,1.000000000
1403636621.218881369,4.659079775,-1.702496077,0.677334748,0.000000000,0.000000000,0.000000000,1.000000000
1403636621.269881248,4.659083936,-1.702485057,0.677335502,0.000000000,0.000000000,0.000000000,1.000000000
1403636621.321881294,4.659081327,-1.702491198,0.677333439,0.000000000,0.000000000,0.000000000,1.000000000
1403636621.367881298,4.659072863,-1.702503742,0.677311461,0.000000000,0.000000000,0.000000000,1.000000000
1403636621.420881271,4.659074375,-1.702498766,0.677309729,0.000000000,0.000000000,0.000000000,1.000000000
1403636621.470881224,4.659077267,-1.702492823,0.677313811,0.000000000,0.000000000,0.000000000,1.000000000
1403636621.521881342,4.659067658,-1.702518224,0.677311957,0.000000000,0.000000000,0.000000000,1.000000000
1403636621.567881346,4.659074587,-1.702498686,0.677310764,0.000000000,0.000000000,0.000000000,1.000000000
1403636621.620881319,4.659071944,-1.702506961,0.677312920,0.000000000,0.000000000,0.000000000,1.000000000
1403636621.721881390,4.659073475,-1.702501722,0.677310749,0.000000000,0.000000000,0.000000000,1.000000000
1403636621.770881176,4.659071744,-1.702502127,0.677301785,0.000000000,0.000000000,0.000000000,1.000000000
1403636621.820881367,4.659070959,-1.702509027,0.677311615,0.000000000,0.000000000,0.000000000,1.000000000
1403636621.867881298,4.659077657,-1.702490286,0.677310764,0.000000000,0.000000000,0.000000000,1.000000000
1403636621.968881369,4.659077273,-1.702492192,0.677312538,0.000000000,0.000000000,0.000000000,1.000000000
1403636622.020881176,4.659071223,-1.702519381,0.677334538,0.000000000,0.000000000,0.000000000,1.000000000
1403636622.068881273,4.659071148,-1.702510040,0.677314782,0.000000000,0.000000000,0.000000000,1.000000000
1403636622.117881298,4.659068619,-1.702520872,0.677322877,0.000000000,0.000000000,0.000000000,1.000000000
1403636622.168881178,4.659078086,-1.702489183,0.677310912,0.000000000,0.000000000,0.000000000,1.000000000
1403636622.219881296,4.659076472,-1.702499775,0.677323694,0.000000000,0.000000000,0.000000000,1.000000000
1403636622.266881227,4.659070582,-1.702511233,0.677314050,0.000000000,0.000000000,0.000000000,1.000000000
1403636622.319881201,4.659080142,-1.702495503,0.677335635,0.000000000,0.000000000,0.000000000,1.000000000
1403636622.366881371,4.659084115,-1.702473587,0.677312780,0.000000000,0.000000000,0.000000000,1.000000000
1403636622.466881275,4.659076300,-1.702505589,0.677334748,0.000000000,0.000000000,0.000000000,1.000000000
1403636622.516881227,4.659080485,-1.702481797,0.677309212,0.000000000,0.000000000,0.000000000,1.000000000
1403636622.568881273,4.659079978,-1.702494623,0.677332888,0.000000000,0.000000000,0.000000000,1.000000000
1403636622.619881392,4.659085501,-1.702479319,0.677332495,0.000000000,0.000000000,0.000000000,1.000000000
1403636622.719881296,4.659077125,-1.702491003,0.677309236,0.000000000,0.000000000,0.000000000,1.000000000
1403636622.768881321,4.659082560,-1.702481252,0.677319839,0.000000000,0.000000000,0.000000000,1.000000000
1403636622.818881273,4.659084928,-1.702481793,0.677334368,0.000000000,0.000000000,0.000000000,1.000000000
1403636622.867881298,4.659090700,-1.702466747,0.677335920,0.000000000,0.000000000,0.000000000,1.000000000
1403636622.919881344,4.659087734,-1.702475185,0.677336585,0.000000000,0.000000000,0.000000000,1.000000000
1403636622.967881203,4.659080687,-1.702493328,0.677334224,0.000000000,0.000000000,0.000000000,1.000000000
1403636623.020881176,4.659100449,-1.702447242,0.677350768,0.000000000,0.000000000,0.000000000,1.000000000
1403636623.070881367,4.659111439,-1.702428950,0.677375157,0.000000000,0.000000000,0.000000000,1.000000000
1403636623.119881392,4.659122628,-1.702398184,0.677374857,0.000000000,0.000000000,0.000000000,1.000000000
1403636623.220881224,4.659138930,-1.702368006,0.677404736,0.000000000,0.000000000,0.000000000,1.000000000
1403636623.270881176,4.659141275,-1.702370465,0.677423106,0.000000000,0.000000000,0.000000000,1.000000000
1403636623.319881201,4.659143912,-1.702356729,0.677409619,0.000000000,0.000000000,0.000000000,1.000000000
1403636623.367881298,4.659150529,-1.702338745,0.677409877,0.000000000,0.000000000,0.000000000,1.000000000
1403636623.466881275,4.659159983,-1.702324896,0.677434765,0.000000000,0.000000000,0.000000000,1.000000000
1403636623.566881180,4.659163950,-1.702302108,0.677410077,0.000000000,0.000000000,0.000000000,1.000000000
1403636623.619881392,4.659158997,-1.702315898,0.677410562,0.000000000,0.000000000,0.000000000,1.000000000
1403636623.669881344,4.659154663,-1.702344004,0.677444174,0.000000000,0.000000000,0.000000000,1.000000000
1403636623.719881296,4.659161542,-1.702330732,0.677455674,0.000000000,0.000000000,0.000000000,1.000000000
1403636623.768881321,4.659154726,-1.702358730,0.677475014,0.000000000,0.000000000,0.000000000,1.000000000
1403636623.819881201,4.659150887,-1.702362506,0.677461080,0.000000000,0.000000000,0.000000000,1.000000000
1403636623.868881226,4.659171878,-1.702325869,0.677504158,0.000000000,0.000000000,0.000000000,1.000000000
1403636623.917881250,4.659169108,-1.702343593,0.677525149,0.000000000,0.000000000,0.000000000,1.000000000
1403636623.968881369,4.659174437,-1.702344168,0.677556529,0.000000000,0.000000000,0.000000000,1.000000000
1403636624.018881321,4.659162822,-1.702380700,0.677566348,0.000000000,0.000000000,0.000000000,1.000000000
1403636624.067881346,4.659174229,-1.702365186,0.677598860,0.000000000,0.000000000,0.000000000,1.000000000
1403636624.121881247,4.659165805,-1.702398017,0.677619093,0.000000000,0.000000000,0.000000000,1.000000000
1403636624.221881390,4.659174944,-1.702416480,0.677709098,0.000000000,0.000000000,0.000000000,1.000000000
1403636624.321881294,4.659147451,-1.702575168,0.677881887,0.000000000,0.000000000,0.000000000,1.000000000
1403636624.366881371,4.659171287,-1.702548518,0.677961789,0.000000000,0.000000000,0.000000000,1.000000000
1403636624.469881296,4.659346555,-1.699544095,0.678854759,0.000000000,0.000000000,0.000000000,1.000000000
1403636624.521881342,4.659016926,-1.700835612,0.679658936,0.000000000,0.000000000,0.000000000,1.000000000
1403636624.569881201,4.660483649,-1.699910155,0.679943307,0.000000000,0.000000000,0.000000000,1.000000000
1403636624.619881392,4.662359491,-1.698006483,0.680530224,0.000000000,0.000000000,0.000000000,1.000000000
1403636624.668881178,4.664343975,-1.695856541,0.681233837,0.000000000,0.000000000,0.000000000,1.000000000
1403636624.721881390,4.667470755,-1.693358657,0.681592912,0.000000000,0.000000000,0.000000000,1.000000000
1403636624.767881393,4.672681622,-1.691140360,0.682136137,0.000000000,0.000000000,0.000000000,1.000000000
1403636624.819881201,4.676083519,-1.687689723,0.682133456,0.000000000,0.000000000,0.000000000,1.000000000
1403636624.868881226,4.681490524,-1.684162773,0.681145190,0.000000000,0.000000000,0.000000000,1.000000000
1403636624.970881224,4.693279988,-1.675937714,0.682457387,0.000000000,0.000000000,0.000000000,1.000000000
1403636625.068881273,4.707199046,-1.667736611,0.690100916,0.000000000,0.000000000,0.000000000,1.000000000
1403636625.119881392,4.717027305,-1.664622818,0.697150788,0.000000000,0.000000000,0.000000000,1.000000000
1403636625.217881203,4.729274558,-1.657818978,0.717496760,0.000000000,0.000000000,0.000000000,1.000000000
1403636625.269881248,4.734677280,-1.654777936,0.730879256,0.000000000,0.000000000,0.000000000,1.000000000
1403636625.321881294,4.739963127,-1.652313211,0.745071499,0.000000000,0.000000000,0.000000000,1.000000000
1403636625.370881319,4.742955371,-1.650207049,0.759393878,0.000000000,0.000000000,0.000000000,1.000000000
1403636625.420881271,4.747404543,-1.649483489,0.772697133,0.000000000,0.000000000,0.000000000,1.000000000
1403636625.470881224,4.749322198,-1.648494478,0.783048319,0.000000000,0.000000000,0.000000000,1.000000000
1403636625.522881269,4.751173480,-1.648206959,0.787583779,0.000000000,0.000000000,0.000000000,1.000000000
1403636625.567881346,4.751367167,-1.647779294,0.787886299,0.000000000,0.000000000,0.000000000,1.000000000
1403636625.670881271,4.748412142,-1.646953898,0.780566408,0.000000000,0.000000000,0.000000000,1.000000000
1403636625.722881317,4.747609387,-1.647564461,0.776676988,0.000000000,0.000000000,0.000000000,1.000000000
1403636625.769881248,4.743274402,-1.647538721,0.776244368,0.000000000,0.000000000,0.000000000,1.000000000
1403636625.819881201,4.739308629,-1.648043640,0.779448573,0.000000000,0.000000000,0.000000000,1.000000000
1403636625.870881319,4.734848180,-1.648849372,0.787167691,0.000000000,0.000000000,0.000000000,1.000000000
1403636626.019881248,4.699025020,-1.646257746,0.835893787,0.000000000,0.000000000,0.000000000,1.000000000
1403636626.168881178,4.688292761,-1.654147690,0.903965181,0.000000000,0.000000000,0.000000000,1.000000000
1403636626.269881248,4.679090677,-1.657058861,0.950637563,0.000000000,0.000000000,0.000000000,1.000000000
1403636626.320881367,4.672017727,-1.656818411,0.971870134,0.000000000,0.000000000,0.000000000,1.000000000
1403636626.366881371,4.665743816,-1.656135283,0.990030050,0.000000000,0.000000000,0.000000000,1.000000000
1403636626.416881323,4.655577644,-1.653813364,1.006838678,0.000000000,0.000000000,0.000000000,1.000000000
1403636626.467881203,4.650868540,-1.652562935,1.018729738,0.000000000,0.000000000,0.000000000,1.000000000
1403636626.518881321,4.646942138,-1.651005516,1.027024281,0.000000000,0.000000000,0.000000000,1.000000000
1403636626.567881346,4.643896959,-1.648927120,1.031770083,0.000000000,0.000000000,0.000000000,1.000000000
1403636626.619881392,4.640947431,-1.646082016,1.034796601,0.000000000,0.000000000,0.000000000,1.000000000
1403636626.666881323,4.638999610,-1.643119079,1.036785826,0.000000000,0.000000000,0.000000000,1.000000000
1403636626.718881369,4.638258449,-1.639516206,1.037937853,0.000000000,0.000000000,0.000000000,1.000000000
1403636626.767881393,4.636635754,-1.635192881,1.038403649,0.000000000,0.000000000,0.000000000,1.000000000
1403636626.816881180,4.637007875,-1.630971540,1.037904261,0.000000000,0.000000000,0.000000000,1.000000000
1403636626.867881298,4.638461842,-1.626390706,1.036353918,0.000000000,0.000000000,0.000000000,1.000000000
1403636626.967881203,4.643136851,-1.617467669,1.030666414,0.000000000,0.000000000,0.000000000,1.000000000
1403636627.018881321,4.646409251,-1.612852117,1.026137758,0.000000000,0.000000000,0.000000000,1.000000000
1403636627.069881201,4.649553448,-1.608487615,1.021308610,0.000000000,0.000000000,0.000000000,1.000000000
1403636627.119881392,4.655489039,-1.604945773,1.015486842,0.000000000,0.000000000,0.000000000,1.000000000
1403636627.218881369,4.663463997,-1.596986501,1.004687747,0.000000000,0.000000000,0.000000000,1.000000000
1403636627.318881273,4.672037961,-1.589588342,1.001649565,0.000000000,0.000000000,0.000000000,1.000000000
1403636627.367881298,4.676544189,-1.586427381,1.003980077,0.000000000,0.000000000,0.000000000,1.000000000
1403636627.418881178,4.681322629,-1.583253912,1.008912614,0.000000000,0.000000000,0.000000000,1.000000000
1403636627.519881248,4.695315011,-1.578318611,1.025666198,0.000000000,0.000000000,0.000000000,1.000000000
1403636627.620881319,4.702487362,-1.570772991,1.051381260,0.000000000,0.000000000,0.000000000,1.000000000
1403636627.670881271,4.707958464,-1.567310801,1.063518545,0.000000000,0.000000000,0.000000000,1.000000000
1403636627.719881296,4.712257147,-1.563316998,1.072854353,0.000000000,0.000000000,0.000000000,1.000000000
1403636627.770881176,4.717166076,-1.559325128,1.077461956,0.000000000,0.000000000,0.000000000,1.000000000
1403636627.820881367,4.721767091,-1.555161344,1.078094834,0.000000000,0.000000000,0.000000000,1.000000000
1403636627.866881371,4.725103856,-1.550804188,1.075764255,0.000000000,0.000000000,0.000000000,1.000000000
1403636627.920881271,4.729411673,-1.546002380,1.070961378,0.000000000,0.000000000,0.000000000,1.000000000
1403636627.966881275,4.732594406,-1.541320410,1.065955461,0.000000000,0.000000000,0.000000000,1.000000000
1403636628.067881346,4.738090175,-1.531165824,1.055554235,0.000000000,0.000000000,0.000000000,1.000000000
1403636628.118881226,4.736774203,-1.524878728,1.053650203,0.000000000,0.000000000,0.000000000,1.000000000
1403636628.218881369,4.735497669,-1.513415857,1.057043581,0.000000000,0.000000000,0.000000000,1.000000000
1403636628.267881393,4.733622419,-1.507608786,1.062282001,0.000000000,0.000000000,0.000000000,1.000000000
1403636628.317881346,4.732850734,-1.502085417,1.069173346,0.000000000,0.000000000,0.000000000,1.000000000
1403636628.366881371,4.731301660,-1.496204629,1.078043892,0.000000000,0.000000000,0.000000000,1.000000000
1403636628.418881178,4.727195696,-1.488839031,1.088665582,0.000000000,0.000000000,0.000000000,1.000000000
1403636628.468881369,4.718511238,-1.479622473,1.100784494,0.000000000,0.000000000,0.000000000,1.000000000
1403636628.517881393,4.715554498,-1.472119092,1.112809209,0.000000000,0.000000000,0.000000000,1.000000000
1403636628.570881367,4.712811126,-1.463760760,1.124640380,0.000000000,0.000000000,0.000000000,1.000000000
1403636628.669881344,4.709123892,-1.446306573,1.142866219,0.000000000,0.000000000,0.000000000,1.000000000
1403636628.718881369,4.707393210,-1.436491675,1.149616075,0.000000000,0.000000000,0.000000000,1.000000000
1403636628.768881321,4.706685058,-1.426273610,1.154703299,0.000000000,0.000000000,0.000000000,1.000000000
1403636628.818881273,4.703272342,-1.414303565,1.158867529,0.000000000,0.000000000,0.000000000,1.000000000
1403636628.868881226,4.703635528,-1.403130989,1.161026981,0.000000000,0.000000000,0.000000000,1.000000000
1403636628.967881203,4.703487786,-1.378920300,1.161157642,0.000000000,0.000000000,0.000000000,1.000000000
1403636629.018881321,4.703212183,-1.365423241,1.160651159,0.000000000,0.000000000,0.000000000,1.000000000
1403636629.069881201,4.704028401,-1.351907659,1.161238436,0.000000000,0.000000000,0.000000000,1.000000000
1403636629.122881174,4.704066049,-1.337856489,1.163895932,0.000000000,0.000000000,0.000000000,1.000000000
1403636629.167881250,4.702895084,-1.324621586,1.168003300,0.000000000,0.000000000,0.000000000,1.000000000
1403636629.218881369,4.698360369,-1.308952059,1.174343598,0.000000000,0.000000000,0.000000000,1.000000000
1403636629.267881393,4.696717093,-1.294224959,1.181871650,0.000000000,0.000000000,0.000000000,1.000000000
1403636629.318881273,4.695083893,-1.279063912,1.188539408,0.000000000,0.000000000,0.000000000,1.000000000
1403636629.418881178,4.690326330,-1.248858538,1.197668955,0.000000000,0.000000000,0.000000000,1.000000000
1403636629.468881369,4.687372707,-1.233235637,1.200260133,0.000000000,0.000000000,0.000000000,1.000000000
1403636629.519881248,4.678653535,-1.215498493,1.201923820,0.000000000,0.000000000,0.000000000,1.000000000
1403636629.568881273,4.674584102,-1.199097239,1.201525483,0.000000000,0.000000000,0.000000000,1.000000000
1403636629.618881226,4.672501289,-1.182397702,1.199435890,0.000000000,0.000000000,0.000000000,1.000000000
1403636629.720881224,4.665432093,-1.146178968,1.190100491,0.000000000,0.000000000,0.000000000,1.000000000
1403636629.819881201,4.657926472,-1.108935533,1.174726759,0.000000000,0.000000000,0.000000000,1.000000000
1403636629.869881392,4.653731000,-1.088963414,1.165271620,0.000000000,0.000000000,0.000000000,1.000000000
1403636629.967881203,4.636264424,-1.046348645,1.144516347,0.000000000,0.000000000,0.000000000,1.000000000
1403636630.019881248,4.631254755,-1.022632358,1.131009603,0.000000000,0.000000000,0.000000000,1.000000000
1403636630.069881201,4.626137421,-0.999231188,1.118827352,0.000000000,0.000000000,0.000000000,1.000000000
1403636630.121881247,4.619182204,-0.974996776,1.108719036,0.000000000,0.000000000,0.000000000,1.000000000
1403636630.168881178,4.613132015,-0.951674628,1.100940749,0.000000000,0.000000000,0.000000000,1.000000000
1403636630.220881224,4.605533147,-0.926126987,1.095074735,0.000000000,0.000000000,0.000000000,1.000000000
1403636630.267881393,4.584099450,-0.899005361,1.092668748,0.000000000,0.000000000,0.000000000,1.000000000
1403636630.318881273,4.576732247,-0.872919039,1.091056483,0.000000000,0.000000000,0.000000000,1.000000000
1403636630.367881298,4.567257940,-0.847334268,1.091203414,0.000000000,0.000000000,0.000000000,1.000000000
1403636630.467881203,4.550910829,-0.793215064,1.096087218,0.000000000,0.000000000,0.000000000,1.000000000
1403636630.518881321,4.542812683,-0.765596500,1.100698165,0.000000000,0.000000000,0.000000000,1.000000000
1403636630.567881346,4.533515931,-0.738907924,1.106688410,0.000000000,0.000000000,0.000000000,1.000000000
1403636630.617881298,4.522427547,-0.710990656,1.114880769,0.000000000,0.000000000,0.000000000,1.000000000
1403636630.718881369,4.492881119,-0.656100646,1.135444583,0.000000000,0.000000000,0.000000000,1.000000000
1403636630.766881227,4.484140735,-0.630434060,1.144868709,0.000000000,0.000000000,0.000000000,1.000000000
1403636630.819881201,4.475344540,-0.603508722,1.153266736,0.000000000,0.000000000,0.000000000,1.000000000
1403636630.867881298,4.465084329,-0.578028745,1.160237088,0.000000000,0.000000000,0.000000000,1.000000000
1403636630.919881344,4.455678927,-0.551800396,1.165710005,0.000000000,0.000000000,0.000000000,1.000000000
1403636630.967881203,4.432021152,-0.524936549,1.170532175,0.000000000,0.000000000,0.000000000,1.000000000
1403636631.018881321,4.421072277,-0.498994666,1.172992575,0.000000000,0.000000000,0.000000000,1.000000000
1403636631.068881273,4.410760062,-0.474169930,1.173892273,0.000000000,0.000000000,0.000000000,1.000000000
1403636631.170881271,4.386637771,-0.422685161,1.172005957,0.000000000,0.000000000,0.000000000,1.000000000
1403636631.219881296,4.375684227,-0.398246303,1.170013166,0.000000000,0.000000000,0.000000000,1.000000000
1403636631.268881321,4.364538834,-0.373483683,1.166799283,0.000000000,0.000000000,0.000000000,1.000000000
1403636631.319881201,4.339393815,-0.347109457,1.164760929,0.000000000,0.000000000,0.000000000,1.000000000
1403636631.368881226,4.327892638,-0.323716381,1.161754443,0.000000000,0.000000000,0.000000000,1.000000000
1403636631.466881275,4.303575666,-0.274329713,1.154321429,0.000000000,0.000000000,0.000000000,1.000000000
1403636631.517881393,4.292577646,-0.249368867,1.148685547,0.000000000,0.000000000,0.000000000,1.000000000
1403636631.567881346,4.280273610,-0.225334218,1.141793321,0.000000000,0.000000000,0.000000000,1.000000000
1403636631.616881371,4.268686643,-0.201339943,1.133227803,0.000000000,0.000000000,0.000000000,1.000000000
1403636631.667881250,4.256852386,-0.177528250,1.123648658,0.000000000,0.000000000,0.000000000,1.000000000
1403636631.717881203,4.233888200,-0.153140357,1.114687018,0.000000000,0.000000000,0.000000000,1.000000000
1403636631.767881393,4.221797215,-0.130337430,1.106031256,0.000000000,0.000000000,0.000000000,1.000000000
1403636631.818881273,4.209687681,-0.106773074,1.098463363,0.000000000,0.000000000,0.000000000,1.000000000
1403636631.868881226,4.198569887,-0.084281241,1.092486736,0.000000000,0.000000000,0.000000000,1.000000000
1403636631.917881250,4.186488569,-0.062053241,1.088289016,0.000000000,0.000000000,0.000000000,1.000000000
1403636631.970881224,4.174410153,-0.039319286,1.085309107,0.000000000,0.000000000,0.000000000,1.000000000
1403636632.020881176,4.150381167,-0.017944830,1.084745844,0.000000000,0.000000000,0.000000000,1.000000000
1403636632.066881180,4.138262344,0.001725103,1.083779792,0.000000000,0.000000000,0.000000000,1.000000000
1403636632.120881319,4.126073882,0.023461405,1.083172750,0.000000000,0.000000000,0.000000000,1.000000000
1403636632.220881224,4.101556034,0.063154827,1.083416417,0.000000000,0.000000000,0.000000000,1.000000000
1403636632.267881393,4.089249176,0.081148883,1.084144288,0.000000000,0.000000000,0.000000000,1.000000000
1403636632.319881201,4.075846270,0.100054049,1.085000515,0.000000000,0.000000000,0.000000000,1.000000000
1403636632.370881319,4.049405283,0.117465199,1.086662929,0.000000000,0.000000000,0.000000000,1.000000000
1403636632.470881224,4.021809563,0.151046941,1.083485892,0.000000000,0.000000000,0.000000000,1.000000000
1403636632.517881393,4.008725045,0.166058792,1.079482457,0.000000000,0.000000000,0.000000000,1.000000000
1403636632.566881180,3.994401387,0.180971436,1.073884714,0.000000000,0.000000000,0.000000000,1.000000000
1403636632.618881226,3.980789022,0.196734933,1.066621232,0.000000000,0.000000000,0.000000000,1.000000000
1403636632.670881271,3.965954495,0.212285062,1.058102542,0.000000000,0.000000000,0.000000000,1.000000000
1403636632.721881390,3.951848457,0.228318615,1.048188682,0.000000000,0.000000000,0.000000000,1.000000000
1403636632.818881273,3.909419371,0.258157181,1.029032322,0.000000000,0.000000000,0.000000000,1.000000000
1403636632.869881392,3.893944606,0.274474938,1.018914985,0.000000000,0.000000000,0.000000000,1.000000000
1403636632.921881199,3.878416940,0.291711387,1.009819659,0.000000000,0.000000000,0.000000000,1.000000000
1403636632.966881275,3.862211039,0.307942815,1.003594522,0.000000000,0.000000000,0.000000000,1.000000000
1403636633.019881248,3.844909118,0.326151699,0.998741686,0.000000000,0.000000000,0.000000000,1.000000000
1403636633.070881367,3.827772179,0.344336046,0.995972755,0.000000000,0.000000000,0.000000000,1.000000000
1403636633.120881319,3.794889841,0.361700839,0.996937135,0.000000000,0.000000000,0.000000000,1.000000000
1403636633.219881296,3.760893010,0.398998451,0.998241040,0.000000000,0.000000000,0.000000000,1.000000000
1403636633.270881176,3.742633317,0.418109145,0.998672748,0.000000000,0.000000000,0.000000000,1.000000000
1403636633.320881367,3.724073165,0.437131744,0.997679689,0.000000000,0.000000000,0.000000000,1.000000000
1403636633.366881371,3.706425139,0.455340239,0.996076905,0.000000000,0.000000000,0.000000000,1.000000000
1403636633.419881344,3.687240870,0.475665639,0.993510220,0.000000000,0.000000000,0.000000000,1.000000000
1403636633.521881342,3.633768309,0.506910618,0.983464379,0.000000000,0.000000000,0.000000000,1.000000000
1403636633.567881346,3.613028257,0.523991382,0.976729046,0.000000000,0.000000000,0.000000000,1.000000000
1403636633.619881392,3.590522755,0.543182608,0.968021227,0.000000000,0.000000000,0.000000000,1.000000000
1403636633.668881178,3.570113010,0.560827635,0.959187323,0.000000000,0.000000000,0.000000000,1.000000000
1403636633.770881176,3.526092411,0.598626154,0.939906952,0.000000000,0.000000000,0.000000000,1.000000000
1403636633.820881367,3.486562926,0.614453057,0.934734969,0.000000000,0.000000000,0.000000000,1.000000000
1403636633.870881319,3.462669673,0.633333257,0.928921749,0.000000000,0.000000000,0.000000000,1.000000000
1403636633.970881224,3.414714162,0.673801570,0.922543245,0.000000000,0.000000000,0.000000000,1.000000000
1403636634.019881248,3.390827298,0.694475988,0.922054044,0.000000000,0.000000000,0.000000000,1.000000000
1403636634.069881201,3.366439469,0.717178321,0.922261920,0.000000000,0.000000000,0.000000000,1.000000000
1403636634.121881247,3.341085935,0.739457974,0.923648866,0.000000000,0.000000000,0.000000000,1.000000000
1403636634.167881250,3.314433840,0.759254251,0.921563184,0.000000000,0.000000000,0.000000000,1.000000000
1403636634.218881369,3.271172223,0.779922279,0.922235432,0.000000000,0.000000000,0.000000000,1.000000000
1403636634.268881321,3.243407994,0.803783180,0.922050612,0.000000000,0.000000000,0.000000000,1.000000000
1403636634.319881201,3.216948954,0.830922081,0.923725009,0.000000000,0.000000000,0.000000000,1.000000000
1403636634.367881298,3.189958185,0.857923877,0.924120685,0.000000000,0.000000000,0.000000000,1.000000000
1403636634.419881344,3.162929747,0.886187833,0.928168922,0.000000000,0.000000000,0.000000000,1.000000000
1403636634.468881369,3.134973337,0.913478499,0.933451870,0.000000000,0.000000000,0.000000000,1.000000000
1403636634.519881248,3.107433510,0.941482906,0.938424382,0.000000000,0.000000000,0.000000000,1.000000000
1403636634.567881346,3.065529858,0.960893344,0.945316006,0.000000000,0.000000000,0.000000000,1.000000000
1403636634.617881298,3.039734176,0.991039616,0.944355936,0.000000000,0.000000000,0.000000000,1.000000000
1403636634.718881369,2.984467476,1.048560429,0.942087133,0.000000000,0.000000000,0.000000000,1.000000000
1403636634.769881248,2.956827979,1.075800890,0.938680699,0.000000000,0.000000000,0.000000000,1.000000000
1403636634.819881201,2.932026568,1.103307096,0.935853728,0.000000000,0.000000000,0.000000000,1.000000000
1403636634.867881298,2.893332127,1.124425696,0.935066139,0.000000000,0.000000000,0.000000000,1.000000000
1403636634.969881296,2.836689141,1.178186377,0.929678418,0.000000000,0.000000000,0.000000000,1.000000000
1403636635.019881248,2.809324992,1.203970512,0.930049691,0.000000000,0.000000000,0.000000000,1.000000000
1403636635.068881273,2.783713906,1.228039637,0.931941675,0.000000000,0.000000000,0.000000000,1.000000000
1403636635.120881319,2.755863083,1.252107259,0.935649381,0.000000000,0.000000000,0.000000000,1.000000000
1403636635.167881250,2.729953964,1.273770085,0.939860003,0.000000000,0.000000000,0.000000000,1.000000000
1403636635.217881203,2.703819704,1.297242839,0.943389543,0.000000000,0.000000000,0.000000000,1.000000000
1403636635.267881393,2.676342311,1.319893680,0.945844914,0.000000000,0.000000000,0.000000000,1.000000000
1403636635.318881273,2.638320733,1.338013996,0.948778389,0.000000000,0.000000000,0.000000000,1.000000000
1403636635.366881371,2.613161819,1.359818894,0.947673057,0.000000000,0.000000000,0.000000000,1.000000000
1403636635.467881203,2.558934998,1.404844664,0.941593928,0.000000000,0.000000000,0.000000000,1.000000000
1403636635.517881393,2.531038301,1.428344133,0.937821616,0.000000000,0.000000000,0.000000000,1.000000000
1403636635.567881346,2.502879610,1.449950856,0.935369663,0.000000000,0.000000000,0.000000000,1.000000000
1403636635.617881298,2.462772146,1.466468428,0.936778284,0.000000000,0.000000000,0.000000000,1.000000000
1403636635.719881296,2.402780079,1.512970437,0.940044820,0.000000000,0.000000000,0.000000000,1.000000000
1403636635.767881393,2.372745640,1.535097122,0.944395833,0.000000000,0.000000000,0.000000000,1.000000000
1403636635.817881346,2.342874274,1.560417379,0.950273713,0.000000000,0.000000000,0.000000000,1.000000000
1403636635.869881392,2.312609738,1.586099425,0.958156588,0.000000000,0.000000000,0.000000000,1.000000000
1403636635.919881344,2.272123065,1.605666409,0.970621035,0.000000000,0.000000000,0.000000000,1.000000000
1403636635.968881369,2.242355897,1.631566513,0.981739236,0.000000000,0.000000000,0.000000000,1.000000000
1403636636.019881248,2.212512001,1.659156242,0.995587922,0.000000000,0.000000000,0.000000000,1.000000000
1403636636.118881226,2.151829279,1.716407991,1.025513911,0.000000000,0.000000000,0.000000000,1.000000000
1403636636.168881178,2.119898391,1.745222863,1.040005615,0.000000000,0.000000000,0.000000000,1.000000000
1403636636.221881390,2.086972840,1.775488365,1.053827621,0.000000000,0.000000000,0.000000000,1.000000000
1403636636.270881176,2.051839789,1.800779886,1.066934295,0.000000000,0.000000000,0.000000000,1.000000000
1403636636.321881294,2.020330264,1.831667445,1.080423959,0.000000000,0.000000000,0.000000000,1.000000000
1403636636.369881392,1.990177242,1.861670357,1.094901457,0.000000000,0.000000000,0.000000000,1.000000000
1403636636.466881275,1.929825579,1.922218083,1.127774560,0.000000000,0.000000000,0.000000000,1.000000000
1403636636.517881393,1.898153630,1.952686905,1.146105096,0.000000000,0.000000000,0.000000000,1.000000000
1403636636.566881180,1.868959035,1.982095501,1.162341624,0.000000000,0.000000000,0.000000000,1.000000000
1403636636.620881319,1.837658602,2.012339294,1.177919682,0.000000000,0.000000000,0.000000000,1.000000000
1403636636.719881296,1.779810903,2.067320858,1.202188158,0.000000000,0.000000000,0.000000000,1.000000000
1403636636.766881227,1.753472368,2.092296763,1.211291697,0.000000000,0.000000000,0.000000000,1.000000000
1403636636.818881273,1.726669873,2.118049307,1.218599098,0.000000000,0.000000000,0.000000000,1.000000000
1403636636.867881298,1.700895051,2.140773993,1.223872813,0.000000000,0.000000000,0.000000000,1.000000000
1403636636.919881344,1.676130679,2.163151407,1.226939494,0.000000000,0.000000000,0.000000000,1.000000000
1403636636.966881275,1.653305395,2.182025378,1.227882506,0.000000000,0.000000000,0.000000000,1.000000000
1403636637.021881342,1.628958392,2.202609764,1.226659889,0.000000000,0.000000000,0.000000000,1.000000000
1403636637.071881294,1.606777169,2.219803557,1.224397677,0.000000000,0.000000000,0.000000000,1.000000000
1403636637.121881247,1.585667776,2.238167898,1.220691133,0.000000000,0.000000000,0.000000000,1.000000000
1403636637.221881390,1.542185277,2.264628321,1.210431683,0.000000000,0.000000000,0.000000000,1.000000000
1403636637.318881273,1.502478162,2.288150918,1.196450787,0.000000000,0.000000000,0.000000000,1.000000000
1403636637.369881392,1.480938277,2.298720534,1.188695501,0.000000000,0.000000000,0.000000000,1.000000000
1403636637.467881203,1.441554935,2.318526250,1.177422496,0.000000000,0.000000000,0.000000000,1.000000000
1403636637.522881269,1.419700883,2.329152759,1.174108817,0.000000000,0.000000000,0.000000000,1.000000000
1403636637.566881180,1.402009906,2.337377484,1.173261056,0.000000000,0.000000000,0.000000000,1.000000000
1403636637.617881298,1.381678372,2.347228579,1.174070755,0.000000000,0.000000000,0.000000000,1.000000000
1403636637.667881250,1.360872680,2.356250372,1.176879595,0.000000000,0.000000000,0.000000000,1.000000000
1403636637.719881296,1.338411658,2.363914456,1.181435730,0.000000000,0.000000000,0.000000000,1.000000000
1403636637.768881321,1.317687148,2.372893861,1.187599801,0.000000000,0.000000000,0.000000000,1.000000000
1403636637.819881201,1.295850247,2.382516130,1.195822960,0.000000000,0.000000000,0.000000000,1.000000000
1403636637.867881298,1.275183904,2.391395340,1.205206769,0.000000000,0.000000000,0.000000000,1.000000000
1403636637.919881344,1.252000662,2.400514290,1.217155611,0.000000000,0.000000000,0.000000000,1.000000000
1403636637.968881369,1.230508317,2.409703957,1.230134033,0.000000000,0.000000000,0.000000000,1.000000000
1403636638.068881273,1.184364339,2.424640859,1.259653958,0.000000000,0.000000000,0.000000000,1.000000000
1403636638.124881268,1.159886577,2.434313932,1.272181490,0.000000000,0.000000000,0.000000000,1.000000000
1403636638.170881271,1.139065648,2.442540409,1.279030220,0.000000000,0.000000000,0.000000000,1.000000000
1403636638.220881224,1.116968888,2.450816963,1.282362815,0.000000000,0.000000000,0.000000000,1.000000000
1403636638.270881176,1.095251162,2.459445963,1.281742430,0.000000000,0.000000000,0.000000000,1.000000000
1403636638.321881294,1.072908944,2.466829545,1.278858185,0.000000000,0.000000000,0.000000000,1.000000000
1403636638.369881392,1.052783277,2.475147107,1.275101182,0.000000000,0.000000000,0.000000000,1.000000000
1403636638.469881296,1.010232771,2.490593149,1.262800646,0.000000000,0.000000000,0.000000000,1.000000000
1403636638.520881176,0.988461990,2.499631442,1.254906387,0.000000000,0.000000000,0.000000000,1.000000000
1403636638.569881201,0.966757128,2.508311905,1.246156164,0.000000000,0.000000000,0.000000000,1.000000000
1403636638.620881319,0.944049598,2.517003923,1.236281252,0.000000000,0.000000000,0.000000000,1.000000000
1403636638.719881296,0.900075521,2.540606724,1.217211582,0.000000000,0.000000000,0.000000000,1.000000000
1403636638.767881393,0.877307650,2.552066955,1.210568585,0.000000000,0.000000000,0.000000000,1.000000000
1403636638.818881273,0.851787191,2.563340673,1.205853593,0.000000000,0.000000000,0.000000000,1.000000000
1403636638.868881226,0.822344798,2.577802421,1.202243073,0.000000000,0.000000000,0.000000000,1.000000000
1403636638.919881344,0.798504458,2.590720639,1.203724421,0.000000000,0.000000000,0.000000000,1.000000000
1403636638.968881369,0.771771702,2.605396041,1.206293038,0.000000000,0.000000000,0.000000000,1.000000000
1403636639.019881248,0.746977830,2.619179365,1.208896422,0.000000000,0.000000000,0.000000000,1.000000000
1403636639.068881273,0.718813755,2.650630495,1.214887239,0.000000000,0.000000000,0.000000000,1.000000000
1403636639.168881178,0.655834367,2.674885447,1.231926323,0.000000000,0.000000000,0.000000000,1.000000000
1403636639.220881224,0.627079716,2.704084568,1.238554863,0.000000000,0.000000000,0.000000000,1.000000000
1403636639.269881248,0.598021406,2.723389643,1.242638653,0.000000000,0.000000000,0.000000000,1.000000000
1403636639.320881367,0.567497672,2.744327717,1.243235996,0.000000000,0.000000000,0.000000000,1.000000000
1403636639.369881392,0.538199565,2.764247987,1.240033361,0.000000000,0.000000000,0.000000000,1.000000000
1403636639.417881250,0.509558941,2.785395112,1.233562140,0.000000000,0.000000000,0.000000000,1.000000000
1403636639.470881224,0.478236941,2.805371458,1.224690171,0.000000000,0.000000000,0.000000000,1.000000000
1403636639.520881176,0.448250850,2.831534136,1.212967535,0.000000000,0.000000000,0.000000000,1.000000000
1403636639.568881273,0.420518433,2.854938554,1.201606893,0.000000000,0.000000000,0.000000000,1.000000000
1403636639.620881319,0.391001372,2.896065370,1.186306381,0.000000000,0.000000000,0.000000000,1.000000000
1403636639.720881224,0.330788578,2.941923645,1.158186237,0.000000000,0.000000000,0.000000000,1.000000000
1403636639.768881321,0.301901972,2.964594024,1.143885325,0.000000000,0.000000000,0.000000000,1.000000000
1403636639.818881273,0.272646864,2.989005123,1.130034276,0.000000000,0.000000000,0.000000000,1.000000000
1403636639.868881226,0.243114020,3.013258400,1.117675048,0.000000000,0.000000000,0.000000000,1.000000000
1403636639.920881271,0.213526001,3.037397391,1.107157621,0.000000000,0.000000000,0.000000000,1.000000000
1403636639.968881369,0.185395782,3.059362730,1.098730406,0.000000000,0.000000000,0.000000000,1.000000000
1403636640.018881321,0.157096373,3.101098369,1.089201834,0.000000000,0.000000000,0.000000000,1.000000000
1403636640.068881273,0.128882950,3.123899884,1.083846943,0.000000000,0.000000000,0.000000000,1.000000000
1403636640.168881178,0.074307493,3.164364300,1.078849917,0.000000000,0.000000000,0.000000000,1.000000000
1403636640.219881296,0.047507621,3.184053770,1.078886875,0.000000000,0.000000000,0.000000000,1.000000000
1403636640.269881248,0.022038664,3.201726988,1.080771155,0.000000000,0.000000000,0.000000000,1.000000000
1403636640.321881294,-0.003478055,3.227411877,1.083853463,0.000000000,0.000000000,0.000000000,1.000000000
1403636640.367881298,-0.025634166,3.250007784,1.087887127,0.000000000,0.000000000,0.000000000,1.000000000
1403636640.419881344,-0.049454174,3.267609741,1.093792898,0.000000000,0.000000000,0.000000000,1.000000000
1403636640.467881203,-0.071953937,3.303785386,1.096326799,0.000000000,0.000000000,0.000000000,1.000000000
1403636640.518881321,-0.094626886,3.321787474,1.099906235,0.000000000,0.000000000,0.000000000,1.000000000
1403636640.620881319,-0.137988552,3.356779969,1.101778041,0.000000000,0.000000000,0.000000000,1.000000000
1403636640.669881344,-0.157979084,3.373913025,1.100669465,0.000000000,0.000000000,0.000000000,1.000000000
1403636640.719881296,-0.178415919,3.390756279,1.098232605,0.000000000,0.000000000,0.000000000,1.000000000
1403636640.769881248,-0.197888297,3.406394218,1.094615229,0.000000000,0.000000000,0.000000000,1.000000000
1403636640.820881367,-0.218059348,3.439643747,1.087597275,0.000000000,0.000000000,0.000000000,1.000000000
1403636640.869881392,-0.236743193,3.455929708,1.082191886,0.000000000,0.000000000,0.000000000,1.000000000
1403636640.967881203,-0.272513735,3.486461104,1.072441909,0.000000000,0.000000000,0.000000000,1.000000000
1403636641.022881269,-0.291190765,3.499830102,1.070118620,0.000000000,0.000000000,0.000000000,1.000000000
1403636641.067881346,-0.307151332,3.514562847,1.069437193,0.000000000,0.000000000,0.000000000,1.000000000
1403636641.118881226,-0.324436679,3.529287316,1.070186515,0.000000000,0.000000000,0.000000000,1.000000000
1403636641.167881250,-0.340661327,3.542038044,1.071112013,0.000000000,0.000000000,0.000000000,1.000000000
1403636641.219881296,-0.358569249,3.568397631,1.069311462,0.000000000,0.000000000,0.000000000,1.000000000
1403636641.268881321,-0.374714771,3.580724754,1.067724532,0.000000000,0.000000000,0.000000000,1.000000000
1403636641.319881201,-0.390939460,3.592802440,1.064650936,0.000000000,0.000000000,0.000000000,1.000000000
1403636641.367881298,-0.405878322,3.604811693,1.060331788,0.000000000,0.000000000,0.000000000,1.000000000
1403636641.418881178,-0.421495321,3.617553256,1.054788781,0.000000000,0.000000000,0.000000000,1.000000000
1403636641.471881390,-0.437106860,3.631031178,1.047470845,0.000000000,0.000000000,0.000000000,1.000000000
1403636641.522881269,-0.451645221,3.642492372,1.039696562,0.000000000,0.000000000,0.000000000,1.000000000
1403636641.567881346,-0.464595937,3.653062154,1.031760315,0.000000000,0.000000000,0.000000000,1.000000000
1403636641.618881226,-0.480407218,3.678048008,1.020627041,0.000000000,0.000000000,0.000000000,1.000000000
1403636641.722881317,-0.507264669,3.698844128,1.004998504,0.000000000,0.000000000,0.000000000,1.000000000
1403636641.820881367,-0.531267218,3.719907384,0.997237829,0.000000000,0.000000000,0.000000000,1.000000000
1403636641.868881226,-0.542476878,3.731403763,0.996204434,0.000000000,0.000000000,0.000000000,1.000000000
1403636641.922881365,-0.554383211,3.742078560,0.997589105,0.000000000,0.000000000,0.000000000,1.000000000
1403636642.068881273,-0.586898660,3.786531364,1.008503117,0.000000000,0.000000000,0.000000000,1.000000000
1403636642.120881319,-0.596578087,3.796256219,1.016537669,0.000000000,0.000000000,0.000000000,1.000000000
1403636642.171881199,-0.605514891,3.805191219,1.025793081,0.000000000,0.000000000,0.000000000,1.000000000
1403636642.220881224,-0.613968929,3.814216742,1.035507077,0.000000000,0.000000000,0.000000000,1.000000000
1403636642.269881248,-0.622325077,3.825141408,1.044267101,0.000000000,0.000000000,0.000000000,1.000000000
1403636642.320881367,-0.630372820,3.835950964,1.051929723,0.000000000,0.000000000,0.000000000,1.000000000
1403636642.369881392,-0.637562347,3.846632978,1.057510942,0.000000000,0.000000000,0.000000000,1.000000000
1403636642.418881178,-0.644210738,3.855182233,1.061655095,0.000000000,0.000000000,0.000000000,1.000000000
1403636642.469881296,-0.650134995,3.862610562,1.063946368,0.000000000,0.000000000,0.000000000,1.000000000
1403636642.520881176,-0.657076794,3.879732681,1.063297022,0.000000000,0.000000000,0.000000000,1.000000000
1403636642.567881346,-0.661698629,3.887978743,1.061927494,0.000000000,0.000000000,0.000000000,1.000000000
1403636642.669881344,-0.670597443,3.902998838,1.054761232,0.000000000,0.000000000,0.000000000,1.000000000
1403636642.720881224,-0.674510214,3.909896521,1.049544143,0.000000000,0.000000000,0.000000000,1.000000000
1403636642.767881393,-0.678414294,3.919647764,1.042559580,0.000000000,0.000000000,0.000000000,1.000000000
1403636642.818881273,-0.681649082,3.925302735,1.034600394,0.000000000,0.000000000,0.000000000,1.000000000
1403636642.867881298,-0.685062854,3.931897148,1.026332988,0.000000000,0.000000000,0.000000000,1.000000000
1403636642.967881203,-0.693678025,3.954144326,1.011508197,0.000000000,0.000000000,0.000000000,1.000000000
1403636643.017881393,-0.697942627,3.962068534,1.007215982,0.000000000,0.000000000,0.000000000,1.000000000
1403636643.067881346,-0.702544047,3.969211913,1.005378311,0.000000000,0.000000000,0.000000000,1.000000000
1403636643.119881392,-0.707898070,3.978519709,1.005584342,0.000000000,0.000000000,0.000000000,1.000000000
1403636643.170881271,-0.713287966,3.987051699,1.007875135,0.000000000,0.000000000,0.000000000,1.000000000
1403636643.220881224,-0.718432668,3.994678606,1.010825092,0.000000000,0.000000000,0.000000000,1.000000000
1403636643.269881248,-0.724145439,4.003072728,1.012572941,0.000000000,0.000000000,0.000000000,1.000000000
1403636643.321881294,-0.731929550,4.021095607,1.012469290,0.000000000,0.000000000,0.000000000,1.000000000
1403636643.369881392,-0.737765130,4.029156202,1.011745824,0.000000000,0.000000000,0.000000000,1.000000000
1403636643.469881296,-0.750347842,4.046680100,1.006487256,0.000000000,0.000000000,0.000000000,1.000000000
1403636643.518881321,-0.756865821,4.056442736,1.004078596,0.000000000,0.000000000,0.000000000,1.000000000
1403636643.569881201,-0.763336827,4.066396468,1.003205010,0.000000000,0.000000000,0.000000000,1.000000000
1403636643.619881392,-0.769973255,4.076527201,1.004081855,0.000000000,0.000000000,0.000000000,1.000000000
1403636643.667881250,-0.778571320,4.095589611,1.005664659,0.000000000,0.000000000,0.000000000,1.000000000
1403636643.770881176,-0.796592413,4.128292394,1.016605828,0.000000000,0.000000000,0.000000000,1.000000000
1403636643.868881226,-0.813020022,4.141757911,1.036788972,0.000000000,0.000000000,0.000000000,1.000000000
1403636643.920881271,-0.826171391,4.165859684,1.046444313,0.000000000,0.000000000,0.000000000,1.000000000
1403636644.017881393,-0.848795818,4.181861210,1.066032325,0.000000000,0.000000000,0.000000000,1.000000000
1403636644.067881346,-0.865736568,4.208770384,1.072084960,0.000000000,0.000000000,0.000000000,1.000000000
1403636644.118881226,-0.881459952,4.222521013,1.077931484,0.000000000,0.000000000,0.000000000,1.000000000
1403636644.168881178,-0.898039242,4.236894339,1.082028228,0.000000000,0.000000000,0.000000000,1.000000000
1403636644.219881296,-0.916301727,4.250739409,1.084929530,0.000000000,0.000000000,0.000000000,1.000000000
1403636644.269881248,-0.936599997,4.267003722,1.086158183,0.000000000,0.000000000,0.000000000,1.000000000
1403636644.321881294,-0.957468241,4.281927533,1.086153792,0.000000000,0.000000000,0.000000000,1.000000000
1403636644.369881392,-0.977685877,4.296809752,1.084900069,0.000000000,0.000000000,0.000000000,1.000000000
1403636644.470881224,-1.025581118,4.348787356,1.076119075,0.000000000,0.000000000,0.000000000,1.000000000
1403636644.520881176,-1.047468718,4.363693646,1.070630923,0.000000000,0.000000000,0.000000000,1.000000000
1403636644.568881273,-1.070328202,4.384248074,1.062691135,0.000000000,0.000000000,0.000000000,1.000000000
1403636644.619881392,-1.093412313,4.405513868,1.052847805,0.000000000,0.000000000,0.000000000,1.000000000
1403636644.669881344,-1.113964413,4.424115793,1.041912700,0.000000000,0.000000000,0.000000000,1.000000000
1403636644.721881390,-1.134779750,4.443392704,1.028850264,0.000000000,0.000000000,0.000000000,1.000000000
1403636644.771881342,-1.161633985,4.491730407,1.011577463,0.000000000,0.000000000,0.000000000,1.000000000
1403636644.819881201,-1.180646414,4.515246632,0.996376821,0.000000000,0.000000000,0.000000000,1.000000000
1403636644.867881298,-1.198653205,4.536678736,0.979417154,0.000000000,0.000000000,0.000000000,1.000000000
1403636644.967881203,-1.232200987,4.580475075,0.940969272,0.000000000,0.000000000,0.000000000,1.000000000
1403636645.019881248,-1.247839688,4.602891217,0.920236137,0.000000000,0.000000000,0.000000000,1.000000000
1403636645.067881346,-1.262415114,4.625676033,0.900762181,0.000000000,0.000000000,0.000000000,1.000000000
1403636645.122881174,-1.285211030,4.677006978,0.877590209,0.000000000,0.000000000,0.000000000,1.000000000
1403636645.222881317,-1.315842625,4.723963787,0.846538692,0.000000000,0.000000000,0.000000000,1.000000000
1403636645.267881393,-1.331398099,4.747282569,0.834566401,0.000000000,0.000000000,0.000000000,1.000000000
1403636645.318881273,-1.349228844,4.771113587,0.823557939,0.000000000,0.000000000,0.000000000,1.000000000
1403636645.369881392,-1.368681543,4.796825324,0.814495580,0.000000000,0.000000000,0.000000000,1.000000000
1403636645.418881178,-1.387786350,4.818802024,0.808216325,0.000000000,0.000000000,0.000000000,1.000000000
1403636645.468881369,-1.410026460,4.846323409,0.803194657,0.000000000,0.000000000,0.000000000,1.000000000
1403636645.519881248,-1.441518940,4.899185164,0.796014836,0.000000000,0.000000000,0.000000000,1.000000000
1403636645.568881273,-1.466313144,4.926107678,0.792675041,0.000000000,0.000000000,0.000000000,1.000000000
1403636645.620881319,-1.492534987,4.952386000,0.788211822,0.000000000,0.000000000,0.000000000,1.000000000
1403636645.718881369,-1.549408078,5.002958493,0.776310659,0.000000000,0.000000000,0.000000000,1.000000000
1403636645.818881273,-1.610305262,5.053579172,0.761133291,0.000000000,0.000000000,0.000000000,1.000000000
1403636645.869881392,-1.654086134,5.115262233,0.749699876,0.000000000,0.000000000,0.000000000,1.000000000
1403636645.971881390,-1.722669082,5.168342302,0.743459044,0.000000000,0.000000000,0.000000000,1.000000000
1403636646.021881342,-1.756997624,5.192066395,0.744213037,0.000000000,0.000000000,0.000000000,1.000000000
1403636646.170881271,-1.891682353,5.349996700,0.748302253,0.000000000,0.000000000,0.000000000,1.000000000
1403636646.269881248,-1.955826776,5.380438294,0.770694287,0.000000000,0.000000000,0.000000000,1.000000000
1403636646.320881367,-1.998305682,5.423908193,0.778568735,0.000000000,0.000000000,0.000000000,1.000000000
1403636646.418881178,-2.057232233,5.449564963,0.797441710,0.000000000,0.000000000,0.000000000,1.000000000
1403636646.469881296,-2.091047651,5.479428599,0.802793559,0.000000000,0.000000000,0.000000000,1.000000000
1403636646.521881342,-2.139750838,5.546826394,0.801220168,0.000000000,0.000000000,0.000000000,1.000000000
1403636646.567881346,-2.171664280,5.577835801,0.802698346,0.000000000,0.000000000,0.000000000,1.000000000
1403636646.621881247,-2.203532153,5.606784822,0.805410647,0.000000000,0.000000000,0.000000000,1.000000000
1403636646.670881271,-2.233320548,5.637610390,0.808477717,0.000000000,0.000000000,0.000000000,1.000000000
1403636646.720881224,-2.261993616,5.668005853,0.813736150,0.000000000,0.000000000,0.000000000,1.000000000
1403636646.769881248,-2.288510768,5.699372194,0.820356309,0.000000000,0.000000000,0.000000000,1.000000000
1403636646.819881201,-2.328902999,5.765007110,0.825127428,0.000000000,0.000000000,0.000000000,1.000000000
1403636646.869881392,-2.353445051,5.796430821,0.835607853,0.000000000,0.000000000,0.000000000,1.000000000
1403636646.969881296,-2.398560499,5.857042545,0.862534286,0.000000000,0.000000000,0.000000000,1.000000000
1403636647.020881176,-2.419685985,5.887056902,0.878869956,0.000000000,0.000000000,0.000000000,1.000000000
1403636647.067881346,-2.440061505,5.919214740,0.892652622,0.000000000,0.000000000,0.000000000,1.000000000
1403636647.120881319,-2.459738082,5.948592427,0.908932453,0.000000000,0.000000000,0.000000000,1.000000000
1403636647.168881178,-2.489412314,6.005707288,0.918456909,0.000000000,0.000000000,0.000000000,1.000000000
1403636647.217881203,-2.507577974,6.035152684,0.930125430,0.000000000,0.000000000,0.000000000,1.000000000
1403636647.319881201,-2.540240952,6.088557371,0.949323145,0.000000000,0.000000000,0.000000000,1.000000000
1403636647.368881226,-2.555707197,6.115350512,0.956343206,0.000000000,0.000000000,0.000000000,1.000000000
1403636647.418881178,-2.571076215,6.143158852,0.962267981,0.000000000,0.000000000,0.000000000,1.000000000
1403636647.468881369,-2.586294361,6.171982539,0.966778397,0.000000000,0.000000000,0.000000000,1.000000000
1403636647.519881248,-2.611166551,6.224745054,0.967956992,0.000000000,0.000000000,0.000000000,1.000000000
1403636647.567881346,-2.625552024,6.253672801,0.969766412,0.000000000,0.000000000,0.000000000,1.000000000
1403636647.670881271,-2.650337894,6.307515693,0.970554672,0.000000000,0.000000000,0.000000000,1.000000000
1403636647.721881390,-2.660950248,6.334629272,0.970826990,0.000000000,0.000000000,0.000000000,1.000000000
1403636647.818881273,-2.679601055,6.388071270,0.975169908,0.000000000,0.000000000,0.000000000,1.000000000
1403636647.870881319,-2.697753063,6.439405867,0.977925927,0.000000000,0.000000000,0.000000000,1.000000000
1403636647.971881390,-2.709597447,6.491892066,0.989477845,0.000000000,0.000000000,0.000000000,1.000000000
1403636648.019881248,-2.713943917,6.517545766,0.993436648,0.000000000,0.000000000,0.000000000,1.000000000
1403636648.069881201,-2.717541419,6.544427049,0.995333147,0.000000000,0.000000000,0.000000000,1.000000000
1403636648.120881319,-2.719453375,6.569665568,0.995131008,0.000000000,0.000000000,0.000000000,1.000000000
1403636648.168881178,-2.721393160,6.594693790,0.992466938,0.000000000,0.000000000,0.000000000,1.000000000
1403636648.220881224,-2.728819125,6.637787543,0.986364489,0.000000000,0.000000000,0.000000000,1.000000000
1403636648.320881367,-2.733497079,6.701844691,0.971015462,0.000000000,0.000000000,0.000000000,1.000000000
1403636648.419881344,-2.727880484,6.749119492,0.951748573,0.000000000,0.000000000,0.000000000,1.000000000
1403636648.469881296,-2.723959499,6.772474341,0.940345763,0.000000000,0.000000000,0.000000000,1.000000000
1403636648.521881342,-2.719003855,6.795038913,0.927906393,0.000000000,0.000000000,0.000000000,1.000000000
1403636648.567881346,-2.715002544,6.816073106,0.915137632,0.000000000,0.000000000,0.000000000,1.000000000
1403636648.622881174,-2.707988214,6.841296326,0.900037645,0.000000000,0.000000000,0.000000000,1.000000000
1403636648.721881390,-2.701069033,6.902965737,0.871823196,0.000000000,0.000000000,0.000000000,1.000000000
1403636648.767881393,-2.693852687,6.923137344,0.861355687,0.000000000,0.000000000,0.000000000,1.000000000
1403636648.818881273,-2.685000561,6.944052019,0.852501229,0.000000000,0.000000000,0.000000000,1.000000000
1403636648.868881226,-2.676386591,6.965082682,0.846319107,0.000000000,0.000000000,0.000000000,1.000000000
1403636648.920881271,-2.666818176,6.985571909,0.842329394,0.000000000,0.000000000,0.000000000,1.000000000
1403636648.969881296,-2.663229854,7.021031522,0.839385218,0.000000000,0.000000000,0.000000000,1.000000000
1403636649.068881273,-2.644813269,7.062700751,0.843660371,0.000000000,0.000000000,0.000000000,1.000000000
1403636649.167881250,-2.642540028,7.148918053,0.852038180,0.000000000,0.000000000,0.000000000,1.000000000
1403636649.321881294,-2.602480011,7.183823908,0.887868236,0.000000000,0.000000000,0.000000000,1.000000000
1403636649.367881298,-2.594787855,7.204716018,0.900316309,0.000000000,0.000000000,0.000000000,1.000000000
1403636649.422881365,-2.585225992,7.227609350,0.916734550,0.000000000,0.000000000,0.000000000,1.000000000
1403636649.470881224,-2.578292510,7.252668515,0.933020185,0.000000000,0.000000000,0.000000000,1.000000000
1403636649.522881269,-2.569924477,7.275157144,0.951780007,0.000000000,0.000000000,0.000000000,1.000000000
1403636649.569881201,-2.567841820,7.311183117,0.969115422,0.000000000,0.000000000,0.000000000,1.000000000
1403636649.619881392,-2.559191289,7.331695148,0.991003637,0.000000000,0.000000000,0.000000000,1.000000000
1403636649.669881344,-2.550277311,7.351209015,1.013994140,0.000000000,0.000000000,0.000000000,1.000000000
1403636649.720881224,-2.541033711,7.370818110,1.038405960,0.000000000,0.000000000,0.000000000,1.000000000
1403636649.819881201,-2.521373551,7.407981490,1.087476641,0.000000000,0.000000000,0.000000000,1.000000000
1403636649.868881226,-2.511494901,7.426264108,1.109364517,0.000000000,0.000000000,0.000000000,1.000000000
1403636649.921881199,-2.500339159,7.443817921,1.131209912,0.000000000,0.000000000,0.000000000,1.000000000
1403636650.023881197,-2.481616403,7.486543954,1.166385573,0.000000000,0.000000000,0.000000000,1.000000000
1403636650.122881174,-2.457639849,7.515612256,1.193437981,0.000000000,0.000000000,0.000000000,1.000000000
1403636650.171881199,-2.445149704,7.528491866,1.203131905,0.000000000,0.000000000,0.000000000,1.000000000
1403636650.219881296,-2.432657552,7.541212033,1.209862283,0.000000000,0.000000000,0.000000000,1.000000000
1403636650.268881321,-2.421136775,7.558755928,1.214488536,0.000000000,0.000000000,0.000000000,1.000000000
1403636650.368881226,-2.392712739,7.579513472,1.218996109,0.000000000,0.000000000,0.000000000,1.000000000
1403636650.422881365,-2.376657005,7.589796051,1.218722741,0.000000000,0.000000000,0.000000000,1.000000000
1403636650.520881176,-2.346139286,7.606468000,1.214764668,0.000000000,0.000000000,0.000000000,1.000000000
1403636650.568881273,-2.330847964,7.613130281,1.211305794,0.000000000,0.000000000,0.000000000,1.000000000
1403636650.618881226,-2.315834892,7.622732533,1.205883727,0.000000000,0.000000000,0.000000000,1.000000000
1403636650.719881296,-2.282734778,7.634278796,1.192674004,0.000000000,0.000000000,0.000000000,1.000000000
1403636650.768881321,-2.266522854,7.638787935,1.184828334,0.000000000,0.000000000,0.000000000,1.000000000
1403636650.819881201,-2.249685146,7.643400532,1.176140022,0.000000000,0.000000000,0.000000000,1.000000000
1403636650.869881392,-2.233307427,7.647832146,1.167521863,0.000000000,0.000000000,0.000000000,1.000000000
1403636650.920881271,-2.216326210,7.651411761,1.160310353,0.000000000,0.000000000,0.000000000,1.000000000
1403636650.967881203,-2.200987157,7.655633139,1.155718596,0.000000000,0.000000000,0.000000000,1.000000000
1403636651.017881393,-2.184144649,7.659269161,1.152501089,0.000000000,0.000000000,0.000000000,1.000000000
1403636651.068881273,-2.167640954,7.662856619,1.151194830,0.000000000,0.000000000,0.000000000,1.000000000
1403636651.168881178,-2.135106285,7.667934553,1.153516731,0.000000000,0.000000000,0.000000000,1.000000000
1403636651.219881296,-2.118389155,7.669619074,1.157179526,0.000000000,0.000000000,0.000000000,1.000000000
1403636651.269881248,-2.101410873,7.668306563,1.162706572,0.000000000,0.000000000,0.000000000,1.000000000
1403636651.368881226,-2.069287553,7.668371934,1.178172173,0.000000000,0.000000000,0.000000000,1.000000000
1403636651.419881344,-2.052696171,7.665996966,1.188326330,0.000000000,0.000000000,0.000000000,1.000000000
1403636651.469881296,-2.036767641,7.664467887,1.199251098,0.000000000,0.000000000,0.000000000,1.000000000
1403636651.519881248,-2.021281458,7.662739497,1.209163648,0.000000000,0.000000000,0.000000000,1.000000000
1403636651.568881273,-2.005167816,7.659008422,1.217488203,0.000000000,0.000000000,0.000000000,1.000000000
1403636651.619881392,-1.989210143,7.656180595,1.224319171,0.000000000,0.000000000,0.000000000,1.000000000
1403636651.668881178,-1.973844080,7.653075752,1.228587689,0.000000000,0.000000000,0.000000000,1.000000000
1403636651.719881296,-1.955838531,7.642316846,1.231747014,0.000000000,0.000000000,0.000000000,1.000000000
1403636651.769881248,-1.940120435,7.638106859,1.232981329,0.000000000,0.000000000,0.000000000,1.000000000
1403636651.818881273,-1.924340221,7.633840745,1.232918128,0.000000000,0.000000000,0.000000000,1.000000000
1403636651.868881226,-1.908078275,7.628603643,1.231901756,0.000000000,0.000000000,0.000000000,1.000000000
1403636651.918881178,-1.891409084,7.623408445,1.229998782,0.000000000,0.000000000,0.000000000,1.000000000
1403636651.967881203,-1.874165720,7.617260142,1.227142930,0.000000000,0.000000000,0.000000000,1.000000000
1403636652.018881321,-1.856262197,7.612226028,1.223052044,0.000000000,0.000000000,0.000000000,1.000000000
1403636652.070881367,-1.837244212,7.604273999,1.217293159,0.000000000,0.000000000,0.000000000,1.000000000
1403636652.120881319,-1.814363536,7.582786063,1.211175281,0.000000000,0.000000000,0.000000000,1.000000000
1403636652.222881317,-1.773718357,7.562990127,1.195138374,0.000000000,0.000000000,0.000000000,1.000000000
1403636652.320881367,-1.731269285,7.540216684,1.176529039,0.000000000,0.000000000,0.000000000,1.000000000
1403636652.371881247,-1.708747681,7.528475761,1.166083150,0.000000000,0.000000000,0.000000000,1.000000000
1403636652.420881271,-1.686048625,7.516667182,1.154739421,0.000000000,0.000000000,0.000000000,1.000000000
1403636652.467881203,-1.660771303,7.489001559,1.144403982,0.000000000,0.000000000,0.000000000,1.000000000
1403636652.518881321,-1.637309312,7.477153559,1.131669879,0.000000000,0.000000000,0.000000000,1.000000000
1403636652.567881346,-1.614305707,7.465136552,1.119133143,0.000000000,0.000000000,0.000000000,1.000000000
1403636652.668881178,-1.565821760,7.440473019,1.095970007,0.000000000,0.000000000,0.000000000,1.000000000
1403636652.718881369,-1.541259984,7.429774337,1.087149853,0.000000000,0.000000000,0.000000000,1.000000000
1403636652.767881393,-1.516971646,7.420096241,1.080643257,0.000000000,0.000000000,0.000000000,1.000000000
1403636652.819881201,-1.488892549,7.399010552,1.076944370,0.000000000,0.000000000,0.000000000,1.000000000
1403636652.870881319,-1.462766849,7.391821230,1.074384828,0.000000000,0.000000000,0.000000000,1.000000000
1403636652.969881296,-1.411398937,7.380562354,1.077430417,0.000000000,0.000000000,0.000000000,1.000000000
1403636653.020881176,-1.384174436,7.376797344,1.081857442,0.000000000,0.000000000,0.000000000,1.000000000
1403636653.167881250,-1.303392011,7.367031352,1.099123729,0.000000000,0.000000000,0.000000000,1.000000000
1403636653.320881367,-1.220443349,7.368915513,1.096743637,0.000000000,0.000000000,0.000000000,1.000000000
1403636653.368881226,-1.193805393,7.368981721,1.092416129,0.000000000,0.000000000,0.000000000,1.000000000
1403636653.419881344,-1.167100737,7.370016590,1.088818283,0.000000000,0.000000000,0.000000000,1.000000000
1403636653.468881369,-1.140896288,7.371974326,1.086720081,0.000000000,0.000000000,0.000000000,1.000000000
1403636653.520881176,-1.114573838,7.373961436,1.086494270,0.000000000,0.000000000,0.000000000,1.000000000
1403636653.569881201,-1.089812562,7.376762799,1.088526106,0.000000000,0.000000000,0.000000000,1.000000000
1403636653.618881226,-1.064594699,7.376615176,1.092460781,0.000000000,0.000000000,0.000000000,1.000000000
1403636653.720881224,-1.015967910,7.380147465,1.105746231,0.000000000,0.000000000,0.000000000,1.000000000
1403636653.770881176,-0.992599228,7.378720316,1.114177316,0.000000000,0.000000000,0.000000000,1.000000000
1403636653.822881222,-0.969785415,7.378137927,1.122380097,0.000000000,0.000000000,0.000000000,1.000000000
1403636653.871881247,-0.948291100,7.377220170,1.128823076,0.000000000,0.000000000,0.000000000,1.000000000
1403636653.922881365,-0.926554194,7.376193093,1.133780790,0.000000000,0.000000000,0.000000000,1.000000000
1403636653.970881224,-0.905939464,7.370842917,1.137006750,0.000000000,0.000000000,0.000000000,1.000000000
1403636654.022881269,-0.885389198,7.367361620,1.138478967,0.000000000,0.000000000,0.000000000,1.000000000
1403636654.070881367,-0.866121832,7.364596020,1.138171752,0.000000000,0.000000000,0.000000000,1.000000000
1403636654.119881392,-0.847129628,7.361660924,1.136044489,0.000000000,0.000000000,0.000000000,1.000000000
1403636654.170881271,-0.828125695,7.357592008,1.132309224,0.000000000,0.000000000,0.000000000,1.000000000
1403636654.220881224,-0.809581906,7.352366937,1.127588995,0.000000000,0.000000000,0.000000000,1.000000000
1403636654.268881321,-0.792322662,7.347906496,1.121756170,0.000000000,0.000000000,0.000000000,1.000000000
1403636654.321881294,-0.772644866,7.331624617,1.116869510,0.000000000,0.000000000,0.000000000,1.000000000
1403636654.370881319,-0.755780120,7.324136172,1.113328418,0.000000000,0.000000000,0.000000000,1.000000000
1403636654.469881296,-0.722475939,7.308278101,1.111455931,0.000000000,0.000000000,0.000000000,1.000000000
1403636654.520881176,-0.705767852,7.298956491,1.113580273,0.000000000,0.000000000,0.000000000,1.000000000
1403636654.571881294,-0.689327131,7.288664038,1.117501606,0.000000000,0.000000000,0.000000000,1.000000000
1403636654.621881247,-0.673336779,7.279394014,1.123205255,0.000000000,0.000000000,0.000000000,1.000000000
1403636654.670881271,-0.657387569,7.257140233,1.131360285,0.000000000,0.000000000,0.000000000,1.000000000
1403636654.720881224,-0.642175386,7.245900584,1.140639374,0.000000000,0.000000000,0.000000000,1.000000000
1403636654.767881393,-0.628159051,7.234484524,1.149202358,0.000000000,0.000000000,0.000000000,1.000000000
1403636654.822881222,-0.610780611,7.224390191,1.159117985,0.000000000,0.000000000,0.000000000,1.000000000
1403636654.867881298,-0.599797988,7.217486851,1.163659246,0.000000000,0.000000000,0.000000000,1.000000000
1403636654.967881203,-0.569927090,7.181146929,1.172413473,0.000000000,0.000000000,0.000000000,1.000000000
1403636655.017881393,-0.555594131,7.167291142,1.174206291,0.000000000,0.000000000,0.000000000,1.000000000
1403636655.068881273,-0.541744814,7.152285168,1.174125273,0.000000000,0.000000000,0.000000000,1.000000000
1403636655.118881226,-0.528376148,7.141147829,1.172113725,0.000000000,0.000000000,0.000000000,1.000000000
1403636655.167881250,-0.515967846,7.129866059,1.168976709,0.000000000,0.000000000,0.000000000,1.000000000
1403636655.217881203,-0.502991323,7.118554169,1.164784049,0.000000000,0.000000000,0.000000000,1.000000000
1403636655.269881248,-0.490375429,7.105158671,1.160010436,0.000000000,0.000000000,0.000000000,1.000000000
1403636655.319881201,-0.475018085,7.092833841,1.153316599,0.000000000,0.000000000,0.000000000,1.000000000
1403636655.368881226,-0.467200751,7.080105379,1.149178855,0.000000000,0.000000000,0.000000000,1.000000000
1403636655.420881271,-0.456446375,7.066423581,1.142458452,0.000000000,0.000000000,0.000000000,1.000000000
1403636655.470881224,-0.444505099,7.035804151,1.137008655,0.000000000,0.000000000,0.000000000,1.000000000
1403636655.518881321,-0.434347848,7.020056129,1.130673898,0.000000000,0.000000000,0.000000000,1.000000000
1403636655.568881273,-0.420824699,7.004495654,1.124410546,0.000000000,0.000000000,0.000000000,1.000000000
1403636655.668881178,-0.408311744,6.967873063,1.119868445,0.000000000,0.000000000,0.000000000,1.000000000
1403636655.768881321,-0.390844121,6.929655346,1.118066114,0.000000000,0.000000000,0.000000000,1.000000000
1403636655.818881273,-0.381189247,6.888992690,1.116711922,0.000000000,0.000000000,0.000000000,1.000000000
1403636655.867881298,-0.372829663,6.868104825,1.111695381,0.000000000,0.000000000,0.000000000,1.000000000
1403636655.918881178,-0.364129846,6.847028328,1.103323893,0.000000000,0.000000000,0.000000000,1.000000000
1403636655.971881390,-0.354898263,6.824717751,1.090981783,0.000000000,0.000000000,0.000000000,1.000000000
1403636656.020881176,-0.345584505,6.804234273,1.076279560,0.000000000,0.000000000,0.000000000,1.000000000
1403636656.069881201,-0.335928008,6.782675671,1.060939642,0.000000000,0.000000000,0.000000000,1.000000000
1403636656.121881247,-0.323876665,6.739142749,1.046162330,0.000000000,0.000000000,0.000000000,1.000000000
1403636656.219881296,-0.300883334,6.695361366,1.021656932,0.000000000,0.000000000,0.000000000,1.000000000
1403636656.268881321,-0.288015538,6.673207053,1.012763795,0.000000000,0.000000000,0.000000000,1.000000000
1403636656.319881201,-0.273980221,6.651240321,1.006251847,0.000000000,0.000000000,0.000000000,1.000000000
1403636656.368881226,-0.259941571,6.628493801,1.003191384,0.000000000,0.000000000,0.000000000,1.000000000
1403636656.421881199,-0.242985709,6.588022846,1.003583509,0.000000000,0.000000000,0.000000000,1.000000000
1403636656.469881296,-0.227030165,6.566675813,1.005700251,0.000000000,0.000000000,0.000000000,1.000000000
1403636656.521881342,-0.209444543,6.546521674,1.010115958,0.000000000,0.000000000,0.000000000,1.000000000
1403636656.719881296,-0.136339705,6.447657147,1.044498599,0.000000000,0.000000000,0.000000000,1.000000000
1403636656.769881248,-0.117553972,6.428517188,1.052237408,0.000000000,0.000000000,0.000000000,1.000000000
1403636656.818881273,-0.098012647,6.403279900,1.059468935,0.000000000,0.000000000,0.000000000,1.000000000
1403636656.869881392,-0.078346724,6.383852701,1.064586522,0.000000000,0.000000000,0.000000000,1.000000000
1403636656.918881178,-0.059520165,6.364242303,1.068020206,0.000000000,0.000000000,0.000000000,1.000000000
1403636656.967881203,-0.040671402,6.343461696,1.069788117,0.000000000,0.000000000,0.000000000,1.000000000
1403636657.018881321,-0.021608336,6.323505148,1.069733371,0.000000000,0.000000000,0.000000000,1.000000000
1403636657.069881201,-0.003213348,6.302376580,1.068041377,0.000000000,0.000000000,0.000000000,1.000000000
1403636657.122881174,0.015741012,6.262106329,1.065779292,0.000000000,0.000000000,0.000000000,1.000000000
1403636657.220881224,0.049245007,6.218028949,1.054500612,0.000000000,0.000000000,0.000000000,1.000000000
1403636657.320881367,0.080211500,6.171536460,1.040187512,0.000000000,0.000000000,0.000000000,1.000000000
1403636657.370881319,0.094922883,6.146849485,1.034760236,0.000000000,0.000000000,0.000000000,1.000000000
1403636657.470881224,0.122632478,6.069781453,1.030326104,0.000000000,0.000000000,0.000000000,1.000000000
1403636657.519881248,0.136567083,6.042305324,1.029164543,0.000000000,0.000000000,0.000000000,1.000000000
1403636657.569881201,0.150693544,6.014764491,1.027708919,0.000000000,0.000000000,0.000000000,1.000000000
1403636657.618881226,0.164648263,5.986119706,1.025413054,0.000000000,0.000000000,0.000000000,1.000000000
1403636657.667881250,0.178858176,5.957308965,1.021637884,0.000000000,0.000000000,0.000000000,1.000000000
1403636657.722881317,0.193836229,5.900329914,1.017974507,0.000000000,0.000000000,0.000000000,1.000000000
1403636657.767881393,0.207586032,5.871259023,1.012021024,0.000000000,0.000000000,0.000000000,1.000000000
1403636657.822881222,0.224502451,5.840805829,1.003610743,0.000000000,0.000000000,0.000000000,1.000000000
1403636657.868881226,0.239738810,5.810383405,0.995632253,0.000000000,0.000000000,0.000000000,1.000000000
1403636657.922881365,0.258071791,5.778532085,0.985170135,0.000000000,0.000000000,0.000000000,1.000000000
1403636657.967881203,0.274696346,5.747757485,0.975660189,0.000000000,0.000000000,0.000000000,1.000000000
1403636658.067881346,0.314927804,5.683338667,0.954286890,0.000000000,0.000000000,0.000000000,1.000000000
1403636658.121881247,0.336680882,5.621089587,0.947973794,0.000000000,0.000000000,0.000000000,1.000000000
1403636658.220881224,0.381615206,5.556834289,0.938473387,0.000000000,0.000000000,0.000000000,1.000000000
1403636658.270881176,0.406949098,5.523594543,0.936513305,0.000000000,0.000000000,0.000000000,1.000000000
1403636658.320881367,0.432693047,5.491369285,0.936325510,0.000000000,0.000000000,0.000000000,1.000000000
1403636658.371881247,0.459352274,5.457938079,0.936395357,0.000000000,0.000000000,0.000000000,1.000000000
1403636658.420881271,0.487047414,5.426161755,0.935396568,0.000000000,0.000000000,0.000000000,1.000000000
1403636658.469881296,0.512212870,5.366350172,0.936089917,0.000000000,0.000000000,0.000000000,1.000000000
1403636658.520881176,0.541229893,5.334814406,0.932418649,0.000000000,0.000000000,0.000000000,1.000000000
1403636658.621881247,0.599918794,5.273811071,0.922442718,0.000000000,0.000000000,0.000000000,1.000000000
1403636658.669881344,0.627704399,5.244626627,0.916817685,0.000000000,0.000000000,0.000000000,1.000000000
1403636658.721881390,0.657692667,5.215838546,0.909927432,0.000000000,0.000000000,0.000000000,1.000000000
1403636658.767881393,0.681917317,5.167584251,0.905713261,0.000000000,0.000000000,0.000000000,1.000000000
1403636658.818881273,0.711297756,5.141353352,0.897707219,0.000000000,0.000000000,0.000000000,1.000000000
1403636658.870881319,0.740609217,5.115804468,0.888730930,0.000000000,0.000000000,0.000000000,1.000000000
1403636658.967881203,0.792601775,5.068051019,0.870371117,0.000000000,0.000000000,0.000000000,1.000000000
1403636659.021881342,0.820897723,5.045748667,0.858741796,0.000000000,0.000000000,0.000000000,1.000000000
1403636659.070881367,0.845399460,5.021935902,0.848103497,0.000000000,0.000000000,0.000000000,1.000000000
1403636659.120881319,0.867976246,4.984992084,0.837715208,0.000000000,0.000000000,0.000000000,1.000000000
1403636659.220881224,0.914824500,4.944159951,0.810410777,0.000000000,0.000000000,0.000000000,1.000000000
1403636659.268881321,0.933522488,4.924290490,0.796335214,0.000000000,0.000000000,0.000000000,1.000000000
1403636659.319881201,0.954226922,4.904573977,0.779980479,0.000000000,0.000000000,0.000000000,1.000000000
1403636659.367881298,0.972558832,4.884253578,0.764564239,0.000000000,0.000000000,0.000000000,1.000000000
1403636659.418881178,0.991523514,4.864687720,0.749237858,0.000000000,0.000000000,0.000000000,1.000000000
1403636659.468881369,1.009441014,4.845380379,0.735222289,0.000000000,0.000000000,0.000000000,1.000000000
1403636659.519881248,1.023515214,4.813945941,0.725301451,0.000000000,0.000000000,0.000000000,1.000000000
1403636659.568881273,1.039437335,4.794405793,0.715299855,0.000000000,0.000000000,0.000000000,1.000000000
1403636659.620881319,1.054676187,4.776205779,0.706889956,0.000000000,0.000000000,0.000000000,1.000000000
1403636659.720881224,1.082282413,4.740786041,0.693696561,0.000000000,0.000000000,0.000000000,1.000000000
1403636659.769881248,1.094931894,4.723132031,0.686568648,0.000000000,0.000000000,0.000000000,1.000000000
1403636659.821881294,1.104319060,4.693801906,0.680219062,0.000000000,0.000000000,0.000000000,1.000000000
1403636659.869881392,1.115209984,4.678051694,0.670547516,0.000000000,0.000000000,0.000000000,1.000000000
1403636659.970881224,1.136035069,4.645687402,0.646407211,0.000000000,0.000000000,0.000000000,1.000000000
1403636660.068881273,1.153689903,4.615135420,0.618407900,0.000000000,0.000000000,0.000000000,1.000000000
1403636660.121881247,1.162369816,4.599308500,0.602072490,0.000000000,0.000000000,0.000000000,1.000000000
1403636660.171881199,1.168037757,4.577020461,0.586918439,0.000000000,0.000000000,0.000000000,1.000000000
1403636660.269881248,1.182177914,4.551409413,0.551444890,0.000000000,0.000000000,0.000000000,1.000000000
1403636660.368881226,1.194795848,4.528395976,0.513437977,0.000000000,0.000000000,0.000000000,1.000000000
1403636660.420881271,1.201797559,4.517860249,0.493242953,0.000000000,0.000000000,0.000000000,1.000000000
1403636660.468881369,1.207819429,4.508413690,0.477221889,0.000000000,0.000000000,0.000000000,1.000000000
1403636660.518881321,1.215074626,4.500720040,0.461394744,0.000000000,0.000000000,0.000000000,1.000000000
1403636660.568881273,1.222745386,4.495577238,0.448207644,0.000000000,0.000000000,0.000000000,1.000000000
1403636660.619881392,1.230926683,4.491583145,0.436213402,0.000000000,0.000000000,0.000000000,1.000000000
1403636660.718881369,1.247179341,4.487848621,0.412681076,0.000000000,0.000000000,0.000000000,1.000000000
1403636660.768881321,1.255219519,4.487652957,0.399202155,0.000000000,0.000000000,0.000000000,1.000000000
1403636660.819881201,1.263368848,4.489107635,0.384089347,0.000000000,0.000000000,0.000000000,1.000000000
1403636660.868881226,1.270726107,4.490500597,0.368060893,0.000000000,0.000000000,0.000000000,1.000000000
1403636660.918881178,1.280104927,4.502126892,0.348472947,0.000000000,0.000000000,0.000000000,1.000000000
1403636660.967881203,1.286470025,4.507329230,0.329968714,0.000000000,0.000000000,0.000000000,1.000000000
1403636661.069881201,1.296413897,4.519281570,0.288441575,0.000000000,0.000000000,0.000000000,1.000000000
1403636661.121881247,1.299800711,4.525286028,0.266532524,0.000000000,0.000000000,0.000000000,1.000000000
1403636661.170881271,1.301984890,4.532628619,0.244624800,0.000000000,0.000000000,0.000000000,1.000000000
1403636661.220881224,1.302527697,4.539901272,0.221084046,0.000000000,0.000000000,0.000000000,1.000000000
1403636661.271881342,1.305897393,4.561239301,0.193309819,0.000000000,0.000000000,0.000000000,1.000000000
1403636661.322881222,1.303583666,4.568913184,0.169010375,0.000000000,0.000000000,0.000000000,1.000000000
1403636661.370881319,1.300323075,4.577408845,0.146937597,0.000000000,0.000000000,0.000000000,1.000000000
1403636661.469881296,1.290593643,4.595373725,0.107454423,0.000000000,0.000000000,0.000000000,1.000000000
1403636661.522881269,1.283375280,4.604040511,0.090197486,0.000000000,0.000000000,0.000000000,1.000000000
1403636661.567881346,1.276553418,4.613473342,0.075987779,0.000000000,0.000000000,0.000000000,1.000000000
1403636661.622881174,1.269426700,4.630810629,0.059227580,0.000000000,0.000000000,0.000000000,1.000000000
1403636661.718881369,1.250404720,4.646980845,0.039037319,0.000000000,0.000000000,0.000000000,1.000000000
1403636661.818881273,1.227669773,4.662822655,0.025484830,0.000000000,0.000000000,0.000000000,1.000000000
1403636661.868881226,1.215483603,4.671080496,0.021002969,0.000000000,0.000000000,0.000000000,1.000000000
1403636661.919881344,1.202782454,4.677886565,0.018474139,0.000000000,0.000000000,0.000000000,1.000000000
1403636661.967881203,1.190568696,4.684021603,0.017759384,0.000000000,0.000000000,0.000000000,1.000000000
1403636662.018881321,1.177591432,4.692728529,0.017871856,0.000000000,0.000000000,0.000000000,1.000000000
1403636662.068881273,1.164009183,4.698055120,0.020605336,0.000000000,0.000000000,0.000000000,1.000000000
1403636662.169881344,1.136311214,4.707847383,0.030232105,0.000000000,0.000000000,0.000000000,1.000000000
1403636662.218881369,1.121090718,4.707669571,0.038647136,0.000000000,0.000000000,0.000000000,1.000000000
1403636662.268881321,1.106439169,4.710216440,0.046080952,0.000000000,0.000000000,0.000000000,1.000000000
1403636662.318881273,1.090481588,4.708809357,0.053794744,0.000000000,0.000000000,0.000000000,1.000000000
1403636662.369881392,1.074952696,4.710744694,0.058943374,0.000000000,0.000000000,0.000000000,1.000000000
1403636662.419881344,1.058732871,4.711337779,0.062870052,0.000000000,0.000000000,0.000000000,1.000000000
1403636662.470881224,1.041768566,4.711571757,0.065259026,0.000000000,0.000000000,0.000000000,1.000000000
1403636662.520881176,1.024606801,4.711379972,0.066300633,0.000000000,0.000000000,0.000000000,1.000000000
1403636662.571881294,1.007292307,4.711740725,0.065739368,0.000000000,0.000000000,0.000000000,1.000000000
1403636662.620881319,0.989180090,4.709950651,0.064770882,0.000000000,0.000000000,0.000000000,1.000000000
1403636662.721881390,0.952848941,4.711129138,0.058065690,0.000000000,0.000000000,0.000000000,1.000000000
1403636662.770881176,0.935758379,4.711979180,0.053139093,0.000000000,0.000000000,0.000000000,1.000000000
1403636662.819881201,0.918082346,4.711558764,0.047391292,0.000000000,0.000000000,0.000000000,1.000000000
1403636662.868881226,0.901158425,4.711628752,0.040489173,0.000000000,0.000000000,0.000000000,1.000000000
1403636662.919881344,0.884055039,4.712290343,0.032188606,0.000000000,0.000000000,0.000000000,1.000000000
1403636662.969881296,0.868026028,4.712437747,0.023123161,0.000000000,0.000000000,0.000000000,1.000000000
1403636663.018881321,0.853412256,4.714037280,0.012954343,0.000000000,0.000000000,0.000000000,1.000000000
1403636663.069881201,0.838957881,4.714143482,0.001734643,0.000000000,0.000000000,0.000000000,1.000000000
1403636663.119881392,0.826519969,4.714751967,-0.009917096,0.000000000,0.000000000,0.000000000,1.000000000
1403636663.167881250,0.816337822,4.714312806,-0.020117683,0.000000000,0.000000000,0.000000000,1.000000000
1403636663.218881369,0.807310039,4.713831726,-0.029703511,0.000000000,0.000000000,0.000000000,1.000000000
1403636663.270881176,0.799775225,4.712583807,-0.037486697,0.000000000,0.000000000,0.000000000,1.000000000
1403636663.321881294,0.794090985,4.711476923,-0.043812368,0.000000000,0.000000000,0.000000000,1.000000000
1403636663.369881392,0.789710554,4.711452565,-0.049376423,0.000000000,0.000000000,0.000000000,1.000000000
1403636663.470881224,0.784231456,4.712018097,-0.063347517,0.000000000,0.000000000,0.000000000,1.000000000
1403636663.519881248,0.783728721,4.712357378,-0.072199876,0.000000000,0.000000000,0.000000000,1.000000000
1403636663.570881367,0.784425789,4.713912197,-0.083155154,0.000000000,0.000000000,0.000000000,1.000000000
1403636663.620881319,0.786300652,4.715946139,-0.095212215,0.000000000,0.000000000,0.000000000,1.000000000
1403636663.720881224,0.793896899,4.734271314,-0.125594337,0.000000000,0.000000000,0.000000000,1.000000000
1403636663.768881321,0.798127061,4.742441797,-0.140224193,0.000000000,0.000000000,0.000000000,1.000000000
1403636663.817881346,0.802884189,4.752248674,-0.155979184,0.000000000,0.000000000,0.000000000,1.000000000
1403636663.868881226,0.807627993,4.763367721,-0.170974882,0.000000000,0.000000000,0.000000000,1.000000000
1403636663.919881344,0.812404618,4.777138132,-0.184459984,0.000000000,0.000000000,0.000000000,1.000000000
1403636663.967881203,0.816858972,4.792804669,-0.195738494,0.000000000,0.000000000,0.000000000,1.000000000
1403636664.018881321,0.821189834,4.810252295,-0.205066721,0.000000000,0.000000000,0.000000000,1.000000000
1403636664.067881346,0.829013159,4.851917963,-0.220178811,0.000000000,0.000000000,0.000000000,1.000000000
1403636664.118881226,0.831776077,4.875168261,-0.226014702,0.000000000,0.000000000,0.000000000,1.000000000
1403636664.167881250,0.833109497,4.897534928,-0.228956055,0.000000000,0.000000000,0.000000000,1.000000000
1403636664.268881321,0.844583757,5.014792648,-0.253234800,0.000000000,0.000000000,0.000000000,1.000000000
1403636664.368881226,0.834131711,5.044770945,-0.239821496,0.000000000,0.000000000,0.000000000,1.000000000
1403636664.421881199,0.830611533,5.088113228,-0.243053897,0.000000000,0.000000000,0.000000000,1.000000000
1403636664.469881296,0.825571679,5.125635782,-0.248277157,0.000000000,0.000000000,0.000000000,1.000000000
1403636664.520881176,0.817944189,5.157489114,-0.255581738,0.000000000,0.000000000,0.000000000,1.000000000
1403636664.571881294,0.810203763,5.194997495,-0.268193686,0.000000000,0.000000000,0.000000000,1.000000000
1403636664.621881247,0.800635450,5.228342181,-0.281214593,0.000000000,0.000000000,0.000000000,1.000000000
1403636664.669881344,0.790499318,5.264305347,-0.296074438,0.000000000,0.000000000,0.000000000,1.000000000
1403636664.720881224,0.778779119,5.298556555,-0.310244426,0.000000000,0.000000000,0.000000000,1.000000000
1403636664.771881342,0.766837611,5.333958271,-0.324105291,0.000000000,0.000000000,0.000000000,1.000000000
1403636664.820881367,0.753192829,5.366200560,-0.335275675,0.000000000,0.000000000,0.000000000,1.000000000
1403636664.867881298,0.744333149,5.430755672,-0.355818502,0.000000000,0.000000000,0.000000000,1.000000000
1403636664.967881203,0.711882081,5.495425443,-0.369354440,0.000000000,0.000000000,0.000000000,1.000000000
1403636665.019881248,0.694433269,5.526071657,-0.373377071,0.000000000,0.000000000,0.000000000,1.000000000
1403636665.068881273,0.677624843,5.560997545,-0.376827134,0.000000000,0.000000000,0.000000000,1.000000000
1403636665.118881226,0.659860051,5.593648943,-0.377642985,0.000000000,0.000000000,0.000000000,1.000000000
1403636665.167881250,0.642242462,5.625566038,-0.377143223,0.000000000,0.000000000,0.000000000,1.000000000
1403636665.219881296,0.626532988,5.684727940,-0.383003123,0.000000000,0.000000000,0.000000000,1.000000000
1403636665.269881248,0.607829237,5.716878866,-0.378321253,0.000000000,0.000000000,0.000000000,1.000000000
1403636665.318881273,0.589341891,5.749299205,-0.372383204,0.000000000,0.000000000,0.000000000,1.000000000
1403636665.418881178,0.553329238,5.813115947,-0.358998775,0.000000000,0.000000000,0.000000000,1.000000000
1403636665.467881203,0.535585886,5.844370927,-0.352076283,0.000000000,0.000000000,0.000000000,1.000000000
1403636665.520881176,0.516659192,5.877014087,-0.344054265,0.000000000,0.000000000,0.000000000,1.000000000
1403636665.571881294,0.501078926,5.933963963,-0.344390936,0.000000000,0.000000000,0.000000000,1.000000000
1403636665.619881392,0.484309175,5.965847078,-0.337464774,0.000000000,0.000000000,0.000000000,1.000000000
1403636665.719881296,0.448497886,6.029081292,-0.321452977,0.000000000,0.000000000,0.000000000,1.000000000
1403636665.819881201,0.412910880,6.090945081,-0.304976126,0.000000000,0.000000000,0.000000000,1.000000000
1403636665.869881392,0.394215716,6.122961876,-0.296241449,0.000000000,0.000000000,0.000000000,1.000000000
1403636665.967881203,0.357076037,6.210862367,-0.285107325,0.000000000,0.000000000,0.000000000,1.000000000
1403636666.018881321,0.337037349,6.241934143,-0.275054576,0.000000000,0.000000000,0.000000000,1.000000000
1403636666.070881367,0.316286842,6.273051966,-0.264517050,0.000000000,0.000000000,0.000000000,1.000000000
1403636666.121881247,0.295708608,6.302786682,-0.254711306,0.000000000,0.000000000,0.000000000,1.000000000
1403636666.170881271,0.276275694,6.332650315,-0.247576347,0.000000000,0.000000000,0.000000000,1.000000000
1403636666.219881296,0.256496097,6.387239302,-0.248348790,0.000000000,0.000000000,0.000000000,1.000000000
1403636666.270881176,0.235192517,6.417170561,-0.244289464,0.000000000,0.000000000,0.000000000,1.000000000
1403636666.319881201,0.213781851,6.445615378,-0.241543907,0.000000000,0.000000000,0.000000000,1.000000000
1403636666.420881271,0.171633599,6.500045929,-0.240277364,0.000000000,0.000000000,0.000000000,1.000000000
1403636666.470881224,0.151525640,6.524935058,-0.241998363,0.000000000,0.000000000,0.000000000,1.000000000
1403636666.522881269,0.129995988,6.549438992,-0.245013796,0.000000000,0.000000000,0.000000000,1.000000000
1403636666.571881294,0.110607216,6.595253790,-0.253089442,0.000000000,0.000000000,0.000000000,1.000000000
1403636666.619881392,0.091222102,6.617110018,-0.253728500,0.000000000,0.000000000,0.000000000,1.000000000
1403636666.719881296,0.051659158,6.658854055,-0.250014776,0.000000000,0.000000000,0.000000000,1.000000000
1403636666.768881321,0.031123852,6.679063274,-0.244389688,0.000000000,0.000000000,0.000000000,1.000000000
1403636666.819881201,0.010745831,6.698445692,-0.237659125,0.000000000,0.000000000,0.000000000,1.000000000
1403636666.869881392,-0.008400778,6.735423805,-0.234470175,0.000000000,0.000000000,0.000000000,1.000000000
1403636666.970881224,-0.045916590,6.774553083,-0.218087793,0.000000000,0.000000000,0.000000000,1.000000000
1403636667.018881321,-0.062537629,6.793633344,-0.211450165,0.000000000,0.000000000,0.000000000,1.000000000
1403636667.069881201,-0.078185045,6.813351083,-0.206197360,0.000000000,0.000000000,0.000000000,1.000000000
1403636667.119881392,-0.093048883,6.832653013,-0.202459018,0.000000000,0.000000000,0.000000000,1.000000000
1403636667.168881178,-0.106689707,6.851473232,-0.200573016,0.000000000,0.000000000,0.000000000,1.000000000
1403636667.221881390,-0.121365833,6.888555427,-0.203795232,0.000000000,0.000000000,0.000000000,1.000000000
1403636667.320881367,-0.147425296,6.925731986,-0.205552996,0.000000000,0.000000000,0.000000000,1.000000000
1403636667.367881298,-0.158171757,6.945404082,-0.208368344,0.000000000,0.000000000,0.000000000,1.000000000
1403636667.421881199,-0.170239409,6.962900114,-0.211460180,0.000000000,0.000000000,0.000000000,1.000000000
1403636667.470881224,-0.180926702,6.982083230,-0.216136513,0.000000000,0.000000000,0.000000000,1.000000000
1403636667.521881342,-0.192563871,7.019504562,-0.226075414,0.000000000,0.000000000,0.000000000,1.000000000
1403636667.569881201,-0.203285064,7.037497960,-0.231273380,0.000000000,0.000000000,0.000000000,1.000000000
1403636667.670881271,-0.226503470,7.073431400,-0.241475555,0.000000000,0.000000000,0.000000000,1.000000000
1403636667.768881321,-0.248935266,7.109981067,-0.249006587,0.000000000,0.000000000,0.000000000,1.000000000
1403636667.817881346,-0.261066460,7.146245397,-0.254809404,0.000000000,0.000000000,0.000000000,1.000000000
1403636667.869881392,-0.272505073,7.163582991,-0.253794223,0.000000000,0.000000000,0.000000000,1.000000000
1403636667.919881344,-0.283604002,7.181056425,-0.252195572,0.000000000,0.000000000,0.000000000,1.000000000
1403636667.968881369,-0.293905511,7.201823385,-0.249811816,0.000000000,0.000000000,0.000000000,1.000000000
1403636668.017881393,-0.303534210,7.219679117,-0.246727747,0.000000000,0.000000000,0.000000000,1.000000000
1403636668.068881273,-0.312413864,7.240444266,-0.244445984,0.000000000,0.000000000,0.000000000,1.000000000
1403636668.119881392,-0.321703592,7.276542394,-0.246759018,0.000000000,0.000000000,0.000000000,1.000000000
1403636668.218881369,-0.336962828,7.316384983,-0.249433188,0.000000000,0.000000000,0.000000000,1.000000000
1403636668.270881176,-0.344387077,7.336631076,-0.253711287,0.000000000,0.000000000,0.000000000,1.000000000
1403636668.320881367,-0.350926510,7.355578249,-0.259269917,0.000000000,0.000000000,0.000000000,1.000000000
1403636668.371881247,-0.356968614,7.376199564,-0.266517489,0.000000000,0.000000000,0.000000000,1.000000000
1403636668.469881296,-0.369260683,7.437240604,-0.288512675,0.000000000,0.000000000,0.000000000,1.000000000
1403636668.520881176,-0.375013889,7.461113829,-0.299369114,0.000000000,0.000000000,0.000000000,1.000000000
1403636668.568881273,-0.380196002,7.480107791,-0.309199392,0.000000000,0.000000000,0.000000000,1.000000000
1403636668.619881392,-0.385998526,7.500790771,-0.320405952,0.000000000,0.000000000,0.000000000,1.000000000
1403636668.668881178,-0.391263325,7.521581218,-0.331254419,0.000000000,0.000000000,0.000000000,1.000000000
1403636668.768881321,-0.403541239,7.592152045,-0.360406660,0.000000000,0.000000000,0.000000000,1.000000000
1403636668.870881319,-0.416504917,7.641237198,-0.384412119,0.000000000,0.000000000,0.000000000,1.000000000
1403636668.921881199,-0.423987688,7.664820687,-0.395851043,0.000000000,0.000000000,0.000000000,1.000000000
1403636668.968881369,-0.431769667,7.689623789,-0.406429903,0.000000000,0.000000000,0.000000000,1.000000000
1403636669.021881342,-0.441437152,7.715693511,-0.415600064,0.000000000,0.000000000,0.000000000,1.000000000
1403636669.068881273,-0.453018647,7.771409603,-0.429577701,0.000000000,0.000000000,0.000000000,1.000000000
1403636669.118881226,-0.463617118,7.797646227,-0.433623262,0.000000000,0.000000000,0.000000000,1.000000000
1403636669.220881224,-0.488905518,7.846567991,-0.434037588,0.000000000,0.000000000,0.000000000,1.000000000
1403636669.269881248,-0.507245078,7.935782339,-0.448338182,0.000000000,0.000000000,0.000000000,1.000000000
1403636669.370881319,-0.538518448,7.963589064,-0.440115709,0.000000000,0.000000000,0.000000000,1.000000000
1403636669.467881203,-0.573157414,7.999326930,-0.440176757,0.000000000,0.000000000,0.000000000,1.000000000
1403636669.522881269,-0.595941906,8.049873427,-0.450348971,0.000000000,0.000000000,0.000000000,1.000000000
1403636669.567881346,-0.615045497,8.076925049,-0.456261607,0.000000000,0.000000000,0.000000000,1.000000000
1403636669.622881174,-0.638132388,8.101373026,-0.462963682,0.000000000,0.000000000,0.000000000,1.000000000
1403636669.669881344,-0.659898952,8.126608086,-0.470892649,0.000000000,0.000000000,0.000000000,1.000000000
1403636669.722881317,-0.687007090,8.179306685,-0.486987376,0.000000000,0.000000000,0.000000000,1.000000000
1403636669.767881393,-0.710460837,8.202102446,-0.495431398,0.000000000,0.000000000,0.000000000,1.000000000
1403636669.821881294,-0.738997974,8.223569270,-0.502988949,0.000000000,0.000000000,0.000000000,1.000000000
1403636669.869881392,-0.766025073,8.244441248,-0.508971255,0.000000000,0.000000000,0.000000000,1.000000000
1403636669.921881199,-0.796086798,8.264363399,-0.513101192,0.000000000,0.000000000,0.000000000,1.000000000
1403636669.967881203,-0.823158449,8.283726318,-0.516112471,0.000000000,0.000000000,0.000000000,1.000000000
1403636670.019881248,-0.853362748,8.301022376,-0.517481483,0.000000000,0.000000000,0.000000000,1.000000000
1403636670.067881346,-0.882441750,8.314654534,-0.516986196,0.000000000,0.000000000,0.000000000,1.000000000
1403636670.118881226,-0.915169516,8.342870094,-0.518326078,0.000000000,0.000000000,0.000000000,1.000000000
1403636670.219881296,-0.974822875,8.361149100,-0.508946718,0.000000000,0.000000000,0.000000000,1.000000000
1403636670.270881176,-1.003804022,8.366589244,-0.502181688,0.000000000,0.000000000,0.000000000,1.000000000
1403636670.320881367,-1.031528608,8.370053656,-0.495233777,0.000000000,0.000000000,0.000000000,1.000000000
1403636670.369881392,-1.056178422,8.370499133,-0.489147493,0.000000000,0.000000000,0.000000000,1.000000000
1403636670.420881271,-1.080159828,8.366718717,-0.483451497,0.000000000,0.000000000,0.000000000,1.000000000
1403636670.469881296,-1.101056826,8.359742416,-0.479532769,0.000000000,0.000000000,0.000000000,1.000000000
1403636670.521881342,-1.120864226,8.351491024,-0.477000537,0.000000000,0.000000000,0.000000000,1.000000000
1403636670.567881346,-1.136456536,8.340416154,-0.475469819,0.000000000,0.000000000,0.000000000,1.000000000
1403636670.619881392,-1.150884227,8.326390691,-0.473796602,0.000000000,0.000000000,0.000000000,1.000000000
1403636670.668881178,-1.162217232,8.308861759,-0.471095135,0.000000000,0.000000000,0.000000000,1.000000000
1403636670.768881321,-1.171732562,8.238898335,-0.454248496,0.000000000,0.000000000,0.000000000,1.000000000
1403636670.819881201,-1.173212371,8.208649211,-0.445278648,0.000000000,0.000000000,0.000000000,1.000000000
1403636670.868881226,-1.171180512,8.178040266,-0.435554254,0.000000000,0.000000000,0.000000000,1.000000000
1403636670.919881344,-1.165548573,8.142903505,-0.425215440,0.000000000,0.000000000,0.000000000,1.000000000
1403636671.019881248,-1.143878716,8.067875860,-0.408970980,0.000000000,0.000000000,0.000000000,1.000000000
1403636671.070881367,-1.119965506,7.973109495,-0.389745366,0.000000000,0.000000000,0.000000000,1.000000000
1403636671.120881319,-1.097874982,7.921363098,-0.380401036,0.000000000,0.000000000,0.000000000,1.000000000
1403636671.218881369,-1.044348572,7.817899122,-0.357779500,0.000000000,0.000000000,0.000000000,1.000000000
1403636671.268881321,-1.011151736,7.761513478,-0.343115624,0.000000000,0.000000000,0.000000000,1.000000000
1403636671.319881201,-0.972841981,7.702996948,-0.326710650,0.000000000,0.000000000,0.000000000,1.000000000
1403636671.369881392,-0.930834414,7.641053004,-0.308686945,0.000000000,0.000000000,0.000000000,1.000000000
1403636671.469881296,-0.830218010,7.441632928,-0.252617561,0.000000000,0.000000000,0.000000000,1.000000000
1403636671.520881176,-0.780398447,7.371620105,-0.230731142,0.000000000,0.000000000,0.000000000,1.000000000
1403636671.568881273,-0.731618899,7.305882997,-0.211134805,0.000000000,0.000000000,0.000000000,1.000000000
1403636671.619881392,-0.678630569,7.241917437,-0.193438639,0.000000000,0.000000000,0.000000000,1.000000000
1403636671.667881250,-0.626312137,7.167479537,-0.174907932,0.000000000,0.000000000,0.000000000,1.000000000
1403636671.720881224,-0.562552421,7.035699639,-0.144378955,0.000000000,0.000000000,0.000000000,1.000000000
1403636671.768881321,-0.511816634,6.972690863,-0.130993913,0.000000000,0.000000000,0.000000000,1.000000000
1403636671.820881367,-0.455233780,6.913429364,-0.119544554,0.000000000,0.000000000,0.000000000,1.000000000
1403636671.867881298,-0.405405559,6.848357311,-0.107536560,0.000000000,0.000000000,0.000000000,1.000000000
1403636671.920881271,-0.347181429,6.785147280,-0.096890520,0.000000000,0.000000000,0.000000000,1.000000000
1403636671.970881224,-0.294942467,6.725111108,-0.087227797,0.000000000,0.000000000,0.000000000,1.000000000
1403636672.020881176,-0.238846745,6.610618103,-0.063387088,0.000000000,0.000000000,0.000000000,1.000000000
1403636672.069881201,-0.187969655,6.559422715,-0.052080572,0.000000000,0.000000000,0.000000000,1.000000000
1403636672.120881319,-0.135395425,6.512533955,-0.038524932,0.000000000,0.000000000,0.000000000,1.000000000
1403636672.217881203,-0.039799805,6.430936282,-0.006551864,0.000000000,0.000000000,0.000000000,1.000000000
1403636672.268881321,0.007440321,6.356627622,0.022140727,0.000000000,0.000000000,0.000000000,1.000000000
1403636672.368881226,0.097159671,6.314896522,0.062533425,0.000000000,0.000000000,0.000000000,1.000000000
1403636672.418881178,0.139042075,6.266013737,0.090166727,0.000000000,0.000000000,0.000000000,1.000000000
1403636672.468881369,0.178146798,6.235372454,0.113423975,0.000000000,0.000000000,0.000000000,1.000000000
1403636672.519881248,0.215636455,6.218870361,0.132197545,0.000000000,0.000000000,0.000000000,1.000000000
1403636672.568881273,0.248688165,6.203549102,0.147398393,0.000000000,0.000000000,0.000000000,1.000000000
1403636672.617881298,0.280951925,6.188422111,0.159546047,0.000000000,0.000000000,0.000000000,1.000000000
1403636672.667881250,0.311735360,6.174355397,0.167633275,0.000000000,0.000000000,0.000000000,1.000000000
1403636672.719881296,0.341028800,6.162284386,0.171097039,0.000000000,0.000000000,0.000000000,1.000000000
1403636672.771881342,0.368404203,6.150199679,0.169890873,0.000000000,0.000000000,0.000000000,1.000000000
1403636672.821881294,0.392826919,6.140307267,0.164340770,0.000000000,0.000000000,0.000000000,1.000000000
1403636672.921881199,0.435215518,6.113473251,0.143973209,0.000000000,0.000000000,0.000000000,1.000000000
1403636673.068881273,0.486521181,6.096699117,0.104961718,0.000000000,0.000000000,0.000000000,1.000000000
1403636673.168881178,0.514247756,6.086268105,0.087450933,0.000000000,0.000000000,0.000000000,1.000000000
1403636673.219881296,0.525936957,6.080843262,0.081714316,0.000000000,0.000000000,0.000000000,1.000000000
1403636673.269881248,0.536553350,6.076049593,0.078401519,0.000000000,0.000000000,0.000000000,1.000000000
1403636673.319881201,0.545862822,6.074808601,0.076643177,0.000000000,0.000000000,0.000000000,1.000000000
1403636673.371881247,0.552142447,6.074169437,0.076337548,0.000000000,0.000000000,0.000000000,1.000000000
1403636673.420881271,0.559616014,6.075328203,0.079804597,0.000000000,0.000000000,0.000000000,1.000000000
1403636673.470881224,0.564895106,6.078850377,0.083735972,0.000000000,0.000000000,0.000000000,1.000000000
1403636673.520881176,0.567723567,6.083537410,0.087290369,0.000000000,0.000000000,0.000000000,1.000000000
1403636673.570881367,0.570140186,6.094295576,0.090208494,0.000000000,0.000000000,0.000000000,1.000000000
1403636673.621881247,0.570370515,6.100119481,0.093206651,0.000000000,0.000000000,0.000000000,1.000000000
1403636673.721881390,0.568747127,6.129944403,0.092307481,0.000000000,0.000000000,0.000000000,1.000000000
1403636673.771881342,0.564747966,6.142364486,0.090951515,0.000000000,0.000000000,0.000000000,1.000000000
1403636673.822881222,0.559927531,6.157673510,0.088412480,0.000000000,0.000000000,0.000000000,1.000000000
1403636673.867881298,0.554352066,6.173872561,0.084994727,0.000000000,0.000000000,0.000000000,1.000000000
1403636673.918881178,0.546681553,6.190290647,0.081758539,0.000000000,0.000000000,0.000000000,1.000000000
1403636673.967881203,0.538032007,6.207054170,0.079718596,0.000000000,0.000000000,0.000000000,1.000000000
1403636674.019881248,0.527108041,6.225304107,0.078908216,0.000000000,0.000000000,0.000000000,1.000000000
1403636674.069881201,0.516105426,6.260502351,0.075798785,0.000000000,0.000000000,0.000000000,1.000000000
1403636674.120881319,0.502218604,6.278551044,0.077835379,0.000000000,0.000000000,0.000000000,1.000000000
1403636674.218881369,0.471544183,6.315294113,0.079805823,0.000000000,0.000000000,0.000000000,1.000000000
1403636674.268881321,0.454405665,6.334682844,0.078196134,0.000000000,0.000000000,0.000000000,1.000000000
1403636674.321881294,0.435274370,6.352744434,0.074882201,0.000000000,0.000000000,0.000000000,1.000000000
1403636674.368881226,0.416885994,6.371309985,0.069743426,0.000000000,0.000000000,0.000000000,1.000000000
1403636674.420881271,0.397637012,6.407045131,0.058790436,0.000000000,0.000000000,0.000000000,1.000000000
1403636674.467881203,0.379040325,6.423845121,0.050878621,0.000000000,0.000000000,0.000000000,1.000000000
1403636674.520881176,0.358304475,6.452992845,0.038293534,0.000000000,0.000000000,0.000000000,1.000000000
1403636674.570881367,0.338080247,6.472891070,0.026157950,0.000000000,0.000000000,0.000000000,1.000000000
1403636674.620881319,0.317658892,6.489494807,0.013392475,0.000000000,0.000000000,0.000000000,1.000000000
1403636674.720881224,0.278033272,6.523440527,-0.016533931,0.000000000,0.000000000,0.000000000,1.000000000
1403636674.772881269,0.258166359,6.538867106,-0.033186764,0.000000000,0.000000000,0.000000000,1.000000000
1403636674.822881222,0.239302102,6.553900736,-0.050968338,0.000000000,0.000000000,0.000000000,1.000000000
1403636674.868881226,0.223755003,6.590316104,-0.073146382,0.000000000,0.000000000,0.000000000,1.000000000
1403636674.971881390,0.189287494,6.627165319,-0.112600817,0.000000000,0.000000000,0.000000000,1.000000000
1403636675.019881248,0.174408693,6.645160649,-0.129131660,0.000000000,0.000000000,0.000000000,1.000000000
1403636675.068881273,0.160012952,6.664480161,-0.144195559,0.000000000,0.000000000,0.000000000,1.000000000
1403636675.119881392,0.145670457,6.685168059,-0.157698165,0.000000000,0.000000000,0.000000000,1.000000000
1403636675.169881344,0.132187204,6.706474231,-0.168478072,0.000000000,0.000000000,0.000000000,1.000000000
1403636675.218881369,0.119785124,6.753655941,-0.182757474,0.000000000,0.000000000,0.000000000,1.000000000
1403636675.268881321,0.107553151,6.780200310,-0.188739733,0.000000000,0.000000000,0.000000000,1.000000000
1403636675.320881367,0.093433768,6.809133698,-0.193414672,0.000000000,0.000000000,0.000000000,1.000000000
1403636675.369881392,0.077937133,6.832624703,-0.195043498,0.000000000,0.000000000,0.000000000,1.000000000
1403636675.519881248,0.031970183,7.018011031,-0.213234374,0.000000000,0.000000000,0.000000000,1.000000000
1403636675.670881271,-0.025352155,7.078664693,-0.196534224,0.000000000,0.000000000,0.000000000,1.000000000
1403636675.720881224,-0.047252829,7.119173171,-0.198659849,0.000000000,0.000000000,0.000000000,1.000000000
1403636675.768881321,-0.069732993,7.151483073,-0.200349324,0.000000000,0.000000000,0.000000000,1.000000000
1403636675.818881273,-0.094367046,7.185437616,-0.203344569,0.000000000,0.000000000,0.000000000,1.000000000
1403636675.869881392,-0.120712553,7.220955743,-0.207940934,0.000000000,0.000000000,0.000000000,1.000000000
1403636675.920881271,-0.147671542,7.254068918,-0.213567597,0.000000000,0.000000000,0.000000000,1.000000000
1403636675.968881369,-0.173405751,7.285845784,-0.220219153,0.000000000,0.000000000,0.000000000,1.000000000
1403636676.020881176,-0.201458834,7.352202021,-0.236505678,0.000000000,0.000000000,0.000000000,1.000000000
1403636676.069881201,-0.227838485,7.384172489,-0.245865902,0.000000000,0.000000000,0.000000000,1.000000000
1403636676.121881247,-0.256072775,7.414718024,-0.256262125,0.000000000,0.000000000,0.000000000,1.000000000
1403636676.220881224,-0.309890680,7.474984671,-0.279719936,0.000000000,0.000000000,0.000000000,1.000000000
1403636676.269881248,-0.337264565,7.528862217,-0.299097358,0.000000000,0.000000000,0.000000000,1.000000000
1403636676.321881294,-0.364475701,7.560031182,-0.314098693,0.000000000,0.000000000,0.000000000,1.000000000
1403636676.370881319,-0.390233513,7.584198001,-0.328161129,0.000000000,0.000000000,0.000000000,1.000000000
1403636676.420881271,-0.417937675,7.610827394,-0.344019591,0.000000000,0.000000000,0.000000000,1.000000000
1403636676.469881296,-0.443567443,7.637662538,-0.359116411,0.000000000,0.000000000,0.000000000,1.000000000
1403636676.520881176,-0.472044284,7.663306242,-0.373809561,0.000000000,0.000000000,0.000000000,1.000000000
1403636676.570881367,-0.502986088,7.722305925,-0.394455162,0.000000000,0.000000000,0.000000000,1.000000000
1403636676.617881298,-0.532210194,7.748696345,-0.405087193,0.000000000,0.000000000,0.000000000,1.000000000
1403636676.719881296,-0.596667995,7.800299999,-0.419701475,0.000000000,0.000000000,0.000000000,1.000000000
1403636676.768881321,-0.629844464,7.825541482,-0.424063868,0.000000000,0.000000000,0.000000000,1.000000000
1403636676.819881201,-0.664611411,7.847119153,-0.425463749,0.000000000,0.000000000,0.000000000,1.000000000
1403636676.868881226,-0.699570133,7.870818014,-0.426000301,0.000000000,0.000000000,0.000000000,1.000000000
1403636676.968881369,-0.774828507,7.971148235,-0.435090887,0.000000000,0.000000000,0.000000000,1.000000000
1403636677.068881273,-0.845161581,7.995488069,-0.420328588,0.000000000,0.000000000,0.000000000,1.000000000
1403636677.119881392,-0.882340277,8.026710401,-0.420012347,0.000000000,0.000000000,0.000000000,1.000000000
1403636677.169881344,-0.917520489,8.049240921,-0.421774791,0.000000000,0.000000000,0.000000000,1.000000000
1403636677.220881224,-0.954655428,8.070507792,-0.427309167,0.000000000,0.000000000,0.000000000,1.000000000
1403636677.269881248,-0.989931501,8.093901092,-0.437280848,0.000000000,0.000000000,0.000000000,1.000000000
1403636677.321881294,-1.026177470,8.116269387,-0.450472294,0.000000000,0.000000000,0.000000000,1.000000000
1403636677.418881178,-1.103353404,8.219421249,-0.492672264,0.000000000,0.000000000,0.000000000,1.000000000
1403636677.519881248,-1.169665544,8.230213271,-0.508821766,0.000000000,0.000000000,0.000000000,1.000000000
1403636677.568881273,-1.203864748,8.245212513,-0.516608469,0.000000000,0.000000000,0.000000000,1.000000000
1403636677.619881392,-1.239305163,8.266163373,-0.524322381,0.000000000,0.000000000,0.000000000,1.000000000
1403636677.669881344,-1.272113826,8.280981468,-0.528472002,0.000000000,0.000000000,0.000000000,1.000000000
1403636677.770881176,-1.337599794,8.309401681,-0.531964996,0.000000000,0.000000000,0.000000000,1.000000000
1403636677.822881222,-1.371408262,8.337612427,-0.534749340,0.000000000,0.000000000,0.000000000,1.000000000
1403636677.868881226,-1.398898108,8.348081076,-0.532959573,0.000000000,0.000000000,0.000000000,1.000000000
1403636677.920881271,-1.427961782,8.358780809,-0.528780530,0.000000000,0.000000000,0.000000000,1.000000000
1403636677.970881224,-1.454522784,8.368978631,-0.523776715,0.000000000,0.000000000,0.000000000,1.000000000
1403636678.019881248,-1.478667558,8.378584777,-0.518338432,0.000000000,0.000000000,0.000000000,1.000000000
1403636678.069881201,-1.503259463,8.388280985,-0.511912110,0.000000000,0.000000000,0.000000000,1.000000000
1403636678.120881319,-1.526784431,8.398198301,-0.505075167,0.000000000,0.000000000,0.000000000,1.000000000
1403636678.221881390,-1.572304741,8.430296605,-0.497325777,0.000000000,0.000000000,0.000000000,1.000000000
1403636678.267881393,-1.591390634,8.440822438,-0.495107001,0.000000000,0.000000000,0.000000000,1.000000000
1403636678.321881294,-1.612489436,8.451839068,-0.493454668,0.000000000,0.000000000,0.000000000,1.000000000
1403636678.368881226,-1.630422947,8.461973256,-0.493515788,0.000000000,0.000000000,0.000000000,1.000000000
1403636678.418881178,-1.648942589,8.472970565,-0.493739588,0.000000000,0.000000000,0.000000000,1.000000000
1403636678.468881369,-1.666818892,8.485368112,-0.492858640,0.000000000,0.000000000,0.000000000,1.000000000
1403636678.519881248,-1.686916697,8.510566331,-0.493378851,0.000000000,0.000000000,0.000000000,1.000000000
1403636678.567881346,-1.703357501,8.522713033,-0.490070871,0.000000000,0.000000000,0.000000000,1.000000000
1403636678.618881226,-1.720474608,8.534295544,-0.483987200,0.000000000,0.000000000,0.000000000,1.000000000
1403636678.718881369,-1.753416265,8.558437724,-0.468276429,0.000000000,0.000000000,0.000000000,1.000000000
1403636678.768881321,-1.769650639,8.570791783,-0.459160031,0.000000000,0.000000000,0.000000000,1.000000000
1403636678.819881201,-1.785890833,8.581946479,-0.450542082,0.000000000,0.000000000,0.000000000,1.000000000
1403636678.869881392,-1.804549636,8.603230478,-0.445629392,0.000000000,0.000000000,0.000000000,1.000000000
1403636678.971881390,-1.837282883,8.619541947,-0.435424295,0.000000000,0.000000000,0.000000000,1.000000000
1403636679.022881269,-1.853920657,8.626957083,-0.433166905,0.000000000,0.000000000,0.000000000,1.000000000
1403636679.071881294,-1.870069241,8.632030754,-0.432363119,0.000000000,0.000000000,0.000000000,1.000000000
1403636679.121881247,-1.887866138,8.643423055,-0.434374312,0.000000000,0.000000000,0.000000000,1.000000000
1403636679.222881317,-1.920010820,8.648879737,-0.439245938,0.000000000,0.000000000,0.000000000,1.000000000
1403636679.270881176,-1.935094196,8.648800065,-0.443315534,0.000000000,0.000000000,0.000000000,1.000000000
1403636679.320881367,-1.951124947,8.649278722,-0.448500528,0.000000000,0.000000000,0.000000000,1.000000000
1403636679.370881319,-1.966331521,8.649674879,-0.454747559,0.000000000,0.000000000,0.000000000,1.000000000
1403636679.421881199,-1.981151635,8.646303475,-0.459340507,0.000000000,0.000000000,0.000000000,1.000000000
1403636679.467881203,-1.994192165,8.643604799,-0.462652312,0.000000000,0.000000000,0.000000000,1.000000000
1403636679.518881321,-2.007792623,8.639053869,-0.464193953,0.000000000,0.000000000,0.000000000,1.000000000
1403636679.617881298,-2.032274988,8.630669500,-0.462000633,0.000000000,0.000000000,0.000000000,1.000000000
1403636679.667881250,-2.043767840,8.625640083,-0.458293020,0.000000000,0.000000000,0.000000000,1.000000000
1403636679.767881393,-2.062188150,8.619756236,-0.446313811,0.000000000,0.000000000,0.000000000,1.000000000
1403636679.818881273,-2.071897144,8.616170014,-0.437878916,0.000000000,0.000000000,0.000000000,1.000000000
1403636679.868881226,-2.079705940,8.611502075,-0.426833007,0.000000000,0.000000000,0.000000000,1.000000000
1403636679.918881178,-2.086364981,8.607339844,-0.414673398,0.000000000,0.000000000,0.000000000,1.000000000
1403636679.967881203,-2.092191010,8.604687348,-0.401265436,0.000000000,0.000000000,0.000000000,1.000000000
1403636680.017881393,-2.097256137,8.602654797,-0.385768420,0.000000000,0.000000000,0.000000000,1.000000000
1403636680.068881273,-2.101260886,8.598984588,-0.369181252,0.000000000,0.000000000,0.000000000,1.000000000
1403636680.118881226,-2.103140212,8.590107586,-0.349738824,0.000000000,0.000000000,0.000000000,1.000000000
1403636680.167881250,-2.104858204,8.585496772,-0.330026551,0.000000000,0.000000000,0.000000000,1.000000000
1403636680.269881248,-2.104592592,8.575250720,-0.289213946,0.000000000,0.000000000,0.000000000,1.000000000
1403636680.319881201,-2.102486363,8.569156988,-0.270461860,0.000000000,0.000000000,0.000000000,1.000000000
1403636680.368881226,-2.098812890,8.562070267,-0.253142719,0.000000000,0.000000000,0.000000000,1.000000000
1403636680.468881369,-2.084128379,8.531224204,-0.221229029,0.000000000,0.000000000,0.000000000,1.000000000
1403636680.518881321,-2.076460794,8.518789870,-0.208922320,0.000000000,0.000000000,0.000000000,1.000000000
1403636680.567881346,-2.067802895,8.505116187,-0.198715090,0.000000000,0.000000000,0.000000000,1.000000000
1403636680.620881319,-2.057472860,8.490573337,-0.189600774,0.000000000,0.000000000,0.000000000,1.000000000
1403636680.670881271,-2.040719432,8.450854932,-0.177850808,0.000000000,0.000000000,0.000000000,1.000000000
1403636680.721881390,-2.027437956,8.430255177,-0.171087002,0.000000000,0.000000000,0.000000000,1.000000000
1403636680.769881248,-2.013560742,8.408445776,-0.165821892,0.000000000,0.000000000,0.000000000,1.000000000
1403636680.821881294,-1.998350165,8.384617884,-0.161738045,0.000000000,0.000000000,0.000000000,1.000000000
1403636680.921881199,-1.967524822,8.335434668,-0.156316165,0.000000000,0.000000000,0.000000000,1.000000000
1403636680.971881390,-1.950920349,8.308354538,-0.154287263,0.000000000,0.000000000,0.000000000,1.000000000
1403636681.020881176,-1.934182061,8.281019389,-0.153624139,0.000000000,0.000000000,0.000000000,1.000000000
1403636681.069881201,-1.911382315,8.223637103,-0.148037338,0.000000000,0.000000000,0.000000000,1.000000000
1403636681.119881392,-1.895125897,8.191525174,-0.149615471,0.000000000,0.000000000,0.000000000,1.000000000
1403636681.217881203,-1.866084913,8.134704696,-0.158478095,0.000000000,0.000000000,0.000000000,1.000000000
1403636681.268881321,-1.852335936,8.105234619,-0.164514974,0.000000000,0.000000000,0.000000000,1.000000000
1403636681.319881201,-1.838466089,8.075568050,-0.171518370,0.000000000,0.000000000,0.000000000,1.000000000
1403636681.367881298,-1.825624455,8.047690480,-0.178728318,0.000000000,0.000000000,0.000000000,1.000000000
1403636681.419881344,-1.812632813,8.016843549,-0.185164562,0.000000000,0.000000000,0.000000000,1.000000000
1403636681.469881296,-1.795084466,7.960270241,-0.184357462,0.000000000,0.000000000,0.000000000,1.000000000
1403636681.519881248,-1.784285801,7.931672184,-0.187530927,0.000000000,0.000000000,0.000000000,1.000000000
1403636681.619881392,-1.763804805,7.874384843,-0.188079240,0.000000000,0.000000000,0.000000000,1.000000000
1403636681.671881199,-1.753603741,7.846704861,-0.186216431,0.000000000,0.000000000,0.000000000,1.000000000
1403636681.719881296,-1.737618755,7.791240477,-0.178354888,0.000000000,0.000000000,0.000000000,1.000000000
1403636681.770881176,-1.726843636,7.761469112,-0.177033424,0.000000000,0.000000000,0.000000000,1.000000000
1403636681.867881298,-1.704187554,7.701498723,-0.177403456,0.000000000,0.000000000,0.000000000,1.000000000
1403636681.920881271,-1.691917804,7.671239444,-0.179731056,0.000000000,0.000000000,0.000000000,1.000000000
1403636681.969881296,-1.679440194,7.641013775,-0.182047798,0.000000000,0.000000000,0.000000000,1.000000000
1403636682.020881176,-1.659508321,7.579457177,-0.177069837,0.000000000,0.000000000,0.000000000,1.000000000
1403636682.069881201,-1.646250279,7.548865482,-0.176951852,0.000000000,0.000000000,0.000000000,1.000000000
1403636682.121881247,-1.632130913,7.518735788,-0.175548205,0.000000000,0.000000000,0.000000000,1.000000000
1403636682.220881224,-1.602913202,7.458950946,-0.166731031,0.000000000,0.000000000,0.000000000,1.000000000
1403636682.267881393,-1.587486523,7.426241727,-0.159253458,0.000000000,0.000000000,0.000000000,1.000000000
1403636682.318881273,-1.571779922,7.395752624,-0.151431853,0.000000000,0.000000000,0.000000000,1.000000000
1403636682.370881319,-1.548873634,7.333705994,-0.137086330,0.000000000,0.000000000,0.000000000,1.000000000
1403636682.467881203,-1.518189106,7.270420484,-0.126155729,0.000000000,0.000000000,0.000000000,1.000000000
1403636682.518881321,-1.502770607,7.239800912,-0.123124192,0.000000000,0.000000000,0.000000000,1.000000000
1403636682.570881367,-1.487124047,7.210024143,-0.121144854,0.000000000,0.000000000,0.000000000,1.000000000
1403636682.621881247,-1.470751818,7.177877824,-0.120990627,0.000000000,0.000000000,0.000000000,1.000000000
1403636682.667881250,-1.455837982,7.147454864,-0.121057752,0.000000000,0.000000000,0.000000000,1.000000000
1403636682.718881369,-1.440034420,7.115779788,-0.122745470,0.000000000,0.000000000,0.000000000,1.000000000
1403636682.769881248,-1.418584644,7.055145940,-0.118789940,0.000000000,0.000000000,0.000000000,1.000000000
1403636682.820881367,-1.402726809,7.023064297,-0.122075676,0.000000000,0.000000000,0.000000000,1.000000000
1403636682.869881392,-1.387360915,6.992144151,-0.124318357,0.000000000,0.000000000,0.000000000,1.000000000
1403636682.969881296,-1.355697071,6.932319137,-0.125130450,0.000000000,0.000000000,0.000000000,1.000000000
1403636683.019881248,-1.339158962,6.902514311,-0.123298446,0.000000000,0.000000000,0.000000000,1.000000000
1403636683.070881367,-1.321849946,6.872098475,-0.120166794,0.000000000,0.000000000,0.000000000,1.000000000
1403636683.120881319,-1.297937070,6.809552203,-0.107873595,0.000000000,0.000000000,0.000000000,1.000000000
1403636683.221881390,-1.260156417,6.748864314,-0.098639420,0.000000000,0.000000000,0.000000000,1.000000000
1403636683.269881248,-1.241087054,6.717632511,-0.095536153,0.000000000,0.000000000,0.000000000,1.000000000
1403636683.321881294,-1.220073706,6.684257022,-0.094034529,0.000000000,0.000000000,0.000000000,1.000000000
1403636683.369881392,-1.199838111,6.651496119,-0.093575827,0.000000000,0.000000000,0.000000000,1.000000000
1403636683.419881344,-1.178913013,6.621439990,-0.095238307,0.000000000,0.000000000,0.000000000,1.000000000
1403636683.467881203,-1.151941489,6.557513299,-0.090090494,0.000000000,0.000000000,0.000000000,1.000000000
1403636683.518881321,-1.129979741,6.526847438,-0.094576669,0.000000000,0.000000000,0.000000000,1.000000000
1403636683.621881247,-1.083934610,6.463774397,-0.107008725,0.000000000,0.000000000,0.000000000,1.000000000
1403636683.670881271,-1.061215110,6.432411072,-0.113944844,0.000000000,0.000000000,0.000000000,1.000000000
1403636683.720881224,-1.032776321,6.369153091,-0.114089251,0.000000000,0.000000000,0.000000000,1.000000000
1403636683.770881176,-1.009519393,6.338196035,-0.123190777,0.000000000,0.000000000,0.000000000,1.000000000
1403636683.818881273,-0.986843324,6.307154332,-0.131887785,0.000000000,0.000000000,0.000000000,1.000000000
1403636683.867881298,-0.963560477,6.275988369,-0.141055478,0.000000000,0.000000000,0.000000000,1.000000000
1403636683.920881271,-0.939241598,6.244143737,-0.149040108,0.000000000,0.000000000,0.000000000,1.000000000
1403636683.969881296,-0.916431278,6.213638190,-0.154698733,0.000000000,0.000000000,0.000000000,1.000000000
1403636684.020881176,-0.893176356,6.184429831,-0.159344324,0.000000000,0.000000000,0.000000000,1.000000000
1403636684.069881201,-0.866375195,6.125063171,-0.153333165,0.000000000,0.000000000,0.000000000,1.000000000
1403636684.120881319,-0.843307185,6.094835914,-0.153342339,0.000000000,0.000000000,0.000000000,1.000000000
1403636684.220881224,-0.798091078,6.035639308,-0.147549780,0.000000000,0.000000000,0.000000000,1.000000000
1403636684.269881248,-0.776326056,6.005531925,-0.141958478,0.000000000,0.000000000,0.000000000,1.000000000
1403636684.320881367,-0.754491392,5.976818183,-0.134926334,0.000000000,0.000000000,0.000000000,1.000000000
1403636684.370881319,-0.732687529,5.948464874,-0.126361926,0.000000000,0.000000000,0.000000000,1.000000000
1403636684.420881271,-0.706498729,5.887726832,-0.108184390,0.000000000,0.000000000,0.000000000,1.000000000
1403636684.468881369,-0.685482010,5.860190518,-0.099695389,0.000000000,0.000000000,0.000000000,1.000000000
1403636684.518881321,-0.663369894,5.832442032,-0.092245361,0.000000000,0.000000000,0.000000000,1.000000000
1403636684.567881346,-0.641262194,5.806151540,-0.086866134,0.000000000,0.000000000,0.000000000,1.000000000
1403636684.668881178,-0.595750986,5.751364015,-0.080142587,0.000000000,0.000000000,0.000000000,1.000000000
1403636684.717881203,-0.572539648,5.725904794,-0.078990685,0.000000000,0.000000000,0.000000000,1.000000000
1403636684.767881393,-0.548692543,5.699065073,-0.078990943,0.000000000,0.000000000,0.000000000,1.000000000
1403636684.817881346,-0.523754939,5.649717491,-0.073782786,0.000000000,0.000000000,0.000000000,1.000000000
1403636684.867881298,-0.506567086,5.625543637,-0.080107200,0.000000000,0.000000000,0.000000000,1.000000000
1403636684.968881369,-0.447149610,5.577201170,-0.088264530,0.000000000,0.000000000,0.000000000,1.000000000
1403636685.017881393,-0.421826230,5.555051167,-0.096035386,0.000000000,0.000000000,0.000000000,1.000000000
1403636685.069881201,-0.394835303,5.532473582,-0.105223620,0.000000000,0.000000000,0.000000000,1.000000000
1403636685.121881247,-0.373748367,5.509418988,-0.114137616,0.000000000,0.000000000,0.000000000,1.000000000
1403636685.221881390,-0.310637604,5.447522304,-0.117799739,0.000000000,0.000000000,0.000000000,1.000000000
1403636685.270881176,-0.284203409,5.426442942,-0.119761208,0.000000000,0.000000000,0.000000000,1.000000000
1403636685.321881294,-0.255596835,5.405595259,-0.120858757,0.000000000,0.000000000,0.000000000,1.000000000
1403636685.368881226,-0.227721442,5.382998211,-0.120219530,0.000000000,0.000000000,0.000000000,1.000000000
1403636685.419881344,-0.198170919,5.362773741,-0.118383221,0.000000000,0.000000000,0.000000000,1.000000000
1403636685.469881296,-0.169302171,5.340014985,-0.113964268,0.000000000,0.000000000,0.000000000,1.000000000
1403636685.521881342,-0.138719909,5.297076833,-0.103356978,0.000000000,0.000000000,0.000000000,1.000000000
1403636685.571881294,-0.110107657,5.273925909,-0.099199622,0.000000000,0.000000000,0.000000000,1.000000000
1403636685.669881344,-0.053024068,5.229737482,-0.096168342,0.000000000,0.000000000,0.000000000,1.000000000
1403636685.719881296,-0.023619941,5.206646687,-0.097145642,0.000000000,0.000000000,0.000000000,1.000000000
1403636685.819881201,0.034983281,5.159605981,-0.103533322,0.000000000,0.000000000,0.000000000,1.000000000
1403636685.869881392,0.063913291,5.114714767,-0.102141638,0.000000000,0.000000000,0.000000000,1.000000000
1403636685.970881224,0.123253668,5.065017275,-0.116528694,0.000000000,0.000000000,0.000000000,1.000000000
1403636686.069881201,0.181281789,5.014517272,-0.134043453,0.000000000,0.000000000,0.000000000,1.000000000
1403636686.119881392,0.210296574,4.990104037,-0.144022145,0.000000000,0.000000000,0.000000000,1.000000000
1403636686.169881344,0.240003317,4.963600110,-0.153130512,0.000000000,0.000000000,0.000000000,1.000000000
1403636686.221881390,0.269165543,4.918325472,-0.154576311,0.000000000,0.000000000,0.000000000,1.000000000
1403636686.269881248,0.296354109,4.893014239,-0.159151780,0.000000000,0.000000000,0.000000000,1.000000000
1403636686.320881367,0.325801953,4.867629051,-0.162925636,0.000000000,0.000000000,0.000000000,1.000000000
1403636686.368881226,0.353792061,4.841959604,-0.164102930,0.000000000,0.000000000,0.000000000,1.000000000
1403636686.419881344,0.381718523,4.817525554,-0.164213676,0.000000000,0.000000000,0.000000000,1.000000000
1403636686.469881296,0.409254456,4.792567018,-0.162309202,0.000000000,0.000000000,0.000000000,1.000000000
1403636686.519881248,0.435473712,4.747076331,-0.152021441,0.000000000,0.000000000,0.000000000,1.000000000
1403636686.569881201,0.461591641,4.724267773,-0.149352897,0.000000000,0.000000000,0.000000000,1.000000000
1403636686.618881226,0.487218477,4.699170769,-0.146792395,0.000000000,0.000000000,0.000000000,1.000000000
1403636686.720881224,0.538778331,4.649747454,-0.146966313,0.000000000,0.000000000,0.000000000,1.000000000
1403636686.769881248,0.562501113,4.625787846,-0.149366006,0.000000000,0.000000000,0.000000000,1.000000000
1403636686.821881294,0.586616605,4.602076243,-0.153442759,0.000000000,0.000000000,0.000000000,1.000000000
1403636686.869881392,0.609360527,4.579119187,-0.158395971,0.000000000,0.000000000,0.000000000,1.000000000
1403636686.920881271,0.630175161,4.539116839,-0.157371008,0.000000000,0.000000000,0.000000000,1.000000000
1403636686.972881317,0.652345425,4.517269255,-0.161510956,0.000000000,0.000000000,0.000000000,1.000000000
1403636687.022881269,0.674260360,4.493904009,-0.163598312,0.000000000,0.000000000,0.000000000,1.000000000
1403636687.121881247,0.715262135,4.450120062,-0.162730380,0.000000000,0.000000000,0.000000000,1.000000000
1403636687.171881199,0.735494973,4.428539291,-0.159608570,0.000000000,0.000000000,0.000000000,1.000000000
1403636687.219881296,0.754637319,4.408589284,-0.155184299,0.000000000,0.000000000,0.000000000,1.000000000
1403636687.269881248,0.770950951,4.370335120,-0.142871288,0.000000000,0.000000000,0.000000000,1.000000000
1403636687.319881201,0.790601712,4.351430559,-0.137695718,0.000000000,0.000000000,0.000000000,1.000000000
1403636687.369881392,0.809795461,4.331247187,-0.132946330,0.000000000,0.000000000,0.000000000,1.000000000
1403636687.469881296,0.847922583,4.293025151,-0.128464081,0.000000000,0.000000000,0.000000000,1.000000000
1403636687.519881248,0.866775489,4.273111391,-0.127974628,0.000000000,0.000000000,0.000000000,1.000000000
1403636687.569881201,0.885900791,4.253468059,-0.129156202,0.000000000,0.000000000,0.000000000,1.000000000
1403636687.618881226,0.904205848,4.234443249,-0.131682200,0.000000000,0.000000000,0.000000000,1.000000000
1403636687.719881296,0.940163354,4.187796624,-0.138484431,0.000000000,0.000000000,0.000000000,1.000000000
1403636687.768881321,0.958844917,4.170704749,-0.146026364,0.000000000,0.000000000,0.000000000,1.000000000
1403636687.817881346,0.978047962,4.153672299,-0.155504161,0.000000000,0.000000000,0.000000000,1.000000000
1403636687.867881298,0.996772218,4.136257289,-0.165807654,0.000000000,0.000000000,0.000000000,1.000000000
1403636687.921881199,1.017719476,4.119023618,-0.179342603,0.000000000,0.000000000,0.000000000,1.000000000
1403636687.968881369,1.035491534,4.101852547,-0.191457174,0.000000000,0.000000000,0.000000000,1.000000000
1403636688.020881176,1.055308717,4.080914112,-0.205578349,0.000000000,0.000000000,0.000000000,1.000000000
1403636688.067881346,1.073359942,4.065610433,-0.220140320,0.000000000,0.000000000,0.000000000,1.000000000
1403636688.169881344,1.114601222,4.033420779,-0.256116898,0.000000000,0.000000000,0.000000000,1.000000000
1403636688.221881390,1.135095862,4.016532918,-0.273856311,0.000000000,0.000000000,0.000000000,1.000000000
1403636688.270881176,1.155104716,4.001445636,-0.289853257,0.000000000,0.000000000,0.000000000,1.000000000
1403636688.320881367,1.174836787,3.983813480,-0.303632601,0.000000000,0.000000000,0.000000000,1.000000000
1403636688.370881319,1.195032029,3.967438458,-0.316376309,0.000000000,0.000000000,0.000000000,1.000000000
1403636688.468881369,1.235705496,3.937309595,-0.337179307,0.000000000,0.000000000,0.000000000,1.000000000
1403636688.517881393,1.256646563,3.922543433,-0.347160258,0.000000000,0.000000000,0.000000000,1.000000000
1403636688.568881273,1.278015846,3.906101975,-0.357539754,0.000000000,0.000000000,0.000000000,1.000000000
1403636688.619881392,1.299137222,3.889136357,-0.368744616,0.000000000,0.000000000,0.000000000,1.000000000
1403636688.718881369,1.340405304,3.853754017,-0.393463532,0.000000000,0.000000000,0.000000000,1.000000000
1403636688.768881321,1.361342162,3.835792137,-0.407819861,0.000000000,0.000000000,0.000000000,1.000000000
1403636688.820881367,1.383077014,3.817654432,-0.423789565,0.000000000,0.000000000,0.000000000,1.000000000
1403636688.867881298,1.403624917,3.800900666,-0.439680268,0.000000000,0.000000000,0.000000000,1.000000000
1403636688.919881344,1.425404204,3.781615833,-0.456785151,0.000000000,0.000000000,0.000000000,1.000000000
1403636688.971881390,1.446801809,3.761880304,-0.472179646,0.000000000,0.000000000,0.000000000,1.000000000
1403636689.018881321,1.465310966,3.739428976,-0.482996502,0.000000000,0.000000000,0.000000000,1.000000000
1403636689.068881273,1.486067173,3.719129924,-0.494404797,0.000000000,0.000000000,0.000000000,1.000000000
1403636689.118881226,1.506365671,3.697661166,-0.503384197,0.000000000,0.000000000,0.000000000,1.000000000
1403636689.217881203,1.546923209,3.654778395,-0.515518114,0.000000000,0.000000000,0.000000000,1.000000000
1403636689.269881248,1.566989355,3.633151523,-0.519258220,0.000000000,0.000000000,0.000000000,1.000000000
1403636689.320881367,1.586587605,3.611125619,-0.521488839,0.000000000,0.000000000,0.000000000,1.000000000
1403636689.367881298,1.604450090,3.589532884,-0.521759631,0.000000000,0.000000000,0.000000000,1.000000000
1403636689.469881296,1.635272146,3.535593008,-0.511513488,0.000000000,0.000000000,0.000000000,1.000000000
1403636689.521881342,1.652468934,3.513276087,-0.506089652,0.000000000,0.000000000,0.000000000,1.000000000
1403636689.570881367,1.667581103,3.491685487,-0.498645341,0.000000000,0.000000000,0.000000000,1.000000000
1403636689.622881174,1.683589403,3.471319429,-0.490225200,0.000000000,0.000000000,0.000000000,1.000000000
1403636689.820881367,1.721801978,3.370545353,-0.431330041,0.000000000,0.000000000,0.000000000,1.000000000
1403636689.921881199,1.741523031,3.339706945,-0.414493114,0.000000000,0.000000000,0.000000000,1.000000000
1403636689.971881390,1.746685029,3.319683957,-0.404950389,0.000000000,0.000000000,0.000000000,1.000000000
1403636690.022881269,1.744068901,3.288199788,-0.389292663,0.000000000,0.000000000,0.000000000,1.000000000
1403636690.067881346,1.745574718,3.271321446,-0.381905402,0.000000000,0.000000000,0.000000000,1.000000000
1403636690.120881319,1.747831956,3.256555077,-0.376734328,0.000000000,0.000000000,0.000000000,1.000000000
1403636690.168881178,1.747393562,3.241776499,-0.371852286,0.000000000,0.000000000,0.000000000,1.000000000
1403636690.221881390,1.745361403,3.227247367,-0.368004544,0.000000000,0.000000000,0.000000000,1.000000000
1403636690.269881248,1.742069117,3.214297142,-0.364796043,0.000000000,0.000000000,0.000000000,1.000000000
1403636690.320881367,1.736888432,3.200988262,-0.361759063,0.000000000,0.000000000,0.000000000,1.000000000
1403636690.371881247,1.730114816,3.189458734,-0.357143151,0.000000000,0.000000000,0.000000000,1.000000000
1403636690.420881271,1.715871017,3.167631934,-0.344245640,0.000000000,0.000000000,0.000000000,1.000000000
1403636690.470881224,1.706175626,3.157284457,-0.335922975,0.000000000,0.000000000,0.000000000,1.000000000
1403636690.520881176,1.694980301,3.148042231,-0.327080639,0.000000000,0.000000000,0.000000000,1.000000000
1403636690.570881367,1.682327881,3.138661864,-0.317608102,0.000000000,0.000000000,0.000000000,1.000000000
1403636690.621881247,1.668684828,3.130613332,-0.308919549,0.000000000,0.000000000,0.000000000,1.000000000
1403636690.720881224,1.638226570,3.116686808,-0.294961017,0.000000000,0.000000000,0.000000000,1.000000000
1403636690.769881248,1.615071373,3.098835057,-0.283196099,0.000000000,0.000000000,0.000000000,1.000000000
1403636690.818881273,1.596884689,3.093900294,-0.279586801,0.000000000,0.000000000,0.000000000,1.000000000
1403636690.867881298,1.578299444,3.091129296,-0.279037909,0.000000000,0.000000000,0.000000000,1.000000000
1403636690.918881178,1.558018400,3.089430385,-0.282342574,0.000000000,0.000000000,0.000000000,1.000000000
1403636690.969881296,1.537011105,3.088282093,-0.289465543,0.000000000,0.000000000,0.000000000,1.000000000
1403636691.020881176,1.514911472,3.087705485,-0.298431995,0.000000000,0.000000000,0.000000000,1.000000000
1403636691.068881273,1.492723480,3.090024244,-0.308658524,0.000000000,0.000000000,0.000000000,1.000000000
1403636691.119881392,1.470797683,3.096152251,-0.318261160,0.000000000,0.000000000,0.000000000,1.000000000
1403636691.222881317,1.426262599,3.118762451,-0.332135605,0.000000000,0.000000000,0.000000000,1.000000000
1403636691.320881367,1.387185364,3.152892465,-0.335614701,0.000000000,0.000000000,0.000000000,1.000000000
1403636691.371881247,1.368615962,3.173231751,-0.333664170,0.000000000,0.000000000,0.000000000,1.000000000
1403636691.718881369,1.302438507,3.405222518,-0.275466072,0.000000000,0.000000000,0.000000000,1.000000000
1403636691.771881342,1.298674627,3.445275575,-0.258144120,0.000000000,0.000000000,0.000000000,1.000000000
1403636691.869881392,1.293179983,3.516288372,-0.223932710,0.000000000,0.000000000,0.000000000,1.000000000
1403636691.919881344,1.290243819,3.551380907,-0.206884578,0.000000000,0.000000000,0.000000000,1.000000000
1403636691.969881296,1.287510179,3.585104283,-0.191966699,0.000000000,0.000000000,0.000000000,1.000000000
1403636692.018881321,1.284478850,3.617245100,-0.177665993,0.000000000,0.000000000,0.000000000,1.000000000
1403636692.067881346,1.283033376,3.652841735,-0.166732559,0.000000000,0.000000000,0.000000000,1.000000000
1403636692.120881319,1.281968106,3.688139291,-0.155740552,0.000000000,0.000000000,0.000000000,1.000000000
1403636692.220881224,1.288457087,3.777689492,-0.145195176,0.000000000,0.000000000,0.000000000,1.000000000
1403636692.269881248,1.288964829,3.810714683,-0.134391127,0.000000000,0.000000000,0.000000000,1.000000000
1403636692.320881367,1.290496789,3.845203731,-0.121637177,0.000000000,0.000000000,0.000000000,1.000000000
1403636692.369881392,1.292093356,3.878058677,-0.106886897,0.000000000,0.000000000,0.000000000,1.000000000
1403636692.420881271,1.294008874,3.910596585,-0.089425959,0.000000000,0.000000000,0.000000000,1.000000000
1403636692.469881296,1.296525360,3.943007955,-0.071253457,0.000000000,0.000000000,0.000000000,1.000000000
1403636692.517881393,1.306211616,3.994896133,-0.059873502,0.000000000,0.000000000,0.000000000,1.000000000
1403636692.570881367,1.309771824,4.027368092,-0.036599363,0.000000000,0.000000000,0.000000000,1.000000000
1403636692.620881319,1.314302264,4.059485974,-0.012689366,0.000000000,0.000000000,0.000000000,1.000000000
1403636692.721881390,1.324038035,4.120779938,0.039160336,0.000000000,0.000000000,0.000000000,1.000000000
1403636692.771881342,1.329413853,4.152061858,0.067065011,0.000000000,0.000000000,0.000000000,1.000000000
1403636692.817881346,1.335191732,4.181589402,0.094367651,0.000000000,0.000000000,0.000000000,1.000000000
1403636692.870881319,1.341260906,4.211193026,0.123094298,0.000000000,0.000000000,0.000000000,1.000000000
1403636692.918881178,1.352078905,4.253148721,0.144686779,0.000000000,0.000000000,0.000000000,1.000000000
1403636693.017881393,1.363957706,4.301743946,0.193399522,0.000000000,0.000000000,0.000000000,1.000000000
1403636693.068881273,1.369984285,4.325094715,0.215744286,0.000000000,0.000000000,0.000000000,1.000000000
1403636693.119881392,1.375682043,4.347355666,0.238352750,0.000000000,0.000000000,0.000000000,1.000000000
1403636693.169881344,1.381377273,4.368742170,0.258509352,0.000000000,0.000000000,0.000000000,1.000000000
1403636693.217881203,1.390830074,4.399570679,0.274497075,0.000000000,0.000000000,0.000000000,1.000000000
1403636693.267881393,1.396761773,4.417851312,0.292520126,0.000000000,0.000000000,0.000000000,1.000000000
1403636693.318881273,1.401932648,4.433786448,0.309393196,0.000000000,0.000000000,0.000000000,1.000000000
1403636693.368881226,1.406483735,4.448121636,0.323919783,0.000000000,0.000000000,0.000000000,1.000000000
1403636693.420881271,1.407374396,4.464125297,0.336538529,0.000000000,0.000000000,0.000000000,1.000000000
1403636693.470881224,1.414116247,4.475549614,0.347153629,0.000000000,0.000000000,0.000000000,1.000000000
1403636693.519881248,1.417764276,4.488226761,0.359012373,0.000000000,0.000000000,0.000000000,1.000000000
1403636693.570881367,1.422509451,4.507992488,0.366316869,0.000000000,0.000000000,0.000000000,1.000000000
1403636693.621881247,1.423001332,4.517587889,0.375126908,0.000000000,0.000000000,0.000000000,1.000000000
1403636693.720881224,1.419897112,4.536108662,0.389493313,0.000000000,0.000000000,0.000000000,1.000000000
1403636693.821881294,1.410621494,4.552459637,0.400637966,0.000000000,0.000000000,0.000000000,1.000000000
1403636693.869881392,1.404202543,4.560852658,0.404959431,0.000000000,0.000000000,0.000000000,1.000000000
1403636693.921881199,1.396532191,4.570464505,0.408387423,0.000000000,0.000000000,0.000000000,1.000000000
1403636694.019881248,1.376013262,4.583331013,0.413824479,0.000000000,0.000000000,0.000000000,1.000000000
1403636694.119881392,1.351061818,4.594642973,0.416739630,0.000000000,0.000000000,0.000000000,1.000000000
1403636694.169881344,1.338052336,4.600580162,0.416723471,0.000000000,0.000000000,0.000000000,1.000000000
1403636694.219881296,1.324323674,4.605453973,0.416027758,0.000000000,0.000000000,0.000000000,1.000000000
1403636694.267881393,1.310899641,4.611266955,0.415356596,0.000000000,0.000000000,0.000000000,1.000000000
1403636694.319881201,1.297191514,4.616378692,0.416087892,0.000000000,0.000000000,0.000000000,1.000000000
1403636694.419881344,1.271190857,4.626186833,0.422583614,0.000000000,0.000000000,0.000000000,1.000000000
1403636694.467881203,1.258742997,4.630753054,0.427596586,0.000000000,0.000000000,0.000000000,1.000000000
1403636694.519881248,1.245885864,4.636076957,0.435614870,0.000000000,0.000000000,0.000000000,1.000000000
1403636694.570881367,1.233745791,4.640941699,0.442697638,0.000000000,0.000000000,0.000000000,1.000000000
1403636694.619881392,1.222777530,4.646181820,0.448333796,0.000000000,0.000000000,0.000000000,1.000000000
1403636694.721881390,1.199312507,4.655235171,0.456704942,0.000000000,0.000000000,0.000000000,1.000000000
1403636694.769881248,1.188308490,4.660484044,0.458116244,0.000000000,0.000000000,0.000000000,1.000000000
1403636694.820881367,1.177092620,4.664358944,0.458000788,0.000000000,0.000000000,0.000000000,1.000000000
1403636694.870881319,1.165544823,4.667989451,0.456554310,0.000000000,0.000000000,0.000000000,1.000000000
1403636694.920881271,1.155283196,4.675034218,0.453084552,0.000000000,0.000000000,0.000000000,1.000000000
1403636694.971881390,1.144251140,4.679999122,0.449032869,0.000000000,0.000000000,0.000000000,1.000000000
1403636695.022881269,1.132404067,4.684855628,0.443771168,0.000000000,0.000000000,0.000000000,1.000000000
1403636695.067881346,1.121824184,4.689303696,0.438215587,0.000000000,0.000000000,0.000000000,1.000000000
1403636695.168881178,1.098729940,4.700037666,0.424387394,0.000000000,0.000000000,0.000000000,1.000000000
1403636695.220881224,1.087508962,4.705421818,0.418144458,0.000000000,0.000000000,0.000000000,1.000000000
1403636695.268881321,1.076507386,4.711062499,0.413393709,0.000000000,0.000000000,0.000000000,1.000000000
1403636695.319881201,1.065953410,4.722026366,0.409522956,0.000000000,0.000000000,0.000000000,1.000000000
1403636695.369881392,1.054772214,4.729553693,0.408508222,0.000000000,0.000000000,0.000000000,1.000000000
1403636695.470881224,1.032064622,4.743959337,0.412889854,0.000000000,0.000000000,0.000000000,1.000000000
1403636695.520881176,1.020724800,4.751627706,0.417369565,0.000000000,0.000000000,0.000000000,1.000000000
1403636695.570881367,1.010784345,4.765224076,0.421773617,0.000000000,0.000000000,0.000000000,1.000000000
1403636695.667881250,0.989454399,4.775769801,0.434840587,0.000000000,0.000000000,0.000000000,1.000000000
1403636695.719881296,0.979852033,4.785979795,0.438967974,0.000000000,0.000000000,0.000000000,1.000000000
1403636695.768881321,0.970078636,4.791882835,0.442497240,0.000000000,0.000000000,0.000000000,1.000000000
1403636695.819881201,0.960652629,4.798389382,0.444469222,0.000000000,0.000000000,0.000000000,1.000000000
1403636695.867881298,0.951869813,4.804485560,0.445264336,0.000000000,0.000000000,0.000000000,1.000000000
1403636695.918881178,0.942566387,4.810447656,0.445076059,0.000000000,0.000000000,0.000000000,1.000000000
1403636695.969881296,0.934326233,4.815899740,0.443602177,0.000000000,0.000000000,0.000000000,1.000000000
1403636696.018881321,0.926583654,4.821044872,0.441244664,0.000000000,0.000000000,0.000000000,1.000000000
1403636696.069881201,0.918711012,4.825971698,0.437853753,0.000000000,0.000000000,0.000000000,1.000000000
1403636696.120881319,0.911600446,4.833499882,0.432822997,0.000000000,0.000000000,0.000000000,1.000000000
1403636696.221881390,0.896317268,4.841019329,0.420989197,0.000000000,0.000000000,0.000000000,1.000000000
1403636696.268881321,0.889678518,4.843929267,0.414555983,0.000000000,0.000000000,0.000000000,1.000000000
1403636696.319881201,0.882326811,4.846684988,0.406940265,0.000000000,0.000000000,0.000000000,1.000000000
1403636696.367881298,0.875046267,4.848317363,0.399119819,0.000000000,0.000000000,0.000000000,1.000000000
1403636696.417881250,0.867911406,4.849734752,0.390574991,0.000000000,0.000000000,0.000000000,1.000000000
1403636696.470881224,0.860997040,4.853870545,0.380547851,0.000000000,0.000000000,0.000000000,1.000000000
1403636696.520881176,0.854557812,4.855010904,0.371561619,0.000000000,0.000000000,0.000000000,1.000000000
1403636696.570881367,0.848619556,4.856198424,0.363255671,0.000000000,0.000000000,0.000000000,1.000000000
1403636696.668881178,0.838051735,4.857273027,0.351168057,0.000000000,0.000000000,0.000000000,1.000000000
1403636696.717881203,0.833508108,4.857272802,0.347866341,0.000000000,0.000000000,0.000000000,1.000000000
1403636696.769881248,0.830105623,4.857519659,0.346451459,0.000000000,0.000000000,0.000000000,1.000000000
1403636696.820881367,0.827456921,4.857984639,0.346506564,0.000000000,0.000000000,0.000000000,1.000000000
1403636696.868881226,0.826021692,4.858378671,0.347137621,0.000000000,0.000000000,0.000000000,1.000000000
1403636696.967881203,0.825013700,4.859288946,0.345862417,0.000000000,0.000000000,0.000000000,1.000000000
1403636697.017881393,0.825454989,4.859665642,0.343380121,0.000000000,0.000000000,0.000000000,1.000000000
1403636697.067881346,0.826812942,4.859615989,0.339769052,0.000000000,0.000000000,0.000000000,1.000000000
1403636697.117881298,0.829259173,4.859136709,0.335151455,0.000000000,0.000000000,0.000000000,1.000000000
1403636697.169881344,0.832271270,4.857261991,0.329494568,0.000000000,0.000000000,0.000000000,1.000000000
1403636697.218881369,0.835957351,4.854443761,0.324766332,0.000000000,0.000000000,0.000000000,1.000000000
1403636697.267881393,0.840747135,4.850750025,0.321552395,0.000000000,0.000000000,0.000000000,1.000000000
1403636697.319881201,0.846781086,4.846235910,0.320184171,0.000000000,0.000000000,0.000000000,1.000000000
1403636697.420881271,0.861221150,4.833344538,0.324881557,0.000000000,0.000000000,0.000000000,1.000000000
1403636697.470881224,0.868757877,4.825033786,0.330630034,0.000000000,0.000000000,0.000000000,1.000000000
1403636697.521881342,0.877846484,4.817898523,0.338172590,0.000000000,0.000000000,0.000000000,1.000000000
1403636697.571881294,0.884317106,4.791758370,0.351707946,0.000000000,0.000000000,0.000000000,1.000000000
1403636697.670881271,0.905596917,4.774529029,0.375096830,0.000000000,0.000000000,0.000000000,1.000000000
1403636697.721881390,0.916902241,4.761155019,0.389657761,0.000000000,0.000000000,0.000000000,1.000000000
1403636697.767881393,0.927332785,4.746499931,0.402749803,0.000000000,0.000000000,0.000000000,1.000000000
1403636697.819881201,0.939264773,4.731400594,0.415451817,0.000000000,0.000000000,0.000000000,1.000000000
1403636697.870881319,0.947304471,4.700586702,0.429423444,0.000000000,0.000000000,0.000000000,1.000000000
1403636697.919881344,0.958091540,4.684693523,0.438128312,0.000000000,0.000000000,0.000000000,1.000000000
1403636697.967881203,0.968484524,4.667542680,0.445741505,0.000000000,0.000000000,0.000000000,1.000000000
1403636698.018881321,0.979348754,4.649942980,0.451997204,0.000000000,0.000000000,0.000000000,1.000000000
1403636698.069881201,0.989672189,4.631068742,0.456930927,0.000000000,0.000000000,0.000000000,1.000000000
1403636698.127881289,1.001649305,4.613419595,0.459784052,0.000000000,0.000000000,0.000000000,1.000000000
1403636698.176881313,1.007688941,4.578667016,0.464918239,0.000000000,0.000000000,0.000000000,1.000000000
1403636698.227881193,1.018257857,4.559567807,0.465044460,0.000000000,0.000000000,0.000000000,1.000000000
1403636698.276881218,1.028192167,4.539485450,0.465047982,0.000000000,0.000000000,0.000000000,1.000000000
1403636698.325881243,1.038270659,4.519737449,0.462274534,0.000000000,0.000000000,0.000000000,1.000000000
1403636698.377881289,1.048477182,4.498704217,0.458857816,0.000000000,0.000000000,0.000000000,1.000000000
1403636698.473881245,1.067043584,4.456362614,0.449745696,0.000000000,0.000000000,0.000000000,1.000000000
1403636698.526881218,1.077182574,4.434410074,0.443156929,0.000000000,0.000000000,0.000000000,1.000000000
1403636698.576881170,1.082534905,4.397419422,0.439818364,0.000000000,0.000000000,0.000000000,1.000000000
1403636698.628881216,1.091336708,4.374285875,0.431986500,0.000000000,0.000000000,0.000000000,1.000000000
1403636698.726881266,1.108389497,4.330447995,0.413705021,0.000000000,0.000000000,0.000000000,1.000000000
1403636698.825881243,1.122849397,4.285112482,0.392431882,0.000000000,0.000000000,0.000000000,1.000000000
1403636698.873881340,1.130109100,4.260043832,0.381334451,0.000000000,0.000000000,0.000000000,1.000000000
1403636698.925881386,1.137364316,4.236366081,0.367824212,0.000000000,0.000000000,0.000000000,1.000000000
1403636698.974881172,1.139649809,4.197797212,0.358067213,0.000000000,0.000000000,0.000000000,1.000000000
1403636699.077881336,1.152312536,4.152059329,0.329488717,0.000000000,0.000000000,0.000000000,1.000000000
1403636699.126881361,1.157612459,4.128906711,0.317607141,0.000000000,0.000000000,0.000000000,1.000000000
1403636699.176881313,1.162317259,4.105416195,0.308045402,0.000000000,0.000000000,0.000000000,1.000000000
1403636699.228881359,1.167219333,4.083296320,0.299944958,0.000000000,0.000000000,0.000000000,1.000000000
1403636699.273881197,1.166314175,4.045592964,0.299569852,0.000000000,0.000000000,0.000000000,1.000000000
1403636699.324881315,1.170377877,4.023719220,0.295528234,0.000000000,0.000000000,0.000000000,1.000000000
1403636699.376881361,1.174386836,4.003190582,0.292450280,0.000000000,0.000000000,0.000000000,1.000000000
1403636699.474881172,1.181173574,3.964055528,0.291775001,0.000000000,0.000000000,0.000000000,1.000000000
1403636699.525881290,1.184862080,3.946074357,0.293486039,0.000000000,0.000000000,0.000000000,1.000000000
1403636699.575881243,1.188275828,3.928559791,0.296517769,0.000000000,0.000000000,0.000000000,1.000000000
1403636699.628881216,1.192365819,3.912998832,0.299546071,0.000000000,0.000000000,0.000000000,1.000000000
1403636699.727881193,1.197207677,3.874387350,0.306455352,0.000000000,0.000000000,0.000000000,1.000000000
1403636699.776881218,1.201331848,3.862171827,0.306383957,0.000000000,0.000000000,0.000000000,1.000000000
1403636699.827881336,1.206164677,3.851445729,0.304838798,0.000000000,0.000000000,0.000000000,1.000000000
1403636699.877881289,1.210685804,3.841585372,0.302310611,0.000000000,0.000000000,0.000000000,1.000000000
1403636699.927881241,1.215156336,3.833520524,0.298535564,0.000000000,0.000000000,0.000000000,1.000000000
1403636699.977881193,1.219684434,3.825244605,0.294210598,0.000000000,0.000000000,0.000000000,1.000000000
1403636700.027881384,1.224032656,3.815797257,0.289537430,0.000000000,0.000000000,0.000000000,1.000000000
1403636700.077881336,1.229678391,3.810897135,0.283296664,0.000000000,0.000000000,0.000000000,1.000000000
1403636700.128881216,1.235347233,3.805714510,0.276277052,0.000000000,0.000000000,0.000000000,1.000000000
1403636700.226881266,1.247644338,3.799639122,0.259724282,0.000000000,0.000000000,0.000000000,1.000000000
1403636700.326881170,1.261155468,3.794216024,0.240053080,0.000000000,0.000000000,0.000000000,1.000000000
1403636700.375881195,1.268521272,3.792425565,0.228791832,0.000000000,0.000000000,0.000000000,1.000000000
1403636700.474881172,1.286117513,3.797143759,0.201309964,0.000000000,0.000000000,0.000000000,1.000000000
1403636700.525881290,1.295362420,3.798687394,0.185868563,0.000000000,0.000000000,0.000000000,1.000000000
1403636700.574881315,1.304585925,3.799815357,0.169403017,0.000000000,0.000000000,0.000000000,1.000000000
1403636700.624881268,1.313892445,3.800616348,0.152301257,0.000000000,0.000000000,0.000000000,1.000000000
1403636700.674881220,1.324193393,3.802565246,0.133352128,0.000000000,0.000000000,0.000000000,1.000000000
1403636700.724881172,1.334683838,3.805418880,0.114243998,0.000000000,0.000000000,0.000000000,1.000000000
1403636700.776881218,1.349952173,3.819061966,0.089630303,0.000000000,0.000000000,0.000000000,1.000000000
1403636700.827881336,1.361743082,3.821716765,0.068716490,0.000000000,0.000000000,0.000000000,1.000000000
1403636700.877881289,1.374328548,3.825498730,0.048837184,0.000000000,0.000000000,0.000000000,1.000000000
1403636700.975881338,1.398770281,3.833392337,0.015831647,0.000000000,0.000000000,0.000000000,1.000000000
1403636701.027881384,1.412062111,3.836769882,0.002053136,0.000000000,0.000000000,0.000000000,1.000000000
1403636701.076881170,1.425299348,3.840914178,-0.009672784,0.000000000,0.000000000,0.000000000,1.000000000
1403636701.126881361,1.442493503,3.855187908,-0.023589264,0.000000000,0.000000000,0.000000000,1.000000000
1403636701.226881266,1.469759814,3.865275268,-0.038333663,0.000000000,0.000000000,0.000000000,1.000000000
1403636701.274881363,1.482633184,3.871287349,-0.042445959,0.000000000,0.000000000,0.000000000,1.000000000
1403636701.324881315,1.494683238,3.875290985,-0.043723828,0.000000000,0.000000000,0.000000000,1.000000000
1403636701.373881340,1.506490707,3.880170384,-0.042973763,0.000000000,0.000000000,0.000000000,1.000000000
1403636701.474881172,1.535901994,3.910942106,-0.043181923,0.000000000,0.000000000,0.000000000,1.000000000
1403636701.573881388,1.556500810,3.920098727,-0.031209294,0.000000000,0.000000000,0.000000000,1.000000000
1403636701.623881340,1.570810804,3.944741096,-0.032670581,0.000000000,0.000000000,0.000000000,1.000000000
1403636701.673881292,1.577183018,3.949009494,-0.023948779,0.000000000,0.000000000,0.000000000,1.000000000
1403636701.726881266,1.587131173,3.960494441,-0.019426581,0.000000000,0.000000000,0.000000000,1.000000000
1403636701.776881218,1.596095699,3.971076723,-0.015239286,0.000000000,0.000000000,0.000000000,1.000000000
1403636701.824881315,1.604407380,3.981748904,-0.011449552,0.000000000,0.000000000,0.000000000,1.000000000
1403636701.874881268,1.612714197,3.992261555,-0.008036782,0.000000000,0.000000000,0.000000000,1.000000000
1403636701.925881386,1.620858036,4.002551732,-0.005344618,0.000000000,0.000000000,0.000000000,1.000000000
1403636701.974881172,1.629097446,4.013297401,-0.004343596,0.000000000,0.000000000,0.000000000,1.000000000
1403636702.024881363,1.637095754,4.023371530,-0.005374312,0.000000000,0.000000000,0.000000000,1.000000000
1403636702.075881243,1.650948137,4.045021835,-0.011837109,0.000000000,0.000000000,0.000000000,1.000000000
1403636702.127881289,1.658538213,4.056750142,-0.014977738,0.000000000,0.000000000,0.000000000,1.000000000
1403636702.224881172,1.673911679,4.076176812,-0.025693498,0.000000000,0.000000000,0.000000000,1.000000000
1403636702.276881218,1.682602858,4.086744664,-0.033761676,0.000000000,0.000000000,0.000000000,1.000000000
1403636702.325881243,1.691376126,4.097960932,-0.043042593,0.000000000,0.000000000,0.000000000,1.000000000
1403636702.378881216,1.699902255,4.108635902,-0.054004845,0.000000000,0.000000000,0.000000000,1.000000000
1403636702.424881220,1.714486064,4.134991474,-0.071407037,0.000000000,0.000000000,0.000000000,1.000000000
1403636702.473881245,1.722380150,4.145388370,-0.083720053,0.000000000,0.000000000,0.000000000,1.000000000
1403636702.525881290,1.729667659,4.154476868,-0.097062924,0.000000000,0.000000000,0.000000000,1.000000000
1403636702.575881243,1.737619984,4.166081987,-0.112050564,0.000000000,0.000000000,0.000000000,1.000000000
1403636702.673881292,1.752068325,4.187766357,-0.144350252,0.000000000,0.000000000,0.000000000,1.000000000
1403636702.725881338,1.757927262,4.196957176,-0.161631364,0.000000000,0.000000000,0.000000000,1.000000000
1403636702.775881290,1.771602616,4.226958531,-0.187944981,0.000000000,0.000000000,0.000000000,1.000000000
1403636702.824881315,1.776862455,4.238667593,-0.208019311,0.000000000,0.000000000,0.000000000,1.000000000
1403636702.873881340,1.781667691,4.251321787,-0.228966289,0.000000000,0.000000000,0.000000000,1.000000000
1403636702.977881193,1.788494121,4.277178127,-0.274773415,0.000000000,0.000000000,0.000000000,1.000000000
1403636703.074881315,1.792560197,4.305639282,-0.319269060,0.000000000,0.000000000,0.000000000,1.000000000
1403636703.125881195,1.793120962,4.321099690,-0.339852654,0.000000000,0.000000000,0.000000000,1.000000000
1403636703.175881386,1.800745243,4.354599584,-0.365726069,0.000000000,0.000000000,0.000000000,1.000000000
1403636703.225881338,1.800215356,4.371051241,-0.382131396,0.000000000,0.000000000,0.000000000,1.000000000
1403636703.277881384,1.799456349,4.387353731,-0.396333229,0.000000000,0.000000000,0.000000000,1.000000000
1403636703.376881361,1.799391219,4.423993437,-0.419282495,0.000000000,0.000000000,0.000000000,1.000000000
1403636703.427881241,1.799284596,4.441518317,-0.427248126,0.000000000,0.000000000,0.000000000,1.000000000
1403636703.473881245,1.800708301,4.460069568,-0.434079422,0.000000000,0.000000000,0.000000000,1.000000000
1403636703.525881290,1.807398069,4.493195556,-0.445265908,0.000000000,0.000000000,0.000000000,1.000000000
1403636703.625881195,1.819820964,4.554620551,-0.460822752,0.000000000,0.000000000,0.000000000,1.000000000
1403636703.726881266,1.820159664,4.580723131,-0.453669682,0.000000000,0.000000000,0.000000000,1.000000000
1403636703.775881290,1.823018818,4.598462601,-0.450093881,0.000000000,0.000000000,0.000000000,1.000000000
1403636703.826881170,1.827997236,4.621572271,-0.448173918,0.000000000,0.000000000,0.000000000,1.000000000
1403636703.925881386,1.829997889,4.646426380,-0.439311291,0.000000000,0.000000000,0.000000000,1.000000000
1403636703.975881338,1.834005522,4.666419823,-0.440098803,0.000000000,0.000000000,0.000000000,1.000000000
1403636704.027881384,1.843624880,4.700863727,-0.447907641,0.000000000,0.000000000,0.000000000,1.000000000
1403636704.074881315,1.847480861,4.719909528,-0.451079228,0.000000000,0.000000000,0.000000000,1.000000000
1403636704.127881289,1.850263880,4.737184876,-0.453968989,0.000000000,0.000000000,0.000000000,1.000000000
1403636704.177881241,1.853824029,4.754790157,-0.458100715,0.000000000,0.000000000,0.000000000,1.000000000
1403636704.227881193,1.857247895,4.772083113,-0.463112836,0.000000000,0.000000000,0.000000000,1.000000000
1403636704.277881384,1.860865468,4.789937281,-0.469365528,0.000000000,0.000000000,0.000000000,1.000000000
1403636704.327881336,1.864050188,4.806622976,-0.476069867,0.000000000,0.000000000,0.000000000,1.000000000
1403636704.374881268,1.867975985,4.824761059,-0.484125653,0.000000000,0.000000000,0.000000000,1.000000000
1403636704.473881245,1.882303863,4.878733781,-0.506948586,0.000000000,0.000000000,0.000000000,1.000000000
1403636704.524881363,1.885633294,4.897044057,-0.512338807,0.000000000,0.000000000,0.000000000,1.000000000
1403636704.574881315,1.888720673,4.915303701,-0.515275752,0.000000000,0.000000000,0.000000000,1.000000000
1403636704.626881361,1.890809594,4.933678473,-0.516049775,0.000000000,0.000000000,0.000000000,1.000000000
1403636704.676881313,1.894267556,4.957427252,-0.516377894,0.000000000,0.000000000,0.000000000,1.000000000
1403636704.727881193,1.895870898,4.978352250,-0.514075594,0.000000000,0.000000000,0.000000000,1.000000000
1403636704.776881218,1.902275758,5.014439207,-0.517784571,0.000000000,0.000000000,0.000000000,1.000000000
1403636704.826881170,1.901758079,5.035680632,-0.516570542,0.000000000,0.000000000,0.000000000,1.000000000
1403636704.875881195,1.900393113,5.057716288,-0.516959388,0.000000000,0.000000000,0.000000000,1.000000000
1403636704.974881172,1.896160848,5.106887813,-0.523322822,0.000000000,0.000000000,0.000000000,1.000000000
1403636705.026881218,1.891690936,5.132663357,-0.528467807,0.000000000,0.000000000,0.000000000,1.000000000
1403636705.076881170,1.886802891,5.160145380,-0.535342682,0.000000000,0.000000000,0.000000000,1.000000000
1403636705.123881340,1.880360274,5.186802815,-0.542764217,0.000000000,0.000000000,0.000000000,1.000000000
1403636705.224881172,1.871706744,5.270635884,-0.570825398,0.000000000,0.000000000,0.000000000,1.000000000
1403636705.274881363,1.861386671,5.299929087,-0.580387813,0.000000000,0.000000000,0.000000000,1.000000000
1403636705.324881315,1.850305338,5.331532589,-0.590308343,0.000000000,0.000000000,0.000000000,1.000000000
1403636705.426881313,1.821675903,5.395464094,-0.604629020,0.000000000,0.000000000,0.000000000,1.000000000
1403636705.474881172,1.815039625,5.448970918,-0.617302221,0.000000000,0.000000000,0.000000000,1.000000000
1403636705.527881384,1.799260462,5.488352488,-0.621804123,0.000000000,0.000000000,0.000000000,1.000000000
1403636705.576881170,1.782840560,5.522263916,-0.623235377,0.000000000,0.000000000,0.000000000,1.000000000
1403636705.626881361,1.763804354,5.555034383,-0.623632198,0.000000000,0.000000000,0.000000000,1.000000000
1403636705.677881241,1.744694282,5.588256910,-0.625426870,0.000000000,0.000000000,0.000000000,1.000000000
1403636705.727881193,1.731615906,5.643532617,-0.637143301,0.000000000,0.000000000,0.000000000,1.000000000
1403636705.774881363,1.712874160,5.676177361,-0.642323987,0.000000000,0.000000000,0.000000000,1.000000000
1403636705.824881315,1.691757388,5.712033651,-0.649324115,0.000000000,0.000000000,0.000000000,1.000000000
1403636705.874881268,1.671110545,5.746167170,-0.657165474,0.000000000,0.000000000,0.000000000,1.000000000
1403636705.926881313,1.648069948,5.781633827,-0.665820526,0.000000000,0.000000000,0.000000000,1.000000000
1403636705.977881193,1.625360995,5.819028996,-0.674502535,0.000000000,0.000000000,0.000000000,1.000000000
1403636706.026881218,1.610952874,5.881811917,-0.691269911,0.000000000,0.000000000,0.000000000,1.000000000
1403636706.077881336,1.588707690,5.917936505,-0.696195407,0.000000000,0.000000000,0.000000000,1.000000000
1403636706.127881289,1.567079462,5.955382897,-0.699629362,0.000000000,0.000000000,0.000000000,1.000000000
1403636706.228881359,1.524958702,6.028515736,-0.700207578,0.000000000,0.000000000,0.000000000,1.000000000
1403636706.325881243,1.487403864,6.102755207,-0.701947131,0.000000000,0.000000000,0.000000000,1.000000000
1403636706.374881268,1.468847615,6.138930429,-0.704735029,0.000000000,0.000000000,0.000000000,1.000000000
1403636706.475881338,1.437632376,6.236138826,-0.724116356,0.000000000,0.000000000,0.000000000,1.000000000
1403636706.575881243,1.402438611,6.304657759,-0.740014392,0.000000000,0.000000000,0.000000000,1.000000000
1403636706.627881289,1.384403333,6.338355886,-0.747877766,0.000000000,0.000000000,0.000000000,1.000000000
1403636706.674881220,1.367201092,6.373000824,-0.755342976,0.000000000,0.000000000,0.000000000,1.000000000
1403636706.725881338,1.355045140,6.434069583,-0.770442027,0.000000000,0.000000000,0.000000000,1.000000000
1403636706.775881290,1.335976909,6.466133752,-0.773532886,0.000000000,0.000000000,0.000000000,1.000000000
1403636706.827881336,1.316290960,6.499656760,-0.775600461,0.000000000,0.000000000,0.000000000,1.000000000
1403636706.873881340,1.297751434,6.532226760,-0.776336579,0.000000000,0.000000000,0.000000000,1.000000000
1403636706.926881313,1.275694787,6.566094371,-0.775006614,0.000000000,0.000000000,0.000000000,1.000000000
1403636706.976881266,1.258544815,6.623286633,-0.780849862,0.000000000,0.000000000,0.000000000,1.000000000
1403636707.028881311,1.235798865,6.657732622,-0.777409640,0.000000000,0.000000000,0.000000000,1.000000000
1403636707.126881361,1.189560391,6.723831727,-0.768379187,0.000000000,0.000000000,0.000000000,1.000000000
1403636707.174881220,1.166804479,6.758986053,-0.764708317,0.000000000,0.000000000,0.000000000,1.000000000
1403636707.228881359,1.140355275,6.793206732,-0.758859418,0.000000000,0.000000000,0.000000000,1.000000000
1403636707.273881197,1.120995638,6.849653393,-0.762334013,0.000000000,0.000000000,0.000000000,1.000000000
1403636707.325881243,1.093939137,6.883612408,-0.756546979,0.000000000,0.000000000,0.000000000,1.000000000
1403636707.374881268,1.067041676,6.917487773,-0.750389469,0.000000000,0.000000000,0.000000000,1.000000000
1403636707.473881245,1.011437178,6.985204685,-0.734034133,0.000000000,0.000000000,0.000000000,1.000000000
1403636707.574881315,0.952170333,7.055073390,-0.709986812,0.000000000,0.000000000,0.000000000,1.000000000
1403636707.629881382,0.922595728,7.114549613,-0.701058071,0.000000000,0.000000000,0.000000000,1.000000000
1403636707.725881338,0.861813344,7.183774506,-0.668210057,0.000000000,0.000000000,0.000000000,1.000000000
1403636707.826881170,0.796433090,7.253355738,-0.636076606,0.000000000,0.000000000,0.000000000,1.000000000
1403636707.875881195,0.764585041,7.287405065,-0.624495393,0.000000000,0.000000000,0.000000000,1.000000000
1403636707.926881313,0.731091907,7.322639428,-0.615850229,0.000000000,0.000000000,0.000000000,1.000000000
1403636707.975881338,0.701775171,7.387247823,-0.619178543,0.000000000,0.000000000,0.000000000,1.000000000
1403636708.028881311,0.666682433,7.424626641,-0.616652706,0.000000000,0.000000000,0.000000000,1.000000000
1403636708.077881336,0.634255651,7.461621788,-0.617598865,0.000000000,0.000000000,0.000000000,1.000000000
1403636708.127881289,0.601632886,7.498747287,-0.621198120,0.000000000,0.000000000,0.000000000,1.000000000
1403636708.177881241,0.568811381,7.534198576,-0.626481136,0.000000000,0.000000000,0.000000000,1.000000000
1403636708.228881359,0.535757676,7.571945316,-0.634166623,0.000000000,0.000000000,0.000000000,1.000000000
1403636708.274881363,0.505843629,7.608008094,-0.642799030,0.000000000,0.000000000,0.000000000,1.000000000
1403636708.327881336,0.473877207,7.679481708,-0.662395776,0.000000000,0.000000000,0.000000000,1.000000000
1403636708.377881289,0.442399019,7.717747995,-0.673582165,0.000000000,0.000000000,0.000000000,1.000000000
1403636708.478881359,0.381012961,7.793180892,-0.698032624,0.000000000,0.000000000,0.000000000,1.000000000
1403636708.575881243,0.325771684,7.864448298,-0.719684404,0.000000000,0.000000000,0.000000000,1.000000000
1403636708.626881361,0.297189903,7.900611849,-0.728186458,0.000000000,0.000000000,0.000000000,1.000000000
1403636708.724881172,0.249595121,8.008479496,-0.749601917,0.000000000,0.000000000,0.000000000,1.000000000
1403636708.825881243,0.203161351,8.080127946,-0.758102301,0.000000000,0.000000000,0.000000000,1.000000000
1403636708.874881268,0.181867835,8.114306404,-0.763968706,0.000000000,0.000000000,0.000000000,1.000000000
1403636708.925881386,0.160296774,8.150108076,-0.771261658,0.000000000,0.000000000,0.000000000,1.000000000
1403636708.975881338,0.140441547,8.218203800,-0.789018786,0.000000000,0.000000000,0.000000000,1.000000000
1403636709.025881290,0.120509194,8.251414510,-0.797649089,0.000000000,0.000000000,0.000000000,1.000000000
1403636709.073881388,0.101112016,8.282624823,-0.805802082,0.000000000,0.000000000,0.000000000,1.000000000
1403636709.127881289,0.079829526,8.314094529,-0.812918914,0.000000000,0.000000000,0.000000000,1.000000000
1403636709.173881292,0.061641751,8.344813339,-0.818720181,0.000000000,0.000000000,0.000000000,1.000000000
1403636709.225881338,0.040940352,8.372145840,-0.821660719,0.000000000,0.000000000,0.000000000,1.000000000
1403636709.273881197,0.021229567,8.424801587,-0.830374334,0.000000000,0.000000000,0.000000000,1.000000000
1403636709.326881170,-0.000707199,8.451038531,-0.829380420,0.000000000,0.000000000,0.000000000,1.000000000
1403636709.425881386,-0.043940093,8.498440270,-0.822502224,0.000000000,0.000000000,0.000000000,1.000000000
1403636709.474881172,-0.065818290,8.521225468,-0.818251821,0.000000000,0.000000000,0.000000000,1.000000000
1403636709.524881363,-0.088351341,8.542692436,-0.814769567,0.000000000,0.000000000,0.000000000,1.000000000
1403636709.574881315,-0.112583201,8.583045647,-0.817738781,0.000000000,0.000000000,0.000000000,1.000000000
1403636709.626881361,-0.137104809,8.602471774,-0.817363139,0.000000000,0.000000000,0.000000000,1.000000000
1403636709.725881338,-0.187153269,8.638599414,-0.822023677,0.000000000,0.000000000,0.000000000,1.000000000
1403636709.826881170,-0.240994568,8.672850230,-0.832226109,0.000000000,0.000000000,0.000000000,1.000000000
1403636709.874881268,-0.268180967,8.707484621,-0.843007618,0.000000000,0.000000000,0.000000000,1.000000000
1403636709.975881338,-0.326003887,8.737763074,-0.854084849,0.000000000,0.000000000,0.000000000,1.000000000
1403636710.028881311,-0.357207051,8.752148819,-0.857714331,0.000000000,0.000000000,0.000000000,1.000000000
1403636710.074881315,-0.386746329,8.766782011,-0.860300885,0.000000000,0.000000000,0.000000000,1.000000000
1403636710.125881195,-0.419721943,8.779642180,-0.860808436,0.000000000,0.000000000,0.000000000,1.000000000
1403636710.225881338,-0.486778237,8.817176633,-0.862593028,0.000000000,0.000000000,0.000000000,1.000000000
1403636710.273881197,-0.519626309,8.828129327,-0.861156193,0.000000000,0.000000000,0.000000000,1.000000000
1403636710.326881170,-0.556446792,8.838951394,-0.862709708,0.000000000,0.000000000,0.000000000,1.000000000
1403636710.373881340,-0.589665920,8.849190532,-0.866792231,0.000000000,0.000000000,0.000000000,1.000000000
1403636710.428881168,-0.627839298,8.859283591,-0.873544311,0.000000000,0.000000000,0.000000000,1.000000000
1403636710.473881245,-0.661356176,8.882884467,-0.884822903,0.000000000,0.000000000,0.000000000,1.000000000
1403636710.525881290,-0.697473484,8.893121665,-0.894408117,0.000000000,0.000000000,0.000000000,1.000000000
1403636710.573881388,-0.731926055,8.902111609,-0.904740685,0.000000000,0.000000000,0.000000000,1.000000000
1403636710.626881361,-0.768197746,8.909383774,-0.916508684,0.000000000,0.000000000,0.000000000,1.000000000
1403636710.673881292,-0.801564053,8.916715948,-0.928466108,0.000000000,0.000000000,0.000000000,1.000000000
1403636710.724881172,-0.835827983,8.924327784,-0.942431836,0.000000000,0.000000000,0.000000000,1.000000000
1403636710.775881290,-0.868692992,8.931821926,-0.956819469,0.000000000,0.000000000,0.000000000,1.000000000
1403636710.824881315,-0.902041812,8.954407006,-0.976308878,0.000000000,0.000000000,0.000000000,1.000000000
1403636710.877881289,-0.934056965,8.960249171,-0.992292723,0.000000000,0.000000000,0.000000000,1.000000000
1403636710.975881338,-0.992949463,8.975324375,-1.020295008,0.000000000,0.000000000,0.000000000,1.000000000
1403636711.027881384,-1.022338035,8.983322393,-1.032139647,0.000000000,0.000000000,0.000000000,1.000000000
1403636711.076881170,-1.050171698,8.989894547,-1.041930370,0.000000000,0.000000000,0.000000000,1.000000000
1403636711.127881289,-1.077932188,8.996856609,-1.050075097,0.000000000,0.000000000,0.000000000,1.000000000
1403636711.228881359,-1.133602834,9.017557678,-1.063697610,0.000000000,0.000000000,0.000000000,1.000000000
1403636711.276881218,-1.160227945,9.022592418,-1.067236797,0.000000000,0.000000000,0.000000000,1.000000000
1403636711.326881170,-1.186961872,9.025687960,-1.069915773,0.000000000,0.000000000,0.000000000,1.000000000
1403636711.375881195,-1.213404102,9.029837133,-1.072448884,0.000000000,0.000000000,0.000000000,1.000000000
1403636711.425881386,-1.241255263,9.031887617,-1.074050583,0.000000000,0.000000000,0.000000000,1.000000000
1403636711.474881172,-1.267368150,9.033322686,-1.074696511,0.000000000,0.000000000,0.000000000,1.000000000
1403636711.525881290,-1.295971457,9.036335164,-1.075665504,0.000000000,0.000000000,0.000000000,1.000000000
1403636711.575881243,-1.322533669,9.034798218,-1.074921168,0.000000000,0.000000000,0.000000000,1.000000000
1403636711.674881220,-1.374628949,9.028878253,-1.072085043,0.000000000,0.000000000,0.000000000,1.000000000
1403636711.725881338,-1.400595266,9.022469029,-1.069500624,0.000000000,0.000000000,0.000000000,1.000000000
1403636711.775881290,-1.425470386,9.016169640,-1.066858849,0.000000000,0.000000000,0.000000000,1.000000000
1403636711.825881243,-1.450188423,9.008976990,-1.063491741,0.000000000,0.000000000,0.000000000,1.000000000
1403636711.875881195,-1.472877611,8.992234484,-1.057607679,0.000000000,0.000000000,0.000000000,1.000000000
1403636711.977881193,-1.518959944,8.967376888,-1.047672806,0.000000000,0.000000000,0.000000000,1.000000000
1403636712.027881384,-1.540347820,8.953825014,-1.041730712,0.000000000,0.000000000,0.000000000,1.000000000
1403636712.126881361,-1.579927074,8.924446829,-1.028050298,0.000000000,0.000000000,0.000000000,1.000000000
1403636712.176881313,-1.596047145,8.894490493,-1.015697407,0.000000000,0.000000000,0.000000000,1.000000000
1403636712.228881359,-1.614444593,8.878007014,-1.006279583,0.000000000,0.000000000,0.000000000,1.000000000
1403636712.277881384,-1.630149627,8.860083469,-0.996052758,0.000000000,0.000000000,0.000000000,1.000000000
1403636712.327881336,-1.645879242,8.843341948,-0.985204532,0.000000000,0.000000000,0.000000000,1.000000000
1403636712.377881289,-1.660884770,8.824915214,-0.973166302,0.000000000,0.000000000,0.000000000,1.000000000
1403636712.427881241,-1.675072860,8.805907474,-0.959829392,0.000000000,0.000000000,0.000000000,1.000000000
1403636712.524881363,-1.696040993,8.748115218,-0.925433216,0.000000000,0.000000000,0.000000000,1.000000000
1403636712.575881243,-1.707535759,8.728172623,-0.909291236,0.000000000,0.000000000,0.000000000,1.000000000
1403636712.676881313,-1.729084212,8.685220134,-0.873390022,0.000000000,0.000000000,0.000000000,1.000000000
1403636712.776881218,-1.747655385,8.639553876,-0.837408669,0.000000000,0.000000000,0.000000000,1.000000000
1403636712.827881336,-1.750737982,8.590206624,-0.814570079,0.000000000,0.000000000,0.000000000,1.000000000
1403636712.874881268,-1.757680443,8.565090969,-0.800634958,0.000000000,0.000000000,0.000000000,1.000000000
1403636712.925881386,-1.764477650,8.538620704,-0.787841719,0.000000000,0.000000000,0.000000000,1.000000000
1403636712.974881172,-1.770298112,8.510875492,-0.776548185,0.000000000,0.000000000,0.000000000,1.000000000
1403636713.025881290,-1.774612085,8.480067630,-0.765975512,0.000000000,0.000000000,0.000000000,1.000000000
1403636713.076881170,-1.777975905,8.447060582,-0.756424076,0.000000000,0.000000000,0.000000000,1.000000000
1403636713.123881340,-1.780871078,8.417721372,-0.749287480,0.000000000,0.000000000,0.000000000,1.000000000
1403636713.173881292,-1.783401016,8.388146575,-0.743287231,0.000000000,0.000000000,0.000000000,1.000000000
1403636713.225881338,-1.778606591,8.329597916,-0.728924234,0.000000000,0.000000000,0.000000000,1.000000000
1403636713.275881290,-1.778270859,8.296229537,-0.719580880,0.000000000,0.000000000,0.000000000,1.000000000
1403636713.325881243,-1.777702263,8.263306277,-0.708739940,0.000000000,0.000000000,0.000000000,1.000000000
1403636713.425881386,-1.774400454,8.199287347,-0.681895561,0.000000000,0.000000000,0.000000000,1.000000000
1403636713.475881338,-1.771738906,8.166972333,-0.666432078,0.000000000,0.000000000,0.000000000,1.000000000
1403636713.526881218,-1.767818479,8.132510076,-0.648100655,0.000000000,0.000000000,0.000000000,1.000000000
1403636713.574881315,-1.755841912,8.065334700,-0.620153978,0.000000000,0.000000000,0.000000000,1.000000000
1403636713.624881268,-1.750429889,8.030840539,-0.599056107,0.000000000,0.000000000,0.000000000,1.000000000
1403636713.723881245,-1.737706506,7.964310773,-0.556912614,0.000000000,0.000000000,0.000000000,1.000000000
1403636713.776881218,-1.722735866,7.895960653,-0.527629226,0.000000000,0.000000000,0.000000000,1.000000000
1403636713.826881170,-1.714762994,7.863293533,-0.509546577,0.000000000,0.000000000,0.000000000,1.000000000
1403636713.877881289,-1.705418003,7.830419741,-0.493406611,0.000000000,0.000000000,0.000000000,1.000000000
1403636713.975881338,-1.685102667,7.765981230,-0.465591953,0.000000000,0.000000000,0.000000000,1.000000000
1403636714.075881243,-1.661978264,7.703886753,-0.443347773,0.000000000,0.000000000,0.000000000,1.000000000
1403636714.127881289,-1.649001487,7.673259758,-0.433831474,0.000000000,0.000000000,0.000000000,1.000000000
1403636714.173881292,-1.635801780,7.641389462,-0.425238039,0.000000000,0.000000000,0.000000000,1.000000000
1403636714.224881172,-1.615228235,7.580018228,-0.410384401,0.000000000,0.000000000,0.000000000,1.000000000
1403636714.274881363,-1.600891395,7.551853676,-0.404710135,0.000000000,0.000000000,0.000000000,1.000000000
1403636714.325881243,-1.586256460,7.525448612,-0.400618158,0.000000000,0.000000000,0.000000000,1.000000000
1403636714.374881268,-1.570837290,7.500026516,-0.397404971,0.000000000,0.000000000,0.000000000,1.000000000
1403636714.424881220,-1.554307240,7.471575836,-0.394537827,0.000000000,0.000000000,0.000000000,1.000000000
1403636714.474881172,-1.537538240,7.443900313,-0.392886365,0.000000000,0.000000000,0.000000000,1.000000000
1403636714.525881290,-1.514982169,7.389462676,-0.385224366,0.000000000,0.000000000,0.000000000,1.000000000
1403636714.575881243,-1.498244412,7.363379839,-0.385383559,0.000000000,0.000000000,0.000000000,1.000000000
1403636714.625881195,-1.480943442,7.337158324,-0.386431029,0.000000000,0.000000000,0.000000000,1.000000000
1403636714.728881359,-1.444656544,7.287347718,-0.391509033,0.000000000,0.000000000,0.000000000,1.000000000
1403636714.773881197,-1.427861679,7.262736688,-0.393719436,0.000000000,0.000000000,0.000000000,1.000000000
1403636714.829881191,-1.409344375,7.240162839,-0.397350994,0.000000000,0.000000000,0.000000000,1.000000000
1403636714.877881289,-1.388022566,7.196108040,-0.392578622,0.000000000,0.000000000,0.000000000,1.000000000
1403636714.975881338,-1.355764605,7.156787762,-0.389593716,0.000000000,0.000000000,0.000000000,1.000000000
1403636715.028881311,-1.339580526,7.137994769,-0.384728288,0.000000000,0.000000000,0.000000000,1.000000000
1403636715.076881170,-1.324935300,7.120442388,-0.377976852,0.000000000,0.000000000,0.000000000,1.000000000
1403636715.127881289,-1.310929746,7.104243947,-0.369556484,0.000000000,0.000000000,0.000000000,1.000000000
1403636715.173881292,-1.298393558,7.089017173,-0.360340130,0.000000000,0.000000000,0.000000000,1.000000000
1403636715.229881287,-1.279792607,7.042170632,-0.339740126,0.000000000,0.000000000,0.000000000,1.000000000
1403636715.326881170,-1.261118130,7.026462996,-0.316293689,0.000000000,0.000000000,0.000000000,1.000000000
1403636715.373881340,-1.251922147,7.012718761,-0.302811527,0.000000000,0.000000000,0.000000000,1.000000000
1403636715.425881386,-1.243299239,7.000672409,-0.290409918,0.000000000,0.000000000,0.000000000,1.000000000
1403636715.474881172,-1.234429331,6.981216760,-0.278431088,0.000000000,0.000000000,0.000000000,1.000000000
1403636715.525881290,-1.227107882,6.968073166,-0.269334047,0.000000000,0.000000000,0.000000000,1.000000000
1403636715.574881315,-1.220105046,6.955457082,-0.262035290,0.000000000,0.000000000,0.000000000,1.000000000
1403636715.625881195,-1.211366191,6.931866590,-0.253805159,0.000000000,0.000000000,0.000000000,1.000000000
1403636715.724881172,-1.198349744,6.911243292,-0.249175431,0.000000000,0.000000000,0.000000000,1.000000000
1403636715.825881243,-1.185632304,6.891910350,-0.251576029,0.000000000,0.000000000,0.000000000,1.000000000
1403636715.877881289,-1.178703304,6.883937488,-0.254693734,0.000000000,0.000000000,0.000000000,1.000000000
1403636715.927881241,-1.170681734,6.873239969,-0.256888479,0.000000000,0.000000000,0.000000000,1.000000000
1403636715.978881359,-1.160244566,6.854247593,-0.256272529,0.000000000,0.000000000,0.000000000,1.000000000
1403636716.028881311,-1.150701940,6.846227089,-0.257113258,0.000000000,0.000000000,0.000000000,1.000000000
1403636716.076881170,-1.140222020,6.837732814,-0.256293291,0.000000000,0.000000000,0.000000000,1.000000000
1403636716.126881361,-1.128268388,6.828824297,-0.253917099,0.000000000,0.000000000,0.000000000,1.000000000
1403636716.175881386,-1.115593123,6.820318967,-0.250369331,0.000000000,0.000000000,0.000000000,1.000000000
1403636716.226881266,-1.101348067,6.811441361,-0.245116832,0.000000000,0.000000000,0.000000000,1.000000000
1403636716.275881290,-1.086591457,6.802912974,-0.238723072,0.000000000,0.000000000,0.000000000,1.000000000
1403636716.326881170,-1.068726795,6.783391248,-0.228124506,0.000000000,0.000000000,0.000000000,1.000000000
1403636716.376881361,-1.052081262,6.773467360,-0.219934354,0.000000000,0.000000000,0.000000000,1.000000000
1403636716.474881172,-1.017235441,6.753001555,-0.206496302,0.000000000,0.000000000,0.000000000,1.000000000
1403636716.527881384,-0.997697625,6.743435647,-0.202278291,0.000000000,0.000000000,0.000000000,1.000000000
1403636716.576881170,-0.978821316,6.734259376,-0.200073504,0.000000000,0.000000000,0.000000000,1.000000000
1403636716.627881289,-0.959358761,6.724740179,-0.199380159,0.000000000,0.000000000,0.000000000,1.000000000
1403636716.673881292,-0.939690093,6.703131435,-0.197018720,0.000000000,0.000000000,0.000000000,1.000000000
1403636716.727881193,-0.919126448,6.693886764,-0.199572688,0.000000000,0.000000000,0.000000000,1.000000000
1403636716.776881218,-0.899244017,6.684276091,-0.202972641,0.000000000,0.000000000,0.000000000,1.000000000
1403636716.873881340,-0.859980408,6.663926298,-0.213251867,0.000000000,0.000000000,0.000000000,1.000000000
1403636716.927881241,-0.837941900,6.654221875,-0.221427268,0.000000000,0.000000000,0.000000000,1.000000000
1403636716.974881172,-0.818348066,6.643462166,-0.228187455,0.000000000,0.000000000,0.000000000,1.000000000
1403636717.026881218,-0.796500711,6.633843641,-0.235354548,0.000000000,0.000000000,0.000000000,1.000000000
1403636717.073881388,-0.775733104,6.613943984,-0.237307780,0.000000000,0.000000000,0.000000000,1.000000000
1403636717.125881195,-0.754073067,6.605098816,-0.240906053,0.000000000,0.000000000,0.000000000,1.000000000
1403636717.175881386,-0.732948659,6.595622936,-0.242465651,0.000000000,0.000000000,0.000000000,1.000000000
1403636717.273881197,-0.690550050,6.576727964,-0.240788368,0.000000000,0.000000000,0.000000000,1.000000000
1403636717.324881315,-0.668712147,6.567195287,-0.238203275,0.000000000,0.000000000,0.000000000,1.000000000
1403636717.376881361,-0.645534013,6.545231534,-0.231797788,0.000000000,0.000000000,0.000000000,1.000000000
1403636717.474881172,-0.603205643,6.524119155,-0.224794885,0.000000000,0.000000000,0.000000000,1.000000000
1403636717.574881315,-0.561356421,6.499755467,-0.217218759,0.000000000,0.000000000,0.000000000,1.000000000
1403636717.627881289,-0.539277189,6.487795934,-0.214575119,0.000000000,0.000000000,0.000000000,1.000000000
1403636717.725881338,-0.497039467,6.447828751,-0.209800185,0.000000000,0.000000000,0.000000000,1.000000000
1403636717.824881315,-0.456838882,6.418183066,-0.215438957,0.000000000,0.000000000,0.000000000,1.000000000
1403636717.874881268,-0.437079675,6.400610785,-0.220326842,0.000000000,0.000000000,0.000000000,1.000000000
1403636717.924881220,-0.417275609,6.381581220,-0.226524635,0.000000000,0.000000000,0.000000000,1.000000000
1403636717.974881172,-0.397918755,6.362566453,-0.232294875,0.000000000,0.000000000,0.000000000,1.000000000
1403636718.025881290,-0.377270023,6.324377438,-0.232259905,0.000000000,0.000000000,0.000000000,1.000000000
1403636718.074881315,-0.359061533,6.303865049,-0.235176648,0.000000000,0.000000000,0.000000000,1.000000000
1403636718.173881292,-0.322013608,6.258617597,-0.237001695,0.000000000,0.000000000,0.000000000,1.000000000
1403636718.225881338,-0.303460784,6.233982328,-0.235511798,0.000000000,0.000000000,0.000000000,1.000000000
1403636718.323881388,-0.268162207,6.183761525,-0.231366289,0.000000000,0.000000000,0.000000000,1.000000000
1403636718.374881268,-0.249697569,6.132479795,-0.224256823,0.000000000,0.000000000,0.000000000,1.000000000
1403636718.474881172,-0.215606602,6.077279682,-0.229144064,0.000000000,0.000000000,0.000000000,1.000000000
1403636718.525881290,-0.198880569,6.050202422,-0.234867303,0.000000000,0.000000000,0.000000000,1.000000000
1403636718.573881388,-0.182534104,6.021816762,-0.241232839,0.000000000,0.000000000,0.000000000,1.000000000
1403636718.624881268,-0.165981183,5.994759622,-0.249957745,0.000000000,0.000000000,0.000000000,1.000000000
1403636718.677881241,-0.148630418,5.943213971,-0.253092800,0.000000000,0.000000000,0.000000000,1.000000000
1403636718.728881359,-0.132532894,5.915418524,-0.263671635,0.000000000,0.000000000,0.000000000,1.000000000
1403636718.773881197,-0.118206508,5.888725092,-0.273622746,0.000000000,0.000000000,0.000000000,1.000000000
1403636718.826881170,-0.101954055,5.862009296,-0.286918079,0.000000000,0.000000000,0.000000000,1.000000000
1403636718.925881386,-0.072718818,5.810293016,-0.313488412,0.000000000,0.000000000,0.000000000,1.000000000
1403636718.973881245,-0.058517966,5.784084881,-0.327361106,0.000000000,0.000000000,0.000000000,1.000000000
1403636719.024881363,-0.043827998,5.759712645,-0.341723334,0.000000000,0.000000000,0.000000000,1.000000000
1403636719.073881388,-0.029865553,5.716990295,-0.347463997,0.000000000,0.000000000,0.000000000,1.000000000
1403636719.124881268,-0.015676376,5.692729512,-0.357592350,0.000000000,0.000000000,0.000000000,1.000000000
1403636719.228881359,0.012683374,5.646740126,-0.372610293,0.000000000,0.000000000,0.000000000,1.000000000
1403636719.276881218,0.026341917,5.625311246,-0.376692401,0.000000000,0.000000000,0.000000000,1.000000000
1403636719.325881243,0.040294895,5.602411823,-0.378702943,0.000000000,0.000000000,0.000000000,1.000000000
1403636719.375881195,0.054752632,5.580482992,-0.380800261,0.000000000,0.000000000,0.000000000,1.000000000
1403636719.427881241,0.069912749,5.539173763,-0.377585315,0.000000000,0.000000000,0.000000000,1.000000000
1403636719.476881266,0.084789509,5.517538619,-0.381576318,0.000000000,0.000000000,0.000000000,1.000000000
1403636719.525881290,0.100338064,5.497224880,-0.387660886,0.000000000,0.000000000,0.000000000,1.000000000
1403636719.628881216,0.134321942,5.452812794,-0.403771888,0.000000000,0.000000000,0.000000000,1.000000000
1403636719.676881313,0.151341653,5.431123272,-0.412960145,0.000000000,0.000000000,0.000000000,1.000000000
1403636719.727881193,0.169200659,5.394900969,-0.417864872,0.000000000,0.000000000,0.000000000,1.000000000
1403636719.773881197,0.186020387,5.374557242,-0.425688184,0.000000000,0.000000000,0.000000000,1.000000000
1403636719.828881264,0.206513110,5.354726227,-0.434389323,0.000000000,0.000000000,0.000000000,1.000000000
1403636719.876881361,0.225469057,5.334161212,-0.439091090,0.000000000,0.000000000,0.000000000,1.000000000
1403636719.926881313,0.245305319,5.316005713,-0.442656304,0.000000000,0.000000000,0.000000000,1.000000000
1403636719.977881193,0.265217261,5.296589603,-0.443572754,0.000000000,0.000000000,0.000000000,1.000000000
1403636720.027881384,0.285276439,5.278551807,-0.443372837,0.000000000,0.000000000,0.000000000,1.000000000
1403636720.077881336,0.304403681,5.245746554,-0.436810162,0.000000000,0.000000000,0.000000000,1.000000000
1403636720.127881289,0.324067183,5.228720931,-0.436344136,0.000000000,0.000000000,0.000000000,1.000000000
1403636720.227881193,0.363056088,5.194250671,-0.438767556,0.000000000,0.000000000,0.000000000,1.000000000
1403636720.277881384,0.382234345,5.177645827,-0.442281514,0.000000000,0.000000000,0.000000000,1.000000000
1403636720.325881243,0.400193834,5.161743040,-0.446776179,0.000000000,0.000000000,0.000000000,1.000000000
1403636720.374881268,0.418455891,5.145343524,-0.452284158,0.000000000,0.000000000,0.000000000,1.000000000
1403636720.425881386,0.437429475,5.130246134,-0.459598070,0.000000000,0.000000000,0.000000000,1.000000000
1403636720.525881290,0.472738664,5.091960386,-0.472693672,0.000000000,0.000000000,0.000000000,1.000000000
1403636720.574881315,0.490032460,5.079085946,-0.482203056,0.000000000,0.000000000,0.000000000,1.000000000
1403636720.675881386,0.524435853,5.052223919,-0.497863015,0.000000000,0.000000000,0.000000000,1.000000000
1403636720.725881338,0.541100010,5.039786494,-0.502985682,0.000000000,0.000000000,0.000000000,1.000000000
1403636720.776881218,0.557722991,5.027939247,-0.506444968,0.000000000,0.000000000,0.000000000,1.000000000
1403636720.825881243,0.573105480,5.010432208,-0.505274871,0.000000000,0.000000000,0.000000000,1.000000000
1403636720.926881313,0.604671542,4.991312810,-0.503143924,0.000000000,0.000000000,0.000000000,1.000000000
1403636720.976881266,0.619556514,4.981913044,-0.500394361,0.000000000,0.000000000,0.000000000,1.000000000
1403636721.026881218,0.634285373,4.973171037,-0.498631388,0.000000000,0.000000000,0.000000000,1.000000000
1403636721.074881315,0.648035987,4.964144666,-0.497768926,0.000000000,0.000000000,0.000000000,1.000000000
1403636721.126881361,0.662305399,4.951601301,-0.497262006,0.000000000,0.000000000,0.000000000,1.000000000
1403636721.225881338,0.690346399,4.937341877,-0.504211202,0.000000000,0.000000000,0.000000000,1.000000000
1403636721.275881290,0.704308177,4.931028478,-0.509528509,0.000000000,0.000000000,0.000000000,1.000000000
1403636721.326881170,0.718189845,4.924520230,-0.515222000,0.000000000,0.000000000,0.000000000,1.000000000
1403636721.374881268,0.731651592,4.918478220,-0.519802215,0.000000000,0.000000000,0.000000000,1.000000000
1403636721.426881313,0.746945831,4.913455001,-0.523769134,0.000000000,0.000000000,0.000000000,1.000000000
1403636721.474881172,0.760270334,4.908593286,-0.525302391,0.000000000,0.000000000,0.000000000,1.000000000
1403636721.523881197,0.774665886,4.902311368,-0.524472065,0.000000000,0.000000000,0.000000000,1.000000000
1403636721.573881388,0.789968219,4.898560914,-0.522341581,0.000000000,0.000000000,0.000000000,1.000000000
1403636721.674881220,0.820996219,4.891860859,-0.515595980,0.000000000,0.000000000,0.000000000,1.000000000
1403636721.725881338,0.837196988,4.889093237,-0.512989247,0.000000000,0.000000000,0.000000000,1.000000000
1403636721.824881315,0.869326439,4.883026002,-0.511437388,0.000000000,0.000000000,0.000000000,1.000000000
1403636721.874881268,0.885530651,4.880445439,-0.513292072,0.000000000,0.000000000,0.000000000,1.000000000
1403636721.974881172,0.918816950,4.875561587,-0.520834850,0.000000000,0.000000000,0.000000000,1.000000000
1403636722.025881290,0.936443546,4.872324804,-0.525847034,0.000000000,0.000000000,0.000000000,1.000000000
1403636722.074881315,0.952974852,4.868844241,-0.531789176,0.000000000,0.000000000,0.000000000,1.000000000
1403636722.125881195,0.969849629,4.866092072,-0.538305297,0.000000000,0.000000000,0.000000000,1.000000000
1403636722.174881220,0.986982924,4.862678633,-0.543484990,0.000000000,0.000000000,0.000000000,1.000000000
1403636722.227881193,1.004505328,4.859765219,-0.547127156,0.000000000,0.000000000,0.000000000,1.000000000
1403636722.275881290,1.021310458,4.855749025,-0.548341984,0.000000000,0.000000000,0.000000000,1.000000000
1403636722.326881170,1.038637607,4.851419083,-0.547268402,0.000000000,0.000000000,0.000000000,1.000000000
1403636722.426881313,1.073665736,4.841970275,-0.541075005,0.000000000,0.000000000,0.000000000,1.000000000
1403636722.474881172,1.090321202,4.837144323,-0.538432500,0.000000000,0.000000000,0.000000000,1.000000000
1403636722.525881290,1.108534725,4.832403874,-0.537222307,0.000000000,0.000000000,0.000000000,1.000000000
1403636722.573881388,1.124754455,4.825701579,-0.536327723,0.000000000,0.000000000,0.000000000,1.000000000
1403636722.628881216,1.143534969,4.819592374,-0.537705235,0.000000000,0.000000000,0.000000000,1.000000000
1403636722.726881266,1.177761077,4.807948395,-0.543082272,0.000000000,0.000000000,0.000000000,1.000000000
1403636722.773881197,1.193820763,4.801406814,-0.546521262,0.000000000,0.000000000,0.000000000,1.000000000
1403636722.826881170,1.212150305,4.794533681,-0.551853581,0.000000000,0.000000000,0.000000000,1.000000000
1403636722.877881289,1.228163912,4.787395677,-0.556383556,0.000000000,0.000000000,0.000000000,1.000000000
1403636722.925881386,1.245431296,4.779673735,-0.561351925,0.000000000,0.000000000,0.000000000,1.000000000
1403636722.973881245,1.262117524,4.772563341,-0.565077964,0.000000000,0.000000000,0.000000000,1.000000000
1403636723.028881311,1.280269582,4.763798520,-0.566369690,0.000000000,0.000000000,0.000000000,1.000000000
1403636723.073881388,1.295830879,4.756631913,-0.565416462,0.000000000,0.000000000,0.000000000,1.000000000
1403636723.175881386,1.330006694,4.740891842,-0.556590370,0.000000000,0.000000000,0.000000000,1.000000000
1403636723.224881172,1.346988854,4.733011366,-0.550713182,0.000000000,0.000000000,0.000000000,1.000000000
1403636723.273881197,1.363406207,4.725361914,-0.544502709,0.000000000,0.000000000,0.000000000,1.000000000
1403636723.324881315,1.378765728,4.711684920,-0.537127322,0.000000000,0.000000000,0.000000000,1.000000000
1403636723.374881268,1.395054493,4.702979389,-0.533110470,0.000000000,0.000000000,0.000000000,1.000000000
1403636723.476881266,1.428241039,4.684426661,-0.529409274,0.000000000,0.000000000,0.000000000,1.000000000
1403636723.524881363,1.443512310,4.675277542,-0.529257516,0.000000000,0.000000000,0.000000000,1.000000000
1403636723.575881243,1.459878546,4.665303620,-0.530066271,0.000000000,0.000000000,0.000000000,1.000000000
1403636723.627881289,1.476860546,4.655834383,-0.531701550,0.000000000,0.000000000,0.000000000,1.000000000
1403636723.673881292,1.491194683,4.641453703,-0.530720381,0.000000000,0.000000000,0.000000000,1.000000000
1403636723.777881384,1.527746789,4.619198226,-0.528312768,0.000000000,0.000000000,0.000000000,1.000000000
1403636723.827881336,1.546010523,4.607979101,-0.524405287,0.000000000,0.000000000,0.000000000,1.000000000
1403636723.873881340,1.562300794,4.596872808,-0.518947599,0.000000000,0.000000000,0.000000000,1.000000000
1403636723.976881266,1.600416039,4.572124004,-0.506240805,0.000000000,0.000000000,0.000000000,1.000000000
1403636724.027881384,1.620107841,4.560154814,-0.502000935,0.000000000,0.000000000,0.000000000,1.000000000
1403636724.076881170,1.637511688,4.543415750,-0.497148052,0.000000000,0.000000000,0.000000000,1.000000000
1403636724.127881289,1.656070053,4.530444377,-0.495619904,0.000000000,0.000000000,0.000000000,1.000000000
1403636724.176881313,1.674480810,4.518887159,-0.496001074,0.000000000,0.000000000,0.000000000,1.000000000
1403636724.226881266,1.692530686,4.506827170,-0.497594186,0.000000000,0.000000000,0.000000000,1.000000000
1403636724.274881363,1.709362263,4.494830542,-0.499857797,0.000000000,0.000000000,0.000000000,1.000000000
1403636724.328881264,1.728079848,4.482063609,-0.504609133,0.000000000,0.000000000,0.000000000,1.000000000
1403636724.374881268,1.743480305,4.471625233,-0.509387797,0.000000000,0.000000000,0.000000000,1.000000000
1403636724.474881172,1.773895405,4.447215857,-0.521375497,0.000000000,0.000000000,0.000000000,1.000000000
1403636724.528881311,1.789866016,4.435272353,-0.528385241,0.000000000,0.000000000,0.000000000,1.000000000
1403636724.577881336,1.804190827,4.425745032,-0.533935804,0.000000000,0.000000000,0.000000000,1.000000000
1403636724.628881216,1.818141668,4.414953365,-0.537304572,0.000000000,0.000000000,0.000000000,1.000000000
1403636724.674881220,1.830349344,4.404749927,-0.538270831,0.000000000,0.000000000,0.000000000,1.000000000
1403636724.724881172,1.843528554,4.393841115,-0.537219747,0.000000000,0.000000000,0.000000000,1.000000000
1403636724.774881363,1.856468565,4.384899850,-0.534560813,0.000000000,0.000000000,0.000000000,1.000000000
1403636724.827881336,1.867509794,4.368579041,-0.526504360,0.000000000,0.000000000,0.000000000,1.000000000
1403636724.875881195,1.879704966,4.359230787,-0.520065669,0.000000000,0.000000000,0.000000000,1.000000000
1403636724.974881172,1.903510702,4.338302219,-0.499376401,0.000000000,0.000000000,0.000000000,1.000000000
1403636725.026881218,1.915372932,4.327423191,-0.485884205,0.000000000,0.000000000,0.000000000,1.000000000
1403636725.073881388,1.926287326,4.317316581,-0.471454180,0.000000000,0.000000000,0.000000000,1.000000000
1403636725.125881195,1.938446145,4.307635008,-0.454686671,0.000000000,0.000000000,0.000000000,1.000000000
1403636725.225881338,1.957221372,4.279266900,-0.411788586,0.000000000,0.000000000,0.000000000,1.000000000
1403636725.275881290,1.968082151,4.270597405,-0.390715537,0.000000000,0.000000000,0.000000000,1.000000000
1403636725.326881170,1.978872704,4.261260233,-0.368257458,0.000000000,0.000000000,0.000000000,1.000000000
1403636725.374881268,1.988497852,4.251595900,-0.347502524,0.000000000,0.000000000,0.000000000,1.000000000
1403636725.425881386,1.999382348,4.243412325,-0.327182247,0.000000000,0.000000000,0.000000000,1.000000000
1403636725.474881172,2.009476583,4.235650181,-0.309256652,0.000000000,0.000000000,0.000000000,1.000000000
1403636725.523881197,2.019420538,4.227573933,-0.292016989,0.000000000,0.000000000,0.000000000,1.000000000
1403636725.574881315,2.026393701,4.214080090,-0.273911508,0.000000000,0.000000000,0.000000000,1.000000000
1403636725.626881361,2.036865174,4.206883363,-0.259218366,0.000000000,0.000000000,0.000000000,1.000000000
1403636725.723881245,2.054877429,4.194375533,-0.236801023,0.000000000,0.000000000,0.000000000,1.000000000
1403636725.825881243,2.072683665,4.180950024,-0.219261590,0.000000000,0.000000000,0.000000000,1.000000000
1403636725.874881268,2.080893919,4.174719988,-0.212905427,0.000000000,0.000000000,0.000000000,1.000000000
1403636725.974881172,2.095318828,4.159533388,-0.203258189,0.000000000,0.000000000,0.000000000,1.000000000
1403636726.027881384,2.103025819,4.153103715,-0.200715492,0.000000000,0.000000000,0.000000000,1.000000000
1403636726.077881336,2.110255730,4.147491378,-0.199628330,0.000000000,0.000000000,0.000000000,1.000000000
1403636726.127881289,2.117156324,4.141534460,-0.199743821,0.000000000,0.000000000,0.000000000,1.000000000
1403636726.175881386,2.123902530,4.136309669,-0.201136271,0.000000000,0.000000000,0.000000000,1.000000000
1403636726.226881266,2.130591571,4.130763808,-0.203335778,0.000000000,0.000000000,0.000000000,1.000000000
1403636726.274881363,2.136290370,4.125232981,-0.206692641,0.000000000,0.000000000,0.000000000,1.000000000
1403636726.323881388,2.142697098,4.119951578,-0.211412169,0.000000000,0.000000000,0.000000000,1.000000000
1403636726.373881340,2.148590112,4.114544242,-0.217023500,0.000000000,0.000000000,0.000000000,1.000000000
1403636726.477881193,2.160292880,4.103197646,-0.226583290,0.000000000,0.000000000,0.000000000,1.000000000
1403636726.526881218,2.166380270,4.098863259,-0.229249150,0.000000000,0.000000000,0.000000000,1.000000000
1403636726.576881170,2.172104440,4.093388212,-0.229315634,0.000000000,0.000000000,0.000000000,1.000000000
1403636726.626881361,2.178124854,4.088561034,-0.227442416,0.000000000,0.000000000,0.000000000,1.000000000
1403636726.725881338,2.190610412,4.078714226,-0.217742231,0.000000000,0.000000000,0.000000000,1.000000000
1403636726.776881218,2.198748590,4.076021407,-0.210847977,0.000000000,0.000000000,0.000000000,1.000000000
1403636726.828881264,2.207183231,4.072754605,-0.201973550,0.000000000,0.000000000,0.000000000,1.000000000
1403636726.877881289,2.215337438,4.069902766,-0.192376005,0.000000000,0.000000000,0.000000000,1.000000000
1403636726.928881168,2.224486313,4.067325586,-0.180702063,0.000000000,0.000000000,0.000000000,1.000000000
1403636726.973881245,2.233239130,4.065168129,-0.168402363,0.000000000,0.000000000,0.000000000,1.000000000
1403636727.028881311,2.242984369,4.060770005,-0.151186370,0.000000000,0.000000000,0.000000000,1.000000000
1403636727.073881388,2.252836105,4.059222672,-0.135541587,0.000000000,0.000000000,0.000000000,1.000000000
1403636727.173881292,2.276595307,4.057565730,-0.097280615,0.000000000,0.000000000,0.000000000,1.000000000
1403636727.224881172,2.289026074,4.055961249,-0.077306673,0.000000000,0.000000000,0.000000000,1.000000000
1403636727.273881197,2.300929310,4.053877434,-0.059004674,0.000000000,0.000000000,0.000000000,1.000000000
1403636727.325881243,2.313796410,4.051954946,-0.041710528,0.000000000,0.000000000,0.000000000,1.000000000
1403636727.373881340,2.326113685,4.049423768,-0.026564410,0.000000000,0.000000000,0.000000000,1.000000000
1403636727.474881172,2.350619683,4.040776935,0.001181855,0.000000000,0.000000000,0.000000000,1.000000000
1403636727.526881218,2.363108005,4.036627100,0.012958728,0.000000000,0.000000000,0.000000000,1.000000000
1403636727.574881315,2.375159322,4.031174601,0.024008727,0.000000000,0.000000000,0.000000000,1.000000000
1403636727.628881216,2.388270999,4.025019132,0.035055459,0.000000000,0.000000000,0.000000000,1.000000000
1403636727.678881168,2.400933469,4.018907368,0.045706667,0.000000000,0.000000000,0.000000000,1.000000000
1403636727.725881338,2.410812855,4.009006151,0.058356392,0.000000000,0.000000000,0.000000000,1.000000000
1403636727.775881290,2.422664287,4.000605694,0.071920853,0.000000000,0.000000000,0.000000000,1.000000000
1403636727.827881336,2.435079880,3.992364215,0.087167688,0.000000000,0.000000000,0.000000000,1.000000000
1403636727.873881340,2.446170523,3.983787297,0.102937615,0.000000000,0.000000000,0.000000000,1.000000000
1403636727.924881220,2.458496462,3.974104457,0.121550199,0.000000000,0.000000000,0.000000000,1.000000000
1403636727.974881172,2.470358425,3.963833779,0.141583738,0.000000000,0.000000000,0.000000000,1.000000000
1403636728.027881384,2.482238799,3.951495935,0.163238948,0.000000000,0.000000000,0.000000000,1.000000000
1403636728.075881243,2.493646433,3.939811118,0.182775304,0.000000000,0.000000000,0.000000000,1.000000000
1403636728.127881289,2.501256270,3.920067338,0.204565305,0.000000000,0.000000000,0.000000000,1.000000000
1403636728.228881359,2.523445563,3.893024110,0.237116353,0.000000000,0.000000000,0.000000000,1.000000000
1403636728.277881384,2.534602560,3.879043560,0.250746750,0.000000000,0.000000000,0.000000000,1.000000000
1403636728.328881264,2.545624048,3.863447483,0.263266180,0.000000000,0.000000000,0.000000000,1.000000000
1403636728.374881268,2.555618171,3.848838744,0.273186927,0.000000000,0.000000000,0.000000000,1.000000000
1403636728.428881168,2.567431482,3.831675420,0.283090249,0.000000000,0.000000000,0.000000000,1.000000000
1403636728.474881172,2.571318632,3.807333073,0.293170357,0.000000000,0.000000000,0.000000000,1.000000000
1403636728.525881290,2.582079926,3.789599190,0.299666824,0.000000000,0.000000000,0.000000000,1.000000000
1403636728.574881315,2.593392254,3.773332472,0.304383828,0.000000000,0.000000000,0.000000000,1.000000000
1403636728.675881386,2.617327419,3.739644537,0.309985541,0.000000000,0.000000000,0.000000000,1.000000000
1403636728.728881359,2.629714602,3.721167522,0.311058977,0.000000000,0.000000000,0.000000000,1.000000000
1403636728.776881218,2.641695149,3.705066235,0.311082859,0.000000000,0.000000000,0.000000000,1.000000000
1403636728.827881336,2.654538111,3.687168880,0.311719571,0.000000000,0.000000000,0.000000000,1.000000000
1403636728.877881289,2.661797859,3.666179076,0.314323655,0.000000000,0.000000000,0.000000000,1.000000000
1403636728.976881266,2.690388930,3.631469167,0.323347853,0.000000000,0.000000000,0.000000000,1.000000000
1403636729.027881384,2.705138549,3.613697082,0.330232381,0.000000000,0.000000000,0.000000000,1.000000000
1403636729.075881243,2.718711835,3.596839680,0.337652378,0.000000000,0.000000000,0.000000000,1.000000000
1403636729.124881268,2.733721889,3.579860218,0.344478977,0.000000000,0.000000000,0.000000000,1.000000000
1403636729.173881292,2.748899371,3.562183061,0.349999507,0.000000000,0.000000000,0.000000000,1.000000000
1403636729.224881172,2.760969335,3.538995270,0.355735519,0.000000000,0.000000000,0.000000000,1.000000000
1403636729.277881384,2.777331907,3.520432085,0.358304391,0.000000000,0.000000000,0.000000000,1.000000000
1403636729.327881336,2.793427874,3.501494326,0.359590111,0.000000000,0.000000000,0.000000000,1.000000000
1403636729.427881241,2.825817961,3.463168955,0.358802520,0.000000000,0.000000000,0.000000000,1.000000000
1403636729.475881338,2.840641515,3.442514293,0.357350943,0.000000000,0.000000000,0.000000000,1.000000000
1403636729.525881290,2.855158639,3.419209303,0.355787803,0.000000000,0.000000000,0.000000000,1.000000000
1403636729.575881243,2.872431742,3.398412660,0.353137143,0.000000000,0.000000000,0.000000000,1.000000000
1403636729.675881386,2.907023999,3.355180778,0.353031513,0.000000000,0.000000000,0.000000000,1.000000000
1403636729.725881338,2.924781301,3.332541227,0.356146738,0.000000000,0.000000000,0.000000000,1.000000000
1403636729.775881290,2.942637075,3.310175324,0.361014034,0.000000000,0.000000000,0.000000000,1.000000000
1403636729.830881357,2.962828100,3.286104044,0.367749939,0.000000000,0.000000000,0.000000000,1.000000000
1403636729.874881268,2.975025376,3.261455849,0.376843079,0.000000000,0.000000000,0.000000000,1.000000000
1403636729.974881172,3.011913368,3.215713228,0.391966885,0.000000000,0.000000000,0.000000000,1.000000000
1403636730.025881290,3.031859695,3.193106806,0.397395243,0.000000000,0.000000000,0.000000000,1.000000000
1403636730.073881388,3.049703461,3.170401002,0.401664486,0.000000000,0.000000000,0.000000000,1.000000000
1403636730.124881268,3.068214594,3.146354553,0.404705554,0.000000000,0.000000000,0.000000000,1.000000000
1403636730.175881386,3.086351084,3.123351210,0.406357294,0.000000000,0.000000000,0.000000000,1.000000000
1403636730.225881338,3.104503652,3.099669423,0.406902942,0.000000000,0.000000000,0.000000000,1.000000000
1403636730.274881363,3.121293377,3.076738576,0.406469709,0.000000000,0.000000000,0.000000000,1.000000000
1403636730.326881170,3.136619355,3.051893572,0.405470206,0.000000000,0.000000000,0.000000000,1.000000000
1403636730.376881361,3.153740162,3.028810445,0.402911597,0.000000000,0.000000000,0.000000000,1.000000000
1403636730.473881245,3.186470478,2.985579276,0.395443319,0.000000000,0.000000000,0.000000000,1.000000000
1403636730.526881218,3.202812493,2.961592762,0.390375066,0.000000000,0.000000000,0.000000000,1.000000000
1403636730.628881216,3.232934043,2.917798809,0.382007267,0.000000000,0.000000000,0.000000000,1.000000000
1403636730.725881338,3.255082010,2.874322408,0.381846428,0.000000000,0.000000000,0.000000000,1.000000000
1403636730.774881363,3.266777999,2.854157421,0.384345204,0.000000000,0.000000000,0.000000000,1.000000000
1403636730.824881315,3.278727352,2.834263672,0.388753773,0.000000000,0.000000000,0.000000000,1.000000000
1403636730.873881340,3.288728007,2.815683212,0.395231411,0.000000000,0.000000000,0.000000000,1.000000000
1403636730.976881266,3.297903222,2.771798802,0.416665647,0.000000000,0.000000000,0.000000000,1.000000000
1403636731.077881336,3.316594323,2.744029441,0.435978838,0.000000000,0.000000000,0.000000000,1.000000000
1403636731.128881216,3.320833176,2.728113253,0.445785992,0.000000000,0.000000000,0.000000000,1.000000000
1403636731.173881292,3.323830462,2.714440985,0.453518162,0.000000000,0.000000000,0.000000000,1.000000000
1403636731.228881359,3.329034844,2.701003626,0.460625584,0.000000000,0.000000000,0.000000000,1.000000000
1403636731.277881384,3.332416939,2.689081164,0.466010483,0.000000000,0.000000000,0.000000000,1.000000000
1403636731.326881170,3.335941967,2.678037440,0.470012497,0.000000000,0.000000000,0.000000000,1.000000000
1403636731.375881195,3.336407129,2.665732480,0.473751305,0.000000000,0.000000000,0.000000000,1.000000000
1403636731.478881359,3.343803510,2.647599539,0.476548452,0.000000000,0.000000000,0.000000000,1.000000000
1403636731.525881290,3.347070024,2.640106278,0.476438255,0.000000000,0.000000000,0.000000000,1.000000000
1403636731.573881388,3.350898589,2.633201580,0.475461928,0.000000000,0.000000000,0.000000000,1.000000000
1403636731.628881216,3.355680066,2.626257425,0.473290004,0.000000000,0.000000000,0.000000000,1.000000000
1403636731.673881292,3.359275482,2.620778775,0.471050520,0.000000000,0.000000000,0.000000000,1.000000000
1403636731.725881338,3.365194258,2.616499322,0.466724997,0.000000000,0.000000000,0.000000000,1.000000000
1403636731.773881197,3.369928289,2.611910853,0.462063532,0.000000000,0.000000000,0.000000000,1.000000000
1403636731.828881264,3.375455848,2.607302562,0.455769948,0.000000000,0.000000000,0.000000000,1.000000000
1403636731.873881340,3.380339933,2.603479962,0.449430912,0.000000000,0.000000000,0.000000000,1.000000000
1403636731.927881241,3.385423124,2.598597727,0.441191399,0.000000000,0.000000000,0.000000000,1.000000000
1403636731.977881193,3.391378887,2.595718976,0.432449215,0.000000000,0.000000000,0.000000000,1.000000000
1403636732.027881384,3.400923596,2.595623744,0.421356265,0.000000000,0.000000000,0.000000000,1.000000000
1403636732.073881388,3.406987476,2.593768461,0.411514798,0.000000000,0.000000000,0.000000000,1.000000000
1403636732.124881268,3.413697867,2.591934697,0.399798383,0.000000000,0.000000000,0.000000000,1.000000000
1403636732.227881193,3.426482016,2.587663674,0.373402795,0.000000000,0.000000000,0.000000000,1.000000000
1403636732.325881243,3.440027587,2.584822183,0.345349329,0.000000000,0.000000000,0.000000000,1.000000000
1403636732.374881268,3.447128673,2.583210472,0.332100893,0.000000000,0.000000000,0.000000000,1.000000000
1403636732.474881172,3.468806377,2.584960082,0.308432283,0.000000000,0.000000000,0.000000000,1.000000000
1403636732.525881290,3.477643076,2.583328007,0.300523432,0.000000000,0.000000000,0.000000000,1.000000000
1403636732.576881170,3.486811609,2.580535983,0.294890246,0.000000000,0.000000000,0.000000000,1.000000000
1403636732.627881289,3.496189398,2.576540765,0.291087120,0.000000000,0.000000000,0.000000000,1.000000000
1403636732.676881313,3.506260295,2.572335362,0.288910907,0.000000000,0.000000000,0.000000000,1.000000000
1403636732.726881266,3.516666513,2.566659990,0.288394738,0.000000000,0.000000000,0.000000000,1.000000000
1403636732.776881218,3.531150786,2.562526252,0.288169174,0.000000000,0.000000000,0.000000000,1.000000000
1403636732.827881336,3.563158888,2.568996803,0.283099727,0.000000000,0.000000000,0.000000000,1.000000000
1403636732.927881241,3.578165714,2.542086154,0.296897970,0.000000000,0.000000000,0.000000000,1.000000000
1403636732.976881266,3.585484137,2.526372695,0.304515177,0.000000000,0.000000000,0.000000000,1.000000000
1403636733.027881384,3.597190619,2.511975421,0.309353715,0.000000000,0.000000000,0.000000000,1.000000000
1403636733.077881336,3.610383495,2.498941054,0.314229015,0.000000000,0.000000000,0.000000000,1.000000000
1403636733.176881313,3.643986560,2.465109656,0.319344166,0.000000000,0.000000000,0.000000000,1.000000000
1403636733.227881193,3.660748041,2.446822290,0.321578824,0.000000000,0.000000000,0.000000000,1.000000000
1403636733.276881218,3.678105689,2.429625449,0.324571461,0.000000000,0.000000000,0.000000000,1.000000000
1403636733.326881170,3.697950204,2.412723932,0.328725762,0.000000000,0.000000000,0.000000000,1.000000000
1403636733.376881361,3.716811393,2.392737253,0.335742527,0.000000000,0.000000000,0.000000000,1.000000000
1403636733.475881338,3.754267745,2.352691056,0.354823452,0.000000000,0.000000000,0.000000000,1.000000000
1403636733.527881384,3.773255276,2.330444839,0.367818189,0.000000000,0.000000000,0.000000000,1.000000000
1403636733.575881243,3.792396435,2.309631108,0.381112012,0.000000000,0.000000000,0.000000000,1.000000000
1403636733.626881361,3.811590726,2.287266019,0.396402904,0.000000000,0.000000000,0.000000000,1.000000000
1403636733.726881266,3.851307460,2.243619593,0.424283928,0.000000000,0.000000000,0.000000000,1.000000000
1403636733.774881363,3.869091666,2.222464097,0.435720503,0.000000000,0.000000000,0.000000000,1.000000000
1403636733.826881170,3.889287700,2.198622638,0.446937970,0.000000000,0.000000000,0.000000000,1.000000000
1403636733.874881268,3.905907464,2.177319821,0.455504917,0.000000000,0.000000000,0.000000000,1.000000000
1403636733.923881292,3.924855769,2.154906092,0.462481255,0.000000000,0.000000000,0.000000000,1.000000000
1403636733.974881172,3.942199751,2.132207295,0.468061277,0.000000000,0.000000000,0.000000000,1.000000000
1403636734.025881290,3.959287561,2.109051606,0.472531349,0.000000000,0.000000000,0.000000000,1.000000000
1403636734.074881315,3.979005021,2.088096104,0.474523578,0.000000000,0.000000000,0.000000000,1.000000000
1403636734.125881195,3.996489226,2.064334726,0.476421118,0.000000000,0.000000000,0.000000000,1.000000000
1403636734.224881172,4.029769404,2.017758288,0.477941861,0.000000000,0.000000000,0.000000000,1.000000000
1403636734.327881336,4.062279802,1.969476242,0.480792153,0.000000000,0.000000000,0.000000000,1.000000000
1403636734.376881361,4.077953573,1.946023275,0.484714470,0.000000000,0.000000000,0.000000000,1.000000000
1403636734.478881359,4.113564905,1.898606477,0.497584769,0.000000000,0.000000000,0.000000000,1.000000000
1403636734.524881363,4.128652759,1.875371230,0.506655664,0.000000000,0.000000000,0.000000000,1.000000000
1403636734.576881170,4.144895160,1.850370810,0.518130080,0.000000000,0.000000000,0.000000000,1.000000000
1403636734.627881289,4.161834865,1.825866986,0.529788170,0.000000000,0.000000000,0.000000000,1.000000000
1403636734.677881241,4.178095908,1.801877928,0.540514029,0.000000000,0.000000000,0.000000000,1.000000000
1403636734.726881266,4.193894904,1.777895872,0.550208047,0.000000000,0.000000000,0.000000000,1.000000000
1403636734.775881290,4.212377348,1.756148885,0.557246157,0.000000000,0.000000000,0.000000000,1.000000000
1403636734.828881264,4.228380979,1.731635615,0.563786051,0.000000000,0.000000000,0.000000000,1.000000000
1403636734.873881340,4.242419738,1.710231278,0.568024978,0.000000000,0.000000000,0.000000000,1.000000000
1403636734.974881172,4.271595437,1.664001325,0.572490327,0.000000000,0.000000000,0.000000000,1.000000000
1403636735.024881363,4.284783951,1.641326260,0.572740421,0.000000000,0.000000000,0.000000000,1.000000000
1403636735.073881388,4.298146396,1.619846953,0.571557175,0.000000000,0.000000000,0.000000000,1.000000000
1403636735.125881195,4.310544296,1.597147765,0.569513505,0.000000000,0.000000000,0.000000000,1.000000000
1403636735.224881172,4.340261594,1.555786037,0.561880508,0.000000000,0.000000000,0.000000000,1.000000000
1403636735.275881290,4.350439795,1.534365215,0.558699711,0.000000000,0.000000000,0.000000000,1.000000000
1403636735.324881315,4.360502310,1.513636611,0.556691330,0.000000000,0.000000000,0.000000000,1.000000000
1403636735.376881361,4.370855737,1.492937873,0.556633564,0.000000000,0.000000000,0.000000000,1.000000000
1403636735.424881220,4.379978517,1.473663556,0.558645504,0.000000000,0.000000000,0.000000000,1.000000000
1403636735.475881338,4.389570677,1.454128897,0.562934605,0.000000000,0.000000000,0.000000000,1.000000000
1403636735.525881290,4.400008982,1.436030309,0.568888195,0.000000000,0.000000000,0.000000000,1.000000000
1403636735.574881315,4.407613470,1.418421724,0.577907506,0.000000000,0.000000000,0.000000000,1.000000000
1403636735.677881241,4.423657544,1.383503371,0.602000256,0.000000000,0.000000000,0.000000000,1.000000000
1403636735.728881359,4.430752026,1.366826025,0.616816639,0.000000000,0.000000000,0.000000000,1.000000000
1403636735.776881218,4.436212459,1.351330350,0.631185735,0.000000000,0.000000000,0.000000000,1.000000000
1403636735.828881264,4.442508475,1.336093694,0.645336569,0.000000000,0.000000000,0.000000000,1.000000000
1403636735.876881361,4.448036619,1.321931850,0.657675548,0.000000000,0.000000000,0.000000000,1.000000000
1403636735.978881359,4.458036744,1.293949086,0.678545577,0.000000000,0.000000000,0.000000000,1.000000000
1403636736.073881388,4.467073302,1.268261656,0.693449153,0.000000000,0.000000000,0.000000000,1.000000000
1403636736.125881195,4.471218393,1.254343565,0.700526003,0.000000000,0.000000000,0.000000000,1.000000000
1403636736.174881220,4.476309028,1.240894513,0.708060206,0.000000000,0.000000000,0.000000000,1.000000000
1403636736.227881193,4.478004990,1.228419809,0.716085315,0.000000000,0.000000000,0.000000000,1.000000000
1403636736.273881197,4.481080900,1.218614052,0.724408292,0.000000000,0.000000000,0.000000000,1.000000000
1403636736.324881315,4.484207555,1.207190142,0.736852252,0.000000000,0.000000000,0.000000000,1.000000000
1403636736.425881386,4.490824499,1.184030256,0.764640258,0.000000000,0.000000000,0.000000000,1.000000000
1403636736.475881338,4.493760652,1.172653616,0.777241283,0.000000000,0.000000000,0.000000000,1.000000000
1403636736.525881290,4.497507253,1.161279862,0.788775966,0.000000000,0.000000000,0.000000000,1.000000000
1403636736.577881336,4.499252339,1.148884783,0.799580139,0.000000000,0.000000000,0.000000000,1.000000000
1403636736.627881289,4.503524304,1.136957591,0.807618539,0.000000000,0.000000000,0.000000000,1.000000000
1403636736.726881266,4.510487320,1.111812082,0.818984275,0.000000000,0.000000000,0.000000000,1.000000000
1403636736.826881170,4.517015397,1.084643256,0.825362402,0.000000000,0.000000000,0.000000000,1.000000000
1403636736.877881289,4.520764853,1.069851958,0.826860412,0.000000000,0.000000000,0.000000000,1.000000000
1403636736.928881168,4.524531559,1.054263641,0.827573559,0.000000000,0.000000000,0.000000000,1.000000000
1403636736.977881193,4.528202492,1.038475663,0.827716239,0.000000000,0.000000000,0.000000000,1.000000000
1403636737.028881311,4.531991242,1.021371452,0.827043310,0.000000000,0.000000000,0.000000000,1.000000000
1403636737.074881315,4.534465594,1.004932943,0.825938325,0.000000000,0.000000000,0.000000000,1.000000000
1403636737.174881220,4.543759017,0.968370890,0.821091913,0.000000000,0.000000000,0.000000000,1.000000000
1403636737.225881338,4.547361030,0.948806718,0.817594060,0.000000000,0.000000000,0.000000000,1.000000000
1403636737.276881218,4.552730589,0.929638163,0.813264062,0.000000000,0.000000000,0.000000000,1.000000000
1403636737.327881336,4.557095725,0.909431880,0.808337661,0.000000000,0.000000000,0.000000000,1.000000000
1403636737.375881195,4.561222680,0.889509468,0.802861160,0.000000000,0.000000000,0.000000000,1.000000000
1403636737.475881338,4.570003452,0.850227070,0.791220367,0.000000000,0.000000000,0.000000000,1.000000000
1403636737.525881290,4.574933541,0.830662180,0.786569961,0.000000000,0.000000000,0.000000000,1.000000000
1403636737.575881243,4.580050588,0.811103873,0.783713125,0.000000000,0.000000000,0.000000000,1.000000000
1403636737.624881268,4.586214168,0.792089651,0.782156334,0.000000000,0.000000000,0.000000000,1.000000000
1403636737.726881266,4.595195447,0.755208740,0.786736190,0.000000000,0.000000000,0.000000000,1.000000000
1403636737.775881290,4.598104848,0.735498221,0.791509017,0.000000000,0.000000000,0.000000000,1.000000000
1403636737.874881268,4.605689181,0.700754052,0.805697340,0.000000000,0.000000000,0.000000000,1.000000000
1403636737.928881168,4.611613782,0.684186131,0.814990755,0.000000000,0.000000000,0.000000000,1.000000000
1403636737.976881266,4.614329719,0.669238568,0.825472339,0.000000000,0.000000000,0.000000000,1.000000000
1403636738.026881218,4.617184172,0.654849050,0.837981729,0.000000000,0.000000000,0.000000000,1.000000000
1403636738.078881264,4.620050338,0.641534647,0.852208455,0.000000000,0.000000000,0.000000000,1.000000000
1403636738.126881361,4.621870782,0.629541805,0.868161038,0.000000000,0.000000000,0.000000000,1.000000000
1403636738.174881220,4.620520709,0.618754284,0.885087486,0.000000000,0.000000000,0.000000000,1.000000000
1403636738.225881338,4.622328759,0.608284026,0.903805039,0.000000000,0.000000000,0.000000000,1.000000000
1403636738.274881363,4.623741221,0.599000934,0.921381634,0.000000000,0.000000000,0.000000000,1.000000000
1403636738.325881243,4.623937230,0.590205380,0.938514386,0.000000000,0.000000000,0.000000000,1.000000000
1403636738.424881220,4.625145062,0.575599351,0.967480619,0.000000000,0.000000000,0.000000000,1.000000000
1403636738.473881245,4.625231648,0.569333978,0.979242325,0.000000000,0.000000000,0.000000000,1.000000000
1403636738.525881290,4.625091285,0.563544538,0.989810938,0.000000000,0.000000000,0.000000000,1.000000000
1403636738.575881243,4.622684326,0.558131671,0.998859498,0.000000000,0.000000000,0.000000000,1.000000000
1403636738.625881195,4.622032297,0.553327359,1.006258545,0.000000000,0.000000000,0.000000000,1.000000000
1403636738.726881266,4.619853078,0.546245329,1.015981050,0.000000000,0.000000000,0.000000000,1.000000000
1403636738.774881363,4.618402858,0.543554429,1.018440441,0.000000000,0.000000000,0.000000000,1.000000000
1403636738.828881264,4.616736955,0.541209723,1.019239010,0.000000000,0.000000000,0.000000000,1.000000000
1403636738.873881340,4.613801344,0.539800490,1.018625263,0.000000000,0.000000000,0.000000000,1.000000000
1403636738.976881266,4.607156722,0.539656241,1.013028925,0.000000000,0.000000000,0.000000000,1.000000000
1403636739.026881218,4.607335692,0.541230800,1.006928812,0.000000000,0.000000000,0.000000000,1.000000000
1403636739.128881216,4.603898802,0.547420297,0.991364908,0.000000000,0.000000000,0.000000000,1.000000000
1403636739.177881241,4.602326464,0.551996996,0.982164809,0.000000000,0.000000000,0.000000000,1.000000000
1403636739.228881359,4.601408725,0.557602690,0.971124539,0.000000000,0.000000000,0.000000000,1.000000000
1403636739.273881197,4.601478657,0.563165746,0.960096688,0.000000000,0.000000000,0.000000000,1.000000000
1403636739.325881243,4.600936397,0.572184397,0.947805123,0.000000000,0.000000000,0.000000000,1.000000000
1403636739.375881195,4.600563272,0.576749398,0.932736016,0.000000000,0.000000000,0.000000000,1.000000000
1403636739.475881338,4.602006733,0.592388463,0.903622215,0.000000000,0.000000000,0.000000000,1.000000000
1403636739.524881363,4.603061832,0.601119658,0.889283174,0.000000000,0.000000000,0.000000000,1.000000000
1403636739.574881315,4.603246710,0.610191054,0.876793032,0.000000000,0.000000000,0.000000000,1.000000000
1403636739.624881268,4.609535907,0.620225126,0.865559805,0.000000000,0.000000000,0.000000000,1.000000000
1403636739.673881292,4.610204190,0.629620198,0.857516717,0.000000000,0.000000000,0.000000000,1.000000000
1403636739.724881172,4.612048399,0.639584062,0.851367281,0.000000000,0.000000000,0.000000000,1.000000000
1403636739.773881197,4.613211387,0.649037153,0.847290067,0.000000000,0.000000000,0.000000000,1.000000000
1403636739.824881315,4.615597820,0.658599754,0.844903462,0.000000000,0.000000000,0.000000000,1.000000000
1403636739.873881340,4.617085159,0.667696030,0.843027273,0.000000000,0.000000000,0.000000000,1.000000000
1403636739.927881241,4.620216624,0.678186400,0.839920440,0.000000000,0.000000000,0.000000000,1.000000000
1403636739.976881266,4.622364492,0.687342896,0.835849947,0.000000000,0.000000000,0.000000000,1.000000000
1403636740.025881290,4.628156420,0.697353046,0.829744032,0.000000000,0.000000000,0.000000000,1.000000000
1403636740.074881315,4.630820249,0.706705439,0.822685895,0.000000000,0.000000000,0.000000000,1.000000000
1403636740.124881268,4.634218521,0.716454151,0.814267059,0.000000000,0.000000000,0.000000000,1.000000000
1403636740.228881359,4.639323085,0.736023102,0.793705319,0.000000000,0.000000000,0.000000000,1.000000000
1403636740.324881315,4.644019455,0.754227370,0.770102321,0.000000000,0.000000000,0.000000000,1.000000000
1403636740.375881195,4.652460476,0.763918014,0.755701822,0.000000000,0.000000000,0.000000000,1.000000000
1403636740.473881245,4.658306346,0.781451107,0.727518723,0.000000000,0.000000000,0.000000000,1.000000000
1403636740.527881384,4.660163325,0.790303485,0.710709329,0.000000000,0.000000000,0.000000000,1.000000000
1403636740.574881315,4.663274871,0.798212210,0.694676388,0.000000000,0.000000000,0.000000000,1.000000000
1403636740.628881216,4.665733566,0.806608912,0.675760024,0.000000000,0.000000000,0.000000000,1.000000000
1403636740.677881241,4.668557287,0.814050586,0.658400632,0.000000000,0.000000000,0.000000000,1.000000000
1403636740.727881193,4.678397717,0.822008767,0.640781200,0.000000000,0.000000000,0.000000000,1.000000000
1403636740.774881363,4.680946881,0.828232387,0.627022118,0.000000000,0.000000000,0.000000000,1.000000000
1403636740.828881264,4.684220766,0.835829956,0.613151153,0.000000000,0.000000000,0.000000000,1.000000000
1403636740.874881268,4.688135255,0.842682600,0.602156788,0.000000000,0.000000000,0.000000000,1.000000000
1403636740.975881338,4.695923730,0.856075515,0.580108046,0.000000000,0.000000000,0.000000000,1.000000000
1403636741.025881290,4.699646855,0.862243471,0.567944417,0.000000000,0.000000000,0.000000000,1.000000000
1403636741.076881170,4.704040554,0.868053205,0.553790040,0.000000000,0.000000000,0.000000000,1.000000000
1403636741.126881361,4.715890400,0.874723862,0.536486904,0.000000000,0.000000000,0.000000000,1.000000000
1403636741.226881266,4.723353734,0.883208201,0.500099592,0.000000000,0.000000000,0.000000000,1.000000000
1403636741.276881218,4.727593268,0.886985016,0.479472604,0.000000000,0.000000000,0.000000000,1.000000000
1403636741.326881170,4.731547908,0.890175597,0.457412282,0.000000000,0.000000000,0.000000000,1.000000000
1403636741.375881195,4.736325587,0.893001368,0.434476702,0.000000000,0.000000000,0.000000000,1.000000000
1403636741.428881168,4.740457670,0.895033059,0.408499942,0.000000000,0.000000000,0.000000000,1.000000000
1403636741.477881193,4.754531285,0.898343533,0.381941547,0.000000000,0.000000000,0.000000000,1.000000000
1403636741.525881290,4.758075533,0.899309564,0.358038638,0.000000000,0.000000000,0.000000000,1.000000000
1403636741.575881243,4.762867337,0.900040712,0.335207424,0.000000000,0.000000000,0.000000000,1.000000000
1403636741.626881361,4.765883782,0.900366972,0.313729093,0.000000000,0.000000000,0.000000000,1.000000000
1403636741.727881193,4.775091314,0.902728423,0.277211689,0.000000000,0.000000000,0.000000000,1.000000000
1403636741.776881218,4.780247208,0.904200314,0.261626873,0.000000000,0.000000000,0.000000000,1.000000000
1403636741.827881336,4.792215678,0.907792839,0.245650317,0.000000000,0.000000000,0.000000000,1.000000000
1403636741.876881361,4.795927235,0.910350382,0.233622463,0.000000000,0.000000000,0.000000000,1.000000000
1403636741.976881266,4.802664944,0.916804390,0.212157079,0.000000000,0.000000000,0.000000000,1.000000000
1403636742.025881290,4.806148214,0.920416263,0.200281047,0.000000000,0.000000000,0.000000000,1.000000000
1403636742.078881264,4.808848251,0.924443779,0.185917742,0.000000000,0.000000000,0.000000000,1.000000000
1403636742.124881268,4.811453668,0.928174203,0.171140297,0.000000000,0.000000000,0.000000000,1.000000000
1403636742.174881220,4.813380288,0.932373395,0.154399094,0.000000000,0.000000000,0.000000000,1.000000000
1403636742.225881338,4.818855799,0.937776921,0.136266707,0.000000000,0.000000000,0.000000000,1.000000000
1403636742.274881363,4.818896753,0.942615236,0.121140712,0.000000000,0.000000000,0.000000000,1.000000000
1403636742.325881243,4.818348502,0.947582481,0.107891833,0.000000000,0.000000000,0.000000000,1.000000000
1403636742.376881361,4.817203946,0.952816120,0.096546461,0.000000000,0.000000000,0.000000000,1.000000000
1403636742.425881386,4.816432820,0.958334585,0.086770998,0.000000000,0.000000000,0.000000000,1.000000000
1403636742.476881266,4.814199956,0.963585269,0.079137536,0.000000000,0.000000000,0.000000000,1.000000000
1403636742.526881218,4.812245124,0.969441016,0.072914739,0.000000000,0.000000000,0.000000000,1.000000000
1403636742.576881170,4.809675812,0.975462391,0.068363499,0.000000000,0.000000000,0.000000000,1.000000000
1403636742.627881289,4.806302566,0.982012704,0.065087227,0.000000000,0.000000000,0.000000000,1.000000000
1403636742.726881266,4.799323380,0.995500095,0.061707813,0.000000000,0.000000000,0.000000000,1.000000000
1403636742.773881197,4.796454591,1.001828387,0.060084169,0.000000000,0.000000000,0.000000000,1.000000000
1403636742.826881170,4.792952020,1.008756292,0.056808173,0.000000000,0.000000000,0.000000000,1.000000000
1403636742.873881340,4.790152264,1.014945261,0.051860371,0.000000000,0.000000000,0.000000000,1.000000000
1403636742.926881313,4.786396475,1.021672722,0.044192786,0.000000000,0.000000000,0.000000000,1.000000000
1403636742.975881338,4.783359701,1.027752821,0.035012441,0.000000000,0.000000000,0.000000000,1.000000000
1403636743.026881218,4.781625076,1.034265741,0.023516779,0.000000000,0.000000000,0.000000000,1.000000000
1403636743.073881388,4.778802193,1.039771084,0.011370687,0.000000000,0.000000000,0.000000000,1.000000000
1403636743.125881195,4.776130408,1.045501329,-0.003422465,0.000000000,0.000000000,0.000000000,1.000000000
1403636743.224881172,4.774248359,1.058289526,-0.037532202,0.000000000,0.000000000,0.000000000,1.000000000
1403636743.274881363,4.771469810,1.065232095,-0.054609756,0.000000000,0.000000000,0.000000000,1.000000000
1403636743.325881243,4.768562443,1.072819273,-0.071427303,0.000000000,0.000000000,0.000000000,1.000000000
1403636743.374881268,4.764988968,1.080837889,-0.086504522,0.000000000,0.000000000,0.000000000,1.000000000
1403636743.427881241,4.760388115,1.090477635,-0.100138550,0.000000000,0.000000000,0.000000000,1.000000000
1403636743.474881172,4.756405586,1.101033875,-0.111139664,0.000000000,0.000000000,0.000000000,1.000000000
1403636743.524881363,4.751281921,1.113539036,-0.120825427,0.000000000,0.000000000,0.000000000,1.000000000
1403636743.575881243,4.745087170,1.127421975,-0.129353126,0.000000000,0.000000000,0.000000000,1.000000000
1403636743.624881268,4.737689528,1.142429066,-0.137252133,0.000000000,0.000000000,0.000000000,1.000000000
1403636743.726881266,4.720578875,1.176373535,-0.156248900,0.000000000,0.000000000,0.000000000,1.000000000
1403636743.777881384,4.710806784,1.194780825,-0.167753239,0.000000000,0.000000000,0.000000000,1.000000000
1403636743.826881170,4.700039946,1.214305612,-0.180896685,0.000000000,0.000000000,0.000000000,1.000000000
1403636743.877881289,4.688781044,1.233520927,-0.195232241,0.000000000,0.000000000,0.000000000,1.000000000
1403636743.974881172,4.667218653,1.273333856,-0.228009938,0.000000000,0.000000000,0.000000000,1.000000000
1403636744.025881290,4.655367127,1.294230452,-0.247320040,0.000000000,0.000000000,0.000000000,1.000000000
1403636744.075881243,4.643172926,1.314258333,-0.267639823,0.000000000,0.000000000,0.000000000,1.000000000
1403636744.125881195,4.630710556,1.333671747,-0.288574630,0.000000000,0.000000000,0.000000000,1.000000000
1403636744.175881386,4.618143269,1.353743612,-0.311589261,0.000000000,0.000000000,0.000000000,1.000000000
1403636744.275881290,4.594679760,1.392198311,-0.361307716,0.000000000,0.000000000,0.000000000,1.000000000
1403636744.324881315,4.583006667,1.410459467,-0.387227685,0.000000000,0.000000000,0.000000000,1.000000000
1403636744.428881168,4.557678409,1.446811935,-0.444766287,0.000000000,0.000000000,0.000000000,1.000000000
1403636744.473881245,4.547505910,1.462617763,-0.472494606,0.000000000,0.000000000,0.000000000,1.000000000
1403636744.529881239,4.534307013,1.480253604,-0.505183133,0.000000000,0.000000000,0.000000000,1.000000000
1403636744.578881264,4.529879496,1.498511568,-0.540087322,0.000000000,0.000000000,0.000000000,1.000000000
1403636744.627881289,4.520109119,1.515330306,-0.574505543,0.000000000,0.000000000,0.000000000,1.000000000
1403636744.728881359,4.501686360,1.546396847,-0.645672747,0.000000000,0.000000000,0.000000000,1.000000000
1403636744.774881363,4.495103047,1.560832731,-0.680413959,0.000000000,0.000000000,0.000000000,1.000000000
1403636744.828881264,4.486052202,1.576376722,-0.721144116,0.000000000,0.000000000,0.000000000,1.000000000
1403636744.874881268,4.480714005,1.589696002,-0.757620208,0.000000000,0.000000000,0.000000000,1.000000000
1403636744.925881386,4.475177782,1.604145078,-0.795421849,0.000000000,0.000000000,0.000000000,1.000000000
1403636744.974881172,4.471305495,1.617994585,-0.832115324,0.000000000,0.000000000,0.000000000,1.000000000
1403636745.028881311,4.480330026,1.637622766,-0.875860796,0.000000000,0.000000000,0.000000000,1.000000000
1403636745.077881336,4.476866068,1.650724144,-0.906815593,0.000000000,0.000000000,0.000000000,1.000000000
1403636745.128881216,4.474691108,1.664405016,-0.936831437,0.000000000,0.000000000,0.000000000,1.000000000
1403636745.226881266,4.469417848,1.692419222,-0.988418995,0.000000000,0.000000000,0.000000000,1.000000000
1403636745.276881218,4.470900546,1.704074631,-1.012382242,0.000000000,0.000000000,0.000000000,1.000000000
1403636745.327881336,4.469195091,1.717136097,-1.034423786,0.000000000,0.000000000,0.000000000,1.000000000
1403636745.376881361,4.477993669,1.734512191,-1.060486435,0.000000000,0.000000000,0.000000000,1.000000000
1403636745.477881193,4.473359986,1.761704999,-1.096620474,0.000000000,0.000000000,0.000000000,1.000000000
1403636745.524881363,4.470584805,1.777369019,-1.111744069,0.000000000,0.000000000,0.000000000,1.000000000
1403636745.574881315,4.469301721,1.789101380,-1.124776449,0.000000000,0.000000000,0.000000000,1.000000000
1403636745.625881195,4.467960046,1.801696737,-1.135149013,0.000000000,0.000000000,0.000000000,1.000000000
1403636745.673881292,4.466913674,1.815039214,-1.144433155,0.000000000,0.000000000,0.000000000,1.000000000
1403636745.725881338,4.468359611,1.830290306,-1.154357792,0.000000000,0.000000000,0.000000000,1.000000000
1403636745.774881363,4.464668004,1.845647463,-1.160313458,0.000000000,0.000000000,0.000000000,1.000000000
1403636745.825881243,4.463850907,1.854282737,-1.163972777,0.000000000,0.000000000,0.000000000,1.000000000
1403636745.875881195,4.462056441,1.864559071,-1.166022581,0.000000000,0.000000000,0.000000000,1.000000000
1403636745.925881386,4.460017595,1.874971220,-1.166275201,0.000000000,0.000000000,0.000000000,1.000000000
1403636745.974881172,4.458402999,1.884064554,-1.164637002,0.000000000,0.000000000,0.000000000,1.000000000
1403636746.024881363,4.457522089,1.892935035,-1.161896334,0.000000000,0.000000000,0.000000000,1.000000000
1403636746.074881315,4.456829897,1.900694196,-1.157522747,0.000000000,0.000000000,0.000000000,1.000000000
1403636746.124881268,4.452030148,1.905862299,-1.149384118,0.000000000,0.000000000,0.000000000,1.000000000
1403636746.174881220,4.449535363,1.911108515,-1.141452883,0.000000000,0.000000000,0.000000000,1.000000000
1403636746.224881172,4.445928196,1.915189336,-1.132031110,0.000000000,0.000000000,0.000000000,1.000000000
1403636746.274881363,4.443027130,1.918531244,-1.121922330,0.000000000,0.000000000,0.000000000,1.000000000
1403636746.324881315,4.439410643,1.920300986,-1.109943060,0.000000000,0.000000000,0.000000000,1.000000000
1403636746.374881268,4.435847845,1.921007638,-1.096508854,0.000000000,0.000000000,0.000000000,1.000000000
1403636746.424881220,4.432061760,1.919675009,-1.082809873,0.000000000,0.000000000,0.000000000,1.000000000
1403636746.474881172,4.428211309,1.916647943,-1.070445769,0.000000000,0.000000000,0.000000000,1.000000000
1403636746.525881290,4.415123227,1.908633158,-1.054292595,0.000000000,0.000000000,0.000000000,1.000000000
1403636746.574881315,4.410146968,1.903202638,-1.045624386,0.000000000,0.000000000,0.000000000,1.000000000
1403636746.677881241,4.398982170,1.889367805,-1.032583031,0.000000000,0.000000000,0.000000000,1.000000000
1403636746.727881193,4.392412107,1.881270279,-1.028644983,0.000000000,0.000000000,0.000000000,1.000000000
1403636746.776881218,4.385239293,1.872785959,-1.026030944,0.000000000,0.000000000,0.000000000,1.000000000
1403636746.826881170,4.379223634,1.864589042,-1.025453612,0.000000000,0.000000000,0.000000000,1.000000000
1403636746.874881268,4.366132887,1.854119204,-1.021738838,0.000000000,0.000000000,0.000000000,1.000000000
1403636746.974881172,4.351434198,1.838566573,-1.024495963,0.000000000,0.000000000,0.000000000,1.000000000
1403636747.025881290,4.344134378,1.832367318,-1.026732098,0.000000000,0.000000000,0.000000000,1.000000000
1403636747.075881243,4.335781376,1.826995120,-1.028045476,0.000000000,0.000000000,0.000000000,1.000000000
1403636747.125881195,4.327390785,1.823220595,-1.028257415,0.000000000,0.000000000,0.000000000,1.000000000
1403636747.178881168,4.318527370,1.820586270,-1.026341255,0.000000000,0.000000000,0.000000000,1.000000000
1403636747.226881266,4.310245069,1.818998159,-1.022675473,0.000000000,0.000000000,0.000000000,1.000000000
1403636747.273881197,4.301674235,1.818121459,-1.016880483,0.000000000,0.000000000,0.000000000,1.000000000
1403636747.328881264,4.284657667,1.815285025,-1.003742289,0.000000000,0.000000000,0.000000000,1.000000000
1403636747.375881195,4.277872838,1.816780621,-0.995266301,0.000000000,0.000000000,0.000000000,1.000000000
1403636747.477881193,4.258444278,1.819421510,-0.969507488,0.000000000,0.000000000,0.000000000,1.000000000
1403636747.573881388,4.238920811,1.821690196,-0.944060258,0.000000000,0.000000000,0.000000000,1.000000000
1403636747.627881289,4.228736371,1.823214168,-0.932803278,0.000000000,0.000000000,0.000000000,1.000000000
1403636747.725881338,4.196116077,1.820272041,-0.908184691,0.000000000,0.000000000,0.000000000,1.000000000
1403636747.773881197,4.184693873,1.820753205,-0.899812192,0.000000000,0.000000000,0.000000000,1.000000000
1403636747.826881170,4.172841218,1.821490239,-0.889831655,0.000000000,0.000000000,0.000000000,1.000000000
1403636747.873881340,4.159878710,1.821113634,-0.878315697,0.000000000,0.000000000,0.000000000,1.000000000
1403636747.925881386,4.147431392,1.821561672,-0.865243050,0.000000000,0.000000000,0.000000000,1.000000000
1403636747.974881172,4.134045592,1.821612287,-0.849766187,0.000000000,0.000000000,0.000000000,1.000000000
1403636748.024881363,4.106668361,1.815622818,-0.824532537,0.000000000,0.000000000,0.000000000,1.000000000
1403636748.073881388,4.094457355,1.816437877,-0.806281825,0.000000000,0.000000000,0.000000000,1.000000000
1403636748.173881292,4.069743083,1.818728483,-0.769565335,0.000000000,0.000000000,0.000000000,1.000000000
1403636748.226881266,4.057343595,1.820594960,-0.752802686,0.000000000,0.000000000,0.000000000,1.000000000
1403636748.275881290,4.045817981,1.822951138,-0.738436499,0.000000000,0.000000000,0.000000000,1.000000000
1403636748.328881264,4.023135047,1.820794924,-0.718994125,0.000000000,0.000000000,0.000000000,1.000000000
1403636748.377881289,4.012795894,1.823730597,-0.708585903,0.000000000,0.000000000,0.000000000,1.000000000
1403636748.477881193,3.991348352,1.830291739,-0.690727309,0.000000000,0.000000000,0.000000000,1.000000000
1403636748.524881363,3.981294458,1.834069497,-0.683473192,0.000000000,0.000000000,0.000000000,1.000000000
1403636748.576881170,3.971265212,1.838259109,-0.675794965,0.000000000,0.000000000,0.000000000,1.000000000
1403636748.629881382,3.961691293,1.842901880,-0.666863733,0.000000000,0.000000000,0.000000000,1.000000000
1403636748.673881292,3.942911549,1.842443795,-0.652050253,0.000000000,0.000000000,0.000000000,1.000000000
1403636748.728881359,3.933491434,1.847853924,-0.639826757,0.000000000,0.000000000,0.000000000,1.000000000
1403636748.773881197,3.924699675,1.852069431,-0.627415672,0.000000000,0.000000000,0.000000000,1.000000000
1403636748.829881191,3.915536771,1.857584547,-0.612208520,0.000000000,0.000000000,0.000000000,1.000000000
1403636748.925881386,3.897482718,1.866654088,-0.585055933,0.000000000,0.000000000,0.000000000,1.000000000
1403636748.974881172,3.889058707,1.871560882,-0.573365753,0.000000000,0.000000000,0.000000000,1.000000000
1403636749.025881290,3.873739598,1.873366641,-0.558871331,0.000000000,0.000000000,0.000000000,1.000000000
1403636749.074881315,3.866245501,1.878580842,-0.549666507,0.000000000,0.000000000,0.000000000,1.000000000
1403636749.125881195,3.859214261,1.884336986,-0.541364909,0.000000000,0.000000000,0.000000000,1.000000000
1403636749.175881386,3.853717637,1.890799149,-0.534119776,0.000000000,0.000000000,0.000000000,1.000000000
1403636749.225881338,3.848345480,1.897137592,-0.526705049,0.000000000,0.000000000,0.000000000,1.000000000
1403636749.274881363,3.843817942,1.903652313,-0.519815153,0.000000000,0.000000000,0.000000000,1.000000000
1403636749.325881243,3.837776440,1.909576965,-0.511619049,0.000000000,0.000000000,0.000000000,1.000000000
1403636749.375881195,3.835515185,1.917049466,-0.504103592,0.000000000,0.000000000,0.000000000,1.000000000
1403636749.476881266,3.832358281,1.931802353,-0.484073910,0.000000000,0.000000000,0.000000000,1.000000000
1403636749.575881243,3.832368934,1.946675843,-0.457427935,0.000000000,0.000000000,0.000000000,1.000000000
1403636749.626881361,3.833783550,1.954560276,-0.441914421,0.000000000,0.000000000,0.000000000,1.000000000
1403636749.724881172,3.833150534,1.966928971,-0.408528393,0.000000000,0.000000000,0.000000000,1.000000000
1403636749.774881363,3.833771444,1.973005789,-0.393545272,0.000000000,0.000000000,0.000000000,1.000000000
1403636749.825881243,3.834746840,1.979169923,-0.380116834,0.000000000,0.000000000,0.000000000,1.000000000
1403636749.875881195,3.835331284,1.984311046,-0.368463281,0.000000000,0.000000000,0.000000000,1.000000000
1403636749.924881220,3.835630349,1.988296439,-0.358550971,0.000000000,0.000000000,0.000000000,1.000000000
1403636749.976881266,3.836639350,1.991944985,-0.350011591,0.000000000,0.000000000,0.000000000,1.000000000
1403636750.027881384,3.835701917,1.993605436,-0.342529021,0.000000000,0.000000000,0.000000000,1.000000000
1403636750.077881336,3.836202023,1.995105643,-0.337306490,0.000000000,0.000000000,0.000000000,1.000000000
1403636750.175881386,3.837404087,1.994789502,-0.330011900,0.000000000,0.000000000,0.000000000,1.000000000
1403636750.226881266,3.838381787,1.993158864,-0.327170064,0.000000000,0.000000000,0.000000000,1.000000000
1403636750.326881170,3.841502829,1.986604349,-0.320028690,0.000000000,0.000000000,0.000000000,1.000000000
1403636750.374881268,3.841511189,1.980884957,-0.313349075,0.000000000,0.000000000,0.000000000,1.000000000
1403636750.474881172,3.846707171,1.968324837,-0.295259987,0.000000000,0.000000000,0.000000000,1.000000000
1403636750.575881243,3.853961039,1.952731706,-0.267885464,0.000000000,0.000000000,0.000000000,1.000000000
1403636750.674881220,3.862441918,1.935696176,-0.233497749,0.000000000,0.000000000,0.000000000,1.000000000
1403636750.724881172,3.860730621,1.923437624,-0.210586922,0.000000000,0.000000000,0.000000000,1.000000000
1403636750.774881363,3.865405635,1.914051665,-0.188735386,0.000000000,0.000000000,0.000000000,1.000000000
1403636750.825881243,3.869886982,1.904134840,-0.164850874,0.000000000,0.000000000,0.000000000,1.000000000
1403636750.924881220,3.878602214,1.883581997,-0.111682060,0.000000000,0.000000000,0.000000000,1.000000000
1403636750.973881245,3.883547981,1.873383654,-0.082870868,0.000000000,0.000000000,0.000000000,1.000000000
1403636751.025881290,3.888554182,1.862262043,-0.051511707,0.000000000,0.000000000,0.000000000,1.000000000
1403636751.075881243,3.882835102,1.846400108,-0.016643800,0.000000000,0.000000000,0.000000000,1.000000000
1403636751.126881361,3.887250103,1.835050487,0.014232433,0.000000000,0.000000000,0.000000000,1.000000000
1403636751.226881266,3.892974443,1.811319460,0.071429811,0.000000000,0.000000000,0.000000000,1.000000000
1403636751.277881384,3.896187040,1.799706108,0.097387587,0.000000000,0.000000000,0.000000000,1.000000000
1403636751.325881243,3.898476852,1.788613889,0.121931850,0.000000000,0.000000000,0.000000000,1.000000000
1403636751.373881340,3.898994165,1.777424451,0.145028853,0.000000000,0.000000000,0.000000000,1.000000000
1403636751.426881313,3.890616339,1.761488261,0.173220756,0.000000000,0.000000000,0.000000000,1.000000000
1403636751.474881172,3.890152541,1.750848764,0.194988837,0.000000000,0.000000000,0.000000000,1.000000000
1403636751.528881311,3.892328981,1.740750354,0.218924216,0.000000000,0.000000000,0.000000000,1.000000000
1403636751.574881315,3.889524415,1.733491205,0.238900200,0.000000000,0.000000000,0.000000000,1.000000000
1403636751.676881313,3.891043904,1.711161406,0.284178901,0.000000000,0.000000000,0.000000000,1.000000000
1403636751.727881193,3.884254848,1.698994896,0.307328162,0.000000000,0.000000000,0.000000000,1.000000000
1403636751.775881290,3.885538860,1.691726609,0.327172368,0.000000000,0.000000000,0.000000000,1.000000000
1403636751.826881170,3.886404099,1.685141483,0.346949485,0.000000000,0.000000000,0.000000000,1.000000000
1403636751.874881268,3.887338949,1.679763000,0.365226901,0.000000000,0.000000000,0.000000000,1.000000000
1403636751.924881220,3.888942447,1.675302887,0.383582614,0.000000000,0.000000000,0.000000000,1.000000000
1403636751.976881266,3.890197937,1.671595929,0.402156188,0.000000000,0.000000000,0.000000000,1.000000000
1403636752.025881290,3.890975950,1.668522385,0.420298069,0.000000000,0.000000000,0.000000000,1.000000000
1403636752.075881243,3.892199784,1.666569923,0.438018343,0.000000000,0.000000000,0.000000000,1.000000000
1403636752.129881382,3.889537383,1.664015992,0.457287105,0.000000000,0.000000000,0.000000000,1.000000000
1403636752.226881266,3.891971317,1.665539411,0.490202378,0.000000000,0.000000000,0.000000000,1.000000000
1403636752.273881197,3.892809765,1.667310084,0.505083958,0.000000000,0.000000000,0.000000000,1.000000000
1403636752.328881264,3.893713189,1.669738781,0.521571704,0.000000000,0.000000000,0.000000000,1.000000000
1403636752.375881195,3.893843842,1.672470009,0.535745186,0.000000000,0.000000000,0.000000000,1.000000000
1403636752.426881313,3.894144583,1.675796177,0.551882134,0.000000000,0.000000000,0.000000000,1.000000000
1403636752.473881245,3.891746119,1.677734349,0.568503870,0.000000000,0.000000000,0.000000000,1.000000000
1403636752.527881384,3.892606735,1.681654779,0.588702766,0.000000000,0.000000000,0.000000000,1.000000000
1403636752.573881388,3.892267227,1.684691837,0.607325524,0.000000000,0.000000000,0.000000000,1.000000000
1403636752.673881292,3.893516879,1.691405673,0.650791754,0.000000000,0.000000000,0.000000000,1.000000000
1403636752.725881338,3.894473170,1.694778284,0.672368449,0.000000000,0.000000000,0.000000000,1.000000000
1403636752.777881384,3.895034571,1.698126467,0.692574412,0.000000000,0.000000000,0.000000000,1.000000000
1403636752.827881336,3.895282693,1.701076932,0.710901080,0.000000000,0.000000000,0.000000000,1.000000000
1403636752.876881361,3.896186124,1.703860480,0.727009166,0.000000000,0.000000000,0.000000000,1.000000000
1403636752.976881266,3.898250401,1.708370390,0.753412662,0.000000000,0.000000000,0.000000000,1.000000000
1403636753.027881384,3.899449792,1.710374927,0.764345782,0.000000000,0.000000000,0.000000000,1.000000000
1403636753.075881243,3.899631217,1.711199529,0.773151082,0.000000000,0.000000000,0.000000000,1.000000000
1403636753.127881289,3.900551795,1.712317798,0.780764126,0.000000000,0.000000000,0.000000000,1.000000000
1403636753.176881313,3.901242871,1.713001949,0.786161675,0.000000000,0.000000000,0.000000000,1.000000000
1403636753.227881193,3.901026164,1.712727956,0.790383763,0.000000000,0.000000000,0.000000000,1.000000000
1403636753.277881384,3.901202190,1.713131321,0.792327806,0.000000000,0.000000000,0.000000000,1.000000000
1403636753.374881268,3.899601561,1.709248562,0.792420830,0.000000000,0.000000000,0.000000000,1.000000000
1403636753.425881386,3.899264742,1.706249994,0.789433097,0.000000000,0.000000000,0.000000000,1.000000000
1403636753.474881172,3.897120822,1.702163088,0.786089707,0.000000000,0.000000000,0.000000000,1.000000000
1403636753.525881290,3.895085628,1.697320521,0.781581822,0.000000000,0.000000000,0.000000000,1.000000000
1403636753.575881243,3.893350296,1.692216488,0.778131314,0.000000000,0.000000000,0.000000000,1.000000000
1403636753.626881361,3.887495081,1.684667859,0.776599146,0.000000000,0.000000000,0.000000000,1.000000000
1403636753.725881338,3.881750656,1.670077338,0.777195020,0.000000000,0.000000000,0.000000000,1.000000000
1403636753.825881243,3.877268903,1.649821337,0.783640405,0.000000000,0.000000000,0.000000000,1.000000000
1403636753.874881268,3.874292222,1.642585503,0.786687959,0.000000000,0.000000000,0.000000000,1.000000000
1403636753.927881241,3.871320939,1.632495470,0.789247898,0.000000000,0.000000000,0.000000000,1.000000000
1403636753.975881338,3.862903158,1.619281682,0.791042998,0.000000000,0.000000000,0.000000000,1.000000000
1403636754.027881384,3.860873904,1.607974795,0.790182034,0.000000000,0.000000000,0.000000000,1.000000000
1403636754.126881361,3.858216717,1.585784854,0.785522385,0.000000000,0.000000000,0.000000000,1.000000000
1403636754.175881386,3.857268451,1.573600330,0.783066697,0.000000000,0.000000000,0.000000000,1.000000000
1403636754.226881266,3.856939308,1.560788427,0.782753132,0.000000000,0.000000000,0.000000000,1.000000000
1403636754.273881197,3.855735186,1.548139414,0.784161524,0.000000000,0.000000000,0.000000000,1.000000000
1403636754.326881170,3.852197233,1.531458738,0.788072261,0.000000000,0.000000000,0.000000000,1.000000000
1403636754.374881268,3.852133908,1.517204407,0.792647599,0.000000000,0.000000000,0.000000000,1.000000000
1403636754.475881338,3.857143960,1.485646160,0.806482961,0.000000000,0.000000000,0.000000000,1.000000000
1403636754.523881197,3.860004408,1.468504343,0.816154964,0.000000000,0.000000000,0.000000000,1.000000000
1403636754.574881315,3.862337748,1.450124553,0.826894706,0.000000000,0.000000000,0.000000000,1.000000000
1403636754.624881268,3.866947841,1.430981305,0.837303812,0.000000000,0.000000000,0.000000000,1.000000000
1403636754.674881220,3.870348358,1.411199027,0.846284947,0.000000000,0.000000000,0.000000000,1.000000000
1403636754.723881245,3.874886153,1.390181569,0.853686225,0.000000000,0.000000000,0.000000000,1.000000000
1403636754.773881197,3.878409003,1.367970065,0.859669107,0.000000000,0.000000000,0.000000000,1.000000000
1403636754.824881315,3.884673763,1.345929607,0.863949176,0.000000000,0.000000000,0.000000000,1.000000000
1403636754.874881268,3.890907367,1.323078592,0.867193898,0.000000000,0.000000000,0.000000000,1.000000000
1403636754.974881172,3.905324264,1.274758946,0.869965126,0.000000000,0.000000000,0.000000000,1.000000000
1403636755.027881384,3.912968277,1.247669669,0.869761780,0.000000000,0.000000000,0.000000000,1.000000000
1403636755.074881315,3.920489299,1.223160252,0.868459655,0.000000000,0.000000000,0.000000000,1.000000000
1403636755.123881340,3.929380529,1.196474682,0.866021353,0.000000000,0.000000000,0.000000000,1.000000000
1403636755.225881338,3.948083226,1.140768743,0.859887852,0.000000000,0.000000000,0.000000000,1.000000000
1403636755.275881290,3.957043674,1.112162899,0.858379813,0.000000000,0.000000000,0.000000000,1.000000000
1403636755.324881315,3.967035466,1.083760533,0.858505754,0.000000000,0.000000000,0.000000000,1.000000000
1403636755.375881195,3.977532085,1.053757142,0.860539858,0.000000000,0.000000000,0.000000000,1.000000000
1403636755.426881313,3.988141272,1.023414144,0.864320612,0.000000000,0.000000000,0.000000000,1.000000000
1403636755.475881338,3.998261222,0.994911347,0.869553389,0.000000000,0.000000000,0.000000000,1.000000000
1403636755.525881290,4.008235833,0.963725622,0.877890606,0.000000000,0.000000000,0.000000000,1.000000000
1403636755.576881170,4.019162444,0.931718096,0.886276105,0.000000000,0.000000000,0.000000000,1.000000000
1403636755.627881289,4.028789789,0.900115242,0.895507563,0.000000000,0.000000000,0.000000000,1.000000000
1403636755.677881241,4.037984969,0.868550623,0.903838721,0.000000000,0.000000000,0.000000000,1.000000000
1403636755.725881338,4.047616785,0.837370528,0.910579316,0.000000000,0.000000000,0.000000000,1.000000000
1403636755.775881290,4.056894622,0.805536450,0.915851426,0.000000000,0.000000000,0.000000000,1.000000000
1403636755.826881170,4.064713478,0.774617664,0.921260268,0.000000000,0.000000000,0.000000000,1.000000000
1403636755.875881195,4.071701398,0.742837059,0.921496711,0.000000000,0.000000000,0.000000000,1.000000000
1403636755.926881313,4.079109255,0.707726517,0.922440085,0.000000000,0.000000000,0.000000000,1.000000000
1403636755.976881266,4.085636541,0.675286539,0.922498396,0.000000000,0.000000000,0.000000000,1.000000000
1403636756.026881218,4.091903470,0.641802399,0.921445765,0.000000000,0.000000000,0.000000000,1.000000000
1403636756.077881336,4.098866553,0.608231525,0.920009089,0.000000000,0.000000000,0.000000000,1.000000000
1403636756.130881310,4.106885816,0.573006281,0.919217024,0.000000000,0.000000000,0.000000000,1.000000000
1403636756.224881172,4.118745397,0.509347218,0.922254359,0.000000000,0.000000000,0.000000000,1.000000000
1403636756.324881315,4.131036909,0.440546192,0.931764616,0.000000000,0.000000000,0.000000000,1.000000000
1403636756.374881268,4.137488503,0.406338001,0.938490093,0.000000000,0.000000000,0.000000000,1.000000000
1403636756.424881220,4.144189394,0.368643556,0.947011779,0.000000000,0.000000000,0.000000000,1.000000000
1403636756.476881266,4.154799710,0.334980103,0.952061104,0.000000000,0.000000000,0.000000000,1.000000000
1403636756.524881363,4.161798238,0.302735642,0.955715740,0.000000000,0.000000000,0.000000000,1.000000000
1403636756.573881388,4.169618131,0.268786195,0.959070929,0.000000000,0.000000000,0.000000000,1.000000000
1403636756.677881241,4.184998988,0.197813971,0.961455867,0.000000000,0.000000000,0.000000000,1.000000000
1403636756.727881193,4.192545095,0.160583111,0.960665604,0.000000000,0.000000000,0.000000000,1.000000000
1403636756.775881290,4.200567494,0.126816397,0.959144366,0.000000000,0.000000000,0.000000000,1.000000000
1403636756.827881336,4.218359217,0.090769420,0.956921544,0.000000000,0.000000000,0.000000000,1.000000000
1403636756.878881216,4.227099203,0.055022717,0.957355018,0.000000000,0.000000000,0.000000000,1.000000000
1403636756.976881266,4.245258774,-0.016872305,0.962826564,0.000000000,0.000000000,0.000000000,1.000000000
1403636757.027881384,4.256755951,-0.053070584,0.968457537,0.000000000,0.000000000,0.000000000,1.000000000
1403636757.074881315,4.268093671,-0.087263813,0.975031793,0.000000000,0.000000000,0.000000000,1.000000000
1403636757.128881216,4.279304762,-0.126078160,0.984022965,0.000000000,0.000000000,0.000000000,1.000000000
1403636757.177881241,4.303068439,-0.161973846,0.990584002,0.000000000,0.000000000,0.000000000,1.000000000
1403636757.274881363,4.327512674,-0.232404473,1.003091473,0.000000000,0.000000000,0.000000000,1.000000000
1403636757.325881243,4.340952793,-0.269511155,1.007172381,0.000000000,0.000000000,0.000000000,1.000000000
1403636757.425881386,4.367523746,-0.342267743,1.010794291,0.000000000,0.000000000,0.000000000,1.000000000
1403636757.474881172,4.379724753,-0.377926408,1.010728628,0.000000000,0.000000000,0.000000000,1.000000000
1403636757.525881290,4.410248805,-0.416185889,1.007423722,0.000000000,0.000000000,0.000000000,1.000000000
1403636757.575881243,4.424526309,-0.453116879,1.004852078,0.000000000,0.000000000,0.000000000,1.000000000
1403636757.625881195,4.439549980,-0.490215261,1.002584064,0.000000000,0.000000000,0.000000000,1.000000000
1403636757.725881338,4.467225780,-0.564284440,1.002313113,0.000000000,0.000000000,0.000000000,1.000000000
1403636757.773881197,4.479950734,-0.601041069,1.004700221,0.000000000,0.000000000,0.000000000,1.000000000
1403636757.827881336,4.491251275,-0.640516524,1.009390704,0.000000000,0.000000000,0.000000000,1.000000000
1403636757.876881361,4.503757371,-0.677575234,1.015442720,0.000000000,0.000000000,0.000000000,1.000000000
1403636757.973881245,4.539101822,-0.754682451,1.032040938,0.000000000,0.000000000,0.000000000,1.000000000
1403636758.025881290,4.547023354,-0.793262157,1.044243079,0.000000000,0.000000000,0.000000000,1.000000000
1403636758.074881315,4.553987393,-0.830442682,1.057931042,0.000000000,0.000000000,0.000000000,1.000000000
1403636758.128881216,4.560657541,-0.868067896,1.072834112,0.000000000,0.000000000,0.000000000,1.000000000
1403636758.178881168,4.565800324,-0.906499007,1.087658001,0.000000000,0.000000000,0.000000000,1.000000000
1403636758.278881311,4.585657867,-0.984415135,1.112072879,0.000000000,0.000000000,0.000000000,1.000000000
1403636758.330881357,4.588741075,-1.021205849,1.122327544,0.000000000,0.000000000,0.000000000,1.000000000
1403636758.376881361,4.592808355,-1.056094563,1.130276507,0.000000000,0.000000000,0.000000000,1.000000000
1403636758.477881193,4.599174823,-1.128827542,1.142593195,0.000000000,0.000000000,0.000000000,1.000000000
1403636758.529881239,4.601445367,-1.166340212,1.145945460,0.000000000,0.000000000,0.000000000,1.000000000
1403636758.577881336,4.614261715,-1.201155101,1.146180793,0.000000000,0.000000000,0.000000000,1.000000000
1403636758.627881289,4.616770327,-1.234749404,1.145732110,0.000000000,0.000000000,0.000000000,1.000000000
1403636758.726881266,4.618858751,-1.298039396,1.141695509,0.000000000,0.000000000,0.000000000,1.000000000
1403636758.777881384,4.618539006,-1.327769545,1.139010834,0.000000000,0.000000000,0.000000000,1.000000000
1403636758.830881357,4.618688321,-1.358802565,1.136148356,0.000000000,0.000000000,0.000000000,1.000000000
1403636758.876881361,4.618805703,-1.385756047,1.133062067,0.000000000,0.000000000,0.000000000,1.000000000
1403636758.931881189,4.617110006,-1.414533855,1.129224701,0.000000000,0.000000000,0.000000000,1.000000000
1403636758.978881359,4.620318442,-1.440324374,1.124660559,0.000000000,0.000000000,0.000000000,1.000000000
1403636759.028881311,4.616613699,-1.464283723,1.120056277,0.000000000,0.000000000,0.000000000,1.000000000
1403636759.079881191,4.612885378,-1.487669092,1.114491424,0.000000000,0.000000000,0.000000000,1.000000000
1403636759.177881241,4.605471259,-1.529600089,1.101797095,0.000000000,0.000000000,0.000000000,1.000000000
1403636759.229881287,4.602297719,-1.549731720,1.094088170,0.000000000,0.000000000,0.000000000,1.000000000
1403636759.278881311,4.598885357,-1.567171054,1.086413637,0.000000000,0.000000000,0.000000000,1.000000000
1403636759.329881191,4.600578474,-1.584615343,1.077412210,0.000000000,0.000000000,0.000000000,1.000000000
1403636759.379881382,4.598169805,-1.598367863,1.068401388,0.000000000,0.000000000,0.000000000,1.000000000
1403636759.482881308,4.595600256,-1.623939465,1.046391265,0.000000000,0.000000000,0.000000000,1.000000000
1403636759.577881336,4.595831255,-1.643457755,1.022445483,0.000000000,0.000000000,0.000000000,1.000000000
1403636759.628881216,4.596830749,-1.651407579,1.008325580,0.000000000,0.000000000,0.000000000,1.000000000
1403636759.728881359,4.604948736,-1.664373826,0.978893834,0.000000000,0.000000000,0.000000000,1.000000000
1403636759.779881239,4.607227101,-1.668767666,0.965973154,0.000000000,0.000000000,0.000000000,1.000000000
1403636759.829881191,4.611045737,-1.672639416,0.955727299,0.000000000,0.000000000,0.000000000,1.000000000
1403636759.877881289,4.614528896,-1.675640146,0.949156682,0.000000000,0.000000000,0.000000000,1.000000000
1403636759.932881355,4.619262059,-1.678721802,0.944387957,0.000000000,0.000000000,0.000000000,1.000000000
1403636759.976881266,4.624342232,-1.681786152,0.942471295,0.000000000,0.000000000,0.000000000,1.000000000
1403636760.029881239,4.636121878,-1.686808860,0.939857179,0.000000000,0.000000000,0.000000000,1.000000000
1403636760.078881264,4.640387037,-1.689097294,0.937731679,0.000000000,0.000000000,0.000000000,1.000000000
1403636760.177881241,4.650648849,-1.694005422,0.931117840,0.000000000,0.000000000,0.000000000,1.000000000
1403636760.230881214,4.655691395,-1.696380180,0.926876683,0.000000000,0.000000000,0.000000000,1.000000000
1403636760.328881264,4.664550430,-1.701094740,0.917122810,0.000000000,0.000000000,0.000000000,1.000000000
1403636760.378881216,4.675148408,-1.705137680,0.910833189,0.000000000,0.000000000,0.000000000,1.000000000
1403636760.479881287,4.685004161,-1.708826130,0.897765156,0.000000000,0.000000000,0.000000000,1.000000000
1403636760.529881239,4.688744398,-1.710634805,0.890328691,0.000000000,0.000000000,0.000000000,1.000000000
1403636760.576881170,4.693500870,-1.712542631,0.882815808,0.000000000,0.000000000,0.000000000,1.000000000
1403636760.629881382,4.698168015,-1.714312225,0.874327287,0.000000000,0.000000000,0.000000000,1.000000000
1403636760.731881380,4.711339127,-1.719095395,0.857619583,0.000000000,0.000000000,0.000000000,1.000000000
1403636760.778881311,4.715078042,-1.720745235,0.850138569,0.000000000,0.000000000,0.000000000,1.000000000
1403636760.829881191,4.719601975,-1.723141651,0.842614663,0.000000000,0.000000000,0.000000000,1.000000000
1403636760.879881382,4.724121054,-1.725753600,0.835686322,0.000000000,0.000000000,0.000000000,1.000000000
1403636760.929881334,4.728558560,-1.728725463,0.829168766,0.000000000,0.000000000,0.000000000,1.000000000
1403636760.978881359,4.732949117,-1.731824490,0.822699950,0.000000000,0.000000000,0.000000000,1.000000000
1403636761.029881239,4.743449582,-1.738380133,0.815263827,0.000000000,0.000000000,0.000000000,1.000000000
1403636761.078881264,4.747482730,-1.742490377,0.808991667,0.000000000,0.000000000,0.000000000,1.000000000
1403636761.177881241,4.753902369,-1.752312103,0.796732224,0.000000000,0.000000000,0.000000000,1.000000000
1403636761.230881214,4.756229129,-1.757966055,0.790219839,0.000000000,0.000000000,0.000000000,1.000000000
1403636761.278881311,4.757598949,-1.763507074,0.784304019,0.000000000,0.000000000,0.000000000,1.000000000
1403636761.331881285,4.762061351,-1.771812460,0.777207318,0.000000000,0.000000000,0.000000000,1.000000000
1403636761.380881310,4.761940443,-1.778550636,0.771673113,0.000000000,0.000000000,0.000000000,1.000000000
1403636761.479881287,4.760522595,-1.792882104,0.762331608,0.000000000,0.000000000,0.000000000,1.000000000
1403636761.531881332,4.758222498,-1.800377763,0.758787300,0.000000000,0.000000000,0.000000000,1.000000000
1403636761.580881357,4.756051782,-1.807868801,0.756156632,0.000000000,0.000000000,0.000000000,1.000000000
1403636761.630881310,4.752830061,-1.815546552,0.754266640,0.000000000,0.000000000,0.000000000,1.000000000
1403636761.728881359,4.744703138,-1.830368576,0.752538079,0.000000000,0.000000000,0.000000000,1.000000000
1403636761.778881311,4.739787220,-1.837618005,0.752887780,0.000000000,0.000000000,0.000000000,1.000000000
1403636761.828881264,4.735213459,-1.844161171,0.753760255,0.000000000,0.000000000,0.000000000,1.000000000
1403636761.878881216,4.730897237,-1.850212162,0.755126749,0.000000000,0.000000000,0.000000000,1.000000000
1403636761.928881168,4.727700339,-1.856251242,0.756748169,0.000000000,0.000000000,0.000000000,1.000000000
1403636761.976881266,4.723971716,-1.861151141,0.759107773,0.000000000,0.000000000,0.000000000,1.000000000
1403636762.028881311,4.721296017,-1.866287689,0.761903528,0.000000000,0.000000000,0.000000000,1.000000000
1403636762.078881264,4.717052911,-1.870093764,0.765261178,0.000000000,0.000000000,0.000000000,1.000000000
1403636762.129881382,4.714746262,-1.874641655,0.769032890,0.000000000,0.000000000,0.000000000,1.000000000
1403636762.229881287,4.711409075,-1.883531910,0.777430140,0.000000000,0.000000000,0.000000000,1.000000000
1403636762.280881405,4.710137668,-1.888509335,0.782148515,0.000000000,0.000000000,0.000000000,1.000000000
1403636762.329881191,4.707920183,-1.893204892,0.787126607,0.000000000,0.000000000,0.000000000,1.000000000
1403636762.379881382,4.706607609,-1.898170687,0.791679080,0.000000000,0.000000000,0.000000000,1.000000000
1403636762.480881214,4.699770935,-1.909085646,0.797337499,0.000000000,0.000000000,0.000000000,1.000000000
1403636762.528881311,4.695860938,-1.915824454,0.796825242,0.000000000,0.000000000,0.000000000,1.000000000
1403636762.579881191,4.692324529,-1.923311967,0.793664643,0.000000000,0.000000000,0.000000000,1.000000000
1403636762.630881310,4.687762602,-1.929821232,0.788395858,0.000000000,0.000000000,0.000000000,1.000000000
1403636762.729881287,4.681890308,-1.942599680,0.770343118,0.000000000,0.000000000,0.000000000,1.000000000
1403636762.778881311,4.673284834,-1.945906688,0.759150101,0.000000000,0.000000000,0.000000000,1.000000000
1403636762.828881264,4.668054050,-1.950716430,0.745846173,0.000000000,0.000000000,0.000000000,1.000000000
1403636762.876881361,4.661454503,-1.955339533,0.730712229,0.000000000,0.000000000,0.000000000,1.000000000
1403636762.926881313,4.654882496,-1.958946431,0.713575474,0.000000000,0.000000000,0.000000000,1.000000000
1403636762.976881266,4.649591891,-1.959887760,0.697777983,0.000000000,0.000000000,0.000000000,1.000000000
1403636763.027881384,4.660066838,-1.957421252,0.695170384,0.000000000,0.000000000,0.000000000,1.000000000
1403636763.077881336,4.668904670,-1.957570935,0.695840773,0.000000000,0.000000000,0.000000000,1.000000000
1403636763.128881216,4.677387394,-1.957737831,0.694506452,0.000000000,0.000000000,0.000000000,1.000000000
1403636763.226881266,4.684598733,-1.940545143,0.688459002,0.000000000,0.000000000,0.000000000,1.000000000
1403636763.278881311,4.691981422,-1.942149432,0.690625379,0.000000000,0.000000000,0.000000000,1.000000000
1403636763.328881264,4.693772084,-1.940040096,0.689595889,0.000000000,0.000000000,0.000000000,1.000000000
1403636763.376881361,4.690910480,-1.938682120,0.688811326,0.000000000,0.000000000,0.000000000,1.000000000
1403636763.430881262,4.686197719,-1.936602705,0.688273183,0.000000000,0.000000000,0.000000000,1.000000000
1403636763.480881214,4.687087513,-1.937081393,0.688225860,0.000000000,0.000000000,0.000000000,1.000000000
1403636763.529881239,4.688035162,-1.937395464,0.688119791,0.000000000,0.000000000,0.000000000,1.000000000
1403636763.578881264,4.687113104,-1.936972573,0.688113964,0.000000000,0.000000000,0.000000000,1.000000000
1403636763.630881310,4.687121073,-1.936938796,0.688079387,0.000000000,0.000000000,0.000000000,1.000000000
1403636763.729881287,4.687116551,-1.936944686,0.688067332,0.000000000,0.000000000,0.000000000,1.000000000
1403636763.779881239,4.687161698,-1.936860992,0.688128304,0.000000000,0.000000000,0.000000000,1.000000000
1403636763.829881191,4.687146410,-1.936887503,0.688103291,0.000000000,0.000000000,0.000000000,1.000000000
1403636763.880881310,4.687132969,-1.936908741,0.688076361,0.000000000,0.000000000,0.000000000,1.000000000
1403636763.931881189,4.687135174,-1.936911766,0.688096305,0.000000000,0.000000000,0.000000000,1.000000000
1403636763.977881193,4.687153070,-1.936863656,0.688084846,0.000000000,0.000000000,0.000000000,1.000000000
1403636764.078881264,4.687156251,-1.936863229,0.688102195,0.000000000,0.000000000,0.000000000,1.000000000
1403636764.131881237,4.687164044,-1.936832627,0.688074179,0.000000000,0.000000000,0.000000000,1.000000000
1403636764.176881313,4.687133419,-1.936905760,0.688071847,0.000000000,0.000000000,0.000000000,1.000000000
1403636764.229881287,4.687165038,-1.936830388,0.688074578,0.000000000,0.000000000,0.000000000,1.000000000
1403636764.279881239,4.687147646,-1.936871195,0.688071523,0.000000000,0.000000000,0.000000000,1.000000000
1403636764.330881357,4.687151357,-1.936871738,0.688094242,0.000000000,0.000000000,0.000000000,1.000000000
1403636764.429881334,4.687130402,-1.936910073,0.688064717,0.000000000,0.000000000,0.000000000,1.000000000
1403636764.478881359,4.687162874,-1.936846434,0.688100363,0.000000000,0.000000000,0.000000000,1.000000000
1403636764.530881405,4.687140903,-1.936889545,0.688076370,0.000000000,0.000000000,0.000000000,1.000000000
1403636764.579881191,4.687148491,-1.936860238,0.688050262,0.000000000,0.000000000,0.000000000,1.000000000
1403636764.628881216,4.687144157,-1.936871241,0.688051490,0.000000000,0.000000000,0.000000000,1.000000000
1403636764.678881168,4.687146800,-1.936866158,0.688054622,0.000000000,0.000000000,0.000000000,1.000000000
1403636764.730881214,4.687148097,-1.936871502,0.688074859,0.000000000,0.000000000,0.000000000,1.000000000
1403636764.830881357,4.687145529,-1.936868709,0.688053368,0.000000000,0.000000000,0.000000000,1.000000000
1403636764.880881310,4.687151765,-1.936862762,0.688075186,0.000000000,0.000000000,0.000000000,1.000000000
1403636764.930881262,4.687152532,-1.936860960,0.688075311,0.000000000,0.000000000,0.000000000,1.000000000
1403636764.980881214,4.687152009,-1.936862162,0.688075161,0.000000000,0.000000000,0.000000000,1.000000000
1403636765.029881239,4.687144924,-1.936873168,0.688060513,0.000000000,0.000000000,0.000000000,1.000000000
1403636765.081881285,4.687145987,-1.936876354,0.688074254,0.000000000,0.000000000,0.000000000,1.000000000
1403636765.127881289,4.687158694,-1.936846106,0.688075452,0.000000000,0.000000000,0.000000000,1.000000000
1403636765.227881193,4.687147253,-1.936872025,0.688071232,0.000000000,0.000000000,0.000000000,1.000000000
1403636765.278881311,4.687150078,-1.936868822,0.688079903,0.000000000,0.000000000,0.000000000,1.000000000
1403636765.328881264,4.687163535,-1.936844815,0.688100319,0.000000000,0.000000000,0.000000000,1.000000000
1403636765.378881216,4.687152998,-1.936851680,0.688055864,0.000000000,0.000000000,0.000000000,1.000000000
1403636765.478881359,4.687161457,-1.936846188,0.688091598,0.000000000,0.000000000,0.000000000,1.000000000
1403636765.528881311,4.687145915,-1.936870733,0.688060426,0.000000000,0.000000000,0.000000000,1.000000000
1403636765.579881191,4.687156188,-1.936848983,0.688067846,0.000000000,0.000000000,0.000000000,1.000000000
1403636765.630881310,4.687148560,-1.936863530,0.688058511,0.000000000,0.000000000,0.000000000,1.000000000
1403636765.680881262,4.687149683,-1.936861640,0.688060489,0.000000000,0.000000000,0.000000000,1.000000000
1403636765.731881380,4.687159940,-1.936846224,0.688082926,0.000000000,0.000000000,0.000000000,1.000000000
1403636765.777881384,4.687149695,-1.936867256,0.688073952,0.000000000,0.000000000,0.000000000,1.000000000
1403636765.831881285,4.687150554,-1.936858764,0.688058652,0.000000000,0.000000000,0.000000000,1.000000000
1403636765.880881310,4.687167019,-1.936838054,0.688104302,0.000000000,0.000000000,0.000000000,1.000000000
1403636765.931881189,4.687146967,-1.936884169,0.688098551,0.000000000,0.000000000,0.000000000,1.000000000
1403636765.980881214,4.687167551,-1.936835308,0.688100821,0.000000000,0.000000000,0.000000000,1.000000000
1403636766.030881405,4.687160096,-1.936849279,0.688091114,0.000000000,0.000000000,0.000000000,1.000000000
1403636766.081881285,4.687159414,-1.936854233,0.688098992,0.000000000,0.000000000,0.000000000,1.000000000
1403636766.130881310,4.687159343,-1.936855288,0.688101104,0.000000000,0.000000000,0.000000000,1.000000000
1403636766.227881193,4.687156012,-1.936843111,0.688052822,0.000000000,0.000000000,0.000000000,1.000000000
1403636766.327881336,4.687163232,-1.936847203,0.688104263,0.000000000,0.000000000,0.000000000,1.000000000
1403636766.376881361,4.687148699,-1.936869380,0.688073272,0.000000000,0.000000000,0.000000000,1.000000000
1403636766.426881313,4.687147783,-1.936871945,0.688074103,0.000000000,0.000000000,0.000000000,1.000000000
1403636766.478881359,4.687151120,-1.936864820,0.688076370,0.000000000,0.000000000,0.000000000,1.000000000
1403636766.526881218,4.687145585,-1.936882771,0.688087237,0.000000000,0.000000000,0.000000000,1.000000000
1403636766.628881216,4.687150822,-1.936870351,0.688087844,0.000000000,0.000000000,0.000000000,1.000000000
1403636766.678881168,4.687147660,-1.936876262,0.688083690,0.000000000,0.000000000,0.000000000,1.000000000
