timestamp,px,py,pz,qx,qy,qz,qw
1403637133.040881395,4.719416329,-1.828601253,0.680849658,0.000000000,0.000000000,0.000000000,1.000000000
1403637133.090881348,4.719464954,-1.828545838,0.681006119,0.000000000,0.000000000,0.000000000,1.000000000
1403637133.140881300,4.719487556,-1.828530542,0.681102219,0.000000000,0.000000000,0.000000000,1.000000000
1403637133.190881252,4.718524069,-1.828311695,0.681321882,0.000000000,0.000000000,0.000000000,1.000000000
1403637133.240881205,4.718553667,-1.828298294,0.681462561,0.000000000,0.000000000,0.000000000,1.000000000
1403637133.289881229,4.720646294,-1.828715713,0.681933304,0.000000000,0.000000000,0.000000000,1.000000000
1403637133.388881207,4.722055663,-1.828897612,0.684207780,0.000000000,0.000000000,0.000000000,1.000000000
1403637133.440881252,4.722166198,-1.829319498,0.685795064,0.000000000,0.000000000,0.000000000,1.000000000
1403637133.489881277,4.722661918,-1.829315251,0.688665785,0.000000000,0.000000000,0.000000000,1.000000000
1403637133.541881323,4.723481574,-1.829492349,0.693853215,0.000000000,0.000000000,0.000000000,1.000000000
1403637133.592881203,4.723450216,-1.829183302,0.699348918,0.000000000,0.000000000,0.000000000,1.000000000
1403637133.687881231,4.724104360,-1.828182027,0.707365982,0.000000000,0.000000000,0.000000000,1.000000000
1403637133.740881205,4.723163673,-1.826252989,0.710252996,0.000000000,0.000000000,0.000000000,1.000000000
1403637133.792881250,4.723219060,-1.824802655,0.713728447,0.000000000,0.000000000,0.000000000,1.000000000
1403637133.841881275,4.724582349,-1.823397921,0.718675740,0.000000000,0.000000000,0.000000000,1.000000000
1403637133.887881279,4.725419369,-1.821637742,0.726225975,0.000000000,0.000000000,0.000000000,1.000000000
1403637133.988881350,4.729124007,-1.819926910,0.751878901,0.000000000,0.000000000,0.000000000,1.000000000
1403637134.040881395,4.732183315,-1.820006175,0.771678965,0.000000000,0.000000000,0.000000000,1.000000000
1403637134.188881397,4.731001077,-1.818806331,0.857351826,0.000000000,0.000000000,0.000000000,1.000000000
1403637134.289881229,4.728147989,-1.820387555,0.923679102,0.000000000,0.000000000,0.000000000,1.000000000
1403637134.339881182,4.728056820,-1.822265460,0.956326391,0.000000000,0.000000000,0.000000000,1.000000000
1403637134.390881300,4.727510092,-1.824641610,0.988612984,0.000000000,0.000000000,0.000000000,1.000000000
1403637134.440881252,4.728524912,-1.827164258,1.017793850,0.000000000,0.000000000,0.000000000,1.000000000
1403637134.489881277,4.729440412,-1.828471771,1.042943436,0.000000000,0.000000000,0.000000000,1.000000000
1403637134.540881395,4.731978630,-1.830020098,1.064793917,0.000000000,0.000000000,0.000000000,1.000000000
1403637134.590881348,4.733130411,-1.830560888,1.079853675,0.000000000,0.000000000,0.000000000,1.000000000
1403637134.640881300,4.733876110,-1.830357493,1.087437302,0.000000000,0.000000000,0.000000000,1.000000000
1403637135.289881229,4.719135957,-1.804288426,0.767288489,0.000000000,0.000000000,0.000000000,1.000000000
1403637135.340881348,4.720301297,-1.802804000,0.757271707,0.000000000,0.000000000,0.000000000,1.000000000
1403637135.390881300,4.721391774,-1.801890216,0.755111621,0.000000000,0.000000000,0.000000000,1.000000000
1403637136.090881348,4.723119709,-1.802704100,1.155889041,0.000000000,0.000000000,0.000000000,1.000000000
1403637136.639881372,4.698461377,-1.795075012,0.822267657,0.000000000,0.000000000,0.000000000,1.000000000
1403637136.739881277,4.700310765,-1.794188856,0.788622219,0.000000000,0.000000000,0.000000000,1.000000000
1403637136.788881302,4.701733539,-1.794584708,0.784745102,0.000000000,0.000000000,0.000000000,1.000000000
1403637137.088881254,4.705420080,-1.794769647,0.967604908,0.000000000,0.000000000,0.000000000,1.000000000
1403637137.391881227,4.720960772,-1.796598554,1.183761625,0.000000000,0.000000000,0.000000000,1.000000000
1403637137.991881371,4.702439915,-1.796019190,0.837554983,0.000000000,0.000000000,0.000000000,1.000000000
1403637138.089881182,4.704750105,-1.797528479,0.790670660,0.000000000,0.000000000,0.000000000,1.000000000
1403637138.139881372,4.706466040,-1.797550401,0.780662444,0.000000000,0.000000000,0.000000000,1.000000000
1403637138.440881252,4.707334958,-1.785963144,0.945848867,0.000000000,0.000000000,0.000000000,1.000000000
1403637138.787881374,4.723210347,-1.796984305,1.171744961,0.000000000,0.000000000,0.000000000,1.000000000
1403637139.339881182,4.693020849,-1.777202218,0.819758203,0.000000000,0.000000000,0.000000000,1.000000000
1403637139.440881252,4.688425986,-1.779229312,0.765727597,0.000000000,0.000000000,0.000000000,1.000000000
1403637139.488881350,4.686266213,-1.780106511,0.747392269,0.000000000,0.000000000,0.000000000,1.000000000
1403637139.540881395,4.682609758,-1.780603236,0.732687006,0.000000000,0.000000000,0.000000000,1.000000000
1403637139.587881327,4.682190444,-1.780446128,0.723216295,0.000000000,0.000000000,0.000000000,1.000000000
1403637139.643881321,4.681424935,-1.779678889,0.716870158,0.000000000,0.000000000,0.000000000,1.000000000
1403637139.691881180,4.680691078,-1.779509948,0.712114149,0.000000000,0.000000000,0.000000000,1.000000000
1403637139.839881182,4.678878981,-1.781797154,0.700175917,0.000000000,0.000000000,0.000000000,1.000000000
1403637139.890881300,4.678126251,-1.781816033,0.695826760,0.000000000,0.000000000,0.000000000,1.000000000
1403637139.940881252,4.677548623,-1.781469039,0.691708496,0.000000000,0.000000000,0.000000000,1.000000000
1403637139.990881205,4.678171157,-1.781063580,0.688152243,0.000000000,0.000000000,0.000000000,1.000000000
1403637140.039881229,4.681225129,-1.780808645,0.686453623,0.000000000,0.000000000,0.000000000,1.000000000
1403637140.090881348,4.683223563,-1.780531817,0.684874139,0.000000000,0.000000000,0.000000000,1.000000000
1403637140.188881397,4.688026058,-1.780934849,0.682212480,0.000000000,0.000000000,0.000000000,1.000000000
1403637140.242881298,4.690063178,-1.781072455,0.681763606,0.000000000,0.000000000,0.000000000,1.000000000
1403637140.291881323,4.692843901,-1.782170865,0.681456272,0.000000000,0.000000000,0.000000000,1.000000000
1403637140.342881203,4.694760995,-1.782787090,0.681361549,0.000000000,0.000000000,0.000000000,1.000000000
1403637140.391881227,4.696790789,-1.782881132,0.680776295,0.000000000,0.000000000,0.000000000,1.000000000
1403637140.491881371,4.698189467,-1.781375393,0.679308111,0.000000000,0.000000000,0.000000000,1.000000000
1403637140.540881395,4.698321252,-1.781002884,0.679254072,0.000000000,0.000000000,0.000000000,1.000000000
1403637140.590881348,4.698321394,-1.780989818,0.679226533,0.000000000,0.000000000,0.000000000,1.000000000
1403637140.639881372,4.698319359,-1.780994829,0.679225754,0.000000000,0.000000000,0.000000000,1.000000000
1403637140.688881397,4.699234290,-1.781328408,0.678983959,0.000000000,0.000000000,0.000000000,1.000000000
1403637140.791881323,4.699257399,-1.781245331,0.678935985,0.000000000,0.000000000,0.000000000,1.000000000
1403637140.841881275,4.699257213,-1.781251438,0.678948170,0.000000000,0.000000000,0.000000000,1.000000000
1403637140.890881300,4.699262679,-1.781230451,0.678933926,0.000000000,0.000000000,0.000000000,1.000000000
1403637140.941881180,4.699260200,-1.781235437,0.678930557,0.000000000,0.000000000,0.000000000,1.000000000
1403637140.992881298,4.699251445,-1.781247633,0.678906904,0.000000000,0.000000000,0.000000000,1.000000000
1403637141.041881323,4.699260080,-1.781236025,0.678931145,0.000000000,0.000000000,0.000000000,1.000000000
1403637141.091881275,4.699265216,-1.781220652,0.678927189,0.000000000,0.000000000,0.000000000,1.000000000
1403637141.188881397,4.699254080,-1.781255749,0.678939593,0.000000000,0.000000000,0.000000000,1.000000000
1403637141.241881371,4.699261725,-1.781243738,0.678957290,0.000000000,0.000000000,0.000000000,1.000000000
1403637141.289881229,4.699260203,-1.781229873,0.678918503,0.000000000,0.000000000,0.000000000,1.000000000
1403637141.339881182,4.699259709,-1.781243323,0.678944853,0.000000000,0.000000000,0.000000000,1.000000000
1403637141.389881372,4.699247063,-1.781274578,0.678940278,0.000000000,0.000000000,0.000000000,1.000000000
1403637141.490881205,4.699256704,-1.781250657,0.678943562,0.000000000,0.000000000,0.000000000,1.000000000
1403637141.539881229,4.699253576,-1.781252525,0.678929713,0.000000000,0.000000000,0.000000000,1.000000000
1403637141.639881372,4.699255429,-1.781253537,0.678942513,0.000000000,0.000000000,0.000000000,1.000000000
1403637141.740881205,4.699231205,-1.781303265,0.678911757,0.000000000,0.000000000,0.000000000,1.000000000
1403637141.790881395,4.698306837,-1.780960210,0.679078969,0.000000000,0.000000000,0.000000000,1.000000000
1403637141.890881300,4.698320145,-1.780949950,0.679132881,0.000000000,0.000000000,0.000000000,1.000000000
1403637141.942881346,4.698317963,-1.780947784,0.679115689,0.000000000,0.000000000,0.000000000,1.000000000
1403637141.992881298,4.698323761,-1.780938878,0.679129551,0.000000000,0.000000000,0.000000000,1.000000000
1403637142.041881323,4.699252594,-1.781273404,0.678969391,0.000000000,0.000000000,0.000000000,1.000000000
1403637142.091881275,4.699245962,-1.781297701,0.678984144,0.000000000,0.000000000,0.000000000,1.000000000
1403637142.141881227,4.698315061,-1.780961753,0.679129386,0.000000000,0.000000000,0.000000000,1.000000000
1403637142.188881397,4.699264339,-1.781253298,0.678992994,0.000000000,0.000000000,0.000000000,1.000000000
1403637142.238881350,4.699284268,-1.781201653,0.678995013,0.000000000,0.000000000,0.000000000,1.000000000
1403637142.287881374,4.698343148,-1.780899839,0.679155820,0.000000000,0.000000000,0.000000000,1.000000000
1403637142.341881275,4.699262492,-1.781257857,0.678992310,0.000000000,0.000000000,0.000000000,1.000000000
1403637142.390881300,4.698348561,-1.780881362,0.679146714,0.000000000,0.000000000,0.000000000,1.000000000
1403637142.489881277,4.699256971,-1.781272529,0.678992545,0.000000000,0.000000000,0.000000000,1.000000000
1403637142.540881395,4.699268597,-1.781235954,0.678979736,0.000000000,0.000000000,0.000000000,1.000000000
1403637142.589881182,4.699286328,-1.781196688,0.678996033,0.000000000,0.000000000,0.000000000,1.000000000
1403637142.640881300,4.698366205,-1.780851020,0.679181880,0.000000000,0.000000000,0.000000000,1.000000000
1403637142.689881325,4.698346048,-1.780893010,0.679157600,0.000000000,0.000000000,0.000000000,1.000000000
1403637142.742881298,4.699256905,-1.781261782,0.678968853,0.000000000,0.000000000,0.000000000,1.000000000
1403637142.790881395,4.698328495,-1.780935945,0.679150286,0.000000000,0.000000000,0.000000000,1.000000000
1403637142.842881203,4.699268530,-1.781252692,0.679015669,0.000000000,0.000000000,0.000000000,1.000000000
1403637142.890881300,4.699282831,-1.781209767,0.679004395,0.000000000,0.000000000,0.000000000,1.000000000
1403637142.987881184,4.699288945,-1.781200116,0.679018451,0.000000000,0.000000000,0.000000000,1.000000000
1403637143.043881178,4.698378759,-1.780832615,0.679213808,0.000000000,0.000000000,0.000000000,1.000000000
1403637143.087881327,4.699313441,-1.781147421,0.679044340,0.000000000,0.000000000,0.000000000,1.000000000
1403637143.143881321,4.699297993,-1.781176338,0.679018651,0.000000000,0.000000000,0.000000000,1.000000000
1403637143.193881273,4.699292407,-1.781202499,0.679043440,0.000000000,0.000000000,0.000000000,1.000000000
1403637143.243881226,4.698378990,-1.780836856,0.679224334,0.000000000,0.000000000,0.000000000,1.000000000
1403637143.287881374,4.699286200,-1.781227408,0.679061954,0.000000000,0.000000000,0.000000000,1.000000000
1403637143.387881279,4.699283563,-1.781223828,0.679039092,0.000000000,0.000000000,0.000000000,1.000000000
1403637143.440881252,4.698359756,-1.780873591,0.679193932,0.000000000,0.000000000,0.000000000,1.000000000
1403637143.487881184,4.699305441,-1.781171708,0.679051241,0.000000000,0.000000000,0.000000000,1.000000000
1403637143.542881250,4.699312542,-1.781162478,0.679071866,0.000000000,0.000000000,0.000000000,1.000000000
1403637143.590881348,4.699326103,-1.781135286,0.679090492,0.000000000,0.000000000,0.000000000,1.000000000
1403637143.690881252,4.699317588,-1.781157282,0.679089472,0.000000000,0.000000000,0.000000000,1.000000000
1403637143.741881371,4.699306179,-1.781174819,0.679062218,0.000000000,0.000000000,0.000000000,1.000000000
1403637143.790881395,4.699306174,-1.781175795,0.679064303,0.000000000,0.000000000,0.000000000,1.000000000
1403637143.839881182,4.699319532,-1.781155598,0.679096953,0.000000000,0.000000000,0.000000000,1.000000000
1403637143.891881227,4.699316425,-1.781159463,0.679087548,0.000000000,0.000000000,0.000000000,1.000000000
1403637143.990881205,4.698388682,-1.780827711,0.679259971,0.000000000,0.000000000,0.000000000,1.000000000
1403637144.039881229,4.699305995,-1.781170576,0.679051956,0.000000000,0.000000000,0.000000000,1.000000000
1403637144.088881254,4.699313690,-1.781176543,0.679108955,0.000000000,0.000000000,0.000000000,1.000000000
1403637144.142881393,4.699322809,-1.781140439,0.679082819,0.000000000,0.000000000,0.000000000,1.000000000
1403637144.191881180,4.699323519,-1.781130120,0.679064497,0.000000000,0.000000000,0.000000000,1.000000000
1403637144.242881298,4.699331533,-1.781131507,0.679113378,0.000000000,0.000000000,0.000000000,1.000000000
1403637144.288881302,4.699321368,-1.781150119,0.679095572,0.000000000,0.000000000,0.000000000,1.000000000
1403637144.391881227,4.699321620,-1.781147989,0.679092396,0.000000000,0.000000000,0.000000000,1.000000000
1403637144.442881346,4.699316730,-1.781160450,0.679091437,0.000000000,0.000000000,0.000000000,1.000000000
1403637144.488881350,4.699326006,-1.781131489,0.679081701,0.000000000,0.000000000,0.000000000,1.000000000
1403637144.542881250,4.699315564,-1.781156483,0.679076158,0.000000000,0.000000000,0.000000000,1.000000000
1403637144.588881254,4.699317201,-1.781152403,0.679076674,0.000000000,0.000000000,0.000000000,1.000000000
1403637144.639881372,4.699330302,-1.781129878,0.679102801,0.000000000,0.000000000,0.000000000,1.000000000
1403637144.739881277,4.699322331,-1.781147311,0.679094989,0.000000000,0.000000000,0.000000000,1.000000000
1403637144.788881302,4.699324578,-1.781122361,0.679053725,0.000000000,0.000000000,0.000000000,1.000000000
1403637144.839881182,4.699313503,-1.781173094,0.679100397,0.000000000,0.000000000,0.000000000,1.000000000
1403637144.889881372,4.699334012,-1.781128638,0.679121347,0.000000000,0.000000000,0.000000000,1.000000000
1403637144.940881252,4.698387096,-1.780813109,0.679219211,0.000000000,0.000000000,0.000000000,1.000000000
1403637144.990881205,4.699323382,-1.781149237,0.679105190,0.000000000,0.000000000,0.000000000,1.000000000
1403637145.040881395,4.699326378,-1.781137673,0.679097245,0.000000000,0.000000000,0.000000000,1.000000000
1403637145.089881182,4.699327554,-1.781126198,0.679079083,0.000000000,0.000000000,0.000000000,1.000000000
1403637145.140881300,4.699308617,-1.781176158,0.679079079,0.000000000,0.000000000,0.000000000,1.000000000
1403637145.189881325,4.699308484,-1.781164893,0.679053875,0.000000000,0.000000000,0.000000000,1.000000000
1403637145.242881298,4.698395153,-1.780807338,0.679252811,0.000000000,0.000000000,0.000000000,1.000000000
1403637145.290881395,4.698397745,-1.780800573,0.679252968,0.000000000,0.000000000,0.000000000,1.000000000
1403637145.341881275,4.699322848,-1.781138586,0.679079023,0.000000000,0.000000000,0.000000000,1.000000000
1403637145.391881227,4.699320367,-1.781149307,0.679088077,0.000000000,0.000000000,0.000000000,1.000000000
1403637145.490881205,4.699322058,-1.781140656,0.679078991,0.000000000,0.000000000,0.000000000,1.000000000
1403637145.541881323,4.699308614,-1.781164570,0.679053916,0.000000000,0.000000000,0.000000000,1.000000000
1403637145.588881254,4.699311459,-1.781164085,0.679069150,0.000000000,0.000000000,0.000000000,1.000000000
1403637145.639881372,4.699330318,-1.781118611,0.679078443,0.000000000,0.000000000,0.000000000,1.000000000
1403637145.689881325,4.699324021,-1.781135244,0.679078488,0.000000000,0.000000000,0.000000000,1.000000000
1403637145.789881229,4.699314652,-1.781140899,0.679037122,0.000000000,0.000000000,0.000000000,1.000000000
1403637145.838881254,4.699325284,-1.781132351,0.679079438,0.000000000,0.000000000,0.000000000,1.000000000
1403637145.888881207,4.699323756,-1.781125133,0.679055028,0.000000000,0.000000000,0.000000000,1.000000000
1403637145.938881397,4.699327608,-1.781114646,0.679054326,0.000000000,0.000000000,0.000000000,1.000000000
1403637145.989881277,4.699318138,-1.781140631,0.679056500,0.000000000,0.000000000,0.000000000,1.000000000
1403637146.038881302,4.699308506,-1.781165199,0.679054666,0.000000000,0.000000000,0.000000000,1.000000000
1403637146.090881348,4.699316966,-1.781149918,0.679069939,0.000000000,0.000000000,0.000000000,1.000000000
1403637146.138881207,4.699319622,-1.781146682,0.679078120,0.000000000,0.000000000,0.000000000,1.000000000
1403637146.239881277,4.699325245,-1.781132399,0.679079320,0.000000000,0.000000000,0.000000000,1.000000000
1403637146.290881395,4.699310914,-1.781166067,0.679070330,0.000000000,0.000000000,0.000000000,1.000000000
1403637146.341881275,4.699322252,-1.781130993,0.679059135,0.000000000,0.000000000,0.000000000,1.000000000
1403637146.392881393,4.698380611,-1.780838967,0.679238190,0.000000000,0.000000000,0.000000000,1.000000000
1403637146.489881277,4.699320438,-1.781167134,0.679127168,0.000000000,0.000000000,0.000000000,1.000000000
1403637146.540881395,4.698409934,-1.780776227,0.679269924,0.000000000,0.000000000,0.000000000,1.000000000
1403637146.592881203,4.699319067,-1.781159346,0.679102419,0.000000000,0.000000000,0.000000000,1.000000000
1403637146.643881321,4.698399766,-1.780800499,0.679264378,0.000000000,0.000000000,0.000000000,1.000000000
1403637146.690881252,4.698394636,-1.780805435,0.679245717,0.000000000,0.000000000,0.000000000,1.000000000
1403637146.743881226,4.699328772,-1.781134182,0.679103380,0.000000000,0.000000000,0.000000000,1.000000000
1403637146.787881374,4.699320039,-1.781141464,0.679069183,0.000000000,0.000000000,0.000000000,1.000000000
1403637146.843881369,4.699318691,-1.781151913,0.679084139,0.000000000,0.000000000,0.000000000,1.000000000
1403637146.888881207,4.699326774,-1.781131392,0.679085889,0.000000000,0.000000000,0.000000000,1.000000000
1403637146.988881350,4.699304899,-1.781180087,0.679066319,0.000000000,0.000000000,0.000000000,1.000000000
1403637147.040881395,4.698389320,-1.780811040,0.679227451,0.000000000,0.000000000,0.000000000,1.000000000
1403637147.089881182,4.699319675,-1.781151388,0.679088634,0.000000000,0.000000000,0.000000000,1.000000000
1403637147.140881300,4.699314947,-1.781153913,0.679067050,0.000000000,0.000000000,0.000000000,1.000000000
1403637147.239881277,4.698391982,-1.780817637,0.679257004,0.000000000,0.000000000,0.000000000,1.000000000
1403637147.289881229,4.699332435,-1.781119527,0.679092549,0.000000000,0.000000000,0.000000000,1.000000000
1403637147.338881254,4.698407107,-1.780771062,0.679242532,0.000000000,0.000000000,0.000000000,1.000000000
1403637147.390881300,4.699312899,-1.781164316,0.679077896,0.000000000,0.000000000,0.000000000,1.000000000
1403637147.443881273,4.699331028,-1.781117461,0.679080014,0.000000000,0.000000000,0.000000000,1.000000000
1403637147.492881298,4.699314616,-1.781169354,0.679098658,0.000000000,0.000000000,0.000000000,1.000000000
1403637147.542881250,4.698395386,-1.780800341,0.679238961,0.000000000,0.000000000,0.000000000,1.000000000
1403637147.643881321,4.699315847,-1.781168451,0.679103741,0.000000000,0.000000000,0.000000000,1.000000000
1403637147.687881231,4.699334773,-1.781118277,0.679103221,0.000000000,0.000000000,0.000000000,1.000000000
1403637147.743881226,4.698405413,-1.780786181,0.679265637,0.000000000,0.000000000,0.000000000,1.000000000
1403637147.792881250,4.698381730,-1.780839599,0.679245965,0.000000000,0.000000000,0.000000000,1.000000000
1403637147.842881203,4.699333278,-1.781119906,0.679098197,0.000000000,0.000000000,0.000000000,1.000000000
1403637147.890881300,4.698376433,-1.780860565,0.679261133,0.000000000,0.000000000,0.000000000,1.000000000
1403637147.988881350,4.698401758,-1.780787618,0.679247833,0.000000000,0.000000000,0.000000000,1.000000000
1403637148.039881229,4.699327701,-1.781137286,0.679103981,0.000000000,0.000000000,0.000000000,1.000000000
1403637148.087881327,4.699328216,-1.781131283,0.679093908,0.000000000,0.000000000,0.000000000,1.000000000
1403637148.139881372,4.698404250,-1.780778777,0.679242915,0.000000000,0.000000000,0.000000000,1.000000000
1403637148.190881252,4.699319782,-1.781158450,0.679104570,0.000000000,0.000000000,0.000000000,1.000000000
1403637148.239881277,4.698400342,-1.780798876,0.679264153,0.000000000,0.000000000,0.000000000,1.000000000
1403637148.289881229,4.698406538,-1.780788619,0.679277370,0.000000000,0.000000000,0.000000000,1.000000000
1403637148.340881348,4.699328116,-1.781152087,0.679138472,0.000000000,0.000000000,0.000000000,1.000000000
1403637148.388881207,4.698439661,-1.780724581,0.679328046,0.000000000,0.000000000,0.000000000,1.000000000
1403637148.439881325,4.698410543,-1.780795097,0.679314351,0.000000000,0.000000000,0.000000000,1.000000000
1403637148.490881205,4.698404726,-1.780800145,0.679292005,0.000000000,0.000000000,0.000000000,1.000000000
1403637148.542881250,4.698429751,-1.780743740,0.679312881,0.000000000,0.000000000,0.000000000,1.000000000
1403637148.590881348,4.698402623,-1.780824402,0.679332599,0.000000000,0.000000000,0.000000000,1.000000000
1403637148.640881300,4.699356244,-1.781095669,0.679177088,0.000000000,0.000000000,0.000000000,1.000000000
1403637148.742881298,4.698426784,-1.780772146,0.679357531,0.000000000,0.000000000,0.000000000,1.000000000
1403637148.791881323,4.698475748,-1.780664444,0.679404166,0.000000000,0.000000000,0.000000000,1.000000000
1403637148.841881275,4.698481530,-1.780653247,0.679412975,0.000000000,0.000000000,0.000000000,1.000000000
1403637148.888881207,4.699419851,-1.780968066,0.679264380,0.000000000,0.000000000,0.000000000,1.000000000
1403637148.943881273,4.698513806,-1.780585048,0.679449792,0.000000000,0.000000000,0.000000000,1.000000000
1403637148.988881350,4.699457496,-1.780897341,0.679326469,0.000000000,0.000000000,0.000000000,1.000000000
1403637149.039881229,4.699474989,-1.780862113,0.679350194,0.000000000,0.000000000,0.000000000,1.000000000
1403637149.090881348,4.699505461,-1.780791888,0.679372300,0.000000000,0.000000000,0.000000000,1.000000000
1403637149.189881325,4.699542552,-1.780700202,0.679385756,0.000000000,0.000000000,0.000000000,1.000000000
1403637149.241881371,4.699602421,-1.780583208,0.679474762,0.000000000,0.000000000,0.000000000,1.000000000
1403637149.290881395,4.699607119,-1.780564590,0.679461268,0.000000000,0.000000000,0.000000000,1.000000000
1403637149.342881203,4.699656196,-1.780461386,0.679518409,0.000000000,0.000000000,0.000000000,1.000000000
1403637149.390881300,4.699693227,-1.780374912,0.679542877,0.000000000,0.000000000,0.000000000,1.000000000
1403637149.489881277,4.699737320,-1.780291909,0.679615341,0.000000000,0.000000000,0.000000000,1.000000000
1403637149.541881323,4.699788771,-1.780179053,0.679665194,0.000000000,0.000000000,0.000000000,1.000000000
1403637149.591881275,4.699853017,-1.780032928,0.679716187,0.000000000,0.000000000,0.000000000,1.000000000
1403637149.639881372,4.699919042,-1.779884509,0.679772422,0.000000000,0.000000000,0.000000000,1.000000000
1403637149.689881325,4.699942292,-1.779846619,0.679823428,0.000000000,0.000000000,0.000000000,1.000000000
1403637149.740881205,4.699168727,-1.779181219,0.680155379,0.000000000,0.000000000,0.000000000,1.000000000
1403637149.790881395,4.699396003,-1.778727082,0.680472752,0.000000000,0.000000000,0.000000000,1.000000000
1403637149.839881182,4.698809181,-1.777589539,0.680851638,0.000000000,0.000000000,0.000000000,1.000000000
1403637149.942881346,4.699700887,-1.775418038,0.681257858,0.000000000,0.000000000,0.000000000,1.000000000
1403637149.989881277,4.700331602,-1.774071991,0.681961048,0.000000000,0.000000000,0.000000000,1.000000000
1403637150.040881395,4.699509916,-1.771050404,0.683136161,0.000000000,0.000000000,0.000000000,1.000000000
1403637150.090881348,4.699911151,-1.767714338,0.684447860,0.000000000,0.000000000,0.000000000,1.000000000
1403637150.140881300,4.697931406,-1.762951153,0.687678505,0.000000000,0.000000000,0.000000000,1.000000000
1403637150.238881350,4.697232040,-1.752279675,0.698135225,0.000000000,0.000000000,0.000000000,1.000000000
1403637150.289881229,4.696969103,-1.744991071,0.706056815,0.000000000,0.000000000,0.000000000,1.000000000
1403637150.340881348,4.696202400,-1.736797338,0.715545191,0.000000000,0.000000000,0.000000000,1.000000000
1403637150.388881207,4.693793721,-1.727492092,0.725844304,0.000000000,0.000000000,0.000000000,1.000000000
1403637150.440881252,4.691816728,-1.717733643,0.737973417,0.000000000,0.000000000,0.000000000,1.000000000
1403637150.490881205,4.687994226,-1.707408974,0.750995557,0.000000000,0.000000000,0.000000000,1.000000000
1403637150.540881395,4.674962769,-1.693545047,0.765960138,0.000000000,0.000000000,0.000000000,1.000000000
1403637150.589881182,4.668401483,-1.681993656,0.779842864,0.000000000,0.000000000,0.000000000,1.000000000
1403637150.690881252,4.654986933,-1.658876589,0.806587588,0.000000000,0.000000000,0.000000000,1.000000000
1403637150.740881205,4.646519953,-1.646215485,0.820372959,0.000000000,0.000000000,0.000000000,1.000000000
1403637150.787881374,4.637846337,-1.633363945,0.832593109,0.000000000,0.000000000,0.000000000,1.000000000
1403637150.843881369,4.628844631,-1.621521712,0.845288250,0.000000000,0.000000000,0.000000000,1.000000000
1403637150.891881227,4.606556641,-1.605074651,0.858720928,0.000000000,0.000000000,0.000000000,1.000000000
1403637150.988881350,4.588112425,-1.580588796,0.880255032,0.000000000,0.000000000,0.000000000,1.000000000
1403637151.088881254,4.569177542,-1.556869560,0.901071776,0.000000000,0.000000000,0.000000000,1.000000000
1403637151.141881227,4.560553451,-1.545109317,0.910398008,0.000000000,0.000000000,0.000000000,1.000000000
1403637151.188881397,4.551296862,-1.534453815,0.917911251,0.000000000,0.000000000,0.000000000,1.000000000
1403637151.240881205,4.531704271,-1.520018723,0.926222197,0.000000000,0.000000000,0.000000000,1.000000000
1403637151.289881229,4.524049859,-1.510239918,0.932216232,0.000000000,0.000000000,0.000000000,1.000000000
1403637151.341881275,4.515388691,-1.500173623,0.938002235,0.000000000,0.000000000,0.000000000,1.000000000
1403637151.443881273,4.499941261,-1.481596121,0.952121962,0.000000000,0.000000000,0.000000000,1.000000000
1403637151.491881371,4.493360321,-1.473019846,0.962031244,0.000000000,0.000000000,0.000000000,1.000000000
1403637151.541881323,4.487323607,-1.463895845,0.975274667,0.000000000,0.000000000,0.000000000,1.000000000
1403637151.591881275,4.473007914,-1.451919833,0.991648336,0.000000000,0.000000000,0.000000000,1.000000000
1403637151.643881321,4.468139062,-1.443546820,1.008944245,0.000000000,0.000000000,0.000000000,1.000000000
1403637151.740881205,4.458925811,-1.426976028,1.040959510,0.000000000,0.000000000,0.000000000,1.000000000
1403637151.790881395,4.454767891,-1.418173514,1.055453136,0.000000000,0.000000000,0.000000000,1.000000000
1403637151.842881203,4.449734849,-1.408511898,1.069536917,0.000000000,0.000000000,0.000000000,1.000000000
1403637151.887881279,4.445179078,-1.399604320,1.080590854,0.000000000,0.000000000,0.000000000,1.000000000
1403637151.939881325,4.440842978,-1.389798267,1.091362498,0.000000000,0.000000000,0.000000000,1.000000000
1403637151.987881184,4.429584166,-1.378138146,1.100977781,0.000000000,0.000000000,0.000000000,1.000000000
1403637152.039881229,4.425940202,-1.368422058,1.108801801,0.000000000,0.000000000,0.000000000,1.000000000
1403637152.088881254,4.421115576,-1.358742835,1.115560798,0.000000000,0.000000000,0.000000000,1.000000000
1403637152.139881372,4.417322201,-1.349035095,1.122270344,0.000000000,0.000000000,0.000000000,1.000000000
1403637152.189881325,4.412622582,-1.339124321,1.130222091,0.000000000,0.000000000,0.000000000,1.000000000
1403637152.239881277,4.408054295,-1.329136609,1.139825321,0.000000000,0.000000000,0.000000000,1.000000000
1403637152.289881229,4.403535268,-1.319249652,1.150853925,0.000000000,0.000000000,0.000000000,1.000000000
1403637152.341881275,4.391473109,-1.306717454,1.162911392,0.000000000,0.000000000,0.000000000,1.000000000
1403637152.390881300,4.385934791,-1.296267847,1.173156767,0.000000000,0.000000000,0.000000000,1.000000000
1403637152.491881371,4.376558361,-1.275050135,1.188431859,0.000000000,0.000000000,0.000000000,1.000000000
1403637152.542881250,4.371716341,-1.264197125,1.193488282,0.000000000,0.000000000,0.000000000,1.000000000
1403637152.591881275,4.366672368,-1.253502166,1.196623578,0.000000000,0.000000000,0.000000000,1.000000000
1403637152.641881227,4.360635836,-1.242192982,1.198225646,0.000000000,0.000000000,0.000000000,1.000000000
1403637152.742881298,4.341767818,-1.216525451,1.197032050,0.000000000,0.000000000,0.000000000,1.000000000
1403637152.791881323,4.335551836,-1.204724195,1.194980296,0.000000000,0.000000000,0.000000000,1.000000000
1403637152.842881203,4.329395187,-1.192291297,1.191643881,0.000000000,0.000000000,0.000000000,1.000000000
1403637152.889881372,4.323109191,-1.180459980,1.189185804,0.000000000,0.000000000,0.000000000,1.000000000
1403637152.942881346,4.317312417,-1.166969299,1.187618751,0.000000000,0.000000000,0.000000000,1.000000000
1403637152.988881350,4.311240538,-1.154799941,1.187571437,0.000000000,0.000000000,0.000000000,1.000000000
1403637153.039881229,4.295926465,-1.138958426,1.189998701,0.000000000,0.000000000,0.000000000,1.000000000
1403637153.089881182,4.289324849,-1.125635527,1.193496315,0.000000000,0.000000000,0.000000000,1.000000000
1403637153.139881372,4.283858963,-1.112195310,1.198422361,0.000000000,0.000000000,0.000000000,1.000000000
1403637153.239881277,4.273172536,-1.084755152,1.211384320,0.000000000,0.000000000,0.000000000,1.000000000
1403637153.290881395,4.267876481,-1.070498686,1.217488456,0.000000000,0.000000000,0.000000000,1.000000000
1403637153.339881182,4.263371414,-1.056574027,1.221823139,0.000000000,0.000000000,0.000000000,1.000000000
1403637153.389881372,4.258642572,-1.042937626,1.224398123,0.000000000,0.000000000,0.000000000,1.000000000
1403637153.488881350,4.242135939,-1.013751406,1.226604745,0.000000000,0.000000000,0.000000000,1.000000000
1403637153.539881229,4.238156439,-1.000061023,1.226269223,0.000000000,0.000000000,0.000000000,1.000000000
1403637153.590881348,4.233174449,-0.986322787,1.226732655,0.000000000,0.000000000,0.000000000,1.000000000
1403637153.642881393,4.229191467,-0.972942128,1.228572069,0.000000000,0.000000000,0.000000000,1.000000000
1403637153.741881371,4.219212803,-0.946828943,1.236898783,0.000000000,0.000000000,0.000000000,1.000000000
1403637153.791881323,4.205400026,-0.932508008,1.244074117,0.000000000,0.000000000,0.000000000,1.000000000
1403637153.841881275,4.200474446,-0.919999101,1.252824553,0.000000000,0.000000000,0.000000000,1.000000000
1403637153.889881372,4.194312526,-0.908417344,1.262194168,0.000000000,0.000000000,0.000000000,1.000000000
1403637153.941881180,4.189365396,-0.896078407,1.272876000,0.000000000,0.000000000,0.000000000,1.000000000
1403637153.988881350,4.183017293,-0.884710070,1.281284884,0.000000000,0.000000000,0.000000000,1.000000000
1403637154.038881302,4.177630151,-0.873289982,1.289007530,0.000000000,0.000000000,0.000000000,1.000000000
1403637154.088881254,4.171080769,-0.861948670,1.294962802,0.000000000,0.000000000,0.000000000,1.000000000
1403637154.142881393,4.164533243,-0.850062406,1.299268895,0.000000000,0.000000000,0.000000000,1.000000000
1403637154.240881205,4.144832744,-0.826888768,1.302061067,0.000000000,0.000000000,0.000000000,1.000000000
1403637154.289881229,4.138810699,-0.815648565,1.300270655,0.000000000,0.000000000,0.000000000,1.000000000
1403637154.340881348,4.132903087,-0.803296018,1.296901412,0.000000000,0.000000000,0.000000000,1.000000000
1403637154.390881300,4.127018080,-0.790343774,1.292344015,0.000000000,0.000000000,0.000000000,1.000000000
1403637154.440881252,4.120129162,-0.776725099,1.286392804,0.000000000,0.000000000,0.000000000,1.000000000
1403637154.489881277,4.113263298,-0.762407527,1.279301682,0.000000000,0.000000000,0.000000000,1.000000000
1403637154.540881395,4.098521039,-0.746141375,1.271607647,0.000000000,0.000000000,0.000000000,1.000000000
1403637154.589881182,4.092539833,-0.731430597,1.262932882,0.000000000,0.000000000,0.000000000,1.000000000
1403637154.642881393,4.085758645,-0.714720749,1.253119256,0.000000000,0.000000000,0.000000000,1.000000000
1403637154.741881371,4.072311985,-0.679372730,1.234171453,0.000000000,0.000000000,0.000000000,1.000000000
1403637154.792881250,4.065693270,-0.660773657,1.226019758,0.000000000,0.000000000,0.000000000,1.000000000
1403637154.843881369,4.057164052,-0.641009478,1.218261686,0.000000000,0.000000000,0.000000000,1.000000000
1403637154.890881300,4.036635779,-0.620359876,1.212400227,0.000000000,0.000000000,0.000000000,1.000000000
1403637154.989881277,4.017269776,-0.581260332,1.200460843,0.000000000,0.000000000,0.000000000,1.000000000
1403637155.040881395,4.006722247,-0.560182507,1.195434022,0.000000000,0.000000000,0.000000000,1.000000000
1403637155.087881327,3.995022561,-0.540014191,1.191515965,0.000000000,0.000000000,0.000000000,1.000000000
1403637155.141881227,3.982533659,-0.518147732,1.188774747,0.000000000,0.000000000,0.000000000,1.000000000
1403637155.188881397,3.969783644,-0.498901869,1.188219758,0.000000000,0.000000000,0.000000000,1.000000000
1403637155.240881205,3.955302232,-0.477880464,1.189600951,0.000000000,0.000000000,0.000000000,1.000000000
1403637155.289881229,3.922965523,-0.455529609,1.194288116,0.000000000,0.000000000,0.000000000,1.000000000
1403637155.342881203,3.909614744,-0.434619848,1.199763624,0.000000000,0.000000000,0.000000000,1.000000000
1403637155.390881300,3.889190799,-0.413841423,1.206563943,0.000000000,0.000000000,0.000000000,1.000000000
1403637155.489881277,3.853402650,-0.372316665,1.224491008,0.000000000,0.000000000,0.000000000,1.000000000
1403637155.540881395,3.836936348,-0.351088293,1.233974440,0.000000000,0.000000000,0.000000000,1.000000000
1403637155.588881254,3.820150687,-0.330916466,1.241824847,0.000000000,0.000000000,0.000000000,1.000000000
1403637155.640881300,3.804237629,-0.309685876,1.247905295,0.000000000,0.000000000,0.000000000,1.000000000
1403637155.740881205,3.752737968,-0.266226665,1.255014738,0.000000000,0.000000000,0.000000000,1.000000000
1403637155.789881229,3.737092685,-0.245325220,1.255064248,0.000000000,0.000000000,0.000000000,1.000000000
1403637155.842881203,3.721370407,-0.222144654,1.253474479,0.000000000,0.000000000,0.000000000,1.000000000
1403637155.890881300,3.706227843,-0.202417643,1.250357283,0.000000000,0.000000000,0.000000000,1.000000000
1403637155.941881180,3.695972870,-0.181518098,1.245968283,0.000000000,0.000000000,0.000000000,1.000000000
1403637155.989881277,3.654609313,-0.159166130,1.242343768,0.000000000,0.000000000,0.000000000,1.000000000
1403637156.087881327,3.640087360,-0.115861019,1.227163247,0.000000000,0.000000000,0.000000000,1.000000000
1403637156.140881300,3.629021885,-0.092745196,1.218093342,0.000000000,0.000000000,0.000000000,1.000000000
1403637156.189881325,3.618812788,-0.070122547,1.209437996,0.000000000,0.000000000,0.000000000,1.000000000
1403637156.239881277,3.609418154,-0.045589981,1.200180881,0.000000000,0.000000000,0.000000000,1.000000000
1403637156.339881182,3.592098578,0.004746673,1.182161731,0.000000000,0.000000000,0.000000000,1.000000000
1403637156.387881279,3.585205304,0.029906581,1.173830769,0.000000000,0.000000000,0.000000000,1.000000000
1403637156.490881205,3.571638552,0.085162252,1.156429708,0.000000000,0.000000000,0.000000000,1.000000000
1403637156.541881323,3.568962008,0.114000062,1.147534476,0.000000000,0.000000000,0.000000000,1.000000000
1403637156.590881348,3.567103345,0.142062244,1.139015462,0.000000000,0.000000000,0.000000000,1.000000000
1403637156.639881372,3.566981084,0.170559541,1.130365206,0.000000000,0.000000000,0.000000000,1.000000000
1403637156.689881325,3.567544737,0.200164402,1.121604305,0.000000000,0.000000000,0.000000000,1.000000000
1403637156.740881205,3.568762696,0.230435019,1.112419745,0.000000000,0.000000000,0.000000000,1.000000000
1403637156.789881229,3.579699869,0.260361256,1.102176380,0.000000000,0.000000000,0.000000000,1.000000000
1403637156.841881275,3.584022293,0.292411084,1.090823377,0.000000000,0.000000000,0.000000000,1.000000000
1403637156.890881300,3.590192190,0.321960073,1.078703472,0.000000000,0.000000000,0.000000000,1.000000000
1403637156.988881350,3.605150891,0.382807037,1.050832780,0.000000000,0.000000000,0.000000000,1.000000000
1403637157.038881302,3.612738308,0.415236044,1.034964688,0.000000000,0.000000000,0.000000000,1.000000000
1403637157.088881254,3.622089275,0.446506034,1.018472451,0.000000000,0.000000000,0.000000000,1.000000000
1403637157.139881372,3.646404929,0.481344402,0.998004370,0.000000000,0.000000000,0.000000000,1.000000000
1403637157.238881350,3.666334447,0.546229457,0.958548244,0.000000000,0.000000000,0.000000000,1.000000000
1403637157.290881395,3.676630951,0.579613468,0.938605016,0.000000000,0.000000000,0.000000000,1.000000000
1403637157.340881348,3.687787547,0.612900030,0.919734959,0.000000000,0.000000000,0.000000000,1.000000000
1403637157.392881393,3.697629316,0.647827816,0.902918865,0.000000000,0.000000000,0.000000000,1.000000000
1403637157.487881184,3.738727547,0.717624153,0.873769673,0.000000000,0.000000000,0.000000000,1.000000000
1403637157.542881250,3.750965491,0.756232456,0.862750164,0.000000000,0.000000000,0.000000000,1.000000000
1403637157.588881254,3.764329119,0.790487693,0.854989172,0.000000000,0.000000000,0.000000000,1.000000000
1403637157.638881207,3.779086296,0.828141115,0.849070086,0.000000000,0.000000000,0.000000000,1.000000000
1403637157.689881325,3.815039436,0.870824195,0.841766651,0.000000000,0.000000000,0.000000000,1.000000000
1403637157.739881277,3.827775256,0.909155557,0.840599419,0.000000000,0.000000000,0.000000000,1.000000000
1403637157.889881372,3.927381459,1.043155774,0.837918699,0.000000000,0.000000000,0.000000000,1.000000000
1403637157.989881277,3.952756808,1.122640262,0.850253980,0.000000000,0.000000000,0.000000000,1.000000000
1403637158.038881302,3.984239377,1.168155830,0.852508378,0.000000000,0.000000000,0.000000000,1.000000000
1403637158.090881348,4.015931620,1.215009985,0.854029655,0.000000000,0.000000000,0.000000000,1.000000000
1403637158.141881227,4.042316713,1.260359511,0.854646368,0.000000000,0.000000000,0.000000000,1.000000000
1403637158.188881397,4.068010020,1.302713595,0.853572623,0.000000000,0.000000000,0.000000000,1.000000000
1403637158.242881298,4.090779832,1.344827245,0.855387455,0.000000000,0.000000000,0.000000000,1.000000000
1403637158.289881229,4.124103418,1.388847171,0.855529903,0.000000000,0.000000000,0.000000000,1.000000000
1403637158.342881203,4.156214184,1.433694204,0.858177332,0.000000000,0.000000000,0.000000000,1.000000000
1403637158.389881372,4.179192929,1.471424876,0.863504496,0.000000000,0.000000000,0.000000000,1.000000000
1403637158.441881180,4.207678537,1.511210125,0.868952996,0.000000000,0.000000000,0.000000000,1.000000000
1403637158.490881205,4.275727677,1.567483671,0.871590777,0.000000000,0.000000000,0.000000000,1.000000000
1403637158.541881323,4.304561354,1.609395603,0.880546134,0.000000000,0.000000000,0.000000000,1.000000000
1403637158.638881207,4.367477229,1.686877115,0.892695711,0.000000000,0.000000000,0.000000000,1.000000000
1403637158.690881252,4.399411405,1.725836839,0.896867768,0.000000000,0.000000000,0.000000000,1.000000000
1403637158.738881350,4.431597235,1.763250113,0.899527841,0.000000000,0.000000000,0.000000000,1.000000000
1403637158.789881229,4.464650775,1.800212503,0.900192084,0.000000000,0.000000000,0.000000000,1.000000000
1403637158.841881275,4.540914933,1.854002829,0.893695399,0.000000000,0.000000000,0.000000000,1.000000000
1403637158.888881207,4.578315667,1.889415404,0.891123629,0.000000000,0.000000000,0.000000000,1.000000000
1403637158.991881371,4.653271107,1.960927516,0.882800982,0.000000000,0.000000000,0.000000000,1.000000000
1403637159.042881250,4.696079701,1.997602552,0.877218562,0.000000000,0.000000000,0.000000000,1.000000000
1403637159.089881182,4.738597999,2.032441374,0.872238198,0.000000000,0.000000000,0.000000000,1.000000000
1403637159.140881300,4.777393991,2.066287804,0.869438160,0.000000000,0.000000000,0.000000000,1.000000000
1403637159.190881252,4.817702034,2.099486946,0.868043433,0.000000000,0.000000000,0.000000000,1.000000000
1403637159.240881205,4.903727276,2.152507365,0.862599268,0.000000000,0.000000000,0.000000000,1.000000000
1403637159.288881302,4.944607495,2.184921487,0.863678921,0.000000000,0.000000000,0.000000000,1.000000000
1403637159.339881182,4.987269093,2.218041691,0.864259847,0.000000000,0.000000000,0.000000000,1.000000000
1403637159.440881252,5.076976053,2.285085440,0.860263156,0.000000000,0.000000000,0.000000000,1.000000000
1403637159.489881277,5.122162934,2.318415913,0.856224031,0.000000000,0.000000000,0.000000000,1.000000000
1403637159.540881395,5.166362680,2.351195582,0.851355193,0.000000000,0.000000000,0.000000000,1.000000000
1403637159.587881327,5.260426239,2.405974280,0.839144733,0.000000000,0.000000000,0.000000000,1.000000000
1403637159.640881300,5.308065547,2.440215954,0.832127540,0.000000000,0.000000000,0.000000000,1.000000000
1403637159.741881371,5.404126173,2.508537108,0.815463953,0.000000000,0.000000000,0.000000000,1.000000000
1403637159.791881323,5.451672062,2.542385981,0.806808383,0.000000000,0.000000000,0.000000000,1.000000000
1403637159.843881369,5.498332308,2.575865366,0.798734601,0.000000000,0.000000000,0.000000000,1.000000000
1403637159.889881372,5.594925339,2.631967786,0.786030882,0.000000000,0.000000000,0.000000000,1.000000000
1403637159.989881277,5.693648678,2.701300712,0.778153822,0.000000000,0.000000000,0.000000000,1.000000000
1403637160.039881229,5.738976654,2.734540537,0.776855634,0.000000000,0.000000000,0.000000000,1.000000000
1403637160.089881182,5.785989014,2.768846024,0.775450017,0.000000000,0.000000000,0.000000000,1.000000000
1403637160.139881372,5.833701668,2.803841715,0.773558648,0.000000000,0.000000000,0.000000000,1.000000000
1403637160.189881325,5.929641827,2.862015530,0.764443465,0.000000000,0.000000000,0.000000000,1.000000000
1403637160.239881277,5.975473755,2.895754493,0.760872137,0.000000000,0.000000000,0.000000000,1.000000000
1403637160.291881323,6.023716347,2.931054162,0.755943370,0.000000000,0.000000000,0.000000000,1.000000000
1403637160.342881203,6.070204272,2.965133815,0.750270145,0.000000000,0.000000000,0.000000000,1.000000000
1403637160.390881300,6.116570138,2.999158504,0.743530983,0.000000000,0.000000000,0.000000000,1.000000000
1403637160.441881180,6.161902176,3.032807450,0.736142284,0.000000000,0.000000000,0.000000000,1.000000000
1403637160.489881277,6.209285579,3.066540662,0.727671806,0.000000000,0.000000000,0.000000000,1.000000000
1403637160.541881323,6.307187147,3.125629865,0.711876505,0.000000000,0.000000000,0.000000000,1.000000000
1403637160.590881348,6.355497187,3.159326659,0.701924387,0.000000000,0.000000000,0.000000000,1.000000000
1403637160.641881227,6.402670720,3.192683479,0.690643248,0.000000000,0.000000000,0.000000000,1.000000000
1403637160.741881371,6.496288900,3.258158650,0.666697576,0.000000000,0.000000000,0.000000000,1.000000000
1403637160.790881395,6.543700729,3.290546832,0.653846758,0.000000000,0.000000000,0.000000000,1.000000000
1403637160.841881275,6.590005250,3.322687402,0.640307220,0.000000000,0.000000000,0.000000000,1.000000000
1403637160.888881207,6.641543973,3.357802012,0.626654516,0.000000000,0.000000000,0.000000000,1.000000000
1403637160.989881277,6.777263992,3.445602652,0.598025716,0.000000000,0.000000000,0.000000000,1.000000000
1403637161.039881229,6.822187659,3.479512698,0.589820927,0.000000000,0.000000000,0.000000000,1.000000000
1403637161.089881182,6.865373870,3.513124873,0.584514383,0.000000000,0.000000000,0.000000000,1.000000000
1403637161.141881227,6.907572635,3.547319015,0.582656574,0.000000000,0.000000000,0.000000000,1.000000000
1403637161.189881325,6.948315867,3.580663017,0.583771269,0.000000000,0.000000000,0.000000000,1.000000000
1403637161.339881182,7.231520059,3.767364537,0.585069203,0.000000000,0.000000000,0.000000000,1.000000000
1403637161.491881371,7.275885042,3.824320030,0.634366834,0.000000000,0.000000000,0.000000000,1.000000000
1403637162.839881182,8.892368032,4.374382365,0.807981623,0.000000000,0.000000000,0.000000000,1.000000000
1403637162.888881207,8.979840813,4.377989776,0.807271882,0.000000000,0.000000000,0.000000000,1.000000000
1403637162.939881325,9.031274463,4.361669613,0.808072261,0.000000000,0.000000000,0.000000000,1.000000000
1403637162.989881277,9.081512514,4.342838212,0.808592527,0.000000000,0.000000000,0.000000000,1.000000000
1403637163.040881395,9.131053594,4.322494635,0.807283760,0.000000000,0.000000000,0.000000000,1.000000000
1403637163.091881275,9.186710675,4.302616563,0.804179167,0.000000000,0.000000000,0.000000000,1.000000000
1403637163.142881393,9.235774009,4.277368798,0.800339861,0.000000000,0.000000000,0.000000000,1.000000000
1403637163.690881252,9.757209757,3.906430256,0.691496559,0.000000000,0.000000000,0.000000000,1.000000000
1403637163.741881371,9.790238052,3.858994456,0.680383626,0.000000000,0.000000000,0.000000000,1.000000000
1403637163.790881395,9.822454188,3.813316068,0.671670650,0.000000000,0.000000000,0.000000000,1.000000000
1403637163.840881348,9.854293104,3.762641373,0.664919077,0.000000000,0.000000000,0.000000000,1.000000000
1403637163.887881279,9.885673603,3.712787074,0.660543052,0.000000000,0.000000000,0.000000000,1.000000000
1403637163.940881252,9.926895551,3.661784235,0.657705798,0.000000000,0.000000000,0.000000000,1.000000000
1403637163.989881277,9.958292819,3.605206753,0.658184555,0.000000000,0.000000000,0.000000000,1.000000000
1403637164.039881229,9.991463298,3.545954528,0.660661959,0.000000000,0.000000000,0.000000000,1.000000000
1403637164.691881180,10.494514351,2.599716922,0.818056254,0.000000000,0.000000000,0.000000000,1.000000000
1403637165.088881254,10.839648612,1.908332987,0.838486727,0.000000000,0.000000000,0.000000000,1.000000000
1403637165.141881227,10.878290808,1.812201730,0.835415305,0.000000000,0.000000000,0.000000000,1.000000000
1403637165.388881207,11.082219393,1.363861268,0.808617393,0.000000000,0.000000000,0.000000000,1.000000000
1403637165.438881397,11.114348066,1.269060462,0.803741801,0.000000000,0.000000000,0.000000000,1.000000000
1403637165.540881395,11.199599566,1.088750905,0.798951536,0.000000000,0.000000000,0.000000000,1.000000000
1403637165.589881182,11.232064525,1.000379595,0.800293826,0.000000000,0.000000000,0.000000000,1.000000000
1403637165.638881207,11.261952579,0.911218242,0.803338458,0.000000000,0.000000000,0.000000000,1.000000000
1403637165.689881325,11.310281616,0.821646232,0.807463430,0.000000000,0.000000000,0.000000000,1.000000000
1403637168.439881325,11.058474984,0.301546062,0.527928287,0.000000000,0.000000000,0.000000000,1.000000000
1403637168.839881182,10.765320356,0.782089075,0.336603500,0.000000000,0.000000000,0.000000000,1.000000000
1403637168.889881372,10.733157791,0.843912366,0.315845311,0.000000000,0.000000000,0.000000000,1.000000000
1403637168.989881277,10.642741869,0.962895646,0.283702186,0.000000000,0.000000000,0.000000000,1.000000000
1403637169.088881254,10.577737331,1.086140316,0.253141704,0.000000000,0.000000000,0.000000000,1.000000000
1403637169.139881372,10.543697517,1.149240930,0.235926853,0.000000000,0.000000000,0.000000000,1.000000000
1403637169.189881325,10.488430088,1.209601236,0.220419050,0.000000000,0.000000000,0.000000000,1.000000000
1403637169.239881277,10.455260284,1.273520906,0.202074717,0.000000000,0.000000000,0.000000000,1.000000000
1403637169.290881395,10.421328683,1.339838207,0.183930823,0.000000000,0.000000000,0.000000000,1.000000000
1403637169.442881346,10.295828740,1.540575032,0.145429258,0.000000000,0.000000000,0.000000000,1.000000000
1403637170.090881348,9.650782200,2.464435864,0.123035678,0.000000000,0.000000000,0.000000000,1.000000000
1403637170.188881397,9.537760235,2.611298261,0.108435209,0.000000000,0.000000000,0.000000000,1.000000000
1403637170.241881371,9.478449578,2.690536624,0.097753430,0.000000000,0.000000000,0.000000000,1.000000000
1403637170.288881302,9.383746573,2.750123944,0.092626207,0.000000000,0.000000000,0.000000000,1.000000000
1403637170.338881254,9.321723076,2.824350210,0.079755696,0.000000000,0.000000000,0.000000000,1.000000000
1403637170.388881207,9.252623276,2.897753092,0.066303458,0.000000000,0.000000000,0.000000000,1.000000000
1403637170.439881325,9.187297791,2.971766555,0.050264746,0.000000000,0.000000000,0.000000000,1.000000000
1403637170.490881205,9.114166214,3.046278927,0.032400550,0.000000000,0.000000000,0.000000000,1.000000000
1403637170.540881395,9.004962095,3.107304155,0.020567984,0.000000000,0.000000000,0.000000000,1.000000000
1403637170.592881203,8.930477873,3.179114586,0.001340627,0.000000000,0.000000000,0.000000000,1.000000000
1403637170.643881321,8.855195016,3.249648238,-0.019201798,0.000000000,0.000000000,0.000000000,1.000000000
1403637170.688881397,8.782676859,3.310881861,-0.038016624,0.000000000,0.000000000,0.000000000,1.000000000
1403637170.738881350,8.661785310,3.359407033,-0.052125283,0.000000000,0.000000000,0.000000000,1.000000000
1403637170.788881302,8.584378544,3.423531641,-0.075483476,0.000000000,0.000000000,0.000000000,1.000000000
1403637170.838881254,8.503739199,3.482129725,-0.099293862,0.000000000,0.000000000,0.000000000,1.000000000
1403637170.889881372,8.422703103,3.538894810,-0.124108761,0.000000000,0.000000000,0.000000000,1.000000000
1403637170.941881180,8.340410200,3.595923554,-0.149793187,0.000000000,0.000000000,0.000000000,1.000000000
1403637170.990881205,8.213054007,3.624901533,-0.163201826,0.000000000,0.000000000,0.000000000,1.000000000
1403637171.041881323,8.133893213,3.672656894,-0.184510933,0.000000000,0.000000000,0.000000000,1.000000000
1403637171.090881348,8.054498417,3.713506591,-0.202156552,0.000000000,0.000000000,0.000000000,1.000000000
1403637171.140881300,7.977534354,3.750805443,-0.218193532,0.000000000,0.000000000,0.000000000,1.000000000
1403637171.188881397,7.851553233,3.762664006,-0.221760972,0.000000000,0.000000000,0.000000000,1.000000000
1403637171.238881350,7.772329482,3.792401703,-0.233296752,0.000000000,0.000000000,0.000000000,1.000000000
1403637171.288881302,7.694484794,3.819118414,-0.242919025,0.000000000,0.000000000,0.000000000,1.000000000
1403637171.341881275,7.619253808,3.846555913,-0.252319255,0.000000000,0.000000000,0.000000000,1.000000000
1403637171.389881372,7.544645622,3.866570913,-0.258453958,0.000000000,0.000000000,0.000000000,1.000000000
1403637171.440881252,7.423556125,3.861185816,-0.252325389,0.000000000,0.000000000,0.000000000,1.000000000
1403637171.490881205,7.353208748,3.877347054,-0.255469397,0.000000000,0.000000000,0.000000000,1.000000000
1403637171.589881182,7.211629066,3.897445134,-0.255024603,0.000000000,0.000000000,0.000000000,1.000000000
1403637171.687881231,7.058707510,3.900259101,-0.244893139,0.000000000,0.000000000,0.000000000,1.000000000
1403637171.790881395,6.892860487,3.882421821,-0.230844201,0.000000000,0.000000000,0.000000000,1.000000000
1403637171.840881348,6.823724121,3.876462224,-0.229171952,0.000000000,0.000000000,0.000000000,1.000000000
1403637171.889881372,6.706426788,3.839853813,-0.216177591,0.000000000,0.000000000,0.000000000,1.000000000
1403637171.990881205,6.571890602,3.814497551,-0.221140842,0.000000000,0.000000000,0.000000000,1.000000000
1403637172.043881178,6.452142854,3.767293730,-0.212394046,0.000000000,0.000000000,0.000000000,1.000000000
1403637172.087881327,6.387960815,3.746991502,-0.216712305,0.000000000,0.000000000,0.000000000,1.000000000
1403637172.140881300,6.322673526,3.725056875,-0.223904942,0.000000000,0.000000000,0.000000000,1.000000000
1403637172.240881205,6.184702626,3.666800660,-0.238452815,0.000000000,0.000000000,0.000000000,1.000000000
1403637172.288881302,6.116139953,3.633385800,-0.246285134,0.000000000,0.000000000,0.000000000,1.000000000
1403637172.390881300,5.929963952,3.528199383,-0.248057748,0.000000000,0.000000000,0.000000000,1.000000000
1403637172.441881180,5.870215587,3.491307921,-0.256261700,0.000000000,0.000000000,0.000000000,1.000000000
1403637172.487881184,5.807994761,3.450560160,-0.259991849,0.000000000,0.000000000,0.000000000,1.000000000
1403637172.541881323,5.675964750,3.364093965,-0.242290308,0.000000000,0.000000000,0.000000000,1.000000000
1403637172.589881182,5.618640804,3.320266818,-0.243272671,0.000000000,0.000000000,0.000000000,1.000000000
1403637172.687881231,5.505683220,3.226081504,-0.239842213,0.000000000,0.000000000,0.000000000,1.000000000
1403637172.739881277,5.451821638,3.176522145,-0.235930807,0.000000000,0.000000000,0.000000000,1.000000000
1403637172.790881395,5.341698791,3.092667006,-0.211080771,0.000000000,0.000000000,0.000000000,1.000000000
1403637172.839881182,5.292901827,3.042482752,-0.203176400,0.000000000,0.000000000,0.000000000,1.000000000
1403637172.942881346,5.201367860,2.938537907,-0.181434002,0.000000000,0.000000000,0.000000000,1.000000000
1403637172.989881277,5.107260458,2.860357811,-0.151341590,0.000000000,0.000000000,0.000000000,1.000000000
1403637173.039881229,5.066691614,2.810852391,-0.137717922,0.000000000,0.000000000,0.000000000,1.000000000
1403637173.088881254,5.008180071,2.751332696,-0.119234250,0.000000000,0.000000000,0.000000000,1.000000000
1403637173.139881372,4.976992350,2.706411806,-0.112097561,0.000000000,0.000000000,0.000000000,1.000000000
1403637173.241881371,4.906371623,2.613275488,-0.105595106,0.000000000,0.000000000,0.000000000,1.000000000
1403637173.290881395,4.872372284,2.569868162,-0.106928785,0.000000000,0.000000000,0.000000000,1.000000000
1403637173.341881275,4.843261182,2.529173895,-0.113599100,0.000000000,0.000000000,0.000000000,1.000000000
1403637173.391881227,4.815541314,2.490929699,-0.122309571,0.000000000,0.000000000,0.000000000,1.000000000
1403637173.491881371,4.742449611,2.410237261,-0.134285542,0.000000000,0.000000000,0.000000000,1.000000000
1403637173.541881323,4.722048682,2.380825475,-0.144717327,0.000000000,0.000000000,0.000000000,1.000000000
1403637173.591881275,4.705504171,2.354699269,-0.155775758,0.000000000,0.000000000,0.000000000,1.000000000
1403637173.641881227,4.692100152,2.330798985,-0.167718265,0.000000000,0.000000000,0.000000000,1.000000000
1403637173.688881397,4.679074907,2.309817492,-0.177516911,0.000000000,0.000000000,0.000000000,1.000000000
1403637173.738881350,4.669538850,2.289293922,-0.189751358,0.000000000,0.000000000,0.000000000,1.000000000
1403637173.788881302,4.663332433,2.270946837,-0.202499256,0.000000000,0.000000000,0.000000000,1.000000000
1403637173.838881254,4.656952366,2.252633127,-0.215408569,0.000000000,0.000000000,0.000000000,1.000000000
1403637173.939881325,4.668188347,2.227075846,-0.249697958,0.000000000,0.000000000,0.000000000,1.000000000
1403637173.988881350,4.676420603,2.216022563,-0.266650498,0.000000000,0.000000000,0.000000000,1.000000000
1403637174.038881302,4.689327986,2.206949851,-0.283994831,0.000000000,0.000000000,0.000000000,1.000000000
1403637174.089881182,4.705323852,2.200069637,-0.299538276,0.000000000,0.000000000,0.000000000,1.000000000
1403637174.139881372,4.727536227,2.196532505,-0.312932567,0.000000000,0.000000000,0.000000000,1.000000000
1403637174.190881252,4.750139460,2.193709879,-0.321301268,0.000000000,0.000000000,0.000000000,1.000000000
1403637174.239881277,4.774859207,2.192492584,-0.325178184,0.000000000,0.000000000,0.000000000,1.000000000
1403637174.288881302,4.801035907,2.191655459,-0.324692168,0.000000000,0.000000000,0.000000000,1.000000000
1403637174.638881207,5.129119069,2.239963686,-0.286671674,0.000000000,0.000000000,0.000000000,1.000000000
1403637174.740881205,5.187833725,2.223780104,-0.242330779,0.000000000,0.000000000,0.000000000,1.000000000
1403637174.787881374,5.241018648,2.224464019,-0.228550389,0.000000000,0.000000000,0.000000000,1.000000000
1403637174.841881275,5.286584801,2.217210215,-0.209456383,0.000000000,0.000000000,0.000000000,1.000000000
1403637174.888881207,5.358681785,2.221951102,-0.203973088,0.000000000,0.000000000,0.000000000,1.000000000
1403637174.939881325,5.406813887,2.212168562,-0.189140551,0.000000000,0.000000000,0.000000000,1.000000000
1403637174.988881350,5.455240302,2.201891829,-0.176809945,0.000000000,0.000000000,0.000000000,1.000000000
1403637175.038881302,5.503324134,2.188891585,-0.164714298,0.000000000,0.000000000,0.000000000,1.000000000
1403637175.088881254,5.555148388,2.175651537,-0.154496251,0.000000000,0.000000000,0.000000000,1.000000000
1403637175.140881300,5.606465823,2.159616464,-0.145012416,0.000000000,0.000000000,0.000000000,1.000000000
1403637175.188881397,5.657132512,2.143182910,-0.137361309,0.000000000,0.000000000,0.000000000,1.000000000
1403637175.238881350,5.742503970,2.137688597,-0.140019352,0.000000000,0.000000000,0.000000000,1.000000000
1403637175.288881302,5.792676897,2.117002008,-0.133919399,0.000000000,0.000000000,0.000000000,1.000000000
1403637175.391881227,5.893746728,2.068492882,-0.125217639,0.000000000,0.000000000,0.000000000,1.000000000
1403637175.441881180,5.946179979,2.042205940,-0.122817057,0.000000000,0.000000000,0.000000000,1.000000000
1403637175.490881205,5.997030898,2.015382476,-0.121721343,0.000000000,0.000000000,0.000000000,1.000000000
1403637175.541881323,6.082454619,1.996686256,-0.130468023,0.000000000,0.000000000,0.000000000,1.000000000
1403637175.641881227,6.185514740,1.928095431,-0.130905183,0.000000000,0.000000000,0.000000000,1.000000000
1403637175.690881252,6.237361673,1.891401767,-0.132523480,0.000000000,0.000000000,0.000000000,1.000000000
1403637175.741881371,6.287756633,1.850711067,-0.134405171,0.000000000,0.000000000,0.000000000,1.000000000
1403637175.791881323,6.340225671,1.808035181,-0.136974171,0.000000000,0.000000000,0.000000000,1.000000000
1403637175.842881203,6.391551587,1.761192686,-0.138235316,0.000000000,0.000000000,0.000000000,1.000000000
1403637175.888881207,6.479010381,1.724802252,-0.147737496,0.000000000,0.000000000,0.000000000,1.000000000
1403637175.991881371,6.585487992,1.618454880,-0.140992662,0.000000000,0.000000000,0.000000000,1.000000000
1403637176.040881395,6.637517149,1.566422720,-0.135312965,0.000000000,0.000000000,0.000000000,1.000000000
1403637176.087881327,6.690073776,1.512006446,-0.127132844,0.000000000,0.000000000,0.000000000,1.000000000
1403637176.141881227,6.746283829,1.450397662,-0.116168123,0.000000000,0.000000000,0.000000000,1.000000000
1403637176.243881226,6.893660555,1.334205019,-0.098194908,0.000000000,0.000000000,0.000000000,1.000000000
1403637176.287881374,6.945125175,1.276097075,-0.085397112,0.000000000,0.000000000,0.000000000,1.000000000
1403637176.340881348,6.998554673,1.210007791,-0.071531172,0.000000000,0.000000000,0.000000000,1.000000000
1403637176.389881372,7.051716663,1.143730578,-0.059825555,0.000000000,0.000000000,0.000000000,1.000000000
1403637176.440881252,7.103017609,1.075846817,-0.049210454,0.000000000,0.000000000,0.000000000,1.000000000
1403637176.491881371,7.157738394,1.004210191,-0.040461254,0.000000000,0.000000000,0.000000000,1.000000000
1403637176.590881348,7.293309642,0.866517341,-0.034413755,0.000000000,0.000000000,0.000000000,1.000000000
1403637176.640881300,7.340950183,0.792549387,-0.028583948,0.000000000,0.000000000,0.000000000,1.000000000
1403637176.690881252,7.388640384,0.717474256,-0.023804493,0.000000000,0.000000000,0.000000000,1.000000000
1403637176.739881277,7.434351960,0.642125727,-0.019539850,0.000000000,0.000000000,0.000000000,1.000000000
1403637176.790881395,7.480380038,0.563058518,-0.015915150,0.000000000,0.000000000,0.000000000,1.000000000
1403637176.842881203,7.564709459,0.483485708,-0.020698318,0.000000000,0.000000000,0.000000000,1.000000000
1403637176.891881227,7.609365582,0.405800970,-0.019391656,0.000000000,0.000000000,0.000000000,1.000000000
1403637176.991881371,7.695941955,0.244686753,-0.018723143,0.000000000,0.000000000,0.000000000,1.000000000
1403637177.089881182,7.778345872,0.087191219,-0.021203408,0.000000000,0.000000000,0.000000000,1.000000000
1403637177.139881372,7.861329086,0.007950709,-0.031801813,0.000000000,0.000000000,0.000000000,1.000000000
1403637177.189881325,7.906047593,-0.072460272,-0.035901883,0.000000000,0.000000000,0.000000000,1.000000000
1403637177.239881277,7.950834923,-0.151505779,-0.040847787,0.000000000,0.000000000,0.000000000,1.000000000
1403637177.288881302,7.994872001,-0.227435155,-0.046149133,0.000000000,0.000000000,0.000000000,1.000000000
1403637177.339881182,8.040881504,-0.304766009,-0.053177244,0.000000000,0.000000000,0.000000000,1.000000000
1403637177.389881372,8.086179878,-0.379132755,-0.060931679,0.000000000,0.000000000,0.000000000,1.000000000
1403637177.438881397,8.181708216,-0.454478231,-0.079619507,0.000000000,0.000000000,0.000000000,1.000000000
1403637177.540881395,8.279820900,-0.594229288,-0.101469634,0.000000000,0.000000000,0.000000000,1.000000000
1403637177.591881275,8.330568880,-0.661398377,-0.113833306,0.000000000,0.000000000,0.000000000,1.000000000
1403637177.639881372,8.384365219,-0.720619940,-0.127379255,0.000000000,0.000000000,0.000000000,1.000000000
1403637177.688881397,8.443802174,-0.778908457,-0.142104508,0.000000000,0.000000000,0.000000000,1.000000000
1403637177.740881205,8.563653624,-0.842756504,-0.167970539,0.000000000,0.000000000,0.000000000,1.000000000
1403637177.838881254,8.680451921,-0.941500218,-0.188832413,0.000000000,0.000000000,0.000000000,1.000000000
1403637177.889881372,8.748555855,-0.986364445,-0.197771130,0.000000000,0.000000000,0.000000000,1.000000000
1403637177.941881180,8.805467120,-1.027744205,-0.202254171,0.000000000,0.000000000,0.000000000,1.000000000
1403637177.989881277,8.879806707,-1.065312524,-0.208408891,0.000000000,0.000000000,0.000000000,1.000000000
1403637178.041881323,9.013862032,-1.107790779,-0.225746300,0.000000000,0.000000000,0.000000000,1.000000000
1403637178.090881348,9.071078040,-1.136297317,-0.229854209,0.000000000,0.000000000,0.000000000,1.000000000
1403637178.140881300,9.132315382,-1.162505299,-0.235645761,0.000000000,0.000000000,0.000000000,1.000000000
1403637178.241881371,9.253134081,-1.202618439,-0.252989748,0.000000000,0.000000000,0.000000000,1.000000000
1403637178.290881395,9.308050433,-1.216283527,-0.262442758,0.000000000,0.000000000,0.000000000,1.000000000
1403637178.340881348,9.364266709,-1.227094177,-0.272404032,0.000000000,0.000000000,0.000000000,1.000000000
1403637178.390881300,9.423097327,-1.233811774,-0.282225563,0.000000000,0.000000000,0.000000000,1.000000000
1403637179.239881277,10.246990610,-0.753661235,-0.334784901,0.000000000,0.000000000,0.000000000,1.000000000
1403637179.391881227,10.317327673,-0.609552108,-0.364813499,0.000000000,0.000000000,0.000000000,1.000000000
1403637179.440881252,10.348987680,-0.561696220,-0.373585795,0.000000000,0.000000000,0.000000000,1.000000000
1403637179.491881371,10.364450739,-0.513205447,-0.375143356,0.000000000,0.000000000,0.000000000,1.000000000
1403637179.539881229,10.378469446,-0.464941450,-0.372084613,0.000000000,0.000000000,0.000000000,1.000000000
1403637179.840881348,10.448361874,-0.161877028,-0.327454335,0.000000000,0.000000000,0.000000000,1.000000000
1403637179.889881372,10.454539708,-0.110194084,-0.330806368,0.000000000,0.000000000,0.000000000,1.000000000
1403637179.938881397,10.459305470,-0.057076206,-0.340780953,0.000000000,0.000000000,0.000000000,1.000000000
1403637180.389881372,10.430643255,0.467881818,-0.569281470,0.000000000,0.000000000,0.000000000,1.000000000
1403637180.442881346,10.411017562,0.535131618,-0.590020602,0.000000000,0.000000000,0.000000000,1.000000000
1403637180.487881184,10.396268723,0.593689980,-0.606873209,0.000000000,0.000000000,0.000000000,1.000000000
1403637180.589881182,10.365265684,0.724738663,-0.637775813,0.000000000,0.000000000,0.000000000,1.000000000
1403637180.642881393,10.349215581,0.794912751,-0.650870987,0.000000000,0.000000000,0.000000000,1.000000000
1403637180.687881231,10.334065320,0.855766835,-0.660928416,0.000000000,0.000000000,0.000000000,1.000000000
1403637180.738881350,10.318169461,0.922679449,-0.670134384,0.000000000,0.000000000,0.000000000,1.000000000
1403637180.789881229,10.293500780,0.989275505,-0.675095330,0.000000000,0.000000000,0.000000000,1.000000000
1403637180.887881279,10.260691305,1.122934705,-0.682680932,0.000000000,0.000000000,0.000000000,1.000000000
1403637180.940881252,10.245103357,1.195587487,-0.683491891,0.000000000,0.000000000,0.000000000,1.000000000
1403637180.989881277,10.228877537,1.264315725,-0.682235117,0.000000000,0.000000000,0.000000000,1.000000000
1403637181.039881229,10.203425410,1.335140355,-0.677195083,0.000000000,0.000000000,0.000000000,1.000000000
1403637181.891881227,9.662088593,2.695725720,-0.349661901,0.000000000,0.000000000,0.000000000,1.000000000
1403637181.991881371,9.580725372,2.861232670,-0.292241250,0.000000000,0.000000000,0.000000000,1.000000000
1403637182.040881395,9.536981734,2.945227978,-0.264712294,0.000000000,0.000000000,0.000000000,1.000000000
1403637182.088881254,9.496807336,3.022679650,-0.241217143,0.000000000,0.000000000,0.000000000,1.000000000
1403637182.138881207,9.453813819,3.103338338,-0.217027051,0.000000000,0.000000000,0.000000000,1.000000000
1403637182.187881231,9.410115912,3.185690611,-0.194474384,0.000000000,0.000000000,0.000000000,1.000000000
1403637182.237881184,9.365846418,3.266443634,-0.172961920,0.000000000,0.000000000,0.000000000,1.000000000
1403637182.288881302,9.302336062,3.339434846,-0.148984068,0.000000000,0.000000000,0.000000000,1.000000000
1403637182.337881327,9.257736522,3.418173501,-0.129241236,0.000000000,0.000000000,0.000000000,1.000000000
1403637182.438881397,9.164942972,3.570964753,-0.092897426,0.000000000,0.000000000,0.000000000,1.000000000
1403637182.488881350,9.116785483,3.645225584,-0.075966928,0.000000000,0.000000000,0.000000000,1.000000000
1403637182.537881374,9.068546841,3.717250450,-0.059889065,0.000000000,0.000000000,0.000000000,1.000000000
1403637182.588881254,8.995423446,3.779929388,-0.040557556,0.000000000,0.000000000,0.000000000,1.000000000
1403637182.688881397,8.890582064,3.913628016,-0.007938956,0.000000000,0.000000000,0.000000000,1.000000000
1403637182.741881371,8.834246574,3.980922952,0.013041319,0.000000000,0.000000000,0.000000000,1.000000000
1403637182.837881327,8.723000583,4.097676329,0.055286651,0.000000000,0.000000000,0.000000000,1.000000000
1403637182.888881207,8.635157339,4.141494241,0.083077966,0.000000000,0.000000000,0.000000000,1.000000000
1403637182.987881184,8.509837854,4.246634843,0.126896193,0.000000000,0.000000000,0.000000000,1.000000000
1403637183.087881327,8.381832126,4.344971946,0.163560329,0.000000000,0.000000000,0.000000000,1.000000000
1403637183.140881300,8.312784812,4.392265135,0.178877552,0.000000000,0.000000000,0.000000000,1.000000000
1403637183.191881180,8.208848593,4.416268469,0.195857906,0.000000000,0.000000000,0.000000000,1.000000000
1403637183.240881205,8.141769179,4.457025909,0.202101519,0.000000000,0.000000000,0.000000000,1.000000000
1403637183.291881323,8.075625719,4.495801899,0.203642489,0.000000000,0.000000000,0.000000000,1.000000000
1403637183.441881180,7.727478519,4.509480978,0.212510360,0.000000000,0.000000000,0.000000000,1.000000000
1403637183.589881182,7.589878066,4.614477616,0.172548450,0.000000000,0.000000000,0.000000000,1.000000000
1403637183.640881300,7.517155678,4.629216306,0.160911425,0.000000000,0.000000000,0.000000000,1.000000000
1403637183.688881397,7.422221601,4.621096567,0.154209128,0.000000000,0.000000000,0.000000000,1.000000000
1403637183.788881302,7.310557793,4.649845866,0.120322110,0.000000000,0.000000000,0.000000000,1.000000000
1403637183.842881203,7.188334727,4.617189366,0.113756828,0.000000000,0.000000000,0.000000000,1.000000000
1403637183.890881300,7.112371821,4.607222073,0.099358802,0.000000000,0.000000000,0.000000000,1.000000000
1403637183.940881252,7.039789077,4.595308243,0.084618393,0.000000000,0.000000000,0.000000000,1.000000000
1403637183.991881371,6.968302005,4.579695736,0.070354170,0.000000000,0.000000000,0.000000000,1.000000000
1403637184.087881327,6.824571699,4.529643356,0.050954448,0.000000000,0.000000000,0.000000000,1.000000000
1403637184.140881300,6.695283721,4.459494790,0.055357952,0.000000000,0.000000000,0.000000000,1.000000000
1403637184.242881298,6.564549831,4.383300573,0.046404527,0.000000000,0.000000000,0.000000000,1.000000000
1403637184.293881178,6.501773729,4.337669013,0.045033189,0.000000000,0.000000000,0.000000000,1.000000000
1403637184.339881182,6.448580654,4.294552800,0.044960305,0.000000000,0.000000000,0.000000000,1.000000000
1403637184.389881372,6.380956438,4.235644367,0.048270341,0.000000000,0.000000000,0.000000000,1.000000000
1403637184.438881397,6.299197600,4.163531380,0.053214784,0.000000000,0.000000000,0.000000000,1.000000000
1403637184.487881184,6.245731924,4.107853761,0.048350753,0.000000000,0.000000000,0.000000000,1.000000000
1403637184.540881395,6.194259395,4.048775516,0.037785799,0.000000000,0.000000000,0.000000000,1.000000000
1403637184.588881254,6.077431186,3.945344475,0.041046285,0.000000000,0.000000000,0.000000000,1.000000000
1403637184.688881397,5.978758083,3.817268640,0.010394987,0.000000000,0.000000000,0.000000000,1.000000000
1403637184.739881277,5.926828870,3.747721984,-0.005766736,0.000000000,0.000000000,0.000000000,1.000000000
1403637184.789881229,5.877442918,3.678899221,-0.023023560,0.000000000,0.000000000,0.000000000,1.000000000
1403637184.841881275,5.773982051,3.574308209,-0.026243554,0.000000000,0.000000000,0.000000000,1.000000000
1403637184.887881279,5.731456755,3.509414036,-0.042004473,0.000000000,0.000000000,0.000000000,1.000000000
1403637184.989881277,5.653272966,3.374671905,-0.072810147,0.000000000,0.000000000,0.000000000,1.000000000
1403637185.040881395,5.618151960,3.306693813,-0.085898417,0.000000000,0.000000000,0.000000000,1.000000000
1403637185.089881182,5.530128403,3.209693738,-0.078965646,0.000000000,0.000000000,0.000000000,1.000000000
1403637185.140881300,5.499947129,3.145072174,-0.085947236,0.000000000,0.000000000,0.000000000,1.000000000
1403637185.189881325,5.472884419,3.079222138,-0.091399296,0.000000000,0.000000000,0.000000000,1.000000000
1403637185.241881371,5.445451601,3.012945983,-0.093456952,0.000000000,0.000000000,0.000000000,1.000000000
1403637185.291881323,5.420774965,2.948786273,-0.092821277,0.000000000,0.000000000,0.000000000,1.000000000
1403637185.340881348,5.398862773,2.884052494,-0.090461544,0.000000000,0.000000000,0.000000000,1.000000000
1403637185.391881227,5.382050361,2.820878028,-0.086389295,0.000000000,0.000000000,0.000000000,1.000000000
1403637185.442881346,5.332973358,2.740565238,-0.070322947,0.000000000,0.000000000,0.000000000,1.000000000
1403637185.539881229,5.310305809,2.623816792,-0.052206729,0.000000000,0.000000000,0.000000000,1.000000000
1403637185.589881182,5.309143576,2.568836114,-0.041836072,0.000000000,0.000000000,0.000000000,1.000000000
1403637185.739881277,5.238098834,2.373449072,0.023881647,0.000000000,0.000000000,0.000000000,1.000000000
1403637185.940881252,5.304226311,2.190830552,0.087403496,0.000000000,0.000000000,0.000000000,1.000000000
1403637186.042881250,5.325151301,2.098219423,0.117734737,0.000000000,0.000000000,0.000000000,1.000000000
1403637186.089881182,5.332932624,2.054924825,0.129557698,0.000000000,0.000000000,0.000000000,1.000000000
1403637186.140881300,5.346358315,2.010590064,0.141880639,0.000000000,0.000000000,0.000000000,1.000000000
1403637186.191881180,5.353115642,1.965124468,0.153827164,0.000000000,0.000000000,0.000000000,1.000000000
1403637186.240881205,5.365879098,1.924716119,0.163701331,0.000000000,0.000000000,0.000000000,1.000000000
1403637186.289881229,5.378403105,1.885095159,0.175139536,0.000000000,0.000000000,0.000000000,1.000000000
1403637186.340881348,5.391313615,1.844844141,0.188682813,0.000000000,0.000000000,0.000000000,1.000000000
1403637186.388881207,5.404371118,1.807412998,0.203766279,0.000000000,0.000000000,0.000000000,1.000000000
1403637186.440881252,5.417546119,1.767844694,0.222356798,0.000000000,0.000000000,0.000000000,1.000000000
1403637186.490881205,5.430263338,1.732290044,0.241496187,0.000000000,0.000000000,0.000000000,1.000000000
1403637186.537881374,5.437921773,1.696319744,0.262827775,0.000000000,0.000000000,0.000000000,1.000000000
1403637186.587881327,5.451001257,1.660326867,0.285906686,0.000000000,0.000000000,0.000000000,1.000000000
1403637186.639881372,5.463247590,1.623888351,0.311117699,0.000000000,0.000000000,0.000000000,1.000000000
1403637186.737881184,5.486090775,1.554327742,0.363641656,0.000000000,0.000000000,0.000000000,1.000000000
1403637186.787881374,5.497974633,1.519575113,0.389717605,0.000000000,0.000000000,0.000000000,1.000000000
1403637186.838881254,5.509439675,1.484197470,0.414673087,0.000000000,0.000000000,0.000000000,1.000000000
1403637186.889881372,5.519168855,1.448841368,0.437980147,0.000000000,0.000000000,0.000000000,1.000000000
1403637186.988881350,5.544785878,1.377134418,0.476719734,0.000000000,0.000000000,0.000000000,1.000000000
1403637187.040881395,5.558004363,1.339634221,0.493109169,0.000000000,0.000000000,0.000000000,1.000000000
1403637187.088881254,5.570127251,1.303326300,0.506775038,0.000000000,0.000000000,0.000000000,1.000000000
1403637187.140881300,5.583813227,1.262715173,0.519550151,0.000000000,0.000000000,0.000000000,1.000000000
1403637187.188881397,5.597477807,1.223143975,0.529576929,0.000000000,0.000000000,0.000000000,1.000000000
1403637187.240881205,5.617823928,1.182739734,0.537157723,0.000000000,0.000000000,0.000000000,1.000000000
1403637187.289881229,5.634059243,1.139901998,0.544084382,0.000000000,0.000000000,0.000000000,1.000000000
1403637187.339881182,5.651946076,1.095520833,0.548993224,0.000000000,0.000000000,0.000000000,1.000000000
1403637187.438881397,5.689185389,1.005105811,0.554428538,0.000000000,0.000000000,0.000000000,1.000000000
1403637187.490881205,5.709884143,0.957494301,0.555412031,0.000000000,0.000000000,0.000000000,1.000000000
1403637187.540881395,5.731118186,0.909915125,0.556152476,0.000000000,0.000000000,0.000000000,1.000000000
1403637187.591881275,5.768458501,0.863206854,0.552412052,0.000000000,0.000000000,0.000000000,1.000000000
1403637187.640881300,5.794589688,0.815413521,0.550839878,0.000000000,0.000000000,0.000000000,1.000000000
1403637187.739881277,5.846275879,0.721225486,0.547168394,0.000000000,0.000000000,0.000000000,1.000000000
1403637187.787881374,5.872951756,0.674127843,0.544987174,0.000000000,0.000000000,0.000000000,1.000000000
1403637187.838881254,5.902222967,0.626049672,0.541930779,0.000000000,0.000000000,0.000000000,1.000000000
1403637187.887881279,5.931769164,0.580396252,0.538458721,0.000000000,0.000000000,0.000000000,1.000000000
1403637187.939881325,5.987567910,0.535575228,0.530427076,0.000000000,0.000000000,0.000000000,1.000000000
1403637188.038881302,6.055281379,0.446019951,0.520652347,0.000000000,0.000000000,0.000000000,1.000000000
1403637188.089881182,6.092910441,0.402522302,0.514785780,0.000000000,0.000000000,0.000000000,1.000000000
1403637188.139881372,6.129123163,0.359824913,0.508861513,0.000000000,0.000000000,0.000000000,1.000000000
1403637188.189881325,6.168879178,0.318339540,0.502164843,0.000000000,0.000000000,0.000000000,1.000000000
1403637188.242881298,6.247871719,0.277963138,0.489489111,0.000000000,0.000000000,0.000000000,1.000000000
1403637188.340881348,6.330334975,0.199547329,0.473255238,0.000000000,0.000000000,0.000000000,1.000000000
1403637188.390881300,6.375564479,0.162313951,0.464392793,0.000000000,0.000000000,0.000000000,1.000000000
1403637188.439881325,6.419385086,0.126282409,0.454666210,0.000000000,0.000000000,0.000000000,1.000000000
1403637188.487881184,6.464916039,0.092866094,0.444533900,0.000000000,0.000000000,0.000000000,1.000000000
1403637188.541881323,6.552559443,0.056300283,0.426404298,0.000000000,0.000000000,0.000000000,1.000000000
1403637188.590881348,6.597464339,0.025044266,0.414796157,0.000000000,0.000000000,0.000000000,1.000000000
1403637188.688881397,6.759428032,-0.036689928,0.377055890,0.000000000,0.000000000,0.000000000,1.000000000
1403637188.790881395,6.810516582,-0.097757887,0.352700727,0.000000000,0.000000000,0.000000000,1.000000000
1403637188.841881275,6.856855914,-0.127510275,0.335711791,0.000000000,0.000000000,0.000000000,1.000000000
1403637188.890881300,6.924586522,-0.158109193,0.314154633,0.000000000,0.000000000,0.000000000,1.000000000
1403637188.940881252,6.965347320,-0.188733393,0.295933521,0.000000000,0.000000000,0.000000000,1.000000000
1403637188.988881350,7.002043348,-0.218491729,0.278357857,0.000000000,0.000000000,0.000000000,1.000000000
1403637189.041881323,7.043233031,-0.251841780,0.258935754,0.000000000,0.000000000,0.000000000,1.000000000
1403637189.090881348,7.083721571,-0.283792017,0.241893202,0.000000000,0.000000000,0.000000000,1.000000000
1403637189.140881300,7.123349107,-0.317003576,0.226831366,0.000000000,0.000000000,0.000000000,1.000000000
1403637189.190881252,7.163227294,-0.350543660,0.214070650,0.000000000,0.000000000,0.000000000,1.000000000
1403637189.242881298,7.206074173,-0.387532824,0.202662509,0.000000000,0.000000000,0.000000000,1.000000000
1403637189.287881374,7.297324983,-0.421594613,0.183098441,0.000000000,0.000000000,0.000000000,1.000000000
1403637189.338881254,7.340172338,-0.458296534,0.173281844,0.000000000,0.000000000,0.000000000,1.000000000
1403637189.389881372,7.381669186,-0.494866100,0.162453000,0.000000000,0.000000000,0.000000000,1.000000000
1403637189.489881277,7.469157346,-0.570423277,0.129883043,0.000000000,0.000000000,0.000000000,1.000000000
1403637189.539881229,7.518166281,-0.609209553,0.108002415,0.000000000,0.000000000,0.000000000,1.000000000
1403637189.589881182,7.564836990,-0.647427609,0.085237539,0.000000000,0.000000000,0.000000000,1.000000000
1403637189.640881300,7.607531885,-0.686885138,0.064590047,0.000000000,0.000000000,0.000000000,1.000000000
1403637189.688881397,7.652618176,-0.724230563,0.045678558,0.000000000,0.000000000,0.000000000,1.000000000
1403637189.739881277,7.743683374,-0.768325337,0.020090331,0.000000000,0.000000000,0.000000000,1.000000000
1403637189.789881229,7.790117938,-0.807914552,0.005697338,0.000000000,0.000000000,0.000000000,1.000000000
1403637189.840881348,7.834790168,-0.848377294,-0.005904742,0.000000000,0.000000000,0.000000000,1.000000000
1403637189.941881180,7.917335821,-0.927950631,-0.020156479,0.000000000,0.000000000,0.000000000,1.000000000
1403637189.991881371,7.962977358,-0.967642731,-0.024749228,0.000000000,0.000000000,0.000000000,1.000000000
1403637190.239881277,8.232236610,-1.172193024,-0.026266921,0.000000000,0.000000000,0.000000000,1.000000000
1403637190.290881395,8.273109634,-1.211205095,-0.019143767,0.000000000,0.000000000,0.000000000,1.000000000
1403637190.339881182,8.318985718,-1.250588594,-0.011586900,0.000000000,0.000000000,0.000000000,1.000000000
1403637190.388881207,8.357187658,-1.288387890,-0.001472124,0.000000000,0.000000000,0.000000000,1.000000000
1403637190.439881325,8.393530291,-1.326894260,0.011257399,0.000000000,0.000000000,0.000000000,1.000000000
1403637190.489881277,8.434931371,-1.365444079,0.024539090,0.000000000,0.000000000,0.000000000,1.000000000
1403637190.540881395,8.508494356,-1.410139064,0.034453467,0.000000000,0.000000000,0.000000000,1.000000000
1403637190.588881254,8.544169436,-1.447706105,0.051406353,0.000000000,0.000000000,0.000000000,1.000000000
1403637190.689881325,8.609199473,-1.522968975,0.087790275,0.000000000,0.000000000,0.000000000,1.000000000
1403637190.738881350,8.647035740,-1.560234744,0.101993369,0.000000000,0.000000000,0.000000000,1.000000000
1403637190.790881395,8.681443295,-1.597859699,0.115440177,0.000000000,0.000000000,0.000000000,1.000000000
1403637190.840881348,8.710726165,-1.633535170,0.127684773,0.000000000,0.000000000,0.000000000,1.000000000
1403637190.889881372,8.741620717,-1.669191050,0.137902499,0.000000000,0.000000000,0.000000000,1.000000000
1403637190.988881350,8.830457947,-1.746646933,0.150137470,0.000000000,0.000000000,0.000000000,1.000000000
1403637191.040881395,8.856250974,-1.782723133,0.156902334,0.000000000,0.000000000,0.000000000,1.000000000
1403637191.088881254,8.883103082,-1.815906573,0.160704840,0.000000000,0.000000000,0.000000000,1.000000000
1403637191.137881279,8.907371069,-1.850703779,0.163885560,0.000000000,0.000000000,0.000000000,1.000000000
1403637191.188881397,8.933244034,-1.885450198,0.164591264,0.000000000,0.000000000,0.000000000,1.000000000
1403637191.238881350,8.957777236,-1.920618643,0.164488236,0.000000000,0.000000000,0.000000000,1.000000000
1403637191.288881302,9.009226342,-1.960924401,0.158837881,0.000000000,0.000000000,0.000000000,1.000000000
1403637191.337881327,9.030265047,-1.995386948,0.156349783,0.000000000,0.000000000,0.000000000,1.000000000
1403637191.389881372,9.049952845,-2.030185003,0.152881305,0.000000000,0.000000000,0.000000000,1.000000000
1403637191.488881350,9.089530203,-2.099692034,0.142157060,0.000000000,0.000000000,0.000000000,1.000000000
1403637191.539881229,9.108404274,-2.134735872,0.135565865,0.000000000,0.000000000,0.000000000,1.000000000
1403637191.586881399,9.128735646,-2.167680692,0.129096480,0.000000000,0.000000000,0.000000000,1.000000000
1403637191.638881207,9.169381545,-2.209664062,0.120657170,0.000000000,0.000000000,0.000000000,1.000000000
1403637191.738881350,9.196040899,-2.276981655,0.116734742,0.000000000,0.000000000,0.000000000,1.000000000
1403637191.787881374,9.209902967,-2.309707630,0.117706341,0.000000000,0.000000000,0.000000000,1.000000000
1403637191.838881254,9.221914247,-2.342544897,0.121029045,0.000000000,0.000000000,0.000000000,1.000000000
1403637191.889881372,9.234103701,-2.375178077,0.125830463,0.000000000,0.000000000,0.000000000,1.000000000
1403637191.991881371,9.274102016,-2.440854550,0.137765466,0.000000000,0.000000000,0.000000000,1.000000000
1403637192.042881250,9.283774319,-2.468860213,0.147410101,0.000000000,0.000000000,0.000000000,1.000000000
1403637192.087881327,9.294369490,-2.493200801,0.157187626,0.000000000,0.000000000,0.000000000,1.000000000
1403637192.139881372,9.304197146,-2.517891026,0.170003051,0.000000000,0.000000000,0.000000000,1.000000000
1403637192.187881231,9.312904856,-2.539749600,0.184744267,0.000000000,0.000000000,0.000000000,1.000000000
1403637192.238881350,9.335596127,-2.564127365,0.200156340,0.000000000,0.000000000,0.000000000,1.000000000
1403637192.289881229,9.344824354,-2.581842140,0.218957473,0.000000000,0.000000000,0.000000000,1.000000000
1403637192.339881182,9.354830067,-2.597277000,0.239328410,0.000000000,0.000000000,0.000000000,1.000000000
1403637192.388881207,9.365603955,-2.610363152,0.261064872,0.000000000,0.000000000,0.000000000,1.000000000
1403637192.439881325,9.376396933,-2.620294536,0.284740282,0.000000000,0.000000000,0.000000000,1.000000000
1403637192.487881184,9.386902207,-2.627000697,0.307843379,0.000000000,0.000000000,0.000000000,1.000000000
1403637192.539881229,9.404709637,-2.633702747,0.331302093,0.000000000,0.000000000,0.000000000,1.000000000
1403637192.591881275,9.417121488,-2.636450218,0.353445561,0.000000000,0.000000000,0.000000000,1.000000000
1403637192.642881393,9.428824144,-2.637345510,0.374552565,0.000000000,0.000000000,0.000000000,1.000000000
1403637192.688881397,9.441836653,-2.635632050,0.392156133,0.000000000,0.000000000,0.000000000,1.000000000
1403637192.787881374,9.467869461,-2.626674216,0.424162640,0.000000000,0.000000000,0.000000000,1.000000000
1403637192.838881254,9.492638289,-2.621691254,0.437206400,0.000000000,0.000000000,0.000000000,1.000000000
1403637192.940881252,9.524595232,-2.601748796,0.459741251,0.000000000,0.000000000,0.000000000,1.000000000
1403637192.991881371,9.541541733,-2.589490243,0.469905790,0.000000000,0.000000000,0.000000000,1.000000000
1403637193.042881250,9.571394289,-2.579167515,0.479451813,0.000000000,0.000000000,0.000000000,1.000000000
1403637193.140881300,9.609770303,-2.550483750,0.504301987,0.000000000,0.000000000,0.000000000,1.000000000
1403637193.188881397,9.631198516,-2.534410224,0.519775061,0.000000000,0.000000000,0.000000000,1.000000000
1403637193.238881350,9.652966458,-2.517567921,0.537401928,0.000000000,0.000000000,0.000000000,1.000000000
1403637193.340881348,9.717245532,-2.488050331,0.575811305,0.000000000,0.000000000,0.000000000,1.000000000
1403637193.392881393,9.744226488,-2.471140399,0.596547186,0.000000000,0.000000000,0.000000000,1.000000000
1403637193.441881180,9.770834505,-2.454314537,0.614575372,0.000000000,0.000000000,0.000000000,1.000000000
1403637193.542881250,9.845613068,-2.424043589,0.638022943,0.000000000,0.000000000,0.000000000,1.000000000
1403637193.588881254,9.872956012,-2.407838377,0.645375129,0.000000000,0.000000000,0.000000000,1.000000000
1403637193.639881372,9.902578067,-2.390155575,0.651749905,0.000000000,0.000000000,0.000000000,1.000000000
1403637193.688881397,9.959103223,-2.379653364,0.655748329,0.000000000,0.000000000,0.000000000,1.000000000
1403637193.740881205,9.991998427,-2.361340137,0.664039699,0.000000000,0.000000000,0.000000000,1.000000000
1403637193.841881275,10.057182558,-2.323781740,0.685964327,0.000000000,0.000000000,0.000000000,1.000000000
1403637193.890881300,10.089497317,-2.304284309,0.699403864,0.000000000,0.000000000,0.000000000,1.000000000
1403637193.989881277,10.184239000,-2.268173590,0.729029690,0.000000000,0.000000000,0.000000000,1.000000000
1403637194.039881229,10.219339935,-2.245391281,0.746532661,0.000000000,0.000000000,0.000000000,1.000000000
1403637194.088881254,10.254359091,-2.222209423,0.763420221,0.000000000,0.000000000,0.000000000,1.000000000
1403637194.138881207,10.287609447,-2.196509806,0.778398090,0.000000000,0.000000000,0.000000000,1.000000000
1403637194.189881325,10.347760317,-2.176512779,0.786821974,0.000000000,0.000000000,0.000000000,1.000000000
1403637194.240881205,10.381447412,-2.149458671,0.792618071,0.000000000,0.000000000,0.000000000,1.000000000
1403637194.290881395,10.416855159,-2.122006794,0.794070075,0.000000000,0.000000000,0.000000000,1.000000000
1403637194.487881184,10.577274801,-2.010792293,0.788267438,0.000000000,0.000000000,0.000000000,1.000000000
1403637194.540881395,10.612145495,-1.977866123,0.790037745,0.000000000,0.000000000,0.000000000,1.000000000
1403637194.589881182,10.669559008,-1.948941908,0.791594625,0.000000000,0.000000000,0.000000000,1.000000000
1403637194.641881227,10.702524416,-1.915044871,0.797037062,0.000000000,0.000000000,0.000000000,1.000000000
1403637194.690881252,10.736283868,-1.881690117,0.802784289,0.000000000,0.000000000,0.000000000,1.000000000
1403637194.737881184,10.767071054,-1.847969735,0.811019108,0.000000000,0.000000000,0.000000000,1.000000000
1403637194.937881231,10.926442924,-1.703644432,0.855761844,0.000000000,0.000000000,0.000000000,1.000000000
1403637194.987881184,10.960551285,-1.664238261,0.867439454,0.000000000,0.000000000,0.000000000,1.000000000
1403637195.040881395,11.021410800,-1.626386927,0.876254392,0.000000000,0.000000000,0.000000000,1.000000000
1403637195.089881182,11.053009445,-1.586308436,0.884501963,0.000000000,0.000000000,0.000000000,1.000000000
1403637195.141881227,11.088757594,-1.543546358,0.891211510,0.000000000,0.000000000,0.000000000,1.000000000
1403637195.187881231,11.122681173,-1.504485683,0.895960089,0.000000000,0.000000000,0.000000000,1.000000000
1403637195.240881205,11.184828807,-1.463461782,0.898074340,0.000000000,0.000000000,0.000000000,1.000000000
1403637195.288881302,11.218362845,-1.423372821,0.899872120,0.000000000,0.000000000,0.000000000,1.000000000
1403637195.337881327,11.252011880,-1.380524060,0.900719700,0.000000000,0.000000000,0.000000000,1.000000000
1403637195.387881279,11.286493752,-1.336935789,0.900256390,0.000000000,0.000000000,0.000000000,1.000000000
1403637195.438881397,11.319738378,-1.292936977,0.898330347,0.000000000,0.000000000,0.000000000,1.000000000
1403637195.491881371,11.353902126,-1.247353585,0.895213234,0.000000000,0.000000000,0.000000000,1.000000000
1403637195.542881250,11.414538137,-1.205441772,0.889910006,0.000000000,0.000000000,0.000000000,1.000000000
1403637195.688881397,11.505578598,-1.076758550,0.884831347,0.000000000,0.000000000,0.000000000,1.000000000
1403637195.737881184,11.533874494,-1.032528780,0.886932560,0.000000000,0.000000000,0.000000000,1.000000000
1403637195.789881229,11.584938649,-0.990465328,0.889535101,0.000000000,0.000000000,0.000000000,1.000000000
1403637195.838881254,11.610079168,-0.945380660,0.894797149,0.000000000,0.000000000,0.000000000,1.000000000
1403637195.888881207,11.635927123,-0.902350602,0.901141669,0.000000000,0.000000000,0.000000000,1.000000000
1403637195.940881252,11.662036885,-0.855252513,0.910263386,0.000000000,0.000000000,0.000000000,1.000000000
1403637195.989881277,11.706657879,-0.812222056,0.918131120,0.000000000,0.000000000,0.000000000,1.000000000
1403637196.041881323,11.729375423,-0.765032348,0.927786760,0.000000000,0.000000000,0.000000000,1.000000000
1403637196.091881275,11.751706042,-0.720109346,0.936656838,0.000000000,0.000000000,0.000000000,1.000000000
1403637196.142881393,11.771989751,-0.671882894,0.944665118,0.000000000,0.000000000,0.000000000,1.000000000
1403637196.188881397,11.806694621,-0.628434195,0.949454646,0.000000000,0.000000000,0.000000000,1.000000000
1403637196.287881374,11.839928237,-0.530639139,0.957590788,0.000000000,0.000000000,0.000000000,1.000000000
1403637196.338881254,11.854294458,-0.477793754,0.959638630,0.000000000,0.000000000,0.000000000,1.000000000
1403637196.389881372,11.866364340,-0.423674354,0.959538597,0.000000000,0.000000000,0.000000000,1.000000000
1403637196.440881252,11.882251302,-0.366793353,0.958907337,0.000000000,0.000000000,0.000000000,1.000000000
1403637196.587881327,11.892071923,-0.191536354,0.952282890,0.000000000,0.000000000,0.000000000,1.000000000
1403637196.638881207,11.890747435,-0.126409505,0.948112643,0.000000000,0.000000000,0.000000000,1.000000000
1403637196.989881277,11.753175470,0.373741103,0.884418247,0.000000000,0.000000000,0.000000000,1.000000000
1403637197.139881372,11.627907150,0.605017728,0.841949847,0.000000000,0.000000000,0.000000000,1.000000000
1403637197.342881203,11.424042756,0.927688386,0.796530344,0.000000000,0.000000000,0.000000000,1.000000000
1403637197.439881325,11.322331553,1.080357035,0.784923096,0.000000000,0.000000000,0.000000000,1.000000000
1403637197.487881184,11.270005509,1.159256882,0.781768431,0.000000000,0.000000000,0.000000000,1.000000000
1403637197.540881395,11.218975961,1.239747736,0.779909901,0.000000000,0.000000000,0.000000000,1.000000000
1403637197.640881300,11.065088155,1.392307092,0.785389699,0.000000000,0.000000000,0.000000000,1.000000000
1403637197.690881252,11.008846369,1.469684940,0.789593962,0.000000000,0.000000000,0.000000000,1.000000000
1403637198.539881229,9.619472418,2.672444305,1.115466533,0.000000000,0.000000000,0.000000000,1.000000000
1403637198.639881372,9.504273619,2.830064559,1.169012703,0.000000000,0.000000000,0.000000000,1.000000000
1403637198.690881252,9.399041683,2.893688645,1.192748110,0.000000000,0.000000000,0.000000000,1.000000000
1403637198.740881205,9.243749179,2.943158622,1.214053820,0.000000000,0.000000000,0.000000000,1.000000000
1403637198.788881302,9.154150451,3.003689996,1.227599188,0.000000000,0.000000000,0.000000000,1.000000000
1403637198.887881279,8.964427153,3.134735391,1.242742297,0.000000000,0.000000000,0.000000000,1.000000000
1403637198.937881231,8.874400947,3.202901158,1.243208632,0.000000000,0.000000000,0.000000000,1.000000000
1403637199.090881348,8.233523176,3.259327297,1.233352166,0.000000000,0.000000000,0.000000000,1.000000000
1403637199.288881302,7.966764419,3.532979976,1.199368429,0.000000000,0.000000000,0.000000000,1.000000000
1403637199.387881279,7.749148337,3.628689169,1.192859945,0.000000000,0.000000000,0.000000000,1.000000000
1403637199.439881325,7.631194119,3.674052189,1.191826579,0.000000000,0.000000000,0.000000000,1.000000000
1403637199.489881277,7.437868478,3.673618636,1.196231270,0.000000000,0.000000000,0.000000000,1.000000000
1403637199.539881229,7.319101537,3.709877199,1.198217056,0.000000000,0.000000000,0.000000000,1.000000000
1403637199.589881182,7.204198662,3.743358051,1.201486358,0.000000000,0.000000000,0.000000000,1.000000000
1403637199.640881300,7.088326976,3.776919703,1.205442808,0.000000000,0.000000000,0.000000000,1.000000000
1403637199.688881397,6.895110765,3.758402923,1.212210206,0.000000000,0.000000000,0.000000000,1.000000000
1403637199.737881184,6.778552744,3.785479258,1.214537521,0.000000000,0.000000000,0.000000000,1.000000000
1403637199.788881302,6.660736012,3.806918764,1.215384764,0.000000000,0.000000000,0.000000000,1.000000000
1403637199.839881182,6.548155935,3.831573389,1.213937383,0.000000000,0.000000000,0.000000000,1.000000000
1403637200.541881323,4.831003680,3.589543228,0.892607958,0.000000000,0.000000000,0.000000000,1.000000000
1403637200.642881393,4.741447267,3.572212514,0.830253718,0.000000000,0.000000000,0.000000000,1.000000000
1403637200.687881231,4.654092698,3.523596523,0.809754156,0.000000000,0.000000000,0.000000000,1.000000000
1403637200.742881298,4.528553611,3.444153596,0.793529083,0.000000000,0.000000000,0.000000000,1.000000000
1403637200.787881374,4.460850984,3.402835032,0.775470678,0.000000000,0.000000000,0.000000000,1.000000000
1403637200.840881348,4.396508827,3.361413474,0.755415461,0.000000000,0.000000000,0.000000000,1.000000000
1403637200.887881279,4.330620424,3.310746903,0.738157153,0.000000000,0.000000000,0.000000000,1.000000000
1403637200.939881325,4.264115062,3.271406864,0.724245047,0.000000000,0.000000000,0.000000000,1.000000000
1403637200.987881184,4.202331850,3.226494383,0.713538217,0.000000000,0.000000000,0.000000000,1.000000000
1403637201.038881302,4.139572525,3.177713905,0.702799907,0.000000000,0.000000000,0.000000000,1.000000000
1403637201.087881327,4.025367859,3.087921435,0.705686287,0.000000000,0.000000000,0.000000000,1.000000000
1403637201.190881252,3.922606659,2.997111522,0.692544492,0.000000000,0.000000000,0.000000000,1.000000000
1403637201.238881350,3.871824974,2.949382361,0.690095813,0.000000000,0.000000000,0.000000000,1.000000000
1403637201.290881395,3.826321166,2.903001813,0.687635197,0.000000000,0.000000000,0.000000000,1.000000000
1403637201.342881203,3.782093808,2.855464056,0.687362697,0.000000000,0.000000000,0.000000000,1.000000000
1403637201.390881300,3.689098067,2.770124339,0.700334242,0.000000000,0.000000000,0.000000000,1.000000000
1403637201.490881205,3.612124235,2.675288541,0.708283538,0.000000000,0.000000000,0.000000000,1.000000000
1403637201.542881250,3.577963819,2.628504913,0.711630767,0.000000000,0.000000000,0.000000000,1.000000000
1403637201.590881348,3.546255720,2.583065811,0.713883691,0.000000000,0.000000000,0.000000000,1.000000000
1403637201.641881227,3.517695672,2.537762109,0.714306301,0.000000000,0.000000000,0.000000000,1.000000000
1403637201.740881205,3.437064068,2.428180181,0.718876671,0.000000000,0.000000000,0.000000000,1.000000000
1403637201.789881229,3.419583919,2.388191836,0.715315166,0.000000000,0.000000000,0.000000000,1.000000000
1403637201.841881275,3.404428386,2.347799787,0.710696707,0.000000000,0.000000000,0.000000000,1.000000000
1403637201.890881300,3.391874257,2.308470264,0.705405870,0.000000000,0.000000000,0.000000000,1.000000000
1403637201.939881325,3.380923004,2.270077405,0.700136039,0.000000000,0.000000000,0.000000000,1.000000000
1403637201.990881205,3.373995377,2.232636879,0.694843017,0.000000000,0.000000000,0.000000000,1.000000000
1403637202.041881323,3.372977794,2.197317675,0.690549620,0.000000000,0.000000000,0.000000000,1.000000000
1403637202.091881275,3.374535042,2.164215860,0.688867938,0.000000000,0.000000000,0.000000000,1.000000000
1403637202.141881227,3.374617637,2.128556441,0.690438623,0.000000000,0.000000000,0.000000000,1.000000000
1403637202.240881205,3.402207211,2.074117954,0.694773965,0.000000000,0.000000000,0.000000000,1.000000000
1403637202.440881252,3.501463087,1.992428073,0.716444059,0.000000000,0.000000000,0.000000000,1.000000000
1403637202.538881302,3.545621873,1.955363647,0.727234594,0.000000000,0.000000000,0.000000000,1.000000000
1403637202.588881254,3.575934885,1.943287514,0.729507641,0.000000000,0.000000000,0.000000000,1.000000000
1403637202.639881372,3.624692680,1.942051809,0.727290290,0.000000000,0.000000000,0.000000000,1.000000000
1403637202.688881397,3.657464243,1.934976893,0.728186232,0.000000000,0.000000000,0.000000000,1.000000000
1403637202.739881277,3.689278662,1.927996253,0.730879066,0.000000000,0.000000000,0.000000000,1.000000000
1403637202.790881395,3.724101832,1.924261443,0.734742259,0.000000000,0.000000000,0.000000000,1.000000000
1403637202.839881182,3.755409641,1.921205635,0.740468854,0.000000000,0.000000000,0.000000000,1.000000000
1403637202.889881372,3.787509052,1.919400963,0.748166897,0.000000000,0.000000000,0.000000000,1.000000000
1403637202.939881325,3.819364896,1.918513947,0.757542194,0.000000000,0.000000000,0.000000000,1.000000000
1403637202.990881205,3.877841404,1.927798677,0.761317734,0.000000000,0.000000000,0.000000000,1.000000000
1403637203.040881395,3.907780838,1.930542851,0.771242040,0.000000000,0.000000000,0.000000000,1.000000000
1403637203.140881300,3.970090402,1.934802914,0.783836203,0.000000000,0.000000000,0.000000000,1.000000000
1403637203.189881325,3.999522977,1.936104366,0.788227276,0.000000000,0.000000000,0.000000000,1.000000000
1403637203.241881371,4.030559511,1.938196186,0.791420584,0.000000000,0.000000000,0.000000000,1.000000000
1403637203.339881182,4.091311555,1.943573354,0.794248619,0.000000000,0.000000000,0.000000000,1.000000000
1403637203.387881279,4.141825850,1.956164160,0.790576522,0.000000000,0.000000000,0.000000000,1.000000000
1403637203.489881277,4.195179486,1.958691360,0.789205758,0.000000000,0.000000000,0.000000000,1.000000000
1403637203.539881229,4.221026135,1.960087218,0.787507894,0.000000000,0.000000000,0.000000000,1.000000000
1403637203.588881254,4.246603673,1.961645406,0.784792040,0.000000000,0.000000000,0.000000000,1.000000000
1403637203.639881372,4.270222426,1.962316272,0.781366746,0.000000000,0.000000000,0.000000000,1.000000000
1403637203.688881397,4.294439937,1.963552030,0.776543342,0.000000000,0.000000000,0.000000000,1.000000000
1403637203.738881350,4.334683000,1.972108114,0.767972353,0.000000000,0.000000000,0.000000000,1.000000000
1403637203.789881229,4.357586198,1.972999066,0.761248695,0.000000000,0.000000000,0.000000000,1.000000000
1403637203.888881207,4.398400063,1.972681213,0.745879026,0.000000000,0.000000000,0.000000000,1.000000000
1403637203.939881325,4.418244548,1.971906867,0.736742705,0.000000000,0.000000000,0.000000000,1.000000000
1403637203.991881371,4.436914468,1.970958028,0.726930202,0.000000000,0.000000000,0.000000000,1.000000000
1403637204.038881302,4.469817255,1.976480038,0.713717356,0.000000000,0.000000000,0.000000000,1.000000000
1403637204.087881327,4.486335091,1.974641600,0.702359444,0.000000000,0.000000000,0.000000000,1.000000000
1403637204.138881207,4.501844781,1.972078629,0.689967326,0.000000000,0.000000000,0.000000000,1.000000000
1403637204.238881350,4.532753389,1.967062655,0.665472102,0.000000000,0.000000000,0.000000000,1.000000000
1403637204.289881229,4.547625669,1.964122435,0.655334932,0.000000000,0.000000000,0.000000000,1.000000000
1403637204.338881254,4.560931445,1.960437689,0.647080008,0.000000000,0.000000000,0.000000000,1.000000000
1403637204.388881207,4.574565032,1.956826082,0.640868233,0.000000000,0.000000000,0.000000000,1.000000000
1403637204.487881184,4.607250968,1.951962183,0.633571807,0.000000000,0.000000000,0.000000000,1.000000000
1403637204.542881250,4.618663515,1.946132928,0.634295175,0.000000000,0.000000000,0.000000000,1.000000000
1403637204.589881182,4.629059325,1.940748113,0.636580501,0.000000000,0.000000000,0.000000000,1.000000000
1403637204.640881300,4.640054730,1.934635120,0.640570198,0.000000000,0.000000000,0.000000000,1.000000000
1403637204.691881180,4.654093860,1.929689000,0.645977017,0.000000000,0.000000000,0.000000000,1.000000000
1403637204.740881205,4.661805511,1.922420410,0.653723517,0.000000000,0.000000000,0.000000000,1.000000000
1403637204.789881229,4.675358227,1.917104721,0.662045176,0.000000000,0.000000000,0.000000000,1.000000000
1403637204.843881369,4.683935852,1.908863303,0.672859527,0.000000000,0.000000000,0.000000000,1.000000000
1403637204.942881346,4.701597157,1.892587441,0.692488857,0.000000000,0.000000000,0.000000000,1.000000000
1403637204.987881184,4.710125963,1.885105619,0.699287122,0.000000000,0.000000000,0.000000000,1.000000000
1403637205.088881254,4.727324591,1.867987397,0.709228606,0.000000000,0.000000000,0.000000000,1.000000000
1403637205.139881372,4.734578588,1.859025957,0.711992134,0.000000000,0.000000000,0.000000000,1.000000000
1403637205.239881277,4.751725660,1.843108836,0.712430671,0.000000000,0.000000000,0.000000000,1.000000000
1403637205.287881374,4.757917268,1.834941201,0.711090207,0.000000000,0.000000000,0.000000000,1.000000000
1403637205.338881254,4.763073786,1.826093801,0.708596837,0.000000000,0.000000000,0.000000000,1.000000000
1403637205.389881372,4.768746026,1.818147854,0.704895365,0.000000000,0.000000000,0.000000000,1.000000000
1403637205.438881397,4.773894533,1.811105674,0.700238082,0.000000000,0.000000000,0.000000000,1.000000000
1403637205.488881350,4.778155362,1.803518514,0.695623822,0.000000000,0.000000000,0.000000000,1.000000000
1403637205.539881229,4.781433149,1.796188484,0.692278432,0.000000000,0.000000000,0.000000000,1.000000000
1403637205.591881275,4.784813447,1.789309811,0.690627249,0.000000000,0.000000000,0.000000000,1.000000000
1403637205.690881252,4.788280388,1.775232896,0.692913988,0.000000000,0.000000000,0.000000000,1.000000000
1403637205.741881371,4.789119665,1.768121333,0.695095219,0.000000000,0.000000000,0.000000000,1.000000000
1403637205.787881374,4.789452591,1.761768253,0.695985321,0.000000000,0.000000000,0.000000000,1.000000000
1403637205.842881203,4.789799977,1.754464053,0.694932079,0.000000000,0.000000000,0.000000000,1.000000000
1403637205.888881207,4.786725523,1.747130540,0.692758454,0.000000000,0.000000000,0.000000000,1.000000000
1403637205.991881371,4.784904205,1.732361445,0.682140691,0.000000000,0.000000000,0.000000000,1.000000000
1403637206.088881254,4.780465321,1.717052954,0.668105206,0.000000000,0.000000000,0.000000000,1.000000000
1403637206.140881300,4.777029964,1.708311467,0.661323581,0.000000000,0.000000000,0.000000000,1.000000000
1403637206.189881325,4.773337399,1.703522387,0.655096796,0.000000000,0.000000000,0.000000000,1.000000000
1403637206.240881205,4.763157916,1.695952107,0.649262937,0.000000000,0.000000000,0.000000000,1.000000000
1403637206.289881229,4.763099226,1.681244225,0.649860585,0.000000000,0.000000000,0.000000000,1.000000000
1403637206.338881254,4.759805701,1.672120634,0.649549977,0.000000000,0.000000000,0.000000000,1.000000000
1403637206.440881252,4.752248892,1.653449166,0.654907343,0.000000000,0.000000000,0.000000000,1.000000000
1403637206.488881350,4.748837010,1.644312945,0.660151550,0.000000000,0.000000000,0.000000000,1.000000000
1403637206.539881229,4.745885866,1.634595143,0.666966006,0.000000000,0.000000000,0.000000000,1.000000000
1403637206.590881348,4.735700695,1.622616086,0.677130360,0.000000000,0.000000000,0.000000000,1.000000000
1403637206.641881227,4.733210409,1.612916629,0.686918335,0.000000000,0.000000000,0.000000000,1.000000000
1403637206.742881298,4.728913511,1.593526005,0.704775379,0.000000000,0.000000000,0.000000000,1.000000000
1403637206.840881348,4.724671665,1.573791165,0.716510067,0.000000000,0.000000000,0.000000000,1.000000000
1403637206.890881300,4.723250025,1.563730465,0.719957274,0.000000000,0.000000000,0.000000000,1.000000000
1403637206.940881252,4.717124905,1.551505933,0.722987539,0.000000000,0.000000000,0.000000000,1.000000000
1403637206.989881277,4.715473471,1.541036923,0.724458561,0.000000000,0.000000000,0.000000000,1.000000000
1403637207.040881395,4.715096616,1.530156013,0.726512934,0.000000000,0.000000000,0.000000000,1.000000000
1403637207.138881207,4.713035205,1.507870192,0.735030480,0.000000000,0.000000000,0.000000000,1.000000000
1403637207.189881325,4.712772708,1.495411479,0.741697547,0.000000000,0.000000000,0.000000000,1.000000000
1403637207.240881205,4.712542376,1.483012076,0.748915976,0.000000000,0.000000000,0.000000000,1.000000000
1403637207.290881395,4.708419936,1.469149948,0.755675351,0.000000000,0.000000000,0.000000000,1.000000000
1403637207.340881348,4.707985951,1.455858480,0.760320068,0.000000000,0.000000000,0.000000000,1.000000000
1403637207.387881279,4.708282898,1.442600655,0.763177142,0.000000000,0.000000000,0.000000000,1.000000000
1403637207.488881350,4.710443317,1.414622406,0.763260406,0.000000000,0.000000000,0.000000000,1.000000000
1403637207.538881302,4.710386475,1.399564291,0.761130940,0.000000000,0.000000000,0.000000000,1.000000000
1403637207.588881254,4.712191987,1.384462775,0.757648902,0.000000000,0.000000000,0.000000000,1.000000000
1403637207.639881372,4.714021082,1.368277334,0.752649182,0.000000000,0.000000000,0.000000000,1.000000000
1403637207.739881277,4.715741605,1.336814708,0.739874045,0.000000000,0.000000000,0.000000000,1.000000000
1403637207.788881302,4.717863575,1.321823957,0.733378024,0.000000000,0.000000000,0.000000000,1.000000000
1403637207.840881348,4.721201541,1.306612853,0.727870846,0.000000000,0.000000000,0.000000000,1.000000000
1403637207.888881207,4.723546591,1.292656684,0.725149385,0.000000000,0.000000000,0.000000000,1.000000000
1403637207.938881397,4.727430174,1.277862208,0.724294318,0.000000000,0.000000000,0.000000000,1.000000000
1403637207.990881205,4.730639007,1.263254993,0.726324890,0.000000000,0.000000000,0.000000000,1.000000000
1403637208.040881395,4.734979537,1.249490990,0.730537327,0.000000000,0.000000000,0.000000000,1.000000000
1403637208.089881182,4.739199820,1.237102605,0.736525086,0.000000000,0.000000000,0.000000000,1.000000000
1403637208.140881300,4.747769779,1.225551291,0.745207672,0.000000000,0.000000000,0.000000000,1.000000000
1403637208.240881205,4.754508364,1.201611469,0.769228412,0.000000000,0.000000000,0.000000000,1.000000000
1403637208.289881229,4.759361185,1.190749967,0.783171852,0.000000000,0.000000000,0.000000000,1.000000000
1403637208.339881182,4.763494913,1.179465371,0.799065504,0.000000000,0.000000000,0.000000000,1.000000000
1403637208.388881207,4.766264692,1.168647690,0.814077177,0.000000000,0.000000000,0.000000000,1.000000000
1403637208.487881184,4.775249514,1.147940657,0.842177163,0.000000000,0.000000000,0.000000000,1.000000000
1403637208.539881229,4.781287995,1.137901071,0.853627370,0.000000000,0.000000000,0.000000000,1.000000000
1403637208.589881182,4.786041333,1.127548210,0.863061962,0.000000000,0.000000000,0.000000000,1.000000000
1403637208.642881393,4.792478741,1.117512914,0.870462673,0.000000000,0.000000000,0.000000000,1.000000000
1403637208.739881277,4.802267804,1.098382245,0.879926789,0.000000000,0.000000000,0.000000000,1.000000000
1403637208.787881374,4.807852069,1.088973875,0.882582009,0.000000000,0.000000000,0.000000000,1.000000000
1403637208.838881254,4.813365185,1.079115553,0.884082800,0.000000000,0.000000000,0.000000000,1.000000000
1403637208.887881279,4.818650945,1.069475535,0.884378255,0.000000000,0.000000000,0.000000000,1.000000000
1403637208.939881325,4.824934037,1.059231613,0.883546836,0.000000000,0.000000000,0.000000000,1.000000000
1403637208.989881277,4.833844030,1.050153233,0.881252502,0.000000000,0.000000000,0.000000000,1.000000000
1403637209.039881229,4.839756545,1.039906039,0.877932475,0.000000000,0.000000000,0.000000000,1.000000000
1403637209.089881182,4.847407711,1.030132978,0.873113294,0.000000000,0.000000000,0.000000000,1.000000000
1403637209.188881397,4.854439460,1.007340351,0.858764461,0.000000000,0.000000000,0.000000000,1.000000000
1403637209.239881277,4.857759307,0.995010887,0.849132306,0.000000000,0.000000000,0.000000000,1.000000000
1403637209.288881302,4.861073823,0.982703925,0.839875752,0.000000000,0.000000000,0.000000000,1.000000000
1403637209.341881275,4.863614452,0.969341236,0.831307840,0.000000000,0.000000000,0.000000000,1.000000000
1403637209.389881372,4.865299681,0.956473036,0.825066269,0.000000000,0.000000000,0.000000000,1.000000000
1403637209.487881184,4.865357751,0.929746420,0.817823211,0.000000000,0.000000000,0.000000000,1.000000000
1403637209.538881302,4.864792385,0.915672654,0.816738653,0.000000000,0.000000000,0.000000000,1.000000000
1403637209.588881254,4.863281177,0.902251889,0.817370128,0.000000000,0.000000000,0.000000000,1.000000000
1403637209.641881227,4.860002509,0.888498613,0.819846167,0.000000000,0.000000000,0.000000000,1.000000000
1403637209.687881231,4.849489496,0.876378934,0.824295334,0.000000000,0.000000000,0.000000000,1.000000000
1403637209.742881298,4.844092470,0.864997942,0.829784592,0.000000000,0.000000000,0.000000000,1.000000000
1403637209.790881395,4.837425729,0.856025071,0.836776985,0.000000000,0.000000000,0.000000000,1.000000000
1403637209.840881348,4.830647658,0.848634793,0.845137458,0.000000000,0.000000000,0.000000000,1.000000000
1403637209.891881227,4.821730582,0.843064441,0.855329632,0.000000000,0.000000000,0.000000000,1.000000000
1403637209.941881180,4.811558130,0.839591272,0.866683816,0.000000000,0.000000000,0.000000000,1.000000000
1403637209.990881205,4.798943752,0.838348160,0.878151013,0.000000000,0.000000000,0.000000000,1.000000000
1403637210.040881395,4.772057638,0.837347539,0.890527446,0.000000000,0.000000000,0.000000000,1.000000000
1403637210.091881275,4.754224163,0.840610651,0.899669265,0.000000000,0.000000000,0.000000000,1.000000000
1403637210.142881393,4.737258378,0.847397807,0.904567094,0.000000000,0.000000000,0.000000000,1.000000000
1403637210.190881252,4.719367448,0.856148340,0.905102587,0.000000000,0.000000000,0.000000000,1.000000000
1403637211.387881279,3.574388975,2.013703931,0.536810509,0.000000000,0.000000000,0.000000000,1.000000000
1403637211.487881184,3.465681454,2.167553061,0.487832102,0.000000000,0.000000000,0.000000000,1.000000000
1403637211.537881374,3.409382588,2.243622784,0.462702888,0.000000000,0.000000000,0.000000000,1.000000000
1403637211.588881254,3.352420881,2.318221033,0.437330235,0.000000000,0.000000000,0.000000000,1.000000000
1403637211.638881207,3.295791346,2.395066655,0.411099830,0.000000000,0.000000000,0.000000000,1.000000000
1403637211.739881277,3.194003114,2.550415645,0.356990938,0.000000000,0.000000000,0.000000000,1.000000000
1403637211.788881302,3.141767827,2.625673297,0.334496633,0.000000000,0.000000000,0.000000000,1.000000000
1403637211.840881348,3.088287310,2.701375490,0.313529336,0.000000000,0.000000000,0.000000000,1.000000000
1403637211.891881227,3.038992462,2.773782374,0.295736392,0.000000000,0.000000000,0.000000000,1.000000000
1403637211.940881252,2.983502265,2.851958927,0.279060785,0.000000000,0.000000000,0.000000000,1.000000000
1403637212.040881395,2.900233180,3.019189037,0.246484185,0.000000000,0.000000000,0.000000000,1.000000000
1403637212.088881254,2.853572189,3.090784164,0.237024090,0.000000000,0.000000000,0.000000000,1.000000000
1403637212.137881279,2.807185915,3.169831946,0.227840509,0.000000000,0.000000000,0.000000000,1.000000000
1403637212.641881227,2.384790881,3.963708171,0.229401707,0.000000000,0.000000000,0.000000000,1.000000000
1403637212.740881205,2.306258728,4.103528521,0.250770587,0.000000000,0.000000000,0.000000000,1.000000000
1403637212.838881254,2.238437134,4.254472244,0.270449094,0.000000000,0.000000000,0.000000000,1.000000000
1403637212.887881279,2.203954744,4.325361797,0.281247643,0.000000000,0.000000000,0.000000000,1.000000000
1403637212.940881252,2.167450737,4.398931298,0.293524848,0.000000000,0.000000000,0.000000000,1.000000000
1403637212.991881371,2.143711924,4.497700243,0.299013488,0.000000000,0.000000000,0.000000000,1.000000000
1403637213.039881229,2.106370073,4.566526019,0.312775014,0.000000000,0.000000000,0.000000000,1.000000000
1403637213.089881182,2.069902918,4.636130107,0.326156992,0.000000000,0.000000000,0.000000000,1.000000000
1403637213.138881207,2.031263710,4.698254297,0.340914026,0.000000000,0.000000000,0.000000000,1.000000000
1403637213.189881325,1.992525774,4.765322390,0.356644061,0.000000000,0.000000000,0.000000000,1.000000000
1403637213.242881298,1.953418312,4.834710046,0.371461803,0.000000000,0.000000000,0.000000000,1.000000000
1403637213.290881395,1.932819727,4.942653644,0.374529825,0.000000000,0.000000000,0.000000000,1.000000000
1403637213.342881203,1.894782012,5.015497815,0.385165760,0.000000000,0.000000000,0.000000000,1.000000000
1403637213.387881279,1.860139635,5.078180798,0.393620588,0.000000000,0.000000000,0.000000000,1.000000000
1403637213.487881184,1.782224281,5.210569474,0.408032407,0.000000000,0.000000000,0.000000000,1.000000000
1403637213.540881395,1.742190436,5.276826380,0.413770211,0.000000000,0.000000000,0.000000000,1.000000000
1403637213.587881327,1.704174203,5.341400037,0.417811573,0.000000000,0.000000000,0.000000000,1.000000000
1403637213.642881393,1.660947022,5.408059178,0.422016300,0.000000000,0.000000000,0.000000000,1.000000000
1403637213.687881231,1.641134455,5.520824011,0.413555275,0.000000000,0.000000000,0.000000000,1.000000000
1403637213.738881350,1.600919318,5.584785087,0.415004397,0.000000000,0.000000000,0.000000000,1.000000000
1403637213.840881348,1.518868714,5.712637511,0.413336732,0.000000000,0.000000000,0.000000000,1.000000000
1403637213.888881207,1.479494402,5.774877946,0.410307504,0.000000000,0.000000000,0.000000000,1.000000000
1403637213.941881180,1.434876063,5.836701123,0.406426863,0.000000000,0.000000000,0.000000000,1.000000000
1403637213.990881205,1.404184005,5.938778260,0.392752838,0.000000000,0.000000000,0.000000000,1.000000000
1403637214.042881250,1.360505868,5.996678163,0.386038955,0.000000000,0.000000000,0.000000000,1.000000000
1403637214.091881275,1.317327468,6.053775528,0.378340108,0.000000000,0.000000000,0.000000000,1.000000000
1403637214.189881325,1.227563421,6.168349713,0.363545466,0.000000000,0.000000000,0.000000000,1.000000000
1403637214.241881371,1.179627178,6.223375593,0.358820512,0.000000000,0.000000000,0.000000000,1.000000000
1403637214.291881323,1.131478436,6.278224643,0.355818076,0.000000000,0.000000000,0.000000000,1.000000000
1403637214.340881348,1.091900176,6.373262466,0.346707659,0.000000000,0.000000000,0.000000000,1.000000000
1403637214.391881227,1.041632491,6.425027311,0.347470166,0.000000000,0.000000000,0.000000000,1.000000000
1403637214.488881350,0.946288782,6.524702242,0.352001865,0.000000000,0.000000000,0.000000000,1.000000000
1403637214.588881254,0.846103212,6.614000617,0.362866524,0.000000000,0.000000000,0.000000000,1.000000000
1403637214.640881300,0.794037264,6.656513146,0.370651104,0.000000000,0.000000000,0.000000000,1.000000000
1403637214.739881277,0.697539513,6.763257167,0.383656805,0.000000000,0.000000000,0.000000000,1.000000000
1403637214.790881395,0.646180500,6.797683031,0.394925794,0.000000000,0.000000000,0.000000000,1.000000000
1403637214.840881348,0.594800871,6.828778626,0.407374431,0.000000000,0.000000000,0.000000000,1.000000000
1403637214.888881207,0.544925076,6.855357843,0.420643140,0.000000000,0.000000000,0.000000000,1.000000000
1403637214.940881252,0.489970851,6.880341268,0.437151537,0.000000000,0.000000000,0.000000000,1.000000000
1403637214.991881371,0.438030266,6.914488535,0.451947799,0.000000000,0.000000000,0.000000000,1.000000000
1403637215.040881395,0.384631795,6.930325355,0.468821462,0.000000000,0.000000000,0.000000000,1.000000000
1403637215.140881300,0.278966581,6.950868521,0.498608537,0.000000000,0.000000000,0.000000000,1.000000000
1403637215.188881397,0.224685644,6.957648067,0.511056872,0.000000000,0.000000000,0.000000000,1.000000000
1403637215.239881277,0.167388429,6.960828571,0.522142445,0.000000000,0.000000000,0.000000000,1.000000000
1403637215.289881229,0.113124481,6.955145774,0.531458378,0.000000000,0.000000000,0.000000000,1.000000000
1403637215.339881182,0.057838297,6.948827276,0.539235167,0.000000000,0.000000000,0.000000000,1.000000000
1403637215.387881279,0.003693681,6.939825872,0.545425118,0.000000000,0.000000000,0.000000000,1.000000000
1403637215.489881277,-0.106960212,6.911928312,0.554110484,0.000000000,0.000000000,0.000000000,1.000000000
1403637215.539881229,-0.160681432,6.892037308,0.556533231,0.000000000,0.000000000,0.000000000,1.000000000
1403637215.587881327,-0.212166454,6.871629362,0.557784785,0.000000000,0.000000000,0.000000000,1.000000000
1403637215.689881325,-0.313234280,6.792959851,0.564909565,0.000000000,0.000000000,0.000000000,1.000000000
1403637215.739881277,-0.359848148,6.760813732,0.568460374,0.000000000,0.000000000,0.000000000,1.000000000
1403637215.789881229,-0.405783754,6.724580623,0.573910406,0.000000000,0.000000000,0.000000000,1.000000000
1403637215.840881348,-0.449545436,6.685339071,0.580984860,0.000000000,0.000000000,0.000000000,1.000000000
1403637215.888881207,-0.489794502,6.644172179,0.589228681,0.000000000,0.000000000,0.000000000,1.000000000
1403637215.989881277,-0.561675217,6.514464544,0.615653587,0.000000000,0.000000000,0.000000000,1.000000000
1403637216.040881395,-0.597239660,6.467443958,0.628533763,0.000000000,0.000000000,0.000000000,1.000000000
1403637216.087881327,-0.627818309,6.416744581,0.642446861,0.000000000,0.000000000,0.000000000,1.000000000
1403637216.140881300,-0.660179192,6.366878258,0.657927124,0.000000000,0.000000000,0.000000000,1.000000000
1403637216.188881397,-0.687074323,6.310452112,0.674757745,0.000000000,0.000000000,0.000000000,1.000000000
1403637216.240881205,-0.709974552,6.202621244,0.700053883,0.000000000,0.000000000,0.000000000,1.000000000
1403637216.287881374,-0.733927000,6.149204392,0.716910679,0.000000000,0.000000000,0.000000000,1.000000000
1403637216.342881203,-0.760348007,6.093373808,0.734484118,0.000000000,0.000000000,0.000000000,1.000000000
1403637216.440881252,-0.803496654,5.982584795,0.762714819,0.000000000,0.000000000,0.000000000,1.000000000
1403637216.492881298,-0.823266594,5.927411371,0.774229268,0.000000000,0.000000000,0.000000000,1.000000000
1403637216.587881327,-0.855253141,5.812167648,0.792877644,0.000000000,0.000000000,0.000000000,1.000000000
1403637216.638881207,-0.861793559,5.701805627,0.806152255,0.000000000,0.000000000,0.000000000,1.000000000
1403637216.739881277,-0.882886623,5.589661743,0.815907533,0.000000000,0.000000000,0.000000000,1.000000000
1403637216.787881374,-0.890562441,5.534799884,0.819364407,0.000000000,0.000000000,0.000000000,1.000000000
1403637216.840881348,-0.895229275,5.478206052,0.821744428,0.000000000,0.000000000,0.000000000,1.000000000
1403637216.889881372,-0.896621349,5.423045358,0.823380480,0.000000000,0.000000000,0.000000000,1.000000000
1403637216.938881397,-0.895282293,5.368242754,0.824431056,0.000000000,0.000000000,0.000000000,1.000000000
1403637216.988881350,-0.881613759,5.259188082,0.832747441,0.000000000,0.000000000,0.000000000,1.000000000
1403637217.039881229,-0.873292110,5.203727008,0.835666507,0.000000000,0.000000000,0.000000000,1.000000000
1403637217.089881182,-0.861418726,5.149075202,0.840278747,0.000000000,0.000000000,0.000000000,1.000000000
1403637217.190881252,-0.826972904,5.038151165,0.855001545,0.000000000,0.000000000,0.000000000,1.000000000
1403637217.242881298,-0.803611244,4.983893254,0.864157389,0.000000000,0.000000000,0.000000000,1.000000000
1403637217.287881374,-0.778940370,4.930737065,0.872658998,0.000000000,0.000000000,0.000000000,1.000000000
1403637217.342881203,-0.739846663,4.825413087,0.886907079,0.000000000,0.000000000,0.000000000,1.000000000
1403637217.391881227,-0.707833454,4.771864241,0.892734025,0.000000000,0.000000000,0.000000000,1.000000000
1403637217.491881371,-0.636123917,4.677695769,0.896681097,0.000000000,0.000000000,0.000000000,1.000000000
1403637217.541881323,-0.587122534,4.570143594,0.903551503,0.000000000,0.000000000,0.000000000,1.000000000
1403637217.642881393,-0.503039243,4.519582760,0.890569887,0.000000000,0.000000000,0.000000000,1.000000000
1403637217.687881231,-0.453211984,4.428686038,0.891979056,0.000000000,0.000000000,0.000000000,1.000000000
1403637217.742881298,-0.397709829,4.377284463,0.884912680,0.000000000,0.000000000,0.000000000,1.000000000
1403637217.842881203,-0.289578425,4.329854761,0.862223119,0.000000000,0.000000000,0.000000000,1.000000000
1403637217.890881300,-0.231810961,4.280739108,0.855792310,0.000000000,0.000000000,0.000000000,1.000000000
1403637217.939881325,-0.169129492,4.235110080,0.849303061,0.000000000,0.000000000,0.000000000,1.000000000
1403637218.039881229,-0.033729702,4.073949532,0.853016891,0.000000000,0.000000000,0.000000000,1.000000000
1403637218.188881397,0.187929315,4.012950226,0.840379617,0.000000000,0.000000000,0.000000000,1.000000000
1403637218.789881229,1.239308522,3.402427709,0.816016820,0.000000000,0.000000000,0.000000000,1.000000000
1403637218.841881275,1.347216305,3.366586753,0.810367577,0.000000000,0.000000000,0.000000000,1.000000000
1403637218.888881207,1.441666226,3.321393022,0.808949231,0.000000000,0.000000000,0.000000000,1.000000000
1403637218.939881325,1.528525727,3.235378714,0.815619962,0.000000000,0.000000000,0.000000000,1.000000000
1403637219.040881395,1.725901250,3.111032610,0.809273002,0.000000000,0.000000000,0.000000000,1.000000000
1403637219.089881182,1.820439813,3.056711917,0.799018787,0.000000000,0.000000000,0.000000000,1.000000000
1403637219.141881227,1.922687432,2.995883248,0.783685212,0.000000000,0.000000000,0.000000000,1.000000000
1403637219.190881252,2.024678658,2.945482385,0.764468639,0.000000000,0.000000000,0.000000000,1.000000000
1403637219.239881277,2.123157714,2.884341055,0.745429013,0.000000000,0.000000000,0.000000000,1.000000000
1403637219.290881395,2.221920757,2.822116572,0.726691220,0.000000000,0.000000000,0.000000000,1.000000000
1403637219.340881348,2.323574187,2.759143121,0.707919105,0.000000000,0.000000000,0.000000000,1.000000000
1403637219.387881279,2.416397442,2.701401513,0.693253346,0.000000000,0.000000000,0.000000000,1.000000000
1403637219.440881252,2.521737589,2.628562821,0.678246818,0.000000000,0.000000000,0.000000000,1.000000000
1403637219.488881350,2.614329807,2.565172674,0.667090766,0.000000000,0.000000000,0.000000000,1.000000000
1403637219.537881374,2.732218202,2.514597165,0.650695905,0.000000000,0.000000000,0.000000000,1.000000000
1403637219.588881254,2.830730237,2.444408584,0.642408280,0.000000000,0.000000000,0.000000000,1.000000000
1403637219.639881372,2.926737009,2.369224944,0.636968469,0.000000000,0.000000000,0.000000000,1.000000000
1403637219.688881397,3.022893834,2.299689701,0.631991548,0.000000000,0.000000000,0.000000000,1.000000000
1403637219.838881254,3.358395726,2.112397970,0.614380836,0.000000000,0.000000000,0.000000000,1.000000000
1403637219.988881350,3.589949993,1.867703949,0.635040518,0.000000000,0.000000000,0.000000000,1.000000000
1403637220.040881395,3.708170240,1.805904826,0.635607118,0.000000000,0.000000000,0.000000000,1.000000000
1403637220.137881279,3.843573633,1.652511551,0.660563476,0.000000000,0.000000000,0.000000000,1.000000000
1403637220.188881397,3.922064116,1.576859000,0.673918898,0.000000000,0.000000000,0.000000000,1.000000000
1403637220.242881298,4.039959553,1.516104198,0.680803507,0.000000000,0.000000000,0.000000000,1.000000000
1403637220.288881302,4.118390670,1.447965104,0.694855260,0.000000000,0.000000000,0.000000000,1.000000000
1403637220.340881348,4.190138355,1.370748004,0.714143206,0.000000000,0.000000000,0.000000000,1.000000000
1403637220.388881207,4.252725684,1.301646883,0.732850522,0.000000000,0.000000000,0.000000000,1.000000000
1403637220.440881252,4.320866780,1.224319739,0.756239328,0.000000000,0.000000000,0.000000000,1.000000000
1403637220.490881205,4.389502268,1.155883531,0.778362700,0.000000000,0.000000000,0.000000000,1.000000000
1403637220.540881395,4.484831001,1.093145517,0.798391746,0.000000000,0.000000000,0.000000000,1.000000000
1403637220.587881327,4.554306211,1.028628467,0.820933928,0.000000000,0.000000000,0.000000000,1.000000000
1403637220.642881393,4.606017852,0.952215131,0.849777116,0.000000000,0.000000000,0.000000000,1.000000000
1403637220.739881277,4.799997686,0.836167364,0.883371044,0.000000000,0.000000000,0.000000000,1.000000000
1403637220.890881300,4.897134831,0.631273195,0.950386555,0.000000000,0.000000000,0.000000000,1.000000000
1403637220.940881252,4.979108146,0.576181391,0.961768085,0.000000000,0.000000000,0.000000000,1.000000000
1403637220.988881350,5.042149616,0.520983471,0.974588643,0.000000000,0.000000000,0.000000000,1.000000000
1403637221.038881302,5.084780805,0.461371790,0.989262334,0.000000000,0.000000000,0.000000000,1.000000000
1403637221.090881348,5.128231842,0.403499258,1.001785970,0.000000000,0.000000000,0.000000000,1.000000000
1403637221.139881372,5.180395476,0.349733756,1.011123910,0.000000000,0.000000000,0.000000000,1.000000000
1403637221.190881252,5.227814098,0.295823330,1.019775358,0.000000000,0.000000000,0.000000000,1.000000000
1403637221.238881350,5.268305923,0.244794049,1.027060095,0.000000000,0.000000000,0.000000000,1.000000000
1403637221.287881374,5.356831392,0.197127984,1.028499064,0.000000000,0.000000000,0.000000000,1.000000000
1403637221.339881182,5.397997083,0.146856509,1.032955033,0.000000000,0.000000000,0.000000000,1.000000000
1403637221.389881372,5.440491266,0.098756670,1.035769067,0.000000000,0.000000000,0.000000000,1.000000000
1403637221.488881350,5.513849632,0.005062764,1.038217281,0.000000000,0.000000000,0.000000000,1.000000000
1403637221.539881229,5.553733244,-0.038316176,1.036704750,0.000000000,0.000000000,0.000000000,1.000000000
1403637221.591881275,5.593166802,-0.082571678,1.033966130,0.000000000,0.000000000,0.000000000,1.000000000
1403637221.640881300,5.664040632,-0.123950792,1.026410346,0.000000000,0.000000000,0.000000000,1.000000000
1403637221.842881203,5.841669491,-0.278825162,0.994118331,0.000000000,0.000000000,0.000000000,1.000000000
1403637221.939881325,5.875742309,-0.345324549,0.976011888,0.000000000,0.000000000,0.000000000,1.000000000
1403637221.989881277,5.914822834,-0.378148189,0.963182072,0.000000000,0.000000000,0.000000000,1.000000000
1403637222.088881254,5.932883337,-0.435501406,0.939850746,0.000000000,0.000000000,0.000000000,1.000000000
1403637222.138881207,5.979369905,-0.465076730,0.922596642,0.000000000,0.000000000,0.000000000,1.000000000
1403637222.188881397,5.998960329,-0.491339984,0.907290369,0.000000000,0.000000000,0.000000000,1.000000000
1403637222.240881205,6.017433437,-0.515479840,0.890388718,0.000000000,0.000000000,0.000000000,1.000000000
1403637222.288881302,6.037154164,-0.537109373,0.874785668,0.000000000,0.000000000,0.000000000,1.000000000
1403637222.342881203,6.053902936,-0.562217383,0.854138451,0.000000000,0.000000000,0.000000000,1.000000000
1403637222.390881300,6.068234952,-0.581694061,0.835500940,0.000000000,0.000000000,0.000000000,1.000000000
1403637222.491881371,6.114141426,-0.621133535,0.792846167,0.000000000,0.000000000,0.000000000,1.000000000
1403637222.543881178,6.126917143,-0.639396348,0.771111688,0.000000000,0.000000000,0.000000000,1.000000000
1403637222.590881348,6.139173975,-0.654740069,0.751777318,0.000000000,0.000000000,0.000000000,1.000000000
1403637222.642881393,6.150284896,-0.670572317,0.732465538,0.000000000,0.000000000,0.000000000,1.000000000
1403637222.688881397,6.163097116,-0.683647271,0.716806328,0.000000000,0.000000000,0.000000000,1.000000000
1403637222.742881298,6.173723681,-0.697678811,0.701179259,0.000000000,0.000000000,0.000000000,1.000000000
1403637222.790881395,6.198824163,-0.711137847,0.687487182,0.000000000,0.000000000,0.000000000,1.000000000
1403637222.842881203,6.208046741,-0.723896411,0.676226809,0.000000000,0.000000000,0.000000000,1.000000000
1403637222.888881207,6.219911391,-0.734465012,0.667863922,0.000000000,0.000000000,0.000000000,1.000000000
1403637222.989881277,6.240326569,-0.754736335,0.656355902,0.000000000,0.000000000,0.000000000,1.000000000
1403637223.039881229,6.250084179,-0.763243997,0.653481036,0.000000000,0.000000000,0.000000000,1.000000000
1403637223.088881254,6.259149120,-0.771297014,0.652647793,0.000000000,0.000000000,0.000000000,1.000000000
1403637223.139881372,6.266586059,-0.778389934,0.653987905,0.000000000,0.000000000,0.000000000,1.000000000
1403637223.239881277,6.297301718,-0.791470206,0.660195681,0.000000000,0.000000000,0.000000000,1.000000000
1403637223.338881254,6.302734950,-0.798093407,0.676885125,0.000000000,0.000000000,0.000000000,1.000000000
1403637223.390881300,6.305016657,-0.800108081,0.688615737,0.000000000,0.000000000,0.000000000,1.000000000
1403637223.441881180,6.308526714,-0.801549457,0.701630153,0.000000000,0.000000000,0.000000000,1.000000000
1403637223.487881184,6.310392481,-0.800898628,0.715848682,0.000000000,0.000000000,0.000000000,1.000000000
1403637223.538881302,6.311257230,-0.801569762,0.731829643,0.000000000,0.000000000,0.000000000,1.000000000
1403637223.590881348,6.311658747,-0.800522211,0.750956193,0.000000000,0.000000000,0.000000000,1.000000000
1403637223.641881227,6.308211955,-0.798581394,0.771419602,0.000000000,0.000000000,0.000000000,1.000000000
1403637223.737881184,6.305019452,-0.794425560,0.810523707,0.000000000,0.000000000,0.000000000,1.000000000
1403637223.839881182,6.302337307,-0.789391335,0.845994502,0.000000000,0.000000000,0.000000000,1.000000000
1403637223.890881300,6.300202169,-0.786712226,0.861417203,0.000000000,0.000000000,0.000000000,1.000000000
1403637223.941881180,6.293928701,-0.783255313,0.875349400,0.000000000,0.000000000,0.000000000,1.000000000
1403637224.040881395,6.288519130,-0.778129964,0.896386803,0.000000000,0.000000000,0.000000000,1.000000000
1403637224.141881227,6.282378485,-0.773245999,0.910644888,0.000000000,0.000000000,0.000000000,1.000000000
1403637224.190881252,6.280019581,-0.771150129,0.915127878,0.000000000,0.000000000,0.000000000,1.000000000
1403637224.240881205,6.276538845,-0.768889563,0.918239740,0.000000000,0.000000000,0.000000000,1.000000000
1403637224.291881323,6.269884141,-0.766706757,0.919969440,0.000000000,0.000000000,0.000000000,1.000000000
1403637224.340881348,6.266999734,-0.765137928,0.919526254,0.000000000,0.000000000,0.000000000,1.000000000
1403637224.389881372,6.264937281,-0.763983648,0.917587401,0.000000000,0.000000000,0.000000000,1.000000000
1403637224.491881371,6.259296744,-0.762224380,0.909089154,0.000000000,0.000000000,0.000000000,1.000000000
1403637224.540881395,6.256713899,-0.761810565,0.902668983,0.000000000,0.000000000,0.000000000,1.000000000
1403637224.588881254,6.252998757,-0.761763535,0.895539047,0.000000000,0.000000000,0.000000000,1.000000000
1403637224.638881207,6.250064363,-0.762041365,0.886542794,0.000000000,0.000000000,0.000000000,1.000000000
1403637224.739881277,6.241673364,-0.763713982,0.865399886,0.000000000,0.000000000,0.000000000,1.000000000
1403637224.789881229,6.238443183,-0.764999300,0.855183273,0.000000000,0.000000000,0.000000000,1.000000000
1403637224.890881300,6.233374639,-0.767863489,0.839158187,0.000000000,0.000000000,0.000000000,1.000000000
1403637224.940881252,6.230597265,-0.769599548,0.834114865,0.000000000,0.000000000,0.000000000,1.000000000
1403637224.988881350,6.227940688,-0.771673921,0.830631630,0.000000000,0.000000000,0.000000000,1.000000000
1403637225.038881302,6.226326039,-0.774203286,0.827964468,0.000000000,0.000000000,0.000000000,1.000000000
1403637225.090881348,6.225593165,-0.777140967,0.824574127,0.000000000,0.000000000,0.000000000,1.000000000
1403637225.139881372,6.223751201,-0.779835716,0.820061569,0.000000000,0.000000000,0.000000000,1.000000000
1403637225.187881231,6.222754827,-0.782438832,0.813959983,0.000000000,0.000000000,0.000000000,1.000000000
1403637225.242881298,6.222425481,-0.785830983,0.805702245,0.000000000,0.000000000,0.000000000,1.000000000
1403637225.287881374,6.222119849,-0.789143559,0.797677352,0.000000000,0.000000000,0.000000000,1.000000000
1403637225.339881182,6.221473431,-0.792971765,0.787351625,0.000000000,0.000000000,0.000000000,1.000000000
1403637225.389881372,6.221602966,-0.797356059,0.775751141,0.000000000,0.000000000,0.000000000,1.000000000
1403637225.442881346,6.221545894,-0.802082500,0.763150020,0.000000000,0.000000000,0.000000000,1.000000000
1403637225.487881184,6.221591737,-0.807112851,0.751968170,0.000000000,0.000000000,0.000000000,1.000000000
1403637225.539881229,6.224442656,-0.813625581,0.740578587,0.000000000,0.000000000,0.000000000,1.000000000
1403637225.639881372,6.225674368,-0.827770421,0.724483394,0.000000000,0.000000000,0.000000000,1.000000000
1403637225.691881180,6.226968910,-0.836107889,0.719351935,0.000000000,0.000000000,0.000000000,1.000000000
1403637225.741881371,6.227516722,-0.844448690,0.716482024,0.000000000,0.000000000,0.000000000,1.000000000
1403637225.842881203,6.233061350,-0.863638440,0.716782906,0.000000000,0.000000000,0.000000000,1.000000000
1403637225.887881279,6.235126917,-0.873316134,0.719665602,0.000000000,0.000000000,0.000000000,1.000000000
1403637225.989881277,6.244479119,-0.896593624,0.731426742,0.000000000,0.000000000,0.000000000,1.000000000
1403637226.138881207,6.243365606,-0.932569149,0.765966673,0.000000000,0.000000000,0.000000000,1.000000000
1403637226.189881325,6.245068458,-0.946204642,0.780732468,0.000000000,0.000000000,0.000000000,1.000000000
1403637226.237881184,6.245688509,-0.959584534,0.795147538,0.000000000,0.000000000,0.000000000,1.000000000
1403637226.287881374,6.247015904,-0.973394344,0.807918359,0.000000000,0.000000000,0.000000000,1.000000000
1403637226.338881254,6.248064309,-0.988087832,0.819925804,0.000000000,0.000000000,0.000000000,1.000000000
1403637226.388881207,6.248869761,-1.002915824,0.830399001,0.000000000,0.000000000,0.000000000,1.000000000
1403637226.440881252,6.249474008,-1.018457509,0.840561822,0.000000000,0.000000000,0.000000000,1.000000000
1403637226.490881205,6.250727846,-1.034181545,0.847990776,0.000000000,0.000000000,0.000000000,1.000000000
1403637226.589881182,6.256682275,-1.066698762,0.859834992,0.000000000,0.000000000,0.000000000,1.000000000
1403637226.689881325,6.253939635,-1.099623261,0.868874685,0.000000000,0.000000000,0.000000000,1.000000000
1403637226.739881277,6.254188343,-1.117036324,0.871584688,0.000000000,0.000000000,0.000000000,1.000000000
1403637226.789881229,6.252252184,-1.134443956,0.873344777,0.000000000,0.000000000,0.000000000,1.000000000
1403637226.841881275,6.250032846,-1.152541616,0.874039992,0.000000000,0.000000000,0.000000000,1.000000000
1403637226.891881227,6.246775693,-1.169831040,0.873599599,0.000000000,0.000000000,0.000000000,1.000000000
1403637226.940881252,6.243403907,-1.186854037,0.872008084,0.000000000,0.000000000,0.000000000,1.000000000
1403637226.990881205,6.238763715,-1.204355902,0.869388050,0.000000000,0.000000000,0.000000000,1.000000000
1403637227.042881250,6.232925113,-1.222036024,0.865923621,0.000000000,0.000000000,0.000000000,1.000000000
1403637227.091881275,6.227219533,-1.238404578,0.861766132,0.000000000,0.000000000,0.000000000,1.000000000
1403637227.140881300,6.220468005,-1.254252112,0.856880588,0.000000000,0.000000000,0.000000000,1.000000000
1403637227.190881252,6.210778617,-1.268989633,0.851644599,0.000000000,0.000000000,0.000000000,1.000000000
1403637227.241881371,6.203009335,-1.283916496,0.845979905,0.000000000,0.000000000,0.000000000,1.000000000
1403637227.340881348,6.188611863,-1.309990693,0.839175778,0.000000000,0.000000000,0.000000000,1.000000000
1403637227.387881279,6.181220839,-1.320588171,0.839197759,0.000000000,0.000000000,0.000000000,1.000000000
1403637227.438881397,6.173925557,-1.331576384,0.841119091,0.000000000,0.000000000,0.000000000,1.000000000
1403637227.487881184,6.161282150,-1.339843953,0.845467401,0.000000000,0.000000000,0.000000000,1.000000000
1403637227.537881374,6.153818147,-1.348381008,0.850886302,0.000000000,0.000000000,0.000000000,1.000000000
1403637227.588881254,6.145568097,-1.355490035,0.855809775,0.000000000,0.000000000,0.000000000,1.000000000
1403637227.639881372,6.136538139,-1.361419104,0.860763307,0.000000000,0.000000000,0.000000000,1.000000000
1403637227.741881371,6.121251996,-1.371652646,0.864449865,0.000000000,0.000000000,0.000000000,1.000000000
1403637227.839881182,6.107165842,-1.378066104,0.861753395,0.000000000,0.000000000,0.000000000,1.000000000
1403637227.889881372,6.100132938,-1.380346062,0.858564317,0.000000000,0.000000000,0.000000000,1.000000000
1403637227.937881231,6.086489609,-1.380100298,0.855728783,0.000000000,0.000000000,0.000000000,1.000000000
1403637227.988881350,6.078479644,-1.380971785,0.850130776,0.000000000,0.000000000,0.000000000,1.000000000
1403637228.039881229,6.071474325,-1.381662639,0.843977847,0.000000000,0.000000000,0.000000000,1.000000000
1403637228.141881227,6.055903875,-1.384789075,0.830730328,0.000000000,0.000000000,0.000000000,1.000000000
1403637228.188881397,6.051510769,-1.381585328,0.821764006,0.000000000,0.000000000,0.000000000,1.000000000
1403637228.241881371,6.038667466,-1.379124932,0.812717687,0.000000000,0.000000000,0.000000000,1.000000000
1403637228.290881395,6.032677118,-1.378129418,0.803497147,0.000000000,0.000000000,0.000000000,1.000000000
1403637228.338881254,6.027636004,-1.377562707,0.794540175,0.000000000,0.000000000,0.000000000,1.000000000
1403637228.389881372,6.022710850,-1.377237018,0.787153007,0.000000000,0.000000000,0.000000000,1.000000000
1403637228.441881180,6.018808846,-1.377628324,0.781144947,0.000000000,0.000000000,0.000000000,1.000000000
1403637228.488881350,6.014210836,-1.377806020,0.777589361,0.000000000,0.000000000,0.000000000,1.000000000
1403637228.540881395,6.008694008,-1.378353823,0.775708370,0.000000000,0.000000000,0.000000000,1.000000000
1403637228.589881182,6.007065163,-1.380892192,0.775601811,0.000000000,0.000000000,0.000000000,1.000000000
1403637228.640881300,6.004634671,-1.383421901,0.777412107,0.000000000,0.000000000,0.000000000,1.000000000
1403637228.688881397,6.004157415,-1.387184714,0.780667510,0.000000000,0.000000000,0.000000000,1.000000000
1403637228.740881205,6.003630422,-1.392036853,0.785659706,0.000000000,0.000000000,0.000000000,1.000000000
1403637228.789881229,6.007077851,-1.398305253,0.792161906,0.000000000,0.000000000,0.000000000,1.000000000
1403637228.840881348,6.005662161,-1.404100792,0.800440045,0.000000000,0.000000000,0.000000000,1.000000000
1403637228.891881227,6.007110055,-1.410645426,0.808333695,0.000000000,0.000000000,0.000000000,1.000000000
1403637228.940881252,6.008355351,-1.417610284,0.815469559,0.000000000,0.000000000,0.000000000,1.000000000
1403637228.990881205,6.009347222,-1.424797910,0.820970832,0.000000000,0.000000000,0.000000000,1.000000000
1403637229.087881327,6.011464499,-1.441028831,0.828232618,0.000000000,0.000000000,0.000000000,1.000000000
1403637229.139881372,6.013593979,-1.450206076,0.830005582,0.000000000,0.000000000,0.000000000,1.000000000
1403637229.189881325,6.014564598,-1.459607597,0.831267300,0.000000000,0.000000000,0.000000000,1.000000000
1403637229.238881350,6.021119134,-1.470649344,0.830601020,0.000000000,0.000000000,0.000000000,1.000000000
1403637229.287881374,6.022726598,-1.480586266,0.829702642,0.000000000,0.000000000,0.000000000,1.000000000
1403637229.339881182,6.024957390,-1.491564351,0.827540772,0.000000000,0.000000000,0.000000000,1.000000000
1403637229.387881279,6.027098709,-1.502496217,0.824632903,0.000000000,0.000000000,0.000000000,1.000000000
1403637229.488881350,6.031403717,-1.526727463,0.815610549,0.000000000,0.000000000,0.000000000,1.000000000
1403637229.540881395,6.040517901,-1.540863673,0.808691101,0.000000000,0.000000000,0.000000000,1.000000000
1403637229.640881300,6.043115427,-1.564520832,0.793883527,0.000000000,0.000000000,0.000000000,1.000000000
1403637229.690881252,6.045475415,-1.575630024,0.785430361,0.000000000,0.000000000,0.000000000,1.000000000
1403637229.741881371,6.046880301,-1.586072248,0.776457676,0.000000000,0.000000000,0.000000000,1.000000000
1403637229.791881323,6.053379163,-1.596414963,0.766566564,0.000000000,0.000000000,0.000000000,1.000000000
1403637229.841881275,6.056039738,-1.605119167,0.756014406,0.000000000,0.000000000,0.000000000,1.000000000
1403637229.890881300,6.058042512,-1.612251184,0.745398264,0.000000000,0.000000000,0.000000000,1.000000000
1403637229.989881277,6.062605281,-1.623459793,0.722673225,0.000000000,0.000000000,0.000000000,1.000000000
1403637230.041881323,6.065101775,-1.627558843,0.710125687,0.000000000,0.000000000,0.000000000,1.000000000
1403637230.091881275,6.066987762,-1.630110759,0.697904582,0.000000000,0.000000000,0.000000000,1.000000000
1403637230.142881393,6.073715654,-1.633243750,0.684199274,0.000000000,0.000000000,0.000000000,1.000000000
1403637230.238881350,6.076313723,-1.634410129,0.659585955,0.000000000,0.000000000,0.000000000,1.000000000
1403637230.287881374,6.077117787,-1.633807975,0.649183586,0.000000000,0.000000000,0.000000000,1.000000000
1403637230.338881254,6.078265697,-1.632719603,0.640409726,0.000000000,0.000000000,0.000000000,1.000000000
1403637230.388881207,6.078678555,-1.631637708,0.633909050,0.000000000,0.000000000,0.000000000,1.000000000
1403637230.489881277,6.078584872,-1.628487171,0.627346774,0.000000000,0.000000000,0.000000000,1.000000000
1403637230.541881323,6.078237441,-1.625860608,0.627308991,0.000000000,0.000000000,0.000000000,1.000000000
1403637230.590881348,6.077079888,-1.623357546,0.629145193,0.000000000,0.000000000,0.000000000,1.000000000
1403637230.641881227,6.076185165,-1.620737584,0.632610596,0.000000000,0.000000000,0.000000000,1.000000000
1403637230.691881180,6.075462853,-1.618146193,0.637361061,0.000000000,0.000000000,0.000000000,1.000000000
1403637230.739881277,6.072455007,-1.616723989,0.642951701,0.000000000,0.000000000,0.000000000,1.000000000
1403637230.788881302,6.070903131,-1.614744568,0.650453766,0.000000000,0.000000000,0.000000000,1.000000000
1403637230.839881182,6.068456757,-1.613053978,0.659651718,0.000000000,0.000000000,0.000000000,1.000000000
1403637230.888881207,6.067010123,-1.612007247,0.669870997,0.000000000,0.000000000,0.000000000,1.000000000
1403637230.939881325,6.065788420,-1.610840801,0.681640862,0.000000000,0.000000000,0.000000000,1.000000000
1403637230.989881277,6.061785737,-1.608886568,0.694623185,0.000000000,0.000000000,0.000000000,1.000000000
1403637231.040881395,6.060626076,-1.607637424,0.707045292,0.000000000,0.000000000,0.000000000,1.000000000
1403637231.089881182,6.060266656,-1.606500032,0.718007403,0.000000000,0.000000000,0.000000000,1.000000000
1403637231.190881252,6.061362760,-1.603105029,0.735896955,0.000000000,0.000000000,0.000000000,1.000000000
1403637231.241881371,6.062845348,-1.600264691,0.741727706,0.000000000,0.000000000,0.000000000,1.000000000
1403637231.287881374,6.064040085,-1.596945698,0.744288455,0.000000000,0.000000000,0.000000000,1.000000000
1403637231.338881254,6.066213578,-1.592298695,0.743568378,0.000000000,0.000000000,0.000000000,1.000000000
1403637231.388881207,6.071010978,-1.587391872,0.738345417,0.000000000,0.000000000,0.000000000,1.000000000
1403637231.588881254,6.116696997,-1.559646507,0.674432672,0.000000000,0.000000000,0.000000000,1.000000000
1403637231.738881350,6.126240749,-1.515930329,0.590827093,0.000000000,0.000000000,0.000000000,1.000000000
1403637231.940881252,6.204806577,-1.462783516,0.453879133,0.000000000,0.000000000,0.000000000,1.000000000
1403637232.038881302,6.221523048,-1.425398970,0.403824129,0.000000000,0.000000000,0.000000000,1.000000000
1403637232.088881254,6.261432040,-1.411871312,0.376835000,0.000000000,0.000000000,0.000000000,1.000000000
1403637232.141881227,6.284549745,-1.392884587,0.354610654,0.000000000,0.000000000,0.000000000,1.000000000
1403637232.188881397,6.308723506,-1.376116172,0.335865338,0.000000000,0.000000000,0.000000000,1.000000000
1403637232.239881277,6.335270242,-1.358820663,0.318669570,0.000000000,0.000000000,0.000000000,1.000000000
1403637232.289881229,6.364971826,-1.342572491,0.303408961,0.000000000,0.000000000,0.000000000,1.000000000
1403637232.338881254,6.393782754,-1.327354497,0.290550883,0.000000000,0.000000000,0.000000000,1.000000000
1403637232.388881207,6.453956374,-1.317176843,0.273731649,0.000000000,0.000000000,0.000000000,1.000000000
1403637232.491881371,6.516596131,-1.289271708,0.257186047,0.000000000,0.000000000,0.000000000,1.000000000
1403637232.541881323,6.550238986,-1.276441750,0.251853145,0.000000000,0.000000000,0.000000000,1.000000000
1403637232.590881348,6.583652300,-1.266667042,0.248690448,0.000000000,0.000000000,0.000000000,1.000000000
1403637232.640881300,6.614282761,-1.257365016,0.247916661,0.000000000,0.000000000,0.000000000,1.000000000
1403637232.838881254,6.824379518,-1.255348140,0.246622335,0.000000000,0.000000000,0.000000000,1.000000000
1403637232.888881207,6.867362684,-1.257514490,0.252249928,0.000000000,0.000000000,0.000000000,1.000000000
1403637232.939881325,6.918211958,-1.262545201,0.258767998,0.000000000,0.000000000,0.000000000,1.000000000
1403637232.988881350,6.964218584,-1.267700333,0.267403239,0.000000000,0.000000000,0.000000000,1.000000000
1403637233.042881250,7.020399900,-1.274861532,0.277569995,0.000000000,0.000000000,0.000000000,1.000000000
1403637233.091881275,7.071564968,-1.282278337,0.289132540,0.000000000,0.000000000,0.000000000,1.000000000
1403637233.142881393,7.122853795,-1.290536771,0.302675225,0.000000000,0.000000000,0.000000000,1.000000000
1403637233.187881231,7.172910058,-1.299168692,0.315804204,0.000000000,0.000000000,0.000000000,1.000000000
1403637233.240881205,7.225691670,-1.308168316,0.333853362,0.000000000,0.000000000,0.000000000,1.000000000
1403637233.287881374,7.342119974,-1.328920603,0.339180939,0.000000000,0.000000000,0.000000000,1.000000000
1403637233.339881182,7.405481970,-1.339124669,0.355092943,0.000000000,0.000000000,0.000000000,1.000000000
1403637233.439881325,7.543209714,-1.360250227,0.380635549,0.000000000,0.000000000,0.000000000,1.000000000
1403637233.490881205,7.614115547,-1.369368227,0.392259224,0.000000000,0.000000000,0.000000000,1.000000000
1403637233.542881250,7.689895358,-1.377819382,0.401695964,0.000000000,0.000000000,0.000000000,1.000000000
1403637233.589881182,7.845247607,-1.399455867,0.396121773,0.000000000,0.000000000,0.000000000,1.000000000
1403637233.640881300,7.922613553,-1.404663628,0.398771436,0.000000000,0.000000000,0.000000000,1.000000000
1403637233.739881277,8.082595232,-1.409603193,0.391150723,0.000000000,0.000000000,0.000000000,1.000000000
1403637233.839881182,8.246324304,-1.404947091,0.369575377,0.000000000,0.000000000,0.000000000,1.000000000
1403637233.939881325,8.563521517,-1.411911716,0.318484253,0.000000000,0.000000000,0.000000000,1.000000000
1403637234.039881229,8.680004550,-1.369261836,0.290496430,0.000000000,0.000000000,0.000000000,1.000000000
1403637234.087881327,8.757717782,-1.346869482,0.273319603,0.000000000,0.000000000,0.000000000,1.000000000
1403637234.141881227,8.845210544,-1.316478547,0.252834787,0.000000000,0.000000000,0.000000000,1.000000000
1403637234.190881252,8.926634316,-1.284503012,0.232644271,0.000000000,0.000000000,0.000000000,1.000000000
1403637234.238881350,9.010204046,-1.248762225,0.211077801,0.000000000,0.000000000,0.000000000,1.000000000
1403637234.287881374,9.079286255,-1.205487890,0.189871397,0.000000000,0.000000000,0.000000000,1.000000000
1403637234.338881254,9.144754931,-1.154593975,0.167353302,0.000000000,0.000000000,0.000000000,1.000000000
1403637234.387881279,9.210988824,-1.101460571,0.143998984,0.000000000,0.000000000,0.000000000,1.000000000
1403637234.487881184,9.384791852,-0.982533273,0.087649906,0.000000000,0.000000000,0.000000000,1.000000000
1403637234.538881302,9.426242228,-0.909572307,0.064561680,0.000000000,0.000000000,0.000000000,1.000000000
1403637234.588881254,9.474000516,-0.834272432,0.039186040,0.000000000,0.000000000,0.000000000,1.000000000
1403637234.639881372,9.522163906,-0.756004076,0.012869223,0.000000000,0.000000000,0.000000000,1.000000000
1403637234.691881180,9.561801662,-0.669857039,-0.014825178,0.000000000,0.000000000,0.000000000,1.000000000
1403637234.742881298,9.591670025,-0.580986559,-0.042076687,0.000000000,0.000000000,0.000000000,1.000000000
1403637234.791881323,9.625316407,-0.495210887,-0.070716711,0.000000000,0.000000000,0.000000000,1.000000000
1403637234.841881275,9.678738028,-0.405371833,-0.104485347,0.000000000,0.000000000,0.000000000,1.000000000
1403637234.890881300,9.702368093,-0.315209476,-0.134917764,0.000000000,0.000000000,0.000000000,1.000000000
1403637234.989881277,9.738268975,-0.130552388,-0.198828773,0.000000000,0.000000000,0.000000000,1.000000000
1403637235.040881395,9.751720465,-0.034875981,-0.230869332,0.000000000,0.000000000,0.000000000,1.000000000
1403637235.090881348,9.763462474,0.057889959,-0.261153578,0.000000000,0.000000000,0.000000000,1.000000000
1403637235.138881207,9.772566783,0.148107279,-0.289714999,0.000000000,0.000000000,0.000000000,1.000000000
1403637235.190881252,9.791674535,0.241989201,-0.319338391,0.000000000,0.000000000,0.000000000,1.000000000
1403637235.288881302,9.794259087,0.418561997,-0.365943153,0.000000000,0.000000000,0.000000000,1.000000000
1403637235.341881275,9.791712801,0.511724410,-0.388050728,0.000000000,0.000000000,0.000000000,1.000000000
1403637235.390881300,9.788339438,0.596243432,-0.407097297,0.000000000,0.000000000,0.000000000,1.000000000
1403637235.442881346,9.785037526,0.684417993,-0.425784983,0.000000000,0.000000000,0.000000000,1.000000000
1403637235.491881371,9.776892765,0.767741454,-0.440868339,0.000000000,0.000000000,0.000000000,1.000000000
1403637235.541881323,9.767989894,0.852471783,-0.455425806,0.000000000,0.000000000,0.000000000,1.000000000
1403637235.641881227,9.745329105,1.017293632,-0.479320648,0.000000000,0.000000000,0.000000000,1.000000000
1403637235.741881371,9.717954664,1.180846791,-0.497762786,0.000000000,0.000000000,0.000000000,1.000000000
1403637235.788881302,9.699845573,1.257814255,-0.503788452,0.000000000,0.000000000,0.000000000,1.000000000
1403637235.840881348,9.682967161,1.344299000,-0.509332678,0.000000000,0.000000000,0.000000000,1.000000000
1403637235.890881300,9.665620901,1.424977048,-0.512422839,0.000000000,0.000000000,0.000000000,1.000000000
1403637235.940881252,9.646300307,1.509467658,-0.513793148,0.000000000,0.000000000,0.000000000,1.000000000
1403637235.990881205,9.625953223,1.590779070,-0.513924114,0.000000000,0.000000000,0.000000000,1.000000000
1403637236.040881395,9.603467484,1.676321352,-0.512329498,0.000000000,0.000000000,0.000000000,1.000000000
1403637236.088881254,9.570941862,1.753512413,-0.507604185,0.000000000,0.000000000,0.000000000,1.000000000
1403637236.137881279,9.544605039,1.837920670,-0.503076395,0.000000000,0.000000000,0.000000000,1.000000000
1403637236.238881350,9.478385961,2.006166922,-0.487850595,0.000000000,0.000000000,0.000000000,1.000000000
1403637236.288881302,9.429775627,2.088578952,-0.475163373,0.000000000,0.000000000,0.000000000,1.000000000
1403637236.340881348,9.389737559,2.179529714,-0.462898828,0.000000000,0.000000000,0.000000000,1.000000000
1403637236.442881346,9.302373032,2.352266947,-0.434304666,0.000000000,0.000000000,0.000000000,1.000000000
1403637236.490881205,9.252266890,2.437668936,-0.417229201,0.000000000,0.000000000,0.000000000,1.000000000
1403637236.541881323,9.197648571,2.525929709,-0.398004545,0.000000000,0.000000000,0.000000000,1.000000000
1403637236.588881254,9.103747890,2.598364591,-0.369916418,0.000000000,0.000000000,0.000000000,1.000000000
1403637236.642881393,9.038917402,2.687746630,-0.346796787,0.000000000,0.000000000,0.000000000,1.000000000
1403637236.692881346,8.974826542,2.773872856,-0.324182624,0.000000000,0.000000000,0.000000000,1.000000000
1403637236.741881371,8.907280467,2.860005222,-0.302274182,0.000000000,0.000000000,0.000000000,1.000000000
1403637236.789881229,8.832725773,2.940592668,-0.281028826,0.000000000,0.000000000,0.000000000,1.000000000
1403637236.840881348,8.757612444,3.027467057,-0.262093633,0.000000000,0.000000000,0.000000000,1.000000000
1403637236.888881207,8.683220602,3.104273034,-0.245579814,0.000000000,0.000000000,0.000000000,1.000000000
1403637236.987881184,8.477116217,3.247832991,-0.202159237,0.000000000,0.000000000,0.000000000,1.000000000
1403637237.039881229,8.391399734,3.326486412,-0.182724009,0.000000000,0.000000000,0.000000000,1.000000000
1403637237.088881254,8.304395171,3.397561837,-0.162144433,0.000000000,0.000000000,0.000000000,1.000000000
1403637237.138881207,8.219922781,3.470417281,-0.141259194,0.000000000,0.000000000,0.000000000,1.000000000
1403637237.189881325,8.127807713,3.538535762,-0.118353197,0.000000000,0.000000000,0.000000000,1.000000000
1403637237.239881277,7.977062160,3.577089036,-0.081055732,0.000000000,0.000000000,0.000000000,1.000000000
1403637237.288881302,7.884955312,3.633775874,-0.055276362,0.000000000,0.000000000,0.000000000,1.000000000
1403637237.339881182,7.787361429,3.686745447,-0.026663941,0.000000000,0.000000000,0.000000000,1.000000000
1403637237.390881300,7.692355787,3.734831179,0.002764576,0.000000000,0.000000000,0.000000000,1.000000000
1403637237.439881325,7.585614898,3.769570020,0.036028721,0.000000000,0.000000000,0.000000000,1.000000000
1403637237.488881350,7.486697223,3.802941868,0.069445425,0.000000000,0.000000000,0.000000000,1.000000000
1403637237.539881229,7.391043201,3.835613092,0.104319111,0.000000000,0.000000000,0.000000000,1.000000000
1403637237.589881182,7.222739716,3.823181691,0.154684688,0.000000000,0.000000000,0.000000000,1.000000000
1403637237.640881300,7.126105773,3.840738527,0.192201612,0.000000000,0.000000000,0.000000000,1.000000000
1403637237.741881371,6.926985308,3.856195549,0.274433835,0.000000000,0.000000000,0.000000000,1.000000000
1403637237.791881323,6.763101754,3.815719922,0.328183105,0.000000000,0.000000000,0.000000000,1.000000000
1403637237.843881369,6.660261953,3.805914620,0.374081928,0.000000000,0.000000000,0.000000000,1.000000000
1403637237.891881227,6.563241595,3.791023035,0.418774704,0.000000000,0.000000000,0.000000000,1.000000000
1403637237.988881350,6.384835727,3.753334080,0.502653484,0.000000000,0.000000000,0.000000000,1.000000000
1403637238.040881395,6.287308073,3.723377916,0.545569288,0.000000000,0.000000000,0.000000000,1.000000000
1403637238.092881203,6.199812724,3.692999443,0.584757446,0.000000000,0.000000000,0.000000000,1.000000000
1403637238.146881342,6.114630119,3.657827592,0.621304608,0.000000000,0.000000000,0.000000000,1.000000000
1403637238.195881367,5.951341093,3.570883203,0.667648377,0.000000000,0.000000000,0.000000000,1.000000000
1403637238.245881319,5.869225441,3.527742745,0.702008444,0.000000000,0.000000000,0.000000000,1.000000000
1403637238.295881271,5.794476308,3.483339314,0.733778579,0.000000000,0.000000000,0.000000000,1.000000000
1403637238.346881390,5.729393579,3.439855738,0.763508275,0.000000000,0.000000000,0.000000000,1.000000000
1403637238.394881248,5.559544530,3.328823266,0.804412129,0.000000000,0.000000000,0.000000000,1.000000000
1403637238.494881392,5.504197427,3.260035396,0.849621007,0.000000000,0.000000000,0.000000000,1.000000000
1403637238.547881365,5.453601994,3.202421520,0.874839806,0.000000000,0.000000000,0.000000000,1.000000000
1403637238.592881203,5.394899613,3.138102890,0.898079450,0.000000000,0.000000000,0.000000000,1.000000000
1403637238.644881248,5.294659361,3.042082726,0.927302635,0.000000000,0.000000000,0.000000000,1.000000000
1403637238.745881319,5.218954249,2.906587128,0.970665818,0.000000000,0.000000000,0.000000000,1.000000000
1403637238.794881344,5.169367330,2.823924268,0.993326919,0.000000000,0.000000000,0.000000000,1.000000000
1403637238.844881296,5.144298722,2.749367417,1.013550468,0.000000000,0.000000000,0.000000000,1.000000000
1403637239.495881319,5.504919783,1.769596932,1.264248660,0.000000000,0.000000000,0.000000000,1.000000000
1403637239.543881178,5.579510853,1.707750553,1.279966157,0.000000000,0.000000000,0.000000000,1.000000000
1403637239.594881296,5.656168590,1.645054332,1.293456700,0.000000000,0.000000000,0.000000000,1.000000000
1403637239.645881176,5.734618779,1.582317536,1.303482961,0.000000000,0.000000000,0.000000000,1.000000000
1403637239.692881346,5.880899082,1.543518221,1.306556428,0.000000000,0.000000000,0.000000000,1.000000000
1403637239.743881226,5.967550913,1.483396968,1.307755059,0.000000000,0.000000000,0.000000000,1.000000000
1403637240.393881321,7.350527391,0.802543685,1.029329813,0.000000000,0.000000000,0.000000000,1.000000000
1403637240.445881367,7.445935828,0.746840368,0.997114862,0.000000000,0.000000000,0.000000000,1.000000000
1403637240.495881319,7.539505503,0.693917194,0.966047271,0.000000000,0.000000000,0.000000000,1.000000000
1403637240.544881344,7.718944778,0.648793335,0.929029145,0.000000000,0.000000000,0.000000000,1.000000000
1403637240.592881203,7.815348303,0.599303916,0.900587604,0.000000000,0.000000000,0.000000000,1.000000000
1403637240.644881248,7.910549565,0.546752018,0.872910982,0.000000000,0.000000000,0.000000000,1.000000000
1403637240.693881273,8.005295074,0.496565023,0.847475319,0.000000000,0.000000000,0.000000000,1.000000000
1403637240.742881298,8.088745688,0.448379034,0.825656495,0.000000000,0.000000000,0.000000000,1.000000000
1403637240.795881271,8.181009882,0.397996136,0.804246198,0.000000000,0.000000000,0.000000000,1.000000000
1403637240.847881317,8.385464704,0.355071523,0.775577417,0.000000000,0.000000000,0.000000000,1.000000000
1403637240.892881393,8.483089332,0.313675738,0.758783004,0.000000000,0.000000000,0.000000000,1.000000000
1403637240.994881392,8.674023961,0.226602829,0.728804029,0.000000000,0.000000000,0.000000000,1.000000000
1403637241.045881271,8.772254413,0.186086460,0.715957720,0.000000000,0.000000000,0.000000000,1.000000000
1403637241.095881224,8.866368980,0.148975304,0.704961786,0.000000000,0.000000000,0.000000000,1.000000000
1403637241.147881269,8.958410349,0.111493088,0.695078157,0.000000000,0.000000000,0.000000000,1.000000000
1403637241.192881346,9.151810298,0.081219741,0.675971268,0.000000000,0.000000000,0.000000000,1.000000000
1403637241.245881319,9.243385970,0.045590847,0.664367502,0.000000000,0.000000000,0.000000000,1.000000000
1403637241.296881199,9.333672719,0.014137845,0.651251783,0.000000000,0.000000000,0.000000000,1.000000000
1403637241.392881393,9.527552173,-0.040655602,0.619959814,0.000000000,0.000000000,0.000000000,1.000000000
1403637241.445881367,9.616082845,-0.068495073,0.601653642,0.000000000,0.000000000,0.000000000,1.000000000
1403637241.493881226,9.693670411,-0.092684687,0.585023300,0.000000000,0.000000000,0.000000000,1.000000000
1403637241.545881271,9.867555943,-0.116545878,0.556983172,0.000000000,0.000000000,0.000000000,1.000000000
1403637241.845881224,10.422109517,-0.200834474,0.445899223,0.000000000,0.000000000,0.000000000,1.000000000
1403637241.895881176,10.497190213,-0.205080407,0.433652518,0.000000000,0.000000000,0.000000000,1.000000000
1403637242.192881346,10.885501765,-0.182387540,0.392556646,0.000000000,0.000000000,0.000000000,1.000000000
1403637242.443881273,11.150129092,-0.118874853,0.396695974,0.000000000,0.000000000,0.000000000,1.000000000
1403637242.495881319,11.183860688,-0.101341164,0.400718291,0.000000000,0.000000000,0.000000000,1.000000000
1403637242.545881271,11.213339092,-0.083550353,0.402666941,0.000000000,0.000000000,0.000000000,1.000000000
1403637242.594881296,11.243634418,-0.062981577,0.402843627,0.000000000,0.000000000,0.000000000,1.000000000
1403637242.646881342,11.289596628,-0.040195380,0.399138405,0.000000000,0.000000000,0.000000000,1.000000000
1403637242.744881392,11.325336205,0.009172858,0.394018352,0.000000000,0.000000000,0.000000000,1.000000000
1403637242.794881344,11.338201618,0.037737895,0.392610632,0.000000000,0.000000000,0.000000000,1.000000000
1403637242.843881369,11.348069276,0.068012987,0.392211288,0.000000000,0.000000000,0.000000000,1.000000000
1403637242.894881248,11.353994233,0.101662217,0.393726273,0.000000000,0.000000000,0.000000000,1.000000000
1403637242.995881319,11.352924772,0.172686789,0.401899646,0.000000000,0.000000000,0.000000000,1.000000000
1403637243.244881392,11.280695790,0.369426835,0.442090829,0.000000000,0.000000000,0.000000000,1.000000000
1403637243.293881178,11.256788361,0.410587254,0.448840067,0.000000000,0.000000000,0.000000000,1.000000000
1403637243.394881248,11.181898803,0.496293812,0.458991042,0.000000000,0.000000000,0.000000000,1.000000000
1403637243.446881294,11.148778127,0.541502368,0.460582724,0.000000000,0.000000000,0.000000000,1.000000000
1403637243.496881247,11.117316015,0.585779710,0.459973217,0.000000000,0.000000000,0.000000000,1.000000000
1403637243.792881250,10.800534963,0.852885613,0.457386242,0.000000000,0.000000000,0.000000000,1.000000000
1403637243.843881369,10.756592823,0.900787228,0.460211331,0.000000000,0.000000000,0.000000000,1.000000000
1403637243.892881393,10.707828172,0.946704803,0.466041868,0.000000000,0.000000000,0.000000000,1.000000000
1403637243.942881346,10.659777626,0.995301799,0.473834884,0.000000000,0.000000000,0.000000000,1.000000000
1403637243.994881392,10.573112964,1.039340619,0.487547884,0.000000000,0.000000000,0.000000000,1.000000000
1403637244.742881298,9.848973281,1.624059474,0.864261234,0.000000000,0.000000000,0.000000000,1.000000000
1403637244.793881178,9.815625431,1.659222113,0.895687061,0.000000000,0.000000000,0.000000000,1.000000000
1403637244.844881296,9.782839429,1.695257197,0.926284687,0.000000000,0.000000000,0.000000000,1.000000000
1403637244.894881248,9.722149091,1.726507395,0.956635616,0.000000000,0.000000000,0.000000000,1.000000000
1403637244.945881367,9.691700109,1.762494963,0.983302986,0.000000000,0.000000000,0.000000000,1.000000000
1403637244.993881226,9.660250494,1.796349225,1.007214716,0.000000000,0.000000000,0.000000000,1.000000000
1403637245.042881250,9.631003401,1.833471509,1.030670496,0.000000000,0.000000000,0.000000000,1.000000000
1403637245.092881203,9.601344697,1.871267795,1.053148399,0.000000000,0.000000000,0.000000000,1.000000000
1403637245.144881248,9.573241674,1.910062511,1.074548698,0.000000000,0.000000000,0.000000000,1.000000000
1403637245.244881392,9.503434860,1.984880374,1.113397495,0.000000000,0.000000000,0.000000000,1.000000000
1403637245.347881317,9.458318509,2.067783543,1.145544080,0.000000000,0.000000000,0.000000000,1.000000000
1403637245.394881248,9.424778301,2.105988526,1.159804143,0.000000000,0.000000000,0.000000000,1.000000000
1403637245.444881201,9.405600739,2.147438189,1.172303738,0.000000000,0.000000000,0.000000000,1.000000000
1403637245.543881178,9.365821188,2.233072554,1.194632567,0.000000000,0.000000000,0.000000000,1.000000000
1403637245.593881369,9.351358243,2.277268097,1.204082136,0.000000000,0.000000000,0.000000000,1.000000000
1403637245.694881201,9.325634175,2.370185644,1.219966767,0.000000000,0.000000000,0.000000000,1.000000000
1403637245.744881392,9.314751782,2.417272690,1.225961972,0.000000000,0.000000000,0.000000000,1.000000000
1403637245.793881178,9.304445443,2.465002027,1.230782677,0.000000000,0.000000000,0.000000000,1.000000000
1403637245.845881224,9.297919165,2.516785402,1.233978461,0.000000000,0.000000000,0.000000000,1.000000000
1403637245.894881248,9.289955612,2.565081950,1.235908679,0.000000000,0.000000000,0.000000000,1.000000000
1403637245.992881298,9.274012280,2.665906336,1.235728183,0.000000000,0.000000000,0.000000000,1.000000000
1403637246.044881344,9.272614425,2.720695489,1.233305460,0.000000000,0.000000000,0.000000000,1.000000000
1403637246.245881319,9.252059724,2.936505716,1.210739899,0.000000000,0.000000000,0.000000000,1.000000000
1403637246.296881199,9.242157691,2.989508774,1.202154217,0.000000000,0.000000000,0.000000000,1.000000000
1403637246.345881224,9.234871329,3.039943456,1.192983121,0.000000000,0.000000000,0.000000000,1.000000000
1403637246.396881342,9.223353788,3.095689349,1.182119999,0.000000000,0.000000000,0.000000000,1.000000000
1403637246.443881273,9.213381827,3.145806837,1.170729162,0.000000000,0.000000000,0.000000000,1.000000000
1403637246.494881392,9.204394071,3.198182347,1.157788693,0.000000000,0.000000000,0.000000000,1.000000000
1403637246.545881271,9.192951850,3.250506456,1.143985230,0.000000000,0.000000000,0.000000000,1.000000000
1403637246.593881369,9.184119952,3.303338026,1.128452978,0.000000000,0.000000000,0.000000000,1.000000000
1403637246.694881201,9.154922607,3.402581857,1.094637707,0.000000000,0.000000000,0.000000000,1.000000000
1403637246.744881392,9.137925106,3.451381521,1.075870715,0.000000000,0.000000000,0.000000000,1.000000000
1403637246.792881250,9.121055640,3.496225566,1.057391859,0.000000000,0.000000000,0.000000000,1.000000000
1403637246.843881369,9.101008931,3.542750526,1.037235468,0.000000000,0.000000000,0.000000000,1.000000000
1403637246.945881367,9.056803780,3.627793751,0.999358919,0.000000000,0.000000000,0.000000000,1.000000000
1403637246.992881298,9.033564734,3.667115464,0.983278836,0.000000000,0.000000000,0.000000000,1.000000000
1403637247.044881344,8.998754658,3.702579445,0.968780613,0.000000000,0.000000000,0.000000000,1.000000000
1403637247.096881390,8.968501876,3.739716889,0.955796754,0.000000000,0.000000000,0.000000000,1.000000000
1403637247.193881273,8.910535813,3.804700819,0.936569373,0.000000000,0.000000000,0.000000000,1.000000000
1403637247.344881296,8.791678961,3.886104716,0.912417388,0.000000000,0.000000000,0.000000000,1.000000000
1403637247.393881321,8.754209280,3.912126210,0.902249021,0.000000000,0.000000000,0.000000000,1.000000000
1403637247.444881201,8.715920826,3.939255232,0.890242734,0.000000000,0.000000000,0.000000000,1.000000000
1403637247.494881392,8.677283276,3.964106961,0.877141520,0.000000000,0.000000000,0.000000000,1.000000000
1403637247.544881344,8.616402109,3.977004762,0.864482730,0.000000000,0.000000000,0.000000000,1.000000000
1403637247.595881224,8.577250966,3.999329562,0.848828755,0.000000000,0.000000000,0.000000000,1.000000000
1403637247.694881201,8.496825068,4.039952178,0.815962003,0.000000000,0.000000000,0.000000000,1.000000000
1403637247.743881226,8.454639888,4.057747823,0.798134432,0.000000000,0.000000000,0.000000000,1.000000000
1403637247.792881250,8.388078516,4.061380611,0.782117667,0.000000000,0.000000000,0.000000000,1.000000000
1403637247.843881369,8.345879430,4.075880136,0.762714860,0.000000000,0.000000000,0.000000000,1.000000000
1403637247.894881248,8.302047873,4.086587765,0.743665668,0.000000000,0.000000000,0.000000000,1.000000000
1403637247.945881367,8.258554207,4.096269301,0.724482970,0.000000000,0.000000000,0.000000000,1.000000000
1403637248.045881271,8.136671080,4.089882647,0.695567626,0.000000000,0.000000000,0.000000000,1.000000000
1403637248.097881317,8.093129390,4.091216566,0.682863737,0.000000000,0.000000000,0.000000000,1.000000000
1403637248.145881176,8.047365351,4.088468789,0.673023687,0.000000000,0.000000000,0.000000000,1.000000000
1403637248.192881346,7.962273034,4.062461524,0.670208110,0.000000000,0.000000000,0.000000000,1.000000000
1403637248.292881250,7.867266152,4.047269856,0.658655868,0.000000000,0.000000000,0.000000000,1.000000000
1403637248.342881203,7.817443121,4.035532040,0.654043753,0.000000000,0.000000000,0.000000000,1.000000000
1403637248.392881393,7.768968313,4.023050599,0.648176971,0.000000000,0.000000000,0.000000000,1.000000000
1403637248.493881226,7.626848842,3.971319827,0.635601041,0.000000000,0.000000000,0.000000000,1.000000000
1403637248.545881271,7.577299129,3.955000887,0.623547660,0.000000000,0.000000000,0.000000000,1.000000000
1403637248.593881369,7.531953301,3.939208042,0.611400317,0.000000000,0.000000000,0.000000000,1.000000000
1403637248.642881393,7.480659421,3.919175826,0.597786168,0.000000000,0.000000000,0.000000000,1.000000000
1403637248.692881346,7.382793320,3.874455880,0.590158419,0.000000000,0.000000000,0.000000000,1.000000000
1403637248.742881298,7.334786677,3.854763152,0.577863323,0.000000000,0.000000000,0.000000000,1.000000000
1403637248.793881178,7.286638269,3.833502011,0.567264474,0.000000000,0.000000000,0.000000000,1.000000000
1403637248.843881369,7.235975877,3.810923254,0.558540007,0.000000000,0.000000000,0.000000000,1.000000000
1403637248.945881367,7.088959597,3.738826946,0.553614590,0.000000000,0.000000000,0.000000000,1.000000000
1403637248.994881392,7.039248512,3.713765364,0.551293559,0.000000000,0.000000000,0.000000000,1.000000000
1403637249.046881199,6.938917692,3.661437476,0.556742990,0.000000000,0.000000000,0.000000000,1.000000000
1403637249.143881321,6.840263615,3.605388678,0.560179901,0.000000000,0.000000000,0.000000000,1.000000000
1403637249.192881346,6.787310867,3.579500211,0.564460659,0.000000000,0.000000000,0.000000000,1.000000000
1403637249.242881298,6.737030226,3.553168461,0.569912928,0.000000000,0.000000000,0.000000000,1.000000000
1403637249.292881250,6.684879527,3.524651969,0.578225591,0.000000000,0.000000000,0.000000000,1.000000000
1403637249.344881296,6.586329315,3.471684413,0.594295134,0.000000000,0.000000000,0.000000000,1.000000000
1403637249.446881294,6.360038254,3.349940028,0.635179936,0.000000000,0.000000000,0.000000000,1.000000000
1403637249.593881369,6.272851260,3.298818636,0.658364868,0.000000000,0.000000000,0.000000000,1.000000000
1403637249.694881201,6.154651318,3.232270360,0.661500049,0.000000000,0.000000000,0.000000000,1.000000000
1403637249.744881392,6.110505786,3.206530736,0.655877730,0.000000000,0.000000000,0.000000000,1.000000000
1403637249.845881224,5.773911238,3.023718760,0.663762025,0.000000000,0.000000000,0.000000000,1.000000000
1403637250.046881199,5.687637435,2.955722509,0.596480157,0.000000000,0.000000000,0.000000000,1.000000000
1403637250.094881296,5.619413107,2.912475551,0.591695780,0.000000000,0.000000000,0.000000000,1.000000000
1403637250.144881248,5.566727822,2.876095442,0.585718739,0.000000000,0.000000000,0.000000000,1.000000000
1403637250.192881346,5.511908856,2.838013046,0.582464088,0.000000000,0.000000000,0.000000000,1.000000000
1403637250.293881178,5.352257077,2.732715588,0.589149050,0.000000000,0.000000000,0.000000000,1.000000000
1403637250.345881224,5.302572158,2.694242197,0.588953769,0.000000000,0.000000000,0.000000000,1.000000000
1403637250.395881176,5.252126242,2.654838246,0.588446232,0.000000000,0.000000000,0.000000000,1.000000000
1403637250.494881392,5.104269306,2.551174064,0.591675123,0.000000000,0.000000000,0.000000000,1.000000000
1403637250.593881369,4.954516538,2.446923661,0.590561402,0.000000000,0.000000000,0.000000000,1.000000000
1403637250.645881176,4.917543408,2.412913116,0.581162821,0.000000000,0.000000000,0.000000000,1.000000000
1403637250.694881201,4.873051844,2.375986070,0.572766585,0.000000000,0.000000000,0.000000000,1.000000000
1403637250.744881392,4.827648903,2.338941304,0.565726232,0.000000000,0.000000000,0.000000000,1.000000000
1403637250.793881178,4.781521279,2.301401699,0.560008004,0.000000000,0.000000000,0.000000000,1.000000000
1403637250.847881317,4.734772598,2.263437802,0.556264029,0.000000000,0.000000000,0.000000000,1.000000000
1403637250.894881248,4.693200865,2.229491361,0.554584919,0.000000000,0.000000000,0.000000000,1.000000000
1403637250.995881319,4.562782687,2.139283837,0.566375481,0.000000000,0.000000000,0.000000000,1.000000000
1403637251.045881271,4.524288182,2.108030116,0.570222624,0.000000000,0.000000000,0.000000000,1.000000000
1403637251.094881296,4.488389755,2.079061844,0.575664244,0.000000000,0.000000000,0.000000000,1.000000000
1403637251.147881269,4.451872085,2.049781057,0.582981235,0.000000000,0.000000000,0.000000000,1.000000000
1403637251.196881294,4.416105832,2.022106448,0.592226538,0.000000000,0.000000000,0.000000000,1.000000000
1403637251.244881392,4.382959116,1.996488381,0.602578878,0.000000000,0.000000000,0.000000000,1.000000000
1403637251.393881321,4.240543002,1.905151866,0.654300296,0.000000000,0.000000000,0.000000000,1.000000000
1403637251.496881247,4.208960427,1.876315217,0.688514990,0.000000000,0.000000000,0.000000000,1.000000000
1403637251.544881344,4.157030224,1.846994318,0.714814113,0.000000000,0.000000000,0.000000000,1.000000000
1403637251.595881224,4.134039928,1.830972379,0.737887014,0.000000000,0.000000000,0.000000000,1.000000000
1403637251.644881248,4.110503605,1.815614218,0.760036242,0.000000000,0.000000000,0.000000000,1.000000000
1403637251.695881367,4.084921894,1.799749927,0.782318385,0.000000000,0.000000000,0.000000000,1.000000000
1403637251.746881247,4.065275055,1.786873873,0.802183322,0.000000000,0.000000000,0.000000000,1.000000000
1403637251.794881344,4.043212309,1.773453337,0.819795302,0.000000000,0.000000000,0.000000000,1.000000000
1403637251.846881390,4.024598071,1.761783991,0.836479577,0.000000000,0.000000000,0.000000000,1.000000000
1403637251.895881176,4.005480562,1.750454505,0.851255669,0.000000000,0.000000000,0.000000000,1.000000000
1403637251.943881273,3.968893956,1.731621116,0.867542433,0.000000000,0.000000000,0.000000000,1.000000000
1403637251.992881298,3.952224017,1.721183558,0.879736290,0.000000000,0.000000000,0.000000000,1.000000000
1403637252.043881178,3.936644846,1.710512947,0.891362263,0.000000000,0.000000000,0.000000000,1.000000000
1403637252.096881390,3.921291351,1.699012625,0.902262739,0.000000000,0.000000000,0.000000000,1.000000000
1403637252.194881201,3.895933844,1.677183323,0.919535981,0.000000000,0.000000000,0.000000000,1.000000000
1403637252.246881247,3.883548272,1.665182211,0.927171413,0.000000000,0.000000000,0.000000000,1.000000000
1403637252.294881344,3.857601329,1.646628726,0.935594531,0.000000000,0.000000000,0.000000000,1.000000000
1403637252.345881224,3.848316494,1.634209235,0.940944667,0.000000000,0.000000000,0.000000000,1.000000000
1403637252.394881248,3.839178982,1.621039184,0.945251351,0.000000000,0.000000000,0.000000000,1.000000000
1403637252.493881226,3.823455845,1.592177051,0.949522548,0.000000000,0.000000000,0.000000000,1.000000000
1403637252.545881271,3.816897982,1.576231411,0.949073762,0.000000000,0.000000000,0.000000000,1.000000000
1403637252.593881369,3.812667838,1.561923036,0.947021273,0.000000000,0.000000000,0.000000000,1.000000000
1403637252.642881393,3.807874177,1.545678905,0.943445951,0.000000000,0.000000000,0.000000000,1.000000000
1403637252.742881298,3.794576086,1.509804291,0.932570685,0.000000000,0.000000000,0.000000000,1.000000000
1403637252.793881178,3.793246051,1.493648811,0.924545262,0.000000000,0.000000000,0.000000000,1.000000000
1403637252.842881203,3.792560697,1.478134488,0.915786411,0.000000000,0.000000000,0.000000000,1.000000000
1403637252.895881176,3.791600544,1.462844528,0.906318160,0.000000000,0.000000000,0.000000000,1.000000000
1403637252.944881201,3.791319039,1.448809503,0.897823564,0.000000000,0.000000000,0.000000000,1.000000000
1403637252.993881226,3.791910422,1.435883188,0.891058103,0.000000000,0.000000000,0.000000000,1.000000000
1403637253.043881178,3.791053963,1.421782283,0.886303335,0.000000000,0.000000000,0.000000000,1.000000000
1403637253.095881224,3.793221136,1.409109831,0.883814325,0.000000000,0.000000000,0.000000000,1.000000000
1403637253.147881269,3.796294450,1.397623513,0.883223309,0.000000000,0.000000000,0.000000000,1.000000000
1403637253.246881247,3.802301495,1.377452109,0.888133339,0.000000000,0.000000000,0.000000000,1.000000000
1403637253.343881369,3.809975866,1.359800720,0.896445807,0.000000000,0.000000000,0.000000000,1.000000000
1403637253.393881321,3.814658900,1.351090142,0.899695060,0.000000000,0.000000000,0.000000000,1.000000000
1403637253.496881247,3.825397627,1.333569798,0.901582792,0.000000000,0.000000000,0.000000000,1.000000000
1403637253.545881271,3.830436354,1.324559754,0.900114930,0.000000000,0.000000000,0.000000000,1.000000000
1403637253.594881296,3.836242213,1.315647808,0.897113669,0.000000000,0.000000000,0.000000000,1.000000000
1403637253.645881176,3.843793677,1.306950688,0.892289293,0.000000000,0.000000000,0.000000000,1.000000000
1403637253.694881201,3.853821187,1.299628532,0.886031678,0.000000000,0.000000000,0.000000000,1.000000000
1403637253.743881226,3.860084735,1.290622240,0.879604393,0.000000000,0.000000000,0.000000000,1.000000000
1403637253.797881365,3.867805050,1.280602648,0.873750508,0.000000000,0.000000000,0.000000000,1.000000000
1403637253.845881224,3.875555030,1.271307907,0.869806593,0.000000000,0.000000000,0.000000000,1.000000000
1403637253.896881342,3.883681148,1.261658220,0.867678548,0.000000000,0.000000000,0.000000000,1.000000000
1403637253.947881222,3.892294629,1.251357330,0.867477014,0.000000000,0.000000000,0.000000000,1.000000000
1403637253.997881174,3.901034104,1.241249016,0.868677103,0.000000000,0.000000000,0.000000000,1.000000000
1403637254.045881271,3.914866804,1.232012884,0.870523542,0.000000000,0.000000000,0.000000000,1.000000000
1403637254.097881317,3.924277809,1.220856964,0.874398508,0.000000000,0.000000000,0.000000000,1.000000000
1403637254.147881269,3.934232095,1.208824384,0.880335960,0.000000000,0.000000000,0.000000000,1.000000000
1403637254.245881319,3.953956770,1.183156290,0.896022011,0.000000000,0.000000000,0.000000000,1.000000000
1403637254.295881271,3.963895150,1.169169665,0.906379477,0.000000000,0.000000000,0.000000000,1.000000000
1403637254.345881224,3.973867990,1.155150283,0.917568667,0.000000000,0.000000000,0.000000000,1.000000000
1403637254.393881321,3.984341358,1.139989928,0.930683235,0.000000000,0.000000000,0.000000000,1.000000000
1403637254.494881392,4.007945590,1.108094410,0.960614057,0.000000000,0.000000000,0.000000000,1.000000000
1403637254.545881271,4.017757399,1.091091076,0.975832013,0.000000000,0.000000000,0.000000000,1.000000000
1403637254.592881203,4.027150276,1.074447146,0.989689919,0.000000000,0.000000000,0.000000000,1.000000000
1403637254.643881321,4.036738128,1.056236783,1.002902814,0.000000000,0.000000000,0.000000000,1.000000000
1403637254.694881201,4.046996532,1.037976918,1.014147252,0.000000000,0.000000000,0.000000000,1.000000000
1403637254.745881319,4.056051841,1.019124261,1.023864316,0.000000000,0.000000000,0.000000000,1.000000000
1403637254.793881178,4.067402112,1.001876648,1.031059255,0.000000000,0.000000000,0.000000000,1.000000000
1403637254.846881390,4.076062742,0.982112046,1.037516792,0.000000000,0.000000000,0.000000000,1.000000000
1403637254.895881176,4.084312736,0.962817321,1.042383739,0.000000000,0.000000000,0.000000000,1.000000000
1403637254.994881392,4.101076417,0.923999797,1.047692002,0.000000000,0.000000000,0.000000000,1.000000000
1403637255.045881271,4.108748442,0.903663898,1.048179419,0.000000000,0.000000000,0.000000000,1.000000000
1403637255.096881390,4.116244065,0.883013050,1.047470556,0.000000000,0.000000000,0.000000000,1.000000000
1403637255.146881342,4.127633155,0.862094462,1.045329341,0.000000000,0.000000000,0.000000000,1.000000000
1403637255.246881247,4.143867846,0.819444659,1.039478087,0.000000000,0.000000000,0.000000000,1.000000000
1403637255.296881199,4.152023555,0.797244722,1.037051360,0.000000000,0.000000000,0.000000000,1.000000000
1403637255.347881317,4.160461681,0.773655011,1.036019177,0.000000000,0.000000000,0.000000000,1.000000000
1403637255.393881321,4.169475402,0.752558552,1.036330909,0.000000000,0.000000000,0.000000000,1.000000000
1403637255.444881201,4.178110906,0.728337605,1.038604732,0.000000000,0.000000000,0.000000000,1.000000000
1403637255.495881319,4.187898602,0.703463183,1.042502790,0.000000000,0.000000000,0.000000000,1.000000000
1403637255.545881271,4.202412062,0.679749577,1.046286522,0.000000000,0.000000000,0.000000000,1.000000000
1403637255.644881248,4.223088307,0.630334239,1.053593372,0.000000000,0.000000000,0.000000000,1.000000000
1403637255.744881392,4.245851294,0.578542547,1.054881060,0.000000000,0.000000000,0.000000000,1.000000000
1403637255.794881344,4.257182432,0.552977561,1.053117354,0.000000000,0.000000000,0.000000000,1.000000000
1403637255.845881224,4.268403343,0.526838275,1.051237413,0.000000000,0.000000000,0.000000000,1.000000000
1403637255.895881176,4.289433476,0.499841379,1.047090176,0.000000000,0.000000000,0.000000000,1.000000000
1403637255.994881392,4.312553211,0.445111183,1.046246261,0.000000000,0.000000000,0.000000000,1.000000000
1403637256.043881178,4.323722770,0.416798064,1.048731355,0.000000000,0.000000000,0.000000000,1.000000000
1403637256.095881224,4.335093454,0.386833469,1.053674776,0.000000000,0.000000000,0.000000000,1.000000000
1403637256.147881269,4.346380954,0.357264547,1.060360130,0.000000000,0.000000000,0.000000000,1.000000000
1403637256.194881201,4.357497017,0.329174020,1.068713827,0.000000000,0.000000000,0.000000000,1.000000000
1403637256.245881319,4.375718642,0.299195360,1.078487651,0.000000000,0.000000000,0.000000000,1.000000000
1403637256.294881344,4.386781119,0.269402700,1.089828406,0.000000000,0.000000000,0.000000000,1.000000000
1403637256.395881176,4.407118599,0.208465518,1.111199924,0.000000000,0.000000000,0.000000000,1.000000000
1403637256.446881294,4.418300968,0.176766800,1.119876145,0.000000000,0.000000000,0.000000000,1.000000000
1403637256.492881298,4.427969782,0.147521042,1.126475914,0.000000000,0.000000000,0.000000000,1.000000000
1403637256.545881271,4.437458378,0.113819880,1.132018655,0.000000000,0.000000000,0.000000000,1.000000000
1403637256.593881369,4.447451197,0.082955128,1.135370350,0.000000000,0.000000000,0.000000000,1.000000000
1403637256.644881248,4.466223915,0.047022157,1.137660172,0.000000000,0.000000000,0.000000000,1.000000000
1403637256.744881392,4.486369932,-0.017259944,1.136005743,0.000000000,0.000000000,0.000000000,1.000000000
1403637256.794881344,4.495949105,-0.051290877,1.133612785,0.000000000,0.000000000,0.000000000,1.000000000
1403637256.844881296,4.505159478,-0.085878837,1.129979173,0.000000000,0.000000000,0.000000000,1.000000000
1403637256.892881393,4.514099816,-0.121374659,1.126573461,0.000000000,0.000000000,0.000000000,1.000000000
1403637256.943881273,4.520730955,-0.152809913,1.121212247,0.000000000,0.000000000,0.000000000,1.000000000
1403637257.044881344,4.577839888,-0.223660556,1.106681170,0.000000000,0.000000000,0.000000000,1.000000000
1403637257.196881294,4.592544542,-0.319660115,1.086979006,0.000000000,0.000000000,0.000000000,1.000000000
1403637257.293881178,4.599673401,-0.381470689,1.084313039,0.000000000,0.000000000,0.000000000,1.000000000
1403637257.345881224,4.609151587,-0.412875573,1.085354411,0.000000000,0.000000000,0.000000000,1.000000000
1403637257.394881248,4.628594013,-0.444111367,1.087114304,0.000000000,0.000000000,0.000000000,1.000000000
1403637257.444881201,4.636937978,-0.475654928,1.091378095,0.000000000,0.000000000,0.000000000,1.000000000
1403637257.494881392,4.645394051,-0.506037631,1.097860035,0.000000000,0.000000000,0.000000000,1.000000000
1403637257.546881199,4.654661711,-0.537516346,1.105810095,0.000000000,0.000000000,0.000000000,1.000000000
1403637257.595881224,4.662820084,-0.567928722,1.113580252,0.000000000,0.000000000,0.000000000,1.000000000
1403637257.646881342,4.670570041,-0.599503329,1.120609836,0.000000000,0.000000000,0.000000000,1.000000000
1403637257.698881388,4.688742005,-0.633473639,1.125401880,0.000000000,0.000000000,0.000000000,1.000000000
1403637257.747881174,4.695934744,-0.664175619,1.129164339,0.000000000,0.000000000,0.000000000,1.000000000
1403637257.792881250,4.702093296,-0.692873084,1.131298380,0.000000000,0.000000000,0.000000000,1.000000000
1403637257.845881224,4.708332847,-0.725902305,1.132083840,0.000000000,0.000000000,0.000000000,1.000000000
1403637257.897881269,4.713518955,-0.757112570,1.131383415,0.000000000,0.000000000,0.000000000,1.000000000
1403637257.993881226,4.723197185,-0.818637749,1.126466862,0.000000000,0.000000000,0.000000000,1.000000000
1403637258.044881344,4.734266512,-0.851868262,1.121720787,0.000000000,0.000000000,0.000000000,1.000000000
1403637258.094881296,4.737438375,-0.882117364,1.115896805,0.000000000,0.000000000,0.000000000,1.000000000
1403637258.145881176,4.739132080,-0.913421486,1.109246677,0.000000000,0.000000000,0.000000000,1.000000000
1403637258.192881346,4.739005779,-0.942535048,1.102515238,0.000000000,0.000000000,0.000000000,1.000000000
1403637258.244881392,4.738417935,-0.973048533,1.095860617,0.000000000,0.000000000,0.000000000,1.000000000
1403637258.294881344,4.736932920,-1.002664146,1.090787678,0.000000000,0.000000000,0.000000000,1.000000000
1403637258.347881317,4.734070914,-1.033851366,1.087765697,0.000000000,0.000000000,0.000000000,1.000000000
1403637258.392881393,4.734982233,-1.061730724,1.086456677,0.000000000,0.000000000,0.000000000,1.000000000
1403637258.495881319,4.726200486,-1.121346068,1.084445073,0.000000000,0.000000000,0.000000000,1.000000000
1403637258.545881271,4.721202139,-1.149720856,1.081704590,0.000000000,0.000000000,0.000000000,1.000000000
1403637258.595881224,4.715963805,-1.177790229,1.077404314,0.000000000,0.000000000,0.000000000,1.000000000
1403637258.644881248,4.710899961,-1.204008349,1.071750298,0.000000000,0.000000000,0.000000000,1.000000000
1403637258.693881273,4.704409046,-1.230558416,1.064526366,0.000000000,0.000000000,0.000000000,1.000000000
1403637258.745881319,4.700185472,-1.259075644,1.055664045,0.000000000,0.000000000,0.000000000,1.000000000
1403637258.793881178,4.694482161,-1.284861349,1.047267442,0.000000000,0.000000000,0.000000000,1.000000000
1403637258.846881390,4.688055748,-1.312162003,1.037485977,0.000000000,0.000000000,0.000000000,1.000000000
1403637258.946881294,4.675607814,-1.363135756,1.017045366,0.000000000,0.000000000,0.000000000,1.000000000
1403637258.994881392,4.669732321,-1.386620523,1.006890378,0.000000000,0.000000000,0.000000000,1.000000000
1403637259.045881271,4.663474949,-1.410672624,0.996148334,0.000000000,0.000000000,0.000000000,1.000000000
1403637259.094881296,4.660662125,-1.433823148,0.986921933,0.000000000,0.000000000,0.000000000,1.000000000
1403637259.146881342,4.654978917,-1.456494142,0.980113205,0.000000000,0.000000000,0.000000000,1.000000000
1403637259.245881319,4.645264399,-1.498503388,0.974880914,0.000000000,0.000000000,0.000000000,1.000000000
1403637259.294881344,4.640161837,-1.518198952,0.976995938,0.000000000,0.000000000,0.000000000,1.000000000
1403637259.348881245,4.636288632,-1.538070610,0.981951281,0.000000000,0.000000000,0.000000000,1.000000000
1403637259.544881344,4.628061875,-1.606339532,1.012030949,0.000000000,0.000000000,0.000000000,1.000000000
1403637259.594881296,4.624861207,-1.620481183,1.018394219,0.000000000,0.000000000,0.000000000,1.000000000
1403637259.646881342,4.623768480,-1.634283353,1.023888970,0.000000000,0.000000000,0.000000000,1.000000000
1403637259.695881367,4.623110912,-1.646373951,1.028121586,0.000000000,0.000000000,0.000000000,1.000000000
1403637259.747881174,4.621563221,-1.657704349,1.031742176,0.000000000,0.000000000,0.000000000,1.000000000
1403637259.793881178,4.621650262,-1.667142383,1.034507766,0.000000000,0.000000000,0.000000000,1.000000000
1403637259.846881390,4.621608792,-1.676709915,1.036649048,0.000000000,0.000000000,0.000000000,1.000000000
1403637259.896881342,4.621070980,-1.684333894,1.037617905,0.000000000,0.000000000,0.000000000,1.000000000
1403637259.944881201,4.621854401,-1.691014733,1.037770483,0.000000000,0.000000000,0.000000000,1.000000000
1403637259.994881392,4.622821381,-1.696944891,1.037081248,0.000000000,0.000000000,0.000000000,1.000000000
1403637260.044881344,4.623333295,-1.700943869,1.035498923,0.000000000,0.000000000,0.000000000,1.000000000
1403637260.094881296,4.628943078,-1.705220615,1.032437721,0.000000000,0.000000000,0.000000000,1.000000000
1403637260.146881342,4.630880345,-1.707608773,1.028549507,0.000000000,0.000000000,0.000000000,1.000000000
1403637260.245881319,4.635992176,-1.711078794,1.017821823,0.000000000,0.000000000,0.000000000,1.000000000
1403637260.293881178,4.638339656,-1.711540038,1.011178920,0.000000000,0.000000000,0.000000000,1.000000000
1403637260.344881296,4.640749931,-1.711499847,1.003475386,0.000000000,0.000000000,0.000000000,1.000000000
1403637260.393881321,4.644178695,-1.711347317,0.995016261,0.000000000,0.000000000,0.000000000,1.000000000
1403637260.495881319,4.654811654,-1.711563834,0.975652273,0.000000000,0.000000000,0.000000000,1.000000000
1403637260.545881271,4.658063115,-1.711404723,0.966035253,0.000000000,0.000000000,0.000000000,1.000000000
1403637260.595881224,4.662087531,-1.711949942,0.956234656,0.000000000,0.000000000,0.000000000,1.000000000
1403637260.646881342,4.666052985,-1.712366787,0.945698572,0.000000000,0.000000000,0.000000000,1.000000000
1403637260.695881367,4.669826395,-1.713286925,0.935281544,0.000000000,0.000000000,0.000000000,1.000000000
1403637260.746881247,4.676977969,-1.716331024,0.923966040,0.000000000,0.000000000,0.000000000,1.000000000
1403637260.795881271,4.679244546,-1.718300298,0.913499839,0.000000000,0.000000000,0.000000000,1.000000000
1403637260.845881224,4.682138791,-1.721260562,0.902569385,0.000000000,0.000000000,0.000000000,1.000000000
1403637260.894881248,4.683830140,-1.724502227,0.891623593,0.000000000,0.000000000,0.000000000,1.000000000
1403637260.995881319,4.688073836,-1.733796756,0.868437503,0.000000000,0.000000000,0.000000000,1.000000000
1403637261.092881203,4.690823253,-1.744089576,0.845740008,0.000000000,0.000000000,0.000000000,1.000000000
1403637261.142881393,4.696014830,-1.751610581,0.833694416,0.000000000,0.000000000,0.000000000,1.000000000
1403637261.242881298,4.696771238,-1.763934803,0.811163811,0.000000000,0.000000000,0.000000000,1.000000000
1403637261.292881250,4.696986214,-1.770574300,0.800329966,0.000000000,0.000000000,0.000000000,1.000000000
1403637261.344881296,4.696140556,-1.777342798,0.790150927,0.000000000,0.000000000,0.000000000,1.000000000
1403637261.393881321,4.696126931,-1.784830377,0.780328356,0.000000000,0.000000000,0.000000000,1.000000000
1403637261.443881273,4.695147473,-1.792381852,0.771595823,0.000000000,0.000000000,0.000000000,1.000000000
1403637261.493881226,4.697107281,-1.801068127,0.763843503,0.000000000,0.000000000,0.000000000,1.000000000
1403637261.546881199,4.696440613,-1.808798966,0.757843883,0.000000000,0.000000000,0.000000000,1.000000000
1403637261.592881203,4.695188166,-1.815696890,0.753066572,0.000000000,0.000000000,0.000000000,1.000000000
1403637261.646881342,4.693746137,-1.823358080,0.749047277,0.000000000,0.000000000,0.000000000,1.000000000
1403637261.696881294,4.691459666,-1.830754644,0.745981079,0.000000000,0.000000000,0.000000000,1.000000000
1403637261.746881247,4.688163543,-1.838194161,0.743583634,0.000000000,0.000000000,0.000000000,1.000000000
1403637261.844881296,4.678266192,-1.851818763,0.742456602,0.000000000,0.000000000,0.000000000,1.000000000
1403637261.894881248,4.673511571,-1.858821089,0.743690383,0.000000000,0.000000000,0.000000000,1.000000000
1403637261.942881346,4.668995810,-1.865611406,0.745969581,0.000000000,0.000000000,0.000000000,1.000000000
1403637261.992881298,4.664488904,-1.872600874,0.748890108,0.000000000,0.000000000,0.000000000,1.000000000
1403637262.044881344,4.658043335,-1.879049489,0.752055801,0.000000000,0.000000000,0.000000000,1.000000000
1403637262.093881369,4.652442035,-1.885189077,0.753005849,0.000000000,0.000000000,0.000000000,1.000000000
1403637262.143881321,4.642643290,-1.890407020,0.752754551,0.000000000,0.000000000,0.000000000,1.000000000
1403637262.245881319,4.629718680,-1.902458000,0.743873491,0.000000000,0.000000000,0.000000000,1.000000000
1403637262.295881271,4.624041212,-1.908031560,0.736598108,0.000000000,0.000000000,0.000000000,1.000000000
1403637262.346881390,4.617968672,-1.913370628,0.726523800,0.000000000,0.000000000,0.000000000,1.000000000
1403637262.396881342,4.611945071,-1.918033659,0.715291116,0.000000000,0.000000000,0.000000000,1.000000000
1403637262.445881367,4.606762837,-1.922468665,0.702254726,0.000000000,0.000000000,0.000000000,1.000000000
1403637262.494881392,4.615297792,-1.917276003,0.694737313,0.000000000,0.000000000,0.000000000,1.000000000
1403637262.547881365,4.618478614,-1.920900374,0.696458071,0.000000000,0.000000000,0.000000000,1.000000000
1403637262.592881203,4.618488351,-1.921428247,0.697777199,0.000000000,0.000000000,0.000000000,1.000000000
1403637262.645881176,4.619543768,-1.918027588,0.695718872,0.000000000,0.000000000,0.000000000,1.000000000
1403637262.745881319,4.637517443,-1.918453559,0.692912418,0.000000000,0.000000000,0.000000000,1.000000000
1403637262.793881178,4.638198309,-1.916850488,0.693016040,0.000000000,0.000000000,0.000000000,1.000000000
1403637262.844881296,4.631965639,-1.915485492,0.691748995,0.000000000,0.000000000,0.000000000,1.000000000
1403637262.945881367,4.626990454,-1.914452012,0.692196895,0.000000000,0.000000000,0.000000000,1.000000000
1403637262.995881319,4.630093296,-1.914910963,0.692220756,0.000000000,0.000000000,0.000000000,1.000000000
1403637263.046881199,4.628719179,-1.915484353,0.691987450,0.000000000,0.000000000,0.000000000,1.000000000
1403637263.095881224,4.629817783,-1.915436901,0.691888620,0.000000000,0.000000000,0.000000000,1.000000000
1403637263.148881197,4.629798677,-1.915466553,0.691849441,0.000000000,0.000000000,0.000000000,1.000000000
1403637263.193881273,4.629802601,-1.915496612,0.691943175,0.000000000,0.000000000,0.000000000,1.000000000
1403637263.245881319,4.628858874,-1.915141887,0.691975924,0.000000000,0.000000000,0.000000000,1.000000000
1403637263.294881344,4.628882120,-1.915116546,0.692049033,0.000000000,0.000000000,0.000000000,1.000000000
1403637263.344881296,4.628910723,-1.915044787,0.692042816,0.000000000,0.000000000,0.000000000,1.000000000
1403637263.395881176,4.628883503,-1.915088075,0.691989473,0.000000000,0.000000000,0.000000000,1.000000000
1403637263.496881247,4.628936957,-1.914970266,0.692016489,0.000000000,0.000000000,0.000000000,1.000000000
1403637263.546881199,4.628892520,-1.915065106,0.691986690,0.000000000,0.000000000,0.000000000,1.000000000
1403637263.595881224,4.628891141,-1.915065033,0.691978619,0.000000000,0.000000000,0.000000000,1.000000000
1403637263.646881342,4.628923567,-1.914987783,0.691981296,0.000000000,0.000000000,0.000000000,1.000000000
1403637263.695881367,4.628917356,-1.915001984,0.691979370,0.000000000,0.000000000,0.000000000,1.000000000
1403637263.746881247,4.628908502,-1.915008070,0.691943073,0.000000000,0.000000000,0.000000000,1.000000000
1403637263.796881199,4.628913795,-1.915009078,0.691975781,0.000000000,0.000000000,0.000000000,1.000000000
1403637263.846881390,4.628940956,-1.914945066,0.691979676,0.000000000,0.000000000,0.000000000,1.000000000
1403637263.896881342,4.628919914,-1.914986748,0.691957912,0.000000000,0.000000000,0.000000000,1.000000000
1403637263.947881222,4.628899166,-1.915045035,0.691977195,0.000000000,0.000000000,0.000000000,1.000000000
1403637263.996881247,4.628922686,-1.914980021,0.691957849,0.000000000,0.000000000,0.000000000,1.000000000
1403637264.046881199,4.628922882,-1.914989084,0.691980451,0.000000000,0.000000000,0.000000000,1.000000000
1403637264.096881390,4.628889739,-1.915058780,0.691955766,0.000000000,0.000000000,0.000000000,1.000000000
1403637264.147881269,4.628921394,-1.914983245,0.691958092,0.000000000,0.000000000,0.000000000,1.000000000
1403637264.246881247,4.628892045,-1.915042386,0.691930126,0.000000000,0.000000000,0.000000000,1.000000000
1403637264.296881199,4.628920998,-1.914993652,0.691980483,0.000000000,0.000000000,0.000000000,1.000000000
1403637264.347881317,4.628923604,-1.914986577,0.691978647,0.000000000,0.000000000,0.000000000,1.000000000
1403637264.395881176,4.628908987,-1.915004038,0.691936293,0.000000000,0.000000000,0.000000000,1.000000000
1403637264.494881392,4.628911657,-1.915019489,0.691988207,0.000000000,0.000000000,0.000000000,1.000000000
1403637264.545881271,4.628908061,-1.915014490,0.691955760,0.000000000,0.000000000,0.000000000,1.000000000
1403637264.594881296,4.628886086,-1.915076965,0.691977939,0.000000000,0.000000000,0.000000000,1.000000000
1403637264.646881342,4.628916158,-1.915002095,0.691972771,0.000000000,0.000000000,0.000000000,1.000000000
1403637264.692881346,4.628909828,-1.915001567,0.691935257,0.000000000,0.000000000,0.000000000,1.000000000
1403637264.742881298,4.628913308,-1.915019137,0.691996830,0.000000000,0.000000000,0.000000000,1.000000000
1403637264.793881178,4.628897519,-1.915040083,0.691956025,0.000000000,0.000000000,0.000000000,1.000000000
1403637264.844881296,4.628901260,-1.915028281,0.691949485,0.000000000,0.000000000,0.000000000,1.000000000
1403637264.893881321,4.628912676,-1.915023299,0.692003077,0.000000000,0.000000000,0.000000000,1.000000000
1403637264.996881247,4.628912357,-1.915013463,0.691977940,0.000000000,0.000000000,0.000000000,1.000000000
1403637265.046881199,4.628894090,-1.915062022,0.691988378,0.000000000,0.000000000,0.000000000,1.000000000
1403637265.095881224,4.628878355,-1.915070744,0.691918909,0.000000000,0.000000000,0.000000000,1.000000000
1403637265.144881248,4.628905814,-1.915017330,0.691949619,0.000000000,0.000000000,0.000000000,1.000000000
1403637265.245881319,4.628886927,-1.915048381,0.691915016,0.000000000,0.000000000,0.000000000,1.000000000
1403637265.295881271,4.628898377,-1.915036799,0.691953153,0.000000000,0.000000000,0.000000000,1.000000000
1403637265.345881224,4.628881234,-1.915050316,0.691886989,0.000000000,0.000000000,0.000000000,1.000000000
1403637265.395881176,4.628876843,-1.915069297,0.691906819,0.000000000,0.000000000,0.000000000,1.000000000
1403637265.445881367,4.628876097,-1.915081097,0.691930510,0.000000000,0.000000000,0.000000000,1.000000000
1403637265.495881319,4.628901829,-1.915020047,0.691933231,0.000000000,0.000000000,0.000000000,1.000000000
1403637265.547881365,4.628889699,-1.915048985,0.691932327,0.000000000,0.000000000,0.000000000,1.000000000
1403637265.644881248,4.628877181,-1.915071025,0.691912850,0.000000000,0.000000000,0.000000000,1.000000000
1403637265.746881247,4.628847906,-1.915100668,0.691815418,0.000000000,0.000000000,0.000000000,1.000000000
1403637265.794881344,4.628848295,-1.915116436,0.691855012,0.000000000,0.000000000,0.000000000,1.000000000
1403637265.845881224,4.628844399,-1.915093299,0.691777867,0.000000000,0.000000000,0.000000000,1.000000000
1403637265.895881176,4.628831805,-1.915141496,0.691819949,0.000000000,0.000000000,0.000000000,1.000000000
1403637265.995881319,4.628831243,-1.915133324,0.691797361,0.000000000,0.000000000,0.000000000,1.000000000
1403637266.046881199,4.628824537,-1.915150867,0.691800527,0.000000000,0.000000000,0.000000000,1.000000000
1403637266.097881317,4.628823039,-1.915145884,0.691780136,0.000000000,0.000000000,0.000000000,1.000000000
1403637266.143881321,4.628819168,-1.915155399,0.691780517,0.000000000,0.000000000,0.000000000,1.000000000
1403637266.192881346,4.628805926,-1.915184497,0.691773628,0.000000000,0.000000000,0.000000000,1.000000000
1403637266.244881392,4.628796569,-1.915188630,0.691729835,0.000000000,0.000000000,0.000000000,1.000000000
1403637266.294881344,4.628811154,-1.915169665,0.691768420,0.000000000,0.000000000,0.000000000,1.000000000
1403637266.392881393,4.628805252,-1.915183819,0.691768157,0.000000000,0.000000000,0.000000000,1.000000000
1403637266.444881201,4.628799427,-1.915178746,0.691722780,0.000000000,0.000000000,0.000000000,1.000000000
