timestamp,tracking_ms,estimator_ms,total_ms,observations
1403638127.295097113,4.447985,0.010350,4.478535,0
1403638127.345097065,2.786385,0.020770,2.807945,265
1403638127.395097017,1.955004,0.018850,1.974594,272
1403638127.445096970,1.676221,0.232732,1.909403,276
1403638127.495096922,1.787722,0.175462,1.964024,276
1403638127.545097113,1.823602,0.063521,1.887873,276
1403638127.595097065,1.733581,0.061321,1.795522,276
1403638127.645097017,1.923874,0.084891,2.010375,278
1403638127.695096970,1.700001,0.070400,1.771331,278
1403638127.745096922,1.586430,0.066161,1.653271,278
1403638127.795097113,1.566599,0.072691,1.640050,278
1403638127.845097065,1.838512,0.104042,1.945614,279
1403638127.895097017,1.602649,0.072881,1.676000,281
1403638127.945096970,1.803752,0.131532,1.938264,281
1403638127.995096922,1.706221,0.106702,1.814283,281
1403638128.045097113,1.659471,6.011644,7.671975,281
1403638128.095097065,1.724152,2.407269,4.133811,281
1403638128.145097017,1.806823,0.094731,1.902804,281
1403638128.195096970,1.340577,0.073021,1.414198,281
1403638128.245096922,1.281276,0.092291,1.374417,281
1403638128.295097113,1.139295,0.071271,1.211466,281
1403638128.345097065,1.024383,0.066180,1.091083,281
1403638128.395097017,1.206625,0.078351,1.285996,281
1403638128.445096970,1.275335,0.081701,1.357646,282
1403638128.495096922,1.016742,0.067291,1.084493,282
1403638128.545097113,1.165395,0.069660,1.235745,282
1403638128.595097065,1.148865,0.073710,1.223305,282
1403638128.645097017,1.025563,2.617682,3.643675,282
1403638128.695096970,1.241315,4.710088,5.952283,282
1403638128.745096922,1.259055,0.233693,1.493859,282
1403638128.795097113,1.088014,0.195762,1.284306,282
1403638128.845097065,1.254925,0.200133,1.455818,282
1403638128.895097017,1.193345,0.231752,1.426667,283
1403638128.945096970,1.193895,0.198842,1.393327,283
1403638128.995096922,1.290406,0.211892,1.502948,286
1403638129.045097113,1.366006,0.249264,1.617260,284
1403638129.095097065,1.411948,0.221112,1.634240,279
1403638129.145097017,1.420948,0.195392,1.617260,279
1403638129.195096970,1.373367,0.223412,1.597819,268
1403638129.245096922,2.096556,2.115456,4.212682,243
1403638129.295097113,3.132029,2.558151,5.692300,201
1403638129.345097065,2.947177,0.630087,3.578054,212
1403638129.395097017,2.876485,0.351965,3.229220,221
1403638129.445096970,2.429749,0.315624,2.747594,286
1403638129.495096922,1.977284,0.235713,2.216587,307
1403638129.545097113,1.607550,0.249283,1.857893,298
1403638129.595097065,1.479129,0.185622,1.665441,284
1403638129.645097017,1.755142,0.217272,1.973374,273
1403638129.695096970,1.571939,0.252353,1.824892,264
1403638129.745096922,1.873673,0.358585,2.233128,251
1403638129.795097113,1.808923,0.311234,2.121227,246
1403638129.845097065,1.650171,1.250445,2.901326,252
1403638129.895097017,2.067926,1.404717,3.474223,250
1403638129.945096970,2.267678,1.006723,3.275561,246
1403638129.995096922,1.904154,0.612827,2.517691,260
1403638130.045097113,2.743564,0.959462,3.704116,236
1403638130.095097065,1.973724,0.336594,2.311168,304
1403638130.145097017,1.795472,0.181692,1.977804,303
1403638130.195096970,2.159587,0.374425,2.534952,349
1403638130.245096922,2.097705,0.271644,2.370199,362
1403638130.295097113,2.095806,0.263473,2.359969,376
1403638130.345097065,1.976804,0.301244,2.278898,398
1403638130.395097017,2.066105,0.780780,2.847675,375
1403638130.445096970,1.687021,0.514256,2.201937,423
1403638130.495096922,1.639741,0.762979,2.403880,416
1403638130.545097113,1.640310,0.407645,2.048706,416
1403638130.595097065,1.431997,0.482586,1.915243,411
1403638130.645097017,1.510769,1.357107,2.868716,411
1403638130.695096970,1.544579,0.310204,1.855643,411
1403638130.745096922,1.465588,1.191214,2.657392,410
1403638130.795097113,1.622840,1.127164,2.751414,409
1403638130.845097065,1.612280,1.793832,3.406892,409
1403638130.895097017,1.491468,2.539652,4.032020,408
1403638130.945096970,1.530319,0.982992,2.514251,408
1403638130.995096922,1.677560,4.243423,5.922313,408
1403638131.045097113,1.639911,1.630260,3.270941,408
1403638131.095097065,1.576299,1.306396,2.883455,408
1403638131.145097017,1.606400,1.346707,2.953847,408
1403638131.195096970,1.757862,1.876543,3.635315,408
1403638131.245096922,1.642550,1.180105,2.823525,408
1403638131.295097113,1.525499,1.182824,2.709383,408
1403638131.345097065,1.412967,1.444438,2.858055,408
1403638131.395097017,1.537349,1.570679,3.108948,408
1403638131.445096970,1.465628,1.237315,2.703863,408
1403638131.495096922,1.491128,1.355637,2.847435,408
1403638131.545097113,1.517299,1.328386,2.846685,408
1403638131.595097065,1.645441,1.283915,2.930216,408
1403638131.645097017,1.448678,1.554879,3.004317,408
1403638131.695096970,1.598850,1.250975,2.850565,407
1403638131.745096922,1.721222,1.215325,2.939347,403
1403638131.795097113,1.945024,1.210815,3.156969,392
1403638131.845097065,2.259438,1.179254,3.439622,403
1403638131.895097017,1.953504,0.668468,2.623452,413
1403638131.945096970,1.914114,0.801270,2.716104,398
1403638131.995096922,2.073866,0.447495,2.522101,384
1403638132.045097113,1.905723,0.392655,2.299388,401
1403638132.095097065,1.832302,0.364415,2.197277,392
1403638132.145097017,1.613370,0.499397,2.113627,414
1403638132.195096970,1.758652,0.839580,2.599042,387
1403638132.245096922,1.821482,0.964032,2.786244,369
1403638132.295097113,1.949294,0.766010,2.716174,366
1403638132.345097065,2.174987,0.463735,2.639812,368
1403638132.395097017,2.145346,1.522809,3.668835,369
1403638132.445096970,2.084816,0.488366,2.573992,384
1403638132.495096922,1.740102,0.464685,2.205617,419
1403638132.545097113,1.773892,0.467366,2.242038,411
1403638132.595097065,1.780922,0.482066,2.263648,404
1403638132.645097017,1.706771,0.571847,2.279708,454
1403638132.695096970,1.456378,1.080014,2.537042,454
1403638132.745096922,1.879933,0.606688,2.488481,453
1403638132.795097113,1.627200,0.907431,2.535411,453
1403638132.845097065,1.610110,2.444530,4.055340,453
1403638132.895097017,1.901004,0.777359,2.679463,453
1403638132.945096970,1.682331,1.787962,3.471353,453
1403638132.995096922,1.501549,1.902923,3.405152,453
1403638133.045097113,1.786242,2.160637,3.947759,452
1403638133.095097065,1.731711,1.204025,2.936516,452
1403638133.145097017,1.519639,0.845960,2.366339,452
1403638133.195096970,1.668780,0.986702,2.656222,452
1403638133.245096922,1.660980,0.830271,2.492051,452
1403638133.295097113,1.488878,0.975402,2.464930,451
1403638133.345097065,1.678941,0.955142,2.634923,447
1403638133.395097017,1.712881,0.857391,2.571032,443
1403638133.445096970,1.553189,0.984513,2.538272,435
1403638133.495096922,1.587980,0.956032,2.544772,433
1403638133.545097113,1.988125,1.131233,3.120128,422
1403638133.595097065,1.557849,2.133376,3.691895,418
1403638133.645097017,1.643570,2.700803,4.345203,409
1403638133.695096970,1.576889,1.170455,2.748214,404
1403638133.745096922,1.589299,1.373907,2.964036,396
1403638133.795097113,1.617340,1.665930,3.283930,394
1403638133.845097065,1.640991,0.867020,2.508791,429
1403638133.895097017,1.501478,1.103464,2.605642,425
1403638133.945096970,1.609750,0.981182,2.591752,425
1403638133.995096922,1.527949,0.958282,2.487051,425
1403638134.045097113,1.362827,1.035153,2.398640,425
1403638134.095097065,1.508439,0.912211,2.421430,424
1403638134.145097017,1.725571,1.229205,2.955486,421
1403638134.195096970,1.623660,1.783542,3.408912,420
1403638134.245096922,1.683301,2.283738,3.967839,418
1403638134.295097113,1.751952,0.955021,2.707783,418
1403638134.345097065,1.389647,0.972512,2.362759,418
1403638134.395097017,1.802732,1.158864,2.962536,418
1403638134.445096970,1.670161,0.948882,2.620063,418
1403638134.495096922,1.414177,1.443188,2.858125,418
1403638134.545097113,1.711541,1.051363,2.763694,416
1403638134.595097065,1.560780,1.078683,2.640293,415
1403638134.645097017,1.499249,1.503968,3.003947,415
1403638134.695096970,1.422027,1.352867,2.775594,415
1403638134.745096922,1.465908,4.422245,5.888803,412
1403638134.795097113,1.577639,3.361182,4.939471,411
1403638134.845097065,1.818912,2.816255,4.636427,410
1403638134.895097017,1.641450,1.577640,3.219910,410
1403638134.945096970,1.458488,1.889343,3.348471,410
1403638134.995096922,1.475088,1.875223,3.351071,410
1403638135.045097113,1.649530,1.546840,3.197160,410
1403638135.095097065,1.560659,1.923504,3.484723,410
1403638135.145097017,1.507319,1.695481,3.203960,410
1403638135.195096970,1.536219,1.655310,3.192289,408
1403638135.245096922,1.414927,1.949534,3.365071,406
1403638135.295097113,1.506669,1.635290,3.142599,406
1403638135.345097065,1.536420,1.658570,3.196300,406
1403638135.395097017,1.499718,2.720614,4.221022,406
1403638135.445096970,1.490778,2.524971,4.016569,406
1403638135.495096922,1.567109,1.619340,3.187299,404
1403638135.545097113,1.540439,1.584249,3.125358,403
1403638135.595097065,2.091976,1.953124,4.045830,399
1403638135.645097017,1.705071,1.565119,3.271460,437
1403638135.695096970,1.691911,1.793092,3.485633,432
1403638135.745096922,1.681371,1.645190,3.327311,432
1403638135.795097113,1.692220,1.693541,3.386491,431
1403638135.845097065,1.634960,2.024745,3.660435,429
1403638135.895097017,1.543639,1.653211,3.197560,426
1403638135.945096970,1.627860,1.568019,3.196579,416
1403638135.995096922,1.433628,3.000677,4.434885,413
1403638136.045097113,1.534259,2.867096,4.402285,413
1403638136.095097065,1.957714,1.634020,3.592734,410
1403638136.145097017,1.762822,1.592840,3.356332,442
1403638136.195096970,1.610310,3.234460,4.845540,441
1403638136.245096922,1.618000,1.588520,3.207430,440
1403638136.295097113,1.549959,1.806632,3.357181,438
1403638136.345097065,1.624431,1.680530,3.305781,432
1403638136.395097017,1.646080,1.776662,3.423542,426
1403638136.445096970,1.563749,2.207428,3.771807,425
1403638136.495096922,1.571719,1.708361,3.280900,424
1403638136.545097113,1.682361,1.648890,3.332581,423
1403638136.595097065,1.538739,3.019747,4.559226,423
1403638136.645097017,1.529909,2.793165,4.323964,423
1403638136.695096970,1.523679,2.559121,4.083520,423
1403638136.745096922,1.615760,1.582050,3.198550,423
1403638136.795097113,1.597810,2.992937,4.591467,423
1403638136.845097065,1.495848,1.581619,3.078317,423
1403638136.895097017,1.459758,1.974564,3.434902,423
1403638136.945096970,1.697271,1.771592,3.469853,423
1403638136.995096922,1.583279,1.660091,3.244130,423
1403638137.045097113,1.584369,1.944054,3.529083,423
1403638137.095097065,1.676341,1.979044,3.656095,418
1403638137.145097017,1.621790,1.725871,3.348571,413
1403638137.195096970,1.631230,3.137059,4.769229,409
1403638137.245096922,2.159297,2.437460,4.598447,387
1403638137.295097113,1.906684,1.226535,3.134039,409
1403638137.345097065,1.957714,1.619380,3.577754,385
1403638137.395097017,1.847933,2.609702,4.458475,400
1403638137.445096970,2.197367,0.954791,3.152928,374
1403638137.495096922,2.251308,1.097954,3.349932,368
1403638137.545097113,2.380679,1.024793,3.406232,325
1403638137.595097065,2.241507,0.627068,2.869685,305
1403638137.645097017,2.322079,0.928241,3.250920,282
1403638137.695096970,2.703133,0.463976,3.168029,269
1403638137.745096922,2.892825,0.284974,3.178589,272
1403638137.795097113,2.744014,0.438125,3.182839,244
1403638137.845097065,2.615772,0.224163,2.840735,225
1403638137.895097017,2.967427,0.306104,3.274241,186
1403638137.945096970,2.423880,0.245543,2.670093,167
1403638137.995096922,2.439991,0.236653,2.677494,166
1403638138.045097113,1.371957,0.652908,2.025805,174
1403638138.095097065,1.101273,0.236343,1.338216,173
1403638138.145097017,1.151084,0.146242,1.298176,179
1403638138.195096970,1.288166,0.178652,1.467608,175
1403638138.245096922,1.039292,0.296634,1.336596,188
1403638138.295097113,1.249526,0.506176,1.756502,190
1403638138.345097065,1.274276,0.424815,1.699991,194
1403638138.395097017,1.122394,0.518977,1.642021,203
1403638138.445096970,1.243405,0.224593,1.468868,208
1403638138.495096922,1.046412,0.226103,1.273375,211
1403638138.545097113,0.951952,0.868921,1.821443,211
1403638138.595097065,1.069363,1.007063,2.077246,211
1403638138.645097017,1.068673,0.332294,1.401747,211
1403638138.695096970,1.090144,0.308764,1.399488,211
1403638138.745096922,1.009583,0.318634,1.328927,230
1403638138.795097113,1.135864,0.329924,1.466468,230
1403638138.845097065,0.989332,0.466266,1.456278,230
1403638138.895097017,1.129694,0.351844,1.482368,230
1403638138.945096970,1.179304,0.330184,1.510188,230
1403638138.995096922,1.102444,0.336894,1.440128,231
1403638139.045097113,0.987322,0.309974,1.297926,231
1403638139.095097065,1.079473,0.350224,1.430437,231
1403638139.145097017,0.975042,0.529086,1.504888,231
1403638139.195096970,1.074293,0.526876,1.602029,231
1403638139.245096922,1.024652,0.318334,1.344036,231
1403638139.295097113,0.974802,0.327164,1.302516,231
1403638139.345097065,1.056173,0.304313,1.361176,231
1403638139.395097017,1.037503,0.353865,1.392158,231
1403638139.445096970,0.956222,0.458055,1.414827,231
1403638139.495096922,1.050763,0.346014,1.397607,231
1403638139.545097113,1.148654,0.340685,1.490059,231
1403638139.595097065,1.158114,0.307914,1.466588,231
1403638139.645097017,1.364057,0.330574,1.695301,231
1403638139.695096970,1.151194,0.352374,1.504248,231
1403638139.745096922,0.971972,0.497716,1.470328,231
1403638139.795097113,1.160224,0.529176,1.690250,231
1403638139.845097065,1.181944,0.347925,1.531069,231
1403638139.895097017,0.958852,0.332434,1.291906,231
1403638139.945096970,1.176904,0.315844,1.493538,231
1403638139.995096922,1.148974,0.351565,1.501369,231
1403638140.045097113,0.978602,0.456066,1.435288,231
1403638140.095097065,1.045663,0.358464,1.405007,231
1403638140.145097017,1.106484,0.327054,1.434238,231
1403638140.195096970,0.945291,0.336245,1.282106,231
1403638140.245096922,1.012913,0.346124,1.360097,231
1403638140.295097113,1.145904,0.341184,1.488338,231
1403638140.345097065,0.969852,0.509347,1.479699,231
1403638140.395097017,1.351956,0.617498,1.972014,231
1403638140.445096970,1.473468,0.468696,1.948324,231
1403638140.495096922,1.224105,0.375455,1.600630,231
1403638140.545097113,1.476258,0.612247,2.092716,231
1403638140.595097065,1.565219,0.665269,2.235278,231
1403638140.645097017,1.230755,0.569527,1.801532,231
1403638140.695096970,1.147944,0.381075,1.530999,231
1403638140.745096922,1.172164,0.380995,1.554319,231
1403638140.795097113,0.970382,0.368515,1.340337,231
1403638140.845097065,1.199825,0.342494,1.543269,231
1403638140.895097017,1.271996,0.343615,1.616901,231
1403638140.945096970,1.202514,0.525977,1.729072,231
1403638140.995096922,1.311457,0.523586,1.835893,231
1403638141.045097113,1.063273,0.343045,1.407278,231
1403638141.095097065,0.937351,0.334994,1.272965,231
1403638141.145097017,1.205535,0.311394,1.517779,231
1403638141.195096970,1.081733,0.349374,1.431827,231
1403638141.245096922,1.416588,0.721248,2.138666,231
1403638141.295097113,1.695231,0.362885,2.060286,231
1403638141.345097065,1.673461,0.342694,2.016905,231
1403638141.395097017,1.504998,0.310944,1.816532,231
1403638141.445096970,1.665540,0.324234,1.990704,231
1403638141.495096922,1.635520,0.380784,2.017034,231
1403638141.545097113,1.428178,0.496466,1.925334,231
1403638141.595097065,1.586140,0.516846,2.103706,231
1403638141.645097017,1.733051,0.365425,2.099286,231
1403638141.695096970,1.494599,0.328564,1.823783,231
1403638141.745096922,1.521238,0.292664,1.814672,231
1403638141.795097113,1.603449,0.486446,2.092975,231
1403638141.845097065,1.398797,0.496506,1.895893,231
1403638141.895097017,1.325176,0.364005,1.690301,231
1403638141.945096970,1.397607,0.329864,1.728391,231
1403638141.995096922,1.487299,0.312513,1.800412,230
1403638142.045097113,1.578420,0.317243,1.896683,230
1403638142.095097065,1.535279,0.317844,1.853843,230
1403638142.145097017,1.583130,0.549357,2.134087,230
1403638142.195096970,1.422177,0.725089,2.147976,230
1403638142.245096922,1.489219,0.334804,1.824903,230
1403638142.295097113,1.515049,0.337574,1.853223,230
1403638142.345097065,1.547279,0.310144,1.858203,230
1403638142.395097017,1.558239,0.371355,1.931164,230
1403638142.445096970,1.459808,0.478196,1.938644,230
1403638142.495096922,1.637510,0.338404,1.976724,230
1403638142.545097113,1.597280,0.340884,1.939104,230
1403638142.595097065,1.680270,0.431206,2.112666,230
1403638142.645097017,1.831273,0.356374,2.188597,230
1403638142.695096970,1.544519,0.351005,1.896414,230
1403638142.745096922,1.499959,0.500276,2.000855,230
1403638142.795097113,1.322396,0.494906,1.818032,230
1403638142.845097065,0.996812,0.292364,1.290026,230
1403638142.895097017,1.180854,0.297534,1.479528,230
1403638142.945096970,1.020423,0.264003,1.285146,229
1403638142.995096922,1.162084,0.306624,1.469548,229
1403638143.045097113,1.216074,0.467686,1.684540,228
1403638143.095097065,0.960932,0.279543,1.241165,228
1403638143.145097017,1.217484,0.287414,1.505748,228
1403638143.195096970,1.139044,0.291124,1.430998,228
1403638143.245096922,0.955081,0.274304,1.229915,228
1403638143.295097113,1.178425,0.287103,1.466458,228
1403638143.345097065,1.000852,0.459266,1.460738,228
1403638143.395097017,1.057164,0.461435,1.519369,228
1403638143.445096970,1.196475,0.273453,1.470718,228
1403638143.495096922,0.961852,0.280783,1.243215,228
1403638143.545097113,1.177125,0.298744,1.476919,228
1403638143.595097065,0.993402,0.285544,1.279696,228
1403638143.645097017,0.963192,0.405135,1.368857,228
1403638143.695096970,1.185944,0.280144,1.467198,228
1403638143.745096922,1.094914,0.277763,1.373507,228
1403638143.795097113,0.962562,0.270494,1.233626,228
1403638143.845097065,1.167325,0.309413,1.477688,228
1403638143.895097017,1.236285,0.377585,1.616820,228
1403638143.945096970,1.485888,0.622368,2.109076,228
1403638143.995096922,1.680841,0.494326,2.177507,228
1403638144.045097113,1.618270,0.284553,1.903743,228
1403638144.095097065,1.506958,0.437526,1.945114,227
1403638144.145097017,1.626880,0.258293,1.886003,227
1403638144.195096970,1.893443,0.552647,2.446800,227
1403638144.245096922,1.594950,0.455815,2.053005,226
1403638144.295097113,1.292786,0.412735,1.706171,226
1403638144.345097065,1.164034,0.288344,1.453268,226
1403638144.395097017,1.002962,0.287944,1.291526,226
1403638144.445096970,1.051302,0.272534,1.324617,226
1403638144.495096922,1.159275,0.296643,1.456948,226
1403638144.545097113,0.981912,0.450765,1.433247,226
1403638144.595097065,1.017813,0.473386,1.491989,226
1403638144.645097017,1.232595,0.303984,1.537349,226
1403638144.695096970,0.937482,0.289773,1.227775,226
1403638144.745096922,1.114114,0.256423,1.371307,226
1403638144.795097113,1.506719,0.422955,1.930904,226
1403638144.845097065,0.992012,0.586607,1.579319,226
1403638144.895097017,1.099243,0.285364,1.385427,226
1403638144.945096970,1.058754,0.289273,1.348807,226
1403638144.995096922,0.941531,0.269923,1.211985,226
1403638145.045097113,1.172534,0.266163,1.439877,226
1403638145.095097065,1.019713,0.273303,1.293736,226
1403638145.145097017,0.958502,0.457776,1.416848,226
1403638145.195096970,1.253345,0.630368,1.885113,226
1403638145.245096922,1.225075,0.288053,1.514068,226
1403638145.295097113,1.171634,0.277344,1.449588,226
1403638145.345097065,1.246165,0.259244,1.506239,226
1403638145.395097017,1.806462,0.408955,2.216217,226
1403638145.445096970,1.731922,0.446065,2.179037,226
1403638145.495096922,1.655881,0.290323,1.946984,226
1403638145.545097113,1.864833,0.411885,2.277688,226
1403638145.595097065,1.249586,0.277113,1.527719,226
1403638145.645097017,1.201055,0.325834,1.527589,226
1403638145.695096970,1.069803,0.293434,1.364167,226
1403638145.745096922,1.096914,0.518587,1.616331,226
1403638145.795097113,0.962532,0.457886,1.421128,226
1403638145.845097065,1.269846,0.275273,1.545819,226
1403638145.895097017,1.109123,0.360985,1.472118,226
1403638145.945096970,1.004682,0.266833,1.272155,226
1403638145.995096922,1.178985,0.308774,1.488809,226
1403638146.045097113,0.964882,0.440265,1.405737,226
1403638146.095097065,1.734391,0.413045,2.148636,226
1403638146.145097017,1.682031,0.287754,1.970915,226
1403638146.195096970,1.536429,0.263663,1.800652,226
1403638146.245096922,1.557639,0.272273,1.830672,226
1403638146.295097113,1.681420,0.292304,1.974644,226
1403638146.345097065,1.427387,0.481796,1.909833,226
1403638146.395097017,1.538479,0.466976,2.006285,226
1403638146.445096970,1.473508,0.273463,1.747711,226
1403638146.495096922,1.621490,0.295063,1.917443,226
1403638146.545097113,1.486288,0.260694,1.747532,226
1403638146.595097065,1.564660,0.286863,1.852603,226
1403638146.645097017,1.467388,0.403735,1.871733,226
1403638146.695096970,1.554319,0.505976,2.062955,226
1403638146.745096922,1.471948,0.314544,1.787842,226
1403638146.795097113,1.161964,0.334005,1.497079,226
1403638146.845097065,1.036893,0.301663,1.339256,226
1403638146.895097017,1.146794,0.287074,1.434758,226
1403638146.945096970,1.046173,0.502186,1.549359,226
1403638146.995096922,0.984282,0.469106,1.454028,226
1403638147.045097113,0.987842,0.292364,1.280976,226
1403638147.095097065,0.963022,0.287833,1.251455,226
1403638147.145097017,1.077883,0.284063,1.363096,226
1403638147.195096970,1.113433,0.281854,1.395987,226
1403638147.245096922,1.075623,0.419535,1.495848,226
1403638147.295097113,0.913822,0.272983,1.187455,226
1403638147.345097065,1.162965,0.280153,1.443778,226
1403638147.395097017,1.049173,0.293804,1.343687,226
1403638147.445096970,0.937042,0.268993,1.206675,226
1403638147.495096922,1.326956,0.273054,1.600820,226
1403638147.545097113,0.965302,0.460176,1.426108,226
1403638147.595097065,1.146074,0.525887,1.673021,226
1403638147.645097017,1.574289,0.396605,1.974574,226
1403638147.695096970,1.330637,0.372974,1.704761,238
1403638147.745096922,1.619330,0.411065,2.033595,238
1403638147.795097113,1.628390,0.399335,2.031765,235
1403638147.845097065,1.668101,0.553776,2.230127,236
1403638147.895097017,1.752691,0.570517,2.324198,222
1403638147.945096970,2.725473,0.803900,3.530663,193
1403638147.995096922,2.345689,0.321364,2.667813,197
1403638148.045097113,2.477400,0.273704,2.751894,209
1403638148.095097065,2.790554,0.221973,3.013907,215
1403638148.145097017,1.849423,0.434755,2.284918,243
1403638148.195096970,2.396569,0.296004,2.693353,245
1403638148.245096922,2.417880,0.166142,2.584992,280
1403638148.295097113,2.608612,0.188322,2.798184,292
1403638148.345097065,2.131036,0.114882,2.246608,312
1403638148.395097017,2.043315,0.122132,2.166207,324
1403638148.445096970,2.080306,0.333284,2.414290,325
1403638148.495096922,1.996195,0.126541,2.123396,356
1403638148.545097113,2.004495,0.130341,2.135606,382
1403638148.595097065,1.828613,0.173412,2.002795,385
1403638148.645097017,1.555650,0.130961,1.687831,410
1403638148.695096970,1.619260,0.187352,1.807862,410
1403638148.745096922,1.380768,0.214572,1.595870,409
1403638148.795097113,1.525159,0.703648,2.229577,407
1403638148.845097065,1.644240,0.243283,1.888273,400
1403638148.895097017,1.413038,0.524126,1.937764,393
1403638148.945096970,1.927734,0.361964,2.290478,383
1403638148.995096922,1.676310,0.377655,2.054715,401
1403638149.045097113,1.638701,0.905131,2.544422,395
1403638149.095097065,1.654230,0.988852,2.644372,411
1403638149.145097017,1.792432,0.425665,2.219357,401
1403638149.195096970,1.386727,0.884431,2.271898,399
1403638149.245096922,1.687981,0.184372,1.873393,399
1403638149.295097113,1.585319,0.208353,1.794372,398
1403638149.345097065,1.571449,0.194773,1.766742,397
1403638149.395097017,1.587350,0.429335,2.017515,408
1403638149.445096970,1.831283,0.582057,2.414290,406
1403638149.495096922,1.687021,1.364827,3.052498,404
1403638149.545097113,1.736821,3.088648,4.826269,403
1403638149.595097065,1.607820,1.372117,2.981007,402
1403638149.645097017,1.349897,3.505283,4.855870,400
1403638149.695096970,1.883663,1.294746,3.179859,400
1403638149.745096922,1.920454,2.831355,4.752949,400
1403638149.795097113,1.552159,1.099224,2.652233,399
1403638149.845097065,1.472778,1.064743,2.538321,394
1403638149.895097017,1.972704,1.271656,3.245820,394
1403638149.945096970,1.960734,1.780952,3.743856,394
1403638149.995096922,1.936663,1.383377,3.320860,394
1403638150.045097113,2.009815,1.133954,3.144639,394
1403638150.095097065,1.917514,1.101594,3.019708,394
1403638150.145097017,1.926484,1.602370,3.529524,394
1403638150.195096970,1.842943,1.096343,2.940906,393
1403638150.245096922,1.516199,2.725673,4.242492,392
1403638150.295097113,1.410847,1.161605,2.573182,392
1403638150.345097065,1.324136,1.034703,2.359549,392
1403638150.395097017,1.259366,1.084103,2.343989,392
1403638150.445096970,1.702951,0.946602,2.650223,390
1403638150.495096922,1.486078,0.941072,2.427830,428
1403638150.545097113,1.365736,0.852771,2.219087,422
1403638150.595097065,1.514938,0.979632,2.495310,422
1403638150.645097017,1.420998,0.847131,2.268789,415
1403638150.695096970,1.241685,0.766049,2.008254,415
1403638150.745096922,1.491158,1.354717,2.847075,412
1403638150.795097113,1.539509,0.804040,2.344559,407
1403638150.845097065,1.279775,2.526371,3.806716,404
1403638150.895097017,1.563399,0.844090,2.408549,397
1403638150.945096970,1.487019,1.413837,2.901526,390
1403638150.995096922,1.318566,0.897961,2.217117,374
1403638151.045097113,1.529429,4.840620,6.370729,360
1403638151.095097065,1.431827,1.820683,3.253190,396
1403638151.145097017,1.481749,1.067563,2.550112,384
1403638151.195096970,1.266135,3.308181,4.574926,373
1403638151.245096922,1.731621,1.303136,3.035457,366
1403638151.295097113,1.489858,1.451198,2.941836,397
1403638151.345097065,1.325057,1.998724,3.324361,374
1403638151.395097017,1.481648,1.250545,2.732943,354
1403638151.445096970,1.593109,3.579454,5.173263,340
1403638151.495096922,1.733971,2.693913,4.428784,389
1403638151.545097113,1.597729,1.439078,3.037537,385
1403638151.595097065,1.537459,1.302216,2.840285,381
1403638151.645097017,1.399527,3.476753,4.877000,377
1403638151.695096970,1.434258,2.063245,3.498263,371
1403638151.745096922,1.589390,1.284235,2.874275,368
1403638151.795097113,1.420547,3.026858,4.448015,365
1403638151.845097065,1.529779,2.206087,3.736576,362
1403638151.895097017,1.640750,1.396797,3.038247,404
1403638151.945096970,1.543380,2.803304,4.347284,402
1403638151.995096922,1.454218,1.551649,3.006597,401
1403638152.045097113,1.565729,5.906273,7.472672,401
1403638152.095097065,1.435998,1.852333,3.288991,401
1403638152.145097017,1.515549,2.388179,3.904398,400
1403638152.195096970,1.516568,2.354489,3.871657,397
1403638152.245096922,1.563069,3.281450,4.845249,395
1403638152.295097113,1.487228,3.047118,4.535116,390
1403638152.345097065,1.373697,2.445280,3.820057,387
1403638152.395097017,1.343016,2.486121,3.829767,385
1403638152.445096970,1.312766,3.405442,4.718858,385
1403638152.495096922,1.378737,2.204867,3.584274,383
1403638152.545097113,1.507448,2.872186,4.380354,376
1403638152.595097065,1.433438,1.437458,2.872066,374
1403638152.645097017,1.520079,5.721830,7.242459,371
1403638152.695096970,1.377418,1.371966,2.750164,366
1403638152.745096922,1.546399,1.831183,3.378302,358
1403638152.795097113,1.574229,2.243118,3.818027,349
1403638152.845097065,1.530209,3.243860,4.774799,396
1403638152.895097017,1.578219,4.441445,6.020804,389
1403638152.945096970,1.445758,2.319118,3.765566,381
1403638152.995096922,1.596490,3.148789,4.745919,374
1403638153.045097113,1.681241,4.374264,6.056335,366
1403638153.095097065,1.517059,2.495570,4.013609,409
1403638153.145097017,1.370277,2.833165,4.204092,401
1403638153.195096970,1.302806,1.992614,3.296070,395
1403638153.245096922,1.430938,4.114511,5.546049,395
1403638153.295097113,1.440468,1.613890,3.055048,391
1403638153.345097065,1.586080,1.647900,3.235290,388
1403638153.395097017,1.735902,4.832549,6.572051,381
1403638153.445096970,1.655720,2.697223,4.355353,374
1403638153.495096922,1.503069,1.970254,3.473963,365
1403638153.545097113,1.954134,2.843635,4.799649,354
1403638153.595097065,1.457438,1.721491,3.179689,393
1403638153.645097017,1.417437,6.370989,7.789156,379
1403638153.695096970,1.356187,2.922775,4.279982,371
1403638153.745096922,1.640021,1.938813,3.579554,361
1403638153.795097113,1.508399,1.291086,2.800125,389
1403638153.845097065,1.418687,4.840680,6.259937,386
1403638153.895097017,1.676931,1.564439,3.242060,373
1403638153.945096970,1.467708,1.482678,2.951156,366
1403638153.995096922,1.243695,4.107021,5.351276,359
1403638154.045097113,1.445338,3.064898,4.511356,354
1403638154.095097065,1.625821,1.950074,3.576595,347
1403638154.145097017,1.444687,3.987150,5.432447,357
1403638154.195096970,1.944134,1.995385,3.940619,350
1403638154.245096922,1.724911,5.181134,6.906745,385
1403638154.295097113,1.568419,2.230557,3.799956,379
1403638154.345097065,1.293816,2.732564,4.027290,379
1403638154.395097017,1.562119,1.507008,3.070177,378
1403638154.445096970,1.660400,2.132696,3.793596,376
1403638154.495096922,1.494938,1.577589,3.073187,374
1403638154.545097113,1.373837,1.589569,2.964246,372
1403638154.595097065,1.242096,4.058890,5.301616,371
1403638154.645097017,1.411337,3.086988,4.499165,367
1403638154.695096970,1.676021,2.784924,4.461775,364
1403638154.745096922,1.592129,3.052258,4.644997,401
1403638154.795097113,1.578400,3.280890,4.860000,398
1403638154.845097065,1.494688,5.256385,6.751893,393
1403638154.895097017,1.589900,2.402740,3.993460,381
1403638154.945096970,1.443778,2.625172,4.069700,378
1403638154.995096922,1.538909,1.678201,3.218300,371
1403638155.045097113,1.316446,1.626800,2.943896,364
1403638155.095097065,1.752911,1.353637,3.107318,352
1403638155.145097017,1.601260,1.453108,3.055038,381
1403638155.195096970,1.418298,4.083520,5.502538,375
1403638155.245096922,1.371547,1.805462,3.178059,372
1403638155.295097113,1.524999,3.709666,5.235505,368
1403638155.345097065,1.421177,2.952077,4.373954,366
1403638155.395097017,1.402718,3.463492,4.866980,364
1403638155.445096970,1.870263,4.735968,6.607131,354
1403638155.495096922,1.435237,1.844643,3.280640,384
1403638155.545097113,1.528659,2.894216,4.423825,370
1403638155.595097065,1.667651,1.247285,2.915736,356
1403638155.645097017,1.934074,1.297686,3.232410,328
1403638155.695096970,1.543519,1.514889,3.059148,377
1403638155.745096922,1.561829,0.731059,2.293628,368
1403638155.795097113,1.486298,1.993944,3.480832,362
1403638155.845097065,1.442917,1.092414,2.536061,386
1403638155.895097017,1.477809,5.768481,7.247080,373
1403638155.945096970,1.404618,4.615836,6.021104,361
1403638155.995096922,1.770722,4.109330,5.880822,349
1403638156.045097113,1.648620,4.523276,6.172666,390
1403638156.095097065,1.587090,1.119153,2.706893,374
1403638156.145097017,1.357557,3.461122,4.819449,363
1403638156.195096970,1.634540,1.606670,3.241910,354
1403638156.245096922,1.514758,5.203504,6.718882,390
1403638156.295097113,1.672991,2.622822,4.296723,377
1403638156.345097065,1.574880,1.542389,3.118429,368
1403638156.395097017,1.282886,2.427110,3.710656,360
1403638156.445096970,1.902164,1.515618,3.418452,350
1403638156.495096922,1.643821,1.569379,3.214750,387
1403638156.545097113,1.264726,3.521733,4.787109,385
1403638156.595097065,1.291245,2.925957,4.217922,381
1403638156.645097017,1.604220,4.180892,5.786322,380
1403638156.695096970,1.529819,1.769192,3.299801,375
1403638156.745096922,1.420648,2.024195,3.445673,373
1403638156.795097113,1.476778,3.163789,4.641257,370
1403638156.845097065,1.370767,3.012467,4.384074,369
1403638156.895097017,1.662300,2.748204,4.411234,366
1403638156.945096970,1.374767,1.656890,3.033048,365
1403638156.995096922,1.391617,2.296359,3.688566,362
1403638157.045097113,1.554470,2.633182,4.188212,354
1403638157.095097065,1.562039,1.584460,3.147289,389
1403638157.145097017,1.601870,1.529929,3.132429,381
1403638157.195096970,1.413948,3.315031,4.729979,371
1403638157.245096922,1.464038,3.441223,4.906701,365
1403638157.295097113,1.376917,1.485299,2.863006,360
1403638157.345097065,1.803673,2.015974,3.820467,348
1403638157.395097017,1.369927,4.902880,6.274027,382
1403638157.445096970,1.439338,2.616742,4.056750,378
1403638157.495096922,1.507669,2.599382,4.107681,372
1403638157.545097113,1.400717,1.677381,3.078768,366
1403638157.595097065,1.534899,2.143537,3.679026,358
1403638157.645097017,1.568590,4.249642,5.818932,388
1403638157.695096970,1.525689,1.997974,3.524433,378
1403638157.745096922,1.542699,1.821562,3.364831,373
1403638157.795097113,1.868583,2.575011,4.444214,356
1403638157.845097065,1.530670,4.298672,5.830322,375
1403638157.895097017,1.535139,1.894713,3.430553,364
1403638157.945096970,1.705861,3.574384,5.280845,358
1403638157.995096922,1.600910,2.525171,4.126881,397
1403638158.045097113,1.531959,2.660093,4.192722,389
1403638158.095097065,1.412117,2.700233,4.113150,381
1403638158.145097017,1.613370,2.116227,3.730657,367
1403638158.195096970,1.383696,2.881756,4.266123,364
1403638158.245096922,1.746212,3.550873,5.297685,359
1403638158.295097113,1.625320,1.635030,3.261320,394
1403638158.345097065,1.483418,2.005405,3.489463,392
1403638158.395097017,1.423827,3.981479,5.406016,382
1403638158.445096970,1.446728,2.523431,3.971109,379
1403638158.495096922,1.380637,1.634550,3.015777,375
1403638158.545097113,1.799622,4.019880,5.820732,366
1403638158.595097065,1.547319,2.784164,4.333073,407
1403638158.645097017,1.538399,2.643703,4.182762,402
1403638158.695096970,1.399007,2.636152,4.036329,400
1403638158.745096922,1.448688,1.770442,3.220930,396
1403638158.795097113,1.512749,2.234507,3.747916,392
1403638158.845097065,1.877483,4.382754,6.260947,389
1403638158.895097017,1.460988,1.415057,2.876905,382
1403638158.945096970,1.600780,1.809392,3.410782,372
1403638158.995096922,1.598539,3.357051,4.956270,409
1403638159.045097113,1.487118,2.349539,3.837347,397
1403638159.095097065,1.403188,1.397967,2.801935,385
1403638159.145097017,1.509318,4.706088,6.216596,376
1403638159.195096970,1.774532,1.897474,3.672916,365
1403638159.245096922,1.502478,3.274890,4.778818,408
1403638159.295097113,1.526549,3.356941,4.884170,398
1403638159.345097065,1.463388,1.985235,3.449833,390
1403638159.395097017,1.484408,2.685063,4.170381,376
1403638159.445096970,1.537149,4.498695,6.036554,367
1403638159.495096922,1.843513,1.694091,3.538864,358
1403638159.545097113,1.662840,3.643855,5.307315,385
1403638159.595097065,1.558809,4.005049,5.564568,371
1403638159.645097017,1.548479,2.055095,3.605304,357
1403638159.695096970,1.678721,1.308636,2.988047,344
1403638159.745096922,1.330637,4.903310,6.234587,381
1403638159.795097113,1.475278,3.384402,4.860480,368
1403638159.845097065,1.750601,1.829703,3.580964,365
1403638159.895097017,1.407977,3.191440,4.600297,362
1403638159.945096970,1.386267,1.675681,3.062628,355
1403638159.995096922,1.487438,2.560862,4.048860,350
1403638160.045097113,1.803102,3.341911,5.145963,347
1403638160.095097065,2.054305,3.661395,5.716410,335
1403638160.145097017,1.799133,2.835064,4.634907,384
1403638160.195096970,2.054015,3.149709,5.204494,359
1403638160.245096922,1.548859,2.257318,3.807197,371
1403638160.295097113,1.741211,4.557616,6.299497,353
1403638160.345097065,1.483789,2.938736,4.423295,389
1403638160.395097017,1.539149,3.583704,5.124043,385
1403638160.445096970,1.387267,1.770882,3.158839,381
1403638160.495096922,1.323066,3.454683,4.778499,376
1403638160.545097113,1.721422,1.689711,3.412263,368
1403638160.595097065,1.532999,3.505603,5.039252,404
1403638160.645097017,1.408458,2.986156,4.396064,398
1403638160.695096970,1.671011,3.060807,4.732728,391
1403638160.745096922,1.688201,3.253030,4.941891,383
1403638160.795097113,2.008185,3.838577,5.847942,378
1403638160.845097065,2.201278,1.666190,3.868518,365
1403638160.895097017,1.640310,4.923891,6.564831,385
1403638160.945096970,1.538639,2.717043,4.256523,379
1403638160.995096922,1.805142,3.563294,5.369176,368
1403638161.045097113,1.531998,2.246818,3.779676,377
1403638161.095097065,1.738242,4.234842,5.973704,365
1403638161.145097017,1.527968,2.754024,4.282792,395
1403638161.195096970,1.423688,3.018187,4.442485,385
1403638161.245096922,1.427898,2.746813,4.175431,374
1403638161.295097113,1.708391,2.637672,4.346983,360
1403638161.345097065,1.497488,3.294401,4.792539,403
1403638161.395097017,1.794512,2.452320,4.247522,393
1403638161.445096970,1.439838,3.409272,4.849850,381
1403638161.495096922,1.575739,4.249663,5.826282,374
1403638161.545097113,1.429588,2.758234,4.188492,368
1403638161.595097065,1.442217,4.013620,5.456527,365
1403638161.645097017,1.367917,2.302419,3.671456,364
1403638161.695096970,1.395257,4.014070,5.409977,364
1403638161.745096922,1.675710,2.167087,3.843457,360
1403638161.795097113,1.700592,2.609442,4.310774,400
1403638161.845097065,1.576489,2.278428,3.855637,395
1403638161.895097017,1.444628,3.140528,4.585896,389
1403638161.945096970,1.466798,2.500420,3.967938,383
1403638161.995096922,1.406387,2.402630,3.809687,373
1403638162.045097113,1.448008,2.932277,4.381405,361
1403638162.095097065,1.386917,4.260762,5.648629,358
1403638162.145097017,1.561039,2.821075,4.382854,358
1403638162.195096970,1.570359,3.997879,5.568908,358
1403638162.245096922,1.377677,2.331759,3.710256,357
1403638162.295097113,1.536719,3.575704,5.113123,353
1403638162.345097065,1.609250,3.240970,4.850940,395
1403638162.395097017,1.583320,2.451800,4.035780,392
1403638162.445096970,1.485358,2.005135,3.491783,388
1403638162.495096922,1.623920,2.889916,4.515146,383
1403638162.545097113,1.398107,1.882014,3.280981,379
1403638162.595097065,1.458768,2.801484,4.261142,378
1403638162.645097017,1.516178,3.283671,4.800749,376
1403638162.695096970,1.427448,3.390652,4.818850,373
1403638162.745096922,1.385657,2.694803,4.081250,372
1403638162.795097113,1.331936,3.213390,4.546676,369
1403638162.845097065,1.427688,2.203087,3.631415,363
1403638162.895097017,1.470478,4.065720,5.536938,353
1403638162.945096970,1.692521,4.120081,5.813692,344
1403638162.995096922,1.503828,1.863493,3.368031,365
1403638163.045097113,1.430058,1.550399,2.981317,359
1403638163.095097065,1.622680,4.560596,6.183986,350
1403638163.145097017,1.362927,1.599310,2.963297,386
1403638163.195096970,1.393167,1.579960,2.973807,382
1403638163.245096922,1.442248,3.541974,4.985632,379
1403638163.295097113,1.408448,3.015297,4.424435,373
1403638163.345097065,1.434257,2.553992,3.988959,366
1403638163.395097017,1.480128,3.298031,4.778849,360
1403638163.445096970,1.494919,1.965314,3.460863,358
1403638163.495096922,1.788112,4.269143,6.057955,352
1403638163.545097113,1.665300,4.926171,6.592661,386
1403638163.595097065,1.433637,1.872653,3.307330,385
1403638163.645097017,1.500048,2.456671,3.957419,378
1403638163.695096970,1.673420,4.430345,6.104585,370
1403638163.745096922,1.541029,1.516389,3.058258,364
1403638163.795097113,1.394517,1.533979,2.929256,362
1403638163.845097065,1.584110,3.854687,5.439487,357
1403638163.895097017,1.623070,1.871003,3.494693,356
1403638163.945096970,1.557069,3.516643,5.074422,388
1403638163.995096922,1.672281,3.190599,4.865280,383
1403638164.045097113,1.480698,1.728221,3.209549,382
1403638164.095097065,1.498889,6.238906,7.738495,378
1403638164.145097017,1.526659,4.816709,6.344318,373
1403638164.195096970,1.486729,1.901453,3.389222,369
1403638164.245096922,1.539199,2.051745,3.592284,367
1403638164.295097113,1.452858,4.175851,5.629559,365
1403638164.345097065,1.502529,1.841363,3.344712,360
1403638164.395097017,1.614810,2.180497,3.796037,354
1403638164.445096970,1.517629,2.900285,4.418994,373
1403638164.495096922,1.933314,3.757446,5.692450,359
1403638164.545097113,1.937944,2.738934,4.680358,346
1403638164.595097065,1.786561,2.887626,4.676578,378
1403638164.645097017,1.795572,2.723884,4.521156,371
1403638164.695096970,1.712311,5.883623,7.598454,362
1403638164.745096922,1.838242,4.863720,6.704332,340
1403638164.795097113,1.599360,1.760322,3.361172,366
1403638164.845097065,1.586849,1.662251,3.250030,361
1403638164.895097017,1.505948,4.715268,6.222406,350
1403638164.945096970,1.604380,1.502438,3.107778,338
1403638164.995096922,1.431978,3.206859,4.639747,367
1403638165.045097113,1.451178,2.708433,4.160421,352
1403638165.095097065,1.441438,3.125199,4.567307,344
1403638165.145097017,1.359587,2.889755,4.250252,341
1403638165.195096970,1.929984,1.615390,3.546044,312
1403638165.245096922,1.470328,2.312499,3.783487,357
1403638165.295097113,1.769022,6.037304,7.806976,336
1403638165.345097065,1.663691,4.789839,6.454230,387
1403638165.395097017,1.464198,1.927624,3.392592,382
1403638165.445096970,1.345347,2.044815,3.390862,369
1403638165.495096922,1.384227,2.902246,4.287253,358
1403638165.545097113,1.875173,2.527192,4.403425,343
1403638165.595097065,1.432688,1.772912,3.206270,369
1403638165.645097017,1.598750,2.613212,4.212642,356
1403638165.695096970,1.676701,3.121939,4.799520,388
1403638165.745096922,1.550269,2.705743,4.256762,372
1403638165.795097113,1.449427,3.974189,5.424416,366
1403638165.845097065,2.024225,2.130926,4.155841,343
1403638165.895097017,1.758791,5.436067,7.195518,385
1403638165.945096970,1.568079,3.143079,4.712388,364
1403638165.995096922,1.458078,1.287946,2.746774,351
1403638166.045097113,2.025335,1.358226,3.384431,323
1403638166.095097065,1.601650,1.495668,3.098448,373
1403638166.145097017,1.335537,3.953158,5.289335,367
1403638166.195096970,1.379197,0.927481,2.307428,362
1403638166.245096922,1.564729,2.941936,4.507335,352
1403638166.295097113,1.666880,2.175517,3.843067,348
1403638166.345097065,1.581139,1.439688,3.021587,345
1403638166.395097017,1.465768,3.628985,5.095453,359
1403638166.445096970,1.598330,2.993757,4.592757,357
1403638166.495096922,1.405858,3.648544,5.055082,353
1403638166.545097113,1.428398,2.450330,3.879448,346
1403638166.595097065,1.783162,1.137594,2.921806,339
1403638166.645097017,1.545519,3.620444,5.166613,374
1403638166.695096970,1.515449,1.934844,3.451023,366
1403638166.745096922,1.342356,2.827275,4.170551,365
1403638166.795097113,1.767592,1.082204,2.850436,359
1403638166.845097065,1.640670,2.568822,4.210262,388
1403638166.895097017,1.495138,2.611312,4.107120,381
1403638166.945096970,1.484518,2.729764,4.214952,379
1403638166.995096922,1.645980,2.622122,4.268752,374
1403638167.045097113,1.489968,3.131108,4.621826,362
1403638167.095097065,1.550769,3.756987,5.308406,350
1403638167.145097017,1.747521,2.339710,4.088851,344
1403638167.195096970,1.586349,3.373582,4.960771,375
1403638167.245096922,1.438428,3.074318,4.513446,371
1403638167.295097113,1.526358,2.064626,3.591694,367
1403638167.345097065,1.566569,3.306801,4.874020,358
1403638167.395097017,1.751172,3.037927,4.789759,344
1403638167.445096970,1.633200,2.210877,3.844777,376
1403638167.495096922,1.636560,1.741162,3.378502,370
1403638167.545097113,1.311836,3.439522,4.751988,361
1403638167.595097065,1.629790,2.590722,4.221182,350
1403638167.645097017,1.677521,3.414602,5.092763,378
1403638167.695096970,1.860183,4.676127,6.537050,354
1403638167.745096922,1.645321,3.657214,5.304025,374
1403638167.795097113,2.039806,3.305970,5.347366,351
1403638167.845097065,1.581899,3.468703,5.052042,378
1403638167.895097017,1.882594,1.594069,3.477603,345
1403638167.945096970,1.687550,3.413942,5.102292,380
1403638167.995096922,1.602809,4.616497,6.220056,367
1403638168.045097113,1.498129,1.543599,3.042638,347
1403638168.095097065,1.708741,1.694001,3.403342,322
1403638168.145097017,1.699411,1.753952,3.454083,364
1403638168.195096970,1.500588,3.898939,5.400267,351
1403638168.245096922,1.598540,2.700063,4.299253,336
1403638168.295097113,1.616600,3.398083,5.015303,356
1403638168.345097065,1.622180,2.793794,4.417104,338
1403638168.395097017,1.690581,3.740426,5.431657,310
1403638168.445096970,1.875704,2.143626,4.020200,323
1403638168.495096922,1.568739,2.701983,4.271672,344
1403638168.545097113,1.727772,1.545189,3.273901,326
1403638168.595097065,1.495999,4.073990,5.570949,349
1403638168.645097017,1.795692,1.039543,2.835975,333
1403638168.695096970,1.632690,5.620950,7.254350,336
1403638168.745096922,1.678691,1.305116,2.984477,350
1403638168.795097113,1.485878,2.425390,3.912168,375
1403638168.845097065,1.270175,3.548574,4.819409,367
1403638168.895097017,1.481518,2.486680,3.969019,359
1403638168.945096970,1.645411,2.916846,4.563027,347
1403638168.995096922,1.892253,4.233362,6.126285,334
1403638169.045097113,1.750382,3.003217,4.754329,366
1403638169.095097065,1.695110,2.009005,3.704805,353
1403638169.145097017,1.637020,2.521261,4.158971,350
1403638169.195096970,1.716391,3.367642,5.084783,339
1403638169.245096922,1.783942,2.813434,4.598066,330
1403638169.295097113,1.834062,2.882596,4.717278,360
1403638169.345097065,1.592550,3.488793,5.082033,342
1403638169.395097017,1.836512,2.133856,3.971068,334
1403638169.445096970,1.759582,3.733766,5.493998,346
1403638169.495096922,1.980385,2.071155,4.052290,322
1403638169.545097113,1.739692,2.652962,4.394544,348
1403638169.595097065,1.386897,3.491643,4.879310,343
1403638169.645097017,1.362897,2.197127,3.560784,333
1403638169.695096970,1.758372,2.269498,4.028820,314
1403638169.745096922,1.329716,1.723901,3.054277,354
1403638169.795097113,1.369597,3.196339,4.567086,335
1403638169.845097065,1.627180,3.954379,5.582319,324
1403638169.895097017,1.465078,2.738264,4.204022,349
1403638169.945096970,1.397918,3.079657,4.478335,342
1403638169.995096922,1.510459,2.610762,4.121911,330
1403638170.045097113,1.495379,2.482750,3.978809,337
1403638170.095097065,1.683631,3.390752,5.075133,325
1403638170.145097017,1.474668,2.554921,4.030349,352
1403638170.195096970,1.697522,3.519573,5.217745,340
1403638170.245096922,1.497908,1.679731,3.178569,363
1403638170.295097113,1.472158,3.220960,4.693868,349
1403638170.345097065,1.365828,1.401207,2.767725,345
1403638170.395097017,1.292126,2.484381,3.777227,340
1403638170.445096970,1.615340,3.456573,5.072623,334
1403638170.495096922,1.473878,3.032518,4.507056,365
1403638170.545097113,1.567809,1.739362,3.308111,357
1403638170.595097065,1.388967,2.535851,3.925568,346
1403638170.645097017,1.713291,2.724143,4.438104,335
1403638170.695096970,1.556759,3.256380,4.813879,367
1403638170.745096922,1.456597,1.882644,3.340171,357
1403638170.795097113,1.298636,4.895700,6.195006,343
1403638170.845097065,1.729161,1.391777,3.121728,331
1403638170.895097017,1.453087,4.211402,5.665209,364
1403638170.945096970,1.492619,1.278325,2.771664,356
1403638170.995096922,1.292976,1.419297,2.713143,346
1403638171.045097113,1.442198,5.195454,6.638482,343
1403638171.095097065,1.183924,2.511231,3.695895,338
1403638171.145097017,1.732272,1.501718,3.234690,321
1403638171.195096970,1.663120,3.402362,5.067692,364
1403638171.245096922,1.339937,4.602746,5.943373,360
1403638171.295097113,1.505608,3.941469,5.449637,356
1403638171.345097065,1.317126,1.635471,2.953577,356
1403638171.395097017,1.363077,3.354542,4.718629,351
1403638171.445096970,1.382477,3.011127,4.394594,349
1403638171.495096922,1.582979,2.955427,4.540156,340
1403638171.545097113,1.653871,1.570909,3.225500,325
1403638171.595097065,1.554219,1.484638,3.039607,358
1403638171.645097017,1.696471,2.607032,4.305163,347
1403638171.695096970,1.474048,2.924526,4.399234,344
1403638171.745096922,1.966494,4.410355,6.380159,333
1403638171.795097113,1.661940,3.581494,5.246654,329
1403638171.845097065,1.876683,4.351014,6.230277,326
1403638171.895097017,1.582729,3.802507,5.387286,366
1403638171.945096970,1.482509,1.561719,3.045058,363
1403638171.995096922,1.437488,3.646775,5.084953,361
1403638172.045097113,1.365577,2.555441,3.921868,356
1403638172.095097065,1.472908,2.687504,4.161132,350
1403638172.145097017,1.354147,3.403631,4.758668,338
1403638172.195096970,1.536169,1.322507,2.859676,337
1403638172.245096922,1.685321,1.246415,2.932506,333
1403638172.295097113,1.381527,1.327816,2.709963,359
1403638172.345097065,1.480868,4.379064,5.860662,353
1403638172.395097017,1.636570,3.196529,4.834319,348
1403638172.445096970,1.509119,4.695528,6.205387,343
1403638172.495096922,1.454158,3.797317,5.252455,334
1403638172.545097113,1.485049,1.160484,2.646553,327
1403638172.595097065,1.485928,3.913189,5.400037,322
1403638172.645097017,1.373407,2.305209,3.679376,362
1403638172.695096970,1.791582,2.607252,4.399765,346
1403638172.745096922,1.717121,3.092188,4.809939,344
1403638172.795097113,1.699321,1.490378,3.190429,338
1403638172.845097065,1.470138,3.609534,5.080412,357
1403638172.895097017,1.391737,1.237725,2.630212,347
1403638172.945096970,1.487248,3.643865,5.131853,341
1403638172.995096922,1.779291,1.358077,3.138158,328
1403638173.045097113,1.436997,4.825020,6.262888,374
1403638173.095097065,1.666310,3.754976,5.422096,354
1403638173.145097017,1.779702,1.784901,3.565643,344
1403638173.195096970,1.580020,3.849417,5.430107,377
1403638173.245096922,2.065356,2.365759,4.433675,346
1403638173.295097113,1.740961,1.446078,3.188509,373
1403638173.345097065,2.069706,4.085570,6.156236,355
1403638173.395097017,1.633780,2.601952,4.236432,385
1403638173.445096970,2.050386,3.702565,5.753591,366
1403638173.495096922,2.214237,1.556259,3.771226,392
1403638173.545097113,2.126386,4.155981,6.283077,364
1403638173.595097065,1.789222,4.050540,5.840512,377
1403638173.645097017,1.854863,3.372572,5.228125,358
1403638173.695096970,1.761462,3.811807,5.574059,371
1403638173.745096922,1.729511,2.898016,4.628247,350
1403638173.795097113,1.660200,3.089828,4.750788,384
1403638173.845097065,1.617890,2.833474,4.452404,368
1403638173.895097017,1.685811,1.340676,3.027197,364
1403638173.945096970,1.803252,4.375984,6.180306,389
1403638173.995096922,1.573780,1.687871,3.262321,376
1403638174.045097113,1.570140,3.676565,5.247405,358
1403638174.095097065,1.794532,1.346126,3.141338,353
1403638174.145097017,1.558569,3.713945,5.273194,370
1403638174.195096970,1.826302,3.253080,5.080062,352
1403638174.245096922,1.597249,3.082808,4.680777,397
1403638174.295097113,1.971084,3.670355,5.642269,358
1403638174.345097065,1.611790,3.949168,5.561868,397
1403638174.395097017,1.917644,2.962947,4.881321,392
1403638174.445096970,1.762862,1.515169,3.279031,409
1403638174.495096922,1.946014,3.953249,5.900203,383
1403638174.545097113,1.612660,2.644853,4.258423,409
1403638174.595097065,1.924354,1.813273,3.738387,388
1403638174.645097017,1.749451,2.705844,4.456095,408
1403638174.695096970,1.852483,2.442240,4.295453,392
1403638174.745096922,1.710892,3.080047,4.791829,401
1403638174.795097113,1.598900,6.219797,7.819477,392
1403638174.845097065,1.912693,2.979527,4.892920,378
1403638174.895097017,1.622530,4.320663,5.943973,412
1403638174.945096970,1.553819,2.859105,4.413904,411
1403638174.995096922,1.662241,3.814137,5.477018,404
1403638175.045097113,1.434727,1.854923,3.290520,401
1403638175.095097065,1.669511,2.889775,4.559956,397
1403638175.145097017,1.447398,1.188955,2.637033,391
1403638175.195096970,1.507738,4.473266,5.981814,388
1403638175.245096922,1.355657,3.161959,4.518656,385
1403638175.295097113,1.742241,3.737086,5.480037,382
1403638175.345097065,1.472588,2.759044,4.232372,415
1403638175.395097017,1.927634,3.335711,5.264025,390
1403638175.445096970,1.720461,3.728096,5.449287,428
1403638175.495096922,1.650991,3.409062,5.060723,397
1403638175.545097113,1.772972,3.894088,5.667730,376
1403638175.595097065,1.531699,3.790177,5.322536,399
1403638175.645097017,1.945874,1.436308,3.382822,372
1403638175.695096970,1.720081,4.179831,5.900552,391
1403638175.745096922,1.933034,1.049823,2.983687,383
1403638175.795097113,1.399297,1.825193,3.225210,401
1403638175.845097065,1.586219,2.083526,3.670435,394
1403638175.895097017,1.350407,5.420737,6.771804,390
1403638175.945096970,1.411448,1.479788,2.892086,386
1403638175.995096922,1.421207,4.419365,5.841232,381
1403638176.045097113,1.446147,3.186360,4.633277,375
1403638176.095097065,1.465388,3.325011,4.791049,375
1403638176.145097017,1.642070,3.198430,4.841320,369
1403638176.195096970,1.441918,2.191617,3.634295,399
1403638176.245096922,1.642680,3.477323,5.120653,392
1403638176.295097113,1.445578,2.325239,3.771517,390
1403638176.345097065,1.489308,2.866186,4.356294,388
1403638176.395097017,1.562409,1.896823,3.459942,384
1403638176.445096970,1.497318,1.626740,3.124748,381
1403638176.495096922,1.401997,3.197070,4.599717,379
1403638176.545097113,1.506529,1.774231,3.281820,378
1403638176.595097065,1.635910,3.554674,5.191234,371
1403638176.645097017,1.562460,3.273950,4.837520,412
1403638176.695096970,1.602040,3.586214,5.189174,411
1403638176.745096922,1.485989,4.431154,5.918483,409
1403638176.795097113,1.558849,2.251278,3.811657,409
1403638176.845097065,1.580820,4.224472,5.806012,408
1403638176.895097017,1.577959,2.392320,3.971469,404
1403638176.945096970,1.494839,1.838772,3.334351,404
1403638176.995096922,1.373677,1.357586,2.731943,403
1403638177.045097113,1.420028,1.646940,3.067598,401
1403638177.095097065,1.301676,3.341541,4.643837,395
1403638177.145097017,2.024385,1.656320,3.684235,390
1403638177.195096970,2.239057,5.135513,7.378350,388
1403638177.245096922,2.486370,2.633153,5.123573,382
1403638177.295097113,1.863973,4.114821,5.982084,420
1403638177.345097065,1.960684,3.612724,5.575408,419
1403638177.395097017,1.662440,2.007245,3.670395,416
1403638177.445096970,1.489238,3.840778,5.330826,411
1403638177.495096922,1.619640,1.916644,3.537054,408
1403638177.545097113,1.489708,1.554490,3.044988,403
1403638177.595097065,1.366137,1.169064,2.535781,401
1403638177.645097017,1.472008,1.105333,2.578631,396
1403638177.695096970,1.630100,3.511563,5.142303,391
1403638177.745096922,1.585289,1.133604,2.719583,390
1403638177.795097113,1.463518,3.184499,4.648647,386
1403638177.845097065,1.402307,2.580762,3.983909,383
1403638177.895097017,1.617150,3.751696,5.369556,382
1403638177.945096970,1.703011,2.693963,4.398014,374
1403638177.995096922,1.564529,2.101056,3.666205,409
1403638178.045097113,1.522519,2.821024,4.344153,405
1403638178.095097065,1.533619,1.240375,2.774964,398
1403638178.145097017,1.441328,1.150904,2.592862,394
1403638178.195096970,1.311866,1.057993,2.370389,388
1403638178.245096922,1.508348,1.016103,2.525041,381
1403638178.295097113,1.729141,3.094818,4.824549,371
1403638178.345097065,1.593279,1.111174,2.706243,386
1403638178.395097017,1.663670,3.775237,5.439547,373
1403638178.445096970,1.471098,3.461802,4.933560,368
1403638178.495096922,1.692281,3.116409,4.809360,358
1403638178.545097113,1.824173,4.620927,6.446040,386
1403638178.595097065,1.591870,1.112773,2.705343,379
1403638178.645097017,1.461318,4.399944,5.861972,366
1403638178.695096970,1.466998,1.528149,2.995817,362
1403638178.745096922,1.798022,0.991032,2.789834,356
1403638178.795097113,1.574400,1.025252,2.600272,376
1403638178.845097065,1.551669,1.203725,2.757034,362
1403638178.895097017,1.457698,5.165503,6.623851,358
1403638178.945096970,1.582050,1.127224,2.709974,351
1403638178.995096922,1.610790,1.898743,3.510223,386
1403638179.045097113,1.609809,4.079541,5.690031,377
1403638179.095097065,1.432397,2.536602,3.969619,371
1403638179.145097017,1.349157,4.457785,5.807602,368
1403638179.195096970,1.645660,1.402118,3.048698,356
1403638179.245096922,1.562869,3.972770,5.536259,382
1403638179.295097113,1.657150,1.715351,3.373181,367
1403638179.345097065,1.461438,2.914706,4.376854,361
1403638179.395097017,1.655510,1.182885,2.839075,354
1403638179.445096970,1.891773,1.085244,2.977847,365
1403638179.495096922,2.184867,4.594947,6.780904,352
1403638179.545097113,2.030555,3.016637,5.049412,363
1403638179.595097065,2.165946,2.228558,4.395394,350
1403638179.645097017,2.091305,2.747154,4.839149,345
1403638179.695096970,1.968554,2.266118,4.235342,356
1403638179.745096922,2.508051,4.866390,7.375191,348
1403638179.795097113,1.835003,2.809724,4.646607,363
1403638179.845097065,1.606939,2.706074,4.313683,352
1403638179.895097017,1.414497,1.298476,2.713653,364
1403638179.945096970,1.772372,3.005697,4.778699,351
1403638179.995096922,1.645790,3.951199,5.597689,379
1403638180.045097113,1.637960,1.724362,3.363152,369
1403638180.095097065,1.777001,2.688354,4.465975,360
1403638180.145097017,1.430677,3.049988,4.481305,380
1403638180.195096970,1.478908,1.210995,2.690593,372
1403638180.245096922,1.635860,3.801057,5.437757,364
1403638180.295097113,1.665581,2.260798,3.926959,358
1403638180.345097065,1.529329,3.048318,4.578347,388
1403638180.395097017,1.686190,1.287336,2.974586,381
1403638180.445096970,1.529559,4.193652,5.723861,375
1403638180.495096922,1.498378,1.478808,2.977886,374
1403638180.545097113,1.568120,3.613814,5.182424,367
1403638180.595097065,1.525959,2.093166,3.619865,362
1403638180.645097017,1.825722,1.682841,3.509203,353
1403638180.695096970,1.520649,3.065058,4.586357,386
1403638180.745096922,1.519578,2.759364,4.279732,380
1403638180.795097113,1.521119,1.355266,2.877065,377
1403638180.845097065,1.679331,2.940436,4.620867,370
1403638180.895097017,1.356237,3.151919,4.508846,366
1403638180.945096970,1.518488,2.444160,3.963618,359
1403638180.995096922,1.733401,1.536129,3.270220,351
1403638181.045097113,1.462617,1.608280,3.071708,356
1403638181.095097065,1.749652,1.362237,3.113039,346
1403638181.145097017,1.438178,2.743653,4.182691,355
1403638181.195096970,1.525039,1.380477,2.910636,344
1403638181.245096922,1.411937,3.207060,4.619667,354
1403638181.295097113,1.735771,2.735854,4.472335,345
1403638181.345097065,1.438438,3.330381,4.769469,359
1403638181.395097017,1.935354,1.634541,3.570635,348
1403638181.445096970,1.407787,2.725393,4.133820,382
1403638181.495096922,1.805812,3.074948,4.881600,360
1403638181.545097113,1.616670,2.683243,4.300853,357
1403638181.595097065,1.899913,1.754272,3.655275,335
1403638181.645097017,1.512619,0.982582,2.495891,377
1403638181.695096970,1.656990,3.963459,5.621099,355
1403638181.745096922,1.633250,2.106546,3.740566,348
1403638181.795097113,1.797822,1.687171,3.485653,319
1403638181.845097065,2.060275,3.825507,5.886442,336
1403638181.895097017,1.638810,2.136846,3.776536,328
1403638181.945096970,1.665930,2.513181,4.179721,322
1403638181.995096922,1.581689,3.448212,5.030521,360
1403638182.045097113,1.561169,0.895301,2.457120,349
1403638182.095097065,1.382907,2.615382,3.998949,340
1403638182.145097017,1.742371,3.598975,5.342016,331
1403638182.195096970,1.478349,3.989809,5.468838,354
1403638182.245096922,1.538668,1.326617,2.866235,345
1403638182.295097113,1.588650,3.708455,5.297715,342
1403638182.345097065,1.538099,2.519031,4.057920,339
1403638182.395097017,1.411308,2.639892,4.052590,379
1403638182.445096970,1.564339,2.729344,4.294383,363
1403638182.495096922,1.545869,1.665310,3.211909,346
1403638182.545097113,1.441318,4.080870,5.522748,339
1403638182.595097065,1.462678,2.228538,3.692006,358
1403638182.645097017,1.520748,1.651091,3.172509,351
1403638182.695096970,1.520289,3.161269,4.682188,345
1403638182.745096922,1.613760,3.137889,4.752329,377
1403638182.795097113,1.668630,2.224928,3.894338,362
1403638182.845097065,1.587739,1.533049,3.121398,350
1403638182.895097017,1.540219,1.368836,2.909725,342
1403638182.945096970,1.613860,3.147039,4.761799,343
1403638182.995096922,1.598780,2.208067,3.807567,321
1403638183.045097113,1.650581,2.341298,3.992539,318
1403638183.095097065,1.702711,1.348036,3.051407,319
1403638183.145097017,1.757881,5.841512,7.599983,320
1403638183.195096970,1.517449,1.408087,2.926296,329
1403638183.245096922,1.732991,1.202205,2.935816,321
1403638183.295097113,1.554429,3.171669,4.726788,343
1403638183.345097065,1.845352,4.267033,6.115625,355
1403638183.395097017,1.886413,2.564622,4.453025,350
1403638183.445096970,1.846432,1.995275,3.844417,356
1403638183.495096922,1.829902,2.848745,4.681327,367
1403638183.545097113,1.692001,3.439063,5.132834,352
1403638183.595097065,1.515579,1.646210,3.162739,340
1403638183.645097017,1.790402,2.088846,3.880158,325
1403638183.695096970,1.901464,2.180317,4.082561,345
1403638183.745096922,1.801583,3.625934,5.428387,348
1403638183.795097113,1.684471,1.473628,3.158929,358
1403638183.845097065,1.724251,4.018060,5.742891,335
1403638183.895097017,1.656030,1.981684,3.638374,345
1403638183.945096970,1.765822,2.162066,3.930478,360
1403638183.995096922,1.713602,2.585401,4.299783,350
1403638184.045097113,1.484768,2.215717,3.701125,367
1403638184.095097065,1.675931,2.258088,3.935399,347
1403638184.145097017,1.377397,2.713953,4.092080,366
1403638184.195096970,1.728481,1.051583,2.780884,357
1403638184.245096922,1.540809,2.877855,4.419734,366
1403638184.295097113,1.826642,1.231015,3.058297,356
1403638184.345097065,1.642210,3.296651,4.939481,382
1403638184.395097017,1.560249,1.821282,3.382211,366
1403638184.445096970,1.887313,2.822975,4.711018,349
1403638184.495096922,1.537679,2.366759,3.905158,386
1403638184.545097113,1.558679,1.291576,2.850955,373
1403638184.595097065,1.753982,2.283998,4.038600,358
1403638184.645097017,1.893563,1.809453,3.703686,346
1403638184.695096970,1.662331,3.772406,5.435427,379
1403638184.745096922,1.532179,2.951776,4.485285,365
1403638184.795097113,1.872143,2.528211,4.401064,352
1403638184.845097065,1.659360,2.175597,3.835737,388
1403638184.895097017,1.712001,3.107528,4.821309,382
1403638184.945096970,1.609030,1.697881,3.307511,370
1403638184.995096922,1.410557,1.257186,2.668403,361
1403638185.045097113,1.949204,3.927428,5.877692,350
1403638185.095097065,1.745182,2.131626,3.877468,377
1403638185.145097017,1.975684,1.260996,3.237340,361
1403638185.195096970,1.581649,1.326737,2.909006,376
1403638185.245096922,1.728132,4.662267,6.391199,366
1403638185.295097113,1.991145,2.072275,4.064570,352
1403638185.345097065,1.695850,2.758834,4.455344,379
1403638185.395097017,2.031765,4.219182,6.251737,356
1403638185.445096970,1.752621,2.365629,4.118950,374
1403638185.495096922,1.828333,2.142317,3.971640,355
1403638185.545097113,2.059445,1.974774,4.034879,352
1403638185.595097065,1.761582,1.515629,3.278491,372
1403638185.645097017,2.000265,3.686085,5.687110,344
1403638185.695096970,2.126136,2.186147,4.313303,360
1403638185.745096922,1.946364,2.904576,4.852260,382
1403638185.795097113,1.878033,1.213595,3.093098,363
1403638185.845097065,1.616999,1.657751,3.275571,376
1403638185.895097017,2.053146,3.119508,5.174174,357
1403638185.945096970,1.686081,2.180177,3.866918,376
1403638185.995096922,1.816772,1.950574,3.767986,363
1403638186.045097113,1.679710,1.253396,2.934546,359
1403638186.095097065,2.006545,1.211155,3.218270,348
1403638186.145097017,1.617300,2.172326,3.790356,388
1403638186.195096970,1.530649,1.153914,2.685273,370
1403638186.245096922,2.024895,1.206044,3.231579,361
1403638186.295097113,1.631280,1.967914,3.599474,383
1403638186.345097065,1.493848,1.675451,3.170079,365
1403638186.395097017,1.964214,3.662756,5.627730,352
1403638186.445096970,1.536639,2.271808,3.809167,378
1403638186.495096922,1.488408,2.538821,4.028399,366
1403638186.545097113,1.761091,2.115746,3.877627,358
1403638186.595097065,1.618880,1.884173,3.503763,379
1403638186.645097017,1.525099,1.213284,2.739053,366
1403638186.695096970,1.378306,1.997805,3.376791,359
1403638186.745096922,1.984204,1.480118,3.464992,347
1403638186.795097113,1.687321,1.242115,2.930116,356
1403638186.845097065,1.838373,2.211397,4.050500,342
1403638186.895097017,1.809652,1.825373,3.635725,366
1403638186.945096970,1.894993,0.885801,2.781564,350
1403638186.995096922,1.531639,2.870275,4.402554,359
1403638187.045097113,2.307118,1.078034,3.385882,338
1403638187.095097065,2.431820,1.352517,3.785037,331
1403638187.145097017,2.135786,2.422490,4.558926,336
1403638187.195096970,2.254628,1.259345,3.514643,332
1403638187.245096922,1.861462,0.828471,2.690693,356
1403638187.295097113,2.168267,1.231285,3.400302,325
1403638187.345097065,2.182807,1.176794,3.360311,338
1403638187.395097017,2.175567,0.921001,3.097248,328
1403638187.445096970,2.036355,1.063563,3.100548,332
1403638187.495096922,2.020504,1.354997,3.376181,351
1403638187.545097113,1.908944,1.550359,3.460253,352
1403638187.595097065,1.775872,0.731899,2.508421,345
1403638187.645097017,1.990195,1.787601,3.778456,340
1403638187.695096970,1.695341,1.207574,2.903875,360
1403638187.745096922,1.652010,1.413907,3.066527,333
1403638187.795097113,1.693431,2.457860,4.151991,338
1403638187.845097065,1.591499,1.035823,2.628002,321
1403638187.895097017,1.951714,2.031665,3.984039,306
1403638187.945096970,1.887844,1.039493,2.928007,307
1403638187.995096922,1.929274,1.283106,3.213190,307
1403638188.045097113,2.278748,1.791222,4.070710,306
1403638188.095097065,1.817382,1.288696,3.106708,318
1403638188.145097017,1.674551,0.904531,2.579812,317
1403638188.195096970,1.862573,0.833770,2.696983,319
1403638188.245096922,1.962684,1.363817,3.327121,301
1403638188.295097113,1.944493,0.679039,2.624432,323
1403638188.345097065,1.814192,0.693649,2.508521,350
1403638188.395097017,1.672711,1.036763,2.710054,344
1403638188.445096970,2.017185,1.117564,3.135529,341
1403638188.495096922,1.623400,1.009403,2.633503,362
1403638188.545097113,1.643380,0.750139,2.394159,352
1403638188.595097065,1.597040,1.901413,3.499163,366
1403638188.645097017,1.469648,0.827460,2.297778,355
1403638188.695096970,1.617580,3.064328,4.682538,340
1403638188.745096922,1.906614,1.016922,2.924236,349
1403638188.795097113,2.018765,1.086874,3.106709,327
1403638188.845097065,1.536999,2.253868,3.791447,356
1403638188.895097017,1.771931,3.246890,5.019521,342
1403638188.945096970,1.757152,1.811662,3.569664,373
1403638188.995096922,2.020774,2.219608,4.241162,348
1403638189.045097113,1.889813,2.813595,4.704098,368
1403638189.095097065,2.315719,2.193277,4.509966,345
1403638189.145097017,2.349418,2.134347,4.485735,360
1403638189.195096970,3.052468,1.449078,4.502336,321
1403638189.245096922,2.675623,1.129154,3.806237,343
1403638189.295097113,2.805534,2.128926,4.935130,319
1403638189.345097065,2.379600,1.153754,3.534124,316
1403638189.395097017,2.385169,1.982174,4.368043,326
1403638189.445096970,2.115266,1.407728,3.523624,346
1403638189.495096922,2.313439,2.009254,4.323383,337
1403638189.545097113,1.764462,1.868813,3.633955,377
1403638189.595097065,2.006255,1.691790,3.698705,354
1403638189.645097017,2.311179,2.295048,4.606917,361
1403638189.695096970,2.644812,2.276758,4.922310,371
1403638189.745096922,2.067125,2.655303,4.723258,383
1403638189.795097113,2.530561,2.756194,5.287875,360
1403638189.845097065,2.040955,2.670363,4.711968,376
1403638189.895097017,2.101025,1.579310,3.680995,365
1403638189.945096970,1.758381,1.517739,3.276860,393
1403638189.995096922,1.633090,2.682473,4.316243,382
1403638190.045097113,1.917794,2.219377,4.137801,363
1403638190.095097065,2.278708,3.018097,5.297605,356
1403638190.145097017,1.838413,2.044525,3.883618,359
1403638190.195096970,1.933184,1.774482,3.708566,351
1403638190.245096922,1.980005,2.399189,4.379954,328
1403638190.295097113,1.999554,2.727524,4.727788,325
1403638190.345097065,1.825912,1.677851,3.504413,332
1403638190.395097017,2.238617,2.609612,4.848989,338
1403638190.445096970,2.076706,2.270097,4.347643,367
1403638190.495096922,2.317398,2.303749,4.621827,347
1403638190.545097113,1.599230,1.450958,3.051308,376
1403638190.595097065,2.084975,2.569912,4.655607,358
1403638190.645097017,1.737972,1.579619,3.318251,388
1403638190.695096970,1.681561,2.545001,4.227252,379
1403638190.745096922,1.629740,2.162627,3.793047,368
1403638190.795097113,1.562249,1.741362,3.304301,358
1403638190.845097065,1.534909,2.528141,4.063680,353
1403638190.895097017,1.735302,2.973936,4.709888,344
1403638190.945096970,1.536829,1.638700,3.176169,386
1403638190.995096922,1.568869,3.090238,4.659767,376
1403638191.045097113,1.500229,1.452148,2.953207,372
1403638191.095097065,1.400337,2.851405,4.252292,363
1403638191.145097017,1.498909,1.315106,2.815905,358
1403638191.195096970,1.780372,3.293611,5.074893,355
1403638191.245096922,1.593549,1.846543,3.441342,373
1403638191.295097113,1.854163,2.319329,4.174882,362
1403638191.345097065,1.722571,2.449340,4.173431,398
1403638191.395097017,1.485108,1.436128,2.922096,397
1403638191.445096970,1.742572,2.492350,4.235662,385
1403638191.495096922,1.596080,4.282033,5.878873,375
1403638191.545097113,2.076086,1.357906,3.434772,366
1403638191.595097065,1.656671,2.813004,4.470445,401
1403638191.645097017,1.684721,1.470468,3.156169,399
1403638191.695096970,1.986675,2.886975,4.874380,394
1403638191.745096922,2.172956,1.732802,3.908279,386
1403638191.795097113,1.840802,3.697066,5.538688,379
1403638191.845097065,2.121596,1.492168,3.614444,374
1403638191.895097017,1.913824,2.693383,4.607837,403
1403638191.945096970,1.809022,2.238248,4.048020,397
1403638191.995096922,1.706181,1.457648,3.165279,393
1403638192.045097113,2.258607,2.510231,4.771178,390
1403638192.095097065,1.879763,3.589965,5.470588,388
1403638192.145097017,1.662730,3.158099,4.822129,384
1403638192.195096970,1.649380,2.756674,4.406904,382
1403638192.245096922,2.012995,1.440648,3.455663,364
1403638192.295097113,1.798922,2.414450,4.214122,399
1403638192.345097065,1.608469,1.152294,2.761793,382
1403638192.395097017,2.166557,2.805064,4.972371,374
1403638192.445096970,1.704801,3.797547,5.502978,403
1403638192.495096922,1.916064,2.407910,4.324684,396
1403638192.545097113,1.751841,2.139756,3.892757,387
1403638192.595097065,1.700881,1.295276,2.996877,378
1403638192.645097017,1.728312,3.590844,5.319916,369
1403638192.695096970,1.832342,3.736986,5.570258,400
1403638192.745096922,1.653071,2.605002,4.258753,393
1403638192.795097113,1.673160,2.980707,4.654577,391
1403638192.845097065,2.057285,2.479490,4.537445,385
1403638192.895097017,1.768952,2.844175,4.613897,379
1403638192.945096970,1.805352,2.062485,3.868617,375
1403638192.995096922,2.050205,4.742099,6.793154,396
1403638193.045097113,2.076125,2.825555,4.902420,379
1403638193.095097065,2.106606,2.214217,4.321553,411
1403638193.145097017,1.972994,2.108996,4.082630,396
1403638193.195096970,1.863333,1.168194,3.032147,374
1403638193.245096922,1.586989,3.398922,4.987241,367
1403638193.295097113,1.952134,3.446663,5.399497,354
1403638193.345097065,1.764542,2.130007,3.895249,390
1403638193.395097017,1.749172,2.418319,4.168141,383
1403638193.445096970,1.538369,1.677080,3.216289,376
1403638193.495096922,1.439808,1.972504,3.412972,366
1403638193.545097113,2.033135,3.566354,5.600249,360
1403638193.595097065,1.752621,3.683026,5.436827,396
1403638193.645097017,1.587769,2.816505,4.405034,389
1403638193.695096970,1.446098,1.146494,2.593262,385
1403638193.745096922,1.608130,1.758092,3.366962,377
1403638193.795097113,1.418208,1.141814,2.560712,374
1403638193.845097065,1.463898,2.623342,4.087830,373
1403638193.895097017,1.575660,4.300583,5.876993,370
1403638193.945096970,1.679040,1.451128,3.130908,369
1403638193.995096922,1.462948,2.714324,4.177902,367
1403638194.045097113,1.438337,1.733292,3.172709,364
1403638194.095097065,1.419788,2.192867,3.613385,363
1403638194.145097017,1.539829,4.195032,5.735871,361
1403638194.195096970,1.531999,3.536093,5.068832,360
1403638194.245096922,1.689331,2.646502,4.336603,356
1403638194.295097113,1.549579,1.334286,2.884515,394
1403638194.345097065,1.785982,1.304006,3.090848,389
1403638194.395097017,1.793022,1.792182,3.585914,384
1403638194.445096970,1.820353,1.999654,3.820647,384
1403638194.495096922,1.775782,3.681175,5.457647,383
1403638194.545097113,1.896953,1.784402,3.682205,377
1403638194.595097065,1.772922,2.441260,4.215722,375
1403638194.645097017,1.810443,1.644200,3.455223,375
1403638194.695096970,1.816023,2.055975,3.872648,374
1403638194.745096922,1.704231,4.058830,5.763681,373
1403638194.795097113,1.592490,3.385512,4.978872,371
1403638194.845097065,1.506568,3.736576,5.243865,367
1403638194.895097017,1.454528,1.197285,2.652523,366
1403638194.945096970,1.781292,1.520999,3.302911,365
1403638194.995096922,1.578240,1.325896,2.904796,365
1403638195.045097113,1.702571,1.549559,3.252830,363
1403638195.095097065,1.662990,3.380492,5.044582,363
1403638195.145097017,1.432577,1.208995,2.642673,363
1403638195.195096970,1.503158,2.399170,3.903048,361
1403638195.245096922,1.823242,1.815282,3.639214,358
1403638195.295097113,1.875623,2.046205,3.922468,390
1403638195.345097065,1.870853,3.625264,5.496917,382
1403638195.395097017,1.744042,3.314161,5.059023,381
1403638195.445096970,2.048405,3.120919,5.170044,375
1403638195.495096922,1.569270,1.191234,2.761304,418
1403638195.545097113,1.678421,1.552959,3.231990,417
1403638195.595097065,1.549329,1.205325,2.755434,414
1403638195.645097017,1.578979,1.215175,2.794714,413
1403638195.695096970,1.461418,3.236629,4.698637,412
1403638195.745096922,1.437918,1.241535,2.681353,411
1403638195.795097113,1.433217,2.085856,3.519783,410
1403638195.845097065,1.630720,3.612475,5.243775,409
1403638195.895097017,1.464808,2.010695,3.476263,408
1403638195.945096970,1.688920,2.815875,4.505685,408
1403638195.995096922,1.571059,2.971947,4.543646,408
1403638196.045097113,1.471769,4.465794,5.938143,408
1403638196.095097065,1.762572,1.265466,3.028888,407
1403638196.145097017,1.453327,1.187105,2.641052,406
1403638196.195096970,1.499038,1.137124,2.636912,405
1403638196.245096922,1.753151,1.164394,2.918185,405
1403638196.295097113,1.582229,3.120639,4.703418,403
1403638196.345097065,1.352817,1.156164,2.509781,403
1403638196.395097017,1.442348,1.493098,2.936246,403
1403638196.445096970,1.468538,3.829597,5.298695,403
1403638196.495096922,1.437258,1.623930,3.061928,403
1403638196.545097113,1.410247,2.541481,3.952448,403
1403638196.595097065,1.405457,2.258038,3.664115,402
1403638196.645097017,1.514139,3.517744,5.032613,399
1403638196.695096970,1.497228,1.108944,2.606982,399
1403638196.745096922,1.361697,1.063513,2.425770,399
1403638196.795097113,1.596350,1.042542,2.640132,399
1403638196.845097065,1.483338,1.130954,2.615032,398
1403638196.895097017,1.578009,2.758594,4.339133,397
1403638196.945096970,1.677101,1.076663,2.754664,396
1403638196.995096922,1.563779,1.407508,2.971917,395
1403638197.045097113,1.417437,3.371792,4.789979,395
1403638197.095097065,1.512829,1.662750,3.176419,394
1403638197.145097017,1.546509,1.394387,2.941586,394
1403638197.195096970,1.447737,2.245278,3.693745,394
1403638197.245096922,1.350926,2.564432,3.916408,394
1403638197.295097113,1.756332,1.291936,3.048968,393
1403638197.345097065,1.961104,1.284416,3.246210,393
1403638197.395097017,1.662481,1.291966,2.955207,393
1403638197.445096970,1.612700,1.282965,2.896795,392
1403638197.495096922,1.479868,2.454750,3.935268,391
1403638197.545097113,1.440207,1.438828,2.879715,390
1403638197.595097065,1.605360,1.668320,3.274370,389
1403638197.645097017,1.460218,2.426310,3.887178,387
1403638197.695096970,1.737981,1.940974,3.679575,384
1403638197.745096922,1.511668,2.873166,4.385484,423
1403638197.795097113,1.544899,2.802985,4.348544,423
1403638197.845097065,1.414947,3.911888,5.327475,421
1403638197.895097017,1.540019,1.340877,2.881646,418
1403638197.945096970,1.639061,1.668240,3.307971,416
1403638197.995096922,1.624670,1.389017,3.014367,414
1403638198.045097113,1.582210,1.580500,3.163320,409
1403638198.095097065,1.625530,3.454733,5.081103,408
1403638198.145097017,1.589850,1.398907,2.989497,408
1403638198.195096970,1.497259,1.898443,3.396432,408
1403638198.245096922,1.995455,2.483160,4.479235,406
1403638198.295097113,1.410988,2.969566,4.381534,406
1403638198.345097065,1.608960,2.871566,4.482166,405
1403638198.395097017,1.616230,2.713663,4.330513,402
1403638198.445096970,1.833592,3.145499,4.979691,400
1403638198.495096922,1.464958,1.258126,2.723724,397
1403638198.545097113,1.633240,1.427887,3.063257,393
1403638198.595097065,1.639920,1.338477,2.978987,391
1403638198.645097017,1.489069,1.147554,2.637363,390
1403638198.695096970,1.569269,3.369962,4.940601,385
1403638198.745096922,1.601019,1.187285,2.788924,383
1403638198.795097113,1.505578,2.499521,4.005949,383
1403638198.845097065,1.448978,3.089588,4.539266,382
1403638198.895097017,1.511368,3.102738,4.614836,382
1403638198.945096970,1.620090,3.516043,5.136823,379
1403638198.995096922,1.588069,3.276541,4.865290,414
1403638199.045097113,1.492299,4.331623,5.824542,410
1403638199.095097065,1.522219,1.481258,3.004877,405
1403638199.145097017,1.607380,1.164974,2.773134,400
1403638199.195096970,1.352767,1.756342,3.109639,388
1403638199.245096922,1.434667,1.185685,2.621002,378
1403638199.295097113,1.570739,3.639945,5.211264,374
1403638199.345097065,1.902723,1.155295,3.059678,364
1403638199.395097017,1.632160,2.461171,4.094181,405
1403638199.445096970,1.776452,2.049605,3.826807,395
1403638199.495096922,1.654850,2.844245,4.499725,391
1403638199.545097113,1.857733,4.179392,6.037775,388
1403638199.595097065,1.782912,3.068888,4.852600,381
1403638199.645097017,1.777522,3.348881,5.127063,368
1403638199.695096970,1.999115,1.730051,3.729856,393
1403638199.745096922,2.091606,1.612990,3.705326,372
1403638199.795097113,1.510479,1.152274,2.663423,394
1403638199.845097065,1.506789,1.284576,2.792025,388
1403638199.895097017,1.383717,3.672986,5.057313,382
1403638199.945096970,1.987634,3.573794,5.562268,363
1403638199.995096922,1.650710,3.008837,4.660317,387
1403638200.045097113,1.497848,1.778392,3.276960,384
1403638200.095097065,1.400298,3.082908,4.483926,382
1403638200.145097017,1.592900,3.128648,4.722688,372
1403638200.195096970,1.801863,3.831517,5.634510,356
1403638200.245096922,1.792122,4.948041,6.742153,393
1403638200.295097113,1.887103,2.032315,3.920878,373
1403638200.345097065,1.612190,3.706596,5.320366,413
1403638200.395097017,1.688261,1.328396,3.017487,403
1403638200.445096970,1.648390,1.809212,3.458192,396
1403638200.495096922,1.446508,2.406369,3.853627,384
1403638200.545097113,1.901254,3.829157,5.731771,372
1403638200.595097065,1.854033,2.149426,4.004419,390
1403638200.645097017,1.725721,1.284416,3.011267,411
1403638200.695096970,1.460748,3.696055,5.157423,401
1403638200.745096922,1.992494,3.512464,5.510868,398
1403638200.795097113,1.625860,5.259755,6.886925,405
1403638200.845097065,1.601789,2.826795,4.429794,403
1403638200.895097017,1.928684,3.508293,5.437977,396
1403638200.945096970,1.802682,2.497221,4.301173,421
1403638200.995096922,1.694081,1.036273,2.731254,411
1403638201.045097113,1.762432,1.107003,2.870575,400
1403638201.095097065,1.681180,1.507629,3.189469,396
1403638201.145097017,1.597910,7.096407,8.695227,389
1403638201.195096970,2.181546,3.749117,5.932013,378
1403638201.245096922,1.871743,1.711571,3.584264,404
1403638201.295097113,1.801322,1.001262,2.803754,400
1403638201.345097065,1.870374,4.558556,6.431280,392
1403638201.395097017,1.908624,4.433614,6.342928,386
1403638201.445096970,1.403337,2.825135,4.229602,377
1403638201.495096922,1.528539,3.998639,5.527958,370
1403638201.545097113,1.650000,2.873566,4.526076,363
1403638201.595097065,1.763661,1.224805,2.989296,360
1403638201.645097017,1.541538,1.740922,3.283260,398
1403638201.695096970,1.498178,1.186025,2.685103,383
1403638201.745096922,2.058955,5.449917,7.509932,383
1403638201.795097113,1.803682,4.696258,6.501850,383
1403638201.845097065,1.596670,1.111404,2.709674,381
1403638201.895097017,1.356417,1.606110,2.963197,375
1403638201.945096970,1.450968,3.765586,5.217254,357
1403638201.995096922,1.614770,4.656237,6.271807,342
1403638202.045097113,1.651980,3.091168,4.744048,375
1403638202.095097065,1.562460,3.206289,4.769459,365
1403638202.145097017,1.915973,3.152039,5.068732,348
1403638202.195096970,1.765802,3.920278,5.686840,333
1403638202.245096922,1.533828,1.881373,3.415911,380
1403638202.295097113,1.422598,1.023502,2.446800,375
1403638202.345097065,1.466138,5.604679,7.071427,366
1403638202.395097017,1.530539,4.076720,5.608909,360
1403638202.445096970,1.471928,1.349987,2.822715,359
1403638202.495096922,1.513148,1.282706,2.796384,354
1403638202.545097113,1.460327,2.850115,4.311372,398
1403638202.595097065,1.618430,4.081350,5.701720,387
1403638202.645097017,1.407847,2.929277,4.338544,377
1403638202.695096970,1.426667,2.105456,3.533173,368
1403638202.745096922,1.506938,2.344619,3.852297,359
1403638202.795097113,1.527479,5.759271,7.287380,348
1403638202.845097065,1.556929,1.537399,3.095968,345
1403638202.895097017,1.467458,1.200284,2.668692,339
1403638202.945096970,1.482868,5.247035,6.730453,336
1403638202.995096922,1.455138,3.827947,5.284015,359
1403638203.045097113,1.680150,1.727382,3.408142,342
1403638203.095097065,1.785732,3.620015,5.406517,379
1403638203.145097017,2.016145,1.859573,3.876478,371
1403638203.195096970,2.137436,3.185919,5.326355,366
1403638203.245096922,1.932094,2.826795,4.759499,353
1403638203.295097113,2.138486,2.124516,4.263662,344
1403638203.345097065,2.035985,2.630792,4.667457,370
1403638203.395097017,2.054745,5.169924,7.225379,356
1403638203.445096970,2.506681,2.640012,5.148523,350
1403638203.495096922,2.040915,2.214177,4.257282,366
1403638203.545097113,1.798233,4.337963,6.138166,344
1403638203.595097065,1.928734,3.806417,5.735941,339
1403638203.645097017,1.911133,2.957706,4.869539,362
1403638203.695096970,1.811042,3.539084,5.350746,347
1403638203.745096922,2.087255,1.679121,3.767056,328
1403638203.795097113,1.868353,3.158339,5.027342,362
1403638203.845097065,2.400019,2.904686,5.306765,346
1403638203.895097017,2.584021,4.008800,6.593791,327
1403638203.945096970,2.111546,2.164867,4.277203,354
1403638203.995096922,2.457340,4.890080,7.348180,323
1403638204.045097113,2.216838,3.154578,5.372246,366
1403638204.095097065,1.966434,1.732581,3.699755,361
1403638204.145097017,2.028255,4.013289,6.042204,346
1403638204.195096970,2.381969,3.592444,5.975203,324
1403638204.245096922,2.105816,1.813613,3.920319,371
1403638204.295097113,2.467401,3.517083,5.985114,351
1403638204.345097065,2.298278,1.821383,4.121091,389
1403638204.395097017,2.193417,2.551582,4.745749,376
1403638204.445096970,2.057195,1.581149,3.639034,370
1403638204.495096922,2.306768,3.796127,6.103535,359
1403638204.545097113,2.294409,1.266065,3.562654,407
1403638204.595097065,2.244687,4.582127,6.827514,398
1403638204.645097017,2.045225,3.460882,5.506927,392
1403638204.695096970,1.949044,1.657251,3.607015,376
1403638204.745096922,2.237348,3.796406,6.034494,354
1403638204.795097113,1.939284,5.346326,7.286450,393
1403638204.845097065,2.072535,1.473988,3.547553,386
1403638204.895097017,1.785352,5.214744,7.000786,373
1403638204.945096970,2.114756,2.021785,4.137281,366
1403638204.995096922,1.958124,1.654540,3.613394,384
1403638205.045097113,2.125116,1.912573,4.038489,370
1403638205.095097065,2.067515,4.105661,6.173856,393
1403638205.145097017,2.183597,1.228955,3.413222,367
1403638205.195096970,2.032195,5.746011,7.778876,388
1403638205.245096922,1.833202,2.882436,4.716398,373
1403638205.295097113,1.637671,1.812562,3.450893,364
1403638205.345097065,1.646270,4.178221,5.825121,388
1403638205.395097017,1.372387,5.387066,6.760373,381
1403638205.445096970,1.826623,1.471088,3.300401,376
1403638205.495096922,2.116756,3.792107,5.909463,359
1403638205.545097113,1.724261,3.761846,5.487627,388
1403638205.595097065,1.790802,1.624510,3.417412,374
1403638205.645097017,1.786032,4.278362,6.065964,356
1403638205.695096970,1.577969,3.560134,5.139333,392
1403638205.745096922,1.902553,3.749027,5.654740,376
1403638205.795097113,2.282488,3.543163,5.828751,344
1403638205.845097065,1.899054,1.912093,3.814537,384
1403638205.895097017,1.867423,5.088943,6.957786,372
1403638205.945096970,1.806152,4.300333,6.110085,363
1403638205.995096922,2.133346,4.267682,6.404298,344
1403638206.045097113,2.344639,1.812912,4.160611,350
1403638206.095097065,2.222187,5.875282,8.098659,364
1403638206.145097017,2.561162,3.804897,6.370069,334
1403638206.195096970,2.080715,1.408438,3.491893,373
1403638206.245096922,2.464060,5.365336,7.832306,337
1403638206.295097113,2.601092,2.280918,4.886110,342
1403638206.345097065,2.497761,2.542481,5.043072,371
1403638206.395097017,2.215997,4.733659,6.952176,346
1403638206.445096970,2.496400,2.046766,4.544266,324
1403638206.495096922,2.321229,2.156036,4.478185,366
1403638206.545097113,2.138916,4.687218,6.827184,344
1403638206.595097065,2.474100,4.270643,6.745463,320
1403638206.645097017,2.091296,2.962876,5.054832,369
1403638206.695096970,2.072305,2.667713,4.740658,355
1403638206.745096922,2.404430,3.205789,5.611069,336
1403638206.795097113,2.116976,1.374877,3.492543,367
1403638206.845097065,2.251708,2.841385,5.093753,343
1403638206.895097017,2.379660,3.974939,6.355279,360
1403638206.945096970,2.081856,2.215987,4.298523,366
1403638206.995096922,2.505961,3.409462,5.916593,322
1403638207.045097113,2.075346,2.763494,4.839690,363
1403638207.095097065,2.409760,2.690683,5.101153,337
1403638207.145097017,2.174917,2.283878,4.459515,360
1403638207.195096970,1.987644,4.457435,6.445719,350
1403638207.245096922,2.246638,2.304008,4.551286,339
1403638207.295097113,1.992225,2.873915,4.866970,370
1403638207.345097065,2.213687,3.655905,5.870282,350
1403638207.395097017,2.402779,1.849203,4.252712,346
1403638207.445096970,1.954154,3.194379,5.149233,372
1403638207.495096922,2.303878,3.293801,5.598349,335
1403638207.545097113,2.287598,1.239145,3.527403,353
1403638207.595097065,1.749011,5.191144,6.940785,366
1403638207.645097017,1.831653,2.699553,4.531876,366
1403638207.695096970,1.578530,2.532941,4.112131,382
1403638207.745096922,1.520499,1.824652,3.345831,350
1403638207.795097113,1.990144,4.959111,6.950445,336
1403638207.845097065,1.745252,2.770374,4.516336,370
1403638207.895097017,1.770592,2.286638,4.057890,350
1403638207.945096970,1.656570,3.423262,5.080472,375
1403638207.995096922,1.695191,3.490573,5.186774,367
1403638208.045097113,1.518399,3.196799,4.715918,405
1403638208.095097065,1.523319,3.228360,4.752419,392
1403638208.145097017,1.659591,3.383381,5.043622,379
1403638208.195096970,1.530478,2.297799,3.828917,368
1403638208.245096922,1.498819,2.666393,4.165872,364
1403638208.295097113,1.701561,3.099439,4.801810,360
1403638208.345097065,1.506009,1.839422,3.346141,393
1403638208.395097017,1.508569,4.371293,5.880542,380
1403638208.445096970,1.580929,1.997835,3.579594,372
1403638208.495096922,1.405507,3.675675,5.081873,345
1403638208.545097113,1.779962,2.973046,4.757278,329
1403638208.595097065,1.612970,4.358964,5.973054,384
1403638208.645097017,1.644960,1.960445,3.606115,364
1403638208.695096970,1.371727,3.438213,4.810610,359
1403638208.745096922,1.405847,2.625462,4.031979,342
1403638208.795097113,1.534288,1.916884,3.451822,333
1403638208.845097065,1.592769,2.945316,4.538745,364
1403638208.895097017,1.383957,3.824528,5.209295,363
1403638208.945096970,1.507029,1.475828,2.983537,359
1403638208.995096922,1.358836,3.696066,5.055642,351
1403638209.045097113,1.345967,1.927264,3.273891,346
1403638209.095097065,1.190945,3.343571,4.535166,346
1403638209.145097017,1.499569,3.910178,5.410527,345
1403638209.195096970,1.577309,2.973507,4.551476,340
1403638209.245096922,1.563250,2.099565,3.663465,372
1403638209.295097113,1.313096,2.334649,3.648455,372
1403638209.345097065,1.506038,2.565482,4.072190,370
1403638209.395097017,1.446178,3.478983,4.925791,369
1403638209.445096970,1.438658,2.241417,3.680715,364
1403638209.495096922,1.663821,2.825475,4.490396,352
1403638209.545097113,1.555319,1.983814,3.539723,345
1403638209.595097065,1.395867,2.774724,4.171241,384
1403638209.645097017,1.585920,1.371506,2.958606,378
1403638209.695096970,1.458888,3.271130,4.730578,368
1403638209.745096922,1.673631,3.621124,5.295595,352
1403638209.795097113,1.642460,3.849697,5.492877,406
1403638209.845097065,1.803912,1.112324,2.916936,405
1403638209.895097017,1.900303,2.292438,4.193421,397
1403638209.945096970,1.840162,2.038375,3.879207,396
1403638209.995096922,1.899963,3.753176,5.653789,384
1403638210.045097113,1.918024,0.740929,2.659603,379
1403638210.095097065,1.858242,4.674788,6.534160,368
1403638210.145097017,1.817672,3.970179,5.788551,363
1403638210.195096970,1.856663,2.085795,3.943148,359
1403638210.245096922,1.795932,0.955222,2.751804,350
1403638210.295097113,1.603590,3.890028,5.494178,350
1403638210.345097065,1.820232,5.753791,7.574713,347
1403638210.395097017,1.918333,3.829887,5.748950,344
1403638210.445096970,1.613140,1.666230,3.280110,373
1403638210.495096922,1.480088,1.779252,3.260000,362
1403638210.545097113,1.367887,2.422900,3.791387,354
1403638210.595097065,1.346197,3.108978,4.455955,351
1403638210.645097017,1.734932,1.616279,3.352251,345
1403638210.695096970,1.561149,3.395272,4.957121,380
1403638210.745096922,1.503909,2.998517,4.503496,375
1403638210.795097113,1.337906,2.641612,3.980688,370
1403638210.845097065,1.396217,2.088116,3.484983,367
1403638210.895097017,1.451057,2.398100,3.850307,361
1403638210.945096970,1.476098,4.898090,6.375218,360
1403638210.995096922,1.495489,3.905008,5.402807,359
1403638211.045097113,1.446008,1.765802,3.212540,358
1403638211.095097065,1.531939,1.546139,3.079448,351
1403638211.145097017,1.807592,2.367269,4.175561,343
1403638211.195096970,1.500489,3.290680,4.791989,383
1403638211.245096922,1.504938,3.183189,4.688877,377
1403638211.295097113,1.502148,2.019155,3.521953,376
1403638211.345097065,1.589880,3.202439,4.793049,373
1403638211.395097017,1.460488,3.105428,4.566666,373
1403638211.445096970,1.430977,1.808423,3.240110,369
1403638211.495096922,1.336616,2.523311,3.860617,366
1403638211.545097113,1.394927,3.775967,5.171834,365
1403638211.595097065,1.382907,3.733556,5.117213,364
1403638211.645097017,1.427587,1.383137,2.811424,363
1403638211.695096970,1.456638,1.788422,3.245710,360
1403638211.745096922,1.424038,3.249480,4.674548,357
1403638211.795097113,1.452048,2.851025,4.303893,356
1403638211.845097065,1.570079,3.582184,5.152933,350
1403638211.895097017,1.420588,1.133904,2.555262,389
1403638211.945096970,1.466048,3.042467,4.509025,376
1403638211.995096922,1.499648,2.562161,4.063229,366
1403638212.045097113,1.497619,1.468948,2.969247,359
1403638212.095097065,1.618420,2.712024,4.331004,347
1403638212.145097017,1.411557,5.022602,6.434929,359
1403638212.195096970,1.708401,4.047940,5.757051,341
1403638212.245096922,1.548359,1.426688,2.975797,371
1403638212.295097113,1.403947,1.503949,2.909056,362
1403638212.345097065,1.499278,2.566492,4.066830,352
1403638212.395097017,1.652760,2.650103,4.303533,342
1403638212.445096970,1.417008,4.055800,5.473638,373
1403638212.495096922,1.790842,1.131674,2.923236,349
1403638212.545097113,1.667390,0.902201,2.570321,376
1403638212.595097065,1.467558,0.894041,2.362259,368
1403638212.645097017,1.336816,0.770210,2.107806,362
1403638212.695096970,1.247076,4.836339,6.083955,356
1403638212.745096922,1.820523,3.502503,5.323866,328
1403638212.795097113,1.396267,4.168221,5.565188,374
1403638212.845097065,1.772641,1.041243,2.814804,361
1403638212.895097017,2.165057,1.323146,3.488933,322
1403638212.945096970,2.099305,2.785395,4.885330,346
1403638212.995096922,1.658570,5.994364,7.654254,364
1403638213.045097113,2.064535,5.307305,7.372610,308
1403638213.095097065,2.247018,4.769058,7.016856,329
1403638213.145097017,2.019324,1.135164,3.155228,334
1403638213.195096970,1.847742,0.690679,2.539191,319
1403638213.245096922,1.550579,0.925941,2.477690,338
1403638213.295097113,1.463408,0.957412,2.421350,317
1403638213.345097065,1.883763,4.113021,5.997484,315
1403638213.395097017,1.864923,1.893553,3.759216,289
1403638213.445096970,1.980304,0.835411,2.816465,309
1403638213.495096922,1.679200,1.579110,3.259210,329
1403638213.545097113,1.949384,4.209312,6.159396,317
1403638213.595097065,1.576330,3.138518,4.715548,320
1403638213.645097017,1.849523,5.878162,7.728365,308
1403638213.695096970,1.680631,3.895718,5.577369,309
1403638213.745096922,1.700491,2.816314,4.517515,318
1403638213.795097113,1.734971,3.546853,5.282694,339
1403638213.845097065,1.784052,1.138984,2.923736,347
1403638213.895097017,1.469868,3.360131,4.830859,392
1403638213.945096970,1.775682,2.663953,4.440405,374
1403638213.995096922,1.781432,3.196759,4.979721,368
1403638214.045097113,1.630460,3.037687,4.668797,381
1403638214.095097065,1.658901,2.282168,3.941849,373
1403638214.145097017,2.033635,3.213440,5.248115,366
1403638214.195096970,1.998714,2.814745,4.814119,351
1403638214.245096922,1.937014,2.053106,3.990870,362
1403638214.295097113,1.746701,3.603955,5.351396,359
1403638214.345097065,2.289008,3.253780,5.544998,345
1403638214.395097017,2.010335,3.541004,5.552449,403
1403638214.445096970,1.786792,3.479993,5.267605,402
1403638214.495096922,1.866103,1.783962,3.650845,393
1403638214.545097113,1.610030,2.245328,3.856028,379
1403638214.595097065,1.642210,4.406224,6.049074,375
1403638214.645097017,1.767902,2.663862,4.432534,364
1403638214.695096970,1.754602,2.591671,4.347103,391
1403638214.745096922,1.576050,1.649220,3.226040,384
1403638214.795097113,1.434728,2.570291,4.005879,374
1403638214.845097065,1.495878,1.746762,3.243630,372
1403638214.895097017,1.531339,3.152619,4.684678,372
1403638214.945096970,1.290096,5.523758,6.814684,370
1403638214.995096922,1.786542,2.269638,4.057030,366
1403638215.045097113,1.516449,2.568391,4.085560,408
1403638215.095097065,1.332966,2.583522,3.917188,403
1403638215.145097017,1.646920,1.882133,3.529463,392
1403638215.195096970,1.424988,2.929216,4.354954,386
1403638215.245096922,1.494669,4.208561,5.703880,386
1403638215.295097113,1.703511,2.777694,4.481995,382
1403638215.345097065,1.526279,1.875243,3.402292,381
1403638215.395097017,1.730501,2.261458,3.993079,375
1403638215.445096970,1.509669,1.299196,2.809635,420
1403638215.495096922,1.302486,4.125550,5.428646,418
1403638215.545097113,1.620790,5.037922,6.659392,409
1403638215.595097065,1.572219,4.157711,5.730780,402
1403638215.645097017,1.570600,2.584001,4.155381,396
1403638215.695096970,1.678201,1.958524,3.637485,393
1403638215.745096922,1.601560,2.187737,3.790037,390
1403638215.795097113,1.532759,2.655613,4.189732,387
1403638215.845097065,1.383467,3.500433,4.884500,384
1403638215.895097017,1.467939,2.667062,4.135751,379
1403638215.945096970,1.648761,1.911503,3.560964,376
1403638215.995096922,1.740232,3.826707,5.567749,417
1403638216.045097113,1.919224,1.999474,3.919688,413
1403638216.095097065,1.749482,3.262570,5.012712,408
1403638216.145097017,1.836603,4.698587,6.535920,399
1403638216.195096970,1.915203,3.560554,5.476877,393
1403638216.245096922,1.866153,3.060378,4.927251,389
1403638216.295097113,1.999705,2.287428,4.289403,388
1403638216.345097065,1.986644,1.663221,3.650695,386
1403638216.395097017,1.889634,2.862315,4.752789,382
1403638216.445096970,1.731971,4.075960,5.808691,377
1403638216.495096922,1.861623,2.531291,4.393924,374
1403638216.545097113,1.613730,2.870325,4.484725,413
1403638216.595097065,1.752531,3.748846,5.503077,411
1403638216.645097017,1.604720,2.391649,3.997999,408
1403638216.695096970,1.603739,3.011777,4.616906,407
1403638216.745096922,1.577960,4.949311,6.528641,405
1403638216.795097113,1.957044,2.960266,4.927050,400
1403638216.845097065,1.693471,2.511391,4.206002,397
1403638216.895097017,1.553299,2.234677,3.788606,392
1403638216.945096970,1.532118,1.611260,3.144038,390
1403638216.995096922,1.415947,2.511211,3.927888,385
1403638217.045097113,1.480399,4.098430,5.579439,380
1403638217.095097065,1.469218,2.688883,4.159351,376
1403638217.145097017,1.628880,2.499521,4.129051,368
1403638217.195096970,1.602950,3.531353,5.134963,411
1403638217.245096922,1.789792,1.984044,3.774616,409
1403638217.295097113,1.435937,2.442360,3.879107,404
1403638217.345097065,1.867203,4.120560,5.988423,403
1403638217.395097017,2.108696,2.384379,4.493895,399
1403638217.445096970,1.981115,2.719243,4.701178,397
1403638217.495096922,1.909153,1.221585,3.131428,396
1403638217.545097113,1.877673,1.148494,3.026937,396
1403638217.595097065,1.559669,2.861615,4.421994,393
1403638217.645097017,1.333656,3.835057,5.169633,393
1403638217.695096970,1.426948,2.471040,3.898718,390
1403638217.745096922,1.396347,3.539293,4.936370,387
1403638217.795097113,1.390547,3.532773,4.924040,384
1403638217.845097065,1.424858,1.747311,3.173059,383
1403638217.895097017,1.448937,2.505151,3.954748,383
1403638217.945096970,1.433477,3.000267,4.434564,383
1403638217.995096922,1.483119,2.583441,4.067630,383
1403638218.045097113,1.284356,2.596432,3.881418,383
1403638218.095097065,1.316216,1.323316,2.640132,383
1403638218.145097017,1.386097,1.284975,2.671702,383
1403638218.195096970,1.425547,1.546929,2.973056,383
1403638218.245096922,1.280306,3.504763,4.785749,383
1403638218.295097113,1.449177,2.442770,3.892577,383
1403638218.345097065,1.451357,2.776104,4.228161,383
1403638218.395097017,1.324726,2.446170,3.771536,383
1403638218.445096970,1.558309,1.403158,2.962167,383
1403638218.495096922,1.296696,1.444608,2.742694,383
1403638218.545097113,1.197685,1.955304,3.153549,383
1403638218.595097065,1.415457,2.225478,3.641515,383
1403638218.645097017,1.410747,2.300978,3.713185,383
1403638218.695096970,1.395317,1.439377,2.835274,383
1403638218.745096922,1.301026,1.444798,2.746774,383
1403638218.795097113,1.432908,1.441348,2.875056,383
1403638218.845097065,1.388007,1.516269,2.904826,380
1403638218.895097017,1.309356,1.468778,2.778724,379
1403638218.945096970,1.265466,1.993184,3.259210,379
1403638218.995096922,1.823453,1.757841,3.581944,374
1403638219.045097113,1.444727,1.423868,2.869215,410
1403638219.095097065,1.534239,1.428867,2.963826,410
1403638219.145097017,1.366357,1.903483,3.270600,410
1403638219.195096970,1.454898,2.209607,3.665625,408
1403638219.245096922,1.507099,2.386299,3.894038,408
1403638219.295097113,1.591269,1.501809,3.093698,407
1403638219.345097065,1.409587,1.355767,2.766214,407
1403638219.395097017,1.583809,1.403237,2.987686,407
1403638219.445096970,1.450788,1.841223,3.292651,407
1403638219.495096922,1.466468,1.404127,2.871315,407
1403638219.545097113,1.573000,2.241527,3.815307,407
1403638219.595097065,1.738731,2.487301,4.227812,407
1403638219.645097017,1.441058,1.324036,2.765754,407
1403638219.695096970,1.452228,1.380627,2.834375,407
1403638219.745096922,1.281256,1.811722,3.093528,407
1403638219.795097113,1.460108,2.556502,4.017290,407
1403638219.845097065,1.433157,2.527571,3.961448,407
1403638219.895097017,1.468258,1.629130,3.097978,407
1403638219.945096970,1.465278,1.441077,2.907166,407
1403638219.995096922,1.416637,1.907874,3.325151,403
1403638220.045097113,1.296576,2.363399,3.660525,403
1403638220.095097065,1.538589,1.403188,2.942467,403
1403638220.145097017,1.453468,2.593881,4.047969,403
1403638220.195096970,1.441558,2.677983,4.120221,403
1403638220.245096922,1.553389,1.356357,2.910466,403
1403638220.295097113,1.715341,1.477438,3.194759,403
1403638220.345097065,1.312216,2.405589,3.718355,402
1403638220.395097017,1.395827,2.166737,3.563194,402
1403638220.445096970,1.383337,2.407409,3.791306,402
1403638220.495096922,1.528529,1.504988,3.034157,402
1403638220.545097113,1.321626,1.359067,2.681343,402
1403638220.595097065,1.694080,1.356327,3.051047,402
1403638220.645097017,1.549789,1.781112,3.331561,402
1403638220.695096970,1.344196,1.361757,2.706743,402
1403638220.745096922,1.213245,2.594912,3.808677,402
1403638220.795097113,1.593450,2.729863,4.324273,402
1403638220.845097065,1.449308,1.348976,2.799084,402
1403638220.895097017,1.543349,1.431207,2.975776,402
1403638220.945096970,1.226465,1.821803,3.048968,402
1403638220.995096922,1.408647,2.195357,3.604674,402
1403638221.045097113,1.457617,2.385030,3.843327,402
1403638221.095097065,1.338997,1.494778,2.834495,402
1403638221.145097017,1.485959,1.362996,2.849645,402
1403638221.195096970,1.429978,1.836833,3.267841,402
1403638221.245096922,1.399687,2.347669,3.748136,402
1403638221.295097113,1.557779,1.344417,2.903046,402
1403638221.345097065,1.419777,2.620453,4.040890,402
1403638221.395097017,1.379817,2.546432,3.926839,402
1403638221.445096970,1.534599,1.281266,2.816545,402
1403638221.495096922,1.630580,1.383267,3.015407,402
1403638221.545097113,1.591849,1.774852,3.367361,402
1403638221.595097065,1.263155,2.151087,3.414982,402
1403638221.645097017,1.340547,2.568201,3.909318,402
1403638221.695096970,1.428658,1.473458,2.902846,402
1403638221.745096922,1.356577,1.329726,2.687343,402
1403638221.795097113,1.204045,1.367177,2.571822,402
1403638221.845097065,1.524759,1.712611,3.238300,402
1403638221.895097017,1.323226,1.337876,2.661762,402
1403638221.945096970,1.223585,1.851172,3.075317,402
1403638221.995096922,1.458278,2.391480,3.850418,402
1403638222.045097113,1.419747,1.313776,2.734423,402
1403638222.095097065,1.571899,1.351147,2.923976,402
1403638222.145097017,1.445727,1.376067,2.822324,402
1403638222.195096970,1.351196,2.139087,3.490903,402
1403638222.245096922,1.449348,1.728171,3.178119,402
1403638222.295097113,1.512239,1.323046,2.835875,400
1403638222.345097065,1.618380,1.330366,2.949676,400
1403638222.395097017,1.299786,1.707021,3.007457,400
1403638222.445096970,1.259956,1.331796,2.592512,397
1403638222.495096922,1.513449,1.365147,2.879356,397
1403638222.545097113,1.404017,1.397417,2.801994,397
1403638222.595097065,1.323696,2.265008,3.589304,397
1403638222.645097017,1.502179,1.311336,2.814155,397
1403638222.695096970,1.391358,1.373767,2.765775,397
1403638222.745096922,1.229015,1.386387,2.615992,397
1403638222.795097113,1.528059,2.067475,3.596154,397
1403638222.845097065,1.510189,1.416188,2.927377,397
1403638222.895097017,1.345546,1.321547,2.667663,397
1403638222.945096970,1.344716,1.276866,2.622202,397
1403638222.995096922,1.431198,1.278615,2.710433,397
1403638223.045097113,1.406357,1.316236,2.723043,397
1403638223.095097065,1.338316,1.308787,2.648083,397
1403638223.145097017,1.472948,1.311506,2.785024,397
1403638223.195096970,1.477708,1.884813,3.363071,397
1403638223.245096922,1.406917,1.277306,2.684873,397
1403638223.295097113,1.290015,1.351727,2.642302,394
1403638223.345097065,1.455139,1.324076,2.779895,394
1403638223.395097017,1.446607,1.991475,3.439192,394
1403638223.445096970,1.519579,1.351446,2.871685,394
1403638223.495096922,1.420887,1.156125,2.577612,391
1403638223.545097113,1.407958,1.096893,2.505471,391
1403638223.595097065,1.391217,1.141994,2.533851,391
1403638223.645097017,1.291706,1.150634,2.442910,389
1403638223.695096970,1.480368,1.065183,2.546151,389
1403638223.745096922,1.330896,1.124194,2.455570,389
1403638223.795097113,1.321766,1.945994,3.268410,389
1403638223.845097065,1.385227,1.047593,2.433500,389
1403638223.895097017,1.336206,1.060883,2.397679,388
1403638223.945096970,1.256256,1.091523,2.348289,388
1403638223.995096922,1.453688,1.322486,2.777164,388
1403638224.045097113,1.432177,1.107084,2.539861,387
1403638224.095097065,1.276346,0.912181,2.189067,387
1403638224.145097017,1.478018,0.899871,2.378479,386
1403638224.195096970,1.279855,0.840991,2.121456,383
1403638224.245096922,1.349596,0.875111,2.225277,383
1403638224.295097113,1.316346,0.890151,2.207087,382
1403638224.345097065,1.236706,1.141564,2.378780,382
1403638224.395097017,1.427978,1.650000,3.078578,382
1403638224.445096970,1.374137,0.857320,2.232457,382
1403638224.495096922,1.272686,0.878461,2.151717,382
1403638224.545097113,1.426817,0.889771,2.317208,382
1403638224.595097065,1.344536,0.945352,2.290658,381
1403638224.645097017,1.320707,0.932781,2.254028,379
1403638224.695096970,1.749601,0.833961,2.584222,371
1403638224.745096922,1.554569,0.787670,2.342879,386
1403638224.795097113,1.361217,0.822600,2.184337,378
1403638224.845097065,1.436677,0.706839,2.144146,377
1403638224.895097017,1.396327,0.701688,2.098635,377
1403638224.945096970,1.537369,0.708869,2.247378,377
1403638224.995096922,1.293356,0.776019,2.069905,374
1403638225.045097113,1.540419,0.659128,2.200677,374
1403638225.095097065,1.200475,0.664938,1.865963,374
1403638225.145097017,1.286866,0.708798,1.996294,374
1403638225.195096970,1.432857,0.665098,2.098595,374
1403638225.245096922,1.333606,0.962762,2.297188,373
1403638225.295097113,1.753631,2.063525,3.819036,373
1403638225.345097065,1.548279,0.836940,2.385909,373
1403638225.395097017,1.416478,0.827680,2.245048,373
1403638225.445096970,1.281655,0.834861,2.117146,373
1403638225.495096922,1.344996,0.868091,2.214627,373
1403638225.545097113,1.257016,0.838440,2.096016,373
1403638225.595097065,1.353966,0.902112,2.256708,373
1403638225.645097017,1.548069,0.773390,2.322629,372
1403638225.695096970,1.779442,0.805880,2.586062,362
1403638225.745096922,1.863683,0.928111,2.792414,370
1403638225.795097113,2.394139,0.902691,3.297600,327
1403638225.845097065,3.704576,1.190374,4.895630,250
1403638225.895097017,2.465460,0.637808,3.104238,208
1403638225.945096970,4.317784,0.545416,4.863930,160
1403638225.995096922,2.576011,0.363895,2.941406,130
1403638226.045097113,1.441228,0.255973,1.697971,123
1403638226.095097065,1.453348,0.192482,1.646470,126
1403638226.145097017,2.763184,0.176682,2.940816,149
1403638226.195096970,1.659741,0.178742,1.839033,281
1403638226.245096922,2.045855,0.131752,2.178207,259
1403638226.295097113,1.969454,0.207652,2.177746,264
1403638226.345097065,1.518898,0.210743,1.730141,327
1403638226.395097017,1.581159,0.117872,1.699671,329
1403638226.445096970,1.229575,0.100711,1.330866,345
1403638226.495096922,1.163214,0.119941,1.283815,347
1403638226.545097113,1.446158,0.101731,1.548539,347
1403638226.595097065,1.101024,0.101151,1.202705,349
1403638226.645097017,1.287186,0.144922,1.433498,348
1403638226.695096970,1.591929,0.166092,1.758741,348
1403638226.745096922,1.303156,1.421738,2.725534,350
1403638226.795097113,1.166764,0.225583,1.392957,350
1403638226.845097065,1.348817,0.121961,1.471418,350
1403638226.895097017,1.142714,0.492976,1.636150,350
1403638226.945096970,1.287226,0.115241,1.403277,350
1403638226.995096922,1.456068,0.208062,1.664780,350
1403638227.045097113,1.310946,0.102772,1.414398,350
1403638227.095097065,1.113874,0.110651,1.225225,350
1403638227.145097017,1.446018,0.104611,1.551359,350
1403638227.195096970,1.455458,0.109362,1.566030,350
1403638227.245096922,1.087154,0.108891,1.196655,350
1403638227.295097113,1.182065,0.142531,1.325326,350
1403638227.345097065,1.082183,1.205495,2.288278,350
1403638227.395097017,1.558739,0.221153,1.780822,350
1403638227.445096970,1.431457,0.166322,1.598469,350
1403638227.495096922,1.085483,0.472266,1.558419,350
1403638227.545097113,1.375467,0.108021,1.484248,350
1403638227.595097065,1.380577,0.252113,1.635070,350
1403638227.645097017,1.099804,0.103931,1.204685,350
1403638227.695096970,1.318986,0.106981,1.426617,350
1403638227.745096922,1.462368,0.162022,1.625160,350
1403638227.795097113,1.084723,0.104771,1.190544,350
1403638227.845097065,1.429438,0.105451,1.535859,350
1403638227.895097017,1.291596,0.139982,1.432158,350
1403638227.945096970,1.096574,1.346266,2.443680,350
1403638227.995096922,1.422067,0.344364,1.767131,349
1403638228.045097113,1.432947,0.159952,1.593599,349
1403638228.095097065,1.077884,0.709608,1.788132,349
1403638228.145097017,1.234236,0.145361,1.380307,349
1403638228.195096970,1.288555,0.355565,1.644950,349
1403638228.245096922,1.092783,0.132022,1.225345,349
1403638228.295097113,1.239075,0.151442,1.391157,349
1403638228.345097065,1.171624,0.139932,1.312156,349
1403638228.395097017,1.460738,0.250123,1.711691,349
1403638228.445096970,1.295886,0.151062,1.447608,349
1403638228.495096922,1.281996,0.195963,1.478759,347
1403638228.545097113,1.389627,1.247696,2.638233,346
1403638228.595097065,1.347946,0.171352,1.519848,346
1403638228.645097017,1.257076,0.149312,1.407328,346
1403638228.695096970,1.141534,0.494817,1.636871,346
1403638228.745096922,1.353007,0.145931,1.499588,345
1403638228.795097113,1.400787,0.199283,1.601110,345
1403638228.845097065,1.226375,0.131061,1.357886,345
