timestamp,tracking_ms,estimator_ms,total_ms,observations
1403715273.312143087,4.413154,0.009170,4.442174,0
1403715273.362143040,2.983027,0.022090,3.005897,312
1403715273.412142992,1.648280,0.013340,1.662230,324
1403715273.462142944,1.720371,0.230303,1.951234,324
1403715273.512142897,1.707761,0.173722,1.882153,324
1403715273.562143087,1.698361,0.059991,1.758812,324
1403715273.612143040,1.726081,0.059711,1.786352,324
1403715273.662142992,1.787391,0.066731,1.855042,324
1403715273.712142944,1.721301,0.064411,1.786162,324
1403715273.762142897,1.823223,0.072120,1.896393,324
1403715273.812143087,1.762702,0.067461,1.831483,324
1403715273.862143040,1.875952,0.065221,1.941733,324
1403715273.912142992,1.788791,0.073641,1.863802,324
1403715273.962142944,1.830692,0.067591,1.898983,324
1403715274.012142897,1.781052,1.981674,3.763196,323
1403715274.062143087,1.857813,17.302250,19.160863,323
1403715274.112143040,1.894933,4.967030,6.864833,323
1403715274.162142992,1.948544,0.124541,2.074245,323
1403715274.212142944,1.855943,0.075721,1.932334,323
1403715274.262142897,1.916673,0.073831,1.991034,323
1403715274.312143087,1.736171,0.068191,1.804882,323
1403715274.362143040,1.765871,0.070241,1.836772,323
1403715274.412142992,1.818592,0.073101,1.892393,323
1403715274.462142944,1.739801,0.068701,1.808962,323
1403715274.512142897,1.737771,0.068880,1.807291,323
1403715274.562143087,1.751331,0.076511,1.828612,323
1403715274.612143040,1.723790,0.071941,1.796211,323
1403715274.662142992,1.726811,15.561119,17.288630,323
1403715274.712142944,1.807572,7.485391,9.294223,323
1403715274.762142897,1.813002,1.799912,3.614054,323
1403715274.812143087,1.765682,1.739351,3.505743,323
1403715274.862143040,1.775362,1.731611,3.507673,323
1403715274.912142992,1.697111,1.740071,3.437702,323
1403715274.962142944,1.771221,1.734621,3.506472,323
1403715275.012142897,1.741181,1.735861,3.477632,323
1403715275.062143087,1.655770,1.726341,3.382581,323
1403715275.112143040,1.720351,1.742271,3.463272,323
1403715275.162142992,1.732211,1.737071,3.469942,323
1403715275.212142944,1.802762,1.954283,3.757545,323
1403715275.262142897,1.822393,4.566095,6.389228,323
1403715275.312143087,1.786642,7.576792,9.364434,323
1403715275.362143040,1.783331,1.783482,3.567443,323
1403715275.412142992,1.823633,1.745681,3.569924,323
1403715275.462142944,1.835992,1.773851,3.610843,323
1403715275.512142897,1.735471,1.733112,3.469013,323
1403715275.562143087,1.750821,1.750871,3.502392,323
1403715275.612143040,1.836972,1.740031,3.577653,323
1403715275.662142992,1.775811,1.728991,3.505312,323
1403715275.712142944,1.729151,1.778722,3.508733,323
1403715275.762142897,1.359997,1.975184,3.335871,323
1403715275.812143087,1.199534,1.755001,2.954915,323
1403715275.862143040,1.222275,4.714528,5.937453,323
1403715275.912142992,1.369546,6.886134,8.257270,323
1403715275.962142944,1.341646,2.117726,3.460252,323
1403715276.012142897,1.282876,1.782942,3.067628,323
1403715276.062143087,1.240365,1.725791,2.966806,323
1403715276.112143040,1.298426,1.746411,3.045677,323
1403715276.162142992,1.312516,1.735541,3.048937,323
1403715276.212142944,1.379056,1.765772,3.146028,323
1403715276.262142897,1.296036,1.753331,3.049867,323
1403715276.312143087,1.231235,1.967794,3.200169,323
1403715276.362143040,1.185295,1.752611,2.938526,323
1403715276.412142992,1.221195,1.722651,2.944306,323
1403715276.462142944,1.118174,4.336502,5.455606,323
1403715276.512142897,1.266406,6.749792,8.017168,323
1403715276.562143087,1.231804,1.824012,3.057127,323
1403715276.612143040,1.332796,1.746392,3.079868,323
1403715276.662142992,1.176125,1.735201,2.912526,323
1403715276.712142944,1.252925,1.743572,2.996947,323
1403715276.762142897,1.248905,1.728231,2.977766,323
1403715276.812143087,1.249015,1.735531,2.985206,323
1403715276.862143040,1.141684,1.944303,3.086427,323
1403715276.912142992,1.218195,1.765171,2.984296,323
1403715276.962142944,1.240185,1.742121,2.983406,323
1403715277.012142897,1.131624,1.733171,2.865445,323
1403715277.062143087,1.174504,4.283882,5.459016,323
1403715277.112143040,1.331966,6.800832,8.134448,323
1403715277.162142992,1.251835,1.789432,3.042607,323
1403715277.212142944,1.233875,1.754501,2.989136,323
1403715277.262142897,1.222465,1.801262,3.024597,323
1403715277.312143087,1.217615,1.731371,2.949556,323
1403715277.362143040,1.118904,1.739811,2.859815,323
1403715277.412142992,1.335886,1.963274,3.299730,323
1403715277.462142944,1.152994,1.746831,2.900475,323
1403715277.512142897,1.262546,1.732691,2.995967,323
1403715277.562143087,1.253955,1.749892,3.004807,322
1403715277.612143040,1.126284,1.741661,2.868415,322
1403715277.662142992,1.214455,4.335482,5.551407,322
1403715277.712142944,1.254355,6.758042,8.013217,322
1403715277.762142897,1.329286,1.791232,3.121758,322
1403715277.812143087,1.348986,1.762342,3.112308,322
1403715277.862143040,1.362886,1.753431,3.117357,322
1403715277.912142992,1.308806,1.736371,3.045697,322
1403715277.962142944,1.298616,1.983954,3.283140,322
1403715278.012142897,1.207115,1.744371,2.952236,322
1403715278.062143087,1.092004,1.727781,2.820345,324
1403715278.112143040,1.235455,1.740221,2.976196,324
1403715278.162142992,1.321436,1.750752,3.073158,324
1403715278.212142944,1.255195,1.735771,2.991446,324
1403715278.262142897,1.226155,4.450134,5.676869,323
1403715278.312143087,1.420937,6.819483,8.242880,323
1403715278.362143040,1.411517,1.796122,3.209289,323
1403715278.412142992,1.276475,1.783692,3.061417,322
1403715278.462142944,1.289335,1.765242,3.055807,318
1403715278.512142897,1.402787,1.964844,3.368221,317
1403715278.562143087,1.502678,1.750832,3.254200,314
1403715278.612143040,1.347256,2.091465,3.439361,317
1403715278.662142992,1.644530,1.719481,3.364571,313
1403715278.712142944,1.794632,1.718811,3.514173,351
1403715278.762142897,1.827572,1.785962,3.614224,349
1403715278.812143087,1.776192,2.023494,3.800416,345
1403715278.862143040,1.499008,4.258042,5.758000,361
1403715278.912142992,1.605979,7.262088,8.870287,358
1403715278.962142944,1.727481,2.998437,4.726948,352
1403715279.012142897,1.517569,1.701080,3.219659,364
1403715279.062143087,1.469098,1.871472,3.341260,358
1403715279.112143040,1.511528,1.644560,3.156558,357
1403715279.162142992,1.352957,2.046115,3.400252,356
1403715279.212142944,1.362037,2.060125,3.423212,356
1403715279.262142897,1.282546,4.272741,5.555837,356
1403715279.312143087,1.450847,2.069975,3.522122,356
1403715279.362143040,1.353556,1.879533,3.233789,354
1403715279.412142992,1.441527,3.039927,4.482004,353
1403715279.462142944,1.335836,4.224492,5.561078,353
1403715279.512142897,1.693950,6.188125,7.882965,353
1403715279.562143087,1.367347,2.709843,4.078620,353
1403715279.612143040,1.404087,1.934564,3.339591,353
1403715279.662142992,1.372946,2.048335,3.422041,353
1403715279.712142944,1.643190,1.736271,3.379991,352
1403715279.762142897,1.362457,2.070595,3.433952,380
1403715279.812143087,1.403257,1.724410,3.128377,380
1403715279.862143040,1.295756,3.849797,5.146033,378
1403715279.912142992,1.506528,2.093315,3.601753,376
1403715279.962142944,1.462128,1.724631,3.187569,376
1403715280.012142897,1.503379,3.013016,4.516835,376
1403715280.062143087,1.636220,4.261391,5.898381,374
1403715280.112143040,1.481708,6.109284,7.592372,374
1403715280.162142992,1.552139,3.149758,4.702817,374
1403715280.212142944,1.494508,1.733211,3.228819,374
1403715280.262142897,1.477648,2.071685,3.550223,374
1403715280.312143087,1.866252,3.387251,5.254053,374
1403715280.362143040,1.796562,2.307398,4.104740,373
1403715280.412142992,1.514028,1.651401,3.166449,367
1403715280.462142944,1.374397,4.672207,6.047064,366
1403715280.512142897,1.517349,2.186736,3.704985,360
1403715280.562143087,1.646570,1.931054,3.578304,354
1403715280.612143040,1.665170,3.214749,4.880569,373
1403715280.662142992,1.565139,4.173441,5.739430,369
1403715280.712142944,1.649980,7.080896,8.731856,361
1403715280.762142897,1.500899,2.963196,4.465145,355
1403715280.812143087,1.768932,1.812422,3.582304,351
1403715280.862143040,1.461668,2.168286,3.630724,366
1403715280.912142992,1.963394,3.381561,5.345645,360
1403715280.962142944,1.776291,2.236517,4.013848,390
1403715281.012142897,1.612659,2.017885,3.631304,379
1403715281.062143087,1.664890,3.498463,5.163993,379
1403715281.112143040,1.780391,1.927674,3.708965,374
1403715281.162142992,1.721350,2.901456,4.623437,367
1403715281.212142944,1.323256,2.076485,3.400641,360
1403715281.262142897,1.576099,4.244962,5.822131,358
1403715281.312143087,1.719621,4.413793,6.134184,355
1403715281.362143040,1.454188,2.660402,4.115590,393
1403715281.412142992,1.415697,3.295410,4.712307,390
1403715281.462142944,1.875163,1.661520,3.537493,389
1403715281.512142897,1.695040,4.425324,6.120834,386
1403715281.562143087,1.795832,2.087655,3.884787,384
1403715281.612143040,1.736961,1.609109,3.346740,378
1403715281.662142992,1.665430,2.982766,4.648976,374
1403715281.712142944,1.904423,1.942894,3.848137,356
1403715281.762142897,1.912093,3.477842,5.390745,358
1403715281.812143087,1.926283,1.677590,3.604433,341
1403715281.862143040,1.598990,4.660096,6.259836,352
1403715281.912142992,1.918473,5.002641,6.922134,349
1403715281.962142944,1.775311,3.188789,4.965070,378
1403715282.012142897,1.985524,2.386269,4.372623,367
1403715282.062143087,2.169196,1.449568,3.619934,361
1403715282.112143040,1.654450,4.230331,5.885441,395
1403715282.162142992,1.955873,1.913864,3.870998,390
1403715282.212142944,1.907473,1.772052,3.680395,387
1403715282.262142897,1.326177,3.931007,5.257854,381
1403715282.312143087,1.469167,2.709593,4.179650,373
1403715282.362143040,1.509068,2.053475,3.563223,368
1403715282.412142992,1.468888,3.188068,4.657796,361
1403715282.462142944,1.606609,3.368461,4.975900,356
1403715282.512142897,1.656390,5.023761,6.681151,387
1403715282.562143087,1.502408,2.632512,4.136080,376
1403715282.612143040,1.640710,2.046654,3.688304,371
1403715282.662142992,1.721121,3.611564,5.333495,370
1403715282.712142944,1.375866,4.088200,5.464676,364
1403715282.762142897,1.697421,1.787381,3.485712,360
1403715282.812143087,1.695771,1.944193,3.640644,401
1403715282.862143040,1.412307,2.997526,4.410333,397
1403715282.912142992,1.487297,2.499141,3.987119,394
1403715282.962142944,1.403037,1.737851,3.141738,393
1403715283.012142897,1.452528,2.492740,3.945838,388
1403715283.062143087,1.330466,4.788419,6.119865,386
1403715283.112143040,1.805012,4.719707,6.526029,381
1403715283.162142992,1.727271,2.104495,3.832616,378
1403715283.212142944,1.755532,1.699420,3.455622,375
1403715283.262142897,1.855742,3.695115,5.551497,372
1403715283.312143087,1.796042,3.407741,5.204553,370
1403715283.362143040,2.062155,3.740025,5.803270,365
1403715283.412142992,2.014724,1.750801,3.766205,353
1403715283.462142944,1.812882,3.518112,5.331674,375
1403715283.512142897,1.894163,2.112256,4.007849,364
1403715283.562143087,1.954003,1.243476,3.198069,358
1403715283.612143040,1.807622,3.490732,5.299114,397
1403715283.662142992,1.755471,4.134851,5.891002,395
1403715283.712142944,1.665491,4.208501,5.874672,392
1403715283.762142897,1.769092,2.107215,3.877357,392
1403715283.812143087,1.650900,1.813272,3.464852,392
1403715283.862143040,1.716061,2.962926,4.679637,392
1403715283.912142992,1.689530,3.366391,5.056781,392
1403715283.962142944,1.717561,3.386292,5.104633,391
1403715284.012142897,1.800772,3.011496,4.812848,391
1403715284.062143087,1.686651,2.869764,4.557175,387
1403715284.112143040,1.707051,1.590039,3.297990,383
1403715284.162142992,1.784891,3.982829,5.768190,383
1403715284.212142944,1.388307,2.214977,3.604284,381
1403715284.262142897,1.666821,3.951478,5.619159,380
1403715284.312143087,1.746751,4.063399,5.810940,377
1403715284.362143040,1.848233,2.267357,4.116150,377
1403715284.412142992,1.702241,1.993244,3.696155,377
1403715284.462142944,1.388237,2.884385,4.273452,374
1403715284.512142897,1.447088,3.765165,5.212823,373
1403715284.562143087,1.422327,3.456172,4.879149,372
1403715284.612143040,1.630289,2.927246,4.558815,372
1403715284.662142992,1.633089,2.864175,4.498424,372
1403715284.712142944,1.751721,1.724531,3.477022,372
1403715284.762142897,1.609920,3.517932,5.128632,370
1403715284.812143087,1.836993,2.040934,3.879437,370
1403715284.862143040,1.764422,4.149310,5.914772,370
1403715284.912142992,1.425468,4.122970,5.549588,370
1403715284.962142944,1.354727,1.704460,3.060397,369
1403715285.012142897,1.499468,1.777962,3.278070,367
1403715285.062143087,1.634880,2.885275,4.520745,359
1403715285.112143040,1.614149,3.571254,5.186033,394
1403715285.162142992,1.356346,2.882635,4.239921,385
1403715285.212142944,1.492158,2.878115,4.370993,381
1403715285.262142897,1.605569,3.188249,4.794568,380
1403715285.312143087,1.712210,2.006615,3.719575,374
1403715285.362143040,1.652190,3.329411,4.982351,372
1403715285.412142992,1.664600,1.786501,3.451631,369
1403715285.462142944,1.354376,3.788956,5.144092,366
1403715285.512142897,2.249747,3.864717,6.115274,364
1403715285.562143087,1.922714,2.070065,3.993779,397
1403715285.612143040,1.737401,1.680021,3.418232,395
1403715285.662142992,1.729711,4.362133,6.092574,394
1403715285.712142944,1.808112,2.580431,4.389303,390
1403715285.762142897,1.675871,3.567103,5.243674,383
1403715285.812143087,1.850312,3.919018,5.771740,382
1403715285.862143040,1.840022,2.413849,4.254421,378
1403715285.912142992,1.928553,2.028305,3.957478,375
1403715285.962142944,1.978144,3.678314,5.657088,371
1403715286.012142897,1.838922,1.870133,3.709815,369
1403715286.062143087,1.657080,3.916018,5.574018,365
1403715286.112143040,1.715651,5.558358,7.274839,402
1403715286.162142992,1.752961,2.047695,3.801356,400
1403715286.212142944,1.898443,1.669911,3.568974,399
1403715286.262142897,1.889782,4.138641,6.029093,395
1403715286.312143087,1.512629,2.645302,4.158911,390
1403715286.362143040,1.520378,3.388632,4.909690,384
1403715286.412142992,1.502468,3.106688,4.609926,382
1403715286.462142944,1.617509,2.010355,3.628404,376
1403715286.512142897,1.484468,2.021275,3.506343,367
1403715286.562143087,1.503728,3.212549,4.717237,353
1403715286.612143040,1.579009,1.370907,2.951086,343
1403715286.662142992,1.405777,5.168753,6.575190,376
1403715286.712142944,1.523239,5.458616,6.983255,357
1403715286.762142897,1.811252,1.155554,2.967867,340
1403715286.812143087,1.393016,1.036703,2.431259,377
1403715286.862143040,1.522858,5.746690,7.270738,372
1403715286.912142992,1.439027,3.148519,4.588406,364
1403715286.962142944,1.692721,3.399131,5.093212,354
1403715287.012142897,1.640760,3.690785,5.332575,382
1403715287.062143087,1.642880,1.927473,3.571513,376
1403715287.112143040,1.598319,1.206555,2.807334,368
1403715287.162142992,1.511429,4.232951,5.744880,362
1403715287.212142944,1.497918,3.908088,5.406696,349
1403715287.262142897,1.627990,3.856387,5.485817,336
1403715287.312143087,1.504338,4.105570,5.610798,354
1403715287.362143040,1.658141,3.377681,5.036792,347
1403715287.412142992,1.590550,1.432457,3.024217,360
1403715287.462142944,1.437408,2.440869,3.878887,355
1403715287.512142897,1.391587,1.592579,2.984666,347
1403715287.562143087,1.271876,3.155388,4.428074,342
1403715287.612143040,1.461368,3.654934,5.117772,349
1403715287.662142992,1.424637,1.537619,2.962916,337
1403715287.712142944,1.664000,1.409627,3.074357,335
1403715287.762142897,1.781701,1.882003,3.664294,348
1403715287.812143087,1.946564,5.013261,6.960555,334
1403715287.862143040,1.520399,4.312482,5.833931,342
1403715287.912142992,1.630240,3.839576,5.470876,336
1403715287.962142944,1.474868,3.206129,4.681937,371
1403715288.012142897,1.336676,1.743721,3.081547,363
1403715288.062143087,1.356436,2.197757,3.555163,351
1403715288.112143040,2.146446,2.222557,4.370103,340
1403715288.162142992,2.068745,5.409426,7.480301,375
1403715288.212142944,1.962533,3.634785,5.598398,374
1403715288.262142897,1.910203,1.705381,3.616374,373
1403715288.312143087,1.975124,3.923138,5.900962,365
1403715288.362143040,1.891983,1.824423,3.717466,365
1403715288.412142992,1.582530,3.175768,4.758808,365
1403715288.462142944,1.439598,4.401203,5.842181,365
1403715288.512142897,1.385067,4.920860,6.307337,364
1403715288.562143087,1.355957,2.405609,3.762776,364
1403715288.612143040,1.420648,1.811282,3.233130,364
1403715288.662142992,1.399608,2.527770,3.928468,363
1403715288.712142944,1.597199,2.881665,4.479754,362
1403715288.762142897,1.580669,3.207229,4.789678,362
1403715288.812143087,1.598500,2.583661,4.183111,360
1403715288.862143040,1.445648,1.649260,3.096148,360
1403715288.912142992,1.339616,3.086518,4.427084,360
1403715288.962142944,1.578519,1.818993,3.398462,358
1403715289.012142897,1.242685,3.367781,4.611476,358
1403715289.062143087,1.474668,4.111060,5.586518,357
1403715289.112143040,1.386206,4.578906,5.966382,357
1403715289.162142992,1.410227,2.012734,3.423981,354
1403715289.212142944,1.515168,1.714511,3.232249,354
1403715289.262142897,1.633320,2.059525,3.693615,354
1403715289.312143087,1.371587,2.771324,4.143531,353
1403715289.362143040,1.508649,3.089047,4.600156,352
1403715289.412142992,1.992304,2.821124,4.814618,347
1403715289.462142944,1.842122,1.738321,3.581363,382
1403715289.512142897,1.776771,3.288520,5.065931,378
1403715289.562143087,1.843572,1.701601,3.545873,375
1403715289.612143040,2.181666,3.470902,5.653258,350
1403715289.662142992,2.040615,5.337535,7.378900,384
1403715289.712142944,1.670120,4.513315,6.184515,373
1403715289.762142897,1.547489,1.563248,3.111957,369
1403715289.812143087,1.364586,1.565799,2.931175,369
1403715289.862143040,1.179844,1.530259,2.710613,368
1403715289.912142992,1.383577,3.670895,5.055052,368
1403715289.962142944,1.421767,2.965756,4.388453,368
1403715290.012142897,1.608859,3.809727,5.419756,368
1403715290.062143087,1.448518,1.593519,3.043257,368
1403715290.112143040,1.481288,1.652170,3.134728,368
1403715290.162142992,1.399447,1.685121,3.085998,367
1403715290.212142944,1.352547,3.836906,5.190363,364
1403715290.262142897,1.652550,3.633094,5.287144,362
1403715290.312143087,1.579020,3.724105,5.304155,359
1403715290.362143040,1.315516,1.707331,3.023637,356
1403715290.412142992,1.664660,1.607049,3.272589,352
1403715290.462142944,1.297536,1.641090,2.939526,386
1403715290.512142897,1.838713,2.978296,4.817809,386
1403715290.562143087,1.637500,2.995277,4.634277,381
1403715290.612143040,1.880463,3.968228,5.849431,377
1403715290.662142992,1.611050,1.811611,3.423431,374
1403715290.712142944,1.459738,1.615260,3.075658,369
1403715290.762142897,1.492408,1.798612,3.291780,363
1403715290.812143087,1.292855,4.820919,6.115044,359
1403715290.862143040,1.835973,4.465754,6.302577,354
1403715290.912142992,1.484548,3.494072,4.979650,386
1403715290.962142944,1.436307,1.892443,3.329470,378
1403715291.012142897,1.342297,3.134818,4.477725,368
1403715291.062143087,1.396067,1.713680,3.110497,359
1403715291.112143040,1.597880,3.812866,5.411466,354
1403715291.162142992,1.527569,3.091707,4.620046,379
1403715291.212142944,1.509528,3.350291,4.860589,373
1403715291.262142897,1.384517,1.645080,3.031057,368
1403715291.312143087,1.538109,1.636280,3.175289,364
1403715291.362143040,1.386417,1.739471,3.126918,362
1403715291.412142992,1.245495,4.289852,5.535947,358
1403715291.462142944,1.755661,5.532807,7.289858,351
1403715291.512142897,1.569569,3.703615,5.274744,385
1403715291.562143087,1.574729,1.554129,3.129998,384
1403715291.612143040,1.521099,1.987964,3.509813,382
1403715291.662142992,1.577809,1.598709,3.177628,372
1403715291.712142944,1.506508,3.251700,4.758688,365
1403715291.762142897,1.751041,3.608904,5.360695,359
1403715291.812143087,1.654330,3.968179,5.623389,384
1403715291.862143040,1.555059,2.153356,3.709475,368
1403715291.912142992,1.292756,1.715901,3.009407,367
1403715291.962142944,1.410467,1.795172,3.206339,365
1403715292.012142897,1.548619,3.588704,5.137823,359
1403715292.062143087,1.342006,5.670669,7.013385,397
1403715292.112143040,1.374057,3.190128,4.565765,391
1403715292.162142992,1.487788,1.981074,3.469462,388
1403715292.212142944,1.332086,1.934233,3.266989,383
1403715292.262142897,1.552039,2.172336,3.725045,373
1403715292.312143087,1.955594,3.585463,5.541587,355
1403715292.362143040,1.613090,3.615654,5.229904,392
1403715292.412142992,1.509829,3.498002,5.008781,372
1403715292.462142944,1.633020,2.171916,3.805526,339
1403715292.512142897,2.050495,1.955714,4.007229,336
1403715292.562143087,1.603110,1.701861,3.305861,376
1403715292.612143040,1.508838,3.986409,5.496417,360
1403715292.662142992,1.875613,5.388605,7.265028,340
1403715292.712142944,1.615069,3.130198,4.747317,377
1403715292.762142897,1.625820,1.778862,3.406252,367
1403715292.812143087,1.680311,1.639059,3.320070,352
1403715292.862143040,1.633070,2.163636,3.797436,371
1403715292.912142992,1.343196,3.508213,4.851959,364
1403715292.962142944,1.580739,2.793204,4.375113,358
1403715293.012142897,1.543488,1.650090,3.194828,384
1403715293.062143087,1.488028,1.720491,3.208999,378
1403715293.112143040,1.434088,4.010058,5.445556,363
1403715293.162142992,1.648740,1.642830,3.293560,358
1403715293.212142944,1.341316,3.845166,5.187052,385
1403715293.262142897,1.402697,6.759412,8.162849,374
1403715293.312143087,1.734961,3.316870,5.053791,361
1403715293.362143040,1.598379,1.679970,3.279319,388
1403715293.412142992,1.620970,3.988988,5.610598,373
1403715293.462142944,1.324816,2.288198,3.614264,360
1403715293.512142897,1.785371,3.130499,4.916570,342
1403715293.562143087,1.634630,3.394072,5.029542,382
1403715293.612143040,1.384897,1.793681,3.179508,375
1403715293.662142992,1.395217,1.647840,3.043657,368
1403715293.712142944,1.400457,3.049967,4.451284,364
1403715293.762142897,1.493999,4.337382,5.832081,356
1403715293.812143087,1.467958,3.173778,4.642526,398
1403715293.862143040,1.632579,4.954340,6.587839,387
1403715293.912142992,1.489178,4.461934,5.952262,380
1403715293.962142944,1.376316,1.637210,3.014516,372
1403715294.012142897,1.316496,3.728865,5.045921,369
1403715294.062143087,1.580239,1.586809,3.167708,365
1403715294.112143040,1.499469,4.475334,5.975203,362
1403715294.162142992,1.665640,2.790354,4.456934,353
1403715294.212142944,1.547868,1.883203,3.433811,386
1403715294.262142897,1.562319,1.612319,3.175748,378
1403715294.312143087,1.365077,1.485258,2.851035,373
1403715294.362143040,1.542119,5.119142,6.661831,359
1403715294.412142992,1.621330,2.370719,3.993079,354
1403715294.462142944,1.386267,4.296632,5.683849,368
1403715294.512142897,1.451828,3.749055,5.201833,362
1403715294.562143087,1.380187,1.577079,2.957996,359
1403715294.612143040,1.683641,3.619344,5.303565,349
1403715294.662142992,1.730061,1.970374,3.701375,373
1403715294.712142944,1.563179,3.991298,5.555007,352
1403715294.762142897,1.474708,3.889017,5.364965,361
1403715294.812143087,1.732711,1.572829,3.306270,353
1403715294.862143040,1.363187,1.530218,2.893855,385
1403715294.912142992,1.561379,1.911353,3.473242,376
1403715294.962142944,1.505378,3.868617,5.374665,372
1403715295.012142897,1.537669,3.056207,4.594616,359
1403715295.062143087,1.634350,3.980969,5.617119,353
1403715295.112143040,1.744702,3.464562,5.210724,344
1403715295.162142992,1.648510,1.762572,3.411972,365
1403715295.212142944,1.447018,4.195471,5.643199,358
1403715295.262142897,1.712221,2.142936,3.855987,347
1403715295.312143087,1.509378,3.695035,5.204993,382
1403715295.362143040,1.400377,3.108838,4.510305,372
1403715295.412142992,1.555679,3.019506,4.575875,366
1403715295.462142944,1.402107,1.659740,3.062447,360
1403715295.512142897,1.524368,1.817162,3.342250,345
1403715295.562143087,2.015095,3.894247,5.910182,366
1403715295.612143040,2.024225,2.721563,4.747728,364
1403715295.662142992,1.995284,3.616994,5.613418,359
1403715295.712142944,1.938484,4.563625,6.502899,358
1403715295.762142897,1.698800,1.692391,3.392781,354
1403715295.812143087,1.666830,3.703875,5.371655,352
1403715295.862143040,1.481218,3.312310,4.794958,382
1403715295.912142992,1.464557,3.184189,4.649786,371
1403715295.962142944,1.396907,2.768243,4.166000,367
1403715296.012142897,1.842162,3.280340,5.123432,367
1403715296.062143087,1.653191,1.742591,3.396412,364
1403715296.112143040,2.001704,2.922356,4.924830,354
1403715296.162142992,1.440418,1.657850,3.099148,388
1403715296.212142944,1.585019,2.989476,4.575015,373
1403715296.262142897,1.482488,4.367053,5.850421,355
1403715296.312143087,1.929853,3.661875,5.592658,338
1403715296.362143040,1.639720,1.898263,3.538633,382
1403715296.412142992,1.428787,4.735587,6.165054,377
1403715296.462142944,1.392917,2.967886,4.361843,372
1403715296.512142897,1.488138,2.731593,4.220311,369
1403715296.562143087,1.381817,2.674492,4.056969,367
1403715296.612143040,1.601070,2.790373,4.392103,366
1403715296.662142992,1.480898,1.484098,2.965556,366
1403715296.712142944,1.486338,4.817879,6.305057,366
1403715296.762142897,1.814612,1.650610,3.469342,366
1403715296.812143087,1.549079,2.443790,3.993879,364
1403715296.862143040,1.525648,2.516991,4.043539,363
1403715296.912142992,1.642690,5.067982,6.712422,362
1403715296.962142944,1.471878,1.556919,3.029777,359
1403715297.012142897,2.129795,4.415004,6.545599,351
1403715297.062143087,1.729491,2.946076,4.678787,392
1403715297.112143040,1.734422,2.988016,4.725648,392
1403715297.162142992,2.077455,2.066135,4.146661,387
1403715297.212142944,2.163326,3.075347,5.242173,374
1403715297.262142897,1.896823,1.416227,3.315450,370
1403715297.312143087,1.707371,5.820100,7.530061,367
1403715297.362143040,2.010225,1.784361,3.797516,356
1403715297.412142992,1.851633,2.640782,4.493465,403
1403715297.462142944,2.092866,2.592051,4.687087,395
1403715297.512142897,2.097596,5.490596,7.590452,390
1403715297.562143087,1.967104,1.326206,3.294840,378
1403715297.612143040,1.575069,4.983570,6.560049,368
1403715297.662142992,1.435308,2.405639,3.841987,367
1403715297.712142944,1.291685,2.546811,3.839217,367
1403715297.762142897,1.392457,1.266285,2.659432,361
1403715297.812143087,1.454578,2.703283,4.158631,358
1403715297.862143040,1.607450,1.190084,2.798094,355
1403715297.912142992,1.508838,4.660407,6.169995,395
1403715297.962142944,1.762461,3.604114,5.367955,386
1403715298.012142897,1.459157,1.945494,3.405591,377
1403715298.062143087,1.587759,1.872973,3.461592,375
1403715298.112143040,1.546569,4.224801,5.772240,367
1403715298.162142992,1.577989,1.034772,2.613501,366
1403715298.212142944,1.553949,4.689407,6.244056,363
1403715298.262142897,1.513528,3.108208,4.622736,353
1403715298.312143087,1.756692,2.783783,4.541225,345
1403715298.362143040,1.629110,1.237935,2.867835,389
1403715298.412142992,1.552459,2.468190,4.021419,389
1403715298.462142944,1.598639,3.812566,5.411775,387
1403715298.512142897,1.893603,3.561773,5.456506,386
1403715298.562143087,1.514809,3.382321,4.898030,379
1403715298.612143040,1.501168,2.047505,3.549513,378
1403715298.662142992,1.258785,1.688741,2.948416,378
1403715298.712142944,1.447298,4.149040,5.597098,376
1403715298.762142897,1.540409,1.646590,3.187639,376
1403715298.812143087,1.371767,3.642234,5.014591,376
1403715298.862143040,1.434207,2.118846,3.554093,374
1403715298.912142992,1.494768,3.389951,4.885379,372
1403715298.962142944,1.877843,1.469908,3.348531,352
1403715299.012142897,1.455658,2.955156,4.411544,390
1403715299.062143087,1.590800,3.583393,5.174763,389
1403715299.112143040,1.392177,2.764294,4.157171,383
1403715299.162142992,1.868753,3.358441,5.228884,375
1403715299.212142944,1.834683,1.547088,3.382561,369
1403715299.262142897,2.150796,1.276386,3.428042,365
1403715299.312143087,2.215047,3.785426,6.001203,396
1403715299.362143040,1.752232,1.376356,3.129528,382
1403715299.412142992,1.562319,4.613496,6.176535,371
1403715299.462142944,2.039285,1.942393,3.982418,356
1403715299.512142897,1.504828,3.503283,5.008691,389
1403715299.562143087,1.490158,2.324638,3.815526,384
1403715299.612143040,1.587349,1.632039,3.220499,372
1403715299.662142992,1.797632,4.179891,5.978263,351
1403715299.712142944,1.476838,2.793433,4.271051,383
1403715299.762142897,1.535719,3.883177,5.419576,377
1403715299.812143087,1.549309,1.456178,3.006047,374
1403715299.862143040,1.456848,3.288610,4.746078,372
1403715299.912142992,1.460237,4.234722,5.695969,369
1403715299.962142944,1.625790,1.340996,2.967346,359
1403715300.012142897,1.656020,3.859547,5.516277,353
1403715300.062143087,1.604019,2.749614,4.354373,383
1403715300.112143040,1.572319,2.348669,3.921658,375
1403715300.162142992,1.327316,1.943204,3.271200,361
1403715300.212142944,1.776521,1.331007,3.108228,356
1403715300.262142897,1.339756,5.073122,6.413418,390
1403715300.312143087,1.565029,2.971986,4.538015,382
1403715300.362143040,1.658361,3.532262,5.191393,381
1403715300.412142992,1.513358,1.825662,3.339630,375
1403715300.462142944,1.474168,3.683334,5.158312,371
1403715300.512142897,1.589799,3.830987,5.421576,366
1403715300.562143087,1.370037,1.708751,3.079378,365
1403715300.612143040,1.350097,4.191330,5.542137,365
1403715300.662142992,1.458797,2.900406,4.360263,362
1403715300.712142944,1.364697,2.483140,3.848437,361
1403715300.762142897,1.484658,2.503031,3.988429,360
1403715300.812143087,1.392237,3.316351,4.709318,358
1403715300.862143040,1.643340,3.434772,5.078812,354
1403715300.912142992,1.496228,3.326591,4.824339,392
1403715300.962142944,1.475658,3.726665,5.203183,387
1403715301.012142897,1.456008,2.192896,3.649614,383
1403715301.062143087,1.468998,3.272019,4.741727,379
1403715301.112143040,1.493908,3.262660,4.757358,375
1403715301.162142992,1.512029,1.754011,3.267050,367
1403715301.212142944,1.662940,3.912508,5.575978,363
1403715301.262142897,1.612350,3.220449,4.834139,404
1403715301.312143087,1.329276,2.633092,3.963288,403
1403715301.362143040,1.487138,2.378539,3.866317,403
1403715301.412142992,1.419497,2.856925,4.277662,403
1403715301.462142944,1.452328,4.797558,6.250606,403
1403715301.512142897,1.568559,2.667252,4.237031,402
1403715301.562143087,1.437888,3.519683,4.958511,388
1403715301.612143040,1.409947,2.685593,4.096260,366
1403715301.662142992,1.478008,3.054297,4.533035,359
1403715301.712142944,1.496128,3.439212,4.936180,358
1403715301.762142897,1.794901,1.901163,3.696644,354
1403715301.812143087,1.493578,4.954311,6.448529,393
1403715301.862143040,1.521129,2.940826,4.463025,393
1403715301.912142992,1.483748,2.603682,4.088110,393
1403715301.962142944,1.407357,2.352589,3.760626,392
1403715302.012142897,1.453308,2.775613,4.229731,392
1403715302.062143087,1.535679,4.004288,5.540567,392
1403715302.112143040,1.430517,2.648662,4.080099,388
1403715302.162142992,1.482638,3.489472,4.972880,383
1403715302.212142944,1.485898,2.033225,3.519673,381
1403715302.262142897,1.530948,2.967947,4.499525,380
1403715302.312143087,1.371556,3.161409,4.533695,380
1403715302.362143040,1.539219,3.662054,5.201833,380
1403715302.412142992,1.504089,4.483764,5.988643,380
1403715302.462142944,1.400537,2.898675,4.300402,380
1403715302.512142897,1.501019,2.628182,4.129761,380
1403715302.562143087,1.394537,2.352349,3.748616,379
1403715302.612143040,1.368356,2.723893,4.092999,379
1403715302.662142992,1.474138,3.833276,5.308014,379
1403715302.712142944,1.505938,2.664433,4.171151,378
1403715302.762142897,1.447357,3.486103,4.934250,376
1403715302.812143087,1.417107,2.120936,3.538643,375
1403715302.862143040,1.576499,2.996996,4.574115,369
1403715302.912142992,1.492608,3.155468,4.648756,368
1403715302.962142944,1.430387,3.541183,4.972130,365
1403715303.012142897,1.545089,4.409923,5.955832,364
1403715303.062143087,1.374077,2.942076,4.317003,361
1403715303.112143040,1.705901,2.529191,4.235802,356
1403715303.162142992,1.389026,2.711763,4.101619,354
1403715303.212142944,1.243195,2.715823,3.959678,354
1403715303.262142897,1.556869,3.524123,5.081552,349
1403715303.312143087,1.463278,2.777343,4.241281,382
1403715303.362143040,1.652580,3.488002,5.142002,379
1403715303.412142992,2.014894,1.757161,3.772865,373
1403715303.462142944,1.931773,3.104428,5.036941,370
1403715303.512142897,1.778921,3.544293,5.323964,359
1403715303.562143087,1.908363,3.699915,5.608968,347
1403715303.612143040,1.646210,3.483242,5.130132,370
1403715303.662142992,1.850962,3.402641,5.255173,344
1403715303.712142944,1.595719,1.417057,3.013356,365
1403715303.762142897,1.485258,1.766251,3.252259,362
1403715303.812143087,1.796082,2.080605,3.877367,344
1403715303.862143040,1.620060,8.282990,9.903660,376
1403715303.912142992,2.072375,2.096676,4.171891,359
1403715303.962142944,1.920044,4.074969,5.996613,352
1403715304.012142897,1.969154,1.630640,3.600434,378
1403715304.062143087,1.772472,3.092867,4.866519,370
1403715304.112143040,1.691871,1.790522,3.483283,362
1403715304.162142992,1.916283,4.995310,6.912123,358
1403715304.212142944,2.093565,3.462632,5.558297,356
1403715304.262142897,2.055224,3.391312,5.447536,354
1403715304.312143087,1.989824,2.085065,4.075509,392
1403715304.362143040,1.822032,1.499929,3.322591,391
1403715304.412142992,1.904013,3.573363,5.478216,390
1403715304.462142944,1.878453,4.133620,6.012663,390
1403715304.512142897,1.969384,1.410837,3.380991,390
1403715304.562143087,2.054285,4.419093,6.474188,387
1403715304.612143040,2.108026,2.047695,4.156371,377
1403715304.662142992,1.784722,1.827032,3.613784,376
1403715304.712142944,1.622869,2.109836,3.733385,371
1403715304.762142897,1.524329,4.185401,5.710300,363
1403715304.812143087,1.616369,3.286340,4.903489,363
1403715304.862143040,1.411847,4.617746,6.030443,362
1403715304.912142992,1.502998,1.484828,2.988456,361
1403715304.962142944,1.341066,1.750311,3.092027,361
1403715305.012142897,1.242235,3.689495,4.932460,361
1403715305.062143087,1.264175,3.855327,5.120052,361
1403715305.112143040,1.426967,2.146906,3.574733,361
1403715305.162142992,1.259666,3.293559,4.553925,361
1403715305.212142944,1.355347,1.655330,3.011217,361
1403715305.262142897,1.287486,1.991564,3.279620,361
1403715305.312143087,1.312586,1.689101,3.002317,361
1403715305.362143040,1.204575,3.354360,4.559405,361
1403715305.412142992,1.714241,3.567443,5.282514,360
1403715305.462142944,1.539208,4.040769,5.580837,399
1403715305.512142897,1.641790,1.720391,3.362861,399
1403715305.562143087,1.602299,1.965484,3.568863,398
1403715305.612143040,1.437608,3.616144,5.054412,397
1403715305.662142992,1.437047,3.104518,4.542085,394
1403715305.712142944,1.588809,1.781492,3.371671,392
1403715305.762142897,1.503608,3.287370,4.791688,391
1403715305.812143087,1.523559,1.715671,3.239990,390
1403715305.862143040,1.571059,1.721391,3.293130,384
1403715305.912142992,1.514878,1.674450,3.189698,384
1403715305.962142944,1.561419,3.743545,5.305514,384
1403715306.012142897,1.606910,4.820248,6.428388,382
1403715306.062143087,1.479388,4.270512,5.750890,380
1403715306.112143040,1.432468,1.592419,3.025797,379
1403715306.162142992,1.485968,1.921733,3.408611,378
1403715306.212142944,1.434737,3.833587,5.269144,378
1403715306.262142897,1.531059,3.373871,4.905600,377
1403715306.312143087,1.571629,2.004184,3.576823,377
1403715306.362143040,1.329806,3.259710,4.590486,375
1403715306.412142992,1.542229,1.852013,3.395012,373
1403715306.462142944,1.507569,1.431897,2.940046,373
1403715306.512142897,1.459738,1.399656,2.859964,373
1403715306.562143087,1.237375,3.916288,5.154363,373
1403715306.612143040,1.650840,4.502244,6.153895,370
1403715306.662142992,1.623739,3.977409,5.604388,364
1403715306.712142944,1.953654,1.855803,3.810307,358
1403715306.762142897,1.527499,1.910633,3.438702,391
1403715306.812143087,1.531729,3.292500,4.824969,387
1403715306.862143040,1.480788,3.411901,4.893399,375
1403715306.912142992,1.890573,2.248918,4.140601,353
1403715306.962142944,1.440067,3.284480,4.725447,392
1403715307.012142897,1.507489,2.239847,3.748366,355
1403715307.062143087,1.955004,2.279257,4.235041,322
1403715307.112143040,1.432488,1.240405,2.673703,375
1403715307.162142992,1.280196,4.142680,5.423336,370
1403715307.212142944,1.393447,3.852207,5.246584,361
1403715307.262142897,1.401647,3.038877,4.441414,352
1403715307.312143087,1.665830,2.615851,4.282471,346
1403715307.362143040,1.428928,2.242697,3.672475,384
1403715307.412142992,1.537859,2.537870,4.076539,372
1403715307.462142944,1.513278,3.620314,5.134192,358
1403715307.512142897,1.881903,2.714223,4.597026,345
1403715307.562143087,1.838252,2.919666,4.759508,375
1403715307.612143040,1.496948,2.376339,3.873847,364
1403715307.662142992,1.400097,4.452484,5.853191,354
1403715307.712142944,1.817102,1.811622,3.629924,333
1403715307.762142897,1.639730,1.755451,3.395891,376
1403715307.812143087,1.466598,4.699067,6.166235,362
1403715307.862143040,1.707560,2.976486,4.684836,344
1403715307.912142992,1.527349,3.358200,4.886139,379
1403715307.962142944,1.463858,1.949314,3.413972,372
1403715308.012142897,1.405287,2.639492,4.045539,369
1403715308.062143087,1.327636,2.785034,4.113300,361
1403715308.112143040,1.336206,2.722283,4.059359,361
1403715308.162142992,1.282176,2.085295,3.368501,356
1403715308.212142944,1.357006,1.816792,3.174628,347
1403715308.262142897,1.583879,5.382616,6.967145,345
1403715308.312143087,1.409527,4.161780,5.572487,375
1403715308.362143040,1.651940,1.414237,3.066897,361
1403715308.412142992,1.784581,3.477313,5.262754,347
1403715308.462142944,1.509578,3.804756,5.315014,383
1403715308.512142897,1.448118,3.975368,5.424026,378
1403715308.562143087,1.522159,1.629229,3.152268,375
1403715308.612143040,1.405307,1.978234,3.384241,374
1403715308.662142992,1.364777,2.659502,4.024929,374
1403715308.712142944,1.607780,2.590401,4.200121,373
1403715308.762142897,1.485288,2.309198,3.795886,373
1403715308.812143087,1.315206,2.015085,3.330821,373
1403715308.862143040,1.535388,3.870547,5.406515,373
1403715308.912142992,1.392597,3.949047,5.342664,372
1403715308.962142944,1.308626,1.583409,2.892635,372
1403715309.012142897,1.488698,3.889107,5.378435,372
1403715309.062143087,1.350916,3.414892,4.766758,371
1403715309.112143040,1.467788,2.755793,4.224141,370
1403715309.162142992,1.535409,2.105295,3.641504,367
1403715309.212142944,1.577359,2.076465,3.654124,365
1403715309.262142897,1.430997,1.627340,3.058867,357
1403715309.312143087,1.357196,2.584952,3.942798,354
1403715309.362143040,1.384907,2.313008,3.698515,351
1403715309.412142992,1.311656,2.073345,3.386001,351
1403715309.462142944,1.278625,3.976688,5.256033,351
1403715309.512142897,1.444227,3.749696,5.194833,351
1403715309.562143087,1.435648,1.377986,2.814194,349
1403715309.612143040,1.202595,3.861867,5.064922,348
1403715309.662142992,1.737631,3.779696,5.518107,346
1403715309.712142944,1.403137,3.220120,4.623927,384
1403715309.762142897,1.245005,1.843383,3.089338,383
1403715309.812143087,1.307726,2.166646,3.475342,382
1403715309.862143040,1.433177,2.546701,3.980498,382
1403715309.912142992,1.630230,2.607252,4.238402,382
1403715309.962142944,1.360407,1.881053,3.243310,381
1403715310.012142897,1.387567,2.088565,3.476612,379
1403715310.062143087,1.569949,4.064100,5.634899,374
1403715310.112143040,1.430797,3.860857,5.292514,367
1403715310.162142992,1.539359,1.768251,3.308820,352
1403715310.212142944,1.638219,3.904308,5.543617,339
1403715310.262142897,1.459947,4.596306,6.057194,355
1403715310.312143087,1.614480,3.328230,4.943460,349
1403715310.362143040,1.299176,1.131194,2.431080,344
1403715310.412142992,1.685611,1.297815,2.984086,330
1403715310.462142944,1.330186,2.939886,4.270642,357
1403715310.512142897,1.427337,2.725994,4.154011,342
1403715310.562143087,1.715181,2.160996,3.877527,326
1403715310.612143040,1.496888,1.287026,2.784434,353
1403715310.662142992,1.434408,5.283044,6.718232,341
1403715310.712142944,1.273825,3.313360,4.588205,333
1403715310.762142897,1.268375,1.514458,2.783573,330
1403715310.812143087,1.446098,4.818508,6.265326,328
1403715310.862143040,1.518969,4.110450,5.630909,362
1403715310.912142992,1.432867,2.728523,4.162120,362
1403715310.962142944,1.406807,1.610269,3.018046,361
1403715311.012142897,1.380397,3.282060,4.663137,358
1403715311.062143087,1.241075,1.548599,2.790344,353
1403715311.112143040,1.350066,1.355667,2.706533,351
1403715311.162142992,1.434497,3.694205,5.129902,351
1403715311.212142944,1.479088,1.751912,3.231730,346
1403715311.262142897,1.192144,4.097440,5.290234,341
1403715311.312143087,1.532448,2.720123,4.253901,336
1403715311.362143040,1.699350,1.726431,3.426321,329
1403715311.412142992,1.413697,5.359835,6.774172,365
1403715311.462142944,1.410347,3.838077,5.249794,362
1403715311.512142897,1.487658,2.441619,3.929957,357
1403715311.562143087,1.308326,1.597349,2.906635,356
1403715311.612143040,1.323746,3.116298,4.440704,353
1403715311.662142992,1.490579,1.610119,3.101398,349
1403715311.712142944,1.224075,1.534319,2.758984,343
1403715311.762142897,1.361057,3.531223,4.892960,341
1403715311.812143087,1.488498,2.025785,3.515023,335
1403715311.862143040,1.518459,3.261759,4.781288,333
1403715311.912142992,1.555529,2.893525,4.450024,330
1403715311.962142944,1.524218,3.682025,5.206983,326
1403715312.012142897,1.509039,4.311232,5.821921,359
1403715312.062143087,1.467268,4.406503,5.874881,350
1403715312.112143040,1.386097,2.327828,3.714535,347
1403715312.162142992,1.646210,1.379306,3.026416,338
1403715312.212142944,1.576639,3.020386,4.597685,367
1403715312.262142897,1.626650,1.192004,2.819274,359
1403715312.312143087,1.535959,1.345116,2.881725,351
1403715312.362143040,1.452178,2.930926,4.383814,330
1403715312.412142992,1.766331,1.815422,3.582303,320
1403715312.462142944,1.420758,3.930857,5.352275,348
1403715312.512142897,1.397537,2.740253,4.138380,336
1403715312.562143087,1.894423,4.586675,6.481898,325
1403715312.612143040,1.576719,4.037049,5.615408,363
1403715312.662142992,1.418518,3.653104,5.072642,344
1403715312.712142944,1.462838,1.957844,3.421352,329
1403715312.762142897,1.602900,3.129588,4.733118,336
1403715312.812143087,1.526618,2.577541,4.104899,341
1403715312.862143040,1.557689,1.719750,3.278029,327
1403715312.912142992,1.404027,1.524568,2.929345,331
1403715312.962142944,1.300765,1.963314,3.264819,324
1403715313.012142897,1.669641,3.326740,4.997131,315
1403715313.062143087,1.739751,2.946666,4.687287,310
1403715313.112143040,1.660590,2.617882,4.280962,322
1403715313.162142992,1.482328,3.918688,5.401606,329
1403715313.212142944,1.435668,3.359450,4.795798,326
1403715313.262142897,1.693791,3.241199,4.935710,301
1403715313.312143087,1.459177,2.665283,4.125050,310
1403715313.362143040,1.310626,2.341188,3.652514,313
1403715313.412142992,1.293615,2.463090,3.757415,310
1403715313.462142944,1.471528,2.101645,3.573793,304
1403715313.512142897,1.515079,2.080165,3.595914,320
1403715313.562143087,1.302776,1.640410,2.943886,314
1403715313.612143040,1.171314,2.631302,3.803256,306
1403715313.662142992,1.325196,3.036887,4.362953,298
1403715313.712142944,1.470347,2.749064,4.220181,295
1403715313.762142897,1.350127,3.313510,4.664217,295
1403715313.812143087,1.310586,2.836125,4.147761,297
1403715313.862143040,1.524938,3.125228,4.651106,299
1403715313.912142992,1.279805,2.459760,3.740205,306
1403715313.962142944,1.341757,2.327438,3.669925,306
1403715314.012142897,1.349557,2.469169,3.819426,312
1403715314.062143087,1.449967,3.055838,4.506355,308
1403715314.112143040,1.420937,1.568749,2.990436,309
1403715314.162142992,1.562779,1.854753,3.418502,310
1403715314.212142944,1.556919,2.217457,3.774896,278
1403715314.262142897,1.367187,3.223269,4.591316,262
1403715314.312143087,1.471568,3.175478,4.647896,255
1403715314.362143040,1.356116,2.908696,4.265512,252
1403715314.412142992,1.386947,3.832816,5.220553,250
1403715314.462142944,1.293436,3.545223,4.839379,252
1403715314.512142897,1.186394,2.482570,3.669774,255
1403715314.562143087,1.351447,2.326648,3.678755,267
1403715314.612143040,1.466967,2.184837,3.652614,268
1403715314.662142992,1.277876,2.852095,4.130541,275
1403715314.712142944,1.492048,3.041707,4.534545,272
1403715314.762142897,1.164764,2.192227,3.357801,276
1403715314.812143087,1.370987,2.479880,3.851417,273
1403715314.862143040,1.069453,2.198837,3.269090,275
1403715314.912142992,1.160444,2.369519,3.530693,273
1403715314.962142944,1.309546,2.862825,4.172921,273
1403715315.012142897,1.301476,2.621962,3.924148,270
1403715315.062143087,1.315595,3.012457,4.328812,270
1403715315.112143040,1.284806,2.511590,3.796936,280
1403715315.162142992,1.533079,2.546541,4.080390,283
1403715315.212142944,1.227585,2.798464,4.027229,274
1403715315.262142897,1.386787,2.728803,4.116240,268
1403715315.312143087,1.265975,2.898475,4.165160,267
1403715315.362143040,1.259215,2.179207,3.439152,265
1403715315.412142992,1.352607,2.693032,4.046259,267
1403715315.462142944,1.240565,2.221897,3.463542,266
1403715315.512142897,1.275046,2.452029,3.728085,269
1403715315.562143087,1.249655,2.448940,3.699635,271
1403715315.612143040,1.371147,2.505570,3.877597,268
1403715315.662142992,1.230965,3.234499,4.466174,281
1403715315.712142944,1.440598,2.421599,3.862807,280
1403715315.762142897,1.476088,2.392539,3.869427,277
1403715315.812143087,1.449728,3.244100,4.694508,270
1403715315.862143040,1.491018,3.358721,4.850329,266
1403715315.912142992,1.396177,2.854815,4.251702,274
1403715315.962142944,1.333506,2.737153,4.071489,290
1403715316.012142897,1.228395,2.499441,3.728406,294
1403715316.062143087,1.203395,2.216147,3.420252,293
1403715316.112143040,1.588349,2.396999,3.986008,284
1403715316.162142992,1.518888,2.658223,4.177791,293
1403715316.212142944,1.375917,3.045026,4.421663,300
1403715316.262142897,1.519578,2.969616,4.489924,303
1403715316.312143087,1.358726,2.289088,3.648384,312
1403715316.362143040,1.563699,2.878035,4.442484,300
1403715316.412142992,1.510968,2.241717,3.753585,323
1403715316.462142944,1.488318,2.686412,4.175270,328
1403715316.512142897,1.468128,3.434521,4.903579,319
1403715316.562143087,1.356456,2.230287,3.587533,328
1403715316.612143040,1.468737,2.344189,3.813516,329
1403715316.662142992,1.433627,2.170746,3.605113,328
1403715316.712142944,1.466398,2.989396,4.456864,321
1403715316.762142897,1.502458,2.468100,3.971128,338
1403715316.812143087,1.504949,3.394131,4.899760,339
1403715316.862143040,1.332556,2.890435,4.223691,352
1403715316.912142992,1.598169,2.401689,4.000428,350
1403715316.962142944,1.253945,3.333320,4.588495,349
1403715317.012142897,1.484358,2.271218,3.756736,339
1403715317.062143087,1.477178,2.326139,3.803957,344
1403715317.112143040,1.486728,3.493292,4.980800,340
1403715317.162142992,1.580999,2.121926,3.703785,348
1403715317.212142944,1.657050,2.379329,4.037059,333
1403715317.262142897,1.602330,2.009304,3.612434,358
1403715317.312143087,1.396516,3.726276,5.124212,351
1403715317.362143040,1.342736,2.395900,3.739186,345
1403715317.412142992,1.340926,3.803957,5.145573,341
1403715317.462142944,1.818432,2.641102,4.460344,330
1403715317.512142897,1.412257,2.507110,3.919987,377
1403715317.562143087,1.407807,3.192949,4.601436,370
1403715317.612143040,1.516098,2.788814,4.305592,369
1403715317.662142992,1.308085,2.086356,3.395011,367
1403715317.712142944,1.411157,2.811814,4.223621,364
1403715317.762142897,1.384987,1.726591,3.112278,358
1403715317.812143087,1.533339,3.213459,4.747318,354
1403715317.862143040,1.382997,1.347976,2.731773,348
1403715317.912142992,1.409467,4.764278,6.174475,345
1403715317.962142944,1.794632,2.201997,3.997539,321
1403715318.012142897,1.433118,4.114720,5.548598,365
1403715318.062143087,1.432268,4.923250,6.356738,364
1403715318.112143040,1.341376,2.153146,3.495632,361
1403715318.162142992,1.407318,2.840364,4.248452,359
1403715318.212142944,1.344266,2.613912,3.959068,357
1403715318.262142897,1.292095,1.844153,3.136868,357
1403715318.312143087,1.432337,2.755934,4.188981,356
1403715318.362143040,1.383527,1.450168,2.834395,352
1403715318.412142992,1.412578,2.609911,4.023069,347
1403715318.462142944,1.390476,1.194415,2.585651,336
1403715318.512142897,1.554488,3.957368,5.512426,326
1403715318.562143087,1.624300,4.385353,6.010293,356
1403715318.612143040,1.464358,4.128409,5.594107,346
1403715318.662142992,1.346427,3.543383,4.890870,336
1403715318.712142944,1.707830,1.721881,3.430441,314
1403715318.762142897,1.461157,3.029297,4.491974,354
1403715318.812143087,1.531049,2.477290,4.009309,344
1403715318.862143040,1.417197,1.100464,2.518271,340
1403715318.912142992,1.493788,2.292258,3.786706,337
1403715318.962142944,1.396367,1.380757,2.778054,328
1403715319.012142897,1.689521,3.184678,4.874849,322
1403715319.062143087,1.556199,1.518398,3.077037,366
1403715319.112143040,1.325826,4.014919,5.341315,354
1403715319.162142992,1.546588,4.192771,5.740229,346
1403715319.212142944,1.840013,2.780563,4.621556,328
1403715319.262142897,1.400577,4.443554,5.845271,362
1403715319.312143087,1.389477,3.757476,5.147583,361
1403715319.362143040,1.632080,2.675082,4.308162,358
1403715319.412142992,1.500918,2.462870,3.964878,354
1403715319.462142944,1.502238,1.637540,3.140678,350
1403715319.512142897,1.371017,1.580899,2.952606,341
1403715319.562143087,1.602680,1.451537,3.054867,335
1403715319.612143040,1.413777,4.443014,5.857331,376
1403715319.662142992,1.292685,1.437428,2.731023,370
1403715319.712142944,1.318556,4.116720,5.436046,363
1403715319.762142897,1.404307,2.950786,4.356113,360
1403715319.812143087,1.330516,3.372821,4.704047,360
1403715319.862143040,1.754711,2.909906,4.667077,358
1403715319.912142992,1.553319,2.884715,4.439034,358
1403715319.962142944,1.529999,2.895215,4.425874,355
1403715320.012142897,1.462617,2.499591,3.962988,348
1403715320.062143087,1.415548,1.621459,3.037797,342
1403715320.112143040,1.559369,1.556299,3.116368,329
1403715320.162142992,1.267175,4.219681,5.487456,368
1403715320.212142944,1.478448,3.379291,4.858619,360
1403715320.262142897,1.532078,1.406917,2.939785,352
1403715320.312143087,1.481038,3.944818,5.426936,346
1403715320.362143040,1.659680,3.273620,4.933870,336
1403715320.412142992,1.428477,3.225839,4.655806,371
1403715320.462142944,1.513668,2.753664,4.268452,367
1403715320.512142897,1.472408,3.387151,4.860129,355
1403715320.562143087,1.620899,3.147688,4.769347,344
1403715320.612143040,1.487319,3.619604,5.107723,376
1403715320.662142992,1.510548,1.600750,3.111878,370
1403715320.712142944,1.440778,4.070379,5.512867,361
1403715320.762142897,1.395117,3.969818,5.365835,359
1403715320.812143087,1.554799,2.834475,4.390134,351
1403715320.862143040,1.424237,1.365127,2.790084,350
1403715320.912142992,1.478448,3.616624,5.095662,347
1403715320.962142944,1.172005,4.701297,5.873952,346
1403715321.012142897,1.349097,2.681812,4.033669,346
1403715321.062143087,1.300065,2.578272,3.879497,346
1403715321.112143040,1.298566,2.583221,3.882317,346
1403715321.162142992,1.264875,3.851567,5.117112,346
1403715321.212142944,1.353536,3.057327,4.411883,346
1403715321.262142897,1.329386,1.645540,2.975776,346
1403715321.312143087,1.251205,3.102197,4.354032,346
1403715321.362143040,1.323646,3.285310,4.609706,346
1403715321.412142992,1.471458,2.919046,4.391004,346
1403715321.462142944,1.336816,1.486848,2.824404,346
1403715321.512142897,1.116174,2.904605,4.021309,346
1403715321.562143087,1.302186,4.969270,6.272806,346
1403715321.612143040,1.413017,2.488431,3.902308,346
1403715321.662142992,1.563489,2.484310,4.048979,345
1403715321.712142944,1.432897,3.293690,4.727197,381
1403715321.762142897,2.117256,3.808786,5.928912,375
1403715321.812143087,1.887713,2.834285,4.722948,369
1403715321.862143040,1.543168,1.761772,3.306320,359
1403715321.912142992,1.437518,4.683957,6.122245,355
1403715321.962142944,1.550988,3.666465,5.218213,350
1403715322.012142897,1.415778,3.093517,4.509845,387
1403715322.062143087,1.543379,2.089795,3.633834,381
1403715322.112143040,1.373927,2.740013,4.114510,375
1403715322.162142992,1.597350,5.228683,6.826643,367
1403715322.212142944,1.584440,2.339068,3.924878,357
1403715322.262142897,1.499068,3.671405,5.171253,352
1403715322.312143087,1.677001,2.662192,4.339893,349
1403715322.362143040,1.466508,3.203189,4.670407,363
1403715322.412142992,1.928143,2.990087,4.918990,342
1403715322.462142944,1.627620,1.423687,3.051907,376
1403715322.512142897,1.652741,2.759333,4.412864,358
1403715322.562143087,1.805572,6.387417,8.193919,342
1403715322.612143040,1.460868,3.124387,4.586105,383
1403715322.662142992,1.491448,1.503108,2.995556,372
1403715322.712142944,1.744481,2.889145,4.634266,361
1403715322.762142897,1.653510,4.465014,6.119154,389
1403715322.812143087,1.432148,1.357386,2.790314,383
1403715322.862143040,1.377437,1.990864,3.368931,378
1403715322.912142992,1.571610,3.904507,5.476727,372
1403715322.962142944,1.685571,3.470722,5.157563,361
1403715323.012142897,1.537158,3.699325,5.237783,403
1403715323.062143087,1.555659,2.346008,3.902437,395
1403715323.112143040,1.453377,2.196667,3.650745,386
1403715323.162142992,1.438028,5.880741,7.319449,372
1403715323.212142944,1.886073,3.302960,5.190203,366
1403715323.262142897,1.515809,1.633900,3.150509,405
1403715323.312143087,1.426448,3.650964,5.078082,393
1403715323.362143040,1.659891,3.338350,4.998821,384
1403715323.412142992,1.355077,1.597609,2.953646,378
1403715323.462142944,1.759172,1.630759,3.391381,372
1403715323.512142897,1.362936,3.520353,4.883869,404
1403715323.562143087,1.472428,5.026261,6.499379,396
1403715323.612143040,1.663600,3.704715,5.370485,380
1403715323.662142992,1.931674,2.218677,4.151341,366
1403715323.712142944,1.678530,2.378339,4.058349,369
1403715323.762142897,1.744831,5.012421,6.758042,354
1403715323.812143087,1.598419,4.417794,6.016923,376
1403715323.862143040,1.776942,1.470818,3.249340,355
1403715323.912142992,1.626609,2.591252,4.218951,369
1403715323.962142944,1.785682,2.683293,4.469845,352
1403715324.012142897,1.680461,1.664390,3.346021,398
1403715324.062143087,1.472808,3.720875,5.194693,388
1403715324.112143040,1.522399,3.270840,4.794079,382
1403715324.162142992,1.346096,3.227119,4.574045,379
1403715324.212142944,1.712771,3.191499,4.905050,372
1403715324.262142897,1.548919,2.943806,4.493365,408
1403715324.312143087,1.640530,1.729791,3.371411,404
1403715324.362143040,1.506468,4.386163,5.893471,402
1403715324.412142992,1.557439,3.581604,5.140043,401
1403715324.462142944,1.517668,3.077718,4.596166,399
1403715324.512142897,1.486438,1.527549,3.014637,397
1403715324.562143087,1.489618,3.720135,5.210633,392
1403715324.612143040,1.547189,1.454597,3.002576,390
1403715324.662142992,1.363496,3.340091,4.704247,388
1403715324.712142944,1.430678,2.542080,3.973368,388
1403715324.762142897,1.454198,3.032457,4.487355,388
1403715324.812143087,1.809902,4.440744,6.251716,388
1403715324.862143040,1.676910,2.829335,4.508465,388
1403715324.912142992,1.538648,1.571839,3.111397,388
1403715324.962142944,1.501618,4.006159,5.509127,387
1403715325.012142897,1.421788,3.714275,5.137283,386
1403715325.062143087,1.358877,3.098297,4.458664,386
1403715325.112143040,1.501688,1.706291,3.208849,385
1403715325.162142992,1.259606,3.681654,4.941750,384
1403715325.212142944,1.393887,1.971924,3.366781,384
1403715325.262142897,1.510268,2.803274,4.314512,384
1403715325.312143087,1.442888,2.292458,3.735936,384
1403715325.362143040,1.398407,3.042317,4.441494,384
1403715325.412142992,1.513219,4.207851,5.721950,384
1403715325.462142944,1.607740,2.410429,4.018869,384
1403715325.512142897,1.538488,1.634020,3.173528,384
1403715325.562143087,1.459748,3.941338,5.402756,383
1403715325.612143040,1.417598,3.586023,5.004291,383
1403715325.662142992,1.585879,3.164928,4.751617,383
1403715325.712142944,1.496639,1.635460,3.133159,383
1403715325.762142897,1.322546,3.576513,4.899509,383
1403715325.812143087,1.523218,1.946824,3.470762,383
1403715325.862143040,1.544928,2.839675,4.385283,382
1403715325.912142992,1.534389,2.314118,3.849027,380
1403715325.962142944,1.677090,3.379281,5.057051,378
1403715326.012142897,1.610429,4.468845,6.081344,415
1403715326.062143087,1.551069,1.628870,3.180679,414
1403715326.112143040,1.585759,1.606020,3.192669,414
1403715326.162142992,1.552808,4.134070,5.687588,412
1403715326.212142944,1.490348,3.404232,4.895570,411
1403715326.262142897,1.611430,3.143608,4.757128,405
1403715326.312143087,1.482858,1.687230,3.171308,402
1403715326.362143040,1.540779,3.809416,5.351315,402
1403715326.412142992,1.487578,1.935773,3.424421,399
1403715326.462142944,1.527199,2.905525,4.433694,398
1403715326.512142897,1.416778,2.483040,3.900558,398
1403715326.562143087,1.642870,4.827199,6.471009,396
1403715326.612143040,1.485498,3.887637,5.374375,393
1403715326.662142992,1.608119,1.595280,3.204099,393
1403715326.712142944,1.461787,1.616930,3.079327,392
1403715326.762142897,1.380786,4.224861,5.606287,391
1403715326.812143087,1.521669,3.288339,4.810858,385
1403715326.862143040,1.422548,3.053477,4.476835,384
1403715326.912142992,1.622989,1.725461,3.349380,384
1403715326.962142944,1.327616,3.744595,5.072941,384
1403715327.012142897,1.580489,1.928684,3.510943,384
1403715327.062143087,1.364476,3.559083,4.924819,384
1403715327.112143040,1.467148,2.394559,3.862697,384
1403715327.162142992,1.508888,4.380823,5.890541,383
1403715327.212142944,1.351337,3.722115,5.074272,383
1403715327.262142897,1.594769,1.630580,3.225869,382
1403715327.312143087,1.514868,1.599830,3.115258,378
1403715327.362143040,1.603519,4.619466,6.223545,372
1403715327.412142992,1.656070,3.356031,5.012791,411
1403715327.462142944,1.558229,2.958706,4.517675,406
1403715327.512142897,1.431028,1.644230,3.075828,406
1403715327.562143087,1.680291,3.604793,5.285864,404
1403715327.612143040,1.480068,1.949803,3.430421,403
1403715327.662142992,1.494518,2.791984,4.287182,403
1403715327.712142944,1.482868,2.359269,3.842797,399
1403715327.762142897,1.364617,4.743897,6.109224,396
1403715327.812143087,1.698981,4.015948,5.716109,392
1403715327.862143040,4.282372,2.961726,7.245358,383
1403715327.912142992,2.468660,1.714511,4.186051,375
1403715327.962142944,2.533210,5.229334,7.764124,406
1403715328.012142897,2.505841,3.831316,6.338097,400
1403715328.062143087,2.329559,2.829884,5.160343,395
1403715328.112143040,1.684851,1.669390,3.355051,393
1403715328.162142992,1.833693,3.761675,5.596088,390
1403715328.212142944,2.255207,1.726551,3.982818,380
1403715328.262142897,1.982374,2.454630,4.437644,416
1403715328.312143087,1.445578,2.099895,3.546063,409
1403715328.362143040,1.502168,4.298043,5.800851,408
1403715328.412142992,1.336126,3.934158,5.271534,407
1403715328.462142944,1.446257,1.640910,3.087757,407
1403715328.512142897,1.409057,3.284850,4.694617,405
1403715328.562143087,1.607680,4.710157,6.319617,405
1403715328.612143040,1.495618,3.462712,4.959190,404
1403715328.662142992,1.425767,2.720253,4.146710,404
1403715328.712142944,1.609449,1.842512,3.452871,404
1403715328.762142897,1.299206,3.092787,4.392533,403
1403715328.812143087,1.536109,3.451732,4.988601,403
1403715328.862143040,1.685620,2.570412,4.256882,403
1403715328.912142992,1.571069,2.039045,3.610824,403
1403715328.962142944,1.473288,4.118910,5.594408,402
1403715329.012142897,1.430978,3.546103,4.978431,402
1403715329.062143087,1.410527,1.850123,3.261460,400
1403715329.112143040,1.468888,3.422961,4.892959,397
1403715329.162142992,1.506678,4.519175,6.026923,395
1403715329.212142944,1.532689,3.068857,4.602366,377
1403715329.262142897,1.681930,2.902866,4.587036,372
1403715329.312143087,1.464248,2.064345,3.529743,368
1403715329.362143040,1.459067,2.913666,4.373483,364
1403715329.412142992,1.665341,3.404491,5.070652,361
1403715329.462142944,1.366157,2.629962,3.996979,387
1403715329.512142897,1.357487,2.055925,3.414422,385
1403715329.562143087,1.485679,4.317302,5.803771,384
1403715329.612143040,1.443887,3.399371,4.844098,382
1403715329.662142992,1.460257,1.924184,3.385041,382
1403715329.712142944,1.303256,2.248287,3.552563,382
1403715329.762142897,1.454028,4.120640,5.575418,382
1403715329.812143087,1.342697,3.492732,4.836149,382
1403715329.862143040,1.354567,2.218967,3.574454,382
1403715329.912142992,1.216655,1.736441,2.953926,381
1403715329.962142944,1.179584,2.805414,3.985428,380
1403715330.012142897,1.432437,4.629946,6.063023,380
1403715330.062143087,1.449238,2.519030,3.968888,375
1403715330.112143040,1.352127,2.148836,3.501683,373
1403715330.162142992,1.395586,3.609634,5.005860,369
1403715330.212142944,1.364367,3.660334,5.025441,369
1403715330.262142897,1.241845,1.946273,3.188768,363
1403715330.312143087,1.344317,2.245897,3.591004,360
1403715330.362143040,1.838032,4.219851,6.058633,358
1403715330.412142992,1.625620,3.118747,4.744957,394
1403715330.462142944,1.526969,1.665670,3.193299,393
1403715330.512142897,1.651900,1.792562,3.445092,392
1403715330.562143087,1.577059,2.959166,4.536715,392
1403715330.612143040,1.553109,4.433453,5.987292,392
1403715330.662142992,1.797092,2.544560,4.343102,388
1403715330.712142944,1.950654,2.566691,4.518095,388
1403715330.762142897,1.850603,3.555823,5.407066,386
1403715330.812143087,1.951604,3.089317,5.041541,386
1403715330.862143040,1.947914,1.640280,3.588804,385
1403715330.912142992,1.753321,2.204907,3.958848,381
1403715330.962142944,1.780622,5.290534,7.071806,381
1403715331.012142897,1.800282,3.027936,4.828958,380
1403715331.062143087,1.925273,1.684121,3.610064,379
1403715331.112143040,1.817112,1.645860,3.463652,378
1403715331.162142992,1.845482,2.638272,4.484264,375
1403715331.212142944,1.795872,4.439724,6.236346,371
1403715331.262142897,2.085015,2.529911,4.616086,356
1403715331.312143087,1.912204,2.424469,4.337333,403
1403715331.362143040,1.870823,3.799506,5.671339,401
1403715331.412142992,1.936344,3.541293,5.478567,395
1403715331.462142944,1.781991,1.722511,3.505702,392
1403715331.512142897,1.822392,2.568101,4.391373,390
1403715331.562143087,1.813402,4.951920,6.765932,389
1403715331.612143040,1.827892,3.131768,4.960660,388
1403715331.662142992,1.886123,1.811142,3.698065,386
1403715331.712142944,1.850392,1.660901,3.512083,384
1403715331.762142897,1.834802,2.713153,4.548435,384
1403715331.812143087,1.829093,3.620573,5.450446,382
1403715331.862143040,1.596619,4.059159,5.656848,381
1403715331.912142992,1.474988,2.000234,3.476102,381
1403715331.962142944,1.356337,3.846116,5.203583,381
1403715332.012142897,1.581450,3.280769,4.864149,381
1403715332.062143087,1.589749,1.686881,3.277260,379
1403715332.112143040,1.401527,2.619792,4.022019,379
1403715332.162142992,1.510228,5.032501,6.543479,379
1403715332.212142944,1.576289,3.013977,4.591116,379
1403715332.262142897,1.349966,1.833523,3.184419,379
1403715332.312143087,1.367206,1.686491,3.054407,379
1403715332.362143040,1.192135,2.760593,3.953348,379
1403715332.412142992,1.299785,3.507553,4.808198,379
1403715332.462142944,1.599920,4.109039,5.709969,379
1403715332.512142897,1.800192,2.031025,3.832027,379
1403715332.562143087,1.695190,3.666105,5.362115,379
1403715332.612143040,1.538389,3.197309,4.737258,378
1403715332.662142992,1.515318,1.714261,3.230239,376
1403715332.712142944,1.462288,2.589931,4.052859,376
1403715332.762142897,1.444627,4.995641,6.441068,376
1403715332.812143087,1.396897,2.979026,4.376703,375
1403715332.862143040,1.441167,1.843693,3.286110,375
1403715332.912142992,1.515269,1.762871,3.278920,371
1403715332.962142944,1.436647,2.755543,4.192900,371
1403715333.012142897,1.445878,3.458871,4.905659,365
1403715333.062143087,1.732661,4.081850,5.815301,362
1403715333.112143040,1.515449,2.073305,3.589574,401
1403715333.162142992,1.674660,3.631724,5.307954,396
1403715333.212142944,1.812572,3.971788,5.786130,394
1403715333.262142897,1.878073,1.630000,3.510293,394
1403715333.312143087,1.930093,2.693913,4.624956,393
1403715333.362143040,2.213257,5.110152,7.324149,393
1403715333.412142992,1.925783,3.576774,5.503287,391
1403715333.462142944,2.377379,2.081315,4.460904,384
1403715333.512142897,2.048435,1.734901,3.784066,382
1403715333.562143087,1.699901,2.721883,4.422254,382
1403715333.612143040,1.558549,3.296250,4.855459,380
1403715333.662142992,1.590079,5.842711,7.433570,374
1403715333.712142944,1.452727,1.970534,3.424061,368
1403715333.762142897,1.831502,3.863297,5.695469,347
1403715333.812143087,1.527109,3.261749,4.789658,392
1403715333.862143040,2.165146,1.872103,4.037919,374
1403715333.912142992,1.958343,2.214917,4.173890,414
1403715333.962142944,1.571900,4.571125,6.143665,409
1403715334.012142897,1.833652,2.677472,4.511834,401
1403715334.062143087,1.720351,1.845893,3.566994,400
1403715334.112143040,1.800532,1.951034,3.752236,393
1403715334.162142992,1.858692,2.611312,4.470554,386
1403715334.212142944,1.836953,2.931475,4.769238,383
1403715334.262142897,1.708051,3.871137,5.579748,377
1403715334.312143087,1.834373,2.415559,4.250752,377
1403715334.362143040,1.759212,4.543195,6.303047,375
1403715334.412142992,1.636880,3.155228,4.792898,369
1403715334.462142944,1.873332,3.373381,5.247413,361
1403715334.512142897,1.558909,1.959443,3.519902,398
1403715334.562143087,1.483438,4.525424,6.009522,386
1403715334.612143040,1.358407,2.560441,3.919798,374
1403715334.662142992,1.792782,1.666220,3.459822,360
1403715334.712142944,1.451407,1.321056,2.773213,405
1403715334.762142897,1.347486,2.056865,3.404991,396
1403715334.812143087,1.269755,3.615834,4.886229,390
1403715334.862143040,1.577459,3.994638,5.573227,377
1403715334.912142992,1.671490,2.803014,4.475094,366
1403715334.962142944,1.646240,3.380911,5.027931,402
1403715335.012142897,1.361277,2.639752,4.002519,399
1403715335.062143087,1.544839,4.835319,6.380778,390
1403715335.112143040,1.813422,1.939884,3.753956,371
1403715335.162142992,1.480478,4.729048,6.210176,406
1403715335.212142944,1.515619,2.884355,4.401234,401
1403715335.262142897,1.517118,3.661094,5.179562,396
1403715335.312143087,1.414008,1.376476,2.791654,391
1403715335.362143040,1.274835,1.471198,2.746693,384
1403715335.412142992,1.373547,3.067277,4.441644,382
1403715335.462142944,1.618449,3.997489,5.616788,365
1403715335.512142897,1.498098,3.697745,5.196993,393
1403715335.562143087,1.455638,3.387681,4.844069,381
1403715335.612143040,1.397737,2.199137,3.597604,378
1403715335.662142992,1.531589,4.586275,6.118424,369
1403715335.712142944,1.449678,3.095618,4.546236,361
1403715335.762142897,1.528399,3.351171,4.880340,352
1403715335.812143087,1.428397,1.920743,3.349710,350
1403715335.862143040,1.512918,3.091768,4.605266,335
1403715335.912142992,1.266545,1.613810,2.881075,352
1403715335.962142944,1.229565,1.330386,2.560491,343
1403715336.012142897,1.427587,0.901991,2.330228,341
1403715336.062143087,1.469397,5.561028,7.031045,335
1403715336.112143040,1.506268,3.613414,5.120342,338
1403715336.162142992,1.543369,2.862375,4.406594,342
1403715336.212142944,1.483848,1.310236,2.795134,337
1403715336.262142897,1.215675,5.051691,6.268056,334
1403715336.312143087,1.529138,2.665122,4.195760,324
1403715336.362143040,1.346697,3.350490,4.698937,326
1403715336.412142992,1.524979,2.131146,3.657565,314
1403715336.462142944,1.602689,3.351661,4.955350,322
1403715336.512142897,1.764301,1.407337,3.172578,322
1403715336.562143087,1.238645,1.219744,2.458929,371
1403715336.612143040,1.280515,1.498339,2.779484,369
1403715336.662142992,1.428287,4.936290,6.365467,363
1403715336.712142944,1.434397,2.967746,4.402923,358
1403715336.762142897,1.758292,2.824694,4.584306,348
1403715336.812143087,1.315986,1.716521,3.033287,394
1403715336.862143040,1.517439,3.406011,4.924100,385
1403715336.912142992,1.397467,2.597441,3.996369,381
1403715336.962142944,1.448597,3.317770,4.767237,376
1403715337.012142897,1.373217,2.582971,3.956838,370
1403715337.062143087,1.424318,3.383401,4.808459,369
1403715337.112143040,1.456778,3.551453,5.009491,358
1403715337.162142992,1.382887,1.013172,2.396619,355
1403715337.212142944,1.884573,1.007732,2.892895,347
1403715337.262142897,1.580149,4.244661,5.826150,383
1403715337.312143087,1.413587,2.605711,4.019978,370
1403715337.362143040,1.433347,3.502963,4.937130,354
1403715337.412142992,1.401287,1.040582,2.442829,345
1403715337.462142944,1.246625,3.003486,4.250871,334
1403715337.512142897,1.485318,2.958395,4.444533,312
1403715337.562143087,1.589319,3.622254,5.212353,314
1403715337.612143040,1.500898,1.934364,3.436442,311
1403715337.662142992,1.652050,3.543873,5.196643,303
1403715337.712142944,1.289915,4.680137,5.971002,310
1403715337.762142897,1.480118,0.953391,2.434119,301
1403715337.812143087,1.709921,4.893599,6.604600,311
1403715337.862143040,1.915713,2.267357,4.183890,318
1403715337.912142992,1.945614,2.299618,4.245892,314
1403715337.962142944,2.011574,4.015659,6.027963,315
1403715338.012142897,1.734541,1.457707,3.193058,322
1403715338.062143087,1.489618,2.109276,3.599614,313
1403715338.112143040,1.565709,2.531761,4.098360,295
1403715338.162142992,1.795421,3.059848,4.856209,280
1403715338.212142944,1.602319,2.453010,4.055939,305
1403715338.262142897,1.399907,3.772755,5.173442,299
1403715338.312143087,1.271606,2.650092,3.922518,287
1403715338.362143040,1.410817,1.444678,2.856115,282
1403715338.412142992,1.508249,3.760925,5.270244,286
1403715338.462142944,1.405997,2.071975,3.478922,288
1403715338.512142897,1.391297,1.487838,2.879885,281
1403715338.562143087,1.450517,3.921688,5.372915,274
1403715338.612143040,1.494138,2.186746,3.682134,253
1403715338.662142992,1.305156,1.999404,3.305210,278
1403715338.712142944,1.332356,2.558531,3.891627,280
1403715338.762142897,1.365647,3.699485,5.065882,270
1403715338.812143087,1.343527,2.483340,3.827557,255
1403715338.862143040,1.461177,2.708693,4.170560,247
1403715338.912142992,1.423207,2.903616,4.327693,250
1403715338.962142944,1.541819,2.777003,4.319482,258
1403715339.012142897,1.626620,3.335180,4.962420,248
1403715339.062143087,1.414657,2.517981,3.933338,262
1403715339.112143040,1.401788,1.391306,2.793694,255
1403715339.162142992,1.283505,2.415380,3.699575,253
1403715339.212142944,1.321986,2.235767,3.558523,245
1403715339.262142897,1.458907,2.731163,4.190690,233
1403715339.312143087,1.345707,2.278737,3.625254,246
1403715339.362143040,1.193514,1.984844,3.179158,255
1403715339.412142992,1.229725,1.704141,2.934426,246
1403715339.462142944,1.236835,2.823124,4.060669,244
1403715339.512142897,1.321416,1.937914,3.260190,226
1403715339.562143087,1.414648,3.356360,4.771678,234
1403715339.612143040,1.168044,3.596303,4.765067,268
1403715339.662142992,1.355866,1.841303,3.197839,262
1403715339.712142944,1.100713,1.417948,2.519191,256
1403715339.762142897,1.360626,2.491520,3.852746,242
1403715339.812143087,1.438767,2.621142,4.060649,248
1403715339.862143040,1.328276,3.115418,4.444274,248
1403715339.912142992,1.353316,1.944794,3.298890,247
1403715339.962142944,1.244285,1.441278,2.686273,250
1403715340.012142897,1.287176,1.317976,2.605692,245
1403715340.062143087,1.311106,1.820062,3.131838,257
1403715340.112143040,1.198515,1.707731,2.906916,256
1403715340.162142992,1.269605,3.727426,4.997631,250
1403715340.212142944,1.128054,3.358050,4.486814,244
1403715340.262142897,1.364516,1.834503,3.199659,227
1403715340.312143087,1.054373,1.158144,2.213207,226
1403715340.362143040,1.421257,1.501679,2.923516,223
1403715340.412142992,1.258395,2.321158,3.580343,236
1403715340.462142944,1.540819,3.161638,4.703067,246
1403715340.512142897,1.467828,1.993934,3.462502,281
1403715340.562143087,1.306266,1.590070,2.897426,295
1403715340.612143040,1.300256,3.343470,4.644376,293
1403715340.662142992,1.394006,1.349107,2.744413,304
1403715340.712142944,1.299816,1.377927,2.678643,314
1403715340.762142897,1.190695,3.460762,4.652157,317
1403715340.812143087,1.310816,2.843604,4.155440,314
1403715340.862143040,1.553398,1.258446,2.812824,316
1403715340.912142992,1.254615,1.229405,2.484550,336
1403715340.962142944,1.457537,2.855675,4.313902,338
1403715341.012142897,1.436587,2.505320,3.942877,350
1403715341.062143087,1.656340,3.549613,5.206613,341
1403715341.112143040,1.413057,3.484432,4.898229,366
1403715341.162142992,1.434528,2.074695,3.509983,358
1403715341.212142944,1.715450,2.482420,4.198430,340
1403715341.262142897,1.474698,2.410929,3.886347,343
1403715341.312143087,1.498558,2.875115,4.374373,325
1403715341.362143040,1.333646,3.270700,4.604996,318
1403715341.412142992,1.475378,3.075617,4.552425,312
1403715341.462142944,1.628559,2.895385,4.524794,327
1403715341.512142897,1.383107,1.488218,2.872095,342
1403715341.562143087,1.515668,3.117308,4.633626,333
1403715341.612143040,1.381136,2.429550,3.811396,342
1403715341.662142992,1.500728,4.797439,6.298727,335
1403715341.712142944,1.733711,1.609179,3.343920,326
1403715341.762142897,1.383117,1.291666,2.675553,375
1403715341.812143087,1.235695,1.847912,3.084067,372
1403715341.862143040,1.471048,1.715521,3.187379,368
1403715341.912142992,1.607179,1.462568,3.070628,377
1403715341.962142944,1.570749,3.399371,4.970700,373
1403715342.012142897,1.468318,3.247009,4.716067,370
1403715342.062143087,1.419577,2.808564,4.228851,365
1403715342.112143040,1.536548,1.877153,3.414271,363
1403715342.162142992,1.356506,3.624684,4.982010,363
1403715342.212142944,1.542519,2.444820,3.988249,379
1403715342.262142897,1.417157,3.871557,5.289344,375
1403715342.312143087,1.523428,3.376421,4.900659,373
1403715342.362143040,1.704441,1.389106,3.094507,372
1403715342.412142992,1.328436,1.520288,2.849314,389
1403715342.462142944,1.450928,2.518141,3.969729,386
1403715342.512142897,1.424997,1.505378,2.931005,382
1403715342.562143087,1.354616,2.839325,4.194491,376
1403715342.612143040,1.504108,2.841535,4.346533,368
1403715342.662142992,1.443148,2.771113,4.215261,378
1403715342.712142944,1.661410,1.153644,2.815644,369
1403715342.762142897,1.589749,4.485804,6.076383,358
1403715342.812143087,1.818322,1.830322,3.649544,374
1403715342.862143040,1.358076,4.704617,6.063413,384
1403715342.912142992,1.398827,4.119250,5.519007,378
1403715342.962142944,1.980424,2.089265,4.070479,363
1403715343.012142897,1.571619,1.799781,3.372050,410
1403715343.062143087,1.718891,1.542369,3.261980,403
1403715343.112143040,1.569709,1.655530,3.225969,388
1403715343.162142992,1.613529,3.558433,5.172532,377
1403715343.212142944,1.645140,3.512833,5.158753,400
1403715343.262142897,1.532829,2.001404,3.535203,389
1403715343.312143087,1.660181,1.221394,2.882345,379
1403715343.362143040,1.684730,5.902061,7.587652,378
1403715343.412142992,1.585470,2.422619,4.009619,366
1403715343.462142944,1.879663,4.217271,6.097554,353
1403715343.512142897,1.579620,3.250499,4.830859,391
1403715343.562143087,1.370666,4.340333,5.711869,386
1403715343.612143040,1.490739,1.731960,3.223449,376
1403715343.662142992,1.651760,1.960864,3.613434,386
1403715343.712142944,1.762891,1.840783,3.604604,376
1403715343.762142897,1.648160,3.272320,4.921200,409
1403715343.812143087,1.605550,2.363148,3.969428,393
1403715343.862143040,1.886863,1.826602,3.714115,376
1403715343.912142992,1.648960,3.762195,5.411925,407
1403715343.962142944,1.760522,3.664974,5.426556,383
1403715344.012142897,1.702891,2.202236,3.905987,405
1403715344.062143087,1.899173,4.599676,6.499399,377
1403715344.112143040,1.715321,1.386577,3.103668,376
1403715344.162142992,1.921503,2.786644,4.709197,356
1403715344.212142944,1.807252,4.473155,6.281097,387
1403715344.262142897,1.913043,1.990614,3.904817,370
1403715344.312143087,1.817212,2.911345,4.729427,402
1403715344.362143040,1.819572,3.099807,4.919989,410
1403715344.412142992,1.903923,1.889573,3.794406,380
1403715344.462142944,1.676620,4.007019,5.684369,413
1403715344.512142897,1.752761,2.223157,3.976598,378
1403715344.562143087,1.535119,3.372511,4.908340,372
1403715344.612143040,1.501568,1.334337,2.836575,367
1403715344.662142992,1.681860,3.435222,5.117652,346
1403715344.712142944,1.616800,3.632044,5.249804,339
1403715344.762142897,1.570039,3.422562,4.993251,336
1403715344.812143087,1.645829,2.738164,4.384973,355
1403715344.862143040,1.572849,2.490670,4.064219,337
1403715344.912142992,1.742651,2.248517,3.991868,341
1403715344.962142944,1.598049,2.781444,4.380093,374
1403715345.012142897,1.662210,4.212701,5.875781,368
1403715345.062143087,1.731251,3.493212,5.226283,373
1403715345.112143040,1.991814,2.708963,4.701537,370
1403715345.162142992,1.873682,2.724963,4.599925,349
1403715345.212142944,1.783471,1.609200,3.394121,346
1403715345.262142897,1.762661,3.754266,5.517627,378
1403715345.312143087,1.554229,3.000266,4.555345,395
1403715345.362143040,1.780312,3.707715,5.488747,381
1403715345.412142992,1.877223,2.290998,4.168801,390
1403715345.462142944,1.714020,2.524871,4.239621,379
1403715345.512142897,1.613169,3.050867,4.664756,366
1403715345.562143087,1.603269,3.168928,4.772917,373
1403715345.612143040,1.600459,3.531203,5.132412,377
1403715345.662142992,1.498168,2.882065,4.381033,370
1403715345.712142944,1.483928,2.908316,4.392844,376
1403715345.762142897,1.387586,3.014347,4.402703,378
1403715345.812143087,1.629480,3.201139,4.831319,376
1403715345.862143040,1.576339,2.803984,4.380933,371
1403715345.912142992,1.566509,2.181817,3.749106,369
1403715345.962142944,1.802071,3.669055,5.472176,368
1403715346.012142897,1.620809,2.677463,4.299022,388
1403715346.062143087,2.059755,2.875595,4.937070,363
1403715346.112143040,1.711301,2.993546,4.706377,402
1403715346.162142992,1.628030,3.235349,4.864199,392
1403715346.212142944,1.729091,3.263180,4.993681,375
1403715346.262142897,1.538749,3.433052,4.972771,394
1403715346.312143087,1.660880,2.626142,4.287772,391
1403715346.362143040,1.537969,3.116728,4.656147,397
1403715346.412142992,1.502848,2.894165,4.397943,390
1403715346.462142944,1.825882,2.577171,4.403763,381
1403715346.512142897,1.485378,2.822024,4.308072,414
1403715346.562143087,1.577889,3.928847,5.508696,405
1403715346.612143040,1.631330,2.323428,3.955458,398
1403715346.662142992,1.539948,3.195079,4.735837,419
1403715346.712142944,1.552529,2.331458,3.884687,417
1403715346.762142897,1.670221,3.136888,4.807659,403
1403715346.812143087,1.503088,3.623144,5.127052,400
1403715346.862143040,1.403227,3.303740,4.707807,399
1403715346.912142992,1.599030,2.953916,4.553646,392
1403715346.962142944,1.609240,3.050587,4.660607,390
1403715347.012142897,1.475968,2.447980,3.924558,409
1403715347.062143087,1.415877,3.477762,4.894329,404
1403715347.112143040,1.693061,2.566001,4.260342,401
1403715347.162142992,1.562729,3.420131,4.983540,397
1403715347.212142944,1.589879,2.801884,4.392533,395
1403715347.262142897,1.685450,2.947856,4.633946,381
1403715347.312143087,1.575259,2.331298,3.907357,400
1403715347.362143040,1.510008,3.332470,4.843118,398
1403715347.412142992,1.414377,3.340530,4.755757,385
1403715347.462142944,1.382177,3.436401,4.819258,381
1403715347.512142897,1.723071,2.938436,4.662137,372
1403715347.562143087,1.595380,3.532623,5.128903,415
1403715347.612143040,1.536648,2.335439,3.872777,410
1403715347.662142992,1.558779,3.066647,4.626036,403
1403715347.712142944,1.435747,2.484870,3.921297,400
1403715347.762142897,1.724641,3.146438,4.871799,387
1403715347.812143087,1.670630,2.301078,3.972388,381
1403715347.862143040,1.557958,4.003309,5.561957,409
1403715347.912142992,1.694160,2.058845,3.753816,392
1403715347.962142944,1.512069,1.944833,3.457832,378
1403715348.012142897,1.843733,3.613363,5.457776,361
1403715348.062143087,1.680211,3.310700,4.991671,373
1403715348.112143040,1.485358,4.649787,6.135785,408
1403715348.162142992,1.513398,2.703693,4.217892,388
1403715348.212142944,1.573900,1.088103,2.662713,385
1403715348.262142897,1.349387,3.567933,4.917890,380
1403715348.312143087,1.896553,2.194177,4.091410,371
1403715348.362143040,1.663530,2.810975,4.475475,387
1403715348.412142992,1.691201,3.941127,5.632928,377
1403715348.462142944,1.820222,2.787134,4.608056,367
1403715348.512142897,1.523689,1.220795,2.745314,388
1403715348.562143087,1.314186,0.749109,2.063815,383
1403715348.612143040,1.446988,5.523887,6.971525,372
1403715348.662142992,1.786792,3.867056,5.654838,362
1403715348.712142944,1.588239,3.424642,5.013521,412
1403715348.762142897,1.418317,2.258957,3.678174,405
1403715348.812143087,1.760241,0.710129,2.471350,388
1403715348.862143040,1.376357,1.693890,3.070767,369
1403715348.912142992,1.522239,2.484610,4.007519,346
1403715348.962142944,1.510848,2.266478,3.778036,336
1403715349.012142897,1.569689,5.044481,6.614880,333
1403715349.062143087,1.450777,4.216921,5.668548,374
1403715349.112143040,1.404207,1.466878,2.872045,369
1403715349.162142992,1.245395,1.262586,2.508501,366
1403715349.212142944,1.482617,3.345801,4.829128,363
1403715349.262142897,1.567269,4.995010,6.562919,355
1403715349.312143087,1.350646,3.830917,5.182663,353
1403715349.362143040,1.404157,2.030015,3.435212,353
1403715349.412142992,1.493308,1.331176,2.825634,352
1403715349.462142944,1.530709,1.710080,3.241289,351
1403715349.512142897,1.336976,1.516219,2.853795,349
1403715349.562143087,1.435158,1.449328,2.885126,345
1403715349.612143040,1.175064,3.522453,4.697907,339
1403715349.662142992,1.762262,3.868867,5.632019,337
1403715349.712142944,1.483718,1.378417,2.863165,368
1403715349.762142897,1.295756,1.258455,2.554781,362
1403715349.812143087,1.451308,3.545763,4.998011,357
1403715349.862143040,1.470978,5.101382,6.573020,353
1403715349.912142992,1.579139,3.324330,4.904189,353
1403715349.962142944,1.615219,1.612780,3.228939,350
1403715350.012142897,1.315336,1.320966,2.637122,346
1403715350.062143087,1.206894,1.043593,2.251027,343
1403715350.112143040,1.636239,1.090253,2.727022,337
1403715350.162142992,1.543369,0.873720,2.417749,371
1403715350.212142944,1.248045,5.241553,6.490018,368
1403715350.262142897,1.540779,5.699679,7.241188,362
1403715350.312143087,1.509638,1.470728,2.982386,353
1403715350.362143040,1.525149,1.346376,2.872195,339
1403715350.412142992,1.489849,3.228229,4.718798,366
1403715350.462142944,1.522999,4.654866,6.178855,359
1403715350.512142897,1.403777,2.887535,4.292242,352
1403715350.562143087,1.254795,1.730871,2.986526,349
1403715350.612143040,1.381317,1.256285,2.639492,348
1403715350.662142992,1.404487,1.546639,2.951566,346
1403715350.712142944,1.353466,3.415031,4.769287,344
1403715350.762142897,1.292085,1.390927,2.683852,344
1403715350.812143087,1.182044,2.406169,3.588653,344
1403715350.862143040,1.517069,4.304992,5.822821,343
1403715350.912142992,1.476888,1.365447,2.844685,342
1403715350.962142944,1.375167,2.790524,4.166121,342
1403715351.012142897,1.491638,2.453180,3.945558,342
1403715351.062143087,1.190094,4.375513,5.566617,342
1403715351.112143040,1.383767,2.583381,3.967868,341
1403715351.162142992,1.385807,1.810362,3.196939,341
1403715351.212142944,1.201095,1.359536,2.562031,341
1403715351.262142897,1.472168,1.313626,2.786304,340
1403715351.312143087,1.537329,3.395171,4.933120,374
1403715351.362143040,1.540729,1.369867,2.911776,370
1403715351.412142992,1.568229,2.549781,4.118490,358
1403715351.462142944,1.387737,4.447544,5.835941,355
1403715351.512142897,1.404197,1.699021,3.104318,351
1403715351.562143087,1.469848,2.567191,4.037649,345
1403715351.612143040,1.835262,2.681773,4.517795,339
1403715351.662142992,1.700971,4.264081,5.965752,373
1403715351.712142944,1.672010,2.668262,4.341082,365
1403715351.762142897,1.451828,1.096003,2.548881,358
1403715351.812143087,1.962414,0.936271,2.899445,339
1403715351.862143040,1.368966,3.950158,5.319654,370
1403715351.912142992,1.424037,3.901997,5.326974,364
1403715351.962142944,1.835182,1.315656,3.151768,355
1403715352.012142897,1.797091,2.628722,4.427043,348
1403715352.062143087,2.111236,5.140252,7.252468,383
1403715352.112143040,2.133286,1.568019,3.703675,382
1403715352.162142992,1.883103,2.428889,4.312542,376
1403715352.212142944,1.965454,4.412363,6.378567,376
1403715352.262142897,2.193516,4.018709,6.212905,373
1403715352.312143087,1.994954,2.585461,4.581505,371
1403715352.362143040,1.704441,1.400347,3.105388,366
1403715352.412142992,1.666021,4.093879,5.760510,360
1403715352.462142944,1.663540,1.824162,3.488722,354
1403715352.512142897,1.810762,2.910895,4.722997,345
1403715352.562143087,1.660020,1.799732,3.461062,386
1403715352.612143040,1.517368,3.246419,4.764667,383
1403715352.662142992,1.551949,4.208091,5.760720,374
1403715352.712142944,1.857693,1.985364,3.843827,367
1403715352.762142897,1.922533,2.307938,4.231101,357
1403715352.812143087,1.612499,3.554263,5.167402,392
1403715352.862143040,1.487218,3.605134,5.093032,386
1403715352.912142992,1.408857,2.652983,4.062410,385
1403715352.962142944,1.389937,1.504698,2.895325,382
1403715353.012142897,1.364056,3.094708,4.459464,376
1403715353.062143087,1.453728,1.830702,3.285270,371
1403715353.112143040,1.559909,3.948218,5.509287,369
1403715353.162142992,1.265505,1.702771,2.969306,368
1403715353.212142944,1.380916,2.735213,4.116619,367
1403715353.262142897,1.408528,4.172680,5.582038,362
1403715353.312143087,1.454817,1.501078,2.956775,361
1403715353.362143040,1.794142,3.356970,5.151552,357
1403715353.412142992,1.458198,3.217618,4.676716,396
1403715353.462142944,1.546408,3.044497,4.591806,390
1403715353.512142897,1.424447,2.669122,4.094209,388
1403715353.562143087,1.458887,1.526939,2.986626,386
1403715353.612143040,1.410617,2.708103,4.119310,382
1403715353.662142992,1.377387,1.516158,2.894165,381
1403715353.712142944,1.439518,3.902227,5.342335,381
1403715353.762142897,1.462158,1.535748,2.999626,381
1403715353.812143087,1.251325,2.816034,4.067799,379
1403715353.862143040,1.376007,3.982058,5.358905,376
1403715353.912142992,1.542288,1.516159,3.059157,376
1403715353.962142944,1.561479,4.534585,6.096874,374
1403715354.012142897,1.474028,2.657582,4.132710,372
1403715354.062143087,1.390857,3.242869,4.634526,371
1403715354.112143040,1.739191,2.486410,4.226261,369
1403715354.162142992,1.694061,1.446427,3.141198,365
1403715354.212142944,1.610260,2.664362,4.275302,365
1403715354.262142897,1.538179,1.529239,3.068078,359
1403715354.312143087,1.546388,3.658115,5.205173,391
1403715354.362143040,1.531488,1.308346,2.840884,383
1403715354.412142992,1.237305,3.086207,4.323932,381
1403715354.462142944,1.318226,4.148370,5.467246,380
1403715354.512142897,1.454018,1.693180,3.148208,375
1403715354.562143087,1.586999,4.178100,5.765599,374
1403715354.612143040,1.536129,2.628822,4.167061,371
1403715354.662142992,1.355117,2.975326,4.331613,371
1403715354.712142944,1.258206,2.405229,3.663975,371
1403715354.762142897,1.532839,1.810582,3.344231,371
1403715354.812143087,1.534409,2.736733,4.271682,371
1403715354.862143040,1.597559,2.763124,4.361333,371
1403715354.912142992,2.106646,3.793776,5.901072,369
1403715354.962142944,2.286477,1.590399,3.877736,367
1403715355.012142897,2.118486,2.683443,4.802629,398
1403715355.062143087,2.099125,3.978499,6.078514,393
1403715355.112143040,2.072415,1.683851,3.757426,387
1403715355.162142992,1.972883,4.342143,6.315596,381
1403715355.212142944,1.805022,1.861333,3.667205,376
1403715355.262142897,1.913783,3.019787,4.934220,365
1403715355.312143087,1.694381,3.066987,4.761948,391
1403715355.362143040,1.510729,1.518968,3.030367,385
1403715355.412142992,1.433938,2.305988,3.740546,379
1403715355.462142944,1.620580,3.064217,4.685347,371
1403715355.512142897,1.462808,3.632593,5.096191,382
1403715355.562143087,1.450878,3.464102,4.915660,372
1403715355.612143040,1.725021,3.198019,4.923620,357
1403715355.662142992,1.462788,4.025179,5.488687,390
1403715355.712142944,1.507298,1.655280,3.163368,372
1403715355.762142897,1.554449,3.668774,5.223753,357
1403715355.812143087,1.702711,1.120993,2.824654,402
1403715355.862143040,1.633500,4.651686,6.285786,399
1403715355.912142992,1.483648,1.268795,2.753083,392
1403715355.962142944,1.545778,1.353827,2.900495,388
1403715356.012142897,1.546738,1.286386,2.833804,383
1403715356.062143087,1.239325,3.943668,5.183553,382
1403715356.112143040,1.528489,3.260529,4.790518,376
1403715356.162142992,1.447978,2.614922,4.063620,374
1403715356.212142944,1.806402,3.341570,5.148572,368
1403715356.262142897,1.613920,3.627274,5.241844,378
1403715356.312143087,2.021254,1.455198,3.477242,371
1403715356.362143040,1.350437,5.303184,6.654141,393
1403715356.412142992,1.554519,1.861972,3.418211,385
1403715356.462142944,1.465997,3.073448,4.540265,376
1403715356.512142897,1.468648,2.254957,3.724275,372
1403715356.562143087,1.339926,1.514928,2.855504,368
1403715356.612143040,1.643650,1.596309,3.240599,366
1403715356.662142992,1.330896,2.891785,4.223311,373
1403715356.712142944,1.559939,3.022947,4.583566,368
1403715356.762142897,1.497198,2.506161,4.003949,359
1403715356.812143087,1.470348,3.014897,4.485795,348
1403715356.862143040,1.824002,3.662965,5.487607,355
1403715356.912142992,1.484648,3.843056,5.328384,376
1403715356.962142944,1.806252,4.781308,6.588140,353
1403715357.012142897,1.703011,1.969774,3.673915,352
1403715357.062143087,1.883513,2.460120,4.344523,366
1403715357.112143040,1.677410,1.370677,3.048877,364
1403715357.162142992,1.616339,1.033963,2.651082,360
1403715357.212142944,1.617000,2.389618,4.007458,367
1403715357.262142897,1.560139,3.453612,5.014371,356
1403715357.312143087,1.456128,2.915605,4.372403,349
1403715357.362143040,1.476318,2.266727,3.743815,350
1403715357.412142992,1.316336,3.655774,4.972680,340
1403715357.462142944,1.475688,4.589785,6.066173,343
1403715357.512142897,1.536538,2.410250,3.947668,341
1403715357.562143087,1.409247,4.255332,5.665189,360
1403715357.612143040,1.633500,2.011334,3.646464,356
1403715357.662142992,1.747761,2.817164,4.565785,357
1403715357.712142944,1.682550,2.575871,4.259291,351
1403715357.762142897,1.713761,3.244249,4.959390,373
1403715357.812143087,1.592269,2.561632,4.154601,370
1403715357.862143040,1.591119,1.671261,3.262930,372
1403715357.912142992,1.387836,2.720763,4.109289,370
1403715357.962142944,1.605199,1.619460,3.225329,362
1403715358.012142897,1.506329,3.121847,4.628706,355
1403715358.062143087,1.343467,4.268971,5.613208,350
1403715358.112143040,1.420538,2.665212,4.087350,347
1403715358.162142992,1.528559,3.891367,5.420676,341
1403715358.212142944,1.503368,2.458250,3.962718,354
1403715358.262142897,1.537328,2.941256,4.479434,363
1403715358.312143087,1.569179,3.351761,4.921550,369
1403715358.362143040,1.495268,2.155956,3.652154,367
1403715358.412142992,1.572399,2.213237,3.786326,353
1403715358.462142944,1.481748,2.253507,3.735955,351
1403715358.512142897,1.456218,2.853214,4.310182,357
1403715358.562143087,1.797762,2.342718,4.141100,346
1403715358.612143040,1.544129,2.954666,4.499565,360
1403715358.662142992,1.612069,3.606504,5.219323,350
1403715358.712142944,2.107265,3.109928,5.218263,333
1403715358.762142897,1.714361,4.031139,5.747030,326
1403715358.812143087,2.031014,4.688227,6.720761,317
1403715358.862143040,1.679020,3.184659,4.865559,329
1403715358.912142992,1.685981,2.838534,4.525275,310
1403715358.962142944,1.650780,1.619449,3.271309,333
1403715359.012142897,1.598469,2.390769,3.989918,336
1403715359.062143087,1.523928,1.720711,3.245229,333
1403715359.112143040,1.454958,1.826462,3.282120,334
1403715359.162142992,1.581029,3.100418,4.682187,335
1403715359.212142944,1.440587,2.441610,3.882767,347
1403715359.262142897,1.468078,3.280710,4.749828,348
1403715359.312143087,1.457407,2.741784,4.200121,345
1403715359.362143040,1.565769,4.235901,5.802400,341
1403715359.412142992,1.420887,3.574213,4.996220,370
1403715359.462142944,1.429747,2.400119,3.830566,365
1403715359.512142897,1.554069,3.132958,4.687737,351
1403715359.562143087,1.400707,2.504080,3.905477,345
1403715359.612143040,1.246985,2.478080,3.725756,341
1403715359.662142992,1.355547,2.249037,3.605204,341
1403715359.712142944,1.443157,2.279618,3.723535,337
1403715359.762142897,1.431927,3.150788,4.583485,339
1403715359.812143087,1.634820,2.715793,4.351183,332
1403715359.862143040,1.427517,3.352311,4.781028,331
1403715359.912142992,1.373677,2.725883,4.100430,329
1403715359.962142944,1.530829,4.418683,5.950192,323
1403715360.012142897,1.485738,2.698032,4.185260,322
1403715360.062143087,1.315426,2.625132,3.941458,321
1403715360.112143040,1.392457,2.912805,4.305912,314
1403715360.162142992,1.557608,1.915464,3.473922,325
1403715360.212142944,1.467258,2.761723,4.229881,333
1403715360.262142897,1.518618,2.420290,3.939488,347
1403715360.312143087,1.372516,2.608112,3.981328,337
1403715360.362143040,1.609439,4.079280,5.690099,336
1403715360.412142992,1.582670,3.341030,4.924650,335
1403715360.462142944,1.682111,3.552843,5.238084,332
1403715360.512142897,1.622380,2.691443,4.315953,333
1403715360.562143087,1.318016,4.351563,5.670499,335
1403715360.612143040,1.341126,2.782554,4.124700,325
1403715360.662142992,1.441097,2.295228,3.737095,313
1403715360.712142944,1.745821,3.460222,5.206653,301
1403715360.762142897,1.706401,2.713823,4.421034,311
1403715360.812143087,1.748171,2.700273,4.449184,288
1403715360.862143040,1.451197,1.897683,3.349530,293
1403715360.912142992,1.430727,2.249887,3.681344,291
1403715360.962142944,1.419727,2.840444,4.261471,285
1403715361.012142897,1.512569,2.027074,3.540773,288
1403715361.062143087,1.494278,3.287720,4.783378,317
1403715361.112143040,1.357426,2.385389,3.744035,321
1403715361.162142992,1.456037,3.256180,4.712827,326
1403715361.212142944,1.437957,2.422720,3.861497,328
1403715361.262142897,1.444198,2.816504,4.261412,328
1403715361.312143087,1.898393,3.294730,5.194053,305
1403715361.362143040,1.952373,1.315506,3.268730,316
1403715361.412142992,2.129736,4.025828,6.156274,310
1403715361.462142944,1.823932,2.165856,3.990428,341
1403715361.512142897,1.521018,2.102426,3.624154,368
1403715361.562143087,1.596609,2.566281,4.163620,361
1403715361.612143040,1.544659,3.000496,4.545775,380
1403715361.662142992,1.577059,3.218759,4.796428,379
1403715361.712142944,1.449328,2.916005,4.366133,373
1403715361.762142897,1.630100,2.896695,4.527385,372
1403715361.812143087,1.361996,2.572281,3.934967,384
1403715361.862143040,1.674391,2.459639,4.134700,380
1403715361.912142992,1.687540,3.813296,5.501806,376
1403715361.962142944,1.600879,2.687182,4.289671,378
1403715362.012142897,1.425477,3.689105,5.115742,374
1403715362.062143087,1.362727,2.826424,4.189841,372
1403715362.112143040,1.682791,2.176216,3.859877,366
1403715362.162142992,1.814892,3.265379,5.082211,373
1403715362.212142944,1.549439,3.420081,4.970450,397
1403715362.262142897,1.638930,3.007037,4.646667,387
1403715362.312143087,1.817072,2.773853,4.591755,368
1403715362.362143040,2.121526,3.686504,5.808720,376
1403715362.412142992,1.868402,3.063517,4.932629,384
1403715362.462142944,2.049945,1.884713,3.935368,380
1403715362.512142897,1.910424,3.936857,5.847861,375
1403715362.562143087,2.184167,1.564789,3.750066,369
1403715362.612143040,1.948834,4.152970,6.102624,397
1403715362.662142992,1.770872,3.106537,4.878029,393
1403715362.712142944,1.704601,2.646722,4.352013,387
1403715362.762142897,1.817242,3.556903,5.374775,375
1403715362.812143087,1.508318,3.098067,4.607255,401
1403715362.862143040,1.605159,2.921136,4.526955,399
1403715362.912142992,1.565609,3.408961,4.975440,387
1403715362.962142944,1.606009,3.145809,4.753168,382
1403715363.012142897,1.461848,3.124258,4.586786,374
1403715363.062143087,1.640060,2.085875,3.726655,370
1403715363.112143040,1.567838,3.569304,5.137732,407
1403715363.162142992,1.878543,3.861327,5.741120,403
1403715363.212142944,1.674490,2.915965,4.591345,402
1403715363.262142897,1.387297,1.451047,2.839084,400
1403715363.312143087,1.431988,2.716492,4.149570,393
1403715363.362143040,1.516618,4.286092,5.803760,377
1403715363.412142992,1.515678,2.910615,4.427283,367
1403715363.462142944,1.812432,3.060257,4.873599,350
1403715363.512142897,1.692801,3.956598,5.650429,399
1403715363.562143087,1.536459,2.977086,4.514435,392
1403715363.612143040,1.544359,2.557901,4.102970,384
1403715363.662142992,1.495458,3.410292,4.906930,376
1403715363.712142944,2.031725,2.647882,4.681577,359
1403715363.762142897,1.613649,4.391663,6.006692,375
1403715363.812143087,2.037665,4.537015,6.575820,335
1403715363.862143040,1.920804,1.411477,3.333251,346
1403715363.912142992,1.535218,0.975382,2.511510,371
1403715363.962142944,2.111595,5.562188,7.674693,319
1403715364.012142897,1.691681,2.205286,3.897637,347
1403715364.062143087,1.933144,6.383817,8.317801,337
1403715364.112143040,1.921734,3.481182,5.404796,322
1403715364.162142992,1.456678,2.778204,4.236352,366
1403715364.212142944,1.474717,2.215637,3.691354,365
1403715364.262142897,1.624260,2.802824,4.427854,360
1403715364.312143087,1.371927,2.931065,4.303642,358
1403715364.362143040,1.536359,2.978026,4.515285,357
1403715364.412142992,1.399247,3.720225,5.120342,356
1403715364.462142944,1.586629,3.248579,4.835938,356
1403715364.512142897,1.540159,1.595499,3.136418,354
1403715364.562143087,1.484428,2.795033,4.280272,354
1403715364.612143040,1.381447,1.698560,3.080697,354
1403715364.662142992,1.524959,4.408483,5.934692,353
1403715364.712142944,1.643330,3.498512,5.142802,349
1403715364.762142897,1.533029,2.593391,4.127280,346
1403715364.812143087,1.820112,1.921953,3.743155,341
1403715364.862143040,1.600729,2.252888,3.854437,371
1403715364.912142992,1.561219,3.757606,5.319525,362
1403715364.962142944,1.657240,3.361851,5.019901,341
1403715365.012142897,1.395276,4.407714,5.804040,362
1403715365.062143087,1.387597,3.628034,5.016281,356
1403715365.112143040,1.513998,1.487798,3.003276,340
1403715365.162142992,1.875703,3.240889,5.117322,341
1403715365.212142944,1.580799,1.407247,2.989186,375
1403715365.262142897,1.566149,4.750667,6.317446,368
1403715365.312143087,1.459528,3.464472,4.924920,355
1403715365.362143040,1.364117,2.381829,3.746616,355
1403715365.412142992,1.484748,3.619334,5.104912,355
1403715365.462142944,1.481608,2.716463,4.199431,351
1403715365.512142897,1.428417,2.230577,3.659644,345
1403715365.562143087,1.617520,3.578833,5.197143,344
1403715365.612143040,1.466598,3.368021,4.835579,382
1403715365.662142992,1.441008,3.042427,4.484135,379
1403715365.712142944,1.560299,1.736991,3.298210,373
1403715365.762142897,1.408117,3.134078,4.542905,371
1403715365.812143087,1.330607,1.281835,2.613172,361
1403715365.862143040,1.386027,4.604256,5.991023,357
1403715365.912142992,1.444737,3.110268,4.555785,351
1403715365.962142944,1.680501,2.685692,4.366843,349
1403715366.012142897,1.504548,3.099858,4.605156,389
1403715366.062143087,1.360976,2.979127,4.340853,388
1403715366.112143040,1.578949,1.812602,3.392091,388
1403715366.162142992,1.508528,4.511335,6.020593,387
1403715366.212142944,1.472208,2.989306,4.463014,387
1403715366.262142897,1.636900,3.220839,4.858309,386
1403715366.312143087,1.506669,2.287007,3.794536,381
1403715366.362143040,1.412417,3.705234,5.118411,378
1403715366.412142992,1.370557,1.638990,3.010327,378
1403715366.462142944,1.385057,2.994366,4.380463,376
1403715366.512142897,1.356076,3.308901,4.665647,376
1403715366.562143087,1.469618,3.619524,5.089782,375
1403715366.612143040,1.470688,3.227119,4.699037,372
1403715366.662142992,1.397117,2.399559,3.797646,370
1403715366.712142944,1.466528,1.840822,3.307880,370
1403715366.762142897,1.513468,4.761618,6.275866,369
1403715366.812143087,1.416047,3.004666,4.421703,369
1403715366.862143040,1.585419,3.088547,4.674586,368
1403715366.912142992,1.324906,2.444929,3.771115,366
1403715366.962142944,1.313776,3.356011,4.670467,364
1403715367.012142897,1.520748,1.654710,3.176208,363
1403715367.062143087,1.435167,2.536141,3.972188,363
1403715367.112143040,1.329776,3.392801,4.723317,363
1403715367.162142992,1.237455,3.515402,4.753377,362
1403715367.212142944,1.413527,3.170689,4.585206,362
1403715367.262142897,1.420757,2.612132,4.033929,362
1403715367.312143087,1.511289,1.771401,3.283280,358
1403715367.362143040,1.236465,4.647216,5.884271,355
1403715367.412142992,1.510189,2.971486,4.483105,352
1403715367.462142944,1.344216,3.241260,4.586046,390
1403715367.512142897,1.411217,2.205097,3.617064,387
1403715367.562143087,1.446128,3.384210,4.831338,383
1403715367.612143040,1.555939,1.644970,3.201509,382
1403715367.662142992,1.347356,2.246327,3.595033,381
1403715367.712142944,1.406527,3.688374,5.095871,380
1403715367.762142897,1.383037,3.444791,4.828518,378
1403715367.812143087,1.471378,3.067617,4.539745,377
1403715367.862143040,1.311636,1.831602,3.144188,373
1403715367.912142992,1.505838,1.796612,3.302880,373
1403715367.962142944,1.346276,4.442154,5.789100,372
1403715368.012142897,1.513428,4.265642,5.780330,370
1403715368.062143087,1.326486,3.566613,4.893759,370
1403715368.112143040,1.312286,1.968884,3.281870,369
1403715368.162142992,1.453418,3.272069,4.726137,367
1403715368.212142944,1.581519,1.467118,3.049227,365
1403715368.262142897,1.450408,2.066945,3.517983,362
1403715368.312143087,1.679470,3.699235,5.379495,358
1403715368.362143040,1.427378,3.388581,4.816669,398
1403715368.412142992,1.464428,3.135038,4.600246,395
1403715368.462142944,1.413617,1.802672,3.217209,392
1403715368.512142897,1.391707,1.615479,3.007696,391
1403715368.562143087,1.380667,4.396633,5.778230,390
1403715368.612143040,1.578979,4.400383,5.980492,388
1403715368.662142992,1.495518,2.891685,4.388013,386
1403715368.712142944,1.396907,1.668040,3.065667,383
1403715368.762142897,1.534988,3.253000,4.788878,380
1403715368.812143087,1.292896,1.407417,2.700873,376
1403715368.862143040,1.653990,1.306116,2.960786,367
1403715368.912142992,1.346636,5.705379,7.052905,403
1403715368.962142944,1.512249,3.637714,5.150653,393
1403715369.012142897,1.440318,3.638614,5.079582,392
1403715369.062143087,1.406037,1.630490,3.037577,392
1403715369.112143040,1.546509,1.804372,3.351331,391
1403715369.162142992,1.526118,4.651557,6.179255,390
1403715369.212142944,1.764591,4.283062,6.050073,387
1403715369.262142897,1.650091,2.896765,4.547886,385
1403715369.312143087,1.375386,1.624740,3.001106,383
1403715369.362143040,1.482048,2.916546,4.399364,378
1403715369.412142992,1.464418,1.737531,3.203199,369
1403715369.462142944,1.856793,3.358000,5.215553,365
1403715369.512142897,1.868863,3.999188,5.869311,397
1403715369.562143087,1.796051,3.569924,5.366535,395
1403715369.612143040,1.762501,4.050529,5.814840,389
1403715369.662142992,1.588949,1.727521,3.317700,389
1403715369.712142944,1.463038,1.599879,3.063607,388
1403715369.762142897,1.512118,4.423104,5.936172,386
1403715369.812143087,1.555649,3.709965,5.266994,382
1403715369.862143040,1.613520,3.526182,5.141972,375
1403715369.912142992,1.506108,1.706061,3.215379,374
1403715369.962142944,1.517888,3.216760,4.736118,370
1403715370.012142897,1.353137,1.888102,3.242399,368
1403715370.062143087,1.504428,4.812048,6.317696,366
1403715370.112143040,1.602189,3.823137,5.427046,363
1403715370.162142992,1.355747,3.099267,4.456244,362
1403715370.212142944,1.461498,2.989236,4.451384,360
1403715370.262142897,1.511339,1.817092,3.329851,359
1403715370.312143087,1.274485,1.683340,2.958295,358
1403715370.362143040,1.345736,4.126670,5.473036,358
1403715370.412142992,1.489648,3.303350,4.794068,356
1403715370.462142944,1.309556,2.926045,4.236131,356
1403715370.512142897,1.520148,1.738581,3.259479,356
1403715370.562143087,1.257925,2.945166,4.204251,356
1403715370.612143040,1.726781,2.032494,3.760255,355
1403715370.662142992,1.455677,4.356723,5.813060,394
1403715370.712142944,1.337476,3.934778,5.273674,393
1403715370.762142897,1.587179,3.348570,4.937959,392
1403715370.812143087,1.524879,2.994776,4.521145,390
1403715370.862143040,1.461327,1.659920,3.122198,385
1403715370.912142992,1.440447,1.684650,3.125587,385
1403715370.962142944,1.481558,4.139730,5.621908,385
1403715371.012142897,1.465528,3.172848,4.639786,385
1403715371.062143087,1.465578,2.898595,4.364853,385
1403715371.112143040,1.666280,1.758761,3.426551,384
1403715371.162142992,1.594980,2.811764,4.407344,382
1403715371.212142944,1.334616,3.595564,4.930890,380
1403715371.262142897,1.499258,3.984638,5.484546,377
1403715371.312143087,1.527708,3.456682,4.985440,375
1403715371.362143040,1.461067,3.249600,4.711627,374
1403715371.412142992,1.489818,2.909175,4.399923,373
1403715371.462142944,1.841582,1.925943,3.768655,370
1403715371.512142897,1.523178,1.594900,3.118978,407
1403715371.562143087,1.480408,3.937477,5.418575,404
1403715371.612143040,1.636510,3.481422,5.119052,400
1403715371.662142992,1.639850,2.991186,4.633386,396
1403715371.712142944,1.447017,1.590340,3.038297,394
1403715371.762142897,1.609659,3.047977,4.658406,389
1403715371.812143087,1.427388,3.700095,5.128213,381
1403715371.862143040,1.554328,3.745116,5.300614,371
1403715371.912142992,1.750731,3.105017,4.856739,362
1403715371.962142944,1.614680,3.880526,5.495806,389
1403715372.012142897,1.676840,3.713425,5.391235,372
1403715372.062143087,1.540539,3.718995,5.260774,356
1403715372.112143040,1.475258,1.288826,2.764824,362
1403715372.162142992,1.430797,4.497285,5.928892,362
1403715372.212142944,1.484188,2.604172,4.089200,355
1403715372.262142897,1.440747,3.183999,4.625756,352
1403715372.312143087,1.511468,1.704911,3.217329,360
1403715372.362143040,1.627310,3.101408,4.729388,351
1403715372.412142992,1.530849,3.473102,5.004701,383
1403715372.462142944,1.481638,3.880537,5.363125,375
1403715372.512142897,1.505098,3.813576,5.319564,371
1403715372.562143087,1.481537,1.673451,3.155658,365
1403715372.612143040,1.724391,1.678630,3.403881,353
1403715372.662142992,1.605120,3.087487,4.695197,390
1403715372.712142944,1.530118,1.614510,3.145869,387
1403715372.762142897,1.572409,4.541325,6.114694,382
1403715372.812143087,1.527818,2.763414,4.294122,376
1403715372.862143040,1.482488,3.202969,4.686317,372
1403715372.912142992,1.722741,1.422697,3.146238,367
1403715372.962142944,1.501418,4.475004,5.977372,365
1403715373.012142897,1.688691,3.648094,5.338065,357
1403715373.062143087,1.524779,4.609836,6.135875,387
1403715373.112143040,1.675001,3.640694,5.317815,385
1403715373.162142992,1.530939,1.819602,3.351361,367
1403715373.212142944,1.710511,3.725605,5.437096,358
1403715373.262142897,1.665050,2.936366,4.603006,378
1403715373.312143087,1.868092,1.597799,3.466961,356
1403715373.362143040,1.509369,4.589665,6.100224,385
1403715373.412142992,1.456548,1.948403,3.406101,376
1403715373.462142944,1.337186,3.533013,4.871049,365
1403715373.512142897,1.511029,1.730530,3.242579,357
1403715373.562143087,1.436137,3.357821,4.794838,366
1403715373.612143040,1.499458,4.168731,5.668959,362
1403715373.662142992,1.692591,3.418161,5.112212,367
1403715373.712142944,1.549888,3.335621,4.887069,358
1403715373.762142897,1.529119,1.486218,3.016187,362
1403715373.812143087,1.464247,5.101212,6.566389,355
1403715373.862143040,1.741601,2.775804,4.519615,348
1403715373.912142992,1.619499,3.735166,5.355695,355
1403715373.962142944,1.566509,2.598182,4.166081,372
1403715374.012142897,1.722031,1.896453,3.619954,360
1403715374.062143087,1.669730,2.995247,4.665977,372
1403715374.112143040,1.770682,2.786233,4.558215,360
1403715374.162142992,1.429317,2.583732,4.015679,378
1403715374.212142944,1.709641,4.056979,5.769260,370
1403715374.262142897,1.803152,3.130808,4.935020,379
1403715374.312143087,1.597109,3.690365,5.289174,392
1403715374.362143040,1.804021,1.877153,3.682264,370
1403715374.412142992,1.801272,4.255541,6.058003,355
1403715374.462142944,1.606689,3.132828,4.740657,364
1403715374.512142897,1.543118,4.598066,6.142094,362
1403715374.562143087,1.576519,2.263408,3.841417,357
1403715374.612143040,1.545189,3.192879,4.743648,369
1403715374.662142992,1.471468,1.679640,3.152128,365
1403715374.712142944,1.533809,3.145578,4.680147,362
1403715374.762142897,1.509489,1.748081,3.258510,365
1403715374.812143087,1.468818,3.783596,5.252924,366
1403715374.862143040,1.484348,2.962376,4.447944,361
1403715374.912142992,1.628560,3.135258,4.764608,376
1403715374.962142944,1.492528,2.264268,3.757486,376
1403715375.012142897,1.501848,4.043719,5.546347,376
1403715375.062143087,1.628200,3.551923,5.181113,378
1403715375.112143040,1.474628,3.423802,4.899160,394
1403715375.162142992,1.450497,2.952246,4.403583,391
1403715375.212142944,1.822392,2.418779,4.242841,385
1403715375.262142897,1.666470,2.282327,3.949727,400
1403715375.312143087,1.434958,2.690922,4.126820,397
1403715375.362143040,1.443557,2.217057,3.661634,388
1403715375.412142992,1.782092,3.502892,5.285704,378
1403715375.462142944,1.677471,3.781685,5.460196,424
1403715375.512142897,1.559938,3.019517,4.580845,413
1403715375.562143087,1.538638,2.497370,4.036868,410
1403715375.612143040,1.617730,3.510502,5.129222,403
1403715375.662142992,1.691950,4.123120,5.817000,391
1403715375.712142944,1.596969,3.684185,5.282344,388
1403715375.762142897,1.530418,2.658103,4.189701,379
1403715375.812143087,1.669151,2.559981,4.230242,366
1403715375.862143040,1.726511,1.970824,3.698215,375
1403715375.912142992,1.590079,3.645714,5.238413,383
1403715375.962142944,1.533888,2.549981,4.085559,369
1403715376.012142897,1.508878,4.910800,6.420498,361
1403715376.062143087,1.490058,3.021746,4.512814,353
1403715376.112143040,1.469768,2.951806,4.422704,342
1403715376.162142992,1.519948,3.471443,4.992051,333
1403715376.212142944,1.437447,3.045917,4.484354,316
1403715376.262142897,1.412567,2.750614,4.164541,307
1403715376.312143087,1.459158,3.680814,5.140732,293
1403715376.362143040,1.629400,2.317058,3.947378,290
1403715376.412142992,1.539879,3.278560,4.819229,298
1403715376.462142944,1.422607,2.377699,3.801236,314
1403715376.512142897,1.855423,2.842914,4.699047,310
1403715376.562143087,2.076625,1.796612,3.873977,320
1403715376.612143040,1.851882,3.509883,5.362325,304
1403715376.662142992,1.892503,3.907138,5.800501,298
1403715376.712142944,1.533779,2.321108,3.855767,315
1403715376.762142897,1.431197,2.548291,3.980048,315
1403715376.812143087,1.329086,2.883315,4.213861,317
1403715376.862143040,1.433987,3.573623,5.008450,319
1403715376.912142992,1.563019,3.454842,5.019511,324
1403715376.962142944,1.877792,3.571414,5.450466,317
1403715377.012142897,1.905053,2.904935,4.813099,315
1403715377.062143087,1.451507,2.889055,4.341702,322
1403715377.112143040,1.674170,2.765354,4.440854,317
1403715377.162142992,1.613479,2.426440,4.040879,336
1403715377.212142944,1.608130,3.775166,5.383986,346
1403715377.262142897,1.527939,2.782404,4.311073,365
1403715377.312143087,1.640710,1.956954,3.598884,355
1403715377.362143040,1.534138,2.295478,3.830237,366
1403715377.412142992,1.567579,2.931196,4.500045,359
1403715377.462142944,1.592340,2.888895,4.482775,380
1403715377.512142897,1.699381,3.589334,5.289495,368
1403715377.562143087,1.902734,3.021846,4.925760,361
1403715377.612143040,1.630669,3.738206,5.371815,369
1403715377.662142992,1.877703,2.457170,4.335943,365
1403715377.712142944,1.947073,4.252512,6.201275,376
1403715377.762142897,1.545239,3.057127,4.603166,394
1403715377.812143087,1.557559,4.054279,5.612598,385
1403715377.862143040,1.937823,2.795394,4.734087,370
1403715377.912142992,1.615579,2.464840,4.081159,400
1403715377.962142944,1.816972,2.364608,4.182310,385
1403715378.012142897,1.778872,3.073927,4.853489,375
1403715378.062143087,2.108236,2.576401,4.685297,353
1403715378.112143040,1.640860,2.169656,3.811196,412
1403715378.162142992,1.564949,3.284899,4.850818,402
1403715378.212142944,1.605850,2.469770,4.076590,383
1403715378.262142897,1.716921,3.497842,5.215303,372
1403715378.312143087,1.837712,3.662235,5.501027,399
1403715378.362143040,1.900133,3.355071,5.256274,394
1403715378.412142992,2.350339,3.161058,5.512997,373
1403715378.462142944,1.890643,3.628364,5.520057,415
1403715378.512142897,2.084285,1.778061,3.864576,412
1403715378.562143087,1.904153,1.251965,3.156728,408
1403715378.612143040,1.824432,2.469470,4.295232,407
1403715378.662142992,1.876923,4.081989,5.959642,397
1403715378.712142944,2.013234,1.614430,3.628424,387
1403715378.762142897,2.082905,3.077697,5.162542,380
1403715378.812143087,2.028045,1.877653,3.906338,374
1403715378.862143040,1.961083,4.529285,6.490948,371
1403715378.912142992,1.967844,3.621363,5.590057,371
1403715378.962142944,1.882723,2.439759,4.323172,365
1403715379.012142897,1.957314,4.639676,6.597590,363
1403715379.062143087,1.832102,2.864455,4.697257,363
1403715379.112143040,1.891373,1.565719,3.457822,363
1403715379.162142992,1.909204,1.524668,3.435602,362
1403715379.212142944,1.585459,2.201617,3.787926,360
1403715379.262142897,1.429547,4.884570,6.314847,358
1403715379.312143087,1.836713,1.649639,3.487122,357
1403715379.362143040,1.587519,2.047565,3.635874,357
1403715379.412142992,1.663841,1.681660,3.346431,356
1403715379.462142944,1.626229,3.481353,5.108392,356
1403715379.512142897,1.713801,3.086517,4.801688,355
1403715379.562143087,1.616850,2.672162,4.289712,353
1403715379.612143040,1.696071,4.521235,6.218016,353
1403715379.662142992,1.996575,2.583291,4.581556,350
1403715379.712142944,1.609810,1.470468,3.081198,388
1403715379.762142897,1.473748,1.414067,2.888485,384
1403715379.812143087,1.481708,2.199587,3.681945,380
1403715379.862143040,1.486499,4.012418,5.499637,369
1403715379.912142992,1.653530,1.534538,3.188798,367
1403715379.962142944,1.514148,1.905383,3.420211,364
1403715380.012142897,1.379387,1.471128,2.851195,364
1403715380.062143087,1.580170,3.407381,4.988081,353
1403715380.112143040,1.582749,3.150768,4.734387,396
1403715380.162142992,1.567869,2.434180,4.002889,392
1403715380.212142944,1.755622,4.068029,5.824311,373
1403715380.262142897,1.701390,3.913777,5.616687,403
1403715380.312143087,1.752771,1.144034,2.898225,397
1403715380.362143040,1.522848,1.315116,2.838584,387
1403715380.412142992,1.447388,1.554039,3.002097,386
1403715380.462142944,1.460188,3.802656,5.263514,383
1403715380.512142897,1.747422,1.046992,2.795094,374
1403715380.562143087,1.570769,1.196405,2.767884,406
1403715380.612143040,1.423438,1.750301,3.174479,395
1403715380.662142992,1.555409,4.655227,6.211156,389
1403715380.712142944,1.920283,2.781754,4.702977,371
1403715380.762142897,1.961184,2.405419,4.367513,401
1403715380.812143087,1.943883,4.867609,6.812092,389
1403715380.862143040,1.757042,3.839296,5.597148,380
1403715380.912142992,1.904503,1.066053,2.971426,370
1403715380.962142944,1.410027,1.040833,2.451360,419
1403715381.012142897,1.756951,1.059773,2.817424,413
1403715381.062143087,1.583529,4.366243,5.950462,408
1403715381.112143040,1.485818,4.145410,5.631878,400
1403715381.162142992,1.586799,1.499418,3.087037,386
1403715381.212142944,1.691630,1.668111,3.360321,380
1403715381.262142897,1.723231,3.098477,4.822488,404
1403715381.312143087,1.862103,3.251829,5.115012,398
1403715381.362143040,1.988494,1.442877,3.432492,390
1403715381.412142992,1.470717,5.000621,6.471948,388
1403715381.462142944,1.529749,3.004526,4.535305,384
1403715381.512142897,1.807522,3.939878,5.748100,375
1403715381.562143087,1.395277,1.293746,2.690483,411
1403715381.612143040,1.563399,1.812272,3.376281,407
1403715381.662142992,1.477398,2.745353,4.223441,404
1403715381.712142944,1.616099,2.840515,4.457154,392
1403715381.762142897,1.506169,2.035464,3.542433,377
1403715381.812143087,1.571879,3.095057,4.667856,370
1403715381.862143040,1.471828,2.698612,4.171060,370
1403715381.912142992,1.435618,2.804094,4.240712,369
1403715381.962142944,1.463458,1.374076,2.838284,367
1403715382.012142897,1.358576,4.109670,5.468816,366
1403715382.062143087,1.507938,3.168199,4.677257,365
1403715382.112143040,1.471348,3.925638,5.398016,365
1403715382.162142992,1.415567,1.305516,2.721803,365
1403715382.212142944,1.719331,1.375077,3.095168,359
1403715382.262142897,1.580899,3.133578,4.715187,407
1403715382.312143087,1.566609,2.861294,4.428553,404
1403715382.362143040,1.401337,1.233995,2.636012,404
1403715382.412142992,1.497488,3.078298,4.576406,402
1403715382.462142944,1.531579,2.661272,4.193501,395
1403715382.512142897,1.518149,2.426789,3.945838,395
1403715382.562143087,1.478828,1.258055,2.737773,392
1403715382.612143040,1.317766,4.519334,5.837620,389
1403715382.662142992,1.601719,2.885575,4.488164,389
1403715382.712142944,1.498439,3.792105,5.291364,389
1403715382.762142897,1.479228,1.433917,2.913845,387
1403715382.812143087,1.636670,3.385691,5.023011,386
1403715382.862143040,1.438877,3.035307,4.475064,385
1403715382.912142992,1.525438,2.911435,4.437473,384
1403715382.962142944,1.447228,1.430477,2.878345,383
1403715383.012142897,1.509618,2.921385,4.431643,382
1403715383.062143087,1.437548,2.594081,4.032249,382
1403715383.112143040,1.818442,2.759093,4.579165,380
1403715383.162142992,1.924334,1.422727,3.347831,380
1403715383.212142944,2.024065,3.827236,5.851821,379
1403715383.262142897,2.030794,3.063447,5.094951,379
1403715383.312143087,1.815932,3.401131,5.217803,378
1403715383.362143040,1.577430,1.401447,2.979497,377
1403715383.412142992,1.528188,3.412062,4.941350,376
1403715383.462142944,1.636510,2.458130,4.095190,375
1403715383.512142897,1.367586,2.950596,4.318852,372
1403715383.562143087,1.698571,1.785091,3.484482,369
1403715383.612143040,2.004204,3.226279,5.231183,376
1403715383.662142992,1.553939,3.625354,5.179903,403
1403715383.712142944,1.591509,2.851725,4.444384,402
1403715383.762142897,1.601780,2.083345,3.685855,383
1403715383.812143087,1.493608,3.525473,5.019601,381
1403715383.862143040,1.658270,2.952416,4.611526,379
1403715383.912142992,1.636530,3.515052,5.152242,411
1403715383.962142944,1.506448,1.443818,2.950956,411
1403715384.012142897,1.450277,2.896555,4.347492,409
1403715384.062143087,1.682710,2.582361,4.266011,405
1403715384.112143040,1.563009,2.878395,4.442054,402
1403715384.162142992,1.452797,3.442592,4.896139,397
1403715384.212142944,1.654880,3.591484,5.247534,395
1403715384.262142897,1.658980,2.413259,4.072949,391
1403715384.312143087,1.409957,2.473700,3.884517,386
1403715384.362143040,1.881203,1.577309,3.459662,385
1403715384.412142992,1.602159,3.111058,4.713757,420
1403715384.462142944,1.698791,4.025288,5.724799,415
1403715384.512142897,1.695041,3.285239,4.982210,411
1403715384.562143087,1.587629,1.376157,2.964566,411
1403715384.612143040,1.463107,2.827735,4.291552,406
1403715384.662142992,1.507549,2.440089,3.948478,404
1403715384.712142944,1.552398,3.104608,4.657556,401
1403715384.762142897,1.424837,3.448562,4.874229,391
1403715384.812143087,1.739011,4.248791,5.989272,375
1403715384.862143040,1.468167,2.258808,3.727825,412
1403715384.912142992,1.673221,2.736893,4.410884,396
1403715384.962142944,1.606409,3.211949,4.819058,391
1403715385.012142897,1.525878,2.238507,3.764945,388
1403715385.062143087,1.464968,3.165548,4.631456,385
1403715385.112143040,1.567949,3.115927,4.684536,381
1403715385.162142992,1.844832,1.427508,3.272910,379
1403715385.212142944,1.610219,2.662593,4.273652,418
1403715385.262142897,1.577839,2.595732,4.174411,414
1403715385.312143087,1.491258,2.993306,4.485144,412
1403715385.362143040,1.630029,3.521553,5.152352,410
1403715385.412142992,1.866093,3.936157,5.803180,409
1403715385.462142944,1.801372,2.503590,4.305892,405
1403715385.512142897,1.865862,2.249058,4.116710,403
1403715385.562143087,1.912514,3.333340,5.246594,401
1403715385.612143040,1.593179,2.236947,3.832496,397
1403715385.662142992,1.524119,3.285359,4.810968,395
1403715385.712142944,1.508948,2.927266,4.436974,394
1403715385.762142897,1.543049,2.915895,4.459514,393
1403715385.812143087,1.362156,2.887665,4.251051,390
1403715385.862143040,1.807371,2.573361,4.381512,387
1403715385.912142992,1.760011,2.840995,4.601576,381
1403715385.962142944,1.911803,3.173658,5.086161,374
1403715386.012142897,1.488597,4.232382,5.721810,417
1403715386.062143087,1.524789,2.621882,4.147341,415
1403715386.112143040,1.432037,1.846573,3.279370,412
1403715386.162142992,1.620089,3.138778,4.759517,410
1403715386.212142944,1.803372,1.995734,3.799906,407
1403715386.262142897,1.905353,3.271809,5.177942,406
1403715386.312143087,2.009534,2.630402,4.640726,404
1403715386.362143040,1.894353,2.394839,4.289852,401
1403715386.412142992,1.967353,2.965736,4.933819,396
1403715386.462142944,2.345719,2.967246,5.313675,393
1403715386.512142897,2.248497,2.948635,5.197722,390
1403715386.562143087,1.881853,4.034098,5.916981,387
1403715386.612143040,1.866483,4.674726,6.543259,386
1403715386.662142992,1.810892,2.449100,4.260722,381
1403715386.712142944,1.845013,1.820651,3.667244,379
1403715386.762142897,1.835492,3.399962,5.236154,377
1403715386.812143087,2.243578,1.758921,4.003039,375
1403715386.862143040,1.907973,3.223039,5.131692,413
1403715386.912142992,1.935563,2.219937,4.156170,408
1403715386.962142944,1.695641,2.778643,4.475214,408
1403715387.012142897,1.660100,2.618722,4.279842,407
1403715387.062143087,1.395068,2.570581,3.966369,406
1403715387.112143040,1.438907,2.835005,4.274492,401
1403715387.162142992,1.510878,4.102980,5.614598,397
1403715387.212142944,1.461648,3.897457,5.359865,397
1403715387.262142897,1.864562,2.567581,4.433223,392
1403715387.312143087,1.657100,1.621040,3.279310,387
1403715387.362143040,1.422037,3.555613,4.978320,382
1403715387.412142992,1.506488,4.010669,5.518037,379
1403715387.462142944,1.409667,3.215249,4.626446,375
1403715387.512142897,1.694640,2.556671,4.252471,372
1403715387.562143087,1.648030,3.309870,4.958470,408
1403715387.612143040,1.567970,2.502440,4.071090,400
1403715387.662142992,1.595009,1.742612,3.338311,398
1403715387.712142944,1.472118,2.954186,4.426854,394
1403715387.762142897,1.492498,3.877607,5.371005,394
1403715387.812143087,1.502188,3.708575,5.211483,392
1403715387.862143040,1.613909,2.390019,4.004778,384
1403715387.912142992,1.684990,1.579189,3.265549,383
1403715387.962142944,1.810182,3.598054,5.408856,378
1403715388.012142897,1.617310,3.259459,4.877429,374
1403715388.062143087,1.491688,2.854634,4.347382,364
1403715388.112143040,1.675991,3.842756,5.519517,355
1403715388.162142992,1.529178,3.942468,5.472296,389
1403715388.212142944,1.540699,2.294618,3.836157,371
1403715388.262142897,1.805331,1.713481,3.519502,359
1403715388.312143087,1.629990,3.193078,4.823548,385
1403715388.362143040,1.422177,3.669574,5.092451,377
1403715388.412142992,1.535748,3.440562,4.977040,374
1403715388.462142944,1.509618,2.005444,3.515632,367
1403715388.512142897,1.512969,1.245465,2.759674,359
1403715388.562143087,1.684400,5.073562,6.758942,345
1403715388.612143040,1.537239,3.107397,4.645356,389
1403715388.662142992,1.816232,3.616604,5.434686,387
1403715388.712142944,1.530338,3.455072,4.986470,382
1403715388.762142897,1.475568,2.700462,4.176810,378
1403715388.812143087,1.373047,1.442697,2.816444,373
1403715388.862143040,1.498768,3.520293,5.019821,367
1403715388.912142992,1.473448,1.221485,2.695563,365
1403715388.962142944,1.459487,4.580966,6.041233,365
1403715389.012142897,1.567419,3.494652,5.062931,361
1403715389.062143087,1.751071,1.679240,3.430931,360
1403715389.112143040,1.533928,1.437178,2.972046,398
1403715389.162142992,1.503188,5.161142,6.664990,395
1403715389.212142944,1.572989,2.730333,4.304902,390
1403715389.262142897,1.567729,2.440470,4.008989,386
1403715389.312143087,1.413867,3.395751,4.810328,380
1403715389.362143040,1.383877,2.804234,4.188681,374
1403715389.412142992,1.483888,1.405057,2.890175,369
1403715389.462142944,1.330836,4.268752,5.601368,365
1403715389.512142897,1.640570,1.736851,3.378371,354
1403715389.562143087,1.478588,3.926007,5.405795,375
1403715389.612143040,1.621890,3.802966,5.427006,369
1403715389.662142992,1.394657,3.061497,4.457004,367
1403715389.712142944,1.808882,1.928633,3.738445,366
1403715389.762142897,1.647980,3.893717,5.542757,381
1403715389.812143087,1.447757,2.559141,4.007578,379
1403715389.862143040,1.432737,2.461770,3.895557,374
1403715389.912142992,1.422277,2.957216,4.380883,386
1403715389.962142944,1.429438,2.761203,4.191181,374
1403715390.012142897,1.674100,1.471908,3.146978,367
1403715390.062143087,1.611549,2.464130,4.076619,377
1403715390.112143040,1.644570,2.545521,4.190801,369
1403715390.162142992,1.393067,3.623524,5.017461,383
1403715390.212142944,1.616929,3.437812,5.056482,366
1403715390.262142897,1.706721,3.305980,5.013511,354
1403715390.312143087,1.589389,2.994176,4.584285,366
1403715390.362143040,1.682120,4.060269,5.743469,361
1403715390.412142992,1.508218,2.800074,4.308882,382
1403715390.462142944,1.431838,2.977766,4.410314,378
1403715390.512142897,1.595669,2.846685,4.443924,373
1403715390.562143087,1.527629,2.641122,4.169341,365
1403715390.612143040,1.789002,2.569821,4.360553,360
1403715390.662142992,1.498498,2.228227,3.727835,391
1403715390.712142944,1.542079,3.211508,4.754277,381
1403715390.762142897,1.538619,3.345320,4.884729,376
1403715390.812143087,1.470548,3.463641,4.935299,370
1403715390.862143040,1.604119,3.429812,5.034611,365
1403715390.912142992,1.547229,2.303378,3.852977,386
1403715390.962142944,1.726001,3.382381,5.109602,384
1403715391.012142897,1.547929,3.006086,4.554755,384
1403715391.062143087,1.506118,2.898085,4.404993,380
1403715391.112143040,1.410847,2.472780,3.884467,373
1403715391.162142992,1.441608,2.536451,3.979009,370
1403715391.212142944,1.837622,3.386772,5.225704,364
1403715391.262142897,1.520428,2.167026,3.688444,394
1403715391.312143087,1.549708,2.405770,3.956128,388
1403715391.362143040,1.383927,3.590963,4.976630,377
1403715391.412142992,1.320656,3.333340,4.655286,377
1403715391.462142944,1.552939,3.772935,5.326564,372
1403715391.512142897,1.473488,2.331008,3.806106,388
1403715391.562143087,1.575970,3.852766,5.429926,379
1403715391.612143040,1.552178,2.542921,4.095949,369
1403715391.662142992,1.679151,2.902585,4.582856,377
1403715391.712142944,1.610809,2.333069,3.944838,378
1403715391.762142897,1.625400,2.354018,3.980118,361
1403715391.812143087,1.793031,4.156841,5.950742,356
1403715391.862143040,1.823982,2.552661,4.377973,339
1403715391.912142992,1.537528,2.445030,3.983508,359
1403715391.962142944,1.545359,2.934085,4.480234,367
1403715392.012142897,1.512578,3.522893,5.036641,382
1403715392.062143087,1.761742,3.600183,5.362715,367
1403715392.112143040,1.562489,2.274777,3.838216,392
1403715392.162142992,1.706381,2.952226,4.659447,384
1403715392.212142944,1.591979,2.494250,4.086909,403
1403715392.262142897,1.673300,2.670902,4.345032,389
1403715392.312143087,1.774661,2.239097,4.015238,364
1403715392.362143040,1.438837,2.025815,3.465262,388
1403715392.412142992,1.984024,3.255090,5.240024,372
1403715392.462142944,1.710220,3.131628,4.842538,388
1403715392.512142897,1.972794,3.553083,5.526457,358
1403715392.562143087,1.641080,4.031619,5.673579,408
1403715392.612143040,1.664740,2.998406,4.664146,401
1403715392.662142992,1.607559,3.729555,5.337994,389
1403715392.712142944,1.499959,1.585459,3.086328,384
1403715392.762142897,1.588829,4.053579,5.643818,374
1403715392.812143087,1.564769,2.413249,3.978728,403
1403715392.862143040,1.574469,2.544201,4.120440,394
1403715392.912142992,1.490688,3.082567,4.574325,382
1403715392.962142944,1.790002,1.911733,3.702605,374
1403715393.012142897,1.638630,4.201231,5.840741,393
1403715393.062143087,1.608280,3.047507,4.656847,374
1403715393.112143040,1.517659,3.026226,4.544515,387
1403715393.162142992,1.562939,3.081038,4.645147,375
1403715393.212142944,1.738421,3.294810,5.034071,365
1403715393.262142897,1.514509,2.409799,3.925038,387
1403715393.312143087,1.700771,1.777081,3.478672,373
1403715393.362143040,1.525089,4.421383,5.947522,368
1403715393.412142992,1.563539,2.473920,4.038339,351
1403715393.462142944,1.598810,2.607011,4.206731,381
1403715393.512142897,1.468958,2.540101,4.009929,372
1403715393.562143087,1.432658,2.302188,3.735486,357
1403715393.612143040,1.560469,3.180359,4.741898,345
1403715393.662142992,1.710441,3.470982,5.182353,358
1403715393.712142944,1.709550,2.582831,4.293091,352
1403715393.762142897,1.478378,2.473690,3.953468,372
1403715393.812143087,1.713960,3.167939,4.882779,354
1403715393.862143040,1.688651,2.377528,4.066829,348
1403715393.912142992,1.420307,2.247937,3.669424,401
1403715393.962142944,2.288198,3.697325,5.989103,389
1403715394.012142897,2.064085,4.019459,6.084664,381
1403715394.062143087,2.010414,2.546491,4.557865,379
1403715394.112143040,1.919703,2.674692,4.595045,373
1403715394.162142992,1.896073,1.752441,3.649134,370
1403715394.212142944,1.823682,3.053507,4.877879,364
1403715394.262142897,2.204957,2.601571,4.807208,360
1403715394.312143087,2.479300,3.882297,6.362177,374
1403715394.362143040,1.931954,1.688990,3.623264,358
1403715394.412142992,1.550729,3.157028,4.709727,379
1403715394.462142944,1.741291,3.614274,5.356375,367
1403715394.512142897,1.537478,1.661090,3.199918,394
1403715394.562143087,1.449008,2.556051,4.006409,387
1403715394.612143040,1.605300,3.162478,4.768538,385
1403715394.662142992,1.619820,1.551799,3.172549,377
1403715394.712142944,2.146526,3.269520,5.417806,371
1403715394.762142897,2.376989,1.137634,3.515293,366
1403715394.812143087,2.118795,2.458620,4.578265,404
1403715394.862143040,2.469100,2.383058,4.852858,348
1403715394.912142992,2.079026,3.873256,5.952902,374
1403715394.962142944,1.896493,1.164834,3.061957,363
1403715395.012142897,1.843252,3.285840,5.129792,359
1403715395.062143087,1.780172,4.570485,6.351237,359
1403715395.112143040,2.134156,1.352056,3.486922,358
1403715395.162142992,1.817612,2.943125,4.763687,353
1403715395.212142944,1.568519,3.204849,4.774138,392
1403715395.262142897,1.627070,1.834022,3.463952,391
1403715395.312143087,1.578719,1.909473,3.489722,366
1403715395.362143040,1.479188,3.053736,4.533645,354
1403715395.412142992,1.477228,1.039173,2.517141,347
1403715395.462142944,1.369257,5.523337,6.893274,335
1403715395.512142897,1.528419,1.562809,3.091868,323
1403715395.562143087,1.416297,2.686792,4.104029,372
1403715395.612143040,1.379917,1.071403,2.451970,365
1403715395.662142992,1.225155,5.754419,6.979984,358
1403715395.712142944,1.547049,0.962252,2.510541,349
1403715395.762142897,1.625390,2.139196,3.765226,333
1403715395.812143087,1.549969,2.657982,4.208571,360
1403715395.862143040,1.254645,0.835250,2.090585,355
1403715395.912142992,1.317675,1.078984,2.397239,354
1403715395.962142944,1.218975,5.467086,6.686581,349
1403715396.012142897,1.226945,1.532999,2.760704,346
1403715396.062143087,1.156194,3.786116,4.942750,344
1403715396.112143040,1.222505,2.591101,3.815816,343
1403715396.162142992,1.621360,1.856212,3.478382,338
1403715396.212142944,1.260416,1.335406,2.596472,381
1403715396.262142897,1.219915,5.321744,6.542159,379
1403715396.312143087,1.409787,1.609410,3.020417,376
1403715396.362143040,1.480868,3.644494,5.126002,368
1403715396.412142992,1.419107,1.620280,3.040047,366
1403715396.462142944,1.479778,1.672771,3.153189,364
1403715396.512142897,1.270935,1.711101,2.982796,362
1403715396.562143087,1.641149,1.881543,3.523133,362
1403715396.612143040,1.576609,1.547209,3.124508,362
1403715396.662142992,1.289316,3.174018,4.464284,357
1403715396.712142944,1.362396,2.566362,3.929388,347
1403715396.762142897,1.599609,3.771246,5.371555,342
1403715396.812143087,1.521698,1.668630,3.191088,376
1403715396.862143040,1.573749,5.668909,7.243178,370
1403715396.912142992,1.529619,1.617209,3.148488,365
1403715396.962142944,1.336036,3.632074,4.968870,359
1403715397.012142897,1.630229,1.385777,3.017156,348
1403715397.062143087,1.659670,1.410007,3.070767,385
1403715397.112143040,1.535428,1.372957,2.908995,383
1403715397.162142992,1.509188,1.501239,3.011187,374
1403715397.212142944,1.652990,1.269345,2.923165,371
1403715397.262142897,1.586569,5.326855,6.914344,367
1403715397.312143087,1.591950,2.793013,4.385613,365
1403715397.362143040,1.513008,4.979130,6.493688,365
1403715397.412142992,1.511928,1.608869,3.121857,363
1403715397.462142944,1.193314,3.874777,5.068591,362
1403715397.512142897,1.558399,1.699280,3.258639,360
1403715397.562143087,1.337136,4.190621,5.528597,355
1403715397.612143040,1.631540,3.690885,5.323215,347
1403715397.662142992,1.654050,2.012305,3.667685,364
1403715397.712142944,1.664061,2.099885,3.764956,345
1403715397.762142897,1.449968,2.090295,3.541003,358
1403715397.812143087,1.566259,2.421429,3.988528,345
1403715397.862143040,1.560019,3.936887,5.497826,354
1403715397.912142992,1.518838,3.992698,5.512256,352
1403715397.962142944,1.759091,3.066227,4.826888,352
1403715398.012142897,1.630259,1.639330,3.270399,374
1403715398.062143087,1.523289,3.588853,5.112902,364
1403715398.112143040,1.596400,2.502970,4.100450,355
1403715398.162142992,1.661150,4.821049,6.483039,373
1403715398.212142944,1.468088,2.642662,4.111800,370
1403715398.262142897,1.526669,1.721990,3.250039,367
1403715398.312143087,1.354207,3.276389,4.631516,365
1403715398.362143040,1.720621,2.121465,3.842656,357
1403715398.412142992,1.735761,2.536691,4.273222,400
1403715398.462142944,1.813912,3.140748,4.955310,397
1403715398.512142897,1.724340,4.862629,6.587489,396
1403715398.562143087,1.722021,3.359990,5.083191,393
1403715398.612143040,1.767962,2.121775,3.890657,389
1403715398.662142992,1.867852,3.286840,5.155212,387
1403715398.712142944,1.619659,3.064527,4.684976,381
1403715398.762142897,1.408107,4.539175,5.948252,375
1403715398.812143087,1.374027,2.805204,4.179981,371
1403715398.862143040,1.343176,1.865723,3.209919,368
1403715398.912142992,1.478088,2.646452,4.125610,366
1403715398.962142944,1.379506,4.023039,5.403065,364
1403715399.012142897,1.270055,1.998054,3.268879,363
1403715399.062143087,1.492378,3.093277,4.586535,363
1403715399.112143040,1.599809,4.135470,5.735819,363
1403715399.162142992,1.548849,3.326320,4.876069,363
1403715399.212142944,1.430248,1.966413,3.397671,362
1403715399.262142897,1.422507,2.688443,4.111700,362
1403715399.312143087,1.556109,2.826624,4.383903,362
1403715399.362143040,1.382506,3.786796,5.169822,362
1403715399.412142992,1.903463,2.748443,4.653817,361
1403715399.462142944,1.456328,1.834312,3.291300,359
1403715399.512142897,1.681990,2.180067,3.862897,358
1403715399.562143087,1.490528,3.826256,5.317644,376
1403715399.612143040,1.806032,1.993434,3.800336,363
1403715399.662142992,1.588999,3.074137,4.664206,393
1403715399.712142944,1.561439,4.475494,6.037493,391
1403715399.762142897,1.686580,3.444082,5.131932,388
1403715399.812143087,1.538238,1.919944,3.458862,387
1403715399.862143040,1.655570,2.560921,4.217011,386
1403715399.912142992,1.659260,2.770514,4.430454,385
1403715399.962142944,1.452067,4.464935,5.917672,385
1403715400.012142897,1.397657,2.764034,4.162991,384
1403715400.062143087,1.539858,1.886053,3.426561,380
1403715400.112143040,1.507778,3.096707,4.605245,378
1403715400.162142992,1.488288,3.378821,4.867719,378
1403715400.212142944,1.287186,3.824776,5.112952,378
1403715400.262142897,1.388647,3.023717,4.413014,378
1403715400.312143087,1.372637,4.311662,5.684769,378
1403715400.362143040,1.443307,3.652004,5.096931,376
1403715400.412142992,1.547379,2.116736,3.664975,373
1403715400.462142944,1.496038,2.592972,4.089740,368
1403715400.512142897,1.493659,2.872874,4.367283,357
1403715400.562143087,1.685971,4.306582,5.993283,345
1403715400.612143040,1.693091,2.494640,4.188441,371
1403715400.662142992,1.483088,1.632030,3.115908,360
1403715400.712142944,1.399717,2.879875,4.280262,350
1403715400.762142897,1.841203,3.819726,5.661509,343
1403715400.812143087,1.572919,3.828416,5.402225,367
1403715400.862143040,1.438757,3.062007,4.501534,354
1403715400.912142992,1.570929,3.057497,4.628956,350
1403715400.962142944,1.650990,3.435941,5.088001,346
1403715401.012142897,1.495738,1.967524,3.466162,382
1403715401.062143087,1.701180,2.583291,4.285141,380
1403715401.112143040,1.476608,2.722992,4.200530,376
1403715401.162142992,1.378937,5.307844,6.687681,373
1403715401.212142944,1.467467,2.952126,4.420803,373
1403715401.262142897,1.574649,1.739341,3.314910,372
1403715401.312143087,1.518999,2.566861,4.086480,370
1403715401.362143040,1.638990,4.042189,5.681899,370
1403715401.412142992,1.514338,3.772975,5.288103,368
1403715401.462142944,1.347927,2.785714,4.134271,365
1403715401.512142897,1.487388,2.362889,3.850987,364
1403715401.562143087,1.341197,4.381603,5.723400,362
1403715401.612143040,1.428967,1.846943,3.276800,356
1403715401.662142992,1.241315,2.631382,3.873197,352
1403715401.712142944,1.561369,2.620882,4.183111,344
1403715401.762142897,1.638660,4.998661,6.638001,333
1403715401.812143087,1.589689,2.351548,3.942307,371
1403715401.862143040,1.505878,2.117616,3.624214,365
1403715401.912142992,1.316306,2.494220,3.811346,354
1403715401.962142944,1.393646,3.358811,4.753037,350
1403715402.012142897,1.291566,3.324110,4.616416,346
1403715402.062143087,1.601240,2.712503,4.314433,337
1403715402.112143040,1.691581,2.186946,3.879147,366
1403715402.162142992,1.802441,4.116070,5.920321,337
1403715402.212142944,2.157616,2.182326,4.341462,326
1403715402.262142897,1.797062,2.654402,4.452334,361
1403715402.312143087,1.657060,2.095595,3.753585,357
1403715402.362143040,1.811532,5.872351,7.684733,352
1403715402.412142992,1.785751,2.429990,4.216551,380
1403715402.462142944,1.704251,1.574339,3.279450,373
1403715402.512142897,1.758482,1.660020,3.419372,351
1403715402.562143087,1.592510,3.137558,4.730858,338
1403715402.612143040,1.988293,2.578132,4.567065,357
1403715402.662142992,1.938553,3.921228,5.860461,359
1403715402.712142944,1.612109,2.041645,3.654444,352
1403715402.762142897,1.627869,4.182611,5.810990,335
1403715402.812143087,1.757892,4.202571,5.961293,321
1403715402.862143040,1.723671,1.804362,3.529653,316
1403715402.912142992,1.635950,2.642322,4.279092,307
1403715402.962142944,1.684160,5.098522,6.783582,293
1403715403.012142897,1.697951,2.361849,4.060810,287
1403715403.062143087,1.650659,1.473148,3.124497,296
1403715403.112143040,1.626600,1.499968,3.127038,308
1403715403.162142992,1.580409,3.634444,5.215353,297
1403715403.212142944,1.864902,2.541251,4.407183,292
1403715403.262142897,1.553408,3.823097,5.377355,307
1403715403.312143087,1.527509,1.608019,3.136078,326
1403715403.362143040,1.402567,2.939266,4.342753,340
1403715403.412142992,1.382907,3.024326,4.408313,340
1403715403.462142944,1.451047,2.267068,3.718795,339
1403715403.512142897,1.518878,2.678613,4.198431,332
1403715403.562143087,1.581059,4.007608,5.589617,332
1403715403.612143040,1.376457,2.847924,4.225531,327
1403715403.662142992,1.511338,2.868585,4.380793,320
1403715403.712142944,1.395347,1.318546,2.714633,317
1403715403.762142897,1.419867,3.458822,4.879309,326
1403715403.812143087,1.686691,2.843864,4.531645,350
1403715403.862143040,1.515858,3.848127,5.364915,348
1403715403.912142992,1.454338,3.003366,4.458464,344
1403715403.962142944,1.342227,2.815864,4.159011,343
1403715404.012142897,1.477908,2.356039,3.834977,335
1403715404.062143087,1.550289,1.669320,3.220319,326
1403715404.112143040,1.751251,2.124816,3.876927,330
1403715404.162142992,1.743481,4.209241,5.953622,335
1403715404.212142944,1.512309,3.616783,5.130362,335
1403715404.262142897,1.558758,2.099436,3.659354,333
1403715404.312143087,1.813612,3.006366,4.820988,337
1403715404.362143040,1.649080,3.802686,5.452426,349
1403715404.412142992,1.445068,2.331538,3.777456,344
1403715404.462142944,1.592939,3.728775,5.322614,340
1403715404.512142897,1.555909,2.266077,3.822836,329
1403715404.562143087,1.399297,2.566011,3.966118,319
1403715404.612143040,1.480247,2.878955,4.360102,308
1403715404.662142992,1.445507,2.925276,4.371453,297
1403715404.712142944,1.327206,3.736205,5.064761,287
1403715404.762142897,1.463678,4.148370,5.613008,282
1403715404.812143087,1.420207,2.386789,3.807686,281
1403715404.862143040,1.353877,2.830994,4.185851,289
1403715404.912142992,1.235885,2.590131,3.827066,292
1403715404.962142944,1.232864,3.183919,4.417413,294
1403715405.012142897,1.197244,2.388499,3.586613,292
1403715405.062143087,1.563679,3.137378,4.702367,295
1403715405.112143040,1.510149,1.902023,3.412892,292
1403715405.162142992,1.566759,2.233557,3.801366,302
1403715405.212142944,1.532348,2.934226,4.467374,293
1403715405.262142897,1.526529,2.838444,4.365693,304
1403715405.312143087,1.540859,2.628782,4.170511,328
1403715405.362143040,1.812792,4.057160,5.870802,335
1403715405.412142992,1.645270,3.185658,4.831588,358
1403715405.462142944,1.710431,2.771583,4.482854,337
1403715405.512142897,1.751472,1.898362,3.650794,337
1403715405.562143087,1.606459,3.976158,5.583287,346
1403715405.612143040,1.493468,2.605592,4.100610,370
1403715405.662142992,1.564199,3.569903,5.135292,363
1403715405.712142944,1.395876,2.987037,4.383663,360
1403715405.762142897,1.585300,2.256207,3.842887,356
1403715405.812143087,1.569729,3.371061,4.941720,343
1403715405.862143040,1.543079,3.639544,5.184133,356
1403715405.912142992,1.725791,3.772385,5.499216,329
1403715405.962142944,1.827703,4.316732,6.146155,326
1403715406.012142897,1.754641,1.690790,3.446281,316
1403715406.062143087,1.521078,3.545073,5.067282,334
1403715406.112143040,1.425017,2.886585,4.312852,329
1403715406.162142992,1.631410,3.950688,5.583008,323
1403715406.212142944,1.572548,2.126906,3.700475,325
1403715406.262142897,1.371076,2.511661,3.883387,336
1403715406.312143087,1.563539,1.915183,3.479602,336
1403715406.362143040,1.728351,2.119366,3.848617,336
1403715406.412142992,1.508219,3.832706,5.341555,331
1403715406.462142944,1.598929,4.104200,5.704279,340
1403715406.512142897,1.511209,2.933205,4.445104,340
1403715406.562143087,1.482938,3.771086,5.255184,333
1403715406.612143040,1.535758,3.034387,4.570815,301
1403715406.662142992,1.520469,1.681900,3.203149,301
1403715406.712142944,1.574349,3.451321,5.026561,298
1403715406.762142897,1.618030,3.244129,4.862909,300
1403715406.812143087,1.477868,3.607403,5.086831,302
1403715406.862143040,1.655680,2.071955,3.728335,304
1403715406.912142992,1.472198,1.813221,3.286659,314
1403715406.962142944,1.442787,2.132966,3.576703,320
1403715407.012142897,1.470648,4.162950,5.634678,309
1403715407.062143087,1.628879,3.397021,5.027050,307
1403715407.112143040,1.558949,4.224451,5.784100,295
1403715407.162142992,1.930313,2.982886,4.913999,284
1403715407.212142944,1.730071,1.608900,3.339901,283
1403715407.262142897,1.987613,2.122046,4.110529,274
1403715407.312143087,1.980704,4.280582,6.261976,306
1403715407.362143040,1.949314,2.377079,4.327113,311
1403715407.412142992,1.733201,2.296218,4.030109,322
1403715407.462142944,2.062564,3.033987,5.097361,314
1403715407.512142897,1.933903,2.066575,4.001178,322
1403715407.562143087,1.916793,2.423090,4.340723,314
1403715407.612143040,1.871372,4.210731,6.082743,300
1403715407.662142992,1.662610,3.024197,4.687487,272
1403715407.712142944,1.939204,2.208357,4.148191,222
1403715407.762142897,1.832412,2.513010,4.346252,223
1403715407.812143087,1.585549,1.833522,3.419661,221
1403715407.862143040,1.818952,2.562141,4.381813,207
1403715407.912142992,1.525298,2.142476,3.668484,247
1403715407.962142944,1.599719,1.141024,2.741303,242
1403715408.012142897,2.052445,1.139204,3.192409,215
1403715408.062143087,2.362519,0.791750,3.155019,217
1403715408.112143040,2.828294,0.794670,3.623584,224
1403715408.162142992,4.130180,0.492796,4.623756,205
1403715408.212142944,3.811896,3.372941,7.185527,238
1403715408.262142897,2.916065,0.620557,3.537232,260
1403715408.312143087,2.453059,0.421426,2.875215,262
1403715408.362143040,2.137726,0.636827,2.775223,267
1403715408.412142992,1.865082,1.104794,2.970466,247
1403715408.462142944,2.129895,1.136024,3.266679,254
1403715408.512142897,1.747261,1.164274,2.912145,341
1403715408.562143087,1.784772,1.417577,3.203129,343
1403715408.612143040,1.813982,1.248845,3.063677,335
1403715408.662142992,1.788172,1.394686,3.183478,340
1403715408.712142944,1.673720,2.478480,4.152840,333
1403715408.762142897,1.775481,4.229341,6.005532,342
1403715408.812143087,1.862263,3.482572,5.345675,333
1403715408.862143040,1.657140,3.308610,4.966360,342
1403715408.912142992,2.046025,2.478060,4.525165,317
1403715408.962142944,1.965354,1.567049,3.533283,342
1403715409.012142897,1.446487,4.210021,5.657368,373
1403715409.062143087,2.068485,4.055769,6.126364,349
1403715409.112143040,2.230527,3.156549,5.395136,359
1403715409.162142992,1.673670,2.191546,3.866537,375
1403715409.212142944,1.654780,2.338149,3.994179,362
1403715409.262142897,1.814972,1.464797,3.281629,337
1403715409.312143087,1.366126,2.663693,4.030479,366
1403715409.362143040,1.424587,3.252670,4.678677,350
1403715409.412142992,1.554119,2.843285,4.398764,343
1403715409.462142944,2.066465,3.125508,5.192583,333
1403715409.512142897,1.721161,3.023777,4.745708,360
1403715409.562143087,1.438308,2.951246,4.390284,370
1403715409.612143040,1.689411,2.781863,4.472264,360
1403715409.662142992,1.727011,3.345690,5.073381,350
1403715409.712142944,1.522078,3.087878,4.610806,374
1403715409.762142897,1.429597,2.292598,3.722895,367
1403715409.812143087,1.554999,2.430609,3.986358,356
1403715409.862143040,1.681300,2.681383,4.364593,361
1403715409.912142992,1.603400,1.933573,3.537593,359
1403715409.962142944,1.497188,2.164916,3.662794,372
1403715410.012142897,1.440978,2.838044,4.279882,370
1403715410.062143087,1.569729,3.685825,5.256144,362
1403715410.112143040,1.736341,2.880665,4.617796,382
1403715410.162142992,1.803012,2.766133,4.569975,394
1403715410.212142944,1.941173,2.439320,4.381103,403
1403715410.262142897,1.802782,3.670294,5.475906,428
1403715410.312143087,1.740741,2.755333,4.497304,422
1403715410.362143040,1.499288,2.111415,3.611883,413
1403715410.412142992,1.426887,2.718593,4.146420,410
1403715410.462142944,1.442258,2.901725,4.345093,405
1403715410.512142897,1.377377,2.608812,3.987079,404
1403715410.562143087,1.368787,2.764773,4.134560,400
1403715410.612143040,1.678530,2.684963,4.364533,394
1403715410.662142992,1.406137,2.801624,4.208551,434
1403715410.712142944,1.614959,3.544233,5.160312,431
1403715410.762142897,1.494708,2.594471,4.090510,424
1403715410.812143087,1.669290,4.419993,6.089833,418
1403715410.862143040,1.456188,3.203789,4.660707,408
1403715410.912142992,1.613880,2.369108,3.985288,403
1403715410.962142944,1.484478,1.855352,3.340470,395
1403715411.012142897,1.650580,2.779914,4.431154,387
1403715411.062143087,1.584989,2.536501,4.122290,399
1403715411.112143040,1.602490,2.563671,4.166751,392
1403715411.162142992,1.626059,2.531431,4.158200,385
1403715411.212142944,1.420077,4.029399,5.450296,400
1403715411.262142897,1.398367,3.522432,4.922219,400
1403715411.312143087,1.561559,2.766423,4.328702,397
1403715411.362143040,1.383787,2.618811,4.003468,397
1403715411.412142992,1.349116,3.028347,4.378043,396
1403715411.462142944,1.480778,3.503502,4.985580,392
1403715411.512142897,1.611869,2.332018,3.944847,396
1403715411.562143087,1.630190,1.521298,3.152048,396
1403715411.612143040,1.428278,3.191498,4.620566,396
1403715411.662142992,1.402857,2.307898,3.711905,394
1403715411.712142944,1.374787,2.731433,4.106970,394
1403715411.762142897,1.587969,3.407301,4.996150,394
1403715411.812143087,1.759841,3.636394,5.396995,392
1403715411.862143040,1.581619,2.588771,4.170950,391
1403715411.912142992,1.476738,2.667162,4.144660,413
1403715411.962142944,1.514489,2.432059,3.947498,411
1403715412.012142897,1.407866,3.125798,4.534174,411
1403715412.062143087,1.373116,3.559933,4.934389,409
1403715412.112143040,1.391227,1.894133,3.286210,409
1403715412.162142992,1.382716,1.905333,3.288599,409
1403715412.212142944,1.474527,2.969676,4.444813,409
1403715412.262142897,1.387167,2.413419,3.801156,407
1403715412.312143087,1.590400,2.527300,4.118380,407
1403715412.362143040,1.680320,3.289270,4.970400,405
1403715412.412142992,1.603809,3.469352,5.074401,404
1403715412.462142944,2.061245,3.082807,5.144723,400
1403715412.512142897,1.900093,2.521310,4.422293,439
1403715412.562143087,1.541468,2.743344,4.285562,437
1403715412.612143040,1.423557,2.736333,4.160470,435
1403715412.662142992,1.550299,3.496532,5.047401,434
1403715412.712142944,1.647080,2.047975,3.695725,433
1403715412.762142897,1.595280,1.727380,3.323030,433
1403715412.812143087,1.629850,2.820004,4.450544,430
1403715412.862143040,1.616700,2.452879,4.070259,430
1403715412.912142992,1.516058,2.442790,3.959368,430
1403715412.962142944,1.367416,3.217779,4.585925,430
1403715413.012142897,1.535688,3.080768,4.617116,430
1403715413.062143087,1.435158,4.821418,6.257526,430
1403715413.112143040,1.674040,2.807324,4.482404,430
1403715413.162142992,1.550749,2.601421,4.153890,426
1403715413.212142944,1.463138,2.861814,4.325822,417
1403715413.262142897,1.621240,3.253519,4.875609,409
1403715413.312143087,1.905673,2.021254,3.927707,394
1403715413.362143040,1.700181,2.096555,3.797676,423
1403715413.412142992,1.987793,2.734624,4.723247,399
1403715413.462142944,1.644600,2.267928,3.913298,404
1403715413.512142897,1.608950,3.219609,4.829149,389
1403715413.562143087,2.592831,3.986038,6.582199,364
1403715413.612143040,2.237697,3.689784,5.929101,391
1403715413.662142992,2.018174,4.463694,6.482578,386
1403715413.712142944,1.966404,2.719983,4.687137,379
1403715413.762142897,2.343299,2.731273,5.075332,369
1403715413.812143087,2.153487,2.358308,4.512385,391
1403715413.862143040,2.432950,3.124898,5.558488,375
1403715413.912142992,2.251407,3.052667,5.304884,404
1403715413.962142944,2.531861,2.459540,4.992091,387
1403715414.012142897,1.998665,3.646794,5.646129,409
1403715414.062143087,1.996044,1.867613,3.864457,395
1403715414.112143040,2.390449,2.140846,4.532025,375
1403715414.162142992,2.042445,4.215161,6.258316,411
1403715414.212142944,2.009934,3.562393,5.573057,405
1403715414.262142897,2.048535,2.935505,4.984640,403
1403715414.312143087,2.413000,3.417911,5.831711,397
1403715414.362143040,1.833342,4.291402,6.126364,393
1403715414.412142992,1.541299,1.981494,3.523613,381
1403715414.462142944,1.500539,3.789115,5.290484,377
1403715414.512142897,1.446367,2.846415,4.293622,377
1403715414.562143087,1.396437,2.465000,3.861997,377
1403715414.612143040,1.585120,3.338330,4.924070,377
1403715414.662142992,1.537779,1.925293,3.463752,376
1403715414.712142944,1.359796,3.096428,4.456734,369
1403715414.762142897,1.505468,3.105608,4.612156,367
1403715414.812143087,1.470087,2.513991,3.984938,363
1403715414.862143040,2.362499,2.452319,4.815278,346
1403715414.912142992,1.801682,2.277657,4.080389,381
1403715414.962142944,1.837163,3.128938,4.966771,377
1403715415.012142897,1.503238,1.530919,3.034717,369
1403715415.062143087,1.420817,3.313450,4.734917,360
1403715415.112143040,1.553718,2.731113,4.285611,355
1403715415.162142992,1.419177,3.001926,4.421753,343
1403715415.212142944,1.720471,3.750815,5.472006,337
1403715415.262142897,1.557459,1.228155,2.786344,377
1403715415.312143087,1.462758,3.221178,4.684886,350
1403715415.362143040,2.067545,3.192049,5.260334,320
1403715415.412142992,1.396267,2.090945,3.488012,365
1403715415.462142944,1.390867,3.494502,4.885919,352
1403715415.512142897,1.800152,1.091863,2.892935,332
1403715415.562143087,1.386076,2.482331,3.869027,366
1403715415.612143040,1.330586,1.239325,2.570571,361
1403715415.662142992,1.449238,3.282899,4.732857,356
1403715415.712142944,2.131646,3.488342,5.620848,325
1403715415.762142897,1.633220,1.643070,3.276950,387
1403715415.812143087,1.441538,2.938085,4.380303,383
1403715415.862143040,1.481738,1.158224,2.640822,383
1403715415.912142992,1.240825,2.207867,3.449192,383
1403715415.962142944,1.485348,3.017646,4.503664,382
1403715416.012142897,1.487248,1.292856,2.780984,382
1403715416.062143087,1.240625,2.054365,3.295400,382
1403715416.112143040,1.494708,1.676640,3.172258,382
1403715416.162142992,1.564979,1.582239,3.148148,382
1403715416.212142944,1.228735,1.259855,2.489050,382
1403715416.262142897,1.424997,2.926636,4.352523,382
1403715416.312143087,1.349796,3.633044,4.983720,382
1403715416.362143040,1.269266,1.632759,2.902605,382
1403715416.412142992,1.173894,2.458740,3.633274,382
1403715416.462142944,1.454388,1.269585,2.724693,382
1403715416.512142897,1.460557,1.703731,3.165048,382
1403715416.562143087,1.391767,2.588381,3.980918,382
1403715416.612143040,1.277245,1.268856,2.546801,382
1403715416.662142992,1.217475,2.238497,3.456452,382
1403715416.712142944,1.258795,1.629390,2.888905,382
1403715416.762142897,1.555809,1.361347,2.917786,382
1403715416.812143087,1.305886,1.266565,2.572951,382
1403715416.862143040,1.560059,2.729393,4.290032,382
1403715416.912142992,1.353786,3.390191,4.745297,382
1403715416.962142944,1.326926,1.652670,2.980246,382
1403715417.012142897,1.356096,2.433090,3.789806,382
1403715417.062143087,1.329336,1.299825,2.629831,382
1403715417.112143040,1.146084,1.777731,2.924305,382
1403715417.162142992,1.287945,2.251777,3.541122,382
1403715417.212142944,1.449058,1.341606,2.791474,382
1403715417.262142897,1.325776,2.247207,3.573743,382
1403715417.312143087,1.374107,1.880052,3.255479,382
1403715417.362143040,1.534709,1.383757,2.919156,382
1403715417.412142992,1.179374,1.295536,2.475430,382
1403715417.462142944,1.373266,2.746323,4.120159,382
1403715417.512142897,1.348736,3.377731,4.727047,382
1403715417.562143087,1.291076,1.713051,3.005417,382
1403715417.612143040,1.358546,2.464350,3.823496,382
1403715417.662142992,1.491858,1.261986,2.754664,382
1403715417.712142944,1.293466,1.689710,2.983556,382
1403715417.762142897,1.408277,2.174576,3.583523,382
1403715417.812143087,1.410047,1.288496,2.699413,381
1403715417.862143040,1.199075,2.190756,3.390581,381
1403715417.912142992,1.471207,1.839303,3.311150,381
1403715417.962142944,1.333726,1.379347,2.713863,381
1403715418.012142897,1.171414,1.255315,2.427229,381
1403715418.062143087,1.429357,2.731623,4.161541,381
1403715418.112143040,1.508658,3.389081,4.898519,381
1403715418.162142992,1.527769,1.649910,3.178199,381
1403715418.212142944,1.365946,2.437690,3.804326,381
1403715418.262142897,1.280815,1.273076,2.554971,381
1403715418.312143087,1.136484,1.767762,2.904716,381
1403715418.362143040,1.264185,2.148136,3.413051,381
1403715418.412142992,1.513888,1.266815,2.781213,381
1403715418.462142944,1.387837,2.181706,3.570093,381
1403715418.512142897,1.721690,1.839913,3.562293,366
1403715418.562143087,1.500978,1.371726,2.873544,357
1403715418.612143040,1.400647,1.401567,2.802794,352
1403715418.662142992,1.406727,2.795794,4.204371,352
1403715418.712142944,1.252735,3.363251,4.616926,352
1403715418.762142897,1.558409,1.637360,3.196519,352
1403715418.812143087,1.271186,2.386129,3.657925,352
