# timestamp (sec),tracking,propagation,msckf update,slam update,slam delayed,re-tri & marg,total
1598870185.542196989059448,0.00173,0.00007,0.00001,0.00000,0.00001,0.00087,0.00268
1598870185.575421571731567,0.00225,0.00004,0.00028,0.00000,0.00178,0.00067,0.00503
1598870185.611669540405273,0.00181,0.00005,0.00000,0.00045,0.00000,0.00061,0.00293
1598870185.642658710479736,0.00188,0.00004,0.00000,0.00047,0.00000,0.00071,0.00311
1598870185.704500675201416,0.00177,0.00007,0.00003,0.00046,0.00000,0.00071,0.00303
1598870185.738416194915771,0.00163,0.00005,0.00005,0.00049,0.00000,0.00074,0.00297
1598870185.773758649826050,0.00152,0.00005,0.00000,0.00049,0.00000,0.00076,0.00282
1598870185.837969303131104,0.00172,0.00008,0.00004,0.00053,0.00000,0.00076,0.00313
1598870185.872818231582642,0.00185,0.00006,0.00000,0.00052,0.00000,0.00081,0.00323
1598870185.904728889465332,0.00160,0.00009,0.00005,0.00055,0.00069,0.00092,0.00390
1598870185.937501430511475,0.00171,0.00006,0.00000,0.00062,0.00000,0.00109,0.00348
1598870185.971750736236572,0.00183,0.00006,0.00000,0.00059,0.00012,0.00144,0.00405
1598870186.009314060211182,0.00231,0.00005,0.00000,0.00059,0.00000,0.00090,0.00387
1598870186.073142051696777,0.00191,0.00007,0.00001,0.00062,0.00169,0.00109,0.00540
1598870186.136981248855591,0.00242,0.00011,0.00001,0.00113,0.00040,0.00077,0.00483
1598870186.170216083526611,0.00200,0.00005,0.00000,0.00099,0.00047,0.00095,0.00447
1598870186.203770637512207,0.00215,0.00005,0.00000,0.00114,0.00043,0.00077,0.00455
1598870186.269027709960938,0.00199,0.00007,0.00000,0.00126,0.00003,0.00095,0.00430
1598870186.302216291427612,0.00222,0.00005,0.00000,0.00125,0.00000,0.00078,0.00430
1598870186.335926055908203,0.00193,0.00006,0.00000,0.00127,0.00057,0.00096,0.00479
1598870186.369703054428101,0.00212,0.00005,0.00000,0.00134,0.00003,0.00075,0.00430
1598870186.435510873794556,0.00208,0.00007,0.00001,0.00135,0.00014,0.00093,0.00458
1598870186.468911170959473,0.00213,0.00010,0.00001,0.00139,0.00000,0.00094,0.00457
1598870186.502272129058838,0.00200,0.00007,0.00000,0.00138,0.00012,0.00124,0.00481
1598870186.536167621612549,0.00213,0.00006,0.00000,0.00135,0.00000,0.00081,0.00435
1598870186.568917751312256,0.00190,0.00005,0.00000,0.00136,0.00052,0.00095,0.00478
1598870186.609081029891968,0.00207,0.00005,0.00000,0.00137,0.00000,0.00079,0.00429
1598870186.668126821517944,0.00200,0.00010,0.00001,0.00143,0.00006,0.00096,0.00457
1598870186.702118873596191,0.00221,0.00005,0.00000,0.00135,0.00000,0.00077,0.00439
1598870186.735760927200317,0.00189,0.00004,0.00000,0.00136,0.00003,0.00105,0.00437
1598870186.771265506744385,0.00210,0.00005,0.00000,0.00135,0.00000,0.00080,0.00430
1598870186.835088491439819,0.00199,0.00007,0.00003,0.00135,0.00014,0.00097,0.00456
1598870186.869207143783569,0.00218,0.00005,0.00004,0.00134,0.00002,0.00076,0.00440
1598870186.934396505355835,0.00196,0.00007,0.00000,0.00128,0.00012,0.00095,0.00439
1598870186.967899560928345,0.00229,0.00005,0.00000,0.00127,0.00000,0.00084,0.00446
1598870187.002079486846924,0.00183,0.00005,0.00000,0.00128,0.00010,0.00096,0.00423
1598870187.068370580673218,0.00224,0.00006,0.00002,0.00128,0.00000,0.00077,0.00438
1598870187.101086854934692,0.00184,0.00006,0.00001,0.00129,0.00056,0.00094,0.00469
1598870187.134238958358765,0.00214,0.00005,0.00000,0.00127,0.00000,0.00079,0.00425
1598870187.175813674926758,0.00190,0.00008,0.00001,0.00131,0.00007,0.00114,0.00451
1598870187.234173536300659,0.00231,0.00008,0.00000,0.00133,0.00003,0.00077,0.00453
1598870187.267068624496460,0.00197,0.00006,0.00000,0.00132,0.00005,0.00118,0.00458
1598870187.301843881607056,0.00228,0.00005,0.00000,0.00130,0.00000,0.00078,0.00442
1598870187.366994380950928,0.00192,0.00007,0.00000,0.00128,0.00014,0.00093,0.00433
1598870187.400127172470093,0.00209,0.00005,0.00000,0.00128,0.00003,0.00079,0.00424
1598870187.433909893035889,0.00179,0.00006,0.00000,0.00147,0.00011,0.00125,0.00468
1598870187.467515230178833,0.00225,0.00009,0.00000,0.00130,0.00000,0.00132,0.00496
1598870187.501573324203491,0.00199,0.00006,0.00000,0.00130,0.00003,0.00110,0.00449
1598870187.567465543746948,0.00217,0.00007,0.00000,0.00130,0.00000,0.00081,0.00434
1598870187.599957466125488,0.00191,0.00005,0.00001,0.00128,0.00049,0.00097,0.00471
1598870187.665666341781616,0.00224,0.00007,0.00000,0.00128,0.00000,0.00074,0.00434
1598870187.698139905929565,0.00203,0.00005,0.00000,0.00128,0.00006,0.00139,0.00482
1598870187.732713699340820,0.00224,0.00009,0.00000,0.00126,0.00003,0.00093,0.00456
1598870187.773336172103882,0.00180,0.00007,0.00000,0.00128,0.00004,0.00096,0.00415
1598870187.832265853881836,0.00218,0.00007,0.00000,0.00125,0.00000,0.00077,0.00427
1598870187.866388797760010,0.00218,0.00007,0.00001,0.00143,0.00015,0.00130,0.00514
1598870187.899158000946045,0.00229,0.00009,0.00001,0.00131,0.00003,0.00101,0.00473
1598870187.933412313461304,0.00189,0.00007,0.00001,0.00130,0.00011,0.00119,0.00456
1598870187.999118328094482,0.00299,0.00011,0.00008,0.00108,0.00000,0.00095,0.00521
1598870188.032102346420288,0.00211,0.00005,0.00009,0.00101,0.00002,0.00105,0.00434
1598870188.067254543304443,0.00194,0.00010,0.00008,0.00096,0.00002,0.00093,0.00403
1598870188.101139068603516,0.00168,0.00007,0.00007,0.00091,0.00042,0.00098,0.00412
1598870188.134070873260498,0.00144,0.00006,0.00000,0.00092,0.00000,0.00064,0.00306
1598870188.166501760482788,0.00222,0.00005,0.00006,0.00076,0.00005,0.00102,0.00416
1598870188.199039936065674,0.00265,0.00007,0.00003,0.00070,0.00003,0.00073,0.00420
1598870188.234322071075439,0.00212,0.00009,0.00004,0.00060,0.00027,0.00110,0.00423
1598870188.300465106964111,0.00253,0.00008,0.00007,0.00056,0.00004,0.00081,0.00409
1598870188.365283250808716,0.00219,0.00007,0.00006,0.00060,0.00021,0.00121,0.00434
1598870188.399669170379639,0.00245,0.00006,0.00003,0.00037,0.00000,0.00092,0.00383
1598870188.464647769927979,0.00212,0.00008,0.00007,0.00036,0.00004,0.00113,0.00381
1598870188.499301671981812,0.00221,0.00007,0.00004,0.00035,0.00008,0.00091,0.00366
1598870188.533006668090820,0.00183,0.00009,0.00001,0.00040,0.00005,0.00100,0.00337
1598870188.566668510437012,0.00237,0.00007,0.00000,0.00036,0.00003,0.00096,0.00379
1598870188.632658958435059,0.00182,0.00006,0.00000,0.00036,0.00037,0.00081,0.00343
1598870188.667107582092285,0.00221,0.00007,0.00001,0.00037,0.00000,0.00095,0.00361
1598870188.732140779495239,0.00182,0.00008,0.00001,0.00035,0.00058,0.00074,0.00358
1598870188.765068292617798,0.00189,0.00008,0.00001,0.00041,0.00008,0.00099,0.00347
1598870188.798160076141357,0.00177,0.00007,0.00000,0.00040,0.00013,0.00081,0.00318
1598870188.830924749374390,0.00163,0.00007,0.00000,0.00042,0.00010,0.00102,0.00325
1598870188.870654344558716,0.00215,0.00008,0.00001,0.00042,0.00036,0.00099,0.00402
1598870188.931671380996704,0.00220,0.00006,0.00000,0.00041,0.00041,0.00093,0.00401
1598870188.964612960815430,0.00180,0.00008,0.00001,0.00047,0.00009,0.00096,0.00341
1598870188.997918605804443,0.00201,0.00005,0.00000,0.00044,0.00011,0.00071,0.00332
1598870189.030629634857178,0.00202,0.00008,0.00000,0.00047,0.00004,0.00098,0.00359
1598870189.065200805664062,0.00228,0.00007,0.00000,0.00047,0.00003,0.00094,0.00379
1598870189.098158597946167,0.00206,0.00007,0.00001,0.00048,0.00035,0.00100,0.00397
1598870189.132561206817627,0.00212,0.00006,0.00000,0.00045,0.00000,0.00082,0.00346
1598870189.198365926742554,0.00202,0.00008,0.00001,0.00045,0.00031,0.00078,0.00364
1598870189.231290578842163,0.00208,0.00008,0.00001,0.00048,0.00009,0.00101,0.00376
1598870189.264289379119873,0.00209,0.00007,0.00001,0.00047,0.00012,0.00099,0.00375
1598870189.297523498535156,0.00222,0.00008,0.00001,0.00048,0.00010,0.00097,0.00387
1598870189.330455541610718,0.00203,0.00007,0.00001,0.00049,0.00038,0.00103,0.00400
1598870189.367683649063110,0.00226,0.00006,0.00000,0.00046,0.00003,0.00081,0.00363
1598870189.430488824844360,0.00200,0.00007,0.00000,0.00046,0.00010,0.00080,0.00343
1598870189.464261531829834,0.00213,0.00008,0.00001,0.00048,0.00011,0.00093,0.00373
1598870189.497354984283447,0.00209,0.00007,0.00001,0.00047,0.00004,0.00100,0.00368
1598870189.529914379119873,0.00215,0.00006,0.00000,0.00046,0.00003,0.00083,0.00354
1598870189.562734842300415,0.00184,0.00005,0.00000,0.00046,0.00037,0.00108,0.00381
1598870189.597973108291626,0.00196,0.00007,0.00000,0.00048,0.00004,0.00087,0.00343
1598870189.662659168243408,0.00210,0.00009,0.00001,0.00047,0.00032,0.00100,0.00399
1598870189.696542024612427,0.00221,0.00006,0.00000,0.00046,0.00011,0.00084,0.00369
1598870189.729301929473877,0.00174,0.00005,0.00001,0.00045,0.00012,0.00083,0.00319
1598870189.762805938720703,0.00253,0.00009,0.00001,0.00049,0.00008,0.00098,0.00420
1598870189.795945882797241,0.00219,0.00007,0.00001,0.00045,0.00036,0.00093,0.00400
1598870189.829309463500977,0.00200,0.00006,0.00000,0.00045,0.00011,0.00082,0.00344
1598870189.863632440567017,0.00195,0.00005,0.00001,0.00046,0.00009,0.00083,0.00339
1598870189.896513223648071,0.00232,0.00011,0.00001,0.00049,0.00013,0.00093,0.00399
1598870189.961036682128906,0.00203,0.00010,0.00000,0.00047,0.00004,0.00098,0.00364
1598870189.994410991668701,0.00213,0.00008,0.00001,0.00047,0.00003,0.00098,0.00369
1598870190.028033733367920,0.00199,0.00007,0.00001,0.00047,0.00038,0.00101,0.00392
1598870190.095479011535645,0.00216,0.00008,0.00000,0.00047,0.00004,0.00086,0.00361
1598870190.160565853118896,0.00201,0.00007,0.00001,0.00046,0.00030,0.00085,0.00369
1598870190.193964242935181,0.00239,0.00005,0.00000,0.00045,0.00010,0.00079,0.00378
1598870190.227254867553711,0.00193,0.00005,0.00001,0.00046,0.00013,0.00084,0.00342
1598870190.260935544967651,0.00224,0.00006,0.00001,0.00044,0.00007,0.00082,0.00365
1598870190.294716358184814,0.00208,0.00009,0.00001,0.00049,0.00039,0.00109,0.00414
1598870190.328092098236084,0.00207,0.00007,0.00000,0.00045,0.00003,0.00075,0.00337
1598870190.361690282821655,0.00196,0.00008,0.00001,0.00046,0.00009,0.00101,0.00361
1598870190.397104024887085,0.00231,0.00006,0.00000,0.00045,0.00010,0.00083,0.00375
1598870190.461767911911011,0.00202,0.00007,0.00001,0.00056,0.00006,0.00102,0.00374
1598870190.495215892791748,0.00218,0.00007,0.00001,0.00048,0.00005,0.00095,0.00374
1598870190.529085874557495,0.00179,0.00005,0.00001,0.00045,0.00035,0.00076,0.00342
1598870190.561827659606934,0.00242,0.00008,0.00000,0.00046,0.00004,0.00104,0.00404
1598870190.596315145492554,0.00193,0.00005,0.00000,0.00046,0.00032,0.00083,0.00359
1598870190.661480665206909,0.00227,0.00007,0.00000,0.00045,0.00010,0.00080,0.00369
1598870190.694112300872803,0.00183,0.00005,0.00000,0.00045,0.00013,0.00126,0.00372
1598870190.727046966552734,0.00225,0.00007,0.00001,0.00048,0.00009,0.00081,0.00372
1598870190.760343313217163,0.00193,0.00006,0.00003,0.00047,0.00038,0.00078,0.00366
1598870190.794200658798218,0.00231,0.00008,0.00000,0.00047,0.00004,0.00103,0.00393
1598870190.858766078948975,0.00192,0.00007,0.00001,0.00046,0.00010,0.00083,0.00338
1598870190.895373582839966,0.00225,0.00005,0.00000,0.00046,0.00012,0.00080,0.00368
1598870190.928572416305542,0.00177,0.00005,0.00001,0.00046,0.00005,0.00082,0.00315
1598870190.960831165313721,0.00251,0.00005,0.00000,0.00045,0.00003,0.00081,0.00385
1598870191.027167081832886,0.00205,0.00010,0.00001,0.00048,0.00041,0.00106,0.00412
1598870191.060333251953125,0.00238,0.00008,0.00000,0.00047,0.00004,0.00101,0.00398
1598870191.125442743301392,0.00195,0.00008,0.00001,0.00046,0.00031,0.00095,0.00376
1598870191.159528493881226,0.00219,0.00006,0.00000,0.00046,0.00012,0.00080,0.00362
1598870191.192934513092041,0.00215,0.00008,0.00001,0.00048,0.00013,0.00101,0.00385
1598870191.225716352462769,0.00221,0.00007,0.00000,0.00048,0.00007,0.00095,0.00380
1598870191.260160923004150,0.00181,0.00005,0.00001,0.00050,0.00043,0.00081,0.00361
1598870191.292727708816528,0.00230,0.00006,0.00000,0.00045,0.00003,0.00082,0.00367
1598870191.325868606567383,0.00175,0.00006,0.00001,0.00046,0.00010,0.00085,0.00324
1598870191.358614206314087,0.00218,0.00008,0.00001,0.00050,0.00013,0.00100,0.00390
1598870191.392707586288452,0.00215,0.00008,0.00000,0.00047,0.00004,0.00097,0.00372
1598870191.458990812301636,0.00225,0.00007,0.00000,0.00045,0.00003,0.00086,0.00366
1598870191.492274522781372,0.00225,0.00005,0.00001,0.00047,0.00037,0.00080,0.00395
1598870191.558820724487305,0.00231,0.00007,0.00000,0.00046,0.00003,0.00079,0.00367
1598870191.592362880706787,0.00192,0.00005,0.00001,0.00045,0.00031,0.00081,0.00355
1598870191.626424789428711,0.00204,0.00005,0.00000,0.00046,0.00011,0.00081,0.00348
1598870191.661060571670532,0.00191,0.00006,0.00001,0.00046,0.00013,0.00082,0.00338
1598870191.694497108459473,0.00220,0.00005,0.00000,0.00045,0.00007,0.00079,0.00356
1598870191.727483510971069,0.00182,0.00005,0.00001,0.00046,0.00035,0.00083,0.00352
1598870191.791273593902588,0.00207,0.00006,0.00001,0.00045,0.00003,0.00080,0.00342
1598870191.826564788818359,0.00180,0.00008,0.00001,0.00050,0.00010,0.00099,0.00349
1598870191.892696142196655,0.00238,0.00009,0.00001,0.00045,0.00010,0.00091,0.00393
1598870191.925073146820068,0.00178,0.00005,0.00000,0.00046,0.00004,0.00086,0.00320
1598870191.958191633224487,0.00211,0.00005,0.00000,0.00046,0.00003,0.00079,0.00344
1598870191.991260528564453,0.00218,0.00008,0.00001,0.00049,0.00041,0.00100,0.00417
1598870192.025183439254761,0.00216,0.00008,0.00000,0.00046,0.00004,0.00099,0.00374
1598870192.091040372848511,0.00183,0.00007,0.00000,0.00046,0.00032,0.00094,0.00362
1598870192.123888254165649,0.00214,0.00005,0.00000,0.00046,0.00011,0.00081,0.00356
1598870192.158217668533325,0.00201,0.00005,0.00001,0.00046,0.00013,0.00078,0.00344
1598870192.190920829772949,0.00235,0.00005,0.00000,0.00047,0.00009,0.00085,0.00380
1598870192.257016658782959,0.00203,0.00006,0.00000,0.00046,0.00035,0.00081,0.00372
1598870192.290812730789185,0.00260,0.00005,0.00000,0.00044,0.00003,0.00076,0.00389
1598870192.323986768722534,0.00201,0.00005,0.00000,0.00054,0.00011,0.00082,0.00353
1598870192.357388973236084,0.00220,0.00005,0.00001,0.00045,0.00010,0.00085,0.00365
1598870192.390663146972656,0.00201,0.00005,0.00000,0.00061,0.00006,0.00106,0.00380
1598870192.429130792617798,0.00218,0.00007,0.00000,0.00045,0.00003,0.00104,0.00378
1598870192.489887714385986,0.00184,0.00010,0.00001,0.00047,0.00041,0.00101,0.00384
1598870192.523937225341797,0.00218,0.00008,0.00000,0.00051,0.00004,0.00104,0.00385
1598870192.556622982025146,0.00209,0.00005,0.00001,0.00046,0.00034,0.00081,0.00375
1598870192.590708971023560,0.00226,0.00005,0.00000,0.00047,0.00012,0.00081,0.00371
1598870192.623405933380127,0.00190,0.00008,0.00001,0.00047,0.00013,0.00100,0.00358
1598870192.655734539031982,0.00221,0.00007,0.00001,0.00047,0.00007,0.00107,0.00390
1598870192.690147876739502,0.00208,0.00005,0.00001,0.00046,0.00038,0.00081,0.00379
1598870192.722712993621826,0.00220,0.00005,0.00000,0.00045,0.00003,0.00079,0.00353
1598870192.755747556686401,0.00189,0.00005,0.00001,0.00046,0.00010,0.00130,0.00379
1598870192.793797731399536,0.00206,0.00007,0.00001,0.00048,0.00013,0.00082,0.00357
1598870192.856286048889160,0.00184,0.00007,0.00000,0.00044,0.00004,0.00070,0.00310
1598870192.889936685562134,0.00194,0.00004,0.00000,0.00044,0.00003,0.00072,0.00318
1598870192.922244548797607,0.00185,0.00008,0.00001,0.00048,0.00037,0.00106,0.00385
1598870192.955836772918701,0.00234,0.00005,0.00000,0.00045,0.00005,0.00079,0.00368
1598870192.990143299102783,0.00188,0.00005,0.00001,0.00046,0.00029,0.00082,0.00351
1598870193.023144960403442,0.00196,0.00008,0.00001,0.00049,0.00011,0.00097,0.00362
1598870193.089946269989014,0.00186,0.00006,0.00001,0.00045,0.00014,0.00079,0.00331
1598870193.122521400451660,0.00169,0.00005,0.00000,0.00046,0.00007,0.00071,0.00299
1598870193.156805515289307,0.00236,0.00008,0.00001,0.00048,0.00038,0.00103,0.00433
1598870193.189329624176025,0.00224,0.00005,0.00000,0.00046,0.00003,0.00084,0.00362
1598870193.223064899444580,0.00183,0.00005,0.00001,0.00047,0.00010,0.00082,0.00328
1598870193.289257526397705,0.00208,0.00007,0.00000,0.00046,0.00010,0.00079,0.00351
1598870193.323432683944702,0.00197,0.00009,0.00001,0.00049,0.00005,0.00101,0.00362
1598870193.388895988464355,0.00223,0.00009,0.00000,0.00047,0.00003,0.00103,0.00386
1598870193.423033475875854,0.00184,0.00005,0.00001,0.00046,0.00038,0.00123,0.00398
1598870193.489418506622314,0.00220,0.00009,0.00000,0.00046,0.00004,0.00096,0.00376
1598870193.523046493530273,0.00196,0.00005,0.00001,0.00048,0.00043,0.00104,0.00396
1598870193.556146860122681,0.00248,0.00008,0.00001,0.00046,0.00010,0.00098,0.00410
1598870193.589690685272217,0.00191,0.00005,0.00000,0.00046,0.00012,0.00080,0.00336
1598870193.655258417129517,0.00236,0.00006,0.00000,0.00045,0.00007,0.00079,0.00375
1598870193.720168590545654,0.00203,0.00007,0.00001,0.00046,0.00039,0.00085,0.00380
1598870193.754237174987793,0.00224,0.00005,0.00000,0.00046,0.00003,0.00082,0.00360
1598870193.789268970489502,0.00195,0.00005,0.00001,0.00046,0.00011,0.00083,0.00341
1598870193.854487180709839,0.00233,0.00006,0.00001,0.00044,0.00010,0.00078,0.00373
1598870193.887404918670654,0.00184,0.00005,0.00000,0.00047,0.00004,0.00124,0.00365
1598870193.920146942138672,0.00217,0.00007,0.00000,0.00045,0.00003,0.00097,0.00370
1598870193.954568624496460,0.00190,0.00005,0.00001,0.00046,0.00036,0.00094,0.00372
1598870193.987632989883423,0.00220,0.00005,0.00000,0.00045,0.00003,0.00080,0.00354
1598870194.021402359008789,0.00190,0.00005,0.00001,0.00053,0.00029,0.00081,0.00360
1598870194.054376602172852,0.00228,0.00005,0.00000,0.00048,0.00011,0.00081,0.00373
1598870194.086901426315308,0.00199,0.00005,0.00000,0.00047,0.00012,0.00081,0.00344
1598870194.119449853897095,0.00202,0.00005,0.00000,0.00045,0.00007,0.00085,0.00343
1598870194.154170274734497,0.00198,0.00005,0.00000,0.00047,0.00036,0.00086,0.00373
1598870194.220071554183960,0.00225,0.00006,0.00000,0.00046,0.00003,0.00085,0.00365
1598870194.252773046493530,0.00191,0.00005,0.00000,0.00046,0.00009,0.00081,0.00333
1598870194.287020683288574,0.00228,0.00009,0.00001,0.00052,0.00011,0.00105,0.00406
1598870194.320633411407471,0.00152,0.00005,0.00000,0.00046,0.00006,0.00078,0.00288
1598870194.354737281799316,0.00247,0.00007,0.00000,0.00047,0.00003,0.00101,0.00406
1598870194.387291669845581,0.00183,0.00005,0.00003,0.00046,0.00036,0.00085,0.00358
1598870194.419960021972656,0.00192,0.00008,0.00001,0.00050,0.00004,0.00096,0.00351
1598870194.453931331634521,0.00174,0.00004,0.00001,0.00044,0.00032,0.00070,0.00326
1598870194.487609624862671,0.00235,0.00008,0.00001,0.00047,0.00010,0.00096,0.00397
1598870194.553444147109985,0.00197,0.00006,0.00001,0.00046,0.00014,0.00088,0.00352
1598870194.587474107742310,0.00218,0.00005,0.00001,0.00045,0.00007,0.00083,0.00359
1598870194.620985031127930,0.00183,0.00008,0.00001,0.00049,0.00039,0.00100,0.00380
1598870194.654132127761841,0.00234,0.00007,0.00000,0.00048,0.00003,0.00102,0.00395
1598870194.686410903930664,0.00194,0.00005,0.00001,0.00046,0.00010,0.00083,0.00338
1598870194.720622777938843,0.00204,0.00008,0.00001,0.00053,0.00011,0.00098,0.00375
1598870194.752912282943726,0.00186,0.00005,0.00001,0.00045,0.00004,0.00069,0.00310
1598870194.786555051803589,0.00237,0.00008,0.00001,0.00047,0.00003,0.00099,0.00394
1598870194.820631265640259,0.00177,0.00005,0.00003,0.00046,0.00037,0.00082,0.00351
1598870194.853711605072021,0.00215,0.00005,0.00000,0.00045,0.00004,0.00079,0.00348
1598870194.887885093688965,0.00183,0.00005,0.00001,0.00046,0.00031,0.00087,0.00352
1598870194.952549934387207,0.00215,0.00006,0.00000,0.00045,0.00010,0.00082,0.00360
1598870194.984838724136353,0.00193,0.00005,0.00000,0.00047,0.00011,0.00084,0.00341
1598870195.020330190658569,0.00211,0.00005,0.00000,0.00045,0.00007,0.00082,0.00351
1598870195.053628921508789,0.00187,0.00005,0.00001,0.00045,0.00032,0.00080,0.00350
1598870195.119402647018433,0.00216,0.00008,0.00000,0.00045,0.00003,0.00080,0.00353
1598870195.152605533599854,0.00202,0.00008,0.00001,0.00050,0.00010,0.00099,0.00369
1598870195.185729742050171,0.00233,0.00008,0.00001,0.00046,0.00011,0.00101,0.00400
1598870195.220290184020996,0.00183,0.00005,0.00000,0.00044,0.00004,0.00080,0.00317
1598870195.287484407424927,0.00162,0.00007,0.00000,0.00045,0.00003,0.00081,0.00298
1598870195.352728366851807,0.00179,0.00007,0.00001,0.00045,0.00036,0.00077,0.00345
1598870195.385595083236694,0.00178,0.00005,0.00000,0.00045,0.00003,0.00078,0.00309
1598870195.419539213180542,0.00165,0.00005,0.00000,0.00044,0.00030,0.00089,0.00335
1598870195.485455274581909,0.00165,0.00007,0.00001,0.00045,0.00010,0.00082,0.00310
1598870195.518119096755981,0.00170,0.00005,0.00001,0.00045,0.00014,0.00091,0.00325
1598870195.552180051803589,0.00175,0.00005,0.00001,0.00045,0.00007,0.00084,0.00318
1598870195.630090951919556,0.00179,0.00008,0.00001,0.00048,0.00034,0.00083,0.00353
1598870195.689359188079834,0.00160,0.00006,0.00000,0.00045,0.00003,0.00117,0.00332
1598870195.751556634902954,0.00192,0.00008,0.00000,0.00045,0.00009,0.00089,0.00344
1598870195.784558773040771,0.00172,0.00006,0.00001,0.00045,0.00011,0.00082,0.00318
1598870195.818016290664673,0.00151,0.00006,0.00000,0.00045,0.00006,0.00084,0.00293
1598870195.850915431976318,0.00178,0.00008,0.00001,0.00049,0.00004,0.00110,0.00350
1598870195.883931636810303,0.00189,0.00007,0.00001,0.00046,0.00042,0.00098,0.00382
1598870195.917668819427490,0.00162,0.00006,0.00000,0.00046,0.00003,0.00085,0.00303
1598870195.951887130737305,0.00171,0.00005,0.00000,0.00044,0.00031,0.00082,0.00334
1598870196.020216464996338,0.00167,0.00007,0.00001,0.00045,0.00010,0.00083,0.00312
1598870196.084413051605225,0.00162,0.00007,0.00001,0.00052,0.00015,0.00100,0.00336
1598870196.118512392044067,0.00177,0.00008,0.00000,0.00046,0.00007,0.00101,0.00341
1598870196.151598215103149,0.00173,0.00005,0.00001,0.00044,0.00033,0.00084,0.00341
1598870196.220302820205688,0.00176,0.00008,0.00000,0.00044,0.00003,0.00093,0.00324
1598870196.283896446228027,0.00183,0.00007,0.00000,0.00046,0.00009,0.00082,0.00328
1598870196.316953182220459,0.00173,0.00005,0.00000,0.00045,0.00012,0.00080,0.00315
1598870196.350095987319946,0.00175,0.00005,0.00000,0.00044,0.00004,0.00081,0.00310
1598870196.383036375045776,0.00160,0.00005,0.00000,0.00044,0.00003,0.00079,0.00292
1598870196.416451215744019,0.00163,0.00005,0.00001,0.00046,0.00038,0.00096,0.00349
1598870196.450221776962280,0.00173,0.00005,0.00000,0.00046,0.00003,0.00084,0.00313
1598870196.483115434646606,0.00184,0.00005,0.00001,0.00044,0.00030,0.00081,0.00346
1598870196.519114732742310,0.00166,0.00005,0.00000,0.00045,0.00010,0.00079,0.00305
1598870196.582786798477173,0.00180,0.00007,0.00001,0.00047,0.00014,0.00082,0.00330
1598870196.617037773132324,0.00162,0.00005,0.00000,0.00046,0.00007,0.00079,0.00299
1598870196.650255680084229,0.00166,0.00005,0.00000,0.00044,0.00034,0.00080,0.00329
1598870196.685779571533203,0.00169,0.00005,0.00000,0.00045,0.00003,0.00077,0.00300
1598870196.749836683273315,0.00175,0.00007,0.00000,0.00046,0.00009,0.00084,0.00323
1598870196.782723188400269,0.00167,0.00005,0.00000,0.00047,0.00010,0.00123,0.00353
1598870196.815861463546753,0.00172,0.00009,0.00001,0.00045,0.00004,0.00135,0.00365
1598870196.850135803222656,0.00161,0.00006,0.00001,0.00048,0.00004,0.00082,0.00301
1598870196.883579254150391,0.00180,0.00007,0.00001,0.00047,0.00046,0.00078,0.00359
1598870196.916789293289185,0.00179,0.00008,0.00000,0.00047,0.00004,0.00110,0.00348
1598870196.949866294860840,0.00165,0.00005,0.00001,0.00045,0.00033,0.00086,0.00334
1598870196.982367038726807,0.00168,0.00005,0.00000,0.00046,0.00010,0.00085,0.00314
1598870197.016945838928223,0.00167,0.00005,0.00000,0.00044,0.00013,0.00080,0.00310
1598870197.050395727157593,0.00180,0.00005,0.00000,0.00045,0.00008,0.00077,0.00315
1598870197.083080768585205,0.00163,0.00005,0.00000,0.00044,0.00032,0.00083,0.00328
1598870197.117260932922363,0.00179,0.00008,0.00001,0.00049,0.00005,0.00095,0.00337
1598870197.188557624816895,0.00174,0.00009,0.00001,0.00046,0.00011,0.00098,0.00339
1598870197.222112178802490,0.00171,0.00005,0.00000,0.00045,0.00011,0.00081,0.00314
1598870197.285216569900513,0.00158,0.00007,0.00000,0.00045,0.00004,0.00084,0.00299
1598870197.321422576904297,0.00172,0.00007,0.00001,0.00048,0.00003,0.00081,0.00311
1598870197.389709949493408,0.00163,0.00008,0.00000,0.00046,0.00035,0.00080,0.00332
1598870197.448640108108521,0.00168,0.00006,0.00000,0.00045,0.00004,0.00081,0.00305
1598870197.483944416046143,0.00174,0.00005,0.00000,0.00045,0.00031,0.00082,0.00337
1598870197.521960496902466,0.00168,0.00011,0.00001,0.00049,0.00014,0.00099,0.00342
1598870197.582118511199951,0.00177,0.00009,0.00001,0.00047,0.00014,0.00098,0.00346
1598870197.615054607391357,0.00171,0.00005,0.00000,0.00045,0.00007,0.00080,0.00309
1598870197.682080745697021,0.00155,0.00007,0.00000,0.00045,0.00033,0.00082,0.00322
1598870197.715642213821411,0.00163,0.00006,0.00001,0.00046,0.00003,0.00077,0.00295
1598870197.748264551162720,0.00167,0.00006,0.00000,0.00045,0.00009,0.00079,0.00307
1598870197.780925273895264,0.00162,0.00005,0.00000,0.00045,0.00010,0.00083,0.00305
1598870197.814884424209595,0.00191,0.00009,0.00001,0.00050,0.00005,0.00101,0.00357
1598870197.848346710205078,0.00194,0.00008,0.00000,0.00047,0.00003,0.00097,0.00349
1598870197.883117437362671,0.00178,0.00005,0.00001,0.00046,0.00036,0.00077,0.00343
1598870197.948507547378540,0.00173,0.00007,0.00000,0.00045,0.00003,0.00075,0.00304
1598870198.015305757522583,0.00179,0.00007,0.00000,0.00045,0.00032,0.00076,0.00340
1598870198.048996925354004,0.00165,0.00005,0.00000,0.00045,0.00011,0.00074,0.00300
1598870198.081861257553101,0.00174,0.00005,0.00000,0.00047,0.00013,0.00079,0.00318
1598870198.117816209793091,0.00165,0.00005,0.00000,0.00046,0.00008,0.00077,0.00301
1598870198.181111335754395,0.00162,0.00007,0.00001,0.00045,0.00038,0.00084,0.00337
1598870198.213705778121948,0.00179,0.00005,0.00000,0.00045,0.00003,0.00076,0.00309
1598870198.247286796569824,0.00175,0.00005,0.00000,0.00045,0.00016,0.00112,0.00353
1598870198.282077550888062,0.00191,0.00007,0.00000,0.00046,0.00011,0.00094,0.00348
1598870198.351544857025146,0.00177,0.00007,0.00003,0.00045,0.00004,0.00077,0.00313
1598870198.415358543395996,0.00188,0.00006,0.00000,0.00045,0.00003,0.00075,0.00318
1598870198.448031187057495,0.00198,0.00008,0.00001,0.00049,0.00041,0.00100,0.00398
1598870198.480852842330933,0.00185,0.00008,0.00003,0.00046,0.00003,0.00104,0.00349
1598870198.515931844711304,0.00179,0.00005,0.00000,0.00044,0.00031,0.00085,0.00345
1598870198.548543214797974,0.00172,0.00004,0.00000,0.00044,0.00011,0.00078,0.00311
1598870198.582350254058838,0.00195,0.00005,0.00001,0.00044,0.00012,0.00077,0.00334
1598870198.615941762924194,0.00179,0.00005,0.00001,0.00045,0.00006,0.00079,0.00315
1598870198.649252176284790,0.00179,0.00005,0.00003,0.00046,0.00032,0.00081,0.00345
1598870198.682532548904419,0.00208,0.00009,0.00001,0.00050,0.00004,0.00104,0.00376
1598870198.715442180633545,0.00176,0.00005,0.00003,0.00043,0.00009,0.00080,0.00316
1598870198.748990058898926,0.00200,0.00008,0.00001,0.00045,0.00010,0.00099,0.00362
1598870198.782593727111816,0.00193,0.00006,0.00002,0.00037,0.00005,0.00083,0.00326
1598870198.815781831741333,0.00191,0.00005,0.00004,0.00034,0.00012,0.00081,0.00327
1598870198.855466604232788,0.00179,0.00005,0.00001,0.00034,0.00033,0.00082,0.00335
1598870198.915005207061768,0.00201,0.00006,0.00003,0.00030,0.00013,0.00081,0.00334
1598870198.947769165039062,0.00217,0.00009,0.00005,0.00034,0.00033,0.00101,0.00398
1598870198.982115507125854,0.00211,0.00006,0.00009,0.00032,0.00013,0.00123,0.00395
1598870199.015079975128174,0.00174,0.00007,0.00005,0.00031,0.00036,0.00097,0.00351
1598870199.049206256866455,0.00183,0.00007,0.00001,0.00037,0.00026,0.00094,0.00348
1598870199.114198207855225,0.00201,0.00009,0.00001,0.00041,0.00073,0.00101,0.00426
1598870199.147896766662598,0.00189,0.00006,0.00001,0.00043,0.00021,0.00083,0.00345
1598870199.213117599487305,0.00196,0.00007,0.00003,0.00049,0.00029,0.00084,0.00369
1598870199.248603343963623,0.00187,0.00007,0.00007,0.00051,0.00029,0.00083,0.00362
1598870199.281633615493774,0.00177,0.00005,0.00000,0.00058,0.00065,0.00082,0.00387
1598870199.321288824081421,0.00207,0.00010,0.00001,0.00073,0.00059,0.00099,0.00447
1598870199.379914045333862,0.00212,0.00008,0.00017,0.00049,0.00171,0.00076,0.00535
1598870199.414815425872803,0.00206,0.00005,0.00004,0.00081,0.00006,0.00079,0.00382
1598870199.449310064315796,0.00225,0.00009,0.00018,0.00064,0.00050,0.00098,0.00465
1598870199.511876344680786,0.00203,0.00007,0.00013,0.00063,0.00013,0.00085,0.00383
1598870199.545545101165771,0.00201,0.00005,0.00007,0.00061,0.00034,0.00080,0.00388
1598870199.579365015029907,0.00187,0.00005,0.00001,0.00067,0.00003,0.00086,0.00349
1598870199.612280607223511,0.00202,0.00005,0.00004,0.00068,0.00108,0.00084,0.00471
1598870199.655231237411499,0.00295,0.00010,0.00008,0.00071,0.00084,0.00108,0.00576
1598870199.717091560363770,0.00230,0.00007,0.00017,0.00076,0.00063,0.00079,0.00472
1598870199.779112339019775,0.00211,0.00008,0.00012,0.00086,0.00009,0.00084,0.00410
1598870199.813269853591919,0.00193,0.00005,0.00021,0.00079,0.00033,0.00078,0.00410
1598870199.847248554229736,0.00217,0.00009,0.00007,0.00087,0.00014,0.00107,0.00442
1598870199.881686925888062,0.00222,0.00006,0.00001,0.00084,0.00082,0.00090,0.00485
1598870199.947036743164062,0.00223,0.00011,0.00001,0.00100,0.00043,0.00110,0.00488
1598870199.980862617492676,0.00232,0.00007,0.00011,0.00093,0.00032,0.00123,0.00499
1598870200.013732194900513,0.00202,0.00007,0.00001,0.00093,0.00081,0.00093,0.00476
1598870200.049000978469849,0.00231,0.00010,0.00006,0.00106,0.00062,0.00108,0.00524
1598870200.081382989883423,0.00213,0.00006,0.00010,0.00105,0.00016,0.00090,0.00441
1598870200.113775491714478,0.00224,0.00008,0.00003,0.00107,0.00129,0.00113,0.00584
1598870200.148165941238403,0.00229,0.00008,0.00029,0.00108,0.00207,0.00090,0.00671
1598870200.181433200836182,0.00213,0.00006,0.00001,0.00134,0.00062,0.00090,0.00506
1598870200.220129966735840,0.00215,0.00007,0.00001,0.00160,0.00128,0.00089,0.00601
1598870200.285746812820435,0.00216,0.00009,0.00001,0.00160,0.00080,0.00092,0.00558
1598870200.349083423614502,0.00253,0.00015,0.00010,0.00172,0.00106,0.00106,0.00661
1598870200.382205247879028,0.00207,0.00010,0.00003,0.00185,0.00042,0.00086,0.00533
1598870200.417066097259521,0.00226,0.00008,0.00006,0.00192,0.00050,0.00109,0.00591
1598870200.454116582870483,0.00198,0.00008,0.00001,0.00222,0.00062,0.00108,0.00600
1598870200.487638235092163,0.00231,0.00007,0.00015,0.00190,0.00082,0.00109,0.00635
1598870200.549020528793335,0.00198,0.00008,0.00003,0.00205,0.00009,0.00088,0.00512
1598870200.583058357238770,0.00204,0.00008,0.00016,0.00206,0.00073,0.00092,0.00599
1598870200.616136312484741,0.00220,0.00011,0.00065,0.00213,0.00020,0.00112,0.00641
1598870200.650571823120117,0.00219,0.00012,0.00001,0.00215,0.00059,0.00110,0.00616
1598870200.715655565261841,0.00232,0.00011,0.00004,0.00222,0.00006,0.00092,0.00567
1598870200.750246763229370,0.00204,0.00009,0.00010,0.00209,0.00029,0.00123,0.00584
1598870200.816485643386841,0.00249,0.00012,0.00015,0.00204,0.00014,0.00109,0.00604
1598870200.850474834442139,0.00214,0.00008,0.00105,0.00212,0.00118,0.00109,0.00767
1598870200.882887840270996,0.00246,0.00012,0.00001,0.00228,0.00009,0.00112,0.00608
1598870200.917926073074341,0.00208,0.00009,0.00002,0.00209,0.00040,0.00121,0.00590
1598870200.983642816543579,0.00233,0.00010,0.00036,0.00196,0.00072,0.00107,0.00655
1598870201.016293525695801,0.00237,0.00011,0.00009,0.00207,0.00036,0.00112,0.00613
1598870201.049963951110840,0.00239,0.00008,0.00005,0.00203,0.00014,0.00112,0.00580
1598870201.082637548446655,0.00234,0.00009,0.00005,0.00206,0.00015,0.00090,0.00559
1598870201.115693807601929,0.00209,0.00009,0.00001,0.00185,0.00028,0.00090,0.00522
1598870201.150681972503662,0.00203,0.00009,0.00008,0.00187,0.00036,0.00091,0.00534
1598870201.217799663543701,0.00232,0.00007,0.00037,0.00167,0.00000,0.00082,0.00526
1598870201.250703573226929,0.00195,0.00009,0.00011,0.00171,0.00019,0.00084,0.00490
1598870201.316981315612793,0.00231,0.00010,0.00022,0.00134,0.00035,0.00083,0.00516
1598870201.350024461746216,0.00197,0.00007,0.00005,0.00137,0.00004,0.00084,0.00435
1598870201.384358167648315,0.00200,0.00007,0.00010,0.00143,0.00008,0.00085,0.00453
1598870201.417323112487793,0.00198,0.00008,0.00001,0.00141,0.00014,0.00088,0.00450
1598870201.483025312423706,0.00190,0.00009,0.00009,0.00142,0.00083,0.00085,0.00519
1598870201.516857862472534,0.00203,0.00006,0.00005,0.00148,0.00044,0.00083,0.00490
1598870201.550138711929321,0.00198,0.00008,0.00001,0.00163,0.00046,0.00112,0.00528
1598870201.582783222198486,0.00221,0.00010,0.00006,0.00141,0.00005,0.00102,0.00486
1598870201.622194528579712,0.00203,0.00008,0.00010,0.00123,0.00029,0.00087,0.00461
1598870201.687243700027466,0.00232,0.00014,0.00028,0.00125,0.00174,0.00099,0.00672
1598870201.749379873275757,0.00222,0.00011,0.00004,0.00139,0.00012,0.00100,0.00488
1598870201.783423662185669,0.00205,0.00008,0.00008,0.00128,0.00142,0.00086,0.00577
1598870201.816448688507080,0.00206,0.00008,0.00005,0.00151,0.00067,0.00088,0.00524
1598870201.856002330780029,0.00205,0.00012,0.00001,0.00147,0.00005,0.00102,0.00472
1598870201.917197942733765,0.00242,0.00009,0.00043,0.00128,0.00016,0.00100,0.00537
1598870201.950651407241821,0.00208,0.00008,0.00025,0.00135,0.00015,0.00104,0.00494
1598870201.984240770339966,0.00215,0.00012,0.00010,0.00138,0.00063,0.00101,0.00540
1598870202.018990039825439,0.00200,0.00006,0.00004,0.00127,0.00024,0.00082,0.00444
1598870202.053413391113281,0.00188,0.00005,0.00003,0.00125,0.00013,0.00080,0.00415
1598870202.087237834930420,0.00210,0.00008,0.00001,0.00155,0.00054,0.00109,0.00537
1598870202.120110273361206,0.00198,0.00009,0.00005,0.00134,0.00065,0.00106,0.00518
1598870202.154548645019531,0.00196,0.00010,0.00001,0.00142,0.00015,0.00101,0.00464
1598870202.189904212951660,0.00224,0.00010,0.00021,0.00105,0.00025,0.00100,0.00484
1598870202.255414962768555,0.00206,0.00009,0.00001,0.00134,0.00020,0.00083,0.00452
1598870202.288704156875610,0.00199,0.00006,0.00001,0.00151,0.00045,0.00084,0.00486
1598870202.323574066162109,0.00209,0.00006,0.00004,0.00143,0.00003,0.00085,0.00451
1598870202.355891227722168,0.00187,0.00005,0.00006,0.00131,0.00044,0.00086,0.00460
1598870202.389703989028931,0.00196,0.00005,0.00003,0.00137,0.00065,0.00085,0.00492
1598870202.423536062240601,0.00191,0.00005,0.00003,0.00135,0.00026,0.00089,0.00449
1598870202.456712961196899,0.00192,0.00005,0.00001,0.00130,0.00042,0.00090,0.00460
1598870202.523070573806763,0.00193,0.00009,0.00003,0.00136,0.00021,0.00085,0.00448
1598870202.555442333221436,0.00206,0.00011,0.00009,0.00025,0.00007,0.00102,0.00360
1598870202.589096546173096,0.00245,0.00010,0.00010,0.00031,0.00025,0.00109,0.00430
1598870202.621982812881470,0.00298,0.00008,0.00022,0.00023,0.00045,0.00094,0.00490
1598870202.655901432037354,0.00230,0.00010,0.00004,0.00077,0.00051,0.00106,0.00479
1598870202.691207885742188,0.00213,0.00009,0.00001,0.00085,0.00188,0.00087,0.00583
1598870202.758446216583252,0.00201,0.00009,0.00007,0.00120,0.00104,0.00104,0.00545
1598870202.792270421981812,0.00195,0.00006,0.00001,0.00129,0.00004,0.00092,0.00426
1598870202.825407505035400,0.00206,0.00008,0.00004,0.00128,0.00080,0.00086,0.00512
1598870202.859599351882935,0.00198,0.00005,0.00004,0.00159,0.00033,0.00104,0.00504
1598870202.893853664398193,0.00199,0.00010,0.00004,0.00140,0.00017,0.00112,0.00482
1598870202.928571701049805,0.00180,0.00008,0.00001,0.00137,0.00062,0.00083,0.00472
1598870202.961194992065430,0.00185,0.00009,0.00001,0.00145,0.00089,0.00114,0.00543
1598870202.993827581405640,0.00202,0.00008,0.00001,0.00163,0.00067,0.00115,0.00555
1598870203.028730630874634,0.00210,0.00012,0.00002,0.00178,0.00049,0.00105,0.00556
1598870203.061107635498047,0.00267,0.00011,0.00001,0.00173,0.00017,0.00099,0.00567
1598870203.096579313278198,0.00199,0.00009,0.00006,0.00166,0.00106,0.00087,0.00574
1598870203.129379510879517,0.00193,0.00009,0.00004,0.00176,0.00011,0.00089,0.00483
1598870203.163641214370728,0.00187,0.00008,0.00001,0.00175,0.00185,0.00086,0.00641
1598870203.230851173400879,0.00199,0.00014,0.00006,0.00190,0.00006,0.00106,0.00522
1598870203.265204429626465,0.00220,0.00011,0.00001,0.00208,0.00009,0.00108,0.00556
1598870203.300331354141235,0.00188,0.00011,0.00001,0.00208,0.00059,0.00087,0.00555
1598870203.333349704742432,0.00188,0.00009,0.00001,0.00211,0.00017,0.00083,0.00509
1598870203.367655515670776,0.00196,0.00005,0.00001,0.00218,0.00017,0.00100,0.00537
1598870203.401257991790771,0.00213,0.00009,0.00001,0.00222,0.00117,0.00105,0.00667
1598870203.435268402099609,0.00210,0.00010,0.00001,0.00232,0.00027,0.00121,0.00602
1598870203.500100851058960,0.00193,0.00011,0.00004,0.00254,0.00022,0.00102,0.00586
1598870203.539061069488525,0.00211,0.00009,0.00001,0.00236,0.00016,0.00105,0.00577
1598870203.600442886352539,0.00216,0.00013,0.00001,0.00225,0.00124,0.00108,0.00686
1598870203.634000539779663,0.00206,0.00014,0.00001,0.00263,0.00010,0.00103,0.00596
1598870203.668039560317993,0.00197,0.00006,0.00003,0.00243,0.00015,0.00087,0.00552
1598870203.700631141662598,0.00216,0.00011,0.00001,0.00248,0.00005,0.00102,0.00583
1598870203.734438180923462,0.00206,0.00012,0.00011,0.00225,0.00009,0.00095,0.00558
1598870203.768863677978516,0.00195,0.00011,0.00001,0.00227,0.00012,0.00101,0.00546
1598870203.833273649215698,0.00209,0.00009,0.00006,0.00195,0.00017,0.00095,0.00531
1598870203.867547988891602,0.00189,0.00009,0.00005,0.00201,0.00023,0.00077,0.00504
1598870203.901489734649658,0.00175,0.00006,0.00002,0.00198,0.00010,0.00080,0.00471
1598870203.935882329940796,0.00216,0.00007,0.00005,0.00201,0.00039,0.00081,0.00550
1598870203.971577882766724,0.00227,0.00011,0.00003,0.00205,0.00021,0.00104,0.00572
1598870204.040128231048584,0.00210,0.00007,0.00006,0.00210,0.00042,0.00082,0.00557
1598870204.075161695480347,0.00191,0.00006,0.00003,0.00185,0.00006,0.00082,0.00472
1598870204.137306690216064,0.00195,0.00007,0.00009,0.00169,0.00009,0.00083,0.00472
1598870204.170819997787476,0.00211,0.00006,0.00001,0.00169,0.00016,0.00080,0.00483
1598870204.205112457275391,0.00199,0.00006,0.00012,0.00162,0.00007,0.00085,0.00470
1598870204.238237857818604,0.00204,0.00011,0.00003,0.00214,0.00008,0.00105,0.00545
1598870204.275973558425903,0.00179,0.00011,0.00009,0.00151,0.00012,0.00086,0.00448
1598870204.339019536972046,0.00223,0.00012,0.00006,0.00148,0.00018,0.00107,0.00515
1598870204.373438358306885,0.00193,0.00011,0.00006,0.00146,0.00126,0.00108,0.00591
1598870204.407227039337158,0.00222,0.00011,0.00007,0.00143,0.00010,0.00106,0.00500
1598870204.442061424255371,0.00211,0.00005,0.00015,0.00141,0.00008,0.00089,0.00469
1598870204.507197618484497,0.00201,0.00013,0.00004,0.00151,0.00109,0.00132,0.00611
1598870204.539736747741699,0.00207,0.00011,0.00005,0.00135,0.00022,0.00098,0.00478
1598870204.573991537094116,0.00203,0.00009,0.00004,0.00153,0.00019,0.00087,0.00475
1598870204.608802556991577,0.00206,0.00012,0.00005,0.00159,0.00212,0.00100,0.00694
1598870204.641595125198364,0.00211,0.00011,0.00015,0.00187,0.00069,0.00107,0.00600
1598870204.674981117248535,0.00197,0.00008,0.00001,0.00190,0.00084,0.00082,0.00561
1598870204.709235191345215,0.00185,0.00008,0.00001,0.00197,0.00037,0.00084,0.00512
1598870204.741616487503052,0.00198,0.00006,0.00006,0.00239,0.00025,0.00120,0.00594
1598870204.776054859161377,0.00181,0.00011,0.00001,0.00227,0.00028,0.00095,0.00544
1598870204.809455156326294,0.00212,0.00011,0.00059,0.00224,0.00015,0.00106,0.00628
1598870204.843189477920532,0.00182,0.00009,0.00001,0.00226,0.00063,0.00092,0.00573
1598870204.877549648284912,0.00196,0.00008,0.00001,0.00253,0.00011,0.00114,0.00583
1598870204.910469532012939,0.00207,0.00010,0.00001,0.00245,0.00022,0.00104,0.00588
1598870204.944266080856323,0.00203,0.00013,0.00001,0.00240,0.00017,0.00109,0.00584
1598870204.977627038955688,0.00207,0.00008,0.00001,0.00241,0.00071,0.00106,0.00633
1598870205.011811733245850,0.00198,0.00008,0.00001,0.00246,0.00012,0.00085,0.00550
1598870205.044733047485352,0.00230,0.00006,0.00001,0.00247,0.00016,0.00082,0.00582
1598870205.078329324722290,0.00235,0.00007,0.00001,0.00246,0.00004,0.00081,0.00575
1598870205.111371517181396,0.00202,0.00014,0.00001,0.00261,0.00007,0.00113,0.00598
1598870205.145080089569092,0.00215,0.00009,0.00001,0.00252,0.00011,0.00107,0.00594
1598870205.177607059478760,0.00191,0.00006,0.00001,0.00241,0.00072,0.00088,0.00600
1598870205.211781501770020,0.00203,0.00007,0.00064,0.00245,0.00013,0.00083,0.00615
1598870205.245244741439819,0.00207,0.00009,0.00001,0.00233,0.00011,0.00103,0.00564
1598870205.278254985809326,0.00209,0.00014,0.00001,0.00235,0.00008,0.00109,0.00576
1598870205.313922882080078,0.00183,0.00010,0.00018,0.00213,0.00019,0.00082,0.00526
1598870205.379640817642212,0.00217,0.00010,0.00018,0.00176,0.00016,0.00084,0.00521
1598870205.414417982101440,0.00204,0.00009,0.00004,0.00176,0.00005,0.00084,0.00483
1598870205.454867124557495,0.00216,0.00009,0.00006,0.00182,0.00023,0.00081,0.00517
1598870205.515248537063599,0.00216,0.00016,0.00014,0.00184,0.00014,0.00105,0.00550
1598870205.548752069473267,0.00225,0.00006,0.00005,0.00166,0.00005,0.00074,0.00482
1598870205.581236839294434,0.00228,0.00011,0.00013,0.00175,0.00014,0.00109,0.00550
1598870205.615826129913330,0.00209,0.00008,0.00002,0.00167,0.00010,0.00082,0.00477
1598870205.649245023727417,0.00216,0.00011,0.00016,0.00173,0.00018,0.00101,0.00535
1598870205.715257167816162,0.00217,0.00010,0.00011,0.00173,0.00172,0.00109,0.00692
1598870205.749134063720703,0.00210,0.00011,0.00004,0.00183,0.00037,0.00087,0.00532
1598870205.782601356506348,0.00200,0.00010,0.00015,0.00188,0.00067,0.00085,0.00565
1598870205.817132234573364,0.00181,0.00009,0.00004,0.00201,0.00052,0.00086,0.00532
1598870205.849833726882935,0.00206,0.00014,0.00017,0.00208,0.00172,0.00103,0.00720
1598870205.883588790893555,0.00220,0.00008,0.00043,0.00226,0.00065,0.00078,0.00640
1598870205.916750431060791,0.00157,0.00009,0.00005,0.00243,0.00009,0.00079,0.00502
1598870205.950976133346558,0.00212,0.00007,0.00019,0.00238,0.00026,0.00077,0.00580
1598870205.983660459518433,0.00285,0.00009,0.00034,0.00259,0.00073,0.00088,0.00747
1598870206.018049955368042,0.00223,0.00008,0.00001,0.00248,0.00016,0.00087,0.00582
1598870206.051894664764404,0.00221,0.00013,0.00010,0.00252,0.00011,0.00100,0.00608
1598870206.085809469223022,0.00224,0.00009,0.00015,0.00260,0.00022,0.00121,0.00651
1598870206.119843244552612,0.00224,0.00011,0.00012,0.00259,0.00012,0.00101,0.00619
1598870206.185574293136597,0.00195,0.00008,0.00008,0.00233,0.00019,0.00080,0.00544
1598870206.219954013824463,0.00169,0.00007,0.00007,0.00228,0.00005,0.00076,0.00491
1598870206.254002332687378,0.00168,0.00006,0.00002,0.00226,0.00088,0.00074,0.00563
1598870206.286931514739990,0.00169,0.00014,0.00021,0.00238,0.00021,0.00111,0.00573
1598870206.327353954315186,0.00192,0.00010,0.00008,0.00227,0.00066,0.00098,0.00601
1598870206.388550996780396,0.00188,0.00008,0.00001,0.00242,0.00018,0.00075,0.00532
1598870206.421943664550781,0.00200,0.00013,0.00036,0.00262,0.00052,0.00118,0.00680
1598870206.455230951309204,0.00199,0.00009,0.00003,0.00261,0.00007,0.00092,0.00572
1598870206.487558126449585,0.00194,0.00007,0.00008,0.00239,0.00016,0.00078,0.00542
1598870206.521461248397827,0.00189,0.00007,0.00001,0.00301,0.00000,0.00129,0.00627
1598870206.556482553482056,0.00203,0.00010,0.00005,0.00236,0.00020,0.00117,0.00592
1598870206.591620445251465,0.00209,0.00007,0.00006,0.00234,0.00045,0.00080,0.00581
1598870206.654760122299194,0.00231,0.00010,0.00047,0.00233,0.00008,0.00087,0.00617
1598870206.688892602920532,0.00206,0.00007,0.00003,0.00235,0.00006,0.00084,0.00543
1598870206.722959995269775,0.00193,0.00007,0.00004,0.00254,0.00040,0.00110,0.00609
1598870206.756608486175537,0.00219,0.00006,0.00003,0.00274,0.00026,0.00108,0.00634
1598870206.821637153625488,0.00250,0.00014,0.00004,0.00290,0.00018,0.00101,0.00677
1598870206.854230642318726,0.00228,0.00009,0.00002,0.00247,0.00015,0.00098,0.00599
1598870206.889199972152710,0.00221,0.00007,0.00015,0.00272,0.00013,0.00085,0.00612
1598870206.962438583374023,0.00228,0.00012,0.00006,0.00336,0.00008,0.00120,0.00711
1598870207.022189855575562,0.00231,0.00011,0.00001,0.00241,0.00017,0.00096,0.00597
1598870207.057475805282593,0.00258,0.00013,0.00008,0.00260,0.00000,0.00135,0.00674
1598870207.121846199035645,0.00242,0.00010,0.00001,0.00261,0.00026,0.00106,0.00647
1598870207.154522418975830,0.00227,0.00009,0.00005,0.00242,0.00013,0.00099,0.00594
1598870207.187836647033691,0.00300,0.00010,0.00001,0.00241,0.00091,0.00090,0.00733
1598870207.222559452056885,0.00176,0.00009,0.00026,0.00231,0.00009,0.00095,0.00546
1598870207.259309530258179,0.00198,0.00013,0.00001,0.00236,0.00006,0.00105,0.00560
1598870207.321886301040649,0.00193,0.00009,0.00027,0.00229,0.00080,0.00093,0.00631
1598870207.354959249496460,0.00184,0.00013,0.00015,0.00257,0.00012,0.00103,0.00584
1598870207.388690233230591,0.00228,0.00012,0.00009,0.00247,0.00034,0.00092,0.00622
1598870207.428506374359131,0.00196,0.00009,0.00024,0.00258,0.00004,0.00083,0.00573
1598870207.487687110900879,0.00172,0.00007,0.00006,0.00261,0.00002,0.00091,0.00539
1598870207.522508382797241,0.00164,0.00006,0.00078,0.00257,0.00002,0.00081,0.00588
1598870207.554924011230469,0.00174,0.00006,0.00004,0.00251,0.00000,0.00078,0.00513
1598870207.588101148605347,0.00193,0.00008,0.00075,0.00242,0.00004,0.00088,0.00610
1598870207.622236967086792,0.00212,0.00009,0.00012,0.00249,0.00008,0.00106,0.00596
1598870207.686251878738403,0.00244,0.00009,0.00005,0.00243,0.00006,0.00099,0.00606
1598870207.720772504806519,0.00204,0.00006,0.00074,0.00224,0.00005,0.00083,0.00596
1598870207.754450082778931,0.00189,0.00011,0.00014,0.00217,0.00005,0.00078,0.00514
1598870207.789156198501587,0.00181,0.00006,0.00009,0.00243,0.00018,0.00083,0.00541
1598870207.822885036468506,0.00195,0.00007,0.00018,0.00197,0.00009,0.00078,0.00504
1598870207.856324434280396,0.00193,0.00008,0.00004,0.00193,0.00006,0.00078,0.00482
1598870207.923723459243774,0.00188,0.00009,0.00013,0.00191,0.00024,0.00079,0.00505
1598870207.956687211990356,0.00214,0.00009,0.00006,0.00191,0.00035,0.00079,0.00534
1598870208.023468494415283,0.00192,0.00007,0.00053,0.00181,0.00038,0.00079,0.00551
1598870208.087638616561890,0.00212,0.00009,0.00006,0.00216,0.00000,0.00077,0.00521
1598870208.120989561080933,0.00187,0.00008,0.00001,0.00185,0.00025,0.00081,0.00487
1598870208.155804157257080,0.00189,0.00009,0.00004,0.00184,0.00087,0.00079,0.00552
1598870208.189239740371704,0.00179,0.00008,0.00003,0.00200,0.00036,0.00081,0.00508
1598870208.222720861434937,0.00171,0.00007,0.00004,0.00205,0.00061,0.00078,0.00526
1598870208.255701303482056,0.00199,0.00009,0.00001,0.00229,0.00091,0.00084,0.00613
1598870208.321448802947998,0.00192,0.00007,0.00006,0.00214,0.00025,0.00080,0.00524
1598870208.354849338531494,0.00267,0.00011,0.00015,0.00222,0.00011,0.00125,0.00650
1598870208.388399600982666,0.00214,0.00011,0.00008,0.00219,0.00007,0.00095,0.00553
1598870208.421905040740967,0.00176,0.00009,0.00005,0.00212,0.00015,0.00287,0.00704
1598870208.454570770263672,0.00183,0.00005,0.00005,0.00213,0.00005,0.00079,0.00491
1598870208.487293481826782,0.00217,0.00011,0.00002,0.00219,0.00014,0.00106,0.00571
1598870208.522329807281494,0.00213,0.00007,0.00007,0.00248,0.00012,0.00097,0.00585
1598870208.588431835174561,0.00199,0.00010,0.00009,0.00245,0.00018,0.00079,0.00559
1598870208.621069431304932,0.00179,0.00006,0.00013,0.00210,0.00117,0.00115,0.00640
1598870208.653535604476929,0.00197,0.00009,0.00014,0.00241,0.00094,0.00094,0.00651
1598870208.685955047607422,0.00201,0.00009,0.00055,0.00267,0.00082,0.00083,0.00696
1598870208.720898389816284,0.00175,0.00005,0.00076,0.00278,0.00000,0.00094,0.00628
1598870208.753724336624146,0.00230,0.00011,0.00065,0.00280,0.00000,0.00098,0.00684
1598870208.786096811294556,0.00205,0.00008,0.00020,0.00284,0.00000,0.00100,0.00618
1598870208.820372581481934,0.00192,0.00007,0.00056,0.00300,0.00000,0.00098,0.00654
1598870208.852889537811279,0.00209,0.00008,0.00014,0.00289,0.00000,0.00102,0.00621
1598870208.885902881622314,0.00215,0.00010,0.00057,0.00282,0.00000,0.00105,0.00669
1598870208.920031070709229,0.00207,0.00008,0.00034,0.00284,0.00000,0.00129,0.00662
1598870208.953259229660034,0.00199,0.00009,0.00013,0.00282,0.00000,0.00114,0.00617
1598870208.987010002136230,0.00194,0.00008,0.00042,0.00281,0.00000,0.00085,0.00611
1598870209.020211458206177,0.00185,0.00007,0.00009,0.00280,0.00000,0.00084,0.00566
1598870209.052988290786743,0.00188,0.00018,0.00034,0.00320,0.00000,0.00108,0.00668
1598870209.087272405624390,0.00205,0.00009,0.00004,0.00291,0.00000,0.00099,0.00609
1598870209.124314785003662,0.00197,0.00006,0.00145,0.00284,0.00000,0.00084,0.00715
1598870209.156863212585449,0.00185,0.00006,0.00056,0.00294,0.00000,0.00087,0.00628
1598870209.189917325973511,0.00189,0.00006,0.00059,0.00286,0.00000,0.00086,0.00625
1598870209.222328662872314,0.00173,0.00006,0.00033,0.00288,0.00000,0.00086,0.00587
1598870209.255432128906250,0.00205,0.00016,0.00015,0.00289,0.00000,0.00106,0.00631
1598870209.320206642150879,0.00197,0.00010,0.00015,0.00312,0.00000,0.00099,0.00634
1598870209.354321479797363,0.00189,0.00006,0.00030,0.00288,0.00000,0.00086,0.00599
1598870209.419943571090698,0.00184,0.00008,0.00055,0.00280,0.00000,0.00083,0.00610
1598870209.487118482589722,0.00187,0.00007,0.00042,0.00278,0.00000,0.00081,0.00596
1598870209.552759647369385,0.00216,0.00012,0.00011,0.00288,0.00000,0.00106,0.00634
1598870209.619395732879639,0.00200,0.00010,0.00042,0.00283,0.00000,0.00098,0.00632
1598870209.652385473251343,0.00176,0.00007,0.00052,0.00276,0.00000,0.00082,0.00593
1598870209.685428142547607,0.00197,0.00006,0.00143,0.00273,0.00000,0.00082,0.00701
1598870209.720346927642822,0.00162,0.00006,0.00026,0.00287,0.00000,0.00083,0.00564
1598870209.785951137542725,0.00179,0.00008,0.00116,0.00281,0.00000,0.00083,0.00667
1598870209.819136381149292,0.00168,0.00006,0.00010,0.00289,0.00000,0.00085,0.00557
1598870209.886279821395874,0.00169,0.00008,0.00014,0.00304,0.00000,0.00082,0.00577
1598870209.920535326004028,0.00165,0.00006,0.00009,0.00283,0.00000,0.00083,0.00545
1598870209.952902793884277,0.00177,0.00007,0.00006,0.00281,0.00000,0.00084,0.00556
1598870209.985758543014526,0.00173,0.00006,0.00052,0.00282,0.00000,0.00083,0.00596
1598870210.025345802307129,0.00172,0.00006,0.00018,0.00281,0.00000,0.00089,0.00566
1598870210.085705280303955,0.00187,0.00012,0.00011,0.00285,0.00000,0.00097,0.00592
1598870210.117975234985352,0.00188,0.00008,0.00019,0.00289,0.00000,0.00106,0.00609
1598870210.150838375091553,0.00169,0.00007,0.00007,0.00280,0.00000,0.00085,0.00548
1598870210.184591770172119,0.00184,0.00006,0.00019,0.00338,0.00000,0.00079,0.00626
1598870210.219897747039795,0.00168,0.00014,0.00067,0.00284,0.00000,0.00102,0.00636
1598870210.253447771072388,0.00189,0.00008,0.00068,0.00301,0.00000,0.00093,0.00660
1598870210.318700551986694,0.00176,0.00008,0.00009,0.00320,0.00000,0.00104,0.00618
1598870210.352496385574341,0.00194,0.00008,0.00014,0.00286,0.00000,0.00100,0.00602
1598870210.385901689529419,0.00203,0.00013,0.00009,0.00284,0.00000,0.00108,0.00616
1598870210.418600320816040,0.00174,0.00008,0.00007,0.00284,0.00000,0.00106,0.00579
1598870210.451719522476196,0.00198,0.00010,0.00056,0.00289,0.00000,0.00111,0.00663
1598870210.484723329544067,0.00184,0.00006,0.00018,0.00290,0.00000,0.00109,0.00607
1598870210.520283699035645,0.00165,0.00008,0.00009,0.00286,0.00000,0.00098,0.00566
1598870210.585886001586914,0.00162,0.00008,0.00018,0.00283,0.00000,0.00083,0.00554
1598870210.618792533874512,0.00158,0.00006,0.00007,0.00282,0.00000,0.00082,0.00535
1598870210.652049064636230,0.00178,0.00007,0.00018,0.00288,0.00000,0.00083,0.00574
1598870210.684646606445312,0.00217,0.00011,0.00071,0.00285,0.00000,0.00108,0.00691
1598870210.719997882843018,0.00179,0.00008,0.00069,0.00279,0.00000,0.00105,0.00641
1598870210.784151554107666,0.00173,0.00009,0.00009,0.00280,0.00000,0.00086,0.00557
1598870210.818326950073242,0.00179,0.00015,0.00014,0.00286,0.00000,0.00099,0.00593
1598870210.883852481842041,0.00198,0.00010,0.00009,0.00286,0.00000,0.00100,0.00605
1598870210.916975736618042,0.00161,0.00006,0.00006,0.00304,0.00000,0.00087,0.00565
1598870210.950816869735718,0.00174,0.00005,0.00053,0.00278,0.00000,0.00084,0.00594
1598870210.985424041748047,0.00184,0.00006,0.00018,0.00278,0.00000,0.00085,0.00570
1598870211.019831895828247,0.00156,0.00006,0.00009,0.00289,0.00000,0.00083,0.00543
1598870211.083874464035034,0.00163,0.00008,0.00018,0.00311,0.00000,0.00102,0.00601
1598870211.118186473846436,0.00174,0.00007,0.00008,0.00282,0.00000,0.00098,0.00570
1598870211.150784015655518,0.00178,0.00006,0.00018,0.00282,0.00000,0.00086,0.00571
1598870211.185479402542114,0.00173,0.00006,0.00064,0.00282,0.00000,0.00085,0.00610
1598870211.217816352844238,0.00152,0.00006,0.00068,0.00290,0.00000,0.00086,0.00602
1598870211.283808708190918,0.00185,0.00008,0.00011,0.00310,0.00000,0.00080,0.00594
1598870211.318941354751587,0.00194,0.00009,0.00015,0.00283,0.00000,0.00102,0.00604
1598870211.351852655410767,0.00214,0.00010,0.00008,0.00310,0.00000,0.00091,0.00634
1598870211.419079780578613,0.00201,0.00007,0.00006,0.00279,0.00000,0.00101,0.00594
1598870211.483252048492432,0.00188,0.00007,0.00052,0.00295,0.00000,0.00080,0.00624
1598870211.517260313034058,0.00177,0.00006,0.00018,0.00283,0.00000,0.00082,0.00566
1598870211.550759077072144,0.00195,0.00006,0.00009,0.00276,0.00000,0.00077,0.00563
1598870211.585302114486694,0.00177,0.00006,0.00017,0.00280,0.00000,0.00079,0.00560
1598870211.620192527770996,0.00181,0.00006,0.00007,0.00276,0.00000,0.00074,0.00545
1598870211.686864852905273,0.00172,0.00007,0.00019,0.00280,0.00000,0.00079,0.00558
1598870211.720447301864624,0.00173,0.00006,0.00065,0.00319,0.00000,0.00148,0.00710
1598870211.783336877822876,0.00187,0.00009,0.00068,0.00281,0.00000,0.00088,0.00633
1598870211.822811841964722,0.00170,0.00006,0.00009,0.00278,0.00000,0.00085,0.00548
1598870211.883543252944946,0.00212,0.00009,0.00014,0.00318,0.00000,0.00102,0.00655
1598870211.916900396347046,0.00173,0.00007,0.00009,0.00281,0.00000,0.00082,0.00552
1598870211.950132131576538,0.00170,0.00006,0.00006,0.00305,0.00000,0.00104,0.00591
1598870211.983542442321777,0.00180,0.00008,0.00053,0.00290,0.00000,0.00096,0.00627
1598870212.016322135925293,0.00160,0.00006,0.00017,0.00280,0.00000,0.00080,0.00543
1598870212.050067901611328,0.00178,0.00006,0.00010,0.00283,0.00000,0.00079,0.00554
1598870212.083451509475708,0.00167,0.00006,0.00017,0.00284,0.00000,0.00088,0.00562
1598870212.117110729217529,0.00164,0.00005,0.00007,0.00285,0.00000,0.00082,0.00543
1598870212.149979352951050,0.00167,0.00006,0.00019,0.00286,0.00000,0.00080,0.00559
1598870212.183771610260010,0.00163,0.00006,0.00063,0.00282,0.00000,0.00087,0.00601
1598870212.217429399490356,0.00164,0.00006,0.00069,0.00278,0.00000,0.00085,0.00602
1598870212.250220060348511,0.00160,0.00007,0.00009,0.00283,0.00000,0.00090,0.00549
1598870212.283419609069824,0.00180,0.00006,0.00012,0.00278,0.00000,0.00123,0.00600
1598870212.318098306655884,0.00188,0.00007,0.00009,0.00307,0.00000,0.00088,0.00599
1598870212.383972406387329,0.00165,0.00009,0.00007,0.00283,0.00000,0.00088,0.00552
1598870212.418240547180176,0.00166,0.00006,0.00067,0.00314,0.00000,0.00101,0.00654
1598870212.484210252761841,0.00178,0.00010,0.00017,0.00290,0.00000,0.00109,0.00604
1598870212.517346143722534,0.00163,0.00007,0.00009,0.00293,0.00000,0.00093,0.00565
1598870212.549891710281372,0.00174,0.00008,0.00023,0.00339,0.00000,0.00100,0.00644
1598870212.583146810531616,0.00185,0.00009,0.00008,0.00290,0.00000,0.00106,0.00597
1598870212.616726636886597,0.00163,0.00006,0.00018,0.00283,0.00000,0.00090,0.00561
1598870212.656854867935181,0.00163,0.00006,0.00062,0.00309,0.00000,0.00104,0.00645
1598870212.716390609741211,0.00188,0.00009,0.00071,0.00281,0.00000,0.00108,0.00658
1598870212.749648571014404,0.00167,0.00008,0.00010,0.00292,0.00000,0.00086,0.00563
1598870212.782729148864746,0.00159,0.00006,0.00013,0.00280,0.00000,0.00085,0.00543
1598870212.817900180816650,0.00157,0.00006,0.00008,0.00312,0.00000,0.00082,0.00565
1598870212.883200645446777,0.00179,0.00007,0.00007,0.00308,0.00000,0.00078,0.00578
1598870212.917486667633057,0.00161,0.00006,0.00052,0.00319,0.00000,0.00081,0.00619
1598870212.983568191528320,0.00175,0.00007,0.00018,0.00281,0.00000,0.00085,0.00566
1598870213.018409967422485,0.00166,0.00006,0.00009,0.00287,0.00000,0.00084,0.00552
1598870213.082850217819214,0.00171,0.00007,0.00018,0.00297,0.00000,0.00085,0.00579
1598870213.116172552108765,0.00190,0.00010,0.00009,0.00285,0.00000,0.00101,0.00596
1598870213.149900674819946,0.00201,0.00007,0.00020,0.00285,0.00000,0.00093,0.00606
1598870213.183922290802002,0.00172,0.00007,0.00065,0.00288,0.00000,0.00089,0.00620
1598870213.216899871826172,0.00179,0.00006,0.00067,0.00281,0.00000,0.00083,0.00615
1598870213.249347925186157,0.00191,0.00006,0.00010,0.00280,0.00000,0.00082,0.00569
1598870213.282627582550049,0.00170,0.00006,0.00013,0.00282,0.00000,0.00077,0.00547
1598870213.316277980804443,0.00172,0.00006,0.00008,0.00295,0.00000,0.00107,0.00588
1598870213.349211454391479,0.00199,0.00007,0.00006,0.00309,0.00000,0.00097,0.00620
1598870213.418656587600708,0.00226,0.00012,0.00057,0.00287,0.00000,0.00102,0.00684
1598870213.482874631881714,0.00145,0.00007,0.00019,0.00278,0.00000,0.00071,0.00521
1598870213.517248630523682,0.00200,0.00010,0.00009,0.00293,0.00000,0.00104,0.00615
1598870213.583734750747681,0.00164,0.00010,0.00020,0.00351,0.00000,0.00102,0.00648
1598870213.616040468215942,0.00140,0.00007,0.00007,0.00270,0.00000,0.00071,0.00495
1598870213.649218797683716,0.00109,0.00007,0.00019,0.00275,0.00000,0.00085,0.00494
1598870213.687845468521118,0.00139,0.00007,0.00062,0.00268,0.00000,0.00069,0.00544
1598870213.720645189285278,0.00138,0.00005,0.00066,0.00290,0.00000,0.00071,0.00571
1598870213.785707950592041,0.00138,0.00007,0.00009,0.00278,0.00000,0.00069,0.00502
1598870213.850539922714233,0.00169,0.00008,0.00018,0.00272,0.00000,0.00068,0.00535
1598870213.884721279144287,0.00187,0.00009,0.00009,0.00283,0.00000,0.00100,0.00588
1598870213.949152231216431,0.00189,0.00009,0.00007,0.00289,0.00000,0.00089,0.00583
1598870213.982458114624023,0.00178,0.00006,0.00052,0.00278,0.00000,0.00085,0.00599
1598870214.016136407852173,0.00170,0.00006,0.00019,0.00285,0.00000,0.00085,0.00565
1598870214.051946163177490,0.00162,0.00006,0.00010,0.00408,0.00000,0.00118,0.00704
1598870214.084569692611694,0.00179,0.00007,0.00019,0.00283,0.00000,0.00102,0.00592
1598870214.118995666503906,0.00194,0.00016,0.00010,0.00289,0.00000,0.00107,0.00615
1598870214.151929616928101,0.00181,0.00011,0.00033,0.00286,0.00000,0.00100,0.00611
1598870214.215937614440918,0.00181,0.00011,0.00065,0.00347,0.00000,0.00103,0.00707
1598870214.248960018157959,0.00171,0.00008,0.00069,0.00279,0.00000,0.00106,0.00633
1598870214.286729812622070,0.00166,0.00007,0.00009,0.00286,0.00000,0.00084,0.00552
1598870214.348969936370850,0.00170,0.00008,0.00013,0.00285,0.00000,0.00083,0.00559
1598870214.382479667663574,0.00178,0.00010,0.00013,0.00287,0.00000,0.00103,0.00592
1598870214.416126966476440,0.00183,0.00008,0.00007,0.00294,0.00000,0.00095,0.00587
1598870214.518471002578735,0.00164,0.00010,0.00051,0.00286,0.00000,0.00087,0.00598
1598870214.553521394729614,0.00165,0.00006,0.00019,0.00281,0.00000,0.00085,0.00555
1598870214.615736722946167,0.00188,0.00007,0.00009,0.00285,0.00000,0.00083,0.00572
1598870214.649151086807251,0.00190,0.00009,0.00022,0.00282,0.00000,0.00105,0.00607
1598870214.684056282043457,0.00180,0.00009,0.00009,0.00289,0.00000,0.00097,0.00584
1598870214.716557979583740,0.00177,0.00006,0.00018,0.00282,0.00000,0.00105,0.00588
1598870214.749652385711670,0.00171,0.00008,0.00068,0.00279,0.00000,0.00102,0.00628
1598870214.782588481903076,0.00188,0.00008,0.00068,0.00277,0.00000,0.00094,0.00636
1598870214.816508769989014,0.00175,0.00010,0.00010,0.00284,0.00000,0.00099,0.00579
1598870214.849047422409058,0.00211,0.00008,0.00013,0.00285,0.00000,0.00101,0.00617
1598870214.882992744445801,0.00176,0.00007,0.00008,0.00283,0.00000,0.00085,0.00558
1598870214.919551372528076,0.00165,0.00006,0.00007,0.00285,0.00000,0.00083,0.00547
1598870214.982217788696289,0.00182,0.00007,0.00052,0.00274,0.00000,0.00081,0.00596
1598870215.018209218978882,0.00228,0.00006,0.00018,0.00279,0.00000,0.00080,0.00611
1598870215.052331209182739,0.00202,0.00006,0.00009,0.00308,0.00000,0.00089,0.00614
1598870215.086090803146362,0.00194,0.00006,0.00019,0.00281,0.00000,0.00080,0.00579
1598870215.151169061660767,0.00201,0.00007,0.00007,0.00316,0.00000,0.00078,0.00609
1598870215.220011234283447,0.00185,0.00010,0.00024,0.00285,0.00000,0.00104,0.00608
1598870215.284714221954346,0.00201,0.00010,0.00064,0.00284,0.00000,0.00104,0.00664
1598870215.317440509796143,0.00193,0.00010,0.00085,0.00270,0.00000,0.00084,0.00642
1598870215.381989002227783,0.00199,0.00018,0.00017,0.00313,0.00000,0.00110,0.00657
1598870215.419242143630981,0.00208,0.00008,0.00014,0.00319,0.00000,0.00096,0.00645
1598870215.482153892517090,0.00203,0.00012,0.00010,0.00307,0.00000,0.00104,0.00637
1598870215.516032695770264,0.00213,0.00009,0.00007,0.00312,0.00000,0.00109,0.00649
1598870215.548705101013184,0.00183,0.00008,0.00057,0.00336,0.00000,0.00113,0.00697
1598870215.583020210266113,0.00198,0.00009,0.00021,0.00311,0.00000,0.00116,0.00655
1598870215.648438692092896,0.00191,0.00010,0.00011,0.00335,0.00000,0.00085,0.00631
1598870215.682636976242065,0.00178,0.00006,0.00019,0.00303,0.00000,0.00086,0.00592
1598870215.716606378555298,0.00201,0.00007,0.00007,0.00306,0.00000,0.00088,0.00609
1598870215.751434564590454,0.00167,0.00006,0.00020,0.00304,0.00000,0.00086,0.00583
1598870215.785506486892700,0.00193,0.00007,0.00069,0.00329,0.00000,0.00084,0.00682
1598870215.851864099502563,0.00193,0.00008,0.00074,0.00297,0.00000,0.00088,0.00660
1598870215.884403467178345,0.00187,0.00006,0.00009,0.00308,0.00000,0.00086,0.00597
1598870215.916718721389771,0.00193,0.00007,0.00015,0.00310,0.00000,0.00091,0.00615
1598870215.950669050216675,0.00167,0.00007,0.00008,0.00310,0.00000,0.00090,0.00583
1598870215.983633995056152,0.00200,0.00007,0.00006,0.00301,0.00000,0.00090,0.00605
1598870216.018254995346069,0.00221,0.00011,0.00064,0.00334,0.00000,0.00112,0.00741
1598870216.082072019577026,0.00219,0.00010,0.00020,0.00346,0.00000,0.00110,0.00705
1598870216.119945287704468,0.00195,0.00010,0.00010,0.00310,0.00000,0.00106,0.00631
1598870216.181854009628296,0.00173,0.00008,0.00021,0.00309,0.00000,0.00080,0.00592
1598870216.215250492095947,0.00221,0.00010,0.00007,0.00314,0.00000,0.00113,0.00666
1598870216.248576641082764,0.00176,0.00006,0.00020,0.00306,0.00000,0.00090,0.00598
1598870216.282070159912109,0.00182,0.00007,0.00072,0.00309,0.00000,0.00089,0.00660
1598870216.315103769302368,0.00185,0.00006,0.00074,0.00303,0.00000,0.00088,0.00658
1598870216.348398923873901,0.00174,0.00006,0.00009,0.00313,0.00000,0.00087,0.00590
1598870216.382150411605835,0.00205,0.00009,0.00015,0.00313,0.00000,0.00118,0.00661
1598870216.415108680725098,0.00225,0.00010,0.00009,0.00322,0.00000,0.00104,0.00670
1598870216.448741197586060,0.00207,0.00006,0.00008,0.00360,0.00000,0.00094,0.00675
1598870216.482237339019775,0.00192,0.00006,0.00057,0.00300,0.00000,0.00081,0.00636
1598870216.514952898025513,0.00214,0.00009,0.00023,0.00313,0.00000,0.00107,0.00666
1598870216.548440694808960,0.00197,0.00010,0.00010,0.00313,0.00000,0.00101,0.00630
1598870216.581844806671143,0.00187,0.00006,0.00020,0.00304,0.00000,0.00086,0.00604
1598870216.620910406112671,0.00189,0.00007,0.00010,0.00306,0.00000,0.00081,0.00593
1598870216.682597398757935,0.00199,0.00008,0.00022,0.00343,0.00000,0.00088,0.00660
1598870216.715980052947998,0.00193,0.00007,0.00071,0.00300,0.00000,0.00081,0.00652
1598870216.754036426544189,0.00178,0.00007,0.00074,0.00300,0.00000,0.00085,0.00643
1598870216.816919088363647,0.00188,0.00008,0.00011,0.00309,0.00000,0.00085,0.00601
1598870216.852010011672974,0.00188,0.00009,0.00016,0.00330,0.00000,0.00106,0.00650
1598870216.916934013366699,0.00194,0.00011,0.00009,0.00332,0.00000,0.00098,0.00644
1598870216.953361988067627,0.00159,0.00008,0.00008,0.00306,0.00000,0.00092,0.00573
1598870217.016965389251709,0.00198,0.00011,0.00061,0.00316,0.00000,0.00085,0.00671
1598870217.051552534103394,0.00189,0.00008,0.00022,0.00318,0.00000,0.00111,0.00647
1598870217.117129564285278,0.00184,0.00009,0.00010,0.00304,0.00000,0.00089,0.00595
1598870217.151009798049927,0.00164,0.00007,0.00019,0.00331,0.00000,0.00106,0.00626
1598870217.214863300323486,0.00184,0.00009,0.00007,0.00291,0.00000,0.00101,0.00593
1598870217.249521255493164,0.00181,0.00009,0.00021,0.00336,0.00000,0.00119,0.00666
1598870217.315056800842285,0.00180,0.00011,0.00067,0.00281,0.00000,0.00101,0.00639
1598870217.350852012634277,0.00178,0.00007,0.00067,0.00277,0.00000,0.00085,0.00614
1598870217.385495662689209,0.00170,0.00006,0.00009,0.00286,0.00000,0.00081,0.00552
1598870217.481622457504272,0.00161,0.00009,0.00014,0.00280,0.00000,0.00085,0.00549
1598870217.514693021774292,0.00205,0.00012,0.00012,0.00282,0.00000,0.00122,0.00633
1598870217.549499273300171,0.00179,0.00009,0.00006,0.00321,0.00000,0.00103,0.00618
1598870217.581868171691895,0.00176,0.00009,0.00051,0.00284,0.00000,0.00085,0.00606
1598870217.615842580795288,0.00165,0.00005,0.00018,0.00304,0.00000,0.00107,0.00599
1598870217.651215553283691,0.00181,0.00010,0.00010,0.00284,0.00000,0.00101,0.00585
1598870217.683718681335449,0.00196,0.00009,0.00020,0.00282,0.00000,0.00103,0.00611
1598870217.716137886047363,0.00217,0.00010,0.00007,0.00321,0.00000,0.00096,0.00651
1598870217.749459743499756,0.00156,0.00007,0.00019,0.00285,0.00000,0.00080,0.00548
1598870217.781801223754883,0.00186,0.00008,0.00063,0.00278,0.00000,0.00078,0.00613
1598870217.814774036407471,0.00199,0.00014,0.00076,0.00296,0.00000,0.00105,0.00691
1598870217.848491668701172,0.00185,0.00010,0.00009,0.00287,0.00000,0.00099,0.00589
1598870217.885376930236816,0.00173,0.00006,0.00013,0.00292,0.00000,0.00077,0.00561
1598870217.949265480041504,0.00175,0.00007,0.00010,0.00287,0.00000,0.00075,0.00554
1598870218.015231132507324,0.00173,0.00007,0.00006,0.00290,0.00000,0.00082,0.00558
1598870218.048628807067871,0.00168,0.00006,0.00052,0.00280,0.00000,0.00080,0.00587
1598870218.083911657333374,0.00173,0.00005,0.00018,0.00283,0.00000,0.00079,0.00559
1598870218.119524240493774,0.00177,0.00006,0.00009,0.00310,0.00000,0.00083,0.00585
1598870218.183312654495239,0.00186,0.00007,0.00018,0.00284,0.00000,0.00080,0.00575
1598870218.249966144561768,0.00202,0.00008,0.00007,0.00282,0.00000,0.00083,0.00583
1598870218.282486438751221,0.00177,0.00006,0.00018,0.00284,0.00000,0.00081,0.00567
1598870218.349138498306274,0.00171,0.00008,0.00062,0.00278,0.00000,0.00092,0.00612
1598870218.385480403900146,0.00182,0.00005,0.00069,0.00311,0.00000,0.00084,0.00652
1598870218.418600082397461,0.00168,0.00006,0.00009,0.00302,0.00000,0.00087,0.00573
1598870218.483437061309814,0.00169,0.00007,0.00012,0.00285,0.00000,0.00082,0.00556
1598870218.549620151519775,0.00186,0.00013,0.00010,0.00285,0.00000,0.00104,0.00597
1598870218.583871841430664,0.00156,0.00008,0.00010,0.00277,0.00000,0.00077,0.00528
1598870218.619207143783569,0.00180,0.00013,0.00056,0.00288,0.00000,0.00119,0.00656
1598870218.681223869323730,0.00168,0.00007,0.00018,0.00291,0.00000,0.00087,0.00572
1598870218.717646837234497,0.00206,0.00012,0.00010,0.00287,0.00000,0.00101,0.00616
1598870218.750335216522217,0.00182,0.00009,0.00018,0.00287,0.00000,0.00146,0.00642
1598870218.814909934997559,0.00202,0.00010,0.00008,0.00280,0.00000,0.00095,0.00595
1598870218.848389387130737,0.00178,0.00007,0.00019,0.00284,0.00000,0.00085,0.00574
1598870218.881836175918579,0.00182,0.00007,0.00063,0.00293,0.00000,0.00091,0.00635
1598870218.915038347244263,0.00169,0.00006,0.00066,0.00280,0.00000,0.00078,0.00600
1598870218.950144052505493,0.00165,0.00009,0.00010,0.00282,0.00000,0.00078,0.00544
1598870219.014668464660645,0.00179,0.00007,0.00013,0.00292,0.00000,0.00085,0.00576
1598870219.049180269241333,0.00197,0.00015,0.00010,0.00283,0.00000,0.00097,0.00602
1598870219.082849740982056,0.00217,0.00009,0.00006,0.00286,0.00000,0.00098,0.00617
1598870219.115206241607666,0.00193,0.00008,0.00054,0.00279,0.00000,0.00084,0.00618
1598870219.149891376495361,0.00167,0.00005,0.00021,0.00276,0.00000,0.00083,0.00553
1598870219.214657306671143,0.00236,0.00012,0.00010,0.00287,0.00000,0.00098,0.00644
1598870219.249561786651611,0.00187,0.00009,0.00018,0.00282,0.00000,0.00105,0.00601
1598870219.314739465713501,0.00230,0.00009,0.00007,0.00280,0.00000,0.00082,0.00607
1598870219.349084615707397,0.00182,0.00006,0.00019,0.00278,0.00000,0.00087,0.00572
1598870219.384862661361694,0.00183,0.00006,0.00063,0.00278,0.00000,0.00077,0.00606
1598870219.417294979095459,0.00162,0.00006,0.00068,0.00277,0.00000,0.00082,0.00595
1598870219.481156110763550,0.00185,0.00016,0.00012,0.00338,0.00000,0.00104,0.00656
1598870219.514328002929688,0.00176,0.00010,0.00014,0.00284,0.00000,0.00099,0.00585
1598870219.548291921615601,0.00206,0.00009,0.00009,0.00278,0.00000,0.00099,0.00602
1598870219.581668138504028,0.00216,0.00009,0.00007,0.00281,0.00000,0.00102,0.00615
1598870219.614782333374023,0.00184,0.00007,0.00053,0.00309,0.00000,0.00082,0.00636
1598870219.648742675781250,0.00174,0.00010,0.00029,0.00320,0.00000,0.00102,0.00636
1598870219.681823730468750,0.00179,0.00007,0.00009,0.00282,0.00000,0.00105,0.00582
1598870219.715952634811401,0.00204,0.00010,0.00023,0.00383,0.00000,0.00089,0.00709
1598870219.748643398284912,0.00233,0.00007,0.00007,0.00309,0.00000,0.00086,0.00642
1598870219.781353473663330,0.00166,0.00006,0.00018,0.00346,0.00000,0.00097,0.00632
1598870219.814831256866455,0.00216,0.00008,0.00081,0.00274,0.00000,0.00089,0.00668
1598870219.847904682159424,0.00199,0.00009,0.00068,0.00281,0.00000,0.00105,0.00663
1598870219.881984472274780,0.00186,0.00007,0.00014,0.00300,0.00000,0.00099,0.00605
1598870219.914678096771240,0.00192,0.00008,0.00014,0.00282,0.00000,0.00096,0.00592
1598870219.948324441909790,0.00214,0.00007,0.00009,0.00289,0.00000,0.00104,0.00623
1598870219.981290340423584,0.00189,0.00006,0.00006,0.00280,0.00000,0.00083,0.00565
1598870220.014430522918701,0.00167,0.00006,0.00052,0.00283,0.00000,0.00083,0.00590
1598870220.049170494079590,0.00213,0.00006,0.00018,0.00283,0.00000,0.00082,0.00603
1598870220.115998029708862,0.00180,0.00008,0.00009,0.00292,0.00000,0.00082,0.00571
1598870220.148741245269775,0.00175,0.00005,0.00017,0.00286,0.00000,0.00087,0.00571
1598870220.181881189346313,0.00193,0.00006,0.00008,0.00312,0.00000,0.00106,0.00625
1598870220.215246200561523,0.00193,0.00008,0.00019,0.00296,0.00000,0.00097,0.00613
1598870220.249914646148682,0.00173,0.00007,0.00064,0.00276,0.00000,0.00083,0.00604
1598870220.314995527267456,0.00202,0.00007,0.00068,0.00272,0.00000,0.00078,0.00628
1598870220.348324060440063,0.00176,0.00006,0.00009,0.00318,0.00000,0.00081,0.00590
1598870220.381965637207031,0.00174,0.00006,0.00013,0.00278,0.00000,0.00083,0.00553
1598870220.414714336395264,0.00178,0.00006,0.00008,0.00279,0.00000,0.00084,0.00555
1598870220.448282957077026,0.00167,0.00005,0.00006,0.00308,0.00000,0.00106,0.00593
1598870220.482036352157593,0.00196,0.00008,0.00054,0.00286,0.00000,0.00100,0.00644
1598870220.514971971511841,0.00177,0.00010,0.00022,0.00282,0.00000,0.00101,0.00592
1598870220.549738168716431,0.00201,0.00009,0.00009,0.00286,0.00000,0.00107,0.00613
1598870220.582347631454468,0.00215,0.00007,0.00018,0.00281,0.00000,0.00083,0.00604
1598870220.648863315582275,0.00175,0.00008,0.00007,0.00280,0.00000,0.00085,0.00556
1598870220.681589126586914,0.00194,0.00006,0.00019,0.00282,0.00000,0.00082,0.00584
1598870220.715077161788940,0.00218,0.00011,0.00067,0.00281,0.00000,0.00098,0.00675
1598870220.748523712158203,0.00194,0.00009,0.00069,0.00283,0.00000,0.00108,0.00664
1598870220.781966209411621,0.00200,0.00007,0.00009,0.00299,0.00000,0.00102,0.00618
1598870220.815051794052124,0.00186,0.00008,0.00015,0.00290,0.00000,0.00112,0.00611
1598870220.853713989257812,0.00186,0.00007,0.00008,0.00280,0.00000,0.00091,0.00573
1598870220.917395830154419,0.00198,0.00007,0.00006,0.00315,0.00000,0.00084,0.00610
1598870220.951672077178955,0.00196,0.00006,0.00051,0.00339,0.00000,0.00107,0.00699
1598870221.018400192260742,0.00180,0.00010,0.00020,0.00278,0.00000,0.00089,0.00577
1598870221.082439899444580,0.00183,0.00010,0.00010,0.00285,0.00000,0.00100,0.00589
1598870221.149485349655151,0.00233,0.00012,0.00021,0.00285,0.00000,0.00098,0.00649
1598870221.214834690093994,0.00210,0.00011,0.00007,0.00281,0.00000,0.00092,0.00600
1598870221.249514818191528,0.00182,0.00006,0.00018,0.00279,0.00000,0.00082,0.00568
1598870221.284772634506226,0.00204,0.00011,0.00069,0.00276,0.00000,0.00104,0.00664
1598870221.348633289337158,0.00211,0.00010,0.00089,0.00292,0.00000,0.00101,0.00703
1598870221.380902528762817,0.00210,0.00007,0.00009,0.00291,0.00000,0.00085,0.00602
1598870221.416064500808716,0.00190,0.00006,0.00014,0.00281,0.00000,0.00082,0.00573
1598870221.448720693588257,0.00170,0.00006,0.00008,0.00283,0.00000,0.00086,0.00553
1598870221.482293605804443,0.00179,0.00006,0.00006,0.00314,0.00000,0.00106,0.00611
1598870221.515312671661377,0.00183,0.00010,0.00087,0.00283,0.00000,0.00086,0.00649
1598870221.548552274703979,0.00183,0.00009,0.00019,0.00287,0.00000,0.00100,0.00599
1598870221.582253694534302,0.00182,0.00008,0.00009,0.00291,0.00000,0.00085,0.00575
1598870221.615049362182617,0.00162,0.00006,0.00019,0.00287,0.00000,0.00083,0.00558
1598870221.649919509887695,0.00200,0.00006,0.00007,0.00291,0.00000,0.00077,0.00580
1598870221.715151786804199,0.00176,0.00008,0.00018,0.00282,0.00000,0.00082,0.00566
1598870221.748625993728638,0.00182,0.00006,0.00064,0.00277,0.00000,0.00087,0.00615
1598870221.781028509140015,0.00184,0.00006,0.00068,0.00306,0.00000,0.00103,0.00668
1598870221.814846992492676,0.00178,0.00008,0.00009,0.00295,0.00000,0.00103,0.00592
1598870221.849718332290649,0.00192,0.00007,0.00012,0.00283,0.00000,0.00087,0.00581
1598870221.915313959121704,0.00189,0.00007,0.00008,0.00303,0.00000,0.00135,0.00643
1598870221.948362350463867,0.00200,0.00007,0.00007,0.00286,0.00000,0.00107,0.00608
1598870221.982042551040649,0.00184,0.00007,0.00051,0.00277,0.00000,0.00082,0.00602
1598870222.015079736709595,0.00171,0.00005,0.00017,0.00278,0.00000,0.00091,0.00563
1598870222.049942970275879,0.00201,0.00010,0.00011,0.00281,0.00000,0.00094,0.00597
1598870222.083016157150269,0.00197,0.00009,0.00021,0.00289,0.00000,0.00118,0.00634
1598870222.115391969680786,0.00182,0.00010,0.00008,0.00297,0.00000,0.00127,0.00625
1598870222.148516654968262,0.00193,0.00009,0.00021,0.00288,0.00000,0.00107,0.00617
1598870222.181916236877441,0.00189,0.00007,0.00065,0.00300,0.00000,0.00102,0.00663
1598870222.221861600875854,0.00169,0.00008,0.00071,0.00282,0.00000,0.00104,0.00634
1598870222.283371686935425,0.00173,0.00008,0.00010,0.00287,0.00000,0.00086,0.00565
1598870222.319816827774048,0.00180,0.00006,0.00014,0.00279,0.00000,0.00084,0.00562
1598870222.354155778884888,0.00214,0.00011,0.00010,0.00290,0.00000,0.00107,0.00632
1598870222.416322946548462,0.00206,0.00010,0.00007,0.00297,0.00000,0.00105,0.00627
1598870222.449441432952881,0.00193,0.00008,0.00056,0.00313,0.00000,0.00107,0.00677
1598870222.483753681182861,0.00194,0.00008,0.00021,0.00304,0.00000,0.00106,0.00632
1598870222.516729593276978,0.00181,0.00008,0.00010,0.00305,0.00000,0.00102,0.00606
1598870222.549646377563477,0.00214,0.00008,0.00020,0.00306,0.00000,0.00087,0.00634
1598870222.582351922988892,0.00190,0.00008,0.00007,0.00311,0.00000,0.00087,0.00603
1598870222.615528583526611,0.00179,0.00007,0.00021,0.00307,0.00000,0.00089,0.00603
1598870222.649945020675659,0.00208,0.00011,0.00076,0.00304,0.00000,0.00111,0.00709
1598870222.683706045150757,0.00202,0.00010,0.00077,0.00306,0.00000,0.00110,0.00706
1598870222.749053001403809,0.00198,0.00012,0.00010,0.00310,0.00000,0.00106,0.00637
1598870222.781454086303711,0.00220,0.00010,0.00016,0.00349,0.00000,0.00129,0.00723
1598870222.814671277999878,0.00190,0.00008,0.00009,0.00306,0.00000,0.00087,0.00599
1598870222.848839521408081,0.00196,0.00007,0.00007,0.00370,0.00000,0.00087,0.00666
1598870222.882829189300537,0.00200,0.00006,0.00077,0.00308,0.00000,0.00111,0.00702
1598870222.915419578552246,0.00200,0.00009,0.00020,0.00325,0.00000,0.00109,0.00663
1598870222.949010848999023,0.00185,0.00009,0.00011,0.00304,0.00000,0.00084,0.00593
1598870222.982617616653442,0.00191,0.00007,0.00019,0.00306,0.00000,0.00082,0.00605
1598870223.015666723251343,0.00172,0.00006,0.00008,0.00305,0.00000,0.00089,0.00581
1598870223.050477743148804,0.00188,0.00007,0.00021,0.00372,0.00000,0.00119,0.00707
1598870223.116666316986084,0.00214,0.00012,0.00070,0.00303,0.00000,0.00102,0.00701
1598870223.148994922637939,0.00198,0.00008,0.00075,0.00301,0.00000,0.00085,0.00666
1598870223.182748794555664,0.00192,0.00007,0.00010,0.00304,0.00000,0.00095,0.00608
1598870223.216455221176147,0.00173,0.00006,0.00015,0.00308,0.00000,0.00083,0.00586
1598870223.250068664550781,0.00225,0.00011,0.00014,0.00313,0.00000,0.00107,0.00669
1598870223.315369367599487,0.00222,0.00011,0.00007,0.00310,0.00000,0.00106,0.00657
1598870223.348877906799316,0.00213,0.00011,0.00061,0.00301,0.00000,0.00108,0.00694
1598870223.381462574005127,0.00234,0.00010,0.00021,0.00338,0.00000,0.00085,0.00688
1598870223.414623260498047,0.00203,0.00010,0.00010,0.00308,0.00000,0.00105,0.00637
1598870223.449527978897095,0.00191,0.00008,0.00023,0.00307,0.00000,0.00083,0.00613
1598870223.515686273574829,0.00191,0.00008,0.00008,0.00338,0.00000,0.00085,0.00630
1598870223.547959566116333,0.00183,0.00006,0.00020,0.00330,0.00000,0.00118,0.00657
1598870223.582147359848022,0.00206,0.00012,0.00072,0.00308,0.00000,0.00108,0.00705
1598870223.616025686264038,0.00167,0.00007,0.00076,0.00309,0.00000,0.00095,0.00655
1598870223.649622201919556,0.00188,0.00007,0.00009,0.00313,0.00000,0.00086,0.00603
1598870223.682030439376831,0.00189,0.00006,0.00014,0.00333,0.00000,0.00110,0.00653
1598870223.717554330825806,0.00209,0.00010,0.00009,0.00309,0.00000,0.00109,0.00646
1598870223.750570774078369,0.00192,0.00008,0.00007,0.00337,0.00000,0.00110,0.00654
1598870223.816354513168335,0.00207,0.00014,0.00081,0.00302,0.00000,0.00109,0.00712
1598870223.855410099029541,0.00218,0.00011,0.00026,0.00313,0.00000,0.00107,0.00675
1598870223.918271541595459,0.00235,0.00011,0.00010,0.00357,0.00000,0.00085,0.00699
1598870223.981888771057129,0.00171,0.00010,0.00022,0.00309,0.00000,0.00087,0.00600
1598870224.016863107681274,0.00221,0.00010,0.00008,0.00314,0.00000,0.00112,0.00665
1598870224.082245588302612,0.00188,0.00009,0.00021,0.00309,0.00000,0.00129,0.00657
1598870224.115988731384277,0.00177,0.00010,0.00070,0.00303,0.00000,0.00109,0.00670
1598870224.149373292922974,0.00182,0.00008,0.00075,0.00302,0.00000,0.00085,0.00653
1598870224.181981563568115,0.00185,0.00006,0.00010,0.00305,0.00000,0.00087,0.00593
1598870224.215697526931763,0.00168,0.00006,0.00015,0.00306,0.00000,0.00085,0.00581
1598870224.249032258987427,0.00192,0.00007,0.00009,0.00340,0.00000,0.00088,0.00636
1598870224.282548666000366,0.00209,0.00006,0.00007,0.00307,0.00000,0.00085,0.00614
1598870224.315865516662598,0.00169,0.00006,0.00011,0.00369,0.00000,0.00110,0.00665
1598870224.348777532577515,0.00205,0.00009,0.00020,0.00306,0.00000,0.00103,0.00643
1598870224.382444858551025,0.00218,0.00011,0.00013,0.00312,0.00000,0.00103,0.00658
1598870224.415362358093262,0.00196,0.00010,0.00020,0.00311,0.00000,0.00112,0.00649
1598870224.448843240737915,0.00195,0.00007,0.00007,0.00309,0.00000,0.00087,0.00606
1598870224.482625484466553,0.00201,0.00006,0.00021,0.00305,0.00000,0.00089,0.00621
1598870224.515920400619507,0.00165,0.00006,0.00068,0.00300,0.00000,0.00086,0.00626
1598870224.548533916473389,0.00185,0.00007,0.00075,0.00308,0.00000,0.00085,0.00659
1598870224.582070112228394,0.00199,0.00011,0.00012,0.00346,0.00000,0.00107,0.00675
1598870224.616933345794678,0.00204,0.00010,0.00014,0.00311,0.00000,0.00108,0.00648
1598870224.681795120239258,0.00171,0.00009,0.00010,0.00308,0.00000,0.00087,0.00585
1598870224.715211629867554,0.00165,0.00006,0.00006,0.00314,0.00000,0.00084,0.00576
1598870224.749205350875854,0.00178,0.00007,0.00012,0.00308,0.00000,0.00090,0.00595
1598870224.783741235733032,0.00178,0.00006,0.00020,0.00308,0.00000,0.00130,0.00641
1598870224.816139459609985,0.00179,0.00011,0.00010,0.00306,0.00000,0.00109,0.00614
1598870224.848584413528442,0.00210,0.00011,0.00024,0.00314,0.00000,0.00109,0.00668
1598870224.923836469650269,0.00207,0.00012,0.00008,0.00315,0.00000,0.00125,0.00667
1598870224.984045028686523,0.00182,0.00011,0.00020,0.00309,0.00000,0.00106,0.00629
1598870225.048337459564209,0.00235,0.00012,0.00072,0.00305,0.00000,0.00151,0.00775
1598870225.082663774490356,0.00209,0.00011,0.00081,0.00305,0.00000,0.00084,0.00690
1598870225.115775823593140,0.00165,0.00007,0.00010,0.00308,0.00000,0.00084,0.00573
1598870225.148226976394653,0.00198,0.00010,0.00015,0.00312,0.00000,0.00140,0.00675
1598870225.182351827621460,0.00226,0.00009,0.00013,0.00321,0.00000,0.00090,0.00659
1598870225.217397689819336,0.00167,0.00007,0.00007,0.00306,0.00000,0.00084,0.00570
1598870225.282414197921753,0.00182,0.00008,0.00012,0.00304,0.00000,0.00086,0.00592
1598870225.316678285598755,0.00158,0.00007,0.00020,0.00307,0.00000,0.00088,0.00579
1598870225.383100271224976,0.00180,0.00008,0.00009,0.00305,0.00000,0.00084,0.00587
1598870225.417286634445190,0.00191,0.00007,0.00020,0.00308,0.00000,0.00091,0.00617
1598870225.482519626617432,0.00210,0.00008,0.00007,0.00305,0.00000,0.00084,0.00614
1598870225.516320466995239,0.00157,0.00007,0.00021,0.00310,0.00000,0.00083,0.00577
1598870225.548894405364990,0.00199,0.00006,0.00069,0.00299,0.00000,0.00089,0.00662
1598870225.582702636718750,0.00191,0.00006,0.00076,0.00307,0.00000,0.00086,0.00666
1598870225.615901231765747,0.00177,0.00007,0.00010,0.00313,0.00000,0.00087,0.00594
1598870225.648426294326782,0.00210,0.00007,0.00015,0.00344,0.00000,0.00120,0.00696
1598870225.682904243469238,0.00223,0.00011,0.00010,0.00312,0.00000,0.00112,0.00668
1598870225.715736389160156,0.00193,0.00008,0.00007,0.00340,0.00000,0.00090,0.00638
1598870225.748513221740723,0.00207,0.00007,0.00012,0.00303,0.00000,0.00085,0.00615
1598870225.782479524612427,0.00236,0.00006,0.00020,0.00313,0.00000,0.00084,0.00659
1598870225.821538209915161,0.00191,0.00012,0.00015,0.00312,0.00000,0.00113,0.00644
1598870225.883373498916626,0.00202,0.00011,0.00022,0.00319,0.00000,0.00108,0.00661
1598870225.916103839874268,0.00182,0.00007,0.00008,0.00309,0.00000,0.00089,0.00594
1598870225.948581695556641,0.00184,0.00015,0.00023,0.00329,0.00000,0.00112,0.00663
1598870225.981466054916382,0.00204,0.00010,0.00068,0.00304,0.00000,0.00106,0.00692
1598870226.015540599822998,0.00169,0.00011,0.00096,0.00302,0.00000,0.00083,0.00661
1598870226.049170255661011,0.00192,0.00006,0.00010,0.00305,0.00000,0.00088,0.00602
1598870226.089209794998169,0.00187,0.00007,0.00014,0.00316,0.00000,0.00086,0.00610
1598870226.148295402526855,0.00222,0.00012,0.00012,0.00313,0.00000,0.00107,0.00666
1598870226.181399822235107,0.00207,0.00010,0.00007,0.00314,0.00000,0.00104,0.00641
1598870226.215738296508789,0.00166,0.00007,0.00013,0.00312,0.00000,0.00091,0.00588
1598870226.249117374420166,0.00277,0.00013,0.00031,0.00314,0.00000,0.00111,0.00747
1598870226.281425952911377,0.00222,0.00011,0.00011,0.00316,0.00000,0.00109,0.00668
1598870226.316279888153076,0.00193,0.00010,0.00024,0.00310,0.00000,0.00109,0.00646
1598870226.349281549453735,0.00208,0.00010,0.00008,0.00317,0.00000,0.00136,0.00679
1598870226.382677555084229,0.00203,0.00010,0.00020,0.00310,0.00000,0.00103,0.00647
1598870226.415036916732788,0.00164,0.00007,0.00070,0.00302,0.00000,0.00120,0.00663
1598870226.449657201766968,0.00228,0.00006,0.00077,0.00306,0.00000,0.00087,0.00704
1598870226.483198642730713,0.00208,0.00017,0.00012,0.00322,0.00000,0.00107,0.00667
1598870226.515532255172729,0.00203,0.00010,0.00015,0.00379,0.00000,0.00103,0.00710
1598870226.550273180007935,0.00187,0.00007,0.00009,0.00347,0.00000,0.00087,0.00637
1598870226.582947731018066,0.00183,0.00007,0.00008,0.00307,0.00000,0.00084,0.00589
1598870226.615523338317871,0.00187,0.00012,0.00015,0.00313,0.00000,0.00113,0.00639
1598870226.649052143096924,0.00213,0.00009,0.00021,0.00377,0.00000,0.00101,0.00721
1598870226.681667327880859,0.00192,0.00007,0.00016,0.00336,0.00000,0.00087,0.00637
1598870226.714059114456177,0.00172,0.00006,0.00020,0.00306,0.00000,0.00087,0.00592
1598870226.748478651046753,0.00201,0.00007,0.00008,0.00309,0.00000,0.00086,0.00610
1598870226.782567262649536,0.00218,0.00006,0.00021,0.00308,0.00000,0.00085,0.00638
1598870226.815126895904541,0.00161,0.00007,0.00071,0.00302,0.00000,0.00088,0.00629
1598870226.847477912902832,0.00228,0.00011,0.00080,0.00323,0.00000,0.00113,0.00756
1598870226.882689952850342,0.00213,0.00010,0.00011,0.00317,0.00000,0.00110,0.00662
1598870226.950062513351440,0.00194,0.00010,0.00015,0.00308,0.00000,0.00087,0.00613
1598870226.982489109039307,0.00204,0.00011,0.00009,0.00305,0.00000,0.00087,0.00615
1598870227.015753030776978,0.00175,0.00006,0.00007,0.00310,0.00000,0.00092,0.00590
1598870227.049466133117676,0.00180,0.00006,0.00011,0.00315,0.00000,0.00085,0.00597
1598870227.081845760345459,0.00214,0.00011,0.00024,0.00314,0.00000,0.00106,0.00669
1598870227.116865873336792,0.00163,0.00010,0.00016,0.00318,0.00000,0.00077,0.00584
1598870227.149302959442139,0.00219,0.00010,0.00020,0.00313,0.00000,0.00106,0.00668
1598870227.182326078414917,0.00205,0.00008,0.00008,0.00308,0.00000,0.00096,0.00625
1598870227.215723276138306,0.00170,0.00008,0.00021,0.00306,0.00000,0.00085,0.00591
1598870227.249583721160889,0.00182,0.00007,0.00068,0.00331,0.00000,0.00110,0.00698
1598870227.282555580139160,0.00227,0.00010,0.00077,0.00303,0.00000,0.00100,0.00717
1598870227.316340684890747,0.00195,0.00013,0.00011,0.00315,0.00000,0.00098,0.00632
1598870227.349280357360840,0.00223,0.00011,0.00015,0.00312,0.00000,0.00126,0.00688
1598870227.382011651992798,0.00240,0.00007,0.00010,0.00340,0.00000,0.00113,0.00711
1598870227.416332244873047,0.00217,0.00012,0.00007,0.00310,0.00000,0.00098,0.00644
1598870227.482202053070068,0.00204,0.00011,0.00015,0.00314,0.00000,0.00099,0.00644
1598870227.515460014343262,0.00185,0.00009,0.00021,0.00312,0.00000,0.00108,0.00636
1598870227.549751520156860,0.00184,0.00008,0.00011,0.00306,0.00000,0.00082,0.00590
1598870227.583495855331421,0.00192,0.00007,0.00021,0.00306,0.00000,0.00088,0.00613
1598870227.615820884704590,0.00177,0.00011,0.00010,0.00350,0.00000,0.00096,0.00644
1598870227.681898355484009,0.00197,0.00012,0.00023,0.00314,0.00000,0.00106,0.00651
1598870227.715944290161133,0.00184,0.00008,0.00070,0.00337,0.00000,0.00090,0.00690
1598870227.748746395111084,0.00208,0.00006,0.00076,0.00300,0.00000,0.00087,0.00677
1598870227.781857252120972,0.00209,0.00011,0.00012,0.00315,0.00000,0.00106,0.00653
1598870227.823100090026855,0.00160,0.00009,0.00015,0.00365,0.00000,0.00092,0.00642
1598870227.883771896362305,0.00201,0.00011,0.00009,0.00316,0.00000,0.00108,0.00645
1598870227.917308807373047,0.00183,0.00008,0.00008,0.00306,0.00000,0.00089,0.00594
1598870227.950130462646484,0.00190,0.00007,0.00012,0.00306,0.00000,0.00082,0.00597
1598870228.016270875930786,0.00175,0.00008,0.00019,0.00303,0.00000,0.00080,0.00585
1598870228.049134492874146,0.00191,0.00014,0.00010,0.00317,0.00000,0.00108,0.00641
1598870228.116880178451538,0.00196,0.00011,0.00019,0.00311,0.00000,0.00098,0.00635
1598870228.182015419006348,0.00137,0.00009,0.00007,0.00305,0.00000,0.00076,0.00534
1598870228.215767145156860,0.00124,0.00006,0.00021,0.00302,0.00000,0.00073,0.00526
1598870228.249261379241943,0.00148,0.00006,0.00067,0.00295,0.00000,0.00074,0.00591
1598870228.291144132614136,0.00176,0.00007,0.00092,0.00351,0.00000,0.00118,0.00744
1598870228.348699331283569,0.00219,0.00010,0.00010,0.00341,0.00000,0.00102,0.00680
1598870228.389393806457520,0.00188,0.00009,0.00015,0.00307,0.00000,0.00089,0.00608
1598870228.448739528656006,0.00143,0.00009,0.00009,0.00337,0.00000,0.00073,0.00571
1598870228.481786012649536,0.00179,0.00006,0.00006,0.00300,0.00000,0.00074,0.00565
1598870228.517225742340088,0.00119,0.00006,0.00012,0.00299,0.00000,0.00072,0.00508
1598870228.550632715225220,0.00132,0.00006,0.00019,0.00301,0.00000,0.00073,0.00531
1598870228.583965063095093,0.00146,0.00006,0.00010,0.00299,0.00000,0.00075,0.00537
1598870228.616850376129150,0.00206,0.00010,0.00023,0.00314,0.00000,0.00117,0.00671
1598870228.649384975433350,0.00220,0.00009,0.00008,0.00309,0.00000,0.00102,0.00649
1598870228.683163642883301,0.00203,0.00008,0.00021,0.00339,0.00000,0.00084,0.00656
1598870228.750053882598877,0.00196,0.00008,0.00072,0.00298,0.00000,0.00081,0.00655
1598870228.783872365951538,0.00185,0.00007,0.00073,0.00299,0.00000,0.00087,0.00650
1598870228.816846132278442,0.00172,0.00006,0.00010,0.00325,0.00000,0.00088,0.00601
1598870228.849603652954102,0.00197,0.00007,0.00014,0.00305,0.00000,0.00154,0.00677
1598870228.882968664169312,0.00168,0.00008,0.00010,0.00339,0.00000,0.00101,0.00626
1598870228.915952682495117,0.00164,0.00009,0.00007,0.00303,0.00000,0.00091,0.00574
1598870228.949179410934448,0.00154,0.00008,0.00011,0.00329,0.00000,0.00113,0.00615
1598870228.982429504394531,0.00194,0.00008,0.00020,0.00303,0.00000,0.00093,0.00619
1598870229.015912294387817,0.00123,0.00007,0.00010,0.00302,0.00000,0.00080,0.00523
1598870229.049302101135254,0.00131,0.00006,0.00020,0.00301,0.00000,0.00073,0.00532
1598870229.082494497299194,0.00129,0.00006,0.00008,0.00310,0.00000,0.00073,0.00526
1598870229.116230964660645,0.00116,0.00006,0.00020,0.00300,0.00000,0.00071,0.00513
1598870229.149266242980957,0.00134,0.00006,0.00066,0.00304,0.00000,0.00078,0.00589
1598870229.188946962356567,0.00127,0.00006,0.00075,0.00297,0.00000,0.00073,0.00577
1598870229.223050355911255,0.00111,0.00007,0.00010,0.00301,0.00000,0.00071,0.00499
1598870229.283085584640503,0.00119,0.00008,0.00014,0.00302,0.00000,0.00075,0.00518
1598870229.315418720245361,0.00118,0.00006,0.00008,0.00308,0.00000,0.00072,0.00513
1598870229.349725008010864,0.00145,0.00006,0.00008,0.00300,0.00000,0.00100,0.00558
1598870229.384186506271362,0.00126,0.00006,0.00011,0.00297,0.00000,0.00073,0.00515
1598870229.416467666625977,0.00155,0.00006,0.00019,0.00337,0.00000,0.00076,0.00593
1598870229.449841022491455,0.00146,0.00007,0.00010,0.00299,0.00000,0.00075,0.00537
1598870229.483086585998535,0.00151,0.00006,0.00020,0.00302,0.00000,0.00079,0.00558
1598870229.523248195648193,0.00160,0.00007,0.00007,0.00343,0.00000,0.00127,0.00645
1598870229.582265377044678,0.00209,0.00010,0.00021,0.00307,0.00000,0.00103,0.00651
1598870229.616541862487793,0.00207,0.00007,0.00068,0.00336,0.00000,0.00082,0.00700
1598870229.648927927017212,0.00202,0.00007,0.00095,0.00311,0.00000,0.00080,0.00696
1598870229.683757066726685,0.00183,0.00006,0.00010,0.00311,0.00000,0.00087,0.00598
1598870229.748753070831299,0.00201,0.00008,0.00015,0.00304,0.00000,0.00083,0.00611
1598870229.782015085220337,0.00191,0.00006,0.00009,0.00307,0.00000,0.00082,0.00595
1598870229.816597223281860,0.00172,0.00006,0.00007,0.00296,0.00000,0.00079,0.00561
1598870229.883081912994385,0.00177,0.00008,0.00012,0.00294,0.00000,0.00077,0.00568
1598870229.917042255401611,0.00188,0.00006,0.00019,0.00288,0.00000,0.00082,0.00584
1598870229.949409484863281,0.00216,0.00006,0.00011,0.00289,0.00000,0.00076,0.00598
1598870229.982068061828613,0.00180,0.00007,0.00019,0.00290,0.00000,0.00085,0.00580
1598870230.016178369522095,0.00170,0.00006,0.00007,0.00295,0.00000,0.00088,0.00566
1598870230.048706054687500,0.00196,0.00006,0.00020,0.00333,0.00000,0.00080,0.00636
1598870230.083347320556641,0.00184,0.00007,0.00067,0.00292,0.00000,0.00079,0.00628
1598870230.151786565780640,0.00202,0.00008,0.00072,0.00290,0.00000,0.00086,0.00657
1598870230.189624547958374,0.00193,0.00006,0.00010,0.00300,0.00000,0.00079,0.00587
1598870230.248669147491455,0.00181,0.00007,0.00016,0.00293,0.00000,0.00079,0.00576
1598870230.282675027847290,0.00223,0.00006,0.00010,0.00295,0.00000,0.00082,0.00616
1598870230.317444086074829,0.00176,0.00006,0.00006,0.00308,0.00000,0.00119,0.00615
1598870230.382584095001221,0.00203,0.00010,0.00011,0.00304,0.00000,0.00096,0.00624
1598870230.416036844253540,0.00176,0.00008,0.00020,0.00285,0.00000,0.00081,0.00569
1598870230.448725938796997,0.00204,0.00006,0.00009,0.00279,0.00000,0.00077,0.00575
1598870230.482964515686035,0.00153,0.00006,0.00020,0.00280,0.00000,0.00080,0.00540
1598870230.515805721282959,0.00177,0.00006,0.00007,0.00326,0.00000,0.00069,0.00585
1598870230.549809694290161,0.00160,0.00006,0.00019,0.00278,0.00000,0.00073,0.00536
1598870230.592010736465454,0.00161,0.00006,0.00062,0.00312,0.00000,0.00074,0.00616
1598870230.650656700134277,0.00154,0.00007,0.00067,0.00316,0.00000,0.00067,0.00611
1598870230.683241844177246,0.00150,0.00006,0.00009,0.00279,0.00000,0.00069,0.00512
1598870230.716022729873657,0.00115,0.00005,0.00013,0.00282,0.00000,0.00070,0.00485
1598870230.749090909957886,0.00124,0.00006,0.00008,0.00302,0.00000,0.00114,0.00553
1598870230.787027597427368,0.00153,0.00008,0.00007,0.00277,0.00000,0.00118,0.00564
1598870230.849310398101807,0.00158,0.00010,0.00011,0.00297,0.00000,0.00086,0.00562
1598870230.882309675216675,0.00132,0.00007,0.00017,0.00282,0.00000,0.00069,0.00507
1598870230.922450542449951,0.00128,0.00006,0.00009,0.00280,0.00000,0.00092,0.00515
1598870230.983346223831177,0.00139,0.00008,0.00016,0.00290,0.00000,0.00068,0.00521
1598870231.017162084579468,0.00165,0.00014,0.00008,0.00333,0.00000,0.00104,0.00624
1598870231.083935022354126,0.00141,0.00010,0.00019,0.00327,0.00000,0.00083,0.00580
1598870231.150065898895264,0.00159,0.00012,0.00066,0.00279,0.00000,0.00080,0.00596
1598870231.182370424270630,0.00161,0.00005,0.00065,0.00281,0.00000,0.00132,0.00645
1598870231.216202259063721,0.00140,0.00007,0.00009,0.00320,0.00000,0.00089,0.00566
1598870231.249739885330200,0.00162,0.00007,0.00015,0.00278,0.00000,0.00075,0.00537
1598870231.282307147979736,0.00176,0.00005,0.00008,0.00284,0.00000,0.00077,0.00551
1598870231.316272020339966,0.00113,0.00005,0.00006,0.00310,0.00000,0.00164,0.00599
1598870231.350270271301270,0.00158,0.00008,0.00011,0.00283,0.00000,0.00088,0.00547
1598870231.382664442062378,0.00136,0.00005,0.00017,0.00275,0.00000,0.00076,0.00510
1598870231.415128946304321,0.00118,0.00006,0.00010,0.00278,0.00000,0.00067,0.00479
1598870231.447764873504639,0.00140,0.00005,0.00017,0.00276,0.00000,0.00070,0.00509
1598870231.481957197189331,0.00124,0.00007,0.00007,0.00279,0.00000,0.00073,0.00490
1598870231.517376899719238,0.00105,0.00005,0.00018,0.00277,0.00000,0.00070,0.00476
1598870231.582267999649048,0.00109,0.00007,0.00079,0.00286,0.00000,0.00102,0.00583
1598870231.615871906280518,0.00176,0.00008,0.00066,0.00279,0.00000,0.00088,0.00617
1598870231.659470319747925,0.00167,0.00007,0.00008,0.00271,0.00000,0.00074,0.00528
1598870231.749735593795776,0.00163,0.00008,0.00014,0.00286,0.00000,0.00076,0.00548
1598870231.782620668411255,0.00170,0.00006,0.00009,0.00284,0.00000,0.00081,0.00551
1598870231.820666551589966,0.00152,0.00006,0.00006,0.00284,0.00000,0.00075,0.00523
1598870231.884932041168213,0.00147,0.00008,0.00010,0.00287,0.00000,0.00077,0.00529
1598870231.917206764221191,0.00150,0.00006,0.00019,0.00281,0.00000,0.00073,0.00529
1598870231.949857950210571,0.00219,0.00006,0.00009,0.00279,0.00000,0.00077,0.00590
1598870231.982555389404297,0.00210,0.00006,0.00020,0.00282,0.00000,0.00079,0.00598
1598870232.015364646911621,0.00184,0.00006,0.00006,0.00276,0.00000,0.00071,0.00544
1598870232.048674106597900,0.00212,0.00006,0.00017,0.00282,0.00000,0.00081,0.00599
1598870232.082050323486328,0.00173,0.00006,0.00063,0.00317,0.00000,0.00069,0.00627
1598870232.116117238998413,0.00147,0.00005,0.00068,0.00277,0.00000,0.00075,0.00573
1598870232.150595664978027,0.00177,0.00006,0.00009,0.00328,0.00000,0.00071,0.00592
1598870232.215994119644165,0.00203,0.00013,0.00022,0.00292,0.00000,0.00081,0.00611
1598870232.250243186950684,0.00206,0.00006,0.00008,0.00295,0.00000,0.00074,0.00590
1598870232.315340518951416,0.00192,0.00011,0.00010,0.00282,0.00000,0.00089,0.00584
1598870232.349020004272461,0.00168,0.00006,0.00011,0.00281,0.00000,0.00075,0.00541
1598870232.382375955581665,0.00194,0.00005,0.00018,0.00282,0.00000,0.00079,0.00578
1598870232.415800333023071,0.00179,0.00010,0.00011,0.00283,0.00000,0.00131,0.00614
1598870232.450561523437500,0.00200,0.00009,0.00018,0.00314,0.00000,0.00135,0.00676
1598870232.522583961486816,0.00213,0.00009,0.00007,0.00280,0.00000,0.00079,0.00588
1598870232.556127309799194,0.00171,0.00006,0.00020,0.00293,0.00000,0.00089,0.00578
1598870232.620238065719604,0.00186,0.00007,0.00062,0.00275,0.00000,0.00079,0.00609
1598870232.683076381683350,0.00179,0.00008,0.00070,0.00288,0.00000,0.00084,0.00628
1598870232.715997695922852,0.00192,0.00006,0.00011,0.00303,0.00000,0.00083,0.00594
1598870232.750106334686279,0.00176,0.00007,0.00015,0.00304,0.00000,0.00102,0.00604
1598870232.782975196838379,0.00185,0.00007,0.00009,0.00309,0.00000,0.00088,0.00597
1598870232.817397117614746,0.00165,0.00006,0.00007,0.00305,0.00000,0.00084,0.00567
1598870232.884068250656128,0.00169,0.00008,0.00011,0.00304,0.00000,0.00082,0.00575
1598870232.918311595916748,0.00169,0.00006,0.00019,0.00304,0.00000,0.00090,0.00589
1598870232.981222629547119,0.00176,0.00008,0.00011,0.00306,0.00000,0.00081,0.00581
1598870233.014976024627686,0.00184,0.00007,0.00019,0.00310,0.00000,0.00088,0.00608
1598870233.049039363861084,0.00185,0.00006,0.00007,0.00306,0.00000,0.00084,0.00589
1598870233.081538677215576,0.00204,0.00006,0.00021,0.00304,0.00000,0.00088,0.00623
1598870233.114948272705078,0.00179,0.00007,0.00069,0.00298,0.00000,0.00081,0.00634
1598870233.148670434951782,0.00188,0.00006,0.00073,0.00300,0.00000,0.00087,0.00655
1598870233.182953596115112,0.00186,0.00006,0.00010,0.00305,0.00000,0.00082,0.00590
1598870233.215686321258545,0.00178,0.00007,0.00015,0.00311,0.00000,0.00095,0.00606
1598870233.249576330184937,0.00211,0.00006,0.00010,0.00310,0.00000,0.00080,0.00617
1598870233.283020019531250,0.00263,0.00011,0.00009,0.00318,0.00000,0.00111,0.00712
1598870233.315370082855225,0.00203,0.00009,0.00013,0.00312,0.00000,0.00101,0.00640
1598870233.348905324935913,0.00181,0.00007,0.00020,0.00345,0.00000,0.00084,0.00637
1598870233.382462739944458,0.00187,0.00006,0.00010,0.00303,0.00000,0.00078,0.00585
1598870233.416927337646484,0.00193,0.00015,0.00026,0.00313,0.00000,0.00112,0.00659
1598870233.449627399444580,0.00205,0.00010,0.00008,0.00311,0.00000,0.00118,0.00653
1598870233.483235836029053,0.00203,0.00010,0.00020,0.00304,0.00000,0.00086,0.00624
1598870233.517368555068970,0.00183,0.00008,0.00069,0.00307,0.00000,0.00085,0.00652
1598870233.582005977630615,0.00198,0.00008,0.00095,0.00312,0.00000,0.00109,0.00722
1598870233.616209745407104,0.00183,0.00008,0.00010,0.00311,0.00000,0.00105,0.00617
1598870233.648699998855591,0.00174,0.00008,0.00014,0.00307,0.00000,0.00094,0.00596
1598870233.682061910629272,0.00210,0.00015,0.00014,0.00316,0.00000,0.00103,0.00658
1598870233.715921640396118,0.00159,0.00008,0.00009,0.00306,0.00000,0.00086,0.00567
1598870233.749028682708740,0.00141,0.00006,0.00012,0.00301,0.00000,0.00072,0.00532
1598870233.782604217529297,0.00211,0.00011,0.00021,0.00340,0.00000,0.00081,0.00663
1598870233.816155195236206,0.00186,0.00009,0.00010,0.00319,0.00000,0.00112,0.00636
1598870233.848924875259399,0.00188,0.00008,0.00019,0.00308,0.00000,0.00098,0.00620
1598870233.882017374038696,0.00191,0.00007,0.00007,0.00309,0.00000,0.00083,0.00598
1598870233.916182279586792,0.00183,0.00006,0.00021,0.00305,0.00000,0.00088,0.00603
1598870233.954537391662598,0.00179,0.00007,0.00070,0.00300,0.00000,0.00082,0.00637
1598870234.016140460968018,0.00186,0.00008,0.00081,0.00298,0.00000,0.00095,0.00668
1598870234.049405097961426,0.00189,0.00006,0.00010,0.00303,0.00000,0.00080,0.00589
1598870234.082287549972534,0.00187,0.00006,0.00014,0.00295,0.00000,0.00084,0.00587
1598870234.116540431976318,0.00178,0.00006,0.00008,0.00282,0.00000,0.00111,0.00585
1598870234.150448799133301,0.00192,0.00007,0.00006,0.00280,0.00000,0.00091,0.00577
1598870234.182923793792725,0.00169,0.00007,0.00010,0.00288,0.00000,0.00079,0.00553
1598870234.216032266616821,0.00189,0.00006,0.00017,0.00276,0.00000,0.00082,0.00572
1598870234.249930143356323,0.00170,0.00006,0.00010,0.00276,0.00000,0.00080,0.00542
1598870234.283018589019775,0.00173,0.00006,0.00017,0.00280,0.00000,0.00084,0.00559
1598870234.316426992416382,0.00195,0.00006,0.00007,0.00286,0.00000,0.00114,0.00608
1598870234.350228071212769,0.00181,0.00007,0.00019,0.00284,0.00000,0.00098,0.00589
1598870234.383733749389648,0.00198,0.00014,0.00068,0.00295,0.00000,0.00101,0.00676
1598870234.416535377502441,0.00181,0.00009,0.00067,0.00328,0.00000,0.00097,0.00683
1598870234.449881792068481,0.00188,0.00009,0.00009,0.00282,0.00000,0.00095,0.00583
1598870234.483050823211670,0.00225,0.00010,0.00014,0.00284,0.00000,0.00102,0.00634
1598870234.516890525817871,0.00186,0.00010,0.00010,0.00286,0.00000,0.00092,0.00584
1598870234.551018953323364,0.00189,0.00009,0.00007,0.00287,0.00000,0.00107,0.00600
1598870234.616468667984009,0.00187,0.00009,0.00011,0.00278,0.00000,0.00081,0.00566
1598870234.650943994522095,0.00190,0.00010,0.00020,0.00281,0.00000,0.00098,0.00599
1598870234.684172630310059,0.00235,0.00017,0.00009,0.00286,0.00000,0.00102,0.00649
1598870234.749397993087769,0.00187,0.00012,0.00029,0.00311,0.00000,0.00086,0.00626
1598870234.783301591873169,0.00214,0.00007,0.00007,0.00297,0.00000,0.00080,0.00605
1598870234.816884040832520,0.00161,0.00006,0.00021,0.00305,0.00000,0.00096,0.00590
1598870234.850442409515381,0.00188,0.00010,0.00072,0.00308,0.00000,0.00095,0.00674
1598870234.883255720138550,0.00218,0.00010,0.00078,0.00309,0.00000,0.00107,0.00721
1598870234.917055368423462,0.00173,0.00007,0.00010,0.00307,0.00000,0.00083,0.00580
1598870234.949552059173584,0.00193,0.00006,0.00014,0.00305,0.00000,0.00082,0.00600
1598870234.982896804809570,0.00223,0.00007,0.00009,0.00304,0.00000,0.00080,0.00624
1598870235.017488002777100,0.00206,0.00018,0.00016,0.00320,0.00000,0.00126,0.00685
1598870235.049998760223389,0.00212,0.00010,0.00012,0.00310,0.00000,0.00098,0.00643
1598870235.083070993423462,0.00196,0.00007,0.00019,0.00305,0.00000,0.00085,0.00612
1598870235.116758108139038,0.00198,0.00006,0.00010,0.00304,0.00000,0.00081,0.00600
1598870235.150642395019531,0.00193,0.00006,0.00019,0.00306,0.00000,0.00094,0.00619
1598870235.218601226806641,0.00217,0.00014,0.00010,0.00312,0.00000,0.00106,0.00660
1598870235.282403469085693,0.00207,0.00012,0.00024,0.00314,0.00000,0.00106,0.00663
1598870235.315531730651855,0.00201,0.00012,0.00071,0.00306,0.00000,0.00105,0.00694
1598870235.349994659423828,0.00197,0.00008,0.00075,0.00304,0.00000,0.00112,0.00695
1598870235.383141994476318,0.00237,0.00010,0.00011,0.00315,0.00000,0.00100,0.00674
1598870235.417001008987427,0.00210,0.00008,0.00014,0.00312,0.00000,0.00087,0.00630
1598870235.450581073760986,0.00190,0.00008,0.00009,0.00305,0.00000,0.00085,0.00597
1598870235.516557455062866,0.00228,0.00018,0.00008,0.00326,0.00000,0.00107,0.00688
1598870235.550794363021851,0.00196,0.00007,0.00013,0.00306,0.00000,0.00089,0.00610
1598870235.583726406097412,0.00208,0.00010,0.00021,0.00310,0.00000,0.00107,0.00656
1598870235.616788148880005,0.00184,0.00006,0.00011,0.00338,0.00000,0.00112,0.00651
1598870235.649811267852783,0.00201,0.00009,0.00019,0.00309,0.00000,0.00115,0.00653
1598870235.683263063430786,0.00196,0.00006,0.00007,0.00314,0.00000,0.00079,0.00603
1598870235.718487739562988,0.00177,0.00006,0.00021,0.00328,0.00000,0.00104,0.00637
1598870235.816633939743042,0.00190,0.00011,0.00070,0.00306,0.00000,0.00086,0.00662
1598870235.850376129150391,0.00211,0.00010,0.00075,0.00304,0.00000,0.00106,0.00706
1598870235.884109973907471,0.00194,0.00009,0.00014,0.00325,0.00000,0.00083,0.00626
1598870235.957460165023804,0.00201,0.00008,0.00016,0.00302,0.00000,0.00088,0.00615
1598870236.015879869461060,0.00222,0.00009,0.00010,0.00307,0.00000,0.00125,0.00672
1598870236.049254894256592,0.00214,0.00011,0.00010,0.00349,0.00000,0.00134,0.00719
1598870236.083093166351318,0.00194,0.00009,0.00015,0.00314,0.00000,0.00095,0.00628
1598870236.116497993469238,0.00194,0.00010,0.00022,0.00408,0.00000,0.00109,0.00744
1598870236.150019645690918,0.00186,0.00007,0.00010,0.00337,0.00000,0.00105,0.00645
1598870236.182669639587402,0.00202,0.00009,0.00024,0.00309,0.00000,0.00088,0.00632
1598870236.217663288116455,0.00223,0.00011,0.00012,0.00312,0.00000,0.00103,0.00662
1598870236.282910108566284,0.00167,0.00009,0.00021,0.00309,0.00000,0.00125,0.00631
1598870236.322801589965820,0.00195,0.00011,0.00103,0.00304,0.00000,0.00101,0.00714
1598870236.385280609130859,0.00171,0.00009,0.00076,0.00304,0.00000,0.00089,0.00650
1598870236.449030160903931,0.00235,0.00011,0.00011,0.00313,0.00000,0.00106,0.00677
1598870236.482799053192139,0.00207,0.00009,0.00015,0.00344,0.00000,0.00106,0.00681
1598870236.549382925033569,0.00205,0.00011,0.00011,0.00314,0.00000,0.00102,0.00643
1598870236.583013296127319,0.00233,0.00012,0.00012,0.00343,0.00000,0.00088,0.00688
1598870236.624429464340210,0.00180,0.00008,0.00014,0.00343,0.00000,0.00084,0.00629
1598870236.683304548263550,0.00204,0.00015,0.00024,0.00308,0.00000,0.00095,0.00646
1598870236.717382669448853,0.00125,0.00006,0.00016,0.00307,0.00000,0.00076,0.00531
1598870236.750039339065552,0.00143,0.00004,0.00019,0.00294,0.00000,0.00072,0.00532
1598870236.783919811248779,0.00125,0.00004,0.00007,0.00297,0.00000,0.00072,0.00506
1598870236.818167448043823,0.00225,0.00008,0.00022,0.00317,0.00000,0.00112,0.00685
1598870236.883882999420166,0.00182,0.00008,0.00069,0.00303,0.00000,0.00083,0.00646
1598870236.918087720870972,0.00166,0.00006,0.00074,0.00302,0.00000,0.00086,0.00635
1598870236.982528209686279,0.00176,0.00007,0.00011,0.00313,0.00000,0.00085,0.00593
1598870237.016892910003662,0.00161,0.00004,0.00014,0.00302,0.00000,0.00087,0.00569
1598870237.050865173339844,0.00201,0.00004,0.00009,0.00300,0.00000,0.00086,0.00600
1598870237.083738327026367,0.00173,0.00004,0.00006,0.00310,0.00000,0.00087,0.00580
1598870237.116115808486938,0.00188,0.00005,0.00012,0.00307,0.00000,0.00089,0.00601
1598870237.149773359298706,0.00220,0.00007,0.00020,0.00305,0.00000,0.00082,0.00634
1598870237.183257102966309,0.00194,0.00008,0.00014,0.00313,0.00000,0.00100,0.00629
1598870237.216423511505127,0.00222,0.00008,0.00020,0.00310,0.00000,0.00109,0.00670
1598870237.249482870101929,0.00208,0.00016,0.00008,0.00310,0.00000,0.00097,0.00639
1598870237.283492326736450,0.00204,0.00010,0.00022,0.00312,0.00000,0.00108,0.00655
1598870237.317024230957031,0.00168,0.00006,0.00068,0.00303,0.00000,0.00085,0.00631
1598870237.383144617080688,0.00174,0.00008,0.00075,0.00303,0.00000,0.00083,0.00644
1598870237.418193578720093,0.00166,0.00006,0.00010,0.00307,0.00000,0.00084,0.00572
1598870237.482439041137695,0.00169,0.00009,0.00016,0.00307,0.00000,0.00087,0.00588
1598870237.516976356506348,0.00174,0.00007,0.00009,0.00307,0.00000,0.00089,0.00586
1598870237.550807476043701,0.00178,0.00007,0.00007,0.00311,0.00000,0.00092,0.00595
1598870237.584291219711304,0.00191,0.00006,0.00012,0.00303,0.00000,0.00118,0.00630
1598870237.617449760437012,0.00185,0.00008,0.00020,0.00307,0.00000,0.00108,0.00627
1598870237.650079965591431,0.00183,0.00007,0.00010,0.00304,0.00000,0.00082,0.00586
1598870237.716708898544312,0.00190,0.00008,0.00021,0.00307,0.00000,0.00088,0.00613
1598870237.749669790267944,0.00205,0.00009,0.00009,0.00314,0.00000,0.00104,0.00642
1598870237.783249616622925,0.00207,0.00009,0.00026,0.00316,0.00000,0.00102,0.00660
1598870237.816738605499268,0.00185,0.00006,0.00067,0.00313,0.00000,0.00085,0.00656
1598870237.883814811706543,0.00160,0.00008,0.00076,0.00303,0.00000,0.00093,0.00640
1598870237.918039083480835,0.00182,0.00009,0.00012,0.00313,0.00000,0.00103,0.00618
1598870237.988328933715820,0.00204,0.00013,0.00015,0.00314,0.00000,0.00102,0.00648
1598870238.048737287521362,0.00200,0.00009,0.00009,0.00305,0.00000,0.00090,0.00613
1598870238.082213640213013,0.00205,0.00007,0.00010,0.00308,0.00000,0.00082,0.00612
1598870238.116750717163086,0.00189,0.00006,0.00013,0.00302,0.00000,0.00081,0.00592
1598870238.150416612625122,0.00178,0.00006,0.00020,0.00305,0.00000,0.00081,0.00591
1598870238.183103322982788,0.00202,0.00007,0.00010,0.00319,0.00000,0.00083,0.00621
1598870238.217353820800781,0.00169,0.00006,0.00019,0.00306,0.00000,0.00087,0.00589
1598870238.249841451644897,0.00206,0.00009,0.00010,0.00321,0.00000,0.00115,0.00661
1598870238.283074378967285,0.00184,0.00008,0.00021,0.00323,0.00000,0.00083,0.00619
1598870238.316366195678711,0.00202,0.00008,0.00074,0.00315,0.00000,0.00087,0.00687
1598870238.349752187728882,0.00195,0.00010,0.00077,0.00302,0.00000,0.00109,0.00693
1598870238.382978439331055,0.00200,0.00006,0.00011,0.00318,0.00000,0.00084,0.00619
1598870238.417211055755615,0.00173,0.00006,0.00015,0.00338,0.00000,0.00095,0.00627
1598870238.450701475143433,0.00191,0.00008,0.00020,0.00306,0.00000,0.00084,0.00609
1598870238.483015060424805,0.00187,0.00006,0.00008,0.00308,0.00000,0.00088,0.00597
1598870238.517592906951904,0.00172,0.00006,0.00012,0.00317,0.00000,0.00087,0.00594
1598870238.550861835479736,0.00212,0.00012,0.00025,0.00310,0.00000,0.00106,0.00664
1598870238.584101438522339,0.00182,0.00007,0.00010,0.00313,0.00000,0.00083,0.00594
1598870238.617874145507812,0.00206,0.00010,0.00020,0.00325,0.00000,0.00113,0.00674
1598870238.684569597244263,0.00199,0.00009,0.00007,0.00308,0.00000,0.00081,0.00604
1598870238.717002630233765,0.00189,0.00006,0.00017,0.00309,0.00000,0.00087,0.00610
1598870238.751042604446411,0.00196,0.00007,0.00067,0.00300,0.00000,0.00085,0.00654
1598870238.783873319625854,0.00197,0.00006,0.00073,0.00302,0.00000,0.00086,0.00664
1598870238.816881895065308,0.00191,0.00006,0.00009,0.00306,0.00000,0.00089,0.00602
1598870238.849591732025146,0.00178,0.00007,0.00015,0.00314,0.00000,0.00085,0.00599
1598870238.882830858230591,0.00190,0.00006,0.00144,0.00304,0.00000,0.00084,0.00728
1598870238.916331768035889,0.00188,0.00006,0.00033,0.00295,0.00000,0.00087,0.00610
1598870238.949492931365967,0.00188,0.00007,0.00021,0.00295,0.00000,0.00084,0.00595
1598870238.983636617660522,0.00205,0.00006,0.00038,0.00296,0.00011,0.00085,0.00640
1598870239.016615152359009,0.00192,0.00011,0.00022,0.00293,0.00002,0.00084,0.00604
1598870239.049441099166870,0.00194,0.00007,0.00089,0.00292,0.00003,0.00085,0.00670
1598870239.082259178161621,0.00206,0.00006,0.00082,0.00291,0.00003,0.00082,0.00670
1598870239.116055250167847,0.00191,0.00006,0.00124,0.00289,0.00002,0.00142,0.00754
1598870239.148629426956177,0.00221,0.00009,0.00065,0.00274,0.00010,0.00098,0.00677
1598870239.183513879776001,0.00202,0.00008,0.00023,0.00276,0.00008,0.00094,0.00611
1598870239.217559337615967,0.00199,0.00007,0.00111,0.00237,0.00044,0.00077,0.00676
1598870239.282922029495239,0.00233,0.00013,0.00187,0.00257,0.00000,0.00096,0.00786
1598870239.316497802734375,0.00228,0.00009,0.00072,0.00256,0.00043,0.00098,0.00707
1598870239.351760149002075,0.00191,0.00006,0.00040,0.00240,0.00038,0.00080,0.00595
1598870239.416759490966797,0.00226,0.00015,0.00046,0.00266,0.00000,0.00098,0.00650
1598870239.449911355972290,0.00229,0.00011,0.00140,0.00229,0.00017,0.00121,0.00748
1598870239.483420372009277,0.00228,0.00007,0.00137,0.00258,0.00008,0.00080,0.00717
1598870239.524385690689087,0.00213,0.00007,0.00040,0.00264,0.00013,0.00079,0.00617
1598870239.582575559616089,0.00232,0.00008,0.00006,0.00261,0.00058,0.00081,0.00647
1598870239.616249322891235,0.00215,0.00006,0.00058,0.00258,0.00038,0.00080,0.00656
1598870239.649625301361084,0.00191,0.00010,0.00051,0.00283,0.00007,0.00089,0.00631
1598870239.682616710662842,0.00223,0.00006,0.00011,0.00282,0.00035,0.00077,0.00634
1598870239.716184139251709,0.00220,0.00006,0.00030,0.00288,0.00063,0.00080,0.00688
1598870239.750029802322388,0.00204,0.00015,0.00218,0.00310,0.00040,0.00102,0.00889
1598870239.782541036605835,0.00239,0.00009,0.00092,0.00317,0.00000,0.00094,0.00752
1598870239.816900491714478,0.00209,0.00007,0.00089,0.00318,0.00000,0.00108,0.00730
1598870239.849249124526978,0.00206,0.00007,0.00038,0.00323,0.00000,0.00076,0.00650
1598870239.882022619247437,0.00212,0.00006,0.00114,0.00320,0.00000,0.00082,0.00734
1598870239.917432069778442,0.00186,0.00009,0.00212,0.00317,0.00000,0.00081,0.00805
1598870239.982854366302490,0.00197,0.00008,0.00182,0.00320,0.00000,0.00084,0.00790
1598870240.017148733139038,0.00236,0.00011,0.00035,0.00329,0.00000,0.00105,0.00717
1598870240.050056695938110,0.00222,0.00010,0.00136,0.00317,0.00000,0.00105,0.00791
1598870240.082772970199585,0.00202,0.00007,0.00125,0.00296,0.00000,0.00078,0.00709
1598870240.116309165954590,0.00204,0.00006,0.00008,0.00300,0.00000,0.00081,0.00599
1598870240.149316072463989,0.00177,0.00006,0.00050,0.00284,0.00000,0.00078,0.00595
1598870240.183692216873169,0.00183,0.00006,0.00201,0.00286,0.00000,0.00082,0.00758
1598870240.217000007629395,0.00165,0.00006,0.00081,0.00287,0.00000,0.00079,0.00618
1598870240.249589443206787,0.00180,0.00005,0.00079,0.00283,0.00000,0.00094,0.00642
1598870240.282260417938232,0.00180,0.00006,0.00013,0.00293,0.00000,0.00082,0.00574
1598870240.316320419311523,0.00167,0.00006,0.00104,0.00322,0.00000,0.00106,0.00706
1598870240.351741552352905,0.00185,0.00011,0.00175,0.00291,0.00000,0.00097,0.00759
1598870240.416703939437866,0.00191,0.00009,0.00151,0.00294,0.00000,0.00086,0.00731
1598870240.449050188064575,0.00187,0.00010,0.00110,0.00312,0.00000,0.00109,0.00727
1598870240.482370615005493,0.00163,0.00010,0.00112,0.00275,0.00000,0.00078,0.00639
1598870240.516427040100098,0.00208,0.00014,0.00136,0.00314,0.00000,0.00074,0.00746
1598870240.549779891967773,0.00187,0.00012,0.00009,0.00297,0.00008,0.00108,0.00620
1598870240.583517074584961,0.00169,0.00009,0.00029,0.00306,0.00000,0.00082,0.00595
1598870240.617209196090698,0.00167,0.00009,0.00128,0.00294,0.00000,0.00084,0.00682
1598870240.683533668518066,0.00178,0.00009,0.00103,0.00292,0.00000,0.00082,0.00664
1598870240.716348886489868,0.00161,0.00010,0.00058,0.00266,0.00000,0.00082,0.00576
1598870240.750818014144897,0.00168,0.00008,0.00003,0.00286,0.00010,0.00081,0.00556
1598870240.784399986267090,0.00174,0.00009,0.00020,0.00280,0.00003,0.00084,0.00570
1598870240.816691875457764,0.00171,0.00009,0.00132,0.00259,0.00005,0.00083,0.00658
1598870240.882783174514771,0.00172,0.00010,0.00138,0.00255,0.00004,0.00092,0.00671
1598870240.916335105895996,0.00170,0.00006,0.00051,0.00255,0.00067,0.00083,0.00633
1598870240.984383106231689,0.00164,0.00010,0.00082,0.00260,0.00008,0.00082,0.00606
1598870241.016642570495605,0.00170,0.00009,0.00126,0.00304,0.00004,0.00108,0.00722
1598870241.049732685089111,0.00191,0.00008,0.00001,0.00301,0.00000,0.00131,0.00633
1598870241.083316087722778,0.00175,0.00011,0.00027,0.00282,0.00002,0.00099,0.00596
1598870241.117202281951904,0.00162,0.00009,0.00108,0.00287,0.00003,0.00086,0.00655
1598870241.149532556533813,0.00180,0.00007,0.00102,0.00286,0.00002,0.00084,0.00661
1598870241.183547973632812,0.00168,0.00007,0.00051,0.00279,0.00002,0.00087,0.00594
1598870241.218675136566162,0.00197,0.00013,0.00004,0.00283,0.00011,0.00105,0.00613
1598870241.283449172973633,0.00228,0.00011,0.00018,0.00285,0.00059,0.00107,0.00708
1598870241.317258834838867,0.00183,0.00009,0.00145,0.00316,0.00000,0.00105,0.00757
1598870241.349581480026245,0.00183,0.00010,0.00165,0.00334,0.00000,0.00117,0.00809
1598870241.384059667587280,0.00216,0.00008,0.00060,0.00312,0.00000,0.00114,0.00711
1598870241.416800260543823,0.00193,0.00008,0.00063,0.00313,0.00000,0.00094,0.00671
1598870241.484086990356445,0.00209,0.00013,0.00108,0.00317,0.00000,0.00105,0.00752
1598870241.517989635467529,0.00214,0.00010,0.00001,0.00322,0.00000,0.00106,0.00653
1598870241.583500385284424,0.00198,0.00009,0.00006,0.00323,0.00000,0.00090,0.00625
1598870241.616022586822510,0.00178,0.00007,0.00018,0.00314,0.00000,0.00094,0.00611
1598870241.649220466613770,0.00215,0.00009,0.00118,0.00309,0.00000,0.00093,0.00744
1598870241.683919429779053,0.00177,0.00007,0.00003,0.00316,0.00000,0.00096,0.00599
1598870241.716916322708130,0.00204,0.00007,0.00173,0.00309,0.00000,0.00089,0.00782
1598870241.750426530838013,0.00198,0.00006,0.00018,0.00315,0.00000,0.00101,0.00639
1598870241.784352064132690,0.00217,0.00012,0.00157,0.00303,0.00000,0.00086,0.00775
1598870241.849462270736694,0.00213,0.00011,0.00160,0.00306,0.00003,0.00092,0.00784
1598870241.883314609527588,0.00231,0.00008,0.00058,0.00304,0.00003,0.00087,0.00692
1598870241.916737794876099,0.00179,0.00008,0.00062,0.00305,0.00003,0.00088,0.00643
1598870241.983032464981079,0.00261,0.00018,0.00109,0.00305,0.00003,0.00108,0.00804
1598870242.016860485076904,0.00255,0.00013,0.00001,0.00313,0.00000,0.00179,0.00760
1598870242.083096027374268,0.00226,0.00010,0.00004,0.00311,0.00002,0.00126,0.00679
1598870242.117213487625122,0.00186,0.00013,0.00017,0.00318,0.00003,0.00110,0.00647
1598870242.183356285095215,0.00165,0.00009,0.00061,0.00299,0.00063,0.00087,0.00684
1598870242.217419862747192,0.00224,0.00014,0.00004,0.00325,0.00000,0.00110,0.00677
1598870242.283543825149536,0.00208,0.00012,0.00177,0.00312,0.00000,0.00098,0.00807
1598870242.316528320312500,0.00206,0.00007,0.00018,0.00336,0.00000,0.00106,0.00674
1598870242.349042654037476,0.00202,0.00006,0.00151,0.00324,0.00000,0.00090,0.00774
1598870242.383965730667114,0.00228,0.00015,0.00167,0.00314,0.00000,0.00140,0.00864
1598870242.416665315628052,0.00224,0.00009,0.00064,0.00316,0.00000,0.00092,0.00706
1598870242.449181318283081,0.00206,0.00010,0.00065,0.00333,0.00000,0.00114,0.00728
1598870242.483313083648682,0.00202,0.00010,0.00026,0.00323,0.00000,0.00108,0.00669
1598870242.517507791519165,0.00209,0.00010,0.00001,0.00322,0.00000,0.00112,0.00653
1598870242.549844503402710,0.00189,0.00010,0.00006,0.00318,0.00000,0.00100,0.00622
1598870242.583338975906372,0.00209,0.00010,0.00020,0.00324,0.00000,0.00117,0.00679
1598870242.616092205047607,0.00185,0.00008,0.00063,0.00317,0.00000,0.00092,0.00666
1598870242.649921178817749,0.00212,0.00011,0.00005,0.00326,0.00000,0.00119,0.00673
1598870242.684613227844238,0.00228,0.00011,0.00085,0.00318,0.00000,0.00110,0.00752
1598870242.719347238540649,0.00216,0.00007,0.00018,0.00316,0.00000,0.00094,0.00652
1598870242.783583641052246,0.00206,0.00009,0.00137,0.00312,0.00000,0.00091,0.00755
1598870242.817193508148193,0.00203,0.00006,0.00161,0.00315,0.00000,0.00090,0.00776
1598870242.849806070327759,0.00197,0.00007,0.00061,0.00315,0.00000,0.00090,0.00671
1598870242.884558439254761,0.00193,0.00007,0.00061,0.00316,0.00000,0.00093,0.00670
1598870242.949655771255493,0.00191,0.00008,0.00024,0.00318,0.00000,0.00090,0.00632
1598870242.983651399612427,0.00194,0.00007,0.00001,0.00314,0.00000,0.00090,0.00606
1598870243.017578363418579,0.00180,0.00006,0.00006,0.00345,0.00000,0.00117,0.00653
1598870243.083786249160767,0.00219,0.00010,0.00016,0.00343,0.00000,0.00098,0.00686
1598870243.116481304168701,0.00206,0.00010,0.00065,0.00313,0.00000,0.00109,0.00704
1598870243.150973320007324,0.00216,0.00015,0.00006,0.00327,0.00000,0.00112,0.00675
1598870243.184186458587646,0.00204,0.00010,0.00156,0.00318,0.00000,0.00092,0.00780
1598870243.217720985412598,0.00210,0.00007,0.00018,0.00316,0.00000,0.00092,0.00643
1598870243.249984025955200,0.00206,0.00006,0.00126,0.00309,0.00000,0.00089,0.00735
1598870243.285183668136597,0.00184,0.00007,0.00163,0.00310,0.00000,0.00092,0.00757
1598870243.350057363510132,0.00190,0.00008,0.00059,0.00303,0.00000,0.00087,0.00647
1598870243.383568763732910,0.00193,0.00007,0.00061,0.00303,0.00000,0.00091,0.00656
1598870243.417360782623291,0.00207,0.00006,0.00025,0.00302,0.00008,0.00083,0.00632
1598870243.516429901123047,0.00197,0.00010,0.00001,0.00314,0.00000,0.00089,0.00611
1598870243.549626350402832,0.00186,0.00009,0.00005,0.00318,0.00000,0.00088,0.00607
1598870243.583506345748901,0.00178,0.00007,0.00018,0.00317,0.00000,0.00095,0.00615
1598870243.617172241210938,0.00193,0.00007,0.00062,0.00328,0.00000,0.00090,0.00679
1598870243.684653520584106,0.00177,0.00008,0.00004,0.00320,0.00000,0.00096,0.00605
1598870243.715829849243164,0.00210,0.00011,0.00159,0.00271,0.00000,0.00113,0.00763
1598870243.747798681259155,0.00228,0.00009,0.00019,0.00261,0.00000,0.00118,0.00635
1598870243.781886339187622,0.00196,0.00008,0.00138,0.00238,0.00016,0.00088,0.00684
1598870243.814553737640381,0.00197,0.00006,0.00134,0.00282,0.00065,0.00091,0.00775
1598870243.847292900085449,0.00207,0.00010,0.00006,0.00234,0.00062,0.00102,0.00622
1598870243.913057804107666,0.00231,0.00014,0.00071,0.00296,0.00004,0.00090,0.00707
1598870243.947349309921265,0.00178,0.00011,0.00019,0.00303,0.00015,0.00083,0.00610
1598870244.014786481857300,0.00225,0.00015,0.00001,0.00303,0.00000,0.00116,0.00660
1598870244.047743320465088,0.00199,0.00009,0.00010,0.00286,0.00013,0.00089,0.00607
1598870244.081389188766479,0.00188,0.00007,0.00009,0.00303,0.00007,0.00085,0.00600
1598870244.114444494247437,0.00276,0.00013,0.00002,0.00314,0.00068,0.00117,0.00790
1598870244.147569179534912,0.00219,0.00012,0.00009,0.00328,0.00010,0.00109,0.00689
1598870244.181039094924927,0.00177,0.00008,0.00168,0.00308,0.00117,0.00085,0.00864
1598870244.214541435241699,0.00195,0.00006,0.00067,0.00338,0.00000,0.00091,0.00697
1598870244.247358322143555,0.00198,0.00006,0.00201,0.00330,0.00000,0.00089,0.00823
1598870244.281881809234619,0.00204,0.00011,0.00159,0.00309,0.00000,0.00105,0.00788
1598870244.347460508346558,0.00230,0.00011,0.00048,0.00296,0.00000,0.00098,0.00683
1598870244.381120920181274,0.00204,0.00008,0.00120,0.00282,0.00044,0.00088,0.00746
1598870244.414659500122070,0.00197,0.00006,0.00136,0.00293,0.00007,0.00089,0.00729
1598870244.447908878326416,0.00208,0.00007,0.00023,0.00308,0.00007,0.00095,0.00648
1598870244.481971025466919,0.00201,0.00007,0.00132,0.00309,0.00007,0.00084,0.00740
1598870244.547255516052246,0.00209,0.00013,0.00163,0.00307,0.00069,0.00110,0.00871
1598870244.581112861633301,0.00253,0.00010,0.00065,0.00260,0.00000,0.00096,0.00685
1598870244.614052295684814,0.00208,0.00010,0.00025,0.00231,0.00044,0.00088,0.00606
1598870244.647441148757935,0.00208,0.00007,0.00068,0.00232,0.00172,0.00098,0.00785
1598870244.681257486343384,0.00209,0.00009,0.00076,0.00296,0.00067,0.00089,0.00747
1598870244.713719367980957,0.00210,0.00011,0.00204,0.00328,0.00058,0.00090,0.00900
1598870244.746803998947144,0.00207,0.00009,0.00156,0.00342,0.00000,0.00086,0.00800
1598870244.781921863555908,0.00190,0.00009,0.00152,0.00334,0.00000,0.00091,0.00776
1598870244.814839839935303,0.00225,0.00009,0.00109,0.00317,0.00000,0.00089,0.00749
1598870244.848567247390747,0.00222,0.00009,0.00124,0.00308,0.00000,0.00088,0.00753
1598870244.882502555847168,0.00204,0.00010,0.00010,0.00301,0.00007,0.00085,0.00617
1598870244.915987491607666,0.00199,0.00007,0.00124,0.00234,0.00068,0.00097,0.00729
1598870244.982322692871094,0.00219,0.00010,0.00252,0.00305,0.00036,0.00088,0.00912
1598870245.016668081283569,0.00200,0.00006,0.00069,0.00312,0.00000,0.00088,0.00676
1598870245.049796104431152,0.00183,0.00007,0.00114,0.00302,0.00007,0.00089,0.00701
1598870245.083922147750854,0.00211,0.00013,0.00064,0.00292,0.00036,0.00100,0.00714
1598870245.117366313934326,0.00215,0.00008,0.00069,0.00346,0.00037,0.00114,0.00789
1598870245.150952100753784,0.00216,0.00010,0.00192,0.00302,0.00002,0.00083,0.00805
1598870245.184622049331665,0.00237,0.00007,0.00169,0.00291,0.00032,0.00095,0.00831
1598870245.217480421066284,0.00215,0.00010,0.00128,0.00300,0.00032,0.00107,0.00793
1598870245.251816034317017,0.00202,0.00008,0.00119,0.00283,0.00000,0.00088,0.00700
1598870245.284223079681396,0.00205,0.00006,0.00111,0.00300,0.00033,0.00090,0.00745
1598870245.318255186080933,0.00224,0.00007,0.00033,0.00289,0.00007,0.00127,0.00686
1598870245.352517127990723,0.00205,0.00010,0.00093,0.00293,0.00059,0.00088,0.00747
1598870245.384851455688477,0.00206,0.00007,0.00199,0.00276,0.00003,0.00099,0.00790
1598870245.419212579727173,0.00198,0.00006,0.00026,0.00320,0.00003,0.00095,0.00648
1598870245.452940225601196,0.00199,0.00007,0.00060,0.00270,0.00111,0.00160,0.00807
1598870245.486505985260010,0.00223,0.00011,0.00001,0.00293,0.00060,0.00117,0.00706
1598870245.519646644592285,0.00213,0.00010,0.00066,0.00298,0.00000,0.00087,0.00674
1598870245.553926467895508,0.00198,0.00013,0.00418,0.00306,0.00000,0.00098,0.01033
1598870245.586741447448730,0.00237,0.00010,0.00154,0.00295,0.00000,0.00114,0.00810
1598870245.620398283004761,0.00285,0.00010,0.00101,0.00321,0.00000,0.00111,0.00829
1598870245.654286384582520,0.00268,0.00011,0.00143,0.00284,0.00000,0.00100,0.00807
1598870245.687535524368286,0.00237,0.00009,0.00049,0.00288,0.00011,0.00126,0.00721
1598870245.721067905426025,0.00233,0.00010,0.00046,0.00265,0.00033,0.00104,0.00692
1598870245.755744218826294,0.00214,0.00010,0.00005,0.00270,0.00000,0.00089,0.00587
1598870245.790768623352051,0.00261,0.00014,0.00136,0.00288,0.00067,0.00133,0.00899
1598870245.855860471725464,0.00241,0.00013,0.00006,0.00293,0.00034,0.00086,0.00674
1598870245.890614986419678,0.00177,0.00010,0.00012,0.00291,0.00058,0.00085,0.00634
1598870245.960336446762085,0.00220,0.00012,0.00001,0.00288,0.00000,0.00080,0.00601
1598870246.023434638977051,0.00223,0.00012,0.00037,0.00295,0.00000,0.00105,0.00671
1598870246.090996980667114,0.00204,0.00009,0.00237,0.00289,0.00000,0.00123,0.00861
1598870246.124916076660156,0.00215,0.00012,0.00044,0.00278,0.00011,0.00097,0.00657
1598870246.194136381149292,0.00224,0.00012,0.00143,0.00257,0.00036,0.00118,0.00791
1598870246.257958889007568,0.00192,0.00010,0.00166,0.00255,0.00047,0.00085,0.00755
1598870246.292010068893433,0.00215,0.00015,0.00024,0.00305,0.00000,0.00113,0.00674
1598870246.324442148208618,0.00240,0.00008,0.00001,0.00311,0.00000,0.00127,0.00687
1598870246.359373092651367,0.00220,0.00011,0.00060,0.00319,0.00000,0.00091,0.00701
1598870246.392774343490601,0.00212,0.00010,0.00186,0.00318,0.00000,0.00086,0.00813
1598870246.428586244583130,0.00214,0.00012,0.00035,0.00296,0.00000,0.00082,0.00640
1598870246.462101221084595,0.00186,0.00006,0.00010,0.00298,0.00000,0.00076,0.00577
1598870246.526607751846313,0.00216,0.00010,0.00113,0.00299,0.00000,0.00083,0.00722
1598870246.562320232391357,0.00228,0.00007,0.00077,0.00283,0.00000,0.00103,0.00697
1598870246.594673633575439,0.00210,0.00006,0.00249,0.00287,0.00000,0.00083,0.00836
1598870246.627819538116455,0.00200,0.00006,0.00019,0.00284,0.00003,0.00125,0.00637
1598870246.661949396133423,0.00227,0.00008,0.00004,0.00278,0.00093,0.00087,0.00697
1598870246.695990324020386,0.00233,0.00011,0.00162,0.00300,0.00000,0.00109,0.00816
1598870246.728521347045898,0.00216,0.00012,0.00130,0.00297,0.00000,0.00111,0.00765
1598870246.761709690093994,0.00209,0.00011,0.00010,0.00305,0.00000,0.00106,0.00641
1598870246.796052694320679,0.00228,0.00014,0.00078,0.00317,0.00000,0.00109,0.00746
1598870246.862933874130249,0.00213,0.00010,0.00168,0.00269,0.00000,0.00108,0.00768
1598870246.895612716674805,0.00214,0.00010,0.00185,0.00270,0.00093,0.00086,0.00858
1598870246.928309440612793,0.00184,0.00009,0.00004,0.00301,0.00000,0.00088,0.00585
1598870246.962861776351929,0.00208,0.00009,0.00125,0.00290,0.00000,0.00103,0.00736
1598870246.996890544891357,0.00210,0.00014,0.00068,0.00301,0.00000,0.00107,0.00701
1598870247.029769182205200,0.00214,0.00015,0.00222,0.00291,0.00000,0.00103,0.00846
1598870247.063311338424683,0.00203,0.00011,0.00046,0.00298,0.00000,0.00106,0.00664
1598870247.095954418182373,0.00184,0.00006,0.00145,0.00295,0.00000,0.00100,0.00730
1598870247.132245779037476,0.00198,0.00007,0.00166,0.00303,0.00000,0.00085,0.00758
1598870247.197075128555298,0.00200,0.00009,0.00094,0.00276,0.00034,0.00087,0.00700
1598870247.232523441314697,0.00194,0.00010,0.00005,0.00284,0.00009,0.00091,0.00593
1598870247.264910697937012,0.00215,0.00015,0.00092,0.00286,0.00000,0.00109,0.00716
1598870247.299496889114380,0.00213,0.00010,0.00164,0.00278,0.00056,0.00094,0.00817
1598870247.332459211349487,0.00188,0.00008,0.00224,0.00287,0.00000,0.00103,0.00810
1598870247.365392446517944,0.00241,0.00010,0.00009,0.00286,0.00000,0.00106,0.00652
1598870247.399627208709717,0.00206,0.00009,0.00060,0.00279,0.00061,0.00106,0.00721
1598870247.433764696121216,0.00219,0.00015,0.00073,0.00296,0.00000,0.00109,0.00713
1598870247.499886751174927,0.00203,0.00034,0.00185,0.00301,0.00000,0.00109,0.00833
1598870247.534025192260742,0.00244,0.00007,0.00125,0.00321,0.00000,0.00110,0.00808
1598870247.567785263061523,0.00215,0.00009,0.00196,0.00263,0.00007,0.00100,0.00791
1598870247.601088285446167,0.00210,0.00008,0.00128,0.00283,0.00063,0.00093,0.00786
1598870247.634130477905273,0.00213,0.00013,0.00104,0.00294,0.00000,0.00100,0.00723
1598870247.668988227844238,0.00209,0.00009,0.00113,0.00286,0.00000,0.00106,0.00724
1598870247.734039068222046,0.00251,0.00013,0.00087,0.00271,0.00000,0.00120,0.00742
1598870247.769507169723511,0.00239,0.00007,0.00127,0.00257,0.00112,0.00089,0.00830
1598870247.802496910095215,0.00209,0.00009,0.00170,0.00293,0.00074,0.00106,0.00862
1598870247.836080789566040,0.00219,0.00014,0.00040,0.00296,0.00000,0.00101,0.00671
1598870247.869119405746460,0.00207,0.00007,0.00005,0.00274,0.00061,0.00116,0.00671
1598870247.903705358505249,0.00246,0.00010,0.00088,0.00285,0.00032,0.00112,0.00773
1598870247.937399625778198,0.00207,0.00007,0.00293,0.00338,0.00065,0.00130,0.01039
1598870247.970496177673340,0.00204,0.00013,0.00133,0.00297,0.00012,0.00084,0.00743
1598870248.005366086959839,0.00232,0.00008,0.00158,0.00304,0.00000,0.00104,0.00806
1598870248.071042299270630,0.00250,0.00016,0.00137,0.00293,0.00000,0.00112,0.00808
1598870248.104362726211548,0.00227,0.00006,0.00164,0.00278,0.00000,0.00110,0.00785
1598870248.137798309326172,0.00205,0.00015,0.00135,0.00270,0.00014,0.00086,0.00725
1598870248.171603918075562,0.00209,0.00006,0.00060,0.00302,0.00000,0.00107,0.00685
1598870248.238830327987671,0.00226,0.00012,0.00065,0.00259,0.00057,0.00088,0.00706
1598870248.272853136062622,0.00218,0.00006,0.00130,0.00278,0.00074,0.00133,0.00840
1598870248.307691574096680,0.00254,0.00011,0.00024,0.00277,0.00044,0.00080,0.00691
1598870248.341230154037476,0.00236,0.00009,0.00146,0.00297,0.00007,0.00129,0.00824
1598870248.373911142349243,0.00224,0.00009,0.00064,0.00311,0.00000,0.00091,0.00699
1598870248.406762361526489,0.00220,0.00006,0.00232,0.00317,0.00000,0.00103,0.00879
1598870248.441053152084351,0.00207,0.00009,0.00117,0.00288,0.00016,0.00105,0.00741
1598870248.474050045013428,0.00206,0.00010,0.00146,0.00300,0.00059,0.00089,0.00809
1598870248.508021354675293,0.00192,0.00007,0.00149,0.00305,0.00000,0.00092,0.00746
1598870248.540582180023193,0.00213,0.00007,0.00118,0.00314,0.00000,0.00088,0.00740
1598870248.578385591506958,0.00214,0.00010,0.00111,0.00320,0.00000,0.00085,0.00741
1598870248.612452745437622,0.00235,0.00008,0.00090,0.00291,0.00000,0.00087,0.00711
1598870248.675987482070923,0.00201,0.00008,0.00080,0.00246,0.00057,0.00086,0.00677
1598870248.709725856781006,0.00204,0.00015,0.00186,0.00244,0.00040,0.00107,0.00796
1598870248.776536703109741,0.00223,0.00014,0.00022,0.00252,0.00007,0.00103,0.00621
1598870248.809565305709839,0.00212,0.00007,0.00001,0.00255,0.00060,0.00089,0.00624
1598870248.842810630798340,0.00198,0.00010,0.00130,0.00258,0.00153,0.00088,0.00837
1598870248.875403404235840,0.00195,0.00007,0.00222,0.00280,0.00065,0.00083,0.00852
1598870248.911289930343628,0.00254,0.00015,0.00070,0.00286,0.00058,0.00094,0.00776
1598870248.943776607513428,0.00197,0.00007,0.00132,0.00335,0.00057,0.00090,0.00819
1598870248.978218317031860,0.00192,0.00011,0.00137,0.00310,0.00033,0.00088,0.00770
1598870249.011993408203125,0.00212,0.00007,0.00231,0.00315,0.00000,0.00088,0.00853
1598870249.079369306564331,0.00208,0.00008,0.00110,0.00303,0.00000,0.00091,0.00721
1598870249.144991397857666,0.00217,0.00008,0.00108,0.00325,0.00017,0.00109,0.00785
1598870249.179311752319336,0.00230,0.00012,0.00097,0.00302,0.00001,0.00128,0.00770
1598870249.212994098663330,0.00217,0.00008,0.00108,0.00302,0.00052,0.00088,0.00773
1598870249.246475458145142,0.00200,0.00011,0.00086,0.00321,0.00032,0.00090,0.00740
1598870249.280379295349121,0.00195,0.00007,0.00009,0.00334,0.00000,0.00087,0.00632
1598870249.313220262527466,0.00232,0.00011,0.00159,0.00299,0.00000,0.00104,0.00805
1598870249.346736431121826,0.00227,0.00009,0.00365,0.00320,0.00067,0.00105,0.01092
1598870249.380151987075806,0.00226,0.00010,0.00030,0.00322,0.00033,0.00114,0.00735
1598870249.414449691772461,0.00231,0.00011,0.00126,0.00307,0.00000,0.00095,0.00769
1598870249.447373628616333,0.00198,0.00006,0.00125,0.00301,0.00000,0.00084,0.00715
1598870249.483353137969971,0.00218,0.00007,0.00204,0.00298,0.00057,0.00090,0.00873
1598870249.548644781112671,0.00220,0.00012,0.00050,0.00311,0.00000,0.00154,0.00746
1598870249.582297086715698,0.00248,0.00009,0.00065,0.00295,0.00032,0.00092,0.00741
1598870249.616087913513184,0.00192,0.00010,0.00007,0.00312,0.00034,0.00091,0.00646
1598870249.649271488189697,0.00187,0.00007,0.00086,0.00314,0.00000,0.00096,0.00690
1598870249.689489364624023,0.00205,0.00013,0.00093,0.00319,0.00000,0.00120,0.00749
1598870249.750070810317993,0.00249,0.00010,0.00006,0.00315,0.00000,0.00105,0.00685
1598870249.783754110336304,0.00214,0.00007,0.00122,0.00302,0.00010,0.00128,0.00784
1598870249.818159818649292,0.00195,0.00007,0.00375,0.00291,0.00012,0.00092,0.00973
1598870249.850934505462646,0.00185,0.00009,0.00001,0.00303,0.00033,0.00085,0.00617
1598870249.883923530578613,0.00206,0.00010,0.00096,0.00307,0.00065,0.00104,0.00788
1598870249.918876886367798,0.00233,0.00013,0.00272,0.00320,0.00000,0.00140,0.00979
1598870249.991878986358643,0.00226,0.00010,0.00176,0.00311,0.00000,0.00141,0.00864
1598870250.052808523178101,0.00231,0.00011,0.00003,0.00305,0.00000,0.00104,0.00655
1598870250.085121393203735,0.00231,0.00007,0.00059,0.00294,0.00007,0.00088,0.00687
1598870250.119223117828369,0.00216,0.00010,0.00034,0.00313,0.00022,0.00139,0.00735
1598870250.152356624603271,0.00244,0.00009,0.00091,0.00317,0.00000,0.00118,0.00778
1598870250.186899185180664,0.00197,0.00008,0.00056,0.00321,0.00000,0.00094,0.00675
1598870250.220190525054932,0.00219,0.00009,0.00001,0.00360,0.00000,0.00114,0.00703
1598870250.255387783050537,0.00206,0.00011,0.00124,0.00319,0.00000,0.00114,0.00774
1598870250.288519859313965,0.00198,0.00008,0.00293,0.00294,0.00000,0.00105,0.00898
1598870250.320913553237915,0.00236,0.00010,0.00001,0.00337,0.00000,0.00114,0.00699
1598870250.355191946029663,0.00188,0.00007,0.00069,0.00292,0.00012,0.00090,0.00658
1598870250.387972593307495,0.00189,0.00007,0.00303,0.00348,0.00000,0.00114,0.00961
1598870250.422204017639160,0.00216,0.00008,0.00159,0.00308,0.00000,0.00091,0.00782
1598870250.458428382873535,0.00227,0.00010,0.00257,0.00314,0.00000,0.00143,0.00951
1598870250.521094083786011,0.00214,0.00008,0.00059,0.00322,0.00000,0.00099,0.00702
1598870250.554857969284058,0.00197,0.00007,0.00001,0.00311,0.00000,0.00088,0.00604
1598870250.590173006057739,0.00215,0.00006,0.00088,0.00304,0.00007,0.00086,0.00707
1598870250.622897863388062,0.00217,0.00010,0.00072,0.00393,0.00000,0.00143,0.00836
1598870250.688649892807007,0.00255,0.00010,0.00001,0.00333,0.00000,0.00113,0.00712
1598870250.722656726837158,0.00208,0.00007,0.00062,0.00328,0.00000,0.00092,0.00697
1598870250.754985570907593,0.00205,0.00006,0.00264,0.00324,0.00000,0.00086,0.00886
1598870250.788480043411255,0.00195,0.00006,0.00003,0.00349,0.00000,0.00093,0.00647
1598870250.822143554687500,0.00218,0.00016,0.00066,0.00326,0.00000,0.00101,0.00726
1598870250.855529308319092,0.00205,0.00011,0.00276,0.00315,0.00000,0.00120,0.00927
1598870250.890120983123779,0.00202,0.00009,0.00150,0.00311,0.00000,0.00101,0.00774
1598870250.923363447189331,0.00203,0.00010,0.00272,0.00293,0.00008,0.00117,0.00903
1598870250.989544630050659,0.00220,0.00009,0.00059,0.00306,0.00007,0.00089,0.00689
1598870251.022398948669434,0.00201,0.00013,0.00005,0.00331,0.00000,0.00130,0.00680
1598870251.056125164031982,0.00181,0.00007,0.00061,0.00315,0.00000,0.00091,0.00655
1598870251.093770742416382,0.00235,0.00012,0.00007,0.00325,0.00000,0.00115,0.00695
1598870251.157201051712036,0.00216,0.00008,0.00001,0.00311,0.00000,0.00086,0.00622
1598870251.191547870635986,0.00212,0.00007,0.00063,0.00304,0.00000,0.00086,0.00673
1598870251.259433031082153,0.00214,0.00008,0.00249,0.00296,0.00001,0.00084,0.00852
1598870251.293056488037109,0.00197,0.00006,0.00001,0.00305,0.00000,0.00086,0.00596
1598870251.359292268753052,0.00224,0.00018,0.00082,0.00305,0.00005,0.00112,0.00747
1598870251.393523693084717,0.00228,0.00013,0.00252,0.00283,0.00003,0.00105,0.00884
1598870251.426828384399414,0.00177,0.00007,0.00143,0.00273,0.00002,0.00086,0.00689
1598870251.460494518280029,0.00217,0.00011,0.00238,0.00259,0.00023,0.00102,0.00849
1598870251.525768995285034,0.00225,0.00012,0.00001,0.00322,0.00080,0.00103,0.00743
1598870251.558993577957153,0.00208,0.00009,0.00008,0.00302,0.00000,0.00108,0.00635
1598870251.593672990798950,0.00223,0.00008,0.00001,0.00303,0.00064,0.00086,0.00686
1598870251.660370588302612,0.00201,0.00012,0.00006,0.00293,0.00003,0.00085,0.00598
1598870251.694044113159180,0.00203,0.00007,0.00001,0.00275,0.00000,0.00088,0.00574
1598870251.759497404098511,0.00225,0.00011,0.00007,0.00267,0.00005,0.00087,0.00601
1598870251.792972326278687,0.00208,0.00007,0.00239,0.00255,0.00011,0.00082,0.00802
1598870251.827903509140015,0.00303,0.00014,0.00020,0.00275,0.00000,0.00147,0.00759
1598870251.863054990768433,0.00242,0.00009,0.00005,0.00265,0.00060,0.00111,0.00693
1598870251.927723407745361,0.00212,0.00012,0.00199,0.00260,0.00094,0.00091,0.00867
1598870251.962031126022339,0.00187,0.00007,0.00133,0.00291,0.00009,0.00088,0.00715
1598870251.996203422546387,0.00219,0.00014,0.00213,0.00314,0.00008,0.00173,0.00941
1598870252.063513994216919,0.00245,0.00009,0.00001,0.00311,0.00000,0.00109,0.00674
1598870252.096498727798462,0.00211,0.00007,0.00001,0.00317,0.00003,0.00132,0.00671
1598870252.129956483840942,0.00258,0.00011,0.00001,0.00325,0.00004,0.00102,0.00702
1598870252.163323163986206,0.00240,0.00009,0.00225,0.00305,0.00055,0.00127,0.00962
1598870252.196082830429077,0.00213,0.00010,0.00001,0.00323,0.00000,0.00088,0.00635
1598870252.230490446090698,0.00208,0.00009,0.00011,0.00336,0.00000,0.00093,0.00657
1598870252.263199090957642,0.00199,0.00009,0.00235,0.00309,0.00000,0.00104,0.00856
1598870252.296742439270020,0.00202,0.00006,0.00001,0.00286,0.00000,0.00088,0.00583
1598870252.365649938583374,0.00219,0.00011,0.00008,0.00271,0.00012,0.00097,0.00618
1598870252.400312662124634,0.00224,0.00007,0.00204,0.00292,0.00004,0.00087,0.00819
1598870252.465795040130615,0.00222,0.00010,0.00134,0.00333,0.00009,0.00085,0.00793
1598870252.499775171279907,0.00196,0.00006,0.00193,0.00294,0.00058,0.00086,0.00833
1598870252.532794952392578,0.00191,0.00007,0.00002,0.00345,0.00007,0.00086,0.00639
1598870252.566373109817505,0.00180,0.00006,0.00004,0.00328,0.00000,0.00088,0.00606
1598870252.599493026733398,0.00194,0.00006,0.00004,0.00334,0.00000,0.00082,0.00620
1598870252.633340835571289,0.00195,0.00007,0.00220,0.00321,0.00000,0.00087,0.00831
1598870252.666701555252075,0.00201,0.00006,0.00001,0.00328,0.00000,0.00083,0.00619
1598870252.700756788253784,0.00196,0.00007,0.00034,0.00328,0.00000,0.00087,0.00651
1598870252.733191013336182,0.00194,0.00006,0.00228,0.00317,0.00000,0.00083,0.00828
1598870252.767802476882935,0.00183,0.00006,0.00003,0.00336,0.00000,0.00089,0.00618
1598870252.802301883697510,0.00267,0.00011,0.00009,0.00308,0.00011,0.00109,0.00716
1598870252.835911512374878,0.00212,0.00025,0.00181,0.00312,0.00002,0.00127,0.00860
1598870252.909286260604858,0.00239,0.00015,0.00117,0.00280,0.00032,0.00090,0.00771
1598870252.969613552093506,0.00219,0.00008,0.00125,0.00282,0.00003,0.00081,0.00719
1598870253.004728555679321,0.00170,0.00009,0.00001,0.00281,0.00000,0.00084,0.00546
1598870253.037641286849976,0.00189,0.00008,0.00001,0.00285,0.00003,0.00109,0.00594
1598870253.070287942886353,0.00218,0.00006,0.00001,0.00281,0.00003,0.00083,0.00592
1598870253.104931116104126,0.00193,0.00013,0.00152,0.00273,0.00056,0.00096,0.00784
1598870253.137595653533936,0.00209,0.00026,0.00023,0.00298,0.00000,0.00107,0.00663
1598870253.171320199966431,0.00209,0.00012,0.00033,0.00337,0.00003,0.00096,0.00690
1598870253.204102993011475,0.00154,0.00006,0.00223,0.00282,0.00002,0.00071,0.00737
1598870253.237722396850586,0.00200,0.00010,0.00001,0.00303,0.00000,0.00107,0.00620
1598870253.272490978240967,0.00198,0.00013,0.00002,0.00331,0.00002,0.00099,0.00645
1598870253.338825941085815,0.00218,0.00009,0.00141,0.00281,0.00002,0.00079,0.00731
1598870253.373669385910034,0.00154,0.00006,0.00114,0.00262,0.00002,0.00082,0.00621
1598870253.406274557113647,0.00235,0.00007,0.00114,0.00269,0.00011,0.00080,0.00716
1598870253.440003633499146,0.00244,0.00013,0.00001,0.00284,0.00000,0.00112,0.00654
1598870253.472624540328979,0.00204,0.00010,0.00016,0.00273,0.00002,0.00114,0.00619
1598870253.506675004959106,0.00238,0.00009,0.00018,0.00266,0.00002,0.00126,0.00660
1598870253.539888381958008,0.00205,0.00007,0.00067,0.00265,0.00005,0.00091,0.00639
1598870253.573647737503052,0.00187,0.00006,0.00008,0.00255,0.00003,0.00089,0.00549
1598870253.607215881347656,0.00223,0.00009,0.00005,0.00266,0.00035,0.00097,0.00636
1598870253.640929460525513,0.00187,0.00014,0.00219,0.00262,0.00004,0.00109,0.00794
1598870253.674637556076050,0.00235,0.00008,0.00001,0.00275,0.00000,0.00112,0.00632
1598870253.707871913909912,0.00211,0.00007,0.00469,0.00274,0.00057,0.00092,0.01110
1598870253.741467237472534,0.00219,0.00011,0.00158,0.00295,0.00002,0.00123,0.00808
1598870253.774829864501953,0.00258,0.00009,0.00119,0.00327,0.00004,0.00116,0.00833
1598870253.807977914810181,0.00235,0.00008,0.00075,0.00285,0.00010,0.00099,0.00712
1598870253.840839385986328,0.00234,0.00007,0.00003,0.00290,0.00000,0.00094,0.00627
1598870253.876566171646118,0.00204,0.00007,0.00001,0.00289,0.00003,0.00129,0.00633
1598870253.909479618072510,0.00228,0.00015,0.00001,0.00345,0.00005,0.00101,0.00694
1598870253.942083120346069,0.00214,0.00010,0.00074,0.00302,0.00004,0.00116,0.00720
1598870253.975521087646484,0.00206,0.00006,0.00001,0.00303,0.00059,0.00159,0.00734
1598870254.010668516159058,0.00235,0.00008,0.00005,0.00304,0.00003,0.00146,0.00702
1598870254.044218301773071,0.00207,0.00012,0.00222,0.00301,0.00003,0.00111,0.00856
1598870254.076945781707764,0.00193,0.00008,0.00001,0.00302,0.00000,0.00085,0.00590
1598870254.112365722656250,0.00160,0.00007,0.00418,0.00295,0.00058,0.00083,0.01022
1598870254.178478240966797,0.00247,0.00010,0.00162,0.00315,0.00000,0.00113,0.00847
1598870254.212794780731201,0.00215,0.00012,0.00124,0.00309,0.00000,0.00098,0.00759
1598870254.278507709503174,0.00227,0.00009,0.00109,0.00302,0.00010,0.00092,0.00749
1598870254.312709569931030,0.00206,0.00006,0.00001,0.00310,0.00000,0.00095,0.00618
1598870254.345508813858032,0.00237,0.00011,0.00001,0.00317,0.00041,0.00113,0.00721
1598870254.379924058914185,0.00232,0.00012,0.00004,0.00324,0.00000,0.00140,0.00712
1598870254.413384199142456,0.00211,0.00006,0.00076,0.00322,0.00000,0.00097,0.00713
1598870254.446943044662476,0.00207,0.00010,0.00001,0.00307,0.00000,0.00092,0.00617
1598870254.485003709793091,0.00205,0.00008,0.00007,0.00311,0.00000,0.00091,0.00622
1598870254.547492504119873,0.00224,0.00008,0.00238,0.00297,0.00007,0.00091,0.00865
1598870254.581313610076904,0.00203,0.00007,0.00001,0.00313,0.00000,0.00120,0.00644
1598870254.614651203155518,0.00193,0.00007,0.00409,0.00348,0.00000,0.00092,0.01048
1598870254.649156332015991,0.00239,0.00009,0.00161,0.00301,0.00000,0.00095,0.00805
1598870254.682501792907715,0.00207,0.00011,0.00127,0.00296,0.00000,0.00092,0.00733
1598870254.715174436569214,0.00218,0.00007,0.00110,0.00271,0.00007,0.00089,0.00702
1598870254.748792171478271,0.00228,0.00007,0.00001,0.00326,0.00000,0.00093,0.00654
1598870254.791159391403198,0.00198,0.00007,0.00007,0.00297,0.00000,0.00093,0.00602
1598870254.883726835250854,0.00218,0.00013,0.00001,0.00288,0.00034,0.00094,0.00648
1598870254.917702913284302,0.00209,0.00007,0.00163,0.00329,0.00008,0.00094,0.00810
1598870254.951308012008667,0.00198,0.00010,0.00001,0.00302,0.00000,0.00091,0.00602
1598870254.983930110931396,0.00200,0.00006,0.00029,0.00303,0.00011,0.00091,0.00640
1598870255.017017602920532,0.00198,0.00007,0.00264,0.00302,0.00032,0.00093,0.00896
1598870255.051983594894409,0.00206,0.00006,0.00001,0.00302,0.00000,0.00094,0.00609
1598870255.084656715393066,0.00196,0.00010,0.00458,0.00296,0.00002,0.00089,0.01051
1598870255.117862462997437,0.00214,0.00007,0.00178,0.00343,0.00035,0.00100,0.00878
1598870255.151544094085693,0.00196,0.00006,0.00150,0.00303,0.00000,0.00091,0.00746
1598870255.187583684921265,0.00230,0.00007,0.00144,0.00290,0.00000,0.00092,0.00763
1598870255.252871751785278,0.00196,0.00008,0.00001,0.00289,0.00000,0.00094,0.00588
1598870255.285913228988647,0.00239,0.00011,0.00007,0.00291,0.00009,0.00116,0.00673
1598870255.319579839706421,0.00235,0.00010,0.00007,0.00298,0.00001,0.00108,0.00658
1598870255.353670835494995,0.00184,0.00011,0.00220,0.00290,0.00034,0.00110,0.00849
1598870255.387644529342651,0.00231,0.00009,0.00001,0.00336,0.00000,0.00103,0.00680
1598870255.421608686447144,0.00198,0.00007,0.00039,0.00288,0.00000,0.00093,0.00625
1598870255.454382658004761,0.00204,0.00007,0.00244,0.00277,0.00002,0.00091,0.00825
1598870255.489222049713135,0.00227,0.00007,0.00003,0.00281,0.00000,0.00095,0.00613
1598870255.523430109024048,0.00215,0.00007,0.00425,0.00294,0.00139,0.00112,0.01192
1598870255.555734634399414,0.00234,0.00010,0.00192,0.00314,0.00000,0.00101,0.00851
1598870255.588980197906494,0.00237,0.00014,0.00147,0.00294,0.00000,0.00119,0.00812
1598870255.621818780899048,0.00213,0.00010,0.00131,0.00294,0.00000,0.00108,0.00756
1598870255.655440807342529,0.00203,0.00010,0.00009,0.00297,0.00002,0.00111,0.00633
1598870255.690257787704468,0.00213,0.00007,0.00001,0.00295,0.00000,0.00088,0.00604
1598870255.722542762756348,0.00218,0.00014,0.00001,0.00296,0.00037,0.00115,0.00681
1598870255.754925012588501,0.00204,0.00007,0.00218,0.00298,0.00000,0.00091,0.00819
1598870255.790305137634277,0.00213,0.00008,0.00001,0.00309,0.00000,0.00091,0.00622
1598870255.854761838912964,0.00223,0.00009,0.00032,0.00292,0.00000,0.00088,0.00645
1598870255.888943910598755,0.00206,0.00006,0.00243,0.00317,0.00000,0.00086,0.00859
1598870255.922292947769165,0.00191,0.00006,0.00032,0.00275,0.00000,0.00091,0.00596
1598870255.955351352691650,0.00232,0.00017,0.00413,0.00272,0.00119,0.00100,0.01153
1598870255.988071680068970,0.00232,0.00010,0.00194,0.00317,0.00000,0.00097,0.00850
1598870256.020679950714111,0.00221,0.00009,0.00144,0.00307,0.00000,0.00111,0.00792
1598870256.055476903915405,0.00199,0.00008,0.00145,0.00308,0.00000,0.00093,0.00754
1598870256.087785243988037,0.00207,0.00006,0.00060,0.00287,0.00000,0.00090,0.00650
1598870256.128325700759888,0.00208,0.00009,0.00001,0.00295,0.00000,0.00114,0.00627
1598870256.188610315322876,0.00221,0.00010,0.00001,0.00288,0.00000,0.00094,0.00615
1598870256.222940444946289,0.00223,0.00008,0.00187,0.00359,0.00038,0.00108,0.00922
1598870256.290757894515991,0.00205,0.00010,0.00007,0.00295,0.00000,0.00088,0.00606
1598870256.354715347290039,0.00203,0.00009,0.00029,0.00294,0.00010,0.00110,0.00655
1598870256.389899492263794,0.00195,0.00006,0.00228,0.00287,0.00058,0.00089,0.00862
1598870256.422533988952637,0.00228,0.00012,0.00061,0.00298,0.00000,0.00110,0.00710
1598870256.487817287445068,0.00225,0.00015,0.00420,0.00298,0.00000,0.00104,0.01061
1598870256.521820545196533,0.00188,0.00007,0.00184,0.00286,0.00007,0.00089,0.00762
1598870256.554666042327881,0.00227,0.00008,0.00148,0.00304,0.00000,0.00088,0.00774
1598870256.587971210479736,0.00208,0.00009,0.00198,0.00303,0.00000,0.00091,0.00809
1598870256.620755434036255,0.00195,0.00006,0.00073,0.00295,0.00000,0.00090,0.00659
1598870256.662413358688354,0.00223,0.00007,0.00003,0.00324,0.00003,0.00095,0.00655
1598870256.720963716506958,0.00203,0.00016,0.00001,0.00296,0.00000,0.00092,0.00609
1598870256.754123210906982,0.00211,0.00007,0.00175,0.00330,0.00033,0.00088,0.00843
1598870256.788653850555420,0.00192,0.00007,0.00001,0.00305,0.00000,0.00087,0.00592
1598870256.822088479995728,0.00203,0.00009,0.00038,0.00299,0.00000,0.00092,0.00642
1598870256.855181694030762,0.00193,0.00011,0.00219,0.00291,0.00000,0.00088,0.00802
1598870256.889236927032471,0.00230,0.00010,0.00061,0.00281,0.00000,0.00090,0.00672
1598870256.921887874603271,0.00357,0.00006,0.00360,0.00280,0.00057,0.00087,0.01147
1598870256.954508543014526,0.00219,0.00008,0.00270,0.00301,0.00000,0.00099,0.00898
1598870256.987793684005737,0.00227,0.00010,0.00154,0.00286,0.00000,0.00090,0.00767
1598870257.023201942443848,0.00194,0.00010,0.00148,0.00290,0.00059,0.00091,0.00792
1598870257.087997674942017,0.00200,0.00010,0.00058,0.00302,0.00000,0.00088,0.00658
1598870257.126281976699829,0.00213,0.00014,0.00063,0.00346,0.00000,0.00112,0.00747
1598870257.188254356384277,0.00190,0.00009,0.00001,0.00303,0.00000,0.00078,0.00580
1598870257.221421003341675,0.00168,0.00006,0.00170,0.00295,0.00000,0.00075,0.00715
1598870257.256325244903564,0.00156,0.00008,0.00001,0.00301,0.00000,0.00080,0.00545
1598870257.288868427276611,0.00216,0.00011,0.00041,0.00306,0.00000,0.00113,0.00687
1598870257.355144739151001,0.00216,0.00011,0.00226,0.00298,0.00000,0.00103,0.00855
1598870257.389297008514404,0.00221,0.00009,0.00059,0.00304,0.00000,0.00109,0.00703
1598870257.424447059631348,0.00237,0.00007,0.00360,0.00302,0.00000,0.00087,0.00994
1598870257.490897893905640,0.00222,0.00008,0.00177,0.00276,0.00000,0.00088,0.00771
1598870257.558005809783936,0.00227,0.00009,0.00151,0.00299,0.00000,0.00088,0.00776
1598870257.590588808059692,0.00196,0.00007,0.00160,0.00302,0.00000,0.00089,0.00754
1598870257.624004602432251,0.00227,0.00010,0.00064,0.00302,0.00000,0.00101,0.00704
1598870257.687668800354004,0.00216,0.00011,0.00061,0.00306,0.00000,0.00101,0.00695
1598870257.722913265228271,0.00191,0.00006,0.00003,0.00293,0.00000,0.00086,0.00579
1598870257.756143093109131,0.00245,0.00016,0.00183,0.00317,0.00000,0.00123,0.00885
1598870257.789698839187622,0.00207,0.00009,0.00001,0.00301,0.00000,0.00101,0.00618
1598870257.823776721954346,0.00238,0.00010,0.00045,0.00277,0.00008,0.00093,0.00670
1598870257.889468431472778,0.00203,0.00010,0.00201,0.00287,0.00007,0.00124,0.00832
1598870257.930142402648926,0.00193,0.00007,0.00055,0.00309,0.00000,0.00143,0.00706
1598870257.990528106689453,0.00240,0.00010,0.00341,0.00335,0.00000,0.00100,0.01027
1598870258.024001598358154,0.00215,0.00009,0.00163,0.00293,0.00000,0.00111,0.00791
1598870258.057469606399536,0.00208,0.00013,0.00151,0.00291,0.00000,0.00102,0.00764
1598870258.091343402862549,0.00190,0.00007,0.00133,0.00289,0.00000,0.00082,0.00701
1598870258.124349355697632,0.00272,0.00014,0.00062,0.00283,0.00000,0.00086,0.00719
1598870258.161253929138184,0.00222,0.00008,0.00059,0.00298,0.00000,0.00108,0.00695
1598870258.226047515869141,0.00224,0.00009,0.00001,0.00279,0.00000,0.00088,0.00601
1598870258.259358882904053,0.00250,0.00006,0.00130,0.00260,0.00002,0.00095,0.00743
1598870258.292238473892212,0.00227,0.00009,0.00036,0.00269,0.00000,0.00092,0.00633
1598870258.325433969497681,0.00213,0.00007,0.00028,0.00264,0.00041,0.00093,0.00646
1598870258.359334707260132,0.00222,0.00013,0.00174,0.00306,0.00042,0.00115,0.00873
1598870258.392406940460205,0.00227,0.00008,0.00039,0.00270,0.00002,0.00115,0.00661
1598870258.426536560058594,0.00215,0.00007,0.00249,0.00261,0.00112,0.00098,0.00942
1598870258.459851264953613,0.00202,0.00006,0.00160,0.00290,0.00000,0.00091,0.00750
1598870258.525573015213013,0.00255,0.00011,0.00157,0.00294,0.00000,0.00117,0.00834
1598870258.558769702911377,0.00223,0.00008,0.00158,0.00323,0.00000,0.00125,0.00837
1598870258.625925302505493,0.00224,0.00010,0.00008,0.00292,0.00060,0.00107,0.00702
1598870258.658660173416138,0.00212,0.00007,0.00096,0.00338,0.00000,0.00116,0.00770
1598870258.692293167114258,0.00196,0.00006,0.00406,0.00281,0.00000,0.00093,0.00983
1598870258.725775957107544,0.00209,0.00007,0.00124,0.00276,0.00004,0.00095,0.00715
1598870258.759364366531372,0.00214,0.00007,0.00001,0.00281,0.00038,0.00096,0.00638
1598870258.792758941650391,0.00259,0.00011,0.00006,0.00302,0.00012,0.00115,0.00705
1598870258.825299739837646,0.00243,0.00009,0.00169,0.00317,0.00006,0.00119,0.00862
1598870258.858577966690063,0.00210,0.00006,0.00030,0.00283,0.00002,0.00094,0.00625
1598870258.891924142837524,0.00192,0.00006,0.00195,0.00329,0.00057,0.00090,0.00871
1598870258.924916982650757,0.00224,0.00009,0.00179,0.00310,0.00000,0.00128,0.00850
1598870258.959457159042358,0.00219,0.00009,0.00136,0.00311,0.00000,0.00111,0.00787
1598870259.025091886520386,0.00225,0.00008,0.00116,0.00302,0.00000,0.00090,0.00741
1598870259.058770656585693,0.00211,0.00007,0.00001,0.00306,0.00000,0.00137,0.00662
1598870259.091353416442871,0.00196,0.00009,0.00007,0.00302,0.00000,0.00098,0.00613
1598870259.126389503479004,0.00230,0.00010,0.00387,0.00334,0.00007,0.00109,0.01078
1598870259.191729784011841,0.00228,0.00011,0.00079,0.00293,0.00000,0.00100,0.00711
1598870259.225120306015015,0.00264,0.00011,0.00001,0.00298,0.00000,0.00091,0.00665
1598870259.266012668609619,0.00195,0.00007,0.00017,0.00345,0.00012,0.00106,0.00682
1598870259.326566457748413,0.00202,0.00008,0.00159,0.00301,0.00000,0.00094,0.00764
1598870259.359920978546143,0.00193,0.00006,0.00031,0.00294,0.00000,0.00087,0.00612
1598870259.425999402999878,0.00215,0.00017,0.00183,0.00323,0.00000,0.00114,0.00852
1598870259.458823680877686,0.00203,0.00010,0.00165,0.00306,0.00002,0.00103,0.00789
1598870259.492037534713745,0.00190,0.00007,0.00115,0.00267,0.00062,0.00084,0.00726
1598870259.526123046875000,0.00221,0.00010,0.00071,0.00270,0.00002,0.00109,0.00683
1598870259.561166286468506,0.00217,0.00009,0.00003,0.00276,0.00000,0.00095,0.00600
1598870259.625566005706787,0.00258,0.00010,0.00087,0.00268,0.00005,0.00092,0.00720
1598870259.659092903137207,0.00196,0.00006,0.00303,0.00276,0.00117,0.00087,0.00984
1598870259.692948818206787,0.00215,0.00007,0.00072,0.00295,0.00000,0.00089,0.00678
1598870259.726808547973633,0.00215,0.00010,0.00001,0.00317,0.00000,0.00098,0.00641
1598870259.760960340499878,0.00197,0.00006,0.00018,0.00289,0.00000,0.00089,0.00599
1598870259.829068899154663,0.00203,0.00008,0.00154,0.00285,0.00003,0.00089,0.00743
1598870259.894794225692749,0.00195,0.00009,0.00048,0.00279,0.00002,0.00087,0.00620
1598870259.928683519363403,0.00179,0.00006,0.00057,0.00278,0.00071,0.00123,0.00715
1598870259.962520599365234,0.00194,0.00009,0.00111,0.00281,0.00058,0.00100,0.00754
1598870259.997337818145752,0.00192,0.00010,0.00117,0.00298,0.00002,0.00084,0.00704
1598870260.061862945556641,0.00200,0.00008,0.00057,0.00302,0.00033,0.00084,0.00684
1598870260.095734357833862,0.00185,0.00007,0.00306,0.00301,0.00000,0.00081,0.00881
1598870260.129571437835693,0.00177,0.00006,0.00001,0.00306,0.00003,0.00087,0.00581
1598870260.162635564804077,0.00205,0.00012,0.00244,0.00303,0.00063,0.00106,0.00932
1598870260.195349931716919,0.00221,0.00008,0.00067,0.00321,0.00000,0.00102,0.00720
1598870260.229880571365356,0.00196,0.00010,0.00001,0.00312,0.00000,0.00088,0.00607
1598870260.296871662139893,0.00224,0.00014,0.00018,0.00314,0.00000,0.00109,0.00678
1598870260.329631328582764,0.00207,0.00010,0.00156,0.00304,0.00002,0.00103,0.00782
1598870260.362293004989624,0.00199,0.00007,0.00005,0.00305,0.00002,0.00089,0.00607
1598870260.395889759063721,0.00218,0.00011,0.00001,0.00315,0.00000,0.00106,0.00652
1598870260.429780960083008,0.00200,0.00010,0.00030,0.00308,0.00060,0.00108,0.00716
1598870260.462151050567627,0.00194,0.00008,0.00125,0.00311,0.00000,0.00097,0.00735
1598870260.495331048965454,0.00219,0.00009,0.00060,0.00338,0.00000,0.00121,0.00748
1598870260.528806209564209,0.00222,0.00008,0.00274,0.00301,0.00000,0.00106,0.00912
1598870260.562381267547607,0.00209,0.00012,0.00014,0.00303,0.00014,0.00105,0.00656
1598870260.595439195632935,0.00214,0.00011,0.00225,0.00301,0.00064,0.00087,0.00901
1598870260.629350662231445,0.00212,0.00008,0.00069,0.00318,0.00000,0.00105,0.00713
1598870260.662785768508911,0.00203,0.00013,0.00119,0.00316,0.00000,0.00121,0.00772
1598870260.695043087005615,0.00216,0.00010,0.00013,0.00322,0.00000,0.00108,0.00669
1598870260.729539871215820,0.00186,0.00006,0.00157,0.00334,0.00000,0.00085,0.00769
1598870260.762017011642456,0.00187,0.00007,0.00007,0.00318,0.00000,0.00097,0.00615
1598870260.795317649841309,0.00208,0.00009,0.00001,0.00324,0.00000,0.00089,0.00631
1598870260.829233646392822,0.00187,0.00009,0.00001,0.00329,0.00000,0.00106,0.00632
1598870260.862499475479126,0.00183,0.00007,0.00139,0.00300,0.00000,0.00080,0.00709
1598870260.895516633987427,0.00199,0.00009,0.00036,0.00291,0.00008,0.00084,0.00626
1598870260.929603338241577,0.00180,0.00011,0.00270,0.00312,0.00000,0.00083,0.00856
1598870260.962112665176392,0.00207,0.00010,0.00007,0.00322,0.00000,0.00113,0.00659
1598870260.996891260147095,0.00216,0.00012,0.00259,0.00295,0.00000,0.00103,0.00886
1598870261.030238866806030,0.00209,0.00009,0.00068,0.00312,0.00000,0.00101,0.00699
1598870261.095497846603394,0.00205,0.00010,0.00115,0.00271,0.00000,0.00087,0.00689
1598870261.130882501602173,0.00212,0.00008,0.00005,0.00266,0.00012,0.00086,0.00588
1598870261.194840669631958,0.00226,0.00011,0.00165,0.00239,0.00018,0.00090,0.00749
1598870261.229732990264893,0.00196,0.00007,0.00008,0.00306,0.00007,0.00122,0.00646
1598870261.262107849121094,0.00227,0.00009,0.00001,0.00278,0.00000,0.00105,0.00620
1598870261.295251846313477,0.00211,0.00008,0.00022,0.00276,0.00000,0.00086,0.00604
1598870261.330424547195435,0.00202,0.00007,0.00047,0.00269,0.00091,0.00086,0.00703
1598870261.362786531448364,0.00181,0.00007,0.00001,0.00294,0.00034,0.00086,0.00603
1598870261.429267168045044,0.00180,0.00010,0.00247,0.00291,0.00058,0.00084,0.00870
1598870261.462833404541016,0.00240,0.00015,0.00128,0.00299,0.00000,0.00104,0.00786
1598870261.495972871780396,0.00198,0.00007,0.00201,0.00294,0.00058,0.00074,0.00831
1598870261.529037475585938,0.00198,0.00010,0.00071,0.00319,0.00000,0.00101,0.00699
1598870261.562663793563843,0.00181,0.00007,0.00112,0.00315,0.00000,0.00085,0.00700
1598870261.595544338226318,0.00191,0.00006,0.00013,0.00317,0.00000,0.00092,0.00619
1598870261.629685878753662,0.00179,0.00006,0.00178,0.00314,0.00000,0.00084,0.00762
1598870261.662683010101318,0.00190,0.00007,0.00098,0.00313,0.00000,0.00085,0.00693
1598870261.695510387420654,0.00198,0.00006,0.00031,0.00315,0.00000,0.00108,0.00657
1598870261.729326248168945,0.00198,0.00009,0.00058,0.00313,0.00000,0.00104,0.00682
1598870261.762445926666260,0.00198,0.00007,0.00040,0.00322,0.00000,0.00082,0.00649
1598870261.795290708541870,0.00222,0.00015,0.00001,0.00321,0.00000,0.00108,0.00667
1598870261.829304933547974,0.00206,0.00009,0.00197,0.00304,0.00000,0.00105,0.00821
1598870261.861934423446655,0.00196,0.00007,0.00113,0.00297,0.00000,0.00086,0.00699
1598870261.895977497100830,0.00209,0.00011,0.00183,0.00301,0.00000,0.00111,0.00815
1598870261.930173158645630,0.00208,0.00009,0.00074,0.00312,0.00000,0.00099,0.00702
1598870261.995279788970947,0.00208,0.00009,0.00059,0.00279,0.00059,0.00084,0.00698
1598870262.029216051101685,0.00181,0.00006,0.00136,0.00288,0.00011,0.00083,0.00705
1598870262.063604593276978,0.00194,0.00007,0.00166,0.00275,0.00007,0.00082,0.00731
1598870262.128336668014526,0.00192,0.00008,0.00058,0.00247,0.00036,0.00084,0.00625
1598870262.162447690963745,0.00194,0.00007,0.00014,0.00261,0.00033,0.00085,0.00595
1598870262.195752620697021,0.00182,0.00006,0.00006,0.00264,0.00086,0.00086,0.00630
1598870262.229346752166748,0.00199,0.00011,0.00046,0.00302,0.00000,0.00100,0.00657
1598870262.263212203979492,0.00204,0.00008,0.00001,0.00311,0.00037,0.00104,0.00665
1598870262.295731782913208,0.00179,0.00006,0.00204,0.00306,0.00000,0.00084,0.00779
1598870262.329385042190552,0.00178,0.00007,0.00131,0.00295,0.00000,0.00082,0.00693
1598870262.362775087356567,0.00206,0.00011,0.00142,0.00293,0.00062,0.00100,0.00813
1598870262.395979166030884,0.00252,0.00010,0.00069,0.00335,0.00000,0.00094,0.00759
1598870262.429437637329102,0.00215,0.00011,0.00068,0.00280,0.00058,0.00104,0.00737
1598870262.463049173355103,0.00215,0.00009,0.00126,0.00297,0.00011,0.00094,0.00752
1598870262.496350765228271,0.00194,0.00010,0.00158,0.00294,0.00058,0.00088,0.00802
1598870262.529944181442261,0.00186,0.00006,0.00128,0.00302,0.00000,0.00086,0.00709
1598870262.563344478607178,0.00202,0.00010,0.00001,0.00296,0.00000,0.00088,0.00597
1598870262.595640420913696,0.00197,0.00006,0.00032,0.00323,0.00000,0.00085,0.00643
1598870262.629738807678223,0.00180,0.00011,0.00004,0.00293,0.00033,0.00089,0.00611
1598870262.662263393402100,0.00196,0.00014,0.00029,0.00307,0.00000,0.00103,0.00649
1598870262.695753574371338,0.00223,0.00013,0.00174,0.00296,0.00007,0.00109,0.00822
1598870262.729926824569702,0.00187,0.00007,0.00146,0.00303,0.00000,0.00084,0.00727
1598870262.762192726135254,0.00204,0.00006,0.00253,0.00299,0.00000,0.00086,0.00849
1598870262.795305252075195,0.00211,0.00009,0.00148,0.00299,0.00013,0.00112,0.00792
1598870262.829270601272583,0.00155,0.00007,0.00161,0.00301,0.00000,0.00077,0.00701
1598870262.861958503723145,0.00215,0.00014,0.00125,0.00298,0.00000,0.00108,0.00760
1598870262.895399093627930,0.00204,0.00011,0.00182,0.00293,0.00007,0.00102,0.00801
1598870262.929647922515869,0.00222,0.00011,0.00142,0.00317,0.00000,0.00108,0.00801
1598870262.963244676589966,0.00192,0.00010,0.00062,0.00298,0.00000,0.00112,0.00675
1598870262.995892286300659,0.00215,0.00009,0.00003,0.00304,0.00002,0.00105,0.00638
1598870263.029276609420776,0.00214,0.00012,0.00001,0.00300,0.00000,0.00101,0.00628
1598870263.062842130661011,0.00228,0.00011,0.00001,0.00288,0.00000,0.00100,0.00628
1598870263.097970008850098,0.00218,0.00011,0.00137,0.00275,0.00058,0.00092,0.00792
1598870263.131617307662964,0.00222,0.00011,0.00212,0.00300,0.00014,0.00095,0.00854
1598870263.164889335632324,0.00202,0.00010,0.00285,0.00285,0.00000,0.00094,0.00876
1598870263.200446844100952,0.00218,0.00010,0.00124,0.00274,0.00059,0.00096,0.00780
1598870263.233227491378784,0.00203,0.00006,0.00114,0.00305,0.00067,0.00086,0.00782
1598870263.266011476516724,0.00201,0.00006,0.00086,0.00287,0.00010,0.00086,0.00676
1598870263.299966573715210,0.00211,0.00009,0.00154,0.00288,0.00087,0.00128,0.00877
1598870263.333648681640625,0.00214,0.00008,0.00126,0.00295,0.00000,0.00081,0.00723
1598870263.366597890853882,0.00185,0.00009,0.00016,0.00269,0.00054,0.00082,0.00615
1598870263.399734735488892,0.00198,0.00007,0.00004,0.00292,0.00011,0.00077,0.00589
1598870263.434212923049927,0.00219,0.00012,0.00037,0.00269,0.00057,0.00098,0.00691
1598870263.499078989028931,0.00229,0.00010,0.00008,0.00270,0.00002,0.00096,0.00615
1598870263.531568765640259,0.00203,0.00011,0.00112,0.00263,0.00056,0.00092,0.00737
1598870263.566389322280884,0.00262,0.00006,0.00160,0.00273,0.00008,0.00103,0.00813
1598870263.600402593612671,0.00222,0.00014,0.00230,0.00259,0.00054,0.00089,0.00869
1598870263.633628845214844,0.00210,0.00011,0.00136,0.00260,0.00000,0.00107,0.00724
1598870263.666939020156860,0.00179,0.00009,0.00147,0.00244,0.00064,0.00083,0.00726
1598870263.733154058456421,0.00203,0.00007,0.00128,0.00281,0.00010,0.00081,0.00710
1598870263.766820669174194,0.00192,0.00010,0.00120,0.00270,0.00057,0.00085,0.00734
1598870263.799492835998535,0.00182,0.00006,0.00170,0.00285,0.00034,0.00090,0.00769
1598870263.840039253234863,0.00225,0.00007,0.00004,0.00293,0.00007,0.00086,0.00623
1598870263.900959730148315,0.00198,0.00008,0.00005,0.00310,0.00000,0.00090,0.00612
1598870263.967325448989868,0.00217,0.00012,0.00089,0.00285,0.00010,0.00084,0.00697
1598870264.000426530838013,0.00218,0.00011,0.00001,0.00293,0.00117,0.00107,0.00748
1598870264.068290710449219,0.00244,0.00016,0.00129,0.00283,0.00007,0.00106,0.00785
1598870264.100638866424561,0.00208,0.00006,0.00163,0.00329,0.00001,0.00112,0.00819
1598870264.133898258209229,0.00248,0.00008,0.00244,0.00307,0.00074,0.00087,0.00968
1598870264.167414426803589,0.00209,0.00010,0.00132,0.00308,0.00000,0.00131,0.00789
1598870264.199764728546143,0.00205,0.00008,0.00142,0.00288,0.00007,0.00086,0.00737
1598870264.233293771743774,0.00234,0.00013,0.00149,0.00299,0.00002,0.00107,0.00803
1598870264.267034292221069,0.00229,0.00010,0.00133,0.00278,0.00039,0.00113,0.00801
1598870264.299860477447510,0.00210,0.00007,0.00330,0.00307,0.00000,0.00085,0.00939
1598870264.332930326461792,0.00201,0.00009,0.00032,0.00308,0.00007,0.00087,0.00644
1598870264.367763996124268,0.00186,0.00007,0.00001,0.00337,0.00000,0.00084,0.00615
1598870264.400559902191162,0.00196,0.00010,0.00076,0.00312,0.00000,0.00103,0.00698
1598870264.433737993240356,0.00228,0.00012,0.00004,0.00313,0.00012,0.00115,0.00685
1598870264.467414855957031,0.00196,0.00007,0.00060,0.00315,0.00000,0.00086,0.00664
1598870264.500187635421753,0.00191,0.00007,0.00171,0.00314,0.00000,0.00089,0.00773
1598870264.533041000366211,0.00206,0.00006,0.00239,0.00300,0.00000,0.00082,0.00834
1598870264.566037893295288,0.00242,0.00007,0.00130,0.00294,0.00000,0.00087,0.00760
1598870264.599994182586670,0.00222,0.00007,0.00088,0.00284,0.00065,0.00082,0.00748
1598870264.634366273880005,0.00212,0.00007,0.00176,0.00371,0.00000,0.00124,0.00891
1598870264.700174331665039,0.00240,0.00013,0.00148,0.00308,0.00000,0.00104,0.00813
1598870264.733129501342773,0.00242,0.00011,0.00284,0.00308,0.00000,0.00095,0.00939
1598870264.767654657363892,0.00196,0.00007,0.00031,0.00308,0.00008,0.00085,0.00635
1598870264.800058603286743,0.00221,0.00007,0.00001,0.00324,0.00000,0.00093,0.00646
1598870264.866271018981934,0.00246,0.00011,0.00082,0.00316,0.00000,0.00094,0.00748
1598870264.899582147598267,0.00213,0.00014,0.00022,0.00312,0.00000,0.00106,0.00667
1598870264.933466196060181,0.00224,0.00010,0.00067,0.00294,0.00007,0.00110,0.00712
1598870264.967037916183472,0.00188,0.00007,0.00151,0.00315,0.00059,0.00090,0.00809
1598870264.999559879302979,0.00200,0.00007,0.00395,0.00306,0.00000,0.00085,0.00993
1598870265.032127618789673,0.00191,0.00011,0.00134,0.00297,0.00000,0.00098,0.00732
1598870265.065734863281250,0.00244,0.00011,0.00058,0.00328,0.00055,0.00122,0.00816
1598870265.099334001541138,0.00219,0.00010,0.00160,0.00306,0.00000,0.00110,0.00806
1598870265.132740259170532,0.00201,0.00008,0.00132,0.00281,0.00000,0.00089,0.00711
1598870265.166869401931763,0.00194,0.00007,0.00261,0.00269,0.00003,0.00116,0.00850
1598870265.199907779693604,0.00188,0.00008,0.00012,0.00263,0.00045,0.00088,0.00606
1598870265.234166622161865,0.00217,0.00011,0.00009,0.00282,0.00001,0.00086,0.00606
1598870265.299555063247681,0.00216,0.00013,0.00025,0.00248,0.00062,0.00106,0.00670
1598870265.333693504333496,0.00219,0.00007,0.00005,0.00261,0.00000,0.00093,0.00586
1598870265.399889469146729,0.00219,0.00015,0.00006,0.00260,0.00064,0.00108,0.00671
1598870265.432664155960083,0.00215,0.00008,0.00074,0.00269,0.00171,0.00104,0.00841
1598870265.466547012329102,0.00197,0.00007,0.00288,0.00320,0.00000,0.00082,0.00895
1598870265.499798536300659,0.00185,0.00006,0.00239,0.00325,0.00000,0.00083,0.00838
1598870265.532720804214478,0.00198,0.00006,0.00029,0.00315,0.00000,0.00080,0.00629
1598870265.566950321197510,0.00185,0.00007,0.00154,0.00285,0.00007,0.00086,0.00724
1598870265.601077795028687,0.00208,0.00006,0.00113,0.00302,0.00002,0.00080,0.00711
1598870265.634130477905273,0.00179,0.00007,0.00212,0.00297,0.00059,0.00089,0.00843
1598870265.666738033294678,0.00208,0.00007,0.00001,0.00318,0.00000,0.00085,0.00618
1598870265.699733495712280,0.00197,0.00006,0.00001,0.00309,0.00035,0.00084,0.00632
1598870265.732993841171265,0.00175,0.00008,0.00001,0.00325,0.00000,0.00086,0.00594
1598870265.766886234283447,0.00194,0.00006,0.00031,0.00300,0.00007,0.00083,0.00622
1598870265.799973487854004,0.00221,0.00012,0.00001,0.00330,0.00000,0.00114,0.00679
1598870265.833919763565063,0.00209,0.00010,0.00008,0.00325,0.00007,0.00112,0.00672
1598870265.866233110427856,0.00200,0.00007,0.00283,0.00329,0.00000,0.00085,0.00905
1598870265.899533748626709,0.00285,0.00009,0.00243,0.00327,0.00000,0.00109,0.00973
1598870265.932412862777710,0.00253,0.00010,0.00045,0.00318,0.00000,0.00117,0.00742
1598870265.965988159179688,0.00220,0.00010,0.00126,0.00291,0.00007,0.00113,0.00767
1598870265.999631643295288,0.00223,0.00010,0.00065,0.00301,0.00037,0.00112,0.00749
1598870266.033526659011841,0.00228,0.00012,0.00211,0.00281,0.00040,0.00107,0.00878
1598870266.066896200180054,0.00227,0.00011,0.00006,0.00317,0.00007,0.00109,0.00676
1598870266.099782943725586,0.00215,0.00006,0.00018,0.00324,0.00000,0.00092,0.00655
1598870266.132954359054565,0.00195,0.00007,0.00014,0.00335,0.00000,0.00092,0.00643
1598870266.166854381561279,0.00213,0.00011,0.00054,0.00323,0.00000,0.00115,0.00717
1598870266.200087308883667,0.00242,0.00008,0.00001,0.00332,0.00000,0.00112,0.00695
1598870266.234232902526855,0.00219,0.00011,0.00011,0.00329,0.00000,0.00114,0.00685
1598870266.299930572509766,0.00231,0.00010,0.00566,0.00325,0.00000,0.00104,0.01236
1598870266.334727525711060,0.00223,0.00010,0.00211,0.00307,0.00000,0.00128,0.00879
1598870266.399346828460693,0.00236,0.00010,0.00004,0.00336,0.00000,0.00097,0.00683
1598870266.433579921722412,0.00202,0.00006,0.00127,0.00336,0.00000,0.00091,0.00762
1598870266.466303348541260,0.00199,0.00007,0.00065,0.00334,0.00016,0.00146,0.00767
1598870266.500216722488403,0.00236,0.00013,0.00183,0.00341,0.00000,0.00091,0.00864
1598870266.534397602081299,0.00204,0.00007,0.00001,0.00308,0.00000,0.00087,0.00607
1598870266.599624633789062,0.00237,0.00015,0.00002,0.00308,0.00000,0.00088,0.00651
1598870266.634004354476929,0.00218,0.00009,0.00004,0.00295,0.00008,0.00118,0.00651
1598870266.666675806045532,0.00215,0.00011,0.00032,0.00298,0.00000,0.00109,0.00666
1598870266.700085163116455,0.00246,0.00008,0.00012,0.00276,0.00013,0.00105,0.00661
1598870266.733074188232422,0.00199,0.00007,0.00004,0.00297,0.00000,0.00091,0.00598
1598870266.767752647399902,0.00202,0.00006,0.00567,0.00293,0.00007,0.00087,0.01161
1598870266.800009965896606,0.00224,0.00007,0.00215,0.00324,0.00074,0.00113,0.00957
1598870266.840402126312256,0.00183,0.00007,0.00004,0.00322,0.00000,0.00088,0.00605
1598870266.899735212326050,0.00240,0.00012,0.00067,0.00318,0.00000,0.00130,0.00766
1598870266.932651758193970,0.00208,0.00006,0.00066,0.00325,0.00000,0.00090,0.00695
1598870266.967407941818237,0.00218,0.00009,0.00177,0.00340,0.00000,0.00093,0.00836
1598870267.032947301864624,0.00219,0.00010,0.00001,0.00321,0.00000,0.00095,0.00645
1598870267.066305875778198,0.00234,0.00012,0.00002,0.00331,0.00000,0.00125,0.00705
1598870267.099521160125732,0.00205,0.00006,0.00001,0.00326,0.00000,0.00085,0.00623
1598870267.132780790328979,0.00220,0.00008,0.00004,0.00323,0.00000,0.00118,0.00674
1598870267.167387723922729,0.00201,0.00007,0.00001,0.00321,0.00000,0.00088,0.00617
1598870267.199931144714355,0.00204,0.00006,0.00004,0.00318,0.00000,0.00087,0.00620
1598870267.235910892486572,0.00186,0.00006,0.00633,0.00300,0.00000,0.00088,0.01214
1598870267.300645112991333,0.00209,0.00008,0.00220,0.00315,0.00000,0.00090,0.00844
1598870267.332979440689087,0.00192,0.00007,0.00009,0.00302,0.00008,0.00091,0.00608
1598870267.367224693298340,0.00211,0.00007,0.00065,0.00303,0.00000,0.00086,0.00673
1598870267.400509357452393,0.00218,0.00006,0.00069,0.00301,0.00007,0.00119,0.00720
1598870267.442888498306274,0.00242,0.00010,0.00194,0.00314,0.00000,0.00114,0.00874
1598870267.500888824462891,0.00210,0.00015,0.00001,0.00331,0.00000,0.00101,0.00659
1598870267.533653020858765,0.00239,0.00012,0.00001,0.00327,0.00000,0.00107,0.00687
1598870267.567510604858398,0.00220,0.00007,0.00001,0.00321,0.00000,0.00117,0.00665
1598870267.600343465805054,0.00220,0.00009,0.00031,0.00308,0.00000,0.00107,0.00675
1598870267.665234565734863,0.00237,0.00013,0.00040,0.00310,0.00000,0.00111,0.00711
1598870267.698816299438477,0.00228,0.00012,0.00011,0.00308,0.00008,0.00125,0.00691
1598870267.732314825057983,0.00223,0.00014,0.00564,0.00303,0.00000,0.00109,0.01213
1598870267.766441822052002,0.00220,0.00011,0.00229,0.00341,0.00000,0.00091,0.00892
1598870267.799917936325073,0.00224,0.00007,0.00008,0.00306,0.00002,0.00079,0.00626
1598870267.832891464233398,0.00229,0.00009,0.00064,0.00308,0.00003,0.00111,0.00725
1598870267.867002248764038,0.00208,0.00006,0.00063,0.00300,0.00002,0.00090,0.00670
1598870267.900632858276367,0.00202,0.00006,0.00182,0.00293,0.00002,0.00089,0.00775
1598870267.934236288070679,0.00178,0.00007,0.00001,0.00330,0.00000,0.00123,0.00639
1598870267.967138290405273,0.00210,0.00008,0.00022,0.00298,0.00000,0.00088,0.00627
1598870268.000331163406372,0.00223,0.00011,0.00001,0.00307,0.00000,0.00110,0.00652
1598870268.034201145172119,0.00188,0.00007,0.00001,0.00295,0.00003,0.00090,0.00584
1598870268.099624633789062,0.00196,0.00008,0.00001,0.00319,0.00000,0.00089,0.00613
1598870268.133389234542847,0.00183,0.00007,0.00001,0.00293,0.00003,0.00089,0.00576
1598870268.166444301605225,0.00203,0.00006,0.00493,0.00282,0.00059,0.00090,0.01135
1598870268.199652194976807,0.00225,0.00009,0.00179,0.00298,0.00064,0.00108,0.00884
1598870268.232900142669678,0.00235,0.00013,0.00021,0.00305,0.00000,0.00139,0.00713
1598870268.267610549926758,0.00230,0.00011,0.00065,0.00298,0.00003,0.00094,0.00701
1598870268.334076404571533,0.00209,0.00013,0.00062,0.00298,0.00002,0.00093,0.00677
1598870268.401093006134033,0.00217,0.00008,0.00158,0.00298,0.00002,0.00112,0.00794
1598870268.467155933380127,0.00205,0.00011,0.00001,0.00291,0.00000,0.00088,0.00596
1598870268.500438451766968,0.00206,0.00007,0.00004,0.00269,0.00008,0.00086,0.00580
1598870268.533249139785767,0.00179,0.00007,0.00002,0.00279,0.00007,0.00088,0.00563
1598870268.567444086074829,0.00215,0.00011,0.00001,0.00305,0.00005,0.00109,0.00646
1598870268.599796533584595,0.00207,0.00008,0.00001,0.00299,0.00000,0.00117,0.00632
1598870268.633309364318848,0.00198,0.00014,0.00001,0.00296,0.00003,0.00108,0.00620
1598870268.666621446609497,0.00192,0.00012,0.00448,0.00287,0.00116,0.00098,0.01154
1598870268.699765682220459,0.00230,0.00013,0.00156,0.00358,0.00000,0.00114,0.00871
1598870268.741547822952271,0.00184,0.00012,0.00013,0.00326,0.00000,0.00089,0.00624
1598870268.799982309341431,0.00208,0.00008,0.00063,0.00320,0.00000,0.00087,0.00684
1598870268.835959672927856,0.00206,0.00008,0.00065,0.00325,0.00000,0.00109,0.00712
1598870268.873912572860718,0.00216,0.00015,0.00169,0.00326,0.00000,0.00105,0.00830
1598870268.934048652648926,0.00244,0.00021,0.00001,0.00328,0.00000,0.00107,0.00701
1598870268.967079401016235,0.00214,0.00007,0.00004,0.00316,0.00000,0.00112,0.00653
1598870269.000649452209473,0.00217,0.00009,0.00003,0.00299,0.00008,0.00082,0.00617
1598870269.032909870147705,0.00211,0.00006,0.00004,0.00338,0.00000,0.00086,0.00645
1598870269.066967487335205,0.00200,0.00006,0.00001,0.00378,0.00000,0.00146,0.00731
1598870269.099837064743042,0.00212,0.00008,0.00004,0.00353,0.00000,0.00111,0.00689
1598870269.132941722869873,0.00177,0.00008,0.00444,0.00317,0.00008,0.00086,0.01040
1598870269.166834115982056,0.00220,0.00011,0.00155,0.00332,0.00000,0.00110,0.00828
1598870269.200181245803833,0.00230,0.00011,0.00015,0.00334,0.00000,0.00110,0.00700
1598870269.234653472900391,0.00188,0.00008,0.00063,0.00324,0.00000,0.00087,0.00671
1598870269.300805091857910,0.00188,0.00009,0.00062,0.00323,0.00000,0.00082,0.00665
1598870269.366353988647461,0.00189,0.00009,0.00140,0.00349,0.00000,0.00118,0.00805
1598870269.401633024215698,0.00210,0.00009,0.00004,0.00324,0.00000,0.00105,0.00652
1598870269.466303110122681,0.00200,0.00010,0.00041,0.00325,0.00016,0.00108,0.00700
1598870269.499956130981445,0.00210,0.00014,0.00006,0.00336,0.00000,0.00090,0.00655
1598870269.533499002456665,0.00200,0.00009,0.00004,0.00333,0.00000,0.00114,0.00660
1598870269.566660881042480,0.00188,0.00008,0.00001,0.00339,0.00000,0.00087,0.00622
1598870269.600038051605225,0.00184,0.00007,0.00004,0.00359,0.00000,0.00087,0.00642
1598870269.633964776992798,0.00179,0.00008,0.00385,0.00328,0.00000,0.00080,0.00981
1598870269.700035572052002,0.00190,0.00008,0.00128,0.00319,0.00000,0.00089,0.00734
1598870269.738871335983276,0.00197,0.00008,0.00014,0.00300,0.00000,0.00080,0.00599
1598870269.800370454788208,0.00201,0.00009,0.00116,0.00293,0.00002,0.00083,0.00703
1598870269.833708286285400,0.00188,0.00015,0.00010,0.00302,0.00095,0.00106,0.00716
1598870269.866225004196167,0.00225,0.00015,0.00147,0.00309,0.00040,0.00104,0.00840
1598870269.899136781692505,0.00197,0.00012,0.00007,0.00326,0.00003,0.00098,0.00644
1598870269.939368009567261,0.00201,0.00009,0.00001,0.00346,0.00038,0.00102,0.00697
1598870269.999688148498535,0.00234,0.00012,0.00001,0.00331,0.00000,0.00108,0.00686
1598870270.032737970352173,0.00305,0.00010,0.00037,0.00305,0.00002,0.00090,0.00749
1598870270.068667888641357,0.00238,0.00010,0.00001,0.00311,0.00000,0.00090,0.00651
1598870270.132817983627319,0.00235,0.00009,0.00016,0.00304,0.00014,0.00119,0.00697
1598870270.168745994567871,0.00265,0.00008,0.00435,0.00313,0.00034,0.00092,0.01147
1598870270.234036207199097,0.00226,0.00008,0.00128,0.00323,0.00000,0.00095,0.00780
1598870270.267351865768433,0.00243,0.00017,0.00019,0.00330,0.00000,0.00138,0.00747
1598870270.300500154495239,0.00240,0.00010,0.00146,0.00321,0.00000,0.00121,0.00837
1598870270.334728479385376,0.00214,0.00007,0.00033,0.00319,0.00007,0.00094,0.00675
1598870270.367116928100586,0.00233,0.00011,0.00173,0.00318,0.00000,0.00114,0.00848
1598870270.400699615478516,0.00206,0.00006,0.00057,0.00316,0.00000,0.00087,0.00673
1598870270.433782100677490,0.00248,0.00017,0.00001,0.00365,0.00000,0.00129,0.00761
1598870270.467442989349365,0.00235,0.00010,0.00661,0.00308,0.00000,0.00112,0.01325
1598870270.501252651214600,0.00251,0.00014,0.00010,0.00304,0.00000,0.00097,0.00675
1598870270.534958124160767,0.00238,0.00014,0.00007,0.00280,0.00008,0.00094,0.00642
1598870270.567436695098877,0.00237,0.00010,0.00010,0.00285,0.00010,0.00128,0.00680
1598870270.633994817733765,0.00226,0.00009,0.00367,0.00278,0.00089,0.00099,0.01068
1598870270.667450666427612,0.00243,0.00006,0.00120,0.00308,0.00010,0.00099,0.00787
1598870270.702693700790405,0.00207,0.00009,0.00030,0.00320,0.00060,0.00090,0.00715
1598870270.735876798629761,0.00223,0.00008,0.00132,0.00325,0.00000,0.00091,0.00779
1598870270.800957918167114,0.00245,0.00008,0.00031,0.00316,0.00000,0.00114,0.00714
1598870270.833783388137817,0.00233,0.00008,0.00151,0.00301,0.00000,0.00101,0.00795
1598870270.867065429687500,0.00226,0.00006,0.00060,0.00295,0.00007,0.00089,0.00684
1598870270.900041341781616,0.00221,0.00007,0.00008,0.00346,0.00000,0.00089,0.00672
1598870270.933322429656982,0.00239,0.00010,0.00545,0.00369,0.00072,0.00131,0.01367
1598870270.966607570648193,0.00251,0.00009,0.00090,0.00326,0.00000,0.00119,0.00795
1598870271.000648736953735,0.00222,0.00012,0.00001,0.00342,0.00000,0.00118,0.00696
1598870271.033452749252319,0.00230,0.00009,0.00057,0.00365,0.00000,0.00108,0.00768
1598870271.067615509033203,0.00254,0.00014,0.00375,0.00323,0.00000,0.00163,0.01129
1598870271.100417613983154,0.00204,0.00008,0.00138,0.00305,0.00000,0.00093,0.00748
1598870271.167895078659058,0.00257,0.00013,0.00036,0.00336,0.00016,0.00102,0.00760
1598870271.200358152389526,0.00231,0.00013,0.00142,0.00316,0.00002,0.00083,0.00786
1598870271.233772277832031,0.00251,0.00008,0.00032,0.00345,0.00004,0.00153,0.00793
1598870271.268077135086060,0.00217,0.00010,0.00144,0.00346,0.00037,0.00113,0.00867
1598870271.300333261489868,0.00176,0.00006,0.00057,0.00320,0.00000,0.00103,0.00663
1598870271.366788864135742,0.00284,0.00015,0.00034,0.00325,0.00000,0.00113,0.00770
1598870271.399566173553467,0.00217,0.00008,0.00517,0.00307,0.00000,0.00096,0.01144
1598870271.433406114578247,0.00215,0.00007,0.00091,0.00325,0.00008,0.00096,0.00743
1598870271.467772960662842,0.00242,0.00010,0.00004,0.00321,0.00007,0.00100,0.00684
1598870271.500521421432495,0.00233,0.00011,0.00060,0.00327,0.00000,0.00115,0.00747
1598870271.534824848175049,0.00247,0.00011,0.00392,0.00326,0.00000,0.00113,0.01090
1598870271.567625045776367,0.00198,0.00011,0.00150,0.00300,0.00000,0.00113,0.00773
1598870271.599878311157227,0.00209,0.00007,0.00032,0.00303,0.00010,0.00090,0.00650
1598870271.633659601211548,0.00241,0.00011,0.00193,0.00306,0.00008,0.00102,0.00862
1598870271.669613599777222,0.00200,0.00009,0.00032,0.00324,0.00000,0.00090,0.00655
1598870271.733683347702026,0.00217,0.00008,0.00141,0.00307,0.00000,0.00092,0.00765
1598870271.767287731170654,0.00243,0.00007,0.00058,0.00319,0.00000,0.00087,0.00715
1598870271.800408363342285,0.00188,0.00007,0.00030,0.00296,0.00000,0.00094,0.00615
1598870271.866985559463501,0.00256,0.00018,0.00497,0.00296,0.00000,0.00112,0.01180
1598870271.899745702743530,0.00228,0.00009,0.00098,0.00309,0.00025,0.00088,0.00757
1598870271.934683799743652,0.00214,0.00009,0.00001,0.00328,0.00000,0.00118,0.00669
1598870271.967768907546997,0.00214,0.00006,0.00056,0.00318,0.00000,0.00091,0.00686
1598870272.002242326736450,0.00197,0.00007,0.00359,0.00313,0.00000,0.00092,0.00967
1598870272.067538261413574,0.00235,0.00016,0.00119,0.00309,0.00000,0.00112,0.00792
1598870272.101905584335327,0.00193,0.00007,0.00032,0.00311,0.00000,0.00088,0.00632
1598870272.134846448898315,0.00215,0.00010,0.00157,0.00303,0.00007,0.00115,0.00808
1598870272.168343067169189,0.00222,0.00007,0.00054,0.00316,0.00000,0.00089,0.00689
1598870272.202514648437500,0.00227,0.00015,0.00151,0.00320,0.00000,0.00110,0.00823
1598870272.236078739166260,0.00229,0.00009,0.00062,0.00344,0.00000,0.00114,0.00759
1598870272.270090341567993,0.00207,0.00008,0.00030,0.00314,0.00000,0.00097,0.00656
1598870272.302525997161865,0.00210,0.00007,0.00438,0.00296,0.00007,0.00094,0.01052
1598870272.335824728012085,0.00247,0.00012,0.00107,0.00339,0.00008,0.00108,0.00820
1598870272.370529413223267,0.00216,0.00010,0.00001,0.00334,0.00000,0.00110,0.00671
1598870272.403134822845459,0.00194,0.00008,0.00055,0.00307,0.00000,0.00096,0.00659
1598870272.437201023101807,0.00226,0.00011,0.00361,0.00304,0.00000,0.00093,0.00995
1598870272.470611572265625,0.00208,0.00008,0.00085,0.00301,0.00008,0.00093,0.00703
1598870272.504410505294800,0.00199,0.00007,0.00029,0.00320,0.00000,0.00089,0.00645
1598870272.538655757904053,0.00198,0.00008,0.00171,0.00318,0.00000,0.00092,0.00788
1598870272.571608781814575,0.00201,0.00008,0.00005,0.00311,0.00000,0.00086,0.00612
1598870272.637600421905518,0.00224,0.00009,0.00139,0.00299,0.00000,0.00094,0.00765
1598870272.671043395996094,0.00217,0.00007,0.00059,0.00300,0.00008,0.00091,0.00681
1598870272.704224824905396,0.00224,0.00006,0.00029,0.00312,0.00000,0.00094,0.00665
1598870272.739363670349121,0.00201,0.00006,0.00441,0.00322,0.00000,0.00087,0.01057
1598870272.806064844131470,0.00219,0.00009,0.00085,0.00294,0.00000,0.00090,0.00698
1598870272.871534347534180,0.00224,0.00016,0.00001,0.00318,0.00000,0.00111,0.00670
1598870272.905101776123047,0.00247,0.00011,0.00062,0.00295,0.00007,0.00114,0.00738
1598870272.937880039215088,0.00197,0.00007,0.00346,0.00313,0.00000,0.00093,0.00958
1598870272.976989746093750,0.00205,0.00008,0.00083,0.00307,0.00000,0.00094,0.00697
1598870273.036705255508423,0.00229,0.00012,0.00033,0.00286,0.00000,0.00103,0.00663
1598870273.070348262786865,0.00207,0.00008,0.00159,0.00260,0.00008,0.00093,0.00735
1598870273.104714155197144,0.00213,0.00014,0.00041,0.00283,0.00040,0.00110,0.00699
1598870273.171189069747925,0.00233,0.00015,0.00164,0.00263,0.00007,0.00113,0.00794
1598870273.204843521118164,0.00200,0.00010,0.00007,0.00275,0.00065,0.00095,0.00652
1598870273.237173795700073,0.00214,0.00013,0.00006,0.00313,0.00016,0.00109,0.00672
1598870273.304320096969604,0.00229,0.00012,0.00443,0.00304,0.00000,0.00108,0.01097
1598870273.338356733322144,0.00231,0.00015,0.00093,0.00292,0.00000,0.00091,0.00722
1598870273.371213197708130,0.00233,0.00009,0.00007,0.00282,0.00007,0.00112,0.00651
1598870273.404761791229248,0.00226,0.00008,0.00037,0.00285,0.00048,0.00086,0.00690
1598870273.437645196914673,0.00216,0.00006,0.00376,0.00309,0.00000,0.00087,0.00995
1598870273.470827579498291,0.00202,0.00007,0.00125,0.00297,0.00000,0.00086,0.00717
1598870273.504323244094849,0.00246,0.00009,0.00049,0.00295,0.00000,0.00106,0.00706
1598870273.541052103042603,0.00206,0.00011,0.00142,0.00285,0.00050,0.00110,0.00805
1598870273.604215860366821,0.00230,0.00009,0.00001,0.00297,0.00033,0.00090,0.00660
1598870273.638013601303101,0.00188,0.00006,0.00185,0.00321,0.00000,0.00123,0.00823
1598870273.704283237457275,0.00236,0.00011,0.00008,0.00287,0.00007,0.00098,0.00648
1598870273.737964391708374,0.00191,0.00007,0.00001,0.00308,0.00000,0.00092,0.00599
1598870273.770661115646362,0.00207,0.00007,0.00362,0.00305,0.00061,0.00091,0.01034
1598870273.805188655853271,0.00238,0.00006,0.00029,0.00307,0.00059,0.00088,0.00728
1598870273.837481260299683,0.00268,0.00008,0.00030,0.00325,0.00000,0.00104,0.00734
1598870273.870605230331421,0.00187,0.00007,0.00040,0.00406,0.00019,0.00121,0.00780
1598870273.914459705352783,0.00221,0.00009,0.00343,0.00298,0.00000,0.00104,0.00975
1598870273.971181631088257,0.00210,0.00009,0.00129,0.00315,0.00000,0.00121,0.00785
1598870274.003628015518188,0.00216,0.00007,0.00084,0.00301,0.00002,0.00093,0.00703
1598870274.039185523986816,0.00211,0.00008,0.00153,0.00284,0.00009,0.00092,0.00758
1598870274.072145700454712,0.00230,0.00007,0.00003,0.00354,0.00003,0.00121,0.00718
1598870274.105514526367188,0.00225,0.00015,0.00141,0.00292,0.00119,0.00085,0.00877
1598870274.140629529953003,0.00248,0.00016,0.00075,0.00337,0.00000,0.00082,0.00759
1598870274.173039197921753,0.00287,0.00012,0.00005,0.00302,0.00000,0.00124,0.00731
1598870274.205649614334106,0.00262,0.00010,0.00286,0.00298,0.00013,0.00103,0.00972
1598870274.239973545074463,0.00207,0.00009,0.00047,0.00311,0.00036,0.00089,0.00699
1598870274.274144411087036,0.00235,0.00008,0.00062,0.00315,0.00000,0.00123,0.00743
1598870274.307776212692261,0.00216,0.00007,0.00004,0.00328,0.00000,0.00090,0.00645
1598870274.340922832489014,0.00248,0.00008,0.00201,0.00307,0.00000,0.00094,0.00859
1598870274.379019498825073,0.00216,0.00007,0.00128,0.00303,0.00000,0.00092,0.00745
1598870274.441501617431641,0.00210,0.00008,0.00066,0.00301,0.00008,0.00095,0.00687
1598870274.475332498550415,0.00242,0.00014,0.00136,0.00317,0.00000,0.00111,0.00820
1598870274.508867263793945,0.00234,0.00010,0.00005,0.00326,0.00000,0.00112,0.00688
1598870274.541850090026855,0.00246,0.00008,0.00093,0.00304,0.00000,0.00095,0.00746
1598870274.576012134552002,0.00240,0.00006,0.00434,0.00302,0.00000,0.00092,0.01075
1598870274.610230445861816,0.00219,0.00007,0.00003,0.00378,0.00008,0.00096,0.00711
1598870274.642951726913452,0.00226,0.00010,0.00197,0.00328,0.00000,0.00110,0.00871
1598870274.678072690963745,0.00229,0.00011,0.00021,0.00328,0.00000,0.00133,0.00723
1598870274.710897922515869,0.00251,0.00009,0.00037,0.00364,0.00000,0.00108,0.00771
1598870274.743423461914062,0.00246,0.00011,0.00007,0.00320,0.00000,0.00100,0.00684
1598870274.777368783950806,0.00191,0.00006,0.00171,0.00302,0.00000,0.00094,0.00765
1598870274.811362743377686,0.00208,0.00007,0.00083,0.00326,0.00000,0.00128,0.00752
1598870274.844284772872925,0.00230,0.00008,0.00066,0.00304,0.00008,0.00123,0.00739
1598870274.878679990768433,0.00197,0.00008,0.00076,0.00316,0.00000,0.00093,0.00691
1598870274.912706613540649,0.00232,0.00007,0.00007,0.00315,0.00000,0.00111,0.00672
1598870274.945399999618530,0.00259,0.00009,0.00005,0.00312,0.00063,0.00092,0.00741
1598870274.978453636169434,0.00203,0.00006,0.00385,0.00290,0.00000,0.00083,0.00967
1598870275.013742446899414,0.00207,0.00009,0.00001,0.00298,0.00000,0.00086,0.00601
1598870275.047345161437988,0.00218,0.00010,0.00187,0.00338,0.00013,0.00098,0.00863
1598870275.114643096923828,0.00223,0.00014,0.00001,0.00393,0.00000,0.00105,0.00737
1598870275.182636022567749,0.00220,0.00010,0.00031,0.00289,0.00000,0.00086,0.00636
1598870275.247629880905151,0.00209,0.00008,0.00004,0.00288,0.00000,0.00085,0.00593
1598870275.314234256744385,0.00204,0.00008,0.00169,0.00286,0.00007,0.00088,0.00762
1598870275.349334001541138,0.00188,0.00007,0.00074,0.00293,0.00000,0.00087,0.00649
1598870275.382022619247437,0.00192,0.00008,0.00057,0.00285,0.00000,0.00107,0.00649
1598870275.415738582611084,0.00214,0.00010,0.00135,0.00262,0.00007,0.00085,0.00712
1598870275.449636459350586,0.00187,0.00006,0.00004,0.00297,0.00000,0.00082,0.00577
1598870275.484092950820923,0.00205,0.00009,0.00003,0.00297,0.00000,0.00082,0.00595
1598870275.516407251358032,0.00241,0.00009,0.00339,0.00284,0.00000,0.00106,0.00979
1598870275.550353765487671,0.00256,0.00010,0.00007,0.00268,0.00012,0.00102,0.00655
1598870275.615751028060913,0.00203,0.00008,0.00182,0.00283,0.00006,0.00081,0.00764
1598870275.650271892547607,0.00193,0.00006,0.00003,0.00295,0.00000,0.00081,0.00579
1598870275.685098409652710,0.00193,0.00006,0.00028,0.00289,0.00002,0.00087,0.00604
1598870275.717954397201538,0.00183,0.00007,0.00033,0.00278,0.00002,0.00085,0.00589
1598870275.751071929931641,0.00237,0.00011,0.00149,0.00259,0.00059,0.00113,0.00829
1598870275.784749269485474,0.00213,0.00011,0.00067,0.00276,0.00016,0.00103,0.00686
1598870275.817801952362061,0.00204,0.00006,0.00055,0.00280,0.00002,0.00086,0.00633
1598870275.852137088775635,0.00204,0.00006,0.00067,0.00281,0.00002,0.00083,0.00643
1598870275.884852409362793,0.00222,0.00008,0.00001,0.00359,0.00005,0.00107,0.00702
1598870275.918345212936401,0.00216,0.00009,0.00001,0.00309,0.00003,0.00087,0.00624
1598870275.952190160751343,0.00510,0.00016,0.00536,0.00491,0.00003,0.00148,0.01704
1598870275.986240625381470,0.00217,0.00010,0.00001,0.00305,0.00000,0.00103,0.00635
1598870276.019093036651611,0.00186,0.00007,0.00189,0.00272,0.00009,0.00089,0.00752
1598870276.052873611450195,0.00200,0.00006,0.00001,0.00288,0.00000,0.00086,0.00581
1598870276.086547136306763,0.00194,0.00007,0.00037,0.00279,0.00064,0.00086,0.00667
1598870276.120066165924072,0.00194,0.00006,0.00011,0.00317,0.00011,0.00084,0.00625
1598870276.154522180557251,0.00223,0.00006,0.00086,0.00316,0.00000,0.00140,0.00771
1598870276.220623016357422,0.00234,0.00010,0.00068,0.00317,0.00000,0.00084,0.00714
1598870276.253924608230591,0.00207,0.00007,0.00064,0.00332,0.00000,0.00112,0.00722
1598870276.288202047348022,0.00217,0.00009,0.00073,0.00307,0.00000,0.00141,0.00747
1598870276.321602106094360,0.00227,0.00010,0.00040,0.00300,0.00007,0.00087,0.00673
1598870276.354741573333740,0.00208,0.00006,0.00003,0.00326,0.00000,0.00119,0.00662
1598870276.389243841171265,0.00221,0.00012,0.00278,0.00311,0.00000,0.00101,0.00923
1598870276.455102682113647,0.00224,0.00011,0.00001,0.00351,0.00000,0.00096,0.00683
1598870276.489987373352051,0.00207,0.00009,0.00268,0.00315,0.00000,0.00113,0.00913
1598870276.522770404815674,0.00206,0.00007,0.00004,0.00334,0.00000,0.00111,0.00663
1598870276.556552886962891,0.00208,0.00010,0.00044,0.00320,0.00000,0.00109,0.00691
1598870276.590005636215210,0.00214,0.00007,0.00117,0.00319,0.00000,0.00126,0.00783
1598870276.623944282531738,0.00484,0.00013,0.00139,0.00468,0.00000,0.00118,0.01222
1598870276.689843654632568,0.00270,0.00011,0.00002,0.00305,0.00000,0.00094,0.00682
1598870276.723342657089233,0.00205,0.00006,0.00023,0.00285,0.00000,0.00085,0.00604
1598870276.759044885635376,0.00171,0.00006,0.00071,0.00273,0.00000,0.00085,0.00606
1598870276.791380405426025,0.00237,0.00016,0.00151,0.00269,0.00008,0.00098,0.00780
1598870276.824985742568970,0.00220,0.00008,0.00007,0.00316,0.00000,0.00126,0.00677
1598870276.859591245651245,0.00213,0.00012,0.00211,0.00286,0.00000,0.00101,0.00823
1598870276.892336130142212,0.00212,0.00006,0.00009,0.00284,0.00000,0.00082,0.00593
1598870276.925923109054565,0.00227,0.00011,0.00189,0.00281,0.00000,0.00103,0.00810
1598870276.959604024887085,0.00195,0.00008,0.00001,0.00291,0.00000,0.00100,0.00595
1598870276.992354393005371,0.00189,0.00007,0.00008,0.00280,0.00000,0.00085,0.00569
1598870277.028822422027588,0.00190,0.00006,0.00118,0.00273,0.00000,0.00082,0.00669
1598870277.061457157135010,0.00187,0.00006,0.00063,0.00280,0.00008,0.00081,0.00625
1598870277.127048969268799,0.00174,0.00008,0.00003,0.00274,0.00000,0.00079,0.00538
1598870277.161126852035522,0.00193,0.00014,0.00047,0.00267,0.00007,0.00096,0.00623
1598870277.194650411605835,0.00196,0.00008,0.00179,0.00270,0.00002,0.00104,0.00759
1598870277.228505373001099,0.00203,0.00010,0.00088,0.00298,0.00008,0.00094,0.00701
1598870277.262147426605225,0.00213,0.00008,0.00011,0.00276,0.00062,0.00097,0.00667
1598870277.303373336791992,0.00171,0.00012,0.00189,0.00301,0.00000,0.00086,0.00758
1598870277.362090826034546,0.00224,0.00011,0.00001,0.00317,0.00000,0.00105,0.00658
1598870277.396631002426147,0.00249,0.00010,0.00196,0.00309,0.00000,0.00083,0.00846
1598870277.430119037628174,0.00230,0.00009,0.00005,0.00312,0.00008,0.00122,0.00687
1598870277.464050531387329,0.00235,0.00011,0.00006,0.00320,0.00000,0.00104,0.00678
1598870277.497820138931274,0.00242,0.00009,0.00131,0.00313,0.00000,0.00128,0.00822
1598870277.530168533325195,0.00225,0.00008,0.00100,0.00297,0.00007,0.00084,0.00720
1598870277.563302278518677,0.00244,0.00009,0.00067,0.00312,0.00000,0.00115,0.00748
1598870277.596453666687012,0.00243,0.00012,0.00008,0.00316,0.00000,0.00100,0.00680
1598870277.629843950271606,0.00187,0.00007,0.00189,0.00296,0.00007,0.00072,0.00758
1598870277.670184612274170,0.00196,0.00010,0.00132,0.00306,0.00000,0.00080,0.00724
1598870277.731123924255371,0.00211,0.00008,0.00004,0.00308,0.00000,0.00082,0.00613
1598870277.765655755996704,0.00214,0.00007,0.00134,0.00285,0.00002,0.00083,0.00724
1598870277.799782514572144,0.00216,0.00007,0.00062,0.00283,0.00064,0.00082,0.00713
1598870277.832231760025024,0.00245,0.00010,0.00199,0.00318,0.00000,0.00107,0.00879
1598870277.875108242034912,0.00225,0.00009,0.00003,0.00324,0.00000,0.00101,0.00663
1598870277.932633399963379,0.00221,0.00011,0.00022,0.00327,0.00000,0.00106,0.00687
1598870277.969135284423828,0.00212,0.00009,0.00144,0.00318,0.00000,0.00103,0.00787
1598870278.034136295318604,0.00217,0.00008,0.00113,0.00315,0.00000,0.00086,0.00739
1598870278.067533969879150,0.00205,0.00009,0.00065,0.00293,0.00000,0.00104,0.00677
1598870278.101199388504028,0.00221,0.00009,0.00063,0.00292,0.00000,0.00097,0.00683
1598870278.134428262710571,0.00185,0.00006,0.00185,0.00281,0.00013,0.00085,0.00754
1598870278.167489528656006,0.00211,0.00016,0.00157,0.00315,0.00000,0.00103,0.00802
1598870278.202749729156494,0.00206,0.00013,0.00041,0.00300,0.00007,0.00089,0.00657
1598870278.235797643661499,0.00205,0.00008,0.00139,0.00308,0.00010,0.00110,0.00780
1598870278.269803285598755,0.00202,0.00007,0.00003,0.00341,0.00071,0.00111,0.00736
1598870278.302466154098511,0.00239,0.00008,0.00258,0.00315,0.00000,0.00102,0.00922
1598870278.336556434631348,0.00206,0.00008,0.00001,0.00348,0.00000,0.00112,0.00676
1598870278.370976686477661,0.00219,0.00013,0.00041,0.00322,0.00000,0.00107,0.00702
1598870278.403758525848389,0.00220,0.00006,0.00152,0.00304,0.00000,0.00091,0.00773
1598870278.437592744827271,0.00226,0.00006,0.00131,0.00295,0.00000,0.00084,0.00743
1598870278.471503734588623,0.00247,0.00010,0.00010,0.00302,0.00069,0.00106,0.00744
1598870278.504593133926392,0.00221,0.00014,0.00059,0.00345,0.00000,0.00127,0.00765
1598870278.538424491882324,0.00214,0.00009,0.00205,0.00311,0.00000,0.00087,0.00826
1598870278.579518556594849,0.00193,0.00007,0.00138,0.00314,0.00000,0.00090,0.00742
1598870278.638062477111816,0.00220,0.00008,0.00006,0.00302,0.00034,0.00086,0.00656
1598870278.674303054809570,0.00207,0.00006,0.00131,0.00329,0.00000,0.00081,0.00755
1598870278.737814426422119,0.00245,0.00008,0.00007,0.00311,0.00000,0.00081,0.00652
1598870278.773064851760864,0.00225,0.00008,0.00248,0.00323,0.00041,0.00110,0.00955
1598870278.806236028671265,0.00227,0.00015,0.00001,0.00314,0.00000,0.00103,0.00660
1598870278.839392185211182,0.00202,0.00007,0.00155,0.00303,0.00007,0.00116,0.00789
1598870278.873830080032349,0.00202,0.00009,0.00131,0.00315,0.00000,0.00086,0.00742
1598870278.907469749450684,0.00198,0.00007,0.00122,0.00301,0.00000,0.00079,0.00707
1598870278.940030336380005,0.00239,0.00010,0.00012,0.00308,0.00010,0.00117,0.00694
1598870278.974330425262451,0.00246,0.00014,0.00096,0.00314,0.00000,0.00134,0.00804
1598870279.007967948913574,0.00231,0.00010,0.00221,0.00305,0.00000,0.00110,0.00877
1598870279.041704416275024,0.00200,0.00007,0.00155,0.00285,0.00058,0.00085,0.00791
1598870279.075316905975342,0.00178,0.00006,0.00001,0.00313,0.00000,0.00084,0.00581
1598870279.108489751815796,0.00233,0.00015,0.00163,0.00295,0.00011,0.00111,0.00829
1598870279.141672372817993,0.00218,0.00009,0.00002,0.00303,0.00036,0.00102,0.00669
1598870279.175814151763916,0.00221,0.00009,0.00263,0.00282,0.00002,0.00102,0.00879
1598870279.209434986114502,0.00204,0.00009,0.00028,0.00278,0.00000,0.00084,0.00603
1598870279.243154764175415,0.00185,0.00007,0.00062,0.00267,0.00098,0.00079,0.00698
1598870279.276099920272827,0.00220,0.00011,0.00072,0.00283,0.00059,0.00112,0.00756
1598870279.310065031051636,0.00227,0.00008,0.00119,0.00287,0.00033,0.00086,0.00759
1598870279.344020605087280,0.00220,0.00007,0.00001,0.00306,0.00000,0.00087,0.00622
1598870279.378404855728149,0.00226,0.00014,0.00107,0.00293,0.00000,0.00110,0.00751
1598870279.411532878875732,0.00237,0.00009,0.00188,0.00268,0.00059,0.00103,0.00865
1598870279.444810390472412,0.00211,0.00007,0.00113,0.00320,0.00000,0.00115,0.00766
1598870279.513611793518066,0.00222,0.00012,0.00064,0.00279,0.00081,0.00106,0.00764
1598870279.579139471054077,0.00223,0.00009,0.00148,0.00304,0.00000,0.00088,0.00772
1598870279.614281415939331,0.00209,0.00008,0.00153,0.00306,0.00059,0.00086,0.00821
1598870279.649656534194946,0.00187,0.00007,0.00245,0.00329,0.00000,0.00087,0.00856
1598870279.714089632034302,0.00212,0.00009,0.00066,0.00297,0.00000,0.00080,0.00664
1598870279.753509283065796,0.00233,0.00006,0.00069,0.00287,0.00007,0.00081,0.00683
1598870279.816997051239014,0.00221,0.00010,0.00048,0.00306,0.00007,0.00085,0.00677
1598870279.851842403411865,0.00202,0.00007,0.00139,0.00305,0.00000,0.00079,0.00732
1598870279.914079904556274,0.00224,0.00009,0.00013,0.00310,0.00000,0.00099,0.00656
1598870279.947809219360352,0.00205,0.00008,0.00117,0.00308,0.00033,0.00086,0.00757
1598870279.981439590454102,0.00236,0.00012,0.00181,0.00321,0.00000,0.00111,0.00860
1598870280.015088081359863,0.00237,0.00012,0.00128,0.00306,0.00000,0.00089,0.00772
1598870280.047641754150391,0.00214,0.00010,0.00011,0.00297,0.00095,0.00108,0.00736
1598870280.081279277801514,0.00214,0.00014,0.00155,0.00318,0.00000,0.00112,0.00814
1598870280.115442991256714,0.00217,0.00010,0.00155,0.00304,0.00000,0.00113,0.00798
1598870280.148324489593506,0.00193,0.00008,0.00228,0.00353,0.00000,0.00114,0.00896
1598870280.181670188903809,0.00230,0.00010,0.00201,0.00285,0.00008,0.00103,0.00838
1598870280.213983297348022,0.00203,0.00009,0.00058,0.00301,0.00000,0.00083,0.00654
1598870280.247392177581787,0.00215,0.00015,0.00044,0.00298,0.00008,0.00105,0.00686
1598870280.281584024429321,0.00215,0.00009,0.00132,0.00302,0.00000,0.00105,0.00764
1598870280.315873861312866,0.00232,0.00015,0.00043,0.00297,0.00000,0.00104,0.00691
1598870280.381330251693726,0.00232,0.00012,0.00190,0.00300,0.00035,0.00100,0.00869
1598870280.414575815200806,0.00236,0.00012,0.00178,0.00266,0.00000,0.00098,0.00790
1598870280.447619676589966,0.00229,0.00009,0.00022,0.00270,0.00145,0.00092,0.00767
1598870280.482614755630493,0.00231,0.00010,0.00004,0.00314,0.00000,0.00114,0.00674
1598870280.515527486801147,0.00216,0.00012,0.00161,0.00308,0.00000,0.00114,0.00811
1598870280.581175804138184,0.00232,0.00010,0.00168,0.00343,0.00000,0.00099,0.00852
1598870280.616257667541504,0.00236,0.00009,0.00170,0.00301,0.00000,0.00140,0.00857
1598870280.648979187011719,0.00223,0.00009,0.00158,0.00299,0.00007,0.00088,0.00784
1598870280.683345794677734,0.00217,0.00009,0.00063,0.00307,0.00000,0.00088,0.00684
1598870280.716334581375122,0.00215,0.00007,0.00051,0.00286,0.00000,0.00112,0.00671
1598870280.750444889068604,0.00229,0.00008,0.00193,0.00283,0.00000,0.00085,0.00798
1598870280.783598661422729,0.00187,0.00008,0.00032,0.00271,0.00038,0.00091,0.00627
1598870280.817201852798462,0.00196,0.00007,0.00380,0.00312,0.00000,0.00118,0.01013
1598870280.850774526596069,0.00235,0.00010,0.00154,0.00303,0.00000,0.00107,0.00810
1598870280.883511543273926,0.00244,0.00011,0.00001,0.00304,0.00000,0.00095,0.00655
1598870280.918306350708008,0.00226,0.00017,0.00012,0.00313,0.00000,0.00106,0.00674
1598870280.951114892959595,0.00214,0.00009,0.00102,0.00313,0.00013,0.00106,0.00758
1598870280.985303401947021,0.00238,0.00011,0.00133,0.00305,0.00063,0.00103,0.00853
1598870281.019821405410767,0.00250,0.00011,0.00142,0.00290,0.00000,0.00111,0.00804
1598870281.052109718322754,0.00245,0.00012,0.00160,0.00268,0.00007,0.00119,0.00812
1598870281.086045503616333,0.00238,0.00018,0.00077,0.00287,0.00012,0.00107,0.00740
1598870281.121516942977905,0.00228,0.00010,0.00001,0.00306,0.00040,0.00111,0.00696
1598870281.154513597488403,0.00215,0.00007,0.00170,0.00307,0.00000,0.00119,0.00819
1598870281.189115047454834,0.00221,0.00006,0.00044,0.00307,0.00000,0.00088,0.00666
1598870281.223685264587402,0.00203,0.00006,0.00342,0.00319,0.00000,0.00088,0.00959
1598870281.256608963012695,0.00214,0.00006,0.00154,0.00305,0.00000,0.00092,0.00772
1598870281.291565418243408,0.00229,0.00007,0.00001,0.00310,0.00000,0.00089,0.00635
1598870281.326035737991333,0.00237,0.00008,0.00059,0.00306,0.00000,0.00095,0.00705
1598870281.359472513198853,0.00198,0.00009,0.00085,0.00304,0.00000,0.00112,0.00708
1598870281.393713712692261,0.00225,0.00008,0.00135,0.00323,0.00000,0.00092,0.00783
1598870281.427165031433105,0.00195,0.00007,0.00130,0.00303,0.00000,0.00091,0.00726
1598870281.460520505905151,0.00189,0.00006,0.00149,0.00305,0.00000,0.00096,0.00745
1598870281.496199846267700,0.00197,0.00007,0.00117,0.00306,0.00000,0.00090,0.00717
1598870281.529400110244751,0.00220,0.00013,0.00001,0.00319,0.00000,0.00111,0.00664
1598870281.564549684524536,0.00212,0.00008,0.00153,0.00301,0.00000,0.00110,0.00784
1598870281.598150968551636,0.00212,0.00011,0.00001,0.00311,0.00000,0.00113,0.00648
1598870281.631672382354736,0.00213,0.00008,0.00335,0.00292,0.00000,0.00108,0.00956
1598870281.665864706039429,0.00202,0.00008,0.00243,0.00324,0.00004,0.00110,0.00891
1598870281.699304342269897,0.00209,0.00008,0.00027,0.00299,0.00000,0.00105,0.00648
1598870281.734241485595703,0.00207,0.00008,0.00023,0.00301,0.00065,0.00087,0.00691
1598870281.768270254135132,0.00201,0.00007,0.00071,0.00300,0.00000,0.00085,0.00664
1598870281.802080392837524,0.00196,0.00011,0.00135,0.00325,0.00018,0.00117,0.00802
1598870281.836641550064087,0.00207,0.00008,0.00113,0.00318,0.00000,0.00108,0.00754
1598870281.870254516601562,0.00230,0.00010,0.00133,0.00297,0.00000,0.00091,0.00762
1598870281.904576778411865,0.00209,0.00006,0.00117,0.00295,0.00007,0.00094,0.00729
1598870281.937288045883179,0.00206,0.00008,0.00004,0.00314,0.00000,0.00087,0.00618
1598870281.971380949020386,0.00213,0.00006,0.00149,0.00306,0.00000,0.00093,0.00767
1598870282.005696296691895,0.00231,0.00007,0.00003,0.00306,0.00000,0.00090,0.00637
1598870282.039794921875000,0.00214,0.00007,0.00341,0.00313,0.00000,0.00114,0.00989
1598870282.073945522308350,0.00245,0.00009,0.00222,0.00320,0.00000,0.00103,0.00899
1598870282.108908653259277,0.00227,0.00008,0.00001,0.00316,0.00000,0.00111,0.00662
1598870282.141829252243042,0.00226,0.00008,0.00001,0.00307,0.00000,0.00090,0.00631
1598870282.176795244216919,0.00200,0.00007,0.00071,0.00285,0.00007,0.00177,0.00747
1598870282.210646629333496,0.00225,0.00008,0.00135,0.00294,0.00007,0.00110,0.00779
1598870282.244645833969116,0.00244,0.00010,0.00342,0.00307,0.00000,0.00121,0.01023
1598870282.279748916625977,0.00235,0.00008,0.00073,0.00310,0.00000,0.00095,0.00721
1598870282.312717676162720,0.00200,0.00007,0.00061,0.00313,0.00000,0.00093,0.00675
1598870282.346416473388672,0.00234,0.00007,0.00001,0.00313,0.00000,0.00114,0.00669
1598870282.380106210708618,0.00239,0.00014,0.00158,0.00308,0.00000,0.00112,0.00832
1598870282.414668083190918,0.00240,0.00014,0.00014,0.00309,0.00000,0.00089,0.00666
1598870282.448375940322876,0.00187,0.00007,0.00293,0.00296,0.00000,0.00107,0.00890
1598870282.483120918273926,0.00229,0.00010,0.00217,0.00322,0.00000,0.00118,0.00896
1598870282.516444683074951,0.00208,0.00007,0.00005,0.00294,0.00012,0.00095,0.00621
1598870282.549917697906494,0.00221,0.00010,0.00001,0.00316,0.00000,0.00090,0.00638
1598870282.584730863571167,0.00224,0.00007,0.00068,0.00293,0.00000,0.00090,0.00682
1598870282.618540287017822,0.00201,0.00007,0.00137,0.00295,0.00007,0.00089,0.00737
1598870282.650995492935181,0.00220,0.00006,0.00310,0.00303,0.00000,0.00087,0.00927
1598870282.686293125152588,0.00210,0.00008,0.00071,0.00308,0.00000,0.00117,0.00713
1598870282.720098018646240,0.00220,0.00009,0.00061,0.00296,0.00000,0.00089,0.00675
1598870282.753915309906006,0.00207,0.00007,0.00001,0.00331,0.00000,0.00091,0.00637
1598870282.787310361862183,0.00207,0.00007,0.00140,0.00304,0.00000,0.00117,0.00775
1598870282.822512388229370,0.00211,0.00006,0.00003,0.00309,0.00000,0.00090,0.00620
1598870282.856441736221313,0.00190,0.00007,0.00262,0.00293,0.00000,0.00089,0.00840
1598870282.890351057052612,0.00208,0.00009,0.00225,0.00306,0.00013,0.00095,0.00856
1598870282.924073696136475,0.00220,0.00007,0.00001,0.00311,0.00000,0.00089,0.00628
1598870282.957678556442261,0.00228,0.00007,0.00001,0.00339,0.00000,0.00114,0.00689
1598870282.993061065673828,0.00220,0.00007,0.00070,0.00303,0.00000,0.00085,0.00686
1598870283.026254415512085,0.00228,0.00007,0.00131,0.00301,0.00000,0.00088,0.00755
1598870283.061896085739136,0.00233,0.00006,0.00300,0.00308,0.00000,0.00108,0.00955
1598870283.094258308410645,0.00191,0.00007,0.00068,0.00296,0.00000,0.00082,0.00644
1598870283.127524137496948,0.00187,0.00006,0.00061,0.00293,0.00000,0.00083,0.00631
1598870283.161134719848633,0.00169,0.00006,0.00003,0.00294,0.00007,0.00082,0.00562
1598870283.196775674819946,0.00204,0.00007,0.00138,0.00300,0.00000,0.00082,0.00731
1598870283.230311870574951,0.00192,0.00006,0.00041,0.00310,0.00000,0.00143,0.00692
1598870283.264713048934937,0.00236,0.00009,0.00235,0.00303,0.00000,0.00140,0.00923
1598870283.298532962799072,0.00197,0.00011,0.00212,0.00303,0.00000,0.00107,0.00830
1598870283.332476854324341,0.00183,0.00006,0.00001,0.00307,0.00000,0.00086,0.00583
1598870283.366742610931396,0.00167,0.00007,0.00001,0.00343,0.00000,0.00123,0.00641
1598870283.400284767150879,0.00189,0.00010,0.00069,0.00300,0.00000,0.00100,0.00668
1598870283.434053897857666,0.00170,0.00009,0.00135,0.00307,0.00000,0.00082,0.00703
1598870283.467858552932739,0.00180,0.00006,0.00303,0.00301,0.00000,0.00081,0.00871
1598870283.501501083374023,0.00184,0.00006,0.00071,0.00331,0.00000,0.00120,0.00712
1598870283.536020278930664,0.00198,0.00010,0.00063,0.00305,0.00000,0.00102,0.00678
1598870283.570187330245972,0.00192,0.00007,0.00001,0.00306,0.00000,0.00090,0.00595
1598870283.604095220565796,0.00137,0.00006,0.00107,0.00289,0.00000,0.00077,0.00616
1598870283.637213230133057,0.00139,0.00006,0.00001,0.00289,0.00000,0.00077,0.00512
1598870283.671120643615723,0.00132,0.00006,0.00248,0.00284,0.00002,0.00123,0.00795
1598870283.704599380493164,0.00194,0.00008,0.00202,0.00280,0.00006,0.00101,0.00792
1598870283.738243103027344,0.00153,0.00006,0.00001,0.00279,0.00000,0.00101,0.00540
1598870283.773494720458984,0.00156,0.00006,0.00031,0.00276,0.00000,0.00077,0.00547
1598870283.807154893875122,0.00151,0.00006,0.00004,0.00304,0.00079,0.00115,0.00659
1598870283.840075731277466,0.00180,0.00008,0.00112,0.00298,0.00061,0.00099,0.00758
1598870283.875668287277222,0.00152,0.00006,0.00261,0.00312,0.00000,0.00101,0.00834
1598870283.908849716186523,0.00155,0.00006,0.00116,0.00313,0.00000,0.00076,0.00668
1598870283.942219018936157,0.00144,0.00006,0.00108,0.00343,0.00000,0.00146,0.00746
1598870283.977190494537354,0.00180,0.00010,0.00001,0.00314,0.00000,0.00097,0.00602
1598870284.011814594268799,0.00146,0.00006,0.00065,0.00300,0.00000,0.00107,0.00624
1598870284.045584917068481,0.00237,0.00011,0.00001,0.00323,0.00000,0.00115,0.00688
1598870284.078593969345093,0.00219,0.00007,0.00240,0.00299,0.00008,0.00119,0.00892
1598870284.113024711608887,0.00209,0.00011,0.00208,0.00313,0.00000,0.00107,0.00848
1598870284.146780490875244,0.00178,0.00007,0.00001,0.00310,0.00000,0.00101,0.00597
1598870284.180826425552368,0.00199,0.00006,0.00001,0.00314,0.00000,0.00079,0.00599
1598870284.216654062271118,0.00183,0.00007,0.00016,0.00313,0.00000,0.00106,0.00625
1598870284.282301902770996,0.00270,0.00008,0.00057,0.00318,0.00000,0.00088,0.00740
1598870284.316238403320312,0.00241,0.00007,0.00293,0.00302,0.00000,0.00112,0.00955
1598870284.349654674530029,0.00251,0.00006,0.00146,0.00305,0.00000,0.00094,0.00803
1598870284.418374061584473,0.00250,0.00012,0.00121,0.00287,0.00000,0.00141,0.00811
1598870284.485983848571777,0.00212,0.00008,0.00004,0.00303,0.00000,0.00087,0.00615
1598870284.519096612930298,0.00162,0.00006,0.00088,0.00298,0.00000,0.00119,0.00673
1598870284.553428411483765,0.00170,0.00006,0.00022,0.00299,0.00000,0.00083,0.00580
1598870284.620494842529297,0.00178,0.00008,0.00210,0.00296,0.00034,0.00121,0.00847
1598870284.654121398925781,0.00157,0.00006,0.00227,0.00304,0.00000,0.00083,0.00777
1598870284.687434673309326,0.00158,0.00006,0.00001,0.00307,0.00000,0.00090,0.00562
1598870284.721428871154785,0.00163,0.00006,0.00007,0.00310,0.00000,0.00084,0.00570
1598870284.755500316619873,0.00164,0.00007,0.00488,0.00303,0.00000,0.00126,0.01088
1598870284.788749217987061,0.00170,0.00006,0.00057,0.00307,0.00000,0.00084,0.00624
1598870284.821704387664795,0.00241,0.00008,0.00255,0.00328,0.00000,0.00169,0.01002
1598870284.855232477188110,0.00212,0.00009,0.00124,0.00305,0.00000,0.00107,0.00757
1598870284.890520095825195,0.00239,0.00008,0.00120,0.00332,0.00000,0.00151,0.00851
1598870284.956710815429688,0.00220,0.00011,0.00001,0.00298,0.00000,0.00105,0.00635
1598870284.991037845611572,0.00169,0.00006,0.00088,0.00260,0.00000,0.00112,0.00637
1598870285.024940252304077,0.00158,0.00006,0.00003,0.00244,0.00007,0.00082,0.00500
1598870285.059361696243286,0.00168,0.00006,0.00192,0.00228,0.00036,0.00077,0.00708
1598870285.092557668685913,0.00155,0.00005,0.00171,0.00253,0.00000,0.00081,0.00666
1598870285.126137971878052,0.00137,0.00006,0.00001,0.00273,0.00000,0.00075,0.00493
1598870285.161525964736938,0.00149,0.00006,0.00001,0.00264,0.00000,0.00074,0.00494
1598870285.227700710296631,0.00144,0.00008,0.00416,0.00285,0.00000,0.00075,0.00928
1598870285.262804508209229,0.00137,0.00005,0.00055,0.00235,0.00002,0.00079,0.00512
1598870285.300388336181641,0.00139,0.00006,0.00138,0.00224,0.00061,0.00073,0.00641
1598870285.333802461624146,0.00171,0.00005,0.00060,0.00249,0.00057,0.00075,0.00617
1598870285.396886110305786,0.00173,0.00007,0.00051,0.00259,0.00053,0.00098,0.00642
1598870285.430555820465088,0.00224,0.00014,0.00001,0.00302,0.00000,0.00087,0.00628
1598870285.464592218399048,0.00152,0.00007,0.00117,0.00308,0.00000,0.00079,0.00663
1598870285.498510599136353,0.00157,0.00006,0.00001,0.00235,0.00000,0.00100,0.00498
1598870285.533584117889404,0.00211,0.00009,0.00206,0.00255,0.00000,0.00111,0.00792
1598870285.567200899124146,0.00188,0.00008,0.00221,0.00248,0.00012,0.00098,0.00775
1598870285.599563837051392,0.00140,0.00006,0.00001,0.00268,0.00000,0.00075,0.00490
1598870285.635206699371338,0.00129,0.00006,0.00001,0.00300,0.00000,0.00075,0.00511
1598870285.668510198593140,0.00212,0.00010,0.00477,0.00279,0.00000,0.00113,0.01091
1598870285.702524900436401,0.00182,0.00009,0.00103,0.00301,0.00000,0.00100,0.00694
1598870285.736090183258057,0.00207,0.00008,0.00141,0.00267,0.00000,0.00109,0.00732
1598870285.769634246826172,0.00168,0.00009,0.00064,0.00260,0.00055,0.00100,0.00657
1598870285.803306102752686,0.00139,0.00005,0.00050,0.00266,0.00000,0.00074,0.00535
1598870285.836542129516602,0.00124,0.00005,0.00001,0.00264,0.00000,0.00073,0.00467
1598870285.872243165969849,0.00155,0.00006,0.00101,0.00255,0.00001,0.00071,0.00589
1598870285.905269145965576,0.00128,0.00006,0.00001,0.00256,0.00000,0.00070,0.00460
1598870285.948037147521973,0.00158,0.00006,0.00175,0.00255,0.00030,0.00073,0.00698
1598870286.006200551986694,0.00159,0.00007,0.00188,0.00246,0.00000,0.00069,0.00670
1598870286.039751529693604,0.00123,0.00005,0.00001,0.00258,0.00000,0.00073,0.00460
1598870286.077446460723877,0.00126,0.00006,0.00001,0.00240,0.00000,0.00072,0.00445
1598870286.113395929336548,0.00121,0.00006,0.00412,0.00241,0.00007,0.00071,0.00859
1598870286.176799297332764,0.00129,0.00006,0.00050,0.00239,0.00052,0.00071,0.00548
1598870286.209464311599731,0.00122,0.00006,0.00173,0.00240,0.00006,0.00071,0.00618
1598870286.243520498275757,0.00127,0.00005,0.00060,0.00241,0.00006,0.00072,0.00511
1598870286.276823043823242,0.00127,0.00006,0.00051,0.00253,0.00000,0.00072,0.00508
1598870286.310905694961548,0.00216,0.00010,0.00004,0.00297,0.00015,0.00082,0.00624
1598870286.346005201339722,0.00209,0.00010,0.00133,0.00264,0.00000,0.00111,0.00727
1598870286.379115104675293,0.00185,0.00008,0.00001,0.00270,0.00000,0.00102,0.00566
1598870286.413538455963135,0.00142,0.00006,0.00188,0.00253,0.00007,0.00071,0.00667
1598870286.447059869766235,0.00129,0.00006,0.00190,0.00255,0.00000,0.00072,0.00651
1598870286.481329917907715,0.00126,0.00005,0.00001,0.00268,0.00000,0.00075,0.00476
1598870286.518027544021606,0.00120,0.00006,0.00001,0.00259,0.00000,0.00072,0.00457
1598870286.583180904388428,0.00130,0.00007,0.00463,0.00269,0.00007,0.00073,0.00948
1598870286.615548133850098,0.00123,0.00006,0.00051,0.00293,0.00000,0.00072,0.00545
1598870286.650053501129150,0.00124,0.00006,0.00196,0.00233,0.00000,0.00072,0.00631
1598870286.682862758636475,0.00125,0.00005,0.00059,0.00268,0.00000,0.00072,0.00529
1598870286.715954780578613,0.00216,0.00011,0.00062,0.00237,0.00018,0.00102,0.00645
1598870286.750132799148560,0.00179,0.00008,0.00001,0.00294,0.00000,0.00099,0.00581
1598870286.786115884780884,0.00160,0.00005,0.00104,0.00254,0.00059,0.00081,0.00664
1598870286.818973064422607,0.00146,0.00006,0.00001,0.00312,0.00000,0.00073,0.00538
1598870286.853292226791382,0.00129,0.00006,0.00176,0.00255,0.00000,0.00077,0.00642
1598870286.887232780456543,0.00126,0.00006,0.00175,0.00278,0.00000,0.00072,0.00657
1598870286.920642852783203,0.00123,0.00005,0.00002,0.00245,0.00007,0.00070,0.00453
1598870286.954930543899536,0.00126,0.00005,0.00003,0.00243,0.00003,0.00072,0.00452
1598870286.988632917404175,0.00123,0.00006,0.00422,0.00254,0.00051,0.00071,0.00928
1598870287.022219896316528,0.00118,0.00005,0.00050,0.00266,0.00000,0.00074,0.00513
1598870287.057544231414795,0.00203,0.00009,0.00210,0.00253,0.00000,0.00163,0.00838
1598870287.123425722122192,0.00212,0.00011,0.00068,0.00234,0.00006,0.00103,0.00634
1598870287.157347679138184,0.00177,0.00008,0.00065,0.00242,0.00073,0.00094,0.00659
1598870287.191426515579224,0.00190,0.00008,0.00005,0.00237,0.00007,0.00110,0.00555
1598870287.225404024124146,0.00182,0.00008,0.00080,0.00264,0.00086,0.00090,0.00710
1598870287.258835315704346,0.00196,0.00009,0.00009,0.00265,0.00001,0.00108,0.00589
1598870287.291918992996216,0.00185,0.00006,0.00154,0.00269,0.00071,0.00113,0.00798
1598870287.326392173767090,0.00181,0.00006,0.00175,0.00259,0.00035,0.00082,0.00738
1598870287.360597848892212,0.00219,0.00015,0.00001,0.00274,0.00000,0.00111,0.00620
1598870287.394025802612305,0.00186,0.00008,0.00054,0.00258,0.00002,0.00141,0.00648
1598870287.426737070083618,0.00191,0.00007,0.00397,0.00263,0.00019,0.00099,0.00976
1598870287.461522102355957,0.00193,0.00009,0.00001,0.00257,0.00042,0.00100,0.00603
1598870287.496492624282837,0.00206,0.00009,0.00207,0.00272,0.00000,0.00116,0.00811
1598870287.530288696289062,0.00169,0.00008,0.00085,0.00269,0.00014,0.00099,0.00644
1598870287.563418388366699,0.00195,0.00008,0.00055,0.00275,0.00000,0.00112,0.00644
1598870287.597008466720581,0.00185,0.00008,0.00001,0.00281,0.00000,0.00086,0.00560
1598870287.629861831665039,0.00170,0.00006,0.00083,0.00270,0.00000,0.00084,0.00614
1598870287.663402080535889,0.00172,0.00006,0.00003,0.00274,0.00010,0.00094,0.00559
1598870287.697538375854492,0.00190,0.00006,0.00155,0.00274,0.00010,0.00084,0.00719
1598870287.731546401977539,0.00169,0.00006,0.00172,0.00297,0.00004,0.00107,0.00756
1598870287.766196966171265,0.00201,0.00008,0.00001,0.00277,0.00000,0.00103,0.00590
1598870287.800117015838623,0.00174,0.00006,0.00051,0.00268,0.00055,0.00086,0.00641
1598870287.833088636398315,0.00169,0.00006,0.00405,0.00283,0.00000,0.00087,0.00950
1598870287.866318941116333,0.00181,0.00006,0.00001,0.00288,0.00000,0.00130,0.00606
1598870287.900770187377930,0.00198,0.00010,0.00209,0.00283,0.00000,0.00107,0.00807
1598870287.935440063476562,0.00202,0.00009,0.00069,0.00283,0.00000,0.00097,0.00661
1598870287.968572139739990,0.00191,0.00008,0.00055,0.00304,0.00000,0.00079,0.00638
1598870288.002808809280396,0.00209,0.00010,0.00001,0.00282,0.00000,0.00108,0.00609
1598870288.036116838455200,0.00165,0.00006,0.00110,0.00276,0.00000,0.00085,0.00642
1598870288.069939136505127,0.00173,0.00007,0.00014,0.00277,0.00000,0.00086,0.00557
1598870288.104657173156738,0.00179,0.00008,0.00142,0.00255,0.00074,0.00102,0.00759
1598870288.138316869735718,0.00151,0.00008,0.00170,0.00267,0.00003,0.00075,0.00674
1598870288.171854257583618,0.00196,0.00008,0.00001,0.00286,0.00000,0.00107,0.00598
1598870288.205959558486938,0.00172,0.00007,0.00001,0.00286,0.00057,0.00087,0.00609
1598870288.239133834838867,0.00168,0.00008,0.00384,0.00297,0.00000,0.00082,0.00940
1598870288.272165298461914,0.00188,0.00006,0.00001,0.00294,0.00000,0.00085,0.00574
1598870288.306102275848389,0.00192,0.00006,0.00213,0.00294,0.00000,0.00086,0.00792
1598870288.340182781219482,0.00190,0.00007,0.00061,0.00292,0.00000,0.00081,0.00631
1598870288.374627113342285,0.00202,0.00011,0.00058,0.00293,0.00000,0.00101,0.00665
1598870288.408836841583252,0.00166,0.00006,0.00001,0.00278,0.00000,0.00075,0.00525
1598870288.442041397094727,0.00216,0.00014,0.00057,0.00294,0.00000,0.00109,0.00690
1598870288.476120710372925,0.00169,0.00006,0.00012,0.00301,0.00000,0.00094,0.00583
1598870288.510183572769165,0.00182,0.00006,0.00144,0.00294,0.00000,0.00085,0.00711
1598870288.544507503509521,0.00167,0.00006,0.00177,0.00293,0.00000,0.00084,0.00726
1598870288.610880374908447,0.00186,0.00007,0.00001,0.00295,0.00000,0.00123,0.00612
1598870288.645016670227051,0.00184,0.00009,0.00002,0.00287,0.00000,0.00096,0.00578
1598870288.678944110870361,0.00174,0.00007,0.00352,0.00289,0.00000,0.00089,0.00911
1598870288.712610244750977,0.00244,0.00006,0.00003,0.00275,0.00000,0.00087,0.00615
1598870288.745014667510986,0.00206,0.00010,0.00204,0.00296,0.00059,0.00107,0.00882
1598870288.780456304550171,0.00264,0.00006,0.00062,0.00284,0.00000,0.00078,0.00694
1598870288.813970327377319,0.00221,0.00009,0.00054,0.00290,0.00000,0.00112,0.00687
1598870288.846907615661621,0.00190,0.00006,0.00003,0.00294,0.00000,0.00091,0.00584
1598870288.881836175918579,0.00191,0.00006,0.00058,0.00288,0.00000,0.00129,0.00674
1598870288.914328098297119,0.00193,0.00009,0.00006,0.00296,0.00000,0.00102,0.00605
1598870288.949527740478516,0.00220,0.00010,0.00142,0.00290,0.00000,0.00117,0.00778
1598870288.982429742813110,0.00195,0.00005,0.00167,0.00291,0.00000,0.00095,0.00754
1598870289.016887187957764,0.00222,0.00011,0.00001,0.00292,0.00000,0.00109,0.00635
1598870289.050097703933716,0.00216,0.00009,0.00001,0.00311,0.00000,0.00087,0.00624
1598870289.084304571151733,0.00213,0.00008,0.00782,0.00290,0.00000,0.00115,0.01409
1598870289.118196487426758,0.00193,0.00007,0.00027,0.00291,0.00000,0.00097,0.00615
1598870289.151514768600464,0.00187,0.00006,0.00175,0.00302,0.00000,0.00116,0.00786
1598870289.185456275939941,0.00210,0.00008,0.00063,0.00291,0.00000,0.00112,0.00685
1598870289.219361066818237,0.00193,0.00006,0.00055,0.00291,0.00000,0.00096,0.00641
1598870289.253669500350952,0.00188,0.00007,0.00001,0.00293,0.00000,0.00092,0.00580
1598870289.287458658218384,0.00188,0.00006,0.00058,0.00279,0.00000,0.00090,0.00622
1598870289.321611642837524,0.00213,0.00011,0.00006,0.00275,0.00000,0.00106,0.00611
1598870289.355271577835083,0.00221,0.00008,0.00146,0.00272,0.00002,0.00113,0.00762
1598870289.389565467834473,0.00205,0.00010,0.00157,0.00269,0.00003,0.00112,0.00756
1598870289.424722671508789,0.00204,0.00008,0.00001,0.00276,0.00000,0.00110,0.00598
1598870289.489248752593994,0.00201,0.00013,0.00008,0.00283,0.00000,0.00092,0.00597
1598870289.524182319641113,0.00184,0.00006,0.00680,0.00266,0.00065,0.00112,0.01314
1598870289.558700084686279,0.00218,0.00008,0.00001,0.00309,0.00033,0.00107,0.00676
1598870289.624892234802246,0.00206,0.00008,0.00163,0.00292,0.00000,0.00092,0.00761
1598870289.657873868942261,0.00207,0.00007,0.00062,0.00283,0.00000,0.00085,0.00644
1598870289.692105293273926,0.00191,0.00006,0.00053,0.00273,0.00000,0.00088,0.00612
1598870289.726406574249268,0.00189,0.00006,0.00001,0.00287,0.00000,0.00088,0.00571
1598870289.759825468063354,0.00174,0.00006,0.00060,0.00269,0.00007,0.00090,0.00606
1598870289.794101953506470,0.00190,0.00006,0.00013,0.00292,0.00000,0.00086,0.00587
1598870289.831056356430054,0.00186,0.00006,0.00167,0.00290,0.00000,0.00089,0.00739
1598870289.893860340118408,0.00189,0.00007,0.00171,0.00285,0.00000,0.00088,0.00742
1598870289.928991794586182,0.00193,0.00006,0.00044,0.00282,0.00000,0.00089,0.00614
1598870289.962318658828735,0.00187,0.00006,0.00001,0.00287,0.00000,0.00086,0.00567
1598870289.995493173599243,0.00181,0.00006,0.00616,0.00259,0.00000,0.00083,0.01145
1598870290.029505968093872,0.00183,0.00006,0.00032,0.00284,0.00000,0.00105,0.00610
1598870290.062848091125488,0.00195,0.00007,0.00001,0.00272,0.00042,0.00107,0.00626
1598870290.097361564636230,0.00191,0.00007,0.00014,0.00266,0.00055,0.00092,0.00626
1598870290.130447387695312,0.00184,0.00006,0.00001,0.00248,0.00056,0.00112,0.00608
1598870290.165419340133667,0.00187,0.00006,0.00002,0.00261,0.00002,0.00087,0.00546
1598870290.197910785675049,0.00217,0.00009,0.00014,0.00254,0.00067,0.00103,0.00664
1598870290.231307029724121,0.00220,0.00009,0.00004,0.00287,0.00002,0.00106,0.00629
1598870290.266035079956055,0.00190,0.00009,0.00142,0.00271,0.00056,0.00108,0.00776
1598870290.299223661422729,0.00204,0.00009,0.00105,0.00295,0.00000,0.00109,0.00722
1598870290.334637165069580,0.00185,0.00007,0.00001,0.00297,0.00000,0.00090,0.00580
1598870290.367374897003174,0.00180,0.00006,0.00001,0.00284,0.00000,0.00089,0.00559
1598870290.399946212768555,0.00205,0.00007,0.00561,0.00270,0.00000,0.00086,0.01129
1598870290.433639049530029,0.00185,0.00008,0.00003,0.00273,0.00002,0.00089,0.00561
1598870290.466542243957520,0.00190,0.00006,0.00002,0.00255,0.00002,0.00083,0.00537
1598870290.500916004180908,0.00178,0.00006,0.00001,0.00269,0.00016,0.00139,0.00609
1598870290.536269187927246,0.00210,0.00008,0.00003,0.00266,0.00007,0.00117,0.00611
1598870290.568841457366943,0.00195,0.00009,0.00001,0.00263,0.00003,0.00103,0.00574
1598870290.602976799011230,0.00194,0.00007,0.00003,0.00252,0.00035,0.00103,0.00595
1598870290.637154102325439,0.00180,0.00008,0.00003,0.00269,0.00002,0.00083,0.00546
1598870290.670458316802979,0.00178,0.00006,0.00122,0.00278,0.00015,0.00108,0.00707
1598870290.704645156860352,0.00206,0.00009,0.00134,0.00262,0.00058,0.00107,0.00775
1598870290.737094879150391,0.00185,0.00009,0.00001,0.00269,0.00000,0.00102,0.00566
1598870290.771424293518066,0.00210,0.00010,0.00048,0.00268,0.00007,0.00103,0.00646
1598870290.805649042129517,0.00181,0.00006,0.00608,0.00304,0.00062,0.00105,0.01268
1598870290.838855504989624,0.00205,0.00008,0.00004,0.00296,0.00000,0.00102,0.00615
1598870290.873824357986450,0.00186,0.00006,0.00052,0.00313,0.00000,0.00089,0.00647
1598870290.906406879425049,0.00175,0.00006,0.00011,0.00300,0.00000,0.00089,0.00582
1598870290.940570592880249,0.00172,0.00007,0.00001,0.00276,0.00000,0.00134,0.00590
1598870290.974960088729858,0.00207,0.00013,0.00008,0.00264,0.00007,0.00114,0.00613
1598870291.008296012878418,0.00226,0.00010,0.00029,0.00251,0.00006,0.00137,0.00658
1598870291.042304039001465,0.00210,0.00014,0.00015,0.00283,0.00001,0.00111,0.00634
1598870291.076041698455811,0.00241,0.00012,0.00131,0.00285,0.00057,0.00119,0.00846
1598870291.109178304672241,0.00284,0.00011,0.00088,0.00297,0.00000,0.00130,0.00810
1598870291.142765283584595,0.00198,0.00007,0.00007,0.00276,0.00010,0.00095,0.00593
1598870291.178126573562622,0.00223,0.00010,0.00001,0.00293,0.00000,0.00098,0.00626
1598870291.210619449615479,0.00229,0.00012,0.00571,0.00292,0.00000,0.00101,0.01205
1598870291.244258642196655,0.00211,0.00010,0.00006,0.00303,0.00000,0.00140,0.00670
1598870291.278455972671509,0.00198,0.00009,0.00038,0.00289,0.00000,0.00106,0.00640
1598870291.312244415283203,0.00186,0.00006,0.00015,0.00284,0.00000,0.00085,0.00576
1598870291.346035480499268,0.00235,0.00006,0.00013,0.00280,0.00000,0.00109,0.00643
1598870291.380374431610107,0.00210,0.00008,0.00013,0.00254,0.00001,0.00086,0.00572
1598870291.412913799285889,0.00203,0.00007,0.00014,0.00250,0.00010,0.00083,0.00566
1598870291.446465969085693,0.00193,0.00007,0.00030,0.00258,0.00008,0.00080,0.00577
1598870291.482252120971680,0.00199,0.00008,0.00092,0.00267,0.00003,0.00084,0.00653
1598870291.521304607391357,0.00185,0.00006,0.00091,0.00278,0.00005,0.00109,0.00673
1598870291.582179069519043,0.00208,0.00009,0.00001,0.00268,0.00000,0.00103,0.00589
1598870291.615023374557495,0.00173,0.00006,0.00004,0.00258,0.00008,0.00081,0.00529
1598870291.648883819580078,0.00170,0.00006,0.00468,0.00265,0.00009,0.00083,0.01002
1598870291.682868719100952,0.00168,0.00006,0.00003,0.00280,0.00052,0.00080,0.00588
1598870291.716654539108276,0.00185,0.00006,0.00001,0.00263,0.00000,0.00083,0.00538
1598870291.750274658203125,0.00164,0.00006,0.00172,0.00261,0.00059,0.00080,0.00743
1598870291.783909320831299,0.00164,0.00007,0.00001,0.00293,0.00000,0.00077,0.00541
1598870291.818091630935669,0.00199,0.00006,0.00007,0.00288,0.00000,0.00084,0.00585
1598870291.855566024780273,0.00188,0.00006,0.00007,0.00283,0.00000,0.00106,0.00591
1598870291.888439178466797,0.00195,0.00015,0.00026,0.00272,0.00003,0.00104,0.00616
1598870291.953626871109009,0.00240,0.00011,0.00056,0.00261,0.00050,0.00108,0.00726
1598870291.987589836120605,0.00214,0.00006,0.00080,0.00256,0.00000,0.00079,0.00636
1598870292.019970893859863,0.00190,0.00008,0.00028,0.00251,0.00006,0.00080,0.00564
1598870292.053399562835693,0.00182,0.00009,0.00002,0.00265,0.00001,0.00101,0.00560
1598870292.089491367340088,0.00177,0.00007,0.00357,0.00230,0.00025,0.00075,0.00872
1598870292.153793334960938,0.00213,0.00011,0.00008,0.00272,0.00000,0.00107,0.00611
1598870292.188554048538208,0.00196,0.00006,0.00001,0.00264,0.00000,0.00115,0.00582
1598870292.223483085632324,0.00186,0.00006,0.00116,0.00278,0.00122,0.00095,0.00803
1598870292.256665706634521,0.00214,0.00009,0.00013,0.00284,0.00000,0.00105,0.00626
1598870292.289438486099243,0.00230,0.00012,0.00118,0.00254,0.00003,0.00076,0.00693
1598870292.324309110641479,0.00193,0.00006,0.00005,0.00266,0.00008,0.00077,0.00555
1598870292.357817173004150,0.00189,0.00006,0.00009,0.00305,0.00009,0.00075,0.00593
1598870292.391098976135254,0.00170,0.00007,0.00005,0.00300,0.00060,0.00076,0.00619
1598870292.425274372100830,0.00181,0.00006,0.00074,0.00292,0.00000,0.00081,0.00634
1598870292.491717815399170,0.00214,0.00012,0.00006,0.00317,0.00000,0.00122,0.00671
1598870292.525535583496094,0.00177,0.00006,0.00004,0.00279,0.00000,0.00086,0.00553
1598870292.559124946594238,0.00210,0.00009,0.00370,0.00291,0.00000,0.00100,0.00980
1598870292.592759609222412,0.00203,0.00007,0.00008,0.00300,0.00000,0.00076,0.00595
1598870292.626389265060425,0.00186,0.00006,0.00001,0.00290,0.00000,0.00079,0.00561
1598870292.659091234207153,0.00174,0.00006,0.00116,0.00290,0.00000,0.00105,0.00691
1598870292.691873788833618,0.00201,0.00008,0.00003,0.00306,0.00000,0.00102,0.00620
1598870292.726141452789307,0.00194,0.00006,0.00106,0.00309,0.00000,0.00106,0.00721
1598870292.758886337280273,0.00220,0.00008,0.00020,0.00291,0.00000,0.00122,0.00662
1598870292.792316913604736,0.00181,0.00006,0.00013,0.00286,0.00000,0.00117,0.00602
1598870292.826213121414185,0.00224,0.00009,0.00006,0.00306,0.00000,0.00098,0.00643
1598870292.860786676406860,0.00183,0.00008,0.00026,0.00292,0.00000,0.00082,0.00590
1598870292.893472909927368,0.00197,0.00006,0.00025,0.00301,0.00000,0.00085,0.00614
1598870292.926038742065430,0.00202,0.00011,0.00016,0.00278,0.00000,0.00094,0.00600
1598870292.960810184478760,0.00196,0.00008,0.00307,0.00280,0.00000,0.00079,0.00871
1598870292.993544816970825,0.00200,0.00009,0.00009,0.00293,0.00000,0.00107,0.00619
1598870293.027984380722046,0.00180,0.00006,0.00008,0.00288,0.00000,0.00084,0.00565
1598870293.062255859375000,0.00182,0.00007,0.00115,0.00285,0.00000,0.00081,0.00670
1598870293.128624439239502,0.00185,0.00007,0.00056,0.00277,0.00000,0.00113,0.00639
1598870293.162288427352905,0.00199,0.00008,0.00121,0.00290,0.00007,0.00103,0.00729
1598870293.196310281753540,0.00185,0.00007,0.00017,0.00283,0.00000,0.00080,0.00573
1598870293.228812456130981,0.00209,0.00006,0.00015,0.00282,0.00000,0.00080,0.00591
1598870293.261931896209717,0.00211,0.00007,0.00003,0.00281,0.00002,0.00083,0.00587
1598870293.295718431472778,0.00203,0.00006,0.00166,0.00273,0.00004,0.00105,0.00757
1598870293.328383922576904,0.00237,0.00008,0.00106,0.00276,0.00055,0.00102,0.00784
1598870293.362106084823608,0.00225,0.00009,0.00035,0.00286,0.00000,0.00123,0.00678
1598870293.396272659301758,0.00212,0.00009,0.00201,0.00308,0.00000,0.00100,0.00831
1598870293.429452419281006,0.00195,0.00007,0.00006,0.00270,0.00000,0.00081,0.00560
1598870293.463033914566040,0.00196,0.00006,0.00003,0.00265,0.00000,0.00078,0.00549
1598870293.496403455734253,0.00194,0.00009,0.00120,0.00288,0.00014,0.00098,0.00723
1598870293.529662370681763,0.00230,0.00009,0.00136,0.00283,0.00000,0.00101,0.00760
1598870293.563516139984131,0.00186,0.00006,0.00103,0.00277,0.00000,0.00078,0.00651
1598870293.630641460418701,0.00178,0.00008,0.00003,0.00312,0.00000,0.00075,0.00577
1598870293.663942337036133,0.00313,0.00007,0.00016,0.00275,0.00000,0.00081,0.00693
1598870293.696862459182739,0.00175,0.00007,0.00005,0.00273,0.00000,0.00077,0.00537
1598870293.738480091094971,0.00190,0.00006,0.00146,0.00269,0.00008,0.00107,0.00726
1598870293.799582004547119,0.00234,0.00013,0.00085,0.00264,0.00000,0.00110,0.00705
1598870293.831923723220825,0.00194,0.00006,0.00065,0.00255,0.00000,0.00097,0.00618
1598870293.864983558654785,0.00221,0.00014,0.00147,0.00256,0.00017,0.00108,0.00762
1598870293.931009531021118,0.00179,0.00007,0.00013,0.00247,0.00002,0.00118,0.00567
1598870293.965986013412476,0.00189,0.00012,0.00012,0.00244,0.00000,0.00105,0.00562
1598870294.031282663345337,0.00189,0.00008,0.00037,0.00228,0.00066,0.00086,0.00614
1598870294.064974546432495,0.00188,0.00009,0.00118,0.00261,0.00054,0.00079,0.00708
1598870294.097886562347412,0.00174,0.00006,0.00115,0.00269,0.00000,0.00081,0.00646
1598870294.132088899612427,0.00183,0.00006,0.00003,0.00249,0.00034,0.00077,0.00552
1598870294.165747642517090,0.00165,0.00006,0.00063,0.00251,0.00000,0.00082,0.00568
1598870294.198025703430176,0.00213,0.00010,0.00093,0.00235,0.00030,0.00102,0.00683
1598870294.232372760772705,0.00216,0.00009,0.00228,0.00254,0.00010,0.00102,0.00820
1598870294.265915155410767,0.00217,0.00007,0.00096,0.00259,0.00057,0.00081,0.00717
1598870294.301715373992920,0.00189,0.00007,0.00054,0.00266,0.00000,0.00080,0.00597
1598870294.367502450942993,0.00241,0.00008,0.00150,0.00273,0.00007,0.00081,0.00761
1598870294.434053897857666,0.00202,0.00007,0.00028,0.00278,0.00000,0.00103,0.00618
1598870294.468317508697510,0.00223,0.00012,0.00088,0.00259,0.00000,0.00118,0.00701
1598870294.534893035888672,0.00222,0.00012,0.00132,0.00255,0.00007,0.00107,0.00735
1598870294.568578720092773,0.00180,0.00007,0.00132,0.00300,0.00000,0.00085,0.00703
1598870294.602350473403931,0.00178,0.00006,0.00113,0.00278,0.00007,0.00084,0.00666
1598870294.636046171188354,0.00198,0.00006,0.00032,0.00283,0.00000,0.00089,0.00609
1598870294.669886827468872,0.00184,0.00006,0.00103,0.00268,0.00000,0.00086,0.00648
1598870294.702992200851440,0.00188,0.00006,0.00102,0.00269,0.00000,0.00081,0.00646
1598870294.736793518066406,0.00177,0.00009,0.00207,0.00266,0.00008,0.00093,0.00762
1598870294.770606756210327,0.00143,0.00005,0.00053,0.00266,0.00000,0.00070,0.00538
1598870294.804782152175903,0.00238,0.00010,0.00031,0.00300,0.00035,0.00142,0.00757
1598870294.838599920272827,0.00192,0.00006,0.00112,0.00280,0.00000,0.00085,0.00676
1598870294.872560501098633,0.00214,0.00011,0.00057,0.00275,0.00000,0.00099,0.00656
1598870294.938700914382935,0.00209,0.00009,0.00115,0.00264,0.00000,0.00104,0.00701
1598870294.972821950912476,0.00186,0.00007,0.00105,0.00250,0.00000,0.00083,0.00631
1598870295.006553411483765,0.00200,0.00007,0.00080,0.00247,0.00062,0.00080,0.00675
1598870295.040227651596069,0.00197,0.00006,0.00106,0.00259,0.00067,0.00086,0.00721
1598870295.073502540588379,0.00175,0.00006,0.00052,0.00276,0.00002,0.00082,0.00593
1598870295.107072591781616,0.00188,0.00006,0.00109,0.00240,0.00037,0.00078,0.00658
1598870295.141106605529785,0.00191,0.00015,0.00058,0.00260,0.00033,0.00094,0.00651
1598870295.175515174865723,0.00169,0.00007,0.00167,0.00255,0.00008,0.00111,0.00717
1598870295.208405017852783,0.00218,0.00014,0.00129,0.00310,0.00000,0.00097,0.00768
1598870295.242955684661865,0.00231,0.00008,0.00028,0.00283,0.00000,0.00117,0.00666
1598870295.276314258575439,0.00221,0.00008,0.00121,0.00284,0.00000,0.00074,0.00707
1598870295.310162067413330,0.00196,0.00006,0.00033,0.00285,0.00000,0.00115,0.00635
1598870295.343071699142456,0.00202,0.00008,0.00186,0.00307,0.00000,0.00099,0.00802
1598870295.377561807632446,0.00222,0.00010,0.00121,0.00279,0.00000,0.00141,0.00774
1598870295.411149978637695,0.00211,0.00013,0.00129,0.00274,0.00010,0.00096,0.00733
1598870295.444868087768555,0.00261,0.00009,0.00106,0.00257,0.00010,0.00140,0.00783
1598870295.478290557861328,0.00202,0.00013,0.00032,0.00259,0.00032,0.00096,0.00634
1598870295.512713909149170,0.00223,0.00008,0.00113,0.00261,0.00007,0.00111,0.00723
1598870295.545527458190918,0.00199,0.00007,0.00008,0.00282,0.00036,0.00111,0.00643
1598870295.580029010772705,0.00202,0.00013,0.00147,0.00270,0.00000,0.00129,0.00760
1598870295.615399837493896,0.00230,0.00009,0.00032,0.00277,0.00000,0.00112,0.00660
1598870295.648392438888550,0.00181,0.00009,0.00131,0.00268,0.00006,0.00081,0.00675
1598870295.716019868850708,0.00195,0.00008,0.00136,0.00274,0.00000,0.00133,0.00746
1598870295.752950191497803,0.00202,0.00009,0.00143,0.00260,0.00000,0.00107,0.00722
1598870295.818051815032959,0.00185,0.00009,0.00175,0.00267,0.00004,0.00112,0.00753
1598870295.881839275360107,0.00195,0.00011,0.00133,0.00249,0.00036,0.00106,0.00730
1598870295.915634632110596,0.00193,0.00009,0.00166,0.00262,0.00009,0.00085,0.00724
1598870295.949535846710205,0.00230,0.00031,0.00151,0.00254,0.00000,0.00127,0.00793
1598870296.014698505401611,0.00224,0.00012,0.00020,0.00232,0.00032,0.00096,0.00617
1598870296.050024032592773,0.00224,0.00009,0.00130,0.00235,0.00016,0.00145,0.00759
1598870296.082868099212646,0.00205,0.00008,0.00007,0.00248,0.00017,0.00088,0.00573
1598870296.124090433120728,0.00195,0.00008,0.00103,0.00242,0.00015,0.00088,0.00652
1598870296.182436943054199,0.00215,0.00014,0.00001,0.00262,0.00035,0.00130,0.00658
1598870296.218449354171753,0.00222,0.00011,0.00116,0.00263,0.00060,0.00106,0.00777
1598870296.283338069915771,0.00196,0.00013,0.00129,0.00279,0.00000,0.00115,0.00732
1598870296.316247940063477,0.00230,0.00008,0.00145,0.00259,0.00000,0.00084,0.00726
1598870296.349783182144165,0.00185,0.00007,0.00180,0.00266,0.00055,0.00081,0.00774
1598870296.382962465286255,0.00190,0.00006,0.00107,0.00269,0.00000,0.00103,0.00674
1598870296.416826248168945,0.00177,0.00006,0.00238,0.00274,0.00000,0.00082,0.00779
1598870296.450549125671387,0.00181,0.00006,0.00144,0.00270,0.00000,0.00082,0.00683
1598870296.486133098602295,0.00198,0.00006,0.00006,0.00271,0.00000,0.00092,0.00573
1598870296.550490856170654,0.00183,0.00007,0.00115,0.00243,0.00009,0.00085,0.00644
1598870296.586232662200928,0.00175,0.00006,0.00001,0.00245,0.00010,0.00085,0.00522
1598870296.620271921157837,0.00207,0.00011,0.00096,0.00269,0.00045,0.00099,0.00726
1598870296.652871370315552,0.00209,0.00010,0.00015,0.00251,0.00000,0.00127,0.00612
1598870296.686254978179932,0.00199,0.00009,0.00086,0.00239,0.00057,0.00089,0.00678
1598870296.720523118972778,0.00204,0.00007,0.00163,0.00244,0.00007,0.00081,0.00707
1598870296.753210783004761,0.00206,0.00006,0.00057,0.00251,0.00061,0.00120,0.00700
1598870296.786329269409180,0.00236,0.00008,0.00163,0.00256,0.00000,0.00085,0.00749
1598870296.821272611618042,0.00198,0.00006,0.00086,0.00261,0.00007,0.00083,0.00641
1598870296.855188846588135,0.00191,0.00006,0.00209,0.00267,0.00000,0.00082,0.00756
1598870296.889653682708740,0.00176,0.00006,0.00158,0.00273,0.00000,0.00087,0.00701
1598870296.956294536590576,0.00178,0.00007,0.00001,0.00301,0.00000,0.00106,0.00593
1598870296.989683866500854,0.00177,0.00007,0.00090,0.00276,0.00000,0.00092,0.00642
1598870297.022965431213379,0.00169,0.00006,0.00011,0.00268,0.00000,0.00088,0.00542
1598870297.056520462036133,0.00171,0.00006,0.00115,0.00270,0.00000,0.00083,0.00646
1598870297.089527130126953,0.00173,0.00006,0.00106,0.00183,0.00000,0.00081,0.00550
1598870297.124529838562012,0.00171,0.00010,0.00096,0.00231,0.00001,0.00116,0.00625
1598870297.157659530639648,0.00190,0.00009,0.00133,0.00194,0.00067,0.00102,0.00695
1598870297.190821886062622,0.00175,0.00009,0.00127,0.00224,0.00031,0.00083,0.00650
1598870297.225188255310059,0.00168,0.00009,0.00047,0.00228,0.00234,0.00082,0.00769
1598870297.258267164230347,0.00182,0.00006,0.00077,0.00289,0.00000,0.00155,0.00709
1598870297.292022466659546,0.00287,0.00010,0.00225,0.00289,0.00000,0.00130,0.00942
1598870297.326942443847656,0.00246,0.00007,0.00197,0.00281,0.00000,0.00089,0.00821
1598870297.359894990921021,0.00191,0.00006,0.00001,0.00314,0.00000,0.00084,0.00596
1598870297.394501686096191,0.00184,0.00006,0.00088,0.00315,0.00000,0.00090,0.00683
1598870297.427295923233032,0.00185,0.00006,0.00012,0.00288,0.00000,0.00087,0.00579
1598870297.460907936096191,0.00181,0.00007,0.00071,0.00282,0.00000,0.00092,0.00633
1598870297.493659734725952,0.00211,0.00010,0.00088,0.00304,0.00000,0.00100,0.00713
1598870297.527117729187012,0.00216,0.00010,0.00083,0.00277,0.00006,0.00140,0.00733
1598870297.562157154083252,0.00195,0.00013,0.00161,0.00280,0.00000,0.00103,0.00752
1598870297.595643997192383,0.00209,0.00013,0.00184,0.00280,0.00000,0.00115,0.00802
1598870297.628521442413330,0.00214,0.00006,0.00027,0.00282,0.00000,0.00087,0.00616
1598870297.664810895919800,0.00206,0.00011,0.00361,0.00286,0.00000,0.00110,0.00975
1598870297.730481147766113,0.00223,0.00011,0.00207,0.00268,0.00000,0.00112,0.00823
1598870297.764129161834717,0.00190,0.00006,0.00156,0.00271,0.00000,0.00097,0.00721
1598870297.798657417297363,0.00214,0.00011,0.00007,0.00279,0.00009,0.00098,0.00617
1598870297.831942558288574,0.00204,0.00010,0.00116,0.00277,0.00000,0.00109,0.00717
1598870297.866411447525024,0.00213,0.00010,0.00012,0.00266,0.00000,0.00118,0.00619
1598870297.898973941802979,0.00185,0.00006,0.00072,0.00262,0.00000,0.00098,0.00622
1598870297.932180404663086,0.00200,0.00006,0.00106,0.00267,0.00011,0.00093,0.00683
1598870297.966450691223145,0.00177,0.00005,0.00005,0.00273,0.00000,0.00088,0.00549
1598870297.998923540115356,0.00188,0.00005,0.00155,0.00270,0.00000,0.00139,0.00758
1598870298.032647371292114,0.00223,0.00010,0.00177,0.00277,0.00006,0.00108,0.00801
1598870298.066992521286011,0.00180,0.00007,0.00027,0.00279,0.00000,0.00091,0.00584
1598870298.101592779159546,0.00191,0.00006,0.00337,0.00272,0.00000,0.00089,0.00895
1598870298.134004354476929,0.00197,0.00014,0.00226,0.00300,0.00003,0.00103,0.00842
1598870298.167910575866699,0.00200,0.00010,0.00140,0.00273,0.00056,0.00138,0.00817
1598870298.201355457305908,0.00199,0.00006,0.00007,0.00282,0.00000,0.00092,0.00587
1598870298.236181974411011,0.00208,0.00006,0.00110,0.00284,0.00000,0.00111,0.00720
1598870298.302014589309692,0.00207,0.00010,0.00015,0.00233,0.00000,0.00099,0.00564
1598870298.336978435516357,0.00183,0.00007,0.00076,0.00242,0.00001,0.00079,0.00589
1598870298.404483556747437,0.00201,0.00010,0.00001,0.00220,0.00085,0.00108,0.00625
1598870298.437310457229614,0.00189,0.00007,0.00008,0.00240,0.00004,0.00142,0.00590
1598870298.470831394195557,0.00198,0.00007,0.00124,0.00242,0.00049,0.00105,0.00725
1598870298.504242420196533,0.00178,0.00007,0.00124,0.00232,0.00069,0.00086,0.00696
1598870298.537336587905884,0.00176,0.00005,0.00001,0.00281,0.00003,0.00087,0.00554
1598870298.571604967117310,0.00172,0.00006,0.00292,0.00241,0.00083,0.00084,0.00878
1598870298.605559587478638,0.00186,0.00006,0.00183,0.00274,0.00032,0.00100,0.00781
1598870298.639226436614990,0.00184,0.00007,0.00137,0.00285,0.00000,0.00083,0.00695
1598870298.673694133758545,0.00183,0.00006,0.00001,0.00293,0.00000,0.00081,0.00564
1598870298.706218957901001,0.00196,0.00007,0.00106,0.00286,0.00000,0.00109,0.00704
1598870298.740282773971558,0.00207,0.00008,0.00001,0.00282,0.00010,0.00106,0.00613
1598870298.773770093917847,0.00171,0.00005,0.00073,0.00258,0.00002,0.00089,0.00599
1598870298.807883977890015,0.00192,0.00009,0.00001,0.00267,0.00000,0.00100,0.00569
1598870298.841250896453857,0.00188,0.00018,0.00089,0.00253,0.00002,0.00104,0.00655
1598870298.874607563018799,0.00187,0.00013,0.00117,0.00238,0.00010,0.00101,0.00667
1598870298.908260822296143,0.00189,0.00010,0.00126,0.00248,0.00008,0.00104,0.00685
1598870298.943552732467651,0.00194,0.00013,0.00001,0.00260,0.00003,0.00101,0.00572
1598870298.976413965225220,0.00204,0.00008,0.00247,0.00267,0.00066,0.00085,0.00877
1598870299.042889833450317,0.00238,0.00010,0.00222,0.00259,0.00056,0.00108,0.00893
1598870299.077406406402588,0.00186,0.00006,0.00128,0.00285,0.00000,0.00105,0.00710
1598870299.111424207687378,0.00190,0.00007,0.00001,0.00283,0.00000,0.00086,0.00567
1598870299.144172906875610,0.00187,0.00006,0.00059,0.00279,0.00000,0.00085,0.00617
1598870299.177866697311401,0.00198,0.00006,0.00010,0.00280,0.00000,0.00082,0.00576
1598870299.211093664169312,0.00196,0.00005,0.00130,0.00279,0.00000,0.00082,0.00692
1598870299.245215892791748,0.00173,0.00007,0.00001,0.00291,0.00000,0.00080,0.00552
1598870299.277965068817139,0.00183,0.00010,0.00096,0.00268,0.00000,0.00104,0.00661
1598870299.310230970382690,0.00200,0.00011,0.00116,0.00270,0.00000,0.00075,0.00672
1598870299.344423294067383,0.00192,0.00010,0.00134,0.00278,0.00000,0.00088,0.00703
1598870299.377186775207520,0.00196,0.00008,0.00005,0.00284,0.00000,0.00109,0.00602
1598870299.420294046401978,0.00167,0.00006,0.00222,0.00272,0.00000,0.00082,0.00750
1598870299.479308366775513,0.00174,0.00007,0.00156,0.00277,0.00000,0.00106,0.00721
1598870299.511900186538696,0.00173,0.00011,0.00140,0.00271,0.00000,0.00102,0.00698
1598870299.544938564300537,0.00199,0.00008,0.00001,0.00284,0.00000,0.00107,0.00599
1598870299.578220844268799,0.00180,0.00006,0.00059,0.00270,0.00000,0.00083,0.00598
1598870299.612618446350098,0.00174,0.00006,0.00005,0.00269,0.00000,0.00082,0.00536
1598870299.646119356155396,0.00175,0.00006,0.00117,0.00264,0.00007,0.00080,0.00650
1598870299.712369441986084,0.00199,0.00008,0.00003,0.00272,0.00000,0.00085,0.00568
1598870299.746700525283813,0.00187,0.00010,0.00102,0.00260,0.00000,0.00111,0.00670
1598870299.811638593673706,0.00196,0.00011,0.00119,0.00264,0.00002,0.00107,0.00700
1598870299.845253705978394,0.00160,0.00008,0.00133,0.00247,0.00009,0.00100,0.00657
1598870299.880050659179688,0.00185,0.00010,0.00001,0.00305,0.00003,0.00115,0.00618
1598870299.912676334381104,0.00210,0.00015,0.00205,0.00259,0.00002,0.00100,0.00791
1598870299.946228265762329,0.00205,0.00009,0.00145,0.00263,0.00010,0.00114,0.00747
1598870299.979125499725342,0.00178,0.00006,0.00103,0.00267,0.00056,0.00100,0.00711
1598870300.013148784637451,0.00183,0.00006,0.00001,0.00284,0.00000,0.00126,0.00600
1598870300.045862436294556,0.00216,0.00013,0.00061,0.00276,0.00000,0.00115,0.00681
1598870300.079892396926880,0.00191,0.00008,0.00004,0.00283,0.00000,0.00104,0.00590
1598870300.113054752349854,0.00178,0.00007,0.00139,0.00272,0.00000,0.00086,0.00683
1598870300.146502733230591,0.00167,0.00006,0.00001,0.00268,0.00000,0.00083,0.00524
1598870300.180134773254395,0.00169,0.00006,0.00058,0.00266,0.00003,0.00081,0.00583
1598870300.213707685470581,0.00191,0.00008,0.00113,0.00254,0.00013,0.00098,0.00677
1598870300.248957872390747,0.00189,0.00009,0.00059,0.00259,0.00059,0.00102,0.00678
1598870300.313848257064819,0.00167,0.00008,0.00001,0.00284,0.00003,0.00082,0.00545
1598870300.346892118453979,0.00176,0.00006,0.00178,0.00265,0.00002,0.00080,0.00707
1598870300.379830121994019,0.00203,0.00008,0.00128,0.00260,0.00066,0.00119,0.00782
1598870300.412978172302246,0.00218,0.00009,0.00058,0.00281,0.00059,0.00126,0.00751
1598870300.447025537490845,0.00198,0.00006,0.00001,0.00277,0.00000,0.00086,0.00568
1598870300.480718374252319,0.00190,0.00006,0.00061,0.00295,0.00000,0.00107,0.00659
1598870300.547218084335327,0.00178,0.00007,0.00004,0.00294,0.00000,0.00079,0.00562
1598870300.581756353378296,0.00178,0.00006,0.00155,0.00296,0.00000,0.00079,0.00714
1598870300.614357471466064,0.00171,0.00006,0.00001,0.00294,0.00000,0.00077,0.00549
1598870300.646662235260010,0.00243,0.00006,0.00131,0.00291,0.00000,0.00119,0.00790
1598870300.681267261505127,0.00246,0.00008,0.00127,0.00277,0.00000,0.00128,0.00787
1598870300.714550495147705,0.00220,0.00014,0.00109,0.00276,0.00000,0.00105,0.00724
1598870300.748109817504883,0.00226,0.00008,0.00004,0.00305,0.00000,0.00094,0.00636
1598870300.781976938247681,0.00224,0.00010,0.00139,0.00266,0.00006,0.00140,0.00785
1598870300.814572811126709,0.00205,0.00006,0.00130,0.00275,0.00000,0.00093,0.00710
1598870300.848678827285767,0.00250,0.00010,0.00004,0.00278,0.00058,0.00111,0.00712
1598870300.881783485412598,0.00269,0.00012,0.00001,0.00296,0.00000,0.00113,0.00691
1598870300.914685249328613,0.00228,0.00008,0.00060,0.00290,0.00000,0.00119,0.00705
1598870300.947286367416382,0.00206,0.00006,0.00038,0.00294,0.00000,0.00090,0.00634
1598870300.981664180755615,0.00191,0.00006,0.00127,0.00293,0.00000,0.00116,0.00734
1598870301.015339136123657,0.00216,0.00009,0.00567,0.00293,0.00000,0.00107,0.01192
1598870301.048587322235107,0.00193,0.00006,0.00092,0.00287,0.00000,0.00089,0.00667
1598870301.081846952438354,0.00183,0.00006,0.00126,0.00279,0.00007,0.00085,0.00686
1598870301.115531206130981,0.00211,0.00007,0.00108,0.00325,0.00000,0.00095,0.00747
1598870301.148659229278564,0.00192,0.00006,0.00005,0.00297,0.00000,0.00085,0.00585
1598870301.182746887207031,0.00191,0.00006,0.00100,0.00285,0.00000,0.00087,0.00669
1598870301.215130567550659,0.00206,0.00006,0.00114,0.00283,0.00000,0.00085,0.00693
1598870301.248368740081787,0.00213,0.00014,0.00013,0.00288,0.00002,0.00109,0.00640
1598870301.281802415847778,0.00211,0.00009,0.00006,0.00274,0.00000,0.00103,0.00603
1598870301.316624164581299,0.00224,0.00009,0.00063,0.00266,0.00062,0.00112,0.00734
1598870301.349090337753296,0.00209,0.00012,0.00001,0.00292,0.00003,0.00112,0.00629
1598870301.382076501846313,0.00171,0.00006,0.00123,0.00277,0.00002,0.00088,0.00667
1598870301.414791345596313,0.00170,0.00005,0.00488,0.00286,0.00054,0.00083,0.01086
1598870301.450006246566772,0.00183,0.00007,0.00113,0.00303,0.00000,0.00082,0.00687
1598870301.483101844787598,0.00161,0.00006,0.00123,0.00290,0.00000,0.00080,0.00660
1598870301.516274213790894,0.00168,0.00006,0.00111,0.00283,0.00007,0.00085,0.00660
1598870301.583713054656982,0.00182,0.00007,0.00027,0.00302,0.00000,0.00084,0.00603
1598870301.616281747817993,0.00192,0.00006,0.00170,0.00296,0.00000,0.00084,0.00748
1598870301.649705648422241,0.00171,0.00006,0.00117,0.00295,0.00000,0.00081,0.00669
1598870301.683392524719238,0.00171,0.00006,0.00012,0.00299,0.00000,0.00084,0.00572
1598870301.717337608337402,0.00172,0.00006,0.00001,0.00298,0.00000,0.00082,0.00558
1598870301.750675201416016,0.00166,0.00006,0.00077,0.00298,0.00000,0.00082,0.00628
1598870301.784343719482422,0.00162,0.00006,0.00003,0.00290,0.00000,0.00084,0.00546
1598870301.818352937698364,0.00186,0.00006,0.00131,0.00281,0.00002,0.00089,0.00695
1598870301.884114503860474,0.00244,0.00008,0.00433,0.00285,0.00053,0.00086,0.01109
1598870301.916937112808228,0.00180,0.00006,0.00130,0.00289,0.00002,0.00083,0.00689
1598870301.950745105743408,0.00181,0.00006,0.00136,0.00287,0.00031,0.00093,0.00734
1598870301.984234094619751,0.00183,0.00006,0.00111,0.00328,0.00000,0.00114,0.00742
1598870302.017732858657837,0.00220,0.00009,0.00028,0.00305,0.00000,0.00114,0.00676
1598870302.050740003585815,0.00195,0.00006,0.00214,0.00306,0.00000,0.00085,0.00807
1598870302.084643840789795,0.00182,0.00006,0.00131,0.00293,0.00000,0.00089,0.00701
1598870302.118286609649658,0.00180,0.00006,0.00036,0.00316,0.00000,0.00119,0.00657
1598870302.151247024536133,0.00194,0.00007,0.00001,0.00296,0.00000,0.00089,0.00587
1598870302.184648752212524,0.00217,0.00008,0.00083,0.00283,0.00000,0.00118,0.00710
1598870302.217404127120972,0.00206,0.00006,0.00028,0.00298,0.00000,0.00089,0.00627
1598870302.251951694488525,0.00177,0.00006,0.00139,0.00285,0.00000,0.00103,0.00710
1598870302.285099267959595,0.00198,0.00010,0.00428,0.00283,0.00002,0.00085,0.01005
1598870302.318458795547485,0.00183,0.00006,0.00112,0.00383,0.00004,0.00123,0.00811
1598870302.351141452789307,0.00228,0.00009,0.00133,0.00286,0.00010,0.00110,0.00776
1598870302.417828798294067,0.00199,0.00008,0.00123,0.00284,0.00003,0.00114,0.00731
1598870302.451724529266357,0.00224,0.00009,0.00001,0.00271,0.00037,0.00103,0.00645
1598870302.518697977066040,0.00195,0.00009,0.00217,0.00291,0.00000,0.00085,0.00797
1598870302.552202463150024,0.00180,0.00005,0.00122,0.00273,0.00007,0.00087,0.00675
1598870302.585285902023315,0.00182,0.00006,0.00080,0.00319,0.00000,0.00084,0.00671
1598870302.618983507156372,0.00178,0.00006,0.00001,0.00309,0.00000,0.00084,0.00578
1598870302.651775598526001,0.00182,0.00006,0.00079,0.00290,0.00000,0.00085,0.00642
1598870302.685702085494995,0.00216,0.00006,0.00027,0.00295,0.00000,0.00085,0.00630
1598870302.718948602676392,0.00219,0.00009,0.00155,0.00288,0.00000,0.00113,0.00784
1598870302.752292156219482,0.00215,0.00010,0.00470,0.00296,0.00000,0.00111,0.01103
1598870302.785625219345093,0.00190,0.00007,0.00123,0.00294,0.00000,0.00084,0.00699
1598870302.819478034973145,0.00183,0.00006,0.00145,0.00297,0.00000,0.00085,0.00717
1598870302.853056669235229,0.00184,0.00006,0.00122,0.00313,0.00000,0.00117,0.00742
1598870302.886330842971802,0.00210,0.00010,0.00001,0.00314,0.00000,0.00109,0.00644
1598870302.919226646423340,0.00180,0.00006,0.00206,0.00317,0.00000,0.00125,0.00833
1598870302.953176736831665,0.00205,0.00009,0.00126,0.00296,0.00000,0.00112,0.00749
1598870302.985700130462646,0.00199,0.00006,0.00081,0.00304,0.00000,0.00118,0.00708
1598870303.019211053848267,0.00213,0.00010,0.00006,0.00282,0.00000,0.00119,0.00631
1598870303.053711175918579,0.00208,0.00006,0.00028,0.00280,0.00010,0.00098,0.00630
1598870303.119707822799683,0.00224,0.00012,0.00006,0.00264,0.00040,0.00106,0.00651
1598870303.152860879898071,0.00182,0.00007,0.00145,0.00282,0.00000,0.00112,0.00728
1598870303.187388658523560,0.00220,0.00011,0.00484,0.00306,0.00000,0.00095,0.01115
1598870303.253078222274780,0.00213,0.00008,0.00142,0.00283,0.00000,0.00099,0.00745
1598870303.286880493164062,0.00199,0.00006,0.00146,0.00312,0.00000,0.00083,0.00746
1598870303.320400714874268,0.00167,0.00006,0.00117,0.00269,0.00007,0.00097,0.00663
1598870303.353838443756104,0.00331,0.00010,0.00001,0.00306,0.00000,0.00127,0.00775
1598870303.386911153793335,0.00190,0.00007,0.00222,0.00302,0.00000,0.00093,0.00814
1598870303.420163154602051,0.00187,0.00006,0.00118,0.00282,0.00000,0.00091,0.00683
1598870303.453646898269653,0.00183,0.00006,0.00080,0.00281,0.00000,0.00089,0.00638
1598870303.486987829208374,0.00214,0.00012,0.00036,0.00338,0.00008,0.00103,0.00711
1598870303.520562171936035,0.00220,0.00009,0.00043,0.00282,0.00007,0.00113,0.00674
1598870303.554785490036011,0.00184,0.00007,0.00001,0.00283,0.00000,0.00095,0.00570
1598870303.621402740478516,0.00202,0.00008,0.00165,0.00245,0.00000,0.00113,0.00734
1598870303.654026746749878,0.00203,0.00009,0.00437,0.00279,0.00007,0.00110,0.01045
1598870303.687146186828613,0.00196,0.00007,0.00135,0.00255,0.00000,0.00090,0.00683
1598870303.720807313919067,0.00183,0.00006,0.00147,0.00255,0.00000,0.00092,0.00683
1598870303.754251718521118,0.00187,0.00006,0.00120,0.00239,0.00011,0.00090,0.00652
1598870303.787293910980225,0.00181,0.00006,0.00001,0.00280,0.00000,0.00151,0.00618
1598870303.820511341094971,0.00219,0.00007,0.00223,0.00234,0.00066,0.00111,0.00862
1598870303.854243040084839,0.00187,0.00006,0.00090,0.00261,0.00056,0.00085,0.00685
1598870303.887629508972168,0.00197,0.00006,0.00027,0.00284,0.00056,0.00113,0.00683
1598870303.922133207321167,0.00214,0.00009,0.00034,0.00289,0.00000,0.00102,0.00648
1598870303.988765239715576,0.00227,0.00010,0.00089,0.00287,0.00000,0.00141,0.00755
1598870304.021856784820557,0.00196,0.00006,0.00006,0.00259,0.00007,0.00090,0.00564
1598870304.056417703628540,0.00191,0.00006,0.00141,0.00305,0.00004,0.00109,0.00756
1598870304.121504306793213,0.00209,0.00011,0.00357,0.00270,0.00106,0.00104,0.01056
1598870304.154275894165039,0.00187,0.00007,0.00145,0.00310,0.00000,0.00090,0.00739
1598870304.195663690567017,0.00179,0.00006,0.00148,0.00299,0.00000,0.00087,0.00718
1598870304.255100250244141,0.00205,0.00012,0.00135,0.00340,0.00000,0.00109,0.00801
1598870304.288804292678833,0.00168,0.00006,0.00003,0.00292,0.00000,0.00078,0.00547
1598870304.321922540664673,0.00202,0.00010,0.00202,0.00301,0.00000,0.00112,0.00827
1598870304.355437040328979,0.00187,0.00006,0.00117,0.00303,0.00000,0.00085,0.00697
1598870304.389325618743896,0.00185,0.00011,0.00029,0.00289,0.00000,0.00100,0.00615
1598870304.459317207336426,0.00217,0.00015,0.00038,0.00280,0.00002,0.00104,0.00656
1598870304.522373199462891,0.00227,0.00007,0.00028,0.00286,0.00053,0.00087,0.00688
1598870304.557157516479492,0.00181,0.00007,0.00001,0.00321,0.00000,0.00114,0.00625
1598870304.621995210647583,0.00205,0.00010,0.00196,0.00287,0.00000,0.00104,0.00802
1598870304.656396627426147,0.00176,0.00008,0.00324,0.00290,0.00006,0.00085,0.00889
1598870304.721813440322876,0.00176,0.00008,0.00155,0.00304,0.00000,0.00084,0.00727
1598870304.756362915039062,0.00175,0.00006,0.00143,0.00297,0.00000,0.00083,0.00705
1598870304.789882183074951,0.00175,0.00006,0.00130,0.00300,0.00000,0.00088,0.00698
1598870304.822273969650269,0.00198,0.00010,0.00035,0.00288,0.00000,0.00099,0.00630
1598870304.857812643051147,0.00198,0.00011,0.00161,0.00283,0.00000,0.00109,0.00762
1598870304.922215700149536,0.00185,0.00008,0.00076,0.00271,0.00008,0.00084,0.00631
1598870304.955525875091553,0.00173,0.00007,0.00001,0.00283,0.00000,0.00083,0.00547
1598870304.989981174468994,0.00169,0.00006,0.00056,0.00260,0.00030,0.00085,0.00605
1598870305.023165225982666,0.00174,0.00006,0.00001,0.00280,0.00000,0.00082,0.00542
1598870305.056438446044922,0.00229,0.00006,0.00001,0.00282,0.00000,0.00095,0.00614
1598870305.089956045150757,0.00206,0.00006,0.00158,0.00272,0.00002,0.00087,0.00732
1598870305.122480392456055,0.00232,0.00009,0.00284,0.00248,0.00059,0.00117,0.00950
1598870305.156688928604126,0.00236,0.00014,0.00150,0.00266,0.00006,0.00108,0.00779
1598870305.222691535949707,0.00212,0.00032,0.00165,0.00281,0.00002,0.00146,0.00838
1598870305.256656885147095,0.00213,0.00010,0.00122,0.00307,0.00002,0.00111,0.00765
1598870305.290513992309570,0.00214,0.00018,0.00001,0.00267,0.00000,0.00137,0.00636
1598870305.325150012969971,0.00198,0.00008,0.00137,0.00270,0.00061,0.00109,0.00783
1598870305.390155553817749,0.00272,0.00011,0.00115,0.00262,0.00006,0.00112,0.00778
1598870305.423302173614502,0.00201,0.00006,0.00007,0.00269,0.00000,0.00097,0.00580
1598870305.459069967269897,0.00232,0.00013,0.00001,0.00264,0.00061,0.00106,0.00678
1598870305.497574567794800,0.00189,0.00007,0.00397,0.00269,0.00002,0.00095,0.00959
1598870305.558828353881836,0.00190,0.00007,0.00003,0.00260,0.00007,0.00091,0.00559
1598870305.591624498367310,0.00194,0.00006,0.00141,0.00294,0.00033,0.00085,0.00752
1598870305.624576330184937,0.00195,0.00006,0.00244,0.00279,0.00000,0.00108,0.00834
1598870305.657709836959839,0.00237,0.00019,0.00094,0.00280,0.00000,0.00159,0.00789
1598870305.690555810928345,0.00216,0.00013,0.00144,0.00250,0.00010,0.00139,0.00772
1598870305.724414825439453,0.00193,0.00006,0.00114,0.00269,0.00002,0.00077,0.00662
1598870305.791609048843384,0.00213,0.00011,0.00001,0.00276,0.00000,0.00131,0.00631
1598870305.824420690536499,0.00192,0.00008,0.00001,0.00274,0.00062,0.00111,0.00647
1598870305.856919527053833,0.00206,0.00010,0.00104,0.00296,0.00003,0.00110,0.00731
1598870305.890861034393311,0.00215,0.00008,0.00001,0.00283,0.00000,0.00138,0.00645
1598870305.924965858459473,0.00207,0.00008,0.00001,0.00282,0.00000,0.00087,0.00585
1598870305.958388328552246,0.00216,0.00013,0.00346,0.00267,0.00092,0.00101,0.01035
1598870305.991477251052856,0.00209,0.00013,0.00001,0.00308,0.00000,0.00090,0.00621
1598870306.024493455886841,0.00217,0.00008,0.00176,0.00300,0.00000,0.00168,0.00869
1598870306.057256698608398,0.00218,0.00012,0.00233,0.00279,0.00000,0.00088,0.00830
1598870306.092391252517700,0.00225,0.00019,0.00125,0.00271,0.00000,0.00152,0.00791
1598870306.158123731613159,0.00244,0.00019,0.00169,0.00291,0.00000,0.00104,0.00827
1598870306.190867662429810,0.00212,0.00009,0.00091,0.00260,0.00004,0.00153,0.00730
1598870306.226033449172974,0.00206,0.00013,0.00006,0.00253,0.00000,0.00102,0.00581
1598870306.258340358734131,0.00194,0.00007,0.00001,0.00244,0.00000,0.00116,0.00561
1598870306.291915893554688,0.00215,0.00009,0.00053,0.00304,0.00022,0.00083,0.00685
1598870306.326850891113281,0.00195,0.00009,0.00001,0.00256,0.00000,0.00112,0.00573
1598870306.392326831817627,0.00193,0.00008,0.00001,0.00261,0.00000,0.00118,0.00580
1598870306.431125879287720,0.00192,0.00006,0.00335,0.00253,0.00109,0.00088,0.00983
1598870306.496407032012939,0.00192,0.00008,0.00001,0.00325,0.00000,0.00108,0.00634
1598870306.529030561447144,0.00202,0.00009,0.00129,0.00281,0.00003,0.00114,0.00739
1598870306.592809438705444,0.00203,0.00007,0.00177,0.00300,0.00065,0.00104,0.00856
1598870306.659663200378418,0.00210,0.00012,0.00123,0.00292,0.00000,0.00110,0.00746
1598870306.692634344100952,0.00186,0.00007,0.00171,0.00305,0.00000,0.00101,0.00770
1598870306.727446079254150,0.00201,0.00008,0.00128,0.00270,0.00000,0.00134,0.00743
1598870306.792508602142334,0.00203,0.00010,0.00011,0.00285,0.00001,0.00099,0.00609
1598870306.826032876968384,0.00192,0.00006,0.00001,0.00284,0.00000,0.00085,0.00567
1598870306.860596895217896,0.00203,0.00007,0.00091,0.00257,0.00010,0.00147,0.00714
1598870306.893493413925171,0.00245,0.00010,0.00013,0.00260,0.00008,0.00107,0.00643
1598870306.927409172058105,0.00186,0.00007,0.00001,0.00272,0.00000,0.00084,0.00551
1598870306.993162155151367,0.00203,0.00015,0.00283,0.00258,0.00060,0.00098,0.00917
1598870307.026022195816040,0.00210,0.00008,0.00001,0.00281,0.00000,0.00110,0.00609
1598870307.060169219970703,0.00228,0.00014,0.00127,0.00261,0.00004,0.00115,0.00748
1598870307.092770099639893,0.00251,0.00008,0.00127,0.00286,0.00110,0.00095,0.00878
1598870307.126235008239746,0.00176,0.00008,0.00119,0.00291,0.00000,0.00072,0.00666
1598870307.159931182861328,0.00214,0.00009,0.00148,0.00346,0.00000,0.00123,0.00840
1598870307.193384885787964,0.00207,0.00013,0.00101,0.00278,0.00000,0.00104,0.00704
1598870307.227066516876221,0.00195,0.00007,0.00004,0.00284,0.00003,0.00106,0.00599
1598870307.260231018066406,0.00207,0.00007,0.00001,0.00288,0.00000,0.00084,0.00586
1598870307.294295310974121,0.00210,0.00007,0.00063,0.00284,0.00010,0.00079,0.00652
1598870307.326973438262939,0.00200,0.00015,0.00002,0.00330,0.00061,0.00120,0.00729
1598870307.360381126403809,0.00183,0.00006,0.00001,0.00294,0.00000,0.00077,0.00560
1598870307.392974853515625,0.00244,0.00009,0.00261,0.00313,0.00000,0.00155,0.00983
1598870307.426024436950684,0.00220,0.00009,0.00001,0.00313,0.00000,0.00097,0.00640
1598870307.461461544036865,0.00205,0.00018,0.00098,0.00276,0.00000,0.00136,0.00733
1598870307.528692722320557,0.00222,0.00011,0.00140,0.00271,0.00002,0.00118,0.00764
1598870307.561638832092285,0.00249,0.00007,0.00123,0.00260,0.00002,0.00134,0.00775
1598870307.595935821533203,0.00225,0.00008,0.00153,0.00231,0.00011,0.00089,0.00716
1598870307.629385232925415,0.00232,0.00013,0.00005,0.00249,0.00063,0.00137,0.00698
1598870307.665367603302002,0.00234,0.00010,0.00001,0.00271,0.00003,0.00112,0.00632
1598870307.731133460998535,0.00206,0.00008,0.00013,0.00264,0.00000,0.00098,0.00589
1598870307.797065019607544,0.00211,0.00008,0.00042,0.00227,0.00069,0.00115,0.00674
1598870307.830134630203247,0.00199,0.00006,0.00006,0.00277,0.00013,0.00101,0.00602
1598870307.865191459655762,0.00196,0.00009,0.00041,0.00272,0.00000,0.00107,0.00624
1598870307.933706521987915,0.00249,0.00011,0.00213,0.00276,0.00005,0.00111,0.00867
1598870307.970874309539795,0.00195,0.00010,0.00001,0.00277,0.00000,0.00101,0.00583
1598870308.034759998321533,0.00184,0.00014,0.00124,0.00261,0.00012,0.00115,0.00710
1598870308.068320274353027,0.00180,0.00006,0.00204,0.00259,0.00060,0.00081,0.00792
1598870308.133445024490356,0.00204,0.00015,0.00130,0.00248,0.00004,0.00113,0.00713
1598870308.198472499847412,0.00183,0.00010,0.00147,0.00263,0.00012,0.00086,0.00702
1598870308.233714580535889,0.00172,0.00008,0.00001,0.00257,0.00005,0.00090,0.00533
1598870308.266323566436768,0.00190,0.00006,0.00010,0.00243,0.00051,0.00084,0.00584
1598870308.301974296569824,0.00177,0.00006,0.00001,0.00255,0.00000,0.00082,0.00521
1598870308.365963220596313,0.00176,0.00008,0.00001,0.00235,0.00052,0.00082,0.00553
1598870308.398427248001099,0.00192,0.00007,0.00012,0.00234,0.00007,0.00079,0.00530
1598870308.433730125427246,0.00206,0.00006,0.00001,0.00272,0.00000,0.00100,0.00585
1598870308.498792648315430,0.00232,0.00015,0.00125,0.00225,0.00154,0.00094,0.00845
1598870308.534526824951172,0.00208,0.00010,0.00005,0.00268,0.00000,0.00102,0.00593
1598870308.566924810409546,0.00187,0.00006,0.00193,0.00275,0.00012,0.00080,0.00753
1598870308.602224588394165,0.00189,0.00006,0.00139,0.00266,0.00102,0.00108,0.00810
1598870308.666200160980225,0.00228,0.00016,0.00169,0.00277,0.00000,0.00106,0.00796
1598870308.698833942413330,0.00226,0.00009,0.00155,0.00266,0.00002,0.00109,0.00767
1598870308.733867645263672,0.00224,0.00008,0.00003,0.00263,0.00002,0.00104,0.00605
1598870308.766629457473755,0.00208,0.00014,0.00005,0.00279,0.00001,0.00095,0.00602
1598870308.800263881683350,0.00216,0.00009,0.00020,0.00270,0.00008,0.00103,0.00625
1598870308.832990169525146,0.00178,0.00007,0.00006,0.00219,0.00018,0.00082,0.00510
1598870308.867453813552856,0.00183,0.00005,0.00001,0.00224,0.00011,0.00081,0.00505
1598870308.939990758895874,0.00181,0.00007,0.00008,0.00216,0.00003,0.00079,0.00496
1598870308.999533176422119,0.00181,0.00010,0.00001,0.00217,0.00166,0.00081,0.00656
1598870309.034616231918335,0.00172,0.00009,0.00017,0.00264,0.00004,0.00107,0.00573
1598870309.099812507629395,0.00196,0.00009,0.00149,0.00233,0.00016,0.00104,0.00708
1598870309.134062528610229,0.00175,0.00008,0.00043,0.00222,0.00151,0.00087,0.00686
1598870309.168862342834473,0.00180,0.00006,0.00151,0.00251,0.00038,0.00074,0.00700
1598870309.201294660568237,0.00201,0.00013,0.00125,0.00255,0.00108,0.00125,0.00827
1598870309.234813928604126,0.00212,0.00010,0.00005,0.00333,0.00036,0.00102,0.00697
1598870309.267458438873291,0.00199,0.00007,0.00057,0.00298,0.00000,0.00120,0.00680
1598870309.300694704055786,0.00199,0.00006,0.00053,0.00299,0.00000,0.00082,0.00639
1598870309.334193229675293,0.00200,0.00011,0.00024,0.00297,0.00000,0.00128,0.00660
1598870309.367995023727417,0.00260,0.00014,0.00021,0.00300,0.00000,0.00103,0.00698
1598870309.400921821594238,0.00195,0.00006,0.00056,0.00283,0.00003,0.00105,0.00647
1598870309.440490961074829,0.00193,0.00006,0.00002,0.00312,0.00038,0.00094,0.00646
1598870309.501594305038452,0.00221,0.00019,0.00041,0.00266,0.00071,0.00146,0.00764
1598870309.534695625305176,0.00186,0.00007,0.00169,0.00286,0.00000,0.00142,0.00791
1598870309.572550296783447,0.00220,0.00021,0.00013,0.00294,0.00000,0.00151,0.00699
1598870309.635331869125366,0.00182,0.00008,0.00169,0.00300,0.00000,0.00111,0.00771
1598870309.670834779739380,0.00198,0.00018,0.00140,0.00275,0.00000,0.00110,0.00742
1598870309.705141544342041,0.00212,0.00013,0.00066,0.00263,0.00055,0.00142,0.00751
1598870309.768297433853149,0.00228,0.00014,0.00067,0.00271,0.00002,0.00104,0.00687
1598870309.809315204620361,0.00208,0.00008,0.00055,0.00283,0.00034,0.00105,0.00693
1598870309.869074583053589,0.00209,0.00009,0.00136,0.00281,0.00000,0.00084,0.00720
1598870309.904129743576050,0.00213,0.00015,0.00089,0.00270,0.00000,0.00094,0.00682
1598870309.936667442321777,0.00204,0.00009,0.00085,0.00273,0.00063,0.00124,0.00758
1598870310.001741647720337,0.00196,0.00008,0.00001,0.00259,0.00000,0.00085,0.00550
1598870310.034832954406738,0.00206,0.00006,0.00005,0.00253,0.00000,0.00120,0.00590
1598870310.068719863891602,0.00196,0.00008,0.00191,0.00258,0.00013,0.00105,0.00771
1598870310.102369308471680,0.00206,0.00008,0.00014,0.00250,0.00000,0.00136,0.00614
1598870310.136732816696167,0.00222,0.00006,0.00121,0.00232,0.00152,0.00083,0.00817
1598870310.169422864913940,0.00205,0.00007,0.00185,0.00265,0.00000,0.00081,0.00744
1598870310.203517913818359,0.00203,0.00007,0.00029,0.00302,0.00039,0.00125,0.00705
1598870310.239595174789429,0.00207,0.00012,0.00005,0.00291,0.00000,0.00107,0.00622
1598870310.273809671401978,0.00204,0.00006,0.00055,0.00299,0.00000,0.00121,0.00685
1598870310.307183980941772,0.00209,0.00008,0.00120,0.00257,0.00061,0.00084,0.00740
1598870310.371372938156128,0.00217,0.00008,0.00058,0.00252,0.00000,0.00112,0.00647
1598870310.404255628585815,0.00210,0.00011,0.00057,0.00311,0.00008,0.00105,0.00702
1598870310.436534881591797,0.00222,0.00006,0.00154,0.00238,0.00061,0.00120,0.00802
1598870310.470720529556274,0.00250,0.00012,0.00019,0.00302,0.00000,0.00077,0.00659
1598870310.504426240921021,0.00195,0.00016,0.00167,0.00292,0.00014,0.00153,0.00837
1598870310.537489891052246,0.00249,0.00009,0.00005,0.00270,0.00008,0.00100,0.00641
1598870310.571266412734985,0.00198,0.00007,0.00082,0.00263,0.00055,0.00079,0.00685
1598870310.605053901672363,0.00205,0.00006,0.00193,0.00270,0.00000,0.00082,0.00756
1598870310.638018369674683,0.00201,0.00006,0.00055,0.00258,0.00000,0.00077,0.00597
1598870310.671580791473389,0.00214,0.00006,0.00036,0.00276,0.00013,0.00075,0.00620
1598870310.705401659011841,0.00173,0.00006,0.00106,0.00281,0.00000,0.00079,0.00644
1598870310.739204883575439,0.00213,0.00014,0.00110,0.00284,0.00000,0.00122,0.00742
1598870310.772855758666992,0.00203,0.00009,0.00109,0.00272,0.00000,0.00102,0.00695
1598870310.806111335754395,0.00182,0.00010,0.00122,0.00276,0.00000,0.00114,0.00704
1598870310.839743137359619,0.00214,0.00008,0.00242,0.00270,0.00000,0.00098,0.00834
1598870310.874024629592896,0.00203,0.00006,0.00001,0.00308,0.00000,0.00104,0.00622
1598870310.906900644302368,0.00201,0.00007,0.00163,0.00260,0.00003,0.00082,0.00717
1598870310.940975666046143,0.00187,0.00006,0.00003,0.00277,0.00040,0.00101,0.00615
1598870310.974609851837158,0.00195,0.00008,0.00009,0.00260,0.00091,0.00126,0.00690
1598870311.007160425186157,0.00195,0.00006,0.00192,0.00284,0.00000,0.00084,0.00762
1598870311.040788173675537,0.00172,0.00006,0.00082,0.00282,0.00000,0.00081,0.00624
1598870311.074858665466309,0.00202,0.00008,0.00053,0.00295,0.00000,0.00113,0.00672
1598870311.108063459396362,0.00217,0.00009,0.00086,0.00288,0.00000,0.00130,0.00729
1598870311.142081022262573,0.00188,0.00006,0.00064,0.00285,0.00000,0.00086,0.00630
1598870311.175188302993774,0.00205,0.00007,0.00086,0.00282,0.00000,0.00110,0.00690
1598870311.210240602493286,0.00216,0.00006,0.00084,0.00280,0.00000,0.00076,0.00663
1598870311.243440866470337,0.00228,0.00010,0.00269,0.00278,0.00000,0.00127,0.00913
1598870311.276279926300049,0.00206,0.00010,0.00005,0.00292,0.00000,0.00103,0.00616
1598870311.308954238891602,0.00189,0.00010,0.00190,0.00291,0.00000,0.00078,0.00758
1598870311.341447830200195,0.00189,0.00007,0.00007,0.00288,0.00000,0.00106,0.00598
1598870311.375050306320190,0.00211,0.00014,0.00066,0.00276,0.00000,0.00120,0.00686
1598870311.411417007446289,0.00211,0.00010,0.00197,0.00284,0.00000,0.00098,0.00800
1598870311.444838523864746,0.00182,0.00007,0.00082,0.00286,0.00000,0.00104,0.00662
1598870311.509150505065918,0.00206,0.00007,0.00027,0.00286,0.00000,0.00079,0.00606
1598870311.542407035827637,0.00205,0.00010,0.00091,0.00259,0.00000,0.00113,0.00679
1598870311.575533390045166,0.00225,0.00011,0.00040,0.00267,0.00010,0.00105,0.00658
1598870311.609024286270142,0.00195,0.00011,0.00073,0.00262,0.00031,0.00080,0.00652
1598870311.650062084197998,0.00196,0.00007,0.00078,0.00241,0.00003,0.00106,0.00632
1598870311.711825609207153,0.00200,0.00009,0.00202,0.00239,0.00031,0.00096,0.00778
1598870311.744634389877319,0.00196,0.00007,0.00001,0.00248,0.00000,0.00085,0.00536
1598870311.777081012725830,0.00205,0.00013,0.00205,0.00226,0.00023,0.00109,0.00782
1598870311.811336517333984,0.00192,0.00006,0.00014,0.00250,0.00000,0.00073,0.00534
1598870311.846239805221558,0.00205,0.00010,0.00020,0.00259,0.00070,0.00102,0.00665
1598870311.879344940185547,0.00183,0.00006,0.00197,0.00265,0.00011,0.00107,0.00769
1598870311.942387819290161,0.00215,0.00010,0.00055,0.00278,0.00051,0.00105,0.00715
1598870311.976234436035156,0.00175,0.00008,0.00044,0.00287,0.00000,0.00082,0.00596
1598870312.009027004241943,0.00192,0.00007,0.00122,0.00280,0.00000,0.00105,0.00707
1598870312.042094707489014,0.00192,0.00006,0.00043,0.00294,0.00015,0.00107,0.00656
1598870312.075791597366333,0.00208,0.00009,0.00057,0.00275,0.00036,0.00145,0.00729
1598870312.108643531799316,0.00189,0.00011,0.00102,0.00242,0.00000,0.00095,0.00639
1598870312.142673492431641,0.00213,0.00007,0.00285,0.00258,0.00007,0.00112,0.00883
1598870312.176505088806152,0.00200,0.00006,0.00011,0.00244,0.00006,0.00128,0.00595
1598870312.209970474243164,0.00209,0.00007,0.00182,0.00254,0.00042,0.00122,0.00817
1598870312.243018627166748,0.00198,0.00010,0.00001,0.00270,0.00000,0.00079,0.00558
1598870312.277044057846069,0.00220,0.00015,0.00011,0.00258,0.00011,0.00127,0.00642
1598870312.309763908386230,0.00227,0.00009,0.00178,0.00255,0.00018,0.00106,0.00792
1598870312.343739271163940,0.00193,0.00006,0.00001,0.00253,0.00054,0.00087,0.00594
1598870312.377301931381226,0.00195,0.00007,0.00011,0.00253,0.00042,0.00132,0.00640
1598870312.443127632141113,0.00189,0.00007,0.00114,0.00256,0.00000,0.00087,0.00654
1598870312.476882457733154,0.00227,0.00007,0.00053,0.00259,0.00000,0.00122,0.00667
1598870312.509310007095337,0.00206,0.00014,0.00069,0.00243,0.00009,0.00097,0.00636
1598870312.543951749801636,0.00225,0.00011,0.00159,0.00262,0.00054,0.00118,0.00828
1598870312.576679706573486,0.00218,0.00007,0.00257,0.00269,0.00000,0.00119,0.00870
1598870312.613523244857788,0.00195,0.00008,0.00014,0.00259,0.00000,0.00102,0.00578
1598870312.677949905395508,0.00205,0.00008,0.00184,0.00304,0.00015,0.00099,0.00814
1598870312.712912797927856,0.00193,0.00013,0.00001,0.00275,0.00000,0.00113,0.00595
1598870312.745802640914917,0.00194,0.00010,0.00024,0.00264,0.00011,0.00108,0.00611
1598870312.778191804885864,0.00198,0.00010,0.00202,0.00318,0.00056,0.00096,0.00881
1598870312.812416076660156,0.00215,0.00010,0.00018,0.00310,0.00000,0.00089,0.00641
1598870312.877424240112305,0.00225,0.00016,0.00001,0.00310,0.00000,0.00138,0.00690
1598870312.910335779190063,0.00196,0.00009,0.00180,0.00257,0.00000,0.00092,0.00733
1598870312.944915056228638,0.00179,0.00006,0.00047,0.00230,0.00006,0.00084,0.00554
1598870312.980265617370605,0.00170,0.00007,0.00107,0.00240,0.00011,0.00080,0.00615
1598870313.044428348541260,0.00254,0.00019,0.00119,0.00246,0.00056,0.00126,0.00820
1598870313.078141450881958,0.00206,0.00012,0.00249,0.00268,0.00000,0.00107,0.00842
1598870313.110577583312988,0.00182,0.00006,0.00002,0.00265,0.00002,0.00088,0.00545
1598870313.145576000213623,0.00184,0.00007,0.00181,0.00257,0.00058,0.00126,0.00814
1598870313.178059577941895,0.00219,0.00010,0.00001,0.00277,0.00000,0.00105,0.00613
1598870313.216787099838257,0.00204,0.00006,0.00013,0.00267,0.00006,0.00127,0.00624
1598870313.280800104141235,0.00206,0.00009,0.00167,0.00290,0.00000,0.00087,0.00759
1598870313.347348451614380,0.00233,0.00007,0.00001,0.00272,0.00000,0.00090,0.00603
1598870313.380784988403320,0.00216,0.00007,0.00031,0.00265,0.00001,0.00122,0.00644
1598870313.445842027664185,0.00210,0.00009,0.00198,0.00257,0.00032,0.00111,0.00817
1598870313.478497028350830,0.00187,0.00006,0.00041,0.00267,0.00010,0.00091,0.00602
1598870313.511253595352173,0.00189,0.00007,0.00103,0.00267,0.00002,0.00093,0.00662
1598870313.545817613601685,0.00186,0.00006,0.00073,0.00276,0.00102,0.00109,0.00753
1598870313.579975843429565,0.00239,0.00014,0.00253,0.00291,0.00000,0.00090,0.00886
1598870313.615614414215088,0.00248,0.00010,0.00026,0.00285,0.00000,0.00134,0.00704
1598870313.681063413619995,0.00222,0.00010,0.00147,0.00284,0.00000,0.00091,0.00755
1598870313.717728853225708,0.00205,0.00018,0.00001,0.00342,0.00000,0.00154,0.00721
1598870313.780133962631226,0.00184,0.00012,0.00013,0.00280,0.00000,0.00084,0.00574
1598870313.813876152038574,0.00159,0.00007,0.00477,0.00267,0.00000,0.00076,0.00986
1598870313.847050905227661,0.00234,0.00014,0.00001,0.00296,0.00000,0.00132,0.00677
1598870313.880906105041504,0.00209,0.00009,0.00055,0.00275,0.00000,0.00106,0.00654
1598870313.915524244308472,0.00188,0.00006,0.00153,0.00270,0.00000,0.00087,0.00705
1598870313.948019504547119,0.00241,0.00007,0.00036,0.00352,0.00009,0.00151,0.00796
1598870313.982567787170410,0.00205,0.00011,0.00152,0.00276,0.00000,0.00116,0.00760
1598870314.015431165695190,0.00160,0.00006,0.00048,0.00310,0.00000,0.00105,0.00630
1598870314.048447608947754,0.00241,0.00014,0.00205,0.00280,0.00000,0.00113,0.00853
1598870314.083083152770996,0.00190,0.00008,0.00011,0.00287,0.00000,0.00095,0.00592
1598870314.116392612457275,0.00187,0.00006,0.00139,0.00290,0.00000,0.00086,0.00707
1598870314.149087905883789,0.00195,0.00007,0.00034,0.00297,0.00000,0.00133,0.00666
1598870314.183087110519409,0.00223,0.00010,0.00012,0.00286,0.00000,0.00110,0.00641
1598870314.216378211975098,0.00185,0.00007,0.00423,0.00281,0.00000,0.00090,0.00985
1598870314.249840974807739,0.00185,0.00006,0.00003,0.00275,0.00007,0.00087,0.00562
1598870314.283402204513550,0.00206,0.00006,0.00076,0.00278,0.00000,0.00151,0.00717
1598870314.316837072372437,0.00220,0.00010,0.00140,0.00272,0.00000,0.00111,0.00752
1598870314.349252223968506,0.00194,0.00013,0.00027,0.00297,0.00000,0.00115,0.00646
1598870314.388458251953125,0.00227,0.00011,0.00060,0.00284,0.00000,0.00107,0.00688
1598870314.449768066406250,0.00199,0.00010,0.00053,0.00278,0.00000,0.00130,0.00669
1598870314.484929800033569,0.00243,0.00007,0.00210,0.00286,0.00000,0.00091,0.00836
1598870314.549448013305664,0.00212,0.00010,0.00012,0.00294,0.00000,0.00118,0.00646
1598870314.583157777786255,0.00189,0.00006,0.00164,0.00283,0.00000,0.00085,0.00727
1598870314.616905689239502,0.00193,0.00007,0.00001,0.00294,0.00000,0.00111,0.00607
1598870314.683418512344360,0.00216,0.00015,0.00015,0.00325,0.00000,0.00101,0.00671
1598870314.718537569046021,0.00216,0.00012,0.00432,0.00293,0.00000,0.00116,0.01068
1598870314.783194541931152,0.00204,0.00008,0.00001,0.00286,0.00000,0.00084,0.00583
1598870314.816219329833984,0.00192,0.00007,0.00054,0.00277,0.00000,0.00116,0.00647
1598870314.849597454071045,0.00203,0.00007,0.00147,0.00278,0.00000,0.00087,0.00722
1598870314.884335994720459,0.00184,0.00007,0.00048,0.00281,0.00000,0.00085,0.00606
1598870314.916868686676025,0.00192,0.00006,0.00103,0.00276,0.00000,0.00085,0.00663
1598870314.950725555419922,0.00195,0.00006,0.00051,0.00280,0.00000,0.00107,0.00639
1598870315.016156435012817,0.00208,0.00009,0.00185,0.00270,0.00000,0.00108,0.00781
1598870315.051149845123291,0.00191,0.00008,0.00017,0.00267,0.00006,0.00117,0.00608
1598870315.083552122116089,0.00191,0.00006,0.00160,0.00251,0.00006,0.00090,0.00705
1598870315.118689298629761,0.00188,0.00006,0.00020,0.00271,0.00000,0.00109,0.00594
1598870315.183602333068848,0.00212,0.00016,0.00019,0.00340,0.00002,0.00098,0.00688
1598870315.216340780258179,0.00181,0.00011,0.00366,0.00300,0.00055,0.00081,0.00995
1598870315.249930143356323,0.00213,0.00009,0.00001,0.00277,0.00000,0.00109,0.00610
1598870315.283128023147583,0.00189,0.00007,0.00001,0.00275,0.00056,0.00109,0.00637
1598870315.318265676498413,0.00197,0.00006,0.00140,0.00284,0.00000,0.00085,0.00713
1598870315.351242303848267,0.00201,0.00015,0.00027,0.00327,0.00000,0.00138,0.00706
1598870315.383850574493408,0.00250,0.00010,0.00109,0.00283,0.00000,0.00115,0.00767
1598870315.416919708251953,0.00205,0.00009,0.00054,0.00323,0.00000,0.00122,0.00714
1598870315.450119495391846,0.00178,0.00005,0.00142,0.00272,0.00000,0.00080,0.00678
1598870315.484097480773926,0.00231,0.00009,0.00013,0.00298,0.00000,0.00145,0.00696
1598870315.516926527023315,0.00195,0.00006,0.00140,0.00285,0.00000,0.00089,0.00715
1598870315.550529479980469,0.00249,0.00008,0.00001,0.00277,0.00000,0.00132,0.00668
1598870315.584504127502441,0.00216,0.00011,0.00006,0.00288,0.00000,0.00111,0.00632
1598870315.650388002395630,0.00198,0.00007,0.00321,0.00308,0.00000,0.00105,0.00940
1598870315.684470653533936,0.00193,0.00007,0.00007,0.00262,0.00012,0.00078,0.00559
1598870315.717353343963623,0.00181,0.00006,0.00001,0.00275,0.00000,0.00105,0.00568
1598870315.751158952713013,0.00217,0.00006,0.00122,0.00273,0.00058,0.00085,0.00760
1598870315.784863710403442,0.00200,0.00015,0.00027,0.00311,0.00000,0.00123,0.00677
1598870315.818861484527588,0.00232,0.00010,0.00060,0.00314,0.00000,0.00106,0.00721
1598870315.852289915084839,0.00198,0.00006,0.00005,0.00303,0.00000,0.00108,0.00621
1598870315.885865449905396,0.00196,0.00008,0.00152,0.00312,0.00000,0.00086,0.00752
1598870315.919445037841797,0.00175,0.00006,0.00010,0.00292,0.00000,0.00085,0.00568
1598870315.953833341598511,0.00178,0.00006,0.00139,0.00289,0.00000,0.00090,0.00702
1598870315.986505508422852,0.00208,0.00010,0.00001,0.00328,0.00000,0.00123,0.00670
1598870316.056028604507446,0.00216,0.00013,0.00005,0.00293,0.00000,0.00101,0.00628
1598870316.090728759765625,0.00172,0.00008,0.00270,0.00288,0.00000,0.00087,0.00826
1598870316.123218536376953,0.00207,0.00006,0.00001,0.00289,0.00000,0.00077,0.00580
1598870316.155485630035400,0.00183,0.00007,0.00001,0.00293,0.00000,0.00107,0.00590
1598870316.188853502273560,0.00208,0.00015,0.00114,0.00331,0.00000,0.00099,0.00768
1598870316.221270561218262,0.00199,0.00010,0.00018,0.00286,0.00000,0.00107,0.00620
1598870316.259924888610840,0.00184,0.00006,0.00060,0.00286,0.00000,0.00089,0.00626
1598870316.323763370513916,0.00192,0.00008,0.00003,0.00284,0.00002,0.00107,0.00597
1598870316.356122255325317,0.00189,0.00008,0.00130,0.00282,0.00059,0.00133,0.00801
1598870316.392151594161987,0.00202,0.00010,0.00010,0.00291,0.00000,0.00083,0.00596
1598870316.424963712692261,0.00164,0.00035,0.00123,0.00299,0.00000,0.00121,0.00742
1598870316.490832567214966,0.00208,0.00017,0.00005,0.00303,0.00000,0.00098,0.00632
1598870316.523812055587769,0.00206,0.00017,0.00005,0.00312,0.00000,0.00151,0.00692
1598870316.557575941085815,0.00184,0.00008,0.00214,0.00290,0.00000,0.00081,0.00777
1598870316.592068195343018,0.00186,0.00007,0.00001,0.00310,0.00000,0.00084,0.00588
1598870316.624764204025269,0.00189,0.00007,0.00001,0.00318,0.00000,0.00119,0.00634
1598870316.657843112945557,0.00212,0.00010,0.00111,0.00283,0.00000,0.00131,0.00747
1598870316.692364692687988,0.00188,0.00006,0.00016,0.00297,0.00000,0.00087,0.00594
1598870316.725192308425903,0.00186,0.00007,0.00060,0.00291,0.00000,0.00113,0.00658
1598870316.759042263031006,0.00192,0.00006,0.00005,0.00304,0.00000,0.00081,0.00587
1598870316.793056488037109,0.00186,0.00010,0.00135,0.00279,0.00000,0.00122,0.00732
1598870316.825588703155518,0.00219,0.00012,0.00020,0.00293,0.00007,0.00120,0.00671
1598870316.860446691513062,0.00207,0.00011,0.00128,0.00300,0.00000,0.00086,0.00732
1598870316.895327568054199,0.00177,0.00027,0.00001,0.00297,0.00000,0.00130,0.00631
1598870316.962948560714722,0.00212,0.00016,0.00014,0.00287,0.00000,0.00096,0.00625
1598870316.995487928390503,0.00219,0.00020,0.00208,0.00277,0.00000,0.00158,0.00882
1598870317.028430461883545,0.00182,0.00008,0.00001,0.00291,0.00000,0.00085,0.00567
1598870317.061346292495728,0.00189,0.00006,0.00002,0.00283,0.00000,0.00083,0.00565
1598870317.095715284347534,0.00200,0.00006,0.00005,0.00289,0.00116,0.00122,0.00738
1598870317.128487825393677,0.00175,0.00007,0.00018,0.00299,0.00000,0.00084,0.00584
1598870317.167073965072632,0.00195,0.00006,0.00058,0.00295,0.00000,0.00123,0.00676
1598870317.265251874923706,0.00201,0.00010,0.00005,0.00281,0.00000,0.00088,0.00585
1598870317.298714160919189,0.00188,0.00018,0.00185,0.00255,0.00002,0.00129,0.00777
1598870317.368053197860718,0.00184,0.00009,0.00010,0.00251,0.00017,0.00084,0.00555
1598870317.436394214630127,0.00187,0.00010,0.00150,0.00266,0.00017,0.00086,0.00715
1598870317.502673864364624,0.00191,0.00017,0.00001,0.00301,0.00000,0.00098,0.00608
1598870317.567490816116333,0.00198,0.00010,0.00001,0.00283,0.00044,0.00109,0.00643
1598870317.632786512374878,0.00188,0.00008,0.00349,0.00263,0.00010,0.00092,0.00910
1598870317.665799140930176,0.00198,0.00009,0.00004,0.00257,0.00008,0.00133,0.00610
1598870317.702045440673828,0.00203,0.00010,0.00007,0.00279,0.00009,0.00111,0.00619
1598870317.767189502716064,0.00193,0.00009,0.00003,0.00272,0.00065,0.00116,0.00657
1598870317.801477670669556,0.00199,0.00014,0.00077,0.00278,0.00000,0.00096,0.00664
1598870317.834698677062988,0.00217,0.00008,0.00139,0.00288,0.00007,0.00115,0.00775
1598870317.872931718826294,0.00204,0.00008,0.00052,0.00281,0.00000,0.00119,0.00664
1598870317.935289382934570,0.00198,0.00009,0.00191,0.00279,0.00000,0.00105,0.00783
1598870317.968508958816528,0.00181,0.00006,0.00065,0.00304,0.00015,0.00099,0.00670
1598870318.002686500549316,0.00297,0.00011,0.00171,0.00295,0.00000,0.00129,0.00904
1598870318.036581993103027,0.00219,0.00007,0.00001,0.00287,0.00000,0.00095,0.00609
1598870318.072275161743164,0.00209,0.00006,0.00030,0.00269,0.00000,0.00089,0.00603
1598870318.137052536010742,0.00231,0.00008,0.00402,0.00277,0.00000,0.00138,0.01056
1598870318.171268224716187,0.00241,0.00010,0.00008,0.00268,0.00007,0.00113,0.00647
1598870318.204085350036621,0.00200,0.00006,0.00003,0.00272,0.00002,0.00146,0.00629
1598870318.237281084060669,0.00279,0.00009,0.00001,0.00319,0.00000,0.00113,0.00720
1598870318.271894454956055,0.00205,0.00006,0.00073,0.00276,0.00013,0.00131,0.00703
1598870318.304807186126709,0.00244,0.00010,0.00114,0.00270,0.00033,0.00116,0.00787
1598870318.338997364044189,0.00229,0.00017,0.00050,0.00285,0.00000,0.00137,0.00718
1598870318.372156381607056,0.00211,0.00009,0.00190,0.00275,0.00000,0.00091,0.00776
1598870318.407280445098877,0.00232,0.00014,0.00761,0.00271,0.00000,0.00103,0.01381
1598870318.445513963699341,0.00242,0.00010,0.00167,0.00288,0.00007,0.00148,0.00861
1598870318.508361101150513,0.00236,0.00008,0.00012,0.00259,0.00002,0.00094,0.00611
1598870318.541382789611816,0.00217,0.00008,0.00004,0.00277,0.00007,0.00146,0.00660
1598870318.577283620834351,0.00250,0.00009,0.00323,0.00256,0.00122,0.00112,0.01073
1598870318.641444683074951,0.00233,0.00007,0.00003,0.00280,0.00000,0.00089,0.00612
1598870318.674978494644165,0.00246,0.00007,0.00003,0.00287,0.00000,0.00112,0.00656
1598870318.707682371139526,0.00240,0.00007,0.00007,0.00278,0.00007,0.00093,0.00633
1598870318.741032600402832,0.00284,0.00006,0.00070,0.00283,0.00000,0.00138,0.00782
1598870318.774102687835693,0.00241,0.00007,0.00114,0.00309,0.00000,0.00101,0.00772
1598870318.809530019760132,0.00278,0.00006,0.00051,0.00293,0.00000,0.00093,0.00720
1598870318.841824769973755,0.00241,0.00006,0.00166,0.00308,0.00000,0.00110,0.00832
1598870318.875671625137329,0.00237,0.00007,0.00683,0.00271,0.00000,0.00106,0.01303
1598870318.909072637557983,0.00223,0.00006,0.00158,0.00303,0.00000,0.00087,0.00777
1598870318.942917823791504,0.00217,0.00007,0.00075,0.00292,0.00015,0.00173,0.00779
1598870318.976248264312744,0.00251,0.00010,0.00038,0.00276,0.00001,0.00118,0.00694
1598870319.009518384933472,0.00225,0.00006,0.00272,0.00267,0.00056,0.00135,0.00961
1598870319.043595075607300,0.00262,0.00010,0.00001,0.00297,0.00000,0.00135,0.00705
1598870319.077217578887939,0.00250,0.00008,0.00004,0.00329,0.00000,0.00131,0.00721
1598870319.110847711563110,0.00246,0.00009,0.00001,0.00289,0.00000,0.00112,0.00658
1598870319.145459413528442,0.00236,0.00008,0.00047,0.00287,0.00000,0.00137,0.00716
1598870319.211148977279663,0.00235,0.00007,0.00108,0.00273,0.00000,0.00090,0.00713
1598870319.244524478912354,0.00208,0.00006,0.00031,0.00276,0.00003,0.00108,0.00631
1598870319.278687000274658,0.00219,0.00006,0.00148,0.00275,0.00057,0.00088,0.00793
1598870319.311775445938110,0.00222,0.00007,0.00683,0.00284,0.00000,0.00084,0.01280
1598870319.345784187316895,0.00228,0.00007,0.00157,0.00284,0.00000,0.00090,0.00765
1598870319.379853487014771,0.00216,0.00017,0.00052,0.00283,0.00000,0.00123,0.00691
1598870319.413398027420044,0.00217,0.00007,0.00082,0.00296,0.00000,0.00136,0.00738
1598870319.445849895477295,0.00232,0.00010,0.00307,0.00291,0.00000,0.00118,0.00957
1598870319.481593608856201,0.00233,0.00015,0.00007,0.00296,0.00000,0.00123,0.00675
1598870319.514434814453125,0.00211,0.00008,0.00004,0.00293,0.00000,0.00115,0.00631
1598870319.547324180603027,0.00178,0.00008,0.00001,0.00288,0.00000,0.00092,0.00567
1598870319.581365823745728,0.00178,0.00006,0.00042,0.00275,0.00000,0.00086,0.00587
1598870319.615064144134521,0.00167,0.00007,0.00107,0.00266,0.00002,0.00082,0.00629
1598870319.649557590484619,0.00167,0.00006,0.00003,0.00279,0.00054,0.00084,0.00593
1598870319.682219743728638,0.00186,0.00006,0.00139,0.00286,0.00000,0.00085,0.00702
1598870319.715097665786743,0.00172,0.00006,0.00642,0.00288,0.00000,0.00084,0.01192
1598870319.748972654342651,0.00193,0.00006,0.00150,0.00313,0.00000,0.00135,0.00797
1598870319.783087730407715,0.00214,0.00008,0.00055,0.00286,0.00000,0.00134,0.00697
1598870319.816796541213989,0.00216,0.00008,0.00054,0.00287,0.00000,0.00109,0.00675
1598870319.883581876754761,0.00200,0.00009,0.00373,0.00285,0.00000,0.00087,0.00954
1598870319.917202234268188,0.00197,0.00017,0.00001,0.00296,0.00000,0.00118,0.00629
1598870319.951861619949341,0.00211,0.00008,0.00004,0.00289,0.00000,0.00104,0.00616
1598870319.984381675720215,0.00174,0.00006,0.00001,0.00291,0.00000,0.00084,0.00556
1598870320.018861532211304,0.00228,0.00007,0.00044,0.00297,0.00000,0.00080,0.00656
1598870320.085155010223389,0.00175,0.00008,0.00112,0.00268,0.00000,0.00138,0.00701
1598870320.152406454086304,0.00220,0.00009,0.00001,0.00290,0.00000,0.00108,0.00627
1598870320.185181617736816,0.00177,0.00006,0.00129,0.00278,0.00000,0.00087,0.00678
1598870320.219568729400635,0.00187,0.00006,0.00600,0.00276,0.00031,0.00081,0.01181
1598870320.252146482467651,0.00176,0.00006,0.00179,0.00291,0.00000,0.00125,0.00777
1598870320.286486148834229,0.00217,0.00008,0.00063,0.00289,0.00000,0.00105,0.00682
1598870320.319515705108643,0.00199,0.00007,0.00054,0.00280,0.00000,0.00092,0.00633
1598870320.354241847991943,0.00167,0.00006,0.00265,0.00307,0.00000,0.00087,0.00831
1598870320.388149738311768,0.00173,0.00006,0.00003,0.00320,0.00000,0.00126,0.00628
1598870320.420965433120728,0.00194,0.00008,0.00004,0.00310,0.00000,0.00105,0.00621
1598870320.454481363296509,0.00172,0.00008,0.00001,0.00289,0.00000,0.00088,0.00557
1598870320.488067150115967,0.00176,0.00006,0.00044,0.00281,0.00000,0.00088,0.00595
1598870320.521126508712769,0.00162,0.00006,0.00118,0.00270,0.00000,0.00083,0.00638
1598870320.554876565933228,0.00212,0.00008,0.00043,0.00266,0.00002,0.00108,0.00639
1598870320.588366508483887,0.00207,0.00010,0.00091,0.00270,0.00063,0.00102,0.00744
1598870320.628456354141235,0.00175,0.00006,0.00485,0.00275,0.00053,0.00078,0.01073
1598870320.689172267913818,0.00242,0.00013,0.00149,0.00278,0.00000,0.00119,0.00801
1598870320.722776651382446,0.00209,0.00008,0.00056,0.00284,0.00000,0.00111,0.00668
1598870320.756262779235840,0.00172,0.00016,0.00059,0.00277,0.00000,0.00084,0.00608
1598870320.790487051010132,0.00164,0.00006,0.00220,0.00273,0.00010,0.00084,0.00757
1598870320.824184179306030,0.00165,0.00006,0.00001,0.00273,0.00000,0.00083,0.00527
1598870320.857348918914795,0.00166,0.00006,0.00003,0.00262,0.00002,0.00078,0.00517
1598870320.892110109329224,0.00168,0.00006,0.00003,0.00260,0.00007,0.00081,0.00524
1598870320.924518346786499,0.00157,0.00006,0.00048,0.00265,0.00011,0.00081,0.00568
1598870320.957863092422485,0.00185,0.00006,0.00099,0.00249,0.00011,0.00103,0.00652
1598870320.992230415344238,0.00196,0.00007,0.00001,0.00245,0.00059,0.00101,0.00607
1598870321.025403976440430,0.00209,0.00010,0.00105,0.00238,0.00004,0.00104,0.00670
1598870321.058677911758423,0.00200,0.00010,0.00391,0.00254,0.00018,0.00135,0.01008
1598870321.093171596527100,0.00178,0.00006,0.00126,0.00250,0.00013,0.00080,0.00653
1598870321.125890254974365,0.00177,0.00005,0.00003,0.00248,0.00053,0.00101,0.00589
1598870321.159441947937012,0.00192,0.00007,0.00001,0.00256,0.00054,0.00082,0.00592
1598870321.193428754806519,0.00198,0.00014,0.00145,0.00270,0.00066,0.00139,0.00833
1598870321.226414918899536,0.00224,0.00006,0.00001,0.00278,0.00000,0.00080,0.00589
1598870321.260274410247803,0.00192,0.00006,0.00005,0.00279,0.00000,0.00084,0.00566
1598870321.294631481170654,0.00189,0.00007,0.00003,0.00294,0.00000,0.00121,0.00614
1598870321.327539920806885,0.00204,0.00009,0.00072,0.00260,0.00000,0.00120,0.00665
1598870321.360902070999146,0.00183,0.00006,0.00113,0.00276,0.00000,0.00083,0.00662
1598870321.395530939102173,0.00192,0.00007,0.00006,0.00272,0.00000,0.00101,0.00579
1598870321.428617238998413,0.00186,0.00007,0.00127,0.00242,0.00003,0.00083,0.00648
1598870321.462179183959961,0.00203,0.00015,0.00350,0.00257,0.00032,0.00144,0.01001
1598870321.496332168579102,0.00226,0.00009,0.00140,0.00252,0.00014,0.00106,0.00746
1598870321.536586761474609,0.00187,0.00007,0.00001,0.00245,0.00000,0.00085,0.00524
1598870321.596743345260620,0.00196,0.00008,0.00006,0.00241,0.00007,0.00100,0.00558
1598870321.629813909530640,0.00187,0.00006,0.00134,0.00250,0.00064,0.00104,0.00746
1598870321.664183139801025,0.00215,0.00008,0.00001,0.00268,0.00000,0.00144,0.00637
1598870321.697517156600952,0.00192,0.00007,0.00001,0.00284,0.00003,0.00094,0.00582
1598870321.730645179748535,0.00196,0.00018,0.00021,0.00268,0.00000,0.00148,0.00651
1598870321.764734506607056,0.00184,0.00007,0.00013,0.00261,0.00069,0.00107,0.00642
1598870321.798706293106079,0.00187,0.00007,0.00104,0.00284,0.00057,0.00084,0.00723
1598870321.832084178924561,0.00170,0.00006,0.00003,0.00295,0.00000,0.00084,0.00558
1598870321.865764617919922,0.00175,0.00009,0.00086,0.00290,0.00000,0.00083,0.00643
1598870321.899726629257202,0.00236,0.00016,0.00314,0.00266,0.00000,0.00112,0.00945
1598870321.932814121246338,0.00247,0.00012,0.00138,0.00284,0.00000,0.00119,0.00800
1598870321.966866493225098,0.00183,0.00006,0.00005,0.00279,0.00007,0.00080,0.00560
1598870322.000580787658691,0.00173,0.00006,0.00001,0.00293,0.00000,0.00080,0.00552
1598870322.033996582031250,0.00215,0.00017,0.00113,0.00288,0.00000,0.00117,0.00749
1598870322.067623376846313,0.00194,0.00007,0.00001,0.00316,0.00000,0.00105,0.00624
1598870322.101207256317139,0.00215,0.00010,0.00004,0.00304,0.00000,0.00109,0.00643
1598870322.134777545928955,0.00169,0.00011,0.00001,0.00299,0.00000,0.00088,0.00568
1598870322.168299674987793,0.00172,0.00006,0.00024,0.00293,0.00000,0.00079,0.00573
1598870322.202563285827637,0.00180,0.00006,0.00103,0.00276,0.00000,0.00083,0.00649
1598870322.269139051437378,0.00190,0.00010,0.00005,0.00285,0.00000,0.00099,0.00588
1598870322.302420616149902,0.00172,0.00009,0.00088,0.00267,0.00000,0.00069,0.00606
1598870322.335939645767212,0.00196,0.00009,0.00328,0.00274,0.00011,0.00086,0.00903
1598870322.369243860244751,0.00242,0.00009,0.00146,0.00276,0.00003,0.00118,0.00795
1598870322.403527736663818,0.00203,0.00007,0.00001,0.00282,0.00000,0.00084,0.00577
1598870322.436723947525024,0.00187,0.00006,0.00001,0.00286,0.00000,0.00086,0.00566
1598870322.470347404479980,0.00213,0.00009,0.00122,0.00270,0.00002,0.00112,0.00728
1598870322.504830598831177,0.00216,0.00010,0.00001,0.00281,0.00000,0.00116,0.00625
1598870322.571165800094604,0.00187,0.00008,0.00015,0.00295,0.00003,0.00113,0.00620
1598870322.608469247817993,0.00242,0.00009,0.00001,0.00280,0.00000,0.00119,0.00652
1598870322.673265695571899,0.00189,0.00007,0.00025,0.00268,0.00010,0.00089,0.00588
1598870322.712566137313843,0.00185,0.00007,0.00103,0.00256,0.00002,0.00092,0.00645
1598870322.774595499038696,0.00197,0.00007,0.00004,0.00251,0.00003,0.00101,0.00563
1598870322.808836221694946,0.00226,0.00013,0.00001,0.00247,0.00095,0.00139,0.00721
1598870322.842372417449951,0.00215,0.00008,0.00392,0.00278,0.00011,0.00105,0.01009
1598870322.907817602157593,0.00215,0.00011,0.00139,0.00269,0.00003,0.00109,0.00746
1598870322.941056728363037,0.00208,0.00006,0.00001,0.00283,0.00000,0.00089,0.00587
1598870323.012019157409668,0.00191,0.00008,0.00003,0.00264,0.00000,0.00086,0.00553
1598870323.073714494705200,0.00218,0.00015,0.00061,0.00253,0.00011,0.00123,0.00681
1598870323.107558488845825,0.00206,0.00006,0.00003,0.00257,0.00000,0.00076,0.00548
1598870323.142438411712646,0.00215,0.00009,0.00267,0.00253,0.00064,0.00134,0.00943
1598870323.174881696701050,0.00205,0.00006,0.00001,0.00272,0.00000,0.00090,0.00574
1598870323.239704370498657,0.00213,0.00008,0.00038,0.00264,0.00010,0.00114,0.00647
1598870323.274583339691162,0.00207,0.00008,0.00096,0.00267,0.00060,0.00094,0.00731
1598870323.340655565261841,0.00183,0.00007,0.00064,0.00271,0.00032,0.00088,0.00645
1598870323.374977588653564,0.00175,0.00007,0.00080,0.00296,0.00000,0.00110,0.00668
1598870323.407864809036255,0.00201,0.00008,0.00400,0.00283,0.00000,0.00104,0.00997
1598870323.441965341567993,0.00198,0.00006,0.00136,0.00277,0.00000,0.00091,0.00708
1598870323.506966114044189,0.00175,0.00008,0.00001,0.00284,0.00000,0.00085,0.00553
1598870323.539946079254150,0.00168,0.00006,0.00028,0.00287,0.00000,0.00114,0.00603
1598870323.574473619461060,0.00194,0.00009,0.00067,0.00285,0.00000,0.00109,0.00664
1598870323.641472339630127,0.00182,0.00009,0.00001,0.00275,0.00000,0.00093,0.00560
1598870323.674161672592163,0.00172,0.00006,0.00203,0.00258,0.00000,0.00085,0.00724
1598870323.708058834075928,0.00163,0.00006,0.00001,0.00273,0.00000,0.00084,0.00526
1598870323.741752147674561,0.00171,0.00006,0.00035,0.00275,0.00009,0.00090,0.00586
1598870323.811965465545654,0.00201,0.00012,0.00060,0.00257,0.00002,0.00106,0.00639
1598870323.873801231384277,0.00236,0.00009,0.00046,0.00256,0.00012,0.00102,0.00662
1598870323.906822681427002,0.00174,0.00009,0.00008,0.00270,0.00003,0.00103,0.00567
1598870323.944478750228882,0.00207,0.00009,0.00336,0.00275,0.00010,0.00107,0.00944
1598870324.006649255752563,0.00203,0.00010,0.00178,0.00266,0.00003,0.00122,0.00783
1598870324.044376134872437,0.00193,0.00009,0.00004,0.00261,0.00000,0.00109,0.00577
1598870324.111715078353882,0.00199,0.00008,0.00001,0.00263,0.00000,0.00112,0.00583
1598870324.173763751983643,0.00239,0.00014,0.00118,0.00234,0.00011,0.00102,0.00718
1598870324.207603216171265,0.00185,0.00006,0.00020,0.00212,0.00000,0.00105,0.00528
1598870324.240941524505615,0.00188,0.00006,0.00106,0.00203,0.00104,0.00077,0.00685
1598870324.275627136230469,0.00143,0.00005,0.00004,0.00220,0.00003,0.00073,0.00447
1598870324.308187246322632,0.00210,0.00013,0.00026,0.00235,0.00021,0.00127,0.00631
1598870324.341984033584595,0.00222,0.00015,0.00154,0.00217,0.00250,0.00116,0.00975
1598870324.374576091766357,0.00207,0.00006,0.00005,0.00268,0.00002,0.00079,0.00569
1598870324.444546937942505,0.00203,0.00008,0.00008,0.00272,0.00003,0.00109,0.00602
1598870324.506841182708740,0.00200,0.00009,0.00270,0.00251,0.00010,0.00133,0.00873
1598870324.546401023864746,0.00208,0.00010,0.00129,0.00249,0.00003,0.00094,0.00692
1598870324.609578371047974,0.00188,0.00008,0.00008,0.00275,0.00000,0.00122,0.00602
1598870324.643236875534058,0.00156,0.00012,0.00007,0.00223,0.00008,0.00074,0.00481
1598870324.707670450210571,0.00200,0.00015,0.00007,0.00287,0.00070,0.00116,0.00695
1598870324.741780757904053,0.00179,0.00012,0.00004,0.00248,0.00008,0.00095,0.00546
1598870324.774398326873779,0.00153,0.00011,0.00063,0.00242,0.00083,0.00102,0.00654
1598870324.807276964187622,0.00140,0.00006,0.00070,0.00253,0.00000,0.00068,0.00538
1598870324.843612432479858,0.00216,0.00013,0.00026,0.00272,0.00036,0.00102,0.00665
1598870324.907696485519409,0.00184,0.00014,0.00167,0.00285,0.00000,0.00103,0.00753
1598870324.941388845443726,0.00155,0.00006,0.00139,0.00299,0.00000,0.00099,0.00699
1598870324.974525690078735,0.00149,0.00006,0.00006,0.00252,0.00056,0.00079,0.00549
1598870325.008567333221436,0.00154,0.00006,0.00226,0.00312,0.00000,0.00069,0.00767
1598870325.042330980300903,0.00145,0.00006,0.00134,0.00263,0.00000,0.00140,0.00687
1598870325.075609207153320,0.00150,0.00006,0.00009,0.00253,0.00000,0.00067,0.00485
1598870325.107904911041260,0.00138,0.00006,0.00005,0.00238,0.00000,0.00098,0.00485
1598870325.143286466598511,0.00137,0.00006,0.00036,0.00246,0.00031,0.00069,0.00526
1598870325.207863569259644,0.00149,0.00007,0.00015,0.00254,0.00007,0.00090,0.00522
1598870325.241467714309692,0.00154,0.00006,0.00037,0.00264,0.00000,0.00067,0.00528
1598870325.274291038513184,0.00239,0.00010,0.00109,0.00272,0.00000,0.00146,0.00776
1598870325.307239294052124,0.00183,0.00008,0.00026,0.00271,0.00000,0.00091,0.00579
1598870325.340621232986450,0.00145,0.00008,0.00157,0.00258,0.00000,0.00106,0.00674
1598870325.375519514083862,0.00125,0.00005,0.00108,0.00261,0.00000,0.00067,0.00567
1598870325.481476068496704,0.00130,0.00010,0.00003,0.00257,0.00000,0.00096,0.00496
1598870325.544241905212402,0.00129,0.00007,0.00200,0.00273,0.00000,0.00070,0.00679
1598870325.608394384384155,0.00141,0.00007,0.00149,0.00243,0.00013,0.00097,0.00648
1598870325.646857500076294,0.00123,0.00006,0.00026,0.00260,0.00000,0.00065,0.00480
1598870325.708952665328979,0.00134,0.00007,0.00026,0.00259,0.00000,0.00101,0.00528
1598870325.743322372436523,0.00210,0.00009,0.00040,0.00280,0.00000,0.00109,0.00648
1598870325.777638435363770,0.00202,0.00008,0.00005,0.00270,0.00000,0.00169,0.00654
1598870325.845048189163208,0.00266,0.00010,0.00145,0.00263,0.00000,0.00098,0.00783
1598870325.877702951431274,0.00222,0.00010,0.00004,0.00268,0.00061,0.00117,0.00683
1598870325.911993980407715,0.00211,0.00006,0.00046,0.00271,0.00000,0.00072,0.00606
1598870325.947086334228516,0.00144,0.00006,0.00132,0.00259,0.00000,0.00103,0.00644
1598870326.011321067810059,0.00227,0.00012,0.00122,0.00281,0.00000,0.00105,0.00747
1598870326.045180559158325,0.00145,0.00007,0.00015,0.00281,0.00000,0.00111,0.00559
1598870326.110453605651855,0.00149,0.00009,0.00236,0.00247,0.00000,0.00073,0.00714
1598870326.143722295761108,0.00138,0.00006,0.00148,0.00243,0.00007,0.00091,0.00633
1598870326.183486938476562,0.00156,0.00006,0.00045,0.00251,0.00000,0.00076,0.00534
1598870326.245778560638428,0.00228,0.00011,0.00034,0.00259,0.00031,0.00095,0.00659
1598870326.279153823852539,0.00160,0.00006,0.00091,0.00306,0.00000,0.00074,0.00638
1598870326.312407970428467,0.00174,0.00010,0.00044,0.00260,0.00000,0.00087,0.00576
1598870326.345899343490601,0.00148,0.00005,0.00087,0.00249,0.00058,0.00065,0.00613
1598870326.382567644119263,0.00162,0.00006,0.00055,0.00251,0.00000,0.00106,0.00580
1598870326.446433782577515,0.00134,0.00007,0.00086,0.00255,0.00000,0.00069,0.00552
1598870326.480180263519287,0.00142,0.00006,0.00158,0.00293,0.00007,0.00103,0.00709
1598870326.519871950149536,0.00131,0.00006,0.00107,0.00270,0.00000,0.00068,0.00582
1598870326.584184169769287,0.00145,0.00008,0.00055,0.00265,0.00000,0.00090,0.00562
1598870326.648481607437134,0.00238,0.00012,0.00179,0.00255,0.00010,0.00112,0.00807
1598870326.683430433273315,0.00201,0.00006,0.00153,0.00273,0.00009,0.00124,0.00767
1598870326.718040943145752,0.00197,0.00006,0.00004,0.00275,0.00031,0.00079,0.00592
1598870326.782306194305420,0.00209,0.00011,0.00002,0.00276,0.00000,0.00135,0.00633
1598870326.815586805343628,0.00204,0.00008,0.00197,0.00268,0.00058,0.00109,0.00845
1598870326.849689006805420,0.00188,0.00006,0.00013,0.00290,0.00000,0.00115,0.00612
1598870326.883295059204102,0.00194,0.00006,0.00097,0.00283,0.00000,0.00080,0.00661
1598870326.916942119598389,0.00184,0.00006,0.00055,0.00282,0.00000,0.00118,0.00646
1598870326.950360059738159,0.00195,0.00006,0.00067,0.00294,0.00000,0.00079,0.00641
1598870326.984235763549805,0.00199,0.00016,0.00151,0.00314,0.00000,0.00131,0.00811
1598870327.020814180374146,0.00204,0.00008,0.00120,0.00277,0.00011,0.00103,0.00723
1598870327.084681034088135,0.00188,0.00009,0.00054,0.00286,0.00000,0.00121,0.00658
1598870327.118326902389526,0.00174,0.00006,0.00174,0.00287,0.00000,0.00086,0.00727
1598870327.154152154922485,0.00200,0.00013,0.00154,0.00314,0.00000,0.00142,0.00824
1598870327.223170280456543,0.00226,0.00010,0.00001,0.00273,0.00000,0.00112,0.00622
1598870327.286819219589233,0.00200,0.00009,0.00008,0.00264,0.00000,0.00110,0.00592
1598870327.320156335830688,0.00191,0.00006,0.00129,0.00261,0.00060,0.00080,0.00727
1598870327.355171203613281,0.00193,0.00006,0.00076,0.00288,0.00000,0.00151,0.00713
1598870327.388355255126953,0.00224,0.00008,0.00097,0.00277,0.00000,0.00106,0.00713
1598870327.421164274215698,0.00192,0.00006,0.00001,0.00282,0.00053,0.00103,0.00637
1598870327.454782485961914,0.00200,0.00006,0.00045,0.00286,0.00000,0.00080,0.00618
1598870327.487944602966309,0.00190,0.00006,0.00191,0.00286,0.00000,0.00116,0.00790
1598870327.522372961044312,0.00176,0.00006,0.00110,0.00287,0.00000,0.00081,0.00660
1598870327.555076837539673,0.00184,0.00006,0.00054,0.00279,0.00000,0.00120,0.00643
1598870327.588659763336182,0.00203,0.00007,0.00152,0.00279,0.00000,0.00082,0.00723
1598870327.622511625289917,0.00182,0.00006,0.00143,0.00279,0.00009,0.00113,0.00732
1598870327.658859968185425,0.00211,0.00010,0.00001,0.00287,0.00000,0.00117,0.00627
1598870327.723672151565552,0.00267,0.00010,0.00003,0.00294,0.00035,0.00137,0.00745
1598870327.756698608398438,0.00195,0.00006,0.00134,0.00289,0.00000,0.00086,0.00711
1598870327.794725656509399,0.00186,0.00006,0.00152,0.00289,0.00000,0.00168,0.00801
1598870327.857325792312622,0.00217,0.00009,0.00084,0.00291,0.00000,0.00105,0.00705
1598870327.891664266586304,0.00189,0.00007,0.00001,0.00292,0.00000,0.00128,0.00617
1598870327.924930810928345,0.00198,0.00006,0.00054,0.00295,0.00000,0.00082,0.00635
1598870327.958148956298828,0.00194,0.00006,0.00158,0.00294,0.00000,0.00118,0.00771
1598870327.992117881774902,0.00202,0.00009,0.00120,0.00271,0.00000,0.00104,0.00706
1598870328.025628089904785,0.00215,0.00008,0.00058,0.00266,0.00000,0.00143,0.00691
1598870328.058837413787842,0.00184,0.00006,0.00144,0.00270,0.00007,0.00113,0.00725
1598870328.095826625823975,0.00193,0.00007,0.00154,0.00251,0.00008,0.00128,0.00740
1598870328.159981727600098,0.00169,0.00007,0.00099,0.00271,0.00053,0.00072,0.00671
1598870328.196771144866943,0.00236,0.00009,0.00004,0.00303,0.00000,0.00135,0.00686
1598870328.264377593994141,0.00195,0.00010,0.00111,0.00273,0.00000,0.00090,0.00678
1598870328.327240467071533,0.00200,0.00007,0.00150,0.00273,0.00000,0.00118,0.00749
1598870328.371206045150757,0.00198,0.00014,0.00073,0.00277,0.00012,0.00103,0.00678
1598870328.431071043014526,0.00174,0.00008,0.00003,0.00293,0.00000,0.00111,0.00588
1598870328.466637611389160,0.00210,0.00010,0.00065,0.00293,0.00000,0.00114,0.00692
1598870328.530267953872681,0.00208,0.00007,0.00139,0.00288,0.00000,0.00123,0.00766
1598870328.565047264099121,0.00188,0.00006,0.00112,0.00296,0.00000,0.00112,0.00715
1598870328.630661010742188,0.00215,0.00009,0.00070,0.00261,0.00000,0.00120,0.00675
1598870328.664359092712402,0.00208,0.00006,0.00055,0.00268,0.00055,0.00085,0.00678
1598870328.701330184936523,0.00191,0.00006,0.00165,0.00284,0.00000,0.00106,0.00753
1598870328.734739780426025,0.00516,0.00013,0.00142,0.00279,0.00109,0.00110,0.01169
1598870328.801044225692749,0.00176,0.00011,0.00004,0.00309,0.00000,0.00078,0.00578
1598870328.835610628128052,0.00215,0.00009,0.00117,0.00306,0.00000,0.00109,0.00755
1598870328.901988744735718,0.00179,0.00010,0.00157,0.00311,0.00000,0.00088,0.00744
1598870328.966263532638550,0.00190,0.00010,0.00114,0.00298,0.00000,0.00101,0.00713
1598870329.000210523605347,0.00205,0.00010,0.00001,0.00317,0.00000,0.00108,0.00641
1598870329.034076690673828,0.00172,0.00006,0.00038,0.00303,0.00000,0.00084,0.00604
1598870329.067630529403687,0.00167,0.00006,0.00125,0.00301,0.00000,0.00084,0.00683
1598870329.100564479827881,0.00173,0.00006,0.00105,0.00323,0.00000,0.00109,0.00716
1598870329.135437726974487,0.00159,0.00008,0.00171,0.00294,0.00000,0.00085,0.00718
1598870329.167823314666748,0.00205,0.00009,0.00092,0.00303,0.00000,0.00108,0.00716
1598870329.201597929000854,0.00182,0.00008,0.00164,0.00295,0.00000,0.00090,0.00739
1598870329.236564159393311,0.00171,0.00006,0.00110,0.00297,0.00000,0.00105,0.00690
1598870329.303111791610718,0.00165,0.00010,0.00023,0.00292,0.00008,0.00079,0.00578
1598870329.337454557418823,0.00207,0.00009,0.00067,0.00309,0.00000,0.00115,0.00707
1598870329.377171754837036,0.00185,0.00008,0.00169,0.00294,0.00000,0.00102,0.00758
1598870329.439198255538940,0.00201,0.00009,0.00105,0.00296,0.00000,0.00087,0.00698
1598870329.504349231719971,0.00207,0.00010,0.00016,0.00290,0.00014,0.00101,0.00638
1598870329.539611577987671,0.00214,0.00006,0.00040,0.00290,0.00000,0.00089,0.00639
1598870329.606306552886963,0.00194,0.00008,0.00107,0.00279,0.00000,0.00086,0.00673
1598870329.639947652816772,0.00188,0.00006,0.00108,0.00278,0.00000,0.00083,0.00664
1598870329.712171077728271,0.00210,0.00008,0.00144,0.00279,0.00060,0.00083,0.00784
1598870329.775518894195557,0.00209,0.00008,0.00052,0.00302,0.00000,0.00087,0.00659
1598870329.842304944992065,0.00187,0.00008,0.00170,0.00281,0.00000,0.00084,0.00730
1598870329.910775661468506,0.00196,0.00008,0.00036,0.00289,0.00055,0.00084,0.00668
1598870329.978449344635010,0.00211,0.00007,0.00016,0.00294,0.00000,0.00085,0.00614
1598870330.043102025985718,0.00183,0.00008,0.00086,0.00294,0.00000,0.00080,0.00651
1598870330.076574802398682,0.00175,0.00006,0.00165,0.00294,0.00006,0.00087,0.00732
1598870330.110165596008301,0.00184,0.00006,0.00048,0.00299,0.00000,0.00087,0.00625
1598870330.143344879150391,0.00175,0.00006,0.00388,0.00289,0.00000,0.00120,0.00978
1598870330.207071304321289,0.00238,0.00010,0.00041,0.00293,0.00000,0.00104,0.00686
1598870330.241323709487915,0.00221,0.00006,0.00081,0.00270,0.00006,0.00085,0.00670
1598870330.275799512863159,0.00188,0.00006,0.00113,0.00291,0.00000,0.00085,0.00684
1598870330.342523813247681,0.00188,0.00008,0.00174,0.00321,0.00017,0.00145,0.00853
1598870330.376725435256958,0.00215,0.00009,0.00031,0.00307,0.00000,0.00111,0.00673
1598870330.442787647247314,0.00186,0.00008,0.00158,0.00307,0.00000,0.00090,0.00748
1598870330.507559061050415,0.00185,0.00008,0.00011,0.00296,0.00000,0.00094,0.00595
1598870330.545207262039185,0.00176,0.00006,0.00001,0.00337,0.00000,0.00126,0.00646
1598870330.579082012176514,0.00200,0.00008,0.00111,0.00290,0.00000,0.00093,0.00703
1598870330.641396045684814,0.00206,0.00010,0.00137,0.00288,0.00000,0.00111,0.00752
1598870330.674414157867432,0.00189,0.00009,0.00011,0.00295,0.00011,0.00099,0.00613
1598870330.712648868560791,0.00210,0.00010,0.00376,0.00292,0.00000,0.00088,0.00976
1598870330.747367382049561,0.00202,0.00007,0.00040,0.00299,0.00000,0.00108,0.00657
1598870330.811149597167969,0.00174,0.00009,0.00009,0.00299,0.00000,0.00092,0.00584
1598870330.844041585922241,0.00169,0.00006,0.00106,0.00306,0.00000,0.00084,0.00671
1598870330.876630783081055,0.00199,0.00010,0.00147,0.00292,0.00000,0.00115,0.00763
1598870330.911267757415771,0.00197,0.00008,0.00068,0.00297,0.00000,0.00109,0.00680
1598870330.943632125854492,0.00173,0.00009,0.00169,0.00289,0.00019,0.00126,0.00784
1598870330.976364135742188,0.00159,0.00006,0.00011,0.00293,0.00000,0.00081,0.00550
1598870331.010325431823730,0.00206,0.00008,0.00001,0.00304,0.00000,0.00113,0.00632
1598870331.044899940490723,0.00179,0.00008,0.00070,0.00290,0.00000,0.00084,0.00632
1598870331.107691049575806,0.00169,0.00008,0.00103,0.00348,0.00003,0.00110,0.00741
1598870331.142726421356201,0.00199,0.00009,0.00004,0.00297,0.00002,0.00107,0.00618
1598870331.176778793334961,0.00168,0.00006,0.00303,0.00318,0.00053,0.00083,0.00931
1598870331.210125684738159,0.00173,0.00006,0.00014,0.00316,0.00000,0.00114,0.00623
1598870331.246962785720825,0.00188,0.00009,0.00010,0.00304,0.00000,0.00087,0.00598
1598870331.309984445571899,0.00201,0.00010,0.00113,0.00326,0.00000,0.00109,0.00759
1598870331.342371225357056,0.00193,0.00008,0.00146,0.00278,0.00000,0.00086,0.00712
1598870331.375958442687988,0.00169,0.00006,0.00060,0.00274,0.00066,0.00108,0.00683
1598870331.409111499786377,0.00197,0.00008,0.00152,0.00313,0.00015,0.00106,0.00791
1598870331.442787647247314,0.00228,0.00010,0.00004,0.00293,0.00003,0.00106,0.00643
1598870331.476210355758667,0.00196,0.00008,0.00001,0.00298,0.00000,0.00108,0.00611
1598870331.510097503662109,0.00221,0.00007,0.00054,0.00281,0.00009,0.00089,0.00661
1598870331.543860197067261,0.00191,0.00008,0.00106,0.00278,0.00057,0.00105,0.00745
1598870331.579673290252686,0.00200,0.00008,0.00006,0.00301,0.00000,0.00112,0.00627
1598870331.615147829055786,0.00181,0.00008,0.00182,0.00299,0.00000,0.00090,0.00761
1598870331.676150560379028,0.00212,0.00012,0.00026,0.00299,0.00000,0.00084,0.00633
1598870331.709467411041260,0.00181,0.00006,0.00037,0.00279,0.00000,0.00081,0.00584
1598870331.743650913238525,0.00170,0.00006,0.00079,0.00274,0.00054,0.00076,0.00659
1598870331.775963783264160,0.00174,0.00006,0.00126,0.00289,0.00006,0.00082,0.00683
1598870331.808327913284302,0.00176,0.00006,0.00109,0.00305,0.00000,0.00081,0.00677
1598870331.843572378158569,0.00168,0.00006,0.00177,0.00329,0.00000,0.00119,0.00799
1598870331.876203536987305,0.00219,0.00007,0.00005,0.00301,0.00000,0.00080,0.00613
1598870331.910252571105957,0.00185,0.00006,0.00001,0.00300,0.00000,0.00082,0.00573
1598870331.943646907806396,0.00183,0.00006,0.00064,0.00287,0.00000,0.00081,0.00622
1598870331.979257345199585,0.00203,0.00010,0.00098,0.00298,0.00000,0.00107,0.00717
1598870332.012182950973511,0.00193,0.00006,0.00005,0.00317,0.00000,0.00107,0.00628
1598870332.046062707901001,0.00145,0.00008,0.00162,0.00292,0.00000,0.00088,0.00695
1598870332.108939409255981,0.00189,0.00007,0.00014,0.00286,0.00000,0.00077,0.00574
1598870332.143986701965332,0.00198,0.00010,0.00010,0.00307,0.00000,0.00111,0.00635
1598870332.176563739776611,0.00178,0.00007,0.00058,0.00296,0.00000,0.00085,0.00624
1598870332.210175275802612,0.00170,0.00006,0.00171,0.00292,0.00000,0.00084,0.00723
1598870332.247584581375122,0.00178,0.00009,0.00091,0.00290,0.00000,0.00101,0.00668
1598870332.309798002243042,0.00237,0.00010,0.00145,0.00294,0.00000,0.00109,0.00795
1598870332.343728065490723,0.00161,0.00006,0.00004,0.00302,0.00000,0.00085,0.00558
1598870332.376923084259033,0.00163,0.00006,0.00001,0.00299,0.00000,0.00085,0.00555
1598870332.409614562988281,0.00167,0.00006,0.00062,0.00294,0.00000,0.00082,0.00611
1598870332.447683572769165,0.00226,0.00006,0.00056,0.00302,0.00000,0.00091,0.00680
1598870332.511793375015259,0.00193,0.00007,0.00005,0.00287,0.00000,0.00090,0.00582
1598870332.545245647430420,0.00186,0.00006,0.00165,0.00311,0.00000,0.00112,0.00781
1598870332.578984022140503,0.00206,0.00012,0.00015,0.00304,0.00000,0.00101,0.00638
1598870332.644703865051270,0.00189,0.00007,0.00009,0.00288,0.00000,0.00097,0.00590
1598870332.677276372909546,0.00198,0.00007,0.00061,0.00285,0.00000,0.00089,0.00640
1598870332.709564685821533,0.00183,0.00006,0.00104,0.00285,0.00056,0.00091,0.00724
1598870332.744038343429565,0.00184,0.00006,0.00119,0.00300,0.00000,0.00128,0.00737
1598870332.776361942291260,0.00210,0.00009,0.00162,0.00287,0.00000,0.00116,0.00784
1598870332.809953212738037,0.00182,0.00006,0.00004,0.00284,0.00002,0.00094,0.00572
1598870332.845671176910400,0.00184,0.00016,0.00001,0.00278,0.00000,0.00118,0.00597
1598870332.879888772964478,0.00219,0.00014,0.00503,0.00264,0.00069,0.00093,0.01163
1598870332.912173271179199,0.00163,0.00006,0.00054,0.00282,0.00004,0.00084,0.00592
1598870332.946397066116333,0.00213,0.00014,0.00004,0.00293,0.00002,0.00122,0.00648
1598870333.010742664337158,0.00196,0.00008,0.00140,0.00294,0.00003,0.00092,0.00733
1598870333.045550107955933,0.00183,0.00006,0.00006,0.00322,0.00011,0.00118,0.00647
1598870333.110588550567627,0.00211,0.00016,0.00008,0.00299,0.00034,0.00113,0.00681
1598870333.144551992416382,0.00181,0.00006,0.00084,0.00273,0.00000,0.00093,0.00638
1598870333.209724426269531,0.00188,0.00007,0.00121,0.00274,0.00012,0.00092,0.00694
1598870333.244749546051025,0.00181,0.00006,0.00101,0.00350,0.00000,0.00117,0.00756
1598870333.309792041778564,0.00220,0.00010,0.00171,0.00292,0.00000,0.00120,0.00814
1598870333.349220514297485,0.00196,0.00015,0.00067,0.00272,0.00013,0.00126,0.00689
1598870333.414801359176636,0.00224,0.00015,0.00001,0.00294,0.00000,0.00117,0.00650
1598870333.478717327117920,0.00190,0.00008,0.00592,0.00264,0.00012,0.00118,0.01184
1598870333.512716531753540,0.00211,0.00013,0.00063,0.00286,0.00000,0.00119,0.00693
1598870333.577896118164062,0.00216,0.00015,0.00037,0.00279,0.00007,0.00110,0.00664
1598870333.645018815994263,0.00216,0.00015,0.00265,0.00309,0.00000,0.00159,0.00965
1598870333.710511445999146,0.00197,0.00009,0.00036,0.00309,0.00000,0.00092,0.00644
1598870333.745114088058472,0.00187,0.00006,0.00099,0.00276,0.00000,0.00090,0.00658
1598870333.815292119979858,0.00187,0.00008,0.00119,0.00280,0.00000,0.00092,0.00685
1598870333.878479242324829,0.00190,0.00008,0.00122,0.00263,0.00007,0.00089,0.00679
1598870333.913472890853882,0.00201,0.00009,0.00118,0.00255,0.00002,0.00091,0.00677
1598870333.979660511016846,0.00191,0.00008,0.00158,0.00263,0.00045,0.00091,0.00756
1598870334.014088392257690,0.00211,0.00006,0.00001,0.00281,0.00054,0.00089,0.00641
1598870334.047098875045776,0.00192,0.00006,0.00001,0.00300,0.00000,0.00102,0.00601
1598870334.110589504241943,0.00192,0.00007,0.00561,0.00291,0.00000,0.00112,0.01163
1598870334.144682168960571,0.00210,0.00015,0.00100,0.00302,0.00000,0.00114,0.00741
1598870334.178623676300049,0.00186,0.00006,0.00031,0.00307,0.00000,0.00131,0.00660
1598870334.211237430572510,0.00204,0.00012,0.00282,0.00325,0.00000,0.00102,0.00926
1598870334.245049953460693,0.00214,0.00014,0.00040,0.00305,0.00000,0.00117,0.00691
1598870334.281431913375854,0.00181,0.00006,0.00102,0.00295,0.00000,0.00114,0.00698
1598870334.346449375152588,0.00198,0.00017,0.00119,0.00288,0.00000,0.00131,0.00753
1598870334.380566596984863,0.00197,0.00015,0.00125,0.00318,0.00000,0.00101,0.00756
1598870334.444950103759766,0.00201,0.00016,0.00132,0.00299,0.00000,0.00113,0.00760
1598870334.477347135543823,0.00190,0.00006,0.00154,0.00299,0.00000,0.00090,0.00739
1598870334.511733531951904,0.00185,0.00006,0.00001,0.00319,0.00000,0.00131,0.00642
1598870334.547988653182983,0.00209,0.00014,0.00004,0.00302,0.00000,0.00101,0.00629
1598870334.611579895019531,0.00197,0.00015,0.00504,0.00289,0.00002,0.00108,0.01115
1598870334.645757436752319,0.00186,0.00006,0.00055,0.00285,0.00010,0.00090,0.00632
1598870334.682760715484619,0.00177,0.00006,0.00027,0.00290,0.00002,0.00089,0.00591
1598870334.715165615081787,0.00183,0.00006,0.00257,0.00318,0.00064,0.00110,0.00938
1598870334.781903743743896,0.00224,0.00011,0.00048,0.00305,0.00000,0.00115,0.00702
1598870334.814292430877686,0.00194,0.00010,0.00104,0.00295,0.00000,0.00123,0.00726
1598870334.878661870956421,0.00201,0.00008,0.00060,0.00273,0.00000,0.00084,0.00627
1598870334.916736125946045,0.00212,0.00014,0.00118,0.00306,0.00000,0.00091,0.00742
1598870334.977954149246216,0.00212,0.00015,0.00140,0.00284,0.00002,0.00111,0.00763
1598870335.014933347702026,0.00188,0.00006,0.00159,0.00270,0.00016,0.00091,0.00731
1598870335.081476211547852,0.00190,0.00008,0.00030,0.00276,0.00000,0.00088,0.00592
1598870335.145441055297852,0.00182,0.00008,0.00003,0.00286,0.00002,0.00110,0.00592
1598870335.179317712783813,0.00193,0.00012,0.00450,0.00277,0.00018,0.00109,0.01060
1598870335.212542057037354,0.00188,0.00006,0.00001,0.00280,0.00064,0.00089,0.00627
1598870335.245192527770996,0.00178,0.00006,0.00029,0.00279,0.00002,0.00087,0.00580
1598870335.278168916702271,0.00174,0.00006,0.00210,0.00293,0.00116,0.00111,0.00910
1598870335.311496019363403,0.00212,0.00010,0.00045,0.00308,0.00000,0.00114,0.00690
1598870335.346228599548340,0.00179,0.00011,0.00099,0.00286,0.00000,0.00089,0.00663
1598870335.379341602325439,0.00189,0.00006,0.00051,0.00287,0.00007,0.00091,0.00630
1598870335.413502216339111,0.00176,0.00006,0.00017,0.00015,0.00000,0.00084,0.00299
1598870335.446667194366455,0.00251,0.00006,0.00033,0.00023,0.00017,0.00102,0.00432
1598870335.479218006134033,0.00215,0.00010,0.00117,0.00001,0.00039,0.00099,0.00482
1598870335.514387607574463,0.00236,0.00006,0.00001,0.00004,0.00000,0.00127,0.00374
1598870335.582238912582397,0.00195,0.00006,0.00004,0.00003,0.00016,0.00080,0.00305
1598870335.646759271621704,0.00195,0.00006,0.00013,0.00003,0.00146,0.00087,0.00449
1598870335.680329322814941,0.00244,0.00008,0.00001,0.00020,0.00010,0.00109,0.00393
1598870335.718977928161621,0.00204,0.00004,0.00002,0.00009,0.00013,0.00085,0.00317
1598870335.779066801071167,0.00241,0.00011,0.00005,0.00019,0.00077,0.00117,0.00470
1598870335.812588930130005,0.00194,0.00006,0.00004,0.00010,0.00023,0.00099,0.00336
1598870335.847171783447266,0.00205,0.00007,0.00014,0.00009,0.00019,0.00108,0.00361
1598870335.880765438079834,0.00164,0.00004,0.00008,0.00011,0.00009,0.00082,0.00279
1598870335.913112401962280,0.00222,0.00007,0.00001,0.00014,0.00015,0.00116,0.00375
1598870335.947214841842651,0.00196,0.00005,0.00011,0.00011,0.00035,0.00097,0.00355
1598870335.985771656036377,0.00196,0.00005,0.00001,0.00021,0.01100,0.00107,0.01430
1598870336.044709920883179,0.00245,0.00010,0.00022,0.00156,0.00000,0.00108,0.00541
1598870336.078106164932251,0.00192,0.00005,0.00050,0.00173,0.00057,0.00114,0.00592
1598870336.112761259078979,0.00225,0.00010,0.00686,0.00167,0.00247,0.00110,0.01445
1598870336.150101184844971,0.00220,0.00009,0.00027,0.00202,0.00034,0.00099,0.00591
1598870336.211163520812988,0.00259,0.00016,0.00028,0.00217,0.00037,0.00123,0.00680
1598870336.244928121566772,0.00207,0.00011,0.00167,0.00219,0.00010,0.00092,0.00706
1598870336.279468297958374,0.00193,0.00014,0.00052,0.00222,0.00010,0.00108,0.00600
1598870336.312667608261108,0.00166,0.00006,0.00030,0.00216,0.00030,0.00083,0.00530
1598870336.347467422485352,0.00159,0.00006,0.00060,0.00250,0.00000,0.00079,0.00555
1598870336.379782676696777,0.00205,0.00010,0.00015,0.00226,0.00050,0.00083,0.00589
1598870336.413516283035278,0.00197,0.00013,0.00132,0.00207,0.00000,0.00120,0.00671
1598870336.445887565612793,0.00234,0.00009,0.00156,0.00191,0.00025,0.00091,0.00707
1598870336.479835510253906,0.00195,0.00005,0.00038,0.00190,0.00000,0.00086,0.00514
1598870336.513111352920532,0.00191,0.00006,0.00021,0.00189,0.00002,0.00088,0.00496
1598870336.546698093414307,0.00196,0.00006,0.00530,0.00231,0.00170,0.00115,0.01249
1598870336.586138486862183,0.00220,0.00008,0.00009,0.00220,0.00000,0.00107,0.00563
1598870336.646727561950684,0.00183,0.00007,0.00018,0.00200,0.00000,0.00085,0.00494
1598870336.680369615554810,0.00176,0.00005,0.00059,0.00193,0.00064,0.00083,0.00581
1598870336.714173555374146,0.00176,0.00005,0.00010,0.00200,0.00023,0.00121,0.00537
1598870336.780078411102295,0.00212,0.00011,0.00001,0.00211,0.00036,0.00098,0.00570
1598870336.812774658203125,0.00176,0.00006,0.00067,0.00211,0.00058,0.00091,0.00608
1598870336.850816249847412,0.00167,0.00006,0.00019,0.00234,0.00000,0.00093,0.00520
1598870336.914462566375732,0.00228,0.00013,0.00357,0.00196,0.00002,0.00101,0.00897
1598870336.948030471801758,0.00200,0.00008,0.00092,0.00203,0.00079,0.00108,0.00689
1598870336.980451107025146,0.00177,0.00006,0.00006,0.00200,0.00000,0.00083,0.00471
1598870337.014182567596436,0.00180,0.00009,0.00001,0.00189,0.00046,0.00080,0.00505
1598870337.083143949508667,0.00183,0.00007,0.01325,0.00177,0.00165,0.00079,0.01935
1598870337.116856813430786,0.00198,0.00006,0.00006,0.00215,0.00003,0.00079,0.00506
1598870337.149505376815796,0.00194,0.00005,0.00038,0.00189,0.00002,0.00086,0.00514
1598870337.215655803680420,0.00183,0.00011,0.00004,0.00184,0.00000,0.00083,0.00465
1598870337.281027793884277,0.00226,0.00010,0.00011,0.00182,0.00017,0.00100,0.00546
1598870337.316957235336304,0.00236,0.00006,0.00013,0.00200,0.00000,0.00110,0.00565
1598870337.380848407745361,0.00221,0.00012,0.00015,0.00179,0.00000,0.00095,0.00523
1598870337.413743495941162,0.00188,0.00010,0.00008,0.00200,0.00202,0.00089,0.00698
1598870337.446631431579590,0.00207,0.00013,0.00193,0.00220,0.00148,0.00101,0.00882
1598870337.481029987335205,0.00183,0.00006,0.00130,0.00287,0.00000,0.00101,0.00708
1598870337.545784473419189,0.00196,0.00014,0.00029,0.00236,0.00038,0.00106,0.00619
1598870337.581464290618896,0.00182,0.00006,0.00001,0.00232,0.00000,0.00082,0.00502
1598870337.645349264144897,0.00193,0.00008,0.00204,0.00218,0.00000,0.00079,0.00703
1598870337.685704946517944,0.00177,0.00006,0.00048,0.00214,0.00059,0.00080,0.00584
1598870337.749498844146729,0.00195,0.00017,0.00123,0.00236,0.00007,0.00097,0.00676
1598870337.782348632812500,0.00200,0.00013,0.00113,0.00250,0.00000,0.00107,0.00684
1598870337.815013170242310,0.00183,0.00006,0.00048,0.00255,0.00000,0.00079,0.00571
1598870337.850986480712891,0.00188,0.00006,0.00123,0.00251,0.00000,0.00092,0.00661
1598870337.915187597274780,0.00196,0.00007,0.00004,0.00254,0.00000,0.00135,0.00597
1598870337.980317831039429,0.00202,0.00014,0.00015,0.00261,0.00000,0.00110,0.00602
1598870338.014518976211548,0.00203,0.00006,0.00217,0.00252,0.00000,0.00084,0.00761
1598870338.082213163375854,0.00189,0.00008,0.00036,0.00256,0.00000,0.00081,0.00570
1598870338.115055561065674,0.00196,0.00006,0.00032,0.00246,0.00000,0.00082,0.00561
1598870338.181049585342407,0.00217,0.00017,0.00001,0.00259,0.00000,0.00109,0.00603
1598870338.214625358581543,0.00197,0.00006,0.00193,0.00236,0.00008,0.00082,0.00722
1598870338.279888868331909,0.00173,0.00008,0.00028,0.00242,0.00000,0.00069,0.00519
1598870338.313974380493164,0.00207,0.00014,0.00088,0.00231,0.00000,0.00112,0.00652
1598870338.347468376159668,0.00192,0.00007,0.00117,0.00239,0.00000,0.00126,0.00680
1598870338.380185842514038,0.00185,0.00012,0.00029,0.00237,0.00007,0.00155,0.00625
1598870338.414687156677246,0.00200,0.00013,0.00008,0.00254,0.00004,0.00110,0.00589
1598870338.447649240493774,0.00181,0.00006,0.00101,0.00225,0.00055,0.00090,0.00659
1598870338.480415821075439,0.00174,0.00007,0.00018,0.00248,0.00000,0.00085,0.00531
1598870338.515032768249512,0.00195,0.00006,0.00169,0.00257,0.00064,0.00108,0.00799
1598870338.547872066497803,0.00206,0.00014,0.00133,0.00243,0.00000,0.00106,0.00702
1598870338.580837249755859,0.00180,0.00006,0.00003,0.00246,0.00002,0.00084,0.00522
1598870338.613428592681885,0.00177,0.00006,0.00005,0.00246,0.00000,0.00086,0.00519
1598870338.646076202392578,0.00179,0.00015,0.00166,0.00237,0.00002,0.00110,0.00710
1598870338.681002855300903,0.00189,0.00006,0.00001,0.00236,0.00002,0.00071,0.00505
1598870338.747470140457153,0.00201,0.00015,0.00004,0.00259,0.00003,0.00115,0.00597
1598870338.782094955444336,0.00179,0.00014,0.00057,0.00241,0.00059,0.00112,0.00661
1598870338.815541505813599,0.00202,0.00015,0.00020,0.00261,0.00000,0.00103,0.00601
1598870338.881697416305542,0.00193,0.00013,0.00012,0.00251,0.00000,0.00109,0.00577
1598870338.914999246597290,0.00238,0.00012,0.00114,0.00235,0.00000,0.00093,0.00693
1598870338.948392152786255,0.00217,0.00006,0.00088,0.00249,0.00006,0.00085,0.00651
1598870338.982961177825928,0.00172,0.00006,0.00169,0.00244,0.00000,0.00080,0.00670
1598870339.048576116561890,0.00178,0.00007,0.00122,0.00255,0.00000,0.00079,0.00641
1598870339.082565307617188,0.00194,0.00018,0.00054,0.00247,0.00007,0.00099,0.00619
1598870339.116195440292358,0.00203,0.00014,0.00005,0.00262,0.00000,0.00107,0.00591
1598870339.150331735610962,0.00183,0.00006,0.00165,0.00278,0.00000,0.00111,0.00743
1598870339.218212366104126,0.00198,0.00014,0.00020,0.00266,0.00000,0.00114,0.00611
1598870339.250969886779785,0.00196,0.00006,0.00006,0.00271,0.00000,0.00143,0.00623
1598870339.283610105514526,0.00186,0.00013,0.00055,0.00260,0.00000,0.00109,0.00622
1598870339.317244768142700,0.00186,0.00006,0.00013,0.00261,0.00000,0.00085,0.00551
1598870339.350802421569824,0.00211,0.00015,0.00015,0.00258,0.00000,0.00110,0.00609
1598870339.383945226669312,0.00213,0.00013,0.00074,0.00250,0.00000,0.00114,0.00665
1598870339.420418500900269,0.00188,0.00006,0.00096,0.00268,0.00015,0.00102,0.00676
1598870339.484550714492798,0.00221,0.00015,0.00173,0.00258,0.00000,0.00109,0.00776
1598870339.517340898513794,0.00191,0.00006,0.00118,0.00266,0.00000,0.00086,0.00667
1598870339.551371574401855,0.00192,0.00013,0.00008,0.00265,0.00000,0.00115,0.00595
1598870339.584824800491333,0.00170,0.00007,0.00001,0.00248,0.00000,0.00074,0.00499
1598870339.625394344329834,0.00207,0.00014,0.00169,0.00248,0.00000,0.00125,0.00763
1598870339.686612367630005,0.00207,0.00008,0.00021,0.00260,0.00000,0.00127,0.00623
1598870339.720255613327026,0.00194,0.00012,0.00007,0.00257,0.00000,0.00098,0.00569
1598870339.784949302673340,0.00218,0.00017,0.00063,0.00260,0.00000,0.00124,0.00681
1598870339.819233655929565,0.00214,0.00007,0.00037,0.00267,0.00000,0.00096,0.00622
1598870339.856309890747070,0.00213,0.00007,0.00013,0.00254,0.00000,0.00087,0.00574
1598870339.919091939926147,0.00200,0.00008,0.00104,0.00252,0.00000,0.00088,0.00652
1598870339.952982902526855,0.00195,0.00006,0.00055,0.00245,0.00000,0.00083,0.00584
1598870340.018339872360229,0.00191,0.00008,0.00169,0.00246,0.00000,0.00122,0.00737
1598870340.052507162094116,0.00160,0.00011,0.00121,0.00236,0.00007,0.00091,0.00626
1598870340.084930419921875,0.00193,0.00006,0.00001,0.00299,0.00000,0.00067,0.00566
1598870340.118061065673828,0.00205,0.00014,0.00001,0.00261,0.00000,0.00120,0.00601
1598870340.152475595474243,0.00188,0.00007,0.00169,0.00258,0.00000,0.00102,0.00724
1598870340.185979366302490,0.00188,0.00006,0.00010,0.00282,0.00000,0.00115,0.00601
1598870340.219209432601929,0.00208,0.00013,0.00007,0.00265,0.00000,0.00115,0.00608
1598870340.254570722579956,0.00182,0.00007,0.00071,0.00249,0.00000,0.00092,0.00602
1598870340.319206237792969,0.00177,0.00008,0.00009,0.00256,0.00000,0.00085,0.00536
1598870340.352448940277100,0.00174,0.00006,0.00016,0.00247,0.00003,0.00083,0.00528
1598870340.420278310775757,0.00181,0.00008,0.00102,0.00244,0.00034,0.00099,0.00669
1598870340.452639102935791,0.00192,0.00014,0.00057,0.00259,0.00000,0.00109,0.00630
1598870340.517918825149536,0.00175,0.00012,0.00168,0.00240,0.00000,0.00084,0.00680
1598870340.551304340362549,0.00169,0.00006,0.00126,0.00238,0.00000,0.00081,0.00620
1598870340.585830688476562,0.00184,0.00006,0.00012,0.00233,0.00012,0.00102,0.00549
1598870340.618561029434204,0.00209,0.00014,0.00041,0.00254,0.00000,0.00095,0.00613
1598870340.651812791824341,0.00185,0.00006,0.00199,0.00246,0.00002,0.00080,0.00718
