# timestamp (sec),tracking,propagation,msckf update,slam update,slam delayed,re-tri & marg,total
1598871597.460292339324951,0.00215,0.00010,0.00005,0.00000,0.00000,0.00087,0.00317
1598871597.494220972061157,0.00213,0.00006,0.00146,0.00000,0.00052,0.00074,0.00491
1598871597.528257131576538,0.00221,0.00007,0.00000,0.00000,0.00000,0.00104,0.00333
1598871597.561973810195923,0.00183,0.00006,0.00000,0.00000,0.00000,0.00093,0.00283
1598871597.628316402435303,0.00237,0.00008,0.00000,0.00000,0.00000,0.00134,0.00379
1598871597.661794424057007,0.00168,0.00005,0.00000,0.00000,0.00000,0.00091,0.00265
1598871597.695763349533081,0.00213,0.00005,0.00000,0.00000,0.00000,0.00120,0.00338
1598871597.728284120559692,0.00214,0.00005,0.00000,0.00000,0.00000,0.00084,0.00304
1598871597.762374401092529,0.00194,0.00005,0.00004,0.00000,0.00008,0.00105,0.00317
1598871597.795137405395508,0.00235,0.00005,0.00000,0.00000,0.00009,0.00079,0.00329
1598871597.827777147293091,0.00236,0.00005,0.00000,0.00000,0.00014,0.00112,0.00368
1598871597.861881494522095,0.00198,0.00005,0.00000,0.00000,0.00000,0.00079,0.00282
1598871597.901814699172974,0.00236,0.00007,0.00000,0.00000,0.00000,0.00104,0.00348
1598871597.964048862457275,0.00238,0.00006,0.00043,0.00000,0.00631,0.00075,0.00993
1598871598.029607534408569,0.00239,0.00011,0.00001,0.00090,0.00000,0.00106,0.00447
1598871598.063236474990845,0.00238,0.00006,0.00000,0.00065,0.00000,0.00078,0.00388
1598871598.097257375717163,0.00254,0.00010,0.00005,0.00067,0.00000,0.00136,0.00472
1598871598.163474798202515,0.00266,0.00008,0.00000,0.00066,0.00000,0.00097,0.00438
1598871598.228159189224243,0.00250,0.00007,0.00000,0.00075,0.00000,0.00143,0.00476
1598871598.261850357055664,0.00204,0.00008,0.00000,0.00065,0.00000,0.00096,0.00374
1598871598.295445919036865,0.00248,0.00010,0.00001,0.00068,0.00013,0.00093,0.00433
1598871598.329479217529297,0.00234,0.00007,0.00001,0.00062,0.00009,0.00086,0.00398
1598871598.361828804016113,0.00201,0.00005,0.00000,0.00060,0.00012,0.00112,0.00392
1598871598.395888328552246,0.00245,0.00010,0.00001,0.00065,0.00000,0.00098,0.00418
1598871598.430500507354736,0.00161,0.00006,0.00000,0.00058,0.00004,0.00113,0.00343
1598871598.496022939682007,0.00250,0.00010,0.00046,0.00061,0.00050,0.00078,0.00494
1598871598.530155658721924,0.00286,0.00007,0.00005,0.00061,0.00003,0.00135,0.00498
1598871598.596749782562256,0.00285,0.00008,0.00008,0.00054,0.00000,0.00078,0.00434
1598871598.629606962203979,0.00239,0.00009,0.00005,0.00055,0.00012,0.00113,0.00434
1598871598.663307905197144,0.00223,0.00006,0.00001,0.00050,0.00000,0.00078,0.00359
1598871598.695759534835815,0.00228,0.00007,0.00002,0.00047,0.00000,0.00118,0.00402
1598871598.729292392730713,0.00234,0.00005,0.00000,0.00046,0.00000,0.00073,0.00359
1598871598.761642932891846,0.00220,0.00010,0.00005,0.00051,0.00027,0.00134,0.00446
1598871598.795934200286865,0.00274,0.00009,0.00001,0.00053,0.00030,0.00085,0.00452
1598871598.829385280609131,0.00261,0.00008,0.00001,0.00058,0.00013,0.00126,0.00467
1598871598.899093389511108,0.00235,0.00011,0.00014,0.00056,0.00024,0.00111,0.00451
1598871598.932463169097900,0.00221,0.00009,0.00008,0.00062,0.00004,0.00123,0.00427
1598871598.966581583023071,0.00218,0.00008,0.00071,0.00051,0.00052,0.00077,0.00476
1598871599.000187158584595,0.00205,0.00005,0.00003,0.00053,0.00005,0.00104,0.00374
1598871599.034083604812622,0.00224,0.00010,0.00002,0.00058,0.00004,0.00106,0.00404
1598871599.067226171493530,0.00189,0.00008,0.00010,0.00055,0.00034,0.00130,0.00426
1598871599.103153705596924,0.00191,0.00005,0.00009,0.00058,0.00000,0.00072,0.00336
1598871599.168758630752563,0.00229,0.00009,0.00004,0.00062,0.00000,0.00119,0.00422
1598871599.202536344528198,0.00255,0.00008,0.00009,0.00062,0.00000,0.00096,0.00430
1598871599.235079050064087,0.00224,0.00009,0.00019,0.00060,0.00045,0.00131,0.00489
1598871599.267135143280029,0.00232,0.00006,0.00005,0.00070,0.00187,0.00073,0.00572
1598871599.300147533416748,0.00244,0.00007,0.00001,0.00104,0.00005,0.00116,0.00477
1598871599.332952022552490,0.00571,0.00011,0.00005,0.00109,0.00100,0.00096,0.00892
1598871599.366341114044189,0.00244,0.00009,0.00005,0.00122,0.00026,0.00171,0.00577
1598871599.398730039596558,0.00233,0.00007,0.00126,0.00104,0.00057,0.00084,0.00611
1598871599.432861089706421,0.00241,0.00006,0.00019,0.00113,0.00005,0.00077,0.00461
1598871599.465862274169922,0.00186,0.00006,0.00007,0.00122,0.00002,0.00076,0.00399
1598871599.499631643295288,0.00213,0.00005,0.00005,0.00123,0.00078,0.00075,0.00499
1598871599.532327413558960,0.00184,0.00007,0.00001,0.00130,0.00000,0.00075,0.00398
1598871599.565763235092163,0.00270,0.00010,0.00005,0.00139,0.00051,0.00092,0.00567
1598871599.598438978195190,0.00217,0.00011,0.00009,0.00141,0.00008,0.00113,0.00498
1598871599.663388967514038,0.00216,0.00007,0.00009,0.00129,0.00000,0.00084,0.00446
1598871599.698279142379761,0.00232,0.00007,0.00005,0.00129,0.00031,0.00109,0.00514
1598871599.731904506683350,0.00224,0.00006,0.00007,0.00129,0.00160,0.00082,0.00607
1598871599.764777421951294,0.00209,0.00008,0.00031,0.00144,0.00059,0.00079,0.00529
1598871599.799344778060913,0.00210,0.00006,0.00001,0.00148,0.00000,0.00079,0.00443
1598871599.831859588623047,0.00275,0.00009,0.00136,0.00147,0.00023,0.00098,0.00688
1598871599.865353584289551,0.00237,0.00009,0.00001,0.00152,0.00004,0.00090,0.00492
1598871599.898880243301392,0.00225,0.00012,0.00001,0.00159,0.00062,0.00099,0.00558
1598871599.932247638702393,0.00213,0.00008,0.00001,0.00163,0.00015,0.00101,0.00501
1598871599.964976072311401,0.00241,0.00009,0.00001,0.00160,0.00009,0.00091,0.00512
1598871599.998076915740967,0.00227,0.00006,0.00005,0.00158,0.00105,0.00086,0.00587
1598871600.031817913055420,0.00213,0.00007,0.00001,0.00176,0.00063,0.00087,0.00547
1598871600.065629482269287,0.00246,0.00010,0.00001,0.00190,0.00003,0.00098,0.00548
1598871600.098516941070557,0.00193,0.00009,0.00001,0.00191,0.00148,0.00130,0.00672
1598871600.131950855255127,0.00237,0.00011,0.00001,0.00214,0.00011,0.00091,0.00564
1598871600.165886878967285,0.00235,0.00011,0.00007,0.00235,0.00016,0.00094,0.00598
1598871600.231166124343872,0.00225,0.00014,0.00001,0.00216,0.00009,0.00088,0.00554
1598871600.264246940612793,0.00218,0.00010,0.00045,0.00215,0.00011,0.00091,0.00590
1598871600.297589302062988,0.00251,0.00008,0.00001,0.00213,0.00004,0.00083,0.00560
1598871600.329971075057983,0.00225,0.00006,0.00001,0.00215,0.00000,0.00079,0.00526
1598871600.362962007522583,0.00223,0.00007,0.00004,0.00211,0.00232,0.00083,0.00760
1598871600.396638393402100,0.00227,0.00007,0.00037,0.00262,0.00005,0.00084,0.00621
1598871600.429288625717163,0.00221,0.00006,0.00001,0.00259,0.00000,0.00082,0.00568
1598871600.462331056594849,0.00224,0.00008,0.00004,0.00257,0.00005,0.00091,0.00589
1598871600.503742456436157,0.00223,0.00011,0.00022,0.00256,0.00004,0.00103,0.00619
1598871600.562934160232544,0.00238,0.00015,0.00022,0.00225,0.00047,0.00084,0.00631
1598871600.596325397491455,0.00274,0.00010,0.00006,0.00222,0.00000,0.00090,0.00602
1598871600.629614353179932,0.00249,0.00007,0.00007,0.00206,0.00015,0.00086,0.00571
1598871600.665688514709473,0.00232,0.00013,0.00007,0.00208,0.00009,0.00102,0.00571
1598871600.729565620422363,0.00272,0.00013,0.00091,0.00189,0.00068,0.00090,0.00723
1598871600.798033952713013,0.00220,0.00011,0.00001,0.00097,0.00043,0.00086,0.00458
1598871600.864303112030029,0.00247,0.00008,0.00007,0.00164,0.00006,0.00083,0.00515
1598871600.897628068923950,0.00260,0.00012,0.00020,0.00123,0.00038,0.00104,0.00558
1598871600.930371522903442,0.00268,0.00009,0.00010,0.00178,0.00018,0.00086,0.00569
1598871600.964428186416626,0.00251,0.00008,0.00005,0.00191,0.00010,0.00088,0.00553
1598871600.997708082199097,0.00243,0.00008,0.00001,0.00188,0.00006,0.00087,0.00532
1598871601.031071662902832,0.00182,0.00008,0.00004,0.00182,0.00031,0.00083,0.00491
1598871601.064296483993530,0.00258,0.00007,0.00001,0.00188,0.00053,0.00082,0.00589
1598871601.099210739135742,0.00257,0.00009,0.00001,0.00208,0.00000,0.00105,0.00579
1598871601.163470983505249,0.00255,0.00011,0.00007,0.00191,0.00040,0.00089,0.00593
1598871601.196396827697754,0.00229,0.00010,0.00005,0.00206,0.00005,0.00103,0.00559
1598871601.230452537536621,0.00235,0.00008,0.00190,0.00203,0.00016,0.00107,0.00760
1598871601.264389038085938,0.00217,0.00015,0.00006,0.00208,0.00012,0.00088,0.00546
1598871601.297093152999878,0.00246,0.00010,0.00010,0.00198,0.00006,0.00112,0.00583
1598871601.330504894256592,0.00195,0.00008,0.00001,0.00197,0.00014,0.00090,0.00505
1598871601.364355564117432,0.00227,0.00011,0.00007,0.00189,0.00076,0.00087,0.00599
1598871601.429840803146362,0.00272,0.00011,0.00014,0.00178,0.00035,0.00120,0.00630
1598871601.463050127029419,0.00185,0.00009,0.00010,0.00176,0.00003,0.00083,0.00466
1598871601.497850179672241,0.00226,0.00006,0.00011,0.00166,0.00002,0.00084,0.00495
1598871601.530762910842896,0.00197,0.00009,0.00005,0.00164,0.00173,0.00078,0.00626
1598871601.563489675521851,0.00238,0.00009,0.00007,0.00190,0.00000,0.00082,0.00526
1598871601.596639633178711,0.00203,0.00008,0.00003,0.00180,0.00007,0.00082,0.00484
1598871601.631422996520996,0.00243,0.00013,0.00007,0.00181,0.00007,0.00101,0.00551
1598871601.696773529052734,0.00219,0.00012,0.00029,0.00168,0.00048,0.00087,0.00563
1598871601.729905366897583,0.00184,0.00005,0.00005,0.00164,0.00010,0.00085,0.00453
1598871601.762516260147095,0.00204,0.00008,0.00003,0.00163,0.00015,0.00083,0.00477
1598871601.796986579895020,0.00228,0.00006,0.00004,0.00159,0.00011,0.00086,0.00495
1598871601.829908847808838,0.00179,0.00006,0.00003,0.00158,0.00074,0.00087,0.00506
1598871601.863915443420410,0.00248,0.00009,0.00004,0.00165,0.00000,0.00087,0.00513
1598871601.897209882736206,0.00240,0.00011,0.00045,0.00080,0.00063,0.00104,0.00543
1598871601.929529428482056,0.00220,0.00007,0.00022,0.00100,0.00052,0.00090,0.00491
1598871601.963929891586304,0.00259,0.00010,0.00016,0.00104,0.00061,0.00103,0.00553
1598871602.030128717422485,0.00234,0.00010,0.00018,0.00098,0.00016,0.00094,0.00470
1598871602.064514875411987,0.00211,0.00009,0.00005,0.00093,0.00005,0.00086,0.00409
1598871602.097816228866577,0.00223,0.00007,0.00004,0.00091,0.00003,0.00099,0.00427
1598871602.131042242050171,0.00191,0.00009,0.00001,0.00092,0.00078,0.00107,0.00478
1598871602.165234565734863,0.00241,0.00007,0.00001,0.00088,0.00006,0.00090,0.00433
1598871602.197803020477295,0.00227,0.00005,0.00014,0.00084,0.00011,0.00086,0.00428
1598871602.231242418289185,0.00237,0.00005,0.00004,0.00085,0.00011,0.00105,0.00448
1598871602.263948202133179,0.00249,0.00005,0.00002,0.00077,0.00007,0.00081,0.00422
1598871602.297521829605103,0.00208,0.00005,0.00001,0.00077,0.00042,0.00079,0.00411
1598871602.330985784530640,0.00204,0.00005,0.00001,0.00086,0.00057,0.00085,0.00437
1598871602.364295482635498,0.00217,0.00006,0.00004,0.00093,0.00085,0.00083,0.00488
1598871602.397153377532959,0.00228,0.00008,0.00001,0.00118,0.00297,0.00102,0.00753
1598871602.431463003158569,0.00211,0.00008,0.00001,0.00144,0.00011,0.00100,0.00473
1598871602.464918136596680,0.00233,0.00008,0.00006,0.00145,0.00007,0.00102,0.00502
1598871602.498240470886230,0.00197,0.00009,0.00001,0.00142,0.00057,0.00087,0.00493
1598871602.530971765518188,0.00211,0.00006,0.00046,0.00152,0.00050,0.00084,0.00550
1598871602.563999652862549,0.00200,0.00008,0.00001,0.00149,0.00059,0.00082,0.00499
1598871602.597621679306030,0.00234,0.00010,0.00001,0.00160,0.00015,0.00092,0.00512
1598871602.630806446075439,0.00251,0.00012,0.00001,0.00170,0.00036,0.00108,0.00577
1598871602.664308786392212,0.00234,0.00009,0.00001,0.00160,0.00035,0.00089,0.00529
1598871602.697244405746460,0.00260,0.00012,0.00001,0.00181,0.00000,0.00110,0.00564
1598871602.731336593627930,0.00207,0.00011,0.00001,0.00173,0.00231,0.00111,0.00734
1598871602.764752864837646,0.00218,0.00009,0.00001,0.00203,0.00058,0.00089,0.00577
1598871602.798873424530029,0.00243,0.00011,0.00178,0.00204,0.00123,0.00103,0.00863
1598871602.831916093826294,0.00161,0.00006,0.00006,0.00229,0.00011,0.00076,0.00489
1598871602.865039348602295,0.00221,0.00009,0.00001,0.00233,0.00007,0.00086,0.00558
1598871602.900078773498535,0.00197,0.00012,0.00001,0.00237,0.00006,0.00105,0.00558
1598871602.932819128036499,0.00211,0.00010,0.00069,0.00229,0.00010,0.00091,0.00620
1598871602.971092939376831,0.00231,0.00012,0.00001,0.00237,0.00009,0.00106,0.00596
1598871603.033732414245605,0.00240,0.00010,0.00001,0.00223,0.00015,0.00094,0.00583
1598871603.067859649658203,0.00224,0.00011,0.00001,0.00219,0.00012,0.00088,0.00556
1598871603.100457668304443,0.00209,0.00009,0.00006,0.00212,0.00014,0.00081,0.00531
1598871603.134030342102051,0.00244,0.00015,0.00039,0.00219,0.00000,0.00106,0.00624
1598871603.168824195861816,0.00246,0.00008,0.00037,0.00212,0.00040,0.00094,0.00638
1598871603.234965324401855,0.00267,0.00016,0.00046,0.00223,0.00003,0.00128,0.00682
1598871603.301639795303345,0.00255,0.00011,0.00055,0.00215,0.00075,0.00097,0.00708
1598871603.335308790206909,0.00193,0.00006,0.00003,0.00234,0.00007,0.00081,0.00523
1598871603.367791652679443,0.00207,0.00007,0.00001,0.00232,0.00006,0.00086,0.00539
1598871603.402233600616455,0.00221,0.00008,0.00001,0.00232,0.00006,0.00083,0.00551
1598871603.468240737915039,0.00238,0.00011,0.00078,0.00215,0.00010,0.00104,0.00657
1598871603.501150131225586,0.00225,0.00012,0.00005,0.00212,0.00006,0.00087,0.00546
1598871603.534684896469116,0.00193,0.00008,0.00002,0.00210,0.00029,0.00083,0.00526
1598871603.567179441452026,0.00209,0.00010,0.00001,0.00218,0.00011,0.00084,0.00532
1598871603.599841356277466,0.00188,0.00006,0.00005,0.00214,0.00060,0.00087,0.00560
1598871603.635468244552612,0.00205,0.00006,0.00001,0.00224,0.00009,0.00085,0.00530
1598871603.701490402221680,0.00239,0.00011,0.00005,0.00223,0.00006,0.00106,0.00591
1598871603.734135627746582,0.00229,0.00010,0.00010,0.00199,0.00004,0.00103,0.00556
1598871603.768390178680420,0.00183,0.00006,0.00013,0.00184,0.00023,0.00086,0.00495
1598871603.807458639144897,0.00219,0.00008,0.00009,0.00190,0.00010,0.00092,0.00528
1598871603.868648529052734,0.00216,0.00008,0.00001,0.00168,0.00008,0.00088,0.00490
1598871603.901436567306519,0.00222,0.00011,0.00032,0.00166,0.00005,0.00096,0.00532
1598871603.936241626739502,0.00220,0.00010,0.00059,0.00161,0.00026,0.00086,0.00562
1598871604.000387668609619,0.00221,0.00009,0.00001,0.00174,0.00006,0.00083,0.00494
1598871604.033953189849854,0.00205,0.00009,0.00007,0.00169,0.00019,0.00083,0.00494
1598871604.068251132965088,0.00186,0.00009,0.00001,0.00167,0.00011,0.00084,0.00458
1598871604.100523471832275,0.00219,0.00007,0.00001,0.00168,0.00006,0.00087,0.00488
1598871604.133604288101196,0.00238,0.00011,0.00001,0.00181,0.00056,0.00104,0.00592
1598871604.167085886001587,0.00234,0.00009,0.00001,0.00185,0.00105,0.00094,0.00629
1598871604.199745178222656,0.00179,0.00008,0.00001,0.00204,0.00003,0.00087,0.00482
1598871604.232958793640137,0.00208,0.00008,0.00001,0.00184,0.00105,0.00082,0.00589
1598871604.267484903335571,0.00225,0.00009,0.00016,0.00217,0.00067,0.00080,0.00614
1598871604.300053119659424,0.00236,0.00014,0.00001,0.00215,0.00009,0.00104,0.00579
1598871604.334131240844727,0.00153,0.00006,0.00001,0.00205,0.00006,0.00077,0.00447
1598871604.366549491882324,0.00231,0.00008,0.00202,0.00175,0.00013,0.00087,0.00717
1598871604.399458646774292,0.00217,0.00009,0.00005,0.00173,0.00006,0.00105,0.00516
1598871604.432461977005005,0.00257,0.00011,0.00006,0.00173,0.00021,0.00086,0.00555
1598871604.467359066009521,0.00204,0.00008,0.00003,0.00175,0.00010,0.00084,0.00485
1598871604.533318281173706,0.00221,0.00015,0.00008,0.00180,0.00006,0.00105,0.00536
1598871604.566864013671875,0.00284,0.00010,0.00012,0.00157,0.00003,0.00093,0.00560
1598871604.632679939270020,0.00260,0.00012,0.00008,0.00148,0.00057,0.00094,0.00580
1598871604.666685581207275,0.00206,0.00011,0.00015,0.00160,0.00003,0.00100,0.00495
1598871604.734677553176880,0.00246,0.00009,0.00019,0.00152,0.00007,0.00092,0.00526
1598871604.799966812133789,0.00259,0.00014,0.00005,0.00154,0.00000,0.00084,0.00517
1598871604.833721160888672,0.00187,0.00005,0.00007,0.00172,0.00094,0.00081,0.00547
1598871604.866271018981934,0.00220,0.00006,0.00001,0.00162,0.00010,0.00079,0.00477
1598871604.899521112442017,0.00207,0.00005,0.00141,0.00192,0.00144,0.00114,0.00803
1598871604.932687997817993,0.00228,0.00008,0.00003,0.00178,0.00005,0.00088,0.00510
1598871604.966194629669189,0.00202,0.00006,0.00001,0.00172,0.00032,0.00084,0.00496
1598871605.000242233276367,0.00243,0.00008,0.00001,0.00173,0.00009,0.00076,0.00511
1598871605.032712221145630,0.00189,0.00008,0.00004,0.00175,0.00105,0.00078,0.00560
1598871605.066332578659058,0.00189,0.00006,0.00001,0.00212,0.00032,0.00081,0.00520
1598871605.107618331909180,0.00210,0.00007,0.00001,0.00200,0.00103,0.00080,0.00601
1598871605.165472745895386,0.00228,0.00012,0.00002,0.00214,0.00004,0.00085,0.00546
1598871605.198085308074951,0.00200,0.00008,0.00001,0.00211,0.00126,0.00081,0.00626
1598871605.233273744583130,0.00224,0.00008,0.00001,0.00249,0.00000,0.00103,0.00585
1598871605.265694856643677,0.00213,0.00007,0.00001,0.00248,0.00039,0.00077,0.00585
1598871605.337454795837402,0.00260,0.00011,0.00005,0.00268,0.00006,0.00129,0.00678
1598871605.399926662445068,0.00288,0.00015,0.00188,0.00250,0.00005,0.00098,0.00844
1598871605.432695627212524,0.00269,0.00011,0.00001,0.00257,0.00043,0.00090,0.00671
1598871605.466959714889526,0.00262,0.00011,0.00003,0.00294,0.00118,0.00092,0.00779
1598871605.499439954757690,0.00212,0.00008,0.00001,0.00300,0.00034,0.00081,0.00636
1598871605.531897306442261,0.00217,0.00006,0.00044,0.00308,0.00000,0.00085,0.00661
1598871605.566238641738892,0.00242,0.00018,0.00001,0.00313,0.00000,0.00113,0.00687
1598871605.600137948989868,0.00257,0.00011,0.00050,0.00312,0.00000,0.00079,0.00709
1598871605.632863044738770,0.00198,0.00007,0.00006,0.00308,0.00000,0.00088,0.00607
1598871605.665830135345459,0.00263,0.00008,0.00007,0.00317,0.00000,0.00082,0.00678
1598871605.699282169342041,0.00239,0.00007,0.00001,0.00310,0.00000,0.00085,0.00641
1598871605.732000112533569,0.00356,0.00013,0.00009,0.00335,0.00000,0.00114,0.00827
1598871605.765427827835083,0.00258,0.00008,0.00010,0.00310,0.00000,0.00083,0.00669
1598871605.807904243469238,0.00254,0.00007,0.00201,0.00329,0.00000,0.00134,0.00925
1598871605.866804361343384,0.00257,0.00010,0.00007,0.00312,0.00000,0.00126,0.00713
1598871605.900056362152100,0.00224,0.00009,0.00005,0.00314,0.00000,0.00090,0.00642
1598871605.932941198348999,0.00233,0.00008,0.00001,0.00316,0.00000,0.00106,0.00663
1598871605.966901779174805,0.00251,0.00009,0.00040,0.00312,0.00000,0.00084,0.00696
1598871606.000445604324341,0.00245,0.00006,0.00001,0.00307,0.00000,0.00081,0.00640
1598871606.065536975860596,0.00241,0.00009,0.00051,0.00339,0.00000,0.00137,0.00777
1598871606.099769115447998,0.00243,0.00009,0.00025,0.00319,0.00000,0.00110,0.00706
1598871606.132886171340942,0.00240,0.00008,0.00007,0.00313,0.00000,0.00083,0.00651
1598871606.167251586914062,0.00227,0.00006,0.00011,0.00335,0.00000,0.00090,0.00670
1598871606.232896566390991,0.00240,0.00010,0.00011,0.00312,0.00000,0.00087,0.00660
1598871606.265986204147339,0.00239,0.00006,0.00016,0.00338,0.00000,0.00087,0.00686
1598871606.301823854446411,0.00273,0.00011,0.00206,0.00305,0.00000,0.00092,0.00888
1598871606.365990638732910,0.00257,0.00008,0.00007,0.00321,0.00000,0.00106,0.00700
1598871606.401091337203979,0.00225,0.00012,0.00006,0.00342,0.00000,0.00085,0.00669
1598871606.466024875640869,0.00239,0.00009,0.00003,0.00349,0.00000,0.00110,0.00710
1598871606.499347925186157,0.00207,0.00016,0.00041,0.00311,0.00000,0.00088,0.00663
1598871606.532346248626709,0.00254,0.00015,0.00022,0.00282,0.00000,0.00080,0.00653
1598871606.575561761856079,0.00237,0.00012,0.00041,0.00289,0.00013,0.00098,0.00690
1598871606.634074211120605,0.00237,0.00010,0.00012,0.00288,0.00013,0.00084,0.00644
1598871606.666486740112305,0.00262,0.00009,0.00001,0.00289,0.00006,0.00083,0.00650
1598871606.699038028717041,0.00215,0.00006,0.00001,0.00287,0.00011,0.00077,0.00597
1598871606.736232519149780,0.00211,0.00010,0.00001,0.00318,0.00007,0.00107,0.00655
1598871606.799361467361450,0.00218,0.00010,0.00023,0.00316,0.00005,0.00085,0.00657
1598871606.833593368530273,0.00211,0.00010,0.00179,0.00280,0.00004,0.00082,0.00766
1598871606.865881443023682,0.00249,0.00006,0.00001,0.00292,0.00006,0.00080,0.00632
1598871606.900222778320312,0.00237,0.00013,0.00001,0.00291,0.00004,0.00088,0.00634
1598871606.966183185577393,0.00225,0.00012,0.00005,0.00290,0.00000,0.00090,0.00623
1598871607.000029802322388,0.00252,0.00012,0.00014,0.00295,0.00006,0.00094,0.00673
1598871607.067309856414795,0.00259,0.00011,0.00002,0.00289,0.00000,0.00084,0.00644
1598871607.100294351577759,0.00266,0.00010,0.00043,0.00287,0.00013,0.00082,0.00701
1598871607.132807254791260,0.00193,0.00010,0.00002,0.00308,0.00043,0.00101,0.00657
1598871607.167243719100952,0.00255,0.00011,0.00007,0.00319,0.00003,0.00086,0.00681
1598871607.200082063674927,0.00217,0.00009,0.00001,0.00285,0.00003,0.00086,0.00601
1598871607.232334852218628,0.00241,0.00007,0.00001,0.00289,0.00006,0.00082,0.00626
1598871607.266940593719482,0.00206,0.00014,0.00014,0.00285,0.00009,0.00100,0.00627
1598871607.300139427185059,0.00223,0.00011,0.00184,0.00303,0.00007,0.00085,0.00813
1598871607.336024761199951,0.00193,0.00010,0.00004,0.00275,0.00005,0.00084,0.00573
1598871607.399892568588257,0.00245,0.00015,0.00035,0.00272,0.00004,0.00103,0.00673
1598871607.433246850967407,0.00237,0.00011,0.00001,0.00267,0.00003,0.00096,0.00616
1598871607.466691017150879,0.00198,0.00006,0.00005,0.00258,0.00008,0.00080,0.00554
1598871607.499158620834351,0.00193,0.00007,0.00001,0.00280,0.00000,0.00093,0.00574
1598871607.534680604934692,0.00222,0.00011,0.00021,0.00247,0.00053,0.00084,0.00638
1598871607.599483251571655,0.00246,0.00010,0.00001,0.00260,0.00003,0.00087,0.00607
1598871607.634890794754028,0.00209,0.00009,0.00001,0.00294,0.00006,0.00084,0.00603
1598871607.675699949264526,0.00229,0.00013,0.00001,0.00276,0.00007,0.00113,0.00639
1598871607.732593059539795,0.00242,0.00010,0.00010,0.00201,0.00005,0.00090,0.00558
1598871607.766013383865356,0.00234,0.00009,0.00001,0.00254,0.00065,0.00083,0.00645
1598871607.798997402191162,0.00227,0.00006,0.00162,0.00296,0.00023,0.00112,0.00826
1598871607.832289695739746,0.00272,0.00009,0.00002,0.00264,0.00037,0.00097,0.00681
1598871607.867124319076538,0.00240,0.00006,0.00001,0.00265,0.00061,0.00082,0.00655
1598871607.900787115097046,0.00220,0.00008,0.00001,0.00277,0.00003,0.00081,0.00589
1598871607.933388948440552,0.00198,0.00009,0.00001,0.00278,0.00016,0.00081,0.00583
1598871607.966303348541260,0.00209,0.00010,0.00001,0.00314,0.00000,0.00085,0.00619
1598871607.999288558959961,0.00221,0.00006,0.00001,0.00273,0.00047,0.00082,0.00629
1598871608.033237695693970,0.00228,0.00016,0.00001,0.00297,0.00004,0.00098,0.00644
1598871608.065894603729248,0.00253,0.00017,0.00001,0.00291,0.00007,0.00093,0.00662
1598871608.100073099136353,0.00253,0.00039,0.00005,0.00291,0.00016,0.00130,0.00735
1598871608.166041135787964,0.00283,0.00010,0.00057,0.00284,0.00037,0.00087,0.00758
1598871608.198772430419922,0.00246,0.00013,0.00006,0.00305,0.00014,0.00118,0.00702
1598871608.232639789581299,0.00201,0.00007,0.00171,0.00289,0.00004,0.00076,0.00747
1598871608.266211032867432,0.00262,0.00011,0.00012,0.00295,0.00006,0.00093,0.00679
1598871608.299432277679443,0.00233,0.00009,0.00002,0.00288,0.00000,0.00084,0.00616
1598871608.332190036773682,0.00211,0.00012,0.00001,0.00296,0.00004,0.00101,0.00625
1598871608.366437196731567,0.00249,0.00008,0.00013,0.00288,0.00008,0.00095,0.00660
1598871608.433065891265869,0.00268,0.00015,0.00001,0.00298,0.00000,0.00106,0.00687
1598871608.466209650039673,0.00206,0.00010,0.00002,0.00288,0.00009,0.00088,0.00603
1598871608.499268054962158,0.00237,0.00011,0.00001,0.00289,0.00006,0.00085,0.00629
1598871608.532377481460571,0.00212,0.00014,0.00001,0.00310,0.00009,0.00110,0.00656
1598871608.565331697463989,0.00238,0.00012,0.00001,0.00310,0.00008,0.00114,0.00684
1598871608.599536418914795,0.00242,0.00010,0.00064,0.00283,0.00008,0.00095,0.00702
1598871608.666259527206421,0.00246,0.00015,0.00001,0.00329,0.00017,0.00089,0.00698
1598871608.698762178421021,0.00234,0.00008,0.00160,0.00281,0.00005,0.00085,0.00773
1598871608.765402793884277,0.00364,0.00011,0.00001,0.00287,0.00008,0.00091,0.00763
1598871608.798561811447144,0.00214,0.00006,0.00001,0.00297,0.00000,0.00108,0.00626
1598871608.831923007965088,0.00219,0.00008,0.00001,0.00314,0.00005,0.00100,0.00648
1598871608.872992515563965,0.00215,0.00011,0.00014,0.00291,0.00008,0.00108,0.00647
1598871608.932799339294434,0.00238,0.00013,0.00005,0.00289,0.00000,0.00094,0.00639
1598871608.965654134750366,0.00262,0.00010,0.00001,0.00291,0.00007,0.00090,0.00661
1598871608.998687028884888,0.00230,0.00011,0.00001,0.00291,0.00004,0.00093,0.00630
1598871609.033815145492554,0.00200,0.00013,0.00001,0.00307,0.00009,0.00105,0.00636
1598871609.099268913269043,0.00236,0.00013,0.00001,0.00290,0.00017,0.00095,0.00652
1598871609.133078098297119,0.00184,0.00007,0.00009,0.00287,0.00007,0.00084,0.00578
1598871609.167559623718262,0.00198,0.00011,0.00007,0.00289,0.00069,0.00089,0.00663
1598871609.231634616851807,0.00167,0.00010,0.00171,0.00295,0.00004,0.00081,0.00728
1598871609.267372369766235,0.00197,0.00016,0.00006,0.00337,0.00010,0.00114,0.00680
1598871609.299999713897705,0.00219,0.00013,0.00001,0.00305,0.00000,0.00089,0.00627
1598871609.332543611526489,0.00142,0.00007,0.00001,0.00307,0.00003,0.00081,0.00541
1598871609.365182399749756,0.00234,0.00013,0.00019,0.00301,0.00005,0.00085,0.00657
1598871609.399915456771851,0.00215,0.00010,0.00001,0.00308,0.00000,0.00099,0.00633
1598871609.432366132736206,0.00188,0.00007,0.00001,0.00306,0.00006,0.00086,0.00595
1598871609.465550422668457,0.00217,0.00010,0.00001,0.00328,0.00004,0.00094,0.00656
1598871609.533273220062256,0.00229,0.00014,0.00006,0.00355,0.00007,0.00093,0.00703
1598871609.565971374511719,0.00232,0.00010,0.00001,0.00314,0.00015,0.00109,0.00680
1598871609.599289178848267,0.00184,0.00006,0.00008,0.00317,0.00006,0.00122,0.00644
1598871609.634407758712769,0.00217,0.00009,0.00004,0.00308,0.00068,0.00099,0.00705
1598871609.666666030883789,0.00236,0.00011,0.00198,0.00315,0.00003,0.00095,0.00857
1598871609.699243545532227,0.00274,0.00014,0.00009,0.00322,0.00003,0.00093,0.00715
1598871609.732483148574829,0.00245,0.00011,0.00001,0.00331,0.00000,0.00109,0.00697
1598871609.766361474990845,0.00247,0.00011,0.00001,0.00324,0.00004,0.00094,0.00680
1598871609.798779249191284,0.00244,0.00009,0.00013,0.00343,0.00005,0.00107,0.00721
1598871609.832567930221558,0.00242,0.00011,0.00001,0.00329,0.00000,0.00102,0.00683
1598871609.867384910583496,0.00240,0.00014,0.00007,0.00328,0.00003,0.00110,0.00701
1598871609.899756669998169,0.00224,0.00014,0.00001,0.00330,0.00003,0.00101,0.00673
1598871609.933388710021973,0.00200,0.00010,0.00010,0.00330,0.00003,0.00103,0.00656
1598871609.966239690780640,0.00229,0.00008,0.00005,0.00323,0.00011,0.00125,0.00701
1598871610.000787496566772,0.00219,0.00011,0.00013,0.00333,0.00003,0.00092,0.00672
1598871610.033999204635620,0.00228,0.00013,0.00005,0.00331,0.00003,0.00099,0.00681
1598871610.101312160491943,0.00229,0.00013,0.00177,0.00314,0.00003,0.00096,0.00832
1598871610.166890859603882,0.00204,0.00008,0.00006,0.00321,0.00003,0.00082,0.00625
1598871610.199486255645752,0.00208,0.00011,0.00001,0.00329,0.00000,0.00094,0.00642
1598871610.233828067779541,0.00214,0.00008,0.00001,0.00323,0.00004,0.00087,0.00636
1598871610.266395568847656,0.00216,0.00007,0.00009,0.00321,0.00003,0.00081,0.00638
1598871610.300058841705322,0.00209,0.00007,0.00001,0.00359,0.00000,0.00108,0.00684
1598871610.333228111267090,0.00224,0.00013,0.00005,0.00322,0.00003,0.00083,0.00650
1598871610.367070913314819,0.00270,0.00010,0.00001,0.00320,0.00004,0.00088,0.00693
1598871610.400758981704712,0.00184,0.00008,0.00007,0.00334,0.00003,0.00085,0.00622
1598871610.433899879455566,0.00217,0.00014,0.00006,0.00368,0.00014,0.00112,0.00731
1598871610.467984437942505,0.00254,0.00009,0.00014,0.00322,0.00003,0.00095,0.00697
1598871610.535019397735596,0.00240,0.00014,0.00006,0.00330,0.00002,0.00104,0.00697
1598871610.599940538406372,0.00270,0.00012,0.00179,0.00323,0.00002,0.00091,0.00878
1598871610.633729934692383,0.00210,0.00009,0.00007,0.00317,0.00003,0.00083,0.00630
1598871610.667526960372925,0.00203,0.00009,0.00001,0.00322,0.00000,0.00081,0.00615
1598871610.702301740646362,0.00197,0.00009,0.00001,0.00318,0.00003,0.00084,0.00612
1598871610.764276027679443,0.00213,0.00011,0.00013,0.00321,0.00003,0.00092,0.00654
1598871610.800105094909668,0.00216,0.00011,0.00001,0.00338,0.00000,0.00101,0.00666
1598871610.833652734756470,0.00204,0.00011,0.00005,0.00330,0.00003,0.00105,0.00659
1598871610.898441314697266,0.00242,0.00015,0.00001,0.00332,0.00004,0.00102,0.00696
1598871610.931570053100586,0.00213,0.00014,0.00007,0.00328,0.00003,0.00106,0.00671
1598871610.964706659317017,0.00215,0.00014,0.00006,0.00331,0.00012,0.00105,0.00683
1598871610.998898029327393,0.00190,0.00008,0.00013,0.00321,0.00003,0.00089,0.00626
1598871611.032431602478027,0.00261,0.00009,0.00004,0.00321,0.00003,0.00092,0.00690
1598871611.065101623535156,0.00214,0.00006,0.00173,0.00313,0.00002,0.00087,0.00796
1598871611.099142551422119,0.00195,0.00006,0.00006,0.00321,0.00003,0.00085,0.00617
1598871611.132541656494141,0.00244,0.00010,0.00001,0.00328,0.00000,0.00113,0.00696
1598871611.166414976119995,0.00267,0.00011,0.00001,0.00329,0.00004,0.00094,0.00706
1598871611.199617862701416,0.00174,0.00010,0.00012,0.00335,0.00003,0.00089,0.00623
1598871611.233667135238647,0.00255,0.00006,0.00001,0.00324,0.00000,0.00089,0.00675
1598871611.298702716827393,0.00263,0.00008,0.00004,0.00316,0.00003,0.00089,0.00684
1598871611.333942890167236,0.00185,0.00007,0.00001,0.00319,0.00003,0.00090,0.00604
1598871611.366440534591675,0.00271,0.00009,0.00016,0.00337,0.00003,0.00095,0.00731
1598871611.399531841278076,0.00209,0.00011,0.00007,0.00325,0.00012,0.00096,0.00659
1598871611.432340621948242,0.00219,0.00006,0.00011,0.00320,0.00003,0.00086,0.00646
1598871611.465895652770996,0.00212,0.00007,0.00004,0.00320,0.00002,0.00085,0.00631
1598871611.499812126159668,0.00247,0.00009,0.00181,0.00316,0.00004,0.00113,0.00871
1598871611.533826589584351,0.00207,0.00009,0.00006,0.00326,0.00003,0.00110,0.00661
1598871611.599919319152832,0.00222,0.00008,0.00001,0.00355,0.00000,0.00111,0.00697
1598871611.634187936782837,0.00211,0.00008,0.00001,0.00324,0.00003,0.00103,0.00650
1598871611.699780702590942,0.00234,0.00009,0.00009,0.00317,0.00003,0.00088,0.00659
1598871611.732342958450317,0.00196,0.00010,0.00001,0.00332,0.00000,0.00112,0.00651
1598871611.766344785690308,0.00239,0.00009,0.00005,0.00318,0.00003,0.00094,0.00668
1598871611.799435377120972,0.00221,0.00007,0.00001,0.00317,0.00003,0.00086,0.00635
1598871611.832103490829468,0.00180,0.00006,0.00007,0.00319,0.00003,0.00089,0.00603
1598871611.866298675537109,0.00222,0.00006,0.00004,0.00320,0.00011,0.00085,0.00649
1598871611.899991989135742,0.00192,0.00007,0.00013,0.00323,0.00003,0.00087,0.00625
1598871611.933491945266724,0.00233,0.00011,0.00006,0.00325,0.00002,0.00091,0.00669
1598871611.966206789016724,0.00227,0.00006,0.00175,0.00318,0.00002,0.00088,0.00817
1598871611.999444246292114,0.00203,0.00006,0.00005,0.00319,0.00003,0.00085,0.00622
1598871612.033671379089355,0.00212,0.00007,0.00001,0.00320,0.00000,0.00086,0.00626
1598871612.066193103790283,0.00215,0.00006,0.00001,0.00341,0.00003,0.00086,0.00651
1598871612.100195646286011,0.00188,0.00009,0.00010,0.00326,0.00005,0.00141,0.00680
1598871612.132740974426270,0.00241,0.00009,0.00001,0.00324,0.00000,0.00096,0.00671
1598871612.165816307067871,0.00193,0.00006,0.00005,0.00353,0.00005,0.00111,0.00673
1598871612.201033353805542,0.00203,0.00009,0.00001,0.00353,0.00003,0.00092,0.00659
1598871612.233365535736084,0.00251,0.00010,0.00010,0.00319,0.00003,0.00094,0.00687
1598871612.266579627990723,0.00218,0.00006,0.00005,0.00325,0.00012,0.00089,0.00656
1598871612.300287723541260,0.00174,0.00007,0.00012,0.00330,0.00003,0.00090,0.00616
1598871612.366279125213623,0.00212,0.00008,0.00004,0.00319,0.00002,0.00083,0.00628
1598871612.398625612258911,0.00175,0.00006,0.00177,0.00321,0.00003,0.00087,0.00770
1598871612.432217359542847,0.00219,0.00010,0.00007,0.00323,0.00003,0.00092,0.00654
1598871612.465694189071655,0.00205,0.00006,0.00001,0.00320,0.00000,0.00086,0.00619
1598871612.499356031417847,0.00202,0.00006,0.00001,0.00351,0.00004,0.00123,0.00687
1598871612.534589052200317,0.00229,0.00009,0.00009,0.00324,0.00003,0.00089,0.00663
1598871612.567824840545654,0.00227,0.00009,0.00001,0.00328,0.00000,0.00093,0.00658
1598871612.600744724273682,0.00229,0.00011,0.00008,0.00334,0.00004,0.00099,0.00684
1598871612.636734485626221,0.00190,0.00006,0.00001,0.00320,0.00003,0.00087,0.00607
1598871612.701245784759521,0.00264,0.00009,0.00007,0.00326,0.00003,0.00088,0.00698
1598871612.734472274780273,0.00192,0.00006,0.00007,0.00320,0.00012,0.00102,0.00639
1598871612.799796819686890,0.00261,0.00010,0.00012,0.00321,0.00003,0.00087,0.00694
1598871612.832993268966675,0.00204,0.00011,0.00005,0.00329,0.00003,0.00111,0.00663
1598871612.866622209548950,0.00210,0.00010,0.00177,0.00321,0.00003,0.00085,0.00807
1598871612.900574445724487,0.00235,0.00010,0.00005,0.00320,0.00004,0.00096,0.00672
1598871612.933258056640625,0.00236,0.00010,0.00001,0.00323,0.00000,0.00103,0.00674
1598871612.967180252075195,0.00215,0.00007,0.00001,0.00332,0.00005,0.00105,0.00663
1598871612.999490499496460,0.00225,0.00007,0.00009,0.00319,0.00003,0.00088,0.00651
1598871613.037592172622681,0.00205,0.00007,0.00001,0.00319,0.00000,0.00088,0.00620
1598871613.103853940963745,0.00225,0.00010,0.00006,0.00319,0.00003,0.00089,0.00652
1598871613.167521238327026,0.00220,0.00011,0.00001,0.00322,0.00004,0.00094,0.00653
1598871613.202638149261475,0.00175,0.00007,0.00007,0.00333,0.00003,0.00088,0.00613
1598871613.236078500747681,0.00220,0.00007,0.00005,0.00321,0.00012,0.00087,0.00651
1598871613.271894216537476,0.00190,0.00007,0.00012,0.00321,0.00003,0.00087,0.00619
1598871613.333427190780640,0.00216,0.00008,0.00005,0.00338,0.00004,0.00098,0.00669
1598871613.366995096206665,0.00215,0.00007,0.00171,0.00314,0.00002,0.00089,0.00798
1598871613.400412321090698,0.00167,0.00007,0.00005,0.00338,0.00003,0.00093,0.00612
1598871613.434287071228027,0.00208,0.00006,0.00001,0.00318,0.00000,0.00093,0.00626
1598871613.467785358428955,0.00237,0.00007,0.00001,0.00317,0.00003,0.00084,0.00649
1598871613.500836610794067,0.00187,0.00006,0.00008,0.00368,0.00003,0.00090,0.00662
1598871613.535450935363770,0.00227,0.00010,0.00001,0.00329,0.00000,0.00144,0.00711
1598871613.572372674942017,0.00256,0.00016,0.00006,0.00391,0.00004,0.00096,0.00770
1598871613.636986970901489,0.00243,0.00011,0.00001,0.00323,0.00007,0.00089,0.00674
1598871613.699866533279419,0.00228,0.00009,0.00007,0.00324,0.00003,0.00086,0.00658
1598871613.735700607299805,0.00216,0.00007,0.00005,0.00320,0.00011,0.00084,0.00643
1598871613.768022298812866,0.00229,0.00009,0.00013,0.00324,0.00003,0.00089,0.00667
1598871613.801171302795410,0.00192,0.00007,0.00004,0.00320,0.00002,0.00088,0.00613
1598871613.836914777755737,0.00188,0.00006,0.00173,0.00314,0.00002,0.00090,0.00773
1598871613.871913433074951,0.00181,0.00007,0.00004,0.00319,0.00003,0.00088,0.00602
1598871613.933039665222168,0.00220,0.00010,0.00001,0.00319,0.00000,0.00089,0.00639
1598871613.966929435729980,0.00227,0.00007,0.00001,0.00390,0.00005,0.00110,0.00738
1598871614.000456809997559,0.00217,0.00016,0.00010,0.00331,0.00004,0.00092,0.00669
1598871614.033445358276367,0.00227,0.00009,0.00001,0.00324,0.00000,0.00103,0.00665
1598871614.067929029464722,0.00211,0.00007,0.00005,0.00320,0.00003,0.00088,0.00635
1598871614.100781917572021,0.00224,0.00011,0.00001,0.00329,0.00004,0.00105,0.00673
1598871614.135155200958252,0.00299,0.00008,0.00007,0.00326,0.00003,0.00105,0.00748
1598871614.168495416641235,0.00243,0.00009,0.00007,0.00321,0.00012,0.00094,0.00687
1598871614.201519012451172,0.00231,0.00007,0.00013,0.00320,0.00003,0.00088,0.00662
1598871614.235266685485840,0.00228,0.00008,0.00004,0.00328,0.00002,0.00093,0.00664
1598871614.268238306045532,0.00232,0.00009,0.00186,0.00321,0.00002,0.00090,0.00841
1598871614.301061153411865,0.00180,0.00011,0.00006,0.00327,0.00003,0.00104,0.00632
1598871614.335996389389038,0.00234,0.00011,0.00001,0.00326,0.00000,0.00088,0.00660
1598871614.368987083435059,0.00253,0.00011,0.00001,0.00323,0.00004,0.00092,0.00685
1598871614.434975624084473,0.00235,0.00011,0.00014,0.00348,0.00005,0.00098,0.00711
1598871614.468224048614502,0.00232,0.00009,0.00001,0.00339,0.00000,0.00090,0.00671
1598871614.502211570739746,0.00212,0.00008,0.00006,0.00320,0.00003,0.00088,0.00637
1598871614.568294525146484,0.00206,0.00010,0.00001,0.00321,0.00004,0.00093,0.00635
1598871614.602696418762207,0.00181,0.00006,0.00007,0.00320,0.00003,0.00084,0.00601
1598871614.638058900833130,0.00239,0.00010,0.00006,0.00343,0.00013,0.00093,0.00704
1598871614.702801465988159,0.00230,0.00014,0.00014,0.00323,0.00003,0.00094,0.00679
1598871614.771451711654663,0.00208,0.00066,0.00005,0.00330,0.00003,0.00145,0.00757
1598871614.834016084671021,0.00256,0.00011,0.00176,0.00313,0.00002,0.00089,0.00847
1598871614.867498159408569,0.00272,0.00009,0.00006,0.00322,0.00003,0.00113,0.00725
1598871614.905055284500122,0.00256,0.00008,0.00001,0.00317,0.00000,0.00083,0.00665
1598871614.937659025192261,0.00236,0.00010,0.00001,0.00331,0.00003,0.00088,0.00668
1598871615.000995159149170,0.00232,0.00014,0.00009,0.00317,0.00003,0.00092,0.00668
1598871615.039285659790039,0.00243,0.00008,0.00001,0.00320,0.00000,0.00122,0.00693
1598871615.100904464721680,0.00243,0.00010,0.00005,0.00319,0.00003,0.00087,0.00667
1598871615.133503913879395,0.00206,0.00008,0.00001,0.00354,0.00004,0.00113,0.00686
1598871615.167769908905029,0.00225,0.00008,0.00007,0.00354,0.00006,0.00102,0.00702
1598871615.200842380523682,0.00190,0.00014,0.00005,0.00324,0.00011,0.00121,0.00665
1598871615.235683679580688,0.00209,0.00009,0.00011,0.00322,0.00003,0.00083,0.00637
1598871615.269446134567261,0.00208,0.00007,0.00004,0.00320,0.00002,0.00083,0.00623
1598871615.337833404541016,0.00234,0.00012,0.00181,0.00317,0.00003,0.00094,0.00842
1598871615.401651382446289,0.00270,0.00016,0.00008,0.00326,0.00003,0.00107,0.00730
1598871615.434495687484741,0.00230,0.00008,0.00001,0.00331,0.00000,0.00087,0.00658
1598871615.468486547470093,0.00220,0.00006,0.00001,0.00318,0.00003,0.00080,0.00628
1598871615.501142263412476,0.00185,0.00007,0.00008,0.00345,0.00003,0.00086,0.00635
1598871615.534385204315186,0.00237,0.00012,0.00001,0.00333,0.00000,0.00130,0.00714
1598871615.568333148956299,0.00285,0.00010,0.00007,0.00334,0.00003,0.00087,0.00727
1598871615.601613521575928,0.00281,0.00011,0.00001,0.00323,0.00004,0.00116,0.00737
1598871615.635437965393066,0.00281,0.00013,0.00009,0.00330,0.00004,0.00108,0.00744
1598871615.668265581130981,0.00242,0.00013,0.00005,0.00324,0.00011,0.00121,0.00716
1598871615.704010963439941,0.00253,0.00007,0.00012,0.00325,0.00005,0.00083,0.00685
1598871615.768343448638916,0.00239,0.00009,0.00004,0.00320,0.00002,0.00138,0.00713
1598871615.803708553314209,0.00272,0.00006,0.00174,0.00326,0.00002,0.00087,0.00868
1598871615.836796998977661,0.00263,0.00014,0.00007,0.00335,0.00004,0.00140,0.00763
1598871615.869196414947510,0.00244,0.00010,0.00001,0.00324,0.00000,0.00107,0.00685
1598871615.903181076049805,0.00191,0.00009,0.00001,0.00321,0.00003,0.00082,0.00607
1598871615.968790769577026,0.00211,0.00009,0.00009,0.00319,0.00003,0.00083,0.00634
1598871616.003021717071533,0.00192,0.00009,0.00001,0.00332,0.00000,0.00083,0.00617
1598871616.036159992218018,0.00215,0.00006,0.00006,0.00320,0.00003,0.00082,0.00633
1598871616.070687294006348,0.00241,0.00012,0.00001,0.00325,0.00004,0.00096,0.00680
1598871616.102978467941284,0.00189,0.00009,0.00008,0.00323,0.00003,0.00091,0.00624
1598871616.137171506881714,0.00229,0.00014,0.00006,0.00321,0.00012,0.00085,0.00667
1598871616.203148841857910,0.00234,0.00012,0.00014,0.00322,0.00003,0.00092,0.00678
1598871616.236434221267700,0.00211,0.00006,0.00004,0.00325,0.00002,0.00083,0.00632
1598871616.269405841827393,0.00212,0.00019,0.00186,0.00319,0.00002,0.00097,0.00837
1598871616.303168058395386,0.00199,0.00009,0.00006,0.00326,0.00003,0.00098,0.00642
1598871616.335844278335571,0.00179,0.00008,0.00001,0.00332,0.00000,0.00084,0.00605
1598871616.369113206863403,0.00214,0.00006,0.00001,0.00340,0.00004,0.00084,0.00649
1598871616.402760744094849,0.00164,0.00006,0.00008,0.00328,0.00003,0.00083,0.00593
1598871616.435904979705811,0.00205,0.00006,0.00001,0.00321,0.00000,0.00083,0.00616
1598871616.474427938461304,0.00180,0.00007,0.00004,0.00321,0.00003,0.00088,0.00603
1598871616.538216829299927,0.00226,0.00011,0.00001,0.00324,0.00004,0.00096,0.00663
1598871616.604196071624756,0.00205,0.00008,0.00007,0.00322,0.00003,0.00080,0.00627
1598871616.669838666915894,0.00189,0.00009,0.00004,0.00321,0.00011,0.00085,0.00619
1598871616.702500581741333,0.00198,0.00008,0.00015,0.00345,0.00005,0.00085,0.00656
1598871616.735143661499023,0.00245,0.00010,0.00006,0.00321,0.00003,0.00087,0.00671
1598871616.768941640853882,0.00268,0.00007,0.00174,0.00315,0.00002,0.00081,0.00848
1598871616.802414655685425,0.00196,0.00007,0.00005,0.00322,0.00003,0.00082,0.00615
1598871616.837491989135742,0.00191,0.00006,0.00001,0.00331,0.00000,0.00085,0.00613
1598871616.869846582412720,0.00212,0.00015,0.00001,0.00330,0.00004,0.00111,0.00674
1598871616.903439521789551,0.00228,0.00012,0.00013,0.00322,0.00003,0.00092,0.00670
1598871616.936216831207275,0.00214,0.00007,0.00001,0.00320,0.00000,0.00086,0.00627
1598871616.968973875045776,0.00237,0.00007,0.00006,0.00321,0.00003,0.00087,0.00661
1598871617.004070997238159,0.00217,0.00007,0.00001,0.00323,0.00003,0.00083,0.00633
1598871617.036748886108398,0.00204,0.00007,0.00007,0.00321,0.00003,0.00080,0.00622
1598871617.069786071777344,0.00212,0.00007,0.00005,0.00321,0.00012,0.00083,0.00640
1598871617.102702140808105,0.00169,0.00006,0.00011,0.00322,0.00003,0.00082,0.00594
1598871617.144117832183838,0.00226,0.00010,0.00005,0.00323,0.00002,0.00088,0.00654
1598871617.177817583084106,0.00229,0.00006,0.00175,0.00316,0.00002,0.00080,0.00808
1598871617.236669778823853,0.00257,0.00011,0.00007,0.00325,0.00003,0.00093,0.00697
1598871617.270297288894653,0.00227,0.00007,0.00001,0.00328,0.00000,0.00084,0.00647
1598871617.303108692169189,0.00216,0.00006,0.00001,0.00323,0.00003,0.00083,0.00631
1598871617.335394382476807,0.00213,0.00007,0.00008,0.00329,0.00003,0.00088,0.00649
1598871617.373368263244629,0.00221,0.00015,0.00001,0.00337,0.00000,0.00104,0.00678
1598871617.435003995895386,0.00231,0.00012,0.00006,0.00330,0.00003,0.00089,0.00670
1598871617.469302654266357,0.00228,0.00007,0.00001,0.00322,0.00003,0.00084,0.00644
1598871617.502139568328857,0.00229,0.00015,0.00011,0.00328,0.00003,0.00107,0.00693
1598871617.535859107971191,0.00228,0.00015,0.00009,0.00342,0.00013,0.00104,0.00711
1598871617.571207761764526,0.00249,0.00011,0.00012,0.00326,0.00003,0.00104,0.00706
1598871617.636949062347412,0.00217,0.00008,0.00004,0.00319,0.00002,0.00088,0.00638
1598871617.670273542404175,0.00241,0.00008,0.00179,0.00316,0.00003,0.00089,0.00836
1598871617.704666376113892,0.00204,0.00017,0.00007,0.00331,0.00003,0.00107,0.00669
1598871617.771399497985840,0.00202,0.00012,0.00002,0.00329,0.00000,0.00087,0.00632
1598871617.837188005447388,0.00213,0.00011,0.00001,0.00320,0.00004,0.00095,0.00644
1598871617.869757890701294,0.00244,0.00006,0.00009,0.00321,0.00003,0.00084,0.00668
1598871617.902589321136475,0.00211,0.00017,0.00001,0.00356,0.00000,0.00099,0.00684
1598871617.937221527099609,0.00262,0.00009,0.00006,0.00324,0.00003,0.00093,0.00696
1598871617.971357107162476,0.00237,0.00016,0.00001,0.00359,0.00004,0.00102,0.00718
1598871618.037059307098389,0.00256,0.00011,0.00007,0.00328,0.00003,0.00092,0.00698
1598871618.072015523910522,0.00186,0.00006,0.00005,0.00323,0.00011,0.00086,0.00618
1598871618.136828422546387,0.00218,0.00009,0.00013,0.00326,0.00003,0.00085,0.00654
1598871618.169718265533447,0.00232,0.00009,0.00005,0.00323,0.00002,0.00086,0.00657
1598871618.202375173568726,0.00210,0.00006,0.00154,0.00345,0.00004,0.00087,0.00806
1598871618.236975669860840,0.00214,0.00009,0.00005,0.00323,0.00003,0.00123,0.00677
1598871618.270596265792847,0.00297,0.00013,0.00001,0.00329,0.00000,0.00104,0.00744
1598871618.303503513336182,0.00202,0.00006,0.00001,0.00324,0.00003,0.00087,0.00624
1598871618.337547779083252,0.00252,0.00014,0.00014,0.00324,0.00003,0.00093,0.00699
1598871618.372980833053589,0.00210,0.00010,0.00001,0.00328,0.00000,0.00154,0.00703
1598871618.436508178710938,0.00230,0.00011,0.00006,0.00321,0.00003,0.00092,0.00662
1598871618.472177505493164,0.00229,0.00007,0.00001,0.00321,0.00003,0.00084,0.00644
1598871618.537710428237915,0.00212,0.00008,0.00007,0.00418,0.00005,0.00110,0.00760
1598871618.571565389633179,0.00247,0.00009,0.00005,0.00322,0.00012,0.00094,0.00689
1598871618.638381719589233,0.00229,0.00012,0.00014,0.00325,0.00003,0.00092,0.00676
1598871618.671147108078003,0.00216,0.00007,0.00004,0.00312,0.00002,0.00083,0.00624
1598871618.704974174499512,0.00228,0.00007,0.00158,0.00318,0.00002,0.00086,0.00800
1598871618.770844936370850,0.00220,0.00009,0.00004,0.00326,0.00003,0.00087,0.00649
1598871618.803915023803711,0.00157,0.00006,0.00001,0.00322,0.00000,0.00087,0.00573
1598871618.837584733963013,0.00224,0.00011,0.00001,0.00345,0.00005,0.00091,0.00677
1598871618.871184110641479,0.00239,0.00009,0.00010,0.00315,0.00003,0.00103,0.00679
1598871618.903632640838623,0.00169,0.00006,0.00006,0.00302,0.00008,0.00085,0.00576
1598871618.938364744186401,0.00206,0.00007,0.00005,0.00324,0.00003,0.00085,0.00629
1598871619.003386259078979,0.00220,0.00008,0.00001,0.00325,0.00003,0.00083,0.00639
1598871619.037106037139893,0.00221,0.00008,0.00008,0.00378,0.00006,0.00108,0.00730
1598871619.074075937271118,0.00233,0.00008,0.00005,0.00359,0.00012,0.00099,0.00715
1598871619.106672048568726,0.00161,0.00007,0.00011,0.00362,0.00003,0.00099,0.00644
1598871619.141305923461914,0.00203,0.00007,0.00004,0.00321,0.00002,0.00082,0.00620
1598871619.202990531921387,0.00210,0.00009,0.00159,0.00354,0.00006,0.00125,0.00863
1598871619.241894245147705,0.00230,0.00010,0.00006,0.00325,0.00003,0.00089,0.00664
1598871619.337058305740356,0.00199,0.00010,0.00001,0.00326,0.00000,0.00086,0.00622
1598871619.404722452163696,0.00195,0.00008,0.00001,0.00324,0.00003,0.00098,0.00629
1598871619.438185453414917,0.00245,0.00009,0.00010,0.00363,0.00004,0.00090,0.00721
1598871619.470899343490601,0.00219,0.00007,0.00001,0.00321,0.00000,0.00082,0.00630
1598871619.504004955291748,0.00157,0.00006,0.00004,0.00321,0.00003,0.00089,0.00582
1598871619.536399841308594,0.00213,0.00009,0.00001,0.00323,0.00003,0.00093,0.00643
1598871619.604099273681641,0.00220,0.00008,0.00007,0.00320,0.00003,0.00080,0.00638
1598871619.638920068740845,0.00210,0.00009,0.00006,0.00328,0.00012,0.00105,0.00669
1598871619.703841924667358,0.00245,0.00011,0.00013,0.00322,0.00003,0.00095,0.00689
1598871619.737793445587158,0.00225,0.00010,0.00007,0.00326,0.00002,0.00092,0.00662
1598871619.776072978973389,0.00207,0.00010,0.00161,0.00320,0.00002,0.00086,0.00787
1598871619.837935686111450,0.00206,0.00008,0.00005,0.00322,0.00003,0.00084,0.00629
1598871619.870296955108643,0.00335,0.00007,0.00001,0.00324,0.00000,0.00088,0.00756
1598871619.903074026107788,0.00176,0.00006,0.00001,0.00321,0.00003,0.00082,0.00589
1598871619.937633991241455,0.00238,0.00012,0.00012,0.00333,0.00004,0.00106,0.00704
1598871619.970642805099487,0.00245,0.00009,0.00001,0.00324,0.00000,0.00088,0.00667
1598871620.004004001617432,0.00176,0.00007,0.00005,0.00328,0.00003,0.00088,0.00607
1598871620.036970615386963,0.00221,0.00008,0.00001,0.00368,0.00005,0.00118,0.00722
1598871620.069856166839600,0.00236,0.00008,0.00008,0.00328,0.00003,0.00105,0.00688
1598871620.104712486267090,0.00226,0.00007,0.00005,0.00323,0.00011,0.00084,0.00656
1598871620.138952016830444,0.00206,0.00010,0.00014,0.00326,0.00003,0.00095,0.00654
1598871620.171705007553101,0.00227,0.00006,0.00004,0.00321,0.00002,0.00084,0.00644
1598871620.204012155532837,0.00188,0.00006,0.00162,0.00317,0.00002,0.00086,0.00762
1598871620.238020420074463,0.00193,0.00006,0.00004,0.00366,0.00003,0.00083,0.00658
1598871620.272104024887085,0.00207,0.00006,0.00001,0.00325,0.00000,0.00086,0.00625
1598871620.304520606994629,0.00184,0.00009,0.00001,0.00327,0.00004,0.00109,0.00634
1598871620.339432001113892,0.00192,0.00011,0.00010,0.00320,0.00003,0.00083,0.00619
1598871620.404804706573486,0.00200,0.00011,0.00001,0.00334,0.00000,0.00082,0.00628
1598871620.439713716506958,0.00233,0.00011,0.00006,0.00329,0.00003,0.00104,0.00686
1598871620.505835056304932,0.00212,0.00011,0.00001,0.00327,0.00004,0.00101,0.00657
1598871620.539135694503784,0.00223,0.00010,0.00010,0.00322,0.00005,0.00085,0.00655
1598871620.571759223937988,0.00192,0.00009,0.00007,0.00332,0.00013,0.00085,0.00638
1598871620.604989528656006,0.00223,0.00018,0.00014,0.00320,0.00003,0.00082,0.00661
1598871620.638119935989380,0.00213,0.00010,0.00006,0.00331,0.00002,0.00105,0.00668
1598871620.671463012695312,0.00179,0.00008,0.00173,0.00316,0.00004,0.00091,0.00771
1598871620.704849720001221,0.00230,0.00011,0.00007,0.00334,0.00003,0.00103,0.00689
1598871620.737822294235229,0.00162,0.00008,0.00001,0.00324,0.00000,0.00099,0.00594
1598871620.771976709365845,0.00220,0.00008,0.00001,0.00322,0.00003,0.00091,0.00645
1598871620.805996417999268,0.00229,0.00015,0.00011,0.00331,0.00004,0.00097,0.00686
1598871620.839085817337036,0.00236,0.00010,0.00001,0.00328,0.00000,0.00093,0.00668
1598871620.871408224105835,0.00201,0.00007,0.00005,0.00324,0.00003,0.00089,0.00629
1598871620.905429124832153,0.00183,0.00009,0.00001,0.00331,0.00004,0.00107,0.00635
1598871620.939350128173828,0.00218,0.00009,0.00007,0.00327,0.00003,0.00098,0.00662
1598871621.005330801010132,0.00224,0.00012,0.00007,0.00323,0.00012,0.00089,0.00666
1598871621.039693593978882,0.00213,0.00006,0.00013,0.00322,0.00003,0.00085,0.00642
1598871621.071972608566284,0.00214,0.00006,0.00004,0.00323,0.00002,0.00083,0.00633
1598871621.105421304702759,0.00211,0.00016,0.00165,0.00319,0.00002,0.00113,0.00826
1598871621.138057708740234,0.00204,0.00008,0.00005,0.00332,0.00003,0.00097,0.00650
1598871621.172466278076172,0.00226,0.00009,0.00001,0.00326,0.00000,0.00090,0.00653
1598871621.205201864242554,0.00202,0.00007,0.00001,0.00324,0.00004,0.00083,0.00620
1598871621.238630533218384,0.00206,0.00011,0.00012,0.00332,0.00003,0.00106,0.00670
1598871621.273765563964844,0.00203,0.00008,0.00001,0.00327,0.00000,0.00102,0.00641
1598871621.338796138763428,0.00206,0.00011,0.00005,0.00333,0.00003,0.00092,0.00650
1598871621.404443740844727,0.00206,0.00008,0.00001,0.00321,0.00003,0.00102,0.00640
1598871621.438406944274902,0.00260,0.00010,0.00009,0.00324,0.00003,0.00090,0.00695
1598871621.472492456436157,0.00231,0.00010,0.00013,0.00327,0.00012,0.00091,0.00684
1598871621.538788557052612,0.00212,0.00008,0.00011,0.00321,0.00003,0.00088,0.00644
1598871621.571200609207153,0.00239,0.00006,0.00004,0.00314,0.00002,0.00079,0.00645
1598871621.604880809783936,0.00169,0.00006,0.00147,0.00295,0.00003,0.00080,0.00699
1598871621.638882875442505,0.00220,0.00009,0.00006,0.00314,0.00007,0.00095,0.00652
1598871621.671316385269165,0.00278,0.00013,0.00001,0.00387,0.00000,0.00108,0.00787
1598871621.704219818115234,0.00216,0.00011,0.00001,0.00331,0.00005,0.00096,0.00661
1598871621.738468647003174,0.00251,0.00014,0.00011,0.00327,0.00003,0.00089,0.00695
1598871621.770759582519531,0.00340,0.00008,0.00001,0.00327,0.00000,0.00083,0.00759
1598871621.804234504699707,0.00209,0.00009,0.00005,0.00330,0.00003,0.00096,0.00652
1598871621.837351560592651,0.00223,0.00009,0.00001,0.00370,0.00004,0.00099,0.00705
1598871621.872155904769897,0.00216,0.00008,0.00008,0.00325,0.00005,0.00093,0.00655
1598871621.904754877090454,0.00228,0.00009,0.00007,0.00327,0.00012,0.00100,0.00683
1598871621.937969684600830,0.00233,0.00014,0.00012,0.00352,0.00004,0.00107,0.00722
1598871621.971339941024780,0.00221,0.00008,0.00004,0.00326,0.00002,0.00104,0.00665
1598871622.003982305526733,0.00172,0.00011,0.00159,0.00318,0.00003,0.00089,0.00752
1598871622.039146900177002,0.00199,0.00006,0.00004,0.00314,0.00003,0.00080,0.00607
1598871622.071678400039673,0.00218,0.00006,0.00005,0.00308,0.00000,0.00082,0.00620
1598871622.105057239532471,0.00222,0.00012,0.00001,0.00317,0.00004,0.00104,0.00661
1598871622.139039993286133,0.00203,0.00009,0.00006,0.00313,0.00006,0.00105,0.00643
1598871622.173467159271240,0.00181,0.00006,0.00001,0.00309,0.00000,0.00088,0.00585
1598871622.238736867904663,0.00218,0.00011,0.00001,0.00332,0.00007,0.00090,0.00659
1598871622.273535728454590,0.00232,0.00006,0.00001,0.00307,0.00003,0.00082,0.00631
1598871622.306120634078979,0.00205,0.00009,0.00006,0.00310,0.00005,0.00091,0.00627
1598871622.338652610778809,0.00218,0.00018,0.00001,0.00315,0.00016,0.00118,0.00687
1598871622.372309207916260,0.00224,0.00009,0.00010,0.00328,0.00009,0.00096,0.00675
1598871622.405853986740112,0.00209,0.00008,0.00001,0.00312,0.00004,0.00099,0.00633
1598871622.443449020385742,0.00216,0.00007,0.00156,0.00303,0.00004,0.00086,0.00772
1598871622.505405902862549,0.00226,0.00008,0.00001,0.00329,0.00006,0.00083,0.00653
1598871622.538224220275879,0.00203,0.00011,0.00001,0.00313,0.00004,0.00094,0.00627
1598871622.572024345397949,0.00258,0.00009,0.00001,0.00319,0.00004,0.00102,0.00693
1598871622.606119871139526,0.00189,0.00008,0.00008,0.00332,0.00008,0.00113,0.00658
1598871622.639180183410645,0.00240,0.00008,0.00001,0.00332,0.00000,0.00091,0.00673
1598871622.671664953231812,0.00210,0.00006,0.00001,0.00311,0.00006,0.00087,0.00621
1598871622.704831600189209,0.00199,0.00009,0.00001,0.00319,0.00004,0.00110,0.00643
1598871622.737742185592651,0.00227,0.00012,0.00007,0.00316,0.00005,0.00090,0.00657
1598871622.771595239639282,0.00216,0.00008,0.00001,0.00310,0.00015,0.00100,0.00650
1598871622.810889959335327,0.00199,0.00007,0.00009,0.00310,0.00005,0.00087,0.00618
1598871622.843587636947632,0.00226,0.00010,0.00001,0.00311,0.00006,0.00088,0.00642
1598871622.906187772750854,0.00245,0.00008,0.00179,0.00334,0.00004,0.00104,0.00875
1598871622.939766407012939,0.00242,0.00011,0.00001,0.00320,0.00007,0.00149,0.00730
1598871622.973718166351318,0.00230,0.00008,0.00001,0.00358,0.00004,0.00086,0.00688
1598871623.006103515625000,0.00209,0.00008,0.00001,0.00336,0.00003,0.00102,0.00658
1598871623.039391994476318,0.00239,0.00007,0.00006,0.00309,0.00005,0.00083,0.00650
1598871623.071961879730225,0.00238,0.00009,0.00001,0.00311,0.00000,0.00092,0.00650
1598871623.105431795120239,0.00207,0.00007,0.00001,0.00308,0.00007,0.00086,0.00615
1598871623.138798713684082,0.00209,0.00006,0.00001,0.00315,0.00003,0.00083,0.00617
1598871623.172040939331055,0.00187,0.00006,0.00006,0.00318,0.00005,0.00087,0.00610
1598871623.206938505172729,0.00166,0.00007,0.00001,0.00308,0.00014,0.00084,0.00580
1598871623.273108959197998,0.00257,0.00011,0.00011,0.00333,0.00007,0.00102,0.00722
1598871623.305829763412476,0.00212,0.00008,0.00001,0.00309,0.00004,0.00090,0.00624
1598871623.339358806610107,0.00176,0.00007,0.00157,0.00313,0.00004,0.00090,0.00747
1598871623.373275041580200,0.00224,0.00009,0.00001,0.00321,0.00007,0.00106,0.00668
1598871623.406249046325684,0.00226,0.00009,0.00001,0.00309,0.00003,0.00090,0.00637
1598871623.438572168350220,0.00223,0.00007,0.00001,0.00309,0.00003,0.00109,0.00651
1598871623.473735094070435,0.00251,0.00012,0.00009,0.00321,0.00006,0.00102,0.00701
1598871623.506005048751831,0.00212,0.00008,0.00001,0.00308,0.00000,0.00094,0.00623
1598871623.539995193481445,0.00214,0.00008,0.00001,0.00310,0.00007,0.00088,0.00626
1598871623.573704242706299,0.00220,0.00008,0.00001,0.00335,0.00004,0.00105,0.00673
1598871623.606611728668213,0.00206,0.00008,0.00005,0.00314,0.00006,0.00101,0.00639
1598871623.640105485916138,0.00178,0.00006,0.00001,0.00312,0.00014,0.00084,0.00596
1598871623.706633329391479,0.00231,0.00011,0.00013,0.00309,0.00005,0.00089,0.00659
1598871623.740483283996582,0.00190,0.00006,0.00001,0.00308,0.00004,0.00081,0.00591
1598871623.773045301437378,0.00198,0.00009,0.00174,0.00308,0.00004,0.00108,0.00800
1598871623.806621313095093,0.00209,0.00011,0.00001,0.00312,0.00006,0.00093,0.00632
1598871623.841106891632080,0.00197,0.00006,0.00001,0.00314,0.00004,0.00083,0.00606
1598871623.907486677169800,0.00212,0.00008,0.00001,0.00307,0.00003,0.00079,0.00610
1598871623.972839117050171,0.00220,0.00008,0.00006,0.00309,0.00005,0.00092,0.00640
1598871624.007332801818848,0.00197,0.00006,0.00001,0.00333,0.00000,0.00110,0.00647
1598871624.072676897048950,0.00206,0.00009,0.00001,0.00334,0.00007,0.00096,0.00654
1598871624.106164693832397,0.00209,0.00009,0.00001,0.00307,0.00003,0.00099,0.00627
1598871624.141304254531860,0.00212,0.00007,0.00004,0.00313,0.00005,0.00086,0.00628
1598871624.207203149795532,0.00223,0.00008,0.00001,0.00313,0.00014,0.00080,0.00640
1598871624.239965200424194,0.00183,0.00006,0.00010,0.00309,0.00005,0.00084,0.00598
1598871624.279021739959717,0.00243,0.00015,0.00002,0.00336,0.00008,0.00089,0.00694
1598871624.339632272720337,0.00211,0.00008,0.00159,0.00301,0.00004,0.00085,0.00768
1598871624.373499393463135,0.00210,0.00007,0.00001,0.00308,0.00006,0.00081,0.00614
1598871624.406023979187012,0.00236,0.00008,0.00001,0.00312,0.00003,0.00084,0.00644
1598871624.440483093261719,0.00252,0.00006,0.00001,0.00310,0.00003,0.00082,0.00653
1598871624.475877046585083,0.00325,0.00006,0.00006,0.00316,0.00006,0.00084,0.00743
1598871624.541649103164673,0.00252,0.00008,0.00001,0.00309,0.00000,0.00081,0.00651
1598871624.607808828353882,0.00230,0.00013,0.00001,0.00321,0.00008,0.00111,0.00684
1598871624.672289133071899,0.00226,0.00010,0.00001,0.00308,0.00003,0.00086,0.00633
1598871624.705647468566895,0.00187,0.00007,0.00004,0.00312,0.00005,0.00084,0.00598
1598871624.739423513412476,0.00226,0.00009,0.00001,0.00308,0.00017,0.00102,0.00664
1598871624.773267507553101,0.00221,0.00009,0.00009,0.00306,0.00005,0.00103,0.00654
1598871624.806531429290771,0.00192,0.00009,0.00007,0.00303,0.00005,0.00107,0.00624
1598871624.839807033538818,0.00218,0.00009,0.00156,0.00288,0.00005,0.00098,0.00775
1598871624.877123117446899,0.00186,0.00006,0.00001,0.00293,0.00006,0.00083,0.00575
1598871624.944774866104126,0.00219,0.00010,0.00001,0.00296,0.00003,0.00085,0.00614
1598871625.007547855377197,0.00191,0.00011,0.00001,0.00310,0.00004,0.00086,0.00605
1598871625.072509050369263,0.00228,0.00014,0.00007,0.00325,0.00013,0.00092,0.00678
1598871625.106227636337280,0.00200,0.00007,0.00001,0.00291,0.00000,0.00081,0.00581
1598871625.138936758041382,0.00196,0.00014,0.00001,0.00301,0.00007,0.00099,0.00618
1598871625.173046827316284,0.00220,0.00011,0.00001,0.00296,0.00003,0.00097,0.00627
1598871625.206890106201172,0.00378,0.00007,0.00001,0.00294,0.00010,0.00084,0.00772
1598871625.240768671035767,0.00204,0.00008,0.00001,0.00333,0.00014,0.00082,0.00642
1598871625.274795770645142,0.00175,0.00009,0.00007,0.00287,0.00008,0.00084,0.00570
1598871625.307791233062744,0.00213,0.00008,0.00001,0.00285,0.00006,0.00085,0.00598
1598871625.342003822326660,0.00242,0.00016,0.00216,0.00276,0.00007,0.00097,0.00854
1598871625.375564336776733,0.00237,0.00010,0.00001,0.00284,0.00007,0.00085,0.00624
1598871625.407870292663574,0.00198,0.00014,0.00001,0.00302,0.00003,0.00106,0.00624
1598871625.443302392959595,0.00233,0.00014,0.00001,0.00296,0.00004,0.00108,0.00657
1598871625.507657766342163,0.00217,0.00009,0.00001,0.00284,0.00011,0.00094,0.00616
1598871625.540941953659058,0.00219,0.00009,0.00001,0.00328,0.00000,0.00082,0.00638
1598871625.576751708984375,0.00252,0.00010,0.00001,0.00284,0.00008,0.00092,0.00646
1598871625.641011714935303,0.00255,0.00013,0.00002,0.00324,0.00005,0.00097,0.00695
1598871625.673578739166260,0.00220,0.00009,0.00001,0.00282,0.00009,0.00105,0.00625
1598871625.707566022872925,0.00215,0.00009,0.00001,0.00282,0.00014,0.00086,0.00607
1598871625.741486549377441,0.00184,0.00008,0.00005,0.00283,0.00011,0.00082,0.00574
1598871625.774449348449707,0.00252,0.00006,0.00001,0.00282,0.00006,0.00081,0.00627
1598871625.808119297027588,0.00222,0.00013,0.00107,0.00318,0.00065,0.00105,0.00830
1598871625.874911069869995,0.00250,0.00011,0.00001,0.00328,0.00008,0.00101,0.00698
1598871625.942870616912842,0.00212,0.00013,0.00001,0.00327,0.00005,0.00086,0.00645
1598871625.976070642471313,0.00204,0.00009,0.00001,0.00300,0.00003,0.00087,0.00603
1598871626.040042161941528,0.00213,0.00008,0.00004,0.00296,0.00008,0.00082,0.00611
1598871626.074717283248901,0.00201,0.00022,0.00003,0.00314,0.00000,0.00112,0.00652
1598871626.107096433639526,0.00196,0.00013,0.00001,0.00300,0.00008,0.00085,0.00602
1598871626.141119480133057,0.00203,0.00014,0.00001,0.00303,0.00003,0.00104,0.00626
1598871626.173966407775879,0.00215,0.00007,0.00001,0.00296,0.00009,0.00083,0.00610
1598871626.207819938659668,0.00197,0.00007,0.00001,0.00295,0.00014,0.00079,0.00592
1598871626.241692781448364,0.00211,0.00009,0.00007,0.00340,0.00008,0.00079,0.00654
1598871626.275445222854614,0.00195,0.00006,0.00001,0.00297,0.00007,0.00084,0.00590
1598871626.308322906494141,0.00193,0.00007,0.00102,0.00295,0.00006,0.00085,0.00688
1598871626.341706275939941,0.00224,0.00015,0.00001,0.00299,0.00006,0.00127,0.00671
1598871626.408013105392456,0.00279,0.00013,0.00001,0.00299,0.00004,0.00093,0.00691
1598871626.441947221755981,0.00193,0.00009,0.00001,0.00300,0.00003,0.00084,0.00590
1598871626.474278450012207,0.00229,0.00013,0.00007,0.00306,0.00010,0.00095,0.00659
1598871626.508010864257812,0.00189,0.00013,0.00001,0.00300,0.00000,0.00108,0.00610
1598871626.541305541992188,0.00201,0.00006,0.00001,0.00296,0.00006,0.00084,0.00595
1598871626.575788974761963,0.00246,0.00010,0.00001,0.00300,0.00003,0.00092,0.00651
1598871626.640782833099365,0.00239,0.00017,0.00002,0.00300,0.00009,0.00099,0.00666
1598871626.673876523971558,0.00233,0.00011,0.00001,0.00301,0.00016,0.00092,0.00656
1598871626.707418203353882,0.00194,0.00014,0.00009,0.00302,0.00008,0.00105,0.00631
1598871626.740850210189819,0.00220,0.00011,0.00001,0.00298,0.00006,0.00093,0.00630
1598871626.773907184600830,0.00198,0.00006,0.00142,0.00291,0.00005,0.00087,0.00730
1598871626.806907415390015,0.00205,0.00014,0.00001,0.00304,0.00008,0.00101,0.00632
1598871626.842092990875244,0.00260,0.00009,0.00001,0.00315,0.00003,0.00093,0.00681
1598871626.874657630920410,0.00228,0.00008,0.00001,0.00330,0.00004,0.00114,0.00685
1598871626.907562971115112,0.00215,0.00012,0.00004,0.00299,0.00009,0.00098,0.00637
1598871626.942106962203979,0.00211,0.00007,0.00001,0.00296,0.00000,0.00088,0.00603
1598871626.975115776062012,0.00180,0.00006,0.00001,0.00290,0.00007,0.00087,0.00572
1598871627.008491754531860,0.00219,0.00015,0.00001,0.00309,0.00004,0.00105,0.00653
1598871627.041599512100220,0.00222,0.00011,0.00005,0.00301,0.00009,0.00091,0.00639
1598871627.074040412902832,0.00209,0.00015,0.00002,0.00304,0.00015,0.00101,0.00646
1598871627.109031677246094,0.00222,0.00010,0.00009,0.00301,0.00008,0.00099,0.00650
1598871627.141974687576294,0.00211,0.00006,0.00001,0.00310,0.00006,0.00083,0.00618
1598871627.175386667251587,0.00212,0.00012,0.00103,0.00292,0.00005,0.00079,0.00702
1598871627.208749532699585,0.00172,0.00006,0.00001,0.00297,0.00006,0.00085,0.00567
1598871627.241719484329224,0.00198,0.00007,0.00001,0.00300,0.00003,0.00082,0.00590
1598871627.274601221084595,0.00204,0.00007,0.00001,0.00295,0.00003,0.00082,0.00592
1598871627.308254480361938,0.00222,0.00009,0.00005,0.00294,0.00008,0.00090,0.00629
1598871627.341831445693970,0.00200,0.00010,0.00001,0.00311,0.00000,0.00109,0.00631
1598871627.375437974929810,0.00226,0.00009,0.00001,0.00301,0.00007,0.00090,0.00634
1598871627.408403396606445,0.00203,0.00006,0.00001,0.00294,0.00003,0.00130,0.00637
1598871627.441824436187744,0.00211,0.00008,0.00001,0.00298,0.00010,0.00090,0.00619
1598871627.474814891815186,0.00226,0.00010,0.00001,0.00304,0.00016,0.00102,0.00659
1598871627.507284164428711,0.00201,0.00009,0.00007,0.00313,0.00008,0.00123,0.00661
1598871627.540774822235107,0.00203,0.00008,0.00001,0.00297,0.00006,0.00103,0.00618
1598871627.574136972427368,0.00317,0.00010,0.00110,0.00295,0.00005,0.00106,0.00844
1598871627.608885765075684,0.00195,0.00013,0.00001,0.00302,0.00007,0.00104,0.00621
1598871627.642858266830444,0.00237,0.00009,0.00001,0.00307,0.00004,0.00100,0.00659
1598871627.675296545028687,0.00240,0.00011,0.00001,0.00299,0.00003,0.00095,0.00648
1598871627.708503007888794,0.00168,0.00010,0.00004,0.00297,0.00007,0.00089,0.00575
1598871627.741371631622314,0.00225,0.00010,0.00001,0.00306,0.00000,0.00099,0.00641
1598871627.775511026382446,0.00228,0.00011,0.00001,0.00300,0.00007,0.00097,0.00645
1598871627.809166431427002,0.00176,0.00006,0.00001,0.00294,0.00003,0.00085,0.00564
1598871627.843121051788330,0.00213,0.00010,0.00001,0.00302,0.00010,0.00115,0.00650
1598871627.877832412719727,0.00199,0.00008,0.00001,0.00271,0.00013,0.00089,0.00580
1598871627.912773132324219,0.00192,0.00007,0.00008,0.00295,0.00007,0.00077,0.00585
1598871627.976837873458862,0.00244,0.00013,0.00001,0.00301,0.00007,0.00089,0.00655
1598871628.012815475463867,0.00195,0.00006,0.00103,0.00293,0.00006,0.00084,0.00687
1598871628.080367803573608,0.00210,0.00008,0.00001,0.00295,0.00006,0.00080,0.00599
1598871628.115475893020630,0.00244,0.00007,0.00001,0.00308,0.00003,0.00086,0.00649
1598871628.175091028213501,0.00215,0.00007,0.00001,0.00296,0.00003,0.00084,0.00606
1598871628.208117008209229,0.00211,0.00011,0.00006,0.00308,0.00008,0.00104,0.00648
1598871628.241744995117188,0.00226,0.00008,0.00001,0.00299,0.00000,0.00093,0.00627
1598871628.274877309799194,0.00192,0.00007,0.00001,0.00299,0.00006,0.00087,0.00593
1598871628.308448314666748,0.00222,0.00010,0.00001,0.00299,0.00004,0.00092,0.00629
1598871628.342267274856567,0.00286,0.00009,0.00001,0.00301,0.00009,0.00102,0.00709
1598871628.375183343887329,0.00193,0.00008,0.00001,0.00302,0.00015,0.00107,0.00626
1598871628.408850908279419,0.00225,0.00008,0.00007,0.00300,0.00010,0.00086,0.00636
1598871628.442298889160156,0.00222,0.00009,0.00001,0.00301,0.00007,0.00089,0.00628
1598871628.475200176239014,0.00203,0.00007,0.00124,0.00291,0.00005,0.00086,0.00717
1598871628.508368253707886,0.00193,0.00006,0.00001,0.00322,0.00006,0.00082,0.00610
1598871628.542188644409180,0.00211,0.00009,0.00001,0.00302,0.00006,0.00106,0.00636
1598871628.576440334320068,0.00229,0.00010,0.00001,0.00298,0.00004,0.00091,0.00634
1598871628.609689950942993,0.00211,0.00007,0.00004,0.00297,0.00008,0.00084,0.00611
1598871628.643465995788574,0.00209,0.00007,0.00001,0.00296,0.00000,0.00084,0.00597
1598871628.676961898803711,0.00175,0.00006,0.00001,0.00299,0.00007,0.00087,0.00575
1598871628.709557771682739,0.00195,0.00009,0.00001,0.00306,0.00004,0.00106,0.00621
1598871628.775666236877441,0.00204,0.00011,0.00001,0.00297,0.00009,0.00090,0.00612
1598871628.810813665390015,0.00217,0.00006,0.00001,0.00297,0.00014,0.00082,0.00618
1598871628.844942092895508,0.00211,0.00010,0.00009,0.00301,0.00008,0.00094,0.00634
1598871628.877861261367798,0.00225,0.00010,0.00002,0.00299,0.00010,0.00093,0.00639
1598871628.941919803619385,0.00214,0.00008,0.00127,0.00291,0.00005,0.00086,0.00731
1598871628.977459430694580,0.00185,0.00007,0.00001,0.00343,0.00008,0.00112,0.00655
1598871629.010284900665283,0.00208,0.00008,0.00001,0.00297,0.00003,0.00089,0.00606
1598871629.044213294982910,0.00198,0.00007,0.00001,0.00323,0.00003,0.00081,0.00612
1598871629.110750436782837,0.00188,0.00007,0.00004,0.00326,0.00011,0.00117,0.00654
1598871629.144518375396729,0.00208,0.00009,0.00001,0.00304,0.00000,0.00101,0.00622
1598871629.208991527557373,0.00190,0.00013,0.00001,0.00297,0.00006,0.00086,0.00591
1598871629.242662191390991,0.00211,0.00006,0.00001,0.00296,0.00003,0.00092,0.00608
1598871629.275784254074097,0.00200,0.00006,0.00001,0.00295,0.00008,0.00085,0.00595
1598871629.309124946594238,0.00194,0.00007,0.00001,0.00297,0.00014,0.00083,0.00596
1598871629.342960119247437,0.00213,0.00008,0.00008,0.00299,0.00007,0.00087,0.00621
1598871629.376302003860474,0.00223,0.00010,0.00001,0.00298,0.00007,0.00090,0.00629
1598871629.409930467605591,0.00168,0.00006,0.00104,0.00293,0.00005,0.00089,0.00665
1598871629.444378376007080,0.00210,0.00013,0.00003,0.00311,0.00007,0.00109,0.00653
1598871629.509357213973999,0.00225,0.00010,0.00001,0.00300,0.00004,0.00090,0.00631
1598871629.543010950088501,0.00230,0.00009,0.00001,0.00303,0.00004,0.00102,0.00649
1598871629.576904296875000,0.00193,0.00008,0.00004,0.00322,0.00012,0.00111,0.00649
1598871629.609296560287476,0.00230,0.00009,0.00001,0.00300,0.00000,0.00093,0.00634
1598871629.642359733581543,0.00199,0.00007,0.00001,0.00296,0.00008,0.00083,0.00594
1598871629.676776647567749,0.00189,0.00007,0.00001,0.00296,0.00003,0.00080,0.00576
1598871629.744206666946411,0.00191,0.00008,0.00001,0.00297,0.00008,0.00084,0.00590
1598871629.776525020599365,0.00194,0.00006,0.00001,0.00324,0.00014,0.00086,0.00625
1598871629.810636520385742,0.00202,0.00006,0.00007,0.00294,0.00008,0.00101,0.00617
1598871629.843838214874268,0.00225,0.00009,0.00001,0.00299,0.00007,0.00090,0.00631
1598871629.877286672592163,0.00176,0.00007,0.00103,0.00290,0.00005,0.00084,0.00665
1598871629.910537481307983,0.00197,0.00006,0.00001,0.00294,0.00006,0.00079,0.00584
1598871629.976355791091919,0.00239,0.00012,0.00001,0.00298,0.00004,0.00100,0.00654
1598871630.010028600692749,0.00234,0.00007,0.00001,0.00300,0.00004,0.00087,0.00633
1598871630.042378664016724,0.00221,0.00008,0.00005,0.00302,0.00009,0.00092,0.00637
1598871630.076021671295166,0.00216,0.00007,0.00001,0.00295,0.00000,0.00082,0.00601
1598871630.109490156173706,0.00306,0.00007,0.00001,0.00296,0.00006,0.00086,0.00702
1598871630.142758607864380,0.00196,0.00007,0.00001,0.00295,0.00003,0.00082,0.00583
1598871630.176877021789551,0.00191,0.00007,0.00001,0.00303,0.00009,0.00087,0.00599
1598871630.209842205047607,0.00172,0.00006,0.00001,0.00307,0.00015,0.00084,0.00584
1598871630.242686271667480,0.00211,0.00008,0.00008,0.00296,0.00008,0.00096,0.00628
1598871630.277381658554077,0.00191,0.00007,0.00001,0.00307,0.00006,0.00081,0.00593
1598871630.309996843338013,0.00204,0.00015,0.00110,0.00296,0.00005,0.00107,0.00737
1598871630.343204021453857,0.00223,0.00009,0.00001,0.00333,0.00008,0.00096,0.00671
1598871630.377266407012939,0.00204,0.00008,0.00001,0.00300,0.00003,0.00107,0.00624
1598871630.409595012664795,0.00206,0.00006,0.00001,0.00300,0.00003,0.00081,0.00597
1598871630.443009138107300,0.00219,0.00010,0.00006,0.00297,0.00008,0.00088,0.00629
1598871630.476839065551758,0.00196,0.00006,0.00001,0.00295,0.00000,0.00081,0.00579
1598871630.510357856750488,0.00225,0.00009,0.00001,0.00297,0.00007,0.00090,0.00631
1598871630.543055772781372,0.00195,0.00006,0.00001,0.00294,0.00003,0.00084,0.00582
1598871630.576771974563599,0.00229,0.00007,0.00001,0.00294,0.00008,0.00082,0.00621
1598871630.610398530960083,0.00172,0.00006,0.00001,0.00292,0.00014,0.00085,0.00570
1598871630.643386363983154,0.00209,0.00009,0.00011,0.00295,0.00008,0.00091,0.00624
1598871630.675834178924561,0.00291,0.00009,0.00001,0.00396,0.00006,0.00080,0.00782
1598871630.710544586181641,0.00188,0.00006,0.00101,0.00288,0.00006,0.00080,0.00669
1598871630.744229555130005,0.00175,0.00006,0.00001,0.00295,0.00006,0.00087,0.00570
1598871630.782822370529175,0.00171,0.00007,0.00001,0.00299,0.00003,0.00082,0.00563
1598871630.845066308975220,0.00193,0.00009,0.00001,0.00295,0.00003,0.00075,0.00577
1598871630.909776926040649,0.00215,0.00011,0.00007,0.00298,0.00008,0.00086,0.00626
1598871630.943962335586548,0.00196,0.00009,0.00001,0.00349,0.00000,0.00108,0.00664
1598871630.977308273315430,0.00161,0.00008,0.00001,0.00296,0.00007,0.00083,0.00555
1598871631.010135889053345,0.00123,0.00006,0.00001,0.00290,0.00003,0.00073,0.00495
1598871631.043946027755737,0.00162,0.00009,0.00001,0.00298,0.00009,0.00085,0.00565
1598871631.077114105224609,0.00132,0.00006,0.00001,0.00290,0.00014,0.00073,0.00516
1598871631.109528064727783,0.00116,0.00006,0.00007,0.00289,0.00009,0.00069,0.00496
1598871631.143678665161133,0.00142,0.00007,0.00001,0.00292,0.00006,0.00075,0.00522
1598871631.176685094833374,0.00153,0.00006,0.00102,0.00288,0.00005,0.00078,0.00633
1598871631.209814786911011,0.00158,0.00006,0.00001,0.00293,0.00006,0.00078,0.00542
1598871631.244096040725708,0.00196,0.00006,0.00001,0.00293,0.00003,0.00117,0.00616
1598871631.277581691741943,0.00190,0.00013,0.00001,0.00304,0.00005,0.00099,0.00612
1598871631.310091733932495,0.00180,0.00009,0.00004,0.00297,0.00008,0.00087,0.00585
1598871631.343261718750000,0.00225,0.00010,0.00001,0.00297,0.00000,0.00085,0.00618
1598871631.377506971359253,0.00198,0.00009,0.00001,0.00296,0.00007,0.00085,0.00595
1598871631.410839319229126,0.00192,0.00006,0.00001,0.00296,0.00003,0.00084,0.00581
1598871631.443667411804199,0.00199,0.00006,0.00001,0.00295,0.00008,0.00084,0.00593
1598871631.477291345596313,0.00204,0.00010,0.00001,0.00298,0.00016,0.00092,0.00620
1598871631.510052442550659,0.00198,0.00009,0.00009,0.00304,0.00008,0.00105,0.00633
1598871631.543820858001709,0.00226,0.00010,0.00001,0.00302,0.00009,0.00120,0.00668
1598871631.577674627304077,0.00188,0.00006,0.00102,0.00289,0.00005,0.00134,0.00724
1598871631.611949920654297,0.00194,0.00008,0.00001,0.00298,0.00006,0.00088,0.00594
1598871631.644431829452515,0.00204,0.00008,0.00001,0.00328,0.00004,0.00092,0.00637
1598871631.677471637725830,0.00193,0.00006,0.00001,0.00298,0.00003,0.00081,0.00583
1598871631.709963798522949,0.00189,0.00006,0.00004,0.00305,0.00009,0.00086,0.00599
1598871631.743129014968872,0.00194,0.00006,0.00001,0.00296,0.00000,0.00081,0.00579
1598871631.777191400527954,0.00165,0.00006,0.00001,0.00297,0.00006,0.00091,0.00566
1598871631.811431169509888,0.00207,0.00008,0.00001,0.00333,0.00004,0.00086,0.00639
1598871631.844623804092407,0.00185,0.00007,0.00001,0.00296,0.00008,0.00086,0.00583
1598871631.879763126373291,0.00201,0.00006,0.00001,0.00296,0.00015,0.00081,0.00599
1598871631.943650245666504,0.00232,0.00017,0.00009,0.00303,0.00009,0.00093,0.00663
1598871631.976746559143066,0.00178,0.00006,0.00001,0.00297,0.00006,0.00085,0.00573
1598871632.011674880981445,0.00225,0.00010,0.00112,0.00296,0.00007,0.00101,0.00751
1598871632.044188737869263,0.00224,0.00010,0.00001,0.00301,0.00008,0.00099,0.00643
1598871632.078040122985840,0.00179,0.00007,0.00001,0.00305,0.00003,0.00108,0.00602
1598871632.110424518585205,0.00212,0.00009,0.00001,0.00301,0.00004,0.00087,0.00613
1598871632.143926143646240,0.00259,0.00010,0.00006,0.00299,0.00008,0.00096,0.00679
1598871632.177327632904053,0.00174,0.00006,0.00001,0.00300,0.00000,0.00089,0.00570
1598871632.210787773132324,0.00210,0.00015,0.00001,0.00312,0.00009,0.00113,0.00660
1598871632.244953632354736,0.00209,0.00009,0.00001,0.00302,0.00003,0.00086,0.00610
1598871632.278384208679199,0.00216,0.00006,0.00001,0.00296,0.00008,0.00086,0.00613
1598871632.312062501907349,0.00172,0.00006,0.00001,0.00297,0.00014,0.00090,0.00580
1598871632.344481468200684,0.00210,0.00010,0.00007,0.00299,0.00007,0.00088,0.00621
1598871632.376876592636108,0.00186,0.00006,0.00001,0.00296,0.00006,0.00083,0.00578
1598871632.410356521606445,0.00230,0.00010,0.00109,0.00298,0.00005,0.00103,0.00756
1598871632.445084333419800,0.00217,0.00010,0.00001,0.00299,0.00007,0.00091,0.00625
1598871632.477643728256226,0.00175,0.00006,0.00001,0.00299,0.00003,0.00089,0.00573
1598871632.510368347167969,0.00192,0.00006,0.00001,0.00295,0.00003,0.00081,0.00578
1598871632.544212341308594,0.00168,0.00006,0.00004,0.00324,0.00010,0.00118,0.00630
1598871632.583551406860352,0.00202,0.00006,0.00001,0.00299,0.00000,0.00095,0.00604
1598871632.645949363708496,0.00209,0.00007,0.00001,0.00305,0.00006,0.00085,0.00613
1598871632.679614782333374,0.00221,0.00010,0.00001,0.00303,0.00004,0.00093,0.00633
1598871632.747426509857178,0.00222,0.00008,0.00001,0.00296,0.00010,0.00087,0.00624
1598871632.811219930648804,0.00223,0.00008,0.00001,0.00298,0.00015,0.00085,0.00630
1598871632.844360828399658,0.00186,0.00010,0.00009,0.00303,0.00008,0.00105,0.00621
1598871632.878432273864746,0.00274,0.00009,0.00001,0.00298,0.00009,0.00085,0.00677
1598871632.911565542221069,0.00186,0.00009,0.00111,0.00291,0.00006,0.00084,0.00688
1598871632.945104122161865,0.00247,0.00009,0.00001,0.00300,0.00008,0.00083,0.00649
1598871632.984074354171753,0.00223,0.00010,0.00001,0.00298,0.00004,0.00096,0.00633
1598871633.045876741409302,0.00228,0.00008,0.00001,0.00299,0.00003,0.00087,0.00626
1598871633.079148769378662,0.00247,0.00011,0.00007,0.00298,0.00008,0.00095,0.00666
1598871633.112805366516113,0.00228,0.00006,0.00001,0.00295,0.00000,0.00078,0.00608
1598871633.146039247512817,0.00183,0.00006,0.00001,0.00293,0.00006,0.00085,0.00573
1598871633.178615093231201,0.00256,0.00009,0.00001,0.00307,0.00003,0.00107,0.00684
1598871633.211158990859985,0.00254,0.00008,0.00001,0.00297,0.00008,0.00093,0.00660
1598871633.245451927185059,0.00187,0.00006,0.00001,0.00294,0.00015,0.00085,0.00588
1598871633.278791666030884,0.00234,0.00011,0.00011,0.00314,0.00008,0.00113,0.00692
1598871633.311459302902222,0.00244,0.00008,0.00001,0.00299,0.00006,0.00099,0.00656
1598871633.344762086868286,0.00190,0.00007,0.00103,0.00294,0.00005,0.00086,0.00685
1598871633.378283262252808,0.00243,0.00006,0.00001,0.00319,0.00007,0.00083,0.00660
1598871633.412015199661255,0.00239,0.00008,0.00001,0.00297,0.00003,0.00126,0.00674
1598871633.445995330810547,0.00215,0.00008,0.00001,0.00298,0.00003,0.00101,0.00626
1598871633.479085206985474,0.00222,0.00007,0.00004,0.00298,0.00008,0.00086,0.00626
1598871633.512086153030396,0.00186,0.00006,0.00001,0.00294,0.00000,0.00082,0.00569
1598871633.545477628707886,0.00194,0.00006,0.00001,0.00297,0.00006,0.00086,0.00589
1598871633.578184366226196,0.00239,0.00010,0.00001,0.00327,0.00004,0.00095,0.00676
1598871633.610884189605713,0.00192,0.00008,0.00001,0.00328,0.00009,0.00090,0.00627
1598871633.645867586135864,0.00314,0.00008,0.00001,0.00322,0.00016,0.00104,0.00765
1598871633.678788423538208,0.00225,0.00010,0.00009,0.00299,0.00009,0.00098,0.00650
1598871633.712894916534424,0.00198,0.00008,0.00001,0.00305,0.00006,0.00109,0.00628
1598871633.746248483657837,0.00192,0.00008,0.00103,0.00295,0.00005,0.00092,0.00695
1598871633.780270576477051,0.00237,0.00012,0.00001,0.00307,0.00008,0.00109,0.00675
1598871633.852070569992065,0.00268,0.00014,0.00001,0.00298,0.00004,0.00095,0.00680
1598871633.913499593734741,0.00217,0.00013,0.00001,0.00297,0.00006,0.00088,0.00624
1598871633.979528665542603,0.00216,0.00011,0.00006,0.00299,0.00008,0.00097,0.00638
1598871634.045362949371338,0.00223,0.00012,0.00006,0.00280,0.00000,0.00108,0.00630
1598871634.079395294189453,0.00239,0.00012,0.00001,0.00346,0.00010,0.00101,0.00709
1598871634.112035274505615,0.00215,0.00014,0.00001,0.00289,0.00004,0.00102,0.00625
1598871634.146577358245850,0.00188,0.00012,0.00001,0.00308,0.00008,0.00083,0.00601
1598871634.211813926696777,0.00221,0.00008,0.00001,0.00283,0.00014,0.00091,0.00618
1598871634.244911670684814,0.00205,0.00008,0.00006,0.00288,0.00009,0.00085,0.00601
1598871634.278061151504517,0.00223,0.00009,0.00001,0.00297,0.00010,0.00092,0.00631
1598871634.311991930007935,0.00181,0.00006,0.00098,0.00279,0.00007,0.00084,0.00655
1598871634.345844507217407,0.00189,0.00006,0.00001,0.00287,0.00006,0.00082,0.00570
1598871634.378848791122437,0.00224,0.00009,0.00001,0.00288,0.00004,0.00091,0.00618
1598871634.412515401840210,0.00203,0.00007,0.00001,0.00288,0.00003,0.00088,0.00590
1598871634.445062637329102,0.00184,0.00006,0.00001,0.00283,0.00011,0.00085,0.00570
1598871634.478941440582275,0.00251,0.00010,0.00001,0.00316,0.00000,0.00107,0.00686
1598871634.512247800827026,0.00216,0.00008,0.00001,0.00284,0.00008,0.00090,0.00606
1598871634.546374797821045,0.00217,0.00006,0.00001,0.00288,0.00003,0.00145,0.00659
1598871634.580303668975830,0.00229,0.00008,0.00001,0.00285,0.00008,0.00089,0.00621
1598871634.645793914794922,0.00228,0.00009,0.00001,0.00286,0.00016,0.00084,0.00624
1598871634.678610324859619,0.00234,0.00008,0.00007,0.00282,0.00009,0.00095,0.00635
1598871634.715304136276245,0.00181,0.00006,0.00001,0.00285,0.00006,0.00087,0.00566
1598871634.779379367828369,0.00219,0.00008,0.00101,0.00277,0.00008,0.00083,0.00696
1598871634.813068151473999,0.00209,0.00007,0.00001,0.00272,0.00006,0.00086,0.00580
1598871634.846052169799805,0.00218,0.00006,0.00003,0.00272,0.00002,0.00086,0.00588
1598871634.879666566848755,0.00217,0.00008,0.00003,0.00274,0.00009,0.00080,0.00592
1598871634.913420915603638,0.00218,0.00009,0.00001,0.00274,0.00010,0.00082,0.00594
1598871634.947003364562988,0.00245,0.00011,0.00008,0.00282,0.00000,0.00090,0.00636
1598871634.980762243270874,0.00228,0.00013,0.00012,0.00268,0.00026,0.00098,0.00644
1598871635.014134168624878,0.00201,0.00008,0.00003,0.00259,0.00010,0.00078,0.00558
1598871635.047668457031250,0.00243,0.00010,0.00020,0.00256,0.00006,0.00092,0.00627
1598871635.080202817916870,0.00220,0.00007,0.00003,0.00256,0.00020,0.00082,0.00587
1598871635.115938901901245,0.00222,0.00006,0.00034,0.00252,0.00044,0.00148,0.00705
1598871635.148338317871094,0.00219,0.00008,0.00037,0.00252,0.00004,0.00104,0.00624
1598871635.181392669677734,0.00222,0.00012,0.00199,0.00266,0.00012,0.00083,0.00795
1598871635.215768814086914,0.00233,0.00009,0.00015,0.00189,0.00006,0.00087,0.00539
1598871635.282822132110596,0.00258,0.00013,0.00021,0.00172,0.00007,0.00092,0.00562
1598871635.348155260086060,0.00257,0.00010,0.00025,0.00152,0.00030,0.00083,0.00557
1598871635.381777763366699,0.00251,0.00007,0.00007,0.00156,0.00102,0.00080,0.00602
1598871635.415716648101807,0.00217,0.00010,0.00010,0.00166,0.00007,0.00076,0.00485
1598871635.450157880783081,0.00228,0.00010,0.00003,0.00176,0.00098,0.00083,0.00598
1598871635.515018224716187,0.00234,0.00010,0.00020,0.00153,0.00032,0.00118,0.00568
1598871635.582029581069946,0.00236,0.00011,0.00018,0.00145,0.00109,0.00086,0.00606
1598871635.617785215377808,0.00244,0.00009,0.00008,0.00185,0.00013,0.00085,0.00544
1598871635.681124210357666,0.00219,0.00011,0.00002,0.00192,0.00102,0.00083,0.00611
1598871635.715614795684814,0.00221,0.00007,0.00005,0.00211,0.00065,0.00079,0.00589
1598871635.749025821685791,0.00185,0.00008,0.00351,0.00228,0.00314,0.00080,0.01167
1598871635.781879425048828,0.00221,0.00011,0.00119,0.00327,0.00000,0.00076,0.00754
1598871635.816314458847046,0.00248,0.00014,0.00006,0.00342,0.00000,0.00102,0.00712
1598871635.849881887435913,0.00237,0.00012,0.00004,0.00335,0.00000,0.00091,0.00678
1598871635.882950067520142,0.00194,0.00009,0.00064,0.00330,0.00000,0.00097,0.00695
1598871635.915452003479004,0.00217,0.00011,0.00062,0.00312,0.00000,0.00092,0.00694
1598871635.948283195495605,0.00234,0.00009,0.00026,0.00326,0.00000,0.00106,0.00702
1598871635.981628417968750,0.00231,0.00007,0.00095,0.00348,0.00009,0.00084,0.00774
1598871636.015404224395752,0.00226,0.00007,0.00030,0.00328,0.00000,0.00085,0.00676
1598871636.049477100372314,0.00212,0.00010,0.00059,0.00329,0.00000,0.00080,0.00691
1598871636.082267284393311,0.00249,0.00009,0.00175,0.00323,0.00000,0.00099,0.00856
1598871636.117382764816284,0.00231,0.00009,0.00011,0.00331,0.00000,0.00106,0.00689
1598871636.183137655258179,0.00271,0.00012,0.00428,0.00327,0.00000,0.00088,0.01125
1598871636.215806007385254,0.00218,0.00007,0.00121,0.00320,0.00000,0.00086,0.00751
1598871636.248834609985352,0.00229,0.00007,0.00123,0.00358,0.00000,0.00083,0.00801
1598871636.282003402709961,0.00235,0.00011,0.00001,0.00338,0.00000,0.00106,0.00691
1598871636.315691709518433,0.00208,0.00008,0.00088,0.00317,0.00000,0.00100,0.00722
1598871636.348755359649658,0.00220,0.00007,0.00088,0.00316,0.00000,0.00096,0.00728
1598871636.382265567779541,0.00220,0.00010,0.00037,0.00311,0.00000,0.00098,0.00676
1598871636.415712833404541,0.00248,0.00011,0.00061,0.00385,0.00000,0.00088,0.00794
1598871636.449855327606201,0.00208,0.00010,0.00004,0.00315,0.00009,0.00106,0.00652
1598871636.483511924743652,0.00215,0.00010,0.00058,0.00322,0.00000,0.00086,0.00691
1598871636.516040802001953,0.00190,0.00009,0.00169,0.00329,0.00000,0.00105,0.00802
1598871636.549280166625977,0.00229,0.00010,0.00001,0.00321,0.00000,0.00100,0.00661
1598871636.583634376525879,0.00233,0.00009,0.00470,0.00350,0.00000,0.00097,0.01161
1598871636.618061304092407,0.00220,0.00008,0.00009,0.00304,0.00011,0.00103,0.00657
1598871636.681930780410767,0.00219,0.00008,0.00064,0.00293,0.00064,0.00085,0.00733
1598871636.715459346771240,0.00220,0.00009,0.00061,0.00333,0.00000,0.00091,0.00715
1598871636.751176834106445,0.00214,0.00007,0.00111,0.00327,0.00000,0.00082,0.00741
1598871636.784559965133667,0.00192,0.00006,0.00087,0.00329,0.00000,0.00088,0.00703
1598871636.818722724914551,0.00206,0.00017,0.00035,0.00343,0.00000,0.00109,0.00709
1598871636.883629560470581,0.00236,0.00012,0.00063,0.00327,0.00000,0.00095,0.00733
1598871636.917706727981567,0.00193,0.00011,0.00001,0.00333,0.00000,0.00088,0.00627
1598871636.951289653778076,0.00231,0.00010,0.00063,0.00319,0.00000,0.00095,0.00718
1598871636.984104633331299,0.00214,0.00006,0.00199,0.00308,0.00000,0.00083,0.00811
1598871637.018213748931885,0.00200,0.00006,0.00001,0.00322,0.00000,0.00081,0.00610
1598871637.051751375198364,0.00232,0.00011,0.00383,0.00309,0.00008,0.00093,0.01036
1598871637.085604429244995,0.00230,0.00009,0.00023,0.00322,0.00000,0.00111,0.00695
1598871637.119054317474365,0.00218,0.00008,0.00061,0.00313,0.00000,0.00086,0.00686
1598871637.152427911758423,0.00235,0.00010,0.00012,0.00336,0.00002,0.00096,0.00692
1598871637.187078475952148,0.00203,0.00007,0.00069,0.00351,0.00060,0.00088,0.00777
1598871637.220900297164917,0.00191,0.00013,0.00094,0.00325,0.00000,0.00105,0.00729
1598871637.253187417984009,0.00255,0.00010,0.00031,0.00345,0.00000,0.00094,0.00736
1598871637.287438154220581,0.00187,0.00012,0.00065,0.00355,0.00000,0.00104,0.00723
1598871637.320789575576782,0.00231,0.00009,0.00005,0.00344,0.00000,0.00109,0.00698
1598871637.353625059127808,0.00229,0.00013,0.00064,0.00328,0.00000,0.00098,0.00732
1598871637.389383077621460,0.00237,0.00018,0.00170,0.00305,0.00000,0.00078,0.00809
1598871637.455464124679565,0.00236,0.00013,0.00001,0.00326,0.00000,0.00089,0.00666
1598871637.489557981491089,0.00220,0.00010,0.00299,0.00313,0.00008,0.00108,0.00959
1598871637.523488998413086,0.00220,0.00007,0.00023,0.00387,0.00000,0.00089,0.00727
1598871637.557803869247437,0.00229,0.00007,0.00063,0.00346,0.00000,0.00090,0.00736
1598871637.623726606369019,0.00230,0.00010,0.00017,0.00329,0.00000,0.00095,0.00682
1598871637.657715082168579,0.00236,0.00007,0.00061,0.00325,0.00000,0.00087,0.00717
1598871637.690101623535156,0.00217,0.00008,0.00091,0.00349,0.00015,0.00111,0.00791
1598871637.726237535476685,0.00229,0.00008,0.00034,0.00341,0.00000,0.00100,0.00712
1598871637.790967464447021,0.00225,0.00012,0.00007,0.00315,0.00060,0.00097,0.00715
1598871637.824870586395264,0.00207,0.00007,0.00005,0.00321,0.00000,0.00085,0.00626
1598871637.859299659729004,0.00259,0.00015,0.00075,0.00320,0.00007,0.00102,0.00780
1598871637.891654729843140,0.00260,0.00019,0.00148,0.00334,0.00000,0.00141,0.00902
1598871637.926093101501465,0.00228,0.00010,0.00001,0.00341,0.00000,0.00089,0.00668
1598871637.959172010421753,0.00246,0.00007,0.00231,0.00330,0.00000,0.00117,0.00931
1598871637.993462324142456,0.00224,0.00008,0.00010,0.00343,0.00000,0.00092,0.00676
1598871638.027181386947632,0.00186,0.00009,0.00063,0.00340,0.00000,0.00104,0.00701
1598871638.061167001724243,0.00273,0.00011,0.00026,0.00352,0.00000,0.00091,0.00752
1598871638.094668149948120,0.00231,0.00006,0.00060,0.00365,0.00000,0.00088,0.00750
1598871638.127631902694702,0.00235,0.00008,0.00007,0.00338,0.00000,0.00084,0.00673
1598871638.161101579666138,0.00210,0.00007,0.00004,0.00339,0.00000,0.00089,0.00649
1598871638.201982975006104,0.00241,0.00014,0.00007,0.00345,0.00000,0.00103,0.00710
1598871638.261804580688477,0.00237,0.00010,0.00001,0.00342,0.00000,0.00091,0.00682
1598871638.296061515808105,0.00227,0.00007,0.00059,0.00336,0.00000,0.00086,0.00715
1598871638.329417705535889,0.00216,0.00007,0.00137,0.00332,0.00000,0.00086,0.00778
1598871638.362225294113159,0.00248,0.00010,0.00001,0.00342,0.00000,0.00116,0.00717
1598871638.395714282989502,0.00233,0.00006,0.00222,0.00335,0.00000,0.00148,0.00944
1598871638.430146694183350,0.00259,0.00009,0.00010,0.00354,0.00000,0.00102,0.00734
1598871638.463121652603149,0.00256,0.00018,0.00069,0.00318,0.00000,0.00110,0.00770
1598871638.497460842132568,0.00194,0.00011,0.00035,0.00302,0.00010,0.00103,0.00654
1598871638.530817508697510,0.00235,0.00009,0.00001,0.00312,0.00064,0.00092,0.00713
1598871638.564611673355103,0.00185,0.00012,0.00015,0.00328,0.00007,0.00104,0.00651
1598871638.598307847976685,0.00247,0.00010,0.00001,0.00341,0.00000,0.00103,0.00703
1598871638.631465911865234,0.00183,0.00007,0.00005,0.00342,0.00000,0.00086,0.00624
1598871638.665399789810181,0.00218,0.00006,0.00001,0.00369,0.00000,0.00121,0.00716
1598871638.698906183242798,0.00234,0.00009,0.00059,0.00336,0.00000,0.00097,0.00735
1598871638.732347726821899,0.00233,0.00010,0.00159,0.00365,0.00000,0.00106,0.00873
1598871638.765613555908203,0.00211,0.00009,0.00001,0.00345,0.00000,0.00121,0.00686
1598871638.809180974960327,0.00242,0.00012,0.00218,0.00339,0.00000,0.00098,0.00910
1598871638.867321014404297,0.00230,0.00010,0.00185,0.00332,0.00000,0.00091,0.00848
1598871638.902214288711548,0.00262,0.00009,0.00066,0.00331,0.00000,0.00091,0.00759
1598871638.934756517410278,0.00237,0.00010,0.00023,0.00344,0.00000,0.00109,0.00724
1598871638.968047142028809,0.00228,0.00009,0.00001,0.00329,0.00000,0.00096,0.00663
1598871639.001203060150146,0.00234,0.00010,0.00010,0.00326,0.00000,0.00090,0.00671
1598871639.034349441528320,0.00241,0.00009,0.00004,0.00324,0.00009,0.00087,0.00674
1598871639.067602396011353,0.00229,0.00007,0.00005,0.00340,0.00000,0.00088,0.00669
1598871639.101962327957153,0.00246,0.00007,0.00001,0.00337,0.00000,0.00086,0.00676
1598871639.168171167373657,0.00237,0.00014,0.00063,0.00336,0.00000,0.00103,0.00752
1598871639.201831340789795,0.00186,0.00010,0.00170,0.00333,0.00000,0.00087,0.00786
1598871639.268027305603027,0.00234,0.00012,0.00001,0.00338,0.00000,0.00099,0.00684
1598871639.306758403778076,0.00205,0.00007,0.00254,0.00365,0.00000,0.00123,0.00955
1598871639.365414619445801,0.00238,0.00010,0.00186,0.00324,0.00000,0.00097,0.00854
1598871639.397317409515381,0.00285,0.00013,0.00069,0.00230,0.00000,0.00106,0.00703
1598871639.431446075439453,0.00247,0.00013,0.00075,0.00310,0.00000,0.00087,0.00732
1598871639.466433048248291,0.00240,0.00008,0.00008,0.00288,0.00008,0.00093,0.00645
1598871639.528504371643066,0.00302,0.00012,0.00007,0.00316,0.00004,0.00089,0.00730
1598871639.564584732055664,0.00195,0.00006,0.00001,0.00315,0.00000,0.00084,0.00602
1598871639.628524065017700,0.00236,0.00008,0.00003,0.00311,0.00002,0.00088,0.00648
1598871639.662096500396729,0.00187,0.00006,0.00003,0.00308,0.00000,0.00087,0.00591
1598871639.695906877517700,0.00220,0.00007,0.00003,0.00309,0.00059,0.00085,0.00682
1598871639.728373765945435,0.00256,0.00010,0.00140,0.00319,0.00063,0.00136,0.00924
1598871639.762244462966919,0.00265,0.00011,0.00007,0.00356,0.00000,0.00091,0.00729
1598871639.796337604522705,0.00222,0.00006,0.00241,0.00300,0.00008,0.00089,0.00867
1598871639.829422712326050,0.00247,0.00011,0.00152,0.00299,0.00014,0.00102,0.00826
1598871639.862313032150269,0.00273,0.00009,0.00092,0.00329,0.00000,0.00096,0.00800
1598871639.895994186401367,0.00225,0.00007,0.00044,0.00329,0.00000,0.00078,0.00683
1598871639.929815292358398,0.00231,0.00007,0.00129,0.00301,0.00000,0.00082,0.00751
1598871640.001049995422363,0.00225,0.00009,0.00091,0.00264,0.00007,0.00089,0.00686
1598871640.063523054122925,0.00257,0.00008,0.00019,0.00258,0.00000,0.00081,0.00624
1598871640.099356412887573,0.00229,0.00007,0.00061,0.00242,0.00023,0.00085,0.00647
1598871640.163514614105225,0.00249,0.00011,0.00034,0.00224,0.00000,0.00088,0.00606
1598871640.201220512390137,0.00220,0.00010,0.00073,0.00212,0.00002,0.00084,0.00601
1598871640.264105081558228,0.00246,0.00007,0.00061,0.00166,0.00011,0.00077,0.00569
1598871640.296510934829712,0.00205,0.00009,0.00014,0.00189,0.00111,0.00079,0.00608
1598871640.331297159194946,0.00243,0.00008,0.00271,0.00200,0.00245,0.00079,0.01047
1598871640.396657943725586,0.00255,0.00012,0.00043,0.00288,0.00072,0.00103,0.00773
1598871640.430011510848999,0.00231,0.00008,0.00080,0.00279,0.00008,0.00099,0.00705
1598871640.462489366531372,0.00231,0.00007,0.00160,0.00280,0.00058,0.00076,0.00812
1598871640.496651411056519,0.00261,0.00012,0.00094,0.00321,0.00000,0.00116,0.00804
1598871640.530141353607178,0.00225,0.00009,0.00021,0.00293,0.00000,0.00093,0.00642
1598871640.563448905944824,0.00214,0.00007,0.00001,0.00290,0.00000,0.00080,0.00592
1598871640.596143722534180,0.00222,0.00007,0.00001,0.00299,0.00012,0.00082,0.00623
1598871640.629542112350464,0.00239,0.00010,0.00128,0.00282,0.00117,0.00089,0.00865
1598871640.664084196090698,0.00224,0.00007,0.00134,0.00285,0.00000,0.00085,0.00736
1598871640.728749752044678,0.00234,0.00009,0.00124,0.00284,0.00000,0.00089,0.00739
1598871640.763562202453613,0.00216,0.00013,0.00178,0.00315,0.00063,0.00103,0.00888
1598871640.797150850296021,0.00261,0.00009,0.00230,0.00299,0.00000,0.00095,0.00893
1598871640.829411506652832,0.00257,0.00010,0.00061,0.00219,0.00059,0.00097,0.00704
1598871640.864245653152466,0.00234,0.00011,0.00080,0.00239,0.00002,0.00102,0.00668
1598871640.963474273681641,0.00262,0.00018,0.00208,0.00222,0.00084,0.00091,0.00884
1598871640.997176170349121,0.00216,0.00006,0.00001,0.00286,0.00061,0.00081,0.00651
1598871641.030464649200439,0.00231,0.00014,0.00039,0.00294,0.00033,0.00104,0.00715
1598871641.063639640808105,0.00279,0.00009,0.00001,0.00327,0.00000,0.00103,0.00719
1598871641.097057580947876,0.00261,0.00015,0.00073,0.00284,0.00011,0.00103,0.00748
1598871641.129835128784180,0.00239,0.00015,0.00155,0.00289,0.00060,0.00090,0.00847
1598871641.162638425827026,0.00157,0.00006,0.00012,0.00284,0.00058,0.00077,0.00595
1598871641.196133852005005,0.00239,0.00010,0.00065,0.00286,0.00000,0.00116,0.00716
1598871641.230905771255493,0.00205,0.00008,0.00175,0.00278,0.00002,0.00118,0.00787
1598871641.263807296752930,0.00193,0.00006,0.00352,0.00291,0.00043,0.00106,0.00991
1598871641.297047615051270,0.00234,0.00010,0.00063,0.00278,0.00000,0.00089,0.00674
1598871641.330709457397461,0.00214,0.00008,0.00064,0.00280,0.00090,0.00096,0.00752
1598871641.363654851913452,0.00234,0.00007,0.00203,0.00280,0.00011,0.00084,0.00819
1598871641.398026227951050,0.00255,0.00009,0.00005,0.00274,0.00000,0.00086,0.00630
1598871641.462829351425171,0.00206,0.00014,0.00001,0.00280,0.00000,0.00093,0.00594
1598871641.497258186340332,0.00220,0.00010,0.00001,0.00279,0.00000,0.00103,0.00613
1598871641.529870271682739,0.00227,0.00013,0.00009,0.00275,0.00070,0.00100,0.00696
1598871641.564294099807739,0.00212,0.00012,0.00131,0.00282,0.00066,0.00083,0.00787
1598871641.597063302993774,0.00253,0.00011,0.00001,0.00303,0.00013,0.00103,0.00684
1598871641.633750200271606,0.00260,0.00008,0.00062,0.00291,0.00002,0.00103,0.00726
1598871641.667880773544312,0.00204,0.00007,0.00168,0.00286,0.00012,0.00082,0.00758
1598871641.700464248657227,0.00186,0.00006,0.00279,0.00290,0.00033,0.00084,0.00878
1598871641.765001535415649,0.00228,0.00014,0.00013,0.00283,0.00061,0.00102,0.00700
1598871641.798578500747681,0.00207,0.00008,0.00059,0.00293,0.00000,0.00079,0.00646
1598871641.833673715591431,0.00192,0.00006,0.00201,0.00287,0.00007,0.00079,0.00773
1598871641.900993824005127,0.00262,0.00015,0.00002,0.00305,0.00000,0.00127,0.00712
1598871641.966510534286499,0.00260,0.00015,0.00006,0.00309,0.00000,0.00087,0.00676
1598871642.002504110336304,0.00228,0.00006,0.00003,0.00307,0.00000,0.00120,0.00665
1598871642.068708181381226,0.00266,0.00012,0.00015,0.00307,0.00000,0.00089,0.00690
1598871642.107023239135742,0.00223,0.00007,0.00161,0.00300,0.00000,0.00121,0.00812
1598871642.168514251708984,0.00300,0.00016,0.00101,0.00307,0.00000,0.00122,0.00847
1598871642.204715490341187,0.00250,0.00018,0.00123,0.00302,0.00000,0.00149,0.00842
1598871642.269300222396851,0.00239,0.00009,0.00168,0.00305,0.00000,0.00083,0.00804
1598871642.303637266159058,0.00233,0.00016,0.00293,0.00300,0.00000,0.00133,0.00974
1598871642.337758064270020,0.00258,0.00014,0.00115,0.00302,0.00000,0.00090,0.00780
1598871642.371221542358398,0.00191,0.00008,0.00112,0.00318,0.00000,0.00121,0.00750
1598871642.437357902526855,0.00259,0.00013,0.00194,0.00299,0.00000,0.00088,0.00852
1598871642.470946788787842,0.00233,0.00013,0.00001,0.00315,0.00000,0.00148,0.00710
1598871642.505136251449585,0.00240,0.00009,0.00001,0.00305,0.00000,0.00089,0.00644
1598871642.537936687469482,0.00236,0.00009,0.00001,0.00320,0.00000,0.00128,0.00694
1598871642.572077751159668,0.00245,0.00014,0.00032,0.00327,0.00000,0.00104,0.00723
1598871642.604968070983887,0.00199,0.00008,0.00233,0.00304,0.00000,0.00125,0.00868
1598871642.638865470886230,0.00259,0.00011,0.00068,0.00301,0.00000,0.00085,0.00724
1598871642.672147512435913,0.00246,0.00014,0.00127,0.00318,0.00000,0.00127,0.00832
1598871642.705802917480469,0.00230,0.00011,0.00180,0.00298,0.00000,0.00093,0.00811
1598871642.739639043807983,0.00248,0.00017,0.00292,0.00299,0.00000,0.00140,0.00997
1598871642.772162914276123,0.00263,0.00018,0.00059,0.00298,0.00000,0.00094,0.00732
1598871642.806564807891846,0.00222,0.00016,0.00109,0.00299,0.00000,0.00122,0.00768
1598871642.839187383651733,0.00224,0.00007,0.00187,0.00296,0.00000,0.00088,0.00802
1598871642.873227834701538,0.00263,0.00010,0.00023,0.00297,0.00000,0.00132,0.00725
1598871642.907353162765503,0.00289,0.00007,0.00001,0.00296,0.00000,0.00087,0.00679
1598871642.940663814544678,0.00211,0.00010,0.00001,0.00322,0.00000,0.00113,0.00657
1598871642.974061489105225,0.00255,0.00006,0.00013,0.00296,0.00000,0.00087,0.00657
1598871643.008017301559448,0.00210,0.00007,0.00211,0.00295,0.00000,0.00106,0.00830
1598871643.041639566421509,0.00255,0.00009,0.00054,0.00327,0.00000,0.00102,0.00747
1598871643.075411081314087,0.00276,0.00009,0.00066,0.00320,0.00000,0.00117,0.00788
1598871643.108514785766602,0.00233,0.00007,0.00212,0.00332,0.00000,0.00111,0.00896
1598871643.142690896987915,0.00239,0.00009,0.00263,0.00280,0.00000,0.00135,0.00926
1598871643.176919698715210,0.00284,0.00007,0.00059,0.00309,0.00000,0.00109,0.00768
1598871643.209813594818115,0.00216,0.00010,0.00114,0.00287,0.00008,0.00138,0.00773
1598871643.242706537246704,0.00246,0.00010,0.00242,0.00293,0.00000,0.00088,0.00878
1598871643.276693105697632,0.00254,0.00010,0.00001,0.00301,0.00000,0.00131,0.00697
1598871643.311915636062622,0.00226,0.00007,0.00001,0.00296,0.00000,0.00090,0.00619
1598871643.377125501632690,0.00218,0.00008,0.00001,0.00297,0.00000,0.00124,0.00648
1598871643.413022518157959,0.00226,0.00006,0.00013,0.00297,0.00000,0.00087,0.00629
1598871643.448104143142700,0.00227,0.00007,0.00204,0.00298,0.00000,0.00169,0.00906
1598871643.512202739715576,0.00253,0.00010,0.00041,0.00298,0.00000,0.00102,0.00704
1598871643.545097589492798,0.00238,0.00007,0.00064,0.00293,0.00000,0.00124,0.00726
1598871643.578872203826904,0.00217,0.00006,0.00178,0.00294,0.00000,0.00086,0.00781
1598871643.612232208251953,0.00282,0.00011,0.00257,0.00295,0.00000,0.00151,0.00996
1598871643.645904064178467,0.00248,0.00012,0.00056,0.00292,0.00000,0.00091,0.00699
1598871643.679722070693970,0.00235,0.00010,0.00092,0.00329,0.00000,0.00163,0.00828
1598871643.714213371276855,0.00235,0.00008,0.00237,0.00290,0.00000,0.00108,0.00879
1598871643.747493028640747,0.00263,0.00015,0.00001,0.00311,0.00000,0.00151,0.00742
1598871643.780478477478027,0.00258,0.00011,0.00135,0.00292,0.00000,0.00096,0.00791
1598871643.813981294631958,0.00227,0.00008,0.00003,0.00302,0.00000,0.00144,0.00684
1598871643.847609519958496,0.00270,0.00010,0.00016,0.00309,0.00000,0.00108,0.00713
1598871643.881129264831543,0.00206,0.00006,0.00187,0.00290,0.00000,0.00121,0.00811
1598871643.914604425430298,0.00251,0.00011,0.00025,0.00291,0.00000,0.00092,0.00669
1598871643.949218273162842,0.00203,0.00007,0.00061,0.00284,0.00004,0.00128,0.00686
1598871643.982312440872192,0.00270,0.00013,0.00268,0.00282,0.00059,0.00089,0.00981
1598871644.015882492065430,0.00213,0.00007,0.00220,0.00297,0.00000,0.00130,0.00866
1598871644.049260139465332,0.00255,0.00009,0.00001,0.00302,0.00000,0.00086,0.00654
1598871644.083062648773193,0.00197,0.00006,0.00088,0.00302,0.00000,0.00128,0.00720
1598871644.116116762161255,0.00217,0.00007,0.00193,0.00297,0.00000,0.00083,0.00798
1598871644.150215625762939,0.00229,0.00006,0.00001,0.00300,0.00000,0.00123,0.00658
1598871644.183456659317017,0.00210,0.00007,0.00128,0.00297,0.00000,0.00086,0.00729
1598871644.217108249664307,0.00211,0.00007,0.00001,0.00303,0.00000,0.00124,0.00646
1598871644.251620531082153,0.00227,0.00006,0.00011,0.00338,0.00000,0.00096,0.00679
1598871644.284572124481201,0.00245,0.00009,0.00187,0.00301,0.00000,0.00143,0.00886
1598871644.318195343017578,0.00253,0.00011,0.00019,0.00312,0.00000,0.00110,0.00704
1598871644.351935625076294,0.00210,0.00008,0.00063,0.00326,0.00000,0.00171,0.00778
1598871644.385358810424805,0.00244,0.00012,0.00256,0.00298,0.00000,0.00094,0.00903
1598871644.419034242630005,0.00231,0.00007,0.00249,0.00304,0.00000,0.00154,0.00945
1598871644.451942682266235,0.00244,0.00009,0.00001,0.00335,0.00000,0.00100,0.00690
1598871644.486585617065430,0.00249,0.00010,0.00093,0.00299,0.00000,0.00133,0.00784
1598871644.519400835037231,0.00242,0.00012,0.00187,0.00299,0.00000,0.00100,0.00840
1598871644.552462339401245,0.00241,0.00006,0.00001,0.00301,0.00000,0.00124,0.00673
1598871644.586418390274048,0.00248,0.00007,0.00108,0.00297,0.00000,0.00084,0.00745
1598871644.620467901229858,0.00195,0.00006,0.00001,0.00302,0.00000,0.00130,0.00634
1598871644.653767585754395,0.00221,0.00006,0.00012,0.00300,0.00000,0.00082,0.00622
1598871644.687219619750977,0.00232,0.00007,0.00177,0.00296,0.00000,0.00123,0.00836
1598871644.720743894577026,0.00203,0.00006,0.00014,0.00303,0.00000,0.00084,0.00610
1598871644.753850221633911,0.00224,0.00007,0.00063,0.00297,0.00000,0.00127,0.00717
1598871644.787698745727539,0.00250,0.00007,0.00248,0.00294,0.00000,0.00092,0.00891
1598871644.820563554763794,0.00197,0.00006,0.00223,0.00298,0.00000,0.00126,0.00850
1598871644.853807687759399,0.00241,0.00009,0.00005,0.00304,0.00000,0.00091,0.00649
1598871644.887319803237915,0.00216,0.00007,0.00089,0.00298,0.00000,0.00185,0.00796
1598871644.920925140380859,0.00228,0.00011,0.00192,0.00299,0.00000,0.00094,0.00825
1598871644.954185962677002,0.00232,0.00009,0.00001,0.00345,0.00000,0.00148,0.00735
1598871644.986907958984375,0.00247,0.00012,0.00062,0.00297,0.00000,0.00093,0.00711
1598871645.020380258560181,0.00204,0.00006,0.00003,0.00304,0.00000,0.00129,0.00646
1598871645.053640127182007,0.00246,0.00011,0.00016,0.00302,0.00000,0.00113,0.00689
1598871645.088924884796143,0.00235,0.00010,0.00176,0.00289,0.00000,0.00130,0.00840
1598871645.121612787246704,0.00223,0.00009,0.00016,0.00294,0.00000,0.00089,0.00632
1598871645.155506610870361,0.00236,0.00007,0.00062,0.00285,0.00002,0.00125,0.00718
1598871645.189642190933228,0.00230,0.00006,0.00238,0.00317,0.00003,0.00085,0.00880
1598871645.255039930343628,0.00249,0.00009,0.00229,0.00289,0.00075,0.00148,0.00999
1598871645.289992094039917,0.00247,0.00011,0.00001,0.00298,0.00000,0.00110,0.00667
1598871645.354046821594238,0.00252,0.00021,0.00091,0.00285,0.00000,0.00133,0.00782
1598871645.387649059295654,0.00239,0.00007,0.00187,0.00329,0.00000,0.00087,0.00850
1598871645.421010255813599,0.00282,0.00011,0.00001,0.00301,0.00000,0.00159,0.00754
1598871645.454167366027832,0.00288,0.00009,0.00060,0.00288,0.00000,0.00093,0.00738
1598871645.487714767456055,0.00232,0.00007,0.00001,0.00297,0.00000,0.00136,0.00673
1598871645.520801305770874,0.00227,0.00009,0.00012,0.00294,0.00000,0.00082,0.00624
1598871645.554341554641724,0.00318,0.00010,0.00211,0.00372,0.00000,0.00165,0.01077
1598871645.587363243103027,0.00270,0.00009,0.00019,0.00313,0.00000,0.00102,0.00714
1598871645.622748851776123,0.00231,0.00009,0.00056,0.00252,0.00000,0.00123,0.00671
1598871645.687919616699219,0.00283,0.00014,0.00245,0.00266,0.00000,0.00102,0.00910
1598871645.721935272216797,0.00223,0.00006,0.00189,0.00264,0.00008,0.00138,0.00827
1598871645.754946470260620,0.00279,0.00006,0.00017,0.00315,0.00014,0.00113,0.00745
1598871645.788332700729370,0.00276,0.00013,0.00125,0.00282,0.00000,0.00140,0.00836
1598871645.821326017379761,0.00222,0.00010,0.00186,0.00285,0.00000,0.00097,0.00800
1598871645.854499816894531,0.00276,0.00011,0.00001,0.00325,0.00000,0.00153,0.00766
1598871645.888382434844971,0.00275,0.00012,0.00109,0.00283,0.00000,0.00099,0.00778
1598871645.921479463577271,0.00209,0.00006,0.00001,0.00290,0.00000,0.00130,0.00636
1598871645.955127239227295,0.00265,0.00011,0.00481,0.00284,0.00000,0.00101,0.01142
1598871645.988344669342041,0.00320,0.00010,0.00139,0.00274,0.00000,0.00133,0.00875
1598871646.021440744400024,0.00204,0.00006,0.00018,0.00267,0.00000,0.00090,0.00585
1598871646.055181980133057,0.00226,0.00006,0.00058,0.00263,0.00000,0.00130,0.00684
1598871646.088122129440308,0.00237,0.00007,0.00224,0.00265,0.00000,0.00091,0.00824
1598871646.121364831924438,0.00189,0.00006,0.00167,0.00264,0.00000,0.00123,0.00748
1598871646.154277086257935,0.00260,0.00010,0.00006,0.00272,0.00000,0.00099,0.00646
1598871646.188163995742798,0.00223,0.00006,0.00084,0.00261,0.00000,0.00126,0.00701
1598871646.221293210983276,0.00239,0.00011,0.00178,0.00323,0.00000,0.00113,0.00864
1598871646.254907131195068,0.00336,0.00008,0.00001,0.00293,0.00000,0.00140,0.00778
1598871646.288044929504395,0.00247,0.00010,0.00061,0.00285,0.00000,0.00088,0.00691
1598871646.320829391479492,0.00267,0.00010,0.00001,0.00283,0.00000,0.00147,0.00708
1598871646.355143070220947,0.00266,0.00011,0.00421,0.00280,0.00000,0.00114,0.01092
1598871646.388115644454956,0.00251,0.00009,0.00142,0.00274,0.00008,0.00135,0.00820
1598871646.421219587326050,0.00223,0.00006,0.00016,0.00287,0.00000,0.00099,0.00631
1598871646.455363273620605,0.00237,0.00007,0.00064,0.00287,0.00000,0.00129,0.00724
1598871646.488757848739624,0.00247,0.00006,0.00237,0.00304,0.00000,0.00130,0.00925
1598871646.523123264312744,0.00253,0.00013,0.00188,0.00279,0.00000,0.00134,0.00867
1598871646.555963039398193,0.00265,0.00011,0.00009,0.00286,0.00008,0.00113,0.00691
1598871646.590070962905884,0.00256,0.00009,0.00096,0.00286,0.00000,0.00139,0.00787
1598871646.656034469604492,0.00248,0.00008,0.00163,0.00276,0.00000,0.00093,0.00788
1598871646.688477754592896,0.00226,0.00007,0.00001,0.00282,0.00000,0.00136,0.00652
1598871646.722235918045044,0.00297,0.00009,0.00067,0.00274,0.00008,0.00097,0.00751
1598871646.755663633346558,0.00258,0.00010,0.00001,0.00291,0.00000,0.00134,0.00694
1598871646.789316415786743,0.00230,0.00007,0.00418,0.00284,0.00000,0.00098,0.01037
1598871646.822609424591064,0.00219,0.00009,0.00144,0.00288,0.00000,0.00127,0.00787
1598871646.855058670043945,0.00335,0.00014,0.00018,0.00295,0.00005,0.00112,0.00779
1598871646.888499975204468,0.00307,0.00010,0.00006,0.00289,0.00061,0.00137,0.00811
1598871646.922176599502563,0.00235,0.00009,0.00241,0.00327,0.00000,0.00104,0.00916
1598871646.955609083175659,0.00235,0.00006,0.00189,0.00283,0.00000,0.00133,0.00848
1598871646.990232467651367,0.00406,0.00012,0.00001,0.00287,0.00000,0.00111,0.00817
1598871647.055238723754883,0.00287,0.00011,0.00031,0.00293,0.00063,0.00136,0.00820
1598871647.089009284973145,0.00235,0.00007,0.00195,0.00270,0.00009,0.00091,0.00808
1598871647.122227907180786,0.00244,0.00010,0.00001,0.00293,0.00000,0.00180,0.00728
1598871647.155479431152344,0.00519,0.00011,0.00071,0.00290,0.00002,0.00090,0.00984
1598871647.191199541091919,0.00254,0.00010,0.00001,0.00296,0.00000,0.00128,0.00688
1598871647.255732059478760,0.00273,0.00012,0.00427,0.00270,0.00011,0.00097,0.01090
1598871647.288694620132446,0.00249,0.00010,0.00114,0.00290,0.00060,0.00131,0.00854
1598871647.322350025177002,0.00222,0.00006,0.00017,0.00285,0.00007,0.00095,0.00632
1598871647.355976581573486,0.00256,0.00011,0.00007,0.00291,0.00000,0.00131,0.00697
1598871647.390394449234009,0.00237,0.00007,0.00241,0.00289,0.00000,0.00097,0.00870
1598871647.455565452575684,0.00244,0.00009,0.00181,0.00280,0.00000,0.00125,0.00839
1598871647.489551067352295,0.00243,0.00006,0.00001,0.00286,0.00000,0.00096,0.00632
1598871647.521894216537476,0.00245,0.00007,0.00033,0.00283,0.00008,0.00124,0.00699
1598871647.556017875671387,0.00234,0.00007,0.00165,0.00300,0.00000,0.00093,0.00799
1598871647.589836597442627,0.00275,0.00014,0.00001,0.00347,0.00000,0.00151,0.00788
1598871647.659006118774414,0.00255,0.00012,0.00066,0.00283,0.00000,0.00095,0.00711
1598871647.722234725952148,0.00268,0.00011,0.00001,0.00288,0.00000,0.00139,0.00707
1598871647.756299257278442,0.00254,0.00013,0.00434,0.00270,0.00008,0.00120,0.01099
1598871647.789002180099487,0.00237,0.00009,0.00064,0.00287,0.00046,0.00111,0.00755
1598871647.823263883590698,0.00282,0.00007,0.00016,0.00281,0.00000,0.00112,0.00699
1598871647.889901399612427,0.00281,0.00011,0.00008,0.00271,0.00000,0.00097,0.00668
1598871647.922337293624878,0.00209,0.00013,0.00239,0.00253,0.00003,0.00105,0.00821
1598871647.956036806106567,0.00241,0.00009,0.00171,0.00249,0.00065,0.00114,0.00848
1598871647.989844560623169,0.00303,0.00009,0.00001,0.00287,0.00000,0.00099,0.00700
1598871648.023573398590088,0.00224,0.00009,0.00001,0.00283,0.00036,0.00090,0.00644
1598871648.056238651275635,0.00232,0.00010,0.00166,0.00292,0.00000,0.00083,0.00783
1598871648.090431213378906,0.00233,0.00007,0.00001,0.00303,0.00000,0.00090,0.00635
1598871648.156070232391357,0.00252,0.00012,0.00068,0.00277,0.00000,0.00094,0.00704
1598871648.190158367156982,0.00183,0.00008,0.00001,0.00305,0.00000,0.00121,0.00618
1598871648.223120927810669,0.00214,0.00009,0.00392,0.00265,0.00018,0.00094,0.00993
1598871648.255868434906006,0.00228,0.00011,0.00064,0.00280,0.00002,0.00090,0.00675
1598871648.290004014968872,0.00188,0.00006,0.00014,0.00282,0.00002,0.00089,0.00581
1598871648.322759151458740,0.00227,0.00010,0.00004,0.00283,0.00002,0.00087,0.00613
1598871648.357176780700684,0.00237,0.00013,0.00232,0.00301,0.00003,0.00093,0.00878
1598871648.389854431152344,0.00186,0.00007,0.00142,0.00276,0.00002,0.00088,0.00701
1598871648.422760725021362,0.00244,0.00011,0.00001,0.00296,0.00000,0.00109,0.00661
1598871648.459720611572266,0.00262,0.00021,0.00001,0.00290,0.00000,0.00146,0.00720
1598871648.523870468139648,0.00275,0.00013,0.00151,0.00278,0.00002,0.00101,0.00820
1598871648.556735992431641,0.00217,0.00007,0.00003,0.00297,0.00000,0.00104,0.00629
1598871648.589834928512573,0.00188,0.00006,0.00058,0.00280,0.00003,0.00097,0.00633
1598871648.623220682144165,0.00217,0.00007,0.00001,0.00336,0.00000,0.00125,0.00685
1598871648.656686782836914,0.00272,0.00013,0.00382,0.00278,0.00010,0.00090,0.01046
1598871648.690183639526367,0.00205,0.00019,0.00004,0.00284,0.00002,0.00129,0.00642
1598871648.722756385803223,0.00228,0.00010,0.00013,0.00285,0.00002,0.00087,0.00626
1598871648.756706476211548,0.00239,0.00007,0.00004,0.00282,0.00002,0.00124,0.00658
1598871648.790992259979248,0.00213,0.00008,0.00237,0.00279,0.00002,0.00092,0.00831
1598871648.823434591293335,0.00235,0.00009,0.00124,0.00280,0.00002,0.00105,0.00756
1598871648.857247352600098,0.00288,0.00009,0.00009,0.00287,0.00000,0.00090,0.00683
1598871648.925511837005615,0.00244,0.00008,0.00001,0.00333,0.00000,0.00135,0.00721
1598871648.990393877029419,0.00270,0.00011,0.00164,0.00282,0.00003,0.00095,0.00825
1598871649.023294210433960,0.00222,0.00007,0.00001,0.00287,0.00000,0.00112,0.00628
1598871649.056428432464600,0.00232,0.00007,0.00059,0.00251,0.00003,0.00086,0.00637
1598871649.090729236602783,0.00225,0.00006,0.00001,0.00259,0.00000,0.00107,0.00597
1598871649.123880863189697,0.00224,0.00006,0.00375,0.00252,0.00013,0.00087,0.00957
1598871649.156509160995483,0.00218,0.00006,0.00001,0.00257,0.00004,0.00114,0.00600
1598871649.190241813659668,0.00217,0.00006,0.00003,0.00258,0.00015,0.00089,0.00588
1598871649.226487159729004,0.00251,0.00010,0.00001,0.00261,0.00006,0.00110,0.00639
1598871649.290805578231812,0.00262,0.00009,0.00206,0.00240,0.00089,0.00091,0.00898
1598871649.356462001800537,0.00235,0.00009,0.00071,0.00263,0.00059,0.00148,0.00785
1598871649.391356468200684,0.00222,0.00006,0.00001,0.00278,0.00000,0.00087,0.00594
1598871649.425540924072266,0.00231,0.00013,0.00039,0.00276,0.00000,0.00122,0.00681
1598871649.459392786026001,0.00229,0.00007,0.00143,0.00269,0.00035,0.00092,0.00774
1598871649.494585990905762,0.00285,0.00007,0.00001,0.00285,0.00000,0.00087,0.00665
1598871649.556870698928833,0.00267,0.00016,0.00072,0.00283,0.00000,0.00105,0.00744
1598871649.591005086898804,0.00243,0.00013,0.00046,0.00284,0.00000,0.00105,0.00691
1598871649.625459194183350,0.00211,0.00010,0.00368,0.00275,0.00011,0.00086,0.00962
1598871649.658585548400879,0.00251,0.00015,0.00035,0.00285,0.00041,0.00106,0.00732
1598871649.724223375320435,0.00242,0.00012,0.00046,0.00287,0.00000,0.00094,0.00681
1598871649.760414600372314,0.00223,0.00010,0.00034,0.00289,0.00000,0.00095,0.00650
1598871649.824049234390259,0.00257,0.00012,0.00248,0.00283,0.00000,0.00109,0.00910
1598871649.856775045394897,0.00199,0.00009,0.00175,0.00274,0.00062,0.00089,0.00809
1598871649.891288757324219,0.00167,0.00008,0.00001,0.00289,0.00000,0.00080,0.00544
1598871649.923812150955200,0.00243,0.00012,0.00001,0.00298,0.00000,0.00118,0.00672
1598871649.958224296569824,0.00182,0.00009,0.00171,0.00284,0.00000,0.00176,0.00822
1598871649.990909576416016,0.00192,0.00008,0.00003,0.00292,0.00000,0.00100,0.00595
1598871650.023751258850098,0.00224,0.00008,0.00118,0.00283,0.00000,0.00081,0.00714
1598871650.056987524032593,0.00200,0.00006,0.00006,0.00285,0.00000,0.00077,0.00574
1598871650.091408252716064,0.00154,0.00006,0.00368,0.00281,0.00000,0.00084,0.00893
1598871650.123920917510986,0.00250,0.00011,0.00037,0.00297,0.00000,0.00129,0.00724
1598871650.157762050628662,0.00224,0.00010,0.00049,0.00315,0.00000,0.00099,0.00698
1598871650.191456556320190,0.00185,0.00007,0.00021,0.00277,0.00035,0.00084,0.00609
1598871650.224383831024170,0.00184,0.00007,0.00204,0.00275,0.00000,0.00088,0.00757
1598871650.257388591766357,0.00174,0.00006,0.00165,0.00274,0.00000,0.00083,0.00701
1598871650.291657209396362,0.00161,0.00006,0.00003,0.00274,0.00008,0.00084,0.00536
1598871650.324575901031494,0.00231,0.00011,0.00001,0.00292,0.00000,0.00094,0.00629
1598871650.357522249221802,0.00201,0.00007,0.00159,0.00319,0.00000,0.00083,0.00770
1598871650.391430139541626,0.00161,0.00006,0.00518,0.00279,0.00000,0.00082,0.01046
1598871650.424528121948242,0.00175,0.00006,0.00091,0.00280,0.00000,0.00082,0.00634
1598871650.457320928573608,0.00181,0.00008,0.00001,0.00277,0.00000,0.00087,0.00553
1598871650.492450714111328,0.00165,0.00009,0.00363,0.00274,0.00000,0.00082,0.00893
1598871650.557102680206299,0.00157,0.00009,0.00032,0.00299,0.00008,0.00084,0.00589
1598871650.591814517974854,0.00159,0.00006,0.00039,0.00283,0.00000,0.00081,0.00568
1598871650.625670433044434,0.00167,0.00007,0.00003,0.00327,0.00000,0.00086,0.00590
1598871650.698620796203613,0.00234,0.00014,0.00183,0.00279,0.00000,0.00095,0.00805
1598871650.757137298583984,0.00205,0.00008,0.00170,0.00264,0.00000,0.00091,0.00738
1598871650.790798664093018,0.00181,0.00006,0.00004,0.00262,0.00009,0.00086,0.00548
1598871650.824930429458618,0.00193,0.00006,0.00001,0.00315,0.00000,0.00127,0.00642
1598871650.857757329940796,0.00214,0.00009,0.00139,0.00265,0.00059,0.00091,0.00776
1598871650.892220258712769,0.00203,0.00009,0.00511,0.00275,0.00000,0.00082,0.01080
1598871650.924721717834473,0.00259,0.00010,0.00156,0.00271,0.00008,0.00094,0.00797
1598871650.957563638687134,0.00216,0.00007,0.00001,0.00364,0.00000,0.00114,0.00703
1598871650.992626190185547,0.00286,0.00008,0.00370,0.00283,0.00000,0.00098,0.01046
1598871651.056817531585693,0.00267,0.00011,0.00032,0.00281,0.00000,0.00093,0.00684
1598871651.098925590515137,0.00250,0.00015,0.00062,0.00271,0.00000,0.00091,0.00689
1598871651.157423734664917,0.00261,0.00008,0.00008,0.00279,0.00007,0.00115,0.00678
1598871651.192047834396362,0.00255,0.00008,0.00177,0.00281,0.00000,0.00093,0.00815
1598871651.224675178527832,0.00235,0.00007,0.00152,0.00286,0.00001,0.00132,0.00813
1598871651.258669376373291,0.00268,0.00009,0.00001,0.00276,0.00064,0.00091,0.00709
1598871651.293264865875244,0.00231,0.00012,0.00004,0.00298,0.00007,0.00084,0.00637
1598871651.357789993286133,0.00223,0.00009,0.00132,0.00279,0.00000,0.00083,0.00726
1598871651.393066406250000,0.00181,0.00009,0.00450,0.00281,0.00000,0.00087,0.01008
1598871651.427559375762939,0.00199,0.00008,0.00109,0.00276,0.00007,0.00078,0.00677
1598871651.492567539215088,0.00219,0.00013,0.00001,0.00291,0.00000,0.00092,0.00616
1598871651.525285720825195,0.00242,0.00009,0.00388,0.00286,0.00000,0.00097,0.01022
1598871651.558772325515747,0.00185,0.00010,0.00038,0.00286,0.00008,0.00099,0.00627
1598871651.593078374862671,0.00180,0.00009,0.00110,0.00287,0.00000,0.00085,0.00671
1598871651.626091241836548,0.00157,0.00008,0.00001,0.00281,0.00000,0.00084,0.00530
1598871651.659703969955444,0.00143,0.00006,0.00169,0.00278,0.00000,0.00090,0.00686
1598871651.693561077117920,0.00179,0.00007,0.00154,0.00286,0.00008,0.00081,0.00715
1598871651.726794004440308,0.00154,0.00006,0.00001,0.00296,0.00000,0.00083,0.00540
1598871651.760706663131714,0.00146,0.00007,0.00001,0.00283,0.00000,0.00084,0.00520
1598871651.794896125793457,0.00284,0.00011,0.00135,0.00282,0.00000,0.00104,0.00816
1598871651.827939271926880,0.00194,0.00015,0.00419,0.00314,0.00015,0.00091,0.01048
1598871651.861507892608643,0.00252,0.00009,0.00095,0.00295,0.00000,0.00102,0.00753
1598871651.896557569503784,0.00188,0.00010,0.00001,0.00287,0.00000,0.00090,0.00577
1598871651.928885698318481,0.00144,0.00006,0.00363,0.00276,0.00000,0.00131,0.00921
1598871651.962112188339233,0.00204,0.00013,0.00008,0.00281,0.00008,0.00090,0.00605
1598871651.996546268463135,0.00201,0.00010,0.00066,0.00288,0.00000,0.00105,0.00670
1598871652.029583454132080,0.00182,0.00006,0.00001,0.00279,0.00000,0.00078,0.00546
1598871652.067888021469116,0.00165,0.00006,0.00168,0.00277,0.00000,0.00079,0.00695
1598871652.100717067718506,0.00158,0.00006,0.00121,0.00292,0.00017,0.00120,0.00714
1598871652.163727283477783,0.00209,0.00016,0.00001,0.00284,0.00000,0.00114,0.00624
1598871652.198210477828979,0.00195,0.00016,0.00001,0.00312,0.00000,0.00123,0.00647
1598871652.232014179229736,0.00224,0.00007,0.00139,0.00277,0.00008,0.00090,0.00744
1598871652.298114538192749,0.00213,0.00015,0.00375,0.00314,0.00000,0.00103,0.01020
1598871652.331452846527100,0.00192,0.00010,0.00091,0.00280,0.00000,0.00104,0.00677
1598871652.365044116973877,0.00228,0.00010,0.00004,0.00284,0.00009,0.00092,0.00628
1598871652.398562908172607,0.00188,0.00008,0.00380,0.00302,0.00000,0.00123,0.01001
1598871652.432386636734009,0.00189,0.00014,0.00004,0.00291,0.00000,0.00097,0.00595
1598871652.465484142303467,0.00205,0.00010,0.00062,0.00284,0.00000,0.00093,0.00653
1598871652.505234479904175,0.00198,0.00008,0.00004,0.00281,0.00008,0.00079,0.00577
1598871652.568326950073242,0.00194,0.00008,0.00188,0.00278,0.00000,0.00084,0.00752
1598871652.602281808853149,0.00207,0.00009,0.00074,0.00299,0.00000,0.00082,0.00671
1598871652.637360811233521,0.00189,0.00007,0.00003,0.00279,0.00008,0.00085,0.00571
1598871652.703082084655762,0.00230,0.00012,0.00001,0.00266,0.00000,0.00088,0.00598
1598871652.736094236373901,0.00185,0.00008,0.00089,0.00285,0.00000,0.00121,0.00687
1598871652.769169569015503,0.00203,0.00010,0.00336,0.00261,0.00008,0.00099,0.00918
1598871652.807695150375366,0.00194,0.00009,0.00088,0.00291,0.00003,0.00084,0.00669
1598871652.870158910751343,0.00208,0.00010,0.00001,0.00271,0.00000,0.00085,0.00576
1598871652.903912782669067,0.00192,0.00006,0.00357,0.00283,0.00010,0.00081,0.00930
1598871652.969710826873779,0.00184,0.00008,0.00004,0.00268,0.00009,0.00082,0.00556
1598871653.004455327987671,0.00210,0.00009,0.00007,0.00286,0.00059,0.00086,0.00657
1598871653.073994159698486,0.00204,0.00009,0.00001,0.00295,0.00000,0.00099,0.00608
1598871653.137636899948120,0.00193,0.00008,0.00172,0.00399,0.00000,0.00124,0.00896
1598871653.170769214630127,0.00192,0.00010,0.00069,0.00311,0.00000,0.00099,0.00681
1598871653.204335927963257,0.00201,0.00007,0.00026,0.00293,0.00000,0.00082,0.00610
1598871653.238196134567261,0.00191,0.00007,0.00032,0.00284,0.00000,0.00084,0.00597
1598871653.272775173187256,0.00224,0.00015,0.00095,0.00285,0.00009,0.00114,0.00742
1598871653.307143449783325,0.00247,0.00009,0.00226,0.00293,0.00000,0.00092,0.00868
1598871653.372838497161865,0.00220,0.00011,0.00065,0.00282,0.00000,0.00099,0.00676
1598871653.406395196914673,0.00239,0.00010,0.00001,0.00318,0.00000,0.00114,0.00682
1598871653.446322679519653,0.00224,0.00009,0.00328,0.00269,0.00008,0.00103,0.00941
1598871653.509010314941406,0.00213,0.00008,0.00035,0.00289,0.00002,0.00104,0.00651
1598871653.543477535247803,0.00227,0.00010,0.00033,0.00287,0.00003,0.00097,0.00656
1598871653.576823711395264,0.00188,0.00006,0.00001,0.00289,0.00000,0.00086,0.00570
1598871653.641872406005859,0.00226,0.00008,0.00147,0.00271,0.00082,0.00089,0.00823
1598871653.675783872604370,0.00223,0.00012,0.00053,0.00284,0.00000,0.00087,0.00659
1598871653.708771467208862,0.00225,0.00006,0.00002,0.00283,0.00014,0.00082,0.00612
1598871653.742478370666504,0.00171,0.00007,0.00001,0.00297,0.00000,0.00085,0.00560
1598871653.776667594909668,0.00209,0.00008,0.00073,0.00294,0.00000,0.00085,0.00669
1598871653.809164285659790,0.00203,0.00008,0.00195,0.00281,0.00000,0.00079,0.00765
1598871653.843497514724731,0.00199,0.00007,0.00060,0.00283,0.00000,0.00088,0.00637
1598871653.877157926559448,0.00249,0.00009,0.00006,0.00284,0.00009,0.00094,0.00651
1598871653.910980701446533,0.00186,0.00015,0.00352,0.00298,0.00000,0.00098,0.00949
1598871653.943599700927734,0.00202,0.00012,0.00038,0.00299,0.00000,0.00090,0.00641
1598871653.978672266006470,0.00237,0.00019,0.00038,0.00312,0.00000,0.00095,0.00702
1598871654.013110876083374,0.00223,0.00021,0.00001,0.00296,0.00000,0.00114,0.00654
1598871654.046343564987183,0.00226,0.00015,0.00127,0.00280,0.00009,0.00089,0.00746
1598871654.079648256301880,0.00187,0.00012,0.00049,0.00301,0.00000,0.00106,0.00656
1598871654.113305091857910,0.00217,0.00015,0.00001,0.00292,0.00000,0.00099,0.00623
1598871654.147292137145996,0.00240,0.00007,0.00001,0.00291,0.00000,0.00088,0.00626
1598871654.179844856262207,0.00207,0.00017,0.00086,0.00283,0.00015,0.00106,0.00715
1598871654.214327096939087,0.00220,0.00013,0.00206,0.00294,0.00000,0.00100,0.00833
1598871654.280820846557617,0.00226,0.00008,0.00059,0.00285,0.00000,0.00087,0.00665
1598871654.319069623947144,0.00197,0.00007,0.00001,0.00291,0.00000,0.00087,0.00583
1598871654.384527921676636,0.00222,0.00009,0.00344,0.00310,0.00019,0.00108,0.01012
1598871654.449420690536499,0.00235,0.00011,0.00037,0.00287,0.00000,0.00094,0.00664
1598871654.481742143630981,0.00204,0.00007,0.00033,0.00286,0.00000,0.00093,0.00624
1598871654.515425682067871,0.00215,0.00006,0.00002,0.00261,0.00008,0.00076,0.00569
1598871654.548986196517944,0.00195,0.00009,0.00125,0.00270,0.00000,0.00089,0.00688
1598871654.582471132278442,0.00219,0.00006,0.00062,0.00272,0.00000,0.00079,0.00639
1598871654.615874528884888,0.00219,0.00007,0.00001,0.00288,0.00000,0.00084,0.00599
1598871654.649233341217041,0.00215,0.00009,0.00004,0.00285,0.00010,0.00090,0.00614
1598871654.682413578033447,0.00200,0.00007,0.00132,0.00293,0.00000,0.00089,0.00721
1598871654.717203855514526,0.00234,0.00010,0.00198,0.00282,0.00000,0.00087,0.00810
1598871654.751285791397095,0.00261,0.00015,0.00066,0.00353,0.00000,0.00107,0.00802
1598871654.784659624099731,0.00287,0.00012,0.00007,0.00289,0.00010,0.00098,0.00702
1598871654.817525625228882,0.00240,0.00009,0.00337,0.00292,0.00000,0.00089,0.00966
1598871654.853444099426270,0.00215,0.00007,0.00089,0.00314,0.00000,0.00150,0.00774
1598871654.920108795166016,0.00234,0.00010,0.00035,0.00291,0.00000,0.00114,0.00684
1598871654.985919713973999,0.00212,0.00008,0.00006,0.00285,0.00008,0.00091,0.00610
1598871655.019121408462524,0.00220,0.00006,0.00181,0.00283,0.00000,0.00087,0.00777
1598871655.052911520004272,0.00221,0.00007,0.00172,0.00284,0.00000,0.00087,0.00771
1598871655.086497545242310,0.00204,0.00007,0.00003,0.00287,0.00008,0.00085,0.00592
1598871655.119882106781006,0.00196,0.00006,0.00001,0.00301,0.00000,0.00089,0.00593
1598871655.153664112091064,0.00210,0.00006,0.00137,0.00288,0.00000,0.00088,0.00730
1598871655.187789916992188,0.00213,0.00007,0.00166,0.00281,0.00000,0.00087,0.00753
1598871655.220759391784668,0.00197,0.00007,0.00339,0.00311,0.00016,0.00110,0.00980
1598871655.255051851272583,0.00289,0.00008,0.00001,0.00288,0.00000,0.00089,0.00675
1598871655.288927316665649,0.00187,0.00007,0.00369,0.00311,0.00000,0.00120,0.00994
1598871655.322567462921143,0.00236,0.00011,0.00100,0.00277,0.00009,0.00091,0.00724
1598871655.357369899749756,0.00185,0.00007,0.00049,0.00286,0.00000,0.00085,0.00612
1598871655.421942710876465,0.00251,0.00012,0.00011,0.00289,0.00000,0.00088,0.00651
1598871655.455918550491333,0.00247,0.00007,0.00164,0.00279,0.00008,0.00083,0.00787
1598871655.489777803421021,0.00193,0.00007,0.00166,0.00285,0.00000,0.00082,0.00732
1598871655.523462533950806,0.00209,0.00007,0.00001,0.00300,0.00000,0.00128,0.00644
1598871655.557818651199341,0.00227,0.00015,0.00004,0.00286,0.00007,0.00103,0.00642
1598871655.590558052062988,0.00198,0.00010,0.00139,0.00308,0.00000,0.00127,0.00781
1598871655.626935482025146,0.00265,0.00009,0.00173,0.00274,0.00034,0.00091,0.00845
1598871655.690183162689209,0.00246,0.00015,0.00220,0.00282,0.00008,0.00088,0.00860
1598871655.723897933959961,0.00240,0.00012,0.00001,0.00313,0.00000,0.00104,0.00670
1598871655.757772684097290,0.00223,0.00008,0.00273,0.00288,0.00000,0.00085,0.00878
1598871655.791777849197388,0.00226,0.00006,0.00087,0.00273,0.00000,0.00086,0.00678
1598871655.825990915298462,0.00327,0.00011,0.00045,0.00284,0.00016,0.00106,0.00790
1598871655.859313964843750,0.00217,0.00010,0.00133,0.00275,0.00063,0.00108,0.00806
1598871655.893772363662720,0.00208,0.00008,0.00157,0.00277,0.00007,0.00097,0.00754
1598871655.926331281661987,0.00212,0.00006,0.00156,0.00288,0.00000,0.00087,0.00750
1598871655.960658788681030,0.00203,0.00006,0.00005,0.00289,0.00007,0.00087,0.00596
1598871655.993573904037476,0.00225,0.00007,0.00026,0.00304,0.00000,0.00085,0.00647
1598871656.032669544219971,0.00259,0.00010,0.00132,0.00285,0.00000,0.00090,0.00777
1598871656.097114324569702,0.00241,0.00013,0.00160,0.00291,0.00000,0.00107,0.00812
1598871656.131697893142700,0.00218,0.00010,0.00173,0.00293,0.00015,0.00101,0.00810
1598871656.196217536926270,0.00216,0.00012,0.00001,0.00333,0.00000,0.00094,0.00656
1598871656.262565135955811,0.00244,0.00013,0.00262,0.00281,0.00000,0.00093,0.00894
1598871656.296288013458252,0.00227,0.00010,0.00105,0.00329,0.00016,0.00097,0.00783
1598871656.329638719558716,0.00212,0.00014,0.00116,0.00289,0.00000,0.00156,0.00788
1598871656.364546537399292,0.00259,0.00010,0.00059,0.00290,0.00059,0.00095,0.00772
1598871656.396993637084961,0.00239,0.00006,0.00153,0.00290,0.00000,0.00090,0.00778
1598871656.430909395217896,0.00178,0.00006,0.00165,0.00294,0.00000,0.00086,0.00731
1598871656.463722944259644,0.00208,0.00008,0.00138,0.00288,0.00007,0.00088,0.00737
1598871656.496743440628052,0.00253,0.00010,0.00001,0.00318,0.00000,0.00102,0.00684
1598871656.533067703247070,0.00239,0.00009,0.00133,0.00338,0.00000,0.00102,0.00822
1598871656.566242456436157,0.00223,0.00011,0.00138,0.00308,0.00000,0.00099,0.00779
1598871656.634218692779541,0.00230,0.00013,0.00163,0.00290,0.00000,0.00088,0.00784
1598871656.698872327804565,0.00215,0.00008,0.00001,0.00300,0.00000,0.00090,0.00614
1598871656.732830047607422,0.00216,0.00007,0.00232,0.00291,0.00008,0.00084,0.00837
1598871656.766488790512085,0.00221,0.00009,0.00092,0.00300,0.00000,0.00103,0.00725
1598871656.800959825515747,0.00204,0.00010,0.00066,0.00303,0.00000,0.00107,0.00690
1598871656.834513425827026,0.00233,0.00008,0.00061,0.00301,0.00000,0.00096,0.00700
1598871656.866918087005615,0.00184,0.00007,0.00141,0.00301,0.00000,0.00084,0.00717
1598871656.900647163391113,0.00219,0.00008,0.00100,0.00300,0.00000,0.00092,0.00719
1598871656.934274911880493,0.00248,0.00007,0.00139,0.00333,0.00000,0.00138,0.00865
1598871656.967819929122925,0.00221,0.00009,0.00002,0.00309,0.00000,0.00099,0.00640
1598871657.001447439193726,0.00243,0.00008,0.00072,0.00302,0.00000,0.00093,0.00719
1598871657.035356521606445,0.00232,0.00011,0.00126,0.00299,0.00000,0.00104,0.00772
1598871657.067832231521606,0.00194,0.00007,0.00113,0.00295,0.00000,0.00093,0.00702
1598871657.103155374526978,0.00227,0.00011,0.00007,0.00306,0.00009,0.00099,0.00661
1598871657.136650085449219,0.00231,0.00012,0.00239,0.00346,0.00000,0.00097,0.00926
1598871657.171933889389038,0.00196,0.00006,0.00060,0.00347,0.00000,0.00084,0.00694
1598871657.204221248626709,0.00223,0.00015,0.00011,0.00313,0.00000,0.00110,0.00672
1598871657.236717462539673,0.00269,0.00011,0.00044,0.00286,0.00000,0.00091,0.00701
1598871657.269355058670044,0.00197,0.00013,0.00137,0.00285,0.00000,0.00110,0.00741
1598871657.304234504699707,0.00225,0.00006,0.00081,0.00278,0.00008,0.00088,0.00686
1598871657.338510274887085,0.00199,0.00015,0.00069,0.00274,0.00060,0.00101,0.00718
1598871657.405069589614868,0.00208,0.00011,0.00063,0.00272,0.00000,0.00087,0.00641
1598871657.437940597534180,0.00266,0.00012,0.00085,0.00270,0.00008,0.00094,0.00735
1598871657.471261501312256,0.00225,0.00006,0.00127,0.00269,0.00004,0.00082,0.00714
1598871657.504953145980835,0.00224,0.00008,0.00002,0.00272,0.00117,0.00085,0.00708
1598871657.539097070693970,0.00175,0.00007,0.00001,0.00302,0.00000,0.00084,0.00568
1598871657.573985099792480,0.00215,0.00008,0.00222,0.00299,0.00017,0.00085,0.00845
1598871657.606480598449707,0.00201,0.00006,0.00001,0.00332,0.00068,0.00109,0.00717
1598871657.640290737152100,0.00224,0.00013,0.00097,0.00305,0.00000,0.00093,0.00732
1598871657.673549175262451,0.00215,0.00007,0.00001,0.00304,0.00000,0.00085,0.00613
1598871657.707272768020630,0.00211,0.00009,0.00133,0.00297,0.00000,0.00086,0.00737
1598871657.740923881530762,0.00193,0.00006,0.00127,0.00293,0.00007,0.00083,0.00711
1598871657.773638486862183,0.00199,0.00008,0.00064,0.00311,0.00000,0.00087,0.00670
1598871657.809235811233521,0.00186,0.00007,0.00057,0.00311,0.00000,0.00084,0.00645
1598871657.844579696655273,0.00225,0.00012,0.00093,0.00316,0.00000,0.00093,0.00739
1598871657.909028053283691,0.00233,0.00011,0.00139,0.00312,0.00000,0.00129,0.00824
1598871657.941676139831543,0.00231,0.00010,0.00006,0.00322,0.00000,0.00092,0.00660
1598871657.975374937057495,0.00229,0.00010,0.00003,0.00303,0.00008,0.00092,0.00646
1598871658.008897542953491,0.00185,0.00007,0.00262,0.00299,0.00000,0.00089,0.00843
1598871658.042840957641602,0.00217,0.00012,0.00001,0.00309,0.00000,0.00091,0.00630
1598871658.076196432113647,0.00195,0.00008,0.00093,0.00298,0.00036,0.00087,0.00717
1598871658.109815120697021,0.00182,0.00006,0.00001,0.00324,0.00000,0.00088,0.00602
1598871658.142416000366211,0.00229,0.00016,0.00141,0.00280,0.00000,0.00105,0.00771
1598871658.179067373275757,0.00200,0.00010,0.00147,0.00299,0.00000,0.00105,0.00762
1598871658.211876153945923,0.00243,0.00008,0.00068,0.00280,0.00007,0.00084,0.00691
1598871658.247624397277832,0.00216,0.00011,0.00001,0.00313,0.00067,0.00109,0.00718
1598871658.311071872711182,0.00215,0.00012,0.00145,0.00300,0.00000,0.00093,0.00765
1598871658.344948053359985,0.00226,0.00014,0.00140,0.00293,0.00000,0.00100,0.00773
1598871658.378250837326050,0.00231,0.00011,0.00014,0.00311,0.00002,0.00116,0.00685
1598871658.411895513534546,0.00242,0.00008,0.00116,0.00279,0.00058,0.00088,0.00792
1598871658.445813179016113,0.00296,0.00007,0.00222,0.00287,0.00011,0.00088,0.00911
1598871658.479181051254272,0.00186,0.00011,0.00001,0.00295,0.00000,0.00109,0.00602
1598871658.513196945190430,0.00216,0.00011,0.00065,0.00280,0.00065,0.00093,0.00730
1598871658.547142505645752,0.00211,0.00010,0.00001,0.00288,0.00000,0.00086,0.00597
1598871658.581315279006958,0.00185,0.00007,0.00109,0.00281,0.00059,0.00097,0.00739
1598871658.649127721786499,0.00232,0.00012,0.00179,0.00278,0.00013,0.00090,0.00803
1598871658.717652559280396,0.00224,0.00009,0.00065,0.00286,0.00000,0.00082,0.00667
1598871658.780993938446045,0.00241,0.00011,0.00004,0.00280,0.00009,0.00107,0.00652
1598871658.814618825912476,0.00211,0.00007,0.00137,0.00271,0.00017,0.00085,0.00727
1598871658.848213911056519,0.00210,0.00010,0.00144,0.00255,0.00087,0.00084,0.00789
1598871658.881084680557251,0.00202,0.00006,0.00160,0.00257,0.00059,0.00146,0.00831
1598871658.914803028106689,0.00215,0.00011,0.00065,0.00264,0.00013,0.00096,0.00665
1598871658.949535369873047,0.00230,0.00010,0.00230,0.00277,0.00017,0.00087,0.00851
1598871658.986401319503784,0.00217,0.00008,0.00003,0.00305,0.00000,0.00087,0.00621
1598871659.050218105316162,0.00217,0.00010,0.00009,0.00294,0.00072,0.00092,0.00694
1598871659.114485740661621,0.00264,0.00015,0.00032,0.00292,0.00000,0.00095,0.00698
1598871659.149997711181641,0.00259,0.00010,0.00069,0.00307,0.00068,0.00098,0.00810
1598871659.214376449584961,0.00248,0.00012,0.00188,0.00246,0.00098,0.00085,0.00877
1598871659.249277830123901,0.00231,0.00011,0.00123,0.00250,0.00059,0.00102,0.00776
1598871659.314881086349487,0.00228,0.00010,0.00017,0.00261,0.00018,0.00089,0.00623
1598871659.348874807357788,0.00209,0.00013,0.00180,0.00376,0.00097,0.00105,0.00979
1598871659.381254196166992,0.00169,0.00007,0.00111,0.00282,0.00057,0.00080,0.00707
1598871659.414412021636963,0.00253,0.00009,0.00102,0.00289,0.00059,0.00085,0.00797
1598871659.448907852172852,0.00252,0.00011,0.00069,0.00261,0.00000,0.00101,0.00694
1598871659.481469392776489,0.00185,0.00009,0.00197,0.00268,0.00095,0.00112,0.00866
1598871659.514433622360229,0.00245,0.00008,0.00010,0.00294,0.00022,0.00096,0.00676
1598871659.549285650253296,0.00257,0.00011,0.00221,0.00261,0.00113,0.00088,0.00950
1598871659.614862918853760,0.00287,0.00015,0.00027,0.00285,0.00000,0.00116,0.00731
1598871659.649003744125366,0.00274,0.00013,0.00099,0.00290,0.00018,0.00089,0.00782
1598871659.681700468063354,0.00213,0.00009,0.00061,0.00250,0.00070,0.00102,0.00705
1598871659.714745521545410,0.00251,0.00011,0.00078,0.00267,0.00048,0.00098,0.00754
1598871659.748875379562378,0.00283,0.00012,0.00022,0.00268,0.00013,0.00089,0.00686
1598871659.781955957412720,0.00232,0.00008,0.00125,0.00287,0.00072,0.00102,0.00826
1598871659.815859079360962,0.00213,0.00007,0.00019,0.00298,0.00000,0.00079,0.00616
1598871659.848783016204834,0.00278,0.00012,0.00051,0.00385,0.00007,0.00134,0.00868
1598871659.881337881088257,0.00229,0.00010,0.00060,0.00287,0.00060,0.00093,0.00739
1598871659.914804935455322,0.00222,0.00007,0.00122,0.00293,0.00122,0.00087,0.00852
1598871659.949106931686401,0.00240,0.00006,0.00018,0.00299,0.00011,0.00082,0.00656
1598871659.983445882797241,0.00245,0.00021,0.00156,0.00284,0.00113,0.00092,0.00911
1598871660.049419641494751,0.00239,0.00011,0.00015,0.00350,0.00008,0.00095,0.00719
1598871660.083587884902954,0.00217,0.00007,0.00123,0.00302,0.00004,0.00080,0.00733
1598871660.116184473037720,0.00248,0.00010,0.00093,0.00312,0.00004,0.00100,0.00768
1598871660.149829864501953,0.00221,0.00010,0.00011,0.00336,0.00004,0.00113,0.00694
1598871660.182339191436768,0.00220,0.00009,0.00001,0.00306,0.00000,0.00088,0.00623
1598871660.215513706207275,0.00248,0.00007,0.00107,0.00286,0.00078,0.00082,0.00809
1598871660.250576972961426,0.00216,0.00007,0.00089,0.00290,0.00114,0.00077,0.00794
1598871660.283678293228149,0.00222,0.00009,0.00090,0.00314,0.00007,0.00081,0.00724
1598871660.317194700241089,0.00234,0.00009,0.00052,0.00318,0.00007,0.00081,0.00699
1598871660.356873035430908,0.00178,0.00007,0.00141,0.00316,0.00010,0.00084,0.00737
1598871660.420097589492798,0.00216,0.00008,0.00001,0.00324,0.00003,0.00083,0.00633
1598871660.484775066375732,0.00246,0.00012,0.00155,0.00316,0.00064,0.00087,0.00881
1598871660.518054962158203,0.00220,0.00009,0.00140,0.00344,0.00000,0.00082,0.00795
1598871660.552562236785889,0.00225,0.00008,0.00096,0.00360,0.00000,0.00082,0.00771
1598871660.585342168807983,0.00212,0.00007,0.00125,0.00333,0.00000,0.00081,0.00758
1598871660.618697404861450,0.00174,0.00006,0.00006,0.00365,0.00015,0.00103,0.00670
1598871660.652544498443604,0.00209,0.00012,0.00001,0.00347,0.00000,0.00094,0.00663
1598871660.685303449630737,0.00210,0.00010,0.00079,0.00334,0.00000,0.00105,0.00738
1598871660.720860719680786,0.00237,0.00007,0.00140,0.00338,0.00009,0.00091,0.00822
1598871660.753601074218750,0.00240,0.00010,0.00159,0.00325,0.00000,0.00087,0.00821
1598871660.820693016052246,0.00220,0.00009,0.00029,0.00321,0.00000,0.00084,0.00663
1598871660.854649305343628,0.00236,0.00007,0.00121,0.00265,0.00008,0.00082,0.00719
1598871660.921108245849609,0.00209,0.00008,0.00049,0.00293,0.00039,0.00081,0.00679
1598871660.955642700195312,0.00208,0.00007,0.00136,0.00354,0.00059,0.00082,0.00845
1598871660.989331722259521,0.00255,0.00009,0.00141,0.00329,0.00007,0.00078,0.00819
1598871661.056985378265381,0.00222,0.00012,0.00030,0.00344,0.00000,0.00085,0.00693
1598871661.089660882949829,0.00256,0.00009,0.00168,0.00317,0.00000,0.00087,0.00837
1598871661.122364997863770,0.00234,0.00006,0.00012,0.00329,0.00042,0.00084,0.00708
1598871661.157011747360229,0.00229,0.00009,0.00007,0.00328,0.00000,0.00084,0.00658
1598871661.189607858657837,0.00222,0.00006,0.00068,0.00317,0.00011,0.00085,0.00709
1598871661.257673501968384,0.00213,0.00008,0.00154,0.00312,0.00065,0.00084,0.00837
1598871661.290358781814575,0.00279,0.00012,0.00145,0.00301,0.00000,0.00089,0.00827
1598871661.324331283569336,0.00207,0.00007,0.00035,0.00302,0.00014,0.00084,0.00649
1598871661.359922170639038,0.00215,0.00011,0.00133,0.00307,0.00018,0.00133,0.00817
1598871661.424837112426758,0.00219,0.00009,0.00001,0.00356,0.00039,0.00090,0.00714
1598871661.461274862289429,0.00223,0.00009,0.00206,0.00370,0.00000,0.00079,0.00888
1598871661.525693655014038,0.00267,0.00014,0.00140,0.00314,0.00008,0.00089,0.00832
1598871661.560319423675537,0.00190,0.00011,0.00035,0.00358,0.00000,0.00106,0.00700
1598871661.593304872512817,0.00258,0.00010,0.00248,0.00312,0.00008,0.00081,0.00918
1598871661.626407623291016,0.00242,0.00011,0.00006,0.00360,0.00015,0.00091,0.00726
1598871661.661014795303345,0.00245,0.00009,0.00111,0.00326,0.00000,0.00103,0.00795
1598871661.699487209320068,0.00180,0.00007,0.00101,0.00319,0.00000,0.00082,0.00688
1598871661.760988473892212,0.00270,0.00011,0.00163,0.00301,0.00040,0.00090,0.00875
1598871661.795369863510132,0.00206,0.00008,0.00146,0.00302,0.00000,0.00094,0.00756
1598871661.862069845199585,0.00216,0.00009,0.00121,0.00306,0.00061,0.00081,0.00794
1598871661.896010398864746,0.00212,0.00006,0.00129,0.00309,0.00007,0.00080,0.00743
1598871661.928883075714111,0.00191,0.00006,0.00001,0.00316,0.00000,0.00084,0.00598
1598871661.962524652481079,0.00224,0.00006,0.00147,0.00301,0.00066,0.00082,0.00826
1598871661.996770143508911,0.00288,0.00014,0.00146,0.00323,0.00064,0.00104,0.00940
1598871662.030252456665039,0.00191,0.00008,0.00031,0.00329,0.00000,0.00083,0.00643
1598871662.063726902008057,0.00239,0.00010,0.00246,0.00311,0.00000,0.00090,0.00896
1598871662.098421573638916,0.00185,0.00007,0.00004,0.00319,0.00008,0.00085,0.00608
1598871662.131059169769287,0.00270,0.00006,0.00124,0.00324,0.00001,0.00109,0.00835
1598871662.163816452026367,0.00221,0.00009,0.00269,0.00308,0.00010,0.00103,0.00921
1598871662.198202610015869,0.00198,0.00006,0.00031,0.00310,0.00064,0.00088,0.00698
1598871662.232497692108154,0.00230,0.00007,0.00131,0.00325,0.00000,0.00084,0.00777
1598871662.266058444976807,0.00227,0.00007,0.00120,0.00366,0.00000,0.00091,0.00812
1598871662.299682378768921,0.00268,0.00008,0.00122,0.00321,0.00008,0.00083,0.00811
1598871662.333016157150269,0.00201,0.00006,0.00001,0.00329,0.00000,0.00086,0.00623
1598871662.365869283676147,0.00219,0.00007,0.00311,0.00380,0.00000,0.00117,0.01033
1598871662.402045965194702,0.00206,0.00010,0.00121,0.00336,0.00012,0.00117,0.00803
1598871662.466545343399048,0.00237,0.00012,0.00030,0.00325,0.00000,0.00099,0.00704
1598871662.500202417373657,0.00209,0.00009,0.00236,0.00311,0.00000,0.00083,0.00848
1598871662.533663511276245,0.00253,0.00010,0.00006,0.00312,0.00010,0.00096,0.00687
1598871662.574382066726685,0.00217,0.00007,0.00108,0.00300,0.00033,0.00089,0.00753
1598871662.634716272354126,0.00236,0.00008,0.00261,0.00315,0.00010,0.00088,0.00919
1598871662.702945232391357,0.00217,0.00008,0.00003,0.00316,0.00040,0.00090,0.00675
1598871662.766448736190796,0.00230,0.00016,0.00123,0.00328,0.00000,0.00111,0.00808
1598871662.800591707229614,0.00214,0.00008,0.00124,0.00331,0.00000,0.00107,0.00785
1598871662.833994150161743,0.00221,0.00008,0.00129,0.00317,0.00008,0.00089,0.00772
1598871662.867678880691528,0.00189,0.00007,0.00001,0.00322,0.00000,0.00089,0.00607
1598871662.900264501571655,0.00230,0.00006,0.00309,0.00311,0.00000,0.00088,0.00945
1598871662.933753490447998,0.00213,0.00006,0.00115,0.00305,0.00013,0.00083,0.00736
1598871662.966758728027344,0.00243,0.00007,0.00004,0.00342,0.00000,0.00088,0.00683
1598871662.999892473220825,0.00194,0.00009,0.00232,0.00326,0.00000,0.00108,0.00869
1598871663.033939599990845,0.00234,0.00010,0.00001,0.00333,0.00000,0.00099,0.00678
1598871663.066956281661987,0.00191,0.00006,0.00108,0.00318,0.00008,0.00091,0.00721
1598871663.100459098815918,0.00231,0.00009,0.00260,0.00331,0.00000,0.00096,0.00927
1598871663.134609222412109,0.00248,0.00010,0.00001,0.00340,0.00000,0.00096,0.00696
1598871663.167550802230835,0.00180,0.00006,0.00141,0.00326,0.00016,0.00109,0.00779
1598871663.206324338912964,0.00215,0.00008,0.00117,0.00316,0.00000,0.00097,0.00753
1598871663.266835451126099,0.00227,0.00016,0.00126,0.00325,0.00000,0.00099,0.00792
1598871663.300720214843750,0.00238,0.00006,0.00004,0.00325,0.00008,0.00084,0.00667
1598871663.334830284118652,0.00218,0.00006,0.00325,0.00319,0.00000,0.00110,0.00979
1598871663.367261886596680,0.00227,0.00009,0.00117,0.00310,0.00007,0.00106,0.00776
1598871663.401879787445068,0.00204,0.00006,0.00005,0.00322,0.00007,0.00087,0.00631
1598871663.435030221939087,0.00229,0.00017,0.00211,0.00333,0.00000,0.00106,0.00896
1598871663.470167875289917,0.00198,0.00008,0.00001,0.00330,0.00000,0.00108,0.00645
1598871663.534150362014771,0.00275,0.00012,0.00103,0.00324,0.00000,0.00101,0.00816
1598871663.566943407058716,0.00200,0.00010,0.00250,0.00308,0.00023,0.00105,0.00895
1598871663.600844383239746,0.00248,0.00009,0.00001,0.00328,0.00000,0.00092,0.00677
1598871663.639178991317749,0.00196,0.00010,0.00068,0.00328,0.00060,0.00114,0.00776
1598871663.703974246978760,0.00240,0.00012,0.00114,0.00325,0.00000,0.00094,0.00785
1598871663.767743110656738,0.00247,0.00013,0.00126,0.00314,0.00000,0.00098,0.00797
1598871663.801325082778931,0.00224,0.00010,0.00006,0.00339,0.00010,0.00095,0.00684
1598871663.837113618850708,0.00267,0.00010,0.00306,0.00325,0.00002,0.00105,0.01015
1598871663.902189731597900,0.00241,0.00010,0.00060,0.00353,0.00064,0.00096,0.00824
1598871663.935999155044556,0.00204,0.00009,0.00004,0.00340,0.00000,0.00107,0.00665
1598871663.969012022018433,0.00222,0.00008,0.00191,0.00320,0.00008,0.00093,0.00843
1598871664.035231351852417,0.00235,0.00013,0.00001,0.00356,0.00000,0.00115,0.00720
1598871664.068768024444580,0.00207,0.00008,0.00018,0.00324,0.00002,0.00107,0.00665
1598871664.101420879364014,0.00222,0.00009,0.00227,0.00304,0.00018,0.00087,0.00867
1598871664.133766651153564,0.00262,0.00008,0.00001,0.00327,0.00000,0.00093,0.00691
1598871664.167961120605469,0.00200,0.00013,0.00067,0.00307,0.00010,0.00126,0.00723
1598871664.201098203659058,0.00240,0.00008,0.00060,0.00315,0.00059,0.00092,0.00774
1598871664.234008073806763,0.00223,0.00010,0.00123,0.00364,0.00022,0.00110,0.00853
1598871664.267992496490479,0.00198,0.00011,0.00002,0.00364,0.00000,0.00090,0.00665
1598871664.302006244659424,0.00240,0.00012,0.00282,0.00323,0.00000,0.00091,0.00948
1598871664.334738492965698,0.00244,0.00007,0.00059,0.00323,0.00000,0.00084,0.00718
1598871664.367739915847778,0.00200,0.00012,0.00008,0.00326,0.00008,0.00103,0.00658
1598871664.401378154754639,0.00230,0.00009,0.00198,0.00312,0.00002,0.00096,0.00846
1598871664.434101819992065,0.00240,0.00011,0.00001,0.00326,0.00000,0.00100,0.00678
1598871664.468677997589111,0.00207,0.00011,0.00081,0.00323,0.00015,0.00110,0.00746
1598871664.501514673233032,0.00192,0.00011,0.00230,0.00313,0.00011,0.00089,0.00847
1598871664.534341812133789,0.00242,0.00009,0.00001,0.00319,0.00000,0.00097,0.00668
1598871664.567760229110718,0.00179,0.00010,0.00075,0.00505,0.00015,0.00136,0.00921
1598871664.601142406463623,0.00247,0.00013,0.00005,0.00324,0.00065,0.00102,0.00755
1598871664.634978055953979,0.00259,0.00012,0.00125,0.00323,0.00000,0.00091,0.00810
1598871664.667835474014282,0.00169,0.00007,0.00004,0.00316,0.00008,0.00077,0.00581
1598871664.702277660369873,0.00247,0.00009,0.00283,0.00326,0.00000,0.00097,0.00964
1598871664.767280817031860,0.00251,0.00009,0.00060,0.00315,0.00000,0.00098,0.00733
1598871664.805943965911865,0.00253,0.00007,0.00021,0.00323,0.00008,0.00093,0.00705
1598871664.868170738220215,0.00243,0.00009,0.00210,0.00335,0.00008,0.00108,0.00912
1598871664.902531623840332,0.00254,0.00017,0.00028,0.00334,0.00000,0.00108,0.00741
1598871664.939451456069946,0.00172,0.00006,0.00068,0.00317,0.00008,0.00081,0.00652
1598871665.003088951110840,0.00257,0.00012,0.00221,0.00321,0.00000,0.00101,0.00912
1598871665.068664550781250,0.00241,0.00010,0.00001,0.00332,0.00000,0.00091,0.00675
1598871665.101553201675415,0.00272,0.00015,0.00102,0.00316,0.00008,0.00108,0.00821
1598871665.135505676269531,0.00261,0.00010,0.00363,0.00323,0.00000,0.00101,0.01059
1598871665.167901039123535,0.00210,0.00014,0.00127,0.00327,0.00000,0.00112,0.00789
1598871665.201228141784668,0.00270,0.00009,0.00003,0.00321,0.00008,0.00158,0.00769
1598871665.239526033401489,0.00231,0.00012,0.00306,0.00329,0.00000,0.00100,0.00979
1598871665.302848339080811,0.00233,0.00011,0.00059,0.00320,0.00000,0.00102,0.00726
1598871665.335493326187134,0.00242,0.00010,0.00033,0.00318,0.00007,0.00093,0.00703
1598871665.368218660354614,0.00184,0.00006,0.00215,0.00318,0.00000,0.00090,0.00813
1598871665.402740240097046,0.00233,0.00010,0.00001,0.00324,0.00000,0.00095,0.00663
1598871665.435797452926636,0.00225,0.00007,0.00090,0.00312,0.00007,0.00093,0.00734
1598871665.469642400741577,0.00205,0.00010,0.00216,0.00318,0.00000,0.00093,0.00842
1598871665.504152774810791,0.00272,0.00010,0.00001,0.00333,0.00000,0.00149,0.00765
1598871665.536429166793823,0.00234,0.00013,0.00081,0.00308,0.00008,0.00104,0.00748
1598871665.568760633468628,0.00231,0.00009,0.00333,0.00322,0.00000,0.00142,0.01036
1598871665.602522611618042,0.00230,0.00015,0.00126,0.00317,0.00000,0.00110,0.00798
1598871665.634926080703735,0.00234,0.00014,0.00003,0.00314,0.00009,0.00093,0.00668
1598871665.668614625930786,0.00235,0.00014,0.00302,0.00308,0.00000,0.00121,0.00980
1598871665.701974868774414,0.00231,0.00011,0.00001,0.00313,0.00066,0.00103,0.00724
1598871665.736305475234985,0.00225,0.00018,0.00036,0.00314,0.00007,0.00086,0.00687
1598871665.769893407821655,0.00144,0.00006,0.00196,0.00312,0.00000,0.00082,0.00740
1598871665.803190469741821,0.00248,0.00012,0.00001,0.00356,0.00000,0.00103,0.00720
1598871665.836384057998657,0.00229,0.00006,0.00069,0.00300,0.00011,0.00093,0.00707
1598871665.907295942306519,0.00248,0.00012,0.00194,0.00304,0.00011,0.00096,0.00865
1598871665.971832513809204,0.00235,0.00008,0.00003,0.00301,0.00008,0.00090,0.00645
1598871666.005676031112671,0.00223,0.00015,0.00072,0.00305,0.00010,0.00103,0.00728
1598871666.038286924362183,0.00248,0.00008,0.00302,0.00315,0.00003,0.00113,0.00988
1598871666.071525573730469,0.00186,0.00010,0.00057,0.00319,0.00012,0.00096,0.00680
1598871666.106967687606812,0.00258,0.00010,0.00003,0.00311,0.00009,0.00104,0.00695
1598871666.139336347579956,0.00192,0.00010,0.00308,0.00334,0.00068,0.00122,0.01034
1598871666.172571659088135,0.00229,0.00008,0.00004,0.00337,0.00000,0.00098,0.00676
1598871666.207179546356201,0.00242,0.00010,0.00030,0.00337,0.00000,0.00090,0.00709
1598871666.241701841354370,0.00218,0.00006,0.00200,0.00360,0.00007,0.00093,0.00884
1598871666.274498462677002,0.00221,0.00018,0.00003,0.00361,0.00000,0.00113,0.00716
1598871666.312077045440674,0.00252,0.00009,0.00067,0.00327,0.00000,0.00107,0.00761
1598871666.374190092086792,0.00257,0.00015,0.00209,0.00322,0.00000,0.00102,0.00904
1598871666.407784938812256,0.00231,0.00008,0.00004,0.00321,0.00009,0.00091,0.00664
1598871666.440134763717651,0.00228,0.00013,0.00109,0.00328,0.00037,0.00120,0.00834
1598871666.473960399627686,0.00229,0.00007,0.00276,0.00332,0.00000,0.00090,0.00935
1598871666.508928775787354,0.00199,0.00009,0.00066,0.00332,0.00000,0.00088,0.00695
1598871666.542650461196899,0.00233,0.00009,0.00003,0.00329,0.00009,0.00095,0.00677
1598871666.575303554534912,0.00231,0.00010,0.00253,0.00340,0.00000,0.00086,0.00921
1598871666.608257770538330,0.00428,0.00006,0.00001,0.00340,0.00000,0.00084,0.00859
1598871666.643599033355713,0.00234,0.00014,0.00007,0.00359,0.00000,0.00095,0.00709
1598871666.717237472534180,0.00223,0.00009,0.00177,0.00315,0.00008,0.00111,0.00843
1598871666.777287960052490,0.00244,0.00014,0.00001,0.00336,0.00000,0.00096,0.00692
1598871666.809726476669312,0.00218,0.00009,0.00077,0.00319,0.00008,0.00106,0.00738
1598871666.843977928161621,0.00230,0.00011,0.00196,0.00366,0.00000,0.00095,0.00898
1598871666.878337860107422,0.00214,0.00009,0.00042,0.00340,0.00008,0.00111,0.00723
1598871666.911861896514893,0.00221,0.00012,0.00062,0.00339,0.00000,0.00098,0.00731
1598871666.978436231613159,0.00227,0.00010,0.00283,0.00315,0.00000,0.00090,0.00925
1598871667.012145757675171,0.00231,0.00012,0.00071,0.00319,0.00000,0.00094,0.00728
1598871667.045638322830200,0.00244,0.00007,0.00004,0.00350,0.00014,0.00090,0.00709
1598871667.080009222030640,0.00250,0.00015,0.00263,0.00348,0.00000,0.00105,0.00980
1598871667.113963127136230,0.00240,0.00010,0.00001,0.00349,0.00000,0.00103,0.00703
1598871667.146688938140869,0.00226,0.00013,0.00006,0.00342,0.00000,0.00097,0.00684
1598871667.179446458816528,0.00185,0.00007,0.00157,0.00335,0.00000,0.00090,0.00774
1598871667.212864398956299,0.00211,0.00010,0.00001,0.00339,0.00000,0.00132,0.00693
1598871667.246387004852295,0.00194,0.00007,0.00068,0.00329,0.00008,0.00091,0.00696
1598871667.280010938644409,0.00267,0.00017,0.00295,0.00427,0.00000,0.00117,0.01123
1598871667.315362930297852,0.00238,0.00009,0.00032,0.00337,0.00000,0.00111,0.00727
1598871667.348565101623535,0.00192,0.00010,0.00058,0.00333,0.00000,0.00094,0.00687
1598871667.381277561187744,0.00225,0.00009,0.00243,0.00324,0.00008,0.00105,0.00914
1598871667.416115999221802,0.00248,0.00010,0.00073,0.00342,0.00000,0.00088,0.00761
1598871667.481730699539185,0.00221,0.00012,0.00001,0.00343,0.00000,0.00107,0.00684
1598871667.516183376312256,0.00211,0.00010,0.00248,0.00310,0.00002,0.00094,0.00874
1598871667.548819303512573,0.00242,0.00007,0.00001,0.00323,0.00000,0.00089,0.00660
1598871667.584117174148560,0.00294,0.00015,0.00013,0.00317,0.00010,0.00103,0.00751
1598871667.617020368576050,0.00223,0.00009,0.00149,0.00382,0.00004,0.00100,0.00866
1598871667.684697628021240,0.00252,0.00015,0.00001,0.00323,0.00000,0.00095,0.00687
1598871667.751713275909424,0.00237,0.00009,0.00064,0.00302,0.00003,0.00089,0.00704
1598871667.784246444702148,0.00235,0.00011,0.00181,0.00285,0.00018,0.00084,0.00814
1598871667.817754983901978,0.00175,0.00006,0.00004,0.00298,0.00052,0.00083,0.00618
1598871667.851442098617554,0.00173,0.00010,0.00058,0.00336,0.00000,0.00085,0.00661
1598871667.885544538497925,0.00255,0.00016,0.00262,0.00332,0.00000,0.00103,0.00968
1598871667.918457984924316,0.00168,0.00012,0.00070,0.00334,0.00000,0.00090,0.00675
1598871667.953830957412720,0.00207,0.00013,0.00001,0.00325,0.00000,0.00087,0.00633
1598871668.020047426223755,0.00237,0.00015,0.00245,0.00313,0.00000,0.00097,0.00907
1598871668.053204774856567,0.00222,0.00007,0.00004,0.00304,0.00009,0.00090,0.00637
1598871668.087096452713013,0.00232,0.00014,0.00006,0.00304,0.00012,0.00105,0.00673
1598871668.120233535766602,0.00191,0.00006,0.00148,0.00339,0.00067,0.00105,0.00857
1598871668.153528928756714,0.00249,0.00011,0.00011,0.00331,0.00007,0.00094,0.00703
1598871668.187750816345215,0.00202,0.00007,0.00065,0.00341,0.00000,0.00087,0.00702
1598871668.221515417098999,0.00187,0.00009,0.00161,0.00327,0.00000,0.00095,0.00780
1598871668.254353046417236,0.00201,0.00007,0.00001,0.00332,0.00000,0.00090,0.00630
1598871668.288254976272583,0.00224,0.00011,0.00064,0.00336,0.00003,0.00097,0.00735
1598871668.321383237838745,0.00220,0.00010,0.00232,0.00325,0.00003,0.00091,0.00881
1598871668.355271577835083,0.00231,0.00011,0.00059,0.00323,0.00011,0.00108,0.00742
1598871668.389923810958862,0.00217,0.00007,0.00001,0.00325,0.00000,0.00090,0.00641
1598871668.422766685485840,0.00230,0.00013,0.00209,0.00320,0.00003,0.00096,0.00871
1598871668.455891609191895,0.00205,0.00008,0.00001,0.00331,0.00000,0.00091,0.00635
1598871668.491275310516357,0.00209,0.00009,0.00001,0.00325,0.00003,0.00102,0.00650
1598871668.556874990463257,0.00246,0.00008,0.00126,0.00320,0.00002,0.00088,0.00790
1598871668.591238737106323,0.00222,0.00009,0.00001,0.00318,0.00000,0.00090,0.00641
1598871668.624367475509644,0.00215,0.00007,0.00061,0.00312,0.00002,0.00091,0.00689
1598871668.658423900604248,0.00192,0.00009,0.00123,0.00319,0.00011,0.00090,0.00744
1598871668.692436695098877,0.00210,0.00007,0.00001,0.00326,0.00000,0.00105,0.00649
1598871668.725003004074097,0.00216,0.00009,0.00058,0.00311,0.00011,0.00088,0.00693
1598871668.758861303329468,0.00217,0.00009,0.00236,0.00306,0.00003,0.00095,0.00866
1598871668.794914722442627,0.00241,0.00013,0.00069,0.00307,0.00018,0.00097,0.00744
1598871668.828033924102783,0.00229,0.00009,0.00005,0.00336,0.00000,0.00117,0.00697
1598871668.893753290176392,0.00239,0.00014,0.00200,0.00352,0.00007,0.00100,0.00912
1598871668.932275295257568,0.00226,0.00008,0.00005,0.00318,0.00000,0.00111,0.00668
1598871668.996398448944092,0.00203,0.00011,0.00001,0.00315,0.00003,0.00089,0.00622
1598871669.060896635055542,0.00215,0.00009,0.00127,0.00310,0.00004,0.00086,0.00751
1598871669.095457792282104,0.00198,0.00009,0.00001,0.00310,0.00000,0.00091,0.00610
1598871669.128822565078735,0.00172,0.00006,0.00060,0.00317,0.00004,0.00088,0.00647
1598871669.169826269149780,0.00203,0.00009,0.00115,0.00295,0.00082,0.00091,0.00797
1598871669.229321956634521,0.00209,0.00008,0.00005,0.00319,0.00000,0.00084,0.00625
1598871669.262872934341431,0.00212,0.00010,0.00001,0.00315,0.00059,0.00095,0.00692
1598871669.297425746917725,0.00224,0.00009,0.00220,0.00327,0.00004,0.00093,0.00878
1598871669.330714941024780,0.00219,0.00010,0.00058,0.00326,0.00012,0.00089,0.00713
1598871669.363061428070068,0.00216,0.00006,0.00001,0.00373,0.00000,0.00118,0.00714
1598871669.398258447647095,0.00213,0.00011,0.00185,0.00318,0.00004,0.00109,0.00840
1598871669.431374788284302,0.00221,0.00007,0.00001,0.00318,0.00000,0.00089,0.00636
1598871669.465991497039795,0.00232,0.00011,0.00006,0.00306,0.00005,0.00095,0.00656
1598871669.530941724777222,0.00229,0.00008,0.00133,0.00301,0.00004,0.00088,0.00763
1598871669.565115451812744,0.00183,0.00012,0.00008,0.00309,0.00009,0.00104,0.00626
1598871669.599420785903931,0.00228,0.00008,0.00064,0.00308,0.00004,0.00100,0.00712
1598871669.632474660873413,0.00219,0.00009,0.00010,0.00322,0.00061,0.00090,0.00711
1598871669.665384054183960,0.00218,0.00016,0.00001,0.00337,0.00004,0.00109,0.00685
1598871669.700694561004639,0.00373,0.00015,0.00006,0.00321,0.00000,0.00087,0.00802
1598871669.766380786895752,0.00256,0.00012,0.00197,0.00323,0.00005,0.00106,0.00899
1598871669.800467967987061,0.00216,0.00007,0.00001,0.00329,0.00071,0.00090,0.00713
1598871669.833751678466797,0.00254,0.00009,0.00001,0.00339,0.00000,0.00101,0.00703
1598871669.866751432418823,0.00203,0.00006,0.00179,0.00333,0.00003,0.00112,0.00836
1598871669.901149749755859,0.00175,0.00009,0.00001,0.00340,0.00000,0.00087,0.00612
1598871669.938639640808105,0.00452,0.00009,0.00064,0.00362,0.00003,0.00110,0.01000
1598871670.002408504486084,0.00278,0.00013,0.00149,0.00337,0.00003,0.00091,0.00871
1598871670.034682035446167,0.00218,0.00011,0.00001,0.00342,0.00000,0.00121,0.00693
1598871670.069064140319824,0.00194,0.00006,0.00066,0.00336,0.00002,0.00087,0.00692
1598871670.102421760559082,0.00229,0.00015,0.00010,0.00349,0.00004,0.00108,0.00714
1598871670.136379718780518,0.00254,0.00008,0.00004,0.00347,0.00000,0.00096,0.00710
1598871670.170553922653198,0.00267,0.00007,0.00001,0.00341,0.00000,0.00096,0.00712
1598871670.208194017410278,0.00270,0.00006,0.00204,0.00330,0.00003,0.00092,0.00905
1598871670.272845506668091,0.00258,0.00010,0.00001,0.00369,0.00012,0.00096,0.00747
1598871670.338123559951782,0.00241,0.00008,0.00001,0.00337,0.00000,0.00102,0.00689
1598871670.373353481292725,0.00285,0.00017,0.00179,0.00336,0.00003,0.00128,0.00949
1598871670.406108617782593,0.00265,0.00009,0.00001,0.00339,0.00000,0.00107,0.00721
1598871670.440127134323120,0.00262,0.00010,0.00009,0.00343,0.00003,0.00107,0.00734
1598871670.472959041595459,0.00256,0.00010,0.00152,0.00329,0.00003,0.00104,0.00854
1598871670.505451202392578,0.00235,0.00006,0.00001,0.00339,0.00000,0.00095,0.00675
1598871670.539974451065063,0.00228,0.00006,0.00036,0.00334,0.00002,0.00093,0.00699
1598871670.573758363723755,0.00227,0.00007,0.00008,0.00345,0.00003,0.00094,0.00684
1598871670.607957363128662,0.00245,0.00015,0.00704,0.00336,0.00007,0.00113,0.01420
1598871670.680412769317627,0.00272,0.00010,0.00001,0.00339,0.00000,0.00102,0.00725
1598871670.740503549575806,0.00229,0.00008,0.00223,0.00351,0.00005,0.00093,0.00908
1598871670.779156684875488,0.00237,0.00007,0.00001,0.00323,0.00011,0.00093,0.00672
1598871670.840819835662842,0.00241,0.00011,0.00008,0.00317,0.00008,0.00099,0.00685
1598871670.875496864318848,0.00227,0.00007,0.00156,0.00363,0.00005,0.00122,0.00880
1598871670.908612489700317,0.00262,0.00008,0.00003,0.00339,0.00000,0.00117,0.00731
1598871670.942406892776489,0.00290,0.00009,0.00007,0.00344,0.00002,0.00116,0.00769
1598871670.976642131805420,0.00283,0.00009,0.00162,0.00327,0.00002,0.00103,0.00888
1598871671.009555339813232,0.00242,0.00007,0.00001,0.00332,0.00000,0.00100,0.00681
1598871671.045116186141968,0.00268,0.00010,0.00014,0.00333,0.00005,0.00103,0.00734
1598871671.078558444976807,0.00264,0.00011,0.00011,0.00336,0.00003,0.00104,0.00728
1598871671.111260652542114,0.00233,0.00008,0.00606,0.00327,0.00002,0.00091,0.01267
1598871671.147365570068359,0.00235,0.00007,0.00001,0.00331,0.00000,0.00094,0.00668
1598871671.210200309753418,0.00260,0.00008,0.00223,0.00320,0.00003,0.00097,0.00911
1598871671.244539499282837,0.00248,0.00007,0.00014,0.00304,0.00012,0.00095,0.00679
1598871671.277848720550537,0.00225,0.00006,0.00005,0.00305,0.00008,0.00118,0.00667
1598871671.312176942825317,0.00251,0.00007,0.00133,0.00309,0.00115,0.00087,0.00903
1598871671.345237255096436,0.00282,0.00006,0.00003,0.00337,0.00000,0.00098,0.00727
1598871671.378471612930298,0.00203,0.00006,0.00059,0.00401,0.00000,0.00126,0.00796
1598871671.411825656890869,0.00262,0.00010,0.00236,0.00351,0.00000,0.00109,0.00968
1598871671.445592641830444,0.00267,0.00011,0.00001,0.00336,0.00000,0.00110,0.00725
1598871671.479885816574097,0.00276,0.00011,0.00091,0.00328,0.00000,0.00110,0.00816
1598871671.513273000717163,0.00234,0.00006,0.00096,0.00311,0.00008,0.00090,0.00746
1598871671.547086954116821,0.00249,0.00006,0.00568,0.00328,0.00003,0.00095,0.01249
1598871671.580578804016113,0.00202,0.00006,0.00003,0.00322,0.00000,0.00097,0.00629
1598871671.615221261978149,0.00292,0.00011,0.00288,0.00348,0.00060,0.00102,0.01102
1598871671.647624492645264,0.00236,0.00007,0.00001,0.00323,0.00012,0.00098,0.00677
1598871671.681232213973999,0.00242,0.00010,0.00007,0.00321,0.00011,0.00106,0.00697
1598871671.714578390121460,0.00282,0.00011,0.00149,0.00367,0.00004,0.00109,0.00922
1598871671.749275922775269,0.00223,0.00006,0.00001,0.00333,0.00000,0.00095,0.00658
1598871671.782290458679199,0.00232,0.00006,0.00059,0.00315,0.00036,0.00091,0.00739
1598871671.818103551864624,0.00204,0.00006,0.00194,0.00330,0.00000,0.00091,0.00824
1598871671.882707834243774,0.00623,0.00012,0.00005,0.00329,0.00010,0.00100,0.01079
1598871671.916304588317871,0.00261,0.00006,0.00110,0.00356,0.00000,0.00094,0.00826
1598871671.950331211090088,0.00239,0.00009,0.00140,0.00334,0.00000,0.00123,0.00845
1598871671.986083269119263,0.00277,0.00008,0.00694,0.00329,0.00000,0.00093,0.01402
1598871672.050412416458130,0.00282,0.00012,0.00005,0.00333,0.00010,0.00103,0.00745
1598871672.084075689315796,0.00236,0.00007,0.00319,0.00334,0.00000,0.00096,0.00992
1598871672.117496252059937,0.00230,0.00006,0.00012,0.00339,0.00000,0.00097,0.00685
1598871672.151074647903442,0.00205,0.00006,0.00001,0.00326,0.00000,0.00095,0.00633
1598871672.185997724533081,0.00265,0.00010,0.00168,0.00302,0.00010,0.00106,0.00861
1598871672.219655513763428,0.00268,0.00007,0.00004,0.00359,0.00000,0.00131,0.00769
1598871672.252691030502319,0.00262,0.00010,0.00001,0.00363,0.00072,0.00108,0.00814
1598871672.286467790603638,0.00264,0.00009,0.00214,0.00331,0.00000,0.00109,0.00927
1598871672.319619894027710,0.00209,0.00007,0.00004,0.00330,0.00008,0.00098,0.00656
1598871672.353070974349976,0.00266,0.00011,0.00099,0.00339,0.00000,0.00106,0.00821
1598871672.388737678527832,0.00252,0.00008,0.00132,0.00333,0.00000,0.00108,0.00833
1598871672.454162597656250,0.00249,0.00012,0.00621,0.00315,0.00000,0.00091,0.01289
1598871672.488288402557373,0.00250,0.00011,0.00005,0.00380,0.00009,0.00117,0.00772
1598871672.521102428436279,0.00222,0.00011,0.00305,0.00326,0.00000,0.00101,0.00966
1598871672.554675817489624,0.00255,0.00009,0.00016,0.00339,0.00000,0.00111,0.00729
1598871672.589433193206787,0.00201,0.00010,0.00004,0.00380,0.00009,0.00105,0.00709
1598871672.655457496643066,0.00254,0.00012,0.00166,0.00332,0.00000,0.00102,0.00865
1598871672.689331531524658,0.00232,0.00010,0.00001,0.00326,0.00000,0.00114,0.00684
1598871672.722782135009766,0.00273,0.00010,0.00006,0.00303,0.00015,0.00097,0.00703
1598871672.756567955017090,0.00205,0.00007,0.00218,0.00320,0.00000,0.00095,0.00846
1598871672.789787054061890,0.00219,0.00009,0.00001,0.00329,0.00000,0.00093,0.00652
1598871672.822843074798584,0.00237,0.00015,0.00073,0.00310,0.00008,0.00112,0.00757
1598871672.856031894683838,0.00241,0.00009,0.00101,0.00308,0.00063,0.00109,0.00831
1598871672.890887022018433,0.00242,0.00012,0.00602,0.00322,0.00000,0.00100,0.01278
1598871672.923745632171631,0.00180,0.00006,0.00003,0.00307,0.00008,0.00082,0.00586
1598871672.958582162857056,0.00145,0.00006,0.00245,0.00299,0.00000,0.00082,0.00778
1598871673.023437261581421,0.00235,0.00014,0.00023,0.00302,0.00002,0.00098,0.00673
1598871673.056638240814209,0.00249,0.00010,0.00004,0.00302,0.00009,0.00094,0.00669
1598871673.092379570007324,0.00210,0.00007,0.00143,0.00297,0.00058,0.00098,0.00815
1598871673.126797199249268,0.00176,0.00006,0.00001,0.00350,0.00000,0.00101,0.00634
1598871673.193673849105835,0.00209,0.00011,0.00003,0.00312,0.00008,0.00087,0.00630
1598871673.226956844329834,0.00229,0.00011,0.00192,0.00314,0.00000,0.00095,0.00842
1598871673.291168928146362,0.00210,0.00008,0.00001,0.00357,0.00000,0.00127,0.00702
1598871673.356659412384033,0.00218,0.00011,0.00067,0.00325,0.00019,0.00114,0.00754
1598871673.390896797180176,0.00237,0.00009,0.00097,0.00311,0.00000,0.00099,0.00752
1598871673.423351049423218,0.00210,0.00006,0.00571,0.00331,0.00000,0.00089,0.01207
1598871673.460769176483154,0.00213,0.00006,0.00005,0.00314,0.00008,0.00085,0.00632
1598871673.523762464523315,0.00256,0.00012,0.00257,0.00307,0.00000,0.00103,0.00935
1598871673.556958913803101,0.00190,0.00006,0.00058,0.00307,0.00011,0.00109,0.00681
1598871673.590341567993164,0.00263,0.00006,0.00002,0.00304,0.00007,0.00089,0.00671
1598871673.624247550964355,0.00217,0.00007,0.00139,0.00330,0.00004,0.00086,0.00783
1598871673.657202720642090,0.00225,0.00006,0.00001,0.00308,0.00000,0.00088,0.00627
1598871673.690039157867432,0.00202,0.00007,0.00001,0.00307,0.00000,0.00086,0.00602
1598871673.723916769027710,0.00237,0.00009,0.00173,0.00300,0.00010,0.00090,0.00819
1598871673.756838083267212,0.00193,0.00006,0.00001,0.00315,0.00000,0.00087,0.00602
1598871673.790526628494263,0.00236,0.00007,0.00060,0.00313,0.00002,0.00089,0.00706
1598871673.823424100875854,0.00188,0.00007,0.00058,0.00314,0.00011,0.00089,0.00667
1598871673.857585668563843,0.00176,0.00006,0.00513,0.00304,0.00002,0.00086,0.01087
1598871673.890924692153931,0.00192,0.00006,0.00001,0.00307,0.00000,0.00086,0.00593
1598871673.924588918685913,0.00226,0.00007,0.00206,0.00299,0.00064,0.00083,0.00885
1598871673.956891059875488,0.00190,0.00006,0.00014,0.00336,0.00000,0.00132,0.00678
1598871673.990700244903564,0.00236,0.00009,0.00001,0.00332,0.00000,0.00100,0.00677
1598871674.024404048919678,0.00249,0.00010,0.00138,0.00324,0.00000,0.00095,0.00816
1598871674.057179450988770,0.00187,0.00006,0.00001,0.00333,0.00000,0.00144,0.00671
1598871674.091638803482056,0.00224,0.00008,0.00001,0.00331,0.00000,0.00093,0.00656
1598871674.123964786529541,0.00261,0.00009,0.00173,0.00329,0.00000,0.00116,0.00887
1598871674.157983541488647,0.00214,0.00010,0.00001,0.00335,0.00000,0.00110,0.00670
1598871674.191017150878906,0.00203,0.00008,0.00009,0.00328,0.00000,0.00090,0.00638
1598871674.223848104476929,0.00230,0.00009,0.00019,0.00333,0.00000,0.00103,0.00695
1598871674.256859064102173,0.00203,0.00007,0.00503,0.00313,0.00000,0.00120,0.01147
1598871674.291844367980957,0.00220,0.00010,0.00004,0.00313,0.00008,0.00100,0.00655
1598871674.357427120208740,0.00196,0.00008,0.00243,0.00308,0.00000,0.00085,0.00841
1598871674.391092061996460,0.00214,0.00007,0.00005,0.00311,0.00010,0.00081,0.00629
1598871674.425066471099854,0.00216,0.00006,0.00001,0.00315,0.00000,0.00090,0.00627
1598871674.457347631454468,0.00187,0.00006,0.00130,0.00306,0.00003,0.00101,0.00734
1598871674.491397857666016,0.00212,0.00006,0.00001,0.00340,0.00000,0.00094,0.00654
1598871674.524311542510986,0.00250,0.00010,0.00011,0.00314,0.00000,0.00113,0.00697
1598871674.557165861129761,0.00238,0.00014,0.00155,0.00323,0.00004,0.00100,0.00834
1598871674.591658115386963,0.00235,0.00010,0.00001,0.00329,0.00000,0.00098,0.00674
1598871674.624881267547607,0.00210,0.00007,0.00005,0.00311,0.00007,0.00119,0.00659
1598871674.658712863922119,0.00241,0.00010,0.00005,0.00314,0.00016,0.00104,0.00690
1598871674.724865198135376,0.00234,0.00011,0.00424,0.00325,0.00073,0.00120,0.01188
1598871674.757636547088623,0.00214,0.00010,0.00001,0.00356,0.00000,0.00106,0.00688
1598871674.792100667953491,0.00226,0.00007,0.00279,0.00312,0.00002,0.00098,0.00924
1598871674.824462890625000,0.00258,0.00009,0.00007,0.00331,0.00012,0.00132,0.00748
1598871674.857492208480835,0.00297,0.00008,0.00001,0.00330,0.00000,0.00113,0.00749
1598871674.891635894775391,0.00232,0.00010,0.00147,0.00335,0.00061,0.00092,0.00876
1598871674.929270267486572,0.00220,0.00008,0.00038,0.00332,0.00000,0.00084,0.00682
1598871674.992843627929688,0.00204,0.00008,0.00021,0.00334,0.00000,0.00085,0.00653
1598871675.057631492614746,0.00303,0.00017,0.00191,0.00334,0.00000,0.00127,0.00972
1598871675.091856956481934,0.00195,0.00009,0.00063,0.00338,0.00000,0.00092,0.00698
1598871675.158131837844849,0.00254,0.00010,0.00121,0.00335,0.00000,0.00114,0.00835
1598871675.191510915756226,0.00228,0.00009,0.00098,0.00330,0.00000,0.00087,0.00754
1598871675.225081682205200,0.00154,0.00006,0.00277,0.00332,0.00000,0.00078,0.00848
1598871675.257564067840576,0.00131,0.00006,0.00001,0.00329,0.00000,0.00075,0.00541
1598871675.291739225387573,0.00208,0.00009,0.00310,0.00324,0.00000,0.00077,0.00929
1598871675.324389696121216,0.00195,0.00007,0.00067,0.00314,0.00000,0.00076,0.00659
1598871675.360788822174072,0.00139,0.00006,0.00001,0.00307,0.00000,0.00077,0.00529
1598871675.394672155380249,0.00158,0.00007,0.00158,0.00307,0.00027,0.00127,0.00783
1598871675.426974534988403,0.00169,0.00008,0.00001,0.00334,0.00000,0.00092,0.00604
1598871675.460591554641724,0.00144,0.00006,0.00001,0.00309,0.00000,0.00114,0.00573
1598871675.528808116912842,0.00226,0.00012,0.00234,0.00352,0.00000,0.00116,0.00940
1598871675.593495845794678,0.00217,0.00011,0.00008,0.00304,0.00005,0.00089,0.00634
1598871675.658419370651245,0.00221,0.00008,0.00031,0.00302,0.00098,0.00109,0.00770
1598871675.691932678222656,0.00178,0.00022,0.00124,0.00323,0.00000,0.00075,0.00723
1598871675.725253820419312,0.00237,0.00007,0.00271,0.00312,0.00000,0.00082,0.00909
1598871675.759441614151001,0.00164,0.00006,0.00001,0.00315,0.00000,0.00081,0.00568
1598871675.792565345764160,0.00176,0.00006,0.00340,0.00308,0.00002,0.00082,0.00914
1598871675.861865758895874,0.00262,0.00020,0.00062,0.00312,0.00012,0.00098,0.00765
1598871675.925905704498291,0.00225,0.00012,0.00001,0.00341,0.00000,0.00088,0.00667
1598871675.958518505096436,0.00231,0.00013,0.00131,0.00304,0.00065,0.00115,0.00859
1598871675.992582082748413,0.00216,0.00010,0.00005,0.00321,0.00003,0.00095,0.00651
1598871676.025080204010010,0.00183,0.00007,0.00027,0.00335,0.00000,0.00081,0.00633
1598871676.057902097702026,0.00234,0.00011,0.00205,0.00317,0.00039,0.00110,0.00917
1598871676.092379808425903,0.00251,0.00010,0.00094,0.00327,0.00000,0.00100,0.00783
1598871676.125056743621826,0.00218,0.00012,0.00054,0.00338,0.00000,0.00105,0.00727
1598871676.158344030380249,0.00241,0.00010,0.00100,0.00320,0.00000,0.00104,0.00775
1598871676.194065809249878,0.00189,0.00010,0.00195,0.00333,0.00000,0.00149,0.00877
1598871676.258424282073975,0.00236,0.00011,0.00001,0.00337,0.00000,0.00106,0.00692
1598871676.293040990829468,0.00511,0.00010,0.00307,0.00321,0.00000,0.00095,0.01244
1598871676.359790325164795,0.00218,0.00012,0.00072,0.00323,0.00000,0.00089,0.00713
1598871676.396076202392578,0.00185,0.00007,0.00001,0.00359,0.00000,0.00087,0.00639
1598871676.460857391357422,0.00201,0.00008,0.00110,0.00354,0.00000,0.00090,0.00764
1598871676.495440959930420,0.00176,0.00007,0.00005,0.00326,0.00000,0.00078,0.00591
1598871676.558845281600952,0.00196,0.00008,0.00001,0.00359,0.00000,0.00085,0.00648
1598871676.592618942260742,0.00185,0.00007,0.00196,0.00310,0.00000,0.00082,0.00780
1598871676.625440359115601,0.00170,0.00006,0.00086,0.00319,0.00000,0.00100,0.00682
1598871676.658853292465210,0.00175,0.00007,0.00029,0.00314,0.00000,0.00076,0.00600
1598871676.692044019699097,0.00220,0.00010,0.00106,0.00306,0.00008,0.00089,0.00739
1598871676.725202798843384,0.00198,0.00014,0.00214,0.00328,0.00000,0.00147,0.00901
1598871676.758391618728638,0.00217,0.00015,0.00001,0.00337,0.00000,0.00104,0.00674
1598871676.791945695877075,0.00222,0.00008,0.00315,0.00321,0.00000,0.00080,0.00946
1598871676.825317144393921,0.00188,0.00006,0.00068,0.00324,0.00000,0.00079,0.00665
1598871676.858189344406128,0.00163,0.00006,0.00001,0.00328,0.00000,0.00076,0.00574
1598871676.893101215362549,0.00180,0.00007,0.00109,0.00325,0.00000,0.00077,0.00697
1598871676.926495552062988,0.00166,0.00006,0.00004,0.00328,0.00000,0.00080,0.00585
1598871676.993543624877930,0.00296,0.00012,0.00001,0.00333,0.00000,0.00098,0.00741
1598871677.031625509262085,0.00175,0.00006,0.00195,0.00359,0.00000,0.00082,0.00817
1598871677.094119787216187,0.00199,0.00008,0.00088,0.00313,0.00000,0.00083,0.00690
1598871677.127835750579834,0.00177,0.00010,0.00043,0.00321,0.00000,0.00087,0.00638
1598871677.194085597991943,0.00211,0.00010,0.00101,0.00300,0.00008,0.00083,0.00714
1598871677.226690769195557,0.00192,0.00006,0.00201,0.00317,0.00000,0.00076,0.00793
1598871677.259608745574951,0.00177,0.00006,0.00005,0.00314,0.00000,0.00104,0.00607
1598871677.293367385864258,0.00218,0.00008,0.00325,0.00309,0.00033,0.00083,0.00977
1598871677.325827598571777,0.00170,0.00007,0.00067,0.00318,0.00000,0.00082,0.00645
1598871677.360886812210083,0.00215,0.00010,0.00006,0.00319,0.00000,0.00112,0.00661
1598871677.393430709838867,0.00180,0.00007,0.00059,0.00310,0.00059,0.00105,0.00719
1598871677.428339481353760,0.00238,0.00006,0.00003,0.00326,0.00000,0.00080,0.00653
1598871677.462270498275757,0.00181,0.00007,0.00001,0.00325,0.00000,0.00075,0.00588
1598871677.496089220046997,0.00131,0.00007,0.00197,0.00311,0.00000,0.00076,0.00722
1598871677.559447765350342,0.00159,0.00009,0.00089,0.00306,0.00000,0.00079,0.00642
1598871677.593657970428467,0.00155,0.00007,0.00006,0.00309,0.00007,0.00075,0.00559
1598871677.626480817794800,0.00203,0.00014,0.00105,0.00328,0.00000,0.00112,0.00762
1598871677.659136295318604,0.00168,0.00009,0.00213,0.00339,0.00000,0.00095,0.00823
1598871677.692918777465820,0.00179,0.00007,0.00004,0.00328,0.00000,0.00076,0.00594
1598871677.726707458496094,0.00177,0.00006,0.00304,0.00316,0.00000,0.00082,0.00885
1598871677.759544610977173,0.00189,0.00007,0.00071,0.00315,0.00000,0.00080,0.00663
1598871677.793360471725464,0.00211,0.00012,0.00003,0.00320,0.00009,0.00092,0.00646
1598871677.825770378112793,0.00238,0.00007,0.00070,0.00324,0.00000,0.00094,0.00733
1598871677.859081983566284,0.00214,0.00009,0.00005,0.00330,0.00000,0.00080,0.00638
1598871677.893083572387695,0.00247,0.00010,0.00007,0.00336,0.00000,0.00106,0.00707
1598871677.926053047180176,0.00245,0.00006,0.00191,0.00324,0.00000,0.00088,0.00854
1598871677.959140300750732,0.00273,0.00012,0.00104,0.00327,0.00000,0.00099,0.00815
1598871677.994104146957397,0.00229,0.00008,0.00005,0.00339,0.00000,0.00109,0.00690
1598871678.026752710342407,0.00180,0.00006,0.00095,0.00320,0.00000,0.00081,0.00684
1598871678.064135551452637,0.00239,0.00011,0.00137,0.00327,0.00000,0.00093,0.00809
1598871678.125915050506592,0.00193,0.00008,0.00004,0.00328,0.00000,0.00082,0.00615
1598871678.159343004226685,0.00257,0.00006,0.00249,0.00322,0.00000,0.00118,0.00952
1598871678.193394422531128,0.00231,0.00010,0.00071,0.00354,0.00000,0.00114,0.00780
1598871678.228341341018677,0.00228,0.00008,0.00009,0.00334,0.00000,0.00115,0.00693
1598871678.293322086334229,0.00209,0.00014,0.00058,0.00375,0.00000,0.00154,0.00810
1598871678.327001333236694,0.00254,0.00009,0.00039,0.00325,0.00000,0.00098,0.00724
1598871678.360415458679199,0.00174,0.00014,0.00205,0.00322,0.00000,0.00083,0.00798
1598871678.393692970275879,0.00187,0.00008,0.00180,0.00322,0.00000,0.00117,0.00815
1598871678.426836252212524,0.00205,0.00008,0.00060,0.00320,0.00000,0.00087,0.00679
1598871678.459999561309814,0.00162,0.00006,0.00004,0.00365,0.00000,0.00123,0.00660
1598871678.493665933609009,0.00166,0.00010,0.00009,0.00328,0.00000,0.00094,0.00606
1598871678.527104616165161,0.00147,0.00006,0.00129,0.00319,0.00000,0.00082,0.00683
1598871678.559812784194946,0.00147,0.00006,0.00004,0.00327,0.00000,0.00076,0.00560
1598871678.593904495239258,0.00158,0.00007,0.00160,0.00321,0.00000,0.00082,0.00727
1598871678.626996755599976,0.00143,0.00006,0.00015,0.00322,0.00000,0.00085,0.00571
1598871678.660035133361816,0.00189,0.00009,0.00009,0.00328,0.00000,0.00084,0.00618
1598871678.695795536041260,0.00135,0.00007,0.00056,0.00320,0.00000,0.00081,0.00599
1598871678.759846448898315,0.00166,0.00009,0.00005,0.00338,0.00000,0.00080,0.00598
1598871678.793703794479370,0.00202,0.00007,0.00209,0.00365,0.00000,0.00116,0.00900
1598871678.826755285263062,0.00174,0.00008,0.00178,0.00322,0.00000,0.00092,0.00773
1598871678.860103845596313,0.00141,0.00006,0.00006,0.00323,0.00000,0.00081,0.00557
1598871678.893530607223511,0.00160,0.00008,0.00004,0.00326,0.00000,0.00087,0.00585
1598871678.931629180908203,0.00153,0.00009,0.00012,0.00341,0.00000,0.00078,0.00593
1598871678.995124816894531,0.00159,0.00009,0.00148,0.00326,0.00000,0.00087,0.00729
1598871679.031430959701538,0.00219,0.00006,0.00004,0.00328,0.00000,0.00086,0.00643
1598871679.094554185867310,0.00240,0.00012,0.00187,0.00330,0.00000,0.00118,0.00887
1598871679.127054214477539,0.00225,0.00010,0.00069,0.00332,0.00000,0.00101,0.00738
1598871679.161190986633301,0.00273,0.00011,0.00010,0.00326,0.00000,0.00105,0.00724
1598871679.195360422134399,0.00183,0.00007,0.00061,0.00308,0.00002,0.00082,0.00643
1598871679.228677988052368,0.00178,0.00006,0.00001,0.00309,0.00003,0.00083,0.00581
1598871679.262157201766968,0.00219,0.00006,0.00209,0.00306,0.00061,0.00083,0.00884
1598871679.327830314636230,0.00237,0.00009,0.00180,0.00320,0.00000,0.00089,0.00836
1598871679.360663414001465,0.00185,0.00006,0.00009,0.00314,0.00000,0.00080,0.00594
1598871679.393847942352295,0.00197,0.00007,0.00003,0.00312,0.00003,0.00082,0.00605
1598871679.428125619888306,0.00211,0.00007,0.00008,0.00318,0.00003,0.00082,0.00629
1598871679.460466146469116,0.00260,0.00009,0.00187,0.00319,0.00004,0.00114,0.00894
1598871679.493761777877808,0.00196,0.00009,0.00021,0.00319,0.00002,0.00131,0.00679
1598871679.527109384536743,0.00249,0.00009,0.00142,0.00315,0.00005,0.00106,0.00825
1598871679.560316085815430,0.00218,0.00010,0.00007,0.00319,0.00011,0.00091,0.00656
1598871679.594011306762695,0.00226,0.00015,0.00062,0.00318,0.00002,0.00118,0.00741
1598871679.626760482788086,0.00226,0.00008,0.00059,0.00315,0.00004,0.00100,0.00712
1598871679.664602994918823,0.00182,0.00007,0.00001,0.00318,0.00004,0.00082,0.00595
1598871679.728047370910645,0.00209,0.00009,0.00203,0.00318,0.00068,0.00116,0.00923
1598871679.761117696762085,0.00223,0.00009,0.00209,0.00322,0.00000,0.00095,0.00858
1598871679.794345617294312,0.00270,0.00011,0.00037,0.00307,0.00000,0.00103,0.00727
1598871679.828167676925659,0.00244,0.00007,0.00003,0.00304,0.00002,0.00083,0.00643
1598871679.861195802688599,0.00238,0.00007,0.00062,0.00291,0.00010,0.00083,0.00691
1598871679.894208669662476,0.00260,0.00010,0.00209,0.00314,0.00003,0.00116,0.00911
1598871679.928280591964722,0.00271,0.00008,0.00001,0.00333,0.00003,0.00109,0.00724
1598871679.960724115371704,0.00247,0.00006,0.00064,0.00305,0.00058,0.00085,0.00767
1598871679.993918180465698,0.00254,0.00009,0.00071,0.00319,0.00000,0.00087,0.00740
1598871680.027987241744995,0.00226,0.00006,0.00053,0.00310,0.00000,0.00087,0.00683
1598871680.060663700103760,0.00193,0.00006,0.00061,0.00304,0.00008,0.00085,0.00657
1598871680.093819856643677,0.00194,0.00007,0.00004,0.00320,0.00000,0.00073,0.00599
1598871680.127854824066162,0.00355,0.00010,0.00160,0.00311,0.00000,0.00087,0.00924
1598871680.160463094711304,0.00133,0.00007,0.00278,0.00311,0.00000,0.00075,0.00804
1598871680.194715261459351,0.00215,0.00007,0.00006,0.00318,0.00000,0.00083,0.00629
1598871680.227888345718384,0.00150,0.00006,0.00003,0.00314,0.00000,0.00083,0.00557
1598871680.261224508285522,0.00206,0.00012,0.00071,0.00299,0.00000,0.00089,0.00677
1598871680.296097517013550,0.00191,0.00010,0.00191,0.00292,0.00008,0.00085,0.00777
1598871680.361016988754272,0.00213,0.00008,0.00009,0.00306,0.00000,0.00080,0.00618
1598871680.398635387420654,0.00160,0.00006,0.00122,0.00326,0.00004,0.00121,0.00740
1598871680.460789203643799,0.00176,0.00009,0.00110,0.00298,0.00011,0.00087,0.00690
1598871680.497538566589355,0.00193,0.00007,0.00003,0.00302,0.00034,0.00084,0.00622
1598871680.561058044433594,0.00179,0.00009,0.00090,0.00302,0.00057,0.00075,0.00712
1598871680.595945119857788,0.00186,0.00006,0.00061,0.00314,0.00000,0.00076,0.00644
1598871680.628210067749023,0.00211,0.00008,0.00059,0.00288,0.00057,0.00085,0.00708
1598871680.661076068878174,0.00167,0.00006,0.00275,0.00291,0.00059,0.00079,0.00878
1598871680.695547580718994,0.00202,0.00007,0.00077,0.00315,0.00004,0.00083,0.00689
1598871680.728241443634033,0.00233,0.00010,0.00001,0.00327,0.00004,0.00094,0.00671
1598871680.761877775192261,0.00194,0.00008,0.00070,0.00317,0.00005,0.00079,0.00673
1598871680.796555280685425,0.00241,0.00006,0.00045,0.00316,0.00002,0.00082,0.00692
1598871680.834678173065186,0.00216,0.00007,0.00158,0.00315,0.00062,0.00078,0.00835
1598871680.898059129714966,0.00286,0.00014,0.00130,0.00298,0.00000,0.00100,0.00828
1598871680.964634895324707,0.00242,0.00013,0.00068,0.00270,0.00017,0.00091,0.00702
1598871680.997583866119385,0.00221,0.00006,0.00006,0.00356,0.00008,0.00083,0.00680
1598871681.032624006271362,0.00219,0.00014,0.00008,0.00299,0.00071,0.00108,0.00720
1598871681.065892934799194,0.00192,0.00009,0.00007,0.00317,0.00003,0.00103,0.00631
1598871681.100157260894775,0.00191,0.00008,0.00006,0.00295,0.00059,0.00077,0.00636
1598871681.133374691009521,0.00192,0.00007,0.00312,0.00306,0.00008,0.00082,0.00907
1598871681.199135303497314,0.00259,0.00012,0.00007,0.00320,0.00005,0.00090,0.00692
1598871681.232477664947510,0.00177,0.00008,0.00037,0.00272,0.00003,0.00114,0.00610
1598871681.264904260635376,0.00213,0.00008,0.00073,0.00251,0.00098,0.00092,0.00735
1598871681.298490285873413,0.00196,0.00007,0.00035,0.00274,0.00014,0.00078,0.00602
1598871681.332110166549683,0.00181,0.00007,0.00099,0.00288,0.00118,0.00079,0.00772
1598871681.365113735198975,0.00223,0.00008,0.00147,0.00315,0.00000,0.00084,0.00777
1598871681.399374961853027,0.00189,0.00006,0.00071,0.00347,0.00015,0.00114,0.00743
1598871681.432269096374512,0.00256,0.00010,0.00002,0.00352,0.00000,0.00102,0.00722
1598871681.464901447296143,0.00205,0.00008,0.00002,0.00297,0.00004,0.00084,0.00599
1598871681.499637126922607,0.00222,0.00007,0.00054,0.00336,0.00005,0.00119,0.00744
1598871681.531909942626953,0.00230,0.00009,0.00027,0.00247,0.00018,0.00092,0.00624
1598871681.599252939224243,0.00232,0.00009,0.00295,0.00274,0.00083,0.00094,0.00988
1598871681.632743120193481,0.00218,0.00007,0.00118,0.00270,0.00044,0.00083,0.00741
1598871681.666556835174561,0.00234,0.00010,0.00041,0.00286,0.00008,0.00095,0.00673
1598871681.699518680572510,0.00211,0.00007,0.00112,0.00297,0.00034,0.00087,0.00748
1598871681.733058452606201,0.00197,0.00009,0.00038,0.00306,0.00034,0.00085,0.00670
1598871681.771203279495239,0.00198,0.00008,0.00033,0.00308,0.00000,0.00083,0.00629
1598871681.803994178771973,0.00217,0.00007,0.00122,0.00286,0.00000,0.00084,0.00714
1598871681.865247011184692,0.00258,0.00011,0.00190,0.00234,0.00008,0.00091,0.00791
1598871681.932182312011719,0.00222,0.00011,0.00163,0.00253,0.00069,0.00088,0.00806
1598871681.966109275817871,0.00247,0.00011,0.00068,0.00319,0.00010,0.00102,0.00756
1598871681.999233007431030,0.00252,0.00010,0.00094,0.00298,0.00007,0.00114,0.00776
1598871682.032537937164307,0.00246,0.00009,0.00007,0.00305,0.00000,0.00091,0.00659
1598871682.065356016159058,0.00247,0.00014,0.00310,0.00282,0.00059,0.00099,0.01011
1598871682.099137544631958,0.00237,0.00010,0.00114,0.00295,0.00059,0.00085,0.00802
1598871682.132530689239502,0.00249,0.00010,0.00006,0.00328,0.00000,0.00124,0.00717
1598871682.165929317474365,0.00228,0.00013,0.00138,0.00313,0.00000,0.00106,0.00798
1598871682.199443817138672,0.00251,0.00009,0.00001,0.00318,0.00000,0.00117,0.00696
1598871682.233786582946777,0.00242,0.00011,0.00061,0.00306,0.00000,0.00093,0.00712
1598871682.299008131027222,0.00228,0.00016,0.00131,0.00304,0.00001,0.00121,0.00801
1598871682.333804368972778,0.00255,0.00018,0.00186,0.00302,0.00063,0.00114,0.00937
1598871682.367056369781494,0.00195,0.00006,0.00233,0.00290,0.00000,0.00082,0.00807
1598871682.433892965316772,0.00243,0.00022,0.00124,0.00292,0.00000,0.00102,0.00782
1598871682.499356746673584,0.00230,0.00012,0.00062,0.00294,0.00008,0.00109,0.00716
1598871682.533459663391113,0.00242,0.00008,0.00009,0.00301,0.00000,0.00080,0.00640
1598871682.566513299942017,0.00187,0.00006,0.00211,0.00298,0.00011,0.00073,0.00786
1598871682.599425792694092,0.00190,0.00006,0.00055,0.00296,0.00053,0.00081,0.00682
1598871682.633475542068481,0.00226,0.00009,0.00037,0.00347,0.00000,0.00089,0.00708
1598871682.666908502578735,0.00175,0.00008,0.00150,0.00302,0.00000,0.00081,0.00716
1598871682.699623346328735,0.00199,0.00007,0.00020,0.00336,0.00001,0.00082,0.00646
1598871682.732800722122192,0.00184,0.00007,0.00030,0.00302,0.00034,0.00080,0.00637
1598871682.766936779022217,0.00185,0.00007,0.00123,0.00292,0.00000,0.00085,0.00692
1598871682.800192117691040,0.00221,0.00010,0.00136,0.00332,0.00011,0.00098,0.00809
1598871682.833623647689819,0.00210,0.00008,0.00175,0.00285,0.00050,0.00091,0.00820
1598871682.867653369903564,0.00241,0.00009,0.00168,0.00310,0.00000,0.00126,0.00854
1598871682.933093070983887,0.00213,0.00011,0.00163,0.00294,0.00000,0.00096,0.00777
1598871682.967129468917847,0.00190,0.00006,0.00132,0.00287,0.00000,0.00082,0.00698
1598871682.999736547470093,0.00248,0.00011,0.00273,0.00285,0.00018,0.00111,0.00946
1598871683.033042430877686,0.00240,0.00011,0.00001,0.00309,0.00000,0.00092,0.00652
1598871683.066376924514771,0.00192,0.00006,0.00015,0.00283,0.00033,0.00083,0.00613
1598871683.100157737731934,0.00179,0.00006,0.00161,0.00323,0.00073,0.00112,0.00854
1598871683.132630348205566,0.00212,0.00009,0.00036,0.00293,0.00007,0.00091,0.00649
1598871683.166133880615234,0.00166,0.00006,0.00030,0.00306,0.00000,0.00084,0.00592
1598871683.199975013732910,0.00245,0.00008,0.00125,0.00284,0.00007,0.00090,0.00760
1598871683.233607769012451,0.00255,0.00015,0.00160,0.00300,0.00000,0.00107,0.00837
1598871683.267433404922485,0.00202,0.00006,0.00156,0.00339,0.00060,0.00088,0.00852
1598871683.300938844680786,0.00261,0.00010,0.00124,0.00307,0.00060,0.00091,0.00853
1598871683.336519956588745,0.00244,0.00010,0.00271,0.00320,0.00000,0.00114,0.00959
1598871683.371368169784546,0.00227,0.00007,0.00058,0.00316,0.00000,0.00083,0.00691
1598871683.440682172775269,0.00293,0.00013,0.00281,0.00315,0.00000,0.00106,0.01008
1598871683.503459453582764,0.00244,0.00013,0.00001,0.00308,0.00000,0.00095,0.00661
1598871683.537149429321289,0.00205,0.00010,0.00006,0.00312,0.00009,0.00103,0.00644
1598871683.570708513259888,0.00204,0.00007,0.00115,0.00318,0.00008,0.00084,0.00735
1598871683.606581687927246,0.00221,0.00007,0.00029,0.00323,0.00000,0.00082,0.00662
1598871683.639933109283447,0.00214,0.00007,0.00047,0.00316,0.00000,0.00079,0.00664
1598871683.673584699630737,0.00218,0.00011,0.00129,0.00317,0.00000,0.00090,0.00766
1598871683.738677501678467,0.00212,0.00008,0.00147,0.00316,0.00000,0.00085,0.00769
1598871683.772134542465210,0.00266,0.00012,0.00153,0.00304,0.00000,0.00115,0.00850
1598871683.806039810180664,0.00248,0.00010,0.00097,0.00301,0.00008,0.00097,0.00763
1598871683.839725017547607,0.00239,0.00010,0.00225,0.00309,0.00000,0.00098,0.00882
1598871683.874120950698853,0.00227,0.00011,0.00072,0.00319,0.00000,0.00107,0.00737
1598871683.906679868698120,0.00234,0.00010,0.00242,0.00313,0.00000,0.00097,0.00896
1598871683.940329551696777,0.00256,0.00008,0.00001,0.00321,0.00000,0.00088,0.00673
1598871683.973587751388550,0.00219,0.00009,0.00001,0.00321,0.00000,0.00091,0.00641
1598871684.008293151855469,0.00177,0.00007,0.00112,0.00313,0.00000,0.00081,0.00690
1598871684.074118852615356,0.00193,0.00010,0.00004,0.00319,0.00000,0.00087,0.00613
1598871684.107853412628174,0.00188,0.00007,0.00004,0.00316,0.00000,0.00084,0.00599
1598871684.140995979309082,0.00185,0.00007,0.00112,0.00312,0.00000,0.00092,0.00709
1598871684.174500465393066,0.00184,0.00007,0.00294,0.00330,0.00000,0.00088,0.00903
1598871684.208650350570679,0.00180,0.00008,0.00144,0.00314,0.00000,0.00084,0.00730
1598871684.243086099624634,0.00225,0.00011,0.00014,0.00324,0.00000,0.00086,0.00661
1598871684.276705980300903,0.00143,0.00006,0.00191,0.00308,0.00000,0.00081,0.00729
1598871684.309230804443359,0.00188,0.00011,0.00069,0.00316,0.00000,0.00087,0.00671
1598871684.342657804489136,0.00201,0.00010,0.00232,0.00313,0.00000,0.00091,0.00848
1598871684.379875421524048,0.00221,0.00011,0.00001,0.00325,0.00000,0.00102,0.00660
1598871684.443531274795532,0.00197,0.00017,0.00001,0.00312,0.00000,0.00093,0.00621
1598871684.476610660552979,0.00136,0.00007,0.00090,0.00297,0.00000,0.00075,0.00606
1598871684.509786128997803,0.00171,0.00009,0.00007,0.00309,0.00009,0.00081,0.00586
1598871684.544259786605835,0.00187,0.00008,0.00005,0.00325,0.00000,0.00088,0.00613
1598871684.577852010726929,0.00160,0.00006,0.00109,0.00313,0.00000,0.00077,0.00666
1598871684.610840320587158,0.00203,0.00012,0.00292,0.00314,0.00000,0.00092,0.00913
1598871684.644830226898193,0.00193,0.00012,0.00149,0.00330,0.00000,0.00090,0.00775
1598871684.678442478179932,0.00138,0.00006,0.00012,0.00332,0.00000,0.00082,0.00571
1598871684.711533546447754,0.00163,0.00008,0.00192,0.00307,0.00000,0.00090,0.00759
1598871684.745862722396851,0.00165,0.00007,0.00061,0.00311,0.00000,0.00079,0.00622
1598871684.779343843460083,0.00145,0.00006,0.00215,0.00305,0.00000,0.00104,0.00776
1598871684.814084291458130,0.00166,0.00009,0.00001,0.00318,0.00000,0.00083,0.00576
1598871684.880062341690063,0.00214,0.00013,0.00001,0.00368,0.00000,0.00110,0.00706
1598871684.913594961166382,0.00191,0.00015,0.00065,0.00311,0.00000,0.00105,0.00687
1598871684.946554183959961,0.00238,0.00010,0.00034,0.00308,0.00000,0.00119,0.00709
1598871684.980327844619751,0.00180,0.00012,0.00005,0.00333,0.00000,0.00098,0.00628
1598871685.013858079910278,0.00226,0.00011,0.00121,0.00299,0.00002,0.00086,0.00745
1598871685.048772811889648,0.00198,0.00009,0.00212,0.00294,0.00003,0.00089,0.00806
1598871685.116237163543701,0.00221,0.00012,0.00145,0.00274,0.00003,0.00092,0.00747
1598871685.148573637008667,0.00189,0.00007,0.00012,0.00332,0.00004,0.00129,0.00673
1598871685.182141065597534,0.00191,0.00009,0.00166,0.00281,0.00061,0.00093,0.00801
1598871685.216128349304199,0.00162,0.00007,0.00061,0.00310,0.00012,0.00082,0.00635
1598871685.249488353729248,0.00150,0.00006,0.00206,0.00303,0.00000,0.00079,0.00743
1598871685.283424139022827,0.00249,0.00011,0.00001,0.00315,0.00000,0.00096,0.00672
1598871685.316384315490723,0.00216,0.00010,0.00001,0.00320,0.00000,0.00109,0.00657
1598871685.350696086883545,0.00183,0.00007,0.00067,0.00292,0.00000,0.00084,0.00632
1598871685.383915185928345,0.00194,0.00007,0.00001,0.00297,0.00035,0.00088,0.00622
1598871685.417294025421143,0.00189,0.00007,0.00005,0.00299,0.00000,0.00078,0.00578
1598871685.452078580856323,0.00266,0.00012,0.00073,0.00312,0.00000,0.00108,0.00771
1598871685.485902786254883,0.00272,0.00010,0.00203,0.00300,0.00000,0.00107,0.00892
1598871685.551685571670532,0.00265,0.00013,0.00142,0.00310,0.00013,0.00100,0.00843
1598871685.585152149200439,0.00210,0.00007,0.00039,0.00299,0.00000,0.00090,0.00645
1598871685.618674039840698,0.00237,0.00007,0.00151,0.00292,0.00008,0.00099,0.00795
1598871685.652876138687134,0.00243,0.00007,0.00057,0.00305,0.00000,0.00096,0.00707
1598871685.687530755996704,0.00205,0.00006,0.00221,0.00306,0.00000,0.00093,0.00831
1598871685.753606081008911,0.00264,0.00012,0.00024,0.00312,0.00000,0.00103,0.00715
1598871685.787931919097900,0.00246,0.00006,0.00005,0.00310,0.00001,0.00141,0.00709
1598871685.820929050445557,0.00297,0.00011,0.00038,0.00302,0.00062,0.00104,0.00814
1598871685.855769157409668,0.00240,0.00009,0.00001,0.00315,0.00000,0.00101,0.00666
1598871685.888372182846069,0.00237,0.00015,0.00047,0.00316,0.00000,0.00113,0.00727
1598871685.921993017196655,0.00265,0.00014,0.00476,0.00289,0.00000,0.00102,0.01146
1598871685.960099697113037,0.00218,0.00008,0.00193,0.00322,0.00004,0.00102,0.00847
1598871686.023931026458740,0.00260,0.00011,0.00136,0.00307,0.00008,0.00122,0.00844
1598871686.057190656661987,0.00206,0.00012,0.00059,0.00290,0.00004,0.00093,0.00664
1598871686.089658975601196,0.00266,0.00009,0.00126,0.00284,0.00036,0.00108,0.00830
1598871686.122859716415405,0.00245,0.00008,0.00001,0.00298,0.00059,0.00089,0.00701
1598871686.157969951629639,0.00230,0.00012,0.00231,0.00319,0.00000,0.00125,0.00917
1598871686.192118406295776,0.00251,0.00011,0.00001,0.00321,0.00000,0.00101,0.00684
1598871686.224531173706055,0.00234,0.00010,0.00001,0.00317,0.00000,0.00123,0.00685
1598871686.257511615753174,0.00262,0.00009,0.00038,0.00316,0.00000,0.00112,0.00737
1598871686.291689634323120,0.00246,0.00012,0.00006,0.00299,0.00009,0.00110,0.00683
1598871686.324857234954834,0.00176,0.00006,0.00012,0.00305,0.00007,0.00086,0.00593
1598871686.357928991317749,0.00234,0.00009,0.00493,0.00314,0.00000,0.00099,0.01149
1598871686.397296190261841,0.00237,0.00008,0.00205,0.00317,0.00000,0.00123,0.00889
1598871686.458737134933472,0.00265,0.00009,0.00161,0.00305,0.00000,0.00095,0.00835
1598871686.493428230285645,0.00254,0.00011,0.00118,0.00304,0.00000,0.00107,0.00793
1598871686.525813579559326,0.00230,0.00015,0.00132,0.00299,0.00008,0.00093,0.00777
1598871686.560698032379150,0.00230,0.00006,0.00001,0.00320,0.00000,0.00088,0.00646
1598871686.594240188598633,0.00243,0.00007,0.00221,0.00311,0.00000,0.00116,0.00899
1598871686.627022266387939,0.00204,0.00015,0.00006,0.00328,0.00000,0.00113,0.00666
1598871686.661839008331299,0.00248,0.00008,0.00001,0.00310,0.00000,0.00107,0.00674
1598871686.699652433395386,0.00248,0.00019,0.00062,0.00305,0.00000,0.00105,0.00740
1598871686.763374090194702,0.00257,0.00009,0.00003,0.00335,0.00015,0.00108,0.00726
1598871686.796903133392334,0.00256,0.00008,0.00031,0.00341,0.00000,0.00110,0.00746
1598871686.829202890396118,0.00250,0.00010,0.00450,0.00312,0.00000,0.00100,0.01121
1598871686.862114191055298,0.00221,0.00007,0.00242,0.00313,0.00000,0.00096,0.00879
1598871686.896465778350830,0.00198,0.00007,0.00163,0.00304,0.00000,0.00094,0.00766
1598871686.929085969924927,0.00268,0.00013,0.00121,0.00303,0.00000,0.00100,0.00805
1598871686.966129302978516,0.00186,0.00008,0.00137,0.00335,0.00008,0.00084,0.00757
1598871686.999040365219116,0.00247,0.00009,0.00001,0.00325,0.00000,0.00103,0.00685
1598871687.062888622283936,0.00251,0.00015,0.00229,0.00308,0.00000,0.00112,0.00915
1598871687.098613262176514,0.00167,0.00011,0.00004,0.00304,0.00000,0.00081,0.00567
1598871687.165000200271606,0.00235,0.00012,0.00027,0.00289,0.00008,0.00101,0.00671
1598871687.198685169219971,0.00239,0.00006,0.00096,0.00303,0.00007,0.00088,0.00738
1598871687.231743574142456,0.00226,0.00007,0.00017,0.00323,0.00000,0.00085,0.00658
1598871687.265066623687744,0.00247,0.00007,0.00004,0.00309,0.00000,0.00087,0.00655
1598871687.299841403961182,0.00217,0.00006,0.00393,0.00303,0.00000,0.00090,0.01010
1598871687.332823276519775,0.00236,0.00007,0.00195,0.00297,0.00008,0.00092,0.00836
1598871687.365923166275024,0.00244,0.00007,0.00161,0.00306,0.00000,0.00087,0.00806
1598871687.399348258972168,0.00228,0.00010,0.00067,0.00347,0.00000,0.00101,0.00752
1598871687.433330535888672,0.00240,0.00012,0.00112,0.00286,0.00008,0.00114,0.00772
1598871687.466493129730225,0.00241,0.00012,0.00001,0.00334,0.00000,0.00104,0.00692
1598871687.500812292098999,0.00238,0.00007,0.00213,0.00302,0.00008,0.00089,0.00859
1598871687.533777713775635,0.00234,0.00007,0.00001,0.00323,0.00000,0.00093,0.00657
1598871687.567141294479370,0.00193,0.00006,0.00001,0.00329,0.00000,0.00091,0.00620
1598871687.601623296737671,0.00218,0.00007,0.00007,0.00309,0.00000,0.00088,0.00628
1598871687.634669303894043,0.00210,0.00006,0.00001,0.00297,0.00000,0.00089,0.00604
1598871687.667975902557373,0.00208,0.00014,0.00010,0.00290,0.00008,0.00107,0.00637
1598871687.703870058059692,0.00254,0.00009,0.00371,0.00290,0.00002,0.00096,0.01023
1598871687.737279891967773,0.00202,0.00006,0.00182,0.00284,0.00003,0.00114,0.00790
1598871687.804255008697510,0.00227,0.00010,0.00119,0.00276,0.00060,0.00091,0.00783
1598871687.870714187622070,0.00229,0.00009,0.00034,0.00303,0.00003,0.00088,0.00665
1598871687.904186248779297,0.00224,0.00008,0.00097,0.00282,0.00010,0.00098,0.00720
1598871687.940328598022461,0.00238,0.00011,0.00001,0.00308,0.00000,0.00110,0.00669
1598871688.004524946212769,0.00234,0.00011,0.00197,0.00296,0.00004,0.00104,0.00847
1598871688.038482904434204,0.00185,0.00006,0.00004,0.00304,0.00000,0.00091,0.00592
1598871688.073182106018066,0.00214,0.00010,0.00001,0.00297,0.00000,0.00100,0.00622
1598871688.106130361557007,0.00189,0.00006,0.00031,0.00292,0.00003,0.00093,0.00614
1598871688.144017696380615,0.00229,0.00009,0.00006,0.00298,0.00010,0.00107,0.00659
1598871688.176393270492554,0.00197,0.00006,0.00001,0.00319,0.00003,0.00090,0.00617
1598871688.239614009857178,0.00215,0.00012,0.00369,0.00300,0.00060,0.00089,0.01044
1598871688.273474454879761,0.00220,0.00014,0.00187,0.00316,0.00000,0.00090,0.00826
1598871688.309083461761475,0.00231,0.00011,0.00127,0.00305,0.00000,0.00102,0.00776
1598871688.374948263168335,0.00227,0.00009,0.00014,0.00320,0.00000,0.00094,0.00664
1598871688.409769773483276,0.00213,0.00007,0.00086,0.00298,0.00008,0.00087,0.00700
1598871688.475466251373291,0.00253,0.00015,0.00001,0.00334,0.00000,0.00113,0.00716
1598871688.508116245269775,0.00245,0.00008,0.00167,0.00332,0.00000,0.00105,0.00857
1598871688.542489051818848,0.00212,0.00008,0.00001,0.00322,0.00000,0.00090,0.00633
1598871688.576785564422607,0.00220,0.00006,0.00001,0.00319,0.00000,0.00087,0.00633
1598871688.609985589981079,0.00234,0.00007,0.00006,0.00319,0.00000,0.00091,0.00658
1598871688.642370700836182,0.00266,0.00010,0.00001,0.00323,0.00000,0.00100,0.00700
1598871688.676609039306641,0.00237,0.00007,0.00005,0.00318,0.00000,0.00089,0.00656
1598871688.709859132766724,0.00222,0.00007,0.00355,0.00315,0.00000,0.00090,0.00989
1598871688.744232177734375,0.00202,0.00007,0.00177,0.00319,0.00000,0.00093,0.00798
1598871688.777272224426270,0.00235,0.00011,0.00142,0.00323,0.00000,0.00123,0.00835
1598871688.810386896133423,0.00211,0.00009,0.00010,0.00326,0.00000,0.00116,0.00673
1598871688.844617128372192,0.00217,0.00010,0.00015,0.00322,0.00000,0.00096,0.00660
1598871688.878274202346802,0.00220,0.00007,0.00001,0.00322,0.00000,0.00091,0.00641
1598871688.911629199981689,0.00242,0.00010,0.00171,0.00313,0.00000,0.00096,0.00832
1598871688.944839000701904,0.00228,0.00014,0.00001,0.00327,0.00000,0.00110,0.00680
1598871688.978815078735352,0.00222,0.00011,0.00001,0.00317,0.00000,0.00091,0.00642
1598871689.012542247772217,0.00220,0.00011,0.00008,0.00320,0.00000,0.00093,0.00651
1598871689.046809434890747,0.00247,0.00010,0.00001,0.00328,0.00000,0.00118,0.00704
1598871689.079120874404907,0.00178,0.00013,0.00005,0.00326,0.00000,0.00127,0.00649
1598871689.115049123764038,0.00189,0.00011,0.00362,0.00311,0.00000,0.00099,0.00972
1598871689.180556774139404,0.00219,0.00012,0.00160,0.00303,0.00000,0.00100,0.00794
1598871689.213452577590942,0.00217,0.00007,0.00125,0.00298,0.00008,0.00090,0.00744
1598871689.247794866561890,0.00199,0.00007,0.00010,0.00320,0.00000,0.00091,0.00627
1598871689.282209634780884,0.00207,0.00007,0.00012,0.00320,0.00000,0.00089,0.00636
1598871689.315008163452148,0.00232,0.00007,0.00001,0.00320,0.00000,0.00089,0.00649
1598871689.348666429519653,0.00242,0.00009,0.00178,0.00313,0.00000,0.00088,0.00830
1598871689.381652116775513,0.00221,0.00007,0.00001,0.00324,0.00000,0.00091,0.00644
1598871689.415902376174927,0.00238,0.00016,0.00001,0.00325,0.00000,0.00102,0.00682
1598871689.448563814163208,0.00226,0.00014,0.00007,0.00329,0.00000,0.00114,0.00690
1598871689.482933759689331,0.00213,0.00009,0.00001,0.00328,0.00000,0.00114,0.00665
1598871689.516283750534058,0.00235,0.00013,0.00007,0.00326,0.00000,0.00110,0.00692
1598871689.553253889083862,0.00239,0.00009,0.00341,0.00329,0.00000,0.00105,0.01023
1598871689.617789506912231,0.00239,0.00013,0.00163,0.00302,0.00000,0.00098,0.00815
1598871689.651936054229736,0.00254,0.00015,0.00133,0.00298,0.00008,0.00105,0.00813
1598871689.685735940933228,0.00221,0.00012,0.00012,0.00333,0.00000,0.00118,0.00697
1598871689.753098726272583,0.00229,0.00010,0.00013,0.00325,0.00000,0.00086,0.00663
1598871689.785495042800903,0.00223,0.00007,0.00001,0.00353,0.00000,0.00126,0.00709
1598871689.820173978805542,0.00245,0.00012,0.00172,0.00313,0.00000,0.00098,0.00841
1598871689.858568429946899,0.00231,0.00010,0.00001,0.00349,0.00000,0.00101,0.00693
1598871689.920271396636963,0.00265,0.00012,0.00001,0.00320,0.00000,0.00108,0.00707
1598871689.952877044677734,0.00221,0.00007,0.00006,0.00313,0.00000,0.00091,0.00639
1598871689.987401723861694,0.00222,0.00006,0.00001,0.00305,0.00000,0.00087,0.00621
1598871690.020663738250732,0.00234,0.00014,0.00010,0.00305,0.00008,0.00110,0.00681
1598871690.054584026336670,0.00222,0.00009,0.00343,0.00296,0.00000,0.00130,0.01001
1598871690.088519573211670,0.00203,0.00014,0.00186,0.00316,0.00000,0.00128,0.00848
1598871690.127165555953979,0.00245,0.00010,0.00073,0.00301,0.00000,0.00098,0.00727
1598871690.188274621963501,0.00225,0.00010,0.00012,0.00346,0.00021,0.00109,0.00723
1598871690.230015039443970,0.00229,0.00016,0.00017,0.00314,0.00000,0.00099,0.00676
1598871690.289051294326782,0.00212,0.00011,0.00001,0.00310,0.00000,0.00126,0.00661
1598871690.322859287261963,0.00237,0.00010,0.00173,0.00299,0.00008,0.00111,0.00839
1598871690.357847690582275,0.00227,0.00011,0.00001,0.00322,0.00000,0.00103,0.00664
1598871690.391337156295776,0.00239,0.00011,0.00005,0.00306,0.00000,0.00097,0.00658
1598871690.425911903381348,0.00190,0.00008,0.00005,0.00296,0.00003,0.00091,0.00594
1598871690.490947246551514,0.00246,0.00012,0.00001,0.00295,0.00000,0.00098,0.00653
1598871690.524559736251831,0.00188,0.00008,0.00028,0.00286,0.00010,0.00086,0.00606
1598871690.558581352233887,0.00231,0.00011,0.00304,0.00290,0.00013,0.00099,0.00949
1598871690.592571496963501,0.00215,0.00008,0.00163,0.00289,0.00012,0.00109,0.00796
1598871690.625593185424805,0.00180,0.00006,0.00060,0.00288,0.00009,0.00083,0.00625
1598871690.659639835357666,0.00197,0.00007,0.00005,0.00294,0.00004,0.00089,0.00596
1598871690.692912578582764,0.00190,0.00006,0.00009,0.00295,0.00005,0.00112,0.00618
1598871690.726251602172852,0.00186,0.00009,0.00001,0.00298,0.00000,0.00087,0.00581
1598871690.764497756958008,0.00194,0.00008,0.00138,0.00276,0.00006,0.00080,0.00703
1598871690.826489686965942,0.00195,0.00008,0.00003,0.00282,0.00000,0.00084,0.00572
1598871690.860570430755615,0.00184,0.00006,0.00002,0.00286,0.00008,0.00080,0.00567
1598871690.893830537796021,0.00178,0.00007,0.00009,0.00291,0.00004,0.00084,0.00573
1598871690.927139282226562,0.00245,0.00010,0.00001,0.00298,0.00000,0.00093,0.00647
1598871690.960468053817749,0.00225,0.00007,0.00001,0.00297,0.00004,0.00082,0.00615
1598871690.994587421417236,0.00311,0.00009,0.00304,0.00291,0.00062,0.00102,0.01079
1598871691.028496503829956,0.00271,0.00010,0.00187,0.00307,0.00003,0.00114,0.00891
1598871691.061872720718384,0.00246,0.00007,0.00062,0.00327,0.00005,0.00125,0.00771
1598871691.096693515777588,0.00335,0.00009,0.00017,0.00312,0.00002,0.00112,0.00787
1598871691.130717754364014,0.00335,0.00010,0.00012,0.00319,0.00004,0.00117,0.00797
1598871691.163527965545654,0.00242,0.00007,0.00001,0.00313,0.00000,0.00097,0.00659
1598871691.197342872619629,0.00230,0.00006,0.00123,0.00303,0.00003,0.00093,0.00758
1598871691.230034112930298,0.00230,0.00007,0.00004,0.00307,0.00000,0.00095,0.00643
1598871691.263574838638306,0.00237,0.00007,0.00001,0.00325,0.00000,0.00109,0.00679
1598871691.299544095993042,0.00210,0.00006,0.00004,0.00296,0.00002,0.00090,0.00609
1598871691.332434892654419,0.00217,0.00007,0.00001,0.00335,0.00000,0.00138,0.00699
1598871691.398257255554199,0.00248,0.00010,0.00679,0.00291,0.00065,0.00110,0.01402
1598871691.431135892868042,0.00241,0.00008,0.00297,0.00315,0.00000,0.00096,0.00958
1598871691.470680475234985,0.00273,0.00011,0.00179,0.00318,0.00000,0.00105,0.00886
1598871691.531958103179932,0.00249,0.00011,0.00074,0.00317,0.00000,0.00097,0.00748
1598871691.565641164779663,0.00195,0.00006,0.00008,0.00325,0.00000,0.00096,0.00630
1598871691.599838972091675,0.00237,0.00007,0.00014,0.00323,0.00000,0.00098,0.00679
1598871691.635473489761353,0.00230,0.00007,0.00001,0.00321,0.00000,0.00094,0.00652
1598871691.700865983963013,0.00268,0.00009,0.00139,0.00320,0.00000,0.00091,0.00827
1598871691.733538627624512,0.00238,0.00006,0.00003,0.00325,0.00000,0.00098,0.00671
1598871691.766069650650024,0.00210,0.00006,0.00001,0.00323,0.00000,0.00099,0.00638
1598871691.800516605377197,0.00258,0.00011,0.00007,0.00331,0.00000,0.00119,0.00726
1598871691.833994626998901,0.00266,0.00008,0.00004,0.00323,0.00000,0.00155,0.00757
1598871691.868008375167847,0.00259,0.00012,0.00568,0.00309,0.00000,0.00110,0.01257
1598871691.902101755142212,0.00259,0.00009,0.00270,0.00303,0.00000,0.00102,0.00943
1598871691.939907550811768,0.00271,0.00007,0.00158,0.00300,0.00009,0.00092,0.00838
1598871692.003788232803345,0.00246,0.00009,0.00005,0.00325,0.00000,0.00098,0.00683
1598871692.041526794433594,0.00255,0.00016,0.00042,0.00329,0.00000,0.00120,0.00762
1598871692.103897333145142,0.00249,0.00011,0.00068,0.00319,0.00000,0.00101,0.00748
1598871692.136625289916992,0.00217,0.00006,0.00001,0.00323,0.00000,0.00098,0.00646
1598871692.170481681823730,0.00264,0.00009,0.00168,0.00322,0.00000,0.00122,0.00886
1598871692.204787492752075,0.00328,0.00009,0.00001,0.00357,0.00000,0.00104,0.00799
1598871692.237253189086914,0.00220,0.00006,0.00001,0.00311,0.00000,0.00092,0.00630
1598871692.272249937057495,0.00254,0.00009,0.00012,0.00310,0.00008,0.00103,0.00696
1598871692.306211948394775,0.00238,0.00006,0.00001,0.00322,0.00000,0.00089,0.00657
1598871692.371903657913208,0.00436,0.00017,0.00561,0.00307,0.00000,0.00109,0.01431
1598871692.406767129898071,0.00273,0.00008,0.00283,0.00303,0.00000,0.00118,0.00986
1598871692.473553419113159,0.00267,0.00012,0.00257,0.00297,0.00009,0.00106,0.00949
1598871692.508076190948486,0.00240,0.00006,0.00030,0.00316,0.00000,0.00096,0.00689
1598871692.541436910629272,0.00234,0.00007,0.00085,0.00288,0.00000,0.00097,0.00712
1598871692.574695587158203,0.00235,0.00006,0.00131,0.00289,0.00000,0.00089,0.00751
1598871692.609032630920410,0.00258,0.00011,0.00010,0.00301,0.00022,0.00112,0.00714
1598871692.642369270324707,0.00244,0.00009,0.00191,0.00309,0.00000,0.00102,0.00856
1598871692.676947593688965,0.00203,0.00006,0.00015,0.00316,0.00000,0.00095,0.00636
1598871692.709612846374512,0.00237,0.00006,0.00001,0.00309,0.00000,0.00095,0.00648
1598871692.742777824401855,0.00222,0.00008,0.00060,0.00284,0.00008,0.00096,0.00678
1598871692.776503324508667,0.00257,0.00016,0.00009,0.00346,0.00004,0.00119,0.00750
1598871692.810815095901489,0.00226,0.00010,0.00635,0.00284,0.00058,0.00092,0.01305
1598871692.876057624816895,0.00260,0.00011,0.00305,0.00296,0.00000,0.00104,0.00977
1598871692.909058332443237,0.00237,0.00007,0.00245,0.00295,0.00008,0.00091,0.00883
1598871692.943889141082764,0.00224,0.00006,0.00030,0.00313,0.00000,0.00100,0.00674
1598871692.976384639739990,0.00198,0.00007,0.00083,0.00286,0.00000,0.00097,0.00672
1598871693.009827852249146,0.00224,0.00007,0.00122,0.00287,0.00000,0.00108,0.00749
1598871693.043493032455444,0.00271,0.00011,0.00015,0.00295,0.00019,0.00106,0.00717
1598871693.076826333999634,0.00278,0.00009,0.00198,0.00298,0.00000,0.00096,0.00880
1598871693.112101793289185,0.00222,0.00012,0.00002,0.00295,0.00000,0.00096,0.00626
1598871693.144491672515869,0.00241,0.00008,0.00007,0.00289,0.00008,0.00115,0.00668
1598871693.178363084793091,0.00225,0.00012,0.00034,0.00283,0.00033,0.00090,0.00677
1598871693.211568593978882,0.00215,0.00007,0.00001,0.00293,0.00011,0.00096,0.00622
1598871693.249257087707520,0.00197,0.00006,0.00577,0.00275,0.00072,0.00096,0.01223
1598871693.313428640365601,0.00271,0.00013,0.00304,0.00301,0.00000,0.00125,0.01014
1598871693.348000526428223,0.00249,0.00009,0.00297,0.00329,0.00000,0.00104,0.00987
1598871693.383401632308960,0.00245,0.00013,0.00052,0.00287,0.00014,0.00113,0.00724
1598871693.447037935256958,0.00220,0.00009,0.00086,0.00287,0.00000,0.00099,0.00701
1598871693.480841875076294,0.00223,0.00008,0.00125,0.00318,0.00000,0.00093,0.00766
1598871693.513462543487549,0.00259,0.00010,0.00004,0.00293,0.00009,0.00101,0.00677
1598871693.547847986221313,0.00202,0.00009,0.00193,0.00297,0.00007,0.00094,0.00802
1598871693.580796480178833,0.00224,0.00009,0.00001,0.00282,0.00000,0.00097,0.00613
1598871693.614889383316040,0.00229,0.00007,0.00001,0.00284,0.00000,0.00095,0.00616
1598871693.648336410522461,0.00207,0.00007,0.00058,0.00279,0.00009,0.00095,0.00656
1598871693.682466030120850,0.00243,0.00011,0.00002,0.00292,0.00013,0.00105,0.00665
1598871693.715752124786377,0.00249,0.00013,0.00487,0.00273,0.00117,0.00101,0.01239
1598871693.748768568038940,0.00244,0.00009,0.00300,0.00319,0.00000,0.00096,0.00967
1598871693.782896518707275,0.00254,0.00012,0.00234,0.00298,0.00008,0.00114,0.00920
1598871693.818319320678711,0.00217,0.00012,0.00034,0.00311,0.00000,0.00154,0.00728
1598871693.883919954299927,0.00289,0.00013,0.00093,0.00305,0.00000,0.00120,0.00818
1598871693.917854785919189,0.00235,0.00011,0.00065,0.00320,0.00008,0.00098,0.00737
1598871693.950943946838379,0.00208,0.00007,0.00001,0.00321,0.00000,0.00086,0.00623
1598871693.987626075744629,0.00202,0.00007,0.00169,0.00300,0.00000,0.00089,0.00767
1598871694.020663022994995,0.00218,0.00006,0.00001,0.00309,0.00000,0.00089,0.00623
1598871694.054029464721680,0.00222,0.00008,0.00002,0.00299,0.00008,0.00085,0.00624
1598871694.089447736740112,0.00266,0.00011,0.00123,0.00311,0.00000,0.00102,0.00813
1598871694.156133174896240,0.00243,0.00011,0.00068,0.00299,0.00000,0.00096,0.00718
1598871694.188543081283569,0.00186,0.00006,0.00448,0.00302,0.00000,0.00091,0.01034
1598871694.253622770309448,0.00230,0.00011,0.00277,0.00294,0.00008,0.00093,0.00912
1598871694.288613080978394,0.00216,0.00006,0.00199,0.00309,0.00000,0.00108,0.00838
1598871694.322378635406494,0.00255,0.00015,0.00036,0.00320,0.00000,0.00133,0.00758
1598871694.387487649917603,0.00296,0.00012,0.00065,0.00316,0.00000,0.00099,0.00788
1598871694.421839952468872,0.00235,0.00011,0.00063,0.00295,0.00008,0.00090,0.00702
1598871694.454690933227539,0.00193,0.00006,0.00001,0.00312,0.00000,0.00091,0.00603
1598871694.489969015121460,0.00223,0.00009,0.00142,0.00305,0.00001,0.00090,0.00770
1598871694.522274971008301,0.00291,0.00011,0.00006,0.00294,0.00001,0.00099,0.00701
1598871694.555645942687988,0.00214,0.00006,0.00003,0.00289,0.00008,0.00095,0.00615
1598871694.588943243026733,0.00208,0.00006,0.00033,0.00298,0.00067,0.00144,0.00755
1598871694.622518301010132,0.00234,0.00008,0.00001,0.00337,0.00059,0.00097,0.00738
1598871694.656265735626221,0.00211,0.00012,0.00409,0.00353,0.00000,0.00101,0.01086
1598871694.689878940582275,0.00235,0.00008,0.00230,0.00335,0.00000,0.00099,0.00907
1598871694.727691888809204,0.00214,0.00008,0.00140,0.00307,0.00007,0.00091,0.00768
1598871694.790740966796875,0.00257,0.00016,0.00008,0.00338,0.00000,0.00127,0.00747
1598871694.824419260025024,0.00217,0.00010,0.00008,0.00330,0.00000,0.00112,0.00677
1598871694.857142210006714,0.00241,0.00011,0.00010,0.00334,0.00000,0.00111,0.00707
1598871694.892047882080078,0.00246,0.00011,0.00001,0.00338,0.00000,0.00109,0.00705
1598871694.958395719528198,0.00249,0.00015,0.00128,0.00317,0.00000,0.00104,0.00814
1598871694.992773294448853,0.00214,0.00007,0.00008,0.00315,0.00000,0.00098,0.00643
1598871695.026678085327148,0.00187,0.00006,0.00001,0.00315,0.00000,0.00091,0.00600
1598871695.059804439544678,0.00225,0.00006,0.00042,0.00309,0.00010,0.00087,0.00679
1598871695.093786001205444,0.00243,0.00015,0.00001,0.00318,0.00000,0.00108,0.00685
1598871695.163949489593506,0.00230,0.00014,0.00288,0.00291,0.00060,0.00101,0.00984
1598871695.196511268615723,0.00219,0.00007,0.00242,0.00307,0.00000,0.00090,0.00865
1598871695.260454893112183,0.00230,0.00008,0.00209,0.00312,0.00007,0.00090,0.00856
1598871695.299614429473877,0.00226,0.00009,0.00030,0.00329,0.00000,0.00149,0.00743
1598871695.366434335708618,0.00286,0.00012,0.00009,0.00341,0.00000,0.00097,0.00746
1598871695.428190946578979,0.00244,0.00012,0.00010,0.00322,0.00000,0.00091,0.00679
1598871695.466403961181641,0.00241,0.00011,0.00001,0.00326,0.00000,0.00100,0.00679
1598871695.529557466506958,0.00227,0.00010,0.00164,0.00309,0.00008,0.00130,0.00849
1598871695.564928531646729,0.00205,0.00012,0.00004,0.00329,0.00000,0.00107,0.00658
1598871695.597533941268921,0.00223,0.00011,0.00001,0.00332,0.00000,0.00095,0.00662
1598871695.630300283432007,0.00207,0.00007,0.00050,0.00329,0.00000,0.00116,0.00709
1598871695.662945747375488,0.00222,0.00009,0.00001,0.00351,0.00000,0.00139,0.00722
1598871695.697273015975952,0.00204,0.00010,0.00217,0.00309,0.00000,0.00110,0.00851
1598871695.731630325317383,0.00238,0.00013,0.00261,0.00312,0.00008,0.00102,0.00934
1598871695.764737844467163,0.00227,0.00010,0.00215,0.00325,0.00000,0.00106,0.00883
1598871695.799052000045776,0.00207,0.00008,0.00030,0.00330,0.00000,0.00085,0.00661
1598871695.831909656524658,0.00233,0.00007,0.00034,0.00315,0.00000,0.00086,0.00674
1598871695.865464448928833,0.00193,0.00009,0.00044,0.00333,0.00000,0.00130,0.00709
1598871695.900068521499634,0.00196,0.00010,0.00007,0.00329,0.00009,0.00090,0.00642
1598871695.932907819747925,0.00242,0.00011,0.00175,0.00322,0.00000,0.00112,0.00862
1598871695.966780900955200,0.00184,0.00007,0.00030,0.00327,0.00000,0.00089,0.00636
1598871696.000452041625977,0.00204,0.00008,0.00001,0.00314,0.00000,0.00084,0.00612
1598871696.033736228942871,0.00216,0.00007,0.00042,0.00313,0.00000,0.00089,0.00668
1598871696.067663431167603,0.00215,0.00008,0.00003,0.00317,0.00008,0.00086,0.00638
1598871696.100976228713989,0.00224,0.00016,0.00240,0.00327,0.00000,0.00114,0.00921
1598871696.139353036880493,0.00239,0.00013,0.00263,0.00312,0.00000,0.00100,0.00927
1598871696.202246665954590,0.00245,0.00008,0.00211,0.00309,0.00000,0.00089,0.00862
1598871696.236022949218750,0.00207,0.00008,0.00031,0.00317,0.00008,0.00085,0.00655
1598871696.268622398376465,0.00234,0.00011,0.00093,0.00313,0.00000,0.00108,0.00759
1598871696.303672552108765,0.00229,0.00013,0.00062,0.00303,0.00000,0.00106,0.00713
1598871696.337807416915894,0.00206,0.00012,0.00011,0.00312,0.00009,0.00103,0.00654
1598871696.405740737915039,0.00228,0.00013,0.00175,0.00300,0.00008,0.00092,0.00815
1598871696.471137046813965,0.00246,0.00013,0.00036,0.00315,0.00000,0.00096,0.00705
1598871696.504925966262817,0.00190,0.00008,0.00002,0.00319,0.00008,0.00089,0.00618
1598871696.537657976150513,0.00212,0.00006,0.00079,0.00319,0.00000,0.00085,0.00702
1598871696.571148633956909,0.00225,0.00009,0.00001,0.00328,0.00000,0.00085,0.00647
1598871696.604043006896973,0.00224,0.00011,0.00201,0.00323,0.00000,0.00110,0.00870
1598871696.639415979385376,0.00225,0.00010,0.00247,0.00306,0.00000,0.00093,0.00881
1598871696.672530412673950,0.00227,0.00011,0.00219,0.00308,0.00000,0.00095,0.00859
1598871696.705367803573608,0.00232,0.00008,0.00032,0.00316,0.00008,0.00087,0.00683
1598871696.739463090896606,0.00212,0.00008,0.00034,0.00323,0.00000,0.00089,0.00667
1598871696.773550987243652,0.00273,0.00016,0.00012,0.00348,0.00000,0.00118,0.00766
1598871696.807011365890503,0.00225,0.00010,0.00001,0.00328,0.00000,0.00105,0.00669
1598871696.840066909790039,0.00249,0.00017,0.00150,0.00322,0.00000,0.00107,0.00846
1598871696.874047040939331,0.00221,0.00010,0.00004,0.00331,0.00000,0.00109,0.00676
1598871696.907345056533813,0.00181,0.00009,0.00001,0.00333,0.00000,0.00088,0.00612
1598871696.941626548767090,0.00206,0.00010,0.00016,0.00327,0.00000,0.00097,0.00657
1598871696.979506015777588,0.00230,0.00014,0.00001,0.00332,0.00000,0.00111,0.00688
1598871697.012406110763550,0.00242,0.00010,0.00193,0.00303,0.00000,0.00093,0.00840
1598871697.078447580337524,0.00208,0.00011,0.00218,0.00301,0.00000,0.00091,0.00829
1598871697.144742965698242,0.00250,0.00012,0.00147,0.00300,0.00013,0.00097,0.00820
1598871697.210319280624390,0.00236,0.00014,0.00034,0.00325,0.00000,0.00096,0.00706
1598871697.245277643203735,0.00250,0.00006,0.00007,0.00326,0.00000,0.00087,0.00677
1598871697.280262947082520,0.00220,0.00017,0.00012,0.00345,0.00000,0.00122,0.00717
1598871697.347145318984985,0.00231,0.00012,0.00001,0.00352,0.00000,0.00107,0.00703
1598871697.410801887512207,0.00229,0.00013,0.00161,0.00309,0.00000,0.00096,0.00808
1598871697.446576595306396,0.00217,0.00006,0.00034,0.00300,0.00008,0.00085,0.00650
1598871697.482219696044922,0.00199,0.00009,0.00001,0.00310,0.00000,0.00081,0.00599
1598871697.547463178634644,0.00206,0.00009,0.00064,0.00308,0.00007,0.00093,0.00687
1598871697.580005168914795,0.00245,0.00012,0.00004,0.00324,0.00009,0.00091,0.00686
1598871697.646679162979126,0.00219,0.00008,0.00185,0.00330,0.00000,0.00084,0.00827
1598871697.681919574737549,0.00239,0.00015,0.00255,0.00332,0.00000,0.00111,0.00951
1598871697.715502023696899,0.00241,0.00010,0.00188,0.00329,0.00000,0.00095,0.00863
1598871697.748551130294800,0.00244,0.00014,0.00038,0.00342,0.00000,0.00115,0.00753
1598871697.814419746398926,0.00240,0.00012,0.00009,0.00337,0.00000,0.00146,0.00743
1598871697.848304510116577,0.00259,0.00010,0.00008,0.00328,0.00000,0.00096,0.00700
1598871697.881910562515259,0.00219,0.00007,0.00001,0.00317,0.00000,0.00089,0.00633
1598871697.914842605590820,0.00183,0.00009,0.00158,0.00308,0.00008,0.00085,0.00750
1598871697.950331211090088,0.00206,0.00006,0.00007,0.00324,0.00007,0.00134,0.00684
1598871698.015722513198853,0.00228,0.00012,0.00001,0.00325,0.00000,0.00094,0.00660
1598871698.049755573272705,0.00215,0.00007,0.00062,0.00319,0.00000,0.00085,0.00688
1598871698.082279443740845,0.00265,0.00009,0.00003,0.00319,0.00008,0.00087,0.00691
1598871698.116108655929565,0.00251,0.00010,0.00189,0.00330,0.00000,0.00096,0.00876
1598871698.149774312973022,0.00217,0.00009,0.00239,0.00328,0.00000,0.00088,0.00880
1598871698.184037685394287,0.00222,0.00009,0.00180,0.00315,0.00000,0.00135,0.00862
1598871698.216740369796753,0.00206,0.00011,0.00035,0.00354,0.00015,0.00101,0.00722
1598871698.251196146011353,0.00229,0.00010,0.00025,0.00319,0.00000,0.00094,0.00678
1598871698.284662246704102,0.00230,0.00007,0.00007,0.00309,0.00010,0.00089,0.00652
1598871698.320348501205444,0.00251,0.00007,0.00001,0.00350,0.00000,0.00109,0.00718
1598871698.355125188827515,0.00204,0.00011,0.00148,0.00308,0.00002,0.00108,0.00782
1598871698.388117074966431,0.00261,0.00008,0.00001,0.00300,0.00003,0.00089,0.00662
1598871698.453562259674072,0.00216,0.00008,0.00001,0.00292,0.00000,0.00085,0.00602
1598871698.519612789154053,0.00233,0.00014,0.00012,0.00292,0.00067,0.00093,0.00710
1598871698.553058385848999,0.00248,0.00010,0.00004,0.00310,0.00009,0.00108,0.00690
1598871698.586288452148438,0.00195,0.00009,0.00173,0.00297,0.00057,0.00086,0.00817
1598871698.619721651077271,0.00250,0.00010,0.00267,0.00308,0.00008,0.00108,0.00952
1598871698.654288291931152,0.00239,0.00010,0.00217,0.00316,0.00000,0.00095,0.00877
1598871698.687641620635986,0.00217,0.00007,0.00035,0.00309,0.00000,0.00089,0.00657
1598871698.721588134765625,0.00224,0.00015,0.00015,0.00308,0.00041,0.00107,0.00711
1598871698.754791975021362,0.00248,0.00012,0.00040,0.00317,0.00000,0.00098,0.00715
1598871698.788588047027588,0.00206,0.00007,0.00004,0.00317,0.00008,0.00109,0.00651
1598871698.821956634521484,0.00287,0.00016,0.00169,0.00326,0.00000,0.00110,0.00909
1598871698.857442140579224,0.00261,0.00011,0.00031,0.00327,0.00000,0.00109,0.00737
1598871698.922747611999512,0.00255,0.00016,0.00006,0.00318,0.00000,0.00108,0.00703
1598871698.957018136978149,0.00240,0.00012,0.00039,0.00303,0.00008,0.00119,0.00722
1598871698.989665985107422,0.00241,0.00015,0.00004,0.00329,0.00010,0.00100,0.00697
1598871699.023116350173950,0.00245,0.00009,0.00171,0.00325,0.00000,0.00102,0.00852
1598871699.061932086944580,0.00280,0.00010,0.00238,0.00330,0.00000,0.00107,0.00966
1598871699.124259948730469,0.00245,0.00016,0.00223,0.00301,0.00000,0.00095,0.00879
1598871699.158195495605469,0.00245,0.00012,0.00035,0.00314,0.00000,0.00102,0.00708
1598871699.191549777984619,0.00231,0.00009,0.00038,0.00299,0.00013,0.00095,0.00686
1598871699.225224971771240,0.00189,0.00009,0.00110,0.00320,0.00000,0.00087,0.00714
1598871699.259730577468872,0.00214,0.00007,0.00278,0.00358,0.00000,0.00140,0.00997
1598871699.292907476425171,0.00660,0.00012,0.00178,0.00302,0.00000,0.00101,0.01253
1598871699.328000545501709,0.00276,0.00014,0.00043,0.00312,0.00000,0.00109,0.00753
1598871699.396884679794312,0.00236,0.00013,0.00005,0.00305,0.00014,0.00100,0.00674
1598871699.460782051086426,0.00230,0.00008,0.00073,0.00310,0.00000,0.00090,0.00711
1598871699.494647979736328,0.00210,0.00009,0.00036,0.00308,0.00000,0.00086,0.00649
1598871699.528025388717651,0.00222,0.00006,0.00132,0.00291,0.00007,0.00129,0.00788
1598871699.561113119125366,0.00262,0.00010,0.00190,0.00301,0.00002,0.00099,0.00864
1598871699.594811916351318,0.00215,0.00012,0.00229,0.00292,0.00011,0.00110,0.00868
1598871699.628435850143433,0.00156,0.00008,0.00001,0.00296,0.00034,0.00080,0.00575
1598871699.696368932723999,0.00264,0.00012,0.00017,0.00346,0.00008,0.00104,0.00751
1598871699.730944871902466,0.00266,0.00012,0.00048,0.00303,0.00000,0.00106,0.00736
1598871699.796753644943237,0.00214,0.00012,0.00217,0.00284,0.00115,0.00084,0.00926
1598871699.830627441406250,0.00246,0.00017,0.00184,0.00319,0.00000,0.00093,0.00860
1598871699.864220857620239,0.00237,0.00010,0.00013,0.00330,0.00008,0.00089,0.00688
1598871699.900741577148438,0.00243,0.00012,0.00053,0.00337,0.00000,0.00105,0.00751
1598871699.963916301727295,0.00233,0.00011,0.00037,0.00329,0.00000,0.00093,0.00704
1598871699.998348474502563,0.00212,0.00010,0.00003,0.00314,0.00008,0.00097,0.00645
1598871700.031904935836792,0.00242,0.00016,0.00075,0.00323,0.00000,0.00113,0.00769
1598871700.065320014953613,0.00259,0.00010,0.00216,0.00299,0.00002,0.00116,0.00903
1598871700.099235773086548,0.00258,0.00011,0.00232,0.00323,0.00014,0.00108,0.00946
1598871700.132610321044922,0.00248,0.00015,0.00006,0.00286,0.00000,0.00091,0.00646
1598871700.165888786315918,0.00222,0.00008,0.00001,0.00306,0.00006,0.00118,0.00662
1598871700.199826717376709,0.00230,0.00009,0.00003,0.00277,0.00014,0.00096,0.00629
1598871700.233530282974243,0.00264,0.00011,0.00186,0.00295,0.00175,0.00111,0.01042
1598871700.266633987426758,0.00268,0.00009,0.00169,0.00337,0.00000,0.00094,0.00877
1598871700.307011842727661,0.00242,0.00014,0.00010,0.00328,0.00000,0.00098,0.00693
1598871700.367148876190186,0.00254,0.00012,0.00006,0.00341,0.00000,0.00108,0.00722
1598871700.401363372802734,0.00242,0.00011,0.00040,0.00356,0.00008,0.00102,0.00759
1598871700.434305191040039,0.00192,0.00009,0.00001,0.00376,0.00000,0.00121,0.00698
1598871700.467957019805908,0.00266,0.00009,0.00276,0.00318,0.00000,0.00099,0.00968
1598871700.501892566680908,0.00230,0.00014,0.00245,0.00323,0.00000,0.00109,0.00922
1598871700.536037445068359,0.00230,0.00010,0.00195,0.00321,0.00008,0.00110,0.00874
1598871700.570306777954102,0.00230,0.00015,0.00001,0.00337,0.00000,0.00118,0.00700
1598871700.603768825531006,0.00244,0.00009,0.00007,0.00330,0.00000,0.00101,0.00691
1598871700.637285947799683,0.00218,0.00015,0.00015,0.00317,0.00008,0.00107,0.00680
1598871700.670386791229248,0.00223,0.00009,0.00174,0.00304,0.00000,0.00089,0.00799
1598871700.706928253173828,0.00214,0.00010,0.00172,0.00293,0.00008,0.00095,0.00792
1598871700.773700475692749,0.00281,0.00016,0.00012,0.00305,0.00008,0.00088,0.00710
1598871700.808548927307129,0.00240,0.00014,0.00019,0.00302,0.00008,0.00095,0.00679
1598871700.872510671615601,0.00236,0.00013,0.00042,0.00299,0.00002,0.00086,0.00678
1598871700.905188083648682,0.00225,0.00009,0.00032,0.00284,0.00007,0.00110,0.00668
1598871700.942231655120850,0.00225,0.00011,0.00323,0.00285,0.00059,0.00110,0.01013
1598871700.974510908126831,0.00226,0.00010,0.00241,0.00333,0.00010,0.00106,0.00926
1598871701.007629871368408,0.00231,0.00016,0.00142,0.00311,0.00010,0.00107,0.00818
1598871701.040161371231079,0.00214,0.00012,0.00001,0.00323,0.00000,0.00093,0.00644
1598871701.073734760284424,0.00232,0.00010,0.00006,0.00324,0.00002,0.00105,0.00680
1598871701.106957435607910,0.00195,0.00008,0.00006,0.00351,0.00005,0.00123,0.00688
1598871701.140565156936646,0.00231,0.00015,0.00152,0.00305,0.00058,0.00093,0.00854
1598871701.174420118331909,0.00237,0.00009,0.00145,0.00353,0.00003,0.00096,0.00842
1598871701.209149599075317,0.00237,0.00015,0.00006,0.00341,0.00004,0.00107,0.00711
1598871701.241602659225464,0.00238,0.00012,0.00003,0.00329,0.00000,0.00103,0.00686
1598871701.275833368301392,0.00266,0.00010,0.00011,0.00339,0.00027,0.00104,0.00756
1598871701.312297344207764,0.00235,0.00011,0.00013,0.00324,0.00000,0.00110,0.00693
1598871701.377360343933105,0.00237,0.00008,0.00279,0.00346,0.00070,0.00104,0.01044
1598871701.412440776824951,0.00261,0.00011,0.00208,0.00294,0.00000,0.00089,0.00864
1598871701.480593204498291,0.00242,0.00011,0.00098,0.00267,0.00067,0.00098,0.00783
1598871701.543378353118896,0.00261,0.00009,0.00037,0.00289,0.00000,0.00130,0.00727
1598871701.578368902206421,0.00229,0.00011,0.00012,0.00288,0.00011,0.00104,0.00655
1598871701.611425876617432,0.00220,0.00009,0.00001,0.00298,0.00009,0.00107,0.00645
1598871701.645055532455444,0.00229,0.00007,0.00014,0.00311,0.00138,0.00112,0.00810
1598871701.678630113601685,0.00213,0.00010,0.00161,0.00317,0.00002,0.00107,0.00810
1598871701.711947917938232,0.00236,0.00007,0.00035,0.00299,0.00033,0.00088,0.00698
1598871701.749254465103149,0.00238,0.00014,0.00167,0.00302,0.00011,0.00110,0.00842
1598871701.812505245208740,0.00241,0.00013,0.00011,0.00296,0.00015,0.00129,0.00705
1598871701.847705364227295,0.00239,0.00013,0.00015,0.00301,0.00000,0.00119,0.00687
1598871701.881480932235718,0.00161,0.00012,0.00139,0.00275,0.00100,0.00077,0.00763
1598871701.947906255722046,0.00258,0.00011,0.00130,0.00301,0.00000,0.00087,0.00789
1598871702.015512704849243,0.00233,0.00013,0.00226,0.00279,0.00008,0.00101,0.00861
1598871702.047857284545898,0.00236,0.00015,0.00029,0.00278,0.00008,0.00102,0.00669
1598871702.080807685852051,0.00240,0.00011,0.00054,0.00287,0.00015,0.00095,0.00702
1598871702.114534139633179,0.00243,0.00007,0.00071,0.00319,0.00022,0.00114,0.00776
1598871702.148257493972778,0.00237,0.00008,0.00002,0.00297,0.00003,0.00090,0.00638
1598871702.181023120880127,0.00249,0.00016,0.00151,0.00292,0.00004,0.00111,0.00821
1598871702.214396715164185,0.00212,0.00009,0.00006,0.00313,0.00110,0.00083,0.00734
1598871702.249464988708496,0.00242,0.00009,0.00156,0.00326,0.00000,0.00096,0.00829
1598871702.281789779663086,0.00201,0.00007,0.00061,0.00300,0.00000,0.00083,0.00652
1598871702.320825099945068,0.00233,0.00010,0.00001,0.00324,0.00000,0.00147,0.00715
1598871702.382965564727783,0.00248,0.00012,0.00166,0.00291,0.00016,0.00094,0.00827
1598871702.416970491409302,0.00221,0.00012,0.00143,0.00273,0.00009,0.00101,0.00758
1598871702.449863433837891,0.00215,0.00007,0.00221,0.00252,0.00012,0.00137,0.00845
1598871702.483182430267334,0.00235,0.00009,0.00008,0.00301,0.00017,0.00096,0.00666
1598871702.516746044158936,0.00206,0.00009,0.00072,0.00241,0.00039,0.00100,0.00667
1598871702.550657510757446,0.00206,0.00007,0.00057,0.00227,0.00056,0.00084,0.00637
1598871702.584386348724365,0.00244,0.00014,0.00024,0.00239,0.00062,0.00101,0.00685
1598871702.618081092834473,0.00225,0.00010,0.00159,0.00267,0.00038,0.00098,0.00798
1598871702.652467727661133,0.00226,0.00016,0.00005,0.00269,0.00003,0.00147,0.00667
1598871702.685445070266724,0.00205,0.00008,0.00063,0.00257,0.00172,0.00097,0.00802
1598871702.718909978866577,0.00232,0.00010,0.00125,0.00293,0.00000,0.00093,0.00753
1598871702.752762317657471,0.00191,0.00009,0.00001,0.00291,0.00035,0.00080,0.00607
1598871702.785981893539429,0.00230,0.00014,0.00214,0.00292,0.00013,0.00083,0.00847
1598871702.819633245468140,0.00234,0.00009,0.00138,0.00281,0.00063,0.00088,0.00813
1598871702.854075431823730,0.00243,0.00007,0.00195,0.00314,0.00000,0.00111,0.00871
1598871702.886507034301758,0.00251,0.00010,0.00006,0.00293,0.00007,0.00097,0.00665
1598871702.955045223236084,0.00261,0.00017,0.00081,0.00283,0.00000,0.00104,0.00747
1598871702.988285779953003,0.00253,0.00011,0.00103,0.00245,0.00007,0.00095,0.00714
1598871703.021013259887695,0.00219,0.00007,0.00021,0.00260,0.00022,0.00088,0.00617
1598871703.057778358459473,0.00206,0.00006,0.00164,0.00264,0.00005,0.00091,0.00737
1598871703.122128248214722,0.00220,0.00013,0.00024,0.00263,0.00013,0.00106,0.00638
1598871703.156475782394409,0.00243,0.00014,0.00003,0.00251,0.00097,0.00085,0.00693
1598871703.192673206329346,0.00218,0.00011,0.00001,0.00290,0.00093,0.00094,0.00707
1598871703.257800579071045,0.00221,0.00008,0.00136,0.00334,0.00000,0.00114,0.00814
1598871703.290440797805786,0.00246,0.00008,0.00214,0.00294,0.00016,0.00096,0.00875
1598871703.323970794677734,0.00244,0.00010,0.00147,0.00275,0.00059,0.00105,0.00840
1598871703.359503507614136,0.00235,0.00010,0.00252,0.00286,0.00069,0.00105,0.00957
1598871703.392199993133545,0.00231,0.00010,0.00008,0.00284,0.00013,0.00104,0.00650
1598871703.424798488616943,0.00276,0.00006,0.00039,0.00298,0.00007,0.00091,0.00718
1598871703.458691835403442,0.00215,0.00007,0.00089,0.00299,0.00007,0.00087,0.00704
1598871703.491710186004639,0.00253,0.00016,0.00221,0.00318,0.00008,0.00111,0.00928
1598871703.525328874588013,0.00229,0.00011,0.00213,0.00332,0.00000,0.00093,0.00878
1598871703.559800148010254,0.00244,0.00009,0.00030,0.00313,0.00000,0.00098,0.00693
1598871703.625420093536377,0.00248,0.00012,0.00009,0.00308,0.00008,0.00093,0.00678
1598871703.659569263458252,0.00220,0.00008,0.00003,0.00292,0.00000,0.00088,0.00610
1598871703.692260742187500,0.00251,0.00009,0.00168,0.00269,0.00117,0.00104,0.00918
1598871703.725306034088135,0.00173,0.00009,0.00247,0.00320,0.00014,0.00082,0.00845
1598871703.758896589279175,0.00222,0.00008,0.00131,0.00337,0.00017,0.00093,0.00809
1598871703.792602300643921,0.00235,0.00009,0.00191,0.00317,0.00000,0.00109,0.00861
1598871703.825812578201294,0.00223,0.00007,0.00003,0.00338,0.00008,0.00084,0.00664
1598871703.858838796615601,0.00224,0.00008,0.00034,0.00327,0.00000,0.00110,0.00703
1598871703.892883300781250,0.00214,0.00008,0.00130,0.00306,0.00037,0.00087,0.00782
1598871703.926119565963745,0.00225,0.00009,0.00178,0.00348,0.00000,0.00121,0.00881
1598871703.959542751312256,0.00227,0.00011,0.00208,0.00320,0.00007,0.00092,0.00866
1598871703.993511915206909,0.00240,0.00011,0.00061,0.00320,0.00000,0.00085,0.00717
1598871704.059079408645630,0.00258,0.00008,0.00001,0.00341,0.00005,0.00085,0.00697
1598871704.092700481414795,0.00221,0.00007,0.00001,0.00309,0.00000,0.00085,0.00622
1598871704.125702142715454,0.00189,0.00006,0.00150,0.00301,0.00066,0.00087,0.00799
1598871704.159668684005737,0.00263,0.00009,0.00187,0.00370,0.00000,0.00101,0.00931
1598871704.192862033843994,0.00227,0.00011,0.00119,0.00318,0.00000,0.00087,0.00762
1598871704.225718498229980,0.00220,0.00010,0.00183,0.00327,0.00036,0.00140,0.00915
1598871704.259048461914062,0.00236,0.00008,0.00001,0.00335,0.00000,0.00094,0.00673
1598871704.298829078674316,0.00271,0.00007,0.00056,0.00317,0.00000,0.00101,0.00753
1598871704.363916158676147,0.00241,0.00018,0.00335,0.00314,0.00000,0.00102,0.01010
1598871704.425753355026245,0.00274,0.00012,0.00191,0.00319,0.00008,0.00096,0.00901
1598871704.459631919860840,0.00231,0.00006,0.00230,0.00335,0.00000,0.00122,0.00925
1598871704.493046998977661,0.00259,0.00011,0.00072,0.00332,0.00000,0.00092,0.00766
1598871704.525959014892578,0.00193,0.00006,0.00005,0.00334,0.00000,0.00090,0.00629
1598871704.560016632080078,0.00222,0.00006,0.00001,0.00364,0.00000,0.00084,0.00677
1598871704.592817783355713,0.00222,0.00008,0.00125,0.00327,0.00000,0.00083,0.00766
1598871704.625753402709961,0.00187,0.00006,0.00180,0.00328,0.00000,0.00085,0.00786
1598871704.659238100051880,0.00226,0.00006,0.00090,0.00327,0.00000,0.00087,0.00736
1598871704.692782402038574,0.00238,0.00010,0.00183,0.00328,0.00000,0.00098,0.00858
1598871704.726453781127930,0.00226,0.00011,0.00016,0.00339,0.00000,0.00114,0.00707
1598871704.760112524032593,0.00237,0.00006,0.00031,0.00333,0.00000,0.00088,0.00696
1598871704.799825668334961,0.00217,0.00007,0.00325,0.00361,0.00000,0.00115,0.01025
1598871704.861625432968140,0.00243,0.00010,0.00184,0.00324,0.00000,0.00091,0.00853
1598871704.895103693008423,0.00191,0.00006,0.00196,0.00325,0.00000,0.00093,0.00811
1598871704.928056001663208,0.00242,0.00006,0.00007,0.00314,0.00000,0.00085,0.00656
1598871704.962882518768311,0.00188,0.00007,0.00001,0.00330,0.00003,0.00087,0.00616
1598871704.995839118957520,0.00215,0.00006,0.00001,0.00331,0.00000,0.00085,0.00639
1598871705.029344797134399,0.00229,0.00007,0.00001,0.00324,0.00000,0.00082,0.00642
1598871705.063262462615967,0.00218,0.00009,0.00156,0.00311,0.00064,0.00107,0.00864
1598871705.096888065338135,0.00222,0.00011,0.00094,0.00336,0.00000,0.00106,0.00769
1598871705.129899024963379,0.00216,0.00006,0.00163,0.00334,0.00000,0.00105,0.00824
1598871705.164062500000000,0.00217,0.00007,0.00001,0.00339,0.00000,0.00100,0.00663
1598871705.197475433349609,0.00231,0.00008,0.00032,0.00341,0.00000,0.00086,0.00698
1598871705.234637022018433,0.00191,0.00006,0.00300,0.00336,0.00000,0.00086,0.00919
1598871705.298272848129272,0.00218,0.00008,0.00170,0.00331,0.00000,0.00077,0.00804
1598871705.332504510879517,0.00221,0.00007,0.00183,0.00330,0.00000,0.00084,0.00826
1598871705.365844011306763,0.00206,0.00016,0.00011,0.00343,0.00000,0.00107,0.00683
1598871705.399036645889282,0.00222,0.00009,0.00005,0.00341,0.00000,0.00096,0.00672
1598871705.432031393051147,0.00230,0.00009,0.00001,0.00343,0.00000,0.00086,0.00669
1598871705.465723752975464,0.00178,0.00006,0.00001,0.00328,0.00000,0.00090,0.00605
1598871705.500314950942993,0.00215,0.00008,0.00160,0.00315,0.00008,0.00086,0.00793
1598871705.533313035964966,0.00233,0.00010,0.00067,0.00336,0.00000,0.00108,0.00754
1598871705.566899299621582,0.00215,0.00010,0.00171,0.00335,0.00000,0.00111,0.00842
1598871705.600409030914307,0.00200,0.00007,0.00001,0.00338,0.00000,0.00086,0.00632
1598871705.634130716323853,0.00216,0.00006,0.00006,0.00339,0.00000,0.00089,0.00656
1598871705.668447256088257,0.00208,0.00007,0.00298,0.00331,0.00000,0.00087,0.00931
1598871705.700839757919312,0.00209,0.00006,0.00175,0.00341,0.00000,0.00088,0.00819
1598871705.735737323760986,0.00180,0.00006,0.00140,0.00313,0.00000,0.00088,0.00727
1598871705.769721984863281,0.00224,0.00007,0.00006,0.00340,0.00000,0.00116,0.00693
1598871705.806265830993652,0.00215,0.00008,0.00007,0.00337,0.00000,0.00091,0.00658
1598871705.869267225265503,0.00222,0.00009,0.00003,0.00330,0.00000,0.00092,0.00656
1598871705.902899026870728,0.00209,0.00015,0.00001,0.00336,0.00000,0.00113,0.00674
1598871705.937119007110596,0.00223,0.00010,0.00138,0.00308,0.00060,0.00092,0.00831
1598871705.969799518585205,0.00236,0.00012,0.00012,0.00327,0.00008,0.00091,0.00686
1598871706.010333538055420,0.00250,0.00010,0.00174,0.00336,0.00000,0.00092,0.00862
1598871706.070479631423950,0.00207,0.00008,0.00001,0.00341,0.00000,0.00137,0.00694
1598871706.104456424713135,0.00210,0.00011,0.00008,0.00351,0.00000,0.00090,0.00669
1598871706.138160467147827,0.00233,0.00008,0.00279,0.00332,0.00000,0.00095,0.00947
1598871706.175320148468018,0.00182,0.00007,0.00172,0.00402,0.00000,0.00116,0.00878
1598871706.241821050643921,0.00232,0.00013,0.00148,0.00347,0.00000,0.00115,0.00855
1598871706.306496143341064,0.00279,0.00008,0.00033,0.00341,0.00000,0.00089,0.00752
1598871706.340681552886963,0.00259,0.00016,0.00008,0.00352,0.00000,0.00115,0.00750
1598871706.373702049255371,0.00241,0.00012,0.00001,0.00373,0.00000,0.00114,0.00741
1598871706.406913042068481,0.00246,0.00009,0.00004,0.00345,0.00000,0.00101,0.00706
1598871706.441233158111572,0.00255,0.00011,0.00141,0.00335,0.00000,0.00103,0.00846
1598871706.474023818969727,0.00238,0.00007,0.00059,0.00336,0.00000,0.00099,0.00739
1598871706.507778406143188,0.00210,0.00010,0.00179,0.00336,0.00000,0.00119,0.00854
1598871706.542054891586304,0.00260,0.00009,0.00025,0.00380,0.00000,0.00106,0.00780
1598871706.574941158294678,0.00220,0.00006,0.00005,0.00342,0.00000,0.00094,0.00667
1598871706.608480215072632,0.00237,0.00008,0.00263,0.00368,0.00000,0.00098,0.00975
1598871706.642467498779297,0.00279,0.00010,0.00179,0.00333,0.00000,0.00100,0.00902
1598871706.676375627517700,0.00224,0.00009,0.00243,0.00382,0.00000,0.00119,0.00977
1598871706.742419719696045,0.00231,0.00013,0.00009,0.00341,0.00000,0.00102,0.00696
1598871706.778280973434448,0.00260,0.00011,0.00006,0.00366,0.00000,0.00108,0.00751
1598871706.844103097915649,0.00243,0.00011,0.00003,0.00335,0.00000,0.00109,0.00701
1598871706.876554250717163,0.00239,0.00010,0.00014,0.00329,0.00008,0.00100,0.00701
1598871706.910353183746338,0.00233,0.00010,0.00141,0.00349,0.00000,0.00127,0.00859
1598871706.945839881896973,0.00253,0.00010,0.00057,0.00334,0.00000,0.00099,0.00753
1598871707.012050390243530,0.00255,0.00011,0.00183,0.00341,0.00000,0.00112,0.00902
1598871707.046920776367188,0.00228,0.00011,0.00002,0.00348,0.00000,0.00117,0.00705
1598871707.113279104232788,0.00221,0.00008,0.00042,0.00339,0.00000,0.00092,0.00702
1598871707.146596193313599,0.00225,0.00006,0.00263,0.00335,0.00000,0.00087,0.00916
1598871707.178999423980713,0.00283,0.00007,0.00180,0.00342,0.00000,0.00121,0.00934
1598871707.212719202041626,0.00233,0.00010,0.00281,0.00331,0.00000,0.00094,0.00950
1598871707.246152639389038,0.00254,0.00010,0.00040,0.00345,0.00000,0.00102,0.00751
1598871707.280152082443237,0.00228,0.00006,0.00004,0.00343,0.00000,0.00086,0.00667
1598871707.314317226409912,0.00194,0.00007,0.00001,0.00339,0.00000,0.00132,0.00673
1598871707.347036123275757,0.00227,0.00009,0.00001,0.00343,0.00000,0.00097,0.00677
1598871707.380576610565186,0.00233,0.00009,0.00139,0.00338,0.00000,0.00099,0.00818
1598871707.414722204208374,0.00212,0.00013,0.00008,0.00338,0.00000,0.00115,0.00686
1598871707.447490215301514,0.00249,0.00009,0.00158,0.00321,0.00000,0.00093,0.00829
1598871707.481388807296753,0.00218,0.00011,0.00007,0.00332,0.00009,0.00112,0.00690
1598871707.515110731124878,0.00248,0.00014,0.00008,0.00347,0.00000,0.00116,0.00733
1598871707.548865556716919,0.00275,0.00009,0.00254,0.00371,0.00000,0.00105,0.01014
1598871707.582732915878296,0.00255,0.00009,0.00178,0.00337,0.00000,0.00103,0.00882
1598871707.615163326263428,0.00190,0.00006,0.00206,0.00352,0.00000,0.00095,0.00850
1598871707.650107860565186,0.00236,0.00010,0.00010,0.00346,0.00000,0.00097,0.00700
1598871707.682887792587280,0.00237,0.00006,0.00004,0.00341,0.00000,0.00093,0.00681
1598871707.717037916183472,0.00187,0.00006,0.00001,0.00342,0.00000,0.00087,0.00623
1598871707.750703811645508,0.00247,0.00010,0.00001,0.00343,0.00000,0.00114,0.00715
1598871707.783713579177856,0.00244,0.00011,0.00142,0.00332,0.00000,0.00105,0.00835
1598871707.817648649215698,0.00281,0.00008,0.00013,0.00332,0.00018,0.00107,0.00760
1598871707.851920127868652,0.00171,0.00008,0.00164,0.00321,0.00007,0.00083,0.00755
1598871707.885165214538574,0.00269,0.00010,0.00001,0.00346,0.00000,0.00111,0.00737
1598871707.917608976364136,0.00230,0.00006,0.00005,0.00343,0.00000,0.00089,0.00674
1598871707.951745748519897,0.00327,0.00009,0.00243,0.00349,0.00000,0.00139,0.01067
1598871707.985646963119507,0.00257,0.00009,0.00191,0.00332,0.00000,0.00126,0.00915
1598871708.018320083618164,0.00255,0.00009,0.00206,0.00330,0.00000,0.00095,0.00895
1598871708.052163839340210,0.00255,0.00007,0.00006,0.00333,0.00000,0.00100,0.00701
1598871708.085608482360840,0.00219,0.00006,0.00005,0.00336,0.00000,0.00102,0.00668
1598871708.118919372558594,0.00282,0.00010,0.00001,0.00353,0.00000,0.00111,0.00756
1598871708.159176826477051,0.00222,0.00007,0.00001,0.00321,0.00000,0.00098,0.00649
1598871708.220084428787231,0.00263,0.00008,0.00138,0.00313,0.00000,0.00098,0.00820
1598871708.254606246948242,0.00241,0.00010,0.00080,0.00312,0.00008,0.00121,0.00773
1598871708.287561178207397,0.00318,0.00008,0.00174,0.00314,0.00000,0.00141,0.00954
1598871708.320978164672852,0.00311,0.00009,0.00040,0.00316,0.00000,0.00117,0.00793
1598871708.357586383819580,0.00258,0.00006,0.00628,0.00291,0.00008,0.00101,0.01292
1598871708.421843051910400,0.00266,0.00008,0.00238,0.00337,0.00001,0.00135,0.00986
1598871708.457131862640381,0.00259,0.00015,0.00178,0.00295,0.00062,0.00117,0.00926
1598871708.522936105728149,0.00308,0.00009,0.00210,0.00300,0.00013,0.00099,0.00938
1598871708.557493686676025,0.00274,0.00010,0.00034,0.00333,0.00000,0.00100,0.00750
1598871708.589927911758423,0.00267,0.00010,0.00034,0.00333,0.00000,0.00100,0.00745
1598871708.628521680831909,0.00251,0.00007,0.00001,0.00332,0.00000,0.00094,0.00685
1598871708.691203832626343,0.00251,0.00011,0.00001,0.00345,0.00000,0.00096,0.00705
1598871708.725204706192017,0.00206,0.00009,0.00135,0.00313,0.00000,0.00095,0.00758
1598871708.759536743164062,0.00265,0.00006,0.00034,0.00342,0.00008,0.00099,0.00752
1598871708.825587272644043,0.00234,0.00009,0.00178,0.00331,0.00000,0.00095,0.00847
1598871708.858915567398071,0.00275,0.00011,0.00002,0.00331,0.00000,0.00140,0.00760
1598871708.894665002822876,0.00270,0.00006,0.00611,0.00307,0.00000,0.00099,0.01293
1598871708.928177118301392,0.00266,0.00013,0.00261,0.00314,0.00008,0.00106,0.00968
1598871708.961749792098999,0.00262,0.00009,0.00160,0.00315,0.00007,0.00097,0.00850
1598871708.995793819427490,0.00323,0.00011,0.00203,0.00360,0.00000,0.00124,0.01021
1598871709.060602903366089,0.00246,0.00013,0.00039,0.00359,0.00000,0.00106,0.00763
1598871709.093399763107300,0.00237,0.00010,0.00032,0.00334,0.00000,0.00096,0.00710
1598871709.127367019653320,0.00291,0.00011,0.00002,0.00340,0.00000,0.00127,0.00770
1598871709.161680459976196,0.00279,0.00012,0.00001,0.00330,0.00000,0.00112,0.00734
1598871709.195001363754272,0.00248,0.00007,0.00146,0.00322,0.00000,0.00096,0.00819
1598871709.228478431701660,0.00291,0.00014,0.00042,0.00312,0.00008,0.00101,0.00768
1598871709.261651277542114,0.00310,0.00014,0.00181,0.00320,0.00000,0.00105,0.00930
1598871709.296351909637451,0.00204,0.00010,0.00008,0.00324,0.00008,0.00122,0.00676
1598871709.329555034637451,0.00269,0.00011,0.00557,0.00322,0.00000,0.00101,0.01260
1598871709.367991209030151,0.00259,0.00008,0.00188,0.00348,0.00064,0.00095,0.00963
1598871709.431985139846802,0.00266,0.00011,0.00159,0.00313,0.00000,0.00104,0.00855
1598871709.465635538101196,0.00283,0.00019,0.00194,0.00328,0.00000,0.00141,0.00965
1598871709.531704425811768,0.00263,0.00015,0.00014,0.00308,0.00008,0.00102,0.00710
1598871709.565005302429199,0.00211,0.00006,0.00016,0.00310,0.00007,0.00131,0.00682
1598871709.598229646682739,0.00286,0.00012,0.00003,0.00329,0.00009,0.00097,0.00737
1598871709.632320880889893,0.00249,0.00018,0.00001,0.00342,0.00000,0.00137,0.00747
1598871709.665371894836426,0.00273,0.00014,0.00161,0.00399,0.00000,0.00102,0.00950
1598871709.704594850540161,0.00219,0.00019,0.00032,0.00344,0.00000,0.00136,0.00749
1598871709.765955686569214,0.00279,0.00012,0.00206,0.00333,0.00000,0.00107,0.00937
1598871709.800539016723633,0.00284,0.00023,0.00002,0.00338,0.00000,0.00146,0.00792
1598871709.833675146102905,0.00225,0.00006,0.00533,0.00329,0.00000,0.00094,0.01188
1598871709.868216991424561,0.00265,0.00020,0.00191,0.00321,0.00008,0.00134,0.00939
1598871709.900643587112427,0.00259,0.00007,0.00135,0.00322,0.00000,0.00116,0.00838
1598871709.935103178024292,0.00203,0.00006,0.00154,0.00330,0.00000,0.00093,0.00787
1598871709.972467899322510,0.00250,0.00009,0.00010,0.00356,0.00019,0.00115,0.00760
1598871710.005745410919189,0.00240,0.00010,0.00004,0.00343,0.00000,0.00110,0.00707
1598871710.069233655929565,0.00241,0.00011,0.00001,0.00342,0.00000,0.00099,0.00694
1598871710.101990222930908,0.00228,0.00008,0.00001,0.00374,0.00000,0.00123,0.00734
1598871710.135857820510864,0.00245,0.00010,0.00136,0.00335,0.00000,0.00124,0.00851
1598871710.169316053390503,0.00286,0.00019,0.00010,0.00371,0.00000,0.00156,0.00842
1598871710.202886343002319,0.00240,0.00014,0.00160,0.00308,0.00011,0.00113,0.00845
1598871710.236506223678589,0.00235,0.00018,0.00004,0.00295,0.00007,0.00122,0.00683
1598871710.269470930099487,0.00266,0.00015,0.00482,0.00310,0.00114,0.00146,0.01333
1598871710.303456306457520,0.00251,0.00016,0.00157,0.00326,0.00000,0.00108,0.00857
1598871710.337689161300659,0.00225,0.00007,0.00135,0.00326,0.00000,0.00091,0.00783
1598871710.370294332504272,0.00256,0.00011,0.00183,0.00312,0.00002,0.00101,0.00865
1598871710.404882669448853,0.00196,0.00007,0.00004,0.00317,0.00003,0.00093,0.00619
1598871710.437922239303589,0.00227,0.00006,0.00003,0.00310,0.00010,0.00090,0.00646
1598871710.473605632781982,0.00270,0.00011,0.00001,0.00316,0.00000,0.00122,0.00722
1598871710.505961179733276,0.00244,0.00007,0.00001,0.00317,0.00000,0.00093,0.00662
1598871710.538670063018799,0.00235,0.00007,0.00113,0.00306,0.00064,0.00092,0.00817
1598871710.572468757629395,0.00214,0.00006,0.00005,0.00348,0.00000,0.00091,0.00664
1598871710.605465412139893,0.00247,0.00007,0.00165,0.00333,0.00000,0.00089,0.00841
1598871710.640445709228516,0.00267,0.00012,0.00001,0.00354,0.00000,0.00118,0.00752
1598871710.673133850097656,0.00324,0.00010,0.00476,0.00326,0.00000,0.00100,0.01236
1598871710.706445932388306,0.00189,0.00007,0.00143,0.00324,0.00000,0.00087,0.00749
1598871710.740333080291748,0.00207,0.00007,0.00135,0.00318,0.00002,0.00090,0.00758
1598871710.773675203323364,0.00249,0.00006,0.00152,0.00321,0.00002,0.00085,0.00816
1598871710.806644678115845,0.00195,0.00006,0.00004,0.00331,0.00003,0.00095,0.00633
1598871710.839245319366455,0.00247,0.00011,0.00001,0.00330,0.00004,0.00102,0.00695
1598871710.872560024261475,0.00230,0.00007,0.00001,0.00332,0.00000,0.00099,0.00669
1598871710.906999111175537,0.00245,0.00006,0.00005,0.00345,0.00000,0.00087,0.00689
1598871710.940950155258179,0.00215,0.00007,0.00004,0.00309,0.00139,0.00106,0.00779
1598871710.974030733108521,0.00232,0.00006,0.00005,0.00336,0.00000,0.00118,0.00697
1598871711.007264137268066,0.00212,0.00010,0.00163,0.00342,0.00000,0.00097,0.00825
1598871711.039831399917603,0.00255,0.00016,0.00001,0.00347,0.00000,0.00111,0.00731
1598871711.073826551437378,0.00252,0.00014,0.00492,0.00316,0.00000,0.00110,0.01186
1598871711.106183528900146,0.00257,0.00015,0.00155,0.00309,0.00000,0.00113,0.00850
1598871711.141206026077271,0.00238,0.00010,0.00152,0.00305,0.00008,0.00103,0.00816
1598871711.174196004867554,0.00290,0.00007,0.00161,0.00359,0.00007,0.00096,0.00921
1598871711.207656621932983,0.00188,0.00006,0.00006,0.00349,0.00000,0.00123,0.00672
1598871711.241168737411499,0.00272,0.00011,0.00006,0.00325,0.00000,0.00104,0.00717
1598871711.275420665740967,0.00199,0.00006,0.00001,0.00333,0.00000,0.00098,0.00637
1598871711.307687997817993,0.00224,0.00006,0.00001,0.00337,0.00000,0.00092,0.00660
1598871711.342444896697998,0.00242,0.00009,0.00004,0.00330,0.00000,0.00089,0.00673
1598871711.378233432769775,0.00212,0.00007,0.00005,0.00347,0.00000,0.00149,0.00721
1598871711.442280054092407,0.00262,0.00012,0.00082,0.00339,0.00000,0.00103,0.00798
1598871711.478541135787964,0.00224,0.00010,0.00005,0.00319,0.00000,0.00117,0.00676
1598871711.548142910003662,0.00269,0.00017,0.00499,0.00288,0.00010,0.00105,0.01188
1598871711.611783742904663,0.00253,0.00012,0.00167,0.00303,0.00003,0.00094,0.00831
1598871711.646583318710327,0.00220,0.00011,0.00150,0.00303,0.00011,0.00114,0.00808
1598871711.679784536361694,0.00247,0.00007,0.00161,0.00311,0.00004,0.00091,0.00821
1598871711.747843265533447,0.00253,0.00012,0.00006,0.00323,0.00003,0.00097,0.00695
1598871711.783377408981323,0.00243,0.00010,0.00003,0.00318,0.00002,0.00088,0.00664
1598871711.846187353134155,0.00261,0.00008,0.00001,0.00317,0.00000,0.00090,0.00677
1598871711.884412050247192,0.00220,0.00007,0.00001,0.00317,0.00000,0.00093,0.00638
1598871711.948805809020996,0.00234,0.00011,0.00001,0.00323,0.00004,0.00102,0.00674
1598871712.015138864517212,0.00254,0.00011,0.00005,0.00321,0.00002,0.00114,0.00708
1598871712.048020362854004,0.00242,0.00008,0.00069,0.00307,0.00011,0.00101,0.00737
1598871712.080653667449951,0.00249,0.00009,0.00046,0.00310,0.00000,0.00097,0.00711
1598871712.113138437271118,0.00182,0.00006,0.00421,0.00305,0.00002,0.00099,0.01016
1598871712.147563457489014,0.00281,0.00009,0.00150,0.00308,0.00003,0.00118,0.00869
1598871712.181355476379395,0.00238,0.00009,0.00140,0.00323,0.00004,0.00105,0.00818
1598871712.215778112411499,0.00216,0.00006,0.00189,0.00311,0.00003,0.00128,0.00853
1598871712.248733043670654,0.00235,0.00009,0.00006,0.00322,0.00003,0.00101,0.00675
1598871712.281459569931030,0.00242,0.00010,0.00001,0.00322,0.00005,0.00117,0.00697
1598871712.315248489379883,0.00232,0.00008,0.00001,0.00312,0.00000,0.00100,0.00654
1598871712.349121809005737,0.00228,0.00010,0.00011,0.00312,0.00001,0.00110,0.00672
1598871712.383311033248901,0.00250,0.00015,0.00001,0.00304,0.00004,0.00096,0.00670
1598871712.416107416152954,0.00225,0.00009,0.00001,0.00294,0.00005,0.00113,0.00647
1598871712.450539827346802,0.00213,0.00007,0.00010,0.00290,0.00014,0.00092,0.00625
1598871712.483084917068481,0.00207,0.00014,0.00002,0.00273,0.00007,0.00088,0.00592
1598871712.517027378082275,0.00199,0.00006,0.00288,0.00281,0.00059,0.00088,0.00922
1598871712.550495862960815,0.00268,0.00007,0.00141,0.00292,0.00009,0.00086,0.00803
1598871712.588392496109009,0.00202,0.00006,0.00113,0.00307,0.00003,0.00088,0.00720
1598871712.654546022415161,0.00223,0.00009,0.00163,0.00315,0.00004,0.00092,0.00807
1598871712.687145471572876,0.00218,0.00007,0.00004,0.00316,0.00003,0.00090,0.00637
1598871712.721050262451172,0.00188,0.00007,0.00003,0.00306,0.00003,0.00087,0.00594
1598871712.754111528396606,0.00293,0.00009,0.00001,0.00308,0.00000,0.00115,0.00727
1598871712.787286281585693,0.00224,0.00011,0.00009,0.00288,0.00002,0.00110,0.00644
1598871712.820373773574829,0.00234,0.00015,0.00009,0.00277,0.00005,0.00100,0.00640
1598871712.886894941329956,0.00293,0.00012,0.00001,0.00250,0.00005,0.00119,0.00681
1598871712.919823646545410,0.00223,0.00007,0.00007,0.00245,0.00127,0.00087,0.00696
1598871712.954244613647461,0.00197,0.00006,0.00002,0.00282,0.00007,0.00089,0.00583
1598871712.992087125778198,0.00206,0.00007,0.00341,0.00293,0.00060,0.00081,0.00989
1598871713.054733037948608,0.00198,0.00009,0.00183,0.00321,0.00002,0.00082,0.00796
1598871713.087968349456787,0.00189,0.00007,0.00115,0.00297,0.00002,0.00083,0.00694
1598871713.121456384658813,0.00188,0.00007,0.00170,0.00294,0.00060,0.00077,0.00797
1598871713.157487869262695,0.00205,0.00007,0.00030,0.00312,0.00003,0.00084,0.00642
1598871713.222152948379517,0.00210,0.00011,0.00001,0.00428,0.00007,0.00124,0.00781
1598871713.256320238113403,0.00175,0.00014,0.00003,0.00302,0.00000,0.00095,0.00588
1598871713.290203094482422,0.00180,0.00011,0.00004,0.00287,0.00012,0.00089,0.00583
1598871713.322621822357178,0.00165,0.00006,0.00001,0.00298,0.00061,0.00081,0.00612
1598871713.357086658477783,0.00166,0.00007,0.00029,0.00304,0.00002,0.00077,0.00585
1598871713.389770507812500,0.00154,0.00007,0.00089,0.00301,0.00011,0.00087,0.00649
1598871713.423727750778198,0.00184,0.00008,0.00003,0.00300,0.00008,0.00092,0.00595
1598871713.457198619842529,0.00205,0.00006,0.00326,0.00306,0.00003,0.00087,0.00933
1598871713.491184711456299,0.00169,0.00008,0.00162,0.00329,0.00004,0.00130,0.00802
1598871713.525249481201172,0.00166,0.00008,0.00117,0.00295,0.00009,0.00084,0.00679
1598871713.559345245361328,0.00190,0.00006,0.00154,0.00315,0.00002,0.00079,0.00747
1598871713.592366933822632,0.00197,0.00006,0.00009,0.00341,0.00004,0.00079,0.00635
1598871713.631082057952881,0.00244,0.00016,0.00006,0.00307,0.00004,0.00108,0.00686
1598871713.693308115005493,0.00250,0.00011,0.00006,0.00298,0.00000,0.00106,0.00672
1598871713.726294994354248,0.00220,0.00007,0.00002,0.00284,0.00010,0.00087,0.00609
1598871713.761725664138794,0.00214,0.00006,0.00002,0.00290,0.00039,0.00085,0.00638
1598871713.826964378356934,0.00239,0.00012,0.00006,0.00308,0.00002,0.00094,0.00662
1598871713.860404014587402,0.00256,0.00010,0.00119,0.00308,0.00012,0.00110,0.00815
1598871713.894276618957520,0.00222,0.00009,0.00006,0.00307,0.00008,0.00108,0.00659
1598871713.928303956985474,0.00366,0.00010,0.00366,0.00300,0.00034,0.00104,0.01181
1598871713.961796760559082,0.00240,0.00006,0.00192,0.00318,0.00000,0.00097,0.00854
1598871713.997830867767334,0.00269,0.00006,0.00148,0.00316,0.00000,0.00113,0.00852
1598871714.030663967132568,0.00295,0.00007,0.00238,0.00325,0.00000,0.00098,0.00962
1598871714.063051700592041,0.00270,0.00006,0.00088,0.00316,0.00000,0.00099,0.00778
1598871714.096452713012695,0.00222,0.00006,0.00036,0.00319,0.00000,0.00095,0.00677
1598871714.129630088806152,0.00295,0.00010,0.00023,0.00312,0.00000,0.00112,0.00753
1598871714.163594961166382,0.00229,0.00006,0.00008,0.00343,0.00000,0.00136,0.00723
1598871714.197341203689575,0.00303,0.00009,0.00028,0.00306,0.00003,0.00122,0.00771
1598871714.230237960815430,0.00252,0.00007,0.00032,0.00301,0.00002,0.00100,0.00694
1598871714.266368389129639,0.00334,0.00009,0.00116,0.00299,0.00011,0.00111,0.00879
1598871714.331960916519165,0.00263,0.00008,0.00744,0.00299,0.00003,0.00097,0.01415
1598871714.365365743637085,0.00274,0.00009,0.00348,0.00307,0.00067,0.00121,0.01125
1598871714.399805545806885,0.00253,0.00008,0.00197,0.00355,0.00000,0.00117,0.00930
1598871714.432622671127319,0.00267,0.00009,0.00171,0.00361,0.00000,0.00112,0.00921
1598871714.465211391448975,0.00243,0.00008,0.00202,0.00320,0.00000,0.00128,0.00901
1598871714.498758554458618,0.00247,0.00006,0.00033,0.00323,0.00000,0.00099,0.00707
1598871714.532917022705078,0.00269,0.00013,0.00048,0.00332,0.00000,0.00111,0.00773
1598871714.566594600677490,0.00270,0.00015,0.00001,0.00333,0.00000,0.00122,0.00741
1598871714.599907636642456,0.00266,0.00008,0.00004,0.00324,0.00000,0.00106,0.00708
1598871714.633623838424683,0.00212,0.00007,0.00028,0.00326,0.00000,0.00110,0.00683
1598871714.667952060699463,0.00252,0.00009,0.00038,0.00321,0.00000,0.00109,0.00728
1598871714.700848817825317,0.00279,0.00007,0.00120,0.00324,0.00000,0.00100,0.00829
1598871714.735247611999512,0.00215,0.00006,0.00635,0.00319,0.00000,0.00108,0.01283
1598871714.768278837203979,0.00289,0.00010,0.00396,0.00311,0.00000,0.00103,0.01110
1598871714.801193952560425,0.00259,0.00006,0.00171,0.00314,0.00000,0.00108,0.00859
1598871714.835055828094482,0.00220,0.00006,0.00140,0.00316,0.00000,0.00098,0.00781
1598871714.868299245834351,0.00251,0.00007,0.00182,0.00309,0.00000,0.00100,0.00849
1598871714.903133153915405,0.00254,0.00006,0.00116,0.00317,0.00000,0.00132,0.00825
1598871714.936946392059326,0.00273,0.00011,0.00034,0.00350,0.00000,0.00111,0.00778
1598871714.969729423522949,0.00253,0.00011,0.00002,0.00319,0.00000,0.00102,0.00687
1598871715.003833770751953,0.00266,0.00008,0.00004,0.00318,0.00000,0.00117,0.00714
1598871715.036709308624268,0.00218,0.00006,0.00058,0.00311,0.00000,0.00126,0.00720
1598871715.070353031158447,0.00261,0.00008,0.00004,0.00317,0.00000,0.00098,0.00688
1598871715.106303930282593,0.00200,0.00006,0.00119,0.00309,0.00000,0.00099,0.00733
1598871715.139701843261719,0.00263,0.00007,0.00509,0.00360,0.00000,0.00131,0.01270
1598871715.173645019531250,0.00258,0.00008,0.00305,0.00296,0.00000,0.00119,0.00986
1598871715.243001937866211,0.00276,0.00015,0.00195,0.00299,0.00000,0.00104,0.00888
1598871715.305487155914307,0.00262,0.00011,0.00157,0.00293,0.00001,0.00117,0.00841
1598871715.342712402343750,0.00263,0.00008,0.00155,0.00327,0.00034,0.00098,0.00886
1598871715.406976699829102,0.00248,0.00011,0.00051,0.00352,0.00000,0.00099,0.00762
1598871715.441964864730835,0.00253,0.00009,0.00049,0.00314,0.00000,0.00112,0.00737
1598871715.479434251785278,0.00239,0.00006,0.00001,0.00313,0.00000,0.00099,0.00659
1598871715.542140007019043,0.00295,0.00016,0.00049,0.00494,0.00000,0.00160,0.01013
1598871715.608810901641846,0.00255,0.00012,0.00121,0.00340,0.00000,0.00111,0.00840
1598871715.644758939743042,0.00292,0.00009,0.00042,0.00313,0.00000,0.00112,0.00769
1598871715.711168766021729,0.00277,0.00013,0.00135,0.00314,0.00000,0.00129,0.00868
1598871715.744003772735596,0.00287,0.00008,0.00341,0.00318,0.00000,0.00119,0.01073
1598871715.776823759078979,0.00233,0.00008,0.00297,0.00320,0.00000,0.00107,0.00966
1598871715.812033176422119,0.00219,0.00007,0.00163,0.00308,0.00000,0.00114,0.00811
1598871715.877361536026001,0.00264,0.00012,0.00163,0.00313,0.00000,0.00098,0.00850
1598871715.911484003067017,0.00154,0.00007,0.00151,0.00309,0.00000,0.00089,0.00710
1598871715.945154190063477,0.00192,0.00006,0.00034,0.00303,0.00000,0.00082,0.00618
1598871715.978130340576172,0.00167,0.00007,0.00001,0.00299,0.00003,0.00081,0.00558
1598871716.014654397964478,0.00144,0.00006,0.00004,0.00304,0.00000,0.00082,0.00541
1598871716.079055786132812,0.00164,0.00009,0.00001,0.00300,0.00003,0.00084,0.00562
1598871716.114273548126221,0.00139,0.00006,0.00001,0.00299,0.00075,0.00129,0.00650
1598871716.147830247879028,0.00232,0.00011,0.00006,0.00323,0.00000,0.00093,0.00665
1598871716.213964939117432,0.00235,0.00009,0.00071,0.00334,0.00000,0.00098,0.00748
1598871716.246595859527588,0.00183,0.00006,0.00455,0.00306,0.00000,0.00082,0.01033
1598871716.280076980590820,0.00162,0.00007,0.00267,0.00307,0.00000,0.00078,0.00822
1598871716.314246416091919,0.00140,0.00006,0.00136,0.00314,0.00000,0.00083,0.00679
1598871716.349338293075562,0.00155,0.00007,0.00066,0.00309,0.00000,0.00080,0.00617
1598871716.417444229125977,0.00203,0.00011,0.00188,0.00307,0.00000,0.00092,0.00802
1598871716.481581687927246,0.00169,0.00009,0.00033,0.00308,0.00000,0.00083,0.00602
1598871716.515194177627563,0.00241,0.00010,0.00006,0.00319,0.00000,0.00093,0.00670
1598871716.549095869064331,0.00235,0.00010,0.00001,0.00407,0.00000,0.00120,0.00773
1598871716.582309722900391,0.00262,0.00009,0.00006,0.00328,0.00000,0.00101,0.00706
1598871716.616660833358765,0.00260,0.00011,0.00001,0.00338,0.00000,0.00117,0.00727
1598871716.683742761611938,0.00249,0.00010,0.00075,0.00346,0.00000,0.00118,0.00799
1598871716.716166734695435,0.00237,0.00009,0.00139,0.00316,0.00000,0.00085,0.00787
1598871716.750052452087402,0.00229,0.00006,0.00354,0.00311,0.00000,0.00088,0.00989
1598871716.783375024795532,0.00289,0.00010,0.00286,0.00308,0.00000,0.00098,0.00992
1598871716.822822809219360,0.00188,0.00007,0.00147,0.00312,0.00000,0.00087,0.00740
1598871716.886430740356445,0.00215,0.00008,0.00117,0.00310,0.00000,0.00086,0.00736
1598871716.952780008316040,0.00200,0.00008,0.00213,0.00303,0.00000,0.00078,0.00803
1598871716.988229036331177,0.00226,0.00009,0.00007,0.00316,0.00000,0.00089,0.00647
1598871717.052650451660156,0.00195,0.00008,0.00005,0.00313,0.00000,0.00086,0.00607
1598871717.086594104766846,0.00236,0.00007,0.00003,0.00306,0.00008,0.00094,0.00654
1598871717.119928359985352,0.00243,0.00007,0.00031,0.00324,0.00000,0.00127,0.00731
1598871717.152997016906738,0.00234,0.00009,0.00001,0.00307,0.00000,0.00102,0.00653
1598871717.186782360076904,0.00259,0.00010,0.00035,0.00350,0.00000,0.00113,0.00767
1598871717.220808506011963,0.00219,0.00008,0.00121,0.00309,0.00000,0.00117,0.00774
1598871717.253615856170654,0.00225,0.00008,0.00347,0.00309,0.00000,0.00088,0.00978
1598871717.287551641464233,0.00353,0.00006,0.00275,0.00310,0.00000,0.00088,0.01032
1598871717.320800304412842,0.00237,0.00007,0.00179,0.00319,0.00000,0.00086,0.00828
1598871717.355819463729858,0.00302,0.00010,0.00139,0.00303,0.00000,0.00104,0.00859
1598871717.388595581054688,0.00182,0.00007,0.00211,0.00300,0.00000,0.00086,0.00786
1598871717.421947479248047,0.00197,0.00006,0.00035,0.00291,0.00008,0.00085,0.00622
1598871717.455313205718994,0.00204,0.00006,0.00004,0.00316,0.00000,0.00084,0.00613
1598871717.489854574203491,0.00200,0.00010,0.00004,0.00301,0.00000,0.00081,0.00596
1598871717.522208452224731,0.00173,0.00006,0.00007,0.00299,0.00007,0.00079,0.00572
1598871717.555737018585205,0.00186,0.00006,0.00001,0.00313,0.00000,0.00083,0.00589
1598871717.590224027633667,0.00230,0.00008,0.00031,0.00308,0.00000,0.00088,0.00665
1598871717.623399019241333,0.00199,0.00006,0.00119,0.00305,0.00000,0.00089,0.00719
1598871717.657157659530640,0.00224,0.00009,0.00260,0.00294,0.00000,0.00087,0.00875
1598871717.690950155258179,0.00288,0.00020,0.00379,0.00297,0.00000,0.00098,0.01084
1598871717.726218700408936,0.00220,0.00007,0.00185,0.00294,0.00008,0.00086,0.00800
1598871717.793927431106567,0.00242,0.00009,0.00158,0.00309,0.00000,0.00090,0.00808
1598871717.860042095184326,0.00313,0.00020,0.00233,0.00304,0.00000,0.00109,0.00980
1598871717.893879890441895,0.00252,0.00010,0.00038,0.00309,0.00000,0.00108,0.00717
1598871717.960207700729370,0.00251,0.00012,0.00043,0.00308,0.00008,0.00110,0.00733
1598871717.993764877319336,0.00213,0.00008,0.00001,0.00314,0.00000,0.00113,0.00649
1598871718.026686429977417,0.00236,0.00006,0.00031,0.00312,0.00000,0.00089,0.00675
1598871718.059746980667114,0.00246,0.00007,0.00003,0.00305,0.00008,0.00086,0.00655
1598871718.096938848495483,0.00228,0.00008,0.00059,0.00316,0.00000,0.00089,0.00699
1598871718.160307645797729,0.00258,0.00012,0.00126,0.00335,0.00000,0.00101,0.00832
1598871718.196606397628784,0.00193,0.00007,0.00241,0.00316,0.00000,0.00088,0.00845
1598871718.261664390563965,0.00220,0.00009,0.00313,0.00292,0.00000,0.00085,0.00919
1598871718.295134067535400,0.00217,0.00006,0.00204,0.00291,0.00000,0.00090,0.00808
1598871718.328489780426025,0.00253,0.00015,0.00171,0.00284,0.00014,0.00110,0.00848
1598871718.363450765609741,0.00241,0.00017,0.00243,0.00317,0.00000,0.00099,0.00918
1598871718.396582603454590,0.00236,0.00008,0.00034,0.00319,0.00000,0.00115,0.00713
1598871718.429827213287354,0.00248,0.00007,0.00030,0.00346,0.00000,0.00094,0.00726
1598871718.463329792022705,0.00264,0.00010,0.00001,0.00382,0.00000,0.00115,0.00772
1598871718.497419595718384,0.00228,0.00009,0.00005,0.00332,0.00000,0.00097,0.00670
1598871718.531291484832764,0.00255,0.00010,0.00007,0.00321,0.00000,0.00148,0.00741
1598871718.564331054687500,0.00251,0.00010,0.00021,0.00315,0.00000,0.00114,0.00712
1598871718.598383188247681,0.00259,0.00010,0.00123,0.00309,0.00000,0.00101,0.00802
1598871718.636214017868042,0.00244,0.00009,0.00191,0.00301,0.00000,0.00121,0.00866
1598871718.699714899063110,0.00239,0.00010,0.00292,0.00306,0.00000,0.00106,0.00953
1598871718.765544414520264,0.00245,0.00011,0.00379,0.00316,0.00008,0.00097,0.01056
1598871718.802112340927124,0.00249,0.00009,0.00150,0.00313,0.00000,0.00099,0.00820
1598871718.866934776306152,0.00266,0.00012,0.00182,0.00300,0.00000,0.00113,0.00874
1598871718.900663614273071,0.00254,0.00011,0.00052,0.00314,0.00000,0.00104,0.00735
1598871718.934466361999512,0.00233,0.00009,0.00039,0.00307,0.00008,0.00116,0.00712
1598871718.968555450439453,0.00255,0.00011,0.00001,0.00328,0.00000,0.00107,0.00702
1598871719.000958681106567,0.00248,0.00006,0.00005,0.00322,0.00000,0.00093,0.00674
1598871719.036053419113159,0.00297,0.00009,0.00001,0.00333,0.00000,0.00118,0.00759
1598871719.068427085876465,0.00241,0.00009,0.00006,0.00322,0.00000,0.00100,0.00679
1598871719.102899551391602,0.00232,0.00007,0.00124,0.00321,0.00000,0.00121,0.00805
1598871719.135408401489258,0.00244,0.00008,0.00150,0.00313,0.00000,0.00105,0.00820
1598871719.169314622879028,0.00246,0.00006,0.00270,0.00342,0.00000,0.00126,0.00992
1598871719.204006910324097,0.00244,0.00009,0.00331,0.00294,0.00000,0.00112,0.00990
1598871719.236451148986816,0.00256,0.00010,0.00076,0.00300,0.00000,0.00109,0.00751
1598871719.269658088684082,0.00260,0.00020,0.00218,0.00317,0.00014,0.00100,0.00929
1598871719.304106950759888,0.00233,0.00009,0.00007,0.00328,0.00000,0.00114,0.00691
1598871719.337393760681152,0.00225,0.00006,0.00004,0.00322,0.00000,0.00089,0.00646
1598871719.370705366134644,0.00280,0.00011,0.00001,0.00353,0.00000,0.00120,0.00765
1598871719.406594514846802,0.00241,0.00008,0.00005,0.00324,0.00000,0.00114,0.00692
1598871719.471415519714355,0.00256,0.00011,0.00001,0.00310,0.00000,0.00096,0.00673
1598871719.506480455398560,0.00197,0.00007,0.00004,0.00308,0.00000,0.00090,0.00605
1598871719.572014570236206,0.00237,0.00011,0.00108,0.00297,0.00008,0.00125,0.00785
1598871719.606074810028076,0.00294,0.00007,0.00084,0.00296,0.00000,0.00091,0.00772
1598871719.639343738555908,0.00211,0.00006,0.00220,0.00293,0.00002,0.00087,0.00818
1598871719.673317670822144,0.00310,0.00009,0.00334,0.00287,0.00010,0.00110,0.01061
1598871719.707232475280762,0.00239,0.00009,0.00068,0.00334,0.00005,0.00101,0.00756
1598871719.739991188049316,0.00219,0.00006,0.00137,0.00324,0.00004,0.00096,0.00786
1598871719.774181127548218,0.00256,0.00007,0.00004,0.00310,0.00003,0.00088,0.00668
1598871719.810576200485229,0.00212,0.00007,0.00001,0.00312,0.00003,0.00089,0.00624
1598871719.845792770385742,0.00225,0.00007,0.00001,0.00308,0.00000,0.00093,0.00635
1598871719.910704374313354,0.00242,0.00013,0.00002,0.00314,0.00004,0.00097,0.00672
1598871719.942964076995850,0.00195,0.00006,0.00001,0.00299,0.00000,0.00085,0.00586
1598871719.976310491561890,0.00212,0.00007,0.00001,0.00297,0.00003,0.00091,0.00611
1598871720.009596824645996,0.00228,0.00007,0.00066,0.00283,0.00017,0.00095,0.00696
1598871720.043099164962769,0.00274,0.00015,0.00080,0.00306,0.00010,0.00113,0.00798
1598871720.076973676681519,0.00248,0.00009,0.00221,0.00306,0.00002,0.00102,0.00888
1598871720.109895467758179,0.00224,0.00006,0.00315,0.00307,0.00002,0.00091,0.00945
1598871720.143487215042114,0.00231,0.00007,0.00066,0.00305,0.00002,0.00085,0.00697
1598871720.177525281906128,0.00204,0.00006,0.00127,0.00302,0.00002,0.00085,0.00726
1598871720.210230588912964,0.00191,0.00007,0.00004,0.00307,0.00003,0.00089,0.00599
1598871720.245393276214600,0.00210,0.00007,0.00001,0.00307,0.00003,0.00088,0.00615
1598871720.279508829116821,0.00202,0.00006,0.00017,0.00305,0.00000,0.00091,0.00621
1598871720.313580513000488,0.00231,0.00008,0.00001,0.00335,0.00004,0.00094,0.00673
1598871720.346860170364380,0.00219,0.00007,0.00001,0.00310,0.00000,0.00102,0.00639
1598871720.380017042160034,0.00226,0.00007,0.00001,0.00310,0.00003,0.00093,0.00640
1598871720.413219928741455,0.00217,0.00006,0.00062,0.00338,0.00011,0.00091,0.00726
1598871720.449002027511597,0.00231,0.00010,0.00080,0.00293,0.00011,0.00098,0.00722
1598871720.514687299728394,0.00245,0.00009,0.00200,0.00290,0.00002,0.00094,0.00841
1598871720.548544406890869,0.00248,0.00009,0.00328,0.00273,0.00009,0.00086,0.00954
1598871720.583886623382568,0.00230,0.00010,0.00076,0.00289,0.00002,0.00112,0.00721
1598871720.647710084915161,0.00238,0.00012,0.00161,0.00280,0.00003,0.00101,0.00795
1598871720.681753635406494,0.00229,0.00007,0.00004,0.00270,0.00012,0.00089,0.00612
1598871720.748661041259766,0.00225,0.00011,0.00001,0.00282,0.00003,0.00089,0.00610
1598871720.781926870346069,0.00183,0.00007,0.00001,0.00285,0.00000,0.00089,0.00565
1598871720.815483331680298,0.00209,0.00006,0.00001,0.00282,0.00003,0.00092,0.00593
1598871720.850938320159912,0.00230,0.00007,0.00001,0.00279,0.00000,0.00088,0.00605
1598871720.916028261184692,0.00285,0.00011,0.00038,0.00288,0.00005,0.00135,0.00762
1598871720.950011491775513,0.00263,0.00009,0.00004,0.00282,0.00070,0.00095,0.00724
1598871720.983661174774170,0.00208,0.00006,0.00069,0.00297,0.00074,0.00087,0.00741
1598871721.016413450241089,0.00218,0.00006,0.00208,0.00309,0.00003,0.00086,0.00830
1598871721.050891160964966,0.00224,0.00011,0.00354,0.00314,0.00003,0.00098,0.01003
1598871721.083656787872314,0.00269,0.00008,0.00069,0.00304,0.00002,0.00092,0.00745
1598871721.120514154434204,0.00252,0.00009,0.00170,0.00334,0.00005,0.00098,0.00868
1598871721.155609369277954,0.00214,0.00015,0.00013,0.00354,0.00006,0.00113,0.00715
1598871721.218989849090576,0.00250,0.00011,0.00018,0.00300,0.00003,0.00098,0.00679
1598871721.253343582153320,0.00228,0.00009,0.00032,0.00307,0.00000,0.00116,0.00693
1598871721.319736003875732,0.00253,0.00015,0.00001,0.00316,0.00004,0.00097,0.00687
1598871721.353271722793579,0.00193,0.00009,0.00030,0.00291,0.00000,0.00109,0.00633
1598871721.391806364059448,0.00244,0.00009,0.00003,0.00270,0.00040,0.00095,0.00661
1598871721.455597639083862,0.00270,0.00011,0.00037,0.00293,0.00011,0.00098,0.00720
1598871721.489477872848511,0.00218,0.00007,0.00150,0.00301,0.00016,0.00122,0.00815
1598871721.587420940399170,0.00260,0.00013,0.00129,0.00275,0.00062,0.00091,0.00829
1598871721.621281385421753,0.00214,0.00007,0.00433,0.00303,0.00059,0.00089,0.01105
1598871721.656432628631592,0.00221,0.00007,0.00153,0.00294,0.00000,0.00085,0.00761
1598871721.721798658370972,0.00241,0.00010,0.00181,0.00248,0.00057,0.00086,0.00824
1598871721.756494998931885,0.00212,0.00006,0.00011,0.00275,0.00011,0.00081,0.00596
1598871721.822370052337646,0.00253,0.00013,0.00003,0.00290,0.00005,0.00096,0.00660
1598871721.859710454940796,0.00220,0.00006,0.00004,0.00281,0.00000,0.00090,0.00602
1598871721.892378568649292,0.00197,0.00007,0.00001,0.00285,0.00035,0.00088,0.00612
1598871721.956915855407715,0.00235,0.00011,0.00001,0.00295,0.00000,0.00095,0.00637
1598871721.990735292434692,0.00246,0.00007,0.00027,0.00292,0.00000,0.00088,0.00661
1598871722.024454593658447,0.00212,0.00007,0.00023,0.00292,0.00073,0.00084,0.00691
1598871722.059953451156616,0.00250,0.00010,0.00144,0.00311,0.00011,0.00095,0.00823
1598871722.092345476150513,0.00216,0.00006,0.00084,0.00314,0.00002,0.00088,0.00711
1598871722.126047372817993,0.00263,0.00007,0.00326,0.00310,0.00034,0.00087,0.01027
1598871722.159137487411499,0.00210,0.00006,0.00172,0.00355,0.00000,0.00112,0.00854
1598871722.193384408950806,0.00267,0.00009,0.00155,0.00325,0.00000,0.00094,0.00850
1598871722.227332592010498,0.00244,0.00007,0.00022,0.00324,0.00000,0.00088,0.00686
1598871722.260062217712402,0.00274,0.00011,0.00071,0.00333,0.00000,0.00120,0.00808
1598871722.294250249862671,0.00233,0.00009,0.00018,0.00331,0.00000,0.00110,0.00700
1598871722.326718568801880,0.00231,0.00006,0.00021,0.00316,0.00000,0.00088,0.00663
1598871722.361367225646973,0.00216,0.00015,0.00154,0.00310,0.00008,0.00102,0.00806
1598871722.394281625747681,0.00258,0.00012,0.00001,0.00333,0.00000,0.00094,0.00698
1598871722.427679061889648,0.00208,0.00014,0.00033,0.00332,0.00000,0.00111,0.00699
1598871722.460441112518311,0.00210,0.00010,0.00140,0.00369,0.00000,0.00086,0.00815
1598871722.495074272155762,0.00215,0.00014,0.00139,0.00332,0.00000,0.00102,0.00802
1598871722.527815341949463,0.00270,0.00013,0.00347,0.00362,0.00015,0.00097,0.01103
1598871722.561893701553345,0.00164,0.00007,0.00133,0.00320,0.00000,0.00082,0.00707
1598871722.595324754714966,0.00248,0.00012,0.00143,0.00311,0.00000,0.00102,0.00817
1598871722.660487651824951,0.00267,0.00012,0.00008,0.00320,0.00000,0.00110,0.00718
1598871722.694152593612671,0.00264,0.00008,0.00168,0.00290,0.00008,0.00086,0.00823
1598871722.727106571197510,0.00219,0.00007,0.00004,0.00303,0.00002,0.00085,0.00620
1598871722.760229349136353,0.00229,0.00010,0.00003,0.00322,0.00001,0.00119,0.00684
1598871722.794481039047241,0.00233,0.00008,0.00006,0.00325,0.00000,0.00132,0.00704
1598871722.827899932861328,0.00246,0.00006,0.00005,0.00291,0.00000,0.00083,0.00631
1598871722.861075639724731,0.00235,0.00012,0.00001,0.00312,0.00012,0.00091,0.00664
1598871722.894593000411987,0.00260,0.00007,0.00040,0.00271,0.00123,0.00094,0.00795
1598871722.928095340728760,0.00235,0.00007,0.00142,0.00298,0.00033,0.00087,0.00803
1598871722.961209774017334,0.00227,0.00015,0.00308,0.00308,0.00000,0.00110,0.00968
1598871722.995132446289062,0.00231,0.00015,0.00145,0.00305,0.00007,0.00105,0.00808
1598871723.029351234436035,0.00226,0.00013,0.00147,0.00315,0.00000,0.00092,0.00793
1598871723.061768054962158,0.00207,0.00007,0.00175,0.00308,0.00000,0.00082,0.00780
1598871723.096143007278442,0.00260,0.00015,0.00154,0.00304,0.00035,0.00110,0.00878
1598871723.129337787628174,0.00279,0.00011,0.00004,0.00296,0.00003,0.00091,0.00685
1598871723.163960456848145,0.00214,0.00008,0.00020,0.00291,0.00002,0.00124,0.00660
1598871723.197219133377075,0.00295,0.00013,0.00001,0.00287,0.00000,0.00117,0.00713
1598871723.231095552444458,0.00210,0.00007,0.00002,0.00311,0.00000,0.00126,0.00657
1598871723.263863801956177,0.00199,0.00008,0.00001,0.00269,0.00087,0.00100,0.00664
1598871723.299705982208252,0.00288,0.00014,0.00007,0.00274,0.00039,0.00109,0.00731
1598871723.364416837692261,0.00228,0.00012,0.00052,0.00299,0.00146,0.00105,0.00842
1598871723.397737264633179,0.00210,0.00009,0.00287,0.00304,0.00004,0.00095,0.00910
1598871723.432082891464233,0.00214,0.00016,0.00140,0.00287,0.00033,0.00113,0.00804
1598871723.465949535369873,0.00235,0.00007,0.00153,0.00298,0.00000,0.00078,0.00770
1598871723.499830484390259,0.00242,0.00008,0.00180,0.00288,0.00002,0.00082,0.00802
1598871723.532421588897705,0.00217,0.00011,0.00116,0.00281,0.00090,0.00076,0.00791
1598871723.568060159683228,0.00216,0.00008,0.00010,0.00307,0.00007,0.00080,0.00628
1598871723.601882696151733,0.00246,0.00010,0.00006,0.00325,0.00000,0.00088,0.00676
1598871723.635472774505615,0.00185,0.00006,0.00001,0.00305,0.00000,0.00085,0.00582
1598871723.700829744338989,0.00223,0.00011,0.00001,0.00304,0.00000,0.00082,0.00622
1598871723.737992525100708,0.00210,0.00010,0.00059,0.00276,0.00002,0.00085,0.00642
1598871723.801556348800659,0.00247,0.00013,0.00001,0.00287,0.00000,0.00093,0.00641
1598871723.839147329330444,0.00234,0.00012,0.00009,0.00278,0.00018,0.00096,0.00648
1598871723.902537345886230,0.00250,0.00018,0.00223,0.00285,0.00119,0.00103,0.00999
1598871723.935980081558228,0.00202,0.00013,0.00158,0.00312,0.00000,0.00112,0.00797
1598871723.969300508499146,0.00233,0.00008,0.00154,0.00304,0.00007,0.00085,0.00790
1598871724.002843141555786,0.00221,0.00025,0.00242,0.00315,0.00000,0.00107,0.00910
1598871724.037316560745239,0.00218,0.00007,0.00114,0.00307,0.00000,0.00084,0.00729
1598871724.070196628570557,0.00238,0.00007,0.00029,0.00301,0.00003,0.00082,0.00660
1598871724.104020595550537,0.00194,0.00009,0.00034,0.00269,0.00010,0.00083,0.00600
1598871724.137264251708984,0.00204,0.00007,0.00001,0.00276,0.00000,0.00086,0.00575
1598871724.170577049255371,0.00252,0.00007,0.00032,0.00269,0.00060,0.00085,0.00705
1598871724.204693317413330,0.00276,0.00021,0.00082,0.00270,0.00019,0.00120,0.00788
1598871724.238600254058838,0.00237,0.00011,0.00001,0.00281,0.00000,0.00097,0.00627
1598871724.272546291351318,0.00284,0.00018,0.00008,0.00264,0.00003,0.00128,0.00706
1598871724.305867195129395,0.00221,0.00006,0.00004,0.00266,0.00172,0.00085,0.00754
1598871724.340414285659790,0.00275,0.00019,0.00195,0.00298,0.00008,0.00121,0.00917
1598871724.372776269912720,0.00212,0.00011,0.00215,0.00297,0.00000,0.00108,0.00844
1598871724.406203269958496,0.00262,0.00016,0.00181,0.00304,0.00044,0.00127,0.00935
1598871724.442450523376465,0.00245,0.00010,0.00063,0.00294,0.00060,0.00095,0.00768
1598871724.506572961807251,0.00232,0.00019,0.00077,0.00272,0.00007,0.00115,0.00723
1598871724.543170213699341,0.00249,0.00009,0.00042,0.00315,0.00000,0.00086,0.00700
1598871724.579387187957764,0.00258,0.00017,0.00180,0.00271,0.00008,0.00142,0.00877
1598871724.641693115234375,0.00257,0.00011,0.00007,0.00296,0.00000,0.00101,0.00671
1598871724.676413059234619,0.00252,0.00020,0.00023,0.00247,0.00053,0.00140,0.00734
1598871724.712651252746582,0.00222,0.00007,0.00018,0.00243,0.00007,0.00086,0.00582
1598871724.747725009918213,0.00286,0.00022,0.00006,0.00260,0.00012,0.00138,0.00724
1598871724.809872865676880,0.00276,0.00012,0.00066,0.00260,0.00173,0.00085,0.00872
1598871724.844255208969116,0.00262,0.00019,0.00147,0.00434,0.00043,0.00137,0.01041
1598871724.877454519271851,0.00281,0.00011,0.00249,0.00300,0.00000,0.00102,0.00942
1598871724.912076950073242,0.00279,0.00015,0.00177,0.00300,0.00008,0.00103,0.00882
1598871724.945152044296265,0.00230,0.00012,0.00066,0.00313,0.00000,0.00101,0.00723
1598871725.013970375061035,0.00214,0.00009,0.00153,0.00301,0.00000,0.00082,0.00760
1598871725.046443462371826,0.00223,0.00006,0.00064,0.00310,0.00000,0.00083,0.00686
1598871725.081679344177246,0.00249,0.00020,0.00195,0.00286,0.00008,0.00110,0.00867
1598871725.147027254104614,0.00279,0.00015,0.00121,0.00316,0.00000,0.00093,0.00824
1598871725.180891752243042,0.00248,0.00007,0.00055,0.00319,0.00000,0.00081,0.00711
1598871725.214412212371826,0.00215,0.00009,0.00030,0.00306,0.00000,0.00082,0.00642
1598871725.281132459640503,0.00221,0.00011,0.00004,0.00297,0.00000,0.00081,0.00615
1598871725.345196247100830,0.00254,0.00008,0.00067,0.00282,0.00008,0.00082,0.00702
1598871725.378879308700562,0.00253,0.00007,0.00122,0.00297,0.00058,0.00083,0.00821
1598871725.414465427398682,0.00226,0.00009,0.00246,0.00311,0.00000,0.00103,0.00896
1598871725.478419065475464,0.00255,0.00008,0.00146,0.00311,0.00000,0.00077,0.00797
1598871725.511828899383545,0.00211,0.00006,0.00054,0.00284,0.00000,0.00105,0.00661
1598871725.547347307205200,0.00242,0.00014,0.00128,0.00272,0.00007,0.00089,0.00752
1598871725.581589698791504,0.00227,0.00010,0.00038,0.00297,0.00000,0.00084,0.00657
1598871725.647084712982178,0.00250,0.00016,0.00220,0.00303,0.00000,0.00091,0.00880
1598871725.679945707321167,0.00274,0.00011,0.00119,0.00303,0.00000,0.00098,0.00805
1598871725.713661670684814,0.00192,0.00010,0.00024,0.00304,0.00008,0.00088,0.00627
1598871725.746415615081787,0.00279,0.00010,0.00035,0.00315,0.00000,0.00150,0.00790
1598871725.780046701431274,0.00201,0.00008,0.00006,0.00321,0.00000,0.00109,0.00645
1598871725.814196348190308,0.00242,0.00006,0.00062,0.00312,0.00000,0.00084,0.00706
1598871725.849791526794434,0.00223,0.00016,0.00105,0.00324,0.00000,0.00109,0.00777
1598871725.917400121688843,0.00186,0.00011,0.00216,0.00303,0.00000,0.00085,0.00801
1598871725.983947753906250,0.00241,0.00015,0.00156,0.00305,0.00000,0.00110,0.00827
1598871726.049674034118652,0.00248,0.00014,0.00064,0.00291,0.00000,0.00092,0.00709
1598871726.083918571472168,0.00145,0.00006,0.00162,0.00297,0.00008,0.00079,0.00698
1598871726.116904258728027,0.00269,0.00012,0.00007,0.00315,0.00000,0.00091,0.00694
1598871726.149616956710815,0.00218,0.00012,0.00310,0.00309,0.00000,0.00108,0.00957
1598871726.183132648468018,0.00210,0.00012,0.00117,0.00329,0.00001,0.00127,0.00796
1598871726.218048572540283,0.00213,0.00007,0.00012,0.00309,0.00010,0.00086,0.00637
1598871726.283623695373535,0.00239,0.00012,0.00001,0.00315,0.00037,0.00130,0.00736
1598871726.316621541976929,0.00224,0.00008,0.00007,0.00317,0.00000,0.00090,0.00645
1598871726.350521326065063,0.00217,0.00010,0.00063,0.00312,0.00000,0.00083,0.00686
1598871726.384068250656128,0.00181,0.00009,0.00061,0.00312,0.00000,0.00085,0.00647
1598871726.417588949203491,0.00210,0.00006,0.00179,0.00344,0.00000,0.00116,0.00855
1598871726.452408790588379,0.00230,0.00011,0.00149,0.00354,0.00000,0.00113,0.00857
1598871726.485057353973389,0.00273,0.00011,0.00063,0.00314,0.00000,0.00092,0.00753
1598871726.518466711044312,0.00241,0.00008,0.00158,0.00310,0.00000,0.00083,0.00799
1598871726.553782463073730,0.00197,0.00012,0.00006,0.00327,0.00000,0.00108,0.00650
1598871726.619670629501343,0.00247,0.00014,0.00299,0.00302,0.00000,0.00095,0.00957
1598871726.653179883956909,0.00193,0.00013,0.00123,0.00323,0.00004,0.00108,0.00764
1598871726.687803745269775,0.00240,0.00018,0.00017,0.00298,0.00011,0.00097,0.00681
1598871726.753155469894409,0.00221,0.00012,0.00006,0.00333,0.00009,0.00104,0.00685
1598871726.787582159042358,0.00201,0.00006,0.00001,0.00351,0.00007,0.00167,0.00732
1598871726.821635723114014,0.00191,0.00011,0.00092,0.00289,0.00005,0.00084,0.00672
1598871726.855016708374023,0.00168,0.00008,0.00006,0.00305,0.00060,0.00080,0.00627
1598871726.887713432312012,0.00235,0.00012,0.00187,0.00317,0.00000,0.00095,0.00846
1598871726.921643018722534,0.00162,0.00016,0.00153,0.00312,0.00000,0.00099,0.00743
1598871726.955428838729858,0.00195,0.00007,0.00059,0.00289,0.00000,0.00082,0.00632
1598871726.988718271255493,0.00154,0.00007,0.00156,0.00284,0.00008,0.00075,0.00685
1598871727.022585630416870,0.00125,0.00006,0.00005,0.00305,0.00007,0.00075,0.00523
1598871727.056810140609741,0.00188,0.00006,0.00198,0.00310,0.00000,0.00081,0.00783
1598871727.089378833770752,0.00184,0.00008,0.00113,0.00352,0.00000,0.00117,0.00773
1598871727.122633934020996,0.00240,0.00008,0.00027,0.00301,0.00000,0.00122,0.00699
1598871727.156361103057861,0.00194,0.00007,0.00006,0.00281,0.00007,0.00078,0.00575
1598871727.189916849136353,0.00299,0.00011,0.00001,0.00302,0.00007,0.00131,0.00752
1598871727.223413228988647,0.00246,0.00015,0.00076,0.00348,0.00010,0.00117,0.00813
1598871727.257452964782715,0.00182,0.00010,0.00005,0.00351,0.00003,0.00092,0.00644
1598871727.291296243667603,0.00222,0.00007,0.00157,0.00297,0.00002,0.00083,0.00769
1598871727.324697494506836,0.00157,0.00006,0.00125,0.00295,0.00003,0.00085,0.00672
1598871727.358484268188477,0.00202,0.00007,0.00001,0.00303,0.00061,0.00089,0.00663
1598871727.393374204635620,0.00244,0.00010,0.00142,0.00317,0.00000,0.00098,0.00812
1598871727.426244020462036,0.00229,0.00009,0.00016,0.00318,0.00000,0.00094,0.00667
1598871727.459198474884033,0.00281,0.00016,0.00205,0.00323,0.00000,0.00161,0.00986
1598871727.498605251312256,0.00217,0.00008,0.00160,0.00322,0.00000,0.00103,0.00810
1598871727.561079263687134,0.00295,0.00023,0.00071,0.00319,0.00000,0.00153,0.00861
1598871727.595016241073608,0.00256,0.00006,0.00001,0.00320,0.00000,0.00099,0.00682
1598871727.629107713699341,0.00290,0.00019,0.00006,0.00320,0.00000,0.00141,0.00776
1598871727.694464206695557,0.00254,0.00008,0.00064,0.00302,0.00000,0.00099,0.00727
1598871727.728505134582520,0.00327,0.00021,0.00464,0.00310,0.00000,0.00153,0.01275
1598871727.761866092681885,0.00240,0.00010,0.00175,0.00290,0.00009,0.00119,0.00843
1598871727.795072555541992,0.00276,0.00011,0.00172,0.00319,0.00008,0.00159,0.00946
1598871727.828788995742798,0.00274,0.00011,0.00001,0.00327,0.00000,0.00105,0.00718
1598871727.896361827850342,0.00281,0.00013,0.00143,0.00314,0.00000,0.00144,0.00894
1598871727.929568290710449,0.00253,0.00006,0.00005,0.00340,0.00000,0.00101,0.00706
1598871727.966606378555298,0.00283,0.00010,0.00177,0.00315,0.00000,0.00142,0.00927
1598871728.031164169311523,0.00293,0.00018,0.00169,0.00316,0.00000,0.00117,0.00913
1598871728.064459562301636,0.00193,0.00006,0.00065,0.00314,0.00000,0.00126,0.00704
1598871728.098186731338501,0.00289,0.00011,0.00001,0.00323,0.00000,0.00105,0.00728
1598871728.131789922714233,0.00238,0.00008,0.00006,0.00322,0.00000,0.00138,0.00711
1598871728.170557498931885,0.00261,0.00007,0.00113,0.00315,0.00000,0.00090,0.00785
1598871728.232457876205444,0.00280,0.00009,0.00425,0.00292,0.00000,0.00127,0.01133
1598871728.266750097274780,0.00239,0.00006,0.00164,0.00276,0.00000,0.00098,0.00784
1598871728.299267768859863,0.00269,0.00013,0.00171,0.00273,0.00014,0.00153,0.00892
1598871728.332894802093506,0.00273,0.00015,0.00006,0.00406,0.00016,0.00102,0.00818
1598871728.365972518920898,0.00267,0.00021,0.00143,0.00310,0.00000,0.00154,0.00895
1598871728.400203704833984,0.00249,0.00007,0.00005,0.00314,0.00000,0.00100,0.00675
1598871728.433623313903809,0.00213,0.00019,0.00190,0.00334,0.00000,0.00138,0.00894
1598871728.468382596969604,0.00278,0.00013,0.00165,0.00315,0.00000,0.00120,0.00890
1598871728.535200119018555,0.00284,0.00023,0.00078,0.00306,0.00000,0.00151,0.00843
1598871728.570114374160767,0.00275,0.00007,0.00018,0.00309,0.00000,0.00103,0.00712
1598871728.635320186614990,0.00295,0.00021,0.00007,0.00299,0.00000,0.00144,0.00767
1598871728.668448925018311,0.00283,0.00011,0.00070,0.00299,0.00000,0.00134,0.00796
1598871728.707128524780273,0.00271,0.00022,0.00441,0.00289,0.00008,0.00143,0.01173
1598871728.769854307174683,0.00364,0.00013,0.00171,0.00302,0.00000,0.00106,0.00956
1598871728.806294918060303,0.00249,0.00008,0.00138,0.00300,0.00000,0.00094,0.00790
1598871728.840209484100342,0.00261,0.00010,0.00001,0.00314,0.00000,0.00086,0.00671
1598871728.903841018676758,0.00227,0.00008,0.00149,0.00302,0.00000,0.00090,0.00776
1598871728.937576532363892,0.00246,0.00007,0.00006,0.00309,0.00000,0.00093,0.00662
1598871728.971428155899048,0.00272,0.00024,0.00202,0.00305,0.00000,0.00158,0.00961
1598871729.011853694915771,0.00254,0.00011,0.00129,0.00305,0.00000,0.00119,0.00818
1598871729.076106309890747,0.00290,0.00022,0.00077,0.00304,0.00000,0.00152,0.00846
1598871729.139279603958130,0.00273,0.00012,0.00001,0.00304,0.00000,0.00100,0.00690
1598871729.174300670623779,0.00294,0.00021,0.00007,0.00303,0.00000,0.00156,0.00781
1598871729.241074323654175,0.00266,0.00013,0.00070,0.00294,0.00008,0.00103,0.00754
1598871729.273659706115723,0.00262,0.00006,0.00411,0.00330,0.00000,0.00128,0.01138
1598871729.308629751205444,0.00250,0.00008,0.00169,0.00323,0.00000,0.00130,0.00880
1598871729.341315507888794,0.00273,0.00012,0.00140,0.00318,0.00000,0.00141,0.00884
1598871729.375291109085083,0.00241,0.00016,0.00001,0.00314,0.00000,0.00119,0.00690
1598871729.407921552658081,0.00280,0.00012,0.00149,0.00294,0.00000,0.00146,0.00881
1598871729.441738843917847,0.00246,0.00010,0.00005,0.00299,0.00000,0.00103,0.00662
1598871729.474427461624146,0.00271,0.00012,0.00210,0.00314,0.00002,0.00144,0.00952
1598871729.507695913314819,0.00278,0.00010,0.00107,0.00285,0.00002,0.00100,0.00782
1598871729.541369915008545,0.00260,0.00006,0.00071,0.00304,0.00033,0.00157,0.00831
1598871729.580299615859985,0.00257,0.00012,0.00001,0.00304,0.00000,0.00105,0.00678
1598871729.641518354415894,0.00257,0.00012,0.00001,0.00301,0.00005,0.00102,0.00678
1598871729.674592256546021,0.00212,0.00006,0.00059,0.00289,0.00003,0.00095,0.00664
1598871729.707938194274902,0.00234,0.00008,0.00387,0.00280,0.00034,0.00093,0.01036
1598871729.740959644317627,0.00258,0.00006,0.00167,0.00280,0.00007,0.00152,0.00869
1598871729.777327775955200,0.00230,0.00020,0.00139,0.00314,0.00008,0.00136,0.00849
1598871729.814132213592529,0.00285,0.00015,0.00002,0.00299,0.00000,0.00111,0.00712
1598871729.874744653701782,0.00262,0.00008,0.00137,0.00276,0.00000,0.00126,0.00809
1598871729.908034563064575,0.00240,0.00007,0.00006,0.00289,0.00000,0.00096,0.00638
1598871729.941849231719971,0.00246,0.00015,0.00223,0.00277,0.00004,0.00112,0.00877
1598871729.976078271865845,0.00300,0.00011,0.00105,0.00286,0.00004,0.00106,0.00813
1598871730.048987388610840,0.00253,0.00012,0.00003,0.00270,0.00069,0.00098,0.00705
1598871730.108056545257568,0.00224,0.00008,0.00002,0.00279,0.00000,0.00094,0.00609
1598871730.141937255859375,0.00231,0.00006,0.00001,0.00278,0.00004,0.00093,0.00613
1598871730.174589872360229,0.00232,0.00009,0.00001,0.00280,0.00061,0.00093,0.00676
1598871730.208291292190552,0.00236,0.00006,0.00391,0.00281,0.00060,0.00094,0.01069
1598871730.242151260375977,0.00252,0.00013,0.00166,0.00294,0.00002,0.00101,0.00829
1598871730.275359630584717,0.00207,0.00015,0.00122,0.00302,0.00003,0.00113,0.00763
1598871730.308053493499756,0.00241,0.00009,0.00001,0.00304,0.00000,0.00104,0.00658
1598871730.342090606689453,0.00282,0.00019,0.00137,0.00297,0.00005,0.00150,0.00891
1598871730.374919176101685,0.00229,0.00007,0.00004,0.00303,0.00034,0.00093,0.00671
1598871730.408770561218262,0.00251,0.00018,0.00191,0.00341,0.00000,0.00130,0.00932
1598871730.441730976104736,0.00243,0.00007,0.00102,0.00342,0.00000,0.00092,0.00787
1598871730.475443363189697,0.00236,0.00012,0.00017,0.00325,0.00000,0.00145,0.00734
1598871730.508104324340820,0.00270,0.00010,0.00034,0.00318,0.00000,0.00106,0.00739
1598871730.547694921493530,0.00226,0.00015,0.00007,0.00324,0.00000,0.00122,0.00694
1598871730.608842849731445,0.00250,0.00011,0.00005,0.00317,0.00000,0.00099,0.00683
1598871730.646646738052368,0.00190,0.00009,0.00389,0.00312,0.00000,0.00092,0.00992
1598871730.709071397781372,0.00236,0.00011,0.00147,0.00313,0.00000,0.00090,0.00797
1598871730.742053031921387,0.00196,0.00009,0.00116,0.00344,0.00000,0.00123,0.00789
1598871730.775865793228149,0.00235,0.00015,0.00001,0.00334,0.00000,0.00108,0.00692
1598871730.809582710266113,0.00306,0.00010,0.00119,0.00312,0.00000,0.00104,0.00851
1598871730.842133283615112,0.00235,0.00010,0.00006,0.00323,0.00000,0.00093,0.00667
1598871730.875986337661743,0.00240,0.00009,0.00147,0.00310,0.00000,0.00128,0.00834
1598871730.910039424896240,0.00276,0.00008,0.00106,0.00296,0.00000,0.00089,0.00776
1598871730.942479372024536,0.00240,0.00008,0.00001,0.00306,0.00013,0.00089,0.00657
1598871730.976072788238525,0.00248,0.00011,0.00001,0.00345,0.00038,0.00111,0.00755
1598871731.009053468704224,0.00237,0.00013,0.00006,0.00313,0.00000,0.00102,0.00671
1598871731.042478322982788,0.00259,0.00014,0.00006,0.00311,0.00000,0.00122,0.00712
1598871731.081900358200073,0.00207,0.00009,0.00385,0.00295,0.00008,0.00097,0.01002
1598871731.142453193664551,0.00240,0.00013,0.00147,0.00317,0.00000,0.00092,0.00810
1598871731.175805807113647,0.00178,0.00007,0.00071,0.00304,0.00000,0.00081,0.00642
1598871731.210726261138916,0.00160,0.00007,0.00001,0.00307,0.00000,0.00078,0.00553
1598871731.275503396987915,0.00192,0.00008,0.00117,0.00304,0.00000,0.00079,0.00700
1598871731.310140848159790,0.00190,0.00007,0.00004,0.00309,0.00000,0.00080,0.00590
1598871731.376585721969604,0.00193,0.00009,0.00140,0.00306,0.00000,0.00110,0.00757
1598871731.442812442779541,0.00225,0.00012,0.00110,0.00324,0.00000,0.00107,0.00778
1598871731.476147651672363,0.00248,0.00023,0.00017,0.00348,0.00000,0.00155,0.00792
1598871731.509937286376953,0.00260,0.00009,0.00001,0.00309,0.00000,0.00098,0.00677
1598871731.542750358581543,0.00234,0.00016,0.00004,0.00303,0.00000,0.00125,0.00683
1598871731.576077222824097,0.00231,0.00008,0.00008,0.00342,0.00000,0.00104,0.00694
1598871731.609227895736694,0.00222,0.00016,0.00375,0.00372,0.00000,0.00157,0.01142
1598871731.642508983612061,0.00250,0.00009,0.00146,0.00305,0.00000,0.00101,0.00811
1598871731.676334857940674,0.00245,0.00022,0.00081,0.00311,0.00000,0.00158,0.00817
1598871731.711006641387939,0.00262,0.00009,0.00001,0.00312,0.00000,0.00104,0.00688
1598871731.745927810668945,0.00212,0.00021,0.00127,0.00304,0.00000,0.00159,0.00822
1598871731.808816194534302,0.00247,0.00012,0.00006,0.00307,0.00000,0.00105,0.00677
1598871731.842741012573242,0.00249,0.00018,0.00155,0.00300,0.00000,0.00134,0.00856
1598871731.876120567321777,0.00249,0.00007,0.00020,0.00307,0.00000,0.00095,0.00678
1598871731.910554647445679,0.00241,0.00018,0.00013,0.00307,0.00000,0.00131,0.00709
1598871731.943364858627319,0.00246,0.00006,0.00001,0.00305,0.00000,0.00091,0.00650
1598871731.976552248001099,0.00265,0.00022,0.00008,0.00311,0.00000,0.00135,0.00742
1598871732.010409116744995,0.00226,0.00007,0.00008,0.00309,0.00000,0.00116,0.00666
1598871732.044265508651733,0.00229,0.00017,0.00359,0.00296,0.00002,0.00128,0.01032
1598871732.109418153762817,0.00233,0.00011,0.00153,0.00293,0.00002,0.00091,0.00784
1598871732.143686771392822,0.00236,0.00018,0.00069,0.00297,0.00003,0.00126,0.00751
1598871732.176620960235596,0.00245,0.00007,0.00001,0.00309,0.00000,0.00091,0.00653
1598871732.210239887237549,0.00242,0.00018,0.00063,0.00298,0.00003,0.00128,0.00752
1598871732.244219064712524,0.00270,0.00009,0.00005,0.00291,0.00004,0.00101,0.00681
1598871732.277269601821899,0.00219,0.00018,0.00133,0.00279,0.00060,0.00125,0.00835
1598871732.311503648757935,0.00281,0.00017,0.00024,0.00390,0.00006,0.00118,0.00835
1598871732.344738960266113,0.00234,0.00014,0.00001,0.00308,0.00012,0.00115,0.00684
1598871732.379079103469849,0.00202,0.00010,0.00001,0.00303,0.00000,0.00093,0.00610
1598871732.413398742675781,0.00269,0.00025,0.00001,0.00336,0.00004,0.00149,0.00783
1598871732.445976495742798,0.00237,0.00013,0.00001,0.00379,0.00003,0.00088,0.00721
1598871732.479447126388550,0.00360,0.00021,0.00356,0.00292,0.00002,0.00148,0.01179
1598871732.517225265502930,0.00294,0.00009,0.00131,0.00300,0.00003,0.00103,0.00840
1598871732.580888271331787,0.00291,0.00019,0.00072,0.00297,0.00003,0.00175,0.00857
1598871732.613573312759399,0.00253,0.00006,0.00001,0.00308,0.00000,0.00103,0.00671
1598871732.647171735763550,0.00276,0.00017,0.00065,0.00296,0.00003,0.00145,0.00803
1598871732.680071592330933,0.00292,0.00007,0.00019,0.00300,0.00003,0.00098,0.00718
1598871732.717134714126587,0.00252,0.00016,0.00108,0.00291,0.00002,0.00137,0.00806
1598871732.781033754348755,0.00243,0.00008,0.00015,0.00299,0.00002,0.00095,0.00663
1598871732.813496828079224,0.00223,0.00016,0.00001,0.00292,0.00011,0.00130,0.00675
1598871732.846647739410400,0.00298,0.00009,0.00001,0.00301,0.00000,0.00152,0.00763
1598871732.880139827728271,0.00312,0.00023,0.00002,0.00307,0.00004,0.00160,0.00807
1598871732.914453983306885,0.00258,0.00010,0.00648,0.00295,0.00059,0.00117,0.01387
1598871732.947702169418335,0.00313,0.00024,0.00322,0.00308,0.00000,0.00149,0.01115
1598871732.980488061904907,0.00370,0.00011,0.00149,0.00343,0.00000,0.00116,0.00989
1598871733.014029741287231,0.00290,0.00015,0.00081,0.00304,0.00002,0.00145,0.00838
1598871733.047776937484741,0.00317,0.00015,0.00006,0.00315,0.00000,0.00125,0.00778
1598871733.080666065216064,0.00324,0.00013,0.00120,0.00353,0.00004,0.00120,0.00934
1598871733.114027976989746,0.00262,0.00009,0.00001,0.00306,0.00003,0.00125,0.00706
1598871733.147178649902344,0.00261,0.00017,0.00079,0.00313,0.00003,0.00139,0.00811
1598871733.188629865646362,0.00261,0.00006,0.00013,0.00305,0.00002,0.00105,0.00693
1598871733.246799468994141,0.00298,0.00022,0.00002,0.00308,0.00014,0.00147,0.00791
1598871733.280972957611084,0.00269,0.00006,0.00001,0.00319,0.00000,0.00107,0.00702
1598871733.314057588577271,0.00275,0.00017,0.00001,0.00333,0.00004,0.00187,0.00817
1598871733.347704172134399,0.00279,0.00011,0.00548,0.00307,0.00004,0.00116,0.01266
1598871733.381081342697144,0.00323,0.00018,0.00324,0.00299,0.00003,0.00154,0.01121
1598871733.414374828338623,0.00277,0.00010,0.00153,0.00334,0.00003,0.00109,0.00886
1598871733.447428703308105,0.00265,0.00021,0.00076,0.00307,0.00003,0.00174,0.00847
1598871733.481165647506714,0.00269,0.00007,0.00001,0.00304,0.00000,0.00115,0.00697
1598871733.516476392745972,0.00264,0.00018,0.00113,0.00300,0.00003,0.00143,0.00841
1598871733.549627304077148,0.00258,0.00007,0.00001,0.00307,0.00003,0.00106,0.00682
1598871733.614290714263916,0.00302,0.00021,0.00079,0.00300,0.00004,0.00148,0.00856
1598871733.647288560867310,0.00265,0.00006,0.00013,0.00306,0.00002,0.00105,0.00698
1598871733.680612325668335,0.00302,0.00017,0.00004,0.00305,0.00011,0.00138,0.00777
1598871733.714838027954102,0.00233,0.00006,0.00001,0.00312,0.00000,0.00104,0.00656
1598871733.747437477111816,0.00248,0.00019,0.00004,0.00305,0.00002,0.00144,0.00721
1598871733.782008171081543,0.00252,0.00006,0.00529,0.00297,0.00003,0.00102,0.01190
1598871733.847229480743408,0.00269,0.00018,0.00342,0.00285,0.00003,0.00142,0.01059
1598871733.883426427841187,0.00272,0.00010,0.00149,0.00285,0.00009,0.00112,0.00837
1598871733.920670032501221,0.00261,0.00007,0.00071,0.00302,0.00005,0.00103,0.00749
1598871733.983693122863770,0.00253,0.00008,0.00001,0.00307,0.00000,0.00104,0.00673
1598871734.048850536346436,0.00253,0.00008,0.00115,0.00318,0.00060,0.00104,0.00858
1598871734.082556486129761,0.00232,0.00006,0.00005,0.00319,0.00000,0.00097,0.00659
1598871734.115972757339478,0.00259,0.00016,0.00168,0.00293,0.00000,0.00137,0.00873
1598871734.151701211929321,0.00257,0.00009,0.00105,0.00288,0.00000,0.00104,0.00763
1598871734.213693618774414,0.00283,0.00021,0.00015,0.00288,0.00000,0.00146,0.00753
1598871734.247687816619873,0.00270,0.00008,0.00028,0.00310,0.00000,0.00108,0.00724
1598871734.281463861465454,0.00291,0.00022,0.00002,0.00317,0.00000,0.00153,0.00785
1598871734.315411806106567,0.00264,0.00007,0.00485,0.00334,0.00000,0.00161,0.01251
1598871734.381626129150391,0.00340,0.00022,0.00405,0.00318,0.00000,0.00153,0.01239
1598871734.414375066757202,0.00259,0.00007,0.00179,0.00307,0.00038,0.00096,0.00885
1598871734.448957443237305,0.00278,0.00021,0.00048,0.00324,0.00000,0.00151,0.00822
1598871734.482035875320435,0.00221,0.00009,0.00005,0.00320,0.00017,0.00120,0.00692
1598871734.516356468200684,0.00279,0.00009,0.00113,0.00308,0.00000,0.00164,0.00872
1598871734.548816680908203,0.00261,0.00010,0.00033,0.00310,0.00000,0.00110,0.00724
1598871734.581798791885376,0.00274,0.00006,0.00198,0.00297,0.00000,0.00133,0.00909
1598871734.614625692367554,0.00259,0.00007,0.00150,0.00293,0.00002,0.00098,0.00809
1598871734.648263454437256,0.00284,0.00011,0.00001,0.00306,0.00013,0.00144,0.00759
1598871734.681962490081787,0.00270,0.00012,0.00006,0.00307,0.00000,0.00120,0.00715
1598871734.715770244598389,0.00255,0.00006,0.00001,0.00303,0.00000,0.00134,0.00699
1598871734.750171422958374,0.00238,0.00007,0.00554,0.00285,0.00058,0.00099,0.01240
1598871734.815169095993042,0.00274,0.00018,0.00333,0.00321,0.00033,0.00129,0.01108
1598871734.848821163177490,0.00283,0.00012,0.00166,0.00305,0.00000,0.00117,0.00883
1598871734.882488489151001,0.00234,0.00006,0.00069,0.00359,0.00000,0.00102,0.00772
1598871734.914865732192993,0.00246,0.00009,0.00001,0.00311,0.00000,0.00094,0.00661
1598871734.948183059692383,0.00255,0.00009,0.00086,0.00309,0.00000,0.00099,0.00758
1598871734.982167482376099,0.00270,0.00007,0.00031,0.00309,0.00000,0.00099,0.00717
1598871735.015972852706909,0.00363,0.00023,0.00216,0.00308,0.00000,0.00162,0.01073
1598871735.051737785339355,0.00290,0.00009,0.00182,0.00295,0.00000,0.00106,0.00883
1598871735.088212966918945,0.00320,0.00021,0.00015,0.00343,0.00000,0.00157,0.00856
1598871735.149694681167603,0.00281,0.00011,0.00001,0.00302,0.00000,0.00110,0.00707
1598871735.183341979980469,0.00281,0.00018,0.00003,0.00298,0.00009,0.00138,0.00747
1598871735.248810291290283,0.00300,0.00014,0.00611,0.00310,0.00000,0.00116,0.01351
1598871735.282170772552490,0.00264,0.00011,0.00348,0.00303,0.00000,0.00125,0.01052
1598871735.316865921020508,0.00311,0.00013,0.00196,0.00301,0.00000,0.00108,0.00928
1598871735.382833957672119,0.00271,0.00012,0.00118,0.00301,0.00000,0.00101,0.00804
1598871735.415289163589478,0.00315,0.00008,0.00001,0.00337,0.00000,0.00103,0.00763
1598871735.449318408966064,0.00272,0.00016,0.00085,0.00299,0.00000,0.00139,0.00812
1598871735.482604980468750,0.00216,0.00006,0.00029,0.00306,0.00000,0.00099,0.00656
1598871735.520302295684814,0.00276,0.00020,0.00217,0.00302,0.00000,0.00158,0.00973
1598871735.552560329437256,0.00280,0.00012,0.00143,0.00301,0.00000,0.00108,0.00844
1598871735.616897106170654,0.00258,0.00025,0.00022,0.00318,0.00000,0.00169,0.00792
1598871735.652004480361938,0.00260,0.00010,0.00002,0.00315,0.00000,0.00123,0.00711
1598871735.684593915939331,0.00305,0.00019,0.00001,0.00310,0.00000,0.00173,0.00809
1598871735.718230009078979,0.00263,0.00010,0.00553,0.00300,0.00000,0.00111,0.01237
1598871735.782894372940063,0.00250,0.00020,0.00337,0.00301,0.00000,0.00140,0.01048
1598871735.848762035369873,0.00271,0.00009,0.00158,0.00300,0.00000,0.00096,0.00834
1598871735.882060766220093,0.00301,0.00020,0.00119,0.00333,0.00000,0.00146,0.00919
1598871735.917273283004761,0.00221,0.00007,0.00001,0.00337,0.00000,0.00130,0.00695
1598871735.982841730117798,0.00284,0.00021,0.00057,0.00304,0.00000,0.00167,0.00832
1598871736.015640497207642,0.00279,0.00009,0.00058,0.00302,0.00000,0.00117,0.00767
1598871736.049721240997314,0.00253,0.00020,0.00154,0.00334,0.00000,0.00140,0.00902
1598871736.083367586135864,0.00260,0.00009,0.00136,0.00310,0.00000,0.00118,0.00833
1598871736.116621494293213,0.00300,0.00020,0.00018,0.00294,0.00000,0.00139,0.00772
1598871736.149369478225708,0.00292,0.00009,0.00001,0.00295,0.00000,0.00106,0.00703
1598871736.183300018310547,0.00249,0.00021,0.00085,0.00286,0.00000,0.00136,0.00777
1598871736.217027664184570,0.00259,0.00009,0.00488,0.00286,0.00059,0.00104,0.01205
1598871736.283121585845947,0.00259,0.00019,0.00309,0.00307,0.00000,0.00181,0.01075
1598871736.316383600234985,0.00273,0.00009,0.00160,0.00303,0.00000,0.00131,0.00877
1598871736.352786302566528,0.00257,0.00007,0.00062,0.00293,0.00000,0.00124,0.00743
1598871736.416537284851074,0.00269,0.00017,0.00007,0.00305,0.00001,0.00114,0.00713
1598871736.450197935104370,0.00245,0.00009,0.00004,0.00299,0.00002,0.00101,0.00662
1598871736.483655691146851,0.00218,0.00009,0.00001,0.00297,0.00003,0.00124,0.00652
1598871736.520930767059326,0.00284,0.00007,0.00073,0.00290,0.00002,0.00095,0.00752
1598871736.583363533020020,0.00304,0.00013,0.00073,0.00291,0.00037,0.00111,0.00830
1598871736.619268178939819,0.00287,0.00019,0.00017,0.00307,0.00000,0.00146,0.00777
1598871736.652195215225220,0.00199,0.00009,0.00001,0.00313,0.00000,0.00098,0.00620
1598871736.684758186340332,0.00259,0.00006,0.00001,0.00306,0.00000,0.00126,0.00698
1598871736.717016220092773,0.00241,0.00007,0.00433,0.00301,0.00000,0.00090,0.01072
1598871736.749274253845215,0.00224,0.00007,0.00305,0.00300,0.00000,0.00089,0.00925
1598871736.783810138702393,0.00218,0.00009,0.00142,0.00302,0.00000,0.00099,0.00769
1598871736.817200660705566,0.00255,0.00015,0.00019,0.00316,0.00000,0.00114,0.00719
1598871736.852173328399658,0.00282,0.00009,0.00004,0.00312,0.00000,0.00099,0.00706
1598871736.884948968887329,0.00264,0.00015,0.00005,0.00304,0.00000,0.00142,0.00731
1598871736.952645540237427,0.00255,0.00009,0.00006,0.00345,0.00000,0.00095,0.00711
1598871737.019854545593262,0.00246,0.00019,0.00073,0.00339,0.00000,0.00129,0.00806
1598871737.052962541580200,0.00245,0.00006,0.00067,0.00301,0.00000,0.00095,0.00715
1598871737.116700410842896,0.00266,0.00021,0.00018,0.00304,0.00000,0.00158,0.00766
1598871737.154911994934082,0.00254,0.00009,0.00038,0.00296,0.00000,0.00132,0.00730
1598871737.216706752777100,0.00255,0.00023,0.00003,0.00299,0.00000,0.00136,0.00716
1598871737.249950647354126,0.00272,0.00007,0.00396,0.00293,0.00060,0.00092,0.01120
1598871737.285123109817505,0.00239,0.00019,0.00318,0.00302,0.00000,0.00151,0.01029
1598871737.351612806320190,0.00253,0.00012,0.00165,0.00304,0.00000,0.00105,0.00840
1598871737.384656906127930,0.00216,0.00019,0.00061,0.00308,0.00000,0.00132,0.00736
1598871737.417087078094482,0.00251,0.00006,0.00004,0.00327,0.00000,0.00133,0.00721
1598871737.450345754623413,0.00262,0.00019,0.00008,0.00320,0.00000,0.00150,0.00759
1598871737.488697767257690,0.00240,0.00010,0.00007,0.00309,0.00000,0.00096,0.00661
1598871737.549910306930542,0.00272,0.00021,0.00182,0.00302,0.00000,0.00150,0.00926
1598871737.584531784057617,0.00249,0.00010,0.00135,0.00306,0.00000,0.00111,0.00810
1598871737.617539167404175,0.00254,0.00019,0.00013,0.00317,0.00000,0.00140,0.00745
1598871737.649849653244019,0.00252,0.00008,0.00001,0.00316,0.00000,0.00095,0.00671
1598871737.688916921615601,0.00244,0.00018,0.00031,0.00325,0.00000,0.00147,0.00764
1598871737.751656055450439,0.00288,0.00012,0.00314,0.00307,0.00000,0.00097,0.01018
1598871737.784163951873779,0.00184,0.00016,0.00302,0.00346,0.00000,0.00122,0.00970
1598871737.816963434219360,0.00327,0.00009,0.00162,0.00301,0.00000,0.00091,0.00891
1598871737.850584268569946,0.00256,0.00020,0.00067,0.00303,0.00000,0.00139,0.00785
1598871737.884664773941040,0.00283,0.00009,0.00006,0.00311,0.00000,0.00104,0.00713
1598871737.951880931854248,0.00256,0.00020,0.00056,0.00305,0.00000,0.00129,0.00765
1598871737.984948635101318,0.00254,0.00007,0.00004,0.00309,0.00000,0.00093,0.00667
1598871738.018392086029053,0.00266,0.00018,0.00203,0.00304,0.00000,0.00148,0.00940
1598871738.052457332611084,0.00215,0.00008,0.00140,0.00304,0.00000,0.00096,0.00763
1598871738.117369174957275,0.00299,0.00020,0.00013,0.00308,0.00000,0.00128,0.00768
1598871738.152040481567383,0.00225,0.00015,0.00001,0.00312,0.00000,0.00091,0.00644
1598871738.184722661972046,0.00208,0.00019,0.00032,0.00306,0.00000,0.00129,0.00693
1598871738.219500541687012,0.00269,0.00011,0.00280,0.00302,0.00000,0.00107,0.00969
1598871738.285271883010864,0.00237,0.00019,0.00322,0.00301,0.00000,0.00126,0.01006
1598871738.358180284500122,0.00251,0.00011,0.00202,0.00301,0.00000,0.00098,0.00863
1598871738.417491674423218,0.00247,0.00022,0.00066,0.00306,0.00000,0.00137,0.00778
1598871738.451564073562622,0.00242,0.00010,0.00006,0.00329,0.00000,0.00113,0.00700
1598871738.490707874298096,0.00247,0.00018,0.00056,0.00275,0.00000,0.00128,0.00724
1598871738.552235126495361,0.00268,0.00011,0.00039,0.00300,0.00002,0.00096,0.00717
1598871738.584714174270630,0.00215,0.00018,0.00196,0.00283,0.00060,0.00121,0.00894
1598871738.618444204330444,0.00233,0.00007,0.00139,0.00289,0.00000,0.00082,0.00750
1598871738.650998830795288,0.00238,0.00007,0.00014,0.00298,0.00007,0.00099,0.00662
1598871738.691057443618774,0.00215,0.00010,0.00001,0.00303,0.00000,0.00086,0.00614
1598871738.751998901367188,0.00248,0.00008,0.00030,0.00339,0.00000,0.00115,0.00740
1598871738.784433841705322,0.00294,0.00009,0.00256,0.00296,0.00000,0.00101,0.00957
1598871738.817261934280396,0.00261,0.00015,0.00333,0.00297,0.00000,0.00133,0.01039
1598871738.851786851882935,0.00281,0.00010,0.00198,0.00275,0.00000,0.00103,0.00868
1598871738.886343479156494,0.00248,0.00017,0.00060,0.00267,0.00000,0.00133,0.00725
1598871738.919956445693970,0.00231,0.00007,0.00006,0.00275,0.00010,0.00096,0.00625
1598871738.952708005905151,0.00263,0.00007,0.00055,0.00251,0.00044,0.00129,0.00751
1598871738.987581968307495,0.00268,0.00010,0.00118,0.00262,0.00000,0.00114,0.00772
1598871739.053656101226807,0.00272,0.00021,0.00226,0.00246,0.00016,0.00142,0.00924
1598871739.086668968200684,0.00260,0.00009,0.00133,0.00263,0.00034,0.00099,0.00798
1598871739.152930498123169,0.00288,0.00009,0.00028,0.00265,0.00010,0.00124,0.00724
1598871739.185498714447021,0.00246,0.00011,0.00057,0.00263,0.00001,0.00104,0.00683
1598871739.219496250152588,0.00278,0.00010,0.00237,0.00251,0.00090,0.00126,0.00992
1598871739.253014802932739,0.00260,0.00009,0.00145,0.00261,0.00095,0.00100,0.00869
1598871739.286628484725952,0.00266,0.00008,0.00275,0.00292,0.00002,0.00092,0.00936
1598871739.320261240005493,0.00298,0.00011,0.00182,0.00237,0.00059,0.00118,0.00904
1598871739.353471755981445,0.00258,0.00006,0.00011,0.00250,0.00059,0.00125,0.00709
1598871739.386353492736816,0.00247,0.00007,0.00004,0.00251,0.00065,0.00095,0.00669
1598871739.419721603393555,0.00317,0.00010,0.00014,0.00286,0.00036,0.00141,0.00803
1598871739.452265024185181,0.00274,0.00012,0.00134,0.00254,0.00038,0.00107,0.00820
1598871739.487842798233032,0.00260,0.00009,0.00174,0.00249,0.00058,0.00136,0.00887
1598871739.553587436676025,0.00282,0.00012,0.00063,0.00240,0.00066,0.00093,0.00756
1598871739.586124658584595,0.00255,0.00007,0.00016,0.00243,0.00013,0.00123,0.00656
1598871739.618940591812134,0.00235,0.00007,0.00032,0.00269,0.00007,0.00084,0.00634
1598871739.651889085769653,0.00233,0.00007,0.00161,0.00281,0.00033,0.00122,0.00837
1598871739.687306880950928,0.00216,0.00006,0.00473,0.00273,0.00000,0.00084,0.01052
1598871739.719695329666138,0.00213,0.00007,0.00211,0.00250,0.00000,0.00120,0.00802
1598871739.790414333343506,0.00230,0.00010,0.00185,0.00221,0.00045,0.00089,0.00780
1598871739.852788925170898,0.00261,0.00012,0.00037,0.00278,0.00000,0.00177,0.00764
1598871739.887844562530518,0.00538,0.00010,0.00014,0.00253,0.00063,0.00100,0.00978
1598871739.920133113861084,0.00259,0.00007,0.00004,0.00236,0.00012,0.00133,0.00650
1598871739.953084707260132,0.00254,0.00006,0.00001,0.00260,0.00086,0.00080,0.00688
1598871739.988126754760742,0.00271,0.00009,0.00121,0.00245,0.00094,0.00120,0.00860
1598871740.020570039749146,0.00249,0.00012,0.00051,0.00276,0.00039,0.00107,0.00735
1598871740.052983999252319,0.00255,0.00011,0.00015,0.00317,0.00000,0.00139,0.00738
1598871740.087963342666626,0.00219,0.00008,0.00056,0.00290,0.00000,0.00093,0.00665
1598871740.120197057723999,0.00272,0.00006,0.00145,0.00279,0.00000,0.00123,0.00827
1598871740.153617382049561,0.00210,0.00006,0.00428,0.00265,0.00000,0.00091,0.01000
1598871740.219624757766724,0.00284,0.00015,0.00205,0.00247,0.00061,0.00153,0.00964
1598871740.253156423568726,0.00251,0.00012,0.00166,0.00215,0.00091,0.00111,0.00847
1598871740.288722515106201,0.00255,0.00011,0.00007,0.00248,0.00000,0.00101,0.00621
1598871740.354867458343506,0.00261,0.00017,0.00151,0.00216,0.00066,0.00102,0.00813
1598871740.418244838714600,0.00270,0.00011,0.00018,0.00196,0.00043,0.00095,0.00634
1598871740.452846050262451,0.00252,0.00007,0.00007,0.00190,0.00001,0.00087,0.00544
1598871740.487225294113159,0.00227,0.00012,0.00039,0.00193,0.00179,0.00106,0.00755
1598871740.553059577941895,0.00247,0.00012,0.00037,0.00224,0.00035,0.00095,0.00649
