# timestamp (sec),tracking,propagation,msckf update,slam update,slam delayed,re-tri & marg,total
1403637135.371432304382324,0.00363,0.00008,0.00089,0.00000,0.00000,0.00124,0.00584
1403637135.421432256698608,0.00270,0.00005,0.00119,0.00000,0.00000,0.00065,0.00460
1403637135.485792875289917,0.00320,0.00008,0.00121,0.00000,0.00000,0.00106,0.00556
1403637135.536556005477905,0.00315,0.00010,0.00024,0.00000,0.00000,0.00096,0.00445
1403637135.586555957794189,0.00215,0.00008,0.00018,0.00000,0.00000,0.00074,0.00315
1403637135.636944293975830,0.00280,0.00009,0.00028,0.00000,0.00000,0.00154,0.00472
1403637135.685777187347412,0.00260,0.00009,0.00031,0.00000,0.00000,0.00103,0.00403
1403637135.735518932342529,0.00290,0.00008,0.00026,0.00000,0.00000,0.00097,0.00421
1403637135.785745859146118,0.00260,0.00008,0.00020,0.00000,0.00000,0.00094,0.00382
1403637135.835983037948608,0.00208,0.00012,0.00022,0.00000,0.00000,0.00114,0.00357
1403637135.885982990264893,0.00212,0.00008,0.00005,0.00000,0.00000,0.00091,0.00316
1403637135.937556028366089,0.00162,0.00009,0.00041,0.00000,0.00000,0.00089,0.00301
1403637135.986973762512207,0.00148,0.00007,0.00056,0.00000,0.00000,0.00085,0.00296
1403637136.036446809768677,0.00148,0.00007,0.00196,0.00000,0.00000,0.00089,0.00442
1403637136.087150096893311,0.00132,0.00007,0.00230,0.00000,0.00000,0.00081,0.00451
1403637136.137150049209595,0.00220,0.00007,0.00008,0.00000,0.00136,0.00082,0.00454
1403637136.187150001525879,0.00235,0.00010,0.00030,0.00000,0.00040,0.00124,0.00438
1403637136.237143993377686,0.00172,0.00010,0.00034,0.00000,0.00008,0.00114,0.00337
1403637136.287144184112549,0.00234,0.00007,0.00050,0.00000,0.00126,0.00088,0.00505
1403637136.337217092514038,0.00161,0.00007,0.00043,0.00000,0.00033,0.00077,0.00321
1403637136.387217044830322,0.00263,0.00007,0.00023,0.00000,0.00000,0.00077,0.00370
1403637136.437216997146606,0.00312,0.00008,0.00023,0.00000,0.00000,0.00079,0.00422
1403637136.487353324890137,0.00241,0.00008,0.00028,0.00000,0.00000,0.00078,0.00355
1403637136.538928270339966,0.00253,0.00008,0.00044,0.00000,0.00025,0.00083,0.00414
1403637136.590832471847534,0.00227,0.00008,0.00027,0.00003,0.00053,0.00087,0.00406
1403637136.640851974487305,0.00193,0.00008,0.00032,0.00005,0.00116,0.00087,0.00442
1403637136.690375804901123,0.00218,0.00010,0.00009,0.00007,0.00091,0.00121,0.00455
1403637136.740110397338867,0.00243,0.00010,0.00028,0.00007,0.00072,0.00107,0.00467
1403637136.789983510971069,0.00310,0.00010,0.00036,0.00006,0.00000,0.00117,0.00480
1403637136.839647293090820,0.00258,0.00008,0.00035,0.00006,0.00030,0.00094,0.00430
1403637136.889524221420288,0.00247,0.00010,0.00139,0.00004,0.00060,0.00111,0.00571
1403637136.939219236373901,0.00272,0.00008,0.00039,0.00008,0.00111,0.00074,0.00512
1403637136.989096164703369,0.00259,0.00011,0.00050,0.00006,0.00052,0.00110,0.00488
1403637137.039113998413086,0.00263,0.00011,0.00040,0.00003,0.00011,0.00103,0.00431
1403637137.089039325714111,0.00288,0.00009,0.00035,0.00003,0.00010,0.00136,0.00482
1403637137.139006614685059,0.00237,0.00010,0.00009,0.00003,0.00022,0.00119,0.00400
1403637137.188876152038574,0.00223,0.00011,0.00015,0.00005,0.00015,0.00106,0.00375
1403637137.238806962966919,0.00192,0.00008,0.00005,0.00005,0.00065,0.00081,0.00356
1403637137.288689136505127,0.00202,0.00009,0.00005,0.00005,0.00033,0.00085,0.00339
1403637137.338623285293579,0.00160,0.00008,0.00015,0.00005,0.00063,0.00092,0.00344
1403637137.388588905334473,0.00162,0.00008,0.00019,0.00006,0.00000,0.00086,0.00282
1403637137.438434839248657,0.00217,0.00010,0.00028,0.00006,0.00074,0.00131,0.00466
1403637137.488392353057861,0.00275,0.00010,0.00066,0.00007,0.00118,0.00114,0.00589
1403637137.538512945175171,0.00218,0.00010,0.00024,0.00008,0.00136,0.00087,0.00484
1403637137.588437795639038,0.00267,0.00010,0.00046,0.00013,0.00118,0.00113,0.00566
1403637137.638434410095215,0.00332,0.00012,0.00041,0.00012,0.00056,0.00121,0.00574
1403637137.688434839248657,0.00275,0.00011,0.00028,0.00010,0.00045,0.00145,0.00514
1403637137.738430976867676,0.00237,0.00010,0.00024,0.00010,0.00067,0.00108,0.00456
1403637137.788360357284546,0.00248,0.00010,0.00029,0.00009,0.00108,0.00110,0.00514
1403637137.838397979736328,0.00240,0.00008,0.00016,0.00010,0.00123,0.00077,0.00474
1403637137.888436794281006,0.00287,0.00008,0.00057,0.00010,0.00033,0.00077,0.00471
1403637137.938369035720825,0.00281,0.00011,0.00031,0.00010,0.00080,0.00113,0.00526
1403637137.988378047943115,0.00232,0.00011,0.00009,0.00011,0.00000,0.00119,0.00383
1403637138.038432359695435,0.00266,0.00008,0.00018,0.00010,0.00033,0.00095,0.00430
1403637138.088561773300171,0.00235,0.00010,0.00056,0.00010,0.00055,0.00113,0.00479
1403637138.138537883758545,0.00310,0.00009,0.00056,0.00009,0.00000,0.00089,0.00473
1403637138.188449144363403,0.00308,0.00008,0.00063,0.00007,0.00038,0.00086,0.00510
1403637138.238316297531128,0.00323,0.00008,0.00029,0.00007,0.00101,0.00094,0.00561
1403637138.288151264190674,0.00312,0.00008,0.00160,0.00012,0.00032,0.00079,0.00604
1403637138.338138818740845,0.00287,0.00008,0.00098,0.00010,0.00043,0.00087,0.00533
1403637138.388123989105225,0.00314,0.00010,0.00055,0.00009,0.00033,0.00092,0.00513
1403637138.438138723373413,0.00271,0.00008,0.00045,0.00008,0.00032,0.00091,0.00455
1403637138.488150358200073,0.00253,0.00008,0.00023,0.00007,0.00006,0.00125,0.00422
1403637138.538172006607056,0.00273,0.00009,0.00027,0.00007,0.00042,0.00109,0.00467
1403637138.588178634643555,0.00198,0.00008,0.00010,0.00007,0.00000,0.00096,0.00320
1403637138.638192653656006,0.00184,0.00008,0.00000,0.00008,0.00000,0.00101,0.00301
1403637138.688200950622559,0.00213,0.00011,0.00001,0.00011,0.00032,0.00127,0.00395
1403637138.738211154937744,0.00218,0.00008,0.00010,0.00008,0.00014,0.00089,0.00346
1403637138.788205623626709,0.00209,0.00009,0.00029,0.00006,0.00085,0.00118,0.00457
1403637138.838194370269775,0.00248,0.00008,0.00017,0.00004,0.00055,0.00101,0.00433
1403637138.888195037841797,0.00200,0.00008,0.00014,0.00006,0.00151,0.00110,0.00488
1403637138.938227653503418,0.00288,0.00009,0.00016,0.00008,0.00154,0.00105,0.00581
1403637138.988234281539917,0.00230,0.00008,0.00042,0.00013,0.00142,0.00115,0.00551
1403637139.038265943527222,0.00230,0.00009,0.00050,0.00012,0.00103,0.00093,0.00498
1403637139.088268756866455,0.00280,0.00012,0.00026,0.00016,0.00060,0.00142,0.00536
1403637139.138255357742310,0.00234,0.00009,0.00013,0.00011,0.00065,0.00101,0.00433
1403637139.188254117965698,0.00285,0.00010,0.00022,0.00011,0.00000,0.00109,0.00438
1403637139.238265275955200,0.00277,0.00009,0.00050,0.00006,0.00000,0.00099,0.00442
1403637139.288314580917358,0.00325,0.00009,0.00068,0.00006,0.00034,0.00090,0.00533
1403637139.338308572769165,0.00239,0.00008,0.00035,0.00009,0.00002,0.00091,0.00384
1403637139.388304948806763,0.00260,0.00009,0.00016,0.00009,0.00029,0.00094,0.00416
1403637139.438290834426880,0.00213,0.00008,0.00007,0.00009,0.00061,0.00178,0.00476
1403637139.488291740417480,0.00196,0.00009,0.00010,0.00008,0.00128,0.00115,0.00468
1403637139.538258075714111,0.00185,0.00013,0.00017,0.00008,0.00057,0.00116,0.00395
1403637139.588219881057739,0.00198,0.00010,0.00012,0.00009,0.00024,0.00119,0.00372
1403637139.638197660446167,0.00283,0.00009,0.00007,0.00007,0.00167,0.00105,0.00578
1403637139.688208818435669,0.00217,0.00011,0.00016,0.00014,0.00019,0.00119,0.00397
1403637139.738278865814209,0.00213,0.00010,0.00018,0.00012,0.00134,0.00095,0.00483
1403637139.788328170776367,0.00222,0.00011,0.00049,0.00017,0.00120,0.00124,0.00543
1403637139.838371992111206,0.00203,0.00010,0.00023,0.00028,0.00428,0.00106,0.00799
1403637139.888379812240601,0.00198,0.00011,0.00001,0.00084,0.00071,0.00099,0.00464
1403637139.938359260559082,0.00225,0.00016,0.00081,0.00089,0.00280,0.00115,0.00807
1403637139.988362073898315,0.00184,0.00012,0.00001,0.00115,0.00043,0.00097,0.00452
1403637140.038388252258301,0.00228,0.00015,0.00001,0.00126,0.00036,0.00121,0.00526
1403637140.088405847549438,0.00190,0.00013,0.00065,0.00111,0.00252,0.00105,0.00736
1403637140.138395071029663,0.00196,0.00017,0.00001,0.00150,0.00044,0.00115,0.00523
1403637140.188442707061768,0.00219,0.00015,0.00271,0.00142,0.00125,0.00125,0.00897
1403637140.238464117050171,0.00200,0.00012,0.00032,0.00154,0.00235,0.00099,0.00731
1403637140.288469314575195,0.00196,0.00012,0.00001,0.00189,0.00007,0.00140,0.00544
1403637140.338468313217163,0.00214,0.00018,0.00107,0.00200,0.00034,0.00105,0.00677
1403637140.388481616973877,0.00204,0.00011,0.00009,0.00189,0.00037,0.00124,0.00575
1403637140.438513040542603,0.00187,0.00012,0.00001,0.00184,0.00018,0.00111,0.00513
1403637140.488536834716797,0.00192,0.00009,0.00001,0.00215,0.00031,0.00124,0.00572
1403637140.538550615310669,0.00206,0.00020,0.00155,0.00175,0.00044,0.00121,0.00721
1403637140.588554859161377,0.00182,0.00012,0.00001,0.00192,0.00002,0.00096,0.00486
1403637140.638574123382568,0.00188,0.00012,0.00001,0.00193,0.00214,0.00101,0.00709
1403637140.688612937927246,0.00197,0.00018,0.00258,0.00216,0.00078,0.00125,0.00892
1403637140.738613128662109,0.00191,0.00016,0.00004,0.00249,0.00002,0.00105,0.00567
1403637140.788615942001343,0.00164,0.00012,0.00110,0.00235,0.00003,0.00097,0.00620
1403637140.838617563247681,0.00208,0.00018,0.00076,0.00252,0.00097,0.00101,0.00752
1403637140.888620376586914,0.00195,0.00014,0.00007,0.00272,0.00000,0.00125,0.00612
1403637140.938630342483521,0.00195,0.00014,0.00182,0.00256,0.00000,0.00106,0.00753
1403637140.988635301589966,0.00193,0.00014,0.00092,0.00259,0.00000,0.00101,0.00658
1403637141.038636445999146,0.00209,0.00019,0.00085,0.00283,0.00000,0.00118,0.00713
1403637141.088643074035645,0.00242,0.00017,0.00088,0.00262,0.00000,0.00132,0.00741
1403637141.138651371002197,0.00185,0.00010,0.00180,0.00250,0.00000,0.00104,0.00729
1403637141.188655614852905,0.00176,0.00014,0.00003,0.00279,0.00000,0.00098,0.00570
1403637141.238659381866455,0.00177,0.00009,0.00003,0.00280,0.00000,0.00167,0.00637
1403637141.288664340972900,0.00160,0.00011,0.00228,0.00249,0.00000,0.00104,0.00753
1403637141.338667154312134,0.00194,0.00012,0.00005,0.00264,0.00000,0.00132,0.00606
1403637141.388670682907104,0.00176,0.00012,0.00198,0.00263,0.00000,0.00119,0.00767
1403637141.438670873641968,0.00157,0.00010,0.00073,0.00245,0.00000,0.00087,0.00572
1403637141.488674163818359,0.00201,0.00012,0.00007,0.00289,0.00000,0.00139,0.00648
1403637141.538680553436279,0.00212,0.00013,0.00233,0.00244,0.00000,0.00118,0.00819
1403637141.588683843612671,0.00186,0.00010,0.00097,0.00263,0.00000,0.00093,0.00650
1403637141.638688802719116,0.00208,0.00013,0.00077,0.00257,0.00000,0.00126,0.00681
1403637141.688692331314087,0.00186,0.00009,0.00083,0.00280,0.00000,0.00098,0.00657
1403637141.738695383071899,0.00208,0.00012,0.00197,0.00265,0.00000,0.00125,0.00807
1403637141.788698673248291,0.00224,0.00012,0.00004,0.00263,0.00000,0.00118,0.00620
1403637141.838701486587524,0.00177,0.00010,0.00003,0.00255,0.00000,0.00101,0.00546
1403637141.888704299926758,0.00180,0.00010,0.00252,0.00258,0.00000,0.00101,0.00801
1403637141.938707351684570,0.00219,0.00020,0.00009,0.00258,0.00000,0.00123,0.00628
1403637141.988711118698120,0.00158,0.00010,0.00205,0.00260,0.00000,0.00098,0.00731
1403637142.038712978363037,0.00204,0.00012,0.00078,0.00264,0.00000,0.00133,0.00691
1403637142.088716268539429,0.00177,0.00009,0.00009,0.00295,0.00000,0.00117,0.00607
1403637142.138719558715820,0.00190,0.00012,0.00236,0.00267,0.00000,0.00121,0.00826
1403637142.188722610473633,0.00208,0.00014,0.00102,0.00269,0.00000,0.00139,0.00732
1403637142.238727092742920,0.00196,0.00012,0.00076,0.00300,0.00000,0.00101,0.00684
1403637142.288729667663574,0.00185,0.00012,0.00087,0.00249,0.00000,0.00094,0.00628
1403637142.338731765747070,0.00147,0.00012,0.00176,0.00252,0.00000,0.00090,0.00677
1403637142.388734102249146,0.00198,0.00013,0.00003,0.00268,0.00000,0.00157,0.00640
1403637142.438735961914062,0.00180,0.00010,0.00004,0.00266,0.00000,0.00097,0.00558
1403637142.488736629486084,0.00196,0.00012,0.00253,0.00250,0.00000,0.00127,0.00837
1403637142.538738965988159,0.00174,0.00009,0.00005,0.00277,0.00000,0.00099,0.00565
1403637142.588741302490234,0.00184,0.00015,0.00197,0.00242,0.00000,0.00121,0.00759
1403637142.638742446899414,0.00220,0.00012,0.00079,0.00258,0.00000,0.00126,0.00696
1403637142.688744544982910,0.00175,0.00012,0.00007,0.00259,0.00000,0.00109,0.00561
1403637142.738746881484985,0.00169,0.00010,0.00226,0.00243,0.00000,0.00087,0.00734
1403637142.788749456405640,0.00134,0.00009,0.00089,0.00239,0.00000,0.00083,0.00555
1403637142.838752985000610,0.00200,0.00012,0.00078,0.00258,0.00000,0.00133,0.00680
1403637142.888755321502686,0.00202,0.00015,0.00085,0.00256,0.00000,0.00119,0.00678
1403637142.938756942749023,0.00146,0.00010,0.00171,0.00244,0.00000,0.00089,0.00659
1403637142.988758325576782,0.00158,0.00009,0.00003,0.00273,0.00000,0.00088,0.00532
1403637143.038759946823120,0.00209,0.00012,0.00004,0.00263,0.00000,0.00158,0.00645
1403637143.088760375976562,0.00200,0.00012,0.00253,0.00248,0.00000,0.00119,0.00832
1403637143.138762235641479,0.00181,0.00009,0.00005,0.00260,0.00000,0.00209,0.00664
1403637143.188764095306396,0.00192,0.00013,0.00194,0.00246,0.00000,0.00113,0.00758
1403637143.238765954971313,0.00200,0.00012,0.00076,0.00254,0.00000,0.00120,0.00662
1403637143.288767814636230,0.00178,0.00009,0.00006,0.00257,0.00000,0.00097,0.00548
1403637143.338769674301147,0.00181,0.00010,0.00234,0.00266,0.00000,0.00147,0.00838
1403637143.388771295547485,0.00214,0.00011,0.00110,0.00266,0.00000,0.00104,0.00705
1403637143.438774108886719,0.00194,0.00012,0.00078,0.00253,0.00000,0.00172,0.00708
1403637143.488775730133057,0.00214,0.00015,0.00086,0.00253,0.00000,0.00123,0.00690
1403637143.538777351379395,0.00183,0.00010,0.00189,0.00254,0.00000,0.00106,0.00741
1403637143.588778972625732,0.00180,0.00013,0.00004,0.00259,0.00000,0.00111,0.00568
1403637143.638780117034912,0.00205,0.00012,0.00003,0.00274,0.00000,0.00124,0.00618
1403637143.688780546188354,0.00192,0.00010,0.00251,0.00252,0.00000,0.00151,0.00856
1403637143.738781452178955,0.00185,0.00019,0.00005,0.00261,0.00000,0.00093,0.00563
1403637143.788783073425293,0.00203,0.00015,0.00196,0.00255,0.00000,0.00121,0.00791
1403637143.838784456253052,0.00187,0.00009,0.00076,0.00251,0.00000,0.00104,0.00628
1403637143.888785362243652,0.00184,0.00009,0.00007,0.00257,0.00000,0.00095,0.00553
1403637143.938785314559937,0.00203,0.00010,0.00238,0.00217,0.00000,0.00100,0.00768
1403637143.988782405853271,0.00201,0.00009,0.00018,0.00211,0.00095,0.00104,0.00638
1403637144.038780450820923,0.00175,0.00009,0.00015,0.00219,0.00072,0.00096,0.00586
1403637144.088778734207153,0.00208,0.00009,0.00005,0.00231,0.00107,0.00126,0.00686
1403637144.138774394989014,0.00208,0.00012,0.00172,0.00255,0.00006,0.00139,0.00792
1403637144.188776254653931,0.00231,0.00011,0.00001,0.00274,0.00003,0.00140,0.00661
1403637144.238769769668579,0.00196,0.00012,0.00001,0.00246,0.00003,0.00114,0.00572
1403637144.288760900497437,0.00198,0.00009,0.00161,0.00296,0.00155,0.00113,0.00933
1403637144.338752985000610,0.00206,0.00014,0.00003,0.00271,0.00002,0.00114,0.00610
1403637144.388746500015259,0.00207,0.00011,0.00208,0.00289,0.00014,0.00125,0.00853
1403637144.438748121261597,0.00198,0.00012,0.00006,0.00294,0.00090,0.00099,0.00699
1403637144.488750219345093,0.00195,0.00013,0.00006,0.00310,0.00000,0.00125,0.00650
1403637144.538762807846069,0.00212,0.00013,0.00243,0.00325,0.00000,0.00112,0.00905
1403637144.588763236999512,0.00209,0.00012,0.00030,0.00360,0.00000,0.00146,0.00756
1403637144.638760328292847,0.00201,0.00016,0.00013,0.00285,0.00000,0.00121,0.00635
1403637144.688758611679077,0.00171,0.00011,0.00022,0.00309,0.00000,0.00102,0.00615
1403637144.738739967346191,0.00168,0.00010,0.00205,0.00276,0.00000,0.00093,0.00752
1403637144.788741350173950,0.00171,0.00010,0.00003,0.00284,0.00000,0.00099,0.00568
1403637144.838743209838867,0.00183,0.00016,0.00005,0.00329,0.00000,0.00136,0.00669
1403637144.888741970062256,0.00201,0.00017,0.00168,0.00268,0.00000,0.00086,0.00741
1403637144.938739299774170,0.00179,0.00010,0.00009,0.00307,0.00000,0.00082,0.00588
1403637144.988736391067505,0.00201,0.00019,0.00193,0.00280,0.00000,0.00089,0.00782
1403637145.038738727569580,0.00206,0.00012,0.00006,0.00293,0.00000,0.00126,0.00644
1403637145.088739633560181,0.00171,0.00013,0.00006,0.00283,0.00000,0.00103,0.00577
1403637145.138738870620728,0.00175,0.00010,0.00237,0.00278,0.00000,0.00099,0.00798
1403637145.188738822937012,0.00185,0.00009,0.00028,0.00283,0.00000,0.00093,0.00598
1403637145.238739728927612,0.00196,0.00014,0.00013,0.00300,0.00000,0.00133,0.00656
1403637145.288743495941162,0.00192,0.00012,0.00022,0.00283,0.00000,0.00107,0.00616
1403637145.338744640350342,0.00176,0.00011,0.00191,0.00283,0.00000,0.00126,0.00787
1403637145.388746738433838,0.00206,0.00015,0.00005,0.00287,0.00000,0.00116,0.00628
1403637145.438748121261597,0.00195,0.00020,0.00005,0.00298,0.00000,0.00119,0.00636
1403637145.488748550415039,0.00184,0.00010,0.00168,0.00267,0.00000,0.00090,0.00719
1403637145.538749217987061,0.00183,0.00012,0.00005,0.00291,0.00000,0.00120,0.00611
1403637145.588750123977661,0.00175,0.00010,0.00201,0.00275,0.00000,0.00097,0.00758
1403637145.638750076293945,0.00191,0.00009,0.00006,0.00291,0.00000,0.00095,0.00591
1403637145.688749790191650,0.00181,0.00016,0.00007,0.00283,0.00000,0.00116,0.00604
1403637145.738750457763672,0.00199,0.00018,0.00235,0.00278,0.00000,0.00098,0.00829
1403637145.788750886917114,0.00205,0.00012,0.00032,0.00284,0.00000,0.00092,0.00625
1403637145.838751316070557,0.00184,0.00012,0.00009,0.00298,0.00000,0.00123,0.00626
1403637145.888752222061157,0.00177,0.00013,0.00023,0.00281,0.00000,0.00131,0.00624
1403637145.938753366470337,0.00214,0.00012,0.00178,0.00285,0.00000,0.00115,0.00805
1403637145.988754987716675,0.00173,0.00013,0.00003,0.00288,0.00000,0.00097,0.00574
1403637146.038755893707275,0.00186,0.00009,0.00003,0.00292,0.00000,0.00101,0.00593
1403637146.088757038116455,0.00177,0.00009,0.00161,0.00282,0.00000,0.00094,0.00724
1403637146.138758659362793,0.00176,0.00010,0.00005,0.00285,0.00000,0.00096,0.00571
1403637146.188759803771973,0.00181,0.00009,0.00198,0.00278,0.00000,0.00096,0.00762
1403637146.238760709762573,0.00205,0.00013,0.00008,0.00291,0.00000,0.00135,0.00653
1403637146.288763523101807,0.00192,0.00016,0.00008,0.00287,0.00000,0.00117,0.00620
1403637146.338768482208252,0.00194,0.00010,0.00233,0.00280,0.00000,0.00097,0.00813
1403637146.388763189315796,0.00195,0.00013,0.00034,0.00284,0.00000,0.00112,0.00639
1403637146.438765764236450,0.00223,0.00012,0.00009,0.00288,0.00000,0.00126,0.00657
1403637146.488761901855469,0.00189,0.00010,0.00021,0.00316,0.00000,0.00115,0.00651
1403637146.538763284683228,0.00193,0.00012,0.00178,0.00281,0.00000,0.00117,0.00781
1403637146.588764667510986,0.00171,0.00013,0.00003,0.00290,0.00000,0.00096,0.00573
1403637146.638768434524536,0.00175,0.00010,0.00003,0.00288,0.00000,0.00096,0.00573
1403637146.688770771026611,0.00205,0.00016,0.00173,0.00279,0.00000,0.00129,0.00802
1403637146.738769054412842,0.00191,0.00012,0.00005,0.00295,0.00000,0.00119,0.00622
1403637146.788770437240601,0.00196,0.00009,0.00195,0.00282,0.00000,0.00096,0.00778
1403637146.838771343231201,0.00175,0.00010,0.00006,0.00284,0.00000,0.00096,0.00572
1403637146.888772249221802,0.00182,0.00016,0.00008,0.00285,0.00000,0.00139,0.00631
1403637146.938773632049561,0.00196,0.00012,0.00239,0.00280,0.00000,0.00132,0.00860
1403637146.988774061203003,0.00193,0.00012,0.00031,0.00293,0.00000,0.00116,0.00646
1403637147.038777828216553,0.00205,0.00012,0.00009,0.00291,0.00000,0.00125,0.00643
1403637147.088779211044312,0.00192,0.00010,0.00022,0.00288,0.00000,0.00098,0.00608
1403637147.138778686523438,0.00215,0.00013,0.00183,0.00275,0.00000,0.00119,0.00805
1403637147.188778162002563,0.00199,0.00016,0.00004,0.00292,0.00000,0.00118,0.00628
1403637147.238779067993164,0.00195,0.00010,0.00003,0.00329,0.00000,0.00131,0.00668
1403637147.288780927658081,0.00209,0.00012,0.00163,0.00289,0.00000,0.00113,0.00785
1403637147.338781833648682,0.00171,0.00010,0.00005,0.00311,0.00000,0.00123,0.00620
1403637147.388781785964966,0.00207,0.00011,0.00195,0.00276,0.00000,0.00107,0.00796
1403637147.438782215118408,0.00191,0.00009,0.00006,0.00312,0.00000,0.00121,0.00639
1403637147.488781929016113,0.00191,0.00015,0.00006,0.00284,0.00000,0.00115,0.00612
1403637147.538783311843872,0.00195,0.00010,0.00232,0.00281,0.00000,0.00111,0.00830
1403637147.588783264160156,0.00194,0.00013,0.00034,0.00288,0.00000,0.00112,0.00641
1403637147.638785839080811,0.00188,0.00012,0.00009,0.00289,0.00000,0.00115,0.00613
1403637147.688787937164307,0.00195,0.00010,0.00022,0.00338,0.00000,0.00145,0.00710
1403637147.738789319992065,0.00201,0.00012,0.00177,0.00279,0.00000,0.00133,0.00803
1403637147.788792133331299,0.00167,0.00014,0.00003,0.00282,0.00000,0.00102,0.00568
1403637147.838792800903320,0.00182,0.00010,0.00003,0.00288,0.00000,0.00097,0.00580
1403637147.888793230056763,0.00192,0.00013,0.00173,0.00278,0.00000,0.00118,0.00775
1403637147.938793659210205,0.00145,0.00009,0.00005,0.00277,0.00000,0.00085,0.00521
1403637147.988793849945068,0.00191,0.00012,0.00200,0.00275,0.00000,0.00117,0.00795
1403637148.038794755935669,0.00169,0.00010,0.00006,0.00312,0.00000,0.00095,0.00592
1403637148.088795900344849,0.00169,0.00022,0.00006,0.00282,0.00000,0.00105,0.00584
1403637148.138796091079712,0.00194,0.00013,0.00240,0.00275,0.00000,0.00116,0.00837
1403637148.188799858093262,0.00212,0.00012,0.00030,0.00288,0.00000,0.00110,0.00652
1403637148.238799810409546,0.00186,0.00010,0.00010,0.00320,0.00000,0.00121,0.00646
1403637148.288803577423096,0.00216,0.00021,0.00029,0.00308,0.00000,0.00105,0.00679
1403637148.338802099227905,0.00195,0.00020,0.00182,0.00271,0.00000,0.00103,0.00771
1403637148.388802289962769,0.00184,0.00015,0.00004,0.00289,0.00000,0.00116,0.00608
1403637148.438803672790527,0.00180,0.00010,0.00004,0.00286,0.00000,0.00101,0.00581
1403637148.488802671432495,0.00191,0.00010,0.00162,0.00276,0.00000,0.00091,0.00729
1403637148.538803100585938,0.00176,0.00021,0.00011,0.00317,0.00000,0.00131,0.00656
1403637148.588803052902222,0.00205,0.00011,0.00213,0.00325,0.00000,0.00102,0.00856
1403637148.638802051544189,0.00210,0.00012,0.00006,0.00293,0.00000,0.00122,0.00644
1403637148.688800573348999,0.00189,0.00016,0.00008,0.00286,0.00000,0.00110,0.00609
1403637148.738801479339600,0.00226,0.00018,0.00254,0.00281,0.00000,0.00102,0.00879
1403637148.788802385330200,0.00216,0.00019,0.00033,0.00276,0.00000,0.00092,0.00637
1403637148.838803052902222,0.00266,0.00012,0.00009,0.00314,0.00000,0.00105,0.00707
1403637148.888803005218506,0.00234,0.00012,0.00023,0.00288,0.00000,0.00121,0.00679
1403637148.938804149627686,0.00233,0.00022,0.00189,0.00299,0.00000,0.00129,0.00872
1403637148.988802194595337,0.00206,0.00014,0.00004,0.00285,0.00000,0.00123,0.00631
1403637149.038796663284302,0.00208,0.00010,0.00003,0.00287,0.00000,0.00107,0.00615
1403637149.088807821273804,0.00209,0.00010,0.00164,0.00281,0.00000,0.00125,0.00789
1403637149.138807058334351,0.00201,0.00011,0.00003,0.00259,0.00000,0.00135,0.00610
1403637149.188816547393799,0.00199,0.00010,0.00202,0.00245,0.00000,0.00121,0.00777
1403637149.238820314407349,0.00202,0.00010,0.00016,0.00248,0.00002,0.00100,0.00578
1403637149.288829088211060,0.00185,0.00013,0.00009,0.00270,0.00008,0.00142,0.00627
1403637149.338835239410400,0.00193,0.00012,0.00005,0.00238,0.00233,0.00101,0.00783
1403637149.388841629028320,0.00226,0.00012,0.00341,0.00269,0.00005,0.00120,0.00974
1403637149.438841104507446,0.00194,0.00009,0.00006,0.00278,0.00003,0.00127,0.00618
1403637149.488841056823730,0.00220,0.00013,0.00023,0.00287,0.00005,0.00133,0.00680
1403637149.538841962814331,0.00231,0.00012,0.00199,0.00275,0.00004,0.00167,0.00888
1403637149.588835954666138,0.00226,0.00015,0.00001,0.00279,0.00003,0.00119,0.00642
1403637149.638823032379150,0.00222,0.00020,0.00001,0.00310,0.00004,0.00148,0.00704
1403637149.688827276229858,0.00230,0.00011,0.00084,0.00304,0.00079,0.00112,0.00821
1403637149.738839149475098,0.00206,0.00009,0.00001,0.00291,0.00002,0.00105,0.00615
1403637149.788851499557495,0.00212,0.00010,0.00289,0.00311,0.00019,0.00134,0.00975
1403637149.838727235794067,0.00239,0.00015,0.00009,0.00293,0.00002,0.00123,0.00682
1403637149.888649702072144,0.00537,0.00014,0.00006,0.00331,0.00003,0.00137,0.01028
1403637149.938557863235474,0.00216,0.00011,0.00104,0.00242,0.00013,0.00105,0.00690
1403637149.988408803939819,0.00220,0.00011,0.00354,0.00195,0.00037,0.00102,0.00920
1403637150.038328886032104,0.00229,0.00012,0.00024,0.00114,0.00072,0.00116,0.00566
1403637150.088230371475220,0.00266,0.00013,0.00055,0.00092,0.00100,0.00112,0.00639
1403637150.138119935989380,0.00256,0.00009,0.00205,0.00063,0.00168,0.00090,0.00791
1403637150.188058137893677,0.00257,0.00012,0.00051,0.00079,0.00000,0.00114,0.00514
1403637150.238004446029663,0.00256,0.00011,0.00065,0.00044,0.00014,0.00086,0.00476
1403637150.287994623184204,0.00313,0.00011,0.00072,0.00047,0.00112,0.00139,0.00694
1403637150.337977409362793,0.00308,0.00012,0.00045,0.00027,0.00023,0.00095,0.00510
1403637150.387975454330444,0.00296,0.00010,0.00049,0.00029,0.00068,0.00106,0.00559
1403637150.437976598739624,0.00282,0.00010,0.00056,0.00014,0.00007,0.00085,0.00454
1403637150.487973213195801,0.00258,0.00010,0.00032,0.00015,0.00011,0.00094,0.00420
1403637150.537976980209351,0.00261,0.00010,0.00036,0.00023,0.00051,0.00129,0.00509
1403637150.587993621826172,0.00251,0.00011,0.00029,0.00027,0.00002,0.00114,0.00434
1403637150.637977838516235,0.00237,0.00009,0.00054,0.00016,0.00044,0.00102,0.00462
1403637150.687987804412842,0.00218,0.00008,0.00059,0.00017,0.00009,0.00095,0.00407
1403637150.737965583801270,0.00279,0.00012,0.00059,0.00010,0.00082,0.00116,0.00558
1403637150.787957668304443,0.00210,0.00010,0.00018,0.00024,0.00022,0.00088,0.00372
1403637150.837949275970459,0.00234,0.00011,0.00085,0.00017,0.00016,0.00113,0.00478
1403637150.887950658798218,0.00218,0.00010,0.00015,0.00018,0.00109,0.00099,0.00469
1403637150.937949895858765,0.00233,0.00009,0.00019,0.00018,0.00068,0.00094,0.00442
1403637150.987952232360840,0.00263,0.00012,0.00047,0.00026,0.00116,0.00109,0.00573
1403637151.037952899932861,0.00241,0.00010,0.00027,0.00032,0.00070,0.00117,0.00497
1403637151.087948083877563,0.00215,0.00009,0.00029,0.00030,0.00076,0.00096,0.00456
1403637151.137944459915161,0.00223,0.00008,0.00033,0.00019,0.00025,0.00098,0.00406
1403637151.187952756881714,0.00242,0.00008,0.00014,0.00020,0.00012,0.00100,0.00396
1403637151.237961292266846,0.00193,0.00009,0.00007,0.00018,0.00025,0.00107,0.00360
1403637151.287962198257446,0.00200,0.00008,0.00009,0.00018,0.00074,0.00097,0.00406
1403637151.337963104248047,0.00199,0.00009,0.00012,0.00018,0.00027,0.00153,0.00418
1403637151.387964010238647,0.00211,0.00010,0.00023,0.00012,0.00009,0.00109,0.00375
1403637151.437966346740723,0.00244,0.00009,0.00033,0.00017,0.00046,0.00102,0.00450
1403637151.487952232360840,0.00214,0.00011,0.00017,0.00015,0.00155,0.00122,0.00535
1403637151.537953138351440,0.00249,0.00011,0.00015,0.00029,0.00033,0.00118,0.00455
1403637151.587957382202148,0.00206,0.00009,0.00035,0.00020,0.00180,0.00096,0.00546
1403637151.637957096099854,0.00227,0.00008,0.00006,0.00028,0.00073,0.00098,0.00440
1403637151.687958002090454,0.00195,0.00010,0.00043,0.00024,0.00066,0.00098,0.00435
1403637151.737962007522583,0.00205,0.00008,0.00021,0.00029,0.00121,0.00097,0.00482
1403637151.787966966629028,0.00226,0.00012,0.00023,0.00032,0.00030,0.00116,0.00438
1403637151.837968349456787,0.00197,0.00008,0.00009,0.00034,0.00011,0.00094,0.00354
1403637151.887983560562134,0.00239,0.00011,0.00023,0.00040,0.00085,0.00103,0.00501
1403637151.937985658645630,0.00179,0.00011,0.00020,0.00052,0.00015,0.00094,0.00371
1403637151.987993955612183,0.00236,0.00012,0.00031,0.00042,0.00057,0.00120,0.00497
1403637152.037997484207153,0.00189,0.00010,0.00007,0.00039,0.00040,0.00104,0.00389
1403637152.088008165359497,0.00201,0.00010,0.00058,0.00042,0.00280,0.00129,0.00721
1403637152.138008594512939,0.00211,0.00015,0.00044,0.00078,0.00023,0.00092,0.00463
1403637152.188012838363647,0.00222,0.00012,0.00004,0.00082,0.00281,0.00119,0.00721
1403637152.238014936447144,0.00190,0.00010,0.00010,0.00088,0.00006,0.00115,0.00419
1403637152.288015127182007,0.00184,0.00010,0.00002,0.00083,0.00041,0.00150,0.00471
1403637152.338017463684082,0.00200,0.00012,0.00005,0.00080,0.00091,0.00098,0.00486
1403637152.388021469116211,0.00207,0.00013,0.00003,0.00093,0.00058,0.00121,0.00496
1403637152.438019037246704,0.00190,0.00011,0.00007,0.00094,0.00068,0.00098,0.00468
1403637152.488022804260254,0.00286,0.00021,0.00008,0.00159,0.00052,0.00189,0.00716
1403637152.538022279739380,0.00210,0.00012,0.00007,0.00082,0.00072,0.00095,0.00478
1403637152.588020801544189,0.00224,0.00014,0.00008,0.00090,0.00078,0.00117,0.00530
1403637152.638030290603638,0.00205,0.00008,0.00019,0.00120,0.00041,0.00129,0.00523
1403637152.688030481338501,0.00209,0.00013,0.00009,0.00100,0.00058,0.00125,0.00514
1403637152.738042831420898,0.00204,0.00011,0.00008,0.00098,0.00168,0.00106,0.00595
1403637152.788050413131714,0.00227,0.00011,0.00027,0.00108,0.00203,0.00100,0.00676
1403637152.838056087493896,0.00203,0.00009,0.00027,0.00138,0.00013,0.00143,0.00534
1403637152.888066053390503,0.00228,0.00014,0.00006,0.00139,0.00032,0.00128,0.00547
1403637152.938066720962524,0.00249,0.00014,0.00029,0.00136,0.00164,0.00147,0.00739
1403637152.988071203231812,0.00231,0.00014,0.00004,0.00135,0.00006,0.00102,0.00492
1403637153.038061141967773,0.00264,0.00014,0.00013,0.00113,0.00199,0.00117,0.00720
1403637153.088058710098267,0.00199,0.00009,0.00007,0.00121,0.00029,0.00097,0.00463
1403637153.138060569763184,0.00247,0.00011,0.00003,0.00133,0.00117,0.00098,0.00609
1403637153.188052415847778,0.00203,0.00010,0.00006,0.00153,0.00045,0.00102,0.00519
1403637153.238049268722534,0.00203,0.00016,0.00018,0.00157,0.00114,0.00119,0.00626
1403637153.288047552108765,0.00226,0.00014,0.00016,0.00166,0.00082,0.00126,0.00631
1403637153.338045358657837,0.00207,0.00013,0.00032,0.00159,0.00317,0.00099,0.00826
1403637153.388043165206909,0.00187,0.00010,0.00001,0.00216,0.00061,0.00101,0.00576
1403637153.438041687011719,0.00199,0.00013,0.00001,0.00204,0.00044,0.00114,0.00576
1403637153.488042354583740,0.00192,0.00012,0.00019,0.00195,0.00026,0.00091,0.00536
1403637153.538045883178711,0.00196,0.00012,0.00005,0.00200,0.00140,0.00098,0.00651
1403637153.588042497634888,0.00187,0.00012,0.00127,0.00202,0.00250,0.00092,0.00870
1403637153.638034343719482,0.00178,0.00014,0.00012,0.00233,0.00043,0.00104,0.00585
1403637153.688024282455444,0.00198,0.00012,0.00013,0.00220,0.00013,0.00090,0.00545
1403637153.738019227981567,0.00258,0.00010,0.00024,0.00207,0.00057,0.00110,0.00667
1403637153.788011312484741,0.00204,0.00010,0.00052,0.00200,0.00033,0.00093,0.00593
1403637153.838010549545288,0.00212,0.00016,0.00018,0.00200,0.00045,0.00100,0.00592
1403637153.888012647628784,0.00235,0.00015,0.00019,0.00203,0.00005,0.00119,0.00596
1403637153.938013315200806,0.00222,0.00016,0.00004,0.00196,0.00038,0.00107,0.00583
1403637153.988027572631836,0.00223,0.00014,0.00019,0.00187,0.00101,0.00116,0.00661
1403637154.038035631179810,0.00194,0.00013,0.00009,0.00195,0.00013,0.00114,0.00538
1403637154.088064432144165,0.00179,0.00012,0.00001,0.00204,0.00073,0.00102,0.00571
1403637154.138081312179565,0.00242,0.00017,0.00007,0.00206,0.00013,0.00109,0.00594
1403637154.188106060028076,0.00249,0.00011,0.00003,0.00208,0.00246,0.00100,0.00817
1403637154.238110303878784,0.00222,0.00012,0.00001,0.00231,0.00009,0.00158,0.00633
1403637154.288108348846436,0.00217,0.00015,0.00055,0.00269,0.00290,0.00116,0.00963
1403637154.338101387023926,0.00323,0.00017,0.00001,0.00274,0.00049,0.00124,0.00788
1403637154.388092279434204,0.00218,0.00012,0.00009,0.00257,0.00000,0.00113,0.00609
1403637154.438066005706787,0.00238,0.00009,0.00012,0.00253,0.00276,0.00122,0.00911
1403637154.488059282302856,0.00258,0.00015,0.00032,0.00271,0.00038,0.00133,0.00746
1403637154.538054466247559,0.00229,0.00014,0.00005,0.00257,0.00078,0.00149,0.00733
1403637154.588050127029419,0.00219,0.00018,0.00023,0.00239,0.00020,0.00096,0.00614
1403637154.638050079345703,0.00254,0.00019,0.00021,0.00234,0.00005,0.00123,0.00657
1403637154.688043594360352,0.00199,0.00012,0.00035,0.00224,0.00002,0.00089,0.00561
1403637154.738053083419800,0.00211,0.00011,0.00005,0.00205,0.00059,0.00143,0.00633
1403637154.788063764572144,0.00250,0.00016,0.00029,0.00183,0.00046,0.00098,0.00622
1403637154.838088512420654,0.00226,0.00013,0.00012,0.00184,0.00015,0.00158,0.00609
1403637154.888102293014526,0.00225,0.00015,0.00345,0.00148,0.00244,0.00106,0.01083
1403637154.938117504119873,0.00227,0.00014,0.00007,0.00144,0.00039,0.00090,0.00521
1403637154.988140821456909,0.00221,0.00014,0.00016,0.00176,0.00019,0.00098,0.00544
1403637155.038159847259521,0.00282,0.00014,0.00017,0.00149,0.00003,0.00115,0.00581
1403637155.088177204132080,0.00215,0.00009,0.00014,0.00159,0.00010,0.00113,0.00521
1403637155.138193130493164,0.00225,0.00012,0.00007,0.00131,0.00011,0.00094,0.00481
1403637155.188205242156982,0.00226,0.00012,0.00005,0.00143,0.00128,0.00116,0.00631
1403637155.238233089447021,0.00194,0.00009,0.00015,0.00162,0.00005,0.00102,0.00487
1403637155.288239955902100,0.00193,0.00009,0.00013,0.00140,0.00005,0.00103,0.00462
1403637155.338242530822754,0.00203,0.00008,0.00004,0.00111,0.00009,0.00111,0.00447
1403637155.388246297836304,0.00207,0.00015,0.00024,0.00087,0.00061,0.00113,0.00507
1403637155.438239574432373,0.00205,0.00014,0.00027,0.00094,0.00036,0.00119,0.00496
1403637155.488224983215332,0.00192,0.00008,0.00030,0.00129,0.00456,0.00112,0.00928
1403637155.538214921951294,0.00218,0.00014,0.00007,0.00171,0.00187,0.00146,0.00743
1403637155.588177442550659,0.00202,0.00009,0.00001,0.00182,0.00639,0.00091,0.01123
1403637155.638163805007935,0.00287,0.00015,0.00008,0.00258,0.00138,0.00115,0.00821
1403637155.688155412673950,0.00210,0.00010,0.00002,0.00269,0.00003,0.00087,0.00581
1403637155.738151073455811,0.00262,0.00019,0.00034,0.00280,0.00015,0.00091,0.00701
1403637155.788146018981934,0.00232,0.00016,0.00003,0.00277,0.00021,0.00123,0.00672
1403637155.838149547576904,0.00220,0.00010,0.00004,0.00263,0.00006,0.00129,0.00632
1403637155.888150453567505,0.00224,0.00014,0.00009,0.00200,0.00010,0.00099,0.00555
1403637155.938152551651001,0.00232,0.00012,0.00068,0.00197,0.00011,0.00101,0.00620
1403637155.988155841827393,0.00212,0.00012,0.00072,0.00182,0.00011,0.00112,0.00601
1403637156.038158416748047,0.00198,0.00012,0.00067,0.00177,0.00006,0.00119,0.00579
1403637156.088157892227173,0.00230,0.00014,0.00007,0.00159,0.00098,0.00104,0.00612
1403637156.138165473937988,0.00213,0.00015,0.00054,0.00142,0.00012,0.00118,0.00552
1403637156.188178539276123,0.00225,0.00014,0.00078,0.00137,0.00261,0.00109,0.00825
1403637156.238177299499512,0.00268,0.00010,0.00006,0.00181,0.00011,0.00099,0.00575
1403637156.288173437118530,0.00210,0.00009,0.00005,0.00178,0.00002,0.00094,0.00498
1403637156.338168144226074,0.00200,0.00009,0.00001,0.00174,0.00017,0.00090,0.00490
1403637156.388159990310669,0.00216,0.00010,0.00003,0.00174,0.00020,0.00096,0.00519
1403637156.438151836395264,0.00199,0.00009,0.00008,0.00160,0.00007,0.00120,0.00503
1403637156.488151073455811,0.00212,0.00015,0.00005,0.00105,0.00002,0.00115,0.00455
1403637156.538151741027832,0.00204,0.00008,0.00007,0.00062,0.00010,0.00094,0.00385
1403637156.588154315948486,0.00191,0.00008,0.00002,0.00079,0.00058,0.00095,0.00433
1403637156.638152599334717,0.00186,0.00009,0.00003,0.00057,0.00007,0.00095,0.00357
1403637156.688150167465210,0.00235,0.00010,0.00001,0.00056,0.00165,0.00101,0.00568
1403637156.738147497177124,0.00200,0.00008,0.00005,0.00062,0.00014,0.00096,0.00385
1403637156.788168430328369,0.00186,0.00008,0.00059,0.00068,0.00518,0.00147,0.00987
1403637156.838169574737549,0.00233,0.00009,0.00013,0.00129,0.00029,0.00095,0.00509
1403637156.888171911239624,0.00195,0.00008,0.00002,0.00116,0.00003,0.00085,0.00410
1403637156.938172817230225,0.00236,0.00013,0.00003,0.00121,0.00054,0.00116,0.00542
1403637156.988174915313721,0.00196,0.00011,0.00001,0.00129,0.00233,0.00094,0.00665
1403637157.038188219070435,0.00202,0.00008,0.00034,0.00146,0.00032,0.00094,0.00516
1403637157.088202714920044,0.00183,0.00008,0.00002,0.00144,0.00003,0.00088,0.00428
1403637157.138215065002441,0.00189,0.00010,0.00002,0.00153,0.00117,0.00091,0.00563
1403637157.188223361968994,0.00231,0.00008,0.00005,0.00167,0.00000,0.00097,0.00510
1403637157.238324165344238,0.00194,0.00010,0.00001,0.00165,0.00585,0.00095,0.01049
1403637157.288316249847412,0.00186,0.00012,0.00001,0.00223,0.00273,0.00089,0.00784
1403637157.338318586349487,0.00202,0.00012,0.00001,0.00281,0.00026,0.00110,0.00631
1403637157.388308763504028,0.00201,0.00013,0.00289,0.00271,0.00094,0.00092,0.00961
1403637157.438299179077148,0.00214,0.00011,0.00005,0.00292,0.00071,0.00092,0.00685
1403637157.488296270370483,0.00201,0.00011,0.00001,0.00308,0.00003,0.00095,0.00620
1403637157.538296699523926,0.00190,0.00012,0.00005,0.00300,0.00000,0.00104,0.00611
1403637157.588289976119995,0.00198,0.00011,0.00010,0.00296,0.00081,0.00090,0.00686
1403637157.638285636901855,0.00200,0.00010,0.00009,0.00339,0.00006,0.00125,0.00689
1403637157.688277482986450,0.00200,0.00014,0.00001,0.00324,0.00004,0.00112,0.00654
1403637157.738266706466675,0.00199,0.00013,0.00288,0.00322,0.00284,0.00088,0.01194
1403637157.788251399993896,0.00201,0.00012,0.00008,0.00338,0.00000,0.00133,0.00692
1403637157.838238716125488,0.00219,0.00011,0.00011,0.00278,0.00133,0.00115,0.00766
1403637157.888225793838501,0.00192,0.00009,0.00007,0.00297,0.00144,0.00094,0.00743
1403637157.938212871551514,0.00219,0.00009,0.00027,0.00321,0.00029,0.00110,0.00716
1403637157.988205671310425,0.00246,0.00015,0.00491,0.00263,0.00387,0.00099,0.01502
1403637158.038187265396118,0.00204,0.00012,0.00014,0.00304,0.00002,0.00109,0.00645
1403637158.088179111480713,0.00192,0.00019,0.00010,0.00301,0.00003,0.00096,0.00623
1403637158.138176202774048,0.00201,0.00009,0.00002,0.00279,0.00002,0.00095,0.00587
1403637158.188169002532959,0.00199,0.00011,0.00001,0.00273,0.00338,0.00089,0.00910
1403637158.238163948059082,0.00187,0.00009,0.00007,0.00344,0.00041,0.00092,0.00680
1403637158.288158655166626,0.00211,0.00014,0.00045,0.00335,0.00043,0.00113,0.00761
1403637158.338166236877441,0.00224,0.00011,0.00228,0.00339,0.00283,0.00107,0.01191
1403637158.388175725936890,0.00250,0.00010,0.00010,0.00358,0.00000,0.00152,0.00780
1403637158.438192844390869,0.00210,0.00014,0.00009,0.00335,0.00082,0.00115,0.00766
1403637158.488222599029541,0.00196,0.00011,0.00164,0.00323,0.00004,0.00091,0.00789
1403637158.538254737854004,0.00196,0.00013,0.00329,0.00306,0.00191,0.00115,0.01150
1403637158.588289260864258,0.00211,0.00011,0.00309,0.00321,0.00186,0.00112,0.01151
1403637158.638308286666870,0.00243,0.00018,0.00045,0.00302,0.00000,0.00113,0.00721
1403637158.688328504562378,0.00266,0.00014,0.00010,0.00311,0.00113,0.00095,0.00809
1403637158.738332748413086,0.00189,0.00019,0.00028,0.00260,0.00072,0.00107,0.00675
1403637158.788337945938110,0.00228,0.00009,0.00052,0.00212,0.00000,0.00090,0.00591
1403637158.838340520858765,0.00184,0.00011,0.00049,0.00179,0.00069,0.00089,0.00580
1403637158.888330459594727,0.00180,0.00009,0.00015,0.00171,0.00001,0.00115,0.00492
1403637158.938319683074951,0.00220,0.00011,0.00033,0.00164,0.00359,0.00095,0.00882
1403637158.988314867019653,0.00231,0.00010,0.00049,0.00200,0.00001,0.00093,0.00584
1403637159.038314104080200,0.00189,0.00009,0.00027,0.00188,0.00002,0.00082,0.00497
1403637159.088319301605225,0.00179,0.00011,0.00068,0.00189,0.00133,0.00120,0.00699
1403637159.138345003128052,0.00250,0.00011,0.00007,0.00211,0.00273,0.00112,0.00864
1403637159.188347816467285,0.00198,0.00012,0.00197,0.00233,0.00560,0.00084,0.01285
1403637159.238360404968262,0.00190,0.00010,0.00028,0.00344,0.00000,0.00085,0.00657
1403637159.288368940353394,0.00230,0.00012,0.00006,0.00317,0.00076,0.00097,0.00738
1403637159.338370084762573,0.00177,0.00009,0.00340,0.00312,0.00072,0.00088,0.00998
1403637159.388366699218750,0.00210,0.00011,0.00028,0.00328,0.00002,0.00087,0.00667
1403637159.438363552093506,0.00178,0.00010,0.00045,0.00301,0.00012,0.00095,0.00641
1403637159.488356351852417,0.00197,0.00012,0.00027,0.00292,0.00145,0.00093,0.00765
1403637159.538329839706421,0.00229,0.00011,0.00269,0.00327,0.00146,0.00119,0.01102
1403637159.588321685791016,0.00224,0.00014,0.00058,0.00329,0.00055,0.00105,0.00784
1403637159.638312578201294,0.00218,0.00012,0.00023,0.00319,0.00074,0.00087,0.00734
1403637159.688297510147095,0.00182,0.00011,0.00293,0.00345,0.00081,0.00128,0.01040
1403637159.738287687301636,0.00205,0.00012,0.00014,0.00277,0.00082,0.00108,0.00697
1403637159.788290023803711,0.00181,0.00012,0.00081,0.00276,0.00057,0.00087,0.00696
1403637159.838291883468628,0.00191,0.00012,0.00210,0.00260,0.00090,0.00119,0.00881
1403637159.888282299041748,0.00229,0.00011,0.00053,0.00269,0.00038,0.00107,0.00707
1403637159.938275575637817,0.00197,0.00011,0.00146,0.00233,0.00343,0.00093,0.01024
1403637159.988282203674316,0.00234,0.00011,0.00089,0.00241,0.00070,0.00150,0.00795
1403637160.038295745849609,0.00203,0.00012,0.00046,0.00214,0.00354,0.00104,0.00933
1403637160.088306427001953,0.00201,0.00010,0.00036,0.00245,0.00004,0.00087,0.00582
1403637160.138320922851562,0.00200,0.00012,0.00195,0.00217,0.00242,0.00129,0.00997
1403637160.188358783721924,0.00269,0.00012,0.00219,0.00273,0.00107,0.00101,0.00981
1403637160.238367795944214,0.00194,0.00011,0.00028,0.00241,0.00000,0.00080,0.00555
1403637160.288373708724976,0.00187,0.00009,0.00016,0.00224,0.00264,0.00085,0.00786
1403637160.338379621505737,0.00217,0.00009,0.00055,0.00242,0.00000,0.00085,0.00608
1403637160.388382434844971,0.00235,0.00009,0.00149,0.00238,0.00035,0.00090,0.00757
1403637160.438385486602783,0.00233,0.00018,0.00016,0.00233,0.00068,0.00119,0.00687
1403637160.488394260406494,0.00256,0.00011,0.00058,0.00216,0.00138,0.00116,0.00794
1403637160.538395404815674,0.00189,0.00011,0.00040,0.00182,0.00388,0.00088,0.00898
1403637160.588390827178955,0.00188,0.00009,0.00102,0.00220,0.00000,0.00091,0.00610
1403637160.638385772705078,0.00241,0.00010,0.00112,0.00188,0.00532,0.00117,0.01201
1403637160.688391208648682,0.00246,0.00011,0.00070,0.00246,0.00071,0.00105,0.00748
1403637160.738403320312500,0.00267,0.00019,0.00096,0.00235,0.00286,0.00111,0.01015
1403637160.788419485092163,0.00233,0.00010,0.00013,0.00247,0.00135,0.00088,0.00727
1403637160.838437080383301,0.00213,0.00014,0.00045,0.00271,0.00072,0.00115,0.00730
1403637160.888453960418701,0.00206,0.00010,0.00003,0.00295,0.00300,0.00083,0.00896
1403637160.938487768173218,0.00211,0.00011,0.00175,0.00394,0.00157,0.00114,0.01064
1403637160.988513231277466,0.00203,0.00011,0.00158,0.00377,0.00000,0.00116,0.00866
1403637161.038530111312866,0.00234,0.00010,0.00334,0.00363,0.00000,0.00089,0.01031
1403637161.088545083999634,0.00199,0.00013,0.00005,0.00336,0.00013,0.00092,0.00658
1403637161.138543128967285,0.00198,0.00011,0.00021,0.00311,0.00000,0.00096,0.00637
1403637161.188543558120728,0.00194,0.00013,0.00185,0.00316,0.00081,0.00096,0.00884
1403637161.238544464111328,0.00215,0.00012,0.00048,0.00340,0.00047,0.00118,0.00780
1403637161.288537740707397,0.00251,0.00013,0.00045,0.00306,0.00042,0.00109,0.00766
1403637161.338537454605103,0.00248,0.00020,0.00265,0.00305,0.00274,0.00114,0.01226
1403637161.388543605804443,0.00227,0.00014,0.00034,0.00361,0.00003,0.00114,0.00752
1403637161.438532829284668,0.00187,0.00011,0.00048,0.00320,0.00037,0.00096,0.00700
1403637161.488546609878540,0.00188,0.00009,0.00146,0.00309,0.00145,0.00088,0.00885
1403637161.538522720336914,0.00234,0.00010,0.00011,0.00296,0.00138,0.00092,0.00781
1403637161.588502407073975,0.00216,0.00018,0.00344,0.00305,0.00273,0.00115,0.01271
1403637161.638482093811035,0.00216,0.00013,0.00275,0.00324,0.00039,0.00112,0.00979
1403637161.688465356826782,0.00217,0.00019,0.00050,0.00286,0.00000,0.00120,0.00692
1403637161.738458633422852,0.00260,0.00013,0.00162,0.00260,0.00002,0.00110,0.00807
1403637161.788434743881226,0.00224,0.00009,0.00082,0.00232,0.00327,0.00088,0.00961
1403637161.838427066802979,0.00213,0.00012,0.00068,0.00234,0.00072,0.00092,0.00692
1403637161.888397216796875,0.00209,0.00010,0.00126,0.00188,0.00216,0.00092,0.00842
1403637161.938383102416992,0.00200,0.00014,0.00047,0.00194,0.00068,0.00092,0.00615
1403637161.988384962081909,0.00249,0.00010,0.00039,0.00176,0.00002,0.00102,0.00579
1403637162.038385629653931,0.00198,0.00012,0.00015,0.00150,0.00002,0.00096,0.00473
1403637162.088390111923218,0.00196,0.00011,0.00061,0.00139,0.00201,0.00105,0.00715
1403637162.138401508331299,0.00192,0.00009,0.00010,0.00157,0.00001,0.00100,0.00470
1403637162.188416242599487,0.00211,0.00015,0.00001,0.00147,0.00346,0.00113,0.00832
1403637162.238424062728882,0.00231,0.00015,0.00006,0.00171,0.00204,0.00121,0.00748
1403637162.288436651229858,0.00192,0.00009,0.00068,0.00197,0.00909,0.00094,0.01471
1403637162.338442802429199,0.00186,0.00012,0.00001,0.00369,0.00082,0.00103,0.00753
1403637162.388444185256958,0.00240,0.00011,0.00212,0.00369,0.00000,0.00118,0.00951
1403637162.438453197479248,0.00200,0.00012,0.00289,0.00357,0.00000,0.00093,0.00951
1403637162.488451957702637,0.00247,0.00018,0.00087,0.00341,0.00000,0.00115,0.00808
1403637162.538475751876831,0.00245,0.00014,0.00586,0.00321,0.00002,0.00111,0.01279
1403637162.588476896286011,0.00233,0.00014,0.00021,0.00328,0.00039,0.00092,0.00729
1403637162.638494729995728,0.00205,0.00018,0.00086,0.00312,0.00046,0.00108,0.00775
1403637162.688505411148071,0.00241,0.00017,0.00028,0.00299,0.00072,0.00114,0.00772
1403637162.738514661788940,0.00208,0.00010,0.00023,0.00310,0.00074,0.00102,0.00727
1403637162.788519144058228,0.00247,0.00013,0.00069,0.00318,0.00002,0.00120,0.00769
1403637162.838515043258667,0.00230,0.00013,0.00040,0.00283,0.00013,0.00128,0.00706
1403637162.888528108596802,0.00222,0.00012,0.00034,0.00244,0.00131,0.00094,0.00738
1403637162.938529014587402,0.00210,0.00009,0.00075,0.00255,0.00000,0.00104,0.00652
1403637162.988532066345215,0.00214,0.00017,0.00002,0.00219,0.00069,0.00097,0.00618
1403637163.038541793823242,0.00220,0.00014,0.00008,0.00216,0.00410,0.00106,0.00975
1403637163.088545322418213,0.00237,0.00015,0.00053,0.00248,0.00136,0.00114,0.00803
1403637163.138556957244873,0.00214,0.00013,0.00385,0.00264,0.00320,0.00092,0.01289
1403637163.188552618026733,0.00263,0.00014,0.00043,0.00263,0.00006,0.00089,0.00677
1403637163.238543033599854,0.00197,0.00009,0.00043,0.00249,0.00136,0.00095,0.00729
1403637163.288535594940186,0.00232,0.00014,0.00029,0.00296,0.00001,0.00117,0.00689
1403637163.338534832000732,0.00213,0.00009,0.00307,0.00217,0.00639,0.00084,0.01470
1403637163.388529062271118,0.00219,0.00017,0.00030,0.00274,0.00036,0.00135,0.00712
1403637163.438526153564453,0.00245,0.00012,0.00012,0.00247,0.00002,0.00106,0.00624
1403637163.488526344299316,0.00215,0.00012,0.00047,0.00189,0.00002,0.00092,0.00556
1403637163.538527488708496,0.00214,0.00017,0.00078,0.00166,0.00009,0.00105,0.00589
1403637163.588526487350464,0.00203,0.00009,0.00040,0.00158,0.00003,0.00081,0.00494
1403637163.638523101806641,0.00235,0.00015,0.00020,0.00157,0.00090,0.00114,0.00632
1403637163.688518762588501,0.00206,0.00014,0.00021,0.00146,0.00114,0.00113,0.00614
1403637163.738531351089478,0.00217,0.00015,0.00191,0.00142,0.00917,0.00093,0.01575
1403637163.788542032241821,0.00218,0.00017,0.00013,0.00291,0.00067,0.00116,0.00722
1403637163.838551998138428,0.00193,0.00013,0.00032,0.00253,0.00001,0.00097,0.00589
1403637163.888557672500610,0.00190,0.00012,0.00092,0.00229,0.00177,0.00095,0.00796
1403637163.938560962677002,0.00199,0.00013,0.00242,0.00257,0.00218,0.00094,0.01022
1403637163.988554954528809,0.00201,0.00013,0.00363,0.00290,0.00095,0.00100,0.01062
1403637164.038552045822144,0.00246,0.00010,0.00066,0.00289,0.00042,0.00099,0.00752
1403637164.088547706604004,0.00201,0.00014,0.00080,0.00284,0.00010,0.00095,0.00685
1403637164.138522624969482,0.00196,0.00011,0.00614,0.00267,0.00002,0.00094,0.01183
1403637164.188511610031128,0.00201,0.00010,0.00034,0.00253,0.00002,0.00093,0.00592
1403637164.238498449325562,0.00275,0.00013,0.00026,0.00256,0.00044,0.00111,0.00726
1403637164.288482189178467,0.00232,0.00013,0.00013,0.00222,0.00035,0.00118,0.00634
1403637164.338473796844482,0.00207,0.00009,0.00011,0.00244,0.00203,0.00094,0.00769
1403637164.388462066650391,0.00213,0.00015,0.00007,0.00236,0.00002,0.00106,0.00579
1403637164.438458204269409,0.00264,0.00013,0.00027,0.00231,0.00068,0.00130,0.00732
1403637164.488457441329956,0.00215,0.00010,0.00032,0.00205,0.00051,0.00104,0.00617
1403637164.538456678390503,0.00216,0.00014,0.00140,0.00231,0.00235,0.00099,0.00935
1403637164.588462352752686,0.00196,0.00009,0.00299,0.00233,0.00260,0.00095,0.01092
1403637164.638463020324707,0.00243,0.00010,0.00090,0.00277,0.00000,0.00099,0.00720
1403637164.688461303710938,0.00206,0.00014,0.00035,0.00250,0.00000,0.00093,0.00598
1403637164.738461256027222,0.00201,0.00009,0.00318,0.00217,0.00228,0.00098,0.01072
1403637164.788459062576294,0.00201,0.00010,0.00350,0.00220,0.00222,0.00152,0.01155
1403637164.838455438613892,0.00280,0.00013,0.00035,0.00226,0.00000,0.00127,0.00680
1403637164.888447999954224,0.00208,0.00013,0.00112,0.00188,0.00000,0.00099,0.00620
1403637164.938445329666138,0.00228,0.00013,0.00076,0.00151,0.00068,0.00098,0.00635
1403637164.988440036773682,0.00234,0.00012,0.00015,0.00140,0.00387,0.00109,0.00898
1403637165.038436412811279,0.00228,0.00010,0.00083,0.00165,0.00003,0.00123,0.00612
1403637165.088429450988770,0.00230,0.00015,0.00030,0.00137,0.00093,0.00127,0.00632
1403637165.138419866561890,0.00207,0.00012,0.00043,0.00143,0.00000,0.00099,0.00504
1403637165.188419103622437,0.00216,0.00009,0.00124,0.00099,0.00913,0.00107,0.01469
1403637165.238414049148560,0.00260,0.00015,0.00085,0.00146,0.00000,0.00114,0.00620
1403637165.288411617279053,0.00234,0.00010,0.00050,0.00121,0.00002,0.00098,0.00515
1403637165.338403463363647,0.00212,0.00011,0.00117,0.00126,0.00219,0.00090,0.00776
1403637165.388404369354248,0.00272,0.00012,0.00121,0.00115,0.00660,0.00098,0.01278
1403637165.438399791717529,0.00202,0.00014,0.00114,0.00169,0.00000,0.00078,0.00577
1403637165.488393783569336,0.00267,0.00017,0.00069,0.00169,0.00190,0.00108,0.00821
1403637165.538387298583984,0.00234,0.00012,0.00023,0.00184,0.00172,0.00099,0.00724
1403637165.588384389877319,0.00239,0.00017,0.00115,0.00144,0.00241,0.00096,0.00852
1403637165.638376712799072,0.00261,0.00015,0.00038,0.00187,0.00032,0.00114,0.00647
1403637165.688369512557983,0.00239,0.00012,0.00018,0.00170,0.00008,0.00093,0.00540
1403637165.738362073898315,0.00296,0.00012,0.00011,0.00146,0.00031,0.00099,0.00595
1403637165.788354635238647,0.00208,0.00017,0.00046,0.00124,0.00118,0.00173,0.00687
1403637165.838350772857666,0.00247,0.00014,0.00040,0.00144,0.00175,0.00116,0.00737
1403637165.888349294662476,0.00214,0.00011,0.00052,0.00160,0.00000,0.00098,0.00536
1403637165.938347816467285,0.00222,0.00009,0.00025,0.00160,0.00282,0.00098,0.00797
1403637165.988345861434937,0.00202,0.00012,0.00111,0.00166,0.00000,0.00093,0.00584
1403637166.038345098495483,0.00228,0.00012,0.00020,0.00156,0.00374,0.00094,0.00884
1403637166.088341712951660,0.00197,0.00011,0.00061,0.00178,0.00643,0.00090,0.01180
1403637166.138342380523682,0.00221,0.00010,0.00032,0.00277,0.00115,0.00103,0.00759
1403637166.188342809677124,0.00229,0.00014,0.00014,0.00267,0.00105,0.00108,0.00737
1403637166.238345146179199,0.00234,0.00015,0.00019,0.00197,0.00141,0.00120,0.00725
1403637166.288347959518433,0.00210,0.00010,0.00322,0.00204,0.00208,0.00100,0.01055
1403637166.338340282440186,0.00229,0.00009,0.00164,0.00237,0.00015,0.00115,0.00769
1403637166.388322591781616,0.00270,0.00015,0.00108,0.00205,0.00340,0.00112,0.01050
1403637166.438319444656372,0.00241,0.00013,0.00042,0.00245,0.00037,0.00099,0.00676
1403637166.488321781158447,0.00251,0.00010,0.00025,0.00270,0.00000,0.00166,0.00723
1403637166.538321971893311,0.00269,0.00011,0.00037,0.00239,0.00089,0.00109,0.00755
1403637166.588314294815063,0.00229,0.00010,0.00020,0.00238,0.00270,0.00102,0.00869
1403637166.638278484344482,0.00253,0.00018,0.00052,0.00257,0.00014,0.00123,0.00717
1403637166.688240766525269,0.00258,0.00017,0.00028,0.00208,0.00071,0.00119,0.00702
1403637166.738219976425171,0.00345,0.00014,0.00020,0.00207,0.00000,0.00094,0.00680
1403637166.788204908370972,0.00218,0.00013,0.00058,0.00177,0.00003,0.00098,0.00568
1403637166.838205337524414,0.00196,0.00011,0.00014,0.00164,0.00000,0.00095,0.00480
1403637166.888211965560913,0.00204,0.00009,0.00024,0.00150,0.00399,0.00099,0.00885
1403637166.938235998153687,0.00206,0.00011,0.00014,0.00194,0.00182,0.00098,0.00707
1403637166.988264560699463,0.00206,0.00009,0.00256,0.00239,0.00235,0.00094,0.01040
1403637167.038281917572021,0.00216,0.00009,0.00076,0.00273,0.00230,0.00097,0.00900
1403637167.088302135467529,0.00237,0.00015,0.00363,0.00319,0.00088,0.00113,0.01136
1403637167.138310432434082,0.00229,0.00018,0.00007,0.00329,0.00075,0.00128,0.00787
1403637167.188316822052002,0.00207,0.00010,0.00001,0.00322,0.00000,0.00110,0.00649
1403637167.238311529159546,0.00210,0.00009,0.00001,0.00316,0.00006,0.00103,0.00645
1403637167.288316011428833,0.00207,0.00018,0.00239,0.00292,0.00056,0.00110,0.00923
1403637167.338314056396484,0.00186,0.00010,0.00001,0.00320,0.00003,0.00080,0.00600
1403637167.388308286666870,0.00243,0.00012,0.00007,0.00332,0.00025,0.00123,0.00742
1403637167.438304662704468,0.00191,0.00014,0.00001,0.00339,0.00080,0.00107,0.00732
1403637167.488301753997803,0.00214,0.00011,0.00378,0.00338,0.00001,0.00135,0.01077
1403637167.538299560546875,0.00271,0.00015,0.00096,0.00325,0.00077,0.00114,0.00898
1403637167.588295221328735,0.00196,0.00015,0.00341,0.00298,0.00000,0.00102,0.00950
1403637167.638288021087646,0.00281,0.00019,0.00096,0.00279,0.00024,0.00108,0.00806
1403637167.688277244567871,0.00248,0.00012,0.00299,0.00285,0.00214,0.00115,0.01173
1403637167.738275766372681,0.00215,0.00013,0.00026,0.00315,0.00006,0.00098,0.00673
1403637167.788273811340332,0.00227,0.00018,0.00076,0.00277,0.00001,0.00111,0.00711
1403637167.838274240493774,0.00285,0.00015,0.00059,0.00235,0.00036,0.00114,0.00745
1403637167.888274431228638,0.00214,0.00014,0.00025,0.00231,0.00119,0.00095,0.00700
1403637167.938273429870605,0.00214,0.00013,0.00011,0.00234,0.00007,0.00117,0.00596
1403637167.988273143768311,0.00223,0.00014,0.00091,0.00208,0.00035,0.00099,0.00670
1403637168.038269281387329,0.00197,0.00012,0.00045,0.00204,0.00010,0.00120,0.00588
1403637168.088268280029297,0.00199,0.00012,0.00049,0.00207,0.00299,0.00125,0.00891
1403637168.138266563415527,0.00301,0.00016,0.00038,0.00288,0.00039,0.00098,0.00780
1403637168.188275814056396,0.00236,0.00017,0.00609,0.00221,0.00216,0.00092,0.01392
1403637168.238270759582520,0.00230,0.00012,0.00212,0.00234,0.00175,0.00103,0.00966
1403637168.288269042968750,0.00238,0.00012,0.00006,0.00248,0.00090,0.00130,0.00724
1403637168.338265895843506,0.00200,0.00009,0.00169,0.00199,0.00010,0.00093,0.00679
1403637168.388267040252686,0.00192,0.00017,0.00202,0.00169,0.00401,0.00105,0.01087
1403637168.438267469406128,0.00284,0.00015,0.00052,0.00161,0.00013,0.00118,0.00644
1403637168.488267660140991,0.00221,0.00014,0.00069,0.00142,0.00050,0.00091,0.00586
1403637168.538271903991699,0.00225,0.00013,0.00016,0.00149,0.00112,0.00099,0.00613
1403637168.588279724121094,0.00199,0.00009,0.00057,0.00164,0.00000,0.00092,0.00522
1403637168.638283014297485,0.00392,0.00019,0.00040,0.00115,0.00060,0.00094,0.00720
1403637168.688288211822510,0.00238,0.00008,0.00018,0.00098,0.00827,0.00091,0.01280
1403637168.738288640975952,0.00229,0.00013,0.00067,0.00202,0.00004,0.00118,0.00634
1403637168.788290977478027,0.00233,0.00015,0.00100,0.00174,0.00556,0.00110,0.01188
1403637168.838289976119995,0.00232,0.00013,0.00059,0.00224,0.00134,0.00104,0.00765
1403637168.888290166854858,0.00228,0.00010,0.00026,0.00219,0.00016,0.00120,0.00619
1403637168.938291788101196,0.00199,0.00016,0.00106,0.00192,0.00010,0.00083,0.00606
1403637168.988292217254639,0.00252,0.00012,0.00063,0.00201,0.00260,0.00117,0.00904
1403637169.038291215896606,0.00210,0.00010,0.00068,0.00239,0.00245,0.00094,0.00867
1403637169.088292598724365,0.00225,0.00012,0.00159,0.00267,0.00058,0.00121,0.00843
1403637169.138296127319336,0.00229,0.00012,0.00084,0.00256,0.00081,0.00117,0.00780
1403637169.188300371170044,0.00212,0.00011,0.00270,0.00266,0.00108,0.00088,0.00955
1403637169.238302707672119,0.00221,0.00012,0.00265,0.00286,0.00006,0.00142,0.00932
1403637169.288296222686768,0.00224,0.00014,0.00269,0.00232,0.00058,0.00117,0.00913
1403637169.338293313980103,0.00247,0.00010,0.00034,0.00169,0.00087,0.00101,0.00647
1403637169.388296604156494,0.00234,0.00012,0.00232,0.00161,0.00167,0.00114,0.00920
1403637169.438294649124146,0.00225,0.00013,0.00089,0.00160,0.00081,0.00110,0.00676
1403637169.488294839859009,0.00221,0.00017,0.00053,0.00151,0.00022,0.00141,0.00606
1403637169.538296461105347,0.00274,0.00014,0.00048,0.00156,0.00218,0.00106,0.00816
1403637169.588298082351685,0.00208,0.00012,0.00049,0.00164,0.00062,0.00109,0.00604
1403637169.638299942016602,0.00251,0.00012,0.00110,0.00131,0.00323,0.00088,0.00914
1403637169.688304424285889,0.00194,0.00009,0.00067,0.00178,0.00070,0.00097,0.00617
1403637169.738308668136597,0.00211,0.00011,0.00065,0.00130,0.00008,0.00086,0.00512
1403637169.788311243057251,0.00204,0.00011,0.00100,0.00120,0.00334,0.00097,0.00866
1403637169.838314771652222,0.00265,0.00011,0.00073,0.00147,0.00037,0.00095,0.00628
1403637169.888318538665771,0.00214,0.00009,0.00043,0.00126,0.00365,0.00086,0.00843
1403637169.938317298889160,0.00235,0.00011,0.00015,0.00140,0.00245,0.00087,0.00732
1403637169.988315582275391,0.00259,0.00011,0.00029,0.00152,0.00064,0.00093,0.00607
1403637170.038315773010254,0.00206,0.00010,0.00050,0.00142,0.00002,0.00090,0.00500
1403637170.088315486907959,0.00196,0.00008,0.00010,0.00137,0.00172,0.00090,0.00613
1403637170.138314723968506,0.00239,0.00010,0.00033,0.00135,0.00000,0.00088,0.00506
1403637170.188313722610474,0.00219,0.00009,0.00005,0.00128,0.01182,0.00088,0.01631
1403637170.238313436508179,0.00228,0.00009,0.00038,0.00242,0.00000,0.00094,0.00612
1403637170.288314342498779,0.00262,0.00012,0.00083,0.00208,0.00070,0.00109,0.00744
1403637170.338313102722168,0.00306,0.00015,0.00099,0.00178,0.00001,0.00118,0.00717
1403637170.388310194015503,0.00203,0.00013,0.00125,0.00157,0.00516,0.00114,0.01128
1403637170.438309431076050,0.00203,0.00014,0.00068,0.00181,0.00002,0.00108,0.00576
1403637170.488308191299438,0.00223,0.00011,0.00046,0.00143,0.00030,0.00083,0.00537
1403637170.538307428359985,0.00219,0.00009,0.00080,0.00128,0.00334,0.00085,0.00855
1403637170.588308095932007,0.00233,0.00011,0.00085,0.00164,0.00001,0.00077,0.00572
1403637170.638308048248291,0.00242,0.00009,0.00014,0.00133,0.00012,0.00094,0.00504
1403637170.688304901123047,0.00228,0.00009,0.00069,0.00109,0.00520,0.00085,0.01020
1403637170.738303899765015,0.00185,0.00009,0.00076,0.00128,0.00002,0.00084,0.00485
1403637170.788305521011353,0.00291,0.00009,0.00149,0.00085,0.00001,0.00081,0.00616
1403637170.838304281234741,0.00246,0.00008,0.00078,0.00073,0.00025,0.00076,0.00506
1403637170.888306140899658,0.00248,0.00008,0.00019,0.00080,0.00561,0.00083,0.00999
1403637170.938305854797363,0.00259,0.00015,0.00059,0.00144,0.00000,0.00120,0.00597
1403637170.988306283950806,0.00277,0.00014,0.00021,0.00137,0.00030,0.00115,0.00593
1403637171.038310527801514,0.00231,0.00014,0.00050,0.00130,0.00228,0.00114,0.00767
1403637171.088310003280640,0.00280,0.00015,0.00083,0.00137,0.00003,0.00118,0.00636
1403637171.138311386108398,0.00233,0.00009,0.00034,0.00129,0.00076,0.00102,0.00583
1403637171.188316345214844,0.00191,0.00010,0.00043,0.00132,0.00861,0.00084,0.01321
1403637171.238320350646973,0.00255,0.00011,0.00093,0.00203,0.00002,0.00094,0.00658
1403637171.288324832916260,0.00212,0.00013,0.00100,0.00241,0.00000,0.00116,0.00682
1403637171.338332653045654,0.00243,0.00013,0.00156,0.00183,0.00432,0.00107,0.01134
1403637171.388333082199097,0.00274,0.00014,0.00032,0.00245,0.00069,0.00087,0.00722
1403637171.438332557678223,0.00228,0.00018,0.00029,0.00266,0.00188,0.00117,0.00847
1403637171.488333702087402,0.00249,0.00013,0.00030,0.00277,0.00131,0.00086,0.00786
1403637171.538336753845215,0.00210,0.00012,0.00216,0.00279,0.00023,0.00093,0.00833
1403637171.588336944580078,0.00273,0.00012,0.00090,0.00293,0.00000,0.00117,0.00785
1403637171.638336181640625,0.00234,0.00012,0.00037,0.00274,0.00110,0.00088,0.00756
1403637171.688336610794067,0.00224,0.00017,0.00303,0.00269,0.00118,0.00113,0.01045
1403637171.738334894180298,0.00234,0.00013,0.00058,0.00299,0.00000,0.00114,0.00717
1403637171.788333654403687,0.00246,0.00012,0.00347,0.00292,0.00144,0.00089,0.01131
1403637171.838335037231445,0.00211,0.00013,0.00011,0.00329,0.00000,0.00087,0.00652
1403637171.888334274291992,0.00306,0.00017,0.00178,0.00314,0.00067,0.00117,0.01000
1403637171.938335657119751,0.00242,0.00021,0.00133,0.00319,0.00000,0.00119,0.00834
1403637171.988336086273193,0.00163,0.00009,0.00029,0.00288,0.00000,0.00114,0.00603
1403637172.038336515426636,0.00188,0.00009,0.00153,0.00269,0.00171,0.00081,0.00872
1403637172.088335752487183,0.00157,0.00010,0.00024,0.00290,0.00037,0.00082,0.00600
1403637172.138325691223145,0.00256,0.00010,0.00249,0.00308,0.00082,0.00128,0.01032
1403637172.188304424285889,0.00199,0.00013,0.00313,0.00343,0.00061,0.00099,0.01028
1403637172.238278627395630,0.00156,0.00010,0.00064,0.00287,0.00000,0.00078,0.00595
1403637172.288269042968750,0.00237,0.00009,0.00167,0.00274,0.00091,0.00119,0.00897
1403637172.338269233703613,0.00199,0.00013,0.00045,0.00257,0.00144,0.00107,0.00766
1403637172.388269662857056,0.00145,0.00009,0.00212,0.00263,0.00198,0.00072,0.00900
1403637172.438270568847656,0.00268,0.00009,0.00009,0.00292,0.00001,0.00139,0.00719
1403637172.488284111022949,0.00252,0.00015,0.00011,0.00251,0.00200,0.00101,0.00831
1403637172.538291215896606,0.00198,0.00017,0.00034,0.00268,0.00072,0.00110,0.00699
1403637172.588302612304688,0.00166,0.00010,0.00013,0.00271,0.00000,0.00085,0.00545
1403637172.638310432434082,0.00230,0.00017,0.00012,0.00274,0.00137,0.00117,0.00788
1403637172.688316822052002,0.00192,0.00015,0.00056,0.00276,0.00142,0.00101,0.00782
1403637172.738318920135498,0.00227,0.00009,0.00086,0.00260,0.00206,0.00079,0.00868
1403637172.788311481475830,0.00228,0.00010,0.00007,0.00267,0.00325,0.00086,0.00923
1403637172.838297367095947,0.00194,0.00009,0.00288,0.00350,0.00093,0.00085,0.01019
1403637172.888278245925903,0.00205,0.00011,0.00014,0.00323,0.00084,0.00093,0.00730
1403637172.938272476196289,0.00259,0.00014,0.00028,0.00332,0.00086,0.00178,0.00896
1403637172.988266229629517,0.00212,0.00016,0.00593,0.00309,0.00072,0.00102,0.01305
1403637173.038265466690063,0.00234,0.00013,0.00038,0.00305,0.00006,0.00121,0.00716
1403637173.088263511657715,0.00218,0.00011,0.00040,0.00299,0.00000,0.00097,0.00666
1403637173.138261318206787,0.00212,0.00009,0.00003,0.00293,0.00000,0.00085,0.00603
1403637173.188253641128540,0.00255,0.00009,0.00029,0.00266,0.00000,0.00092,0.00651
1403637173.238245248794556,0.00218,0.00009,0.00020,0.00255,0.00000,0.00101,0.00603
1403637173.288229942321777,0.00205,0.00013,0.00053,0.00231,0.00228,0.00110,0.00840
1403637173.338204860687256,0.00160,0.00009,0.00369,0.00252,0.00142,0.00086,0.01019
1403637173.388194084167480,0.00154,0.00010,0.00004,0.00292,0.00003,0.00133,0.00598
1403637173.438185930252075,0.00172,0.00012,0.00102,0.00224,0.00165,0.00106,0.00780
1403637173.488189458847046,0.00171,0.00011,0.00008,0.00241,0.00009,0.00082,0.00523
1403637173.538193225860596,0.00145,0.00009,0.00004,0.00254,0.00001,0.00081,0.00496
1403637173.588207483291626,0.00228,0.00018,0.00363,0.00252,0.00342,0.00135,0.01338
1403637173.638216257095337,0.00285,0.00012,0.00010,0.00299,0.00000,0.00108,0.00713
1403637173.688229084014893,0.00192,0.00009,0.00007,0.00284,0.00000,0.00087,0.00580
1403637173.738250255584717,0.00165,0.00010,0.00463,0.00252,0.00344,0.00078,0.01312
1403637173.788257598876953,0.00172,0.00010,0.00020,0.00283,0.00000,0.00085,0.00570
1403637173.838266134262085,0.00155,0.00009,0.00007,0.00269,0.00002,0.00084,0.00526
1403637173.888276100158691,0.00146,0.00009,0.00013,0.00264,0.00066,0.00085,0.00584
1403637173.938282966613770,0.00167,0.00009,0.00032,0.00235,0.00404,0.00081,0.00928
1403637173.988280057907104,0.00158,0.00009,0.00005,0.00320,0.00154,0.00094,0.00740
1403637174.038272142410278,0.00207,0.00010,0.00070,0.00332,0.00012,0.00086,0.00716
1403637174.088264465332031,0.00203,0.00010,0.00001,0.00320,0.00000,0.00083,0.00616
1403637174.138256311416626,0.00161,0.00009,0.00048,0.00290,0.00071,0.00082,0.00662
1403637174.188261747360229,0.00215,0.00009,0.00851,0.00276,0.00072,0.00079,0.01503
1403637174.238261699676514,0.00184,0.00009,0.00040,0.00246,0.00010,0.00077,0.00566
1403637174.288261651992798,0.00147,0.00009,0.00189,0.00248,0.00002,0.00077,0.00672
1403637174.338260412216187,0.00244,0.00009,0.00008,0.00236,0.00232,0.00086,0.00815
1403637174.388257503509521,0.00172,0.00010,0.00028,0.00265,0.00000,0.00141,0.00616
1403637174.438250541687012,0.00207,0.00011,0.00031,0.00251,0.00071,0.00108,0.00679
1403637174.488246440887451,0.00166,0.00009,0.00033,0.00230,0.00000,0.00091,0.00530
1403637174.538241147994995,0.00184,0.00009,0.00031,0.00218,0.00044,0.00089,0.00577
1403637174.588235139846802,0.00166,0.00014,0.00002,0.00241,0.00003,0.00135,0.00560
1403637174.638227224349976,0.00205,0.00011,0.00135,0.00190,0.00077,0.00110,0.00727
1403637174.688225030899048,0.00168,0.00009,0.00028,0.00169,0.00000,0.00089,0.00464
1403637174.738228321075439,0.00177,0.00009,0.00226,0.00134,0.00836,0.00131,0.01513
1403637174.788223743438721,0.00187,0.00012,0.00383,0.00190,0.00100,0.00111,0.00983
1403637174.838217973709106,0.00324,0.00009,0.00037,0.00176,0.00065,0.00085,0.00695
1403637174.888209342956543,0.00164,0.00009,0.00691,0.00179,0.00648,0.00125,0.01818
1403637174.938208103179932,0.00186,0.00012,0.00026,0.00256,0.00000,0.00097,0.00577
1403637174.988207817077637,0.00166,0.00010,0.00020,0.00229,0.00000,0.00080,0.00505
1403637175.038207530975342,0.00262,0.00016,0.00041,0.00177,0.00065,0.00129,0.00691
1403637175.088210582733154,0.00191,0.00011,0.00056,0.00170,0.00000,0.00105,0.00532
1403637175.138216495513916,0.00162,0.00009,0.00046,0.00158,0.00021,0.00078,0.00475
1403637175.188220024108887,0.00177,0.00009,0.00047,0.00137,0.00061,0.00081,0.00513
1403637175.238221406936646,0.00184,0.00009,0.00022,0.00130,0.00012,0.00154,0.00511
1403637175.288215875625610,0.00179,0.00010,0.00147,0.00125,0.00011,0.00101,0.00574
1403637175.338219642639160,0.00163,0.00008,0.00040,0.00133,0.00111,0.00079,0.00534
1403637175.388207435607910,0.00134,0.00008,0.00037,0.00149,0.01073,0.00120,0.01522
1403637175.438205003738403,0.00244,0.00012,0.00045,0.00316,0.00000,0.00112,0.00729
1403637175.488204479217529,0.00168,0.00010,0.00423,0.00279,0.00070,0.00080,0.01030
1403637175.538203001022339,0.00148,0.00009,0.00039,0.00293,0.00000,0.00076,0.00565
1403637175.588205337524414,0.00165,0.00009,0.00340,0.00280,0.00155,0.00084,0.01032
1403637175.638205766677856,0.00225,0.00017,0.00022,0.00322,0.00000,0.00085,0.00671
1403637175.688205242156982,0.00209,0.00010,0.00003,0.00318,0.00000,0.00081,0.00621
1403637175.738204717636108,0.00174,0.00009,0.00156,0.00311,0.00013,0.00081,0.00745
1403637175.788199663162231,0.00149,0.00009,0.00349,0.00296,0.00222,0.00080,0.01105
1403637175.838196516036987,0.00141,0.00009,0.00134,0.00313,0.00000,0.00084,0.00682
1403637175.888194084167480,0.00170,0.00009,0.00032,0.00275,0.00070,0.00083,0.00639
1403637175.938191890716553,0.00171,0.00009,0.00066,0.00249,0.00002,0.00089,0.00585
1403637175.988186359405518,0.00157,0.00009,0.00220,0.00215,0.00226,0.00080,0.00908
1403637176.038185596466064,0.00200,0.00010,0.00036,0.00245,0.00010,0.00083,0.00584
1403637176.088182687759399,0.00179,0.00009,0.00232,0.00207,0.00390,0.00081,0.01100
1403637176.138182163238525,0.00152,0.00010,0.00014,0.00279,0.00002,0.00082,0.00538
1403637176.188181638717651,0.00178,0.00009,0.00042,0.00269,0.00409,0.00082,0.00989
1403637176.238180160522461,0.00176,0.00009,0.00439,0.00343,0.00004,0.00124,0.01094
1403637176.288182735443115,0.00174,0.00013,0.00001,0.00374,0.00000,0.00097,0.00659
1403637176.338183403015137,0.00229,0.00009,0.00005,0.00316,0.00012,0.00082,0.00654
1403637176.388191223144531,0.00188,0.00009,0.00244,0.00309,0.00139,0.00085,0.00974
1403637176.438197374343872,0.00183,0.00009,0.00007,0.00322,0.00036,0.00086,0.00645
1403637176.488199234008789,0.00176,0.00010,0.00014,0.00310,0.00036,0.00093,0.00639
1403637176.538201570510864,0.00297,0.00015,0.00048,0.00332,0.00074,0.00147,0.00913
1403637176.588211536407471,0.00231,0.00013,0.00684,0.00295,0.00147,0.00106,0.01477
1403637176.638212680816650,0.00221,0.00014,0.00037,0.00297,0.00000,0.00121,0.00690
1403637176.688214063644409,0.00234,0.00013,0.00077,0.00250,0.00194,0.00122,0.00890
1403637176.738215923309326,0.00304,0.00012,0.00072,0.00287,0.00073,0.00122,0.00870
1403637176.788216829299927,0.00215,0.00010,0.00067,0.00294,0.00000,0.00086,0.00673
1403637176.838218688964844,0.00180,0.00009,0.00197,0.00289,0.00407,0.00085,0.01168
1403637176.888221979141235,0.00169,0.00010,0.00541,0.00350,0.00071,0.00091,0.01231
1403637176.938222646713257,0.00197,0.00010,0.00034,0.00311,0.00035,0.00086,0.00672
1403637176.988224983215332,0.00170,0.00017,0.00202,0.00334,0.00212,0.00123,0.01058
1403637177.038225889205933,0.00195,0.00012,0.00053,0.00273,0.00000,0.00106,0.00639
1403637177.088226079940796,0.00150,0.00009,0.00049,0.00210,0.00005,0.00076,0.00499
1403637177.138225555419922,0.00236,0.00009,0.00053,0.00204,0.00003,0.00080,0.00585
1403637177.188226222991943,0.00149,0.00009,0.00031,0.00233,0.00634,0.00125,0.01181
1403637177.238226652145386,0.00209,0.00012,0.00001,0.00321,0.00000,0.00111,0.00653
1403637177.288229227066040,0.00164,0.00009,0.00633,0.00353,0.00175,0.00136,0.01471
1403637177.338232278823853,0.00200,0.00012,0.00018,0.00305,0.00071,0.00102,0.00709
1403637177.388234376907349,0.00161,0.00009,0.00011,0.00277,0.00000,0.00084,0.00543
1403637177.438235282897949,0.00159,0.00010,0.00005,0.00271,0.00134,0.00082,0.00661
1403637177.488237142562866,0.00171,0.00009,0.00285,0.00284,0.00344,0.00087,0.01180
1403637177.538237810134888,0.00252,0.00020,0.00029,0.00402,0.00000,0.00125,0.00829
1403637177.588236570358276,0.00230,0.00016,0.00046,0.00384,0.00045,0.00099,0.00821
1403637177.638236284255981,0.00218,0.00012,0.00035,0.00326,0.00000,0.00111,0.00700
1403637177.688233137130737,0.00184,0.00011,0.00615,0.00298,0.00118,0.00081,0.01307
1403637177.738235235214233,0.00177,0.00011,0.00089,0.00326,0.00082,0.00092,0.00778
1403637177.788236141204834,0.00231,0.00010,0.00010,0.00321,0.00008,0.00087,0.00667
1403637177.838236808776855,0.00266,0.00009,0.00003,0.00307,0.00000,0.00087,0.00673
1403637177.888239383697510,0.00213,0.00011,0.00410,0.00305,0.00214,0.00118,0.01272
1403637177.938240528106689,0.00214,0.00011,0.00034,0.00315,0.00001,0.00102,0.00678
1403637177.988239765167236,0.00217,0.00012,0.00003,0.00298,0.00000,0.00091,0.00622
1403637178.038237333297729,0.00221,0.00009,0.00039,0.00250,0.00096,0.00095,0.00710
1403637178.088233470916748,0.00186,0.00011,0.00055,0.00242,0.00335,0.00081,0.00910
1403637178.138231277465820,0.00267,0.00012,0.00014,0.00266,0.00000,0.00092,0.00652
1403637178.188229560852051,0.00211,0.00011,0.00007,0.00216,0.00000,0.00084,0.00529
1403637178.238229990005493,0.00198,0.00010,0.00066,0.00212,0.00004,0.00134,0.00624
1403637178.288234472274780,0.00239,0.00012,0.00039,0.00153,0.00535,0.00108,0.01085
1403637178.338235855102539,0.00218,0.00012,0.00004,0.00183,0.00068,0.00089,0.00575
1403637178.388245820999146,0.00223,0.00013,0.00389,0.00216,0.00537,0.00123,0.01501
1403637178.438245773315430,0.00270,0.00011,0.00069,0.00213,0.00002,0.00107,0.00672
1403637178.488244295120239,0.00216,0.00009,0.00019,0.00204,0.00512,0.00092,0.01053
1403637178.588245391845703,0.00249,0.00023,0.00158,0.00228,0.00000,0.00117,0.00774
1403637178.638251066207886,0.00219,0.00012,0.00045,0.00233,0.00001,0.00085,0.00596
1403637178.688257455825806,0.00180,0.00013,0.00051,0.00224,0.00002,0.00084,0.00553
1403637178.738262891769409,0.00288,0.00015,0.00308,0.00270,0.00507,0.00106,0.01493
1403637178.788266181945801,0.00305,0.00013,0.00034,0.00293,0.00000,0.00092,0.00737
1403637178.838268995285034,0.00256,0.00018,0.00074,0.00297,0.00010,0.00108,0.00764
1403637178.888269662857056,0.00267,0.00011,0.00010,0.00262,0.00066,0.00092,0.00707
1403637178.938270330429077,0.00243,0.00011,0.00049,0.00264,0.00001,0.00083,0.00652
1403637178.988271951675415,0.00200,0.00010,0.00006,0.00262,0.00071,0.00091,0.00641
1403637179.038274288177490,0.00207,0.00009,0.00200,0.00261,0.00452,0.00083,0.01213
1403637179.088278770446777,0.00257,0.00009,0.00007,0.00348,0.00079,0.00088,0.00788
1403637179.138282775878906,0.00191,0.00009,0.00006,0.00353,0.00043,0.00091,0.00694
1403637179.188288927078247,0.00480,0.00021,0.00078,0.00363,0.00045,0.00150,0.01138
1403637179.238289117813110,0.00319,0.00017,0.00067,0.00327,0.00000,0.00099,0.00830
1403637179.288290262222290,0.00196,0.00010,0.00076,0.00318,0.00166,0.00086,0.00851
1403637179.338292121887207,0.00196,0.00011,0.00314,0.00356,0.00000,0.00085,0.00962
1403637179.388291835784912,0.00257,0.00010,0.00139,0.00348,0.00074,0.00088,0.00917
1403637179.438291311264038,0.00197,0.00010,0.00015,0.00345,0.00042,0.00089,0.00698
1403637179.488290071487427,0.00203,0.00020,0.00240,0.00333,0.00082,0.00118,0.00996
1403637179.538289070129395,0.00227,0.00015,0.00052,0.00359,0.00075,0.00110,0.00839
1403637179.588288784027100,0.00199,0.00009,0.00003,0.00322,0.00016,0.00096,0.00646
1403637179.638287782669067,0.00211,0.00020,0.00251,0.00310,0.00079,0.00113,0.00984
1403637179.688287258148193,0.00221,0.00014,0.00039,0.00308,0.00051,0.00172,0.00805
1403637179.738285541534424,0.00250,0.00015,0.00055,0.00309,0.00077,0.00114,0.00819
1403637179.788283348083496,0.00253,0.00018,0.00256,0.00263,0.00138,0.00107,0.01036
1403637179.838281154632568,0.00232,0.00014,0.00049,0.00265,0.00000,0.00113,0.00672
1403637179.888280153274536,0.00194,0.00017,0.00030,0.00253,0.00036,0.00097,0.00625
1403637179.938283443450928,0.00264,0.00016,0.00242,0.00243,0.00317,0.00086,0.01170
1403637179.988281726837158,0.00229,0.00012,0.00043,0.00273,0.00108,0.00112,0.00777
1403637180.038280725479126,0.00234,0.00013,0.00034,0.00273,0.00087,0.00090,0.00730
1403637180.088278055191040,0.00223,0.00013,0.00022,0.00306,0.00162,0.00130,0.00856
1403637180.138281822204590,0.00200,0.00016,0.00026,0.00277,0.00000,0.00086,0.00606
1403637180.188280105590820,0.00220,0.00016,0.00051,0.00280,0.00049,0.00120,0.00735
1403637180.238281488418579,0.00251,0.00012,0.00029,0.00243,0.00244,0.00119,0.00898
1403637180.288284778594971,0.00221,0.00013,0.00092,0.00208,0.00177,0.00117,0.00827
1403637180.338288068771362,0.00199,0.00013,0.00050,0.00204,0.00083,0.00095,0.00643
1403637180.388288736343384,0.00242,0.00009,0.00242,0.00184,0.00375,0.00112,0.01164
1403637180.438286542892456,0.00275,0.00012,0.00042,0.00218,0.00009,0.00121,0.00677
1403637180.488285064697266,0.00228,0.00013,0.00086,0.00206,0.00327,0.00102,0.00962
1403637180.538287162780762,0.00219,0.00017,0.00040,0.00257,0.00243,0.00099,0.00876
1403637180.588289022445679,0.00210,0.00010,0.00325,0.00219,0.00137,0.00079,0.00980
1403637180.638285636901855,0.00236,0.00018,0.00062,0.00215,0.00033,0.00113,0.00677
1403637180.688282012939453,0.00210,0.00013,0.00028,0.00211,0.00115,0.00094,0.00671
1403637180.738279581069946,0.00226,0.00010,0.00029,0.00247,0.00001,0.00094,0.00607
1403637180.788272619247437,0.00212,0.00016,0.00067,0.00211,0.00409,0.00112,0.01027
1403637180.838273525238037,0.00188,0.00010,0.00029,0.00252,0.00000,0.00080,0.00558
1403637180.888276338577271,0.00261,0.00012,0.00032,0.00183,0.00049,0.00090,0.00628
1403637180.938278198242188,0.00231,0.00015,0.00035,0.00203,0.00338,0.00110,0.00932
1403637180.988283872604370,0.00238,0.00011,0.00193,0.00235,0.00275,0.00096,0.01048
1403637181.038291931152344,0.00224,0.00018,0.00075,0.00255,0.00082,0.00100,0.00753
1403637181.088296175003052,0.00270,0.00012,0.00060,0.00248,0.00000,0.00112,0.00703
1403637181.138298273086548,0.00219,0.00012,0.00236,0.00175,0.00503,0.00091,0.01238
1403637181.188301086425781,0.00233,0.00014,0.00086,0.00209,0.00335,0.00113,0.00990
1403637181.238299131393433,0.00219,0.00023,0.00017,0.00255,0.00057,0.00109,0.00680
1403637181.288296699523926,0.00234,0.00014,0.00038,0.00239,0.00016,0.00094,0.00634
1403637181.338297605514526,0.00234,0.00012,0.00041,0.00213,0.00020,0.00086,0.00606
1403637181.388298988342285,0.00188,0.00012,0.00032,0.00199,0.00237,0.00088,0.00756
1403637181.438302040100098,0.00246,0.00020,0.00132,0.00225,0.00049,0.00110,0.00783
1403637181.488304376602173,0.00220,0.00012,0.00153,0.00254,0.00001,0.00098,0.00739
1403637181.538309812545776,0.00206,0.00015,0.00014,0.00202,0.00527,0.00110,0.01074
1403637181.588310241699219,0.00215,0.00017,0.00048,0.00292,0.00140,0.00098,0.00810
1403637181.638313293457031,0.00295,0.00013,0.00362,0.00304,0.00131,0.00144,0.01248
1403637181.688314676284790,0.00221,0.00012,0.00051,0.00314,0.00000,0.00119,0.00718
1403637181.738315582275391,0.00212,0.00018,0.00045,0.00252,0.00129,0.00104,0.00760
1403637181.788313627243042,0.00230,0.00017,0.00015,0.00261,0.00000,0.00129,0.00652
1403637181.838311910629272,0.00200,0.00010,0.00202,0.00241,0.00430,0.00105,0.01187
1403637181.888312339782715,0.00201,0.00016,0.00009,0.00292,0.00045,0.00088,0.00652
1403637181.938312053680420,0.00228,0.00017,0.00036,0.00309,0.00092,0.00103,0.00785
1403637181.988311052322388,0.00284,0.00015,0.00269,0.00259,0.00380,0.00111,0.01319
1403637182.038310050964355,0.00222,0.00013,0.00011,0.00275,0.00025,0.00093,0.00639
1403637182.088308095932007,0.00246,0.00015,0.00059,0.00288,0.00000,0.00120,0.00728
1403637182.138309001922607,0.00177,0.00010,0.00040,0.00200,0.00048,0.00085,0.00560
1403637182.188309431076050,0.00231,0.00017,0.00388,0.00212,0.00563,0.00116,0.01527
1403637182.238310575485229,0.00255,0.00012,0.00019,0.00299,0.00187,0.00091,0.00864
1403637182.288310527801514,0.00219,0.00010,0.00010,0.00292,0.00014,0.00095,0.00640
1403637182.338310718536377,0.00293,0.00010,0.00054,0.00249,0.00012,0.00094,0.00713
1403637182.388309955596924,0.00223,0.00009,0.00036,0.00226,0.00009,0.00098,0.00602
1403637182.438309907913208,0.00238,0.00018,0.00096,0.00252,0.00144,0.00116,0.00864
1403637182.488310575485229,0.00234,0.00013,0.00167,0.00238,0.00008,0.00116,0.00776
1403637182.538312196731567,0.00213,0.00012,0.00320,0.00219,0.00588,0.00113,0.01464
1403637182.588311195373535,0.00230,0.00013,0.00012,0.00336,0.00184,0.00117,0.00892
1403637182.638309717178345,0.00212,0.00009,0.00008,0.00308,0.00010,0.00090,0.00638
1403637182.688308238983154,0.00298,0.00010,0.00010,0.00319,0.00004,0.00128,0.00768
1403637182.738306999206543,0.00253,0.00011,0.00083,0.00271,0.00034,0.00119,0.00772
1403637182.788305759429932,0.00228,0.00011,0.00292,0.00252,0.00325,0.00117,0.01225
1403637182.838305473327637,0.00241,0.00013,0.00037,0.00324,0.00013,0.00115,0.00742
1403637182.888303279876709,0.00227,0.00011,0.00522,0.00288,0.00293,0.00102,0.01443
1403637182.938302516937256,0.00243,0.00012,0.00001,0.00321,0.00013,0.00101,0.00690
1403637182.988301277160645,0.00306,0.00010,0.00034,0.00359,0.00000,0.00130,0.00839
1403637183.038300991058350,0.00224,0.00014,0.00054,0.00313,0.00008,0.00112,0.00724
1403637183.088300228118896,0.00196,0.00011,0.00004,0.00304,0.00000,0.00114,0.00630
1403637183.138299942016602,0.00218,0.00009,0.00181,0.00288,0.00233,0.00095,0.01024
1403637183.188300132751465,0.00200,0.00009,0.00003,0.00336,0.00000,0.00102,0.00652
1403637183.238300085067749,0.00213,0.00014,0.00661,0.00325,0.00126,0.00093,0.01432
1403637183.288300752639771,0.00223,0.00010,0.00072,0.00317,0.00079,0.00102,0.00803
1403637183.338300704956055,0.00191,0.00014,0.00032,0.00325,0.00000,0.00101,0.00663
1403637183.388300895690918,0.00216,0.00019,0.00183,0.00388,0.00002,0.00105,0.00913
1403637183.438300371170044,0.00229,0.00016,0.00011,0.00293,0.00109,0.00098,0.00757
1403637183.488299369812012,0.00246,0.00013,0.00410,0.00303,0.00012,0.00093,0.01077
1403637183.538299083709717,0.00212,0.00017,0.00001,0.00346,0.00014,0.00141,0.00732
1403637183.588298559188843,0.00235,0.00015,0.00001,0.00310,0.00000,0.00112,0.00673
1403637183.638296842575073,0.00185,0.00012,0.00003,0.00303,0.00062,0.00105,0.00669
1403637183.688298225402832,0.00250,0.00014,0.00008,0.00318,0.00001,0.00112,0.00704
1403637183.738296747207642,0.00266,0.00011,0.00107,0.00291,0.00096,0.00085,0.00856
1403637183.788296937942505,0.00237,0.00019,0.00005,0.00311,0.00000,0.00160,0.00733
1403637183.838294744491577,0.00211,0.00012,0.00619,0.00299,0.00059,0.00103,0.01303
1403637183.888294696807861,0.00264,0.00017,0.00012,0.00280,0.00078,0.00131,0.00784
1403637183.938295602798462,0.00240,0.00016,0.00022,0.00296,0.00037,0.00129,0.00739
1403637183.988295793533325,0.00206,0.00011,0.00179,0.00293,0.00072,0.00099,0.00860
1403637184.038298368453979,0.00208,0.00009,0.00021,0.00319,0.00015,0.00123,0.00695
1403637184.088299989700317,0.00216,0.00011,0.00293,0.00290,0.00241,0.00123,0.01174
1403637184.138302326202393,0.00206,0.00013,0.00001,0.00330,0.00014,0.00101,0.00665
1403637184.188306331634521,0.00206,0.00010,0.00007,0.00335,0.00001,0.00131,0.00689
1403637184.238306760787964,0.00219,0.00017,0.00001,0.00308,0.00114,0.00140,0.00799
1403637184.288308382034302,0.00204,0.00011,0.00473,0.00385,0.00066,0.00133,0.01273
1403637184.338308572769165,0.00234,0.00015,0.00043,0.00303,0.00013,0.00094,0.00702
1403637184.388309717178345,0.00214,0.00017,0.00008,0.00290,0.00000,0.00118,0.00647
1403637184.438315153121948,0.00332,0.00014,0.00457,0.00280,0.00189,0.00116,0.01388
1403637184.488321304321289,0.00267,0.00012,0.00100,0.00285,0.00002,0.00118,0.00783
1403637184.538323879241943,0.00214,0.00014,0.00022,0.00257,0.00036,0.00109,0.00652
1403637184.588330745697021,0.00228,0.00009,0.00109,0.00221,0.00153,0.00103,0.00824
1403637184.638334989547729,0.00214,0.00013,0.00027,0.00225,0.00077,0.00103,0.00659
1403637184.688333988189697,0.00210,0.00011,0.00313,0.00214,0.00042,0.00097,0.00887
1403637184.738333702087402,0.00209,0.00013,0.00121,0.00207,0.00014,0.00101,0.00665
1403637184.788332939147949,0.00321,0.00012,0.00030,0.00188,0.00035,0.00164,0.00750
1403637184.838332414627075,0.00255,0.00014,0.00077,0.00189,0.00000,0.00123,0.00658
1403637184.888329744338989,0.00253,0.00010,0.00218,0.00188,0.00266,0.00136,0.01071
1403637184.938326597213745,0.00214,0.00010,0.00077,0.00214,0.00038,0.00122,0.00675
1403637184.988324642181396,0.00217,0.00013,0.00126,0.00215,0.00320,0.00110,0.01001
1403637185.038321971893311,0.00219,0.00013,0.00307,0.00260,0.00244,0.00094,0.01139
1403637185.088320255279541,0.00220,0.00018,0.00098,0.00291,0.00080,0.00123,0.00830
1403637185.138316392898560,0.00223,0.00012,0.00065,0.00276,0.00074,0.00116,0.00765
1403637185.188314437866211,0.00209,0.00009,0.00003,0.00292,0.00089,0.00097,0.00699
1403637185.238314151763916,0.00210,0.00013,0.00027,0.00305,0.00015,0.00101,0.00670
1403637185.288313627243042,0.00204,0.00015,0.00238,0.00281,0.00155,0.00118,0.01010
1403637185.338313341140747,0.00180,0.00010,0.00661,0.00285,0.00002,0.00086,0.01225
1403637185.388314723968506,0.00230,0.00012,0.00017,0.00297,0.00074,0.00121,0.00751
1403637185.438314914703369,0.00294,0.00014,0.00007,0.00292,0.00000,0.00118,0.00726
1403637185.488313674926758,0.00212,0.00009,0.00105,0.00263,0.00050,0.00089,0.00729
1403637185.538310766220093,0.00188,0.00010,0.00008,0.00276,0.00002,0.00091,0.00574
1403637185.588308811187744,0.00272,0.00009,0.00060,0.00249,0.00127,0.00103,0.00820
1403637185.638305187225342,0.00278,0.00013,0.00228,0.00261,0.00243,0.00100,0.01122
1403637185.688303470611572,0.00262,0.00016,0.00034,0.00318,0.00079,0.00123,0.00831
1403637185.738302707672119,0.00226,0.00014,0.00085,0.00335,0.00002,0.00130,0.00792
1403637185.788301467895508,0.00242,0.00019,0.00011,0.00331,0.00013,0.00099,0.00715
1403637185.838300466537476,0.00212,0.00011,0.00052,0.00291,0.00012,0.00101,0.00680
1403637185.888299465179443,0.00227,0.00012,0.00208,0.00270,0.00079,0.00134,0.00929
1403637185.938289880752563,0.00216,0.00017,0.00681,0.00274,0.00003,0.00117,0.01307
1403637185.988274097442627,0.00232,0.00013,0.00856,0.00268,0.00178,0.00144,0.01690
1403637186.038275241851807,0.00210,0.00013,0.00029,0.00346,0.00000,0.00103,0.00701
1403637186.088276386260986,0.00228,0.00010,0.00206,0.00315,0.00000,0.00102,0.00861
1403637186.138277053833008,0.00206,0.00009,0.00076,0.00310,0.00002,0.00103,0.00707
1403637186.188276290893555,0.00210,0.00010,0.00001,0.00312,0.00078,0.00101,0.00711
1403637186.238276243209839,0.00219,0.00010,0.00212,0.00308,0.00000,0.00097,0.00846
1403637186.288275718688965,0.00203,0.00012,0.00001,0.00316,0.00000,0.00108,0.00640
1403637186.338275671005249,0.00201,0.00009,0.00100,0.00309,0.00041,0.00102,0.00762
1403637186.388275623321533,0.00250,0.00015,0.00022,0.00319,0.00000,0.00127,0.00733
1403637186.438276052474976,0.00240,0.00017,0.00065,0.00315,0.00000,0.00123,0.00761
1403637186.488276720046997,0.00209,0.00013,0.00194,0.00351,0.00047,0.00123,0.00937
1403637186.538277387619019,0.00237,0.00012,0.00680,0.00318,0.00000,0.00117,0.01364
1403637186.588279008865356,0.00201,0.00012,0.00789,0.00329,0.00082,0.00122,0.01537
1403637186.638279199600220,0.00232,0.00012,0.00008,0.00326,0.00000,0.00122,0.00701
1403637186.688278913497925,0.00240,0.00013,0.00174,0.00304,0.00040,0.00097,0.00867
1403637186.738277912139893,0.00247,0.00016,0.00190,0.00336,0.00000,0.00143,0.00932
1403637186.788278102874756,0.00219,0.00016,0.00001,0.00327,0.00000,0.00111,0.00674
1403637186.838278770446777,0.00210,0.00011,0.00227,0.00316,0.00000,0.00097,0.00861
1403637186.888279676437378,0.00206,0.00012,0.00007,0.00365,0.00000,0.00129,0.00719
1403637186.938281536102295,0.00211,0.00012,0.00034,0.00324,0.00085,0.00113,0.00778
1403637186.988283395767212,0.00201,0.00013,0.00015,0.00322,0.00000,0.00104,0.00655
1403637187.038285493850708,0.00199,0.00009,0.00089,0.00323,0.00000,0.00102,0.00723
1403637187.088286399841309,0.00313,0.00015,0.00150,0.00332,0.00002,0.00154,0.00966
1403637187.138285875320435,0.00335,0.00012,0.00649,0.00309,0.00075,0.00123,0.01503
1403637187.188284397125244,0.00251,0.00014,0.00612,0.00314,0.00000,0.00127,0.01318
1403637187.238285303115845,0.00309,0.00018,0.00009,0.00318,0.00000,0.00158,0.00812
1403637187.288286685943604,0.00268,0.00015,0.00167,0.00289,0.00057,0.00137,0.00933
1403637187.338287591934204,0.00267,0.00014,0.00081,0.00270,0.00074,0.00127,0.00834
1403637187.388288736343384,0.00228,0.00014,0.00015,0.00278,0.00000,0.00108,0.00643
1403637187.438290119171143,0.00219,0.00009,0.00106,0.00262,0.00142,0.00170,0.00909
1403637187.488291263580322,0.00245,0.00015,0.00034,0.00283,0.00000,0.00133,0.00709
1403637187.538292407989502,0.00210,0.00011,0.00046,0.00276,0.00040,0.00109,0.00692
1403637187.588292598724365,0.00247,0.00014,0.00144,0.00265,0.00012,0.00136,0.00818
1403637187.638294935226440,0.00247,0.00015,0.00958,0.00256,0.00191,0.00118,0.01785
1403637187.688295125961304,0.00224,0.00012,0.00048,0.00293,0.00115,0.00110,0.00801
1403637187.738292217254639,0.00217,0.00011,0.00523,0.00314,0.00073,0.00102,0.01240
1403637187.788292884826660,0.00232,0.00010,0.00681,0.00323,0.00000,0.00136,0.01382
1403637187.838292837142944,0.00233,0.00013,0.00008,0.00326,0.00001,0.00121,0.00702
1403637187.888292789459229,0.00208,0.00014,0.00063,0.00302,0.00074,0.00109,0.00770
1403637187.938292980194092,0.00216,0.00010,0.00070,0.00315,0.00000,0.00097,0.00708
1403637187.988292932510376,0.00224,0.00016,0.00046,0.00306,0.00000,0.00118,0.00711
1403637188.038292646408081,0.00237,0.00012,0.00193,0.00294,0.00075,0.00120,0.00932
1403637188.088292598724365,0.00227,0.00015,0.00127,0.00295,0.00000,0.00127,0.00791
1403637188.138292312622070,0.00217,0.00012,0.00033,0.00300,0.00000,0.00113,0.00675
1403637188.188292264938354,0.00205,0.00012,0.00025,0.00372,0.00015,0.00125,0.00754
1403637188.238292932510376,0.00270,0.00010,0.00648,0.00267,0.00079,0.00094,0.01369
1403637188.288293838500977,0.00268,0.00018,0.00069,0.00286,0.00000,0.00130,0.00771
1403637188.338294744491577,0.00256,0.00018,0.00378,0.00282,0.00149,0.00113,0.01195
1403637188.388296604156494,0.00254,0.00013,0.00198,0.00263,0.00228,0.00147,0.01103
1403637188.438295602798462,0.00217,0.00011,0.00039,0.00286,0.00037,0.00154,0.00745
1403637188.488295078277588,0.00221,0.00016,0.00042,0.00289,0.00041,0.00121,0.00729
1403637188.538293838500977,0.00215,0.00012,0.00038,0.00297,0.00074,0.00101,0.00736
1403637188.588292121887207,0.00192,0.00009,0.00038,0.00300,0.00037,0.00100,0.00677
1403637188.638292551040649,0.00204,0.00012,0.00113,0.00311,0.00086,0.00106,0.00831
1403637188.688291788101196,0.00195,0.00009,0.00140,0.00291,0.00000,0.00100,0.00734
1403637188.738291501998901,0.00186,0.00012,0.00044,0.00264,0.00000,0.00098,0.00604
1403637188.788295984268188,0.00206,0.00009,0.00784,0.00233,0.00317,0.00118,0.01668
1403637188.838297843933105,0.00218,0.00016,0.00520,0.00279,0.00017,0.00084,0.01135
1403637188.888296127319336,0.00224,0.00013,0.00023,0.00287,0.00002,0.00144,0.00694
1403637188.938294649124146,0.00215,0.00011,0.00067,0.00221,0.00281,0.00115,0.00909
1403637188.988292455673218,0.00215,0.00016,0.00009,0.00273,0.00036,0.00095,0.00644
1403637189.038290262222290,0.00258,0.00010,0.00004,0.00251,0.00004,0.00096,0.00622
1403637189.088288784027100,0.00215,0.00010,0.00011,0.00252,0.00104,0.00100,0.00692
1403637189.138287305831909,0.00219,0.00010,0.00016,0.00248,0.00002,0.00101,0.00596
1403637189.188285827636719,0.00202,0.00012,0.00035,0.00234,0.00000,0.00143,0.00625
1403637189.238286256790161,0.00222,0.00011,0.00023,0.00214,0.00000,0.00114,0.00585
1403637189.288288116455078,0.00214,0.00010,0.00011,0.00195,0.00000,0.00109,0.00539
1403637189.338289976119995,0.00248,0.00009,0.00022,0.00196,0.00000,0.00100,0.00577
1403637189.388289213180542,0.00222,0.00013,0.00246,0.00172,0.00706,0.00131,0.01490
1403637189.438287496566772,0.00240,0.00012,0.00533,0.00272,0.00020,0.00114,0.01190
1403637189.488287210464478,0.00219,0.00018,0.00008,0.00271,0.00054,0.00107,0.00677
1403637189.538286924362183,0.00175,0.00009,0.00078,0.00253,0.00117,0.00084,0.00715
1403637189.588289260864258,0.00282,0.00013,0.00361,0.00259,0.00210,0.00125,0.01249
1403637189.638292789459229,0.00214,0.00013,0.00015,0.00297,0.00075,0.00117,0.00730
1403637189.688297033309937,0.00340,0.00015,0.00046,0.00325,0.00002,0.00115,0.00842
1403637189.738302707672119,0.00227,0.00012,0.00023,0.00270,0.00002,0.00096,0.00630
1403637189.788307428359985,0.00258,0.00017,0.00004,0.00269,0.00000,0.00120,0.00667
1403637189.838308334350586,0.00236,0.00013,0.00009,0.00265,0.00000,0.00121,0.00645
1403637189.888307571411133,0.00225,0.00010,0.00003,0.00253,0.00038,0.00103,0.00632
1403637189.938304662704468,0.00212,0.00009,0.00001,0.00248,0.00000,0.00099,0.00569
1403637189.988304615020752,0.00233,0.00014,0.00029,0.00219,0.00318,0.00094,0.00907
1403637190.038305044174194,0.00231,0.00010,0.00482,0.00264,0.00075,0.00097,0.01160
1403637190.088304996490479,0.00216,0.00014,0.00007,0.00268,0.00013,0.00104,0.00622
1403637190.138304710388184,0.00193,0.00010,0.00005,0.00260,0.00213,0.00092,0.00773
1403637190.188303709030151,0.00218,0.00009,0.00234,0.00329,0.00161,0.00130,0.01082
1403637190.238300800323486,0.00223,0.00016,0.00673,0.00299,0.00022,0.00110,0.01343
1403637190.288300991058350,0.00278,0.00013,0.00001,0.00292,0.00078,0.00118,0.00779
1403637190.338301658630371,0.00230,0.00014,0.00085,0.00288,0.00085,0.00090,0.00793
1403637190.388304710388184,0.00226,0.00018,0.00025,0.00307,0.00001,0.00120,0.00697
1403637190.438304424285889,0.00235,0.00017,0.00024,0.00283,0.00000,0.00106,0.00664
1403637190.488303422927856,0.00203,0.00017,0.00007,0.00301,0.00000,0.00134,0.00662
1403637190.538302183151245,0.00204,0.00012,0.00015,0.00227,0.00000,0.00108,0.00566
1403637190.588300228118896,0.00245,0.00014,0.00003,0.00218,0.00013,0.00104,0.00597
1403637190.638296365737915,0.00260,0.00009,0.00205,0.00187,0.00387,0.00095,0.01143
1403637190.688294172286987,0.00209,0.00012,0.00051,0.00223,0.00047,0.00097,0.00639
1403637190.738294124603271,0.00199,0.00010,0.00006,0.00224,0.00000,0.00099,0.00537
1403637190.788294315338135,0.00253,0.00020,0.00053,0.00237,0.00179,0.00114,0.00855
1403637190.838295221328735,0.00258,0.00012,0.00565,0.00221,0.00278,0.00115,0.01449
1403637190.888296127319336,0.00220,0.00017,0.00036,0.00258,0.00003,0.00120,0.00653
1403637190.938297033309937,0.00231,0.00019,0.00033,0.00251,0.00000,0.00108,0.00642
1403637190.988296985626221,0.00218,0.00015,0.00010,0.00242,0.00069,0.00118,0.00673
1403637191.038297176361084,0.00292,0.00012,0.00001,0.00262,0.00000,0.00098,0.00666
1403637191.088296890258789,0.00253,0.00013,0.00031,0.00264,0.00000,0.00117,0.00677
1403637191.138296842575073,0.00208,0.00010,0.00012,0.00246,0.00108,0.00100,0.00684
1403637191.188295841217041,0.00209,0.00011,0.00242,0.00255,0.00234,0.00109,0.01061
1403637191.238296031951904,0.00266,0.00020,0.00233,0.00280,0.00004,0.00124,0.00927
1403637191.288296222686768,0.00233,0.00011,0.00001,0.00292,0.00081,0.00154,0.00773
1403637191.338296175003052,0.00231,0.00016,0.00008,0.00290,0.00001,0.00114,0.00660
1403637191.388296604156494,0.00207,0.00013,0.00299,0.00294,0.00054,0.00112,0.00979
1403637191.438296556472778,0.00221,0.00013,0.00461,0.00308,0.00102,0.00122,0.01226
1403637191.488296985626221,0.00207,0.00016,0.00078,0.00383,0.00074,0.00102,0.00859
1403637191.538296461105347,0.00270,0.00018,0.00037,0.00317,0.00043,0.00113,0.00797
1403637191.588295459747314,0.00257,0.00019,0.00310,0.00305,0.00000,0.00128,0.01019
1403637191.638295173645020,0.00251,0.00018,0.00019,0.00310,0.00001,0.00121,0.00720
1403637191.688294887542725,0.00233,0.00014,0.00018,0.00291,0.00000,0.00116,0.00673
1403637191.738295316696167,0.00247,0.00013,0.00032,0.00040,0.00000,0.00097,0.00430
1403637191.788295984268188,0.00281,0.00013,0.00022,0.00243,0.00248,0.00126,0.00933
1403637191.838294506072998,0.00289,0.00014,0.00117,0.00294,0.00053,0.00113,0.00879
1403637191.888292551040649,0.00217,0.00016,0.00058,0.00260,0.00006,0.00116,0.00673
1403637191.938291311264038,0.00211,0.00014,0.00045,0.00224,0.00035,0.00099,0.00628
1403637191.988290309906006,0.00196,0.00009,0.00012,0.00224,0.00108,0.00098,0.00646
1403637192.038291931152344,0.00240,0.00011,0.00133,0.00206,0.00386,0.00092,0.01068
1403637192.088293075561523,0.00198,0.00010,0.00055,0.00277,0.00000,0.00098,0.00639
1403637192.138293027877808,0.00223,0.00012,0.00006,0.00236,0.00255,0.00088,0.00820
1403637192.188292741775513,0.00192,0.00010,0.00118,0.00281,0.00139,0.00087,0.00828
1403637192.238292217254639,0.00205,0.00010,0.00007,0.00351,0.00157,0.00128,0.00859
1403637192.288292407989502,0.00214,0.00013,0.00006,0.00321,0.00000,0.00111,0.00665
1403637192.338291406631470,0.00197,0.00010,0.00271,0.00287,0.00254,0.00116,0.01135
1403637192.388291597366333,0.00236,0.00023,0.00124,0.00327,0.00003,0.00140,0.00852
1403637192.438292503356934,0.00229,0.00013,0.00150,0.00318,0.00076,0.00114,0.00900
1403637192.488292455673218,0.00197,0.00009,0.00001,0.00333,0.00037,0.00091,0.00668
1403637192.538292407989502,0.00197,0.00011,0.00012,0.00321,0.00000,0.00088,0.00629
1403637192.588292360305786,0.00224,0.00009,0.00250,0.00320,0.00077,0.00090,0.00970
1403637192.638293027877808,0.00198,0.00009,0.00103,0.00325,0.00146,0.00086,0.00867
1403637192.688293218612671,0.00189,0.00011,0.00011,0.00375,0.00053,0.00133,0.00772
1403637192.738293647766113,0.00209,0.00016,0.00001,0.00360,0.00006,0.00111,0.00701
1403637192.788293838500977,0.00195,0.00011,0.00136,0.00362,0.00079,0.00086,0.00868
1403637192.838293552398682,0.00196,0.00011,0.00001,0.00379,0.00000,0.00088,0.00676
1403637192.888293504714966,0.00196,0.00010,0.00031,0.00374,0.00000,0.00090,0.00701
1403637192.938293933868408,0.00214,0.00009,0.00305,0.00344,0.00015,0.00088,0.00977
1403637192.988293409347534,0.00211,0.00010,0.00039,0.00338,0.00039,0.00090,0.00727
1403637193.038293838500977,0.00214,0.00014,0.00193,0.00341,0.00074,0.00088,0.00924
1403637193.088294744491577,0.00207,0.00019,0.00001,0.00355,0.00000,0.00113,0.00695
1403637193.138296127319336,0.00240,0.00010,0.00014,0.00338,0.00000,0.00092,0.00695
1403637193.188297033309937,0.00200,0.00011,0.00229,0.00343,0.00007,0.00091,0.00883
1403637193.238298654556274,0.00238,0.00013,0.00024,0.00344,0.00118,0.00115,0.00851
1403637193.288300037384033,0.00207,0.00011,0.00004,0.00342,0.00044,0.00098,0.00706
1403637193.338299274444580,0.00206,0.00011,0.00028,0.00377,0.00003,0.00097,0.00723
1403637193.388297319412231,0.00195,0.00011,0.00206,0.00345,0.00004,0.00093,0.00854
1403637193.438295602798462,0.00197,0.00012,0.00010,0.00328,0.00000,0.00094,0.00641
1403637193.488294601440430,0.00239,0.00011,0.00032,0.00310,0.00173,0.00122,0.00889
1403637193.538293361663818,0.00271,0.00012,0.00072,0.00319,0.00005,0.00119,0.00798
1403637193.588293552398682,0.00228,0.00011,0.00071,0.00327,0.00038,0.00096,0.00772
1403637193.638294458389282,0.00225,0.00013,0.00145,0.00289,0.00165,0.00122,0.00958
1403637193.688294410705566,0.00218,0.00012,0.00009,0.00318,0.00000,0.00138,0.00694
1403637193.738293647766113,0.00269,0.00014,0.00373,0.00279,0.00009,0.00095,0.01039
1403637193.788294076919556,0.00202,0.00013,0.00038,0.00267,0.00103,0.00123,0.00746
1403637193.838294029235840,0.00210,0.00012,0.00007,0.00249,0.00037,0.00117,0.00633
1403637193.888295173645020,0.00198,0.00010,0.00008,0.00258,0.00004,0.00101,0.00579
1403637193.938296556472778,0.00203,0.00009,0.00043,0.00228,0.00005,0.00093,0.00582
1403637193.988299131393433,0.00199,0.00010,0.00012,0.00214,0.00117,0.00133,0.00684
1403637194.038301467895508,0.00258,0.00014,0.00023,0.00221,0.00138,0.00109,0.00763
1403637194.088301658630371,0.00232,0.00010,0.00237,0.00226,0.00230,0.00099,0.01034
1403637194.138301372528076,0.00209,0.00017,0.00018,0.00251,0.00007,0.00111,0.00614
1403637194.188302040100098,0.00260,0.00017,0.00008,0.00237,0.00075,0.00128,0.00725
1403637194.238302469253540,0.00264,0.00021,0.00046,0.00275,0.00164,0.00109,0.00880
1403637194.288302898406982,0.00222,0.00017,0.00017,0.00215,0.00002,0.00117,0.00589
1403637194.338303565979004,0.00204,0.00012,0.00005,0.00198,0.00295,0.00098,0.00814
1403637194.388303756713867,0.00207,0.00010,0.00004,0.00246,0.00022,0.00099,0.00587
1403637194.438304185867310,0.00224,0.00011,0.00050,0.00198,0.00002,0.00099,0.00583
1403637194.488304376602173,0.00214,0.00011,0.00003,0.00182,0.00013,0.00100,0.00523
1403637194.538305044174194,0.00247,0.00016,0.00022,0.00176,0.00127,0.00111,0.00700
1403637194.588305234909058,0.00233,0.00014,0.00014,0.00182,0.00023,0.00116,0.00583
1403637194.638305187225342,0.00199,0.00012,0.00010,0.00174,0.00432,0.00097,0.00925
1403637194.688305616378784,0.00210,0.00011,0.00005,0.00244,0.00281,0.00101,0.00852
1403637194.738305330276489,0.00212,0.00010,0.00047,0.00268,0.00102,0.00096,0.00735
1403637194.788305521011353,0.00236,0.00013,0.00002,0.00274,0.00004,0.00098,0.00627
1403637194.838305234909058,0.00204,0.00014,0.00018,0.00222,0.00071,0.00092,0.00621
1403637194.888305187225342,0.00194,0.00012,0.00055,0.00241,0.00000,0.00125,0.00627
1403637194.938305616378784,0.00222,0.00013,0.00027,0.00229,0.00018,0.00121,0.00630
1403637194.988305091857910,0.00234,0.00010,0.00060,0.00232,0.00382,0.00092,0.01010
1403637195.038305044174194,0.00216,0.00010,0.00056,0.00288,0.00017,0.00114,0.00701
1403637195.088304996490479,0.00231,0.00013,0.00003,0.00234,0.00013,0.00113,0.00607
1403637195.138304471969604,0.00223,0.00010,0.00078,0.00195,0.00334,0.00091,0.00933
1403637195.188303709030151,0.00205,0.00010,0.00016,0.00232,0.00097,0.00118,0.00677
1403637195.238303422927856,0.00222,0.00010,0.00052,0.00219,0.00034,0.00088,0.00624
1403637195.288303136825562,0.00262,0.00012,0.00015,0.00225,0.00386,0.00117,0.01018
1403637195.338302373886108,0.00208,0.00014,0.00050,0.00270,0.00096,0.00107,0.00744
1403637195.388302087783813,0.00243,0.00011,0.00008,0.00262,0.00003,0.00080,0.00608
1403637195.438301563262939,0.00229,0.00012,0.00034,0.00263,0.00024,0.00131,0.00693
1403637195.488301277160645,0.00198,0.00010,0.00042,0.00228,0.00000,0.00091,0.00570
1403637195.538302421569824,0.00210,0.00012,0.00002,0.00257,0.00274,0.00099,0.00854
1403637195.588302612304688,0.00216,0.00011,0.00006,0.00271,0.00040,0.00159,0.00703
1403637195.638302326202393,0.00242,0.00012,0.00073,0.00251,0.00000,0.00118,0.00696
1403637195.688301086425781,0.00200,0.00010,0.00010,0.00248,0.00337,0.00097,0.00902
1403637195.738301277160645,0.00224,0.00010,0.00006,0.00304,0.00043,0.00094,0.00682
1403637195.788301229476929,0.00224,0.00010,0.00003,0.00304,0.00146,0.00088,0.00775
1403637195.838301420211792,0.00212,0.00013,0.00028,0.00341,0.00005,0.00121,0.00720
1403637195.888302087783813,0.00242,0.00011,0.00010,0.00308,0.00072,0.00105,0.00748
1403637195.938301324844360,0.00214,0.00013,0.00298,0.00317,0.00158,0.00087,0.01086
1403637195.988301753997803,0.00215,0.00009,0.00033,0.00297,0.00037,0.00080,0.00671
1403637196.038300752639771,0.00234,0.00014,0.00009,0.00278,0.00093,0.00087,0.00716
1403637196.088300704956055,0.00218,0.00010,0.00042,0.00274,0.00036,0.00163,0.00743
1403637196.138299942016602,0.00245,0.00015,0.00024,0.00264,0.00021,0.00100,0.00668
1403637196.188299655914307,0.00219,0.00013,0.00008,0.00265,0.00165,0.00084,0.00753
1403637196.238299846649170,0.00249,0.00010,0.00037,0.00265,0.00000,0.00088,0.00650
1403637196.288300752639771,0.00223,0.00010,0.00026,0.00241,0.00047,0.00091,0.00638
1403637196.338301420211792,0.00241,0.00009,0.00025,0.00226,0.00142,0.00092,0.00734
1403637196.388302803039551,0.00194,0.00011,0.00101,0.00244,0.00005,0.00106,0.00660
1403637196.438302278518677,0.00213,0.00018,0.00037,0.00241,0.00042,0.00114,0.00665
1403637196.488301753997803,0.00273,0.00016,0.00058,0.00226,0.00135,0.00117,0.00825
1403637196.538301229476929,0.00242,0.00011,0.00107,0.00233,0.00373,0.00106,0.01073
1403637196.588299751281738,0.00246,0.00014,0.00038,0.00315,0.00078,0.00113,0.00804
1403637196.638298511505127,0.00264,0.00013,0.00050,0.00312,0.00215,0.00110,0.00965
1403637196.688298702239990,0.00213,0.00010,0.00048,0.00333,0.00000,0.00092,0.00696
1403637196.738299369812012,0.00290,0.00012,0.00226,0.00295,0.00217,0.00091,0.01130
1403637196.788299322128296,0.00235,0.00010,0.00193,0.00321,0.00143,0.00092,0.00995
1403637196.838298082351685,0.00210,0.00010,0.00126,0.00360,0.00000,0.00084,0.00791
1403637196.888299703598022,0.00205,0.00010,0.00258,0.00320,0.00171,0.00094,0.01058
1403637196.938299894332886,0.00211,0.00010,0.00062,0.00301,0.00107,0.00092,0.00783
1403637196.988299369812012,0.00208,0.00009,0.00077,0.00418,0.00083,0.00152,0.00948
1403637197.038300275802612,0.00264,0.00013,0.00232,0.00276,0.00071,0.00103,0.00959
1403637197.088302373886108,0.00195,0.00010,0.00140,0.00246,0.00332,0.00083,0.01007
1403637197.138302564620972,0.00256,0.00011,0.00093,0.00251,0.00051,0.00119,0.00782
1403637197.188302278518677,0.00210,0.00011,0.00018,0.00224,0.00013,0.00102,0.00578
1403637197.238302707672119,0.00252,0.00010,0.00062,0.00157,0.00016,0.00086,0.00583
1403637197.288301229476929,0.00214,0.00011,0.00187,0.00126,0.00432,0.00080,0.01051
1403637197.338300466537476,0.00202,0.00009,0.00043,0.00134,0.00122,0.00083,0.00594
1403637197.388301610946655,0.00249,0.00010,0.00031,0.00092,0.00014,0.00084,0.00479
1403637197.438302516937256,0.00229,0.00010,0.00038,0.00077,0.00016,0.00124,0.00493
1403637197.488303422927856,0.00226,0.00010,0.00067,0.00060,0.00145,0.00099,0.00608
1403637197.538306951522827,0.00267,0.00010,0.00052,0.00069,0.00175,0.00087,0.00661
1403637197.588307380676270,0.00200,0.00008,0.00049,0.00064,0.00000,0.00085,0.00408
1403637197.638308525085449,0.00235,0.00008,0.00039,0.00041,0.00137,0.00089,0.00550
1403637197.688308954238892,0.00222,0.00008,0.00054,0.00033,0.00512,0.00115,0.00945
1403637197.738309860229492,0.00323,0.00014,0.00094,0.00083,0.00007,0.00112,0.00633
1403637197.788313150405884,0.00210,0.00010,0.00078,0.00062,0.00000,0.00097,0.00458
1403637197.838314771652222,0.00228,0.00008,0.00040,0.00034,0.00000,0.00097,0.00408
1403637197.888315677642822,0.00278,0.00019,0.00046,0.00040,0.00094,0.00114,0.00592
1403637197.938318252563477,0.00277,0.00009,0.00072,0.00031,0.00341,0.00108,0.00839
1403637197.988318443298340,0.00255,0.00008,0.00093,0.00041,0.00343,0.00090,0.00830
1403637198.038317441940308,0.00221,0.00008,0.00078,0.00064,0.00155,0.00083,0.00610
1403637198.088316202163696,0.00266,0.00008,0.00036,0.00104,0.00205,0.00092,0.00712
1403637198.138315677642822,0.00215,0.00008,0.00054,0.00093,0.00027,0.00086,0.00484
1403637198.188314437866211,0.00200,0.00008,0.00026,0.00102,0.00040,0.00098,0.00475
1403637198.238312005996704,0.00240,0.00008,0.00041,0.00080,0.00187,0.00094,0.00650
1403637198.288312435150146,0.00303,0.00014,0.00046,0.00104,0.00881,0.00164,0.01513
1403637198.338313102722168,0.00278,0.00015,0.00047,0.00167,0.00001,0.00112,0.00619
1403637198.388314485549927,0.00225,0.00016,0.00017,0.00157,0.00257,0.00096,0.00769
1403637198.438315153121948,0.00203,0.00009,0.00058,0.00184,0.00037,0.00086,0.00577
1403637198.488315343856812,0.00229,0.00012,0.00024,0.00167,0.00329,0.00087,0.00849
1403637198.538314819335938,0.00197,0.00011,0.00009,0.00195,0.00033,0.00092,0.00536
1403637198.588315725326538,0.00204,0.00009,0.00055,0.00158,0.00001,0.00089,0.00517
1403637198.638315200805664,0.00235,0.00013,0.00017,0.00158,0.00586,0.00140,0.01149
1403637198.688313484191895,0.00238,0.00015,0.00033,0.00196,0.00025,0.00113,0.00620
1403637198.738312005996704,0.00230,0.00013,0.00019,0.00168,0.00013,0.00149,0.00592
1403637198.788311958312988,0.00217,0.00013,0.00005,0.00170,0.00160,0.00116,0.00682
1403637198.838313817977905,0.00218,0.00013,0.00316,0.00162,0.00528,0.00098,0.01336
1403637198.888313531875610,0.00257,0.00010,0.00041,0.00228,0.00000,0.00126,0.00662
1403637198.938312053680420,0.00233,0.00011,0.00017,0.00171,0.00062,0.00122,0.00615
1403637198.988311052322388,0.00219,0.00011,0.00040,0.00147,0.00071,0.00093,0.00582
1403637199.038309812545776,0.00196,0.00009,0.00037,0.00143,0.00663,0.00162,0.01211
1403637199.088310956954956,0.00218,0.00015,0.00033,0.00199,0.00130,0.00101,0.00695
1403637199.138312339782715,0.00236,0.00013,0.00017,0.00205,0.00002,0.00098,0.00570
1403637199.188312768936157,0.00195,0.00009,0.00095,0.00187,0.00062,0.00092,0.00640
1403637199.238308906555176,0.00203,0.00010,0.00017,0.00168,0.00184,0.00117,0.00699
1403637199.288308858871460,0.00218,0.00015,0.00047,0.00163,0.00707,0.00101,0.01251
1403637199.338307857513428,0.00212,0.00009,0.00088,0.00214,0.00002,0.00087,0.00612
1403637199.388307571411133,0.00229,0.00013,0.00100,0.00222,0.00003,0.00137,0.00705
1403637199.438308715820312,0.00250,0.00014,0.00099,0.00187,0.00694,0.00116,0.01360
1403637199.488307714462280,0.00218,0.00017,0.00020,0.00266,0.00000,0.00106,0.00628
1403637199.538308382034302,0.00220,0.00013,0.00052,0.00239,0.00001,0.00095,0.00620
1403637199.588308334350586,0.00222,0.00013,0.00017,0.00217,0.00074,0.00121,0.00665
1403637199.638307094573975,0.00219,0.00014,0.00040,0.00228,0.00096,0.00092,0.00690
1403637199.688305616378784,0.00266,0.00011,0.00309,0.00152,0.00419,0.00135,0.01292
1403637199.738305807113647,0.00249,0.00012,0.00041,0.00187,0.00000,0.00123,0.00613
1403637199.788306713104248,0.00227,0.00013,0.00019,0.00165,0.00000,0.00099,0.00523
1403637199.838305711746216,0.00246,0.00012,0.00169,0.00105,0.00017,0.00092,0.00641
1403637199.888305902481079,0.00316,0.00015,0.00080,0.00097,0.00535,0.00134,0.01178
1403637199.938304185867310,0.00232,0.00014,0.00044,0.00158,0.00000,0.00111,0.00559
1403637199.988302946090698,0.00180,0.00009,0.00017,0.00142,0.00806,0.00119,0.01274
1403637200.038303613662720,0.00321,0.00011,0.00082,0.00137,0.00031,0.00109,0.00692
1403637200.088302135467529,0.00230,0.00017,0.00033,0.00131,0.00000,0.00086,0.00497
1403637200.138302087783813,0.00252,0.00011,0.00080,0.00087,0.00002,0.00088,0.00521
1403637200.188304185867310,0.00317,0.00008,0.00125,0.00076,0.00056,0.00126,0.00709
1403637200.238311767578125,0.00268,0.00009,0.00169,0.00039,0.00811,0.00103,0.01400
1403637200.288317680358887,0.00231,0.00009,0.00041,0.00140,0.00044,0.00086,0.00550
1403637200.338321685791016,0.00215,0.00008,0.00081,0.00130,0.00000,0.00117,0.00551
1403637200.388323783874512,0.00274,0.00014,0.00033,0.00111,0.00000,0.00129,0.00560
1403637200.438331842422485,0.00225,0.00013,0.00025,0.00086,0.00296,0.00104,0.00749
1403637200.488330602645874,0.00217,0.00009,0.00047,0.00096,0.00000,0.00089,0.00458
1403637200.538329601287842,0.00265,0.00014,0.00013,0.00100,0.00000,0.00125,0.00517
1403637200.588324785232544,0.00217,0.00013,0.00026,0.00079,0.00575,0.00111,0.01022
1403637200.638320207595825,0.00236,0.00009,0.00151,0.00136,0.00000,0.00103,0.00636
1403637200.688308954238892,0.00215,0.00012,0.00011,0.00132,0.00211,0.00095,0.00676
1403637200.738297939300537,0.00213,0.00011,0.00284,0.00155,0.00846,0.00091,0.01601
1403637200.788291931152344,0.00226,0.00013,0.00024,0.00294,0.00000,0.00100,0.00657
1403637200.838284492492676,0.00209,0.00013,0.00217,0.00258,0.00119,0.00119,0.00935
1403637200.888281345367432,0.00226,0.00013,0.00014,0.00288,0.00000,0.00116,0.00657
1403637200.938271760940552,0.00250,0.00021,0.00678,0.00249,0.00001,0.00117,0.01316
1403637200.988271951675415,0.00231,0.00017,0.00010,0.00253,0.00001,0.00111,0.00624
1403637201.038270711898804,0.00213,0.00014,0.00012,0.00238,0.00000,0.00092,0.00568
1403637201.088270425796509,0.00252,0.00009,0.00112,0.00227,0.00327,0.00087,0.01014
1403637201.138270378112793,0.00222,0.00013,0.00014,0.00291,0.00002,0.00107,0.00648
1403637201.188270092010498,0.00198,0.00013,0.00590,0.00284,0.00142,0.00092,0.01319
1403637201.238270759582520,0.00217,0.00010,0.00012,0.00315,0.00000,0.00105,0.00659
1403637201.288272142410278,0.00235,0.00012,0.00003,0.00313,0.00047,0.00134,0.00744
1403637201.338275909423828,0.00224,0.00014,0.00268,0.00280,0.00040,0.00122,0.00948
1403637201.388277530670166,0.00247,0.00020,0.00012,0.00276,0.00010,0.00111,0.00677
1403637201.438279628753662,0.00217,0.00013,0.00032,0.00294,0.00150,0.00087,0.00793
1403637201.488280296325684,0.00223,0.00014,0.00010,0.00288,0.00002,0.00116,0.00653
1403637201.538280487060547,0.00217,0.00012,0.00402,0.00280,0.00283,0.00097,0.01292
1403637201.588279724121094,0.00198,0.00022,0.00093,0.00340,0.00000,0.00115,0.00768
1403637201.638280868530273,0.00211,0.00013,0.00539,0.00328,0.00000,0.00115,0.01205
1403637201.688282012939453,0.00193,0.00010,0.00077,0.00295,0.00012,0.00111,0.00697
1403637201.738281965255737,0.00208,0.00015,0.00014,0.00280,0.00073,0.00111,0.00700
1403637201.788282871246338,0.00210,0.00016,0.00480,0.00289,0.00211,0.00109,0.01314
1403637201.838283300399780,0.00203,0.00011,0.00003,0.00315,0.00002,0.00101,0.00634
1403637201.888283252716064,0.00240,0.00016,0.00001,0.00305,0.00000,0.00126,0.00688
1403637201.938282728195190,0.00260,0.00017,0.00046,0.00295,0.00083,0.00132,0.00833
1403637201.988279819488525,0.00247,0.00014,0.00036,0.00321,0.00002,0.00097,0.00716
1403637202.038277387619019,0.00245,0.00017,0.00001,0.00350,0.00081,0.00110,0.00804
1403637202.088274240493774,0.00195,0.00011,0.00101,0.00325,0.00000,0.00100,0.00731
1403637202.138270616531372,0.00233,0.00016,0.00310,0.00313,0.00000,0.00120,0.00992
1403637202.188270092010498,0.00224,0.00019,0.00010,0.00299,0.00003,0.00111,0.00666
1403637202.238268375396729,0.00168,0.00011,0.00386,0.00266,0.00201,0.00092,0.01125
1403637202.288268327713013,0.00199,0.00010,0.00004,0.00361,0.00092,0.00088,0.00754
1403637202.338268756866455,0.00232,0.00017,0.00026,0.00325,0.00081,0.00121,0.00802
1403637202.388270378112793,0.00213,0.00014,0.00295,0.00324,0.00000,0.00100,0.00945
1403637202.438274621963501,0.00197,0.00018,0.00444,0.00355,0.00001,0.00188,0.01203
1403637202.488276004791260,0.00212,0.00016,0.00003,0.00327,0.00000,0.00106,0.00664
1403637202.538278102874756,0.00244,0.00010,0.00032,0.00328,0.00102,0.00099,0.00815
1403637202.588279247283936,0.00198,0.00010,0.00041,0.00315,0.00000,0.00117,0.00681
1403637202.638279438018799,0.00232,0.00019,0.00016,0.00351,0.00000,0.00136,0.00754
1403637202.688280344009399,0.00206,0.00014,0.00040,0.00314,0.00074,0.00109,0.00757
1403637202.738281726837158,0.00216,0.00011,0.00254,0.00309,0.00073,0.00098,0.00961
1403637202.788282394409180,0.00209,0.00018,0.00005,0.00330,0.00000,0.00166,0.00727
1403637202.838283061981201,0.00206,0.00012,0.00362,0.00315,0.00010,0.00111,0.01017
1403637202.888283014297485,0.00221,0.00022,0.00030,0.00313,0.00000,0.00115,0.00701
1403637202.938283205032349,0.00221,0.00015,0.00001,0.00328,0.00000,0.00129,0.00694
1403637202.988281965255737,0.00198,0.00013,0.00342,0.00313,0.00005,0.00094,0.00966
1403637203.038284063339233,0.00199,0.00009,0.00400,0.00313,0.00110,0.00094,0.01125
1403637203.088284254074097,0.00223,0.00015,0.00001,0.00339,0.00000,0.00119,0.00696
1403637203.138284206390381,0.00213,0.00013,0.00001,0.00340,0.00046,0.00122,0.00735
1403637203.188284158706665,0.00203,0.00014,0.00036,0.00338,0.00000,0.00101,0.00692
1403637203.238284349441528,0.00206,0.00011,0.00001,0.00337,0.00000,0.00100,0.00654
1403637203.288284540176392,0.00194,0.00013,0.00101,0.00337,0.00000,0.00093,0.00738
1403637203.338284254074097,0.00218,0.00009,0.00258,0.00326,0.00000,0.00095,0.00906
1403637203.388284206390381,0.00224,0.00009,0.00001,0.00333,0.00002,0.00092,0.00662
1403637203.438283920288086,0.00187,0.00010,0.00307,0.00329,0.00075,0.00100,0.01007
1403637203.488283634185791,0.00220,0.00013,0.00045,0.00344,0.00000,0.00106,0.00729
1403637203.538284301757812,0.00198,0.00011,0.00001,0.00343,0.00000,0.00100,0.00653
1403637203.588283777236938,0.00211,0.00013,0.00279,0.00343,0.00000,0.00093,0.00938
1403637203.638283491134644,0.00196,0.00010,0.00379,0.00330,0.00000,0.00097,0.01011
1403637203.688283205032349,0.00211,0.00017,0.00006,0.00337,0.00000,0.00114,0.00685
1403637203.738282918930054,0.00208,0.00012,0.00003,0.00323,0.00002,0.00081,0.00629
1403637203.788283109664917,0.00179,0.00010,0.00033,0.00322,0.00003,0.00088,0.00635
1403637203.838282823562622,0.00215,0.00014,0.00001,0.00329,0.00000,0.00127,0.00686
1403637203.888282775878906,0.00204,0.00010,0.00034,0.00347,0.00086,0.00123,0.00804
1403637203.938282251358032,0.00195,0.00013,0.00262,0.00333,0.00002,0.00090,0.00896
1403637203.988282203674316,0.00312,0.00018,0.00001,0.00315,0.00003,0.00206,0.00854
1403637204.038282394409180,0.00269,0.00014,0.00319,0.00272,0.00079,0.00154,0.01107
1403637204.088281869888306,0.00248,0.00016,0.00006,0.00307,0.00016,0.00106,0.00700
1403637204.138281583786011,0.00231,0.00013,0.00009,0.00297,0.00000,0.00132,0.00684
1403637204.188281059265137,0.00210,0.00009,0.00227,0.00298,0.00009,0.00106,0.00860
1403637204.238280534744263,0.00220,0.00009,0.00316,0.00281,0.00009,0.00100,0.00936
1403637204.288280725479126,0.00231,0.00010,0.00003,0.00279,0.00000,0.00102,0.00625
1403637204.338280916213989,0.00202,0.00010,0.00022,0.00267,0.00070,0.00098,0.00669
1403637204.388281106948853,0.00214,0.00011,0.00001,0.00282,0.00039,0.00102,0.00650
1403637204.438282012939453,0.00219,0.00010,0.00001,0.00321,0.00000,0.00106,0.00657
1403637204.488282203674316,0.00250,0.00010,0.00001,0.00300,0.00002,0.00101,0.00665
1403637204.538282632827759,0.00214,0.00009,0.00682,0.00290,0.00090,0.00128,0.01413
1403637204.588282346725464,0.00252,0.00014,0.00001,0.00305,0.00003,0.00135,0.00711
1403637204.638282299041748,0.00280,0.00018,0.00074,0.00301,0.00216,0.00120,0.01011
1403637204.688281774520874,0.00250,0.00019,0.00020,0.00354,0.00000,0.00123,0.00767
1403637204.738281488418579,0.00229,0.00017,0.00005,0.00413,0.00000,0.00130,0.00795
1403637204.788281917572021,0.00224,0.00019,0.00223,0.00356,0.00000,0.00107,0.00930
1403637204.838282585144043,0.00218,0.00013,0.00315,0.00357,0.00000,0.00129,0.01031
1403637204.888282537460327,0.00218,0.00010,0.00001,0.00382,0.00000,0.00130,0.00740
1403637204.938283205032349,0.00251,0.00012,0.00081,0.00422,0.00000,0.00119,0.00885
1403637204.988283395767212,0.00278,0.00014,0.00003,0.00348,0.00000,0.00116,0.00759
1403637205.038283824920654,0.00217,0.00011,0.00003,0.00339,0.00000,0.00098,0.00668
1403637205.088283538818359,0.00221,0.00010,0.00003,0.00345,0.00002,0.00103,0.00685
1403637205.138283252716064,0.00199,0.00015,0.00467,0.00323,0.00003,0.00151,0.01158
1403637205.188282966613770,0.00259,0.00015,0.00001,0.00340,0.00003,0.00115,0.00732
1403637205.238283157348633,0.00207,0.00011,0.00003,0.00338,0.00075,0.00101,0.00734
1403637205.288283109664917,0.00216,0.00012,0.00018,0.00353,0.00000,0.00101,0.00700
1403637205.338282823562622,0.00212,0.00010,0.00003,0.00360,0.00000,0.00107,0.00693
1403637205.388282537460327,0.00250,0.00014,0.00219,0.00352,0.00000,0.00100,0.00935
1403637205.438282489776611,0.00217,0.00010,0.00336,0.00339,0.00000,0.00097,0.01000
1403637205.488282442092896,0.00208,0.00009,0.00001,0.00355,0.00000,0.00104,0.00677
1403637205.538282394409180,0.00204,0.00009,0.00003,0.00352,0.00000,0.00104,0.00674
1403637205.588282346725464,0.00215,0.00010,0.00001,0.00381,0.00000,0.00124,0.00731
1403637205.638281822204590,0.00241,0.00011,0.00001,0.00367,0.00000,0.00123,0.00744
1403637205.688281536102295,0.00197,0.00010,0.00003,0.00350,0.00000,0.00103,0.00664
1403637205.738280773162842,0.00193,0.00009,0.00073,0.00350,0.00000,0.00153,0.00779
1403637205.788280725479126,0.00226,0.00014,0.00003,0.00354,0.00000,0.00119,0.00717
1403637205.838280439376831,0.00192,0.00011,0.00003,0.00353,0.00000,0.00103,0.00662
1403637205.888280153274536,0.00207,0.00010,0.00011,0.00378,0.00000,0.00100,0.00706
1403637205.988279819488525,0.00205,0.00014,0.00003,0.00340,0.00000,0.00098,0.00659
1403637206.038279771804810,0.00200,0.00009,0.00016,0.00339,0.00000,0.00098,0.00663
1403637206.088279247283936,0.00206,0.00009,0.00095,0.00333,0.00002,0.00102,0.00746
1403637206.138278961181641,0.00216,0.00016,0.00001,0.00349,0.00000,0.00122,0.00705
1403637206.188278913497925,0.00172,0.00012,0.00001,0.00333,0.00004,0.00087,0.00608
1403637206.238278865814209,0.00200,0.00011,0.00001,0.00327,0.00000,0.00091,0.00630
1403637206.288279533386230,0.00232,0.00015,0.00001,0.00353,0.00000,0.00134,0.00735
1403637206.338279485702515,0.00218,0.00010,0.00002,0.00370,0.00003,0.00106,0.00708
1403637206.388279676437378,0.00203,0.00009,0.00138,0.00334,0.00003,0.00100,0.00787
1403637206.438279628753662,0.00196,0.00010,0.00001,0.00340,0.00002,0.00101,0.00651
1403637206.488279342651367,0.00238,0.00015,0.00001,0.00339,0.00004,0.00121,0.00717
1403637206.538279771804810,0.00212,0.00010,0.00004,0.00337,0.00002,0.00101,0.00666
1403637206.588279962539673,0.00209,0.00014,0.00001,0.00340,0.00003,0.00126,0.00692
1403637206.638280391693115,0.00188,0.00014,0.00014,0.00336,0.00002,0.00129,0.00682
1403637206.688280344009399,0.00206,0.00012,0.00095,0.00323,0.00003,0.00089,0.00727
1403637206.738280296325684,0.00226,0.00015,0.00001,0.00369,0.00000,0.00123,0.00733
1403637206.788280487060547,0.00203,0.00011,0.00001,0.00331,0.00002,0.00097,0.00646
1403637206.838280677795410,0.00200,0.00010,0.00001,0.00347,0.00000,0.00133,0.00690
1403637206.888280868530273,0.00213,0.00012,0.00001,0.00350,0.00000,0.00133,0.00708
1403637206.938280105590820,0.00220,0.00010,0.00001,0.00338,0.00003,0.00102,0.00674
1403637206.988280057907104,0.00210,0.00009,0.00137,0.00335,0.00003,0.00098,0.00793
1403637207.038280487060547,0.00206,0.00020,0.00001,0.00342,0.00004,0.00126,0.00699
1403637207.088280439376831,0.00213,0.00013,0.00002,0.00341,0.00002,0.00123,0.00695
1403637207.138280630111694,0.00197,0.00010,0.00003,0.00382,0.00005,0.00134,0.00731
1403637207.188280344009399,0.00176,0.00013,0.00003,0.00319,0.00003,0.00098,0.00612
1403637207.238280773162842,0.00221,0.00014,0.00014,0.00339,0.00003,0.00127,0.00718
1403637207.288281440734863,0.00212,0.00011,0.00025,0.00329,0.00005,0.00099,0.00682
1403637207.338281631469727,0.00216,0.00009,0.00001,0.00332,0.00000,0.00097,0.00655
1403637207.388281345367432,0.00200,0.00009,0.00001,0.00325,0.00002,0.00109,0.00647
1403637207.438281297683716,0.00194,0.00009,0.00001,0.00330,0.00000,0.00104,0.00638
1403637207.488281726837158,0.00199,0.00009,0.00001,0.00325,0.00000,0.00102,0.00637
1403637207.538281917572021,0.00208,0.00009,0.00001,0.00319,0.00004,0.00110,0.00651
1403637207.588281631469727,0.00221,0.00009,0.00131,0.00304,0.00004,0.00098,0.00768
1403637207.638281106948853,0.00205,0.00009,0.00006,0.00310,0.00003,0.00098,0.00632
1403637207.688281297683716,0.00232,0.00015,0.00001,0.00313,0.00004,0.00142,0.00707
1403637207.738281488418579,0.00238,0.00014,0.00006,0.00315,0.00004,0.00126,0.00702
1403637207.788283109664917,0.00229,0.00011,0.00001,0.00296,0.00003,0.00104,0.00643
1403637207.838284730911255,0.00200,0.00009,0.00009,0.00291,0.00005,0.00103,0.00617
1403637207.888287782669067,0.00236,0.00009,0.00157,0.00297,0.00008,0.00099,0.00806
1403637207.938289403915405,0.00223,0.00020,0.00001,0.00299,0.00000,0.00124,0.00667
1403637207.988289594650269,0.00216,0.00013,0.00001,0.00305,0.00002,0.00121,0.00658
1403637208.038290023803711,0.00218,0.00010,0.00001,0.00290,0.00000,0.00101,0.00620
1403637208.088290214538574,0.00193,0.00009,0.00001,0.00299,0.00000,0.00102,0.00604
1403637208.138289451599121,0.00218,0.00015,0.00001,0.00295,0.00004,0.00123,0.00656
1403637208.188289880752563,0.00197,0.00011,0.00067,0.00355,0.00012,0.00117,0.00758
1403637208.238289833068848,0.00222,0.00014,0.00001,0.00350,0.00005,0.00092,0.00684
1403637208.288289546966553,0.00184,0.00013,0.00001,0.00360,0.00004,0.00136,0.00699
1403637208.338289737701416,0.00242,0.00014,0.00001,0.00299,0.00004,0.00131,0.00690
1403637208.388289928436279,0.00198,0.00011,0.00001,0.00317,0.00004,0.00100,0.00631
1403637208.438289642333984,0.00226,0.00009,0.00145,0.00290,0.00012,0.00115,0.00798
1403637208.488289594650269,0.00206,0.00009,0.00204,0.00300,0.00015,0.00164,0.00899
1403637208.538290023803711,0.00225,0.00017,0.00001,0.00304,0.00000,0.00123,0.00671
1403637208.588289737701416,0.00207,0.00011,0.00001,0.00290,0.00072,0.00101,0.00682
1403637208.638289928436279,0.00214,0.00012,0.00001,0.00333,0.00000,0.00129,0.00689
1403637208.688289880752563,0.00201,0.00012,0.00001,0.00315,0.00000,0.00122,0.00651
1403637208.738289833068848,0.00206,0.00014,0.00001,0.00310,0.00003,0.00106,0.00639
1403637208.788290023803711,0.00184,0.00009,0.00059,0.00314,0.00007,0.00094,0.00668
1403637208.838290214538574,0.00202,0.00019,0.00001,0.00310,0.00005,0.00121,0.00658
1403637208.888290166854858,0.00206,0.00013,0.00001,0.00316,0.00003,0.00126,0.00664
1403637208.938290357589722,0.00258,0.00015,0.00001,0.00326,0.00005,0.00117,0.00721
1403637208.988290309906006,0.00240,0.00013,0.00001,0.00312,0.00003,0.00123,0.00692
1403637209.038290262222290,0.00219,0.00010,0.00152,0.00302,0.00006,0.00103,0.00793
1403637209.088290929794312,0.00214,0.00016,0.00293,0.00305,0.00007,0.00100,0.00935
1403637209.138291597366333,0.00215,0.00015,0.00001,0.00309,0.00000,0.00123,0.00663
1403637209.188292264938354,0.00249,0.00013,0.00007,0.00308,0.00000,0.00116,0.00693
1403637209.238292217254639,0.00204,0.00009,0.00001,0.00301,0.00000,0.00099,0.00615
1403637209.288292407989502,0.00225,0.00009,0.00003,0.00297,0.00000,0.00098,0.00632
1403637209.338292121887207,0.00205,0.00009,0.00001,0.00356,0.00004,0.00121,0.00697
1403637209.388291597366333,0.00225,0.00011,0.00194,0.00301,0.00009,0.00122,0.00862
1403637209.438291788101196,0.00230,0.00010,0.00001,0.00299,0.00004,0.00103,0.00645
1403637209.488292455673218,0.00211,0.00010,0.00001,0.00298,0.00003,0.00096,0.00618
1403637209.538293123245239,0.00201,0.00010,0.00001,0.00305,0.00004,0.00099,0.00620
1403637209.588293313980103,0.00201,0.00009,0.00003,0.00292,0.00002,0.00103,0.00610
1403637209.638293504714966,0.00227,0.00015,0.00019,0.00322,0.00011,0.00116,0.00709
1403637209.688293457031250,0.00216,0.00013,0.00019,0.00337,0.00014,0.00093,0.00691
1403637209.738293647766113,0.00232,0.00013,0.00001,0.00302,0.00000,0.00122,0.00670
1403637209.788294315338135,0.00214,0.00010,0.00001,0.00295,0.00000,0.00096,0.00616
1403637209.838294982910156,0.00202,0.00010,0.00001,0.00281,0.00000,0.00095,0.00588
1403637209.888294935226440,0.00225,0.00009,0.00003,0.00301,0.00000,0.00095,0.00633
1403637209.938295125961304,0.00221,0.00009,0.00004,0.00271,0.00002,0.00102,0.00608
1403637209.988295793533325,0.00199,0.00009,0.00252,0.00267,0.00013,0.00095,0.00835
1403637210.038295984268188,0.00193,0.00009,0.00001,0.00271,0.00004,0.00096,0.00574
1403637210.088295936584473,0.00216,0.00014,0.00017,0.00251,0.00002,0.00120,0.00620
1403637210.138296365737915,0.00278,0.00014,0.00004,0.00251,0.00003,0.00152,0.00702
1403637210.188296794891357,0.00308,0.00015,0.00009,0.00235,0.00035,0.00125,0.00728
1403637210.238296985626221,0.00280,0.00014,0.00022,0.00237,0.00238,0.00116,0.00907
1403637210.288296937942505,0.00234,0.00013,0.00278,0.00273,0.00074,0.00100,0.00972
1403637210.338297128677368,0.00223,0.00013,0.00004,0.00255,0.00000,0.00109,0.00604
1403637210.388297557830811,0.00230,0.00011,0.00011,0.00239,0.00000,0.00099,0.00590
1403637210.438297748565674,0.00232,0.00012,0.00004,0.00238,0.00000,0.00109,0.00594
1403637210.538297414779663,0.00240,0.00017,0.00125,0.00224,0.00000,0.00103,0.00709
1403637210.588297128677368,0.00267,0.00011,0.00051,0.00241,0.00004,0.00138,0.00712
1403637210.638296842575073,0.00218,0.00013,0.00563,0.00222,0.00176,0.00091,0.01284
1403637210.688296318054199,0.00251,0.00017,0.00155,0.00246,0.00002,0.00123,0.00794
1403637210.738296270370483,0.00212,0.00013,0.00061,0.00252,0.00350,0.00125,0.01015
1403637210.788295984268188,0.00289,0.00015,0.00833,0.00324,0.00000,0.00127,0.01588
1403637210.838296651840210,0.00238,0.00014,0.00004,0.00347,0.00000,0.00125,0.00729
1403637210.888296842575073,0.00237,0.00015,0.00078,0.00281,0.00038,0.00110,0.00759
1403637210.938296556472778,0.00198,0.00012,0.00268,0.00285,0.00149,0.00095,0.01007
1403637210.988296031951904,0.00206,0.00011,0.00015,0.00336,0.00000,0.00127,0.00696
1403637211.038295745849609,0.00245,0.00012,0.00085,0.00311,0.00000,0.00117,0.00769
1403637211.088295459747314,0.00241,0.00013,0.00125,0.00278,0.00000,0.00091,0.00747
1403637211.138296127319336,0.00221,0.00012,0.00044,0.00282,0.00000,0.00088,0.00647
1403637211.188296794891357,0.00249,0.00012,0.00061,0.00264,0.00036,0.00092,0.00714
1403637211.238296747207642,0.00209,0.00018,0.00370,0.00258,0.00080,0.00109,0.01044
1403637211.288296937942505,0.00243,0.00016,0.00007,0.00252,0.00004,0.00122,0.00644
1403637211.338295936584473,0.00202,0.00014,0.00106,0.00212,0.00016,0.00097,0.00648
1403637211.388295173645020,0.00200,0.00012,0.00036,0.00225,0.00411,0.00091,0.00976
1403637211.438295364379883,0.00201,0.00012,0.00026,0.00267,0.00002,0.00092,0.00600
1403637211.488295793533325,0.00233,0.00017,0.00015,0.00309,0.00040,0.00118,0.00732
1403637211.538298130035400,0.00208,0.00017,0.00241,0.00247,0.00084,0.00107,0.00904
1403637211.588300466537476,0.00255,0.00018,0.00170,0.00260,0.00245,0.00095,0.01044
1403637211.638301372528076,0.00209,0.00012,0.00042,0.00291,0.00000,0.00094,0.00648
1403637211.688302993774414,0.00212,0.00019,0.00118,0.00250,0.00000,0.00126,0.00724
1403637211.738302707672119,0.00219,0.00014,0.00063,0.00215,0.00200,0.00094,0.00806
1403637211.788303375244141,0.00264,0.00013,0.00012,0.00208,0.00000,0.00091,0.00587
1403637211.838303327560425,0.00281,0.00012,0.00052,0.00200,0.00395,0.00093,0.01034
1403637211.888303756713867,0.00221,0.00016,0.00043,0.00235,0.00106,0.00120,0.00740
1403637211.938303947448730,0.00221,0.00010,0.00062,0.00258,0.00000,0.00086,0.00637
1403637211.988303422927856,0.00226,0.00015,0.00036,0.00221,0.00004,0.00119,0.00622
1403637212.038302659988403,0.00245,0.00015,0.00008,0.00192,0.00018,0.00112,0.00591
1403637212.088302135467529,0.00241,0.00014,0.00053,0.00158,0.00063,0.00116,0.00645
1403637212.138300657272339,0.00222,0.00013,0.00196,0.00140,0.00559,0.00092,0.01222
1403637212.188300609588623,0.00218,0.00016,0.00078,0.00171,0.00082,0.00112,0.00678
1403637212.238301038742065,0.00258,0.00014,0.00034,0.00163,0.00000,0.00111,0.00579
1403637212.288300991058350,0.00223,0.00016,0.00111,0.00149,0.00002,0.00109,0.00611
1403637212.338301658630371,0.00238,0.00014,0.00058,0.00153,0.00286,0.00112,0.00862
1403637212.388301134109497,0.00220,0.00012,0.00026,0.00162,0.00301,0.00096,0.00818
1403637212.438300848007202,0.00212,0.00012,0.00008,0.00175,0.00008,0.00092,0.00507
1403637212.488300561904907,0.00226,0.00012,0.00029,0.00153,0.00196,0.00094,0.00709
1403637212.538300514221191,0.00211,0.00009,0.00029,0.00161,0.00007,0.00091,0.00510
1403637212.588299751281738,0.00210,0.00011,0.00033,0.00159,0.00060,0.00087,0.00561
1403637212.638298749923706,0.00229,0.00011,0.00043,0.00162,0.00076,0.00096,0.00616
1403637212.688299417495728,0.00207,0.00011,0.00045,0.00157,0.00217,0.00093,0.00731
1403637212.738299369812012,0.00266,0.00009,0.00037,0.00170,0.00085,0.00095,0.00662
1403637212.788300037384033,0.00255,0.00009,0.00033,0.00162,0.00372,0.00087,0.00920
1403637212.838299751281738,0.00244,0.00011,0.00031,0.00162,0.00001,0.00088,0.00538
1403637212.888299942016602,0.00215,0.00012,0.00014,0.00154,0.00122,0.00148,0.00665
1403637212.938299417495728,0.00266,0.00011,0.00030,0.00147,0.00084,0.00103,0.00641
1403637212.988298892974854,0.00233,0.00009,0.00071,0.00146,0.00226,0.00085,0.00769
1403637213.038299083709717,0.00223,0.00010,0.00020,0.00147,0.00122,0.00088,0.00611
1403637213.088298797607422,0.00257,0.00010,0.00021,0.00152,0.00013,0.00088,0.00541
1403637213.138298273086548,0.00249,0.00009,0.00023,0.00152,0.00002,0.00088,0.00522
1403637213.188298702239990,0.00250,0.00008,0.00031,0.00143,0.00105,0.00091,0.00629
1403637213.238298892974854,0.00236,0.00009,0.00020,0.00140,0.00012,0.00099,0.00516
1403637213.288299083709717,0.00184,0.00009,0.00143,0.00124,0.00057,0.00082,0.00600
1403637213.338299036026001,0.00222,0.00013,0.00022,0.00121,0.00283,0.00089,0.00750
1403637213.388298749923706,0.00225,0.00008,0.00011,0.00172,0.00339,0.00086,0.00842
1403637213.438298940658569,0.00229,0.00012,0.00012,0.00171,0.00036,0.00092,0.00552
1403637213.488298654556274,0.00182,0.00012,0.00038,0.00203,0.00274,0.00122,0.00831
1403637213.538299083709717,0.00254,0.00012,0.00089,0.00195,0.00039,0.00105,0.00695
1403637213.588298320770264,0.00235,0.00011,0.00035,0.00171,0.00251,0.00090,0.00793
1403637213.638297796249390,0.00214,0.00011,0.00033,0.00179,0.00265,0.00128,0.00831
1403637213.688297033309937,0.00238,0.00011,0.00052,0.00201,0.00011,0.00106,0.00619
1403637213.738296747207642,0.00165,0.00009,0.00045,0.00178,0.00431,0.00081,0.00908
1403637213.788296222686768,0.00168,0.00009,0.00081,0.00247,0.00002,0.00075,0.00582
1403637213.838295459747314,0.00163,0.00009,0.00036,0.00228,0.00000,0.00076,0.00513
1403637213.888295412063599,0.00140,0.00009,0.00028,0.00222,0.00093,0.00080,0.00573
1403637213.938295364379883,0.00183,0.00009,0.00012,0.00231,0.00007,0.00079,0.00522
1403637213.988296031951904,0.00156,0.00009,0.00009,0.00221,0.00067,0.00080,0.00541
1403637214.038296461105347,0.00176,0.00009,0.00026,0.00239,0.00000,0.00082,0.00531
1403637214.088295221328735,0.00188,0.00009,0.00111,0.00229,0.00156,0.00082,0.00775
1403637214.138295650482178,0.00153,0.00009,0.00061,0.00243,0.00123,0.00082,0.00671
1403637214.188295125961304,0.00203,0.00009,0.00026,0.00275,0.00176,0.00131,0.00819
1403637214.238294839859009,0.00188,0.00011,0.00054,0.00274,0.00144,0.00098,0.00770
1403637214.288294315338135,0.00174,0.00009,0.00001,0.00287,0.00000,0.00084,0.00554
1403637214.338293552398682,0.00174,0.00009,0.00048,0.00253,0.00075,0.00075,0.00634
1403637214.388293027877808,0.00148,0.00009,0.00182,0.00240,0.00304,0.00078,0.00961
1403637214.438292503356934,0.00199,0.00009,0.00060,0.00254,0.00000,0.00082,0.00604
1403637214.488295078277588,0.00183,0.00009,0.00043,0.00193,0.00413,0.00080,0.00922
1403637214.538294792175293,0.00196,0.00009,0.00008,0.00211,0.00059,0.00079,0.00563
1403637214.588295221328735,0.00195,0.00009,0.00005,0.00202,0.00166,0.00082,0.00659
1403637214.638295412063599,0.00160,0.00010,0.00063,0.00213,0.00010,0.00088,0.00544
1403637214.688295364379883,0.00171,0.00009,0.00033,0.00195,0.00075,0.00093,0.00576
1403637214.738294601440430,0.00141,0.00009,0.00030,0.00183,0.00314,0.00084,0.00762
1403637214.788294792175293,0.00201,0.00009,0.00004,0.00201,0.00064,0.00083,0.00563
1403637214.838294029235840,0.00187,0.00009,0.00008,0.00209,0.00126,0.00084,0.00623
1403637214.888293743133545,0.00197,0.00009,0.00026,0.00206,0.00002,0.00081,0.00521
1403637214.938292980194092,0.00150,0.00009,0.00027,0.00206,0.00383,0.00078,0.00853
1403637214.988292455673218,0.00173,0.00009,0.00080,0.00269,0.00457,0.00079,0.01068
1403637215.038292407989502,0.00150,0.00009,0.00017,0.00357,0.00011,0.00133,0.00677
1403637215.088292598724365,0.00222,0.00016,0.00046,0.00361,0.00087,0.00091,0.00823
1403637215.138291120529175,0.00227,0.00010,0.00487,0.00333,0.00180,0.00090,0.01328
1403637215.188291311264038,0.00241,0.00016,0.00015,0.00353,0.00047,0.00115,0.00786
1403637215.238291978836060,0.00201,0.00014,0.00121,0.00332,0.00013,0.00093,0.00772
1403637215.288293123245239,0.00248,0.00010,0.00012,0.00316,0.00014,0.00111,0.00712
1403637215.338293790817261,0.00181,0.00009,0.00015,0.00323,0.00218,0.00118,0.00864
1403637215.388294219970703,0.00247,0.00011,0.00010,0.00307,0.00073,0.00116,0.00764
1403637215.438294410705566,0.00260,0.00010,0.00032,0.00293,0.00069,0.00083,0.00747
1403637215.488292694091797,0.00215,0.00010,0.00059,0.00328,0.00040,0.00142,0.00794
1403637215.538292407989502,0.00244,0.00011,0.00374,0.00258,0.00390,0.00112,0.01389
1403637215.588292598724365,0.00235,0.00010,0.00038,0.00279,0.00044,0.00088,0.00695
1403637215.638292074203491,0.00180,0.00010,0.00145,0.00273,0.00025,0.00082,0.00716
1403637215.688291549682617,0.00179,0.00009,0.00029,0.00251,0.00003,0.00082,0.00554
1403637215.738292217254639,0.00280,0.00010,0.00007,0.00236,0.00580,0.00085,0.01198
1403637215.788291931152344,0.00192,0.00010,0.00008,0.00306,0.00000,0.00084,0.00603
1403637215.838291645050049,0.00248,0.00010,0.00026,0.00272,0.00013,0.00085,0.00654
1403637215.888291120529175,0.00177,0.00009,0.00006,0.00220,0.00075,0.00084,0.00572
1403637215.938291072845459,0.00175,0.00010,0.00010,0.00217,0.00058,0.00084,0.00554
1403637215.988292932510376,0.00174,0.00009,0.00155,0.00204,0.00610,0.00083,0.01234
1403637216.038292646408081,0.00213,0.00010,0.00001,0.00285,0.00000,0.00085,0.00595
1403637216.088291645050049,0.00185,0.00009,0.00006,0.00264,0.00000,0.00093,0.00559
1403637216.138291835784912,0.00181,0.00009,0.00053,0.00240,0.00603,0.00083,0.01169
1403637216.188291072845459,0.00167,0.00009,0.00045,0.00277,0.00000,0.00085,0.00583
1403637216.238290786743164,0.00176,0.00009,0.00083,0.00222,0.00291,0.00082,0.00863
1403637216.288289308547974,0.00230,0.00012,0.00415,0.00265,0.00202,0.00086,0.01210
1403637216.338288545608521,0.00182,0.00010,0.00032,0.00283,0.00003,0.00086,0.00596
1403637216.388287067413330,0.00213,0.00010,0.00029,0.00254,0.00002,0.00086,0.00594
1403637216.438286066055298,0.00203,0.00012,0.00001,0.00222,0.00000,0.00089,0.00526
1403637216.488285064697266,0.00174,0.00011,0.00043,0.00195,0.00044,0.00089,0.00557
1403637216.538285255432129,0.00209,0.00010,0.00009,0.00193,0.00163,0.00087,0.00672
1403637216.588285446166992,0.00189,0.00009,0.00251,0.00209,0.00613,0.00080,0.01352
1403637216.638285636901855,0.00187,0.00010,0.00002,0.00311,0.00000,0.00090,0.00601
1403637216.688286066055298,0.00256,0.00010,0.00002,0.00320,0.00010,0.00094,0.00693
1403637216.738286256790161,0.00199,0.00009,0.00006,0.00303,0.00112,0.00090,0.00720
1403637216.788286685943604,0.00182,0.00011,0.00001,0.00322,0.00000,0.00088,0.00604
1403637216.838288307189941,0.00183,0.00009,0.00559,0.00312,0.00197,0.00089,0.01348
1403637216.888288974761963,0.00182,0.00009,0.00407,0.00321,0.00015,0.00127,0.01061
1403637216.938289403915405,0.00203,0.00011,0.00001,0.00367,0.00150,0.00104,0.00837
1403637216.988291025161743,0.00279,0.00018,0.00007,0.00337,0.00087,0.00114,0.00842
1403637217.038292169570923,0.00221,0.00016,0.00004,0.00349,0.00000,0.00107,0.00697
1403637217.088292360305786,0.00242,0.00014,0.00005,0.00356,0.00015,0.00115,0.00747
1403637217.138293027877808,0.00210,0.00010,0.00072,0.00329,0.00159,0.00088,0.00868
1403637217.188292026519775,0.00196,0.00009,0.00298,0.00374,0.00015,0.00129,0.01021
1403637217.238291263580322,0.00215,0.00014,0.00008,0.00365,0.00039,0.00114,0.00755
1403637217.288291454315186,0.00223,0.00012,0.00005,0.00354,0.00010,0.00092,0.00696
1403637217.338290452957153,0.00192,0.00010,0.00003,0.00338,0.00088,0.00136,0.00767
1403637217.388289928436279,0.00220,0.00012,0.00026,0.00341,0.00000,0.00118,0.00718
1403637217.438289642333984,0.00201,0.00011,0.00458,0.00327,0.00061,0.00090,0.01148
1403637217.488289356231689,0.00219,0.00010,0.00290,0.00355,0.00143,0.00126,0.01142
1403637217.538289546966553,0.00223,0.00013,0.00446,0.00382,0.00038,0.00113,0.01215
1403637217.588287591934204,0.00209,0.00010,0.00073,0.00375,0.00012,0.00097,0.00775
1403637217.638286590576172,0.00216,0.00011,0.00001,0.00403,0.00000,0.00100,0.00731
1403637217.688285112380981,0.00204,0.00010,0.00034,0.00375,0.00000,0.00103,0.00726
1403637217.738282918930054,0.00209,0.00012,0.00070,0.00375,0.00003,0.00097,0.00766
1403637217.788283109664917,0.00217,0.00011,0.00280,0.00345,0.00051,0.00096,0.01000
1403637217.838281631469727,0.00297,0.00013,0.00031,0.00350,0.00072,0.00096,0.00860
1403637217.888280391693115,0.00248,0.00013,0.00041,0.00333,0.00009,0.00097,0.00741
1403637217.938279867172241,0.00277,0.00018,0.00030,0.00383,0.00003,0.00124,0.00836
1403637217.988280057907104,0.00228,0.00011,0.00038,0.00343,0.00000,0.00097,0.00717
1403637218.038282155990601,0.00273,0.00017,0.00348,0.00330,0.00123,0.00130,0.01222
1403637218.088283300399780,0.00262,0.00011,0.00217,0.00318,0.00146,0.00110,0.01062
1403637218.138284683227539,0.00226,0.00010,0.00338,0.00339,0.00038,0.00098,0.01050
1403637218.188286066055298,0.00226,0.00013,0.00011,0.00345,0.00078,0.00102,0.00775
1403637218.238286495208740,0.00227,0.00009,0.00005,0.00327,0.00000,0.00102,0.00671
1403637218.288287162780762,0.00227,0.00013,0.00003,0.00306,0.00085,0.00104,0.00739
1403637218.338287353515625,0.00240,0.00010,0.00159,0.00303,0.00090,0.00098,0.00900
1403637218.388289451599121,0.00237,0.00014,0.00920,0.00330,0.00300,0.00133,0.01935
1403637218.438289403915405,0.00258,0.00013,0.00012,0.00411,0.00000,0.00108,0.00801
1403637218.488289356231689,0.00255,0.00014,0.00042,0.00354,0.00000,0.00112,0.00777
1403637218.538289308547974,0.00193,0.00011,0.00003,0.00312,0.00040,0.00092,0.00651
1403637218.588288068771362,0.00188,0.00009,0.00004,0.00322,0.00002,0.00090,0.00615
1403637218.638287782669067,0.00194,0.00011,0.00254,0.00310,0.00164,0.00086,0.01020
1403637218.688287734985352,0.00199,0.00009,0.00042,0.00342,0.00051,0.00086,0.00730
1403637218.738286972045898,0.00185,0.00011,0.00231,0.00322,0.00074,0.00094,0.00917
1403637218.788287401199341,0.00197,0.00009,0.00034,0.00354,0.00007,0.00088,0.00690
1403637218.838288307189941,0.00246,0.00015,0.00010,0.00340,0.00003,0.00121,0.00735
1403637218.888288974761963,0.00193,0.00012,0.00016,0.00307,0.00014,0.00085,0.00627
1403637218.938288927078247,0.00244,0.00016,0.00008,0.00305,0.00060,0.00104,0.00737
1403637218.988290071487427,0.00197,0.00010,0.00706,0.00316,0.00156,0.00091,0.01477
1403637219.038290500640869,0.00191,0.00012,0.00001,0.00332,0.00000,0.00088,0.00624
1403637219.088291645050049,0.00216,0.00012,0.00044,0.00328,0.00002,0.00093,0.00693
1403637219.138293504714966,0.00198,0.00012,0.00006,0.00297,0.00024,0.00092,0.00629
1403637219.188294649124146,0.00329,0.00013,0.00003,0.00317,0.00000,0.00103,0.00764
1403637219.238294601440430,0.00256,0.00015,0.00234,0.00292,0.00017,0.00097,0.00910
1403637219.288295745849609,0.00265,0.00013,0.00008,0.00270,0.00042,0.00100,0.00698
1403637219.338296651840210,0.00210,0.00012,0.00098,0.00244,0.00216,0.00105,0.00886
1403637219.388296127319336,0.00218,0.00009,0.00021,0.00295,0.00038,0.00100,0.00681
1403637219.438294172286987,0.00221,0.00013,0.00022,0.00278,0.00076,0.00106,0.00716
1403637219.488288640975952,0.00215,0.00012,0.00062,0.00258,0.00013,0.00101,0.00660
1403637219.538284540176392,0.00213,0.00019,0.00017,0.00286,0.00019,0.00158,0.00711
1403637219.588279008865356,0.00220,0.00011,0.00369,0.00284,0.00234,0.00118,0.01238
1403637219.638280153274536,0.00232,0.00018,0.00022,0.00274,0.00000,0.00125,0.00672
1403637219.688282012939453,0.00221,0.00016,0.00071,0.00241,0.00046,0.00088,0.00683
1403637219.738284587860107,0.00212,0.00016,0.00510,0.00242,0.00250,0.00115,0.01346
1403637219.788284778594971,0.00205,0.00017,0.00015,0.00322,0.00000,0.00116,0.00676
1403637219.838287591934204,0.00230,0.00012,0.00038,0.00300,0.00172,0.00089,0.00842
1403637219.888288974761963,0.00199,0.00015,0.00011,0.00254,0.00016,0.00139,0.00635
1403637219.988291501998901,0.00190,0.00014,0.00003,0.00239,0.00038,0.00089,0.00573
1403637220.038292884826660,0.00367,0.00010,0.00001,0.00257,0.00015,0.00108,0.00757
1403637220.088294506072998,0.00258,0.00012,0.00012,0.00236,0.00078,0.00102,0.00697
1403637220.138295173645020,0.00250,0.00013,0.00010,0.00257,0.00004,0.00103,0.00636
1403637220.188295364379883,0.00249,0.00009,0.00057,0.00235,0.00054,0.00171,0.00775
1403637220.238296747207642,0.00249,0.00014,0.00229,0.00230,0.00431,0.00130,0.01284
1403637220.288296699523926,0.00253,0.00015,0.00041,0.00291,0.00009,0.00131,0.00740
1403637220.338296890258789,0.00286,0.00013,0.00021,0.00355,0.00000,0.00141,0.00816
1403637220.388298034667969,0.00258,0.00012,0.00409,0.00267,0.00249,0.00152,0.01347
1403637220.438297986984253,0.00293,0.00013,0.00005,0.00318,0.00010,0.00115,0.00754
1403637220.488298416137695,0.00250,0.00011,0.00049,0.00289,0.00004,0.00113,0.00717
1403637220.538298606872559,0.00221,0.00013,0.00049,0.00262,0.00156,0.00107,0.00808
1403637220.588299036026001,0.00256,0.00012,0.01279,0.00271,0.00214,0.00117,0.02149
1403637220.638299226760864,0.00267,0.00015,0.00380,0.00311,0.00111,0.00125,0.01208
1403637220.688299417495728,0.00231,0.00013,0.00001,0.00328,0.00000,0.00104,0.00677
1403637220.738299608230591,0.00223,0.00010,0.00007,0.00303,0.00016,0.00106,0.00665
1403637220.788299798965454,0.00255,0.00017,0.00008,0.00357,0.00112,0.00150,0.00898
1403637220.838299512863159,0.00250,0.00015,0.00130,0.00326,0.00006,0.00122,0.00850
1403637220.888299703598022,0.00224,0.00024,0.00051,0.00322,0.00000,0.00125,0.00746
1403637220.938299894332886,0.00249,0.00016,0.00007,0.00348,0.00020,0.00098,0.00738
1403637220.988299846649170,0.00240,0.00016,0.00324,0.00332,0.00116,0.00147,0.01175
1403637221.038300514221191,0.00218,0.00011,0.00040,0.00349,0.00044,0.00103,0.00765
1403637221.088301181793213,0.00224,0.00014,0.00033,0.00321,0.00003,0.00105,0.00699
1403637221.138302087783813,0.00208,0.00013,0.00059,0.00317,0.00003,0.00102,0.00702
1403637221.188304185867310,0.00234,0.00013,0.01012,0.00291,0.00090,0.00122,0.01762
1403637221.238304376602173,0.00253,0.00016,0.00224,0.00318,0.00076,0.00115,0.01002
1403637221.288304567337036,0.00218,0.00013,0.00001,0.00346,0.00000,0.00102,0.00680
1403637221.338304519653320,0.00225,0.00012,0.00003,0.00362,0.00049,0.00097,0.00748
1403637221.388303041458130,0.00214,0.00013,0.00005,0.00336,0.00076,0.00097,0.00741
1403637221.438302993774414,0.00207,0.00020,0.00114,0.00333,0.00004,0.00132,0.00809
1403637221.488301992416382,0.00226,0.00015,0.00026,0.00395,0.00018,0.00100,0.00780
1403637221.538302183151245,0.00222,0.00017,0.00001,0.00329,0.00000,0.00092,0.00661
1403637221.588301181793213,0.00212,0.00017,0.00263,0.00320,0.00117,0.00085,0.01014
1403637221.638300895690918,0.00229,0.00017,0.00006,0.00373,0.00000,0.00123,0.00748
1403637221.688300848007202,0.00202,0.00011,0.00013,0.00338,0.00005,0.00101,0.00671
1403637221.738300323486328,0.00196,0.00013,0.00001,0.00349,0.00017,0.00118,0.00694
1403637221.788300514221191,0.00213,0.00016,0.00714,0.00319,0.00078,0.00114,0.01454
1403637221.838300228118896,0.00214,0.00013,0.00134,0.00328,0.00005,0.00099,0.00793
1403637221.888300418853760,0.00180,0.00014,0.00003,0.00304,0.00000,0.00100,0.00601
1403637221.938300371170044,0.00198,0.00012,0.00007,0.00290,0.00006,0.00096,0.00609
1403637221.988301038742065,0.00222,0.00013,0.00009,0.00281,0.00001,0.00120,0.00645
1403637222.038301229476929,0.00232,0.00017,0.00014,0.00339,0.00090,0.00117,0.00809
1403637222.088302373886108,0.00201,0.00009,0.00001,0.00288,0.00000,0.00096,0.00594
1403637222.138302564620972,0.00199,0.00016,0.00001,0.00296,0.00000,0.00116,0.00628
1403637222.188302278518677,0.00208,0.00012,0.00041,0.00301,0.00170,0.00114,0.00846
1403637222.238300800323486,0.00215,0.00013,0.00001,0.00327,0.00000,0.00098,0.00653
1403637222.288300037384033,0.00342,0.00010,0.00010,0.00291,0.00010,0.00115,0.00778
1403637222.338297367095947,0.00243,0.00012,0.00015,0.00286,0.00073,0.00104,0.00733
1403637222.388295173645020,0.00252,0.00009,0.00510,0.00270,0.00222,0.00099,0.01362
1403637222.438294172286987,0.00243,0.00012,0.00113,0.00334,0.00116,0.00111,0.00929
1403637222.488293647766113,0.00220,0.00009,0.00015,0.00338,0.00001,0.00114,0.00699
1403637222.538293838500977,0.00235,0.00012,0.00004,0.00340,0.00005,0.00109,0.00705
1403637222.588294982910156,0.00228,0.00010,0.00040,0.00315,0.00040,0.00109,0.00741
1403637222.638296604156494,0.00250,0.00018,0.00016,0.00331,0.00005,0.00132,0.00752
1403637222.688297033309937,0.00263,0.00013,0.00034,0.00330,0.00010,0.00129,0.00780
1403637222.738299131393433,0.00233,0.00018,0.00005,0.00429,0.00000,0.00136,0.00821
1403637222.788301944732666,0.00259,0.00014,0.00008,0.00332,0.00095,0.00127,0.00835
1403637222.838303804397583,0.00230,0.00018,0.00955,0.00318,0.00142,0.00120,0.01784
1403637222.888304948806763,0.00276,0.00015,0.00084,0.00365,0.00002,0.00126,0.00868
1403637222.938306331634521,0.00249,0.00016,0.00001,0.00359,0.00000,0.00111,0.00737
1403637222.988306045532227,0.00244,0.00010,0.00062,0.00366,0.00039,0.00115,0.00836
1403637223.038305759429932,0.00247,0.00010,0.00013,0.00388,0.00000,0.00110,0.00767
1403637223.088305473327637,0.00270,0.00010,0.00005,0.00348,0.00000,0.00105,0.00739
1403637223.138305187225342,0.00227,0.00009,0.00003,0.00345,0.00005,0.00105,0.00695
1403637223.188304901123047,0.00260,0.00009,0.00001,0.00337,0.00004,0.00106,0.00717
1403637223.238305091857910,0.00213,0.00009,0.00012,0.00335,0.00005,0.00108,0.00683
1403637223.288305521011353,0.00220,0.00009,0.00001,0.00337,0.00002,0.00106,0.00676
1403637223.338305950164795,0.00235,0.00010,0.00007,0.00337,0.00000,0.00106,0.00694
1403637223.388306140899658,0.00223,0.00010,0.00007,0.00403,0.00007,0.00141,0.00790
1403637223.438307285308838,0.00251,0.00013,0.00463,0.00336,0.00024,0.00123,0.01211
1403637223.488306999206543,0.00239,0.00009,0.00205,0.00331,0.00006,0.00142,0.00933
1403637223.538306713104248,0.00211,0.00010,0.00001,0.00369,0.00000,0.00110,0.00701
1403637223.588306427001953,0.00249,0.00012,0.00336,0.00334,0.00015,0.00131,0.01077
1403637223.638306140899658,0.00267,0.00010,0.00007,0.00332,0.00004,0.00108,0.00728
1403637223.688306093215942,0.00214,0.00009,0.00011,0.00324,0.00000,0.00106,0.00664
1403637223.738305807113647,0.00214,0.00015,0.00001,0.00335,0.00007,0.00133,0.00705
1403637223.788305759429932,0.00203,0.00010,0.00003,0.00307,0.00010,0.00096,0.00630
1403637223.838305473327637,0.00279,0.00018,0.00017,0.00368,0.00005,0.00131,0.00818
1403637223.888305425643921,0.00239,0.00019,0.00001,0.00337,0.00045,0.00128,0.00770
1403637223.938305139541626,0.00244,0.00015,0.00001,0.00367,0.00000,0.00140,0.00767
1403637223.988304853439331,0.00242,0.00015,0.00011,0.00351,0.00004,0.00162,0.00785
1403637224.038303852081299,0.00228,0.00011,0.00663,0.00327,0.00014,0.00108,0.01352
1403637224.088303804397583,0.00221,0.00012,0.00201,0.00341,0.00003,0.00133,0.00911
1403637224.138304471969604,0.00194,0.00010,0.00001,0.00344,0.00000,0.00101,0.00650
1403637224.188304185867310,0.00219,0.00012,0.00126,0.00341,0.00002,0.00107,0.00808
1403637224.238304376602173,0.00291,0.00015,0.00011,0.00385,0.00003,0.00137,0.00843
1403637224.288304567337036,0.00236,0.00012,0.00001,0.00350,0.00000,0.00130,0.00729
1403637224.338304758071899,0.00220,0.00010,0.00004,0.00351,0.00003,0.00109,0.00698
1403637224.388304710388184,0.00226,0.00009,0.00001,0.00352,0.00000,0.00105,0.00694
1403637224.438304662704468,0.00215,0.00009,0.00015,0.00350,0.00003,0.00104,0.00696
1403637224.488304615020752,0.00219,0.00010,0.00001,0.00364,0.00000,0.00107,0.00701
1403637224.538304805755615,0.00220,0.00014,0.00001,0.00365,0.00000,0.00102,0.00702
1403637224.588304758071899,0.00215,0.00010,0.00008,0.00343,0.00003,0.00104,0.00682
1403637224.638303279876709,0.00232,0.00010,0.00415,0.00371,0.00092,0.00168,0.01288
1403637224.688303232192993,0.00257,0.00012,0.00147,0.00358,0.00000,0.00128,0.00902
1403637224.738302946090698,0.00240,0.00012,0.00001,0.00402,0.00000,0.00152,0.00806
1403637224.788303136825562,0.00257,0.00012,0.00033,0.00392,0.00000,0.00122,0.00816
1403637224.838303804397583,0.00239,0.00015,0.00011,0.00396,0.00000,0.00137,0.00798
1403637224.888303756713867,0.00243,0.00011,0.00001,0.00380,0.00000,0.00133,0.00768
1403637224.938303470611572,0.00213,0.00010,0.00006,0.00400,0.00000,0.00138,0.00767
1403637224.988303422927856,0.00231,0.00012,0.00001,0.00353,0.00000,0.00125,0.00722
1403637225.038303375244141,0.00181,0.00010,0.00021,0.00336,0.00011,0.00098,0.00658
1403637225.088303565979004,0.00196,0.00011,0.00003,0.00349,0.00011,0.00098,0.00670
1403637225.138303756713867,0.00200,0.00013,0.00001,0.00371,0.00000,0.00105,0.00690
1403637225.188303470611572,0.00180,0.00011,0.00011,0.00344,0.00000,0.00099,0.00645
1403637225.238304138183594,0.00198,0.00010,0.00420,0.00332,0.00000,0.00095,0.01056
1403637225.288304567337036,0.00205,0.00011,0.00196,0.00318,0.00010,0.00099,0.00838
1403637225.338304042816162,0.00183,0.00011,0.00001,0.00335,0.00000,0.00099,0.00629
1403637225.388303995132446,0.00200,0.00009,0.00037,0.00318,0.00012,0.00107,0.00683
1403637225.438304185867310,0.00202,0.00010,0.00007,0.00329,0.00006,0.00099,0.00653
1403637225.488303899765015,0.00247,0.00023,0.00001,0.00341,0.00000,0.00137,0.00750
1403637225.538304328918457,0.00260,0.00013,0.00001,0.00336,0.00006,0.00126,0.00742
1403637225.588304281234741,0.00244,0.00010,0.00001,0.00360,0.00000,0.00148,0.00763
1403637225.638304710388184,0.00216,0.00010,0.00011,0.00311,0.00007,0.00105,0.00661
1403637225.688304901123047,0.00261,0.00019,0.00001,0.00330,0.00000,0.00142,0.00753
1403637225.738305091857910,0.00220,0.00010,0.00008,0.00309,0.00001,0.00109,0.00658
1403637225.788305282592773,0.00252,0.00010,0.00001,0.00291,0.00010,0.00102,0.00665
1403637225.838304281234741,0.00293,0.00010,0.00456,0.00316,0.00061,0.00127,0.01264
1403637225.888303279876709,0.00229,0.00012,0.00220,0.00287,0.00018,0.00111,0.00877
1403637225.938302040100098,0.00204,0.00015,0.00001,0.00303,0.00000,0.00095,0.00618
1403637225.988300323486328,0.00275,0.00015,0.00061,0.00325,0.00008,0.00130,0.00813
1403637226.038299798965454,0.00239,0.00010,0.00005,0.00335,0.00007,0.00108,0.00704
1403637226.088299274444580,0.00217,0.00010,0.00001,0.00292,0.00000,0.00102,0.00622
1403637226.138299226760864,0.00227,0.00010,0.00006,0.00286,0.00016,0.00098,0.00644
1403637226.188298463821411,0.00211,0.00009,0.00003,0.00299,0.00010,0.00106,0.00639
1403637226.238299608230591,0.00218,0.00013,0.00008,0.00325,0.00010,0.00134,0.00709
1403637226.288300752639771,0.00205,0.00018,0.00001,0.00285,0.00000,0.00102,0.00611
1403637226.338303089141846,0.00240,0.00013,0.00009,0.00303,0.00038,0.00123,0.00727
1403637226.388304471969604,0.00203,0.00010,0.00005,0.00297,0.00016,0.00102,0.00634
1403637226.438308000564575,0.00231,0.00012,0.00410,0.00310,0.00165,0.00100,0.01228
1403637226.488308429718018,0.00222,0.00010,0.00187,0.00341,0.00005,0.00107,0.00873
1403637226.538308858871460,0.00203,0.00009,0.00001,0.00322,0.00000,0.00105,0.00641
1403637226.588309526443481,0.00256,0.00013,0.00314,0.00348,0.00004,0.00122,0.01057
1403637226.638309240341187,0.00252,0.00014,0.00046,0.00327,0.00006,0.00125,0.00768
1403637226.688308477401733,0.00238,0.00010,0.00004,0.00307,0.00000,0.00152,0.00710
1403637226.738307952880859,0.00202,0.00012,0.00009,0.00297,0.00007,0.00100,0.00627
1403637226.788307905197144,0.00251,0.00012,0.00007,0.00309,0.00001,0.00101,0.00680
1403637226.838308095932007,0.00168,0.00010,0.00005,0.00296,0.00020,0.00128,0.00628
1403637226.888308286666870,0.00247,0.00010,0.00001,0.00274,0.00000,0.00092,0.00624
1403637226.938308477401733,0.00246,0.00013,0.00011,0.00288,0.00046,0.00124,0.00727
1403637226.988309144973755,0.00205,0.00009,0.00001,0.00300,0.00010,0.00102,0.00626
1403637227.038311004638672,0.00218,0.00009,0.00517,0.00291,0.00290,0.00126,0.01452
1403637227.088311672210693,0.00231,0.00012,0.00198,0.00347,0.00003,0.00123,0.00914
1403637227.138311862945557,0.00193,0.00010,0.00001,0.00353,0.00000,0.00102,0.00659
1403637227.188311576843262,0.00225,0.00013,0.00344,0.00332,0.00044,0.00118,0.01074
1403637227.238312005996704,0.00255,0.00017,0.00063,0.00351,0.00001,0.00118,0.00805
1403637227.288311958312988,0.00257,0.00011,0.00001,0.00346,0.00000,0.00100,0.00714
1403637227.338311910629272,0.00215,0.00011,0.00004,0.00337,0.00003,0.00099,0.00669
1403637227.388311147689819,0.00197,0.00010,0.00005,0.00331,0.00039,0.00101,0.00682
1403637227.438310146331787,0.00191,0.00013,0.00016,0.00345,0.00003,0.00096,0.00663
1403637227.488309860229492,0.00197,0.00011,0.00001,0.00345,0.00000,0.00102,0.00655
1403637227.538309097290039,0.00268,0.00019,0.00001,0.00358,0.00000,0.00123,0.00769
1403637227.588309288024902,0.00214,0.00019,0.00014,0.00306,0.00003,0.00098,0.00653
1403637227.638308763504028,0.00219,0.00014,0.00261,0.00302,0.00087,0.00119,0.01003
1403637227.688308238983154,0.00208,0.00013,0.00202,0.00290,0.00020,0.00122,0.00856
1403637227.738307714462280,0.00242,0.00025,0.00005,0.00341,0.00000,0.00119,0.00732
1403637227.788307905197144,0.00199,0.00010,0.00061,0.00317,0.00014,0.00098,0.00698
1403637227.838308572769165,0.00197,0.00012,0.00080,0.00331,0.00004,0.00099,0.00724
1403637227.888309478759766,0.00198,0.00010,0.00001,0.00331,0.00000,0.00103,0.00644
1403637227.938309431076050,0.00196,0.00012,0.00001,0.00323,0.00005,0.00097,0.00635
1403637227.988309621810913,0.00200,0.00010,0.00001,0.00323,0.00002,0.00105,0.00642
1403637228.038309335708618,0.00195,0.00010,0.00011,0.00325,0.00007,0.00102,0.00649
1403637228.088309288024902,0.00200,0.00010,0.00001,0.00324,0.00000,0.00106,0.00641
1403637228.138309001922607,0.00225,0.00014,0.00001,0.00326,0.00000,0.00129,0.00696
1403637228.188307762145996,0.00204,0.00018,0.00007,0.00291,0.00006,0.00096,0.00622
1403637228.238307476043701,0.00229,0.00013,0.00114,0.00297,0.00165,0.00120,0.00938
1403637228.288307189941406,0.00209,0.00010,0.00025,0.00294,0.00003,0.00098,0.00640
1403637228.338306903839111,0.00182,0.00010,0.00005,0.00287,0.00000,0.00148,0.00633
1403637228.388306856155396,0.00215,0.00011,0.00037,0.00281,0.00011,0.00116,0.00672
1403637228.438306570053101,0.00189,0.00009,0.00006,0.00285,0.00020,0.00105,0.00615
1403637228.488306522369385,0.00188,0.00009,0.00001,0.00284,0.00000,0.00097,0.00580
1403637228.538306713104248,0.00195,0.00009,0.00003,0.00339,0.00007,0.00129,0.00682
1403637228.588306188583374,0.00220,0.00011,0.00001,0.00290,0.00003,0.00132,0.00656
1403637228.638305902481079,0.00185,0.00010,0.00009,0.00274,0.00013,0.00100,0.00590
1403637228.688305854797363,0.00195,0.00009,0.00001,0.00273,0.00000,0.00103,0.00581
1403637228.738306522369385,0.00209,0.00009,0.00001,0.00274,0.00000,0.00100,0.00593
1403637228.788307189941406,0.00191,0.00009,0.00001,0.00279,0.00010,0.00103,0.00593
1403637228.838307619094849,0.00219,0.00011,0.00038,0.00270,0.00092,0.00101,0.00732
1403637228.888307571411133,0.00212,0.00009,0.00096,0.00274,0.00049,0.00099,0.00740
1403637228.938307285308838,0.00185,0.00012,0.00001,0.00289,0.00005,0.00096,0.00588
1403637228.988306522369385,0.00218,0.00010,0.00030,0.00294,0.00014,0.00133,0.00699
1403637229.038306474685669,0.00238,0.00019,0.00011,0.00299,0.00023,0.00120,0.00710
1403637229.088306188583374,0.00218,0.00020,0.00001,0.00282,0.00000,0.00126,0.00646
1403637229.138305902481079,0.00216,0.00013,0.00003,0.00280,0.00005,0.00117,0.00634
1403637229.188305854797363,0.00195,0.00010,0.00003,0.00292,0.00003,0.00100,0.00603
1403637229.238305807113647,0.00179,0.00009,0.00003,0.00270,0.00013,0.00101,0.00576
1403637229.288306474685669,0.00197,0.00010,0.00002,0.00258,0.00000,0.00099,0.00566
1403637229.338307142257690,0.00194,0.00009,0.00001,0.00259,0.00000,0.00101,0.00563
1403637229.388309001922607,0.00205,0.00009,0.00005,0.00254,0.00082,0.00096,0.00652
1403637229.438310384750366,0.00193,0.00009,0.00082,0.00250,0.00026,0.00097,0.00658
1403637229.488311290740967,0.00206,0.00009,0.00151,0.00232,0.00116,0.00098,0.00814
1403637229.538311958312988,0.00187,0.00009,0.00005,0.00249,0.00037,0.00098,0.00585
1403637229.588311433792114,0.00201,0.00009,0.00192,0.00238,0.00012,0.00096,0.00748
1403637229.638310432434082,0.00232,0.00018,0.00010,0.00233,0.00063,0.00117,0.00671
1403637229.688309669494629,0.00232,0.00011,0.00008,0.00211,0.00000,0.00113,0.00576
1403637229.738308668136597,0.00229,0.00009,0.00008,0.00207,0.00014,0.00097,0.00564
1403637229.788307905197144,0.00196,0.00009,0.00014,0.00204,0.00033,0.00095,0.00551
1403637229.838305950164795,0.00191,0.00011,0.00001,0.00237,0.00016,0.00124,0.00580
1403637229.888304233551025,0.00221,0.00012,0.00006,0.00245,0.00001,0.00118,0.00603
1403637229.938302993774414,0.00205,0.00011,0.00004,0.00214,0.00009,0.00099,0.00541
1403637229.988301992416382,0.00211,0.00016,0.00007,0.00203,0.00007,0.00120,0.00564
1403637230.038302659988403,0.00206,0.00011,0.00066,0.00202,0.00041,0.00099,0.00626
1403637230.088303565979004,0.00387,0.00015,0.00008,0.00211,0.00148,0.00130,0.00900
1403637230.138303995132446,0.00289,0.00010,0.00003,0.00238,0.00000,0.00102,0.00643
1403637230.188305139541626,0.00244,0.00010,0.00098,0.00230,0.00044,0.00105,0.00731
1403637230.238306283950806,0.00235,0.00009,0.00011,0.00222,0.00021,0.00108,0.00606
1403637230.288308143615723,0.00261,0.00011,0.00016,0.00257,0.00041,0.00138,0.00723
1403637230.338310480117798,0.00272,0.00014,0.00020,0.00215,0.00042,0.00122,0.00685
1403637230.388313293457031,0.00213,0.00013,0.00027,0.00214,0.00051,0.00110,0.00627
1403637230.438316345214844,0.00204,0.00012,0.00007,0.00218,0.00027,0.00105,0.00573
1403637230.488319635391235,0.00229,0.00011,0.00010,0.00234,0.00033,0.00103,0.00620
1403637230.538321495056152,0.00223,0.00012,0.00004,0.00229,0.00036,0.00101,0.00605
1403637230.588321685791016,0.00210,0.00011,0.00001,0.00231,0.00006,0.00099,0.00558
1403637230.638322114944458,0.00223,0.00011,0.00264,0.00232,0.00152,0.00110,0.00991
1403637230.688321828842163,0.00210,0.00012,0.00003,0.00250,0.00010,0.00103,0.00588
1403637230.738321065902710,0.00216,0.00012,0.00001,0.00246,0.00000,0.00098,0.00573
1403637230.788321256637573,0.00202,0.00011,0.00013,0.00237,0.00032,0.00101,0.00596
1403637230.838321447372437,0.00228,0.00019,0.00006,0.00262,0.00023,0.00126,0.00664
1403637230.938322067260742,0.00239,0.00017,0.00021,0.00213,0.00014,0.00123,0.00628
1403637230.988322734832764,0.00201,0.00009,0.00005,0.00188,0.00005,0.00096,0.00504
1403637231.038325309753418,0.00187,0.00011,0.00005,0.00175,0.00062,0.00107,0.00546
1403637231.088326454162598,0.00197,0.00012,0.00015,0.00167,0.00023,0.00093,0.00507
1403637231.138327598571777,0.00270,0.00012,0.00025,0.00134,0.00000,0.00101,0.00542
1403637231.188329219818115,0.00221,0.00009,0.00010,0.00132,0.00000,0.00099,0.00471
1403637231.238330602645874,0.00215,0.00011,0.00007,0.00087,0.00006,0.00106,0.00431
1403637231.288331747055054,0.00223,0.00008,0.00069,0.00064,0.00110,0.00099,0.00573
1403637231.338332176208496,0.00204,0.00008,0.00023,0.00040,0.00004,0.00094,0.00373
1403637231.388332366943359,0.00231,0.00009,0.00017,0.00019,0.00000,0.00098,0.00373
1403637231.438332080841064,0.00203,0.00008,0.00009,0.00014,0.00002,0.00092,0.00329
1403637231.488331794738770,0.00213,0.00009,0.00004,0.00012,0.00000,0.00095,0.00334
1403637231.538331747055054,0.00233,0.00009,0.00009,0.00012,0.00000,0.00097,0.00360
1403637231.588331222534180,0.00199,0.00009,0.00035,0.00010,0.00000,0.00098,0.00351
1403637231.638330936431885,0.00185,0.00008,0.00022,0.00009,0.00000,0.00093,0.00316
1403637231.688330650329590,0.00228,0.00009,0.00004,0.00010,0.00492,0.00093,0.00836
1403637231.738330364227295,0.00201,0.00008,0.00007,0.00047,0.00006,0.00092,0.00361
1403637231.788330078125000,0.00189,0.00008,0.00000,0.00055,0.00000,0.00097,0.00349
1403637231.838329553604126,0.00226,0.00010,0.00001,0.00053,0.00001,0.00095,0.00387
1403637231.888327836990356,0.00199,0.00008,0.00004,0.00065,0.01176,0.00114,0.01565
1403637231.938327789306641,0.00280,0.00015,0.00045,0.00156,0.00460,0.00113,0.01070
1403637231.988327980041504,0.00199,0.00012,0.00009,0.00202,0.00000,0.00126,0.00548
1403637232.038326978683472,0.00220,0.00014,0.00026,0.00152,0.00194,0.00112,0.00718
1403637232.088325262069702,0.00205,0.00016,0.00020,0.00162,0.00183,0.00112,0.00697
1403637232.138324975967407,0.00235,0.00014,0.00027,0.00175,0.00000,0.00105,0.00556
1403637232.188324451446533,0.00203,0.00016,0.00006,0.00151,0.00002,0.00115,0.00493
1403637232.238325119018555,0.00246,0.00014,0.00025,0.00143,0.00331,0.00120,0.00880
1403637232.288325548171997,0.00205,0.00012,0.00001,0.00178,0.00647,0.00093,0.01136
1403637232.338326454162598,0.00267,0.00013,0.00009,0.00235,0.00000,0.00098,0.00622
1403637232.388327121734619,0.00226,0.00012,0.00011,0.00214,0.00000,0.00096,0.00558
1403637232.438328027725220,0.00211,0.00012,0.00106,0.00191,0.00063,0.00097,0.00680
1403637232.488328933715820,0.00217,0.00012,0.00110,0.00214,0.00103,0.00137,0.00793
1403637232.538329124450684,0.00251,0.00014,0.00021,0.00227,0.00119,0.00115,0.00746
1403637232.588329076766968,0.00217,0.00012,0.00026,0.00265,0.00000,0.00121,0.00641
1403637232.638329029083252,0.00235,0.00015,0.00033,0.00206,0.00061,0.00136,0.00685
1403637232.688329219818115,0.00211,0.00017,0.00042,0.00210,0.00153,0.00093,0.00725
1403637232.738328933715820,0.00206,0.00015,0.00001,0.00234,0.00000,0.00090,0.00544
1403637232.788328886032104,0.00187,0.00012,0.00009,0.00246,0.00010,0.00130,0.00594
1403637232.838327884674072,0.00187,0.00009,0.00003,0.00216,0.00460,0.00143,0.01017
1403637232.888328552246094,0.00220,0.00011,0.00378,0.00291,0.00346,0.00104,0.01351
1403637232.938328266143799,0.00314,0.00025,0.00005,0.00330,0.00000,0.00118,0.00793
1403637232.988327980041504,0.00273,0.00014,0.00021,0.00305,0.00000,0.00088,0.00701
1403637233.038328170776367,0.00279,0.00016,0.00012,0.00294,0.00000,0.00114,0.00716
1403637233.088328123092651,0.00209,0.00012,0.00402,0.00272,0.00505,0.00142,0.01541
1403637233.138328075408936,0.00239,0.00016,0.00019,0.00359,0.00000,0.00113,0.00744
1403637233.238328456878662,0.00219,0.00018,0.00006,0.00362,0.00000,0.00095,0.00700
1403637233.288328886032104,0.00199,0.00012,0.00005,0.00329,0.00000,0.00095,0.00640
1403637233.338329076766968,0.00242,0.00013,0.00005,0.00321,0.00041,0.00094,0.00715
1403637233.388329029083252,0.00212,0.00013,0.00003,0.00319,0.00000,0.00095,0.00641
1403637233.438328981399536,0.00201,0.00011,0.00124,0.00277,0.00173,0.00093,0.00880
1403637233.488327980041504,0.00200,0.00012,0.00160,0.00316,0.00038,0.00090,0.00817
1403637233.538327693939209,0.00245,0.00012,0.00760,0.00275,0.00073,0.00090,0.01456
1403637233.588326215744019,0.00255,0.00013,0.00051,0.00268,0.00003,0.00131,0.00721
1403637233.638325452804565,0.00227,0.00012,0.00017,0.00202,0.00001,0.00113,0.00572
1403637233.688324689865112,0.00271,0.00012,0.00011,0.00205,0.00000,0.00105,0.00604
1403637233.738321542739868,0.00215,0.00011,0.00044,0.00187,0.00601,0.00119,0.01178
1403637233.788323640823364,0.00229,0.00014,0.00032,0.00276,0.00000,0.00113,0.00664
1403637233.838325500488281,0.00201,0.00010,0.00031,0.00262,0.00000,0.00108,0.00613
1403637233.888327121734619,0.00234,0.00010,0.00106,0.00242,0.00002,0.00095,0.00689
1403637233.938328742980957,0.00235,0.00018,0.00010,0.00224,0.00000,0.00092,0.00578
1403637233.988329887390137,0.00222,0.00009,0.00025,0.00202,0.00000,0.00093,0.00552
1403637234.038330554962158,0.00205,0.00012,0.00076,0.00199,0.00043,0.00127,0.00663
1403637234.088330984115601,0.00238,0.00017,0.00058,0.00174,0.00220,0.00109,0.00815
1403637234.138336181640625,0.00209,0.00011,0.00488,0.00211,0.00369,0.00117,0.01406
1403637234.188336372375488,0.00237,0.00016,0.00111,0.00275,0.00002,0.00110,0.00750
1403637234.238337039947510,0.00226,0.00015,0.00064,0.00259,0.00277,0.00105,0.00945
1403637234.288337945938110,0.00275,0.00013,0.00091,0.00265,0.00000,0.00100,0.00743
1403637234.338337182998657,0.00204,0.00013,0.00022,0.00235,0.00000,0.00100,0.00575
1403637234.388336896896362,0.00235,0.00010,0.00160,0.00211,0.00000,0.00091,0.00706
1403637234.438337802886963,0.00224,0.00013,0.00012,0.00197,0.00638,0.00088,0.01172
1403637234.488337039947510,0.00192,0.00011,0.00059,0.00305,0.00102,0.00098,0.00767
1403637234.538337469100952,0.00189,0.00013,0.00039,0.00259,0.00000,0.00091,0.00592
1403637234.588337421417236,0.00245,0.00013,0.00044,0.00254,0.00002,0.00091,0.00648
1403637234.638337612152100,0.00220,0.00009,0.00007,0.00233,0.00075,0.00097,0.00642
1403637234.688337802886963,0.00204,0.00013,0.00116,0.00233,0.00000,0.00096,0.00662
1403637234.738338470458984,0.00205,0.00013,0.00192,0.00221,0.00582,0.00116,0.01328
1403637234.788338422775269,0.00282,0.00012,0.00153,0.00233,0.00074,0.00105,0.00860
1403637234.838338613510132,0.00235,0.00014,0.00002,0.00227,0.00182,0.00112,0.00772
1403637234.888338804244995,0.00222,0.00020,0.00228,0.00211,0.00071,0.00102,0.00853
1403637234.938338994979858,0.00221,0.00009,0.00029,0.00177,0.00309,0.00088,0.00834
1403637234.988338232040405,0.00246,0.00013,0.00029,0.00216,0.00226,0.00113,0.00843
1403637235.038337230682373,0.00206,0.00013,0.00028,0.00256,0.00002,0.00091,0.00597
1403637235.088335514068604,0.00225,0.00010,0.00070,0.00233,0.00000,0.00091,0.00630
1403637235.138334989547729,0.00208,0.00011,0.00075,0.00198,0.00203,0.00087,0.00783
1403637235.188332080841064,0.00228,0.00017,0.00079,0.00224,0.00527,0.00114,0.01189
1403637235.238330841064453,0.00238,0.00014,0.00030,0.00283,0.00021,0.00107,0.00693
1403637235.288328409194946,0.00255,0.00010,0.00095,0.00263,0.00000,0.00089,0.00711
1403637235.338324546813965,0.00278,0.00014,0.00102,0.00252,0.00311,0.00113,0.01069
1403637235.388322830200195,0.00242,0.00015,0.00063,0.00316,0.00147,0.00106,0.00889
1403637235.438321828842163,0.00200,0.00013,0.00003,0.00332,0.00038,0.00086,0.00672
1403637235.488321542739868,0.00246,0.00011,0.00463,0.00300,0.00071,0.00090,0.01182
1403637235.538321971893311,0.00216,0.00013,0.00040,0.00333,0.00070,0.00087,0.00760
1403637235.588322401046753,0.00211,0.00012,0.00003,0.00307,0.00069,0.00085,0.00687
1403637235.638322830200195,0.00216,0.00011,0.00269,0.00295,0.00274,0.00116,0.01181
1403637235.688323497772217,0.00224,0.00014,0.00001,0.00351,0.00000,0.00115,0.00704
1403637235.738325119018555,0.00195,0.00012,0.00012,0.00320,0.00039,0.00100,0.00679
1403637235.788328170776367,0.00218,0.00009,0.00074,0.00295,0.00001,0.00123,0.00720
1403637235.838329076766968,0.00262,0.00015,0.00195,0.00225,0.00304,0.00107,0.01108
1403637235.888329982757568,0.00203,0.00010,0.00012,0.00254,0.00000,0.00089,0.00568
1403637235.938330173492432,0.00246,0.00011,0.00021,0.00200,0.00088,0.00126,0.00691
1403637235.988330364227295,0.00230,0.00012,0.00065,0.00190,0.00000,0.00122,0.00619
1403637236.038328886032104,0.00235,0.00010,0.00154,0.00169,0.00917,0.00105,0.01591
1403637236.088330030441284,0.00221,0.00013,0.00217,0.00308,0.00246,0.00105,0.01110
1403637236.138330221176147,0.00250,0.00013,0.00029,0.00305,0.00009,0.00084,0.00690
1403637236.188329935073853,0.00205,0.00009,0.00028,0.00266,0.00000,0.00088,0.00597
1403637236.238329887390137,0.00239,0.00012,0.00049,0.00224,0.00232,0.00084,0.00841
1403637236.288329839706421,0.00196,0.00010,0.00045,0.00227,0.00000,0.00089,0.00568
1403637236.338329792022705,0.00235,0.00010,0.00080,0.00202,0.00001,0.00090,0.00619
1403637236.388328313827515,0.00194,0.00011,0.00038,0.00210,0.00374,0.00132,0.00958
1403637236.438328027725220,0.00219,0.00011,0.00093,0.00206,0.00000,0.00106,0.00636
1403637236.488327264785767,0.00306,0.00013,0.00051,0.00168,0.00277,0.00096,0.00911
1403637236.538329362869263,0.00215,0.00011,0.00013,0.00199,0.00001,0.00092,0.00532
1403637236.588330030441284,0.00230,0.00017,0.00128,0.00172,0.00273,0.00148,0.00967
1403637236.638331174850464,0.00289,0.00011,0.00032,0.00210,0.00054,0.00110,0.00706
1403637236.688331604003906,0.00195,0.00016,0.00071,0.00194,0.00000,0.00091,0.00568
1403637236.738333702087402,0.00242,0.00013,0.00070,0.00178,0.00000,0.00138,0.00641
1403637236.788336038589478,0.00256,0.00014,0.00051,0.00166,0.00614,0.00111,0.01212
1403637236.838337898254395,0.00329,0.00012,0.00097,0.00175,0.00063,0.00097,0.00773
1403637236.888339281082153,0.00272,0.00011,0.00090,0.00161,0.00441,0.00125,0.01101
1403637236.938341140747070,0.00226,0.00012,0.00055,0.00168,0.00002,0.00109,0.00573
1403637236.988342523574829,0.00303,0.00012,0.00022,0.00155,0.00002,0.00095,0.00589
1403637237.038342237472534,0.00233,0.00014,0.00029,0.00119,0.00715,0.00124,0.01234
1403637237.088342189788818,0.00250,0.00015,0.00062,0.00171,0.00000,0.00109,0.00607
1403637237.138341903686523,0.00209,0.00012,0.00078,0.00156,0.00068,0.00111,0.00635
1403637237.188341379165649,0.00266,0.00011,0.00137,0.00135,0.00113,0.00102,0.00764
1403637237.238340377807617,0.00236,0.00015,0.00018,0.00129,0.00000,0.00084,0.00483
1403637237.288339853286743,0.00294,0.00014,0.00019,0.00119,0.00166,0.00114,0.00725
1403637237.338340044021606,0.00204,0.00012,0.00034,0.00130,0.00034,0.00090,0.00504
1403637237.388341426849365,0.00317,0.00014,0.00044,0.00132,0.01301,0.00109,0.01917
1403637237.438341379165649,0.00268,0.00015,0.00051,0.00219,0.00000,0.00119,0.00671
1403637237.488342046737671,0.00216,0.00013,0.00008,0.00207,0.00000,0.00095,0.00539
1403637237.538344144821167,0.00266,0.00013,0.00236,0.00179,0.00505,0.00092,0.01291
1403637237.588344097137451,0.00221,0.00012,0.00058,0.00252,0.00000,0.00096,0.00638
1403637237.638342857360840,0.00196,0.00013,0.00033,0.00225,0.00001,0.00094,0.00562
1403637237.688340902328491,0.00216,0.00015,0.00012,0.00272,0.00000,0.00117,0.00632
1403637237.738339185714722,0.00307,0.00014,0.00035,0.00203,0.00266,0.00113,0.00938
1403637237.788338899612427,0.00217,0.00012,0.00049,0.00237,0.00002,0.00100,0.00617
1403637237.838338851928711,0.00221,0.00012,0.00108,0.00280,0.00861,0.00117,0.01599
1403637237.888339519500732,0.00227,0.00015,0.00090,0.00373,0.00000,0.00120,0.00824
1403637237.938343048095703,0.00195,0.00014,0.00512,0.00381,0.00002,0.00099,0.01203
1403637237.988343000411987,0.00211,0.00011,0.00001,0.00377,0.00006,0.00102,0.00708
1403637238.038342952728271,0.00220,0.00013,0.00022,0.00385,0.00000,0.00096,0.00736
1403637238.088342666625977,0.00220,0.00017,0.00067,0.00408,0.00000,0.00130,0.00843
1403637238.138342618942261,0.00231,0.00012,0.00262,0.00353,0.00079,0.00117,0.01055
1403637238.188340902328491,0.00221,0.00013,0.00043,0.00369,0.00001,0.00095,0.00743
1403637238.238340139389038,0.00192,0.00010,0.00001,0.00381,0.00013,0.00090,0.00688
1403637238.288338661193848,0.00216,0.00012,0.00655,0.00367,0.00074,0.00092,0.01415
1403637238.338336944580078,0.00224,0.00011,0.00146,0.00375,0.00000,0.00088,0.00843
1403637238.388335466384888,0.00210,0.00019,0.00129,0.00369,0.00000,0.00122,0.00850
1403637238.438333988189697,0.00234,0.00014,0.00046,0.00303,0.00001,0.00115,0.00713
1403637238.488332748413086,0.00224,0.00012,0.00019,0.00320,0.00003,0.00105,0.00683
1403637238.538334369659424,0.00200,0.00010,0.00211,0.00274,0.00209,0.00084,0.00988
1403637238.588332414627075,0.00192,0.00011,0.00001,0.00329,0.00007,0.00093,0.00633
1403637238.638329267501831,0.00194,0.00011,0.00004,0.00324,0.00000,0.00100,0.00633
1403637238.688325166702271,0.00304,0.00010,0.00005,0.00315,0.00000,0.00104,0.00737
1403637238.738320589065552,0.00241,0.00010,0.00038,0.00286,0.00108,0.00103,0.00786
1403637238.788317918777466,0.00231,0.00013,0.00003,0.00280,0.00076,0.00094,0.00696
1403637238.838315725326538,0.00211,0.00012,0.00051,0.00245,0.00079,0.00100,0.00699
1403637238.888312578201294,0.00204,0.00009,0.00455,0.00275,0.00245,0.00108,0.01296
1403637238.938312053680420,0.00218,0.00013,0.00049,0.00303,0.00141,0.00102,0.00826
1403637238.988312005996704,0.00205,0.00009,0.00063,0.00324,0.00071,0.00097,0.00769
1403637239.038311719894409,0.00244,0.00015,0.00056,0.00335,0.00148,0.00128,0.00925
1403637239.088312625885010,0.00359,0.00018,0.00166,0.00319,0.00150,0.00118,0.01129
1403637239.138314723968506,0.00283,0.00016,0.00401,0.00361,0.00000,0.00177,0.01239
1403637239.188316106796265,0.00235,0.00016,0.00020,0.00392,0.00000,0.00122,0.00785
1403637239.238326072692871,0.00241,0.00012,0.00509,0.00306,0.00241,0.00116,0.01424
1403637239.288326025009155,0.00231,0.00014,0.00026,0.00303,0.00000,0.00110,0.00685
1403637239.338327169418335,0.00193,0.00010,0.00069,0.00282,0.00107,0.00090,0.00752
1403637239.388327121734619,0.00180,0.00010,0.00085,0.00291,0.00037,0.00093,0.00695
1403637239.438326358795166,0.00161,0.00009,0.00108,0.00301,0.00044,0.00091,0.00713
1403637239.488327980041504,0.00188,0.00009,0.00320,0.00276,0.00277,0.00085,0.01156
1403637239.538328647613525,0.00164,0.00009,0.00126,0.00330,0.00000,0.00081,0.00711
1403637239.588328123092651,0.00211,0.00011,0.00161,0.00302,0.00002,0.00088,0.00774
1403637239.638331413269043,0.00203,0.00009,0.00562,0.00258,0.00301,0.00081,0.01415
1403637239.688331604003906,0.00188,0.00009,0.00103,0.00284,0.00000,0.00121,0.00705
1403637239.738332986831665,0.00182,0.00011,0.00057,0.00240,0.00340,0.00100,0.00930
1403637239.788333177566528,0.00174,0.00009,0.00027,0.00214,0.00000,0.00088,0.00511
1403637239.838333606719971,0.00191,0.00010,0.00052,0.00156,0.00411,0.00077,0.00897
1403637239.888333559036255,0.00139,0.00009,0.00058,0.00154,0.00002,0.00075,0.00437
1403637239.938333034515381,0.00236,0.00009,0.00069,0.00133,0.00002,0.00084,0.00532
1403637239.988332748413086,0.00184,0.00008,0.00007,0.00138,0.00055,0.00084,0.00476
1403637240.038332462310791,0.00141,0.00009,0.00043,0.00110,0.00000,0.00092,0.00396
1403637240.088332653045654,0.00175,0.00008,0.00027,0.00064,0.00012,0.00082,0.00368
1403637240.138334035873413,0.00195,0.00009,0.00097,0.00047,0.00996,0.00085,0.01428
1403637240.188334941864014,0.00153,0.00009,0.00071,0.00159,0.00002,0.00085,0.00480
1403637240.238338947296143,0.00188,0.00009,0.00123,0.00143,0.00240,0.00128,0.00831
1403637240.288342475891113,0.00239,0.00012,0.00158,0.00170,0.00000,0.00109,0.00689
1403637240.338345766067505,0.00164,0.00008,0.00023,0.00159,0.00030,0.00082,0.00467
1403637240.388349533081055,0.00235,0.00013,0.00041,0.00145,0.00323,0.00084,0.00841
1403637240.438350915908813,0.00274,0.00016,0.00080,0.00163,0.00065,0.00124,0.00722
1403637240.488353252410889,0.00211,0.00013,0.00195,0.00165,0.00583,0.00100,0.01267
1403637240.538351774215698,0.00222,0.00009,0.00048,0.00233,0.00073,0.00082,0.00668
1403637240.588348627090454,0.00189,0.00009,0.00003,0.00240,0.00000,0.00077,0.00517
1403637240.638345718383789,0.00157,0.00009,0.00031,0.00221,0.00000,0.00079,0.00498
1403637240.688344717025757,0.00212,0.00009,0.00071,0.00203,0.00520,0.00084,0.01100
1403637240.738343477249146,0.00153,0.00009,0.00027,0.00257,0.00000,0.00083,0.00529
1403637240.788343429565430,0.00142,0.00010,0.00048,0.00231,0.00000,0.00084,0.00515
1403637240.838342428207397,0.00194,0.00010,0.00074,0.00186,0.00067,0.00084,0.00614
1403637240.888341188430786,0.00172,0.00009,0.00003,0.00193,0.00062,0.00076,0.00515
1403637240.938338994979858,0.00154,0.00010,0.00050,0.00185,0.00130,0.00080,0.00609
1403637240.988340616226196,0.00160,0.00009,0.00001,0.00199,0.00409,0.00138,0.00915
1403637241.038342475891113,0.00172,0.00011,0.00016,0.00247,0.00000,0.00097,0.00544
1403637241.088345289230347,0.00152,0.00009,0.00063,0.00197,0.00340,0.00076,0.00837
1403637241.138347148895264,0.00167,0.00009,0.00056,0.00237,0.00134,0.00074,0.00677
1403637241.188349485397339,0.00140,0.00010,0.00064,0.00231,0.00131,0.00078,0.00654
1403637241.238350868225098,0.00277,0.00014,0.00585,0.00232,0.00265,0.00126,0.01497
1403637241.288351535797119,0.00207,0.00012,0.00025,0.00238,0.00004,0.00102,0.00588
1403637241.338352441787720,0.00152,0.00009,0.00026,0.00196,0.00000,0.00090,0.00474
1403637241.388352632522583,0.00148,0.00009,0.00013,0.00175,0.00011,0.00078,0.00434
1403637241.438353061676025,0.00175,0.00009,0.00001,0.00174,0.00007,0.00083,0.00449
1403637241.488353490829468,0.00228,0.00016,0.00021,0.00173,0.00298,0.00127,0.00862
1403637241.538353919982910,0.00211,0.00014,0.00012,0.00187,0.00036,0.00102,0.00562
1403637241.588354349136353,0.00169,0.00010,0.00014,0.00148,0.00031,0.00086,0.00459
1403637241.638354778289795,0.00199,0.00009,0.00010,0.00139,0.00384,0.00085,0.00826
1403637241.688355207443237,0.00166,0.00009,0.00039,0.00169,0.00001,0.00082,0.00466
1403637241.738355875015259,0.00165,0.00009,0.00015,0.00175,0.00073,0.00085,0.00522
1403637241.788357019424438,0.00208,0.00009,0.00100,0.00173,0.00482,0.00086,0.01058
1403637241.838360786437988,0.00134,0.00009,0.00082,0.00205,0.00424,0.00076,0.00931
1403637241.888362646102905,0.00161,0.00010,0.00009,0.00249,0.00005,0.00076,0.00510
1403637241.938363552093506,0.00196,0.00010,0.00052,0.00236,0.00082,0.00079,0.00655
1403637241.988363265991211,0.00143,0.00010,0.00079,0.00228,0.00148,0.00120,0.00729
1403637242.038362264633179,0.00217,0.00012,0.00293,0.00298,0.00074,0.00103,0.00996
1403637242.088360071182251,0.00170,0.00009,0.00008,0.00257,0.00010,0.00081,0.00535
1403637242.138357400894165,0.00134,0.00009,0.00005,0.00240,0.00070,0.00083,0.00542
1403637242.188353776931763,0.00189,0.00019,0.00015,0.00261,0.00354,0.00117,0.00954
1403637242.238353013992310,0.00207,0.00014,0.00014,0.00309,0.00073,0.00106,0.00722
1403637242.288352966308594,0.00138,0.00010,0.00011,0.00281,0.00071,0.00077,0.00587
1403637242.388353347778320,0.00197,0.00023,0.00034,0.00237,0.00000,0.00121,0.00613
1403637242.438353776931763,0.00171,0.00015,0.00009,0.00225,0.00010,0.00109,0.00539
1403637242.488354921340942,0.00166,0.00009,0.00027,0.00228,0.00103,0.00087,0.00620
1403637242.538356065750122,0.00140,0.00010,0.00007,0.00270,0.00303,0.00084,0.00815
1403637242.588357686996460,0.00176,0.00009,0.00013,0.00286,0.00037,0.00079,0.00600
1403637242.638359069824219,0.00158,0.00010,0.00242,0.00320,0.00207,0.00084,0.01021
1403637242.688360929489136,0.00151,0.00010,0.00219,0.00329,0.00003,0.00082,0.00793
1403637242.738361120223999,0.00163,0.00009,0.00004,0.00331,0.00002,0.00087,0.00596
1403637242.788362264633179,0.00176,0.00010,0.00006,0.00307,0.00000,0.00086,0.00585
1403637242.838364362716675,0.00185,0.00009,0.00148,0.00262,0.00142,0.00074,0.00822
1403637242.888364791870117,0.00168,0.00010,0.00006,0.00259,0.00118,0.00076,0.00637
1403637242.938364744186401,0.00181,0.00010,0.00008,0.00267,0.00001,0.00083,0.00551
1403637242.988363742828369,0.00180,0.00010,0.00204,0.00266,0.00146,0.00082,0.00888
1403637243.038363218307495,0.00239,0.00015,0.00014,0.00265,0.00003,0.00126,0.00662
1403637243.088362693786621,0.00211,0.00011,0.00009,0.00227,0.00258,0.00099,0.00815
1403637243.138360738754272,0.00249,0.00013,0.00014,0.00284,0.00146,0.00106,0.00813
1403637243.188360452651978,0.00176,0.00010,0.00038,0.00294,0.00036,0.00090,0.00644
1403637243.238360404968262,0.00216,0.00010,0.00038,0.00326,0.00187,0.00119,0.00896
1403637243.288361072540283,0.00254,0.00014,0.00245,0.00341,0.00003,0.00101,0.00958
1403637243.338361740112305,0.00141,0.00010,0.00087,0.00299,0.00012,0.00086,0.00635
1403637243.388362646102905,0.00155,0.00010,0.00189,0.00316,0.00122,0.00115,0.00907
1403637243.438362598419189,0.00187,0.00013,0.00171,0.00308,0.00094,0.00109,0.00882
1403637243.488362550735474,0.00136,0.00009,0.00194,0.00323,0.00075,0.00096,0.00832
1403637243.538362503051758,0.00151,0.00009,0.00255,0.00322,0.00082,0.00141,0.00960
1403637243.588362455368042,0.00193,0.00012,0.00058,0.00316,0.00096,0.00102,0.00776
1403637243.638362646102905,0.00139,0.00010,0.00022,0.00313,0.00002,0.00080,0.00566
1403637243.688362836837769,0.00179,0.00009,0.00048,0.00321,0.00002,0.00125,0.00685
1403637243.738361597061157,0.00185,0.00011,0.00230,0.00266,0.00074,0.00102,0.00867
1403637243.788360118865967,0.00159,0.00010,0.00320,0.00231,0.00270,0.00080,0.01070
1403637243.838359594345093,0.00176,0.00009,0.00046,0.00250,0.00000,0.00126,0.00607
1403637243.888359308242798,0.00173,0.00011,0.00010,0.00219,0.00136,0.00108,0.00656
1403637243.938359498977661,0.00183,0.00009,0.00005,0.00208,0.00079,0.00084,0.00568
1403637243.988359928131104,0.00145,0.00009,0.00006,0.00208,0.00066,0.00083,0.00518
1403637244.038360595703125,0.00180,0.00009,0.00010,0.00251,0.00193,0.00126,0.00769
1403637244.088361024856567,0.00182,0.00012,0.00005,0.00245,0.00235,0.00105,0.00784
1403637244.138360977172852,0.00253,0.00018,0.00001,0.00305,0.00243,0.00118,0.00938
1403637244.188361167907715,0.00200,0.00014,0.00025,0.00338,0.00056,0.00102,0.00737
1403637244.238361120223999,0.00204,0.00011,0.00289,0.00329,0.00003,0.00105,0.00941
1403637244.288361072540283,0.00156,0.00010,0.00021,0.00314,0.00111,0.00083,0.00695
1403637244.338360309600830,0.00144,0.00009,0.00121,0.00361,0.00044,0.00141,0.00821
1403637244.388358592987061,0.00194,0.00017,0.00541,0.00312,0.00000,0.00101,0.01166
1403637244.438358783721924,0.00145,0.00010,0.00024,0.00306,0.00000,0.00084,0.00569
1403637244.488358259201050,0.00138,0.00010,0.00223,0.00283,0.00019,0.00118,0.00791
1403637244.538359403610229,0.00182,0.00011,0.00012,0.00270,0.00022,0.00100,0.00598
1403637244.588359117507935,0.00155,0.00009,0.00328,0.00262,0.00139,0.00084,0.00977
1403637244.638359069824219,0.00259,0.00019,0.00017,0.00254,0.00106,0.00121,0.00777
1403637244.688358783721924,0.00272,0.00014,0.00005,0.00256,0.00000,0.00100,0.00648
1403637244.738358020782471,0.00214,0.00012,0.00030,0.00278,0.00002,0.00107,0.00643
1403637244.788357973098755,0.00204,0.00016,0.00022,0.00215,0.00001,0.00112,0.00570
1403637244.838357448577881,0.00158,0.00010,0.00050,0.00228,0.00311,0.00084,0.00841
1403637244.888357162475586,0.00248,0.00018,0.00015,0.00294,0.00000,0.00123,0.00698
1403637244.938357114791870,0.00219,0.00015,0.00010,0.00229,0.00104,0.00115,0.00693
1403637244.988357067108154,0.00223,0.00018,0.00422,0.00239,0.00241,0.00120,0.01263
1403637245.038357257843018,0.00184,0.00016,0.00012,0.00294,0.00002,0.00106,0.00614
1403637245.088357210159302,0.00161,0.00011,0.00003,0.00253,0.00089,0.00088,0.00605
1403637245.138357877731323,0.00147,0.00010,0.00005,0.00275,0.00000,0.00094,0.00531
1403637245.188357591629028,0.00227,0.00011,0.00331,0.00230,0.00186,0.00093,0.01078
1403637245.238358497619629,0.00181,0.00010,0.00572,0.00269,0.00108,0.00086,0.01226
1403637245.288357496261597,0.00172,0.00010,0.00005,0.00271,0.00001,0.00084,0.00542
1403637245.338356733322144,0.00175,0.00010,0.00006,0.00247,0.00073,0.00086,0.00598
1403637245.388355731964111,0.00184,0.00010,0.00013,0.00228,0.00079,0.00093,0.00608
1403637245.438356161117554,0.00155,0.00010,0.00205,0.00227,0.00165,0.00140,0.00902
1403637245.488356351852417,0.00201,0.00012,0.00010,0.00199,0.00002,0.00111,0.00534
1403637245.538356781005859,0.00194,0.00009,0.00022,0.00183,0.00000,0.00093,0.00502
1403637245.588355779647827,0.00154,0.00009,0.00134,0.00179,0.00563,0.00085,0.01125
1403637245.638355970382690,0.00190,0.00019,0.00022,0.00269,0.00071,0.00120,0.00690
1403637245.688355922698975,0.00197,0.00013,0.00078,0.00243,0.00071,0.00122,0.00724
1403637245.738358736038208,0.00165,0.00010,0.00769,0.00179,0.00204,0.00114,0.01440
1403637245.788357734680176,0.00167,0.00010,0.00213,0.00184,0.00244,0.00080,0.00899
1403637245.838357210159302,0.00155,0.00010,0.00410,0.00179,0.00131,0.00078,0.00962
1403637245.888357162475586,0.00230,0.00009,0.00030,0.00157,0.00000,0.00086,0.00513
1403637245.938357830047607,0.00250,0.00009,0.00065,0.00137,0.00003,0.00089,0.00552
1403637245.988357543945312,0.00203,0.00009,0.00033,0.00123,0.00046,0.00113,0.00526
1403637246.038357734680176,0.00173,0.00008,0.00037,0.00116,0.00121,0.00084,0.00540
1403637246.088357925415039,0.00243,0.00009,0.00063,0.00083,0.00014,0.00079,0.00490
1403637246.138358354568481,0.00178,0.00008,0.00008,0.00076,0.00000,0.00081,0.00352
1403637246.188358545303345,0.00142,0.00008,0.00021,0.00053,0.00000,0.00077,0.00302
1403637246.238358497619629,0.00206,0.00008,0.00128,0.00032,0.00000,0.00087,0.00460
1403637246.288358449935913,0.00145,0.00008,0.00047,0.00027,0.00000,0.00082,0.00309
1403637246.338355302810669,0.00171,0.00008,0.00033,0.00019,0.00601,0.00080,0.00912
1403637246.388354778289795,0.00175,0.00008,0.00067,0.00083,0.00119,0.00083,0.00536
1403637246.438356399536133,0.00172,0.00008,0.00044,0.00087,0.01260,0.00075,0.01648
1403637246.488355875015259,0.00215,0.00010,0.00010,0.00219,0.00000,0.00090,0.00543
1403637246.538355588912964,0.00187,0.00009,0.00076,0.00166,0.00063,0.00076,0.00577
1403637246.588355541229248,0.00147,0.00009,0.00014,0.00157,0.00002,0.00075,0.00404
1403637246.638355016708374,0.00136,0.00009,0.00108,0.00149,0.00613,0.00077,0.01092
1403637246.688354969024658,0.00187,0.00009,0.00009,0.00205,0.00000,0.00090,0.00500
1403637246.738354921340942,0.00159,0.00009,0.00027,0.00168,0.00000,0.00078,0.00441
1403637246.788355588912964,0.00132,0.00009,0.00064,0.00158,0.00385,0.00080,0.00828
1403637246.838355541229248,0.00181,0.00009,0.00020,0.00170,0.00002,0.00080,0.00462
1403637246.888356208801270,0.00158,0.00009,0.00004,0.00144,0.00306,0.00087,0.00707
1403637246.938356161117554,0.00138,0.00009,0.00034,0.00166,0.00030,0.00079,0.00455
1403637246.988356351852417,0.00160,0.00009,0.00005,0.00174,0.00000,0.00084,0.00432
1403637247.038358926773071,0.00143,0.00009,0.00043,0.00174,0.00854,0.00119,0.01342
1403637247.088359355926514,0.00182,0.00012,0.00007,0.00288,0.00000,0.00094,0.00583
1403637247.138359785079956,0.00301,0.00023,0.00005,0.00289,0.00000,0.00124,0.00743
1403637247.188360214233398,0.00199,0.00013,0.00008,0.00270,0.00054,0.00102,0.00645
1403637247.238361597061157,0.00169,0.00010,0.00222,0.00243,0.00227,0.00078,0.00949
1403637247.288362264633179,0.00140,0.00010,0.00022,0.00261,0.00010,0.00103,0.00546
1403637247.338365077972412,0.00142,0.00010,0.00003,0.00260,0.00002,0.00079,0.00495
1403637247.388370990753174,0.00179,0.00010,0.00557,0.00246,0.00412,0.00118,0.01522
1403637247.438371658325195,0.00274,0.00012,0.00044,0.00347,0.00001,0.00113,0.00791
1403637247.488371610641479,0.00182,0.00010,0.00019,0.00295,0.00037,0.00126,0.00669
1403637247.538372039794922,0.00197,0.00012,0.00005,0.00310,0.00000,0.00105,0.00629
1403637247.588371992111206,0.00168,0.00009,0.00005,0.00305,0.00000,0.00093,0.00579
1403637247.638371944427490,0.00170,0.00009,0.00003,0.00279,0.00037,0.00106,0.00605
1403637247.688372850418091,0.00173,0.00009,0.00188,0.00316,0.00340,0.00129,0.01155
1403637247.738373041152954,0.00182,0.00012,0.00030,0.00338,0.00002,0.00101,0.00666
1403637247.788373470306396,0.00160,0.00010,0.00001,0.00290,0.00073,0.00080,0.00614
1403637247.838375091552734,0.00135,0.00010,0.00237,0.00278,0.00071,0.00077,0.00809
1403637247.888375282287598,0.00151,0.00010,0.00011,0.00290,0.00004,0.00085,0.00551
1403637247.938375949859619,0.00230,0.00019,0.00114,0.00264,0.00124,0.00123,0.00873
1403637247.988375663757324,0.00253,0.00016,0.00859,0.00255,0.00236,0.00096,0.01716
1403637248.038374423980713,0.00205,0.00014,0.00032,0.00253,0.00006,0.00108,0.00618
1403637248.088372945785522,0.00250,0.00018,0.00014,0.00320,0.00016,0.00186,0.00805
1403637248.138371706008911,0.00213,0.00014,0.00018,0.00206,0.00002,0.00122,0.00574
1403637248.188370943069458,0.00171,0.00009,0.00020,0.00195,0.00000,0.00086,0.00482
1403637248.238370656967163,0.00180,0.00009,0.00002,0.00188,0.00000,0.00080,0.00460
1403637248.288371562957764,0.00148,0.00009,0.00006,0.00186,0.00119,0.00079,0.00549
1403637248.338372468948364,0.00183,0.00009,0.00008,0.00193,0.00000,0.00086,0.00479
1403637248.388373613357544,0.00247,0.00016,0.00001,0.00203,0.00000,0.00120,0.00587
1403637248.438374757766724,0.00203,0.00015,0.00003,0.00233,0.00187,0.00106,0.00747
1403637248.488376379013062,0.00163,0.00009,0.00061,0.00203,0.00000,0.00088,0.00525
1403637248.538379192352295,0.00278,0.00009,0.00242,0.00193,0.00938,0.00122,0.01783
1403637248.588380813598633,0.00187,0.00012,0.00770,0.00405,0.00000,0.00102,0.01475
1403637248.638379573822021,0.00195,0.00015,0.00004,0.00356,0.00000,0.00106,0.00675
1403637248.688377380371094,0.00248,0.00019,0.00002,0.00383,0.00000,0.00173,0.00824
1403637248.738375663757324,0.00208,0.00016,0.00004,0.00377,0.00083,0.00106,0.00794
1403637248.788374900817871,0.00192,0.00013,0.00359,0.00342,0.00073,0.00103,0.01082
1403637248.838374376296997,0.00260,0.00014,0.00001,0.00348,0.00000,0.00131,0.00754
1403637248.888374328613281,0.00199,0.00012,0.00015,0.00314,0.00071,0.00093,0.00703
1403637248.938374042510986,0.00207,0.00010,0.00035,0.00324,0.00001,0.00097,0.00675
1403637248.988373994827271,0.00193,0.00016,0.00001,0.00338,0.00000,0.00125,0.00673
1403637249.038373947143555,0.00162,0.00009,0.00006,0.00311,0.00094,0.00135,0.00717
1403637249.088374614715576,0.00201,0.00014,0.00422,0.00325,0.00163,0.00110,0.01236
1403637249.138374805450439,0.00243,0.00011,0.00208,0.00343,0.00000,0.00094,0.00899
1403637249.188374280929565,0.00252,0.00019,0.00588,0.00335,0.00000,0.00119,0.01313
1403637249.238374233245850,0.00299,0.00012,0.00012,0.00344,0.00000,0.00111,0.00777
1403637249.288374185562134,0.00178,0.00010,0.00025,0.00319,0.00010,0.00087,0.00630
1403637249.338374137878418,0.00152,0.00009,0.00034,0.00306,0.00000,0.00137,0.00637
1403637249.388373374938965,0.00226,0.00013,0.00263,0.00298,0.00221,0.00108,0.01129
1403637249.438373327255249,0.00211,0.00009,0.00010,0.00334,0.00010,0.00091,0.00665
1403637249.488373279571533,0.00184,0.00012,0.00003,0.00368,0.00000,0.00133,0.00700
1403637249.538373470306396,0.00224,0.00012,0.00007,0.00344,0.00000,0.00112,0.00700
1403637249.588373184204102,0.00195,0.00010,0.00001,0.00325,0.00000,0.00094,0.00626
1403637249.638373136520386,0.00179,0.00009,0.00036,0.00328,0.00000,0.00100,0.00653
1403637249.688372611999512,0.00193,0.00012,0.00873,0.00323,0.00279,0.00086,0.01765
1403637249.738371610641479,0.00209,0.00010,0.00140,0.00370,0.00074,0.00086,0.00889
1403637249.788371086120605,0.00179,0.00010,0.00590,0.00383,0.00000,0.00090,0.01252
1403637249.838371276855469,0.00216,0.00009,0.00003,0.00389,0.00000,0.00089,0.00706
1403637249.888372421264648,0.00192,0.00013,0.00007,0.00365,0.00000,0.00131,0.00708
1403637249.938372850418091,0.00211,0.00011,0.00012,0.00353,0.00002,0.00115,0.00705
1403637249.988374471664429,0.00181,0.00011,0.00163,0.00325,0.00263,0.00123,0.01066
1403637250.038376331329346,0.00205,0.00011,0.00012,0.00376,0.00047,0.00095,0.00747
1403637250.088377237319946,0.00295,0.00015,0.00023,0.00327,0.00000,0.00112,0.00773
1403637250.138378381729126,0.00207,0.00009,0.00025,0.00260,0.00000,0.00094,0.00596
1403637250.188377618789673,0.00240,0.00013,0.00025,0.00237,0.00010,0.00131,0.00657
1403637250.238377571105957,0.00253,0.00016,0.00052,0.00213,0.00000,0.00111,0.00645
1403637250.288378238677979,0.00199,0.00012,0.00282,0.00203,0.00742,0.00105,0.01543
1403637250.338377714157104,0.00166,0.00010,0.00007,0.00307,0.00143,0.00120,0.00753
1403637250.388376712799072,0.00177,0.00012,0.00444,0.00287,0.00280,0.00103,0.01303
1403637250.438376188278198,0.00225,0.00010,0.00004,0.00346,0.00000,0.00094,0.00678
1403637250.488376140594482,0.00187,0.00010,0.00068,0.00341,0.00001,0.00131,0.00737
1403637250.538376331329346,0.00184,0.00011,0.00004,0.00320,0.00000,0.00110,0.00629
1403637250.588376283645630,0.00191,0.00009,0.00024,0.00324,0.00000,0.00083,0.00632
1403637250.638376235961914,0.00162,0.00009,0.00568,0.00274,0.00472,0.00125,0.01610
1403637250.688375949859619,0.00233,0.00014,0.00005,0.00372,0.00000,0.00109,0.00732
1403637250.738374710083008,0.00177,0.00009,0.00038,0.00357,0.00000,0.00099,0.00680
1403637250.788374423980713,0.00225,0.00019,0.00001,0.00334,0.00053,0.00119,0.00751
1403637250.838374137878418,0.00201,0.00011,0.00012,0.00290,0.00000,0.00113,0.00627
1403637250.888373613357544,0.00295,0.00012,0.00099,0.00281,0.00235,0.00090,0.01011
1403637250.938373088836670,0.00180,0.00009,0.00077,0.00318,0.00002,0.00129,0.00716
1403637250.988372802734375,0.00241,0.00018,0.00894,0.00284,0.00190,0.00129,0.01757
1403637251.038372755050659,0.00233,0.00013,0.00001,0.00364,0.00000,0.00123,0.00734
1403637251.088373184204102,0.00229,0.00012,0.00016,0.00300,0.00038,0.00125,0.00720
1403637251.138373851776123,0.00237,0.00010,0.00006,0.00307,0.00000,0.00090,0.00650
1403637251.188374280929565,0.00171,0.00009,0.00030,0.00262,0.00000,0.00087,0.00559
1403637251.238373994827271,0.00157,0.00018,0.00289,0.00247,0.00462,0.00121,0.01293
1403637251.288374185562134,0.00180,0.00012,0.00004,0.00336,0.00000,0.00104,0.00635
1403637251.338373661041260,0.00155,0.00010,0.00001,0.00325,0.00000,0.00102,0.00593
1403637251.388372659683228,0.00209,0.00019,0.00053,0.00270,0.00002,0.00126,0.00679
1403637251.438372135162354,0.00182,0.00013,0.00637,0.00279,0.00233,0.00127,0.01470
1403637251.488372325897217,0.00191,0.00012,0.00015,0.00259,0.00002,0.00081,0.00560
1403637251.538372993469238,0.00220,0.00012,0.00004,0.00251,0.00069,0.00084,0.00640
1403637251.588373661041260,0.00165,0.00010,0.00521,0.00248,0.00404,0.00080,0.01428
1403637251.638373851776123,0.00248,0.00010,0.00003,0.00313,0.00000,0.00089,0.00661
1403637251.688374042510986,0.00235,0.00013,0.00007,0.00280,0.00002,0.00092,0.00629
1403637251.738373994827271,0.00262,0.00025,0.00015,0.00258,0.00004,0.00114,0.00678
1403637251.788374185562134,0.00260,0.00012,0.00003,0.00249,0.00000,0.00121,0.00645
1403637251.838373899459839,0.00251,0.00012,0.00054,0.00236,0.00317,0.00115,0.00984
1403637251.888373613357544,0.00238,0.00014,0.00013,0.00300,0.00000,0.00120,0.00685
1403637251.938373565673828,0.00234,0.00013,0.00019,0.00271,0.00002,0.00173,0.00712
1403637251.988373756408691,0.00231,0.00011,0.00040,0.00263,0.00000,0.00158,0.00703
1403637252.038373708724976,0.00226,0.00016,0.00244,0.00256,0.00329,0.00110,0.01180
1403637252.088373661041260,0.00243,0.00011,0.00051,0.00321,0.00000,0.00119,0.00746
1403637252.138373851776123,0.00211,0.00013,0.00001,0.00383,0.00000,0.00128,0.00734
1403637252.188374042510986,0.00214,0.00011,0.00848,0.00335,0.00284,0.00103,0.01796
1403637252.238374233245850,0.00210,0.00010,0.00001,0.00345,0.00042,0.00107,0.00715
1403637252.288375377655029,0.00194,0.00009,0.00007,0.00348,0.00003,0.00095,0.00656
1403637252.338375806808472,0.00194,0.00011,0.00009,0.00327,0.00023,0.00104,0.00669
1403637252.388376474380493,0.00212,0.00010,0.00005,0.00314,0.00000,0.00100,0.00642
1403637252.438376665115356,0.00201,0.00012,0.00001,0.00320,0.00006,0.00095,0.00635
1403637252.488376617431641,0.00192,0.00009,0.00005,0.00300,0.00000,0.00096,0.00601
1403637252.538376808166504,0.00198,0.00009,0.00001,0.00312,0.00076,0.00099,0.00695
1403637252.588376522064209,0.00189,0.00016,0.00001,0.00321,0.00000,0.00098,0.00625
1403637252.638376474380493,0.00210,0.00018,0.00111,0.00276,0.00015,0.00115,0.00744
1403637252.688376426696777,0.00212,0.00014,0.00006,0.00295,0.00002,0.00113,0.00642
1403637252.738376379013062,0.00205,0.00009,0.00006,0.00287,0.00000,0.00098,0.00605
1403637252.788376092910767,0.00190,0.00010,0.00525,0.00279,0.00278,0.00112,0.01393
1403637252.838375806808472,0.00214,0.00014,0.00001,0.00371,0.00000,0.00114,0.00714
1403637252.888375997543335,0.00184,0.00009,0.00002,0.00330,0.00003,0.00097,0.00626
1403637252.938376426696777,0.00180,0.00009,0.00001,0.00349,0.00088,0.00133,0.00760
1403637252.988377332687378,0.00232,0.00014,0.00001,0.00356,0.00000,0.00111,0.00713
1403637253.038378238677979,0.00195,0.00013,0.00001,0.00341,0.00007,0.00097,0.00653
1403637253.088378667831421,0.00191,0.00015,0.00001,0.00351,0.00000,0.00125,0.00682
1403637253.138378381729126,0.00221,0.00013,0.00001,0.00352,0.00000,0.00123,0.00709
1403637253.188378572463989,0.00184,0.00009,0.00001,0.00341,0.00000,0.00091,0.00626
1403637253.238378047943115,0.00179,0.00009,0.00071,0.00337,0.00011,0.00100,0.00707
1403637253.288377761840820,0.00180,0.00009,0.00001,0.00362,0.00007,0.00095,0.00654
1403637253.338376760482788,0.00185,0.00009,0.00001,0.00340,0.00000,0.00099,0.00634
1403637253.388376474380493,0.00180,0.00009,0.00117,0.00334,0.00011,0.00094,0.00745
1403637253.438375949859619,0.00205,0.00009,0.00000,0.00343,0.00000,0.00100,0.00658
1403637253.488376140594482,0.00185,0.00010,0.00001,0.00331,0.00003,0.00093,0.00623
1403637253.538375854492188,0.00177,0.00010,0.00001,0.00330,0.00005,0.00096,0.00619
1403637253.588376045227051,0.00192,0.00009,0.00002,0.00324,0.00000,0.00092,0.00620
1403637253.638375759124756,0.00185,0.00009,0.00001,0.00331,0.00007,0.00096,0.00629
1403637253.688375949859619,0.00200,0.00014,0.00001,0.00335,0.00000,0.00120,0.00671
1403637253.738375902175903,0.00205,0.00013,0.00001,0.00370,0.00000,0.00118,0.00706
1403637253.788375854492188,0.00179,0.00009,0.00000,0.00327,0.00000,0.00094,0.00609
1403637253.838375568389893,0.00178,0.00010,0.00005,0.00338,0.00099,0.00118,0.00747
1403637253.888375759124756,0.00237,0.00014,0.00001,0.00364,0.00003,0.00117,0.00736
1403637253.938375949859619,0.00192,0.00013,0.00001,0.00336,0.00000,0.00094,0.00635
1403637253.988376140594482,0.00169,0.00010,0.00244,0.00337,0.00012,0.00151,0.00922
1403637254.038375854492188,0.00211,0.00013,0.00000,0.00343,0.00000,0.00128,0.00695
1403637254.088376045227051,0.00205,0.00009,0.00001,0.00342,0.00004,0.00094,0.00656
1403637254.138376235961914,0.00179,0.00009,0.00001,0.00337,0.00005,0.00111,0.00643
1403637254.188376903533936,0.00181,0.00010,0.00001,0.00346,0.00003,0.00096,0.00636
1403637254.238377332687378,0.00227,0.00009,0.00001,0.00350,0.00007,0.00099,0.00693
1403637254.288378000259399,0.00181,0.00009,0.00001,0.00337,0.00000,0.00089,0.00617
1403637254.338378190994263,0.00228,0.00009,0.00001,0.00339,0.00000,0.00101,0.00678
1403637254.388378143310547,0.00208,0.00009,0.00001,0.00337,0.00000,0.00092,0.00647
1403637254.438378095626831,0.00186,0.00010,0.00006,0.00334,0.00083,0.00095,0.00715
1403637254.488378047943115,0.00187,0.00010,0.00001,0.00348,0.00002,0.00093,0.00640
1403637254.538378238677979,0.00219,0.00020,0.00001,0.00358,0.00000,0.00123,0.00721
1403637254.588378667831421,0.00221,0.00014,0.00398,0.00361,0.00014,0.00154,0.01162
1403637254.638378620147705,0.00207,0.00013,0.00001,0.00345,0.00000,0.00109,0.00674
1403637254.688378810882568,0.00196,0.00009,0.00001,0.00338,0.00004,0.00093,0.00640
1403637254.738378763198853,0.00189,0.00010,0.00001,0.00341,0.00005,0.00104,0.00650
1403637254.788378715515137,0.00219,0.00014,0.00001,0.00353,0.00004,0.00131,0.00722
1403637254.838378906250000,0.00208,0.00013,0.00001,0.00405,0.00007,0.00092,0.00726
1403637254.888378858566284,0.00206,0.00013,0.00006,0.00337,0.00000,0.00110,0.00673
1403637254.938378810882568,0.00229,0.00009,0.00001,0.00341,0.00000,0.00099,0.00679
1403637254.988378524780273,0.00184,0.00009,0.00000,0.00333,0.00000,0.00093,0.00620
1403637255.038378953933716,0.00201,0.00009,0.00001,0.00324,0.00013,0.00094,0.00641
1403637255.088378667831421,0.00187,0.00009,0.00003,0.00336,0.00070,0.00094,0.00699
1403637255.138378620147705,0.00252,0.00017,0.00001,0.00349,0.00000,0.00128,0.00748
1403637255.188379287719727,0.00245,0.00013,0.00415,0.00335,0.00011,0.00140,0.01160
1403637255.238379001617432,0.00217,0.00020,0.00001,0.00336,0.00000,0.00115,0.00689
1403637255.288378953933716,0.00186,0.00010,0.00006,0.00302,0.00004,0.00092,0.00600
1403637255.338379144668579,0.00187,0.00010,0.00001,0.00327,0.00008,0.00125,0.00657
1403637255.388379096984863,0.00203,0.00012,0.00001,0.00303,0.00043,0.00108,0.00670
1403637255.438379049301147,0.00202,0.00012,0.00001,0.00336,0.00010,0.00097,0.00658
1403637255.488379240036011,0.00256,0.00010,0.00009,0.00280,0.00000,0.00097,0.00653
1403637255.538379430770874,0.00245,0.00019,0.00013,0.00283,0.00000,0.00132,0.00691
1403637255.588379621505737,0.00233,0.00012,0.00012,0.00265,0.00003,0.00112,0.00637
1403637255.638379573822021,0.00210,0.00013,0.00002,0.00237,0.00013,0.00108,0.00583
1403637255.688379526138306,0.00226,0.00013,0.00005,0.00232,0.00000,0.00104,0.00579
1403637255.738379478454590,0.00227,0.00009,0.00020,0.00223,0.00001,0.00100,0.00581
1403637255.788379192352295,0.00209,0.00009,0.00229,0.00198,0.00391,0.00100,0.01136
1403637255.838379144668579,0.00211,0.00012,0.00013,0.00241,0.00000,0.00102,0.00579
1403637255.888378858566284,0.00230,0.00011,0.00008,0.00223,0.00003,0.00119,0.00594
1403637255.938378810882568,0.00203,0.00012,0.00045,0.00217,0.00004,0.00099,0.00580
1403637255.988378763198853,0.00204,0.00011,0.00013,0.00216,0.00002,0.00097,0.00543
1403637256.088378667831421,0.00194,0.00016,0.00537,0.00194,0.00847,0.00088,0.01875
1403637256.138378858566284,0.00196,0.00010,0.00003,0.00333,0.00000,0.00092,0.00633
1403637256.188378810882568,0.00220,0.00015,0.00012,0.00330,0.00001,0.00110,0.00688
1403637256.238379001617432,0.00241,0.00014,0.00010,0.00334,0.00002,0.00117,0.00717
1403637256.288379430770874,0.00215,0.00009,0.00001,0.00318,0.00009,0.00102,0.00654
1403637256.338379144668579,0.00219,0.00010,0.00048,0.00325,0.00000,0.00098,0.00699
1403637256.388379573822021,0.00198,0.00009,0.00002,0.00312,0.00004,0.00101,0.00628
1403637256.438378810882568,0.00194,0.00010,0.00319,0.00293,0.00015,0.00093,0.00923
1403637256.488378763198853,0.00189,0.00013,0.00000,0.00293,0.00000,0.00092,0.00587
1403637256.538378715515137,0.00178,0.00010,0.00001,0.00291,0.00003,0.00097,0.00580
1403637256.588378667831421,0.00204,0.00017,0.00001,0.00348,0.00003,0.00089,0.00662
1403637256.638378381729126,0.00196,0.00009,0.00000,0.00280,0.00000,0.00099,0.00585
1403637256.688377380371094,0.00180,0.00010,0.00369,0.00270,0.00301,0.00091,0.01220
1403637256.738377332687378,0.00206,0.00013,0.00006,0.00303,0.00001,0.00087,0.00618
1403637256.788377523422241,0.00195,0.00009,0.00001,0.00305,0.00003,0.00092,0.00606
1403637256.838377714157104,0.00186,0.00013,0.00006,0.00291,0.00078,0.00088,0.00660
1403637256.888377904891968,0.00195,0.00009,0.00001,0.00332,0.00009,0.00111,0.00658
1403637256.938378572463989,0.00225,0.00013,0.00000,0.00317,0.00000,0.00100,0.00655
1403637256.988378763198853,0.00176,0.00009,0.00001,0.00318,0.00139,0.00090,0.00733
1403637257.038380384445190,0.00325,0.00016,0.00350,0.00321,0.00081,0.00119,0.01211
1403637257.088381052017212,0.00277,0.00013,0.00048,0.00332,0.00000,0.00144,0.00815
1403637257.138381004333496,0.00249,0.00013,0.00003,0.00328,0.00003,0.00097,0.00694
1403637257.188380956649780,0.00221,0.00009,0.00005,0.00315,0.00003,0.00108,0.00661
1403637257.238380432128906,0.00229,0.00010,0.00012,0.00307,0.00000,0.00107,0.00664
1403637257.288380384445190,0.00225,0.00014,0.00161,0.00300,0.00284,0.00121,0.01106
1403637257.338380098342896,0.00262,0.00015,0.00036,0.00382,0.00074,0.00116,0.00885
1403637257.388379812240601,0.00276,0.00011,0.00017,0.00355,0.00003,0.00100,0.00763
1403637257.438379287719727,0.00242,0.00013,0.00007,0.00428,0.00083,0.00110,0.00883
1403637257.488379240036011,0.00223,0.00012,0.00019,0.00365,0.00007,0.00135,0.00760
1403637257.538379192352295,0.00201,0.00013,0.00001,0.00364,0.00000,0.00127,0.00706
1403637257.588378190994263,0.00214,0.00012,0.00653,0.00348,0.00282,0.00120,0.01629
1403637257.638377666473389,0.00226,0.00022,0.00357,0.00429,0.00000,0.00132,0.01165
1403637257.688377141952515,0.00231,0.00014,0.00001,0.00435,0.00000,0.00115,0.00796
1403637257.738377094268799,0.00196,0.00010,0.00020,0.00339,0.00001,0.00107,0.00673
1403637257.788377285003662,0.00232,0.00016,0.00012,0.00360,0.00004,0.00109,0.00732
1403637257.838377237319946,0.00189,0.00010,0.00004,0.00324,0.00000,0.00112,0.00639
1403637257.888377428054810,0.00226,0.00014,0.00007,0.00325,0.00080,0.00121,0.00774
1403637257.938377857208252,0.00194,0.00014,0.00009,0.00335,0.00007,0.00118,0.00677
1403637257.988378047943115,0.00313,0.00013,0.00024,0.00296,0.00003,0.00115,0.00765
1403637258.038378477096558,0.00220,0.00013,0.00071,0.00284,0.00002,0.00101,0.00691
1403637258.088378667831421,0.00217,0.00009,0.00047,0.00246,0.00080,0.00093,0.00692
1403637258.138379335403442,0.00211,0.00012,0.00016,0.00236,0.00000,0.00092,0.00568
1403637258.188380241394043,0.00201,0.00012,0.00208,0.00217,0.00659,0.00087,0.01384
1403637258.238380670547485,0.00193,0.00011,0.00188,0.00296,0.00091,0.00099,0.00878
1403637258.288381099700928,0.00293,0.00010,0.00030,0.00270,0.00000,0.00093,0.00696
1403637258.338381290435791,0.00204,0.00011,0.00005,0.00242,0.00069,0.00087,0.00618
1403637258.388381242752075,0.00237,0.00009,0.00044,0.00270,0.00001,0.00091,0.00653
1403637258.438381671905518,0.00264,0.00016,0.00026,0.00255,0.00000,0.00123,0.00683
1403637258.488382816314697,0.00337,0.00015,0.00104,0.00244,0.00000,0.00122,0.00822
1403637258.538384199142456,0.00228,0.00010,0.00120,0.00206,0.00566,0.00089,0.01218
1403637258.588384389877319,0.00240,0.00013,0.00028,0.00259,0.00035,0.00092,0.00667
1403637258.638384580612183,0.00201,0.00009,0.00015,0.00234,0.00043,0.00090,0.00592
1403637258.688384771347046,0.00211,0.00009,0.00046,0.00243,0.00073,0.00098,0.00680
1403637258.738385200500488,0.00198,0.00009,0.00016,0.00286,0.00002,0.00095,0.00607
1403637258.788385868072510,0.00185,0.00012,0.00041,0.00236,0.00092,0.00090,0.00656
1403637258.838386297225952,0.00277,0.00012,0.00218,0.00250,0.00444,0.00092,0.01292
1403637258.888386249542236,0.00234,0.00009,0.00012,0.00327,0.00001,0.00135,0.00717
1403637258.938386201858521,0.00219,0.00012,0.00013,0.00284,0.00004,0.00114,0.00646
1403637258.988386392593384,0.00196,0.00009,0.00040,0.00258,0.00002,0.00091,0.00597
1403637259.038385868072510,0.00210,0.00011,0.00348,0.00275,0.00471,0.00124,0.01439
1403637259.088386297225952,0.00243,0.00014,0.00007,0.00350,0.00002,0.00121,0.00735
1403637259.138386249542236,0.00261,0.00009,0.00092,0.00338,0.00050,0.00098,0.00847
1403637259.188386201858521,0.00223,0.00011,0.00007,0.00366,0.00000,0.00089,0.00696
1403637259.238386392593384,0.00227,0.00019,0.00012,0.00383,0.00000,0.00130,0.00771
1403637259.288386821746826,0.00217,0.00015,0.00015,0.00371,0.00002,0.00117,0.00738
1403637259.338386774063110,0.00199,0.00011,0.00075,0.00351,0.00083,0.00094,0.00813
1403637259.388386249542236,0.00195,0.00010,0.00478,0.00377,0.00000,0.00129,0.01189
1403637259.438386201858521,0.00230,0.00014,0.00222,0.00408,0.00000,0.00113,0.00987
1403637259.488386154174805,0.00268,0.00010,0.00003,0.00372,0.00000,0.00099,0.00753
1403637259.538386344909668,0.00207,0.00010,0.00005,0.00374,0.00000,0.00093,0.00689
1403637259.588386297225952,0.00220,0.00010,0.00153,0.00366,0.00010,0.00106,0.00865
1403637259.638385772705078,0.00257,0.00024,0.00276,0.00366,0.00000,0.00131,0.01054
1403637259.688385725021362,0.00233,0.00017,0.00073,0.00387,0.00000,0.00125,0.00835
1403637259.738385200500488,0.00211,0.00010,0.00114,0.00379,0.00000,0.00096,0.00811
1403637259.788385391235352,0.00229,0.00012,0.00001,0.00385,0.00000,0.00098,0.00724
1403637259.838385581970215,0.00206,0.00013,0.00008,0.00371,0.00000,0.00097,0.00695
1403637259.888385534286499,0.00205,0.00010,0.00004,0.00373,0.00003,0.00102,0.00697
1403637259.938385725021362,0.00211,0.00013,0.00001,0.00383,0.00002,0.00145,0.00755
1403637259.988385438919067,0.00228,0.00015,0.00484,0.00369,0.00039,0.00107,0.01242
1403637260.038385629653931,0.00200,0.00013,0.00455,0.00371,0.00000,0.00096,0.01135
1403637260.088385581970215,0.00221,0.00010,0.00004,0.00380,0.00000,0.00093,0.00708
1403637260.138385534286499,0.00208,0.00013,0.00006,0.00339,0.00010,0.00099,0.00675
1403637260.188385248184204,0.00209,0.00010,0.00008,0.00342,0.00000,0.00095,0.00664
1403637260.238384723663330,0.00206,0.00013,0.00182,0.00327,0.00048,0.00099,0.00875
1403637260.288384914398193,0.00197,0.00013,0.00005,0.00334,0.00003,0.00096,0.00648
1403637260.338384866714478,0.00251,0.00013,0.00001,0.00320,0.00089,0.00098,0.00772
1403637260.388384819030762,0.00214,0.00010,0.00008,0.00325,0.00004,0.00152,0.00714
1403637260.438384532928467,0.00245,0.00013,0.00040,0.00306,0.00001,0.00119,0.00725
1403637260.488384723663330,0.00200,0.00009,0.00003,0.00291,0.00004,0.00100,0.00607
1403637260.538385391235352,0.00193,0.00010,0.00039,0.00284,0.00003,0.00097,0.00625
1403637260.588385581970215,0.00196,0.00009,0.00387,0.00246,0.00367,0.00121,0.01327
1403637260.638385534286499,0.00222,0.00014,0.00412,0.00274,0.00003,0.00112,0.01037
1403637260.688385486602783,0.00308,0.00013,0.00011,0.00264,0.00013,0.00129,0.00738
1403637260.738385677337646,0.00221,0.00010,0.00009,0.00257,0.00020,0.00100,0.00617
1403637260.788385391235352,0.00238,0.00016,0.00004,0.00284,0.00154,0.00121,0.00817
1403637260.838384866714478,0.00209,0.00013,0.00165,0.00325,0.00082,0.00119,0.00913
1403637260.888384819030762,0.00221,0.00012,0.00017,0.00311,0.00005,0.00120,0.00686
1403637260.938384532928467,0.00210,0.00013,0.00006,0.00261,0.00012,0.00102,0.00604
1403637260.988384485244751,0.00237,0.00016,0.00008,0.00251,0.00016,0.00138,0.00666
1403637261.038384675979614,0.00215,0.00016,0.00046,0.00248,0.00000,0.00117,0.00642
1403637261.088385343551636,0.00229,0.00016,0.00067,0.00216,0.00014,0.00126,0.00668
1403637261.138385772705078,0.00263,0.00011,0.00049,0.00221,0.00002,0.00124,0.00671
1403637261.188385963439941,0.00194,0.00013,0.00028,0.00204,0.00196,0.00096,0.00732
1403637261.238386392593384,0.00201,0.00009,0.00586,0.00255,0.00248,0.00090,0.01390
1403637261.288386583328247,0.00198,0.00009,0.00014,0.00246,0.00064,0.00096,0.00628
1403637261.338387012481689,0.00242,0.00010,0.00014,0.00236,0.00013,0.00135,0.00650
1403637261.388387203216553,0.00222,0.00012,0.00022,0.00255,0.00013,0.00112,0.00636
1403637261.438387870788574,0.00192,0.00010,0.00008,0.00215,0.00106,0.00091,0.00622
1403637261.488387823104858,0.00180,0.00009,0.00001,0.00245,0.00014,0.00093,0.00542
1403637261.538387537002563,0.00192,0.00009,0.00021,0.00260,0.00051,0.00130,0.00664
1403637261.588387727737427,0.00217,0.00013,0.00003,0.00237,0.00009,0.00120,0.00599
1403637261.638387680053711,0.00263,0.00012,0.00016,0.00221,0.00000,0.00090,0.00603
1403637261.688389778137207,0.00204,0.00009,0.00259,0.00198,0.00178,0.00104,0.00953
1403637261.738389492034912,0.00234,0.00010,0.00006,0.00207,0.00003,0.00092,0.00552
1403637261.788388967514038,0.00189,0.00009,0.00050,0.00192,0.00003,0.00105,0.00549
1403637261.838389158248901,0.00213,0.00012,0.00279,0.00183,0.00440,0.00092,0.01219
1403637261.888389587402344,0.00215,0.00012,0.00142,0.00223,0.00197,0.00117,0.00906
1403637261.938390254974365,0.00295,0.00014,0.00047,0.00236,0.00004,0.00119,0.00715
1403637261.988391637802124,0.00206,0.00010,0.00022,0.00217,0.00009,0.00104,0.00567
1403637262.038393020629883,0.00201,0.00012,0.00013,0.00198,0.00032,0.00159,0.00615
1403637262.088395118713379,0.00265,0.00011,0.00029,0.00222,0.00041,0.00125,0.00694
1403637262.138395786285400,0.00229,0.00012,0.00049,0.00210,0.00004,0.00101,0.00606
1403637262.188395977020264,0.00234,0.00016,0.00039,0.00184,0.00000,0.00132,0.00605
1403637262.238396406173706,0.00223,0.00013,0.00096,0.00203,0.00000,0.00098,0.00634
1403637262.288395166397095,0.00256,0.00014,0.00162,0.00105,0.00192,0.00108,0.00837
1403637262.338397264480591,0.00264,0.00013,0.00162,0.00063,0.00031,0.00090,0.00623
1403637262.388392448425293,0.00287,0.00008,0.00032,0.00064,0.00049,0.00087,0.00528
1403637262.438389062881470,0.00295,0.00015,0.00035,0.00035,0.00040,0.00108,0.00528
1403637262.488389730453491,0.00284,0.00012,0.00015,0.00036,0.00036,0.00133,0.00516
1403637262.538391351699829,0.00259,0.00010,0.00008,0.00027,0.00004,0.00112,0.00420
1403637262.588391780853271,0.00232,0.00009,0.00009,0.00019,0.00009,0.00092,0.00369
1403637262.638390541076660,0.00203,0.00009,0.00009,0.00021,0.00034,0.00092,0.00368
1403637262.688389539718628,0.00238,0.00011,0.00020,0.00009,0.00048,0.00118,0.00444
1403637262.738389730453491,0.00218,0.00011,0.00002,0.00009,0.00000,0.00125,0.00365
1403637262.788390398025513,0.00182,0.00009,0.00004,0.00006,0.00009,0.00102,0.00312
1403637262.838390111923218,0.00176,0.00009,0.00001,0.00008,0.00002,0.00097,0.00293
1403637262.888390064239502,0.00261,0.00010,0.00003,0.00009,0.00045,0.00129,0.00457
1403637262.938390016555786,0.00209,0.00008,0.00002,0.00009,0.00047,0.00097,0.00374
1403637262.988390445709229,0.00161,0.00009,0.00001,0.00006,0.00097,0.00093,0.00367
1403637263.038390874862671,0.00206,0.00010,0.00001,0.00011,0.00099,0.00127,0.00454
1403637263.088390827178955,0.00184,0.00008,0.00002,0.00008,0.00083,0.00100,0.00385
1403637263.138391017913818,0.00186,0.00008,0.00000,0.00009,0.00075,0.00101,0.00379
1403637263.188390970230103,0.00191,0.00007,0.00000,0.00007,0.00002,0.00100,0.00309
1403637263.238391160964966,0.00184,0.00008,0.00001,0.00006,0.00030,0.00099,0.00327
1403637263.288391351699829,0.00176,0.00007,0.00001,0.00008,0.00006,0.00098,0.00297
1403637263.338391304016113,0.00184,0.00008,0.00000,0.00004,0.00002,0.00101,0.00300
1403637263.388391256332397,0.00492,0.00008,0.00000,0.00004,0.00002,0.00099,0.00607
1403637263.438391447067261,0.00167,0.00008,0.00003,0.00003,0.00011,0.00099,0.00292
1403637263.488391399383545,0.00187,0.00008,0.00001,0.00008,0.00059,0.00099,0.00361
1403637263.538391828536987,0.00187,0.00007,0.00001,0.00010,0.00034,0.00105,0.00344
1403637263.588391780853271,0.00167,0.00008,0.00001,0.00009,0.00050,0.00101,0.00335
1403637263.638391733169556,0.00195,0.00008,0.00001,0.00008,0.00091,0.00101,0.00405
1403637263.688391923904419,0.00187,0.00009,0.00001,0.00011,0.00060,0.00098,0.00366
1403637263.738391876220703,0.00170,0.00008,0.00000,0.00011,0.00073,0.00099,0.00362
1403637263.788392066955566,0.00186,0.00009,0.00000,0.00009,0.00002,0.00100,0.00306
1403637263.838392257690430,0.00181,0.00008,0.00000,0.00009,0.00053,0.00098,0.00350
1403637263.888392210006714,0.00197,0.00008,0.00001,0.00011,0.00011,0.00100,0.00329
1403637263.938392162322998,0.00184,0.00009,0.00000,0.00014,0.00002,0.00099,0.00310
1403637263.988392114639282,0.00186,0.00009,0.00000,0.00014,0.00003,0.00098,0.00311
1403637264.038392543792725,0.00173,0.00008,0.00000,0.00014,0.00003,0.00100,0.00297
1403637264.088392496109009,0.00184,0.00008,0.00001,0.00014,0.00014,0.00096,0.00317
1403637264.138392448425293,0.00201,0.00011,0.00001,0.00018,0.00035,0.00155,0.00421
1403637264.188392400741577,0.00207,0.00010,0.00001,0.00015,0.00080,0.00121,0.00435
1403637264.238392591476440,0.00190,0.00009,0.00001,0.00017,0.00117,0.00099,0.00433
1403637264.288392782211304,0.00178,0.00008,0.00001,0.00021,0.00055,0.00098,0.00362
1403637264.338393211364746,0.00172,0.00008,0.00001,0.00021,0.00131,0.00100,0.00432
1403637264.388393163681030,0.00206,0.00011,0.00001,0.00035,0.00003,0.00117,0.00374
1403637264.438393115997314,0.00201,0.00009,0.00001,0.00035,0.00010,0.00121,0.00377
1403637264.488393068313599,0.00186,0.00010,0.00001,0.00037,0.00007,0.00113,0.00353
1403637264.538393259048462,0.00211,0.00011,0.00003,0.00031,0.00002,0.00125,0.00383
1403637264.588393449783325,0.00212,0.00012,0.00002,0.00041,0.00004,0.00127,0.00397
1403637264.638393402099609,0.00195,0.00008,0.00001,0.00031,0.00003,0.00126,0.00364
1403637264.688393354415894,0.00201,0.00009,0.00003,0.00031,0.00015,0.00109,0.00368
1403637264.738393306732178,0.00220,0.00008,0.00001,0.00030,0.00039,0.00105,0.00402
1403637264.788393497467041,0.00225,0.00009,0.00004,0.00030,0.00037,0.00102,0.00407
1403637264.838393688201904,0.00204,0.00008,0.00001,0.00214,0.00081,0.00127,0.00634
1403637264.888393640518188,0.00220,0.00012,0.00001,0.00031,0.00059,0.00129,0.00452
1403637264.938393592834473,0.00190,0.00009,0.00001,0.00032,0.00055,0.00106,0.00393
1403637264.988393545150757,0.00183,0.00008,0.00000,0.00029,0.00002,0.00100,0.00324
1403637265.038393735885620,0.00193,0.00008,0.00001,0.00030,0.00010,0.00094,0.00334
1403637265.088393688201904,0.00220,0.00011,0.00001,0.00034,0.00009,0.00123,0.00397
1403637265.138393640518188,0.00222,0.00010,0.00001,0.00031,0.00003,0.00115,0.00381
1403637265.188393831253052,0.00193,0.00009,0.00000,0.00030,0.00002,0.00098,0.00334
1403637265.238393783569336,0.00192,0.00008,0.00000,0.00030,0.00003,0.00096,0.00330
1403637265.288393974304199,0.00183,0.00008,0.00001,0.00030,0.00046,0.00167,0.00434
1403637265.338393926620483,0.00214,0.00010,0.00006,0.00030,0.00029,0.00120,0.00409
1403637265.388393878936768,0.00174,0.00009,0.00003,0.00031,0.00035,0.00093,0.00344
1403637265.438393831253052,0.00271,0.00008,0.00006,0.00030,0.00073,0.00108,0.00496
