# timestamp (sec),tracking,propagation,msckf update,slam update,slam delayed,re-tri & marg,total
1403638130.634869337081909,0.00191,0.00008,0.00027,0.00000,0.00000,0.00123,0.00349
1403638130.693628549575806,0.00270,0.00006,0.00072,0.00000,0.00000,0.00101,0.00449
1403638130.743628501892090,0.00207,0.00008,0.00063,0.00000,0.00000,0.00083,0.00361
1403638130.791961431503296,0.00248,0.00008,0.00026,0.00000,0.00000,0.00099,0.00381
1403638130.841961383819580,0.00201,0.00007,0.00001,0.00000,0.00000,0.00098,0.00308
1403638130.891961336135864,0.00180,0.00008,0.00002,0.00000,0.00000,0.00096,0.00286
1403638130.941961288452148,0.00201,0.00009,0.00002,0.00000,0.00000,0.00097,0.00309
1403638130.991199970245361,0.00201,0.00009,0.00012,0.00000,0.00000,0.00100,0.00321
1403638131.041200160980225,0.00187,0.00008,0.00000,0.00000,0.00000,0.00137,0.00333
1403638131.091200113296509,0.00224,0.00009,0.00004,0.00000,0.00000,0.00118,0.00356
1403638131.141200065612793,0.00199,0.00008,0.00004,0.00000,0.00000,0.00100,0.00310
1403638131.191200017929077,0.00189,0.00008,0.00003,0.00000,0.00000,0.00106,0.00306
1403638131.241199970245361,0.00200,0.00008,0.00002,0.00000,0.00000,0.00101,0.00311
1403638131.291200160980225,0.00196,0.00008,0.00083,0.00000,0.00000,0.00107,0.00394
1403638131.341200113296509,0.00224,0.00010,0.00085,0.00000,0.00000,0.00129,0.00447
1403638131.391200065612793,0.00206,0.00009,0.00003,0.00000,0.00015,0.00126,0.00359
1403638131.441200017929077,0.00179,0.00010,0.00000,0.00000,0.00000,0.00107,0.00296
1403638131.491199970245361,0.00200,0.00010,0.00000,0.00000,0.00000,0.00125,0.00336
1403638131.541200160980225,0.00199,0.00008,0.00000,0.00000,0.00000,0.00104,0.00311
1403638131.591200113296509,0.00189,0.00008,0.00000,0.00000,0.00000,0.00101,0.00299
1403638131.643314838409424,0.00181,0.00007,0.00005,0.00000,0.00134,0.00100,0.00426
1403638131.693268537521362,0.00201,0.00008,0.00003,0.00008,0.00000,0.00099,0.00320
1403638131.743231534957886,0.00216,0.00011,0.00004,0.00011,0.00003,0.00128,0.00374
1403638131.793287992477417,0.00299,0.00009,0.00009,0.00006,0.00000,0.00138,0.00462
1403638131.843374729156494,0.00228,0.00008,0.00046,0.00006,0.00000,0.00104,0.00394
1403638131.893611669540405,0.00322,0.00009,0.00131,0.00005,0.00129,0.00093,0.00688
1403638131.943986892700195,0.00257,0.00008,0.00042,0.00007,0.00193,0.00093,0.00600
1403638131.993863344192505,0.00253,0.00008,0.00008,0.00015,0.00067,0.00097,0.00448
1403638132.043718814849854,0.00270,0.00008,0.00008,0.00023,0.00000,0.00100,0.00409
1403638132.093685388565063,0.00202,0.00011,0.00015,0.00023,0.00000,0.00120,0.00371
1403638132.144165992736816,0.00212,0.00009,0.00008,0.00022,0.00000,0.00110,0.00361
1403638132.195016860961914,0.00193,0.00010,0.00008,0.00022,0.00000,0.00116,0.00349
1403638132.245155811309814,0.00203,0.00010,0.00019,0.00020,0.00007,0.00114,0.00374
1403638132.295098781585693,0.00224,0.00010,0.00018,0.00020,0.00000,0.00098,0.00371
1403638132.344779729843140,0.00338,0.00011,0.00104,0.00020,0.00100,0.00113,0.00687
1403638132.394834280014038,0.00328,0.00011,0.00098,0.00026,0.00000,0.00113,0.00575
1403638132.444775342941284,0.00269,0.00009,0.00047,0.00026,0.00026,0.00095,0.00472
1403638132.494917392730713,0.00231,0.00009,0.00051,0.00018,0.00041,0.00095,0.00445
1403638132.544862270355225,0.00224,0.00009,0.00008,0.00017,0.00094,0.00096,0.00447
1403638132.594812631607056,0.00228,0.00008,0.00009,0.00020,0.00055,0.00090,0.00409
1403638132.644928216934204,0.00225,0.00008,0.00002,0.00025,0.00000,0.00098,0.00358
1403638132.695044994354248,0.00213,0.00008,0.00004,0.00026,0.00000,0.00098,0.00349
1403638132.745085477828979,0.00238,0.00011,0.00005,0.00028,0.00007,0.00112,0.00400
1403638132.795094728469849,0.00168,0.00008,0.00001,0.00025,0.00000,0.00084,0.00287
1403638132.845117092132568,0.00253,0.00011,0.00001,0.00026,0.00100,0.00118,0.00509
1403638132.895101308822632,0.00213,0.00008,0.00000,0.00042,0.00007,0.00115,0.00386
1403638132.945116996765137,0.00263,0.00010,0.00004,0.00038,0.00065,0.00125,0.00505
1403638132.995179414749146,0.00212,0.00010,0.00000,0.00043,0.00031,0.00101,0.00399
1403638133.045271158218384,0.00202,0.00011,0.00004,0.00045,0.00067,0.00115,0.00444
1403638133.095345973968506,0.00214,0.00011,0.00001,0.00049,0.00052,0.00120,0.00447
1403638133.145382165908813,0.00188,0.00012,0.00001,0.00049,0.00051,0.00115,0.00416
1403638133.195374011993408,0.00202,0.00011,0.00001,0.00049,0.00119,0.00123,0.00504
1403638133.245360851287842,0.00206,0.00013,0.00001,0.00082,0.00000,0.00106,0.00409
1403638133.295383691787720,0.00192,0.00008,0.00000,0.00063,0.00005,0.00139,0.00408
1403638133.345387220382690,0.00208,0.00010,0.00000,0.00063,0.00002,0.00098,0.00381
1403638133.395391702651978,0.00208,0.00008,0.00003,0.00063,0.00000,0.00133,0.00415
1403638133.445369720458984,0.00266,0.00011,0.00003,0.00063,0.00007,0.00118,0.00468
1403638133.495329856872559,0.00203,0.00008,0.00025,0.00060,0.00000,0.00115,0.00411
1403638133.545220136642456,0.00217,0.00009,0.00005,0.00061,0.00057,0.00096,0.00446
1403638133.595138549804688,0.00208,0.00008,0.00009,0.00064,0.00134,0.00153,0.00576
1403638133.645020246505737,0.00223,0.00013,0.00006,0.00072,0.00259,0.00137,0.00710
1403638133.695052385330200,0.00184,0.00008,0.00001,0.00108,0.00680,0.00097,0.01077
1403638133.745096921920776,0.00225,0.00012,0.00116,0.00203,0.00268,0.00115,0.00939
1403638133.795136690139771,0.00273,0.00015,0.00011,0.00234,0.00286,0.00115,0.00934
1403638133.845132589340210,0.00214,0.00009,0.00006,0.00269,0.00000,0.00143,0.00640
1403638133.895121097564697,0.00275,0.00016,0.00011,0.00275,0.00129,0.00103,0.00810
1403638133.945148944854736,0.00218,0.00015,0.00001,0.00343,0.00040,0.00120,0.00737
1403638133.995178461074829,0.00228,0.00014,0.00251,0.00298,0.00189,0.00095,0.01075
1403638134.045189142227173,0.00192,0.00015,0.00001,0.00389,0.00008,0.00119,0.00724
1403638134.095179319381714,0.00271,0.00015,0.00001,0.00380,0.00000,0.00119,0.00785
1403638134.145169019699097,0.00217,0.00013,0.00004,0.00329,0.00005,0.00099,0.00667
1403638134.195174455642700,0.00214,0.00015,0.00001,0.00330,0.00024,0.00098,0.00682
1403638134.245143890380859,0.00216,0.00012,0.00004,0.00324,0.00000,0.00104,0.00661
1403638134.295116662979126,0.00221,0.00013,0.00009,0.00324,0.00008,0.00099,0.00675
1403638134.345148324966431,0.00199,0.00012,0.00270,0.00323,0.00009,0.00098,0.00910
1403638134.395154237747192,0.00235,0.00017,0.00005,0.00328,0.00007,0.00118,0.00711
1403638134.445183992385864,0.00243,0.00016,0.00001,0.00340,0.00000,0.00140,0.00739
1403638134.495222330093384,0.00203,0.00012,0.00001,0.00328,0.00000,0.00100,0.00644
1403638134.545246839523315,0.00217,0.00012,0.00001,0.00350,0.00000,0.00118,0.00698
1403638134.595271348953247,0.00219,0.00013,0.00018,0.00334,0.00010,0.00120,0.00714
1403638134.645335674285889,0.00205,0.00012,0.00003,0.00327,0.00007,0.00099,0.00652
1403638134.695382356643677,0.00235,0.00009,0.00003,0.00323,0.00000,0.00111,0.00681
1403638134.745456457138062,0.00212,0.00013,0.00001,0.00317,0.00041,0.00098,0.00682
1403638134.795481204986572,0.00202,0.00013,0.00001,0.00330,0.00024,0.00105,0.00674
1403638134.845482826232910,0.00196,0.00010,0.00011,0.00328,0.00000,0.00107,0.00652
1403638134.895441055297852,0.00187,0.00013,0.00005,0.00369,0.00010,0.00096,0.00680
1403638134.945418834686279,0.00220,0.00019,0.00249,0.00310,0.00010,0.00121,0.00930
1403638134.995435953140259,0.00222,0.00017,0.00001,0.00329,0.00010,0.00119,0.00697
1403638135.045468330383301,0.00197,0.00012,0.00001,0.00333,0.00000,0.00133,0.00675
1403638135.095493793487549,0.00245,0.00013,0.00001,0.00319,0.00000,0.00090,0.00668
1403638135.145507335662842,0.00190,0.00012,0.00000,0.00362,0.00000,0.00089,0.00654
1403638135.195518493652344,0.00254,0.00013,0.00009,0.00317,0.00012,0.00090,0.00694
1403638135.245523691177368,0.00219,0.00012,0.00001,0.00339,0.00012,0.00110,0.00693
1403638135.295514106750488,0.00366,0.00018,0.00002,0.00504,0.00000,0.00126,0.01016
1403638135.345501899719238,0.00247,0.00014,0.00010,0.00355,0.00003,0.00133,0.00761
1403638135.395499229431152,0.00201,0.00010,0.00012,0.00323,0.00024,0.00096,0.00666
1403638135.445503234863281,0.00229,0.00013,0.00004,0.00327,0.00000,0.00093,0.00666
1403638135.495501756668091,0.00289,0.00026,0.00007,0.00340,0.00012,0.00138,0.00811
1403638135.545508623123169,0.00226,0.00017,0.00116,0.00328,0.00012,0.00108,0.00807
1403638135.595505475997925,0.00170,0.00011,0.00001,0.00323,0.00010,0.00088,0.00603
1403638135.645482301712036,0.00171,0.00009,0.00010,0.00364,0.00000,0.00084,0.00638
1403638135.695457458496094,0.00151,0.00009,0.00001,0.00381,0.00000,0.00135,0.00677
1403638135.745440244674683,0.00191,0.00011,0.00003,0.00354,0.00000,0.00119,0.00679
1403638135.795438528060913,0.00200,0.00013,0.00044,0.00324,0.00011,0.00107,0.00699
1403638135.845430612564087,0.00178,0.00009,0.00303,0.00326,0.00220,0.00085,0.01120
1403638135.895405054092407,0.00152,0.00010,0.00001,0.00378,0.00000,0.00150,0.00691
1403638135.945397853851318,0.00197,0.00014,0.00003,0.00355,0.00003,0.00104,0.00677
1403638135.995403289794922,0.00178,0.00011,0.00004,0.00398,0.00029,0.00130,0.00750
1403638136.045402526855469,0.00178,0.00011,0.00014,0.00375,0.00000,0.00102,0.00681
1403638136.095391988754272,0.00185,0.00013,0.00007,0.00354,0.00005,0.00110,0.00675
1403638136.145377635955811,0.00151,0.00011,0.00117,0.00349,0.00005,0.00088,0.00721
1403638136.195375442504883,0.00218,0.00009,0.00006,0.00352,0.00003,0.00087,0.00676
1403638136.245377063751221,0.00233,0.00020,0.00005,0.00443,0.00000,0.00133,0.00833
1403638136.295379161834717,0.00224,0.00013,0.00001,0.00403,0.00000,0.00108,0.00748
1403638136.345372200012207,0.00219,0.00011,0.00001,0.00351,0.00000,0.00084,0.00665
1403638136.395351648330688,0.00184,0.00009,0.00011,0.00374,0.00006,0.00132,0.00716
1403638136.445338726043701,0.00217,0.00012,0.00257,0.00361,0.00013,0.00121,0.00979
1403638136.495325088500977,0.00158,0.00011,0.00001,0.00361,0.00000,0.00094,0.00624
1403638136.545322179794312,0.00142,0.00009,0.00000,0.00349,0.00000,0.00078,0.00578
1403638136.595330238342285,0.00149,0.00009,0.00003,0.00353,0.00024,0.00083,0.00622
1403638136.645341396331787,0.00190,0.00009,0.00001,0.00361,0.00000,0.00085,0.00647
1403638136.695343494415283,0.00186,0.00010,0.00007,0.00367,0.00006,0.00088,0.00663
1403638136.745336294174194,0.00187,0.00010,0.00113,0.00377,0.00007,0.00128,0.00822
1403638136.795335769653320,0.00176,0.00012,0.00005,0.00359,0.00003,0.00106,0.00660
1403638136.845336675643921,0.00152,0.00011,0.00000,0.00347,0.00000,0.00081,0.00592
1403638136.895336866378784,0.00146,0.00009,0.00001,0.00353,0.00000,0.00081,0.00590
1403638136.945338010787964,0.00199,0.00009,0.00001,0.00384,0.00000,0.00126,0.00719
1403638136.995344877243042,0.00178,0.00012,0.00010,0.00354,0.00005,0.00099,0.00657
1403638137.045365810394287,0.00133,0.00011,0.00246,0.00342,0.00040,0.00081,0.00853
1403638137.095380783081055,0.00173,0.00009,0.00000,0.00320,0.00000,0.00142,0.00645
1403638137.145387172698975,0.00238,0.00012,0.00040,0.00293,0.00000,0.00096,0.00678
1403638137.195404529571533,0.00183,0.00011,0.00019,0.00268,0.00025,0.00079,0.00585
1403638137.245416879653931,0.00138,0.00009,0.00009,0.00225,0.00000,0.00076,0.00457
1403638137.295423507690430,0.00225,0.00009,0.00013,0.00202,0.00010,0.00130,0.00590
1403638137.345425367355347,0.00191,0.00012,0.00102,0.00146,0.00039,0.00101,0.00591
1403638137.395426273345947,0.00136,0.00008,0.00014,0.00149,0.00007,0.00078,0.00392
1403638137.445429325103760,0.00142,0.00008,0.00032,0.00143,0.00000,0.00078,0.00404
1403638137.495435237884521,0.00237,0.00008,0.00003,0.00131,0.00002,0.00076,0.00458
1403638137.545438289642334,0.00162,0.00016,0.00033,0.00109,0.00000,0.00082,0.00402
1403638137.595437049865723,0.00193,0.00008,0.00019,0.00062,0.00012,0.00080,0.00375
1403638137.645436048507690,0.00248,0.00008,0.00025,0.00039,0.00007,0.00078,0.00406
1403638137.695428609848022,0.00206,0.00008,0.00007,0.00039,0.00038,0.00095,0.00393
1403638137.745424747467041,0.00282,0.00008,0.00013,0.00028,0.00000,0.00078,0.00409
1403638137.795422792434692,0.00331,0.00008,0.00015,0.00020,0.00000,0.00082,0.00456
1403638137.845423460006714,0.00242,0.00008,0.00025,0.00015,0.00081,0.00152,0.00524
1403638137.895425319671631,0.00299,0.00009,0.00020,0.00014,0.00007,0.00090,0.00439
1403638137.945427656173706,0.00249,0.00012,0.00011,0.00021,0.00024,0.00071,0.00387
1403638137.995436429977417,0.00224,0.00008,0.00027,0.00011,0.00004,0.00070,0.00343
1403638138.045441389083862,0.00193,0.00008,0.00006,0.00012,0.00018,0.00073,0.00310
1403638138.095445394515991,0.00188,0.00011,0.00011,0.00017,0.00000,0.00078,0.00307
1403638138.145446777343750,0.00154,0.00007,0.00003,0.00012,0.00035,0.00077,0.00289
1403638138.195441961288452,0.00203,0.00008,0.00004,0.00015,0.00213,0.00078,0.00521
1403638138.245440006256104,0.00160,0.00008,0.00002,0.00034,0.00030,0.00081,0.00315
1403638138.295437335968018,0.00130,0.00008,0.00002,0.00038,0.00110,0.00120,0.00409
1403638138.345444440841675,0.00213,0.00009,0.00003,0.00053,0.00000,0.00099,0.00378
1403638138.395447969436646,0.00128,0.00008,0.00003,0.00053,0.00121,0.00084,0.00397
1403638138.445441722869873,0.00142,0.00008,0.00003,0.00075,0.00195,0.00086,0.00510
1403638138.495434999465942,0.00145,0.00008,0.00001,0.00103,0.00075,0.00085,0.00416
1403638138.545428276062012,0.00124,0.00008,0.00028,0.00105,0.00117,0.00080,0.00462
1403638138.595424890518188,0.00150,0.00009,0.00001,0.00120,0.00107,0.00081,0.00469
1403638138.645422458648682,0.00121,0.00009,0.00028,0.00129,0.00059,0.00108,0.00453
1403638138.695422410964966,0.00116,0.00009,0.00001,0.00131,0.00002,0.00082,0.00342
1403638138.745421171188354,0.00132,0.00009,0.00007,0.00129,0.00029,0.00085,0.00392
1403638138.795424938201904,0.00134,0.00009,0.00001,0.00165,0.00007,0.00083,0.00399
1403638138.845423936843872,0.00126,0.00009,0.00001,0.00130,0.00002,0.00081,0.00349
1403638138.895420074462891,0.00125,0.00009,0.00001,0.00132,0.00016,0.00081,0.00364
1403638138.945423126220703,0.00146,0.00009,0.00001,0.00129,0.00000,0.00086,0.00371
1403638138.995422124862671,0.00139,0.00012,0.00003,0.00151,0.00000,0.00136,0.00441
1403638139.045423507690430,0.00158,0.00017,0.00001,0.00160,0.00012,0.00102,0.00451
1403638139.095422744750977,0.00130,0.00009,0.00001,0.00131,0.00012,0.00085,0.00369
1403638139.145423412322998,0.00146,0.00009,0.00006,0.00133,0.00024,0.00080,0.00398
1403638139.195422649383545,0.00157,0.00009,0.00001,0.00160,0.00047,0.00264,0.00637
1403638139.245421648025513,0.00156,0.00011,0.00028,0.00134,0.00058,0.00101,0.00489
1403638139.295421838760376,0.00120,0.00012,0.00001,0.00139,0.00004,0.00113,0.00388
1403638139.345421314239502,0.00137,0.00009,0.00006,0.00131,0.00030,0.00081,0.00395
1403638139.395420312881470,0.00126,0.00009,0.00001,0.00175,0.00006,0.00084,0.00400
1403638139.445420265197754,0.00135,0.00009,0.00001,0.00129,0.00002,0.00080,0.00356
1403638139.495419502258301,0.00113,0.00009,0.00001,0.00129,0.00015,0.00084,0.00350
1403638139.545419216156006,0.00143,0.00009,0.00001,0.00133,0.00000,0.00085,0.00371
1403638139.595419168472290,0.00114,0.00011,0.00001,0.00131,0.00000,0.00082,0.00338
1403638139.645418643951416,0.00132,0.00009,0.00001,0.00139,0.00014,0.00089,0.00383
1403638139.695418357849121,0.00132,0.00009,0.00001,0.00131,0.00013,0.00080,0.00366
1403638139.745418071746826,0.00144,0.00017,0.00007,0.00142,0.00025,0.00131,0.00467
1403638139.795417785644531,0.00167,0.00012,0.00001,0.00134,0.00042,0.00108,0.00464
1403638139.845417022705078,0.00138,0.00009,0.00029,0.00131,0.00061,0.00092,0.00459
1403638139.895416021347046,0.00124,0.00009,0.00001,0.00129,0.00002,0.00098,0.00363
1403638139.945415496826172,0.00156,0.00017,0.00007,0.00137,0.00032,0.00128,0.00477
1403638139.995414733886719,0.00159,0.00013,0.00001,0.00136,0.00007,0.00105,0.00421
1403638140.045414209365845,0.00116,0.00009,0.00001,0.00132,0.00002,0.00087,0.00348
1403638140.095413684844971,0.00128,0.00009,0.00001,0.00134,0.00016,0.00086,0.00373
1403638140.145412921905518,0.00135,0.00009,0.00001,0.00133,0.00000,0.00086,0.00363
1403638140.195412158966064,0.00136,0.00009,0.00001,0.00130,0.00000,0.00086,0.00362
1403638140.245411634445190,0.00142,0.00009,0.00001,0.00129,0.00014,0.00081,0.00375
1403638140.295411109924316,0.00132,0.00012,0.00001,0.00132,0.00012,0.00086,0.00375
1403638140.345410346984863,0.00138,0.00009,0.00005,0.00133,0.00028,0.00117,0.00431
1403638140.395409584045410,0.00126,0.00009,0.00001,0.00130,0.00041,0.00084,0.00390
1403638140.445408821105957,0.00119,0.00009,0.00027,0.00129,0.00060,0.00089,0.00433
1403638140.495408535003662,0.00133,0.00011,0.00001,0.00131,0.00002,0.00087,0.00365
1403638140.545408010482788,0.00129,0.00009,0.00006,0.00129,0.00030,0.00085,0.00390
1403638140.595407247543335,0.00179,0.00009,0.00001,0.00129,0.00006,0.00084,0.00409
1403638140.645406484603882,0.00111,0.00009,0.00001,0.00128,0.00002,0.00085,0.00337
1403638140.695405244827271,0.00117,0.00009,0.00001,0.00129,0.00015,0.00082,0.00353
1403638140.745404243469238,0.00119,0.00009,0.00001,0.00128,0.00000,0.00083,0.00339
1403638140.795403480529785,0.00116,0.00009,0.00001,0.00133,0.00000,0.00082,0.00341
1403638140.845402479171753,0.00133,0.00009,0.00001,0.00128,0.00012,0.00081,0.00364
1403638140.895401477813721,0.00152,0.00008,0.00001,0.00129,0.00017,0.00119,0.00427
1403638140.945400714874268,0.00161,0.00013,0.00007,0.00151,0.00030,0.00114,0.00477
1403638140.995399713516235,0.00129,0.00009,0.00001,0.00128,0.00040,0.00081,0.00388
1403638141.045399188995361,0.00123,0.00009,0.00027,0.00130,0.00059,0.00083,0.00431
1403638141.095398664474487,0.00112,0.00009,0.00001,0.00132,0.00003,0.00080,0.00338
1403638141.145397901535034,0.00149,0.00009,0.00006,0.00131,0.00029,0.00083,0.00407
1403638141.195397138595581,0.00123,0.00009,0.00001,0.00129,0.00007,0.00091,0.00360
1403638141.245396375656128,0.00144,0.00008,0.00001,0.00128,0.00002,0.00082,0.00366
1403638141.295395851135254,0.00151,0.00009,0.00001,0.00129,0.00015,0.00084,0.00388
1403638141.345395088195801,0.00146,0.00008,0.00001,0.00129,0.00000,0.00079,0.00363
1403638141.395394325256348,0.00122,0.00009,0.00001,0.00132,0.00000,0.00085,0.00348
1403638141.445393562316895,0.00143,0.00008,0.00001,0.00133,0.00012,0.00088,0.00385
1403638141.495392799377441,0.00162,0.00008,0.00001,0.00129,0.00013,0.00090,0.00404
1403638141.545392274856567,0.00141,0.00009,0.00005,0.00129,0.00023,0.00086,0.00392
1403638141.595391511917114,0.00218,0.00016,0.00001,0.00187,0.00045,0.00130,0.00598
1403638141.645390510559082,0.00162,0.00011,0.00029,0.00134,0.00061,0.00107,0.00505
1403638141.695389986038208,0.00131,0.00009,0.00001,0.00131,0.00002,0.00084,0.00359
1403638141.745389223098755,0.00120,0.00008,0.00006,0.00129,0.00030,0.00085,0.00379
1403638141.795388936996460,0.00156,0.00008,0.00001,0.00136,0.00007,0.00080,0.00388
1403638141.845388174057007,0.00113,0.00008,0.00001,0.00135,0.00002,0.00087,0.00346
1403638141.895387649536133,0.00115,0.00008,0.00001,0.00130,0.00016,0.00081,0.00351
1403638141.945388078689575,0.00123,0.00009,0.00001,0.00128,0.00000,0.00083,0.00344
1403638141.995388031005859,0.00126,0.00009,0.00001,0.00128,0.00000,0.00081,0.00345
1403638142.045387029647827,0.00164,0.00009,0.00001,0.00130,0.00012,0.00087,0.00403
1403638142.095384836196899,0.00160,0.00009,0.00001,0.00130,0.00013,0.00082,0.00395
1403638142.145382404327393,0.00129,0.00009,0.00005,0.00184,0.00028,0.00133,0.00487
1403638142.195377588272095,0.00149,0.00011,0.00001,0.00134,0.00041,0.00103,0.00439
1403638142.245375633239746,0.00140,0.00009,0.00028,0.00153,0.00075,0.00085,0.00491
1403638142.295370101928711,0.00116,0.00009,0.00001,0.00130,0.00002,0.00084,0.00342
1403638142.345369338989258,0.00149,0.00009,0.00006,0.00129,0.00031,0.00081,0.00405
1403638142.395380735397339,0.00148,0.00009,0.00001,0.00129,0.00007,0.00082,0.00375
1403638142.445379257202148,0.00125,0.00009,0.00001,0.00129,0.00003,0.00081,0.00347
1403638142.495374917984009,0.00130,0.00009,0.00001,0.00136,0.00017,0.00093,0.00386
1403638142.545375108718872,0.00150,0.00009,0.00001,0.00129,0.00000,0.00127,0.00416
1403638142.595376968383789,0.00149,0.00016,0.00001,0.00129,0.00000,0.00103,0.00399
1403638142.645378112792969,0.00137,0.00009,0.00001,0.00129,0.00017,0.00117,0.00409
1403638142.695378065109253,0.00123,0.00009,0.00001,0.00129,0.00013,0.00082,0.00357
1403638142.745374679565430,0.00229,0.00013,0.00006,0.00179,0.00035,0.00127,0.00590
1403638142.795376777648926,0.00164,0.00011,0.00001,0.00142,0.00042,0.00119,0.00479
1403638142.845379829406738,0.00157,0.00009,0.00028,0.00132,0.00060,0.00086,0.00473
1403638142.895380735397339,0.00226,0.00012,0.00001,0.00135,0.00003,0.00132,0.00509
1403638142.945382833480835,0.00200,0.00012,0.00006,0.00135,0.00031,0.00114,0.00499
1403638142.995389938354492,0.00179,0.00009,0.00001,0.00140,0.00006,0.00094,0.00430
1403638143.045388221740723,0.00214,0.00012,0.00004,0.00137,0.00002,0.00123,0.00492
1403638143.095386743545532,0.00183,0.00011,0.00001,0.00136,0.00016,0.00117,0.00465
1403638143.145384550094604,0.00160,0.00009,0.00001,0.00184,0.00000,0.00128,0.00482
1403638143.195386171340942,0.00155,0.00009,0.00001,0.00129,0.00000,0.00084,0.00379
1403638143.245386838912964,0.00128,0.00008,0.00001,0.00136,0.00013,0.00094,0.00379
1403638143.295387744903564,0.00164,0.00009,0.00001,0.00133,0.00017,0.00091,0.00415
1403638143.345388412475586,0.00183,0.00009,0.00005,0.00133,0.00025,0.00099,0.00453
1403638143.395388841629028,0.00264,0.00017,0.00001,0.00156,0.00040,0.00131,0.00610
1403638143.445389032363892,0.00209,0.00011,0.00042,0.00132,0.00065,0.00109,0.00569
1403638143.495389461517334,0.00215,0.00011,0.00001,0.00135,0.00002,0.00125,0.00489
1403638143.545390844345093,0.00190,0.00009,0.00006,0.00133,0.00030,0.00095,0.00463
1403638143.595389604568481,0.00197,0.00011,0.00001,0.00132,0.00008,0.00097,0.00446
1403638143.645388841629028,0.00183,0.00009,0.00001,0.00131,0.00022,0.00092,0.00438
1403638143.695390224456787,0.00245,0.00012,0.00001,0.00135,0.00016,0.00130,0.00540
1403638143.745390176773071,0.00199,0.00009,0.00001,0.00132,0.00000,0.00095,0.00435
1403638143.795390129089355,0.00183,0.00009,0.00001,0.00128,0.00000,0.00100,0.00421
1403638143.845390558242798,0.00187,0.00009,0.00001,0.00128,0.00025,0.00126,0.00476
1403638143.895392179489136,0.00201,0.00009,0.00001,0.00128,0.00012,0.00099,0.00449
1403638143.945392370223999,0.00189,0.00009,0.00005,0.00128,0.00024,0.00095,0.00449
1403638143.995392084121704,0.00195,0.00008,0.00001,0.00128,0.00043,0.00097,0.00472
1403638144.045392036437988,0.00276,0.00011,0.00043,0.00136,0.00061,0.00124,0.00653
1403638144.095392227172852,0.00195,0.00009,0.00001,0.00133,0.00003,0.00095,0.00435
1403638144.145392417907715,0.00226,0.00011,0.00006,0.00164,0.00052,0.00125,0.00585
1403638144.195392370223999,0.00208,0.00009,0.00001,0.00130,0.00006,0.00103,0.00456
1403638144.245392084121704,0.00218,0.00012,0.00001,0.00137,0.00025,0.00124,0.00517
1403638144.295392751693726,0.00209,0.00015,0.00001,0.00135,0.00016,0.00125,0.00502
1403638144.345392704010010,0.00203,0.00009,0.00001,0.00131,0.00000,0.00098,0.00442
1403638144.395392656326294,0.00189,0.00009,0.00001,0.00128,0.00000,0.00093,0.00420
1403638144.445392608642578,0.00200,0.00010,0.00001,0.00129,0.00012,0.00096,0.00448
1403638144.495392322540283,0.00212,0.00015,0.00001,0.00139,0.00013,0.00129,0.00508
1403638144.545392513275146,0.00183,0.00011,0.00005,0.00133,0.00025,0.00097,0.00453
1403638144.595392465591431,0.00195,0.00009,0.00001,0.00132,0.00042,0.00100,0.00479
1403638144.645392656326294,0.00228,0.00014,0.00041,0.00132,0.00059,0.00120,0.00594
1403638144.695392131805420,0.00223,0.00013,0.00001,0.00169,0.00003,0.00099,0.00508
1403638144.745391607284546,0.00240,0.00013,0.00008,0.00132,0.00033,0.00094,0.00520
1403638144.795391559600830,0.00230,0.00012,0.00001,0.00141,0.00007,0.00144,0.00536
1403638144.845392465591431,0.00228,0.00014,0.00001,0.00168,0.00044,0.00105,0.00559
1403638144.895393133163452,0.00204,0.00011,0.00001,0.00134,0.00016,0.00121,0.00488
1403638144.945393085479736,0.00190,0.00009,0.00001,0.00128,0.00000,0.00090,0.00418
1403638144.995392560958862,0.00166,0.00009,0.00001,0.00131,0.00000,0.00091,0.00397
1403638145.045392513275146,0.00153,0.00009,0.00001,0.00130,0.00012,0.00091,0.00396
1403638145.095392227172852,0.00219,0.00017,0.00002,0.00141,0.00014,0.00124,0.00517
1403638145.145392179489136,0.00209,0.00009,0.00005,0.00135,0.00024,0.00101,0.00484
1403638145.195391654968262,0.00184,0.00009,0.00001,0.00131,0.00042,0.00098,0.00464
1403638145.245393037796021,0.00186,0.00009,0.00042,0.00130,0.00061,0.00106,0.00535
1403638145.295392751693726,0.00196,0.00012,0.00001,0.00136,0.00003,0.00122,0.00469
1403638145.345392942428589,0.00163,0.00009,0.00006,0.00128,0.00031,0.00095,0.00431
1403638145.395392179489136,0.00179,0.00015,0.00001,0.00162,0.00011,0.00105,0.00473
1403638145.445392847061157,0.00140,0.00009,0.00001,0.00128,0.00024,0.00086,0.00387
1403638145.495393037796021,0.00127,0.00009,0.00001,0.00127,0.00016,0.00082,0.00361
1403638145.545392990112305,0.00245,0.00016,0.00001,0.00137,0.00000,0.00130,0.00530
1403638145.595392704010010,0.00194,0.00016,0.00001,0.00162,0.00000,0.00121,0.00493
1403638145.645392417907715,0.00205,0.00011,0.00001,0.00136,0.00013,0.00124,0.00490
1403638145.695391416549683,0.00185,0.00009,0.00001,0.00138,0.00015,0.00101,0.00449
1403638145.745390653610229,0.00185,0.00009,0.00005,0.00132,0.00026,0.00105,0.00462
1403638145.795391559600830,0.00178,0.00009,0.00001,0.00131,0.00050,0.00139,0.00508
1403638145.845391511917114,0.00216,0.00011,0.00042,0.00130,0.00060,0.00125,0.00584
1403638145.895391225814819,0.00212,0.00009,0.00001,0.00133,0.00003,0.00101,0.00458
1403638145.945390462875366,0.00177,0.00009,0.00006,0.00133,0.00029,0.00100,0.00454
1403638145.995390415191650,0.00185,0.00009,0.00001,0.00131,0.00007,0.00111,0.00444
1403638146.045389890670776,0.00176,0.00009,0.00001,0.00138,0.00022,0.00107,0.00453
1403638146.095389842987061,0.00174,0.00009,0.00001,0.00132,0.00015,0.00099,0.00429
1403638146.145389556884766,0.00204,0.00012,0.00001,0.00135,0.00000,0.00121,0.00473
1403638146.195390224456787,0.00213,0.00011,0.00001,0.00161,0.00000,0.00131,0.00517
1403638146.245389461517334,0.00174,0.00009,0.00001,0.00130,0.00013,0.00103,0.00429
1403638146.295387744903564,0.00174,0.00009,0.00001,0.00130,0.00012,0.00095,0.00421
1403638146.345389366149902,0.00182,0.00009,0.00005,0.00130,0.00024,0.00104,0.00454
1403638146.395390748977661,0.00222,0.00012,0.00001,0.00137,0.00043,0.00121,0.00536
1403638146.445389509201050,0.00167,0.00010,0.00043,0.00128,0.00059,0.00106,0.00512
1403638146.495388031005859,0.00215,0.00015,0.00001,0.00183,0.00004,0.00127,0.00546
1403638146.545388698577881,0.00151,0.00009,0.00006,0.00131,0.00034,0.00105,0.00436
1403638146.595388889312744,0.00222,0.00011,0.00001,0.00137,0.00007,0.00125,0.00503
1403638146.645383119583130,0.00176,0.00009,0.00001,0.00176,0.00024,0.00108,0.00494
1403638146.695386648178101,0.00176,0.00017,0.00001,0.00137,0.00018,0.00124,0.00473
1403638146.745380878448486,0.00185,0.00015,0.00001,0.00134,0.00000,0.00097,0.00433
1403638146.795387983322144,0.00149,0.00009,0.00001,0.00127,0.00000,0.00083,0.00368
1403638146.845377445220947,0.00201,0.00011,0.00001,0.00137,0.00013,0.00125,0.00487
1403638146.895378351211548,0.00182,0.00009,0.00001,0.00134,0.00013,0.00101,0.00441
1403638146.945385694503784,0.00248,0.00009,0.00026,0.00132,0.00025,0.00187,0.00627
1403638146.995386362075806,0.00213,0.00018,0.00001,0.00157,0.00040,0.00116,0.00546
1403638147.045391798019409,0.00182,0.00012,0.00041,0.00129,0.00060,0.00098,0.00522
1403638147.095382690429688,0.00183,0.00012,0.00001,0.00107,0.00002,0.00098,0.00403
1403638147.145389795303345,0.00190,0.00011,0.00006,0.00108,0.00030,0.00103,0.00448
1403638147.195394992828369,0.00194,0.00017,0.00024,0.00111,0.00008,0.00120,0.00475
1403638147.245391368865967,0.00203,0.00014,0.00005,0.00118,0.00024,0.00121,0.00486
1403638147.295395135879517,0.00172,0.00013,0.00001,0.00116,0.00015,0.00104,0.00421
1403638147.345396995544434,0.00188,0.00009,0.00001,0.00114,0.00000,0.00134,0.00447
1403638147.395396232604980,0.00197,0.00009,0.00001,0.00135,0.00000,0.00120,0.00463
1403638147.445395946502686,0.00199,0.00008,0.00001,0.00115,0.00012,0.00098,0.00434
1403638147.495396137237549,0.00177,0.00008,0.00001,0.00115,0.00014,0.00098,0.00413
1403638147.545396566390991,0.00194,0.00009,0.00001,0.00116,0.00028,0.00102,0.00448
1403638147.595394372940063,0.00211,0.00015,0.00001,0.00122,0.00042,0.00114,0.00505
1403638147.645393610000610,0.00221,0.00014,0.00029,0.00105,0.00083,0.00104,0.00556
1403638147.695390224456787,0.00211,0.00013,0.00005,0.00097,0.00003,0.00128,0.00457
1403638147.745392322540283,0.00203,0.00009,0.00003,0.00104,0.00034,0.00102,0.00454
1403638147.795400381088257,0.00204,0.00008,0.00002,0.00111,0.00021,0.00129,0.00476
1403638147.845406770706177,0.00220,0.00008,0.00001,0.00105,0.00081,0.00096,0.00512
1403638147.895408391952515,0.00250,0.00015,0.00036,0.00088,0.00059,0.00124,0.00573
1403638147.945403814315796,0.00295,0.00015,0.00057,0.00066,0.00000,0.00109,0.00542
1403638147.995406150817871,0.00295,0.00012,0.00056,0.00037,0.00000,0.00095,0.00495
1403638148.045402526855469,0.00440,0.00013,0.00039,0.00031,0.00010,0.00084,0.00617
1403638148.095400094985962,0.00340,0.00008,0.00034,0.00016,0.00007,0.00083,0.00489
1403638148.145398616790771,0.00279,0.00008,0.00030,0.00013,0.00014,0.00086,0.00430
1403638148.195398092269897,0.00320,0.00012,0.00013,0.00016,0.00006,0.00089,0.00456
1403638148.245398283004761,0.00331,0.00008,0.00014,0.00009,0.00005,0.00087,0.00454
1403638148.295397758483887,0.00262,0.00008,0.00013,0.00011,0.00000,0.00087,0.00381
1403638148.345395565032959,0.00305,0.00011,0.00027,0.00009,0.00000,0.00118,0.00471
1403638148.395391941070557,0.00254,0.00010,0.00029,0.00009,0.00003,0.00107,0.00413
1403638148.445394754409790,0.00238,0.00009,0.00002,0.00009,0.00056,0.00091,0.00406
1403638148.495391368865967,0.00209,0.00008,0.00007,0.00010,0.00018,0.00115,0.00367
1403638148.545390605926514,0.00240,0.00011,0.00010,0.00011,0.00010,0.00111,0.00393
1403638148.595388889312744,0.00239,0.00010,0.00010,0.00010,0.00006,0.00139,0.00415
1403638148.645388126373291,0.00193,0.00010,0.00004,0.00011,0.00018,0.00113,0.00350
1403638148.695384263992310,0.00184,0.00008,0.00000,0.00011,0.00014,0.00132,0.00349
1403638148.745382308959961,0.00229,0.00009,0.00001,0.00011,0.00021,0.00096,0.00367
1403638148.795380115509033,0.00175,0.00008,0.00000,0.00010,0.00029,0.00094,0.00317
1403638148.845378398895264,0.00198,0.00008,0.00011,0.00010,0.00010,0.00135,0.00373
1403638148.895371913909912,0.00234,0.00010,0.00011,0.00010,0.00031,0.00117,0.00414
1403638148.945372819900513,0.00229,0.00009,0.00016,0.00011,0.00015,0.00099,0.00379
1403638148.995376586914062,0.00190,0.00008,0.00007,0.00011,0.00014,0.00097,0.00326
1403638149.045407533645630,0.00235,0.00008,0.00001,0.00011,0.00096,0.00098,0.00450
1403638149.095425605773926,0.00200,0.00008,0.00004,0.00012,0.00132,0.00133,0.00490
1403638149.145425081253052,0.00226,0.00012,0.00012,0.00019,0.00003,0.00103,0.00374
1403638149.195425271987915,0.00209,0.00011,0.00006,0.00016,0.00007,0.00122,0.00371
1403638149.245423078536987,0.00191,0.00008,0.00002,0.00015,0.00019,0.00098,0.00332
1403638149.295425415039062,0.00193,0.00008,0.00002,0.00015,0.00285,0.00102,0.00606
1403638149.345417261123657,0.00201,0.00012,0.00001,0.00036,0.00024,0.00116,0.00389
1403638149.395414352416992,0.00213,0.00012,0.00001,0.00114,0.00024,0.00125,0.00489
1403638149.445412635803223,0.00195,0.00009,0.00005,0.00026,0.00011,0.00097,0.00344
1403638149.495406389236450,0.00182,0.00008,0.00000,0.00028,0.00072,0.00109,0.00399
1403638149.545402765274048,0.00180,0.00008,0.00025,0.00030,0.00003,0.00098,0.00344
1403638149.595374584197998,0.00184,0.00013,0.00025,0.00050,0.00435,0.00095,0.00802
1403638149.645365476608276,0.00194,0.00009,0.00001,0.00081,0.00088,0.00101,0.00474
1403638149.695359945297241,0.00215,0.00015,0.00002,0.00093,0.00018,0.00091,0.00433
1403638149.745351552963257,0.00202,0.00008,0.00002,0.00094,0.00009,0.00098,0.00414
1403638149.795343637466431,0.00209,0.00014,0.00001,0.00108,0.00114,0.00110,0.00557
1403638149.845341205596924,0.00272,0.00012,0.00006,0.00116,0.00018,0.00118,0.00542
1403638149.895340204238892,0.00242,0.00009,0.00004,0.00113,0.00101,0.00104,0.00573
1403638149.945337772369385,0.00244,0.00009,0.00003,0.00140,0.00019,0.00097,0.00511
1403638149.995338678359985,0.00186,0.00009,0.00001,0.00154,0.00039,0.00099,0.00488
1403638150.045338392257690,0.00187,0.00009,0.00003,0.00136,0.00012,0.00098,0.00444
1403638150.095337390899658,0.00183,0.00009,0.00001,0.00134,0.00016,0.00096,0.00438
1403638150.145338058471680,0.00205,0.00008,0.00003,0.00139,0.00004,0.00103,0.00462
1403638150.195338726043701,0.00207,0.00009,0.00003,0.00130,0.00015,0.00150,0.00514
1403638150.245333433151245,0.00221,0.00010,0.00001,0.00134,0.00008,0.00110,0.00483
1403638150.295336484909058,0.00205,0.00008,0.00003,0.00130,0.00018,0.00096,0.00460
1403638150.345338821411133,0.00193,0.00008,0.00001,0.00128,0.00003,0.00098,0.00431
1403638150.395349025726318,0.00194,0.00008,0.00003,0.00129,0.00083,0.00097,0.00515
1403638150.445345401763916,0.00210,0.00008,0.00002,0.00154,0.00026,0.00121,0.00521
1403638150.495334863662720,0.00206,0.00010,0.00001,0.00136,0.00020,0.00092,0.00465
1403638150.545326948165894,0.00206,0.00014,0.00001,0.00188,0.00028,0.00091,0.00527
1403638150.595323562622070,0.00198,0.00013,0.00007,0.00116,0.00010,0.00115,0.00459
1403638150.645318031311035,0.00267,0.00011,0.00007,0.00100,0.00013,0.00099,0.00497
1403638150.695307731628418,0.00208,0.00012,0.00007,0.00119,0.00010,0.00101,0.00458
1403638150.745306015014648,0.00232,0.00014,0.00009,0.00101,0.00055,0.00125,0.00535
1403638150.795300006866455,0.00229,0.00013,0.00001,0.00110,0.00066,0.00115,0.00534
1403638150.845290184020996,0.00244,0.00011,0.00005,0.00110,0.00007,0.00101,0.00477
1403638150.895283937454224,0.00201,0.00009,0.00008,0.00113,0.00015,0.00100,0.00446
1403638150.945284128189087,0.00195,0.00008,0.00008,0.00108,0.00005,0.00097,0.00421
1403638150.995278835296631,0.00191,0.00009,0.00004,0.00109,0.00085,0.00144,0.00541
1403638151.045285701751709,0.00201,0.00009,0.00005,0.00112,0.00091,0.00095,0.00514
1403638151.095285654067993,0.00201,0.00014,0.00019,0.00117,0.00117,0.00112,0.00579
1403638151.145288705825806,0.00292,0.00012,0.00009,0.00142,0.00068,0.00094,0.00616
1403638151.195287704467773,0.00225,0.00013,0.00042,0.00154,0.00837,0.00119,0.01390
1403638151.245274543762207,0.00215,0.00013,0.00001,0.00303,0.00153,0.00098,0.00783
1403638151.295277833938599,0.00220,0.00011,0.00003,0.00246,0.00038,0.00113,0.00631
1403638151.345274925231934,0.00223,0.00017,0.00016,0.00248,0.00065,0.00122,0.00691
1403638151.395275115966797,0.00218,0.00015,0.00015,0.00225,0.00006,0.00116,0.00594
1403638151.445275545120239,0.00195,0.00012,0.00013,0.00237,0.00020,0.00119,0.00596
1403638151.495276927947998,0.00182,0.00015,0.00009,0.00264,0.00006,0.00110,0.00587
1403638151.545280933380127,0.00219,0.00015,0.00013,0.00207,0.00003,0.00114,0.00571
1403638151.595275640487671,0.00220,0.00018,0.00005,0.00226,0.00016,0.00101,0.00587
1403638151.645276069641113,0.00216,0.00016,0.00064,0.00172,0.00008,0.00115,0.00591
1403638151.695286273956299,0.00216,0.00015,0.00194,0.00173,0.00038,0.00111,0.00747
1403638151.745280981063843,0.00189,0.00008,0.00028,0.00175,0.00124,0.00102,0.00627
1403638151.795272350311279,0.00187,0.00009,0.00006,0.00181,0.00162,0.00119,0.00664
1403638151.845268964767456,0.00200,0.00013,0.00004,0.00231,0.00022,0.00100,0.00570
1403638151.895267963409424,0.00216,0.00012,0.00001,0.00196,0.00003,0.00094,0.00523
1403638151.945266485214233,0.00210,0.00012,0.00001,0.00197,0.00004,0.00093,0.00515
1403638151.995266199111938,0.00207,0.00012,0.00017,0.00200,0.00066,0.00094,0.00596
1403638152.045268058776855,0.00194,0.00010,0.00004,0.00207,0.00019,0.00091,0.00524
1403638152.095268249511719,0.00180,0.00013,0.00027,0.00205,0.00006,0.00098,0.00530
1403638152.145269870758057,0.00204,0.00011,0.00001,0.00198,0.00762,0.00089,0.01264
1403638152.195267438888550,0.00194,0.00014,0.00005,0.00353,0.00091,0.00088,0.00745
1403638152.245267391204834,0.00191,0.00012,0.00002,0.00314,0.00142,0.00088,0.00750
1403638152.295266389846802,0.00191,0.00012,0.00453,0.00386,0.00142,0.00095,0.01280
1403638152.345268726348877,0.00193,0.00012,0.00198,0.00368,0.00000,0.00094,0.00865
1403638152.395270109176636,0.00215,0.00013,0.00027,0.00338,0.00000,0.00091,0.00683
1403638152.445272922515869,0.00201,0.00013,0.00008,0.00333,0.00022,0.00137,0.00714
1403638152.495273351669312,0.00240,0.00017,0.00001,0.00312,0.00003,0.00095,0.00668
1403638152.545271873474121,0.00220,0.00015,0.00001,0.00347,0.00038,0.00112,0.00732
1403638152.595271587371826,0.00209,0.00010,0.00003,0.00308,0.00003,0.00097,0.00630
1403638152.645269393920898,0.00230,0.00011,0.00001,0.00332,0.00018,0.00091,0.00683
1403638152.695262670516968,0.00224,0.00009,0.00001,0.00297,0.00083,0.00098,0.00711
1403638152.745248317718506,0.00229,0.00013,0.00008,0.00254,0.00004,0.00092,0.00601
1403638152.795232295989990,0.00213,0.00011,0.00004,0.00250,0.00015,0.00099,0.00593
1403638152.845218420028687,0.00227,0.00011,0.00004,0.00233,0.00042,0.00147,0.00664
1403638152.895200252532959,0.00254,0.00013,0.00258,0.00210,0.00426,0.00108,0.01268
1403638152.945198059082031,0.00226,0.00015,0.00248,0.00211,0.00145,0.00097,0.00942
1403638152.995196580886841,0.00309,0.00012,0.00014,0.00225,0.00016,0.00091,0.00667
1403638153.045196056365967,0.00217,0.00011,0.00004,0.00207,0.00016,0.00097,0.00552
1403638153.095196485519409,0.00197,0.00011,0.00001,0.00188,0.00003,0.00100,0.00498
1403638153.145198345184326,0.00192,0.00012,0.00009,0.00226,0.00000,0.00090,0.00529
1403638153.195199728012085,0.00197,0.00012,0.00004,0.00186,0.00004,0.00092,0.00496
1403638153.245204448699951,0.00195,0.00011,0.00001,0.00229,0.00049,0.00164,0.00649
1403638153.295207500457764,0.00226,0.00013,0.00027,0.00183,0.00003,0.00111,0.00562
1403638153.345203161239624,0.00206,0.00015,0.00047,0.00223,0.00061,0.00118,0.00670
1403638153.395204305648804,0.00239,0.00013,0.00009,0.00173,0.00069,0.00094,0.00596
1403638153.445219516754150,0.00256,0.00011,0.00036,0.00198,0.00290,0.00089,0.00880
1403638153.495225667953491,0.00211,0.00014,0.00011,0.00196,0.00261,0.00116,0.00809
1403638153.545229196548462,0.00219,0.00015,0.00511,0.00197,0.00393,0.00123,0.01458
1403638153.595235109329224,0.00293,0.00021,0.00005,0.00280,0.00015,0.00121,0.00734
1403638153.645239591598511,0.00206,0.00014,0.00010,0.00252,0.00026,0.00096,0.00605
1403638153.695243835449219,0.00193,0.00020,0.00005,0.00245,0.00000,0.00089,0.00552
1403638153.745249986648560,0.00200,0.00013,0.00001,0.00236,0.00000,0.00097,0.00546
1403638153.795249700546265,0.00193,0.00020,0.00050,0.00213,0.00070,0.00093,0.00639
1403638153.845255851745605,0.00191,0.00012,0.00008,0.00211,0.00141,0.00092,0.00654
1403638153.895258188247681,0.00203,0.00012,0.00074,0.00216,0.00003,0.00092,0.00600
1403638153.945254802703857,0.00220,0.00012,0.00011,0.00218,0.00449,0.00092,0.01003
1403638153.995253324508667,0.00212,0.00010,0.00010,0.00265,0.00012,0.00098,0.00607
1403638154.045252323150635,0.00197,0.00013,0.00007,0.00275,0.00000,0.00089,0.00579
1403638154.095253229141235,0.00210,0.00013,0.00093,0.00230,0.00108,0.00093,0.00747
1403638154.145255088806152,0.00241,0.00009,0.00263,0.00246,0.00213,0.00090,0.01062
1403638154.195254564285278,0.00211,0.00016,0.00001,0.00287,0.00000,0.00115,0.00631
1403638154.245254993438721,0.00243,0.00016,0.00055,0.00232,0.00014,0.00112,0.00673
1403638154.295254707336426,0.00186,0.00017,0.00016,0.00224,0.00000,0.00135,0.00577
1403638154.345253229141235,0.00256,0.00014,0.00029,0.00218,0.00008,0.00122,0.00646
1403638154.395250558853149,0.00197,0.00009,0.00006,0.00213,0.00003,0.00103,0.00532
1403638154.445251703262329,0.00181,0.00012,0.00012,0.00209,0.00044,0.00095,0.00551
1403638154.495255470275879,0.00207,0.00012,0.00010,0.00232,0.00337,0.00123,0.00921
1403638154.545260667800903,0.00221,0.00015,0.00001,0.00285,0.00070,0.00124,0.00715
1403638154.595266819000244,0.00192,0.00012,0.00005,0.00257,0.00012,0.00106,0.00585
1403638154.645279645919800,0.00203,0.00013,0.00029,0.00278,0.00003,0.00092,0.00617
1403638154.695278406143188,0.00191,0.00011,0.00196,0.00234,0.00545,0.00091,0.01268
1403638154.745275735855103,0.00194,0.00009,0.00242,0.00306,0.00017,0.00092,0.00860
1403638154.795268535614014,0.00210,0.00010,0.00011,0.00328,0.00000,0.00093,0.00652
1403638154.845263957977295,0.00267,0.00014,0.00005,0.00311,0.00002,0.00096,0.00695
1403638154.895258426666260,0.00250,0.00019,0.00246,0.00273,0.00329,0.00116,0.01233
1403638154.945248126983643,0.00226,0.00018,0.00003,0.00373,0.00003,0.00092,0.00715
1403638154.995233297348022,0.00220,0.00018,0.00005,0.00342,0.00041,0.00129,0.00755
1403638155.045220375061035,0.00203,0.00013,0.00009,0.00346,0.00009,0.00099,0.00679
1403638155.095212221145630,0.00194,0.00012,0.00010,0.00331,0.00145,0.00094,0.00787
1403638155.145198345184326,0.00221,0.00011,0.00008,0.00316,0.00000,0.00094,0.00651
1403638155.195192337036133,0.00247,0.00015,0.00020,0.00270,0.00006,0.00090,0.00647
1403638155.245186805725098,0.00191,0.00009,0.00013,0.00242,0.00068,0.00092,0.00615
1403638155.295186758041382,0.00245,0.00009,0.00043,0.00255,0.00201,0.00092,0.00845
1403638155.345188617706299,0.00206,0.00010,0.00089,0.00264,0.00413,0.00090,0.01072
1403638155.395191431045532,0.00214,0.00013,0.00361,0.00341,0.00014,0.00092,0.01035
1403638155.445192813873291,0.00249,0.00019,0.00001,0.00375,0.00006,0.00135,0.00785
1403638155.495193958282471,0.00245,0.00017,0.00154,0.00298,0.00143,0.00113,0.00972
1403638155.545197963714600,0.00194,0.00013,0.00021,0.00317,0.00037,0.00097,0.00678
1403638155.595196485519409,0.00220,0.00018,0.00023,0.00270,0.00068,0.00126,0.00725
1403638155.645193815231323,0.00218,0.00015,0.00011,0.00248,0.00000,0.00124,0.00616
1403638155.695192813873291,0.00188,0.00012,0.00007,0.00209,0.00185,0.00094,0.00695
1403638155.745190382003784,0.00203,0.00012,0.00004,0.00218,0.00000,0.00110,0.00547
1403638155.795191049575806,0.00252,0.00014,0.00095,0.00163,0.00000,0.00097,0.00621
1403638155.845193147659302,0.00211,0.00012,0.00145,0.00156,0.00211,0.00093,0.00828
1403638155.895207166671753,0.00187,0.00011,0.00075,0.00187,0.00119,0.00094,0.00673
1403638155.945214748382568,0.00177,0.00012,0.00103,0.00214,0.00337,0.00116,0.00959
1403638155.995223760604858,0.00265,0.00011,0.00122,0.00198,0.00489,0.00102,0.01188
1403638156.045226335525513,0.00209,0.00009,0.00007,0.00270,0.00000,0.00090,0.00586
1403638156.095226526260376,0.00216,0.00014,0.00020,0.00218,0.00000,0.00116,0.00584
1403638156.145226240158081,0.00219,0.00012,0.00016,0.00265,0.00002,0.00126,0.00640
1403638156.195222854614258,0.00193,0.00012,0.00006,0.00180,0.00002,0.00099,0.00493
1403638156.245223045349121,0.00204,0.00012,0.00001,0.00159,0.00000,0.00092,0.00468
1403638156.295220851898193,0.00254,0.00009,0.00036,0.00159,0.00001,0.00100,0.00560
1403638156.345237016677856,0.00213,0.00008,0.00008,0.00167,0.00433,0.00093,0.00923
1403638156.395238399505615,0.00214,0.00012,0.00054,0.00200,0.00000,0.00091,0.00570
1403638156.445248126983643,0.00203,0.00009,0.00006,0.00198,0.00292,0.00136,0.00844
1403638156.495246171951294,0.00253,0.00014,0.00053,0.00221,0.00000,0.00115,0.00657
1403638156.545246362686157,0.00206,0.00012,0.00354,0.00211,0.00464,0.00097,0.01344
1403638156.595246791839600,0.00190,0.00009,0.00005,0.00315,0.00080,0.00125,0.00724
1403638156.645247697830200,0.00223,0.00015,0.00001,0.00343,0.00000,0.00113,0.00695
1403638156.695248842239380,0.00224,0.00016,0.00001,0.00324,0.00000,0.00111,0.00676
1403638156.745248794555664,0.00187,0.00009,0.00001,0.00309,0.00072,0.00096,0.00673
1403638156.795249700546265,0.00196,0.00010,0.00085,0.00324,0.00000,0.00093,0.00708
1403638156.845250129699707,0.00198,0.00014,0.00424,0.00298,0.00010,0.00092,0.01035
1403638156.895250320434570,0.00189,0.00010,0.00001,0.00308,0.00013,0.00098,0.00619
1403638156.945250749588013,0.00192,0.00011,0.00009,0.00309,0.00010,0.00084,0.00615
1403638156.995252370834351,0.00239,0.00010,0.00010,0.00293,0.00000,0.00102,0.00654
1403638157.045254230499268,0.00201,0.00012,0.00006,0.00292,0.00015,0.00101,0.00627
1403638157.095254659652710,0.00201,0.00013,0.00037,0.00298,0.00000,0.00123,0.00672
1403638157.145258903503418,0.00209,0.00011,0.00242,0.00274,0.00154,0.00090,0.00981
1403638157.195261240005493,0.00223,0.00013,0.00024,0.00290,0.00004,0.00106,0.00660
1403638157.245264530181885,0.00200,0.00010,0.00001,0.00284,0.00000,0.00093,0.00588
1403638157.295264005661011,0.00223,0.00009,0.00001,0.00273,0.00000,0.00089,0.00596
1403638157.345263242721558,0.00184,0.00009,0.00005,0.00260,0.00000,0.00101,0.00559
1403638157.395261526107788,0.00207,0.00009,0.00050,0.00252,0.00000,0.00090,0.00608
1403638157.445261240005493,0.00256,0.00017,0.00227,0.00226,0.00451,0.00110,0.01287
1403638157.495258092880249,0.00227,0.00015,0.00027,0.00305,0.00014,0.00119,0.00707
1403638157.545253038406372,0.00207,0.00014,0.00309,0.00271,0.00270,0.00100,0.01171
1403638157.595250129699707,0.00219,0.00019,0.00035,0.00310,0.00000,0.00119,0.00703
1403638157.645243167877197,0.00235,0.00015,0.00078,0.00283,0.00013,0.00112,0.00736
1403638157.695238828659058,0.00215,0.00012,0.00021,0.00260,0.00000,0.00100,0.00608
1403638157.745236158370972,0.00193,0.00012,0.00002,0.00243,0.00087,0.00109,0.00647
1403638157.795236587524414,0.00235,0.00013,0.00006,0.00235,0.00011,0.00098,0.00599
1403638157.845232725143433,0.00191,0.00012,0.00107,0.00234,0.00000,0.00091,0.00634
1403638157.895230293273926,0.00248,0.00012,0.00081,0.00230,0.00000,0.00107,0.00678
1403638157.945229053497314,0.00211,0.00009,0.00011,0.00230,0.00000,0.00096,0.00558
1403638157.995230436325073,0.00204,0.00009,0.00010,0.00213,0.00339,0.00098,0.00873
1403638158.045235633850098,0.00197,0.00012,0.00006,0.00261,0.00346,0.00095,0.00916
1403638158.095239400863647,0.00222,0.00018,0.00011,0.00288,0.00008,0.00115,0.00663
1403638158.145247936248779,0.00230,0.00015,0.00314,0.00239,0.00079,0.00119,0.00997
1403638158.195251941680908,0.00196,0.00018,0.00015,0.00236,0.00001,0.00114,0.00580
1403638158.245252132415771,0.00229,0.00014,0.00016,0.00232,0.00140,0.00181,0.00812
1403638158.295254468917847,0.00185,0.00015,0.00008,0.00254,0.00001,0.00093,0.00558
1403638158.345256567001343,0.00216,0.00016,0.00007,0.00237,0.00134,0.00111,0.00720
1403638158.395257472991943,0.00177,0.00012,0.00003,0.00257,0.00003,0.00094,0.00547
1403638158.445253849029541,0.00208,0.00016,0.00382,0.00265,0.00323,0.00109,0.01302
1403638158.495251655578613,0.00208,0.00018,0.00001,0.00325,0.00000,0.00112,0.00663
1403638158.545250892639160,0.00310,0.00012,0.00002,0.00302,0.00000,0.00105,0.00731
1403638158.595249414443970,0.00212,0.00013,0.00002,0.00283,0.00015,0.00095,0.00621
1403638158.645249843597412,0.00208,0.00010,0.00004,0.00283,0.00005,0.00092,0.00603
1403638158.695251226425171,0.00213,0.00012,0.00002,0.00274,0.00000,0.00099,0.00601
1403638158.745251417160034,0.00212,0.00012,0.00066,0.00264,0.00291,0.00104,0.00949
1403638158.795249223709106,0.00216,0.00018,0.00012,0.00306,0.00112,0.00127,0.00792
1403638158.845252037048340,0.00229,0.00015,0.00077,0.00303,0.00080,0.00107,0.00812
1403638158.895249128341675,0.00211,0.00013,0.00032,0.00311,0.00012,0.00098,0.00676
1403638158.945253849029541,0.00210,0.00016,0.00048,0.00296,0.00002,0.00114,0.00686
1403638158.995255947113037,0.00243,0.00017,0.00097,0.00297,0.00003,0.00185,0.00842
1403638159.045260906219482,0.00204,0.00015,0.00142,0.00299,0.00422,0.00109,0.01190
1403638159.095256567001343,0.00195,0.00017,0.00567,0.00369,0.00000,0.00141,0.01290
1403638159.145254135131836,0.00218,0.00015,0.00013,0.00346,0.00000,0.00103,0.00695
1403638159.195251941680908,0.00197,0.00013,0.00009,0.00342,0.00005,0.00093,0.00660
1403638159.245249509811401,0.00185,0.00011,0.00004,0.00328,0.00148,0.00090,0.00766
1403638159.295245409011841,0.00249,0.00013,0.00001,0.00375,0.00038,0.00091,0.00766
1403638159.345246553421021,0.00237,0.00012,0.00168,0.00337,0.00071,0.00092,0.00916
1403638159.395248174667358,0.00229,0.00018,0.00024,0.00337,0.00000,0.00090,0.00699
1403638159.445243120193481,0.00186,0.00012,0.00198,0.00295,0.00138,0.00093,0.00923
1403638159.495242834091187,0.00202,0.00012,0.00055,0.00309,0.00008,0.00094,0.00679
1403638159.545236825942993,0.00193,0.00011,0.00132,0.00282,0.00000,0.00123,0.00742
1403638159.595228910446167,0.00254,0.00015,0.00165,0.00247,0.00003,0.00125,0.00808
1403638159.645224094390869,0.00203,0.00013,0.00084,0.00224,0.00123,0.00096,0.00743
1403638159.695229291915894,0.00218,0.00017,0.00042,0.00221,0.00191,0.00105,0.00792
1403638159.745240449905396,0.00207,0.00015,0.00008,0.00221,0.00002,0.00114,0.00566
1403638159.795249223709106,0.00238,0.00012,0.00011,0.00265,0.00080,0.00098,0.00704
1403638159.845251798629761,0.00273,0.00011,0.00046,0.00192,0.00000,0.00126,0.00650
1403638159.895261526107788,0.00228,0.00013,0.00033,0.00193,0.00791,0.00104,0.01362
1403638159.945264101028442,0.00210,0.00013,0.00013,0.00295,0.00218,0.00087,0.00837
1403638159.995260715484619,0.00201,0.00010,0.00005,0.00374,0.00001,0.00128,0.00720
1403638160.045265674591064,0.00253,0.00016,0.00042,0.00281,0.00143,0.00103,0.00838
1403638160.095262527465820,0.00199,0.00010,0.00022,0.00314,0.00006,0.00095,0.00647
1403638160.145231485366821,0.00191,0.00011,0.00396,0.00297,0.00350,0.00155,0.01400
1403638160.195223093032837,0.00218,0.00013,0.00001,0.00336,0.00075,0.00104,0.00747
1403638160.245214223861694,0.00233,0.00012,0.00046,0.00338,0.00010,0.00095,0.00735
1403638160.295207023620605,0.00297,0.00017,0.00019,0.00334,0.00002,0.00134,0.00803
1403638160.345197439193726,0.00226,0.00017,0.00015,0.00303,0.00021,0.00123,0.00705
1403638160.395181179046631,0.00199,0.00016,0.00499,0.00244,0.00271,0.00087,0.01316
1403638160.445160150527954,0.00172,0.00011,0.00007,0.00297,0.00003,0.00143,0.00633
1403638160.495137214660645,0.00197,0.00013,0.00011,0.00260,0.00091,0.00104,0.00675
1403638160.545126914978027,0.00178,0.00011,0.00005,0.00267,0.00067,0.00086,0.00615
1403638160.595108747482300,0.00183,0.00011,0.00022,0.00286,0.00036,0.00124,0.00663
1403638160.645101547241211,0.00219,0.00013,0.00001,0.00280,0.00074,0.00097,0.00683
1403638160.695089101791382,0.00236,0.00012,0.00026,0.00281,0.00035,0.00089,0.00678
1403638160.745089292526245,0.00244,0.00010,0.00183,0.00274,0.00347,0.00086,0.01145
1403638160.795075893402100,0.00256,0.00019,0.00098,0.00350,0.00010,0.00126,0.00860
1403638160.845069646835327,0.00238,0.00016,0.00476,0.00369,0.00149,0.00103,0.01351
1403638160.895067691802979,0.00206,0.00013,0.00035,0.00391,0.00086,0.00134,0.00864
1403638160.945065021514893,0.00220,0.00016,0.00034,0.00285,0.00013,0.00107,0.00676
1403638160.995070219039917,0.00209,0.00013,0.00252,0.00260,0.00219,0.00092,0.01045
1403638161.045070409774780,0.00243,0.00019,0.00045,0.00281,0.00080,0.00122,0.00791
1403638161.095067739486694,0.00245,0.00015,0.00006,0.00289,0.00095,0.00106,0.00756
1403638161.145059823989868,0.00192,0.00012,0.00036,0.00256,0.00070,0.00090,0.00656
1403638161.195048570632935,0.00191,0.00012,0.00015,0.00238,0.00002,0.00089,0.00546
1403638161.245035171508789,0.00193,0.00014,0.00038,0.00217,0.00009,0.00088,0.00560
1403638161.295030593872070,0.00194,0.00010,0.00026,0.00206,0.00002,0.00090,0.00528
1403638161.345033884048462,0.00193,0.00012,0.00195,0.00191,0.00653,0.00088,0.01332
1403638161.395026683807373,0.00185,0.00009,0.00004,0.00321,0.00003,0.00083,0.00606
1403638161.445023059844971,0.00271,0.00013,0.00115,0.00298,0.00110,0.00091,0.00899
1403638161.495013713836670,0.00212,0.00012,0.00160,0.00309,0.00072,0.00095,0.00861
1403638161.545016050338745,0.00211,0.00013,0.00001,0.00297,0.00013,0.00094,0.00629
1403638161.595020294189453,0.00220,0.00013,0.00229,0.00265,0.00218,0.00131,0.01076
1403638161.645027160644531,0.00256,0.00015,0.00035,0.00308,0.00037,0.00153,0.00804
1403638161.695036411285400,0.00236,0.00014,0.00010,0.00295,0.00082,0.00092,0.00729
1403638161.745047092437744,0.00227,0.00017,0.00001,0.00308,0.00000,0.00096,0.00650
1403638161.795055150985718,0.00220,0.00015,0.00001,0.00317,0.00000,0.00119,0.00672
1403638161.845064640045166,0.00207,0.00019,0.00004,0.00311,0.00014,0.00116,0.00671
1403638161.895070314407349,0.00242,0.00016,0.00059,0.00303,0.00069,0.00120,0.00809
1403638161.945075273513794,0.00204,0.00017,0.00063,0.00308,0.00345,0.00106,0.01044
1403638161.995085716247559,0.00230,0.00014,0.00782,0.00334,0.00071,0.00109,0.01540
1403638162.045087575912476,0.00215,0.00014,0.00020,0.00369,0.00218,0.00097,0.00933
1403638162.095088243484497,0.00184,0.00011,0.00003,0.00372,0.00002,0.00088,0.00661
1403638162.145087480545044,0.00193,0.00020,0.00001,0.00431,0.00026,0.00132,0.00803
1403638162.195086956024170,0.00221,0.00013,0.00132,0.00348,0.00073,0.00115,0.00902
1403638162.245086431503296,0.00202,0.00013,0.00080,0.00349,0.00015,0.00094,0.00752
1403638162.295086383819580,0.00239,0.00018,0.00023,0.00348,0.00117,0.00114,0.00858
1403638162.345086812973022,0.00223,0.00016,0.00007,0.00363,0.00002,0.00104,0.00715
1403638162.395083665847778,0.00194,0.00014,0.00001,0.00363,0.00000,0.00095,0.00667
1403638162.445083379745483,0.00185,0.00012,0.00026,0.00308,0.00000,0.00093,0.00624
1403638162.495081424713135,0.00209,0.00020,0.00001,0.00312,0.00000,0.00110,0.00652
1403638162.545082569122314,0.00225,0.00019,0.00009,0.00287,0.00014,0.00122,0.00676
1403638162.595077037811279,0.00198,0.00012,0.00639,0.00277,0.00428,0.00096,0.01649
1403638162.645077943801880,0.00227,0.00012,0.00017,0.00344,0.00000,0.00092,0.00692
1403638162.695080995559692,0.00191,0.00015,0.00029,0.00290,0.00002,0.00092,0.00618
1403638162.745080709457397,0.00194,0.00013,0.00010,0.00294,0.00010,0.00113,0.00633
1403638162.795080900192261,0.00227,0.00016,0.00004,0.00270,0.00177,0.00105,0.00799
1403638162.845081806182861,0.00217,0.00018,0.00003,0.00301,0.00144,0.00116,0.00800
1403638162.895080804824829,0.00189,0.00014,0.00006,0.00297,0.00038,0.00097,0.00642
1403638162.945078849792480,0.00216,0.00013,0.00026,0.00271,0.00068,0.00087,0.00681
1403638162.995076656341553,0.00197,0.00013,0.00042,0.00272,0.00001,0.00091,0.00615
1403638163.045076370239258,0.00207,0.00012,0.00001,0.00272,0.00000,0.00091,0.00583
1403638163.095075368881226,0.00186,0.00012,0.00169,0.00249,0.00196,0.00088,0.00901
1403638163.145072698593140,0.00220,0.00013,0.00004,0.00260,0.00080,0.00098,0.00675
1403638163.195067405700684,0.00201,0.00013,0.00528,0.00247,0.00404,0.00098,0.01492
1403638163.245065689086914,0.00230,0.00019,0.00012,0.00316,0.00001,0.00119,0.00697
1403638163.295066833496094,0.00233,0.00015,0.00016,0.00254,0.00078,0.00106,0.00702
1403638163.345064640045166,0.00189,0.00012,0.00031,0.00300,0.00000,0.00092,0.00626
1403638163.395063877105713,0.00188,0.00012,0.00008,0.00254,0.00079,0.00103,0.00644
1403638163.445058822631836,0.00195,0.00014,0.00044,0.00258,0.00000,0.00094,0.00605
1403638163.495057821273804,0.00180,0.00011,0.00031,0.00251,0.00069,0.00092,0.00635
1403638163.545048236846924,0.00253,0.00013,0.00010,0.00243,0.00465,0.00091,0.01075
1403638163.595046281814575,0.00247,0.00013,0.00023,0.00348,0.00071,0.00097,0.00799
1403638163.645043611526489,0.00227,0.00013,0.00103,0.00429,0.00000,0.00092,0.00864
1403638163.695047140121460,0.00208,0.00012,0.00287,0.00283,0.00144,0.00097,0.01030
1403638163.745048761367798,0.00219,0.00018,0.00019,0.00293,0.00016,0.00121,0.00685
1403638163.795053958892822,0.00217,0.00013,0.00245,0.00255,0.00496,0.00086,0.01312
1403638163.845057010650635,0.00169,0.00010,0.00006,0.00349,0.00036,0.00080,0.00652
1403638163.895058870315552,0.00220,0.00010,0.00003,0.00348,0.00075,0.00077,0.00733
1403638163.945062637329102,0.00239,0.00020,0.00051,0.00355,0.00000,0.00118,0.00784
1403638163.995066404342651,0.00254,0.00017,0.00030,0.00331,0.00088,0.00104,0.00826
1403638164.045068025588989,0.00229,0.00015,0.00050,0.00362,0.00002,0.00086,0.00745
1403638164.095068931579590,0.00221,0.00016,0.00280,0.00293,0.00141,0.00118,0.01069
1403638164.145072221755981,0.00211,0.00013,0.00301,0.00291,0.00157,0.00126,0.01099
1403638164.195072412490845,0.00237,0.00014,0.00043,0.00302,0.00010,0.00110,0.00715
1403638164.245072603225708,0.00190,0.00013,0.00043,0.00306,0.00001,0.00157,0.00711
1403638164.295074224472046,0.00205,0.00013,0.00255,0.00286,0.00228,0.00111,0.01098
1403638164.345073938369751,0.00248,0.00013,0.00022,0.00356,0.00099,0.00117,0.00854
1403638164.395073890686035,0.00259,0.00014,0.00177,0.00258,0.00075,0.00112,0.00896
1403638164.445072174072266,0.00245,0.00013,0.00279,0.00259,0.00220,0.00114,0.01130
1403638164.495072841644287,0.00211,0.00015,0.00049,0.00266,0.00013,0.00109,0.00663
1403638164.545073270797729,0.00192,0.00012,0.00030,0.00257,0.00000,0.00093,0.00584
1403638164.595074892044067,0.00260,0.00012,0.00014,0.00249,0.00037,0.00095,0.00667
1403638164.645074367523193,0.00222,0.00019,0.00038,0.00228,0.00090,0.00097,0.00694
1403638164.695070505142212,0.00211,0.00013,0.00016,0.00241,0.00251,0.00128,0.00860
1403638164.745066642761230,0.00220,0.00014,0.00087,0.00283,0.00077,0.00094,0.00776
1403638164.795065641403198,0.00199,0.00012,0.00024,0.00270,0.00000,0.00097,0.00603
1403638164.845066070556641,0.00231,0.00010,0.00015,0.00258,0.00070,0.00095,0.00679
1403638164.895067691802979,0.00203,0.00009,0.00390,0.00236,0.00320,0.00098,0.01257
1403638164.945066928863525,0.00207,0.00014,0.00037,0.00246,0.00079,0.00090,0.00673
1403638164.995074033737183,0.00192,0.00012,0.00068,0.00239,0.00151,0.00090,0.00752
1403638165.045077800750732,0.00189,0.00014,0.00039,0.00280,0.00335,0.00111,0.00967
1403638165.095078229904175,0.00262,0.00015,0.00015,0.00257,0.00047,0.00116,0.00712
1403638165.145081758499146,0.00238,0.00013,0.00273,0.00237,0.00248,0.00093,0.01100
1403638165.195084333419800,0.00263,0.00018,0.00043,0.00271,0.00131,0.00116,0.00842
1403638165.245089769363403,0.00276,0.00014,0.00020,0.00236,0.00068,0.00149,0.00765
1403638165.295091629028320,0.00256,0.00013,0.00023,0.00237,0.00073,0.00098,0.00699
1403638165.345091581344604,0.00225,0.00012,0.00150,0.00191,0.00177,0.00094,0.00850
1403638165.395089387893677,0.00198,0.00011,0.00030,0.00183,0.00384,0.00089,0.00895
1403638165.445088386535645,0.00208,0.00013,0.00160,0.00216,0.00000,0.00095,0.00694
1403638165.495084762573242,0.00239,0.00010,0.00032,0.00201,0.00407,0.00097,0.00985
1403638165.545083522796631,0.00231,0.00011,0.00057,0.00265,0.00013,0.00089,0.00666
1403638165.595079183578491,0.00243,0.00013,0.00006,0.00224,0.00035,0.00092,0.00614
1403638165.645069122314453,0.00225,0.00014,0.00169,0.00240,0.00355,0.00118,0.01121
1403638165.695067405700684,0.00244,0.00012,0.00025,0.00227,0.00100,0.00089,0.00697
1403638165.745070934295654,0.00203,0.00011,0.00025,0.00222,0.00198,0.00089,0.00749
1403638165.795073986053467,0.00271,0.00011,0.00024,0.00251,0.00000,0.00095,0.00652
1403638165.845081090927124,0.00297,0.00018,0.00220,0.00239,0.00635,0.00115,0.01525
1403638165.895080327987671,0.00191,0.00013,0.00038,0.00291,0.00037,0.00101,0.00671
1403638165.945076942443848,0.00237,0.00018,0.00096,0.00274,0.00081,0.00119,0.00824
1403638165.995077610015869,0.00243,0.00017,0.00034,0.00265,0.00041,0.00130,0.00730
1403638166.045084714889526,0.00252,0.00014,0.00241,0.00207,0.00257,0.00106,0.01078
1403638166.095084667205811,0.00235,0.00013,0.00024,0.00251,0.00050,0.00095,0.00668
1403638166.145092487335205,0.00227,0.00017,0.00196,0.00226,0.00216,0.00109,0.00991
1403638166.195096254348755,0.00225,0.00016,0.00026,0.00270,0.00000,0.00112,0.00649
1403638166.245104551315308,0.00254,0.00013,0.00022,0.00274,0.00215,0.00095,0.00874
1403638166.295108079910278,0.00361,0.00019,0.00021,0.00257,0.00000,0.00109,0.00766
1403638166.345095157623291,0.00239,0.00017,0.00369,0.00220,0.00228,0.00119,0.01192
1403638166.395094394683838,0.00210,0.00012,0.00007,0.00248,0.00017,0.00096,0.00590
1403638166.445096731185913,0.00213,0.00017,0.00064,0.00259,0.00216,0.00149,0.00919
1403638166.495098114013672,0.00219,0.00012,0.00064,0.00262,0.00000,0.00126,0.00684
1403638166.545104265213013,0.00208,0.00013,0.00158,0.00225,0.00047,0.00097,0.00747
1403638166.595100879669189,0.00272,0.00018,0.00072,0.00240,0.00342,0.00119,0.01063
1403638166.645099401473999,0.00196,0.00013,0.00039,0.00335,0.00171,0.00084,0.00838
1403638166.695094585418701,0.00259,0.00017,0.00023,0.00302,0.00000,0.00120,0.00722
1403638166.745091915130615,0.00263,0.00017,0.00088,0.00264,0.00221,0.00110,0.00962
1403638166.795086622238159,0.00220,0.00013,0.00371,0.00272,0.00212,0.00098,0.01185
1403638166.845081090927124,0.00259,0.00016,0.00012,0.00304,0.00057,0.00113,0.00761
1403638166.895077943801880,0.00185,0.00011,0.00044,0.00342,0.00000,0.00105,0.00686
1403638166.945069789886475,0.00213,0.00011,0.00132,0.00278,0.00333,0.00093,0.01059
1403638166.995070695877075,0.00218,0.00019,0.00022,0.00296,0.00000,0.00115,0.00671
1403638167.045069694519043,0.00227,0.00014,0.00081,0.00261,0.00044,0.00110,0.00737
1403638167.095071554183960,0.00277,0.00013,0.00004,0.00260,0.00052,0.00094,0.00700
1403638167.145069837570190,0.00223,0.00013,0.00216,0.00286,0.00113,0.00101,0.00952
1403638167.195070743560791,0.00225,0.00019,0.00087,0.00296,0.00038,0.00118,0.00783
1403638167.245055913925171,0.00240,0.00014,0.00321,0.00277,0.00110,0.00114,0.01077
1403638167.295055389404297,0.00201,0.00013,0.00082,0.00247,0.00002,0.00093,0.00637
1403638167.345057964324951,0.00215,0.00018,0.00027,0.00216,0.00149,0.00124,0.00748
1403638167.395062208175659,0.00265,0.00017,0.00369,0.00186,0.00345,0.00112,0.01294
1403638167.445060968399048,0.00234,0.00013,0.00038,0.00199,0.00077,0.00093,0.00654
1403638167.495063066482544,0.00227,0.00019,0.00013,0.00217,0.00000,0.00092,0.00567
1403638167.545064926147461,0.00233,0.00012,0.00086,0.00169,0.00113,0.00088,0.00701
1403638167.595065832138062,0.00234,0.00011,0.00085,0.00171,0.00015,0.00095,0.00611
1403638167.645066976547241,0.00235,0.00012,0.00076,0.00142,0.00253,0.00092,0.00811
1403638167.695070505142212,0.00221,0.00014,0.00086,0.00165,0.00015,0.00093,0.00595
1403638167.745074033737183,0.00234,0.00013,0.00056,0.00171,0.00044,0.00094,0.00613
1403638167.795078039169312,0.00187,0.00011,0.00060,0.00184,0.00021,0.00097,0.00561
1403638167.845088243484497,0.00265,0.00012,0.00016,0.00128,0.00207,0.00087,0.00715
1403638167.895091533660889,0.00205,0.00010,0.00048,0.00135,0.00038,0.00091,0.00528
1403638167.945099592208862,0.00211,0.00011,0.00021,0.00144,0.00344,0.00089,0.00821
1403638167.995099782943726,0.00189,0.00010,0.00012,0.00172,0.00293,0.00084,0.00759
1403638168.045098781585693,0.00237,0.00011,0.00013,0.00205,0.00258,0.00086,0.00811
1403638168.095099449157715,0.00194,0.00014,0.00047,0.00199,0.00034,0.00089,0.00578
1403638168.145099878311157,0.00237,0.00012,0.00065,0.00185,0.00177,0.00091,0.00766
1403638168.195101499557495,0.00273,0.00011,0.00100,0.00195,0.00374,0.00092,0.01046
1403638168.245102882385254,0.00222,0.00012,0.00097,0.00224,0.00000,0.00090,0.00645
1403638168.295103549957275,0.00239,0.00013,0.00053,0.00207,0.00075,0.00092,0.00677
1403638168.345104217529297,0.00221,0.00012,0.00056,0.00173,0.00080,0.00091,0.00632
1403638168.395104169845581,0.00261,0.00012,0.00038,0.00154,0.00149,0.00098,0.00713
1403638168.445103168487549,0.00216,0.00012,0.00173,0.00152,0.00002,0.00094,0.00648
1403638168.495101928710938,0.00239,0.00016,0.00032,0.00138,0.00021,0.00125,0.00571
1403638168.545099735260010,0.00213,0.00014,0.00017,0.00129,0.00089,0.00107,0.00570
1403638168.595096111297607,0.00253,0.00018,0.00114,0.00128,0.00252,0.00129,0.00895
1403638168.645096302032471,0.00277,0.00013,0.00043,0.00121,0.00007,0.00116,0.00578
1403638168.695094108581543,0.00229,0.00009,0.00088,0.00120,0.00281,0.00095,0.00822
1403638168.745100021362305,0.00234,0.00012,0.00053,0.00156,0.00427,0.00120,0.01002
1403638168.795100927352905,0.00242,0.00020,0.00026,0.00230,0.00091,0.00103,0.00711
1403638168.845106601715088,0.00244,0.00012,0.00344,0.00244,0.00016,0.00097,0.00956
1403638168.895110845565796,0.00208,0.00015,0.00035,0.00261,0.00036,0.00089,0.00645
1403638168.945116043090820,0.00194,0.00013,0.00546,0.00205,0.00107,0.00093,0.01158
1403638168.995119810104370,0.00237,0.00017,0.00060,0.00196,0.00013,0.00125,0.00648
1403638169.045124769210815,0.00300,0.00014,0.00018,0.00183,0.00000,0.00160,0.00675
1403638169.095126152038574,0.00255,0.00014,0.00015,0.00196,0.00015,0.00126,0.00621
1403638169.145126342773438,0.00245,0.00012,0.00016,0.00165,0.00053,0.00127,0.00618
1403638169.195127010345459,0.00240,0.00012,0.00061,0.00157,0.00181,0.00100,0.00750
1403638169.245126724243164,0.00219,0.00013,0.00013,0.00147,0.00000,0.00104,0.00497
1403638169.295129537582397,0.00227,0.00012,0.00030,0.00143,0.00000,0.00095,0.00507
1403638169.345132350921631,0.00219,0.00016,0.00016,0.00152,0.00146,0.00108,0.00658
1403638169.395135164260864,0.00204,0.00009,0.00001,0.00158,0.00359,0.00085,0.00816
1403638169.445127248764038,0.00288,0.00015,0.00178,0.00191,0.00370,0.00117,0.01159
1403638169.495124340057373,0.00297,0.00015,0.00056,0.00224,0.00002,0.00124,0.00718
1403638169.545126914978027,0.00205,0.00013,0.00152,0.00187,0.00396,0.00085,0.01039
1403638169.595125198364258,0.00233,0.00013,0.00399,0.00247,0.00462,0.00112,0.01467
1403638169.645125627517700,0.00205,0.00017,0.00027,0.00257,0.00001,0.00106,0.00614
1403638169.695131778717041,0.00300,0.00018,0.00018,0.00224,0.00016,0.00118,0.00694
1403638169.745133876800537,0.00271,0.00011,0.00036,0.00209,0.00081,0.00094,0.00700
1403638169.795140981674194,0.00243,0.00011,0.00027,0.00202,0.00065,0.00097,0.00645
1403638169.845143795013428,0.00226,0.00011,0.00034,0.00177,0.00033,0.00095,0.00576
1403638169.895145654678345,0.00186,0.00019,0.00037,0.00164,0.00001,0.00091,0.00499
1403638169.945147037506104,0.00192,0.00011,0.00020,0.00165,0.00002,0.00092,0.00482
1403638169.995148420333862,0.00251,0.00009,0.00006,0.00152,0.00958,0.00114,0.01490
1403638170.045150279998779,0.00233,0.00014,0.00046,0.00250,0.00070,0.00110,0.00723
1403638170.095149993896484,0.00214,0.00016,0.00014,0.00266,0.00000,0.00101,0.00611
1403638170.145154714584351,0.00215,0.00013,0.00097,0.00273,0.00080,0.00144,0.00821
1403638170.195154428482056,0.00260,0.00023,0.00122,0.00232,0.00572,0.00100,0.01309
1403638170.245159626007080,0.00284,0.00015,0.00227,0.00280,0.00107,0.00111,0.01024
1403638170.295166969299316,0.00208,0.00013,0.00343,0.00272,0.00091,0.00091,0.01017
1403638170.345170021057129,0.00251,0.00011,0.00007,0.00267,0.00138,0.00094,0.00769
1403638170.395171403884888,0.00260,0.00010,0.00008,0.00294,0.00000,0.00103,0.00676
1403638170.445172548294067,0.00216,0.00011,0.00006,0.00300,0.00036,0.00090,0.00659
1403638170.495173931121826,0.00242,0.00010,0.00001,0.00282,0.00000,0.00101,0.00636
1403638170.545173406600952,0.00248,0.00014,0.00391,0.00241,0.00133,0.00091,0.01117
1403638170.595173358917236,0.00242,0.00010,0.00012,0.00241,0.00003,0.00094,0.00601
1403638170.645172357559204,0.00278,0.00013,0.00006,0.00205,0.00001,0.00091,0.00594
1403638170.695171594619751,0.00258,0.00010,0.00010,0.00195,0.00008,0.00097,0.00579
1403638170.745172262191772,0.00269,0.00012,0.00004,0.00205,0.00043,0.00138,0.00670
1403638170.795170545578003,0.00231,0.00012,0.00007,0.00153,0.00399,0.00093,0.00895
1403638170.845171213150024,0.00211,0.00016,0.00011,0.00196,0.00036,0.00095,0.00564
1403638170.895171165466309,0.00269,0.00012,0.00004,0.00175,0.00749,0.00143,0.01352
1403638170.945170879364014,0.00242,0.00019,0.00031,0.00244,0.00007,0.00088,0.00631
1403638170.995170354843140,0.00217,0.00017,0.00008,0.00240,0.00000,0.00126,0.00608
1403638171.045168876647949,0.00187,0.00012,0.00001,0.00233,0.00221,0.00114,0.00768
1403638171.095166921615601,0.00214,0.00022,0.00018,0.00262,0.00000,0.00110,0.00626
1403638171.145164966583252,0.00208,0.00012,0.00269,0.00233,0.00479,0.00179,0.01379
1403638171.195161819458008,0.00220,0.00015,0.00561,0.00287,0.00001,0.00099,0.01182
1403638171.245159149169922,0.00219,0.00017,0.00001,0.00289,0.00076,0.00116,0.00718
1403638171.295157670974731,0.00205,0.00013,0.00038,0.00301,0.00041,0.00092,0.00690
1403638171.345155954360962,0.00205,0.00014,0.00013,0.00301,0.00060,0.00113,0.00706
1403638171.395155191421509,0.00271,0.00015,0.00003,0.00287,0.00254,0.00114,0.00945
1403638171.445153951644897,0.00214,0.00013,0.00351,0.00323,0.00003,0.00104,0.01009
1403638171.495153903961182,0.00208,0.00012,0.00011,0.00279,0.00000,0.00100,0.00609
1403638171.545153617858887,0.00246,0.00018,0.00014,0.00252,0.00007,0.00118,0.00656
1403638171.595153570175171,0.00264,0.00013,0.00041,0.00231,0.00000,0.00115,0.00666
1403638171.645153284072876,0.00238,0.00010,0.00046,0.00201,0.00002,0.00096,0.00593
1403638171.695153236389160,0.00221,0.00014,0.00005,0.00205,0.00002,0.00103,0.00549
1403638171.745153427124023,0.00202,0.00009,0.00049,0.00177,0.00440,0.00090,0.00967
1403638171.795153379440308,0.00233,0.00018,0.00374,0.00236,0.00332,0.00129,0.01321
1403638171.845153093338013,0.00234,0.00017,0.00011,0.00301,0.00000,0.00107,0.00670
1403638171.895153284072876,0.00197,0.00013,0.00128,0.00268,0.00106,0.00099,0.00811
1403638171.945154428482056,0.00260,0.00019,0.00319,0.00270,0.00145,0.00117,0.01130
1403638171.995153903961182,0.00243,0.00010,0.00010,0.00278,0.00000,0.00086,0.00628
1403638172.045152187347412,0.00246,0.00019,0.00395,0.00276,0.00110,0.00112,0.01159
1403638172.095150470733643,0.00193,0.00015,0.00004,0.00276,0.00048,0.00119,0.00656
1403638172.145148992538452,0.00208,0.00012,0.00019,0.00282,0.00039,0.00121,0.00682
1403638172.195146560668945,0.00202,0.00013,0.00017,0.00268,0.00002,0.00097,0.00600
1403638172.245143651962280,0.00212,0.00014,0.00335,0.00236,0.00193,0.00113,0.01104
1403638172.295143127441406,0.00199,0.00015,0.00006,0.00279,0.00072,0.00094,0.00666
1403638172.345142841339111,0.00200,0.00010,0.00002,0.00282,0.00000,0.00095,0.00590
1403638172.395141601562500,0.00276,0.00017,0.00206,0.00263,0.00293,0.00120,0.01176
1403638172.445142269134521,0.00195,0.00010,0.00033,0.00319,0.00000,0.00083,0.00640
1403638172.495142698287964,0.00295,0.00016,0.00047,0.00313,0.00080,0.00117,0.00869
1403638172.545144557952881,0.00226,0.00013,0.00536,0.00323,0.00000,0.00101,0.01198
1403638172.595144033432007,0.00211,0.00017,0.00035,0.00291,0.00002,0.00093,0.00649
1403638172.645145177841187,0.00194,0.00011,0.00234,0.00232,0.00211,0.00120,0.01001
1403638172.695145368576050,0.00216,0.00015,0.00044,0.00239,0.00037,0.00095,0.00646
1403638172.745145797729492,0.00189,0.00009,0.00043,0.00229,0.00002,0.00099,0.00573
1403638172.795145988464355,0.00200,0.00012,0.00026,0.00204,0.00070,0.00103,0.00616
1403638172.845144033432007,0.00249,0.00012,0.00009,0.00203,0.00430,0.00096,0.00999
1403638172.895144462585449,0.00207,0.00014,0.00051,0.00235,0.00102,0.00146,0.00754
1403638172.945142507553101,0.00237,0.00015,0.00097,0.00223,0.00111,0.00114,0.00796
1403638172.995140314102173,0.00216,0.00013,0.00086,0.00216,0.00145,0.00120,0.00796
1403638173.045139789581299,0.00208,0.00015,0.00432,0.00238,0.00509,0.00118,0.01520
1403638173.095140218734741,0.00284,0.00017,0.00054,0.00263,0.00000,0.00118,0.00736
1403638173.145141363143921,0.00228,0.00012,0.00239,0.00203,0.00279,0.00135,0.01097
1403638173.195143461227417,0.00221,0.00016,0.00053,0.00208,0.00002,0.00115,0.00615
1403638173.245143890380859,0.00245,0.00012,0.00048,0.00183,0.00104,0.00093,0.00685
1403638173.295146465301514,0.00222,0.00011,0.00136,0.00175,0.00003,0.00093,0.00641
1403638173.345151901245117,0.00248,0.00009,0.00007,0.00156,0.00061,0.00090,0.00571
1403638173.395158052444458,0.00266,0.00009,0.00119,0.00161,0.00458,0.00092,0.01104
1403638173.445160865783691,0.00289,0.00012,0.00013,0.00195,0.00001,0.00090,0.00601
1403638173.495165348052979,0.00238,0.00015,0.00082,0.00151,0.00000,0.00121,0.00607
1403638173.545166492462158,0.00278,0.00015,0.00129,0.00160,0.00087,0.00107,0.00777
1403638173.595168352127075,0.00283,0.00009,0.00049,0.00140,0.00071,0.00091,0.00643
1403638173.645173549652100,0.00268,0.00009,0.00004,0.00122,0.00733,0.00118,0.01254
1403638173.695178985595703,0.00295,0.00017,0.00086,0.00186,0.00003,0.00118,0.00705
1403638173.745183467864990,0.00199,0.00013,0.00035,0.00180,0.00197,0.00091,0.00716
1403638173.795183420181274,0.00310,0.00012,0.00060,0.00193,0.00216,0.00093,0.00885
1403638173.845182895660400,0.00202,0.00014,0.00050,0.00198,0.00065,0.00088,0.00617
1403638173.895184993743896,0.00236,0.00021,0.00098,0.00191,0.00088,0.00139,0.00774
1403638173.945186853408813,0.00327,0.00013,0.00066,0.00185,0.00063,0.00117,0.00772
1403638173.995188474655151,0.00205,0.00012,0.00018,0.00174,0.00229,0.00095,0.00734
1403638174.045191287994385,0.00256,0.00015,0.00018,0.00238,0.00046,0.00112,0.00686
1403638174.095193862915039,0.00224,0.00011,0.00025,0.00185,0.00003,0.00120,0.00569
1403638174.145192861557007,0.00217,0.00014,0.00046,0.00184,0.00137,0.00126,0.00725
1403638174.195193767547607,0.00247,0.00011,0.00080,0.00178,0.00281,0.00099,0.00897
1403638174.245195627212524,0.00276,0.00014,0.00025,0.00198,0.00127,0.00099,0.00738
1403638174.295201063156128,0.00251,0.00020,0.00075,0.00193,0.00122,0.00117,0.00777
1403638174.345201492309570,0.00213,0.00010,0.00203,0.00188,0.00541,0.00087,0.01244
1403638174.395202159881592,0.00220,0.00013,0.00028,0.00254,0.00000,0.00118,0.00633
1403638174.445201635360718,0.00204,0.00013,0.00025,0.00230,0.00002,0.00100,0.00574
1403638174.495206832885742,0.00198,0.00009,0.00267,0.00190,0.00503,0.00093,0.01260
1403638174.545206785202026,0.00254,0.00013,0.00065,0.00231,0.00002,0.00095,0.00661
1403638174.595207691192627,0.00212,0.00011,0.00039,0.00185,0.00208,0.00093,0.00748
1403638174.645209074020386,0.00206,0.00012,0.00026,0.00210,0.00069,0.00090,0.00613
1403638174.695208787918091,0.00212,0.00009,0.00053,0.00198,0.00078,0.00096,0.00647
1403638174.745209932327271,0.00189,0.00012,0.00146,0.00226,0.00305,0.00168,0.01046
1403638174.795209884643555,0.00250,0.00011,0.00522,0.00203,0.00183,0.00157,0.01326
1403638174.845209836959839,0.00278,0.00014,0.00071,0.00204,0.00000,0.00165,0.00733
1403638174.895209789276123,0.00225,0.00015,0.00007,0.00195,0.00002,0.00122,0.00567
1403638174.945209980010986,0.00220,0.00014,0.00036,0.00171,0.00058,0.00143,0.00641
1403638174.995209932327271,0.00245,0.00013,0.00011,0.00195,0.00003,0.00118,0.00586
1403638175.045207262039185,0.00305,0.00017,0.00015,0.00163,0.00064,0.00104,0.00669
1403638175.095201492309570,0.00250,0.00014,0.00507,0.00160,0.00649,0.00124,0.01704
1403638175.145201206207275,0.00221,0.00013,0.00032,0.00233,0.00000,0.00108,0.00606
1403638175.195199966430664,0.00239,0.00014,0.00033,0.00227,0.00070,0.00124,0.00707
1403638175.245199203491211,0.00240,0.00014,0.00041,0.00201,0.00072,0.00125,0.00693
1403638175.295200109481812,0.00224,0.00014,0.00089,0.00175,0.00130,0.00135,0.00767
1403638175.345200300216675,0.00230,0.00015,0.00035,0.00178,0.00177,0.00138,0.00772
1403638175.395201206207275,0.00224,0.00009,0.00576,0.00174,0.00160,0.00105,0.01248
1403638175.445203542709351,0.00209,0.00009,0.00007,0.00208,0.00001,0.00104,0.00539
1403638175.495205879211426,0.00189,0.00009,0.00087,0.00170,0.00105,0.00138,0.00699
1403638175.545206069946289,0.00300,0.00013,0.00026,0.00143,0.00048,0.00124,0.00656
1403638175.595206022262573,0.00233,0.00012,0.00488,0.00124,0.00586,0.00101,0.01544
1403638175.645204305648804,0.00252,0.00013,0.00025,0.00192,0.00102,0.00097,0.00681
1403638175.695204019546509,0.00209,0.00009,0.00285,0.00166,0.00279,0.00094,0.01042
1403638175.745205879211426,0.00245,0.00013,0.00020,0.00205,0.00001,0.00143,0.00627
1403638175.795208215713501,0.00229,0.00016,0.00002,0.00192,0.00000,0.00136,0.00576
1403638175.845211029052734,0.00234,0.00011,0.00033,0.00175,0.00128,0.00112,0.00693
1403638175.895213365554810,0.00189,0.00013,0.00041,0.00236,0.00064,0.00102,0.00646
1403638175.945217132568359,0.00219,0.00015,0.00019,0.00191,0.00000,0.00130,0.00574
1403638175.995223522186279,0.00205,0.00014,0.00206,0.00162,0.00525,0.00108,0.01219
1403638176.045228481292725,0.00307,0.00016,0.00035,0.00265,0.00075,0.00123,0.00820
1403638176.095237016677856,0.00231,0.00011,0.00650,0.00262,0.00079,0.00107,0.01339
1403638176.145236730575562,0.00229,0.00013,0.00008,0.00277,0.00000,0.00104,0.00632
1403638176.195226907730103,0.00219,0.00012,0.00448,0.00256,0.00149,0.00100,0.01183
1403638176.245226383209229,0.00207,0.00011,0.00088,0.00272,0.00062,0.00140,0.00779
1403638176.295226097106934,0.00234,0.00015,0.00183,0.00257,0.00002,0.00144,0.00834
1403638176.345224142074585,0.00228,0.00018,0.00043,0.00243,0.00002,0.00104,0.00637
1403638176.395222187042236,0.00204,0.00010,0.00094,0.00223,0.00000,0.00156,0.00687
1403638176.445214271545410,0.00217,0.00014,0.00024,0.00229,0.00040,0.00118,0.00641
1403638176.495210170745850,0.00213,0.00017,0.00013,0.00225,0.00038,0.00123,0.00630
1403638176.545206069946289,0.00224,0.00016,0.00064,0.00248,0.00000,0.00121,0.00674
1403638176.595211982727051,0.00272,0.00015,0.00522,0.00215,0.00525,0.00112,0.01661
1403638176.645215272903442,0.00231,0.00019,0.00001,0.00327,0.00084,0.00118,0.00781
1403638176.695215463638306,0.00197,0.00016,0.00500,0.00295,0.00000,0.00116,0.01124
1403638176.745215177536011,0.00193,0.00011,0.00035,0.00296,0.00000,0.00096,0.00630
1403638176.795213222503662,0.00211,0.00014,0.00471,0.00313,0.00003,0.00104,0.01117
1403638176.845213413238525,0.00211,0.00017,0.00035,0.00330,0.00082,0.00097,0.00771
1403638176.895212411880493,0.00208,0.00014,0.00228,0.00312,0.00000,0.00123,0.00884
1403638176.945214271545410,0.00198,0.00013,0.00079,0.00305,0.00000,0.00100,0.00695
1403638176.995212554931641,0.00187,0.00012,0.00003,0.00283,0.00000,0.00162,0.00647
1403638177.045213937759399,0.00204,0.00013,0.00011,0.00258,0.00002,0.00107,0.00595
1403638177.095214605331421,0.00196,0.00009,0.00009,0.00241,0.00038,0.00101,0.00595
1403638177.145214557647705,0.00197,0.00018,0.00019,0.00222,0.00003,0.00120,0.00579
1403638177.195213556289673,0.00203,0.00015,0.00302,0.00230,0.00189,0.00108,0.01046
1403638177.245214223861694,0.00259,0.00014,0.00006,0.00244,0.00000,0.00121,0.00644
1403638177.295212268829346,0.00200,0.00011,0.00295,0.00234,0.00558,0.00116,0.01414
1403638177.345212459564209,0.00272,0.00015,0.00046,0.00325,0.00000,0.00114,0.00772
1403638177.395211696624756,0.00213,0.00013,0.00363,0.00322,0.00074,0.00107,0.01092
1403638177.445211648941040,0.00216,0.00019,0.00046,0.00326,0.00000,0.00119,0.00725
1403638177.495210170745850,0.00251,0.00020,0.00115,0.00363,0.00013,0.00107,0.00870
1403638177.545207738876343,0.00237,0.00018,0.00049,0.00334,0.00038,0.00095,0.00771
1403638177.595206022262573,0.00230,0.00010,0.00005,0.00325,0.00000,0.00081,0.00652
1403638177.645205736160278,0.00236,0.00013,0.00070,0.00334,0.00000,0.00107,0.00760
1403638177.695206880569458,0.00222,0.00010,0.00072,0.00381,0.00000,0.00099,0.00785
1403638177.745206356048584,0.00212,0.00018,0.00069,0.00328,0.00000,0.00120,0.00747
1403638177.795205831527710,0.00223,0.00016,0.00287,0.00323,0.00000,0.00115,0.00965
1403638177.845202207565308,0.00212,0.00010,0.00008,0.00325,0.00000,0.00102,0.00656
1403638177.895202636718750,0.00193,0.00013,0.00148,0.00360,0.00003,0.00123,0.00841
1403638177.945201635360718,0.00204,0.00016,0.00003,0.00335,0.00062,0.00144,0.00764
1403638177.995203018188477,0.00214,0.00018,0.00315,0.00310,0.00000,0.00112,0.00969
1403638178.045205593109131,0.00225,0.00011,0.00009,0.00306,0.00002,0.00099,0.00652
1403638178.095206737518311,0.00222,0.00019,0.00070,0.00274,0.00015,0.00094,0.00694
1403638178.145206928253174,0.00238,0.00011,0.00006,0.00272,0.00047,0.00100,0.00674
1403638178.195206880569458,0.00210,0.00012,0.00008,0.00268,0.00000,0.00098,0.00596
1403638178.245207071304321,0.00204,0.00018,0.00015,0.00251,0.00068,0.00107,0.00663
1403638178.295207500457764,0.00249,0.00015,0.00010,0.00276,0.00075,0.00103,0.00729
1403638178.345207691192627,0.00196,0.00015,0.00010,0.00225,0.00100,0.00093,0.00638
1403638178.395206689834595,0.00216,0.00015,0.00223,0.00247,0.00153,0.00093,0.00946
1403638178.445205450057983,0.00221,0.00014,0.00011,0.00243,0.00036,0.00139,0.00664
1403638178.495203018188477,0.00209,0.00012,0.00002,0.00242,0.00148,0.00092,0.00706
1403638178.545201301574707,0.00246,0.00013,0.00016,0.00263,0.00000,0.00114,0.00651
1403638178.595199346542358,0.00222,0.00011,0.00014,0.00200,0.00531,0.00078,0.01056
1403638178.645200967788696,0.00213,0.00013,0.00024,0.00236,0.00042,0.00097,0.00625
1403638178.695203065872192,0.00244,0.00015,0.00227,0.00247,0.00132,0.00109,0.00975
1403638178.745205640792847,0.00195,0.00013,0.00007,0.00271,0.00002,0.00093,0.00581
1403638178.795205354690552,0.00197,0.00013,0.00009,0.00212,0.00000,0.00095,0.00527
1403638178.845204353332520,0.00197,0.00009,0.00014,0.00182,0.00000,0.00095,0.00497
1403638178.895202159881592,0.00220,0.00012,0.00022,0.00164,0.00003,0.00095,0.00516
1403638178.945201635360718,0.00207,0.00008,0.00008,0.00149,0.00007,0.00097,0.00476
1403638178.995197057723999,0.00256,0.00016,0.00094,0.00152,0.00271,0.00109,0.00898
1403638179.045195102691650,0.00231,0.00013,0.00036,0.00155,0.00000,0.00110,0.00546
1403638179.095192670822144,0.00191,0.00009,0.00004,0.00148,0.00625,0.00124,0.01101
1403638179.145191669464111,0.00240,0.00014,0.00003,0.00230,0.00000,0.00095,0.00583
1403638179.195191383361816,0.00209,0.00010,0.00012,0.00224,0.00011,0.00091,0.00557
1403638179.245190620422363,0.00207,0.00015,0.00049,0.00215,0.00134,0.00105,0.00725
1403638179.295190572738647,0.00262,0.00014,0.00003,0.00230,0.00323,0.00110,0.00942
1403638179.345191955566406,0.00202,0.00013,0.00012,0.00283,0.00017,0.00118,0.00645
1403638179.395194530487061,0.00207,0.00017,0.00001,0.00255,0.00000,0.00122,0.00602
1403638179.445197343826294,0.00204,0.00012,0.00149,0.00236,0.00020,0.00091,0.00713
1403638179.495197057723999,0.00223,0.00018,0.00061,0.00236,0.00025,0.00118,0.00681
1403638179.545197010040283,0.00191,0.00010,0.00009,0.00212,0.00002,0.00093,0.00516
1403638179.595197677612305,0.00258,0.00018,0.00117,0.00152,0.00301,0.00104,0.00950
1403638179.645196914672852,0.00208,0.00012,0.00052,0.00182,0.00009,0.00091,0.00554
1403638179.695196628570557,0.00249,0.00013,0.00218,0.00158,0.00235,0.00092,0.00965
1403638179.745196580886841,0.00199,0.00011,0.00005,0.00198,0.00000,0.00098,0.00511
1403638179.795197010040283,0.00233,0.00014,0.00010,0.00268,0.00007,0.00167,0.00699
1403638179.845197200775146,0.00216,0.00014,0.00017,0.00173,0.00037,0.00085,0.00542
1403638179.895194530487061,0.00257,0.00015,0.00024,0.00170,0.00071,0.00115,0.00652
1403638179.945194005966187,0.00193,0.00012,0.00029,0.00140,0.00071,0.00093,0.00537
1403638179.995190620422363,0.00220,0.00014,0.00003,0.00140,0.00000,0.00087,0.00464
1403638180.045188426971436,0.00252,0.00018,0.00013,0.00150,0.00049,0.00092,0.00575
1403638180.095187902450562,0.00208,0.00012,0.00002,0.00126,0.00010,0.00089,0.00447
1403638180.145187616348267,0.00253,0.00015,0.00014,0.00128,0.00027,0.00114,0.00551
1403638180.195186853408813,0.00263,0.00015,0.00021,0.00121,0.00043,0.00114,0.00576
1403638180.245187044143677,0.00210,0.00009,0.00012,0.00120,0.00069,0.00100,0.00519
1403638180.295186519622803,0.00188,0.00009,0.00013,0.00108,0.00272,0.00091,0.00680
1403638180.345186710357666,0.00189,0.00012,0.00008,0.00127,0.00009,0.00121,0.00466
1403638180.395186901092529,0.00201,0.00012,0.00003,0.00126,0.00005,0.00092,0.00440
1403638180.445186853408813,0.00247,0.00009,0.00012,0.00136,0.00364,0.00092,0.00860
1403638180.495187282562256,0.00226,0.00015,0.00036,0.00166,0.00012,0.00115,0.00571
1403638180.545187234878540,0.00228,0.00015,0.00034,0.00158,0.00061,0.00114,0.00610
1403638180.595187187194824,0.00207,0.00012,0.00076,0.00167,0.00033,0.00105,0.00599
1403638180.645187854766846,0.00214,0.00009,0.00012,0.00157,0.00107,0.00096,0.00594
1403638180.695189476013184,0.00201,0.00009,0.00001,0.00147,0.00456,0.00093,0.00906
1403638180.745189666748047,0.00279,0.00021,0.00001,0.00256,0.00055,0.00112,0.00724
1403638180.795188426971436,0.00230,0.00017,0.00038,0.00184,0.00110,0.00113,0.00692
1403638180.845187902450562,0.00211,0.00012,0.00010,0.00198,0.00153,0.00096,0.00680
1403638180.895187377929688,0.00194,0.00012,0.00001,0.00226,0.00079,0.00096,0.00606
1403638180.945186376571655,0.00212,0.00012,0.00002,0.00235,0.00000,0.00085,0.00547
1403638180.995185613632202,0.00190,0.00012,0.00237,0.00232,0.00461,0.00105,0.01238
1403638181.045185565948486,0.00219,0.00010,0.00135,0.00312,0.00000,0.00090,0.00766
1403638181.095184564590454,0.00215,0.00009,0.00024,0.00307,0.00000,0.00096,0.00652
1403638181.145183563232422,0.00205,0.00010,0.00003,0.00315,0.00001,0.00125,0.00658
1403638181.195183038711548,0.00214,0.00018,0.00051,0.00265,0.00073,0.00149,0.00770
1403638181.245181322097778,0.00222,0.00011,0.00057,0.00263,0.00014,0.00107,0.00673
1403638181.295180082321167,0.00207,0.00009,0.00004,0.00264,0.00000,0.00123,0.00607
1403638181.345177412033081,0.00208,0.00011,0.00014,0.00219,0.00013,0.00117,0.00581
1403638181.395174026489258,0.00233,0.00010,0.00016,0.00196,0.00073,0.00101,0.00630
1403638181.445169687271118,0.00209,0.00012,0.00004,0.00187,0.00075,0.00096,0.00583
1403638181.495167732238770,0.00197,0.00009,0.00014,0.00166,0.00007,0.00090,0.00483
1403638181.545166492462158,0.00589,0.00014,0.00011,0.00238,0.00010,0.00115,0.00979
1403638181.595164060592651,0.00469,0.00015,0.00103,0.00217,0.00155,0.00159,0.01118
1403638181.645163059234619,0.00382,0.00012,0.00049,0.00210,0.00081,0.00108,0.00841
1403638181.695159912109375,0.00296,0.00013,0.00105,0.00191,0.00151,0.00109,0.00866
1403638181.745155096054077,0.00296,0.00012,0.00018,0.00180,0.00000,0.00109,0.00615
1403638181.795151233673096,0.00331,0.00010,0.00027,0.00103,0.00003,0.00094,0.00568
1403638181.845145940780640,0.00197,0.00014,0.00040,0.00087,0.00026,0.00110,0.00473
1403638181.895142316818237,0.00160,0.00008,0.00062,0.00057,0.00000,0.00079,0.00367
1403638181.945137739181519,0.00217,0.00008,0.00000,0.00065,0.00110,0.00083,0.00483
1403638181.995138168334961,0.00169,0.00008,0.00004,0.00055,0.00051,0.00083,0.00370
1403638182.045142173767090,0.00141,0.00008,0.00005,0.00049,0.00004,0.00101,0.00309
1403638182.095148324966431,0.00168,0.00008,0.00041,0.00044,0.00398,0.00102,0.00761
1403638182.145151615142822,0.00147,0.00013,0.00031,0.00090,0.00000,0.00089,0.00370
1403638182.195158243179321,0.00170,0.00008,0.00003,0.00087,0.00446,0.00080,0.00795
1403638182.245162963867188,0.00133,0.00009,0.00001,0.00147,0.00078,0.00140,0.00508
1403638182.295166492462158,0.00183,0.00014,0.00003,0.00167,0.00001,0.00101,0.00468
1403638182.345168352127075,0.00154,0.00008,0.00001,0.00164,0.00364,0.00079,0.00771
1403638182.395168781280518,0.00127,0.00009,0.00036,0.00188,0.00003,0.00080,0.00443
1403638182.445168733596802,0.00187,0.00009,0.00004,0.00202,0.00086,0.00116,0.00605
1403638182.495165348052979,0.00228,0.00014,0.00027,0.00189,0.00645,0.00102,0.01205
1403638182.545166254043579,0.00147,0.00009,0.00010,0.00240,0.00077,0.00081,0.00564
1403638182.595166444778442,0.00181,0.00009,0.00005,0.00252,0.00079,0.00123,0.00649
1403638182.645166635513306,0.00183,0.00012,0.00012,0.00236,0.00006,0.00108,0.00558
1403638182.695166826248169,0.00141,0.00009,0.00045,0.00219,0.00066,0.00079,0.00559
1403638182.745166063308716,0.00180,0.00009,0.00003,0.00229,0.00000,0.00089,0.00511
1403638182.795165777206421,0.00243,0.00017,0.00024,0.00214,0.00025,0.00122,0.00645
1403638182.845166206359863,0.00204,0.00015,0.00005,0.00202,0.00100,0.00111,0.00637
1403638182.895165205001831,0.00158,0.00009,0.00028,0.00189,0.00031,0.00081,0.00495
1403638182.945164203643799,0.00139,0.00009,0.00044,0.00170,0.00042,0.00079,0.00483
1403638182.995162963867188,0.00166,0.00008,0.00146,0.00161,0.00124,0.00080,0.00686
1403638183.045160293579102,0.00159,0.00009,0.00010,0.00167,0.00415,0.00083,0.00844
1403638183.095159530639648,0.00153,0.00009,0.00040,0.00188,0.00077,0.00076,0.00545
1403638183.145159959793091,0.00128,0.00009,0.00004,0.00201,0.00011,0.00077,0.00430
1403638183.195160388946533,0.00151,0.00009,0.00036,0.00216,0.00000,0.00129,0.00542
1403638183.245163440704346,0.00160,0.00011,0.00021,0.00184,0.00005,0.00094,0.00475
1403638183.295171737670898,0.00166,0.00008,0.00001,0.00185,0.00425,0.00087,0.00871
1403638183.345173120498657,0.00139,0.00009,0.00018,0.00224,0.00000,0.00080,0.00471
1403638183.445172548294067,0.00210,0.00022,0.00020,0.00195,0.00022,0.00120,0.00590
1403638183.495174169540405,0.00170,0.00011,0.00003,0.00182,0.00000,0.00102,0.00468
1403638183.545172691345215,0.00168,0.00009,0.00047,0.00205,0.00008,0.00079,0.00516
1403638183.595171451568604,0.00136,0.00009,0.00013,0.00177,0.00477,0.00077,0.00889
1403638183.645168542861938,0.00152,0.00009,0.00005,0.00247,0.00007,0.00081,0.00501
1403638183.695161581039429,0.00134,0.00009,0.00043,0.00207,0.00080,0.00078,0.00551
1403638183.745157241821289,0.00193,0.00010,0.00018,0.00223,0.00069,0.00078,0.00592
1403638183.795156955718994,0.00151,0.00009,0.00034,0.00209,0.00011,0.00077,0.00492
1403638183.845155715942383,0.00138,0.00009,0.00035,0.00202,0.00000,0.00091,0.00476
1403638183.895155191421509,0.00162,0.00008,0.00000,0.00172,0.00005,0.00081,0.00429
1403638183.945156574249268,0.00186,0.00009,0.00056,0.00183,0.00046,0.00079,0.00560
1403638183.995155811309814,0.00168,0.00009,0.00040,0.00184,0.00178,0.00081,0.00660
1403638184.045152425765991,0.00148,0.00009,0.00012,0.00196,0.00024,0.00117,0.00505
1403638184.095150947570801,0.00168,0.00010,0.00026,0.00174,0.00168,0.00108,0.00655
1403638184.145148754119873,0.00232,0.00016,0.00023,0.00182,0.00031,0.00118,0.00602
1403638184.195149421691895,0.00210,0.00016,0.00019,0.00184,0.00065,0.00127,0.00622
1403638184.245150089263916,0.00194,0.00009,0.00003,0.00192,0.00009,0.00110,0.00517
1403638184.295150041580200,0.00195,0.00011,0.00109,0.00166,0.00341,0.00108,0.00930
1403638184.345153093338013,0.00167,0.00009,0.00059,0.00180,0.00000,0.00081,0.00496
1403638184.395156383514404,0.00171,0.00009,0.00012,0.00176,0.00012,0.00075,0.00456
1403638184.445158004760742,0.00246,0.00017,0.00023,0.00178,0.00011,0.00120,0.00595
1403638184.495159387588501,0.00253,0.00014,0.00030,0.00154,0.00202,0.00104,0.00757
1403638184.545160293579102,0.00205,0.00011,0.00012,0.00173,0.00033,0.00086,0.00519
1403638184.595161199569702,0.00214,0.00011,0.00028,0.00221,0.00000,0.00083,0.00557
1403638184.645160436630249,0.00180,0.00008,0.00009,0.00160,0.00025,0.00080,0.00463
1403638184.695160388946533,0.00208,0.00010,0.00002,0.00157,0.00000,0.00087,0.00464
1403638184.745159864425659,0.00201,0.00010,0.00043,0.00138,0.00060,0.00085,0.00538
1403638184.795160293579102,0.00224,0.00016,0.00093,0.00134,0.00003,0.00083,0.00553
1403638184.845160484313965,0.00239,0.00009,0.00005,0.00162,0.00061,0.00087,0.00563
1403638184.895159721374512,0.00200,0.00009,0.00025,0.00162,0.00048,0.00122,0.00566
1403638184.945159912109375,0.00212,0.00010,0.00031,0.00151,0.00000,0.00097,0.00501
1403638184.995159149169922,0.00201,0.00012,0.00030,0.00142,0.00010,0.00085,0.00480
1403638185.045159816741943,0.00222,0.00014,0.00055,0.00136,0.00107,0.00114,0.00648
1403638185.095160245895386,0.00297,0.00012,0.00013,0.00148,0.00033,0.00107,0.00610
1403638185.145160198211670,0.00234,0.00012,0.00001,0.00130,0.00057,0.00082,0.00516
1403638185.195160150527954,0.00239,0.00009,0.00042,0.00122,0.00000,0.00086,0.00497
1403638185.245159387588501,0.00269,0.00009,0.00006,0.00113,0.00172,0.00119,0.00688
1403638185.295159101486206,0.00245,0.00011,0.00026,0.00102,0.00001,0.00109,0.00495
1403638185.345158576965332,0.00198,0.00012,0.00018,0.00095,0.00138,0.00085,0.00547
1403638185.395156621932983,0.00199,0.00008,0.00044,0.00107,0.00291,0.00091,0.00741
1403638185.445156574249268,0.00234,0.00009,0.00070,0.00141,0.00007,0.00088,0.00548
1403638185.495156049728394,0.00273,0.00009,0.00003,0.00141,0.00031,0.00084,0.00540
1403638185.545156240463257,0.00195,0.00009,0.00008,0.00141,0.00055,0.00082,0.00490
1403638185.595156669616699,0.00228,0.00008,0.00015,0.00141,0.00011,0.00089,0.00494
1403638185.645156145095825,0.00187,0.00008,0.00015,0.00123,0.00009,0.00084,0.00426
1403638185.695156574249268,0.00240,0.00008,0.00047,0.00112,0.00060,0.00094,0.00562
1403638185.745157718658447,0.00198,0.00008,0.00073,0.00110,0.00329,0.00085,0.00802
1403638185.795159339904785,0.00195,0.00009,0.00004,0.00151,0.00000,0.00086,0.00445
1403638185.845161199569702,0.00245,0.00008,0.00008,0.00155,0.00024,0.00087,0.00527
1403638185.895161628723145,0.00206,0.00008,0.00025,0.00135,0.00003,0.00085,0.00462
1403638185.945160865783691,0.00209,0.00008,0.00006,0.00121,0.00002,0.00172,0.00519
1403638185.995162248611450,0.00219,0.00009,0.00008,0.00114,0.00002,0.00104,0.00456
1403638186.045164108276367,0.00244,0.00008,0.00037,0.00113,0.00158,0.00085,0.00645
1403638186.095165729522705,0.00187,0.00009,0.00001,0.00141,0.00022,0.00088,0.00448
1403638186.145166158676147,0.00226,0.00009,0.00001,0.00136,0.00180,0.00092,0.00643
1403638186.195166110992432,0.00232,0.00008,0.00044,0.00161,0.00040,0.00091,0.00577
1403638186.245165348052979,0.00214,0.00015,0.00005,0.00154,0.00012,0.00110,0.00511
1403638186.295165061950684,0.00231,0.00012,0.00006,0.00147,0.00005,0.00092,0.00494
1403638186.345164775848389,0.00247,0.00015,0.00013,0.00144,0.00016,0.00118,0.00553
1403638186.395162820816040,0.00204,0.00011,0.00034,0.00164,0.00410,0.00139,0.00963
1403638186.445163488388062,0.00222,0.00015,0.00013,0.00176,0.00025,0.00109,0.00560
1403638186.495164155960083,0.00209,0.00011,0.00012,0.00166,0.00031,0.00095,0.00523
1403638186.545164585113525,0.00244,0.00012,0.00006,0.00134,0.00012,0.00091,0.00500
1403638186.595165014266968,0.00206,0.00008,0.00005,0.00109,0.00220,0.00113,0.00661
1403638186.645165205001831,0.00214,0.00013,0.00006,0.00139,0.00021,0.00110,0.00505
1403638186.695164680480957,0.00294,0.00009,0.00049,0.00131,0.00019,0.00094,0.00596
1403638186.745164155960083,0.00245,0.00015,0.00019,0.00134,0.00001,0.00112,0.00526
1403638186.795166015625000,0.00235,0.00010,0.00038,0.00119,0.00011,0.00107,0.00520
1403638186.845166444778442,0.00252,0.00011,0.00004,0.00103,0.00008,0.00097,0.00475
1403638186.895166873931885,0.00257,0.00014,0.00051,0.00093,0.00017,0.00114,0.00545
1403638186.945167779922485,0.00226,0.00012,0.00001,0.00085,0.00003,0.00115,0.00442
1403638186.995168685913086,0.00263,0.00011,0.00010,0.00067,0.00060,0.00091,0.00501
1403638187.045167207717896,0.00236,0.00008,0.00005,0.00059,0.00023,0.00090,0.00423
1403638187.095168352127075,0.00270,0.00008,0.00108,0.00040,0.00226,0.00110,0.00763
1403638187.145167350769043,0.00217,0.00011,0.00014,0.00054,0.00012,0.00110,0.00418
1403638187.195165634155273,0.00299,0.00011,0.00016,0.00047,0.00006,0.00095,0.00475
1403638187.245165348052979,0.00229,0.00008,0.00012,0.00042,0.00044,0.00092,0.00427
1403638187.295165300369263,0.00308,0.00008,0.00032,0.00040,0.00020,0.00092,0.00499
1403638187.345165014266968,0.00222,0.00013,0.00019,0.00043,0.00051,0.00121,0.00471
1403638187.395165443420410,0.00302,0.00011,0.00033,0.00034,0.00011,0.00114,0.00505
1403638187.445169210433960,0.00253,0.00009,0.00011,0.00028,0.00095,0.00095,0.00492
1403638187.495170831680298,0.00282,0.00009,0.00040,0.00033,0.00005,0.00094,0.00463
1403638187.545172691345215,0.00228,0.00008,0.00015,0.00037,0.00096,0.00117,0.00501
1403638187.595175743103027,0.00286,0.00012,0.00019,0.00039,0.00044,0.00112,0.00512
1403638187.645177125930786,0.00228,0.00008,0.00025,0.00045,0.00132,0.00095,0.00533
1403638187.695177555084229,0.00297,0.00017,0.00041,0.00061,0.00003,0.00112,0.00530
1403638187.745182752609253,0.00271,0.00009,0.00018,0.00051,0.00070,0.00084,0.00503
1403638187.795183658599854,0.00250,0.00012,0.00024,0.00054,0.00015,0.00119,0.00474
1403638187.845186710357666,0.00258,0.00012,0.00010,0.00055,0.00031,0.00106,0.00472
1403638187.895187139511108,0.00268,0.00015,0.00051,0.00055,0.00069,0.00090,0.00548
1403638187.945187091827393,0.00265,0.00012,0.00042,0.00065,0.00069,0.00118,0.00571
1403638187.995187044143677,0.00229,0.00013,0.00030,0.00068,0.00036,0.00114,0.00490
1403638188.045186281204224,0.00244,0.00011,0.00039,0.00060,0.00007,0.00089,0.00449
1403638188.095186471939087,0.00284,0.00013,0.00027,0.00062,0.00006,0.00120,0.00513
1403638188.145185470581055,0.00272,0.00010,0.00009,0.00061,0.00062,0.00093,0.00508
1403638188.195184946060181,0.00219,0.00009,0.00010,0.00067,0.00012,0.00152,0.00468
1403638188.245184183120728,0.00279,0.00011,0.00019,0.00072,0.00023,0.00089,0.00493
1403638188.295183897018433,0.00268,0.00012,0.00052,0.00065,0.00067,0.00120,0.00584
1403638188.345182895660400,0.00223,0.00010,0.00015,0.00069,0.00019,0.00114,0.00450
1403638188.395182371139526,0.00250,0.00012,0.00013,0.00070,0.00034,0.00120,0.00500
1403638188.445181369781494,0.00235,0.00008,0.00008,0.00063,0.00005,0.00095,0.00415
1403638188.495180845260620,0.00238,0.00008,0.00007,0.00066,0.00057,0.00095,0.00471
1403638188.545180797576904,0.00225,0.00008,0.00005,0.00068,0.00011,0.00096,0.00414
1403638188.595180749893188,0.00219,0.00008,0.00018,0.00062,0.00023,0.00094,0.00425
1403638188.645180940628052,0.00232,0.00008,0.00014,0.00059,0.00017,0.00097,0.00427
1403638188.695180892944336,0.00209,0.00008,0.00014,0.00059,0.00127,0.00092,0.00510
1403638188.745181560516357,0.00209,0.00009,0.00024,0.00076,0.00055,0.00093,0.00466
1403638188.795182704925537,0.00245,0.00008,0.00008,0.00077,0.00000,0.00090,0.00429
1403638188.845185041427612,0.00204,0.00008,0.00011,0.00076,0.00077,0.00090,0.00466
1403638188.895188570022583,0.00231,0.00008,0.00014,0.00061,0.00167,0.00118,0.00599
1403638188.945188283920288,0.00217,0.00010,0.00001,0.00090,0.00169,0.00110,0.00597
1403638188.995188236236572,0.00215,0.00014,0.00007,0.00102,0.00055,0.00129,0.00523
1403638189.045187473297119,0.00241,0.00011,0.00026,0.00091,0.00054,0.00086,0.00509
1403638189.095183372497559,0.00268,0.00013,0.00010,0.00093,0.00020,0.00102,0.00506
1403638189.145179748535156,0.00314,0.00012,0.00026,0.00089,0.00132,0.00112,0.00685
1403638189.195177793502808,0.00226,0.00011,0.00018,0.00094,0.00093,0.00093,0.00536
1403638189.245174407958984,0.00279,0.00011,0.00011,0.00110,0.00008,0.00092,0.00511
1403638189.295172929763794,0.00247,0.00009,0.00026,0.00078,0.00029,0.00087,0.00477
1403638189.345176458358765,0.00290,0.00008,0.00019,0.00084,0.00115,0.00089,0.00604
1403638189.395180463790894,0.00301,0.00009,0.00017,0.00085,0.00000,0.00089,0.00500
1403638189.445184707641602,0.00291,0.00014,0.00029,0.00084,0.00245,0.00113,0.00776
1403638189.495183944702148,0.00236,0.00012,0.00016,0.00112,0.00001,0.00111,0.00489
1403638189.545180797576904,0.00355,0.00011,0.00004,0.00114,0.00067,0.00092,0.00643
1403638189.595175504684448,0.00262,0.00008,0.00007,0.00113,0.00034,0.00089,0.00514
1403638189.645174503326416,0.00222,0.00008,0.00018,0.00110,0.00000,0.00089,0.00447
1403638189.695172071456909,0.00264,0.00008,0.00020,0.00108,0.00095,0.00094,0.00590
1403638189.745170116424561,0.00258,0.00014,0.00027,0.00127,0.00094,0.00136,0.00656
1403638189.795173883438110,0.00300,0.00013,0.00032,0.00127,0.00254,0.00092,0.00816
1403638189.845169782638550,0.00226,0.00014,0.00013,0.00186,0.00107,0.00094,0.00639
1403638189.895168066024780,0.00287,0.00015,0.00014,0.00148,0.00095,0.00113,0.00673
1403638189.945163726806641,0.00237,0.00009,0.00028,0.00158,0.00076,0.00097,0.00606
1403638189.995161294937134,0.00212,0.00012,0.00005,0.00172,0.00149,0.00091,0.00639
1403638190.045157194137573,0.00267,0.00018,0.00011,0.00214,0.00003,0.00117,0.00630
1403638190.095153331756592,0.00314,0.00012,0.00017,0.00183,0.00307,0.00111,0.00944
1403638190.145151138305664,0.00256,0.00016,0.00017,0.00220,0.00018,0.00106,0.00635
1403638190.195149421691895,0.00215,0.00009,0.00033,0.00203,0.00019,0.00077,0.00555
1403638190.245147705078125,0.00288,0.00016,0.00030,0.00207,0.00272,0.00117,0.00930
1403638190.295146942138672,0.00247,0.00010,0.00021,0.00242,0.00124,0.00092,0.00736
1403638190.345146894454956,0.00256,0.00009,0.00006,0.00242,0.00071,0.00089,0.00673
1403638190.395145893096924,0.00245,0.00018,0.00023,0.00243,0.00011,0.00105,0.00645
1403638190.445143222808838,0.00268,0.00015,0.00003,0.00250,0.00076,0.00118,0.00731
1403638190.495140552520752,0.00211,0.00010,0.00028,0.00261,0.00004,0.00110,0.00625
1403638190.545137643814087,0.00261,0.00016,0.00009,0.00246,0.00007,0.00122,0.00661
1403638190.595131158828735,0.00246,0.00013,0.00006,0.00242,0.00109,0.00089,0.00706
1403638190.645127773284912,0.00219,0.00017,0.00015,0.00278,0.00073,0.00111,0.00713
1403638190.695127248764038,0.00305,0.00016,0.00003,0.00281,0.00054,0.00119,0.00778
1403638190.745126247406006,0.00246,0.00013,0.00125,0.00267,0.00044,0.00096,0.00790
1403638190.795122385025024,0.00224,0.00013,0.00045,0.00272,0.00084,0.00092,0.00730
1403638190.845120429992676,0.00230,0.00011,0.00018,0.00323,0.00001,0.00121,0.00704
1403638190.895120382308960,0.00294,0.00016,0.00121,0.00263,0.00009,0.00119,0.00821
1403638190.945121765136719,0.00203,0.00010,0.00074,0.00262,0.00047,0.00093,0.00688
1403638190.995126247406006,0.00296,0.00013,0.00022,0.00266,0.00006,0.00121,0.00725
1403638191.045129537582397,0.00246,0.00015,0.00008,0.00267,0.00015,0.00094,0.00646
1403638191.095131397247314,0.00236,0.00012,0.00031,0.00240,0.00080,0.00097,0.00696
1403638191.145129442214966,0.00229,0.00010,0.00007,0.00250,0.00325,0.00095,0.00916
1403638191.195124626159668,0.00283,0.00017,0.00015,0.00373,0.00000,0.00126,0.00814
1403638191.245119094848633,0.00234,0.00012,0.00295,0.00268,0.00145,0.00120,0.01074
1403638191.295114040374756,0.00214,0.00013,0.00028,0.00289,0.00000,0.00093,0.00636
1403638191.345115900039673,0.00220,0.00013,0.00150,0.00274,0.00008,0.00106,0.00772
1403638191.395117521286011,0.00305,0.00010,0.00037,0.00307,0.00018,0.00131,0.00807
1403638191.445120334625244,0.00239,0.00016,0.00016,0.00259,0.00000,0.00113,0.00642
1403638191.495123386383057,0.00251,0.00013,0.00003,0.00244,0.00035,0.00096,0.00642
1403638191.545124530792236,0.00243,0.00010,0.00488,0.00240,0.00318,0.00093,0.01392
1403638191.595126867294312,0.00214,0.00013,0.00007,0.00297,0.00040,0.00094,0.00664
1403638191.645129442214966,0.00201,0.00013,0.00005,0.00298,0.00005,0.00102,0.00624
1403638191.695128917694092,0.00204,0.00009,0.00060,0.00279,0.00007,0.00096,0.00654
1403638191.745129585266113,0.00310,0.00017,0.00013,0.00265,0.00037,0.00130,0.00771
1403638191.795131683349609,0.00215,0.00016,0.00033,0.00267,0.00002,0.00140,0.00674
1403638191.845131874084473,0.00255,0.00015,0.00069,0.00260,0.00309,0.00117,0.01025
1403638191.895132541656494,0.00225,0.00012,0.00016,0.00315,0.00000,0.00105,0.00674
1403638191.945133924484253,0.00224,0.00015,0.00400,0.00316,0.00040,0.00092,0.01086
1403638191.995134115219116,0.00229,0.00010,0.00011,0.00292,0.00014,0.00102,0.00658
1403638192.045134305953979,0.00206,0.00010,0.00017,0.00281,0.00000,0.00093,0.00607
1403638192.095134496688843,0.00194,0.00009,0.00113,0.00279,0.00009,0.00096,0.00699
1403638192.145134449005127,0.00195,0.00014,0.00303,0.00251,0.00138,0.00112,0.01014
1403638192.195133447647095,0.00276,0.00012,0.00010,0.00266,0.00073,0.00115,0.00753
1403638192.245130300521851,0.00205,0.00016,0.00102,0.00261,0.00004,0.00108,0.00696
1403638192.295128345489502,0.00345,0.00015,0.00210,0.00216,0.00311,0.00113,0.01209
1403638192.345127344131470,0.00227,0.00011,0.00034,0.00241,0.00000,0.00091,0.00604
1403638192.395127296447754,0.00272,0.00010,0.00011,0.00235,0.00073,0.00094,0.00696
1403638192.445128679275513,0.00215,0.00013,0.00034,0.00200,0.00045,0.00094,0.00602
1403638192.495132207870483,0.00292,0.00011,0.00010,0.00210,0.00000,0.00102,0.00625
1403638192.545130729675293,0.00232,0.00012,0.00181,0.00179,0.00367,0.00119,0.01090
1403638192.595130681991577,0.00223,0.00015,0.00005,0.00239,0.00046,0.00083,0.00611
1403638192.645129203796387,0.00187,0.00013,0.00059,0.00204,0.00000,0.00087,0.00550
1403638192.695129871368408,0.00260,0.00015,0.00004,0.00212,0.00198,0.00114,0.00804
1403638192.745132446289062,0.00212,0.00014,0.00148,0.00243,0.00296,0.00110,0.01023
1403638192.795135736465454,0.00227,0.00012,0.00013,0.00271,0.00001,0.00119,0.00644
1403638192.845135927200317,0.00239,0.00009,0.00246,0.00251,0.00300,0.00097,0.01143
1403638192.895135402679443,0.00218,0.00009,0.00069,0.00285,0.00110,0.00089,0.00781
1403638192.945132493972778,0.00301,0.00011,0.00024,0.00274,0.00000,0.00095,0.00705
1403638192.995135068893433,0.00257,0.00009,0.00047,0.00225,0.00201,0.00091,0.00830
1403638193.045137166976929,0.00228,0.00009,0.00403,0.00223,0.00233,0.00091,0.01188
1403638193.095143556594849,0.00264,0.00012,0.00015,0.00243,0.00038,0.00103,0.00674
1403638193.145148992538452,0.00213,0.00010,0.00025,0.00244,0.00143,0.00092,0.00728
1403638193.195152282714844,0.00222,0.00018,0.00013,0.00249,0.00014,0.00120,0.00636
1403638193.245153188705444,0.00200,0.00015,0.00007,0.00255,0.00070,0.00086,0.00633
1403638193.295155525207520,0.00228,0.00016,0.00031,0.00293,0.00019,0.00123,0.00711
1403638193.345154285430908,0.00214,0.00009,0.00003,0.00253,0.00150,0.00095,0.00725
1403638193.395154237747192,0.00225,0.00010,0.00153,0.00277,0.00212,0.00093,0.00970
1403638193.445152282714844,0.00319,0.00010,0.00115,0.00322,0.00003,0.00098,0.00866
1403638193.495151758193970,0.00225,0.00010,0.00031,0.00306,0.00000,0.00096,0.00668
1403638193.545152902603149,0.00222,0.00009,0.00325,0.00291,0.00125,0.00118,0.01091
1403638193.595153093338013,0.00228,0.00010,0.00043,0.00286,0.00130,0.00090,0.00788
1403638193.645154953002930,0.00244,0.00012,0.00648,0.00283,0.00044,0.00093,0.01324
1403638193.695157766342163,0.00234,0.00012,0.00047,0.00286,0.00002,0.00119,0.00700
1403638193.745157718658447,0.00220,0.00009,0.00071,0.00306,0.00005,0.00099,0.00710
1403638193.795157670974731,0.00233,0.00015,0.00010,0.00276,0.00003,0.00125,0.00661
1403638193.845157623291016,0.00202,0.00010,0.00005,0.00261,0.00003,0.00093,0.00575
1403638193.895157337188721,0.00197,0.00010,0.00001,0.00249,0.00019,0.00085,0.00561
1403638193.945157289505005,0.00259,0.00013,0.00016,0.00249,0.00000,0.00125,0.00661
1403638193.995158910751343,0.00214,0.00009,0.00439,0.00233,0.00398,0.00104,0.01398
1403638194.045159578323364,0.00217,0.00014,0.00001,0.00320,0.00067,0.00176,0.00794
1403638194.095158576965332,0.00229,0.00012,0.00001,0.00322,0.00042,0.00119,0.00726
1403638194.145160436630249,0.00231,0.00010,0.00235,0.00323,0.00003,0.00092,0.00894
1403638194.195162296295166,0.00230,0.00015,0.00001,0.00302,0.00079,0.00121,0.00748
1403638194.245170116424561,0.00259,0.00012,0.00596,0.00344,0.00003,0.00095,0.01308
1403638194.295170068740845,0.00227,0.00012,0.00050,0.00323,0.00003,0.00114,0.00729
1403638194.345168828964233,0.00208,0.00010,0.00067,0.00309,0.00003,0.00098,0.00695
1403638194.395168304443359,0.00221,0.00013,0.00003,0.00294,0.00000,0.00092,0.00623
1403638194.445167303085327,0.00251,0.00010,0.00005,0.00283,0.00106,0.00091,0.00748
1403638194.495166778564453,0.00212,0.00009,0.00030,0.00299,0.00015,0.00092,0.00658
1403638194.545166492462158,0.00216,0.00020,0.00006,0.00304,0.00000,0.00119,0.00665
1403638194.595164537429810,0.00342,0.00014,0.00359,0.00288,0.00007,0.00109,0.01119
1403638194.645163774490356,0.00203,0.00014,0.00001,0.00286,0.00039,0.00091,0.00633
1403638194.695161819458008,0.00199,0.00009,0.00005,0.00289,0.00002,0.00092,0.00596
1403638194.745161533355713,0.00211,0.00009,0.00099,0.00282,0.00203,0.00111,0.00916
1403638194.795161962509155,0.00221,0.00013,0.00001,0.00294,0.00000,0.00120,0.00649
1403638194.845165729522705,0.00271,0.00010,0.00413,0.00263,0.00005,0.00093,0.01054
1403638194.895165681838989,0.00230,0.00010,0.00015,0.00284,0.00121,0.00124,0.00785
1403638194.945167303085327,0.00247,0.00013,0.00038,0.00272,0.00009,0.00120,0.00699
1403638194.995167732238770,0.00226,0.00009,0.00017,0.00265,0.00000,0.00150,0.00668
1403638195.045167922973633,0.00231,0.00013,0.00007,0.00250,0.00000,0.00127,0.00629
1403638195.095169067382812,0.00226,0.00009,0.00008,0.00252,0.00018,0.00108,0.00622
1403638195.145167350769043,0.00205,0.00010,0.00003,0.00245,0.00000,0.00102,0.00566
1403638195.195166826248169,0.00241,0.00012,0.00243,0.00228,0.00293,0.00120,0.01136
1403638195.245164632797241,0.00251,0.00015,0.00007,0.00291,0.00002,0.00118,0.00685
1403638195.295164346694946,0.00223,0.00009,0.00001,0.00265,0.00086,0.00152,0.00735
1403638195.345164537429810,0.00238,0.00013,0.00013,0.00274,0.00052,0.00121,0.00711
1403638195.395166397094727,0.00210,0.00010,0.00740,0.00260,0.00216,0.00118,0.01554
1403638195.445165872573853,0.00242,0.00015,0.00262,0.00274,0.00213,0.00101,0.01106
1403638195.495164871215820,0.00232,0.00016,0.00091,0.00329,0.00006,0.00100,0.00774
1403638195.545162916183472,0.00255,0.00016,0.00016,0.00321,0.00004,0.00122,0.00734
1403638195.595161437988281,0.00212,0.00009,0.00001,0.00300,0.00000,0.00115,0.00637
1403638195.645163059234619,0.00256,0.00009,0.00001,0.00303,0.00000,0.00098,0.00667
1403638195.695164203643799,0.00211,0.00012,0.00036,0.00290,0.00018,0.00095,0.00663
1403638195.745165824890137,0.00208,0.00011,0.00005,0.00288,0.00000,0.00104,0.00615
1403638195.795168638229370,0.00219,0.00009,0.00157,0.00270,0.00081,0.00093,0.00829
1403638195.845168352127075,0.00207,0.00010,0.00001,0.00284,0.00003,0.00100,0.00604
1403638195.895168304443359,0.00211,0.00012,0.00008,0.00274,0.00014,0.00099,0.00618
1403638195.945168018341064,0.00204,0.00009,0.00001,0.00271,0.00007,0.00114,0.00606
1403638195.995166540145874,0.00209,0.00013,0.00543,0.00260,0.00322,0.00119,0.01465
1403638196.045166730880737,0.00209,0.00012,0.00154,0.00319,0.00005,0.00091,0.00791
1403638196.095166683197021,0.00230,0.00016,0.00078,0.00325,0.00002,0.00121,0.00772
1403638196.145165681838989,0.00194,0.00010,0.00109,0.00313,0.00002,0.00107,0.00734
1403638196.195164442062378,0.00234,0.00019,0.00004,0.00324,0.00000,0.00120,0.00700
1403638196.245163202285767,0.00224,0.00017,0.00007,0.00334,0.00001,0.00114,0.00697
1403638196.295161962509155,0.00242,0.00017,0.00024,0.00321,0.00079,0.00123,0.00806
1403638196.345162391662598,0.00220,0.00012,0.00001,0.00324,0.00000,0.00119,0.00676
1403638196.395161628723145,0.00201,0.00012,0.00118,0.00317,0.00003,0.00100,0.00750
1403638196.445161819458008,0.00190,0.00010,0.00003,0.00309,0.00003,0.00094,0.00608
1403638196.495161533355713,0.00201,0.00011,0.00006,0.00330,0.00024,0.00124,0.00695
1403638196.545160531997681,0.00219,0.00011,0.00004,0.00298,0.00005,0.00123,0.00661
1403638196.595156431198120,0.00201,0.00010,0.00382,0.00271,0.00219,0.00091,0.01174
1403638196.645153999328613,0.00188,0.00014,0.00021,0.00337,0.00003,0.00125,0.00687
1403638196.695152521133423,0.00214,0.00014,0.00083,0.00309,0.00005,0.00124,0.00748
1403638196.745153188705444,0.00208,0.00010,0.00008,0.00313,0.00006,0.00096,0.00641
1403638196.795153856277466,0.00197,0.00009,0.00001,0.00291,0.00000,0.00093,0.00592
1403638196.845155954360962,0.00195,0.00010,0.00003,0.00345,0.00006,0.00144,0.00702
1403638196.895156621932983,0.00215,0.00014,0.00008,0.00290,0.00019,0.00112,0.00659
1403638196.945158004760742,0.00184,0.00009,0.00001,0.00296,0.00000,0.00109,0.00600
1403638196.995158195495605,0.00193,0.00016,0.00009,0.00301,0.00084,0.00109,0.00714
1403638197.045158386230469,0.00231,0.00014,0.00001,0.00301,0.00017,0.00123,0.00687
1403638197.095158576965332,0.00202,0.00013,0.00006,0.00295,0.00006,0.00106,0.00627
1403638197.145158290863037,0.00180,0.00011,0.00001,0.00301,0.00007,0.00089,0.00589
1403638197.195157766342163,0.00271,0.00047,0.00324,0.00289,0.00024,0.00113,0.01068
1403638197.245157957077026,0.00216,0.00014,0.00009,0.00295,0.00011,0.00107,0.00652
1403638197.295158624649048,0.00247,0.00010,0.00016,0.00292,0.00080,0.00093,0.00739
1403638197.345158576965332,0.00214,0.00011,0.00069,0.00304,0.00008,0.00091,0.00698
1403638197.395158767700195,0.00205,0.00011,0.00001,0.00304,0.00000,0.00097,0.00619
1403638197.445158958435059,0.00202,0.00010,0.00001,0.00310,0.00004,0.00092,0.00618
1403638197.495158433914185,0.00198,0.00012,0.00003,0.00312,0.00087,0.00094,0.00707
1403638197.545159339904785,0.00190,0.00009,0.00001,0.00307,0.00000,0.00091,0.00598
1403638197.595159053802490,0.00200,0.00012,0.00073,0.00305,0.00006,0.00097,0.00694
1403638197.645159721374512,0.00195,0.00009,0.00005,0.00291,0.00073,0.00099,0.00673
1403638197.695159912109375,0.00190,0.00011,0.00001,0.00304,0.00005,0.00096,0.00607
1403638197.745160102844238,0.00236,0.00013,0.00001,0.00314,0.00076,0.00093,0.00732
1403638197.795160770416260,0.00188,0.00014,0.00391,0.00309,0.00143,0.00093,0.01136
1403638197.845160722732544,0.00197,0.00013,0.00151,0.00367,0.00005,0.00128,0.00860
1403638197.895161151885986,0.00221,0.00016,0.00094,0.00320,0.00002,0.00111,0.00765
1403638197.945163011550903,0.00290,0.00010,0.00108,0.00299,0.00006,0.00103,0.00815
1403638197.995163917541504,0.00226,0.00014,0.00006,0.00295,0.00001,0.00096,0.00638
1403638198.045163869857788,0.00221,0.00010,0.00007,0.00290,0.00038,0.00099,0.00665
1403638198.095162391662598,0.00222,0.00010,0.00003,0.00291,0.00110,0.00100,0.00737
1403638198.145160675048828,0.00204,0.00010,0.00003,0.00314,0.00000,0.00098,0.00630
1403638198.195158958435059,0.00251,0.00013,0.00054,0.00290,0.00007,0.00094,0.00709
1403638198.245156764984131,0.00262,0.00010,0.00005,0.00314,0.00015,0.00102,0.00708
1403638198.295155763626099,0.00219,0.00010,0.00001,0.00323,0.00012,0.00099,0.00664
1403638198.345155239105225,0.00205,0.00009,0.00008,0.00280,0.00003,0.00101,0.00607
1403638198.395149469375610,0.00211,0.00009,0.00264,0.00271,0.00304,0.00101,0.01160
1403638198.445150136947632,0.00211,0.00010,0.00016,0.00327,0.00077,0.00148,0.00788
1403638198.495147228240967,0.00261,0.00015,0.00589,0.00325,0.00014,0.00112,0.01315
1403638198.545150995254517,0.00204,0.00009,0.00037,0.00340,0.00015,0.00092,0.00697
1403638198.595153808593750,0.00243,0.00020,0.00018,0.00290,0.00015,0.00116,0.00702
1403638198.645156145095825,0.00279,0.00013,0.00001,0.00324,0.00003,0.00103,0.00722
1403638198.695157766342163,0.00219,0.00016,0.00007,0.00279,0.00008,0.00115,0.00643
1403638198.745158910751343,0.00199,0.00018,0.00003,0.00278,0.00000,0.00107,0.00605
1403638198.795161485671997,0.00199,0.00009,0.00003,0.00271,0.00085,0.00094,0.00662
1403638198.845162153244019,0.00205,0.00011,0.00005,0.00284,0.00051,0.00096,0.00652
1403638198.895162343978882,0.00202,0.00010,0.00004,0.00275,0.00074,0.00097,0.00662
1403638198.945162773132324,0.00202,0.00009,0.00001,0.00290,0.00003,0.00104,0.00609
1403638198.995164871215820,0.00208,0.00010,0.00201,0.00281,0.00139,0.00144,0.00983
1403638199.045166015625000,0.00261,0.00015,0.00217,0.00262,0.00052,0.00105,0.00912
1403638199.095163822174072,0.00206,0.00018,0.00561,0.00279,0.00113,0.00105,0.01284
1403638199.145164012908936,0.00310,0.00011,0.00057,0.00242,0.00013,0.00091,0.00723
1403638199.195164442062378,0.00238,0.00013,0.00039,0.00244,0.00059,0.00113,0.00706
1403638199.245163679122925,0.00208,0.00011,0.00015,0.00241,0.00009,0.00093,0.00576
1403638199.295161962509155,0.00204,0.00009,0.00004,0.00220,0.00122,0.00097,0.00657
1403638199.345161437988281,0.00223,0.00014,0.00019,0.00234,0.00000,0.00113,0.00603
1403638199.395162343978882,0.00224,0.00013,0.00034,0.00208,0.00004,0.00114,0.00597
1403638199.445164680480957,0.00238,0.00010,0.00012,0.00203,0.00067,0.00095,0.00626
1403638199.495167970657349,0.00235,0.00012,0.00034,0.00202,0.00023,0.00096,0.00602
1403638199.545167684555054,0.00246,0.00013,0.00033,0.00203,0.00003,0.00100,0.00598
1403638199.595165729522705,0.00214,0.00010,0.00034,0.00193,0.00141,0.00096,0.00688
1403638199.645164728164673,0.00204,0.00009,0.00066,0.00192,0.00251,0.00093,0.00816
1403638199.695164442062378,0.00255,0.00012,0.00747,0.00194,0.00028,0.00095,0.01331
1403638199.745160818099976,0.00229,0.00013,0.00018,0.00181,0.00168,0.00102,0.00710
1403638199.795158147811890,0.00236,0.00012,0.00017,0.00183,0.00032,0.00088,0.00567
1403638199.845158338546753,0.00237,0.00013,0.00006,0.00171,0.00006,0.00097,0.00530
1403638199.895158529281616,0.00200,0.00012,0.00025,0.00163,0.00004,0.00095,0.00500
1403638199.945160388946533,0.00245,0.00012,0.00044,0.00162,0.00000,0.00098,0.00560
1403638199.995162010192871,0.00237,0.00012,0.00005,0.00150,0.00170,0.00094,0.00669
1403638200.045163154602051,0.00216,0.00012,0.00008,0.00154,0.00002,0.00097,0.00490
1403638200.095163822174072,0.00215,0.00016,0.00012,0.00166,0.00003,0.00120,0.00531
1403638200.145165681838989,0.00235,0.00015,0.00017,0.00139,0.00060,0.00125,0.00590
1403638200.195168018341064,0.00230,0.00015,0.00053,0.00123,0.00003,0.00119,0.00543
1403638200.245169639587402,0.00228,0.00014,0.00160,0.00128,0.00733,0.00089,0.01352
1403638200.295169353485107,0.00271,0.00011,0.00220,0.00184,0.00720,0.00114,0.01521
1403638200.345170021057129,0.00288,0.00014,0.00205,0.00298,0.00000,0.00116,0.00921
1403638200.395172357559204,0.00236,0.00012,0.00141,0.00248,0.00037,0.00123,0.00797
1403638200.445174455642700,0.00225,0.00014,0.00039,0.00226,0.00002,0.00111,0.00617
1403638200.495175838470459,0.00266,0.00012,0.00393,0.00187,0.00419,0.00115,0.01391
1403638200.545178890228271,0.00213,0.00012,0.00018,0.00227,0.00068,0.00100,0.00639
1403638200.595181226730347,0.00210,0.00013,0.00029,0.00246,0.00002,0.00121,0.00622
1403638200.645181894302368,0.00296,0.00011,0.00015,0.00214,0.00001,0.00116,0.00654
1403638200.695188999176025,0.00229,0.00013,0.00095,0.00176,0.00063,0.00100,0.00676
1403638200.745193004608154,0.00261,0.00015,0.00032,0.00177,0.00013,0.00115,0.00613
1403638200.795196771621704,0.00235,0.00014,0.00016,0.00144,0.00000,0.00124,0.00534
1403638200.845200061798096,0.00200,0.00014,0.00035,0.00131,0.00290,0.00115,0.00786
1403638200.895201683044434,0.00227,0.00019,0.00411,0.00169,0.00369,0.00091,0.01285
1403638200.945200920104980,0.00210,0.00015,0.00007,0.00179,0.00002,0.00114,0.00527
1403638200.995201587677002,0.00202,0.00012,0.00007,0.00159,0.00037,0.00094,0.00510
1403638201.045198202133179,0.00234,0.00009,0.00022,0.00141,0.00118,0.00098,0.00623
1403638201.095195770263672,0.00208,0.00016,0.00024,0.00152,0.00273,0.00117,0.00789
1403638201.145193099975586,0.00215,0.00015,0.00010,0.00164,0.00002,0.00117,0.00523
1403638201.195192098617554,0.00199,0.00011,0.00348,0.00149,0.00908,0.00112,0.01728
1403638201.245192050933838,0.00243,0.00016,0.00022,0.00275,0.00000,0.00111,0.00668
1403638201.295192718505859,0.00202,0.00014,0.00076,0.00246,0.00000,0.00089,0.00627
1403638201.345192670822144,0.00239,0.00013,0.00082,0.00227,0.00002,0.00099,0.00661
1403638201.395192146301270,0.00249,0.00017,0.00026,0.00240,0.00000,0.00120,0.00653
1403638201.445191621780396,0.00247,0.00014,0.00034,0.00232,0.00000,0.00116,0.00643
1403638201.495191335678101,0.00235,0.00013,0.00298,0.00201,0.00404,0.00097,0.01248
1403638201.545189857482910,0.00218,0.00013,0.00001,0.00298,0.00076,0.00098,0.00703
1403638201.595190286636353,0.00238,0.00012,0.00300,0.00249,0.00073,0.00096,0.00969
1403638201.645193338394165,0.00212,0.00013,0.00018,0.00259,0.00037,0.00097,0.00634
1403638201.695194244384766,0.00223,0.00011,0.00048,0.00270,0.00119,0.00102,0.00772
1403638201.745194673538208,0.00234,0.00015,0.00029,0.00275,0.00070,0.00102,0.00726
1403638201.795195341110229,0.00206,0.00011,0.00278,0.00266,0.00281,0.00092,0.01134
1403638201.845196247100830,0.00215,0.00015,0.00004,0.00347,0.00000,0.00089,0.00670
1403638201.895196199417114,0.00189,0.00013,0.00243,0.00329,0.00000,0.00093,0.00867
1403638201.945197105407715,0.00196,0.00010,0.00553,0.00285,0.00037,0.00098,0.01179
1403638201.995199441909790,0.00209,0.00011,0.00017,0.00296,0.00006,0.00090,0.00630
1403638202.045201539993286,0.00262,0.00014,0.00012,0.00278,0.00000,0.00097,0.00663
1403638202.095201730728149,0.00233,0.00017,0.00241,0.00278,0.00145,0.00110,0.01024
1403638202.145200252532959,0.00222,0.00011,0.00011,0.00271,0.00001,0.00083,0.00600
1403638202.195198774337769,0.00211,0.00013,0.00064,0.00244,0.00282,0.00121,0.00935
1403638202.245198726654053,0.00212,0.00015,0.00027,0.00263,0.00037,0.00093,0.00647
1403638202.295201778411865,0.00231,0.00009,0.00066,0.00252,0.00079,0.00124,0.00763
1403638202.345202922821045,0.00229,0.00015,0.00001,0.00237,0.00006,0.00114,0.00602
1403638202.395202636718750,0.00220,0.00013,0.00014,0.00244,0.00274,0.00104,0.00868
1403638202.445201635360718,0.00203,0.00011,0.00044,0.00279,0.00002,0.00161,0.00700
1403638202.495201110839844,0.00218,0.00014,0.00081,0.00271,0.00189,0.00096,0.00869
1403638202.545201539993286,0.00261,0.00015,0.00423,0.00263,0.00082,0.00112,0.01156
1403638202.595199823379517,0.00218,0.00009,0.00517,0.00254,0.00126,0.00123,0.01248
1403638202.645199298858643,0.00236,0.00013,0.00045,0.00240,0.00000,0.00120,0.00655
1403638202.695198535919189,0.00202,0.00014,0.00100,0.00227,0.00047,0.00096,0.00685
1403638202.745197057723999,0.00208,0.00013,0.00020,0.00260,0.00077,0.00134,0.00711
1403638202.795195102691650,0.00233,0.00016,0.00013,0.00241,0.00034,0.00110,0.00647
1403638202.845194816589355,0.00195,0.00013,0.00125,0.00200,0.00457,0.00099,0.01089
1403638202.895194530487061,0.00252,0.00014,0.00017,0.00276,0.00047,0.00125,0.00731
1403638202.945192337036133,0.00286,0.00014,0.00068,0.00182,0.00037,0.00108,0.00694
1403638202.995191812515259,0.00211,0.00013,0.00006,0.00189,0.00075,0.00087,0.00582
1403638203.045192718505859,0.00216,0.00009,0.00100,0.00185,0.00067,0.00085,0.00662
1403638203.095195770263672,0.00227,0.00013,0.00183,0.00184,0.00523,0.00089,0.01220
1403638203.145193576812744,0.00251,0.00017,0.00323,0.00273,0.00265,0.00113,0.01243
1403638203.195193767547607,0.00258,0.00015,0.00347,0.00286,0.00171,0.00097,0.01174
1403638203.245193004608154,0.00234,0.00014,0.00037,0.00276,0.00002,0.00113,0.00676
1403638203.295194149017334,0.00269,0.00016,0.00067,0.00335,0.00000,0.00118,0.00805
1403638203.345194339752197,0.00234,0.00017,0.00017,0.00250,0.00086,0.00081,0.00685
1403638203.395195007324219,0.00249,0.00015,0.00020,0.00274,0.00000,0.00125,0.00683
1403638203.445196151733398,0.00220,0.00009,0.00048,0.00232,0.00067,0.00094,0.00670
1403638203.495197534561157,0.00207,0.00009,0.00010,0.00252,0.00082,0.00148,0.00709
1403638203.545197725296021,0.00242,0.00011,0.00064,0.00247,0.00134,0.00099,0.00798
1403638203.595198869705200,0.00207,0.00010,0.00034,0.00272,0.00039,0.00096,0.00657
1403638203.645198345184326,0.00211,0.00009,0.00236,0.00265,0.00377,0.00124,0.01223
1403638203.695198059082031,0.00236,0.00016,0.00333,0.00300,0.00037,0.00116,0.01039
1403638203.745198011398315,0.00236,0.00010,0.00027,0.00287,0.00072,0.00097,0.00729
1403638203.795197963714600,0.00211,0.00009,0.00208,0.00298,0.00287,0.00111,0.01124
1403638203.895198106765747,0.00233,0.00019,0.00273,0.00355,0.00115,0.00116,0.01111
1403638203.945198535919189,0.00284,0.00013,0.00054,0.00306,0.00000,0.00117,0.00775
1403638203.995198011398315,0.00264,0.00017,0.00067,0.00276,0.00229,0.00112,0.00966
1403638204.045198202133179,0.00240,0.00015,0.00012,0.00287,0.00000,0.00111,0.00666
1403638204.095198631286621,0.00192,0.00014,0.00076,0.00254,0.00037,0.00092,0.00665
1403638204.145199060440063,0.00247,0.00016,0.00014,0.00270,0.00203,0.00112,0.00862
1403638204.195198535919189,0.00222,0.00016,0.00036,0.00294,0.00008,0.00106,0.00681
1403638204.245198488235474,0.00249,0.00016,0.00017,0.00382,0.00080,0.00114,0.00859
1403638204.295198440551758,0.00216,0.00011,0.00214,0.00293,0.00227,0.00107,0.01069
1403638204.345197200775146,0.00256,0.00013,0.00327,0.00289,0.00007,0.00091,0.00983
1403638204.395197629928589,0.00204,0.00009,0.00045,0.00235,0.00000,0.00099,0.00593
1403638204.445197820663452,0.00225,0.00017,0.00059,0.00229,0.00150,0.00110,0.00790
1403638204.495197534561157,0.00217,0.00012,0.00304,0.00229,0.00174,0.00110,0.01046
1403638204.545198917388916,0.00265,0.00013,0.00033,0.00257,0.00000,0.00101,0.00669
1403638204.595198869705200,0.00238,0.00018,0.00015,0.00241,0.00003,0.00122,0.00637
1403638204.645198345184326,0.00239,0.00011,0.00049,0.00223,0.00000,0.00096,0.00619
1403638204.695198297500610,0.00268,0.00010,0.00021,0.00208,0.00189,0.00095,0.00790
1403638204.745198249816895,0.00262,0.00013,0.00070,0.00220,0.00117,0.00112,0.00793
1403638204.795198678970337,0.00261,0.00018,0.00026,0.00224,0.00270,0.00098,0.00898
1403638204.845198392868042,0.00250,0.00013,0.00021,0.00293,0.00002,0.00118,0.00698
1403638204.895196676254272,0.00246,0.00016,0.00418,0.00241,0.00212,0.00098,0.01231
1403638204.945195198059082,0.00254,0.00014,0.00281,0.00267,0.00143,0.00125,0.01084
1403638204.995194673538208,0.00231,0.00010,0.00080,0.00273,0.00000,0.00107,0.00701
1403638205.045195341110229,0.00223,0.00009,0.00114,0.00276,0.00000,0.00098,0.00719
1403638205.095194101333618,0.00210,0.00014,0.00427,0.00228,0.00124,0.00115,0.01117
1403638205.145194053649902,0.00309,0.00014,0.00124,0.00173,0.00000,0.00113,0.00731
1403638205.195194959640503,0.00219,0.00018,0.00112,0.00161,0.00066,0.00135,0.00710
1403638205.245194911956787,0.00242,0.00013,0.00285,0.00137,0.00630,0.00112,0.01419
1403638205.295195102691650,0.00194,0.00013,0.00019,0.00210,0.00000,0.00101,0.00536
1403638205.345195531845093,0.00204,0.00018,0.00071,0.00152,0.00001,0.00126,0.00572
1403638205.395196437835693,0.00304,0.00014,0.00059,0.00146,0.00072,0.00114,0.00709
1403638205.445196390151978,0.00220,0.00013,0.00076,0.00158,0.00000,0.00104,0.00570
1403638205.495195627212524,0.00204,0.00009,0.00060,0.00141,0.00434,0.00127,0.00976
1403638205.545193910598755,0.00232,0.00014,0.00050,0.00198,0.00000,0.00120,0.00614
1403638205.595193862915039,0.00201,0.00012,0.00030,0.00154,0.00000,0.00101,0.00499
1403638205.645194768905640,0.00186,0.00011,0.00032,0.00154,0.00000,0.00097,0.00482
1403638205.695188522338867,0.00241,0.00016,0.00390,0.00132,0.00708,0.00112,0.01599
1403638205.745187044143677,0.00244,0.00014,0.00008,0.00202,0.00000,0.00119,0.00587
1403638205.795186281204224,0.00210,0.00013,0.00036,0.00190,0.00059,0.00100,0.00608
1403638205.845183610916138,0.00202,0.00010,0.00106,0.00183,0.00216,0.00091,0.00808
1403638205.895180702209473,0.00202,0.00015,0.00043,0.00208,0.00000,0.00092,0.00561
1403638205.945174694061279,0.00301,0.00017,0.00284,0.00186,0.00715,0.00116,0.01619
1403638205.995173692703247,0.00222,0.00016,0.00058,0.00241,0.00013,0.00086,0.00636
1403638206.045173168182373,0.00202,0.00010,0.00022,0.00178,0.00000,0.00081,0.00493
1403638206.095175981521606,0.00232,0.00016,0.00096,0.00161,0.00003,0.00120,0.00628
1403638206.145177364349365,0.00196,0.00015,0.00047,0.00152,0.00000,0.00110,0.00519
1403638206.195178031921387,0.00264,0.00012,0.00050,0.00132,0.00000,0.00081,0.00540
1403638206.245177030563354,0.00220,0.00015,0.00021,0.00126,0.00225,0.00116,0.00723
1403638206.295174360275269,0.00207,0.00011,0.00076,0.00128,0.00402,0.00089,0.00914
1403638206.345174074172974,0.00235,0.00012,0.00032,0.00143,0.00000,0.00147,0.00570
1403638206.395172119140625,0.00242,0.00013,0.00050,0.00134,0.00000,0.00108,0.00548
1403638206.445171594619751,0.00243,0.00012,0.00092,0.00136,0.00175,0.00092,0.00750
1403638206.495171785354614,0.00213,0.00012,0.00204,0.00126,0.00772,0.00123,0.01450
1403638206.545171737670898,0.00226,0.00014,0.00039,0.00161,0.00000,0.00102,0.00541
1403638206.595173835754395,0.00184,0.00013,0.00073,0.00154,0.00054,0.00138,0.00616
1403638206.645172834396362,0.00254,0.00014,0.00033,0.00124,0.00002,0.00113,0.00541
1403638206.695173263549805,0.00211,0.00015,0.00049,0.00119,0.00011,0.00121,0.00526
1403638206.745172739028931,0.00267,0.00014,0.00042,0.00093,0.00329,0.00104,0.00848
1403638206.795173645019531,0.00240,0.00012,0.00042,0.00105,0.00000,0.00098,0.00498
1403638206.845174312591553,0.00222,0.00009,0.00024,0.00102,0.00053,0.00094,0.00504
1403638206.895174264907837,0.00284,0.00009,0.00170,0.00097,0.00360,0.00091,0.01011
1403638206.945174217224121,0.00222,0.00012,0.00034,0.00131,0.00000,0.00094,0.00493
1403638206.995175123214722,0.00194,0.00011,0.00047,0.00128,0.00766,0.00148,0.01294
1403638207.045175790786743,0.00284,0.00014,0.00028,0.00225,0.00000,0.00121,0.00672
1403638207.095175981521606,0.00213,0.00013,0.00055,0.00201,0.00201,0.00093,0.00777
1403638207.145176172256470,0.00199,0.00012,0.00022,0.00217,0.00000,0.00093,0.00544
1403638207.195176124572754,0.00194,0.00016,0.00101,0.00203,0.00280,0.00118,0.00911
1403638207.245177268981934,0.00221,0.00013,0.00120,0.00203,0.00109,0.00109,0.00774
1403638207.295179367065430,0.00238,0.00013,0.00040,0.00180,0.00183,0.00106,0.00762
1403638207.345181226730347,0.00211,0.00011,0.00241,0.00171,0.00126,0.00120,0.00880
1403638207.395182609558105,0.00219,0.00015,0.00036,0.00189,0.00002,0.00109,0.00569
1403638207.445183992385864,0.00250,0.00013,0.00022,0.00187,0.00224,0.00095,0.00791
1403638207.495184898376465,0.00214,0.00011,0.00027,0.00193,0.00033,0.00094,0.00573
1403638207.545185565948486,0.00198,0.00009,0.00061,0.00160,0.00000,0.00100,0.00527
1403638207.595186948776245,0.00190,0.00012,0.00039,0.00178,0.00637,0.00122,0.01179
1403638207.645187377929688,0.00263,0.00014,0.00036,0.00205,0.00001,0.00115,0.00634
1403638207.695187568664551,0.00260,0.00013,0.00001,0.00154,0.00000,0.00094,0.00522
1403638207.745186805725098,0.00206,0.00013,0.00051,0.00131,0.00033,0.00098,0.00531
1403638207.795186996459961,0.00249,0.00010,0.00037,0.00141,0.00011,0.00095,0.00543
1403638207.845185995101929,0.00202,0.00011,0.00042,0.00114,0.00736,0.00124,0.01229
1403638207.895185232162476,0.00238,0.00015,0.00056,0.00172,0.00000,0.00108,0.00590
1403638207.945181846618652,0.00193,0.00013,0.00055,0.00164,0.00032,0.00098,0.00555
1403638207.995176076889038,0.00299,0.00015,0.00222,0.00158,0.00585,0.00116,0.01396
1403638208.045176506042480,0.00247,0.00018,0.00066,0.00226,0.00012,0.00118,0.00687
1403638208.095175266265869,0.00217,0.00013,0.00006,0.00221,0.00039,0.00101,0.00597
1403638208.145174741744995,0.00200,0.00014,0.00023,0.00224,0.00009,0.00105,0.00576
1403638208.195172786712646,0.00206,0.00009,0.00140,0.00203,0.00324,0.00127,0.01010
1403638208.245172500610352,0.00222,0.00013,0.00237,0.00225,0.00153,0.00118,0.00967
1403638208.295173406600952,0.00207,0.00011,0.00015,0.00266,0.00003,0.00145,0.00647
1403638208.345171928405762,0.00215,0.00014,0.00458,0.00220,0.00235,0.00088,0.01230
1403638208.445172548294067,0.00262,0.00019,0.00131,0.00236,0.00088,0.00114,0.00850
1403638208.495173692703247,0.00207,0.00017,0.00001,0.00287,0.00000,0.00120,0.00632
1403638208.545173406600952,0.00206,0.00011,0.00009,0.00211,0.00037,0.00082,0.00557
1403638208.595172882080078,0.00222,0.00010,0.00519,0.00199,0.00401,0.00094,0.01446
1403638208.645172595977783,0.00254,0.00018,0.00080,0.00258,0.00093,0.00120,0.00823
1403638208.695173025131226,0.00207,0.00013,0.00014,0.00280,0.00072,0.00096,0.00683
1403638208.745172977447510,0.00205,0.00010,0.00005,0.00285,0.00001,0.00097,0.00602
1403638208.795173406600952,0.00214,0.00016,0.00031,0.00263,0.00070,0.00120,0.00713
1403638208.845173597335815,0.00210,0.00017,0.00010,0.00245,0.00001,0.00112,0.00595
1403638208.895174980163574,0.00234,0.00013,0.00058,0.00211,0.00188,0.00095,0.00800
1403638208.945175886154175,0.00219,0.00010,0.00013,0.00234,0.00077,0.00094,0.00646
1403638208.995176792144775,0.00233,0.00012,0.00202,0.00226,0.00196,0.00105,0.00975
1403638209.045177221298218,0.00208,0.00014,0.00047,0.00253,0.00151,0.00149,0.00822
1403638209.095178604125977,0.00215,0.00014,0.00045,0.00290,0.00002,0.00127,0.00692
1403638209.145179510116577,0.00211,0.00012,0.00295,0.00271,0.00150,0.00108,0.01048
1403638209.195179700851440,0.00203,0.00013,0.00432,0.00274,0.00146,0.00095,0.01163
1403638209.245180606842041,0.00194,0.00013,0.00104,0.00267,0.00066,0.00097,0.00741
1403638209.295181035995483,0.00201,0.00012,0.00003,0.00273,0.00000,0.00099,0.00588
1403638209.345181226730347,0.00232,0.00014,0.00013,0.00249,0.00083,0.00117,0.00708
1403638209.395181179046631,0.00213,0.00011,0.00026,0.00249,0.00000,0.00118,0.00617
1403638209.445181608200073,0.00217,0.00016,0.00380,0.00236,0.00490,0.00115,0.01455
1403638209.495182037353516,0.00225,0.00013,0.00058,0.00332,0.00038,0.00128,0.00793
1403638209.545182228088379,0.00198,0.00014,0.00003,0.00335,0.00001,0.00135,0.00686
1403638209.595181465148926,0.00212,0.00018,0.00171,0.00298,0.00078,0.00111,0.00888
1403638209.645180940628052,0.00221,0.00018,0.00038,0.00297,0.00000,0.00113,0.00688
1403638209.695181131362915,0.00196,0.00013,0.00025,0.00229,0.00003,0.00101,0.00568
1403638209.745180845260620,0.00198,0.00010,0.00206,0.00200,0.00149,0.00103,0.00866
1403638209.795181274414062,0.00232,0.00009,0.00225,0.00228,0.00275,0.00094,0.01063
1403638209.845180749893188,0.00295,0.00010,0.00008,0.00321,0.00118,0.00130,0.00882
1403638209.895181417465210,0.00229,0.00011,0.00167,0.00263,0.00125,0.00110,0.00905
1403638209.945181608200073,0.00218,0.00015,0.00029,0.00234,0.00000,0.00110,0.00607
1403638209.995181560516357,0.00192,0.00009,0.00023,0.00197,0.00002,0.00101,0.00524
1403638210.045181274414062,0.00227,0.00011,0.00040,0.00198,0.00571,0.00123,0.01169
1403638210.095180988311768,0.00227,0.00021,0.00038,0.00426,0.00066,0.00134,0.00912
1403638210.145180702209473,0.00211,0.00014,0.00022,0.00259,0.00000,0.00119,0.00625
1403638210.195180416107178,0.00192,0.00013,0.00020,0.00261,0.00129,0.00092,0.00708
1403638210.245181560516357,0.00187,0.00013,0.00043,0.00257,0.00001,0.00098,0.00600
1403638210.295181989669800,0.00245,0.00009,0.00037,0.00270,0.00026,0.00107,0.00695
1403638210.345183372497559,0.00239,0.00012,0.00115,0.00248,0.00308,0.00096,0.01019
1403638210.395182609558105,0.00218,0.00013,0.00627,0.00297,0.00153,0.00092,0.01401
1403638210.445182561874390,0.00219,0.00010,0.00067,0.00286,0.00003,0.00109,0.00695
1403638210.495182275772095,0.00218,0.00010,0.00105,0.00290,0.00002,0.00096,0.00722
1403638210.545182704925537,0.00214,0.00010,0.00032,0.00272,0.00002,0.00103,0.00633
1403638210.595182895660400,0.00222,0.00009,0.00004,0.00254,0.00133,0.00100,0.00722
1403638210.645182847976685,0.00204,0.00009,0.00003,0.00283,0.00013,0.00106,0.00618
1403638210.695182800292969,0.00204,0.00010,0.00059,0.00269,0.00048,0.00098,0.00688
1403638210.745182514190674,0.00203,0.00019,0.00014,0.00267,0.00000,0.00112,0.00616
1403638210.795182228088379,0.00230,0.00012,0.00045,0.00266,0.00116,0.00121,0.00790
1403638210.845180273056030,0.00196,0.00009,0.00514,0.00276,0.00386,0.00099,0.01480
1403638210.895180225372314,0.00195,0.00010,0.00041,0.00363,0.00000,0.00101,0.00710
1403638210.945181608200073,0.00204,0.00010,0.00215,0.00337,0.00000,0.00098,0.00863
1403638210.995182037353516,0.00192,0.00010,0.00554,0.00345,0.00000,0.00092,0.01194
1403638211.045181751251221,0.00213,0.00010,0.00084,0.00332,0.00000,0.00098,0.00737
1403638211.095182657241821,0.00220,0.00010,0.00121,0.00318,0.00002,0.00093,0.00765
1403638211.145182132720947,0.00197,0.00010,0.00021,0.00337,0.00073,0.00106,0.00745
1403638211.195183038711548,0.00198,0.00010,0.00005,0.00329,0.00075,0.00093,0.00709
1403638211.245183229446411,0.00185,0.00014,0.00008,0.00348,0.00000,0.00098,0.00652
1403638211.295183897018433,0.00300,0.00024,0.00011,0.00351,0.00000,0.00125,0.00811
1403638211.345186948776245,0.00306,0.00014,0.00002,0.00447,0.00000,0.00124,0.00893
1403638211.395187616348267,0.00212,0.00014,0.00022,0.00313,0.00013,0.00107,0.00681
1403638211.445187807083130,0.00219,0.00009,0.00378,0.00312,0.00271,0.00105,0.01294
1403638211.495188713073730,0.00224,0.00010,0.00001,0.00365,0.00003,0.00102,0.00706
1403638211.545190095901489,0.00247,0.00015,0.00154,0.00373,0.00043,0.00129,0.00962
1403638211.595189571380615,0.00251,0.00013,0.00434,0.00356,0.00000,0.00124,0.01178
1403638211.645190238952637,0.00224,0.00013,0.00045,0.00362,0.00000,0.00122,0.00767
1403638211.695190668106079,0.00241,0.00012,0.00155,0.00399,0.00000,0.00121,0.00928
1403638211.745190382003784,0.00214,0.00010,0.00081,0.00316,0.00080,0.00110,0.00810
1403638211.795190811157227,0.00220,0.00010,0.00080,0.00302,0.00002,0.00093,0.00707
1403638211.845191478729248,0.00209,0.00010,0.00919,0.00296,0.00119,0.00087,0.01641
1403638211.895191907882690,0.00265,0.00021,0.00010,0.00309,0.00003,0.00119,0.00727
1403638211.945192575454712,0.00229,0.00013,0.00002,0.00291,0.00000,0.00123,0.00658
1403638211.995191574096680,0.00222,0.00009,0.00007,0.00303,0.00069,0.00128,0.00739
1403638212.045191764831543,0.00222,0.00014,0.00053,0.00261,0.00223,0.00118,0.00891
1403638212.095192193984985,0.00181,0.00010,0.00025,0.00299,0.00003,0.00096,0.00614
1403638212.145192384719849,0.00191,0.00013,0.00017,0.00269,0.00123,0.00093,0.00706
1403638212.195192575454712,0.00207,0.00009,0.00364,0.00258,0.00195,0.00116,0.01149
1403638212.245193004608154,0.00346,0.00016,0.00049,0.00284,0.00008,0.00117,0.00820
1403638212.295193672180176,0.00239,0.00010,0.00006,0.00249,0.00103,0.00095,0.00701
1403638212.345193862915039,0.00219,0.00010,0.00017,0.00232,0.00035,0.00095,0.00607
1403638212.395194053649902,0.00199,0.00009,0.00015,0.00202,0.00000,0.00107,0.00533
1403638212.445194482803345,0.00214,0.00015,0.00356,0.00187,0.00679,0.00156,0.01609
1403638212.495194435119629,0.00247,0.00013,0.00046,0.00245,0.00069,0.00126,0.00746
1403638212.545195579528809,0.00226,0.00014,0.00015,0.00224,0.00000,0.00102,0.00581
1403638212.595195531845093,0.00194,0.00010,0.00005,0.00233,0.00085,0.00131,0.00658
1403638212.645196676254272,0.00211,0.00013,0.00011,0.00240,0.00154,0.00114,0.00743
1403638212.695197820663452,0.00206,0.00016,0.00035,0.00226,0.00004,0.00115,0.00601
1403638212.745198726654053,0.00193,0.00013,0.00066,0.00189,0.00000,0.00098,0.00560
1403638212.795202016830444,0.00284,0.00016,0.00787,0.00161,0.00912,0.00108,0.02269
1403638212.845202445983887,0.00244,0.00013,0.00115,0.00270,0.00007,0.00115,0.00764
1403638212.895201921463013,0.00235,0.00014,0.00018,0.00246,0.00037,0.00091,0.00641
1403638212.945202827453613,0.00208,0.00013,0.00015,0.00200,0.00000,0.00095,0.00530
1403638212.995203256607056,0.00281,0.00011,0.00013,0.00167,0.00000,0.00098,0.00570
1403638213.045203685760498,0.00303,0.00012,0.00065,0.00136,0.00398,0.00128,0.01043
1403638213.095203638076782,0.00288,0.00018,0.00041,0.00150,0.00096,0.00112,0.00706
1403638213.145203351974487,0.00196,0.00012,0.00059,0.00110,0.00000,0.00092,0.00469
1403638213.195202827453613,0.00229,0.00011,0.00042,0.00079,0.00000,0.00092,0.00454
1403638213.245202541351318,0.00269,0.00015,0.00120,0.00077,0.00003,0.00120,0.00605
1403638213.295202255249023,0.00214,0.00011,0.00019,0.00074,0.00002,0.00093,0.00414
1403638213.345197916030884,0.00215,0.00012,0.00110,0.00041,0.00433,0.00114,0.00925
1403638213.395197391510010,0.00237,0.00009,0.00044,0.00075,0.00586,0.00130,0.01081
1403638213.445197820663452,0.00212,0.00013,0.00090,0.00132,0.00000,0.00113,0.00561
1403638213.495199203491211,0.00249,0.00015,0.00107,0.00118,0.00008,0.00108,0.00605
1403638213.545199632644653,0.00354,0.00009,0.00069,0.00109,0.00167,0.00084,0.00791
1403638213.595202684402466,0.00241,0.00013,0.00087,0.00113,0.00494,0.00082,0.01031
1403638213.645202159881592,0.00299,0.00014,0.00069,0.00112,0.00101,0.00111,0.00706
1403638213.695203542709351,0.00214,0.00012,0.00033,0.00110,0.00000,0.00090,0.00460
1403638213.745201110839844,0.00242,0.00008,0.00043,0.00107,0.00199,0.00092,0.00691
1403638213.795207023620605,0.00297,0.00011,0.00084,0.00114,0.00523,0.00096,0.01126
1403638213.845206975936890,0.00313,0.00013,0.00052,0.00143,0.00000,0.00092,0.00612
1403638213.895206451416016,0.00230,0.00012,0.00071,0.00125,0.00000,0.00095,0.00534
1403638213.945207118988037,0.00189,0.00012,0.00055,0.00120,0.00559,0.00095,0.01030
1403638213.995208263397217,0.00233,0.00012,0.00046,0.00170,0.00000,0.00096,0.00556
1403638214.045208930969238,0.00225,0.00010,0.00091,0.00162,0.00095,0.00090,0.00673
1403638214.095203161239624,0.00215,0.00016,0.00034,0.00179,0.00393,0.00111,0.00948
1403638214.145204067230225,0.00307,0.00014,0.00058,0.00171,0.00197,0.00155,0.00902
1403638214.195205688476562,0.00237,0.00013,0.00059,0.00194,0.00335,0.00111,0.00948
1403638214.245205402374268,0.00211,0.00010,0.00070,0.00236,0.00002,0.00091,0.00619
1403638214.295205593109131,0.00232,0.00009,0.00010,0.00233,0.00104,0.00091,0.00679
1403638214.345206737518311,0.00195,0.00014,0.00610,0.00256,0.00205,0.00094,0.01375
1403638214.395205736160278,0.00194,0.00010,0.00056,0.00258,0.00000,0.00092,0.00610
1403638214.445205450057983,0.00205,0.00013,0.00033,0.00251,0.00000,0.00090,0.00593
1403638214.495205640792847,0.00278,0.00022,0.00063,0.00207,0.00002,0.00100,0.00672
1403638214.545204877853394,0.00202,0.00014,0.00253,0.00196,0.00301,0.00108,0.01075
1403638214.595205068588257,0.00211,0.00011,0.00048,0.00228,0.00002,0.00117,0.00617
1403638214.645206451416016,0.00205,0.00013,0.00078,0.00203,0.00070,0.00109,0.00679
1403638214.695206880569458,0.00198,0.00013,0.00356,0.00184,0.00448,0.00118,0.01316
1403638214.745207548141479,0.00253,0.00015,0.00055,0.00232,0.00035,0.00136,0.00724
1403638214.795208215713501,0.00227,0.00011,0.00029,0.00229,0.00002,0.00102,0.00599
1403638214.845208406448364,0.00219,0.00013,0.00001,0.00245,0.00015,0.00129,0.00622
1403638214.895208120346069,0.00219,0.00015,0.00001,0.00220,0.00036,0.00123,0.00615
1403638214.945207595825195,0.00226,0.00015,0.00131,0.00207,0.00513,0.00094,0.01185
1403638214.995205640792847,0.00215,0.00011,0.00022,0.00318,0.00003,0.00122,0.00692
1403638215.045206308364868,0.00207,0.00014,0.00532,0.00298,0.00213,0.00117,0.01382
1403638215.095204591751099,0.00266,0.00020,0.00150,0.00475,0.00000,0.00118,0.01030
1403638215.145203590393066,0.00217,0.00017,0.00280,0.00289,0.00000,0.00105,0.00908
1403638215.195204257965088,0.00195,0.00011,0.00022,0.00278,0.00074,0.00096,0.00678
1403638215.245204687118530,0.00207,0.00013,0.00003,0.00285,0.00039,0.00099,0.00646
1403638215.295204401016235,0.00190,0.00009,0.00358,0.00271,0.00118,0.00099,0.01045
1403638215.345204830169678,0.00222,0.00018,0.00012,0.00295,0.00002,0.00108,0.00656
1403638215.395205497741699,0.00230,0.00013,0.00107,0.00270,0.00153,0.00113,0.00887
1403638215.445205926895142,0.00227,0.00017,0.00138,0.00292,0.00001,0.00119,0.00794
1403638215.495207786560059,0.00220,0.00014,0.00353,0.00293,0.00156,0.00117,0.01152
1403638215.545208454132080,0.00208,0.00017,0.00080,0.00289,0.00037,0.00109,0.00741
1403638215.595208883285522,0.00200,0.00016,0.00038,0.00301,0.00071,0.00099,0.00725
1403638215.645209789276123,0.00237,0.00017,0.00422,0.00279,0.00138,0.00112,0.01206
1403638215.695209980010986,0.00184,0.00012,0.00041,0.00310,0.00073,0.00091,0.00711
1403638215.745210409164429,0.00213,0.00013,0.00207,0.00323,0.00097,0.00091,0.00943
1403638215.795210838317871,0.00222,0.00009,0.00003,0.00299,0.00000,0.00096,0.00629
1403638215.845211029052734,0.00214,0.00011,0.00049,0.00293,0.00073,0.00098,0.00739
1403638215.895210504531860,0.00218,0.00020,0.00293,0.00336,0.00039,0.00108,0.01014
1403638215.945210456848145,0.00214,0.00015,0.00226,0.00300,0.00295,0.00089,0.01139
1403638215.995211124420166,0.00226,0.00014,0.00073,0.00309,0.00002,0.00157,0.00781
1403638216.045211076736450,0.00180,0.00015,0.00001,0.00299,0.00144,0.00112,0.00751
1403638216.095212221145630,0.00224,0.00019,0.00308,0.00306,0.00002,0.00115,0.00973
1403638216.145211696624756,0.00194,0.00013,0.00003,0.00305,0.00073,0.00094,0.00682
1403638216.195211648941040,0.00228,0.00016,0.00071,0.00293,0.00143,0.00097,0.00848
1403638216.245211601257324,0.00216,0.00017,0.00360,0.00311,0.00074,0.00107,0.01085
1403638216.295212030410767,0.00220,0.00019,0.00007,0.00346,0.00003,0.00118,0.00713
1403638216.345212459564209,0.00206,0.00013,0.00129,0.00316,0.00107,0.00096,0.00867
1403638216.395212173461914,0.00186,0.00010,0.00382,0.00353,0.00000,0.00128,0.01058
1403638216.445211887359619,0.00244,0.00014,0.00029,0.00338,0.00000,0.00107,0.00731
1403638216.495211601257324,0.00225,0.00014,0.00312,0.00312,0.00073,0.00116,0.01053
1403638216.545210838317871,0.00238,0.00021,0.00170,0.00296,0.00178,0.00108,0.01011
1403638216.595210552215576,0.00164,0.00009,0.00079,0.00298,0.00070,0.00089,0.00710
1403638216.645210027694702,0.00235,0.00017,0.00007,0.00333,0.00000,0.00114,0.00705
1403638216.695209741592407,0.00207,0.00012,0.00261,0.00316,0.00146,0.00102,0.01044
1403638216.745210170745850,0.00189,0.00013,0.00072,0.00371,0.00000,0.00130,0.00775
1403638216.795210599899292,0.00213,0.00012,0.00080,0.00337,0.00044,0.00114,0.00800
1403638216.845211505889893,0.00190,0.00013,0.00355,0.00295,0.00000,0.00096,0.00949
1403638216.895211696624756,0.00187,0.00012,0.00001,0.00320,0.00086,0.00142,0.00748
1403638216.945211648941040,0.00215,0.00019,0.00065,0.00283,0.00106,0.00115,0.00803
1403638216.995211601257324,0.00197,0.00014,0.00542,0.00286,0.00277,0.00100,0.01416
1403638217.045212030410767,0.00206,0.00010,0.00050,0.00326,0.00000,0.00084,0.00677
1403638217.095212221145630,0.00292,0.00014,0.00213,0.00329,0.00002,0.00121,0.00972
1403638217.145212411880493,0.00209,0.00010,0.00018,0.00303,0.00072,0.00099,0.00712
1403638217.195212364196777,0.00224,0.00010,0.00005,0.00284,0.00071,0.00094,0.00687
1403638217.245212078094482,0.00204,0.00009,0.00011,0.00326,0.00003,0.00106,0.00659
1403638217.295211791992188,0.00213,0.00010,0.00139,0.00299,0.00221,0.00103,0.00985
1403638217.345211744308472,0.00202,0.00009,0.00082,0.00340,0.00082,0.00157,0.00872
1403638217.395211219787598,0.00208,0.00011,0.00001,0.00321,0.00000,0.00102,0.00643
1403638217.445210218429565,0.00233,0.00014,0.00224,0.00307,0.00145,0.00117,0.01039
1403638217.495209455490112,0.00201,0.00011,0.00028,0.00358,0.00000,0.00130,0.00728
1403638217.545208692550659,0.00218,0.00016,0.00001,0.00319,0.00082,0.00095,0.00730
1403638217.595207691192627,0.00213,0.00013,0.00466,0.00328,0.00147,0.00118,0.01286
1403638217.645207643508911,0.00207,0.00017,0.00708,0.00348,0.00000,0.00105,0.01385
1403638217.695207357406616,0.00235,0.00015,0.00159,0.00341,0.00076,0.00119,0.00946
1403638217.745206356048584,0.00198,0.00015,0.00004,0.00376,0.00000,0.00117,0.00711
1403638217.795205831527710,0.00206,0.00015,0.00006,0.00348,0.00002,0.00118,0.00695
1403638217.845205545425415,0.00200,0.00015,0.00004,0.00355,0.00003,0.00118,0.00695
1403638217.895204782485962,0.00210,0.00014,0.00071,0.00334,0.00182,0.00094,0.00905
1403638217.945204496383667,0.00216,0.00016,0.00008,0.00361,0.00001,0.00117,0.00719
1403638217.995203733444214,0.00197,0.00009,0.00001,0.00359,0.00000,0.00109,0.00675
1403638218.045204162597656,0.00201,0.00015,0.00167,0.00342,0.00004,0.00111,0.00839
1403638218.095203638076782,0.00153,0.00010,0.00001,0.00334,0.00000,0.00082,0.00580
1403638218.145203590393066,0.00214,0.00018,0.00001,0.00358,0.00003,0.00130,0.00723
1403638218.195203304290771,0.00174,0.00014,0.00275,0.00340,0.00155,0.00111,0.01068
1403638218.245202541351318,0.00182,0.00011,0.00560,0.00387,0.00000,0.00083,0.01222
1403638218.295202732086182,0.00160,0.00010,0.00105,0.00428,0.00000,0.00082,0.00786
1403638218.345202684402466,0.00128,0.00009,0.00004,0.00388,0.00000,0.00080,0.00610
1403638218.395202398300171,0.00184,0.00010,0.00008,0.00368,0.00000,0.00082,0.00652
1403638218.445202589035034,0.00222,0.00018,0.00006,0.00386,0.00000,0.00123,0.00755
1403638218.495203018188477,0.00185,0.00010,0.00069,0.00402,0.00000,0.00100,0.00766
1403638218.545203208923340,0.00181,0.00010,0.00003,0.00427,0.00000,0.00125,0.00747
1403638218.595203638076782,0.00203,0.00013,0.00001,0.00388,0.00000,0.00124,0.00729
1403638218.645204544067383,0.00237,0.00013,0.00013,0.00378,0.00000,0.00096,0.00738
1403638218.695204734802246,0.00221,0.00010,0.00001,0.00379,0.00000,0.00098,0.00708
1403638218.745205163955688,0.00199,0.00019,0.00007,0.00388,0.00000,0.00118,0.00733
1403638218.795205116271973,0.00233,0.00014,0.00032,0.00384,0.00000,0.00125,0.00789
1403638218.845205545425415,0.00194,0.00013,0.00036,0.00380,0.00000,0.00097,0.00720
1403638218.895206451416016,0.00215,0.00014,0.00015,0.00400,0.00000,0.00127,0.00771
1403638218.945206403732300,0.00208,0.00014,0.00003,0.00378,0.00003,0.00114,0.00721
1403638218.995207071304321,0.00210,0.00010,0.00003,0.00369,0.00003,0.00097,0.00693
1403638219.045207738876343,0.00198,0.00013,0.00001,0.00368,0.00003,0.00117,0.00700
1403638219.095207691192627,0.00209,0.00011,0.00001,0.00378,0.00004,0.00105,0.00708
1403638219.145207881927490,0.00183,0.00009,0.00011,0.00359,0.00000,0.00092,0.00656
1403638219.195207834243774,0.00220,0.00010,0.00001,0.00355,0.00000,0.00097,0.00682
1403638219.245208501815796,0.00211,0.00021,0.00011,0.00366,0.00005,0.00120,0.00733
1403638219.295208930969238,0.00222,0.00014,0.00001,0.00364,0.00000,0.00120,0.00720
1403638219.345209360122681,0.00188,0.00016,0.00001,0.00362,0.00003,0.00097,0.00668
1403638219.395209550857544,0.00216,0.00010,0.00029,0.00356,0.00006,0.00108,0.00725
1403638219.445209980010986,0.00219,0.00010,0.00222,0.00355,0.00004,0.00098,0.00908
1403638219.495209455490112,0.00202,0.00009,0.00072,0.00350,0.00005,0.00094,0.00733
1403638219.545208930969238,0.00192,0.00009,0.00001,0.00356,0.00003,0.00104,0.00665
1403638219.595206737518311,0.00196,0.00015,0.00001,0.00362,0.00005,0.00120,0.00700
1403638219.645204305648804,0.00220,0.00013,0.00001,0.00387,0.00004,0.00095,0.00720
1403638219.695203304290771,0.00212,0.00014,0.00001,0.00364,0.00004,0.00121,0.00715
1403638219.745201349258423,0.00187,0.00016,0.00001,0.00373,0.00000,0.00096,0.00673
1403638219.795200824737549,0.00192,0.00009,0.00001,0.00357,0.00000,0.00100,0.00658
1403638219.845200300216675,0.00202,0.00009,0.00009,0.00369,0.00005,0.00099,0.00694
1403638219.895200252532959,0.00202,0.00019,0.00001,0.00364,0.00000,0.00124,0.00710
1403638219.945199728012085,0.00219,0.00018,0.00001,0.00350,0.00003,0.00102,0.00691
1403638219.995199918746948,0.00238,0.00013,0.00028,0.00344,0.00006,0.00112,0.00741
1403638220.045200109481812,0.00187,0.00014,0.00273,0.00339,0.00004,0.00097,0.00915
1403638220.095199823379517,0.00185,0.00019,0.00095,0.00363,0.00006,0.00123,0.00792
1403638220.145200014114380,0.00209,0.00016,0.00001,0.00349,0.00004,0.00116,0.00696
1403638220.195199489593506,0.00220,0.00018,0.00001,0.00344,0.00004,0.00144,0.00732
1403638220.245199203491211,0.00228,0.00014,0.00001,0.00355,0.00003,0.00117,0.00718
1403638220.295199155807495,0.00197,0.00010,0.00003,0.00334,0.00080,0.00099,0.00723
1403638220.345198869705200,0.00187,0.00010,0.00001,0.00360,0.00000,0.00093,0.00651
1403638220.395198583602905,0.00195,0.00009,0.00001,0.00343,0.00000,0.00095,0.00643
1403638220.445198535919189,0.00208,0.00009,0.00006,0.00345,0.00007,0.00098,0.00673
1403638220.495198249816895,0.00180,0.00009,0.00001,0.00343,0.00000,0.00092,0.00626
1403638220.545197963714600,0.00213,0.00009,0.00001,0.00362,0.00002,0.00099,0.00687
1403638220.595197916030884,0.00194,0.00016,0.00218,0.00351,0.00087,0.00115,0.00981
1403638220.645197629928589,0.00213,0.00020,0.00341,0.00357,0.00005,0.00126,0.01061
1403638220.695197820663452,0.00210,0.00012,0.00075,0.00362,0.00004,0.00098,0.00761
1403638220.745197534561157,0.00181,0.00010,0.00001,0.00360,0.00003,0.00093,0.00648
1403638220.795197963714600,0.00181,0.00009,0.00001,0.00352,0.00003,0.00094,0.00641
1403638220.845197916030884,0.00185,0.00009,0.00001,0.00359,0.00004,0.00095,0.00653
1403638220.895197868347168,0.00239,0.00015,0.00001,0.00366,0.00004,0.00115,0.00740
1403638220.945198059082031,0.00200,0.00017,0.00001,0.00350,0.00000,0.00091,0.00660
1403638220.995198011398315,0.00207,0.00014,0.00001,0.00367,0.00000,0.00119,0.00707
1403638221.045198202133179,0.00181,0.00015,0.00008,0.00365,0.00005,0.00096,0.00669
1403638221.095198154449463,0.00214,0.00010,0.00001,0.00347,0.00000,0.00093,0.00664
1403638221.145198106765747,0.00212,0.00010,0.00001,0.00460,0.00002,0.00103,0.00789
1403638221.195198059082031,0.00235,0.00010,0.00135,0.00334,0.00010,0.00091,0.00816
1403638221.245197772979736,0.00186,0.00013,0.00296,0.00422,0.00189,0.00166,0.01271
1403638221.295197963714600,0.00217,0.00015,0.00157,0.00370,0.00002,0.00112,0.00873
1403638221.345197916030884,0.00193,0.00010,0.00001,0.00376,0.00003,0.00096,0.00679
1403638221.395197629928589,0.00195,0.00009,0.00001,0.00376,0.00003,0.00089,0.00675
1403638221.445197820663452,0.00179,0.00012,0.00001,0.00381,0.00004,0.00090,0.00667
1403638221.495197772979736,0.00188,0.00010,0.00001,0.00362,0.00002,0.00096,0.00659
1403638221.545198440551758,0.00188,0.00010,0.00001,0.00365,0.00000,0.00147,0.00710
1403638221.595198869705200,0.00220,0.00013,0.00008,0.00395,0.00003,0.00140,0.00779
1403638221.645199775695801,0.00205,0.00016,0.00011,0.00368,0.00005,0.00115,0.00721
1403638221.695199489593506,0.00191,0.00009,0.00001,0.00365,0.00000,0.00097,0.00663
1403638221.745200157165527,0.00181,0.00010,0.00001,0.00364,0.00003,0.00089,0.00648
1403638221.795200347900391,0.00168,0.00010,0.00027,0.00361,0.00005,0.00088,0.00659
1403638221.845200061798096,0.00176,0.00009,0.00094,0.00361,0.00043,0.00101,0.00784
1403638221.895200014114380,0.00184,0.00009,0.00100,0.00377,0.00003,0.00136,0.00811
1403638221.945200204849243,0.00216,0.00014,0.00001,0.00387,0.00003,0.00112,0.00734
1403638221.995200157165527,0.00190,0.00011,0.00001,0.00367,0.00003,0.00107,0.00678
1403638222.045200347900391,0.00178,0.00012,0.00001,0.00393,0.00005,0.00118,0.00706
1403638222.095200061798096,0.00216,0.00014,0.00001,0.00402,0.00003,0.00114,0.00750
1403638222.145199775695801,0.00182,0.00010,0.00001,0.00377,0.00000,0.00095,0.00664
1403638222.195199728012085,0.00196,0.00009,0.00001,0.00373,0.00003,0.00091,0.00673
1403638222.245199680328369,0.00190,0.00012,0.00010,0.00397,0.00004,0.00117,0.00730
1403638222.295200109481812,0.00206,0.00015,0.00001,0.00380,0.00000,0.00110,0.00712
1403638222.345200061798096,0.00239,0.00010,0.00001,0.00402,0.00003,0.00130,0.00785
1403638222.395200014114380,0.00211,0.00013,0.00031,0.00389,0.00004,0.00115,0.00764
1403638222.445199728012085,0.00168,0.00014,0.00029,0.00368,0.00003,0.00080,0.00662
1403638222.495198726654053,0.00314,0.00015,0.00009,0.00387,0.00003,0.00105,0.00834
1403638222.545196771621704,0.00247,0.00014,0.00003,0.00376,0.00003,0.00140,0.00783
1403638222.595195055007935,0.00234,0.00014,0.00001,0.00370,0.00003,0.00115,0.00736
1403638222.645193338394165,0.00226,0.00014,0.00003,0.00368,0.00003,0.00111,0.00724
1403638222.695193052291870,0.00215,0.00010,0.00004,0.00382,0.00002,0.00113,0.00727
1403638222.745192527770996,0.00240,0.00015,0.00001,0.00372,0.00000,0.00135,0.00763
1403638222.795193433761597,0.00277,0.00014,0.00001,0.00375,0.00003,0.00136,0.00806
1403638222.845192432403564,0.00217,0.00014,0.00010,0.00358,0.00003,0.00111,0.00712
1403638222.895191192626953,0.00204,0.00010,0.00007,0.00405,0.00000,0.00133,0.00759
1403638222.945190906524658,0.00250,0.00014,0.00042,0.00376,0.00003,0.00124,0.00808
1403638222.995192050933838,0.00213,0.00010,0.00023,0.00370,0.00005,0.00107,0.00729
1403638223.045194387435913,0.00267,0.00019,0.00697,0.00383,0.00015,0.00121,0.01503
1403638223.095194816589355,0.00272,0.00015,0.00225,0.00341,0.00004,0.00125,0.00982
1403638223.145196199417114,0.00220,0.00015,0.00001,0.00345,0.00004,0.00114,0.00700
1403638223.195196151733398,0.00209,0.00009,0.00005,0.00335,0.00004,0.00103,0.00665
1403638223.245196342468262,0.00198,0.00011,0.00003,0.00324,0.00003,0.00106,0.00645
1403638223.295196533203125,0.00209,0.00009,0.00005,0.00317,0.00002,0.00100,0.00642
1403638223.345196962356567,0.00204,0.00010,0.00004,0.00329,0.00000,0.00141,0.00690
1403638223.395196914672852,0.00218,0.00013,0.00001,0.00291,0.00003,0.00123,0.00649
1403638223.445197105407715,0.00194,0.00011,0.00008,0.00273,0.00011,0.00095,0.00592
1403638223.495197296142578,0.00186,0.00011,0.00006,0.00271,0.00002,0.00096,0.00573
1403638223.545197486877441,0.00190,0.00009,0.00001,0.00320,0.00007,0.00140,0.00668
1403638223.595198154449463,0.00200,0.00012,0.00061,0.00269,0.00019,0.00117,0.00679
1403638223.645198583602905,0.00173,0.00009,0.00374,0.00253,0.00031,0.00091,0.00932
1403638223.695198535919189,0.00167,0.00009,0.00001,0.00251,0.00116,0.00138,0.00681
1403638223.745198011398315,0.00204,0.00011,0.00004,0.00262,0.00003,0.00113,0.00597
1403638223.795197248458862,0.00150,0.00009,0.00001,0.00253,0.00005,0.00088,0.00506
1403638223.845196962356567,0.00156,0.00009,0.00001,0.00244,0.00004,0.00092,0.00505
1403638223.895196676254272,0.00162,0.00009,0.00024,0.00257,0.00006,0.00142,0.00600
1403638223.945196628570557,0.00173,0.00011,0.00007,0.00246,0.00002,0.00115,0.00553
1403638223.995196104049683,0.00162,0.00009,0.00023,0.00228,0.00003,0.00084,0.00510
1403638224.045196294784546,0.00172,0.00009,0.00001,0.00223,0.00014,0.00082,0.00499
1403638224.095196008682251,0.00135,0.00009,0.00009,0.00222,0.00005,0.00084,0.00463
1403638224.145195484161377,0.00142,0.00009,0.00007,0.00212,0.00003,0.00085,0.00458
1403638224.195195198059082,0.00145,0.00009,0.00003,0.00210,0.00028,0.00158,0.00552
1403638224.245196342468262,0.00165,0.00010,0.00047,0.00202,0.00105,0.00105,0.00634
1403638224.295197725296021,0.00141,0.00009,0.00003,0.00219,0.00016,0.00083,0.00471
1403638224.345197439193726,0.00131,0.00009,0.00001,0.00237,0.00005,0.00128,0.00511
1403638224.395197391510010,0.00168,0.00011,0.00003,0.00226,0.00005,0.00113,0.00527
1403638224.445196866989136,0.00159,0.00009,0.00004,0.00222,0.00003,0.00087,0.00484
1403638224.495196104049683,0.00130,0.00009,0.00001,0.00220,0.00000,0.00082,0.00443
1403638224.545196294784546,0.00158,0.00009,0.00003,0.00217,0.00003,0.00085,0.00475
1403638224.595196485519409,0.00160,0.00009,0.00006,0.00216,0.00003,0.00078,0.00472
1403638224.645196914672852,0.00259,0.00009,0.00001,0.00208,0.00014,0.00083,0.00575
1403638224.695197105407715,0.00201,0.00009,0.00006,0.00172,0.00006,0.00093,0.00487
1403638224.745196819305420,0.00198,0.00009,0.00014,0.00134,0.00005,0.00082,0.00442
1403638224.795197248458862,0.00133,0.00009,0.00009,0.00137,0.00041,0.00079,0.00410
1403638224.845198154449463,0.00251,0.00009,0.00004,0.00133,0.00044,0.00087,0.00528
1403638224.895198583602905,0.00171,0.00008,0.00004,0.00154,0.00009,0.00087,0.00434
1403638224.945198774337769,0.00186,0.00009,0.00012,0.00136,0.00002,0.00084,0.00428
1403638224.995198726654053,0.00154,0.00008,0.00007,0.00126,0.00005,0.00089,0.00388
1403638225.045198917388916,0.00212,0.00008,0.00015,0.00131,0.00006,0.00102,0.00475
1403638225.095199108123779,0.00187,0.00008,0.00039,0.00125,0.00000,0.00089,0.00449
1403638225.145199060440063,0.00203,0.00009,0.00009,0.00125,0.00002,0.00088,0.00436
1403638225.195200204849243,0.00190,0.00008,0.00014,0.00126,0.00160,0.00096,0.00595
1403638225.245200395584106,0.00178,0.00008,0.00001,0.00138,0.00013,0.00088,0.00427
1403638225.295198202133179,0.00197,0.00009,0.00034,0.00136,0.00005,0.00091,0.00472
1403638225.345198154449463,0.00172,0.00009,0.00012,0.00137,0.00006,0.00087,0.00424
1403638225.395196676254272,0.00198,0.00009,0.00083,0.00134,0.00274,0.00090,0.00789
1403638225.445196628570557,0.00265,0.00010,0.00001,0.00144,0.00041,0.00096,0.00556
1403638225.495196342468262,0.00212,0.00010,0.00006,0.00148,0.00010,0.00094,0.00479
1403638225.545196294784546,0.00197,0.00010,0.00024,0.00145,0.00015,0.00091,0.00482
1403638225.595196008682251,0.00204,0.00008,0.00026,0.00146,0.00004,0.00096,0.00486
1403638225.645197629928589,0.00204,0.00008,0.00020,0.00143,0.00003,0.00090,0.00469
1403638225.695199489593506,0.00195,0.00008,0.00023,0.00153,0.00000,0.00127,0.00506
1403638225.745201110839844,0.00204,0.00014,0.00055,0.00125,0.00002,0.00111,0.00511
1403638225.795202732086182,0.00429,0.00008,0.00079,0.00092,0.00032,0.00121,0.00761
1403638225.845203638076782,0.00409,0.00014,0.00021,0.00088,0.00012,0.00098,0.00642
1403638225.895204067230225,0.00631,0.00014,0.00028,0.00039,0.00005,0.00102,0.00818
1403638225.945204734802246,0.00608,0.00011,0.00023,0.00021,0.00003,0.00096,0.00762
1403638225.995204687118530,0.00818,0.00012,0.00029,0.00008,0.00033,0.00105,0.01005
1403638226.045204401016235,0.00788,0.00009,0.00021,0.00003,0.00006,0.00084,0.00912
1403638226.095201492309570,0.00719,0.00010,0.00016,0.00003,0.00000,0.00089,0.00837
1403638226.145201444625854,0.00342,0.00008,0.00010,0.00003,0.00000,0.00082,0.00445
1403638226.195201396942139,0.00219,0.00008,0.00006,0.00003,0.00000,0.00079,0.00314
1403638226.245201110839844,0.00273,0.00007,0.00010,0.00003,0.00000,0.00092,0.00386
1403638226.295201063156128,0.00248,0.00008,0.00010,0.00003,0.00000,0.00085,0.00354
1403638226.345200538635254,0.00222,0.00008,0.00009,0.00003,0.00000,0.00088,0.00329
1403638226.395200490951538,0.00211,0.00008,0.00005,0.00001,0.00000,0.00087,0.00312
1403638226.445200443267822,0.00169,0.00007,0.00001,0.00001,0.00007,0.00091,0.00276
1403638226.495200395584106,0.00204,0.00008,0.00001,0.00000,0.00014,0.00091,0.00319
1403638226.545200586318970,0.00179,0.00008,0.00000,0.00000,0.00038,0.00095,0.00320
1403638226.595200538635254,0.00178,0.00008,0.00001,0.00000,0.00024,0.00097,0.00308
1403638226.645200490951538,0.00188,0.00008,0.00001,0.00000,0.00016,0.00093,0.00305
1403638226.695200443267822,0.00183,0.00008,0.00001,0.00000,0.00108,0.00093,0.00393
1403638226.745200395584106,0.00176,0.00008,0.00001,0.00000,0.00029,0.00091,0.00305
1403638226.795200586318970,0.00168,0.00007,0.00000,0.00000,0.00050,0.00093,0.00320
1403638226.845200538635254,0.00184,0.00008,0.00000,0.00000,0.00077,0.00094,0.00363
1403638226.895200490951538,0.00179,0.00008,0.00000,0.00000,0.00008,0.00093,0.00289
1403638226.945200443267822,0.00195,0.00009,0.00000,0.00000,0.00036,0.00093,0.00334
1403638226.995200395584106,0.00174,0.00008,0.00000,0.00000,0.00000,0.00090,0.00273
1403638227.045200586318970,0.00189,0.00009,0.00000,0.00000,0.00006,0.00093,0.00297
1403638227.095200538635254,0.00203,0.00008,0.00000,0.00000,0.00008,0.00091,0.00310
1403638227.145200490951538,0.00176,0.00008,0.00000,0.00000,0.00028,0.00094,0.00308
1403638227.195200443267822,0.00159,0.00007,0.00000,0.00000,0.00019,0.00095,0.00281
1403638227.245200395584106,0.00203,0.00008,0.00000,0.00000,0.00016,0.00094,0.00321
1403638227.295200586318970,0.00161,0.00008,0.00001,0.00000,0.00089,0.00093,0.00352
1403638227.345200538635254,0.00167,0.00008,0.00000,0.00000,0.00020,0.00093,0.00288
1403638227.395200490951538,0.00182,0.00009,0.00000,0.00000,0.00039,0.00093,0.00324
1403638227.445200443267822,0.00182,0.00008,0.00000,0.00000,0.00078,0.00101,0.00369
1403638227.495200395584106,0.00198,0.00008,0.00000,0.00000,0.00009,0.00094,0.00310
1403638227.545200586318970,0.00167,0.00008,0.00001,0.00000,0.00036,0.00090,0.00302
1403638227.595200538635254,0.00181,0.00008,0.00000,0.00000,0.00000,0.00091,0.00280
1403638227.645200490951538,0.00156,0.00008,0.00000,0.00000,0.00005,0.00093,0.00263
1403638227.695200443267822,0.00189,0.00008,0.00000,0.00000,0.00008,0.00091,0.00297
1403638227.745200395584106,0.00190,0.00008,0.00001,0.00000,0.00028,0.00094,0.00321
1403638227.795200586318970,0.00176,0.00008,0.00000,0.00000,0.00017,0.00091,0.00292
1403638227.845200538635254,0.00169,0.00008,0.00001,0.00000,0.00016,0.00089,0.00282
1403638227.895200490951538,0.00267,0.00008,0.00001,0.00000,0.00090,0.00093,0.00459
1403638227.945200443267822,0.00250,0.00010,0.00001,0.00000,0.00021,0.00133,0.00417
1403638227.995200395584106,0.00213,0.00007,0.00001,0.00000,0.00039,0.00099,0.00358
1403638228.045200586318970,0.00225,0.00009,0.00001,0.00000,0.00081,0.00120,0.00436
1403638228.095200538635254,0.00184,0.00008,0.00000,0.00000,0.00008,0.00090,0.00291
1403638228.145200490951538,0.00248,0.00010,0.00001,0.00000,0.00041,0.00196,0.00495
1403638228.195200443267822,0.00204,0.00009,0.00000,0.00000,0.00000,0.00097,0.00311
1403638228.245200395584106,0.00196,0.00008,0.00000,0.00000,0.00007,0.00099,0.00311
1403638228.295200586318970,0.00208,0.00008,0.00000,0.00000,0.00008,0.00094,0.00318
1403638228.345200538635254,0.00198,0.00008,0.00001,0.00000,0.00029,0.00099,0.00333
1403638228.395200490951538,0.00191,0.00008,0.00001,0.00000,0.00018,0.00093,0.00311
1403638228.445200443267822,0.00181,0.00008,0.00000,0.00000,0.00016,0.00095,0.00302
1403638228.495200395584106,0.00191,0.00008,0.00001,0.00000,0.00092,0.00092,0.00385
1403638228.545200586318970,0.00196,0.00008,0.00000,0.00000,0.00020,0.00107,0.00332
1403638228.595200538635254,0.00186,0.00008,0.00001,0.00000,0.00039,0.00088,0.00322
1403638228.645200490951538,0.00216,0.00011,0.00011,0.00000,0.00078,0.00134,0.00450
1403638228.695200443267822,0.00171,0.00009,0.00003,0.00000,0.00008,0.00115,0.00307
1403638228.745200395584106,0.00168,0.00008,0.00000,0.00000,0.00035,0.00084,0.00295
1403638228.795200586318970,0.00153,0.00008,0.00000,0.00000,0.00000,0.00089,0.00249
