# timestamp (sec),tracking,propagation,msckf update,slam update,slam delayed,re-tri & marg,total
1403638523.774134397506714,0.00285,0.00007,0.00076,0.00000,0.00000,0.00104,0.00472
1403638523.824295282363892,0.00431,0.00008,0.00071,0.00000,0.00000,0.00116,0.00626
1403638523.873107910156250,0.00323,0.00008,0.00077,0.00000,0.00000,0.00098,0.00506
1403638523.923062086105347,0.00286,0.00008,0.00018,0.00000,0.00000,0.00101,0.00414
1403638523.976028203964233,0.00291,0.00008,0.00021,0.00000,0.00000,0.00098,0.00419
1403638524.026028156280518,0.00284,0.00010,0.00007,0.00000,0.00000,0.00113,0.00414
1403638524.076028347015381,0.00263,0.00010,0.00004,0.00000,0.00000,0.00126,0.00402
1403638524.126028299331665,0.00223,0.00009,0.00009,0.00000,0.00000,0.00150,0.00391
1403638524.174841880798340,0.00259,0.00010,0.00075,0.00000,0.00000,0.00102,0.00447
1403638524.224792718887329,0.00308,0.00009,0.00049,0.00000,0.00000,0.00130,0.00496
1403638524.276160717010498,0.00304,0.00009,0.00049,0.00000,0.00000,0.00109,0.00471
1403638524.326991796493530,0.00276,0.00009,0.00220,0.00000,0.00000,0.00104,0.00609
1403638524.377070665359497,0.00270,0.00008,0.00086,0.00000,0.00000,0.00101,0.00465
1403638524.427055120468140,0.00329,0.00008,0.00151,0.00000,0.00000,0.00101,0.00590
1403638524.478542804718018,0.00288,0.00008,0.00165,0.00000,0.00000,0.00101,0.00562
1403638524.528664112091064,0.00268,0.00011,0.00018,0.00000,0.00002,0.00111,0.00410
1403638524.578655958175659,0.00268,0.00010,0.00013,0.00000,0.00000,0.00119,0.00410
1403638524.628052473068237,0.00266,0.00008,0.00021,0.00000,0.00023,0.00102,0.00420
1403638524.677708387374878,0.00242,0.00008,0.00008,0.00004,0.00000,0.00102,0.00364
1403638524.727427482604980,0.00205,0.00007,0.00017,0.00002,0.00002,0.00140,0.00373
1403638524.777598619461060,0.00208,0.00011,0.00006,0.00002,0.00080,0.00127,0.00434
1403638524.827760457992554,0.00191,0.00008,0.00007,0.00007,0.00033,0.00108,0.00354
1403638524.878034353256226,0.00194,0.00008,0.00010,0.00009,0.00000,0.00116,0.00337
1403638524.927847862243652,0.00246,0.00009,0.00005,0.00010,0.00159,0.00108,0.00538
1403638524.977448940277100,0.00200,0.00011,0.00028,0.00020,0.00207,0.00116,0.00583
1403638525.027422904968262,0.00219,0.00011,0.00001,0.00045,0.00372,0.00124,0.00771
1403638525.077510356903076,0.00192,0.00010,0.00003,0.00100,0.00065,0.00109,0.00480
1403638525.127687215805054,0.00184,0.00009,0.00004,0.00107,0.00124,0.00109,0.00537
1403638525.177926301956177,0.00227,0.00010,0.00006,0.00133,0.00007,0.00117,0.00500
1403638525.228125095367432,0.00205,0.00009,0.00001,0.00134,0.00020,0.00099,0.00468
1403638525.278353691101074,0.00192,0.00009,0.00023,0.00131,0.00000,0.00096,0.00451
1403638525.328428030014038,0.00213,0.00008,0.00037,0.00131,0.00002,0.00101,0.00493
1403638525.378495931625366,0.00245,0.00011,0.00000,0.00132,0.00003,0.00097,0.00487
1403638525.428421497344971,0.00243,0.00008,0.00016,0.00127,0.00010,0.00100,0.00505
1403638525.478348493576050,0.00264,0.00011,0.00018,0.00110,0.00018,0.00102,0.00522
1403638525.528370380401611,0.00209,0.00008,0.00010,0.00102,0.00000,0.00102,0.00431
1403638525.628841161727905,0.00235,0.00016,0.00030,0.00030,0.00113,0.00097,0.00522
1403638525.678476572036743,0.00340,0.00014,0.00055,0.00067,0.00140,0.00108,0.00724
1403638525.728208541870117,0.00283,0.00012,0.00015,0.00082,0.00036,0.00111,0.00539
1403638525.778048515319824,0.00243,0.00010,0.00012,0.00088,0.00009,0.00103,0.00464
1403638525.828045368194580,0.00203,0.00010,0.00021,0.00088,0.00000,0.00093,0.00415
1403638525.878112077713013,0.00228,0.00013,0.00006,0.00083,0.00000,0.00107,0.00439
1403638525.928227186203003,0.00261,0.00012,0.00008,0.00072,0.00000,0.00117,0.00470
1403638525.978353023529053,0.00211,0.00008,0.00014,0.00069,0.00024,0.00095,0.00422
1403638526.028452157974243,0.00213,0.00008,0.00003,0.00070,0.00006,0.00110,0.00411
1403638526.078804016113281,0.00209,0.00009,0.00010,0.00076,0.00041,0.00097,0.00442
1403638526.128773689270020,0.00195,0.00010,0.00012,0.00071,0.00007,0.00097,0.00392
1403638526.178763866424561,0.00245,0.00009,0.00011,0.00063,0.00000,0.00100,0.00429
1403638526.228776216506958,0.00209,0.00010,0.00011,0.00061,0.00124,0.00102,0.00518
1403638526.278800487518311,0.00253,0.00010,0.00015,0.00068,0.00071,0.00100,0.00517
1403638526.328829765319824,0.00229,0.00009,0.00017,0.00066,0.00025,0.00099,0.00445
1403638526.378855943679810,0.00268,0.00013,0.00022,0.00068,0.00000,0.00116,0.00487
1403638526.428920984268188,0.00263,0.00010,0.00029,0.00064,0.00053,0.00121,0.00541
1403638526.478945970535278,0.00251,0.00010,0.00022,0.00065,0.00014,0.00105,0.00467
1403638526.528967618942261,0.00249,0.00011,0.00037,0.00065,0.00000,0.00096,0.00458
1403638526.578991174697876,0.00253,0.00009,0.00023,0.00057,0.00048,0.00102,0.00492
1403638526.628995180130005,0.00246,0.00009,0.00024,0.00123,0.00024,0.00097,0.00523
1403638526.678992271423340,0.00212,0.00009,0.00027,0.00105,0.00005,0.00090,0.00449
1403638526.728985548019409,0.00247,0.00010,0.00016,0.00053,0.00100,0.00096,0.00523
1403638526.779006481170654,0.00240,0.00009,0.00037,0.00050,0.00001,0.00094,0.00431
1403638526.829050302505493,0.00248,0.00009,0.00032,0.00047,0.00128,0.00098,0.00563
1403638526.879050254821777,0.00222,0.00008,0.00007,0.00059,0.00274,0.00094,0.00665
1403638526.929032087326050,0.00249,0.00011,0.00005,0.00099,0.00060,0.00092,0.00516
1403638526.978977680206299,0.00243,0.00008,0.00037,0.00104,0.00000,0.00102,0.00493
1403638527.028991460800171,0.00233,0.00010,0.00018,0.00101,0.00004,0.00093,0.00460
1403638527.079009294509888,0.00203,0.00010,0.00019,0.00100,0.00080,0.00098,0.00510
1403638527.129122257232666,0.00246,0.00010,0.00007,0.00106,0.00162,0.00092,0.00623
1403638527.179167270660400,0.00205,0.00011,0.00023,0.00128,0.00123,0.00094,0.00585
1403638527.229206562042236,0.00236,0.00012,0.00009,0.00147,0.00000,0.00101,0.00505
1403638527.279220819473267,0.00215,0.00011,0.00029,0.00138,0.00032,0.00099,0.00523
1403638527.329209566116333,0.00242,0.00011,0.00016,0.00140,0.00079,0.00101,0.00589
1403638527.379185199737549,0.00193,0.00011,0.00013,0.00147,0.00126,0.00098,0.00588
1403638527.429151296615601,0.00192,0.00009,0.00009,0.00147,0.00002,0.00097,0.00456
1403638527.479107141494751,0.00232,0.00011,0.00008,0.00152,0.00164,0.00097,0.00665
1403638527.529062271118164,0.00203,0.00011,0.00002,0.00156,0.00008,0.00096,0.00476
1403638527.579007387161255,0.00201,0.00012,0.00003,0.00167,0.00013,0.00097,0.00492
1403638527.628946781158447,0.00202,0.00009,0.00001,0.00158,0.00005,0.00102,0.00476
1403638527.678863286972046,0.00193,0.00009,0.00023,0.00151,0.00200,0.00133,0.00708
1403638527.728790283203125,0.00212,0.00010,0.00001,0.00181,0.00003,0.00124,0.00531
1403638527.778549671173096,0.00199,0.00009,0.00018,0.00179,0.00053,0.00102,0.00560
1403638527.828516483306885,0.00196,0.00012,0.00040,0.00175,0.00000,0.00099,0.00521
1403638527.878492116928101,0.00199,0.00014,0.00026,0.00176,0.00060,0.00111,0.00585
1403638527.928501844406128,0.00227,0.00015,0.00016,0.00177,0.00038,0.00124,0.00597
1403638527.978508472442627,0.00227,0.00013,0.00030,0.00183,0.00009,0.00099,0.00562
1403638528.028524160385132,0.00203,0.00012,0.00036,0.00178,0.00088,0.00099,0.00616
1403638528.078524827957153,0.00204,0.00012,0.00014,0.00179,0.00025,0.00092,0.00526
1403638528.128523588180542,0.00229,0.00012,0.00013,0.00154,0.00009,0.00103,0.00519
1403638528.178519964218140,0.00207,0.00011,0.00007,0.00160,0.00000,0.00102,0.00487
1403638528.228520393371582,0.00208,0.00012,0.00002,0.00157,0.00004,0.00097,0.00481
1403638528.278515338897705,0.00191,0.00009,0.00016,0.00153,0.00097,0.00099,0.00564
1403638528.328515291213989,0.00241,0.00013,0.00049,0.00152,0.00002,0.00093,0.00551
1403638528.378515243530273,0.00199,0.00011,0.00039,0.00154,0.00120,0.00093,0.00616
1403638528.428497314453125,0.00229,0.00015,0.00006,0.00162,0.00000,0.00113,0.00526
1403638528.478485345840454,0.00217,0.00014,0.00017,0.00166,0.00005,0.00121,0.00540
1403638528.528486251831055,0.00208,0.00009,0.00042,0.00156,0.00046,0.00097,0.00557
1403638528.578475475311279,0.00183,0.00011,0.00021,0.00161,0.00069,0.00090,0.00535
1403638528.628464698791504,0.00276,0.00016,0.00001,0.00171,0.00003,0.00116,0.00584
1403638528.678442239761353,0.00230,0.00011,0.00020,0.00167,0.00027,0.00093,0.00548
1403638528.728409290313721,0.00209,0.00016,0.00014,0.00174,0.00008,0.00130,0.00550
1403638528.778393745422363,0.00250,0.00012,0.00008,0.00169,0.00000,0.00116,0.00556
1403638528.828387260437012,0.00248,0.00015,0.00003,0.00172,0.00004,0.00120,0.00563
1403638528.878369092941284,0.00216,0.00015,0.00105,0.00162,0.00060,0.00119,0.00679
1403638528.928367376327515,0.00209,0.00009,0.00011,0.00165,0.00002,0.00100,0.00496
1403638528.978366136550903,0.00190,0.00010,0.00009,0.00168,0.00009,0.00096,0.00483
1403638529.028361320495605,0.00195,0.00011,0.00000,0.00164,0.00000,0.00090,0.00460
1403638529.078345537185669,0.00193,0.00010,0.00001,0.00167,0.00006,0.00093,0.00469
1403638529.128332138061523,0.00202,0.00011,0.00002,0.00177,0.00010,0.00096,0.00499
1403638529.178325414657593,0.00182,0.00010,0.00003,0.00163,0.00019,0.00085,0.00462
1403638529.228318691253662,0.00209,0.00011,0.00004,0.00164,0.00002,0.00092,0.00482
1403638529.278311967849731,0.00191,0.00011,0.00014,0.00162,0.00025,0.00085,0.00488
1403638529.328303575515747,0.00210,0.00011,0.00017,0.00169,0.00028,0.00087,0.00522
1403638529.378302574157715,0.00274,0.00018,0.00006,0.00166,0.00000,0.00088,0.00552
1403638529.428307294845581,0.00259,0.00009,0.00013,0.00171,0.00004,0.00090,0.00548
1403638529.478312015533447,0.00238,0.00011,0.00018,0.00158,0.00046,0.00095,0.00567
1403638529.528310537338257,0.00221,0.00010,0.00009,0.00149,0.00000,0.00084,0.00473
1403638529.578306198120117,0.00299,0.00010,0.00017,0.00149,0.00005,0.00089,0.00569
1403638529.628280878067017,0.00224,0.00008,0.00020,0.00130,0.00000,0.00085,0.00468
1403638529.678252696990967,0.00283,0.00008,0.00021,0.00129,0.00003,0.00086,0.00530
1403638529.728207826614380,0.00290,0.00010,0.00017,0.00121,0.00000,0.00085,0.00523
1403638529.778154134750366,0.00193,0.00009,0.00023,0.00106,0.00005,0.00088,0.00425
1403638529.828123569488525,0.00262,0.00010,0.00021,0.00100,0.00003,0.00089,0.00485
1403638529.878100156784058,0.00206,0.00010,0.00022,0.00085,0.00026,0.00088,0.00436
1403638529.928088188171387,0.00261,0.00009,0.00015,0.00074,0.00053,0.00085,0.00496
1403638529.978095293045044,0.00260,0.00008,0.00028,0.00078,0.00118,0.00091,0.00583
1403638530.028105497360229,0.00252,0.00008,0.00006,0.00081,0.00058,0.00101,0.00507
1403638530.078106641769409,0.00199,0.00009,0.00004,0.00086,0.00012,0.00122,0.00431
1403638530.128103733062744,0.00213,0.00008,0.00006,0.00078,0.00044,0.00099,0.00448
1403638530.178100585937500,0.00201,0.00008,0.00019,0.00066,0.00029,0.00100,0.00424
1403638530.228102922439575,0.00181,0.00008,0.00007,0.00061,0.00100,0.00127,0.00484
1403638530.278102397918701,0.00189,0.00011,0.00015,0.00071,0.00084,0.00096,0.00465
1403638530.328106880187988,0.00199,0.00010,0.00028,0.00087,0.00000,0.00090,0.00415
1403638530.378111600875854,0.00228,0.00014,0.00017,0.00078,0.00119,0.00108,0.00565
1403638530.428120136260986,0.00195,0.00008,0.00009,0.00092,0.00000,0.00088,0.00393
1403638530.478131294250488,0.00226,0.00013,0.00058,0.00070,0.00102,0.00115,0.00584
1403638530.528146505355835,0.00197,0.00010,0.00010,0.00084,0.00069,0.00097,0.00468
1403638530.578149557113647,0.00197,0.00011,0.00007,0.00085,0.00209,0.00097,0.00605
1403638530.628153562545776,0.00219,0.00011,0.00006,0.00109,0.00029,0.00100,0.00474
1403638530.678156375885010,0.00220,0.00010,0.00006,0.00117,0.00009,0.00096,0.00458
1403638530.728160619735718,0.00225,0.00008,0.00029,0.00111,0.00040,0.00094,0.00509
1403638530.778165340423584,0.00230,0.00015,0.00019,0.00119,0.00005,0.00110,0.00498
1403638530.828175067901611,0.00214,0.00010,0.00007,0.00113,0.00033,0.00115,0.00493
1403638530.878183364868164,0.00203,0.00012,0.00017,0.00108,0.00029,0.00094,0.00463
1403638530.928184509277344,0.00212,0.00009,0.00002,0.00109,0.00073,0.00097,0.00502
1403638530.978186368942261,0.00201,0.00009,0.00001,0.00111,0.00070,0.00096,0.00488
1403638531.028186321258545,0.00197,0.00009,0.00002,0.00174,0.00005,0.00114,0.00503
1403638531.078182458877563,0.00215,0.00014,0.00003,0.00129,0.00064,0.00120,0.00544
1403638531.128178596496582,0.00192,0.00012,0.00003,0.00123,0.00042,0.00103,0.00474
1403638531.178157091140747,0.00208,0.00015,0.00027,0.00122,0.00275,0.00112,0.00759
1403638531.228142976760864,0.00214,0.00015,0.00001,0.00181,0.00006,0.00126,0.00543
1403638531.278150796890259,0.00210,0.00015,0.00003,0.00182,0.00049,0.00119,0.00578
1403638531.328160524368286,0.00192,0.00009,0.00001,0.00151,0.00041,0.00103,0.00496
1403638531.378148078918457,0.00184,0.00013,0.00001,0.00148,0.00006,0.00098,0.00449
1403638531.428124904632568,0.00174,0.00013,0.00003,0.00147,0.00035,0.00105,0.00476
1403638531.478127717971802,0.00199,0.00016,0.00001,0.00159,0.00005,0.00112,0.00492
1403638531.528129577636719,0.00203,0.00012,0.00012,0.00157,0.00017,0.00125,0.00526
1403638531.578131437301636,0.00169,0.00013,0.00001,0.00155,0.00011,0.00102,0.00450
1403638531.628128767013550,0.00186,0.00009,0.00001,0.00154,0.00007,0.00098,0.00455
1403638531.678121566772461,0.00188,0.00013,0.00023,0.00150,0.00022,0.00153,0.00549
1403638531.728122472763062,0.00188,0.00015,0.00001,0.00155,0.00009,0.00120,0.00487
1403638531.778116226196289,0.00187,0.00013,0.00001,0.00161,0.00133,0.00094,0.00590
1403638531.828115701675415,0.00177,0.00010,0.00001,0.00174,0.00008,0.00103,0.00473
1403638531.878116846084595,0.00189,0.00011,0.00003,0.00166,0.00104,0.00100,0.00573
1403638531.928120851516724,0.00172,0.00012,0.00004,0.00182,0.00102,0.00098,0.00571
1403638531.978121995925903,0.00190,0.00009,0.00001,0.00195,0.00006,0.00092,0.00494
1403638532.028122186660767,0.00173,0.00009,0.00001,0.00186,0.00004,0.00098,0.00472
1403638532.078122854232788,0.00184,0.00012,0.00001,0.00189,0.00005,0.00103,0.00494
1403638532.128122806549072,0.00173,0.00012,0.00017,0.00192,0.00015,0.00101,0.00511
1403638532.178123712539673,0.00198,0.00015,0.00001,0.00191,0.00012,0.00135,0.00552
1403638532.228123664855957,0.00210,0.00017,0.00001,0.00192,0.00007,0.00121,0.00548
1403638532.278124094009399,0.00190,0.00010,0.00030,0.00186,0.00017,0.00105,0.00539
1403638532.328124523162842,0.00167,0.00013,0.00001,0.00193,0.00008,0.00100,0.00482
1403638532.378124952316284,0.00181,0.00012,0.00001,0.00189,0.00049,0.00099,0.00532
1403638532.428124666213989,0.00175,0.00011,0.00001,0.00184,0.00007,0.00093,0.00473
1403638532.478125095367432,0.00176,0.00012,0.00005,0.00187,0.00035,0.00097,0.00513
1403638532.528125047683716,0.00200,0.00012,0.00003,0.00187,0.00027,0.00130,0.00558
1403638532.578125238418579,0.00192,0.00013,0.00001,0.00190,0.00006,0.00104,0.00506
1403638532.628124952316284,0.00179,0.00013,0.00001,0.00206,0.00008,0.00117,0.00523
1403638532.678124904632568,0.00213,0.00011,0.00001,0.00193,0.00005,0.00121,0.00544
1403638532.728124856948853,0.00162,0.00015,0.00017,0.00190,0.00012,0.00106,0.00502
1403638532.778124570846558,0.00133,0.00009,0.00001,0.00179,0.00010,0.00086,0.00417
1403638532.828125000000000,0.00197,0.00017,0.00001,0.00195,0.00007,0.00124,0.00540
1403638532.878124952316284,0.00182,0.00013,0.00029,0.00187,0.00015,0.00099,0.00526
1403638532.928124666213989,0.00166,0.00009,0.00001,0.00187,0.00009,0.00102,0.00473
1403638532.978123903274536,0.00197,0.00013,0.00001,0.00194,0.00111,0.00126,0.00642
1403638533.028123617172241,0.00200,0.00012,0.00001,0.00205,0.00008,0.00129,0.00555
1403638533.078123807907104,0.00167,0.00013,0.00019,0.00200,0.00023,0.00140,0.00563
1403638533.128123760223389,0.00205,0.00014,0.00005,0.00204,0.00026,0.00102,0.00557
1403638533.178123712539673,0.00190,0.00009,0.00001,0.00199,0.00005,0.00102,0.00506
1403638533.228123664855957,0.00170,0.00012,0.00001,0.00199,0.00004,0.00120,0.00506
1403638533.278123378753662,0.00177,0.00010,0.00001,0.00203,0.00006,0.00130,0.00526
1403638533.328124046325684,0.00199,0.00017,0.00018,0.00208,0.00011,0.00129,0.00582
1403638533.378124475479126,0.00178,0.00009,0.00001,0.00222,0.00011,0.00102,0.00522
1403638533.428123950958252,0.00193,0.00014,0.00001,0.00198,0.00005,0.00105,0.00515
1403638533.478124141693115,0.00193,0.00010,0.00032,0.00205,0.00015,0.00102,0.00557
1403638533.528124094009399,0.00202,0.00012,0.00001,0.00203,0.00010,0.00115,0.00543
1403638533.578124046325684,0.00207,0.00011,0.00001,0.00206,0.00042,0.00116,0.00583
1403638533.628124237060547,0.00185,0.00012,0.00001,0.00207,0.00008,0.00101,0.00514
1403638533.678123950958252,0.00164,0.00009,0.00019,0.00197,0.00024,0.00095,0.00507
1403638533.728124141693115,0.00183,0.00012,0.00004,0.00202,0.00027,0.00106,0.00535
1403638533.778124094009399,0.00191,0.00009,0.00001,0.00200,0.00005,0.00098,0.00505
1403638533.828124284744263,0.00189,0.00012,0.00001,0.00200,0.00004,0.00096,0.00502
1403638533.878123760223389,0.00198,0.00010,0.00001,0.00194,0.00005,0.00157,0.00565
1403638533.928124666213989,0.00224,0.00011,0.00018,0.00196,0.00017,0.00119,0.00585
1403638533.978123903274536,0.00223,0.00013,0.00024,0.00187,0.00020,0.00120,0.00588
1403638534.028125286102295,0.00211,0.00012,0.00005,0.00204,0.00002,0.00126,0.00561
1403638534.078130006790161,0.00201,0.00010,0.00034,0.00196,0.00015,0.00103,0.00560
1403638534.128131866455078,0.00210,0.00010,0.00003,0.00193,0.00008,0.00100,0.00523
1403638534.178130865097046,0.00201,0.00013,0.00001,0.00190,0.00018,0.00114,0.00537
1403638534.228130817413330,0.00255,0.00012,0.00007,0.00195,0.00007,0.00117,0.00594
1403638534.278135299682617,0.00182,0.00010,0.00004,0.00189,0.00035,0.00107,0.00528
1403638534.328134536743164,0.00199,0.00009,0.00001,0.00198,0.00022,0.00099,0.00528
1403638534.378140687942505,0.00184,0.00009,0.00001,0.00186,0.00005,0.00097,0.00482
1403638534.428140401840210,0.00181,0.00009,0.00001,0.00179,0.00004,0.00105,0.00479
1403638534.478140592575073,0.00220,0.00009,0.00012,0.00186,0.00014,0.00100,0.00540
1403638534.528141021728516,0.00242,0.00020,0.00052,0.00168,0.00012,0.00116,0.00609
1403638534.578139305114746,0.00182,0.00010,0.00014,0.00165,0.00009,0.00089,0.00468
1403638534.628139257431030,0.00209,0.00021,0.00001,0.00195,0.00002,0.00123,0.00551
1403638534.678139448165894,0.00206,0.00012,0.00023,0.00163,0.00023,0.00105,0.00533
1403638534.728138685226440,0.00183,0.00012,0.00001,0.00171,0.00007,0.00118,0.00492
1403638534.778139114379883,0.00192,0.00010,0.00001,0.00160,0.00014,0.00084,0.00460
1403638534.828139781951904,0.00203,0.00017,0.00001,0.00169,0.00007,0.00119,0.00516
1403638534.878138303756714,0.00185,0.00013,0.00001,0.00166,0.00039,0.00099,0.00503
1403638534.928140163421631,0.00190,0.00010,0.00001,0.00164,0.00015,0.00102,0.00482
1403638534.978141546249390,0.00197,0.00013,0.00001,0.00165,0.00006,0.00120,0.00502
1403638535.028141975402832,0.00182,0.00014,0.00001,0.00165,0.00002,0.00101,0.00465
1403638535.078142166137695,0.00194,0.00012,0.00003,0.00167,0.00047,0.00119,0.00542
1403638535.128141164779663,0.00205,0.00010,0.00036,0.00161,0.00018,0.00108,0.00539
1403638535.178142309188843,0.00188,0.00009,0.00001,0.00168,0.00011,0.00097,0.00473
1403638535.228141546249390,0.00200,0.00016,0.00001,0.00170,0.00004,0.00122,0.00514
1403638535.278141498565674,0.00171,0.00010,0.00025,0.00163,0.00024,0.00093,0.00486
1403638535.328140735626221,0.00153,0.00009,0.00001,0.00160,0.00007,0.00082,0.00412
1403638535.378139734268188,0.00139,0.00009,0.00001,0.00164,0.00007,0.00085,0.00405
1403638535.428138494491577,0.00207,0.00016,0.00001,0.00172,0.00008,0.00131,0.00535
1403638535.478138208389282,0.00189,0.00017,0.00001,0.00167,0.00037,0.00117,0.00527
1403638535.528138637542725,0.00164,0.00009,0.00001,0.00170,0.00014,0.00097,0.00456
1403638535.578139305114746,0.00210,0.00016,0.00001,0.00171,0.00005,0.00135,0.00539
1403638535.628139257431030,0.00172,0.00012,0.00001,0.00169,0.00003,0.00109,0.00466
1403638535.678139448165894,0.00179,0.00012,0.00003,0.00170,0.00039,0.00125,0.00528
1403638535.728139638900757,0.00199,0.00011,0.00036,0.00166,0.00016,0.00118,0.00547
1403638535.778139591217041,0.00193,0.00015,0.00001,0.00169,0.00012,0.00114,0.00505
1403638535.828139305114746,0.00198,0.00009,0.00001,0.00162,0.00003,0.00088,0.00461
1403638535.878139734268188,0.00211,0.00011,0.00025,0.00167,0.00022,0.00126,0.00562
1403638535.928139448165894,0.00184,0.00012,0.00001,0.00167,0.00008,0.00105,0.00477
1403638535.978140354156494,0.00199,0.00012,0.00001,0.00166,0.00007,0.00099,0.00483
1403638536.028139829635620,0.00188,0.00010,0.00001,0.00163,0.00008,0.00100,0.00470
1403638536.078140020370483,0.00164,0.00013,0.00001,0.00165,0.00038,0.00099,0.00481
1403638536.128141164779663,0.00186,0.00013,0.00001,0.00166,0.00015,0.00101,0.00481
1403638536.178141832351685,0.00207,0.00015,0.00001,0.00169,0.00006,0.00119,0.00517
1403638536.228141069412231,0.00208,0.00012,0.00001,0.00173,0.00002,0.00127,0.00523
1403638536.278140783309937,0.00199,0.00010,0.00004,0.00168,0.00039,0.00100,0.00520
1403638536.328141212463379,0.00184,0.00010,0.00035,0.00165,0.00018,0.00119,0.00531
1403638536.378143072128296,0.00188,0.00015,0.00001,0.00165,0.00011,0.00100,0.00480
1403638536.428142786026001,0.00213,0.00015,0.00001,0.00174,0.00003,0.00117,0.00523
1403638536.478143453598022,0.00189,0.00011,0.00024,0.00166,0.00022,0.00123,0.00535
1403638536.528143644332886,0.00177,0.00012,0.00001,0.00168,0.00008,0.00121,0.00486
1403638536.578143596649170,0.00211,0.00011,0.00001,0.00173,0.00007,0.00122,0.00524
1403638536.628143072128296,0.00204,0.00013,0.00001,0.00171,0.00010,0.00117,0.00516
1403638536.678143501281738,0.00160,0.00010,0.00001,0.00162,0.00036,0.00090,0.00458
1403638536.728142738342285,0.00212,0.00012,0.00001,0.00172,0.00013,0.00126,0.00536
1403638536.778141736984253,0.00187,0.00010,0.00001,0.00168,0.00005,0.00098,0.00469
1403638536.828142642974854,0.00180,0.00013,0.00001,0.00168,0.00003,0.00100,0.00465
1403638536.878143310546875,0.00176,0.00013,0.00003,0.00166,0.00036,0.00101,0.00495
1403638536.928144454956055,0.00189,0.00012,0.00036,0.00167,0.00017,0.00102,0.00523
1403638536.978146076202393,0.00186,0.00009,0.00001,0.00169,0.00012,0.00098,0.00475
1403638537.028145551681519,0.00202,0.00009,0.00001,0.00172,0.00003,0.00099,0.00485
1403638537.078143835067749,0.00216,0.00015,0.00027,0.00167,0.00023,0.00119,0.00568
1403638537.128144741058350,0.00206,0.00012,0.00001,0.00171,0.00007,0.00118,0.00516
1403638537.178145885467529,0.00180,0.00013,0.00001,0.00169,0.00007,0.00107,0.00477
1403638537.228145599365234,0.00191,0.00013,0.00001,0.00169,0.00007,0.00106,0.00487
1403638537.278145551681519,0.00171,0.00009,0.00001,0.00166,0.00040,0.00098,0.00485
1403638537.328147411346436,0.00202,0.00012,0.00001,0.00170,0.00014,0.00150,0.00549
1403638537.378148078918457,0.00204,0.00016,0.00001,0.00171,0.00006,0.00124,0.00522
1403638537.428148508071899,0.00186,0.00012,0.00001,0.00168,0.00002,0.00110,0.00480
1403638537.478148698806763,0.00183,0.00010,0.00003,0.00168,0.00038,0.00101,0.00503
1403638537.528148651123047,0.00206,0.00012,0.00036,0.00181,0.00019,0.00119,0.00573
1403638537.578146696090698,0.00191,0.00015,0.00001,0.00171,0.00011,0.00128,0.00517
1403638537.628144741058350,0.00181,0.00009,0.00001,0.00165,0.00002,0.00099,0.00458
1403638537.678146123886108,0.00208,0.00015,0.00026,0.00164,0.00022,0.00120,0.00555
1403638537.728147029876709,0.00179,0.00010,0.00001,0.00224,0.00010,0.00101,0.00525
1403638537.778146505355835,0.00190,0.00011,0.00001,0.00169,0.00007,0.00125,0.00503
1403638537.828145980834961,0.00200,0.00012,0.00001,0.00166,0.00008,0.00102,0.00490
1403638537.878144025802612,0.00177,0.00014,0.00001,0.00168,0.00038,0.00098,0.00495
1403638537.928147077560425,0.00189,0.00012,0.00001,0.00169,0.00015,0.00122,0.00507
1403638537.978150844573975,0.00209,0.00016,0.00001,0.00175,0.00006,0.00123,0.00529
1403638538.028150796890259,0.00176,0.00012,0.00001,0.00167,0.00003,0.00098,0.00456
1403638538.078151941299438,0.00181,0.00009,0.00003,0.00168,0.00042,0.00099,0.00503
1403638538.128152132034302,0.00196,0.00013,0.00039,0.00165,0.00016,0.00115,0.00543
1403638538.178153038024902,0.00210,0.00012,0.00001,0.00176,0.00012,0.00130,0.00540
1403638538.228152751922607,0.00187,0.00012,0.00001,0.00165,0.00003,0.00109,0.00476
1403638538.278149366378784,0.00211,0.00012,0.00025,0.00170,0.00022,0.00124,0.00564
1403638538.328150272369385,0.00182,0.00010,0.00001,0.00170,0.00008,0.00102,0.00471
1403638538.378152608871460,0.00191,0.00013,0.00001,0.00171,0.00006,0.00097,0.00479
1403638538.428150415420532,0.00194,0.00012,0.00001,0.00187,0.00008,0.00121,0.00522
1403638538.478148937225342,0.00191,0.00011,0.00001,0.00175,0.00038,0.00122,0.00538
1403638538.528147697448730,0.00192,0.00012,0.00001,0.00178,0.00015,0.00105,0.00502
1403638538.578147888183594,0.00187,0.00013,0.00001,0.00170,0.00007,0.00102,0.00479
1403638538.628148078918457,0.00185,0.00009,0.00001,0.00172,0.00002,0.00100,0.00470
1403638538.678149700164795,0.00196,0.00015,0.00004,0.00169,0.00039,0.00114,0.00538
1403638538.728153467178345,0.00210,0.00013,0.00037,0.00166,0.00018,0.00120,0.00563
1403638538.778141021728516,0.00182,0.00009,0.00001,0.00169,0.00010,0.00099,0.00471
1403638538.828148365020752,0.00192,0.00012,0.00003,0.00159,0.00002,0.00105,0.00473
1403638538.878137111663818,0.00197,0.00013,0.00023,0.00152,0.00027,0.00128,0.00540
1403638538.928116559982300,0.00225,0.00011,0.00010,0.00143,0.00008,0.00116,0.00512
1403638538.978097200393677,0.00206,0.00013,0.00014,0.00113,0.00013,0.00098,0.00456
1403638539.028106689453125,0.00239,0.00012,0.00008,0.00108,0.00014,0.00098,0.00479
1403638539.078108310699463,0.00216,0.00012,0.00049,0.00093,0.00037,0.00089,0.00495
1403638539.128103256225586,0.00297,0.00012,0.00013,0.00030,0.00019,0.00090,0.00461
1403638539.178098440170288,0.00252,0.00015,0.00019,0.00030,0.00005,0.00107,0.00429
1403638539.228084802627563,0.00308,0.00014,0.00046,0.00018,0.00000,0.00110,0.00496
1403638539.278090238571167,0.00293,0.00011,0.00014,0.00017,0.00011,0.00102,0.00447
1403638539.328091382980347,0.00264,0.00009,0.00031,0.00015,0.00010,0.00074,0.00403
1403638539.378096818923950,0.00203,0.00007,0.00022,0.00015,0.00003,0.00074,0.00324
1403638539.428107738494873,0.00317,0.00010,0.00023,0.00016,0.00000,0.00114,0.00480
1403638539.478111982345581,0.00280,0.00010,0.00007,0.00018,0.00027,0.00110,0.00451
1403638539.528115272521973,0.00287,0.00010,0.00011,0.00016,0.00007,0.00090,0.00422
1403638539.578117370605469,0.00274,0.00010,0.00003,0.00018,0.00006,0.00121,0.00431
1403638539.628118276596069,0.00264,0.00010,0.00003,0.00016,0.00005,0.00094,0.00393
1403638539.678117275238037,0.00230,0.00011,0.00005,0.00018,0.00024,0.00110,0.00399
1403638539.728115081787109,0.00242,0.00010,0.00028,0.00014,0.00016,0.00111,0.00422
1403638539.778115272521973,0.00208,0.00008,0.00009,0.00014,0.00010,0.00095,0.00343
1403638539.828104257583618,0.00219,0.00010,0.00001,0.00017,0.00027,0.00106,0.00380
1403638539.878105640411377,0.00236,0.00009,0.00013,0.00014,0.00004,0.00112,0.00388
1403638539.928106069564819,0.00209,0.00008,0.00002,0.00015,0.00030,0.00119,0.00382
1403638539.978108882904053,0.00244,0.00009,0.00011,0.00013,0.00008,0.00110,0.00394
1403638540.028112888336182,0.00213,0.00007,0.00009,0.00012,0.00030,0.00099,0.00371
1403638540.078115463256836,0.00234,0.00008,0.00001,0.00014,0.00024,0.00100,0.00381
1403638540.128111124038696,0.00246,0.00008,0.00022,0.00012,0.00092,0.00098,0.00478
1403638540.178102493286133,0.00218,0.00009,0.00035,0.00018,0.00010,0.00096,0.00387
1403638540.228099822998047,0.00286,0.00008,0.00017,0.00015,0.00016,0.00101,0.00445
1403638540.278095960617065,0.00208,0.00011,0.00004,0.00019,0.00018,0.00113,0.00374
1403638540.328091382980347,0.00205,0.00008,0.00000,0.00017,0.00014,0.00085,0.00329
1403638540.378088235855103,0.00221,0.00010,0.00001,0.00017,0.00013,0.00126,0.00388
1403638540.428085327148438,0.00218,0.00009,0.00004,0.00016,0.00002,0.00105,0.00355
1403638540.478082418441772,0.00206,0.00008,0.00008,0.00014,0.00005,0.00103,0.00343
1403638540.528078079223633,0.00209,0.00009,0.00021,0.00012,0.00146,0.00103,0.00499
1403638540.578081130981445,0.00190,0.00013,0.00001,0.00037,0.00057,0.00100,0.00398
1403638540.628070831298828,0.00202,0.00009,0.00012,0.00027,0.00119,0.00103,0.00472
1403638540.678055047988892,0.00194,0.00008,0.00004,0.00038,0.00336,0.00096,0.00677
1403638540.728048563003540,0.00226,0.00013,0.00001,0.00081,0.00066,0.00120,0.00506
1403638540.778033971786499,0.00213,0.00013,0.00001,0.00090,0.00365,0.00121,0.00803
1403638540.828019380569458,0.00215,0.00010,0.00002,0.00155,0.00032,0.00101,0.00516
1403638540.878002405166626,0.00251,0.00011,0.00009,0.00160,0.00069,0.00102,0.00603
1403638540.927995204925537,0.00221,0.00011,0.00010,0.00182,0.00005,0.00101,0.00529
1403638540.977997303009033,0.00211,0.00008,0.00008,0.00171,0.00005,0.00096,0.00498
1403638541.027993440628052,0.00191,0.00010,0.00009,0.00159,0.00000,0.00100,0.00469
1403638541.078000783920288,0.00210,0.00013,0.00005,0.00160,0.00004,0.00099,0.00492
1403638541.128011226654053,0.00214,0.00011,0.00001,0.00150,0.00019,0.00098,0.00492
1403638541.178011417388916,0.00194,0.00010,0.00007,0.00140,0.00136,0.00126,0.00614
1403638541.228012323379517,0.00222,0.00013,0.00008,0.00142,0.00081,0.00121,0.00588
1403638541.278006315231323,0.00244,0.00011,0.00005,0.00142,0.00036,0.00099,0.00536
1403638541.327997207641602,0.00203,0.00010,0.00006,0.00123,0.00004,0.00099,0.00445
1403638541.377986431121826,0.00198,0.00010,0.00001,0.00121,0.00114,0.00112,0.00554
1403638541.427976369857788,0.00215,0.00012,0.00015,0.00130,0.00216,0.00098,0.00686
1403638541.477971792221069,0.00195,0.00011,0.00009,0.00162,0.00062,0.00096,0.00535
1403638541.527971982955933,0.00195,0.00008,0.00000,0.00174,0.00004,0.00099,0.00481
1403638541.577978134155273,0.00220,0.00010,0.00002,0.00174,0.00000,0.00098,0.00505
1403638541.627982854843140,0.00228,0.00015,0.00020,0.00169,0.00000,0.00124,0.00555
1403638541.677989721298218,0.00209,0.00012,0.00001,0.00142,0.00008,0.00117,0.00489
1403638541.728004455566406,0.00209,0.00011,0.00004,0.00126,0.00075,0.00108,0.00532
1403638541.778016328811646,0.00213,0.00011,0.00007,0.00129,0.00054,0.00100,0.00513
1403638541.828033447265625,0.00221,0.00013,0.00012,0.00121,0.00372,0.00107,0.00848
1403638541.878043889999390,0.00237,0.00014,0.00021,0.00169,0.00085,0.00119,0.00645
1403638541.928050518035889,0.00194,0.00010,0.00004,0.00169,0.00044,0.00104,0.00525
1403638541.978055477142334,0.00223,0.00014,0.00019,0.00168,0.00065,0.00118,0.00608
1403638542.028076648712158,0.00214,0.00014,0.00005,0.00170,0.00297,0.00117,0.00817
1403638542.078081846237183,0.00183,0.00012,0.00010,0.00189,0.00006,0.00096,0.00496
1403638542.128074645996094,0.00228,0.00011,0.00061,0.00170,0.00000,0.00103,0.00573
1403638542.178066492080688,0.00202,0.00011,0.00005,0.00168,0.00000,0.00101,0.00487
1403638542.228064537048340,0.00243,0.00020,0.00039,0.00158,0.00000,0.00108,0.00569
1403638542.278055429458618,0.00208,0.00013,0.00043,0.00156,0.00084,0.00123,0.00626
1403638542.328067302703857,0.00197,0.00013,0.00001,0.00172,0.00454,0.00116,0.00953
1403638542.378084659576416,0.00253,0.00015,0.00016,0.00198,0.00000,0.00124,0.00606
1403638542.428113937377930,0.00203,0.00013,0.00093,0.00193,0.00209,0.00104,0.00815
1403638542.478123664855957,0.00198,0.00013,0.00015,0.00205,0.00090,0.00097,0.00618
1403638542.528119087219238,0.00212,0.00011,0.00006,0.00187,0.00000,0.00104,0.00521
1403638542.578112602233887,0.00225,0.00012,0.00001,0.00174,0.00067,0.00101,0.00580
1403638542.628093957901001,0.00205,0.00012,0.00007,0.00179,0.00025,0.00096,0.00524
1403638542.678083419799805,0.00184,0.00009,0.00007,0.00177,0.00316,0.00087,0.00781
1403638542.728061437606812,0.00226,0.00012,0.00004,0.00224,0.00000,0.00124,0.00590
1403638542.778048276901245,0.00226,0.00015,0.00001,0.00217,0.00355,0.00109,0.00922
1403638542.828047513961792,0.00243,0.00013,0.00007,0.00297,0.00000,0.00109,0.00669
1403638542.878046989440918,0.00217,0.00012,0.00001,0.00269,0.00000,0.00098,0.00597
1403638542.928036451339722,0.00216,0.00012,0.00097,0.00276,0.00284,0.00161,0.01047
1403638542.978035688400269,0.00240,0.00013,0.00007,0.00304,0.00000,0.00116,0.00680
1403638543.028037548065186,0.00214,0.00011,0.00017,0.00295,0.00250,0.00095,0.00883
1403638543.078049421310425,0.00205,0.00012,0.00419,0.00336,0.00054,0.00115,0.01141
1403638543.128061771392822,0.00236,0.00015,0.00010,0.00336,0.00001,0.00119,0.00716
1403638543.178073406219482,0.00228,0.00012,0.00005,0.00318,0.00109,0.00090,0.00761
1403638543.228083133697510,0.00235,0.00012,0.00007,0.00345,0.00055,0.00090,0.00745
1403638543.278082370758057,0.00208,0.00013,0.00106,0.00315,0.00109,0.00088,0.00838
1403638543.328083753585815,0.00227,0.00010,0.00003,0.00372,0.00000,0.00090,0.00703
1403638543.378087520599365,0.00220,0.00012,0.00073,0.00336,0.00080,0.00096,0.00818
1403638543.428093194961548,0.00214,0.00010,0.00006,0.00340,0.00000,0.00096,0.00667
1403638543.478098630905151,0.00217,0.00010,0.00001,0.00375,0.00000,0.00092,0.00695
1403638543.528109073638916,0.00207,0.00009,0.00111,0.00324,0.00078,0.00088,0.00817
1403638543.578116416931152,0.00222,0.00020,0.00025,0.00339,0.00000,0.00130,0.00737
1403638543.628123521804810,0.00284,0.00014,0.00012,0.00311,0.00005,0.00096,0.00723
1403638543.678146362304688,0.00246,0.00015,0.00309,0.00301,0.00343,0.00145,0.01359
1403638543.728154182434082,0.00233,0.00015,0.00015,0.00348,0.00038,0.00127,0.00775
1403638543.778158664703369,0.00222,0.00013,0.00004,0.00354,0.00002,0.00105,0.00702
1403638543.828157663345337,0.00262,0.00010,0.00009,0.00311,0.00000,0.00092,0.00684
1403638543.878159284591675,0.00241,0.00009,0.00008,0.00300,0.00045,0.00091,0.00695
1403638543.928157567977905,0.00224,0.00010,0.00089,0.00279,0.00000,0.00085,0.00687
1403638543.978156566619873,0.00263,0.00018,0.00061,0.00288,0.00017,0.00124,0.00772
1403638544.028158426284790,0.00234,0.00016,0.00009,0.00296,0.00000,0.00105,0.00660
1403638544.078161478042603,0.00232,0.00016,0.00038,0.00273,0.00000,0.00117,0.00676
1403638544.128156423568726,0.00202,0.00009,0.00018,0.00253,0.00080,0.00102,0.00665
1403638544.178151369094849,0.00190,0.00013,0.00054,0.00253,0.00202,0.00094,0.00806
1403638544.228145122528076,0.00199,0.00010,0.00065,0.00266,0.00006,0.00099,0.00643
1403638544.278140068054199,0.00213,0.00013,0.00014,0.00251,0.00231,0.00092,0.00814
1403638544.328137397766113,0.00246,0.00017,0.00010,0.00278,0.00007,0.00105,0.00664
1403638544.378132343292236,0.00242,0.00011,0.00001,0.00269,0.00217,0.00124,0.00864
1403638544.428137302398682,0.00204,0.00009,0.00004,0.00315,0.00000,0.00100,0.00633
1403638544.478137016296387,0.00205,0.00010,0.00002,0.00300,0.00009,0.00097,0.00623
1403638544.528131961822510,0.00198,0.00010,0.00279,0.00278,0.00081,0.00147,0.00993
1403638544.578127145767212,0.00211,0.00010,0.00029,0.00294,0.00013,0.00087,0.00645
1403638544.628123760223389,0.00212,0.00012,0.00007,0.00283,0.00001,0.00125,0.00641
1403638544.678122520446777,0.00209,0.00009,0.00034,0.00249,0.00000,0.00092,0.00593
1403638544.728124618530273,0.00211,0.00009,0.00043,0.00249,0.00014,0.00119,0.00646
1403638544.778123140335083,0.00208,0.00015,0.00009,0.00222,0.00002,0.00115,0.00570
1403638544.828123092651367,0.00189,0.00012,0.00007,0.00213,0.00006,0.00103,0.00530
1403638544.878115177154541,0.00189,0.00013,0.00002,0.00207,0.00680,0.00089,0.01179
1403638544.928113937377930,0.00178,0.00011,0.00001,0.00329,0.00037,0.00092,0.00648
1403638544.978108644485474,0.00195,0.00010,0.00001,0.00337,0.00009,0.00093,0.00645
1403638545.028104543685913,0.00212,0.00014,0.00051,0.00326,0.00000,0.00111,0.00715
1403638545.078099489212036,0.00236,0.00016,0.00045,0.00301,0.00014,0.00111,0.00723
1403638545.128097534179688,0.00201,0.00010,0.00210,0.00298,0.00017,0.00100,0.00836
1403638545.178101539611816,0.00201,0.00009,0.00012,0.00294,0.00018,0.00094,0.00628
1403638545.228098869323730,0.00190,0.00010,0.00001,0.00292,0.00000,0.00099,0.00592
1403638545.278095960617065,0.00209,0.00011,0.00006,0.00274,0.00000,0.00119,0.00621
1403638545.328094482421875,0.00213,0.00014,0.00007,0.00265,0.00009,0.00125,0.00632
1403638545.378088712692261,0.00190,0.00009,0.00006,0.00248,0.00070,0.00096,0.00620
1403638545.428085565567017,0.00189,0.00009,0.00001,0.00253,0.00041,0.00102,0.00594
1403638545.478081226348877,0.00195,0.00013,0.00013,0.00258,0.00006,0.00110,0.00593
1403638545.528074741363525,0.00164,0.00009,0.00000,0.00250,0.00000,0.00084,0.00509
1403638545.578071355819702,0.00220,0.00016,0.00001,0.00268,0.00007,0.00116,0.00629
1403638545.628061056137085,0.00195,0.00010,0.00143,0.00260,0.00548,0.00089,0.01245
1403638545.678054809570312,0.00209,0.00016,0.00038,0.00330,0.00007,0.00112,0.00713
1403638545.728055000305176,0.00224,0.00013,0.00200,0.00298,0.00008,0.00118,0.00860
1403638545.778042793273926,0.00198,0.00012,0.00085,0.00295,0.00081,0.00099,0.00770
1403638545.828032970428467,0.00204,0.00010,0.00011,0.00273,0.00000,0.00130,0.00628
1403638545.878030061721802,0.00254,0.00013,0.00012,0.00232,0.00000,0.00126,0.00637
1403638545.928024768829346,0.00192,0.00012,0.00008,0.00216,0.00005,0.00101,0.00535
1403638545.978027343750000,0.00186,0.00012,0.00003,0.00200,0.00000,0.00097,0.00498
1403638546.028026819229126,0.00213,0.00009,0.00009,0.00225,0.00009,0.00123,0.00589
1403638546.078025579452515,0.00212,0.00014,0.00007,0.00197,0.00018,0.00112,0.00561
1403638546.128024578094482,0.00193,0.00015,0.00013,0.00158,0.00000,0.00101,0.00480
1403638546.178025007247925,0.00209,0.00014,0.00008,0.00163,0.00061,0.00118,0.00572
1403638546.228022813796997,0.00204,0.00013,0.00006,0.00164,0.00331,0.00113,0.00832
1403638546.278020381927490,0.00191,0.00014,0.00038,0.00183,0.00038,0.00113,0.00576
1403638546.328012228012085,0.00241,0.00015,0.00026,0.00181,0.00353,0.00110,0.00926
1403638546.378011465072632,0.00209,0.00011,0.00001,0.00226,0.00020,0.00117,0.00583
1403638546.428001642227173,0.00206,0.00016,0.00115,0.00204,0.00288,0.00107,0.00936
1403638546.478002786636353,0.00220,0.00015,0.00038,0.00257,0.00000,0.00121,0.00650
1403638546.528003692626953,0.00194,0.00013,0.00016,0.00228,0.00006,0.00097,0.00556
1403638546.578000783920288,0.00172,0.00012,0.00018,0.00203,0.00001,0.00091,0.00497
1403638546.627995014190674,0.00201,0.00015,0.00015,0.00201,0.00063,0.00117,0.00612
1403638546.677993774414062,0.00219,0.00014,0.00001,0.00202,0.00066,0.00115,0.00616
1403638546.727991580963135,0.00228,0.00018,0.00006,0.00199,0.00000,0.00095,0.00545
1403638546.777981519699097,0.00209,0.00012,0.00007,0.00166,0.00006,0.00093,0.00493
1403638546.827972173690796,0.00198,0.00008,0.00004,0.00166,0.00059,0.00090,0.00526
1403638546.877971410751343,0.00182,0.00009,0.00006,0.00136,0.00771,0.00091,0.01196
1403638546.927983045578003,0.00204,0.00013,0.00010,0.00225,0.00014,0.00115,0.00581
1403638546.977983713150024,0.00203,0.00016,0.00020,0.00220,0.00027,0.00116,0.00602
1403638547.027980089187622,0.00200,0.00016,0.00012,0.00212,0.00080,0.00115,0.00635
1403638547.077979564666748,0.00197,0.00012,0.00003,0.00216,0.00000,0.00096,0.00525
1403638547.127987623214722,0.00197,0.00012,0.00004,0.00210,0.00068,0.00096,0.00588
1403638547.177985668182373,0.00198,0.00009,0.00051,0.00245,0.00013,0.00093,0.00608
1403638547.227984666824341,0.00210,0.00012,0.00001,0.00195,0.00004,0.00098,0.00521
1403638547.277983903884888,0.00201,0.00012,0.00043,0.00188,0.00076,0.00095,0.00615
1403638547.327994346618652,0.00191,0.00011,0.00040,0.00193,0.00251,0.00096,0.00782
1403638547.377993106842041,0.00186,0.00011,0.00005,0.00211,0.00005,0.00088,0.00506
1403638547.427997827529907,0.00187,0.00009,0.00029,0.00191,0.00002,0.00106,0.00524
1403638547.477992296218872,0.00188,0.00012,0.00073,0.00185,0.00198,0.00090,0.00746
1403638547.527990818023682,0.00194,0.00012,0.00026,0.00221,0.00076,0.00096,0.00625
1403638547.577991724014282,0.00202,0.00012,0.00003,0.00218,0.00095,0.00096,0.00625
1403638547.627990961074829,0.00204,0.00011,0.00012,0.00211,0.00016,0.00094,0.00549
1403638547.677992820739746,0.00214,0.00012,0.00021,0.00212,0.00032,0.00116,0.00608
1403638547.727993726730347,0.00220,0.00016,0.00001,0.00209,0.00252,0.00140,0.00839
1403638547.777996063232422,0.00188,0.00014,0.00001,0.00234,0.00000,0.00089,0.00526
1403638547.827991247177124,0.00243,0.00014,0.00007,0.00217,0.00065,0.00119,0.00665
1403638547.877992391586304,0.00194,0.00012,0.00005,0.00189,0.00008,0.00097,0.00507
1403638547.927991390228271,0.00205,0.00009,0.00042,0.00184,0.00015,0.00103,0.00558
1403638547.977996110916138,0.00207,0.00015,0.00019,0.00199,0.00070,0.00116,0.00627
1403638548.028000354766846,0.00220,0.00015,0.00001,0.00200,0.00123,0.00114,0.00673
1403638548.077993154525757,0.00189,0.00013,0.00005,0.00202,0.00201,0.00096,0.00705
1403638548.127995491027832,0.00185,0.00012,0.00002,0.00226,0.00015,0.00091,0.00532
1403638548.177990436553955,0.00223,0.00015,0.00057,0.00202,0.00301,0.00106,0.00905
1403638548.227989673614502,0.00209,0.00015,0.00030,0.00200,0.00132,0.00111,0.00697
1403638548.277986288070679,0.00209,0.00012,0.00052,0.00199,0.00002,0.00100,0.00574
1403638548.327988862991333,0.00207,0.00011,0.00034,0.00191,0.00065,0.00088,0.00596
1403638548.377991676330566,0.00185,0.00012,0.00004,0.00205,0.00244,0.00088,0.00738
1403638548.427999734878540,0.00208,0.00013,0.00003,0.00255,0.00037,0.00093,0.00610
1403638548.478005170822144,0.00252,0.00018,0.00004,0.00235,0.00193,0.00104,0.00807
1403638548.528018712997437,0.00207,0.00013,0.00005,0.00249,0.00024,0.00121,0.00619
1403638548.578027725219727,0.00201,0.00012,0.00055,0.00224,0.00068,0.00094,0.00654
1403638548.628025531768799,0.00192,0.00011,0.00009,0.00228,0.00000,0.00095,0.00535
1403638548.678027629852295,0.00221,0.00012,0.00010,0.00254,0.00009,0.00096,0.00602
1403638548.728028535842896,0.00227,0.00017,0.00060,0.00227,0.00049,0.00114,0.00694
1403638548.778028249740601,0.00220,0.00012,0.00003,0.00233,0.00258,0.00111,0.00838
1403638548.828034639358521,0.00192,0.00013,0.00035,0.00250,0.00378,0.00095,0.00964
1403638548.878032684326172,0.00211,0.00012,0.00001,0.00322,0.00294,0.00113,0.00953
1403638548.928032875061035,0.00211,0.00015,0.00025,0.00325,0.00002,0.00108,0.00686
1403638548.978038311004639,0.00232,0.00011,0.00046,0.00301,0.00218,0.00098,0.00907
1403638549.028034687042236,0.00205,0.00011,0.00258,0.00319,0.00212,0.00112,0.01116
1403638549.078032493591309,0.00233,0.00011,0.00012,0.00370,0.00076,0.00120,0.00823
1403638549.128026723861694,0.00197,0.00014,0.00004,0.00366,0.00001,0.00103,0.00685
1403638549.178027153015137,0.00195,0.00009,0.00018,0.00381,0.00007,0.00122,0.00733
1403638549.228025436401367,0.00204,0.00015,0.00310,0.00319,0.00206,0.00122,0.01176
1403638549.278022050857544,0.00192,0.00012,0.00091,0.00341,0.00145,0.00108,0.00890
1403638549.328020095825195,0.00211,0.00010,0.00197,0.00370,0.00003,0.00085,0.00876
1403638549.378021001815796,0.00274,0.00012,0.00013,0.00377,0.00002,0.00127,0.00804
1403638549.428019285202026,0.00206,0.00014,0.00034,0.00329,0.00243,0.00093,0.00919
1403638549.478017807006836,0.00202,0.00010,0.00006,0.00354,0.00000,0.00103,0.00676
1403638549.528018951416016,0.00198,0.00012,0.00338,0.00344,0.00195,0.00105,0.01193
1403638549.578019857406616,0.00185,0.00010,0.00030,0.00347,0.00084,0.00130,0.00786
1403638549.628018140792847,0.00217,0.00014,0.00012,0.00337,0.00145,0.00111,0.00837
1403638549.678019285202026,0.00201,0.00011,0.00039,0.00346,0.00111,0.00094,0.00803
1403638549.728020191192627,0.00187,0.00010,0.00003,0.00378,0.00000,0.00093,0.00672
1403638549.778022766113281,0.00179,0.00010,0.00045,0.00387,0.00083,0.00105,0.00810
1403638549.828024625778198,0.00260,0.00014,0.00250,0.00361,0.00151,0.00087,0.01124
1403638549.878025531768799,0.00224,0.00014,0.00134,0.00381,0.00004,0.00118,0.00875
1403638549.928029298782349,0.00215,0.00014,0.00400,0.00361,0.00135,0.00108,0.01234
1403638549.978029966354370,0.00264,0.00014,0.00010,0.00395,0.00076,0.00125,0.00884
1403638550.028029203414917,0.00210,0.00018,0.00001,0.00386,0.00000,0.00135,0.00750
1403638550.078035354614258,0.00231,0.00013,0.00012,0.00318,0.00000,0.00116,0.00689
1403638550.128028869628906,0.00208,0.00013,0.00271,0.00309,0.00142,0.00098,0.01041
1403638550.178020238876343,0.00205,0.00020,0.00076,0.00272,0.00015,0.00115,0.00703
1403638550.228012323379517,0.00214,0.00013,0.00064,0.00285,0.00015,0.00112,0.00703
1403638550.278009653091431,0.00198,0.00012,0.00041,0.00282,0.00003,0.00101,0.00637
1403638550.327982664108276,0.00191,0.00013,0.00024,0.00264,0.00000,0.00117,0.00608
1403638550.377978801727295,0.00194,0.00009,0.00491,0.00257,0.00712,0.00109,0.01772
1403638550.427979469299316,0.00229,0.00015,0.00246,0.00362,0.00000,0.00114,0.00967
1403638550.477987051010132,0.00197,0.00009,0.00097,0.00338,0.00162,0.00113,0.00917
1403638550.527982950210571,0.00214,0.00011,0.00212,0.00347,0.00141,0.00109,0.01035
1403638550.577975749969482,0.00243,0.00010,0.00003,0.00400,0.00071,0.00097,0.00822
1403638550.627965688705444,0.00218,0.00015,0.00056,0.00338,0.00000,0.00120,0.00747
1403638550.677966117858887,0.00220,0.00011,0.00058,0.00331,0.00000,0.00111,0.00732
1403638550.727962255477905,0.00202,0.00009,0.00026,0.00290,0.00347,0.00091,0.00965
1403638550.777956485748291,0.00193,0.00016,0.00052,0.00339,0.00158,0.00112,0.00870
1403638550.827951908111572,0.00236,0.00015,0.00028,0.00367,0.00004,0.00106,0.00757
1403638550.877941131591797,0.00209,0.00010,0.00045,0.00295,0.00214,0.00095,0.00869
1403638550.927945375442505,0.00210,0.00012,0.00014,0.00305,0.00002,0.00095,0.00639
1403638550.977947473526001,0.00193,0.00009,0.00232,0.00297,0.00342,0.00109,0.01182
1403638551.027949333190918,0.00236,0.00013,0.00085,0.00300,0.00015,0.00118,0.00766
1403638551.077951669692993,0.00195,0.00018,0.00064,0.00276,0.00067,0.00091,0.00712
1403638551.127948760986328,0.00201,0.00013,0.00495,0.00287,0.00327,0.00104,0.01427
1403638551.177949905395508,0.00211,0.00012,0.00003,0.00335,0.00000,0.00144,0.00704
1403638551.227950334548950,0.00205,0.00013,0.00020,0.00291,0.00002,0.00107,0.00636
1403638551.277946949005127,0.00247,0.00010,0.00002,0.00295,0.00000,0.00117,0.00672
1403638551.327936649322510,0.00196,0.00012,0.00011,0.00262,0.00013,0.00095,0.00589
1403638551.377920627593994,0.00218,0.00015,0.00013,0.00250,0.00000,0.00118,0.00614
1403638551.427906513214111,0.00216,0.00013,0.00065,0.00272,0.00120,0.00113,0.00799
1403638551.477888584136963,0.00211,0.00012,0.00082,0.00244,0.00002,0.00098,0.00651
1403638551.527870178222656,0.00185,0.00013,0.00017,0.00230,0.00120,0.00098,0.00663
1403638551.577871322631836,0.00202,0.00013,0.00039,0.00241,0.00545,0.00091,0.01130
1403638551.627866983413696,0.00218,0.00014,0.00032,0.00337,0.00083,0.00105,0.00790
1403638551.677874326705933,0.00208,0.00015,0.00041,0.00310,0.00074,0.00122,0.00771
1403638551.727871656417847,0.00225,0.00011,0.00252,0.00328,0.00131,0.00092,0.01039
1403638551.777874231338501,0.00210,0.00014,0.00002,0.00329,0.00000,0.00111,0.00666
1403638551.827885150909424,0.00261,0.00013,0.00445,0.00315,0.00214,0.00123,0.01371
1403638551.877895832061768,0.00230,0.00014,0.00044,0.00352,0.00002,0.00097,0.00738
1403638551.927905797958374,0.00205,0.00010,0.00027,0.00332,0.00008,0.00095,0.00679
1403638551.977916479110718,0.00195,0.00010,0.00006,0.00329,0.00000,0.00097,0.00637
1403638552.027926445007324,0.00283,0.00016,0.00039,0.00284,0.00046,0.00122,0.00790
1403638552.077923536300659,0.00262,0.00014,0.00015,0.00300,0.00068,0.00119,0.00778
1403638552.127917528152466,0.00195,0.00013,0.00004,0.00259,0.00013,0.00106,0.00590
1403638552.177920818328857,0.00170,0.00010,0.00028,0.00237,0.00245,0.00087,0.00778
1403638552.227914094924927,0.00233,0.00013,0.00016,0.00271,0.00146,0.00123,0.00802
1403638552.277920246124268,0.00224,0.00019,0.00017,0.00271,0.00073,0.00104,0.00708
1403638552.327932596206665,0.00238,0.00017,0.00085,0.00317,0.00170,0.00117,0.00944
1403638552.377952337265015,0.00218,0.00010,0.00336,0.00283,0.00158,0.00094,0.01099
1403638552.427962541580200,0.00183,0.00009,0.00246,0.00288,0.00206,0.00090,0.01023
1403638552.477961778640747,0.00243,0.00010,0.00065,0.00308,0.00000,0.00100,0.00727
1403638552.527960062026978,0.00252,0.00010,0.00095,0.00290,0.00036,0.00102,0.00785
1403638552.577960252761841,0.00251,0.00016,0.00233,0.00257,0.00461,0.00123,0.01341
1403638552.627957820892334,0.00233,0.00013,0.00008,0.00347,0.00000,0.00145,0.00746
1403638552.677952289581299,0.00232,0.00017,0.00024,0.00367,0.00003,0.00122,0.00764
1403638552.727951765060425,0.00195,0.00017,0.00026,0.00313,0.00003,0.00092,0.00646
1403638552.777946949005127,0.00253,0.00013,0.00051,0.00291,0.00002,0.00118,0.00727
1403638552.827945709228516,0.00221,0.00010,0.00040,0.00287,0.00024,0.00101,0.00684
1403638552.877948284149170,0.00211,0.00013,0.00037,0.00298,0.00074,0.00112,0.00745
1403638552.927958488464355,0.00218,0.00011,0.00024,0.00282,0.00206,0.00148,0.00888
1403638552.977966308593750,0.00217,0.00009,0.00262,0.00320,0.00237,0.00109,0.01154
1403638553.027959346771240,0.00214,0.00018,0.00327,0.00352,0.00123,0.00105,0.01138
1403638553.077968358993530,0.00219,0.00012,0.00451,0.00346,0.00072,0.00110,0.01210
1403638553.127969980239868,0.00197,0.00010,0.00010,0.00413,0.00044,0.00121,0.00794
1403638553.177975416183472,0.00279,0.00012,0.00171,0.00353,0.00100,0.00115,0.01030
1403638553.227975606918335,0.00216,0.00011,0.00006,0.00384,0.00000,0.00107,0.00724
1403638553.277976036071777,0.00210,0.00011,0.00016,0.00417,0.00016,0.00113,0.00784
1403638553.327976465225220,0.00225,0.00012,0.00007,0.00342,0.00072,0.00123,0.00780
1403638553.377976655960083,0.00208,0.00009,0.00006,0.00336,0.00013,0.00106,0.00677
1403638553.427980184555054,0.00227,0.00014,0.00004,0.00333,0.00126,0.00114,0.00818
1403638553.477978706359863,0.00210,0.00011,0.00022,0.00341,0.00000,0.00136,0.00719
1403638553.527973651885986,0.00230,0.00011,0.00011,0.00359,0.00000,0.00095,0.00706
1403638553.577971935272217,0.00229,0.00009,0.00054,0.00306,0.00124,0.00092,0.00815
1403638553.627964019775391,0.00201,0.00010,0.00230,0.00297,0.00071,0.00096,0.00905
1403638553.677964210510254,0.00213,0.00009,0.00274,0.00279,0.00261,0.00094,0.01130
1403638553.727970361709595,0.00210,0.00009,0.00652,0.00343,0.00071,0.00095,0.01380
1403638553.777961254119873,0.00239,0.00010,0.00201,0.00321,0.00092,0.00094,0.00957
1403638553.827952861785889,0.00205,0.00009,0.00003,0.00343,0.00000,0.00094,0.00654
1403638553.877945661544800,0.00198,0.00011,0.00003,0.00344,0.00087,0.00093,0.00737
1403638553.927944183349609,0.00233,0.00011,0.00003,0.00340,0.00000,0.00096,0.00683
1403638553.977935314178467,0.00207,0.00010,0.00003,0.00348,0.00013,0.00104,0.00685
1403638554.027944326400757,0.00210,0.00010,0.00001,0.00361,0.00013,0.00093,0.00688
1403638554.077941656112671,0.00196,0.00009,0.00001,0.00340,0.00000,0.00130,0.00677
1403638554.127943515777588,0.00217,0.00016,0.00015,0.00305,0.00003,0.00090,0.00645
1403638554.177928209304810,0.00243,0.00017,0.00015,0.00327,0.00075,0.00120,0.00797
1403638554.227925300598145,0.00215,0.00009,0.00123,0.00291,0.00261,0.00117,0.01016
1403638554.277923107147217,0.00239,0.00018,0.00394,0.00343,0.00000,0.00126,0.01120
1403638554.327926635742188,0.00198,0.00012,0.00609,0.00333,0.00003,0.00135,0.01291
1403638554.377927780151367,0.00218,0.00013,0.00119,0.00323,0.00177,0.00116,0.00965
1403638554.427926301956177,0.00203,0.00010,0.00001,0.00376,0.00000,0.00096,0.00685
1403638554.477929592132568,0.00209,0.00010,0.00522,0.00375,0.00000,0.00150,0.01266
1403638554.527925252914429,0.00210,0.00016,0.00010,0.00344,0.00002,0.00116,0.00698
1403638554.577922582626343,0.00214,0.00009,0.00010,0.00362,0.00021,0.00103,0.00720
1403638554.627917051315308,0.00202,0.00013,0.00010,0.00310,0.00013,0.00094,0.00642
1403638554.677910566329956,0.00214,0.00018,0.00007,0.00313,0.00003,0.00108,0.00663
1403638554.727910757064819,0.00246,0.00018,0.00014,0.00314,0.00074,0.00118,0.00784
1403638554.777909994125366,0.00200,0.00009,0.00001,0.00332,0.00061,0.00104,0.00707
1403638554.827911615371704,0.00188,0.00009,0.00061,0.00367,0.00083,0.00111,0.00819
1403638554.877915143966675,0.00209,0.00014,0.00328,0.00349,0.00000,0.00125,0.01025
1403638554.927911520004272,0.00197,0.00013,0.00593,0.00353,0.00000,0.00120,0.01276
1403638554.977909088134766,0.00198,0.00019,0.00034,0.00358,0.00000,0.00103,0.00712
1403638555.027906894683838,0.00197,0.00014,0.00003,0.00340,0.00000,0.00095,0.00649
1403638555.077897071838379,0.00200,0.00011,0.00431,0.00343,0.00000,0.00097,0.01082
1403638555.127889871597290,0.00207,0.00021,0.00090,0.00316,0.00000,0.00109,0.00743
1403638555.177891731262207,0.00206,0.00013,0.00001,0.00318,0.00003,0.00111,0.00652
1403638555.227889776229858,0.00204,0.00017,0.00001,0.00323,0.00054,0.00122,0.00721
1403638555.277884960174561,0.00198,0.00014,0.00011,0.00330,0.00014,0.00104,0.00671
1403638555.327882766723633,0.00248,0.00013,0.00011,0.00321,0.00000,0.00093,0.00687
1403638555.377882003784180,0.00250,0.00018,0.00021,0.00311,0.00000,0.00128,0.00729
1403638555.427882194519043,0.00213,0.00010,0.00008,0.00306,0.00041,0.00097,0.00674
1403638555.477882623672485,0.00220,0.00018,0.00229,0.00285,0.00122,0.00120,0.00995
1403638555.527883768081665,0.00248,0.00014,0.00526,0.00291,0.00070,0.00096,0.01245
1403638555.577886819839478,0.00226,0.00014,0.00030,0.00313,0.00001,0.00119,0.00703
1403638555.627891778945923,0.00210,0.00013,0.00032,0.00304,0.00000,0.00106,0.00664
1403638555.677896261215210,0.00199,0.00010,0.00255,0.00285,0.00144,0.00098,0.00991
1403638555.727900028228760,0.00196,0.00013,0.00012,0.00315,0.00074,0.00099,0.00710
1403638555.777906656265259,0.00206,0.00009,0.00001,0.00362,0.00012,0.00095,0.00684
1403638555.827910900115967,0.00206,0.00013,0.00060,0.00330,0.00013,0.00097,0.00719
1403638555.877907752990723,0.00201,0.00010,0.00907,0.00321,0.00121,0.00091,0.01652
1403638555.927906274795532,0.00215,0.00010,0.00001,0.00348,0.00000,0.00101,0.00675
1403638555.977903127670288,0.00216,0.00009,0.00003,0.00375,0.00000,0.00126,0.00730
1403638556.027902841567993,0.00211,0.00016,0.00004,0.00349,0.00000,0.00132,0.00713
1403638556.077907323837280,0.00198,0.00011,0.00262,0.00311,0.00073,0.00100,0.00955
1403638556.127910614013672,0.00203,0.00019,0.00413,0.00315,0.00078,0.00110,0.01138
1403638556.177908658981323,0.00227,0.00015,0.00046,0.00335,0.00002,0.00137,0.00762
1403638556.227908372879028,0.00192,0.00015,0.00014,0.00306,0.00000,0.00108,0.00636
1403638556.277905225753784,0.00224,0.00014,0.00165,0.00292,0.00167,0.00101,0.00962
1403638556.327903032302856,0.00201,0.00013,0.00007,0.00326,0.00074,0.00111,0.00732
1403638556.377903223037720,0.00191,0.00011,0.00001,0.00338,0.00002,0.00102,0.00644
1403638556.427902460098267,0.00206,0.00010,0.00001,0.00340,0.00003,0.00101,0.00660
1403638556.477908134460449,0.00196,0.00013,0.00840,0.00317,0.00111,0.00114,0.01591
1403638556.527907133102417,0.00228,0.00013,0.00001,0.00361,0.00000,0.00123,0.00725
1403638556.577908754348755,0.00210,0.00010,0.00040,0.00373,0.00000,0.00127,0.00760
1403638556.627907991409302,0.00208,0.00011,0.00032,0.00346,0.00000,0.00117,0.00715
1403638556.677904367446899,0.00204,0.00013,0.00001,0.00336,0.00144,0.00090,0.00788
1403638556.727893352508545,0.00189,0.00009,0.00390,0.00363,0.00000,0.00092,0.01044
1403638556.777895927429199,0.00196,0.00017,0.00038,0.00376,0.00095,0.00111,0.00834
1403638556.827895641326904,0.00269,0.00013,0.00003,0.00370,0.00000,0.00118,0.00773
1403638556.877899408340454,0.00223,0.00013,0.00117,0.00348,0.00000,0.00111,0.00813
1403638556.927902698516846,0.00203,0.00009,0.00073,0.00309,0.00002,0.00096,0.00693
1403638556.977911472320557,0.00197,0.00009,0.00037,0.00300,0.00002,0.00110,0.00655
1403638557.027925729751587,0.00209,0.00010,0.00021,0.00279,0.00013,0.00104,0.00636
1403638557.077935695648193,0.00206,0.00009,0.00596,0.00264,0.00382,0.00118,0.01577
1403638557.127937078475952,0.00250,0.00016,0.00025,0.00369,0.00001,0.00120,0.00782
1403638557.177942514419556,0.00208,0.00013,0.00024,0.00341,0.00000,0.00110,0.00696
1403638557.227946043014526,0.00203,0.00019,0.00080,0.00300,0.00000,0.00114,0.00716
1403638557.277947187423706,0.00219,0.00014,0.00028,0.00331,0.00000,0.00123,0.00715
1403638557.327952861785889,0.00196,0.00009,0.00214,0.00299,0.00281,0.00097,0.01098
1403638557.377957582473755,0.00197,0.00011,0.00774,0.00358,0.00000,0.00115,0.01455
1403638557.427956581115723,0.00217,0.00013,0.00023,0.00339,0.00000,0.00114,0.00705
1403638557.477957010269165,0.00211,0.00015,0.00078,0.00311,0.00037,0.00113,0.00763
1403638557.527955293655396,0.00209,0.00014,0.00006,0.00341,0.00144,0.00124,0.00838
1403638557.577953100204468,0.00189,0.00012,0.00006,0.00354,0.00013,0.00102,0.00675
1403638557.627950906753540,0.00199,0.00009,0.00066,0.00332,0.00052,0.00098,0.00757
1403638557.677953958511353,0.00179,0.00010,0.00568,0.00303,0.00061,0.00091,0.01212
1403638557.727952480316162,0.00269,0.00013,0.00007,0.00338,0.00001,0.00123,0.00751
1403638557.777951717376709,0.00230,0.00014,0.00018,0.00341,0.00000,0.00110,0.00713
1403638557.827952384948730,0.00224,0.00018,0.00022,0.00262,0.00002,0.00113,0.00641
1403638557.877951622009277,0.00220,0.00013,0.00009,0.00251,0.00000,0.00129,0.00622
1403638557.927948474884033,0.00214,0.00010,0.00065,0.00219,0.00140,0.00144,0.00792
1403638557.977951288223267,0.00215,0.00011,0.00498,0.00275,0.00444,0.00091,0.01534
1403638558.027951717376709,0.00226,0.00014,0.00012,0.00341,0.00003,0.00115,0.00712
1403638558.077950000762939,0.00211,0.00018,0.00065,0.00261,0.00000,0.00124,0.00678
1403638558.127942085266113,0.00221,0.00014,0.00043,0.00359,0.00067,0.00114,0.00818
1403638558.177938938140869,0.00201,0.00013,0.00008,0.00264,0.00000,0.00103,0.00589
1403638558.227939367294312,0.00207,0.00017,0.00013,0.00253,0.00034,0.00126,0.00649
1403638558.277949571609497,0.00201,0.00012,0.00693,0.00283,0.00694,0.00107,0.01990
1403638558.327950954437256,0.00241,0.00012,0.00061,0.00361,0.00002,0.00095,0.00771
1403638558.377950429916382,0.00213,0.00013,0.00008,0.00332,0.00000,0.00093,0.00659
1403638558.427948474884033,0.00204,0.00018,0.00040,0.00316,0.00000,0.00106,0.00685
1403638558.477942943572998,0.00218,0.00016,0.00055,0.00266,0.00000,0.00118,0.00674
1403638558.527935504913330,0.00203,0.00010,0.00053,0.00233,0.00072,0.00106,0.00678
1403638558.577923774719238,0.00278,0.00013,0.00038,0.00247,0.00553,0.00115,0.01244
1403638558.627908706665039,0.00244,0.00013,0.00047,0.00300,0.00071,0.00118,0.00794
1403638558.677889108657837,0.00232,0.00013,0.00004,0.00331,0.00000,0.00117,0.00697
1403638558.727883577346802,0.00229,0.00015,0.00027,0.00278,0.00035,0.00096,0.00681
1403638558.777883529663086,0.00243,0.00016,0.00049,0.00290,0.00000,0.00132,0.00731
1403638558.827885866165161,0.00218,0.00011,0.00035,0.00251,0.00000,0.00112,0.00627
1403638558.877880573272705,0.00206,0.00010,0.00607,0.00225,0.00328,0.00101,0.01477
1403638558.927879571914673,0.00214,0.00009,0.00010,0.00236,0.00023,0.00095,0.00587
1403638558.977878570556641,0.00204,0.00012,0.00066,0.00224,0.00000,0.00094,0.00601
1403638559.027878522872925,0.00188,0.00011,0.00009,0.00152,0.00000,0.00090,0.00450
1403638559.077877998352051,0.00270,0.00016,0.00062,0.00122,0.00000,0.00122,0.00593
1403638559.127881526947021,0.00237,0.00014,0.00349,0.00096,0.00816,0.00109,0.01621
1403638559.177880287170410,0.00198,0.00011,0.00020,0.00161,0.00014,0.00090,0.00495
1403638559.227879047393799,0.00213,0.00009,0.00038,0.00139,0.00000,0.00098,0.00497
1403638559.277877092361450,0.00198,0.00011,0.00022,0.00128,0.00002,0.00095,0.00456
1403638559.327877283096313,0.00223,0.00008,0.00046,0.00138,0.00028,0.00093,0.00537
1403638559.377877235412598,0.00208,0.00009,0.00091,0.00124,0.00000,0.00099,0.00532
1403638559.427876472473145,0.00194,0.00008,0.00083,0.00127,0.00000,0.00159,0.00572
1403638559.477870941162109,0.00204,0.00014,0.00023,0.00126,0.00459,0.00113,0.00939
1403638559.527870655059814,0.00201,0.00012,0.00041,0.00154,0.00037,0.00095,0.00541
1403638559.577870607376099,0.00218,0.00012,0.00114,0.00154,0.00000,0.00095,0.00593
1403638559.627874851226807,0.00198,0.00011,0.00059,0.00185,0.00828,0.00088,0.01369
1403638559.677873849868774,0.00196,0.00012,0.00005,0.00222,0.00000,0.00101,0.00536
1403638559.727873325347900,0.00187,0.00010,0.00239,0.00217,0.00109,0.00096,0.00857
1403638559.777872800827026,0.00196,0.00012,0.00015,0.00203,0.00100,0.00094,0.00620
1403638559.827872753143311,0.00192,0.00013,0.00000,0.00239,0.00000,0.00098,0.00543
1403638559.877870798110962,0.00217,0.00012,0.00266,0.00201,0.00199,0.00098,0.00993
1403638559.927872419357300,0.00210,0.00013,0.00007,0.00199,0.00000,0.00096,0.00526
1403638559.977873802185059,0.00230,0.00015,0.00009,0.00197,0.00041,0.00144,0.00636
1403638560.027876138687134,0.00216,0.00016,0.00011,0.00176,0.00002,0.00118,0.00539
1403638560.077880382537842,0.00183,0.00012,0.00057,0.00127,0.00075,0.00097,0.00552
1403638560.127888441085815,0.00194,0.00011,0.00112,0.00120,0.00516,0.00107,0.01060
1403638560.177890539169312,0.00277,0.00014,0.00018,0.00149,0.00009,0.00117,0.00584
1403638560.227888584136963,0.00192,0.00012,0.00049,0.00143,0.00114,0.00091,0.00601
1403638560.277886867523193,0.00247,0.00016,0.00029,0.00139,0.00008,0.00137,0.00576
1403638560.327883005142212,0.00237,0.00010,0.00054,0.00084,0.00182,0.00115,0.00683
1403638560.377882242202759,0.00189,0.00014,0.00012,0.00112,0.00042,0.00102,0.00471
1403638560.427880525588989,0.00244,0.00009,0.00009,0.00084,0.00007,0.00097,0.00449
1403638560.477875232696533,0.00224,0.00013,0.00039,0.00086,0.00655,0.00121,0.01138
1403638560.527871847152710,0.00200,0.00012,0.00008,0.00161,0.00032,0.00101,0.00514
1403638560.577871561050415,0.00189,0.00011,0.00035,0.00141,0.00008,0.00097,0.00481
1403638560.627872228622437,0.00196,0.00011,0.00024,0.00135,0.00013,0.00094,0.00473
1403638560.677861452102661,0.00184,0.00011,0.00005,0.00141,0.00062,0.00092,0.00496
1403638560.727860927581787,0.00203,0.00011,0.00020,0.00144,0.00254,0.00095,0.00728
1403638560.777858734130859,0.00274,0.00014,0.00065,0.00142,0.00000,0.00121,0.00616
1403638560.827870368957520,0.00231,0.00023,0.00069,0.00116,0.00553,0.00115,0.01106
1403638560.877869367599487,0.00206,0.00013,0.00148,0.00156,0.00008,0.00106,0.00638
1403638560.927875518798828,0.00206,0.00012,0.00010,0.00143,0.00194,0.00096,0.00661
1403638560.977873086929321,0.00185,0.00011,0.00020,0.00147,0.00232,0.00091,0.00686
1403638561.027874469757080,0.00200,0.00012,0.00003,0.00168,0.00000,0.00094,0.00478
1403638561.077872991561890,0.00188,0.00009,0.00007,0.00152,0.00128,0.00093,0.00576
1403638561.127875804901123,0.00186,0.00009,0.00009,0.00165,0.00000,0.00095,0.00464
1403638561.177875995635986,0.00251,0.00009,0.00053,0.00161,0.00000,0.00099,0.00574
1403638561.227880001068115,0.00213,0.00008,0.00030,0.00149,0.00012,0.00101,0.00514
1403638561.277882099151611,0.00232,0.00009,0.00002,0.00143,0.00031,0.00095,0.00512
1403638561.327885866165161,0.00212,0.00009,0.00149,0.00136,0.00854,0.00122,0.01482
1403638561.377881050109863,0.00200,0.00013,0.00010,0.00212,0.00009,0.00095,0.00539
1403638561.427874565124512,0.00224,0.00016,0.00008,0.00249,0.00059,0.00118,0.00673
1403638561.477870941162109,0.00191,0.00012,0.00043,0.00220,0.00000,0.00098,0.00565
1403638561.527866840362549,0.00202,0.00009,0.00081,0.00210,0.00209,0.00095,0.00807
1403638561.577870368957520,0.00190,0.00009,0.00008,0.00250,0.00246,0.00092,0.00796
1403638561.627869844436646,0.00195,0.00010,0.00001,0.00293,0.00040,0.00094,0.00631
1403638561.677869796752930,0.00218,0.00014,0.00011,0.00298,0.00046,0.00123,0.00710
1403638561.727869272232056,0.00204,0.00018,0.00209,0.00280,0.00097,0.00111,0.00920
1403638561.777870178222656,0.00205,0.00010,0.00001,0.00308,0.00038,0.00095,0.00657
1403638561.827873945236206,0.00215,0.00017,0.00007,0.00325,0.00014,0.00126,0.00705
1403638561.877874374389648,0.00209,0.00013,0.00001,0.00290,0.00000,0.00122,0.00636
1403638561.927870988845825,0.00219,0.00012,0.00388,0.00284,0.00127,0.00106,0.01136
1403638561.977871417999268,0.00224,0.00009,0.00006,0.00297,0.00013,0.00123,0.00673
1403638562.027872085571289,0.00215,0.00015,0.00101,0.00295,0.00076,0.00113,0.00816
1403638562.077872991561890,0.00220,0.00011,0.00005,0.00290,0.00000,0.00100,0.00626
1403638562.127871513366699,0.00213,0.00013,0.00003,0.00272,0.00087,0.00091,0.00678
1403638562.177868127822876,0.00200,0.00009,0.00039,0.00274,0.00115,0.00112,0.00749
1403638562.227869749069214,0.00248,0.00016,0.00032,0.00259,0.00010,0.00091,0.00656
1403638562.277868270874023,0.00219,0.00010,0.00026,0.00257,0.00012,0.00092,0.00615
1403638562.327868700027466,0.00233,0.00017,0.00180,0.00268,0.00404,0.00081,0.01184
1403638562.377869606018066,0.00227,0.00014,0.00014,0.00353,0.00000,0.00099,0.00707
1403638562.427870035171509,0.00223,0.00014,0.00001,0.00360,0.00051,0.00123,0.00771
1403638562.477868795394897,0.00204,0.00009,0.00162,0.00327,0.00003,0.00120,0.00826
1403638562.527869701385498,0.00229,0.00015,0.00346,0.00314,0.00075,0.00115,0.01094
1403638562.577868461608887,0.00219,0.00013,0.00069,0.00293,0.00000,0.00104,0.00699
1403638562.627869844436646,0.00195,0.00013,0.00018,0.00250,0.00053,0.00093,0.00622
1403638562.677870035171509,0.00229,0.00013,0.00014,0.00238,0.00000,0.00116,0.00609
1403638562.727869272232056,0.00212,0.00015,0.00025,0.00220,0.00002,0.00121,0.00594
1403638562.777870893478394,0.00221,0.00015,0.00020,0.00208,0.00046,0.00138,0.00647
1403638562.827878952026367,0.00242,0.00014,0.00367,0.00168,0.00240,0.00089,0.01121
1403638562.877878904342651,0.00224,0.00015,0.00001,0.00205,0.00004,0.00118,0.00565
1403638562.927881002426147,0.00194,0.00012,0.00014,0.00153,0.00108,0.00101,0.00582
1403638562.977883100509644,0.00198,0.00009,0.00014,0.00158,0.00002,0.00099,0.00480
1403638563.027883768081665,0.00192,0.00009,0.00009,0.00148,0.00024,0.00137,0.00519
1403638563.077883720397949,0.00206,0.00010,0.00031,0.00128,0.00110,0.00114,0.00599
1403638563.127886056900024,0.00198,0.00012,0.00007,0.00139,0.00549,0.00093,0.00998
1403638563.177888154983521,0.00263,0.00019,0.00008,0.00209,0.00002,0.00094,0.00594
1403638563.227890014648438,0.00236,0.00020,0.00047,0.00187,0.00006,0.00131,0.00628
1403638563.277892112731934,0.00246,0.00014,0.00011,0.00171,0.00000,0.00108,0.00551
1403638563.327889680862427,0.00217,0.00011,0.00251,0.00158,0.00934,0.00131,0.01703
1403638563.377890110015869,0.00202,0.00015,0.00007,0.00296,0.00000,0.00093,0.00613
1403638563.427888631820679,0.00223,0.00013,0.00524,0.00275,0.00082,0.00120,0.01238
1403638563.477893352508545,0.00198,0.00013,0.00021,0.00282,0.00000,0.00140,0.00654
1403638563.527899026870728,0.00200,0.00012,0.00078,0.00266,0.00342,0.00114,0.01013
1403638563.577901601791382,0.00246,0.00013,0.00003,0.00336,0.00000,0.00098,0.00697
1403638563.627898693084717,0.00198,0.00011,0.00001,0.00318,0.00000,0.00102,0.00629
1403638563.677897453308105,0.00230,0.00018,0.00007,0.00305,0.00040,0.00119,0.00720
1403638563.727893590927124,0.00222,0.00012,0.00648,0.00301,0.00148,0.00103,0.01435
1403638563.777892351150513,0.00194,0.00013,0.00001,0.00335,0.00076,0.00102,0.00720
1403638563.827892541885376,0.00243,0.00018,0.00001,0.00346,0.00000,0.00119,0.00727
1403638563.877891540527344,0.00209,0.00019,0.00008,0.00366,0.00002,0.00118,0.00721
1403638563.927893877029419,0.00193,0.00010,0.00202,0.00329,0.00147,0.00092,0.00973
1403638563.977893114089966,0.00187,0.00015,0.00001,0.00369,0.00000,0.00117,0.00689
1403638564.027895450592041,0.00264,0.00017,0.00552,0.00355,0.00000,0.00107,0.01294
1403638564.077894210815430,0.00210,0.00019,0.00002,0.00368,0.00000,0.00123,0.00722
1403638564.127894639968872,0.00261,0.00019,0.00071,0.00362,0.00000,0.00116,0.00829
1403638564.177896499633789,0.00217,0.00013,0.00043,0.00378,0.00000,0.00105,0.00757
1403638564.227898836135864,0.00213,0.00009,0.00001,0.00374,0.00000,0.00104,0.00701
1403638564.277900218963623,0.00209,0.00019,0.00001,0.00357,0.00000,0.00108,0.00694
1403638564.327903747558594,0.00217,0.00013,0.00624,0.00329,0.00000,0.00097,0.01281
1403638564.377904653549194,0.00207,0.00012,0.00005,0.00333,0.00002,0.00100,0.00659
1403638564.427904129028320,0.00215,0.00023,0.00064,0.00310,0.00002,0.00125,0.00739
1403638564.477902650833130,0.00216,0.00013,0.00001,0.00310,0.00079,0.00112,0.00731
1403638564.527894258499146,0.00216,0.00020,0.00020,0.00319,0.00146,0.00098,0.00819
1403638564.577889680862427,0.00202,0.00011,0.00748,0.00330,0.00004,0.00118,0.01413
1403638564.627883434295654,0.00255,0.00015,0.00438,0.00318,0.00073,0.00089,0.01187
1403638564.677885055541992,0.00231,0.00018,0.00011,0.00354,0.00000,0.00086,0.00701
1403638564.727885484695435,0.00202,0.00018,0.00005,0.00291,0.00013,0.00115,0.00644
1403638564.777884721755981,0.00208,0.00010,0.00037,0.00268,0.00002,0.00094,0.00619
1403638564.827885150909424,0.00251,0.00011,0.00019,0.00235,0.00000,0.00093,0.00610
1403638564.877886533737183,0.00210,0.00009,0.00003,0.00239,0.00000,0.00121,0.00582
1403638564.927887201309204,0.00222,0.00015,0.00294,0.00218,0.00502,0.00110,0.01361
1403638564.977886676788330,0.00228,0.00010,0.00037,0.00291,0.00077,0.00113,0.00756
1403638565.027886867523193,0.00194,0.00013,0.00007,0.00325,0.00082,0.00115,0.00736
1403638565.077887296676636,0.00208,0.00012,0.00015,0.00295,0.00002,0.00112,0.00644
1403638565.127888202667236,0.00203,0.00018,0.00001,0.00276,0.00000,0.00106,0.00604
1403638565.177887678146362,0.00293,0.00017,0.00384,0.00254,0.00156,0.00085,0.01188
1403638565.227887868881226,0.00247,0.00014,0.00241,0.00262,0.00251,0.00113,0.01127
1403638565.277888774871826,0.00212,0.00011,0.00026,0.00340,0.00002,0.00090,0.00680
1403638565.327889442443848,0.00189,0.00009,0.00007,0.00270,0.00000,0.00135,0.00611
1403638565.377888917922974,0.00210,0.00011,0.00280,0.00251,0.00410,0.00142,0.01305
1403638565.427888631820679,0.00284,0.00016,0.00029,0.00322,0.00000,0.00106,0.00757
1403638565.477889537811279,0.00160,0.00010,0.00005,0.00273,0.00002,0.00083,0.00532
1403638565.527879238128662,0.00228,0.00017,0.00149,0.00274,0.00241,0.00108,0.01016
1403638565.577880382537842,0.00284,0.00010,0.00092,0.00301,0.00070,0.00090,0.00848
1403638565.627877950668335,0.00281,0.00013,0.00050,0.00264,0.00071,0.00096,0.00775
1403638565.677879333496094,0.00216,0.00013,0.00061,0.00255,0.00015,0.00091,0.00652
1403638565.727882862091064,0.00196,0.00013,0.00136,0.00227,0.00270,0.00085,0.00928
1403638565.777886867523193,0.00319,0.00019,0.00090,0.00260,0.00388,0.00108,0.01184
1403638565.827886581420898,0.00257,0.00014,0.00028,0.00348,0.00149,0.00118,0.00914
1403638565.877883672714233,0.00215,0.00012,0.00038,0.00313,0.00076,0.00102,0.00757
1403638565.927879810333252,0.00210,0.00013,0.00017,0.00313,0.00002,0.00094,0.00650
1403638565.977878570556641,0.00217,0.00009,0.00147,0.00291,0.00141,0.00101,0.00906
1403638566.027876138687134,0.00215,0.00013,0.00007,0.00341,0.00000,0.00102,0.00677
1403638566.077873706817627,0.00236,0.00013,0.00024,0.00276,0.00013,0.00102,0.00664
1403638566.127871513366699,0.00261,0.00011,0.00071,0.00273,0.00281,0.00096,0.00993
1403638566.177873611450195,0.00229,0.00018,0.00407,0.00330,0.00000,0.00110,0.01095
1403638566.227871417999268,0.00233,0.00016,0.00047,0.00319,0.00000,0.00129,0.00745
1403638566.277871131896973,0.00218,0.00014,0.00108,0.00299,0.00133,0.00107,0.00879
1403638566.327866554260254,0.00219,0.00010,0.00448,0.00312,0.00118,0.00106,0.01214
1403638566.377864360809326,0.00202,0.00011,0.00053,0.00305,0.00000,0.00134,0.00705
1403638566.427865505218506,0.00263,0.00014,0.00026,0.00240,0.00067,0.00088,0.00697
1403638566.477864742279053,0.00285,0.00015,0.00011,0.00246,0.00136,0.00115,0.00808
1403638566.527868032455444,0.00219,0.00013,0.00019,0.00243,0.00138,0.00092,0.00725
1403638566.577877283096313,0.00231,0.00017,0.00027,0.00322,0.00069,0.00121,0.00787
1403638566.627890825271606,0.00251,0.00015,0.00205,0.00219,0.00444,0.00126,0.01261
1403638566.677904129028320,0.00198,0.00014,0.00023,0.00292,0.00046,0.00113,0.00686
1403638566.727909326553345,0.00280,0.00012,0.00053,0.00210,0.00036,0.00119,0.00710
1403638566.777922391891479,0.00218,0.00010,0.00231,0.00188,0.00346,0.00091,0.01086
1403638566.827920436859131,0.00198,0.00012,0.00035,0.00147,0.00000,0.00087,0.00478
1403638566.877921819686890,0.00243,0.00015,0.00056,0.00125,0.00056,0.00115,0.00611
1403638566.927921295166016,0.00285,0.00010,0.00194,0.00120,0.00191,0.00120,0.00920
1403638566.977922916412354,0.00201,0.00009,0.00056,0.00128,0.00257,0.00096,0.00746
1403638567.027918577194214,0.00204,0.00014,0.00095,0.00134,0.00524,0.00111,0.01081
1403638567.077908992767334,0.00204,0.00014,0.00038,0.00193,0.00011,0.00116,0.00577
1403638567.127899885177612,0.00186,0.00014,0.00015,0.00177,0.00000,0.00101,0.00493
1403638567.177893638610840,0.00225,0.00012,0.00004,0.00197,0.00067,0.00097,0.00603
1403638567.227891683578491,0.00216,0.00013,0.00065,0.00184,0.00007,0.00116,0.00601
1403638567.277893066406250,0.00218,0.00012,0.00382,0.00181,0.00500,0.00114,0.01408
1403638567.327892541885376,0.00203,0.00009,0.00066,0.00259,0.00013,0.00100,0.00650
1403638567.377886056900024,0.00261,0.00016,0.00210,0.00266,0.00088,0.00116,0.00958
1403638567.427884817123413,0.00216,0.00017,0.00200,0.00247,0.00071,0.00118,0.00869
1403638567.477871894836426,0.00288,0.00013,0.00302,0.00243,0.00178,0.00101,0.01125
1403638567.527868986129761,0.00235,0.00010,0.00048,0.00234,0.00037,0.00111,0.00675
1403638567.577863693237305,0.00240,0.00017,0.00024,0.00228,0.00017,0.00113,0.00639
1403638567.627862215042114,0.00245,0.00011,0.00044,0.00186,0.00046,0.00140,0.00672
1403638567.677861690521240,0.00214,0.00013,0.00006,0.00200,0.00039,0.00125,0.00596
1403638567.727855920791626,0.00226,0.00014,0.00012,0.00176,0.00381,0.00126,0.00935
1403638567.777857303619385,0.00217,0.00012,0.00009,0.00219,0.00038,0.00105,0.00600
1403638567.827859878540039,0.00215,0.00009,0.00019,0.00216,0.00065,0.00105,0.00629
1403638567.877871274948120,0.00206,0.00011,0.00349,0.00201,0.00219,0.00094,0.01081
1403638567.927875280380249,0.00221,0.00012,0.00190,0.00217,0.00154,0.00097,0.00892
1403638567.977874994277954,0.00198,0.00013,0.00066,0.00231,0.00085,0.00102,0.00696
1403638568.027876377105713,0.00188,0.00009,0.00999,0.00243,0.00073,0.00090,0.01603
1403638568.077878236770630,0.00210,0.00012,0.00112,0.00261,0.00122,0.00096,0.00813
1403638568.127879142761230,0.00211,0.00010,0.00001,0.00288,0.00037,0.00097,0.00643
1403638568.177883148193359,0.00187,0.00014,0.00112,0.00288,0.00000,0.00096,0.00696
1403638568.227886676788330,0.00204,0.00010,0.00046,0.00285,0.00075,0.00095,0.00715
1403638568.277891159057617,0.00207,0.00014,0.00033,0.00283,0.00000,0.00105,0.00641
1403638568.327888488769531,0.00220,0.00010,0.00140,0.00266,0.00000,0.00099,0.00736
1403638568.377886295318604,0.00204,0.00010,0.00093,0.00262,0.00003,0.00103,0.00673
1403638568.427884340286255,0.00201,0.00009,0.00007,0.00245,0.00013,0.00090,0.00565
1403638568.477884054183960,0.00188,0.00014,0.00279,0.00286,0.00258,0.00159,0.01183
1403638568.527882337570190,0.00212,0.00012,0.00140,0.00273,0.00004,0.00131,0.00772
1403638568.577883005142212,0.00201,0.00013,0.00043,0.00270,0.00041,0.00096,0.00663
1403638568.627879142761230,0.00181,0.00010,0.00851,0.00259,0.00039,0.00128,0.01468
1403638568.677879571914673,0.00217,0.00018,0.00128,0.00254,0.00000,0.00116,0.00733
1403638568.727879524230957,0.00193,0.00012,0.00010,0.00241,0.00002,0.00111,0.00570
1403638568.777878522872925,0.00210,0.00014,0.00080,0.00217,0.00162,0.00090,0.00773
1403638568.827879905700684,0.00222,0.00012,0.00011,0.00234,0.00048,0.00117,0.00644
1403638568.877879381179810,0.00188,0.00010,0.00003,0.00241,0.00041,0.00093,0.00575
1403638568.927879095077515,0.00250,0.00010,0.00001,0.00235,0.00148,0.00102,0.00746
1403638568.977879762649536,0.00210,0.00011,0.00146,0.00265,0.00077,0.00099,0.00808
1403638569.027879476547241,0.00196,0.00010,0.00070,0.00295,0.00000,0.00106,0.00677
1403638569.077879667282104,0.00212,0.00010,0.00274,0.00273,0.00000,0.00102,0.00870
1403638569.127880811691284,0.00214,0.00013,0.00207,0.00267,0.00005,0.00129,0.00836
1403638569.177882432937622,0.00240,0.00014,0.00036,0.00284,0.00015,0.00127,0.00715
1403638569.227883577346802,0.00197,0.00010,0.00615,0.00262,0.00049,0.00098,0.01231
1403638569.277885198593140,0.00209,0.00011,0.00146,0.00276,0.00075,0.00103,0.00819
1403638569.327883481979370,0.00210,0.00009,0.00035,0.00277,0.00075,0.00106,0.00713
1403638569.377882957458496,0.00194,0.00010,0.00040,0.00285,0.00000,0.00110,0.00640
1403638569.427883863449097,0.00209,0.00010,0.00033,0.00286,0.00003,0.00106,0.00648
1403638569.477883577346802,0.00200,0.00013,0.00917,0.00280,0.00076,0.00100,0.01586
1403638569.527886629104614,0.00230,0.00013,0.00006,0.00298,0.00000,0.00126,0.00672
1403638569.577886581420898,0.00224,0.00010,0.00006,0.00286,0.00000,0.00097,0.00623
1403638569.627885580062866,0.00213,0.00011,0.00073,0.00286,0.00000,0.00131,0.00714
1403638569.677886009216309,0.00197,0.00010,0.00212,0.00279,0.00000,0.00104,0.00802
1403638569.727885961532593,0.00202,0.00010,0.00078,0.00280,0.00000,0.00105,0.00675
1403638569.777885675430298,0.00204,0.00010,0.00017,0.00329,0.00004,0.00130,0.00695
1403638569.827885866165161,0.00208,0.00012,0.00332,0.00284,0.00082,0.00125,0.01043
1403638569.877886295318604,0.00208,0.00011,0.00074,0.00302,0.00000,0.00112,0.00708
1403638569.927885770797729,0.00228,0.00013,0.00004,0.00304,0.00000,0.00126,0.00676
1403638569.977885723114014,0.00235,0.00019,0.00010,0.00307,0.00000,0.00128,0.00698
1403638570.027885198593140,0.00210,0.00010,0.00006,0.00299,0.00000,0.00110,0.00634
1403638570.077885389328003,0.00205,0.00009,0.00372,0.00323,0.00000,0.00122,0.01032
1403638570.127884626388550,0.00230,0.00012,0.00012,0.00297,0.00000,0.00128,0.00679
1403638570.177882432937622,0.00219,0.00015,0.00005,0.00292,0.00003,0.00119,0.00652
1403638570.227882623672485,0.00219,0.00012,0.00001,0.00296,0.00003,0.00133,0.00663
1403638570.277881383895874,0.00221,0.00019,0.00015,0.00295,0.00004,0.00132,0.00686
1403638570.327881336212158,0.00230,0.00012,0.00010,0.00290,0.00003,0.00134,0.00679
1403638570.377879142761230,0.00217,0.00010,0.00005,0.00289,0.00002,0.00100,0.00624
1403638570.427878379821777,0.00187,0.00010,0.00041,0.00281,0.00003,0.00107,0.00628
1403638570.477873086929321,0.00232,0.00010,0.00005,0.00281,0.00002,0.00105,0.00635
1403638570.527871370315552,0.00209,0.00009,0.00007,0.00287,0.00002,0.00104,0.00620
1403638570.577871322631836,0.00201,0.00009,0.00006,0.00262,0.00003,0.00101,0.00582
1403638570.627870798110962,0.00189,0.00010,0.00003,0.00270,0.00006,0.00104,0.00582
1403638570.677869319915771,0.00204,0.00010,0.00254,0.00240,0.00006,0.00104,0.00818
1403638570.727869033813477,0.00228,0.00013,0.00016,0.00232,0.00001,0.00121,0.00612
1403638570.777871131896973,0.00245,0.00014,0.00009,0.00211,0.00006,0.00119,0.00604
1403638570.827871561050415,0.00230,0.00009,0.00020,0.00197,0.00003,0.00166,0.00624
1403638570.877870798110962,0.00218,0.00012,0.00009,0.00158,0.00191,0.00105,0.00693
1403638570.927869796752930,0.00205,0.00009,0.00007,0.00175,0.00009,0.00094,0.00499
1403638570.977869033813477,0.00267,0.00009,0.00014,0.00159,0.00043,0.00096,0.00590
1403638571.027867555618286,0.00290,0.00012,0.00041,0.00141,0.00507,0.00129,0.01120
1403638571.077866315841675,0.00257,0.00014,0.00028,0.00182,0.00136,0.00182,0.00799
1403638571.127863645553589,0.00237,0.00011,0.00014,0.00188,0.00004,0.00104,0.00559
1403638571.177867412567139,0.00240,0.00017,0.00012,0.00171,0.00097,0.00157,0.00694
1403638571.227869272232056,0.00236,0.00015,0.00025,0.00164,0.00092,0.00123,0.00655
1403638571.277869462966919,0.00222,0.00012,0.00334,0.00184,0.00698,0.00099,0.01550
1403638571.327872276306152,0.00201,0.00013,0.00070,0.00286,0.00002,0.00122,0.00695
1403638571.377869367599487,0.00221,0.00014,0.00015,0.00247,0.00004,0.00122,0.00622
1403638571.427864551544189,0.00199,0.00013,0.00026,0.00222,0.00105,0.00123,0.00688
1403638571.477859497070312,0.00215,0.00017,0.00017,0.00199,0.00067,0.00121,0.00635
1403638571.527856588363647,0.00192,0.00011,0.00197,0.00194,0.00211,0.00114,0.00919
1403638571.577853202819824,0.00219,0.00014,0.00727,0.00222,0.00277,0.00113,0.01573
1403638571.627852678298950,0.00204,0.00011,0.00209,0.00262,0.00089,0.00118,0.00894
1403638571.677852392196655,0.00221,0.00017,0.00001,0.00275,0.00000,0.00118,0.00632
1403638571.727853775024414,0.00277,0.00013,0.00013,0.00278,0.00043,0.00122,0.00745
1403638571.777854442596436,0.00220,0.00017,0.00015,0.00258,0.00179,0.00142,0.00832
1403638571.827854633331299,0.00259,0.00012,0.00004,0.00270,0.00013,0.00116,0.00674
1403638571.877855300903320,0.00216,0.00013,0.00353,0.00237,0.00003,0.00097,0.00920
1403638571.927854776382446,0.00205,0.00009,0.00028,0.00193,0.00042,0.00103,0.00581
1403638571.977854251861572,0.00217,0.00012,0.00027,0.00172,0.00075,0.00101,0.00604
1403638572.027855157852173,0.00202,0.00011,0.00041,0.00160,0.00001,0.00103,0.00519
1403638572.077854871749878,0.00189,0.00012,0.00007,0.00180,0.00000,0.00100,0.00488
1403638572.127853155136108,0.00201,0.00011,0.00020,0.00152,0.00398,0.00100,0.00884
1403638572.177851200103760,0.00201,0.00016,0.00309,0.00163,0.00540,0.00117,0.01347
1403638572.227852344512939,0.00282,0.00014,0.00212,0.00235,0.00013,0.00113,0.00869
1403638572.277851104736328,0.00267,0.00014,0.00079,0.00172,0.00000,0.00121,0.00654
1403638572.327848196029663,0.00232,0.00012,0.00053,0.00151,0.00064,0.00113,0.00626
1403638572.377846002578735,0.00193,0.00017,0.00379,0.00127,0.00649,0.00125,0.01489
1403638572.427844762802124,0.00154,0.00010,0.00011,0.00187,0.00000,0.00092,0.00453
1403638572.477843046188354,0.00238,0.00009,0.00029,0.00172,0.00478,0.00088,0.01014
1403638572.527842998504639,0.00156,0.00009,0.00034,0.00230,0.00000,0.00082,0.00511
1403638572.577839851379395,0.00199,0.00010,0.00007,0.00229,0.00000,0.00083,0.00529
1403638572.627835512161255,0.00167,0.00009,0.00018,0.00210,0.00003,0.00079,0.00486
1403638572.677833557128906,0.00232,0.00017,0.00021,0.00225,0.00000,0.00131,0.00627
1403638572.727832794189453,0.00197,0.00014,0.00019,0.00207,0.00008,0.00144,0.00589
1403638572.777831315994263,0.00231,0.00016,0.00495,0.00238,0.00439,0.00109,0.01528
1403638572.827830553054810,0.00215,0.00015,0.00006,0.00248,0.00141,0.00115,0.00739
1403638572.877829790115356,0.00197,0.00015,0.00037,0.00282,0.00002,0.00098,0.00631
1403638572.927829504013062,0.00248,0.00013,0.00005,0.00307,0.00000,0.00127,0.00700
1403638572.977829694747925,0.00210,0.00011,0.00286,0.00224,0.00224,0.00112,0.01066
1403638573.027831077575684,0.00215,0.00013,0.00278,0.00288,0.00416,0.00113,0.01323
1403638573.077831506729126,0.00204,0.00010,0.00006,0.00376,0.00001,0.00085,0.00683
1403638573.127830505371094,0.00217,0.00013,0.00026,0.00321,0.00000,0.00110,0.00686
1403638573.177829742431641,0.00229,0.00017,0.00004,0.00351,0.00000,0.00112,0.00713
1403638573.227828025817871,0.00221,0.00013,0.00001,0.00305,0.00000,0.00101,0.00640
1403638573.277827978134155,0.00248,0.00013,0.00041,0.00281,0.00000,0.00118,0.00700
1403638573.327822685241699,0.00215,0.00009,0.00031,0.00252,0.00073,0.00122,0.00703
1403638573.377821922302246,0.00221,0.00017,0.00383,0.00248,0.00119,0.00105,0.01095
1403638573.427820682525635,0.00222,0.00016,0.00039,0.00281,0.00002,0.00124,0.00685
1403638573.477817058563232,0.00261,0.00016,0.00165,0.00221,0.00334,0.00133,0.01131
1403638573.527815580368042,0.00251,0.00014,0.00038,0.00222,0.00000,0.00120,0.00646
1403638573.577815055847168,0.00200,0.00013,0.00115,0.00181,0.00261,0.00100,0.00871
1403638573.627813100814819,0.00212,0.00009,0.00010,0.00214,0.00252,0.00091,0.00789
1403638573.677814006805420,0.00204,0.00014,0.00009,0.00248,0.00009,0.00091,0.00575
1403638573.727813482284546,0.00232,0.00012,0.00023,0.00245,0.00000,0.00117,0.00630
1403638573.777812719345093,0.00219,0.00011,0.00053,0.00177,0.00000,0.00115,0.00575
1403638573.827809333801270,0.00231,0.00013,0.00147,0.00145,0.00213,0.00092,0.00841
1403638573.877807855606079,0.00213,0.00012,0.00027,0.00160,0.00001,0.00100,0.00513
1403638573.927807569503784,0.00203,0.00014,0.00041,0.00132,0.00059,0.00110,0.00559
1403638573.977805137634277,0.00268,0.00011,0.00135,0.00128,0.00373,0.00109,0.01024
1403638574.027806282043457,0.00206,0.00011,0.00048,0.00146,0.00454,0.00088,0.00953
1403638574.077802896499634,0.00245,0.00012,0.00003,0.00223,0.00003,0.00095,0.00581
1403638574.127802133560181,0.00211,0.00012,0.00047,0.00164,0.00001,0.00097,0.00533
1403638574.177799463272095,0.00241,0.00012,0.00026,0.00145,0.00004,0.00114,0.00544
1403638574.227797746658325,0.00198,0.00011,0.00024,0.00129,0.00046,0.00092,0.00501
1403638574.277795553207397,0.00196,0.00009,0.00096,0.00144,0.00018,0.00109,0.00573
1403638574.327792882919312,0.00259,0.00014,0.00065,0.00164,0.00000,0.00111,0.00613
1403638574.377790451049805,0.00211,0.00008,0.00035,0.00138,0.00133,0.00092,0.00618
1403638574.427792787551880,0.00297,0.00012,0.00047,0.00121,0.00142,0.00091,0.00709
1403638574.477793216705322,0.00223,0.00009,0.00114,0.00146,0.00000,0.00110,0.00601
1403638574.527791261672974,0.00246,0.00013,0.00015,0.00150,0.00291,0.00113,0.00829
1403638574.577795505523682,0.00219,0.00012,0.00019,0.00168,0.00009,0.00107,0.00534
1403638574.627792835235596,0.00220,0.00014,0.00009,0.00167,0.00225,0.00118,0.00753
1403638574.677791833877563,0.00234,0.00015,0.00019,0.00166,0.00003,0.00115,0.00552
1403638574.727796316146851,0.00220,0.00015,0.00029,0.00152,0.00298,0.00121,0.00834
1403638574.777797222137451,0.00185,0.00015,0.00044,0.00167,0.00005,0.00110,0.00526
1403638574.827799320220947,0.00342,0.00009,0.00049,0.00178,0.00019,0.00091,0.00688
1403638574.877800464630127,0.00235,0.00014,0.00025,0.00227,0.00275,0.00112,0.00889
1403638574.927802085876465,0.00189,0.00014,0.00043,0.00211,0.00036,0.00106,0.00599
1403638574.977802515029907,0.00278,0.00016,0.00087,0.00219,0.00011,0.00119,0.00731
1403638575.027804136276245,0.00200,0.00012,0.00052,0.00218,0.00102,0.00089,0.00674
1403638575.077805280685425,0.00204,0.00012,0.00050,0.00249,0.00195,0.00124,0.00833
1403638575.127804994583130,0.00221,0.00011,0.00010,0.00263,0.00081,0.00110,0.00697
1403638575.177804708480835,0.00248,0.00010,0.00001,0.00279,0.00009,0.00117,0.00665
1403638575.227805137634277,0.00212,0.00011,0.00049,0.00268,0.00222,0.00105,0.00868
1403638575.277804136276245,0.00202,0.00014,0.00012,0.00266,0.00004,0.00102,0.00601
1403638575.327803850173950,0.00224,0.00015,0.00080,0.00258,0.00010,0.00110,0.00697
1403638575.377804040908813,0.00288,0.00013,0.00097,0.00232,0.00494,0.00094,0.01218
1403638575.427802324295044,0.00213,0.00010,0.00009,0.00287,0.00005,0.00098,0.00621
1403638575.477802276611328,0.00216,0.00013,0.00004,0.00305,0.00005,0.00095,0.00638
1403638575.527804613113403,0.00203,0.00020,0.00035,0.00321,0.00000,0.00114,0.00693
1403638575.577805519104004,0.00226,0.00011,0.00011,0.00242,0.00005,0.00091,0.00585
1403638575.627810478210449,0.00216,0.00016,0.00024,0.00234,0.00006,0.00123,0.00618
1403638575.677811861038208,0.00188,0.00012,0.00016,0.00207,0.00000,0.00093,0.00516
1403638575.727812051773071,0.00246,0.00011,0.00074,0.00203,0.00351,0.00106,0.00991
1403638575.777810573577881,0.00224,0.00013,0.00018,0.00236,0.00047,0.00109,0.00646
1403638575.827813625335693,0.00204,0.00016,0.00046,0.00228,0.00009,0.00111,0.00615
1403638575.877817392349243,0.00232,0.00014,0.00150,0.00204,0.00003,0.00114,0.00717
1403638575.927816867828369,0.00214,0.00011,0.00128,0.00157,0.00386,0.00096,0.00993
1403638575.977816581726074,0.00216,0.00014,0.00033,0.00205,0.00003,0.00092,0.00564
1403638576.027814388275146,0.00206,0.00009,0.00010,0.00199,0.00004,0.00098,0.00526
1403638576.077813625335693,0.00234,0.00012,0.00013,0.00171,0.00006,0.00090,0.00527
1403638576.127811670303345,0.00193,0.00008,0.00052,0.00154,0.00000,0.00093,0.00501
1403638576.177811861038208,0.00228,0.00008,0.00017,0.00154,0.00003,0.00096,0.00506
1403638576.227811813354492,0.00205,0.00008,0.00020,0.00127,0.00002,0.00092,0.00455
1403638576.277812719345093,0.00197,0.00008,0.00003,0.00129,0.00583,0.00116,0.01035
1403638576.327813863754272,0.00188,0.00010,0.00007,0.00201,0.00099,0.00102,0.00607
1403638576.377814769744873,0.00160,0.00009,0.00016,0.00186,0.00008,0.00087,0.00466
1403638576.427816629409790,0.00186,0.00009,0.00118,0.00167,0.00011,0.00076,0.00566
1403638576.477816581726074,0.00147,0.00008,0.00043,0.00143,0.00087,0.00079,0.00508
1403638576.527816534042358,0.00243,0.00015,0.00044,0.00155,0.00192,0.00121,0.00772
1403638576.577815532684326,0.00238,0.00012,0.00009,0.00172,0.00002,0.00099,0.00533
1403638576.627816677093506,0.00221,0.00009,0.00038,0.00170,0.00254,0.00088,0.00780
1403638576.677818059921265,0.00224,0.00012,0.00004,0.00210,0.00003,0.00093,0.00546
1403638576.727816820144653,0.00223,0.00016,0.00023,0.00206,0.00384,0.00109,0.00959
1403638576.777816534042358,0.00228,0.00016,0.00010,0.00232,0.00003,0.00118,0.00607
1403638576.827816963195801,0.00229,0.00011,0.00025,0.00218,0.00002,0.00100,0.00584
1403638576.877815961837769,0.00242,0.00015,0.00071,0.00187,0.00000,0.00108,0.00624
1403638576.927818059921265,0.00283,0.00015,0.00052,0.00178,0.00020,0.00118,0.00665
1403638576.977815866470337,0.00214,0.00008,0.00015,0.00170,0.00150,0.00094,0.00653
1403638577.027815103530884,0.00207,0.00009,0.00012,0.00177,0.00009,0.00093,0.00507
1403638577.077815771102905,0.00225,0.00009,0.00013,0.00173,0.00062,0.00094,0.00575
1403638577.127814531326294,0.00205,0.00015,0.00012,0.00162,0.00021,0.00110,0.00524
1403638577.177812814712524,0.00229,0.00010,0.00012,0.00156,0.00118,0.00140,0.00666
1403638577.227814197540283,0.00235,0.00011,0.00021,0.00167,0.00070,0.00114,0.00619
1403638577.277815341949463,0.00241,0.00011,0.00014,0.00182,0.00010,0.00120,0.00578
1403638577.327816963195801,0.00203,0.00012,0.00018,0.00179,0.00000,0.00102,0.00513
1403638577.377815485000610,0.00240,0.00009,0.00008,0.00177,0.00191,0.00094,0.00719
1403638577.427817821502686,0.00203,0.00012,0.00102,0.00160,0.00007,0.00093,0.00576
1403638577.477815866470337,0.00219,0.00011,0.00011,0.00145,0.00195,0.00095,0.00676
1403638577.527817726135254,0.00200,0.00009,0.00019,0.00161,0.00017,0.00092,0.00499
1403638577.577816724777222,0.00230,0.00012,0.00012,0.00154,0.00003,0.00090,0.00501
1403638577.627820730209351,0.00226,0.00008,0.00037,0.00130,0.00244,0.00124,0.00769
1403638577.677822351455688,0.00220,0.00013,0.00013,0.00150,0.00011,0.00085,0.00492
1403638577.727821826934814,0.00245,0.00014,0.00039,0.00159,0.00126,0.00112,0.00696
1403638577.777819871902466,0.00219,0.00012,0.00069,0.00171,0.00005,0.00092,0.00568
1403638577.827822923660278,0.00201,0.00010,0.00002,0.00169,0.00088,0.00118,0.00587
1403638577.877820968627930,0.00256,0.00014,0.00021,0.00176,0.00003,0.00106,0.00577
1403638577.927820205688477,0.00200,0.00009,0.00030,0.00154,0.00081,0.00090,0.00565
1403638577.977817535400391,0.00235,0.00009,0.00008,0.00188,0.00009,0.00090,0.00540
1403638578.027816772460938,0.00210,0.00008,0.00054,0.00152,0.00114,0.00118,0.00656
1403638578.077817678451538,0.00216,0.00015,0.00016,0.00140,0.00020,0.00106,0.00514
1403638578.127816677093506,0.00198,0.00008,0.00006,0.00141,0.00046,0.00095,0.00495
1403638578.177814960479736,0.00299,0.00014,0.00024,0.00151,0.00085,0.00120,0.00694
1403638578.277814388275146,0.00253,0.00018,0.00026,0.00101,0.00010,0.00096,0.00505
1403638578.327813386917114,0.00227,0.00013,0.00001,0.00077,0.00113,0.00114,0.00544
1403638578.377813577651978,0.00184,0.00008,0.00016,0.00079,0.00067,0.00089,0.00443
1403638578.427814245223999,0.00190,0.00008,0.00015,0.00093,0.00013,0.00085,0.00404
1403638578.477814197540283,0.00220,0.00009,0.00024,0.00093,0.00038,0.00087,0.00470
1403638578.527814149856567,0.00282,0.00013,0.00013,0.00086,0.00003,0.00126,0.00523
1403638578.577813863754272,0.00229,0.00013,0.00010,0.00068,0.00362,0.00106,0.00789
1403638578.627813577651978,0.00191,0.00008,0.00005,0.00123,0.00009,0.00088,0.00426
1403638578.677814483642578,0.00184,0.00008,0.00036,0.00110,0.00018,0.00086,0.00443
1403638578.727815389633179,0.00189,0.00008,0.00003,0.00114,0.00008,0.00148,0.00470
1403638578.777816295623779,0.00211,0.00013,0.00054,0.00117,0.00251,0.00110,0.00756
1403638578.827818632125854,0.00176,0.00009,0.00015,0.00154,0.00093,0.00087,0.00535
1403638578.877817392349243,0.00254,0.00009,0.00034,0.00139,0.00010,0.00092,0.00538
1403638578.927818059921265,0.00212,0.00009,0.00037,0.00147,0.00004,0.00123,0.00531
1403638578.977818012237549,0.00212,0.00015,0.00044,0.00169,0.00022,0.00107,0.00568
1403638579.027818679809570,0.00248,0.00011,0.00009,0.00130,0.00067,0.00096,0.00562
1403638579.077820062637329,0.00307,0.00008,0.00009,0.00139,0.00352,0.00090,0.00905
1403638579.127820253372192,0.00251,0.00009,0.00007,0.00170,0.00005,0.00120,0.00562
1403638579.177815914154053,0.00239,0.00010,0.00022,0.00142,0.00008,0.00118,0.00539
1403638579.227812767028809,0.00231,0.00010,0.00007,0.00145,0.00015,0.00089,0.00498
1403638579.277812957763672,0.00221,0.00009,0.00009,0.00148,0.00008,0.00090,0.00485
1403638579.327812910079956,0.00186,0.00008,0.00015,0.00129,0.00028,0.00088,0.00456
1403638579.377811670303345,0.00248,0.00008,0.00009,0.00123,0.00026,0.00091,0.00505
1403638579.427811384201050,0.00201,0.00008,0.00023,0.00119,0.00213,0.00084,0.00649
1403638579.477811336517334,0.00194,0.00008,0.00007,0.00145,0.00010,0.00096,0.00461
1403638579.527811050415039,0.00191,0.00008,0.00024,0.00149,0.00003,0.00088,0.00464
1403638579.577809810638428,0.00194,0.00008,0.00011,0.00159,0.00081,0.00117,0.00570
1403638579.627809762954712,0.00248,0.00014,0.00015,0.00140,0.00062,0.00116,0.00596
1403638579.677810907363892,0.00211,0.00008,0.00019,0.00134,0.00018,0.00091,0.00481
1403638579.727809906005859,0.00211,0.00008,0.00068,0.00104,0.00015,0.00083,0.00490
1403638579.777806997299194,0.00220,0.00010,0.00010,0.00086,0.00000,0.00091,0.00417
1403638579.827798366546631,0.00218,0.00009,0.00081,0.00070,0.00118,0.00089,0.00585
1403638579.877794027328491,0.00181,0.00008,0.00015,0.00071,0.00008,0.00088,0.00371
1403638579.927787780761719,0.00228,0.00009,0.00016,0.00062,0.00104,0.00088,0.00507
1403638579.977785110473633,0.00209,0.00008,0.00012,0.00078,0.00017,0.00089,0.00413
1403638580.027785301208496,0.00219,0.00008,0.00029,0.00063,0.00011,0.00081,0.00412
1403638580.077787637710571,0.00254,0.00009,0.00036,0.00037,0.00005,0.00084,0.00425
1403638580.127788305282593,0.00245,0.00008,0.00014,0.00040,0.00014,0.00127,0.00448
1403638580.177787303924561,0.00291,0.00012,0.00016,0.00028,0.00119,0.00107,0.00573
1403638580.227786064147949,0.00276,0.00010,0.00016,0.00029,0.00004,0.00087,0.00422
1403638580.277783870697021,0.00235,0.00013,0.00032,0.00027,0.00071,0.00090,0.00468
1403638580.327780485153198,0.00208,0.00008,0.00017,0.00023,0.00069,0.00088,0.00413
1403638580.377776622772217,0.00248,0.00008,0.00007,0.00027,0.00040,0.00093,0.00424
1403638580.427772760391235,0.00260,0.00008,0.00017,0.00025,0.00006,0.00090,0.00406
1403638580.477773666381836,0.00235,0.00008,0.00017,0.00024,0.00024,0.00094,0.00401
1403638580.527773380279541,0.00261,0.00012,0.00037,0.00022,0.00014,0.00140,0.00487
1403638580.577773809432983,0.00234,0.00011,0.00014,0.00024,0.00039,0.00115,0.00437
1403638580.627775192260742,0.00258,0.00009,0.00009,0.00025,0.00037,0.00094,0.00432
1403638580.677776813507080,0.00218,0.00008,0.00028,0.00017,0.00026,0.00093,0.00390
1403638580.727782011032104,0.00234,0.00008,0.00002,0.00020,0.00058,0.00133,0.00456
1403638580.777794837951660,0.00219,0.00009,0.00017,0.00017,0.00178,0.00094,0.00535
1403638580.827797651290894,0.00214,0.00009,0.00010,0.00030,0.00003,0.00090,0.00356
1403638580.877802133560181,0.00220,0.00011,0.00012,0.00030,0.00033,0.00120,0.00426
1403638580.927808284759521,0.00275,0.00008,0.00002,0.00029,0.00146,0.00100,0.00560
1403638580.977810621261597,0.00226,0.00008,0.00006,0.00048,0.00059,0.00093,0.00439
1403638581.027813434600830,0.00214,0.00008,0.00008,0.00055,0.00053,0.00093,0.00431
1403638581.077821016311646,0.00199,0.00008,0.00001,0.00059,0.00324,0.00094,0.00686
1403638581.127823352813721,0.00207,0.00009,0.00005,0.00086,0.00008,0.00095,0.00410
1403638581.177825927734375,0.00219,0.00009,0.00004,0.00074,0.00018,0.00095,0.00419
1403638581.227826833724976,0.00212,0.00008,0.00023,0.00071,0.00055,0.00146,0.00514
1403638581.277832269668579,0.00269,0.00014,0.00012,0.00073,0.00372,0.00110,0.00849
1403638581.327835559844971,0.00210,0.00009,0.00042,0.00128,0.00024,0.00092,0.00506
1403638581.377838850021362,0.00254,0.00009,0.00068,0.00124,0.00064,0.00090,0.00609
1403638581.427840232849121,0.00241,0.00014,0.00043,0.00119,0.00003,0.00122,0.00542
1403638581.477838516235352,0.00278,0.00013,0.00010,0.00134,0.00187,0.00109,0.00731
1403638581.527832269668579,0.00242,0.00009,0.00004,0.00139,0.00016,0.00091,0.00501
1403638581.577835083007812,0.00242,0.00009,0.00009,0.00137,0.00005,0.00091,0.00493
1403638581.627837181091309,0.00228,0.00014,0.00011,0.00139,0.00007,0.00115,0.00515
1403638581.677834272384644,0.00295,0.00014,0.00020,0.00129,0.00011,0.00116,0.00584
1403638581.727832317352295,0.00228,0.00014,0.00009,0.00116,0.00088,0.00105,0.00560
1403638581.777830839157104,0.00232,0.00013,0.00012,0.00129,0.00024,0.00114,0.00522
1403638581.827829837799072,0.00272,0.00009,0.00022,0.00128,0.00041,0.00156,0.00628
1403638581.877831220626831,0.00241,0.00013,0.00010,0.00132,0.00064,0.00122,0.00583
1403638581.927831172943115,0.00221,0.00009,0.00011,0.00110,0.00072,0.00100,0.00523
1403638581.977830410003662,0.00219,0.00008,0.00019,0.00116,0.00012,0.00094,0.00469
1403638582.027832746505737,0.00196,0.00009,0.00015,0.00107,0.00004,0.00093,0.00423
1403638582.077838659286499,0.00268,0.00008,0.00029,0.00106,0.00010,0.00093,0.00515
1403638582.127841711044312,0.00227,0.00015,0.00028,0.00097,0.00017,0.00109,0.00494
1403638582.177845954895020,0.00244,0.00013,0.00004,0.00102,0.00005,0.00120,0.00488
1403638582.227845907211304,0.00229,0.00010,0.00005,0.00092,0.00093,0.00097,0.00527
1403638582.277841567993164,0.00252,0.00008,0.00004,0.00100,0.00011,0.00099,0.00474
1403638582.327831983566284,0.00219,0.00011,0.00004,0.00081,0.00004,0.00098,0.00417
1403638582.377827405929565,0.00211,0.00008,0.00025,0.00062,0.00126,0.00098,0.00532
1403638582.427828788757324,0.00201,0.00010,0.00012,0.00070,0.00038,0.00094,0.00424
1403638582.477827787399292,0.00257,0.00008,0.00007,0.00056,0.00011,0.00100,0.00438
1403638582.527825355529785,0.00232,0.00013,0.00020,0.00047,0.00006,0.00110,0.00427
1403638582.577826261520386,0.00215,0.00009,0.00015,0.00028,0.00012,0.00113,0.00392
1403638582.627826452255249,0.00245,0.00009,0.00008,0.00019,0.00322,0.00103,0.00707
1403638582.677827835083008,0.00212,0.00008,0.00009,0.00030,0.00057,0.00095,0.00411
1403638582.727828025817871,0.00206,0.00009,0.00007,0.00032,0.00075,0.00095,0.00426
1403638582.777828693389893,0.00218,0.00012,0.00024,0.00034,0.00006,0.00108,0.00402
1403638582.827831745147705,0.00254,0.00010,0.00008,0.00033,0.00102,0.00114,0.00521
1403638582.877830743789673,0.00223,0.00011,0.00015,0.00038,0.00078,0.00112,0.00477
1403638582.927832841873169,0.00189,0.00011,0.00010,0.00051,0.00069,0.00087,0.00417
1403638582.977833271026611,0.00225,0.00012,0.00004,0.00063,0.00123,0.00121,0.00548
1403638583.027835130691528,0.00249,0.00012,0.00026,0.00074,0.00172,0.00108,0.00641
1403638583.077835321426392,0.00275,0.00012,0.00006,0.00100,0.00056,0.00118,0.00567
1403638583.127833843231201,0.00228,0.00011,0.00026,0.00107,0.00121,0.00093,0.00586
1403638583.177834033966064,0.00215,0.00009,0.00010,0.00113,0.00293,0.00095,0.00735
1403638583.227832317352295,0.00237,0.00013,0.00012,0.00185,0.00125,0.00110,0.00681
1403638583.277829647064209,0.00222,0.00015,0.00009,0.00162,0.00286,0.00110,0.00804
1403638583.327828168869019,0.00229,0.00014,0.00003,0.00199,0.00143,0.00094,0.00682
1403638583.377827405929565,0.00212,0.00013,0.00024,0.00252,0.00163,0.00108,0.00773
1403638583.427822351455688,0.00234,0.00012,0.00005,0.00242,0.00111,0.00111,0.00715
1403638583.477823257446289,0.00199,0.00013,0.00004,0.00258,0.00010,0.00117,0.00601
1403638583.527824878692627,0.00227,0.00015,0.00003,0.00259,0.00000,0.00127,0.00631
1403638583.577822923660278,0.00230,0.00012,0.00010,0.00238,0.00056,0.00095,0.00642
1403638583.627820730209351,0.00195,0.00009,0.00017,0.00239,0.00083,0.00093,0.00637
1403638583.677819728851318,0.00216,0.00009,0.00003,0.00241,0.00069,0.00089,0.00627
1403638583.727820396423340,0.00216,0.00009,0.00003,0.00261,0.00003,0.00093,0.00586
1403638583.777821540832520,0.00197,0.00009,0.00004,0.00260,0.00091,0.00091,0.00652
1403638583.827821493148804,0.00225,0.00009,0.00008,0.00250,0.00003,0.00093,0.00589
1403638583.877821922302246,0.00228,0.00013,0.00005,0.00244,0.00023,0.00091,0.00603
1403638583.927822589874268,0.00223,0.00009,0.00002,0.00259,0.00007,0.00090,0.00592
1403638583.977822065353394,0.00219,0.00013,0.00011,0.00256,0.00087,0.00112,0.00698
1403638584.027824640274048,0.00253,0.00013,0.00046,0.00311,0.00009,0.00098,0.00730
1403638584.077829837799072,0.00227,0.00013,0.00009,0.00260,0.00006,0.00121,0.00637
1403638584.127835750579834,0.00245,0.00011,0.00013,0.00268,0.00003,0.00093,0.00632
1403638584.177839756011963,0.00228,0.00013,0.00012,0.00220,0.00039,0.00096,0.00609
1403638584.227843761444092,0.00245,0.00010,0.00017,0.00204,0.00085,0.00095,0.00656
1403638584.277839660644531,0.00223,0.00012,0.00026,0.00171,0.00195,0.00093,0.00721
1403638584.327838420867920,0.00278,0.00016,0.00015,0.00243,0.00002,0.00108,0.00663
1403638584.377833843231201,0.00224,0.00011,0.00004,0.00199,0.00080,0.00118,0.00636
1403638584.427830219268799,0.00230,0.00015,0.00015,0.00200,0.00003,0.00107,0.00570
1403638584.477827787399292,0.00240,0.00011,0.00005,0.00199,0.00008,0.00125,0.00588
1403638584.527827739715576,0.00238,0.00013,0.00005,0.00213,0.00007,0.00113,0.00590
1403638584.577829122543335,0.00214,0.00010,0.00023,0.00190,0.00086,0.00095,0.00618
1403638584.627828836441040,0.00255,0.00015,0.00006,0.00211,0.00009,0.00118,0.00613
1403638584.677829980850220,0.00204,0.00011,0.00005,0.00206,0.00005,0.00105,0.00536
1403638584.727830648422241,0.00160,0.00010,0.00012,0.00239,0.00034,0.00082,0.00536
1403638584.777831792831421,0.00206,0.00010,0.00003,0.00203,0.00137,0.00081,0.00641
1403638584.827833175659180,0.00239,0.00016,0.00005,0.00236,0.00010,0.00127,0.00634
1403638584.877832889556885,0.00211,0.00015,0.00005,0.00206,0.00243,0.00095,0.00774
1403638584.927833318710327,0.00266,0.00011,0.00007,0.00227,0.00068,0.00097,0.00675
1403638584.977834701538086,0.00220,0.00011,0.00008,0.00211,0.00082,0.00095,0.00627
1403638585.027836799621582,0.00232,0.00011,0.00003,0.00236,0.00036,0.00139,0.00658
1403638585.077839612960815,0.00227,0.00014,0.00011,0.00237,0.00042,0.00109,0.00640
1403638585.127841711044312,0.00215,0.00013,0.00006,0.00226,0.00139,0.00095,0.00693
1403638585.177843332290649,0.00208,0.00011,0.00011,0.00240,0.00296,0.00098,0.00865
1403638585.227844953536987,0.00213,0.00010,0.00006,0.00282,0.00010,0.00094,0.00616
1403638585.277845859527588,0.00192,0.00010,0.00010,0.00290,0.00007,0.00119,0.00627
1403638585.327845573425293,0.00222,0.00011,0.00042,0.00267,0.00160,0.00114,0.00818
1403638585.377845287322998,0.00204,0.00010,0.00006,0.00313,0.00013,0.00099,0.00645
1403638585.427845001220703,0.00202,0.00010,0.00001,0.00298,0.00083,0.00098,0.00691
1403638585.477844953536987,0.00238,0.00017,0.00309,0.00326,0.00031,0.00112,0.01034
1403638585.527844190597534,0.00275,0.00012,0.00007,0.00314,0.00073,0.00114,0.00795
1403638585.577843189239502,0.00214,0.00011,0.00001,0.00309,0.00005,0.00095,0.00636
1403638585.627843856811523,0.00240,0.00016,0.00004,0.00342,0.00003,0.00097,0.00703
1403638585.677842378616333,0.00229,0.00009,0.00012,0.00310,0.00086,0.00099,0.00745
1403638585.727841138839722,0.00293,0.00013,0.00001,0.00319,0.00004,0.00114,0.00745
1403638585.777840852737427,0.00260,0.00016,0.00012,0.00329,0.00052,0.00161,0.00829
1403638585.827840328216553,0.00244,0.00016,0.00080,0.00290,0.00016,0.00139,0.00785
1403638585.877840518951416,0.00250,0.00015,0.00014,0.00290,0.00044,0.00118,0.00731
1403638585.927841424942017,0.00202,0.00013,0.00013,0.00274,0.00076,0.00090,0.00668
1403638585.977844476699829,0.00217,0.00010,0.00018,0.00275,0.00020,0.00085,0.00624
1403638586.027844905853271,0.00226,0.00013,0.00009,0.00293,0.00007,0.00130,0.00678
1403638586.077842950820923,0.00223,0.00010,0.00240,0.00273,0.00281,0.00094,0.01121
1403638586.127843618392944,0.00234,0.00018,0.00044,0.00335,0.00067,0.00122,0.00821
1403638586.177842140197754,0.00219,0.00013,0.00013,0.00346,0.00003,0.00114,0.00708
1403638586.227842092514038,0.00208,0.00009,0.00011,0.00316,0.00003,0.00096,0.00643
1403638586.277843236923218,0.00275,0.00013,0.00333,0.00329,0.00167,0.00117,0.01234
1403638586.327846527099609,0.00237,0.00016,0.00005,0.00313,0.00069,0.00090,0.00731
1403638586.377845764160156,0.00258,0.00015,0.00020,0.00333,0.00084,0.00119,0.00830
1403638586.427844762802124,0.00219,0.00010,0.00009,0.00370,0.00008,0.00120,0.00736
1403638586.477843999862671,0.00207,0.00015,0.00005,0.00334,0.00005,0.00096,0.00663
1403638586.527844667434692,0.00250,0.00017,0.00001,0.00378,0.00002,0.00131,0.00779
1403638586.577845811843872,0.00215,0.00016,0.00024,0.00332,0.00020,0.00116,0.00723
1403638586.627847909927368,0.00212,0.00009,0.00007,0.00309,0.00042,0.00086,0.00666
1403638586.677848339080811,0.00238,0.00013,0.00166,0.00330,0.00089,0.00120,0.00957
1403638586.727848768234253,0.00223,0.00014,0.00001,0.00390,0.00013,0.00094,0.00735
1403638586.777848482131958,0.00207,0.00011,0.00001,0.00369,0.00004,0.00113,0.00704
1403638586.827846765518188,0.00197,0.00016,0.00465,0.00330,0.00140,0.00092,0.01240
1403638586.877847433090210,0.00241,0.00012,0.00203,0.00352,0.00014,0.00123,0.00946
1403638586.927847862243652,0.00220,0.00021,0.00017,0.00357,0.00002,0.00112,0.00729
1403638586.977847576141357,0.00228,0.00018,0.00001,0.00345,0.00006,0.00118,0.00716
1403638587.027847528457642,0.00207,0.00011,0.00039,0.00320,0.00007,0.00091,0.00675
1403638587.077847480773926,0.00197,0.00011,0.00009,0.00285,0.00006,0.00154,0.00663
1403638587.127847194671631,0.00251,0.00012,0.00030,0.00282,0.00038,0.00086,0.00700
1403638587.177846908569336,0.00248,0.00020,0.00025,0.00311,0.00025,0.00096,0.00725
1403638587.227846860885620,0.00186,0.00013,0.00005,0.00319,0.00007,0.00082,0.00612
1403638587.277847051620483,0.00282,0.00011,0.00009,0.00290,0.00112,0.00124,0.00829
1403638587.327847480773926,0.00217,0.00009,0.00016,0.00309,0.00077,0.00097,0.00726
1403638587.427847862243652,0.00213,0.00017,0.00028,0.00311,0.00003,0.00103,0.00675
1403638587.477847099304199,0.00208,0.00009,0.00296,0.00293,0.00176,0.00094,0.01076
1403638587.527847290039062,0.00197,0.00009,0.00237,0.00335,0.00039,0.00098,0.00916
1403638587.577847242355347,0.00205,0.00010,0.00026,0.00359,0.00042,0.00097,0.00739
1403638587.627846956253052,0.00253,0.00013,0.00017,0.00437,0.00000,0.00121,0.00841
1403638587.677847146987915,0.00214,0.00016,0.00040,0.00363,0.00000,0.00113,0.00747
1403638587.727847099304199,0.00223,0.00009,0.00459,0.00355,0.00000,0.00145,0.01192
1403638587.777847290039062,0.00208,0.00011,0.00083,0.00340,0.00000,0.00109,0.00750
1403638587.827847480773926,0.00225,0.00012,0.00167,0.00333,0.00000,0.00125,0.00862
1403638587.877847909927368,0.00207,0.00010,0.00012,0.00340,0.00004,0.00099,0.00672
1403638587.927847862243652,0.00198,0.00012,0.00010,0.00318,0.00076,0.00143,0.00757
1403638587.977848052978516,0.00227,0.00014,0.00001,0.00324,0.00000,0.00122,0.00688
1403638588.027848005294800,0.00207,0.00009,0.00003,0.00317,0.00003,0.00099,0.00638
1403638588.077848434448242,0.00223,0.00010,0.00224,0.00273,0.00075,0.00108,0.00912
1403638588.127847671508789,0.00312,0.00010,0.00139,0.00303,0.00096,0.00098,0.00958
1403638588.177847385406494,0.00233,0.00013,0.00027,0.00315,0.00000,0.00104,0.00692
1403638588.227847337722778,0.00217,0.00010,0.00003,0.00280,0.00005,0.00101,0.00617
1403638588.277847290039062,0.00210,0.00010,0.00012,0.00295,0.00010,0.00127,0.00664
1403638588.327848196029663,0.00240,0.00011,0.00272,0.00270,0.00229,0.00119,0.01142
1403638588.377847909927368,0.00245,0.00012,0.00016,0.00331,0.00086,0.00120,0.00810
1403638588.427848100662231,0.00246,0.00016,0.00070,0.00291,0.00078,0.00093,0.00794
1403638588.477848052978516,0.00240,0.00015,0.00006,0.00315,0.00017,0.00115,0.00709
1403638588.527848005294800,0.00217,0.00009,0.00001,0.00300,0.00000,0.00102,0.00630
1403638588.577847719192505,0.00237,0.00013,0.00011,0.00300,0.00000,0.00120,0.00681
1403638588.627848148345947,0.00239,0.00014,0.00008,0.00288,0.00004,0.00121,0.00675
1403638588.677847146987915,0.00212,0.00011,0.00730,0.00280,0.00132,0.00097,0.01462
1403638588.727848529815674,0.00204,0.00014,0.00067,0.00299,0.00005,0.00100,0.00689
1403638588.777846336364746,0.00231,0.00010,0.00001,0.00300,0.00000,0.00105,0.00646
1403638588.827845096588135,0.00221,0.00010,0.00005,0.00304,0.00007,0.00101,0.00647
1403638588.877843379974365,0.00207,0.00009,0.00010,0.00290,0.00010,0.00104,0.00630
1403638588.927843093872070,0.00228,0.00019,0.00225,0.00258,0.00178,0.00111,0.01019
1403638588.977841377258301,0.00226,0.00012,0.00003,0.00307,0.00014,0.00126,0.00687
1403638589.027840614318848,0.00194,0.00011,0.00071,0.00299,0.00063,0.00100,0.00738
1403638589.077839136123657,0.00201,0.00009,0.00047,0.00340,0.00005,0.00097,0.00699
1403638589.127839088439941,0.00211,0.00010,0.00001,0.00324,0.00000,0.00097,0.00642
1403638589.177838802337646,0.00196,0.00010,0.00028,0.00302,0.00000,0.00097,0.00633
1403638589.227838516235352,0.00207,0.00010,0.00001,0.00313,0.00080,0.00103,0.00713
1403638589.277837276458740,0.00218,0.00015,0.00582,0.00315,0.00005,0.00109,0.01244
1403638589.327838182449341,0.00220,0.00012,0.00067,0.00285,0.00219,0.00119,0.00923
1403638589.377836942672729,0.00211,0.00015,0.00009,0.00310,0.00001,0.00110,0.00656
1403638589.427836894989014,0.00220,0.00012,0.00001,0.00326,0.00048,0.00115,0.00721
1403638589.477837324142456,0.00191,0.00010,0.00041,0.00319,0.00005,0.00102,0.00668
1403638589.527837753295898,0.00200,0.00009,0.00171,0.00313,0.00007,0.00096,0.00796
1403638589.577838420867920,0.00217,0.00017,0.00001,0.00381,0.00015,0.00114,0.00745
1403638589.627838611602783,0.00193,0.00010,0.00044,0.00290,0.00006,0.00091,0.00634
1403638589.677838087081909,0.00177,0.00010,0.00037,0.00273,0.00018,0.00085,0.00600
1403638589.727838754653931,0.00191,0.00009,0.00003,0.00266,0.00002,0.00081,0.00552
1403638589.777838706970215,0.00334,0.00013,0.00014,0.00256,0.00040,0.00126,0.00782
1403638589.827838897705078,0.00233,0.00010,0.00007,0.00247,0.00004,0.00101,0.00601
1403638589.877839565277100,0.00232,0.00009,0.00416,0.00259,0.00220,0.00101,0.01236
1403638589.927839040756226,0.00212,0.00009,0.00017,0.00300,0.00085,0.00122,0.00745
1403638589.977839231491089,0.00237,0.00012,0.00001,0.00281,0.00000,0.00127,0.00658
1403638590.027838945388794,0.00221,0.00010,0.00001,0.00257,0.00005,0.00106,0.00598
1403638590.077839136123657,0.00212,0.00011,0.00009,0.00252,0.00046,0.00106,0.00636
1403638590.127839326858521,0.00234,0.00009,0.00059,0.00229,0.00111,0.00104,0.00746
1403638590.177839040756226,0.00235,0.00010,0.00006,0.00267,0.00013,0.00113,0.00645
1403638590.227839231491089,0.00212,0.00010,0.00073,0.00258,0.00009,0.00104,0.00666
1403638590.277838945388794,0.00218,0.00009,0.00001,0.00253,0.00198,0.00135,0.00814
1403638590.327838659286499,0.00227,0.00011,0.00843,0.00247,0.00097,0.00122,0.01548
1403638590.377838850021362,0.00208,0.00013,0.00011,0.00274,0.00002,0.00107,0.00615
1403638590.427838563919067,0.00223,0.00019,0.00010,0.00264,0.00076,0.00136,0.00729
1403638590.477839946746826,0.00230,0.00014,0.00495,0.00236,0.00075,0.00116,0.01167
1403638590.527840375900269,0.00207,0.00010,0.00006,0.00262,0.00007,0.00104,0.00595
1403638590.577840805053711,0.00221,0.00009,0.00014,0.00262,0.00002,0.00127,0.00636
1403638590.627840995788574,0.00219,0.00011,0.00007,0.00251,0.00005,0.00116,0.00609
1403638590.677840709686279,0.00229,0.00009,0.00011,0.00228,0.00076,0.00102,0.00654
1403638590.727839708328247,0.00207,0.00009,0.00001,0.00241,0.00178,0.00102,0.00737
1403638590.777838945388794,0.00238,0.00014,0.00001,0.00273,0.00015,0.00123,0.00664
1403638590.827838182449341,0.00224,0.00011,0.00087,0.00269,0.00010,0.00124,0.00724
1403638590.877838850021362,0.00217,0.00011,0.00009,0.00271,0.00006,0.00100,0.00614
1403638590.927839279174805,0.00202,0.00009,0.00558,0.00257,0.00335,0.00113,0.01474
1403638590.977839231491089,0.00218,0.00012,0.00079,0.00315,0.00003,0.00120,0.00747
1403638591.027839183807373,0.00203,0.00011,0.00003,0.00305,0.00003,0.00099,0.00624
1403638591.077841043472290,0.00210,0.00012,0.00443,0.00274,0.00006,0.00121,0.01065
1403638591.127842664718628,0.00217,0.00011,0.00011,0.00291,0.00008,0.00121,0.00660
1403638591.177846193313599,0.00231,0.00011,0.00001,0.00265,0.00084,0.00097,0.00688
1403638591.227849245071411,0.00215,0.00009,0.00007,0.00275,0.00005,0.00151,0.00663
1403638591.277851819992065,0.00222,0.00013,0.00016,0.00283,0.00010,0.00121,0.00666
1403638591.327851772308350,0.00206,0.00014,0.00006,0.00244,0.00004,0.00097,0.00570
1403638591.377852439880371,0.00196,0.00013,0.00010,0.00227,0.00012,0.00103,0.00561
1403638591.427850484848022,0.00205,0.00013,0.00045,0.00206,0.00015,0.00110,0.00594
1403638591.477849721908569,0.00229,0.00015,0.00008,0.00188,0.00008,0.00123,0.00573
1403638591.527849912643433,0.00195,0.00012,0.00029,0.00182,0.00652,0.00099,0.01170
1403638591.577849388122559,0.00204,0.00010,0.00008,0.00283,0.00077,0.00096,0.00678
1403638591.627847671508789,0.00186,0.00014,0.00003,0.00281,0.00003,0.00097,0.00584
1403638591.677845954895020,0.00277,0.00019,0.00325,0.00305,0.00017,0.00107,0.01050
1403638591.727844715118408,0.00241,0.00015,0.00018,0.00320,0.00087,0.00088,0.00769
1403638591.777843475341797,0.00214,0.00015,0.00017,0.00253,0.00003,0.00091,0.00594
1403638591.827842712402344,0.00241,0.00017,0.00014,0.00252,0.00006,0.00131,0.00662
1403638591.877841949462891,0.00217,0.00009,0.00005,0.00245,0.00077,0.00101,0.00654
1403638591.927841186523438,0.00244,0.00009,0.00018,0.00249,0.00006,0.00103,0.00629
1403638591.977840662002563,0.00225,0.00009,0.00006,0.00250,0.00005,0.00111,0.00607
1403638592.027839422225952,0.00222,0.00010,0.00037,0.00244,0.00094,0.00104,0.00712
1403638592.077839851379395,0.00220,0.00013,0.00036,0.00254,0.00080,0.00112,0.00716
1403638592.127839803695679,0.00226,0.00009,0.00034,0.00277,0.00040,0.00104,0.00690
1403638592.177839756011963,0.00221,0.00013,0.00001,0.00260,0.00014,0.00133,0.00641
1403638592.227836608886719,0.00228,0.00010,0.00619,0.00237,0.00253,0.00098,0.01444
1403638592.277834892272949,0.00249,0.00014,0.00383,0.00260,0.00017,0.00123,0.01046
1403638592.327837705612183,0.00242,0.00011,0.00008,0.00248,0.00140,0.00119,0.00768
1403638592.377840518951416,0.00207,0.00013,0.00013,0.00266,0.00005,0.00099,0.00603
1403638592.427841901779175,0.00202,0.00010,0.00001,0.00257,0.00008,0.00103,0.00581
1403638592.477842092514038,0.00196,0.00010,0.00016,0.00243,0.00006,0.00091,0.00562
1403638592.527841806411743,0.00287,0.00009,0.00026,0.00232,0.00004,0.00102,0.00660
1403638592.577841997146606,0.00226,0.00009,0.00008,0.00212,0.00018,0.00104,0.00578
1403638592.627842426300049,0.00214,0.00013,0.00006,0.00207,0.00076,0.00125,0.00640
1403638592.677841901779175,0.00239,0.00015,0.00008,0.00215,0.00006,0.00112,0.00594
1403638592.727842569351196,0.00251,0.00012,0.00005,0.00192,0.00041,0.00124,0.00627
1403638592.777842760086060,0.00272,0.00009,0.00020,0.00182,0.00045,0.00107,0.00635
1403638592.827842712402344,0.00201,0.00013,0.00003,0.00185,0.00579,0.00105,0.01086
1403638592.877846002578735,0.00206,0.00013,0.00379,0.00268,0.00013,0.00097,0.00977
1403638592.927845716476440,0.00203,0.00010,0.00001,0.00250,0.00002,0.00102,0.00568
1403638592.977845907211304,0.00220,0.00013,0.00005,0.00252,0.00073,0.00106,0.00669
1403638593.027847051620483,0.00214,0.00013,0.00041,0.00252,0.00036,0.00098,0.00655
1403638593.077844381332397,0.00197,0.00010,0.00753,0.00263,0.00326,0.00088,0.01639
1403638593.127844810485840,0.00226,0.00016,0.00005,0.00305,0.00002,0.00145,0.00699
1403638593.177844762802124,0.00268,0.00014,0.00028,0.00310,0.00003,0.00131,0.00754
1403638593.227843523025513,0.00217,0.00013,0.00090,0.00292,0.00005,0.00101,0.00718
1403638593.277842998504639,0.00230,0.00010,0.00001,0.00322,0.00087,0.00119,0.00769
1403638593.327842950820923,0.00241,0.00013,0.00022,0.00322,0.00003,0.00115,0.00716
1403638593.377841711044312,0.00245,0.00009,0.00017,0.00281,0.00092,0.00105,0.00750
1403638593.427842378616333,0.00244,0.00010,0.00028,0.00269,0.00000,0.00097,0.00648
1403638593.477843284606934,0.00252,0.00013,0.00281,0.00251,0.00142,0.00092,0.01032
1403638593.527844429016113,0.00250,0.00010,0.00007,0.00276,0.00004,0.00096,0.00643
1403638593.577845811843872,0.00233,0.00013,0.00003,0.00282,0.00037,0.00097,0.00666
1403638593.627846002578735,0.00221,0.00010,0.00013,0.00255,0.00003,0.00097,0.00599
1403638593.677848815917969,0.00210,0.00015,0.00423,0.00246,0.00473,0.00097,0.01464
1403638593.727848768234253,0.00230,0.00009,0.00251,0.00334,0.00004,0.00099,0.00928
1403638593.777849674224854,0.00233,0.00016,0.00007,0.00326,0.00083,0.00120,0.00785
1403638593.827853679656982,0.00249,0.00013,0.00096,0.00304,0.00002,0.00124,0.00788
1403638593.877853155136108,0.00229,0.00014,0.00025,0.00274,0.00004,0.00097,0.00643
1403638593.927855253219604,0.00264,0.00013,0.00005,0.00255,0.00002,0.00102,0.00642
1403638593.977857112884521,0.00211,0.00013,0.00012,0.00227,0.00013,0.00095,0.00572
1403638594.027855634689331,0.00227,0.00010,0.00011,0.00222,0.00036,0.00091,0.00597
1403638594.077852487564087,0.00255,0.00010,0.00159,0.00222,0.00401,0.00129,0.01177
1403638594.127850055694580,0.00250,0.00012,0.00016,0.00263,0.00037,0.00102,0.00678
1403638594.177849769592285,0.00238,0.00009,0.00004,0.00270,0.00000,0.00094,0.00616
1403638594.227850914001465,0.00258,0.00014,0.00001,0.00286,0.00000,0.00147,0.00706
1403638594.277855157852173,0.00244,0.00012,0.00103,0.00262,0.00397,0.00105,0.01124
1403638594.327861309051514,0.00233,0.00010,0.00247,0.00345,0.00002,0.00103,0.00941
1403638594.377865076065063,0.00239,0.00011,0.00001,0.00332,0.00003,0.00101,0.00686
1403638594.427868843078613,0.00226,0.00010,0.00062,0.00318,0.00003,0.00102,0.00720
1403638594.477868795394897,0.00248,0.00012,0.00169,0.00319,0.00041,0.00114,0.00904
1403638594.527868270874023,0.00243,0.00012,0.00001,0.00319,0.00006,0.00128,0.00708
1403638594.577868461608887,0.00242,0.00014,0.00003,0.00307,0.00014,0.00105,0.00685
1403638594.627869844436646,0.00234,0.00010,0.00359,0.00301,0.00153,0.00097,0.01154
1403638594.677867412567139,0.00246,0.00014,0.00095,0.00319,0.00005,0.00108,0.00788
1403638594.727866411209106,0.00211,0.00013,0.00001,0.00326,0.00043,0.00096,0.00689
1403638594.777865648269653,0.00215,0.00013,0.00001,0.00314,0.00000,0.00096,0.00638
1403638594.827865839004517,0.00231,0.00019,0.00001,0.00500,0.00000,0.00150,0.00901
1403638594.877864837646484,0.00197,0.00014,0.00151,0.00279,0.00085,0.00116,0.00843
1403638594.927862644195557,0.00229,0.00013,0.00272,0.00327,0.00144,0.00088,0.01073
1403638594.977861166000366,0.00257,0.00016,0.00001,0.00323,0.00004,0.00129,0.00730
1403638595.027861595153809,0.00189,0.00010,0.00048,0.00304,0.00004,0.00100,0.00655
1403638595.077860355377197,0.00200,0.00015,0.00167,0.00279,0.00084,0.00110,0.00856
1403638595.127860307693481,0.00176,0.00011,0.00001,0.00300,0.00003,0.00086,0.00577
1403638595.177859783172607,0.00168,0.00010,0.00005,0.00287,0.00005,0.00082,0.00556
1403638595.227859258651733,0.00217,0.00012,0.00342,0.00293,0.00080,0.00124,0.01069
1403638595.277861118316650,0.00193,0.00013,0.00017,0.00309,0.00019,0.00102,0.00654
1403638595.327861070632935,0.00214,0.00017,0.00001,0.00298,0.00002,0.00097,0.00630
1403638595.377861261367798,0.00190,0.00010,0.00001,0.00306,0.00000,0.00101,0.00608
1403638595.427861452102661,0.00211,0.00020,0.00001,0.00305,0.00000,0.00116,0.00652
1403638595.477861642837524,0.00200,0.00011,0.00004,0.00307,0.00011,0.00114,0.00646
1403638595.527861833572388,0.00196,0.00013,0.00011,0.00307,0.00084,0.00111,0.00722
1403638595.577862501144409,0.00210,0.00012,0.00001,0.00319,0.00003,0.00155,0.00700
1403638595.627862453460693,0.00198,0.00013,0.00008,0.00322,0.00007,0.00121,0.00668
1403638595.677862405776978,0.00192,0.00010,0.00015,0.00351,0.00006,0.00092,0.00667
1403638595.727861881256104,0.00215,0.00010,0.00001,0.00315,0.00002,0.00102,0.00645
1403638595.777861595153809,0.00194,0.00011,0.00001,0.00341,0.00006,0.00111,0.00664
1403638595.827862739562988,0.00249,0.00014,0.00163,0.00300,0.00021,0.00102,0.00850
1403638595.877862691879272,0.00228,0.00015,0.00021,0.00311,0.00018,0.00104,0.00697
1403638595.927862882614136,0.00192,0.00010,0.00001,0.00311,0.00003,0.00099,0.00615
1403638595.977863788604736,0.00228,0.00013,0.00001,0.00314,0.00000,0.00097,0.00653
1403638596.027864456176758,0.00197,0.00010,0.00001,0.00340,0.00000,0.00092,0.00639
1403638596.077864646911621,0.00191,0.00011,0.00006,0.00306,0.00009,0.00096,0.00620
1403638596.127864360809326,0.00214,0.00010,0.00012,0.00299,0.00008,0.00098,0.00641
1403638596.177864074707031,0.00231,0.00009,0.00001,0.00307,0.00003,0.00109,0.00660
1403638596.227863073348999,0.00204,0.00009,0.00010,0.00291,0.00014,0.00099,0.00627
1403638596.277863025665283,0.00292,0.00010,0.00010,0.00294,0.00078,0.00162,0.00846
1403638596.327864885330200,0.00225,0.00016,0.00001,0.00326,0.00003,0.00112,0.00683
1403638596.377867221832275,0.00202,0.00012,0.00001,0.00297,0.00005,0.00098,0.00615
1403638596.427867412567139,0.00216,0.00010,0.00205,0.00298,0.00110,0.00100,0.00938
1403638596.477869272232056,0.00207,0.00012,0.00013,0.00317,0.00022,0.00097,0.00668
1403638596.527868509292603,0.00230,0.00014,0.00010,0.00305,0.00002,0.00115,0.00676
1403638596.577868700027466,0.00227,0.00009,0.00007,0.00284,0.00000,0.00096,0.00623
1403638596.627868175506592,0.00236,0.00011,0.00006,0.00284,0.00000,0.00121,0.00659
1403638596.677868366241455,0.00198,0.00009,0.00007,0.00288,0.00127,0.00100,0.00729
1403638596.727869510650635,0.00205,0.00009,0.00400,0.00298,0.00125,0.00111,0.01149
1403638596.777869224548340,0.00227,0.00018,0.00015,0.00291,0.00035,0.00113,0.00699
1403638596.827869653701782,0.00255,0.00010,0.00109,0.00239,0.00042,0.00108,0.00764
1403638596.877869606018066,0.00217,0.00017,0.00151,0.00271,0.00274,0.00106,0.01037
1403638596.927869319915771,0.00220,0.00010,0.00015,0.00254,0.00035,0.00092,0.00626
1403638596.977868318557739,0.00239,0.00017,0.00030,0.00213,0.00096,0.00112,0.00707
1403638597.027865886688232,0.00220,0.00012,0.00007,0.00203,0.00517,0.00105,0.01064
1403638597.077866554260254,0.00234,0.00011,0.00154,0.00215,0.00227,0.00122,0.00964
1403638597.127866029739380,0.00208,0.00010,0.00043,0.00220,0.00011,0.00100,0.00593
1403638597.177866220474243,0.00204,0.00013,0.00015,0.00217,0.00002,0.00098,0.00548
1403638597.227867126464844,0.00253,0.00016,0.00029,0.00207,0.00000,0.00124,0.00628
1403638597.277868270874023,0.00232,0.00015,0.00005,0.00191,0.00151,0.00119,0.00713
1403638597.327867746353149,0.00223,0.00012,0.00070,0.00217,0.00674,0.00109,0.01306
1403638597.377868175506592,0.00225,0.00015,0.00009,0.00304,0.00002,0.00115,0.00670
1403638597.427871465682983,0.00190,0.00012,0.00057,0.00288,0.00198,0.00097,0.00843
1403638597.477870941162109,0.00212,0.00013,0.00634,0.00302,0.00127,0.00110,0.01398
1403638597.527871370315552,0.00252,0.00016,0.00031,0.00282,0.00040,0.00117,0.00737
1403638597.577871561050415,0.00204,0.00010,0.00003,0.00281,0.00002,0.00100,0.00600
1403638597.627870798110962,0.00213,0.00014,0.00061,0.00241,0.00069,0.00115,0.00713
1403638597.677870750427246,0.00211,0.00017,0.00055,0.00200,0.00152,0.00115,0.00750
1403638597.727869749069214,0.00183,0.00009,0.00095,0.00215,0.00038,0.00098,0.00639
1403638597.777868747711182,0.00221,0.00017,0.00015,0.00221,0.00546,0.00106,0.01126
1403638597.827870130538940,0.00293,0.00015,0.00012,0.00272,0.00000,0.00115,0.00708
1403638597.877871990203857,0.00223,0.00015,0.00044,0.00252,0.00000,0.00121,0.00655
1403638597.927869319915771,0.00236,0.00016,0.00017,0.00245,0.00034,0.00114,0.00662
1403638597.977868556976318,0.00208,0.00010,0.00012,0.00209,0.00012,0.00100,0.00551
1403638598.027869462966919,0.00190,0.00012,0.00007,0.00213,0.00003,0.00100,0.00525
1403638598.077876567840576,0.00212,0.00012,0.00442,0.00185,0.00750,0.00109,0.01710
1403638598.127876758575439,0.00215,0.00021,0.00010,0.00289,0.00000,0.00094,0.00629
1403638598.177876234054565,0.00228,0.00013,0.00061,0.00238,0.00070,0.00092,0.00703
1403638598.227875232696533,0.00243,0.00009,0.00075,0.00214,0.00195,0.00097,0.00834
1403638598.277873039245605,0.00221,0.00013,0.00015,0.00242,0.00142,0.00110,0.00743
1403638598.327871084213257,0.00188,0.00015,0.00059,0.00285,0.00026,0.00080,0.00654
1403638598.377873182296753,0.00225,0.00014,0.00265,0.00230,0.00492,0.00084,0.01310
1403638598.427874326705933,0.00240,0.00013,0.00028,0.00299,0.00000,0.00119,0.00699
1403638598.477874517440796,0.00188,0.00011,0.00016,0.00281,0.00000,0.00094,0.00590
1403638598.527871608734131,0.00213,0.00010,0.00022,0.00268,0.00002,0.00095,0.00611
1403638598.577870607376099,0.00206,0.00009,0.00005,0.00243,0.00013,0.00096,0.00572
1403638598.627867698669434,0.00186,0.00010,0.00066,0.00215,0.00002,0.00124,0.00602
1403638598.677866220474243,0.00262,0.00011,0.00022,0.00190,0.00542,0.00109,0.01137
1403638598.727866411209106,0.00221,0.00012,0.00026,0.00234,0.00138,0.00109,0.00741
1403638598.777863025665283,0.00222,0.00010,0.00312,0.00243,0.00325,0.00084,0.01195
1403638598.827862739562988,0.00223,0.00019,0.00048,0.00264,0.00002,0.00113,0.00669
1403638598.877859830856323,0.00215,0.00011,0.00229,0.00251,0.00093,0.00095,0.00893
1403638598.927859067916870,0.00254,0.00010,0.00064,0.00215,0.00146,0.00106,0.00795
1403638598.977857828140259,0.00256,0.00012,0.00330,0.00193,0.00313,0.00095,0.01199
1403638599.027855396270752,0.00221,0.00014,0.00019,0.00205,0.00000,0.00096,0.00556
1403638599.077855348587036,0.00222,0.00018,0.00037,0.00155,0.00001,0.00109,0.00541
1403638599.127854824066162,0.00244,0.00014,0.00074,0.00142,0.00002,0.00117,0.00592
1403638599.177854061126709,0.00205,0.00012,0.00019,0.00150,0.00012,0.00101,0.00499
1403638599.227854490280151,0.00191,0.00011,0.00061,0.00139,0.00374,0.00099,0.00875
1403638599.277857303619385,0.00191,0.00009,0.00032,0.00163,0.00000,0.00101,0.00497
1403638599.327857971191406,0.00228,0.00015,0.00036,0.00144,0.00000,0.00114,0.00537
1403638599.377859115600586,0.00223,0.00015,0.00010,0.00128,0.00383,0.00116,0.00875
1403638599.427859544754028,0.00199,0.00015,0.00044,0.00153,0.00060,0.00104,0.00576
1403638599.477858066558838,0.00253,0.00015,0.00122,0.00144,0.00409,0.00123,0.01067
1403638599.527863264083862,0.00238,0.00013,0.00518,0.00162,0.00373,0.00098,0.01402
1403638599.577865839004517,0.00225,0.00018,0.00040,0.00189,0.00343,0.00102,0.00917
1403638599.627866506576538,0.00214,0.00018,0.00042,0.00232,0.00002,0.00112,0.00621
1403638599.677866220474243,0.00201,0.00013,0.00009,0.00197,0.00000,0.00094,0.00513
1403638599.727865934371948,0.00195,0.00009,0.00024,0.00174,0.00074,0.00094,0.00570
1403638599.777865886688232,0.00185,0.00009,0.00025,0.00182,0.00003,0.00098,0.00502
1403638599.827865839004517,0.00203,0.00009,0.00136,0.00152,0.00013,0.00094,0.00607
1403638599.877865552902222,0.00209,0.00012,0.00111,0.00153,0.00501,0.00089,0.01076
1403638599.927865982055664,0.00248,0.00012,0.00051,0.00211,0.00000,0.00109,0.00631
1403638599.977865695953369,0.00243,0.00014,0.00003,0.00199,0.00010,0.00123,0.00591
1403638600.027865886688232,0.00216,0.00014,0.00083,0.00139,0.00158,0.00112,0.00722
1403638600.077866077423096,0.00226,0.00011,0.00099,0.00157,0.00372,0.00082,0.00947
1403638600.127868175506592,0.00233,0.00018,0.00023,0.00197,0.00277,0.00116,0.00863
1403638600.177869558334351,0.00215,0.00012,0.00057,0.00237,0.00066,0.00078,0.00666
1403638600.227869272232056,0.00228,0.00012,0.00112,0.00189,0.00380,0.00089,0.01011
1403638600.277870655059814,0.00252,0.00013,0.00122,0.00224,0.00000,0.00089,0.00700
1403638600.327872276306152,0.00217,0.00013,0.00105,0.00202,0.00115,0.00087,0.00738
1403638600.377872705459595,0.00242,0.00013,0.00053,0.00200,0.00346,0.00087,0.00941
1403638600.427873373031616,0.00219,0.00011,0.00054,0.00241,0.00002,0.00097,0.00624
1403638600.477873802185059,0.00249,0.00017,0.00160,0.00208,0.00014,0.00105,0.00753
1403638600.527874231338501,0.00261,0.00017,0.00083,0.00199,0.00002,0.00115,0.00676
1403638600.577874422073364,0.00277,0.00014,0.00097,0.00202,0.00064,0.00109,0.00763
1403638600.627875089645386,0.00257,0.00016,0.00042,0.00197,0.00103,0.00115,0.00731
1403638600.677875518798828,0.00231,0.00012,0.00046,0.00193,0.00082,0.00093,0.00657
1403638600.727876186370850,0.00241,0.00013,0.00024,0.00180,0.00123,0.00090,0.00672
1403638600.777877807617188,0.00224,0.00014,0.00020,0.00185,0.00249,0.00110,0.00802
1403638600.827882766723633,0.00260,0.00017,0.00122,0.00216,0.00289,0.00105,0.01008
1403638600.877886533737183,0.00243,0.00011,0.00022,0.00263,0.00014,0.00099,0.00652
1403638600.927889823913574,0.00227,0.00017,0.00048,0.00201,0.00096,0.00102,0.00691
1403638600.977890491485596,0.00297,0.00016,0.00148,0.00181,0.00194,0.00125,0.00961
1403638601.027894258499146,0.00192,0.00013,0.00027,0.00179,0.00349,0.00090,0.00850
1403638601.077896118164062,0.00189,0.00020,0.00023,0.00211,0.00180,0.00107,0.00729
1403638601.127899408340454,0.00242,0.00015,0.00037,0.00220,0.00167,0.00115,0.00796
1403638601.177899122238159,0.00192,0.00015,0.00032,0.00212,0.00158,0.00104,0.00713
1403638601.227900505065918,0.00272,0.00016,0.00023,0.00220,0.00082,0.00084,0.00698
1403638601.277900934219360,0.00200,0.00013,0.00015,0.00211,0.00013,0.00090,0.00541
1403638601.327901840209961,0.00244,0.00016,0.00060,0.00198,0.00044,0.00135,0.00697
1403638601.377898931503296,0.00264,0.00012,0.00096,0.00181,0.00230,0.00090,0.00873
1403638601.427898168563843,0.00217,0.00015,0.00046,0.00191,0.00376,0.00105,0.00949
1403638601.477899074554443,0.00218,0.00016,0.00040,0.00226,0.00036,0.00179,0.00715
1403638601.527899742126465,0.00260,0.00016,0.00261,0.00213,0.00352,0.00128,0.01229
1403638601.577900886535645,0.00248,0.00013,0.00036,0.00206,0.00002,0.00109,0.00613
1403638601.627901792526245,0.00224,0.00017,0.00018,0.00175,0.00063,0.00114,0.00610
1403638601.677898645401001,0.00231,0.00014,0.00038,0.00175,0.00096,0.00092,0.00646
1403638601.727898120880127,0.00251,0.00012,0.00078,0.00238,0.00003,0.00115,0.00697
1403638601.777897834777832,0.00214,0.00015,0.00068,0.00154,0.00154,0.00115,0.00722
1403638601.827893257141113,0.00199,0.00012,0.00034,0.00119,0.00352,0.00090,0.00807
1403638601.877892732620239,0.00276,0.00015,0.00024,0.00167,0.00045,0.00128,0.00655
1403638601.927893400192261,0.00223,0.00012,0.00049,0.00186,0.00250,0.00087,0.00807
1403638601.977895498275757,0.00234,0.00011,0.00064,0.00156,0.00002,0.00121,0.00588
1403638602.027897596359253,0.00203,0.00011,0.00025,0.00159,0.00060,0.00115,0.00575
1403638602.077900409698486,0.00217,0.00011,0.00015,0.00168,0.00112,0.00123,0.00646
1403638602.127902269363403,0.00286,0.00010,0.00007,0.00153,0.00488,0.00098,0.01043
1403638602.177908420562744,0.00214,0.00012,0.00027,0.00221,0.00063,0.00097,0.00635
1403638602.227906942367554,0.00258,0.00017,0.00059,0.00187,0.00151,0.00114,0.00786
1403638602.277910232543945,0.00209,0.00013,0.00207,0.00180,0.00763,0.00091,0.01462
1403638602.327909231185913,0.00265,0.00017,0.00066,0.00290,0.00000,0.00122,0.00761
1403638602.377906799316406,0.00199,0.00013,0.00092,0.00267,0.00006,0.00122,0.00699
1403638602.427895069122314,0.00212,0.00015,0.00275,0.00221,0.00520,0.00142,0.01383
1403638602.477890491485596,0.00298,0.00016,0.00074,0.00253,0.00035,0.00124,0.00801
1403638602.527889728546143,0.00205,0.00010,0.00244,0.00203,0.00332,0.00105,0.01099
1403638602.577889442443848,0.00219,0.00018,0.00023,0.00253,0.00067,0.00113,0.00693
1403638602.627889633178711,0.00199,0.00017,0.00018,0.00227,0.00003,0.00126,0.00592
1403638602.677887916564941,0.00211,0.00016,0.00194,0.00226,0.00585,0.00085,0.01317
1403638602.727892637252808,0.00264,0.00017,0.00026,0.00291,0.00044,0.00121,0.00763
1403638602.777896642684937,0.00214,0.00014,0.00008,0.00318,0.00037,0.00092,0.00683
1403638602.827901124954224,0.00191,0.00011,0.00049,0.00335,0.00062,0.00113,0.00761
1403638602.877902746200562,0.00205,0.00016,0.00011,0.00237,0.00000,0.00096,0.00566
1403638602.927904605865479,0.00214,0.00015,0.00136,0.00246,0.00000,0.00132,0.00743
1403638602.977904081344604,0.00226,0.00014,0.00039,0.00219,0.00041,0.00093,0.00632
1403638603.027903556823730,0.00204,0.00015,0.00478,0.00198,0.00397,0.00111,0.01404
1403638603.077907085418701,0.00221,0.00016,0.00015,0.00277,0.00001,0.00112,0.00642
1403638603.127908945083618,0.00189,0.00014,0.00021,0.00248,0.00085,0.00112,0.00670
1403638603.177909851074219,0.00180,0.00012,0.00042,0.00261,0.00000,0.00089,0.00584
1403638603.227906227111816,0.00180,0.00010,0.00006,0.00266,0.00002,0.00085,0.00549
1403638603.277906656265259,0.00213,0.00017,0.00224,0.00225,0.00371,0.00112,0.01163
1403638603.327902078628540,0.00237,0.00018,0.00011,0.00275,0.00081,0.00114,0.00734
1403638603.377900362014771,0.00292,0.00015,0.00003,0.00303,0.00000,0.00116,0.00728
1403638603.427899837493896,0.00200,0.00015,0.00022,0.00264,0.00086,0.00102,0.00689
1403638603.477903604507446,0.00239,0.00016,0.00040,0.00293,0.00000,0.00125,0.00713
1403638603.527915239334106,0.00210,0.00009,0.00356,0.00269,0.00151,0.00101,0.01095
1403638603.577921628952026,0.00223,0.00009,0.00013,0.00292,0.00000,0.00103,0.00640
1403638603.627929687500000,0.00198,0.00009,0.00113,0.00284,0.00267,0.00100,0.00970
1403638603.677936315536499,0.00205,0.00012,0.00007,0.00315,0.00002,0.00098,0.00639
1403638603.727938652038574,0.00191,0.00009,0.00003,0.00301,0.00128,0.00094,0.00726
1403638603.777942895889282,0.00223,0.00020,0.00003,0.00321,0.00000,0.00123,0.00691
1403638603.827944278717041,0.00215,0.00016,0.00008,0.00325,0.00078,0.00114,0.00756
1403638603.877944469451904,0.00199,0.00011,0.00270,0.00299,0.00057,0.00100,0.00935
1403638603.927941322326660,0.00191,0.00011,0.00568,0.00304,0.00005,0.00095,0.01174
1403638603.977942228317261,0.00209,0.00013,0.00008,0.00300,0.00010,0.00100,0.00639
1403638604.027942419052124,0.00192,0.00010,0.00006,0.00303,0.00002,0.00095,0.00607
1403638604.077944040298462,0.00212,0.00009,0.00007,0.00295,0.00000,0.00097,0.00620
1403638604.127941608428955,0.00282,0.00009,0.00255,0.00275,0.00282,0.00090,0.01195
1403638604.177943944931030,0.00189,0.00010,0.00012,0.00336,0.00001,0.00106,0.00655
1403638604.227947235107422,0.00197,0.00013,0.00039,0.00307,0.00018,0.00090,0.00664
1403638604.277950286865234,0.00198,0.00011,0.00044,0.00301,0.00005,0.00124,0.00683
1403638604.327952146530151,0.00279,0.00016,0.00016,0.00258,0.00014,0.00122,0.00706
1403638604.377953767776489,0.00223,0.00014,0.00015,0.00259,0.00010,0.00102,0.00623
1403638604.427954435348511,0.00212,0.00013,0.00055,0.00272,0.00041,0.00098,0.00691
1403638604.477952003479004,0.00192,0.00010,0.00039,0.00288,0.00222,0.00110,0.00860
1403638604.527952194213867,0.00216,0.00015,0.00417,0.00309,0.00010,0.00118,0.01085
1403638604.577950954437256,0.00217,0.00017,0.00010,0.00302,0.00000,0.00115,0.00662
1403638604.627949476242065,0.00224,0.00011,0.00007,0.00290,0.00013,0.00090,0.00636
1403638604.677948474884033,0.00216,0.00016,0.00002,0.00302,0.00000,0.00131,0.00667
1403638604.727946519851685,0.00207,0.00015,0.00106,0.00306,0.00220,0.00106,0.00961
1403638604.777947902679443,0.00199,0.00017,0.00053,0.00318,0.00076,0.00110,0.00773
1403638604.827946662902832,0.00229,0.00016,0.00203,0.00290,0.00000,0.00130,0.00868
1403638604.877946138381958,0.00201,0.00014,0.00686,0.00303,0.00001,0.00093,0.01299
1403638604.927946805953979,0.00200,0.00010,0.00076,0.00266,0.00006,0.00106,0.00663
1403638604.977946519851685,0.00207,0.00010,0.00012,0.00250,0.00071,0.00103,0.00654
1403638605.027946233749390,0.00194,0.00014,0.00003,0.00276,0.00002,0.00097,0.00585
1403638605.077946424484253,0.00182,0.00010,0.00007,0.00253,0.00002,0.00100,0.00554
1403638605.127946138381958,0.00190,0.00010,0.00201,0.00254,0.00217,0.00109,0.00980
1403638605.177946567535400,0.00328,0.00018,0.00008,0.00276,0.00000,0.00124,0.00755
1403638605.227945327758789,0.00236,0.00018,0.00012,0.00269,0.00018,0.00117,0.00670
1403638605.277942180633545,0.00292,0.00015,0.00006,0.00295,0.00003,0.00127,0.00739
1403638605.327937841415405,0.00237,0.00015,0.00008,0.00268,0.00073,0.00153,0.00754
1403638605.377933263778687,0.00214,0.00009,0.00001,0.00276,0.00000,0.00111,0.00611
1403638605.427927017211914,0.00223,0.00009,0.00025,0.00293,0.00134,0.00109,0.00793
1403638605.477923393249512,0.00245,0.00018,0.00556,0.00287,0.00199,0.00116,0.01421
1403638605.527923345565796,0.00230,0.00018,0.00216,0.00310,0.00007,0.00134,0.00916
1403638605.577923059463501,0.00209,0.00014,0.00008,0.00303,0.00091,0.00126,0.00753
1403638605.627924203872681,0.00221,0.00013,0.00004,0.00309,0.00003,0.00127,0.00677
1403638605.677927255630493,0.00210,0.00014,0.00001,0.00321,0.00002,0.00103,0.00650
1403638605.727926969528198,0.00216,0.00010,0.01025,0.00269,0.00242,0.00166,0.01928
1403638605.777928352355957,0.00203,0.00011,0.00005,0.00296,0.00045,0.00133,0.00692
1403638605.827929258346558,0.00236,0.00019,0.00008,0.00334,0.00057,0.00138,0.00791
1403638605.877933263778687,0.00211,0.00009,0.00009,0.00373,0.00094,0.00116,0.00813
1403638605.927933454513550,0.00216,0.00013,0.00007,0.00348,0.00004,0.00119,0.00707
1403638605.977933645248413,0.00216,0.00014,0.00003,0.00335,0.00009,0.00104,0.00681
1403638606.027933835983276,0.00210,0.00010,0.00008,0.00327,0.00005,0.00105,0.00665
1403638606.077934980392456,0.00200,0.00013,0.00455,0.00300,0.00048,0.00098,0.01115
1403638606.127935886383057,0.00195,0.00010,0.00207,0.00291,0.00016,0.00102,0.00821
1403638606.177936077117920,0.00222,0.00017,0.00022,0.00289,0.00109,0.00117,0.00776
1403638606.227936506271362,0.00218,0.00018,0.00003,0.00314,0.00003,0.00120,0.00676
1403638606.277936220169067,0.00197,0.00011,0.00107,0.00272,0.00042,0.00107,0.00735
1403638606.327932119369507,0.00283,0.00018,0.00750,0.00234,0.00178,0.00117,0.01580
1403638606.377931356430054,0.00194,0.00009,0.00031,0.00240,0.00037,0.00087,0.00598
1403638606.427929639816284,0.00221,0.00019,0.00047,0.00248,0.00049,0.00119,0.00705
1403638606.477928876876831,0.00209,0.00012,0.00005,0.00246,0.00002,0.00103,0.00577
1403638606.527929782867432,0.00198,0.00012,0.00019,0.00236,0.00003,0.00118,0.00586
1403638606.577930212020874,0.00266,0.00015,0.00023,0.00210,0.00000,0.00116,0.00630
1403638606.627932071685791,0.00190,0.00012,0.00034,0.00176,0.00066,0.00088,0.00566
1403638606.677933931350708,0.00182,0.00009,0.00024,0.00172,0.00652,0.00075,0.01114
1403638606.727934837341309,0.00144,0.00009,0.00042,0.00257,0.00148,0.00079,0.00680
1403638606.777937173843384,0.00233,0.00018,0.00015,0.00279,0.00074,0.00111,0.00730
1403638606.827938079833984,0.00263,0.00013,0.00041,0.00233,0.00035,0.00100,0.00685
1403638606.877940893173218,0.00218,0.00012,0.00105,0.00199,0.00000,0.00100,0.00634
1403638606.927942276000977,0.00210,0.00013,0.00296,0.00191,0.00365,0.00096,0.01172
1403638606.977943897247314,0.00211,0.00013,0.00012,0.00206,0.00098,0.00094,0.00635
1403638607.027942419052124,0.00197,0.00009,0.00026,0.00195,0.00141,0.00095,0.00664
1403638607.077942132949829,0.00239,0.00012,0.00028,0.00188,0.00064,0.00094,0.00624
1403638607.127942800521851,0.00214,0.00009,0.00271,0.00217,0.00735,0.00090,0.01535
1403638607.177940845489502,0.00274,0.00013,0.00045,0.00253,0.00002,0.00090,0.00678
1403638607.227939844131470,0.00249,0.00015,0.00046,0.00199,0.00000,0.00121,0.00630
1403638607.277939319610596,0.00234,0.00014,0.00081,0.00183,0.00001,0.00121,0.00635
1403638607.327937841415405,0.00189,0.00009,0.00126,0.00182,0.00000,0.00097,0.00604
1403638607.377938985824585,0.00274,0.00013,0.00035,0.00296,0.00419,0.00101,0.01138
1403638607.427940845489502,0.00218,0.00016,0.00058,0.00166,0.00000,0.00112,0.00570
1403638607.477942466735840,0.00263,0.00016,0.00047,0.00165,0.00000,0.00124,0.00615
1403638607.527939319610596,0.00209,0.00013,0.00013,0.00162,0.00408,0.00098,0.00903
1403638607.577939748764038,0.00195,0.00010,0.00006,0.00196,0.00000,0.00117,0.00524
1403638607.627939462661743,0.00200,0.00014,0.00160,0.00163,0.00304,0.00117,0.00959
1403638607.677938938140869,0.00195,0.00009,0.00011,0.00205,0.00002,0.00097,0.00520
1403638607.727941751480103,0.00204,0.00010,0.00556,0.00186,0.00378,0.00093,0.01427
1403638607.777941465377808,0.00191,0.00013,0.00011,0.00226,0.00037,0.00090,0.00567
1403638607.827941179275513,0.00201,0.00009,0.00024,0.00279,0.00001,0.00137,0.00651
1403638607.877941370010376,0.00209,0.00011,0.00021,0.00218,0.00003,0.00117,0.00578
1403638607.927939653396606,0.00232,0.00010,0.00562,0.00197,0.00290,0.00098,0.01388
1403638607.977939367294312,0.00212,0.00009,0.00004,0.00226,0.00151,0.00096,0.00699
1403638608.027939319610596,0.00203,0.00013,0.00026,0.00221,0.00000,0.00099,0.00563
1403638608.077939510345459,0.00191,0.00013,0.00002,0.00212,0.00000,0.00097,0.00515
1403638608.127939462661743,0.00198,0.00009,0.00019,0.00194,0.00082,0.00097,0.00599
1403638608.177938222885132,0.00200,0.00009,0.00007,0.00176,0.00002,0.00104,0.00498
1403638608.227937698364258,0.00223,0.00009,0.00062,0.00164,0.00172,0.00101,0.00732
1403638608.277938604354858,0.00212,0.00010,0.00011,0.00182,0.00067,0.00098,0.00581
1403638608.327938795089722,0.00204,0.00010,0.00304,0.00203,0.00503,0.00112,0.01337
1403638608.377939701080322,0.00262,0.00015,0.00214,0.00250,0.00000,0.00118,0.00858
1403638608.427939176559448,0.00199,0.00011,0.00028,0.00206,0.00035,0.00097,0.00577
1403638608.477939367294312,0.00218,0.00014,0.00391,0.00195,0.00274,0.00111,0.01202
1403638608.527939558029175,0.00206,0.00010,0.00234,0.00211,0.00079,0.00081,0.00821
1403638608.577940702438354,0.00251,0.00013,0.00041,0.00202,0.00058,0.00116,0.00682
1403638608.627941370010376,0.00203,0.00009,0.00009,0.00197,0.00001,0.00095,0.00514
1403638608.677941799163818,0.00241,0.00010,0.00069,0.00171,0.00001,0.00102,0.00594
1403638608.727941513061523,0.00226,0.00012,0.00011,0.00151,0.00006,0.00101,0.00506
1403638608.777941465377808,0.00243,0.00012,0.00007,0.00139,0.00328,0.00102,0.00831
1403638608.827941894531250,0.00192,0.00011,0.00016,0.00187,0.00001,0.00100,0.00508
1403638608.877942085266113,0.00220,0.00009,0.00008,0.00182,0.00067,0.00100,0.00586
1403638608.927943229675293,0.00201,0.00009,0.00411,0.00199,0.00297,0.00094,0.01212
1403638608.977943181991577,0.00214,0.00022,0.00088,0.00235,0.00000,0.00110,0.00669
1403638609.027943611145020,0.00222,0.00014,0.00004,0.00240,0.00000,0.00091,0.00571
1403638609.077944040298462,0.00176,0.00010,0.00225,0.00224,0.00140,0.00083,0.00857
1403638609.127943992614746,0.00220,0.00019,0.00363,0.00258,0.00082,0.00116,0.01059
1403638609.177945613861084,0.00212,0.00010,0.00001,0.00287,0.00040,0.00100,0.00649
1403638609.227946758270264,0.00215,0.00015,0.00457,0.00269,0.00000,0.00096,0.01052
1403638609.277946233749390,0.00193,0.00014,0.00036,0.00266,0.00074,0.00097,0.00680
1403638609.327945709228516,0.00233,0.00011,0.00025,0.00287,0.00000,0.00111,0.00668
1403638609.377944946289062,0.00210,0.00012,0.00045,0.00255,0.00000,0.00095,0.00617
1403638609.427944898605347,0.00204,0.00019,0.00023,0.00247,0.00101,0.00114,0.00708
1403638609.477943897247314,0.00223,0.00015,0.00009,0.00254,0.00008,0.00120,0.00628
1403638609.527943611145020,0.00236,0.00014,0.00281,0.00222,0.00095,0.00141,0.00989
1403638609.577943086624146,0.00209,0.00012,0.00258,0.00228,0.00328,0.00131,0.01165
1403638609.627944707870483,0.00227,0.00015,0.00011,0.00261,0.00000,0.00095,0.00609
1403638609.677943468093872,0.00214,0.00010,0.00141,0.00247,0.00168,0.00122,0.00901
1403638609.727943181991577,0.00203,0.00013,0.00261,0.00274,0.00096,0.00113,0.00960
1403638609.777942895889282,0.00228,0.00013,0.00066,0.00277,0.00003,0.00112,0.00697
1403638609.827943325042725,0.00227,0.00016,0.00233,0.00253,0.00304,0.00106,0.01138
1403638609.877943515777588,0.00216,0.00016,0.00239,0.00294,0.00052,0.00125,0.00942
1403638609.927943468093872,0.00215,0.00011,0.00019,0.00347,0.00000,0.00098,0.00691
1403638609.977943420410156,0.00190,0.00009,0.00005,0.00305,0.00000,0.00099,0.00609
1403638610.027944087982178,0.00195,0.00015,0.00052,0.00297,0.00000,0.00097,0.00657
1403638610.077944278717041,0.00201,0.00012,0.00292,0.00299,0.00102,0.00095,0.01001
1403638610.127943992614746,0.00211,0.00013,0.00241,0.00344,0.00014,0.00127,0.00950
1403638610.177943944931030,0.00203,0.00019,0.00212,0.00316,0.00081,0.00125,0.00958
1403638610.227943658828735,0.00194,0.00012,0.00045,0.00336,0.00039,0.00094,0.00719
1403638610.277943372726440,0.00196,0.00014,0.00019,0.00353,0.00000,0.00098,0.00681
1403638610.327943801879883,0.00213,0.00010,0.00451,0.00346,0.00000,0.00091,0.01110
1403638610.377943992614746,0.00202,0.00009,0.00007,0.00349,0.00000,0.00104,0.00673
1403638610.427943944931030,0.00210,0.00020,0.00257,0.00323,0.00000,0.00117,0.00926
1403638610.477944135665894,0.00222,0.00018,0.00223,0.00325,0.00000,0.00135,0.00923
1403638610.527943372726440,0.00212,0.00011,0.00003,0.00344,0.00000,0.00103,0.00673
1403638610.577943563461304,0.00197,0.00009,0.00007,0.00320,0.00000,0.00104,0.00639
1403638610.627942562103271,0.00202,0.00021,0.00007,0.00299,0.00000,0.00108,0.00637
1403638610.677944898605347,0.00209,0.00016,0.00267,0.00263,0.00053,0.00124,0.00932
1403638610.727946758270264,0.00229,0.00009,0.00260,0.00278,0.00052,0.00097,0.00925
1403638610.777949094772339,0.00217,0.00020,0.00221,0.00253,0.00038,0.00121,0.00869
1403638610.827949285507202,0.00198,0.00011,0.00014,0.00267,0.00000,0.00087,0.00577
1403638610.877948522567749,0.00398,0.00024,0.00320,0.00263,0.00085,0.00110,0.01199
1403638610.927947759628296,0.00260,0.00020,0.00332,0.00273,0.00129,0.00135,0.01149
1403638610.977944135665894,0.00219,0.00012,0.00006,0.00310,0.00000,0.00120,0.00666
1403638611.027941226959229,0.00203,0.00011,0.00216,0.00297,0.00059,0.00099,0.00887
1403638611.077939748764038,0.00193,0.00013,0.00207,0.00312,0.00000,0.00102,0.00826
1403638611.127939701080322,0.00212,0.00013,0.00003,0.00320,0.00000,0.00103,0.00651
1403638611.177940368652344,0.00200,0.00009,0.00001,0.00329,0.00000,0.00100,0.00639
1403638611.227940320968628,0.00201,0.00010,0.00003,0.00356,0.00000,0.00107,0.00677
1403638611.277940988540649,0.00210,0.00009,0.00268,0.00311,0.00000,0.00100,0.00899
1403638611.327938079833984,0.00239,0.00010,0.00278,0.00288,0.00000,0.00100,0.00915
1403638611.377937078475952,0.00197,0.00010,0.00224,0.00303,0.00047,0.00139,0.00918
1403638611.427935361862183,0.00211,0.00020,0.00010,0.00325,0.00002,0.00111,0.00681
1403638611.477933168411255,0.00191,0.00014,0.00723,0.00271,0.00142,0.00104,0.01446
1403638611.527932643890381,0.00251,0.00020,0.00296,0.00278,0.00013,0.00129,0.00987
1403638611.577932834625244,0.00212,0.00016,0.00013,0.00277,0.00000,0.00121,0.00640
1403638611.627932786941528,0.00192,0.00010,0.00010,0.00272,0.00203,0.00102,0.00790
1403638611.677932977676392,0.00199,0.00017,0.00001,0.00296,0.00212,0.00116,0.00842
1403638611.727933645248413,0.00222,0.00016,0.00002,0.00349,0.00000,0.00121,0.00709
1403638611.777934074401855,0.00218,0.00018,0.00004,0.00335,0.00000,0.00126,0.00700
1403638611.827934741973877,0.00215,0.00019,0.00003,0.00339,0.00000,0.00123,0.00699
1403638611.877937555313110,0.00200,0.00012,0.00248,0.00331,0.00000,0.00090,0.00881
1403638611.927941560745239,0.00187,0.00013,0.00323,0.00346,0.00000,0.00092,0.00961
1403638611.977941751480103,0.00179,0.00010,0.00267,0.00340,0.00000,0.00094,0.00890
1403638612.027942419052124,0.00216,0.00015,0.00073,0.00327,0.00000,0.00122,0.00754
1403638612.077942609786987,0.00306,0.00017,0.00603,0.00320,0.00000,0.00127,0.01372
1403638612.127942323684692,0.00225,0.00010,0.00203,0.00311,0.00000,0.00125,0.00874
1403638612.177942276000977,0.00246,0.00012,0.00048,0.00323,0.00000,0.00111,0.00740
1403638612.227941989898682,0.00235,0.00010,0.00014,0.00315,0.00013,0.00110,0.00696
1403638612.277941465377808,0.00215,0.00011,0.00003,0.00319,0.00000,0.00108,0.00656
1403638612.327941656112671,0.00211,0.00010,0.00001,0.00344,0.00000,0.00136,0.00702
1403638612.377941131591797,0.00233,0.00016,0.00024,0.00322,0.00000,0.00128,0.00723
1403638612.427940607070923,0.00197,0.00010,0.00001,0.00351,0.00000,0.00128,0.00687
1403638612.477939128875732,0.00222,0.00013,0.00209,0.00333,0.00081,0.00101,0.00959
1403638612.527936697006226,0.00223,0.00019,0.00298,0.00360,0.00000,0.00134,0.01034
1403638612.577937364578247,0.00217,0.00016,0.00208,0.00322,0.00000,0.00113,0.00877
1403638612.627939939498901,0.00213,0.00009,0.01769,0.00315,0.00000,0.00129,0.02436
1403638612.677939653396606,0.00241,0.00017,0.00562,0.00354,0.00000,0.00104,0.01278
1403638612.727939367294312,0.00227,0.00016,0.00243,0.00312,0.00000,0.00138,0.00937
1403638612.777939081192017,0.00205,0.00016,0.00061,0.00328,0.00000,0.00114,0.00724
1403638612.827939510345459,0.00207,0.00009,0.00073,0.00344,0.00001,0.00132,0.00766
1403638612.877939939498901,0.00216,0.00016,0.00001,0.00317,0.00000,0.00095,0.00646
1403638612.927940130233765,0.00231,0.00018,0.00001,0.00323,0.00000,0.00141,0.00714
1403638612.977940082550049,0.00215,0.00011,0.00001,0.00318,0.00000,0.00107,0.00652
1403638613.027940273284912,0.00226,0.00019,0.00001,0.00328,0.00000,0.00129,0.00703
1403638613.077939510345459,0.00238,0.00013,0.00065,0.00322,0.00080,0.00121,0.00839
1403638613.127939701080322,0.00215,0.00018,0.00285,0.00402,0.00000,0.00137,0.01058
1403638613.177938699722290,0.00234,0.00017,0.00158,0.00306,0.00000,0.00102,0.00817
1403638613.227934598922729,0.00229,0.00019,0.01128,0.00318,0.00000,0.00128,0.01822
1403638613.277934312820435,0.00237,0.00017,0.00555,0.00401,0.00002,0.00118,0.01329
1403638613.327934026718140,0.00226,0.00020,0.00198,0.00308,0.00082,0.00137,0.00970
1403638613.377933979034424,0.00261,0.00010,0.00034,0.00333,0.00000,0.00162,0.00800
1403638613.427934169769287,0.00226,0.00018,0.00105,0.00332,0.00000,0.00113,0.00793
1403638613.477933168411255,0.00214,0.00013,0.00001,0.00330,0.00000,0.00104,0.00662
1403638613.527933120727539,0.00225,0.00010,0.00001,0.00332,0.00000,0.00102,0.00670
1403638613.577932834625244,0.00277,0.00020,0.00006,0.00341,0.00000,0.00140,0.00783
1403638613.627932786941528,0.00247,0.00019,0.00001,0.00333,0.00000,0.00115,0.00716
1403638613.677932262420654,0.00220,0.00013,0.00039,0.00337,0.00000,0.00108,0.00716
1403638613.727931737899780,0.00218,0.00010,0.00303,0.00322,0.00000,0.00106,0.00960
1403638613.777930974960327,0.00226,0.00010,0.00103,0.00321,0.00000,0.00106,0.00766
1403638613.827930212020874,0.00234,0.00010,0.01027,0.00321,0.00000,0.00104,0.01697
1403638613.877930164337158,0.00209,0.00013,0.00391,0.00316,0.00000,0.00133,0.01062
1403638613.927930831909180,0.00217,0.00009,0.00223,0.00334,0.00000,0.00144,0.00928
1403638613.977931737899780,0.00201,0.00017,0.00039,0.00312,0.00002,0.00102,0.00674
1403638614.027932167053223,0.00228,0.00019,0.00034,0.00319,0.00082,0.00127,0.00809
1403638614.077932596206665,0.00206,0.00010,0.00001,0.00324,0.00000,0.00111,0.00653
1403638614.127932548522949,0.00203,0.00010,0.00019,0.00315,0.00000,0.00104,0.00651
1403638614.177932739257812,0.00202,0.00013,0.00008,0.00312,0.00002,0.00101,0.00639
1403638614.227932453155518,0.00217,0.00010,0.00003,0.00310,0.00000,0.00104,0.00643
1403638614.277932405471802,0.00213,0.00010,0.00030,0.00310,0.00094,0.00107,0.00764
1403638614.327931404113770,0.00207,0.00013,0.00277,0.00301,0.00000,0.00104,0.00903
1403638614.377931594848633,0.00204,0.00010,0.00153,0.00303,0.00000,0.00107,0.00777
1403638614.427931785583496,0.00195,0.00011,0.00875,0.00302,0.00074,0.00097,0.01554
1403638614.477934360504150,0.00210,0.00011,0.00474,0.00297,0.00074,0.00104,0.01171
1403638614.527935743331909,0.00187,0.00010,0.00151,0.00292,0.00039,0.00098,0.00777
1403638614.577936172485352,0.00191,0.00014,0.00033,0.00299,0.00140,0.00121,0.00797
1403638614.627938032150269,0.00210,0.00015,0.00014,0.00309,0.00000,0.00120,0.00667
1403638614.677938222885132,0.00190,0.00011,0.00012,0.00282,0.00000,0.00102,0.00596
1403638614.727937221527100,0.00198,0.00010,0.00003,0.00265,0.00000,0.00103,0.00578
1403638614.827937602996826,0.00215,0.00021,0.00034,0.00236,0.00005,0.00115,0.00627
1403638614.877938270568848,0.00211,0.00014,0.00013,0.00247,0.00001,0.00118,0.00604
1403638614.927938222885132,0.00194,0.00014,0.00043,0.00219,0.00003,0.00107,0.00580
1403638614.977938175201416,0.00380,0.00021,0.00025,0.00181,0.00301,0.00151,0.01059
1403638615.027938365936279,0.00244,0.00013,0.00059,0.00199,0.00078,0.00132,0.00725
1403638615.077938795089722,0.00224,0.00010,0.00429,0.00175,0.00379,0.00105,0.01321
1403638615.127942085266113,0.00213,0.00016,0.00285,0.00201,0.00023,0.00113,0.00851
1403638615.177942276000977,0.00257,0.00018,0.00034,0.00193,0.00076,0.00129,0.00708
1403638615.227942705154419,0.00238,0.00014,0.00029,0.00193,0.00001,0.00117,0.00592
1403638615.277943372726440,0.00224,0.00017,0.00014,0.00152,0.00000,0.00125,0.00531
1403638615.327943801879883,0.00299,0.00009,0.00037,0.00113,0.00000,0.00101,0.00559
1403638615.377944469451904,0.00226,0.00008,0.00044,0.00062,0.00027,0.00109,0.00477
1403638615.427945137023926,0.00208,0.00008,0.00021,0.00033,0.00047,0.00092,0.00409
1403638615.477946043014526,0.00197,0.00008,0.00042,0.00023,0.00001,0.00099,0.00371
1403638615.527946710586548,0.00264,0.00008,0.00045,0.00015,0.01333,0.00123,0.01789
1403638615.577947139739990,0.00207,0.00012,0.00037,0.00118,0.00003,0.00084,0.00461
1403638615.627948999404907,0.00216,0.00014,0.00028,0.00115,0.00014,0.00122,0.00509
1403638615.677950382232666,0.00251,0.00009,0.00092,0.00090,0.00378,0.00110,0.00930
1403638615.727951049804688,0.00268,0.00014,0.00015,0.00126,0.00328,0.00097,0.00849
1403638615.777951478958130,0.00209,0.00013,0.00022,0.00158,0.00071,0.00098,0.00571
1403638615.827950954437256,0.00218,0.00015,0.00066,0.00145,0.00032,0.00109,0.00584
1403638615.877948999404907,0.00243,0.00014,0.00211,0.00201,0.00626,0.00085,0.01381
1403638615.927946567535400,0.00229,0.00014,0.00034,0.00180,0.00000,0.00112,0.00569
1403638615.977947950363159,0.00215,0.00013,0.00026,0.00161,0.00002,0.00090,0.00507
1403638616.027947425842285,0.00187,0.00012,0.00019,0.00141,0.00002,0.00100,0.00461
1403638616.077945947647095,0.00218,0.00011,0.00114,0.00125,0.00894,0.00120,0.01482
1403638616.127945899963379,0.00254,0.00017,0.00012,0.00223,0.00000,0.00114,0.00620
1403638616.177946567535400,0.00188,0.00015,0.00024,0.00175,0.00000,0.00106,0.00509
1403638616.227946758270264,0.00248,0.00010,0.00036,0.00208,0.00376,0.00091,0.00967
1403638616.277945995330811,0.00239,0.00018,0.00317,0.00226,0.00078,0.00125,0.01003
1403638616.327945947647095,0.00195,0.00013,0.00009,0.00218,0.00064,0.00096,0.00595
1403638616.377945661544800,0.00223,0.00015,0.00048,0.00202,0.00013,0.00107,0.00608
1403638616.427945613861084,0.00215,0.00015,0.00108,0.00187,0.00314,0.00123,0.00962
1403638616.477945089340210,0.00233,0.00011,0.00256,0.00233,0.00122,0.00100,0.00954
1403638616.527945280075073,0.00204,0.00019,0.00386,0.00220,0.00000,0.00111,0.00940
1403638616.577945709228516,0.00230,0.00019,0.00037,0.00203,0.00000,0.00117,0.00608
1403638616.627946138381958,0.00203,0.00009,0.00095,0.00162,0.00000,0.00103,0.00573
1403638616.677946567535400,0.00258,0.00009,0.00007,0.00159,0.00300,0.00101,0.00833
1403638616.727946996688843,0.00224,0.00011,0.00043,0.00169,0.00000,0.00093,0.00540
1403638616.777949333190918,0.00225,0.00018,0.00230,0.00146,0.00483,0.00117,0.01219
1403638616.827947378158569,0.00215,0.00018,0.00020,0.00191,0.00069,0.00140,0.00653
1403638616.877946138381958,0.00208,0.00017,0.00031,0.00181,0.00239,0.00097,0.00773
1403638616.927942991256714,0.00227,0.00009,0.00015,0.00203,0.00002,0.00096,0.00554
1403638616.977941989898682,0.00215,0.00010,0.00051,0.00192,0.00000,0.00108,0.00576
1403638617.027938842773438,0.00207,0.00013,0.00359,0.00226,0.00621,0.00106,0.01533
1403638617.077936410903931,0.00235,0.00011,0.00201,0.00304,0.00138,0.00084,0.00972
1403638617.127933025360107,0.00184,0.00010,0.00258,0.00248,0.00072,0.00085,0.00857
1403638617.177933454513550,0.00228,0.00015,0.00014,0.00242,0.00000,0.00121,0.00620
1403638617.227934122085571,0.00198,0.00014,0.00395,0.00214,0.00352,0.00098,0.01271
1403638617.277935266494751,0.00203,0.00015,0.00021,0.00255,0.00002,0.00097,0.00594
1403638617.327936410903931,0.00193,0.00010,0.00006,0.00228,0.00000,0.00099,0.00536
1403638617.377936840057373,0.00183,0.00013,0.00010,0.00209,0.00111,0.00092,0.00619
1403638617.427936315536499,0.00211,0.00009,0.00006,0.00227,0.00104,0.00102,0.00659
1403638617.477935552597046,0.00191,0.00012,0.00203,0.00283,0.00385,0.00091,0.01165
1403638617.527935028076172,0.00191,0.00009,0.00001,0.00325,0.00075,0.00098,0.00700
1403638617.577936172485352,0.00191,0.00013,0.00082,0.00313,0.00000,0.00098,0.00697
1403638617.627936601638794,0.00196,0.00014,0.00571,0.00247,0.00071,0.00092,0.01191
1403638617.677937269210815,0.00234,0.00013,0.00003,0.00266,0.00074,0.00096,0.00686
1403638617.727938652038574,0.00231,0.00011,0.00044,0.00271,0.00139,0.00093,0.00788
1403638617.777939558029175,0.00216,0.00021,0.00001,0.00315,0.00000,0.00148,0.00700
1403638617.827940464019775,0.00233,0.00017,0.00320,0.00296,0.00129,0.00116,0.01112
1403638617.877940654754639,0.00193,0.00010,0.00108,0.00286,0.00012,0.00097,0.00707
1403638617.927941083908081,0.00247,0.00013,0.00007,0.00307,0.00001,0.00128,0.00703
1403638617.977941274642944,0.00211,0.00018,0.00213,0.00276,0.00227,0.00121,0.01066
1403638618.027941465377808,0.00203,0.00009,0.00010,0.00323,0.00000,0.00107,0.00653
1403638618.077941894531250,0.00198,0.00011,0.00044,0.00295,0.00000,0.00098,0.00646
1403638618.127941846847534,0.00191,0.00009,0.00059,0.00286,0.00000,0.00108,0.00652
1403638618.177941799163818,0.00205,0.00011,0.00001,0.00288,0.00044,0.00099,0.00648
1403638618.227941036224365,0.00187,0.00010,0.00361,0.00272,0.00281,0.00094,0.01204
1403638618.277940988540649,0.00221,0.00017,0.00045,0.00309,0.00073,0.00116,0.00781
1403638618.327940940856934,0.00220,0.00016,0.00043,0.00299,0.00013,0.00120,0.00712
1403638618.377940893173218,0.00205,0.00013,0.00006,0.00307,0.00047,0.00099,0.00677
1403638618.427940130233765,0.00222,0.00010,0.00301,0.00302,0.00087,0.00115,0.01037
1403638618.477939367294312,0.00238,0.00017,0.00294,0.00292,0.00220,0.00113,0.01173
1403638618.527939319610596,0.00201,0.00009,0.00017,0.00305,0.00038,0.00099,0.00670
1403638618.577939271926880,0.00188,0.00017,0.00226,0.00255,0.00185,0.00115,0.00987
1403638618.627939701080322,0.00244,0.00018,0.00018,0.00258,0.00011,0.00128,0.00678
1403638618.677940368652344,0.00204,0.00014,0.00057,0.00241,0.00002,0.00099,0.00617
1403638618.727939605712891,0.00191,0.00009,0.00029,0.00229,0.00001,0.00131,0.00590
1403638618.777939558029175,0.00199,0.00011,0.00011,0.00233,0.00000,0.00143,0.00597
1403638618.827941656112671,0.00192,0.00009,0.00191,0.00227,0.00387,0.00101,0.01107
1403638618.877942562103271,0.00228,0.00011,0.00010,0.00288,0.00000,0.00124,0.00661
1403638618.927944183349609,0.00215,0.00012,0.00054,0.00264,0.00024,0.00099,0.00669
1403638618.977946519851685,0.00199,0.00014,0.00214,0.00247,0.00422,0.00094,0.01190
1403638619.027947664260864,0.00190,0.00010,0.00047,0.00288,0.00253,0.00093,0.00881
1403638619.077947854995728,0.00245,0.00011,0.00219,0.00267,0.00074,0.00093,0.00909
1403638619.127946853637695,0.00258,0.00011,0.00007,0.00248,0.00002,0.00100,0.00625
1403638619.177945375442505,0.00211,0.00010,0.00200,0.00213,0.00278,0.00091,0.01003
1403638619.227943897247314,0.00223,0.00010,0.00066,0.00225,0.00066,0.00094,0.00684
1403638619.277943134307861,0.00229,0.00011,0.00006,0.00214,0.00000,0.00095,0.00555
1403638619.327943801879883,0.00225,0.00009,0.00024,0.00212,0.00073,0.00092,0.00635
1403638619.377943515777588,0.00236,0.00010,0.00009,0.00211,0.00003,0.00105,0.00574
1403638619.427942752838135,0.00213,0.00015,0.00032,0.00197,0.00171,0.00108,0.00737
1403638619.477941989898682,0.00171,0.00009,0.00010,0.00195,0.00008,0.00077,0.00471
1403638619.527940511703491,0.00273,0.00011,0.00021,0.00201,0.00133,0.00129,0.00767
1403638619.577939271926880,0.00204,0.00012,0.00005,0.00216,0.00133,0.00104,0.00673
1403638619.627938747406006,0.00206,0.00012,0.00047,0.00228,0.00106,0.00101,0.00700
1403638619.677938222885132,0.00208,0.00014,0.00107,0.00229,0.00581,0.00116,0.01256
1403638619.727938175201416,0.00235,0.00016,0.00001,0.00343,0.00000,0.00144,0.00739
1403638619.777937889099121,0.00198,0.00014,0.00071,0.00319,0.00158,0.00102,0.00861
1403638619.827937841415405,0.00307,0.00017,0.00011,0.00324,0.00142,0.00097,0.00898
1403638619.877938032150269,0.00212,0.00009,0.00001,0.00347,0.00000,0.00140,0.00709
1403638619.927937507629395,0.00208,0.00013,0.00249,0.00337,0.00005,0.00117,0.00930
1403638619.977936744689941,0.00204,0.00009,0.00007,0.00324,0.00071,0.00089,0.00703
1403638620.027937173843384,0.00240,0.00015,0.00034,0.00282,0.00022,0.00102,0.00696
1403638620.077936410903931,0.00209,0.00015,0.00366,0.00307,0.00022,0.00117,0.01037
1403638620.127935409545898,0.00232,0.00016,0.00007,0.00263,0.00000,0.00121,0.00638
1403638620.177935600280762,0.00202,0.00013,0.00045,0.00255,0.00003,0.00110,0.00628
1403638620.227935791015625,0.00226,0.00015,0.00014,0.00252,0.00054,0.00092,0.00654
1403638620.277935743331909,0.00206,0.00015,0.00001,0.00246,0.00137,0.00132,0.00737
1403638620.327936887741089,0.00191,0.00009,0.00005,0.00262,0.00002,0.00118,0.00586
1403638620.377937078475952,0.00194,0.00009,0.00002,0.00254,0.00056,0.00103,0.00620
1403638620.427937030792236,0.00239,0.00009,0.00002,0.00255,0.00000,0.00096,0.00601
1403638620.477937459945679,0.00193,0.00013,0.00001,0.00253,0.00000,0.00097,0.00556
1403638620.527938365936279,0.00197,0.00009,0.00001,0.00259,0.00346,0.00095,0.00906
1403638620.577938556671143,0.00179,0.00013,0.00001,0.00296,0.00013,0.00092,0.00593
1403638620.627939224243164,0.00212,0.00010,0.00113,0.00303,0.00090,0.00095,0.00822
1403638620.677938222885132,0.00180,0.00010,0.00305,0.00307,0.00086,0.00089,0.00977
1403638620.727938175201416,0.00189,0.00009,0.00001,0.00329,0.00000,0.00099,0.00627
1403638620.777937412261963,0.00205,0.00019,0.00001,0.00357,0.00004,0.00130,0.00716
1403638620.827937126159668,0.00215,0.00014,0.00003,0.00308,0.00093,0.00118,0.00751
1403638620.877936601638794,0.00206,0.00013,0.00013,0.00316,0.00155,0.00101,0.00803
1403638620.927936315536499,0.00222,0.00013,0.00006,0.00321,0.00052,0.00101,0.00716
1403638620.977935552597046,0.00191,0.00013,0.00005,0.00321,0.00015,0.00098,0.00643
1403638621.027935266494751,0.00203,0.00010,0.00006,0.00325,0.00003,0.00098,0.00645
1403638621.077934503555298,0.00198,0.00009,0.00005,0.00328,0.00000,0.00101,0.00640
1403638621.127933979034424,0.00187,0.00009,0.00007,0.00302,0.00077,0.00104,0.00687
1403638621.177933454513550,0.00218,0.00021,0.00002,0.00322,0.00016,0.00120,0.00698
1403638621.227933406829834,0.00180,0.00011,0.00212,0.00299,0.00022,0.00093,0.00817
1403638621.277932882308960,0.00221,0.00018,0.00207,0.00334,0.00011,0.00083,0.00875
1403638621.327932596206665,0.00210,0.00013,0.00001,0.00325,0.00000,0.00136,0.00685
1403638621.377932548522949,0.00206,0.00009,0.00001,0.00309,0.00078,0.00105,0.00709
1403638621.427932024002075,0.00187,0.00010,0.00003,0.00294,0.00054,0.00102,0.00650
1403638621.477932453155518,0.00218,0.00015,0.00350,0.00285,0.00262,0.00107,0.01239
1403638621.527932167053223,0.00228,0.00014,0.00081,0.00338,0.00002,0.00114,0.00776
1403638621.577932596206665,0.00193,0.00010,0.00006,0.00340,0.00016,0.00103,0.00668
1403638621.627932548522949,0.00200,0.00010,0.00004,0.00327,0.00147,0.00099,0.00786
1403638621.677932739257812,0.00223,0.00010,0.00004,0.00339,0.00000,0.00097,0.00673
1403638621.727933406829834,0.00182,0.00009,0.00074,0.00335,0.00005,0.00092,0.00697
1403638621.777933359146118,0.00192,0.00009,0.00001,0.00342,0.00013,0.00099,0.00656
1403638621.827933073043823,0.00188,0.00009,0.00216,0.00338,0.00023,0.00094,0.00868
1403638621.877933263778687,0.00196,0.00009,0.00072,0.00309,0.00009,0.00099,0.00694
1403638621.927933454513550,0.00219,0.00009,0.00004,0.00331,0.00002,0.00096,0.00661
1403638621.977933406829834,0.00204,0.00010,0.00004,0.00305,0.00000,0.00107,0.00630
1403638622.027933597564697,0.00191,0.00009,0.00006,0.00297,0.00017,0.00098,0.00619
1403638622.077933549880981,0.00207,0.00009,0.00012,0.00278,0.00484,0.00108,0.01098
1403638622.127933740615845,0.00206,0.00010,0.00070,0.00369,0.00081,0.00098,0.00834
1403638622.177933692932129,0.00191,0.00010,0.00010,0.00391,0.00000,0.00102,0.00703
1403638622.227933406829834,0.00208,0.00012,0.00009,0.00385,0.00000,0.00100,0.00714
1403638622.277933597564697,0.00194,0.00010,0.00001,0.00452,0.00000,0.00130,0.00786
1403638622.327934265136719,0.00205,0.00012,0.00152,0.00371,0.00002,0.00118,0.00861
1403638622.377934217453003,0.00193,0.00010,0.00001,0.00384,0.00015,0.00091,0.00692
1403638622.427933931350708,0.00191,0.00009,0.00251,0.00363,0.00027,0.00132,0.00973
1403638622.477934360504150,0.00211,0.00019,0.00281,0.00339,0.00003,0.00134,0.00988
1403638622.527934551239014,0.00224,0.00015,0.00009,0.00349,0.00005,0.00131,0.00733
1403638622.577936172485352,0.00230,0.00010,0.00013,0.00360,0.00001,0.00089,0.00703
1403638622.627937793731689,0.00211,0.00014,0.00009,0.00323,0.00018,0.00115,0.00689
1403638622.677941560745239,0.00236,0.00009,0.00001,0.00314,0.00008,0.00088,0.00656
1403638622.727944374084473,0.00197,0.00013,0.00008,0.00342,0.00003,0.00098,0.00662
1403638622.777945041656494,0.00267,0.00012,0.00008,0.00278,0.00007,0.00092,0.00664
1403638622.827945709228516,0.00229,0.00010,0.00001,0.00278,0.00000,0.00104,0.00623
1403638622.877946853637695,0.00210,0.00013,0.00003,0.00274,0.00000,0.00098,0.00597
1403638622.927950143814087,0.00193,0.00010,0.00001,0.00270,0.00144,0.00099,0.00716
1403638622.977952957153320,0.00216,0.00011,0.00001,0.00280,0.00003,0.00099,0.00610
1403638623.027956008911133,0.00257,0.00014,0.00109,0.00274,0.00017,0.00117,0.00787
1403638623.077962636947632,0.00210,0.00013,0.00393,0.00306,0.00141,0.00119,0.01182
1403638623.127963066101074,0.00220,0.00010,0.00001,0.00301,0.00005,0.00102,0.00639
1403638623.177962303161621,0.00208,0.00013,0.00001,0.00331,0.00004,0.00105,0.00661
1403638623.227962732315063,0.00208,0.00009,0.00001,0.00302,0.00017,0.00094,0.00631
1403638623.277962446212769,0.00222,0.00015,0.00001,0.00306,0.00010,0.00124,0.00677
1403638623.327962398529053,0.00177,0.00010,0.00009,0.00282,0.00000,0.00083,0.00561
1403638623.377962350845337,0.00134,0.00009,0.00253,0.00281,0.00016,0.00078,0.00771
1403638623.427962541580200,0.00141,0.00010,0.00001,0.00276,0.00000,0.00082,0.00510
1403638623.477962493896484,0.00218,0.00018,0.00001,0.00300,0.00000,0.00088,0.00625
1403638623.527962207794189,0.00206,0.00013,0.00009,0.00274,0.00040,0.00141,0.00684
1403638623.577962636947632,0.00220,0.00009,0.00001,0.00281,0.00077,0.00105,0.00692
1403638623.627962827682495,0.00216,0.00009,0.00144,0.00290,0.00017,0.00098,0.00775
1403638623.677962064743042,0.00198,0.00010,0.00310,0.00292,0.00249,0.00094,0.01153
1403638623.727962732315063,0.00216,0.00009,0.00001,0.00348,0.00084,0.00154,0.00812
1403638623.777962923049927,0.00227,0.00015,0.00006,0.00345,0.00003,0.00120,0.00716
1403638623.827962875366211,0.00190,0.00012,0.00003,0.00327,0.00018,0.00098,0.00648
1403638623.877962350845337,0.00222,0.00012,0.00001,0.00326,0.00007,0.00093,0.00662
1403638623.927964210510254,0.00195,0.00009,0.00006,0.00317,0.00002,0.00088,0.00618
1403638623.977964639663696,0.00194,0.00012,0.00291,0.00311,0.00011,0.00087,0.00907
1403638624.027967691421509,0.00205,0.00011,0.00001,0.00328,0.00000,0.00156,0.00700
1403638624.077966928482056,0.00212,0.00012,0.00001,0.00309,0.00000,0.00127,0.00660
1403638624.127967357635498,0.00199,0.00014,0.00001,0.00304,0.00004,0.00095,0.00617
1403638624.177967071533203,0.00206,0.00010,0.00004,0.00304,0.00004,0.00106,0.00633
1403638624.227967739105225,0.00222,0.00019,0.00151,0.00284,0.00084,0.00107,0.00868
1403638624.277969837188721,0.00218,0.00016,0.00298,0.00303,0.00148,0.00126,0.01110
1403638624.327970027923584,0.00214,0.00011,0.00001,0.00352,0.00003,0.00095,0.00677
1403638624.377970933914185,0.00208,0.00009,0.00001,0.00333,0.00074,0.00095,0.00720
1403638624.427970409393311,0.00222,0.00015,0.00001,0.00334,0.00019,0.00117,0.00707
1403638624.477971315383911,0.00214,0.00012,0.00004,0.00338,0.00006,0.00131,0.00704
1403638624.527971982955933,0.00207,0.00016,0.00007,0.00349,0.00094,0.00151,0.00825
1403638624.577970504760742,0.00200,0.00015,0.00277,0.00346,0.00006,0.00091,0.00935
1403638624.627970933914185,0.00217,0.00013,0.00001,0.00356,0.00000,0.00123,0.00709
1403638624.677972316741943,0.00192,0.00010,0.00001,0.00355,0.00000,0.00107,0.00664
1403638624.727972745895386,0.00201,0.00011,0.00001,0.00346,0.00005,0.00101,0.00664
1403638624.777972936630249,0.00193,0.00009,0.00001,0.00343,0.00150,0.00098,0.00794
1403638624.827972888946533,0.00201,0.00010,0.00159,0.00406,0.00005,0.00099,0.00879
1403638624.877972602844238,0.00185,0.00010,0.00268,0.00378,0.00003,0.00091,0.00935
1403638624.927971601486206,0.00232,0.00009,0.00003,0.00359,0.00003,0.00098,0.00705
1403638624.977971315383911,0.00216,0.00011,0.00001,0.00365,0.00003,0.00096,0.00691
1403638625.027970552444458,0.00186,0.00010,0.00005,0.00385,0.00017,0.00123,0.00726
1403638625.077971220016479,0.00210,0.00014,0.00005,0.00366,0.00004,0.00114,0.00713
1403638625.127971410751343,0.00212,0.00011,0.00001,0.00356,0.00074,0.00093,0.00747
1403638625.177971601486206,0.00198,0.00011,0.00315,0.00422,0.00004,0.00136,0.01086
1403638625.227972507476807,0.00193,0.00011,0.00011,0.00362,0.00000,0.00083,0.00660
1403638625.277973651885986,0.00239,0.00013,0.00001,0.00365,0.00000,0.00121,0.00739
1403638625.327974081039429,0.00189,0.00011,0.00001,0.00362,0.00005,0.00094,0.00662
1403638625.377974510192871,0.00198,0.00013,0.00001,0.00357,0.00000,0.00118,0.00686
1403638625.427974939346313,0.00211,0.00014,0.00166,0.00349,0.00005,0.00118,0.00863
1403638625.477975606918335,0.00250,0.00011,0.00226,0.00341,0.00005,0.00102,0.00936
1403638625.527975559234619,0.00225,0.00014,0.00011,0.00389,0.00006,0.00110,0.00755
1403638625.577975988388062,0.00203,0.00011,0.00001,0.00369,0.00003,0.00096,0.00682
1403638625.627975940704346,0.00227,0.00014,0.00003,0.00338,0.00017,0.00122,0.00721
1403638625.677975893020630,0.00208,0.00011,0.00015,0.00429,0.00007,0.00127,0.00796
1403638625.727976560592651,0.00230,0.00013,0.00003,0.00330,0.00000,0.00123,0.00699
1403638625.777976036071777,0.00214,0.00011,0.00221,0.00327,0.00009,0.00097,0.00880
1403638625.827976703643799,0.00203,0.00010,0.00003,0.00334,0.00000,0.00110,0.00660
1403638625.877975702285767,0.00204,0.00009,0.00037,0.00319,0.00000,0.00104,0.00673
1403638625.927975654602051,0.00223,0.00014,0.00027,0.00327,0.00004,0.00130,0.00725
1403638625.977974891662598,0.00237,0.00013,0.00001,0.00333,0.00000,0.00120,0.00704
1403638626.027974367141724,0.00237,0.00015,0.00647,0.00310,0.00043,0.00099,0.01350
1403638626.077974081039429,0.00227,0.00009,0.00124,0.00367,0.00007,0.00097,0.00831
1403638626.127973794937134,0.00247,0.00017,0.00001,0.00353,0.00009,0.00128,0.00755
1403638626.177973747253418,0.00252,0.00013,0.00001,0.00338,0.00003,0.00120,0.00726
1403638626.227972984313965,0.00195,0.00017,0.00007,0.00366,0.00017,0.00110,0.00714
1403638626.277973413467407,0.00231,0.00017,0.00001,0.00334,0.00085,0.00123,0.00791
1403638626.327973365783691,0.00219,0.00013,0.00001,0.00332,0.00000,0.00095,0.00659
1403638626.377973318099976,0.00214,0.00019,0.00229,0.00305,0.00007,0.00122,0.00896
1403638626.427973508834839,0.00231,0.00019,0.00007,0.00315,0.00003,0.00128,0.00702
1403638626.477974176406860,0.00217,0.00011,0.00007,0.00340,0.00002,0.00125,0.00702
1403638626.527975082397461,0.00191,0.00015,0.00001,0.00308,0.00004,0.00091,0.00609
1403638626.577975273132324,0.00238,0.00017,0.00001,0.00352,0.00000,0.00139,0.00747
1403638626.627976655960083,0.00223,0.00012,0.00663,0.00302,0.00082,0.00121,0.01404
1403638626.677976608276367,0.00225,0.00014,0.00122,0.00296,0.00009,0.00121,0.00787
1403638626.727976560592651,0.00225,0.00009,0.00001,0.00336,0.00007,0.00100,0.00678
1403638626.777976512908936,0.00205,0.00011,0.00003,0.00340,0.00002,0.00100,0.00662
1403638626.827975988388062,0.00200,0.00013,0.00004,0.00353,0.00085,0.00095,0.00751
1403638626.877975463867188,0.00201,0.00011,0.00003,0.00347,0.00006,0.00093,0.00661
1403638626.927974462509155,0.00211,0.00014,0.00001,0.00348,0.00000,0.00100,0.00673
1403638626.977973699569702,0.00218,0.00011,0.00089,0.00376,0.00008,0.00126,0.00829
1403638627.027971982955933,0.00231,0.00013,0.00001,0.00351,0.00003,0.00133,0.00732
1403638627.077971935272217,0.00202,0.00010,0.00001,0.00351,0.00077,0.00099,0.00740
1403638627.127970457077026,0.00200,0.00010,0.00001,0.00406,0.00002,0.00175,0.00794
1403638627.177971124649048,0.00211,0.00013,0.00001,0.00348,0.00000,0.00120,0.00693
1403638627.227969408035278,0.00222,0.00014,0.00558,0.00350,0.00005,0.00092,0.01241
1403638627.277969837188721,0.00220,0.00013,0.00019,0.00364,0.00007,0.00124,0.00748
1403638627.327970027923584,0.00213,0.00014,0.00001,0.00347,0.00003,0.00092,0.00671
1403638627.377969741821289,0.00189,0.00015,0.00001,0.00339,0.00003,0.00097,0.00644
1403638627.427969932556152,0.00163,0.00010,0.00001,0.00337,0.00017,0.00086,0.00613
1403638627.477969884872437,0.00228,0.00014,0.00001,0.00392,0.00008,0.00133,0.00776
1403638627.527969837188721,0.00197,0.00012,0.00001,0.00332,0.00000,0.00099,0.00640
1403638627.577970027923584,0.00185,0.00009,0.00026,0.00341,0.00007,0.00104,0.00672
1403638627.627970218658447,0.00214,0.00014,0.00001,0.00379,0.00006,0.00122,0.00736
1403638627.677969694137573,0.00221,0.00014,0.00001,0.00337,0.00000,0.00124,0.00698
1403638627.727969646453857,0.00188,0.00010,0.00003,0.00316,0.00003,0.00097,0.00617
1403638627.777969837188721,0.00198,0.00009,0.00001,0.00324,0.00000,0.00097,0.00629
1403638627.827970027923584,0.00211,0.00021,0.00364,0.00286,0.00012,0.00114,0.01009
1403638627.877969980239868,0.00217,0.00013,0.00020,0.00296,0.00011,0.00116,0.00673
1403638627.927969932556152,0.00213,0.00013,0.00010,0.00287,0.00003,0.00115,0.00642
1403638627.977969884872437,0.00223,0.00013,0.00001,0.00298,0.00003,0.00119,0.00657
1403638628.027969598770142,0.00193,0.00009,0.00001,0.00295,0.00017,0.00105,0.00620
1403638628.077969551086426,0.00201,0.00013,0.00006,0.00283,0.00007,0.00118,0.00629
1403638628.127969503402710,0.00236,0.00013,0.00001,0.00282,0.00000,0.00127,0.00658
1403638628.177969694137573,0.00191,0.00009,0.00013,0.00277,0.00015,0.00098,0.00604
1403638628.227969646453857,0.00202,0.00009,0.00003,0.00281,0.00003,0.00102,0.00600
1403638628.277969598770142,0.00204,0.00009,0.00003,0.00278,0.00000,0.00094,0.00587
1403638628.327969551086426,0.00209,0.00009,0.00001,0.00275,0.00005,0.00098,0.00596
1403638628.377969980239868,0.00205,0.00019,0.00002,0.00256,0.00000,0.00115,0.00597
1403638628.427970170974731,0.00205,0.00013,0.00060,0.00249,0.00018,0.00140,0.00686
1403638628.477970838546753,0.00184,0.00009,0.00006,0.00255,0.00019,0.00102,0.00575
1403638628.527971506118774,0.00202,0.00012,0.00001,0.00255,0.00003,0.00097,0.00571
1403638628.577971935272217,0.00213,0.00012,0.00001,0.00254,0.00003,0.00122,0.00605
1403638628.627972126007080,0.00209,0.00012,0.00003,0.00253,0.00006,0.00131,0.00615
1403638628.677970647811890,0.00191,0.00010,0.00006,0.00239,0.00005,0.00100,0.00551
1403638628.727969408035278,0.00185,0.00009,0.00003,0.00237,0.00000,0.00102,0.00536
1403638628.777969121932983,0.00179,0.00009,0.00006,0.00293,0.00025,0.00117,0.00630
1403638628.827969074249268,0.00211,0.00014,0.00001,0.00241,0.00004,0.00119,0.00590
1403638628.877968311309814,0.00191,0.00012,0.00004,0.00238,0.00000,0.00093,0.00539
1403638628.927967309951782,0.00190,0.00009,0.00001,0.00233,0.00004,0.00091,0.00528
1403638628.977966785430908,0.00185,0.00015,0.00013,0.00237,0.00000,0.00112,0.00562
1403638629.027964353561401,0.00212,0.00015,0.00040,0.00280,0.00027,0.00121,0.00695
1403638629.077965021133423,0.00295,0.00010,0.00001,0.00244,0.00020,0.00099,0.00669
1403638629.127964496612549,0.00217,0.00012,0.00001,0.00248,0.00003,0.00134,0.00616
1403638629.177964448928833,0.00263,0.00011,0.00006,0.00249,0.00002,0.00097,0.00629
1403638629.227964639663696,0.00226,0.00012,0.00015,0.00234,0.00076,0.00119,0.00682
1403638629.277964830398560,0.00182,0.00012,0.00019,0.00237,0.00005,0.00089,0.00544
1403638629.327964782714844,0.00225,0.00017,0.00001,0.00238,0.00000,0.00127,0.00607
1403638629.377964973449707,0.00209,0.00014,0.00006,0.00227,0.00030,0.00107,0.00593
1403638629.427965164184570,0.00223,0.00012,0.00007,0.00235,0.00004,0.00127,0.00609
1403638629.477965354919434,0.00202,0.00012,0.00001,0.00231,0.00000,0.00102,0.00548
1403638629.527965784072876,0.00208,0.00012,0.00001,0.00221,0.00004,0.00102,0.00548
1403638629.577966451644897,0.00254,0.00014,0.00001,0.00211,0.00000,0.00123,0.00602
1403638629.627967357635498,0.00219,0.00015,0.00424,0.00191,0.00054,0.00119,0.01022
1403638629.677967309951782,0.00208,0.00009,0.00007,0.00192,0.00021,0.00100,0.00538
1403638629.727967500686646,0.00215,0.00009,0.00003,0.00195,0.00003,0.00101,0.00526
1403638629.777967453002930,0.00208,0.00014,0.00008,0.00246,0.00000,0.00119,0.00595
1403638629.827967405319214,0.00211,0.00015,0.00001,0.00202,0.00004,0.00122,0.00554
1403638629.877967596054077,0.00202,0.00009,0.00001,0.00196,0.00005,0.00097,0.00509
1403638629.927967309951782,0.00211,0.00009,0.00001,0.00197,0.00000,0.00096,0.00512
1403638629.977967262268066,0.00237,0.00015,0.00004,0.00191,0.00025,0.00105,0.00577
1403638630.027966260910034,0.00216,0.00015,0.00032,0.00191,0.00006,0.00117,0.00576
1403638630.077965497970581,0.00347,0.00013,0.00025,0.00179,0.00001,0.00099,0.00665
1403638630.127965211868286,0.00222,0.00009,0.00024,0.00163,0.00002,0.00099,0.00520
1403638630.177964687347412,0.00272,0.00014,0.00155,0.00131,0.00000,0.00105,0.00677
1403638630.227960109710693,0.00400,0.00010,0.00026,0.00106,0.00136,0.00113,0.00792
1403638630.277960300445557,0.00417,0.00008,0.00016,0.00039,0.00015,0.00086,0.00582
1403638630.327960014343262,0.00840,0.00013,0.00056,0.00002,0.00000,0.00094,0.01005
1403638630.377959966659546,0.00784,0.00010,0.00025,0.00003,0.00001,0.00095,0.00918
1403638630.427959918975830,0.00777,0.00010,0.00014,0.00003,0.00002,0.00097,0.00903
1403638630.477959632873535,0.00507,0.00007,0.00021,0.00002,0.00003,0.00065,0.00606
1403638630.527959585189819,0.00343,0.00010,0.00009,0.00002,0.00000,0.00106,0.00471
1403638630.577959775924683,0.00229,0.00009,0.00006,0.00003,0.00000,0.00090,0.00336
1403638630.627959728240967,0.00331,0.00010,0.00021,0.00000,0.00007,0.00118,0.00486
1403638630.677959680557251,0.00829,0.00010,0.00050,0.00000,0.00000,0.00097,0.00985
1403638630.727959632873535,0.00364,0.00008,0.00043,0.00000,0.00000,0.00081,0.00496
1403638630.777959585189819,0.00272,0.00009,0.00012,0.00000,0.00000,0.00084,0.00377
1403638630.827959775924683,0.00261,0.00009,0.00002,0.00000,0.00000,0.00088,0.00360
1403638630.877959728240967,0.00195,0.00008,0.00004,0.00000,0.00000,0.00134,0.00341
1403638630.927959680557251,0.00225,0.00009,0.00004,0.00000,0.00004,0.00112,0.00353
1403638630.977959632873535,0.00189,0.00009,0.00000,0.00000,0.00003,0.00103,0.00305
1403638631.027959585189819,0.00195,0.00012,0.00001,0.00000,0.00019,0.00114,0.00342
1403638631.077959775924683,0.00209,0.00010,0.00001,0.00000,0.00038,0.00121,0.00378
1403638631.127959728240967,0.00199,0.00008,0.00000,0.00000,0.00000,0.00103,0.00311
1403638631.177959680557251,0.00200,0.00010,0.00000,0.00000,0.00018,0.00114,0.00343
1403638631.227959632873535,0.00212,0.00011,0.00000,0.00000,0.00003,0.00123,0.00350
1403638631.277959585189819,0.00195,0.00008,0.00001,0.00000,0.00083,0.00101,0.00388
1403638631.327959775924683,0.00200,0.00009,0.00000,0.00000,0.00102,0.00099,0.00411
1403638631.377959728240967,0.00200,0.00008,0.00000,0.00000,0.00108,0.00104,0.00421
1403638631.427959680557251,0.00180,0.00008,0.00000,0.00000,0.00000,0.00099,0.00287
1403638631.477959632873535,0.00171,0.00009,0.00000,0.00000,0.00000,0.00098,0.00278
1403638631.527959585189819,0.00205,0.00008,0.00000,0.00000,0.00005,0.00100,0.00319
1403638631.577959775924683,0.00199,0.00008,0.00000,0.00000,0.00003,0.00096,0.00307
1403638631.627959728240967,0.00177,0.00007,0.00000,0.00000,0.00004,0.00099,0.00288
