# timestamp (sec),tracking,propagation,msckf update,slam update,slam delayed,re-tri & marg,total
1403636860.901532173156738,0.00252,0.00008,0.00028,0.00000,0.00000,0.00111,0.00399
1403636860.953437566757202,0.00275,0.00007,0.00301,0.00000,0.00000,0.00094,0.00677
1403636861.002386093139648,0.00267,0.00009,0.00170,0.00000,0.00000,0.00090,0.00536
1403636861.051777839660645,0.00244,0.00008,0.00115,0.00000,0.00000,0.00108,0.00475
1403636861.101768970489502,0.00251,0.00008,0.00010,0.00000,0.00000,0.00099,0.00368
1403636861.151706457138062,0.00216,0.00008,0.00033,0.00000,0.00000,0.00103,0.00361
1403636861.201317548751831,0.00287,0.00009,0.00044,0.00000,0.00000,0.00139,0.00479
1403636861.251271963119507,0.00269,0.00009,0.00031,0.00000,0.00000,0.00122,0.00431
1403636861.300675868988037,0.00255,0.00015,0.00063,0.00000,0.00000,0.00107,0.00439
1403636861.351006507873535,0.00222,0.00009,0.00091,0.00000,0.00000,0.00105,0.00427
1403636861.401400804519653,0.00257,0.00009,0.00063,0.00000,0.00000,0.00133,0.00461
1403636861.451660156250000,0.00253,0.00010,0.00131,0.00000,0.00000,0.00131,0.00526
1403636861.501541852951050,0.00223,0.00008,0.00067,0.00000,0.00000,0.00100,0.00398
1403636861.551481962203979,0.00226,0.00010,0.00636,0.00000,0.00000,0.00134,0.01006
1403636861.601454973220825,0.00232,0.00010,0.00244,0.00000,0.00000,0.00132,0.00618
1403636861.651433467864990,0.00224,0.00010,0.00004,0.00000,0.00171,0.00136,0.00545
1403636861.701437711715698,0.00220,0.00009,0.00016,0.00010,0.00000,0.00111,0.00367
1403636861.751726865768433,0.00263,0.00009,0.00007,0.00011,0.00307,0.00111,0.00709
1403636861.801908969879150,0.00249,0.00010,0.00106,0.00033,0.00002,0.00108,0.00508
1403636861.851821184158325,0.00231,0.00012,0.00023,0.00036,0.00236,0.00130,0.00667
1403636861.901590824127197,0.00315,0.00012,0.00082,0.00057,0.00000,0.00125,0.00591
1403636861.951513051986694,0.00233,0.00010,0.00030,0.00055,0.00586,0.00109,0.01023
1403636862.001633167266846,0.00229,0.00009,0.00075,0.00164,0.00332,0.00131,0.00940
1403636862.051626920700073,0.00272,0.00020,0.00038,0.00134,0.00135,0.00127,0.00727
1403636862.101508617401123,0.00274,0.00013,0.00013,0.00146,0.00008,0.00101,0.00556
1403636862.151195764541626,0.00229,0.00009,0.00078,0.00092,0.00774,0.00125,0.01307
1403636862.200966119766235,0.00283,0.00015,0.00063,0.00157,0.00327,0.00124,0.00969
1403636862.250933170318604,0.00293,0.00012,0.00029,0.00161,0.00013,0.00109,0.00616
1403636862.300853013992310,0.00228,0.00013,0.00024,0.00183,0.00247,0.00126,0.00822
1403636862.350821256637573,0.00244,0.00016,0.00010,0.00180,0.00046,0.00127,0.00623
1403636862.400858640670776,0.00251,0.00017,0.00037,0.00178,0.00002,0.00155,0.00641
1403636862.501121282577515,0.00313,0.00025,0.00273,0.00134,0.00523,0.00093,0.01362
1403636862.551214694976807,0.00326,0.00016,0.00125,0.00173,0.00000,0.00127,0.00768
1403636862.601332426071167,0.00270,0.00014,0.00193,0.00158,0.00018,0.00107,0.00760
1403636862.651391029357910,0.00212,0.00017,0.00184,0.00169,0.00001,0.00107,0.00690
1403636862.701443433761597,0.00280,0.00016,0.00177,0.00155,0.00106,0.00125,0.00860
1403636862.751466989517212,0.00241,0.00013,0.00032,0.00174,0.00000,0.00108,0.00568
1403636862.801472663879395,0.00284,0.00013,0.00123,0.00153,0.00104,0.00134,0.00811
1403636862.851431131362915,0.00224,0.00011,0.00030,0.00146,0.00169,0.00120,0.00701
1403636862.901417732238770,0.00228,0.00013,0.00054,0.00140,0.00011,0.00111,0.00558
1403636862.951429605484009,0.00251,0.00013,0.00059,0.00133,0.00097,0.00105,0.00658
1403636863.001430511474609,0.00236,0.00015,0.00028,0.00144,0.00000,0.00114,0.00536
1403636863.051444530487061,0.00234,0.00015,0.00026,0.00142,0.00003,0.00129,0.00548
1403636863.101461410522461,0.00196,0.00013,0.00014,0.00140,0.00548,0.00108,0.01019
1403636863.151486873626709,0.00199,0.00013,0.00025,0.00195,0.00050,0.00120,0.00602
1403636863.201485633850098,0.00203,0.00013,0.00005,0.00201,0.00000,0.00132,0.00554
1403636863.251462936401367,0.00234,0.00012,0.00003,0.00202,0.00488,0.00121,0.01061
1403636863.301495552062988,0.00204,0.00014,0.00100,0.00276,0.00169,0.00117,0.00880
1403636863.351512908935547,0.00229,0.00012,0.00291,0.00286,0.00053,0.00094,0.00965
1403636863.401534795761108,0.00235,0.00019,0.00124,0.00302,0.00011,0.00135,0.00826
1403636863.451553583145142,0.00245,0.00015,0.00266,0.00294,0.00081,0.00106,0.01007
1403636863.501546144485474,0.00218,0.00014,0.00253,0.00283,0.00002,0.00099,0.00870
1403636863.551542520523071,0.00238,0.00011,0.00032,0.00259,0.00076,0.00101,0.00717
1403636863.601541280746460,0.00260,0.00016,0.00047,0.00311,0.00013,0.00125,0.00771
1403636863.651542425155640,0.00258,0.00014,0.00012,0.00251,0.00002,0.00125,0.00662
1403636863.701558113098145,0.00211,0.00014,0.00015,0.00226,0.00142,0.00101,0.00710
1403636863.751580953598022,0.00269,0.00010,0.00026,0.00217,0.00058,0.00098,0.00678
1403636863.801588058471680,0.00214,0.00014,0.00076,0.00203,0.00000,0.00122,0.00630
1403636863.851588726043701,0.00267,0.00012,0.00015,0.00176,0.00009,0.00172,0.00652
1403636863.901592493057251,0.00221,0.00013,0.00015,0.00185,0.00095,0.00123,0.00652
1403636863.951588153839111,0.00226,0.00010,0.00047,0.00194,0.00183,0.00104,0.00763
1403636864.001607894897461,0.00308,0.00019,0.00093,0.00215,0.00415,0.00116,0.01166
1403636864.051626682281494,0.00266,0.00014,0.00182,0.00346,0.00109,0.00122,0.01039
1403636864.101643800735474,0.00305,0.00013,0.00270,0.00331,0.00000,0.00122,0.01041
1403636864.151647090911865,0.00265,0.00014,0.00311,0.00301,0.00000,0.00128,0.01020
1403636864.201645374298096,0.00289,0.00013,0.00256,0.00259,0.00052,0.00108,0.00977
1403636864.251676797866821,0.00229,0.00015,0.00070,0.00235,0.00002,0.00103,0.00655
1403636864.301710844039917,0.00270,0.00015,0.00030,0.00238,0.00056,0.00102,0.00711
1403636864.351709604263306,0.00225,0.00014,0.00067,0.00222,0.00043,0.00100,0.00670
1403636864.401700735092163,0.00254,0.00011,0.00065,0.00216,0.00000,0.00102,0.00649
1403636864.451726436614990,0.00245,0.00010,0.00126,0.00196,0.00046,0.00104,0.00727
1403636864.501722574234009,0.00232,0.00009,0.00118,0.00167,0.00033,0.00097,0.00655
1403636864.551709651947021,0.00239,0.00016,0.00076,0.00163,0.00260,0.00112,0.00865
1403636864.601710557937622,0.00239,0.00013,0.00029,0.00199,0.00037,0.00098,0.00614
1403636864.651702404022217,0.00192,0.00010,0.00211,0.00187,0.00358,0.00085,0.01042
1403636864.701685190200806,0.00186,0.00009,0.00015,0.00224,0.00048,0.00079,0.00562
1403636864.751669406890869,0.00148,0.00010,0.00236,0.00227,0.00195,0.00081,0.00896
1403636864.801660060882568,0.00183,0.00009,0.00005,0.00261,0.00000,0.00079,0.00537
1403636864.851658582687378,0.00278,0.00019,0.00230,0.00281,0.00013,0.00147,0.00968
1403636864.901660919189453,0.00237,0.00017,0.00077,0.00308,0.00002,0.00116,0.00757
1403636864.951683282852173,0.00286,0.00018,0.00334,0.00253,0.00008,0.00095,0.00995
1403636865.001677989959717,0.00241,0.00014,0.00046,0.00267,0.00043,0.00144,0.00755
1403636865.051680088043213,0.00217,0.00013,0.00051,0.00266,0.00010,0.00151,0.00709
1403636865.101676702499390,0.00302,0.00012,0.00125,0.00307,0.00000,0.00125,0.00871
1403636865.151667356491089,0.00244,0.00013,0.00213,0.00265,0.00042,0.00102,0.00879
1403636865.201663255691528,0.00212,0.00011,0.00013,0.00288,0.00000,0.00102,0.00627
1403636865.251671314239502,0.00271,0.00017,0.00385,0.00270,0.00000,0.00128,0.01070
1403636865.301669359207153,0.00231,0.00017,0.00008,0.00275,0.00000,0.00112,0.00644
1403636865.351666212081909,0.00210,0.00014,0.00253,0.00309,0.00001,0.00118,0.00904
1403636865.401663780212402,0.00245,0.00014,0.00111,0.00274,0.00053,0.00136,0.00833
1403636865.451677560806274,0.00211,0.00010,0.00210,0.00286,0.00000,0.00106,0.00823
1403636865.501674652099609,0.00225,0.00010,0.00237,0.00278,0.00000,0.00099,0.00849
1403636865.551673412322998,0.00199,0.00009,0.00068,0.00285,0.00000,0.00109,0.00671
1403636865.601679086685181,0.00207,0.00013,0.00031,0.00290,0.00000,0.00101,0.00641
1403636865.651700019836426,0.00257,0.00013,0.00466,0.00274,0.00000,0.00127,0.01137
1403636865.701719045639038,0.00261,0.00016,0.00092,0.00276,0.00000,0.00121,0.00765
1403636865.751726865768433,0.00227,0.00010,0.00119,0.00278,0.00000,0.00107,0.00742
1403636865.801725864410400,0.00251,0.00013,0.00328,0.00267,0.00000,0.00098,0.00958
1403636865.851715564727783,0.00203,0.00009,0.00278,0.00245,0.00000,0.00099,0.00834
1403636865.901726484298706,0.00221,0.00013,0.00028,0.00227,0.00002,0.00095,0.00587
1403636865.951737165451050,0.00223,0.00009,0.00089,0.00216,0.00127,0.00100,0.00764
1403636866.001735210418701,0.00251,0.00012,0.00204,0.00259,0.00089,0.00109,0.00923
1403636866.051749944686890,0.00217,0.00011,0.00194,0.00206,0.00024,0.00115,0.00767
1403636866.101768970489502,0.00236,0.00013,0.00139,0.00165,0.00000,0.00097,0.00651
1403636866.151783943176270,0.00305,0.00009,0.00064,0.00115,0.00017,0.00096,0.00606
1403636866.201801538467407,0.00220,0.00017,0.00034,0.00133,0.00008,0.00112,0.00524
1403636866.251829147338867,0.00185,0.00009,0.00012,0.00130,0.00034,0.00082,0.00452
1403636866.301853656768799,0.00208,0.00016,0.00034,0.00133,0.00013,0.00124,0.00527
1403636866.351853132247925,0.00194,0.00012,0.00018,0.00130,0.00280,0.00096,0.00730
1403636866.401850938796997,0.00186,0.00011,0.00001,0.00159,0.00037,0.00098,0.00492
1403636866.451863765716553,0.00177,0.00012,0.00031,0.00153,0.00193,0.00108,0.00674
1403636866.501840114593506,0.00223,0.00012,0.00003,0.00177,0.00317,0.00097,0.00830
1403636866.551835060119629,0.00197,0.00010,0.00015,0.00221,0.00419,0.00130,0.00992
1403636866.601837635040283,0.00185,0.00017,0.00026,0.00326,0.00000,0.00095,0.00648
1403636866.651843786239624,0.00214,0.00011,0.00228,0.00267,0.00145,0.00093,0.00959
1403636866.701848030090332,0.00318,0.00016,0.00316,0.00297,0.00084,0.00108,0.01139
1403636866.751852512359619,0.00218,0.00014,0.00016,0.00271,0.00071,0.00135,0.00725
1403636866.801849126815796,0.00210,0.00013,0.00083,0.00251,0.00037,0.00105,0.00698
1403636866.851850271224976,0.00287,0.00019,0.00029,0.00256,0.00006,0.00141,0.00739
1403636866.901846408843994,0.00248,0.00012,0.00038,0.00246,0.00007,0.00097,0.00649
1403636866.951840400695801,0.00205,0.00009,0.00030,0.00223,0.00008,0.00097,0.00572
1403636867.001835584640503,0.00280,0.00013,0.00005,0.00228,0.00002,0.00112,0.00642
1403636867.051828145980835,0.00231,0.00013,0.00052,0.00218,0.00117,0.00120,0.00751
1403636867.101828813552856,0.00223,0.00009,0.00022,0.00237,0.00172,0.00095,0.00758
1403636867.151825428009033,0.00209,0.00009,0.00042,0.00258,0.00068,0.00102,0.00689
1403636867.201832294464111,0.00209,0.00011,0.00006,0.00298,0.00046,0.00097,0.00667
1403636867.251837730407715,0.00210,0.00010,0.00271,0.00246,0.00156,0.00112,0.01005
1403636867.301850557327271,0.00220,0.00011,0.00279,0.00269,0.00063,0.00100,0.00943
1403636867.351841211318970,0.00202,0.00009,0.00005,0.00274,0.00010,0.00117,0.00617
1403636867.401830673217773,0.00220,0.00019,0.00424,0.00249,0.00040,0.00143,0.01094
1403636867.451819419860840,0.00208,0.00016,0.00003,0.00266,0.00046,0.00122,0.00661
1403636867.501810550689697,0.00189,0.00013,0.00021,0.00221,0.00036,0.00103,0.00584
1403636867.551817178726196,0.00262,0.00013,0.00447,0.00196,0.00158,0.00102,0.01179
1403636867.601806640625000,0.00226,0.00013,0.00023,0.00170,0.00002,0.00102,0.00536
1403636867.651782751083374,0.00209,0.00009,0.00061,0.00126,0.00100,0.00098,0.00603
1403636867.701766014099121,0.00288,0.00012,0.00020,0.00102,0.00000,0.00108,0.00530
1403636867.751767158508301,0.00225,0.00011,0.00025,0.00089,0.00011,0.00095,0.00457
1403636867.801773786544800,0.00212,0.00011,0.00015,0.00056,0.00000,0.00093,0.00387
1403636867.851763486862183,0.00290,0.00013,0.00019,0.00060,0.00204,0.00130,0.00715
1403636867.901739835739136,0.00222,0.00011,0.00037,0.00049,0.00041,0.00111,0.00470
1403636867.951738834381104,0.00218,0.00015,0.00003,0.00086,0.00004,0.00092,0.00420
1403636868.001762628555298,0.00259,0.00009,0.00024,0.00044,0.00478,0.00106,0.00918
1403636868.051759958267212,0.00225,0.00014,0.00001,0.00127,0.00000,0.00126,0.00493
1403636868.101768970489502,0.00222,0.00014,0.00046,0.00105,0.00617,0.00129,0.01133
1403636868.151773214340210,0.00210,0.00011,0.00288,0.00179,0.00322,0.00103,0.01113
1403636868.201780080795288,0.00209,0.00014,0.00011,0.00274,0.00000,0.00102,0.00610
1403636868.251786231994629,0.00196,0.00010,0.00381,0.00228,0.00013,0.00107,0.00935
1403636868.301789760589600,0.00213,0.00013,0.00001,0.00235,0.00000,0.00105,0.00567
1403636868.351791381835938,0.00207,0.00012,0.00003,0.00224,0.00000,0.00112,0.00558
1403636868.401797056198120,0.00211,0.00015,0.00388,0.00213,0.00013,0.00120,0.00960
1403636868.451796531677246,0.00233,0.00013,0.00102,0.00203,0.00023,0.00121,0.00696
1403636868.501789331436157,0.00209,0.00013,0.00001,0.00206,0.00002,0.00113,0.00543
1403636868.551785469055176,0.00204,0.00010,0.00410,0.00204,0.00037,0.00108,0.00973
1403636868.601788043975830,0.00217,0.00017,0.00001,0.00208,0.00080,0.00140,0.00664
1403636868.651788711547852,0.00218,0.00013,0.00001,0.00218,0.00000,0.00139,0.00589
1403636868.701788425445557,0.00205,0.00012,0.00001,0.00218,0.00002,0.00111,0.00548
1403636868.751786470413208,0.00207,0.00013,0.00241,0.00215,0.00130,0.00108,0.00913
1403636868.801788806915283,0.00225,0.00017,0.00020,0.00237,0.00076,0.00118,0.00694
1403636868.851789474487305,0.00226,0.00013,0.00460,0.00249,0.00075,0.00122,0.01145
1403636868.901794910430908,0.00205,0.00012,0.00001,0.00268,0.00000,0.00143,0.00630
1403636868.951798677444458,0.00199,0.00022,0.00001,0.00306,0.00000,0.00122,0.00650
1403636869.001801490783691,0.00199,0.00009,0.00447,0.00258,0.00000,0.00100,0.01013
1403636869.051804065704346,0.00215,0.00010,0.00188,0.00271,0.00000,0.00101,0.00785
1403636869.101806163787842,0.00201,0.00009,0.00003,0.00273,0.00000,0.00104,0.00591
1403636869.151806116104126,0.00194,0.00009,0.00446,0.00269,0.00000,0.00104,0.01022
1403636869.201806545257568,0.00236,0.00013,0.00004,0.00272,0.00000,0.00108,0.00633
1403636869.251806259155273,0.00192,0.00010,0.00001,0.00306,0.00000,0.00100,0.00608
1403636869.301805973052979,0.00198,0.00010,0.00003,0.00274,0.00000,0.00102,0.00587
1403636869.351805448532104,0.00197,0.00009,0.00189,0.00261,0.00000,0.00101,0.00758
1403636869.401805639266968,0.00186,0.00009,0.00001,0.00268,0.00000,0.00102,0.00566
1403636869.451804637908936,0.00195,0.00015,0.00355,0.00303,0.00000,0.00130,0.00997
1403636869.501803874969482,0.00201,0.00013,0.00001,0.00276,0.00000,0.00159,0.00649
1403636869.551803350448608,0.00191,0.00011,0.00001,0.00277,0.00000,0.00108,0.00588
1403636869.601802587509155,0.00200,0.00010,0.00336,0.00311,0.00000,0.00119,0.00977
1403636869.651802778244019,0.00223,0.00012,0.00116,0.00277,0.00000,0.00112,0.00740
1403636869.701802730560303,0.00246,0.00014,0.00042,0.00243,0.00000,0.00100,0.00644
1403636869.751803398132324,0.00213,0.00009,0.00394,0.00247,0.00086,0.00104,0.01053
1403636869.801805019378662,0.00209,0.00011,0.00009,0.00273,0.00044,0.00103,0.00650
1403636869.851807355880737,0.00218,0.00021,0.00038,0.00265,0.00000,0.00131,0.00672
1403636869.901809930801392,0.00259,0.00014,0.00047,0.00234,0.00000,0.00172,0.00725
1403636869.951812505722046,0.00218,0.00014,0.00269,0.00197,0.00000,0.00115,0.00813
1403636870.001814842224121,0.00202,0.00011,0.00091,0.00187,0.00027,0.00117,0.00635
1403636870.051818609237671,0.00248,0.00009,0.00305,0.00189,0.00132,0.00092,0.00975
1403636870.101817846298218,0.00206,0.00010,0.00038,0.00231,0.00000,0.00129,0.00614
1403636870.151815891265869,0.00304,0.00014,0.00059,0.00168,0.00000,0.00107,0.00653
1403636870.201811790466309,0.00212,0.00013,0.00047,0.00138,0.00095,0.00110,0.00615
1403636870.251806974411011,0.00258,0.00012,0.00063,0.00104,0.00094,0.00115,0.00647
1403636870.301803827285767,0.00251,0.00013,0.00030,0.00104,0.00032,0.00112,0.00542
1403636870.351801156997681,0.00228,0.00012,0.00034,0.00073,0.00150,0.00094,0.00591
1403636870.401799440383911,0.00280,0.00011,0.00030,0.00108,0.00000,0.00095,0.00524
1403636870.451795101165771,0.00230,0.00011,0.00030,0.00095,0.00429,0.00091,0.00886
1403636870.501794338226318,0.00253,0.00012,0.00078,0.00129,0.00000,0.00097,0.00570
1403636870.551790237426758,0.00198,0.00012,0.00029,0.00126,0.00270,0.00093,0.00728
1403636870.601789951324463,0.00194,0.00012,0.00036,0.00113,0.00009,0.00106,0.00469
1403636870.651787042617798,0.00239,0.00012,0.00126,0.00100,0.00036,0.00100,0.00613
1403636870.701783657073975,0.00203,0.00013,0.00064,0.00104,0.00207,0.00118,0.00709
1403636870.751777887344360,0.00237,0.00014,0.00056,0.00135,0.00040,0.00113,0.00596
1403636870.801774740219116,0.00198,0.00012,0.00013,0.00133,0.00000,0.00096,0.00452
1403636870.851767063140869,0.00254,0.00009,0.00017,0.00134,0.00130,0.00103,0.00646
1403636870.901761293411255,0.00217,0.00012,0.00005,0.00135,0.00503,0.00122,0.00994
1403636870.951758861541748,0.00225,0.00011,0.00058,0.00220,0.00201,0.00115,0.00831
1403636871.001757383346558,0.00210,0.00013,0.00106,0.00223,0.00023,0.00109,0.00684
1403636871.051748752593994,0.00218,0.00009,0.00370,0.00219,0.00106,0.00109,0.01032
1403636871.101742267608643,0.00208,0.00011,0.00034,0.00248,0.00000,0.00104,0.00606
1403636871.151737928390503,0.00212,0.00012,0.00001,0.00254,0.00044,0.00102,0.00625
1403636871.201736688613892,0.00227,0.00010,0.00355,0.00260,0.00017,0.00136,0.01005
1403636871.251737833023071,0.00215,0.00015,0.00001,0.00259,0.00079,0.00130,0.00699
1403636871.301739215850830,0.00204,0.00013,0.00252,0.00285,0.00041,0.00107,0.00903
1403636871.351739406585693,0.00220,0.00013,0.00033,0.00306,0.00000,0.00138,0.00711
1403636871.401735782623291,0.00221,0.00015,0.00463,0.00278,0.00000,0.00124,0.01102
1403636871.451736688613892,0.00223,0.00015,0.00088,0.00267,0.00000,0.00132,0.00725
1403636871.501736402511597,0.00228,0.00018,0.00024,0.00271,0.00045,0.00137,0.00722
1403636871.551734447479248,0.00212,0.00014,0.00132,0.00278,0.00000,0.00108,0.00744
1403636871.601734638214111,0.00206,0.00015,0.00225,0.00244,0.00006,0.00101,0.00798
1403636871.651732444763184,0.00269,0.00010,0.00319,0.00219,0.00150,0.00119,0.01086
1403636871.701732158660889,0.00232,0.00018,0.00078,0.00203,0.00012,0.00120,0.00663
1403636871.751731157302856,0.00226,0.00013,0.00167,0.00194,0.00018,0.00091,0.00709
1403636871.801730871200562,0.00258,0.00014,0.00171,0.00174,0.00199,0.00097,0.00913
1403636871.851730823516846,0.00238,0.00012,0.00007,0.00231,0.00000,0.00092,0.00581
1403636871.901729822158813,0.00201,0.00009,0.00114,0.00214,0.00147,0.00092,0.00777
1403636871.951730489730835,0.00282,0.00009,0.00037,0.00260,0.00006,0.00095,0.00689
1403636872.001732110977173,0.00276,0.00010,0.00258,0.00208,0.00121,0.00096,0.00969
1403636872.051733255386353,0.00228,0.00015,0.00069,0.00155,0.00012,0.00089,0.00569
1403636872.101733684539795,0.00246,0.00013,0.00090,0.00161,0.00000,0.00166,0.00675
1403636872.151736021041870,0.00209,0.00015,0.00039,0.00137,0.00046,0.00098,0.00545
1403636872.201737165451050,0.00293,0.00014,0.00142,0.00123,0.00118,0.00092,0.00782
1403636872.251739978790283,0.00310,0.00014,0.00047,0.00122,0.00222,0.00119,0.00836
1403636872.301741123199463,0.00198,0.00012,0.00031,0.00139,0.00031,0.00111,0.00522
1403636872.351744651794434,0.00217,0.00014,0.00077,0.00110,0.00288,0.00118,0.00825
1403636872.401745557785034,0.00168,0.00009,0.00036,0.00123,0.00042,0.00095,0.00474
1403636872.451745510101318,0.00293,0.00013,0.00013,0.00122,0.00000,0.00086,0.00527
1403636872.501745700836182,0.00218,0.00015,0.00013,0.00127,0.00338,0.00125,0.00835
1403636872.551743030548096,0.00196,0.00013,0.00072,0.00171,0.00144,0.00104,0.00700
1403636872.601742029190063,0.00204,0.00015,0.00001,0.00200,0.00047,0.00125,0.00592
1403636872.651740074157715,0.00203,0.00014,0.00064,0.00192,0.00267,0.00150,0.00890
1403636872.701741456985474,0.00193,0.00013,0.00001,0.00251,0.00000,0.00108,0.00566
1403636872.751742601394653,0.00202,0.00016,0.00370,0.00232,0.00114,0.00122,0.01055
1403636872.801746845245361,0.00227,0.00016,0.00480,0.00263,0.00000,0.00121,0.01108
1403636872.851745605468750,0.00192,0.00014,0.00013,0.00263,0.00000,0.00102,0.00584
1403636872.901745557785034,0.00256,0.00010,0.00041,0.00306,0.00000,0.00102,0.00714
1403636872.951746940612793,0.00225,0.00011,0.00201,0.00256,0.00000,0.00097,0.00790
1403636873.001749753952026,0.00209,0.00017,0.00336,0.00239,0.00000,0.00093,0.00895
1403636873.051750659942627,0.00275,0.00019,0.00005,0.00240,0.00000,0.00138,0.00677
1403636873.101751565933228,0.00235,0.00014,0.00016,0.00217,0.00000,0.00129,0.00610
1403636873.151751995086670,0.00195,0.00014,0.00202,0.00203,0.00031,0.00100,0.00745
1403636873.201751470565796,0.00277,0.00009,0.00081,0.00242,0.00094,0.00111,0.00815
1403636873.251749277114868,0.00235,0.00013,0.00138,0.00223,0.00000,0.00119,0.00728
1403636873.301747560501099,0.00261,0.00013,0.00191,0.00206,0.00000,0.00095,0.00767
1403636873.351747035980225,0.00251,0.00013,0.00188,0.00171,0.00081,0.00134,0.00838
1403636873.401746749877930,0.00257,0.00012,0.00265,0.00150,0.00089,0.00110,0.00882
1403636873.451747894287109,0.00268,0.00013,0.00046,0.00134,0.00032,0.00108,0.00603
1403636873.501749515533447,0.00254,0.00012,0.00027,0.00116,0.00000,0.00096,0.00506
1403636873.551750898361206,0.00262,0.00012,0.00053,0.00110,0.00052,0.00120,0.00609
1403636873.601752042770386,0.00280,0.00014,0.00044,0.00106,0.00084,0.00113,0.00642
1403636873.651751756668091,0.00226,0.00012,0.00030,0.00087,0.00000,0.00104,0.00459
1403636873.701751470565796,0.00197,0.00012,0.00042,0.00078,0.00007,0.00097,0.00433
1403636873.751752853393555,0.00259,0.00011,0.00017,0.00085,0.00277,0.00106,0.00755
1403636873.801752805709839,0.00196,0.00020,0.00083,0.00123,0.00029,0.00092,0.00543
1403636873.851750612258911,0.00216,0.00011,0.00030,0.00122,0.00409,0.00128,0.00916
1403636873.901748657226562,0.00225,0.00013,0.00007,0.00166,0.00144,0.00135,0.00689
1403636873.951747417449951,0.00284,0.00013,0.00193,0.00181,0.00329,0.00115,0.01115
1403636874.001745223999023,0.00249,0.00019,0.00388,0.00236,0.00042,0.00126,0.01060
1403636874.051743984222412,0.00229,0.00015,0.00111,0.00339,0.00000,0.00100,0.00793
1403636874.101745128631592,0.00216,0.00014,0.00222,0.00241,0.00000,0.00145,0.00838
1403636874.151745557785034,0.00207,0.00011,0.00240,0.00279,0.00046,0.00134,0.00917
1403636874.201744556427002,0.00226,0.00018,0.00188,0.00263,0.00000,0.00110,0.00806
1403636874.251744270324707,0.00232,0.00015,0.00012,0.00248,0.00000,0.00129,0.00636
1403636874.301743507385254,0.00214,0.00015,0.00348,0.00247,0.00037,0.00151,0.01012
1403636874.351742982864380,0.00219,0.00010,0.00124,0.00354,0.00000,0.00123,0.00831
1403636874.401742696762085,0.00224,0.00016,0.00394,0.00259,0.00000,0.00129,0.01021
1403636874.451741695404053,0.00213,0.00010,0.00235,0.00279,0.00000,0.00104,0.00842
1403636874.501739025115967,0.00199,0.00013,0.00403,0.00247,0.00004,0.00126,0.00993
1403636874.551742792129517,0.00262,0.00012,0.00089,0.00238,0.00013,0.00143,0.00758
1403636874.601746320724487,0.00334,0.00015,0.00307,0.00222,0.00006,0.00131,0.01015
1403636874.651750087738037,0.00221,0.00012,0.00141,0.00207,0.00042,0.00089,0.00713
1403636874.701752424240112,0.00286,0.00017,0.00226,0.00163,0.00035,0.00127,0.00854
1403636874.751754522323608,0.00265,0.00022,0.00056,0.00151,0.00095,0.00109,0.00698
1403636874.801755905151367,0.00288,0.00013,0.00045,0.00158,0.00081,0.00092,0.00677
1403636874.851754903793335,0.00185,0.00011,0.00066,0.00152,0.00032,0.00089,0.00534
1403636874.901752948760986,0.00311,0.00015,0.00075,0.00133,0.00084,0.00133,0.00751
1403636874.951753139495850,0.00291,0.00012,0.00107,0.00118,0.00029,0.00101,0.00658
1403636875.001755714416504,0.00311,0.00015,0.00089,0.00111,0.00038,0.00119,0.00684
1403636875.051757097244263,0.00221,0.00014,0.00028,0.00123,0.00013,0.00114,0.00512
1403636875.101751089096069,0.00270,0.00012,0.00035,0.00125,0.00193,0.00107,0.00743
1403636875.151742696762085,0.00198,0.00013,0.00027,0.00140,0.00119,0.00097,0.00594
1403636875.201736927032471,0.00186,0.00011,0.00027,0.00155,0.00176,0.00103,0.00659
1403636875.251727342605591,0.00199,0.00012,0.00188,0.00171,0.00103,0.00099,0.00771
1403636875.301714181900024,0.00187,0.00009,0.00078,0.00185,0.00175,0.00093,0.00727
1403636875.351704120635986,0.00199,0.00010,0.00156,0.00237,0.00063,0.00152,0.00816
1403636875.401697158813477,0.00355,0.00014,0.00055,0.00213,0.00055,0.00126,0.00818
1403636875.451693296432495,0.00225,0.00010,0.00147,0.00208,0.00040,0.00106,0.00736
1403636875.501691579818726,0.00229,0.00013,0.00056,0.00222,0.00039,0.00100,0.00659
1403636875.551693439483643,0.00252,0.00020,0.00486,0.00204,0.00017,0.00129,0.01106
1403636875.601692199707031,0.00228,0.00014,0.00027,0.00198,0.00000,0.00115,0.00582
1403636875.651691913604736,0.00207,0.00013,0.00327,0.00186,0.00108,0.00127,0.00969
1403636875.701695680618286,0.00224,0.00013,0.00056,0.00221,0.00085,0.00116,0.00714
1403636875.751698017120361,0.00291,0.00012,0.00043,0.00157,0.00046,0.00099,0.00647
1403636875.801698446273804,0.00328,0.00013,0.00012,0.00141,0.00000,0.00101,0.00594
1403636875.851698160171509,0.00216,0.00013,0.00022,0.00127,0.00326,0.00120,0.00824
1403636875.901705026626587,0.00214,0.00018,0.00076,0.00152,0.00099,0.00145,0.00704
1403636875.951710939407349,0.00204,0.00010,0.00286,0.00138,0.00183,0.00107,0.00929
1403636876.001714944839478,0.00317,0.00010,0.00129,0.00173,0.00012,0.00120,0.00761
1403636876.051718235015869,0.00366,0.00012,0.00063,0.00121,0.00110,0.00146,0.00819
1403636876.101722002029419,0.00263,0.00010,0.00164,0.00118,0.00045,0.00104,0.00704
1403636876.151721954345703,0.00226,0.00012,0.00232,0.00075,0.00057,0.00096,0.00698
1403636876.201721429824829,0.00305,0.00015,0.00055,0.00075,0.00000,0.00124,0.00575
1403636876.251726627349854,0.00260,0.00017,0.00068,0.00058,0.00196,0.00143,0.00742
1403636876.301722049713135,0.00298,0.00011,0.00046,0.00078,0.00209,0.00107,0.00750
1403636876.351717948913574,0.00229,0.00011,0.00044,0.00096,0.00339,0.00120,0.00840
1403636876.401716232299805,0.00289,0.00013,0.00069,0.00154,0.00000,0.00117,0.00643
1403636876.451717376708984,0.00313,0.00012,0.00102,0.00089,0.00029,0.00092,0.00638
1403636876.501719951629639,0.00240,0.00011,0.00063,0.00087,0.00052,0.00097,0.00552
1403636876.551718711853027,0.00255,0.00014,0.00044,0.00058,0.00167,0.00118,0.00656
1403636876.601724147796631,0.00290,0.00011,0.00045,0.00070,0.00131,0.00109,0.00655
1403636876.651723384857178,0.00227,0.00014,0.00031,0.00051,0.00000,0.00109,0.00432
1403636876.701725721359253,0.00239,0.00013,0.00113,0.00057,0.00059,0.00106,0.00588
1403636876.751723289489746,0.00244,0.00013,0.00038,0.00025,0.00198,0.00126,0.00643
1403636876.801724195480347,0.00294,0.00012,0.00084,0.00035,0.00036,0.00107,0.00567
1403636876.851726770401001,0.00277,0.00012,0.00060,0.00023,0.00025,0.00120,0.00517
1403636876.901724815368652,0.00305,0.00011,0.00043,0.00021,0.00021,0.00109,0.00510
1403636876.951725482940674,0.00264,0.00012,0.00034,0.00021,0.00020,0.00101,0.00451
1403636877.001728534698486,0.00291,0.00011,0.00013,0.00019,0.00002,0.00120,0.00456
1403636877.051729679107666,0.00325,0.00008,0.00019,0.00012,0.00000,0.00094,0.00458
1403636877.101726293563843,0.00313,0.00008,0.00111,0.00009,0.00053,0.00089,0.00583
1403636877.151725292205811,0.00348,0.00011,0.00152,0.00009,0.00000,0.00120,0.00641
1403636877.201725482940674,0.00256,0.00009,0.00018,0.00006,0.00022,0.00113,0.00425
1403636877.251726388931274,0.00249,0.00009,0.00137,0.00004,0.00000,0.00091,0.00492
1403636877.301723480224609,0.00243,0.00008,0.00042,0.00003,0.00051,0.00092,0.00440
1403636877.351721525192261,0.00249,0.00008,0.00141,0.00003,0.00041,0.00088,0.00531
1403636877.401713609695435,0.00243,0.00010,0.00030,0.00006,0.00122,0.00152,0.00564
1403636877.451711416244507,0.00289,0.00010,0.00128,0.00013,0.00010,0.00111,0.00562
1403636877.501712322235107,0.00245,0.00014,0.00058,0.00010,0.00083,0.00101,0.00512
1403636877.551710605621338,0.00292,0.00008,0.00062,0.00015,0.00045,0.00095,0.00517
1403636877.601709842681885,0.00249,0.00010,0.00034,0.00012,0.00062,0.00120,0.00487
1403636877.651711463928223,0.00270,0.00010,0.00052,0.00011,0.00040,0.00114,0.00499
1403636877.701712369918823,0.00210,0.00008,0.00100,0.00014,0.00089,0.00103,0.00524
1403636877.751713275909424,0.00244,0.00010,0.00062,0.00019,0.00019,0.00119,0.00473
1403636877.801713466644287,0.00270,0.00009,0.00065,0.00016,0.00088,0.00127,0.00575
1403636877.851709842681885,0.00230,0.00010,0.00025,0.00014,0.00044,0.00102,0.00424
1403636877.901715993881226,0.00220,0.00009,0.00045,0.00016,0.00397,0.00098,0.00785
1403636877.951713562011719,0.00278,0.00011,0.00058,0.00062,0.00128,0.00100,0.00636
1403636878.001715421676636,0.00232,0.00008,0.00041,0.00066,0.00322,0.00100,0.00769
1403636878.051715612411499,0.00209,0.00015,0.00122,0.00079,0.00056,0.00123,0.00605
1403636878.101720094680786,0.00288,0.00014,0.00052,0.00077,0.00218,0.00114,0.00763
1403636878.151722908020020,0.00236,0.00009,0.00065,0.00076,0.00272,0.00098,0.00755
1403636878.201727628707886,0.00271,0.00013,0.00163,0.00104,0.00495,0.00108,0.01154
1403636878.251732110977173,0.00324,0.00011,0.00086,0.00146,0.00000,0.00096,0.00663
1403636878.301736354827881,0.00321,0.00013,0.00200,0.00128,0.00181,0.00093,0.00935
1403636878.351736307144165,0.00302,0.00013,0.00286,0.00127,0.00024,0.00097,0.00848
1403636878.401732444763184,0.00298,0.00013,0.00155,0.00078,0.00006,0.00093,0.00644
1403636878.451732397079468,0.00362,0.00013,0.00080,0.00060,0.00000,0.00100,0.00615
1403636878.501730203628540,0.00337,0.00015,0.00074,0.00032,0.00117,0.00118,0.00693
1403636878.551728248596191,0.00341,0.00013,0.00081,0.00038,0.00000,0.00115,0.00588
1403636878.601728677749634,0.00338,0.00010,0.00034,0.00021,0.00000,0.00092,0.00498
1403636878.651731252670288,0.00298,0.00008,0.00028,0.00021,0.00077,0.00098,0.00530
1403636878.701739311218262,0.00354,0.00011,0.00042,0.00018,0.00189,0.00110,0.00724
1403636878.751740217208862,0.00281,0.00009,0.00046,0.00021,0.00042,0.00115,0.00514
1403636878.801743984222412,0.00307,0.00015,0.00084,0.00024,0.00006,0.00094,0.00531
1403636878.851733207702637,0.00276,0.00008,0.00054,0.00017,0.00127,0.00093,0.00574
1403636878.901730775833130,0.00231,0.00008,0.00060,0.00014,0.00176,0.00105,0.00594
1403636878.951732158660889,0.00279,0.00008,0.00042,0.00020,0.00027,0.00093,0.00468
1403636879.001734495162964,0.00246,0.00008,0.00025,0.00015,0.00110,0.00092,0.00497
1403636879.051731348037720,0.00220,0.00012,0.00028,0.00023,0.00106,0.00122,0.00511
1403636879.101731538772583,0.00265,0.00009,0.00040,0.00023,0.00053,0.00110,0.00501
1403636879.151730298995972,0.00205,0.00008,0.00070,0.00018,0.00000,0.00103,0.00403
1403636879.201727867126465,0.00244,0.00008,0.00075,0.00013,0.00067,0.00092,0.00498
1403636879.251727581024170,0.00263,0.00009,0.00038,0.00028,0.00223,0.00094,0.00655
1403636879.301728487014771,0.00248,0.00009,0.00024,0.00027,0.00000,0.00088,0.00396
1403636879.351734638214111,0.00248,0.00010,0.00075,0.00026,0.00225,0.00118,0.00701
1403636879.401736974716187,0.00262,0.00009,0.00034,0.00040,0.00153,0.00111,0.00610
1403636879.451737642288208,0.00250,0.00011,0.00078,0.00046,0.00097,0.00094,0.00577
1403636879.501742601394653,0.00265,0.00008,0.00026,0.00048,0.00143,0.00089,0.00580
1403636879.551743268966675,0.00293,0.00015,0.00037,0.00056,0.00031,0.00117,0.00550
1403636879.601743698120117,0.00284,0.00010,0.00016,0.00038,0.00019,0.00104,0.00471
1403636879.651744842529297,0.00226,0.00011,0.00044,0.00029,0.00072,0.00095,0.00477
1403636879.701743841171265,0.00204,0.00009,0.00071,0.00027,0.00000,0.00087,0.00398
1403636879.751739263534546,0.00263,0.00008,0.00016,0.00029,0.00046,0.00092,0.00454
1403636879.801727771759033,0.00222,0.00008,0.00023,0.00054,0.00242,0.00087,0.00637
1403636879.851724386215210,0.00258,0.00008,0.00085,0.00048,0.00124,0.00092,0.00615
1403636879.901726245880127,0.00237,0.00008,0.00034,0.00062,0.00055,0.00092,0.00488
1403636879.951728582382202,0.00293,0.00008,0.00041,0.00062,0.00000,0.00099,0.00504
1403636880.001729965209961,0.00228,0.00013,0.00051,0.00058,0.00010,0.00147,0.00507
1403636880.051728010177612,0.00238,0.00012,0.00041,0.00047,0.00173,0.00115,0.00626
1403636880.101727724075317,0.00201,0.00014,0.00013,0.00099,0.00104,0.00100,0.00532
1403636880.151731252670288,0.00201,0.00008,0.00003,0.00077,0.00200,0.00104,0.00594
1403636880.201729297637939,0.00187,0.00008,0.00027,0.00102,0.00225,0.00116,0.00666
1403636880.251732587814331,0.00295,0.00013,0.00035,0.00122,0.00219,0.00122,0.00806
1403636880.301731824874878,0.00219,0.00012,0.00043,0.00147,0.00231,0.00106,0.00759
1403636880.351736307144165,0.00226,0.00013,0.00028,0.00174,0.00144,0.00126,0.00710
1403636880.401741743087769,0.00244,0.00013,0.00265,0.00184,0.00132,0.00126,0.00964
1403636880.451737165451050,0.00294,0.00013,0.00032,0.00205,0.00131,0.00123,0.00799
1403636880.501733779907227,0.00230,0.00014,0.00501,0.00179,0.00080,0.00126,0.01130
1403636880.551735877990723,0.00238,0.00014,0.00015,0.00197,0.00000,0.00128,0.00592
1403636880.601735591888428,0.00213,0.00011,0.00068,0.00176,0.00046,0.00117,0.00630
1403636880.651733636856079,0.00213,0.00012,0.00031,0.00198,0.00040,0.00110,0.00605
1403636880.701736450195312,0.00225,0.00017,0.00016,0.00207,0.00086,0.00124,0.00676
1403636880.751738548278809,0.00199,0.00014,0.00039,0.00194,0.00000,0.00094,0.00540
1403636880.801735401153564,0.00241,0.00018,0.00356,0.00172,0.00161,0.00127,0.01074
1403636880.851733446121216,0.00210,0.00013,0.00007,0.00194,0.00000,0.00160,0.00584
1403636880.901731252670288,0.00242,0.00020,0.00013,0.00229,0.00070,0.00134,0.00708
1403636880.951730012893677,0.00222,0.00013,0.00037,0.00179,0.00052,0.00111,0.00614
1403636881.001731634140015,0.00199,0.00009,0.00597,0.00156,0.00085,0.00143,0.01188
1403636881.051726818084717,0.00220,0.00013,0.00021,0.00166,0.00114,0.00118,0.00652
1403636881.101726293563843,0.00192,0.00010,0.00417,0.00159,0.00152,0.00112,0.01043
1403636881.151725769042969,0.00203,0.00012,0.00018,0.00159,0.00000,0.00099,0.00491
1403636881.201725959777832,0.00206,0.00014,0.00052,0.00148,0.00041,0.00098,0.00559
1403636881.251726388931274,0.00307,0.00013,0.00017,0.00154,0.00000,0.00108,0.00600
1403636881.301727533340454,0.00229,0.00011,0.00059,0.00140,0.00034,0.00101,0.00574
1403636881.351731061935425,0.00323,0.00014,0.00010,0.00144,0.00000,0.00108,0.00599
1403636881.401734113693237,0.00241,0.00011,0.00187,0.00128,0.00389,0.00110,0.01066
1403636881.451736688613892,0.00249,0.00012,0.00053,0.00193,0.00046,0.00106,0.00659
1403636881.501736879348755,0.00237,0.00010,0.00117,0.00204,0.00013,0.00107,0.00689
1403636881.551737308502197,0.00232,0.00012,0.00102,0.00200,0.00000,0.00108,0.00654
1403636881.601737976074219,0.00202,0.00012,0.00540,0.00191,0.00084,0.00097,0.01125
1403636881.651737451553345,0.00299,0.00009,0.00021,0.00188,0.00015,0.00154,0.00687
1403636881.701743125915527,0.00277,0.00015,0.00413,0.00151,0.00123,0.00108,0.01087
1403636881.751742601394653,0.00231,0.00016,0.00068,0.00177,0.00000,0.00120,0.00613
1403636881.801746606826782,0.00211,0.00010,0.00132,0.00150,0.00241,0.00108,0.00853
1403636881.851747751235962,0.00251,0.00014,0.00139,0.00180,0.00071,0.00118,0.00775
1403636881.901751518249512,0.00216,0.00014,0.00334,0.00174,0.00013,0.00144,0.00896
1403636881.951753616333008,0.00242,0.00014,0.00044,0.00144,0.00000,0.00117,0.00561
1403636882.001755714416504,0.00219,0.00014,0.00053,0.00123,0.00040,0.00118,0.00566
1403636882.051758050918579,0.00261,0.00013,0.00076,0.00103,0.00000,0.00115,0.00567
1403636882.101759910583496,0.00213,0.00012,0.00075,0.00106,0.00039,0.00098,0.00543
1403636882.151762008666992,0.00244,0.00008,0.00031,0.00111,0.00029,0.00100,0.00524
1403636882.201765537261963,0.00204,0.00011,0.00190,0.00094,0.00680,0.00128,0.01308
1403636882.251766681671143,0.00254,0.00014,0.00023,0.00145,0.00103,0.00123,0.00662
1403636882.301768064498901,0.00228,0.00012,0.00096,0.00140,0.00335,0.00104,0.00916
1403636882.351767539978027,0.00244,0.00018,0.00073,0.00272,0.00006,0.00118,0.00731
1403636882.401766061782837,0.00213,0.00014,0.00035,0.00173,0.00035,0.00129,0.00598
1403636882.451765775680542,0.00264,0.00020,0.00007,0.00219,0.00000,0.00119,0.00630
1403636882.501764535903931,0.00226,0.00014,0.00096,0.00169,0.00412,0.00123,0.01039
1403636882.551764965057373,0.00214,0.00016,0.00037,0.00211,0.00071,0.00128,0.00676
1403636882.601765394210815,0.00222,0.00015,0.00285,0.00222,0.00135,0.00125,0.01003
1403636882.651761531829834,0.00196,0.00013,0.00013,0.00234,0.00010,0.00104,0.00569
1403636882.701756000518799,0.00197,0.00010,0.00307,0.00241,0.00075,0.00099,0.00929
1403636882.751753091812134,0.00197,0.00013,0.00017,0.00281,0.00000,0.00134,0.00642
1403636882.801749706268311,0.00199,0.00015,0.00429,0.00228,0.00040,0.00121,0.01032
1403636882.851748466491699,0.00296,0.00015,0.00116,0.00191,0.00011,0.00125,0.00754
1403636882.901753902435303,0.00238,0.00015,0.00152,0.00173,0.00045,0.00126,0.00748
1403636882.951758623123169,0.00252,0.00014,0.00047,0.00136,0.00008,0.00102,0.00560
1403636883.001761198043823,0.00200,0.00013,0.00028,0.00120,0.00187,0.00147,0.00696
1403636883.051762580871582,0.00202,0.00015,0.00044,0.00137,0.00015,0.00112,0.00525
1403636883.101762771606445,0.00288,0.00016,0.00023,0.00130,0.00064,0.00123,0.00645
1403636883.151764869689941,0.00208,0.00012,0.00021,0.00120,0.00000,0.00104,0.00465
1403636883.201764106750488,0.00206,0.00011,0.00057,0.00106,0.00213,0.00128,0.00722
1403636883.251765251159668,0.00195,0.00012,0.00028,0.00121,0.00006,0.00105,0.00468
1403636883.301769018173218,0.00228,0.00015,0.00061,0.00096,0.00207,0.00131,0.00738
1403636883.351771116256714,0.00245,0.00012,0.00017,0.00108,0.00000,0.00102,0.00485
1403636883.401767492294312,0.00194,0.00011,0.00414,0.00102,0.00734,0.00123,0.01578
1403636883.451768636703491,0.00214,0.00012,0.00015,0.00174,0.00002,0.00121,0.00538
1403636883.501769304275513,0.00247,0.00013,0.00023,0.00164,0.00082,0.00110,0.00639
1403636883.551769495010376,0.00241,0.00009,0.00034,0.00189,0.00008,0.00137,0.00619
1403636883.601768732070923,0.00221,0.00012,0.00045,0.00164,0.00103,0.00118,0.00663
1403636883.651768922805786,0.00200,0.00013,0.00289,0.00183,0.00286,0.00101,0.01071
1403636883.701768875122070,0.00185,0.00012,0.00027,0.00205,0.00075,0.00096,0.00600
1403636883.751768589019775,0.00254,0.00012,0.00008,0.00210,0.00000,0.00132,0.00616
1403636883.801768064498901,0.00232,0.00015,0.00003,0.00182,0.00006,0.00119,0.00557
1403636883.851768016815186,0.00209,0.00009,0.00042,0.00168,0.00036,0.00113,0.00577
1403636883.901768922805786,0.00209,0.00012,0.00198,0.00167,0.00150,0.00098,0.00835
1403636883.951769351959229,0.00196,0.00009,0.00003,0.00200,0.00035,0.00109,0.00552
1403636884.001768112182617,0.00187,0.00012,0.00219,0.00197,0.00158,0.00100,0.00873
1403636884.051769733428955,0.00228,0.00009,0.00274,0.00229,0.00157,0.00094,0.00991
1403636884.101769924163818,0.00224,0.00009,0.00036,0.00246,0.00041,0.00097,0.00652
1403636884.151769638061523,0.00195,0.00010,0.00003,0.00252,0.00002,0.00105,0.00566
1403636884.201770067214966,0.00198,0.00010,0.00001,0.00254,0.00000,0.00104,0.00566
1403636884.251770734786987,0.00192,0.00009,0.00280,0.00294,0.00040,0.00095,0.00911
1403636884.301770925521851,0.00187,0.00012,0.00104,0.00260,0.00002,0.00101,0.00666
1403636884.351769208908081,0.00187,0.00009,0.00001,0.00265,0.00000,0.00098,0.00559
1403636884.401767730712891,0.00183,0.00010,0.00001,0.00259,0.00003,0.00107,0.00562
1403636884.451768398284912,0.00183,0.00009,0.00001,0.00268,0.00000,0.00123,0.00584
1403636884.501768112182617,0.00180,0.00010,0.00031,0.00255,0.00002,0.00107,0.00586
1403636884.551767826080322,0.00179,0.00009,0.00001,0.00261,0.00002,0.00118,0.00571
1403636884.601767539978027,0.00176,0.00009,0.00221,0.00256,0.00012,0.00101,0.00775
1403636884.651767492294312,0.00179,0.00010,0.00117,0.00261,0.00003,0.00102,0.00672
1403636884.701767683029175,0.00196,0.00015,0.00006,0.00263,0.00002,0.00120,0.00603
1403636884.751767396926880,0.00210,0.00012,0.00001,0.00275,0.00003,0.00126,0.00627
1403636884.801767110824585,0.00176,0.00010,0.00001,0.00257,0.00000,0.00103,0.00546
1403636884.851767063140869,0.00231,0.00009,0.00234,0.00257,0.00003,0.00130,0.00864
1403636884.901766777038574,0.00198,0.00014,0.00077,0.00259,0.00002,0.00106,0.00657
1403636884.951766729354858,0.00179,0.00009,0.00001,0.00260,0.00000,0.00103,0.00551
1403636885.001766443252563,0.00170,0.00010,0.00001,0.00263,0.00003,0.00104,0.00550
1403636885.051766157150269,0.00240,0.00013,0.00001,0.00271,0.00000,0.00125,0.00649
1403636885.101765871047974,0.00196,0.00015,0.00034,0.00289,0.00004,0.00125,0.00662
1403636885.151765584945679,0.00181,0.00009,0.00001,0.00264,0.00002,0.00102,0.00560
1403636885.201765775680542,0.00237,0.00009,0.00224,0.00262,0.00013,0.00098,0.00843
1403636885.251765489578247,0.00191,0.00009,0.00117,0.00259,0.00003,0.00103,0.00682
1403636885.301765441894531,0.00174,0.00010,0.00003,0.00260,0.00002,0.00104,0.00553
1403636885.351765155792236,0.00218,0.00014,0.00002,0.00276,0.00004,0.00138,0.00650
1403636885.401765108108521,0.00208,0.00010,0.00001,0.00275,0.00000,0.00108,0.00601
1403636885.451765537261963,0.00191,0.00012,0.00244,0.00255,0.00003,0.00133,0.00837
1403636885.501765489578247,0.00185,0.00009,0.00074,0.00263,0.00002,0.00146,0.00679
1403636885.551765680313110,0.00177,0.00010,0.00001,0.00258,0.00000,0.00102,0.00546
1403636885.601765632629395,0.00171,0.00010,0.00001,0.00317,0.00003,0.00132,0.00635
1403636885.651765584945679,0.00190,0.00012,0.00001,0.00263,0.00000,0.00131,0.00597
1403636885.701765775680542,0.00181,0.00010,0.00032,0.00258,0.00002,0.00113,0.00595
1403636885.751765727996826,0.00185,0.00009,0.00001,0.00260,0.00002,0.00109,0.00566
1403636885.801765680313110,0.00174,0.00010,0.00235,0.00290,0.00015,0.00126,0.00849
1403636885.851765871047974,0.00195,0.00012,0.00131,0.00297,0.00002,0.00124,0.00761
1403636885.901766061782837,0.00184,0.00010,0.00004,0.00260,0.00002,0.00111,0.00572
1403636885.951766252517700,0.00176,0.00009,0.00001,0.00259,0.00002,0.00100,0.00548
1403636886.001766204833984,0.00201,0.00010,0.00001,0.00266,0.00000,0.00099,0.00576
1403636886.051766395568848,0.00193,0.00009,0.00233,0.00261,0.00003,0.00102,0.00802
1403636886.101766347885132,0.00177,0.00010,0.00076,0.00262,0.00002,0.00105,0.00632
1403636886.151766538619995,0.00178,0.00009,0.00001,0.00265,0.00000,0.00108,0.00561
1403636886.201766729354858,0.00196,0.00010,0.00001,0.00259,0.00003,0.00101,0.00570
1403636886.251766920089722,0.00177,0.00010,0.00001,0.00261,0.00000,0.00104,0.00552
1403636886.301766872406006,0.00190,0.00015,0.00036,0.00258,0.00002,0.00123,0.00624
1403636886.351767063140869,0.00198,0.00012,0.00001,0.00290,0.00002,0.00094,0.00597
1403636886.401767015457153,0.00218,0.00014,0.00224,0.00255,0.00013,0.00134,0.00858
1403636886.451767444610596,0.00196,0.00012,0.00126,0.00266,0.00004,0.00147,0.00751
1403636886.501767635345459,0.00228,0.00015,0.00004,0.00258,0.00002,0.00126,0.00633
1403636886.551767587661743,0.00175,0.00010,0.00001,0.00258,0.00003,0.00108,0.00554
1403636886.601767539978027,0.00223,0.00009,0.00001,0.00254,0.00000,0.00102,0.00589
1403636886.651767730712891,0.00206,0.00009,0.00235,0.00296,0.00003,0.00099,0.00848
1403636886.701768159866333,0.00179,0.00009,0.00075,0.00258,0.00002,0.00167,0.00691
1403636886.751768112182617,0.00169,0.00011,0.00001,0.00265,0.00000,0.00108,0.00555
1403636886.801768064498901,0.00210,0.00015,0.00001,0.00269,0.00003,0.00148,0.00646
1403636886.851768016815186,0.00199,0.00010,0.00001,0.00264,0.00000,0.00114,0.00587
1403636886.901768207550049,0.00189,0.00010,0.00034,0.00287,0.00004,0.00141,0.00664
1403636886.951768398284912,0.00186,0.00012,0.00001,0.00265,0.00002,0.00128,0.00594
1403636887.001768350601196,0.00185,0.00010,0.00224,0.00261,0.00013,0.00120,0.00813
1403636887.051768302917480,0.00187,0.00010,0.00120,0.00290,0.00004,0.00104,0.00715
1403636887.101768255233765,0.00190,0.00015,0.00004,0.00283,0.00004,0.00125,0.00621
1403636887.151768207550049,0.00215,0.00018,0.00001,0.00284,0.00003,0.00126,0.00646
1403636887.201768398284912,0.00172,0.00010,0.00001,0.00309,0.00000,0.00105,0.00596
1403636887.251768589019775,0.00173,0.00009,0.00235,0.00282,0.00004,0.00127,0.00831
1403636887.301768541336060,0.00195,0.00015,0.00079,0.00258,0.00003,0.00127,0.00676
1403636887.351768493652344,0.00198,0.00010,0.00001,0.00255,0.00000,0.00105,0.00569
1403636887.401768445968628,0.00171,0.00010,0.00001,0.00259,0.00003,0.00105,0.00548
1403636887.451768636703491,0.00182,0.00010,0.00001,0.00288,0.00000,0.00129,0.00609
1403636887.501768589019775,0.00220,0.00020,0.00043,0.00252,0.00002,0.00121,0.00658
1403636887.551768541336060,0.00215,0.00012,0.00001,0.00259,0.00003,0.00117,0.00607
1403636887.601768732070923,0.00200,0.00014,0.00229,0.00253,0.00012,0.00122,0.00831
1403636887.651768684387207,0.00199,0.00012,0.00133,0.00253,0.00002,0.00127,0.00726
1403636887.701769113540649,0.00214,0.00015,0.00001,0.00261,0.00004,0.00133,0.00628
1403636887.751769065856934,0.00200,0.00009,0.00001,0.00253,0.00003,0.00106,0.00573
1403636887.801769018173218,0.00174,0.00010,0.00001,0.00252,0.00000,0.00115,0.00551
1403636887.851769208908081,0.00214,0.00015,0.00240,0.00252,0.00014,0.00103,0.00839
1403636887.901769399642944,0.00178,0.00009,0.00067,0.00265,0.00015,0.00105,0.00640
1403636887.951769590377808,0.00184,0.00009,0.00001,0.00253,0.00000,0.00103,0.00550
1403636888.001769542694092,0.00188,0.00010,0.00001,0.00261,0.00003,0.00101,0.00564
1403636888.051769733428955,0.00172,0.00009,0.00001,0.00255,0.00000,0.00102,0.00539
1403636888.101769685745239,0.00174,0.00010,0.00017,0.00261,0.00015,0.00104,0.00581
1403636888.151769876480103,0.00172,0.00009,0.00001,0.00252,0.00003,0.00102,0.00540
1403636888.201770067214966,0.00169,0.00009,0.00248,0.00270,0.00020,0.00164,0.00881
1403636888.251770019531250,0.00196,0.00012,0.00123,0.00247,0.00004,0.00122,0.00704
1403636888.301769971847534,0.00218,0.00009,0.00001,0.00297,0.00004,0.00104,0.00632
1403636888.351770162582397,0.00181,0.00009,0.00001,0.00252,0.00003,0.00111,0.00556
1403636888.401770114898682,0.00191,0.00015,0.00001,0.00263,0.00000,0.00131,0.00602
1403636888.451770305633545,0.00203,0.00011,0.00236,0.00297,0.00016,0.00129,0.00893
1403636888.501770496368408,0.00180,0.00010,0.00066,0.00259,0.00015,0.00109,0.00639
1403636888.551770448684692,0.00178,0.00009,0.00001,0.00302,0.00000,0.00125,0.00615
1403636888.601769924163818,0.00225,0.00010,0.00008,0.00246,0.00002,0.00099,0.00590
1403636888.651769399642944,0.00185,0.00009,0.00001,0.00241,0.00000,0.00100,0.00536
1403636888.701768398284912,0.00185,0.00010,0.00016,0.00244,0.00016,0.00101,0.00572
1403636888.751767158508301,0.00187,0.00009,0.00003,0.00243,0.00002,0.00103,0.00548
1403636888.801770210266113,0.00252,0.00015,0.00226,0.00232,0.00019,0.00133,0.00876
1403636888.851771116256714,0.00236,0.00012,0.00117,0.00246,0.00009,0.00130,0.00749
1403636888.901773452758789,0.00188,0.00009,0.00001,0.00230,0.00004,0.00109,0.00541
1403636888.951773881912231,0.00237,0.00009,0.00004,0.00229,0.00002,0.00125,0.00607
1403636889.001772880554199,0.00217,0.00010,0.00001,0.00227,0.00000,0.00096,0.00550
1403636889.051774263381958,0.00177,0.00009,0.00221,0.00229,0.00017,0.00097,0.00751
1403636889.101774215698242,0.00170,0.00009,0.00058,0.00217,0.00021,0.00102,0.00577
1403636889.151774168014526,0.00192,0.00009,0.00003,0.00225,0.00000,0.00104,0.00534
1403636889.201773643493652,0.00253,0.00010,0.00003,0.00225,0.00002,0.00106,0.00599
1403636889.251774072647095,0.00194,0.00009,0.00001,0.00229,0.00000,0.00098,0.00532
1403636889.301774978637695,0.00197,0.00009,0.00011,0.00261,0.00019,0.00171,0.00669
1403636889.351776123046875,0.00204,0.00011,0.00004,0.00220,0.00003,0.00123,0.00565
1403636889.401777267456055,0.00175,0.00010,0.00079,0.00260,0.00157,0.00095,0.00776
1403636889.451777935028076,0.00182,0.00010,0.00106,0.00237,0.00006,0.00108,0.00648
1403636889.501777887344360,0.00182,0.00010,0.00001,0.00236,0.00005,0.00100,0.00533
1403636889.551778316497803,0.00189,0.00009,0.00001,0.00235,0.00004,0.00101,0.00538
1403636889.601778268814087,0.00264,0.00014,0.00025,0.00228,0.00000,0.00130,0.00662
1403636889.651778221130371,0.00246,0.00011,0.00226,0.00218,0.00019,0.00127,0.00847
1403636889.701778411865234,0.00208,0.00009,0.00055,0.00217,0.00018,0.00108,0.00615
1403636889.751778841018677,0.00558,0.00009,0.00007,0.00217,0.00012,0.00096,0.00899
1403636889.801778793334961,0.00227,0.00009,0.00001,0.00219,0.00002,0.00097,0.00555
1403636889.851778984069824,0.00209,0.00010,0.00001,0.00240,0.00000,0.00109,0.00568
1403636889.901779174804688,0.00230,0.00010,0.00001,0.00217,0.00022,0.00097,0.00577
1403636889.951779842376709,0.00222,0.00009,0.00001,0.00225,0.00002,0.00094,0.00553
1403636890.001780271530151,0.00233,0.00009,0.00009,0.00213,0.00089,0.00101,0.00655
1403636890.051779508590698,0.00246,0.00009,0.00008,0.00227,0.00083,0.00092,0.00666
1403636890.101778984069824,0.00192,0.00013,0.00001,0.00240,0.00004,0.00097,0.00546
1403636890.151780366897583,0.00180,0.00009,0.00001,0.00240,0.00004,0.00099,0.00533
1403636890.201782703399658,0.00204,0.00017,0.00021,0.00249,0.00032,0.00126,0.00651
1403636890.251785278320312,0.00222,0.00012,0.00164,0.00234,0.00115,0.00120,0.00867
1403636890.301785469055176,0.00177,0.00011,0.00050,0.00252,0.00019,0.00101,0.00610
1403636890.351785421371460,0.00175,0.00009,0.00003,0.00253,0.00009,0.00094,0.00544
1403636890.401784420013428,0.00182,0.00010,0.00001,0.00254,0.00002,0.00097,0.00547
1403636890.451782464981079,0.00176,0.00010,0.00001,0.00254,0.00000,0.00097,0.00538
1403636890.501779317855835,0.00179,0.00010,0.00006,0.00259,0.00019,0.00119,0.00591
1403636890.551776885986328,0.00189,0.00011,0.00001,0.00253,0.00002,0.00111,0.00569
1403636890.601776123046875,0.00189,0.00009,0.00014,0.00259,0.00019,0.00101,0.00592
1403636890.651776075363159,0.00187,0.00009,0.00010,0.00260,0.00008,0.00098,0.00573
1403636890.701776027679443,0.00178,0.00010,0.00001,0.00252,0.00004,0.00102,0.00548
1403636890.751776218414307,0.00195,0.00013,0.00001,0.00269,0.00005,0.00129,0.00613
1403636890.801777839660645,0.00168,0.00010,0.00014,0.00254,0.00008,0.00099,0.00551
1403636890.851778268814087,0.00192,0.00011,0.00165,0.00247,0.00017,0.00149,0.00780
1403636890.901779890060425,0.00184,0.00010,0.00052,0.00264,0.00019,0.00105,0.00634
1403636890.951782226562500,0.00181,0.00009,0.00003,0.00260,0.00009,0.00091,0.00552
1403636891.001783370971680,0.00176,0.00009,0.00001,0.00257,0.00002,0.00103,0.00549
1403636891.051783800125122,0.00187,0.00009,0.00001,0.00250,0.00000,0.00094,0.00542
1403636891.101783990859985,0.00177,0.00009,0.00007,0.00256,0.00019,0.00149,0.00617
1403636891.151784181594849,0.00193,0.00011,0.00001,0.00260,0.00002,0.00125,0.00594
1403636891.201784610748291,0.00170,0.00009,0.00013,0.00249,0.00017,0.00107,0.00566
1403636891.251784801483154,0.00178,0.00009,0.00010,0.00301,0.00008,0.00092,0.00599
1403636891.301784992218018,0.00175,0.00010,0.00001,0.00255,0.00004,0.00100,0.00544
1403636891.351785182952881,0.00172,0.00009,0.00001,0.00253,0.00004,0.00098,0.00536
1403636891.401785373687744,0.00173,0.00009,0.00011,0.00255,0.00007,0.00098,0.00554
1403636891.451785802841187,0.00167,0.00009,0.00156,0.00251,0.00017,0.00095,0.00696
1403636891.501785993576050,0.00176,0.00009,0.00051,0.00249,0.00020,0.00095,0.00600
1403636891.551786184310913,0.00197,0.00016,0.00006,0.00281,0.00008,0.00111,0.00618
1403636891.601786136627197,0.00176,0.00009,0.00001,0.00257,0.00003,0.00101,0.00547
1403636891.651786327362061,0.00174,0.00009,0.00001,0.00319,0.00000,0.00107,0.00609
1403636891.701786518096924,0.00170,0.00012,0.00006,0.00251,0.00019,0.00147,0.00606
1403636891.751786470413208,0.00234,0.00011,0.00001,0.00248,0.00002,0.00118,0.00615
1403636891.801786422729492,0.00192,0.00018,0.00014,0.00252,0.00018,0.00102,0.00595
1403636891.851786375045776,0.00188,0.00009,0.00009,0.00278,0.00012,0.00099,0.00596
1403636891.901786327362061,0.00174,0.00009,0.00001,0.00274,0.00005,0.00120,0.00583
1403636891.951786518096924,0.00175,0.00010,0.00001,0.00254,0.00004,0.00090,0.00535
1403636892.001786708831787,0.00193,0.00013,0.00013,0.00262,0.00006,0.00123,0.00611
1403636892.051786661148071,0.00179,0.00009,0.00159,0.00248,0.00017,0.00106,0.00719
1403636892.101786613464355,0.00185,0.00009,0.00051,0.00279,0.00023,0.00125,0.00672
1403636892.151786565780640,0.00211,0.00017,0.00006,0.00280,0.00008,0.00118,0.00640
1403636892.201786756515503,0.00172,0.00015,0.00001,0.00257,0.00003,0.00125,0.00572
1403636892.251786708831787,0.00198,0.00011,0.00001,0.00259,0.00000,0.00128,0.00597
1403636892.301786899566650,0.00185,0.00018,0.00008,0.00255,0.00019,0.00112,0.00597
1403636892.351786851882935,0.00199,0.00011,0.00001,0.00269,0.00003,0.00117,0.00600
1403636892.401786804199219,0.00176,0.00009,0.00013,0.00253,0.00018,0.00102,0.00571
1403636892.451786994934082,0.00173,0.00010,0.00009,0.00251,0.00008,0.00099,0.00550
1403636892.501786947250366,0.00195,0.00018,0.00001,0.00258,0.00005,0.00112,0.00588
1403636892.551786899566650,0.00190,0.00011,0.00001,0.00259,0.00004,0.00128,0.00593
1403636892.601786851882935,0.00178,0.00010,0.00012,0.00250,0.00006,0.00108,0.00564
1403636892.651786804199219,0.00168,0.00016,0.00199,0.00237,0.00016,0.00117,0.00753
1403636892.701786994934082,0.00181,0.00018,0.00061,0.00243,0.00020,0.00128,0.00651
1403636892.751787424087524,0.00195,0.00012,0.00001,0.00251,0.00011,0.00132,0.00601
1403636892.801787376403809,0.00187,0.00011,0.00001,0.00250,0.00003,0.00108,0.00560
1403636892.851787567138672,0.00172,0.00009,0.00003,0.00256,0.00000,0.00097,0.00538
1403636892.951787710189819,0.00173,0.00015,0.00005,0.00243,0.00020,0.00099,0.00554
1403636893.001787662506104,0.00173,0.00009,0.00001,0.00250,0.00003,0.00093,0.00528
1403636893.051787853240967,0.00183,0.00009,0.00014,0.00247,0.00019,0.00100,0.00573
1403636893.101787805557251,0.00168,0.00009,0.00008,0.00244,0.00009,0.00157,0.00595
1403636893.151787757873535,0.00185,0.00014,0.00001,0.00246,0.00004,0.00118,0.00567
1403636893.201787948608398,0.00183,0.00009,0.00001,0.00249,0.00004,0.00102,0.00548
1403636893.251787662506104,0.00173,0.00009,0.00011,0.00242,0.00007,0.00097,0.00540
1403636893.301787853240967,0.00173,0.00009,0.00085,0.00265,0.00097,0.00094,0.00723
1403636893.351787805557251,0.00177,0.00009,0.00049,0.00301,0.00020,0.00101,0.00657
1403636893.401787757873535,0.00164,0.00009,0.00003,0.00299,0.00009,0.00091,0.00576
1403636893.451787948608398,0.00170,0.00010,0.00001,0.00291,0.00004,0.00100,0.00575
1403636893.501787900924683,0.00177,0.00009,0.00001,0.00257,0.00000,0.00092,0.00537
1403636893.551787853240967,0.00168,0.00010,0.00007,0.00255,0.00017,0.00092,0.00549
1403636893.601787805557251,0.00166,0.00009,0.00001,0.00258,0.00002,0.00095,0.00530
1403636893.651787757873535,0.00179,0.00009,0.00016,0.00258,0.00017,0.00095,0.00575
1403636893.701787948608398,0.00186,0.00010,0.00009,0.00292,0.00012,0.00134,0.00642
1403636893.751787900924683,0.00148,0.00011,0.00001,0.00258,0.00004,0.00093,0.00515
1403636893.801787853240967,0.00191,0.00012,0.00001,0.00274,0.00004,0.00144,0.00625
1403636893.851788043975830,0.00185,0.00009,0.00012,0.00262,0.00006,0.00112,0.00587
1403636893.901788234710693,0.00185,0.00012,0.00089,0.00258,0.00017,0.00136,0.00697
1403636893.951788425445557,0.00192,0.00013,0.00052,0.00256,0.00018,0.00124,0.00654
1403636894.001788377761841,0.00170,0.00009,0.00004,0.00257,0.00008,0.00108,0.00557
1403636894.051788568496704,0.00179,0.00009,0.00001,0.00260,0.00002,0.00100,0.00552
1403636894.101788520812988,0.00181,0.00009,0.00001,0.00260,0.00000,0.00101,0.00552
1403636894.151788473129272,0.00181,0.00018,0.00007,0.00260,0.00018,0.00116,0.00601
1403636894.201788663864136,0.00187,0.00017,0.00001,0.00258,0.00003,0.00095,0.00561
1403636894.251788616180420,0.00194,0.00015,0.00013,0.00260,0.00021,0.00091,0.00594
1403636894.301788568496704,0.00192,0.00011,0.00009,0.00273,0.00008,0.00119,0.00613
1403636894.351788520812988,0.00185,0.00013,0.00001,0.00255,0.00004,0.00112,0.00571
1403636894.401788711547852,0.00179,0.00011,0.00001,0.00270,0.00004,0.00123,0.00587
1403636894.451788902282715,0.00173,0.00010,0.00012,0.00262,0.00006,0.00111,0.00575
1403636894.501788854598999,0.00166,0.00009,0.00084,0.00253,0.00017,0.00102,0.00632
1403636894.551788806915283,0.00184,0.00014,0.00057,0.00257,0.00019,0.00128,0.00658
1403636894.601788759231567,0.00200,0.00011,0.00004,0.00263,0.00008,0.00119,0.00605
1403636894.651788711547852,0.00173,0.00014,0.00001,0.00266,0.00003,0.00122,0.00579
1403636894.701789140701294,0.00193,0.00011,0.00001,0.00268,0.00000,0.00131,0.00604
1403636894.751789093017578,0.00176,0.00010,0.00006,0.00262,0.00020,0.00102,0.00577
1403636894.801789045333862,0.00191,0.00016,0.00001,0.00265,0.00003,0.00098,0.00573
1403636894.851788759231567,0.00192,0.00014,0.00013,0.00265,0.00019,0.00126,0.00630
1403636894.901788949966431,0.00181,0.00011,0.00009,0.00259,0.00008,0.00120,0.00588
1403636894.951789140701294,0.00185,0.00009,0.00001,0.00263,0.00004,0.00105,0.00567
1403636895.001789093017578,0.00176,0.00011,0.00001,0.00264,0.00004,0.00127,0.00583
1403636895.051789045333862,0.00195,0.00014,0.00012,0.00261,0.00006,0.00124,0.00611
1403636895.101789236068726,0.00207,0.00014,0.00086,0.00251,0.00017,0.00130,0.00704
1403636895.151789188385010,0.00171,0.00009,0.00048,0.00288,0.00027,0.00096,0.00639
1403636895.201789379119873,0.00169,0.00009,0.00003,0.00258,0.00009,0.00093,0.00542
1403636895.251789331436157,0.00173,0.00009,0.00001,0.00257,0.00002,0.00101,0.00544
1403636895.301789283752441,0.00174,0.00009,0.00001,0.00262,0.00000,0.00100,0.00546
1403636895.351789474487305,0.00189,0.00014,0.00007,0.00265,0.00019,0.00126,0.00621
1403636895.401789426803589,0.00152,0.00010,0.00001,0.00260,0.00003,0.00098,0.00524
1403636895.451789617538452,0.00190,0.00013,0.00014,0.00264,0.00018,0.00127,0.00626
1403636895.501789569854736,0.00169,0.00009,0.00010,0.00302,0.00008,0.00094,0.00592
1403636895.551789522171021,0.00168,0.00009,0.00001,0.00260,0.00004,0.00115,0.00557
1403636895.601789474487305,0.00172,0.00009,0.00001,0.00257,0.00004,0.00097,0.00539
1403636895.651789426803589,0.00164,0.00009,0.00012,0.00255,0.00006,0.00099,0.00545
1403636895.701789617538452,0.00172,0.00009,0.00084,0.00255,0.00017,0.00094,0.00632
1403636895.751789569854736,0.00204,0.00009,0.00049,0.00260,0.00018,0.00097,0.00638
1403636895.801789760589600,0.00179,0.00009,0.00003,0.00259,0.00009,0.00100,0.00559
1403636895.851789712905884,0.00165,0.00009,0.00001,0.00255,0.00002,0.00094,0.00528
1403636895.901789665222168,0.00176,0.00009,0.00001,0.00260,0.00000,0.00096,0.00541
1403636895.951789855957031,0.00194,0.00015,0.00008,0.00260,0.00018,0.00115,0.00609
1403636896.001789808273315,0.00205,0.00011,0.00001,0.00268,0.00003,0.00163,0.00651
1403636896.051789760589600,0.00183,0.00013,0.00014,0.00261,0.00018,0.00123,0.00611
1403636896.101789474487305,0.00168,0.00009,0.00009,0.00259,0.00008,0.00108,0.00560
1403636896.151788949966431,0.00184,0.00010,0.00001,0.00307,0.00004,0.00095,0.00601
1403636896.201789379119873,0.00211,0.00009,0.00001,0.00253,0.00005,0.00152,0.00631
1403636896.251789569854736,0.00190,0.00013,0.00011,0.00256,0.00006,0.00118,0.00594
1403636896.301789522171021,0.00169,0.00009,0.00084,0.00255,0.00018,0.00097,0.00632
1403636896.351789951324463,0.00186,0.00014,0.00052,0.00256,0.00018,0.00119,0.00645
1403636896.401790380477905,0.00194,0.00011,0.00004,0.00263,0.00009,0.00125,0.00606
1403636896.451790332794189,0.00180,0.00009,0.00001,0.00267,0.00003,0.00102,0.00562
1403636896.501790523529053,0.00209,0.00009,0.00001,0.00265,0.00000,0.00094,0.00578
1403636896.551789999008179,0.00209,0.00016,0.00008,0.00250,0.00017,0.00099,0.00599
1403636896.601789712905884,0.00158,0.00009,0.00001,0.00263,0.00003,0.00097,0.00531
1403636896.651789665222168,0.00203,0.00014,0.00015,0.00265,0.00018,0.00138,0.00654
1403636896.701789617538452,0.00210,0.00011,0.00010,0.00262,0.00008,0.00116,0.00617
1403636896.751789569854736,0.00174,0.00009,0.00001,0.00257,0.00009,0.00104,0.00553
1403636896.801788568496704,0.00166,0.00009,0.00001,0.00258,0.00004,0.00098,0.00536
1403636896.851788520812988,0.00209,0.00009,0.00011,0.00249,0.00007,0.00096,0.00581
1403636896.901788234710693,0.00166,0.00009,0.00091,0.00250,0.00018,0.00102,0.00635
1403636896.951788663864136,0.00171,0.00009,0.00053,0.00253,0.00020,0.00144,0.00651
1403636897.001788616180420,0.00197,0.00011,0.00001,0.00249,0.00011,0.00113,0.00582
1403636897.051789283752441,0.00171,0.00009,0.00001,0.00252,0.00003,0.00099,0.00536
1403636897.101788282394409,0.00190,0.00009,0.00001,0.00251,0.00000,0.00101,0.00552
1403636897.151789188385010,0.00174,0.00025,0.00008,0.00256,0.00020,0.00119,0.00602
1403636897.201789140701294,0.00205,0.00011,0.00001,0.00253,0.00003,0.00124,0.00597
1403636897.251785039901733,0.00185,0.00009,0.00013,0.00251,0.00021,0.00105,0.00585
1403636897.301784753799438,0.00191,0.00009,0.00062,0.00249,0.00010,0.00098,0.00619
1403636897.351785421371460,0.00203,0.00014,0.00001,0.00245,0.00005,0.00115,0.00582
1403636897.401786327362061,0.00204,0.00009,0.00027,0.00215,0.00005,0.00086,0.00545
1403636897.451780796051025,0.00202,0.00013,0.00125,0.00172,0.00137,0.00118,0.00767
1403636897.501781702041626,0.00257,0.00009,0.00217,0.00158,0.00026,0.00129,0.00798
1403636897.551783323287964,0.00226,0.00014,0.00091,0.00150,0.00040,0.00112,0.00633
1403636897.601787090301514,0.00225,0.00013,0.00023,0.00162,0.00007,0.00094,0.00525
1403636897.651789426803589,0.00243,0.00012,0.00020,0.00158,0.00038,0.00096,0.00567
1403636897.701790332794189,0.00215,0.00012,0.00022,0.00194,0.00001,0.00134,0.00577
1403636897.751790285110474,0.00213,0.00013,0.00026,0.00151,0.00056,0.00122,0.00580
1403636897.801788806915283,0.00288,0.00012,0.00035,0.00149,0.00035,0.00106,0.00626
1403636897.851787805557251,0.00221,0.00013,0.00039,0.00141,0.00106,0.00106,0.00626
1403636897.901788949966431,0.00227,0.00012,0.00017,0.00164,0.00051,0.00117,0.00588
1403636897.951794385910034,0.00179,0.00015,0.00043,0.00120,0.00036,0.00089,0.00482
1403636898.001795291900635,0.00226,0.00015,0.00080,0.00120,0.00000,0.00090,0.00531
1403636898.051793575286865,0.00204,0.00013,0.00030,0.00114,0.00254,0.00133,0.00748
1403636898.101788759231567,0.00191,0.00009,0.00053,0.00099,0.00177,0.00111,0.00640
1403636898.151775360107422,0.00207,0.00014,0.00300,0.00113,0.00312,0.00094,0.01040
1403636898.201770067214966,0.00210,0.00015,0.00095,0.00118,0.00146,0.00123,0.00707
1403636898.251769781112671,0.00195,0.00013,0.00010,0.00156,0.00034,0.00104,0.00512
1403636898.301769733428955,0.00214,0.00011,0.00092,0.00154,0.00000,0.00121,0.00593
1403636898.351772785186768,0.00267,0.00015,0.00139,0.00154,0.00260,0.00119,0.00953
1403636898.401772737503052,0.00198,0.00012,0.00017,0.00186,0.00000,0.00104,0.00518
1403636898.451771974563599,0.00184,0.00012,0.00026,0.00172,0.00019,0.00097,0.00510
1403636898.501772642135620,0.00238,0.00009,0.00047,0.00153,0.00042,0.00102,0.00591
1403636898.551772594451904,0.00247,0.00011,0.00046,0.00138,0.00031,0.00103,0.00576
1403636898.601773738861084,0.00217,0.00013,0.00089,0.00134,0.00038,0.00130,0.00620
1403636898.651773929595947,0.00203,0.00012,0.00039,0.00134,0.00096,0.00096,0.00580
1403636898.701774597167969,0.00196,0.00009,0.00019,0.00133,0.00059,0.00097,0.00512
1403636898.751774549484253,0.00192,0.00011,0.00015,0.00121,0.00089,0.00097,0.00525
1403636898.801773786544800,0.00243,0.00011,0.00043,0.00125,0.00149,0.00098,0.00669
1403636898.851773500442505,0.00221,0.00017,0.00060,0.00139,0.00000,0.00135,0.00573
1403636898.951773405075073,0.00229,0.00020,0.00078,0.00137,0.00529,0.00098,0.01090
1403636899.001774311065674,0.00236,0.00013,0.00007,0.00174,0.00013,0.00096,0.00538
1403636899.051776170730591,0.00253,0.00016,0.00080,0.00163,0.00000,0.00134,0.00647
1403636899.101778030395508,0.00196,0.00009,0.00011,0.00170,0.00232,0.00104,0.00721
1403636899.151777505874634,0.00234,0.00013,0.00229,0.00167,0.00394,0.00113,0.01149
1403636899.201780319213867,0.00265,0.00015,0.00045,0.00199,0.00000,0.00113,0.00637
1403636899.251781702041626,0.00206,0.00012,0.00031,0.00171,0.00000,0.00094,0.00515
1403636899.301783323287964,0.00286,0.00015,0.00078,0.00159,0.00009,0.00117,0.00664
1403636899.351785182952881,0.00238,0.00011,0.00062,0.00129,0.00020,0.00154,0.00614
1403636899.401790618896484,0.00198,0.00011,0.00052,0.00103,0.00259,0.00101,0.00723
1403636899.451793909072876,0.00275,0.00011,0.00045,0.00095,0.00007,0.00139,0.00573
1403636899.501796960830688,0.00199,0.00010,0.00020,0.00094,0.00007,0.00123,0.00453
1403636899.551801443099976,0.00198,0.00014,0.00021,0.00090,0.00468,0.00115,0.00907
1403636899.601802825927734,0.00279,0.00015,0.00011,0.00142,0.00008,0.00122,0.00578
1403636899.651803731918335,0.00229,0.00014,0.00032,0.00132,0.00029,0.00108,0.00544
1403636899.701803445816040,0.00214,0.00014,0.00033,0.00124,0.00016,0.00117,0.00518
1403636899.751801729202271,0.00198,0.00012,0.00012,0.00121,0.00065,0.00095,0.00503
1403636899.851798534393311,0.00201,0.00014,0.00032,0.00121,0.00007,0.00093,0.00469
1403636899.901799201965332,0.00232,0.00014,0.00010,0.00115,0.00584,0.00114,0.01068
1403636899.951797485351562,0.00227,0.00015,0.00039,0.00182,0.00000,0.00118,0.00582
1403636900.001797676086426,0.00195,0.00012,0.00040,0.00154,0.00036,0.00101,0.00538
1403636900.051796197891235,0.00200,0.00012,0.00047,0.00159,0.00429,0.00094,0.00941
1403636900.101795911788940,0.00194,0.00012,0.00011,0.00212,0.00009,0.00096,0.00534
1403636900.151796579360962,0.00239,0.00019,0.00006,0.00202,0.00000,0.00104,0.00569
1403636900.201797246932983,0.00240,0.00012,0.00006,0.00165,0.00097,0.00103,0.00624
1403636900.251797199249268,0.00221,0.00012,0.00034,0.00176,0.00000,0.00124,0.00567
1403636900.301797866821289,0.00221,0.00010,0.00022,0.00162,0.00020,0.00120,0.00556
1403636900.351799011230469,0.00205,0.00015,0.00061,0.00183,0.00158,0.00119,0.00741
1403636900.401799917221069,0.00217,0.00016,0.00023,0.00208,0.00015,0.00117,0.00595
1403636900.451803922653198,0.00260,0.00015,0.00030,0.00194,0.00347,0.00112,0.00956
1403636900.501804113388062,0.00205,0.00013,0.00040,0.00229,0.00111,0.00112,0.00710
1403636900.551804542541504,0.00211,0.00010,0.00004,0.00251,0.00076,0.00103,0.00655
1403636900.601805448532104,0.00211,0.00012,0.00054,0.00244,0.00000,0.00115,0.00637
1403636900.651807069778442,0.00204,0.00014,0.00024,0.00232,0.00142,0.00097,0.00712
1403636900.701808929443359,0.00211,0.00013,0.00025,0.00262,0.00156,0.00100,0.00766
1403636900.751808881759644,0.00189,0.00013,0.00107,0.00305,0.00016,0.00089,0.00720
1403636900.801809549331665,0.00218,0.00016,0.00041,0.00302,0.00058,0.00107,0.00742
1403636900.851808547973633,0.00234,0.00015,0.00020,0.00316,0.00000,0.00123,0.00709
1403636900.901809692382812,0.00210,0.00016,0.00020,0.00293,0.00019,0.00119,0.00677
1403636900.951811552047729,0.00224,0.00015,0.00006,0.00325,0.00006,0.00088,0.00665
1403636901.001811742782593,0.00210,0.00015,0.00050,0.00294,0.00145,0.00134,0.00849
1403636901.051811933517456,0.00216,0.00012,0.00003,0.00299,0.00006,0.00096,0.00632
1403636901.101812124252319,0.00200,0.00012,0.00091,0.00274,0.00065,0.00091,0.00733
1403636901.151810169219971,0.00250,0.00013,0.00013,0.00295,0.00094,0.00090,0.00755
1403636901.201810359954834,0.00200,0.00013,0.00010,0.00281,0.00010,0.00094,0.00609
1403636901.251809835433960,0.00227,0.00010,0.00053,0.00292,0.00022,0.00099,0.00704
1403636901.301809072494507,0.00200,0.00011,0.00018,0.00281,0.00013,0.00090,0.00613
1403636901.351808547973633,0.00214,0.00013,0.00030,0.00249,0.00085,0.00090,0.00680
1403636901.401810407638550,0.00241,0.00010,0.00046,0.00259,0.00016,0.00090,0.00663
1403636901.451812505722046,0.00239,0.00013,0.00010,0.00241,0.00021,0.00092,0.00616
1403636901.501812458038330,0.00208,0.00010,0.00019,0.00260,0.00036,0.00110,0.00643
1403636901.551813602447510,0.00256,0.00014,0.00006,0.00278,0.00014,0.00126,0.00694
1403636901.601813554763794,0.00229,0.00016,0.00012,0.00264,0.00052,0.00117,0.00691
1403636901.651815652847290,0.00265,0.00016,0.00015,0.00270,0.00016,0.00123,0.00706
1403636901.701817512512207,0.00231,0.00016,0.00017,0.00252,0.00058,0.00117,0.00690
1403636901.751817226409912,0.00221,0.00012,0.00010,0.00287,0.00000,0.00119,0.00651
1403636901.801815748214722,0.00197,0.00013,0.00060,0.00249,0.00144,0.00102,0.00765
1403636901.851816654205322,0.00252,0.00019,0.00060,0.00270,0.00034,0.00123,0.00758
1403636901.901815652847290,0.00215,0.00014,0.00024,0.00267,0.00082,0.00115,0.00717
1403636901.951815128326416,0.00196,0.00011,0.00128,0.00274,0.00022,0.00099,0.00730
1403636902.001814603805542,0.00204,0.00011,0.00011,0.00260,0.00054,0.00103,0.00644
1403636902.051814079284668,0.00199,0.00009,0.00006,0.00261,0.00247,0.00089,0.00810
1403636902.101813793182373,0.00203,0.00012,0.00073,0.00279,0.00007,0.00102,0.00675
1403636902.151813745498657,0.00249,0.00010,0.00010,0.00257,0.00013,0.00091,0.00630
1403636902.201814651489258,0.00210,0.00011,0.00010,0.00258,0.00129,0.00097,0.00716
1403636902.251815080642700,0.00212,0.00013,0.00006,0.00239,0.00017,0.00094,0.00582
1403636902.301815509796143,0.00197,0.00010,0.00012,0.00231,0.00024,0.00101,0.00575
1403636902.351815462112427,0.00204,0.00012,0.00004,0.00243,0.00000,0.00101,0.00564
1403636902.401816368103027,0.00197,0.00011,0.00150,0.00242,0.00499,0.00125,0.01223
1403636902.451817512512207,0.00215,0.00013,0.00072,0.00322,0.00027,0.00111,0.00760
1403636902.501818656921387,0.00200,0.00011,0.00007,0.00262,0.00087,0.00101,0.00668
1403636902.551820516586304,0.00218,0.00017,0.00085,0.00204,0.00073,0.00117,0.00714
1403636902.601822376251221,0.00229,0.00013,0.00004,0.00205,0.00010,0.00088,0.00550
1403636902.651819705963135,0.00287,0.00016,0.00022,0.00205,0.00024,0.00125,0.00681
1403636902.701814413070679,0.00246,0.00016,0.00017,0.00200,0.00386,0.00122,0.00987
1403636902.751805543899536,0.00270,0.00014,0.00014,0.00291,0.00039,0.00092,0.00720
1403636902.801803350448608,0.00231,0.00015,0.00007,0.00245,0.00030,0.00127,0.00655
1403636902.851797580718994,0.00206,0.00012,0.00003,0.00254,0.00020,0.00115,0.00609
1403636902.901793718338013,0.00205,0.00011,0.00001,0.00252,0.00008,0.00100,0.00576
1403636902.951794862747192,0.00238,0.00016,0.00004,0.00254,0.00000,0.00143,0.00654
1403636903.001794099807739,0.00230,0.00012,0.00033,0.00228,0.00228,0.00104,0.00835
1403636903.051793813705444,0.00221,0.00010,0.00010,0.00262,0.00083,0.00102,0.00689
1403636903.101791858673096,0.00232,0.00016,0.00017,0.00336,0.00010,0.00133,0.00745
1403636903.151794195175171,0.00254,0.00013,0.00028,0.00279,0.00096,0.00120,0.00790
1403636903.201797962188721,0.00203,0.00010,0.00349,0.00278,0.00145,0.00099,0.01084
1403636903.251797437667847,0.00185,0.00009,0.00001,0.00313,0.00022,0.00171,0.00702
1403636903.301797151565552,0.00207,0.00012,0.00032,0.00321,0.00093,0.00098,0.00763
1403636903.351796627044678,0.00188,0.00010,0.00003,0.00275,0.00013,0.00096,0.00585
1403636903.401796102523804,0.00221,0.00009,0.00006,0.00249,0.00047,0.00088,0.00620
1403636903.451795339584351,0.00171,0.00009,0.00003,0.00244,0.00027,0.00085,0.00541
1403636903.501794815063477,0.00163,0.00010,0.00007,0.00236,0.00028,0.00128,0.00573
1403636903.551794528961182,0.00194,0.00009,0.00006,0.00244,0.00000,0.00092,0.00547
1403636903.601794242858887,0.00214,0.00012,0.00008,0.00316,0.00105,0.00087,0.00743
1403636903.651793718338013,0.00210,0.00009,0.00028,0.00213,0.00038,0.00091,0.00590
1403636903.701793670654297,0.00191,0.00010,0.00022,0.00212,0.00050,0.00087,0.00572
1403636903.751793622970581,0.00205,0.00012,0.00005,0.00195,0.00082,0.00102,0.00601
1403636903.801794290542603,0.00187,0.00010,0.00140,0.00205,0.00383,0.00125,0.01050
1403636903.851795911788940,0.00214,0.00011,0.00014,0.00245,0.00014,0.00115,0.00613
1403636903.901796340942383,0.00179,0.00010,0.00005,0.00230,0.00014,0.00101,0.00540
1403636903.951795816421509,0.00195,0.00011,0.00005,0.00191,0.00004,0.00093,0.00500
1403636904.001795530319214,0.00203,0.00010,0.00044,0.00174,0.00095,0.00098,0.00625
1403636904.051795244216919,0.00205,0.00012,0.00025,0.00242,0.00017,0.00096,0.00599
1403636904.101795911788940,0.00202,0.00011,0.00057,0.00231,0.00015,0.00094,0.00610
1403636904.151797056198120,0.00197,0.00009,0.00224,0.00209,0.00817,0.00120,0.01576
1403636904.201797008514404,0.00216,0.00013,0.00001,0.00284,0.00015,0.00091,0.00619
1403636904.251796483993530,0.00244,0.00018,0.00016,0.00264,0.00040,0.00136,0.00718
1403636904.301795959472656,0.00228,0.00014,0.00040,0.00252,0.00021,0.00121,0.00675
1403636904.351793289184570,0.00205,0.00015,0.00023,0.00215,0.00020,0.00102,0.00580
1403636904.401790618896484,0.00259,0.00017,0.00148,0.00195,0.00098,0.00123,0.00841
1403636904.451789617538452,0.00203,0.00010,0.00014,0.00196,0.00028,0.00105,0.00556
1403636904.501785755157471,0.00223,0.00011,0.00002,0.00228,0.00213,0.00122,0.00799
1403636904.551784038543701,0.00222,0.00012,0.00006,0.00237,0.00013,0.00138,0.00628
1403636904.601781845092773,0.00220,0.00013,0.00009,0.00240,0.00009,0.00104,0.00594
1403636904.651782035827637,0.00205,0.00011,0.00021,0.00287,0.00069,0.00140,0.00733
1403636904.701782464981079,0.00206,0.00015,0.00064,0.00223,0.00018,0.00121,0.00646
1403636904.751779317855835,0.00210,0.00019,0.00386,0.00219,0.00442,0.00093,0.01369
1403636904.801778554916382,0.00224,0.00011,0.00002,0.00277,0.00019,0.00137,0.00671
1403636904.851777791976929,0.00220,0.00014,0.00010,0.00250,0.00036,0.00114,0.00643
1403636904.901777267456055,0.00204,0.00012,0.00004,0.00279,0.00020,0.00105,0.00624
1403636904.951776981353760,0.00228,0.00016,0.00025,0.00231,0.00103,0.00134,0.00738
1403636905.001776456832886,0.00202,0.00013,0.00006,0.00216,0.00099,0.00101,0.00637
1403636905.051780223846436,0.00242,0.00022,0.00010,0.00273,0.00037,0.00112,0.00697
1403636905.101780414581299,0.00198,0.00012,0.00031,0.00201,0.00016,0.00095,0.00553
1403636905.151780843734741,0.00206,0.00012,0.00001,0.00219,0.00004,0.00095,0.00537
1403636905.201781749725342,0.00216,0.00011,0.00026,0.00212,0.00014,0.00095,0.00574
1403636905.251781463623047,0.00202,0.00012,0.00001,0.00229,0.00018,0.00094,0.00556
1403636905.301781892776489,0.00211,0.00012,0.00002,0.00222,0.00026,0.00095,0.00567
1403636905.351782560348511,0.00217,0.00012,0.00246,0.00229,0.00525,0.00094,0.01324
1403636905.401783227920532,0.00243,0.00019,0.00002,0.00346,0.00016,0.00122,0.00747
1403636905.451782941818237,0.00216,0.00015,0.00001,0.00329,0.00027,0.00117,0.00705
1403636905.501782417297363,0.00191,0.00014,0.00005,0.00331,0.00094,0.00121,0.00757
1403636905.551782846450806,0.00215,0.00014,0.00001,0.00321,0.00011,0.00115,0.00677
1403636905.601783037185669,0.00240,0.00018,0.00018,0.00318,0.00031,0.00128,0.00754
1403636905.651782274246216,0.00228,0.00015,0.00003,0.00369,0.00013,0.00146,0.00775
1403636905.701780796051025,0.00251,0.00013,0.00006,0.00305,0.00017,0.00110,0.00702
1403636905.751780271530151,0.00229,0.00016,0.00001,0.00374,0.00004,0.00100,0.00724
1403636905.801780700683594,0.00205,0.00013,0.00007,0.00306,0.00009,0.00104,0.00644
1403636905.851780652999878,0.00214,0.00016,0.00013,0.00327,0.00029,0.00123,0.00722
1403636905.901780605316162,0.00227,0.00017,0.00001,0.00331,0.00018,0.00126,0.00721
1403636905.951780557632446,0.00211,0.00018,0.00249,0.00310,0.00110,0.00099,0.00998
1403636906.001779556274414,0.00206,0.00015,0.00004,0.00343,0.00014,0.00133,0.00715
1403636906.051778793334961,0.00227,0.00017,0.00007,0.00331,0.00036,0.00125,0.00743
1403636906.101778507232666,0.00211,0.00014,0.00006,0.00333,0.00079,0.00106,0.00748
1403636906.151777744293213,0.00193,0.00012,0.00415,0.00393,0.00161,0.00126,0.01301
1403636906.201777458190918,0.00235,0.00017,0.00035,0.00363,0.00014,0.00136,0.00800
1403636906.251775979995728,0.00207,0.00013,0.00003,0.00373,0.00022,0.00108,0.00726
1403636906.301773309707642,0.00214,0.00014,0.00006,0.00442,0.00006,0.00096,0.00778
1403636906.351773023605347,0.00199,0.00010,0.00003,0.00333,0.00004,0.00102,0.00652
1403636906.401772260665894,0.00215,0.00013,0.00010,0.00324,0.00001,0.00094,0.00658
1403636906.451770782470703,0.00187,0.00012,0.00010,0.00254,0.00023,0.00097,0.00583
1403636906.501773118972778,0.00202,0.00013,0.00003,0.00309,0.00080,0.00125,0.00732
1403636906.551774740219116,0.00216,0.00013,0.00075,0.00233,0.00182,0.00119,0.00838
1403636906.601774215698242,0.00194,0.00010,0.00002,0.00254,0.00001,0.00105,0.00567
1403636906.651772737503052,0.00195,0.00009,0.00009,0.00250,0.00033,0.00128,0.00625
1403636906.701772451400757,0.00225,0.00014,0.00015,0.00244,0.00031,0.00098,0.00626
1403636906.751770257949829,0.00190,0.00009,0.00226,0.00303,0.00223,0.00090,0.01041
1403636906.801769495010376,0.00193,0.00013,0.00011,0.00309,0.00024,0.00092,0.00643
1403636906.851769924163818,0.00199,0.00009,0.00004,0.00294,0.00014,0.00100,0.00620
1403636906.901769399642944,0.00191,0.00010,0.00001,0.00294,0.00007,0.00093,0.00596
1403636906.951771259307861,0.00204,0.00010,0.00030,0.00295,0.00011,0.00093,0.00642
1403636907.001770496368408,0.00214,0.00014,0.00013,0.00281,0.00015,0.00133,0.00669
1403636907.051770925521851,0.00211,0.00013,0.00010,0.00282,0.00003,0.00116,0.00636
1403636907.101772069931030,0.00185,0.00010,0.00010,0.00258,0.00013,0.00100,0.00576
1403636907.151771306991577,0.00195,0.00012,0.00008,0.00262,0.00085,0.00106,0.00668
1403636907.201769590377808,0.00210,0.00013,0.00016,0.00259,0.00069,0.00127,0.00694
1403636907.251769781112671,0.00212,0.00013,0.00001,0.00276,0.00055,0.00107,0.00664
1403636907.301770210266113,0.00228,0.00016,0.00009,0.00250,0.00026,0.00123,0.00653
1403636907.351770401000977,0.00214,0.00013,0.00148,0.00230,0.00036,0.00117,0.00759
1403636907.401770830154419,0.00244,0.00015,0.00026,0.00233,0.00050,0.00120,0.00689
1403636907.451771020889282,0.00196,0.00015,0.00009,0.00255,0.00029,0.00091,0.00595
1403636907.501770496368408,0.00251,0.00018,0.00011,0.00255,0.00215,0.00115,0.00865
1403636907.551769971847534,0.00193,0.00011,0.00006,0.00282,0.00002,0.00099,0.00593
1403636907.601770162582397,0.00227,0.00013,0.00010,0.00247,0.00025,0.00089,0.00610
1403636907.651770591735840,0.00222,0.00013,0.00004,0.00247,0.00012,0.00096,0.00594
1403636907.701771020889282,0.00209,0.00014,0.00009,0.00238,0.00020,0.00091,0.00581
1403636907.751772880554199,0.00219,0.00010,0.00210,0.00264,0.00232,0.00085,0.01019
1403636907.801772356033325,0.00210,0.00013,0.00014,0.00232,0.00033,0.00097,0.00598
1403636907.851771593093872,0.00184,0.00012,0.00005,0.00269,0.00033,0.00094,0.00598
1403636907.901771306991577,0.00256,0.00019,0.00023,0.00274,0.00057,0.00125,0.00754
1403636907.951775312423706,0.00203,0.00016,0.00074,0.00226,0.00139,0.00093,0.00752
1403636908.001775979995728,0.00220,0.00018,0.00033,0.00216,0.00153,0.00121,0.00760
1403636908.051776409149170,0.00257,0.00018,0.00012,0.00212,0.00008,0.00097,0.00605
1403636908.101775646209717,0.00208,0.00011,0.00008,0.00222,0.00229,0.00151,0.00828
1403636908.151775836944580,0.00210,0.00015,0.00006,0.00241,0.00003,0.00111,0.00585
1403636908.201776266098022,0.00200,0.00009,0.00009,0.00191,0.00188,0.00093,0.00691
1403636908.251775026321411,0.00229,0.00011,0.00036,0.00212,0.00012,0.00098,0.00598
1403636908.301773071289062,0.00202,0.00017,0.00063,0.00208,0.00020,0.00107,0.00617
1403636908.351770639419556,0.00219,0.00014,0.00016,0.00194,0.00198,0.00112,0.00754
1403636908.401768684387207,0.00194,0.00016,0.00004,0.00198,0.00000,0.00120,0.00532
1403636908.451765775680542,0.00243,0.00011,0.00011,0.00197,0.00545,0.00093,0.01100
1403636908.501764774322510,0.00193,0.00012,0.00010,0.00221,0.00016,0.00112,0.00564
1403636908.601763725280762,0.00197,0.00021,0.00001,0.00218,0.00106,0.00117,0.00660
1403636908.651763200759888,0.00188,0.00010,0.00029,0.00197,0.00053,0.00095,0.00572
1403636908.701762914657593,0.00192,0.00009,0.00005,0.00215,0.00267,0.00112,0.00800
1403636908.751763582229614,0.00225,0.00014,0.00022,0.00252,0.00039,0.00117,0.00669
1403636908.801764011383057,0.00242,0.00010,0.00059,0.00242,0.00002,0.00096,0.00651
1403636908.851765632629395,0.00209,0.00010,0.00010,0.00301,0.00251,0.00123,0.00905
1403636908.901766061782837,0.00240,0.00010,0.00001,0.00249,0.00003,0.00096,0.00599
1403636908.951766014099121,0.00222,0.00015,0.00019,0.00240,0.00017,0.00109,0.00623
1403636909.001765012741089,0.00216,0.00015,0.00037,0.00222,0.00009,0.00116,0.00615
1403636909.051764726638794,0.00191,0.00013,0.00021,0.00186,0.00219,0.00098,0.00728
1403636909.101764440536499,0.00216,0.00010,0.00011,0.00199,0.00037,0.00094,0.00566
1403636909.151764154434204,0.00206,0.00019,0.00018,0.00216,0.00029,0.00099,0.00587
1403636909.201763629913330,0.00192,0.00011,0.00014,0.00192,0.00546,0.00128,0.01084
1403636909.251762866973877,0.00209,0.00014,0.00028,0.00268,0.00168,0.00104,0.00791
1403636909.301762819290161,0.00199,0.00014,0.00006,0.00261,0.00089,0.00112,0.00682
1403636909.351763248443604,0.00244,0.00016,0.00017,0.00277,0.00003,0.00115,0.00672
1403636909.401763439178467,0.00221,0.00013,0.00007,0.00329,0.00003,0.00115,0.00689
1403636909.451763391494751,0.00197,0.00013,0.00028,0.00236,0.00117,0.00094,0.00685
1403636909.501764059066772,0.00226,0.00020,0.00016,0.00230,0.00011,0.00093,0.00596
1403636909.551764249801636,0.00195,0.00013,0.00013,0.00220,0.00035,0.00095,0.00571
1403636909.601765155792236,0.00220,0.00011,0.00010,0.00222,0.00137,0.00098,0.00699
1403636909.651765584945679,0.00198,0.00009,0.00031,0.00214,0.00502,0.00086,0.01041
1403636909.701765298843384,0.00214,0.00009,0.00004,0.00250,0.00003,0.00092,0.00571
1403636909.751764774322510,0.00236,0.00015,0.00020,0.00255,0.00049,0.00114,0.00690
1403636909.801762580871582,0.00213,0.00013,0.00013,0.00231,0.00035,0.00116,0.00622
1403636909.851761341094971,0.00238,0.00009,0.00045,0.00238,0.00031,0.00096,0.00658
1403636909.901759147644043,0.00211,0.00013,0.00046,0.00218,0.00285,0.00109,0.00882
1403636909.951758146286011,0.00196,0.00011,0.00008,0.00232,0.00002,0.00086,0.00535
1403636910.001758098602295,0.00244,0.00011,0.00006,0.00192,0.00002,0.00093,0.00548
1403636910.051759243011475,0.00205,0.00009,0.00033,0.00183,0.00091,0.00090,0.00612
1403636910.101758718490601,0.00191,0.00009,0.00038,0.00185,0.00004,0.00086,0.00514
1403636910.151757240295410,0.00216,0.00009,0.00033,0.00180,0.00355,0.00093,0.00886
1403636910.201757907867432,0.00208,0.00010,0.00019,0.00227,0.00127,0.00092,0.00682
1403636910.251759290695190,0.00192,0.00011,0.00001,0.00292,0.00000,0.00095,0.00590
1403636910.301761150360107,0.00236,0.00015,0.00009,0.00240,0.00003,0.00129,0.00631
1403636910.351761341094971,0.00202,0.00013,0.00007,0.00228,0.00009,0.00101,0.00559
1403636910.401759862899780,0.00234,0.00021,0.00017,0.00244,0.00440,0.00114,0.01070
1403636910.451757192611694,0.00212,0.00016,0.00004,0.00289,0.00007,0.00110,0.00639
1403636910.501754045486450,0.00185,0.00013,0.00006,0.00268,0.00012,0.00084,0.00566
1403636910.551749944686890,0.00235,0.00017,0.00277,0.00268,0.00460,0.00113,0.01371
1403636910.601748466491699,0.00242,0.00018,0.00010,0.00297,0.00011,0.00090,0.00668
1403636910.651749134063721,0.00180,0.00011,0.00003,0.00331,0.00074,0.00094,0.00693
1403636910.701748847961426,0.00212,0.00012,0.00012,0.00287,0.00060,0.00091,0.00674
1403636910.751748800277710,0.00193,0.00010,0.00010,0.00279,0.00038,0.00093,0.00623
1403636910.801749229431152,0.00214,0.00011,0.00017,0.00276,0.00002,0.00089,0.00608
1403636910.851749420166016,0.00200,0.00009,0.00013,0.00269,0.00000,0.00106,0.00598
1403636910.901750087738037,0.00193,0.00011,0.00004,0.00255,0.00002,0.00093,0.00558
1403636910.951749086380005,0.00212,0.00015,0.00012,0.00260,0.00077,0.00128,0.00705
1403636911.001748561859131,0.00213,0.00015,0.00048,0.00233,0.00041,0.00124,0.00674
1403636911.051748275756836,0.00216,0.00012,0.00028,0.00233,0.00008,0.00099,0.00596
1403636911.101748228073120,0.00196,0.00009,0.00006,0.00209,0.00204,0.00090,0.00714
1403636911.151746273040771,0.00183,0.00013,0.00006,0.00244,0.00068,0.00091,0.00605
1403636911.201741218566895,0.00237,0.00015,0.00060,0.00240,0.00021,0.00137,0.00710
1403636911.251737594604492,0.00231,0.00013,0.00005,0.00212,0.00133,0.00118,0.00713
1403636911.301735401153564,0.00187,0.00009,0.00008,0.00201,0.00075,0.00099,0.00579
1403636911.351737022399902,0.00215,0.00014,0.00008,0.00191,0.00066,0.00118,0.00613
1403636911.401742219924927,0.00248,0.00011,0.00066,0.00179,0.00215,0.00113,0.00832
1403636911.451745033264160,0.00182,0.00012,0.00006,0.00198,0.00009,0.00105,0.00512
1403636911.501744985580444,0.00216,0.00014,0.00005,0.00170,0.00011,0.00111,0.00528
1403636911.551750183105469,0.00221,0.00014,0.00034,0.00161,0.00028,0.00119,0.00578
1403636911.601751089096069,0.00242,0.00009,0.00017,0.00187,0.00169,0.00099,0.00724
1403636911.651750802993774,0.00227,0.00009,0.00006,0.00197,0.00008,0.00092,0.00539
1403636911.701751470565796,0.00210,0.00009,0.00006,0.00171,0.00012,0.00095,0.00503
1403636911.751754760742188,0.00187,0.00009,0.00012,0.00178,0.00027,0.00090,0.00504
1403636911.801757574081421,0.00231,0.00015,0.00010,0.00175,0.00026,0.00120,0.00576
1403636911.851758003234863,0.00236,0.00014,0.00003,0.00167,0.00035,0.00112,0.00568
1403636911.901756763458252,0.00185,0.00009,0.00005,0.00158,0.00091,0.00098,0.00546
1403636911.951756715774536,0.00197,0.00013,0.00010,0.00174,0.00199,0.00108,0.00701
1403636912.001754999160767,0.00238,0.00015,0.00028,0.00233,0.00052,0.00113,0.00679
1403636912.051752328872681,0.00241,0.00015,0.00004,0.00178,0.00000,0.00098,0.00536
1403636912.101751804351807,0.00213,0.00009,0.00024,0.00174,0.00000,0.00091,0.00511
1403636912.151752948760986,0.00209,0.00015,0.00029,0.00170,0.00119,0.00107,0.00648
1403636912.201752185821533,0.00208,0.00015,0.00011,0.00192,0.00096,0.00112,0.00634
1403636912.251750946044922,0.00196,0.00011,0.00051,0.00167,0.00069,0.00102,0.00596
1403636912.301749944686890,0.00243,0.00012,0.00004,0.00161,0.00074,0.00094,0.00588
1403636912.351748704910278,0.00225,0.00012,0.00022,0.00136,0.00145,0.00104,0.00644
1403636912.401746749877930,0.00205,0.00012,0.00010,0.00151,0.00185,0.00096,0.00659
1403636912.451748371124268,0.00196,0.00009,0.00011,0.00175,0.00020,0.00128,0.00539
1403636912.501752138137817,0.00205,0.00012,0.00004,0.00221,0.00003,0.00096,0.00541
1403636912.551752567291260,0.00222,0.00015,0.00001,0.00184,0.00048,0.00126,0.00596
1403636912.601752996444702,0.00220,0.00015,0.00019,0.00166,0.00081,0.00113,0.00614
1403636912.651755571365356,0.00215,0.00015,0.00022,0.00168,0.00234,0.00118,0.00772
1403636912.701761722564697,0.00207,0.00011,0.00005,0.00192,0.00000,0.00112,0.00528
1403636912.751765012741089,0.00190,0.00008,0.00030,0.00192,0.00024,0.00099,0.00544
1403636912.801762580871582,0.00241,0.00009,0.00010,0.00181,0.00154,0.00095,0.00690
1403636912.851761817932129,0.00220,0.00012,0.00001,0.00203,0.00021,0.00117,0.00575
1403636912.901758432388306,0.00185,0.00010,0.00005,0.00251,0.00535,0.00100,0.01086
1403636912.951755285263062,0.00254,0.00024,0.00017,0.00262,0.00121,0.00121,0.00798
1403636913.001754522323608,0.00277,0.00015,0.00036,0.00423,0.00149,0.00141,0.01043
1403636913.051752805709839,0.00210,0.00012,0.00027,0.00267,0.00011,0.00158,0.00685
1403636913.101750612258911,0.00228,0.00015,0.00007,0.00211,0.00004,0.00106,0.00571
1403636913.151750802993774,0.00238,0.00012,0.00012,0.00199,0.00102,0.00126,0.00688
1403636913.201750516891479,0.00214,0.00013,0.00014,0.00211,0.00025,0.00101,0.00578
1403636913.251750469207764,0.00210,0.00015,0.00025,0.00255,0.00087,0.00127,0.00720
1403636913.301752328872681,0.00245,0.00015,0.00047,0.00194,0.00009,0.00121,0.00631
1403636913.351756811141968,0.00183,0.00009,0.00005,0.00206,0.00409,0.00102,0.00914
1403636913.401759147644043,0.00200,0.00016,0.00001,0.00279,0.00108,0.00120,0.00724
1403636913.451759815216064,0.00211,0.00015,0.00001,0.00273,0.00091,0.00122,0.00713
1403636913.501760244369507,0.00212,0.00010,0.00003,0.00258,0.00010,0.00114,0.00606
1403636913.551759481430054,0.00216,0.00013,0.00025,0.00260,0.00022,0.00102,0.00637
1403636913.601758956909180,0.00201,0.00014,0.00034,0.00255,0.00039,0.00114,0.00657
1403636913.651756763458252,0.00220,0.00016,0.00025,0.00268,0.00010,0.00130,0.00670
1403636913.701754808425903,0.00210,0.00013,0.00004,0.00250,0.00464,0.00100,0.01039
1403636913.751751661300659,0.00204,0.00011,0.00026,0.00351,0.00138,0.00106,0.00835
1403636913.801751613616943,0.00218,0.00015,0.00008,0.00339,0.00105,0.00112,0.00796
1403636913.851751565933228,0.00202,0.00014,0.00001,0.00353,0.00039,0.00100,0.00709
1403636913.901749610900879,0.00192,0.00012,0.00020,0.00371,0.00001,0.00130,0.00727
1403636913.951749324798584,0.00251,0.00016,0.00015,0.00352,0.00107,0.00107,0.00847
1403636914.001748323440552,0.00206,0.00016,0.00161,0.00325,0.00092,0.00123,0.00922
1403636914.051749706268311,0.00227,0.00014,0.00149,0.00359,0.00021,0.00116,0.00886
1403636914.101748943328857,0.00217,0.00015,0.00211,0.00310,0.00018,0.00122,0.00893
1403636914.151750326156616,0.00253,0.00011,0.00009,0.00315,0.00107,0.00097,0.00791
1403636914.201750516891479,0.00251,0.00010,0.00016,0.00355,0.00074,0.00134,0.00840
1403636914.251750230789185,0.00227,0.00019,0.00035,0.00309,0.00027,0.00122,0.00740
1403636914.301749706268311,0.00212,0.00011,0.00006,0.00282,0.00007,0.00094,0.00612
1403636914.351749420166016,0.00239,0.00011,0.00001,0.00300,0.00061,0.00092,0.00704
1403636914.401748895645142,0.00252,0.00009,0.00008,0.00291,0.00040,0.00091,0.00692
1403636914.451748371124268,0.00266,0.00011,0.00000,0.00268,0.00000,0.00098,0.00644
1403636914.501749277114868,0.00211,0.00011,0.00001,0.00318,0.00261,0.00091,0.00893
1403636914.551749467849731,0.00213,0.00010,0.00010,0.00303,0.00067,0.00091,0.00694
1403636914.601747989654541,0.00257,0.00019,0.00168,0.00324,0.00030,0.00144,0.00942
1403636914.651749372482300,0.00242,0.00015,0.00012,0.00322,0.00087,0.00095,0.00773
1403636914.701751708984375,0.00195,0.00011,0.00230,0.00341,0.00029,0.00123,0.00929
1403636914.751748800277710,0.00240,0.00026,0.00012,0.00349,0.00025,0.00105,0.00755
1403636914.801750659942627,0.00210,0.00013,0.00001,0.00313,0.00018,0.00099,0.00653
1403636914.851749897003174,0.00193,0.00020,0.00005,0.00386,0.00075,0.00114,0.00793
1403636914.901747941970825,0.00222,0.00012,0.00005,0.00318,0.00087,0.00118,0.00763
1403636914.951747179031372,0.00225,0.00011,0.00003,0.00318,0.00028,0.00106,0.00691
1403636915.001746177673340,0.00208,0.00010,0.00011,0.00362,0.00180,0.00111,0.00882
1403636915.051745176315308,0.00215,0.00012,0.00010,0.00349,0.00002,0.00128,0.00716
1403636915.101746082305908,0.00207,0.00010,0.00008,0.00335,0.00015,0.00100,0.00675
1403636915.151746511459351,0.00213,0.00013,0.00003,0.00325,0.00057,0.00117,0.00728
1403636915.201744794845581,0.00205,0.00010,0.00160,0.00345,0.00041,0.00133,0.00894
1403636915.251741886138916,0.00251,0.00012,0.00013,0.00313,0.00054,0.00100,0.00744
1403636915.301740884780884,0.00201,0.00014,0.00243,0.00265,0.00148,0.00085,0.00956
1403636915.351742982864380,0.00201,0.00011,0.00009,0.00271,0.00033,0.00088,0.00613
1403636915.401746511459351,0.00216,0.00017,0.00016,0.00299,0.00047,0.00120,0.00714
1403636915.451750278472900,0.00226,0.00016,0.00008,0.00326,0.00019,0.00094,0.00690
1403636915.501753807067871,0.00229,0.00010,0.00006,0.00279,0.00223,0.00124,0.00872
1403636915.551755666732788,0.00230,0.00017,0.00003,0.00321,0.00027,0.00121,0.00720
1403636915.601755857467651,0.00224,0.00011,0.00005,0.00308,0.00100,0.00095,0.00742
1403636915.651755094528198,0.00202,0.00011,0.00006,0.00377,0.00087,0.00123,0.00806
1403636915.701753377914429,0.00257,0.00012,0.00011,0.00304,0.00015,0.00115,0.00714
1403636915.751752853393555,0.00198,0.00009,0.00005,0.00325,0.00010,0.00089,0.00637
1403636915.801751852035522,0.00200,0.00010,0.00004,0.00250,0.00173,0.00106,0.00744
1403636915.851748704910278,0.00201,0.00009,0.00076,0.00265,0.00087,0.00094,0.00732
1403636915.901749134063721,0.00192,0.00009,0.00245,0.00260,0.00214,0.00095,0.01016
1403636915.951749086380005,0.00196,0.00010,0.00001,0.00267,0.00025,0.00089,0.00588
1403636916.001748323440552,0.00251,0.00009,0.00005,0.00240,0.00025,0.00104,0.00634
1403636916.051748275756836,0.00228,0.00020,0.00031,0.00235,0.00038,0.00123,0.00675
1403636916.101747274398804,0.00234,0.00015,0.00020,0.00207,0.00013,0.00115,0.00603
1403636916.151746988296509,0.00229,0.00009,0.00014,0.00193,0.00035,0.00103,0.00583
1403636916.201746463775635,0.00242,0.00013,0.00013,0.00177,0.00040,0.00100,0.00584
1403636916.251747608184814,0.00206,0.00009,0.00001,0.00194,0.00110,0.00103,0.00622
1403636916.301747560501099,0.00197,0.00012,0.00009,0.00210,0.00043,0.00097,0.00568
1403636916.351747274398804,0.00200,0.00009,0.00020,0.00191,0.00002,0.00099,0.00522
1403636916.401747226715088,0.00192,0.00009,0.00002,0.00238,0.00014,0.00097,0.00552
1403636916.451747417449951,0.00204,0.00009,0.00033,0.00175,0.00205,0.00157,0.00783
1403636916.501748085021973,0.00207,0.00014,0.00014,0.00188,0.00447,0.00106,0.00976
1403636916.551748752593994,0.00194,0.00011,0.00263,0.00254,0.00592,0.00110,0.01423
1403636916.601749181747437,0.00216,0.00011,0.00010,0.00353,0.00125,0.00113,0.00829
1403636916.651748895645142,0.00276,0.00013,0.00024,0.00353,0.00150,0.00097,0.00912
1403636916.701749563217163,0.00199,0.00010,0.00011,0.00357,0.00110,0.00145,0.00832
1403636916.751749277114868,0.00231,0.00012,0.00035,0.00372,0.00003,0.00115,0.00768
1403636916.801750659942627,0.00194,0.00012,0.00021,0.00337,0.00031,0.00109,0.00703
1403636916.851750850677490,0.00201,0.00009,0.00005,0.00331,0.00000,0.00119,0.00665
1403636916.901752471923828,0.00213,0.00016,0.00037,0.00313,0.00013,0.00102,0.00695
1403636916.951753616333008,0.00185,0.00013,0.00024,0.00283,0.00002,0.00093,0.00600
1403636917.001754760742188,0.00194,0.00012,0.00001,0.00281,0.00051,0.00102,0.00640
1403636917.051757097244263,0.00200,0.00010,0.00004,0.00300,0.00085,0.00121,0.00720
1403636917.101758003234863,0.00168,0.00014,0.00008,0.00330,0.00009,0.00088,0.00617
1403636917.151757955551147,0.00208,0.00019,0.00019,0.00296,0.00197,0.00112,0.00851
1403636917.201757669448853,0.00194,0.00011,0.00219,0.00345,0.00279,0.00109,0.01158
1403636917.251757144927979,0.00203,0.00020,0.00009,0.00368,0.00005,0.00121,0.00727
1403636917.301757335662842,0.00187,0.00012,0.00001,0.00364,0.00002,0.00097,0.00663
1403636917.351760149002075,0.00264,0.00010,0.00019,0.00321,0.00097,0.00119,0.00830
1403636917.401761293411255,0.00219,0.00013,0.00012,0.00303,0.00004,0.00149,0.00700
1403636917.451762199401855,0.00197,0.00009,0.00005,0.00302,0.00011,0.00099,0.00623
1403636917.501762151718140,0.00208,0.00012,0.00011,0.00268,0.00003,0.00091,0.00593
1403636917.551762104034424,0.00211,0.00015,0.00008,0.00249,0.00003,0.00110,0.00597
1403636917.601762294769287,0.00202,0.00012,0.00008,0.00231,0.00021,0.00114,0.00588
1403636917.651762485504150,0.00193,0.00012,0.00001,0.00231,0.00005,0.00100,0.00542
1403636917.701763153076172,0.00187,0.00011,0.00004,0.00223,0.00068,0.00098,0.00591
1403636917.751763820648193,0.00195,0.00012,0.00004,0.00281,0.00306,0.00109,0.00907
1403636917.801765441894531,0.00276,0.00014,0.00003,0.00272,0.00477,0.00118,0.01159
1403636917.851766109466553,0.00225,0.00013,0.00088,0.00359,0.00005,0.00100,0.00790
1403636917.901766538619995,0.00224,0.00012,0.00158,0.00331,0.00148,0.00099,0.00971
1403636917.951768398284912,0.00208,0.00012,0.00001,0.00386,0.00017,0.00098,0.00723
1403636918.001769065856934,0.00210,0.00012,0.00020,0.00379,0.00005,0.00101,0.00726
1403636918.051769971847534,0.00212,0.00013,0.00001,0.00385,0.00047,0.00098,0.00755
1403636918.101771354675293,0.00216,0.00011,0.00018,0.00396,0.00013,0.00102,0.00756
1403636918.151772022247314,0.00210,0.00013,0.00001,0.00395,0.00003,0.00101,0.00722
1403636918.201773881912231,0.00209,0.00010,0.00003,0.00419,0.00004,0.00126,0.00770
1403636918.251772642135620,0.00220,0.00012,0.00013,0.00382,0.00005,0.00126,0.00758
1403636918.301774740219116,0.00199,0.00009,0.00003,0.00374,0.00008,0.00120,0.00714
1403636918.351777553558350,0.00263,0.00010,0.00068,0.00365,0.00020,0.00111,0.00837
1403636918.401779413223267,0.00227,0.00012,0.00001,0.00368,0.00007,0.00106,0.00721
1403636918.451780796051025,0.00289,0.00016,0.00007,0.00362,0.00006,0.00146,0.00826
1403636918.501780986785889,0.00208,0.00016,0.00021,0.00334,0.00006,0.00124,0.00710
1403636918.551780939102173,0.00206,0.00012,0.00001,0.00330,0.00015,0.00110,0.00675
1403636918.601780652999878,0.00202,0.00011,0.00003,0.00334,0.00005,0.00101,0.00655
1403636918.651780366897583,0.00192,0.00010,0.00001,0.00329,0.00000,0.00108,0.00640
1403636918.701780080795288,0.00228,0.00019,0.00001,0.00319,0.00015,0.00093,0.00675
1403636918.751779317855835,0.00204,0.00013,0.00001,0.00307,0.00003,0.00101,0.00628
1403636918.801779508590698,0.00204,0.00017,0.00007,0.00359,0.00022,0.00133,0.00743
1403636918.851780176162720,0.00223,0.00018,0.00011,0.00329,0.00005,0.00121,0.00707
1403636918.901782512664795,0.00195,0.00014,0.00001,0.00372,0.00006,0.00129,0.00716
1403636918.951784849166870,0.00206,0.00014,0.00356,0.00281,0.00090,0.00117,0.01064
1403636919.001785516738892,0.00193,0.00011,0.00003,0.00279,0.00108,0.00106,0.00700
1403636919.051786422729492,0.00282,0.00017,0.00012,0.00278,0.00107,0.00124,0.00820
1403636919.101786613464355,0.00246,0.00015,0.00242,0.00250,0.00213,0.00109,0.01074
1403636919.151787519454956,0.00199,0.00014,0.00016,0.00264,0.00048,0.00095,0.00637
1403636919.201788902282715,0.00225,0.00018,0.00017,0.00245,0.00084,0.00111,0.00701
1403636919.251789093017578,0.00283,0.00015,0.00011,0.00267,0.00002,0.00096,0.00675
1403636919.301789522171021,0.00191,0.00015,0.00007,0.00252,0.00015,0.00095,0.00576
1403636919.351789951324463,0.00220,0.00016,0.00001,0.00294,0.00002,0.00128,0.00661
1403636919.401790142059326,0.00236,0.00015,0.00020,0.00235,0.00000,0.00119,0.00626
1403636919.451791048049927,0.00216,0.00014,0.00016,0.00222,0.00063,0.00149,0.00681
1403636919.501791000366211,0.00192,0.00013,0.00032,0.00225,0.00137,0.00101,0.00699
1403636919.551790237426758,0.00263,0.00015,0.00369,0.00239,0.00476,0.00124,0.01486
1403636919.601792573928833,0.00180,0.00015,0.00529,0.00307,0.00310,0.00088,0.01430
1403636919.651792287826538,0.00180,0.00010,0.00035,0.00329,0.00011,0.00091,0.00656
1403636919.701793432235718,0.00220,0.00016,0.00018,0.00346,0.00088,0.00128,0.00817
1403636919.751792430877686,0.00207,0.00012,0.00007,0.00321,0.00015,0.00097,0.00660
1403636919.801792621612549,0.00197,0.00012,0.00000,0.00324,0.00000,0.00084,0.00617
1403636919.851792573928833,0.00200,0.00016,0.00010,0.00309,0.00105,0.00117,0.00757
1403636919.901792287826538,0.00231,0.00013,0.00007,0.00358,0.00067,0.00104,0.00780
1403636919.951793193817139,0.00219,0.00011,0.00001,0.00318,0.00003,0.00109,0.00659
1403636920.001792907714844,0.00210,0.00017,0.00010,0.00315,0.00000,0.00107,0.00660
1403636920.051792383193970,0.00216,0.00016,0.00009,0.00310,0.00002,0.00128,0.00680
1403636920.101792097091675,0.00199,0.00010,0.00001,0.00302,0.00000,0.00106,0.00619
1403636920.151790857315063,0.00188,0.00009,0.00026,0.00305,0.00024,0.00101,0.00654
1403636920.201791048049927,0.00196,0.00015,0.00088,0.00297,0.00017,0.00115,0.00728
1403636920.251791477203369,0.00212,0.00015,0.00001,0.00308,0.00005,0.00126,0.00666
1403636920.301791191101074,0.00193,0.00014,0.00001,0.00304,0.00009,0.00110,0.00631
1403636920.351792812347412,0.00204,0.00014,0.00001,0.00309,0.00168,0.00104,0.00800
1403636920.401792526245117,0.00204,0.00013,0.00001,0.00313,0.00000,0.00130,0.00661
1403636920.451792240142822,0.00190,0.00010,0.00001,0.00314,0.00003,0.00103,0.00621
1403636920.501793861389160,0.00206,0.00013,0.00167,0.00315,0.00089,0.00093,0.00884
1403636920.551794290542603,0.00237,0.00011,0.00001,0.00328,0.00002,0.00093,0.00673
1403636920.601794719696045,0.00219,0.00016,0.00003,0.00345,0.00003,0.00132,0.00719
1403636920.651795625686646,0.00234,0.00014,0.00001,0.00332,0.00003,0.00126,0.00710
1403636920.701796770095825,0.00216,0.00010,0.00001,0.00318,0.00000,0.00097,0.00642
1403636920.751798152923584,0.00200,0.00010,0.00165,0.00320,0.00022,0.00101,0.00818
1403636920.801799535751343,0.00188,0.00010,0.00259,0.00312,0.00083,0.00095,0.00947
1403636920.851801156997681,0.00190,0.00009,0.00001,0.00319,0.00009,0.00101,0.00629
1403636920.901803255081177,0.00233,0.00012,0.00003,0.00300,0.00008,0.00087,0.00644
1403636920.951805114746094,0.00192,0.00011,0.00007,0.00310,0.00006,0.00103,0.00629
1403636921.001806020736694,0.00195,0.00010,0.00001,0.00296,0.00000,0.00094,0.00596
1403636921.051806211471558,0.00186,0.00009,0.00001,0.00291,0.00002,0.00099,0.00589
1403636921.101807594299316,0.00192,0.00011,0.00014,0.00301,0.00022,0.00090,0.00630
1403636921.151807069778442,0.00191,0.00010,0.00001,0.00304,0.00003,0.00099,0.00607
1403636921.201810836791992,0.00191,0.00010,0.00001,0.00298,0.00002,0.00101,0.00603
1403636921.251813411712646,0.00198,0.00010,0.00001,0.00348,0.00006,0.00123,0.00685
1403636921.301813840866089,0.00209,0.00013,0.00001,0.00305,0.00000,0.00119,0.00647
1403636921.351814270019531,0.00194,0.00014,0.00026,0.00326,0.00180,0.00103,0.00843
1403636921.401812791824341,0.00225,0.00019,0.00167,0.00325,0.00011,0.00131,0.00878
1403636921.451812028884888,0.00221,0.00012,0.00001,0.00331,0.00004,0.00121,0.00690
1403636921.501811265945435,0.00188,0.00010,0.00001,0.00367,0.00009,0.00094,0.00669
1403636921.551809787750244,0.00202,0.00009,0.00001,0.00330,0.00081,0.00106,0.00730
1403636921.601808547973633,0.00210,0.00013,0.00001,0.00383,0.00000,0.00093,0.00699
1403636921.651810169219971,0.00208,0.00018,0.00001,0.00351,0.00005,0.00130,0.00714
1403636921.701811790466309,0.00208,0.00017,0.00033,0.00354,0.00006,0.00116,0.00734
1403636921.751814126968384,0.00188,0.00014,0.00001,0.00339,0.00002,0.00104,0.00648
1403636921.801815271377563,0.00195,0.00009,0.00001,0.00352,0.00002,0.00097,0.00657
1403636921.851812601089478,0.00194,0.00009,0.00001,0.00334,0.00002,0.00100,0.00641
1403636921.901808500289917,0.00195,0.00010,0.00001,0.00333,0.00000,0.00095,0.00633
1403636921.951802730560303,0.00210,0.00019,0.00108,0.00381,0.00020,0.00127,0.00864
1403636922.001796007156372,0.00211,0.00018,0.00265,0.00349,0.00011,0.00133,0.00987
1403636922.051791429519653,0.00194,0.00014,0.00001,0.00320,0.00042,0.00106,0.00677
1403636922.101790904998779,0.00267,0.00010,0.00008,0.00389,0.00039,0.00115,0.00828
1403636922.151790857315063,0.00228,0.00018,0.00005,0.00332,0.00004,0.00142,0.00729
1403636922.201791048049927,0.00218,0.00010,0.00010,0.00305,0.00000,0.00098,0.00641
1403636922.251791477203369,0.00196,0.00009,0.00004,0.00302,0.00004,0.00103,0.00619
1403636922.301791906356812,0.00237,0.00018,0.00068,0.00292,0.00106,0.00117,0.00838
1403636922.351792812347412,0.00225,0.00019,0.00003,0.00309,0.00002,0.00124,0.00682
1403636922.401793003082275,0.00202,0.00015,0.00007,0.00268,0.00002,0.00101,0.00595
1403636922.451793193817139,0.00203,0.00009,0.00001,0.00256,0.00002,0.00148,0.00619
1403636922.501793384552002,0.00227,0.00016,0.00011,0.00273,0.00003,0.00097,0.00629
1403636922.551792621612549,0.00212,0.00016,0.00031,0.00281,0.00027,0.00128,0.00694
1403636922.601791620254517,0.00236,0.00015,0.00015,0.00265,0.00031,0.00120,0.00682
1403636922.701787948608398,0.00237,0.00020,0.00078,0.00229,0.00158,0.00129,0.00851
1403636922.751785755157471,0.00213,0.00016,0.00013,0.00225,0.00010,0.00136,0.00612
1403636922.801785230636597,0.00163,0.00010,0.00009,0.00195,0.00002,0.00095,0.00474
1403636922.851784467697144,0.00214,0.00017,0.00011,0.00196,0.00004,0.00138,0.00579
1403636922.901782751083374,0.00189,0.00013,0.00019,0.00206,0.00017,0.00116,0.00561
1403636922.951781034469604,0.00218,0.00016,0.00001,0.00196,0.00033,0.00124,0.00588
1403636923.001779317855835,0.00225,0.00017,0.00001,0.00189,0.00002,0.00100,0.00535
1403636923.051777601242065,0.00191,0.00009,0.00003,0.00191,0.00003,0.00102,0.00499
1403636923.101774215698242,0.00193,0.00016,0.00012,0.00194,0.00003,0.00136,0.00553
1403636923.151771306991577,0.00196,0.00014,0.00008,0.00185,0.00060,0.00116,0.00579
1403636923.201766729354858,0.00213,0.00009,0.00006,0.00247,0.00044,0.00095,0.00613
1403636923.251762866973877,0.00196,0.00013,0.00002,0.00185,0.00025,0.00098,0.00519
1403636923.301760196685791,0.00184,0.00009,0.00001,0.00186,0.00028,0.00113,0.00521
1403636923.351758956909180,0.00201,0.00013,0.00001,0.00185,0.00010,0.00107,0.00516
1403636923.401756763458252,0.00209,0.00009,0.00001,0.00162,0.00003,0.00132,0.00515
1403636923.451757907867432,0.00249,0.00011,0.00004,0.00164,0.00061,0.00102,0.00592
1403636923.501756429672241,0.00225,0.00009,0.00010,0.00182,0.00005,0.00099,0.00530
1403636923.551756858825684,0.00205,0.00009,0.00007,0.00180,0.00042,0.00105,0.00548
1403636923.601758718490601,0.00214,0.00008,0.00005,0.00173,0.00014,0.00135,0.00549
1403636923.651760101318359,0.00209,0.00010,0.00011,0.00173,0.00004,0.00113,0.00519
1403636923.701763629913330,0.00188,0.00009,0.00004,0.00170,0.00002,0.00101,0.00474
1403636923.751766204833984,0.00190,0.00008,0.00001,0.00216,0.00000,0.00096,0.00512
1403636923.801769018173218,0.00200,0.00009,0.00001,0.00213,0.00047,0.00097,0.00567
1403636923.851770401000977,0.00192,0.00009,0.00001,0.00170,0.00019,0.00103,0.00493
1403636923.901772260665894,0.00179,0.00008,0.00001,0.00166,0.00077,0.00096,0.00528
1403636923.951773405075073,0.00202,0.00009,0.00002,0.00173,0.00011,0.00101,0.00498
1403636924.001775026321411,0.00198,0.00014,0.00001,0.00182,0.00102,0.00138,0.00635
1403636924.051775217056274,0.00214,0.00014,0.00001,0.00185,0.00059,0.00117,0.00589
1403636924.101775169372559,0.00197,0.00009,0.00001,0.00187,0.00008,0.00103,0.00505
1403636924.151774883270264,0.00183,0.00008,0.00003,0.00185,0.00021,0.00103,0.00504
1403636924.201774358749390,0.00215,0.00011,0.00001,0.00181,0.00003,0.00097,0.00509
1403636924.251774311065674,0.00192,0.00009,0.00001,0.00184,0.00005,0.00100,0.00490
1403636924.301774263381958,0.00190,0.00011,0.00001,0.00176,0.00002,0.00095,0.00474
1403636924.351773738861084,0.00195,0.00008,0.00000,0.00179,0.00000,0.00100,0.00482
1403636924.401773452758789,0.00196,0.00011,0.00005,0.00174,0.00043,0.00097,0.00526
1403636924.451773643493652,0.00201,0.00008,0.00001,0.00180,0.00014,0.00098,0.00503
1403636924.501773118972778,0.00206,0.00008,0.00001,0.00184,0.00079,0.00104,0.00583
1403636924.551773548126221,0.00188,0.00008,0.00004,0.00184,0.00008,0.00103,0.00495
1403636924.601774215698242,0.00221,0.00011,0.00005,0.00166,0.00067,0.00156,0.00625
1403636924.651774406433105,0.00200,0.00013,0.00010,0.00161,0.00000,0.00104,0.00488
1403636924.701775550842285,0.00219,0.00013,0.00012,0.00165,0.00072,0.00122,0.00604
1403636924.751776456832886,0.00198,0.00009,0.00003,0.00175,0.00104,0.00107,0.00596
1403636924.801776885986328,0.00211,0.00009,0.00001,0.00175,0.00003,0.00098,0.00497
1403636924.851777076721191,0.00215,0.00009,0.00001,0.00165,0.00093,0.00103,0.00586
1403636924.901777744293213,0.00208,0.00015,0.00009,0.00167,0.00003,0.00117,0.00520
1403636924.951776981353760,0.00218,0.00015,0.00005,0.00171,0.00000,0.00123,0.00532
1403636925.001775979995728,0.00191,0.00009,0.00008,0.00172,0.00164,0.00138,0.00683
1403636925.051775455474854,0.00232,0.00009,0.00003,0.00174,0.00182,0.00096,0.00696
1403636925.101775884628296,0.00200,0.00015,0.00008,0.00199,0.00163,0.00118,0.00705
1403636925.151777744293213,0.00212,0.00015,0.00001,0.00226,0.00491,0.00112,0.01057
1403636925.201778173446655,0.00212,0.00016,0.00024,0.00318,0.00048,0.00104,0.00722
1403636925.251778364181519,0.00211,0.00013,0.00008,0.00251,0.00000,0.00119,0.00603
1403636925.301779270172119,0.00234,0.00011,0.00004,0.00208,0.00140,0.00100,0.00698
1403636925.351778984069824,0.00203,0.00011,0.00003,0.00233,0.00110,0.00144,0.00705
1403636925.401779413223267,0.00213,0.00012,0.00024,0.00235,0.00005,0.00132,0.00621
1403636925.451780080795288,0.00202,0.00013,0.00006,0.00225,0.00000,0.00100,0.00546
1403636925.501780271530151,0.00222,0.00012,0.00006,0.00199,0.00065,0.00105,0.00609
1403636925.551779985427856,0.00204,0.00009,0.00004,0.00212,0.00007,0.00106,0.00543
1403636925.601779222488403,0.00199,0.00011,0.00014,0.00188,0.00229,0.00094,0.00734
1403636925.651778697967529,0.00201,0.00012,0.00001,0.00217,0.00000,0.00099,0.00530
1403636925.701778650283813,0.00189,0.00012,0.00006,0.00204,0.00013,0.00101,0.00526
1403636925.751777648925781,0.00196,0.00011,0.00012,0.00193,0.00079,0.00095,0.00588
1403636925.801776409149170,0.00226,0.00009,0.00001,0.00256,0.00028,0.00091,0.00610
1403636925.851774215698242,0.00185,0.00009,0.00006,0.00183,0.00196,0.00098,0.00678
1403636925.901773214340210,0.00202,0.00011,0.00018,0.00198,0.00000,0.00111,0.00539
1403636925.951770067214966,0.00188,0.00012,0.00025,0.00204,0.00037,0.00095,0.00561
1403636926.001767158508301,0.00181,0.00009,0.00007,0.00190,0.00067,0.00100,0.00554
1403636926.051765918731689,0.00194,0.00011,0.00005,0.00191,0.00150,0.00097,0.00648
1403636926.101765632629395,0.00220,0.00012,0.00027,0.00190,0.00064,0.00106,0.00620
1403636926.151766777038574,0.00243,0.00009,0.00017,0.00189,0.00000,0.00096,0.00555
1403636926.201767444610596,0.00247,0.00016,0.00012,0.00233,0.00340,0.00124,0.00972
1403636926.251768112182617,0.00225,0.00014,0.00029,0.00272,0.00000,0.00109,0.00650
1403636926.301767110824585,0.00197,0.00013,0.00009,0.00216,0.00366,0.00097,0.00897
1403636926.351766586303711,0.00224,0.00017,0.00030,0.00252,0.00017,0.00112,0.00653
1403636926.401766061782837,0.00213,0.00013,0.00253,0.00230,0.00457,0.00112,0.01278
1403636926.451765537261963,0.00215,0.00019,0.00032,0.00414,0.00093,0.00136,0.00910
1403636926.501765251159668,0.00218,0.00015,0.00001,0.00343,0.00000,0.00123,0.00699
1403636926.551764726638794,0.00197,0.00011,0.00004,0.00351,0.00111,0.00091,0.00765
1403636926.601765155792236,0.00211,0.00009,0.00024,0.00383,0.00040,0.00088,0.00757
1403636926.651767253875732,0.00226,0.00014,0.00319,0.00362,0.00078,0.00121,0.01119
1403636926.701769828796387,0.00229,0.00012,0.00005,0.00454,0.00043,0.00120,0.00861
1403636926.751769304275513,0.00258,0.00015,0.00011,0.00338,0.00001,0.00124,0.00747
1403636926.801769018173218,0.00210,0.00011,0.00052,0.00320,0.00014,0.00086,0.00694
1403636926.851766109466553,0.00214,0.00014,0.00104,0.00294,0.00009,0.00143,0.00778
1403636926.901760339736938,0.00216,0.00012,0.00141,0.00289,0.00259,0.00090,0.01006
1403636926.951758623123169,0.00219,0.00023,0.00024,0.00322,0.00025,0.00110,0.00724
1403636927.001758813858032,0.00219,0.00012,0.00015,0.00300,0.00006,0.00130,0.00683
1403636927.051758050918579,0.00221,0.00018,0.00010,0.00317,0.00001,0.00134,0.00701
1403636927.101758241653442,0.00227,0.00011,0.00029,0.00297,0.00017,0.00102,0.00683
1403636927.151756763458252,0.00207,0.00010,0.00010,0.00253,0.00004,0.00101,0.00585
1403636927.201755523681641,0.00201,0.00015,0.00028,0.00255,0.00003,0.00118,0.00620
1403636927.251755237579346,0.00191,0.00010,0.00009,0.00283,0.00501,0.00091,0.01086
1403636927.301755428314209,0.00227,0.00018,0.00009,0.00294,0.00003,0.00142,0.00692
1403636927.351757764816284,0.00220,0.00009,0.00008,0.00297,0.00015,0.00102,0.00652
1403636927.401758909225464,0.00214,0.00012,0.00064,0.00273,0.00250,0.00091,0.00904
1403636927.451757192611694,0.00191,0.00009,0.00001,0.00368,0.00211,0.00105,0.00884
1403636927.501758098602295,0.00220,0.00014,0.00001,0.00334,0.00077,0.00121,0.00766
1403636927.551756620407104,0.00262,0.00010,0.00014,0.00278,0.00073,0.00101,0.00739
1403636927.601757049560547,0.00231,0.00011,0.00012,0.00259,0.00026,0.00113,0.00654
1403636927.651757478713989,0.00213,0.00016,0.00071,0.00214,0.00154,0.00119,0.00787
1403636927.701759815216064,0.00210,0.00013,0.00013,0.00252,0.00075,0.00104,0.00665
1403636927.751763105392456,0.00202,0.00009,0.00015,0.00252,0.00004,0.00102,0.00584
1403636927.801766633987427,0.00228,0.00017,0.00004,0.00252,0.00000,0.00115,0.00617
1403636927.851768732070923,0.00229,0.00016,0.00007,0.00254,0.00009,0.00128,0.00643
1403636927.901769638061523,0.00210,0.00011,0.00004,0.00253,0.00003,0.00113,0.00595
1403636927.951771736145020,0.00213,0.00014,0.00019,0.00229,0.00274,0.00124,0.00873
1403636928.001771211624146,0.00209,0.00010,0.00023,0.00262,0.00095,0.00097,0.00696
1403636928.051771402359009,0.00207,0.00013,0.00043,0.00275,0.00009,0.00098,0.00645
1403636928.101772546768188,0.00207,0.00016,0.00338,0.00276,0.00274,0.00117,0.01229
1403636928.151772260665894,0.00220,0.00018,0.00003,0.00344,0.00081,0.00115,0.00781
1403636928.201772212982178,0.00227,0.00014,0.00067,0.00342,0.00079,0.00095,0.00824
1403636928.251771211624146,0.00198,0.00010,0.00209,0.00324,0.00007,0.00097,0.00845
1403636928.301771640777588,0.00229,0.00012,0.00008,0.00298,0.00009,0.00094,0.00650
1403636928.351772308349609,0.00194,0.00012,0.00019,0.00278,0.00015,0.00099,0.00618
1403636928.401772737503052,0.00187,0.00012,0.00024,0.00264,0.00000,0.00100,0.00588
1403636928.451774120330811,0.00218,0.00010,0.00012,0.00245,0.00010,0.00095,0.00590
1403636928.501774549484253,0.00208,0.00015,0.00004,0.00303,0.00038,0.00117,0.00684
1403636928.551774024963379,0.00210,0.00012,0.00008,0.00262,0.00143,0.00127,0.00763
1403636928.601772308349609,0.00204,0.00010,0.00001,0.00288,0.00017,0.00110,0.00630
1403636928.651771306991577,0.00198,0.00009,0.00030,0.00335,0.00000,0.00100,0.00672
1403636928.701768875122070,0.00195,0.00009,0.00030,0.00321,0.00409,0.00110,0.01073
1403636928.751766443252563,0.00209,0.00015,0.00236,0.00345,0.00159,0.00117,0.01081
1403636928.801765918731689,0.00205,0.00014,0.00153,0.00366,0.00001,0.00098,0.00838
1403636928.851766347885132,0.00201,0.00011,0.00253,0.00353,0.00004,0.00096,0.00920
1403636928.901768922805786,0.00217,0.00010,0.00047,0.00359,0.00000,0.00096,0.00729
1403636928.951773405075073,0.00218,0.00017,0.00005,0.00365,0.00016,0.00123,0.00745
1403636929.001774311065674,0.00232,0.00018,0.00008,0.00345,0.00212,0.00105,0.00921
1403636929.051775693893433,0.00226,0.00011,0.00231,0.00335,0.00073,0.00102,0.00978
1403636929.101776599884033,0.00212,0.00011,0.00018,0.00341,0.00002,0.00099,0.00683
1403636929.151775360107422,0.00216,0.00009,0.00017,0.00345,0.00078,0.00096,0.00762
1403636929.201773166656494,0.00203,0.00010,0.00038,0.00343,0.00050,0.00100,0.00743
1403636929.251770257949829,0.00208,0.00009,0.00006,0.00381,0.00000,0.00168,0.00772
1403636929.301769733428955,0.00200,0.00017,0.00076,0.00312,0.00083,0.00095,0.00782
1403636929.351770162582397,0.00226,0.00017,0.00286,0.00331,0.00074,0.00119,0.01054
1403636929.401769638061523,0.00196,0.00009,0.00162,0.00335,0.00091,0.00111,0.00904
1403636929.451768875122070,0.00197,0.00018,0.00372,0.00326,0.00148,0.00128,0.01189
1403636929.501769065856934,0.00192,0.00009,0.00011,0.00340,0.00011,0.00153,0.00717
1403636929.551769495010376,0.00197,0.00012,0.00001,0.00350,0.00038,0.00095,0.00694
1403636929.601769924163818,0.00236,0.00018,0.00094,0.00365,0.00147,0.00132,0.00992
1403636929.651769876480103,0.00211,0.00011,0.00405,0.00367,0.00075,0.00108,0.01178
1403636929.701771020889282,0.00236,0.00014,0.00079,0.00408,0.00000,0.00085,0.00821
1403636929.751770496368408,0.00211,0.00015,0.00015,0.00376,0.00003,0.00134,0.00752
1403636929.801770210266113,0.00227,0.00014,0.00011,0.00359,0.00014,0.00101,0.00725
1403636929.851768493652344,0.00197,0.00009,0.00027,0.00390,0.00000,0.00165,0.00788
1403636929.901769161224365,0.00204,0.00013,0.00040,0.00304,0.00083,0.00119,0.00764
1403636929.951767921447754,0.00201,0.00010,0.00039,0.00313,0.00245,0.00111,0.00919
1403636930.001767158508301,0.00200,0.00018,0.00108,0.00366,0.00089,0.00086,0.00868
1403636930.051767110824585,0.00202,0.00018,0.00085,0.00390,0.00078,0.00125,0.00898
1403636930.101765871047974,0.00198,0.00014,0.00131,0.00361,0.00043,0.00094,0.00841
1403636930.151765108108521,0.00190,0.00013,0.00333,0.00422,0.00001,0.00134,0.01093
1403636930.201765060424805,0.00196,0.00012,0.00007,0.00364,0.00075,0.00117,0.00771
1403636930.251764535903931,0.00212,0.00014,0.00372,0.00373,0.00075,0.00099,0.01145
1403636930.301764488220215,0.00191,0.00010,0.00007,0.00394,0.00002,0.00098,0.00701
1403636930.351766586303711,0.00211,0.00011,0.00001,0.00372,0.00003,0.00092,0.00690
1403636930.401767492294312,0.00229,0.00018,0.00001,0.00368,0.00018,0.00114,0.00749
1403636930.451769113540649,0.00216,0.00014,0.00008,0.00377,0.00002,0.00126,0.00743
1403636930.501769304275513,0.00200,0.00012,0.00001,0.00357,0.00014,0.00098,0.00682
1403636930.551769495010376,0.00202,0.00011,0.00026,0.00370,0.00112,0.00096,0.00817
1403636930.601770877838135,0.00191,0.00011,0.00117,0.00376,0.00000,0.00102,0.00796
1403636930.651771068572998,0.00204,0.00015,0.00239,0.00374,0.00004,0.00098,0.00934
1403636930.701770067214966,0.00208,0.00013,0.00003,0.00356,0.00074,0.00096,0.00749
1403636930.751769542694092,0.00184,0.00010,0.00322,0.00364,0.00145,0.00092,0.01117
1403636930.801768779754639,0.00203,0.00014,0.00364,0.00396,0.00000,0.00094,0.01071
1403636930.851768493652344,0.00219,0.00020,0.00335,0.00396,0.00000,0.00129,0.01099
1403636930.901768207550049,0.00228,0.00014,0.00105,0.00429,0.00000,0.00101,0.00877
1403636930.951767444610596,0.00212,0.00018,0.00004,0.00435,0.00000,0.00111,0.00780
1403636931.001766443252563,0.00211,0.00009,0.00045,0.00383,0.00000,0.00100,0.00748
1403636931.051766157150269,0.00232,0.00010,0.00014,0.00363,0.00002,0.00143,0.00764
1403636931.101764917373657,0.00225,0.00020,0.00004,0.00349,0.00003,0.00129,0.00731
1403636931.151765108108521,0.00237,0.00023,0.00008,0.00340,0.00000,0.00123,0.00732
1403636931.201765060424805,0.00176,0.00009,0.00004,0.00315,0.00010,0.00129,0.00642
1403636931.251765251159668,0.00232,0.00017,0.00001,0.00333,0.00286,0.00135,0.01005
1403636931.301766157150269,0.00235,0.00010,0.00031,0.00380,0.00000,0.00112,0.00768
1403636931.351766586303711,0.00211,0.00010,0.00282,0.00362,0.00075,0.00100,0.01041
1403636931.401767492294312,0.00206,0.00014,0.00344,0.00356,0.00073,0.00100,0.01092
1403636931.451768159866333,0.00216,0.00010,0.00236,0.00360,0.00149,0.00093,0.01064
1403636931.501768112182617,0.00214,0.00021,0.00107,0.00500,0.00000,0.00123,0.00966
1403636931.551767826080322,0.00217,0.00014,0.00001,0.00375,0.00004,0.00122,0.00733
1403636931.601769208908081,0.00213,0.00010,0.00582,0.00352,0.00113,0.00110,0.01380
1403636931.651771306991577,0.00217,0.00012,0.00123,0.00380,0.00000,0.00126,0.00858
1403636931.701773643493652,0.00209,0.00010,0.00007,0.00379,0.00000,0.00097,0.00703
1403636931.801771402359009,0.00202,0.00016,0.00001,0.00138,0.00000,0.00096,0.00454
1403636931.851768732070923,0.00196,0.00010,0.00073,0.00368,0.00003,0.00100,0.00751
1403636931.901768207550049,0.00234,0.00009,0.00001,0.00377,0.00000,0.00095,0.00716
1403636931.951768875122070,0.00216,0.00010,0.00001,0.00368,0.00000,0.00096,0.00691
1403636932.001768350601196,0.00195,0.00009,0.00235,0.00355,0.00130,0.00118,0.01042
1403636932.051766395568848,0.00204,0.00018,0.00238,0.00370,0.00145,0.00115,0.01091
1403636932.101765632629395,0.00189,0.00014,0.00236,0.00427,0.00000,0.00114,0.00981
1403636932.151765823364258,0.00229,0.00020,0.00071,0.00405,0.00000,0.00120,0.00846
1403636932.201766252517700,0.00191,0.00015,0.00003,0.00402,0.00000,0.00106,0.00717
1403636932.251760244369507,0.00231,0.00021,0.00476,0.00400,0.00002,0.00127,0.01257
1403636932.301760196685791,0.00210,0.00017,0.00019,0.00390,0.00002,0.00123,0.00760
1403636932.351759910583496,0.00239,0.00010,0.00001,0.00385,0.00040,0.00089,0.00763
1403636932.401759624481201,0.00199,0.00009,0.00030,0.00377,0.00000,0.00090,0.00705
1403636932.451759338378906,0.00241,0.00012,0.00008,0.00357,0.00012,0.00088,0.00718
1403636932.501758813858032,0.00219,0.00010,0.00001,0.00381,0.00000,0.00094,0.00705
1403636932.551757812500000,0.00201,0.00011,0.00003,0.00364,0.00002,0.00092,0.00672
1403636932.601756811141968,0.00222,0.00020,0.00122,0.00353,0.00189,0.00137,0.01042
1403636932.651754856109619,0.00235,0.00015,0.00231,0.00382,0.00012,0.00118,0.00993
1403636932.701755523681641,0.00212,0.00016,0.00152,0.00377,0.00073,0.00096,0.00926
1403636932.751755237579346,0.00207,0.00012,0.00004,0.00379,0.00003,0.00092,0.00696
1403636932.801754713058472,0.00207,0.00013,0.00005,0.00364,0.00003,0.00094,0.00686
1403636932.851755619049072,0.00201,0.00010,0.00396,0.00351,0.00218,0.00091,0.01267
1403636932.901754856109619,0.00201,0.00013,0.00021,0.00403,0.00000,0.00090,0.00727
1403636932.951754570007324,0.00245,0.00021,0.00002,0.00422,0.00000,0.00143,0.00832
1403636933.001753330230713,0.00218,0.00015,0.00500,0.00441,0.00083,0.00121,0.01378
1403636933.051753282546997,0.00197,0.00016,0.00007,0.00413,0.00000,0.00118,0.00751
1403636933.101752996444702,0.00179,0.00011,0.00005,0.00394,0.00000,0.00094,0.00684
1403636933.151753664016724,0.00200,0.00010,0.00001,0.00460,0.00004,0.00130,0.00805
1403636933.201756238937378,0.00195,0.00018,0.00051,0.00385,0.00006,0.00114,0.00769
1403636933.251758575439453,0.00205,0.00018,0.00079,0.00412,0.00082,0.00167,0.00963
1403636933.301762104034424,0.00228,0.00018,0.00003,0.00408,0.00162,0.00110,0.00929
1403636933.351761817932129,0.00215,0.00012,0.00109,0.00385,0.00001,0.00120,0.00843
1403636933.401760101318359,0.00205,0.00011,0.00040,0.00378,0.00003,0.00093,0.00730
1403636933.451757669448853,0.00276,0.00011,0.00266,0.00347,0.00081,0.00118,0.01099
1403636933.501756429672241,0.00230,0.00012,0.00050,0.00373,0.00059,0.00151,0.00875
1403636933.551753044128418,0.00244,0.00011,0.00001,0.00390,0.00000,0.00100,0.00745
1403636933.601750612258911,0.00249,0.00023,0.00362,0.00363,0.00003,0.00102,0.01103
1403636933.651748895645142,0.00262,0.00014,0.00017,0.00391,0.00017,0.00109,0.00810
1403636933.701747894287109,0.00264,0.00019,0.00001,0.00367,0.00000,0.00145,0.00796
1403636933.751747608184814,0.00280,0.00019,0.00006,0.00354,0.00003,0.00125,0.00788
1403636933.801747798919678,0.00243,0.00014,0.00001,0.00362,0.00083,0.00123,0.00826
1403636933.851747989654541,0.00228,0.00014,0.00042,0.00376,0.00004,0.00108,0.00771
1403636933.901748180389404,0.00226,0.00016,0.00001,0.00380,0.00002,0.00127,0.00751
1403636933.951747179031372,0.00229,0.00015,0.00040,0.00378,0.00077,0.00131,0.00870
1403636934.051743745803833,0.00221,0.00017,0.00776,0.00426,0.00084,0.00123,0.01646
1403636934.101741313934326,0.00242,0.00020,0.00140,0.00408,0.00000,0.00128,0.00939
1403636934.151738882064819,0.00218,0.00014,0.00026,0.00382,0.00000,0.00101,0.00741
1403636934.201738357543945,0.00209,0.00010,0.00004,0.00407,0.00000,0.00128,0.00757
1403636934.251736402511597,0.00234,0.00014,0.00241,0.00362,0.00003,0.00120,0.00974
1403636934.301736354827881,0.00204,0.00010,0.00006,0.00319,0.00009,0.00104,0.00652
1403636934.351737022399902,0.00229,0.00009,0.00001,0.00314,0.00000,0.00122,0.00675
1403636934.401737689971924,0.00254,0.00019,0.00017,0.00267,0.00002,0.00120,0.00678
1403636934.451738357543945,0.00221,0.00009,0.00007,0.00251,0.00006,0.00112,0.00606
1403636934.501739501953125,0.00219,0.00009,0.00001,0.00252,0.00006,0.00106,0.00592
1403636934.551739931106567,0.00188,0.00009,0.00007,0.00236,0.00078,0.00118,0.00636
1403636934.601740360260010,0.00197,0.00015,0.00055,0.00199,0.00000,0.00125,0.00591
1403636934.651739597320557,0.00186,0.00009,0.00336,0.00177,0.00894,0.00103,0.01706
1403636934.701740503311157,0.00280,0.00018,0.00154,0.00299,0.00075,0.00122,0.00947
1403636934.751741170883179,0.00234,0.00013,0.00009,0.00310,0.00070,0.00119,0.00755
1403636934.801740646362305,0.00226,0.00018,0.00009,0.00316,0.00000,0.00118,0.00687
1403636934.851739883422852,0.00242,0.00014,0.00140,0.00294,0.00252,0.00099,0.01040
1403636934.901737689971924,0.00237,0.00013,0.00001,0.00353,0.00008,0.00130,0.00742
1403636934.951736211776733,0.00212,0.00010,0.00003,0.00354,0.00000,0.00107,0.00686
1403636935.001731395721436,0.00217,0.00009,0.00021,0.00359,0.00110,0.00127,0.00844
1403636935.051728963851929,0.00233,0.00012,0.00030,0.00366,0.00005,0.00138,0.00785
1403636935.101726770401001,0.00222,0.00017,0.00009,0.00336,0.00004,0.00108,0.00697
1403636935.151725530624390,0.00205,0.00014,0.00001,0.00345,0.00005,0.00129,0.00699
1403636935.201725244522095,0.00202,0.00011,0.00010,0.00340,0.00002,0.00099,0.00663
1403636935.251727104187012,0.00227,0.00018,0.00974,0.00331,0.00289,0.00108,0.01948
1403636935.301727533340454,0.00226,0.00020,0.00200,0.00393,0.00000,0.00132,0.00972
1403636935.351727962493896,0.00217,0.00016,0.00001,0.00396,0.00000,0.00106,0.00736
1403636935.401727676391602,0.00210,0.00010,0.00001,0.00399,0.00000,0.00138,0.00757
1403636935.451728105545044,0.00221,0.00011,0.00155,0.00429,0.00000,0.00117,0.00933
1403636935.501728534698486,0.00210,0.00010,0.00009,0.00403,0.00000,0.00101,0.00733
1403636935.551728963851929,0.00197,0.00010,0.00019,0.00402,0.00000,0.00099,0.00727
1403636935.601729154586792,0.00192,0.00010,0.00001,0.00396,0.00000,0.00098,0.00697
1403636935.651729106903076,0.00201,0.00010,0.00038,0.00399,0.00000,0.00098,0.00746
1403636935.701728582382202,0.00186,0.00010,0.00009,0.00433,0.00000,0.00094,0.00732
1403636935.751727581024170,0.00208,0.00010,0.00004,0.00401,0.00000,0.00109,0.00732
1403636935.801726818084717,0.00213,0.00010,0.00095,0.00383,0.00000,0.00098,0.00800
1403636935.851725101470947,0.00200,0.00010,0.00805,0.00376,0.00000,0.00098,0.01488
1403636935.901724100112915,0.00204,0.00009,0.00081,0.00368,0.00010,0.00091,0.00765
1403636935.951723098754883,0.00216,0.00010,0.00001,0.00414,0.00000,0.00124,0.00765
1403636936.001722097396851,0.00238,0.00016,0.00001,0.00385,0.00000,0.00133,0.00773
1403636936.051722049713135,0.00219,0.00018,0.00181,0.00372,0.00002,0.00128,0.00920
1403636936.101721763610840,0.00194,0.00013,0.00073,0.00351,0.00003,0.00101,0.00736
1403636936.151722431182861,0.00152,0.00010,0.00001,0.00358,0.00000,0.00088,0.00609
1403636936.201724529266357,0.00227,0.00018,0.00029,0.00382,0.00002,0.00089,0.00748
1403636936.251727342605591,0.00221,0.00016,0.00001,0.00370,0.00006,0.00138,0.00752
1403636936.301729917526245,0.00219,0.00013,0.00005,0.00356,0.00081,0.00131,0.00805
1403636936.351732254028320,0.00197,0.00018,0.00001,0.00358,0.00083,0.00121,0.00779
1403636936.401735305786133,0.00228,0.00019,0.00025,0.00370,0.00000,0.00127,0.00770
1403636936.451742410659790,0.00196,0.00014,0.00766,0.00352,0.00008,0.00128,0.01463
1403636936.501740932464600,0.00210,0.00013,0.00195,0.00360,0.00006,0.00100,0.00883
1403636936.551740407943726,0.00214,0.00012,0.00001,0.00363,0.00000,0.00099,0.00688
1403636936.601739883422852,0.00200,0.00013,0.00001,0.00361,0.00000,0.00096,0.00671
1403636936.651737689971924,0.00193,0.00011,0.00203,0.00378,0.00020,0.00116,0.00921
1403636936.701736211776733,0.00224,0.00015,0.00072,0.00394,0.00006,0.00098,0.00809
1403636936.751735687255859,0.00217,0.00013,0.00001,0.00347,0.00000,0.00129,0.00707
1403636936.801734685897827,0.00235,0.00012,0.00001,0.00342,0.00079,0.00120,0.00789
1403636936.851734638214111,0.00202,0.00014,0.00019,0.00362,0.00004,0.00130,0.00732
1403636936.901734113693237,0.00215,0.00010,0.00026,0.00370,0.00004,0.00105,0.00730
1403636936.951734542846680,0.00218,0.00015,0.00001,0.00354,0.00000,0.00163,0.00751
1403636937.001734256744385,0.00171,0.00014,0.00001,0.00335,0.00114,0.00092,0.00728
1403636937.051734924316406,0.00411,0.00018,0.00762,0.00328,0.00038,0.00125,0.01683
1403636937.101734638214111,0.00206,0.00012,0.00075,0.00351,0.00006,0.00144,0.00794
1403636937.151733398437500,0.00209,0.00017,0.00004,0.00362,0.00000,0.00115,0.00707
1403636937.201732873916626,0.00200,0.00011,0.00009,0.00309,0.00002,0.00101,0.00632
1403636937.251734018325806,0.00206,0.00011,0.00005,0.00299,0.00310,0.00116,0.00948
1403636937.301733255386353,0.00209,0.00014,0.00079,0.00328,0.00005,0.00118,0.00753
1403636937.351733207702637,0.00201,0.00014,0.00007,0.00308,0.00000,0.00107,0.00635
1403636937.401733398437500,0.00191,0.00010,0.00009,0.00312,0.00000,0.00101,0.00624
1403636937.451733589172363,0.00230,0.00018,0.00001,0.00310,0.00008,0.00116,0.00682
1403636937.501733541488647,0.00218,0.00015,0.00004,0.00319,0.00000,0.00116,0.00673
1403636937.551733732223511,0.00191,0.00017,0.00001,0.00298,0.00000,0.00110,0.00616
1403636937.601733684539795,0.00185,0.00015,0.00015,0.00267,0.00002,0.00093,0.00579
1403636937.651733636856079,0.00214,0.00018,0.00529,0.00253,0.00310,0.00110,0.01434
1403636937.701734542846680,0.00187,0.00014,0.00007,0.00300,0.00076,0.00099,0.00684
1403636937.751734256744385,0.00192,0.00011,0.00005,0.00292,0.00010,0.00100,0.00610
1403636937.801733970642090,0.00301,0.00017,0.00016,0.00289,0.00006,0.00118,0.00747
1403636937.851734161376953,0.00246,0.00015,0.00004,0.00272,0.00010,0.00100,0.00648
1403636937.901733636856079,0.00270,0.00016,0.00010,0.00251,0.00071,0.00129,0.00748
1403636937.951733112335205,0.00210,0.00012,0.00019,0.00264,0.00000,0.00126,0.00632
1403636938.001732587814331,0.00240,0.00013,0.00013,0.00258,0.00036,0.00134,0.00694
1403636938.051732063293457,0.00232,0.00014,0.00009,0.00270,0.00011,0.00132,0.00667
1403636938.101731538772583,0.00229,0.00017,0.00013,0.00210,0.00000,0.00100,0.00569
1403636938.151732206344604,0.00222,0.00009,0.00006,0.00242,0.00000,0.00144,0.00622
1403636938.201732158660889,0.00233,0.00015,0.00019,0.00205,0.00078,0.00104,0.00654
1403636938.251734018325806,0.00233,0.00012,0.00331,0.00182,0.00526,0.00092,0.01375
1403636938.301734447479248,0.00231,0.00012,0.00004,0.00269,0.00018,0.00131,0.00665
1403636938.351738214492798,0.00224,0.00013,0.00563,0.00259,0.00500,0.00113,0.01672
1403636938.401737928390503,0.00232,0.00014,0.00001,0.00326,0.00086,0.00133,0.00792
1403636938.451737165451050,0.00209,0.00014,0.00005,0.00317,0.00018,0.00117,0.00678
1403636938.501737356185913,0.00203,0.00013,0.00010,0.00303,0.00089,0.00127,0.00744
1403636938.551737070083618,0.00236,0.00014,0.00003,0.00300,0.00000,0.00147,0.00701
1403636938.601737022399902,0.00216,0.00015,0.00009,0.00305,0.00005,0.00125,0.00676
1403636938.651736497879028,0.00199,0.00010,0.00003,0.00298,0.00008,0.00116,0.00633
1403636938.701735734939575,0.00215,0.00013,0.00001,0.00299,0.00000,0.00113,0.00640
1403636938.751735448837280,0.00199,0.00009,0.00001,0.00320,0.00000,0.00123,0.00651
1403636938.801734209060669,0.00235,0.00017,0.00001,0.00302,0.00005,0.00194,0.00753
1403636938.851734161376953,0.00220,0.00018,0.00337,0.00298,0.00096,0.00092,0.01062
1403636938.901734590530396,0.00235,0.00017,0.00001,0.00344,0.00080,0.00096,0.00772
1403636938.951734781265259,0.00218,0.00017,0.00609,0.00306,0.00086,0.00095,0.01331
1403636939.001734256744385,0.00243,0.00018,0.00001,0.00333,0.00013,0.00144,0.00752
1403636939.051733732223511,0.00210,0.00010,0.00001,0.00326,0.00107,0.00094,0.00748
1403636939.101733207702637,0.00247,0.00020,0.00009,0.00341,0.00079,0.00168,0.00864
1403636939.151731729507446,0.00229,0.00019,0.00004,0.00356,0.00000,0.00128,0.00736
1403636939.201731204986572,0.00236,0.00019,0.00012,0.00366,0.00077,0.00110,0.00821
1403636939.251730680465698,0.00227,0.00018,0.00005,0.00343,0.00007,0.00131,0.00730
1403636939.301729917526245,0.00198,0.00019,0.00019,0.00327,0.00001,0.00110,0.00675
1403636939.351729393005371,0.00232,0.00018,0.00007,0.00338,0.00003,0.00129,0.00726
1403636939.401728391647339,0.00198,0.00009,0.00001,0.00335,0.00110,0.00106,0.00759
1403636939.451727867126465,0.00191,0.00009,0.00409,0.00334,0.00023,0.00104,0.01071
1403636939.501727581024170,0.00200,0.00009,0.00003,0.00352,0.00005,0.00118,0.00687
1403636939.551727294921875,0.00212,0.00016,0.00362,0.00331,0.00220,0.00119,0.01260
1403636939.601726770401001,0.00341,0.00017,0.00010,0.00368,0.00015,0.00126,0.00877
1403636939.651726484298706,0.00292,0.00014,0.00015,0.00352,0.00002,0.00096,0.00771
1403636939.701727151870728,0.00266,0.00018,0.00017,0.00369,0.00005,0.00091,0.00766
1403636939.751727342605591,0.00244,0.00018,0.00011,0.00331,0.00000,0.00127,0.00731
1403636939.801727533340454,0.00212,0.00013,0.00014,0.00341,0.00005,0.00122,0.00707
1403636939.851728200912476,0.00247,0.00012,0.00014,0.00302,0.00015,0.00134,0.00725
1403636939.901728153228760,0.00231,0.00013,0.00007,0.00320,0.00075,0.00128,0.00774
1403636939.951728820800781,0.00234,0.00011,0.00027,0.00281,0.00011,0.00130,0.00694
1403636940.001729965209961,0.00241,0.00015,0.00033,0.00275,0.00000,0.00130,0.00695
1403636940.051729440689087,0.00230,0.00015,0.00204,0.00276,0.00308,0.00127,0.01160
1403636940.101729393005371,0.00229,0.00010,0.00004,0.00358,0.00079,0.00118,0.00797
1403636940.151729106903076,0.00218,0.00010,0.00361,0.00328,0.00205,0.00097,0.01219
1403636940.201729059219360,0.00223,0.00019,0.00760,0.00414,0.00030,0.00098,0.01545
1403636940.251729011535645,0.00232,0.00018,0.00005,0.00370,0.00081,0.00122,0.00828
1403636940.301729202270508,0.00218,0.00010,0.00025,0.00374,0.00000,0.00099,0.00725
1403636940.351728677749634,0.00203,0.00009,0.00009,0.00319,0.00011,0.00102,0.00653
1403636940.401728630065918,0.00196,0.00010,0.00010,0.00301,0.00014,0.00097,0.00629
1403636940.451728582382202,0.00326,0.00019,0.00018,0.00300,0.00076,0.00138,0.00876
1403636940.501728773117065,0.00256,0.00017,0.00028,0.00307,0.00002,0.00122,0.00731
1403636940.551729202270508,0.00227,0.00014,0.00027,0.00308,0.00073,0.00116,0.00764
1403636940.601728677749634,0.00220,0.00011,0.00028,0.00328,0.00057,0.00096,0.00740
1403636940.651728391647339,0.00198,0.00013,0.00001,0.00279,0.00226,0.00092,0.00810
1403636940.701728343963623,0.00225,0.00016,0.00049,0.00323,0.00043,0.00136,0.00791
1403636940.751728296279907,0.00238,0.00019,0.00207,0.00280,0.00243,0.00101,0.01089
1403636940.801727533340454,0.00201,0.00013,0.00642,0.00330,0.00007,0.00122,0.01316
1403636940.851727485656738,0.00230,0.00014,0.00019,0.00340,0.00002,0.00097,0.00703
1403636940.901727914810181,0.00362,0.00015,0.00005,0.00350,0.00005,0.00093,0.00830
1403636940.951729059219360,0.00251,0.00010,0.00040,0.00294,0.00000,0.00091,0.00686
1403636941.001728773117065,0.00184,0.00011,0.00548,0.00291,0.00402,0.00099,0.01535
1403636941.051729440689087,0.00244,0.00019,0.00206,0.00375,0.00000,0.00134,0.00979
1403636941.101730346679688,0.00221,0.00010,0.00033,0.00367,0.00000,0.00112,0.00743
1403636941.151729822158813,0.00206,0.00010,0.00025,0.00356,0.00002,0.00109,0.00707
1403636941.201730012893677,0.00211,0.00009,0.00019,0.00345,0.00010,0.00102,0.00695
1403636941.251729726791382,0.00199,0.00009,0.00036,0.00349,0.00013,0.00108,0.00715
1403636941.301729917526245,0.00210,0.00010,0.00039,0.00382,0.00009,0.00101,0.00751
1403636941.351729631423950,0.00209,0.00010,0.00001,0.00374,0.00120,0.00121,0.00835
1403636941.401730060577393,0.00204,0.00017,0.00329,0.00383,0.00000,0.00093,0.01025
1403636941.451730728149414,0.00216,0.00019,0.00592,0.00369,0.00000,0.00127,0.01324
1403636941.501730918884277,0.00218,0.00018,0.00006,0.00378,0.00000,0.00130,0.00750
1403636941.551731348037720,0.00248,0.00023,0.00020,0.00347,0.00000,0.00117,0.00755
1403636941.601733446121216,0.00369,0.00014,0.00352,0.00373,0.00002,0.00100,0.01210
1403636941.651733875274658,0.00258,0.00016,0.00033,0.00376,0.00074,0.00121,0.00878
1403636941.701734304428101,0.00219,0.00014,0.00044,0.00315,0.00022,0.00099,0.00714
1403636941.751734495162964,0.00220,0.00014,0.00018,0.00324,0.00074,0.00105,0.00755
1403636941.801734447479248,0.00211,0.00013,0.00016,0.00341,0.00000,0.00108,0.00688
1403636941.851735115051270,0.00214,0.00009,0.00010,0.00334,0.00000,0.00103,0.00671
1403636941.901735067367554,0.00205,0.00010,0.00046,0.00333,0.00000,0.00105,0.00700
1403636941.951734781265259,0.00216,0.00009,0.00070,0.00394,0.00000,0.00125,0.00814
1403636942.001732587814331,0.00217,0.00011,0.00005,0.00321,0.00216,0.00118,0.00888
1403636942.051731824874878,0.00229,0.00025,0.00421,0.00323,0.00118,0.00110,0.01226
1403636942.101731061935425,0.00222,0.00022,0.00023,0.00358,0.00003,0.00126,0.00755
1403636942.151730298995972,0.00200,0.00018,0.00539,0.00335,0.00003,0.00123,0.01219
1403636942.201729536056519,0.00200,0.00019,0.00269,0.00315,0.00277,0.00107,0.01187
1403636942.251729249954224,0.00298,0.00017,0.00081,0.00388,0.00003,0.00126,0.00914
1403636942.301729440689087,0.00251,0.00017,0.00004,0.00380,0.00014,0.00123,0.00789
1403636942.351728916168213,0.00227,0.00017,0.00003,0.00409,0.00000,0.00128,0.00784
1403636942.401729106903076,0.00223,0.00017,0.00020,0.00372,0.00000,0.00134,0.00766
1403636942.451729059219360,0.00210,0.00014,0.00024,0.00316,0.00009,0.00103,0.00676
1403636942.501729011535645,0.00211,0.00009,0.00004,0.00316,0.00000,0.00101,0.00641
1403636942.551728248596191,0.00200,0.00013,0.00007,0.00291,0.00003,0.00101,0.00613
1403636942.601727962493896,0.00205,0.00009,0.00019,0.00284,0.00005,0.00102,0.00626
1403636942.651727199554443,0.00214,0.00009,0.00199,0.00281,0.00254,0.00099,0.01056
1403636942.701727151870728,0.00211,0.00009,0.00069,0.00286,0.00076,0.00094,0.00745
1403636942.751726865768433,0.00206,0.00018,0.00352,0.00293,0.00220,0.00112,0.01202
1403636942.801727771759033,0.00221,0.00018,0.00473,0.00297,0.00223,0.00110,0.01341
1403636942.851728200912476,0.00330,0.00011,0.00003,0.00330,0.00003,0.00111,0.00788
1403636942.901728630065918,0.00255,0.00019,0.00035,0.00286,0.00015,0.00118,0.00727
1403636942.951729059219360,0.00265,0.00010,0.00015,0.00276,0.00002,0.00084,0.00652
1403636943.001729726791382,0.00237,0.00018,0.00016,0.00318,0.00005,0.00131,0.00726
1403636943.051730155944824,0.00223,0.00014,0.00028,0.00250,0.00035,0.00089,0.00639
1403636943.101730108261108,0.00221,0.00017,0.00011,0.00248,0.00001,0.00131,0.00630
1403636943.151730298995972,0.00212,0.00009,0.00007,0.00264,0.00069,0.00142,0.00704
1403636943.201730728149414,0.00215,0.00014,0.00060,0.00234,0.00005,0.00126,0.00653
1403636943.251730918884277,0.00229,0.00018,0.00001,0.00241,0.00218,0.00101,0.00808
1403636943.301730871200562,0.00211,0.00009,0.00008,0.00257,0.00006,0.00102,0.00594
1403636943.351730585098267,0.00205,0.00009,0.00025,0.00262,0.00594,0.00132,0.01227
1403636943.401728630065918,0.00214,0.00017,0.00978,0.00319,0.00182,0.00095,0.01805
1403636943.451729059219360,0.00206,0.00019,0.00019,0.00384,0.00002,0.00105,0.00735
1403636943.501729249954224,0.00197,0.00012,0.00065,0.00388,0.00005,0.00118,0.00785
1403636943.551729202270508,0.00196,0.00017,0.00013,0.00344,0.00003,0.00116,0.00688
1403636943.601729393005371,0.00226,0.00016,0.00001,0.00364,0.00000,0.00119,0.00726
1403636943.651728868484497,0.00206,0.00017,0.00001,0.00344,0.00000,0.00090,0.00657
1403636943.701729059219360,0.00193,0.00016,0.00030,0.00338,0.00083,0.00087,0.00747
1403636943.751729249954224,0.00256,0.00017,0.00014,0.00347,0.00059,0.00102,0.00794
1403636943.801728010177612,0.00237,0.00016,0.00002,0.00332,0.00005,0.00142,0.00733
1403636943.851726293563843,0.00308,0.00015,0.00035,0.00308,0.00024,0.00119,0.00810
1403636943.901724100112915,0.00242,0.00017,0.00022,0.00315,0.00029,0.00141,0.00767
1403636943.951722383499146,0.00224,0.00015,0.00058,0.00285,0.00000,0.00101,0.00683
1403636944.001720666885376,0.00230,0.00017,0.00664,0.00272,0.00375,0.00124,0.01682
1403636944.051720619201660,0.00240,0.00018,0.00033,0.00328,0.00000,0.00110,0.00729
1403636944.101718664169312,0.00208,0.00017,0.00143,0.00298,0.00079,0.00118,0.00863
1403636944.151718378067017,0.00276,0.00017,0.00028,0.00292,0.00002,0.00101,0.00715
1403636944.201717853546143,0.00249,0.00015,0.00043,0.00327,0.00003,0.00101,0.00738
1403636944.251718282699585,0.00205,0.00014,0.00038,0.00248,0.00001,0.00087,0.00595
1403636944.301719188690186,0.00245,0.00012,0.00039,0.00337,0.00236,0.00098,0.00967
1403636944.351719141006470,0.00195,0.00010,0.00018,0.00320,0.00041,0.00094,0.00678
1403636944.401721000671387,0.00221,0.00018,0.00467,0.00378,0.00000,0.00100,0.01184
1403636944.451722383499146,0.00231,0.00018,0.00108,0.00323,0.00000,0.00142,0.00822
1403636944.501722335815430,0.00203,0.00016,0.00037,0.00314,0.00000,0.00113,0.00683
1403636944.551722288131714,0.00221,0.00019,0.00035,0.00314,0.00001,0.00136,0.00726
1403636944.601720333099365,0.00197,0.00016,0.00528,0.00268,0.00106,0.00105,0.01219
1403636944.651719570159912,0.00260,0.00019,0.00004,0.00309,0.00004,0.00132,0.00729
1403636944.701718807220459,0.00193,0.00016,0.00445,0.00302,0.00146,0.00121,0.01223
1403636944.751718044281006,0.00197,0.00014,0.00034,0.00333,0.00079,0.00100,0.00757
1403636944.801717281341553,0.00216,0.00019,0.00004,0.00413,0.00000,0.00127,0.00781
1403636944.851717233657837,0.00216,0.00016,0.00130,0.00358,0.00000,0.00133,0.00853
1403636944.901717185974121,0.00199,0.00017,0.00010,0.00332,0.00000,0.00106,0.00664
1403636944.951717138290405,0.00198,0.00010,0.00004,0.00311,0.00002,0.00097,0.00623
1403636945.001715898513794,0.00216,0.00018,0.00473,0.00302,0.00060,0.00098,0.01169
1403636945.051718235015869,0.00220,0.00018,0.00121,0.00356,0.00117,0.00126,0.00959
1403636945.101719617843628,0.00194,0.00013,0.00006,0.00336,0.00003,0.00148,0.00699
1403636945.151720285415649,0.00203,0.00017,0.00006,0.00324,0.00003,0.00153,0.00706
1403636945.201721668243408,0.00182,0.00013,0.00391,0.00328,0.00005,0.00121,0.01041
1403636945.251721620559692,0.00209,0.00017,0.00001,0.00419,0.00005,0.00109,0.00760
1403636945.301722288131714,0.00202,0.00018,0.00310,0.00345,0.00006,0.00101,0.00983
1403636945.351721525192261,0.00215,0.00017,0.00008,0.00334,0.00003,0.00108,0.00684
1403636945.401720762252808,0.00212,0.00015,0.00001,0.00307,0.00003,0.00143,0.00681
1403636945.451720952987671,0.00189,0.00015,0.00001,0.00329,0.00005,0.00138,0.00677
1403636945.501720428466797,0.00218,0.00013,0.00001,0.00304,0.00004,0.00150,0.00689
1403636945.551721334457397,0.00203,0.00016,0.00001,0.00308,0.00004,0.00110,0.00641
1403636945.601721525192261,0.00197,0.00014,0.00384,0.00296,0.00083,0.00134,0.01108
1403636945.651721954345703,0.00237,0.00016,0.00004,0.00302,0.00108,0.00126,0.00795
1403636945.701722145080566,0.00211,0.00017,0.00004,0.00330,0.00004,0.00121,0.00688
1403636945.751722097396851,0.00213,0.00012,0.00001,0.00421,0.00004,0.00122,0.00773
1403636945.801722526550293,0.00213,0.00018,0.00378,0.00319,0.00005,0.00106,0.01039
1403636945.851722240447998,0.00203,0.00019,0.00001,0.00332,0.00005,0.00132,0.00693
1403636945.901721954345703,0.00181,0.00013,0.00279,0.00313,0.00004,0.00104,0.00894
1403636945.951720714569092,0.00189,0.00010,0.00001,0.00306,0.00003,0.00133,0.00642
1403636946.001718521118164,0.00200,0.00014,0.00001,0.00292,0.00004,0.00122,0.00632
1403636946.051717281341553,0.00189,0.00014,0.00008,0.00280,0.00016,0.00103,0.00610
1403636946.101716518402100,0.00227,0.00020,0.00001,0.00303,0.00004,0.00131,0.00685
1403636946.151715993881226,0.00206,0.00015,0.00001,0.00282,0.00003,0.00110,0.00617
1403636946.201716184616089,0.00214,0.00010,0.00248,0.00269,0.00148,0.00093,0.00982
1403636946.251716375350952,0.00209,0.00018,0.00010,0.00315,0.00003,0.00124,0.00680
1403636946.301716089248657,0.00182,0.00015,0.00007,0.00346,0.00013,0.00140,0.00704
1403636946.351716041564941,0.00199,0.00016,0.00001,0.00303,0.00003,0.00100,0.00623
1403636946.401716947555542,0.00197,0.00018,0.00327,0.00302,0.00191,0.00088,0.01123
1403636946.451717853546143,0.00198,0.00017,0.00004,0.00372,0.00004,0.00084,0.00678
1403636946.501717329025269,0.00200,0.00016,0.00352,0.00345,0.00002,0.00136,0.01052
1403636946.551717281341553,0.00182,0.00010,0.00001,0.00349,0.00040,0.00134,0.00717
1403636946.601717233657837,0.00183,0.00010,0.00004,0.00364,0.00000,0.00146,0.00706
1403636946.651717662811279,0.00202,0.00017,0.00084,0.00360,0.00000,0.00111,0.00775
1403636946.701717853546143,0.00206,0.00018,0.00004,0.00362,0.00000,0.00165,0.00756
1403636946.751717567443848,0.00248,0.00013,0.00019,0.00350,0.00000,0.00127,0.00756
1403636946.801718235015869,0.00202,0.00020,0.00394,0.00371,0.00000,0.00098,0.01085
1403636946.851718187332153,0.00281,0.00019,0.00051,0.00322,0.00000,0.00134,0.00809
1403636946.901718378067017,0.00217,0.00009,0.00015,0.00294,0.00006,0.00104,0.00646
1403636946.951719522476196,0.00216,0.00010,0.00003,0.00366,0.00004,0.00137,0.00735
1403636947.001719236373901,0.00243,0.00018,0.00262,0.00267,0.00270,0.00129,0.01189
1403636947.051718950271606,0.00219,0.00017,0.00013,0.00325,0.00003,0.00132,0.00710
1403636947.101719141006470,0.00196,0.00009,0.00322,0.00282,0.00016,0.00112,0.00938
1403636947.151716947555542,0.00209,0.00009,0.00001,0.00288,0.00000,0.00110,0.00617
1403636947.201714515686035,0.00215,0.00010,0.00001,0.00286,0.00003,0.00112,0.00626
1403636947.251710414886475,0.00217,0.00010,0.00006,0.00315,0.00144,0.00163,0.00855
1403636947.301709175109863,0.00219,0.00011,0.00060,0.00241,0.00003,0.00123,0.00657
1403636947.351709842681885,0.00196,0.00009,0.00104,0.00282,0.00002,0.00100,0.00693
1403636947.401707410812378,0.00203,0.00015,0.00626,0.00229,0.00529,0.00118,0.01719
1403636947.451708793640137,0.00208,0.00009,0.00004,0.00373,0.00004,0.00095,0.00693
1403636947.501712083816528,0.00214,0.00018,0.00011,0.00328,0.00005,0.00153,0.00728
1403636947.551716566085815,0.00196,0.00009,0.00001,0.00344,0.00000,0.00113,0.00664
1403636947.601720094680786,0.00198,0.00012,0.00148,0.00383,0.00284,0.00092,0.01117
1403636947.651720046997070,0.00199,0.00017,0.00007,0.00378,0.00000,0.00155,0.00756
1403636947.701720476150513,0.00199,0.00019,0.00258,0.00374,0.00000,0.00114,0.00965
1403636947.751719236373901,0.00201,0.00019,0.00001,0.00373,0.00000,0.00117,0.00710
1403636947.801716804504395,0.00196,0.00016,0.00006,0.00374,0.00000,0.00097,0.00689
1403636947.851714849472046,0.00181,0.00010,0.00003,0.00355,0.00000,0.00096,0.00644
1403636947.901714563369751,0.00196,0.00020,0.00006,0.00347,0.00000,0.00119,0.00688
1403636947.951713800430298,0.00290,0.00019,0.00010,0.00338,0.00002,0.00124,0.00784
1403636948.001711606979370,0.00221,0.00017,0.00527,0.00348,0.00086,0.00110,0.01309
1403636948.051710128784180,0.00230,0.00013,0.00011,0.00386,0.00005,0.00117,0.00762
1403636948.101709604263306,0.00227,0.00017,0.00006,0.00349,0.00004,0.00114,0.00717
1403636948.151709794998169,0.00237,0.00014,0.00001,0.00343,0.00000,0.00127,0.00722
1403636948.201709747314453,0.00205,0.00018,0.00005,0.00335,0.00081,0.00126,0.00770
1403636948.251709699630737,0.00229,0.00017,0.00005,0.00365,0.00003,0.00124,0.00744
1403636948.301709413528442,0.00206,0.00014,0.00258,0.00350,0.00004,0.00108,0.00940
1403636948.351708889007568,0.00216,0.00019,0.00004,0.00350,0.00000,0.00126,0.00715
1403636948.401709079742432,0.00225,0.00017,0.00004,0.00347,0.00003,0.00124,0.00720
1403636948.451709032058716,0.00197,0.00013,0.00020,0.00325,0.00002,0.00122,0.00679
1403636948.501708507537842,0.00209,0.00014,0.00459,0.00330,0.00150,0.00129,0.01291
1403636948.551707029342651,0.00230,0.00012,0.00076,0.00341,0.00080,0.00125,0.00864
1403636948.601706027984619,0.00220,0.00016,0.00420,0.00323,0.00000,0.00129,0.01108
1403636948.651705741882324,0.00219,0.00016,0.00009,0.00313,0.00004,0.00104,0.00666
1403636948.701705455780029,0.00218,0.00018,0.00013,0.00348,0.00052,0.00110,0.00759
1403636948.751705408096313,0.00226,0.00012,0.00001,0.00329,0.00000,0.00126,0.00694
1403636948.801706075668335,0.00211,0.00013,0.00007,0.00352,0.00126,0.00112,0.00821
1403636948.851707220077515,0.00258,0.00017,0.00037,0.00354,0.00003,0.00130,0.00798
1403636948.901708126068115,0.00193,0.00010,0.00288,0.00351,0.00003,0.00101,0.00946
1403636948.951710224151611,0.00194,0.00010,0.00058,0.00356,0.00000,0.00106,0.00723
1403636949.001711368560791,0.00203,0.00016,0.00075,0.00349,0.00003,0.00096,0.00743
1403636949.051711320877075,0.00208,0.00010,0.00002,0.00382,0.00000,0.00140,0.00742
1403636949.101711750030518,0.00210,0.00018,0.00342,0.00333,0.00021,0.00096,0.01020
1403636949.151711463928223,0.00197,0.00016,0.00004,0.00353,0.00003,0.00097,0.00671
1403636949.201712131500244,0.00217,0.00017,0.00453,0.00375,0.00003,0.00102,0.01167
1403636949.251710891723633,0.00201,0.00017,0.00036,0.00359,0.00080,0.00129,0.00823
1403636949.301712036132812,0.00201,0.00016,0.00020,0.00412,0.00000,0.00102,0.00752
1403636949.351711273193359,0.00196,0.00012,0.00001,0.00375,0.00000,0.00096,0.00680
1403636949.401711225509644,0.00181,0.00010,0.00072,0.00376,0.00000,0.00145,0.00784
1403636949.451711177825928,0.00203,0.00018,0.00038,0.00355,0.00000,0.00111,0.00724
1403636949.501711130142212,0.00221,0.00019,0.00345,0.00324,0.00000,0.00132,0.01042
1403636949.551711320877075,0.00274,0.00018,0.00001,0.00344,0.00000,0.00097,0.00733
1403636949.601711273193359,0.00233,0.00018,0.00009,0.00351,0.00006,0.00135,0.00751
1403636949.651710987091064,0.00198,0.00010,0.00013,0.00303,0.00000,0.00100,0.00624
1403636949.701710462570190,0.00275,0.00013,0.00250,0.00290,0.00086,0.00104,0.01019
1403636949.751709938049316,0.00229,0.00009,0.00006,0.00293,0.00079,0.00137,0.00753
1403636949.801710605621338,0.00230,0.00017,0.00398,0.00296,0.00145,0.00121,0.01208
1403636949.851710319519043,0.00239,0.00009,0.00018,0.00300,0.00016,0.00148,0.00731
1403636949.901709318161011,0.00217,0.00015,0.00005,0.00333,0.00005,0.00125,0.00700
1403636949.951709270477295,0.00188,0.00018,0.00060,0.00286,0.00000,0.00112,0.00665
1403636950.001708984375000,0.00225,0.00016,0.00017,0.00289,0.00002,0.00161,0.00710
1403636950.051709175109863,0.00223,0.00020,0.00029,0.00354,0.00005,0.00121,0.00753
1403636950.101709365844727,0.00237,0.00024,0.00361,0.00250,0.00140,0.00097,0.01110
1403636950.151709794998169,0.00260,0.00024,0.00015,0.00363,0.00010,0.00124,0.00797
1403636950.201709985733032,0.00201,0.00009,0.00007,0.00283,0.00006,0.00136,0.00642
1403636950.251711130142212,0.00203,0.00009,0.00220,0.00276,0.00157,0.00157,0.01023
1403636950.301712512969971,0.00223,0.00012,0.00235,0.00340,0.00103,0.00123,0.01037
1403636950.351713180541992,0.00192,0.00009,0.00001,0.00353,0.00003,0.00127,0.00686
1403636950.401714086532593,0.00222,0.00015,0.00307,0.00337,0.00116,0.00098,0.01095
1403636950.451713800430298,0.00208,0.00017,0.00003,0.00390,0.00002,0.00131,0.00751
1403636950.501713037490845,0.00204,0.00012,0.00006,0.00347,0.00003,0.00098,0.00669
1403636950.551712512969971,0.00281,0.00014,0.00053,0.00341,0.00047,0.00104,0.00839
1403636950.601711273193359,0.00211,0.00010,0.00055,0.00356,0.00000,0.00099,0.00731
1403636950.651710748672485,0.00230,0.00020,0.00061,0.00358,0.00000,0.00129,0.00797
1403636950.701709747314453,0.00227,0.00014,0.00311,0.00424,0.00003,0.00115,0.01093
1403636950.751708507537842,0.00226,0.00015,0.00032,0.00350,0.00000,0.00123,0.00746
1403636950.801707983016968,0.00208,0.00010,0.00038,0.00355,0.00004,0.00113,0.00727
1403636950.851707935333252,0.00220,0.00010,0.00080,0.00316,0.00002,0.00104,0.00731
1403636950.901706695556641,0.00277,0.00017,0.00198,0.00331,0.00082,0.00134,0.01039
1403636950.951706886291504,0.00259,0.00020,0.00020,0.00282,0.00012,0.00161,0.00754
1403636951.001706123352051,0.00222,0.00018,0.00113,0.00308,0.00154,0.00115,0.00931
1403636951.051706314086914,0.00220,0.00009,0.00004,0.00313,0.00002,0.00108,0.00656
1403636951.101706981658936,0.00240,0.00009,0.00379,0.00360,0.00087,0.00121,0.01196
1403636951.151710748672485,0.00237,0.00022,0.00012,0.00362,0.00046,0.00120,0.00800
1403636951.201714992523193,0.00215,0.00011,0.00010,0.00291,0.00010,0.00101,0.00638
1403636951.251718044281006,0.00204,0.00011,0.00021,0.00292,0.00012,0.00102,0.00642
1403636951.301720380783081,0.00208,0.00010,0.00288,0.00306,0.00003,0.00108,0.00923
1403636951.351721525192261,0.00199,0.00010,0.00034,0.00341,0.00019,0.00112,0.00716
1403636951.401721239089966,0.00328,0.00018,0.00034,0.00306,0.00015,0.00131,0.00831
1403636951.451721906661987,0.00208,0.00011,0.00352,0.00285,0.00075,0.00104,0.01035
1403636951.501720905303955,0.00214,0.00010,0.00034,0.00311,0.00170,0.00128,0.00867
1403636951.551720380783081,0.00265,0.00013,0.00004,0.00311,0.00080,0.00141,0.00814
1403636951.601720571517944,0.00231,0.00018,0.00060,0.00294,0.00081,0.00126,0.00810
1403636951.651721000671387,0.00216,0.00018,0.00052,0.00304,0.00002,0.00147,0.00740
1403636951.701721668243408,0.00292,0.00016,0.00237,0.00274,0.00066,0.00120,0.01006
1403636951.751722335815430,0.00222,0.00017,0.00069,0.00320,0.00000,0.00126,0.00754
1403636951.801722049713135,0.00338,0.00017,0.00047,0.00216,0.00000,0.00125,0.00743
1403636951.851721763610840,0.00215,0.00012,0.00008,0.00194,0.00004,0.00096,0.00530
1403636951.901721954345703,0.00242,0.00013,0.00126,0.00172,0.00224,0.00096,0.00872
1403636951.951722145080566,0.00250,0.00012,0.00062,0.00177,0.00102,0.00099,0.00702
1403636952.001721858978271,0.00205,0.00009,0.00056,0.00165,0.00015,0.00098,0.00548
1403636952.051721811294556,0.00293,0.00009,0.00037,0.00162,0.00341,0.00116,0.00958
1403636952.101721048355103,0.00227,0.00013,0.00058,0.00188,0.00084,0.00082,0.00652
1403636952.151720285415649,0.00312,0.00017,0.00064,0.00188,0.00003,0.00120,0.00704
1403636952.201720476150513,0.00272,0.00014,0.00084,0.00173,0.00002,0.00150,0.00695
1403636952.251719236373901,0.00286,0.00015,0.00174,0.00155,0.00110,0.00085,0.00826
1403636952.301718950271606,0.00358,0.00009,0.00062,0.00156,0.00006,0.00079,0.00669
1403636952.351718425750732,0.00336,0.00017,0.00055,0.00170,0.00000,0.00107,0.00685
1403636952.401717901229858,0.00291,0.00014,0.00026,0.00161,0.00000,0.00114,0.00606
1403636952.451716899871826,0.00312,0.00009,0.00017,0.00166,0.00172,0.00095,0.00771
1403636952.501715898513794,0.00275,0.00016,0.00023,0.00179,0.00069,0.00115,0.00676
1403636952.551715850830078,0.00318,0.00014,0.00035,0.00177,0.00000,0.00106,0.00651
1403636952.601715326309204,0.00331,0.00009,0.00018,0.00178,0.00016,0.00095,0.00646
1403636952.651715040206909,0.00273,0.00009,0.00046,0.00166,0.00004,0.00096,0.00594
1403636952.701715469360352,0.00280,0.00011,0.00036,0.00158,0.00039,0.00091,0.00616
1403636952.751715421676636,0.00341,0.00016,0.00037,0.00172,0.00004,0.00116,0.00685
1403636952.801715850830078,0.00314,0.00010,0.00059,0.00143,0.00008,0.00094,0.00628
1403636952.851716041564941,0.00291,0.00015,0.00019,0.00167,0.00037,0.00102,0.00631
1403636952.901715993881226,0.00302,0.00014,0.00029,0.00171,0.00033,0.00101,0.00650
1403636952.951716899871826,0.00298,0.00013,0.00025,0.00142,0.00000,0.00109,0.00587
1403636953.001717567443848,0.00276,0.00014,0.00018,0.00167,0.00021,0.00110,0.00607
1403636953.051719665527344,0.00288,0.00013,0.00016,0.00132,0.00003,0.00108,0.00560
1403636953.101721286773682,0.00283,0.00009,0.00014,0.00131,0.00038,0.00100,0.00575
1403636953.151722431182861,0.00256,0.00008,0.00011,0.00130,0.00000,0.00142,0.00546
1403636953.201724290847778,0.00276,0.00015,0.00006,0.00158,0.00037,0.00103,0.00595
1403636953.251725435256958,0.00231,0.00008,0.00015,0.00117,0.00015,0.00097,0.00484
1403636953.301725864410400,0.00240,0.00014,0.00019,0.00123,0.00063,0.00114,0.00573
1403636953.351725578308105,0.00223,0.00014,0.00021,0.00133,0.00039,0.00117,0.00548
1403636953.401726007461548,0.00253,0.00008,0.00002,0.00122,0.00019,0.00097,0.00502
1403636953.451726675033569,0.00217,0.00009,0.00004,0.00113,0.00034,0.00096,0.00473
1403636953.501727342605591,0.00242,0.00008,0.00008,0.00107,0.00031,0.00094,0.00490
1403636953.551727771759033,0.00225,0.00008,0.00040,0.00103,0.00107,0.00096,0.00580
1403636953.601726531982422,0.00235,0.00014,0.00024,0.00117,0.00005,0.00108,0.00504
1403636953.651725530624390,0.00266,0.00013,0.00019,0.00108,0.00040,0.00149,0.00595
1403636953.701725006103516,0.00244,0.00013,0.00017,0.00115,0.00207,0.00089,0.00685
1403636953.751725435256958,0.00243,0.00014,0.00010,0.00127,0.00082,0.00123,0.00598
1403636953.801725625991821,0.00240,0.00008,0.00012,0.00119,0.00026,0.00101,0.00506
1403636953.851726293563843,0.00250,0.00012,0.00012,0.00119,0.00026,0.00099,0.00518
1403636953.901726961135864,0.00265,0.00008,0.00004,0.00112,0.00020,0.00098,0.00507
1403636953.951727390289307,0.00276,0.00014,0.00016,0.00112,0.00057,0.00125,0.00600
1403636954.001727819442749,0.00315,0.00012,0.00038,0.00113,0.00009,0.00116,0.00603
1403636954.051728010177612,0.00213,0.00008,0.00038,0.00114,0.00045,0.00096,0.00514
1403636954.101727962493896,0.00278,0.00010,0.00017,0.00118,0.00030,0.00096,0.00549
1403636954.151728868484497,0.00269,0.00008,0.00045,0.00109,0.00000,0.00097,0.00528
1403636954.201729774475098,0.00317,0.00008,0.00025,0.00109,0.00098,0.00134,0.00691
1403636954.251730442047119,0.00225,0.00013,0.00014,0.00106,0.00067,0.00114,0.00539
1403636954.301730632781982,0.00267,0.00008,0.00030,0.00106,0.00158,0.00125,0.00694
1403636954.351731061935425,0.00260,0.00011,0.00018,0.00124,0.00000,0.00123,0.00536
1403636954.401731967926025,0.00278,0.00014,0.00033,0.00112,0.00072,0.00115,0.00624
1403636954.451731920242310,0.00261,0.00011,0.00016,0.00113,0.00081,0.00089,0.00572
1403636954.501732349395752,0.00288,0.00013,0.00025,0.00127,0.00022,0.00126,0.00602
1403636954.551732778549194,0.00255,0.00011,0.00033,0.00104,0.00091,0.00128,0.00622
1403636954.601732254028320,0.00322,0.00010,0.00034,0.00116,0.00002,0.00090,0.00574
1403636954.651731252670288,0.00305,0.00013,0.00033,0.00107,0.00002,0.00122,0.00582
1403636954.701730489730835,0.00319,0.00012,0.00025,0.00101,0.00060,0.00107,0.00625
1403636954.751729488372803,0.00207,0.00008,0.00023,0.00108,0.00133,0.00098,0.00578
1403636954.801729679107666,0.00327,0.00009,0.00018,0.00132,0.00015,0.00098,0.00598
1403636954.851728916168213,0.00308,0.00009,0.00059,0.00120,0.00056,0.00097,0.00649
1403636954.901730060577393,0.00257,0.00011,0.00038,0.00133,0.00029,0.00097,0.00565
1403636954.951730251312256,0.00309,0.00020,0.00024,0.00159,0.00000,0.00123,0.00636
1403636955.001730918884277,0.00265,0.00011,0.00013,0.00118,0.00008,0.00094,0.00509
1403636955.051731109619141,0.00264,0.00014,0.00010,0.00134,0.00086,0.00081,0.00590
1403636955.101731300354004,0.00284,0.00013,0.00014,0.00128,0.00041,0.00091,0.00571
1403636955.151731252670288,0.00281,0.00011,0.00066,0.00111,0.00413,0.00081,0.00963
1403636955.201730728149414,0.00268,0.00015,0.00016,0.00155,0.00292,0.00117,0.00863
1403636955.251730680465698,0.00270,0.00012,0.00029,0.00190,0.00003,0.00113,0.00617
1403636955.301730871200562,0.00253,0.00010,0.00024,0.00221,0.00013,0.00092,0.00612
1403636955.351730823516846,0.00282,0.00011,0.00023,0.00183,0.00000,0.00082,0.00580
1403636955.401731252670288,0.00289,0.00014,0.00011,0.00174,0.00039,0.00121,0.00649
1403636955.451731681823730,0.00283,0.00012,0.00021,0.00159,0.00018,0.00097,0.00590
1403636955.501731872558594,0.00424,0.00011,0.00038,0.00148,0.00062,0.00107,0.00791
1403636955.551731824874878,0.00247,0.00011,0.00036,0.00142,0.00007,0.00118,0.00560
1403636955.601731300354004,0.00351,0.00016,0.00026,0.00145,0.00076,0.00102,0.00716
1403636955.651730775833130,0.00258,0.00015,0.00030,0.00147,0.00008,0.00110,0.00567
1403636955.701731443405151,0.00245,0.00008,0.00007,0.00155,0.00040,0.00144,0.00600
1403636955.751731157302856,0.00242,0.00015,0.00034,0.00156,0.00223,0.00154,0.00823
1403636955.801730632781982,0.00219,0.00011,0.00004,0.00161,0.00000,0.00120,0.00515
1403636955.851731538772583,0.00196,0.00013,0.00003,0.00150,0.00017,0.00105,0.00484
1403636955.901732444763184,0.00223,0.00009,0.00018,0.00159,0.00012,0.00098,0.00520
1403636955.951733350753784,0.00254,0.00011,0.00035,0.00157,0.00067,0.00130,0.00654
1403636956.001734495162964,0.00260,0.00011,0.00038,0.00157,0.00036,0.00118,0.00620
1403636956.051734924316406,0.00206,0.00012,0.00037,0.00159,0.00477,0.00104,0.00996
1403636956.101734876632690,0.00191,0.00013,0.00297,0.00225,0.00013,0.00119,0.00858
1403636956.151734828948975,0.00300,0.00015,0.00221,0.00225,0.00042,0.00119,0.00923
1403636956.201735258102417,0.00221,0.00013,0.00126,0.00206,0.00025,0.00101,0.00692
1403636956.251735210418701,0.00217,0.00017,0.00049,0.00212,0.00093,0.00138,0.00726
1403636956.301736831665039,0.00212,0.00015,0.00061,0.00189,0.00220,0.00104,0.00801
1403636956.351737022399902,0.00204,0.00014,0.00023,0.00218,0.00032,0.00106,0.00596
1403636956.401737213134766,0.00214,0.00017,0.00025,0.00224,0.00000,0.00127,0.00608
1403636956.451737642288208,0.00194,0.00021,0.00039,0.00203,0.00155,0.00148,0.00761
1403636956.501738548278809,0.00206,0.00015,0.00270,0.00256,0.00043,0.00180,0.00969
1403636956.551737070083618,0.00218,0.00016,0.00219,0.00297,0.00043,0.00117,0.00910
1403636956.601736068725586,0.00213,0.00016,0.00001,0.00272,0.00000,0.00139,0.00642
1403636956.651734590530396,0.00204,0.00013,0.00007,0.00229,0.00039,0.00103,0.00594
1403636956.701732397079468,0.00211,0.00017,0.00573,0.00227,0.00144,0.00167,0.01341
1403636956.751730918884277,0.00193,0.00016,0.00244,0.00241,0.00010,0.00107,0.00811
1403636956.801730632781982,0.00181,0.00010,0.00090,0.00256,0.00017,0.00098,0.00653
1403636956.851730823516846,0.00250,0.00019,0.00001,0.00277,0.00027,0.00101,0.00675
1403636956.901731252670288,0.00235,0.00015,0.00034,0.00283,0.00059,0.00098,0.00724
1403636956.951730489730835,0.00271,0.00019,0.00025,0.00307,0.00024,0.00105,0.00752
1403636957.001730918884277,0.00243,0.00016,0.00022,0.00248,0.00015,0.00131,0.00674
1403636957.051730871200562,0.00232,0.00018,0.00021,0.00244,0.00000,0.00126,0.00642
1403636957.101730108261108,0.00226,0.00014,0.00155,0.00189,0.00155,0.00122,0.00862
1403636957.151730060577393,0.00208,0.00009,0.00004,0.00234,0.00119,0.00113,0.00687
1403636957.201730251312256,0.00224,0.00018,0.00047,0.00205,0.00002,0.00133,0.00627
1403636957.251730442047119,0.00180,0.00010,0.00007,0.00185,0.00002,0.00106,0.00489
1403636957.301729679107666,0.00239,0.00022,0.00282,0.00183,0.00315,0.00091,0.01132
1403636957.351729869842529,0.00255,0.00018,0.00160,0.00289,0.00110,0.00125,0.00957
1403636957.401729345321655,0.00230,0.00017,0.00189,0.00243,0.00000,0.00132,0.00812
1403636957.451729059219360,0.00232,0.00018,0.00026,0.00327,0.00018,0.00104,0.00724
1403636957.501727581024170,0.00179,0.00010,0.00525,0.00213,0.00073,0.00097,0.01097
1403636957.551727294921875,0.00210,0.00010,0.00013,0.00203,0.00034,0.00099,0.00569
1403636957.601727247238159,0.00164,0.00009,0.00005,0.00180,0.00006,0.00087,0.00451
1403636957.651727199554443,0.00219,0.00011,0.00012,0.00178,0.00009,0.00100,0.00530
1403636957.701726913452148,0.00291,0.00016,0.00041,0.00194,0.00177,0.00101,0.00820
1403636957.751726627349854,0.00253,0.00014,0.00049,0.00192,0.00000,0.00126,0.00633
1403636957.801725864410400,0.00227,0.00014,0.00084,0.00167,0.00000,0.00115,0.00606
1403636957.851725578308105,0.00221,0.00011,0.00047,0.00175,0.00015,0.00106,0.00576
1403636957.901726484298706,0.00226,0.00014,0.00036,0.00135,0.00096,0.00099,0.00606
1403636957.951726675033569,0.00215,0.00015,0.00008,0.00130,0.00000,0.00135,0.00504
1403636958.001727342605591,0.00206,0.00010,0.00018,0.00113,0.00026,0.00094,0.00466
1403636958.051727771759033,0.00196,0.00015,0.00034,0.00093,0.00007,0.00122,0.00468
1403636958.101727247238159,0.00257,0.00009,0.00040,0.00060,0.00284,0.00092,0.00743
1403636958.201724529266357,0.00188,0.00013,0.00141,0.00070,0.00000,0.00102,0.00513
1403636958.251724243164062,0.00213,0.00012,0.00019,0.00062,0.00002,0.00120,0.00428
1403636958.301722288131714,0.00198,0.00008,0.00045,0.00059,0.00516,0.00102,0.00929
1403636958.351722002029419,0.00195,0.00009,0.00002,0.00149,0.00022,0.00092,0.00469
1403636958.401721715927124,0.00221,0.00009,0.00007,0.00126,0.00000,0.00099,0.00462
1403636958.451721429824829,0.00212,0.00009,0.00002,0.00126,0.00000,0.00097,0.00445
1403636958.501721143722534,0.00211,0.00008,0.00009,0.00107,0.00020,0.00099,0.00454
1403636958.551720142364502,0.00218,0.00008,0.00003,0.00120,0.00084,0.00100,0.00532
1403636958.601719617843628,0.00214,0.00008,0.00004,0.00127,0.00000,0.00095,0.00448
1403636958.651719331741333,0.00220,0.00014,0.00001,0.00131,0.00008,0.00128,0.00503
1403636958.701719760894775,0.00221,0.00013,0.00006,0.00110,0.00336,0.00118,0.00805
1403636958.751720190048218,0.00194,0.00008,0.00003,0.00157,0.00229,0.00097,0.00688
1403636958.801720619201660,0.00201,0.00012,0.00000,0.00172,0.00000,0.00094,0.00480
1403636958.851720333099365,0.00193,0.00011,0.00002,0.00174,0.00073,0.00096,0.00549
1403636958.901720762252808,0.00197,0.00012,0.00002,0.00187,0.00066,0.00098,0.00562
1403636958.951723814010620,0.00182,0.00008,0.00001,0.00188,0.00403,0.00086,0.00868
1403636959.001724958419800,0.00226,0.00016,0.00001,0.00253,0.00000,0.00126,0.00621
1403636959.051726341247559,0.00207,0.00014,0.00001,0.00232,0.00000,0.00115,0.00570
1403636959.101727485656738,0.00186,0.00014,0.00001,0.00232,0.00015,0.00113,0.00562
1403636959.151728630065918,0.00206,0.00011,0.00013,0.00233,0.00085,0.00122,0.00670
1403636959.201729059219360,0.00203,0.00014,0.00001,0.00261,0.00000,0.00113,0.00592
1403636959.251728773117065,0.00198,0.00014,0.00001,0.00244,0.00076,0.00117,0.00651
1403636959.301728010177612,0.00222,0.00015,0.00007,0.00254,0.00025,0.00110,0.00634
1403636959.351727724075317,0.00206,0.00012,0.00001,0.00244,0.00029,0.00085,0.00577
1403636959.401727676391602,0.00187,0.00013,0.00002,0.00238,0.00009,0.00092,0.00541
1403636959.451727867126465,0.00170,0.00009,0.00003,0.00236,0.00000,0.00083,0.00502
1403636959.501727581024170,0.00227,0.00016,0.00010,0.00249,0.00128,0.00136,0.00767
1403636959.551726818084717,0.00205,0.00015,0.00003,0.00268,0.00169,0.00089,0.00748
1403636959.601726293563843,0.00208,0.00009,0.00001,0.00279,0.00000,0.00091,0.00589
1403636959.651726484298706,0.00207,0.00016,0.00001,0.00258,0.00000,0.00121,0.00602
1403636959.701726913452148,0.00194,0.00009,0.00009,0.00234,0.00029,0.00098,0.00573
1403636959.751727581024170,0.00188,0.00012,0.00201,0.00245,0.00150,0.00130,0.00925
1403636959.801728487014771,0.00205,0.00011,0.00003,0.00288,0.00002,0.00116,0.00626
1403636959.851728916168213,0.00179,0.00013,0.00005,0.00281,0.00015,0.00097,0.00590
1403636959.901728868484497,0.00216,0.00017,0.00009,0.00306,0.00339,0.00117,0.01004
1403636959.951729297637939,0.00222,0.00018,0.00097,0.00359,0.00077,0.00112,0.00884
1403636960.001729249954224,0.00194,0.00018,0.00001,0.00368,0.00000,0.00113,0.00695
1403636960.051729917526245,0.00218,0.00018,0.00008,0.00374,0.00010,0.00146,0.00774
1403636960.101732254028320,0.00218,0.00016,0.00001,0.00364,0.00000,0.00108,0.00707
1403636960.151731967926025,0.00203,0.00013,0.00028,0.00354,0.00017,0.00096,0.00712
1403636960.201731920242310,0.00196,0.00012,0.00010,0.00352,0.00000,0.00094,0.00664
1403636960.251730918884277,0.00201,0.00011,0.00000,0.00343,0.00000,0.00096,0.00652
1403636960.301729679107666,0.00231,0.00016,0.00040,0.00327,0.00022,0.00121,0.00757
1403636960.351731300354004,0.00214,0.00013,0.00100,0.00317,0.00090,0.00116,0.00850
1403636960.401731491088867,0.00195,0.00013,0.00006,0.00342,0.00013,0.00148,0.00717
1403636960.451732158660889,0.00209,0.00014,0.00007,0.00342,0.00008,0.00113,0.00694
1403636960.501731634140015,0.00190,0.00012,0.00001,0.00328,0.00014,0.00099,0.00644
1403636960.551731824874878,0.00200,0.00011,0.00034,0.00277,0.00009,0.00096,0.00628
1403636960.601731538772583,0.00208,0.00011,0.00000,0.00279,0.00000,0.00146,0.00644
1403636960.651731252670288,0.00206,0.00014,0.00031,0.00266,0.00024,0.00128,0.00668
1403636960.701730966567993,0.00194,0.00013,0.00000,0.00295,0.00000,0.00097,0.00599
1403636960.751731395721436,0.00198,0.00017,0.00007,0.00301,0.00053,0.00125,0.00702
1403636960.801732301712036,0.00256,0.00016,0.00011,0.00297,0.00003,0.00097,0.00680
1403636960.851732254028320,0.00220,0.00015,0.00004,0.00290,0.00133,0.00123,0.00784
1403636960.901731729507446,0.00205,0.00013,0.00006,0.00297,0.00009,0.00102,0.00633
1403636960.951731204986572,0.00198,0.00015,0.00053,0.00274,0.00413,0.00112,0.01064
1403636961.001729011535645,0.00243,0.00018,0.00011,0.00350,0.00079,0.00088,0.00790
1403636961.051728487014771,0.00224,0.00015,0.00042,0.00314,0.00051,0.00138,0.00785
1403636961.101727724075317,0.00271,0.00016,0.00079,0.00307,0.00082,0.00101,0.00856
1403636961.151727676391602,0.00211,0.00014,0.00244,0.00315,0.00253,0.00098,0.01135
1403636961.201727867126465,0.00199,0.00013,0.00011,0.00358,0.00000,0.00097,0.00678
1403636961.251727819442749,0.00217,0.00013,0.00053,0.00305,0.00000,0.00136,0.00725
1403636961.301727294921875,0.00221,0.00015,0.00038,0.00298,0.00000,0.00105,0.00678
1403636961.351726055145264,0.00224,0.00014,0.00312,0.00298,0.00250,0.00090,0.01189
1403636961.401726722717285,0.00223,0.00024,0.00010,0.00350,0.00046,0.00090,0.00742
1403636961.451727151870728,0.00224,0.00016,0.00014,0.00307,0.00009,0.00128,0.00698
1403636961.501726627349854,0.00220,0.00017,0.00012,0.00276,0.00000,0.00113,0.00638
1403636961.551726341247559,0.00205,0.00016,0.00009,0.00275,0.00115,0.00119,0.00739
1403636961.601726293563843,0.00195,0.00018,0.00014,0.00295,0.00002,0.00115,0.00639
1403636961.651726961135864,0.00207,0.00011,0.00344,0.00276,0.00026,0.00121,0.00985
1403636961.701727151870728,0.00190,0.00013,0.00008,0.00233,0.00139,0.00099,0.00682
1403636961.751726388931274,0.00208,0.00009,0.00004,0.00242,0.00237,0.00092,0.00792
1403636961.801726818084717,0.00253,0.00010,0.00031,0.00302,0.00001,0.00137,0.00734
1403636961.851727247238159,0.00218,0.00014,0.00008,0.00228,0.00000,0.00114,0.00582
1403636961.901726245880127,0.00217,0.00010,0.00186,0.00214,0.00545,0.00101,0.01272
1403636961.951726675033569,0.00198,0.00010,0.00256,0.00280,0.00215,0.00116,0.01075
1403636962.001726627349854,0.00217,0.00014,0.00011,0.00314,0.00000,0.00125,0.00680
1403636962.051726818084717,0.00208,0.00012,0.00003,0.00299,0.00000,0.00102,0.00624
1403636962.101726770401001,0.00189,0.00013,0.00013,0.00335,0.00000,0.00093,0.00642
1403636962.151726722717285,0.00192,0.00013,0.00003,0.00275,0.00012,0.00092,0.00586
1403636962.201726913452148,0.00198,0.00011,0.00009,0.00246,0.00066,0.00087,0.00617
1403636962.251726865768433,0.00264,0.00015,0.00230,0.00237,0.00536,0.00129,0.01409
1403636962.301726818084717,0.00228,0.00017,0.00064,0.00328,0.00005,0.00110,0.00752
1403636962.351727008819580,0.00225,0.00011,0.00449,0.00314,0.00227,0.00114,0.01340
1403636962.401727199554443,0.00226,0.00014,0.00016,0.00296,0.00000,0.00094,0.00646
1403636962.451727628707886,0.00212,0.00017,0.00007,0.00325,0.00000,0.00103,0.00665
1403636962.501727342605591,0.00211,0.00011,0.00010,0.00300,0.00085,0.00087,0.00705
1403636962.551727294921875,0.00224,0.00015,0.00116,0.00264,0.00236,0.00119,0.00975
1403636962.601726770401001,0.00195,0.00016,0.00021,0.00305,0.00000,0.00115,0.00653
1403636962.651726245880127,0.00275,0.00014,0.00018,0.00312,0.00001,0.00095,0.00715
1403636962.701726436614990,0.00226,0.00014,0.00069,0.00300,0.00000,0.00087,0.00697
1403636962.751725912094116,0.00221,0.00012,0.00009,0.00275,0.00000,0.00093,0.00609
1403636962.801724195480347,0.00216,0.00016,0.00267,0.00224,0.00418,0.00106,0.01248
1403636962.851723194122314,0.00221,0.00016,0.00061,0.00312,0.00182,0.00105,0.00896
1403636962.901722908020020,0.00201,0.00010,0.00012,0.00305,0.00074,0.00087,0.00690
1403636962.951723337173462,0.00207,0.00018,0.00270,0.00306,0.00245,0.00119,0.01165
1403636963.001724481582642,0.00204,0.00016,0.00007,0.00398,0.00011,0.00130,0.00767
1403636963.051724672317505,0.00196,0.00010,0.00004,0.00359,0.00000,0.00095,0.00663
1403636963.101725101470947,0.00179,0.00014,0.00010,0.00349,0.00085,0.00098,0.00735
1403636963.151724338531494,0.00216,0.00012,0.00006,0.00332,0.00010,0.00092,0.00668
1403636963.201724767684937,0.00163,0.00015,0.00616,0.00335,0.00207,0.00090,0.01427
1403636963.251724720001221,0.00206,0.00010,0.00001,0.00377,0.00000,0.00080,0.00673
1403636963.301724672317505,0.00214,0.00017,0.00008,0.00395,0.00000,0.00125,0.00758
1403636963.351724386215210,0.00193,0.00014,0.00001,0.00414,0.00000,0.00124,0.00745
1403636963.401724100112915,0.00213,0.00012,0.00253,0.00417,0.00059,0.00099,0.01054
1403636963.451723814010620,0.00243,0.00018,0.00065,0.00381,0.00003,0.00093,0.00802
1403636963.501722574234009,0.00239,0.00014,0.00071,0.00394,0.00003,0.00122,0.00843
1403636963.551722288131714,0.00203,0.00013,0.00251,0.00398,0.00068,0.00104,0.01036
1403636963.601722478866577,0.00193,0.00011,0.00003,0.00389,0.00000,0.00134,0.00731
1403636963.651722908020020,0.00214,0.00014,0.00008,0.00379,0.00000,0.00122,0.00737
1403636963.701723575592041,0.00199,0.00015,0.00008,0.00403,0.00018,0.00129,0.00771
1403636963.751723766326904,0.00213,0.00014,0.00001,0.00378,0.00000,0.00123,0.00729
1403636963.801723003387451,0.00218,0.00014,0.00550,0.00356,0.00207,0.00108,0.01453
1403636963.851723194122314,0.00222,0.00015,0.00008,0.00458,0.00000,0.00084,0.00788
1403636963.901723146438599,0.00223,0.00014,0.00016,0.00437,0.00011,0.00135,0.00836
1403636963.951723575592041,0.00201,0.00015,0.00003,0.00405,0.00000,0.00103,0.00728
1403636964.001723527908325,0.00185,0.00011,0.00252,0.00428,0.00000,0.00112,0.00988
1403636964.051723718643188,0.00206,0.00019,0.00409,0.00376,0.00004,0.00094,0.01108
1403636964.101723432540894,0.00206,0.00014,0.00080,0.00375,0.00020,0.00138,0.00834
1403636964.151723623275757,0.00193,0.00014,0.00182,0.00362,0.00023,0.00117,0.00890
1403636964.201723575592041,0.00211,0.00018,0.00007,0.00413,0.00000,0.00088,0.00736
1403636964.251723051071167,0.00271,0.00014,0.00015,0.00379,0.00012,0.00143,0.00834
1403636964.301722526550293,0.00217,0.00015,0.00015,0.00365,0.00086,0.00105,0.00803
1403636964.351722478866577,0.00228,0.00012,0.00003,0.00387,0.00000,0.00126,0.00756
1403636964.401721954345703,0.00201,0.00010,0.00326,0.00365,0.00143,0.00097,0.01143
1403636964.451721906661987,0.00200,0.00009,0.00006,0.00407,0.00000,0.00132,0.00755
1403636964.501721382141113,0.00216,0.00011,0.00035,0.00371,0.00000,0.00100,0.00733
1403636964.551720380783081,0.00213,0.00014,0.00046,0.00354,0.00010,0.00140,0.00777
1403636964.601719379425049,0.00204,0.00014,0.00106,0.00369,0.00084,0.00101,0.00879
1403636964.651718616485596,0.00187,0.00011,0.00366,0.00345,0.00088,0.00120,0.01118
1403636964.701717376708984,0.00211,0.00016,0.00071,0.00376,0.00003,0.00101,0.00779
1403636964.751715660095215,0.00231,0.00015,0.00220,0.00388,0.00018,0.00132,0.01004
1403636964.801715373992920,0.00232,0.00014,0.00490,0.00344,0.00084,0.00152,0.01316
1403636964.851715326309204,0.00227,0.00013,0.00084,0.00357,0.00088,0.00108,0.00878
1403636964.901714563369751,0.00227,0.00014,0.00024,0.00341,0.00007,0.00105,0.00718
1403636964.951714038848877,0.00270,0.00017,0.00068,0.00338,0.00000,0.00135,0.00828
1403636965.001713275909424,0.00244,0.00014,0.00085,0.00286,0.00026,0.00118,0.00773
1403636965.051712512969971,0.00237,0.00015,0.00006,0.00249,0.00000,0.00168,0.00676
1403636965.101711750030518,0.00229,0.00013,0.00004,0.00239,0.00000,0.00110,0.00595
1403636965.151710987091064,0.00214,0.00012,0.00027,0.00275,0.00004,0.00129,0.00661
1403636965.201709985733032,0.00300,0.00019,0.00036,0.00254,0.00055,0.00139,0.00804
1403636965.251709938049316,0.00249,0.00014,0.00016,0.00220,0.00460,0.00113,0.01073
1403636965.301708936691284,0.00228,0.00012,0.00008,0.00296,0.00074,0.00100,0.00717
1403636965.351709127426147,0.00227,0.00010,0.00067,0.00285,0.00153,0.00096,0.00837
1403636965.401707172393799,0.00205,0.00009,0.00348,0.00268,0.00337,0.00090,0.01258
1403636965.451707124710083,0.00200,0.00011,0.00003,0.00281,0.00012,0.00148,0.00655
1403636965.501705884933472,0.00215,0.00013,0.00358,0.00230,0.00374,0.00125,0.01315
1403636965.551704168319702,0.00295,0.00014,0.00021,0.00281,0.00006,0.00107,0.00724
1403636965.601702213287354,0.00242,0.00014,0.00017,0.00243,0.00014,0.00088,0.00619
1403636965.651700019836426,0.00198,0.00013,0.00016,0.00220,0.00002,0.00096,0.00546
1403636965.701698780059814,0.00234,0.00015,0.00043,0.00205,0.00000,0.00121,0.00618
1403636965.751699447631836,0.00272,0.00009,0.00020,0.00199,0.00657,0.00119,0.01276
1403636965.801698684692383,0.00222,0.00012,0.00036,0.00266,0.00037,0.00125,0.00698
1403636965.851699829101562,0.00218,0.00009,0.00001,0.00263,0.00000,0.00109,0.00599
1403636965.901701450347900,0.00202,0.00009,0.00008,0.00262,0.00002,0.00102,0.00585
1403636965.951703548431396,0.00197,0.00020,0.00024,0.00274,0.00078,0.00097,0.00690
1403636966.001705169677734,0.00196,0.00009,0.00018,0.00257,0.00438,0.00118,0.01037
1403636966.051707029342651,0.00181,0.00012,0.00037,0.00327,0.00079,0.00099,0.00736
1403636966.101712465286255,0.00222,0.00013,0.00661,0.00320,0.00117,0.00093,0.01427
1403636966.151710271835327,0.00193,0.00011,0.00123,0.00339,0.00055,0.00096,0.00818
1403636966.201706886291504,0.00201,0.00014,0.00069,0.00329,0.00223,0.00140,0.00976
1403636966.251706123352051,0.00298,0.00015,0.00026,0.00399,0.00082,0.00105,0.00926
1403636966.301705837249756,0.00244,0.00014,0.00252,0.00338,0.00099,0.00102,0.01049
1403636966.351704120635986,0.00233,0.00015,0.00004,0.00356,0.00084,0.00089,0.00781
1403636966.401703596115112,0.00235,0.00016,0.00017,0.00335,0.00072,0.00095,0.00769
1403636966.451702117919922,0.00236,0.00015,0.00010,0.00360,0.00000,0.00096,0.00717
1403636966.501700639724731,0.00211,0.00010,0.00040,0.00329,0.00008,0.00110,0.00708
1403636966.551701068878174,0.00191,0.00011,0.00029,0.00328,0.00000,0.00096,0.00655
1403636966.601701736450195,0.00203,0.00014,0.00001,0.00326,0.00000,0.00090,0.00634
1403636966.651701450347900,0.00208,0.00010,0.00041,0.00313,0.00000,0.00094,0.00665
1403636966.701703310012817,0.00219,0.00013,0.00419,0.00315,0.00381,0.00091,0.01439
1403636966.751702547073364,0.00208,0.00011,0.00209,0.00390,0.00000,0.00089,0.00908
1403636966.801703691482544,0.00225,0.00015,0.00930,0.00387,0.00000,0.00124,0.01681
1403636966.851703166961670,0.00217,0.00009,0.00075,0.00417,0.00000,0.00128,0.00847
1403636966.901702165603638,0.00184,0.00010,0.00248,0.00368,0.00040,0.00098,0.00950
1403636966.951701879501343,0.00224,0.00018,0.00004,0.00403,0.00015,0.00121,0.00786
1403636967.001702070236206,0.00215,0.00019,0.00004,0.00389,0.00000,0.00126,0.00752
1403636967.051702022552490,0.00221,0.00018,0.00023,0.00381,0.00000,0.00123,0.00766
1403636967.101701736450195,0.00206,0.00010,0.00007,0.00378,0.00004,0.00104,0.00709
1403636967.151701688766479,0.00202,0.00009,0.00001,0.00398,0.00000,0.00132,0.00742
1403636967.201701879501343,0.00223,0.00015,0.00001,0.00362,0.00000,0.00101,0.00702
1403636967.251701831817627,0.00207,0.00014,0.00039,0.00400,0.00000,0.00098,0.00757
1403636967.301701545715332,0.00204,0.00014,0.00338,0.00361,0.00082,0.00120,0.01120
1403636967.351701736450195,0.00202,0.00014,0.00100,0.00372,0.00076,0.00098,0.00862
1403636967.401701450347900,0.00192,0.00012,0.00717,0.00381,0.00000,0.00138,0.01441
1403636967.451701879501343,0.00221,0.00015,0.00073,0.00395,0.00000,0.00123,0.00826
1403636967.501701831817627,0.00198,0.00011,0.00260,0.00365,0.00000,0.00103,0.00938
1403636967.551701784133911,0.00208,0.00009,0.00032,0.00372,0.00014,0.00101,0.00736
1403636967.601702213287354,0.00203,0.00010,0.00006,0.00374,0.00000,0.00100,0.00693
1403636967.651702404022217,0.00198,0.00015,0.00001,0.00372,0.00000,0.00101,0.00687
1403636967.701702117919922,0.00203,0.00010,0.00001,0.00363,0.00079,0.00096,0.00752
1403636967.751702070236206,0.00191,0.00010,0.00001,0.00375,0.00000,0.00095,0.00672
1403636967.801701784133911,0.00204,0.00011,0.00001,0.00383,0.00000,0.00096,0.00695
1403636967.851701974868774,0.00222,0.00018,0.00012,0.00374,0.00013,0.00123,0.00762
1403636967.901701927185059,0.00215,0.00014,0.00267,0.00369,0.00148,0.00114,0.01127
1403636967.951702356338501,0.00203,0.00010,0.00071,0.00390,0.00000,0.00106,0.00779
1403636968.001702308654785,0.00201,0.00011,0.00690,0.00411,0.00000,0.00134,0.01446
1403636968.051702499389648,0.00233,0.00018,0.00078,0.00377,0.00000,0.00110,0.00816
1403636968.101702690124512,0.00194,0.00011,0.00262,0.00377,0.00002,0.00091,0.00937
1403636968.151702880859375,0.00224,0.00014,0.00055,0.00392,0.00015,0.00095,0.00795
1403636968.201703071594238,0.00295,0.00014,0.00002,0.00383,0.00000,0.00144,0.00838
1403636968.251703500747681,0.00216,0.00010,0.00035,0.00351,0.00000,0.00111,0.00723
1403636968.301703453063965,0.00214,0.00016,0.00015,0.00349,0.00003,0.00122,0.00718
1403636968.351703166961670,0.00223,0.00013,0.00001,0.00357,0.00000,0.00129,0.00723
1403636968.401703119277954,0.00222,0.00011,0.00001,0.00348,0.00000,0.00110,0.00693
1403636968.451703310012817,0.00199,0.00013,0.00014,0.00329,0.00000,0.00146,0.00701
1403636968.501702785491943,0.00217,0.00012,0.00104,0.00339,0.00295,0.00122,0.01089
1403636968.551703214645386,0.00212,0.00012,0.00081,0.00403,0.00002,0.00110,0.00820
1403636968.601702213287354,0.00199,0.00010,0.00517,0.00377,0.00083,0.00110,0.01295
1403636968.651701211929321,0.00225,0.00012,0.00073,0.00426,0.00000,0.00124,0.00859
1403636968.701701641082764,0.00208,0.00015,0.00287,0.00417,0.00000,0.00111,0.01038
1403636968.751701354980469,0.00203,0.00009,0.00414,0.00398,0.00000,0.00098,0.01122
1403636968.801701068878174,0.00202,0.00010,0.00001,0.00398,0.00000,0.00105,0.00715
1403636968.851701021194458,0.00200,0.00010,0.00001,0.00407,0.00000,0.00125,0.00742
1403636968.901701211929321,0.00227,0.00012,0.00006,0.00399,0.00078,0.00165,0.00887
1403636968.951702117919922,0.00211,0.00013,0.00010,0.00402,0.00003,0.00113,0.00751
1403636969.001702308654785,0.00363,0.00014,0.00001,0.00402,0.00000,0.00171,0.00951
1403636969.051702260971069,0.00270,0.00014,0.00064,0.00396,0.00000,0.00135,0.00879
1403636969.101702213287354,0.00256,0.00019,0.00030,0.00381,0.00003,0.00136,0.00825
1403636969.151702165603638,0.00268,0.00014,0.00094,0.00398,0.00084,0.00120,0.00978
1403636969.201701879501343,0.00247,0.00016,0.00458,0.00405,0.00003,0.00143,0.01272
1403636969.251701116561890,0.00241,0.00011,0.00010,0.00391,0.00003,0.00131,0.00788
1403636969.301700592041016,0.00259,0.00017,0.00150,0.00384,0.00148,0.00126,0.01084
1403636969.351700782775879,0.00251,0.00018,0.00304,0.00409,0.00000,0.00135,0.01119
1403636969.401701211929321,0.00241,0.00012,0.00043,0.00434,0.00000,0.00129,0.00860
1403636969.451702117919922,0.00252,0.00020,0.00059,0.00430,0.00000,0.00111,0.00873
1403636969.501701831817627,0.00209,0.00016,0.00068,0.00373,0.00002,0.00103,0.00770
1403636969.551702737808228,0.00237,0.00017,0.00896,0.00385,0.00013,0.00138,0.01686
1403636969.601702928543091,0.00215,0.00012,0.00003,0.00398,0.00002,0.00123,0.00754
1403636969.651703119277954,0.00235,0.00014,0.00007,0.00384,0.00000,0.00139,0.00780
1403636969.701704263687134,0.00216,0.00014,0.00005,0.00394,0.00006,0.00107,0.00741
1403636969.751704692840576,0.00206,0.00010,0.00004,0.00374,0.00004,0.00107,0.00706
1403636969.801704645156860,0.00216,0.00013,0.00403,0.00375,0.00085,0.00128,0.01220
1403636969.851704359054565,0.00230,0.00016,0.00001,0.00407,0.00003,0.00120,0.00778
1403636969.901704311370850,0.00194,0.00015,0.00008,0.00414,0.00083,0.00114,0.00828
1403636969.951704502105713,0.00212,0.00015,0.00144,0.00391,0.00000,0.00092,0.00854
1403636970.001703500747681,0.00208,0.00015,0.00035,0.00389,0.00000,0.00091,0.00739
1403636970.051702976226807,0.00216,0.00018,0.00049,0.00381,0.00001,0.00121,0.00787
1403636970.101701974868774,0.00191,0.00015,0.00013,0.00403,0.00003,0.00133,0.00758
1403636970.151702165603638,0.00205,0.00018,0.00498,0.00364,0.00004,0.00099,0.01189
1403636970.201702356338501,0.00213,0.00016,0.00010,0.00372,0.00075,0.00126,0.00811
1403636970.251703262329102,0.00210,0.00016,0.00006,0.00379,0.00000,0.00113,0.00724
1403636970.301703929901123,0.00178,0.00016,0.00003,0.00376,0.00005,0.00090,0.00667
1403636970.351705074310303,0.00213,0.00018,0.00003,0.00387,0.00078,0.00127,0.00826
1403636970.401703834533691,0.00340,0.00012,0.00285,0.00385,0.00004,0.00121,0.01148
1403636970.451704502105713,0.00255,0.00014,0.00009,0.00347,0.00004,0.00104,0.00733
1403636970.501705169677734,0.00250,0.00019,0.00036,0.00339,0.00005,0.00132,0.00781
1403636970.551704406738281,0.00233,0.00011,0.00069,0.00334,0.00079,0.00105,0.00832
1403636970.601704359054565,0.00246,0.00015,0.00017,0.00350,0.00002,0.00109,0.00740
1403636970.651704311370850,0.00244,0.00016,0.00008,0.00339,0.00014,0.00136,0.00757
1403636970.701704740524292,0.00236,0.00015,0.00056,0.00353,0.00020,0.00126,0.00806
1403636970.751705646514893,0.00237,0.00018,0.00309,0.00321,0.00076,0.00126,0.01087
1403636970.801705837249756,0.00221,0.00011,0.00083,0.00322,0.00000,0.00110,0.00746
1403636970.851705551147461,0.00211,0.00014,0.00046,0.00324,0.00000,0.00108,0.00703
1403636970.901706457138062,0.00203,0.00009,0.00072,0.00329,0.00006,0.00132,0.00751
1403636970.951708793640137,0.00213,0.00017,0.00783,0.00261,0.00228,0.00119,0.01621
1403636971.001708745956421,0.00191,0.00015,0.00256,0.00261,0.00018,0.00127,0.00868
1403636971.051708698272705,0.00212,0.00018,0.00009,0.00258,0.00013,0.00124,0.00633
1403636971.101708173751831,0.00205,0.00011,0.00012,0.00253,0.00023,0.00112,0.00616
1403636971.151708126068115,0.00203,0.00013,0.00001,0.00235,0.00027,0.00098,0.00576
1403636971.201707839965820,0.00208,0.00018,0.00001,0.00246,0.00004,0.00121,0.00598
1403636971.251707553863525,0.00203,0.00017,0.00013,0.00235,0.00080,0.00093,0.00641
1403636971.301707267761230,0.00203,0.00015,0.00030,0.00206,0.00002,0.00129,0.00585
1403636971.351706504821777,0.00192,0.00013,0.00062,0.00188,0.00408,0.00105,0.00968
1403636971.401706218719482,0.00325,0.00010,0.00014,0.00239,0.00001,0.00097,0.00685
1403636971.451706171035767,0.00244,0.00017,0.00005,0.00207,0.00002,0.00128,0.00603
1403636971.501706123352051,0.00219,0.00010,0.00014,0.00159,0.00005,0.00106,0.00514
1403636971.551702976226807,0.00224,0.00012,0.00284,0.00187,0.00658,0.00121,0.01486
1403636971.601702690124512,0.00236,0.00018,0.00233,0.00244,0.00094,0.00127,0.00952
1403636971.651702642440796,0.00207,0.00013,0.00001,0.00247,0.00004,0.00106,0.00579
1403636971.701702356338501,0.00209,0.00010,0.00028,0.00246,0.00027,0.00108,0.00629
1403636971.751701831817627,0.00203,0.00010,0.00041,0.00260,0.00038,0.00115,0.00667
1403636971.801701784133911,0.00212,0.00017,0.00031,0.00229,0.00003,0.00124,0.00616
1403636971.851702690124512,0.00221,0.00017,0.00036,0.00218,0.00010,0.00123,0.00625
1403636971.901703357696533,0.00230,0.00014,0.00037,0.00243,0.00008,0.00103,0.00634
1403636971.951704740524292,0.00208,0.00017,0.00436,0.00205,0.00250,0.00090,0.01205
1403636972.001704931259155,0.00211,0.00013,0.00004,0.00220,0.00008,0.00137,0.00594
1403636972.051705360412598,0.00202,0.00013,0.00018,0.00207,0.00036,0.00126,0.00601
1403636972.101705551147461,0.00212,0.00013,0.00008,0.00218,0.00024,0.00136,0.00611
1403636972.151705980300903,0.00200,0.00013,0.00001,0.00204,0.00333,0.00108,0.00859
1403636972.201706647872925,0.00201,0.00009,0.00041,0.00245,0.00069,0.00097,0.00663
1403636972.251706838607788,0.00202,0.00009,0.00004,0.00259,0.00012,0.00094,0.00580
1403636972.301707267761230,0.00192,0.00009,0.00009,0.00235,0.00008,0.00101,0.00555
1403636972.351708889007568,0.00283,0.00009,0.00004,0.00241,0.00015,0.00111,0.00663
1403636972.401711225509644,0.00214,0.00009,0.00005,0.00232,0.00005,0.00102,0.00568
1403636972.451713085174561,0.00198,0.00009,0.00001,0.00235,0.00069,0.00101,0.00613
1403636972.501714468002319,0.00195,0.00011,0.00001,0.00243,0.00011,0.00099,0.00559
1403636972.551714658737183,0.00250,0.00016,0.00424,0.00232,0.00118,0.00115,0.01155
1403636972.601715326309204,0.00219,0.00013,0.00001,0.00226,0.00070,0.00090,0.00619
1403636972.651715278625488,0.00207,0.00016,0.00003,0.00260,0.00013,0.00098,0.00597
1403636972.701715469360352,0.00209,0.00013,0.00021,0.00229,0.00113,0.00125,0.00711
1403636972.751715421676636,0.00195,0.00009,0.00001,0.00247,0.00019,0.00103,0.00574
1403636972.801715135574341,0.00183,0.00009,0.00010,0.00263,0.00032,0.00101,0.00599
1403636972.851715564727783,0.00214,0.00016,0.00001,0.00276,0.00007,0.00137,0.00651
1403636972.901715517044067,0.00214,0.00013,0.00001,0.00279,0.00048,0.00147,0.00702
1403636972.951716423034668,0.00227,0.00013,0.00001,0.00277,0.00055,0.00125,0.00698
1403636973.001716852188110,0.00198,0.00014,0.00003,0.00283,0.00006,0.00102,0.00606
1403636973.051717758178711,0.00203,0.00012,0.00001,0.00279,0.00000,0.00104,0.00599
1403636973.101718187332153,0.00198,0.00009,0.00001,0.00290,0.00012,0.00098,0.00608
1403636973.151719093322754,0.00184,0.00009,0.00332,0.00308,0.00035,0.00119,0.00987
1403636973.201719045639038,0.00199,0.00012,0.00001,0.00298,0.00002,0.00124,0.00636
1403636973.251718759536743,0.00196,0.00009,0.00001,0.00356,0.00016,0.00118,0.00697
1403636973.301718711853027,0.00205,0.00011,0.00001,0.00291,0.00008,0.00122,0.00638
1403636973.351718902587891,0.00195,0.00014,0.00001,0.00269,0.00020,0.00108,0.00607
1403636973.401718616485596,0.00211,0.00013,0.00018,0.00295,0.00024,0.00109,0.00670
1403636973.451719284057617,0.00210,0.00013,0.00007,0.00266,0.00014,0.00127,0.00637
1403636973.501718521118164,0.00195,0.00010,0.00001,0.00274,0.00008,0.00120,0.00608
1403636973.551718235015869,0.00203,0.00017,0.00001,0.00265,0.00018,0.00134,0.00638
1403636973.601717472076416,0.00214,0.00014,0.00009,0.00256,0.00006,0.00133,0.00631
1403636973.651717185974121,0.00165,0.00011,0.00002,0.00217,0.00000,0.00092,0.00487
1403636973.701717138290405,0.00209,0.00013,0.00012,0.00219,0.00013,0.00143,0.00609
1403636973.751716613769531,0.00198,0.00010,0.00383,0.00202,0.00132,0.00118,0.01043
1403636973.801715612411499,0.00187,0.00010,0.00012,0.00217,0.00043,0.00118,0.00587
1403636973.851716041564941,0.00202,0.00012,0.00001,0.00251,0.00016,0.00123,0.00605
1403636973.901716232299805,0.00203,0.00013,0.00001,0.00227,0.00040,0.00114,0.00597
1403636973.951717138290405,0.00178,0.00009,0.00001,0.00243,0.00052,0.00106,0.00588
1403636974.001718044281006,0.00190,0.00009,0.00012,0.00242,0.00027,0.00102,0.00583
1403636974.051718235015869,0.00202,0.00009,0.00001,0.00263,0.00010,0.00126,0.00610
1403636974.101718425750732,0.00205,0.00014,0.00001,0.00247,0.00008,0.00122,0.00597
1403636974.151718139648438,0.00183,0.00009,0.00001,0.00253,0.00015,0.00131,0.00593
1403636974.201717853546143,0.00202,0.00011,0.00001,0.00247,0.00008,0.00164,0.00633
1403636974.251717090606689,0.00199,0.00012,0.00001,0.00253,0.00000,0.00118,0.00584
1403636974.301716566085815,0.00195,0.00016,0.00001,0.00237,0.00026,0.00114,0.00589
1403636974.351715803146362,0.00212,0.00012,0.00316,0.00230,0.00042,0.00120,0.00933
1403636974.401715517044067,0.00190,0.00014,0.00003,0.00229,0.00003,0.00106,0.00544
1403636974.451715469360352,0.00182,0.00010,0.00001,0.00207,0.00013,0.00106,0.00517
1403636974.501715421676636,0.00264,0.00012,0.00003,0.00203,0.00015,0.00100,0.00596
1403636974.551714658737183,0.00181,0.00009,0.00011,0.00217,0.00027,0.00097,0.00543
1403636974.601714849472046,0.00206,0.00016,0.00017,0.00196,0.00059,0.00112,0.00605
1403636974.651715040206909,0.00311,0.00016,0.00010,0.00181,0.00005,0.00123,0.00646
1403636974.701715230941772,0.00211,0.00010,0.00013,0.00184,0.00074,0.00104,0.00596
1403636974.751715660095215,0.00218,0.00012,0.00025,0.00227,0.00019,0.00149,0.00650
1403636974.801717519760132,0.00238,0.00016,0.00023,0.00169,0.00008,0.00104,0.00557
1403636974.851719379425049,0.00234,0.00011,0.00041,0.00176,0.00000,0.00110,0.00572
1403636974.901720046997070,0.00228,0.00010,0.00009,0.00164,0.00034,0.00144,0.00590
1403636974.951719999313354,0.00218,0.00015,0.00026,0.00159,0.00479,0.00111,0.01008
1403636975.001718521118164,0.00232,0.00014,0.00011,0.00243,0.00006,0.00108,0.00615
1403636975.051717281341553,0.00232,0.00011,0.00035,0.00217,0.00013,0.00128,0.00635
1403636975.101716756820679,0.00212,0.00010,0.00044,0.00217,0.00005,0.00129,0.00617
1403636975.151715755462646,0.00224,0.00016,0.00001,0.00202,0.00018,0.00124,0.00583
1403636975.201716899871826,0.00211,0.00009,0.00338,0.00187,0.00452,0.00121,0.01319
1403636975.251716852188110,0.00222,0.00013,0.00022,0.00246,0.00005,0.00127,0.00636
1403636975.301716804504395,0.00200,0.00011,0.00010,0.00231,0.00008,0.00114,0.00574
1403636975.351716756820679,0.00221,0.00016,0.00042,0.00232,0.00018,0.00112,0.00642
1403636975.401716947555542,0.00208,0.00013,0.00003,0.00218,0.00010,0.00102,0.00554
1403636975.451717853546143,0.00209,0.00015,0.00013,0.00220,0.00000,0.00130,0.00587
1403636975.501718759536743,0.00196,0.00012,0.00001,0.00204,0.00023,0.00157,0.00593
1403636975.551718473434448,0.00203,0.00011,0.00001,0.00215,0.00092,0.00115,0.00637
1403636975.601718425750732,0.00218,0.00013,0.00007,0.00214,0.00013,0.00137,0.00602
1403636975.651718378067017,0.00196,0.00012,0.00006,0.00211,0.00015,0.00104,0.00543
1403636975.701718568801880,0.00196,0.00012,0.00001,0.00201,0.00005,0.00108,0.00523
1403636975.751718044281006,0.00193,0.00016,0.00001,0.00207,0.00020,0.00127,0.00565
1403636975.801717519760132,0.00216,0.00015,0.00269,0.00203,0.00166,0.00123,0.00992
1403636975.851716041564941,0.00190,0.00012,0.00001,0.00216,0.00006,0.00109,0.00534
1403636975.901714086532593,0.00192,0.00012,0.00001,0.00212,0.00008,0.00105,0.00530
1403636975.951711177825928,0.00197,0.00009,0.00007,0.00221,0.00030,0.00102,0.00566
1403636976.001709222793579,0.00189,0.00011,0.00001,0.00223,0.00010,0.00103,0.00538
1403636976.051707983016968,0.00193,0.00012,0.00009,0.00203,0.00000,0.00097,0.00514
1403636976.101707458496094,0.00188,0.00011,0.00005,0.00193,0.00013,0.00099,0.00510
1403636976.151707172393799,0.00200,0.00012,0.00022,0.00174,0.00014,0.00113,0.00535
1403636976.201707601547241,0.00296,0.00011,0.00015,0.00158,0.00005,0.00124,0.00610
1403636976.251708030700684,0.00219,0.00015,0.00006,0.00129,0.00015,0.00125,0.00509
1403636976.301708459854126,0.00246,0.00014,0.00006,0.00141,0.00011,0.00131,0.00550
1403636976.351708889007568,0.00204,0.00008,0.00017,0.00134,0.00017,0.00108,0.00490
1403636976.401709079742432,0.00220,0.00014,0.00082,0.00117,0.00204,0.00124,0.00761
1403636976.451709508895874,0.00188,0.00008,0.00006,0.00149,0.00007,0.00102,0.00460
1403636976.501709461212158,0.00185,0.00009,0.00003,0.00140,0.00034,0.00103,0.00474
1403636976.551710367202759,0.00221,0.00014,0.00005,0.00136,0.00030,0.00137,0.00544
1403636976.601711511611938,0.00206,0.00009,0.00012,0.00124,0.00009,0.00111,0.00471
1403636976.651712179183960,0.00203,0.00008,0.00045,0.00111,0.00002,0.00102,0.00470
1403636976.701712846755981,0.00188,0.00008,0.00001,0.00110,0.00071,0.00103,0.00481
1403636976.751713275909424,0.00193,0.00008,0.00002,0.00115,0.00048,0.00101,0.00467
1403636976.801713943481445,0.00188,0.00008,0.00003,0.00109,0.00015,0.00099,0.00422
1403636976.851714611053467,0.00214,0.00014,0.00014,0.00106,0.00016,0.00119,0.00483
1403636976.901715517044067,0.00205,0.00013,0.00006,0.00097,0.00055,0.00124,0.00500
1403636976.951715707778931,0.00253,0.00008,0.00005,0.00103,0.00003,0.00107,0.00479
1403636977.001713991165161,0.00210,0.00008,0.00006,0.00099,0.00518,0.00104,0.00945
1403636977.051714181900024,0.00234,0.00018,0.00009,0.00187,0.00067,0.00130,0.00644
1403636977.101713657379150,0.00229,0.00015,0.00003,0.00205,0.00073,0.00102,0.00627
1403636977.151713371276855,0.00225,0.00015,0.00009,0.00188,0.00016,0.00103,0.00556
1403636977.201713323593140,0.00227,0.00014,0.00001,0.00192,0.00010,0.00132,0.00575
1403636977.251712322235107,0.00200,0.00012,0.00004,0.00191,0.00023,0.00135,0.00564
1403636977.301712036132812,0.00215,0.00015,0.00001,0.00169,0.00019,0.00090,0.00509
1403636977.351711750030518,0.00179,0.00014,0.00130,0.00153,0.00130,0.00097,0.00703
1403636977.401711702346802,0.00233,0.00015,0.00010,0.00201,0.00078,0.00094,0.00633
1403636977.451711893081665,0.00219,0.00013,0.00009,0.00199,0.00027,0.00098,0.00564
1403636977.501711845397949,0.00295,0.00014,0.00016,0.00201,0.00224,0.00123,0.00872
1403636977.551711797714233,0.00209,0.00016,0.00001,0.00220,0.00005,0.00128,0.00580
1403636977.601711988449097,0.00225,0.00013,0.00033,0.00230,0.00033,0.00123,0.00657
1403636977.651712417602539,0.00204,0.00012,0.00007,0.00238,0.00004,0.00136,0.00601
1403636977.701712608337402,0.00289,0.00013,0.00001,0.00212,0.00003,0.00110,0.00629
1403636977.801712274551392,0.00215,0.00022,0.00057,0.00179,0.00019,0.00114,0.00607
1403636977.851712465286255,0.00236,0.00014,0.00026,0.00166,0.00079,0.00139,0.00661
1403636977.901712656021118,0.00207,0.00010,0.00021,0.00165,0.00003,0.00115,0.00522
1403636977.951713562011719,0.00204,0.00013,0.00016,0.00158,0.00132,0.00130,0.00654
1403636978.001713514328003,0.00229,0.00010,0.00140,0.00162,0.00229,0.00109,0.00880
1403636978.051713705062866,0.00211,0.00014,0.00006,0.00202,0.00074,0.00116,0.00622
1403636978.101713657379150,0.00215,0.00014,0.00005,0.00184,0.00050,0.00133,0.00600
1403636978.151713371276855,0.00228,0.00014,0.00033,0.00185,0.00138,0.00130,0.00728
1403636978.201714277267456,0.00179,0.00010,0.00018,0.00187,0.00042,0.00094,0.00530
1403636978.251714468002319,0.00173,0.00009,0.00004,0.00193,0.00176,0.00087,0.00641
1403636978.301713466644287,0.00130,0.00009,0.00418,0.00214,0.00406,0.00081,0.01259
1403636978.351713180541992,0.00190,0.00013,0.00010,0.00303,0.00010,0.00094,0.00621
1403636978.401713132858276,0.00234,0.00017,0.00009,0.00315,0.00001,0.00123,0.00699
1403636978.451713562011719,0.00212,0.00014,0.00003,0.00279,0.00005,0.00101,0.00614
1403636978.501714229583740,0.00231,0.00018,0.00014,0.00271,0.00014,0.00126,0.00674
1403636978.551714658737183,0.00313,0.00015,0.00018,0.00257,0.00006,0.00114,0.00723
1403636978.601714611053467,0.00271,0.00012,0.00239,0.00211,0.00087,0.00137,0.00957
1403636978.651714563369751,0.00247,0.00016,0.00009,0.00222,0.00010,0.00136,0.00640
1403636978.701714277267456,0.00300,0.00013,0.00026,0.00210,0.00003,0.00133,0.00686
1403636978.751714229583740,0.00205,0.00012,0.00013,0.00195,0.00178,0.00103,0.00705
1403636978.801714420318604,0.00206,0.00011,0.00042,0.00206,0.00021,0.00101,0.00588
1403636978.851714372634888,0.00216,0.00013,0.00025,0.00211,0.00016,0.00096,0.00577
1403636978.901714324951172,0.00205,0.00010,0.00225,0.00211,0.00386,0.00089,0.01126
1403636978.951715230941772,0.00205,0.00010,0.00006,0.00275,0.00002,0.00094,0.00592
1403636979.001714706420898,0.00224,0.00011,0.00027,0.00262,0.00013,0.00091,0.00627
1403636979.051714897155762,0.00205,0.00011,0.00004,0.00246,0.00005,0.00094,0.00566
1403636979.101716518402100,0.00274,0.00011,0.00310,0.00245,0.00342,0.00126,0.01308
1403636979.151715755462646,0.00252,0.00015,0.00021,0.00305,0.00085,0.00103,0.00780
1403636979.201715707778931,0.00239,0.00012,0.00208,0.00321,0.00085,0.00101,0.00966
1403636979.251715898513794,0.00242,0.00018,0.00007,0.00317,0.00004,0.00141,0.00730
1403636979.301715373992920,0.00242,0.00018,0.00026,0.00320,0.00004,0.00123,0.00733
1403636979.351715087890625,0.00252,0.00013,0.00006,0.00303,0.00062,0.00131,0.00767
1403636979.401714563369751,0.00220,0.00012,0.00003,0.00294,0.00049,0.00099,0.00677
1403636979.451714515686035,0.00217,0.00009,0.00017,0.00286,0.00092,0.00131,0.00753
1403636979.501715183258057,0.00222,0.00013,0.00234,0.00259,0.00076,0.00127,0.00932
1403636979.551718711853027,0.00213,0.00010,0.00006,0.00256,0.00021,0.00099,0.00605
1403636979.601720809936523,0.00210,0.00009,0.00050,0.00270,0.00051,0.00103,0.00694
1403636979.651724100112915,0.00218,0.00009,0.00293,0.00276,0.00149,0.00094,0.01039
1403636979.701728343963623,0.00201,0.00009,0.00209,0.00271,0.00137,0.00095,0.00921
1403636979.751732110977173,0.00210,0.00011,0.00001,0.00303,0.00005,0.00100,0.00629
1403636979.801738977432251,0.00212,0.00010,0.00225,0.00274,0.00015,0.00094,0.00830
1403636979.851742029190063,0.00217,0.00011,0.00012,0.00275,0.00003,0.00095,0.00613
1403636979.901743412017822,0.00245,0.00009,0.00026,0.00239,0.00038,0.00091,0.00649
1403636979.951743364334106,0.00214,0.00009,0.00038,0.00214,0.00002,0.00109,0.00586
1403636980.001742839813232,0.00229,0.00014,0.00016,0.00236,0.00016,0.00126,0.00638
1403636980.051741361618042,0.00216,0.00015,0.00034,0.00210,0.00023,0.00112,0.00611
1403636980.101739406585693,0.00220,0.00012,0.00006,0.00208,0.00131,0.00097,0.00675
1403636980.151737928390503,0.00222,0.00012,0.00011,0.00237,0.00000,0.00128,0.00610
1403636980.201737403869629,0.00270,0.00013,0.00011,0.00190,0.00080,0.00121,0.00685
1403636980.251736879348755,0.00205,0.00012,0.00006,0.00194,0.00424,0.00100,0.00941
1403636980.301736831665039,0.00189,0.00011,0.00018,0.00221,0.00094,0.00111,0.00643
1403636980.351736783981323,0.00224,0.00015,0.00008,0.00237,0.00004,0.00104,0.00593
1403636980.401736974716187,0.00211,0.00012,0.00019,0.00235,0.00243,0.00088,0.00808
1403636980.451737165451050,0.00242,0.00011,0.00004,0.00230,0.00341,0.00127,0.00955
1403636980.501737594604492,0.00232,0.00015,0.00015,0.00236,0.00003,0.00116,0.00617
1403636980.551737785339355,0.00192,0.00011,0.00020,0.00234,0.00002,0.00100,0.00559
1403636980.601737976074219,0.00208,0.00011,0.00011,0.00229,0.00016,0.00087,0.00563
1403636980.651737928390503,0.00226,0.00009,0.00007,0.00206,0.00238,0.00095,0.00782
1403636980.701737642288208,0.00224,0.00011,0.00016,0.00212,0.00002,0.00095,0.00560
1403636980.751738071441650,0.00231,0.00011,0.00016,0.00187,0.00191,0.00091,0.00727
1403636980.801739692687988,0.00221,0.00010,0.00011,0.00192,0.00013,0.00092,0.00540
1403636980.851740121841431,0.00222,0.00011,0.00002,0.00167,0.00011,0.00090,0.00503
1403636980.901739120483398,0.00246,0.00009,0.00018,0.00188,0.00059,0.00130,0.00649
1403636980.951738119125366,0.00239,0.00011,0.00045,0.00167,0.00021,0.00114,0.00596
1403636981.001736640930176,0.00203,0.00009,0.00024,0.00195,0.00190,0.00121,0.00742
1403636981.051732778549194,0.00251,0.00012,0.00019,0.00181,0.00015,0.00109,0.00588
1403636981.101730823516846,0.00202,0.00011,0.00109,0.00188,0.00003,0.00093,0.00606
1403636981.151730060577393,0.00231,0.00009,0.00030,0.00236,0.00014,0.00130,0.00650
1403636981.201729536056519,0.00239,0.00015,0.00012,0.00193,0.00017,0.00109,0.00585
1403636981.251729249954224,0.00210,0.00009,0.00016,0.00186,0.00194,0.00096,0.00711
1403636981.301728010177612,0.00261,0.00016,0.00043,0.00196,0.00122,0.00129,0.00768
1403636981.351728200912476,0.00250,0.00016,0.00021,0.00208,0.00059,0.00110,0.00663
1403636981.401728153228760,0.00210,0.00011,0.00007,0.00173,0.00020,0.00090,0.00512
1403636981.451728343963623,0.00195,0.00009,0.00003,0.00161,0.00012,0.00091,0.00471
1403636981.501728057861328,0.00222,0.00015,0.00014,0.00156,0.00026,0.00119,0.00553
1403636981.551728010177612,0.00226,0.00009,0.00055,0.00173,0.00009,0.00098,0.00570
1403636981.601727962493896,0.00232,0.00015,0.00019,0.00168,0.00084,0.00113,0.00632
1403636981.651727676391602,0.00217,0.00015,0.00004,0.00178,0.00007,0.00119,0.00540
1403636981.701726913452148,0.00236,0.00014,0.00001,0.00176,0.00224,0.00108,0.00760
1403636981.751726865768433,0.00202,0.00009,0.00007,0.00166,0.00002,0.00093,0.00479
1403636981.801726818084717,0.00202,0.00012,0.00003,0.00175,0.00012,0.00136,0.00541
1403636981.851726531982422,0.00205,0.00013,0.00063,0.00147,0.00025,0.00111,0.00565
1403636981.901726484298706,0.00241,0.00020,0.00024,0.00160,0.00069,0.00153,0.00667
1403636981.951726675033569,0.00225,0.00010,0.00029,0.00186,0.00107,0.00107,0.00664
1403636982.001726627349854,0.00234,0.00014,0.00038,0.00199,0.00013,0.00132,0.00631
1403636982.051727533340454,0.00204,0.00010,0.00029,0.00187,0.00065,0.00103,0.00598
1403636982.101727008819580,0.00223,0.00010,0.00044,0.00164,0.00021,0.00101,0.00564
1403636982.151726961135864,0.00249,0.00010,0.00074,0.00140,0.00212,0.00097,0.00782
1403636982.201727867126465,0.00221,0.00012,0.00035,0.00136,0.00087,0.00111,0.00603
1403636982.251728296279907,0.00227,0.00014,0.00023,0.00126,0.00060,0.00093,0.00543
1403636982.301728725433350,0.00226,0.00009,0.00031,0.00118,0.00010,0.00091,0.00486
1403636982.351729631423950,0.00236,0.00016,0.00012,0.00153,0.00011,0.00115,0.00543
1403636982.401730060577393,0.00199,0.00014,0.00016,0.00140,0.00007,0.00111,0.00487
1403636982.451731681823730,0.00225,0.00014,0.00027,0.00108,0.00215,0.00109,0.00697
1403636982.501732110977173,0.00271,0.00014,0.00028,0.00129,0.00019,0.00111,0.00572
1403636982.551733493804932,0.00209,0.00008,0.00010,0.00094,0.00213,0.00095,0.00630
1403636982.601733922958374,0.00244,0.00009,0.00015,0.00113,0.00023,0.00092,0.00495
1403636982.651734828948975,0.00218,0.00014,0.00038,0.00103,0.00008,0.00117,0.00498
1403636982.701736211776733,0.00238,0.00013,0.00023,0.00094,0.00275,0.00112,0.00754
1403636982.751736164093018,0.00214,0.00015,0.00015,0.00145,0.00012,0.00122,0.00523
1403636982.801735877990723,0.00241,0.00014,0.00004,0.00142,0.00184,0.00163,0.00749
1403636982.851735353469849,0.00219,0.00011,0.00028,0.00156,0.00063,0.00122,0.00599
1403636982.901735544204712,0.00208,0.00016,0.00024,0.00151,0.00057,0.00121,0.00578
1403636982.951736450195312,0.00239,0.00014,0.00071,0.00154,0.00015,0.00117,0.00610
1403636983.001737594604492,0.00220,0.00008,0.00032,0.00148,0.00211,0.00123,0.00744
1403636983.051739454269409,0.00220,0.00011,0.00039,0.00164,0.00270,0.00117,0.00820
1403636983.101740360260010,0.00211,0.00012,0.00096,0.00182,0.00032,0.00140,0.00673
1403636983.151741504669189,0.00222,0.00014,0.00031,0.00177,0.00452,0.00110,0.01006
1403636983.201741456985474,0.00235,0.00015,0.00032,0.00220,0.00014,0.00126,0.00642
1403636983.251741409301758,0.00207,0.00013,0.00018,0.00192,0.00102,0.00103,0.00636
1403636983.301741361618042,0.00227,0.00010,0.00014,0.00181,0.00031,0.00099,0.00562
1403636983.351741552352905,0.00203,0.00012,0.00003,0.00220,0.00082,0.00119,0.00639
1403636983.401741266250610,0.00236,0.00014,0.00016,0.00173,0.00018,0.00117,0.00573
1403636983.451741695404053,0.00186,0.00009,0.00005,0.00166,0.00200,0.00100,0.00667
1403636983.501740694046021,0.00226,0.00009,0.00006,0.00192,0.00001,0.00096,0.00531
1403636983.551740169525146,0.00195,0.00011,0.00005,0.00197,0.00105,0.00126,0.00641
1403636983.601740121841431,0.00218,0.00010,0.00017,0.00177,0.00026,0.00119,0.00567
1403636983.651739835739136,0.00211,0.00009,0.00004,0.00175,0.00141,0.00107,0.00646
1403636983.701739788055420,0.00196,0.00009,0.00036,0.00177,0.00017,0.00103,0.00538
1403636983.751739740371704,0.00202,0.00009,0.00003,0.00191,0.00039,0.00130,0.00574
1403636983.801739692687988,0.00221,0.00015,0.00053,0.00184,0.00085,0.00120,0.00678
1403636983.851739883422852,0.00211,0.00009,0.00002,0.00184,0.00025,0.00104,0.00535
1403636983.901740789413452,0.00194,0.00009,0.00010,0.00206,0.00256,0.00119,0.00794
1403636983.951740980148315,0.00223,0.00014,0.00010,0.00194,0.00137,0.00095,0.00674
1403636984.001740932464600,0.00215,0.00012,0.00069,0.00177,0.00065,0.00130,0.00668
1403636984.051741123199463,0.00201,0.00012,0.00013,0.00172,0.00397,0.00113,0.00907
1403636984.101741313934326,0.00230,0.00015,0.00025,0.00250,0.00021,0.00105,0.00647
1403636984.151741266250610,0.00213,0.00013,0.00016,0.00225,0.00083,0.00083,0.00633
1403636984.201741456985474,0.00223,0.00015,0.00033,0.00253,0.00013,0.00122,0.00660
1403636984.251741409301758,0.00214,0.00013,0.00031,0.00205,0.00022,0.00111,0.00595
1403636984.301741361618042,0.00220,0.00013,0.00029,0.00189,0.00037,0.00111,0.00599
1403636984.351741552352905,0.00228,0.00014,0.00027,0.00182,0.00090,0.00101,0.00642
1403636984.401741504669189,0.00212,0.00014,0.00088,0.00183,0.00301,0.00095,0.00893
1403636984.451741933822632,0.00221,0.00013,0.00009,0.00202,0.00052,0.00126,0.00623
1403636984.501742362976074,0.00205,0.00015,0.00027,0.00203,0.00069,0.00112,0.00631
1403636984.551742553710938,0.00213,0.00014,0.00023,0.00219,0.00015,0.00129,0.00614
1403636984.601742982864380,0.00220,0.00013,0.00057,0.00216,0.00070,0.00119,0.00695
1403636984.651742935180664,0.00205,0.00012,0.00032,0.00205,0.00396,0.00093,0.00943
1403636984.701743125915527,0.00207,0.00017,0.00007,0.00252,0.00011,0.00103,0.00598
1403636984.751743316650391,0.00166,0.00009,0.00007,0.00259,0.00219,0.00121,0.00782
1403636984.801743507385254,0.00175,0.00012,0.00035,0.00279,0.00336,0.00102,0.00939
1403636984.851743459701538,0.00229,0.00019,0.00023,0.00327,0.00005,0.00119,0.00723
1403636984.901743650436401,0.00270,0.00011,0.00074,0.00296,0.00006,0.00099,0.00757
1403636984.951743841171265,0.00207,0.00009,0.00120,0.00264,0.00044,0.00124,0.00769
1403636985.001743793487549,0.00221,0.00015,0.00006,0.00226,0.00147,0.00111,0.00725
1403636985.051744222640991,0.00206,0.00014,0.00005,0.00212,0.00149,0.00105,0.00691
1403636985.101742744445801,0.00194,0.00009,0.00023,0.00205,0.00003,0.00090,0.00524
1403636985.151741743087769,0.00193,0.00012,0.00072,0.00194,0.00252,0.00118,0.00842
1403636985.201741456985474,0.00239,0.00015,0.00010,0.00208,0.00003,0.00114,0.00589
1403636985.251740694046021,0.00196,0.00012,0.00058,0.00182,0.00066,0.00143,0.00658
1403636985.301740884780884,0.00242,0.00013,0.00011,0.00170,0.00008,0.00109,0.00552
1403636985.351740837097168,0.00198,0.00009,0.00005,0.00170,0.00009,0.00121,0.00512
1403636985.401741266250610,0.00227,0.00011,0.00023,0.00164,0.00008,0.00112,0.00544
1403636985.451741456985474,0.00194,0.00009,0.00071,0.00179,0.00491,0.00115,0.01059
1403636985.501741647720337,0.00248,0.00015,0.00049,0.00178,0.00005,0.00089,0.00584
1403636985.551741600036621,0.00247,0.00018,0.00055,0.00174,0.00012,0.00112,0.00619
1403636985.601741790771484,0.00212,0.00015,0.00018,0.00169,0.00033,0.00118,0.00566
1403636985.651741981506348,0.00258,0.00015,0.00020,0.00175,0.00057,0.00125,0.00650
1403636985.701741933822632,0.00189,0.00014,0.00045,0.00161,0.00007,0.00119,0.00536
1403636985.751741409301758,0.00208,0.00010,0.00013,0.00148,0.00500,0.00093,0.00973
1403636985.801741123199463,0.00156,0.00009,0.00009,0.00169,0.00003,0.00086,0.00433
1403636985.851739645004272,0.00244,0.00015,0.00047,0.00169,0.00177,0.00118,0.00770
1403636985.901738643646240,0.00199,0.00015,0.00023,0.00180,0.00015,0.00116,0.00548
1403636985.951738119125366,0.00228,0.00011,0.00017,0.00156,0.00007,0.00111,0.00530
1403636986.001738309860229,0.00227,0.00009,0.00022,0.00140,0.00036,0.00101,0.00535
1403636986.051739454269409,0.00197,0.00009,0.00002,0.00130,0.00600,0.00150,0.01089
1403636986.101743936538696,0.00230,0.00014,0.00001,0.00194,0.00094,0.00109,0.00642
1403636986.151748895645142,0.00189,0.00009,0.00004,0.00196,0.00000,0.00101,0.00500
1403636986.201755046844482,0.00201,0.00012,0.00023,0.00185,0.00271,0.00101,0.00794
1403636986.251757383346558,0.00199,0.00013,0.00006,0.00209,0.00102,0.00131,0.00660
1403636986.301760196685791,0.00188,0.00013,0.00035,0.00226,0.00085,0.00102,0.00648
1403636986.351759672164917,0.00168,0.00009,0.00002,0.00232,0.00058,0.00086,0.00556
1403636986.401760339736938,0.00220,0.00016,0.00012,0.00226,0.00346,0.00149,0.00970
1403636986.451759338378906,0.00208,0.00016,0.00036,0.00274,0.00109,0.00140,0.00782
1403636986.501758098602295,0.00210,0.00015,0.00005,0.00269,0.00011,0.00089,0.00599
1403636986.551755666732788,0.00204,0.00012,0.00434,0.00280,0.00538,0.00095,0.01563
1403636986.601753950119019,0.00192,0.00017,0.00016,0.00355,0.00015,0.00094,0.00689
1403636986.651751756668091,0.00218,0.00018,0.00007,0.00348,0.00301,0.00122,0.01014
1403636986.701751708984375,0.00207,0.00018,0.00295,0.00398,0.00000,0.00117,0.01035
1403636986.751751184463501,0.00211,0.00019,0.00001,0.00421,0.00000,0.00126,0.00778
1403636986.801751136779785,0.00258,0.00015,0.00080,0.00382,0.00010,0.00104,0.00848
1403636986.851751089096069,0.00228,0.00019,0.00002,0.00373,0.00000,0.00132,0.00755
1403636986.901750802993774,0.00235,0.00016,0.00117,0.00336,0.00004,0.00123,0.00830
1403636986.951750993728638,0.00208,0.00011,0.00062,0.00318,0.00124,0.00119,0.00842
1403636987.001750707626343,0.00206,0.00010,0.00019,0.00343,0.00013,0.00106,0.00698
1403636987.051751136779785,0.00197,0.00009,0.00034,0.00360,0.00003,0.00121,0.00725
1403636987.101750850677490,0.00214,0.00014,0.00016,0.00322,0.00081,0.00124,0.00770
1403636987.151751041412354,0.00192,0.00009,0.00271,0.00346,0.00285,0.00106,0.01209
1403636987.201750755310059,0.00213,0.00013,0.00140,0.00393,0.00012,0.00135,0.00906
1403636987.251750707626343,0.00200,0.00009,0.00007,0.00374,0.00010,0.00096,0.00697
1403636987.301750659942627,0.00231,0.00010,0.00234,0.00370,0.00140,0.00094,0.01078
1403636987.351750612258911,0.00230,0.00022,0.00438,0.00398,0.00000,0.00124,0.01211
1403636987.401750564575195,0.00200,0.00016,0.00155,0.00362,0.00011,0.00098,0.00842
1403636987.451750755310059,0.00231,0.00018,0.00007,0.00393,0.00010,0.00116,0.00776
1403636987.501750707626343,0.00211,0.00012,0.00082,0.00371,0.00014,0.00150,0.00839
1403636987.551750421524048,0.00184,0.00012,0.00075,0.00347,0.00024,0.00091,0.00734
1403636987.601750612258911,0.00274,0.00013,0.00008,0.00324,0.00014,0.00091,0.00724
1403636987.651749849319458,0.00245,0.00016,0.00041,0.00305,0.00071,0.00140,0.00818
1403636987.701749801635742,0.00232,0.00013,0.00007,0.00315,0.00075,0.00102,0.00744
1403636987.751749038696289,0.00263,0.00011,0.00006,0.00303,0.00275,0.00102,0.00959
1403636987.801748514175415,0.00222,0.00010,0.00020,0.00365,0.00115,0.00105,0.00837
1403636987.851748228073120,0.00214,0.00013,0.00007,0.00368,0.00010,0.00100,0.00711
1403636987.901748418807983,0.00199,0.00010,0.00146,0.00373,0.00075,0.00101,0.00904
1403636987.951748132705688,0.00210,0.00009,0.00226,0.00382,0.00001,0.00100,0.00928
1403636988.001748085021973,0.00207,0.00009,0.00143,0.00354,0.00013,0.00101,0.00828
1403636988.051748037338257,0.00204,0.00010,0.00005,0.00374,0.00003,0.00138,0.00733
1403636988.101748228073120,0.00243,0.00011,0.00047,0.00309,0.00075,0.00098,0.00784
1403636988.151747703552246,0.00225,0.00015,0.00671,0.00340,0.00264,0.00096,0.01611
1403636988.201748132705688,0.00233,0.00018,0.00037,0.00411,0.00002,0.00129,0.00830
1403636988.251748323440552,0.00207,0.00009,0.00143,0.00375,0.00078,0.00105,0.00918
1403636988.301748037338257,0.00206,0.00009,0.00005,0.00429,0.00001,0.00126,0.00775
1403636988.351747035980225,0.00226,0.00015,0.00010,0.00392,0.00083,0.00124,0.00850
1403636988.401746511459351,0.00193,0.00015,0.00001,0.00416,0.00000,0.00102,0.00726
1403636988.451746463775635,0.00197,0.00009,0.00007,0.00414,0.00000,0.00101,0.00729
1403636988.501746416091919,0.00208,0.00010,0.00074,0.00406,0.00081,0.00097,0.00877
1403636988.551745891571045,0.00188,0.00014,0.00293,0.00416,0.00000,0.00128,0.01040
1403636988.601745605468750,0.00215,0.00011,0.00156,0.00420,0.00003,0.00105,0.00910
1403636988.651745796203613,0.00200,0.00016,0.00013,0.00386,0.00084,0.00124,0.00824
1403636988.701745986938477,0.00208,0.00018,0.00008,0.00425,0.00002,0.00122,0.00784
1403636988.751745700836182,0.00232,0.00023,0.00592,0.00397,0.00075,0.00106,0.01425
1403636988.801745653152466,0.00166,0.00013,0.00021,0.00423,0.00000,0.00094,0.00717
1403636988.851745605468750,0.00170,0.00010,0.00143,0.00382,0.00010,0.00083,0.00800
1403636988.901745080947876,0.00239,0.00017,0.00004,0.00442,0.00000,0.00139,0.00842
1403636988.951746225357056,0.00208,0.00015,0.00001,0.00410,0.00000,0.00106,0.00740
1403636989.001747608184814,0.00197,0.00010,0.00001,0.00417,0.00000,0.00102,0.00727
1403636989.051747798919678,0.00211,0.00010,0.00038,0.00408,0.00011,0.00098,0.00777
1403636989.101747989654541,0.00201,0.00010,0.00006,0.00408,0.00000,0.00097,0.00722
1403636989.151748180389404,0.00203,0.00013,0.00225,0.00401,0.00000,0.00099,0.00941
1403636989.201748371124268,0.00202,0.00009,0.00077,0.00416,0.00022,0.00120,0.00848
1403636989.251749515533447,0.00207,0.00018,0.00001,0.00406,0.00000,0.00122,0.00753
1403636989.301749467849731,0.00207,0.00015,0.00019,0.00393,0.00079,0.00112,0.00825
1403636989.351749658584595,0.00212,0.00017,0.00433,0.00376,0.00019,0.00114,0.01171
1403636989.401749610900879,0.00221,0.00012,0.00035,0.00422,0.00000,0.00131,0.00822
1403636989.451749801635742,0.00194,0.00014,0.00144,0.00400,0.00000,0.00102,0.00855
1403636989.501749038696289,0.00192,0.00010,0.00035,0.00406,0.00010,0.00099,0.00751
1403636989.551748514175415,0.00191,0.00013,0.00003,0.00417,0.00003,0.00096,0.00724
1403636989.601747035980225,0.00186,0.00011,0.00001,0.00400,0.00000,0.00101,0.00698
1403636989.651746034622192,0.00193,0.00012,0.00003,0.00407,0.00048,0.00094,0.00758
1403636989.701745033264160,0.00203,0.00010,0.00143,0.00418,0.00000,0.00107,0.00882
1403636989.751744985580444,0.00189,0.00013,0.00311,0.00406,0.00000,0.00094,0.01013
1403636989.801744699478149,0.00193,0.00010,0.00151,0.00421,0.00010,0.00093,0.00879
1403636989.851743936538696,0.00225,0.00018,0.00001,0.00424,0.00000,0.00130,0.00799
1403636989.901743412017822,0.00204,0.00012,0.00020,0.00435,0.00000,0.00122,0.00794
1403636989.951744079589844,0.00197,0.00010,0.00524,0.00386,0.00018,0.00114,0.01250
1403636990.001744270324707,0.00215,0.00012,0.00097,0.00404,0.00000,0.00123,0.00851
1403636990.051744461059570,0.00200,0.00019,0.00163,0.00378,0.00002,0.00103,0.00865
1403636990.101744174957275,0.00204,0.00018,0.00007,0.00412,0.00047,0.00114,0.00801
1403636990.151744365692139,0.00191,0.00014,0.00071,0.00409,0.00000,0.00104,0.00789
1403636990.201745033264160,0.00204,0.00020,0.00001,0.00417,0.00000,0.00128,0.00770
1403636990.251745462417603,0.00209,0.00011,0.00003,0.00380,0.00011,0.00091,0.00706
1403636990.301745414733887,0.00203,0.00019,0.00068,0.00398,0.00000,0.00126,0.00814
1403636990.351745367050171,0.00186,0.00014,0.00362,0.00385,0.00002,0.00125,0.01073
1403636990.401745319366455,0.00220,0.00012,0.00159,0.00399,0.00012,0.00114,0.00916
1403636990.451745748519897,0.00186,0.00014,0.00001,0.00394,0.00000,0.00105,0.00699
1403636990.501745939254761,0.00188,0.00011,0.00004,0.00392,0.00013,0.00104,0.00712
1403636990.551746129989624,0.00205,0.00018,0.00432,0.00379,0.00022,0.00127,0.01183
1403636990.601746082305908,0.00214,0.00017,0.00022,0.00398,0.00013,0.00121,0.00786
1403636990.651746034622192,0.00196,0.00019,0.00079,0.00392,0.00081,0.00122,0.00889
1403636990.701746225357056,0.00223,0.00018,0.00007,0.00422,0.00011,0.00120,0.00801
1403636990.751746416091919,0.00191,0.00016,0.00073,0.00392,0.00000,0.00118,0.00790
1403636990.801746606826782,0.00153,0.00010,0.00001,0.00382,0.00000,0.00088,0.00635
1403636990.851746320724487,0.00220,0.00020,0.00015,0.00397,0.00012,0.00135,0.00799
1403636990.901746749877930,0.00212,0.00016,0.00065,0.00372,0.00003,0.00111,0.00780
1403636990.951747417449951,0.00201,0.00017,0.00332,0.00347,0.00004,0.00118,0.01019
1403636991.001747369766235,0.00234,0.00016,0.00079,0.00345,0.00016,0.00127,0.00819
1403636991.051747322082520,0.00198,0.00013,0.00001,0.00341,0.00000,0.00107,0.00660
1403636991.101747274398804,0.00185,0.00010,0.00003,0.00340,0.00017,0.00114,0.00670
1403636991.151747226715088,0.00189,0.00012,0.00332,0.00333,0.00109,0.00097,0.01072
1403636991.201747417449951,0.00241,0.00018,0.00001,0.00365,0.00030,0.00123,0.00779
1403636991.251747369766235,0.00222,0.00016,0.00001,0.00363,0.00147,0.00124,0.00873
1403636991.301747322082520,0.00201,0.00011,0.00003,0.00380,0.00010,0.00119,0.00725
1403636991.351747274398804,0.00207,0.00015,0.00001,0.00379,0.00075,0.00110,0.00787
1403636991.401747226715088,0.00194,0.00013,0.00005,0.00388,0.00000,0.00127,0.00727
1403636991.451747179031372,0.00176,0.00014,0.00005,0.00378,0.00049,0.00103,0.00724
1403636991.501746892929077,0.00182,0.00012,0.00038,0.00405,0.00004,0.00118,0.00760
1403636991.551747322082520,0.00194,0.00014,0.00293,0.00366,0.00083,0.00115,0.01066
1403636991.601748943328857,0.00189,0.00015,0.00146,0.00399,0.00094,0.00108,0.00951
1403636991.651749372482300,0.00190,0.00014,0.00008,0.00429,0.00001,0.00096,0.00737
1403636991.701748132705688,0.00190,0.00018,0.00005,0.00430,0.00021,0.00090,0.00753
1403636991.751747131347656,0.00195,0.00015,0.00262,0.00388,0.00023,0.00122,0.01006
1403636991.801747560501099,0.00185,0.00015,0.00034,0.00421,0.00090,0.00107,0.00851
1403636991.851747274398804,0.00199,0.00015,0.00001,0.00410,0.00000,0.00123,0.00748
1403636991.901748418807983,0.00186,0.00015,0.00003,0.00411,0.00020,0.00124,0.00757
1403636991.951747894287109,0.00199,0.00014,0.00006,0.00416,0.00002,0.00115,0.00753
1403636992.001747608184814,0.00184,0.00011,0.00001,0.00418,0.00000,0.00127,0.00741
1403636992.051745653152466,0.00195,0.00014,0.00010,0.00395,0.00023,0.00110,0.00747
1403636992.101744174957275,0.00178,0.00015,0.00035,0.00388,0.00005,0.00101,0.00721
1403636992.151744127273560,0.00175,0.00013,0.00108,0.00373,0.00005,0.00096,0.00768
1403636992.201743364334106,0.00197,0.00010,0.00074,0.00384,0.00016,0.00094,0.00775
1403636992.251744270324707,0.00184,0.00012,0.00001,0.00394,0.00003,0.00102,0.00695
1403636992.301744699478149,0.00172,0.00011,0.00004,0.00393,0.00005,0.00097,0.00681
1403636992.351746320724487,0.00189,0.00011,0.00027,0.00396,0.00024,0.00094,0.00741
1403636992.401747226715088,0.00183,0.00010,0.00001,0.00436,0.00004,0.00115,0.00750
1403636992.451747894287109,0.00204,0.00014,0.00001,0.00411,0.00000,0.00124,0.00753
1403636992.501747846603394,0.00197,0.00018,0.00001,0.00390,0.00000,0.00121,0.00727
1403636992.551748037338257,0.00182,0.00011,0.00003,0.00364,0.00006,0.00084,0.00651
1403636992.601748228073120,0.00200,0.00019,0.00007,0.00366,0.00000,0.00122,0.00715
1403636992.651748180389404,0.00177,0.00014,0.00001,0.00369,0.00014,0.00099,0.00673
1403636992.701748371124268,0.00180,0.00009,0.00002,0.00371,0.00113,0.00099,0.00776
1403636992.751748323440552,0.00189,0.00016,0.00093,0.00400,0.00004,0.00117,0.00820
1403636992.801748275756836,0.00309,0.00016,0.00007,0.00383,0.00005,0.00104,0.00823
1403636992.851748466491699,0.00270,0.00017,0.00003,0.00396,0.00002,0.00142,0.00830
1403636992.901748657226562,0.00264,0.00018,0.00017,0.00364,0.00006,0.00139,0.00809
1403636992.951749086380005,0.00265,0.00018,0.00026,0.00397,0.00017,0.00122,0.00845
1403636993.001749515533447,0.00258,0.00016,0.00009,0.00360,0.00004,0.00141,0.00789
1403636993.051749944686890,0.00248,0.00012,0.00001,0.00353,0.00000,0.00124,0.00738
1403636993.101750373840332,0.00271,0.00019,0.00001,0.00361,0.00000,0.00148,0.00801
1403636993.151750326156616,0.00256,0.00014,0.00004,0.00351,0.00075,0.00153,0.00852
1403636993.201749324798584,0.00255,0.00016,0.00001,0.00375,0.00003,0.00146,0.00797
1403636993.251748800277710,0.00274,0.00017,0.00054,0.00364,0.00004,0.00185,0.00898
1403636993.301747322082520,0.00252,0.00016,0.00001,0.00370,0.00079,0.00146,0.00864
1403636993.351745843887329,0.00245,0.00011,0.01271,0.00379,0.00100,0.00145,0.02152
1403636993.401746034622192,0.00248,0.00015,0.00512,0.00385,0.00002,0.00108,0.01270
1403636993.451745271682739,0.00220,0.00010,0.00001,0.00379,0.00003,0.00103,0.00716
1403636993.551744461059570,0.00284,0.00022,0.00011,0.00410,0.00003,0.00152,0.00882
1403636993.601743936538696,0.00232,0.00013,0.00033,0.00387,0.00014,0.00116,0.00795
1403636993.651744365692139,0.00238,0.00015,0.00004,0.00389,0.00004,0.00111,0.00762
1403636993.701744318008423,0.00237,0.00010,0.00003,0.00404,0.00000,0.00110,0.00765
1403636993.751744985580444,0.00261,0.00020,0.00010,0.00383,0.00000,0.00142,0.00815
1403636993.801746368408203,0.00257,0.00010,0.00033,0.00355,0.00003,0.00099,0.00757
1403636993.851746559143066,0.00241,0.00010,0.00005,0.00363,0.00004,0.00103,0.00726
1403636993.901747226715088,0.00236,0.00018,0.00001,0.00420,0.00003,0.00107,0.00785
1403636993.951748609542847,0.00234,0.00016,0.00047,0.00377,0.00003,0.00147,0.00824
1403636994.001749992370605,0.00234,0.00010,0.00822,0.00358,0.00088,0.00127,0.01639
1403636994.051751136779785,0.00240,0.00011,0.00420,0.00385,0.00004,0.00137,0.01196
1403636994.101751565933228,0.00220,0.00013,0.00003,0.00364,0.00003,0.00113,0.00716
1403636994.151752710342407,0.00220,0.00010,0.00001,0.00368,0.00008,0.00110,0.00718
1403636994.201752901077271,0.00227,0.00019,0.00021,0.00358,0.00020,0.00135,0.00779
1403636994.251753091812134,0.00215,0.00015,0.00008,0.00341,0.00007,0.00105,0.00692
1403636994.301753044128418,0.00246,0.00018,0.00001,0.00355,0.00000,0.00135,0.00755
1403636994.351752758026123,0.00208,0.00014,0.00001,0.00357,0.00000,0.00107,0.00688
1403636994.401752233505249,0.00238,0.00009,0.00001,0.00343,0.00000,0.00109,0.00700
1403636994.451751708984375,0.00227,0.00009,0.00001,0.00325,0.00076,0.00110,0.00749
1403636994.501751422882080,0.00223,0.00010,0.00003,0.00355,0.00005,0.00135,0.00731
1403636994.551751136779785,0.00213,0.00010,0.00006,0.00336,0.00005,0.00101,0.00670
1403636994.601753234863281,0.00187,0.00010,0.00683,0.00317,0.00127,0.00090,0.01413
1403636994.651753187179565,0.00239,0.00018,0.00495,0.00360,0.00007,0.00161,0.01281
1403636994.701753139495850,0.00249,0.00014,0.00002,0.00382,0.00003,0.00109,0.00759
1403636994.751752853393555,0.00237,0.00018,0.00017,0.00350,0.00008,0.00148,0.00779
1403636994.801752805709839,0.00234,0.00009,0.00013,0.00342,0.00022,0.00118,0.00738
1403636994.851752996444702,0.00225,0.00010,0.00001,0.00339,0.00080,0.00120,0.00774
1403636994.901753425598145,0.00223,0.00009,0.00001,0.00354,0.00000,0.00118,0.00705
1403636994.951754331588745,0.00222,0.00013,0.00001,0.00346,0.00000,0.00113,0.00695
1403636995.001755475997925,0.00209,0.00009,0.00001,0.00336,0.00000,0.00100,0.00656
1403636995.051756620407104,0.00223,0.00009,0.00003,0.00333,0.00002,0.00113,0.00684
1403636995.101757526397705,0.00228,0.00020,0.00002,0.00345,0.00007,0.00133,0.00736
1403636995.151757717132568,0.00232,0.00012,0.00008,0.00336,0.00007,0.00131,0.00726
1403636995.201758146286011,0.00216,0.00009,0.00657,0.00325,0.00158,0.00118,0.01483
1403636995.251758337020874,0.00226,0.00011,0.00452,0.00341,0.00007,0.00128,0.01164
1403636995.301758527755737,0.00202,0.00009,0.00006,0.00331,0.00002,0.00111,0.00662
1403636995.351759195327759,0.00225,0.00018,0.00001,0.00338,0.00023,0.00135,0.00741
1403636995.401759862899780,0.00230,0.00018,0.00012,0.00338,0.00024,0.00132,0.00754
1403636995.451760768890381,0.00199,0.00014,0.00003,0.00329,0.00043,0.00113,0.00702
1403636995.501760482788086,0.00210,0.00009,0.00021,0.00370,0.00000,0.00130,0.00740
1403636995.551760435104370,0.00217,0.00011,0.00001,0.00356,0.00000,0.00146,0.00731
1403636995.601760149002075,0.00199,0.00014,0.00001,0.00345,0.00000,0.00118,0.00677
1403636995.651760101318359,0.00216,0.00009,0.00001,0.00345,0.00002,0.00108,0.00682
1403636995.701760292053223,0.00212,0.00018,0.00001,0.00334,0.00006,0.00131,0.00704
1403636995.751760005950928,0.00229,0.00016,0.00001,0.00323,0.00018,0.00128,0.00714
1403636995.801759004592896,0.00204,0.00010,0.00441,0.00293,0.00154,0.00107,0.01208
1403636995.851758956909180,0.00227,0.00018,0.00300,0.00303,0.00012,0.00116,0.00976
1403636995.901758909225464,0.00240,0.00018,0.00006,0.00314,0.00003,0.00127,0.00708
1403636995.951759338378906,0.00212,0.00014,0.00001,0.00314,0.00021,0.00112,0.00674
1403636996.001759290695190,0.00202,0.00009,0.00007,0.00310,0.00029,0.00105,0.00662
1403636996.051759481430054,0.00196,0.00009,0.00001,0.00304,0.00006,0.00105,0.00621
1403636996.101759433746338,0.00204,0.00010,0.00001,0.00307,0.00000,0.00104,0.00626
1403636996.151759386062622,0.00199,0.00010,0.00003,0.00315,0.00000,0.00120,0.00648
1403636996.201759576797485,0.00236,0.00010,0.00004,0.00305,0.00000,0.00144,0.00699
1403636996.251759529113770,0.00216,0.00016,0.00001,0.00305,0.00003,0.00126,0.00667
1403636996.301759958267212,0.00198,0.00009,0.00001,0.00295,0.00005,0.00112,0.00620
1403636996.351760149002075,0.00194,0.00009,0.00001,0.00320,0.00017,0.00131,0.00672
1403636996.401760816574097,0.00209,0.00010,0.00337,0.00283,0.00279,0.00106,0.01224
1403636996.451761245727539,0.00230,0.00018,0.00201,0.00347,0.00089,0.00138,0.01023
1403636996.501761436462402,0.00220,0.00013,0.00001,0.00372,0.00003,0.00120,0.00728
1403636996.551761627197266,0.00208,0.00010,0.00001,0.00360,0.00021,0.00106,0.00704
1403636996.601761817932129,0.00204,0.00012,0.00011,0.00357,0.00019,0.00104,0.00708
1403636996.651761770248413,0.00198,0.00009,0.00003,0.00350,0.00007,0.00139,0.00706
1403636996.701761722564697,0.00212,0.00018,0.00001,0.00356,0.00000,0.00118,0.00705
1403636996.751761436462402,0.00208,0.00014,0.00003,0.00322,0.00002,0.00100,0.00650
1403636996.801760911941528,0.00208,0.00010,0.00001,0.00330,0.00000,0.00101,0.00649
1403636996.851760387420654,0.00218,0.00009,0.00001,0.00335,0.00003,0.00099,0.00664
1403636996.901760101318359,0.00195,0.00009,0.00004,0.00336,0.00007,0.00098,0.00649
1403636996.951759815216064,0.00203,0.00009,0.00004,0.00321,0.00003,0.00095,0.00636
1403636997.001759529113770,0.00203,0.00009,0.00254,0.00325,0.00082,0.00102,0.00976
1403636997.051759004592896,0.00209,0.00009,0.00104,0.00332,0.00014,0.00096,0.00765
1403636997.101758956909180,0.00208,0.00019,0.00001,0.00335,0.00003,0.00131,0.00698
1403636997.151759624481201,0.00215,0.00016,0.00007,0.00344,0.00021,0.00119,0.00721
1403636997.201759815216064,0.00188,0.00009,0.00009,0.00327,0.00025,0.00101,0.00658
1403636997.251760005950928,0.00183,0.00009,0.00003,0.00310,0.00007,0.00102,0.00613
1403636997.301759719848633,0.00192,0.00009,0.00008,0.00311,0.00001,0.00100,0.00622
1403636997.351759195327759,0.00203,0.00009,0.00003,0.00297,0.00003,0.00100,0.00614
1403636997.401759147644043,0.00177,0.00009,0.00006,0.00281,0.00000,0.00104,0.00577
1403636997.451758146286011,0.00192,0.00009,0.00005,0.00274,0.00003,0.00126,0.00608
1403636997.501757621765137,0.00205,0.00012,0.00036,0.00266,0.00006,0.00104,0.00630
1403636997.551756858825684,0.00175,0.00012,0.00004,0.00258,0.00004,0.00109,0.00561
1403636997.601756572723389,0.00177,0.00009,0.00002,0.00259,0.00233,0.00096,0.00776
1403636997.651756048202515,0.00173,0.00010,0.00026,0.00292,0.00017,0.00100,0.00617
1403636997.701755762100220,0.00189,0.00012,0.00001,0.00336,0.00004,0.00143,0.00684
1403636997.751755714416504,0.00206,0.00011,0.00001,0.00300,0.00010,0.00120,0.00649
1403636997.801755905151367,0.00180,0.00010,0.00003,0.00294,0.00017,0.00106,0.00610
1403636997.851755857467651,0.00175,0.00010,0.00001,0.00326,0.00008,0.00130,0.00649
1403636997.901755809783936,0.00193,0.00017,0.00001,0.00301,0.00003,0.00118,0.00633
1403636997.951756477355957,0.00187,0.00017,0.00001,0.00301,0.00003,0.00123,0.00632
1403636998.001756668090820,0.00214,0.00017,0.00007,0.00294,0.00003,0.00117,0.00651
1403636998.101757526397705,0.00193,0.00018,0.00001,0.00292,0.00005,0.00110,0.00619
1403636998.151757717132568,0.00186,0.00012,0.00001,0.00292,0.00006,0.00100,0.00597
1403636998.201758384704590,0.00187,0.00012,0.00001,0.00288,0.00006,0.00101,0.00595
1403636998.251758575439453,0.00170,0.00009,0.00003,0.00275,0.00028,0.00102,0.00586
1403636998.301758766174316,0.00178,0.00012,0.00022,0.00266,0.00023,0.00102,0.00603
1403636998.351758956909180,0.00185,0.00018,0.00001,0.00288,0.00003,0.00136,0.00632
1403636998.401758909225464,0.00181,0.00015,0.00001,0.00278,0.00010,0.00172,0.00656
1403636998.451759099960327,0.00184,0.00012,0.00001,0.00298,0.00022,0.00106,0.00622
1403636998.501759290695190,0.00180,0.00015,0.00001,0.00271,0.00008,0.00090,0.00564
1403636998.551759481430054,0.00197,0.00011,0.00001,0.00279,0.00003,0.00128,0.00619
1403636998.601760149002075,0.00188,0.00013,0.00001,0.00266,0.00003,0.00108,0.00579
1403636998.651760339736938,0.00202,0.00018,0.00007,0.00289,0.00003,0.00147,0.00666
1403636998.701761007308960,0.00208,0.00017,0.00001,0.00267,0.00089,0.00097,0.00679
1403636998.751760721206665,0.00197,0.00015,0.00001,0.00278,0.00006,0.00090,0.00586
1403636998.801761150360107,0.00201,0.00015,0.00001,0.00286,0.00005,0.00134,0.00642
1403636998.851760864257812,0.00178,0.00010,0.00001,0.00274,0.00028,0.00106,0.00596
1403636998.901760339736938,0.00192,0.00012,0.00022,0.00280,0.00023,0.00101,0.00631
1403636998.951760292053223,0.00192,0.00009,0.00001,0.00277,0.00002,0.00108,0.00590
1403636999.001760244369507,0.00187,0.00011,0.00001,0.00278,0.00010,0.00097,0.00584
1403636999.051759958267212,0.00217,0.00017,0.00001,0.00296,0.00021,0.00136,0.00688
1403636999.101759910583496,0.00183,0.00013,0.00001,0.00269,0.00009,0.00102,0.00577
1403636999.151759624481201,0.00175,0.00009,0.00001,0.00270,0.00003,0.00094,0.00553
1403636999.201759576797485,0.00207,0.00017,0.00001,0.00288,0.00003,0.00144,0.00660
1403636999.251759767532349,0.00186,0.00010,0.00001,0.00268,0.00004,0.00120,0.00590
1403636999.301759243011475,0.00198,0.00012,0.00005,0.00255,0.00002,0.00103,0.00576
1403636999.351758956909180,0.00192,0.00010,0.00003,0.00247,0.00006,0.00100,0.00558
1403636999.401758670806885,0.00193,0.00009,0.00001,0.00246,0.00005,0.00098,0.00553
1403636999.451758861541748,0.00185,0.00017,0.00001,0.00261,0.00015,0.00131,0.00610
1403636999.501758337020874,0.00139,0.00009,0.00020,0.00241,0.00026,0.00084,0.00519
1403636999.551758289337158,0.00152,0.00009,0.00001,0.00245,0.00003,0.00085,0.00495
1403636999.601758003234863,0.00217,0.00009,0.00001,0.00244,0.00014,0.00083,0.00569
1403636999.651757955551147,0.00124,0.00009,0.00001,0.00248,0.00018,0.00082,0.00481
1403636999.701758146286011,0.00145,0.00009,0.00001,0.00241,0.00009,0.00083,0.00487
1403636999.751758575439453,0.00127,0.00009,0.00001,0.00240,0.00003,0.00075,0.00454
1403636999.801758527755737,0.00122,0.00009,0.00001,0.00257,0.00003,0.00079,0.00470
1403636999.851758718490601,0.00129,0.00009,0.00001,0.00245,0.00004,0.00082,0.00471
1403636999.901758670806885,0.00175,0.00010,0.00001,0.00258,0.00003,0.00086,0.00532
1403636999.951759099960327,0.00125,0.00013,0.00001,0.00247,0.00005,0.00090,0.00481
1403637000.001759290695190,0.00157,0.00009,0.00001,0.00263,0.00005,0.00080,0.00515
1403637000.051759481430054,0.00114,0.00009,0.00001,0.00239,0.00013,0.00079,0.00456
1403637000.101759433746338,0.00282,0.00009,0.00020,0.00234,0.00024,0.00093,0.00663
1403637000.151759386062622,0.00297,0.00016,0.00003,0.00253,0.00005,0.00166,0.00740
1403637000.201758861541748,0.00244,0.00013,0.00001,0.00245,0.00010,0.00129,0.00641
1403637000.251758575439453,0.00191,0.00009,0.00003,0.00235,0.00017,0.00110,0.00564
1403637000.301758527755737,0.00226,0.00011,0.00001,0.00289,0.00008,0.00111,0.00646
1403637000.351758956909180,0.00281,0.00015,0.00001,0.00265,0.00004,0.00152,0.00718
1403637000.401759147644043,0.00229,0.00016,0.00006,0.00246,0.00002,0.00145,0.00645
1403637000.451759338378906,0.00208,0.00010,0.00003,0.00228,0.00003,0.00111,0.00564
1403637000.501759290695190,0.00273,0.00016,0.00033,0.00261,0.00003,0.00155,0.00741
1403637000.551758766174316,0.00218,0.00015,0.00001,0.00236,0.00005,0.00133,0.00609
1403637000.601758956909180,0.00295,0.00015,0.00071,0.00233,0.00005,0.00164,0.00782
1403637000.651759386062622,0.00215,0.00015,0.00760,0.00225,0.00507,0.00130,0.01852
1403637000.701759815216064,0.00226,0.00010,0.00452,0.00336,0.00110,0.00109,0.01242
1403637000.751759767532349,0.00402,0.00023,0.00002,0.00365,0.00004,0.00143,0.00938
1403637000.801759719848633,0.00234,0.00018,0.00005,0.00380,0.00005,0.00137,0.00779
1403637000.851759433746338,0.00187,0.00010,0.00012,0.00346,0.00006,0.00100,0.00662
1403637000.901759624481201,0.00185,0.00009,0.00001,0.00338,0.00007,0.00097,0.00637
1403637000.951759576797485,0.00177,0.00009,0.00001,0.00344,0.00003,0.00105,0.00639
1403637001.001760005950928,0.00170,0.00009,0.00015,0.00353,0.00005,0.00099,0.00652
1403637001.051760435104370,0.00183,0.00009,0.00001,0.00335,0.00004,0.00102,0.00634
1403637001.101760625839233,0.00268,0.00018,0.00001,0.00370,0.00003,0.00147,0.00807
1403637001.151760578155518,0.00252,0.00011,0.00001,0.00356,0.00006,0.00138,0.00763
1403637001.201761245727539,0.00241,0.00014,0.00001,0.00334,0.00005,0.00137,0.00732
1403637001.251762151718140,0.00243,0.00009,0.00798,0.00320,0.00009,0.00130,0.01509
1403637001.301761627197266,0.00241,0.00012,0.00451,0.00305,0.00008,0.00110,0.01128
1403637001.351761817932129,0.00235,0.00009,0.00006,0.00309,0.00004,0.00127,0.00692
1403637001.401762008666992,0.00242,0.00010,0.00004,0.00302,0.00010,0.00118,0.00685
1403637001.451762676239014,0.00237,0.00009,0.00003,0.00273,0.00015,0.00122,0.00659
1403637001.501762151718140,0.00242,0.00012,0.00003,0.00308,0.00009,0.00172,0.00746
1403637001.551761865615845,0.00250,0.00015,0.00008,0.00276,0.00003,0.00139,0.00691
1403637001.601761102676392,0.00245,0.00010,0.00004,0.00285,0.00004,0.00124,0.00672
1403637001.651761531829834,0.00242,0.00013,0.00001,0.00271,0.00004,0.00120,0.00650
1403637001.701760530471802,0.00247,0.00010,0.00001,0.00272,0.00002,0.00119,0.00652
1403637001.751760005950928,0.00227,0.00012,0.00021,0.00263,0.00006,0.00118,0.00647
1403637001.801760196685791,0.00236,0.00009,0.00001,0.00278,0.00005,0.00120,0.00649
1403637001.851760625839233,0.00237,0.00012,0.00640,0.00249,0.00218,0.00112,0.01469
1403637001.901761054992676,0.00241,0.00010,0.00452,0.00294,0.00046,0.00122,0.01165
1403637001.951761245727539,0.00245,0.00013,0.00003,0.00321,0.00022,0.00152,0.00756
1403637002.001761436462402,0.00251,0.00017,0.00001,0.00323,0.00012,0.00139,0.00743
1403637002.051761150360107,0.00239,0.00013,0.00004,0.00337,0.00014,0.00145,0.00753
1403637002.101761102676392,0.00244,0.00013,0.00001,0.00327,0.00008,0.00104,0.00697
1403637002.151760578155518,0.00209,0.00009,0.00004,0.00297,0.00005,0.00095,0.00620
1403637002.201761007308960,0.00260,0.00016,0.00022,0.00308,0.00005,0.00145,0.00757
1403637002.251760482788086,0.00242,0.00013,0.00001,0.00293,0.00005,0.00122,0.00676
1403637002.301760196685791,0.00223,0.00010,0.00010,0.00317,0.00003,0.00138,0.00701
1403637002.351760149002075,0.00239,0.00014,0.00006,0.00294,0.00082,0.00147,0.00783
1403637002.401759862899780,0.00236,0.00012,0.00003,0.00294,0.00005,0.00124,0.00674
1403637002.451759815216064,0.00229,0.00013,0.00722,0.00267,0.00226,0.00127,0.01584
1403637002.501759529113770,0.00238,0.00012,0.00419,0.00316,0.00012,0.00139,0.01137
1403637002.551759719848633,0.00218,0.00014,0.00001,0.00328,0.00002,0.00123,0.00687
1403637002.601759672164917,0.00219,0.00010,0.00001,0.00326,0.00010,0.00126,0.00692
1403637002.651759624481201,0.00206,0.00013,0.00005,0.00312,0.00014,0.00116,0.00666
1403637002.701759576797485,0.00248,0.00018,0.00005,0.00322,0.00007,0.00144,0.00745
1403637002.751759767532349,0.00239,0.00017,0.00001,0.00331,0.00004,0.00133,0.00725
1403637002.801759481430054,0.00214,0.00014,0.00001,0.00309,0.00005,0.00122,0.00664
1403637002.851759433746338,0.00226,0.00009,0.00001,0.00301,0.00004,0.00119,0.00660
1403637002.901759147644043,0.00227,0.00009,0.00003,0.00281,0.00002,0.00146,0.00669
1403637002.951759338378906,0.00235,0.00017,0.00003,0.00266,0.00015,0.00117,0.00654
1403637003.001759290695190,0.00238,0.00009,0.00010,0.00276,0.00015,0.00117,0.00665
1403637003.051759004592896,0.00215,0.00010,0.00465,0.00275,0.00279,0.00145,0.01388
1403637003.101758956909180,0.00251,0.00013,0.00372,0.00286,0.00011,0.00130,0.01063
1403637003.151758909225464,0.00232,0.00010,0.00001,0.00300,0.00003,0.00114,0.00660
1403637003.201759099960327,0.00237,0.00012,0.00003,0.00293,0.00019,0.00120,0.00684
1403637003.251758813858032,0.00219,0.00009,0.00001,0.00303,0.00015,0.00115,0.00662
1403637003.301758766174316,0.00263,0.00017,0.00001,0.00308,0.00011,0.00128,0.00729
1403637003.351758718490601,0.00234,0.00016,0.00007,0.00329,0.00005,0.00127,0.00717
1403637003.401758670806885,0.00220,0.00010,0.00017,0.00307,0.00005,0.00179,0.00737
1403637003.451758861541748,0.00228,0.00014,0.00005,0.00314,0.00002,0.00114,0.00677
1403637003.501758813858032,0.00189,0.00009,0.00001,0.00300,0.00003,0.00096,0.00598
1403637003.551758766174316,0.00230,0.00017,0.00001,0.00310,0.00007,0.00141,0.00706
1403637003.601758480072021,0.00225,0.00009,0.00001,0.00317,0.00008,0.00112,0.00673
1403637003.651758432388306,0.00223,0.00009,0.00379,0.00303,0.00211,0.00110,0.01234
1403637003.701758623123169,0.00213,0.00012,0.00287,0.00331,0.00011,0.00113,0.00969
1403637003.751758337020874,0.00222,0.00012,0.00003,0.00346,0.00002,0.00112,0.00697
1403637003.801758289337158,0.00247,0.00017,0.00001,0.00330,0.00009,0.00146,0.00750
1403637003.851758480072021,0.00234,0.00015,0.00008,0.00332,0.00011,0.00132,0.00732
1403637003.901758432388306,0.00218,0.00010,0.00014,0.00320,0.00008,0.00119,0.00688
1403637003.951758623123169,0.00244,0.00016,0.00006,0.00324,0.00004,0.00138,0.00732
1403637004.001758575439453,0.00234,0.00014,0.00016,0.00292,0.00004,0.00131,0.00692
1403637004.051758527755737,0.00225,0.00015,0.00009,0.00288,0.00002,0.00134,0.00673
1403637004.101758718490601,0.00220,0.00019,0.00006,0.00285,0.00002,0.00146,0.00679
1403637004.151758432388306,0.00208,0.00013,0.00004,0.00268,0.00007,0.00114,0.00615
1403637004.201758623123169,0.00208,0.00009,0.00007,0.00266,0.00007,0.00114,0.00612
1403637004.251758337020874,0.00210,0.00013,0.00164,0.00230,0.00145,0.00107,0.00868
1403637004.301758289337158,0.00209,0.00009,0.00017,0.00270,0.00030,0.00110,0.00645
1403637004.351758241653442,0.00235,0.00010,0.00001,0.00258,0.00003,0.00113,0.00619
1403637004.401758432388306,0.00209,0.00010,0.00001,0.00258,0.00006,0.00096,0.00579
1403637004.451759099960327,0.00193,0.00009,0.00002,0.00255,0.00013,0.00098,0.00570
1403637004.501759052276611,0.00208,0.00009,0.00001,0.00278,0.00011,0.00151,0.00659
1403637004.551759004592896,0.00210,0.00015,0.00004,0.00265,0.00004,0.00095,0.00592
1403637004.601758956909180,0.00210,0.00017,0.00003,0.00264,0.00007,0.00132,0.00633
1403637004.651758432388306,0.00191,0.00013,0.00001,0.00261,0.00003,0.00108,0.00577
1403637004.701758623123169,0.00193,0.00012,0.00001,0.00280,0.00000,0.00124,0.00610
1403637004.751758098602295,0.00209,0.00011,0.00003,0.00263,0.00005,0.00128,0.00622
1403637004.801757574081421,0.00195,0.00012,0.00001,0.00255,0.00010,0.00111,0.00584
1403637004.851757287979126,0.00192,0.00009,0.00015,0.00256,0.00024,0.00100,0.00596
1403637004.901756525039673,0.00191,0.00012,0.00016,0.00267,0.00025,0.00125,0.00637
1403637004.951756238937378,0.00217,0.00016,0.00003,0.00246,0.00003,0.00093,0.00578
1403637005.001756191253662,0.00204,0.00017,0.00004,0.00240,0.00006,0.00122,0.00592
1403637005.051756143569946,0.00193,0.00013,0.00001,0.00211,0.00020,0.00102,0.00539
1403637005.101756334304810,0.00222,0.00017,0.00010,0.00214,0.00006,0.00113,0.00583
1403637005.151756525039673,0.00208,0.00015,0.00013,0.00217,0.00005,0.00116,0.00575
1403637005.201756715774536,0.00343,0.00013,0.00003,0.00217,0.00005,0.00118,0.00699
1403637005.251756429672241,0.00281,0.00017,0.00020,0.00214,0.00003,0.00129,0.00664
1403637005.301756381988525,0.00243,0.00009,0.00017,0.00193,0.00000,0.00101,0.00564
1403637005.351756095886230,0.00267,0.00015,0.00031,0.00194,0.00004,0.00135,0.00648
1403637005.401756286621094,0.00250,0.00009,0.00049,0.00188,0.00008,0.00113,0.00617
1403637005.451756477355957,0.00236,0.00009,0.00049,0.00172,0.00022,0.00112,0.00601
1403637005.501756668090820,0.00232,0.00016,0.00012,0.00177,0.00034,0.00134,0.00605
1403637005.551756620407104,0.00249,0.00013,0.00032,0.00171,0.00002,0.00127,0.00595
1403637005.601756572723389,0.00214,0.00010,0.00017,0.00173,0.00006,0.00119,0.00540
1403637005.651756286621094,0.00214,0.00008,0.00007,0.00142,0.00011,0.00104,0.00486
1403637005.701756715774536,0.00235,0.00014,0.00011,0.00138,0.00018,0.00123,0.00539
1403637005.751756906509399,0.00231,0.00013,0.00506,0.00139,0.00881,0.00132,0.01902
1403637005.801757097244263,0.00225,0.00015,0.00006,0.00221,0.00005,0.00125,0.00598
1403637005.851757287979126,0.00227,0.00012,0.00002,0.00233,0.00003,0.00132,0.00609
1403637005.901757955551147,0.00208,0.00009,0.00008,0.00223,0.00012,0.00111,0.00571
1403637005.951758384704590,0.00198,0.00009,0.00004,0.00225,0.00004,0.00102,0.00542
1403637006.001758575439453,0.00207,0.00009,0.00006,0.00220,0.00009,0.00104,0.00554
1403637006.051759004592896,0.00191,0.00009,0.00005,0.00213,0.00022,0.00104,0.00545
1403637006.101758241653442,0.00202,0.00009,0.00001,0.00215,0.00032,0.00104,0.00563
1403637006.151757955551147,0.00205,0.00013,0.00001,0.00204,0.00002,0.00105,0.00530
1403637006.201757431030273,0.00208,0.00009,0.00001,0.00201,0.00006,0.00150,0.00576
1403637006.251755952835083,0.00226,0.00014,0.00005,0.00195,0.00023,0.00126,0.00589
1403637006.301754951477051,0.00201,0.00012,0.00003,0.00204,0.00007,0.00118,0.00546
1403637006.351751804351807,0.00203,0.00013,0.00309,0.00200,0.00089,0.00101,0.00915
1403637006.401751518249512,0.00217,0.00012,0.00001,0.00245,0.00008,0.00136,0.00619
1403637006.451752185821533,0.00216,0.00017,0.00002,0.00194,0.00003,0.00098,0.00530
1403637006.501753091812134,0.00200,0.00014,0.00003,0.00187,0.00002,0.00096,0.00502
1403637006.551753759384155,0.00231,0.00019,0.00008,0.00190,0.00003,0.00122,0.00574
1403637006.601754188537598,0.00204,0.00009,0.00008,0.00207,0.00016,0.00118,0.00561
1403637006.651753664016724,0.00213,0.00014,0.00001,0.00201,0.00027,0.00117,0.00573
1403637006.701753616333008,0.00231,0.00012,0.00006,0.00180,0.00026,0.00099,0.00555
1403637006.751753091812134,0.00209,0.00016,0.00004,0.00190,0.00002,0.00129,0.00550
1403637006.801752090454102,0.00204,0.00009,0.00007,0.00171,0.00006,0.00102,0.00499
1403637006.851750850677490,0.00220,0.00015,0.00055,0.00169,0.00012,0.00133,0.00604
1403637006.901750326156616,0.00197,0.00014,0.00010,0.00175,0.00007,0.00127,0.00531
1403637006.951750516891479,0.00229,0.00014,0.00108,0.00163,0.00329,0.00128,0.00971
1403637007.001750469207764,0.00194,0.00009,0.00001,0.00198,0.00007,0.00104,0.00512
1403637007.051749706268311,0.00208,0.00009,0.00007,0.00186,0.00004,0.00102,0.00515
1403637007.101749658584595,0.00213,0.00009,0.00004,0.00164,0.00002,0.00153,0.00544
1403637007.151750087738037,0.00209,0.00011,0.00019,0.00144,0.00013,0.00112,0.00509
1403637007.251749992370605,0.00217,0.00020,0.00048,0.00154,0.00037,0.00117,0.00594
1403637007.301749467849731,0.00352,0.00015,0.00009,0.00170,0.00028,0.00171,0.00746
1403637007.351749897003174,0.00251,0.00015,0.00010,0.00176,0.00037,0.00126,0.00615
1403637007.401751041412354,0.00239,0.00009,0.00004,0.00187,0.00002,0.00112,0.00552
1403637007.451752424240112,0.00232,0.00009,0.00017,0.00169,0.00003,0.00118,0.00548
1403637007.501752853393555,0.00226,0.00008,0.00007,0.00161,0.00010,0.00111,0.00524
1403637007.551754236221313,0.00234,0.00009,0.00022,0.00158,0.00003,0.00112,0.00537
1403637007.601754903793335,0.00222,0.00008,0.00078,0.00103,0.00208,0.00133,0.00752
1403637007.651755094528198,0.00207,0.00010,0.00015,0.00114,0.00003,0.00112,0.00461
1403637007.701755523681641,0.00241,0.00014,0.00050,0.00091,0.00013,0.00131,0.00539
1403637007.751755237579346,0.00217,0.00010,0.00004,0.00099,0.00000,0.00105,0.00436
1403637007.801754474639893,0.00216,0.00013,0.00017,0.00086,0.00004,0.00130,0.00466
1403637007.851747512817383,0.00203,0.00010,0.00325,0.00094,0.00867,0.00110,0.01609
1403637007.901746034622192,0.00176,0.00013,0.00009,0.00172,0.00021,0.00105,0.00496
1403637007.951745510101318,0.00239,0.00016,0.00009,0.00198,0.00066,0.00092,0.00620
1403637008.001745462417603,0.00217,0.00016,0.00014,0.00201,0.00050,0.00099,0.00598
1403637008.051745653152466,0.00205,0.00017,0.00008,0.00186,0.00000,0.00131,0.00548
1403637008.101746320724487,0.00198,0.00013,0.00014,0.00148,0.00017,0.00104,0.00494
1403637008.151746988296509,0.00190,0.00012,0.00015,0.00155,0.00003,0.00104,0.00479
1403637008.201746940612793,0.00186,0.00012,0.00016,0.00150,0.00102,0.00150,0.00616
1403637008.251746892929077,0.00223,0.00014,0.00017,0.00174,0.00003,0.00123,0.00554
1403637008.301746606826782,0.00279,0.00013,0.00004,0.00162,0.00013,0.00105,0.00575
1403637008.351745843887329,0.00225,0.00009,0.00005,0.00168,0.00000,0.00099,0.00506
1403637008.401745080947876,0.00230,0.00009,0.00004,0.00164,0.00003,0.00150,0.00561
1403637008.451745033264160,0.00241,0.00018,0.00163,0.00148,0.00394,0.00118,0.01082
1403637008.501744985580444,0.00257,0.00015,0.00021,0.00200,0.00022,0.00127,0.00642
1403637008.551744222640991,0.00229,0.00017,0.00033,0.00207,0.00016,0.00125,0.00627
1403637008.601743221282959,0.00173,0.00009,0.00051,0.00168,0.00047,0.00091,0.00540
1403637008.651741981506348,0.00232,0.00017,0.00018,0.00209,0.00000,0.00140,0.00615
1403637008.701741695404053,0.00215,0.00013,0.00020,0.00193,0.00017,0.00103,0.00562
1403637008.751742362976074,0.00203,0.00012,0.00058,0.00190,0.00009,0.00102,0.00575
1403637008.801743507385254,0.00205,0.00009,0.00005,0.00153,0.00079,0.00097,0.00548
1403637008.851742744445801,0.00206,0.00009,0.00318,0.00115,0.00182,0.00097,0.00928
1403637008.901743412017822,0.00199,0.00009,0.00019,0.00090,0.00072,0.00098,0.00488
1403637008.951744079589844,0.00338,0.00012,0.00018,0.00108,0.00043,0.00111,0.00630
1403637009.001743078231812,0.00248,0.00011,0.00043,0.00140,0.00012,0.00106,0.00559
1403637009.051740407943726,0.00244,0.00009,0.00011,0.00151,0.00216,0.00105,0.00736
1403637009.101740121841431,0.00238,0.00009,0.00048,0.00157,0.00031,0.00109,0.00591
1403637009.151740074157715,0.00223,0.00009,0.00029,0.00167,0.00018,0.00139,0.00585
1403637009.201740264892578,0.00237,0.00014,0.00056,0.00113,0.00002,0.00125,0.00548
1403637009.251740455627441,0.00206,0.00009,0.00044,0.00112,0.00008,0.00102,0.00481
1403637009.301740407943726,0.00214,0.00008,0.00034,0.00101,0.00010,0.00096,0.00464
1403637009.351740598678589,0.00255,0.00008,0.00078,0.00080,0.00008,0.00103,0.00534
1403637009.401741027832031,0.00243,0.00014,0.00011,0.00064,0.00124,0.00132,0.00587
1403637009.451740503311157,0.00335,0.00013,0.00028,0.00072,0.00265,0.00123,0.00836
1403637009.501742362976074,0.00222,0.00015,0.00097,0.00079,0.00607,0.00123,0.01142
1403637009.551744937896729,0.00186,0.00010,0.00025,0.00104,0.00000,0.00092,0.00417
1403637009.601741075515747,0.00701,0.00016,0.00144,0.00041,0.00019,0.00122,0.01043
1403637009.651741504669189,0.00321,0.00010,0.00049,0.00032,0.00014,0.00105,0.00532
1403637009.701741933822632,0.00362,0.00009,0.00038,0.00023,0.00004,0.00086,0.00522
1403637009.751742124557495,0.00282,0.00013,0.00013,0.00025,0.00005,0.00125,0.00463
1403637009.801742076873779,0.00254,0.00010,0.00006,0.00021,0.00000,0.00106,0.00397
1403637009.851742267608643,0.00223,0.00011,0.00005,0.00023,0.00000,0.00111,0.00374
1403637009.901741981506348,0.00205,0.00011,0.00010,0.00020,0.00006,0.00124,0.00376
1403637009.951741933822632,0.00205,0.00010,0.00000,0.00022,0.00011,0.00110,0.00359
1403637010.001741647720337,0.00206,0.00011,0.00001,0.00021,0.00017,0.00128,0.00384
1403637010.051741123199463,0.00190,0.00008,0.00000,0.00017,0.00000,0.00119,0.00334
1403637010.101740360260010,0.00191,0.00008,0.00002,0.00016,0.00019,0.00105,0.00342
1403637010.151739597320557,0.00183,0.00008,0.00000,0.00016,0.00000,0.00147,0.00354
1403637010.201739072799683,0.00189,0.00010,0.00001,0.00017,0.00032,0.00152,0.00401
1403637010.251738309860229,0.00188,0.00010,0.00001,0.00017,0.00050,0.00128,0.00394
1403637010.301737546920776,0.00173,0.00008,0.00001,0.00016,0.00062,0.00108,0.00368
1403637010.351737022399902,0.00183,0.00008,0.00001,0.00016,0.00076,0.00101,0.00383
1403637010.401736259460449,0.00174,0.00008,0.00000,0.00017,0.00000,0.00099,0.00298
1403637010.451735973358154,0.00173,0.00009,0.00000,0.00016,0.00000,0.00100,0.00298
1403637010.501735687255859,0.00184,0.00008,0.00000,0.00016,0.00006,0.00098,0.00313
1403637010.551735401153564,0.00190,0.00009,0.00000,0.00016,0.00002,0.00095,0.00313
