timestamp,px,py,pz,qx,qy,qz,qw
1403637135.37143,0.002746,-0.003871,0.068613,0.843611,-0.062261,0.532925,0.020865
1403637135.42143,0.006983,-0.005245,0.093821,0.840508,-0.061647,0.537775,0.023313
1403637135.48579,0.011225,-0.007696,0.116888,0.833220,-0.059721,0.548948,0.028869
1403637135.53656,0.022149,-0.010365,0.169729,0.823556,-0.057878,0.563230,0.034323
1403637135.58656,0.032551,-0.012819,0.213194,0.817076,-0.057047,0.572302,0.040035
1403637135.63694,0.041248,-0.016370,0.251947,0.809273,-0.058275,0.582826,0.044664
1403637135.68578,0.050672,-0.016604,0.298279,0.804426,-0.059198,0.589147,0.047958
1403637135.73552,0.058436,-0.018071,0.333473,0.798070,-0.061047,0.597568,0.047644
1403637135.78575,0.071637,-0.020133,0.361742,0.793218,-0.063746,0.603939,0.044713
1403637135.83598,0.079696,-0.023746,0.380071,0.789364,-0.065715,0.608899,0.042758
1403637135.88598,0.092961,-0.027907,0.390997,0.787279,-0.067811,0.611509,0.040615
1403637135.93756,0.100073,-0.028066,0.376974,0.787559,-0.070384,0.610962,0.039022
1403637135.98697,0.119416,-0.033972,0.362952,0.788001,-0.070667,0.610407,0.038254
1403637136.03645,0.112225,-0.024640,0.337922,0.790036,-0.068891,0.607920,0.039125
1403637136.08715,0.105490,-0.016358,0.312275,0.792370,-0.064600,0.605043,0.043581
1403637136.13715,0.118756,-0.018620,0.273868,0.795995,-0.064899,0.600231,0.043622
1403637136.18715,0.132177,-0.021127,0.230521,0.800968,-0.063420,0.593536,0.046286
1403637136.23714,0.136676,-0.013440,0.188850,0.806764,-0.063719,0.585548,0.046954
1403637136.28714,0.148107,-0.014734,0.142586,0.814072,-0.063355,0.575428,0.046426
1403637136.33722,0.137163,-0.013324,0.103778,0.821482,-0.064630,0.564669,0.046239
1403637136.38722,0.144969,-0.014655,0.061768,0.828634,-0.065918,0.554242,0.042851
1403637136.43722,0.151986,-0.016015,0.023296,0.835340,-0.066623,0.544267,0.039275
1403637136.48735,0.163041,-0.010138,-0.007594,0.841109,-0.068226,0.535462,0.034093
1403637136.53893,0.158563,-0.003755,-0.007553,0.845386,-0.068623,0.528711,0.032828
1403637136.59083,0.157074,-0.000303,0.013532,0.847412,-0.066993,0.525568,0.034390
1403637136.64085,0.141334,0.000666,0.017915,0.847981,-0.065029,0.524776,0.036176
1403637136.69038,0.119295,0.002589,0.022083,0.847642,-0.062493,0.525420,0.039120
1403637136.74011,0.103749,0.006756,0.035112,0.847013,-0.062278,0.526429,0.039537
1403637136.78998,0.075476,-0.000426,0.062423,0.842894,-0.060931,0.533084,0.040467
1403637136.83965,0.069706,0.002883,0.103639,0.837357,-0.058706,0.541840,0.042387
1403637136.88952,0.052309,0.001207,0.153205,0.833289,-0.059181,0.548005,0.042629
1403637136.93922,0.047012,-0.001925,0.203825,0.826480,-0.062272,0.557948,0.041798
1403637136.98910,0.046303,-0.004063,0.254211,0.818993,-0.064625,0.568202,0.047115
1403637137.03911,0.044728,-0.004672,0.300527,0.810819,-0.068670,0.579053,0.050552
1403637137.08904,0.044098,-0.005346,0.342203,0.802654,-0.072434,0.589614,0.053444
1403637137.13901,0.042831,-0.004728,0.376295,0.794597,-0.077319,0.600063,0.050616
1403637137.18888,0.041914,-0.005111,0.401354,0.787969,-0.080712,0.608664,0.046022
1403637137.23881,0.042450,-0.005646,0.414918,0.783490,-0.079680,0.614640,0.044851
1403637137.28869,0.044234,-0.007204,0.418320,0.780599,-0.078860,0.618372,0.045421
1403637137.33862,0.046568,-0.009384,0.411094,0.778535,-0.077923,0.621007,0.046485
1403637137.38859,0.049596,-0.011152,0.393500,0.777697,-0.076133,0.622249,0.046865
1403637137.43843,0.056554,-0.009078,0.369012,0.779784,-0.074701,0.619885,0.045812
1403637137.48839,0.060900,-0.008870,0.336595,0.783426,-0.071822,0.615461,0.047897
1403637137.53851,0.062966,-0.008659,0.295127,0.788081,-0.067889,0.609706,0.050775
1403637137.58844,0.065115,-0.008497,0.252470,0.795312,-0.063708,0.600149,0.056936
1403637137.63843,0.065690,-0.008157,0.208056,0.804274,-0.060825,0.587713,0.063537
1403637137.68843,0.066650,-0.008216,0.163181,0.812902,-0.061204,0.575398,0.066045
1403637137.73843,0.066780,-0.007446,0.120523,0.820810,-0.061568,0.564218,0.064325
1403637137.78836,0.064887,-0.005832,0.082019,0.826922,-0.061958,0.555625,0.060357
1403637137.83840,0.061832,-0.003876,0.048319,0.832306,-0.061629,0.547973,0.056525
1403637137.88844,0.057194,-0.002348,0.021144,0.837947,-0.061140,0.539876,0.051381
1403637137.93837,0.053208,-0.001643,0.003351,0.842532,-0.061329,0.532991,0.047948
1403637137.98838,0.049738,-0.001573,-0.003749,0.847401,-0.060030,0.525376,0.047832
1403637138.03843,0.048754,-0.002226,0.001130,0.852335,-0.060846,0.517427,0.045741
1403637138.08856,0.048938,-0.002989,0.019374,0.855321,-0.060169,0.512545,0.045874
1403637138.13854,0.048894,-0.004435,0.049698,0.855203,-0.058728,0.513170,0.042833
1403637138.18845,0.049654,-0.007167,0.087927,0.852717,-0.053872,0.517780,0.043307
1403637138.23832,0.053292,-0.012322,0.131862,0.848374,-0.050542,0.524839,0.047449
1403637138.28815,0.053070,-0.013111,0.184075,0.837694,-0.046424,0.541170,0.056996
1403637138.33814,0.051343,-0.012385,0.235341,0.826860,-0.044758,0.556930,0.064255
1403637138.38812,0.052875,-0.010247,0.282873,0.815519,-0.047799,0.572723,0.068063
1403637138.43814,0.054073,-0.007857,0.325916,0.805473,-0.049660,0.585922,0.073777
1403637138.48815,0.054414,-0.005733,0.361577,0.797003,-0.053063,0.596600,0.077709
1403637138.53817,0.054019,-0.004409,0.387409,0.790169,-0.056544,0.605125,0.079115
1403637138.58818,0.053695,-0.004062,0.402714,0.785311,-0.058461,0.611125,0.079969
1403637138.63819,0.053926,-0.004623,0.406925,0.782594,-0.059868,0.614702,0.078135
1403637138.68820,0.055068,-0.005998,0.400057,0.782264,-0.060953,0.615287,0.075963
1403637138.73821,0.057382,-0.007685,0.382666,0.783560,-0.063017,0.613924,0.071827
1403637138.78821,0.061244,-0.009147,0.356893,0.786514,-0.064476,0.610170,0.070222
1403637138.83819,0.066178,-0.011594,0.322782,0.790662,-0.066974,0.604599,0.069485
1403637138.88820,0.070551,-0.014014,0.283065,0.795884,-0.068111,0.597660,0.068796
1403637138.93823,0.073482,-0.016108,0.239136,0.801088,-0.067706,0.590975,0.066507
1403637138.98823,0.076306,-0.017307,0.194106,0.805243,-0.068398,0.586074,0.058504
1403637139.03827,0.074959,-0.020327,0.148388,0.809862,-0.069458,0.580460,0.048634
1403637139.08827,0.076126,-0.019971,0.106303,0.812802,-0.070325,0.576866,0.040404
1403637139.13826,0.076753,-0.019123,0.067814,0.815440,-0.070437,0.573494,0.034655
1403637139.18825,0.076061,-0.017526,0.033258,0.817918,-0.070163,0.570295,0.029156
1403637139.23827,0.075785,-0.016194,0.004745,0.819855,-0.068232,0.567847,0.027042
1403637139.28831,0.078293,-0.016769,-0.014044,0.821250,-0.064536,0.566241,0.027474
1403637139.33831,0.079530,-0.016194,-0.030761,0.821961,-0.062163,0.565499,0.026940
1403637139.38830,0.080864,-0.016148,-0.042559,0.822672,-0.058667,0.564828,0.027169
1403637139.43829,0.082534,-0.015996,-0.049922,0.822708,-0.053812,0.565340,0.025428
1403637139.48829,0.083169,-0.015903,-0.055510,0.821927,-0.049930,0.566957,0.022435
1403637139.53826,0.086738,-0.014668,-0.057187,0.819452,-0.046557,0.570871,0.020914
1403637139.58822,0.089568,-0.012155,-0.057979,0.815753,-0.044178,0.576314,0.021376
1403637139.63820,0.092789,-0.007792,-0.060219,0.814191,-0.041655,0.578681,0.022041
1403637139.68821,0.094316,-0.007299,-0.063958,0.813444,-0.039295,0.579907,0.021748
1403637139.73828,0.094317,-0.006280,-0.068897,0.814544,-0.038668,0.578475,0.019718
1403637139.78833,0.090843,-0.005725,-0.073461,0.814560,-0.040087,0.578433,0.017297
1403637139.83837,0.088111,-0.006275,-0.076965,0.813896,-0.041855,0.579306,0.015026
1403637139.88838,0.085165,-0.007156,-0.077738,0.810441,-0.042770,0.584056,0.015331
1403637139.93836,0.083552,-0.007933,-0.079084,0.807838,-0.046831,0.587375,0.013959
1403637139.98836,0.082137,-0.008669,-0.080045,0.805302,-0.051369,0.590490,0.013078
1403637140.03839,0.080345,-0.009646,-0.080390,0.801961,-0.056512,0.594584,0.011649
1403637140.08841,0.078730,-0.010805,-0.080302,0.798460,-0.058543,0.599027,0.014205
1403637140.13840,0.076803,-0.011667,-0.079620,0.794888,-0.060433,0.603507,0.016753
1403637140.18844,0.075357,-0.013314,-0.079595,0.793783,-0.061731,0.604803,0.017650
1403637140.23846,0.074524,-0.015319,-0.080091,0.794721,-0.062757,0.603385,0.020154
1403637140.28847,0.074051,-0.016483,-0.080765,0.794622,-0.063922,0.603394,0.020129
1403637140.33847,0.073563,-0.017083,-0.081675,0.794091,-0.065670,0.603959,0.018435
1403637140.38848,0.073358,-0.017249,-0.081535,0.794113,-0.066486,0.603874,0.017325
1403637140.43851,0.073308,-0.017858,-0.081481,0.795037,-0.065262,0.602756,0.018524
1403637140.48854,0.073142,-0.018012,-0.081553,0.795466,-0.065614,0.602165,0.018073
1403637140.53855,0.073069,-0.018295,-0.081777,0.796050,-0.065413,0.601409,0.018230
1403637140.58855,0.073031,-0.018158,-0.081828,0.796185,-0.065954,0.601199,0.017312
1403637140.63857,0.073518,-0.018509,-0.082022,0.796265,-0.065730,0.601117,0.017333
1403637140.68861,0.074890,-0.017965,-0.082596,0.796055,-0.066167,0.601360,0.016883
1403637140.73861,0.074998,-0.017980,-0.082726,0.796079,-0.066063,0.601335,0.017005
1403637140.78862,0.075377,-0.017968,-0.082876,0.796090,-0.065999,0.601328,0.017019
1403637140.83862,0.075492,-0.017944,-0.082815,0.796073,-0.065981,0.601349,0.017134
1403637140.88862,0.075554,-0.017942,-0.082971,0.796114,-0.065980,0.601293,0.017239
1403637140.93863,0.076126,-0.017835,-0.083241,0.796106,-0.065889,0.601306,0.017459
1403637140.98864,0.076270,-0.017773,-0.083398,0.796059,-0.065902,0.601366,0.017492
1403637141.03864,0.076529,-0.017710,-0.083560,0.796048,-0.065820,0.601386,0.017611
1403637141.08864,0.076711,-0.017681,-0.083768,0.796010,-0.065810,0.601435,0.017688
1403637141.13865,0.077622,-0.017640,-0.083866,0.795963,-0.065687,0.601506,0.017866
1403637141.18866,0.077704,-0.017631,-0.084022,0.795974,-0.065641,0.601495,0.017903
1403637141.23866,0.077789,-0.017657,-0.084177,0.795963,-0.065495,0.601519,0.018084
1403637141.28866,0.077838,-0.017618,-0.084388,0.795935,-0.065422,0.601561,0.018212
1403637141.33867,0.077908,-0.017612,-0.084529,0.795904,-0.065357,0.601608,0.018277
1403637141.38867,0.078145,-0.017654,-0.084671,0.795909,-0.065281,0.601604,0.018416
1403637141.43867,0.078110,-0.017708,-0.084710,0.795893,-0.065182,0.601634,0.018509
1403637141.48867,0.078207,-0.017723,-0.084844,0.795854,-0.065152,0.601686,0.018595
1403637141.53868,0.078530,-0.017654,-0.085122,0.795869,-0.065098,0.601669,0.018711
1403637141.58868,0.078612,-0.017647,-0.085243,0.795828,-0.065038,0.601726,0.018819
1403637141.63869,0.078649,-0.017698,-0.085365,0.795761,-0.065017,0.601814,0.018916
1403637141.68869,0.078756,-0.017719,-0.085540,0.795735,-0.064997,0.601850,0.018923
1403637141.73870,0.079328,-0.017710,-0.085696,0.795687,-0.064934,0.601917,0.019026
1403637141.78870,0.079412,-0.017726,-0.085841,0.795679,-0.064864,0.601933,0.019087
1403637141.83870,0.079482,-0.017744,-0.085968,0.795619,-0.064808,0.602016,0.019131
1403637141.88870,0.079545,-0.017767,-0.086155,0.795605,-0.064701,0.602042,0.019276
1403637141.93871,0.079653,-0.017750,-0.086289,0.795566,-0.064711,0.602093,0.019237
1403637141.98871,0.079790,-0.017828,-0.086419,0.795535,-0.064639,0.602137,0.019384
1403637142.03871,0.079759,-0.017898,-0.086447,0.795497,-0.064586,0.602192,0.019450
1403637142.08872,0.079806,-0.017919,-0.086582,0.795484,-0.064492,0.602216,0.019554
1403637142.13872,0.080003,-0.017870,-0.086817,0.795494,-0.064467,0.602204,0.019574
1403637142.18872,0.080086,-0.017876,-0.086910,0.795422,-0.064386,0.602302,0.019735
1403637142.23873,0.080118,-0.017870,-0.086990,0.795347,-0.064390,0.602401,0.019742
1403637142.28873,0.080197,-0.017875,-0.087086,0.795303,-0.064332,0.602463,0.019825
1403637142.33873,0.080574,-0.017850,-0.087205,0.795262,-0.064325,0.602518,0.019835
1403637142.38873,0.080618,-0.017885,-0.087302,0.795226,-0.064245,0.602570,0.019967
1403637142.43874,0.080695,-0.017877,-0.087399,0.795196,-0.064269,0.602607,0.019929
1403637142.48874,0.080737,-0.017900,-0.087484,0.795180,-0.064222,0.602630,0.020020
1403637142.53874,0.080768,-0.017913,-0.087550,0.795132,-0.064207,0.602695,0.020027
1403637142.58874,0.080835,-0.017933,-0.087608,0.795111,-0.064160,0.602725,0.020089
1403637142.63874,0.080779,-0.017979,-0.087573,0.795085,-0.064136,0.602763,0.020104
1403637142.68874,0.080793,-0.018011,-0.087611,0.795077,-0.064071,0.602778,0.020172
1403637142.73875,0.080893,-0.017984,-0.087724,0.795104,-0.064063,0.602742,0.020190
1403637142.78875,0.080919,-0.017972,-0.087747,0.795087,-0.064068,0.602764,0.020183
1403637142.83875,0.080901,-0.018019,-0.087769,0.795061,-0.064082,0.602796,0.020211
1403637142.88876,0.080881,-0.018042,-0.087833,0.795050,-0.064067,0.602812,0.020221
1403637142.93876,0.081156,-0.018001,-0.087940,0.795044,-0.064073,0.602819,0.020202
1403637142.98876,0.081136,-0.018009,-0.087994,0.795033,-0.064070,0.602834,0.020211
1403637143.03876,0.081133,-0.018029,-0.087999,0.795007,-0.064064,0.602869,0.020213
1403637143.08876,0.081124,-0.018020,-0.088029,0.795038,-0.064030,0.602832,0.020221
1403637143.13876,0.081178,-0.018005,-0.088052,0.795053,-0.063989,0.602816,0.020243
1403637143.18876,0.081248,-0.018005,-0.088096,0.795041,-0.064001,0.602828,0.020283
1403637143.23877,0.081227,-0.018049,-0.088063,0.795015,-0.063964,0.602865,0.020323
1403637143.28877,0.081287,-0.018050,-0.088118,0.794999,-0.063956,0.602887,0.020331
1403637143.33877,0.081418,-0.018051,-0.088228,0.795030,-0.063918,0.602849,0.020368
1403637143.38877,0.081468,-0.018050,-0.088271,0.795002,-0.063911,0.602886,0.020394
1403637143.43877,0.081510,-0.018080,-0.088306,0.794950,-0.063917,0.602952,0.020453
1403637143.48878,0.081563,-0.018056,-0.088344,0.794929,-0.063920,0.602979,0.020440
1403637143.53878,0.081765,-0.017999,-0.088441,0.794953,-0.063936,0.602946,0.020432
1403637143.58878,0.081806,-0.017994,-0.088437,0.794872,-0.063917,0.603053,0.020491
1403637143.63878,0.081800,-0.017967,-0.088469,0.794914,-0.063923,0.602999,0.020458
1403637143.68878,0.081813,-0.017935,-0.088516,0.794920,-0.063916,0.602990,0.020499
1403637143.73878,0.081831,-0.017912,-0.088528,0.794886,-0.063898,0.603034,0.020561
1403637143.78878,0.081839,-0.017897,-0.088541,0.794861,-0.063913,0.603065,0.020581
1403637143.83878,0.081733,-0.017943,-0.088477,0.794851,-0.063906,0.603079,0.020605
1403637143.88879,0.081715,-0.017963,-0.088464,0.794816,-0.063907,0.603125,0.020594
1403637143.93879,0.081733,-0.017906,-0.088467,0.794845,-0.063697,0.603113,0.020460
1403637143.98878,0.081686,-0.017912,-0.088485,0.794866,-0.063720,0.603080,0.020528
1403637144.03878,0.081670,-0.017948,-0.088454,0.794845,-0.063834,0.603096,0.020519
1403637144.08878,0.081673,-0.017946,-0.088410,0.794846,-0.063861,0.603089,0.020617
1403637144.13877,0.081873,-0.017911,-0.088399,0.794808,-0.064105,0.603114,0.020605
1403637144.18878,0.081827,-0.017862,-0.088385,0.794823,-0.064005,0.603100,0.020733
1403637144.23877,0.081844,-0.017750,-0.088344,0.794834,-0.064113,0.603081,0.020560
1403637144.28876,0.081817,-0.017724,-0.088295,0.794840,-0.064042,0.603075,0.020682
1403637144.33875,0.081890,-0.017731,-0.088221,0.794734,-0.064151,0.603203,0.020678
1403637144.38875,0.081939,-0.017809,-0.088154,0.794667,-0.064018,0.603306,0.020695
1403637144.43875,0.081928,-0.017864,-0.088058,0.794576,-0.063952,0.603434,0.020636
1403637144.48875,0.081957,-0.017901,-0.088019,0.794554,-0.063805,0.603478,0.020637
1403637144.53876,0.082009,-0.017894,-0.088074,0.794552,-0.063803,0.603484,0.020583
1403637144.58876,0.081981,-0.018031,-0.088086,0.794610,-0.064190,0.603353,0.020979
1403637144.63876,0.082033,-0.018007,-0.088018,0.794542,-0.063994,0.603468,0.020818
1403637144.68876,0.082060,-0.018006,-0.088000,0.794580,-0.064021,0.603418,0.020757
1403637144.73874,0.082328,-0.017960,-0.087922,0.794478,-0.063743,0.603583,0.020706
1403637144.78874,0.082385,-0.017977,-0.087957,0.794462,-0.063845,0.603595,0.020672
1403637144.83874,0.082451,-0.018051,-0.087993,0.794483,-0.063772,0.603572,0.020773
1403637144.88874,0.082510,-0.018080,-0.088009,0.794503,-0.063781,0.603546,0.020699
1403637144.93874,0.082501,-0.018081,-0.087982,0.794518,-0.063540,0.603549,0.020802
1403637144.98874,0.082516,-0.018003,-0.087967,0.794586,-0.063406,0.603480,0.020634
1403637145.03874,0.082460,-0.018011,-0.087971,0.794570,-0.063460,0.603491,0.020755
1403637145.08874,0.082435,-0.017974,-0.087948,0.794544,-0.063587,0.603509,0.020811
1403637145.13874,0.082430,-0.017974,-0.087980,0.794569,-0.063684,0.603464,0.020885
1403637145.18874,0.082387,-0.018010,-0.087990,0.794561,-0.063791,0.603460,0.020981
1403637145.23874,0.082364,-0.018061,-0.088012,0.794539,-0.063849,0.603482,0.020979
1403637145.28874,0.082356,-0.018128,-0.088027,0.794562,-0.063895,0.603445,0.021015
1403637145.33874,0.082481,-0.018147,-0.088065,0.794529,-0.063867,0.603496,0.020933
1403637145.38875,0.082466,-0.018185,-0.088072,0.794525,-0.063823,0.603503,0.020999
1403637145.43875,0.082482,-0.018174,-0.088068,0.794505,-0.063783,0.603534,0.020972
1403637145.48875,0.082482,-0.018173,-0.088061,0.794483,-0.063775,0.603564,0.020954
1403637145.53875,0.082513,-0.018166,-0.088070,0.794489,-0.063779,0.603554,0.021008
1403637145.58875,0.082546,-0.018167,-0.088083,0.794476,-0.063723,0.603576,0.021028
1403637145.63875,0.082555,-0.018144,-0.088080,0.794507,-0.063717,0.603538,0.020984
1403637145.68875,0.082559,-0.018156,-0.088062,0.794532,-0.063646,0.603510,0.021057
1403637145.73875,0.082596,-0.018162,-0.088050,0.794518,-0.063649,0.603530,0.020996
1403637145.78875,0.082584,-0.018170,-0.088038,0.794513,-0.063617,0.603540,0.021020
1403637145.83875,0.082595,-0.018149,-0.088036,0.794524,-0.063655,0.603519,0.021051
1403637145.88875,0.082594,-0.018150,-0.088053,0.794528,-0.063685,0.603509,0.021120
1403637145.93875,0.082696,-0.018120,-0.088132,0.794534,-0.063689,0.603501,0.021106
1403637145.98875,0.082667,-0.018123,-0.088169,0.794544,-0.063607,0.603496,0.021138
1403637146.03876,0.082693,-0.018113,-0.088205,0.794572,-0.063613,0.603459,0.021123
1403637146.08876,0.082738,-0.018141,-0.088255,0.794572,-0.063621,0.603456,0.021202
1403637146.13876,0.082777,-0.018115,-0.088284,0.794556,-0.063598,0.603478,0.021222
1403637146.18876,0.082781,-0.018094,-0.088282,0.794544,-0.063466,0.603503,0.021360
1403637146.23876,0.082693,-0.018189,-0.088260,0.794528,-0.063271,0.603525,0.021900
1403637146.28876,0.082666,-0.017922,-0.088271,0.794473,-0.063605,0.603591,0.021099
1403637146.33877,0.082621,-0.018007,-0.088320,0.794492,-0.063227,0.603586,0.021649
1403637146.38876,0.082631,-0.017895,-0.088320,0.794455,-0.063566,0.603617,0.021132
1403637146.43877,0.082496,-0.018028,-0.088401,0.794534,-0.063307,0.603522,0.021650
1403637146.48876,0.082545,-0.018008,-0.088433,0.794485,-0.063618,0.603567,0.021270
1403637146.53876,0.082702,-0.018153,-0.088485,0.794514,-0.063384,0.603541,0.021666
1403637146.58876,0.082792,-0.018134,-0.088473,0.794483,-0.063622,0.603569,0.021292
1403637146.63877,0.082828,-0.018246,-0.088426,0.794489,-0.063343,0.603578,0.021643
1403637146.68877,0.082889,-0.018182,-0.088385,0.794421,-0.063460,0.603661,0.021452
1403637146.73877,0.082927,-0.018238,-0.088348,0.794447,-0.063324,0.603634,0.021685
1403637146.78877,0.082960,-0.018178,-0.088361,0.794437,-0.063402,0.603644,0.021553
1403637146.83877,0.083002,-0.018160,-0.088392,0.794423,-0.063301,0.603668,0.021685
1403637146.88877,0.083003,-0.018095,-0.088416,0.794431,-0.063326,0.603655,0.021657
1403637146.93877,0.083045,-0.018085,-0.088438,0.794431,-0.063300,0.603655,0.021780
1403637146.98877,0.083071,-0.018047,-0.088428,0.794389,-0.063211,0.603715,0.021895
1403637147.03878,0.083087,-0.018000,-0.088476,0.794407,-0.063250,0.603692,0.021749
1403637147.08878,0.083100,-0.017994,-0.088517,0.794404,-0.063252,0.603694,0.021821
1403637147.13878,0.083263,-0.017982,-0.088594,0.794414,-0.063294,0.603675,0.021865
1403637147.18878,0.083305,-0.018001,-0.088612,0.794365,-0.063302,0.603734,0.021937
1403637147.23878,0.083354,-0.018038,-0.088613,0.794341,-0.063301,0.603766,0.021979
1403637147.28878,0.083387,-0.018048,-0.088643,0.794329,-0.063327,0.603780,0.021937
1403637147.33878,0.083437,-0.018048,-0.088665,0.794312,-0.063332,0.603802,0.021920
1403637147.38878,0.083461,-0.018035,-0.088685,0.794289,-0.063295,0.603838,0.021860
1403637147.43878,0.083444,-0.018077,-0.088713,0.794282,-0.063251,0.603848,0.021963
1403637147.48878,0.083407,-0.018060,-0.088715,0.794267,-0.063261,0.603870,0.021906
1403637147.53878,0.083399,-0.018072,-0.088708,0.794229,-0.063167,0.603926,0.022000
1403637147.58878,0.083468,-0.017905,-0.088671,0.794242,-0.063250,0.603906,0.021858
1403637147.63879,0.083507,-0.017875,-0.088679,0.794236,-0.063131,0.603919,0.022037
1403637147.68879,0.083514,-0.017845,-0.088694,0.794231,-0.063189,0.603925,0.021891
1403637147.73879,0.083607,-0.017905,-0.088725,0.794191,-0.063191,0.603974,0.021976
1403637147.78879,0.083545,-0.017966,-0.088760,0.794198,-0.063204,0.603965,0.021942
1403637147.83879,0.083501,-0.018049,-0.088733,0.794181,-0.063170,0.603987,0.022039
1403637147.88879,0.083421,-0.018096,-0.088731,0.794185,-0.063203,0.603981,0.021985
1403637147.93879,0.083353,-0.018164,-0.088732,0.794188,-0.063140,0.603981,0.022063
1403637147.98879,0.083281,-0.018175,-0.088731,0.794178,-0.063172,0.603992,0.022017
1403637148.03879,0.083291,-0.018206,-0.088725,0.794173,-0.063169,0.603998,0.022048
1403637148.08880,0.083312,-0.018247,-0.088692,0.794181,-0.063194,0.603983,0.022096
1403637148.13880,0.083301,-0.018318,-0.088639,0.794151,-0.063163,0.604022,0.022187
1403637148.18880,0.083302,-0.018316,-0.088669,0.794165,-0.063178,0.604004,0.022124
1403637148.23880,0.083216,-0.018269,-0.088694,0.794212,-0.063037,0.603959,0.022076
1403637148.28880,0.083224,-0.018232,-0.088731,0.794197,-0.063027,0.603979,0.022098
1403637148.33880,0.083370,-0.018177,-0.088763,0.794278,-0.062925,0.603884,0.022078
1403637148.38880,0.083493,-0.018152,-0.088750,0.794203,-0.062913,0.603985,0.022066
1403637148.43880,0.083581,-0.018182,-0.088775,0.794244,-0.062819,0.603943,0.021965
1403637148.48880,0.083625,-0.018226,-0.088811,0.794310,-0.062680,0.603870,0.021997
1403637148.53880,0.083654,-0.018211,-0.088805,0.794272,-0.062544,0.603936,0.021961
1403637148.58880,0.083699,-0.018218,-0.088802,0.794318,-0.062401,0.603892,0.021901
1403637148.63880,0.083564,-0.018192,-0.088813,0.794565,-0.062023,0.603613,0.021699
1403637148.68880,0.083574,-0.018120,-0.088762,0.794502,-0.061799,0.603736,0.021223
1403637148.73880,0.083545,-0.018155,-0.088799,0.794669,-0.061351,0.603560,0.021273
1403637148.78880,0.083541,-0.018069,-0.088845,0.794740,-0.061332,0.603480,0.020941
1403637148.83880,0.083489,-0.018096,-0.088822,0.794852,-0.061023,0.603363,0.020978
1403637148.88880,0.083415,-0.017987,-0.088811,0.794966,-0.060701,0.603260,0.020555
1403637148.93880,0.083466,-0.017952,-0.088908,0.795120,-0.060355,0.603096,0.020427
1403637148.98880,0.084015,-0.017993,-0.089010,0.795235,-0.060321,0.602964,0.019933
1403637149.03880,0.084144,-0.017977,-0.089113,0.795483,-0.060035,0.602670,0.019801
1403637149.08881,0.084400,-0.017881,-0.089200,0.795647,-0.060136,0.602464,0.019143
1403637149.13881,0.084761,-0.017857,-0.089312,0.795818,-0.060152,0.602248,0.018794
1403637149.18882,0.084758,-0.017945,-0.089452,0.796036,-0.059980,0.601985,0.018514
1403637149.23882,0.084606,-0.018015,-0.089496,0.796133,-0.060123,0.601860,0.017939
1403637149.28883,0.084221,-0.017892,-0.089529,0.796269,-0.060007,0.601706,0.017443
1403637149.33884,0.083722,-0.017844,-0.089559,0.796480,-0.059752,0.601466,0.016968
1403637149.38884,0.083106,-0.017821,-0.089608,0.796562,-0.059526,0.601392,0.016525
1403637149.43884,0.082482,-0.017802,-0.089523,0.796736,-0.058918,0.601234,0.016099
1403637149.48884,0.082021,-0.017685,-0.089470,0.797051,-0.058175,0.600895,0.015820
1403637149.53884,0.081690,-0.017672,-0.089533,0.797388,-0.057314,0.600532,0.015798
1403637149.58884,0.081178,-0.017665,-0.089567,0.798920,-0.054769,0.598741,0.015402
1403637149.63882,0.080332,-0.017669,-0.089841,0.802109,-0.050278,0.594886,0.014287
1403637149.68883,0.079268,-0.017608,-0.089984,0.804550,-0.044008,0.592123,0.012414
1403637149.73884,0.078423,-0.018286,-0.090210,0.805600,-0.040617,0.590942,0.012089
1403637149.78885,0.078457,-0.019143,-0.090705,0.807971,-0.039385,0.587811,0.010470
1403637149.83873,0.079169,-0.020146,-0.089917,0.811143,-0.037782,0.583545,0.009743
1403637149.88865,0.079505,-0.022612,-0.089797,0.815920,-0.038285,0.576832,0.008596
1403637149.93856,0.078871,-0.026458,-0.089131,0.820761,-0.036862,0.569980,0.010711
1403637149.98841,0.078659,-0.031186,-0.086515,0.825451,-0.034976,0.563231,0.013345
1403637150.03833,0.078540,-0.037208,-0.082118,0.830504,-0.031275,0.555780,0.019825
1403637150.08823,0.078902,-0.044353,-0.075944,0.834543,-0.029522,0.549563,0.025419
1403637150.13812,0.081268,-0.052277,-0.067714,0.836818,-0.028321,0.545909,0.030295
1403637150.18806,0.085093,-0.060626,-0.057809,0.837184,-0.028451,0.545087,0.034553
1403637150.23800,0.090816,-0.069450,-0.046328,0.836436,-0.029255,0.545975,0.037820
1403637150.28799,0.098815,-0.078023,-0.032737,0.834156,-0.030589,0.549217,0.040102
1403637150.33798,0.107948,-0.086592,-0.018455,0.831793,-0.032358,0.552562,0.041821
1403637150.38798,0.119611,-0.095805,-0.002112,0.826964,-0.034602,0.559606,0.042113
1403637150.43798,0.131896,-0.104376,0.013215,0.823184,-0.036534,0.564996,0.042578
1403637150.48797,0.144455,-0.113307,0.027906,0.820536,-0.037900,0.568635,0.044032
1403637150.53798,0.157285,-0.122423,0.042124,0.818723,-0.039704,0.571039,0.045058
1403637150.58799,0.170416,-0.131012,0.055694,0.818049,-0.040962,0.571847,0.045933
1403637150.63798,0.183976,-0.140504,0.068808,0.817108,-0.042178,0.573035,0.046756
1403637150.68799,0.197044,-0.149538,0.082424,0.817277,-0.042997,0.572670,0.047523
1403637150.73797,0.212000,-0.158785,0.094773,0.817324,-0.042966,0.572470,0.049129
1403637150.78796,0.226616,-0.167340,0.106457,0.817009,-0.043226,0.572818,0.050073
1403637150.83795,0.240394,-0.175654,0.119161,0.816280,-0.042761,0.573719,0.052013
1403637150.88795,0.255450,-0.183547,0.131245,0.814119,-0.042302,0.576705,0.053224
1403637150.93795,0.270778,-0.191243,0.142447,0.811807,-0.042017,0.579920,0.053816
1403637150.98795,0.285413,-0.198448,0.152170,0.809491,-0.041769,0.583147,0.054033
1403637151.03795,0.299795,-0.205928,0.161057,0.807370,-0.041251,0.586112,0.054082
1403637151.08795,0.313816,-0.213305,0.169222,0.805012,-0.040450,0.589384,0.054273
1403637151.13794,0.326663,-0.219675,0.176439,0.802445,-0.039529,0.592929,0.054357
1403637151.18795,0.338273,-0.225451,0.182911,0.801805,-0.038677,0.593887,0.053951
1403637151.23796,0.348786,-0.230764,0.189168,0.803587,-0.038785,0.591568,0.052835
1403637151.28796,0.358165,-0.235461,0.197897,0.805744,-0.039252,0.588791,0.050608
1403637151.33796,0.366701,-0.239143,0.209562,0.808326,-0.040897,0.585448,0.046771
1403637151.38796,0.374586,-0.243160,0.222901,0.810599,-0.044048,0.582506,0.040929
1403637151.43797,0.383559,-0.248582,0.237226,0.812395,-0.047373,0.580088,0.035619
1403637151.48795,0.392761,-0.253825,0.257585,0.813633,-0.045597,0.578407,0.036979
1403637151.53795,0.400892,-0.259308,0.274882,0.814407,-0.044837,0.577369,0.037097
1403637151.58796,0.407936,-0.265988,0.292304,0.814507,-0.043456,0.577235,0.038589
1403637151.63796,0.414721,-0.273630,0.309057,0.814667,-0.041798,0.577037,0.039982
1403637151.68796,0.422600,-0.280943,0.322997,0.814504,-0.040591,0.577291,0.040872
1403637151.73796,0.430042,-0.288961,0.334679,0.815057,-0.040132,0.576520,0.041185
1403637151.78797,0.438093,-0.296913,0.345067,0.815304,-0.039598,0.576204,0.041229
1403637151.83797,0.446470,-0.305085,0.353356,0.815446,-0.039159,0.576039,0.041153
1403637151.88798,0.456165,-0.315108,0.358412,0.815548,-0.038855,0.575905,0.041298
1403637151.93799,0.464424,-0.323612,0.363418,0.815877,-0.038510,0.575435,0.041666
1403637151.98799,0.476356,-0.332223,0.368182,0.816236,-0.038752,0.574988,0.040565
1403637152.03800,0.485429,-0.340200,0.376378,0.816457,-0.039069,0.574713,0.039709
1403637152.08801,0.492521,-0.350080,0.379890,0.816844,-0.039682,0.574231,0.038078
1403637152.13801,0.499920,-0.357932,0.389976,0.817349,-0.040119,0.573533,0.037302
1403637152.18801,0.517067,-0.373161,0.409001,0.818197,-0.040502,0.572323,0.036879
1403637152.23801,0.526172,-0.382202,0.419663,0.818687,-0.041137,0.571643,0.035846
1403637152.28802,0.535764,-0.391551,0.428668,0.819073,-0.041245,0.571092,0.035669
1403637152.33802,0.545599,-0.401141,0.435822,0.819763,-0.042156,0.570120,0.034273
1403637152.38802,0.555546,-0.410555,0.440462,0.819580,-0.041471,0.570404,0.034756
1403637152.43802,0.564850,-0.420415,0.444275,0.819828,-0.041441,0.570052,0.034723
1403637152.48802,0.573846,-0.430367,0.446335,0.819961,-0.040781,0.569872,0.035313
1403637152.53802,0.584471,-0.440656,0.445963,0.819760,-0.040735,0.570183,0.035004
1403637152.58802,0.600842,-0.452673,0.446013,0.820181,-0.040429,0.569559,0.035649
1403637152.63803,0.613190,-0.463634,0.444638,0.819685,-0.040311,0.570276,0.035734
1403637152.68803,0.626637,-0.474532,0.442276,0.819259,-0.040383,0.570885,0.035682
1403637152.73804,0.639279,-0.485138,0.441422,0.818223,-0.040705,0.572364,0.035420
1403637152.78805,0.655977,-0.498430,0.444430,0.816914,-0.041741,0.574287,0.033212
1403637152.83806,0.669241,-0.510449,0.446575,0.815521,-0.042135,0.576264,0.032716
1403637152.88807,0.681452,-0.522175,0.450540,0.814282,-0.041918,0.578050,0.032331
1403637152.93807,0.693739,-0.535563,0.457469,0.813346,-0.040824,0.579397,0.033175
1403637152.98807,0.704759,-0.547996,0.465098,0.813231,-0.040251,0.579565,0.033746
1403637153.03806,0.714182,-0.559269,0.473073,0.812859,-0.039393,0.580108,0.034400
1403637153.08806,0.723646,-0.571326,0.481116,0.813272,-0.038907,0.579474,0.035837
1403637153.13806,0.733346,-0.583362,0.487710,0.813843,-0.038393,0.578656,0.036654
1403637153.18805,0.743803,-0.594273,0.493137,0.814631,-0.038218,0.577524,0.037174
1403637153.23805,0.754107,-0.606747,0.497106,0.815326,-0.037308,0.576489,0.038893
1403637153.28805,0.764959,-0.619715,0.499848,0.815638,-0.036655,0.576024,0.039850
1403637153.33805,0.776208,-0.632609,0.501580,0.815672,-0.036007,0.575946,0.040841
1403637153.38804,0.787562,-0.645762,0.503275,0.816052,-0.035378,0.575351,0.042178
1403637153.43804,0.799334,-0.658837,0.506024,0.816743,-0.034934,0.574362,0.042647
1403637153.48804,0.810557,-0.671872,0.510352,0.817810,-0.034428,0.572789,0.043749
1403637153.53805,0.823225,-0.685603,0.516446,0.819333,-0.034470,0.570580,0.044076
1403637153.58804,0.833694,-0.697575,0.522833,0.820186,-0.035152,0.569376,0.043240
1403637153.63803,0.846354,-0.710329,0.532086,0.820611,-0.034887,0.568745,0.043701
1403637153.68802,0.859047,-0.721692,0.542889,0.819932,-0.034997,0.569756,0.043188
1403637153.73802,0.872640,-0.733526,0.555161,0.819425,-0.034664,0.570450,0.043895
1403637153.78801,0.888042,-0.746506,0.567833,0.817939,-0.034843,0.572580,0.043739
1403637153.83801,0.902135,-0.757642,0.577903,0.817026,-0.035665,0.573932,0.042404
1403637153.88801,0.915699,-0.768576,0.586456,0.816593,-0.035526,0.574519,0.042917
1403637153.93801,0.929190,-0.779261,0.593320,0.815696,-0.035337,0.575766,0.043423
1403637153.98803,0.942769,-0.790107,0.597942,0.815363,-0.036065,0.576266,0.042416
1403637154.03804,0.956203,-0.800010,0.600083,0.815751,-0.036204,0.575717,0.042293
1403637154.08806,0.968350,-0.809685,0.598806,0.816919,-0.037592,0.574109,0.040359
1403637154.13808,0.979510,-0.818430,0.595173,0.819441,-0.040226,0.570579,0.036575
1403637154.18811,0.987599,-0.825724,0.588132,0.822584,-0.045612,0.566047,0.029416
1403637154.23811,0.995876,-0.833733,0.580605,0.824683,-0.050843,0.562857,0.022494
1403637154.28811,0.998694,-0.842145,0.570615,0.826461,-0.054873,0.560052,0.017129
1403637154.33810,1.006143,-0.851433,0.560858,0.827097,-0.056812,0.558986,0.014745
1403637154.38809,1.015833,-0.863301,0.551473,0.826682,-0.055511,0.559658,0.017276
1403637154.43807,1.025186,-0.875445,0.541295,0.824366,-0.053270,0.563149,0.021131
1403637154.48806,1.039889,-0.891582,0.532453,0.821636,-0.050819,0.567182,0.025215
1403637154.53805,1.054673,-0.908063,0.523294,0.819941,-0.048827,0.569619,0.029092
1403637154.58805,1.070974,-0.926759,0.515245,0.819504,-0.046913,0.570156,0.033671
1403637154.63805,1.086966,-0.945535,0.507389,0.820376,-0.044678,0.568740,0.039006
1403637154.68804,1.103457,-0.964999,0.499743,0.822759,-0.042656,0.565022,0.044700
1403637154.73805,1.119996,-0.984831,0.491690,0.824891,-0.042821,0.561487,0.049537
1403637154.78806,1.136756,-1.004327,0.483831,0.826708,-0.045918,0.558144,0.054042
1403637154.83809,1.154192,-1.023942,0.476143,0.828391,-0.051312,0.554831,0.057426
1403637154.88810,1.171509,-1.042490,0.468740,0.828921,-0.057216,0.553258,0.059340
1403637154.93812,1.190805,-1.061563,0.463747,0.830458,-0.061708,0.550132,0.062337
1403637154.98814,1.211793,-1.080143,0.460656,0.829777,-0.067424,0.550348,0.063562
1403637155.03816,1.233413,-1.098315,0.459946,0.828701,-0.072041,0.550977,0.067006
1403637155.08818,1.256598,-1.116619,0.462259,0.826998,-0.078830,0.552277,0.069640
1403637155.13819,1.280659,-1.134495,0.467119,0.822961,-0.085329,0.556820,0.073519
1403637155.18821,1.304760,-1.151363,0.473182,0.820138,-0.091485,0.559683,0.075884
1403637155.23823,1.329330,-1.167338,0.481148,0.817353,-0.094937,0.562689,0.079382
1403637155.28824,1.354760,-1.183050,0.490899,0.815107,-0.097837,0.565188,0.081179
1403637155.33824,1.380062,-1.197746,0.501148,0.812504,-0.100551,0.568100,0.083602
1403637155.38825,1.404865,-1.212113,0.510305,0.809908,-0.105204,0.570633,0.085787
1403637155.43824,1.429757,-1.227091,0.518072,0.807817,-0.110973,0.572004,0.089036
1403637155.48822,1.453067,-1.241248,0.523402,0.805097,-0.118066,0.573841,0.092657
1403637155.53821,1.474656,-1.255845,0.528156,0.803088,-0.125267,0.574634,0.095670
1403637155.58818,1.494181,-1.268576,0.528112,0.801630,-0.133243,0.574798,0.096145
1403637155.63816,1.518465,-1.284826,0.528146,0.800358,-0.140732,0.574824,0.095909
1403637155.68816,1.541953,-1.301852,0.526830,0.799858,-0.147854,0.573772,0.095665
1403637155.73815,1.564127,-1.319801,0.524513,0.798277,-0.155079,0.573862,0.096883
1403637155.78815,1.584988,-1.338373,0.521226,0.796905,-0.163675,0.573150,0.098242
1403637155.83815,1.604595,-1.358244,0.517324,0.794660,-0.172892,0.573098,0.100907
1403637155.88815,1.622968,-1.378327,0.512066,0.794127,-0.182161,0.570042,0.105981
1403637155.93815,1.640539,-1.399492,0.506421,0.793587,-0.191308,0.566581,0.112279
1403637155.98816,1.657948,-1.422372,0.500677,0.791273,-0.200899,0.565100,0.119117
1403637156.03816,1.673943,-1.445313,0.495566,0.787571,-0.211192,0.565216,0.125144
1403637156.08816,1.687640,-1.468125,0.491113,0.783201,-0.221924,0.565909,0.130738
1403637156.13817,1.700825,-1.492543,0.486529,0.778549,-0.232651,0.566578,0.136838
1403637156.18818,1.714652,-1.522677,0.478431,0.774090,-0.244794,0.566302,0.141994
1403637156.23818,1.724345,-1.550200,0.475453,0.768986,-0.256613,0.566461,0.148096
1403637156.28817,1.731247,-1.578480,0.473062,0.764307,-0.267938,0.565600,0.155371
1403637156.33817,1.735420,-1.607464,0.470181,0.759318,-0.280204,0.564670,0.161465
1403637156.38816,1.737228,-1.637271,0.467924,0.754739,-0.291732,0.562722,0.169132
1403637156.43815,1.736919,-1.667834,0.465125,0.750104,-0.303309,0.560551,0.176437
1403637156.48815,1.736684,-1.699910,0.460769,0.745141,-0.314324,0.558572,0.184289
1403637156.53815,1.736857,-1.732992,0.455772,0.739733,-0.324759,0.556955,0.192685
1403637156.58815,1.736196,-1.767925,0.450028,0.735403,-0.334732,0.553857,0.200947
1403637156.63815,1.733200,-1.803487,0.442959,0.730193,-0.344634,0.551452,0.209633
1403637156.68815,1.728090,-1.840203,0.432709,0.725532,-0.354160,0.548315,0.218001
1403637156.73815,1.720941,-1.877088,0.422602,0.720803,-0.362612,0.545450,0.226804
1403637156.78817,1.716085,-1.912998,0.399688,0.719174,-0.370405,0.539460,0.233607
1403637156.83817,1.708740,-1.951547,0.383672,0.718679,-0.375858,0.533277,0.240515
1403637156.88817,1.700779,-1.989873,0.367165,0.718644,-0.380786,0.527587,0.245366
1403637156.93817,1.693170,-2.028308,0.349052,0.719376,-0.383364,0.522268,0.250531
1403637156.98817,1.685865,-2.065857,0.328113,0.720370,-0.386319,0.517409,0.253206
1403637157.03819,1.678314,-2.103159,0.308211,0.721175,-0.388866,0.513889,0.254180
1403637157.08820,1.672047,-2.139794,0.286386,0.721651,-0.391197,0.511710,0.253649
1403637157.13822,1.666452,-2.177723,0.264993,0.721578,-0.393531,0.510801,0.252072
1403637157.18822,1.660810,-2.214088,0.244445,0.721530,-0.394915,0.510721,0.250199
1403637157.23832,1.694534,-2.238059,0.170557,0.723221,-0.398217,0.508075,0.245428
1403637157.28832,1.691796,-2.271760,0.148293,0.723095,-0.398997,0.508716,0.243194
1403637157.33832,1.689833,-2.307611,0.128420,0.722827,-0.399665,0.509897,0.240405
1403637157.38831,1.689760,-2.345097,0.108764,0.722512,-0.401085,0.511116,0.236365
1403637157.43830,1.686564,-2.385573,0.097177,0.721854,-0.402706,0.512907,0.231693
1403637157.48830,1.682572,-2.428287,0.088032,0.721668,-0.403259,0.514425,0.227912
1403637157.53830,1.678090,-2.472646,0.080535,0.721499,-0.403677,0.515813,0.224546
1403637157.58829,1.672823,-2.519793,0.075620,0.721452,-0.403207,0.517208,0.222323
1403637157.63829,1.666459,-2.568262,0.071981,0.722201,-0.402163,0.517456,0.221201
1403637157.68828,1.658856,-2.617811,0.070480,0.722726,-0.401426,0.517827,0.219955
1403637157.73827,1.649797,-2.670414,0.071832,0.723299,-0.400651,0.518052,0.218952
1403637157.78825,1.640479,-2.724846,0.074520,0.722156,-0.398293,0.520639,0.220880
1403637157.83824,1.630308,-2.780776,0.076457,0.721244,-0.395228,0.522775,0.224293
1403637157.88823,1.618600,-2.836965,0.077288,0.720270,-0.393060,0.524579,0.227006
1403637157.93821,1.606053,-2.894191,0.076662,0.719428,-0.390128,0.526270,0.230787
1403637157.98821,1.592381,-2.952125,0.074489,0.719551,-0.387498,0.526417,0.234471
1403637158.03819,1.577761,-3.009306,0.071206,0.720034,-0.383999,0.526202,0.239182
1403637158.08818,1.562348,-3.066004,0.068500,0.720607,-0.381530,0.525442,0.243046
1403637158.13818,1.546063,-3.123269,0.067464,0.720710,-0.380176,0.525539,0.244646
1403637158.18817,1.529367,-3.180465,0.068345,0.721061,-0.378973,0.525117,0.246378
1403637158.23816,1.511455,-3.236934,0.071177,0.719829,-0.379312,0.526195,0.247159
1403637158.28816,1.491289,-3.290864,0.074856,0.719503,-0.380738,0.525034,0.248381
1403637158.33817,1.471266,-3.346533,0.077182,0.717870,-0.383556,0.524062,0.250812
1403637158.38818,1.449291,-3.401074,0.081043,0.715004,-0.388653,0.523381,0.252566
1403637158.43819,1.425949,-3.455167,0.083694,0.711643,-0.394128,0.522242,0.255911
1403637158.48822,1.401524,-3.509440,0.084062,0.707073,-0.401100,0.521721,0.258792
1403637158.53825,1.375553,-3.562787,0.083029,0.701753,-0.409487,0.521120,0.261339
1403637158.58829,1.348506,-3.618017,0.080229,0.695838,-0.419407,0.520302,0.263048
1403637158.63831,1.321111,-3.672908,0.075324,0.689889,-0.429439,0.518824,0.265437
1403637158.68833,1.291926,-3.728413,0.067761,0.683660,-0.438933,0.516723,0.270081
1403637158.73833,1.260075,-3.783204,0.058838,0.678135,-0.447897,0.513440,0.275502
1403637158.78834,1.227624,-3.836660,0.048757,0.674021,-0.455675,0.509318,0.280448
1403637158.83834,1.193877,-3.889782,0.037512,0.672233,-0.462154,0.503332,0.284911
1403637158.88833,1.159852,-3.943895,0.026121,0.669981,-0.467681,0.499456,0.288000
1403637158.93832,1.124050,-3.995996,0.015799,0.670007,-0.469584,0.494071,0.294067
1403637158.98831,1.089387,-4.051700,0.006012,0.670539,-0.471879,0.488923,0.297762
1403637159.03831,1.054034,-4.103146,-0.000128,0.671116,-0.473223,0.484425,0.301656
1403637159.08832,1.018626,-4.154411,-0.005227,0.670723,-0.474583,0.482568,0.303363
1403637159.13835,0.982875,-4.205369,-0.009831,0.669422,-0.476331,0.482734,0.303234
1403637159.18835,0.945357,-4.246592,-0.013986,0.667371,-0.478524,0.484634,0.301263
1403637159.23836,0.908272,-4.296535,-0.020565,0.665694,-0.480377,0.486630,0.298799
1403637159.28837,0.871025,-4.347576,-0.028786,0.664775,-0.481645,0.488204,0.296226
1403637159.33837,0.832216,-4.394225,-0.037440,0.664267,-0.482531,0.489335,0.294050
1403637159.38837,0.794123,-4.445239,-0.047058,0.664385,-0.482715,0.490044,0.292294
1403637159.43836,0.754652,-4.495909,-0.056879,0.665238,-0.481380,0.490231,0.292242
1403637159.48836,0.714455,-4.546055,-0.067715,0.665592,-0.480382,0.491199,0.291450
1403637159.53833,0.674766,-4.597245,-0.079071,0.668603,-0.477378,0.488603,0.293850
1403637159.58832,0.630757,-4.647094,-0.090159,0.671314,-0.475023,0.486236,0.295407
1403637159.63831,0.588121,-4.696399,-0.101437,0.674267,-0.472311,0.483403,0.297671
1403637159.68830,0.544190,-4.744558,-0.110492,0.676105,-0.469868,0.482144,0.299404
1403637159.73829,0.501314,-4.794535,-0.119024,0.677830,-0.467467,0.480643,0.301667
1403637159.78829,0.458167,-4.848343,-0.125982,0.678447,-0.465969,0.480524,0.302785
1403637159.83829,0.413919,-4.898970,-0.129179,0.678315,-0.465127,0.480115,0.305017
1403637159.88828,0.370899,-4.950555,-0.132558,0.677631,-0.466087,0.478188,0.308083
1403637159.93828,0.327911,-5.001526,-0.136297,0.675055,-0.471009,0.475909,0.309777
1403637159.98828,0.284210,-5.053031,-0.139665,0.671916,-0.476515,0.472507,0.313367
1403637160.03830,0.241030,-5.104506,-0.144290,0.665738,-0.482903,0.471652,0.318027
1403637160.08831,0.197959,-5.158991,-0.149881,0.658167,-0.489960,0.471740,0.322828
1403637160.13832,0.153149,-5.214632,-0.154954,0.649596,-0.497680,0.471962,0.328012
1403637160.18836,0.107890,-5.266425,-0.160426,0.641493,-0.505694,0.469979,0.334485
1403637160.23837,0.062771,-5.320653,-0.167908,0.634145,-0.513811,0.465809,0.341878
1403637160.28837,0.016908,-5.374387,-0.176336,0.625835,-0.522992,0.461867,0.348552
1403637160.33838,-0.029309,-5.428384,-0.186532,0.617974,-0.531944,0.456286,0.356295
1403637160.38838,-0.076167,-5.481313,-0.197303,0.609042,-0.542379,0.450637,0.363069
1403637160.43839,-0.124290,-5.532468,-0.208816,0.600760,-0.552251,0.443090,0.371184
1403637160.48839,-0.172095,-5.580852,-0.220638,0.592848,-0.561876,0.434219,0.379842
1403637160.53840,-0.221451,-5.632420,-0.233756,0.585425,-0.571805,0.424047,0.387944
1403637160.58839,-0.271861,-5.683234,-0.247936,0.576675,-0.581484,0.415477,0.395856
1403637160.63839,-0.320646,-5.733616,-0.263993,0.569069,-0.590496,0.405796,0.403491
1403637160.68839,-0.367764,-5.783170,-0.279943,0.562326,-0.599078,0.397714,0.408312
1403637160.73840,-0.414333,-5.831820,-0.295318,0.557229,-0.606729,0.390098,0.411338
1403637160.78842,-0.458971,-5.880502,-0.309164,0.553648,-0.612354,0.382931,0.414561
1403637160.83844,-0.501410,-5.928813,-0.320616,0.549959,-0.616819,0.378526,0.416890
1403637160.88845,-0.541740,-5.978222,-0.330421,0.546708,-0.620990,0.375321,0.417872
1403637160.93849,-0.577534,-6.024727,-0.338784,0.544712,-0.625035,0.372061,0.417362
1403637160.98851,-0.610668,-6.068972,-0.343306,0.542438,-0.628699,0.370941,0.415814
1403637161.03853,-0.639566,-6.112206,-0.345605,0.540177,-0.632391,0.371076,0.413030
1403637161.08855,-0.671747,-6.158783,-0.343640,0.537113,-0.635338,0.373132,0.410644
1403637161.13854,-0.705302,-6.207906,-0.338754,0.533137,-0.637907,0.377178,0.408137
1403637161.18854,-0.739245,-6.258164,-0.333466,0.527537,-0.641065,0.383791,0.404283
1403637161.23854,-0.777658,-6.310752,-0.323597,0.521136,-0.642650,0.392137,0.402053
1403637161.28854,-0.820308,-6.367149,-0.312534,0.516073,-0.644672,0.399023,0.398557
1403637161.33854,-0.861742,-6.425125,-0.301956,0.513166,-0.645337,0.403373,0.396851
1403637161.38854,-0.908304,-6.483503,-0.288081,0.513462,-0.644388,0.403490,0.397890
1403637161.43853,-0.956837,-6.543811,-0.273371,0.515334,-0.643097,0.399913,0.401156
1403637161.48855,-1.008157,-6.599857,-0.255732,0.515140,-0.642936,0.397046,0.404498
1403637161.53852,-1.060280,-6.662783,-0.239971,0.514770,-0.644768,0.391900,0.407064
1403637161.58850,-1.114417,-6.727445,-0.224913,0.512010,-0.647045,0.388137,0.410521
1403637161.63848,-1.168975,-6.788436,-0.210199,0.508910,-0.649294,0.384500,0.414232
1403637161.68847,-1.223553,-6.845317,-0.195286,0.504791,-0.650504,0.382351,0.419332
1403637161.73846,-1.278753,-6.901117,-0.181584,0.500624,-0.650105,0.381242,0.425903
1403637161.78843,-1.333405,-6.954825,-0.168276,0.496440,-0.647438,0.380750,0.435202
1403637161.83843,-1.388222,-7.005312,-0.155736,0.491102,-0.644017,0.381863,0.445243
1403637161.88840,-1.444758,-7.051131,-0.145234,0.486027,-0.640546,0.382380,0.455262
1403637161.93838,-1.499524,-7.096035,-0.134263,0.480217,-0.637270,0.384618,0.464057
1403637161.98838,-1.554481,-7.138782,-0.125389,0.475637,-0.633998,0.386135,0.471928
1403637162.03839,-1.608295,-7.178493,-0.118475,0.471600,-0.631376,0.387567,0.478278
1403637162.08839,-1.660308,-7.212603,-0.113241,0.468729,-0.630341,0.388207,0.481932
1403637162.13840,-1.711874,-7.243566,-0.111050,0.465836,-0.630587,0.390020,0.482951
1403637162.18842,-1.762272,-7.267506,-0.110939,0.463370,-0.633455,0.392268,0.479738
1403637162.23842,-1.813590,-7.291514,-0.112750,0.461682,-0.637597,0.394172,0.474287
1403637162.28844,-1.866241,-7.313515,-0.116317,0.460625,-0.641223,0.395813,0.469031
1403637162.33844,-1.921260,-7.334405,-0.120176,0.460782,-0.644040,0.396135,0.464725
1403637162.38844,-1.977802,-7.356028,-0.126077,0.460090,-0.647236,0.397810,0.459511
1403637162.43845,-2.034365,-7.373975,-0.133926,0.459879,-0.651193,0.399173,0.452902
1403637162.48845,-2.090527,-7.389639,-0.141787,0.464016,-0.655517,0.394751,0.446271
1403637162.53848,-2.151606,-7.410279,-0.150770,0.469298,-0.658257,0.388552,0.442135
1403637162.58848,-2.209151,-7.422388,-0.153970,0.472970,-0.658393,0.384455,0.441602
1403637162.63849,-2.268593,-7.434839,-0.153558,0.474746,-0.655549,0.382531,0.445580
1403637162.68851,-2.328201,-7.444790,-0.150883,0.471422,-0.651542,0.386109,0.451856
1403637162.73851,-2.388845,-7.452234,-0.147580,0.463792,-0.648265,0.392398,0.458992
1403637162.78852,-2.450521,-7.457234,-0.145939,0.455447,-0.647234,0.395975,0.465683
1403637162.83852,-2.512036,-7.458275,-0.145908,0.449176,-0.648746,0.393606,0.471638
1403637162.88853,-2.575001,-7.455668,-0.148090,0.441999,-0.651422,0.389657,0.477969
1403637162.93853,-2.638429,-7.450378,-0.152034,0.435229,-0.654956,0.382407,0.485153
1403637162.98853,-2.700685,-7.441031,-0.157504,0.428390,-0.659439,0.373318,0.492194
1403637163.03854,-2.763032,-7.429123,-0.164517,0.420272,-0.665031,0.363553,0.498933
1403637163.08855,-2.826534,-7.414547,-0.172869,0.410760,-0.671373,0.352926,0.505943
1403637163.13856,-2.888683,-7.396636,-0.182907,0.400574,-0.677515,0.341078,0.513985
1403637163.18855,-2.949990,-7.377092,-0.192880,0.389066,-0.684522,0.329607,0.520976
1403637163.23854,-3.009070,-7.353486,-0.203312,0.376921,-0.690754,0.318061,0.528797
1403637163.28854,-3.067005,-7.328199,-0.214367,0.364615,-0.697034,0.307567,0.535352
1403637163.33853,-3.128160,-7.302679,-0.226674,0.351371,-0.703858,0.298663,0.540299
1403637163.38853,-3.183619,-7.273019,-0.239455,0.338108,-0.711047,0.291303,0.543358
1403637163.43853,-3.238017,-7.241050,-0.253882,0.324968,-0.718765,0.284537,0.544804
1403637163.48853,-3.290066,-7.206965,-0.268919,0.312668,-0.726619,0.279306,0.544290
1403637163.53853,-3.341113,-7.171285,-0.284110,0.302608,-0.734739,0.273559,0.541989
1403637163.58853,-3.390670,-7.134325,-0.298403,0.293702,-0.743402,0.269687,0.536993
1403637163.63852,-3.440063,-7.096231,-0.309830,0.287388,-0.752241,0.264588,0.530598
1403637163.68852,-3.487461,-7.055711,-0.318100,0.281480,-0.759065,0.261974,0.525318
1403637163.73853,-3.533927,-7.014901,-0.325318,0.276236,-0.766054,0.260348,0.518723
1403637163.78854,-3.579861,-6.969504,-0.328225,0.272596,-0.770277,0.258486,0.515314
1403637163.83855,-3.628158,-6.924265,-0.329091,0.268704,-0.774009,0.259075,0.511457
1403637163.88856,-3.677243,-6.876333,-0.326316,0.264177,-0.776553,0.261607,0.508662
1403637163.93856,-3.729403,-6.827138,-0.321912,0.260486,-0.777104,0.264113,0.508430
1403637163.98855,-3.783704,-6.778207,-0.315942,0.257795,-0.776867,0.265971,0.509195
1403637164.03855,-3.839338,-6.725161,-0.307203,0.257312,-0.776172,0.266353,0.510298
1403637164.08855,-3.896965,-6.670192,-0.295569,0.257199,-0.774342,0.266687,0.512954
1403637164.13852,-3.958168,-6.617879,-0.284048,0.258286,-0.772275,0.266681,0.515520
1403637164.18851,-4.019130,-6.557582,-0.268876,0.260077,-0.769976,0.266103,0.518349
1403637164.23850,-4.080588,-6.494773,-0.252290,0.263230,-0.768440,0.264150,0.520034
1403637164.28848,-4.142910,-6.430887,-0.234227,0.268447,-0.765572,0.259993,0.523679
1403637164.33847,-4.206100,-6.365479,-0.216660,0.273936,-0.764449,0.255700,0.524589
1403637164.38846,-4.269065,-6.298282,-0.200102,0.277732,-0.763958,0.253768,0.524247
1403637164.43846,-4.332742,-6.230588,-0.185759,0.281462,-0.764584,0.251978,0.522204
1403637164.48846,-4.396864,-6.162337,-0.173779,0.282393,-0.765840,0.254158,0.518794
1403637164.53846,-4.459899,-6.092667,-0.163424,0.281159,-0.766817,0.259269,0.515481
1403637164.58846,-4.523348,-6.021159,-0.154358,0.281107,-0.767715,0.263058,0.512244
1403637164.63846,-4.589283,-5.949587,-0.147870,0.281056,-0.768473,0.266304,0.509450
1403637164.68846,-4.656845,-5.876876,-0.142780,0.283936,-0.768082,0.265715,0.508750
1403637164.73846,-4.726552,-5.804817,-0.139243,0.288246,-0.765792,0.262312,0.511537
1403637164.78846,-4.799054,-5.732424,-0.136695,0.292127,-0.762264,0.256963,0.517286
1403637164.83846,-4.872530,-5.659257,-0.135578,0.293683,-0.759325,0.252536,0.522878
1403637164.88845,-4.946393,-5.585763,-0.135810,0.294071,-0.757492,0.246584,0.528133
1403637164.93845,-5.018587,-5.509587,-0.137582,0.292328,-0.757050,0.241598,0.532025
1403637164.98844,-5.086986,-5.431560,-0.140826,0.288913,-0.757858,0.237001,0.534800
1403637165.03844,-5.157954,-5.354777,-0.144839,0.284325,-0.758956,0.231894,0.537932
1403637165.08843,-5.227957,-5.277561,-0.149418,0.277766,-0.759940,0.227510,0.541827
1403637165.13842,-5.297743,-5.200616,-0.154361,0.269409,-0.759881,0.223185,0.547893
1403637165.18842,-5.369609,-5.124479,-0.160872,0.261705,-0.761343,0.215772,0.552549
1403637165.23841,-5.440148,-5.049552,-0.168140,0.253031,-0.763821,0.208722,0.555867
1403637165.28841,-5.507886,-4.971466,-0.173467,0.244896,-0.767945,0.199593,0.557180
1403637165.33840,-5.573265,-4.894320,-0.177736,0.236843,-0.773905,0.191004,0.555422
1403637165.38840,-5.636730,-4.815195,-0.179473,0.230110,-0.779888,0.182333,0.552792
1403637165.43840,-5.700392,-4.737006,-0.178897,0.223585,-0.785910,0.175543,0.549126
1403637165.48839,-5.763280,-4.658883,-0.174985,0.217853,-0.789982,0.170414,0.547200
1403637165.53839,-5.826550,-4.582452,-0.168984,0.214146,-0.792564,0.163768,0.546958
1403637165.58838,-5.889413,-4.507528,-0.162581,0.210537,-0.795185,0.158457,0.546120
1403637165.63838,-5.952152,-4.432474,-0.154685,0.210459,-0.795919,0.149447,0.547618
1403637165.68837,-6.013623,-4.358793,-0.146975,0.211197,-0.795955,0.141183,0.549471
1403637165.73836,-6.074132,-4.286707,-0.139956,0.212751,-0.795646,0.133246,0.551298
1403637165.78835,-6.134768,-4.217191,-0.134110,0.215210,-0.795046,0.125403,0.553047
1403637165.83835,-6.193961,-4.147807,-0.130415,0.217918,-0.793949,0.118105,0.555165
1403637165.88835,-6.249538,-4.081026,-0.127808,0.221452,-0.792993,0.113015,0.556192
1403637165.93835,-6.303595,-4.017160,-0.127294,0.226711,-0.791242,0.109325,0.557303
1403637165.98835,-6.355134,-3.956241,-0.128013,0.233285,-0.789452,0.106543,0.557667
1403637166.03835,-6.405558,-3.898524,-0.130052,0.239991,-0.787479,0.106028,0.557709
1403637166.08834,-6.451142,-3.843562,-0.135584,0.246598,-0.785633,0.104767,0.557668
1403637166.13834,-6.496490,-3.791470,-0.145802,0.251647,-0.783857,0.105308,0.557809
1403637166.18834,-6.540250,-3.742039,-0.159658,0.256200,-0.782407,0.106038,0.557635
1403637166.23835,-6.583089,-3.695149,-0.176544,0.258619,-0.779921,0.109761,0.559279
1403637166.28835,-6.621107,-3.651279,-0.194974,0.258970,-0.776689,0.115990,0.562348
1403637166.33834,-6.655781,-3.611821,-0.211762,0.259248,-0.769272,0.123640,0.570722
1403637166.38832,-6.687008,-3.575816,-0.226426,0.258346,-0.759132,0.134577,0.582121
1403637166.43832,-6.715675,-3.543471,-0.241446,0.258009,-0.750153,0.145361,0.591247
1403637166.48832,-6.740618,-3.511250,-0.255663,0.259786,-0.744440,0.151653,0.596089
1403637166.53832,-6.762248,-3.479285,-0.268018,0.261648,-0.742083,0.156588,0.596937
1403637166.58831,-6.777718,-3.449626,-0.279738,0.265397,-0.743698,0.157653,0.592978
1403637166.63828,-6.789833,-3.417363,-0.287339,0.269786,-0.748687,0.156496,0.584972
1403637166.68824,-6.796307,-3.386187,-0.293678,0.274912,-0.756582,0.153111,0.573205
1403637166.73822,-6.799477,-3.355472,-0.298665,0.281748,-0.761308,0.147087,0.565149
1403637166.78820,-6.800352,-3.327105,-0.303791,0.288196,-0.764212,0.141476,0.559381
1403637166.83821,-6.800027,-3.302650,-0.309956,0.294801,-0.764507,0.135126,0.557102
1403637166.88821,-6.797959,-3.281206,-0.312321,0.301741,-0.761764,0.128472,0.558715
1403637166.93824,-6.796362,-3.262611,-0.316765,0.308356,-0.757746,0.122442,0.561912
1403637166.98826,-6.788913,-3.252892,-0.320693,0.313527,-0.751779,0.117517,0.568084
1403637167.03828,-6.776182,-3.249042,-0.324201,0.318842,-0.745903,0.112610,0.573836
1403637167.08830,-6.760407,-3.245749,-0.326721,0.323686,-0.739812,0.109018,0.579672
1403637167.13831,-6.739911,-3.246738,-0.327944,0.327485,-0.733989,0.105637,0.585538
1403637167.18832,-6.715472,-3.252809,-0.327093,0.330223,-0.728606,0.103526,0.591074
1403637167.23831,-6.686154,-3.264336,-0.323808,0.332150,-0.724870,0.101610,0.594908
1403637167.28832,-6.651085,-3.281539,-0.318986,0.332698,-0.723542,0.100670,0.596376
1403637167.33831,-6.613149,-3.301891,-0.314091,0.331831,-0.724917,0.100650,0.595192
1403637167.38831,-6.570926,-3.325583,-0.310396,0.329403,-0.729102,0.102322,0.591130
1403637167.43830,-6.525305,-3.352886,-0.309085,0.324158,-0.736841,0.109173,0.583153
1403637167.48830,-6.476280,-3.383878,-0.308094,0.315714,-0.745065,0.121356,0.574870
1403637167.53830,-6.423756,-3.416871,-0.309131,0.306164,-0.753896,0.135097,0.565379
1403637167.58830,-6.370397,-3.451588,-0.310666,0.296328,-0.761025,0.149192,0.557469
1403637167.63829,-6.315388,-3.487232,-0.313168,0.287281,-0.766334,0.162696,0.551118
1403637167.68828,-6.259488,-3.523459,-0.316672,0.281872,-0.769653,0.172823,0.546182
1403637167.73828,-6.203036,-3.560446,-0.322629,0.280571,-0.771943,0.179435,0.541467
1403637167.78827,-6.145148,-3.598502,-0.329621,0.282124,-0.773869,0.184269,0.536262
1403637167.83827,-6.086875,-3.636910,-0.338470,0.286216,-0.775173,0.188227,0.530808
1403637167.88827,-6.029527,-3.677039,-0.347254,0.291924,-0.776305,0.190303,0.525277
1403637167.93827,-5.972267,-3.718214,-0.354791,0.298166,-0.776357,0.190701,0.521536
1403637167.98827,-5.915483,-3.759745,-0.360157,0.305818,-0.774379,0.188632,0.520799
1403637168.03827,-5.859978,-3.803111,-0.363136,0.312778,-0.771666,0.187015,0.521274
1403637168.08827,-5.805026,-3.847826,-0.365032,0.317007,-0.769917,0.188520,0.520763
1403637168.13827,-5.749780,-3.893015,-0.369771,0.317911,-0.770407,0.193082,0.517807
1403637168.18828,-5.691972,-3.937305,-0.381433,0.318511,-0.770101,0.197104,0.516377
1403637168.23827,-5.639132,-3.984812,-0.392720,0.318993,-0.767878,0.200511,0.518075
1403637168.28827,-5.586463,-4.031991,-0.407587,0.319992,-0.765128,0.202386,0.520792
1403637168.33827,-5.533985,-4.079186,-0.426383,0.320559,-0.761206,0.203968,0.525552
1403637168.38827,-5.482346,-4.127499,-0.448131,0.320871,-0.755959,0.205750,0.532198
1403637168.43827,-5.429306,-4.174749,-0.471756,0.321013,-0.750992,0.207235,0.538531
1403637168.48827,-5.376607,-4.222098,-0.496505,0.318835,-0.747176,0.211937,0.543282
1403637168.53827,-5.323221,-4.268062,-0.522407,0.317140,-0.745873,0.214985,0.544865
1403637168.58828,-5.269678,-4.315128,-0.548932,0.316335,-0.747458,0.216934,0.542382
1403637168.63828,-5.214459,-4.361327,-0.574080,0.316494,-0.749334,0.216930,0.539696
1403637168.68829,-5.158678,-4.406545,-0.597930,0.317439,-0.751493,0.215218,0.536817
1403637168.73829,-5.103110,-4.452933,-0.618889,0.318821,-0.753044,0.212990,0.534709
1403637168.78829,-5.047334,-4.499188,-0.637990,0.318012,-0.754891,0.213238,0.532482
1403637168.83829,-4.992530,-4.546861,-0.654751,0.319585,-0.755339,0.209712,0.532306
1403637168.88829,-4.937573,-4.594648,-0.670870,0.321071,-0.755481,0.207340,0.532139
1403637168.93829,-4.882545,-4.642272,-0.687042,0.322930,-0.755517,0.203442,0.532468
1403637168.98829,-4.827249,-4.691217,-0.704302,0.323532,-0.755597,0.201193,0.532843
1403637169.03829,-4.770297,-4.739826,-0.721936,0.325294,-0.754737,0.197755,0.534274
1403637169.08829,-4.714436,-4.790398,-0.739968,0.328462,-0.753322,0.193653,0.535834
1403637169.13830,-4.657626,-4.842037,-0.756339,0.330971,-0.751323,0.193539,0.537135
1403637169.18830,-4.599837,-4.894849,-0.770583,0.335065,-0.748116,0.194987,0.538548
1403637169.23830,-4.540954,-4.949519,-0.782941,0.340066,-0.744474,0.198752,0.539084
1403637169.28830,-4.480753,-5.004733,-0.792529,0.345828,-0.740109,0.204936,0.539113
1403637169.33829,-4.418193,-5.061230,-0.799402,0.352077,-0.735616,0.212770,0.538181
1403637169.38830,-4.353241,-5.119292,-0.804338,0.359948,-0.730394,0.220508,0.536971
1403637169.43829,-4.288681,-5.177375,-0.807621,0.369563,-0.724706,0.228371,0.534856
1403637169.48829,-4.222646,-5.236864,-0.809172,0.379270,-0.718169,0.237302,0.532987
1403637169.53830,-4.154652,-5.295309,-0.808717,0.391253,-0.710051,0.244941,0.531745
1403637169.58830,-4.085753,-5.354394,-0.806768,0.403109,-0.701335,0.254457,0.529985
1403637169.63830,-4.011272,-5.412335,-0.805920,0.417270,-0.690543,0.261690,0.529675
1403637169.68830,-3.937887,-5.470652,-0.803441,0.429319,-0.681298,0.271980,0.526824
1403637169.73831,-3.863359,-5.528740,-0.801654,0.441790,-0.672798,0.281695,0.522315
1403637169.78831,-3.786354,-5.586455,-0.801321,0.453595,-0.664846,0.290784,0.517375
1403637169.83831,-3.707672,-5.641824,-0.802997,0.464613,-0.656752,0.299774,0.512783
1403637169.88832,-3.626795,-5.697385,-0.806771,0.476812,-0.647755,0.304987,0.509947
1403637169.93832,-3.543982,-5.752562,-0.811498,0.487174,-0.639046,0.311808,0.507009
1403637169.98832,-3.459514,-5.807519,-0.817729,0.497496,-0.629972,0.317251,0.504960
1403637170.03832,-3.372830,-5.860274,-0.826429,0.507056,-0.622322,0.322889,0.501350
1403637170.08832,-3.283410,-5.911865,-0.836308,0.516444,-0.615174,0.328605,0.496856
1403637170.13831,-3.192221,-5.963033,-0.846878,0.524873,-0.607340,0.335446,0.493074
1403637170.18831,-3.090958,-6.009813,-0.859758,0.532847,-0.599097,0.342928,0.489446
1403637170.23831,-2.993271,-6.058295,-0.872684,0.541345,-0.590768,0.349167,0.485820
1403637170.28831,-2.892410,-6.104401,-0.886846,0.550093,-0.581808,0.354985,0.482579
1403637170.33831,-2.789498,-6.150117,-0.901490,0.557071,-0.573277,0.364127,0.477951
1403637170.38831,-2.685597,-6.191308,-0.917798,0.562069,-0.566289,0.377351,0.470108
1403637170.43831,-2.577905,-6.232662,-0.934285,0.565377,-0.558794,0.393247,0.462011
1403637170.48831,-2.468795,-6.270470,-0.951669,0.567947,-0.550991,0.410677,0.452978
1403637170.53831,-2.358984,-6.306310,-0.969528,0.570550,-0.541506,0.427747,0.445281
1403637170.58831,-2.248246,-6.339844,-0.988792,0.572778,-0.531102,0.444459,0.438534
1403637170.63831,-2.136253,-6.372112,-1.009332,0.576394,-0.520360,0.459287,0.431336
1403637170.68830,-2.026844,-6.400359,-1.031005,0.580418,-0.508312,0.473037,0.425405
1403637170.73830,-1.915923,-6.424538,-1.052850,0.586189,-0.496419,0.484216,0.418910
1403637170.78831,-1.808349,-6.442538,-1.074747,0.593235,-0.485815,0.494627,0.409145
1403637170.83830,-1.701709,-6.455845,-1.095909,0.603782,-0.476889,0.499576,0.398056
1403637170.88831,-1.597650,-6.465091,-1.114987,0.614304,-0.466228,0.505442,0.387029
1403637170.93831,-1.495615,-6.469341,-1.132145,0.625934,-0.455686,0.509435,0.375543
1403637170.98831,-1.394389,-6.470004,-1.147172,0.637303,-0.445574,0.512901,0.363649
1403637171.03831,-1.294960,-6.469742,-1.160383,0.646956,-0.435402,0.517894,0.351651
1403637171.08831,-1.196700,-6.463741,-1.171655,0.655881,-0.426528,0.523036,0.338124
1403637171.13831,-1.101550,-6.455322,-1.180238,0.665097,-0.417434,0.525386,0.327666
1403637171.18832,-1.009336,-6.449668,-1.186147,0.671802,-0.409106,0.528703,0.319042
1403637171.23832,-0.920747,-6.436258,-1.189259,0.675512,-0.402275,0.533898,0.311145
1403637171.28832,-0.834984,-6.420165,-1.189772,0.678389,-0.394784,0.538423,0.306651
1403637171.33833,-0.755930,-6.403706,-1.187449,0.681045,-0.387688,0.541450,0.304478
1403637171.38833,-0.675157,-6.382190,-1.184782,0.684257,-0.380128,0.542202,0.305471
1403637171.43833,-0.595203,-6.359119,-1.179897,0.687065,-0.373000,0.541919,0.308441
1403637171.48833,-0.514741,-6.333610,-1.173852,0.689743,-0.368559,0.541043,0.309339
1403637171.53834,-0.440525,-6.304990,-1.165900,0.691931,-0.365315,0.539992,0.310137
1403637171.58834,-0.365593,-6.274424,-1.158380,0.693497,-0.363235,0.538837,0.311090
1403637171.63834,-0.290796,-6.242142,-1.152546,0.694752,-0.360664,0.537259,0.313997
1403637171.68834,-0.217294,-6.207439,-1.148369,0.695013,-0.359737,0.536263,0.316176
1403637171.73833,-0.144571,-6.167854,-1.145559,0.694493,-0.359365,0.535703,0.318683
1403637171.78833,-0.074792,-6.126406,-1.144483,0.693874,-0.359134,0.534863,0.321688
1403637171.83834,-0.003671,-6.081435,-1.144784,0.692983,-0.358850,0.533976,0.325377
1403637171.88833,0.065962,-6.034686,-1.146820,0.691731,-0.359247,0.533621,0.328174
1403637171.93834,0.135427,-5.984904,-1.149454,0.690692,-0.360503,0.533020,0.329956
1403637171.98834,0.204247,-5.930109,-1.153177,0.689068,-0.361229,0.533096,0.332426
1403637172.03834,0.273242,-5.875133,-1.158242,0.687937,-0.362387,0.532507,0.334445
1403637172.08834,0.341428,-5.813672,-1.164131,0.686477,-0.363340,0.532563,0.336317
1403637172.13833,0.409706,-5.752851,-1.170278,0.685461,-0.367007,0.532709,0.334171
1403637172.18830,0.475617,-5.686826,-1.176527,0.684471,-0.372971,0.533469,0.328333
1403637172.23828,0.541691,-5.615189,-1.182031,0.685355,-0.381688,0.532180,0.318414
1403637172.28827,0.604821,-5.540558,-1.185392,0.685991,-0.391073,0.531081,0.307297
1403637172.33827,0.666827,-5.465583,-1.185903,0.686143,-0.399450,0.530004,0.297898
1403637172.38827,0.727522,-5.389210,-1.183562,0.685604,-0.407075,0.529669,0.289290
1403637172.43827,0.783206,-5.311750,-1.179778,0.684805,-0.413551,0.529416,0.282376
1403637172.48828,0.834334,-5.233524,-1.173866,0.683679,-0.420257,0.529446,0.275051
1403637172.53829,0.881502,-5.155420,-1.165513,0.682190,-0.424497,0.530030,0.271085
1403637172.58830,0.926354,-5.076919,-1.155396,0.681094,-0.428071,0.530044,0.268177
1403637172.63831,0.967891,-4.999881,-1.143369,0.679943,-0.431032,0.530218,0.266003
1403637172.68832,1.006193,-4.923605,-1.129826,0.679608,-0.434348,0.529425,0.263028
1403637172.73832,1.042437,-4.848804,-1.113991,0.679561,-0.437218,0.527919,0.261416
1403637172.78831,1.072928,-4.776485,-1.096198,0.680356,-0.441938,0.523873,0.259544
1403637172.83830,1.100485,-4.703572,-1.078637,0.682174,-0.448949,0.516979,0.256546
1403637172.88828,1.126348,-4.632051,-1.061973,0.685466,-0.457388,0.506647,0.253460
1403637172.93827,1.149858,-4.562956,-1.048017,0.689098,-0.466315,0.494986,0.250365
1403637172.98827,1.175637,-4.503328,-1.033546,0.691937,-0.474941,0.484212,0.247373
1403637173.03827,1.196798,-4.439894,-1.028569,0.694097,-0.482836,0.474898,0.244073
1403637173.08826,1.216569,-4.381784,-1.027113,0.694098,-0.489770,0.467949,0.243672
1403637173.13826,1.234715,-4.327793,-1.029253,0.692370,-0.498172,0.461702,0.243475
1403637173.18825,1.250330,-4.277793,-1.034501,0.688115,-0.507186,0.457466,0.244921
1403637173.23825,1.263562,-4.232441,-1.041789,0.682024,-0.515287,0.454649,0.250232
1403637173.28823,1.275392,-4.192612,-1.049364,0.673691,-0.523166,0.453983,0.257560
1403637173.33820,1.287387,-4.153876,-1.057962,0.664645,-0.529982,0.453711,0.267417
1403637173.38819,1.295965,-4.122268,-1.065951,0.655210,-0.537392,0.453534,0.276072
1403637173.43819,1.303326,-4.094465,-1.074042,0.645994,-0.544707,0.452790,0.284548
1403637173.48819,1.309081,-4.069243,-1.083722,0.636835,-0.552344,0.451254,0.292790
1403637173.53819,1.312789,-4.046385,-1.094869,0.627877,-0.560108,0.449788,0.299568
1403637173.58821,1.313407,-4.017585,-1.112393,0.618495,-0.568904,0.448570,0.304298
1403637173.63822,1.312979,-4.000121,-1.126721,0.608599,-0.579171,0.447657,0.306222
1403637173.68823,1.310048,-3.984785,-1.143053,0.599391,-0.589453,0.445953,0.307248
1403637173.73825,1.307901,-3.962288,-1.163787,0.590906,-0.599910,0.443260,0.307342
1403637173.78826,1.297962,-3.952678,-1.183228,0.583923,-0.610255,0.438587,0.307027
1403637173.83827,1.284452,-3.946958,-1.204198,0.577805,-0.621387,0.432533,0.304851
1403637173.88828,1.267169,-3.944365,-1.225464,0.573957,-0.631072,0.424498,0.303518
1403637173.93828,1.248076,-3.938947,-1.247454,0.574232,-0.636421,0.414003,0.306312
1403637173.98828,1.224011,-3.940956,-1.262938,0.575210,-0.636895,0.405034,0.315349
1403637174.03827,1.195859,-3.947993,-1.272123,0.577349,-0.631547,0.397503,0.331374
1403637174.08826,1.164578,-3.960653,-1.275846,0.575723,-0.624336,0.396348,0.348792
1403637174.13826,1.130576,-3.975144,-1.275773,0.572374,-0.614833,0.399004,0.367647
1403637174.18826,1.098809,-3.976952,-1.284507,0.566312,-0.606381,0.405827,0.383272
1403637174.23826,1.061757,-3.998508,-1.276963,0.560035,-0.599413,0.413359,0.395221
1403637174.28826,1.023846,-4.020083,-1.268079,0.553629,-0.595254,0.421073,0.402325
1403637174.33826,0.986333,-4.039720,-1.258474,0.550425,-0.594452,0.425204,0.403560
1403637174.38826,0.947330,-4.058396,-1.247982,0.546807,-0.595087,0.430016,0.402442
1403637174.43825,0.906239,-4.076378,-1.236538,0.541755,-0.597961,0.436041,0.398514
1403637174.48825,0.863539,-4.093043,-1.222716,0.534179,-0.602058,0.443710,0.394083
1403637174.53824,0.817914,-4.107776,-1.207022,0.529192,-0.605172,0.446209,0.393217
1403637174.58824,0.769235,-4.120254,-1.190070,0.523967,-0.609365,0.446485,0.393426
1403637174.63823,0.717454,-4.132068,-1.171849,0.520814,-0.611625,0.441819,0.399329
1403637174.68823,0.662699,-4.142798,-1.154486,0.515853,-0.613203,0.436333,0.409256
1403637174.73823,0.606285,-4.151247,-1.138660,0.510243,-0.615393,0.429341,0.420250
1403637174.78822,0.547928,-4.159105,-1.123781,0.503985,-0.617731,0.421508,0.432132
1403637174.83822,0.489002,-4.163767,-1.112507,0.497798,-0.623958,0.412168,0.439308
1403637174.88821,0.431145,-4.169034,-1.102848,0.490678,-0.634135,0.402962,0.441283
1403637174.93821,0.371564,-4.170455,-1.095576,0.482790,-0.644814,0.393916,0.442672
1403637174.98821,0.311306,-4.170444,-1.088785,0.475070,-0.653919,0.384998,0.445505
1403637175.03821,0.250653,-4.168933,-1.082954,0.467226,-0.661385,0.378322,0.448488
1403637175.08821,0.189472,-4.167179,-1.077274,0.459157,-0.665681,0.374055,0.454012
1403637175.13822,0.127637,-4.165625,-1.072174,0.450301,-0.668213,0.372757,0.460187
1403637175.18822,0.065466,-4.162739,-1.067466,0.440944,-0.669637,0.373934,0.466184
1403637175.23822,0.002937,-4.158381,-1.063279,0.431475,-0.669850,0.376359,0.472741
1403637175.28822,-0.060498,-4.150229,-1.060206,0.423505,-0.668488,0.378465,0.480136
1403637175.33822,-0.124127,-4.140959,-1.057048,0.417655,-0.666706,0.378883,0.487356
1403637175.38821,-0.187732,-4.131547,-1.055492,0.413035,-0.665426,0.379478,0.492551
1403637175.43821,-0.251667,-4.116801,-1.055380,0.409965,-0.666857,0.380234,0.492598
1403637175.48820,-0.316215,-4.098750,-1.057032,0.408162,-0.670529,0.379982,0.489293
1403637175.53820,-0.381143,-4.078022,-1.060131,0.407400,-0.675317,0.379806,0.483445
1403637175.58821,-0.447292,-4.055411,-1.064587,0.408046,-0.680067,0.378930,0.476885
1403637175.63821,-0.514576,-4.029522,-1.069396,0.410589,-0.685075,0.375948,0.469843
1403637175.68821,-0.583438,-4.000935,-1.071835,0.412613,-0.688477,0.373845,0.464748
1403637175.73820,-0.654194,-3.970562,-1.072208,0.414022,-0.690803,0.373093,0.460629
1403637175.78820,-0.727130,-3.939590,-1.070335,0.416843,-0.691334,0.370594,0.459303
1403637175.83820,-0.802053,-3.906099,-1.066174,0.420013,-0.690012,0.367718,0.460712
1403637175.88819,-0.878876,-3.871942,-1.059886,0.424278,-0.687544,0.363019,0.464207
1403637175.93819,-0.956456,-3.836290,-1.050780,0.428122,-0.683515,0.359431,0.469391
1403637175.98819,-1.034397,-3.797258,-1.038497,0.429804,-0.679179,0.358595,0.474757
1403637176.03819,-1.112635,-3.757558,-1.023451,0.428818,-0.675423,0.361616,0.478700
1403637176.08818,-1.191695,-3.715779,-1.007059,0.428175,-0.671305,0.364606,0.482782
1403637176.13818,-1.271386,-3.671961,-0.990659,0.428949,-0.666955,0.365627,0.487330
1403637176.18818,-1.350610,-3.627257,-0.975773,0.428992,-0.663296,0.367807,0.490634
1403637176.23818,-1.428671,-3.582236,-0.961808,0.428961,-0.660712,0.368309,0.493761
1403637176.28818,-1.507535,-3.533088,-0.950981,0.427955,-0.660051,0.368058,0.495703
1403637176.33818,-1.585145,-3.481769,-0.942193,0.426321,-0.660538,0.368002,0.496502
1403637176.38819,-1.662504,-3.428883,-0.935206,0.426388,-0.660895,0.365973,0.497468
1403637176.43820,-1.738712,-3.373328,-0.929826,0.426229,-0.663182,0.363660,0.496256
1403637176.48820,-1.814193,-3.316143,-0.924993,0.427239,-0.665818,0.357466,0.496358
1403637176.53820,-1.889044,-3.257151,-0.920943,0.426060,-0.669485,0.352375,0.496079
1403637176.58821,-1.962791,-3.198981,-0.919906,0.422472,-0.674511,0.348544,0.495045
1403637176.63821,-2.037385,-3.137957,-0.918113,0.419160,-0.680149,0.344014,0.493311
1403637176.68821,-2.112114,-3.076129,-0.917614,0.416255,-0.685427,0.339298,0.491729
1403637176.73822,-2.186550,-3.013886,-0.918316,0.413432,-0.690723,0.335371,0.489390
1403637176.78822,-2.260771,-2.950414,-0.919527,0.411264,-0.694675,0.331568,0.488212
1403637176.83822,-2.334261,-2.887401,-0.922075,0.409449,-0.698446,0.327667,0.486990
1403637176.88822,-2.407462,-2.824595,-0.926925,0.408889,-0.703014,0.323383,0.483740
1403637176.93822,-2.481043,-2.759808,-0.931362,0.409094,-0.706693,0.318905,0.481172
1403637176.98822,-2.554215,-2.695929,-0.937873,0.410581,-0.710478,0.313691,0.477747
1403637177.03823,-2.628256,-2.631904,-0.945398,0.411809,-0.715758,0.309079,0.471777
1403637177.08823,-2.702965,-2.568221,-0.954189,0.415330,-0.721767,0.301971,0.464076
1403637177.13823,-2.777943,-2.505132,-0.964087,0.417560,-0.728084,0.296589,0.455602
1403637177.18823,-2.852782,-2.444619,-0.975949,0.419460,-0.733345,0.291683,0.448530
1403637177.23823,-2.929272,-2.385359,-0.987542,0.421294,-0.737415,0.287449,0.442835
1403637177.28823,-3.004731,-2.327891,-1.001952,0.422026,-0.739960,0.285178,0.439348
1403637177.33823,-3.084735,-2.274026,-1.015676,0.423320,-0.742146,0.282616,0.436060
1403637177.38823,-3.166056,-2.222968,-1.029512,0.424789,-0.742887,0.279925,0.435104
1403637177.43824,-3.249321,-2.175103,-1.044260,0.428366,-0.741983,0.274873,0.436358
1403637177.48824,-3.333493,-2.131588,-1.059821,0.431955,-0.741133,0.267963,0.438557
1403637177.53824,-3.419219,-2.091587,-1.075678,0.433702,-0.740040,0.262318,0.442078
1403637177.58824,-3.505889,-2.055385,-1.090624,0.437222,-0.737393,0.254576,0.447526
1403637177.63824,-3.592187,-2.024380,-1.103467,0.439981,-0.733566,0.248902,0.454253
1403637177.68823,-3.674681,-2.005908,-1.114076,0.441542,-0.729556,0.244846,0.461345
1403637177.73824,-3.758764,-1.984986,-1.120571,0.443233,-0.725079,0.240860,0.468819
1403637177.78824,-3.841931,-1.968738,-1.125624,0.440738,-0.722406,0.240614,0.475378
1403637177.83824,-3.923865,-1.955675,-1.131679,0.435263,-0.724394,0.241507,0.476942
1403637177.88824,-4.005568,-1.947449,-1.139285,0.428604,-0.727178,0.241035,0.478971
1403637177.93824,-4.085968,-1.940024,-1.147565,0.421360,-0.730429,0.238344,0.481790
1403637177.98824,-4.164602,-1.935346,-1.156978,0.415809,-0.733308,0.231265,0.485672
1403637178.03824,-4.241681,-1.933065,-1.167131,0.411676,-0.734185,0.220504,0.492822
1403637178.08823,-4.316076,-1.934083,-1.177536,0.408713,-0.733727,0.207144,0.501688
1403637178.13823,-4.388534,-1.937163,-1.190014,0.403578,-0.735324,0.196902,0.507596
1403637178.18823,-4.458024,-1.943857,-1.201422,0.399032,-0.737044,0.187103,0.512379
1403637178.23823,-4.523537,-1.954537,-1.209737,0.395150,-0.736335,0.179051,0.519238
1403637178.28823,-4.584164,-1.973922,-1.216463,0.392060,-0.734385,0.172635,0.526464
1403637178.33824,-4.643384,-1.994289,-1.221891,0.389566,-0.730964,0.166882,0.534865
1403637178.38825,-4.691255,-2.036062,-1.228758,0.388947,-0.728738,0.159762,0.540497
1403637178.43825,-4.741426,-2.068598,-1.230225,0.387528,-0.726370,0.155499,0.545921
1403637178.48824,-4.785923,-2.102931,-1.228846,0.385952,-0.726479,0.152180,0.547824
1403637178.58825,-4.863297,-2.181449,-1.223361,0.380769,-0.728030,0.152581,0.549277
1403637178.63825,-4.893573,-2.228810,-1.219335,0.375393,-0.729879,0.159025,0.548696
1403637178.68826,-4.923852,-2.278140,-1.216810,0.369481,-0.731208,0.167846,0.548313
1403637178.73826,-4.945696,-2.334371,-1.212676,0.362307,-0.731275,0.177942,0.549825
1403637178.78827,-4.972652,-2.387474,-1.212050,0.355792,-0.730560,0.188155,0.551626
1403637178.83827,-4.998086,-2.442452,-1.212686,0.350143,-0.729499,0.196824,0.553617
1403637178.88827,-5.021248,-2.498712,-1.215544,0.343751,-0.730165,0.206719,0.553139
1403637178.93827,-5.042704,-2.555230,-1.220337,0.338606,-0.730489,0.215020,0.552718
1403637178.98827,-5.061549,-2.611977,-1.226510,0.335014,-0.729815,0.221109,0.553395
1403637179.03827,-5.078169,-2.667240,-1.233208,0.332063,-0.729007,0.226680,0.553985
1403637179.08828,-5.091787,-2.721476,-1.242860,0.331574,-0.729868,0.228406,0.552433
1403637179.13828,-5.102975,-2.774944,-1.254813,0.332721,-0.732465,0.227829,0.548530
1403637179.18829,-5.111300,-2.828062,-1.267385,0.333532,-0.733958,0.227981,0.545973
1403637179.23829,-5.117281,-2.880084,-1.278760,0.336544,-0.735587,0.225431,0.542983
1403637179.28829,-5.122678,-2.931961,-1.286012,0.339017,-0.736305,0.223560,0.541243
1403637179.33829,-5.125853,-2.982946,-1.287140,0.341272,-0.736159,0.221160,0.541010
1403637179.38829,-5.126266,-3.033932,-1.283992,0.343234,-0.736493,0.219670,0.539920
1403637179.43829,-5.125086,-3.084948,-1.276339,0.344725,-0.736479,0.218822,0.539334
1403637179.48829,-5.123256,-3.136604,-1.267195,0.344837,-0.737016,0.219326,0.538323
1403637179.53829,-5.119097,-3.188440,-1.258636,0.344836,-0.736887,0.220007,0.538222
1403637179.58829,-5.113379,-3.240156,-1.251181,0.344612,-0.736232,0.219847,0.539325
1403637179.63829,-5.105777,-3.292087,-1.246577,0.343942,-0.736203,0.220670,0.539458
1403637179.68829,-5.097481,-3.344190,-1.246020,0.343754,-0.735246,0.220034,0.541139
1403637179.73829,-5.088096,-3.396546,-1.251667,0.344502,-0.734149,0.217535,0.543160
1403637179.78828,-5.078193,-3.449396,-1.264239,0.347212,-0.732639,0.211957,0.545672
1403637179.83828,-5.067309,-3.502921,-1.283509,0.351006,-0.729265,0.204836,0.550463
1403637179.88828,-5.054974,-3.557486,-1.307506,0.354547,-0.725302,0.198201,0.555832
1403637179.93828,-5.041712,-3.614127,-1.333567,0.356763,-0.721939,0.193858,0.560306
1403637179.98828,-5.023657,-3.670717,-1.362790,0.357362,-0.720860,0.192842,0.561663
1403637180.03828,-5.001875,-3.727986,-1.393468,0.354829,-0.723041,0.196211,0.559293
1403637180.08828,-4.977940,-3.786661,-1.423023,0.352206,-0.725848,0.200787,0.555680
1403637180.13828,-4.949889,-3.845016,-1.451258,0.348334,-0.728755,0.207395,0.551876
1403637180.18828,-4.918485,-3.903139,-1.478034,0.344740,-0.732256,0.213677,0.547081
1403637180.23828,-4.885309,-3.961058,-1.502067,0.341995,-0.734517,0.218734,0.543764
1403637180.28828,-4.851157,-4.019666,-1.522962,0.339783,-0.737112,0.223282,0.539777
1403637180.33829,-4.815316,-4.077285,-1.541278,0.338416,-0.738640,0.226248,0.537305
1403637180.38829,-4.778608,-4.135621,-1.558314,0.338022,-0.743205,0.227568,0.530660
1403637180.43829,-4.740891,-4.193172,-1.574106,0.339268,-0.748331,0.226010,0.523275
1403637180.48829,-4.703300,-4.251245,-1.587414,0.340713,-0.754517,0.223587,0.514420
1403637180.53829,-4.665593,-4.309531,-1.598161,0.341925,-0.758788,0.221252,0.508306
1403637180.58829,-4.628514,-4.369617,-1.605945,0.343392,-0.760459,0.218268,0.506106
1403637180.63829,-4.592282,-4.431361,-1.610352,0.346681,-0.756458,0.212842,0.512134
1403637180.68828,-4.556256,-4.494271,-1.612668,0.347616,-0.751034,0.210884,0.520230
1403637180.73828,-4.519630,-4.558107,-1.613551,0.346230,-0.747951,0.211494,0.525324
1403637180.78827,-4.481860,-4.621873,-1.612396,0.345404,-0.744250,0.210469,0.531500
1403637180.83827,-4.444201,-4.686429,-1.609686,0.345626,-0.741820,0.207696,0.535825
1403637180.88828,-4.406032,-4.752608,-1.604927,0.347683,-0.738002,0.201640,0.542043
1403637180.93828,-4.364398,-4.818571,-1.599767,0.348998,-0.736232,0.196519,0.545475
1403637180.98828,-4.320807,-4.885611,-1.592971,0.350472,-0.734119,0.190824,0.549386
1403637181.03829,-4.275220,-4.953638,-1.584069,0.352325,-0.732672,0.184243,0.552371
1403637181.08830,-4.227243,-5.023279,-1.572627,0.350808,-0.733015,0.183561,0.553108
1403637181.13830,-4.175440,-5.092866,-1.559980,0.346352,-0.734892,0.187431,0.552126
1403637181.18830,-4.121379,-5.163604,-1.545465,0.340234,-0.737720,0.194331,0.549769
1403637181.23830,-4.066370,-5.236946,-1.528275,0.333599,-0.739352,0.201866,0.548927
1403637181.28830,-4.009818,-5.310044,-1.509692,0.327346,-0.740342,0.208929,0.548714
1403637181.33830,-3.952442,-5.381949,-1.488448,0.323139,-0.739422,0.212913,0.550912
1403637181.38830,-3.892963,-5.451634,-1.464672,0.320945,-0.737385,0.213907,0.554528
1403637181.43830,-3.831698,-5.521272,-1.439512,0.320216,-0.735961,0.213091,0.557150
1403637181.48830,-3.769517,-5.590832,-1.412851,0.320584,-0.736692,0.210521,0.556948
1403637181.53831,-3.704685,-5.658169,-1.385452,0.320869,-0.738546,0.207744,0.555370
1403637181.58831,-3.638435,-5.725656,-1.356586,0.320052,-0.740992,0.206399,0.553079
1403637181.63831,-3.568968,-5.791596,-1.325972,0.319543,-0.743370,0.204288,0.550963
1403637181.68831,-3.499691,-5.859307,-1.293146,0.318056,-0.744990,0.203794,0.549816
1403637181.73832,-3.429505,-5.926951,-1.260619,0.315166,-0.747185,0.205401,0.547901
1403637181.78831,-3.359478,-5.994733,-1.228684,0.311566,-0.747915,0.208018,0.547976
1403637181.83831,-3.289887,-6.062425,-1.198691,0.308485,-0.748133,0.210821,0.548351
1403637181.88831,-3.219078,-6.128807,-1.169662,0.306343,-0.748401,0.212426,0.548567
1403637181.93831,-3.147117,-6.195256,-1.142389,0.305091,-0.749084,0.213247,0.548013
1403637181.98831,-3.076267,-6.261615,-1.117863,0.304205,-0.748790,0.213923,0.548644
1403637182.03831,-3.004334,-6.326387,-1.092837,0.303626,-0.747725,0.214846,0.550054
1403637182.08831,-2.932037,-6.390401,-1.068450,0.302598,-0.744865,0.216787,0.553728
1403637182.13831,-2.859344,-6.454115,-1.045145,0.301176,-0.743307,0.219917,0.555360
1403637182.18831,-2.788643,-6.517028,-1.024685,0.298495,-0.741809,0.225589,0.556534
1403637182.23831,-2.715341,-6.576902,-1.004490,0.295741,-0.740202,0.231694,0.557634
1403637182.28831,-2.640689,-6.635248,-0.984786,0.293018,-0.739124,0.237953,0.557866
1403637182.33831,-2.565764,-6.691453,-0.965807,0.290759,-0.737462,0.243656,0.558785
1403637182.38831,-2.490905,-6.744659,-0.947891,0.289860,-0.735569,0.246874,0.560332
1403637182.43831,-2.415500,-6.795521,-0.930110,0.287832,-0.733137,0.252486,0.562061
1403637182.48831,-2.339878,-6.843307,-0.910922,0.289578,-0.728437,0.251359,0.567752
1403637182.53831,-2.265622,-6.887944,-0.891946,0.291872,-0.725641,0.249860,0.570811
1403637182.58831,-2.188124,-6.931843,-0.869227,0.294411,-0.723187,0.247200,0.573773
1403637182.63831,-2.108713,-6.972318,-0.845612,0.296359,-0.722360,0.245400,0.574584
1403637182.68831,-2.027901,-7.009637,-0.820396,0.296841,-0.722925,0.245692,0.573499
1403637182.73831,-1.945258,-7.043493,-0.795020,0.296033,-0.722799,0.247737,0.573195
1403637182.78831,-1.862211,-7.073653,-0.771423,0.294284,-0.724300,0.250235,0.571112
1403637182.83831,-1.777430,-7.101303,-0.749254,0.291739,-0.725636,0.253329,0.569354
1403637182.88830,-1.693196,-7.125182,-0.729576,0.289531,-0.726509,0.255620,0.568344
1403637182.93830,-1.606633,-7.147478,-0.710887,0.286365,-0.727236,0.259145,0.567421
1403637182.98830,-1.519712,-7.166808,-0.695031,0.282936,-0.728389,0.263174,0.565805
1403637183.03830,-1.432408,-7.183491,-0.683302,0.279017,-0.729779,0.267824,0.563775
1403637183.08830,-1.345107,-7.196785,-0.675989,0.275569,-0.730499,0.271918,0.562578
1403637183.13830,-1.258342,-7.207075,-0.672807,0.272516,-0.731836,0.275982,0.560344
1403637183.18830,-1.171541,-7.213775,-0.673954,0.270683,-0.732738,0.278250,0.558930
1403637183.23830,-1.088655,-7.216669,-0.678175,0.269002,-0.733947,0.280450,0.557052
1403637183.28830,-1.002890,-7.215629,-0.683805,0.267898,-0.734975,0.281847,0.555521
1403637183.33830,-0.917973,-7.211251,-0.690741,0.266478,-0.736297,0.283518,0.553601
1403637183.38830,-0.834123,-7.202803,-0.699028,0.265124,-0.737456,0.285137,0.551873
1403637183.43830,-0.751121,-7.190443,-0.708030,0.264438,-0.737564,0.285405,0.551920
1403637183.48830,-0.671691,-7.172538,-0.718671,0.263897,-0.737531,0.285569,0.552138
1403637183.53830,-0.591567,-7.151061,-0.730227,0.262691,-0.738725,0.287126,0.550307
1403637183.58830,-0.512872,-7.125271,-0.742581,0.261553,-0.739131,0.288550,0.549558
1403637183.63830,-0.435949,-7.094993,-0.756160,0.259836,-0.739716,0.290593,0.548509
1403637183.68830,-0.360382,-7.060130,-0.770683,0.258406,-0.739799,0.292015,0.548317
1403637183.73830,-0.286557,-7.021610,-0.786267,0.256770,-0.742073,0.294027,0.544927
1403637183.78830,-0.213528,-6.977703,-0.801650,0.255156,-0.745706,0.296766,0.539210
1403637183.83829,-0.147871,-6.928465,-0.817028,0.253883,-0.749431,0.298599,0.533606
1403637183.88829,-0.080728,-6.877536,-0.829003,0.252171,-0.752913,0.300894,0.528199
1403637183.93830,-0.017133,-6.822169,-0.839452,0.250244,-0.755998,0.303028,0.523467
1403637183.98830,0.044411,-6.762190,-0.847987,0.248794,-0.759195,0.304434,0.518695
1403637184.03830,0.102090,-6.696627,-0.853419,0.247264,-0.761813,0.305999,0.514652
1403637184.08830,0.156780,-6.625908,-0.856107,0.246490,-0.763371,0.306013,0.512702
1403637184.13830,0.208090,-6.551165,-0.856284,0.247372,-0.764230,0.303871,0.512272
1403637184.18831,0.255073,-6.472933,-0.853759,0.249296,-0.765088,0.300718,0.511918
1403637184.23831,0.300116,-6.391345,-0.850667,0.253134,-0.764174,0.294638,0.514926
1403637184.28831,0.341024,-6.304913,-0.850356,0.259860,-0.763353,0.285398,0.517989
1403637184.33831,0.382123,-6.219120,-0.854691,0.267202,-0.762736,0.274815,0.520877
1403637184.38831,0.421887,-6.132383,-0.863449,0.274312,-0.763048,0.264675,0.521975
1403637184.43832,0.462360,-6.043382,-0.875378,0.280617,-0.763804,0.256098,0.521796
1403637184.48832,0.500296,-5.953918,-0.889090,0.285614,-0.765924,0.249739,0.519053
1403637184.53832,0.537027,-5.863658,-0.904446,0.289784,-0.768281,0.244471,0.515755
1403637184.58833,0.572924,-5.773019,-0.921352,0.293579,-0.771521,0.239781,0.510952
1403637184.63833,0.607186,-5.682975,-0.938629,0.296651,-0.774155,0.236133,0.506875
1403637184.68833,0.638991,-5.592998,-0.955942,0.298971,-0.776731,0.233482,0.502783
1403637184.73833,0.673236,-5.503071,-0.975578,0.300496,-0.779454,0.231956,0.498347
1403637184.78833,0.700506,-5.415057,-0.991145,0.302200,-0.781489,0.229846,0.495096
1403637184.83833,0.724933,-5.328626,-1.004181,0.303691,-0.782963,0.228247,0.492589
1403637184.88833,0.749162,-5.242406,-1.014641,0.304218,-0.784076,0.227407,0.490879
1403637184.93833,0.768866,-5.158647,-1.022258,0.306612,-0.784336,0.224695,0.490222
1403637184.98832,0.789830,-5.078148,-1.032104,0.305783,-0.785710,0.225605,0.488118
1403637185.03832,0.804413,-4.997539,-1.035276,0.308143,-0.786282,0.222503,0.487136
1403637185.08832,0.816245,-4.918646,-1.036234,0.308433,-0.787016,0.222096,0.485950
1403637185.13832,0.828703,-4.842250,-1.036814,0.307577,-0.787915,0.222221,0.484979
1403637185.18831,0.835070,-4.766657,-1.032253,0.307955,-0.788029,0.221430,0.484915
1403637185.23831,0.839320,-4.692475,-1.026985,0.308824,-0.788808,0.219937,0.483774
1403637185.28831,0.839507,-4.622017,-1.021085,0.309942,-0.790179,0.217838,0.481767
1403637185.33831,0.840886,-4.551383,-1.016417,0.312344,-0.791124,0.214269,0.480263
1403637185.38831,0.836154,-4.483711,-1.003653,0.315640,-0.792068,0.209203,0.478783
1403637185.43831,0.829850,-4.417624,-0.989282,0.318235,-0.793241,0.204993,0.476941
1403637185.48831,0.822170,-4.354628,-0.973518,0.320326,-0.793263,0.201710,0.476906
1403637185.53831,0.811234,-4.295152,-0.955550,0.320914,-0.792467,0.200187,0.478473
1403637185.58831,0.799401,-4.238532,-0.937262,0.319570,-0.790520,0.201296,0.482112
1403637185.63831,0.784047,-4.185402,-0.916243,0.317234,-0.786711,0.204485,0.488502
1403637185.68830,0.765233,-4.135863,-0.894226,0.314530,-0.781729,0.207720,0.496812
1403637185.73830,0.744279,-4.088290,-0.873198,0.312480,-0.777089,0.210335,0.504230
1403637185.78830,0.723273,-4.042195,-0.853983,0.312136,-0.772894,0.210335,0.510848
1403637185.83830,0.698539,-3.999017,-0.836073,0.312815,-0.770372,0.208763,0.514871
1403637185.88830,0.675336,-3.956858,-0.820804,0.312867,-0.767482,0.208683,0.519170
1403637185.93829,0.648196,-3.924133,-0.797340,0.312313,-0.766001,0.208443,0.521781
1403637185.98827,0.605775,-3.900873,-0.772207,0.311335,-0.764162,0.209713,0.524546
1403637186.03828,0.582377,-3.861785,-0.761189,0.309908,-0.762011,0.211776,0.527680
1403637186.08828,0.559417,-3.823442,-0.749621,0.309169,-0.760206,0.212809,0.530295
1403637186.13828,0.536816,-3.785822,-0.737335,0.308600,-0.759426,0.213844,0.531327
1403637186.18828,0.515105,-3.748713,-0.723348,0.308242,-0.758935,0.214499,0.531973
1403637186.23828,0.493104,-3.713015,-0.708172,0.308589,-0.759284,0.214042,0.531457
1403637186.28828,0.470321,-3.678779,-0.690310,0.309316,-0.759231,0.213328,0.531397
1403637186.33828,0.447812,-3.645952,-0.669137,0.308654,-0.757642,0.214231,0.533683
1403637186.38828,0.426245,-3.613561,-0.646553,0.307328,-0.757161,0.215580,0.534586
1403637186.43828,0.404964,-3.581729,-0.621815,0.305360,-0.757071,0.218124,0.534808
1403637186.48828,0.381491,-3.555270,-0.593787,0.303023,-0.757511,0.220795,0.534419
1403637186.53828,0.362334,-3.529076,-0.560926,0.299845,-0.757808,0.224408,0.534286
1403637186.58828,0.338343,-3.509937,-0.526694,0.298197,-0.758065,0.225457,0.534401
1403637186.63828,0.317398,-3.478918,-0.500507,0.297049,-0.758606,0.226213,0.533953
1403637186.68828,0.296683,-3.447793,-0.476311,0.295791,-0.759873,0.226882,0.532565
1403637186.73828,0.276240,-3.415789,-0.454412,0.294275,-0.762617,0.228067,0.528964
1403637186.78828,0.255940,-3.383224,-0.434750,0.291722,-0.765777,0.230797,0.524611
1403637186.83828,0.234772,-3.351259,-0.417752,0.287957,-0.769255,0.235533,0.519472
1403637186.88828,0.213217,-3.318149,-0.402373,0.284010,-0.772303,0.240485,0.514833
1403637186.93828,0.190270,-3.284228,-0.388913,0.279219,-0.774610,0.246507,0.511126
1403637186.98828,0.165831,-3.249802,-0.377082,0.275673,-0.776431,0.250976,0.508104
1403637187.03829,0.139556,-3.214889,-0.366104,0.272350,-0.776451,0.255122,0.507801
1403637187.08829,0.110963,-3.179115,-0.357211,0.270696,-0.775336,0.257207,0.509335
1403637187.13829,0.080042,-3.142099,-0.346849,0.271031,-0.773552,0.256814,0.512061
1403637187.18828,0.047280,-3.108707,-0.339365,0.271903,-0.772479,0.253457,0.514883
1403637187.23829,0.013348,-3.068511,-0.336043,0.272897,-0.773545,0.247788,0.515516
1403637187.28829,-0.022210,-3.027480,-0.334858,0.275225,-0.776750,0.238968,0.513620
1403637187.33829,-0.059636,-2.985877,-0.334429,0.277381,-0.779869,0.230500,0.511598
1403637187.38829,-0.098280,-2.944406,-0.334901,0.280734,-0.782249,0.221348,0.510177
1403637187.43829,-0.138223,-2.903888,-0.335830,0.282823,-0.784336,0.213934,0.508980
1403637187.48829,-0.178660,-2.863535,-0.337060,0.283543,-0.786268,0.208868,0.507700
1403637187.53829,-0.220341,-2.823680,-0.339201,0.283940,-0.788281,0.204912,0.505966
1403637187.58829,-0.263351,-2.784971,-0.341938,0.283475,-0.789664,0.202431,0.505068
1403637187.63829,-0.307177,-2.747592,-0.346742,0.282214,-0.791196,0.201530,0.503736
1403637187.68830,-0.353160,-2.711294,-0.350727,0.280419,-0.792219,0.201829,0.503010
1403637187.73829,-0.399533,-2.673925,-0.358150,0.279211,-0.793658,0.201552,0.501522
1403637187.78829,-0.447596,-2.638840,-0.363212,0.278484,-0.794313,0.201033,0.501098
1403637187.83829,-0.498561,-2.605331,-0.368952,0.277739,-0.796111,0.201040,0.498649
1403637187.88829,-0.551775,-2.573212,-0.375016,0.278460,-0.796590,0.199261,0.498195
1403637187.93829,-0.606625,-2.542803,-0.381345,0.279991,-0.796329,0.196484,0.498857
1403637187.98829,-0.663416,-2.514017,-0.388204,0.280651,-0.795240,0.195312,0.500681
1403637188.03829,-0.722150,-2.487390,-0.395978,0.281975,-0.793657,0.193195,0.503264
1403637188.08829,-0.783138,-2.461487,-0.404413,0.283123,-0.792057,0.191434,0.505807
1403637188.13829,-0.845411,-2.437395,-0.412977,0.284000,-0.789939,0.190439,0.508993
1403637188.18829,-0.908870,-2.415154,-0.421930,0.286556,-0.786116,0.186893,0.514760
1403637188.23829,-0.972280,-2.394141,-0.431107,0.289101,-0.781008,0.183258,0.522363
1403637188.28829,-1.035029,-2.374694,-0.441366,0.290140,-0.776913,0.181912,0.528331
1403637188.33829,-1.098184,-2.358168,-0.451956,0.289530,-0.774857,0.182315,0.531536
1403637188.38830,-1.159832,-2.341834,-0.464092,0.287559,-0.772015,0.185018,0.535790
1403637188.43830,-1.221486,-2.327284,-0.477067,0.285330,-0.769970,0.188009,0.538875
1403637188.48830,-1.282497,-2.313213,-0.490579,0.282860,-0.768341,0.189928,0.541821
1403637188.53829,-1.342923,-2.299861,-0.505207,0.278311,-0.767566,0.192146,0.544486
1403637188.58829,-1.402593,-2.287239,-0.521111,0.272475,-0.768711,0.194056,0.545145
1403637188.63829,-1.461670,-2.274486,-0.537685,0.265815,-0.769712,0.194924,0.546709
1403637188.68829,-1.520352,-2.262064,-0.556190,0.256393,-0.772156,0.197682,0.546772
1403637188.73829,-1.578936,-2.249536,-0.575866,0.245792,-0.774709,0.199866,0.547235
1403637188.78830,-1.635473,-2.233254,-0.598184,0.234068,-0.778228,0.202351,0.546469
1403637188.83830,-1.694082,-2.216759,-0.620326,0.223763,-0.781735,0.202371,0.545771
1403637188.88830,-1.753214,-2.199898,-0.641049,0.215640,-0.784642,0.200522,0.545553
1403637188.93829,-1.813574,-2.182135,-0.661030,0.209727,-0.787291,0.197790,0.545038
1403637188.98829,-1.873496,-2.161850,-0.679079,0.207212,-0.790053,0.191736,0.544166
1403637189.03829,-1.933887,-2.140577,-0.694636,0.207757,-0.792405,0.183204,0.543478
1403637189.08829,-1.994561,-2.117745,-0.707767,0.208412,-0.795339,0.175661,0.541428
1403637189.13829,-2.055712,-2.095877,-0.720639,0.209783,-0.799711,0.168374,0.536753
1403637189.18829,-2.117573,-2.074130,-0.733224,0.209575,-0.803412,0.164346,0.532539
1403637189.23829,-2.179533,-2.052382,-0.747837,0.208451,-0.806954,0.162168,0.528275
1403637189.28829,-2.242485,-2.031261,-0.765193,0.205858,-0.808804,0.163546,0.526034
1403637189.33829,-2.305933,-2.010228,-0.785837,0.202407,-0.808359,0.167121,0.526933
1403637189.38829,-2.369420,-1.988516,-0.808079,0.200108,-0.805326,0.169958,0.531528
1403637189.43829,-2.434210,-1.966081,-0.829757,0.198795,-0.800857,0.172351,0.537963
1403637189.48829,-2.499984,-1.945065,-0.850332,0.198530,-0.796991,0.173638,0.543360
1403637189.53829,-2.565806,-1.923124,-0.869326,0.200193,-0.793841,0.172638,0.547664
1403637189.58829,-2.631776,-1.898221,-0.886627,0.202844,-0.791001,0.170934,0.551319
1403637189.63829,-2.696879,-1.875089,-0.900810,0.205365,-0.789166,0.168633,0.553719
1403637189.68830,-2.761009,-1.851074,-0.912263,0.207726,-0.786915,0.167049,0.556516
1403637189.73830,-2.824309,-1.826386,-0.922456,0.209951,-0.787317,0.165923,0.555447
1403637189.78831,-2.886401,-1.800801,-0.930475,0.211473,-0.787959,0.165215,0.554169
1403637189.83831,-2.947266,-1.774612,-0.936077,0.213821,-0.788691,0.162910,0.552907
1403637189.88831,-3.007672,-1.748596,-0.937875,0.214389,-0.787960,0.162856,0.553746
1403637189.93830,-3.066997,-1.721995,-0.937009,0.213989,-0.787036,0.163963,0.554887
1403637189.98830,-3.124163,-1.695458,-0.935241,0.214839,-0.785857,0.162726,0.556590
1403637190.03831,-3.181478,-1.666458,-0.931011,0.214416,-0.784476,0.162984,0.558623
1403637190.08830,-3.238844,-1.640903,-0.924981,0.214619,-0.783083,0.161912,0.560806
1403637190.13830,-3.295937,-1.615365,-0.917529,0.214025,-0.782659,0.162279,0.561519
1403637190.18830,-3.353168,-1.592263,-0.908909,0.213803,-0.781797,0.161660,0.562981
1403637190.23830,-3.410703,-1.571531,-0.899903,0.212446,-0.781577,0.163114,0.563381
1403637190.28830,-3.465924,-1.546918,-0.889010,0.211730,-0.781162,0.162888,0.564291
1403637190.33830,-3.520044,-1.522441,-0.876765,0.211126,-0.781306,0.162798,0.564344
1403637190.38830,-3.572809,-1.497530,-0.862645,0.209884,-0.781745,0.163360,0.564036
1403637190.43830,-3.624611,-1.472021,-0.847133,0.208362,-0.781948,0.164891,0.563874
1403637190.48830,-3.675491,-1.446693,-0.831384,0.207528,-0.781297,0.164935,0.565070
1403637190.53830,-3.724921,-1.420766,-0.816525,0.207993,-0.781434,0.162747,0.565344
1403637190.58830,-3.773332,-1.395046,-0.802674,0.209345,-0.780785,0.160470,0.566392
1403637190.63830,-3.820163,-1.367578,-0.788710,0.213544,-0.779725,0.156896,0.567285
1403637190.68829,-3.865354,-1.342032,-0.777031,0.219063,-0.778189,0.155388,0.567705
1403637190.73829,-3.909416,-1.317124,-0.767119,0.223547,-0.777556,0.158817,0.565872
1403637190.78829,-3.952542,-1.292630,-0.757694,0.227650,-0.776290,0.163483,0.564644
1403637190.83830,-3.993326,-1.270824,-0.749874,0.231158,-0.775399,0.169002,0.562815
1403637190.88830,-4.033972,-1.246866,-0.743985,0.233719,-0.774454,0.175042,0.561209
1403637190.93830,-4.073942,-1.222662,-0.739581,0.236047,-0.773263,0.180275,0.560221
1403637190.98830,-4.112857,-1.198122,-0.736718,0.238089,-0.772119,0.184643,0.559511
1403637191.03830,-4.151257,-1.172878,-0.735435,0.240573,-0.770935,0.187825,0.559022
1403637191.08830,-4.189199,-1.147197,-0.735088,0.242260,-0.769661,0.190898,0.559008
1403637191.13830,-4.226056,-1.121091,-0.736517,0.243859,-0.768761,0.192818,0.558893
1403637191.18830,-4.262031,-1.094368,-0.738722,0.245794,-0.767705,0.193477,0.559269
1403637191.23830,-4.297571,-1.066372,-0.742133,0.246950,-0.767230,0.193780,0.559307
1403637191.28830,-4.332466,-1.039958,-0.747899,0.248681,-0.766687,0.193183,0.559490
1403637191.33830,-4.366569,-1.013365,-0.754925,0.249251,-0.765984,0.193767,0.559997
1403637191.38830,-4.399526,-0.986586,-0.761765,0.250853,-0.764905,0.191854,0.561413
1403637191.43830,-4.428778,-0.958922,-0.770052,0.251945,-0.764180,0.190431,0.562396
1403637191.48830,-4.459378,-0.931283,-0.774406,0.251746,-0.763973,0.190215,0.562840
1403637191.53830,-4.487912,-0.903099,-0.777091,0.253183,-0.763508,0.187219,0.563829
1403637191.58830,-4.514803,-0.874861,-0.778670,0.254791,-0.763484,0.183524,0.564351
1403637191.63830,-4.541105,-0.847375,-0.777482,0.256297,-0.766000,0.179643,0.561502
1403637191.68829,-4.565737,-0.820182,-0.774952,0.257185,-0.769725,0.176187,0.557079
1403637191.73830,-4.589409,-0.793516,-0.769374,0.257554,-0.772813,0.174114,0.553273
1403637191.78830,-4.611825,-0.767623,-0.765015,0.258406,-0.775729,0.171109,0.549721
1403637191.83829,-4.633596,-0.742824,-0.757274,0.261113,-0.776050,0.165657,0.549659
1403637191.88829,-4.654224,-0.718718,-0.748323,0.264287,-0.775683,0.159718,0.550417
1403637191.93829,-4.674639,-0.696534,-0.737207,0.267372,-0.774644,0.153660,0.552111
1403637191.98829,-4.693782,-0.675994,-0.723911,0.269971,-0.773953,0.148826,0.553139
1403637192.03829,-4.711095,-0.657135,-0.709918,0.270117,-0.775894,0.146722,0.550907
1403637192.08829,-4.728306,-0.640181,-0.694387,0.269268,-0.779534,0.146201,0.546303
1403637192.13829,-4.744835,-0.625759,-0.677092,0.269090,-0.782635,0.145271,0.542190
1403637192.18829,-4.761064,-0.613731,-0.659049,0.269491,-0.784767,0.143679,0.539326
1403637192.23829,-4.777509,-0.604855,-0.637701,0.270564,-0.785681,0.141292,0.538087
1403637192.28829,-4.792833,-0.598544,-0.614289,0.273197,-0.785211,0.136635,0.538644
1403637192.33829,-4.805785,-0.589045,-0.591716,0.275838,-0.783703,0.132512,0.540522
1403637192.38829,-4.819783,-0.588963,-0.568253,0.276484,-0.781909,0.131272,0.543086
1403637192.43829,-4.832481,-0.591279,-0.546045,0.274782,-0.782912,0.133037,0.542074
1403637192.48829,-4.845032,-0.596489,-0.527074,0.270819,-0.786241,0.137839,0.538036
1403637192.53829,-4.857328,-0.603747,-0.509803,0.266647,-0.789611,0.143098,0.533795
1403637192.58829,-4.868277,-0.613779,-0.494630,0.262626,-0.793119,0.148293,0.529150
1403637192.63829,-4.880839,-0.624731,-0.481288,0.259861,-0.795915,0.151732,0.525327
1403637192.68829,-4.894823,-0.637591,-0.468793,0.258140,-0.797849,0.154167,0.522526
1403637192.73829,-4.909847,-0.652161,-0.457956,0.256927,-0.798489,0.155790,0.521664
1403637192.78829,-4.926526,-0.669337,-0.448688,0.256649,-0.798238,0.156634,0.521933
1403637192.83829,-4.943072,-0.687234,-0.438866,0.256685,-0.796698,0.157464,0.524013
1403637192.88829,-4.960721,-0.706687,-0.428404,0.256576,-0.794236,0.158246,0.527557
1403637192.93829,-4.979420,-0.727534,-0.416069,0.255998,-0.792061,0.160305,0.530477
1403637192.98829,-4.997842,-0.749821,-0.401914,0.256177,-0.789886,0.161338,0.533313
1403637193.03829,-5.017408,-0.773024,-0.385856,0.254842,-0.789284,0.163993,0.534034
1403637193.08829,-5.037310,-0.797154,-0.368532,0.251797,-0.790958,0.168740,0.531518
1403637193.13830,-5.057435,-0.821700,-0.350817,0.246180,-0.795322,0.176563,0.525057
1403637193.18830,-5.078195,-0.847488,-0.331698,0.239891,-0.800181,0.185183,0.517562
1403637193.23830,-5.101002,-0.872719,-0.312814,0.235985,-0.803455,0.190606,0.512289
1403637193.28830,-5.125871,-0.897625,-0.296651,0.233373,-0.805297,0.193758,0.509404
1403637193.33830,-5.153681,-0.922551,-0.283271,0.236770,-0.803436,0.188699,0.512663
1403637193.38830,-5.183415,-0.948401,-0.274051,0.240171,-0.799986,0.183789,0.518230
1403637193.43830,-5.214671,-0.973840,-0.266587,0.243756,-0.796096,0.178492,0.524362
1403637193.48829,-5.246768,-0.999706,-0.259683,0.247279,-0.792828,0.173890,0.529187
1403637193.53829,-5.279253,-1.026175,-0.251700,0.250758,-0.790101,0.169400,0.533071
1403637193.58829,-5.312206,-1.053572,-0.242949,0.253974,-0.788623,0.165642,0.534914
1403637193.63829,-5.346102,-1.082306,-0.232973,0.255984,-0.787470,0.163163,0.536415
1403637193.68829,-5.380959,-1.112399,-0.221376,0.257738,-0.786968,0.161059,0.536947
1403637193.73829,-5.416248,-1.143657,-0.207964,0.259714,-0.786097,0.158898,0.537914
1403637193.78829,-5.451252,-1.175921,-0.193220,0.260670,-0.785766,0.157726,0.538280
1403637193.83829,-5.485888,-1.209560,-0.177430,0.261926,-0.785570,0.156531,0.538305
1403637193.88830,-5.520145,-1.244633,-0.160807,0.261861,-0.785552,0.156462,0.538383
1403637193.93830,-5.554416,-1.280390,-0.144748,0.261093,-0.784518,0.157883,0.539847
1403637193.98830,-5.588175,-1.317003,-0.131802,0.260389,-0.782062,0.159155,0.543366
1403637194.03830,-5.620721,-1.353939,-0.122682,0.259221,-0.779702,0.160912,0.546788
1403637194.08830,-5.652982,-1.390833,-0.117425,0.258018,-0.778203,0.162291,0.549080
1403637194.13830,-5.684247,-1.429133,-0.116073,0.257623,-0.777085,0.162618,0.550749
1403637194.18830,-5.715354,-1.468463,-0.117434,0.257201,-0.777010,0.163033,0.550929
1403637194.23830,-5.745331,-1.507931,-0.118931,0.256499,-0.778609,0.163903,0.548737
1403637194.28830,-5.773673,-1.548145,-0.119789,0.256146,-0.779316,0.164025,0.547861
1403637194.33830,-5.801774,-1.589162,-0.120308,0.256189,-0.780709,0.163346,0.546057
1403637194.38830,-5.829371,-1.630565,-0.118798,0.256481,-0.781615,0.162993,0.544728
1403637194.43830,-5.856953,-1.673312,-0.115466,0.257163,-0.782172,0.161791,0.543965
1403637194.48830,-5.884707,-1.718018,-0.110218,0.256142,-0.782680,0.163003,0.543353
1403637194.53831,-5.912558,-1.763888,-0.103489,0.256111,-0.783334,0.162836,0.542476
1403637194.58831,-5.939824,-1.810531,-0.094651,0.255859,-0.783821,0.162811,0.541899
1403637194.63831,-5.966285,-1.857576,-0.084222,0.256020,-0.784252,0.161842,0.541488
1403637194.68831,-5.992471,-1.904707,-0.072661,0.256350,-0.786201,0.160609,0.538867
1403637194.73831,-6.018418,-1.952747,-0.060378,0.256292,-0.788355,0.159663,0.536021
1403637194.78831,-6.044416,-2.001770,-0.048017,0.256054,-0.789964,0.159043,0.533947
1403637194.83831,-6.071677,-2.052674,-0.036966,0.255473,-0.791189,0.158765,0.532491
1403637194.88831,-6.098598,-2.104370,-0.027506,0.255285,-0.792210,0.158391,0.531173
1403637194.93831,-6.126031,-2.157223,-0.018547,0.253542,-0.791183,0.160667,0.532853
1403637194.98831,-6.153680,-2.210707,-0.011354,0.251734,-0.789096,0.162489,0.536242
1403637195.03831,-6.181519,-2.264489,-0.005084,0.250895,-0.785805,0.163509,0.541134
1403637195.08830,-6.209318,-2.318889,-0.000498,0.249762,-0.783067,0.164846,0.545207
1403637195.13830,-6.237146,-2.373607,0.002534,0.248637,-0.780273,0.165841,0.549409
1403637195.18830,-6.264883,-2.429052,0.004058,0.247850,-0.777633,0.167028,0.553135
1403637195.23830,-6.292096,-2.484281,0.004263,0.247036,-0.775663,0.167937,0.555983
1403637195.28830,-6.318727,-2.539469,0.003205,0.246773,-0.774033,0.168363,0.558238
1403637195.33830,-6.345261,-2.594290,0.000913,0.245911,-0.772793,0.169928,0.559860
1403637195.38830,-6.369457,-2.649399,-0.001606,0.246746,-0.771998,0.169175,0.560817
1403637195.43830,-6.392574,-2.704742,-0.003358,0.247069,-0.771227,0.171490,0.561032
1403637195.48830,-6.414673,-2.760579,-0.003977,0.249490,-0.770900,0.173995,0.559637
1403637195.53830,-6.434968,-2.816019,-0.003495,0.252611,-0.771016,0.176702,0.557224
1403637195.58830,-6.454887,-2.870522,-0.000802,0.256155,-0.770020,0.178661,0.556357
1403637195.63830,-6.473106,-2.924968,0.004359,0.259094,-0.768905,0.181009,0.555780
1403637195.68830,-6.490963,-2.979161,0.011027,0.261479,-0.767539,0.183393,0.555769
1403637195.73830,-6.508030,-3.032736,0.018908,0.264137,-0.765877,0.184360,0.556484
1403637195.78830,-6.523834,-3.085588,0.026971,0.267211,-0.765498,0.184099,0.555625
1403637195.83830,-6.539583,-3.138438,0.036969,0.271714,-0.762692,0.181185,0.558251
1403637195.88830,-6.554263,-3.191227,0.047077,0.276391,-0.761063,0.177142,0.559474
1403637195.93830,-6.567042,-3.244192,0.056911,0.280699,-0.759478,0.173082,0.560753
1403637195.98830,-6.578310,-3.297040,0.065729,0.285767,-0.756883,0.167359,0.563433
1403637196.03830,-6.587415,-3.350396,0.072797,0.290322,-0.753998,0.162125,0.566494
1403637196.08830,-6.594684,-3.405027,0.078939,0.293961,-0.749289,0.157682,0.572093
1403637196.13830,-6.599355,-3.460692,0.083896,0.296979,-0.743882,0.153670,0.578644
1403637196.18830,-6.601262,-3.517655,0.087907,0.299512,-0.737568,0.150359,0.586241
1403637196.23830,-6.599517,-3.575773,0.090868,0.300468,-0.731805,0.148886,0.593307
1403637196.28830,-6.594115,-3.635185,0.091636,0.301265,-0.726680,0.147571,0.599498
1403637196.33830,-6.584655,-3.696082,0.090719,0.302112,-0.722242,0.145402,0.604941
1403637196.38830,-6.570877,-3.757694,0.088469,0.302394,-0.718885,0.143699,0.609190
1403637196.43830,-6.551127,-3.819894,0.084586,0.302244,-0.716987,0.142823,0.611702
1403637196.48830,-6.526524,-3.882995,0.079305,0.300915,-0.717115,0.143885,0.611958
1403637196.53830,-6.496962,-3.947043,0.072361,0.299636,-0.718013,0.144433,0.611403
1403637196.58830,-6.462206,-4.011355,0.063552,0.297123,-0.718738,0.147510,0.611043
1403637196.63830,-6.423333,-4.076141,0.054251,0.295204,-0.721147,0.148903,0.608794
1403637196.68830,-6.378987,-4.141481,0.043520,0.292521,-0.723066,0.151819,0.607090
1403637196.73830,-6.331675,-4.207983,0.031485,0.289796,-0.724541,0.154973,0.605840
1403637196.78830,-6.279602,-4.274024,0.017531,0.287046,-0.726984,0.158020,0.603430
1403637196.83830,-6.223168,-4.339577,0.002849,0.286454,-0.727375,0.157652,0.603337
1403637196.88830,-6.163524,-4.405583,-0.012195,0.286018,-0.726031,0.156748,0.605394
1403637196.93830,-6.100051,-4.472157,-0.027822,0.284184,-0.726049,0.158541,0.605770
1403637196.98830,-6.032762,-4.538634,-0.044257,0.279695,-0.727536,0.165413,0.604236
1403637197.03830,-5.961083,-4.603703,-0.059991,0.277350,-0.729965,0.172471,0.600401
1403637197.08830,-5.887632,-4.671526,-0.072184,0.277386,-0.731884,0.178910,0.596149
1403637197.13830,-5.810058,-4.735825,-0.085014,0.279432,-0.732977,0.185691,0.591761
1403637197.18830,-5.729516,-4.799468,-0.096840,0.283592,-0.734507,0.192950,0.585530
1403637197.23830,-5.646979,-4.862555,-0.106518,0.290162,-0.733925,0.200312,0.580547
1403637197.28830,-5.563431,-4.927934,-0.113465,0.298466,-0.734560,0.208302,0.572669
1403637197.33830,-5.476319,-4.988378,-0.118921,0.308204,-0.733831,0.217007,0.565164
1403637197.38830,-5.387814,-5.048386,-0.122406,0.318996,-0.731171,0.227415,0.558492
1403637197.43830,-5.298003,-5.107756,-0.124055,0.332209,-0.727918,0.237488,0.550792
1403637197.48830,-5.207368,-5.165610,-0.123447,0.349149,-0.723048,0.244635,0.543553
1403637197.53831,-5.116383,-5.223235,-0.120812,0.366578,-0.716669,0.253278,0.536522
1403637197.58831,-5.023407,-5.277906,-0.117368,0.386345,-0.709217,0.260539,0.529026
1403637197.63831,-4.928758,-5.331122,-0.109746,0.404856,-0.700366,0.270125,0.522123
1403637197.68831,-4.833573,-5.384147,-0.096817,0.422080,-0.690636,0.281094,0.515613
1403637197.73831,-4.740199,-5.437365,-0.086340,0.439595,-0.679980,0.290053,0.510150
1403637197.78831,-4.646088,-5.489061,-0.073522,0.456157,-0.668036,0.299152,0.506119
1403637197.83831,-4.549778,-5.538948,-0.059929,0.472615,-0.654450,0.307317,0.503872
1403637197.88832,-4.451265,-5.586719,-0.043198,0.488268,-0.642458,0.314357,0.500023
1403637197.93832,-4.352341,-5.633054,-0.025422,0.501608,-0.631344,0.322771,0.495593
1403637197.98832,-4.251678,-5.680729,-0.006300,0.514445,-0.620594,0.329751,0.491400
1403637198.03832,-4.148097,-5.726111,0.014331,0.525545,-0.610718,0.337771,0.486556
1403637198.08832,-4.042878,-5.771100,0.036856,0.535592,-0.601412,0.345734,0.481573
1403637198.13832,-3.935778,-5.814599,0.060416,0.545581,-0.592268,0.352825,0.476523
1403637198.18831,-3.826188,-5.856811,0.086714,0.554750,-0.584259,0.360045,0.470384
1403637198.23831,-3.713823,-5.894080,0.116314,0.564436,-0.576235,0.365904,0.464199
1403637198.28831,-3.603124,-5.937297,0.146618,0.573367,-0.565442,0.372145,0.461555
1403637198.33831,-3.489201,-5.977400,0.176398,0.581958,-0.556621,0.377736,0.456961
1403637198.38831,-3.374096,-6.015867,0.207474,0.590087,-0.545218,0.382412,0.456394
1403637198.43832,-3.257812,-6.052854,0.237262,0.596187,-0.535904,0.386727,0.455863
1403637198.48832,-3.140878,-6.088191,0.265048,0.601123,-0.528106,0.389386,0.456217
1403637198.53831,-3.020180,-6.121707,0.288450,0.605015,-0.521099,0.391119,0.457644
1403637198.58832,-2.898080,-6.153043,0.308673,0.607976,-0.515229,0.392178,0.459456
1403637198.63832,-2.774717,-6.183623,0.324138,0.610242,-0.510783,0.392309,0.461302
1403637198.68831,-2.647978,-6.210020,0.335295,0.611032,-0.508746,0.394010,0.461057
1403637198.73831,-2.518860,-6.235181,0.341172,0.611349,-0.507780,0.395651,0.460296
1403637198.78831,-2.388336,-6.256344,0.342472,0.610483,-0.506663,0.397918,0.460722
1403637198.83831,-2.256891,-6.271972,0.338153,0.607298,-0.504943,0.403299,0.462138
1403637198.88831,-2.124935,-6.289700,0.331312,0.603134,-0.503964,0.408971,0.463673
1403637198.93831,-1.990457,-6.303479,0.324519,0.597493,-0.505581,0.417155,0.461922
1403637198.98831,-1.855201,-6.313889,0.317479,0.591764,-0.506043,0.427039,0.459754
1403637199.03831,-1.722097,-6.321408,0.310645,0.588442,-0.507326,0.435278,0.454851
1403637199.08831,-1.587966,-6.326582,0.304396,0.588003,-0.508967,0.441071,0.447952
1403637199.13831,-1.452342,-6.325531,0.300516,0.589704,-0.509646,0.445591,0.440407
1403637199.18831,-1.318541,-6.320311,0.297556,0.593213,-0.509243,0.449059,0.432568
1403637199.23831,-1.182701,-6.311203,0.296484,0.597752,-0.506283,0.453039,0.425588
1403637199.28831,-1.051315,-6.296263,0.297582,0.602979,-0.500921,0.456591,0.420735
1403637199.33831,-0.915453,-6.281072,0.300835,0.608290,-0.493604,0.461696,0.416143
1403637199.38831,-0.780204,-6.262154,0.305241,0.614804,-0.485147,0.465896,0.411812
1403637199.43831,-0.653809,-6.241082,0.305895,0.621296,-0.475987,0.471569,0.406263
1403637199.48831,-0.518090,-6.218631,0.310266,0.628171,-0.466169,0.476729,0.401020
1403637199.53831,-0.382954,-6.193911,0.312986,0.634979,-0.457063,0.482209,0.394169
1403637199.58831,-0.246472,-6.168662,0.313309,0.641180,-0.447353,0.488211,0.387832
1403637199.63831,-0.112340,-6.139789,0.311221,0.645254,-0.439427,0.496877,0.379031
1403637199.68831,0.023143,-6.105877,0.308368,0.648883,-0.430787,0.506629,0.369730
1403637199.73831,0.159069,-6.070530,0.302306,0.653041,-0.422667,0.515575,0.359267
1403637199.78831,0.293916,-6.031843,0.292460,0.655802,-0.415337,0.527424,0.345315
1403637199.83831,0.425567,-5.991132,0.277967,0.658481,-0.406245,0.539798,0.331642
1403637199.88831,0.548698,-5.960681,0.252387,0.659917,-0.397561,0.553712,0.316002
1403637199.93830,0.673691,-5.919389,0.226561,0.661188,-0.387552,0.567697,0.300589
1403637199.98830,0.793546,-5.876428,0.198089,0.660679,-0.375261,0.583811,0.286090
1403637200.03830,0.910623,-5.828454,0.170186,0.661345,-0.362213,0.598020,0.271655
1403637200.08830,1.022673,-5.777859,0.140996,0.663731,-0.346673,0.609771,0.259728
1403637200.13830,1.128288,-5.724690,0.111836,0.666462,-0.329858,0.620446,0.249136
1403637200.18830,1.223984,-5.669514,0.081484,0.674571,-0.314402,0.623623,0.239166
1403637200.23831,1.306153,-5.615026,0.046555,0.683660,-0.299941,0.624615,0.229127
1403637200.28832,1.389151,-5.555418,0.013778,0.696148,-0.284253,0.619287,0.225970
1403637200.33832,1.467339,-5.493217,-0.019679,0.710828,-0.271522,0.609324,0.222987
1403637200.38832,1.539268,-5.427426,-0.050496,0.724224,-0.262292,0.599259,0.218156
1403637200.43833,1.608177,-5.362635,-0.081037,0.736725,-0.256422,0.588560,0.212320
1403637200.48833,1.674194,-5.295529,-0.108204,0.747479,-0.252003,0.578355,0.208026
1403637200.53833,1.737474,-5.227144,-0.132175,0.753588,-0.252103,0.573593,0.198849
1403637200.58832,1.802659,-5.155436,-0.151532,0.755842,-0.253538,0.572763,0.190696
1403637200.63832,1.862886,-5.085999,-0.169522,0.757791,-0.255078,0.571484,0.184648
1403637200.68831,1.923243,-5.015335,-0.185849,0.758541,-0.256984,0.570862,0.180807
1403637200.73830,1.984129,-4.949139,-0.201612,0.759229,-0.259742,0.569777,0.177366
1403637200.78829,2.039569,-4.878080,-0.213059,0.757313,-0.263890,0.571366,0.174298
1403637200.83828,2.093533,-4.808067,-0.222403,0.754030,-0.269792,0.573505,0.172462
1403637200.88828,2.144672,-4.737586,-0.229199,0.751250,-0.274652,0.574602,0.173269
1403637200.93827,2.193983,-4.665547,-0.233150,0.749688,-0.278870,0.573951,0.175445
1403637200.98827,2.238588,-4.597007,-0.237151,0.748568,-0.282726,0.572641,0.178308
1403637201.03827,2.280101,-4.528913,-0.238912,0.747077,-0.286257,0.571684,0.181963
1403637201.08827,2.318796,-4.462461,-0.238248,0.746339,-0.289582,0.569965,0.185095
1403637201.13827,2.356201,-4.395482,-0.235492,0.745975,-0.292699,0.567638,0.188774
1403637201.18827,2.393134,-4.322222,-0.229148,0.744426,-0.296855,0.567027,0.190228
1403637201.23827,2.427172,-4.256045,-0.223498,0.743920,-0.301747,0.565209,0.189921
1403637201.28827,2.459238,-4.188977,-0.216159,0.741437,-0.309288,0.565306,0.187193
1403637201.33828,2.490205,-4.119293,-0.209048,0.737691,-0.320246,0.566139,0.180942
1403637201.38828,2.516707,-4.055393,-0.204638,0.735031,-0.332006,0.564536,0.175500
1403637201.43828,2.539511,-3.993013,-0.201763,0.732396,-0.344508,0.562173,0.169918
1403637201.48828,2.559370,-3.933475,-0.200908,0.729830,-0.356946,0.559107,0.165340
1403637201.53828,2.576543,-3.873930,-0.201369,0.727050,-0.368323,0.556480,0.161452
1403637201.58828,2.589528,-3.820613,-0.203622,0.723975,-0.377646,0.555010,0.158769
1403637201.63828,2.596700,-3.770305,-0.206376,0.720919,-0.385498,0.554181,0.156685
1403637201.68828,2.601589,-3.723520,-0.210102,0.717709,-0.390780,0.554469,0.157316
1403637201.73828,2.602690,-3.680255,-0.214445,0.715086,-0.391578,0.555535,0.163397
1403637201.78828,2.598756,-3.640998,-0.219016,0.713896,-0.390164,0.555665,0.171350
1403637201.83828,2.592351,-3.603087,-0.223439,0.712533,-0.389668,0.556121,0.176590
1403637201.88828,2.581941,-3.567964,-0.226457,0.711832,-0.388559,0.556260,0.181360
1403637201.93828,2.567819,-3.536371,-0.227651,0.711719,-0.388065,0.555886,0.183989
1403637201.98828,2.550839,-3.507321,-0.227218,0.712675,-0.389506,0.554261,0.182139
1403637202.03828,2.529973,-3.482448,-0.226326,0.714004,-0.392137,0.552133,0.177699
1403637202.08827,2.504905,-3.462072,-0.224328,0.716611,-0.395094,0.548583,0.171541
1403637202.13827,2.476055,-3.446412,-0.220304,0.720915,-0.396992,0.543044,0.166678
1403637202.18827,2.444002,-3.432583,-0.215267,0.726514,-0.395903,0.536352,0.166627
1403637202.23827,2.407094,-3.427243,-0.206530,0.733434,-0.390817,0.528640,0.172848
1403637202.28827,2.370492,-3.420203,-0.201147,0.740983,-0.384095,0.520173,0.181203
1403637202.33827,2.332446,-3.417334,-0.196238,0.747136,-0.378399,0.513040,0.188127
1403637202.38827,2.293967,-3.417022,-0.191836,0.751861,-0.372950,0.507667,0.194646
1403637202.43827,2.253639,-3.421320,-0.188326,0.754347,-0.368941,0.505029,0.199473
1403637202.48828,2.217205,-3.422957,-0.186171,0.754255,-0.365870,0.505916,0.203194
1403637202.53828,2.181189,-3.427487,-0.183571,0.753094,-0.363312,0.508254,0.206233
1403637202.58828,2.145841,-3.434573,-0.180064,0.750643,-0.361704,0.512282,0.208021
1403637202.63828,2.110706,-3.443846,-0.174295,0.747873,-0.359142,0.516845,0.211126
1403637202.68828,2.075319,-3.454517,-0.166694,0.746106,-0.356601,0.519820,0.214355
1403637202.73828,2.038914,-3.468205,-0.156042,0.744227,-0.353968,0.523050,0.217375
1403637202.78828,2.002845,-3.481515,-0.145210,0.744498,-0.350038,0.523188,0.222420
1403637202.83828,1.965689,-3.495843,-0.134552,0.744892,-0.346564,0.522783,0.227436
1403637202.88828,1.930156,-3.509859,-0.125440,0.745823,-0.343232,0.521524,0.232276
1403637202.93828,1.895088,-3.523976,-0.118012,0.746673,-0.340328,0.520328,0.236462
1403637202.98828,1.859397,-3.538710,-0.111487,0.747409,-0.338300,0.519182,0.239549
1403637203.03828,1.822818,-3.553992,-0.106396,0.747692,-0.337093,0.518734,0.241330
1403637203.08828,1.789428,-3.567082,-0.103138,0.747574,-0.336982,0.518778,0.241754
1403637203.13828,1.757108,-3.580263,-0.101005,0.746669,-0.338044,0.519955,0.240539
1403637203.18828,1.725235,-3.593218,-0.099890,0.747337,-0.337052,0.518863,0.242208
1403637203.23828,1.694129,-3.605843,-0.099562,0.746653,-0.336922,0.519539,0.243045
1403637203.28828,1.663935,-3.618356,-0.100145,0.746526,-0.336579,0.519490,0.244015
1403637203.33828,1.634697,-3.630661,-0.101476,0.746276,-0.336346,0.519806,0.244429
1403637203.38828,1.606053,-3.642815,-0.103970,0.745892,-0.337160,0.520227,0.243581
1403637203.43828,1.577347,-3.654862,-0.107910,0.746278,-0.336802,0.519465,0.244521
1403637203.48828,1.550642,-3.666105,-0.112495,0.746213,-0.336963,0.519472,0.244481
1403637203.53828,1.524747,-3.677026,-0.118014,0.745906,-0.336447,0.519830,0.245368
1403637203.58828,1.499761,-3.687766,-0.124606,0.745703,-0.335617,0.519933,0.246896
1403637203.63828,1.475877,-3.697517,-0.132276,0.746034,-0.334655,0.519100,0.248946
1403637203.68828,1.453433,-3.706681,-0.140717,0.745734,-0.334960,0.519426,0.248757
1403637203.73828,1.432112,-3.715306,-0.149848,0.744853,-0.335317,0.520366,0.248950
1403637203.78828,1.411638,-3.723393,-0.159911,0.744628,-0.335681,0.520456,0.248944
1403637203.83828,1.392213,-3.731010,-0.170726,0.744325,-0.336080,0.520764,0.248669
1403637203.88828,1.373508,-3.737773,-0.182302,0.744028,-0.335784,0.521115,0.249219
1403637203.93828,1.355402,-3.743458,-0.195451,0.743768,-0.335709,0.521340,0.249628
1403637203.98828,1.337787,-3.748815,-0.209268,0.743963,-0.335672,0.520967,0.249874
1403637204.03828,1.321025,-3.753198,-0.223046,0.744077,-0.335458,0.520561,0.250666
1403637204.08828,1.304579,-3.757130,-0.235949,0.743723,-0.336181,0.520900,0.250042
1403637204.13828,1.288548,-3.760260,-0.246748,0.743728,-0.335890,0.520854,0.250516
1403637204.18828,1.273941,-3.762423,-0.255043,0.743880,-0.336464,0.520483,0.250064
1403637204.23828,1.260000,-3.762437,-0.262017,0.743832,-0.336072,0.520368,0.250971
1403637204.28828,1.245767,-3.762823,-0.267094,0.744253,-0.337219,0.519540,0.249897
1403637204.33828,1.232598,-3.762760,-0.269458,0.743597,-0.337968,0.520499,0.248841
1403637204.38828,1.219634,-3.761631,-0.269861,0.742038,-0.339496,0.522378,0.247475
1403637204.43828,1.206717,-3.760286,-0.268475,0.740469,-0.339630,0.524068,0.248414
1403637204.48828,1.194633,-3.758922,-0.264895,0.737486,-0.341226,0.527780,0.247240
1403637204.53828,1.183412,-3.754719,-0.259763,0.736117,-0.341850,0.528979,0.247892
1403637204.58828,1.171587,-3.752155,-0.252624,0.735753,-0.343174,0.528625,0.247901
1403637204.63828,1.159517,-3.748922,-0.243477,0.735922,-0.344600,0.527525,0.247764
1403637204.68828,1.147476,-3.745078,-0.233656,0.736860,-0.344639,0.525280,0.249685
1403637204.73828,1.135590,-3.740487,-0.224165,0.736663,-0.345732,0.524856,0.249646
1403637204.78828,1.123613,-3.735038,-0.216353,0.737467,-0.346757,0.522856,0.250047
1403637204.83828,1.111921,-3.728969,-0.210417,0.737854,-0.348216,0.521690,0.249313
1403637204.88828,1.100360,-3.722749,-0.205860,0.738166,-0.348509,0.520644,0.250165
1403637204.93828,1.089203,-3.716330,-0.203289,0.739202,-0.349091,0.518880,0.249959
1403637204.98828,1.078208,-3.709613,-0.202512,0.740857,-0.350252,0.516213,0.248956
1403637205.03828,1.067456,-3.702705,-0.203013,0.742550,-0.351093,0.513642,0.248043
1403637205.08828,1.057356,-3.696128,-0.204509,0.743752,-0.351450,0.511899,0.247539
1403637205.13828,1.047571,-3.688825,-0.207087,0.743833,-0.351637,0.511723,0.247393
1403637205.18828,1.038385,-3.682074,-0.210566,0.744128,-0.350958,0.511523,0.247882
1403637205.23828,1.030027,-3.675434,-0.215140,0.745145,-0.349966,0.511323,0.246640
1403637205.28828,1.022403,-3.668730,-0.220198,0.746587,-0.347799,0.511391,0.245198
1403637205.33828,1.015982,-3.662204,-0.224366,0.747576,-0.344209,0.513042,0.243801
1403637205.38828,1.010218,-3.655746,-0.227158,0.749001,-0.340866,0.513796,0.242531
1403637205.43828,1.005359,-3.649401,-0.227659,0.749847,-0.337314,0.515191,0.241921
1403637205.48828,1.001396,-3.643136,-0.226229,0.749829,-0.333621,0.517915,0.241285
1403637205.53828,0.998102,-3.636769,-0.223531,0.749414,-0.330210,0.520953,0.240724
1403637205.58828,0.995352,-3.630223,-0.221101,0.749636,-0.327161,0.522606,0.240612
1403637205.63828,0.993184,-3.623365,-0.220358,0.749479,-0.325176,0.524527,0.239609
1403637205.68828,0.991328,-3.616187,-0.221376,0.749917,-0.323452,0.525159,0.239188
1403637205.73828,0.990062,-3.608892,-0.224418,0.750398,-0.322825,0.525483,0.237813
1403637205.78828,0.989121,-3.600844,-0.228973,0.750705,-0.321915,0.525793,0.237392
1403637205.83828,0.988552,-3.592279,-0.234820,0.751129,-0.321156,0.525676,0.237338
1403637205.88828,0.988497,-3.583369,-0.241791,0.751146,-0.321165,0.526089,0.236355
1403637205.98828,0.988769,-3.564248,-0.256050,0.751022,-0.320193,0.526874,0.236319
1403637206.03828,0.989866,-3.553789,-0.261030,0.750762,-0.320383,0.527491,0.235509
1403637206.08828,0.991207,-3.542880,-0.264258,0.750456,-0.320976,0.528135,0.234231
1403637206.13828,0.992688,-3.531353,-0.266482,0.749848,-0.322648,0.529243,0.231361
1403637206.18828,0.994943,-3.520117,-0.266299,0.748734,-0.325073,0.531086,0.227317
1403637206.23828,0.997164,-3.509034,-0.263822,0.748330,-0.326177,0.531797,0.225393
1403637206.28828,0.999461,-3.498433,-0.258946,0.747355,-0.327353,0.533118,0.223799
1403637206.33828,1.001657,-3.487867,-0.252505,0.746426,-0.328376,0.534233,0.222740
1403637206.38828,1.004142,-3.478082,-0.243854,0.746433,-0.328328,0.534284,0.222666
1403637206.43828,1.006344,-3.468127,-0.234174,0.746401,-0.328678,0.534074,0.222757
1403637206.48828,1.008157,-3.458370,-0.223780,0.746315,-0.328583,0.534066,0.223203
1403637206.53828,1.009462,-3.448415,-0.214145,0.745947,-0.328842,0.534284,0.223531
1403637206.58828,1.010337,-3.438242,-0.205933,0.745978,-0.328586,0.533966,0.224562
1403637206.63828,1.010612,-3.427843,-0.199342,0.746130,-0.328213,0.533483,0.225749
1403637206.68828,1.010313,-3.417099,-0.194540,0.746290,-0.327766,0.532857,0.227340
1403637206.73828,1.009663,-3.406398,-0.191038,0.746030,-0.327512,0.532960,0.228319
1403637206.78828,1.008570,-3.395483,-0.188744,0.745545,-0.327069,0.533344,0.229636
1403637206.83828,1.007300,-3.384291,-0.186903,0.745481,-0.327136,0.533128,0.230249
1403637206.88828,1.005783,-3.372641,-0.183805,0.744751,-0.327060,0.533798,0.231164
1403637206.93828,1.003618,-3.360432,-0.179830,0.743708,-0.326946,0.535212,0.231415
1403637206.98828,1.001547,-3.348107,-0.174740,0.743395,-0.327295,0.535239,0.231862
1403637207.03828,0.999650,-3.336302,-0.167581,0.742930,-0.327699,0.535435,0.232330
1403637207.08828,0.997248,-3.323938,-0.159921,0.743139,-0.328503,0.534746,0.232113
1403637207.13828,0.994525,-3.310845,-0.153300,0.741993,-0.328970,0.535710,0.232894
1403637207.18828,0.991471,-3.297431,-0.148466,0.741729,-0.329806,0.535480,0.233082
1403637207.23828,0.988071,-3.283654,-0.145317,0.740474,-0.330061,0.536792,0.233692
1403637207.28828,0.984079,-3.269566,-0.144623,0.740441,-0.330948,0.536297,0.233678
1403637207.33828,0.979516,-3.255202,-0.145853,0.740394,-0.331695,0.535918,0.233641
1403637207.38828,0.974310,-3.240687,-0.148479,0.740376,-0.331791,0.535634,0.234208
1403637207.43828,0.968500,-3.225740,-0.152371,0.740107,-0.332191,0.535568,0.234643
1403637207.48828,0.962107,-3.210325,-0.157941,0.740071,-0.332970,0.535183,0.234531
1403637207.53828,0.955275,-3.194613,-0.164970,0.740835,-0.334372,0.533739,0.233411
1403637207.58828,0.948214,-3.178755,-0.172909,0.741872,-0.337621,0.531850,0.229724
1403637207.63828,0.940955,-3.162776,-0.180734,0.744140,-0.342165,0.528340,0.223688
1403637207.68828,0.932977,-3.147337,-0.186777,0.745818,-0.345641,0.525563,0.219250
1403637207.73828,0.925014,-3.133144,-0.190458,0.747141,-0.346818,0.523453,0.217933
1403637207.78828,0.916514,-3.119497,-0.190858,0.747336,-0.346275,0.523019,0.219165
1403637207.83828,0.907268,-3.106291,-0.188526,0.747055,-0.345015,0.523192,0.221685
1403637207.88829,0.897375,-3.094523,-0.183071,0.746980,-0.343178,0.523064,0.225066
1403637207.93829,0.888748,-3.083572,-0.175178,0.746370,-0.341451,0.523806,0.227972
1403637207.98829,0.879874,-3.072900,-0.164479,0.746008,-0.340118,0.524151,0.230342
1403637208.03829,0.870576,-3.062165,-0.151880,0.745954,-0.338819,0.524083,0.232577
1403637208.08829,0.861812,-3.052097,-0.137918,0.746132,-0.337991,0.523606,0.234277
1403637208.13829,0.853355,-3.042014,-0.122354,0.746382,-0.337505,0.523078,0.235359
1403637208.18829,0.845303,-3.032196,-0.105478,0.745879,-0.336471,0.523521,0.237442
1403637208.23829,0.837404,-3.022197,-0.089448,0.746388,-0.337187,0.522417,0.237257
1403637208.28829,0.830101,-3.012323,-0.074741,0.744968,-0.340200,0.524030,0.233835
1403637208.33829,0.822889,-3.002933,-0.061700,0.743132,-0.343120,0.526149,0.230630
1403637208.38829,0.815739,-2.994102,-0.050481,0.741632,-0.345335,0.527808,0.228351
1403637208.43829,0.808534,-2.985778,-0.040778,0.740552,-0.346019,0.528747,0.228649
1403637208.48829,0.800892,-2.978145,-0.033171,0.740426,-0.346065,0.528588,0.229355
1403637208.53829,0.792875,-2.970907,-0.027185,0.739797,-0.345471,0.529208,0.230846
1403637208.58829,0.784176,-2.963663,-0.022720,0.740211,-0.344264,0.528226,0.233553
1403637208.63829,0.775349,-2.956648,-0.019455,0.740417,-0.343140,0.527877,0.235339
1403637208.68829,0.766418,-2.949686,-0.017427,0.740641,-0.341870,0.527348,0.237655
1403637208.73829,0.757419,-2.942664,-0.016726,0.740151,-0.340966,0.527978,0.239078
1403637208.78829,0.748373,-2.935613,-0.017415,0.739656,-0.340343,0.528676,0.239952
1403637208.83829,0.739171,-2.928459,-0.019558,0.739666,-0.339896,0.528558,0.240815
1403637208.88829,0.729847,-2.921199,-0.023035,0.740403,-0.338909,0.527425,0.242419
1403637208.93829,0.720375,-2.913660,-0.027873,0.741630,-0.336069,0.525635,0.246477
1403637208.98829,0.710916,-2.905475,-0.034331,0.743302,-0.332733,0.522931,0.251660
1403637209.03829,0.701845,-2.896538,-0.042196,0.744976,-0.329248,0.520252,0.256794
1403637209.08829,0.693856,-2.886674,-0.050926,0.746665,-0.325473,0.518199,0.260825
1403637209.13829,0.686885,-2.875506,-0.059300,0.747728,-0.321562,0.518524,0.261979
1403637209.18829,0.681711,-2.862704,-0.067263,0.749835,-0.319523,0.519385,0.256693
1403637209.23829,0.678082,-2.848766,-0.073566,0.751530,-0.318200,0.522134,0.247646
1403637209.28829,0.675249,-2.833922,-0.078274,0.755067,-0.316115,0.522676,0.238235
1403637209.33829,0.672719,-2.818382,-0.080736,0.758480,-0.313423,0.523015,0.230064
1403637209.38829,0.670320,-2.802693,-0.081679,0.762316,-0.310580,0.521942,0.223588
1403637209.43829,0.668957,-2.787184,-0.080865,0.766243,-0.307915,0.519971,0.218382
1403637209.48829,0.668438,-2.771943,-0.078692,0.771477,-0.305613,0.515711,0.213226
1403637209.53829,0.668943,-2.757381,-0.075149,0.777528,-0.303523,0.509710,0.208613
1403637209.58829,0.670989,-2.743854,-0.070246,0.783782,-0.302022,0.502733,0.204274
1403637209.63829,0.675107,-2.731717,-0.063473,0.789192,-0.301111,0.496541,0.199886
1403637209.68829,0.680864,-2.720441,-0.054895,0.793125,-0.300326,0.492154,0.196321
1403637209.73829,0.689841,-2.711505,-0.044994,0.795988,-0.299856,0.488923,0.193506
1403637209.78829,0.702141,-2.705336,-0.033690,0.797817,-0.299419,0.486818,0.191949
1403637209.83829,0.716769,-2.700813,-0.022504,0.799423,-0.299284,0.484688,0.190867
1403637209.88829,0.733741,-2.697738,-0.012698,0.800653,-0.300394,0.482915,0.188445
1403637209.93830,0.752698,-2.696256,-0.005580,0.802530,-0.301424,0.479802,0.186762
1403637209.98830,0.773757,-2.696790,-0.002997,0.805118,-0.302092,0.475542,0.185430
1403637210.03830,0.796745,-2.698592,-0.004615,0.808251,-0.303032,0.470213,0.183854
1403637210.08830,0.822445,-2.702402,-0.010052,0.811112,-0.304165,0.464995,0.182648
1403637210.13830,0.850774,-2.707981,-0.019611,0.813531,-0.306022,0.460500,0.180158
1403637210.18830,0.882393,-2.716077,-0.032050,0.816437,-0.307452,0.455117,0.178248
1403637210.23830,0.917725,-2.726572,-0.046138,0.818814,-0.308735,0.450654,0.176461
1403637210.28830,0.957008,-2.739973,-0.060824,0.820926,-0.309256,0.446793,0.175547
1403637210.33830,1.000520,-2.756911,-0.075182,0.821992,-0.310034,0.444772,0.174314
1403637210.38830,1.048464,-2.777043,-0.089386,0.822906,-0.310558,0.442997,0.173589
1403637210.43830,1.101069,-2.800829,-0.103001,0.822194,-0.310040,0.444484,0.174090
1403637210.53830,1.218875,-2.858599,-0.128251,0.815956,-0.306412,0.456369,0.179039
1403637210.58830,1.282905,-2.890872,-0.140486,0.812437,-0.305272,0.462808,0.180455
1403637210.63830,1.349571,-2.924896,-0.153177,0.808729,-0.304302,0.469525,0.181395
1403637210.68830,1.419144,-2.962167,-0.166875,0.805970,-0.303020,0.474645,0.182489
1403637210.73830,1.491297,-3.001073,-0.181603,0.804005,-0.302672,0.478318,0.182146
1403637210.78830,1.565756,-3.041230,-0.197500,0.801217,-0.304750,0.483082,0.178353
1403637210.83830,1.641967,-3.083839,-0.214191,0.798493,-0.306383,0.487580,0.175512
1403637210.88830,1.719596,-3.128577,-0.231730,0.795285,-0.308842,0.492487,0.172034
1403637210.93830,1.798658,-3.175937,-0.249717,0.790496,-0.310925,0.499840,0.169120
1403637210.98830,1.878554,-3.224721,-0.268669,0.785610,-0.312058,0.507152,0.168029
1403637211.03830,1.958664,-3.275479,-0.288094,0.780659,-0.312937,0.514372,0.167521
1403637211.08830,2.038793,-3.328022,-0.308502,0.775976,-0.314509,0.520805,0.166457
1403637211.13830,2.118380,-3.382121,-0.329985,0.773879,-0.313986,0.523557,0.168561
1403637211.18830,2.197642,-3.438099,-0.352363,0.772715,-0.311490,0.525003,0.173946
1403637211.23830,2.276536,-3.493923,-0.375694,0.770745,-0.309085,0.527552,0.179183
1403637211.28830,2.355073,-3.552575,-0.399384,0.768203,-0.306669,0.530579,0.185216
1403637211.33830,2.433355,-3.611007,-0.424165,0.765233,-0.304879,0.534007,0.190534
1403637211.38830,2.510717,-3.670268,-0.449489,0.762516,-0.303748,0.537185,0.194267
1403637211.43830,2.587097,-3.728933,-0.475271,0.761085,-0.303250,0.538605,0.196707
1403637211.48830,2.662669,-3.787227,-0.502163,0.760087,-0.303478,0.539486,0.197799
1403637211.53830,2.737051,-3.845274,-0.529718,0.760965,-0.304829,0.537970,0.196468
1403637211.58830,2.810155,-3.902822,-0.556299,0.762360,-0.306183,0.535619,0.195375
1403637211.63830,2.882420,-3.960550,-0.580255,0.763580,-0.307380,0.533821,0.193647
1403637211.68830,2.953857,-4.017788,-0.602273,0.764204,-0.308897,0.532846,0.191442
1403637211.73830,3.023824,-4.075840,-0.623255,0.766763,-0.311850,0.529004,0.187026
1403637211.78830,3.093946,-4.134444,-0.641864,0.768821,-0.315510,0.525795,0.181404
1403637211.83830,3.162037,-4.194585,-0.658787,0.770188,-0.319663,0.523372,0.175233
1403637211.88830,3.230636,-4.255876,-0.672960,0.771671,-0.321560,0.520842,0.172761
1403637211.93830,3.297505,-4.318095,-0.684570,0.772588,-0.321328,0.519362,0.173550
1403637211.98830,3.365159,-4.381946,-0.694412,0.772332,-0.319391,0.519904,0.176616
1403637212.03830,3.433559,-4.447074,-0.701223,0.770878,-0.316066,0.522066,0.182470
1403637212.08830,3.501233,-4.512749,-0.705879,0.767341,-0.312678,0.527245,0.188235
1403637212.13830,3.570147,-4.578161,-0.709019,0.763229,-0.309620,0.533293,0.192914
1403637212.18830,3.636883,-4.644452,-0.710456,0.759677,-0.307040,0.538059,0.197760
1403637212.23830,3.702701,-4.710646,-0.711213,0.756672,-0.305618,0.542028,0.200628
1403637212.28830,3.767186,-4.776717,-0.710636,0.755146,-0.304334,0.543983,0.203022
1403637212.33830,3.831592,-4.841180,-0.708067,0.753282,-0.303878,0.546206,0.204653
1403637212.38830,3.894142,-4.904945,-0.704127,0.752258,-0.303950,0.547110,0.205895
1403637212.43830,3.954087,-4.967600,-0.698479,0.751691,-0.303894,0.547342,0.207429
1403637212.48830,4.013633,-5.029504,-0.692187,0.752927,-0.304702,0.545200,0.207399
1403637212.53830,4.071637,-5.090337,-0.684927,0.755004,-0.305918,0.541738,0.207127
1403637212.58830,4.128797,-5.150338,-0.676602,0.757156,-0.307798,0.538113,0.205937
1403637212.63830,4.185081,-5.210053,-0.667486,0.759993,-0.309332,0.533450,0.205317
1403637212.68830,4.241319,-5.270371,-0.659181,0.762389,-0.310517,0.529814,0.204058
1403637212.73830,4.297057,-5.330203,-0.648667,0.764417,-0.310520,0.526600,0.204783
1403637212.78830,4.353061,-5.388956,-0.636721,0.765389,-0.310029,0.525085,0.205787
1403637212.83830,4.408835,-5.448947,-0.625605,0.767238,-0.309827,0.522307,0.206272
1403637212.88830,4.464924,-5.508591,-0.613577,0.767925,-0.308777,0.521344,0.207723
1403637212.93830,4.520314,-5.568393,-0.600515,0.768686,-0.307109,0.520443,0.209629
1403637212.98830,4.576037,-5.628223,-0.587099,0.769431,-0.305349,0.519873,0.210879
1403637213.03830,4.632489,-5.687662,-0.573352,0.769839,-0.304902,0.519720,0.210414
1403637213.08830,4.689539,-5.746786,-0.560276,0.769614,-0.305165,0.520647,0.208554
1403637213.13830,4.746369,-5.805496,-0.549262,0.770041,-0.305691,0.520651,0.206183
1403637213.18830,4.802372,-5.864424,-0.540179,0.769937,-0.306177,0.521402,0.203943
1403637213.23830,4.859379,-5.923319,-0.532790,0.769668,-0.306100,0.522262,0.202870
1403637213.28830,4.916380,-5.982353,-0.527248,0.769743,-0.306233,0.522541,0.201662
1403637213.33830,4.974673,-6.041381,-0.522551,0.769012,-0.305841,0.523777,0.201843
1403637213.38830,5.032030,-6.100189,-0.518990,0.768403,-0.305029,0.524833,0.202644
1403637213.43830,5.089334,-6.158780,-0.516762,0.767141,-0.304354,0.526800,0.203337
1403637213.48830,5.148133,-6.217046,-0.515674,0.766207,-0.303639,0.528049,0.204680
1403637213.53830,5.205483,-6.275124,-0.516113,0.765550,-0.302391,0.529147,0.206147
1403637213.58830,5.262009,-6.332757,-0.517154,0.765846,-0.297891,0.528735,0.212556
1403637213.63830,5.319364,-6.390037,-0.519141,0.766706,-0.294432,0.527482,0.217335
1403637213.68830,5.377949,-6.447265,-0.522537,0.768718,-0.290831,0.524659,0.221863
1403637213.73830,5.436600,-6.503244,-0.527623,0.769805,-0.288267,0.523034,0.225251
1403637213.78830,5.495700,-6.557530,-0.534982,0.771774,-0.286807,0.520265,0.226785
1403637213.83830,5.555020,-6.609835,-0.542584,0.772824,-0.285277,0.519119,0.227763
1403637213.88830,5.615423,-6.661267,-0.550988,0.773560,-0.284056,0.518237,0.228794
1403637213.93830,5.676633,-6.711277,-0.560594,0.774473,-0.283675,0.517102,0.228749
1403637213.98830,5.739632,-6.760348,-0.568677,0.773330,-0.282009,0.519191,0.229940
1403637214.03830,5.804245,-6.807564,-0.575096,0.771817,-0.280123,0.522918,0.228882
1403637214.08830,5.869477,-6.853142,-0.580595,0.769964,-0.278085,0.528208,0.225434
1403637214.13830,5.936431,-6.896744,-0.583730,0.768497,-0.277182,0.533483,0.219039
1403637214.18830,6.003642,-6.939520,-0.585400,0.767518,-0.274280,0.538785,0.213068
1403637214.23829,6.070442,-6.980646,-0.585080,0.767401,-0.269556,0.543230,0.208177
1403637214.28829,6.137258,-7.020176,-0.582952,0.767654,-0.262540,0.547713,0.204428
1403637214.33829,6.202202,-7.056595,-0.578378,0.768059,-0.254065,0.552694,0.200163
1403637214.38829,6.268118,-7.092454,-0.572809,0.769053,-0.242469,0.557325,0.197879
1403637214.43829,6.332699,-7.125434,-0.565996,0.771453,-0.228804,0.560358,0.196232
1403637214.48830,6.395020,-7.156366,-0.559425,0.774217,-0.214270,0.563087,0.193930
1403637214.53829,6.457823,-7.183331,-0.549699,0.776711,-0.199298,0.565788,0.192053
1403637214.58830,6.519814,-7.207908,-0.539527,0.779123,-0.185068,0.567613,0.191136
1403637214.63830,6.580778,-7.228951,-0.527240,0.780402,-0.171296,0.570164,0.191162
1403637214.68830,6.641627,-7.246858,-0.513691,0.781289,-0.159176,0.572297,0.191642
1403637214.73829,6.701116,-7.259576,-0.498860,0.782166,-0.148040,0.573474,0.193464
1403637214.78829,6.760141,-7.269341,-0.483382,0.782158,-0.139918,0.575613,0.193185
1403637214.83829,6.818757,-7.273575,-0.466948,0.782663,-0.134826,0.576740,0.191392
1403637214.88829,6.876462,-7.273907,-0.451005,0.783232,-0.131619,0.577381,0.189357
1403637214.93829,6.932459,-7.268656,-0.436177,0.783181,-0.129333,0.578487,0.187759
1403637214.98829,6.984390,-7.257613,-0.422961,0.782415,-0.128008,0.580238,0.186454
1403637215.03829,7.038377,-7.244912,-0.411109,0.781690,-0.127582,0.581820,0.184846
1403637215.08829,7.089716,-7.227015,-0.399808,0.780220,-0.127013,0.583933,0.184787
1403637215.13829,7.137771,-7.204918,-0.390397,0.778655,-0.126919,0.586045,0.184767
1403637215.18829,7.189014,-7.180513,-0.382569,0.777096,-0.127622,0.588150,0.184160
1403637215.23829,7.237235,-7.150826,-0.376326,0.775607,-0.129665,0.590617,0.181085
1403637215.28829,7.286314,-7.118573,-0.371317,0.774800,-0.130445,0.592681,0.177196
1403637215.33829,7.333487,-7.082027,-0.367355,0.773172,-0.130721,0.596481,0.171251
1403637215.38829,7.379071,-7.041928,-0.364084,0.771255,-0.129238,0.600946,0.165308
1403637215.43829,7.421494,-6.998109,-0.361220,0.768198,-0.127534,0.607666,0.156042
1403637215.48829,7.460150,-6.950943,-0.357026,0.764896,-0.123636,0.614816,0.147139
1403637215.53829,7.491570,-6.898984,-0.352671,0.762974,-0.117886,0.620286,0.138631
1403637215.58829,7.525653,-6.846799,-0.348203,0.763138,-0.111038,0.623208,0.130008
1403637215.63829,7.557247,-6.791719,-0.341692,0.764767,-0.103012,0.624559,0.120192
1403637215.68829,7.585889,-6.734002,-0.333657,0.767561,-0.092470,0.624301,0.112020
1403637215.73829,7.611476,-6.673746,-0.325392,0.773405,-0.082527,0.620122,0.102387
1403637215.78829,7.634746,-6.611126,-0.315248,0.779835,-0.072655,0.614927,0.091882
1403637215.83829,7.653429,-6.546230,-0.303658,0.785914,-0.062700,0.609732,0.081455
1403637215.88829,7.669352,-6.479554,-0.289967,0.790578,-0.053470,0.605864,0.071105
1403637215.93829,7.683340,-6.411917,-0.274916,0.794217,-0.046150,0.602823,0.060771
1403637215.98829,7.691665,-6.341657,-0.258853,0.797719,-0.039565,0.599539,0.051300
1403637216.03829,7.700013,-6.272287,-0.240005,0.799300,-0.033628,0.598585,0.041043
1403637216.08829,7.706148,-6.202886,-0.220176,0.801061,-0.027004,0.597133,0.031682
1403637216.13829,7.706550,-6.131252,-0.199774,0.802089,-0.021023,0.596399,0.022778
1403637216.18829,7.707260,-6.061893,-0.181559,0.801979,-0.015789,0.596950,0.015226
1403637216.23829,7.706372,-5.993492,-0.164777,0.802315,-0.012343,0.596714,0.008376
1403637216.28829,7.702466,-5.923607,-0.150734,0.801326,-0.009892,0.598140,0.002601
1403637216.33829,7.699153,-5.856629,-0.137441,-0.800215,0.007710,-0.599662,0.000935
1403637216.38829,7.696046,-5.790160,-0.125528,-0.797966,0.006281,-0.602659,0.003745
1403637216.43829,7.690108,-5.724264,-0.115206,-0.794916,0.005029,-0.606676,0.005180
1403637216.48829,7.684017,-5.659724,-0.106829,-0.792579,0.003819,-0.609733,0.005509
1403637216.53829,7.675354,-5.595624,-0.098868,-0.789826,0.003814,-0.613290,0.005966
1403637216.58829,7.662414,-5.531946,-0.092616,-0.788277,0.005173,-0.615242,0.008301
1403637216.63829,7.649334,-5.469957,-0.087050,-0.786388,0.006903,-0.617610,0.010170
1403637216.68829,7.633663,-5.408545,-0.082180,-0.783531,0.009534,-0.621157,0.012326
1403637216.73829,7.614225,-5.347831,-0.078362,-0.780188,0.011267,-0.625310,0.012930
1403637216.78829,7.593503,-5.288435,-0.075055,-0.777129,0.012494,-0.629098,0.012200
1403637216.83829,7.568239,-5.229721,-0.072606,-0.774343,0.012781,-0.632557,0.010069
1403637216.88829,7.540903,-5.171294,-0.065670,-0.771966,0.012896,-0.635489,0.007463
1403637216.93829,7.509416,-5.114209,-0.056901,-0.770700,0.012925,-0.637052,0.004279
1403637216.98829,7.473459,-5.058271,-0.047309,-0.771512,0.013968,-0.636056,0.002573
1403637217.03829,7.433359,-5.003265,-0.038277,-0.774383,0.016804,-0.632480,0.004206
1403637217.08829,7.389888,-4.949308,-0.029413,-0.778061,0.021785,-0.627744,0.009149
1403637217.13829,7.342927,-4.896377,-0.021252,-0.781078,0.026633,-0.623715,0.013701
1403637217.18829,7.293689,-4.845860,-0.015011,-0.782772,0.032247,-0.621172,0.019340
1403637217.23829,7.241925,-4.797531,-0.010388,-0.783464,0.037634,-0.619811,0.024514
1403637217.28829,7.187987,-4.751386,-0.008260,-0.784443,0.041437,-0.618213,0.027288
1403637217.33829,7.132513,-4.707999,-0.008786,-0.785436,0.045019,-0.616581,0.029848
1403637217.38829,7.074802,-4.667033,-0.011331,-0.785673,0.048272,-0.615933,0.031856
1403637217.43829,7.015642,-4.628137,-0.016226,-0.786049,0.051053,-0.615165,0.033040
1403637217.48829,6.953646,-4.591138,-0.020889,-0.786287,0.052436,-0.614707,0.033739
1403637217.53829,6.890486,-4.558237,-0.027653,-0.785446,0.050984,-0.615931,0.033231
1403637217.58829,6.825179,-4.527285,-0.033933,-0.784291,0.046833,-0.617777,0.032340
1403637217.63829,6.758146,-4.499780,-0.041137,-0.783047,0.039275,-0.620020,0.029495
1403637217.68829,6.689319,-4.473735,-0.048365,-0.780624,0.027084,-0.623956,0.023897
1403637217.73828,6.618340,-4.447435,-0.053916,-0.778718,0.012074,-0.626988,0.018415
1403637217.78828,6.544013,-4.422782,-0.057511,-0.776534,-0.003937,-0.629881,0.015176
1403637217.83828,6.467030,-4.398749,-0.060837,-0.777256,-0.018610,-0.628671,0.017308
1403637217.88828,6.387275,-4.374997,-0.062280,-0.777063,-0.033472,-0.628225,0.019634
1403637217.93828,6.304351,-4.351688,-0.062591,-0.778177,-0.044659,-0.625984,0.024294
1403637217.98828,6.218463,-4.329094,-0.061632,-0.779497,-0.054636,-0.623317,0.029586
1403637218.03828,6.129132,-4.305743,-0.058436,-0.780591,-0.062246,-0.620921,0.035514
1403637218.08828,6.037836,-4.282800,-0.055046,-0.783044,-0.068049,-0.616829,0.041641
1403637218.13828,5.943932,-4.260092,-0.051763,-0.784063,-0.073442,-0.614604,0.045970
1403637218.18829,5.847896,-4.237229,-0.049453,-0.785261,-0.077763,-0.612257,0.049593
1403637218.23829,5.750389,-4.214164,-0.049132,-0.786223,-0.081440,-0.610350,0.051902
1403637218.28829,5.651678,-4.190973,-0.050387,-0.786527,-0.084095,-0.609388,0.054316
1403637218.33829,5.551641,-4.168178,-0.053036,-0.786302,-0.087373,-0.609254,0.053895
1403637218.38829,5.449452,-4.145965,-0.057839,-0.786110,-0.088204,-0.609221,0.055684
1403637218.43829,5.345583,-4.123571,-0.063562,-0.786039,-0.088725,-0.609132,0.056819
1403637218.48829,5.240232,-4.101004,-0.068835,-0.785324,-0.089532,-0.609953,0.056636
1403637218.53829,5.132953,-4.078569,-0.074554,-0.785467,-0.090093,-0.609704,0.056448
1403637218.58829,5.025007,-4.056074,-0.079045,-0.785445,-0.090114,-0.609797,0.055712
1403637218.63829,4.916100,-4.033162,-0.081683,-0.787319,-0.089434,-0.607507,0.055366
1403637218.68829,4.806217,-4.010413,-0.083166,-0.788848,-0.089830,-0.605655,0.053213
1403637218.73829,4.694577,-3.987603,-0.084026,-0.791541,-0.088090,-0.602307,0.054120
1403637218.78829,4.581646,-3.964786,-0.085857,-0.792633,-0.086651,-0.601080,0.054110
1403637218.83829,4.467765,-3.941988,-0.091501,-0.793974,-0.088274,-0.599449,0.049735
1403637218.88829,4.353976,-3.918843,-0.101526,-0.795190,-0.090238,-0.597935,0.044761
1403637218.93829,4.239210,-3.895004,-0.115281,-0.794960,-0.092224,-0.598234,0.040613
1403637218.98829,4.122933,-3.870352,-0.129372,-0.795352,-0.094592,-0.597647,0.035838
1403637219.03829,4.007213,-3.845172,-0.149396,-0.795496,-0.096244,-0.597395,0.032296
1403637219.08829,3.891095,-3.818744,-0.171307,-0.795568,-0.096915,-0.597279,0.030620
1403637219.13829,3.774176,-3.790894,-0.192258,-0.795205,-0.097247,-0.597745,0.029894
1403637219.18829,3.656709,-3.761701,-0.212235,-0.795706,-0.096983,-0.597132,0.029661
1403637219.23829,3.538414,-3.731377,-0.230441,-0.795986,-0.095852,-0.596904,0.030394
1403637219.28830,3.418351,-3.699595,-0.247107,-0.796963,-0.094894,-0.595715,0.031119
1403637219.33830,3.297293,-3.666342,-0.261119,-0.797342,-0.093143,-0.595398,0.032718
1403637219.38830,3.176611,-3.632883,-0.274431,-0.798940,-0.092480,-0.593361,0.032636
1403637219.43829,3.056523,-3.597630,-0.285278,-0.800060,-0.091522,-0.591938,0.033718
1403637219.48829,2.936038,-3.561346,-0.294829,-0.805390,-0.089911,-0.584818,0.035378
1403637219.53828,2.816392,-3.523998,-0.301474,-0.809491,-0.088934,-0.579248,0.035881
1403637219.58828,2.698749,-3.486601,-0.304873,-0.814617,-0.087599,-0.572167,0.036753
1403637219.63828,2.581479,-3.448138,-0.308684,-0.818381,-0.086189,-0.566923,0.037730
1403637219.68828,2.466673,-3.408170,-0.309773,-0.821578,-0.085367,-0.562408,0.037678
1403637219.73828,2.363562,-3.365176,-0.304679,-0.823182,-0.084377,-0.560198,0.037822
1403637219.78828,2.250981,-3.324247,-0.302636,-0.824866,-0.083288,-0.557849,0.038266
1403637219.83829,2.141658,-3.283223,-0.297910,-0.826373,-0.083599,-0.555631,0.037331
1403637219.88829,2.035126,-3.241005,-0.291849,-0.828162,-0.083107,-0.552986,0.038036
1403637219.98829,1.826713,-3.154195,-0.272745,-0.828143,-0.082593,-0.553064,0.038437
1403637220.03829,1.729039,-3.109880,-0.259218,-0.828724,-0.082444,-0.552192,0.038782
1403637220.08829,1.633571,-3.064688,-0.244444,-0.829255,-0.081786,-0.551459,0.039245
1403637220.13830,1.540190,-3.018694,-0.227829,-0.829191,-0.082965,-0.551522,0.037170
1403637220.18830,1.449083,-2.971809,-0.210063,-0.829586,-0.081845,-0.550948,0.039308
1403637220.23830,1.361702,-2.924182,-0.189604,-0.829403,-0.080365,-0.551308,0.041133
1403637220.28830,1.272791,-2.876087,-0.169013,-0.828452,-0.077431,-0.552874,0.044747
1403637220.33830,1.186198,-2.827874,-0.145775,-0.827401,-0.074285,-0.554528,0.048868
1403637220.38830,1.105677,-2.779067,-0.121021,-0.826140,-0.070028,-0.556479,0.054031
1403637220.43830,1.021175,-2.731444,-0.097000,-0.824669,-0.066865,-0.558703,0.057450
1403637220.48830,0.940245,-2.685279,-0.073277,-0.823801,-0.064366,-0.560003,0.060043
1403637220.53830,0.859197,-2.639353,-0.051557,-0.822089,-0.061899,-0.562483,0.062857
1403637220.58830,0.781126,-2.599108,-0.031342,-0.820789,-0.059535,-0.564363,0.065232
1403637220.63830,0.702862,-2.557190,-0.011764,-0.820722,-0.059989,-0.564527,0.064240
1403637220.68830,0.625918,-2.515013,0.005685,-0.821326,-0.059606,-0.563672,0.064380
1403637220.73830,0.550502,-2.473628,0.022108,-0.821457,-0.060217,-0.563567,0.063051
1403637220.78830,0.477178,-2.434645,0.038030,-0.822108,-0.060225,-0.562667,0.062592
1403637220.83830,0.404468,-2.395488,0.051938,-0.822645,-0.060281,-0.561886,0.062490
1403637220.88830,0.334188,-2.357855,0.064437,-0.823084,-0.060534,-0.561324,0.061510
1403637220.93830,0.265354,-2.321469,0.075207,-0.823789,-0.060276,-0.560330,0.061387
1403637220.98830,0.199366,-2.287153,0.084776,-0.824520,-0.059252,-0.559450,0.060585
1403637221.03830,0.133053,-2.253290,0.092279,-0.826418,-0.057995,-0.557052,0.057988
1403637221.08830,0.068181,-2.220203,0.098737,-0.827498,-0.054677,-0.556041,0.055462
1403637221.13830,0.005327,-2.188268,0.103166,-0.829449,-0.050799,-0.553853,0.051775
1403637221.18830,-0.052555,-2.159569,0.102239,-0.830773,-0.046166,-0.552718,0.046771
1403637221.23830,-0.112061,-2.130426,0.103057,-0.831878,-0.040405,-0.551942,0.041302
1403637221.28830,-0.168824,-2.102507,0.102735,-0.832515,-0.034435,-0.551792,0.035477
1403637221.33830,-0.223536,-2.075031,0.100920,-0.832840,-0.027842,-0.551926,0.031298
1403637221.38830,-0.276750,-2.047763,0.097933,-0.833351,-0.022346,-0.551604,0.027569
1403637221.43830,-0.328095,-2.020856,0.093821,-0.832667,-0.017040,-0.552957,0.024783
1403637221.48830,-0.377711,-1.994256,0.088059,-0.833268,-0.012981,-0.552290,0.021727
1403637221.53830,-0.425234,-1.968206,0.081222,-0.833713,-0.008231,-0.551735,0.021067
1403637221.58830,-0.471089,-1.943328,0.073011,-0.834112,-0.004971,-0.551248,0.018911
1403637221.63830,-0.515573,-1.918391,0.064113,-0.834292,-0.002346,-0.551069,0.016546
1403637221.68830,-0.558122,-1.893852,0.053890,-0.835046,0.000598,-0.549964,0.015387
1403637221.73830,-0.598294,-1.870115,0.042438,-0.835094,0.002991,-0.549917,0.014157
1403637221.78830,-0.630856,-1.849107,0.026994,-0.835164,0.005346,-0.549809,0.013492
1403637221.83830,-0.668294,-1.826912,0.013554,-0.835625,0.008249,-0.549104,0.012144
1403637221.88830,-0.703264,-1.806051,-0.000827,-0.835972,0.012477,-0.548525,0.010771
1403637221.93830,-0.736678,-1.786498,-0.016220,-0.836389,0.018480,-0.547757,0.008632
1403637221.98830,-0.767909,-1.768674,-0.032899,-0.836380,0.024508,-0.547589,0.003776
1403637222.03830,-0.797330,-1.752417,-0.050576,0.836080,-0.032636,0.547634,0.001634
1403637222.08830,-0.824907,-1.737683,-0.069709,0.836235,-0.041612,0.546728,0.008258
1403637222.13830,-0.851055,-1.724290,-0.089464,0.835817,-0.051459,0.546387,0.014941
1403637222.18830,-0.875521,-1.712610,-0.109524,0.835115,-0.061804,0.546133,0.022397
1403637222.23830,-0.898258,-1.701701,-0.129611,0.832765,-0.071413,0.548213,0.029403
1403637222.28830,-0.919437,-1.691631,-0.150355,0.830285,-0.078731,0.550527,0.036707
1403637222.33830,-0.938912,-1.682664,-0.171883,0.826186,-0.085649,0.555258,0.042065
1403637222.38830,-0.959992,-1.673976,-0.194518,0.821841,-0.091815,0.560308,0.046917
1403637222.43829,-0.976540,-1.666451,-0.215160,0.817715,-0.096705,0.565111,0.051390
1403637222.48829,-0.992646,-1.659268,-0.233543,0.814243,-0.100035,0.569108,0.055836
1403637222.53829,-1.009786,-1.651831,-0.250473,0.812159,-0.103990,0.571184,0.057732
1403637222.58829,-1.028211,-1.643655,-0.266097,0.810977,-0.106769,0.572133,0.059839
1403637222.63830,-1.045143,-1.636489,-0.278392,0.809653,-0.108211,0.573434,0.062656
1403637222.68830,-1.061467,-1.630635,-0.289408,0.809909,-0.108954,0.572710,0.064655
1403637222.73830,-1.078941,-1.624002,-0.297854,0.810621,-0.110351,0.571411,0.064844
1403637222.78830,-1.096649,-1.617603,-0.304606,0.812656,-0.110792,0.568346,0.065568
1403637222.83830,-1.113648,-1.616324,-0.315955,0.815132,-0.111047,0.564805,0.064993
1403637222.88830,-1.129479,-1.611375,-0.318142,0.818215,-0.111450,0.560359,0.064044
1403637222.93831,-1.144623,-1.606662,-0.318516,0.821763,-0.111328,0.555271,0.063125
1403637222.98831,-1.158191,-1.602533,-0.316734,0.824470,-0.111000,0.551368,0.062615
1403637223.03831,-1.171460,-1.598913,-0.313584,0.826470,-0.110729,0.548544,0.061521
1403637223.08831,-1.183343,-1.596235,-0.308069,0.828056,-0.109888,0.546386,0.060903
1403637223.13831,-1.193089,-1.594432,-0.300334,0.828617,-0.108811,0.545775,0.060691
1403637223.18830,-1.201313,-1.593373,-0.290346,0.828544,-0.107667,0.546174,0.060138
1403637223.23831,-1.206758,-1.593455,-0.277863,0.827657,-0.106107,0.547803,0.060312
1403637223.28831,-1.210233,-1.594247,-0.262790,0.825629,-0.104062,0.551193,0.060781
1403637223.33831,-1.211705,-1.595776,-0.245641,0.823065,-0.101875,0.555402,0.060949
1403637223.38831,-1.211396,-1.597827,-0.226767,0.820899,-0.099491,0.558936,0.061775
1403637223.43831,-1.199201,-1.604058,-0.194461,0.818891,-0.097922,0.562205,0.061269
1403637223.48831,-1.197228,-1.605560,-0.173375,0.817377,-0.096146,0.564693,0.061419
1403637223.53831,-1.194491,-1.608036,-0.151765,0.815882,-0.094660,0.567061,0.061790
1403637223.58831,-1.191103,-1.610687,-0.131290,0.814652,-0.093656,0.568984,0.061879
1403637223.63831,-1.187523,-1.613178,-0.112437,0.813684,-0.092741,0.570481,0.062199
1403637223.68831,-1.183553,-1.615448,-0.095227,0.813144,-0.092192,0.571348,0.062125
1403637223.73831,-1.179352,-1.617970,-0.080049,0.813034,-0.091290,0.571589,0.062667
1403637223.78831,-1.174685,-1.620213,-0.066527,0.812419,-0.091141,0.572513,0.062428
1403637223.83831,-1.169701,-1.622296,-0.054920,0.812084,-0.090738,0.573031,0.062626
1403637223.88831,-1.164250,-1.624092,-0.044694,0.811549,-0.090275,0.573804,0.063140
1403637223.93831,-1.158621,-1.625995,-0.036542,0.811439,-0.089359,0.573977,0.064286
1403637223.98830,-1.153098,-1.627675,-0.030166,0.811180,-0.089727,0.574325,0.063926
1403637224.03830,-1.146394,-1.622210,-0.020320,0.810995,-0.090070,0.574502,0.064206
1403637224.08830,-1.141840,-1.621463,-0.017230,0.811179,-0.090071,0.574238,0.064242
1403637224.13830,-1.136910,-1.622298,-0.015699,0.810853,-0.089517,0.574656,0.065376
1403637224.18830,-1.131967,-1.623040,-0.016181,0.810713,-0.089580,0.574838,0.065424
1403637224.23830,-1.127087,-1.623476,-0.018204,0.810431,-0.089057,0.575203,0.066424
1403637224.28830,-1.122490,-1.623766,-0.021768,0.809894,-0.088850,0.575936,0.066898
1403637224.33830,-1.118340,-1.623682,-0.026624,0.809601,-0.088967,0.576355,0.066685
1403637224.38830,-1.114441,-1.623331,-0.032886,0.809731,-0.088504,0.576165,0.067350
1403637224.43830,-1.111108,-1.622785,-0.040383,0.809678,-0.087974,0.576173,0.068612
1403637224.48830,-1.108022,-1.621742,-0.049194,0.809588,-0.087573,0.576308,0.069038
1403637224.53830,-1.104768,-1.620510,-0.059382,0.809126,-0.087215,0.576929,0.069722
1403637224.58830,-1.101592,-1.618848,-0.070108,0.808895,-0.087818,0.577246,0.069017
1403637224.63830,-1.098621,-1.620260,-0.083146,0.808455,-0.089198,0.577933,0.066620
1403637224.68830,-1.095876,-1.618286,-0.090995,0.807814,-0.091872,0.578852,0.062671
1403637224.73830,-1.094309,-1.615485,-0.098406,0.808366,-0.094627,0.578052,0.058708
1403637224.78830,-1.093448,-1.612912,-0.104009,0.808581,-0.095530,0.577730,0.057436
1403637224.83830,-1.093705,-1.610864,-0.107837,0.808891,-0.095540,0.577266,0.057721
1403637224.88830,-1.094180,-1.609245,-0.110317,0.808286,-0.093979,0.578137,0.059986
1403637224.93830,-1.094741,-1.607824,-0.113903,0.808076,-0.092041,0.578407,0.063145
1403637224.98830,-1.095938,-1.606319,-0.119383,0.807986,-0.090647,0.578532,0.065138
1403637225.03830,-1.097667,-1.604516,-0.126296,0.808021,-0.089789,0.578493,0.066227
1403637225.08830,-1.099484,-1.602341,-0.134234,0.808099,-0.088702,0.578371,0.067784
1403637225.13830,-1.101235,-1.599829,-0.143053,0.807305,-0.087768,0.579515,0.068687
1403637225.18830,-1.103053,-1.596304,-0.153422,0.807072,-0.087426,0.579874,0.068828
1403637225.23830,-1.101446,-1.592211,-0.162298,0.806770,-0.086675,0.580374,0.069108
1403637225.28830,-1.102639,-1.588515,-0.175244,0.806807,-0.086748,0.580441,0.068012
1403637225.33830,-1.104466,-1.583747,-0.187111,0.806255,-0.085999,0.581259,0.068513
1403637225.38830,-1.105978,-1.578442,-0.197244,0.805771,-0.085473,0.582007,0.068527
1403637225.43830,-1.108734,-1.572605,-0.205434,0.805038,-0.084734,0.583141,0.068408
1403637225.48830,-1.112872,-1.566004,-0.211885,0.804727,-0.084306,0.583634,0.068403
1403637225.53830,-1.117310,-1.558661,-0.216197,0.804995,-0.083416,0.583362,0.068656
1403637225.58830,-1.122152,-1.550848,-0.218807,0.805853,-0.083066,0.582291,0.068098
1403637225.63830,-1.127482,-1.542275,-0.218878,0.806985,-0.082407,0.580784,0.068372
1403637225.68830,-1.132620,-1.533117,-0.217007,0.809345,-0.082927,0.577536,0.067348
1403637225.73831,-1.138413,-1.523630,-0.213350,0.810608,-0.082329,0.575802,0.067738
1403637225.78831,-1.143587,-1.513637,-0.207964,0.812866,-0.082379,0.572624,0.067555
1403637225.83830,-1.148297,-1.504035,-0.202352,0.814815,-0.083036,0.569871,0.066545
1403637225.88830,-1.151925,-1.493548,-0.192151,0.816314,-0.082917,0.567775,0.066235
1403637225.93830,-1.155385,-1.482282,-0.179109,0.814982,-0.082453,0.569772,0.066065
1403637225.98830,-1.158581,-1.470568,-0.164504,0.812798,-0.082235,0.572895,0.066252
1403637226.03830,-1.160859,-1.458433,-0.147977,0.810259,-0.081914,0.576538,0.066132
1403637226.08830,-1.163130,-1.446210,-0.131714,0.808634,-0.081603,0.578835,0.066353
1403637226.13830,-1.165595,-1.433275,-0.117265,0.806771,-0.081530,0.581442,0.066321
1403637226.18830,-1.168321,-1.419717,-0.104833,0.805885,-0.081532,0.582645,0.066529
1403637226.23830,-1.171766,-1.405600,-0.094010,0.805154,-0.081362,0.583665,0.066654
1403637226.28830,-1.175769,-1.391114,-0.085126,0.805845,-0.081037,0.582673,0.067379
1403637226.33830,-1.180072,-1.376674,-0.077877,0.808066,-0.081041,0.579577,0.067460
1403637226.38830,-1.184841,-1.361409,-0.072009,0.810996,-0.080817,0.575458,0.067840
1403637226.43831,-1.197770,-1.338658,-0.069700,0.815103,-0.081114,0.569576,0.067902
1403637226.48831,-1.203014,-1.322846,-0.065547,0.818360,-0.081700,0.564895,0.067125
1403637226.53831,-1.207981,-1.306539,-0.062470,0.820593,-0.081379,0.561650,0.067479
1403637226.58831,-1.212208,-1.289405,-0.060420,0.822670,-0.080839,0.558592,0.068222
1403637226.63831,-1.215381,-1.272372,-0.059148,0.823624,-0.080764,0.557194,0.068229
1403637226.68831,-1.218132,-1.254914,-0.059618,0.824158,-0.081195,0.556398,0.067769
1403637226.73831,-1.219837,-1.236772,-0.061604,0.824668,-0.081871,0.555675,0.066676
1403637226.78831,-1.220358,-1.218372,-0.064669,0.824906,-0.082031,0.555394,0.065859
1403637226.83831,-1.220547,-1.199956,-0.068598,0.824624,-0.082087,0.555801,0.065900
1403637226.88831,-1.219572,-1.180898,-0.073324,0.824326,-0.083678,0.556225,0.064013
1403637226.93831,-1.217492,-1.161714,-0.078830,0.823583,-0.086328,0.557258,0.061005
1403637226.98831,-1.214040,-1.142487,-0.084630,0.822285,-0.089565,0.559078,0.057077
1403637227.03831,-1.206646,-1.122525,-0.087073,0.820584,-0.094529,0.561369,0.050707
1403637227.08831,-1.200691,-1.103548,-0.090173,0.818684,-0.099467,0.563795,0.044696
1403637227.13831,-1.194293,-1.086787,-0.093818,0.816721,-0.104168,0.566196,0.039227
1403637227.18831,-1.188457,-1.070834,-0.095267,0.815930,-0.105917,0.567113,0.037716
1403637227.23831,-1.181427,-1.057040,-0.095307,0.815159,-0.106750,0.568074,0.037569
1403637227.28831,-1.174668,-1.045090,-0.093022,0.815176,-0.104425,0.568173,0.041984
1403637227.33831,-1.167991,-1.034632,-0.088606,0.815718,-0.102297,0.567461,0.046120
1403637227.38831,-1.160072,-1.025584,-0.082688,0.815900,-0.100417,0.567185,0.050247
1403637227.43831,-1.152225,-1.017362,-0.078045,0.817076,-0.098533,0.565495,0.053791
1403637227.48831,-1.143914,-1.009984,-0.074540,0.817502,-0.097974,0.564806,0.055555
1403637227.53831,-1.135602,-1.003070,-0.072708,0.817684,-0.098515,0.564360,0.056433
1403637227.58831,-1.128383,-0.996127,-0.073293,0.818152,-0.099834,0.563520,0.055724
1403637227.63831,-1.119516,-0.992779,-0.074858,0.817816,-0.102244,0.563835,0.053042
1403637227.68831,-1.109779,-0.989028,-0.076810,0.818206,-0.104120,0.563082,0.051353
1403637227.73831,-1.101536,-0.984136,-0.080823,0.818007,-0.105845,0.563227,0.049369
1403637227.78831,-1.093217,-0.980091,-0.085522,0.817913,-0.107702,0.563185,0.047345
1403637227.83831,-1.085020,-0.977680,-0.090578,0.817651,-0.106782,0.563542,0.049647
1403637227.88831,-1.076188,-0.975845,-0.095801,0.815277,-0.105589,0.567049,0.051274
1403637227.93831,-1.067138,-0.974822,-0.101342,0.812296,-0.102801,0.571410,0.055653
1403637227.98831,-1.058461,-0.974263,-0.107646,0.809787,-0.100223,0.575085,0.058971
1403637228.03831,-1.050122,-0.973928,-0.114220,0.807095,-0.097137,0.578965,0.062931
1403637228.08831,-1.042526,-0.973328,-0.121693,0.805820,-0.095524,0.580841,0.064450
1403637228.13831,-1.035480,-0.972743,-0.129257,0.803874,-0.094639,0.583682,0.064386
1403637228.18831,-1.029608,-0.972000,-0.136363,0.803155,-0.093457,0.584810,0.064841
1403637228.23831,-1.025061,-0.971292,-0.142331,0.801950,-0.092731,0.586633,0.064329
1403637228.28831,-1.021392,-0.969897,-0.146118,0.801704,-0.091564,0.587077,0.065023
1403637228.33831,-1.018451,-0.968393,-0.148265,0.800958,-0.091587,0.588188,0.064124
1403637228.38831,-1.016357,-0.966674,-0.148647,0.801447,-0.089583,0.587621,0.066027
1403637228.43831,-1.014828,-0.964417,-0.147652,0.801042,-0.088650,0.588267,0.066448
1403637228.48831,-1.014305,-0.961614,-0.144833,0.800670,-0.087204,0.588790,0.068182
1403637228.53831,-1.014902,-0.958096,-0.140431,0.800322,-0.085504,0.589359,0.069491
1403637228.58831,-1.016239,-0.953964,-0.134410,0.800045,-0.083945,0.589734,0.071381
1403637228.63831,-1.018135,-0.948986,-0.126812,0.800301,-0.082875,0.589437,0.072204
1403637228.68831,-1.021053,-0.943124,-0.118798,0.802287,-0.083342,0.586725,0.071723
1403637228.73831,-1.024761,-0.936076,-0.111623,0.804835,-0.084821,0.583230,0.069917
1403637228.78831,-1.028864,-0.928204,-0.105491,0.807451,-0.087210,0.579650,0.066510
1403637228.83831,-1.033625,-0.919987,-0.100484,0.809997,-0.089585,0.576052,0.063589
1403637228.88831,-1.038289,-0.911841,-0.096512,0.811666,-0.091884,0.573640,0.060767
1403637228.93831,-1.042582,-0.904092,-0.093481,0.812051,-0.092222,0.573018,0.060987
1403637228.98831,-1.047070,-0.896253,-0.091115,0.811701,-0.090667,0.573443,0.063908
1403637229.03831,-1.051771,-0.888064,-0.089585,0.811022,-0.089095,0.574369,0.066381
1403637229.08831,-1.056594,-0.879611,-0.088748,0.809128,-0.087775,0.576997,0.068423
1403637229.13831,-1.061566,-0.870796,-0.088689,0.807270,-0.086555,0.579545,0.070367
1403637229.18831,-1.067009,-0.861504,-0.090080,0.806324,-0.085126,0.580823,0.072384
1403637229.23831,-1.072520,-0.851707,-0.092829,0.805724,-0.084837,0.581555,0.073517
1403637229.28831,-1.078709,-0.841585,-0.096760,0.805602,-0.085510,0.581419,0.075130
1403637229.33831,-1.085555,-0.831065,-0.102124,0.805923,-0.087821,0.580361,0.077170
1403637229.38831,-1.092589,-0.820669,-0.108900,0.807363,-0.094316,0.577342,0.077107
1403637229.43831,-1.101801,-0.809938,-0.117376,0.810017,-0.103835,0.572153,0.075706
1403637229.48831,-1.111775,-0.799643,-0.127072,0.812299,-0.116729,0.566736,0.073174
1403637229.53831,-1.121625,-0.789436,-0.136557,0.813770,-0.131562,0.561671,0.070683
1403637229.58831,-1.130222,-0.781155,-0.146923,0.814562,-0.147025,0.556739,0.070104
1403637229.63831,-1.139388,-0.774114,-0.157630,0.814240,-0.163286,0.552535,0.071100
1403637229.68831,-1.148813,-0.768544,-0.168416,0.813133,-0.179252,0.548784,0.074295
1403637229.73831,-1.158003,-0.765557,-0.179286,0.811257,-0.192876,0.545852,0.081889
1403637229.78831,-1.166603,-0.765259,-0.189703,0.808031,-0.202246,0.544843,0.096581
1403637229.83831,-1.174599,-0.766692,-0.200065,0.803202,-0.210742,0.545627,0.112899
1403637229.88830,-1.182477,-0.769451,-0.210402,0.797876,-0.218360,0.546587,0.130211
1403637229.93830,-1.190268,-0.773095,-0.220922,0.792448,-0.226813,0.546968,0.146311
1403637229.98830,-1.195985,-0.777287,-0.232967,0.786398,-0.235954,0.547730,0.160919
1403637230.03830,-1.201279,-0.781046,-0.246360,0.782449,-0.246728,0.545078,0.172594
1403637230.08830,-1.206690,-0.784883,-0.258410,0.779342,-0.259899,0.541112,0.179656
1403637230.13830,-1.211847,-0.787263,-0.270102,0.777395,-0.273495,0.535462,0.184766
1403637230.18831,-1.215814,-0.789916,-0.279900,0.775346,-0.285332,0.530293,0.190296
1403637230.23831,-1.218470,-0.792539,-0.286870,0.773466,-0.294633,0.525951,0.195749
1403637230.28831,-1.219731,-0.795692,-0.290619,0.772079,-0.301315,0.522024,0.201478
1403637230.33831,-1.218907,-0.798849,-0.292153,0.770092,-0.305961,0.520214,0.206695
1403637230.38831,-1.216780,-0.802565,-0.289979,0.766923,-0.310011,0.521023,0.210376
1403637230.43832,-1.213009,-0.806371,-0.285355,0.762758,-0.311804,0.523899,0.215659
1403637230.48832,-1.208235,-0.810081,-0.277981,0.758371,-0.312163,0.528036,0.220467
1403637230.53832,-1.203692,-0.812949,-0.268548,0.753839,-0.312888,0.532315,0.224654
1403637230.58832,-1.199281,-0.815767,-0.257391,0.748745,-0.313999,0.536569,0.229955
1403637230.63832,-1.193752,-0.817945,-0.243462,0.743299,-0.318697,0.539967,0.233184
1403637230.68832,-1.190361,-0.819221,-0.232139,0.738890,-0.324526,0.541044,0.236632
1403637230.73832,-1.187669,-0.819643,-0.220445,0.735669,-0.333393,0.539272,0.238381
1403637230.78832,-1.186329,-0.819051,-0.208520,0.733822,-0.343887,0.534663,0.239547
1403637230.83832,-1.185975,-0.818066,-0.197047,0.732858,-0.357282,0.527341,0.239124
1403637230.93832,-1.188109,-0.818511,-0.178590,0.728986,-0.385370,0.510736,0.243349
1403637230.98832,-1.190698,-0.819925,-0.172033,0.725422,-0.399362,0.502752,0.248019
1403637231.03833,-1.194182,-0.822795,-0.167365,0.720687,-0.413476,0.494870,0.254464
1403637231.08833,-1.198139,-0.826903,-0.164515,0.713916,-0.428057,0.488636,0.261391
1403637231.13833,-1.202824,-0.832569,-0.165315,0.706488,-0.442455,0.481862,0.270032
1403637231.18833,-1.207434,-0.839488,-0.169335,0.696986,-0.458318,0.476618,0.277470
1403637231.23833,-1.212212,-0.847426,-0.177012,0.686536,-0.473891,0.471117,0.286609
1403637231.28833,-1.216743,-0.856853,-0.188477,0.675528,-0.489706,0.465278,0.295578
1403637231.33833,-1.223334,-0.866967,-0.203699,0.663131,-0.505259,0.459954,0.305636
1403637231.38833,-1.231088,-0.878073,-0.222177,0.649739,-0.520082,0.454738,0.317123
1403637231.43833,-1.240092,-0.890168,-0.244929,0.635857,-0.535308,0.449119,0.327756
1403637231.48833,-1.249655,-0.902942,-0.272256,0.621350,-0.552259,0.442849,0.335885
1403637231.53833,-1.260452,-0.916370,-0.303481,0.606743,-0.569638,0.435201,0.343476
1403637231.58833,-1.273127,-0.930375,-0.338376,0.592676,-0.586594,0.426283,0.350608
1403637231.63833,-1.286080,-0.945355,-0.374002,0.579278,-0.601226,0.416235,0.360156
1403637231.68833,-1.302407,-0.963479,-0.409309,0.566131,-0.614387,0.405644,0.370780
1403637231.73833,-1.319293,-0.981721,-0.442788,0.552002,-0.626751,0.397423,0.380175
1403637231.78833,-1.337659,-1.001793,-0.474187,0.538243,-0.637766,0.389203,0.389962
1403637231.83833,-1.357520,-1.022972,-0.504108,0.525753,-0.648536,0.380573,0.397679
1403637231.88833,-1.378004,-1.045816,-0.531614,0.514479,-0.659129,0.371388,0.403648
1403637231.93833,-1.399155,-1.071001,-0.555069,0.502607,-0.669245,0.364244,0.408441
1403637231.98833,-1.423150,-1.095382,-0.576595,0.491146,-0.677820,0.357491,0.414168
1403637232.03833,-1.448687,-1.122614,-0.594274,0.476736,-0.683606,0.355421,0.423180
1403637232.08833,-1.475905,-1.151576,-0.609626,0.461412,-0.688351,0.354532,0.433104
1403637232.13832,-1.506071,-1.179365,-0.623789,0.446643,-0.692709,0.353032,0.442755
1403637232.18832,-1.538107,-1.204985,-0.636972,0.432432,-0.697384,0.351259,0.450860
1403637232.23833,-1.572439,-1.229397,-0.649458,0.421339,-0.701989,0.346054,0.458183
1403637232.28833,-1.609514,-1.252902,-0.660603,0.411559,-0.706146,0.339445,0.465569
1403637232.33833,-1.647312,-1.274903,-0.668425,0.402192,-0.709334,0.332264,0.474011
1403637232.38833,-1.686756,-1.295252,-0.673799,0.393567,-0.711946,0.323848,0.483075
1403637232.43833,-1.726963,-1.314251,-0.677807,0.383870,-0.715794,0.316580,0.489959
1403637232.48833,-1.768094,-1.331408,-0.681042,0.373007,-0.720975,0.310355,0.494712
1403637232.53833,-1.809975,-1.347312,-0.683696,0.360359,-0.730449,0.305889,0.492968
1403637232.58833,-1.852637,-1.361800,-0.684798,0.348365,-0.740263,0.299865,0.490646
1403637232.63833,-1.896884,-1.375196,-0.684502,0.335923,-0.750359,0.293673,0.487723
1403637232.68833,-1.942901,-1.386518,-0.682777,0.323305,-0.759527,0.287602,0.485673
1403637232.73833,-1.991190,-1.395821,-0.680169,0.311817,-0.768822,0.280416,0.482752
1403637232.78833,-2.041978,-1.403344,-0.675624,0.300423,-0.777478,0.273814,0.479895
1403637232.83833,-2.095829,-1.410576,-0.669767,0.293042,-0.784825,0.265062,0.477408
1403637232.88833,-2.149544,-1.413119,-0.658552,0.288170,-0.790818,0.255580,0.475651
1403637232.93833,-2.209238,-1.419362,-0.649398,0.284925,-0.796308,0.246507,0.473228
1403637232.98833,-2.271955,-1.425298,-0.638076,0.283404,-0.799707,0.238179,0.472675
1403637233.03833,-2.338142,-1.431584,-0.625974,0.283210,-0.802706,0.230331,0.471596
1403637233.08833,-2.407886,-1.440240,-0.613629,0.283918,-0.804978,0.223262,0.470696
1403637233.13833,-2.480061,-1.448840,-0.600373,0.285301,-0.806983,0.217215,0.469255
1403637233.23833,-2.631574,-1.467292,-0.576153,0.288971,-0.811409,0.208343,0.463362
1403637233.28833,-2.711463,-1.479161,-0.565289,0.291662,-0.813124,0.204556,0.460347
1403637233.33833,-2.794590,-1.492894,-0.556389,0.293843,-0.814775,0.202430,0.456967
1403637233.38833,-2.881355,-1.508571,-0.550273,0.296439,-0.816448,0.200380,0.453194
1403637233.43833,-2.971359,-1.527585,-0.547779,0.300049,-0.817073,0.197419,0.450985
1403637233.48833,-3.062406,-1.547718,-0.547393,0.306371,-0.814833,0.191843,0.453189
1403637233.53833,-3.157002,-1.574065,-0.550788,0.315774,-0.808841,0.183601,0.460819
1403637233.58833,-3.253734,-1.597869,-0.554571,0.326885,-0.798604,0.173500,0.474632
1403637233.63833,-3.351874,-1.624833,-0.561952,0.337958,-0.785821,0.163646,0.491417
1403637233.68832,-3.450292,-1.655513,-0.572310,0.347192,-0.773103,0.155174,0.507632
1403637233.73832,-3.544931,-1.688975,-0.584631,0.355423,-0.761032,0.147577,0.522232
1403637233.78832,-3.638373,-1.727185,-0.598771,0.361812,-0.750233,0.141037,0.535117
1403637233.83833,-3.728186,-1.769284,-0.614446,0.366256,-0.742277,0.136225,0.544356
1403637233.88833,-3.813011,-1.815301,-0.631296,0.369639,-0.736176,0.132306,0.551278
1403637233.93833,-3.893940,-1.866328,-0.649286,0.372295,-0.732249,0.128824,0.555529
1403637233.98833,-3.970750,-1.921224,-0.669045,0.374724,-0.729371,0.125380,0.558462
1403637234.03833,-4.043622,-1.980419,-0.689774,0.377623,-0.725167,0.121414,0.562844
1403637234.08833,-4.111324,-2.043698,-0.711235,0.380016,-0.720578,0.118430,0.567741
1403637234.13834,-4.169226,-2.110284,-0.735537,0.382787,-0.715464,0.113742,0.573279
1403637234.18834,-4.226747,-2.181480,-0.759129,0.384603,-0.711183,0.110089,0.578082
1403637234.23834,-4.276016,-2.257250,-0.783971,0.384195,-0.709066,0.109592,0.581042
1403637234.28834,-4.320923,-2.337249,-0.809469,0.381807,-0.707902,0.111899,0.583590
1403637234.33834,-4.360337,-2.421707,-0.836750,0.378125,-0.707880,0.117034,0.585005
1403637234.38834,-4.391775,-2.508926,-0.864370,0.373281,-0.709229,0.124970,0.584841
1403637234.43834,-4.418178,-2.600140,-0.892536,0.368454,-0.710773,0.136301,0.583494
1403637234.48834,-4.438697,-2.694587,-0.920570,0.365697,-0.711017,0.146857,0.582368
1403637234.53834,-4.451159,-2.791110,-0.948708,0.363045,-0.710299,0.159871,0.581477
1403637234.58834,-4.459187,-2.889228,-0.978558,0.361286,-0.710050,0.173047,0.579100
1403637234.63834,-4.462267,-2.988257,-1.009256,0.361035,-0.708626,0.185571,0.577119
1403637234.68834,-4.460585,-3.088167,-1.040224,0.362338,-0.706592,0.197259,0.574915
1403637234.73834,-4.454549,-3.187960,-1.072388,0.363686,-0.705490,0.210024,0.570881
1403637234.78834,-4.445910,-3.289036,-1.106713,0.365447,-0.704318,0.223555,0.566046
1403637234.83834,-4.433097,-3.388215,-1.141394,0.367970,-0.702701,0.236242,0.561248
1403637234.88834,-4.415510,-3.485348,-1.174568,0.370152,-0.702334,0.250391,0.554093
1403637234.93834,-4.395803,-3.580987,-1.207052,0.373598,-0.700202,0.263697,0.548275
1403637234.98834,-4.375851,-3.676309,-1.238748,0.378890,-0.697579,0.273752,0.543034
1403637235.03834,-4.352642,-3.768490,-1.266598,0.386383,-0.693172,0.280608,0.539888
1403637235.08834,-4.327342,-3.858771,-1.292043,0.395000,-0.688337,0.286581,0.536691
1403637235.13833,-4.299269,-3.946529,-1.314080,0.404265,-0.683287,0.292056,0.533284
1403637235.18833,-4.268665,-4.031519,-1.333103,0.413063,-0.677842,0.297777,0.530319
1403637235.23833,-4.236445,-4.114175,-1.350876,0.421139,-0.673348,0.302851,0.526808
1403637235.28833,-4.201261,-4.192858,-1.367361,0.429287,-0.670455,0.305385,0.522438
1403637235.33832,-4.163002,-4.267081,-1.382555,0.437288,-0.669120,0.305667,0.517325
1403637235.38832,-4.125285,-4.342122,-1.398159,0.444120,-0.671634,0.304983,0.508577
1403637235.43832,-4.086888,-4.416605,-1.412877,0.450414,-0.674308,0.304708,0.499589
1403637235.48832,-4.045969,-4.488131,-1.426223,0.457331,-0.676476,0.304126,0.490648
1403637235.53832,-4.005771,-4.561403,-1.438085,0.463339,-0.677894,0.305088,0.482388
1403637235.58832,-3.964749,-4.635007,-1.447493,0.470368,-0.676524,0.304882,0.477614
1403637235.63832,-3.923058,-4.708672,-1.454956,0.476114,-0.674205,0.307338,0.473610
1403637235.68832,-3.880285,-4.781923,-1.459834,0.481428,-0.669849,0.310891,0.472098
1403637235.73833,-3.836623,-4.856171,-1.461714,0.486578,-0.662711,0.315587,0.473773
1403637235.78833,-3.792011,-4.930829,-1.461200,0.493275,-0.652869,0.318425,0.478588
1403637235.83833,-3.745631,-5.005238,-1.458296,0.500629,-0.639899,0.320961,0.486707
1403637235.88833,-3.697280,-5.079838,-1.454084,0.508546,-0.628285,0.322950,0.492283
1403637235.93833,-3.645677,-5.153151,-1.448558,0.518193,-0.616038,0.322521,0.497949
1403637235.98833,-3.590738,-5.225604,-1.441953,0.526983,-0.607672,0.323955,0.498073
1403637236.03833,-3.531631,-5.296791,-1.432885,0.536261,-0.597840,0.325079,0.499334
1403637236.08833,-3.468581,-5.366370,-1.422671,0.544418,-0.590663,0.327702,0.497331
1403637236.13833,-3.402080,-5.434897,-1.410872,0.552857,-0.582866,0.330190,0.495572
1403637236.18833,-3.331514,-5.502351,-1.396961,0.561272,-0.576501,0.332800,0.491797
1403637236.23833,-3.256504,-5.568642,-1.381001,0.568713,-0.568905,0.336537,0.489546
1403637236.28833,-3.177070,-5.634119,-1.363308,0.575273,-0.562996,0.342103,0.484832
1403637236.33833,-3.093009,-5.697403,-1.343595,0.581557,-0.556820,0.348182,0.480117
1403637236.38833,-3.004952,-5.758948,-1.321617,0.587061,-0.551376,0.355256,0.474486
1403637236.43833,-2.912507,-5.820085,-1.299393,0.591591,-0.547102,0.362686,0.468144
1403637236.48833,-2.817509,-5.880178,-1.275411,0.594568,-0.543437,0.370978,0.462105
1403637236.53833,-2.719306,-5.939170,-1.250852,0.597011,-0.540294,0.377610,0.457242
1403637236.58833,-2.618561,-5.996659,-1.226769,0.598308,-0.537531,0.383757,0.453672
1403637236.63833,-2.515570,-6.053061,-1.204153,0.598595,-0.533549,0.389394,0.453191
1403637236.68833,-2.410114,-6.108021,-1.183241,0.599331,-0.530021,0.394102,0.452287
1403637236.73833,-2.301741,-6.160685,-1.163015,0.598910,-0.524565,0.401286,0.452889
1403637236.78834,-2.190539,-6.210078,-1.142405,0.599077,-0.518986,0.408581,0.452572
1403637236.83834,-2.076939,-6.258335,-1.121511,0.598835,-0.513268,0.417766,0.451025
1403637236.88834,-1.960544,-6.301998,-1.098553,0.597943,-0.506074,0.429177,0.449622
1403637236.93834,-1.841753,-6.343440,-1.073615,0.596305,-0.498337,0.441284,0.448719
1403637236.98834,-1.722611,-6.380497,-1.047397,0.594114,-0.490075,0.452520,0.449533
1403637237.03834,-1.603392,-6.413801,-1.018772,0.590292,-0.482308,0.464719,0.450523
1403637237.08834,-1.483355,-6.440246,-0.989391,0.586743,-0.475182,0.476228,0.450713
1403637237.13834,-1.363132,-6.460642,-0.958290,0.583298,-0.468318,0.488479,0.449255
1403637237.18834,-1.242562,-6.475089,-0.925604,0.581871,-0.463352,0.498868,0.444817
1403637237.23834,-1.122555,-6.482938,-0.891474,0.583194,-0.459086,0.506838,0.438451
1403637237.28834,-1.003860,-6.484157,-0.855357,0.586574,-0.455761,0.512646,0.430589
1403637237.33834,-0.886518,-6.478842,-0.817750,0.590976,-0.452390,0.515664,0.424478
1403637237.38834,-0.773240,-6.467283,-0.777422,0.594506,-0.450204,0.519093,0.417638
1403637237.43834,-0.661099,-6.446998,-0.736365,0.597039,-0.448148,0.522755,0.411625
1403637237.48834,-0.550749,-6.420550,-0.694561,0.600056,-0.446016,0.524567,0.407225
1403637237.53834,-0.442661,-6.389899,-0.652312,0.601994,-0.445023,0.527186,0.402036
1403637237.58834,-0.336983,-6.351746,-0.607863,0.603501,-0.444571,0.529426,0.397305
1403637237.63834,-0.233485,-6.307626,-0.561709,0.603327,-0.444758,0.533207,0.392272
1403637237.68834,-0.133142,-6.257047,-0.515318,0.602701,-0.445161,0.537204,0.387291
1403637237.73834,-0.038211,-6.197717,-0.470136,0.602159,-0.447296,0.540168,0.381510
1403637237.78834,0.054529,-6.134984,-0.425702,0.601639,-0.449849,0.542495,0.375987
1403637237.83834,0.146390,-6.070048,-0.387175,0.601324,-0.454744,0.542451,0.370627
1403637237.88834,0.231477,-6.000103,-0.348046,0.600954,-0.461427,0.540579,0.365668
1403637237.93834,0.311055,-5.924580,-0.311340,0.599661,-0.469485,0.537940,0.361401
1403637237.98834,0.390180,-5.849078,-0.276046,0.598486,-0.479081,0.533183,0.357787
1403637238.03834,0.465397,-5.771081,-0.242678,0.596205,-0.490512,0.528319,0.353293
1403637238.08834,0.537216,-5.691020,-0.210663,0.592142,-0.504704,0.523639,0.347049
1403637238.13834,0.604725,-5.610958,-0.180549,0.586889,-0.518979,0.518545,0.342538
1403637238.18834,0.668758,-5.528743,-0.149970,0.579438,-0.534162,0.514175,0.338447
1403637238.23834,0.727562,-5.445160,-0.121105,0.570498,-0.549778,0.509657,0.335447
1403637238.28834,0.781083,-5.362579,-0.094664,0.559482,-0.565944,0.505656,0.333164
1403637238.33834,0.828792,-5.278856,-0.068427,0.548090,-0.582170,0.500711,0.331608
1403637238.38834,0.869691,-5.193735,-0.043967,0.534162,-0.597692,0.496723,0.332718
1403637238.43833,0.904132,-5.108812,-0.020904,0.520179,-0.612732,0.491909,0.334663
1403637238.48833,0.931078,-5.023356,0.001130,0.505673,-0.626697,0.486863,0.338393
1403637238.53833,0.951041,-4.935567,0.022929,0.492440,-0.640018,0.479997,0.342758
1403637238.58833,0.964122,-4.848642,0.042982,0.480081,-0.653010,0.472568,0.346093
1403637238.63833,0.970680,-4.761246,0.061533,0.469430,-0.667500,0.464485,0.343995
1403637238.68833,0.970448,-4.673768,0.079339,0.463262,-0.681524,0.453469,0.339528
1403637238.73832,0.963117,-4.586926,0.096162,0.459338,-0.695352,0.441897,0.331997
1403637238.78832,0.949987,-4.498380,0.113128,0.457064,-0.708393,0.429709,0.323453
1403637238.83832,0.927662,-4.413173,0.128867,0.455980,-0.720621,0.417510,0.313806
1403637238.88831,0.895795,-4.331545,0.144483,0.456120,-0.731672,0.405222,0.303982
1403637238.93831,0.856937,-4.252280,0.159488,0.457340,-0.741427,0.393050,0.294343
1403637238.98831,0.808925,-4.177501,0.175101,0.459304,-0.749046,0.381471,0.287142
1403637239.03831,0.750534,-4.109128,0.191996,0.462947,-0.752653,0.370367,0.286393
1403637239.08831,0.683004,-4.047936,0.210554,0.467345,-0.753366,0.360313,0.290176
1403637239.13831,0.608077,-3.993179,0.231756,0.471348,-0.750017,0.352151,0.302149
1403637239.18832,0.525793,-3.944157,0.254280,0.473819,-0.744905,0.345911,0.317738
1403637239.23833,0.434570,-3.904657,0.277752,0.473469,-0.739372,0.342047,0.334903
1403637239.28833,0.342286,-3.863651,0.299444,0.471066,-0.735563,0.339292,0.349177
1403637239.33833,0.245953,-3.825725,0.319360,0.466778,-0.734127,0.336302,0.360663
1403637239.38833,0.145330,-3.790948,0.337380,0.460002,-0.735250,0.333840,0.369265
1403637239.43833,0.041402,-3.760074,0.352264,0.451807,-0.738145,0.330624,0.376430
1403637239.48833,-0.065087,-3.730246,0.363743,0.443034,-0.741523,0.326324,0.383898
1403637239.53833,-0.174362,-3.701914,0.370439,0.432860,-0.744915,0.322007,0.392486
1403637239.58833,-0.286985,-3.677614,0.372581,0.422541,-0.748735,0.316592,0.400780
1403637239.63833,-0.402669,-3.650463,0.367788,0.411963,-0.752693,0.310353,0.409171
1403637239.68833,-0.521179,-3.629946,0.361083,0.400328,-0.756040,0.304691,0.418693
1403637239.73833,-0.643029,-3.611642,0.351409,0.389196,-0.756713,0.298450,0.432248
1403637239.78833,-0.767252,-3.593676,0.338170,0.377251,-0.755880,0.292917,0.447802
1403637239.83833,-0.892966,-3.574764,0.320328,0.366476,-0.753352,0.285100,0.465698
1403637239.88833,-1.019824,-3.556492,0.300193,0.354978,-0.751605,0.277678,0.481638
1403637239.93833,-1.147180,-3.537648,0.278214,0.342636,-0.751327,0.270681,0.494814
1403637239.98833,-1.274969,-3.518206,0.254674,0.330871,-0.751190,0.261842,0.507620
1403637240.03833,-1.402338,-3.499353,0.229418,0.318846,-0.752338,0.252897,0.518042
1403637240.08833,-1.528713,-3.479163,0.202352,0.306085,-0.754933,0.244765,0.525811
1403637240.13833,-1.653163,-3.461182,0.169284,0.293353,-0.758961,0.235349,0.531537
1403637240.18833,-1.776780,-3.440203,0.139115,0.280788,-0.763204,0.226508,0.536071
1403637240.23834,-1.898509,-3.418636,0.106358,0.269379,-0.768609,0.216741,0.538236
1403637240.28834,-2.018926,-3.398044,0.071725,0.259465,-0.775813,0.206639,0.536743
1403637240.33835,-2.138035,-3.378064,0.036183,0.252875,-0.782893,0.196105,0.533550
1403637240.38835,-2.255603,-3.358592,0.000605,0.247986,-0.790078,0.185426,0.529052
1403637240.43835,-2.373183,-3.339390,-0.032342,0.245933,-0.796456,0.173687,0.524412
1403637240.48835,-2.489968,-3.323036,-0.064658,0.244601,-0.801550,0.163964,0.520388
1403637240.53835,-2.608072,-3.306831,-0.093988,0.243673,-0.805016,0.156366,0.517805
1403637240.58835,-2.727106,-3.292508,-0.120798,0.241701,-0.806877,0.152684,0.516932
1403637240.63835,-2.845753,-3.280247,-0.144868,0.241295,-0.807368,0.149029,0.517420
1403637240.68834,-2.963711,-3.273597,-0.167838,0.241675,-0.806922,0.146289,0.518720
1403637240.73834,-3.082760,-3.266547,-0.186460,0.240812,-0.806255,0.145803,0.520292
1403637240.78834,-3.202492,-3.261739,-0.202575,0.241329,-0.803691,0.145121,0.524196
1403637240.83834,-3.322640,-3.260779,-0.216338,0.243557,-0.797504,0.143593,0.532962
1403637240.88834,-3.442094,-3.259479,-0.227809,0.243678,-0.790586,0.145566,0.542592
1403637240.93834,-3.560908,-3.257930,-0.238612,0.244884,-0.784484,0.146212,0.550671
1403637240.98834,-3.677468,-3.259669,-0.248887,0.245971,-0.780469,0.147293,0.555582
1403637241.03834,-3.792664,-3.259576,-0.261206,0.246397,-0.779568,0.148918,0.556224
1403637241.08835,-3.905206,-3.261133,-0.276360,0.246708,-0.780505,0.151404,0.554097
1403637241.13835,-4.016751,-3.263349,-0.293510,0.248246,-0.781145,0.152417,0.552228
1403637241.18835,-4.126465,-3.266632,-0.312694,0.249868,-0.781531,0.153210,0.550729
1403637241.23835,-4.233281,-3.272351,-0.332508,0.253324,-0.780291,0.151319,0.551431
1403637241.28835,-4.340367,-3.277886,-0.352950,0.257100,-0.779194,0.148942,0.551881
1403637241.33835,-4.446342,-3.284527,-0.374398,0.260189,-0.777442,0.147583,0.553268
1403637241.38835,-4.550325,-3.292871,-0.396542,0.264222,-0.775265,0.144333,0.555265
1403637241.43835,-4.651970,-3.302603,-0.418609,0.268002,-0.773556,0.141396,0.556591
1403637241.48835,-4.751315,-3.314401,-0.439329,0.271635,-0.771035,0.138421,0.559070
1403637241.53835,-4.847814,-3.328431,-0.458554,0.275293,-0.766998,0.135336,0.563572
1403637241.58835,-4.941658,-3.344590,-0.476366,0.278328,-0.764138,0.133418,0.566415
1403637241.63835,-5.031648,-3.363597,-0.491737,0.279659,-0.761154,0.133537,0.569739
1403637241.68836,-5.118089,-3.385361,-0.505071,0.280105,-0.757156,0.135017,0.574479
1403637241.73836,-5.198072,-3.409179,-0.516264,0.280672,-0.753091,0.136185,0.579250
1403637241.78836,-5.271037,-3.435283,-0.524752,0.280271,-0.749252,0.137947,0.583987
1403637241.83836,-5.339404,-3.462217,-0.531312,0.278619,-0.745914,0.141435,0.588201
1403637241.88836,-5.405292,-3.491107,-0.537321,0.274363,-0.744296,0.148683,0.590459
1403637241.93836,-5.467023,-3.520273,-0.542229,0.267774,-0.742563,0.159624,0.592804
1403637241.98836,-5.525223,-3.550002,-0.545940,0.262705,-0.740683,0.167843,0.595150
1403637242.03836,-5.579859,-3.577830,-0.548541,0.259293,-0.738789,0.172624,0.597628
1403637242.08836,-5.628222,-3.606030,-0.549102,0.258695,-0.738455,0.172020,0.598473
1403637242.13836,-5.671318,-3.633372,-0.548444,0.260230,-0.739084,0.168486,0.598037
1403637242.18835,-5.707201,-3.660149,-0.544745,0.262875,-0.740120,0.163015,0.597115
1403637242.23835,-5.742079,-3.686628,-0.540610,0.265373,-0.740447,0.158146,0.596914
1403637242.28835,-5.772648,-3.713274,-0.536055,0.267464,-0.740543,0.153560,0.597058
1403637242.38835,-5.828564,-3.767965,-0.530960,0.273253,-0.736965,0.141916,0.601727
1403637242.43835,-5.848026,-3.796013,-0.530125,0.275766,-0.734088,0.137048,0.605216
1403637242.48835,-5.862715,-3.824552,-0.531005,0.277517,-0.731433,0.133112,0.608499
1403637242.53836,-5.874914,-3.854590,-0.533321,0.278811,-0.729310,0.132255,0.610638
1403637242.58836,-5.882098,-3.886472,-0.535377,0.280555,-0.726952,0.134493,0.612162
1403637242.63836,-5.883005,-3.919738,-0.536209,0.283301,-0.725866,0.139261,0.611118
1403637242.68836,-5.880167,-3.954471,-0.536505,0.287107,-0.724896,0.145948,0.608929
1403637242.73836,-5.872573,-3.989850,-0.535335,0.291229,-0.723977,0.155280,0.605749
1403637242.78836,-5.859697,-4.025337,-0.532232,0.293898,-0.723324,0.166676,0.602201
1403637242.83836,-5.841191,-4.059941,-0.526467,0.296073,-0.721202,0.177435,0.600604
1403637242.88836,-5.818735,-4.094427,-0.519830,0.298270,-0.719247,0.186892,0.598991
1403637242.93836,-5.792335,-4.128228,-0.511465,0.301363,-0.715881,0.193043,0.599524
1403637242.98836,-5.761833,-4.160644,-0.501614,0.304493,-0.712729,0.197635,0.600202
1403637243.03836,-5.729205,-4.193517,-0.491831,0.308967,-0.711469,0.198516,0.599118
1403637243.08836,-5.692727,-4.225658,-0.483326,0.313741,-0.710594,0.197071,0.598151
1403637243.13836,-5.652819,-4.257184,-0.476749,0.318225,-0.710663,0.194980,0.596384
1403637243.18836,-5.609509,-4.288294,-0.472687,0.320900,-0.713506,0.194603,0.591660
1403637243.23836,-5.562691,-4.318911,-0.470903,0.322314,-0.717523,0.195558,0.585690
1403637243.28836,-5.512556,-4.348668,-0.470091,0.322551,-0.720790,0.197331,0.580933
1403637243.33836,-5.460018,-4.378595,-0.471412,0.322684,-0.723878,0.198793,0.576504
1403637243.38836,-5.404729,-4.407802,-0.473941,0.322034,-0.726029,0.200553,0.573546
1403637243.43836,-5.346609,-4.436518,-0.477465,0.320552,-0.728006,0.202530,0.571171
1403637243.48836,-5.285636,-4.464436,-0.479971,0.320256,-0.728459,0.203156,0.570536
1403637243.53836,-5.223122,-4.493111,-0.481639,0.319013,-0.730353,0.204594,0.568292
1403637243.58836,-5.157667,-4.520837,-0.482753,0.317524,-0.734279,0.206491,0.563359
1403637243.63836,-5.090962,-4.548759,-0.481915,0.315934,-0.738153,0.208340,0.558490
1403637243.68836,-5.023134,-4.576802,-0.478818,0.314568,-0.743047,0.209402,0.552340
1403637243.73836,-4.954322,-4.604857,-0.473074,0.311812,-0.746345,0.211918,0.548482
1403637243.78836,-4.884947,-4.632053,-0.465832,0.308328,-0.751794,0.215604,0.541530
1403637243.83836,-4.815538,-4.659708,-0.456384,0.303536,-0.757352,0.221166,0.534200
1403637243.88836,-4.746545,-4.686361,-0.444420,0.300294,-0.761701,0.223854,0.528701
1403637243.93836,-4.677371,-4.711387,-0.429982,0.296629,-0.765259,0.227598,0.524012
1403637243.98836,-4.609555,-4.735523,-0.412681,0.294961,-0.766752,0.228122,0.522541
1403637244.03836,-4.543363,-4.758803,-0.392436,0.293856,-0.767466,0.227866,0.522228
1403637244.08836,-4.478494,-4.781132,-0.370100,0.292737,-0.767910,0.227455,0.522382
1403637244.13836,-4.414947,-4.802723,-0.345850,0.292705,-0.768017,0.225614,0.523041
1403637244.18836,-4.353213,-4.823908,-0.319789,0.292031,-0.767297,0.224670,0.524878
1403637244.23836,-4.292953,-4.844785,-0.291813,0.291124,-0.766997,0.224039,0.526088
1403637244.28836,-4.234247,-4.865509,-0.262623,0.290511,-0.767954,0.223762,0.525148
1403637244.33836,-4.176465,-4.885099,-0.232551,0.290086,-0.769263,0.222730,0.523904
1403637244.38836,-4.120732,-4.905398,-0.201040,0.290442,-0.771012,0.222926,0.521045
1403637244.43836,-4.065082,-4.923564,-0.168608,0.292923,-0.771849,0.222641,0.518533
1403637244.48836,-4.012227,-4.942577,-0.134181,0.297569,-0.771442,0.221496,0.516981
1403637244.53836,-3.960360,-4.960953,-0.099222,0.305053,-0.769227,0.219008,0.516979
1403637244.58836,-3.910503,-4.980149,-0.065101,0.313713,-0.766857,0.216526,0.516363
1403637244.63836,-3.861444,-4.999672,-0.032732,0.323203,-0.764181,0.214192,0.515450
1403637244.68836,-3.813067,-5.019755,-0.001923,0.332159,-0.761454,0.213781,0.513962
1403637244.73836,-3.765129,-5.040833,0.027062,0.340266,-0.758876,0.214584,0.512134
1403637244.78836,-3.718190,-5.063086,0.054598,0.346921,-0.756626,0.215851,0.510461
1403637244.83836,-3.672881,-5.087148,0.080566,0.352349,-0.754741,0.217409,0.508871
1403637244.88836,-3.627867,-5.111684,0.105258,0.357065,-0.752990,0.219499,0.507278
1403637244.93836,-3.583055,-5.137361,0.128167,0.360194,-0.752539,0.222299,0.504508
1403637244.98836,-3.539596,-5.164103,0.149369,0.362417,-0.752949,0.225109,0.501047
1403637245.03836,-3.496429,-5.191881,0.168563,0.362087,-0.755524,0.229326,0.495465
1403637245.08836,-3.454299,-5.220675,0.185546,0.359847,-0.760404,0.235360,0.486724
1403637245.13836,-3.413775,-5.250126,0.200915,0.357895,-0.765221,0.240128,0.478211
1403637245.18836,-3.376489,-5.281194,0.214561,0.357131,-0.768960,0.242002,0.471797
1403637245.23836,-3.342691,-5.313383,0.228346,0.358941,-0.768343,0.240724,0.472083
1403637245.28836,-3.310822,-5.346944,0.242592,0.361171,-0.765188,0.238357,0.476685
1403637245.33836,-3.281452,-5.382171,0.255851,0.364307,-0.761639,0.234235,0.481996
1403637245.38836,-3.253692,-5.418924,0.267607,0.366189,-0.758437,0.232360,0.486506
1403637245.43836,-3.226438,-5.456953,0.279157,0.368930,-0.755422,0.230763,0.489874
1403637245.48836,-3.199905,-5.496482,0.287853,0.372190,-0.752807,0.230400,0.491602
1403637245.53836,-3.173912,-5.537627,0.295298,0.375640,-0.750576,0.232158,0.491562
1403637245.58836,-3.147228,-5.578959,0.299880,0.380712,-0.747741,0.233143,0.491514
1403637245.63836,-3.121886,-5.622461,0.303323,0.385694,-0.745714,0.236414,0.489142
1403637245.68836,-3.096659,-5.667329,0.305945,0.392010,-0.742798,0.239440,0.487081
1403637245.73836,-3.071243,-5.712792,0.304759,0.398048,-0.738297,0.245383,0.486068
1403637245.78836,-3.047475,-5.761478,0.304752,0.404103,-0.731371,0.254026,0.487102
1403637245.83836,-3.024501,-5.811650,0.303584,0.411308,-0.721684,0.263881,0.490271
1403637245.88836,-3.000398,-5.862685,0.301261,0.419542,-0.712034,0.274213,0.491731
1403637245.93836,-2.975561,-5.914029,0.297338,0.428865,-0.702370,0.285317,0.491269
1403637245.98836,-2.950364,-5.965193,0.292015,0.440020,-0.692187,0.295652,0.489744
1403637246.03836,-2.924035,-6.017127,0.285689,0.452448,-0.681620,0.306104,0.486811
1403637246.08836,-2.897562,-6.069615,0.278901,0.465451,-0.670720,0.317719,0.482230
1403637246.13836,-2.870205,-6.121626,0.270656,0.479680,-0.658841,0.328980,0.477082
1403637246.18836,-2.842295,-6.172299,0.261206,0.494371,-0.646754,0.340634,0.470399
1403637246.23836,-2.814158,-6.222321,0.250653,0.508959,-0.634105,0.352998,0.462887
1403637246.28836,-2.784942,-6.271929,0.239041,0.524729,-0.620949,0.363900,0.454598
1403637246.33836,-2.759153,-6.323485,0.227163,0.540372,-0.606235,0.375211,0.446872
1403637246.38835,-2.729478,-6.371787,0.213799,0.556747,-0.590311,0.384928,0.439769
1403637246.43836,-2.700010,-6.419805,0.198444,0.573363,-0.573387,0.393155,0.433487
1403637246.48836,-2.667425,-6.465845,0.183037,0.588285,-0.555556,0.402399,0.428197
1403637246.53836,-2.634475,-6.510060,0.166119,0.600972,-0.538585,0.413073,0.422054
1403637246.58836,-2.599986,-6.552659,0.149196,0.612897,-0.520609,0.422906,0.417702
1403637246.63836,-2.564921,-6.593659,0.130784,0.623220,-0.504319,0.433787,0.411204
1403637246.68835,-2.528086,-6.631902,0.112664,0.631664,-0.487562,0.445727,0.405723
1403637246.73835,-2.489335,-6.667257,0.094245,0.641166,-0.471727,0.454921,0.399283
1403637246.78836,-2.450157,-6.698934,0.077153,0.649776,-0.457068,0.464461,0.391351
1403637246.83836,-2.408490,-6.726443,0.061390,0.658637,-0.442669,0.472613,0.383248
1403637246.88836,-2.365878,-6.750640,0.048129,0.667895,-0.429915,0.478759,0.374003
1403637246.93836,-2.322331,-6.770765,0.036276,0.677668,-0.420016,0.482631,0.362519
1403637246.98836,-2.277414,-6.788194,0.025736,0.687848,-0.412133,0.483147,0.351540
1403637247.03836,-2.234478,-6.809406,0.016122,0.696070,-0.406643,0.483665,0.340875
1403637247.08836,-2.188847,-6.824450,0.006783,0.703394,-0.403612,0.482605,0.330797
1403637247.13836,-2.142212,-6.838638,-0.003057,0.708937,-0.402529,0.481987,0.321041
1403637247.18836,-2.095609,-6.851139,-0.014166,0.713311,-0.401511,0.481017,0.314004
1403637247.23836,-2.049253,-6.863138,-0.027246,0.715844,-0.401898,0.481164,0.307452
1403637247.28836,-2.001129,-6.872490,-0.041719,0.716439,-0.401248,0.482986,0.304038
1403637247.33837,-1.951699,-6.881215,-0.056082,0.713827,-0.399387,0.488318,0.304116
1403637247.38837,-1.902588,-6.888797,-0.068886,0.707381,-0.394662,0.498310,0.309097
1403637247.43837,-1.852327,-6.895627,-0.082185,0.699950,-0.390095,0.508799,0.314673
1403637247.48837,-1.802306,-6.901004,-0.097364,0.695243,-0.388565,0.514901,0.317068
1403637247.53837,-1.752433,-6.903994,-0.114506,0.694231,-0.387218,0.516451,0.318408
1403637247.58837,-1.702325,-6.905015,-0.133224,0.695006,-0.385292,0.516896,0.318332
1403637247.63837,-1.652071,-6.903694,-0.152398,0.696900,-0.381991,0.516971,0.318047
1403637247.68837,-1.601215,-6.900550,-0.171442,0.699448,-0.375523,0.516931,0.320216
1403637247.73837,-1.550684,-6.893670,-0.190742,0.702761,-0.368251,0.516657,0.321844
1403637247.78837,-1.499651,-6.884018,-0.209583,0.706915,-0.360390,0.515682,0.323207
1403637247.83838,-1.448620,-6.869711,-0.225778,0.710159,-0.352219,0.516663,0.323535
1403637247.88838,-1.396084,-6.853335,-0.240194,0.712459,-0.346666,0.519711,0.319571
1403637247.93838,-1.343445,-6.832858,-0.251817,0.712931,-0.341434,0.526309,0.313290
1403637247.98838,-1.289577,-6.810107,-0.261791,0.713552,-0.337221,0.532620,0.305682
1403637248.03837,-1.237743,-6.783067,-0.270982,0.717110,-0.334210,0.535160,0.296075
1403637248.08837,-1.186528,-6.753016,-0.278401,0.723325,-0.330521,0.533924,0.287198
1403637248.13837,-1.135347,-6.720634,-0.284637,0.729732,-0.327184,0.532288,0.277690
1403637248.18837,-1.084736,-6.686692,-0.291060,0.735796,-0.324058,0.530176,0.269267
1403637248.23837,-1.034567,-6.651251,-0.298587,0.741714,-0.320824,0.526963,0.263139
1403637248.28837,-0.984041,-6.614581,-0.306976,0.744913,-0.319539,0.526829,0.255833
1403637248.33837,-0.934214,-6.577277,-0.316571,0.747989,-0.316551,0.525954,0.252349
1403637248.38837,-0.883960,-6.539412,-0.327673,0.749049,-0.315012,0.526908,0.249121
1403637248.43837,-0.834222,-6.500556,-0.339416,0.748947,-0.313999,0.528914,0.246440
1403637248.48838,-0.784498,-6.460925,-0.351610,0.748214,-0.312229,0.531170,0.246062
1403637248.53838,-0.738185,-6.414717,-0.360431,0.745296,-0.310374,0.536048,0.246687
1403637248.58838,-0.686521,-6.372689,-0.371033,0.743255,-0.308520,0.539164,0.248374
1403637248.63838,-0.638327,-6.329377,-0.379823,0.743037,-0.307969,0.539260,0.249501
1403637248.68838,-0.590675,-6.284465,-0.387337,0.744730,-0.308998,0.536374,0.249401
1403637248.73838,-0.543147,-6.238161,-0.392911,0.746992,-0.310708,0.532378,0.249074
1403637248.78837,-0.495602,-6.189519,-0.395624,0.749335,-0.312571,0.527891,0.249252
1403637248.83837,-0.447966,-6.140766,-0.397019,0.750609,-0.314987,0.524768,0.248973
1403637248.88837,-0.400152,-6.091275,-0.396660,0.751224,-0.317651,0.522510,0.248482
1403637248.93837,-0.351485,-6.041247,-0.394351,0.751019,-0.320477,0.521481,0.247632
1403637248.98837,-0.302907,-5.990444,-0.390548,0.750818,-0.322894,0.520409,0.247359
1403637249.03837,-0.252794,-5.939084,-0.384693,0.750087,-0.323941,0.520205,0.248632
1403637249.08837,-0.203707,-5.888348,-0.376852,0.749877,-0.325175,0.519217,0.249720
1403637249.13837,-0.153654,-5.836910,-0.367303,0.748916,-0.326208,0.519513,0.250638
1403637249.18837,-0.102841,-5.784101,-0.356206,0.748908,-0.327015,0.518661,0.251372
1403637249.23837,-0.052390,-5.731900,-0.343186,0.748034,-0.327944,0.519088,0.251883
1403637249.28837,-0.001380,-5.679551,-0.328512,0.747001,-0.329037,0.519789,0.252080
1403637249.33837,0.049742,-5.626978,-0.313130,0.745952,-0.328783,0.520414,0.254219
1403637249.38837,0.101906,-5.572506,-0.300927,0.745493,-0.329843,0.520472,0.254071
1403637249.43837,0.153989,-5.518610,-0.292273,0.745124,-0.330676,0.520712,0.253580
1403637249.48837,0.206746,-5.464275,-0.288349,0.744580,-0.330978,0.521125,0.253936
1403637249.53837,0.259522,-5.409686,-0.289244,0.744557,-0.331385,0.521058,0.253609
1403637249.58837,0.312055,-5.354911,-0.294616,0.744314,-0.331580,0.521538,0.253080
1403637249.63837,0.364055,-5.299866,-0.304125,0.744095,-0.331302,0.522026,0.253083
1403637249.68837,0.414010,-5.241375,-0.315381,0.742900,-0.330447,0.523910,0.253818
1403637249.73837,0.465377,-5.186329,-0.325569,0.740310,-0.329132,0.528123,0.254360
1403637249.78837,0.515262,-5.130917,-0.335402,0.738383,-0.326637,0.531680,0.255765
1403637249.83837,0.566774,-5.074476,-0.343471,0.736912,-0.323801,0.535484,0.255675
1403637249.88837,0.617750,-5.016983,-0.350211,0.736956,-0.320531,0.538304,0.253739
1403637249.93837,0.668218,-4.957773,-0.356033,0.739007,-0.316319,0.539386,0.250746
1403637249.98837,0.718760,-4.896686,-0.360359,0.741544,-0.313805,0.540503,0.243918
1403637250.03838,0.768542,-4.834693,-0.362989,0.744389,-0.312682,0.540859,0.235767
1403637250.08838,0.817465,-4.772050,-0.363966,0.746730,-0.311873,0.541712,0.227327
1403637250.13838,0.865547,-4.708858,-0.363339,0.750307,-0.309882,0.540827,0.220268
1403637250.18838,0.912961,-4.645282,-0.362177,0.752710,-0.306529,0.541798,0.214295
1403637250.23838,0.959243,-4.582074,-0.361921,0.754521,-0.303549,0.543712,0.207202
1403637250.28838,1.004868,-4.516822,-0.363542,0.756052,-0.301056,0.545445,0.200602
1403637250.33838,1.049871,-4.454585,-0.365561,0.756631,-0.299473,0.547919,0.193936
1403637250.38838,1.094511,-4.392603,-0.369509,0.757775,-0.297781,0.548919,0.189185
1403637250.43838,1.137294,-4.331864,-0.374705,0.758528,-0.297730,0.549836,0.183501
1403637250.48838,1.178528,-4.272253,-0.380939,0.759366,-0.298071,0.550322,0.177939
1403637250.53838,1.217893,-4.214101,-0.387846,0.761169,-0.298317,0.548955,0.174001
1403637250.58838,1.256138,-4.156616,-0.393821,0.762381,-0.298565,0.548202,0.170612
1403637250.63838,1.294237,-4.099768,-0.397999,0.764854,-0.295795,0.546640,0.169377
1403637250.68838,1.329859,-4.045016,-0.400881,0.766372,-0.293854,0.546172,0.167390
1403637250.73837,1.364448,-3.992251,-0.401488,0.767758,-0.291763,0.545648,0.166408
1403637250.78837,1.398571,-3.941649,-0.399836,0.769398,-0.288996,0.544691,0.166793
1403637250.83837,1.431855,-3.892787,-0.395729,0.769255,-0.287809,0.545751,0.166041
1403637250.88837,1.463480,-3.847359,-0.389754,0.768578,-0.286695,0.547390,0.165705
1403637250.93837,1.495097,-3.802414,-0.383379,0.768698,-0.287137,0.547577,0.163752
1403637250.98837,1.526267,-3.759765,-0.374743,0.768272,-0.287322,0.548493,0.162356
1403637251.03837,1.555946,-3.718030,-0.364384,0.768587,-0.286657,0.549010,0.160281
1403637251.08837,1.584890,-3.677575,-0.352704,0.769602,-0.285977,0.549044,0.156462
1403637251.13837,1.613301,-3.638886,-0.339462,0.771206,-0.285375,0.548566,0.151256
1403637251.18837,1.640664,-3.601938,-0.324504,0.772489,-0.284424,0.548542,0.146510
1403637251.23837,1.666834,-3.567899,-0.308047,0.773842,-0.282969,0.548419,0.142598
1403637251.28837,1.691020,-3.535760,-0.288891,0.774654,-0.280773,0.549119,0.139810
1403637251.33837,1.714126,-3.505653,-0.267322,0.775558,-0.275599,0.550486,0.139716
1403637251.38837,1.736283,-3.477304,-0.243086,0.776194,-0.266902,0.552701,0.144252
1403637251.43837,1.759604,-3.450925,-0.219354,0.777009,-0.259818,0.554812,0.144692
1403637251.48837,1.780276,-3.425606,-0.195263,0.778108,-0.251668,0.556935,0.145033
1403637251.53837,1.800283,-3.401177,-0.172798,0.779343,-0.244142,0.559015,0.143255
1403637251.58837,1.819391,-3.378147,-0.153163,0.780843,-0.236557,0.560715,0.141147
1403637251.63837,1.837631,-3.355565,-0.134496,0.781981,-0.230119,0.562442,0.138597
1403637251.68837,1.855131,-3.333901,-0.117720,0.783194,-0.225097,0.563704,0.134815
1403637251.73837,1.872371,-3.313208,-0.102699,0.784136,-0.220952,0.564838,0.131410
1403637251.78837,1.888510,-3.293755,-0.088883,0.784662,-0.217321,0.566127,0.128757
1403637251.83837,1.903783,-3.276291,-0.075994,0.785556,-0.213610,0.566481,0.127948
1403637251.88837,1.918249,-3.259495,-0.063662,0.784543,-0.209778,0.569170,0.128573
1403637251.93837,1.931952,-3.243800,-0.052328,0.783993,-0.204533,0.571103,0.131764
1403637251.98837,1.944898,-3.228419,-0.041610,0.782468,-0.199013,0.574059,0.136362
1403637252.03837,1.957499,-3.214686,-0.032975,0.781320,-0.195606,0.576126,0.139125
1403637252.08837,1.967797,-3.199643,-0.024329,0.779603,-0.192416,0.579017,0.141192
1403637252.13837,1.977074,-3.183702,-0.016910,0.777837,-0.191077,0.581738,0.141563
1403637252.18837,1.981162,-3.177191,-0.013302,0.775920,-0.191327,0.584633,0.139811
1403637252.23837,1.987301,-3.160668,-0.009104,0.775336,-0.192421,0.585596,0.137496
1403637252.28838,1.991358,-3.143852,-0.006816,0.775411,-0.193414,0.585661,0.135389
1403637252.33838,1.993509,-3.126932,-0.006628,0.776181,-0.194693,0.584702,0.133271
1403637252.38838,1.994166,-3.109796,-0.008396,0.778155,-0.196286,0.582060,0.130969
1403637252.43838,1.993785,-3.092454,-0.012012,0.780889,-0.198243,0.578240,0.128647
1403637252.48838,1.992060,-3.075202,-0.017196,0.782822,-0.199611,0.575469,0.127203
1403637252.53838,1.988731,-3.057870,-0.024219,0.784367,-0.200578,0.573240,0.126223
1403637252.58838,1.984907,-3.041271,-0.032370,0.785685,-0.201700,0.571266,0.125186
1403637252.63838,1.980523,-3.024956,-0.041551,0.787033,-0.203394,0.569227,0.123252
1403637252.68838,1.975613,-3.009118,-0.052425,0.789580,-0.205616,0.565504,0.120382
1403637252.73838,1.970012,-2.994114,-0.063728,0.792204,-0.208646,0.561576,0.116247
1403637252.78838,1.964421,-2.981133,-0.074156,0.794650,-0.212064,0.557713,0.111882
1403637252.83838,1.957804,-2.968786,-0.082393,0.796667,-0.212706,0.554711,0.111239
1403637252.88838,1.951439,-2.957993,-0.087829,0.796192,-0.210834,0.555451,0.114459
1403637252.93838,1.945425,-2.948475,-0.090279,0.793929,-0.208455,0.558669,0.118796
1403637252.98838,1.939515,-2.939947,-0.090485,0.792383,-0.205395,0.560962,0.123544
1403637253.03838,1.932703,-2.931743,-0.089504,0.790938,-0.203187,0.562957,0.127325
1403637253.08838,1.925419,-2.923580,-0.086819,0.789522,-0.202247,0.564861,0.129161
1403637253.13838,1.917641,-2.916033,-0.082948,0.788436,-0.201283,0.566261,0.131157
1403637253.18838,1.909692,-2.908981,-0.079452,0.787956,-0.201018,0.566819,0.132040
1403637253.23838,1.901728,-2.902396,-0.076157,0.787134,-0.200936,0.567824,0.132742
1403637253.28838,1.893477,-2.895980,-0.074856,0.787122,-0.201027,0.567666,0.133351
1403637253.33838,1.884918,-2.889786,-0.075118,0.787037,-0.202117,0.567637,0.132323
1403637253.38838,1.876110,-2.884056,-0.076138,0.786979,-0.201480,0.567637,0.133637
1403637253.43838,1.866486,-2.877908,-0.079311,0.786300,-0.202882,0.568475,0.131936
1403637253.48838,1.856483,-2.872219,-0.084122,0.786021,-0.202456,0.568785,0.132915
1403637253.53838,1.846010,-2.866770,-0.090420,0.786864,-0.202515,0.567504,0.133313
1403637253.58838,1.834989,-2.861105,-0.096441,0.787072,-0.202228,0.567195,0.133830
1403637253.63838,1.823634,-2.855635,-0.101201,0.787449,-0.200958,0.566701,0.135613
1403637253.68838,1.812086,-2.850207,-0.104082,0.787178,-0.199442,0.567113,0.137679
1403637253.73838,1.799717,-2.844523,-0.105137,0.787026,-0.198254,0.567330,0.139364
1403637253.78838,1.787242,-2.838670,-0.103850,0.786379,-0.195998,0.568251,0.142423
1403637253.83838,1.774536,-2.832031,-0.101468,0.786205,-0.195640,0.568357,0.143448
1403637253.88838,1.761897,-2.824874,-0.097773,0.786086,-0.194828,0.568611,0.144194
1403637253.93838,1.748667,-2.816803,-0.092979,0.785932,-0.194862,0.568796,0.144259
1403637253.98838,1.735003,-2.807827,-0.087007,0.785957,-0.194700,0.568668,0.144846
1403637254.03838,1.721338,-2.798792,-0.078666,0.785613,-0.193465,0.569175,0.146363
1403637254.08838,1.707031,-2.788809,-0.069399,0.785353,-0.193077,0.569745,0.146059
1403637254.13838,1.692397,-2.777804,-0.058857,0.785292,-0.190689,0.570761,0.145555
1403637254.18838,1.677449,-2.766012,-0.047161,0.786156,-0.188323,0.571007,0.142985
1403637254.23838,1.661955,-2.753388,-0.034199,0.788214,-0.184532,0.569989,0.140637
1403637254.28838,1.646127,-2.740036,-0.019920,0.790907,-0.180139,0.568261,0.138188
1403637254.33838,1.629886,-2.726110,-0.004851,0.793729,-0.176269,0.566226,0.135319
1403637254.38838,1.613755,-2.711729,0.009856,0.796569,-0.172634,0.564096,0.132179
1403637254.43838,1.597916,-2.696887,0.023630,0.798450,-0.169754,0.563059,0.128942
1403637254.48838,1.582182,-2.681983,0.036025,0.800661,-0.166805,0.561162,0.127343
1403637254.53838,1.567088,-2.666791,0.047112,0.802059,-0.164565,0.560421,0.124697
1403637254.58838,1.552782,-2.653039,0.057536,0.802429,-0.162075,0.560940,0.123230
1403637254.63838,1.538853,-2.637374,0.065790,0.802109,-0.160591,0.562147,0.121745
1403637254.68838,1.525378,-2.621609,0.072356,0.801752,-0.158487,0.563340,0.121346
1403637254.73838,1.512191,-2.605706,0.077995,0.800549,-0.156930,0.565554,0.121009
1403637254.78838,1.499101,-2.589351,0.082238,0.799087,-0.156319,0.567990,0.120045
1403637254.83838,1.485793,-2.572735,0.085044,0.797638,-0.156478,0.570382,0.118120
1403637254.88838,1.472293,-2.556043,0.086140,0.796371,-0.156079,0.572396,0.117452
1403637254.93838,1.458806,-2.539143,0.085746,0.795449,-0.156171,0.573830,0.116583
1403637254.98838,1.444979,-2.521929,0.084354,0.794129,-0.155752,0.575734,0.116752
1403637255.03838,1.430778,-2.504340,0.081579,0.794224,-0.155155,0.575834,0.116405
1403637255.08838,1.416015,-2.486638,0.078453,0.793906,-0.153344,0.577052,0.114938
1403637255.13838,1.400875,-2.467758,0.075937,0.794575,-0.151063,0.577347,0.111807
1403637255.18838,1.385060,-2.450002,0.073478,0.795440,-0.147123,0.577662,0.109255
1403637255.23838,1.369740,-2.430220,0.074027,0.796074,-0.143265,0.578371,0.105963
1403637255.28838,1.353638,-2.410139,0.076556,0.796231,-0.140120,0.579571,0.102373
1403637255.33838,1.336962,-2.389883,0.080746,0.796229,-0.136871,0.580903,0.099185
1403637255.38838,1.320130,-2.369172,0.084942,0.797519,-0.133804,0.580624,0.094525
1403637255.43838,1.302452,-2.348001,0.088531,0.798775,-0.129073,0.580478,0.091349
1403637255.48838,1.284681,-2.326408,0.090482,0.800103,-0.123872,0.580359,0.087604
1403637255.53838,1.266957,-2.304583,0.090806,0.801423,-0.117468,0.580358,0.084298
1403637255.58838,1.249089,-2.282427,0.089490,0.802767,-0.109832,0.580406,0.081432
1403637255.63838,1.230813,-2.259746,0.087401,0.803642,-0.102339,0.581085,0.077630
1403637255.68838,1.212117,-2.236569,0.084217,0.805650,-0.093855,0.580257,0.073621
1403637255.73838,1.192693,-2.213234,0.081377,0.807884,-0.085133,0.579102,0.068682
1403637255.78838,1.172437,-2.190036,0.080702,0.810099,-0.075779,0.577839,0.064024
1403637255.83838,1.152399,-2.166387,0.081318,0.812488,-0.066894,0.576217,0.057983
1403637255.88838,1.133037,-2.141729,0.083660,0.814729,-0.057751,0.574617,0.051929
1403637255.93838,1.113811,-2.116952,0.088802,0.815753,-0.049167,0.574461,0.046103
1403637255.98838,1.094262,-2.091957,0.096309,0.816950,-0.042018,0.573772,0.040158
1403637256.08838,1.053584,-2.042346,0.118182,0.818359,-0.029174,0.573002,0.033277
1403637256.13838,1.032853,-2.017308,0.130500,0.818073,-0.024763,0.573754,0.030804
1403637256.18838,1.012120,-1.992186,0.142581,0.816851,-0.021199,0.575720,0.029203
1403637256.23838,0.991303,-1.966694,0.153557,0.814661,-0.018527,0.578981,0.027667
1403637256.28838,0.970338,-1.940878,0.162275,0.813463,-0.016945,0.580776,0.026255
1403637256.33838,0.949342,-1.914504,0.169076,0.812532,-0.015359,0.582129,0.026103
1403637256.38838,0.928051,-1.887682,0.174603,0.811615,-0.014537,0.583433,0.025997
1403637256.43838,0.907919,-1.859508,0.177981,0.811226,-0.013471,0.583940,0.027291
1403637256.48838,0.885843,-1.831258,0.180391,0.810711,-0.013544,0.584612,0.028168
1403637256.53838,0.863488,-1.802306,0.181353,0.810049,-0.014495,0.585522,0.027828
1403637256.58838,0.840655,-1.773199,0.180661,0.809997,-0.015408,0.585559,0.028077
1403637256.63838,0.817699,-1.743433,0.177881,0.811681,-0.017411,0.583182,0.027736
1403637256.68838,0.797832,-1.712573,0.172532,0.814414,-0.021671,0.579392,0.023770
1403637256.73838,0.773723,-1.681772,0.166848,0.817904,-0.026713,0.574431,0.018658
1403637256.78838,0.749711,-1.650788,0.160641,0.820370,-0.032039,0.570768,0.013791
1403637256.83838,0.726526,-1.620421,0.154127,0.821454,-0.036507,0.569022,0.009698
1403637256.88838,0.704346,-1.590681,0.147439,0.821267,-0.037820,0.569234,0.007915
1403637256.93838,0.682892,-1.561774,0.141203,0.819390,-0.035393,0.572071,0.009019
1403637256.98838,0.662756,-1.533263,0.135236,0.818434,-0.032043,0.573637,0.008853
1403637257.03838,0.642941,-1.505106,0.131540,0.816976,-0.026239,0.575998,0.009369
1403637257.08838,0.623263,-1.477265,0.128926,0.815862,-0.020833,0.577796,0.009340
1403637257.13838,0.603712,-1.449419,0.128154,0.815351,-0.015818,0.578676,0.009359
1403637257.18838,0.583568,-1.421653,0.129597,0.814974,-0.011595,0.579320,0.008494
1403637257.23838,0.563749,-1.393850,0.132238,0.815470,-0.007949,0.578696,0.007511
1403637257.28838,0.546525,-1.367121,0.135755,0.816204,-0.004411,0.577712,0.006378
1403637257.33838,0.527293,-1.339961,0.141987,0.817130,-0.001050,0.576426,0.005503
1403637257.38838,0.507971,-1.312984,0.149584,0.817771,0.002629,0.575510,0.005578
1403637257.43838,0.489492,-1.286237,0.156847,0.818234,0.005242,0.574838,0.005139
1403637257.48838,0.471000,-1.259165,0.163149,0.818485,0.007135,0.574467,0.004493
1403637257.53838,0.452687,-1.231940,0.168335,0.818844,0.010301,0.573892,0.006074
1403637257.58838,0.435887,-1.206707,0.169780,0.820038,0.010853,0.572188,0.004591
1403637257.63838,0.418276,-1.178715,0.170972,0.821495,0.010676,0.570109,0.002880
1403637257.68838,0.401151,-1.149548,0.170092,0.823962,0.010497,0.566547,0.001068
1403637257.73838,0.383811,-1.120100,0.168995,-0.825494,-0.011216,-0.564300,0.000830
1403637257.78838,0.367325,-1.090382,0.166404,-0.827296,-0.012495,-0.561616,0.003617
1403637257.83838,0.352199,-1.060346,0.162520,-0.828838,-0.014779,-0.559258,0.006244
1403637257.88838,0.339051,-1.030804,0.157126,-0.830304,-0.017600,-0.556948,0.009715
1403637257.93838,0.325522,-1.000312,0.151517,-0.831149,-0.020920,-0.555474,0.014194
1403637257.98838,0.312898,-0.969657,0.145063,-0.831479,-0.025497,-0.554665,0.018405
1403637258.03838,0.302315,-0.938535,0.138615,-0.831558,-0.030745,-0.554057,0.024220
1403637258.08838,0.293161,-0.907840,0.133409,-0.831313,-0.037046,-0.553741,0.030277
1403637258.13838,0.285150,-0.876768,0.130235,-0.829671,-0.045056,-0.555266,0.035984
1403637258.18838,0.281648,-0.849397,0.128175,-0.826581,-0.054820,-0.558650,0.040847
1403637258.23838,0.274926,-0.819709,0.129066,-0.823259,-0.064446,-0.562279,0.043973
1403637258.28838,0.270527,-0.789720,0.129729,-0.819770,-0.072240,-0.566141,0.047351
1403637258.33838,0.267371,-0.759507,0.129319,-0.816700,-0.079249,-0.569362,0.050476
1403637258.38838,0.264450,-0.728792,0.126802,-0.814971,-0.084081,-0.570764,0.054601
1403637258.43838,0.261036,-0.698188,0.122435,-0.814029,-0.086641,-0.571151,0.060303
1403637258.48838,0.256221,-0.666054,0.115873,-0.814623,-0.087881,-0.569444,0.066333
1403637258.53838,0.257682,-0.636383,0.107116,-0.815998,-0.087779,-0.566746,0.072392
1403637258.58838,0.254584,-0.607368,0.098890,-0.816317,-0.088217,-0.565727,0.076143
1403637258.63838,0.252185,-0.579100,0.090054,-0.815163,-0.089122,-0.567012,0.077867
1403637258.68838,0.250030,-0.551551,0.080587,-0.813385,-0.090037,-0.569342,0.078414
1403637258.73839,0.247702,-0.524670,0.070654,-0.812165,-0.090444,-0.570863,0.079515
1403637258.78839,0.245345,-0.498955,0.060468,-0.811013,-0.090903,-0.572478,0.079138
1403637258.83839,0.242386,-0.474695,0.048519,-0.809932,-0.090805,-0.573957,0.079610
1403637258.88839,0.239766,-0.450089,0.038089,-0.808944,-0.090091,-0.575345,0.080447
1403637258.93839,0.237228,-0.426036,0.029085,-0.808896,-0.088692,-0.575457,0.081672
1403637258.98839,0.235593,-0.402627,0.022729,-0.809023,-0.087871,-0.575349,0.082060
1403637259.03839,0.236348,-0.384221,0.015995,-0.809269,-0.086077,-0.575055,0.083581
1403637259.08839,0.234565,-0.362679,0.014505,-0.809430,-0.086117,-0.575071,0.081857
1403637259.13839,0.233858,-0.341489,0.017032,-0.809003,-0.085886,-0.575739,0.081621
1403637259.18839,0.232502,-0.321733,0.022087,-0.809081,-0.084653,-0.575721,0.082259
1403637259.23839,0.231282,-0.302925,0.029603,-0.808669,-0.083854,-0.576476,0.081843
1403637259.28839,0.230090,-0.284600,0.037763,-0.808397,-0.082741,-0.576942,0.082376
1403637259.33839,0.228773,-0.267355,0.045292,-0.808769,-0.081575,-0.576582,0.082410
1403637259.38839,0.225911,-0.256508,0.051404,-0.808795,-0.080359,-0.576617,0.083098
1403637259.43839,0.224088,-0.241977,0.057437,-0.808366,-0.077419,-0.577204,0.085939
1403637259.48839,0.222451,-0.227614,0.061732,-0.807980,-0.073758,-0.577569,0.090237
1403637259.53839,0.220658,-0.215010,0.065164,-0.807775,-0.071439,-0.577758,0.092694
1403637259.58839,0.218900,-0.204484,0.067548,-0.807668,-0.070155,-0.577860,0.093961
1403637259.63839,0.216363,-0.195670,0.070642,-0.807274,-0.070080,-0.578546,0.093181
1403637259.68839,0.214511,-0.188601,0.071866,-0.807762,-0.071542,-0.578136,0.090332
1403637259.73839,0.212005,-0.182013,0.072494,-0.809412,-0.073366,-0.576070,0.087252
1403637259.78839,0.209256,-0.176938,0.071898,-0.811178,-0.075521,-0.573815,0.083801
1403637259.83839,0.206534,-0.172765,0.070659,-0.812087,-0.077282,-0.572695,0.081007
1403637259.88839,0.203968,-0.169138,0.068845,-0.811452,-0.076051,-0.573552,0.082457
1403637259.93839,0.201366,-0.166385,0.066137,-0.810124,-0.073832,-0.575289,0.085386
1403637259.98839,0.197031,-0.166007,0.061048,-0.809146,-0.073556,-0.576615,0.085952
1403637260.03839,0.193736,-0.166050,0.055739,-0.808073,-0.074944,-0.578210,0.084111
1403637260.08839,0.190118,-0.166864,0.049902,-0.807318,-0.076705,-0.579349,0.081904
1403637260.13839,0.186346,-0.168295,0.042718,-0.807580,-0.078936,-0.579088,0.079000
1403637260.18839,0.182284,-0.170354,0.034646,-0.808154,-0.081243,-0.578376,0.075950
1403637260.23838,0.177713,-0.172815,0.025747,-0.809028,-0.084429,-0.577193,0.072059
1403637260.28838,0.173032,-0.175156,0.016658,-0.809043,-0.087123,-0.577198,0.068563
1403637260.33838,0.167739,-0.177654,0.006466,-0.808878,-0.090330,-0.577403,0.064516
1403637260.38838,0.162440,-0.180137,-0.003584,-0.808062,-0.094284,-0.578473,0.059287
1403637260.43838,0.157049,-0.182298,-0.014046,-0.807231,-0.097607,-0.579495,0.055102
1403637260.48838,0.151344,-0.183575,-0.025379,-0.808701,-0.098636,-0.577346,0.054268
1403637260.53839,0.145698,-0.184135,-0.037668,-0.811750,-0.099014,-0.573030,0.053810
1403637260.58839,0.141827,-0.186842,-0.047148,-0.815346,-0.098832,-0.567833,0.054845
1403637260.63839,0.136438,-0.185613,-0.058385,-0.818396,-0.097882,-0.563444,0.056375
1403637260.68839,0.131685,-0.183360,-0.069783,-0.819665,-0.097245,-0.561640,0.057027
1403637260.73839,0.127416,-0.180257,-0.080799,-0.818934,-0.095685,-0.562704,0.059627
1403637260.78839,0.123531,-0.176735,-0.091425,-0.816982,-0.095872,-0.565477,0.059878
1403637260.83838,0.120585,-0.172427,-0.101862,-0.814073,-0.095400,-0.569562,0.061512
1403637260.88838,0.117642,-0.167513,-0.112642,-0.811992,-0.095025,-0.572436,0.062904
1403637260.93838,0.115061,-0.162302,-0.123052,-0.809417,-0.094495,-0.576022,0.064132
1403637260.98838,0.112283,-0.157084,-0.133735,-0.807354,-0.094973,-0.578856,0.063922
1403637261.03838,0.109148,-0.151744,-0.144690,-0.807063,-0.094747,-0.579235,0.064497
1403637261.08839,0.105499,-0.146212,-0.156148,-0.809026,-0.094533,-0.576460,0.065074
1403637261.13839,0.101809,-0.140229,-0.167473,-0.812409,-0.094422,-0.571697,0.065098
1403637261.18839,0.098402,-0.133848,-0.178519,-0.816052,-0.095184,-0.566478,0.064054
1403637261.23839,0.097792,-0.126079,-0.188715,-0.819601,-0.095465,-0.561328,0.063651
1403637261.28839,0.094157,-0.119077,-0.197891,-0.821660,-0.096013,-0.558319,0.062732
1403637261.33839,0.091740,-0.111441,-0.204760,-0.820735,-0.096073,-0.559687,0.062568
1403637261.38839,0.090149,-0.103146,-0.209683,-0.817992,-0.095048,-0.563710,0.063931
1403637261.43839,0.089214,-0.094342,-0.213376,-0.815280,-0.092713,-0.567645,0.067095
1403637261.48839,0.088739,-0.085691,-0.216025,-0.813398,-0.090840,-0.570289,0.070015
1403637261.53839,0.088353,-0.077465,-0.218800,-0.814926,-0.090010,-0.568139,0.070793
1403637261.58839,0.087847,-0.069534,-0.221647,-0.818415,-0.090409,-0.563128,0.070065
1403637261.63839,0.088207,-0.061604,-0.223190,-0.822040,-0.091550,-0.557852,0.068339
1403637261.68839,0.092724,-0.053160,-0.221931,-0.824444,-0.092192,-0.554350,0.067000
1403637261.73839,0.095442,-0.045223,-0.220371,-0.824800,-0.093041,-0.553882,0.065294
1403637261.78839,0.100012,-0.036834,-0.216580,-0.822208,-0.093062,-0.557716,0.065316
1403637261.83839,0.105980,-0.028549,-0.211637,-0.818268,-0.092995,-0.563540,0.064896
1403637261.88839,0.111647,-0.020260,-0.208094,-0.814924,-0.092171,-0.568393,0.065827
1403637261.93839,0.116946,-0.012263,-0.206149,-0.812102,-0.091505,-0.572481,0.066204
1403637261.98839,0.122010,-0.004546,-0.206696,-0.810087,-0.090915,-0.575446,0.065994
1403637262.03839,0.127254,0.003310,-0.209887,-0.808548,-0.089023,-0.577696,0.067768
1403637262.08840,0.132193,0.010775,-0.215459,-0.806985,-0.087609,-0.579961,0.068882
1403637262.13840,0.136751,0.018285,-0.223130,-0.807083,-0.085558,-0.579903,0.070783
1403637262.18840,0.141201,0.025325,-0.232662,-0.806653,-0.083808,-0.580540,0.072534
1403637262.23840,0.145314,0.031550,-0.244206,-0.806435,-0.082314,-0.580904,0.073738
1403637262.28840,0.147821,0.036841,-0.258236,-0.806653,-0.080269,-0.580686,0.075316
1403637262.33840,0.145209,0.035286,-0.260617,-0.791550,-0.060233,-0.599093,0.104440
1403637262.38839,0.142087,0.032178,-0.261367,-0.793234,-0.080476,-0.598859,0.075308
1403637262.43839,0.140153,0.027429,-0.265019,-0.801544,-0.066762,-0.590578,0.065481
1403637262.48839,0.137255,0.023469,-0.273298,-0.805939,-0.048212,-0.586363,0.065700
1403637262.53839,0.133139,0.022294,-0.276299,-0.794524,-0.039675,-0.600998,0.077190
1403637262.58839,0.129786,0.019729,-0.276002,-0.787790,-0.040261,-0.610229,0.073387
1403637262.63839,0.129892,0.017349,-0.279121,-0.786912,-0.038251,-0.611672,0.071864
1403637262.68839,0.132193,0.017603,-0.287543,-0.798196,-0.040836,-0.596839,0.070701
1403637262.73839,0.133274,0.017424,-0.290796,-0.800270,-0.039954,-0.594361,0.068597
1403637262.78839,0.131622,0.015655,-0.293482,-0.795929,-0.038576,-0.599913,0.071509
1403637262.83839,0.131806,0.015128,-0.297058,-0.795902,-0.039432,-0.599966,0.070895
1403637262.88839,0.133135,0.015824,-0.301041,-0.797068,-0.039335,-0.598257,0.072276
1403637262.93839,0.132806,0.014068,-0.304388,-0.796194,-0.039781,-0.599609,0.070443
1403637262.98839,0.133091,0.014160,-0.307145,-0.796624,-0.039235,-0.598883,0.072036
1403637263.03839,0.133121,0.013314,-0.310112,-0.796530,-0.039667,-0.599100,0.071026
1403637263.08839,0.133427,0.013034,-0.312973,-0.796607,-0.039474,-0.598968,0.071385
1403637263.13839,0.133321,0.012646,-0.315368,-0.796559,-0.039318,-0.599018,0.071589
1403637263.18839,0.133543,0.011980,-0.318170,-0.796469,-0.039611,-0.599198,0.070927
1403637263.23839,0.133638,0.011961,-0.320883,-0.796668,-0.039221,-0.598860,0.071755
1403637263.28839,0.133789,0.011444,-0.321900,-0.796620,-0.039439,-0.598981,0.071158
1403637263.33839,0.133784,0.011117,-0.324919,-0.796563,-0.039369,-0.599045,0.071293
1403637263.38839,0.133956,0.011034,-0.327918,-0.796595,-0.039328,-0.598994,0.071382
1403637263.43839,0.133816,0.010767,-0.330930,-0.796649,-0.039232,-0.598917,0.071478
1403637263.48839,0.132903,0.010651,-0.328118,-0.796560,-0.039418,-0.599068,0.071107
1403637263.53839,0.132289,0.010660,-0.329476,-0.796568,-0.039130,-0.599011,0.071647
1403637263.58839,0.131825,0.010483,-0.330360,-0.796536,-0.039274,-0.599086,0.071294
1403637263.63839,0.131097,0.010465,-0.330715,-0.796551,-0.039138,-0.599049,0.071519
1403637263.68839,0.130700,0.010414,-0.329239,-0.796542,-0.039220,-0.599066,0.071430
1403637263.73839,0.130725,0.010600,-0.325470,-0.796486,-0.039195,-0.599146,0.071400
1403637263.78839,0.129940,0.010824,-0.324819,-0.796473,-0.038895,-0.599136,0.071788
1403637263.83839,0.126820,0.010683,-0.314803,-0.796460,-0.039272,-0.599201,0.071191
1403637263.88839,0.125934,0.011147,-0.313043,-0.796431,-0.038812,-0.599183,0.071916
1403637263.93839,0.125209,0.011287,-0.311137,-0.796477,-0.039010,-0.599157,0.071511
1403637263.98839,0.124539,0.011472,-0.309394,-0.796465,-0.038915,-0.599162,0.071659
1403637264.03839,0.123922,0.011688,-0.307991,-0.796463,-0.038867,-0.599154,0.071763
1403637264.08839,0.123215,0.011882,-0.307083,-0.796496,-0.038934,-0.599122,0.071633
1403637264.13839,0.122252,0.012005,-0.306566,-0.796467,-0.038769,-0.599143,0.071867
1403637264.18839,0.129233,0.013183,-0.303427,-0.796478,-0.038856,-0.599162,0.071549
1403637264.23839,0.131070,0.012974,-0.303531,-0.796546,-0.038695,-0.599044,0.071857
1403637264.28839,0.131145,0.012935,-0.303405,-0.796504,-0.038761,-0.599110,0.071730
1403637264.33839,0.131805,0.012842,-0.303228,-0.796514,-0.038801,-0.599106,0.071636
1403637264.38839,0.131887,0.012846,-0.303097,-0.796540,-0.038809,-0.599062,0.071717
1403637264.43839,0.132066,0.012801,-0.302872,-0.796513,-0.038770,-0.599099,0.071716
1403637264.48839,0.132196,0.012675,-0.302580,-0.796511,-0.038815,-0.599112,0.071617
1403637264.53839,0.132319,0.012671,-0.302295,-0.796525,-0.038729,-0.599080,0.071764
1403637264.58839,0.132457,0.012588,-0.302067,-0.796524,-0.038766,-0.599092,0.071664
1403637264.63839,0.132459,0.012469,-0.301862,-0.796505,-0.038741,-0.599118,0.071670
1403637264.68839,0.132444,0.012390,-0.301711,-0.796506,-0.038725,-0.599112,0.071717
1403637264.73839,0.132435,0.012358,-0.301597,-0.796521,-0.038768,-0.599099,0.071635
1403637264.78839,0.132318,0.012351,-0.301516,-0.796516,-0.038690,-0.599095,0.071771
1403637264.83839,0.132196,0.012215,-0.301428,-0.796512,-0.038775,-0.599117,0.071577
1403637264.88839,0.132084,0.012209,-0.301354,-0.796516,-0.038693,-0.599096,0.071756
1403637264.93839,0.131977,0.012187,-0.301303,-0.796535,-0.038718,-0.599073,0.071727
1403637264.98839,0.131817,0.012129,-0.301228,-0.796537,-0.038779,-0.599080,0.071614
1403637265.03839,0.131681,0.012166,-0.301160,-0.796548,-0.038751,-0.599053,0.071730
1403637265.08839,0.131551,0.012178,-0.301163,-0.796584,-0.038823,-0.599012,0.071633
1403637265.13839,0.131416,0.012212,-0.301183,-0.796581,-0.038810,-0.599015,0.071648
1403637265.18839,0.131217,0.012258,-0.301222,-0.796547,-0.038810,-0.599071,0.071559
1403637265.23839,0.131031,0.012356,-0.301270,-0.796572,-0.038778,-0.599031,0.071630
1403637265.28839,0.130853,0.012392,-0.301267,-0.796570,-0.038837,-0.599037,0.071570
1403637265.33839,0.130701,0.012435,-0.301274,-0.796553,-0.038791,-0.599050,0.071673
1403637265.38839,0.130640,0.012473,-0.301299,-0.796572,-0.038856,-0.599033,0.071570
1403637265.43839,0.130609,0.012561,-0.301314,-0.796569,-0.038779,-0.599028,0.071695
