timestamp,px,py,pz,qx,qy,qz,qw
1403636582.01187,-0.005826,-0.004385,-0.162590,0.824231,-0.015944,0.566019,0.003416
1403636582.06281,-0.016721,-0.005902,-0.245378,0.829665,-0.016215,0.558007,0.004740
1403636582.11291,-0.015973,-0.002231,-0.270686,0.834939,-0.015731,0.550099,0.004547
1403636582.16270,-0.016130,-0.000613,-0.294479,0.838904,-0.015263,0.544059,0.002550
1403636582.21251,-0.015569,0.001210,-0.310938,0.842063,-0.013852,0.539200,0.001384
1403636582.26237,-0.012878,0.002562,-0.318677,0.844009,-0.013155,0.536168,0.000583
1403636582.31254,-0.009106,0.004108,-0.316770,-0.844688,0.012326,-0.535116,0.000707
1403636582.36348,-0.017663,0.003917,-0.283793,-0.846103,0.011078,-0.532904,0.000129
1403636582.41399,-0.015387,0.006940,-0.232527,0.846473,-0.009692,0.532342,0.001051
1403636582.46391,-0.010996,0.009183,-0.200416,0.842659,-0.009938,0.538355,0.001055
1403636582.51491,-0.005332,0.011201,-0.172370,0.839150,-0.008982,0.543813,0.003772
1403636582.56533,-0.001461,0.011810,-0.136466,0.836462,-0.010037,0.547908,0.005162
1403636582.61646,-0.000717,0.012515,-0.094922,0.832172,-0.011039,0.554365,0.006936
1403636582.66420,-0.004109,0.011379,-0.042387,0.829298,-0.014358,0.558580,0.006903
1403636582.71474,-0.005406,0.009528,-0.003870,0.826574,-0.017071,0.562546,0.005156
1403636582.76473,-0.002366,0.007320,0.031914,0.824569,-0.019942,0.565381,0.005753
1403636582.81472,-0.000122,0.004299,0.067075,0.821947,-0.024146,0.569012,0.006723
1403636582.86467,0.002252,0.000910,0.102714,0.818038,-0.028671,0.574375,0.009209
1403636582.91462,0.002011,-0.001556,0.136514,0.813777,-0.032253,0.580180,0.010911
1403636582.96461,0.002079,-0.003815,0.166228,0.809093,-0.032762,0.586616,0.013271
1403636583.01461,0.001238,-0.003626,0.185982,0.807551,-0.031817,0.588678,0.017519
1403636583.06462,0.002476,-0.005609,0.201775,0.804964,-0.031636,0.592238,0.016935
1403636583.11483,0.004581,-0.008896,0.206374,0.805928,-0.031574,0.590916,0.017337
1403636583.16495,0.006367,-0.008445,0.206076,0.810950,-0.030301,0.583975,0.020359
1403636583.21516,0.007684,-0.006758,0.186433,0.812571,-0.025596,0.581693,0.026557
1403636583.26499,0.010753,-0.007065,0.162841,0.814151,-0.026104,0.579550,0.024477
1403636583.31496,0.011299,-0.007696,0.137763,0.814475,-0.025822,0.579153,0.023347
1403636583.36494,0.010949,-0.008823,0.108719,0.814964,-0.024954,0.578520,0.022899
1403636583.41493,0.009010,-0.010919,0.077495,0.815339,-0.024125,0.578110,0.020729
1403636583.46479,0.006683,-0.013415,0.042749,0.816820,-0.021400,0.576167,0.019463
1403636583.51492,0.005414,-0.014731,0.006691,0.817058,-0.020572,0.575909,0.017936
1403636583.56479,0.002887,-0.016460,-0.029874,0.820356,-0.019765,0.571254,0.017138
1403636583.61458,-0.000054,-0.017211,-0.066369,0.825228,-0.020428,0.564117,0.018788
1403636583.66453,-0.002880,-0.017452,-0.102846,0.829811,-0.020531,0.557483,0.014320
1403636583.71446,-0.006713,-0.015405,-0.136729,0.836281,-0.024459,0.547700,0.007803
1403636583.76444,-0.008355,-0.015304,-0.169223,0.841767,-0.028078,0.539110,0.000711
1403636583.81442,-0.012209,-0.013939,-0.197877,-0.847260,0.030996,-0.530266,0.002722
1403636583.86434,-0.016355,-0.013797,-0.223510,-0.850687,0.030188,-0.524804,0.001050
1403636583.91422,-0.018671,-0.015725,-0.245751,0.851763,-0.026673,0.523238,0.003262
1403636583.96415,-0.022450,-0.014566,-0.262110,0.853405,-0.022765,0.520731,0.004544
1403636584.01401,-0.024873,-0.014225,-0.274383,0.852333,-0.018136,0.522647,0.006337
1403636584.06396,-0.026029,-0.008353,-0.279039,-0.851859,0.017834,-0.523468,0.000560
1403636584.11400,-0.028115,-0.005835,-0.275671,-0.853629,0.017161,-0.520577,0.004731
1403636584.16404,-0.028657,-0.003463,-0.263407,-0.856331,0.017189,-0.516063,0.009026
1403636584.21400,-0.028946,-0.001208,-0.241057,-0.860002,0.016067,-0.509952,0.009387
1403636584.26401,-0.025532,-0.000536,-0.217965,-0.859164,0.016387,-0.511334,0.010305
1403636584.31402,-0.020639,0.000825,-0.190733,-0.856999,0.017459,-0.514881,0.012059
1403636584.36402,-0.016332,-0.000118,-0.160304,-0.857147,0.016514,-0.514715,0.009697
1403636584.41408,-0.008958,-0.001317,-0.127671,-0.853554,0.016324,-0.520722,0.005147
1403636584.46409,-0.002864,-0.004055,-0.091782,0.852464,-0.015217,0.522565,0.000523
1403636584.51407,0.003574,-0.005980,-0.054830,0.849266,-0.015639,0.527728,0.002497
1403636584.56408,0.009841,-0.007449,-0.017358,0.844149,-0.017171,0.535817,0.004211
1403636584.61408,0.015470,-0.008765,0.020397,0.837511,-0.018762,0.546048,0.007414
1403636584.66407,0.019510,-0.010216,0.056814,0.830375,-0.023086,0.556659,0.008651
1403636584.71404,0.022193,-0.011672,0.091827,0.823417,-0.025695,0.566756,0.010591
1403636584.76407,0.023620,-0.011894,0.123103,0.816143,-0.027631,0.576989,0.015178
1403636584.81409,0.023981,-0.012344,0.151775,0.810385,-0.028471,0.584948,0.017352
1403636584.86411,0.023172,-0.011575,0.175396,0.805315,-0.030737,0.591793,0.017433
1403636584.91412,0.022104,-0.010422,0.193672,0.801930,-0.031379,0.596354,0.016905
1403636584.96416,0.020954,-0.008972,0.203995,0.799674,-0.033550,0.599246,0.017339
1403636585.01413,0.020757,-0.008660,0.207443,0.799459,-0.035607,0.599388,0.018213
1403636585.06403,0.020876,-0.009003,0.203909,0.800257,-0.038603,0.598153,0.017638
1403636585.11399,0.021289,-0.009380,0.193799,0.801686,-0.039946,0.596186,0.016308
1403636585.16396,0.021621,-0.010519,0.177793,0.803453,-0.043314,0.593579,0.015867
1403636585.21394,0.022001,-0.011863,0.157419,0.805229,-0.046281,0.590943,0.015849
1403636585.26395,0.022736,-0.013406,0.133576,0.807152,-0.046350,0.588219,0.018879
1403636585.31394,0.023182,-0.014852,0.107905,0.808840,-0.045982,0.585829,0.021649
1403636585.36395,0.023134,-0.016108,0.080903,0.810573,-0.043617,0.583508,0.024230
1403636585.41395,0.023173,-0.016950,0.053765,0.812777,-0.041586,0.580490,0.026366
1403636585.46395,0.021852,-0.017291,0.026736,0.815615,-0.037433,0.576813,0.025659
1403636585.51396,0.019381,-0.017632,0.000619,0.818692,-0.034621,0.572679,0.024154
1403636585.56396,0.015250,-0.017699,-0.023632,0.822535,-0.029570,0.567565,0.020776
1403636585.61395,0.009396,-0.017602,-0.045149,0.826656,-0.024861,0.561913,0.016589
1403636585.66395,0.003182,-0.016733,-0.062641,0.831359,-0.022373,0.555184,0.010583
1403636585.71396,-0.003791,-0.015509,-0.076579,0.836152,-0.020638,0.548094,0.004122
1403636585.76396,-0.010046,-0.014740,-0.086638,-0.840897,0.020502,-0.540806,0.000763
1403636585.81396,-0.016104,-0.013475,-0.093267,-0.845288,0.021206,-0.533846,0.006816
1403636585.86396,-0.021762,-0.012408,-0.096871,-0.850186,0.022219,-0.525866,0.012434
1403636585.91397,-0.027559,-0.013290,-0.097702,-0.854355,0.021456,-0.519072,0.013446
1403636585.96397,-0.032057,-0.012949,-0.097590,-0.859798,0.023497,-0.509884,0.014624
1403636586.01397,-0.035870,-0.012582,-0.096667,-0.865848,0.027103,-0.499398,0.013177
1403636586.06397,-0.039120,-0.012607,-0.095209,-0.871995,0.031134,-0.488466,0.007526
1403636586.11394,-0.039398,-0.010842,-0.093858,-0.874659,0.038056,-0.483195,0.006727
1403636586.16393,-0.042234,-0.008863,-0.091153,-0.878822,0.042786,-0.475214,0.003643
1403636586.21392,-0.045508,-0.006375,-0.088534,-0.882348,0.045851,-0.468350,0.002790
1403636586.26391,-0.049448,-0.004175,-0.086293,-0.886152,0.047276,-0.460969,0.002773
1403636586.31390,-0.053756,-0.002654,-0.084352,-0.890307,0.049790,-0.452617,0.003444
1403636586.36390,-0.058843,-0.001904,-0.083000,-0.894691,0.051817,-0.443653,0.003810
1403636586.41390,-0.064077,-0.001326,-0.081759,-0.898718,0.054648,-0.435074,0.005575
1403636586.46390,-0.070051,-0.001671,-0.080926,-0.902884,0.054561,-0.426371,0.005512
1403636586.51390,-0.075563,-0.003055,-0.079793,-0.906484,0.053755,-0.418771,0.005279
1403636586.56390,-0.079996,-0.005375,-0.078194,-0.909257,0.052228,-0.412901,0.005988
1403636586.61391,-0.083064,-0.008733,-0.076135,-0.910900,0.050974,-0.409409,0.006913
1403636586.66392,-0.083574,-0.013181,-0.073968,-0.910905,0.051723,-0.409290,0.007672
1403636586.71395,-0.083928,-0.017797,-0.071486,-0.909955,0.051380,-0.411415,0.008967
1403636586.76393,-0.082789,-0.021846,-0.069795,-0.908170,0.051818,-0.415161,0.013522
1403636586.81392,-0.081129,-0.026571,-0.068509,-0.906409,0.051181,-0.418994,0.015739
1403636586.86390,-0.079322,-0.030136,-0.068261,-0.904899,0.050108,-0.422339,0.016612
1403636586.91388,-0.077315,-0.032040,-0.068359,-0.903903,0.047478,-0.424759,0.016865
1403636586.96386,-0.075064,-0.033084,-0.068557,-0.903130,0.045338,-0.426584,0.018088
1403636587.01384,-0.072261,-0.034053,-0.068296,-0.902919,0.041499,-0.427412,0.018296
1403636587.06382,-0.069748,-0.034848,-0.068153,-0.903470,0.039511,-0.426433,0.018327
1403636587.11381,-0.067212,-0.036306,-0.067815,-0.904780,0.036882,-0.423917,0.017559
1403636587.16380,-0.064749,-0.038985,-0.067943,-0.906086,0.035013,-0.421331,0.016214
1403636587.21381,-0.062153,-0.043048,-0.068154,-0.906886,0.033861,-0.419715,0.015860
1403636587.26382,-0.059532,-0.048745,-0.068419,-0.907471,0.033953,-0.418494,0.014386
1403636587.31382,-0.056517,-0.056326,-0.068908,-0.907808,0.034589,-0.417753,0.013054
1403636587.36383,-0.053310,-0.065979,-0.069111,-0.908156,0.035698,-0.416945,0.011608
1403636587.41383,-0.050191,-0.077082,-0.069660,-0.908415,0.037447,-0.416224,0.011744
1403636587.46384,-0.047459,-0.089908,-0.070118,-0.908832,0.039569,-0.415109,0.011960
1403636587.51384,-0.045140,-0.104364,-0.070367,-0.909229,0.041608,-0.414030,0.012267
1403636587.56385,-0.043247,-0.120420,-0.070607,-0.909394,0.043592,-0.413454,0.012603
1403636587.61385,-0.041078,-0.137804,-0.070324,-0.909176,0.045870,-0.413725,0.011268
1403636587.66386,-0.038814,-0.156205,-0.069617,-0.908155,0.048537,-0.415684,0.010282
1403636587.71386,-0.036252,-0.175208,-0.068701,-0.906579,0.052037,-0.418715,0.009168
1403636587.76386,-0.033816,-0.194195,-0.067786,-0.904772,0.056234,-0.422090,0.008070
1403636587.81387,-0.031781,-0.213097,-0.067441,-0.903399,0.059995,-0.424538,0.006179
1403636587.86388,-0.030033,-0.231602,-0.067895,-0.902823,0.063628,-0.425255,0.004532
1403636587.91387,-0.029040,-0.249677,-0.068959,-0.903244,0.066672,-0.423908,0.002790
1403636587.96388,-0.028150,-0.266480,-0.071243,0.904614,-0.070129,0.420424,0.000168
1403636588.01388,-0.027846,-0.282867,-0.073237,0.906769,-0.073003,0.415234,0.004616
1403636588.06389,-0.027544,-0.297650,-0.074852,0.908611,-0.076301,0.410533,0.008123
1403636588.11389,-0.027301,-0.310422,-0.076483,0.909993,-0.077241,0.407252,0.009673
1403636588.16388,-0.026898,-0.321740,-0.078735,0.910798,-0.077159,0.405437,0.010649
1403636588.21387,-0.026298,-0.330695,-0.081404,0.910953,-0.076801,0.405175,0.010013
1403636588.26385,-0.025792,-0.337846,-0.083355,0.910618,-0.076559,0.405988,0.009380
1403636588.31385,-0.025462,-0.342662,-0.084791,0.909907,-0.076561,0.407610,0.007887
1403636588.36383,-0.025462,-0.345475,-0.085609,0.909212,-0.075796,0.409324,0.006558
1403636588.41382,-0.025923,-0.345894,-0.086513,0.908488,-0.076576,0.410803,0.005216
1403636588.46382,-0.026548,-0.344250,-0.087124,0.908219,-0.077286,0.411273,0.004481
1403636588.51379,-0.027658,-0.340830,-0.086473,0.908449,-0.077557,0.410689,0.006240
1403636588.56378,-0.028697,-0.335183,-0.084956,0.908441,-0.077558,0.410688,0.007490
1403636588.61378,-0.030075,-0.327024,-0.083018,0.908274,-0.077619,0.411051,0.007157
1403636588.66378,-0.031744,-0.316982,-0.080843,0.908138,-0.076853,0.411505,0.006606
1403636588.71377,-0.034047,-0.304935,-0.079602,0.908386,-0.076141,0.411116,0.004605
1403636588.76377,-0.036435,-0.291589,-0.078897,0.909150,-0.073703,0.409882,0.003264
1403636588.81376,-0.038663,-0.276917,-0.078377,0.909919,-0.071827,0.408514,0.002016
1403636588.86376,-0.040514,-0.260520,-0.078093,0.910360,-0.070300,0.407803,0.000209
1403636588.91376,-0.042388,-0.242334,-0.077247,-0.910405,0.068591,-0.407987,0.001978
1403636588.96375,-0.044430,-0.222881,-0.075892,-0.910232,0.066243,-0.408750,0.003558
1403636589.01375,-0.046759,-0.202355,-0.073885,-0.909606,0.063575,-0.410546,0.005196
1403636589.06374,-0.049338,-0.180976,-0.071368,-0.908670,0.060613,-0.413033,0.006980
1403636589.11374,-0.051480,-0.159209,-0.068898,-0.907687,0.057179,-0.415649,0.008388
1403636589.16373,-0.053378,-0.136666,-0.065886,-0.906729,0.054925,-0.418012,0.009590
1403636589.21373,-0.055373,-0.113296,-0.062840,-0.906234,0.052961,-0.419308,0.010796
1403636589.26373,-0.057511,-0.089344,-0.060407,-0.906370,0.050911,-0.419237,0.011899
1403636589.31373,-0.059526,-0.065080,-0.058670,-0.907013,0.047778,-0.418177,0.013113
1403636589.36373,-0.061571,-0.040458,-0.057961,-0.908010,0.045179,-0.416252,0.014498
1403636589.41373,-0.063227,-0.016101,-0.057518,-0.908882,0.042056,-0.414653,0.015097
1403636589.46373,-0.064931,0.008101,-0.057251,-0.909107,0.039752,-0.414389,0.015027
1403636589.51374,-0.066596,0.032425,-0.057480,-0.908775,0.038504,-0.415219,0.015441
1403636589.56375,-0.068472,0.056869,-0.057712,-0.908240,0.037088,-0.416473,0.016559
1403636589.61375,-0.070150,0.080915,-0.058099,-0.907730,0.035402,-0.417728,0.016621
1403636589.66375,-0.071985,0.104889,-0.058502,-0.907213,0.033725,-0.418958,0.017356
1403636589.71375,-0.074032,0.128345,-0.059205,-0.906908,0.032391,-0.419680,0.018351
1403636589.76375,-0.075560,0.151358,-0.060883,-0.907155,0.029903,-0.419244,0.020238
1403636589.81375,-0.077567,0.173356,-0.062352,-0.907907,0.027377,-0.417593,0.023915
1403636589.86375,-0.079269,0.193568,-0.064403,-0.909226,0.024445,-0.414705,0.027006
1403636589.91375,-0.080390,0.211925,-0.067012,-0.910541,0.021274,-0.411784,0.029923
1403636589.96376,-0.081593,0.228842,-0.069211,-0.911206,0.018989,-0.410089,0.034211
1403636590.01377,-0.082805,0.244185,-0.070398,-0.910803,0.016917,-0.410644,0.039022
1403636590.06377,-0.083546,0.256668,-0.070485,-0.909627,0.014841,-0.413067,0.041633
1403636590.11377,-0.083943,0.265966,-0.070969,-0.908126,0.012760,-0.416221,0.043629
1403636590.16377,-0.084455,0.272949,-0.070128,-0.906583,0.011407,-0.419334,0.046217
1403636590.21378,-0.085195,0.276596,-0.068968,-0.905592,0.010419,-0.421383,0.047229
1403636590.26379,-0.086116,0.277013,-0.067913,-0.905315,0.009718,-0.422026,0.046948
1403636590.31380,-0.087275,0.274161,-0.067009,-0.905751,0.009248,-0.421246,0.045631
1403636590.36381,-0.088435,0.268502,-0.066252,-0.906327,0.010253,-0.420217,0.043410
1403636590.41382,-0.090065,0.260013,-0.065051,-0.906693,0.011312,-0.419633,0.041094
1403636590.46382,-0.091472,0.248285,-0.063764,-0.906710,0.013351,-0.419849,0.037769
1403636590.51381,-0.092882,0.234144,-0.061981,-0.906295,0.014724,-0.420968,0.034609
1403636590.56381,-0.094098,0.217875,-0.060250,-0.905719,0.016347,-0.422412,0.031211
1403636590.61380,-0.095168,0.199934,-0.058589,-0.905105,0.017866,-0.423834,0.028801
1403636590.66379,-0.095942,0.180568,-0.057472,-0.904764,0.020069,-0.424625,0.026328
1403636590.71378,-0.096414,0.160009,-0.056894,-0.904900,0.022176,-0.424356,0.024219
1403636590.76377,-0.096499,0.138579,-0.057148,-0.905540,0.025144,-0.422902,0.022786
1403636590.81376,-0.096117,0.116521,-0.058139,-0.906639,0.027289,-0.420385,0.023170
1403636590.86376,-0.095283,0.093543,-0.059742,-0.907894,0.029803,-0.417485,0.023373
1403636590.91376,-0.094086,0.069755,-0.061395,-0.909005,0.031560,-0.414962,0.022825
1403636590.96376,-0.092736,0.045512,-0.063023,-0.909541,0.032761,-0.413759,0.021567
1403636591.01376,-0.090939,0.021536,-0.064712,-0.909557,0.033148,-0.413704,0.021377
1403636591.06376,-0.088747,-0.001741,-0.066381,-0.909183,0.033199,-0.414469,0.022345
1403636591.11376,-0.086370,-0.024599,-0.067571,-0.908899,0.033353,-0.415019,0.023442
1403636591.16376,-0.084019,-0.046555,-0.068760,-0.908820,0.034778,-0.415029,0.024239
1403636591.21376,-0.081605,-0.067580,-0.070057,-0.909088,0.035887,-0.414340,0.024362
1403636591.26375,-0.079259,-0.087244,-0.072093,-0.909589,0.037287,-0.413138,0.023975
1403636591.31375,-0.077000,-0.105147,-0.074712,-0.910169,0.038737,-0.411789,0.022832
1403636591.36375,-0.075111,-0.120789,-0.077812,-0.910689,0.040892,-0.410503,0.021442
1403636591.41375,-0.073234,-0.134024,-0.081484,-0.910877,0.043041,-0.409923,0.020326
1403636591.46376,-0.071068,-0.145015,-0.085756,-0.910817,0.045088,-0.409842,0.020232
1403636591.51376,-0.068270,-0.155161,-0.089971,-0.910382,0.046582,-0.410746,0.017977
1403636591.56376,-0.064995,-0.164298,-0.094206,-0.908755,0.050546,-0.414038,0.013504
1403636591.61376,-0.060843,-0.172386,-0.098467,-0.905945,0.056209,-0.419577,0.007670
1403636591.66378,-0.056753,-0.178680,-0.101990,-0.901780,0.060707,-0.427903,0.002417
1403636591.71378,-0.052924,-0.183197,-0.104519,0.897092,-0.063400,0.437264,0.002528
1403636591.76378,-0.049280,-0.187010,-0.105617,0.892301,-0.065809,0.446548,0.007946
1403636591.81377,-0.045543,-0.190432,-0.105573,0.887250,-0.068946,0.455913,0.013354
1403636591.86377,-0.042068,-0.193446,-0.105176,0.882981,-0.072107,0.463511,0.017429
1403636591.91376,-0.038266,-0.196680,-0.104577,0.880174,-0.076014,0.468064,0.020794
1403636591.96376,-0.034784,-0.200134,-0.104057,0.879680,-0.080976,0.468084,0.022422
1403636592.01375,-0.029594,-0.204997,-0.104219,0.880996,-0.085933,0.464626,0.024158
1403636592.06374,-0.022579,-0.211209,-0.104696,0.882171,-0.092213,0.461054,0.026449
1403636592.11374,-0.014228,-0.218234,-0.105402,0.883313,-0.098089,0.457501,0.028811
1403636592.16374,-0.004745,-0.225715,-0.106257,0.884676,-0.103626,0.453484,0.031018
1403636592.21374,0.005573,-0.233073,-0.107276,0.886480,-0.107408,0.448935,0.032770
1403636592.26373,0.016668,-0.239988,-0.107682,0.888338,-0.109119,0.444705,0.034452
1403636592.31372,0.028898,-0.245341,-0.108215,0.890153,-0.109506,0.440989,0.034134
1403636592.36372,0.042574,-0.248761,-0.108747,0.891653,-0.110387,0.437933,0.031382
1403636592.41372,0.057223,-0.250164,-0.108748,0.893133,-0.108164,0.435703,0.027876
1403636592.46373,0.073417,-0.249077,-0.108368,0.893683,-0.104634,0.435680,0.023795
1403636592.51373,0.090285,-0.245529,-0.107597,0.893157,-0.098709,0.438356,0.019265
1403636592.56374,0.107565,-0.239474,-0.107023,0.891799,-0.091494,0.442828,0.015082
1403636592.61375,0.124797,-0.231027,-0.107088,0.890286,-0.082635,0.447714,0.010647
1403636592.66375,0.141712,-0.220455,-0.107674,0.889171,-0.073414,0.451594,0.006981
1403636592.71376,0.157531,-0.207247,-0.108262,0.888669,-0.063990,0.454057,0.002285
1403636592.76375,0.171862,-0.191052,-0.109052,-0.888850,0.053544,-0.455038,0.004314
1403636592.81374,0.184068,-0.171643,-0.109623,-0.889367,0.042940,-0.454988,0.012950
1403636592.86372,0.193281,-0.149018,-0.110867,-0.890360,0.031860,-0.453528,0.023591
1403636592.91371,0.199412,-0.123929,-0.112522,-0.891624,0.020454,-0.451084,0.033342
1403636592.96370,0.201887,-0.096373,-0.113748,-0.892790,0.009338,-0.448317,0.043020
1403636593.01370,0.200113,-0.066684,-0.114868,-0.893731,-0.002160,-0.445457,0.052988
1403636593.06369,0.194996,-0.035412,-0.115482,-0.894421,-0.013701,-0.442762,0.061519
1403636593.11368,0.186157,-0.003657,-0.115352,-0.894607,-0.025706,-0.440793,0.068698
1403636593.16369,0.172935,0.028672,-0.114367,-0.894182,-0.035129,-0.439391,0.078356
1403636593.21369,0.157130,0.059755,-0.112858,-0.893520,-0.041783,-0.438343,0.087927
1403636593.26370,0.138468,0.089130,-0.111147,-0.892782,-0.047394,-0.437098,0.098184
1403636593.31370,0.118184,0.115125,-0.109689,-0.892946,-0.051899,-0.434722,0.104745
1403636593.36371,0.096317,0.136732,-0.109133,-0.893577,-0.055673,-0.432221,0.107729
1403636593.41372,0.073050,0.153953,-0.109117,-0.894321,-0.057689,-0.430033,0.109236
1403636593.46373,0.048468,0.165987,-0.109750,-0.895087,-0.058626,-0.428569,0.108218
1403636593.51373,0.023549,0.173480,-0.111605,-0.896161,-0.056229,-0.427313,0.105529
1403636593.56373,0.000197,0.176259,-0.114611,-0.897654,-0.052050,-0.425246,0.103317
1403636593.61373,-0.023723,0.174892,-0.117868,-0.899788,-0.045462,-0.422172,0.100428
1403636593.66371,-0.046782,0.168966,-0.121038,-0.902262,-0.036801,-0.418306,0.097920
1403636593.71371,-0.069227,0.158846,-0.124092,-0.904954,-0.026577,-0.414420,0.092773
1403636593.76369,-0.090370,0.145388,-0.127188,-0.907137,-0.013325,-0.411784,0.085789
1403636593.81367,-0.110247,0.127851,-0.129831,-0.908309,0.001524,-0.411236,0.076530
1403636593.86364,-0.127623,0.106869,-0.131370,-0.907962,0.018490,-0.413369,0.066246
1403636593.91362,-0.142738,0.083677,-0.132214,-0.906307,0.036024,-0.417490,0.054883
1403636593.96361,-0.155894,0.058684,-0.132273,-0.903768,0.053474,-0.422545,0.042429
1403636594.01361,-0.166649,0.032214,-0.131570,-0.900914,0.070027,-0.427306,0.029307
1403636594.06361,-0.174521,0.004524,-0.130620,-0.898231,0.086412,-0.430641,0.016182
1403636594.11362,-0.179164,-0.023515,-0.129803,-0.896059,0.101770,-0.432085,0.004886
1403636594.16364,-0.180184,-0.052089,-0.129915,0.894600,-0.116019,0.431510,0.005413
1403636594.21365,-0.176515,-0.081154,-0.130379,0.893665,-0.127412,0.430012,0.014784
1403636594.26366,-0.168746,-0.110389,-0.131478,0.892905,-0.136320,0.428475,0.023397
1403636594.31366,-0.157447,-0.139588,-0.131996,0.892314,-0.142172,0.427297,0.031299
1403636594.36365,-0.142466,-0.168279,-0.132961,0.891471,-0.146324,0.427045,0.038740
1403636594.41364,-0.123828,-0.196422,-0.133466,0.890009,-0.148246,0.428795,0.045195
1403636594.46363,-0.103680,-0.222679,-0.134185,0.888080,-0.147821,0.432290,0.050873
1403636594.51362,-0.081257,-0.246524,-0.134448,0.885814,-0.146085,0.437055,0.054553
1403636594.56362,-0.057531,-0.266114,-0.134599,0.883123,-0.146288,0.442306,0.055317
1403636594.61361,-0.033364,-0.280615,-0.134945,0.881125,-0.145816,0.446528,0.054488
1403636594.66361,-0.009244,-0.289017,-0.135313,0.879453,-0.146038,0.449988,0.052397
1403636594.71359,0.014625,-0.290682,-0.136031,0.878800,-0.143542,0.452360,0.049777
1403636594.76359,0.037319,-0.285903,-0.137245,0.878632,-0.138542,0.454691,0.045466
1403636594.81359,0.059101,-0.274055,-0.139297,0.878953,-0.129734,0.457217,0.039547
1403636594.86358,0.079450,-0.255885,-0.141320,0.879292,-0.119377,0.459904,0.032921
1403636594.91358,0.097395,-0.231470,-0.143307,0.879706,-0.105585,0.462921,0.025926
1403636594.96359,0.111856,-0.201031,-0.144623,0.880419,-0.089418,0.465354,0.017697
1403636595.01359,0.123102,-0.165230,-0.145924,0.881064,-0.072172,0.467428,0.005358
1403636595.06358,0.129803,-0.126309,-0.147113,-0.882280,0.053740,-0.467605,0.006220
1403636595.11357,0.133492,-0.086251,-0.148489,-0.883820,0.036455,-0.466025,0.018791
1403636595.16357,0.133424,-0.046379,-0.150137,-0.885170,0.020550,-0.463784,0.030929
1403636595.21356,0.130412,-0.008140,-0.151285,-0.886317,0.006477,-0.460959,0.043795
1403636595.26356,0.124109,0.026703,-0.152282,-0.887054,-0.006907,-0.458247,0.055654
1403636595.31355,0.112854,0.057826,-0.152494,-0.887591,-0.018651,-0.455555,0.065610
1403636595.36356,0.100179,0.082703,-0.152939,-0.887888,-0.028465,-0.453390,0.072685
1403636595.41356,0.085720,0.101272,-0.153175,-0.888070,-0.034464,-0.451724,0.078032
1403636595.46356,0.069779,0.113079,-0.153242,-0.888389,-0.039032,-0.450138,0.081346
1403636595.51357,0.052909,0.117667,-0.153389,-0.889122,-0.040464,-0.448191,0.083361
1403636595.56356,0.036308,0.115524,-0.154121,-0.890160,-0.042916,-0.445758,0.084101
1403636595.61358,0.019524,0.106290,-0.155394,-0.891327,-0.042614,-0.443615,0.083222
1403636595.66358,0.002375,0.091338,-0.156855,-0.892624,-0.040945,-0.441786,0.079822
1403636595.71359,-0.013508,0.071054,-0.158750,-0.893726,-0.035800,-0.440906,0.074655
1403636595.76358,-0.028901,0.046186,-0.161160,-0.894707,-0.030066,-0.440724,0.066012
1403636595.81357,-0.044035,0.018629,-0.163823,-0.895413,-0.020696,-0.441358,0.054872
1403636595.86356,-0.058018,-0.010571,-0.166899,-0.895893,-0.010384,-0.442035,0.043284
1403636595.91357,-0.072771,-0.039443,-0.170047,-0.896395,0.002318,-0.442045,0.032670
1403636595.96357,-0.087937,-0.067113,-0.172673,-0.897074,0.014954,-0.441066,0.022267
1403636596.01355,-0.105058,-0.092325,-0.174578,-0.898121,0.026995,-0.438761,0.011789
1403636596.06354,-0.122578,-0.113121,-0.176049,-0.898905,0.039792,-0.436325,0.002463
1403636596.11354,-0.140549,-0.128099,-0.177069,0.899465,-0.051385,0.433934,0.004915
1403636596.16355,-0.158421,-0.136069,-0.176951,0.899605,-0.060449,0.432393,0.009637
1403636596.21356,-0.175569,-0.136733,-0.175392,0.899106,-0.066889,0.432419,0.012205
1403636596.26357,-0.192589,-0.130009,-0.172408,0.898321,-0.071643,0.433287,0.012237
1403636596.31357,-0.210268,-0.117542,-0.167533,0.897183,-0.074945,0.435100,0.011550
1403636596.36357,-0.228564,-0.100849,-0.161589,0.896049,-0.076638,0.437126,0.012001
1403636596.41355,-0.247396,-0.081214,-0.155183,0.894815,-0.076153,0.439696,0.013176
1403636596.46354,-0.265416,-0.060728,-0.149406,0.893568,-0.073875,0.442588,0.013962
1403636596.51355,-0.283144,-0.040974,-0.143578,0.892541,-0.070613,0.445165,0.014589
1403636596.56355,-0.298555,-0.022385,-0.138270,0.891803,-0.066903,0.447197,0.015077
1403636596.61355,-0.312919,-0.005352,-0.134256,0.891846,-0.065420,0.447301,0.015881
1403636596.66355,-0.323052,0.009113,-0.131189,0.892446,-0.064577,0.446227,0.015835
1403636596.71356,-0.329715,0.020373,-0.129805,0.893127,-0.063347,0.445052,0.015462
1403636596.76357,-0.331535,0.027666,-0.129254,0.893209,-0.060477,0.445275,0.015834
1403636596.81357,-0.328227,0.031068,-0.129858,0.892159,-0.058784,0.447575,0.016556
1403636596.86357,-0.319399,0.030716,-0.130854,0.890904,-0.055888,0.450345,0.018849
1403636596.91357,-0.305782,0.027204,-0.132381,0.889624,-0.054485,0.452959,0.020716
1403636596.96357,-0.286585,0.021446,-0.134056,0.889672,-0.052318,0.452975,0.023692
1403636597.01357,-0.263059,0.014084,-0.136030,0.890732,-0.052705,0.450785,0.024738
1403636597.06358,-0.236311,0.005437,-0.138633,0.893222,-0.051747,0.445905,0.025396
1403636597.11357,-0.206539,-0.003898,-0.141034,0.895920,-0.050666,0.440728,0.022805
1403636597.16357,-0.174688,-0.013466,-0.142700,0.898416,-0.046386,0.436244,0.019710
1403636597.21356,-0.141034,-0.023206,-0.142644,0.900018,-0.041041,0.433634,0.015646
1403636597.26356,-0.106297,-0.032367,-0.140996,0.900564,-0.034658,0.433178,0.011856
1403636597.31355,-0.071134,-0.040479,-0.139177,0.900236,-0.027129,0.434479,0.008206
1403636597.36354,-0.035520,-0.046791,-0.136924,0.899373,-0.020188,0.436704,0.003255
1403636597.41354,-0.001093,-0.051811,-0.135169,0.898555,-0.011572,0.438709,0.000026
1403636597.46354,0.031564,-0.054501,-0.133979,-0.897708,0.003129,-0.440556,0.004457
1403636597.51355,0.060355,-0.054706,-0.133725,-0.896671,-0.006901,-0.442550,0.009155
1403636597.56356,0.084234,-0.051764,-0.133735,-0.895110,-0.015629,-0.445262,0.016608
1403636597.61356,0.102656,-0.045727,-0.134263,-0.892905,-0.023893,-0.448876,0.025696
1403636597.66356,0.115240,-0.036764,-0.135675,-0.890344,-0.031824,-0.452809,0.035188
1403636597.71355,0.121656,-0.025549,-0.136909,-0.887660,-0.039407,-0.456711,0.043828
1403636597.76355,0.121777,-0.013113,-0.137941,-0.885096,-0.046239,-0.460374,0.050223
1403636597.81355,0.115990,-0.000650,-0.138415,-0.882681,-0.052195,-0.463799,0.055145
1403636597.86355,0.105447,0.010714,-0.139120,-0.880892,-0.057974,-0.466278,0.057037
1403636597.91355,0.090614,0.020635,-0.139838,-0.879685,-0.064112,-0.467588,0.058360
1403636597.96355,0.072821,0.028821,-0.140906,-0.879564,-0.069098,-0.467132,0.058143
1403636598.01355,0.052224,0.035442,-0.142139,-0.880389,-0.072759,-0.465051,0.057865
1403636598.06355,0.030203,0.040500,-0.144100,-0.882132,-0.074117,-0.461566,0.057493
1403636598.11356,0.007287,0.043954,-0.147050,-0.884879,-0.073873,-0.456218,0.058287
1403636598.16356,-0.015006,0.045295,-0.150880,-0.888567,-0.073330,-0.449279,0.056750
1403636598.21356,-0.035811,0.044595,-0.155968,-0.893073,-0.072103,-0.440758,0.054360
1403636598.26355,-0.053800,0.042358,-0.162214,-0.897441,-0.072380,-0.432186,0.050747
1403636598.36354,-0.076991,0.033951,-0.176134,-0.903056,-0.070278,-0.421568,0.042799
1403636598.41353,-0.081312,0.028374,-0.183710,-0.904220,-0.068164,-0.419807,0.038754
1403636598.46353,-0.080468,0.022353,-0.191285,-0.904230,-0.068172,-0.420045,0.035820
1403636598.51352,-0.074800,0.016384,-0.198455,-0.903076,-0.067735,-0.422635,0.035285
1403636598.56352,-0.063882,0.010648,-0.205040,-0.900601,-0.069731,-0.427421,0.036979
1403636598.61352,-0.049451,0.005143,-0.211472,-0.897239,-0.071131,-0.433944,0.039942
1403636598.66353,-0.032696,0.000024,-0.217832,-0.893305,-0.073923,-0.441150,0.043909
1403636598.71353,-0.014928,-0.004523,-0.225386,-0.888589,-0.076912,-0.449544,0.049026
1403636598.76353,0.003108,-0.008604,-0.234103,-0.882993,-0.080494,-0.459144,0.055055
1403636598.81353,0.020812,-0.012511,-0.244044,-0.877234,-0.082760,-0.468983,0.060556
1403636598.86353,0.037127,-0.016440,-0.254881,-0.871165,-0.083659,-0.479467,0.064676
1403636598.91354,0.052317,-0.020342,-0.266595,-0.865859,-0.082862,-0.488748,0.067431
1403636598.96354,0.066379,-0.024042,-0.278450,-0.861240,-0.083097,-0.496844,0.067123
1403636599.01354,0.078447,-0.027001,-0.290222,-0.857227,-0.083755,-0.503539,0.067796
1403636599.06354,0.089008,-0.029085,-0.300177,-0.852590,-0.083410,-0.510993,0.070844
1403636599.11354,0.098017,-0.030866,-0.308568,-0.847221,-0.083696,-0.519116,0.075694
1403636599.16355,0.105870,-0.032121,-0.314679,-0.840255,-0.083538,-0.529492,0.081438
1403636599.21355,0.113537,-0.033231,-0.319521,-0.831436,-0.083314,-0.543135,0.082321
1403636599.26355,0.120921,-0.033877,-0.323659,-0.822668,-0.080865,-0.556359,0.084518
1403636599.31355,0.127262,-0.034469,-0.327561,-0.815109,-0.078576,-0.567465,0.086061
1403636599.36355,0.133258,-0.035046,-0.331821,-0.809723,-0.076353,-0.575432,0.086006
1403636599.41355,0.138319,-0.035594,-0.336419,-0.806549,-0.075390,-0.580408,0.083189
1403636599.46356,0.142847,-0.036238,-0.341314,-0.805521,-0.074553,-0.582523,0.079017
1403636599.51356,0.146420,-0.036640,-0.346019,-0.806764,-0.070735,-0.581643,0.076296
1403636599.56356,0.149322,-0.037173,-0.350424,-0.808816,-0.067112,-0.579528,0.073892
1403636599.61356,0.150954,-0.037801,-0.354910,-0.811031,-0.064864,-0.576871,0.072401
1403636599.66356,0.152083,-0.038700,-0.359243,-0.812644,-0.064053,-0.574950,0.070285
1403636599.71356,0.152374,-0.039547,-0.362457,-0.811928,-0.062979,-0.576062,0.070422
1403636599.76357,0.152001,-0.040831,-0.362450,-0.806499,-0.064000,-0.583417,0.071331
1403636599.81357,0.151752,-0.041805,-0.362210,-0.801843,-0.063336,-0.589830,0.071671
1403636599.86357,0.151234,-0.042428,-0.362608,-0.798064,-0.062366,-0.594926,0.072575
1403636599.91357,0.150465,-0.043165,-0.362946,-0.796741,-0.061638,-0.596564,0.074276
1403636599.96357,0.150591,-0.043721,-0.363320,-0.797420,-0.059652,-0.595855,0.074297
1403636600.01357,0.150506,-0.044204,-0.363741,-0.797820,-0.058362,-0.595432,0.074415
1403636600.06357,0.150592,-0.045122,-0.364773,-0.797704,-0.056913,-0.595453,0.076588
1403636600.11357,0.150339,-0.045858,-0.364636,-0.795687,-0.055423,-0.597994,0.078824
1403636600.16357,0.150159,-0.046357,-0.364620,-0.795341,-0.056385,-0.598511,0.077700
1403636600.21357,0.150190,-0.045968,-0.364689,-0.795515,-0.055588,-0.598204,0.078857
1403636600.26357,0.150157,-0.045909,-0.364666,-0.795509,-0.055573,-0.598173,0.079157
1403636600.31357,0.150014,-0.045865,-0.364613,-0.795520,-0.055288,-0.598128,0.079585
1403636600.36357,0.149975,-0.045795,-0.364540,-0.795463,-0.054889,-0.598183,0.080011
1403636600.41356,0.150012,-0.045774,-0.364484,-0.795464,-0.054985,-0.598167,0.080060
1403636600.46356,0.149909,-0.045648,-0.364434,-0.795495,-0.054628,-0.598091,0.080562
1403636600.51357,0.149913,-0.045749,-0.364329,-0.795395,-0.054702,-0.598266,0.080202
1403636600.56356,0.149994,-0.045726,-0.364338,-0.795493,-0.055052,-0.598141,0.079929
1403636600.61356,0.149977,-0.045567,-0.364332,-0.795500,-0.054669,-0.598099,0.080425
1403636600.66356,0.149962,-0.045635,-0.364334,-0.795564,-0.054749,-0.598033,0.080232
1403636600.71356,0.149977,-0.045612,-0.364344,-0.795616,-0.054794,-0.597958,0.080239
1403636600.76356,0.149983,-0.045534,-0.364325,-0.795597,-0.054630,-0.597965,0.080490
1403636600.81356,0.149960,-0.045634,-0.364300,-0.795596,-0.054887,-0.597997,0.080084
1403636600.86356,0.149934,-0.045522,-0.364312,-0.795645,-0.054655,-0.597904,0.080458
1403636600.91356,0.149988,-0.045593,-0.364280,-0.795629,-0.054860,-0.597950,0.080129
1403636600.96356,0.149935,-0.045510,-0.364281,-0.795672,-0.054590,-0.597872,0.080461
1403636601.01356,0.149924,-0.045626,-0.364254,-0.795681,-0.054907,-0.597889,0.080039
1403636601.06356,0.149931,-0.045495,-0.364261,-0.795691,-0.054603,-0.597849,0.080440
1403636601.11356,0.149929,-0.045579,-0.364232,-0.795703,-0.054865,-0.597859,0.080078
1403636601.16356,0.149888,-0.045498,-0.364242,-0.795699,-0.054649,-0.597841,0.080390
1403636601.21356,0.149906,-0.045571,-0.364242,-0.795698,-0.054888,-0.597862,0.080082
1403636601.26356,0.149918,-0.045488,-0.364259,-0.795715,-0.054643,-0.597813,0.080441
1403636601.31356,0.149911,-0.045620,-0.364259,-0.795706,-0.054905,-0.597846,0.080105
1403636601.36356,0.149920,-0.045547,-0.364297,-0.795715,-0.054687,-0.597822,0.080352
1403636601.41356,0.149961,-0.045563,-0.364290,-0.795719,-0.054814,-0.597829,0.080170
1403636601.46356,0.149952,-0.045510,-0.364284,-0.795713,-0.054681,-0.597826,0.080338
1403636601.51356,0.149937,-0.045578,-0.364275,-0.795668,-0.054771,-0.597897,0.080203
1403636601.56356,0.149928,-0.045526,-0.364289,-0.795657,-0.054638,-0.597907,0.080327
1403636601.61356,0.149891,-0.045532,-0.364334,-0.795669,-0.054736,-0.597891,0.080260
1403636601.66356,0.149908,-0.045547,-0.364348,-0.795625,-0.054723,-0.597954,0.080233
1403636601.71356,0.149846,-0.045534,-0.364386,-0.795634,-0.054738,-0.597935,0.080276
1403636601.76356,0.149893,-0.045535,-0.364389,-0.795622,-0.054769,-0.597955,0.080225
1403636601.81356,0.149894,-0.045518,-0.364399,-0.795659,-0.054770,-0.597891,0.080334
1403636601.86356,0.149936,-0.045553,-0.364361,-0.795638,-0.054782,-0.597929,0.080252
1403636601.91356,0.149918,-0.045568,-0.364346,-0.795644,-0.054754,-0.597915,0.080310
1403636601.96356,0.149894,-0.045588,-0.364321,-0.795652,-0.054839,-0.597910,0.080212
1403636602.01356,0.149867,-0.045581,-0.364297,-0.795629,-0.054773,-0.597935,0.080298
1403636602.06356,0.149838,-0.045626,-0.364300,-0.795658,-0.054913,-0.597900,0.080179
1403636602.11356,0.149860,-0.045562,-0.364311,-0.795667,-0.054763,-0.597882,0.080331
1403636602.16356,0.149864,-0.045616,-0.364347,-0.795684,-0.054940,-0.597867,0.080155
1403636602.21356,0.149864,-0.045549,-0.364357,-0.795666,-0.054782,-0.597879,0.080343
1403636602.26356,0.149833,-0.045621,-0.364363,-0.795689,-0.054998,-0.597863,0.080087
1403636602.31356,0.149842,-0.045536,-0.364360,-0.795694,-0.054845,-0.597838,0.080327
1403636602.36356,0.149842,-0.045560,-0.364357,-0.795705,-0.054989,-0.597831,0.080174
1403636602.41356,0.149842,-0.045530,-0.364357,-0.795682,-0.054895,-0.597848,0.080338
1403636602.46356,0.149845,-0.045567,-0.364342,-0.795664,-0.054939,-0.597877,0.080267
1403636602.51356,0.149789,-0.045581,-0.364342,-0.795686,-0.054901,-0.597851,0.080282
1403636602.56356,0.149786,-0.045605,-0.364329,-0.795687,-0.054914,-0.597846,0.080295
1403636602.61356,0.149772,-0.045635,-0.364326,-0.795705,-0.054952,-0.597820,0.080278
1403636602.66356,0.149797,-0.045633,-0.364322,-0.795705,-0.054951,-0.597823,0.080258
1403636602.71356,0.149797,-0.045611,-0.364312,-0.795694,-0.054930,-0.597836,0.080288
1403636602.76356,0.149798,-0.045597,-0.364308,-0.795695,-0.054917,-0.597841,0.080255
1403636602.81356,0.149757,-0.045606,-0.364329,-0.795680,-0.054942,-0.597860,0.080243
1403636602.86356,0.149745,-0.045593,-0.364328,-0.795676,-0.054917,-0.597861,0.080289
1403636602.91356,0.149730,-0.045618,-0.364317,-0.795673,-0.054988,-0.597864,0.080242
1403636602.96356,0.149748,-0.045598,-0.364296,-0.795657,-0.054922,-0.597886,0.080289
1403636603.01356,0.149787,-0.045595,-0.364305,-0.795663,-0.054990,-0.597884,0.080196
1403636603.06356,0.149806,-0.045558,-0.364315,-0.795659,-0.054948,-0.597878,0.080305
1403636603.11356,0.149772,-0.045577,-0.364321,-0.795646,-0.055002,-0.597910,0.080164
1403636603.16356,0.149733,-0.045559,-0.364316,-0.795661,-0.054946,-0.597885,0.080241
1403636603.21356,0.149703,-0.045584,-0.364313,-0.795670,-0.054998,-0.597870,0.080228
1403636603.26356,0.149718,-0.045605,-0.364317,-0.795656,-0.054991,-0.597878,0.080302
1403636603.31356,0.149732,-0.045639,-0.364324,-0.795653,-0.055034,-0.597886,0.080249
1403636603.36356,0.149723,-0.045654,-0.364330,-0.795633,-0.055012,-0.597907,0.080310
1403636603.41356,0.149746,-0.045688,-0.364328,-0.795623,-0.055041,-0.597922,0.080272
1403636603.46356,0.149735,-0.045669,-0.364330,-0.795634,-0.055034,-0.597907,0.080278
1403636603.51356,0.149722,-0.045663,-0.364307,-0.795669,-0.055038,-0.597864,0.080243
1403636603.56356,0.149723,-0.045651,-0.364291,-0.795672,-0.055047,-0.597855,0.080280
1403636603.61356,0.149732,-0.045634,-0.364284,-0.795680,-0.055064,-0.597846,0.080264
1403636603.66356,0.149735,-0.045631,-0.364271,-0.795671,-0.055057,-0.597858,0.080259
1403636603.71356,0.149718,-0.045648,-0.364261,-0.795678,-0.055053,-0.597846,0.080286
1403636603.76356,0.149707,-0.045665,-0.364258,-0.795698,-0.055028,-0.597818,0.080316
1403636603.81356,0.149699,-0.045692,-0.364286,-0.795713,-0.055070,-0.597795,0.080303
1403636603.86356,0.149736,-0.045704,-0.364271,-0.795633,-0.055052,-0.597900,0.080325
1403636603.91356,0.149707,-0.045707,-0.364298,-0.795677,-0.055032,-0.597833,0.080407
1403636603.96356,0.149743,-0.045759,-0.364270,-0.795634,-0.055115,-0.597902,0.080263
1403636604.01356,0.149719,-0.045723,-0.364283,-0.795636,-0.055012,-0.597883,0.080458
1403636604.06356,0.149735,-0.045768,-0.364291,-0.795638,-0.055085,-0.597888,0.080348
1403636604.11356,0.149730,-0.045750,-0.364294,-0.795619,-0.055030,-0.597903,0.080456
1403636604.16355,0.149703,-0.045793,-0.364289,-0.795612,-0.055129,-0.597917,0.080353
1403636604.21355,0.149705,-0.045770,-0.364284,-0.795618,-0.055062,-0.597906,0.080423
1403636604.26355,0.149701,-0.045783,-0.364268,-0.795616,-0.055081,-0.597910,0.080401
1403636604.31355,0.149691,-0.045770,-0.364251,-0.795621,-0.055049,-0.597903,0.080427
1403636604.36355,0.149679,-0.045781,-0.364241,-0.795633,-0.055109,-0.597889,0.080373
1403636604.41355,0.149670,-0.045776,-0.364234,-0.795648,-0.055096,-0.597860,0.080443
1403636604.46355,0.149664,-0.045797,-0.364241,-0.795628,-0.055130,-0.597892,0.080392
1403636604.51355,0.149706,-0.045781,-0.364251,-0.795625,-0.055099,-0.597896,0.080409
1403636604.56355,0.149722,-0.045773,-0.364278,-0.795631,-0.055079,-0.597888,0.080415
1403636604.61355,0.149735,-0.045762,-0.364279,-0.795626,-0.055066,-0.597900,0.080390
1403636604.66355,0.149728,-0.045749,-0.364271,-0.795636,-0.055088,-0.597881,0.080416
1403636604.71355,0.149732,-0.045750,-0.364255,-0.795634,-0.055106,-0.597884,0.080405
1403636604.76355,0.149713,-0.045735,-0.364231,-0.795643,-0.055109,-0.597873,0.080391
1403636604.81355,0.149695,-0.045735,-0.364207,-0.795640,-0.055167,-0.597876,0.080362
1403636604.86355,0.149685,-0.045708,-0.364188,-0.795653,-0.055127,-0.597861,0.080373
1403636604.91355,0.149684,-0.045713,-0.364174,-0.795665,-0.055155,-0.597841,0.080380
1403636604.96355,0.149654,-0.045729,-0.364174,-0.795663,-0.055165,-0.597837,0.080418
1403636605.01355,0.149633,-0.045758,-0.364167,-0.795668,-0.055157,-0.597833,0.080408
1403636605.06355,0.149643,-0.045769,-0.364176,-0.795689,-0.055146,-0.597800,0.080455
1403636605.11355,0.149666,-0.045804,-0.364181,-0.795657,-0.055195,-0.597847,0.080383
1403636605.16355,0.149681,-0.045771,-0.364177,-0.795671,-0.055110,-0.597826,0.080470
1403636605.21355,0.149702,-0.045755,-0.364163,-0.795674,-0.055147,-0.597826,0.080409
1403636605.26355,0.149695,-0.045720,-0.364164,-0.795665,-0.055099,-0.597835,0.080463
1403636605.31355,0.149698,-0.045740,-0.364174,-0.795652,-0.055162,-0.597858,0.080378
1403636605.36355,0.149670,-0.045698,-0.364176,-0.795662,-0.055068,-0.597839,0.080480
1403636605.41355,0.149649,-0.045692,-0.364154,-0.795660,-0.055120,-0.597850,0.080390
1403636605.46355,0.149644,-0.045688,-0.364132,-0.795676,-0.055073,-0.597823,0.080465
1403636605.51355,0.149636,-0.045697,-0.364130,-0.795683,-0.055102,-0.597818,0.080415
1403636605.56355,0.149632,-0.045684,-0.364120,-0.795695,-0.055058,-0.597803,0.080429
1403636605.61355,0.149623,-0.045694,-0.364103,-0.795684,-0.055113,-0.597817,0.080400
1403636605.66355,0.149621,-0.045693,-0.364100,-0.795689,-0.055095,-0.597807,0.080441
1403636605.71355,0.149629,-0.045708,-0.364106,-0.795707,-0.055104,-0.597784,0.080429
1403636605.76355,0.149625,-0.045716,-0.364113,-0.795729,-0.055086,-0.597759,0.080404
1403636605.81355,0.149633,-0.045722,-0.364118,-0.795702,-0.055102,-0.597798,0.080371
1403636605.86355,0.149648,-0.045705,-0.364124,-0.795718,-0.055074,-0.597777,0.080387
1403636605.91355,0.149666,-0.045697,-0.364111,-0.795726,-0.055115,-0.597763,0.080385
1403636605.96355,0.149683,-0.045683,-0.364100,-0.795729,-0.055091,-0.597758,0.080409
1403636606.01355,0.149704,-0.045689,-0.364108,-0.795726,-0.055133,-0.597762,0.080381
1403636606.06355,0.149704,-0.045674,-0.364105,-0.795719,-0.055114,-0.597770,0.080398
1403636606.11355,0.149703,-0.045675,-0.364105,-0.795711,-0.055110,-0.597783,0.080387
1403636606.16355,0.149686,-0.045679,-0.364121,-0.795719,-0.055099,-0.597777,0.080363
1403636606.21355,0.149673,-0.045685,-0.364111,-0.795703,-0.055111,-0.597797,0.080367
1403636606.26355,0.149670,-0.045707,-0.364100,-0.795702,-0.055111,-0.597802,0.080341
1403636606.31355,0.149676,-0.045706,-0.364089,-0.795710,-0.055084,-0.597792,0.080351
1403636606.36355,0.149651,-0.045674,-0.364090,-0.795696,-0.055082,-0.597813,0.080332
1403636606.41355,0.149625,-0.045649,-0.364095,-0.795695,-0.055078,-0.597814,0.080341
1403636606.46355,0.149611,-0.045653,-0.364083,-0.795695,-0.055088,-0.597811,0.080358
1403636606.51355,0.149621,-0.045666,-0.364068,-0.795687,-0.055048,-0.597820,0.080395
1403636606.56355,0.149637,-0.045696,-0.364077,-0.795688,-0.055056,-0.597820,0.080377
1403636606.61355,0.149641,-0.045711,-0.364108,-0.795661,-0.055078,-0.597857,0.080353
1403636606.66355,0.149636,-0.045693,-0.364125,-0.795663,-0.055084,-0.597856,0.080340
1403636606.71355,0.149641,-0.045692,-0.364120,-0.795655,-0.055119,-0.597862,0.080350
1403636606.76355,0.149624,-0.045685,-0.364103,-0.795672,-0.055102,-0.597844,0.080330
1403636606.81355,0.149601,-0.045696,-0.364095,-0.795675,-0.055141,-0.597831,0.080365
1403636606.86355,0.149586,-0.045718,-0.364079,-0.795677,-0.055140,-0.597826,0.080391
1403636606.91355,0.149574,-0.045725,-0.364060,-0.795700,-0.055156,-0.597796,0.080364
1403636606.96355,0.149567,-0.045726,-0.364050,-0.795694,-0.055146,-0.597805,0.080363
1403636607.01355,0.149583,-0.045713,-0.364033,-0.795692,-0.055135,-0.597808,0.080379
1403636607.06355,0.149571,-0.045724,-0.364021,-0.795693,-0.055160,-0.597803,0.080384
1403636607.11355,0.149563,-0.045732,-0.364023,-0.795692,-0.055167,-0.597801,0.080405
1403636607.16355,0.149554,-0.045747,-0.364018,-0.795694,-0.055171,-0.597799,0.080392
1403636607.21355,0.149555,-0.045753,-0.364026,-0.795716,-0.055176,-0.597769,0.080394
1403636607.26355,0.149573,-0.045745,-0.364032,-0.795710,-0.055168,-0.597781,0.080368
1403636607.31355,0.149589,-0.045726,-0.364039,-0.795737,-0.055190,-0.597741,0.080387
1403636607.36355,0.149594,-0.045727,-0.364038,-0.795736,-0.055203,-0.597745,0.080359
1403636607.41355,0.149579,-0.045708,-0.364026,-0.795741,-0.055175,-0.597737,0.080389
1403636607.46355,0.149581,-0.045714,-0.364012,-0.795714,-0.055204,-0.597769,0.080399
1403636607.51355,0.149587,-0.045734,-0.364010,-0.795709,-0.055199,-0.597773,0.080420
1403636607.56355,0.149588,-0.045765,-0.364023,-0.795706,-0.055215,-0.597780,0.080387
1403636607.61355,0.149565,-0.045769,-0.364026,-0.795703,-0.055203,-0.597788,0.080368
1403636607.66355,0.149548,-0.045751,-0.364031,-0.795720,-0.055204,-0.597770,0.080335
1403636607.71355,0.149549,-0.045734,-0.364028,-0.795741,-0.055186,-0.597739,0.080368
1403636607.76355,0.149567,-0.045726,-0.364028,-0.795742,-0.055188,-0.597738,0.080361
1403636607.81355,0.149588,-0.045736,-0.364047,-0.795737,-0.055201,-0.597741,0.080374
1403636607.86355,0.149600,-0.045733,-0.364057,-0.795735,-0.055165,-0.597745,0.080395
1403636607.91355,0.149597,-0.045725,-0.364059,-0.795729,-0.055136,-0.597754,0.080406
1403636607.96355,0.149576,-0.045723,-0.364042,-0.795736,-0.055152,-0.597752,0.080344
1403636608.01355,0.149567,-0.045715,-0.364016,-0.795737,-0.055148,-0.597750,0.080347
1403636608.06355,0.149573,-0.045723,-0.364002,-0.795738,-0.055144,-0.597749,0.080351
1403636608.11355,0.149588,-0.045737,-0.363999,-0.795736,-0.055121,-0.597752,0.080360
1403636608.16355,0.149595,-0.045729,-0.364014,-0.795722,-0.055109,-0.597768,0.080390
1403636608.21355,0.149602,-0.045722,-0.364030,-0.795725,-0.055117,-0.597764,0.080386
1403636608.26355,0.149615,-0.045730,-0.364048,-0.795718,-0.055114,-0.597766,0.080448
1403636608.31355,0.149623,-0.045755,-0.364053,-0.795708,-0.055142,-0.597780,0.080419
1403636608.36355,0.149631,-0.045767,-0.364053,-0.795721,-0.055145,-0.597759,0.080444
1403636608.41355,0.149639,-0.045763,-0.364046,-0.795715,-0.055147,-0.597767,0.080441
1403636608.46355,0.149638,-0.045752,-0.364046,-0.795716,-0.055156,-0.597760,0.080476
1403636608.51355,0.149625,-0.045743,-0.364037,-0.795708,-0.055148,-0.597774,0.080461
1403636608.56355,0.149614,-0.045744,-0.364028,-0.795683,-0.055158,-0.597806,0.080467
1403636608.61355,0.149591,-0.045760,-0.364022,-0.795677,-0.055168,-0.597816,0.080441
1403636608.66355,0.149550,-0.045765,-0.364023,-0.795682,-0.055163,-0.597813,0.080415
1403636608.71355,0.149525,-0.045757,-0.364017,-0.795674,-0.055171,-0.597828,0.080378
1403636608.76355,0.149505,-0.045748,-0.364017,-0.795689,-0.055169,-0.597806,0.080390
1403636608.81355,0.149506,-0.045743,-0.364021,-0.795706,-0.055184,-0.597783,0.080388
1403636608.86355,0.149498,-0.045729,-0.364034,-0.795716,-0.055172,-0.597769,0.080402
1403636608.91355,0.149476,-0.045744,-0.364027,-0.795713,-0.055182,-0.597770,0.080416
1403636608.96355,0.149454,-0.045762,-0.364016,-0.795703,-0.055146,-0.597783,0.080446
1403636609.01355,0.149454,-0.045764,-0.364011,-0.795714,-0.055168,-0.597768,0.080430
1403636609.06355,0.149479,-0.045735,-0.364001,-0.795712,-0.055191,-0.597767,0.080450
1403636609.11355,0.149517,-0.045700,-0.363993,-0.795707,-0.055201,-0.597772,0.080447
1403636609.16355,0.149525,-0.045687,-0.363986,-0.795681,-0.055188,-0.597803,0.080480
1403636609.21355,0.149538,-0.045702,-0.363996,-0.795670,-0.055183,-0.597816,0.080500
1403636609.26355,0.149545,-0.045719,-0.364018,-0.795669,-0.055183,-0.597819,0.080487
1403636609.31355,0.149561,-0.045726,-0.364009,-0.795684,-0.055201,-0.597800,0.080472
1403636609.36355,0.149568,-0.045717,-0.363999,-0.795707,-0.055201,-0.597769,0.080468
1403636609.41355,0.149581,-0.045698,-0.363984,-0.795710,-0.055182,-0.597769,0.080447
1403636609.46355,0.149566,-0.045696,-0.363979,-0.795711,-0.055202,-0.597768,0.080439
1403636609.51355,0.149547,-0.045703,-0.363976,-0.795717,-0.055190,-0.597763,0.080423
1403636609.56355,0.149528,-0.045730,-0.363983,-0.795688,-0.055181,-0.597798,0.080451
1403636609.61355,0.149529,-0.045740,-0.363977,-0.795701,-0.055171,-0.597782,0.080452
1403636609.66355,0.149513,-0.045737,-0.363970,-0.795722,-0.055137,-0.597753,0.080485
1403636609.71355,0.149536,-0.045753,-0.363953,-0.795692,-0.055188,-0.597795,0.080439
1403636609.76355,0.149548,-0.045732,-0.363945,-0.795685,-0.055136,-0.597800,0.080503
1403636609.81354,0.149521,-0.045748,-0.363989,-0.795776,-0.055182,-0.597670,0.080533
1403636609.86354,0.149547,-0.045765,-0.363976,-0.795717,-0.055185,-0.597756,0.080472
1403636609.91354,0.149542,-0.045765,-0.364000,-0.795736,-0.055167,-0.597723,0.080548
1403636609.96355,0.149547,-0.045789,-0.364001,-0.795759,-0.055172,-0.597694,0.080529
1403636610.01355,0.149574,-0.045772,-0.363949,-0.795734,-0.055150,-0.597729,0.080536
1403636610.06355,0.149552,-0.045761,-0.363938,-0.795735,-0.055175,-0.597724,0.080548
1403636610.11354,0.149546,-0.045742,-0.363944,-0.795715,-0.055140,-0.597749,0.080575
1403636610.16354,0.149531,-0.045767,-0.363951,-0.795707,-0.055167,-0.597765,0.080522
1403636610.21354,0.149524,-0.045765,-0.363951,-0.795717,-0.055120,-0.597750,0.080562
1403636610.26354,0.149511,-0.045797,-0.363959,-0.795755,-0.055179,-0.597712,0.080441
1403636610.31354,0.149479,-0.045755,-0.363953,-0.795724,-0.055111,-0.597748,0.080516
1403636610.36354,0.149461,-0.045725,-0.363973,-0.795744,-0.055097,-0.597726,0.080495
1403636610.41354,0.149499,-0.045697,-0.363971,-0.795739,-0.055150,-0.597739,0.080412
1403636610.46354,0.149514,-0.045669,-0.363955,-0.795744,-0.055102,-0.597728,0.080473
1403636610.51354,0.149501,-0.045668,-0.363956,-0.795765,-0.055175,-0.597704,0.080398
1403636610.56354,0.149528,-0.045639,-0.363932,-0.795750,-0.055139,-0.597724,0.080423
1403636610.61354,0.149515,-0.045633,-0.363918,-0.795771,-0.055179,-0.597704,0.080339
1403636610.66354,0.149508,-0.045623,-0.363913,-0.795767,-0.055160,-0.597707,0.080372
1403636610.71354,0.149481,-0.045630,-0.363905,-0.795784,-0.055201,-0.597683,0.080350
1403636610.76354,0.149459,-0.045653,-0.363929,-0.795855,-0.055267,-0.597583,0.080349
1403636610.81354,0.149492,-0.045738,-0.363856,-0.795873,-0.055314,-0.597562,0.080284
1403636610.86354,0.149325,-0.045776,-0.363831,-0.795874,-0.055343,-0.597527,0.080516
1403636610.91354,0.149484,-0.045827,-0.363792,-0.795837,-0.055421,-0.597597,0.080311
1403636610.96354,0.149470,-0.045716,-0.363815,-0.795909,-0.055374,-0.597478,0.080510
1403636611.01354,0.149615,-0.045704,-0.363799,-0.795777,-0.055330,-0.597674,0.080388
1403636611.06354,0.149524,-0.045721,-0.363888,-0.795874,-0.055414,-0.597533,0.080419
1403636611.11354,0.149555,-0.045739,-0.363868,-0.795795,-0.055375,-0.597642,0.080424
1403636611.16354,0.149458,-0.045761,-0.363908,-0.795833,-0.055400,-0.597589,0.080423
1403636611.21354,0.149474,-0.045768,-0.363920,-0.795817,-0.055470,-0.597617,0.080327
1403636611.26354,0.149512,-0.045672,-0.363925,-0.795800,-0.055350,-0.597633,0.080458
1403636611.31354,0.149541,-0.045671,-0.363932,-0.795793,-0.055362,-0.597655,0.080360
1403636611.36354,0.149435,-0.045368,-0.363977,-0.795839,-0.055111,-0.597495,0.081257
1403636611.41354,0.149476,-0.045561,-0.363936,-0.795725,-0.055283,-0.597696,0.080780
1403636611.46354,0.149422,-0.045929,-0.364299,-0.795940,-0.054665,-0.597382,0.081403
1403636611.51354,0.149485,-0.046381,-0.364207,-0.795716,-0.055402,-0.597826,0.079824
1403636611.56354,0.149515,-0.046133,-0.364358,-0.795877,-0.054925,-0.597548,0.080615
1403636611.61354,0.149609,-0.046177,-0.364339,-0.795739,-0.055333,-0.597747,0.080221
1403636611.66354,0.149543,-0.046031,-0.364367,-0.795783,-0.054821,-0.597661,0.080778
1403636611.71354,0.149502,-0.046261,-0.364270,-0.795593,-0.055235,-0.597974,0.080049
1403636611.76354,0.149462,-0.046053,-0.364254,-0.795684,-0.054917,-0.597797,0.080678
1403636611.81354,0.149351,-0.046023,-0.364215,-0.795701,-0.054684,-0.597781,0.080790
1403636611.86354,0.149447,-0.046274,-0.364095,-0.795503,-0.055025,-0.598113,0.080051
1403636611.91354,0.149366,-0.046175,-0.364159,-0.795702,-0.055150,-0.597803,0.080296
1403636611.96354,0.149417,-0.045957,-0.364142,-0.795686,-0.054950,-0.597776,0.080793
1403636612.06354,0.149435,-0.046196,-0.364120,-0.795746,-0.055279,-0.597739,0.080256
1403636612.11354,0.149482,-0.045798,-0.364124,-0.795755,-0.054542,-0.597615,0.081582
1403636612.16354,0.149686,-0.045748,-0.364072,-0.795597,-0.054754,-0.597828,0.081420
1403636612.21354,0.149570,-0.045852,-0.364130,-0.795824,-0.054648,-0.597533,0.081433
1403636612.26354,0.149757,-0.046564,-0.364006,-0.795498,-0.056321,-0.598164,0.078806
1403636612.31354,0.149549,-0.045727,-0.364126,-0.795708,-0.054464,-0.597665,0.081730
1403636612.36354,0.149712,-0.046370,-0.364062,-0.795653,-0.056179,-0.597910,0.079269
1403636612.41354,0.149523,-0.045861,-0.364056,-0.795674,-0.054721,-0.597745,0.081300
1403636612.46354,0.149634,-0.046319,-0.364008,-0.795582,-0.055918,-0.597997,0.079509
1403636612.51354,0.149594,-0.045868,-0.364060,-0.795672,-0.054790,-0.597773,0.081071
1403636612.56354,0.149639,-0.046220,-0.363974,-0.795576,-0.055591,-0.597996,0.079800
1403636612.61354,0.149502,-0.046024,-0.364008,-0.795641,-0.054884,-0.597853,0.080714
1403636612.66354,0.149568,-0.046196,-0.363989,-0.795640,-0.055488,-0.597908,0.079905
1403636612.71354,0.149533,-0.045946,-0.363986,-0.795661,-0.054913,-0.597816,0.080773
1403636612.76354,0.149548,-0.046187,-0.363989,-0.795690,-0.055363,-0.597848,0.079943
1403636612.81354,0.149597,-0.045967,-0.364005,-0.795674,-0.054974,-0.597834,0.080468
1403636612.86354,0.149691,-0.046010,-0.364002,-0.795673,-0.055120,-0.597841,0.080327
1403636612.91354,0.149704,-0.046080,-0.363984,-0.795696,-0.055071,-0.597824,0.080256
1403636612.96354,0.149716,-0.046043,-0.363966,-0.795677,-0.054902,-0.597834,0.080484
1403636613.01354,0.149760,-0.046097,-0.363955,-0.795622,-0.055008,-0.597935,0.080209
1403636613.06354,0.149730,-0.045969,-0.363998,-0.795630,-0.054699,-0.597881,0.080740
1403636613.11354,0.149786,-0.046117,-0.364020,-0.795669,-0.055154,-0.597872,0.080113
1403636613.16354,0.149774,-0.045913,-0.364015,-0.795590,-0.054593,-0.597938,0.080790
1403636613.21354,0.149725,-0.046117,-0.364027,-0.795610,-0.055029,-0.597960,0.080123
1403636613.26354,0.149631,-0.046030,-0.364050,-0.795622,-0.054656,-0.597897,0.080735
1403636613.31354,0.149741,-0.046140,-0.363995,-0.795525,-0.054943,-0.598057,0.080300
1403636613.36354,0.149733,-0.046005,-0.364060,-0.795611,-0.054612,-0.597902,0.080833
1403636613.41354,0.149764,-0.046161,-0.364058,-0.795595,-0.054969,-0.597967,0.080268
1403636613.46354,0.149693,-0.046056,-0.364068,-0.795584,-0.054612,-0.597947,0.080763
1403636613.51354,0.149701,-0.046188,-0.364060,-0.795567,-0.054928,-0.597998,0.080343
1403636613.56354,0.149626,-0.046105,-0.364064,-0.795595,-0.054664,-0.597930,0.080752
1403636613.61354,0.149664,-0.046185,-0.364057,-0.795575,-0.054893,-0.597985,0.080381
1403636613.66354,0.149669,-0.046053,-0.364061,-0.795608,-0.054647,-0.597912,0.080760
1403636613.71354,0.149689,-0.046112,-0.364032,-0.795564,-0.054767,-0.597990,0.080542
1403636613.76354,0.149687,-0.046102,-0.364043,-0.795568,-0.054686,-0.597980,0.080629
1403636613.81354,0.149711,-0.046092,-0.364045,-0.795589,-0.054715,-0.597955,0.080591
1403636613.86354,0.149712,-0.046081,-0.364042,-0.795629,-0.054714,-0.597895,0.080634
1403636613.91354,0.149707,-0.046099,-0.364046,-0.795628,-0.054756,-0.597898,0.080592
1403636613.96354,0.149708,-0.046093,-0.364041,-0.795644,-0.054733,-0.597874,0.080631
1403636614.01354,0.149713,-0.046107,-0.364031,-0.795632,-0.054704,-0.597884,0.080699
1403636614.06354,0.149706,-0.046130,-0.364021,-0.795597,-0.054734,-0.597939,0.080611
1403636614.11354,0.149694,-0.046103,-0.364028,-0.795595,-0.054715,-0.597935,0.080677
1403636614.16354,0.149672,-0.046095,-0.364022,-0.795595,-0.054779,-0.597939,0.080603
1403636614.21354,0.149658,-0.046084,-0.364012,-0.795623,-0.054728,-0.597898,0.080665
1403636614.26354,0.149648,-0.046133,-0.363988,-0.795624,-0.054783,-0.597911,0.080522
1403636614.31354,0.149666,-0.046068,-0.363995,-0.795602,-0.054675,-0.597928,0.080684
1403636614.36354,0.149782,-0.046092,-0.364000,-0.795583,-0.054788,-0.597969,0.080492
1403636614.41354,0.149777,-0.046029,-0.364046,-0.795641,-0.054633,-0.597874,0.080730
1403636614.46354,0.149800,-0.046119,-0.364044,-0.795598,-0.054828,-0.597950,0.080453
1403636614.51354,0.149796,-0.046051,-0.364056,-0.795580,-0.054674,-0.597955,0.080706
1403636614.56354,0.149772,-0.046110,-0.364049,-0.795628,-0.054802,-0.597905,0.080507
1403636614.61354,0.149778,-0.046052,-0.364028,-0.795652,-0.054663,-0.597865,0.080671
1403636614.66354,0.149805,-0.046043,-0.364016,-0.795650,-0.054777,-0.597882,0.080491
1403636614.71354,0.149805,-0.045966,-0.363994,-0.795647,-0.054663,-0.597875,0.080640
1403636614.76354,0.149772,-0.046011,-0.363971,-0.795663,-0.054768,-0.597863,0.080505
1403636614.81354,0.149749,-0.046013,-0.363939,-0.795663,-0.054707,-0.597863,0.080540
1403636614.86354,0.149741,-0.046015,-0.363972,-0.795684,-0.054769,-0.597836,0.080494
1403636614.91354,0.149753,-0.045984,-0.363994,-0.795671,-0.054699,-0.597858,0.080506
1403636614.96354,0.149752,-0.045969,-0.363994,-0.795643,-0.054726,-0.597906,0.080410
1403636615.01354,0.149775,-0.045917,-0.363985,-0.795622,-0.054664,-0.597928,0.080502
1403636615.06354,0.149769,-0.045922,-0.364006,-0.795647,-0.054691,-0.597894,0.080485
1403636615.11353,0.149744,-0.045941,-0.364007,-0.795664,-0.054756,-0.597872,0.080437
1403636615.16353,0.149735,-0.045946,-0.363985,-0.795665,-0.054753,-0.597865,0.080481
1403636615.21353,0.149747,-0.045954,-0.363953,-0.795650,-0.054794,-0.597891,0.080402
1403636615.26353,0.149756,-0.045934,-0.363941,-0.795627,-0.054755,-0.597918,0.080456
1403636615.31353,0.149738,-0.045945,-0.363956,-0.795672,-0.054796,-0.597866,0.080376
1403636615.36353,0.149709,-0.045928,-0.363952,-0.795650,-0.054730,-0.597895,0.080419
1403636615.41353,0.149645,-0.045955,-0.363952,-0.795643,-0.054761,-0.597911,0.080352
1403636615.46353,0.149627,-0.045961,-0.363947,-0.795650,-0.054743,-0.597898,0.080392
1403636615.51353,0.149642,-0.045941,-0.363959,-0.795642,-0.054744,-0.597914,0.080349
1403636615.56353,0.149657,-0.045895,-0.363948,-0.795660,-0.054703,-0.597891,0.080370
1403636615.61353,0.149653,-0.045889,-0.363927,-0.795677,-0.054746,-0.597873,0.080308
1403636615.66353,0.149629,-0.045860,-0.363911,-0.795676,-0.054694,-0.597869,0.080376
1403636615.71353,0.149604,-0.045884,-0.363905,-0.795712,-0.054745,-0.597823,0.080328
1403636615.76353,0.149598,-0.045901,-0.363908,-0.795689,-0.054693,-0.597851,0.080390
1403636615.81353,0.149641,-0.045933,-0.363889,-0.795653,-0.054696,-0.597909,0.080314
1403636615.86353,0.149663,-0.045904,-0.363878,-0.795690,-0.054638,-0.597856,0.080382
1403636615.91353,0.149705,-0.045888,-0.363878,-0.795688,-0.054706,-0.597867,0.080274
1403636615.96353,0.149707,-0.045848,-0.363892,-0.795687,-0.054685,-0.597861,0.080334
1403636616.01353,0.149701,-0.045856,-0.363905,-0.795699,-0.054681,-0.597850,0.080300
1403636616.06353,0.149699,-0.045881,-0.363910,-0.795704,-0.054663,-0.597839,0.080344
1403636616.11353,0.149733,-0.045889,-0.363910,-0.795666,-0.054633,-0.597897,0.080313
1403636616.16353,0.149758,-0.045868,-0.363934,-0.795679,-0.054631,-0.597876,0.080343
1403636616.21353,0.149744,-0.045872,-0.363937,-0.795678,-0.054654,-0.597883,0.080285
1403636616.26353,0.149718,-0.045871,-0.363940,-0.795674,-0.054659,-0.597890,0.080270
1403636616.31353,0.149693,-0.045867,-0.363928,-0.795659,-0.054675,-0.597909,0.080264
1403636616.36353,0.149677,-0.045852,-0.363928,-0.795658,-0.054643,-0.597908,0.080309
1403636616.41353,0.149664,-0.045857,-0.363935,-0.795666,-0.054666,-0.597894,0.080315
1403636616.46353,0.149672,-0.045833,-0.363927,-0.795663,-0.054656,-0.597897,0.080325
1403636616.51353,0.149677,-0.045812,-0.363906,-0.795643,-0.054626,-0.597930,0.080306
1403636616.56353,0.149670,-0.045782,-0.363878,-0.795667,-0.054620,-0.597903,0.080272
1403636616.61353,0.149649,-0.045790,-0.363862,-0.795688,-0.054655,-0.597869,0.080286
1403636616.66353,0.149656,-0.045810,-0.363867,-0.795677,-0.054651,-0.597880,0.080310
1403636616.71353,0.149661,-0.045825,-0.363870,-0.795690,-0.054660,-0.597860,0.080328
1403636616.76353,0.149682,-0.045839,-0.363858,-0.795692,-0.054641,-0.597856,0.080354
1403636616.81353,0.149678,-0.045832,-0.363879,-0.795696,-0.054660,-0.597846,0.080376
1403636616.86353,0.149682,-0.045850,-0.363884,-0.795696,-0.054677,-0.597844,0.080374
1403636616.91353,0.149676,-0.045867,-0.363886,-0.795695,-0.054640,-0.597852,0.080362
1403636616.96353,0.149671,-0.045884,-0.363902,-0.795690,-0.054634,-0.597856,0.080379
1403636617.01353,0.149685,-0.045880,-0.363908,-0.795691,-0.054679,-0.597854,0.080354
1403636617.06353,0.149697,-0.045867,-0.363918,-0.795668,-0.054667,-0.597888,0.080330
1403636617.11353,0.149691,-0.045864,-0.363925,-0.795690,-0.054691,-0.597861,0.080304
1403636617.16353,0.149688,-0.045862,-0.363919,-0.795698,-0.054709,-0.597848,0.080312
1403636617.21353,0.149685,-0.045856,-0.363903,-0.795674,-0.054705,-0.597877,0.080334
1403636617.26353,0.149671,-0.045879,-0.363892,-0.795681,-0.054705,-0.597872,0.080299
1403636617.31353,0.149671,-0.045872,-0.363874,-0.795685,-0.054698,-0.597867,0.080304
1403636617.36353,0.149669,-0.045871,-0.363871,-0.795689,-0.054699,-0.597861,0.080302
1403636617.41353,0.149677,-0.045853,-0.363836,-0.795708,-0.054695,-0.597836,0.080302
1403636617.46353,0.149686,-0.045849,-0.363827,-0.795708,-0.054718,-0.597833,0.080311
1403636617.51353,0.149684,-0.045852,-0.363817,-0.795705,-0.054708,-0.597837,0.080320
1403636617.56353,0.149672,-0.045832,-0.363802,-0.795720,-0.054696,-0.597817,0.080331
1403636617.61353,0.149669,-0.045849,-0.363791,-0.795720,-0.054730,-0.597816,0.080318
1403636617.66353,0.149676,-0.045838,-0.363803,-0.795711,-0.054692,-0.597825,0.080364
1403636617.71353,0.149688,-0.045853,-0.363831,-0.795685,-0.054722,-0.597859,0.080348
1403636617.76353,0.149679,-0.045853,-0.363852,-0.795680,-0.054666,-0.597863,0.080402
1403636617.81353,0.149673,-0.045881,-0.363854,-0.795696,-0.054695,-0.597847,0.080337
1403636617.86353,0.149681,-0.045869,-0.363862,-0.795693,-0.054661,-0.597857,0.080319
1403636617.91353,0.149674,-0.045873,-0.363864,-0.795709,-0.054675,-0.597837,0.080301
1403636617.96353,0.149674,-0.045865,-0.363866,-0.795710,-0.054651,-0.597837,0.080313
1403636618.01353,0.149683,-0.045831,-0.363857,-0.795702,-0.054664,-0.597851,0.080276
1403636618.06353,0.149702,-0.045803,-0.363837,-0.795706,-0.054621,-0.597849,0.080287
1403636618.11353,0.149694,-0.045822,-0.363834,-0.795693,-0.054666,-0.597865,0.080257
1403636618.16353,0.149695,-0.045813,-0.363838,-0.795678,-0.054648,-0.597886,0.080269
1403636618.21353,0.149698,-0.045819,-0.363851,-0.795704,-0.054728,-0.597849,0.080224
1403636618.26353,0.149697,-0.045808,-0.363861,-0.795689,-0.054699,-0.597868,0.080254
1403636618.31353,0.149697,-0.045810,-0.363853,-0.795709,-0.054709,-0.597842,0.080244
1403636618.36353,0.149676,-0.045806,-0.363861,-0.795679,-0.054668,-0.597881,0.080281
1403636618.41353,0.149630,-0.045829,-0.363855,-0.795671,-0.054682,-0.597894,0.080257
1403636618.46353,0.149596,-0.045831,-0.363847,-0.795659,-0.054691,-0.597908,0.080264
1403636618.51353,0.149522,-0.045775,-0.363865,-0.795632,-0.055010,-0.597884,0.080486
1403636618.56353,0.149513,-0.045776,-0.363891,-0.795611,-0.054931,-0.597928,0.080427
1403636618.61353,0.149529,-0.045762,-0.363948,-0.795631,-0.054877,-0.597902,0.080452
1403636618.66353,0.149529,-0.045740,-0.363956,-0.795639,-0.054791,-0.597910,0.080375
1403636618.71353,0.149531,-0.045769,-0.363943,-0.795701,-0.054450,-0.597882,0.080203
1403636618.76353,0.149531,-0.045742,-0.363912,-0.795638,-0.054613,-0.597932,0.080343
1403636618.81353,0.149525,-0.045728,-0.363908,-0.795680,-0.054570,-0.597870,0.080423
1403636618.86353,0.149506,-0.045748,-0.363876,-0.795622,-0.054632,-0.597938,0.080444
1403636618.91353,0.149508,-0.045679,-0.363832,-0.795632,-0.054766,-0.597874,0.080733
1403636618.96353,0.149530,-0.045763,-0.363793,-0.795612,-0.054822,-0.597908,0.080636
1403636619.01353,0.149516,-0.045749,-0.363811,-0.795632,-0.054731,-0.597874,0.080753
1403636619.06353,0.149517,-0.045786,-0.363826,-0.795686,-0.054777,-0.597816,0.080623
1403636619.11353,0.149528,-0.045776,-0.363842,-0.795672,-0.054556,-0.597850,0.080648
1403636619.16353,0.149544,-0.045798,-0.363853,-0.795711,-0.054504,-0.597835,0.080415
1403636619.21353,0.149572,-0.045811,-0.363842,-0.795700,-0.054348,-0.597868,0.080389
1403636619.26353,0.149578,-0.045815,-0.363825,-0.795688,-0.054347,-0.597896,0.080296
1403636619.31353,0.149580,-0.045773,-0.363804,-0.795697,-0.054492,-0.597871,0.080289
1403636619.36353,0.149584,-0.045684,-0.363786,-0.795664,-0.054764,-0.597849,0.080594
1403636619.41353,0.149596,-0.045721,-0.363786,-0.795617,-0.054786,-0.597918,0.080545
1403636619.46353,0.149590,-0.045778,-0.363832,-0.795647,-0.054685,-0.597890,0.080520
1403636619.51352,0.149632,-0.045802,-0.363876,-0.795686,-0.054609,-0.597859,0.080412
1403636619.56352,0.149590,-0.045822,-0.363901,-0.795730,-0.054466,-0.597822,0.080351
1403636619.61352,0.149570,-0.045841,-0.363902,-0.795669,-0.054621,-0.597900,0.080266
1403636619.66352,0.149560,-0.045796,-0.363878,-0.795642,-0.054597,-0.597925,0.080365
1403636619.71352,0.149539,-0.045803,-0.363892,-0.795668,-0.054596,-0.597911,0.080212
1403636619.76352,0.149580,-0.045768,-0.363892,-0.795648,-0.054515,-0.597930,0.080325
1403636619.81352,0.149644,-0.045784,-0.363891,-0.795644,-0.054573,-0.597938,0.080262
1403636619.86352,0.149684,-0.045771,-0.363902,-0.795628,-0.054491,-0.597950,0.080391
1403636619.91352,0.149704,-0.045808,-0.363879,-0.795594,-0.054520,-0.598000,0.080338
1403636619.96352,0.149672,-0.045816,-0.363870,-0.795607,-0.054593,-0.597965,0.080422
1403636620.01352,0.149660,-0.045819,-0.363883,-0.795630,-0.054595,-0.597935,0.080413
1403636620.06352,0.149642,-0.045838,-0.363897,-0.795617,-0.054614,-0.597962,0.080331
1403636620.11352,0.149599,-0.045852,-0.363886,-0.795574,-0.054678,-0.598016,0.080309
1403636620.16352,0.149583,-0.045870,-0.363878,-0.795585,-0.054747,-0.597995,0.080306
1403636620.21352,0.149567,-0.045882,-0.363838,-0.795585,-0.054758,-0.597993,0.080313
1403636620.26352,0.149564,-0.045875,-0.363809,-0.795626,-0.054755,-0.597937,0.080325
1403636620.31352,0.149584,-0.045858,-0.363789,-0.795591,-0.054684,-0.597996,0.080286
1403636620.36352,0.149649,-0.045848,-0.363789,-0.795597,-0.054742,-0.597987,0.080249
1403636620.41352,0.149682,-0.045825,-0.363822,-0.795594,-0.054785,-0.597979,0.080312
1403636620.46352,0.149703,-0.045846,-0.363830,-0.795575,-0.054800,-0.598014,0.080231
1403636620.51352,0.149685,-0.045839,-0.363847,-0.795587,-0.054714,-0.597992,0.080333
1403636620.56352,0.149664,-0.045862,-0.363840,-0.795600,-0.054726,-0.597980,0.080284
1403636620.61352,0.149684,-0.045863,-0.363848,-0.795624,-0.054712,-0.597942,0.080338
1403636620.66352,0.149716,-0.045900,-0.363842,-0.795624,-0.054784,-0.597947,0.080251
1403636620.71352,0.149761,-0.045888,-0.363828,-0.795596,-0.054766,-0.597981,0.080292
1403636620.76352,0.149798,-0.045898,-0.363812,-0.795623,-0.054779,-0.597944,0.080283
1403636620.81352,0.149835,-0.045906,-0.363817,-0.795610,-0.054787,-0.597951,0.080366
1403636620.86352,0.149827,-0.045934,-0.363822,-0.795604,-0.054793,-0.597959,0.080354
1403636620.91352,0.149816,-0.045914,-0.363837,-0.795595,-0.054757,-0.597970,0.080391
1403636620.96352,0.149822,-0.045895,-0.363850,-0.795626,-0.054744,-0.597935,0.080352
1403636621.01352,0.149823,-0.045873,-0.363859,-0.795665,-0.054754,-0.597883,0.080346
1403636621.06352,0.149861,-0.045970,-0.363824,-0.795595,-0.055028,-0.598020,0.079828
1403636621.11352,0.149798,-0.045786,-0.363833,-0.795613,-0.054757,-0.597939,0.080441
1403636621.16352,0.149843,-0.045875,-0.363856,-0.795583,-0.055098,-0.598006,0.080011
1403636621.21352,0.149873,-0.045788,-0.363882,-0.795559,-0.054833,-0.598013,0.080364
1403636621.26352,0.149916,-0.045909,-0.363892,-0.795584,-0.055059,-0.598010,0.079998
1403636621.31352,0.149944,-0.045863,-0.363904,-0.795588,-0.054843,-0.597981,0.080319
1403636621.36352,0.149946,-0.045985,-0.363884,-0.795558,-0.055018,-0.598039,0.080065
1403636621.41352,0.149835,-0.045943,-0.363912,-0.795609,-0.054809,-0.597949,0.080367
1403636621.46352,0.149762,-0.046036,-0.363877,-0.795564,-0.054984,-0.598029,0.080099
1403636621.51352,0.149670,-0.046011,-0.363857,-0.795596,-0.054878,-0.597973,0.080270
1403636621.56352,0.149628,-0.046085,-0.363834,-0.795604,-0.055003,-0.597979,0.080062
1403636621.61352,0.149606,-0.046011,-0.363793,-0.795633,-0.054853,-0.597931,0.080237
1403636621.66352,0.149626,-0.046013,-0.363744,-0.795610,-0.054979,-0.597977,0.080031
1403636621.71352,0.149635,-0.045949,-0.363760,-0.795629,-0.054889,-0.597934,0.080225
1403636621.76352,0.149655,-0.045962,-0.363784,-0.795630,-0.054970,-0.597938,0.080128
1403636621.81352,0.149632,-0.045939,-0.363794,-0.795628,-0.054933,-0.597939,0.080175
1403636621.86352,0.149634,-0.045937,-0.363821,-0.795655,-0.054951,-0.597908,0.080121
1403636621.91352,0.149647,-0.045911,-0.363817,-0.795663,-0.054912,-0.597902,0.080118
1403636621.96352,0.149653,-0.045905,-0.363788,-0.795629,-0.054876,-0.597940,0.080188
1403636622.01352,0.149641,-0.045914,-0.363755,-0.795657,-0.054943,-0.597917,0.080041
1403636622.06352,0.149602,-0.045853,-0.363732,-0.795621,-0.054875,-0.597956,0.080149
1403636622.11352,0.149608,-0.045877,-0.363723,-0.795666,-0.054908,-0.597903,0.080079
1403636622.16352,0.149630,-0.045857,-0.363703,-0.795671,-0.054922,-0.597887,0.080135
1403636622.21352,0.149644,-0.045878,-0.363689,-0.795673,-0.054901,-0.597879,0.080192
1403636622.26352,0.149617,-0.045908,-0.363661,-0.795682,-0.054958,-0.597867,0.080154
1403636622.31352,0.149629,-0.045930,-0.363635,-0.795684,-0.054904,-0.597874,0.080121
1403636622.36352,0.149573,-0.045945,-0.363611,-0.795712,-0.054945,-0.597838,0.080077
1403636622.41352,0.149578,-0.045884,-0.363604,-0.795718,-0.054895,-0.597826,0.080141
1403636622.46352,0.149675,-0.045859,-0.363651,-0.795718,-0.054912,-0.597827,0.080127
1403636622.51352,0.149760,-0.045861,-0.363696,-0.795699,-0.054883,-0.597853,0.080140
1403636622.56352,0.149782,-0.045854,-0.363724,-0.795700,-0.054870,-0.597855,0.080127
1403636622.61352,0.149814,-0.045868,-0.363718,-0.795678,-0.054882,-0.597887,0.080098
1403636622.66352,0.149828,-0.045885,-0.363730,-0.795642,-0.054883,-0.597923,0.080184
1403636622.71352,0.149811,-0.045911,-0.363743,-0.795629,-0.054801,-0.597944,0.080210
1403636622.76352,0.149779,-0.045980,-0.363741,-0.795607,-0.054854,-0.597975,0.080159
1403636622.81352,0.149731,-0.046007,-0.363724,-0.795631,-0.054757,-0.597952,0.080170
1403636622.86352,0.149750,-0.046094,-0.363693,-0.795557,-0.054662,-0.598065,0.080116
1403636622.91352,0.149829,-0.046176,-0.363677,-0.795490,-0.054579,-0.598167,0.080083
1403636622.96352,0.149869,-0.046115,-0.363665,-0.795506,-0.054435,-0.598144,0.080194
1403636623.01352,0.149924,-0.046109,-0.363679,-0.795406,-0.054515,-0.598295,0.080003
1403636623.06352,0.149931,-0.046060,-0.363715,-0.795427,-0.054489,-0.598263,0.080048
1403636623.11352,0.149940,-0.046071,-0.363706,-0.795458,-0.054445,-0.598224,0.080058
1403636623.16352,0.149918,-0.046033,-0.363697,-0.795434,-0.054463,-0.598262,0.080010
1403636623.21352,0.149879,-0.046049,-0.363646,-0.795513,-0.054490,-0.598155,0.080005
1403636623.26352,0.149886,-0.046014,-0.363620,-0.795514,-0.054428,-0.598146,0.080099
1403636623.31352,0.149948,-0.046081,-0.363558,-0.795450,-0.054484,-0.598249,0.079937
1403636623.36352,0.149740,-0.046096,-0.363578,-0.795498,-0.054306,-0.598170,0.080165
1403636623.41352,0.149631,-0.046166,-0.363548,-0.795463,-0.054445,-0.598224,0.080012
1403636623.46352,0.149392,-0.046171,-0.363474,-0.795436,-0.054346,-0.598260,0.080087
1403636623.51352,0.149006,-0.046396,-0.363461,-0.795486,-0.054346,-0.598200,0.080033
1403636623.56351,0.148786,-0.046569,-0.363424,-0.795564,-0.054286,-0.598095,0.080083
1403636623.61352,0.149057,-0.046521,-0.363320,-0.795618,-0.054180,-0.598044,0.079995
1403636623.66351,0.149773,-0.046312,-0.363249,-0.795690,-0.054243,-0.597942,0.080003
1403636623.71351,0.150345,-0.046238,-0.363255,-0.795612,-0.054125,-0.598075,0.079862
1403636623.76351,0.150715,-0.046183,-0.363349,-0.795559,-0.053944,-0.598170,0.079806
1403636623.81351,0.150855,-0.046205,-0.363519,-0.795802,-0.053775,-0.597891,0.079583
1403636623.86352,0.150864,-0.046259,-0.363595,-0.795642,-0.053504,-0.598136,0.079529
1403636623.91352,0.150698,-0.046261,-0.363688,-0.795714,-0.053542,-0.598067,0.079300
1403636623.96352,0.150351,-0.046245,-0.363681,-0.795736,-0.053182,-0.598060,0.079371
1403636624.01352,0.149999,-0.046376,-0.363579,-0.795689,-0.053446,-0.598125,0.079185
1403636624.06352,0.149896,-0.046423,-0.363454,-0.795710,-0.053184,-0.598122,0.079159
1403636624.11352,0.149706,-0.046450,-0.363419,-0.796060,-0.052816,-0.597767,0.078577
1403636624.16352,0.149225,-0.046465,-0.363393,-0.796117,-0.052333,-0.597723,0.078648
1403636624.21352,0.149077,-0.046603,-0.363269,-0.796260,-0.052422,-0.597545,0.078499
1403636624.26352,0.149144,-0.046681,-0.363043,-0.796441,-0.052406,-0.597296,0.078573
1403636624.31352,0.149464,-0.046975,-0.363165,-0.798028,-0.052369,-0.595359,0.077171
1403636624.36353,0.148964,-0.048132,-0.363547,-0.800906,-0.052120,-0.591708,0.075588
1403636624.41353,0.147394,-0.050182,-0.363669,-0.803160,-0.051593,-0.588916,0.073822
1403636624.46354,0.145219,-0.052842,-0.363992,-0.806060,-0.050505,-0.585151,0.072906
1403636624.51354,0.142559,-0.056095,-0.364093,-0.808953,-0.049588,-0.581440,0.071161
1403636624.56354,0.139838,-0.059737,-0.363901,-0.811046,-0.048694,-0.578791,0.069526
1403636624.61354,0.137011,-0.064182,-0.363636,-0.811586,-0.049289,-0.578236,0.067391
1403636624.66354,0.134463,-0.069378,-0.363374,-0.810531,-0.050111,-0.579929,0.064884
1403636624.71354,0.131473,-0.075324,-0.364275,-0.810373,-0.052730,-0.580341,0.060983
1403636624.76355,0.127778,-0.082082,-0.364319,-0.808905,-0.054235,-0.582472,0.058796
1403636624.81355,0.122856,-0.089693,-0.364173,-0.810891,-0.059078,-0.579840,0.052456
1403636624.86355,0.117319,-0.097624,-0.362359,-0.812908,-0.063505,-0.577008,0.047012
1403636624.91355,0.111008,-0.105824,-0.358864,-0.816631,-0.068771,-0.571648,0.040051
1403636624.96354,0.103968,-0.113712,-0.352992,-0.820042,-0.073738,-0.566537,0.033604
1403636625.01354,0.096582,-0.120891,-0.344954,-0.823235,-0.077037,-0.561676,0.029483
1403636625.06354,0.089266,-0.126873,-0.335056,-0.826635,-0.079282,-0.556490,0.026599
1403636625.11354,0.083002,-0.131342,-0.323414,-0.829530,-0.080113,-0.552058,0.026340
1403636625.16354,0.078002,-0.134293,-0.310190,-0.831158,-0.077519,-0.549776,0.030236
1403636625.21355,0.074323,-0.136314,-0.295850,-0.830462,-0.075390,-0.550896,0.034083
1403636625.26354,0.072312,-0.137445,-0.281252,-0.828401,-0.073316,-0.554047,0.037522
1403636625.31354,0.071679,-0.137913,-0.269681,-0.826344,-0.072001,-0.557083,0.040367
1403636625.36352,0.071585,-0.138032,-0.263208,-0.824992,-0.071606,-0.558976,0.042496
1403636625.41352,0.071471,-0.138198,-0.262002,-0.825739,-0.071865,-0.557798,0.043040
1403636625.46351,0.071936,-0.138328,-0.264265,-0.827420,-0.072583,-0.555205,0.043080
1403636625.51350,0.073295,-0.137970,-0.268652,-0.828260,-0.072645,-0.553902,0.043589
1403636625.56348,0.075254,-0.137305,-0.272777,-0.828757,-0.073331,-0.553053,0.043775
1403636625.61346,0.078347,-0.136040,-0.274487,-0.828664,-0.074363,-0.553078,0.043493
1403636625.66346,0.082134,-0.134366,-0.272215,-0.827736,-0.075039,-0.554381,0.043411
1403636625.71345,0.087437,-0.131924,-0.265145,-0.825928,-0.075142,-0.556957,0.044683
1403636625.76346,0.093546,-0.129057,-0.254105,-0.822970,-0.075498,-0.561244,0.045012
1403636625.81346,0.100410,-0.125632,-0.238709,-0.820010,-0.075309,-0.565495,0.046126
1403636625.86346,0.107770,-0.121632,-0.219337,-0.816534,-0.074706,-0.570431,0.047952
1403636625.91346,0.115295,-0.117454,-0.196779,-0.814409,-0.074064,-0.573415,0.049468
1403636625.96346,0.122382,-0.113245,-0.172332,-0.812714,-0.073726,-0.575768,0.050516
1403636626.01346,0.129270,-0.108844,-0.147583,-0.811297,-0.073393,-0.577711,0.051578
1403636626.06346,0.135360,-0.104476,-0.123713,-0.810622,-0.071151,-0.578588,0.055374
1403636626.11346,0.141085,-0.100288,-0.100658,-0.810338,-0.068387,-0.578871,0.059877
1403636626.16346,0.146397,-0.096416,-0.078693,-0.809974,-0.065512,-0.579245,0.064230
1403636626.21346,0.151392,-0.093174,-0.058835,-0.809738,-0.063065,-0.579407,0.068079
1403636626.26346,0.155966,-0.090853,-0.041830,-0.809572,-0.061600,-0.579528,0.070327
1403636626.31346,0.160575,-0.089279,-0.028155,-0.809467,-0.061222,-0.579586,0.071379
1403636626.36346,0.164608,-0.088543,-0.018663,-0.809372,-0.061343,-0.579727,0.071207
1403636626.41346,0.168204,-0.088953,-0.012595,-0.808934,-0.062527,-0.580364,0.069953
1403636626.46346,0.171538,-0.090277,-0.008544,-0.808306,-0.064495,-0.581294,0.067664
1403636626.51346,0.175727,-0.092631,-0.004928,-0.806233,-0.066753,-0.584202,0.065118
1403636626.56346,0.178995,-0.096662,-0.001873,-0.803948,-0.069361,-0.587335,0.062404
1403636626.61346,0.181352,-0.100785,-0.000730,-0.801781,-0.071963,-0.590211,0.060159
1403636626.66346,0.183023,-0.105443,-0.000769,-0.800061,-0.074331,-0.592438,0.058263
1403636626.71347,0.187942,-0.112754,-0.005630,-0.800264,-0.075738,-0.592021,0.057897
1403636626.76347,0.188083,-0.117842,-0.008889,-0.801597,-0.077014,-0.590032,0.058078
1403636626.81346,0.187444,-0.122871,-0.012697,-0.803242,-0.077949,-0.587651,0.058246
1403636626.86346,0.187675,-0.128496,-0.018529,-0.805414,-0.078936,-0.584535,0.058279
1403636626.91346,0.184942,-0.133831,-0.023977,-0.807827,-0.079764,-0.581103,0.058066
1403636626.96346,0.181661,-0.139289,-0.030138,-0.810553,-0.080608,-0.577269,0.057151
1403636627.01346,0.177978,-0.144771,-0.036889,-0.813049,-0.081209,-0.573708,0.056700
1403636627.06346,0.174149,-0.150133,-0.043158,-0.815348,-0.081490,-0.570462,0.056041
1403636627.11345,0.170476,-0.155319,-0.047480,-0.818113,-0.081975,-0.566443,0.055798
1403636627.16345,0.167307,-0.160239,-0.048108,-0.817447,-0.081849,-0.567366,0.056359
1403636627.21344,0.164285,-0.165008,-0.045849,-0.815874,-0.082122,-0.569604,0.056177
1403636627.26343,0.162009,-0.169507,-0.040939,-0.813519,-0.082094,-0.572949,0.056365
1403636627.31343,0.159354,-0.173900,-0.033844,-0.811586,-0.081634,-0.575607,0.057795
1403636627.36343,0.156926,-0.178214,-0.024790,-0.810816,-0.080980,-0.576693,0.058690
1403636627.41343,0.154162,-0.182533,-0.013719,-0.810602,-0.080510,-0.576958,0.059682
1403636627.46343,0.150719,-0.187092,-0.000476,-0.810089,-0.079109,-0.577784,0.060524
1403636627.51344,0.147568,-0.191940,0.012164,-0.810952,-0.076555,-0.576939,0.060307
1403636627.56344,0.144110,-0.197277,0.021665,-0.811799,-0.073054,-0.576347,0.058903
1403636627.61343,0.140068,-0.202985,0.026962,-0.812930,-0.069452,-0.575454,0.056337
1403636627.66342,0.135493,-0.208898,0.027987,-0.814962,-0.066585,-0.573153,0.053842
1403636627.71342,0.130889,-0.215264,0.025092,-0.818039,-0.063112,-0.569461,0.050440
1403636627.76342,0.126904,-0.222090,0.019946,-0.821845,-0.059046,-0.564752,0.046252
1403636627.81342,0.123891,-0.229141,0.013897,-0.825335,-0.054670,-0.560439,0.041731
1403636627.86342,0.121735,-0.236530,0.007241,-0.828671,-0.049696,-0.556309,0.036806
1403636627.91342,0.120467,-0.243691,0.001603,-0.831715,-0.045851,-0.552350,0.032523
1403636627.96343,0.120794,-0.250442,-0.001981,-0.833368,-0.042788,-0.550319,0.028560
1403636628.01344,0.123010,-0.256796,-0.003226,-0.834110,-0.039935,-0.549574,0.025192
1403636628.06346,0.127805,-0.262598,-0.000934,-0.833028,-0.037360,-0.551489,0.022996
1403636628.11347,0.133412,-0.267911,0.004894,-0.829534,-0.034714,-0.556952,0.021735
1403636628.16348,0.140052,-0.272779,0.013068,-0.824527,-0.031763,-0.564509,0.021819
1403636628.21348,0.147304,-0.277336,0.022856,-0.819814,-0.028934,-0.571449,0.022674
1403636628.26349,0.154969,-0.281658,0.033743,-0.816371,-0.025355,-0.576431,0.024949
1403636628.31349,0.161668,-0.286423,0.045506,-0.813961,-0.021985,-0.579816,0.028236
1403636628.36349,0.168208,-0.291712,0.057666,-0.812932,-0.020009,-0.581232,0.030171
1403636628.41349,0.174369,-0.297560,0.069313,-0.812685,-0.018383,-0.581541,0.031874
1403636628.46349,0.180240,-0.304132,0.079921,-0.812601,-0.017631,-0.581608,0.033189
1403636628.51349,0.185829,-0.311487,0.088860,-0.812870,-0.017249,-0.581168,0.034462
1403636628.56349,0.191046,-0.319387,0.095984,-0.813249,-0.016794,-0.580569,0.035824
1403636628.61349,0.195931,-0.327922,0.101533,-0.813535,-0.016931,-0.580068,0.037369
1403636628.66349,0.200543,-0.337460,0.105535,-0.813537,-0.017386,-0.580017,0.037891
1403636628.71349,0.204950,-0.348143,0.107857,-0.813648,-0.018100,-0.579973,0.035793
1403636628.76349,0.208886,-0.360066,0.108215,-0.815072,-0.018232,-0.578206,0.031675
1403636628.81349,0.212615,-0.372604,0.107219,-0.817225,-0.017619,-0.575441,0.026483
1403636628.86349,0.216464,-0.385752,0.105517,-0.819775,-0.016257,-0.572046,0.021645
1403636628.91349,0.220144,-0.399105,0.105268,-0.822309,-0.014384,-0.568588,0.017549
1403636628.96349,0.222829,-0.412290,0.106888,-0.824360,-0.012859,-0.565742,0.014218
1403636629.01349,0.225230,-0.425672,0.110940,-0.826075,-0.010825,-0.563326,0.012084
1403636629.06349,0.226587,-0.438899,0.117951,-0.826959,-0.008538,-0.562105,0.010155
1403636629.11349,0.228024,-0.452278,0.126558,-0.827309,-0.006879,-0.561655,0.007460
1403636629.16349,0.230456,-0.465815,0.134412,-0.827489,-0.003112,-0.561451,0.004967
1403636629.21350,0.233512,-0.479773,0.141404,-0.826914,0.001544,-0.562323,0.001724
1403636629.26350,0.237411,-0.493601,0.147248,0.825906,-0.006132,0.563774,0.001105
1403636629.31350,0.242528,-0.507538,0.151806,0.824537,-0.011184,0.565691,0.002674
1403636629.36349,0.250505,-0.522775,0.154105,0.823120,-0.015971,0.567633,0.003151
1403636629.41349,0.256952,-0.536693,0.155066,0.821253,-0.021244,0.570163,0.002370
1403636629.46349,0.263909,-0.551134,0.154303,0.819013,-0.027965,0.573088,0.002309
1403636629.51349,0.271120,-0.566423,0.151539,0.817611,-0.035315,0.574678,0.003212
1403636629.56349,0.278793,-0.582554,0.146757,0.817655,-0.042635,0.574101,0.005485
1403636629.61350,0.286844,-0.599881,0.140055,0.819081,-0.049457,0.571439,0.010852
1403636629.66351,0.294742,-0.618045,0.131466,0.821638,-0.056586,0.566940,0.016955
1403636629.71351,0.302968,-0.636607,0.121402,0.824004,-0.063967,0.562456,0.023847
1403636629.76352,0.311310,-0.656149,0.110477,0.825987,-0.071836,0.558206,0.031479
1403636629.81352,0.320744,-0.676427,0.098670,0.827011,-0.080591,0.555012,0.038976
1403636629.86352,0.331179,-0.698245,0.085107,0.827525,-0.089820,0.552281,0.046048
1403636629.91352,0.345805,-0.718749,0.072250,0.827539,-0.098563,0.550206,0.052318
1403636629.96351,0.359606,-0.739817,0.061477,0.827132,-0.105797,0.548860,0.058418
1403636630.01351,0.371060,-0.761115,0.052726,0.826259,-0.111999,0.548443,0.062956
1403636630.06351,0.383675,-0.782835,0.046132,0.824603,-0.116970,0.549425,0.066939
1403636630.11351,0.398244,-0.804983,0.041613,0.821405,-0.120853,0.552894,0.070686
1403636630.16351,0.414074,-0.827323,0.039643,0.816880,-0.124185,0.558434,0.073734
1403636630.21351,0.430694,-0.849965,0.039189,0.812570,-0.126554,0.563724,0.077000
1403636630.26351,0.447674,-0.872814,0.040649,0.808696,-0.128684,0.568510,0.079041
1403636630.31350,0.465330,-0.895288,0.043036,0.806417,-0.129926,0.571211,0.080802
1403636630.36350,0.481147,-0.918011,0.046079,0.806606,-0.130783,0.570621,0.081697
1403636630.41350,0.496814,-0.940750,0.050566,0.807272,-0.131154,0.569495,0.082382
1403636630.46350,0.512395,-0.963341,0.056423,0.809060,-0.130439,0.566992,0.083233
1403636630.51350,0.527661,-0.985990,0.064433,0.810005,-0.129381,0.565779,0.083941
1403636630.56349,0.545520,-1.007286,0.074204,0.811305,-0.127064,0.564201,0.085533
1403636630.61349,0.571713,-1.027882,0.081980,0.811987,-0.124656,0.563606,0.086527
1403636630.66349,0.597384,-1.046832,0.089093,0.813313,-0.122384,0.562131,0.086908
1403636630.71349,0.618965,-1.066657,0.095713,0.814097,-0.120525,0.561419,0.086766
1403636630.76349,0.646948,-1.086060,0.101636,0.814324,-0.120376,0.561428,0.084761
1403636630.81349,0.668274,-1.105904,0.105113,0.814837,-0.120118,0.561101,0.082324
1403636630.86349,0.690421,-1.125402,0.107653,0.814935,-0.120282,0.561250,0.080075
1403636630.91349,0.713818,-1.144152,0.108101,0.814853,-0.120498,0.561671,0.077591
1403636630.96349,0.734929,-1.163519,0.107614,0.814752,-0.120695,0.562048,0.075585
1403636631.01349,0.756342,-1.183189,0.106404,0.814642,-0.120815,0.562304,0.074679
1403636631.06349,0.777320,-1.202845,0.104294,0.814088,-0.120258,0.563337,0.073820
1403636631.11349,0.798154,-1.222141,0.101818,0.813072,-0.120028,0.564875,0.073644
1403636631.16349,0.818497,-1.241586,0.098744,0.812236,-0.119643,0.566169,0.073555
1403636631.21349,0.838975,-1.261085,0.095577,0.811062,-0.119083,0.568018,0.073165
1403636631.26349,0.860758,-1.281695,0.092248,0.810282,-0.118471,0.569218,0.073476
1403636631.31349,0.880888,-1.301003,0.088383,0.810246,-0.118311,0.569385,0.072832
1403636631.36349,0.900615,-1.320170,0.083435,0.810224,-0.117651,0.569517,0.073113
1403636631.41349,0.921129,-1.339275,0.077098,0.810253,-0.117339,0.569584,0.072767
1403636631.46349,0.940624,-1.358201,0.069357,0.810381,-0.116464,0.569527,0.073203
1403636631.51349,0.960103,-1.376912,0.060415,0.810628,-0.115327,0.569326,0.073825
1403636631.56349,0.979847,-1.395187,0.050915,0.810568,-0.114132,0.569522,0.074824
1403636631.61349,0.998775,-1.413029,0.041863,0.810877,-0.112844,0.569270,0.075337
1403636631.66349,1.013361,-1.431374,0.033885,0.811368,-0.111594,0.568790,0.075542
1403636631.71349,1.032437,-1.449129,0.027119,0.811631,-0.110734,0.568556,0.075748
1403636631.76349,1.050112,-1.466185,0.022398,0.811986,-0.109887,0.568179,0.075998
1403636631.81349,1.068625,-1.482799,0.019883,0.811818,-0.109078,0.568589,0.075889
1403636631.86349,1.088807,-1.499194,0.018569,0.812175,-0.108143,0.568139,0.076775
1403636631.91349,1.108689,-1.515226,0.018239,0.812744,-0.107300,0.567401,0.077395
1403636631.96349,1.128700,-1.530811,0.018161,0.812941,-0.106904,0.567138,0.077795
1403636632.01348,1.148073,-1.545257,0.018904,0.812702,-0.107022,0.567434,0.077971
1403636632.06348,1.168363,-1.559254,0.019920,0.811792,-0.106838,0.568683,0.078609
1403636632.11348,1.187663,-1.572341,0.020667,0.810912,-0.105715,0.569949,0.080025
1403636632.16348,1.206774,-1.584981,0.021945,0.810065,-0.104190,0.570966,0.083287
1403636632.21348,1.225630,-1.596830,0.022746,0.810191,-0.103803,0.570679,0.084503
1403636632.26348,1.244884,-1.607584,0.022217,0.809569,-0.104853,0.571416,0.084192
1403636632.31348,1.263737,-1.617556,0.019947,0.809334,-0.105793,0.571617,0.083901
1403636632.36349,1.282167,-1.626809,0.016048,0.808986,-0.106593,0.572037,0.083386
1403636632.41349,1.300306,-1.635260,0.010488,0.809437,-0.107286,0.571242,0.083569
1403636632.46349,1.318915,-1.643166,0.003018,0.810979,-0.109581,0.568983,0.081017
1403636632.51349,1.337675,-1.650386,-0.005449,0.812902,-0.111104,0.566546,0.076630
1403636632.56349,1.356283,-1.657152,-0.014862,0.815973,-0.112638,0.562651,0.070169
1403636632.61349,1.375564,-1.663907,-0.024972,0.818918,-0.112710,0.559177,0.063168
1403636632.66349,1.395715,-1.670876,-0.035252,0.821424,-0.110442,0.556685,0.056280
1403636632.71349,1.416701,-1.678352,-0.045150,0.823290,-0.105842,0.555477,0.049363
1403636632.76349,1.438376,-1.686383,-0.053612,0.824632,-0.099116,0.555291,0.042548
1403636632.81349,1.460470,-1.695234,-0.059946,0.825228,-0.089056,0.556484,0.037339
1403636632.86349,1.484447,-1.705549,-0.063846,0.824550,-0.076492,0.559559,0.034060
1403636632.91349,1.508402,-1.716112,-0.065594,0.823057,-0.063324,0.563558,0.031136
1403636632.96350,1.532971,-1.727142,-0.066004,0.822235,-0.051520,0.566076,0.028863
1403636633.01350,1.558035,-1.738340,-0.065121,0.821368,-0.041106,0.568286,0.026756
1403636633.06350,1.583055,-1.749229,-0.063273,0.821331,-0.032465,0.569007,0.024338
1403636633.11350,1.608113,-1.759660,-0.061770,0.821092,-0.025599,0.569819,0.021418
1403636633.16350,1.633173,-1.769817,-0.061269,0.821230,-0.019907,0.569930,0.019091
1403636633.21351,1.658227,-1.779675,-0.062686,0.821283,-0.015903,0.570060,0.016513
1403636633.26351,1.683458,-1.789190,-0.065829,0.822114,-0.013559,0.569000,0.013533
1403636633.31350,1.709060,-1.798402,-0.069970,0.823015,-0.012229,0.567788,0.010684
1403636633.36351,1.734890,-1.807459,-0.075272,0.824032,-0.012209,0.566367,0.007113
1403636633.41351,1.761387,-1.816670,-0.081519,0.825291,-0.012904,0.564540,0.004718
1403636633.46351,1.788101,-1.825831,-0.089117,0.826355,-0.013816,0.562974,0.002371
1403636633.51351,1.815574,-1.835136,-0.097409,0.827243,-0.014687,0.561650,0.001606
1403636633.56350,1.843737,-1.844544,-0.106198,0.828271,-0.016074,0.560096,0.001125
1403636633.61351,1.872683,-1.854209,-0.114670,0.829465,-0.017094,0.558296,0.001284
1403636633.66351,1.902946,-1.864157,-0.121841,0.830295,-0.018156,0.557023,0.002497
1403636633.71351,1.933806,-1.873499,-0.126935,0.830068,-0.019524,0.557311,0.003346
1403636633.76351,1.965479,-1.883922,-0.130946,0.829652,-0.021086,0.557871,0.003646
1403636633.81351,1.998362,-1.894713,-0.133048,0.829493,-0.022746,0.558039,0.004169
1403636633.86351,2.031824,-1.905343,-0.133423,0.828749,-0.024952,0.559051,0.003766
1403636633.91351,2.065787,-1.915979,-0.132457,0.828032,-0.028404,0.559958,0.001573
1403636633.96351,2.100494,-1.926732,-0.131664,-0.826809,0.032126,-0.561564,0.001042
1403636634.01351,2.135162,-1.938302,-0.131665,-0.825573,0.035471,-0.563172,0.002977
1403636634.06352,2.170334,-1.950892,-0.132762,-0.825312,0.037804,-0.563399,0.003539
1403636634.11352,2.205999,-1.964041,-0.133380,-0.825506,0.037818,-0.563112,0.003840
1403636634.16352,2.241939,-1.978484,-0.132683,-0.826204,0.036911,-0.562153,0.003080
1403636634.21352,2.278725,-1.994110,-0.130253,-0.827118,0.034593,-0.560961,0.000932
1403636634.26352,2.316156,-2.010719,-0.125560,0.827034,-0.031512,0.561265,0.002087
1403636634.31353,2.354414,-2.027200,-0.120719,0.825400,-0.028761,0.563796,0.004640
1403636634.36352,2.393047,-2.044222,-0.114499,0.822912,-0.026239,0.567523,0.006689
1403636634.41352,2.432138,-2.061452,-0.109782,0.820344,-0.023749,0.571312,0.008627
1403636634.46352,2.471096,-2.078512,-0.107052,0.818729,-0.021782,0.573679,0.010029
1403636634.51352,2.509479,-2.095261,-0.106162,0.816760,-0.020092,0.576531,0.010545
1403636634.56353,2.546848,-2.111675,-0.107049,0.815444,-0.018673,0.578434,0.010752
1403636634.61353,2.582957,-2.127010,-0.109472,0.814825,-0.016157,0.579380,0.010849
1403636634.66353,2.618927,-2.142076,-0.113318,0.814517,-0.012560,0.579926,0.009492
1403636634.76354,2.689979,-2.171464,-0.119911,0.815528,-0.004349,0.578662,0.006741
1403636634.81354,2.723709,-2.185525,-0.122646,0.816788,-0.001584,0.576919,0.004349
1403636634.86354,2.757489,-2.199393,-0.123643,0.818005,0.000912,0.575207,0.002030
1403636634.91354,2.791534,-2.212725,-0.122610,-0.818935,-0.003789,-0.573873,0.000179
1403636634.96354,2.825776,-2.225557,-0.119670,-0.820402,-0.006733,-0.571745,0.001757
1403636635.01354,2.859995,-2.238021,-0.115091,-0.820605,-0.009766,-0.571406,0.002611
1403636635.06354,2.893597,-2.249849,-0.111343,-0.821474,-0.012330,-0.570102,0.003396
1403636635.11353,2.927127,-2.261555,-0.108689,-0.822300,-0.014340,-0.568858,0.004099
1403636635.16353,2.960556,-2.272973,-0.107762,-0.822812,-0.015616,-0.568074,0.005309
1403636635.21353,2.993986,-2.284263,-0.108275,-0.823712,-0.016554,-0.566729,0.006513
1403636635.26353,3.027746,-2.295079,-0.110142,-0.824216,-0.016463,-0.565963,0.009082
1403636635.31353,3.061614,-2.305354,-0.113361,-0.825033,-0.015907,-0.564742,0.011582
1403636635.36353,3.095636,-2.314848,-0.117081,-0.826074,-0.014029,-0.563179,0.015296
1403636635.41353,3.130157,-2.324975,-0.119638,-0.826672,-0.013529,-0.562259,0.017214
1403636635.46353,3.165621,-2.335312,-0.121190,-0.826430,-0.012713,-0.562591,0.018542
1403636635.51353,3.201647,-2.345796,-0.120773,-0.826707,-0.010853,-0.562134,0.021058
1403636635.56353,3.237970,-2.356487,-0.117935,-0.826755,-0.010330,-0.562047,0.021743
1403636635.61353,3.271935,-2.366691,-0.115431,-0.826348,-0.009539,-0.562628,0.022546
1403636635.66353,3.308198,-2.378826,-0.111157,-0.825765,-0.008611,-0.563486,0.022849
1403636635.71353,3.345174,-2.391345,-0.105318,-0.825070,-0.007980,-0.564510,0.022923
1403636635.76354,3.383229,-2.404282,-0.097241,-0.823189,-0.006300,-0.567205,0.024490
1403636635.81354,3.420361,-2.417371,-0.087115,-0.820817,-0.003424,-0.570511,0.027674
1403636635.86354,3.458530,-2.430885,-0.075169,-0.819286,-0.000728,-0.572588,0.030229
1403636635.91353,3.495927,-2.445995,-0.062644,-0.819961,0.001924,-0.571458,0.033099
1403636635.96352,3.533821,-2.462303,-0.049452,-0.821914,0.002774,-0.568627,0.033368
1403636636.01352,3.571432,-2.479354,-0.036196,-0.824985,0.001771,-0.564285,0.031291
1403636636.06351,3.610082,-2.497094,-0.023832,-0.827290,-0.000693,-0.561120,0.027093
1403636636.11351,3.649029,-2.515362,-0.012218,-0.828858,-0.003485,-0.558982,0.022827
1403636636.16351,3.687694,-2.533065,0.002248,-0.827935,-0.006069,-0.560463,0.019159
1403636636.21351,3.726254,-2.551984,0.017516,-0.825114,-0.008855,-0.564683,0.015523
1403636636.26352,3.766350,-2.571381,0.034770,-0.821557,-0.011028,-0.569882,0.012509
1403636636.31352,3.806064,-2.590129,0.052797,-0.818367,-0.012196,-0.574463,0.010951
1403636636.36353,3.845698,-2.608648,0.072502,-0.814408,-0.013113,-0.580065,0.009608
1403636636.41353,3.884780,-2.626674,0.090962,-0.809296,-0.013928,-0.587168,0.008937
1403636636.46353,3.923910,-2.645093,0.108307,-0.805179,-0.014495,-0.592794,0.008518
1403636636.51353,3.961711,-2.663259,0.124529,-0.803418,-0.016258,-0.595164,0.005870
1403636636.56352,3.997172,-2.680527,0.136920,-0.802664,-0.018475,-0.596139,0.002784
1403636636.61352,4.028871,-2.698158,0.146759,0.802231,0.021082,0.596641,0.000764
1403636636.66352,4.061012,-2.714775,0.155165,0.802500,0.023907,0.596154,0.004728
1403636636.71351,4.090923,-2.730385,0.161256,0.802491,0.026198,0.596034,0.008088
1403636636.76351,4.120837,-2.744283,0.164538,0.802791,0.028697,0.595459,0.011468
1403636636.81351,4.147052,-2.757058,0.165522,0.802940,0.032017,0.594990,0.015764
1403636636.86351,4.174862,-2.768507,0.165149,0.803772,0.034906,0.593595,0.019410
1403636636.91351,4.202950,-2.778588,0.163108,0.805622,0.033755,0.591228,0.016810
1403636636.96350,4.231061,-2.787056,0.160019,0.806951,0.030988,0.589698,0.011237
1403636637.01350,4.259145,-2.794773,0.156273,0.808662,0.027395,0.587619,0.004489
1403636637.06351,4.287776,-2.800207,0.152912,-0.809701,-0.024160,-0.586343,0.001426
1403636637.11351,4.309311,-2.805216,0.144921,-0.811239,-0.021848,-0.584274,0.006157
1403636637.16351,4.333858,-2.810024,0.138508,-0.813408,-0.020535,-0.581261,0.008988
1403636637.21351,4.364471,-2.818881,0.133893,-0.815996,-0.020287,-0.577611,0.010173
1403636637.26351,4.387046,-2.822156,0.126846,-0.817776,-0.020361,-0.575067,0.011253
1403636637.31351,4.410435,-2.825352,0.121357,-0.819297,-0.020716,-0.572872,0.011858
1403636637.36351,4.434485,-2.827618,0.118337,-0.820339,-0.021386,-0.571366,0.011325
1403636637.41351,4.459791,-2.829329,0.117028,-0.820860,-0.021609,-0.570579,0.012681
1403636637.46350,4.486033,-2.830501,0.118272,-0.821918,-0.022708,-0.569016,0.012450
1403636637.51349,4.511858,-2.832047,0.120973,-0.822182,-0.022619,-0.568616,0.013425
1403636637.56349,4.536908,-2.833589,0.124558,-0.823053,-0.022864,-0.567328,0.014146
1403636637.61349,4.561354,-2.835119,0.129801,-0.823145,-0.022667,-0.567162,0.015653
1403636637.66349,4.585526,-2.836627,0.137042,-0.823662,-0.022518,-0.566394,0.016485
1403636637.71348,4.612323,-2.838532,0.146552,-0.823237,-0.023071,-0.566986,0.016578
1403636637.76348,4.639958,-2.839417,0.157625,-0.822516,-0.023685,-0.568001,0.016755
1403636637.81348,4.667502,-2.840122,0.170135,-0.821169,-0.024172,-0.569930,0.016638
1403636637.86348,4.694695,-2.840830,0.185306,-0.820214,-0.024535,-0.571282,0.016810
1403636637.91347,4.723079,-2.841585,0.201525,-0.819046,-0.024790,-0.572933,0.017226
1403636637.96347,4.752017,-2.842697,0.215225,-0.817498,-0.024927,-0.575126,0.017479
1403636638.01348,4.780370,-2.843808,0.224308,-0.816467,-0.024985,-0.576579,0.017754
1403636638.06348,4.807398,-2.844684,0.228991,-0.815397,-0.025194,-0.578069,0.018170
1403636638.11349,4.833525,-2.845357,0.229394,-0.814104,-0.025092,-0.579878,0.018593
1403636638.16349,4.858569,-2.845969,0.226950,-0.813204,-0.025016,-0.581126,0.019143
1403636638.21350,4.882129,-2.846549,0.222408,-0.812943,-0.025326,-0.581471,0.019309
1403636638.26350,4.904468,-2.847022,0.216863,-0.812568,-0.025533,-0.581994,0.019063
1403636638.31350,4.925663,-2.847153,0.209551,-0.813630,-0.024682,-0.580482,0.020912
1403636638.36352,4.945695,-2.847407,0.200060,-0.816970,-0.022141,-0.575723,0.024759
1403636638.41353,4.963315,-2.847251,0.187857,-0.822733,-0.018981,-0.567362,0.029163
1403636638.46353,4.983335,-2.848178,0.175522,-0.828372,-0.016570,-0.558970,0.032824
1403636638.51353,5.004893,-2.849838,0.163427,-0.833095,-0.013928,-0.551738,0.036662
1403636638.56353,5.026781,-2.852460,0.153190,-0.835771,-0.013021,-0.547626,0.037717
1403636638.61353,5.049540,-2.856256,0.145716,-0.836907,-0.014456,-0.545967,0.036028
1403636638.66353,5.074361,-2.860837,0.141479,-0.836012,-0.017949,-0.547496,0.031778
1403636638.71353,5.101194,-2.866043,0.140482,-0.834438,-0.020201,-0.549994,0.028497
1403636638.76353,5.128952,-2.871456,0.141964,-0.831865,-0.022227,-0.553910,0.026256
1403636638.81354,5.158121,-2.876980,0.145669,-0.828913,-0.023368,-0.558318,0.025277
1403636638.86353,5.188180,-2.882651,0.150978,-0.826390,-0.023202,-0.562040,0.025531
1403636638.91353,5.217243,-2.888112,0.156744,-0.824538,-0.022412,-0.564696,0.027440
1403636638.96353,5.247698,-2.893944,0.164307,-0.823106,-0.021119,-0.566715,0.029733
1403636639.01353,5.278956,-2.899786,0.172383,-0.822885,-0.018106,-0.566882,0.034306
1403636639.06353,5.311549,-2.906004,0.179575,-0.822444,-0.014708,-0.567287,0.039421
1403636639.11353,5.344109,-2.913164,0.184631,-0.822165,-0.011868,-0.567442,0.043741
1403636639.16353,5.377229,-2.921565,0.186115,-0.822484,-0.009412,-0.566746,0.047229
1403636639.21352,5.410894,-2.931115,0.183735,-0.822628,-0.007490,-0.566327,0.050009
1403636639.26352,5.445598,-2.941572,0.177469,-0.823212,-0.006740,-0.565383,0.051178
1403636639.31352,5.481064,-2.954594,0.168635,-0.823421,-0.009478,-0.565388,0.047166
1403636639.36352,5.516062,-2.969098,0.158508,-0.823713,-0.013303,-0.565297,0.041932
1403636639.41351,5.552060,-2.984752,0.147377,-0.824086,-0.017213,-0.565025,0.036500
1403636639.46351,5.588475,-3.001265,0.135278,-0.824190,-0.021218,-0.565059,0.031115
1403636639.51351,5.626509,-3.017389,0.123042,-0.823516,-0.025291,-0.566159,0.025435
1403636639.56350,5.663671,-3.035202,0.109795,-0.822321,-0.029860,-0.567915,0.019215
1403636639.61350,5.700460,-3.051988,0.095295,-0.821254,-0.033440,-0.569392,0.014708
1403636639.66350,5.737881,-3.067636,0.081461,-0.819328,-0.034831,-0.572106,0.013508
1403636639.71350,5.774831,-3.082821,0.068919,-0.816971,-0.034235,-0.575470,0.014830
1403636639.76350,5.810966,-3.097236,0.057606,-0.814791,-0.032477,-0.578572,0.017744
1403636639.81351,5.846766,-3.111344,0.048168,-0.813645,-0.031276,-0.580189,0.019606
1403636639.86351,5.882729,-3.125232,0.041212,-0.812911,-0.029720,-0.581205,0.022196
1403636639.91351,5.916883,-3.138191,0.036115,-0.812570,-0.028727,-0.581639,0.024528
1403636639.96350,5.950800,-3.150999,0.032954,-0.812312,-0.028407,-0.581986,0.025185
1403636640.01350,5.984430,-3.164045,0.031011,-0.811953,-0.028906,-0.582434,0.025839
1403636640.06350,6.018329,-3.177079,0.031547,-0.811677,-0.031432,-0.582650,0.026664
1403636640.11350,6.051815,-3.190225,0.033591,-0.811315,-0.036285,-0.582863,0.026865
1403636640.16351,6.086336,-3.202798,0.037786,-0.810994,-0.040284,-0.582926,0.029365
1403636640.21351,6.119891,-3.214933,0.043396,-0.810660,-0.044118,-0.582975,0.032012
1403636640.26351,6.153333,-3.228036,0.049209,-0.811319,-0.048083,-0.581658,0.033519
1403636640.31351,6.185318,-3.240939,0.054435,-0.811504,-0.050376,-0.581073,0.035745
1403636640.36351,6.217192,-3.253906,0.058033,-0.811297,-0.053281,-0.581005,0.037312
1403636640.41351,6.248242,-3.266861,0.059790,-0.811189,-0.055731,-0.580852,0.038427
1403636640.46351,6.278210,-3.279632,0.059693,-0.810985,-0.057884,-0.580872,0.039259
1403636640.51351,6.306394,-3.292409,0.058059,-0.811666,-0.059247,-0.579694,0.040537
1403636640.56351,6.333763,-3.305748,0.052692,-0.811498,-0.060882,-0.579714,0.041177
1403636640.61351,6.358924,-3.317615,0.048227,-0.811369,-0.061608,-0.579746,0.042176
1403636640.66351,6.382765,-3.329017,0.042708,-0.811001,-0.062498,-0.580128,0.042697
1403636640.71351,6.405125,-3.340158,0.035684,-0.811399,-0.063049,-0.579462,0.043358
1403636640.76351,6.426796,-3.350986,0.028492,-0.812237,-0.063456,-0.578186,0.044106
1403636640.81351,6.448733,-3.361153,0.023017,-0.812883,-0.064235,-0.577197,0.044038
1403636640.86351,6.469782,-3.371027,0.018623,-0.813807,-0.064989,-0.575815,0.043950
1403636640.91351,6.491068,-3.380497,0.016271,-0.814187,-0.065304,-0.575230,0.044107
1403636640.96351,6.510139,-3.388990,0.015739,-0.814412,-0.065539,-0.574910,0.043778
1403636641.01351,6.529076,-3.397723,0.016105,-0.814024,-0.065567,-0.575483,0.043415
1403636641.06351,6.547942,-3.405929,0.015680,-0.813314,-0.064739,-0.576536,0.043995
1403636641.11351,6.566528,-3.413997,0.013679,-0.812922,-0.064594,-0.577145,0.043459
1403636641.16351,6.585064,-3.422019,0.010020,-0.813078,-0.064516,-0.576973,0.042955
1403636641.21351,6.604790,-3.429446,0.005592,-0.812543,-0.064054,-0.577797,0.042680
1403636641.26351,6.623905,-3.436547,-0.000103,-0.811990,-0.062929,-0.578607,0.043882
1403636641.31351,6.642805,-3.443428,-0.007297,-0.812278,-0.060402,-0.578270,0.046474
1403636641.36351,6.661487,-3.450248,-0.015473,-0.812619,-0.057496,-0.577806,0.049851
1403636641.41351,6.680266,-3.457322,-0.024550,-0.812815,-0.055114,-0.577486,0.052948
1403636641.46351,6.698051,-3.464938,-0.034155,-0.812725,-0.054462,-0.577642,0.053307
1403636641.51351,6.716487,-3.473246,-0.043174,-0.812482,-0.055026,-0.578060,0.051881
1403636641.56350,6.733624,-3.482193,-0.051530,-0.812635,-0.056188,-0.577882,0.050204
1403636641.61350,6.750519,-3.491443,-0.058267,-0.812559,-0.057220,-0.578076,0.047984
1403636641.66351,6.767296,-3.500498,-0.062781,-0.812820,-0.058018,-0.577762,0.046362
1403636641.71351,6.782898,-3.509760,-0.065044,-0.812262,-0.058692,-0.578570,0.045206
1403636641.76350,6.797959,-3.518337,-0.064288,-0.812653,-0.058800,-0.578083,0.044251
1403636641.81350,6.812443,-3.526328,-0.061405,-0.812175,-0.058974,-0.578758,0.043960
1403636641.86351,6.827363,-3.533469,-0.057166,-0.811726,-0.059017,-0.579406,0.043664
1403636641.91351,6.841521,-3.540540,-0.051910,-0.811680,-0.057997,-0.579627,0.042952
1403636641.96351,6.854735,-3.547091,-0.044377,-0.811615,-0.055225,-0.580063,0.041942
1403636642.01351,6.867070,-3.554062,-0.035955,-0.811069,-0.051888,-0.581308,0.039439
1403636642.06350,6.879279,-3.561257,-0.026761,-0.810850,-0.047554,-0.582150,0.036912
1403636642.11350,6.891128,-3.568266,-0.018021,-0.810621,-0.044277,-0.582920,0.033720
1403636642.16351,6.902268,-3.575126,-0.010575,-0.810426,-0.041272,-0.583565,0.030952
1403636642.21350,6.912063,-3.581623,-0.004684,-0.810052,-0.038394,-0.584373,0.029174
1403636642.26350,6.921523,-3.587977,-0.000318,-0.809946,-0.035444,-0.584780,0.027620
1403636642.31350,6.930596,-3.594731,0.001994,-0.809864,-0.031792,-0.585185,0.025856
1403636642.36350,6.938701,-3.601768,0.002471,-0.809697,-0.027426,-0.585754,0.023024
1403636642.41350,6.946749,-3.609152,0.001154,-0.809235,-0.023158,-0.586658,0.020847
1403636642.46350,6.954108,-3.616499,-0.001944,-0.809362,-0.019728,-0.586688,0.018489
1403636642.51350,6.960510,-3.623613,-0.006562,-0.810135,-0.016735,-0.585762,0.016847
1403636642.56350,6.966509,-3.630890,-0.012305,-0.812140,-0.014638,-0.583097,0.014570
1403636642.61350,6.971725,-3.637593,-0.019522,-0.814497,-0.012366,-0.579870,0.013885
1403636642.66350,6.976972,-3.644409,-0.028092,-0.817084,-0.010541,-0.576273,0.013102
1403636642.71350,6.982221,-3.651056,-0.037197,-0.819408,-0.009202,-0.573009,0.012101
1403636642.76350,6.987533,-3.657471,-0.045752,-0.821514,-0.008321,-0.570006,0.011818
1403636642.81350,6.992236,-3.663710,-0.052123,-0.823123,-0.007314,-0.567692,0.011844
1403636642.86350,6.996926,-3.669729,-0.056259,-0.824089,-0.006496,-0.566293,0.012174
1403636642.91350,7.001888,-3.675811,-0.059079,-0.825118,-0.006427,-0.564790,0.012289
1403636642.96349,7.007482,-3.682171,-0.059595,-0.825478,-0.005844,-0.564260,0.012732
1403636643.01349,7.013818,-3.688764,-0.057791,-0.825076,-0.005721,-0.564839,0.013184
1403636643.06349,7.021934,-3.695756,-0.054550,-0.822991,-0.005630,-0.567868,0.013403
1403636643.11349,7.030203,-3.703125,-0.051489,-0.820440,-0.005445,-0.571539,0.013864
1403636643.16349,7.038741,-3.710573,-0.049932,-0.818569,-0.005116,-0.574198,0.014677
1403636643.21349,7.047370,-3.718278,-0.050029,-0.817069,-0.004895,-0.576322,0.015079
1403636643.26349,7.055890,-3.726080,-0.051771,-0.816469,-0.005055,-0.577161,0.015420
1403636643.31349,7.064403,-3.734138,-0.054678,-0.816692,-0.005447,-0.576846,0.015293
1403636643.36349,7.072533,-3.742551,-0.057940,-0.817871,-0.005917,-0.575170,0.015192
1403636643.41349,7.081753,-3.750903,-0.059337,-0.819268,-0.005809,-0.573160,0.015896
1403636643.46349,7.091863,-3.759516,-0.058794,-0.821378,-0.005709,-0.570108,0.016832
1403636643.51349,7.103359,-3.768357,-0.057152,-0.823636,-0.006234,-0.566828,0.017065
1403636643.56349,7.116707,-3.777797,-0.053077,-0.825528,-0.006914,-0.564054,0.017287
1403636643.61349,7.130416,-3.787203,-0.047931,-0.827652,-0.007694,-0.560942,0.016674
1403636643.66349,7.144413,-3.796726,-0.040784,-0.829447,-0.009002,-0.558260,0.016776
1403636643.71349,7.158460,-3.806184,-0.031592,-0.831087,-0.010055,-0.555805,0.016555
1403636643.76349,7.172870,-3.815915,-0.020960,-0.831927,-0.010843,-0.554542,0.016218
1403636643.81348,7.188044,-3.825763,-0.010864,-0.833544,-0.012092,-0.552112,0.015179
1403636643.86348,7.204147,-3.835457,-0.001857,-0.835146,-0.012466,-0.549676,0.015234
1403636643.91348,7.221998,-3.845364,0.005926,-0.836185,-0.013055,-0.548089,0.014952
1403636643.96348,7.241433,-3.855307,0.012153,-0.837304,-0.013749,-0.546379,0.014262
1403636644.01348,7.262541,-3.865218,0.016927,-0.837795,-0.014138,-0.545633,0.013590
1403636644.06349,7.285008,-3.874923,0.020353,-0.838209,-0.014263,-0.544990,0.013717
1403636644.11349,7.308643,-3.884587,0.022382,-0.838738,-0.014306,-0.544183,0.013388
1403636644.16349,7.333675,-3.894396,0.023375,-0.837988,-0.014532,-0.545334,0.013229
1403636644.21349,7.360303,-3.903603,0.023521,-0.835015,-0.012977,-0.549862,0.015300
1403636644.26349,7.388207,-3.912537,0.022661,-0.831008,-0.009386,-0.555823,0.019955
1403636644.31349,7.416811,-3.921738,0.020703,-0.826255,-0.005330,-0.562693,0.025499
1403636644.36349,7.445149,-3.931660,0.017081,-0.821822,-0.001450,-0.568939,0.030257
1403636644.41349,7.473486,-3.942449,0.011436,-0.818342,0.000924,-0.573754,0.033506
1403636644.46350,7.501869,-3.954477,0.003837,-0.815278,0.002873,-0.577954,0.035803
1403636644.51351,7.529129,-3.967272,-0.005838,-0.812344,0.005988,-0.581763,0.040164
1403636644.56351,7.556542,-3.981344,-0.017727,-0.810682,0.008191,-0.583794,0.043725
1403636644.61351,7.583438,-3.996866,-0.031233,-0.809706,0.009129,-0.585067,0.044610
1403636644.66352,7.609477,-4.013306,-0.046384,-0.809224,0.006641,-0.586037,0.040893
1403636644.71353,7.634478,-4.030938,-0.063219,-0.808910,0.002436,-0.586908,0.034612
1403636644.76353,7.659224,-4.049856,-0.081900,-0.809441,-0.003066,-0.586586,0.026691
1403636644.81354,7.683398,-4.069538,-0.101816,-0.809428,-0.007909,-0.586861,0.018912
1403636644.86354,7.706663,-4.089954,-0.122911,-0.810608,-0.011155,-0.585336,0.013086
1403636644.91354,7.728648,-4.110493,-0.143423,-0.812219,-0.011804,-0.583133,0.010771
1403636644.96354,7.750221,-4.130105,-0.162690,-0.814019,-0.011543,-0.580632,0.010361
1403636645.01355,7.770998,-4.150018,-0.180094,-0.818383,-0.011433,-0.574475,0.009836
1403636645.06355,7.791364,-4.169810,-0.196687,-0.824934,-0.009831,-0.565036,0.011001
1403636645.11355,7.811224,-4.190251,-0.209787,-0.831408,-0.008549,-0.555466,0.012062
1403636645.16356,7.833711,-4.209927,-0.221776,-0.837256,-0.009091,-0.546628,0.010849
1403636645.21356,7.858178,-4.230882,-0.231310,-0.842138,-0.007836,-0.539075,0.011836
1403636645.26355,7.885826,-4.251925,-0.238174,-0.844741,-0.008054,-0.534998,0.011172
1403636645.31354,7.915964,-4.272794,-0.243432,-0.844394,-0.007896,-0.535547,0.011275
1403636645.36353,7.949313,-4.293054,-0.247643,-0.842022,-0.008106,-0.539275,0.010750
1403636645.41352,7.984437,-4.313046,-0.251643,-0.839243,-0.008204,-0.543604,0.009905
1403636645.46352,8.021354,-4.332290,-0.256360,-0.837061,-0.007850,-0.546963,0.009910
1403636645.51352,8.060450,-4.351615,-0.262913,-0.835329,-0.008038,-0.549608,0.009570
1403636645.56352,8.098606,-4.369139,-0.270084,-0.834656,-0.008058,-0.550638,0.009065
1403636645.61352,8.138636,-4.386281,-0.278112,-0.833575,-0.007861,-0.552283,0.008633
1403636645.66352,8.181579,-4.403019,-0.286739,-0.832874,-0.008565,-0.553338,0.007998
1403636645.71352,8.223696,-4.419483,-0.293984,-0.832245,-0.008702,-0.554287,0.007669
1403636645.76351,8.267343,-4.435766,-0.299776,-0.831754,-0.008462,-0.555015,0.008485
1403636645.81351,8.312097,-4.452279,-0.303234,-0.831505,-0.007956,-0.555380,0.009418
1403636645.86351,8.357850,-4.468927,-0.303512,-0.832000,-0.007487,-0.554639,0.009753
1403636645.91351,8.404361,-4.485982,-0.301184,-0.832240,-0.006817,-0.554265,0.010997
1403636645.96351,8.453211,-4.503567,-0.296038,-0.829641,-0.004671,-0.558163,0.011331
1403636646.01350,8.503083,-4.521287,-0.289330,-0.827175,-0.000811,-0.561832,0.011202
1403636646.06350,8.552277,-4.540666,-0.281791,-0.825176,0.005563,-0.564732,0.011484
1403636646.11350,8.600644,-4.560045,-0.273163,-0.823179,0.013311,-0.567543,0.009658
1403636646.16350,8.650837,-4.579722,-0.265572,-0.821160,0.022647,-0.570215,0.006137
1403636646.21350,8.700157,-4.600074,-0.258139,-0.818995,0.033505,-0.572816,0.002679
1403636646.26350,8.747430,-4.621102,-0.252220,0.816603,-0.045584,0.575392,0.002254
1403636646.31350,8.794561,-4.643427,-0.247583,0.813451,-0.058444,0.578634,0.007997
1403636646.36350,8.840046,-4.667166,-0.244956,0.810080,-0.071695,0.581756,0.013807
1403636646.41350,8.884102,-4.691727,-0.244320,0.807208,-0.083071,0.583926,0.023355
1403636646.46350,8.927912,-4.716633,-0.244317,0.803373,-0.091800,0.587395,0.033647
1403636646.51349,8.970331,-4.742285,-0.243528,0.799903,-0.098218,0.590394,0.044095
1403636646.56349,9.011180,-4.768816,-0.241778,0.797464,-0.104147,0.591954,0.052869
1403636646.61348,9.051244,-4.795766,-0.239467,0.796824,-0.109486,0.591253,0.059199
1403636646.66347,9.090457,-4.823013,-0.234766,0.797656,-0.113042,0.588745,0.065917
1403636646.71347,9.128475,-4.849521,-0.227341,0.798327,-0.117142,0.586570,0.069908
1403636646.76347,9.165645,-4.877367,-0.210325,0.798473,-0.120581,0.585286,0.073086
1403636646.81347,9.200792,-4.902572,-0.197518,0.798070,-0.122819,0.585027,0.075790
1403636646.86347,9.234800,-4.927012,-0.182970,0.797639,-0.124995,0.584838,0.078188
1403636646.91347,9.266986,-4.951273,-0.167717,0.797999,-0.126517,0.583952,0.078685
1403636646.96347,9.291909,-4.975221,-0.149171,0.798622,-0.127553,0.582748,0.079608
1403636647.01347,9.321190,-4.998847,-0.135662,0.799488,-0.128121,0.581332,0.080355
1403636647.06347,9.349569,-5.022587,-0.123550,0.800910,-0.127965,0.579353,0.080736
1403636647.11347,9.376797,-5.046126,-0.113350,0.803243,-0.128160,0.576057,0.080837
1403636647.16347,9.402616,-5.069443,-0.103936,0.805002,-0.128251,0.573661,0.080221
1403636647.21347,9.426627,-5.093324,-0.094915,0.806184,-0.127621,0.572093,0.080564
1403636647.26347,9.453732,-5.116666,-0.088825,0.806143,-0.127522,0.572307,0.079602
1403636647.31347,9.480125,-5.139963,-0.083807,0.805541,-0.127504,0.573392,0.077903
1403636647.36347,9.505686,-5.163391,-0.079367,0.804572,-0.127291,0.574975,0.076582
1403636647.41347,9.531238,-5.186422,-0.076701,0.803557,-0.126955,0.576611,0.075483
1403636647.46347,9.555624,-5.209567,-0.075000,0.802416,-0.126746,0.578482,0.073639
1403636647.51347,9.578681,-5.232723,-0.073728,0.800528,-0.126268,0.581404,0.071983
1403636647.56347,9.601152,-5.257077,-0.071134,0.797994,-0.126253,0.585171,0.069579
1403636647.61347,9.620891,-5.280783,-0.068055,0.794707,-0.127192,0.589748,0.066785
1403636647.66347,9.640661,-5.305645,-0.064905,0.793942,-0.127959,0.590572,0.067138
1403636647.71347,9.658584,-5.330832,-0.060129,0.794514,-0.127951,0.589644,0.068532
1403636647.76347,9.676335,-5.356671,-0.054571,0.795841,-0.127938,0.587644,0.070310
1403636647.81347,9.691891,-5.382192,-0.047643,0.796376,-0.127843,0.586598,0.073104
1403636647.86347,9.706485,-5.407940,-0.043222,0.797199,-0.129815,0.584741,0.075491
1403636647.91347,9.720072,-5.434412,-0.039636,0.796753,-0.132797,0.584202,0.079108
1403636647.96347,9.732212,-5.460865,-0.037654,0.795867,-0.137568,0.583774,0.082942
1403636648.01347,9.743739,-5.488025,-0.039056,0.795126,-0.143748,0.582517,0.088230
1403636648.06347,9.750854,-5.513026,-0.043630,0.793945,-0.151659,0.581178,0.094257
1403636648.11346,9.759624,-5.540934,-0.049200,0.792368,-0.161149,0.579671,0.100825
1403636648.16346,9.765743,-5.568468,-0.055485,0.790202,-0.171414,0.578333,0.108299
1403636648.21347,9.772449,-5.596246,-0.063519,0.787771,-0.181651,0.577032,0.115987
1403636648.26346,9.777427,-5.623498,-0.073143,0.785005,-0.192832,0.575610,0.123517
1403636648.31346,9.781944,-5.650562,-0.084326,0.782329,-0.204243,0.573620,0.131175
1403636648.36346,9.785459,-5.677453,-0.096305,0.779116,-0.215048,0.572069,0.139533
1403636648.41347,9.787214,-5.704693,-0.108232,0.776098,-0.226210,0.569750,0.147942
1403636648.46347,9.788278,-5.731861,-0.121502,0.772940,-0.237963,0.567059,0.156146
1403636648.51347,9.788615,-5.758651,-0.134959,0.769455,-0.249307,0.564719,0.163947
1403636648.56347,9.788221,-5.784975,-0.146722,0.766072,-0.259415,0.562731,0.170795
1403636648.61347,9.786359,-5.810040,-0.157813,0.763249,-0.267783,0.560665,0.177198
1403636648.66347,9.784530,-5.834797,-0.167742,0.761779,-0.274684,0.557553,0.182694
1403636648.71347,9.783018,-5.861122,-0.176511,0.761507,-0.280123,0.553477,0.187885
1403636648.76347,9.780556,-5.886472,-0.183041,0.761711,-0.285266,0.549530,0.190882
1403636648.81346,9.778665,-5.911567,-0.188741,0.764598,-0.290030,0.542656,0.191826
1403636648.86346,9.776626,-5.936166,-0.191526,0.767394,-0.294230,0.536433,0.191766
1403636648.91346,9.774992,-5.960670,-0.192047,0.770639,-0.296769,0.530110,0.192424
1403636648.96347,9.773965,-5.985274,-0.190001,0.772833,-0.298446,0.525957,0.192429
1403636649.01347,9.773230,-6.009847,-0.185651,0.773363,-0.299080,0.524449,0.193427
1403636649.06348,9.774191,-6.035268,-0.178387,0.771643,-0.298340,0.526770,0.195128
1403636649.11348,9.776052,-6.061064,-0.168521,0.768102,-0.296358,0.532137,0.197535
1403636649.16349,9.777737,-6.087133,-0.156033,0.763864,-0.294690,0.538511,0.199187
1403636649.21349,9.779865,-6.113355,-0.142584,0.760479,-0.292216,0.543798,0.201407
1403636649.26349,9.781908,-6.139491,-0.127600,0.757876,-0.290051,0.548116,0.202639
1403636649.31349,9.782785,-6.164459,-0.111203,0.757348,-0.288599,0.549599,0.202673
1403636649.36349,9.783375,-6.189045,-0.093461,0.758442,-0.287293,0.549065,0.201882
1403636649.41349,9.783748,-6.213500,-0.074363,0.760230,-0.286440,0.547584,0.200386
1403636649.46349,9.783337,-6.236500,-0.053243,0.762936,-0.285327,0.545016,0.198684
1403636649.51349,9.783276,-6.259985,-0.030873,0.763379,-0.283752,0.545688,0.197390
1403636649.56349,9.782561,-6.282607,-0.005585,0.762257,-0.282292,0.548464,0.196119
1403636649.61349,9.781617,-6.305190,0.020993,0.760440,-0.282264,0.551403,0.194968
1403636649.66349,9.780926,-6.328069,0.045878,0.757443,-0.283777,0.554818,0.194748
1403636649.71349,9.778129,-6.349979,0.068603,0.754999,-0.286950,0.556248,0.195510
1403636649.76349,9.774416,-6.371374,0.089535,0.752780,-0.289794,0.556670,0.198646
1403636649.81349,9.770137,-6.392208,0.108392,0.751241,-0.292155,0.556410,0.201716
1403636649.86349,9.764886,-6.412321,0.125480,0.749461,-0.294295,0.556494,0.204973
1403636649.91349,9.758384,-6.431290,0.140800,0.748246,-0.296279,0.556085,0.207645
1403636649.96350,9.752450,-6.450661,0.153679,0.747277,-0.297879,0.555499,0.210392
1403636650.01350,9.746105,-6.470069,0.163206,0.746667,-0.299450,0.554641,0.212580
1403636650.06350,9.738076,-6.488125,0.170174,0.745344,-0.301477,0.554705,0.214185
1403636650.11350,9.729013,-6.505202,0.174874,0.743726,-0.304910,0.554128,0.216435
1403636650.16350,9.718207,-6.521304,0.178097,0.741468,-0.309659,0.553129,0.219966
1403636650.21350,9.706742,-6.536901,0.178726,0.739203,-0.315996,0.550499,0.225114
1403636650.26350,9.693413,-6.552114,0.178053,0.736095,-0.324119,0.547559,0.230847
1403636650.31350,9.680411,-6.567459,0.175853,0.732394,-0.333891,0.544326,0.236272
1403636650.36349,9.666264,-6.582339,0.172624,0.728728,-0.344409,0.539898,0.242589
1403636650.41349,9.650886,-6.596437,0.168770,0.725130,-0.354929,0.534794,0.249415
1403636650.46349,9.634496,-6.609426,0.163565,0.721712,-0.365887,0.528811,0.256160
1403636650.51349,9.617226,-6.620349,0.156842,0.718515,-0.376592,0.522609,0.262287
1403636650.56350,9.599369,-6.630545,0.149669,0.715691,-0.386440,0.516992,0.266775
1403636650.61350,9.581656,-6.639000,0.139908,0.713140,-0.394342,0.512289,0.271082
1403636650.66350,9.563319,-6.647567,0.128479,0.710687,-0.400945,0.508726,0.274525
1403636650.71350,9.546692,-6.657027,0.119048,0.708712,-0.406218,0.505143,0.278470
1403636650.76350,9.530317,-6.666262,0.111100,0.706377,-0.410934,0.503162,0.281056
1403636650.81350,9.515096,-6.675493,0.104648,0.704036,-0.414255,0.502189,0.283783
1403636650.86351,9.499785,-6.684698,0.101446,0.701391,-0.416055,0.502532,0.287073
1403636650.91351,9.484473,-6.693626,0.100302,0.698199,-0.416516,0.504536,0.290647
1403636650.96351,9.469551,-6.702407,0.100390,0.695475,-0.416737,0.506747,0.293006
1403636651.01351,9.454198,-6.710558,0.101788,0.693497,-0.416250,0.508472,0.295389
1403636651.06351,9.439882,-6.717893,0.104210,0.692485,-0.415815,0.509478,0.296637
1403636651.11351,9.425221,-6.725077,0.108194,0.691670,-0.415294,0.510849,0.296913
1403636651.16351,9.411260,-6.732231,0.112907,0.692050,-0.415024,0.510603,0.296826
1403636651.21351,9.396008,-6.737863,0.119366,0.693454,-0.414921,0.509652,0.295324
1403636651.26352,9.380426,-6.742812,0.127101,0.695194,-0.414837,0.508136,0.293962
1403636651.31352,9.364959,-6.747228,0.135716,0.697407,-0.414583,0.506361,0.292137
1403636651.36352,9.349559,-6.751322,0.144282,0.699467,-0.414644,0.504855,0.289719
1403636651.41352,9.334073,-6.755198,0.151693,0.701001,-0.413828,0.504116,0.288463
1403636651.46352,9.318465,-6.758458,0.157355,0.702254,-0.412993,0.504025,0.286767
1403636651.51352,9.302746,-6.761349,0.161386,0.702721,-0.411434,0.504906,0.286314
1403636651.56352,9.286920,-6.763852,0.164033,0.701887,-0.409843,0.507625,0.285835
1403636651.61351,9.271017,-6.766041,0.165370,0.700635,-0.407485,0.510825,0.286573
1403636651.66351,9.254877,-6.767461,0.165344,0.699188,-0.405875,0.514057,0.286611
1403636651.71351,9.238160,-6.768086,0.163954,0.697877,-0.405582,0.516582,0.285682
1403636651.76351,9.220303,-6.768201,0.161486,0.695587,-0.407353,0.518906,0.284532
1403636651.81351,9.201395,-6.767491,0.158666,0.692144,-0.411422,0.521113,0.283036
1403636651.86351,9.181934,-6.766559,0.154208,0.687892,-0.416160,0.522764,0.283431
1403636651.91351,9.160725,-6.764998,0.148311,0.683422,-0.422444,0.522661,0.285133
1403636651.96351,9.137823,-6.763137,0.141054,0.678351,-0.429586,0.521623,0.288455
1403636652.01351,9.113460,-6.761382,0.133297,0.672958,-0.436960,0.519296,0.294151
1403636652.06351,9.087614,-6.759365,0.123846,0.668317,-0.445724,0.513819,0.301118
1403636652.11351,9.060092,-6.756698,0.113590,0.664102,-0.454739,0.505987,0.310094
1403636652.16351,9.031336,-6.753192,0.102981,0.659125,-0.465132,0.497023,0.319647
1403636652.21351,9.001382,-6.748835,0.091036,0.653462,-0.477396,0.486835,0.328743
1403636652.26351,8.970419,-6.742435,0.077560,0.647061,-0.490397,0.476852,0.336800
1403636652.31351,8.938569,-6.734158,0.062587,0.641179,-0.504581,0.465170,0.343372
1403636652.36351,8.905602,-6.725717,0.047209,0.634819,-0.518206,0.454551,0.349072
1403636652.41351,8.873561,-6.718430,0.032214,0.628481,-0.529774,0.445665,0.354589
1403636652.46351,8.842170,-6.711457,0.018232,0.622409,-0.539761,0.438865,0.358696
1403636652.51351,8.811487,-6.705440,0.005364,0.617369,-0.548504,0.432756,0.361555
1403636652.56350,8.779355,-6.700513,-0.000423,0.613475,-0.556478,0.426583,0.363329
1403636652.61350,8.748968,-6.696390,-0.008033,0.611109,-0.563000,0.420662,0.364170
1403636652.66351,8.719021,-6.694015,-0.013661,0.610085,-0.568113,0.414534,0.364974
1403636652.71351,8.689193,-6.693134,-0.016121,0.609410,-0.570771,0.409718,0.367384
1403636652.76351,8.660294,-6.693929,-0.016001,0.608073,-0.573418,0.407782,0.367632
1403636652.81351,8.631850,-6.696593,-0.013757,0.607208,-0.574408,0.406360,0.369087
1403636652.86352,8.604625,-6.701337,-0.009848,0.605959,-0.575077,0.406482,0.369963
1403636652.91352,8.577814,-6.708331,-0.002725,0.605158,-0.574189,0.407289,0.371762
1403636652.96352,8.551074,-6.716049,0.004942,0.604661,-0.572723,0.408300,0.373717
1403636653.01352,8.524803,-6.725384,0.011873,0.604225,-0.571348,0.409640,0.375058
1403636653.06352,8.499020,-6.735507,0.016259,0.604382,-0.568890,0.410871,0.377188
1403636653.16352,8.448373,-6.759211,0.013508,0.603123,-0.563639,0.416582,0.380807
1403636653.21352,8.423576,-6.771765,0.009634,0.601954,-0.559935,0.420633,0.383656
1403636653.26352,8.399395,-6.784743,0.007020,0.600701,-0.556056,0.425088,0.386342
1403636653.31352,8.375322,-6.797341,0.005307,0.600370,-0.552066,0.428284,0.389039
1403636653.36352,8.351801,-6.809765,0.005268,0.600738,-0.549236,0.430755,0.389749
1403636653.41352,8.328394,-6.820753,0.007760,0.601735,-0.546973,0.432285,0.389699
1403636653.46352,8.305690,-6.831771,0.011956,0.603081,-0.545638,0.432975,0.388722
1403636653.51352,8.283282,-6.842364,0.018399,0.604638,-0.544145,0.433564,0.387739
1403636653.56353,8.259852,-6.850615,0.025852,0.605966,-0.543164,0.434272,0.386246
1403636653.61353,8.237426,-6.859339,0.035944,0.605853,-0.541806,0.436322,0.386019
1403636653.66353,8.216136,-6.868936,0.045327,0.605795,-0.539708,0.438510,0.386571
1403636653.71353,8.195183,-6.877649,0.053188,0.605516,-0.537714,0.440396,0.387641
1403636653.76353,8.174514,-6.885471,0.059430,0.604782,-0.536312,0.442478,0.388357
1403636653.81353,8.154247,-6.891260,0.062233,0.604862,-0.534761,0.443513,0.389190
1403636653.86353,8.134135,-6.896650,0.064763,0.604679,-0.533615,0.444240,0.390217
1403636653.91353,8.114226,-6.900788,0.065160,0.604770,-0.533214,0.444490,0.390339
1403636653.96353,8.094587,-6.903774,0.063480,0.604961,-0.534366,0.444608,0.388330
1403636654.01353,8.075090,-6.905429,0.059737,0.604995,-0.536122,0.444659,0.385788
1403636654.06353,8.055805,-6.906256,0.054725,0.604712,-0.537507,0.445195,0.383681
1403636654.11353,8.036237,-6.906239,0.048841,0.603531,-0.538823,0.445529,0.383307
1403636654.16353,8.016132,-6.904669,0.043731,0.601013,-0.540560,0.445898,0.384387
1403636654.21353,7.995669,-6.902642,0.039406,0.598210,-0.542811,0.445011,0.386609
1403636654.26352,7.975077,-6.899895,0.037457,0.596102,-0.545638,0.441704,0.389666
1403636654.31352,7.954205,-6.896139,0.037457,0.593219,-0.549543,0.437898,0.392860
1403636654.36352,7.933439,-6.891709,0.039220,0.590083,-0.554603,0.433326,0.395533
1403636654.41352,7.912680,-6.885940,0.041202,0.586327,-0.560360,0.427908,0.398888
1403636654.46352,7.891784,-6.881071,0.046448,0.581783,-0.566520,0.422858,0.402212
1403636654.51353,7.870893,-6.876334,0.053674,0.576656,-0.572497,0.417291,0.406919
1403636654.56353,7.850358,-6.871232,0.062198,0.571046,-0.578909,0.411606,0.411524
1403636654.61353,7.830568,-6.865590,0.070423,0.566158,-0.585831,0.406519,0.413534
1403636654.66353,7.811252,-6.859922,0.077924,0.561158,-0.593070,0.402868,0.413603
1403636654.71353,7.792398,-6.853757,0.084295,0.557396,-0.598295,0.398891,0.415016
1403636654.76353,7.773548,-6.846067,0.088157,0.554357,-0.602705,0.395312,0.416130
1403636654.81353,7.754242,-6.837650,0.089270,0.551513,-0.606040,0.392035,0.418160
1403636654.86353,7.736241,-6.830992,0.090787,0.549380,-0.608713,0.389109,0.419815
1403636654.91353,7.718622,-6.824520,0.090970,0.547020,-0.610449,0.387340,0.422006
1403636654.96354,7.701380,-6.818681,0.090306,0.544154,-0.609975,0.387375,0.426343
1403636655.01354,7.684564,-6.812857,0.088739,0.540489,-0.609039,0.389326,0.430545
1403636655.06354,7.668132,-6.806799,0.085964,0.537337,-0.608105,0.391464,0.433858
1403636655.11354,7.651835,-6.800288,0.082162,0.534864,-0.607510,0.393103,0.436260
1403636655.16354,7.636065,-6.792825,0.078749,0.532899,-0.606530,0.394453,0.438803
1403636655.21354,7.620227,-6.784753,0.074466,0.531018,-0.606104,0.396538,0.439789
1403636655.26354,7.604377,-6.775236,0.069710,0.528286,-0.606857,0.397768,0.440929
1403636655.31354,7.588406,-6.763940,0.064259,0.525488,-0.608099,0.397739,0.442584
1403636655.36354,7.572498,-6.751011,0.058501,0.521668,-0.610420,0.397675,0.443964
1403636655.41354,7.556062,-6.735255,0.053768,0.517946,-0.612818,0.397422,0.445244
1403636655.46354,7.539936,-6.719730,0.050712,0.514614,-0.615007,0.395724,0.447595
1403636655.51354,7.523414,-6.703246,0.049204,0.510941,-0.618544,0.392882,0.449430
1403636655.56354,7.506780,-6.683594,0.048183,0.508146,-0.624219,0.388108,0.448899
1403636655.61354,7.490034,-6.662824,0.047025,0.505425,-0.631636,0.381603,0.447169
1403636655.66354,7.472752,-6.640828,0.044486,0.502036,-0.639202,0.376153,0.444847
1403636655.71354,7.455517,-6.618796,0.039642,0.499214,-0.645824,0.371242,0.442580
1403636655.76354,7.437354,-6.597260,0.032283,0.496148,-0.651390,0.366113,0.442142
1403636655.81354,7.419123,-6.575584,0.021351,0.491503,-0.656934,0.361902,0.442594
1403636655.86354,7.399707,-6.553750,0.007249,0.485832,-0.662902,0.357530,0.443509
1403636655.91354,7.379465,-6.532161,-0.008811,0.478958,-0.668985,0.353146,0.445361
1403636655.96354,7.358707,-6.511021,-0.024822,0.471525,-0.674488,0.348857,0.448362
1403636656.01354,7.338527,-6.491547,-0.040379,0.464763,-0.678954,0.345759,0.451074
1403636656.06355,7.316619,-6.470383,-0.052794,0.458976,-0.682505,0.342080,0.454433
1403636656.11354,7.293822,-6.449440,-0.063238,0.455304,-0.685374,0.337526,0.457206
1403636656.16354,7.270300,-6.428677,-0.070631,0.452254,-0.687710,0.333659,0.459558
1403636656.21354,7.246319,-6.408218,-0.075041,0.451197,-0.689578,0.328473,0.461529
1403636656.26354,7.222372,-6.388998,-0.076544,0.449616,-0.691320,0.325683,0.462442
1403636656.31354,7.197644,-6.369886,-0.075804,0.448821,-0.692906,0.323000,0.462721
1403636656.36354,7.174108,-6.352845,-0.072092,0.447775,-0.694246,0.321825,0.462547
1403636656.41354,7.149080,-6.338078,-0.065862,0.447901,-0.694856,0.320469,0.462450
1403636656.46354,7.123390,-6.322272,-0.058193,0.447565,-0.695195,0.320250,0.462416
1403636656.51354,7.097092,-6.306967,-0.049138,0.448474,-0.694974,0.319298,0.462527
1403636656.56354,7.070644,-6.293473,-0.039853,0.449253,-0.693738,0.319136,0.463736
1403636656.61354,7.044664,-6.281217,-0.030426,0.449775,-0.692054,0.319828,0.465269
1403636656.66354,7.019303,-6.270180,-0.021050,0.449173,-0.689358,0.322306,0.468133
1403636656.71354,6.991715,-6.257375,-0.013914,0.447278,-0.685022,0.327079,0.472977
1403636656.76354,6.964162,-6.244379,-0.008534,0.445682,-0.680787,0.331360,0.477596
1403636656.81354,6.936635,-6.231224,-0.005256,0.445589,-0.676967,0.333413,0.481665
1403636656.86354,6.909276,-6.217826,-0.004344,0.446321,-0.673980,0.334213,0.484614
1403636656.91354,6.882480,-6.203531,-0.004706,0.446547,-0.671476,0.335889,0.486719
1403636656.96354,6.856467,-6.188329,-0.007040,0.446616,-0.669938,0.337761,0.487478
1403636657.01355,6.829606,-6.172441,-0.012375,0.446140,-0.669026,0.340228,0.487451
1403636657.06355,6.804518,-6.153691,-0.018200,0.445516,-0.668482,0.342568,0.487128
1403636657.11355,6.780122,-6.135264,-0.025501,0.444913,-0.668416,0.344881,0.486137
1403636657.16355,6.756203,-6.115446,-0.032599,0.444071,-0.668633,0.347248,0.484923
1403636657.21355,6.732613,-6.094618,-0.038773,0.443671,-0.669413,0.349011,0.482942
1403636657.26355,6.709510,-6.072354,-0.043667,0.444220,-0.671150,0.348865,0.480124
1403636657.31355,6.685992,-6.048898,-0.047137,0.445073,-0.672602,0.347975,0.477944
1403636657.36355,6.662447,-6.024616,-0.049530,0.445563,-0.674772,0.347265,0.474935
1403636657.41355,6.638606,-5.999873,-0.052322,0.446051,-0.678066,0.346329,0.470449
1403636657.46355,6.614531,-5.974721,-0.056200,0.447139,-0.681290,0.344698,0.465934
1403636657.51355,6.590117,-5.949187,-0.060817,0.447865,-0.684088,0.343607,0.461925
1403636657.56355,6.565186,-5.923114,-0.066543,0.448862,-0.685788,0.341858,0.459730
1403636657.61355,6.539800,-5.896589,-0.073167,0.449404,-0.686448,0.340950,0.458888
1403636657.71354,6.485716,-5.842829,-0.089092,0.448929,-0.686504,0.341135,0.459132
1403636657.76354,6.457686,-5.815556,-0.098719,0.447266,-0.687281,0.341171,0.459566
1403636657.81354,6.429257,-5.787866,-0.109407,0.445358,-0.688847,0.341115,0.459116
1403636657.86354,6.401787,-5.758960,-0.120297,0.442781,-0.691531,0.342082,0.456848
1403636657.91354,6.371614,-5.730715,-0.131931,0.440713,-0.694747,0.342597,0.453570
1403636657.96354,6.340372,-5.702946,-0.141954,0.439396,-0.697195,0.342331,0.451287
1403636658.01354,6.306633,-5.675635,-0.149472,0.439274,-0.698066,0.340858,0.451175
1403636658.06354,6.271693,-5.647350,-0.154358,0.440439,-0.698402,0.337621,0.451952
1403636658.11354,6.235765,-5.619022,-0.156989,0.442489,-0.696693,0.333498,0.455634
1403636658.16354,6.198797,-5.591384,-0.157704,0.444522,-0.695720,0.329231,0.458235
1403636658.21354,6.161196,-5.564464,-0.157553,0.445856,-0.694678,0.325916,0.460884
1403636658.26354,6.123052,-5.538331,-0.157856,0.448104,-0.693209,0.321675,0.463884
1403636658.31354,6.084729,-5.513578,-0.159385,0.449299,-0.692728,0.319004,0.465289
1403636658.36354,6.046360,-5.489344,-0.162025,0.450154,-0.692553,0.316712,0.466288
1403636658.41354,6.005730,-5.468078,-0.165107,0.451208,-0.692481,0.314704,0.466736
1403636658.46354,5.966943,-5.445435,-0.168867,0.452566,-0.692093,0.311951,0.467844
1403636658.51354,5.928232,-5.423629,-0.173620,0.454204,-0.691316,0.309196,0.469233
1403636658.56354,5.890925,-5.402262,-0.178297,0.456192,-0.689857,0.305758,0.471697
1403636658.61354,5.852988,-5.382571,-0.184107,0.457764,-0.688620,0.303313,0.473556
1403636658.66353,5.814912,-5.363397,-0.190423,0.458536,-0.687908,0.301970,0.474701
1403636658.71353,5.777730,-5.345741,-0.197584,0.458959,-0.686777,0.301179,0.476429
1403636658.76353,5.741484,-5.328813,-0.205324,0.459542,-0.684945,0.300243,0.479088
1403636658.81353,5.706321,-5.313452,-0.213533,0.460249,-0.682134,0.299058,0.483144
1403636658.86353,5.672462,-5.298812,-0.222329,0.459958,-0.679907,0.299298,0.486402
1403636658.91353,5.639954,-5.285297,-0.232009,0.457795,-0.678823,0.302285,0.488105
1403636658.96353,5.608761,-5.272552,-0.242851,0.454775,-0.678593,0.306649,0.488526
1403636659.01353,5.578731,-5.259971,-0.254546,0.452109,-0.678586,0.310556,0.488541
1403636659.06353,5.549301,-5.247858,-0.267460,0.449364,-0.677320,0.314510,0.490298
1403636659.11353,5.520895,-5.234954,-0.281319,0.447860,-0.676660,0.316814,0.491102
1403636659.16354,5.493908,-5.222523,-0.296253,0.446405,-0.675996,0.318899,0.491991
1403636659.21354,5.468097,-5.209621,-0.311814,0.445707,-0.675358,0.320317,0.492579
1403636659.26354,5.443415,-5.196208,-0.327086,0.445425,-0.675508,0.320919,0.492235
1403636659.31354,5.419952,-5.182503,-0.341739,0.446403,-0.676531,0.319870,0.490626
1403636659.36354,5.397468,-5.168828,-0.354999,0.447537,-0.678178,0.318379,0.488284
1403636659.41354,5.375806,-5.154863,-0.367094,0.449720,-0.679987,0.315710,0.485487
1403636659.46354,5.354634,-5.141178,-0.377774,0.451876,-0.682077,0.312965,0.482318
1403636659.51354,5.333805,-5.129111,-0.385734,0.452983,-0.682293,0.311150,0.482150
1403636659.56354,5.313581,-5.115398,-0.393189,0.452344,-0.683268,0.311901,0.480882
1403636659.61353,5.294418,-5.101995,-0.400638,0.452221,-0.682182,0.311598,0.482732
1403636659.66353,5.275457,-5.088253,-0.409019,0.451362,-0.681415,0.311962,0.484381
1403636659.71353,5.257059,-5.074838,-0.418361,0.450592,-0.680617,0.312174,0.486082
1403636659.76353,5.240076,-5.061989,-0.429333,0.449489,-0.680031,0.312607,0.487641
1403636659.81353,5.224173,-5.049155,-0.441961,0.449083,-0.679885,0.312178,0.488493
1403636659.86353,5.209477,-5.036508,-0.455676,0.448071,-0.680423,0.312443,0.488503
1403636659.91353,5.195826,-5.024066,-0.470893,0.448169,-0.681533,0.311456,0.487497
1403636659.96353,5.182811,-5.011075,-0.487325,0.449193,-0.683673,0.308472,0.485450
1403636660.01353,5.170869,-4.997794,-0.504992,0.450104,-0.686000,0.306278,0.482705
1403636660.06353,5.159424,-4.985051,-0.523577,0.450898,-0.688683,0.303795,0.479703
1403636660.11353,5.148437,-4.973159,-0.542710,0.451902,-0.690649,0.301269,0.477521
1403636660.16353,5.139033,-4.962631,-0.562490,0.452795,-0.692273,0.299310,0.475550
1403636660.21353,5.129276,-4.952373,-0.582940,0.452864,-0.692898,0.298971,0.474786
1403636660.26353,5.119929,-4.942610,-0.603598,0.453741,-0.694609,0.296896,0.472747
1403636660.31353,5.111240,-4.934270,-0.623246,0.455028,-0.696331,0.294557,0.470435
1403636660.36353,5.102798,-4.926988,-0.641763,0.457401,-0.699554,0.290537,0.465829
1403636660.41353,5.094850,-4.921538,-0.657870,0.459021,-0.702815,0.287302,0.461312
1403636660.46353,5.086686,-4.918245,-0.671031,0.459914,-0.704431,0.285721,0.458933
1403636660.51353,5.078707,-4.917047,-0.682921,0.460427,-0.704225,0.285191,0.459064
1403636660.56353,5.070687,-4.918435,-0.694377,0.459552,-0.702065,0.286635,0.462338
1403636660.61353,5.062537,-4.922212,-0.706147,0.457968,-0.698258,0.289600,0.467795
1403636660.66354,5.054402,-4.928559,-0.718932,0.456444,-0.693381,0.292610,0.474617
1403636660.71354,5.047334,-4.935281,-0.733177,0.455173,-0.688461,0.294983,0.481480
1403636660.76354,5.041369,-4.943119,-0.748807,0.454751,-0.683361,0.296018,0.488460
1403636660.81354,5.035640,-4.951423,-0.766165,0.455372,-0.679000,0.295550,0.494213
1403636660.86354,5.031175,-4.960286,-0.784878,0.456579,-0.675199,0.294279,0.499041
1403636660.91354,5.028180,-4.969265,-0.805122,0.456846,-0.672821,0.293993,0.502167
1403636660.96355,5.027228,-4.978827,-0.826435,0.455829,-0.672488,0.295818,0.502465
1403636661.01354,5.027609,-4.988631,-0.848789,0.453928,-0.673061,0.299011,0.501528
1403636661.06355,5.029626,-4.998480,-0.871952,0.451738,-0.673735,0.302256,0.500655
1403636661.11355,5.032780,-5.008241,-0.895867,0.449726,-0.674373,0.305349,0.499730
1403636661.16355,5.037801,-5.017910,-0.920471,0.447935,-0.675277,0.307838,0.498590
1403636661.21355,5.043740,-5.027546,-0.943677,0.446088,-0.675201,0.310536,0.498675
1403636661.26355,5.051270,-5.035446,-0.965701,0.445264,-0.676335,0.311508,0.497266
1403636661.31355,5.059772,-5.043156,-0.985342,0.444350,-0.676290,0.312926,0.497254
1403636661.36355,5.069565,-5.049849,-1.002985,0.443928,-0.676429,0.313445,0.497116
1403636661.41355,5.079572,-5.056597,-1.019080,0.444009,-0.676215,0.313467,0.497321
1403636661.46355,5.090572,-5.062832,-1.032976,0.443645,-0.676621,0.313955,0.496785
1403636661.51354,5.102962,-5.067607,-1.044842,0.443850,-0.677474,0.313751,0.495568
1403636661.56354,5.115532,-5.072770,-1.055360,0.443514,-0.678463,0.314820,0.493834
1403636661.61354,5.128937,-5.077134,-1.064168,0.443335,-0.679969,0.315406,0.491543
1403636661.66354,5.142948,-5.081035,-1.070827,0.442659,-0.679974,0.316927,0.491167
1403636661.71354,5.157105,-5.085005,-1.075763,0.442362,-0.679295,0.317794,0.491814
1403636661.76354,5.172007,-5.088373,-1.078731,0.439486,-0.680124,0.321962,0.490534
1403636661.81354,5.187202,-5.090956,-1.079916,0.437030,-0.681082,0.326237,0.488571
1403636661.86355,5.202175,-5.092754,-1.079285,0.435441,-0.681165,0.329348,0.487786
1403636661.91355,5.216720,-5.093629,-1.076968,0.434515,-0.681092,0.330821,0.487717
1403636661.96355,5.231347,-5.093244,-1.072984,0.434367,-0.680919,0.332056,0.487250
1403636662.01355,5.245423,-5.092390,-1.067295,0.434447,-0.680495,0.332119,0.487729
1403636662.06355,5.259386,-5.090148,-1.060063,0.434735,-0.679770,0.331942,0.488603
1403636662.11355,5.273326,-5.086815,-1.052448,0.435243,-0.679246,0.331607,0.489106
1403636662.16355,5.287170,-5.082302,-1.045723,0.437248,-0.678887,0.328614,0.489836
1403636662.21355,5.301008,-5.076509,-1.040734,0.439988,-0.678257,0.324451,0.491028
1403636662.31355,5.329766,-5.063313,-1.034353,0.444937,-0.677107,0.316181,0.493545
1403636662.36355,5.345082,-5.055954,-1.033831,0.446942,-0.677314,0.312615,0.493721
1403636662.41355,5.361082,-5.048753,-1.034693,0.448315,-0.678709,0.309636,0.492436
1403636662.46355,5.377881,-5.041432,-1.037567,0.449989,-0.681223,0.306417,0.489443
1403636662.51356,5.395309,-5.034360,-1.041482,0.451339,-0.683891,0.303806,0.486096
1403636662.56356,5.413371,-5.027883,-1.046316,0.451104,-0.686657,0.303279,0.482731
1403636662.61356,5.431935,-5.021656,-1.052350,0.448726,-0.689929,0.306124,0.478468
1403636662.66356,5.450644,-5.016079,-1.059010,0.443800,-0.693501,0.311918,0.474136
1403636662.71356,5.468995,-5.010960,-1.065988,0.439061,-0.695743,0.318043,0.471185
1403636662.76356,5.486379,-5.006250,-1.073740,0.435089,-0.696924,0.323070,0.469701
1403636662.81357,5.502817,-5.001516,-1.082719,0.431822,-0.697991,0.326521,0.468745
1403636662.86356,5.518435,-4.996608,-1.093056,0.431193,-0.699419,0.327092,0.466794
1403636662.91356,5.532583,-4.991615,-1.104743,0.432801,-0.700804,0.324072,0.465332
1403636662.96356,5.545576,-4.986719,-1.117211,0.433653,-0.702711,0.322267,0.462911
1403636663.01356,5.557282,-4.981992,-1.129344,0.433081,-0.705582,0.322436,0.458944
1403636663.06356,5.567471,-4.977445,-1.139937,0.431500,-0.708565,0.323821,0.454845
1403636663.11356,5.575991,-4.973945,-1.148522,0.429987,-0.710847,0.325557,0.451464
1403636663.16356,5.582174,-4.970141,-1.155337,0.429960,-0.712708,0.325086,0.448888
1403636663.21356,5.585830,-4.966651,-1.160965,0.431891,-0.712079,0.321384,0.450695
1403636663.26356,5.587184,-4.963382,-1.167034,0.437718,-0.708779,0.313219,0.455992
1403636663.31356,5.587481,-4.960943,-1.174687,0.443070,-0.706443,0.305448,0.459705
1403636663.36356,5.586809,-4.959764,-1.184006,0.448065,-0.704667,0.297964,0.462493
1403636663.41356,5.585828,-4.959727,-1.195418,0.452903,-0.703874,0.291008,0.463417
1403636663.46356,5.584500,-4.961412,-1.208132,0.456397,-0.703914,0.286076,0.462998
1403636663.51356,5.582885,-4.965239,-1.221803,0.459335,-0.704318,0.281179,0.462477
1403636663.56356,5.581470,-4.971123,-1.236177,0.461303,-0.704553,0.278219,0.461951
1403636663.61356,5.580113,-4.979362,-1.251430,0.462234,-0.705027,0.277068,0.460988
1403636663.66356,5.578763,-4.989961,-1.267087,0.463228,-0.705215,0.275696,0.460526
1403636663.71356,5.577162,-5.003285,-1.282080,0.465601,-0.703446,0.272728,0.462600
1403636663.76356,5.575995,-5.018979,-1.295894,0.467984,-0.700796,0.270206,0.465687
1403636663.81356,5.575505,-5.037609,-1.307627,0.470587,-0.696345,0.267662,0.471178
1403636663.86356,5.576095,-5.059225,-1.317440,0.472977,-0.691589,0.265935,0.476735
1403636663.91356,5.578412,-5.083401,-1.325608,0.473784,-0.687897,0.266267,0.481071
1403636663.96356,5.582496,-5.109702,-1.331660,0.474811,-0.682347,0.266795,0.487625
1403636664.01356,5.588801,-5.138000,-1.335493,0.475173,-0.677051,0.267923,0.493994
1403636664.06356,5.597830,-5.167618,-1.338200,0.474526,-0.674316,0.270652,0.496861
1403636664.11356,5.609382,-5.199030,-1.339115,0.472733,-0.672901,0.275580,0.497779
1403636664.16356,5.622972,-5.231854,-1.338769,0.469882,-0.672102,0.281685,0.498140
1403636664.21356,5.638607,-5.265593,-1.337690,0.466804,-0.671234,0.288762,0.498152
1403636664.26356,5.655969,-5.299971,-1.337017,0.464117,-0.670008,0.295229,0.498522
1403636664.31356,5.674987,-5.334429,-1.340300,0.461892,-0.669319,0.300799,0.498185
1403636664.36356,5.695265,-5.368400,-1.347559,0.460937,-0.668663,0.304670,0.497598
1403636664.41356,5.716293,-5.402919,-1.359461,0.460210,-0.667829,0.308331,0.497135
1403636664.46356,5.738708,-5.436687,-1.373163,0.460275,-0.667375,0.310925,0.496068
1403636664.51356,5.762157,-5.470150,-1.388097,0.459960,-0.666261,0.314138,0.495833
1403636664.56356,5.785935,-5.503012,-1.403995,0.459819,-0.665720,0.317578,0.494498
1403636664.61356,5.811330,-5.535015,-1.417798,0.457663,-0.666497,0.323921,0.491327
1403636664.66356,5.837849,-5.564943,-1.430786,0.457319,-0.666176,0.327478,0.489722
1403636664.71356,5.864235,-5.595585,-1.442815,0.456967,-0.667228,0.330879,0.486320
1403636664.76356,5.891245,-5.625135,-1.452197,0.460243,-0.666724,0.328684,0.485409
1403636664.81356,5.918929,-5.654229,-1.459901,0.463640,-0.665660,0.326283,0.485256
1403636664.86356,5.947176,-5.683441,-1.465591,0.465555,-0.664928,0.326382,0.484360
1403636664.91356,5.975983,-5.712601,-1.469788,0.466054,-0.664765,0.327950,0.483042
1403636664.96356,6.004177,-5.741739,-1.472915,0.468148,-0.665724,0.327078,0.480279
1403636665.01356,6.033353,-5.769554,-1.474471,0.469393,-0.667684,0.327268,0.476198
1403636665.06356,6.062920,-5.795182,-1.473956,0.471691,-0.669841,0.325332,0.472207
1403636665.11356,6.093654,-5.821205,-1.471417,0.473340,-0.671649,0.324639,0.468451
1403636665.16356,6.123896,-5.847790,-1.466881,0.474663,-0.672988,0.323541,0.465944
1403636665.21357,6.154198,-5.873590,-1.461455,0.473423,-0.674504,0.326694,0.462802
1403636665.26357,6.184525,-5.900593,-1.455135,0.469511,-0.674961,0.332814,0.461759
1403636665.31357,6.214017,-5.928635,-1.448184,0.466634,-0.673900,0.337441,0.462867
1403636665.36357,6.242975,-5.956988,-1.441593,0.465526,-0.673224,0.339493,0.463465
1403636665.41357,6.271062,-5.984580,-1.434823,0.466157,-0.672012,0.338463,0.465339
1403636665.46357,6.298516,-6.011698,-1.428467,0.468667,-0.670910,0.334346,0.467379
1403636665.51357,6.325785,-6.037955,-1.422263,0.471808,-0.669830,0.328847,0.469664
1403636665.56357,6.353310,-6.064364,-1.414953,0.474318,-0.668099,0.324100,0.472891
1403636665.61357,6.381523,-6.090656,-1.407374,0.476819,-0.667798,0.319660,0.473822
1403636665.66357,6.410120,-6.117628,-1.399459,0.477535,-0.667519,0.317201,0.475144
1403636665.71357,6.439320,-6.144610,-1.391598,0.477165,-0.666671,0.316290,0.477309
1403636665.76357,6.469645,-6.171431,-1.382504,0.476049,-0.665182,0.316484,0.480363
1403636665.81357,6.500680,-6.198234,-1.373293,0.473817,-0.664778,0.318035,0.482102
1403636665.86357,6.532757,-6.224963,-1.363873,0.468305,-0.665943,0.324974,0.481250
1403636665.91357,6.565338,-6.252328,-1.354728,0.462755,-0.668360,0.331666,0.478697
1403636665.96357,6.597988,-6.279134,-1.346309,0.457887,-0.670972,0.337285,0.475789
1403636666.01357,6.631314,-6.304512,-1.339042,0.454642,-0.673511,0.340674,0.472891
1403636666.06357,6.662906,-6.329184,-1.333412,0.452940,-0.674784,0.342463,0.471413
1403636666.11357,6.693762,-6.353234,-1.329028,0.453182,-0.674166,0.341525,0.472744
1403636666.16357,6.724187,-6.376363,-1.325892,0.454677,-0.672424,0.338710,0.475806
1403636666.21357,6.754814,-6.399198,-1.324188,0.455223,-0.670920,0.337898,0.477979
1403636666.26357,6.785279,-6.421432,-1.323907,0.455228,-0.670512,0.337979,0.478489
1403636666.31357,6.815165,-6.442149,-1.325413,0.453899,-0.670288,0.339689,0.478854
1403636666.36357,6.844688,-6.462316,-1.328281,0.452471,-0.670265,0.342566,0.478187
1403636666.41357,6.873967,-6.480860,-1.331310,0.451315,-0.671627,0.344759,0.475787
1403636666.46357,6.902844,-6.498341,-1.333612,0.451079,-0.672991,0.346007,0.473169
1403636666.51357,6.930969,-6.514430,-1.334234,0.451971,-0.673692,0.346164,0.471202
1403636666.56357,6.958674,-6.528879,-1.332618,0.454416,-0.674106,0.343548,0.470173
1403636666.61357,6.985715,-6.542500,-1.328926,0.457787,-0.674434,0.340191,0.468870
1403636666.66358,7.012819,-6.554697,-1.323772,0.461813,-0.673893,0.335839,0.468838
1403636666.71358,7.039663,-6.566670,-1.317401,0.465786,-0.674569,0.331482,0.467034
1403636666.76358,7.066411,-6.579296,-1.310219,0.469198,-0.675550,0.327905,0.464720
1403636666.81357,7.093206,-6.592085,-1.302806,0.470976,-0.677218,0.326521,0.461456
1403636666.86358,7.119811,-6.605650,-1.296971,0.471725,-0.680582,0.326171,0.455957
1403636666.91358,7.146013,-6.619558,-1.292901,0.469662,-0.686340,0.329729,0.446804
1403636666.96358,7.171004,-6.633918,-1.290141,0.467126,-0.691528,0.333503,0.438586
1403636667.01357,7.194074,-6.649403,-1.288214,0.465351,-0.693158,0.336244,0.435798
1403636667.06357,7.215066,-6.665623,-1.287224,0.464395,-0.692549,0.338112,0.436341
1403636667.11357,7.233934,-6.681721,-1.286119,0.464593,-0.687281,0.338458,0.444123
1403636667.16357,7.251132,-6.699106,-1.285894,0.465696,-0.679931,0.337760,0.454687
1403636667.21356,7.267567,-6.717123,-1.287691,0.466471,-0.673848,0.337174,0.463301
1403636667.26356,7.283635,-6.735036,-1.289879,0.468290,-0.668049,0.335146,0.471267
1403636667.31356,7.299958,-6.752730,-1.293950,0.469847,-0.664317,0.333617,0.476053
1403636667.36357,7.316800,-6.769806,-1.299633,0.470253,-0.662293,0.333599,0.478480
1403636667.41357,7.334247,-6.786504,-1.306384,0.471191,-0.661919,0.332568,0.478791
1403636667.46357,7.352458,-6.802605,-1.313807,0.473065,-0.663083,0.330637,0.476665
1403636667.51358,7.371840,-6.818102,-1.321972,0.474547,-0.665076,0.329063,0.473495
1403636667.56358,7.391342,-6.834598,-1.330102,0.475224,-0.669018,0.328482,0.467628
1403636667.61358,7.411319,-6.851144,-1.336823,0.474724,-0.673277,0.329026,0.461603
1403636667.66358,7.430997,-6.867694,-1.341074,0.474149,-0.676471,0.330214,0.456650
1403636667.71358,7.450227,-6.884484,-1.342899,0.472887,-0.678431,0.332075,0.453691
1403636667.76358,7.468919,-6.901320,-1.342506,0.471838,-0.678971,0.333511,0.452921
1403636667.81358,7.487037,-6.918586,-1.340855,0.470732,-0.678866,0.334701,0.453351
1403636667.86358,7.504529,-6.935442,-1.338859,0.469802,-0.679178,0.335488,0.453268
1403636667.91358,7.521516,-6.952144,-1.336756,0.468736,-0.679594,0.336259,0.453176
1403636667.96358,7.537397,-6.969197,-1.335567,0.468931,-0.680229,0.335352,0.452693
1403636668.01358,7.552366,-6.986579,-1.335233,0.468433,-0.680120,0.335332,0.453387
1403636668.06358,7.566680,-7.004579,-1.336980,0.468940,-0.679344,0.333240,0.455564
1403636668.11358,7.580490,-7.023363,-1.340797,0.469507,-0.678513,0.330969,0.457867
1403636668.16358,7.594214,-7.042546,-1.346188,0.470228,-0.677900,0.328166,0.460048
1403636668.21358,7.607505,-7.062208,-1.353475,0.471237,-0.678308,0.324850,0.460767
1403636668.26358,7.620614,-7.082083,-1.361879,0.472065,-0.678545,0.321813,0.461701
1403636668.31358,7.633954,-7.102675,-1.371351,0.472034,-0.679031,0.319269,0.462783
1403636668.36358,7.647416,-7.124149,-1.381609,0.471489,-0.679400,0.318163,0.463558
1403636668.41358,7.661508,-7.145961,-1.392424,0.470591,-0.679213,0.317565,0.465153
1403636668.46358,7.675375,-7.168595,-1.404149,0.469280,-0.678705,0.317446,0.467295
1403636668.51358,7.689362,-7.191835,-1.416452,0.468484,-0.678572,0.316888,0.468662
1403636668.56358,7.703978,-7.215369,-1.429052,0.467485,-0.679131,0.316525,0.469095
1403636668.61358,7.718686,-7.239272,-1.441590,0.466979,-0.679359,0.315819,0.469745
1403636668.66358,7.733677,-7.263632,-1.454219,0.466527,-0.679786,0.314577,0.470409
1403636668.71358,7.748877,-7.288842,-1.466799,0.467519,-0.678588,0.311777,0.473011
1403636668.76358,7.764475,-7.314416,-1.479222,0.468951,-0.675996,0.308696,0.477307
1403636668.81358,7.780923,-7.340487,-1.491134,0.469482,-0.673249,0.306501,0.482057
1403636668.86358,7.798876,-7.366646,-1.501926,0.471405,-0.669713,0.303595,0.486921
1403636668.91358,7.818272,-7.393383,-1.510466,0.472066,-0.666199,0.302013,0.492057
1403636668.96358,7.839398,-7.420797,-1.517220,0.470000,-0.665529,0.304793,0.493227
1403636669.01358,7.862955,-7.446988,-1.521574,0.466638,-0.666404,0.309692,0.492185
1403636669.11358,7.913570,-7.497826,-1.524882,0.459938,-0.668273,0.318701,0.490202
1403636669.16358,7.939935,-7.521377,-1.524313,0.457930,-0.669228,0.320787,0.489418
1403636669.21358,7.966837,-7.544504,-1.524608,0.456365,-0.669445,0.322337,0.489565
1403636669.26358,7.994694,-7.567256,-1.526402,0.455598,-0.669477,0.322868,0.489886
1403636669.31358,8.023026,-7.589684,-1.529507,0.455641,-0.669506,0.322056,0.490340
1403636669.36357,8.051967,-7.611834,-1.534013,0.455250,-0.670427,0.322057,0.489443
1403636669.41357,8.081846,-7.634252,-1.539531,0.454515,-0.669994,0.322844,0.490199
1403636669.46358,8.112779,-7.654837,-1.544899,0.453113,-0.669037,0.324702,0.491576
1403636669.51358,8.144451,-7.676402,-1.552604,0.452478,-0.667396,0.326167,0.493418
1403636669.56358,8.176614,-7.697346,-1.561165,0.451418,-0.665395,0.327895,0.495940
1403636669.61358,8.209112,-7.713820,-1.566661,0.450123,-0.662090,0.330087,0.500069
1403636669.66358,8.242763,-7.732594,-1.574428,0.448686,-0.659295,0.332863,0.503204
1403636669.71358,8.276899,-7.750279,-1.581344,0.447135,-0.656438,0.335550,0.506524
1403636669.76358,8.312339,-7.766590,-1.585995,0.445913,-0.655379,0.337942,0.507382
1403636669.81358,8.348917,-7.780709,-1.589287,0.441859,-0.658080,0.345224,0.502506
1403636669.86358,8.385965,-7.791324,-1.591769,0.435693,-0.662949,0.355332,0.494378
1403636669.91359,8.423622,-7.800837,-1.591908,0.430815,-0.669984,0.363322,0.483236
1403636669.96359,8.459962,-7.807773,-1.591056,0.427626,-0.675437,0.368406,0.474549
1403636670.01359,8.494789,-7.812010,-1.588632,0.426511,-0.679678,0.370234,0.468032
1403636670.06359,8.528228,-7.814084,-1.584916,0.425696,-0.682665,0.372043,0.462964
1403636670.11359,8.559524,-7.814495,-1.579498,0.425720,-0.684657,0.374295,0.458159
1403636670.16358,8.588111,-7.811315,-1.572568,0.424414,-0.684142,0.379250,0.456060
1403636670.21357,8.614240,-7.806646,-1.565396,0.420859,-0.683062,0.388245,0.453398
1403636670.26356,8.637303,-7.798905,-1.559225,0.417658,-0.681349,0.396838,0.451492
1403636670.31356,8.657727,-7.788515,-1.554355,0.415391,-0.680085,0.404172,0.448976
1403636670.36356,8.676825,-7.771548,-1.556054,0.415445,-0.679438,0.409407,0.445146
1403636670.41356,8.690438,-7.754605,-1.553759,0.417594,-0.678607,0.413471,0.440623
1403636670.46356,8.700345,-7.733189,-1.552257,0.420449,-0.677912,0.418221,0.434454
1403636670.51356,8.706428,-7.709757,-1.548554,0.424569,-0.675946,0.422890,0.428955
1403636670.56356,8.707779,-7.683199,-1.543414,0.430361,-0.672759,0.427700,0.423388
1403636670.61356,8.704441,-7.653108,-1.536484,0.436997,-0.668829,0.432175,0.418242
1403636670.66356,8.695947,-7.620993,-1.527442,0.444628,-0.663844,0.436293,0.413842
1403636670.71356,8.682789,-7.586501,-1.516598,0.452539,-0.658061,0.440824,0.409681
1403636670.76356,8.664913,-7.549964,-1.504941,0.460224,-0.652042,0.446103,0.405002
1403636670.81355,8.643554,-7.511676,-1.493793,0.467037,-0.646197,0.453093,0.398765
1403636670.86355,8.618631,-7.471503,-1.483587,0.473214,-0.640285,0.461716,0.391051
1403636670.91355,8.588963,-7.429758,-1.473933,0.479059,-0.633730,0.471273,0.383133
1403636670.96355,8.554021,-7.386048,-1.463518,0.484206,-0.626226,0.482893,0.374432
1403636671.01355,8.514101,-7.338972,-1.451064,0.491829,-0.616765,0.492853,0.367152
1403636671.06355,8.468495,-7.289359,-1.436234,0.501660,-0.606035,0.500111,0.361866
1403636671.11355,8.416347,-7.237300,-1.418811,0.514102,-0.594498,0.503982,0.358153
1403636671.16355,8.358432,-7.182548,-1.400094,0.527410,-0.583484,0.505995,0.354054
1403636671.21355,8.295226,-7.126531,-1.379918,0.540350,-0.573973,0.506274,0.349664
1403636671.26355,8.226280,-7.068084,-1.358956,0.553926,-0.565242,0.503545,0.346569
1403636671.31356,8.152408,-7.007884,-1.337799,0.569591,-0.557109,0.495472,0.345982
1403636671.41356,7.997373,-6.887789,-1.296193,0.604727,-0.537428,0.471553,0.350875
1403636671.46357,7.918117,-6.827517,-1.277704,0.620814,-0.528478,0.461215,0.350116
1403636671.51357,7.838356,-6.768604,-1.259808,0.634398,-0.521661,0.453050,0.346632
1403636671.56357,7.759644,-6.711464,-1.243934,0.645310,-0.517141,0.446964,0.341121
1403636671.61357,7.681363,-6.655163,-1.228625,0.654774,-0.513998,0.441070,0.335463
1403636671.66357,7.603361,-6.599301,-1.215039,0.662163,-0.512430,0.436154,0.329735
1403636671.71357,7.525169,-6.544466,-1.200890,0.667920,-0.511345,0.432355,0.324775
1403636671.76357,7.449309,-6.493891,-1.189850,0.672242,-0.510693,0.429134,0.321134
1403636671.81357,7.374684,-6.446513,-1.179482,0.676877,-0.509758,0.424479,0.319064
1403636671.86357,7.302083,-6.401979,-1.168904,0.680178,-0.510467,0.420538,0.316115
1403636671.91358,7.231185,-6.361010,-1.157453,0.683739,-0.512234,0.414814,0.313124
1403636671.96358,7.162282,-6.323368,-1.143950,0.687565,-0.513372,0.408120,0.311676
1403636672.01358,7.095586,-6.289661,-1.128117,0.691508,-0.514319,0.400737,0.310969
1403636672.06358,7.031310,-6.260842,-1.110232,0.694496,-0.512643,0.394915,0.314508
1403636672.11359,6.970738,-6.236762,-1.088733,0.697037,-0.508743,0.390192,0.321046
1403636672.16359,6.912831,-6.215966,-1.065054,0.697998,-0.505739,0.387437,0.326986
1403636672.21360,6.860061,-6.199137,-1.040052,0.698816,-0.503609,0.384850,0.331550
1403636672.26360,6.810121,-6.185762,-1.015841,0.698459,-0.502754,0.383649,0.334973
1403636672.31360,6.764000,-6.175834,-0.992762,0.698384,-0.500364,0.382665,0.339800
1403636672.36360,6.721172,-6.169136,-0.971022,0.698071,-0.495705,0.382563,0.347302
1403636672.41360,6.682736,-6.166042,-0.951273,0.697452,-0.489912,0.383463,0.355672
1403636672.46360,6.647600,-6.163367,-0.935497,0.694204,-0.483938,0.388664,0.364452
1403636672.51360,6.616689,-6.162175,-0.923502,0.686376,-0.481639,0.400863,0.369081
1403636672.56360,6.589566,-6.161910,-0.914873,0.677714,-0.479828,0.414553,0.372310
1403636672.61360,6.564177,-6.162168,-0.912294,0.669358,-0.480302,0.427563,0.372102
1403636672.66360,6.540338,-6.162225,-0.914138,0.662337,-0.481240,0.437938,0.371387
1403636672.71360,6.517499,-6.162307,-0.922046,0.658701,-0.484441,0.443208,0.367419
1403636672.76360,6.496247,-6.160623,-0.934639,0.658567,-0.488890,0.443629,0.361206
1403636672.81360,6.476585,-6.158518,-0.949270,0.660526,-0.492052,0.442761,0.354335
1403636672.86360,6.457928,-6.156398,-0.962726,0.663544,-0.491083,0.442314,0.350577
1403636672.91360,6.441033,-6.154531,-0.974207,0.666843,-0.487791,0.443789,0.347034
1403636672.96361,6.425262,-6.150924,-0.984801,0.671255,-0.482796,0.445036,0.343900
1403636673.01362,6.408759,-6.146113,-0.993670,0.676179,-0.476753,0.446804,0.340374
1403636673.06362,6.396682,-6.144659,-0.999766,0.681747,-0.470268,0.447422,0.337464
1403636673.11362,6.385682,-6.143731,-1.004611,0.687153,-0.464821,0.448099,0.333119
1403636673.16362,6.376440,-6.143640,-1.006939,0.693484,-0.461825,0.445966,0.326974
1403636673.21362,6.368323,-6.144195,-1.007884,0.700379,-0.460012,0.441937,0.320235
1403636673.26362,6.362243,-6.145645,-1.007691,0.707246,-0.457942,0.437164,0.314609
1403636673.31362,6.358125,-6.147841,-1.005634,0.712200,-0.457281,0.433726,0.309107
1403636673.36362,6.356415,-6.152047,-1.002146,0.716053,-0.455959,0.431365,0.305442
1403636673.41361,6.356692,-6.157941,-0.999427,0.717796,-0.453986,0.431808,0.303656
1403636673.46360,6.358663,-6.165320,-1.002898,0.718335,-0.452160,0.433594,0.302559
1403636673.51360,6.362960,-6.175463,-1.001616,0.718685,-0.450199,0.435063,0.302543
1403636673.56360,6.369259,-6.187265,-1.001123,0.717935,-0.447871,0.438197,0.303256
1403636673.61359,6.377575,-6.200558,-1.001107,0.715615,-0.444316,0.443356,0.306454
1403636673.66359,6.388124,-6.215281,-1.002026,0.712776,-0.441017,0.449049,0.309530
1403636673.71359,6.400507,-6.230940,-1.003512,0.709670,-0.437935,0.454994,0.312349
1403636673.76359,6.414266,-6.246455,-1.005013,0.706309,-0.433923,0.460969,0.316775
1403636673.81359,6.429194,-6.261334,-1.006353,0.703344,-0.431714,0.466401,0.318434
1403636673.86359,6.445286,-6.275497,-1.007182,0.702103,-0.429703,0.468773,0.320404
1403636673.91359,6.463659,-6.291042,-1.007601,0.703210,-0.428517,0.467470,0.321467
1403636673.96360,6.483153,-6.305501,-1.006452,0.703385,-0.428297,0.467369,0.321525
1403636674.01360,6.503724,-6.319815,-1.005968,0.703614,-0.429300,0.467078,0.320106
1403636674.06360,6.526555,-6.335603,-1.007102,0.703611,-0.429676,0.466988,0.319736
1403636674.11360,6.550439,-6.349664,-1.008844,0.703216,-0.430660,0.467604,0.318380
1403636674.16360,6.575256,-6.363378,-1.011886,0.702368,-0.430885,0.468818,0.318161
1403636674.21360,6.600943,-6.377440,-1.016467,0.700712,-0.431398,0.471074,0.317786
1403636674.26360,6.627588,-6.390072,-1.023245,0.698130,-0.432942,0.474668,0.316014
1403636674.31360,6.654928,-6.402061,-1.031846,0.695125,-0.436184,0.478879,0.311801
1403636674.36359,6.682713,-6.413176,-1.042299,0.693217,-0.439238,0.482422,0.306251
1403636674.41359,6.711052,-6.424041,-1.053919,0.691844,-0.440928,0.487014,0.299586
1403636674.46359,6.739409,-6.435129,-1.067406,0.691326,-0.440353,0.491830,0.293702
1403636674.51359,6.767270,-6.446362,-1.082178,0.691716,-0.437963,0.496582,0.288312
1403636674.56359,6.794257,-6.457775,-1.098248,0.693458,-0.434460,0.499545,0.284282
1403636674.61359,6.820347,-6.469561,-1.115455,0.695252,-0.430424,0.501861,0.281949
1403636674.66359,6.845790,-6.481356,-1.133147,0.697234,-0.425700,0.503739,0.280876
1403636674.71359,6.870464,-6.493013,-1.152391,0.699406,-0.423384,0.504493,0.277606
1403636674.76359,6.894293,-6.505171,-1.173373,0.703434,-0.422322,0.502232,0.273107
1403636674.81359,6.917380,-6.518929,-1.193938,0.708553,-0.422740,0.497759,0.267358
1403636674.86359,6.939472,-6.531736,-1.213514,0.713519,-0.423532,0.492734,0.262154
1403636674.91359,6.960912,-6.545789,-1.231991,0.717735,-0.424172,0.488377,0.257726
1403636674.96359,6.982193,-6.561780,-1.248460,0.721818,-0.424717,0.483616,0.254381
1403636675.01359,7.003423,-6.579945,-1.261826,0.724674,-0.425733,0.480112,0.251179
1403636675.06359,7.024602,-6.600097,-1.272523,0.728010,-0.425541,0.475866,0.249935
1403636675.11359,7.045800,-6.624529,-1.280806,0.730624,-0.423802,0.472261,0.252090
1403636675.16359,7.067718,-6.649295,-1.286647,0.734380,-0.420411,0.467155,0.256334
1403636675.21359,7.091217,-6.677097,-1.289783,0.736940,-0.415192,0.463939,0.263242
1403636675.26359,7.116491,-6.707409,-1.291828,0.738687,-0.411327,0.461283,0.269016
1403636675.31359,7.143524,-6.739093,-1.292110,0.739639,-0.408105,0.459714,0.273947
1403636675.36359,7.172287,-6.771777,-1.290248,0.738297,-0.403806,0.462378,0.279401
1403636675.41359,7.203195,-6.804702,-1.287151,0.735677,-0.398358,0.468388,0.284082
1403636675.46359,7.235835,-6.838441,-1.284791,0.733791,-0.393064,0.474705,0.285845
1403636675.51358,7.269979,-6.872301,-1.283979,0.733279,-0.385969,0.479929,0.288094
1403636675.56358,7.305361,-6.905895,-1.284744,0.732940,-0.378697,0.484857,0.290346
1403636675.61358,7.341750,-6.938612,-1.287142,0.732989,-0.371865,0.489112,0.291912
1403636675.66358,7.379894,-6.969216,-1.291117,0.733541,-0.365963,0.493047,0.291363
1403636675.71358,7.419054,-6.999428,-1.296372,0.733821,-0.360244,0.498216,0.288984
1403636675.76358,7.459046,-7.028153,-1.302954,0.733359,-0.354757,0.505299,0.284614
1403636675.81358,7.499930,-7.054870,-1.311633,0.732192,-0.352517,0.514140,0.274386
1403636675.86358,7.540868,-7.079288,-1.321992,0.730860,-0.351042,0.523516,0.261810
1403636675.91358,7.582473,-7.102561,-1.334446,0.731555,-0.350500,0.530175,0.246762
1403636675.96358,7.623814,-7.125234,-1.348304,0.733846,-0.348794,0.534603,0.232405
1403636676.01358,7.664615,-7.146396,-1.363026,0.737951,-0.344617,0.536541,0.220886
1403636676.06358,7.703615,-7.169229,-1.378014,0.742805,-0.337826,0.537431,0.212795
1403636676.11358,7.740434,-7.191861,-1.394132,0.749140,-0.328638,0.536061,0.208384
1403636676.16358,7.776857,-7.215065,-1.410508,0.756104,-0.315593,0.534149,0.208308
1403636676.21357,7.813183,-7.238257,-1.427403,0.762737,-0.302208,0.532472,0.208270
1403636676.26357,7.849293,-7.261172,-1.444825,0.770216,-0.286635,0.529510,0.210301
1403636676.31357,7.886424,-7.283311,-1.463088,0.777316,-0.273055,0.527055,0.208406
1403636676.36357,7.924276,-7.305057,-1.479293,0.782483,-0.257693,0.527091,0.208543
1403636676.41356,7.964258,-7.322068,-1.491121,0.787629,-0.243890,0.526607,0.206987
1403636676.46356,8.005241,-7.340171,-1.503103,0.791794,-0.233089,0.527527,0.201115
1403636676.51357,8.047082,-7.356105,-1.513418,0.795328,-0.224630,0.529087,0.192513
1403636676.56357,8.090843,-7.370850,-1.522102,0.796674,-0.218803,0.533400,0.181438
1403636676.61357,8.135837,-7.384847,-1.528316,0.797842,-0.213709,0.537043,0.171355
1403636676.66357,8.181435,-7.398310,-1.532039,0.797990,-0.209952,0.541010,0.162606
1403636676.71357,8.227607,-7.411413,-1.534636,0.797763,-0.207627,0.544568,0.154631
1403636676.76357,8.272443,-7.422725,-1.535789,0.796929,-0.206166,0.548216,0.147847
1403636676.81357,8.318282,-7.434730,-1.534849,0.796860,-0.205089,0.550517,0.141011
1403636676.86357,8.363974,-7.446399,-1.531953,0.797304,-0.204478,0.551956,0.133567
1403636676.91357,8.407941,-7.457366,-1.528180,0.796949,-0.202966,0.554003,0.129456
1403636676.96357,8.451771,-7.469452,-1.526638,0.796785,-0.202043,0.555335,0.126153
1403636677.01357,8.495304,-7.482342,-1.528913,0.796903,-0.199798,0.555922,0.126400
1403636677.06357,8.538311,-7.495229,-1.534531,0.797442,-0.195982,0.555635,0.130181
1403636677.11357,8.580985,-7.508278,-1.543558,0.797916,-0.192453,0.555152,0.134531
1403636677.16357,8.623925,-7.521629,-1.556160,0.798516,-0.189609,0.554262,0.138617
1403636677.21357,8.666687,-7.534450,-1.571173,0.797851,-0.187295,0.555143,0.142026
1403636677.26357,8.707242,-7.544662,-1.583809,0.796411,-0.184598,0.557472,0.144494
1403636677.31357,8.750959,-7.555945,-1.598155,0.794740,-0.181523,0.560742,0.144932
1403636677.36357,8.795453,-7.566354,-1.610804,0.792316,-0.176464,0.565771,0.144910
1403636677.41357,8.839251,-7.575412,-1.620392,0.789677,-0.171085,0.571376,0.143770
1403636677.46357,8.881268,-7.582187,-1.627303,0.786829,-0.165649,0.577588,0.140902
1403636677.51357,8.922631,-7.587886,-1.632591,0.784930,-0.160585,0.582805,0.135781
1403636677.56357,8.962251,-7.592224,-1.635760,0.784118,-0.154976,0.586760,0.129822
1403636677.61357,8.999816,-7.595110,-1.637287,0.784467,-0.149893,0.589342,0.121733
1403636677.66356,9.036321,-7.596756,-1.637352,0.786178,-0.144702,0.590090,0.113046
1403636677.71356,9.070180,-7.597197,-1.635746,0.787989,-0.139274,0.590876,0.102673
1403636677.76356,9.101852,-7.596067,-1.633124,0.791271,-0.133047,0.589567,0.092738
1403636677.81356,9.132043,-7.594298,-1.629736,0.795802,-0.127607,0.586550,0.079839
1403636677.86355,9.162383,-7.592134,-1.624636,0.800301,-0.122476,0.583299,0.065422
1403636677.91355,9.189659,-7.590658,-1.620359,0.804962,-0.115624,0.579588,0.052393
1403636677.96355,9.216656,-7.589535,-1.614958,0.808514,-0.107467,0.577131,0.040940
1403636678.01355,9.242781,-7.589855,-1.609565,0.812049,-0.097388,0.574485,0.032540
1403636678.06355,9.268015,-7.591697,-1.604589,0.813738,-0.086952,0.574098,0.026111
1403636678.11355,9.292775,-7.595116,-1.600764,0.814677,-0.075383,0.574483,0.024241
1403636678.16355,9.316756,-7.599769,-1.598537,0.815108,-0.064750,0.575201,0.023455
1403636678.21355,9.340830,-7.605569,-1.598836,0.816086,-0.054452,0.574846,0.024308
1403636678.26355,9.362973,-7.611145,-1.598879,0.816497,-0.045116,0.575085,0.023966
1403636678.31355,9.384136,-7.616793,-1.598218,0.816721,-0.036675,0.575467,0.021433
1403636678.36355,9.404527,-7.622038,-1.596183,0.816601,-0.030196,0.576206,0.015419
1403636678.41355,9.425183,-7.627375,-1.593084,0.817526,-0.023173,0.575341,0.009849
1403636678.46355,9.445661,-7.632801,-1.588028,0.818059,-0.015627,0.574902,0.004667
1403636678.51355,9.465709,-7.638257,-1.581345,-0.818898,0.007613,-0.573889,0.000452
1403636678.56355,9.486160,-7.643382,-1.573905,-0.818754,-0.000272,-0.574109,0.006316
1403636678.61355,9.505677,-7.648674,-1.564161,-0.818444,-0.009800,-0.574358,0.012899
1403636678.66355,9.524681,-7.654188,-1.554812,-0.817889,-0.021793,-0.574714,0.016934
1403636678.71355,9.543358,-7.659464,-1.546527,-0.817194,-0.035934,-0.574931,0.018868
1403636678.76355,9.561314,-7.664301,-1.539482,-0.816395,-0.051528,-0.574832,0.020321
1403636678.81355,9.579697,-7.668647,-1.534414,-0.815594,-0.067594,-0.574291,0.020671
1403636678.86355,9.597272,-7.671740,-1.531433,-0.814918,-0.082198,-0.573330,0.021070
1403636678.91355,9.614527,-7.673445,-1.529943,-0.813619,-0.095989,-0.573038,0.020935
1403636678.96355,9.631244,-7.673242,-1.530228,-0.812913,-0.107192,-0.571929,0.024094
1403636679.01356,9.647327,-7.671019,-1.531128,-0.811329,-0.116308,-0.572120,0.029926
1403636679.06356,9.662775,-7.666554,-1.533367,-0.809629,-0.123911,-0.572438,0.038235
1403636679.11356,9.678387,-7.660060,-1.536406,-0.807305,-0.131062,-0.573425,0.047591
1403636679.16356,9.693693,-7.651879,-1.541376,-0.805088,-0.136102,-0.574169,0.060326
1403636679.21356,9.706671,-7.641608,-1.547157,-0.801900,-0.140623,-0.575757,0.075403
1403636679.26356,9.718898,-7.630151,-1.552426,-0.798807,-0.145861,-0.576659,0.089983
1403636679.31356,9.730536,-7.617890,-1.556517,-0.796331,-0.151805,-0.576263,0.103599
1403636679.36356,9.741655,-7.605831,-1.558629,-0.793443,-0.160179,-0.575826,0.114953
1403636679.41356,9.752086,-7.593981,-1.558749,-0.791410,-0.168999,-0.574060,0.124757
1403636679.46356,9.761195,-7.583180,-1.556682,-0.789187,-0.178370,-0.572230,0.133869
1403636679.51356,9.769296,-7.573742,-1.553492,-0.787462,-0.187984,-0.569729,0.141333
1403636679.56356,9.777406,-7.564819,-1.547927,-0.786156,-0.196471,-0.567138,0.147352
1403636679.61356,9.785404,-7.556201,-1.540908,-0.785053,-0.203222,-0.564749,0.153138
1403636679.66356,9.792119,-7.548887,-1.532790,-0.785101,-0.209239,-0.561338,0.157274
1403636679.71356,9.799147,-7.542288,-1.523151,-0.784693,-0.214758,-0.559029,0.160072
1403636679.76356,9.804496,-7.536696,-1.511693,-0.783512,-0.220053,-0.558420,0.160787
1403636679.81356,9.809587,-7.531455,-1.498070,-0.780523,-0.223474,-0.560785,0.162367
1403636679.86355,9.815200,-7.526131,-1.482111,-0.777471,-0.226056,-0.563879,0.162719
1403636679.91355,9.821568,-7.521303,-1.465034,-0.773385,-0.229835,-0.568545,0.160650
1403636679.96355,9.826517,-7.516673,-1.446729,-0.771956,-0.232641,-0.570027,0.158213
1403636680.06355,9.829433,-7.507143,-1.404498,-0.768594,-0.241115,-0.574396,0.145590
1403636680.11355,9.828241,-7.502340,-1.382869,-0.766459,-0.245680,-0.577167,0.138056
1403636680.16356,9.824747,-7.496462,-1.362955,-0.765783,-0.247488,-0.578274,0.133887
1403636680.21356,9.818294,-7.489563,-1.344151,-0.765897,-0.246428,-0.578472,0.134334
1403636680.26356,9.810020,-7.481683,-1.326470,-0.764463,-0.245232,-0.580788,0.134696
1403636680.31356,9.799629,-7.473004,-1.310831,-0.763702,-0.246116,-0.582217,0.131184
1403636680.36356,9.787144,-7.463538,-1.297133,-0.764419,-0.248820,-0.581537,0.124770
1403636680.41356,9.772036,-7.452575,-1.285180,-0.765998,-0.250682,-0.579831,0.119172
1403636680.46356,9.754997,-7.440029,-1.274796,-0.767582,-0.251603,-0.578138,0.115196
1403636680.51356,9.735809,-7.425471,-1.266003,-0.769101,-0.252011,-0.576617,0.111746
1403636680.56356,9.714556,-7.408899,-1.258657,-0.770952,-0.250135,-0.574915,0.111974
1403636680.61356,9.691699,-7.390093,-1.252369,-0.772086,-0.247001,-0.574261,0.114445
1403636680.66356,9.667385,-7.369752,-1.247155,-0.773005,-0.244880,-0.573778,0.115223
1403636680.71356,9.641040,-7.347930,-1.243644,-0.774975,-0.241796,-0.571862,0.117994
1403636680.76356,9.616239,-7.324801,-1.241390,-0.778147,-0.235970,-0.568531,0.124812
1403636680.81356,9.588616,-7.300450,-1.239006,-0.780873,-0.229890,-0.565582,0.132308
1403636680.86356,9.560181,-7.275467,-1.237758,-0.784131,-0.222766,-0.561729,0.141333
1403636680.91356,9.531615,-7.250058,-1.237811,-0.788460,-0.216025,-0.556044,0.149931
1403636680.96356,9.502478,-7.225071,-1.240232,-0.793823,-0.212383,-0.548511,0.154513
1403636681.01356,9.473954,-7.200005,-1.244299,-0.798612,-0.211707,-0.541751,0.154613
1403636681.06356,9.446517,-7.175291,-1.250077,-0.803162,-0.212187,-0.535115,0.153493
1403636681.11356,9.420562,-7.150366,-1.256226,-0.806248,-0.213875,-0.530542,0.150823
1403636681.16356,9.395895,-7.125451,-1.262503,-0.806137,-0.215229,-0.530719,0.148855
1403636681.21356,9.373867,-7.099920,-1.267983,-0.802452,-0.217968,-0.536059,0.145606
1403636681.26356,9.352873,-7.073360,-1.272329,-0.797057,-0.220157,-0.543753,0.143399
1403636681.31356,9.332802,-7.046680,-1.275995,-0.792860,-0.220802,-0.549629,0.143273
1403636681.36356,9.313161,-7.018740,-1.277822,-0.788972,-0.220601,-0.555132,0.143827
1403636681.41356,9.293011,-6.990837,-1.278283,-0.786091,-0.219878,-0.558936,0.145963
1403636681.46356,9.272545,-6.962611,-1.277037,-0.784434,-0.218582,-0.561037,0.148737
1403636681.51356,9.251577,-6.933949,-1.274011,-0.783381,-0.218084,-0.562252,0.150419
1403636681.56356,9.230202,-6.905881,-1.271123,-0.782934,-0.218866,-0.562378,0.151140
1403636681.61356,9.208331,-6.878297,-1.268941,-0.782539,-0.221022,-0.562598,0.149216
1403636681.66356,9.185999,-6.850618,-1.267804,-0.782066,-0.222260,-0.562907,0.148690
1403636681.71356,9.163585,-6.822914,-1.267680,-0.781526,-0.223833,-0.563217,0.147998
1403636681.76356,9.140917,-6.794781,-1.268254,-0.780951,-0.224779,-0.563682,0.147826
1403636681.81356,9.117428,-6.766230,-1.269380,-0.780468,-0.225677,-0.563960,0.147948
1403636681.86355,9.093901,-6.737568,-1.269982,-0.779970,-0.226031,-0.564257,0.148902
1403636681.91355,9.070089,-6.708803,-1.269618,-0.779238,-0.226293,-0.564887,0.149939
1403636681.96355,9.044384,-6.679511,-1.267590,-0.779147,-0.226267,-0.564588,0.151569
1403636682.01355,9.019729,-6.650333,-1.263933,-0.779193,-0.226063,-0.564168,0.153194
1403636682.06355,8.994280,-6.621581,-1.258323,-0.779492,-0.225588,-0.563431,0.155071
1403636682.11355,8.967755,-6.593305,-1.251067,-0.779306,-0.225444,-0.563389,0.156363
1403636682.16355,8.940522,-6.565364,-1.242652,-0.779651,-0.225100,-0.562687,0.157665
1403636682.21355,8.912892,-6.537942,-1.234780,-0.781341,-0.225197,-0.560147,0.158199
1403636682.26355,8.884771,-6.510592,-1.228886,-0.783818,-0.224622,-0.556651,0.159101
1403636682.31355,8.857009,-6.483064,-1.224552,-0.787249,-0.225169,-0.551824,0.158200
1403636682.36355,8.829352,-6.455479,-1.221818,-0.790808,-0.225114,-0.546831,0.157866
1403636682.41355,8.802387,-6.427674,-1.219788,-0.792799,-0.224895,-0.544158,0.157430
1403636682.46356,8.776531,-6.400217,-1.217951,-0.791892,-0.224240,-0.545727,0.157497
1403636682.51356,8.751495,-6.372748,-1.216876,-0.789529,-0.224103,-0.549597,0.156093
1403636682.56356,8.724131,-6.343496,-1.215426,-0.786980,-0.224079,-0.553644,0.154692
1403636682.61356,8.699093,-6.316119,-1.216735,-0.784659,-0.224159,-0.557216,0.153534
1403636682.66356,8.673864,-6.288552,-1.218908,-0.782716,-0.223549,-0.560457,0.152542
1403636682.71356,8.647990,-6.260823,-1.221102,-0.781718,-0.221928,-0.562200,0.153611
1403636682.76356,8.622583,-6.233509,-1.221778,-0.780688,-0.220137,-0.564058,0.154612
1403636682.81356,8.596797,-6.206384,-1.221176,-0.779582,-0.218612,-0.566120,0.154820
1403636682.86356,8.570823,-6.179590,-1.219268,-0.778533,-0.219128,-0.567832,0.153089
1403636682.91356,8.544246,-6.153104,-1.215999,-0.778337,-0.219750,-0.568677,0.150025
1403636682.96356,8.516611,-6.126555,-1.211109,-0.778100,-0.220817,-0.569265,0.147438
1403636683.01356,8.488018,-6.100111,-1.205298,-0.777934,-0.222622,-0.569547,0.144480
1403636683.06356,8.456908,-6.072949,-1.200346,-0.777200,-0.222422,-0.570649,0.144387
1403636683.11356,8.426744,-6.045978,-1.196671,-0.777841,-0.222510,-0.569662,0.144698
1403636683.16356,8.394975,-6.017999,-1.194026,-0.778379,-0.221731,-0.568778,0.146466
1403636683.21356,8.363721,-5.990996,-1.194047,-0.779509,-0.221115,-0.566989,0.148316
1403636683.26356,8.331957,-5.963984,-1.195109,-0.779998,-0.220796,-0.566094,0.149635
1403636683.31356,8.298804,-5.936850,-1.197648,-0.780319,-0.220587,-0.565227,0.151534
1403636683.36356,8.265962,-5.910116,-1.201217,-0.780605,-0.220474,-0.564448,0.153122
1403636683.41356,8.232982,-5.883491,-1.205403,-0.780717,-0.220756,-0.563890,0.154192
1403636683.46356,8.199829,-5.857044,-1.210755,-0.781001,-0.220897,-0.562978,0.155875
1403636683.51356,8.166470,-5.830784,-1.216868,-0.780825,-0.221608,-0.562913,0.155985
1403636683.56356,8.132740,-5.804922,-1.224166,-0.780706,-0.221768,-0.562774,0.156855
1403636683.61356,8.098836,-5.779521,-1.232643,-0.781467,-0.222386,-0.561459,0.156898
1403636683.66356,8.063453,-5.754163,-1.242418,-0.782648,-0.222826,-0.559456,0.157541
1403636683.71356,8.028720,-5.728999,-1.251660,-0.784054,-0.223461,-0.557196,0.157663
1403636683.76356,7.992742,-5.703306,-1.260507,-0.785614,-0.223231,-0.554761,0.158804
1403636683.81356,7.958318,-5.678556,-1.266545,-0.787218,-0.224450,-0.552149,0.158243
1403636683.86355,7.923897,-5.654492,-1.270718,-0.788665,-0.224007,-0.549588,0.160567
1403636683.91355,7.888558,-5.630583,-1.273927,-0.788474,-0.225992,-0.549469,0.159126
1403636683.96355,7.855942,-5.605906,-1.274095,-0.788300,-0.225948,-0.549385,0.160333
1403636684.01355,7.823887,-5.581174,-1.271667,-0.787115,-0.226067,-0.550679,0.161543
1403636684.06355,7.792324,-5.556476,-1.267274,-0.785694,-0.226608,-0.552258,0.162312
1403636684.11355,7.760009,-5.532612,-1.261339,-0.784459,-0.227434,-0.553513,0.162854
1403636684.16355,7.727870,-5.508837,-1.254372,-0.783640,-0.228255,-0.554111,0.163612
1403636684.21355,7.695664,-5.485362,-1.245388,-0.782608,-0.228642,-0.555064,0.164777
1403636684.26355,7.662461,-5.462006,-1.235649,-0.781539,-0.228874,-0.556011,0.166331
1403636684.31355,7.629696,-5.438187,-1.225274,-0.780006,-0.229702,-0.557732,0.166624
1403636684.36355,7.595811,-5.414938,-1.216521,-0.778715,-0.230077,-0.559112,0.167514
1403636684.41355,7.563525,-5.392873,-1.209156,-0.777794,-0.230540,-0.560012,0.168148
1403636684.46355,7.531072,-5.371463,-1.203671,-0.777497,-0.230173,-0.560135,0.169612
1403636684.51355,7.497220,-5.350654,-1.199995,-0.777334,-0.229012,-0.559905,0.172660
1403636684.56355,7.464379,-5.330456,-1.197306,-0.776716,-0.228163,-0.560561,0.174427
1403636684.61355,7.431146,-5.310994,-1.196233,-0.776567,-0.227168,-0.560530,0.176479
1403636684.66355,7.397250,-5.290828,-1.195679,-0.776194,-0.227104,-0.560790,0.177373
1403636684.71355,7.364466,-5.273230,-1.197384,-0.775668,-0.226858,-0.561380,0.178120
1403636684.76355,7.331596,-5.256391,-1.200704,-0.775256,-0.227229,-0.561874,0.177883
1403636684.81355,7.298395,-5.240637,-1.205727,-0.775047,-0.227136,-0.562156,0.178024
1403636684.86355,7.264858,-5.225853,-1.212575,-0.775160,-0.227969,-0.561973,0.177043
1403636684.91355,7.231075,-5.212162,-1.220070,-0.774291,-0.229730,-0.563322,0.174260
1403636684.96355,7.196709,-5.198555,-1.227442,-0.774278,-0.233192,-0.563491,0.169098
1403636685.01355,7.162266,-5.186261,-1.233824,-0.774490,-0.235048,-0.563506,0.165464
1403636685.06355,7.127522,-5.173698,-1.238785,-0.774822,-0.236157,-0.563326,0.162929
1403636685.11355,7.092403,-5.160423,-1.240628,-0.775890,-0.236429,-0.562192,0.161355
1403636685.16355,7.056637,-5.147620,-1.241370,-0.777697,-0.235499,-0.560134,0.161178
1403636685.21356,7.020029,-5.135314,-1.240366,-0.779016,-0.236282,-0.558889,0.157950
1403636685.26356,6.985931,-5.122714,-1.237315,-0.780247,-0.237093,-0.557790,0.154506
1403636685.31356,6.949923,-5.107810,-1.231617,-0.781138,-0.237435,-0.557209,0.151546
1403636685.36356,6.913127,-5.094711,-1.226615,-0.781547,-0.237388,-0.557172,0.149633
1403636685.41356,6.876449,-5.080959,-1.221825,-0.781834,-0.236077,-0.557424,0.149272
1403636685.46356,6.839394,-5.066604,-1.218416,-0.782607,-0.234224,-0.556874,0.150191
1403636685.51356,6.802445,-5.051706,-1.216517,-0.783014,-0.232347,-0.556792,0.151283
1403636685.56356,6.765251,-5.036323,-1.216007,-0.783810,-0.231074,-0.556065,0.151788
1403636685.61356,6.728115,-5.020833,-1.217037,-0.784025,-0.229187,-0.556105,0.153383
1403636685.66356,6.690967,-5.005340,-1.219270,-0.783695,-0.229081,-0.556877,0.152419
1403636685.71356,6.654037,-4.989626,-1.222741,-0.783051,-0.229333,-0.557900,0.151608
1403636685.76356,6.617337,-4.973538,-1.227635,-0.782634,-0.229746,-0.558513,0.150877
1403636685.81356,6.579488,-4.957336,-1.234033,-0.781547,-0.230891,-0.560094,0.148890
1403636685.86356,6.541811,-4.940183,-1.240462,-0.780528,-0.231843,-0.561537,0.147313
1403636685.91356,6.504524,-4.921977,-1.247903,-0.780911,-0.231179,-0.561052,0.148174
1403636685.96356,6.466601,-4.904738,-1.256586,-0.781873,-0.229695,-0.559607,0.150850
1403636686.01356,6.428304,-4.887352,-1.264927,-0.783301,-0.228250,-0.557592,0.153075
1403636686.06356,6.389998,-4.870255,-1.271759,-0.785144,-0.226977,-0.554817,0.155592
1403636686.11356,6.351848,-4.853017,-1.276774,-0.786401,-0.225816,-0.552999,0.157393
1403636686.16356,6.315036,-4.836008,-1.279441,-0.786302,-0.225276,-0.553213,0.157911
1403636686.21356,6.278203,-4.818914,-1.280502,-0.787065,-0.224614,-0.552256,0.158400
1403636686.26356,6.241863,-4.802053,-1.280279,-0.787916,-0.223759,-0.551126,0.159314
1403636686.31356,6.206586,-4.784046,-1.275319,-0.788840,-0.223069,-0.549995,0.159618
1403636686.36356,6.171339,-4.767379,-1.271812,-0.789466,-0.222634,-0.549088,0.160253
1403636686.41356,6.135832,-4.751329,-1.268438,-0.790043,-0.222788,-0.548378,0.159622
1403636686.46356,6.101429,-4.734523,-1.265382,-0.790979,-0.222665,-0.547022,0.159810
1403636686.51356,6.066655,-4.717699,-1.264313,-0.791844,-0.222398,-0.545706,0.160398
1403636686.56356,6.034045,-4.701335,-1.263795,-0.791832,-0.222755,-0.545749,0.159816
1403636686.61356,6.002025,-4.685279,-1.265041,-0.791787,-0.224117,-0.545528,0.158884
1403636686.66356,5.970333,-4.669311,-1.267914,-0.791652,-0.224502,-0.545682,0.158487
1403636686.71356,5.939738,-4.652789,-1.271471,-0.791408,-0.224544,-0.545924,0.158808
1403636686.76356,5.910056,-4.636299,-1.274881,-0.790447,-0.224445,-0.547101,0.159682
1403636686.81356,5.881055,-4.619444,-1.277268,-0.789417,-0.224302,-0.548558,0.159981
1403636686.86356,5.852779,-4.602749,-1.278595,-0.788645,-0.223940,-0.549398,0.161404
1403636686.91356,5.826603,-4.586151,-1.276769,-0.787954,-0.223398,-0.550229,0.162694
1403636686.96356,5.799158,-4.570176,-1.274328,-0.787414,-0.223125,-0.550854,0.163566
1403636687.01356,5.771739,-4.554429,-1.270763,-0.786699,-0.223088,-0.551615,0.164489
1403636687.06356,5.744668,-4.538624,-1.265505,-0.786638,-0.222343,-0.551725,0.165419
1403636687.11356,5.718139,-4.523456,-1.260108,-0.786530,-0.222506,-0.551718,0.165736
1403636687.16356,5.692162,-4.508763,-1.253582,-0.786238,-0.222848,-0.551927,0.165966
1403636687.21356,5.666675,-4.494179,-1.247480,-0.785340,-0.222812,-0.553208,0.166002
1403636687.26356,5.641257,-4.480004,-1.243119,-0.784973,-0.223271,-0.553570,0.165914
1403636687.31356,5.616357,-4.465672,-1.241522,-0.784383,-0.223510,-0.554248,0.166124
1403636687.36356,5.591581,-4.452298,-1.240427,-0.783249,-0.223968,-0.555822,0.165592
1403636687.41356,5.567349,-4.439150,-1.240698,-0.782318,-0.224637,-0.556947,0.165310
1403636687.46356,5.543245,-4.426297,-1.242690,-0.781718,-0.224902,-0.557685,0.165298
1403636687.51356,5.518984,-4.413780,-1.246403,-0.781344,-0.224801,-0.558166,0.165581
1403636687.56356,5.494333,-4.401125,-1.251721,-0.781522,-0.224280,-0.557725,0.166927
1403636687.61356,5.469396,-4.387653,-1.258068,-0.780902,-0.223763,-0.558447,0.168107
1403636687.66356,5.444617,-4.376354,-1.266916,-0.780848,-0.223548,-0.558283,0.169181
1403636687.71356,5.420505,-4.365097,-1.277760,-0.780041,-0.222822,-0.559230,0.170731
1403636687.76356,5.395555,-4.354579,-1.289759,-0.780316,-0.222818,-0.558659,0.171344
1403636687.81356,5.368220,-4.347247,-1.299095,-0.780296,-0.223521,-0.558549,0.170880
1403636687.86356,5.343869,-4.337907,-1.313434,-0.780477,-0.223688,-0.558218,0.170915
1403636687.91356,5.319507,-4.329416,-1.329081,-0.780511,-0.224604,-0.558151,0.169777
1403636687.96356,5.295338,-4.320999,-1.345728,-0.780311,-0.226320,-0.558398,0.167591
1403636688.01356,5.270914,-4.312757,-1.362866,-0.779896,-0.227383,-0.559021,0.165993
1403636688.06356,5.246353,-4.304662,-1.379877,-0.779423,-0.229885,-0.559586,0.162839
1403636688.11356,5.221292,-4.296605,-1.395702,-0.779162,-0.231400,-0.560019,0.160438
1403636688.16356,5.195591,-4.288662,-1.409745,-0.779315,-0.232047,-0.559766,0.159639
1403636688.21356,5.170211,-4.280386,-1.422164,-0.779464,-0.232010,-0.559576,0.159633
1403636688.26356,5.144527,-4.271641,-1.433126,-0.779175,-0.231238,-0.559924,0.160939
1403636688.31356,5.118544,-4.262960,-1.442498,-0.780065,-0.229892,-0.558627,0.163046
1403636688.36356,5.092300,-4.254577,-1.450958,-0.780540,-0.228637,-0.557890,0.165047
1403636688.41356,5.067692,-4.247479,-1.461016,-0.781417,-0.228615,-0.556539,0.165487
1403636688.46356,5.042205,-4.239557,-1.471323,-0.781114,-0.229520,-0.557101,0.163766
1403636688.51356,5.016394,-4.232133,-1.482676,-0.781105,-0.231272,-0.557027,0.161583
1403636688.56356,4.990639,-4.224896,-1.494944,-0.780779,-0.233893,-0.557541,0.157562
1403636688.61356,4.966152,-4.216469,-1.508733,-0.780470,-0.236913,-0.557817,0.153553
1403636688.66356,4.939712,-4.208815,-1.523677,-0.779971,-0.238967,-0.558250,0.151318
1403636688.71356,4.913401,-4.199307,-1.539510,-0.779590,-0.240238,-0.558490,0.150381
1403636688.76356,4.886307,-4.189702,-1.555950,-0.779580,-0.241749,-0.558014,0.149775
1403636688.81356,4.859641,-4.178884,-1.571551,-0.779761,-0.241507,-0.557298,0.151876
1403636688.86356,4.832416,-4.167161,-1.585566,-0.779923,-0.243607,-0.555925,0.152716
1403636688.91356,4.805051,-4.156919,-1.596118,-0.780188,-0.245320,-0.553818,0.156235
1403636688.96356,4.777595,-4.143587,-1.606090,-0.780790,-0.246808,-0.551279,0.159827
1403636689.01356,4.750595,-4.128842,-1.613724,-0.781204,-0.248171,-0.549025,0.163408
1403636689.06356,4.723576,-4.113702,-1.619049,-0.781527,-0.249419,-0.546786,0.167425
1403636689.11356,4.696789,-4.098232,-1.622891,-0.781976,-0.250501,-0.544352,0.171591
1403636689.16356,4.670429,-4.082402,-1.624823,-0.782626,-0.251833,-0.541689,0.175071
1403636689.21356,4.645968,-4.062333,-1.624464,-0.782931,-0.253917,-0.539662,0.176944
1403636689.26356,4.620317,-4.045880,-1.622816,-0.783001,-0.255255,-0.538102,0.179443
1403636689.31356,4.596047,-4.029035,-1.619107,-0.783332,-0.256947,-0.536273,0.181051
1403636689.36356,4.573074,-4.011597,-1.613340,-0.782788,-0.258255,-0.535965,0.182452
1403636689.41356,4.550858,-3.993123,-1.605562,-0.782203,-0.259952,-0.535761,0.183151
1403636689.46356,4.529408,-3.975656,-1.595705,-0.781738,-0.260491,-0.535677,0.184611
1403636689.51356,4.508800,-3.956069,-1.584962,-0.781953,-0.261294,-0.534764,0.185209
1403636689.56356,4.488394,-3.938908,-1.571918,-0.782812,-0.261670,-0.532966,0.186230
1403636689.61356,4.467498,-3.921457,-1.557884,-0.784223,-0.261819,-0.530609,0.186815
1403636689.66356,4.447942,-3.904818,-1.543499,-0.786231,-0.260871,-0.527462,0.188603
1403636689.71356,4.429957,-3.887899,-1.530520,-0.788866,-0.259219,-0.523511,0.190870
1403636689.76356,4.413956,-3.870360,-1.519307,-0.792250,-0.256439,-0.518665,0.193815
1403636689.81356,4.400203,-3.852709,-1.509042,-0.794223,-0.254061,-0.515826,0.196432
1403636689.86356,4.388768,-3.835011,-1.499870,-0.794665,-0.251334,-0.515435,0.199164
1403636689.91356,4.379637,-3.817426,-1.491462,-0.794754,-0.246800,-0.515378,0.204550
1403636689.96356,4.374646,-3.799369,-1.484544,-0.794194,-0.243530,-0.516644,0.207432
1403636690.01356,4.370289,-3.780431,-1.479018,-0.793575,-0.242435,-0.518070,0.207526
1403636690.06356,4.368549,-3.764918,-1.474472,-0.793223,-0.242674,-0.519153,0.205880
1403636690.11356,4.367269,-3.749783,-1.470413,-0.793587,-0.245420,-0.519200,0.201046
1403636690.16356,4.368985,-3.735833,-1.467006,-0.793339,-0.248595,-0.520255,0.195317
1403636690.21356,4.372897,-3.722589,-1.462722,-0.793175,-0.251184,-0.520980,0.190684
1403636690.26355,4.376450,-3.707538,-1.455575,-0.792795,-0.252129,-0.521876,0.188552
1403636690.31355,4.383400,-3.693123,-1.447601,-0.792146,-0.253500,-0.523051,0.186172
1403636690.36355,4.391981,-3.678460,-1.438278,-0.791724,-0.254068,-0.524032,0.184425
1403636690.41355,4.401261,-3.663510,-1.428078,-0.791463,-0.254291,-0.524590,0.183652
1403636690.46356,4.411539,-3.647803,-1.417892,-0.790969,-0.253310,-0.525400,0.184814
1403636690.56356,4.435165,-3.616865,-1.400421,-0.790202,-0.248313,-0.526521,0.191565
1403636690.61356,4.448226,-3.601937,-1.394582,-0.791111,-0.244321,-0.525077,0.196836
1403636690.66356,4.462447,-3.588146,-1.389559,-0.790995,-0.240784,-0.525060,0.201646
1403636690.71356,4.478173,-3.574552,-1.387002,-0.790175,-0.235096,-0.525729,0.209672
1403636690.76356,4.495891,-3.561682,-1.389109,-0.789574,-0.228494,-0.525941,0.218518
1403636690.81356,4.514304,-3.550820,-1.394379,-0.788412,-0.223442,-0.526893,0.225530
1403636690.86356,4.534545,-3.542272,-1.402613,-0.785884,-0.219475,-0.529908,0.231116
1403636690.91355,4.555982,-3.537120,-1.411651,-0.782300,-0.216201,-0.534423,0.235914
1403636690.96355,4.577493,-3.533348,-1.418451,-0.777648,-0.212475,-0.540284,0.241271
1403636691.01355,4.602144,-3.532797,-1.424899,-0.771973,-0.209560,-0.547523,0.245685
1403636691.06355,4.627324,-3.536174,-1.429232,-0.766593,-0.207974,-0.554364,0.248520
1403636691.11355,4.652620,-3.543576,-1.431810,-0.762826,-0.208467,-0.559097,0.249096
1403636691.16355,4.677316,-3.556745,-1.430581,-0.757971,-0.210583,-0.565750,0.247107
1403636691.21355,4.702355,-3.572399,-1.428562,-0.753814,-0.215777,-0.571974,0.240936
1403636691.26355,4.726223,-3.592723,-1.424685,-0.749928,-0.222904,-0.578020,0.231980
1403636691.31355,4.747877,-3.616944,-1.419390,-0.747815,-0.230021,-0.581426,0.223177
1403636691.36355,4.768173,-3.643439,-1.412178,-0.747567,-0.236287,-0.582002,0.215836
1403636691.41355,4.787851,-3.670635,-1.404700,-0.751184,-0.241141,-0.576948,0.211435
1403636691.46355,4.806052,-3.700789,-1.394938,-0.756166,-0.245192,-0.569954,0.207957
1403636691.51355,4.824267,-3.731326,-1.384202,-0.760969,-0.247497,-0.562858,0.207031
1403636691.56355,4.840935,-3.764168,-1.369529,-0.763653,-0.249435,-0.558538,0.206522
1403636691.61354,4.858466,-3.797012,-1.352503,-0.765992,-0.252317,-0.554707,0.204676
1403636691.66354,4.874852,-3.831578,-1.334174,-0.766894,-0.256722,-0.553255,0.199689
1403636691.71354,4.890971,-3.866657,-1.316305,-0.767863,-0.261651,-0.551693,0.193804
1403636691.76354,4.906188,-3.901658,-1.299249,-0.767383,-0.265346,-0.552093,0.189491
1403636691.81354,4.919864,-3.936962,-1.284498,-0.767824,-0.266543,-0.551240,0.188508
1403636691.86353,4.932730,-3.972691,-1.272344,-0.768514,-0.266198,-0.550051,0.189656
1403636691.91353,4.945050,-4.007446,-1.261624,-0.768720,-0.264583,-0.549725,0.192010
1403636691.96353,4.957523,-4.041855,-1.251641,-0.766658,-0.262235,-0.552447,0.195630
1403636692.01353,4.970358,-4.075670,-1.243015,-0.764513,-0.260102,-0.555439,0.198379
1403636692.06353,4.981797,-4.110419,-1.234972,-0.764538,-0.258603,-0.555429,0.200261
1403636692.11353,4.992799,-4.145716,-1.226711,-0.764860,-0.259455,-0.555214,0.198518
1403636692.16352,5.004175,-4.180439,-1.216722,-0.764393,-0.262260,-0.556259,0.193646
1403636692.21352,5.014986,-4.214681,-1.205242,-0.764930,-0.264030,-0.555708,0.190680
1403636692.26352,5.024936,-4.248366,-1.192890,-0.765778,-0.264673,-0.554821,0.188961
1403636692.31352,5.033811,-4.281953,-1.177473,-0.766600,-0.264058,-0.553910,0.189161
1403636692.36352,5.041134,-4.316468,-1.160319,-0.767632,-0.262341,-0.552660,0.191011
1403636692.41352,5.047740,-4.350355,-1.141907,-0.768709,-0.262177,-0.551559,0.190085
1403636692.46352,5.055215,-4.383310,-1.121718,-0.769042,-0.263453,-0.551425,0.187343
1403636692.51352,5.062690,-4.415249,-1.100044,-0.768748,-0.265421,-0.552364,0.182956
1403636692.56352,5.069051,-4.447011,-1.076795,-0.768802,-0.265160,-0.552669,0.182181
1403636692.61353,5.075479,-4.477599,-1.051760,-0.769374,-0.264150,-0.552151,0.182807
1403636692.66353,5.082917,-4.507950,-1.026253,-0.769872,-0.262922,-0.551995,0.182950
1403636692.71352,5.087707,-4.538691,-1.000866,-0.771058,-0.264253,-0.550768,0.179707
1403636692.76352,5.091944,-4.569878,-0.976546,-0.772012,-0.268647,-0.549712,0.172174
1403636692.81352,5.095794,-4.600105,-0.953641,-0.772981,-0.273880,-0.548520,0.163142
1403636692.86351,5.099005,-4.628833,-0.931925,-0.773334,-0.277801,-0.547920,0.156732
1403636692.91351,5.102000,-4.655918,-0.911709,-0.773745,-0.280780,-0.547181,0.151902
1403636692.96351,5.104768,-4.681153,-0.892810,-0.774544,-0.280916,-0.546058,0.151620
1403636693.01351,5.104912,-4.704168,-0.873126,-0.775840,-0.279222,-0.544281,0.154483
1403636693.06351,5.106471,-4.724800,-0.855473,-0.775864,-0.276833,-0.544428,0.158104
1403636693.11351,5.109353,-4.742602,-0.840054,-0.775120,-0.274707,-0.545483,0.161783
1403636693.16351,5.110344,-4.759811,-0.825369,-0.774864,-0.272561,-0.545756,0.165667
1403636693.21351,5.111390,-4.775460,-0.812465,-0.776025,-0.271876,-0.543944,0.167313
1403636693.26351,5.112081,-4.790820,-0.801517,-0.778303,-0.270891,-0.540534,0.169367
1403636693.31351,5.112513,-4.804571,-0.791882,-0.781279,-0.269627,-0.536069,0.171856
1403636693.36351,5.112669,-4.817717,-0.782874,-0.783889,-0.268680,-0.532047,0.173941
1403636693.41351,5.113591,-4.829543,-0.774859,-0.786226,-0.267796,-0.528345,0.176025
1403636693.46351,5.114767,-4.841017,-0.767278,-0.788773,-0.267728,-0.524183,0.177177
1403636693.51350,5.114975,-4.853865,-0.759965,-0.792492,-0.267038,-0.518628,0.177969
1403636693.56350,5.118273,-4.863412,-0.754692,-0.796014,-0.267520,-0.513078,0.177612
1403636693.61350,5.122067,-4.873312,-0.748345,-0.798318,-0.268544,-0.509194,0.176902
1403636693.66351,5.129246,-4.879920,-0.743562,-0.799734,-0.268959,-0.506887,0.176500
1403636693.71351,5.138415,-4.885018,-0.739014,-0.799044,-0.268779,-0.507780,0.177331
1403636693.76351,5.149039,-4.889138,-0.734207,-0.795817,-0.268616,-0.512457,0.178630
1403636693.81351,5.161190,-4.892212,-0.730097,-0.792620,-0.268454,-0.517249,0.179275
1403636693.86351,5.174381,-4.894302,-0.725704,-0.788661,-0.267654,-0.523064,0.181050
1403636693.91351,5.188993,-4.895534,-0.722859,-0.784047,-0.265820,-0.529728,0.184386
1403636693.96351,5.204346,-4.895904,-0.720502,-0.779470,-0.265374,-0.536308,0.185411
1403636694.01351,5.219979,-4.896004,-0.718778,-0.774893,-0.263828,-0.542575,0.188541
1403636694.06351,5.235347,-4.896084,-0.718474,-0.771270,-0.263138,-0.547589,0.189861
1403636694.16351,5.265523,-4.896425,-0.717756,-0.767707,-0.262705,-0.552170,0.191624
1403636694.21351,5.279683,-4.897257,-0.715399,-0.766674,-0.262521,-0.553515,0.192131
1403636694.26351,5.293472,-4.898033,-0.712547,-0.766705,-0.263388,-0.553285,0.191483
1403636694.31351,5.307190,-4.897262,-0.709000,-0.767619,-0.263983,-0.551833,0.191193
1403636694.36351,5.319838,-4.898545,-0.702837,-0.769388,-0.263541,-0.549407,0.191678
1403636694.41351,5.332440,-4.899815,-0.696520,-0.771094,-0.264545,-0.546806,0.190877
1403636694.46351,5.344921,-4.901050,-0.690523,-0.772456,-0.264737,-0.545061,0.190094
1403636694.51351,5.357568,-4.900787,-0.686049,-0.773260,-0.265417,-0.544099,0.188626
1403636694.56351,5.369893,-4.901361,-0.682179,-0.773868,-0.265619,-0.543231,0.188347
1403636694.61351,5.382239,-4.901718,-0.679827,-0.774381,-0.265566,-0.542737,0.187736
1403636694.66351,5.394637,-4.902051,-0.679042,-0.774517,-0.265699,-0.542760,0.186922
1403636694.71351,5.406781,-4.902208,-0.679607,-0.773787,-0.265666,-0.543963,0.186493
1403636694.76351,5.418545,-4.901744,-0.681548,-0.772960,-0.263594,-0.545450,0.188507
1403636694.81351,5.429872,-4.901483,-0.684732,-0.772107,-0.262569,-0.547136,0.188548
1403636694.86351,5.441015,-4.901445,-0.690017,-0.773259,-0.258775,-0.545563,0.193563
1403636694.91351,5.452305,-4.901096,-0.696637,-0.774169,-0.255485,-0.544575,0.197050
1403636694.96351,5.463930,-4.901954,-0.703071,-0.775375,-0.252295,-0.543065,0.200552
1403636695.01351,5.475815,-4.903751,-0.709896,-0.776220,-0.250837,-0.542044,0.201869
1403636695.06351,5.488267,-4.906393,-0.716075,-0.776963,-0.251662,-0.541463,0.199531
1403636695.11351,5.500676,-4.909846,-0.720557,-0.776521,-0.252906,-0.542642,0.196450
1403636695.16351,5.513481,-4.913908,-0.723408,-0.776681,-0.253285,-0.542967,0.194421
1403636695.21351,5.526757,-4.918274,-0.724146,-0.776271,-0.254320,-0.544212,0.191202
1403636695.26351,5.539804,-4.922732,-0.722866,-0.775562,-0.255290,-0.545754,0.188371
1403636695.31351,5.552908,-4.927369,-0.719828,-0.775100,-0.255728,-0.546934,0.186244
1403636695.36351,5.566049,-4.931977,-0.714879,-0.774797,-0.255856,-0.547953,0.184324
1403636695.41351,5.578768,-4.936670,-0.709133,-0.774738,-0.255677,-0.548388,0.183525
1403636695.46351,5.591069,-4.941428,-0.702445,-0.774304,-0.255758,-0.549351,0.182357
1403636695.51351,5.603564,-4.945783,-0.696158,-0.773773,-0.256768,-0.550435,0.179908
1403636695.56351,5.615589,-4.949919,-0.690510,-0.773101,-0.256951,-0.551681,0.178716
1403636695.61351,5.627233,-4.954124,-0.686612,-0.772598,-0.257665,-0.552724,0.176626
1403636695.66351,5.638290,-4.957931,-0.683843,-0.771996,-0.258765,-0.553896,0.173959
1403636695.71351,5.649108,-4.962307,-0.682232,-0.771756,-0.258661,-0.554442,0.173437
1403636695.76351,5.658780,-4.965140,-0.682519,-0.772874,-0.256448,-0.553268,0.175485
1403636695.81351,5.668043,-4.967944,-0.683670,-0.773285,-0.256122,-0.552840,0.175498
1403636695.86351,5.676939,-4.970659,-0.685833,-0.773532,-0.255254,-0.552692,0.176141
1403636695.91351,5.686342,-4.974373,-0.689307,-0.774268,-0.255014,-0.551931,0.175641
1403636695.96351,5.694834,-4.976098,-0.693586,-0.775761,-0.254273,-0.549980,0.176246
1403636696.01351,5.703051,-4.978073,-0.698694,-0.777510,-0.253192,-0.547811,0.176849
1403636696.06351,5.711216,-4.979747,-0.704680,-0.779649,-0.253425,-0.545039,0.175656
1403636696.11351,5.719512,-4.981235,-0.711019,-0.781623,-0.254681,-0.542561,0.172717
1403636696.16351,5.727907,-4.982247,-0.717435,-0.782185,-0.256503,-0.541983,0.169256
1403636696.21351,5.736200,-4.982810,-0.724547,-0.782827,-0.257697,-0.541242,0.166825
1403636696.26351,5.744390,-4.982751,-0.731605,-0.781117,-0.258183,-0.543843,0.165625
1403636696.31351,5.752609,-4.982248,-0.739054,-0.779159,-0.257187,-0.546672,0.167079
1403636696.36351,5.760494,-4.980659,-0.745799,-0.774872,-0.255169,-0.553001,0.169270
1403636696.41351,5.767816,-4.978802,-0.751888,-0.770541,-0.252058,-0.559170,0.173384
1403636696.46351,5.774245,-4.977060,-0.757554,-0.768281,-0.248670,-0.562441,0.177674
1403636696.51351,5.780699,-4.976359,-0.761291,-0.767514,-0.247834,-0.563699,0.178167
1403636696.56351,5.784659,-4.975537,-0.764506,-0.768467,-0.246692,-0.562666,0.178910
1403636696.61351,5.787024,-4.975701,-0.766207,-0.769005,-0.246613,-0.561962,0.178916
1403636696.66351,5.788716,-4.976202,-0.766803,-0.770357,-0.245614,-0.560275,0.179766
1403636696.71351,5.790107,-4.977112,-0.766239,-0.770716,-0.245457,-0.559782,0.179975
1403636696.76351,5.790998,-4.978272,-0.766550,-0.771843,-0.245453,-0.558266,0.179862
1403636696.81351,5.791529,-4.979432,-0.767740,-0.771982,-0.246031,-0.558238,0.178560
1403636696.86351,5.791395,-4.980973,-0.770256,-0.772499,-0.246689,-0.557479,0.177784
1403636696.91351,5.790867,-4.982232,-0.773826,-0.772389,-0.247789,-0.557687,0.176071
1403636696.96351,5.789948,-4.983511,-0.778219,-0.771316,-0.251535,-0.559179,0.170648
1403636697.01351,5.788358,-4.984474,-0.783219,-0.770235,-0.255538,-0.560650,0.164650
1403636697.06351,5.785852,-4.984926,-0.787804,-0.769026,-0.259128,-0.562229,0.159220
1403636697.11351,5.782208,-4.984140,-0.789708,-0.768114,-0.263247,-0.563387,0.152635
1403636697.16351,5.776719,-4.983017,-0.790934,-0.767099,-0.266150,-0.564667,0.147899
1403636697.21351,5.769808,-4.979872,-0.789604,-0.766084,-0.267756,-0.565958,0.145303
1403636697.26351,5.760715,-4.975276,-0.786783,-0.765685,-0.267927,-0.566706,0.144173
1403636697.31351,5.749943,-4.968869,-0.782771,-0.767662,-0.266568,-0.564143,0.146215
1403636697.36351,5.737696,-4.960758,-0.776632,-0.770139,-0.262901,-0.561244,0.150911
1403636697.41351,5.724481,-4.950902,-0.768729,-0.772913,-0.259401,-0.557631,0.156091
1403636697.46351,5.710212,-4.940061,-0.758691,-0.775579,-0.256730,-0.553955,0.160315
1403636697.51351,5.695047,-4.928930,-0.746666,-0.777767,-0.254244,-0.551234,0.163034
1403636697.56351,5.680002,-4.917269,-0.732208,-0.779381,-0.251632,-0.550086,0.163252
1403636697.61351,5.664778,-4.905739,-0.717911,-0.780289,-0.248726,-0.550840,0.160809
1403636697.66351,5.650061,-4.893678,-0.704454,-0.781462,-0.244204,-0.552433,0.156522
1403636697.71351,5.634549,-4.881510,-0.692597,-0.783785,-0.237050,-0.553519,0.152002
1403636697.76351,5.619595,-4.869407,-0.682759,-0.786901,-0.229188,-0.554245,0.145165
1403636697.81351,5.604418,-4.856690,-0.674312,-0.789241,-0.220226,-0.556204,0.138697
1403636697.86352,5.589265,-4.843952,-0.667775,-0.791315,-0.211380,-0.558007,0.133296
1403636697.91352,5.573359,-4.829905,-0.662426,-0.793529,-0.203132,-0.559076,0.128386
1403636697.96352,5.557327,-4.815089,-0.658505,-0.795339,-0.195144,-0.560178,0.124723
1403636698.01352,5.541349,-4.799571,-0.656320,-0.797098,-0.188669,-0.560643,0.121314
1403636698.06352,5.525293,-4.783731,-0.655063,-0.797742,-0.183465,-0.562120,0.118190
1403636698.11352,5.508850,-4.767142,-0.655420,-0.799026,-0.178557,-0.562292,0.116203
1403636698.16352,5.492825,-4.749856,-0.656913,-0.799897,-0.174346,-0.562683,0.114694
1403636698.21352,5.476955,-4.732417,-0.659582,-0.800328,-0.170503,-0.563619,0.112858
1403636698.26352,5.460692,-4.714935,-0.663670,-0.801413,-0.165629,-0.564026,0.110361
1403636698.31352,5.443842,-4.697211,-0.669994,-0.802532,-0.160681,-0.564756,0.105715
1403636698.36352,5.428170,-4.679694,-0.675946,-0.803326,-0.154425,-0.566242,0.100947
1403636698.41352,5.412091,-4.662019,-0.683131,-0.805052,-0.147324,-0.566667,0.095265
1403636698.46352,5.396004,-4.644127,-0.691336,-0.807117,-0.139209,-0.566692,0.089689
1403636698.51352,5.380419,-4.625992,-0.699554,-0.808774,-0.131296,-0.567292,0.082622
1403636698.56352,5.365369,-4.607645,-0.708447,-0.810353,-0.121848,-0.568066,0.076041
1403636698.61352,5.350471,-4.588952,-0.718261,-0.811935,-0.111709,-0.568751,0.069318
1403636698.66352,5.335324,-4.569943,-0.728966,-0.813797,-0.100383,-0.568936,0.063000
1403636698.71352,5.320293,-4.550135,-0.740490,-0.815324,-0.088809,-0.569403,0.056031
1403636698.76352,5.306236,-4.529230,-0.751558,-0.816885,-0.076675,-0.569613,0.048594
1403636698.81353,5.292626,-4.508842,-0.764516,-0.818320,-0.064266,-0.569704,0.040731
1403636698.86353,5.279238,-4.488435,-0.778277,-0.819480,-0.050591,-0.569850,0.034131
1403636698.91353,5.266542,-4.467959,-0.791576,-0.820021,-0.038113,-0.570474,0.025930
1403636698.96353,5.254274,-4.447504,-0.803131,-0.820804,-0.024878,-0.570353,0.018965
1403636699.01353,5.241750,-4.426771,-0.813202,-0.821015,-0.012350,-0.570645,0.012064
1403636699.06353,5.230381,-4.406105,-0.821617,-0.821031,0.000559,-0.570857,0.005440
1403636699.11353,5.218867,-4.385168,-0.826979,0.820488,-0.013804,0.571495,0.001210
1403636699.16353,5.207575,-4.364432,-0.831394,0.819800,-0.028939,0.571892,0.005448
1403636699.21353,5.196260,-4.344912,-0.834256,0.819562,-0.042971,0.571257,0.011753
1403636699.26353,5.185196,-4.326283,-0.835886,0.818905,-0.057977,0.570713,0.017881
1403636699.31353,5.174931,-4.308837,-0.835837,0.818793,-0.073269,0.568917,0.023306
1403636699.36353,5.168516,-4.292259,-0.831424,0.818131,-0.087095,0.567609,0.029947
1403636699.41353,5.158835,-4.275808,-0.828191,0.817277,-0.101456,0.566121,0.035674
1403636699.46353,5.149881,-4.260976,-0.824746,0.816364,-0.114261,0.564569,0.041895
1403636699.51353,5.141178,-4.248080,-0.822293,0.815043,-0.126027,0.563390,0.049126
1403636699.56353,5.132649,-4.235435,-0.820418,0.813386,-0.138355,0.562316,0.055342
1403636699.61353,5.123944,-4.224211,-0.820519,0.811511,-0.150202,0.561364,0.061316
1403636699.66353,5.115199,-4.214615,-0.822190,0.809242,-0.162198,0.560591,0.067499
1403636699.71353,5.106305,-4.206451,-0.824509,0.806583,-0.172840,0.560264,0.075199
1403636699.76353,5.097103,-4.199762,-0.828034,0.804579,-0.180238,0.559445,0.084779
1403636699.81353,5.087758,-4.194408,-0.832556,0.802405,-0.185546,0.559249,0.094661
1403636699.86353,5.078261,-4.190438,-0.838379,0.799868,-0.189756,0.560053,0.102689
1403636699.91353,5.069176,-4.187837,-0.844206,0.797424,-0.193616,0.561160,0.108290
1403636699.96353,5.060089,-4.185667,-0.850905,0.795233,-0.197247,0.562404,0.111356
1403636700.01353,5.050826,-4.184212,-0.858185,0.794092,-0.200321,0.562541,0.113305
1403636700.06352,5.041566,-4.183407,-0.866702,0.793309,-0.202293,0.562651,0.114728
1403636700.11352,5.033184,-4.184778,-0.875719,0.792510,-0.204018,0.563204,0.114477
1403636700.16352,5.023608,-4.185925,-0.886025,0.791928,-0.204774,0.563510,0.115647
1403636700.21353,5.014512,-4.187986,-0.897393,0.791675,-0.205171,0.563715,0.115674
1403636700.26353,5.005100,-4.191133,-0.909833,0.791629,-0.206167,0.563440,0.115556
1403636700.31353,4.995125,-4.195374,-0.923543,0.792003,-0.208648,0.561964,0.115728
1403636700.36353,4.985238,-4.200656,-0.938829,0.792060,-0.212843,0.560397,0.115302
1403636700.41353,4.973934,-4.206993,-0.955800,0.791404,-0.217756,0.559246,0.116217
1403636700.46353,4.968443,-4.217479,-0.971259,0.789669,-0.221238,0.559517,0.120074
1403636700.51353,4.957661,-4.225919,-0.989671,0.787317,-0.223769,0.560951,0.124071
1403636700.56353,4.946916,-4.235152,-1.008242,0.785159,-0.225716,0.562002,0.129346
1403636700.61353,4.935992,-4.245337,-1.027471,0.782365,-0.228440,0.563413,0.135223
1403636700.66353,4.924168,-4.255380,-1.047499,0.780211,-0.231688,0.563299,0.142429
1403636700.71353,4.912478,-4.265475,-1.067602,0.777954,-0.236127,0.563179,0.147852
1403636700.76353,4.900284,-4.275584,-1.086214,0.776107,-0.239397,0.562991,0.152930
1403636700.81353,4.888328,-4.285479,-1.103474,0.775397,-0.242402,0.561610,0.156825
1403636700.86353,4.877031,-4.296371,-1.119365,0.776107,-0.245529,0.558707,0.158806
1403636700.91353,4.865610,-4.306741,-1.132656,0.776913,-0.247938,0.556039,0.160477
1403636700.96353,4.854254,-4.316790,-1.144150,0.778552,-0.249876,0.552609,0.161372
1403636701.01353,4.843158,-4.326873,-1.153947,0.779989,-0.251519,0.549856,0.161288
1403636701.06353,4.834789,-4.338185,-1.161662,0.782715,-0.252510,0.545683,0.160707
1403636701.11353,4.824599,-4.348744,-1.167431,0.785511,-0.253452,0.541594,0.159406
1403636701.16353,4.815539,-4.359515,-1.170977,0.787035,-0.252461,0.539741,0.159747
1403636701.21353,4.807365,-4.371261,-1.171791,0.788919,-0.251634,0.537539,0.159181
1403636701.26353,4.799600,-4.383447,-1.170608,0.789557,-0.250806,0.537239,0.158335
1403636701.31353,4.793238,-4.396142,-1.167257,0.790805,-0.249453,0.536182,0.157828
1403636701.36353,4.786797,-4.409010,-1.162956,0.790651,-0.248675,0.537045,0.156889
1403636701.41353,4.780886,-4.422742,-1.158493,0.790243,-0.246482,0.538516,0.157361
1403636701.46353,4.775845,-4.436775,-1.153853,0.789115,-0.244323,0.541182,0.157247
1403636701.51353,4.771151,-4.451154,-1.148680,0.787042,-0.241896,0.545041,0.158055
1403636701.56353,4.766949,-4.465661,-1.144052,0.785155,-0.239520,0.548737,0.158268
1403636701.61353,4.762902,-4.480278,-1.140080,0.784203,-0.237301,0.551082,0.158189
1403636701.66353,4.758523,-4.494683,-1.136885,0.783450,-0.234698,0.553093,0.158779
1403636701.71353,4.754619,-4.509278,-1.134135,0.782441,-0.234386,0.554635,0.158836
1403636701.76353,4.750760,-4.523870,-1.131937,0.781718,-0.235815,0.554947,0.159193
1403636701.81353,4.746437,-4.538597,-1.131538,0.781087,-0.239346,0.554071,0.160066
1403636701.86353,4.741647,-4.553577,-1.132631,0.780031,-0.243548,0.552696,0.163596
1403636701.91353,4.736431,-4.568182,-1.135220,0.778691,-0.250155,0.550992,0.165745
1403636701.96353,4.731463,-4.582786,-1.139029,0.776429,-0.256851,0.549871,0.169789
1403636702.01353,4.726332,-4.597245,-1.143812,0.774140,-0.264731,0.548010,0.174100
1403636702.06353,4.720591,-4.611459,-1.149519,0.771048,-0.273460,0.546490,0.179037
1403636702.11353,4.714907,-4.625689,-1.156692,0.767290,-0.282928,0.545104,0.184607
1403636702.16353,4.708629,-4.640515,-1.165013,0.763177,-0.292404,0.543635,0.191108
1403636702.21353,4.702411,-4.655442,-1.174564,0.760016,-0.301050,0.541284,0.196864
1403636702.26353,4.696775,-4.670736,-1.186212,0.757836,-0.308326,0.538465,0.201681
1403636702.31353,4.690753,-4.686118,-1.199086,0.756884,-0.314532,0.534551,0.206039
1403636702.36353,4.685104,-4.701802,-1.213333,0.756284,-0.319259,0.530987,0.210147
1403636702.41353,4.679719,-4.717632,-1.228596,0.755967,-0.322282,0.527618,0.215101
1403636702.46353,4.675130,-4.733625,-1.245170,0.756074,-0.325775,0.523981,0.218325
1403636702.51353,4.671785,-4.749649,-1.262928,0.755920,-0.327724,0.521475,0.221913
1403636702.56353,4.670813,-4.765381,-1.283022,0.755766,-0.329390,0.519653,0.224235
1403636702.61353,4.668875,-4.781491,-1.303036,0.756321,-0.331054,0.517027,0.225974
1403636702.66353,4.667773,-4.797581,-1.324048,0.757260,-0.332151,0.514410,0.227189
1403636702.71353,4.667455,-4.813871,-1.346087,0.757863,-0.332343,0.512691,0.228781
1403636702.76353,4.668218,-4.830096,-1.369291,0.757998,-0.333422,0.511964,0.228389
1403636702.81353,4.669997,-4.846606,-1.393420,0.759383,-0.333121,0.509804,0.229059
1403636702.86353,4.672927,-4.863405,-1.417884,0.760167,-0.333145,0.508649,0.228991
1403636702.91353,4.676890,-4.880734,-1.441979,0.760743,-0.333601,0.507872,0.228139
1403636702.96353,4.681920,-4.898288,-1.464238,0.760701,-0.333154,0.508290,0.227998
1403636703.01353,4.687983,-4.916314,-1.484654,0.759348,-0.333811,0.510568,0.226454
1403636703.06353,4.694756,-4.934459,-1.502945,0.757880,-0.333660,0.513071,0.225938
1403636703.11353,4.701738,-4.952409,-1.519373,0.755186,-0.334870,0.517261,0.223602
1403636703.16354,4.710118,-4.970829,-1.532604,0.750794,-0.336075,0.523950,0.220992
1403636703.21354,4.718645,-4.989443,-1.543959,0.747805,-0.337633,0.528676,0.217470
1403636703.26354,4.727129,-5.008805,-1.554000,0.744222,-0.340137,0.533741,0.213449
1403636703.31354,4.734600,-5.027944,-1.562138,0.741260,-0.341928,0.538031,0.210098
1403636703.36354,4.741106,-5.047795,-1.568712,0.739874,-0.341574,0.540201,0.209993
1403636703.41354,4.746226,-5.068367,-1.573612,0.740080,-0.339271,0.540084,0.213276
1403636703.46354,4.750406,-5.089040,-1.576845,0.742209,-0.336087,0.537384,0.217692
1403636703.51354,4.753224,-5.109924,-1.578942,0.744965,-0.332467,0.533857,0.222462
1403636703.56354,4.755475,-5.130978,-1.579178,0.747011,-0.329790,0.531127,0.226089
1403636703.61354,4.758005,-5.151385,-1.577650,0.749274,-0.328771,0.528204,0.226933
1403636703.66354,4.760542,-5.171705,-1.574935,0.750709,-0.328229,0.526471,0.227001
1403636703.71354,4.762772,-5.192085,-1.572524,0.751586,-0.327871,0.525525,0.226810
1403636703.76354,4.765703,-5.211858,-1.570916,0.751039,-0.327626,0.526769,0.226089
1403636703.81354,4.768889,-5.231433,-1.570904,0.749924,-0.327830,0.528761,0.224840
1403636703.86354,4.772189,-5.250881,-1.572168,0.748399,-0.328180,0.531386,0.223218
1403636703.91354,4.775529,-5.270238,-1.574630,0.747111,-0.328433,0.533859,0.221251
1403636703.96354,4.778612,-5.289336,-1.578227,0.746591,-0.328234,0.534999,0.220545
1403636704.01355,4.781451,-5.308242,-1.582866,0.745909,-0.328744,0.536569,0.218266
1403636704.06354,4.783888,-5.327601,-1.588720,0.745533,-0.328757,0.537732,0.216667
1403636704.11354,4.785701,-5.346885,-1.595915,0.746668,-0.328623,0.536683,0.215557
1403636704.16354,4.787151,-5.366515,-1.604128,0.748702,-0.328117,0.534363,0.215036
1403636704.21354,4.788573,-5.386408,-1.613444,0.751293,-0.327413,0.531209,0.214886
1403636704.26354,4.790067,-5.406827,-1.623124,0.753750,-0.326781,0.528063,0.215001
1403636704.31354,4.791520,-5.428200,-1.631737,0.755669,-0.325612,0.525705,0.215815
1403636704.36354,4.793684,-5.449128,-1.638518,0.757371,-0.324484,0.523543,0.216798
1403636704.41354,4.796501,-5.470511,-1.643450,0.758378,-0.324454,0.522418,0.216038
1403636704.46354,4.799406,-5.491689,-1.646055,0.760125,-0.323464,0.520141,0.216874
1403636704.51354,4.803125,-5.513068,-1.646856,0.761901,-0.322635,0.517745,0.217607
1403636704.56354,4.807788,-5.534777,-1.645820,0.763230,-0.322904,0.515862,0.217024
1403636704.61354,4.813319,-5.557037,-1.644461,0.764576,-0.322608,0.514092,0.216928
1403636704.66354,4.819952,-5.579858,-1.643998,0.765626,-0.322574,0.512536,0.216956
1403636704.71354,4.827445,-5.602871,-1.645327,0.768376,-0.322216,0.508656,0.216899
1403636704.76354,4.835961,-5.626448,-1.648447,0.770164,-0.321744,0.506343,0.216666
1403636704.81354,4.845796,-5.651076,-1.653511,0.772084,-0.322321,0.503741,0.215035
1403636704.86354,4.857136,-5.676197,-1.660131,0.774113,-0.322796,0.501028,0.213362
1403636704.91355,4.870095,-5.702060,-1.667963,0.775773,-0.323002,0.499091,0.211554
1403636704.96355,4.884612,-5.728789,-1.676975,0.777565,-0.322783,0.496715,0.210897
1403636705.01354,4.900570,-5.756462,-1.687128,0.778881,-0.322266,0.495085,0.210666
1403636705.06354,4.918547,-5.784869,-1.697235,0.779600,-0.320823,0.494406,0.211799
1403636705.11354,4.938850,-5.814812,-1.707649,0.777311,-0.319327,0.498313,0.213312
1403636705.16354,4.960942,-5.845402,-1.717336,0.773099,-0.316770,0.505139,0.216354
1403636705.21354,4.984963,-5.876406,-1.725951,0.768714,-0.313780,0.512066,0.220022
1403636705.26355,5.010165,-5.907864,-1.733021,0.765304,-0.311172,0.517462,0.222969
1403636705.31355,5.036199,-5.938927,-1.738492,0.762955,-0.309929,0.521056,0.224377
1403636705.36355,5.062874,-5.969576,-1.743034,0.761294,-0.309242,0.523585,0.225077
1403636705.41355,5.090453,-5.999823,-1.746733,0.762211,-0.309654,0.522288,0.224417
1403636705.46355,5.118808,-6.029620,-1.749943,0.763220,-0.310779,0.520633,0.223277
1403636705.51355,5.147973,-6.059237,-1.753859,0.765132,-0.312127,0.517559,0.221996
1403636705.56355,5.177843,-6.088739,-1.758889,0.767073,-0.312656,0.514629,0.221366
1403636705.61355,5.208480,-6.118170,-1.764947,0.767655,-0.313587,0.513593,0.220436
1403636705.66355,5.240114,-6.148044,-1.773038,0.768338,-0.314122,0.512252,0.220414
1403636705.71355,5.272840,-6.178489,-1.781867,0.767080,-0.314085,0.513988,0.220807
1403636705.76355,5.306520,-6.209430,-1.791723,0.765327,-0.314335,0.516416,0.220868
1403636705.81355,5.340939,-6.240260,-1.801335,0.763073,-0.314878,0.519824,0.219896
1403636705.86355,5.376109,-6.270356,-1.809410,0.760313,-0.315061,0.523947,0.219408
1403636705.91355,5.411350,-6.301315,-1.815878,0.757109,-0.316647,0.528641,0.216934
1403636705.96355,5.446680,-6.331743,-1.820155,0.754135,-0.318331,0.533079,0.213945
1403636706.01355,5.481300,-6.362149,-1.822162,0.751083,-0.321096,0.537748,0.208801
1403636706.06355,5.515050,-6.391882,-1.822538,0.748640,-0.324025,0.541496,0.203292
1403636706.11355,5.547898,-6.422848,-1.821621,0.745919,-0.325919,0.545481,0.199579
1403636706.16355,5.579567,-6.454410,-1.821907,0.745696,-0.323715,0.546365,0.201572
1403636706.21355,5.609922,-6.486139,-1.823782,0.746979,-0.319509,0.545252,0.206489
1403636706.26355,5.639297,-6.518674,-1.828493,0.748967,-0.316121,0.543020,0.210345
1403636706.31355,5.668362,-6.551066,-1.835289,0.751625,-0.311629,0.539856,0.215645
1403636706.36355,5.696601,-6.583074,-1.844098,0.754372,-0.308687,0.536443,0.218777
1403636706.41355,5.724635,-6.614952,-1.854169,0.756717,-0.306156,0.533448,0.221545
1403636706.46355,5.752782,-6.646521,-1.864595,0.759051,-0.304465,0.530438,0.223110
1403636706.51355,5.781450,-6.678200,-1.873695,0.760537,-0.303248,0.528474,0.224365
1403636706.56355,5.810163,-6.709014,-1.881293,0.761807,-0.302992,0.526459,0.225138
1403636706.61355,5.839265,-6.739744,-1.887051,0.762407,-0.302978,0.525755,0.224772
1403636706.66355,5.869575,-6.770804,-1.891911,0.763186,-0.303199,0.524345,0.225122
1403636706.71355,5.900836,-6.801618,-1.894781,0.764447,-0.303716,0.522392,0.224687
1403636706.76355,5.932625,-6.831441,-1.895163,0.765476,-0.305545,0.520574,0.222918
1403636706.81355,5.964514,-6.862203,-1.895666,0.766911,-0.306466,0.518008,0.222695
1403636706.86355,5.997394,-6.891479,-1.894404,0.767629,-0.307709,0.516263,0.222561
1403636706.91355,6.030829,-6.920227,-1.891652,0.767457,-0.309185,0.515862,0.222038
1403636706.96355,6.065729,-6.951670,-1.889729,0.767059,-0.309913,0.515586,0.223037
1403636707.01355,6.101864,-6.980915,-1.885424,0.765158,-0.310523,0.517599,0.224052
1403636707.06355,6.138484,-7.009735,-1.880671,0.763422,-0.310468,0.519320,0.226061
1403636707.11355,6.175940,-7.038731,-1.876011,0.761663,-0.311111,0.520951,0.227354
1403636707.16355,6.212441,-7.065912,-1.871666,0.760998,-0.312164,0.520893,0.228266
1403636707.21355,6.250319,-7.093883,-1.867091,0.760696,-0.313584,0.520035,0.229284
1403636707.26355,6.288762,-7.121839,-1.861216,0.760458,-0.314663,0.519247,0.230375
1403636707.31355,6.328288,-7.149655,-1.853415,0.760793,-0.315351,0.517696,0.231816
1403636707.36355,6.368510,-7.177281,-1.843742,0.760843,-0.316376,0.516757,0.232351
1403636707.41355,6.409507,-7.204466,-1.832062,0.760914,-0.317458,0.515997,0.232330
1403636707.46355,6.452295,-7.231789,-1.818187,0.761349,-0.317630,0.514959,0.232972
1403636707.51355,6.495661,-7.258421,-1.802500,0.761080,-0.318815,0.515013,0.232110
1403636707.56355,6.539332,-7.284559,-1.785234,0.760699,-0.320054,0.515279,0.231064
1403636707.61355,6.583401,-7.310129,-1.769048,0.760839,-0.321914,0.514821,0.229028
1403636707.66355,6.628169,-7.335773,-1.754584,0.760101,-0.326157,0.515881,0.223012
1403636707.71355,6.672559,-7.361098,-1.743143,0.759612,-0.328488,0.516666,0.219409
1403636707.76355,6.717965,-7.387783,-1.734849,0.759385,-0.330511,0.517167,0.215950
1403636707.81355,6.763700,-7.415247,-1.729431,0.758526,-0.331282,0.518437,0.214740
1403636707.86355,6.809548,-7.443082,-1.726614,0.757748,-0.330964,0.520086,0.213989
1403636707.91355,6.854857,-7.471034,-1.726792,0.756732,-0.330195,0.522205,0.213609
1403636707.96355,6.900702,-7.499623,-1.729574,0.756447,-0.328477,0.523454,0.214211
1403636708.01355,6.946384,-7.528825,-1.734786,0.756333,-0.326341,0.524558,0.215177
1403636708.06355,6.989973,-7.556205,-1.742668,0.756456,-0.323732,0.525384,0.216663
1403636708.11355,7.034979,-7.585520,-1.751100,0.756305,-0.320842,0.526715,0.218254
1403636708.16355,7.079370,-7.613992,-1.760937,0.756203,-0.318242,0.527809,0.219766
1403636708.21355,7.123773,-7.642716,-1.772319,0.755520,-0.317564,0.529645,0.218676
1403636708.26355,7.167773,-7.670756,-1.784982,0.754117,-0.318231,0.532224,0.216273
1403636708.31355,7.211620,-7.699502,-1.798488,0.751481,-0.320520,0.536354,0.211822
1403636708.36355,7.254089,-7.728086,-1.812313,0.748596,-0.324310,0.540589,0.205403
1403636708.41355,7.296486,-7.757996,-1.824833,0.746202,-0.327105,0.543975,0.200689
1403636708.46355,7.338545,-7.788978,-1.835919,0.744259,-0.329047,0.546716,0.197253
1403636708.51355,7.379543,-7.821329,-1.844595,0.743146,-0.329753,0.548184,0.196194
1403636708.56355,7.419033,-7.854979,-1.851366,0.742446,-0.328836,0.549283,0.197303
1403636708.61355,7.455505,-7.888890,-1.856936,0.742703,-0.326296,0.548827,0.201773
1403636708.66355,7.490241,-7.923277,-1.862887,0.744494,-0.322709,0.546275,0.207775
1403636708.71355,7.524434,-7.957572,-1.869438,0.745203,-0.318273,0.544944,0.215431
1403636708.76355,7.557493,-7.989934,-1.877453,0.746574,-0.314166,0.542575,0.222574
1403636708.81355,7.589625,-8.022390,-1.886286,0.746677,-0.310272,0.541714,0.229676
1403636708.86355,7.621877,-8.053713,-1.896508,0.747074,-0.309419,0.540198,0.233081
1403636708.91355,7.653460,-8.083789,-1.906152,0.745892,-0.308903,0.540562,0.236680
1403636708.96355,7.684333,-8.112251,-1.914876,0.744955,-0.308865,0.540377,0.240077
1403636709.01355,7.714888,-8.138939,-1.921470,0.742887,-0.309601,0.542156,0.241524
1403636709.06355,7.745207,-8.164318,-1.926250,0.741649,-0.308940,0.542413,0.245562
1403636709.11355,7.775260,-8.187991,-1.929635,0.740347,-0.310246,0.543009,0.246526
1403636709.16355,7.804791,-8.209779,-1.931137,0.740589,-0.311201,0.541428,0.248068
1403636709.21355,7.833528,-8.229333,-1.930698,0.741588,-0.313553,0.538991,0.247427
1403636709.26355,7.861764,-8.247167,-1.928737,0.743560,-0.314659,0.535475,0.247740
1403636709.31355,7.890272,-8.263319,-1.925456,0.745223,-0.316253,0.532683,0.246731
1403636709.36355,7.917777,-8.277301,-1.922253,0.746793,-0.317612,0.530255,0.245465
1403636709.41355,7.946472,-8.290767,-1.920071,0.748094,-0.317074,0.528029,0.246993
1403636709.46355,7.975879,-8.303240,-1.919874,0.748349,-0.317766,0.527710,0.246009
1403636709.51355,8.005069,-8.313734,-1.921033,0.749302,-0.317251,0.526255,0.246890
1403636709.56355,8.034917,-8.323425,-1.924212,0.749897,-0.317572,0.525543,0.246186
1403636709.61355,8.066069,-8.333269,-1.929087,0.750940,-0.317733,0.524117,0.245837
1403636709.66355,8.098206,-8.342772,-1.934932,0.751646,-0.317612,0.523393,0.245379
1403636709.71355,8.130976,-8.351678,-1.941350,0.752303,-0.316836,0.522935,0.245348
1403636709.76355,8.164425,-8.359315,-1.948002,0.752659,-0.316842,0.523163,0.243755
1403636709.81355,8.198336,-8.365906,-1.954114,0.752982,-0.315404,0.523327,0.244267
1403636709.86355,8.233065,-8.371674,-1.958860,0.752857,-0.315442,0.524142,0.242852
1403636709.91355,8.267281,-8.376267,-1.961720,0.752967,-0.314297,0.524459,0.243312
1403636709.96355,8.302184,-8.379931,-1.962643,0.752911,-0.313218,0.525222,0.243230
1403636710.01356,8.338188,-8.382837,-1.961891,0.752980,-0.312942,0.525817,0.242082
1403636710.06356,8.374162,-8.384392,-1.959695,0.752971,-0.312031,0.526474,0.241862
1403636710.11356,8.411679,-8.386426,-1.958098,0.752917,-0.310898,0.527399,0.241474
1403636710.16356,8.448963,-8.386825,-1.958318,0.753172,-0.309657,0.527849,0.241288
1403636710.21356,8.486799,-8.386302,-1.960792,0.753344,-0.308343,0.528576,0.240841
1403636710.26356,8.525102,-8.384864,-1.965875,0.753188,-0.308081,0.529938,0.238661
1403636710.31356,8.563439,-8.382055,-1.973259,0.751656,-0.309988,0.533431,0.233179
1403636710.36356,8.602322,-8.378461,-1.982174,0.750517,-0.312657,0.536751,0.225540
1403636710.41356,8.641509,-8.374413,-1.992283,0.750005,-0.313621,0.540023,0.217967
1403636710.46356,8.680197,-8.369660,-2.003445,0.750500,-0.313355,0.542592,0.210123
1403636710.51356,8.718705,-8.365252,-2.015350,0.751204,-0.311757,0.545501,0.202309
1403636710.56356,8.756104,-8.361338,-2.028059,0.752407,-0.308776,0.547853,0.195955
1403636710.61356,8.792273,-8.357754,-2.041862,0.753533,-0.304941,0.550226,0.190917
1403636710.66356,8.826492,-8.354838,-2.056810,0.755393,-0.299652,0.552238,0.186072
1403636710.71356,8.859886,-8.352694,-2.072114,0.757505,-0.292638,0.554189,0.182820
1403636710.76356,8.892557,-8.350752,-2.086719,0.759867,-0.284879,0.556180,0.179192
1403636710.81355,8.924791,-8.349444,-2.099693,0.763155,-0.274021,0.557278,0.178741
1403636710.86355,8.955171,-8.347949,-2.111022,0.767210,-0.262879,0.557446,0.177588
1403636710.91356,8.985151,-8.346140,-2.121285,0.771154,-0.252046,0.557508,0.176008
1403636710.96356,9.014508,-8.344434,-2.129936,0.774167,-0.241950,0.558166,0.174862
1403636711.01355,9.043670,-8.342503,-2.136863,0.778332,-0.231485,0.556538,0.175728
1403636711.06356,9.072765,-8.340156,-2.142402,0.780138,-0.224855,0.557367,0.173686
1403636711.11356,9.101425,-8.337174,-2.146916,0.782018,-0.217953,0.557368,0.174028
1403636711.16356,9.129729,-8.333278,-2.150404,0.782726,-0.213136,0.558383,0.173556
1403636711.21356,9.158049,-8.328628,-2.154871,0.783293,-0.209457,0.559130,0.173070
1403636711.26356,9.185789,-8.322411,-2.158001,0.783648,-0.207024,0.559726,0.172462
1403636711.31356,9.213535,-8.315442,-2.159418,0.783047,-0.206660,0.561569,0.169615
1403636711.36356,9.240564,-8.306439,-2.160993,0.782117,-0.207088,0.563410,0.167264
1403636711.41356,9.268075,-8.296830,-2.159873,0.778877,-0.207557,0.568184,0.165644
1403636711.46356,9.295039,-8.286615,-2.157930,0.774298,-0.207793,0.574499,0.165032
1403636711.51356,9.319919,-8.275127,-2.155246,0.770215,-0.207788,0.579811,0.165566
1403636711.56356,9.344588,-8.262772,-2.151879,0.767152,-0.206607,0.583358,0.168771
1403636711.61356,9.368036,-8.248968,-2.148529,0.765333,-0.205885,0.585203,0.171508
1403636711.66356,9.390383,-8.233557,-2.145481,0.764522,-0.205562,0.585658,0.173938
1403636711.71356,9.410650,-8.216631,-2.141926,0.765103,-0.205379,0.584176,0.176565
1403636711.76356,9.429290,-8.197862,-2.138102,0.765412,-0.206572,0.583206,0.177043
1403636711.81356,9.445695,-8.176922,-2.134377,0.766367,-0.209092,0.581552,0.175381
1403636711.86356,9.461143,-8.154869,-2.130196,0.767857,-0.212738,0.579355,0.171712
1403636711.91356,9.475167,-8.131419,-2.125067,0.769435,-0.217449,0.577026,0.166514
1403636711.96356,9.486643,-8.106875,-2.118983,0.770765,-0.222110,0.574965,0.161253
1403636712.01356,9.497491,-8.081655,-2.111652,0.771402,-0.226896,0.573787,0.155645
1403636712.06356,9.506543,-8.056214,-2.103641,0.771616,-0.231114,0.573200,0.150456
1403636712.11356,9.515332,-8.031287,-2.093554,0.771060,-0.233431,0.573744,0.147632
1403636712.16356,9.522909,-8.006780,-2.082310,0.770497,-0.233940,0.574636,0.146290
1403636712.21356,9.528982,-7.982549,-2.069944,0.771693,-0.229364,0.574324,0.148436
1403636712.26356,9.533859,-7.958247,-2.056157,0.773611,-0.222227,0.573950,0.150739
1403636712.31356,9.538036,-7.933480,-2.040687,0.775058,-0.213549,0.574847,0.152423
1403636712.36356,9.541205,-7.908290,-2.024207,0.777044,-0.204366,0.575302,0.153186
1403636712.41356,9.542839,-7.881885,-2.005991,0.778369,-0.196686,0.576298,0.152761
1403636712.46356,9.544251,-7.855180,-1.987454,0.779144,-0.189298,0.577901,0.152092
1403636712.51356,9.544568,-7.827570,-1.967769,0.780035,-0.183001,0.579233,0.150150
1403636712.56356,9.544558,-7.798703,-1.947480,0.780502,-0.178200,0.580821,0.147340
1403636712.61356,9.543858,-7.768671,-1.927839,0.779726,-0.174063,0.583964,0.143928
1403636712.66356,9.541728,-7.737632,-1.910037,0.778249,-0.171191,0.587811,0.139645
1403636712.71356,9.538636,-7.705964,-1.893629,0.776922,-0.168780,0.591113,0.135979
1403636712.76356,9.534652,-7.673976,-1.878896,0.776679,-0.166592,0.592830,0.132545
1403636712.81356,9.529161,-7.641461,-1.866030,0.777406,-0.165103,0.592884,0.129883
1403636712.86356,9.522026,-7.608310,-1.854816,0.779059,-0.164147,0.591417,0.127860
1403636712.91356,9.513320,-7.575097,-1.844453,0.780744,-0.163453,0.589710,0.126350
1403636712.96356,9.502856,-7.541496,-1.835811,0.782877,-0.162749,0.587176,0.125864
1403636713.01356,9.490917,-7.508124,-1.827979,0.784316,-0.161505,0.585340,0.127049
1403636713.06356,9.478580,-7.473737,-1.819002,0.784070,-0.161827,0.585832,0.125886
1403636713.11356,9.464355,-7.437809,-1.808914,0.783898,-0.162233,0.586438,0.123591
1403636713.16356,9.449316,-7.401611,-1.797235,0.784725,-0.162302,0.585656,0.121950
1403636713.21356,9.433225,-7.365504,-1.783850,0.785591,-0.163093,0.584582,0.120467
1403636713.26356,9.416470,-7.329275,-1.768352,0.787134,-0.163623,0.582592,0.119307
1403636713.31356,9.399461,-7.293326,-1.750847,0.787936,-0.163665,0.581440,0.119575
1403636713.36356,9.382045,-7.257325,-1.731645,0.789211,-0.164150,0.579649,0.119194
1403636713.41356,9.364789,-7.221546,-1.710625,0.789242,-0.165675,0.579535,0.117424
1403636713.46356,9.346730,-7.186173,-1.688850,0.789511,-0.167031,0.579024,0.116208
1403636713.51356,9.327090,-7.150913,-1.666176,0.789826,-0.168732,0.578464,0.114386
1403636713.56356,9.306885,-7.115918,-1.643598,0.789594,-0.170685,0.578580,0.112488
1403636713.61356,9.285862,-7.081742,-1.622096,0.790369,-0.173744,0.577148,0.109677
1403636713.66356,9.264400,-7.047670,-1.602292,0.791013,-0.176285,0.575907,0.107486
1403636713.71356,9.242341,-7.014183,-1.583901,0.791216,-0.178958,0.575236,0.105142
1403636713.76356,9.219633,-6.981681,-1.566698,0.791343,-0.181668,0.574565,0.103192
1403636713.81356,9.195044,-6.950536,-1.552194,0.791524,-0.183466,0.573995,0.101783
1403636713.86356,9.171169,-6.920029,-1.538255,0.791413,-0.184457,0.573751,0.102227
1403636713.91356,9.146672,-6.890753,-1.525535,0.791778,-0.184274,0.572906,0.104447
1403636713.96356,9.121592,-6.862484,-1.514193,0.792142,-0.183721,0.572130,0.106882
1403636714.01356,9.095894,-6.835040,-1.504801,0.792781,-0.183835,0.570847,0.108796
1403636714.06356,9.069767,-6.808363,-1.496362,0.792721,-0.181862,0.570563,0.113917
1403636714.11356,9.043485,-6.782171,-1.489803,0.792841,-0.182241,0.569940,0.115584
1403636714.16356,9.016956,-6.756426,-1.484025,0.792740,-0.182339,0.569629,0.117636
1403636714.21356,8.990136,-6.730600,-1.479548,0.791657,-0.183087,0.570701,0.118571
1403636714.26356,8.963182,-6.705615,-1.475763,0.790553,-0.185179,0.571816,0.117310
1403636714.31356,8.935793,-6.680925,-1.473224,0.789897,-0.187300,0.572288,0.116050
1403636714.36356,8.907666,-6.656854,-1.471821,0.790210,-0.188675,0.571442,0.115863
1403636714.41356,8.879123,-6.633552,-1.472113,0.792175,-0.189529,0.568391,0.116060
1403636714.46357,8.851175,-6.610724,-1.472683,0.794977,-0.189430,0.564748,0.114836
1403636714.51357,8.823249,-6.588527,-1.473932,0.798031,-0.188026,0.561306,0.112823
1403636714.56357,8.795589,-6.566760,-1.476194,0.800907,-0.185943,0.558663,0.108940
1403636714.61357,8.768609,-6.546003,-1.479440,0.803942,-0.181694,0.556454,0.104996
1403636714.66357,8.742751,-6.526450,-1.482252,0.806597,-0.175343,0.555281,0.101579
1403636714.71357,8.717468,-6.507956,-1.484068,0.809208,-0.167864,0.554647,0.096800
1403636714.76357,8.692851,-6.490416,-1.484133,0.811806,-0.158528,0.554396,0.092117
1403636714.81357,8.669076,-6.473868,-1.481925,0.813921,-0.146904,0.555159,0.088035
1403636714.86357,8.645766,-6.457854,-1.477684,0.815756,-0.134271,0.556295,0.083965
1403636714.91357,8.623637,-6.442981,-1.471574,0.817765,-0.121961,0.556954,0.078665
1403636714.96357,8.602612,-6.428420,-1.463302,0.819894,-0.110417,0.557108,0.072198
1403636715.01357,8.583009,-6.414523,-1.451637,0.821497,-0.099842,0.557418,0.066776
1403636715.06357,8.563999,-6.400912,-1.439748,0.822962,-0.090259,0.557484,0.061625
1403636715.11357,8.545561,-6.387604,-1.426535,0.824552,-0.081372,0.556846,0.058437
1403636715.16357,8.528443,-6.374634,-1.412358,0.825458,-0.075185,0.556822,0.053996
1403636715.21357,8.512640,-6.361675,-1.397903,0.826033,-0.069620,0.556926,0.051537
1403636715.26357,8.498135,-6.348882,-1.384582,0.825789,-0.065955,0.558028,0.048232
1403636715.31357,8.484817,-6.336366,-1.373052,0.824785,-0.063783,0.560050,0.044793
1403636715.36357,8.472872,-6.323956,-1.362905,0.823989,-0.061803,0.561602,0.042735
1403636715.41357,8.461985,-6.312233,-1.354693,0.821841,-0.062347,0.564982,0.038539
1403636715.46357,8.451875,-6.300626,-1.348707,0.819742,-0.063318,0.568137,0.035121
1403636715.51357,8.442138,-6.289488,-1.345020,0.817573,-0.066229,0.571239,0.029565
1403636715.56357,8.432462,-6.279142,-1.343495,0.815688,-0.070660,0.573714,0.022629
1403636715.61357,8.423501,-6.269168,-1.342346,0.815197,-0.072534,0.574276,0.019998
1403636715.66357,8.414163,-6.260857,-1.343022,0.812776,-0.072335,0.577679,0.021193
1403636715.71357,8.404461,-6.254770,-1.344461,0.809279,-0.069984,0.582667,0.025853
1403636715.76357,8.394381,-6.249526,-1.346296,0.806277,-0.067546,0.586843,0.031133
1403636715.81357,8.383771,-6.244699,-1.347708,0.803547,-0.065690,0.590516,0.035886
1403636715.86357,8.373416,-6.240174,-1.347206,0.800953,-0.064538,0.593959,0.039012
1403636715.91357,8.361497,-6.235703,-1.344754,0.798500,-0.063000,0.597129,0.043181
1403636715.96357,8.348142,-6.230934,-1.341425,0.796785,-0.063362,0.599245,0.044997
1403636716.01357,8.333381,-6.226405,-1.336811,0.795926,-0.063927,0.600247,0.046031
1403636716.06358,8.317507,-6.221380,-1.331680,0.796125,-0.064894,0.599802,0.047018
1403636716.11358,8.300107,-6.216115,-1.325376,0.796736,-0.067150,0.598817,0.046061
1403636716.16358,8.281242,-6.210754,-1.318259,0.799591,-0.069530,0.594785,0.045289
1403636716.21358,8.260347,-6.204712,-1.310428,0.803228,-0.072449,0.589600,0.044142
1403636716.26358,8.239226,-6.198481,-1.302542,0.805427,-0.074477,0.586291,0.044761
1403636716.31358,8.217864,-6.193271,-1.296156,0.807486,-0.076325,0.583178,0.045219
1403636716.36358,8.196180,-6.188421,-1.291557,0.808899,-0.078217,0.580927,0.045698
1403636716.41358,8.174406,-6.183792,-1.288436,0.809069,-0.079580,0.580446,0.046436
1403636716.46358,8.152372,-6.179376,-1.287314,0.809605,-0.080472,0.579486,0.047536
1403636716.51358,8.130504,-6.175108,-1.287618,0.809284,-0.081560,0.579703,0.048496
1403636716.56357,8.108469,-6.170772,-1.289378,0.808992,-0.080160,0.580158,0.050226
1403636716.61357,8.086035,-6.165884,-1.292735,0.809241,-0.078130,0.580071,0.050421
1403636716.66357,8.063785,-6.161267,-1.296588,0.809197,-0.075091,0.580654,0.049019
1403636716.71357,8.040967,-6.156504,-1.301831,0.809589,-0.070940,0.580816,0.046762
1403636716.76357,8.017931,-6.151548,-1.308458,0.809616,-0.066650,0.581554,0.043297
1403636716.81357,7.995574,-6.147792,-1.315773,0.810098,-0.060913,0.581823,0.038888
1403636716.86357,7.971920,-6.142315,-1.323049,0.810777,-0.054501,0.581842,0.033624
1403636716.91357,7.948310,-6.136823,-1.329054,0.811391,-0.046815,0.581975,0.027511
1403636716.96357,7.924539,-6.131145,-1.333216,0.812639,-0.037148,0.581187,0.021438
1403636717.01357,7.900555,-6.125570,-1.335379,0.812842,-0.027529,0.581644,0.014823
1403636717.06356,7.876346,-6.120101,-1.335827,0.813606,-0.017289,0.581101,0.008311
1403636717.11356,7.852470,-6.114960,-1.334628,0.813794,-0.007527,0.581101,0.002063
1403636717.16356,7.828613,-6.110122,-1.331841,-0.813964,-0.001133,-0.580910,0.002213
1403636717.21357,7.804892,-6.105796,-1.327845,-0.814128,-0.008742,-0.580588,0.006095
1403636717.26357,7.780897,-6.101673,-1.323741,-0.814119,-0.016319,-0.580422,0.007411
1403636717.31357,7.756647,-6.097601,-1.319476,-0.814329,-0.023852,-0.579877,0.006498
1403636717.36357,7.732315,-6.093202,-1.314632,-0.813818,-0.031433,-0.580258,0.003517
1403636717.41357,7.710000,-6.089308,-1.308837,-0.813389,-0.037684,-0.580497,0.000879
1403636717.46357,7.685859,-6.083245,-1.305655,0.813003,0.041795,0.580758,0.000262
1403636717.51357,7.661649,-6.075865,-1.304008,-0.813093,-0.043621,-0.580497,0.000160
1403636717.56357,7.637410,-6.067069,-1.303472,-0.812810,-0.043398,-0.580904,0.002720
1403636717.61357,7.612182,-6.057175,-1.305271,-0.813180,-0.041786,-0.580475,0.006335
1403636717.66357,7.587713,-6.046530,-1.308808,-0.812776,-0.040876,-0.581089,0.007782
1403636717.71357,7.563201,-6.034854,-1.314016,-0.812449,-0.039763,-0.581603,0.009126
1403636717.76357,7.538214,-6.022251,-1.320274,-0.812715,-0.042234,-0.581087,0.007011
1403636717.81357,7.511686,-6.008103,-1.326988,-0.812868,-0.044581,-0.580693,0.007329
1403636717.86358,7.486182,-5.992933,-1.332080,-0.813046,-0.048864,-0.580092,0.007818
1403636717.91357,7.460691,-5.976149,-1.335330,-0.812941,-0.054037,-0.579755,0.009551
1403636717.96357,7.434825,-5.957806,-1.336807,-0.812494,-0.060070,-0.579749,0.011648
1403636718.01358,7.409618,-5.937494,-1.335193,-0.812028,-0.066604,-0.579586,0.015919
1403636718.06358,7.383823,-5.915824,-1.332748,-0.811782,-0.073237,-0.578955,0.021376
1403636718.11357,7.357591,-5.893004,-1.328960,-0.811163,-0.078997,-0.578668,0.030282
1403636718.16357,7.331509,-5.869167,-1.325340,-0.810948,-0.084770,-0.577605,0.039375
1403636718.21357,7.305471,-5.844943,-1.322909,-0.810559,-0.089952,-0.576740,0.047675
1403636718.26357,7.279128,-5.820340,-1.322741,-0.810439,-0.094630,-0.575529,0.054766
1403636718.31357,7.252733,-5.795380,-1.324783,-0.810423,-0.098511,-0.574202,0.061667
1403636718.36357,7.225797,-5.770041,-1.328019,-0.809935,-0.103502,-0.573321,0.067795
1403636718.41357,7.199804,-5.744904,-1.332357,-0.809919,-0.108460,-0.571624,0.074257
1403636718.46357,7.173838,-5.718788,-1.338513,-0.809347,-0.112972,-0.570521,0.081851
1403636718.51357,7.148261,-5.692948,-1.345706,-0.808394,-0.118730,-0.569720,0.088439
1403636718.56357,7.123763,-5.667683,-1.353756,-0.807847,-0.122603,-0.568524,0.095560
1403636718.61357,7.098519,-5.640227,-1.365665,-0.807653,-0.125929,-0.566920,0.102182
1403636718.66357,7.074726,-5.615234,-1.376687,-0.807635,-0.127397,-0.565122,0.110150
1403636718.71357,7.051614,-5.591083,-1.388783,-0.807909,-0.129358,-0.563030,0.116395
1403636718.76357,7.029412,-5.568227,-1.401559,-0.807176,-0.132166,-0.562619,0.120246
1403636718.81357,7.008145,-5.546774,-1.415191,-0.806653,-0.136971,-0.562310,0.119825
1403636718.86357,6.987591,-5.526234,-1.428151,-0.805763,-0.142807,-0.562767,0.116812
1403636718.91357,6.967854,-5.506500,-1.439700,-0.804624,-0.147641,-0.563710,0.114082
1403636718.96357,6.948032,-5.487325,-1.449520,-0.803309,-0.151871,-0.565045,0.111146
1403636719.01357,6.929008,-5.468226,-1.457092,-0.802360,-0.154971,-0.565921,0.109249
1403636719.06357,6.909541,-5.449245,-1.462502,-0.800889,-0.156648,-0.567648,0.108695
1403636719.11357,6.889721,-5.430389,-1.465743,-0.799184,-0.157807,-0.569849,0.108048
1403636719.16357,6.869962,-5.410910,-1.467009,-0.797159,-0.157674,-0.572583,0.108746
1403636719.21357,6.845280,-5.391375,-1.467534,-0.795234,-0.156945,-0.575287,0.109619
1403636719.26357,6.823331,-5.372982,-1.468010,-0.793382,-0.156078,-0.577957,0.110226
1403636719.31357,6.802516,-5.354555,-1.470148,-0.792276,-0.153780,-0.579640,0.112550
1403636719.36357,6.781013,-5.336440,-1.474206,-0.790932,-0.152672,-0.581668,0.113052
1403636719.41357,6.758609,-5.318758,-1.480229,-0.790283,-0.151321,-0.582749,0.113833
1403636719.46357,6.735581,-5.301712,-1.488074,-0.790024,-0.149743,-0.583360,0.114583
1403636719.51357,6.711823,-5.285367,-1.497289,-0.790239,-0.148354,-0.583341,0.115005
1403636719.56357,6.687119,-5.268997,-1.508287,-0.792098,-0.147543,-0.581143,0.114388
1403636719.61357,6.661938,-5.253854,-1.518277,-0.793947,-0.145819,-0.578898,0.115158
1403636719.66357,6.636529,-5.238661,-1.526488,-0.796235,-0.145298,-0.576192,0.113583
1403636719.71357,6.610650,-5.224507,-1.532365,-0.798558,-0.144142,-0.573458,0.112576
1403636719.76357,6.584091,-5.210732,-1.536300,-0.800225,-0.142770,-0.571663,0.111614
1403636719.81357,6.556658,-5.198461,-1.535977,-0.801757,-0.141293,-0.570026,0.110872
1403636719.86357,6.530517,-5.185554,-1.535553,-0.802343,-0.139754,-0.569697,0.110273
1403636719.91357,6.504535,-5.173284,-1.533966,-0.802968,-0.138225,-0.569279,0.109804
1403636719.96357,6.478771,-5.161302,-1.532683,-0.804180,-0.137082,-0.567939,0.109305
1403636720.01357,6.453069,-5.149504,-1.532552,-0.804518,-0.136378,-0.567900,0.107895
1403636720.06357,6.428009,-5.138173,-1.533813,-0.804978,-0.135688,-0.567409,0.107915
1403636720.11357,6.403613,-5.127231,-1.536588,-0.805240,-0.135512,-0.567234,0.107103
1403636720.16357,6.379352,-5.116646,-1.541352,-0.805942,-0.135321,-0.566359,0.106687
1403636720.21357,6.355577,-5.106269,-1.547370,-0.806077,-0.134807,-0.566165,0.107349
1403636720.26357,6.332219,-5.096251,-1.554159,-0.805966,-0.134699,-0.566307,0.107572
1403636720.31357,6.309320,-5.086587,-1.561835,-0.805937,-0.134273,-0.566311,0.108297
1403636720.36357,6.286762,-5.077355,-1.570229,-0.805841,-0.134699,-0.566340,0.108331
1403636720.41357,6.264227,-5.070216,-1.578537,-0.805797,-0.134939,-0.566192,0.109127
1403636720.46357,6.242154,-5.061225,-1.587105,-0.806062,-0.135001,-0.565605,0.110135
1403636720.51357,6.220502,-5.053193,-1.594779,-0.806292,-0.135139,-0.565111,0.110812
1403636720.56357,6.199285,-5.045598,-1.600691,-0.806253,-0.135265,-0.564905,0.111993
1403636720.61357,6.178549,-5.038389,-1.604962,-0.806513,-0.136483,-0.564395,0.111210
1403636720.66357,6.158313,-5.031628,-1.606796,-0.806459,-0.136684,-0.564168,0.112498
1403636720.71357,6.138203,-5.025849,-1.606539,-0.805639,-0.136546,-0.565395,0.112379
1403636720.76357,6.119067,-5.020652,-1.604385,-0.806142,-0.134957,-0.565111,0.112123
1403636720.81357,6.100851,-5.016253,-1.601410,-0.806773,-0.132483,-0.565233,0.109899
1403636720.86357,6.083568,-5.012695,-1.598662,-0.807462,-0.129546,-0.565666,0.106039
1403636720.91357,6.066529,-5.009809,-1.597060,-0.808321,-0.124580,-0.566240,0.102317
1403636720.96357,6.050150,-5.007517,-1.596969,-0.808583,-0.118951,-0.567733,0.098608
1403636721.01357,6.033075,-5.005780,-1.598320,-0.808640,-0.112795,-0.569294,0.096353
1403636721.06357,6.017292,-5.003725,-1.601211,-0.808436,-0.106417,-0.571313,0.093319
1403636721.11357,6.001799,-5.002344,-1.605452,-0.808777,-0.099507,-0.572654,0.089697
1403636721.16357,5.986626,-5.001630,-1.610232,-0.808403,-0.092306,-0.575201,0.084309
1403636721.21357,5.971447,-5.001361,-1.614685,-0.808579,-0.084830,-0.576746,0.079791
1403636721.26357,5.956175,-5.001568,-1.617667,-0.807710,-0.077754,-0.579451,0.076133
1403636721.31357,5.941482,-5.002238,-1.619070,-0.808256,-0.072207,-0.579939,0.071966
1403636721.36357,5.926115,-5.003685,-1.618668,-0.808611,-0.067209,-0.580550,0.067767
1403636721.41357,5.910507,-5.005392,-1.616221,-0.808465,-0.063459,-0.581614,0.063897
1403636721.46358,5.894579,-5.007151,-1.612770,-0.808993,-0.059839,-0.581572,0.061023
1403636721.51358,5.878420,-5.009470,-1.608772,-0.809772,-0.056415,-0.581269,0.056685
1403636721.56358,5.862139,-5.012180,-1.605663,-0.810644,-0.052148,-0.580830,0.052665
1403636721.61358,5.845414,-5.014939,-1.604309,-0.811512,-0.048394,-0.580362,0.047817
1403636721.66358,5.829155,-5.018050,-1.604243,-0.812508,-0.045134,-0.579536,0.043947
1403636721.71358,5.812786,-5.021105,-1.605245,-0.812243,-0.042809,-0.580322,0.040683
1403636721.76358,5.796240,-5.024104,-1.607923,-0.812700,-0.041557,-0.580015,0.037061
1403636721.81358,5.779523,-5.026899,-1.611806,-0.812647,-0.039983,-0.580289,0.035663
1403636721.86358,5.762748,-5.029629,-1.616963,-0.812392,-0.038548,-0.580762,0.035337
1403636721.91358,5.746157,-5.032057,-1.622605,-0.812370,-0.038079,-0.580869,0.034589
1403636721.96358,5.729592,-5.034636,-1.628939,-0.812206,-0.039715,-0.581132,0.032098
1403636722.01358,5.712959,-5.037005,-1.634148,-0.812114,-0.041827,-0.581266,0.029179
1403636722.06358,5.696335,-5.038996,-1.637817,-0.812036,-0.043995,-0.581328,0.026812
1403636722.11358,5.679085,-5.040337,-1.639759,-0.812164,-0.045088,-0.581068,0.026778
1403636722.16358,5.661357,-5.041140,-1.639747,-0.812488,-0.044750,-0.580562,0.028445
1403636722.21358,5.644790,-5.042132,-1.637141,-0.812669,-0.044671,-0.580233,0.030062
1403636722.26358,5.627425,-5.042272,-1.634016,-0.813072,-0.044420,-0.579587,0.031934
1403636722.36358,5.600549,-5.047800,-1.621890,-0.813254,-0.043787,-0.579193,0.035164
1403636722.41358,5.582062,-5.047126,-1.621106,-0.813489,-0.042823,-0.578998,0.034096
1403636722.46358,5.563690,-5.046958,-1.622013,-0.813269,-0.040938,-0.579536,0.032498
1403636722.51358,5.545318,-5.046722,-1.624220,-0.813283,-0.038515,-0.579741,0.031427
1403636722.56358,5.526894,-5.046287,-1.627228,-0.813504,-0.036640,-0.579632,0.029929
1403636722.61358,5.508548,-5.045773,-1.630977,-0.813620,-0.036057,-0.579625,0.027520
1403636722.66358,5.490430,-5.045145,-1.635516,-0.813914,-0.035034,-0.579349,0.025911
1403636722.71358,5.472364,-5.044222,-1.640240,-0.813698,-0.034349,-0.579761,0.024358
1403636722.76358,5.454299,-5.042978,-1.645300,-0.813978,-0.034179,-0.579456,0.022408
1403636722.81358,5.436189,-5.041489,-1.649350,-0.814433,-0.034145,-0.578867,0.021129
1403636722.86358,5.418040,-5.039532,-1.650767,-0.814384,-0.034195,-0.578978,0.019834
1403636722.91358,5.399303,-5.036983,-1.651261,-0.814593,-0.033234,-0.578721,0.020397
1403636722.96358,5.381669,-5.032147,-1.647836,-0.814988,-0.032400,-0.578179,0.021324
1403636723.01358,5.361706,-5.029075,-1.645550,-0.814744,-0.031318,-0.578515,0.023077
1403636723.06358,5.342665,-5.025568,-1.641222,-0.814284,-0.029948,-0.579148,0.025121
1403636723.11358,5.323908,-5.022038,-1.636454,-0.814169,-0.029371,-0.579302,0.026002
1403636723.16358,5.305333,-5.018596,-1.631949,-0.814080,-0.029104,-0.579437,0.026070
1403636723.21358,5.286968,-5.015082,-1.628439,-0.814170,-0.028619,-0.579322,0.026336
1403636723.26358,5.268737,-5.011586,-1.625892,-0.814620,-0.029246,-0.578712,0.025127
1403636723.31358,5.250950,-5.008081,-1.623858,-0.814408,-0.030258,-0.579053,0.022847
1403636723.36358,5.233191,-5.004627,-1.623272,-0.814415,-0.029385,-0.579161,0.020905
1403636723.41358,5.215528,-5.001181,-1.623563,-0.814074,-0.027882,-0.579846,0.016884
1403636723.46358,5.198814,-4.997820,-1.623461,-0.812920,-0.025609,-0.581692,0.011809
1403636723.51358,5.181604,-4.993891,-1.623769,-0.810729,-0.020715,-0.584994,0.008436
1403636723.56358,5.168669,-4.989205,-1.617884,-0.807162,-0.014506,-0.590107,0.007256
1403636723.61358,5.151527,-4.984332,-1.615490,-0.803450,-0.008924,-0.595274,0.006188
1403636723.66358,5.133299,-4.979605,-1.612100,-0.802821,-0.004207,-0.596188,0.004548
1403636723.71358,5.114673,-4.974184,-1.607920,-0.805001,-0.000841,-0.593269,0.002230
1403636723.76358,5.094195,-4.968579,-1.602662,-0.807685,0.002815,-0.589608,0.000133
1403636723.81358,5.073014,-4.962594,-1.598068,0.810507,-0.006522,0.585692,0.000433
1403636723.86358,5.051378,-4.956542,-1.594249,0.812564,-0.009477,0.582793,0.001337
1403636723.91358,5.029662,-4.950418,-1.591814,0.814609,-0.012218,0.579878,0.001908
1403636723.96358,5.007807,-4.944322,-1.591023,0.817088,-0.014876,0.576316,0.002358
1403636724.01358,4.986004,-4.938582,-1.591630,0.819466,-0.017467,0.572846,0.004375
1403636724.06358,4.964547,-4.933285,-1.593437,0.821351,-0.021407,0.569979,0.006931
1403636724.11358,4.942911,-4.928124,-1.596733,0.823337,-0.026136,0.566851,0.010652
1403636724.16358,4.917058,-4.922035,-1.601122,0.823213,-0.031291,0.566652,0.015672
1403636724.21358,4.897368,-4.917805,-1.606132,0.823655,-0.038294,0.565457,0.019599
1403636724.26358,4.878316,-4.914086,-1.611798,0.823205,-0.045529,0.565361,0.025056
1403636724.31358,4.860315,-4.910821,-1.617877,0.822049,-0.052604,0.566104,0.031531
1403636724.36358,4.843099,-4.907303,-1.623773,0.820294,-0.060285,0.567514,0.037572
1403636724.41358,4.825526,-4.904178,-1.628697,0.817906,-0.067780,0.569656,0.043914
1403636724.46358,4.808204,-4.900727,-1.632347,0.816120,-0.074534,0.570981,0.048717
1403636724.51358,4.791123,-4.897001,-1.633815,0.813909,-0.079448,0.572996,0.054000
1403636724.56358,4.773659,-4.892831,-1.634246,0.812013,-0.083968,0.574681,0.057674
1403636724.61357,4.756754,-4.888184,-1.632619,0.811283,-0.087818,0.574797,0.060958
1403636724.66357,4.738551,-4.882448,-1.628797,0.810482,-0.090673,0.575222,0.063390
1403636724.71358,4.721554,-4.876368,-1.622369,0.810224,-0.093243,0.575003,0.064917
1403636724.76358,4.708467,-4.871565,-1.611988,0.810353,-0.095251,0.574381,0.065890
1403636724.81358,4.692475,-4.864770,-1.601202,0.810747,-0.096493,0.573555,0.066427
1403636724.86358,4.677055,-4.857774,-1.588693,0.811252,-0.097544,0.572718,0.065951
1403636724.91358,4.662507,-4.850725,-1.574350,0.811652,-0.098671,0.572159,0.064170
1403636724.96358,4.647474,-4.843299,-1.558994,0.812049,-0.099813,0.571670,0.061699
1403636725.01358,4.633887,-4.836174,-1.541340,0.812106,-0.100873,0.571726,0.058635
1403636725.06358,4.620468,-4.829171,-1.521512,0.811807,-0.101622,0.572266,0.056155
1403636725.11358,4.607180,-4.822612,-1.500559,0.812032,-0.102058,0.572076,0.054011
1403636725.16358,4.594545,-4.816608,-1.478670,0.812591,-0.102573,0.571380,0.051952
1403636725.21358,4.582161,-4.811088,-1.456868,0.812625,-0.101678,0.571475,0.052145
1403636725.26358,4.569700,-4.804983,-1.435041,0.812964,-0.101309,0.571137,0.051274
1403636725.31358,4.557720,-4.800665,-1.415971,0.813416,-0.099896,0.570582,0.053014
1403636725.36358,4.544667,-4.796618,-1.399441,0.813577,-0.098958,0.570441,0.053820
1403636725.41358,4.533112,-4.793241,-1.383528,0.813485,-0.097705,0.570644,0.055331
1403636725.46358,4.521750,-4.789950,-1.369196,0.813502,-0.097228,0.570637,0.055986
1403636725.51358,4.510667,-4.787026,-1.356160,0.813653,-0.096254,0.570459,0.057285
1403636725.56358,4.499538,-4.784006,-1.344584,0.814105,-0.096006,0.569766,0.058156
1403636725.61358,4.487758,-4.780701,-1.333991,0.814079,-0.095230,0.569796,0.059498
1403636725.66358,4.477502,-4.777713,-1.324975,0.813104,-0.095213,0.571161,0.059767
1403636725.71358,4.467487,-4.774558,-1.317302,0.812894,-0.095697,0.571408,0.059477
1403636725.76358,4.457764,-4.771431,-1.311210,0.813162,-0.095611,0.571046,0.059433
1403636725.81358,4.448328,-4.768266,-1.306528,0.812965,-0.095342,0.571362,0.059528
1403636725.86358,4.439267,-4.765073,-1.303471,0.813849,-0.095575,0.570153,0.058657
1403636725.91358,4.430908,-4.762003,-1.301536,0.813689,-0.096490,0.570425,0.056696
1403636725.96358,4.423074,-4.758514,-1.300370,0.814040,-0.096499,0.570009,0.055821
1403636726.01358,4.415570,-4.755714,-1.300828,0.813504,-0.096591,0.570845,0.054932
1403636726.06358,4.408687,-4.753137,-1.302503,0.813361,-0.095625,0.571177,0.055282
1403636726.11358,4.402275,-4.750717,-1.305381,0.813232,-0.094566,0.571466,0.056011
1403636726.16358,4.396296,-4.748255,-1.309243,0.812208,-0.093534,0.573042,0.056501
1403636726.21358,4.390332,-4.745591,-1.314325,0.811826,-0.092868,0.573700,0.056406
1403636726.26358,4.384465,-4.742955,-1.319632,0.811807,-0.091744,0.573860,0.056898
1403636726.31358,4.378687,-4.740170,-1.323990,0.811623,-0.091115,0.574270,0.056403
1403636726.36358,4.373599,-4.737352,-1.326750,0.811000,-0.090104,0.575270,0.056786
1403636726.41358,4.369035,-4.734430,-1.327050,0.810783,-0.089296,0.575743,0.056370
1403636726.46358,4.364946,-4.731453,-1.325470,0.810350,-0.088946,0.576507,0.055337
1403636726.51358,4.361028,-4.728392,-1.322730,0.809982,-0.089854,0.577115,0.052855
1403636726.56358,4.356279,-4.725177,-1.318646,0.808900,-0.093203,0.578634,0.046657
1403636726.61358,4.351360,-4.722315,-1.312840,0.807857,-0.097758,0.579908,0.038952
1403636726.66357,4.345912,-4.720362,-1.305724,0.805925,-0.101586,0.582337,0.032380
1403636726.71357,4.338990,-4.719742,-1.297389,0.805850,-0.101869,0.582441,0.031472
1403636726.76358,4.331281,-4.720447,-1.286887,0.805561,-0.099558,0.583071,0.034478
1403636726.81358,4.323220,-4.722064,-1.274284,0.805831,-0.095751,0.583050,0.038995
1403636726.86358,4.313857,-4.723986,-1.260089,0.806048,-0.090616,0.583299,0.042862
1403636726.91358,4.303398,-4.726112,-1.244931,0.806548,-0.086235,0.583077,0.045433
1403636726.96358,4.292092,-4.728462,-1.228446,0.806939,-0.082709,0.582940,0.046787
1403636727.01358,4.280892,-4.731041,-1.210172,0.806996,-0.080566,0.583142,0.047035
1403636727.06358,4.269151,-4.733540,-1.191610,0.807022,-0.078166,0.583330,0.048282
1403636727.11358,4.256905,-4.736017,-1.173920,0.807494,-0.075924,0.582887,0.049322
1403636727.16358,4.243688,-4.738421,-1.157771,0.808178,-0.073468,0.582083,0.051278
1403636727.21358,4.230606,-4.740101,-1.142868,0.808711,-0.071258,0.581443,0.053217
1403636727.26358,4.217396,-4.741266,-1.129346,0.809199,-0.069232,0.580828,0.055168
1403636727.31358,4.203816,-4.741755,-1.117026,0.809691,-0.067320,0.580142,0.057469
1403636727.36358,4.190078,-4.741516,-1.105696,0.810753,-0.066616,0.578678,0.058086
1403636727.41358,4.176250,-4.740403,-1.094962,0.810907,-0.065873,0.578468,0.058862
1403636727.46358,4.162338,-4.738623,-1.084648,0.810866,-0.065181,0.578508,0.059805
1403636727.51358,4.148194,-4.735901,-1.073973,0.809894,-0.066278,0.579907,0.058196
1403636727.56358,4.133919,-4.732218,-1.062264,0.808929,-0.068413,0.581302,0.055151
1403636727.61358,4.119120,-4.727905,-1.049211,0.807992,-0.069094,0.582607,0.054251
1403636727.66358,4.104215,-4.722997,-1.035125,0.807745,-0.070373,0.582968,0.052375
1403636727.71358,4.089613,-4.717726,-1.019024,0.808678,-0.070323,0.581646,0.052747
1403636727.76358,4.075384,-4.712168,-1.000324,0.809091,-0.069703,0.581064,0.053651
1403636727.81358,4.060983,-4.706043,-0.980534,0.809510,-0.068683,0.580495,0.054787
1403636727.86358,4.046153,-4.699449,-0.958966,0.810195,-0.065956,0.579409,0.059321
1403636727.91358,4.030964,-4.691887,-0.937520,0.810299,-0.063304,0.579121,0.063456
1403636727.96358,4.015670,-4.683370,-0.917469,0.810355,-0.062623,0.579000,0.064515
1403636728.01358,4.000234,-4.673775,-0.899122,0.810506,-0.063600,0.578794,0.063500
1403636728.06358,3.984833,-4.663256,-0.882400,0.810578,-0.064769,0.578724,0.062026
1403636728.11358,3.968799,-4.651872,-0.867350,0.809549,-0.066894,0.580228,0.059094
1403636728.16358,3.953062,-4.639911,-0.853650,0.808809,-0.068207,0.581216,0.058000
1403636728.21358,3.937215,-4.627398,-0.841405,0.808107,-0.069332,0.582213,0.056420
1403636728.26358,3.921778,-4.614775,-0.831018,0.807688,-0.070158,0.582780,0.055542
1403636728.31358,3.905790,-4.601305,-0.822112,0.807750,-0.071210,0.582681,0.054331
1403636728.36358,3.889592,-4.587523,-0.814946,0.807969,-0.071199,0.582338,0.054761
1403636728.41358,3.873745,-4.573010,-0.809520,0.808131,-0.073574,0.582142,0.051197
1403636728.46358,3.857496,-4.558587,-0.805570,0.807562,-0.077454,0.582863,0.045980
1403636728.51358,3.840848,-4.544257,-0.802932,0.807465,-0.081980,0.582836,0.039782
1403636728.56358,3.823955,-4.530424,-0.801298,0.807635,-0.083619,0.582596,0.036267
1403636728.61357,3.807117,-4.517271,-0.800436,0.807386,-0.083542,0.583123,0.033416
1403636728.66358,3.789703,-4.504746,-0.799376,0.808252,-0.078659,0.582522,0.034778
1403636728.71358,3.772374,-4.492763,-0.797095,0.808704,-0.071718,0.582700,0.036264
1403636728.76358,3.755336,-4.480923,-0.793016,0.809447,-0.063718,0.582597,0.036268
1403636728.81358,3.738024,-4.468969,-0.787180,0.810283,-0.054753,0.582386,0.035645
1403636728.86357,3.720198,-4.456482,-0.779561,0.810709,-0.046971,0.582585,0.033752
1403636728.91357,3.702103,-4.444446,-0.771428,0.810294,-0.039616,0.583816,0.031814
1403636728.96357,3.684305,-4.431002,-0.763061,0.809986,-0.034180,0.584731,0.029048
1403636729.01357,3.666036,-4.418329,-0.756662,0.809374,-0.029161,0.585975,0.026409
1403636729.06357,3.647889,-4.405160,-0.752157,0.808528,-0.024537,0.587432,0.024580
1403636729.11357,3.628449,-4.391893,-0.748247,0.808040,-0.021049,0.588334,0.022176
1403636729.16357,3.608965,-4.378643,-0.745794,0.808252,-0.018104,0.588192,0.020773
1403636729.21357,3.588508,-4.364763,-0.744871,0.809567,-0.016330,0.586497,0.018864
1403636729.26357,3.567916,-4.350557,-0.744933,0.810206,-0.015812,0.585721,0.015727
1403636729.31357,3.546871,-4.336226,-0.746072,0.810423,-0.014559,0.585474,0.014914
1403636729.36357,3.525353,-4.321522,-0.747878,0.810407,-0.014198,0.585541,0.013428
1403636729.41357,3.504594,-4.306317,-0.751185,0.809955,-0.013365,0.586189,0.013294
1403636729.46357,3.481656,-4.290700,-0.751754,0.809841,-0.012907,0.586363,0.013029
1403636729.51357,3.457785,-4.274878,-0.750741,0.809856,-0.012686,0.586359,0.012474
1403636729.56357,3.433615,-4.258291,-0.748139,0.810191,-0.012814,0.585907,0.011798
1403636729.61357,3.409830,-4.242490,-0.743454,0.810710,-0.012721,0.585195,0.011604
1403636729.66357,3.385150,-4.226214,-0.736884,0.811052,-0.012942,0.584721,0.011348
1403636729.71357,3.360520,-4.210091,-0.729584,0.810901,-0.013718,0.584935,0.010145
1403636729.76357,3.336013,-4.193945,-0.721921,0.812039,-0.013732,0.583342,0.010793
1403636729.81357,3.311810,-4.177654,-0.715184,0.813277,-0.014454,0.581600,0.010640
1403636729.86357,3.286310,-4.161484,-0.709622,0.814881,-0.014439,0.579339,0.011291
1403636729.91357,3.261554,-4.145511,-0.705710,0.815900,-0.015949,0.577890,0.009803
1403636729.96357,3.236576,-4.129179,-0.702841,0.816933,-0.015419,0.576426,0.010750
1403636730.01357,3.212038,-4.112581,-0.700892,0.817849,-0.016162,0.575118,0.010065
1403636730.06357,3.187805,-4.095491,-0.700453,0.818338,-0.016078,0.574428,0.009818
1403636730.11357,3.163774,-4.078719,-0.700448,0.818724,-0.015742,0.573894,0.009439
1403636730.16357,3.140174,-4.061551,-0.701342,0.818608,-0.016397,0.574054,0.008540
1403636730.21357,3.116469,-4.044863,-0.703426,0.819303,-0.015824,0.573069,0.009170
1403636730.26357,3.093201,-4.028044,-0.705764,0.819348,-0.015444,0.573016,0.009063
1403636730.31357,3.069956,-4.011546,-0.709094,0.819037,-0.016480,0.573458,0.007267
1403636730.36357,3.046210,-3.995172,-0.713406,0.819334,-0.016303,0.573044,0.006882
1403636730.41357,3.022784,-3.978755,-0.718088,0.820084,-0.015683,0.571981,0.007295
1403636730.46357,2.999867,-3.962380,-0.721351,0.822180,-0.015752,0.568971,0.006587
1403636730.51357,2.977165,-3.946156,-0.722667,0.824382,-0.014945,0.565788,0.007501
1403636730.56357,2.956986,-3.930001,-0.722036,0.826757,-0.015387,0.562310,0.006578
1403636730.61357,2.937693,-3.913934,-0.719726,0.828393,-0.015618,0.559898,0.005953
1403636730.66357,2.920209,-3.897721,-0.715483,0.829258,-0.015983,0.558611,0.005473
1403636730.71357,2.904711,-3.881883,-0.708466,0.829814,-0.015886,0.557791,0.005012
1403636730.76357,2.891850,-3.865345,-0.699702,0.830478,-0.015638,0.556803,0.005652
1403636730.81357,2.878981,-3.849293,-0.689118,0.830702,-0.015212,0.556480,0.005695
1403636730.86357,2.866378,-3.833509,-0.677289,0.831085,-0.016650,0.555883,0.003965
1403636730.91357,2.854516,-3.817842,-0.665910,0.831434,-0.019073,0.555296,0.001003
1403636730.96357,2.843839,-3.802507,-0.655668,-0.830614,0.022330,-0.556391,0.003238
1403636731.01357,2.834520,-3.787769,-0.646962,-0.829722,0.025868,-0.557529,0.007412
1403636731.06357,2.826670,-3.774008,-0.639196,-0.826439,0.030223,-0.562065,0.012951
1403636731.11357,2.819947,-3.761666,-0.632613,-0.822560,0.033020,-0.567498,0.015823
1403636731.16357,2.813951,-3.751125,-0.627615,-0.819475,0.034522,-0.571814,0.017267
1403636731.21357,2.808660,-3.742112,-0.623917,-0.817290,0.033854,-0.575025,0.015406
1403636731.26357,2.803807,-3.734617,-0.621384,-0.815432,0.031730,-0.577865,0.011648
1403636731.31357,2.799143,-3.728371,-0.620135,-0.814483,0.029022,-0.579421,0.006758
1403636731.36357,2.794560,-3.722898,-0.620033,-0.814221,0.026857,-0.579926,0.002985
1403636731.41357,2.789769,-3.718155,-0.621126,0.814899,-0.024000,0.579104,0.001557
1403636731.46357,2.784819,-3.713838,-0.622751,0.814574,-0.023161,0.579590,0.002954
1403636731.51357,2.779374,-3.709693,-0.625481,0.815076,-0.023950,0.578856,0.001977
1403636731.56357,2.773654,-3.706013,-0.628980,-0.815314,0.026306,-0.578418,0.001825
1403636731.61357,2.767739,-3.702871,-0.633056,-0.815114,0.028209,-0.578596,0.004370
1403636731.66357,2.761472,-3.700728,-0.638254,-0.815147,0.029681,-0.578456,0.006655
1403636731.71357,2.755210,-3.699412,-0.644403,-0.815040,0.029517,-0.578621,0.006076
1403636731.76357,2.748658,-3.698934,-0.651413,-0.815317,0.027685,-0.578343,0.003430
1403636731.81357,2.741838,-3.698800,-0.659342,-0.815325,0.026487,-0.578395,0.001808
1403636731.86357,2.735139,-3.699027,-0.668127,0.815507,-0.024860,0.578214,0.000181
1403636731.91357,2.728517,-3.699361,-0.677621,0.815353,-0.023453,0.578487,0.001290
1403636731.96357,2.722888,-3.699930,-0.688855,0.814911,-0.023111,0.579123,0.001415
1403636732.01357,2.717104,-3.700854,-0.701020,0.814787,-0.022478,0.579322,0.001710
1403636732.06357,2.710835,-3.702383,-0.713926,0.813906,-0.021693,0.580588,0.002287
1403636732.11357,2.704048,-3.704048,-0.728535,0.813820,-0.021923,0.580702,0.001669
1403636732.16357,2.697096,-3.705999,-0.744070,0.813744,-0.020946,0.580841,0.002240
1403636732.21357,2.689743,-3.708175,-0.758739,0.812814,-0.020435,0.582159,0.002513
1403636732.26357,2.682202,-3.710799,-0.771793,0.812361,-0.018997,0.582832,0.003853
1403636732.31357,2.673047,-3.713249,-0.783252,0.811819,-0.019321,0.583584,0.002631
1403636732.36357,2.663055,-3.715771,-0.792878,0.812162,-0.017643,0.583145,0.004787
1403636732.41357,2.652532,-3.718387,-0.799223,0.811270,-0.014967,0.584417,0.008600
1403636732.46357,2.641607,-3.721033,-0.802701,0.809861,-0.010524,0.586343,0.014688
1403636732.51357,2.629397,-3.722798,-0.804187,0.808130,-0.005174,0.588573,0.021922
1403636732.56357,2.616734,-3.723568,-0.804344,0.806300,-0.001232,0.590886,0.027074
1403636732.61357,2.603462,-3.722721,-0.803077,0.804412,0.002036,0.593251,0.031154
1403636732.66357,2.589416,-3.720158,-0.800787,0.802921,0.002208,0.595302,0.030477
1403636732.71357,2.574645,-3.715906,-0.797437,0.801856,0.000180,0.596912,0.026894
1403636732.76357,2.559165,-3.709952,-0.792841,0.801775,-0.002378,0.597197,0.022532
1403636732.81357,2.544175,-3.703381,-0.786187,0.801287,-0.005049,0.597990,0.017912
1403636732.86357,2.526626,-3.695877,-0.780415,0.801210,-0.006097,0.598134,0.016118
1403636732.91357,2.507666,-3.687649,-0.775863,0.801824,-0.006595,0.597338,0.014883
1403636732.96357,2.487477,-3.678580,-0.773209,0.803107,-0.007030,0.595635,0.013743
1403636733.01357,2.466391,-3.668858,-0.772171,0.804827,-0.007003,0.593324,0.013076
1403636733.06357,2.444706,-3.658727,-0.771305,0.806465,-0.006860,0.591101,0.012933
1403636733.11357,2.422356,-3.647974,-0.769156,0.808803,-0.006916,0.587910,0.012323
1403636733.16357,2.399667,-3.636588,-0.764612,0.808895,-0.005128,0.587745,0.014785
1403636733.21357,2.376614,-3.624466,-0.758777,0.809704,-0.004800,0.586637,0.014601
1403636733.26357,2.352782,-3.611773,-0.751306,0.810136,-0.003812,0.586037,0.015034
1403636733.31357,2.328132,-3.598511,-0.743107,0.810496,-0.004573,0.585577,0.013264
1403636733.36357,2.302965,-3.584673,-0.733763,0.811786,-0.005419,0.583819,0.011336
1403636733.41357,2.277953,-3.570452,-0.722813,0.813291,-0.005958,0.581750,0.009439
1403636733.46357,2.253596,-3.555768,-0.710255,0.814346,-0.007594,0.580285,0.007231
1403636733.51357,2.229776,-3.540807,-0.696957,0.815593,-0.007680,0.578535,0.006747
1403636733.56357,2.205817,-3.525591,-0.684428,0.816484,-0.008207,0.577279,0.005945
1403636733.61357,2.181695,-3.510411,-0.672960,0.817276,-0.007281,0.576164,0.006435
1403636733.66357,2.157175,-3.495065,-0.662677,0.817992,-0.008395,0.575148,0.004969
1403636733.71357,2.132846,-3.479707,-0.653797,0.818670,-0.008106,0.574186,0.004992
1403636733.76357,2.109254,-3.464229,-0.646097,0.818857,-0.007455,0.573922,0.005560
1403636733.81357,2.085605,-3.448156,-0.640750,0.820014,-0.007696,0.572270,0.005015
1403636733.86357,2.061965,-3.431918,-0.636342,0.820538,-0.007581,0.571521,0.004905
1403636733.91357,2.038685,-3.415694,-0.632884,0.819880,-0.006566,0.572464,0.006239
1403636733.96357,2.015740,-3.399307,-0.630081,0.818633,-0.004717,0.574226,0.009036
1403636734.01357,1.993273,-3.382657,-0.628090,0.816749,-0.003975,0.576890,0.010126
1403636734.06357,1.970662,-3.365655,-0.627340,0.815299,-0.004255,0.578929,0.010545
1403636734.11357,1.948155,-3.348189,-0.626817,0.814087,-0.005586,0.580634,0.009735
1403636734.16357,1.925303,-3.330663,-0.625591,0.813676,-0.006057,0.581207,0.009637
1403636734.21357,1.902426,-3.312626,-0.623039,0.813520,-0.006895,0.581439,0.008138
1403636734.26357,1.879220,-3.294053,-0.618137,0.813124,-0.007216,0.582008,0.006605
1403636734.31357,1.856200,-3.275430,-0.612457,0.813814,-0.007966,0.581050,0.004931
1403636734.36357,1.832487,-3.256838,-0.604356,0.814659,-0.008335,0.579868,0.003738
1403636734.41357,1.808225,-3.238467,-0.593896,0.815566,-0.008912,0.578592,0.002055
1403636734.46357,1.783645,-3.220419,-0.582330,0.816681,-0.008667,0.577022,0.001493
1403636734.51357,1.759778,-3.202952,-0.571021,0.817605,-0.008601,0.575715,0.000646
1403636734.56357,1.736116,-3.185108,-0.560820,0.818923,-0.008413,0.573841,0.000092
1403636734.61357,1.718397,-3.171884,-0.549574,-0.820097,0.008278,-0.572164,0.000754
1403636734.66357,1.698437,-3.155177,-0.544313,-0.821158,0.007454,-0.570652,0.000265
1403636734.71357,1.676176,-3.137693,-0.539050,-0.821614,0.006515,-0.570007,0.000053
1403636734.76357,1.654190,-3.120643,-0.535201,0.821403,-0.005227,0.570324,0.000519
1403636734.81357,1.632699,-3.103605,-0.533530,-0.822011,0.004969,-0.569450,0.000079
1403636734.86357,1.611976,-3.086640,-0.533387,-0.822063,0.004489,-0.569378,0.000649
1403636734.91357,1.591880,-3.069953,-0.534443,-0.822194,0.004343,-0.569189,0.001520
1403636734.96357,1.572296,-3.053459,-0.536281,-0.822307,0.004594,-0.569021,0.002267
1403636735.01357,1.553475,-3.037004,-0.538853,-0.822204,0.003796,-0.569178,0.001518
1403636735.06357,1.535246,-3.020475,-0.542180,-0.821866,0.004158,-0.569661,0.002239
1403636735.11357,1.517098,-3.004064,-0.545589,-0.821826,0.004802,-0.569711,0.002832
1403636735.16357,1.499206,-2.987737,-0.548399,-0.821913,0.005628,-0.569572,0.003894
1403636735.21357,1.483885,-2.973794,-0.551612,-0.822447,0.006468,-0.568788,0.004393
1403636735.31357,1.455236,-2.943240,-0.547702,-0.823943,0.009207,-0.566566,0.006034
1403636735.36357,1.442217,-2.927551,-0.541293,-0.824545,0.010614,-0.565661,0.006301
1403636735.41357,1.430106,-2.912428,-0.531904,-0.823629,0.011491,-0.566987,0.005358
1403636735.46357,1.417262,-2.897373,-0.519478,-0.822972,0.013509,-0.567896,0.005335
1403636735.51357,1.404712,-2.882881,-0.505387,-0.822381,0.014502,-0.568741,0.003509
1403636735.56356,1.392696,-2.868735,-0.489416,-0.821516,0.015666,-0.569967,0.002023
1403636735.61356,1.380740,-2.854926,-0.473066,-0.820829,0.016501,-0.570935,0.000401
1403636735.66356,1.368948,-2.841075,-0.458054,0.820574,-0.017576,0.571269,0.001263
1403636735.71356,1.357279,-2.827508,-0.444985,0.821022,-0.019031,0.570577,0.001564
1403636735.76357,1.346322,-2.814455,-0.433343,0.821270,-0.019421,0.570200,0.003223
1403636735.81357,1.335836,-2.801667,-0.423237,0.821095,-0.020826,0.570403,0.003051
1403636735.86357,1.319287,-2.788487,-0.418086,0.820632,-0.021112,0.571056,0.003645
1403636735.91357,1.311633,-2.777259,-0.414266,0.820331,-0.021329,0.571480,0.003669
1403636735.96357,1.304223,-2.766074,-0.407982,0.820197,-0.021128,0.571675,0.004399
1403636736.01357,1.297286,-2.754854,-0.401872,0.819694,-0.019214,0.572464,0.004240
1403636736.06357,1.290687,-2.743534,-0.394949,0.819316,-0.016101,0.573109,0.003008
1403636736.11357,1.284487,-2.731659,-0.386367,-0.818113,0.012716,-0.574917,0.000302
1403636736.16357,1.278753,-2.720889,-0.376466,-0.816977,0.007612,-0.576608,0.003729
1403636736.21357,1.271536,-2.709572,-0.363952,-0.815874,0.002464,-0.578171,0.007881
1403636736.26357,1.264431,-2.698519,-0.350936,-0.815369,-0.002784,-0.578824,0.011371
1403636736.31357,1.257132,-2.687801,-0.338084,-0.814995,-0.007888,-0.579244,0.014003
1403636736.36357,1.249065,-2.677063,-0.325680,-0.814772,-0.012586,-0.579424,0.015989
1403636736.41357,1.241668,-2.666797,-0.315442,-0.814740,-0.016495,-0.579316,0.017893
1403636736.46357,1.235715,-2.656781,-0.304874,-0.814447,-0.021634,-0.579589,0.016851
1403636736.51357,1.229673,-2.646512,-0.297913,-0.813801,-0.026792,-0.580337,0.014810
1403636736.56357,1.222215,-2.636243,-0.292844,-0.813303,-0.031276,-0.580854,0.012999
1403636736.61357,1.214247,-2.625636,-0.288868,-0.812899,-0.034833,-0.581252,0.011316
1403636736.66357,1.205787,-2.614053,-0.285857,-0.812351,-0.036676,-0.581904,0.011337
1403636736.71357,1.196877,-2.601644,-0.283718,-0.811882,-0.038343,-0.582456,0.011054
1403636736.76357,1.187610,-2.588222,-0.282770,-0.812294,-0.039476,-0.581806,0.011041
1403636736.81357,1.177897,-2.573805,-0.282265,-0.811649,-0.040824,-0.582614,0.010930
1403636736.86357,1.167527,-2.558668,-0.282627,-0.811481,-0.040655,-0.582823,0.012777
1403636736.91357,1.156623,-2.542737,-0.283450,-0.812024,-0.041910,-0.581979,0.012709
1403636736.96357,1.144882,-2.525600,-0.284701,-0.812090,-0.041412,-0.581863,0.015192
1403636737.01357,1.132558,-2.507592,-0.286606,-0.812376,-0.040126,-0.581441,0.019027
1403636737.06357,1.123233,-2.486849,-0.288632,-0.812204,-0.039321,-0.581613,0.022486
1403636737.11357,1.112548,-2.467463,-0.291660,-0.811789,-0.037874,-0.582096,0.026980
1403636737.16357,1.100258,-2.449408,-0.296859,-0.811919,-0.038267,-0.581799,0.028873
1403636737.21357,1.087638,-2.431164,-0.302905,-0.811973,-0.038571,-0.581602,0.030829
1403636737.26357,1.074378,-2.412911,-0.310050,-0.812388,-0.038085,-0.580887,0.033833
1403636737.31357,1.061144,-2.394395,-0.317263,-0.813607,-0.039470,-0.579076,0.034004
1403636737.36357,1.048052,-2.375811,-0.323616,-0.814667,-0.039752,-0.577462,0.035703
1403636737.41357,1.033813,-2.357731,-0.328189,-0.815899,-0.040949,-0.575605,0.036213
1403636737.46357,1.019845,-2.339662,-0.330796,-0.817233,-0.041837,-0.573600,0.036918
1403636737.51357,1.006760,-2.321701,-0.330764,-0.818215,-0.043280,-0.572119,0.036486
1403636737.56357,0.994509,-2.304018,-0.329559,-0.818775,-0.042815,-0.571233,0.038308
1403636737.61357,0.982738,-2.286700,-0.326848,-0.819428,-0.041890,-0.570217,0.040440
1403636737.66357,0.977614,-2.268309,-0.322445,-0.820289,-0.040193,-0.568861,0.043672
1403636737.71357,0.970224,-2.252797,-0.316466,-0.821241,-0.038391,-0.567401,0.046320
1403636737.76357,0.960202,-2.237997,-0.309236,-0.821599,-0.037035,-0.566795,0.048448
1403636737.81357,0.951010,-2.224050,-0.300305,-0.822019,-0.035287,-0.566114,0.050539
1403636737.86357,0.942522,-2.211051,-0.288681,-0.822106,-0.034124,-0.565963,0.051606
1403636737.91357,0.935236,-2.198781,-0.275315,-0.822165,-0.033668,-0.565883,0.051852
1403636737.96357,0.929452,-2.187862,-0.259416,-0.821994,-0.033000,-0.566149,0.052085
1403636738.01358,0.924704,-2.177941,-0.241358,-0.821760,-0.032540,-0.566580,0.051368
1403636738.06358,0.920041,-2.169063,-0.221983,-0.821953,-0.032405,-0.566418,0.050143
1403636738.11358,0.916285,-2.161051,-0.202252,-0.821163,-0.033779,-0.567751,0.047014
1403636738.16358,0.913013,-2.152959,-0.183705,-0.820456,-0.033803,-0.568888,0.045560
1403636738.21358,0.909835,-2.145274,-0.166780,-0.819784,-0.034098,-0.569995,0.043563
1403636738.26358,0.908980,-2.136407,-0.151524,-0.819749,-0.033474,-0.570145,0.042740
1403636738.31358,0.909179,-2.130456,-0.139859,-0.819824,-0.033334,-0.570131,0.041573
1403636738.36358,0.908090,-2.124066,-0.128372,-0.820032,-0.032359,-0.569930,0.040986
1403636738.41358,0.907781,-2.118012,-0.118698,-0.820258,-0.031708,-0.569678,0.040468
1403636738.46358,0.908102,-2.112420,-0.110965,-0.820548,-0.030458,-0.569442,0.038850
1403636738.51358,0.909274,-2.107812,-0.104827,-0.821296,-0.027213,-0.568648,0.037045
1403636738.56358,0.911059,-2.103828,-0.100804,-0.822421,-0.022743,-0.567389,0.034280
1403636738.61358,0.913730,-2.100780,-0.099026,-0.823578,-0.016635,-0.566083,0.031508
1403636738.66358,0.917321,-2.098700,-0.098848,-0.823919,-0.009591,-0.565969,0.027276
1403636738.71358,0.921482,-2.097617,-0.100029,-0.823696,-0.000988,-0.566561,0.023063
1403636738.76357,0.925899,-2.097535,-0.102846,-0.822098,0.008428,-0.568997,0.018084
1403636738.81357,0.930368,-2.098451,-0.107210,-0.820481,0.019188,-0.571196,0.013294
1403636738.86357,0.935141,-2.100887,-0.113268,-0.818328,0.030763,-0.573863,0.008658
1403636738.91357,0.939197,-2.104614,-0.120922,-0.816928,0.042506,-0.575163,0.003005
1403636738.96357,0.943007,-2.108564,-0.129147,0.815540,-0.055399,0.576041,0.001822
1403636739.01357,0.946406,-2.113658,-0.138497,0.813863,-0.068908,0.576915,0.006874
1403636739.06357,0.949544,-2.120516,-0.149373,0.812626,-0.082412,0.576788,0.012765
1403636739.11357,0.952218,-2.129222,-0.161034,0.811301,-0.093987,0.576606,0.021967
1403636739.16357,0.954004,-2.139746,-0.173934,0.810633,-0.103955,0.575288,0.033319
1403636739.21357,0.955411,-2.151550,-0.187645,0.809029,-0.114219,0.574822,0.044792
1403636739.26357,0.956413,-2.164729,-0.202602,0.807811,-0.123732,0.573440,0.057434
1403636739.31357,0.957052,-2.178646,-0.218332,0.806163,-0.132672,0.572313,0.070410
1403636739.36357,0.957641,-2.193319,-0.234272,0.804663,-0.141087,0.570595,0.083869
1403636739.41357,0.957733,-2.207922,-0.248913,0.803163,-0.150094,0.568645,0.095096
1403636739.46357,0.957465,-2.222017,-0.261098,0.801310,-0.159392,0.566894,0.105484
1403636739.51357,0.957544,-2.234625,-0.270724,0.799506,-0.169853,0.564905,0.113237
1403636739.56357,0.957898,-2.247108,-0.277604,0.796723,-0.180100,0.564579,0.118524
1403636739.61357,0.958534,-2.258837,-0.282711,0.794667,-0.189019,0.563762,0.122265
1403636739.66357,0.959449,-2.270273,-0.285914,0.793820,-0.195373,0.561776,0.126833
1403636739.71357,0.961047,-2.281559,-0.287638,0.792234,-0.200431,0.561501,0.130037
1403636739.76357,0.963172,-2.292081,-0.289572,0.791008,-0.206063,0.561153,0.130200
1403636739.81357,0.965489,-2.302472,-0.292670,0.790063,-0.209681,0.560979,0.130908
1403636739.86357,0.968170,-2.313068,-0.296793,0.789728,-0.212219,0.560302,0.131734
1403636739.91357,0.970859,-2.323428,-0.302051,0.789501,-0.213409,0.559965,0.132605
1403636739.96357,0.973370,-2.333817,-0.308936,0.789327,-0.213696,0.559845,0.133681
1403636740.01357,0.975622,-2.344023,-0.316613,0.789855,-0.213261,0.559027,0.134675
1403636740.06357,0.977243,-2.353661,-0.326035,0.790470,-0.211802,0.558407,0.135937
1403636740.11357,0.979374,-2.362358,-0.335790,0.790720,-0.209253,0.558410,0.138394
1403636740.16357,0.980151,-2.372401,-0.347370,0.791440,-0.206148,0.557823,0.141274
1403636740.21357,0.980559,-2.382443,-0.359620,0.791727,-0.202506,0.557982,0.144279
1403636740.26357,0.982029,-2.391769,-0.372461,0.792329,-0.199509,0.557635,0.146469
1403636740.31357,0.982589,-2.400390,-0.386928,0.791503,-0.198839,0.559324,0.145403
1403636740.36357,0.983073,-2.408651,-0.403096,0.791185,-0.198624,0.560501,0.142877
1403636740.41357,0.983596,-2.416211,-0.420442,0.790545,-0.199704,0.561879,0.139458
1403636740.46357,0.983884,-2.423566,-0.438923,0.790811,-0.200201,0.561990,0.136767
1403636740.51357,0.983936,-2.430805,-0.457349,0.789551,-0.200363,0.564312,0.134225
1403636740.56357,0.983306,-2.438063,-0.474487,0.789415,-0.199487,0.564967,0.133570
1403636740.61357,0.982285,-2.445349,-0.490129,0.789412,-0.198514,0.565509,0.132744
1403636740.66357,0.980791,-2.452688,-0.504521,0.790046,-0.198880,0.565002,0.130564
1403636740.71357,0.978661,-2.460037,-0.517529,0.791324,-0.199115,0.563536,0.128789
1403636740.76357,0.975901,-2.467888,-0.529239,0.793096,-0.197999,0.561488,0.128555
1403636740.81357,0.972812,-2.475820,-0.540378,0.793501,-0.197652,0.561264,0.127564
1403636740.86357,0.969452,-2.483741,-0.552065,0.793111,-0.197107,0.562093,0.127180
1403636740.91357,0.965706,-2.491929,-0.565401,0.792819,-0.194532,0.562874,0.129493
1403636740.96357,0.961780,-2.500020,-0.579736,0.792244,-0.191217,0.563885,0.133485
1403636741.01357,0.957383,-2.507773,-0.595567,0.792521,-0.186410,0.563630,0.139579
1403636741.06357,0.952767,-2.514886,-0.612893,0.792013,-0.182908,0.563854,0.146047
1403636741.11357,0.948164,-2.521269,-0.632548,0.790834,-0.183110,0.564559,0.149415
1403636741.16356,0.943638,-2.526639,-0.654032,0.789009,-0.186269,0.565536,0.151453
1403636741.21356,0.938364,-2.530694,-0.677029,0.786924,-0.191846,0.566694,0.151008
1403636741.26357,0.932998,-2.533514,-0.701538,0.785244,-0.198289,0.567424,0.148672
1403636741.31357,0.926809,-2.535262,-0.727103,0.784617,-0.203638,0.567036,0.146213
1403636741.36356,0.920037,-2.536747,-0.752881,0.785827,-0.209345,0.564005,0.143345
1403636741.41356,0.912996,-2.538107,-0.777369,0.787189,-0.213650,0.560811,0.142050
1403636741.46356,0.905849,-2.539484,-0.800235,0.789074,-0.216864,0.557059,0.141484
1403636741.51356,0.898784,-2.541152,-0.821752,0.792745,-0.219672,0.550887,0.140797
1403636741.56356,0.892103,-2.543267,-0.841306,0.794146,-0.223936,0.548060,0.137168
1403636741.61356,0.885389,-2.546119,-0.858701,0.796386,-0.223588,0.544357,0.139474
1403636741.66356,0.879414,-2.549988,-0.874187,0.797316,-0.224028,0.542753,0.139707
1403636741.71357,0.874626,-2.554723,-0.887058,0.797128,-0.223611,0.542967,0.140616
1403636741.76357,0.871344,-2.560460,-0.897789,0.796033,-0.222174,0.544752,0.142180
1403636741.81357,0.868999,-2.567126,-0.907881,0.795030,-0.220112,0.546588,0.143943
1403636741.86357,0.867035,-2.574105,-0.918391,0.793943,-0.217194,0.548673,0.146420
1403636741.91357,0.865547,-2.581895,-0.930950,0.793708,-0.214038,0.549611,0.148807
1403636741.96357,0.864155,-2.588630,-0.945342,0.793788,-0.209662,0.550217,0.152328
1403636742.01357,0.863371,-2.595092,-0.961740,0.795200,-0.206116,0.548814,0.154841
1403636742.06357,0.863281,-2.601135,-0.978602,0.797259,-0.204141,0.546643,0.154554
1403636742.11357,0.863826,-2.606399,-0.995338,0.800253,-0.204061,0.543096,0.151661
1403636742.16357,0.865093,-2.611316,-1.010745,0.802087,-0.205061,0.541107,0.147684
1403636742.21357,0.867544,-2.616219,-1.024918,0.802944,-0.205455,0.540541,0.144517
1403636742.26357,0.871148,-2.621166,-1.036708,0.803134,-0.206821,0.540947,0.139915
1403636742.31357,0.875087,-2.626426,-1.046333,0.802077,-0.206058,0.543338,0.137828
1403636742.36357,0.879738,-2.631675,-1.054001,0.799882,-0.205965,0.546973,0.136340
1403636742.41357,0.885516,-2.637547,-1.059549,0.797697,-0.204573,0.550819,0.135753
1403636742.46357,0.892124,-2.644145,-1.062735,0.796255,-0.203913,0.553323,0.135021
1403636742.51357,0.899112,-2.650470,-1.065924,0.795320,-0.202781,0.555129,0.134827
1403636742.56357,0.907064,-2.657103,-1.068322,0.794920,-0.202000,0.556131,0.134227
1403636742.61357,0.915320,-2.663738,-1.070157,0.793906,-0.200835,0.557915,0.134572
1403636742.66357,0.923663,-2.670275,-1.072711,0.792474,-0.200035,0.560180,0.134792
1403636742.71357,0.931684,-2.676720,-1.077570,0.791162,-0.199133,0.562447,0.134397
1403636742.76357,0.939488,-2.683127,-1.084835,0.790155,-0.198157,0.564225,0.134308
1403636742.81357,0.946859,-2.688973,-1.093769,0.789454,-0.197610,0.565421,0.134209
1403636742.86357,0.953402,-2.694621,-1.104252,0.788822,-0.197343,0.566662,0.133079
1403636742.91357,0.958777,-2.700051,-1.116373,0.788560,-0.197245,0.567274,0.132167
1403636742.96357,0.963227,-2.705429,-1.130164,0.788348,-0.198295,0.567203,0.132165
1403636743.01357,0.967563,-2.710549,-1.146425,0.789179,-0.200167,0.565140,0.133217
1403636743.06356,0.970841,-2.715912,-1.164477,0.791629,-0.204005,0.560284,0.133368
1403636743.11356,0.973793,-2.721136,-1.182842,0.795679,-0.208906,0.552842,0.132736
1403636743.16356,0.976903,-2.727144,-1.201024,0.801162,-0.213585,0.543302,0.131691
1403636743.21356,0.980856,-2.734162,-1.218167,0.805068,-0.216973,0.536187,0.131501
1403636743.26356,0.985771,-2.741944,-1.233825,0.809344,-0.219349,0.528466,0.132560
1403636743.31356,0.991964,-2.750405,-1.246591,0.810674,-0.222169,0.525390,0.131963
1403636743.36356,0.999760,-2.760183,-1.257202,0.811197,-0.224600,0.523776,0.131047
1403636743.41356,1.009578,-2.771659,-1.265184,0.810766,-0.226189,0.523783,0.130951
1403636743.46356,1.021480,-2.784424,-1.271672,0.808573,-0.226466,0.526778,0.132014
1403636743.51356,1.034266,-2.798120,-1.278695,0.806492,-0.226328,0.529632,0.133552
1403636743.56355,1.047946,-2.812656,-1.287111,0.803623,-0.225768,0.533771,0.135303
1403636743.61355,1.062776,-2.828067,-1.297371,0.801136,-0.223485,0.537617,0.138575
1403636743.66355,1.078761,-2.844110,-1.309243,0.799426,-0.221736,0.540218,0.141122
1403636743.71355,1.095786,-2.860122,-1.323398,0.796813,-0.219933,0.544003,0.144151
1403636743.76355,1.113297,-2.877250,-1.338097,0.793606,-0.219444,0.547866,0.147909
1403636743.81355,1.131153,-2.894245,-1.354655,0.791219,-0.221664,0.549841,0.150043
1403636743.86355,1.149427,-2.911100,-1.372743,0.788190,-0.225595,0.552529,0.150250
1403636743.91355,1.167936,-2.927944,-1.391845,0.785879,-0.226652,0.554372,0.153927
1403636743.96355,1.186613,-2.944813,-1.412801,0.783784,-0.227643,0.556151,0.156711
1403636744.01355,1.205274,-2.961313,-1.435205,0.782415,-0.229381,0.557026,0.157903
1403636744.06355,1.224121,-2.977364,-1.458527,0.781056,-0.230623,0.557250,0.161977
1403636744.11355,1.242449,-2.993093,-1.483374,0.779680,-0.233775,0.557041,0.164784
1403636744.16355,1.260825,-3.007951,-1.509167,0.777979,-0.237121,0.557207,0.167458
1403636744.21355,1.278217,-3.021804,-1.536851,0.776029,-0.240860,0.558053,0.168351
1403636744.26355,1.293766,-3.035107,-1.566027,0.773734,-0.244661,0.559614,0.168251
1403636744.31355,1.309915,-3.047177,-1.595727,0.772658,-0.247468,0.559728,0.168712
1403636744.36355,1.325439,-3.059311,-1.626577,0.771561,-0.250918,0.560092,0.167423
1403636744.41355,1.340618,-3.070935,-1.658782,0.770541,-0.253777,0.560827,0.165341
1403636744.51356,1.370067,-3.094028,-1.727387,0.768285,-0.259888,0.563246,0.157957
1403636744.56356,1.383897,-3.106622,-1.763171,0.767063,-0.260270,0.565016,0.156940
1403636744.61356,1.396534,-3.119910,-1.800371,0.765826,-0.261449,0.566847,0.154397
1403636744.66356,1.407149,-3.134082,-1.838209,0.764840,-0.261250,0.568402,0.153906
1403636744.71356,1.416769,-3.148151,-1.877002,0.764162,-0.259190,0.569589,0.156352
1403636744.76356,1.425129,-3.162331,-1.915283,0.764653,-0.255917,0.569120,0.160980
1403636744.81356,1.431730,-3.176454,-1.952269,0.765589,-0.253618,0.567934,0.164322
1403636744.86356,1.436713,-3.189880,-1.987641,0.767316,-0.251604,0.565714,0.167001
1403636744.91356,1.439841,-3.202672,-2.021433,0.770223,-0.249975,0.561877,0.169009
1403636744.96356,1.443129,-3.214742,-2.052837,0.772294,-0.248973,0.559478,0.168995
1403636745.01356,1.444623,-3.226965,-2.082022,0.775108,-0.248723,0.556094,0.167643
1403636745.06356,1.447649,-3.239212,-2.108876,0.777704,-0.247645,0.553237,0.166667
1403636745.11356,1.450033,-3.250978,-2.134007,0.780836,-0.247030,0.549753,0.164451
1403636745.16356,1.453437,-3.262081,-2.157156,0.781976,-0.247224,0.549069,0.160989
1403636745.21356,1.457077,-3.273518,-2.178668,0.783184,-0.244669,0.548561,0.160753
1403636745.26356,1.460986,-3.285181,-2.199631,0.784396,-0.242584,0.548113,0.159521
1403636745.31356,1.465701,-3.297336,-2.218931,0.784718,-0.239832,0.548934,0.159279
1403636745.36356,1.471505,-3.310059,-2.234999,0.783094,-0.236311,0.552602,0.159848
1403636745.41356,1.476414,-3.322492,-2.248250,0.780804,-0.233550,0.556740,0.160749
1403636745.46356,1.480901,-3.334911,-2.259069,0.778971,-0.231062,0.559823,0.162517
1403636745.51356,1.485968,-3.346908,-2.267971,0.777148,-0.230891,0.562397,0.162605
1403636745.56356,1.490754,-3.358741,-2.275483,0.776080,-0.231333,0.563541,0.163113
1403636745.61356,1.495450,-3.369417,-2.281416,0.774961,-0.232603,0.564218,0.164282
1403636745.66356,1.499635,-3.379577,-2.285328,0.774056,-0.234209,0.564320,0.165911
1403636745.71356,1.503289,-3.388952,-2.287579,0.773189,-0.235619,0.564209,0.168314
1403636745.76356,1.516096,-3.400944,-2.282764,0.772891,-0.236939,0.563026,0.171757
1403636745.81356,1.519569,-3.409146,-2.281924,0.773032,-0.238808,0.561243,0.174352
1403636745.86356,1.523256,-3.416912,-2.278585,0.772817,-0.240183,0.559746,0.178187
1403636745.91356,1.526793,-3.423738,-2.273940,0.772078,-0.242057,0.558823,0.181714
1403636745.96356,1.530127,-3.429339,-2.267313,0.771948,-0.242779,0.557048,0.186688
1403636746.01356,1.533804,-3.433709,-2.258939,0.771803,-0.243944,0.555399,0.190639
1403636746.06356,1.537096,-3.436825,-2.249123,0.771723,-0.244915,0.553796,0.194348
1403636746.11356,1.540330,-3.438490,-2.238084,0.772233,-0.245624,0.551463,0.198022
1403636746.16355,1.543508,-3.438899,-2.225357,0.771406,-0.246598,0.551372,0.200277
1403636746.21355,1.546630,-3.437290,-2.210886,0.770019,-0.247098,0.552349,0.202298
1403636746.26355,1.550180,-3.434416,-2.195042,0.766998,-0.247804,0.555662,0.203831
1403636746.31355,1.554131,-3.430453,-2.179181,0.761887,-0.246950,0.562047,0.206511
1403636746.36355,1.557972,-3.426921,-2.168198,0.758026,-0.247348,0.566953,0.206831
1403636746.41355,1.561819,-3.419170,-2.156613,0.756156,-0.247332,0.569265,0.207347
1403636746.46355,1.565346,-3.409584,-2.148368,0.757166,-0.249421,0.568131,0.204245
1403636746.51355,1.568225,-3.398555,-2.142696,0.760098,-0.251413,0.564606,0.200657
1403636746.56355,1.570975,-3.386255,-2.139382,0.765113,-0.254325,0.558510,0.194905
1403636746.61355,1.573712,-3.373318,-2.138503,0.771467,-0.257132,0.550516,0.188821
1403636746.66356,1.576749,-3.359861,-2.138850,0.777775,-0.260384,0.542592,0.181274
1403636746.71356,1.580646,-3.346751,-2.140369,0.783127,-0.264353,0.535734,0.172684
1403636746.81356,1.590941,-3.322667,-2.144281,0.787065,-0.269633,0.531423,0.159426
1403636746.86356,1.597353,-3.313370,-2.146724,0.786922,-0.271065,0.532205,0.155032
1403636746.91356,1.604297,-3.305701,-2.148781,0.786224,-0.271034,0.533936,0.152663
1403636746.96356,1.611349,-3.299528,-2.149913,0.785856,-0.269581,0.535253,0.152515
1403636747.01356,1.618367,-3.294495,-2.148890,0.784815,-0.268253,0.537392,0.152696
1403636747.06356,1.626780,-3.291705,-2.144180,0.783773,-0.263762,0.539700,0.157651
1403636747.11355,1.635631,-3.289877,-2.136823,0.782516,-0.259370,0.541898,0.163530
1403636747.16355,1.645654,-3.288858,-2.127835,0.780557,-0.256578,0.544852,0.167435
1403636747.21355,1.656738,-3.288542,-2.116847,0.779479,-0.252691,0.546413,0.173182
1403636747.26356,1.668485,-3.288096,-2.103674,0.778304,-0.250381,0.547886,0.177126
1403636747.31356,1.680001,-3.286722,-2.088665,0.778016,-0.249009,0.547994,0.179970
1403636747.36356,1.691461,-3.284300,-2.073185,0.777456,-0.248685,0.548443,0.181460
1403636747.41356,1.703201,-3.281245,-2.058786,0.776785,-0.248845,0.548826,0.182952
1403636747.46356,1.714928,-3.277949,-2.046164,0.776429,-0.249256,0.548631,0.184481
1403636747.51356,1.727107,-3.274329,-2.035609,0.776601,-0.251188,0.547625,0.184128
1403636747.56356,1.739450,-3.270057,-2.026421,0.777001,-0.252369,0.546505,0.184147
1403636747.61357,1.749021,-3.261291,-2.022468,0.776924,-0.254269,0.545871,0.183743
1403636747.66357,1.761770,-3.256303,-2.012509,0.777043,-0.255333,0.545046,0.184213
1403636747.71357,1.774512,-3.250563,-2.001202,0.776720,-0.256696,0.544724,0.184632
1403636747.76357,1.787301,-3.244457,-1.987860,0.776835,-0.257787,0.543771,0.185437
1403636747.81357,1.800393,-3.237538,-1.972377,0.776555,-0.259076,0.543475,0.185677
1403636747.86357,1.814583,-3.230791,-1.954553,0.775486,-0.260794,0.544282,0.185378
1403636747.91357,1.829079,-3.223880,-1.935394,0.773609,-0.265762,0.546193,0.180481
1403636747.96357,1.843800,-3.216986,-1.915284,0.770162,-0.271132,0.550200,0.174983
1403636748.01357,1.858114,-3.210583,-1.896273,0.767865,-0.276427,0.552516,0.169403
1403636748.06357,1.871590,-3.204733,-1.878898,0.766146,-0.280537,0.553944,0.165728
1403636748.11357,1.884387,-3.199791,-1.863296,0.765665,-0.282621,0.553961,0.164349
1403636748.16357,1.896451,-3.195794,-1.849358,0.765222,-0.285376,0.553821,0.162103
1403636748.21357,1.908155,-3.193869,-1.838819,0.765740,-0.285204,0.552701,0.163778
1403636748.26357,1.918945,-3.192098,-1.828111,0.767411,-0.282149,0.550503,0.168579
1403636748.31357,1.929242,-3.191499,-1.818933,0.769090,-0.278156,0.548227,0.174862
1403636748.36357,1.939376,-3.191518,-1.810673,0.770824,-0.273414,0.545977,0.181617
1403636748.41357,1.949638,-3.192038,-1.802936,0.772079,-0.268997,0.544505,0.187215
1403636748.46357,1.960089,-3.192322,-1.794253,0.772093,-0.267126,0.544569,0.189635
1403636748.51357,1.970401,-3.192363,-1.784257,0.772112,-0.264856,0.544730,0.192258
1403636748.56357,1.980737,-3.191762,-1.772904,0.771911,-0.264805,0.544948,0.192516
1403636748.61357,1.991320,-3.191058,-1.759864,0.770589,-0.267075,0.546742,0.189573
1403636748.66357,2.001998,-3.190321,-1.745443,0.769315,-0.269353,0.548395,0.186725
1403636748.71357,2.012689,-3.189798,-1.730592,0.767721,-0.272634,0.550338,0.182764
1403636748.76357,2.023015,-3.189414,-1.716616,0.766504,-0.275664,0.551690,0.179217
1403636748.81357,2.035288,-3.191302,-1.703512,0.765551,-0.278430,0.552500,0.176502
1403636748.86357,2.045110,-3.191618,-1.691992,0.764483,-0.280443,0.553336,0.175318
1403636748.91357,2.054533,-3.192509,-1.681667,0.763231,-0.282920,0.554138,0.174258
1403636748.96357,2.063273,-3.194176,-1.672161,0.762337,-0.284793,0.554336,0.174488
1403636749.06357,2.078484,-3.198728,-1.656224,0.760138,-0.289502,0.555394,0.172962
1403636749.11357,2.085529,-3.202649,-1.648419,0.758442,-0.292704,0.556805,0.170463
1403636749.16357,2.091694,-3.207542,-1.641319,0.757449,-0.294317,0.557458,0.169967
1403636749.21357,2.096768,-3.213783,-1.633687,0.757337,-0.294327,0.556994,0.171957
1403636749.26357,2.100252,-3.220463,-1.624265,0.757978,-0.291579,0.555643,0.178082
1403636749.31357,2.103048,-3.227835,-1.613311,0.758440,-0.288874,0.554644,0.183551
1403636749.36357,2.105079,-3.235521,-1.600630,0.759470,-0.286515,0.552918,0.188142
1403636749.41357,2.106497,-3.243144,-1.586199,0.760222,-0.284188,0.551690,0.192195
1403636749.46357,2.110503,-3.250831,-1.570769,0.760894,-0.281561,0.550631,0.196390
1403636749.51357,2.110929,-3.258171,-1.554905,0.761949,-0.279154,0.549168,0.199804
1403636749.56357,2.111385,-3.265455,-1.538514,0.763383,-0.276175,0.547305,0.203546
1403636749.61357,2.111913,-3.272558,-1.522750,0.763757,-0.273254,0.546922,0.207082
1403636749.66357,2.112799,-3.278830,-1.508807,0.764189,-0.272062,0.546642,0.207799
1403636749.71357,2.114268,-3.284291,-1.496204,0.763683,-0.271699,0.547812,0.207052
1403636749.76357,2.116668,-3.291034,-1.484743,0.762127,-0.271169,0.550538,0.206249
1403636749.81357,2.118401,-3.294838,-1.475163,0.759778,-0.270348,0.554411,0.205614
1403636749.86357,2.120098,-3.297836,-1.467069,0.757088,-0.269892,0.558751,0.204384
1403636749.91357,2.121430,-3.300159,-1.460563,0.755527,-0.268759,0.561675,0.203639
1403636749.96357,2.122063,-3.301951,-1.455508,0.754121,-0.267390,0.564530,0.202756
1403636750.01357,2.122077,-3.302289,-1.451739,0.753657,-0.266106,0.566189,0.201541
1403636750.06357,2.121741,-3.301600,-1.448442,0.753695,-0.265207,0.567041,0.200183
1403636750.11357,2.120058,-3.299757,-1.445983,0.755010,-0.264582,0.566219,0.198373
1403636750.16357,2.117468,-3.296844,-1.442617,0.756614,-0.264034,0.564834,0.196937
1403636750.21357,2.113946,-3.292879,-1.437705,0.757912,-0.263764,0.563926,0.194901
1403636750.26357,2.110211,-3.288535,-1.431539,0.760348,-0.262993,0.561388,0.193777
1403636750.31357,2.106663,-3.283733,-1.422576,0.762025,-0.262741,0.560008,0.191509
1403636750.36357,2.102128,-3.278157,-1.410812,0.764347,-0.261369,0.557707,0.190845
1403636750.41357,2.098004,-3.272240,-1.396679,0.765356,-0.261737,0.557073,0.188133
1403636750.46357,2.093353,-3.266064,-1.380058,0.766736,-0.260022,0.556218,0.187420
1403636750.51357,2.088000,-3.259013,-1.360681,0.767129,-0.258423,0.556795,0.186305
1403636750.56357,2.082630,-3.251957,-1.338989,0.768196,-0.256734,0.556391,0.185449
1403636750.61357,2.076757,-3.244472,-1.315986,0.769145,-0.255510,0.556098,0.184083
1403636750.66356,2.068580,-3.236652,-1.292856,0.769826,-0.253428,0.555900,0.184708
1403636750.71356,2.062775,-3.228780,-1.266834,0.770779,-0.252428,0.555325,0.183833
1403636750.76356,2.056321,-3.220370,-1.240176,0.771849,-0.251561,0.554528,0.182936
1403636750.81356,2.049881,-3.211699,-1.211996,0.772683,-0.250491,0.553820,0.183026
1403636750.86356,2.042935,-3.201980,-1.182124,0.773349,-0.249787,0.553359,0.182569
1403636750.91356,2.035388,-3.191557,-1.150779,0.774859,-0.248708,0.551458,0.183389
1403636750.96356,2.025455,-3.178454,-1.120396,0.775820,-0.247519,0.550276,0.184483
1403636751.01356,2.018497,-3.167557,-1.090158,0.776739,-0.247151,0.548889,0.185241
1403636751.06356,2.012012,-3.156089,-1.061067,0.776918,-0.247149,0.548516,0.185596
1403636751.11356,2.005808,-3.143956,-1.034187,0.776919,-0.247743,0.548373,0.185224
1403636751.16356,2.000049,-3.131566,-1.009481,0.777981,-0.249455,0.546537,0.183891
1403636751.21356,1.994705,-3.119009,-0.986067,0.780558,-0.250135,0.542502,0.183993
1403636751.26357,1.989398,-3.106125,-0.964225,0.782827,-0.252364,0.538882,0.181938
1403636751.36357,1.982808,-3.081381,-0.918772,0.782991,-0.257501,0.537847,0.177028
1403636751.41356,1.980668,-3.069126,-0.895959,0.780896,-0.260188,0.540425,0.174481
1403636751.46357,1.979080,-3.057681,-0.873263,0.778136,-0.263509,0.543905,0.170983
1403636751.51357,1.977670,-3.047225,-0.850386,0.775655,-0.265197,0.547508,0.168119
1403636751.56356,1.976435,-3.037373,-0.828291,0.773491,-0.264901,0.551538,0.165366
1403636751.61357,1.974980,-3.027196,-0.806861,0.772983,-0.264469,0.553608,0.161469
1403636751.66356,1.973057,-3.018988,-0.786556,0.773401,-0.263596,0.554437,0.158014
1403636751.71357,1.970651,-3.011748,-0.767449,0.775654,-0.262733,0.552701,0.154450
1403636751.76357,1.967653,-3.005607,-0.749385,0.778558,-0.262002,0.549854,0.151204
1403636751.81357,1.964379,-3.000818,-0.731976,0.781661,-0.261367,0.546593,0.148086
1403636751.86357,1.961191,-2.997599,-0.714555,0.785450,-0.258962,0.542173,0.148509
1403636751.91357,1.958123,-2.995787,-0.696899,0.788159,-0.255191,0.539413,0.150720
1403636751.96357,1.955539,-2.995270,-0.679024,0.790373,-0.251339,0.537166,0.153596
1403636752.01357,1.953697,-2.995998,-0.661243,0.791947,-0.248042,0.535544,0.156485
1403636752.06357,1.952702,-2.997494,-0.643727,0.792082,-0.245817,0.535812,0.158382
1403636752.11357,1.952771,-2.999752,-0.626583,0.791281,-0.244117,0.537378,0.159704
1403636752.16357,1.953935,-3.002571,-0.609655,0.789270,-0.241424,0.541266,0.160618
1403636752.21357,1.955877,-3.005829,-0.592930,0.787178,-0.237900,0.545812,0.160761
1403636752.26357,1.957985,-3.008715,-0.576820,0.785629,-0.233731,0.550290,0.159179
1403636752.31357,1.960764,-3.011559,-0.559380,0.783749,-0.228577,0.555739,0.156984
1403636752.36357,1.963633,-3.014161,-0.540716,0.782672,-0.222459,0.560597,0.153841
1403636752.41357,1.966339,-3.016480,-0.520761,0.782994,-0.215724,0.563916,0.149610
1403636752.46356,1.968890,-3.018816,-0.499486,0.784767,-0.208447,0.565619,0.144102
1403636752.51356,1.971514,-3.021152,-0.477181,0.786914,-0.199881,0.566989,0.139063
1403636752.56356,1.973742,-3.023200,-0.456164,0.789924,-0.191275,0.567154,0.133308
1403636752.61356,1.975857,-3.025311,-0.436502,0.792822,-0.182106,0.567470,0.127466
1403636752.66356,1.977576,-3.027490,-0.418416,0.796453,-0.173028,0.566592,0.121237
1403636752.71356,1.979113,-3.029699,-0.401856,0.798588,-0.164038,0.567653,0.114538
1403636752.76356,1.980699,-3.031956,-0.387073,0.801043,-0.154673,0.568157,0.107724
1403636752.81356,1.981889,-3.034499,-0.373042,0.803504,-0.144043,0.568423,0.102601
1403636752.86356,1.983182,-3.035633,-0.361943,0.806191,-0.133751,0.568236,0.096307
1403636752.91356,1.984431,-3.036606,-0.351939,0.807522,-0.121775,0.569713,0.092225
1403636752.96356,1.985782,-3.037378,-0.344104,0.809435,-0.109640,0.570163,0.087796
1403636753.01356,1.987103,-3.037399,-0.337840,0.811358,-0.097658,0.570345,0.082874
1403636753.06356,1.988253,-3.036784,-0.333281,0.813140,-0.085619,0.570495,0.077510
1403636753.11356,1.989372,-3.035131,-0.329702,0.814593,-0.073772,0.570876,0.071391
1403636753.16356,1.990386,-3.032597,-0.327932,0.815882,-0.062078,0.571222,0.064725
1403636753.21356,1.992126,-3.028981,-0.327998,0.816975,-0.050208,0.571537,0.058106
1403636753.26356,1.994448,-3.024977,-0.330555,0.817875,-0.037655,0.571755,0.052529
1403636753.31356,1.996779,-3.019489,-0.333779,0.818313,-0.024322,0.572242,0.048073
1403636753.36356,1.998704,-3.013289,-0.337790,0.817867,-0.014010,0.573730,0.041599
1403636753.41356,2.000411,-3.006114,-0.341358,0.817422,-0.006432,0.574972,0.034455
1403636753.46356,2.002386,-2.998003,-0.344047,0.817118,-0.001846,0.575868,0.026271
1403636753.51356,2.004036,-2.988985,-0.345234,0.816923,0.001339,0.576418,0.019437
1403636753.56356,2.004841,-2.979581,-0.344255,0.816702,0.003350,0.576902,0.013061
1403636753.61356,2.004821,-2.969883,-0.341627,0.815722,0.005002,0.578357,0.008761
1403636753.66356,1.989913,-2.957846,-0.333796,0.815314,0.005601,0.578969,0.005160
1403636753.71356,1.989025,-2.947921,-0.329811,0.815282,0.005698,0.579029,0.002874
1403636753.76356,1.988341,-2.937510,-0.326600,0.814603,0.006413,0.579978,0.002682
1403636753.81356,1.987355,-2.926593,-0.324786,0.814228,0.006930,0.580495,0.003174
1403636753.86356,1.986592,-2.915095,-0.324727,0.813844,0.006626,0.581033,0.003792
1403636753.91356,1.984587,-2.903565,-0.325841,0.814035,0.005229,0.580783,0.003367
1403636753.96356,1.982056,-2.891755,-0.327924,0.813743,0.004612,0.581191,0.004288
1403636754.01356,1.979252,-2.879637,-0.329817,0.813350,0.003913,0.581734,0.005750
1403636754.06356,1.977205,-2.866956,-0.329920,0.811452,0.002489,0.584380,0.006248
1403636754.11356,1.974940,-2.854160,-0.328795,0.809356,0.001277,0.587278,0.006733
1403636754.16356,1.971895,-2.840819,-0.326016,0.807792,0.000370,0.589413,0.008032
1403636754.21356,1.967847,-2.827357,-0.322318,0.806304,0.000165,0.591409,0.010441
1403636754.26356,1.959399,-2.813371,-0.320212,0.805553,-0.000315,0.592396,0.012289
1403636754.31356,1.953953,-2.798779,-0.313355,0.805475,-0.000894,0.592466,0.013897
1403636754.36356,1.947980,-2.783872,-0.305202,0.805429,-0.000437,0.592484,0.015674
1403636754.41356,1.940907,-2.767826,-0.295901,0.805558,-0.000136,0.592326,0.015066
1403636754.46356,1.932003,-2.751086,-0.285988,0.805847,0.001282,0.591967,0.013554
1403636754.51356,1.921785,-2.733869,-0.276804,0.806354,0.003907,0.591296,0.012153
1403636754.56356,1.910468,-2.715875,-0.269283,0.807442,0.008308,0.589790,0.010766
1403636754.61356,1.897859,-2.697006,-0.263321,0.808441,0.013438,0.588368,0.008156
1403636754.66356,1.884841,-2.677339,-0.258581,0.808606,0.019068,0.588027,0.004046
1403636754.71356,1.871371,-2.656888,-0.254764,-0.809123,-0.024885,-0.587111,0.001238
1403636754.76356,1.857216,-2.635735,-0.252375,-0.808702,-0.031656,-0.587326,0.006901
1403636754.81356,1.842302,-2.614664,-0.251177,-0.808581,-0.038599,-0.587003,0.011559
1403636754.86356,1.822779,-2.593282,-0.249253,-0.808369,-0.043861,-0.586786,0.017292
1403636754.91356,1.806434,-2.571617,-0.250405,-0.807763,-0.049411,-0.587076,0.020476
1403636754.96356,1.789523,-2.549550,-0.252818,-0.807747,-0.053502,-0.586572,0.024808
1403636755.01356,1.772165,-2.527077,-0.255951,-0.807695,-0.058583,-0.586098,0.026202
1403636755.06356,1.754176,-2.504101,-0.259456,-0.807376,-0.060798,-0.586156,0.029467
1403636755.11356,1.735163,-2.480837,-0.262060,-0.807388,-0.063568,-0.585750,0.031305
1403636755.16356,1.714421,-2.457102,-0.263489,-0.807708,-0.064926,-0.585017,0.033872
1403636755.21356,1.694280,-2.432446,-0.263311,-0.807726,-0.066202,-0.584742,0.035681
1403636755.26356,1.673029,-2.407743,-0.261116,-0.809229,-0.067126,-0.582505,0.036482
1403636755.31356,1.652236,-2.382661,-0.257170,-0.812161,-0.067836,-0.578280,0.037223
1403636755.36356,1.630830,-2.357501,-0.252073,-0.815742,-0.068091,-0.573149,0.037803
1403636755.41356,1.610262,-2.331980,-0.245504,-0.818732,-0.068826,-0.568830,0.037062
1403636755.46356,1.588649,-2.304520,-0.235343,-0.820724,-0.068490,-0.565982,0.037227
1403636755.51356,1.570025,-2.278185,-0.227556,-0.821277,-0.068579,-0.565241,0.036101
1403636755.56356,1.552112,-2.251369,-0.220882,-0.821337,-0.069027,-0.565214,0.034270
1403636755.61356,1.534759,-2.224057,-0.215583,-0.820334,-0.069115,-0.566732,0.033011
1403636755.66357,1.518033,-2.195953,-0.212369,-0.819607,-0.067464,-0.567932,0.033870
1403636755.71357,1.501389,-2.167650,-0.210525,-0.819166,-0.066571,-0.568672,0.033876
1403636755.76357,1.484925,-2.139142,-0.209723,-0.818293,-0.065074,-0.570047,0.034762
1403636755.81357,1.468865,-2.110251,-0.209986,-0.816659,-0.063921,-0.572480,0.035324
1403636755.86357,1.452153,-2.081210,-0.211596,-0.815660,-0.063038,-0.573961,0.035973
1403636755.91357,1.435783,-2.051835,-0.213258,-0.814081,-0.062696,-0.576231,0.036032
1403636755.96357,1.419180,-2.022301,-0.214688,-0.813591,-0.061775,-0.576955,0.037104
1403636756.01357,1.402122,-1.992614,-0.214229,-0.812853,-0.061287,-0.578008,0.037704
1403636756.06357,1.383548,-1.961080,-0.212145,-0.812283,-0.060885,-0.578815,0.038233
1403636756.11357,1.367488,-1.931206,-0.208562,-0.811737,-0.061650,-0.579572,0.037127
1403636756.16357,1.351381,-1.901126,-0.203031,-0.811005,-0.062029,-0.580572,0.036861
1403636756.21357,1.334373,-1.871118,-0.196280,-0.810263,-0.061809,-0.581602,0.037313
1403636756.26357,1.316538,-1.840972,-0.189166,-0.810084,-0.061713,-0.581822,0.037921
1403636756.31357,1.298182,-1.810706,-0.182739,-0.809972,-0.061848,-0.581940,0.038299
1403636756.36357,1.279577,-1.780507,-0.177303,-0.809529,-0.062487,-0.582484,0.038353
1403636756.41357,1.260215,-1.750455,-0.173356,-0.809108,-0.063235,-0.583017,0.037900
1403636756.46357,1.240476,-1.720391,-0.171367,-0.808867,-0.063337,-0.583293,0.038617
1403636756.51357,1.220190,-1.690408,-0.171423,-0.808758,-0.063438,-0.583378,0.039452
1403636756.56357,1.200356,-1.660629,-0.172320,-0.808585,-0.064027,-0.583551,0.039480
1403636756.61357,1.179773,-1.630538,-0.174860,-0.808180,-0.064079,-0.584066,0.040072
1403636756.66357,1.156535,-1.599997,-0.178174,-0.807992,-0.064249,-0.584248,0.040916
1403636756.71357,1.134650,-1.569859,-0.179087,-0.807206,-0.064622,-0.585259,0.041413
1403636756.76357,1.111919,-1.539671,-0.178469,-0.806755,-0.064928,-0.585815,0.041839
1403636756.81357,1.088720,-1.509589,-0.177130,-0.806396,-0.064966,-0.586238,0.042787
1403636756.86357,1.065155,-1.479734,-0.174676,-0.806486,-0.065171,-0.586041,0.043466
1403636756.91357,1.040498,-1.449602,-0.169794,-0.806610,-0.065607,-0.585832,0.043325
1403636756.96357,1.015285,-1.418890,-0.162972,-0.806799,-0.065508,-0.585506,0.044355
1403636757.01357,0.989407,-1.388441,-0.155776,-0.806658,-0.066125,-0.585643,0.044184
1403636757.06357,0.963424,-1.358042,-0.149043,-0.806988,-0.065134,-0.585139,0.046264
1403636757.11357,0.937067,-1.327746,-0.142693,-0.806689,-0.065431,-0.585521,0.046232
1403636757.16357,0.910308,-1.297695,-0.138571,-0.807195,-0.065407,-0.584812,0.046412
1403636757.21357,0.883128,-1.267773,-0.135634,-0.806926,-0.065224,-0.585179,0.046711
1403636757.26357,0.854905,-1.235667,-0.130496,-0.807095,-0.065882,-0.584910,0.046230
1403636757.31357,0.826997,-1.206155,-0.130597,-0.807480,-0.067533,-0.584357,0.044067
1403636757.36357,0.798832,-1.176383,-0.131977,-0.808112,-0.067546,-0.583449,0.044487
1403636757.41357,0.770398,-1.146562,-0.134919,-0.809075,-0.068839,-0.582064,0.043124
1403636757.46357,0.742444,-1.116924,-0.138053,-0.810244,-0.070252,-0.580388,0.041464
1403636757.51357,0.713591,-1.086647,-0.140502,-0.811497,-0.072877,-0.578351,0.040882
1403636757.56357,0.684822,-1.055838,-0.141472,-0.813638,-0.075796,-0.574894,0.041760
1403636757.61357,0.657292,-1.024514,-0.141341,-0.816731,-0.079464,-0.569881,0.043256
1403636757.66357,0.629110,-0.992700,-0.138890,-0.820050,-0.082858,-0.564491,0.044749
1403636757.71357,0.601695,-0.960393,-0.134998,-0.823248,-0.085994,-0.559155,0.047039
1403636757.76357,0.575819,-0.927472,-0.128588,-0.825814,-0.088545,-0.554740,0.049537
1403636757.81357,0.551208,-0.894034,-0.120106,-0.827735,-0.091170,-0.551244,0.051703
1403636757.86357,0.528845,-0.859448,-0.108459,-0.828771,-0.092650,-0.549149,0.054674
1403636757.91357,0.507180,-0.824830,-0.094278,-0.828616,-0.094108,-0.548896,0.057033
1403636757.96356,0.486484,-0.790717,-0.082890,-0.826935,-0.094604,-0.550976,0.060448
1403636758.01356,0.467737,-0.755601,-0.066099,-0.822264,-0.095536,-0.557576,0.062165
1403636758.06356,0.449567,-0.720299,-0.051106,-0.818116,-0.096027,-0.563298,0.064503
1403636758.11356,0.432482,-0.684528,-0.038051,-0.814309,-0.095712,-0.568547,0.067039
1403636758.16356,0.415670,-0.648871,-0.026531,-0.811090,-0.095725,-0.572941,0.068611
1403636758.26356,0.381201,-0.579470,-0.008498,-0.807008,-0.095293,-0.578404,0.071452
1403636758.31356,0.363422,-0.544874,-0.003332,-0.805876,-0.094429,-0.579920,0.073074
1403636758.36356,0.346605,-0.510871,-0.000670,-0.806829,-0.093889,-0.578550,0.074109
1403636758.41356,0.329004,-0.477496,-0.000904,-0.810663,-0.092602,-0.573124,0.076019
1403636758.46356,0.312074,-0.444531,-0.003369,-0.816010,-0.090725,-0.565436,0.078600
1403636758.51357,0.296168,-0.412519,-0.007149,-0.822507,-0.087629,-0.555829,0.082817
1403636758.56357,0.280502,-0.380782,-0.011770,-0.828711,-0.083883,-0.546329,0.087894
1403636758.61357,0.270672,-0.353511,-0.019219,-0.833527,-0.080714,-0.538721,0.092181
1403636758.66356,0.258567,-0.324637,-0.023155,-0.834571,-0.079599,-0.537133,0.092971
1403636758.71356,0.255509,-0.298508,-0.025336,-0.831153,-0.079314,-0.542550,0.092378
1403636758.76356,0.248926,-0.272514,-0.027865,-0.826254,-0.080521,-0.550335,0.089177
1403636758.81356,0.248498,-0.250321,-0.032074,-0.821607,-0.080529,-0.557301,0.088838
1403636758.86356,0.245473,-0.226838,-0.036271,-0.816673,-0.082165,-0.564655,0.086371
1403636758.91356,0.242373,-0.204091,-0.041723,-0.813383,-0.085180,-0.569656,0.081512
1403636758.96356,0.239441,-0.181760,-0.048519,-0.810676,-0.086384,-0.573604,0.079502
1403636759.01356,0.235952,-0.160132,-0.056061,-0.809330,-0.087526,-0.575558,0.077832
1403636759.06356,0.232219,-0.138784,-0.064405,-0.807915,-0.086191,-0.577446,0.079999
1403636759.11356,0.232006,-0.121916,-0.075136,-0.807359,-0.081851,-0.577945,0.086325
1403636759.16357,0.227788,-0.102360,-0.085191,-0.807250,-0.075508,-0.577454,0.095879
1403636759.21357,0.223605,-0.084910,-0.096251,-0.807234,-0.069385,-0.576652,0.105029
1403636759.26357,0.219101,-0.069657,-0.107434,-0.807201,-0.064204,-0.575849,0.112701
1403636759.31357,0.217691,-0.053685,-0.117151,-0.807233,-0.063053,-0.575539,0.114688
1403636759.36356,0.213902,-0.043561,-0.129158,-0.806563,-0.067236,-0.577077,0.109170
1403636759.41356,0.210200,-0.035392,-0.142078,-0.806576,-0.072335,-0.577721,0.102184
1403636759.46356,0.205190,-0.029029,-0.155766,-0.805730,-0.077259,-0.579379,0.095653
1403636759.51356,0.201591,-0.023906,-0.169873,-0.805479,-0.082144,-0.580143,0.088829
1403636759.56356,0.195832,-0.020079,-0.185033,-0.804861,-0.085863,-0.581067,0.084778
1403636759.61356,0.189730,-0.017352,-0.198905,-0.804367,-0.089953,-0.581825,0.079882
1403636759.66356,0.182256,-0.015197,-0.210084,-0.804289,-0.092454,-0.581912,0.077133
1403636759.71356,0.173456,-0.013383,-0.219144,-0.804469,-0.094196,-0.581604,0.075458
1403636759.76356,0.166860,-0.009831,-0.225106,-0.804086,-0.094166,-0.582016,0.076397
1403636759.81356,0.159962,-0.008245,-0.228541,-0.803369,-0.095226,-0.583010,0.075036
1403636759.86356,0.152488,-0.006693,-0.231350,-0.803974,-0.094821,-0.582193,0.075404
1403636759.91356,0.144185,-0.005407,-0.235153,-0.806963,-0.095208,-0.578031,0.075007
1403636759.96356,0.135259,-0.004350,-0.239790,-0.810224,-0.095664,-0.573487,0.074144
1403636760.01356,0.125936,-0.003450,-0.244927,-0.812926,-0.095375,-0.569697,0.074161
1403636760.06356,0.116647,-0.002535,-0.250641,-0.815423,-0.094233,-0.566159,0.075290
1403636760.11357,0.120175,-0.009356,-0.251108,-0.818213,-0.094714,-0.562180,0.074238
1403636760.16357,0.112923,-0.008595,-0.256904,-0.820256,-0.094843,-0.559241,0.073720
1403636760.21357,0.107019,-0.007564,-0.261956,-0.817909,-0.093987,-0.562669,0.074799
1403636760.26357,0.101604,-0.006815,-0.266921,-0.813732,-0.093168,-0.568746,0.075416
1403636760.31357,0.096292,-0.005931,-0.272534,-0.809695,-0.091871,-0.574438,0.077296
1403636760.36357,0.091198,-0.005570,-0.279241,-0.807236,-0.092365,-0.577931,0.076381
1403636760.41357,0.085830,-0.005486,-0.286626,-0.804853,-0.093325,-0.581236,0.075274
1403636760.46357,0.079930,-0.005682,-0.294835,-0.804043,-0.094178,-0.582381,0.074011
1403636760.51357,0.073206,-0.006143,-0.303495,-0.804930,-0.095335,-0.581170,0.072386
1403636760.56357,0.066051,-0.006492,-0.312611,-0.807846,-0.096355,-0.577055,0.071469
1403636760.61357,0.058729,-0.006886,-0.321704,-0.810972,-0.097375,-0.572625,0.070308
1403636760.66357,0.051403,-0.007124,-0.330262,-0.813148,-0.099109,-0.569485,0.068220
1403636760.71357,0.044167,-0.007285,-0.338149,-0.814957,-0.100631,-0.566803,0.066731
1403636760.76357,0.036971,-0.007016,-0.345161,-0.814684,-0.102057,-0.567124,0.065157
1403636760.81357,0.030407,-0.005794,-0.351921,-0.813116,-0.102712,-0.569294,0.064782
1403636760.86357,0.023857,-0.004120,-0.358381,-0.810844,-0.103841,-0.572453,0.063607
1403636760.91357,0.017652,-0.001835,-0.364270,-0.808890,-0.104900,-0.575082,0.063040
1403636760.96357,0.011099,0.001571,-0.371136,-0.809017,-0.105048,-0.574867,0.063119
1403636761.01357,0.004373,0.005213,-0.378177,-0.811151,-0.104345,-0.571809,0.064662
1403636761.06357,-0.001847,0.010185,-0.385441,-0.813998,-0.103290,-0.567756,0.066269
1403636761.11357,-0.008117,0.015413,-0.392805,-0.817789,-0.102403,-0.562239,0.067983
1403636761.16357,-0.014030,0.021053,-0.400476,-0.822160,-0.102191,-0.555800,0.068534
1403636761.21357,-0.017900,0.027590,-0.407284,-0.825903,-0.103366,-0.550124,0.067556
1403636761.26357,-0.014205,0.029254,-0.410151,-0.828525,-0.102811,-0.546140,0.068605
1403636761.31357,-0.015620,0.035952,-0.415225,-0.829156,-0.103282,-0.545171,0.067989
1403636761.36357,-0.015575,0.043369,-0.419028,-0.827578,-0.102995,-0.547519,0.068778
1403636761.41357,-0.014312,0.051140,-0.421159,-0.823610,-0.102629,-0.553472,0.069301
1403636761.46357,-0.012204,0.059299,-0.421967,-0.819110,-0.102482,-0.560146,0.069233
1403636761.51357,-0.009569,0.067950,-0.421873,-0.814988,-0.101577,-0.566174,0.070169
1403636761.56357,-0.006733,0.076833,-0.420992,-0.811476,-0.100801,-0.571284,0.070574
1403636761.61357,-0.004127,0.085781,-0.419674,-0.808791,-0.099705,-0.575162,0.071443
1403636761.66357,-0.001727,0.094702,-0.418511,-0.807738,-0.096832,-0.576691,0.074904
1403636761.71356,0.000785,0.104308,-0.417004,-0.807131,-0.092455,-0.577524,0.080366
1403636761.76356,0.002853,0.112550,-0.415446,-0.807196,-0.088684,-0.577307,0.085364
1403636761.81356,0.004771,0.120079,-0.413201,-0.807307,-0.085379,-0.577036,0.089414
1403636761.86356,0.006352,0.127539,-0.410776,-0.807487,-0.083452,-0.576685,0.091844
1403636761.91356,0.007886,0.132303,-0.407630,-0.807974,-0.083994,-0.576122,0.090588
1403636761.96356,0.009406,0.135802,-0.403997,-0.808224,-0.085925,-0.576008,0.087213
1403636762.01356,0.011167,0.138567,-0.399732,-0.807465,-0.091160,-0.577411,0.079295
1403636762.06356,0.012722,0.140947,-0.395315,-0.806677,-0.096262,-0.578757,0.071029
1403636762.11356,0.013626,0.143169,-0.390407,-0.805768,-0.103373,-0.580009,0.060340
1403636762.16356,0.013793,0.145914,-0.385624,-0.806018,-0.108285,-0.579514,0.052654
1403636762.21356,0.012991,0.149732,-0.381422,-0.808757,-0.110053,-0.575648,0.049293
1403636762.26356,0.012118,0.154890,-0.378186,-0.813312,-0.109546,-0.569277,0.049474
1403636762.31356,0.011308,0.161073,-0.376529,-0.818081,-0.107947,-0.562562,0.051136
1403636762.36356,0.010635,0.168325,-0.377066,-0.822294,-0.106067,-0.556530,0.053458
1403636762.41356,0.011247,0.176837,-0.379744,-0.824623,-0.103431,-0.553229,0.056891
1403636762.46356,0.012110,0.186268,-0.384491,-0.825796,-0.098556,-0.551616,0.063781
1403636762.51356,0.015028,0.197017,-0.390667,-0.824070,-0.089680,-0.554109,0.076344
1403636762.56356,0.018290,0.207288,-0.399070,-0.821270,-0.081221,-0.557798,0.088201
1403636762.61356,0.022685,0.217197,-0.409465,-0.818123,-0.073055,-0.561607,0.099679
1403636762.66356,0.027693,0.225614,-0.421816,-0.814512,-0.068377,-0.566193,0.106402
1403636762.71356,0.033400,0.232019,-0.436301,-0.811682,-0.070566,-0.570484,0.103638
1403636762.76356,0.039014,0.236344,-0.452242,-0.809956,-0.074545,-0.573373,0.098274
1403636762.81356,0.044547,0.239076,-0.469421,-0.808949,-0.080477,-0.575278,0.090441
1403636762.86356,0.044800,0.236976,-0.470577,-0.789966,-0.074906,-0.600407,0.099269
1403636762.91356,0.038810,0.231008,-0.468792,-0.783334,-0.076557,-0.609734,0.093554
1403636762.96356,0.030425,0.224032,-0.475170,-0.800989,-0.082192,-0.587835,0.078171
1403636763.01356,0.022539,0.215486,-0.478863,-0.807593,-0.070927,-0.580775,0.073915
1403636763.06356,0.014667,0.206524,-0.486896,-0.808976,-0.055890,-0.580343,0.075075
1403636763.11356,0.007863,0.200369,-0.490070,-0.802815,-0.046184,-0.589816,0.073969
1403636763.16356,0.003411,0.197517,-0.489342,-0.795044,-0.038644,-0.601045,0.071806
1403636763.21356,-0.000074,0.196364,-0.496411,-0.800162,-0.034882,-0.594399,0.072199
1403636763.26356,0.000370,0.195523,-0.503185,-0.805216,-0.034100,-0.587426,0.073450
1403636763.31356,-0.001306,0.195138,-0.506797,-0.803277,-0.033533,-0.590057,0.073855
1403636763.36356,-0.005260,0.194699,-0.510914,-0.803426,-0.033916,-0.589834,0.073842
1403636763.41356,-0.008299,0.194571,-0.515586,-0.804231,-0.033235,-0.588692,0.074496
1403636763.46356,-0.011986,0.193898,-0.519990,-0.804112,-0.033576,-0.588912,0.073886
1403636763.51356,-0.015924,0.193624,-0.524624,-0.804133,-0.033209,-0.588839,0.074405
1403636763.56356,-0.019819,0.193105,-0.529318,-0.804156,-0.033347,-0.588830,0.074155
1403636763.61356,-0.024193,0.192504,-0.534077,-0.804206,-0.033150,-0.588748,0.074359
1403636763.66356,-0.028451,0.191914,-0.538865,-0.804113,-0.033302,-0.588881,0.074249
1403636763.71356,-0.032979,0.191336,-0.543854,-0.804218,-0.032996,-0.588718,0.074536
1403636763.76356,-0.037577,0.190488,-0.548762,-0.804261,-0.033228,-0.588703,0.074085
