# timestamp (sec),tracking,propagation,msckf update,slam update,slam delayed,re-tri & marg,total
1403636582.011872053146362,0.00240,0.00008,0.00094,0.00000,0.00000,0.00103,0.00446
1403636582.062813997268677,0.00341,0.00008,0.00269,0.00000,0.00000,0.00085,0.00703
1403636582.112906932830811,0.00220,0.00007,0.00144,0.00000,0.00000,0.00082,0.00454
1403636582.162701606750488,0.00271,0.00008,0.00023,0.00000,0.00004,0.00092,0.00399
1403636582.212509155273438,0.00228,0.00009,0.00017,0.00000,0.00000,0.00112,0.00367
1403636582.262373924255371,0.00269,0.00010,0.00016,0.00000,0.00000,0.00117,0.00413
1403636582.312539100646973,0.00235,0.00008,0.00020,0.00000,0.00000,0.00098,0.00362
1403636582.363483667373657,0.00231,0.00010,0.00024,0.00000,0.00000,0.00119,0.00385
1403636582.413987874984741,0.00231,0.00008,0.00073,0.00000,0.00000,0.00095,0.00408
1403636582.463906526565552,0.00251,0.00010,0.00040,0.00000,0.00000,0.00116,0.00418
1403636582.514906406402588,0.00239,0.00012,0.00108,0.00000,0.00000,0.00097,0.00456
1403636582.565330266952515,0.00201,0.00013,0.00061,0.00000,0.00000,0.00098,0.00373
1403636582.616456985473633,0.00253,0.00008,0.00136,0.00000,0.00000,0.00098,0.00496
1403636582.664199829101562,0.00247,0.00007,0.00664,0.00000,0.00000,0.00090,0.01008
1403636582.714742660522461,0.00261,0.00016,0.00226,0.00000,0.00000,0.00146,0.00649
1403636582.764732599258423,0.00255,0.00014,0.00044,0.00000,0.00000,0.00115,0.00428
1403636582.814716339111328,0.00259,0.00014,0.00061,0.00000,0.00000,0.00100,0.00434
1403636582.864674091339111,0.00207,0.00008,0.00054,0.00000,0.00000,0.00092,0.00361
1403636582.914621829986572,0.00217,0.00008,0.00050,0.00000,0.00000,0.00093,0.00367
1403636582.964612483978271,0.00235,0.00008,0.00026,0.00000,0.00000,0.00098,0.00367
1403636583.014608144760132,0.00186,0.00008,0.00028,0.00000,0.00088,0.00096,0.00406
1403636583.064623594284058,0.00212,0.00008,0.00017,0.00005,0.00067,0.00103,0.00412
1403636583.114825248718262,0.00179,0.00008,0.00003,0.00006,0.00081,0.00108,0.00385
1403636583.164948940277100,0.00180,0.00008,0.00012,0.00011,0.00113,0.00108,0.00431
1403636583.215164899826050,0.00182,0.00009,0.00029,0.00017,0.00027,0.00109,0.00372
1403636583.264992237091064,0.00184,0.00009,0.00002,0.00023,0.00643,0.00101,0.00962
1403636583.314957141876221,0.00211,0.00011,0.00013,0.00106,0.00415,0.00097,0.00853
1403636583.364940404891968,0.00239,0.00009,0.00006,0.00167,0.00311,0.00095,0.00827
1403636583.414927721023560,0.00194,0.00011,0.00026,0.00202,0.00000,0.00093,0.00527
1403636583.464792728424072,0.00192,0.00016,0.00012,0.00196,0.00132,0.00106,0.00655
1403636583.514917373657227,0.00264,0.00012,0.00050,0.00225,0.00494,0.00115,0.01160
1403636583.564786911010742,0.00222,0.00013,0.00014,0.00282,0.00000,0.00094,0.00624
1403636583.614581823348999,0.00206,0.00013,0.00284,0.00295,0.00158,0.00141,0.01096
1403636583.664529323577881,0.00247,0.00010,0.00017,0.00289,0.00022,0.00094,0.00681
1403636583.714461088180542,0.00250,0.00015,0.00079,0.00262,0.00000,0.00108,0.00715
1403636583.764437913894653,0.00238,0.00014,0.00012,0.00228,0.00038,0.00102,0.00632
1403636583.814420223236084,0.00195,0.00012,0.00062,0.00168,0.00046,0.00111,0.00594
1403636583.864335536956787,0.00242,0.00009,0.00068,0.00161,0.00035,0.00081,0.00596
1403636583.914223194122314,0.00261,0.00011,0.00027,0.00161,0.00123,0.00115,0.00699
1403636583.964146614074707,0.00206,0.00013,0.00065,0.00132,0.00089,0.00089,0.00594
1403636584.014008760452271,0.00275,0.00012,0.00065,0.00153,0.00000,0.00109,0.00614
1403636584.063958883285522,0.00204,0.00011,0.00009,0.00147,0.00203,0.00143,0.00718
1403636584.113996744155884,0.00212,0.00011,0.00001,0.00167,0.00038,0.00160,0.00588
1403636584.164038181304932,0.00226,0.00021,0.00036,0.00180,0.00000,0.00120,0.00583
1403636584.214004755020142,0.00196,0.00012,0.00192,0.00170,0.00273,0.00094,0.00938
1403636584.264014720916748,0.00202,0.00011,0.00065,0.00178,0.00043,0.00124,0.00624
1403636584.314019918441772,0.00209,0.00011,0.00153,0.00184,0.00000,0.00119,0.00676
1403636584.364022254943848,0.00211,0.00013,0.00190,0.00175,0.00000,0.00094,0.00683
1403636584.414084672927856,0.00227,0.00012,0.00121,0.00181,0.00335,0.00094,0.00970
1403636584.464086532592773,0.00281,0.00013,0.00179,0.00159,0.00235,0.00090,0.00957
1403636584.514071464538574,0.00238,0.00011,0.00058,0.00196,0.00086,0.00088,0.00677
1403636584.564078807830811,0.00203,0.00009,0.00025,0.00162,0.00031,0.00085,0.00516
1403636584.614080190658569,0.00223,0.00012,0.00049,0.00138,0.00048,0.00098,0.00568
1403636584.664065599441528,0.00245,0.00012,0.00074,0.00148,0.00043,0.00092,0.00614
1403636584.714043855667114,0.00246,0.00015,0.00109,0.00124,0.00000,0.00104,0.00599
1403636584.764068841934204,0.00269,0.00023,0.00061,0.00129,0.00000,0.00117,0.00598
1403636584.814085483551025,0.00204,0.00012,0.00020,0.00137,0.00102,0.00090,0.00564
1403636584.864106893539429,0.00187,0.00011,0.00049,0.00140,0.00004,0.00094,0.00486
1403636584.914122581481934,0.00182,0.00013,0.00032,0.00141,0.00000,0.00115,0.00484
1403636584.964156150817871,0.00280,0.00014,0.00053,0.00140,0.00020,0.00123,0.00630
1403636585.014129877090454,0.00205,0.00012,0.00071,0.00146,0.00077,0.00106,0.00617
1403636585.064033031463623,0.00198,0.00009,0.00001,0.00153,0.00377,0.00094,0.00832
1403636585.113991975784302,0.00193,0.00013,0.00001,0.00181,0.00017,0.00131,0.00535
1403636585.163956642150879,0.00210,0.00011,0.00036,0.00178,0.00271,0.00123,0.00828
1403636585.213943719863892,0.00221,0.00014,0.00033,0.00219,0.00539,0.00124,0.01150
1403636585.263945102691650,0.00201,0.00014,0.00042,0.00307,0.00006,0.00102,0.00673
1403636585.313937664031982,0.00193,0.00014,0.00052,0.00324,0.00148,0.00096,0.00826
1403636585.363945484161377,0.00203,0.00010,0.00029,0.00310,0.00000,0.00090,0.00642
1403636585.413946628570557,0.00196,0.00014,0.00011,0.00329,0.00043,0.00094,0.00686
1403636585.463946580886841,0.00191,0.00012,0.00006,0.00303,0.00012,0.00101,0.00625
1403636585.513960838317871,0.00198,0.00013,0.00531,0.00286,0.00071,0.00098,0.01198
1403636585.563956499099731,0.00267,0.00019,0.00013,0.00291,0.00014,0.00108,0.00711
1403636585.613948583602905,0.00238,0.00017,0.00032,0.00315,0.00039,0.00120,0.00760
1403636585.663952589035034,0.00253,0.00011,0.00011,0.00266,0.00016,0.00103,0.00660
1403636585.713956832885742,0.00199,0.00012,0.00006,0.00277,0.00024,0.00142,0.00661
1403636585.763958454132080,0.00182,0.00015,0.00027,0.00291,0.00009,0.00106,0.00632
1403636585.813963651657104,0.00247,0.00016,0.00030,0.00266,0.00082,0.00119,0.00759
1403636585.863959550857544,0.00243,0.00014,0.00006,0.00267,0.00223,0.00098,0.00852
1403636585.913967847824097,0.00203,0.00012,0.00032,0.00289,0.00135,0.00111,0.00782
1403636585.963969707489014,0.00205,0.00017,0.00023,0.00318,0.00000,0.00120,0.00682
1403636586.013967275619507,0.00196,0.00018,0.00007,0.00276,0.00005,0.00103,0.00605
1403636586.063968658447266,0.00269,0.00016,0.00011,0.00232,0.00005,0.00102,0.00635
1403636586.113935470581055,0.00344,0.00016,0.00553,0.00217,0.00364,0.00111,0.01605
1403636586.163929939270020,0.00239,0.00013,0.00019,0.00245,0.00004,0.00121,0.00641
1403636586.213924407958984,0.00217,0.00015,0.00010,0.00193,0.00039,0.00094,0.00568
1403636586.263906955718994,0.00399,0.00017,0.00014,0.00216,0.00086,0.00137,0.00869
1403636586.313902139663696,0.00224,0.00015,0.00001,0.00200,0.00017,0.00114,0.00571
1403636586.363903045654297,0.00223,0.00014,0.00017,0.00151,0.00002,0.00118,0.00526
1403636586.413895368576050,0.00225,0.00014,0.00104,0.00135,0.00610,0.00129,0.01218
1403636586.463899850845337,0.00200,0.00013,0.00007,0.00219,0.00013,0.00143,0.00595
1403636586.513902425765991,0.00202,0.00015,0.00030,0.00221,0.00010,0.00139,0.00617
1403636586.563901662826538,0.00187,0.00016,0.00005,0.00220,0.00000,0.00119,0.00547
1403636586.613906621932983,0.00209,0.00015,0.00027,0.00213,0.00000,0.00117,0.00581
1403636586.663921833038330,0.00196,0.00014,0.00312,0.00208,0.00281,0.00155,0.01166
1403636586.713945627212524,0.00201,0.00013,0.00695,0.00263,0.00019,0.00126,0.01318
1403636586.763931751251221,0.00262,0.00015,0.00405,0.00243,0.00037,0.00106,0.01067
1403636586.813923358917236,0.00210,0.00014,0.00009,0.00284,0.00004,0.00122,0.00643
1403636586.863903522491455,0.00237,0.00017,0.00003,0.00284,0.00000,0.00133,0.00672
1403636586.913883924484253,0.00204,0.00009,0.00003,0.00260,0.00015,0.00106,0.00597
1403636586.963861703872681,0.00193,0.00011,0.00013,0.00253,0.00041,0.00117,0.00627
1403636587.013844966888428,0.00212,0.00014,0.00109,0.00261,0.00002,0.00113,0.00711
1403636587.063823461532593,0.00236,0.00018,0.00019,0.00260,0.00003,0.00120,0.00657
1403636587.113809823989868,0.00182,0.00014,0.00018,0.00257,0.00002,0.00090,0.00563
1403636587.163803339004517,0.00155,0.00010,0.00001,0.00253,0.00000,0.00095,0.00514
1403636587.213808774948120,0.00312,0.00017,0.00001,0.00261,0.00000,0.00164,0.00756
1403636587.263815641403198,0.00240,0.00016,0.00262,0.00288,0.00003,0.00121,0.00929
1403636587.313818693161011,0.00227,0.00015,0.00762,0.00246,0.00047,0.00125,0.01422
1403636587.363828897476196,0.00211,0.00014,0.00414,0.00262,0.00000,0.00109,0.01010
1403636587.413832187652588,0.00205,0.00012,0.00068,0.00250,0.00000,0.00108,0.00644
1403636587.463838577270508,0.00219,0.00014,0.00003,0.00268,0.00000,0.00145,0.00649
1403636587.513843536376953,0.00217,0.00016,0.00039,0.00248,0.00022,0.00127,0.00670
1403636587.563848495483398,0.00262,0.00016,0.00048,0.00231,0.00000,0.00116,0.00673
1403636587.613853216171265,0.00191,0.00009,0.00106,0.00197,0.00071,0.00079,0.00653
1403636587.663855791091919,0.00213,0.00018,0.00029,0.00185,0.00012,0.00114,0.00572
1403636587.713858842849731,0.00236,0.00015,0.00021,0.00178,0.00011,0.00113,0.00574
1403636587.763863801956177,0.00219,0.00016,0.00050,0.00175,0.00011,0.00128,0.00599
1403636587.813870429992676,0.00229,0.00014,0.00076,0.00174,0.00000,0.00111,0.00604
1403636587.863877773284912,0.00202,0.00012,0.00044,0.00155,0.00446,0.00097,0.00956
1403636587.913870096206665,0.00195,0.00013,0.00602,0.00201,0.00046,0.00097,0.01154
1403636587.963876485824585,0.00221,0.00013,0.00260,0.00193,0.00124,0.00100,0.00911
1403636588.013883352279663,0.00207,0.00017,0.00011,0.00196,0.00037,0.00121,0.00589
1403636588.063888311386108,0.00220,0.00017,0.00006,0.00188,0.00000,0.00130,0.00561
1403636588.113888263702393,0.00202,0.00014,0.00015,0.00182,0.00055,0.00111,0.00578
1403636588.163880825042725,0.00188,0.00012,0.00011,0.00186,0.00204,0.00102,0.00703
1403636588.213869333267212,0.00187,0.00013,0.00009,0.00203,0.00138,0.00107,0.00656
1403636588.263854503631592,0.00191,0.00013,0.00031,0.00230,0.00162,0.00099,0.00726
1403636588.313848018646240,0.00176,0.00010,0.00001,0.00251,0.00000,0.00093,0.00532
1403636588.363832473754883,0.00183,0.00013,0.00267,0.00236,0.00219,0.00111,0.01030
1403636588.413824796676636,0.00221,0.00015,0.00001,0.00326,0.00042,0.00095,0.00699
1403636588.463817596435547,0.00198,0.00016,0.00037,0.00306,0.00000,0.00126,0.00683
1403636588.513786554336548,0.00204,0.00014,0.00871,0.00288,0.00000,0.00112,0.01489
1403636588.563782930374146,0.00219,0.00015,0.00266,0.00315,0.00000,0.00089,0.00904
1403636588.613781213760376,0.00214,0.00020,0.00001,0.00297,0.00000,0.00095,0.00628
1403636588.663778543472290,0.00217,0.00020,0.00001,0.00329,0.00000,0.00160,0.00727
1403636588.713772535324097,0.00188,0.00016,0.00030,0.00292,0.00000,0.00096,0.00622
1403636588.763768434524536,0.00208,0.00017,0.00064,0.00299,0.00000,0.00164,0.00752
1403636588.813764810562134,0.00175,0.00018,0.00038,0.00295,0.00000,0.00106,0.00632
1403636588.863763570785522,0.00157,0.00010,0.00196,0.00294,0.00000,0.00091,0.00748
1403636588.913761377334595,0.00156,0.00011,0.00019,0.00284,0.00000,0.00086,0.00556
1403636588.963752269744873,0.00191,0.00010,0.00275,0.00283,0.00000,0.00090,0.00849
1403636589.013748884201050,0.00163,0.00009,0.00003,0.00252,0.00000,0.00087,0.00515
1403636589.063744544982910,0.00228,0.00020,0.00066,0.00282,0.00000,0.00094,0.00691
1403636589.113738536834717,0.00198,0.00016,0.00729,0.00227,0.00011,0.00089,0.01270
1403636589.163733720779419,0.00205,0.00016,0.00290,0.00238,0.00108,0.00118,0.00976
1403636589.213733911514282,0.00208,0.00015,0.00029,0.00238,0.00000,0.00123,0.00612
1403636589.263732910156250,0.00230,0.00014,0.00014,0.00230,0.00000,0.00108,0.00596
1403636589.313734769821167,0.00235,0.00012,0.00037,0.00232,0.00024,0.00118,0.00659
1403636589.363734722137451,0.00198,0.00013,0.00088,0.00218,0.00042,0.00099,0.00658
1403636589.413734197616577,0.00187,0.00012,0.00009,0.00237,0.00039,0.00105,0.00589
1403636589.463733434677124,0.00244,0.00018,0.00070,0.00235,0.00008,0.00120,0.00695
1403636589.513739347457886,0.00211,0.00019,0.00270,0.00220,0.00013,0.00134,0.00867
1403636589.563745260238647,0.00258,0.00014,0.00057,0.00245,0.00031,0.00118,0.00724
1403636589.613749980926514,0.00213,0.00015,0.00021,0.00234,0.00000,0.00135,0.00619
1403636589.663753271102905,0.00208,0.00016,0.00113,0.00198,0.00036,0.00101,0.00672
1403636589.713753223419189,0.00203,0.00017,0.00553,0.00201,0.00121,0.00122,0.01216
1403636589.763751983642578,0.00199,0.00015,0.00205,0.00200,0.00106,0.00096,0.00821
1403636589.813750028610229,0.00216,0.00013,0.00289,0.00156,0.00104,0.00098,0.00876
1403636589.863750934600830,0.00297,0.00016,0.00058,0.00175,0.00000,0.00145,0.00692
1403636589.913753747940063,0.00193,0.00015,0.00054,0.00159,0.00151,0.00099,0.00670
1403636589.963757038116455,0.00172,0.00009,0.00056,0.00188,0.00000,0.00081,0.00507
1403636590.013766527175903,0.00214,0.00016,0.00015,0.00150,0.00279,0.00128,0.00802
1403636590.063770532608032,0.00192,0.00015,0.00002,0.00168,0.00066,0.00098,0.00541
1403636590.113767147064209,0.00186,0.00009,0.00345,0.00146,0.00303,0.00100,0.01089
1403636590.163770198822021,0.00211,0.00016,0.00013,0.00189,0.00036,0.00108,0.00573
1403636590.213779211044312,0.00195,0.00017,0.00012,0.00186,0.00009,0.00118,0.00537
1403636590.263789176940918,0.00179,0.00013,0.00001,0.00193,0.00000,0.00101,0.00487
1403636590.313802242279053,0.00176,0.00010,0.00222,0.00185,0.00417,0.00098,0.01108
1403636590.363811016082764,0.00191,0.00014,0.00059,0.00332,0.00046,0.00110,0.00753
1403636590.413815021514893,0.00163,0.00015,0.00577,0.00264,0.00000,0.00082,0.01102
1403636590.463816165924072,0.00213,0.00018,0.00063,0.00279,0.00000,0.00124,0.00697
1403636590.513812303543091,0.00323,0.00014,0.00056,0.00282,0.00000,0.00167,0.00842
1403636590.563807725906372,0.00252,0.00016,0.00011,0.00268,0.00000,0.00162,0.00709
1403636590.613801717758179,0.00232,0.00016,0.00011,0.00277,0.00000,0.00127,0.00663
1403636590.663792133331299,0.00245,0.00013,0.00028,0.00258,0.00000,0.00111,0.00655
1403636590.713783979415894,0.00206,0.00016,0.00388,0.00246,0.00014,0.00116,0.00986
1403636590.763770818710327,0.00238,0.00018,0.00058,0.00244,0.00013,0.00120,0.00691
1403636590.813762664794922,0.00210,0.00014,0.00008,0.00240,0.00079,0.00108,0.00658
1403636590.863756895065308,0.00211,0.00010,0.00089,0.00223,0.00000,0.00113,0.00647
1403636590.913758039474487,0.00201,0.00014,0.00067,0.00227,0.00190,0.00103,0.00801
1403636590.963760137557983,0.00199,0.00018,0.00021,0.00245,0.00071,0.00111,0.00665
1403636591.013757944107056,0.00209,0.00014,0.00634,0.00270,0.00109,0.00114,0.01351
1403636591.063757419586182,0.00194,0.00012,0.00445,0.00294,0.00000,0.00110,0.01055
1403636591.113760232925415,0.00246,0.00014,0.00008,0.00301,0.00075,0.00118,0.00763
1403636591.163760185241699,0.00224,0.00014,0.00006,0.00340,0.00000,0.00120,0.00704
1403636591.213758707046509,0.00173,0.00014,0.00035,0.00273,0.00000,0.00107,0.00602
1403636591.263754367828369,0.00264,0.00014,0.00020,0.00267,0.00000,0.00121,0.00686
1403636591.313750267028809,0.00226,0.00018,0.00376,0.00247,0.00008,0.00119,0.00993
1403636591.363748550415039,0.00193,0.00010,0.00032,0.00232,0.00062,0.00084,0.00613
1403636591.413752079010010,0.00276,0.00014,0.00093,0.00234,0.00000,0.00129,0.00746
1403636591.463755369186401,0.00214,0.00010,0.00069,0.00232,0.00036,0.00102,0.00664
1403636591.513755559921265,0.00211,0.00014,0.00041,0.00235,0.00079,0.00113,0.00693
1403636591.563756465911865,0.00227,0.00013,0.00068,0.00255,0.00062,0.00129,0.00753
1403636591.613761901855469,0.00192,0.00009,0.00265,0.00245,0.00140,0.00097,0.00949
1403636591.663776874542236,0.00225,0.00014,0.00383,0.00245,0.00113,0.00112,0.01091
1403636591.713778257369995,0.00212,0.00013,0.00042,0.00276,0.00013,0.00119,0.00675
1403636591.763777017593384,0.00571,0.00015,0.00035,0.00242,0.00000,0.00120,0.00983
1403636591.813773870468140,0.00228,0.00011,0.00272,0.00240,0.00130,0.00114,0.00994
1403636591.863769531250000,0.00242,0.00010,0.00042,0.00256,0.00000,0.00096,0.00646
1403636591.913761615753174,0.00198,0.00012,0.00245,0.00229,0.00012,0.00116,0.00813
1403636591.963755846023560,0.00226,0.00013,0.00185,0.00236,0.00218,0.00118,0.00996
1403636592.013749599456787,0.00201,0.00009,0.00026,0.00281,0.00001,0.00125,0.00643
1403636592.063744068145752,0.00191,0.00009,0.00028,0.00243,0.00063,0.00088,0.00623
1403636592.113741874694824,0.00221,0.00014,0.00017,0.00228,0.00013,0.00129,0.00622
1403636592.163738489151001,0.00213,0.00013,0.00075,0.00189,0.00050,0.00100,0.00641
1403636592.213738441467285,0.00185,0.00009,0.00074,0.00197,0.00017,0.00096,0.00578
1403636592.263726234436035,0.00261,0.00016,0.00062,0.00186,0.00291,0.00120,0.00936
1403636592.313720464706421,0.00200,0.00011,0.00036,0.00178,0.00021,0.00093,0.00539
1403636592.363720417022705,0.00251,0.00013,0.00048,0.00178,0.00000,0.00112,0.00603
1403636592.413720130920410,0.00200,0.00013,0.00208,0.00167,0.00533,0.00107,0.01227
1403636592.463725805282593,0.00218,0.00011,0.00023,0.00241,0.00044,0.00128,0.00666
1403636592.513732671737671,0.00199,0.00013,0.00085,0.00211,0.00017,0.00100,0.00624
1403636592.563740968704224,0.00234,0.00014,0.00031,0.00177,0.00119,0.00092,0.00666
1403636592.613746166229248,0.00227,0.00012,0.00032,0.00164,0.00032,0.00106,0.00573
1403636592.663752555847168,0.00163,0.00008,0.00057,0.00142,0.00000,0.00080,0.00451
1403636592.713755846023560,0.00166,0.00009,0.00048,0.00129,0.00017,0.00076,0.00444
1403636592.763750553131104,0.00251,0.00015,0.00039,0.00136,0.00000,0.00118,0.00560
1403636592.813739538192749,0.00230,0.00012,0.00015,0.00113,0.00260,0.00097,0.00727
1403636592.863721847534180,0.00228,0.00012,0.00022,0.00111,0.00061,0.00093,0.00528
1403636592.913708686828613,0.00190,0.00012,0.00014,0.00110,0.00018,0.00088,0.00433
1403636592.963704586029053,0.00226,0.00011,0.00070,0.00103,0.00006,0.00092,0.00509
1403636593.013700723648071,0.00228,0.00015,0.00070,0.00075,0.00061,0.00106,0.00555
1403636593.063686370849609,0.00217,0.00008,0.00021,0.00071,0.00006,0.00083,0.00407
1403636593.113683938980103,0.00230,0.00013,0.00035,0.00058,0.00169,0.00124,0.00629
1403636593.163688659667969,0.00262,0.00011,0.00091,0.00068,0.00268,0.00112,0.00814
1403636593.213687896728516,0.00206,0.00013,0.00025,0.00081,0.00006,0.00113,0.00445
1403636593.263695001602173,0.00209,0.00013,0.00025,0.00082,0.00052,0.00107,0.00487
1403636593.313700914382935,0.00270,0.00013,0.00017,0.00090,0.00106,0.00124,0.00620
1403636593.363706827163696,0.00259,0.00016,0.00035,0.00128,0.00245,0.00136,0.00820
1403636593.413722276687622,0.00247,0.00009,0.00011,0.00138,0.00114,0.00095,0.00614
1403636593.463731288909912,0.00236,0.00015,0.00049,0.00177,0.00066,0.00120,0.00662
1403636593.513729572296143,0.00209,0.00012,0.00052,0.00135,0.00173,0.00153,0.00733
1403636593.563733339309692,0.00206,0.00014,0.00029,0.00155,0.00378,0.00106,0.00887
1403636593.613727331161499,0.00268,0.00009,0.00050,0.00206,0.00123,0.00092,0.00748
1403636593.663712739944458,0.00235,0.00017,0.00103,0.00210,0.00213,0.00157,0.00936
1403636593.713705539703369,0.00239,0.00011,0.00443,0.00210,0.00044,0.00111,0.01059
1403636593.763690233230591,0.00216,0.00009,0.00100,0.00195,0.00009,0.00096,0.00625
1403636593.813674449920654,0.00285,0.00009,0.00057,0.00170,0.00074,0.00097,0.00692
1403636593.863639831542969,0.00232,0.00016,0.00247,0.00160,0.00145,0.00112,0.00913
1403636593.913618087768555,0.00282,0.00015,0.00315,0.00176,0.00105,0.00185,0.01078
1403636593.963610649108887,0.00199,0.00010,0.00079,0.00177,0.00077,0.00091,0.00631
1403636594.013614416122437,0.00260,0.00017,0.00061,0.00180,0.00001,0.00157,0.00675
1403636594.063613653182983,0.00297,0.00019,0.00045,0.00138,0.00032,0.00107,0.00639
1403636594.113621711730957,0.00238,0.00015,0.00111,0.00126,0.00053,0.00115,0.00657
1403636594.163640975952148,0.00325,0.00014,0.00079,0.00123,0.00134,0.00112,0.00789
1403636594.213649034500122,0.00260,0.00012,0.00054,0.00122,0.00007,0.00092,0.00548
1403636594.263658523559570,0.00213,0.00014,0.00088,0.00107,0.00035,0.00116,0.00573
1403636594.313657999038696,0.00272,0.00011,0.00104,0.00078,0.00136,0.00108,0.00709
1403636594.363653659820557,0.00229,0.00014,0.00083,0.00071,0.00297,0.00092,0.00786
1403636594.413643836975098,0.00211,0.00014,0.00068,0.00094,0.00015,0.00156,0.00558
1403636594.463625669479370,0.00257,0.00013,0.00006,0.00091,0.00365,0.00149,0.00881
1403636594.513617992401123,0.00225,0.00012,0.00124,0.00094,0.00007,0.00142,0.00605
1403636594.563615083694458,0.00234,0.00013,0.00086,0.00131,0.00092,0.00096,0.00651
1403636594.613614559173584,0.00270,0.00012,0.00038,0.00071,0.00318,0.00093,0.00803
1403636594.663609266281128,0.00273,0.00012,0.00060,0.00109,0.00000,0.00098,0.00551
1403636594.713592290878296,0.00264,0.00012,0.00065,0.00086,0.00367,0.00117,0.00910
1403636594.763590335845947,0.00286,0.00012,0.00090,0.00129,0.00014,0.00098,0.00628
1403636594.813587188720703,0.00221,0.00012,0.00044,0.00121,0.00007,0.00101,0.00508
1403636594.863582849502563,0.00259,0.00011,0.00042,0.00112,0.00224,0.00112,0.00759
1403636594.913584470748901,0.00244,0.00012,0.00049,0.00104,0.00088,0.00083,0.00581
1403636594.963592767715454,0.00272,0.00009,0.00021,0.00088,0.00028,0.00078,0.00496
1403636595.013586997985840,0.00316,0.00012,0.00145,0.00071,0.00119,0.00083,0.00746
1403636595.063581228256226,0.00253,0.00018,0.00141,0.00104,0.00007,0.00105,0.00627
1403636595.113571405410767,0.00246,0.00016,0.00047,0.00095,0.00007,0.00087,0.00498
1403636595.163565874099731,0.00220,0.00011,0.00071,0.00071,0.00089,0.00084,0.00546
1403636595.213558197021484,0.00250,0.00009,0.00027,0.00086,0.00013,0.00127,0.00512
1403636595.263557672500610,0.00243,0.00013,0.00027,0.00077,0.00007,0.00105,0.00472
1403636595.313549995422363,0.00213,0.00008,0.00056,0.00067,0.00238,0.00083,0.00666
1403636595.363559722900391,0.00224,0.00013,0.00024,0.00104,0.00002,0.00111,0.00477
1403636595.413563728332520,0.00200,0.00016,0.00023,0.00090,0.00020,0.00095,0.00444
1403636595.463564157485962,0.00251,0.00010,0.00032,0.00081,0.00000,0.00114,0.00489
1403636595.513565540313721,0.00234,0.00009,0.00018,0.00089,0.00074,0.00088,0.00511
1403636595.563564777374268,0.00210,0.00010,0.00020,0.00096,0.00206,0.00098,0.00641
1403636595.613576412200928,0.00203,0.00014,0.00017,0.00119,0.00381,0.00121,0.00856
1403636595.663577318191528,0.00204,0.00014,0.00019,0.00157,0.00262,0.00114,0.00771
1403636595.713589429855347,0.00206,0.00016,0.00040,0.00187,0.00399,0.00089,0.00937
1403636595.763579368591309,0.00273,0.00016,0.00345,0.00287,0.00066,0.00096,0.01082
1403636595.813571453094482,0.00220,0.00016,0.00253,0.00168,0.00003,0.00119,0.00779
1403636595.863559484481812,0.00242,0.00012,0.00119,0.00143,0.00357,0.00120,0.00993
1403636595.913567304611206,0.00320,0.00016,0.00052,0.00150,0.00034,0.00085,0.00658
1403636595.963567972183228,0.00220,0.00015,0.00045,0.00149,0.00013,0.00117,0.00560
1403636596.013551235198975,0.00193,0.00013,0.00043,0.00122,0.00356,0.00090,0.00816
1403636596.063542366027832,0.00299,0.00011,0.00041,0.00151,0.00041,0.00120,0.00664
1403636596.113537311553955,0.00242,0.00018,0.00044,0.00140,0.00001,0.00121,0.00566
1403636596.163549184799194,0.00203,0.00011,0.00029,0.00181,0.00066,0.00094,0.00584
1403636596.213560342788696,0.00197,0.00009,0.00001,0.00141,0.00067,0.00100,0.00513
1403636596.263569355010986,0.00189,0.00012,0.00009,0.00140,0.00009,0.00098,0.00457
1403636596.313571691513062,0.00184,0.00012,0.00028,0.00149,0.00474,0.00112,0.00959
1403636596.363567590713501,0.00298,0.00016,0.00057,0.00228,0.00211,0.00094,0.00903
1403636596.413547754287720,0.00237,0.00017,0.00282,0.00223,0.00058,0.00098,0.00915
1403636596.463544607162476,0.00235,0.00018,0.00403,0.00241,0.00078,0.00171,0.01146
1403636596.513551712036133,0.00236,0.00012,0.00006,0.00249,0.00001,0.00174,0.00678
1403636596.563551902770996,0.00333,0.00016,0.00084,0.00253,0.00056,0.00108,0.00851
1403636596.613547563552856,0.00251,0.00012,0.00421,0.00214,0.00077,0.00105,0.01080
1403636596.663553953170776,0.00225,0.00010,0.00034,0.00233,0.00054,0.00097,0.00653
1403636596.713560342788696,0.00231,0.00010,0.00032,0.00243,0.00077,0.00134,0.00727
1403636596.763565301895142,0.00240,0.00015,0.00047,0.00255,0.00000,0.00139,0.00696
1403636596.813569307327271,0.00232,0.00012,0.00001,0.00266,0.00026,0.00136,0.00673
1403636596.863570213317871,0.00230,0.00015,0.00085,0.00237,0.00000,0.00112,0.00680
1403636596.913569927215576,0.00251,0.00019,0.00607,0.00241,0.00176,0.00131,0.01425
1403636596.963573217391968,0.00218,0.00013,0.00203,0.00286,0.00000,0.00113,0.00832
1403636597.013573884963989,0.00254,0.00017,0.00274,0.00268,0.00000,0.00138,0.00952
1403636597.063575744628906,0.00233,0.00018,0.00419,0.00266,0.00000,0.00106,0.01042
1403636597.113570213317871,0.00236,0.00019,0.00727,0.00256,0.00018,0.00108,0.01363
1403636597.163568019866943,0.00250,0.00013,0.00034,0.00259,0.00074,0.00120,0.00751
1403636597.213563919067383,0.00207,0.00013,0.00415,0.00214,0.00015,0.00169,0.01033
1403636597.263556480407715,0.00264,0.00016,0.00039,0.00195,0.00013,0.00094,0.00622
1403636597.313549757003784,0.00259,0.00015,0.00093,0.00168,0.00016,0.00091,0.00641
1403636597.363541841506958,0.00249,0.00015,0.00046,0.00199,0.00009,0.00120,0.00639
1403636597.413541555404663,0.00255,0.00013,0.00067,0.00158,0.00012,0.00108,0.00614
1403636597.463541030883789,0.00210,0.00012,0.00132,0.00143,0.00000,0.00091,0.00589
1403636597.513548374176025,0.00257,0.00014,0.00193,0.00129,0.00063,0.00110,0.00765
1403636597.563555240631104,0.00286,0.00021,0.00110,0.00171,0.00097,0.00118,0.00802
1403636597.613558769226074,0.00211,0.00013,0.00045,0.00193,0.00142,0.00117,0.00721
1403636597.663557767868042,0.00228,0.00016,0.00068,0.00166,0.00168,0.00093,0.00737
1403636597.713554382324219,0.00231,0.00015,0.00049,0.00199,0.00111,0.00090,0.00695
1403636597.763550519943237,0.00205,0.00014,0.00010,0.00220,0.00002,0.00092,0.00544
1403636597.813549757003784,0.00239,0.00015,0.00139,0.00191,0.00083,0.00107,0.00774
1403636597.863549947738647,0.00206,0.00014,0.00034,0.00231,0.00126,0.00095,0.00706
1403636597.913548946380615,0.00215,0.00010,0.00019,0.00213,0.00007,0.00096,0.00560
1403636597.963551044464111,0.00192,0.00009,0.00024,0.00178,0.00186,0.00083,0.00673
1403636598.013551950454712,0.00226,0.00019,0.00015,0.00230,0.00050,0.00128,0.00668
1403636598.063554525375366,0.00213,0.00019,0.00324,0.00223,0.00224,0.00124,0.01127
1403636598.113557100296021,0.00225,0.00014,0.00229,0.00308,0.00010,0.00113,0.00898
1403636598.163560152053833,0.00192,0.00013,0.00234,0.00270,0.00012,0.00097,0.00819
1403636598.213557243347168,0.00237,0.00016,0.00079,0.00264,0.00003,0.00121,0.00720
1403636598.263552665710449,0.00169,0.00009,0.00032,0.00250,0.00038,0.00086,0.00585
1403636598.363539934158325,0.00337,0.00019,0.00064,0.00260,0.00018,0.00086,0.00785
1403636598.413533210754395,0.00224,0.00016,0.00053,0.00238,0.00044,0.00129,0.00704
1403636598.463528394699097,0.00221,0.00016,0.00044,0.00241,0.00113,0.00117,0.00751
1403636598.513516426086426,0.00289,0.00011,0.00405,0.00235,0.00000,0.00096,0.01036
1403636598.563519716262817,0.00227,0.00010,0.00011,0.00238,0.00006,0.00102,0.00595
1403636598.613522052764893,0.00239,0.00016,0.00049,0.00234,0.00024,0.00135,0.00697
1403636598.663525819778442,0.00219,0.00011,0.00032,0.00254,0.00016,0.00120,0.00653
1403636598.713527202606201,0.00205,0.00010,0.00155,0.00201,0.00174,0.00106,0.00850
1403636598.763530969619751,0.00207,0.00017,0.00115,0.00231,0.00086,0.00119,0.00776
1403636598.813527584075928,0.00218,0.00012,0.00314,0.00245,0.00038,0.00197,0.01023
1403636598.863532781600952,0.00282,0.00014,0.00109,0.00226,0.00002,0.00122,0.00755
1403636598.913542985916138,0.00207,0.00013,0.00380,0.00212,0.00073,0.00098,0.00983
1403636598.963543891906738,0.00232,0.00010,0.00044,0.00190,0.00009,0.00102,0.00586
1403636599.013541221618652,0.00191,0.00013,0.00031,0.00183,0.00116,0.00134,0.00669
1403636599.063544273376465,0.00249,0.00012,0.00153,0.00179,0.00129,0.00096,0.00817
1403636599.113544702529907,0.00238,0.00017,0.00160,0.00221,0.00268,0.00109,0.01013
1403636599.163546085357666,0.00226,0.00013,0.00030,0.00184,0.00006,0.00117,0.00576
1403636599.213546276092529,0.00257,0.00022,0.00075,0.00174,0.00059,0.00117,0.00703
1403636599.263546705245972,0.00265,0.00015,0.00002,0.00179,0.00011,0.00108,0.00581
1403636599.313548564910889,0.00220,0.00022,0.00057,0.00202,0.00157,0.00093,0.00751
1403636599.363549470901489,0.00260,0.00017,0.00025,0.00192,0.00056,0.00130,0.00681
1403636599.413554191589355,0.00219,0.00017,0.00050,0.00177,0.00229,0.00113,0.00804
1403636599.463557243347168,0.00194,0.00015,0.00028,0.00201,0.00034,0.00093,0.00565
1403636599.513560533523560,0.00229,0.00010,0.00226,0.00177,0.00221,0.00088,0.00950
1403636599.563561916351318,0.00191,0.00009,0.00014,0.00207,0.00000,0.00086,0.00508
1403636599.613562822341919,0.00214,0.00017,0.00098,0.00206,0.00130,0.00115,0.00780
1403636599.663560867309570,0.00264,0.00009,0.00041,0.00205,0.00117,0.00101,0.00738
1403636599.713562965393066,0.00204,0.00013,0.00089,0.00244,0.00113,0.00095,0.00758
1403636599.763566255569458,0.00224,0.00012,0.00148,0.00224,0.00039,0.00113,0.00761
1403636599.813570976257324,0.00214,0.00017,0.00057,0.00272,0.00044,0.00180,0.00784
1403636599.863567829132080,0.00185,0.00010,0.00003,0.00243,0.00043,0.00095,0.00578
1403636599.913565874099731,0.00212,0.00019,0.00256,0.00240,0.00005,0.00100,0.00832
1403636599.963565587997437,0.00193,0.00014,0.00003,0.00245,0.00013,0.00092,0.00560
1403636600.013566255569458,0.00212,0.00017,0.00049,0.00282,0.00097,0.00112,0.00769
1403636600.063566446304321,0.00223,0.00015,0.00008,0.00259,0.00037,0.00126,0.00668
1403636600.113566398620605,0.00200,0.00014,0.00315,0.00250,0.00004,0.00135,0.00918
1403636600.163566350936890,0.00174,0.00014,0.00030,0.00239,0.00002,0.00093,0.00552
1403636600.213565826416016,0.00215,0.00012,0.00311,0.00235,0.00027,0.00127,0.00928
1403636600.263566017150879,0.00199,0.00014,0.00001,0.00245,0.00049,0.00119,0.00628
1403636600.313565492630005,0.00141,0.00010,0.00001,0.00247,0.00013,0.00092,0.00504
1403636600.363565683364868,0.00152,0.00010,0.00118,0.00236,0.00005,0.00087,0.00608
1403636600.413564920425415,0.00209,0.00017,0.00013,0.00263,0.00035,0.00165,0.00702
1403636600.463564872741699,0.00213,0.00010,0.00001,0.00297,0.00000,0.00121,0.00642
1403636600.513565063476562,0.00218,0.00016,0.00085,0.00283,0.00081,0.00141,0.00823
1403636600.563564538955688,0.00197,0.00009,0.00001,0.00263,0.00015,0.00105,0.00591
1403636600.613564491271973,0.00196,0.00016,0.00007,0.00262,0.00014,0.00120,0.00614
1403636600.663564205169678,0.00177,0.00009,0.00001,0.00253,0.00000,0.00091,0.00532
1403636600.713564157485962,0.00195,0.00014,0.00110,0.00258,0.00004,0.00093,0.00674
1403636600.763564109802246,0.00193,0.00017,0.00001,0.00263,0.00006,0.00095,0.00575
1403636600.813564062118530,0.00203,0.00014,0.00194,0.00312,0.00004,0.00098,0.00825
1403636600.863563776016235,0.00195,0.00012,0.00001,0.00291,0.00004,0.00178,0.00680
1403636600.913563489913940,0.00250,0.00017,0.00001,0.00339,0.00023,0.00129,0.00759
1403636600.963564157485962,0.00229,0.00021,0.00104,0.00258,0.00005,0.00136,0.00754
1403636601.013563871383667,0.00270,0.00015,0.00028,0.00344,0.00032,0.00118,0.00807
1403636601.063563585281372,0.00260,0.00013,0.00001,0.00305,0.00000,0.00118,0.00696
1403636601.113563299179077,0.00214,0.00016,0.00090,0.00264,0.00005,0.00119,0.00707
1403636601.163563013076782,0.00182,0.00012,0.00001,0.00265,0.00017,0.00122,0.00599
1403636601.213563203811646,0.00203,0.00014,0.00007,0.00266,0.00014,0.00129,0.00633
1403636601.263562917709351,0.00193,0.00009,0.00001,0.00262,0.00000,0.00111,0.00576
1403636601.313562870025635,0.00176,0.00010,0.00112,0.00257,0.00004,0.00106,0.00665
1403636601.363562583923340,0.00187,0.00019,0.00001,0.00270,0.00004,0.00120,0.00602
1403636601.413562297821045,0.00191,0.00014,0.00142,0.00268,0.00003,0.00125,0.00743
1403636601.463562488555908,0.00175,0.00010,0.00001,0.00275,0.00004,0.00110,0.00574
1403636601.513562202453613,0.00187,0.00014,0.00001,0.00267,0.00015,0.00117,0.00600
1403636601.563562631607056,0.00233,0.00012,0.00142,0.00261,0.00004,0.00135,0.00786
1403636601.613562583923340,0.00195,0.00012,0.00027,0.00264,0.00024,0.00108,0.00631
1403636601.663562297821045,0.00184,0.00010,0.00001,0.00265,0.00000,0.00168,0.00628
1403636601.713562011718750,0.00204,0.00013,0.00086,0.00262,0.00005,0.00125,0.00695
1403636601.763561725616455,0.00191,0.00010,0.00001,0.00265,0.00015,0.00110,0.00591
1403636601.813561677932739,0.00219,0.00015,0.00008,0.00277,0.00015,0.00120,0.00656
1403636601.863561391830444,0.00210,0.00012,0.00001,0.00316,0.00000,0.00129,0.00669
1403636601.913561105728149,0.00185,0.00011,0.00114,0.00272,0.00004,0.00158,0.00744
1403636601.963561296463013,0.00221,0.00010,0.00001,0.00301,0.00009,0.00146,0.00688
1403636602.013561010360718,0.00200,0.00014,0.00140,0.00273,0.00004,0.00117,0.00748
1403636602.063560724258423,0.00176,0.00018,0.00001,0.00295,0.00004,0.00101,0.00595
1403636602.113560438156128,0.00184,0.00009,0.00001,0.00264,0.00019,0.00117,0.00593
1403636602.163560867309570,0.00183,0.00012,0.00100,0.00260,0.00004,0.00141,0.00700
1403636602.213560819625854,0.00201,0.00014,0.00028,0.00269,0.00024,0.00122,0.00658
1403636602.263560533523560,0.00164,0.00012,0.00001,0.00261,0.00000,0.00116,0.00553
1403636602.313560247421265,0.00195,0.00014,0.00093,0.00258,0.00005,0.00094,0.00659
1403636602.363559961318970,0.00209,0.00012,0.00001,0.00271,0.00016,0.00131,0.00639
1403636602.413559913635254,0.00228,0.00010,0.00006,0.00258,0.00014,0.00106,0.00623
1403636602.463559865951538,0.00166,0.00012,0.00001,0.00266,0.00000,0.00118,0.00563
1403636602.513559579849243,0.00198,0.00014,0.00112,0.00333,0.00004,0.00126,0.00787
1403636602.563559532165527,0.00189,0.00009,0.00001,0.00318,0.00005,0.00127,0.00650
1403636602.613559246063232,0.00171,0.00010,0.00138,0.00261,0.00003,0.00097,0.00681
1403636602.663558959960938,0.00198,0.00013,0.00001,0.00281,0.00004,0.00095,0.00591
1403636602.713558912277222,0.00202,0.00014,0.00001,0.00267,0.00014,0.00125,0.00622
1403636602.763559103012085,0.00173,0.00009,0.00099,0.00257,0.00004,0.00164,0.00707
1403636602.813559055328369,0.00217,0.00014,0.00031,0.00278,0.00026,0.00124,0.00690
1403636602.863558769226074,0.00197,0.00011,0.00001,0.00267,0.00000,0.00157,0.00634
1403636602.913558244705200,0.00183,0.00013,0.00084,0.00310,0.00006,0.00118,0.00714
1403636602.963558435440063,0.00180,0.00010,0.00001,0.00260,0.00017,0.00101,0.00569
1403636603.013558149337769,0.00190,0.00014,0.00006,0.00269,0.00015,0.00123,0.00616
1403636603.063557863235474,0.00186,0.00009,0.00001,0.00270,0.00000,0.00108,0.00574
1403636603.113557815551758,0.00172,0.00010,0.00121,0.00272,0.00006,0.00119,0.00700
1403636603.163557529449463,0.00210,0.00011,0.00001,0.00284,0.00004,0.00109,0.00620
1403636603.213557481765747,0.00192,0.00014,0.00139,0.00265,0.00004,0.00116,0.00730
1403636603.263557434082031,0.00169,0.00009,0.00001,0.00294,0.00004,0.00126,0.00604
1403636603.313557147979736,0.00197,0.00013,0.00001,0.00266,0.00018,0.00156,0.00651
1403636603.363557338714600,0.00190,0.00011,0.00121,0.00273,0.00005,0.00139,0.00739
1403636603.413557291030884,0.00224,0.00014,0.00027,0.00262,0.00022,0.00112,0.00662
1403636603.463557243347168,0.00191,0.00009,0.00001,0.00262,0.00000,0.00166,0.00629
1403636603.513556718826294,0.00211,0.00019,0.00092,0.00259,0.00005,0.00107,0.00692
1403636603.563556671142578,0.00210,0.00011,0.00001,0.00262,0.00015,0.00127,0.00627
1403636603.613556385040283,0.00178,0.00009,0.00006,0.00261,0.00015,0.00115,0.00584
1403636603.663556098937988,0.00173,0.00010,0.00001,0.00264,0.00000,0.00162,0.00610
1403636603.713556289672852,0.00191,0.00014,0.00110,0.00347,0.00007,0.00112,0.00781
1403636603.763556003570557,0.00176,0.00010,0.00001,0.00266,0.00004,0.00099,0.00556
1403636603.813555955886841,0.00196,0.00014,0.00142,0.00304,0.00007,0.00130,0.00792
1403636603.863555669784546,0.00183,0.00010,0.00001,0.00260,0.00004,0.00098,0.00556
1403636603.913555383682251,0.00171,0.00014,0.00001,0.00290,0.00013,0.00100,0.00589
1403636603.963556051254272,0.00177,0.00009,0.00096,0.00308,0.00008,0.00131,0.00728
1403636604.013555765151978,0.00206,0.00014,0.00027,0.00305,0.00023,0.00116,0.00691
1403636604.063555479049683,0.00195,0.00012,0.00001,0.00264,0.00000,0.00135,0.00607
1403636604.113555192947388,0.00198,0.00013,0.00083,0.00262,0.00005,0.00118,0.00679
1403636604.163554906845093,0.00208,0.00009,0.00001,0.00259,0.00015,0.00109,0.00600
1403636604.213554859161377,0.00185,0.00014,0.00007,0.00263,0.00015,0.00121,0.00605
1403636604.263554573059082,0.00154,0.00009,0.00001,0.00253,0.00000,0.00091,0.00508
1403636604.313554525375366,0.00207,0.00014,0.00116,0.00261,0.00003,0.00130,0.00732
1403636604.363554239273071,0.00176,0.00012,0.00001,0.00265,0.00005,0.00120,0.00579
1403636604.413553953170776,0.00203,0.00014,0.00140,0.00283,0.00004,0.00096,0.00740
1403636604.463553905487061,0.00146,0.00010,0.00001,0.00258,0.00004,0.00097,0.00517
1403636604.513553857803345,0.00201,0.00016,0.00001,0.00272,0.00013,0.00125,0.00628
1403636604.563554048538208,0.00181,0.00009,0.00095,0.00254,0.00005,0.00104,0.00647
1403636604.613553762435913,0.00235,0.00014,0.00031,0.00308,0.00023,0.00127,0.00739
1403636604.663553476333618,0.00183,0.00016,0.00001,0.00282,0.00000,0.00094,0.00576
1403636604.713553428649902,0.00171,0.00010,0.00084,0.00247,0.00005,0.00096,0.00613
1403636604.763553142547607,0.00143,0.00010,0.00001,0.00257,0.00015,0.00102,0.00527
1403636604.813552856445312,0.00144,0.00010,0.00007,0.00253,0.00013,0.00087,0.00514
1403636604.863552808761597,0.00211,0.00013,0.00001,0.00293,0.00000,0.00106,0.00624
1403636604.913552522659302,0.00212,0.00010,0.00112,0.00258,0.00004,0.00093,0.00689
1403636604.963552713394165,0.00199,0.00012,0.00001,0.00268,0.00005,0.00129,0.00614
1403636605.013552427291870,0.00187,0.00018,0.00138,0.00263,0.00004,0.00125,0.00735
1403636605.063552141189575,0.00197,0.00012,0.00001,0.00269,0.00005,0.00125,0.00610
1403636605.113552093505859,0.00173,0.00009,0.00001,0.00289,0.00015,0.00120,0.00606
1403636605.163552284240723,0.00191,0.00012,0.00096,0.00259,0.00004,0.00130,0.00691
1403636605.213552236557007,0.00179,0.00009,0.00025,0.00265,0.00023,0.00102,0.00604
1403636605.263552188873291,0.00192,0.00009,0.00001,0.00332,0.00000,0.00173,0.00707
1403636605.313551664352417,0.00191,0.00014,0.00084,0.00261,0.00006,0.00105,0.00660
1403636605.363551616668701,0.00223,0.00017,0.00005,0.00289,0.00015,0.00132,0.00681
1403636605.413551330566406,0.00172,0.00009,0.00006,0.00266,0.00014,0.00105,0.00573
1403636605.463551282882690,0.00170,0.00009,0.00001,0.00262,0.00000,0.00112,0.00554
1403636605.513551235198975,0.00183,0.00014,0.00114,0.00261,0.00004,0.00117,0.00692
1403636605.563550949096680,0.00198,0.00016,0.00002,0.00271,0.00004,0.00091,0.00583
1403636605.613550662994385,0.00200,0.00015,0.00138,0.00256,0.00004,0.00091,0.00704
1403636605.663550615310669,0.00204,0.00012,0.00001,0.00272,0.00004,0.00126,0.00620
1403636605.713550567626953,0.00186,0.00014,0.00001,0.00312,0.00013,0.00184,0.00710
1403636605.763550996780396,0.00181,0.00010,0.00097,0.00263,0.00005,0.00108,0.00665
1403636605.813550710678101,0.00205,0.00020,0.00049,0.00301,0.00042,0.00120,0.00737
1403636605.863550662994385,0.00201,0.00012,0.00001,0.00269,0.00000,0.00128,0.00611
1403636605.913550138473511,0.00172,0.00009,0.00086,0.00302,0.00006,0.00136,0.00712
1403636605.963550329208374,0.00189,0.00011,0.00001,0.00263,0.00017,0.00120,0.00601
1403636606.013550281524658,0.00169,0.00009,0.00006,0.00262,0.00014,0.00100,0.00560
1403636606.063549995422363,0.00164,0.00009,0.00001,0.00258,0.00000,0.00099,0.00531
1403636606.113549947738647,0.00172,0.00009,0.00115,0.00308,0.00004,0.00138,0.00746
1403636606.163549661636353,0.00199,0.00011,0.00001,0.00276,0.00004,0.00125,0.00616
1403636606.213549852371216,0.00183,0.00018,0.00138,0.00259,0.00007,0.00145,0.00751
1403636606.263549566268921,0.00198,0.00012,0.00001,0.00275,0.00005,0.00130,0.00621
1403636606.313549518585205,0.00175,0.00012,0.00001,0.00263,0.00013,0.00108,0.00571
1403636606.363549947738647,0.00170,0.00009,0.00095,0.00262,0.00004,0.00109,0.00649
1403636606.413549661636353,0.00184,0.00009,0.00027,0.00265,0.00023,0.00108,0.00616
1403636606.463549852371216,0.00185,0.00012,0.00001,0.00261,0.00000,0.00120,0.00579
1403636606.513549566268921,0.00138,0.00011,0.00080,0.00295,0.00005,0.00086,0.00615
1403636606.563549280166626,0.00184,0.00009,0.00001,0.00253,0.00015,0.00128,0.00591
1403636606.613549232482910,0.00199,0.00014,0.00006,0.00271,0.00015,0.00186,0.00691
1403636606.663548946380615,0.00191,0.00011,0.00001,0.00266,0.00000,0.00134,0.00603
1403636606.713549137115479,0.00173,0.00012,0.00115,0.00260,0.00004,0.00148,0.00712
1403636606.763549089431763,0.00210,0.00012,0.00001,0.00270,0.00004,0.00124,0.00621
1403636606.813548803329468,0.00169,0.00012,0.00139,0.00286,0.00005,0.00126,0.00737
1403636606.863548755645752,0.00203,0.00017,0.00001,0.00263,0.00004,0.00105,0.00593
1403636606.913548469543457,0.00237,0.00014,0.00001,0.00320,0.00014,0.00105,0.00691
1403636606.963549137115479,0.00194,0.00011,0.00096,0.00270,0.00005,0.00139,0.00714
1403636607.013548851013184,0.00199,0.00018,0.00028,0.00259,0.00024,0.00123,0.00651
1403636607.063548803329468,0.00190,0.00012,0.00001,0.00266,0.00000,0.00157,0.00625
1403636607.113548517227173,0.00183,0.00012,0.00083,0.00280,0.00006,0.00128,0.00691
1403636607.163548231124878,0.00202,0.00011,0.00001,0.00264,0.00016,0.00121,0.00616
1403636607.213548421859741,0.00180,0.00011,0.00006,0.00291,0.00024,0.00137,0.00649
1403636607.263548374176025,0.00168,0.00009,0.00001,0.00266,0.00000,0.00108,0.00552
1403636607.313548326492310,0.00169,0.00009,0.00109,0.00263,0.00004,0.00118,0.00673
1403636607.363548040390015,0.00173,0.00009,0.00001,0.00306,0.00004,0.00105,0.00598
1403636607.413547992706299,0.00167,0.00009,0.00143,0.00264,0.00004,0.00102,0.00689
1403636607.463548183441162,0.00165,0.00010,0.00001,0.00256,0.00005,0.00105,0.00541
1403636607.513547897338867,0.00168,0.00009,0.00001,0.00260,0.00013,0.00106,0.00557
1403636607.563548326492310,0.00166,0.00009,0.00094,0.00260,0.00004,0.00106,0.00639
1403636607.613548040390015,0.00195,0.00015,0.00033,0.00258,0.00023,0.00126,0.00649
1403636607.663547992706299,0.00234,0.00012,0.00001,0.00267,0.00000,0.00129,0.00643
1403636607.713547945022583,0.00166,0.00014,0.00086,0.00271,0.00006,0.00131,0.00673
1403636607.763547897338867,0.00215,0.00021,0.00003,0.00284,0.00016,0.00154,0.00693
1403636607.813547611236572,0.00179,0.00013,0.00007,0.00263,0.00014,0.00127,0.00603
1403636607.863547563552856,0.00203,0.00012,0.00001,0.00269,0.00000,0.00133,0.00616
1403636607.913547515869141,0.00175,0.00011,0.00122,0.00287,0.00005,0.00128,0.00727
1403636607.963547468185425,0.00188,0.00016,0.00001,0.00265,0.00004,0.00102,0.00576
1403636608.013547420501709,0.00151,0.00010,0.00144,0.00302,0.00004,0.00096,0.00706
1403636608.063547372817993,0.00200,0.00017,0.00001,0.00255,0.00004,0.00095,0.00572
1403636608.113547086715698,0.00196,0.00014,0.00001,0.00267,0.00013,0.00130,0.00621
1403636608.163547515869141,0.00169,0.00010,0.00097,0.00255,0.00005,0.00106,0.00642
1403636608.213547468185425,0.00164,0.00009,0.00025,0.00261,0.00023,0.00107,0.00589
1403636608.263547420501709,0.00183,0.00019,0.00001,0.00262,0.00000,0.00120,0.00584
1403636608.313547134399414,0.00194,0.00013,0.00084,0.00260,0.00005,0.00139,0.00695
1403636608.363547086715698,0.00200,0.00010,0.00001,0.00262,0.00016,0.00123,0.00612
1403636608.413546800613403,0.00196,0.00014,0.00006,0.00284,0.00015,0.00098,0.00612
1403636608.463546991348267,0.00446,0.00012,0.00001,0.00261,0.00000,0.00115,0.00835
1403636608.513546943664551,0.00162,0.00009,0.00129,0.00272,0.00004,0.00088,0.00665
1403636608.563546657562256,0.00195,0.00012,0.00001,0.00263,0.00004,0.00131,0.00607
1403636608.613546609878540,0.00185,0.00013,0.00140,0.00282,0.00004,0.00126,0.00751
1403636608.663546323776245,0.00214,0.00013,0.00001,0.00265,0.00007,0.00130,0.00631
1403636608.713546514511108,0.00203,0.00014,0.00001,0.00325,0.00015,0.00123,0.00680
1403636608.763546705245972,0.00157,0.00014,0.00110,0.00250,0.00004,0.00095,0.00630
1403636608.813546657562256,0.00128,0.00009,0.00026,0.00248,0.00023,0.00085,0.00519
1403636608.863546609878540,0.00198,0.00016,0.00001,0.00257,0.00000,0.00089,0.00560
1403636608.913546323776245,0.00198,0.00016,0.00090,0.00261,0.00005,0.00127,0.00696
1403636608.963546276092529,0.00179,0.00010,0.00001,0.00262,0.00017,0.00107,0.00576
1403636609.013546228408813,0.00176,0.00014,0.00007,0.00264,0.00015,0.00128,0.00604
1403636609.063546180725098,0.00197,0.00011,0.00001,0.00323,0.00000,0.00094,0.00627
1403636609.113545894622803,0.00158,0.00015,0.00108,0.00252,0.00003,0.00101,0.00638
1403636609.163545846939087,0.00196,0.00012,0.00001,0.00301,0.00007,0.00106,0.00623
1403636609.213546037673950,0.00192,0.00013,0.00136,0.00264,0.00004,0.00162,0.00771
1403636609.263545751571655,0.00197,0.00011,0.00001,0.00263,0.00009,0.00148,0.00630
1403636609.313545703887939,0.00187,0.00018,0.00001,0.00267,0.00015,0.00127,0.00615
1403636609.363545894622803,0.00196,0.00016,0.00098,0.00253,0.00004,0.00101,0.00668
1403636609.413545846939087,0.00189,0.00014,0.00028,0.00261,0.00022,0.00129,0.00643
1403636609.463546037673950,0.00166,0.00009,0.00001,0.00268,0.00000,0.00134,0.00577
1403636609.513545751571655,0.00172,0.00016,0.00123,0.00280,0.00006,0.00127,0.00725
1403636609.563545465469360,0.00191,0.00011,0.00001,0.00262,0.00023,0.00114,0.00603
1403636609.613545417785645,0.00156,0.00011,0.00006,0.00262,0.00014,0.00100,0.00549
1403636609.663545370101929,0.00200,0.00012,0.00001,0.00265,0.00000,0.00136,0.00614
1403636609.713545322418213,0.00175,0.00011,0.00110,0.00321,0.00004,0.00126,0.00747
1403636609.763545274734497,0.00202,0.00012,0.00001,0.00266,0.00005,0.00124,0.00610
1403636609.813544988632202,0.00172,0.00021,0.00171,0.00271,0.00004,0.00117,0.00756
1403636609.863544940948486,0.00167,0.00010,0.00001,0.00302,0.00004,0.00097,0.00580
1403636609.913544893264771,0.00194,0.00014,0.00001,0.00267,0.00013,0.00136,0.00624
1403636609.963545322418213,0.00171,0.00012,0.00096,0.00284,0.00006,0.00121,0.00690
1403636610.013545274734497,0.00199,0.00013,0.00027,0.00288,0.00025,0.00096,0.00648
1403636610.063545227050781,0.00196,0.00015,0.00001,0.00303,0.00000,0.00126,0.00641
1403636610.113544940948486,0.00184,0.00011,0.00088,0.00281,0.00006,0.00138,0.00708
1403636610.163544893264771,0.00200,0.00012,0.00001,0.00290,0.00017,0.00109,0.00629
1403636610.213544845581055,0.00192,0.00014,0.00006,0.00273,0.00014,0.00127,0.00625
1403636610.263544797897339,0.00173,0.00009,0.00001,0.00260,0.00000,0.00104,0.00548
1403636610.313544750213623,0.00165,0.00009,0.00159,0.00260,0.00004,0.00131,0.00729
1403636610.363544464111328,0.00195,0.00011,0.00001,0.00263,0.00004,0.00179,0.00653
1403636610.413544178009033,0.00187,0.00013,0.00138,0.00266,0.00004,0.00121,0.00728
1403636610.463544607162476,0.00173,0.00010,0.00001,0.00260,0.00004,0.00106,0.00553
1403636610.513544559478760,0.00168,0.00009,0.00001,0.00266,0.00013,0.00106,0.00563
1403636610.563544750213623,0.00167,0.00009,0.00098,0.00265,0.00004,0.00105,0.00648
1403636610.613544702529907,0.00210,0.00022,0.00031,0.00259,0.00023,0.00126,0.00670
1403636610.663544654846191,0.00199,0.00011,0.00001,0.00265,0.00000,0.00130,0.00607
1403636610.713544607162476,0.00180,0.00012,0.00083,0.00265,0.00005,0.00105,0.00650
1403636610.763544321060181,0.00169,0.00009,0.00001,0.00260,0.00016,0.00153,0.00607
1403636610.813544273376465,0.00197,0.00011,0.00006,0.00296,0.00015,0.00106,0.00632
1403636610.863544225692749,0.00193,0.00011,0.00001,0.00268,0.00000,0.00131,0.00604
1403636610.913543939590454,0.00176,0.00011,0.00109,0.00270,0.00004,0.00150,0.00719
1403636610.963544130325317,0.00205,0.00012,0.00001,0.00267,0.00005,0.00163,0.00653
1403636611.013544321060181,0.00199,0.00013,0.00137,0.00271,0.00004,0.00127,0.00750
1403636611.063544273376465,0.00185,0.00013,0.00001,0.00263,0.00005,0.00122,0.00588
1403636611.113544225692749,0.00204,0.00014,0.00001,0.00287,0.00013,0.00101,0.00620
1403636611.163544416427612,0.00153,0.00010,0.00096,0.00250,0.00004,0.00096,0.00608
1403636611.213544607162476,0.00201,0.00014,0.00028,0.00270,0.00024,0.00134,0.00672
1403636611.263544321060181,0.00170,0.00009,0.00001,0.00291,0.00000,0.00129,0.00600
1403636611.313544273376465,0.00174,0.00012,0.00085,0.00256,0.00005,0.00097,0.00628
1403636611.363542318344116,0.00217,0.00011,0.00001,0.00266,0.00018,0.00131,0.00643
1403636611.413543701171875,0.00177,0.00011,0.00007,0.00265,0.00014,0.00103,0.00576
1403636611.463541507720947,0.00177,0.00010,0.00001,0.00260,0.00000,0.00104,0.00553
1403636611.513541936874390,0.00193,0.00009,0.00115,0.00290,0.00005,0.00123,0.00736
1403636611.563540458679199,0.00211,0.00016,0.00001,0.00262,0.00004,0.00096,0.00590
1403636611.613541126251221,0.00156,0.00010,0.00136,0.00264,0.00004,0.00097,0.00667
1403636611.663539886474609,0.00191,0.00016,0.00001,0.00257,0.00005,0.00084,0.00553
1403636611.713539838790894,0.00145,0.00009,0.00004,0.00257,0.00013,0.00093,0.00521
1403636611.763540506362915,0.00217,0.00012,0.00101,0.00260,0.00004,0.00132,0.00725
1403636611.813540458679199,0.00186,0.00014,0.00029,0.00258,0.00023,0.00128,0.00638
1403636611.863540172576904,0.00151,0.00009,0.00001,0.00255,0.00000,0.00092,0.00509
1403636611.913539886474609,0.00211,0.00015,0.00016,0.00272,0.00089,0.00131,0.00733
1403636611.963539361953735,0.00189,0.00010,0.00003,0.00286,0.00015,0.00114,0.00618
1403636612.063539266586304,0.00183,0.00017,0.00007,0.00291,0.00015,0.00124,0.00638
1403636612.113540172576904,0.00205,0.00015,0.00001,0.00278,0.00000,0.00122,0.00622
1403636612.163540601730347,0.00178,0.00012,0.00111,0.00316,0.00002,0.00121,0.00741
1403636612.213541030883789,0.00224,0.00017,0.00004,0.00342,0.00002,0.00095,0.00684
1403636612.263542175292969,0.00159,0.00015,0.00136,0.00273,0.00002,0.00093,0.00678
1403636612.313541650772095,0.00225,0.00011,0.00003,0.00266,0.00004,0.00089,0.00599
1403636612.363541126251221,0.00139,0.00009,0.00001,0.00267,0.00013,0.00097,0.00527
1403636612.413541316986084,0.00219,0.00017,0.00110,0.00263,0.00002,0.00094,0.00707
1403636612.463541269302368,0.00185,0.00010,0.00039,0.00264,0.00012,0.00098,0.00608
1403636612.513540744781494,0.00210,0.00016,0.00001,0.00349,0.00000,0.00097,0.00672
1403636612.563539743423462,0.00226,0.00015,0.00014,0.00278,0.00003,0.00092,0.00627
1403636612.613540649414062,0.00194,0.00012,0.00004,0.00277,0.00013,0.00196,0.00697
1403636612.663540124893188,0.00220,0.00023,0.00008,0.00327,0.00013,0.00098,0.00690
1403636612.713540077209473,0.00200,0.00013,0.00001,0.00279,0.00000,0.00127,0.00620
1403636612.763539552688599,0.00180,0.00010,0.00125,0.00292,0.00004,0.00166,0.00777
1403636612.813538789749146,0.00200,0.00017,0.00005,0.00293,0.00003,0.00113,0.00631
1403636612.863538980484009,0.00231,0.00012,0.00181,0.00266,0.00002,0.00119,0.00812
1403636612.913539171218872,0.00170,0.00011,0.00003,0.00272,0.00002,0.00107,0.00566
1403636612.963538885116577,0.00191,0.00013,0.00001,0.00321,0.00016,0.00124,0.00667
1403636613.013539314270020,0.00247,0.00016,0.00098,0.00315,0.00002,0.00096,0.00774
1403636613.063539028167725,0.00188,0.00012,0.00038,0.00271,0.00013,0.00128,0.00649
1403636613.113539218902588,0.00195,0.00018,0.00001,0.00277,0.00000,0.00122,0.00614
1403636613.163538932800293,0.00207,0.00012,0.00015,0.00278,0.00003,0.00125,0.00640
1403636613.213539123535156,0.00197,0.00011,0.00003,0.00274,0.00013,0.00109,0.00608
1403636613.263538837432861,0.00184,0.00014,0.00008,0.00275,0.00013,0.00100,0.00593
1403636613.313538789749146,0.00180,0.00010,0.00001,0.00277,0.00000,0.00127,0.00595
1403636613.363538503646851,0.00174,0.00010,0.00106,0.00264,0.00002,0.00101,0.00656
1403636613.413538455963135,0.00175,0.00011,0.00003,0.00271,0.00002,0.00106,0.00569
1403636613.463538646697998,0.00210,0.00009,0.00131,0.00269,0.00002,0.00101,0.00724
1403636613.513538360595703,0.00194,0.00011,0.00004,0.00272,0.00002,0.00105,0.00589
1403636613.563538312911987,0.00170,0.00010,0.00001,0.00272,0.00013,0.00102,0.00567
1403636613.613538503646851,0.00176,0.00011,0.00097,0.00282,0.00002,0.00107,0.00675
1403636613.663538217544556,0.00174,0.00009,0.00036,0.00275,0.00012,0.00099,0.00604
1403636613.713538408279419,0.00175,0.00011,0.00001,0.00276,0.00000,0.00106,0.00569
1403636613.763538122177124,0.00172,0.00010,0.00014,0.00272,0.00003,0.00097,0.00567
1403636613.813538074493408,0.00170,0.00011,0.00003,0.00275,0.00013,0.00105,0.00577
1403636613.863538026809692,0.00178,0.00009,0.00008,0.00276,0.00012,0.00101,0.00585
1403636613.913537740707397,0.00168,0.00012,0.00001,0.00269,0.00000,0.00107,0.00556
1403636613.963537931442261,0.00171,0.00009,0.00105,0.00265,0.00002,0.00098,0.00651
1403636614.013537645339966,0.00182,0.00018,0.00015,0.00265,0.00012,0.00118,0.00610
1403636614.063537359237671,0.00167,0.00009,0.00135,0.00281,0.00004,0.00102,0.00698
1403636614.113537311553955,0.00190,0.00014,0.00004,0.00290,0.00003,0.00129,0.00631
1403636614.163537025451660,0.00177,0.00009,0.00001,0.00298,0.00014,0.00124,0.00623
1403636614.213537693023682,0.00193,0.00013,0.00098,0.00279,0.00002,0.00127,0.00713
1403636614.263537645339966,0.00175,0.00010,0.00036,0.00276,0.00012,0.00107,0.00616
1403636614.313537359237671,0.00176,0.00011,0.00001,0.00303,0.00000,0.00135,0.00626
1403636614.363537073135376,0.00193,0.00012,0.00014,0.00282,0.00003,0.00124,0.00627
1403636614.413536787033081,0.00191,0.00018,0.00004,0.00294,0.00013,0.00115,0.00636
1403636614.463536977767944,0.00144,0.00010,0.00020,0.00262,0.00002,0.00086,0.00525
1403636614.513536691665649,0.00200,0.00018,0.00001,0.00279,0.00000,0.00130,0.00628
1403636614.563536405563354,0.00194,0.00018,0.00108,0.00268,0.00002,0.00126,0.00717
1403636614.613536119461060,0.00157,0.00015,0.00003,0.00268,0.00002,0.00093,0.00540
1403636614.663536071777344,0.00152,0.00009,0.00135,0.00261,0.00002,0.00092,0.00651
1403636614.713536024093628,0.00206,0.00019,0.00004,0.00283,0.00002,0.00133,0.00646
1403636614.763535737991333,0.00196,0.00010,0.00001,0.00299,0.00015,0.00133,0.00654
1403636614.813535928726196,0.00207,0.00014,0.00105,0.00278,0.00002,0.00133,0.00738
1403636614.863535881042480,0.00200,0.00010,0.00037,0.00273,0.00013,0.00103,0.00636
1403636614.913535594940186,0.00233,0.00010,0.00001,0.00380,0.00000,0.00154,0.00778
1403636614.963535547256470,0.00243,0.00014,0.00014,0.00305,0.00005,0.00123,0.00704
1403636615.013535261154175,0.00209,0.00013,0.00004,0.00356,0.00014,0.00103,0.00699
1403636615.063535213470459,0.00203,0.00012,0.00022,0.00283,0.00002,0.00135,0.00658
1403636615.113534927368164,0.00178,0.00011,0.00001,0.00276,0.00000,0.00113,0.00579
1403636615.163534879684448,0.00198,0.00010,0.00108,0.00269,0.00003,0.00126,0.00714
1403636615.213534832000732,0.00203,0.00023,0.00006,0.00289,0.00002,0.00121,0.00645
1403636615.263534545898438,0.00148,0.00009,0.00135,0.00263,0.00002,0.00090,0.00648
1403636615.313534498214722,0.00202,0.00019,0.00004,0.00282,0.00002,0.00161,0.00670
1403636615.363534212112427,0.00204,0.00016,0.00001,0.00271,0.00014,0.00106,0.00613
1403636615.413534402847290,0.00190,0.00014,0.00109,0.00311,0.00002,0.00129,0.00756
1403636615.463534355163574,0.00178,0.00010,0.00036,0.00285,0.00013,0.00105,0.00627
1403636615.513534307479858,0.00180,0.00016,0.00001,0.00278,0.00000,0.00131,0.00607
1403636615.563534021377563,0.00195,0.00012,0.00015,0.00284,0.00003,0.00146,0.00655
1403636615.613533735275269,0.00167,0.00016,0.00004,0.00271,0.00014,0.00115,0.00588
1403636615.663533687591553,0.00207,0.00013,0.00022,0.00277,0.00002,0.00136,0.00657
1403636615.713533639907837,0.00189,0.00011,0.00001,0.00287,0.00000,0.00116,0.00604
1403636615.763533592224121,0.00169,0.00010,0.00105,0.00293,0.00003,0.00125,0.00704
1403636615.813533306121826,0.00187,0.00014,0.00004,0.00283,0.00002,0.00128,0.00617
1403636615.863533258438110,0.00187,0.00013,0.00142,0.00272,0.00002,0.00113,0.00728
1403636615.913532972335815,0.00197,0.00013,0.00004,0.00289,0.00004,0.00104,0.00611
1403636615.963533163070679,0.00193,0.00016,0.00001,0.00348,0.00014,0.00129,0.00702
1403636616.013533115386963,0.00192,0.00013,0.00118,0.00269,0.00002,0.00173,0.00768
1403636616.063533067703247,0.00191,0.00016,0.00036,0.00265,0.00012,0.00111,0.00632
1403636616.113532781600952,0.00188,0.00013,0.00001,0.00280,0.00000,0.00131,0.00613
1403636616.163532733917236,0.00177,0.00010,0.00014,0.00295,0.00003,0.00104,0.00603
1403636616.213532686233521,0.00189,0.00012,0.00003,0.00276,0.00014,0.00111,0.00605
1403636616.263532400131226,0.00190,0.00009,0.00019,0.00278,0.00003,0.00155,0.00655
1403636616.313532352447510,0.00180,0.00015,0.00001,0.00276,0.00000,0.00116,0.00588
1403636616.363532066345215,0.00189,0.00012,0.00108,0.00299,0.00003,0.00094,0.00705
1403636616.413532018661499,0.00127,0.00013,0.00003,0.00275,0.00003,0.00090,0.00511
1403636616.463531970977783,0.00155,0.00009,0.00133,0.00262,0.00002,0.00083,0.00645
1403636616.513531923294067,0.00210,0.00019,0.00004,0.00296,0.00004,0.00097,0.00629
1403636616.563531637191772,0.00180,0.00009,0.00001,0.00266,0.00013,0.00094,0.00564
1403636616.613531827926636,0.00142,0.00015,0.00093,0.00261,0.00002,0.00088,0.00603
1403636616.663531780242920,0.00196,0.00012,0.00041,0.00275,0.00012,0.00131,0.00667
1403636616.713531732559204,0.00191,0.00011,0.00001,0.00271,0.00000,0.00109,0.00583
1403636616.763531684875488,0.00192,0.00012,0.00014,0.00277,0.00003,0.00129,0.00627
1403636616.813531398773193,0.00206,0.00017,0.00003,0.00277,0.00014,0.00123,0.00640
1403636616.863531112670898,0.00173,0.00010,0.00019,0.00271,0.00002,0.00181,0.00657
1403636616.913531064987183,0.00185,0.00013,0.00001,0.00281,0.00000,0.00127,0.00608
1403636616.963531017303467,0.00164,0.00010,0.00108,0.00270,0.00002,0.00099,0.00653
1403636617.013530969619751,0.00174,0.00011,0.00003,0.00278,0.00002,0.00102,0.00571
1403636617.063530683517456,0.00167,0.00009,0.00134,0.00270,0.00003,0.00144,0.00728
1403636617.113530635833740,0.00183,0.00013,0.00005,0.00285,0.00002,0.00124,0.00612
1403636617.163530349731445,0.00167,0.00009,0.00001,0.00278,0.00013,0.00099,0.00568
1403636617.213530778884888,0.00170,0.00021,0.00103,0.00268,0.00002,0.00126,0.00690
1403636617.263530731201172,0.00191,0.00014,0.00039,0.00278,0.00012,0.00121,0.00655
1403636617.313530445098877,0.00170,0.00011,0.00001,0.00273,0.00000,0.00113,0.00569
1403636617.363530397415161,0.00173,0.00012,0.00014,0.00270,0.00003,0.00120,0.00592
1403636617.413530111312866,0.00193,0.00016,0.00004,0.00285,0.00014,0.00132,0.00644
1403636617.463530063629150,0.00174,0.00012,0.00022,0.00268,0.00002,0.00123,0.00602
1403636617.513530015945435,0.00150,0.00015,0.00001,0.00267,0.00000,0.00092,0.00525
1403636617.563529729843140,0.00183,0.00017,0.00105,0.00258,0.00002,0.00085,0.00649
1403636617.613529682159424,0.00213,0.00015,0.00004,0.00282,0.00002,0.00141,0.00658
1403636617.663529634475708,0.00186,0.00009,0.00138,0.00278,0.00002,0.00109,0.00722
1403636617.713529586791992,0.00187,0.00021,0.00003,0.00322,0.00003,0.00134,0.00671
1403636617.763529539108276,0.00191,0.00012,0.00001,0.00294,0.00020,0.00160,0.00678
1403636617.813529491424561,0.00159,0.00015,0.00098,0.00269,0.00004,0.00112,0.00657
1403636617.863529443740845,0.00199,0.00012,0.00039,0.00274,0.00012,0.00141,0.00677
1403636617.913529157638550,0.00188,0.00012,0.00001,0.00276,0.00000,0.00119,0.00596
1403636617.963529348373413,0.00185,0.00013,0.00016,0.00319,0.00003,0.00129,0.00664
1403636618.013529300689697,0.00212,0.00016,0.00004,0.00285,0.00014,0.00131,0.00661
1403636618.063529014587402,0.00199,0.00019,0.00023,0.00279,0.00002,0.00126,0.00649
1403636618.113528728485107,0.00189,0.00015,0.00001,0.00269,0.00000,0.00098,0.00572
1403636618.163528680801392,0.00141,0.00009,0.00105,0.00270,0.00002,0.00097,0.00624
1403636618.213528633117676,0.00194,0.00017,0.00004,0.00281,0.00002,0.00128,0.00625
1403636618.263528585433960,0.00183,0.00009,0.00138,0.00271,0.00002,0.00108,0.00712
1403636618.313528299331665,0.00180,0.00011,0.00003,0.00276,0.00002,0.00176,0.00649
1403636618.363528251647949,0.00179,0.00010,0.00001,0.00275,0.00015,0.00105,0.00584
1403636618.413528442382812,0.00170,0.00015,0.00096,0.00262,0.00002,0.00097,0.00641
1403636618.463528394699097,0.00190,0.00012,0.00039,0.00277,0.00012,0.00127,0.00656
1403636618.513528347015381,0.00185,0.00016,0.00015,0.00270,0.00000,0.00114,0.00601
1403636618.563528537750244,0.00194,0.00014,0.00014,0.00249,0.00004,0.00084,0.00561
1403636618.613528728485107,0.00202,0.00014,0.00001,0.00290,0.00016,0.00097,0.00619
1403636618.663528203964233,0.00147,0.00010,0.00017,0.00253,0.00013,0.00085,0.00525
1403636618.713528871536255,0.00156,0.00010,0.00001,0.00246,0.00000,0.00080,0.00493
1403636618.763527631759644,0.00193,0.00013,0.00104,0.00261,0.00005,0.00126,0.00703
1403636618.813527107238770,0.00196,0.00014,0.00001,0.00258,0.00004,0.00121,0.00594
1403636618.863527297973633,0.00192,0.00013,0.00124,0.00262,0.00005,0.00127,0.00723
1403636618.913526773452759,0.00175,0.00014,0.00001,0.00256,0.00006,0.00110,0.00562
1403636618.963527202606201,0.00133,0.00011,0.00001,0.00245,0.00013,0.00087,0.00490
1403636619.013527393341064,0.00118,0.00009,0.00089,0.00241,0.00005,0.00084,0.00545
1403636619.063527584075928,0.00122,0.00009,0.00012,0.00244,0.00034,0.00086,0.00507
1403636619.113528490066528,0.00209,0.00015,0.00001,0.00267,0.00000,0.00134,0.00628
1403636619.163528203964233,0.00163,0.00013,0.00011,0.00257,0.00006,0.00118,0.00569
1403636619.213528156280518,0.00153,0.00009,0.00001,0.00245,0.00014,0.00085,0.00508
1403636619.263528585433960,0.00207,0.00014,0.00007,0.00279,0.00006,0.00094,0.00607
1403636619.313528537750244,0.00234,0.00014,0.00001,0.00260,0.00000,0.00121,0.00630
1403636619.363527297973633,0.00174,0.00011,0.00105,0.00256,0.00006,0.00110,0.00662
1403636619.413527488708496,0.00193,0.00014,0.00001,0.00257,0.00005,0.00115,0.00585
1403636619.463526725769043,0.00189,0.00013,0.00120,0.00257,0.00005,0.00123,0.00707
1403636619.513522863388062,0.00190,0.00010,0.00003,0.00278,0.00004,0.00123,0.00608
1403636619.563521146774292,0.00171,0.00012,0.00001,0.00254,0.00013,0.00096,0.00547
1403636619.613522052764893,0.00206,0.00014,0.00095,0.00310,0.00006,0.00092,0.00723
1403636619.663522005081177,0.00172,0.00011,0.00011,0.00253,0.00036,0.00098,0.00581
1403636619.713523149490356,0.00196,0.00014,0.00001,0.00263,0.00000,0.00153,0.00628
1403636619.763522624969482,0.00181,0.00020,0.00013,0.00262,0.00007,0.00114,0.00597
1403636619.813522577285767,0.00166,0.00010,0.00001,0.00260,0.00016,0.00099,0.00551
1403636619.863522291183472,0.00145,0.00009,0.00006,0.00248,0.00005,0.00090,0.00504
1403636619.913522243499756,0.00194,0.00014,0.00001,0.00282,0.00000,0.00096,0.00588
1403636619.963522195816040,0.00191,0.00013,0.00104,0.00261,0.00005,0.00150,0.00723
1403636620.013521909713745,0.00175,0.00010,0.00001,0.00258,0.00004,0.00103,0.00551
1403636620.063521623611450,0.00178,0.00009,0.00119,0.00257,0.00005,0.00140,0.00707
1403636620.113521575927734,0.00185,0.00009,0.00001,0.00256,0.00004,0.00097,0.00553
1403636620.163521528244019,0.00184,0.00009,0.00001,0.00256,0.00013,0.00097,0.00560
1403636620.213521957397461,0.00193,0.00014,0.00097,0.00257,0.00005,0.00131,0.00698
1403636620.263521671295166,0.00198,0.00013,0.00010,0.00261,0.00034,0.00123,0.00640
1403636620.313521623611450,0.00185,0.00009,0.00001,0.00258,0.00000,0.00105,0.00559
1403636620.363521575927734,0.00199,0.00009,0.00014,0.00260,0.00005,0.00163,0.00650
1403636620.413521528244019,0.00202,0.00013,0.00001,0.00257,0.00022,0.00142,0.00637
1403636620.463521480560303,0.00183,0.00018,0.00007,0.00273,0.00006,0.00118,0.00606
1403636620.513521432876587,0.00167,0.00010,0.00001,0.00301,0.00000,0.00095,0.00574
1403636620.563521146774292,0.00201,0.00014,0.00105,0.00263,0.00005,0.00125,0.00712
1403636620.613521099090576,0.00177,0.00010,0.00001,0.00259,0.00004,0.00103,0.00554
1403636620.663520812988281,0.00169,0.00009,0.00116,0.00298,0.00005,0.00155,0.00752
1403636620.713520765304565,0.00171,0.00014,0.00001,0.00259,0.00006,0.00097,0.00548
1403636620.763520717620850,0.00197,0.00019,0.00001,0.00263,0.00014,0.00129,0.00622
1403636620.813520908355713,0.00171,0.00012,0.00103,0.00313,0.00006,0.00120,0.00725
1403636620.863520622253418,0.00192,0.00013,0.00011,0.00263,0.00035,0.00121,0.00635
1403636620.913520574569702,0.00187,0.00014,0.00001,0.00256,0.00000,0.00111,0.00568
1403636620.963520765304565,0.00194,0.00012,0.00012,0.00259,0.00005,0.00121,0.00603
1403636621.013520479202271,0.00189,0.00014,0.00001,0.00256,0.00016,0.00113,0.00590
1403636621.063520193099976,0.00160,0.00010,0.00006,0.00252,0.00005,0.00090,0.00523
1403636621.113520383834839,0.00194,0.00014,0.00001,0.00279,0.00000,0.00090,0.00579
1403636621.163520574569702,0.00195,0.00011,0.00105,0.00258,0.00005,0.00125,0.00700
1403636621.213521480560303,0.00174,0.00009,0.00001,0.00265,0.00004,0.00097,0.00551
1403636621.263521194458008,0.00177,0.00018,0.00117,0.00257,0.00006,0.00155,0.00731
1403636621.313521146774292,0.00189,0.00014,0.00001,0.00319,0.00004,0.00094,0.00622
1403636621.363521099090576,0.00199,0.00012,0.00001,0.00282,0.00016,0.00102,0.00612
1403636621.413521289825439,0.00191,0.00013,0.00093,0.00305,0.00005,0.00119,0.00727
1403636621.463521480560303,0.00180,0.00012,0.00012,0.00259,0.00034,0.00116,0.00612
1403636621.513521432876587,0.00202,0.00014,0.00001,0.00263,0.00000,0.00124,0.00604
1403636621.563521623611450,0.00174,0.00010,0.00011,0.00262,0.00006,0.00111,0.00574
1403636621.613521814346313,0.00184,0.00014,0.00001,0.00258,0.00015,0.00113,0.00583
1403636621.663521528244019,0.00200,0.00012,0.00006,0.00262,0.00005,0.00124,0.00609
1403636621.713521718978882,0.00198,0.00016,0.00001,0.00276,0.00000,0.00099,0.00591
1403636621.763521671295166,0.00173,0.00009,0.00102,0.00291,0.00005,0.00095,0.00675
1403636621.813521623611450,0.00176,0.00009,0.00001,0.00265,0.00004,0.00101,0.00556
1403636621.863521337509155,0.00183,0.00013,0.00118,0.00255,0.00005,0.00121,0.00694
1403636621.913520812988281,0.00210,0.00014,0.00001,0.00272,0.00004,0.00120,0.00620
1403636621.963521003723145,0.00164,0.00012,0.00001,0.00294,0.00014,0.00117,0.00602
1403636622.013521194458008,0.00192,0.00014,0.00095,0.00260,0.00007,0.00126,0.00694
1403636622.063520908355713,0.00184,0.00012,0.00011,0.00311,0.00034,0.00113,0.00664
1403636622.113520860671997,0.00150,0.00010,0.00001,0.00256,0.00000,0.00090,0.00507
1403636622.163521051406860,0.00123,0.00009,0.00014,0.00246,0.00006,0.00081,0.00479
1403636622.213521003723145,0.00198,0.00014,0.00001,0.00267,0.00017,0.00124,0.00622
1403636622.263520956039429,0.00191,0.00009,0.00006,0.00256,0.00005,0.00105,0.00573
1403636622.313520669937134,0.00181,0.00017,0.00001,0.00257,0.00000,0.00111,0.00566
1403636622.363520383834839,0.00202,0.00012,0.00106,0.00260,0.00005,0.00194,0.00779
1403636622.413520336151123,0.00146,0.00015,0.00001,0.00255,0.00004,0.00090,0.00511
1403636622.463520526885986,0.00198,0.00018,0.00118,0.00321,0.00006,0.00094,0.00755
1403636622.513520240783691,0.00200,0.00013,0.00001,0.00272,0.00004,0.00119,0.00610
1403636622.563520193099976,0.00168,0.00011,0.00001,0.00259,0.00013,0.00101,0.00553
1403636622.613520622253418,0.00186,0.00018,0.00096,0.00250,0.00005,0.00110,0.00664
1403636622.663520336151123,0.00194,0.00016,0.00010,0.00265,0.00034,0.00119,0.00639
1403636622.713520526885986,0.00171,0.00010,0.00001,0.00258,0.00000,0.00104,0.00544
1403636622.763520479202271,0.00172,0.00018,0.00012,0.00266,0.00005,0.00107,0.00580
1403636622.813520193099976,0.00128,0.00010,0.00001,0.00249,0.00015,0.00085,0.00487
1403636622.863520383834839,0.00166,0.00010,0.00007,0.00253,0.00005,0.00084,0.00525
1403636622.913519859313965,0.00203,0.00019,0.00001,0.00264,0.00000,0.00121,0.00609
1403636622.963520526885986,0.00174,0.00011,0.00101,0.00256,0.00005,0.00126,0.00673
1403636623.013520479202271,0.00183,0.00013,0.00001,0.00275,0.00004,0.00118,0.00593
1403636623.063520431518555,0.00194,0.00015,0.00119,0.00255,0.00005,0.00088,0.00677
1403636623.113519668579102,0.00160,0.00015,0.00001,0.00253,0.00004,0.00083,0.00515
1403636623.163517713546753,0.00186,0.00013,0.00001,0.00290,0.00015,0.00092,0.00597
1403636623.213518619537354,0.00181,0.00015,0.00092,0.00248,0.00005,0.00088,0.00628
1403636623.263518333435059,0.00191,0.00011,0.00012,0.00293,0.00036,0.00088,0.00630
1403636623.313518285751343,0.00193,0.00014,0.00001,0.00261,0.00000,0.00153,0.00622
1403636623.363517522811890,0.00186,0.00013,0.00011,0.00262,0.00006,0.00129,0.00607
1403636623.413517236709595,0.00188,0.00016,0.00001,0.00257,0.00017,0.00109,0.00588
1403636623.463517665863037,0.00168,0.00009,0.00006,0.00246,0.00005,0.00086,0.00520
1403636623.513515710830688,0.00129,0.00015,0.00001,0.00249,0.00000,0.00085,0.00478
1403636623.563513755798340,0.00193,0.00019,0.00107,0.00277,0.00007,0.00121,0.00724
1403636623.613516092300415,0.00176,0.00016,0.00009,0.00245,0.00004,0.00106,0.00557
1403636623.663513183593750,0.00160,0.00010,0.00105,0.00230,0.00016,0.00084,0.00606
1403636623.713513374328613,0.00196,0.00013,0.00001,0.00244,0.00004,0.00122,0.00580
1403636623.763514995574951,0.00161,0.00015,0.00001,0.00221,0.00013,0.00148,0.00559
1403636623.813514947891235,0.00200,0.00015,0.00020,0.00225,0.00085,0.00084,0.00628
1403636623.863518953323364,0.00201,0.00012,0.00022,0.00249,0.00046,0.00183,0.00713
1403636623.913519620895386,0.00201,0.00012,0.00001,0.00254,0.00000,0.00120,0.00588
1403636623.963520050048828,0.00177,0.00017,0.00010,0.00262,0.00009,0.00115,0.00590
1403636624.013519763946533,0.00198,0.00012,0.00001,0.00277,0.00016,0.00122,0.00626
1403636624.063521623611450,0.00193,0.00016,0.00005,0.00253,0.00006,0.00113,0.00588
1403636624.113522529602051,0.00195,0.00013,0.00001,0.00254,0.00000,0.00112,0.00575
1403636624.163522481918335,0.00172,0.00016,0.00101,0.00248,0.00007,0.00112,0.00656
1403636624.213523149490356,0.00202,0.00015,0.00001,0.00258,0.00005,0.00116,0.00597
1403636624.263517141342163,0.00180,0.00017,0.00115,0.00256,0.00006,0.00119,0.00693
1403636624.313519954681396,0.00178,0.00010,0.00001,0.00256,0.00004,0.00089,0.00537
1403636624.363531351089478,0.00140,0.00009,0.00005,0.00253,0.00022,0.00116,0.00545
1403636624.413533687591553,0.00180,0.00009,0.00019,0.00242,0.00017,0.00092,0.00559
1403636624.463537693023682,0.00138,0.00016,0.00063,0.00230,0.00035,0.00083,0.00566
1403636624.513540506362915,0.00283,0.00016,0.00009,0.00233,0.00000,0.00125,0.00667
1403636624.563539743423462,0.00211,0.00009,0.00037,0.00213,0.00010,0.00101,0.00583
1403636624.613541364669800,0.00212,0.00010,0.00020,0.00186,0.00055,0.00100,0.00584
1403636624.663544654846191,0.00205,0.00016,0.00051,0.00190,0.00090,0.00115,0.00667
1403636624.713543891906738,0.00228,0.00012,0.00038,0.00241,0.00056,0.00093,0.00669
1403636624.763548851013184,0.00215,0.00018,0.00183,0.00170,0.00122,0.00166,0.00874
1403636624.813549757003784,0.00211,0.00012,0.00015,0.00164,0.00110,0.00113,0.00625
1403636624.863549232482910,0.00191,0.00009,0.00276,0.00171,0.00168,0.00113,0.00928
1403636624.913545608520508,0.00202,0.00016,0.00021,0.00147,0.00075,0.00130,0.00591
1403636624.963543891906738,0.00211,0.00012,0.00075,0.00135,0.00012,0.00111,0.00555
1403636625.013540267944336,0.00265,0.00017,0.00046,0.00123,0.00091,0.00124,0.00665
1403636625.063536167144775,0.00304,0.00018,0.00270,0.00131,0.00167,0.00100,0.00990
1403636625.113538503646851,0.00239,0.00015,0.00018,0.00156,0.00014,0.00127,0.00570
1403636625.163543939590454,0.00227,0.00016,0.00029,0.00176,0.00039,0.00099,0.00586
1403636625.213545322418213,0.00204,0.00013,0.00062,0.00085,0.00013,0.00103,0.00479
1403636625.263543367385864,0.00213,0.00012,0.00063,0.00077,0.00015,0.00096,0.00476
1403636625.313535690307617,0.00208,0.00012,0.00053,0.00092,0.00018,0.00145,0.00529
1403636625.363520145416260,0.00201,0.00013,0.00014,0.00113,0.00177,0.00118,0.00636
1403636625.413516283035278,0.00176,0.00011,0.00020,0.00128,0.00061,0.00099,0.00497
1403636625.463508844375610,0.00194,0.00013,0.00004,0.00142,0.00255,0.00099,0.00707
1403636625.513501882553101,0.00197,0.00017,0.00007,0.00174,0.00066,0.00116,0.00576
1403636625.563484191894531,0.00289,0.00013,0.00204,0.00170,0.00304,0.00132,0.01112
1403636625.613463640213013,0.00216,0.00016,0.00389,0.00237,0.00037,0.00119,0.01013
1403636625.663458824157715,0.00204,0.00011,0.00291,0.00248,0.00012,0.00146,0.00912
1403636625.713453769683838,0.00245,0.00012,0.00017,0.00232,0.00044,0.00120,0.00669
1403636625.763457298278809,0.00209,0.00010,0.00039,0.00156,0.00047,0.00099,0.00561
1403636625.813460350036621,0.00207,0.00010,0.00062,0.00107,0.00046,0.00085,0.00517
1403636625.863459825515747,0.00198,0.00010,0.00071,0.00097,0.00088,0.00083,0.00547
1403636625.913459777832031,0.00243,0.00015,0.00080,0.00073,0.00100,0.00141,0.00651
1403636625.963459730148315,0.00261,0.00014,0.00092,0.00045,0.00025,0.00105,0.00543
1403636626.013458013534546,0.00241,0.00013,0.00055,0.00035,0.00000,0.00107,0.00450
1403636626.063457965850830,0.00241,0.00008,0.00025,0.00029,0.00038,0.00094,0.00434
1403636626.113457441329956,0.00244,0.00008,0.00038,0.00023,0.00047,0.00096,0.00456
1403636626.163456916809082,0.00243,0.00012,0.00023,0.00022,0.00006,0.00110,0.00415
1403636626.213457822799683,0.00220,0.00008,0.00041,0.00019,0.00071,0.00088,0.00446
1403636626.263457298278809,0.00225,0.00011,0.00033,0.00029,0.00174,0.00115,0.00587
1403636626.313455581665039,0.00243,0.00011,0.00033,0.00033,0.00000,0.00113,0.00433
1403636626.363456964492798,0.00202,0.00011,0.00024,0.00028,0.00179,0.00117,0.00561
1403636626.413459777832031,0.00197,0.00010,0.00010,0.00055,0.00198,0.00093,0.00564
1403636626.463461160659790,0.00183,0.00008,0.00013,0.00068,0.00061,0.00145,0.00479
1403636626.513460636138916,0.00218,0.00013,0.00045,0.00068,0.00310,0.00117,0.00771
1403636626.563458204269409,0.00195,0.00017,0.00020,0.00146,0.00067,0.00098,0.00542
1403636626.613459348678589,0.00180,0.00011,0.00004,0.00135,0.00027,0.00094,0.00450
1403636626.663460016250610,0.00184,0.00011,0.00001,0.00138,0.00023,0.00100,0.00458
1403636626.713466167449951,0.00184,0.00014,0.00001,0.00143,0.00209,0.00114,0.00664
1403636626.763465166091919,0.00175,0.00010,0.00008,0.00160,0.00125,0.00090,0.00568
1403636626.813464403152466,0.00213,0.00015,0.00001,0.00179,0.00098,0.00153,0.00659
1403636626.863458871841431,0.00231,0.00014,0.00017,0.00167,0.00552,0.00112,0.01093
1403636626.913458347320557,0.00193,0.00018,0.00001,0.00245,0.00000,0.00120,0.00577
1403636626.963457584381104,0.00216,0.00018,0.00012,0.00256,0.00073,0.00115,0.00690
1403636627.013455629348755,0.00200,0.00011,0.00026,0.00253,0.00033,0.00146,0.00669
1403636627.063455820083618,0.00243,0.00017,0.00325,0.00245,0.00026,0.00100,0.00956
1403636627.113453865051270,0.00276,0.00013,0.00066,0.00251,0.00071,0.00114,0.00791
1403636627.163447856903076,0.00204,0.00021,0.00020,0.00264,0.00007,0.00119,0.00634
1403636627.213440895080566,0.00219,0.00016,0.00003,0.00255,0.00017,0.00120,0.00630
1403636627.263429880142212,0.00197,0.00009,0.00001,0.00257,0.00051,0.00103,0.00619
1403636627.313428878784180,0.00201,0.00010,0.00009,0.00279,0.00006,0.00098,0.00604
1403636627.363431215286255,0.00206,0.00014,0.00007,0.00250,0.00068,0.00122,0.00667
1403636627.413431406021118,0.00231,0.00014,0.00006,0.00276,0.00024,0.00130,0.00681
1403636627.463432073593140,0.00199,0.00011,0.00026,0.00275,0.00046,0.00154,0.00711
1403636627.513436317443848,0.00210,0.00012,0.00023,0.00250,0.00000,0.00123,0.00619
1403636627.563437700271606,0.00199,0.00009,0.00001,0.00247,0.00017,0.00102,0.00575
1403636627.613433837890625,0.00191,0.00009,0.00189,0.00240,0.00035,0.00102,0.00766
1403636627.663424968719482,0.00225,0.00013,0.00408,0.00250,0.00061,0.00176,0.01133
1403636627.713419675827026,0.00216,0.00011,0.00061,0.00239,0.00032,0.00117,0.00676
1403636627.763416051864624,0.00288,0.00017,0.00008,0.00235,0.00007,0.00120,0.00677
1403636627.813417673110962,0.00237,0.00016,0.00021,0.00230,0.00012,0.00130,0.00647
1403636627.863419294357300,0.00219,0.00017,0.00006,0.00232,0.00015,0.00110,0.00598
1403636627.913420200347900,0.00195,0.00009,0.00015,0.00224,0.00009,0.00092,0.00544
1403636627.963429689407349,0.00223,0.00015,0.00008,0.00229,0.00025,0.00128,0.00630
1403636628.013441562652588,0.00210,0.00009,0.00028,0.00172,0.00024,0.00148,0.00590
1403636628.063457012176514,0.00179,0.00009,0.00019,0.00171,0.00037,0.00111,0.00525
1403636628.113469600677490,0.00214,0.00017,0.00024,0.00179,0.00009,0.00125,0.00569
1403636628.163475990295410,0.00198,0.00012,0.00001,0.00186,0.00014,0.00109,0.00519
1403636628.213483333587646,0.00202,0.00012,0.00049,0.00184,0.00199,0.00105,0.00751
1403636628.263489723205566,0.00282,0.00018,0.00243,0.00172,0.00259,0.00109,0.01084
1403636628.313494682312012,0.00233,0.00014,0.00272,0.00193,0.00187,0.00086,0.00985
1403636628.363493204116821,0.00219,0.00014,0.00017,0.00178,0.00016,0.00125,0.00569
1403636628.413493394851685,0.00264,0.00009,0.00010,0.00199,0.00029,0.00119,0.00631
1403636628.463489055633545,0.00282,0.00012,0.00022,0.00179,0.00026,0.00149,0.00671
1403636628.513487577438354,0.00229,0.00012,0.00050,0.00182,0.00008,0.00106,0.00587
1403636628.563487768173218,0.00208,0.00012,0.00047,0.00167,0.00032,0.00113,0.00580
1403636628.613487720489502,0.00216,0.00015,0.00022,0.00166,0.00021,0.00140,0.00579
1403636628.663487911224365,0.00217,0.00014,0.00021,0.00159,0.00026,0.00094,0.00533
1403636628.713488817214966,0.00224,0.00014,0.00010,0.00163,0.00001,0.00132,0.00543
1403636628.763490676879883,0.00198,0.00011,0.00022,0.00159,0.00013,0.00118,0.00521
1403636628.813490867614746,0.00235,0.00009,0.00014,0.00143,0.00026,0.00103,0.00529
1403636628.863491296768188,0.00235,0.00020,0.00034,0.00157,0.00042,0.00116,0.00605
1403636628.913491725921631,0.00263,0.00009,0.00004,0.00141,0.00252,0.00090,0.00760
1403636628.963492155075073,0.00187,0.00015,0.00157,0.00160,0.00033,0.00099,0.00651
1403636629.013491392135620,0.00269,0.00015,0.00048,0.00169,0.00376,0.00125,0.01001
1403636629.063491582870483,0.00210,0.00018,0.00001,0.00181,0.00065,0.00154,0.00630
1403636629.113492012023926,0.00185,0.00013,0.00025,0.00155,0.00006,0.00112,0.00497
1403636629.163494348526001,0.00219,0.00016,0.00027,0.00142,0.00031,0.00178,0.00614
1403636629.213495254516602,0.00217,0.00014,0.00017,0.00140,0.00075,0.00131,0.00593
1403636629.263496875762939,0.00192,0.00014,0.00027,0.00133,0.00034,0.00107,0.00507
1403636629.313498735427856,0.00280,0.00016,0.00015,0.00152,0.00031,0.00145,0.00639
1403636629.363492012023926,0.00201,0.00014,0.00019,0.00150,0.00367,0.00111,0.00861
1403636629.413485765457153,0.00261,0.00016,0.00008,0.00174,0.00053,0.00120,0.00634
1403636629.463488340377808,0.00229,0.00012,0.00013,0.00182,0.00033,0.00110,0.00579
1403636629.513486623764038,0.00203,0.00012,0.00018,0.00156,0.00126,0.00102,0.00616
1403636629.563493728637695,0.00206,0.00015,0.00052,0.00175,0.00088,0.00117,0.00651
1403636629.613500595092773,0.00163,0.00009,0.00019,0.00176,0.00062,0.00083,0.00511
1403636629.663507938385010,0.00142,0.00009,0.00012,0.00166,0.00002,0.00081,0.00412
1403636629.713512420654297,0.00216,0.00015,0.00007,0.00164,0.00035,0.00124,0.00561
1403636629.763515710830688,0.00281,0.00013,0.00018,0.00188,0.00000,0.00103,0.00603
1403636629.813516855239868,0.00262,0.00011,0.00043,0.00136,0.00015,0.00100,0.00566
1403636629.863518238067627,0.00204,0.00014,0.00035,0.00143,0.00321,0.00107,0.00825
1403636629.913515567779541,0.00194,0.00009,0.00010,0.00158,0.00029,0.00087,0.00486
1403636629.963514089584351,0.00163,0.00009,0.00011,0.00146,0.00040,0.00089,0.00458
1403636630.013509511947632,0.00155,0.00009,0.00024,0.00129,0.00014,0.00080,0.00409
1403636630.063507556915283,0.00301,0.00014,0.00040,0.00151,0.00019,0.00089,0.00614
1403636630.113506078720093,0.00230,0.00013,0.00015,0.00125,0.00062,0.00123,0.00567
1403636630.163505554199219,0.00244,0.00014,0.00046,0.00120,0.00073,0.00109,0.00607
1403636630.213506221771240,0.00259,0.00010,0.00068,0.00110,0.00008,0.00123,0.00578
1403636630.263506650924683,0.00211,0.00013,0.00011,0.00111,0.00002,0.00117,0.00464
1403636630.313503503799438,0.00274,0.00016,0.00031,0.00103,0.00068,0.00088,0.00581
1403636630.363501310348511,0.00191,0.00011,0.00021,0.00086,0.00000,0.00098,0.00407
1403636630.413499593734741,0.00217,0.00013,0.00005,0.00075,0.00015,0.00121,0.00447
1403636630.463497400283813,0.00243,0.00010,0.00005,0.00074,0.00057,0.00101,0.00489
1403636630.513496637344360,0.00202,0.00013,0.00018,0.00073,0.00000,0.00116,0.00422
1403636630.563494682312012,0.00220,0.00012,0.00014,0.00073,0.00039,0.00123,0.00482
1403636630.613494157791138,0.00187,0.00009,0.00016,0.00065,0.00191,0.00113,0.00582
1403636630.663492679595947,0.00179,0.00011,0.00023,0.00087,0.00019,0.00095,0.00414
1403636630.713492870330811,0.00239,0.00008,0.00030,0.00084,0.00046,0.00084,0.00491
1403636630.763492822647095,0.00187,0.00008,0.00024,0.00074,0.00148,0.00084,0.00526
1403636630.813493490219116,0.00216,0.00013,0.00017,0.00103,0.00002,0.00121,0.00473
1403636630.863494634628296,0.00259,0.00010,0.00013,0.00093,0.00288,0.00131,0.00793
1403636630.913494110107422,0.00224,0.00014,0.00020,0.00137,0.00132,0.00117,0.00644
1403636630.963494539260864,0.00216,0.00012,0.00007,0.00149,0.00000,0.00097,0.00481
1403636631.013494014739990,0.00181,0.00015,0.00012,0.00157,0.00071,0.00116,0.00553
1403636631.063493251800537,0.00208,0.00013,0.00015,0.00156,0.00027,0.00113,0.00531
1403636631.113492012023926,0.00242,0.00012,0.00005,0.00147,0.00000,0.00141,0.00547
1403636631.163491487503052,0.00222,0.00013,0.00005,0.00146,0.00014,0.00126,0.00526
1403636631.213490724563599,0.00221,0.00014,0.00003,0.00146,0.00077,0.00121,0.00581
1403636631.263490438461304,0.00206,0.00014,0.00046,0.00134,0.00055,0.00120,0.00575
1403636631.313489913940430,0.00188,0.00011,0.00011,0.00134,0.00013,0.00099,0.00456
1403636631.363488912582397,0.00185,0.00013,0.00010,0.00177,0.00027,0.00135,0.00547
1403636631.413487911224365,0.00195,0.00013,0.00069,0.00167,0.00057,0.00117,0.00618
1403636631.463487386703491,0.00172,0.00012,0.00001,0.00128,0.00025,0.00087,0.00425
1403636631.513486385345459,0.00203,0.00013,0.00012,0.00131,0.00024,0.00114,0.00498
1403636631.563486337661743,0.00183,0.00012,0.00000,0.00121,0.00000,0.00099,0.00415
1403636631.613486289978027,0.00181,0.00009,0.00002,0.00124,0.00015,0.00095,0.00426
1403636631.663487911224365,0.00182,0.00010,0.00011,0.00121,0.00644,0.00103,0.01069
1403636631.713487148284912,0.00206,0.00014,0.00006,0.00186,0.00001,0.00114,0.00527
1403636631.763488054275513,0.00149,0.00009,0.00001,0.00182,0.00015,0.00091,0.00448
1403636631.813487768173218,0.00133,0.00009,0.00001,0.00181,0.00022,0.00089,0.00434
1403636631.863487243652344,0.00247,0.00018,0.00010,0.00177,0.00031,0.00129,0.00613
1403636631.913488388061523,0.00192,0.00015,0.00002,0.00168,0.00014,0.00109,0.00499
1403636631.963485479354858,0.00198,0.00015,0.00010,0.00164,0.00029,0.00120,0.00536
1403636632.013482093811035,0.00196,0.00013,0.00008,0.00157,0.00063,0.00097,0.00534
1403636632.063482046127319,0.00186,0.00009,0.00001,0.00154,0.00049,0.00096,0.00496
1403636632.113482236862183,0.00183,0.00009,0.00008,0.00174,0.00087,0.00118,0.00580
1403636632.163482666015625,0.00204,0.00012,0.00003,0.00164,0.00002,0.00089,0.00474
1403636632.213482618331909,0.00161,0.00013,0.00002,0.00148,0.00043,0.00093,0.00460
1403636632.263483285903931,0.00211,0.00015,0.00007,0.00153,0.00017,0.00122,0.00525
1403636632.313484191894531,0.00212,0.00016,0.00020,0.00189,0.00000,0.00107,0.00544
1403636632.363485813140869,0.00192,0.00012,0.00005,0.00143,0.00014,0.00088,0.00453
1403636632.413487672805786,0.00201,0.00013,0.00036,0.00134,0.00234,0.00129,0.00748
1403636632.463489055633545,0.00219,0.00012,0.00002,0.00139,0.00025,0.00101,0.00498
1403636632.513489723205566,0.00196,0.00010,0.00006,0.00148,0.00021,0.00097,0.00477
1403636632.563490390777588,0.00223,0.00015,0.00001,0.00160,0.00126,0.00118,0.00642
1403636632.613491058349609,0.00222,0.00015,0.00005,0.00163,0.00061,0.00150,0.00615
1403636632.663492202758789,0.00225,0.00014,0.00003,0.00163,0.00016,0.00116,0.00537
1403636632.713493347167969,0.00197,0.00014,0.00005,0.00164,0.00084,0.00112,0.00576
1403636632.763492584228516,0.00214,0.00015,0.00005,0.00173,0.00013,0.00121,0.00540
1403636632.813491582870483,0.00205,0.00012,0.00003,0.00165,0.00014,0.00093,0.00492
1403636632.863490819931030,0.00219,0.00009,0.00011,0.00161,0.00432,0.00094,0.00926
1403636632.913493633270264,0.00195,0.00012,0.00001,0.00260,0.00000,0.00135,0.00603
1403636632.963497161865234,0.00213,0.00013,0.00005,0.00219,0.00042,0.00100,0.00592
1403636633.013501882553101,0.00226,0.00016,0.00006,0.00229,0.00009,0.00128,0.00614
1403636633.063504219055176,0.00202,0.00013,0.00005,0.00222,0.00012,0.00105,0.00558
1403636633.113504171371460,0.00193,0.00011,0.00028,0.00201,0.00013,0.00100,0.00546
1403636633.163504362106323,0.00257,0.00015,0.00006,0.00208,0.00023,0.00125,0.00633
1403636633.213507413864136,0.00244,0.00012,0.00011,0.00209,0.00191,0.00117,0.00784
1403636633.263506650924683,0.00213,0.00012,0.00001,0.00236,0.00015,0.00101,0.00578
1403636633.313504934310913,0.00213,0.00009,0.00001,0.00238,0.00022,0.00099,0.00582
1403636633.363505601882935,0.00209,0.00010,0.00001,0.00258,0.00127,0.00125,0.00730
1403636633.413507461547852,0.00232,0.00014,0.00005,0.00264,0.00369,0.00121,0.01005
1403636633.463506698608398,0.00229,0.00010,0.00008,0.00311,0.00012,0.00094,0.00664
1403636633.513506174087524,0.00236,0.00014,0.00001,0.00307,0.00000,0.00097,0.00655
1403636633.563504219055176,0.00242,0.00012,0.00001,0.00349,0.00044,0.00122,0.00770
1403636633.613505840301514,0.00228,0.00013,0.00008,0.00297,0.00006,0.00109,0.00661
1403636633.663506984710693,0.00237,0.00012,0.00001,0.00299,0.00013,0.00102,0.00665
1403636633.713508605957031,0.00234,0.00011,0.00543,0.00293,0.00090,0.00109,0.01278
1403636633.763509273529053,0.00218,0.00014,0.00009,0.00346,0.00021,0.00122,0.00731
1403636633.813511133193970,0.00244,0.00014,0.00001,0.00317,0.00017,0.00124,0.00716
1403636633.863512992858887,0.00205,0.00014,0.00009,0.00279,0.00011,0.00100,0.00619
1403636633.913514137268066,0.00212,0.00010,0.00005,0.00266,0.00022,0.00150,0.00665
1403636633.963513374328613,0.00224,0.00014,0.00015,0.00240,0.00049,0.00119,0.00660
1403636634.013514518737793,0.00235,0.00015,0.00040,0.00192,0.00032,0.00112,0.00626
1403636634.063515901565552,0.00213,0.00012,0.00004,0.00204,0.00012,0.00161,0.00607
1403636634.113516569137573,0.00236,0.00016,0.00027,0.00184,0.00010,0.00114,0.00587
1403636634.163517951965332,0.00221,0.00014,0.00036,0.00171,0.00000,0.00121,0.00564
1403636634.213522195816040,0.00243,0.00016,0.00014,0.00178,0.00006,0.00133,0.00590
1403636634.263524055480957,0.00240,0.00014,0.00008,0.00161,0.00012,0.00116,0.00552
1403636634.313526868820190,0.00225,0.00010,0.00086,0.00144,0.00604,0.00118,0.01188
1403636634.363523483276367,0.00215,0.00012,0.00035,0.00181,0.00035,0.00115,0.00594
1403636634.413521528244019,0.00225,0.00015,0.00006,0.00211,0.00018,0.00110,0.00586
1403636634.463521003723145,0.00250,0.00014,0.00014,0.00181,0.00077,0.00111,0.00648
1403636634.513523578643799,0.00201,0.00013,0.00021,0.00200,0.00023,0.00128,0.00586
1403636634.563527584075928,0.00212,0.00014,0.00087,0.00191,0.00059,0.00095,0.00660
1403636634.613531112670898,0.00205,0.00010,0.00040,0.00183,0.00081,0.00116,0.00635
1403636634.663533926010132,0.00210,0.00012,0.00001,0.00200,0.00197,0.00137,0.00756
1403636634.763535261154175,0.00207,0.00021,0.00029,0.00196,0.00020,0.00098,0.00573
1403636634.813537359237671,0.00220,0.00014,0.00022,0.00237,0.00254,0.00097,0.00845
1403636634.863537788391113,0.00225,0.00012,0.00010,0.00232,0.00047,0.00110,0.00636
1403636634.913536548614502,0.00204,0.00016,0.00010,0.00235,0.00155,0.00125,0.00745
1403636634.963536977767944,0.00247,0.00013,0.00001,0.00271,0.00035,0.00105,0.00671
1403636635.013536453247070,0.00174,0.00011,0.00016,0.00226,0.00021,0.00098,0.00547
1403636635.063535213470459,0.00252,0.00015,0.00014,0.00216,0.00289,0.00113,0.00899
1403636635.113533973693848,0.00216,0.00018,0.00007,0.00296,0.00161,0.00115,0.00812
1403636635.163533926010132,0.00254,0.00014,0.00015,0.00305,0.00038,0.00100,0.00725
1403636635.213533401489258,0.00203,0.00016,0.00003,0.00254,0.00000,0.00115,0.00592
1403636635.263533592224121,0.00209,0.00013,0.00014,0.00242,0.00021,0.00114,0.00614
1403636635.313532590866089,0.00229,0.00015,0.00006,0.00248,0.00023,0.00120,0.00641
1403636635.363532543182373,0.00217,0.00011,0.00011,0.00253,0.00403,0.00098,0.00994
1403636635.413532972335815,0.00213,0.00012,0.00001,0.00340,0.00000,0.00129,0.00696
1403636635.463531970977783,0.00189,0.00010,0.00016,0.00247,0.00003,0.00090,0.00556
1403636635.513530969619751,0.00183,0.00010,0.00003,0.00220,0.00007,0.00094,0.00518
1403636635.563531637191772,0.00207,0.00016,0.00009,0.00194,0.00024,0.00117,0.00568
1403636635.613530635833740,0.00217,0.00010,0.00079,0.00164,0.00330,0.00106,0.00906
1403636635.663531064987183,0.00205,0.00009,0.00062,0.00189,0.00026,0.00096,0.00588
1403636635.713532209396362,0.00201,0.00010,0.00018,0.00169,0.00024,0.00090,0.00512
1403636635.763535261154175,0.00211,0.00011,0.00019,0.00146,0.00031,0.00088,0.00506
1403636635.813538551330566,0.00224,0.00011,0.00021,0.00117,0.00009,0.00091,0.00473
1403636635.863535165786743,0.00185,0.00011,0.00054,0.00104,0.00510,0.00122,0.00987
1403636635.913529157638550,0.00214,0.00015,0.00034,0.00160,0.00138,0.00098,0.00660
1403636635.963523387908936,0.00211,0.00012,0.00016,0.00181,0.00014,0.00090,0.00525
1403636636.013517618179321,0.00203,0.00011,0.00023,0.00202,0.00015,0.00124,0.00577
1403636636.063513278961182,0.00242,0.00014,0.00020,0.00171,0.00010,0.00117,0.00573
1403636636.113513946533203,0.00202,0.00011,0.00026,0.00182,0.00017,0.00089,0.00527
1403636636.163512945175171,0.00205,0.00014,0.00013,0.00167,0.00261,0.00129,0.00790
1403636636.213514566421509,0.00176,0.00009,0.00017,0.00156,0.00146,0.00099,0.00603
1403636636.263520240783691,0.00276,0.00016,0.00071,0.00150,0.00081,0.00151,0.00743
1403636636.313522577285767,0.00210,0.00014,0.00036,0.00130,0.00012,0.00108,0.00509
1403636636.363527774810791,0.00217,0.00011,0.00064,0.00145,0.00223,0.00123,0.00783
1403636636.413530588150024,0.00258,0.00015,0.00044,0.00148,0.00029,0.00126,0.00620
1403636636.463529825210571,0.00223,0.00014,0.00110,0.00105,0.00063,0.00101,0.00617
1403636636.513527393341064,0.00205,0.00009,0.00015,0.00098,0.00204,0.00079,0.00609
1403636636.563524484634399,0.00238,0.00015,0.00031,0.00147,0.00007,0.00088,0.00526
1403636636.613521337509155,0.00215,0.00013,0.00035,0.00107,0.00171,0.00115,0.00655
1403636636.663517951965332,0.00228,0.00013,0.00057,0.00119,0.00000,0.00113,0.00531
1403636636.713514089584351,0.00153,0.00012,0.00007,0.00114,0.00130,0.00090,0.00505
1403636636.763512134552002,0.00206,0.00014,0.00017,0.00133,0.00063,0.00125,0.00558
1403636636.813512563705444,0.00187,0.00009,0.00002,0.00111,0.00072,0.00113,0.00494
1403636636.863509654998779,0.00201,0.00014,0.00012,0.00125,0.00004,0.00111,0.00467
1403636636.913506269454956,0.00213,0.00014,0.00020,0.00121,0.00111,0.00120,0.00598
1403636636.963504552841187,0.00210,0.00009,0.00001,0.00142,0.00361,0.00095,0.00818
1403636637.013503313064575,0.00204,0.00015,0.00034,0.00195,0.00076,0.00094,0.00619
1403636637.063509702682495,0.00198,0.00014,0.00006,0.00183,0.00391,0.00101,0.00892
1403636637.113507747650146,0.00196,0.00012,0.00018,0.00217,0.00086,0.00113,0.00641
1403636637.163511276245117,0.00189,0.00013,0.00001,0.00228,0.00107,0.00093,0.00630
1403636637.213512182235718,0.00228,0.00015,0.00009,0.00255,0.00394,0.00124,0.01024
1403636637.263513088226318,0.00238,0.00013,0.00010,0.00301,0.00000,0.00117,0.00679
1403636637.313514232635498,0.00192,0.00013,0.00001,0.00296,0.00028,0.00090,0.00621
1403636637.363512754440308,0.00211,0.00013,0.00004,0.00297,0.00078,0.00093,0.00697
1403636637.413511991500854,0.00194,0.00013,0.00010,0.00291,0.00004,0.00110,0.00622
1403636637.463503122329712,0.00236,0.00017,0.00094,0.00282,0.00189,0.00153,0.00971
1403636637.513492584228516,0.00206,0.00015,0.00029,0.00270,0.00012,0.00114,0.00647
1403636637.563488245010376,0.00211,0.00022,0.00141,0.00270,0.00025,0.00120,0.00789
1403636637.613487958908081,0.00199,0.00013,0.00012,0.00296,0.00021,0.00100,0.00641
1403636637.663485050201416,0.00198,0.00014,0.00040,0.00301,0.00015,0.00115,0.00683
1403636637.713479995727539,0.00236,0.00012,0.00049,0.00292,0.00017,0.00114,0.00720
1403636637.763478040695190,0.00209,0.00017,0.00048,0.00225,0.00046,0.00113,0.00658
1403636637.813475847244263,0.00178,0.00010,0.00152,0.00210,0.00073,0.00096,0.00719
1403636637.863475799560547,0.00259,0.00014,0.00038,0.00209,0.00025,0.00119,0.00663
1403636637.913473606109619,0.00203,0.00017,0.00030,0.00239,0.00027,0.00128,0.00645
1403636637.963473796844482,0.00180,0.00017,0.00031,0.00199,0.00024,0.00086,0.00537
1403636638.013478755950928,0.00219,0.00017,0.00051,0.00230,0.00098,0.00175,0.00789
1403636638.063483238220215,0.00208,0.00016,0.00008,0.00223,0.00087,0.00130,0.00672
1403636638.113487720489502,0.00230,0.00010,0.00001,0.00238,0.00002,0.00104,0.00585
1403636638.163488388061523,0.00216,0.00015,0.00011,0.00223,0.00050,0.00134,0.00649
1403636638.213496923446655,0.00206,0.00015,0.00001,0.00272,0.00004,0.00117,0.00615
1403636638.263497352600098,0.00194,0.00014,0.00008,0.00229,0.00045,0.00130,0.00620
1403636638.313504695892334,0.00231,0.00013,0.00001,0.00221,0.00030,0.00117,0.00613
1403636638.363515377044678,0.00187,0.00013,0.00024,0.00212,0.00043,0.00106,0.00586
1403636638.413525819778442,0.00192,0.00015,0.00015,0.00222,0.00341,0.00126,0.00912
1403636638.463528871536255,0.00215,0.00014,0.00006,0.00280,0.00064,0.00092,0.00671
1403636638.513529539108276,0.00218,0.00015,0.00001,0.00286,0.00057,0.00095,0.00673
1403636638.563528060913086,0.00220,0.00016,0.00023,0.00269,0.00009,0.00120,0.00657
1403636638.613527774810791,0.00204,0.00014,0.00008,0.00219,0.00115,0.00101,0.00660
1403636638.663533687591553,0.00204,0.00013,0.00100,0.00218,0.00236,0.00120,0.00892
1403636638.713533401489258,0.00235,0.00016,0.00010,0.00227,0.00019,0.00115,0.00622
1403636638.763534784317017,0.00202,0.00018,0.00015,0.00237,0.00093,0.00102,0.00668
1403636638.813535451889038,0.00200,0.00014,0.00044,0.00242,0.00006,0.00119,0.00625
1403636638.863534212112427,0.00230,0.00016,0.00039,0.00193,0.00026,0.00110,0.00613
1403636638.913531780242920,0.00215,0.00015,0.00011,0.00205,0.00024,0.00122,0.00592
1403636638.963530302047729,0.00225,0.00014,0.00101,0.00180,0.00019,0.00101,0.00639
1403636639.013528585433960,0.00215,0.00009,0.00026,0.00189,0.00027,0.00093,0.00558
1403636639.063528060913086,0.00197,0.00015,0.00075,0.00166,0.00252,0.00119,0.00824
1403636639.113527059555054,0.00253,0.00016,0.00026,0.00176,0.00015,0.00100,0.00586
1403636639.163525104522705,0.00206,0.00014,0.00020,0.00164,0.00008,0.00139,0.00551
1403636639.213523626327515,0.00195,0.00015,0.00030,0.00161,0.00068,0.00118,0.00587
1403636639.263518810272217,0.00173,0.00010,0.00005,0.00168,0.00183,0.00095,0.00633
1403636639.313517808914185,0.00148,0.00009,0.00014,0.00157,0.00059,0.00082,0.00470
1403636639.363516330718994,0.00210,0.00016,0.00038,0.00167,0.00014,0.00089,0.00534
1403636639.413512945175171,0.00233,0.00014,0.00020,0.00153,0.00068,0.00120,0.00609
1403636639.463511705398560,0.00221,0.00013,0.00013,0.00155,0.00026,0.00101,0.00530
1403636639.513507127761841,0.00198,0.00012,0.00063,0.00157,0.00112,0.00095,0.00638
1403636639.563501834869385,0.00217,0.00013,0.00122,0.00144,0.00196,0.00098,0.00791
1403636639.613501071929932,0.00223,0.00015,0.00018,0.00152,0.00027,0.00114,0.00550
1403636639.663499116897583,0.00215,0.00012,0.00047,0.00131,0.00337,0.00086,0.00827
1403636639.713502407073975,0.00226,0.00009,0.00006,0.00165,0.00032,0.00095,0.00533
1403636639.763504028320312,0.00242,0.00016,0.00022,0.00173,0.00061,0.00129,0.00643
1403636639.813505649566650,0.00197,0.00014,0.00015,0.00163,0.00016,0.00114,0.00519
1403636639.863506555557251,0.00217,0.00014,0.00011,0.00164,0.00087,0.00126,0.00620
1403636639.913505554199219,0.00197,0.00013,0.00014,0.00168,0.00000,0.00095,0.00488
1403636639.963503360748291,0.00182,0.00009,0.00010,0.00159,0.00576,0.00098,0.01033
1403636640.013503313064575,0.00210,0.00013,0.00005,0.00218,0.00038,0.00100,0.00583
1403636640.063503742218018,0.00211,0.00013,0.00016,0.00269,0.00028,0.00118,0.00656
1403636640.113503932952881,0.00228,0.00014,0.00023,0.00202,0.00118,0.00115,0.00700
1403636640.163505315780640,0.00192,0.00009,0.00047,0.00182,0.00110,0.00099,0.00638
1403636640.213506698608398,0.00211,0.00009,0.00034,0.00180,0.00027,0.00107,0.00568
1403636640.263505220413208,0.00218,0.00012,0.00015,0.00201,0.00213,0.00115,0.00773
1403636640.313505649566650,0.00203,0.00015,0.00003,0.00196,0.00084,0.00111,0.00613
1403636640.363506078720093,0.00195,0.00012,0.00007,0.00214,0.00071,0.00100,0.00599
1403636640.413508653640747,0.00215,0.00012,0.00006,0.00193,0.00018,0.00096,0.00542
1403636640.463505744934082,0.00209,0.00016,0.00023,0.00191,0.00005,0.00113,0.00556
1403636640.513506650924683,0.00221,0.00015,0.00014,0.00196,0.00002,0.00091,0.00539
1403636640.563506126403809,0.00210,0.00010,0.00022,0.00156,0.00618,0.00125,0.01141
1403636640.613505601882935,0.00213,0.00015,0.00031,0.00220,0.00004,0.00114,0.00598
1403636640.663509130477905,0.00212,0.00014,0.00027,0.00218,0.00007,0.00121,0.00599
1403636640.713510990142822,0.00195,0.00011,0.00016,0.00215,0.00072,0.00110,0.00618
1403636640.763511657714844,0.00211,0.00015,0.00008,0.00227,0.00100,0.00119,0.00680
1403636640.813510417938232,0.00188,0.00012,0.00013,0.00250,0.00028,0.00102,0.00593
1403636640.863509416580200,0.00223,0.00011,0.00005,0.00239,0.00018,0.00136,0.00632
1403636640.913508653640747,0.00204,0.00016,0.00002,0.00233,0.00020,0.00120,0.00595
1403636640.963507413864136,0.00212,0.00015,0.00002,0.00235,0.00431,0.00106,0.01001
1403636641.013506412506104,0.00215,0.00011,0.00012,0.00307,0.00017,0.00100,0.00662
1403636641.063505649566650,0.00226,0.00013,0.00003,0.00326,0.00004,0.00121,0.00694
1403636641.113506317138672,0.00209,0.00013,0.00007,0.00322,0.00004,0.00129,0.00685
1403636641.163506269454956,0.00224,0.00013,0.00038,0.00293,0.00065,0.00106,0.00740
1403636641.213507652282715,0.00205,0.00013,0.00001,0.00310,0.00142,0.00091,0.00762
1403636641.263507843017578,0.00205,0.00010,0.00036,0.00324,0.00014,0.00156,0.00746
1403636641.313508749008179,0.00220,0.00013,0.00012,0.00361,0.00030,0.00102,0.00738
1403636641.363508224487305,0.00219,0.00017,0.00010,0.00336,0.00020,0.00090,0.00691
1403636641.413510560989380,0.00244,0.00014,0.00187,0.00323,0.00090,0.00123,0.00980
1403636641.463508844375610,0.00203,0.00011,0.00003,0.00339,0.00079,0.00105,0.00739
1403636641.513505697250366,0.00206,0.00018,0.00005,0.00331,0.00015,0.00117,0.00693
1403636641.563503503799438,0.00229,0.00012,0.00035,0.00309,0.00026,0.00116,0.00727
1403636641.613503932952881,0.00211,0.00009,0.00017,0.00317,0.00004,0.00100,0.00657
1403636641.663507938385010,0.00201,0.00012,0.00021,0.00316,0.00016,0.00120,0.00687
1403636641.713508129119873,0.00231,0.00013,0.00001,0.00323,0.00003,0.00126,0.00697
1403636641.763503074645996,0.00216,0.00011,0.00007,0.00311,0.00030,0.00099,0.00675
1403636641.813500642776489,0.00194,0.00010,0.00009,0.00303,0.00011,0.00105,0.00631
1403636641.863506078720093,0.00196,0.00010,0.00001,0.00333,0.00043,0.00102,0.00685
1403636641.913506746292114,0.00216,0.00018,0.00001,0.00311,0.00009,0.00133,0.00688
1403636641.963508605957031,0.00219,0.00011,0.00245,0.00268,0.00093,0.00119,0.00956
1403636642.013506889343262,0.00196,0.00010,0.00205,0.00268,0.00021,0.00101,0.00800
1403636642.063503980636597,0.00197,0.00010,0.00009,0.00241,0.00012,0.00106,0.00575
1403636642.113503456115723,0.00204,0.00013,0.00004,0.00235,0.00017,0.00130,0.00603
1403636642.163505077362061,0.00217,0.00013,0.00022,0.00231,0.00031,0.00100,0.00614
1403636642.213504791259766,0.00185,0.00013,0.00007,0.00206,0.00109,0.00090,0.00610
1403636642.263504028320312,0.00225,0.00014,0.00021,0.00231,0.00013,0.00119,0.00622
1403636642.313503503799438,0.00193,0.00014,0.00001,0.00230,0.00003,0.00114,0.00555
1403636642.363502264022827,0.00244,0.00014,0.00027,0.00247,0.00030,0.00117,0.00679
1403636642.413501977920532,0.00203,0.00009,0.00001,0.00204,0.00003,0.00104,0.00524
1403636642.463501214981079,0.00195,0.00009,0.00035,0.00193,0.00007,0.00101,0.00540
1403636642.513501644134521,0.00211,0.00012,0.00012,0.00201,0.00015,0.00122,0.00573
1403636642.563500404357910,0.00207,0.00013,0.00008,0.00206,0.00145,0.00089,0.00669
1403636642.613501548767090,0.00148,0.00015,0.00007,0.00223,0.00175,0.00097,0.00666
1403636642.663501024246216,0.00156,0.00010,0.00001,0.00227,0.00003,0.00084,0.00481
1403636642.713502407073975,0.00136,0.00010,0.00003,0.00227,0.00012,0.00080,0.00468
1403636642.763502836227417,0.00133,0.00009,0.00002,0.00214,0.00107,0.00084,0.00549
1403636642.813502550125122,0.00216,0.00018,0.00004,0.00249,0.00080,0.00126,0.00692
1403636642.863500356674194,0.00192,0.00010,0.00007,0.00242,0.00006,0.00095,0.00551
1403636642.913496255874634,0.00183,0.00013,0.00009,0.00227,0.00252,0.00114,0.00798
1403636642.963493824005127,0.00196,0.00015,0.00003,0.00269,0.00036,0.00119,0.00639
1403636643.013491153717041,0.00242,0.00016,0.00001,0.00306,0.00005,0.00132,0.00702
1403636643.063488006591797,0.00262,0.00015,0.00001,0.00251,0.00008,0.00100,0.00637
1403636643.113486766815186,0.00258,0.00010,0.00006,0.00245,0.00008,0.00097,0.00625
1403636643.163485765457153,0.00226,0.00009,0.00023,0.00237,0.00073,0.00098,0.00667
1403636643.213486194610596,0.00230,0.00019,0.00016,0.00246,0.00031,0.00118,0.00660
1403636643.263487100601196,0.00206,0.00012,0.00013,0.00266,0.00004,0.00105,0.00605
1403636643.313487768173218,0.00244,0.00015,0.00008,0.00237,0.00005,0.00128,0.00637
1403636643.363487243652344,0.00244,0.00009,0.00009,0.00226,0.00083,0.00097,0.00670
1403636643.413486719131470,0.00197,0.00009,0.00001,0.00227,0.00006,0.00094,0.00534
1403636643.463487386703491,0.00205,0.00013,0.00005,0.00223,0.00068,0.00098,0.00611
1403636643.513488054275513,0.00225,0.00013,0.00001,0.00249,0.00011,0.00127,0.00627
1403636643.563487529754639,0.00213,0.00013,0.00005,0.00233,0.00094,0.00117,0.00675
1403636643.613486528396606,0.00219,0.00012,0.00003,0.00255,0.00002,0.00097,0.00589
1403636643.663486957550049,0.00191,0.00009,0.00005,0.00220,0.00007,0.00092,0.00525
1403636643.713486194610596,0.00194,0.00011,0.00006,0.00205,0.00011,0.00092,0.00518
1403636643.763485431671143,0.00214,0.00015,0.00010,0.00187,0.00103,0.00120,0.00650
1403636643.813484907150269,0.00211,0.00013,0.00008,0.00191,0.00094,0.00117,0.00635
1403636643.863483667373657,0.00213,0.00020,0.00015,0.00197,0.00514,0.00122,0.01081
1403636643.913484334945679,0.00211,0.00013,0.00012,0.00301,0.00005,0.00108,0.00651
1403636643.963484048843384,0.00212,0.00012,0.00008,0.00261,0.00016,0.00121,0.00630
1403636644.013484239578247,0.00191,0.00009,0.00005,0.00252,0.00006,0.00107,0.00571
1403636644.063485383987427,0.00193,0.00011,0.00004,0.00273,0.00000,0.00093,0.00574
1403636644.113485574722290,0.00197,0.00012,0.00003,0.00244,0.00201,0.00100,0.00757
1403636644.163486719131470,0.00282,0.00014,0.00038,0.00269,0.00029,0.00114,0.00747
1403636644.213486909866333,0.00229,0.00015,0.00020,0.00283,0.00036,0.00109,0.00693
1403636644.263487100601196,0.00199,0.00011,0.00022,0.00272,0.00028,0.00097,0.00629
1403636644.313487529754639,0.00233,0.00015,0.00036,0.00277,0.00042,0.00124,0.00727
1403636644.363490104675293,0.00290,0.00015,0.00226,0.00314,0.00137,0.00122,0.01104
1403636644.413494110107422,0.00228,0.00012,0.00149,0.00244,0.00060,0.00116,0.00809
1403636644.463500499725342,0.00232,0.00016,0.00006,0.00245,0.00104,0.00122,0.00725
1403636644.513505697250366,0.00221,0.00015,0.00059,0.00243,0.00002,0.00114,0.00653
1403636644.563509702682495,0.00211,0.00014,0.00001,0.00238,0.00004,0.00125,0.00593
1403636644.613514423370361,0.00246,0.00015,0.00009,0.00221,0.00005,0.00092,0.00590
1403636644.663523435592651,0.00210,0.00012,0.00008,0.00208,0.00000,0.00145,0.00582
1403636644.713530302047729,0.00183,0.00010,0.00012,0.00197,0.00001,0.00105,0.00507
1403636644.763534545898438,0.00220,0.00015,0.00022,0.00170,0.00065,0.00115,0.00608
1403636644.813538551330566,0.00195,0.00012,0.00024,0.00188,0.00000,0.00103,0.00523
1403636644.863540887832642,0.00210,0.00011,0.00029,0.00184,0.00151,0.00135,0.00721
1403636644.913539648056030,0.00205,0.00014,0.00037,0.00191,0.00387,0.00113,0.00948
1403636644.963544130325317,0.00195,0.00009,0.00035,0.00178,0.00288,0.00101,0.00806
1403636645.013547658920288,0.00206,0.00009,0.00099,0.00207,0.00196,0.00100,0.00816
1403636645.063552379608154,0.00215,0.00018,0.00071,0.00181,0.00041,0.00108,0.00635
1403636645.113553285598755,0.00196,0.00013,0.00069,0.00169,0.00002,0.00088,0.00537
1403636645.163562297821045,0.00157,0.00009,0.00195,0.00154,0.00191,0.00079,0.00784
1403636645.213557481765747,0.00193,0.00010,0.00008,0.00183,0.00017,0.00082,0.00493
1403636645.263547420501709,0.00241,0.00009,0.00018,0.00181,0.00002,0.00080,0.00531
1403636645.313535213470459,0.00198,0.00013,0.00021,0.00193,0.00000,0.00113,0.00539
1403636645.363526105880737,0.00185,0.00009,0.00006,0.00169,0.00045,0.00117,0.00531
1403636645.413522243499756,0.00236,0.00014,0.00016,0.00164,0.00136,0.00108,0.00675
1403636645.463521480560303,0.00231,0.00015,0.00020,0.00175,0.00102,0.00118,0.00660
1403636645.513517856597900,0.00238,0.00012,0.00063,0.00198,0.00000,0.00103,0.00615
1403636645.563520193099976,0.00177,0.00013,0.00004,0.00192,0.00213,0.00099,0.00699
1403636645.613517284393311,0.00236,0.00017,0.00151,0.00201,0.00090,0.00114,0.00810
1403636645.663517951965332,0.00200,0.00015,0.00004,0.00204,0.00410,0.00122,0.00955
1403636645.713516712188721,0.00222,0.00015,0.00026,0.00275,0.00002,0.00111,0.00652
1403636645.763513088226318,0.00239,0.00016,0.00103,0.00243,0.00316,0.00109,0.01026
1403636645.813511610031128,0.00219,0.00012,0.00006,0.00342,0.00090,0.00101,0.00770
1403636645.863511323928833,0.00222,0.00016,0.00003,0.00307,0.00000,0.00112,0.00661
1403636645.913510560989380,0.00223,0.00012,0.00017,0.00293,0.00000,0.00107,0.00653
1403636645.963507652282715,0.00221,0.00017,0.00144,0.00253,0.00120,0.00128,0.00883
1403636646.013504505157471,0.00215,0.00014,0.00246,0.00262,0.00242,0.00091,0.01069
1403636646.063502550125122,0.00213,0.00016,0.00064,0.00253,0.00039,0.00128,0.00714
1403636646.113503217697144,0.00259,0.00015,0.00043,0.00240,0.00000,0.00123,0.00680
1403636646.163503885269165,0.00190,0.00010,0.00169,0.00218,0.00284,0.00109,0.00980
1403636646.213503122329712,0.00283,0.00015,0.00034,0.00215,0.00178,0.00102,0.00828
1403636646.263501405715942,0.00205,0.00015,0.00044,0.00212,0.00017,0.00090,0.00583
1403636646.313499927520752,0.00208,0.00010,0.00036,0.00204,0.00076,0.00079,0.00613
1403636646.363498926162720,0.00168,0.00012,0.00030,0.00195,0.00086,0.00092,0.00583
1403636646.413497447967529,0.00219,0.00015,0.00036,0.00184,0.00000,0.00087,0.00542
1403636646.463495254516602,0.00162,0.00009,0.00029,0.00171,0.00013,0.00077,0.00462
1403636646.513492822647095,0.00160,0.00009,0.00029,0.00164,0.00008,0.00082,0.00453
1403636646.563487291336060,0.00226,0.00015,0.00051,0.00164,0.00335,0.00121,0.00911
1403636646.613477706909180,0.00215,0.00015,0.00008,0.00185,0.00251,0.00111,0.00786
1403636646.663471698760986,0.00250,0.00016,0.00010,0.00206,0.00087,0.00111,0.00679
1403636646.713468313217163,0.00211,0.00013,0.00009,0.00218,0.00009,0.00101,0.00561
1403636646.763466119766235,0.00195,0.00009,0.00183,0.00208,0.00399,0.00093,0.01089
1403636646.813467264175415,0.00194,0.00014,0.00042,0.00276,0.00096,0.00123,0.00745
1403636646.863468408584595,0.00179,0.00015,0.00001,0.00271,0.00083,0.00095,0.00645
1403636646.913470506668091,0.00216,0.00017,0.00025,0.00285,0.00074,0.00115,0.00732
1403636646.963467121124268,0.00183,0.00013,0.00393,0.00280,0.00273,0.00092,0.01233
1403636647.013465881347656,0.00183,0.00011,0.00004,0.00318,0.00000,0.00093,0.00609
1403636647.063465118408203,0.00181,0.00013,0.00006,0.00312,0.00010,0.00090,0.00612
1403636647.113465070724487,0.00191,0.00014,0.00009,0.00307,0.00013,0.00151,0.00684
1403636647.163465499877930,0.00224,0.00016,0.00067,0.00311,0.00097,0.00105,0.00819
1403636647.213466167449951,0.00158,0.00010,0.00420,0.00323,0.00139,0.00078,0.01127
1403636647.263466119766235,0.00173,0.00013,0.00003,0.00328,0.00000,0.00078,0.00594
1403636647.313465833663940,0.00156,0.00010,0.00003,0.00318,0.00016,0.00089,0.00593
1403636647.363466262817383,0.00159,0.00010,0.00183,0.00282,0.00072,0.00080,0.00786
1403636647.413465976715088,0.00140,0.00010,0.00005,0.00294,0.00080,0.00083,0.00612
1403636647.463466167449951,0.00173,0.00011,0.00001,0.00338,0.00008,0.00098,0.00629
1403636647.513465642929077,0.00186,0.00010,0.00033,0.00294,0.00006,0.00082,0.00611
1403636647.563467979431152,0.00221,0.00018,0.00219,0.00269,0.00135,0.00118,0.00979
1403636647.613468408584595,0.00204,0.00014,0.00080,0.00290,0.00000,0.00107,0.00695
1403636647.663469076156616,0.00264,0.00010,0.00038,0.00277,0.00010,0.00106,0.00705
1403636647.713469743728638,0.00213,0.00009,0.00257,0.00295,0.00308,0.00098,0.01181
1403636647.763468980789185,0.00242,0.00016,0.00023,0.00301,0.00014,0.00136,0.00733
1403636647.813469409942627,0.00239,0.00019,0.00267,0.00283,0.00005,0.00119,0.00931
1403636647.863468408584595,0.00198,0.00009,0.00008,0.00235,0.00011,0.00103,0.00564
1403636647.913466691970825,0.00210,0.00016,0.00040,0.00206,0.00013,0.00114,0.00598
1403636647.963467359542847,0.00225,0.00015,0.00020,0.00185,0.00206,0.00121,0.00772
1403636648.013465642929077,0.00200,0.00012,0.00024,0.00215,0.00014,0.00099,0.00565
1403636648.063465118408203,0.00196,0.00012,0.00118,0.00190,0.00002,0.00094,0.00613
1403636648.113464117050171,0.00198,0.00011,0.00010,0.00184,0.00006,0.00113,0.00523
1403636648.163464546203613,0.00276,0.00013,0.00016,0.00156,0.00214,0.00097,0.00771
1403636648.213465213775635,0.00236,0.00011,0.00025,0.00164,0.00700,0.00118,0.01253
1403636648.263463973999023,0.00222,0.00014,0.00014,0.00207,0.00077,0.00133,0.00666
1403636648.313464641571045,0.00198,0.00009,0.00036,0.00183,0.00167,0.00085,0.00679
1403636648.363464832305908,0.00212,0.00015,0.00040,0.00209,0.00083,0.00113,0.00672
1403636648.413465976715088,0.00183,0.00012,0.00034,0.00194,0.00298,0.00098,0.00819
1403636648.463466405868530,0.00216,0.00013,0.00032,0.00186,0.00072,0.00095,0.00614
1403636648.513467550277710,0.00211,0.00016,0.00064,0.00221,0.00014,0.00127,0.00653
1403636648.563467979431152,0.00166,0.00012,0.00015,0.00197,0.00152,0.00089,0.00631
1403636648.613469123840332,0.00217,0.00016,0.00046,0.00212,0.00006,0.00118,0.00616
1403636648.663470745086670,0.00184,0.00015,0.00150,0.00176,0.00033,0.00113,0.00670
1403636648.713468551635742,0.00164,0.00008,0.00003,0.00190,0.00235,0.00082,0.00682
1403636648.763466119766235,0.00220,0.00016,0.00028,0.00229,0.00221,0.00119,0.00832
1403636648.813464164733887,0.00192,0.00010,0.00001,0.00238,0.00209,0.00099,0.00749
1403636648.863462686538696,0.00223,0.00013,0.00043,0.00255,0.00010,0.00097,0.00641
1403636648.913463592529297,0.00226,0.00010,0.00009,0.00255,0.00000,0.00101,0.00601
1403636648.963465213775635,0.00214,0.00012,0.00013,0.00260,0.00091,0.00121,0.00711
1403636649.013471126556396,0.00216,0.00011,0.00329,0.00234,0.00363,0.00111,0.01264
1403636649.063478231430054,0.00213,0.00012,0.00008,0.00279,0.00039,0.00097,0.00649
1403636649.113484144210815,0.00231,0.00017,0.00006,0.00289,0.00002,0.00119,0.00665
1403636649.163488149642944,0.00191,0.00015,0.00003,0.00259,0.00073,0.00089,0.00632
1403636649.213490486145020,0.00226,0.00012,0.00006,0.00260,0.00037,0.00118,0.00659
1403636649.263491868972778,0.00205,0.00014,0.00011,0.00226,0.00040,0.00098,0.00594
1403636649.313492059707642,0.00198,0.00012,0.00013,0.00248,0.00145,0.00102,0.00719
1403636649.363491773605347,0.00247,0.00010,0.00001,0.00306,0.00056,0.00108,0.00727
1403636649.413493633270264,0.00211,0.00019,0.00168,0.00267,0.00055,0.00102,0.00822
1403636649.463494062423706,0.00178,0.00015,0.00293,0.00244,0.00219,0.00094,0.01043
1403636649.513494253158569,0.00285,0.00018,0.00013,0.00396,0.00001,0.00104,0.00817
1403636649.563494443893433,0.00241,0.00014,0.00044,0.00271,0.00036,0.00126,0.00731
1403636649.613493204116821,0.00237,0.00009,0.00514,0.00248,0.00446,0.00096,0.01550
1403636649.663493633270264,0.00215,0.00009,0.00018,0.00333,0.00079,0.00098,0.00753
1403636649.713493824005127,0.00227,0.00018,0.00038,0.00363,0.00006,0.00123,0.00775
1403636649.763493299484253,0.00240,0.00014,0.00037,0.00332,0.00041,0.00109,0.00773
1403636649.813493013381958,0.00214,0.00016,0.00043,0.00336,0.00017,0.00151,0.00776
1403636649.863493442535400,0.00227,0.00014,0.00048,0.00379,0.00087,0.00122,0.00876
1403636649.913494586944580,0.00182,0.00011,0.00211,0.00330,0.00018,0.00099,0.00852
1403636649.963495016098022,0.00189,0.00010,0.00043,0.00324,0.00013,0.00085,0.00664
1403636650.013495683670044,0.00287,0.00013,0.00252,0.00328,0.00080,0.00120,0.01079
1403636650.063497543334961,0.00245,0.00016,0.00707,0.00330,0.00071,0.00119,0.01487
1403636650.113497734069824,0.00265,0.00021,0.00032,0.00342,0.00038,0.00126,0.00823
1403636650.163496971130371,0.00248,0.00013,0.00001,0.00358,0.00000,0.00115,0.00735
1403636650.213496685028076,0.00227,0.00010,0.00428,0.00335,0.00002,0.00104,0.01105
1403636650.263496160507202,0.00217,0.00011,0.00025,0.00296,0.00000,0.00100,0.00649
1403636650.313495397567749,0.00215,0.00009,0.00010,0.00296,0.00075,0.00103,0.00710
1403636650.363493919372559,0.00206,0.00010,0.00047,0.00275,0.00002,0.00099,0.00639
1403636650.413492679595947,0.00209,0.00009,0.00001,0.00286,0.00086,0.00109,0.00700
1403636650.463492393493652,0.00216,0.00013,0.00052,0.00266,0.00002,0.00100,0.00649
1403636650.513493537902832,0.00194,0.00013,0.00032,0.00241,0.00011,0.00106,0.00596
1403636650.563496589660645,0.00200,0.00009,0.00473,0.00234,0.00208,0.00102,0.01226
1403636650.613498687744141,0.00198,0.00012,0.00058,0.00267,0.00081,0.00095,0.00711
1403636650.663498163223267,0.00193,0.00011,0.00348,0.00252,0.00345,0.00105,0.01254
1403636650.713499784469604,0.00197,0.00010,0.00001,0.00312,0.00000,0.00104,0.00624
1403636650.763501167297363,0.00200,0.00013,0.00005,0.00308,0.00000,0.00091,0.00617
1403636650.813503742218018,0.00193,0.00010,0.00358,0.00303,0.00214,0.00088,0.01166
1403636650.863505363464355,0.00206,0.00010,0.00001,0.00360,0.00000,0.00093,0.00669
1403636650.913507223129272,0.00216,0.00017,0.00001,0.00378,0.00000,0.00149,0.00760
1403636650.963509321212769,0.00209,0.00012,0.00074,0.00343,0.00000,0.00097,0.00735
1403636651.013509273529053,0.00209,0.00022,0.00003,0.00355,0.00014,0.00110,0.00712
1403636651.063510894775391,0.00181,0.00012,0.00042,0.00349,0.00014,0.00091,0.00688
1403636651.113511323928833,0.00194,0.00012,0.00012,0.00317,0.00004,0.00095,0.00634
1403636651.163512706756592,0.00183,0.00009,0.00514,0.00326,0.00005,0.00091,0.01128
1403636651.213513851165771,0.00187,0.00009,0.00010,0.00309,0.00006,0.00098,0.00619
1403636651.263515710830688,0.00246,0.00020,0.00011,0.00321,0.00085,0.00118,0.00801
1403636651.313516139984131,0.00219,0.00014,0.00001,0.00333,0.00000,0.00116,0.00683
1403636651.363516807556152,0.00196,0.00012,0.00001,0.00368,0.00000,0.00126,0.00702
1403636651.413516759872437,0.00207,0.00014,0.00241,0.00323,0.00212,0.00114,0.01112
1403636651.463516235351562,0.00212,0.00009,0.00001,0.00378,0.00000,0.00092,0.00692
1403636651.513515949249268,0.00182,0.00009,0.00001,0.00367,0.00000,0.00092,0.00651
1403636651.563515424728394,0.00202,0.00016,0.00080,0.00358,0.00000,0.00119,0.00775
1403636651.613514184951782,0.00224,0.00015,0.00003,0.00375,0.00000,0.00115,0.00732
1403636651.663514137268066,0.00188,0.00012,0.00018,0.00402,0.00000,0.00138,0.00757
1403636651.713513851165771,0.00212,0.00015,0.00012,0.00389,0.00000,0.00106,0.00735
1403636651.763513803482056,0.00195,0.00012,0.00451,0.00359,0.00000,0.00091,0.01107
1403636651.813514947891235,0.00188,0.00010,0.00152,0.00387,0.00000,0.00142,0.00879
1403636651.863513946533203,0.00209,0.00013,0.00012,0.00353,0.00000,0.00099,0.00686
1403636651.913513183593750,0.00220,0.00015,0.00001,0.00384,0.00000,0.00189,0.00809
1403636651.963514089584351,0.00214,0.00014,0.00001,0.00360,0.00000,0.00120,0.00708
1403636652.013514518737793,0.00257,0.00010,0.00280,0.00344,0.00000,0.00126,0.01016
1403636652.063513994216919,0.00233,0.00023,0.00028,0.00461,0.00000,0.00120,0.00865
1403636652.113512754440308,0.00246,0.00011,0.00021,0.00291,0.00000,0.00096,0.00665
1403636652.163512706756592,0.00217,0.00014,0.00038,0.00262,0.00071,0.00119,0.00722
1403636652.213513135910034,0.00197,0.00012,0.00013,0.00256,0.00000,0.00115,0.00592
1403636652.263513088226318,0.00221,0.00015,0.00030,0.00251,0.00002,0.00123,0.00642
1403636652.313511848449707,0.00202,0.00013,0.00034,0.00194,0.00037,0.00096,0.00576
1403636652.363506793975830,0.00244,0.00013,0.00238,0.00156,0.00605,0.00103,0.01361
1403636652.413506269454956,0.00228,0.00017,0.00012,0.00230,0.00234,0.00113,0.00834
1403636652.463507890701294,0.00183,0.00009,0.00083,0.00236,0.00172,0.00083,0.00766
1403636652.513505220413208,0.00227,0.00014,0.00009,0.00290,0.00000,0.00119,0.00660
1403636652.563504457473755,0.00194,0.00016,0.00335,0.00274,0.00310,0.00109,0.01238
1403636652.613504409790039,0.00227,0.00015,0.00277,0.00346,0.00000,0.00117,0.00982
1403636652.663506031036377,0.00190,0.00020,0.00007,0.00332,0.00003,0.00125,0.00677
1403636652.713510036468506,0.00186,0.00010,0.00011,0.00258,0.00001,0.00085,0.00551
1403636652.763512372970581,0.00214,0.00014,0.00022,0.00272,0.00000,0.00118,0.00638
1403636652.813514947891235,0.00231,0.00009,0.00008,0.00259,0.00000,0.00099,0.00606
1403636652.863517761230469,0.00209,0.00013,0.00002,0.00259,0.00075,0.00123,0.00681
1403636652.913521289825439,0.00218,0.00016,0.00473,0.00268,0.00239,0.00118,0.01331
1403636652.963521242141724,0.00209,0.00016,0.00247,0.00299,0.00050,0.00123,0.00944
1403636653.013520240783691,0.00269,0.00014,0.00034,0.00309,0.00000,0.00128,0.00754
1403636653.063519954681396,0.00218,0.00013,0.00014,0.00340,0.00003,0.00124,0.00713
1403636653.163520336151123,0.00251,0.00025,0.00003,0.00301,0.00000,0.00126,0.00707
1403636653.213520526885986,0.00202,0.00009,0.00347,0.00280,0.00142,0.00093,0.01074
1403636653.263520479202271,0.00203,0.00010,0.00189,0.00300,0.00146,0.00098,0.00947
1403636653.313520431518555,0.00209,0.00010,0.00005,0.00334,0.00002,0.00095,0.00656
1403636653.363520383834839,0.00196,0.00009,0.00001,0.00332,0.00002,0.00097,0.00638
1403636653.413520812988281,0.00213,0.00010,0.00225,0.00334,0.00039,0.00094,0.00914
1403636653.463521242141724,0.00193,0.00010,0.00023,0.00346,0.00000,0.00101,0.00674
1403636653.513521909713745,0.00228,0.00017,0.00001,0.00342,0.00000,0.00129,0.00717
1403636653.563525199890137,0.00229,0.00015,0.00448,0.00340,0.00000,0.00123,0.01154
1403636653.613526582717896,0.00211,0.00015,0.00597,0.00333,0.00000,0.00118,0.01274
1403636653.663525819778442,0.00202,0.00010,0.00001,0.00357,0.00000,0.00096,0.00665
1403636653.713525772094727,0.00214,0.00010,0.00005,0.00334,0.00000,0.00088,0.00651
1403636653.763525485992432,0.00214,0.00015,0.00001,0.00371,0.00000,0.00101,0.00702
1403636653.813526868820190,0.00209,0.00014,0.00384,0.00328,0.00000,0.00133,0.01067
1403636653.863526582717896,0.00219,0.00015,0.00201,0.00315,0.00000,0.00111,0.00862
1403636653.913529396057129,0.00210,0.00014,0.00080,0.00332,0.00001,0.00120,0.00758
1403636653.963529586791992,0.00182,0.00015,0.00001,0.00323,0.00003,0.00116,0.00639
1403636654.013531208038330,0.00193,0.00011,0.00154,0.00334,0.00002,0.00085,0.00780
1403636654.063531637191772,0.00221,0.00014,0.00001,0.00332,0.00000,0.00140,0.00708
1403636654.113530874252319,0.00202,0.00012,0.00001,0.00331,0.00000,0.00103,0.00648
1403636654.163527965545654,0.00188,0.00010,0.00362,0.00324,0.00002,0.00100,0.00986
1403636654.213528394699097,0.00205,0.00010,0.00509,0.00321,0.00013,0.00095,0.01152
1403636654.263524293899536,0.00185,0.00010,0.00004,0.00313,0.00000,0.00107,0.00619
1403636654.313524723052979,0.00198,0.00010,0.00001,0.00335,0.00003,0.00099,0.00646
1403636654.363522052764893,0.00186,0.00009,0.00006,0.00305,0.00000,0.00100,0.00607
1403636654.413523435592651,0.00211,0.00014,0.00269,0.00265,0.00205,0.00108,0.01073
1403636654.463524580001831,0.00221,0.00014,0.00010,0.00297,0.00148,0.00121,0.00812
1403636654.513528585433960,0.00186,0.00016,0.00078,0.00275,0.00003,0.00107,0.00665
1403636654.563530445098877,0.00214,0.00014,0.00007,0.00285,0.00003,0.00095,0.00618
1403636654.613530635833740,0.00261,0.00011,0.00011,0.00237,0.00175,0.00094,0.00788
1403636654.663531303405762,0.00207,0.00009,0.00005,0.00242,0.00000,0.00092,0.00554
1403636654.713532924652100,0.00168,0.00009,0.00016,0.00204,0.00000,0.00081,0.00479
1403636654.763532638549805,0.00156,0.00009,0.00110,0.00189,0.00391,0.00083,0.00938
1403636654.813534021377563,0.00227,0.00010,0.00444,0.00248,0.00139,0.00088,0.01156
1403636654.863534450531006,0.00224,0.00014,0.00001,0.00306,0.00000,0.00146,0.00692
1403636654.913534879684448,0.00214,0.00013,0.00021,0.00281,0.00002,0.00097,0.00629
1403636654.963536500930786,0.00207,0.00011,0.00001,0.00274,0.00041,0.00103,0.00637
1403636655.013539552688599,0.00202,0.00013,0.00102,0.00292,0.00283,0.00096,0.00988
1403636655.063541412353516,0.00198,0.00010,0.00006,0.00349,0.00002,0.00094,0.00659
1403636655.113541364669800,0.00207,0.00013,0.00003,0.00305,0.00079,0.00096,0.00702
1403636655.163541555404663,0.00207,0.00010,0.00566,0.00326,0.00006,0.00128,0.01243
1403636655.213541507720947,0.00221,0.00014,0.00010,0.00307,0.00041,0.00118,0.00712
1403636655.263539552688599,0.00204,0.00009,0.00014,0.00315,0.00000,0.00097,0.00640
1403636655.313538551330566,0.00190,0.00016,0.00005,0.00275,0.00000,0.00129,0.00615
1403636655.363537549972534,0.00230,0.00014,0.00078,0.00263,0.00010,0.00125,0.00720
1403636655.413537025451660,0.00191,0.00009,0.00357,0.00231,0.00093,0.00100,0.00982
1403636655.463536739349365,0.00242,0.00009,0.00009,0.00251,0.00000,0.00110,0.00622
1403636655.513536214828491,0.00224,0.00014,0.00010,0.00201,0.00003,0.00104,0.00557
1403636655.563536643981934,0.00193,0.00013,0.00008,0.00217,0.00000,0.00139,0.00571
1403636655.613536596298218,0.00216,0.00015,0.00031,0.00189,0.00095,0.00119,0.00665
1403636655.663536548614502,0.00207,0.00012,0.00025,0.00201,0.00002,0.00099,0.00544
1403636655.713536262512207,0.00199,0.00011,0.00020,0.00186,0.00000,0.00104,0.00521
1403636655.763535261154175,0.00181,0.00012,0.00151,0.00194,0.00595,0.00137,0.01270
1403636655.813535928726196,0.00195,0.00015,0.00011,0.00260,0.00071,0.00137,0.00690
1403636655.863537311553955,0.00253,0.00015,0.00012,0.00239,0.00000,0.00124,0.00643
1403636655.913539409637451,0.00163,0.00010,0.00009,0.00209,0.00000,0.00088,0.00479
1403636655.963540315628052,0.00233,0.00016,0.00040,0.00224,0.00136,0.00138,0.00787
1403636656.013544559478760,0.00218,0.00014,0.00349,0.00223,0.00578,0.00115,0.01498
1403636656.063545703887939,0.00194,0.00013,0.00003,0.00298,0.00037,0.00094,0.00639
1403636656.113544702529907,0.00257,0.00011,0.00016,0.00286,0.00080,0.00137,0.00788
1403636656.163543224334717,0.00221,0.00016,0.00009,0.00284,0.00000,0.00110,0.00641
1403636656.213542938232422,0.00192,0.00016,0.00031,0.00264,0.00080,0.00098,0.00682
1403636656.263541936874390,0.00193,0.00013,0.00006,0.00273,0.00072,0.00097,0.00655
1403636656.313541412353516,0.00189,0.00013,0.00002,0.00289,0.00000,0.00106,0.00599
1403636656.363542079925537,0.00208,0.00017,0.00016,0.00259,0.00155,0.00124,0.00778
1403636656.413540601730347,0.00209,0.00016,0.00409,0.00290,0.00319,0.00091,0.01334
1403636656.463541269302368,0.00220,0.00012,0.00013,0.00326,0.00002,0.00123,0.00697
1403636656.513541460037231,0.00271,0.00011,0.00007,0.00309,0.00001,0.00130,0.00729
1403636656.563541412353516,0.00191,0.00015,0.00045,0.00277,0.00086,0.00088,0.00703
1403636656.613541841506958,0.00228,0.00018,0.00353,0.00314,0.00084,0.00172,0.01170
1403636656.663541793823242,0.00220,0.00014,0.00337,0.00313,0.00087,0.00126,0.01096
1403636656.713541507720947,0.00200,0.00013,0.00012,0.00313,0.00002,0.00097,0.00638
1403636656.763541221618652,0.00188,0.00013,0.00012,0.00293,0.00001,0.00096,0.00604
1403636656.813541650772095,0.00189,0.00013,0.00018,0.00266,0.00036,0.00099,0.00620
1403636656.863543272018433,0.00188,0.00012,0.00005,0.00270,0.00043,0.00155,0.00673
1403636656.913543462753296,0.00254,0.00013,0.00024,0.00264,0.00000,0.00090,0.00644
1403636656.963544130325317,0.00223,0.00012,0.00061,0.00231,0.00004,0.00122,0.00654
1403636657.013546943664551,0.00195,0.00015,0.00104,0.00219,0.00564,0.00104,0.01201
1403636657.063547611236572,0.00223,0.00014,0.00460,0.00306,0.00052,0.00156,0.01211
1403636657.113547325134277,0.00217,0.00018,0.00013,0.00349,0.00000,0.00125,0.00721
1403636657.163547515869141,0.00194,0.00010,0.00029,0.00337,0.00011,0.00097,0.00678
1403636657.213547945022583,0.00198,0.00013,0.00323,0.00324,0.00013,0.00098,0.00967
1403636657.263547897338867,0.00281,0.00014,0.00306,0.00290,0.00154,0.00105,0.01150
1403636657.313547849655151,0.00268,0.00016,0.00016,0.00286,0.00038,0.00132,0.00757
1403636657.363547801971436,0.00216,0.00010,0.00015,0.00284,0.00011,0.00097,0.00633
1403636657.413547754287720,0.00208,0.00014,0.00027,0.00236,0.00000,0.00123,0.00609
1403636657.463547945022583,0.00276,0.00015,0.00100,0.00221,0.00218,0.00118,0.00947
1403636657.513547420501709,0.00214,0.00014,0.00018,0.00258,0.00014,0.00108,0.00626
1403636657.563546180725098,0.00245,0.00017,0.00015,0.00241,0.00003,0.00119,0.00640
1403636657.613545179367065,0.00200,0.00012,0.00011,0.00238,0.00110,0.00086,0.00657
1403636657.713541507720947,0.00198,0.00018,0.00207,0.00205,0.00473,0.00098,0.01199
1403636657.763537883758545,0.00260,0.00010,0.00044,0.00272,0.00002,0.00105,0.00692
1403636657.813537359237671,0.00271,0.00009,0.00109,0.00234,0.00079,0.00109,0.00811
1403636657.863535881042480,0.00238,0.00014,0.00343,0.00203,0.00373,0.00090,0.01261
1403636657.913535356521606,0.00251,0.00011,0.00020,0.00267,0.00285,0.00165,0.00999
1403636657.963536739349365,0.00216,0.00016,0.00012,0.00350,0.00081,0.00101,0.00776
1403636658.013536930084229,0.00222,0.00014,0.00021,0.00320,0.00038,0.00091,0.00705
1403636658.063538551330566,0.00169,0.00009,0.00210,0.00267,0.00135,0.00080,0.00871
1403636658.113538503646851,0.00234,0.00012,0.00014,0.00317,0.00000,0.00096,0.00674
1403636658.163539409637451,0.00189,0.00013,0.00015,0.00236,0.00001,0.00094,0.00547
1403636658.213542222976685,0.00273,0.00017,0.00036,0.00218,0.00006,0.00130,0.00680
1403636658.263542413711548,0.00235,0.00014,0.00036,0.00191,0.00000,0.00113,0.00588
1403636658.313540458679199,0.00241,0.00016,0.00103,0.00166,0.00212,0.00131,0.00869
1403636658.363540887832642,0.00236,0.00014,0.00086,0.00172,0.00308,0.00093,0.00909
1403636658.413540601730347,0.00254,0.00013,0.00136,0.00202,0.00210,0.00111,0.00927
1403636658.463538408279419,0.00239,0.00013,0.00236,0.00251,0.00088,0.00120,0.00947
1403636658.513538122177124,0.00206,0.00010,0.00030,0.00252,0.00000,0.00103,0.00602
1403636658.563536405563354,0.00254,0.00010,0.00066,0.00234,0.00141,0.00098,0.00802
1403636658.613535642623901,0.00220,0.00018,0.00028,0.00233,0.00068,0.00108,0.00675
1403636658.663534402847290,0.00290,0.00013,0.00102,0.00229,0.00139,0.00114,0.00887
1403636658.713534593582153,0.00207,0.00015,0.00028,0.00244,0.00284,0.00096,0.00875
1403636658.763534784317017,0.00265,0.00010,0.00046,0.00273,0.00002,0.00095,0.00691
1403636658.813534736633301,0.00218,0.00009,0.00079,0.00251,0.00307,0.00103,0.00968
1403636658.863534450531006,0.00197,0.00013,0.00159,0.00280,0.00074,0.00108,0.00830
1403636658.913533687591553,0.00180,0.00011,0.00121,0.00275,0.00081,0.00086,0.00754
1403636658.963532924652100,0.00221,0.00015,0.00222,0.00308,0.00080,0.00120,0.00967
1403636659.013532400131226,0.00256,0.00010,0.00137,0.00294,0.00000,0.00102,0.00800
1403636659.063533782958984,0.00202,0.00010,0.00133,0.00246,0.00119,0.00096,0.00805
1403636659.113534212112427,0.00270,0.00010,0.00113,0.00233,0.00173,0.00100,0.00900
1403636659.163535594940186,0.00202,0.00010,0.00020,0.00254,0.00009,0.00092,0.00586
1403636659.213536024093628,0.00203,0.00010,0.00058,0.00236,0.00380,0.00091,0.00979
1403636659.263539075851440,0.00249,0.00010,0.00047,0.00299,0.00017,0.00135,0.00757
1403636659.313541412353516,0.00225,0.00017,0.00262,0.00286,0.00127,0.00086,0.01003
1403636659.363543987274170,0.00231,0.00014,0.00016,0.00306,0.00013,0.00121,0.00702
1403636659.413544893264771,0.00201,0.00011,0.00016,0.00269,0.00092,0.00093,0.00683
1403636659.463543653488159,0.00245,0.00012,0.00015,0.00273,0.00067,0.00110,0.00720
1403636659.513539314270020,0.00273,0.00018,0.00040,0.00293,0.00077,0.00118,0.00819
1403636659.563536643981934,0.00206,0.00010,0.00112,0.00312,0.00124,0.00096,0.00861
1403636659.613533020019531,0.00210,0.00010,0.00072,0.00318,0.00038,0.00150,0.00798
1403636659.663531303405762,0.00174,0.00013,0.00274,0.00307,0.00072,0.00103,0.00943
1403636659.713531255722046,0.00283,0.00015,0.00015,0.00316,0.00080,0.00128,0.00837
1403636659.763531446456909,0.00221,0.00010,0.00001,0.00348,0.00042,0.00098,0.00721
1403636659.813531398773193,0.00211,0.00014,0.00205,0.00353,0.00000,0.00098,0.00881
1403636659.863532066345215,0.00193,0.00010,0.00104,0.00291,0.00037,0.00097,0.00732
1403636659.913531780242920,0.00199,0.00010,0.00252,0.00286,0.00013,0.00098,0.00858
1403636659.963531970977783,0.00207,0.00009,0.00010,0.00249,0.00022,0.00097,0.00595
1403636660.013532400131226,0.00196,0.00010,0.00186,0.00248,0.00042,0.00094,0.00776
1403636660.063532114028931,0.00202,0.00010,0.00076,0.00225,0.00014,0.00092,0.00620
1403636660.113531351089478,0.00258,0.00013,0.00010,0.00221,0.00069,0.00101,0.00672
1403636660.163531064987183,0.00232,0.00009,0.00027,0.00199,0.00160,0.00094,0.00722
1403636660.213530302047729,0.00196,0.00010,0.00010,0.00241,0.00075,0.00122,0.00653
1403636660.263530492782593,0.00219,0.00011,0.00276,0.00214,0.00062,0.00114,0.00897
1403636660.313530445098877,0.00229,0.00016,0.00024,0.00211,0.00000,0.00109,0.00589
1403636660.363530158996582,0.00225,0.00012,0.00024,0.00216,0.00000,0.00121,0.00598
1403636660.413529872894287,0.00243,0.00012,0.00008,0.00232,0.00274,0.00114,0.00883
1403636660.463529586791992,0.00245,0.00011,0.00061,0.00272,0.00111,0.00120,0.00820
1403636660.513530969619751,0.00202,0.00013,0.00227,0.00293,0.00041,0.00100,0.00876
1403636660.563532829284668,0.00194,0.00013,0.00016,0.00300,0.00000,0.00096,0.00619
1403636660.613534450531006,0.00202,0.00017,0.00156,0.00285,0.00000,0.00109,0.00768
1403636660.663536071777344,0.00248,0.00016,0.00349,0.00285,0.00000,0.00125,0.01023
1403636660.713536500930786,0.00200,0.00011,0.00029,0.00284,0.00000,0.00104,0.00629
1403636660.763538599014282,0.00203,0.00012,0.00030,0.00257,0.00060,0.00110,0.00671
1403636660.813539505004883,0.00215,0.00014,0.00012,0.00277,0.00000,0.00130,0.00648
1403636660.863541603088379,0.00253,0.00013,0.00243,0.00241,0.00016,0.00111,0.00878
1403636660.913544178009033,0.00231,0.00016,0.00009,0.00258,0.00001,0.00129,0.00645
1403636660.963545083999634,0.00208,0.00011,0.00229,0.00234,0.00350,0.00111,0.01143
1403636661.013544797897339,0.00231,0.00019,0.00027,0.00287,0.00000,0.00119,0.00682
1403636661.063545465469360,0.00244,0.00010,0.00022,0.00288,0.00000,0.00095,0.00658
1403636661.113546133041382,0.00215,0.00009,0.00013,0.00300,0.00152,0.00093,0.00783
1403636661.163546085357666,0.00191,0.00012,0.00045,0.00368,0.00000,0.00122,0.00738
1403636661.213546037673950,0.00159,0.00011,0.00230,0.00321,0.00000,0.00088,0.00809
1403636661.263546943664551,0.00277,0.00015,0.00334,0.00324,0.00000,0.00120,0.01069
1403636661.313546419143677,0.00198,0.00010,0.00003,0.00321,0.00000,0.00094,0.00627
1403636661.363545894622803,0.00198,0.00010,0.00040,0.00313,0.00003,0.00095,0.00660
1403636661.413545370101929,0.00232,0.00010,0.00018,0.00322,0.00017,0.00095,0.00695
1403636661.463545322418213,0.00230,0.00010,0.00286,0.00319,0.00004,0.00166,0.01014
1403636661.513544797897339,0.00199,0.00011,0.00033,0.00283,0.00074,0.00098,0.00699
1403636661.563544511795044,0.00230,0.00014,0.00088,0.00268,0.00130,0.00124,0.00855
1403636661.613544225692749,0.00194,0.00010,0.00040,0.00287,0.00040,0.00096,0.00666
1403636661.663543701171875,0.00244,0.00010,0.00003,0.00310,0.00002,0.00100,0.00668
1403636661.713543653488159,0.00211,0.00009,0.00005,0.00317,0.00000,0.00142,0.00684
1403636661.763544321060181,0.00228,0.00014,0.00003,0.00321,0.00003,0.00127,0.00696
1403636661.813544988632202,0.00212,0.00014,0.00149,0.00272,0.00019,0.00119,0.00786
1403636661.863545179367065,0.00228,0.00014,0.00302,0.00272,0.00008,0.00126,0.00949
1403636661.913545131683350,0.00215,0.00009,0.00040,0.00282,0.00000,0.00097,0.00643
1403636661.963545083999634,0.00201,0.00009,0.00043,0.00277,0.00006,0.00095,0.00631
1403636662.013545036315918,0.00210,0.00015,0.00282,0.00266,0.00129,0.00117,0.01019
1403636662.063545227050781,0.00165,0.00010,0.00209,0.00281,0.00036,0.00088,0.00790
1403636662.113546133041382,0.00220,0.00015,0.00001,0.00317,0.00000,0.00130,0.00684
1403636662.163547039031982,0.00194,0.00010,0.00011,0.00302,0.00002,0.00100,0.00618
1403636662.213546991348267,0.00197,0.00015,0.00291,0.00284,0.00014,0.00121,0.00921
1403636662.313549280166626,0.00226,0.00019,0.00011,0.00316,0.00004,0.00095,0.00671
1403636662.363549947738647,0.00215,0.00012,0.00009,0.00289,0.00001,0.00123,0.00649
1403636662.413552045822144,0.00199,0.00010,0.00001,0.00274,0.00003,0.00101,0.00588
1403636662.463554382324219,0.00191,0.00010,0.00106,0.00273,0.00026,0.00099,0.00704
1403636662.513555049896240,0.00204,0.00010,0.00258,0.00280,0.00057,0.00098,0.00906
1403636662.563555955886841,0.00261,0.00010,0.00024,0.00303,0.00000,0.00104,0.00701
1403636662.613558053970337,0.00256,0.00010,0.00072,0.00295,0.00004,0.00101,0.00739
1403636662.663560152053833,0.00227,0.00015,0.00092,0.00286,0.00144,0.00113,0.00877
1403636662.713564395904541,0.00238,0.00012,0.00227,0.00330,0.00003,0.00095,0.00905
1403636662.763564825057983,0.00225,0.00014,0.00005,0.00300,0.00000,0.00133,0.00678
1403636662.813565254211426,0.00214,0.00015,0.00009,0.00295,0.00013,0.00120,0.00668
1403636662.863564491271973,0.00224,0.00015,0.00304,0.00286,0.00021,0.00118,0.00969
1403636662.913563013076782,0.00200,0.00009,0.00009,0.00343,0.00046,0.00123,0.00730
1403636662.963562726974487,0.00214,0.00014,0.00016,0.00313,0.00000,0.00119,0.00676
1403636663.013562440872192,0.00185,0.00015,0.00010,0.00283,0.00003,0.00108,0.00603
1403636663.063563108444214,0.00274,0.00015,0.00162,0.00258,0.00013,0.00094,0.00816
1403636663.113562583923340,0.00243,0.00016,0.00402,0.00251,0.00114,0.00091,0.01117
1403636663.163563966751099,0.00177,0.00010,0.00002,0.00283,0.00000,0.00090,0.00563
1403636663.213563919067383,0.00225,0.00014,0.00053,0.00263,0.00007,0.00131,0.00693
1403636663.263563156127930,0.00208,0.00010,0.00001,0.00269,0.00118,0.00112,0.00718
1403636663.313563108444214,0.00206,0.00010,0.00199,0.00282,0.00015,0.00101,0.00812
1403636663.363562107086182,0.00197,0.00010,0.00003,0.00295,0.00000,0.00096,0.00600
1403636663.413561344146729,0.00206,0.00010,0.00008,0.00266,0.00017,0.00098,0.00604
1403636663.463560819625854,0.00192,0.00009,0.00040,0.00267,0.00077,0.00099,0.00684
1403636663.513560533523560,0.00204,0.00012,0.00017,0.00255,0.00013,0.00113,0.00614
1403636663.563560009002686,0.00218,0.00014,0.00013,0.00246,0.00000,0.00122,0.00613
1403636663.613560438156128,0.00236,0.00010,0.00273,0.00252,0.00143,0.00108,0.01023
1403636663.663560628890991,0.00194,0.00012,0.00078,0.00221,0.00051,0.00112,0.00668
1403636663.713560819625854,0.00147,0.00009,0.00093,0.00216,0.00073,0.00083,0.00622
1403636663.763560533523560,0.00437,0.00015,0.00027,0.00247,0.00018,0.00122,0.00866
1403636663.813561201095581,0.00231,0.00010,0.00043,0.00202,0.00018,0.00106,0.00609
1403636663.863562107086182,0.00228,0.00009,0.00019,0.00183,0.00038,0.00100,0.00577
1403636663.913563489913940,0.00230,0.00013,0.00038,0.00176,0.00133,0.00133,0.00723
1403636663.963563680648804,0.00236,0.00016,0.00026,0.00193,0.00000,0.00117,0.00588
1403636664.013564348220825,0.00239,0.00014,0.00056,0.00178,0.00008,0.00105,0.00600
1403636664.063564062118530,0.00275,0.00014,0.00041,0.00164,0.00057,0.00114,0.00666
1403636664.113563060760498,0.00216,0.00014,0.00013,0.00171,0.00003,0.00097,0.00513
1403636664.163562297821045,0.00253,0.00018,0.00071,0.00182,0.00015,0.00120,0.00660
1403636664.213562011718750,0.00228,0.00011,0.00094,0.00144,0.00273,0.00118,0.00869
1403636664.263561248779297,0.00212,0.00010,0.00054,0.00168,0.00082,0.00102,0.00627
1403636664.313561916351318,0.00250,0.00010,0.00157,0.00159,0.00238,0.00096,0.00910
1403636664.363561868667603,0.00267,0.00013,0.00041,0.00180,0.00011,0.00114,0.00627
1403636664.413562297821045,0.00269,0.00015,0.00067,0.00142,0.00131,0.00110,0.00735
1403636664.463561296463013,0.00243,0.00010,0.00036,0.00154,0.00091,0.00105,0.00639
1403636664.513560533523560,0.00267,0.00010,0.00085,0.00175,0.00249,0.00093,0.00880
1403636664.563560724258423,0.00222,0.00010,0.00052,0.00199,0.00225,0.00096,0.00804
1403636664.613559484481812,0.00280,0.00010,0.00105,0.00184,0.00142,0.00089,0.00809
1403636664.663559675216675,0.00260,0.00010,0.00030,0.00166,0.00073,0.00100,0.00640
1403636664.713560819625854,0.00264,0.00013,0.00106,0.00161,0.00330,0.00088,0.00963
1403636664.763561725616455,0.00260,0.00011,0.00055,0.00191,0.00007,0.00100,0.00625
1403636664.813562393188477,0.00292,0.00012,0.00032,0.00178,0.00000,0.00096,0.00610
1403636664.863562583923340,0.00266,0.00012,0.00041,0.00164,0.00024,0.00093,0.00601
1403636664.913562059402466,0.00272,0.00012,0.00042,0.00154,0.00561,0.00118,0.01159
1403636664.963562726974487,0.00304,0.00018,0.00031,0.00206,0.00263,0.00107,0.00930
1403636665.013562917709351,0.00269,0.00018,0.00075,0.00199,0.00001,0.00101,0.00661
1403636665.063563585281372,0.00240,0.00011,0.00121,0.00188,0.00068,0.00088,0.00717
1403636665.113563776016235,0.00295,0.00013,0.00097,0.00139,0.00034,0.00101,0.00679
1403636665.163564682006836,0.00339,0.00015,0.00036,0.00131,0.00006,0.00112,0.00639
1403636665.213567495346069,0.00266,0.00016,0.00119,0.00119,0.00063,0.00110,0.00693
1403636665.263569831848145,0.00279,0.00015,0.00017,0.00128,0.00163,0.00105,0.00708
1403636665.313571214675903,0.00293,0.00009,0.00033,0.00175,0.00037,0.00119,0.00665
1403636665.363572835922241,0.00320,0.00015,0.00044,0.00165,0.00295,0.00100,0.00940
1403636665.413573026657104,0.00324,0.00014,0.00048,0.00179,0.00051,0.00120,0.00735
1403636665.463572978973389,0.00265,0.00013,0.00015,0.00180,0.00020,0.00100,0.00593
1403636665.513573408126831,0.00277,0.00011,0.00066,0.00170,0.00134,0.00089,0.00748
1403636665.563571453094482,0.00261,0.00009,0.00032,0.00179,0.00011,0.00097,0.00590
1403636665.613570690155029,0.00268,0.00012,0.00030,0.00176,0.00055,0.00094,0.00636
1403636665.663570404052734,0.00235,0.00012,0.00028,0.00189,0.00035,0.00094,0.00594
1403636665.713570117950439,0.00263,0.00011,0.00018,0.00206,0.00030,0.00093,0.00622
1403636665.763570070266724,0.00260,0.00010,0.00103,0.00189,0.00006,0.00088,0.00656
1403636665.813570499420166,0.00236,0.00012,0.00033,0.00190,0.00013,0.00103,0.00587
1403636665.863569259643555,0.00270,0.00014,0.00018,0.00171,0.00033,0.00116,0.00622
1403636665.913569450378418,0.00263,0.00012,0.00018,0.00141,0.00197,0.00163,0.00794
1403636665.963568210601807,0.00262,0.00011,0.00021,0.00157,0.00167,0.00090,0.00708
1403636666.013567924499512,0.00297,0.00012,0.00281,0.00164,0.00209,0.00103,0.01066
1403636666.063568592071533,0.00266,0.00013,0.00008,0.00185,0.00289,0.00085,0.00847
1403636666.113569498062134,0.00267,0.00010,0.00012,0.00238,0.00000,0.00095,0.00623
1403636666.163569927215576,0.00206,0.00010,0.00026,0.00218,0.00046,0.00092,0.00598
1403636666.213569879531860,0.00278,0.00010,0.00118,0.00207,0.00001,0.00091,0.00707
1403636666.263569831848145,0.00226,0.00011,0.00020,0.00196,0.00247,0.00089,0.00789
1403636666.313570022583008,0.00272,0.00010,0.00036,0.00253,0.00000,0.00093,0.00664
1403636666.363569974899292,0.00284,0.00013,0.00028,0.00230,0.00000,0.00088,0.00644
1403636666.413571596145630,0.00285,0.00013,0.00034,0.00230,0.00000,0.00093,0.00654
1403636666.463572978973389,0.00234,0.00013,0.00046,0.00206,0.00000,0.00098,0.00597
1403636666.513573169708252,0.00269,0.00010,0.00027,0.00198,0.00336,0.00094,0.00935
1403636666.563572406768799,0.00218,0.00010,0.00057,0.00246,0.00000,0.00098,0.00630
1403636666.613573312759399,0.00205,0.00013,0.00305,0.00235,0.00151,0.00101,0.01009
1403636666.663575172424316,0.00313,0.00010,0.00367,0.00267,0.00048,0.00091,0.01097
1403636666.713575601577759,0.00219,0.00010,0.00026,0.00321,0.00000,0.00128,0.00704
1403636666.763575077056885,0.00241,0.00012,0.00183,0.00273,0.00000,0.00116,0.00825
1403636666.813574790954590,0.00210,0.00013,0.00024,0.00284,0.00000,0.00108,0.00639
1403636666.863576173782349,0.00279,0.00010,0.00224,0.00254,0.00072,0.00089,0.00929
1403636666.913576841354370,0.00201,0.00010,0.00162,0.00247,0.00000,0.00085,0.00706
1403636666.963576078414917,0.00316,0.00015,0.00061,0.00249,0.00000,0.00098,0.00740
1403636667.013574600219727,0.00220,0.00011,0.00011,0.00263,0.00000,0.00093,0.00599
1403636667.063570737838745,0.00215,0.00009,0.00055,0.00236,0.00202,0.00094,0.00812
1403636667.113567352294922,0.00175,0.00010,0.00056,0.00275,0.00000,0.00094,0.00610
1403636667.163565635681152,0.00148,0.00009,0.00020,0.00251,0.00000,0.00091,0.00520
1403636667.213561773300171,0.00133,0.00009,0.00408,0.00246,0.00000,0.00092,0.00889
1403636667.263562679290771,0.00141,0.00010,0.00276,0.00216,0.00001,0.00089,0.00732
1403636667.313564300537109,0.00244,0.00017,0.00011,0.00250,0.00000,0.00148,0.00670
1403636667.363565921783447,0.00325,0.00016,0.00104,0.00217,0.00082,0.00112,0.00857
1403636667.413570404052734,0.00226,0.00010,0.00024,0.00218,0.00040,0.00099,0.00618
1403636667.463573694229126,0.00219,0.00010,0.00007,0.00216,0.00073,0.00096,0.00622
1403636667.513578891754150,0.00200,0.00011,0.00245,0.00247,0.00075,0.00128,0.00907
1403636667.563578605651855,0.00248,0.00010,0.00015,0.00215,0.00009,0.00103,0.00601
1403636667.613578081130981,0.00306,0.00012,0.00019,0.00221,0.00042,0.00138,0.00738
1403636667.663578510284424,0.00228,0.00010,0.00029,0.00241,0.00050,0.00109,0.00667
1403636667.713578224182129,0.00208,0.00013,0.00027,0.00206,0.00019,0.00130,0.00603
1403636667.763578176498413,0.00284,0.00011,0.00021,0.00214,0.00000,0.00123,0.00654
1403636667.813578128814697,0.00214,0.00011,0.00246,0.00187,0.00069,0.00109,0.00837
1403636667.863578796386719,0.00228,0.00013,0.00103,0.00197,0.00295,0.00129,0.00964
1403636667.913578748703003,0.00218,0.00013,0.00255,0.00225,0.00150,0.00109,0.00970
1403636667.963579177856445,0.00167,0.00015,0.00029,0.00249,0.00036,0.00087,0.00584
1403636668.013580560684204,0.00230,0.00019,0.00109,0.00257,0.00044,0.00126,0.00784
1403636668.063581228256226,0.00172,0.00016,0.00008,0.00266,0.00000,0.00110,0.00572
1403636668.113581418991089,0.00215,0.00015,0.00239,0.00234,0.00046,0.00093,0.00841
1403636668.163581371307373,0.00224,0.00017,0.00023,0.00257,0.00100,0.00145,0.00766
1403636668.213581085205078,0.00188,0.00014,0.00002,0.00260,0.00000,0.00120,0.00583
1403636668.263581275939941,0.00230,0.00018,0.00004,0.00289,0.00055,0.00129,0.00724
1403636668.313581466674805,0.00221,0.00012,0.00291,0.00239,0.00003,0.00113,0.00879
1403636668.363581418991089,0.00227,0.00014,0.00005,0.00248,0.00000,0.00124,0.00618
1403636668.413582563400269,0.00178,0.00012,0.00282,0.00230,0.00050,0.00117,0.00869
1403636668.463582992553711,0.00235,0.00014,0.00098,0.00258,0.00063,0.00125,0.00793
1403636668.513583183288574,0.00211,0.00013,0.00148,0.00265,0.00079,0.00105,0.00820
1403636668.563583374023438,0.00206,0.00012,0.00039,0.00269,0.00000,0.00115,0.00641
1403636668.613583564758301,0.00209,0.00014,0.00047,0.00271,0.00000,0.00123,0.00665
1403636668.663583040237427,0.00187,0.00011,0.00001,0.00265,0.00000,0.00103,0.00567
1403636668.713582992553711,0.00178,0.00014,0.00107,0.00247,0.00000,0.00130,0.00677
1403636668.763582468032837,0.00216,0.00014,0.00023,0.00277,0.00022,0.00092,0.00643
1403636668.813581705093384,0.00153,0.00011,0.00027,0.00234,0.00000,0.00088,0.00515
1403636668.863582134246826,0.00205,0.00009,0.00114,0.00210,0.00017,0.00082,0.00637
1403636668.913581848144531,0.00232,0.00014,0.00257,0.00209,0.00054,0.00120,0.00886
1403636668.963582038879395,0.00201,0.00011,0.00009,0.00210,0.00000,0.00102,0.00532
1403636669.013581752777100,0.00233,0.00010,0.00154,0.00201,0.00126,0.00104,0.00829
1403636669.113581180572510,0.00212,0.00015,0.00028,0.00197,0.00082,0.00095,0.00628
1403636669.163580179214478,0.00183,0.00012,0.00018,0.00206,0.00141,0.00098,0.00658
1403636669.213577985763550,0.00213,0.00011,0.00016,0.00212,0.00007,0.00093,0.00552
1403636669.263577699661255,0.00220,0.00016,0.00001,0.00208,0.00179,0.00117,0.00741
1403636669.313576698303223,0.00230,0.00010,0.00055,0.00229,0.00000,0.00087,0.00611
1403636669.363572597503662,0.00244,0.00018,0.00074,0.00221,0.00186,0.00129,0.00871
1403636669.413573980331421,0.00211,0.00011,0.00006,0.00275,0.00000,0.00101,0.00606
1403636669.463575601577759,0.00205,0.00013,0.00027,0.00271,0.00203,0.00121,0.00839
1403636669.513575077056885,0.00217,0.00017,0.00236,0.00261,0.00013,0.00123,0.00866
1403636669.563576698303223,0.00200,0.00014,0.00283,0.00274,0.00173,0.00121,0.01066
1403636669.613579750061035,0.00164,0.00010,0.00245,0.00250,0.00077,0.00095,0.00842
1403636669.663579463958740,0.00154,0.00010,0.00195,0.00266,0.00000,0.00081,0.00707
1403636669.713579416275024,0.00213,0.00018,0.00069,0.00256,0.00059,0.00131,0.00748
1403636669.763579368591309,0.00204,0.00016,0.00020,0.00236,0.00000,0.00111,0.00586
1403636669.813579797744751,0.00252,0.00010,0.00004,0.00223,0.00076,0.00101,0.00667
1403636669.863583564758301,0.00209,0.00009,0.00413,0.00222,0.00077,0.00093,0.01024
1403636669.913586854934692,0.00205,0.00010,0.00010,0.00243,0.00036,0.00087,0.00590
1403636669.963587284088135,0.00247,0.00018,0.00008,0.00220,0.00163,0.00134,0.00791
1403636670.013588190078735,0.00194,0.00016,0.00034,0.00231,0.00001,0.00113,0.00590
1403636670.063586473464966,0.00234,0.00012,0.00040,0.00204,0.00037,0.00128,0.00655
1403636670.113585948944092,0.00175,0.00011,0.00138,0.00197,0.00087,0.00119,0.00727
1403636670.163579702377319,0.00230,0.00015,0.00143,0.00199,0.00207,0.00098,0.00892
1403636670.213572263717651,0.00158,0.00013,0.00001,0.00243,0.00140,0.00090,0.00643
1403636670.263564825057983,0.00231,0.00019,0.00292,0.00270,0.00000,0.00132,0.00945
1403636670.313564300537109,0.00218,0.00010,0.00035,0.00281,0.00000,0.00102,0.00646
1403636670.363562822341919,0.00205,0.00018,0.00725,0.00265,0.00145,0.00125,0.01483
1403636670.413563489913940,0.00241,0.00014,0.00009,0.00291,0.00000,0.00137,0.00692
1403636670.463562250137329,0.00225,0.00016,0.00401,0.00267,0.00077,0.00126,0.01112
1403636670.513561487197876,0.00229,0.00013,0.00001,0.00316,0.00000,0.00143,0.00701
1403636670.563560247421265,0.00184,0.00016,0.00001,0.00295,0.00000,0.00122,0.00618
1403636670.613559007644653,0.00248,0.00015,0.00076,0.00295,0.00000,0.00131,0.00765
1403636670.663558244705200,0.00181,0.00015,0.00109,0.00285,0.00000,0.00135,0.00725
1403636670.713557004928589,0.00227,0.00014,0.00054,0.00305,0.00000,0.00141,0.00740
1403636670.763556003570557,0.00201,0.00016,0.00110,0.00286,0.00000,0.00120,0.00734
1403636670.813554286956787,0.00223,0.00015,0.00040,0.00299,0.00000,0.00143,0.00720
1403636670.863553285598755,0.00183,0.00014,0.00278,0.00278,0.00000,0.00122,0.00874
1403636670.913552045822144,0.00222,0.00015,0.00125,0.00249,0.00000,0.00129,0.00739
1403636670.963550567626953,0.00211,0.00015,0.00554,0.00211,0.00142,0.00104,0.01238
1403636671.013549804687500,0.00194,0.00010,0.00009,0.00245,0.00002,0.00103,0.00564
1403636671.063548803329468,0.00258,0.00015,0.00202,0.00195,0.00269,0.00118,0.01057
1403636671.113548755645752,0.00353,0.00012,0.00002,0.00259,0.00000,0.00135,0.00761
1403636671.163549423217773,0.00263,0.00016,0.00027,0.00240,0.00000,0.00133,0.00680
1403636671.213550806045532,0.00268,0.00016,0.00021,0.00220,0.00002,0.00133,0.00660
1403636671.263554096221924,0.00246,0.00013,0.00033,0.00195,0.00140,0.00114,0.00740
1403636671.313558578491211,0.00231,0.00010,0.00206,0.00191,0.00143,0.00106,0.00887
1403636671.413563013076782,0.00236,0.00017,0.00104,0.00194,0.00131,0.00109,0.00791
1403636671.463566064834595,0.00242,0.00011,0.00101,0.00223,0.00001,0.00147,0.00723
1403636671.513566732406616,0.00239,0.00011,0.00120,0.00178,0.00106,0.00128,0.00783
1403636671.563569307327271,0.00221,0.00010,0.00089,0.00184,0.00081,0.00110,0.00695
1403636671.613571166992188,0.00209,0.00009,0.00364,0.00176,0.00450,0.00105,0.01312
1403636671.663570880889893,0.00212,0.00009,0.00261,0.00263,0.00004,0.00097,0.00847
1403636671.713573217391968,0.00215,0.00011,0.00955,0.00236,0.00088,0.00094,0.01599
1403636671.763573646545410,0.00215,0.00011,0.00015,0.00268,0.00003,0.00140,0.00652
1403636671.813574075698853,0.00326,0.00013,0.00042,0.00198,0.00000,0.00128,0.00708
1403636671.863574743270874,0.00343,0.00010,0.00010,0.00201,0.00083,0.00120,0.00766
1403636671.913577318191528,0.00250,0.00016,0.00049,0.00184,0.00001,0.00114,0.00614
1403636671.963579416275024,0.00244,0.00015,0.00010,0.00185,0.00073,0.00140,0.00668
1403636672.013581991195679,0.00206,0.00018,0.00023,0.00189,0.00000,0.00121,0.00557
1403636672.063582420349121,0.00251,0.00013,0.00096,0.00169,0.00071,0.00135,0.00735
1403636672.113587379455566,0.00237,0.00014,0.00134,0.00174,0.00214,0.00117,0.00888
1403636672.163591861724854,0.00209,0.00010,0.00059,0.00187,0.00180,0.00126,0.00770
1403636672.213595867156982,0.00180,0.00009,0.00189,0.00185,0.00322,0.00098,0.00983
1403636672.263597488403320,0.00223,0.00014,0.00126,0.00246,0.00080,0.00131,0.00821
1403636672.313599348068237,0.00188,0.00018,0.00492,0.00245,0.00170,0.00110,0.01222
1403636672.363600969314575,0.00159,0.00009,0.00293,0.00256,0.00075,0.00087,0.00879
1403636672.413602352142334,0.00192,0.00009,0.00857,0.00322,0.00000,0.00097,0.01478
1403636672.463603734970093,0.00242,0.00015,0.00001,0.00290,0.00000,0.00144,0.00691
1403636672.513604640960693,0.00202,0.00014,0.00073,0.00255,0.00038,0.00105,0.00688
1403636672.563604116439819,0.00193,0.00010,0.00001,0.00281,0.00000,0.00100,0.00584
1403636672.613602161407471,0.00205,0.00013,0.00008,0.00268,0.00001,0.00114,0.00610
1403636672.663600683212280,0.00190,0.00015,0.00022,0.00235,0.00002,0.00129,0.00594
1403636672.713599920272827,0.00208,0.00016,0.00070,0.00213,0.00088,0.00126,0.00721
1403636672.763600349426270,0.00179,0.00012,0.00039,0.00220,0.00126,0.00139,0.00714
1403636672.813601493835449,0.00215,0.00025,0.00015,0.00252,0.00110,0.00124,0.00741
1403636672.863601922988892,0.00174,0.00014,0.00069,0.00248,0.00074,0.00114,0.00693
1403636672.913601636886597,0.00295,0.00009,0.00212,0.00256,0.00005,0.00088,0.00866
1403636672.963605642318726,0.00171,0.00010,0.00216,0.00275,0.00005,0.00108,0.00785
1403636673.013617038726807,0.00268,0.00021,0.00668,0.00256,0.00127,0.00128,0.01468
1403636673.063617229461670,0.00252,0.00015,0.00022,0.00289,0.00000,0.00140,0.00719
1403636673.113616943359375,0.00217,0.00016,0.00049,0.00284,0.00007,0.00121,0.00695
1403636673.163618326187134,0.00203,0.00009,0.00005,0.00277,0.00000,0.00095,0.00590
1403636673.213619947433472,0.00160,0.00009,0.00024,0.00257,0.00071,0.00106,0.00628
1403636673.263621330261230,0.00236,0.00015,0.00088,0.00274,0.00043,0.00132,0.00788
1403636673.313621282577515,0.00182,0.00016,0.00060,0.00272,0.00002,0.00163,0.00696
1403636673.363618135452271,0.00227,0.00014,0.00016,0.00282,0.00087,0.00124,0.00750
1403636673.413612127304077,0.00208,0.00012,0.00004,0.00303,0.00050,0.00107,0.00683
1403636673.463601827621460,0.00228,0.00015,0.00541,0.00289,0.00000,0.00130,0.01203
1403636673.513598680496216,0.00163,0.00011,0.00030,0.00317,0.00000,0.00101,0.00622
1403636673.563596010208130,0.00222,0.00019,0.00016,0.00304,0.00000,0.00131,0.00692
1403636673.613592863082886,0.00191,0.00016,0.00379,0.00291,0.00000,0.00126,0.01004
1403636673.663591623306274,0.00241,0.00014,0.00004,0.00308,0.00000,0.00132,0.00699
1403636673.713591337203979,0.00194,0.00014,0.00007,0.00299,0.00000,0.00117,0.00632
1403636673.763590812683105,0.00224,0.00014,0.00001,0.00300,0.00000,0.00136,0.00676
1403636673.813591241836548,0.00190,0.00013,0.00051,0.00305,0.00000,0.00116,0.00676
1403636673.863593101501465,0.00214,0.00016,0.00020,0.00291,0.00002,0.00120,0.00664
1403636673.913594722747803,0.00195,0.00011,0.00135,0.00299,0.00002,0.00106,0.00749
1403636673.963596820831299,0.00188,0.00015,0.00001,0.00286,0.00014,0.00122,0.00627
1403636674.013597011566162,0.00222,0.00013,0.00001,0.00320,0.00000,0.00102,0.00658
1403636674.063598394393921,0.00200,0.00014,0.00268,0.00272,0.00002,0.00120,0.00877
1403636674.113598346710205,0.00206,0.00012,0.00026,0.00293,0.00003,0.00102,0.00642
1403636674.163598299026489,0.00202,0.00010,0.00133,0.00265,0.00003,0.00095,0.00708
1403636674.213596820831299,0.00197,0.00010,0.00410,0.00282,0.00004,0.00099,0.01002
1403636674.263596534729004,0.00202,0.00018,0.00011,0.00270,0.00002,0.00110,0.00614
1403636674.313595533370972,0.00212,0.00015,0.00002,0.00284,0.00042,0.00133,0.00688
1403636674.363594770431519,0.00204,0.00013,0.00001,0.00278,0.00000,0.00098,0.00595
1403636674.413594007492065,0.00190,0.00011,0.00001,0.00275,0.00000,0.00107,0.00583
1403636674.463593721389771,0.00193,0.00017,0.00024,0.00246,0.00069,0.00108,0.00658
1403636674.513593196868896,0.00218,0.00017,0.00083,0.00261,0.00092,0.00127,0.00798
1403636674.563593149185181,0.00306,0.00012,0.00014,0.00292,0.00014,0.00109,0.00747
1403636674.613592863082886,0.00226,0.00010,0.00010,0.00274,0.00000,0.00147,0.00667
1403636674.663593530654907,0.00214,0.00010,0.00226,0.00261,0.00169,0.00106,0.00988
1403636674.713593482971191,0.00215,0.00009,0.00085,0.00276,0.00000,0.00092,0.00677
1403636674.763592004776001,0.00580,0.00016,0.00146,0.00291,0.00042,0.00149,0.01225
1403636674.813590526580811,0.00241,0.00013,0.00465,0.00296,0.00000,0.00107,0.01123
1403636674.863590240478516,0.00210,0.00013,0.00130,0.00293,0.00000,0.00110,0.00757
1403636674.913590431213379,0.00235,0.00018,0.00001,0.00296,0.00000,0.00132,0.00682
1403636674.963590621948242,0.00243,0.00015,0.00055,0.00308,0.00000,0.00111,0.00733
1403636675.013590335845947,0.00236,0.00013,0.00001,0.00302,0.00000,0.00133,0.00684
1403636675.063589096069336,0.00212,0.00013,0.00001,0.00285,0.00046,0.00124,0.00681
1403636675.113586425781250,0.00218,0.00015,0.00798,0.00304,0.00030,0.00129,0.01494
1403636675.163585662841797,0.00211,0.00010,0.00072,0.00277,0.00013,0.00102,0.00685
1403636675.213585376739502,0.00179,0.00015,0.00001,0.00266,0.00000,0.00092,0.00554
1403636675.263585090637207,0.00238,0.00015,0.00254,0.00291,0.00005,0.00146,0.00949
1403636675.313585996627808,0.00203,0.00014,0.00065,0.00268,0.00039,0.00115,0.00703
1403636675.363585710525513,0.00268,0.00018,0.00189,0.00276,0.00004,0.00125,0.00880
1403636675.413586139678955,0.00208,0.00015,0.00515,0.00268,0.00074,0.00113,0.01193
1403636675.463585615158081,0.00167,0.00011,0.00058,0.00278,0.00002,0.00086,0.00602
1403636675.513584613800049,0.00244,0.00014,0.00001,0.00279,0.00000,0.00135,0.00673
1403636675.563583374023438,0.00253,0.00013,0.00049,0.00283,0.00003,0.00115,0.00717
1403636675.613582134246826,0.00215,0.00017,0.00032,0.00253,0.00002,0.00113,0.00632
1403636675.663581848144531,0.00245,0.00014,0.00165,0.00225,0.00011,0.00133,0.00792
1403636675.713580608367920,0.00214,0.00011,0.00400,0.00223,0.00028,0.00099,0.00975
1403636675.763579607009888,0.00237,0.00011,0.00031,0.00214,0.00083,0.00101,0.00677
1403636675.813578844070435,0.00204,0.00017,0.00016,0.00218,0.00002,0.00122,0.00578
1403636675.863579273223877,0.00310,0.00012,0.00050,0.00191,0.00167,0.00139,0.00870
1403636675.913578748703003,0.00217,0.00012,0.00291,0.00172,0.00049,0.00101,0.00843
1403636675.963579177856445,0.00207,0.00012,0.00018,0.00145,0.00065,0.00104,0.00551
1403636676.013578653335571,0.00207,0.00011,0.00016,0.00139,0.00358,0.00102,0.00834
1403636676.063577175140381,0.00192,0.00012,0.00023,0.00181,0.00113,0.00123,0.00644
1403636676.113576412200928,0.00159,0.00015,0.00001,0.00187,0.00000,0.00092,0.00454
1403636676.163575410842896,0.00238,0.00012,0.00032,0.00176,0.00033,0.00125,0.00615
1403636676.213574886322021,0.00238,0.00011,0.00030,0.00160,0.00094,0.00105,0.00639
1403636676.263573169708252,0.00210,0.00012,0.00054,0.00181,0.00000,0.00115,0.00573
1403636676.313571929931641,0.00219,0.00015,0.00030,0.00153,0.00201,0.00108,0.00727
1403636676.363570451736450,0.00230,0.00014,0.00120,0.00143,0.00041,0.00118,0.00666
1403636676.413561105728149,0.00189,0.00009,0.00004,0.00150,0.01048,0.00099,0.01500
1403636676.463562965393066,0.00218,0.00014,0.00003,0.00299,0.00082,0.00113,0.00728
1403636676.513565540313721,0.00165,0.00011,0.00228,0.00263,0.00138,0.00091,0.00896
1403636676.563567638397217,0.00222,0.00012,0.00024,0.00297,0.00040,0.00126,0.00721
1403636676.613568067550659,0.00173,0.00013,0.00017,0.00289,0.00087,0.00109,0.00689
1403636676.663567781448364,0.00179,0.00010,0.00013,0.00267,0.00036,0.00087,0.00592
1403636676.713567972183228,0.00192,0.00009,0.00015,0.00255,0.00000,0.00085,0.00557
1403636676.763565778732300,0.00238,0.00013,0.00226,0.00262,0.00281,0.00136,0.01155
1403636676.813566207885742,0.00202,0.00014,0.00051,0.00273,0.00000,0.00100,0.00640
1403636676.863565921783447,0.00237,0.00015,0.00035,0.00245,0.00000,0.00090,0.00622
1403636676.913566112518311,0.00167,0.00018,0.00077,0.00241,0.00077,0.00087,0.00668
1403636676.963566780090332,0.00237,0.00012,0.00042,0.00241,0.00012,0.00145,0.00688
1403636677.013567447662354,0.00187,0.00013,0.00045,0.00221,0.00268,0.00106,0.00841
1403636677.063567638397217,0.00230,0.00013,0.00027,0.00285,0.00003,0.00092,0.00648
1403636677.113569021224976,0.00159,0.00013,0.00147,0.00277,0.00449,0.00091,0.01137
1403636677.163569688796997,0.00161,0.00010,0.00089,0.00329,0.00000,0.00080,0.00669
1403636677.213570833206177,0.00148,0.00009,0.00004,0.00320,0.00013,0.00077,0.00572
1403636677.263568878173828,0.00223,0.00022,0.00560,0.00326,0.00194,0.00086,0.01410
1403636677.313569545745850,0.00223,0.00015,0.00007,0.00379,0.00000,0.00122,0.00746
1403636677.363570690155029,0.00218,0.00016,0.00304,0.00326,0.00000,0.00103,0.00968
1403636677.413570642471313,0.00212,0.00010,0.00003,0.00311,0.00000,0.00079,0.00615
1403636677.463571786880493,0.00179,0.00011,0.00022,0.00295,0.00010,0.00098,0.00615
1403636677.513570785522461,0.00220,0.00017,0.00032,0.00304,0.00151,0.00132,0.00857
1403636677.563568353652954,0.00203,0.00011,0.00038,0.00287,0.00000,0.00104,0.00643
1403636677.613565444946289,0.00195,0.00009,0.00008,0.00306,0.00005,0.00120,0.00644
1403636677.663561344146729,0.00282,0.00017,0.00012,0.00252,0.00002,0.00136,0.00702
1403636677.713559150695801,0.00217,0.00010,0.00015,0.00254,0.00081,0.00097,0.00675
1403636677.763556957244873,0.00194,0.00013,0.00045,0.00241,0.00067,0.00112,0.00673
1403636677.813555240631104,0.00195,0.00015,0.00092,0.00232,0.00009,0.00113,0.00656
1403636677.863554954528809,0.00220,0.00016,0.00300,0.00229,0.00383,0.00129,0.01276
1403636677.913554668426514,0.00201,0.00010,0.00200,0.00279,0.00351,0.00109,0.01150
1403636677.963554143905640,0.00173,0.00016,0.00092,0.00313,0.00000,0.00104,0.00698
1403636678.013552904129028,0.00272,0.00013,0.00003,0.00336,0.00000,0.00142,0.00768
1403636678.063551902770996,0.00188,0.00011,0.00010,0.00303,0.00010,0.00112,0.00634
1403636678.113551139831543,0.00243,0.00012,0.00015,0.00313,0.00157,0.00145,0.00885
1403636678.163549661636353,0.00184,0.00014,0.00001,0.00324,0.00000,0.00117,0.00640
1403636678.213550329208374,0.00227,0.00012,0.00418,0.00494,0.00319,0.00159,0.01630
1403636678.263550043106079,0.00209,0.00010,0.00003,0.00379,0.00000,0.00121,0.00722
1403636678.313550710678101,0.00191,0.00012,0.00026,0.00356,0.00045,0.00111,0.00741
1403636678.363550901412964,0.00223,0.00017,0.00013,0.00332,0.00000,0.00131,0.00716
1403636678.413550615310669,0.00177,0.00015,0.00052,0.00278,0.00000,0.00101,0.00623
1403636678.463551521301270,0.00216,0.00018,0.00037,0.00280,0.00206,0.00091,0.00849
1403636678.513551712036133,0.00149,0.00013,0.00040,0.00238,0.00065,0.00087,0.00593
1403636678.563553810119629,0.00263,0.00012,0.00263,0.00270,0.00431,0.00120,0.01358
1403636678.613552570343018,0.00210,0.00015,0.00009,0.00329,0.00000,0.00104,0.00667
1403636678.663552045822144,0.00225,0.00012,0.00015,0.00325,0.00000,0.00118,0.00696
1403636678.713552236557007,0.00195,0.00010,0.00011,0.00311,0.00077,0.00092,0.00697
1403636678.763552427291870,0.00203,0.00010,0.00003,0.00318,0.00000,0.00094,0.00628
1403636678.813553810119629,0.00208,0.00016,0.00337,0.00274,0.00275,0.00104,0.01214
1403636678.863554000854492,0.00255,0.00013,0.00014,0.00324,0.00000,0.00111,0.00717
1403636678.913553714752197,0.00198,0.00014,0.00019,0.00287,0.00010,0.00103,0.00631
1403636678.963554382324219,0.00253,0.00009,0.00036,0.00313,0.00000,0.00098,0.00711
1403636679.013555288314819,0.00215,0.00012,0.00007,0.00303,0.00000,0.00098,0.00636
1403636679.063555955886841,0.00211,0.00013,0.00002,0.00336,0.00034,0.00116,0.00711
1403636679.113557577133179,0.00188,0.00012,0.00234,0.00285,0.00401,0.00085,0.01205
1403636679.163558006286621,0.00224,0.00018,0.00098,0.00377,0.00026,0.00125,0.00868
1403636679.213559389114380,0.00206,0.00012,0.00003,0.00361,0.00000,0.00115,0.00697
1403636679.263559103012085,0.00206,0.00012,0.00009,0.00354,0.00000,0.00117,0.00698
1403636679.313559532165527,0.00184,0.00013,0.00007,0.00315,0.00080,0.00093,0.00692
1403636679.363558530807495,0.00240,0.00013,0.00012,0.00314,0.00000,0.00094,0.00674
1403636679.413557767868042,0.00272,0.00017,0.00090,0.00285,0.00174,0.00111,0.00949
1403636679.463557720184326,0.00249,0.00015,0.00016,0.00325,0.00000,0.00139,0.00743
1403636679.513558387756348,0.00222,0.00010,0.00205,0.00280,0.00029,0.00163,0.00910
1403636679.563559055328369,0.00204,0.00016,0.00007,0.00277,0.00000,0.00105,0.00610
1403636679.613559484481812,0.00227,0.00017,0.00009,0.00271,0.00010,0.00127,0.00660
1403636679.663559436798096,0.00219,0.00013,0.00003,0.00302,0.00013,0.00108,0.00659
1403636679.713558197021484,0.00208,0.00012,0.00012,0.00281,0.00272,0.00119,0.00904
1403636679.763557434082031,0.00237,0.00017,0.00004,0.00370,0.00029,0.00124,0.00782
1403636679.813555955886841,0.00208,0.00016,0.00004,0.00350,0.00000,0.00110,0.00689
1403636679.863554239273071,0.00223,0.00015,0.00044,0.00313,0.00000,0.00117,0.00713
1403636679.913553714752197,0.00189,0.00009,0.00063,0.00299,0.00114,0.00099,0.00773
1403636679.963552951812744,0.00258,0.00015,0.00331,0.00319,0.00154,0.00110,0.01188
1403636680.063552856445312,0.00211,0.00018,0.00104,0.00306,0.00095,0.00087,0.00821
1403636680.113553047180176,0.00210,0.00014,0.00012,0.00309,0.00000,0.00117,0.00662
1403636680.163556575775146,0.00198,0.00011,0.00176,0.00272,0.00354,0.00094,0.01104
1403636680.213558435440063,0.00243,0.00011,0.00028,0.00356,0.00000,0.00123,0.00761
1403636680.263558864593506,0.00224,0.00012,0.00018,0.00327,0.00000,0.00124,0.00704
1403636680.313560009002686,0.00196,0.00010,0.00003,0.00308,0.00022,0.00097,0.00636
1403636680.363560199737549,0.00195,0.00013,0.00003,0.00317,0.00086,0.00102,0.00715
1403636680.413561582565308,0.00208,0.00009,0.00009,0.00335,0.00121,0.00115,0.00797
1403636680.463562726974487,0.00192,0.00011,0.00027,0.00337,0.00000,0.00096,0.00663
1403636680.513563632965088,0.00173,0.00009,0.00001,0.00323,0.00000,0.00084,0.00589
1403636680.563564538955688,0.00159,0.00009,0.00007,0.00321,0.00105,0.00085,0.00687
1403636680.613564968109131,0.00138,0.00010,0.00626,0.00347,0.00005,0.00084,0.01211
1403636680.663564682006836,0.00191,0.00009,0.00078,0.00351,0.00014,0.00085,0.00727
1403636680.713564157485962,0.00133,0.00010,0.00030,0.00368,0.00000,0.00084,0.00626
1403636680.763564586639404,0.00179,0.00009,0.00533,0.00313,0.00137,0.00075,0.01246
1403636680.813562870025635,0.00173,0.00009,0.00003,0.00332,0.00000,0.00084,0.00602
1403636680.863561868667603,0.00136,0.00009,0.00003,0.00316,0.00010,0.00077,0.00551
1403636680.913561582565308,0.00170,0.00009,0.00016,0.00313,0.00013,0.00076,0.00597
1403636680.963561773300171,0.00170,0.00010,0.00005,0.00309,0.00007,0.00081,0.00583
1403636681.013561248779297,0.00143,0.00009,0.00039,0.00295,0.00010,0.00083,0.00579
1403636681.063561201095581,0.00148,0.00009,0.00009,0.00280,0.00000,0.00078,0.00525
1403636681.113560676574707,0.00138,0.00009,0.00031,0.00270,0.00009,0.00081,0.00539
1403636681.163560628890991,0.00131,0.00009,0.00024,0.00284,0.00071,0.00077,0.00595
1403636681.213562488555908,0.00132,0.00009,0.00267,0.00264,0.00454,0.00081,0.01206
1403636681.263562917709351,0.00131,0.00009,0.00079,0.00352,0.00013,0.00079,0.00664
1403636681.313562631607056,0.00130,0.00009,0.00241,0.00379,0.00108,0.00079,0.00945
1403636681.363562583923340,0.00172,0.00009,0.00373,0.00368,0.00010,0.00080,0.01012
1403636681.413562059402466,0.00298,0.00015,0.00011,0.00396,0.00000,0.00124,0.00844
1403636681.463561773300171,0.00209,0.00015,0.00021,0.00395,0.00000,0.00108,0.00747
1403636681.513561487197876,0.00169,0.00010,0.00277,0.00342,0.00206,0.00080,0.01084
1403636681.563560724258423,0.00148,0.00010,0.00014,0.00376,0.00000,0.00085,0.00633
1403636681.613560199737549,0.00152,0.00009,0.00005,0.00342,0.00010,0.00079,0.00597
1403636681.663559675216675,0.00129,0.00009,0.00007,0.00355,0.00010,0.00078,0.00589
1403636681.713558435440063,0.00162,0.00009,0.00007,0.00343,0.00007,0.00076,0.00605
1403636681.763556718826294,0.00124,0.00009,0.00020,0.00334,0.00069,0.00082,0.00637
1403636681.813555479049683,0.00219,0.00015,0.00130,0.00356,0.00142,0.00119,0.00980
1403636681.863554000854492,0.00202,0.00009,0.00070,0.00392,0.00086,0.00102,0.00861
1403636681.913553476333618,0.00184,0.00015,0.00119,0.00381,0.00074,0.00111,0.00883
1403636681.963553667068481,0.00146,0.00010,0.00609,0.00396,0.00000,0.00080,0.01241
1403636682.013553380966187,0.00311,0.00015,0.00015,0.00428,0.00000,0.00131,0.00899
1403636682.063553810119629,0.00215,0.00010,0.00003,0.00387,0.00000,0.00102,0.00718
1403636682.113553762435913,0.00218,0.00021,0.00126,0.00368,0.00019,0.00120,0.00872
1403636682.163553953170776,0.00218,0.00010,0.00017,0.00357,0.00000,0.00093,0.00696
1403636682.213554382324219,0.00231,0.00014,0.00031,0.00386,0.00000,0.00163,0.00825
1403636682.263554096221924,0.00205,0.00013,0.00032,0.00344,0.00000,0.00106,0.00701
1403636682.313554048538208,0.00231,0.00013,0.00048,0.00361,0.00053,0.00122,0.00828
1403636682.363553762435913,0.00193,0.00009,0.00044,0.00355,0.00000,0.00103,0.00704
1403636682.413553714752197,0.00185,0.00009,0.00009,0.00345,0.00178,0.00089,0.00815
1403636682.463555097579956,0.00187,0.00009,0.00003,0.00367,0.00012,0.00095,0.00674
1403636682.513555765151978,0.00244,0.00009,0.00035,0.00382,0.00077,0.00094,0.00841
1403636682.563557147979736,0.00204,0.00010,0.01055,0.00349,0.00159,0.00126,0.01903
1403636682.613557100296021,0.00251,0.00012,0.00001,0.00376,0.00000,0.00119,0.00759
1403636682.663557052612305,0.00503,0.00012,0.00003,0.00372,0.00000,0.00101,0.00991
1403636682.713557481765747,0.00195,0.00009,0.00107,0.00369,0.00050,0.00122,0.00853
1403636682.763557672500610,0.00199,0.00010,0.00004,0.00351,0.00000,0.00096,0.00660
1403636682.813557863235474,0.00185,0.00009,0.00015,0.00347,0.00000,0.00098,0.00654
1403636682.863558053970337,0.00203,0.00010,0.00011,0.00341,0.00000,0.00105,0.00670
1403636682.913558006286621,0.00199,0.00016,0.00027,0.00350,0.00005,0.00135,0.00731
1403636682.963558435440063,0.00172,0.00010,0.00008,0.00320,0.00000,0.00089,0.00599
1403636683.013558149337769,0.00217,0.00014,0.00027,0.00338,0.00000,0.00130,0.00727
1403636683.063558816909790,0.00227,0.00018,0.00512,0.00318,0.00187,0.00120,0.01383
1403636683.113558530807495,0.00235,0.00014,0.00079,0.00371,0.00075,0.00106,0.00882
1403636683.163558006286621,0.00190,0.00011,0.00878,0.00368,0.00000,0.00088,0.01535
1403636683.213557958602905,0.00186,0.00010,0.00003,0.00377,0.00000,0.00092,0.00668
1403636683.263557434082031,0.00199,0.00009,0.00032,0.00371,0.00000,0.00093,0.00705
1403636683.313556671142578,0.00180,0.00010,0.00003,0.00351,0.00151,0.00091,0.00785
1403636683.363556623458862,0.00308,0.00015,0.00004,0.00382,0.00000,0.00101,0.00810
1403636683.413556337356567,0.00230,0.00022,0.00015,0.00341,0.00000,0.00120,0.00727
1403636683.463556528091431,0.00238,0.00013,0.00004,0.00357,0.00000,0.00129,0.00741
1403636683.513556480407715,0.00244,0.00014,0.00029,0.00328,0.00071,0.00118,0.00803
1403636683.563555955886841,0.00239,0.00014,0.00055,0.00340,0.00000,0.00131,0.00778
1403636683.613556146621704,0.00218,0.00010,0.00016,0.00349,0.00000,0.00104,0.00697
1403636683.663556575775146,0.00200,0.00009,0.00278,0.00316,0.00311,0.00099,0.01214
1403636683.713557004928589,0.00203,0.00010,0.00073,0.00396,0.00000,0.00095,0.00777
1403636683.763556480407715,0.00211,0.00020,0.00801,0.00340,0.00000,0.00128,0.01499
1403636683.813555717468262,0.00226,0.00015,0.00041,0.00349,0.00000,0.00121,0.00751
1403636683.863554716110229,0.00197,0.00009,0.00033,0.00350,0.00010,0.00099,0.00699
1403636683.913553237915039,0.00187,0.00022,0.00527,0.00336,0.00161,0.00121,0.01353
1403636683.963553428649902,0.00206,0.00010,0.00001,0.00372,0.00000,0.00101,0.00690
1403636684.013553380966187,0.00217,0.00014,0.00001,0.00374,0.00000,0.00124,0.00730
1403636684.063552618026733,0.00195,0.00010,0.00005,0.00378,0.00020,0.00121,0.00729
1403636684.113552570343018,0.00293,0.00014,0.00013,0.00354,0.00039,0.00124,0.00837
1403636684.163552045822144,0.00205,0.00009,0.00006,0.00360,0.00000,0.00099,0.00680
1403636684.213551998138428,0.00214,0.00009,0.00003,0.00351,0.00000,0.00098,0.00675
1403636684.263551235198975,0.00205,0.00014,0.00166,0.00309,0.00135,0.00118,0.00947
1403636684.313551187515259,0.00231,0.00012,0.00063,0.00341,0.00079,0.00142,0.00867
1403636684.363551139831543,0.00193,0.00010,0.00617,0.00306,0.00078,0.00096,0.01300
1403636684.413551568984985,0.00222,0.00020,0.00014,0.00336,0.00000,0.00118,0.00710
1403636684.463551759719849,0.00198,0.00015,0.00009,0.00323,0.00002,0.00094,0.00640
1403636684.513552188873291,0.00226,0.00014,0.00277,0.00303,0.00266,0.00122,0.01208
1403636684.563552141189575,0.00193,0.00011,0.00001,0.00380,0.00000,0.00129,0.00714
1403636684.613552331924438,0.00219,0.00014,0.00066,0.00344,0.00009,0.00112,0.00764
1403636684.663552284240723,0.00186,0.00010,0.00671,0.00330,0.00121,0.00099,0.01418
1403636684.713552713394165,0.00183,0.00009,0.00019,0.00372,0.00000,0.00156,0.00740
1403636684.763553142547607,0.00277,0.00012,0.00001,0.00364,0.00041,0.00118,0.00813
1403636684.813553333282471,0.00224,0.00013,0.00054,0.00361,0.00001,0.00125,0.00777
1403636684.863553524017334,0.00228,0.00012,0.00016,0.00326,0.00105,0.00119,0.00805
1403636684.913553953170776,0.00274,0.00013,0.00020,0.00358,0.00000,0.00123,0.00789
1403636684.963554382324219,0.00227,0.00014,0.00450,0.00338,0.00147,0.00120,0.01296
1403636685.013554096221924,0.00509,0.00010,0.00003,0.00369,0.00000,0.00096,0.00987
1403636685.063554286956787,0.00230,0.00016,0.00007,0.00338,0.00003,0.00119,0.00714
1403636685.113554716110229,0.00234,0.00012,0.00153,0.00313,0.00112,0.00118,0.00942
1403636685.163554668426514,0.00209,0.00015,0.00032,0.00362,0.00011,0.00104,0.00732
1403636685.213555097579956,0.00284,0.00013,0.00048,0.00348,0.00002,0.00123,0.00818
1403636685.263555526733398,0.00230,0.00014,0.00459,0.00346,0.00148,0.00111,0.01308
1403636685.313557147979736,0.00193,0.00010,0.00631,0.00372,0.00001,0.00120,0.01327
1403636685.363557338714600,0.00218,0.00013,0.00002,0.00375,0.00000,0.00125,0.00733
1403636685.413557767868042,0.00211,0.00010,0.00001,0.00374,0.00002,0.00096,0.00694
1403636685.463558435440063,0.00194,0.00010,0.00005,0.00339,0.00000,0.00099,0.00648
1403636685.513558626174927,0.00186,0.00009,0.00001,0.00359,0.00000,0.00093,0.00648
1403636685.563559532165527,0.00194,0.00010,0.00436,0.00323,0.00100,0.00126,0.01190
1403636685.613559722900391,0.00230,0.00013,0.00004,0.00375,0.00000,0.00122,0.00745
1403636685.663559913635254,0.00192,0.00013,0.00022,0.00371,0.00003,0.00100,0.00702
1403636685.713560104370117,0.00196,0.00009,0.00011,0.00344,0.00177,0.00113,0.00851
1403636685.763560056686401,0.00305,0.00012,0.00084,0.00379,0.00000,0.00124,0.00903
1403636685.813560247421265,0.00224,0.00010,0.00115,0.00336,0.00002,0.00096,0.00782
1403636685.863559961318970,0.00231,0.00010,0.00292,0.00329,0.00105,0.00144,0.01112
1403636685.913559675216675,0.00243,0.00011,0.00381,0.00362,0.00096,0.00112,0.01206
1403636685.963559865951538,0.00220,0.00010,0.00012,0.00370,0.00000,0.00103,0.00715
1403636686.013559579849243,0.00217,0.00010,0.00027,0.00381,0.00003,0.00100,0.00737
1403636686.063559532165527,0.00237,0.00017,0.00011,0.00341,0.00001,0.00119,0.00727
1403636686.113559722900391,0.00207,0.00009,0.00010,0.00370,0.00011,0.00097,0.00703
1403636686.163559913635254,0.00225,0.00015,0.00377,0.00332,0.00015,0.00101,0.01065
1403636686.213560104370117,0.00229,0.00011,0.00005,0.00374,0.00000,0.00109,0.00728
1403636686.263560295104980,0.00229,0.00016,0.00007,0.00341,0.00005,0.00125,0.00723
1403636686.313561439514160,0.00201,0.00010,0.00669,0.00329,0.00212,0.00098,0.01520
1403636686.363560914993286,0.00213,0.00010,0.00001,0.00412,0.00061,0.00098,0.00795
1403636686.413561105728149,0.00198,0.00010,0.00147,0.00397,0.00000,0.00096,0.00847
1403636686.463561058044434,0.00203,0.00012,0.00238,0.00392,0.00000,0.00101,0.00947
1403636686.513560533523560,0.00192,0.00010,0.00387,0.00388,0.00000,0.00093,0.01070
1403636686.563560724258423,0.00199,0.00010,0.00012,0.00387,0.00000,0.00094,0.00702
1403636686.613560438156128,0.00199,0.00010,0.00003,0.00385,0.00000,0.00098,0.00695
1403636686.663560390472412,0.00210,0.00016,0.00041,0.00364,0.00000,0.00112,0.00743
1403636686.713560581207275,0.00227,0.00014,0.00033,0.00378,0.00001,0.00100,0.00752
1403636686.763560771942139,0.00231,0.00014,0.00396,0.00330,0.00015,0.00120,0.01105
1403636686.813560724258423,0.00190,0.00009,0.00007,0.00362,0.00002,0.00093,0.00664
1403636686.863560914993286,0.00206,0.00010,0.00010,0.00322,0.00023,0.00127,0.00698
1403636686.913560628890991,0.00216,0.00012,0.00358,0.00317,0.00195,0.00096,0.01194
1403636686.963560581207275,0.00188,0.00013,0.00001,0.00384,0.00000,0.00093,0.00679
1403636687.013560771942139,0.00182,0.00009,0.00110,0.00343,0.00072,0.00091,0.00808
1403636687.063560962677002,0.00210,0.00015,0.00130,0.00339,0.00088,0.00117,0.00900
1403636687.113561153411865,0.00206,0.00012,0.00282,0.00366,0.00080,0.00109,0.01055
1403636687.163560867309570,0.00188,0.00016,0.00001,0.00388,0.00000,0.00112,0.00705
1403636687.213561058044434,0.00228,0.00012,0.00020,0.00394,0.00020,0.00090,0.00764
1403636687.263561248779297,0.00318,0.00015,0.00008,0.00385,0.00000,0.00121,0.00847
1403636687.313561201095581,0.00231,0.00010,0.00006,0.00347,0.00037,0.00104,0.00735
1403636687.363561391830444,0.00233,0.00014,0.00413,0.00372,0.00004,0.00130,0.01166
1403636687.413561582565308,0.00241,0.00012,0.00003,0.00345,0.00023,0.00141,0.00765
1403636687.463562011718750,0.00228,0.00010,0.00035,0.00317,0.00003,0.00108,0.00702
1403636687.513561964035034,0.00231,0.00019,0.00231,0.00293,0.00173,0.00118,0.01065
1403636687.563561916351318,0.00222,0.00012,0.00069,0.00319,0.00002,0.00097,0.00720
1403636687.613561630249023,0.00233,0.00012,0.00047,0.00302,0.00083,0.00116,0.00794
1403636687.663561582565308,0.00211,0.00011,0.00015,0.00340,0.00086,0.00105,0.00769
1403636687.713562488555908,0.00203,0.00009,0.00049,0.00305,0.00228,0.00134,0.00930
1403636687.763562202453613,0.00216,0.00012,0.00028,0.00317,0.00002,0.00122,0.00697
1403636687.813562154769897,0.00203,0.00010,0.00790,0.00306,0.00127,0.00115,0.01551
1403636687.863562107086182,0.00178,0.00015,0.00027,0.00285,0.00002,0.00087,0.00594
1403636687.913562059402466,0.00212,0.00012,0.00015,0.00269,0.00000,0.00118,0.00625
1403636687.963562250137329,0.00192,0.00010,0.00191,0.00224,0.00387,0.00096,0.01100
1403636688.013562202453613,0.00206,0.00010,0.00003,0.00268,0.00013,0.00087,0.00586
1403636688.063562154769897,0.00294,0.00010,0.00022,0.00236,0.00007,0.00099,0.00667
1403636688.113562107086182,0.00210,0.00009,0.00018,0.00210,0.00112,0.00096,0.00655
1403636688.163562297821045,0.00213,0.00009,0.00033,0.00243,0.00021,0.00097,0.00617
1403636688.213562726974487,0.00197,0.00009,0.00013,0.00238,0.00013,0.00097,0.00568
1403636688.263562679290771,0.00192,0.00009,0.00017,0.00215,0.00117,0.00107,0.00659
1403636688.313562631607056,0.00266,0.00013,0.00017,0.00219,0.00004,0.00117,0.00636
1403636688.363562583923340,0.00295,0.00015,0.00009,0.00217,0.00044,0.00134,0.00713
1403636688.413561820983887,0.00241,0.00009,0.00320,0.00208,0.00450,0.00099,0.01327
1403636688.463561773300171,0.00232,0.00009,0.00013,0.00305,0.00000,0.00130,0.00691
1403636688.513561725616455,0.00222,0.00011,0.00044,0.00260,0.00000,0.00133,0.00670
1403636688.563561201095581,0.00199,0.00009,0.00019,0.00261,0.00015,0.00101,0.00606
1403636688.613561153411865,0.00204,0.00009,0.00387,0.00231,0.00170,0.00098,0.01099
1403636688.663561105728149,0.00211,0.00015,0.00082,0.00256,0.00062,0.00120,0.00745
1403636688.713561058044434,0.00214,0.00011,0.00014,0.00232,0.00000,0.00118,0.00589
1403636688.763561010360718,0.00212,0.00012,0.00023,0.00239,0.00019,0.00096,0.00601
1403636688.813560485839844,0.00190,0.00009,0.00064,0.00224,0.00011,0.00101,0.00600
1403636688.863560438156128,0.00277,0.00012,0.00005,0.00226,0.00006,0.00117,0.00643
1403636688.913561582565308,0.00224,0.00011,0.00289,0.00212,0.00215,0.00097,0.01049
1403636688.963561773300171,0.00211,0.00010,0.00039,0.00229,0.00012,0.00096,0.00598
1403636689.013561964035034,0.00206,0.00013,0.00008,0.00190,0.00150,0.00095,0.00661
1403636689.063561916351318,0.00292,0.00011,0.00024,0.00196,0.00032,0.00141,0.00697
1403636689.113561630249023,0.00221,0.00012,0.00017,0.00200,0.00041,0.00114,0.00605
1403636689.163561582565308,0.00197,0.00009,0.00014,0.00197,0.00002,0.00108,0.00527
1403636689.213561296463013,0.00189,0.00013,0.00030,0.00182,0.00600,0.00093,0.01108
1403636689.263560771942139,0.00232,0.00018,0.00042,0.00263,0.00076,0.00122,0.00753
1403636689.313560485839844,0.00229,0.00011,0.00013,0.00256,0.00009,0.00111,0.00630
1403636689.363560199737549,0.00179,0.00011,0.00049,0.00235,0.00023,0.00088,0.00586
1403636689.413559913635254,0.00235,0.00015,0.00467,0.00220,0.00297,0.00087,0.01321
1403636689.463559865951538,0.00215,0.00009,0.00007,0.00288,0.00036,0.00091,0.00647
1403636689.513559818267822,0.00186,0.00009,0.00273,0.00226,0.00100,0.00084,0.00879
1403636689.563559770584106,0.00181,0.00009,0.00014,0.00243,0.00004,0.00108,0.00558
1403636689.613559246063232,0.00187,0.00012,0.00036,0.00193,0.00146,0.00090,0.00664
1403636689.663558959960938,0.00190,0.00009,0.00005,0.00290,0.00029,0.00132,0.00654
1403636689.713558673858643,0.00339,0.00011,0.00018,0.00207,0.00011,0.00113,0.00699
1403636689.763558149337769,0.00197,0.00010,0.00047,0.00202,0.00003,0.00115,0.00575
1403636689.813558101654053,0.00243,0.00014,0.00021,0.00198,0.00082,0.00093,0.00651
1403636689.863557815551758,0.00186,0.00010,0.00010,0.00187,0.00015,0.00092,0.00500
1403636689.913557767868042,0.00222,0.00017,0.00063,0.00161,0.00000,0.00130,0.00593
1403636689.963557720184326,0.00219,0.00014,0.00072,0.00158,0.00442,0.00112,0.01017
1403636690.013557910919189,0.00182,0.00010,0.00361,0.00202,0.00157,0.00091,0.01005
1403636690.063557147979736,0.00234,0.00019,0.00023,0.00254,0.00042,0.00126,0.00697
1403636690.113556385040283,0.00225,0.00016,0.00277,0.00249,0.00014,0.00104,0.00886
1403636690.163555622100830,0.00175,0.00009,0.00004,0.00240,0.00011,0.00090,0.00530
1403636690.213555097579956,0.00178,0.00010,0.00001,0.00255,0.00099,0.00086,0.00630
1403636690.263554573059082,0.00193,0.00009,0.00588,0.00247,0.00119,0.00103,0.01260
1403636690.313554525375366,0.00175,0.00010,0.00005,0.00251,0.00037,0.00091,0.00569
1403636690.363554477691650,0.00252,0.00009,0.00009,0.00251,0.00066,0.00095,0.00683
1403636690.413554906845093,0.00191,0.00009,0.00028,0.00248,0.00021,0.00090,0.00588
1403636690.463555335998535,0.00198,0.00011,0.00038,0.00253,0.00070,0.00150,0.00720
1403636690.563555717468262,0.00234,0.00017,0.00132,0.00170,0.00009,0.00119,0.00680
1403636690.613556146621704,0.00244,0.00009,0.00072,0.00158,0.00016,0.00089,0.00588
1403636690.663556337356567,0.00219,0.00009,0.00025,0.00166,0.00446,0.00091,0.00956
1403636690.713556766510010,0.00202,0.00015,0.00046,0.00240,0.00009,0.00087,0.00599
1403636690.763556480407715,0.00192,0.00009,0.00074,0.00218,0.00190,0.00097,0.00781
1403636690.813555955886841,0.00243,0.00010,0.00023,0.00227,0.00014,0.00091,0.00608
1403636690.863555431365967,0.00246,0.00009,0.00084,0.00201,0.00044,0.00099,0.00683
1403636690.913554906845093,0.00200,0.00011,0.00234,0.00192,0.00330,0.00097,0.01065
1403636690.963553190231323,0.00246,0.00009,0.00282,0.00192,0.00310,0.00084,0.01123
1403636691.013552427291870,0.00204,0.00009,0.00033,0.00231,0.00000,0.00094,0.00573
1403636691.063551664352417,0.00182,0.00009,0.00015,0.00221,0.00007,0.00092,0.00526
1403636691.113550662994385,0.00204,0.00024,0.00049,0.00195,0.00005,0.00125,0.00602
1403636691.163549661636353,0.00259,0.00014,0.00038,0.00161,0.00434,0.00113,0.01020
1403636691.213548660278320,0.00249,0.00009,0.00016,0.00210,0.00004,0.00095,0.00584
1403636691.263549327850342,0.00195,0.00010,0.00028,0.00187,0.00040,0.00087,0.00548
1403636691.313548803329468,0.00214,0.00017,0.00056,0.00161,0.00000,0.00125,0.00572
1403636691.363548994064331,0.00206,0.00011,0.00016,0.00140,0.00015,0.00108,0.00496
1403636691.413549661636353,0.00201,0.00020,0.00073,0.00119,0.00002,0.00091,0.00506
1403636691.463549852371216,0.00223,0.00008,0.00051,0.00097,0.00032,0.00087,0.00497
1403636691.513549089431763,0.00201,0.00008,0.00021,0.00088,0.00448,0.00079,0.00846
1403636691.563547611236572,0.00208,0.00009,0.00021,0.00154,0.00244,0.00086,0.00722
1403636691.613544464111328,0.00236,0.00011,0.00087,0.00139,0.00007,0.00086,0.00567
1403636691.663543701171875,0.00196,0.00010,0.00026,0.00140,0.00019,0.00090,0.00481
1403636691.713540315628052,0.00316,0.00010,0.00030,0.00137,0.00253,0.00095,0.00841
1403636691.763538599014282,0.00273,0.00011,0.00065,0.00166,0.00038,0.00130,0.00683
1403636691.813536167144775,0.00213,0.00015,0.00032,0.00134,0.00000,0.00104,0.00499
1403636691.863532543182373,0.00209,0.00010,0.00037,0.00137,0.00208,0.00089,0.00690
1403636691.913530111312866,0.00194,0.00011,0.00042,0.00152,0.00007,0.00084,0.00491
1403636691.963528156280518,0.00213,0.00010,0.00020,0.00162,0.00163,0.00088,0.00655
1403636692.013527154922485,0.00174,0.00009,0.00063,0.00185,0.00206,0.00091,0.00729
1403636692.063526153564453,0.00227,0.00011,0.00026,0.00207,0.00398,0.00099,0.00968
1403636692.113525390625000,0.00261,0.00010,0.00166,0.00245,0.00182,0.00090,0.00956
1403636692.163523197174072,0.00249,0.00011,0.00162,0.00266,0.00060,0.00086,0.00834
1403636692.213522672653198,0.00222,0.00010,0.00014,0.00266,0.00009,0.00090,0.00611
1403636692.263522624969482,0.00226,0.00010,0.00239,0.00282,0.00154,0.00083,0.00995
1403636692.313522338867188,0.00154,0.00010,0.00104,0.00287,0.00057,0.00086,0.00697
1403636692.363523006439209,0.00175,0.00020,0.00022,0.00255,0.00000,0.00133,0.00606
1403636692.413523674011230,0.00237,0.00014,0.00061,0.00246,0.00232,0.00110,0.00899
1403636692.463523149490356,0.00201,0.00010,0.00010,0.00250,0.00017,0.00082,0.00570
1403636692.513523101806641,0.00148,0.00009,0.00259,0.00252,0.00081,0.00089,0.00839
1403636692.563524723052979,0.00187,0.00009,0.00020,0.00242,0.00047,0.00099,0.00604
1403636692.613526344299316,0.00249,0.00010,0.00055,0.00226,0.00071,0.00094,0.00705
1403636692.663525104522705,0.00186,0.00010,0.00128,0.00223,0.00156,0.00091,0.00794
1403636692.713522434234619,0.00218,0.00010,0.00004,0.00223,0.00109,0.00085,0.00649
1403636692.763518095016479,0.00214,0.00012,0.00295,0.00176,0.00181,0.00139,0.01018
1403636692.813516139984131,0.00216,0.00012,0.00017,0.00176,0.00064,0.00113,0.00598
1403636692.863514661788940,0.00179,0.00010,0.00010,0.00192,0.00232,0.00094,0.00718
1403636692.913513660430908,0.00179,0.00009,0.00037,0.00200,0.00055,0.00089,0.00569
1403636692.963513135910034,0.00228,0.00010,0.00107,0.00222,0.00174,0.00150,0.00890
1403636693.013510942459106,0.00215,0.00016,0.00457,0.00250,0.00131,0.00121,0.01190
1403636693.063511371612549,0.00203,0.00012,0.00014,0.00241,0.00044,0.00115,0.00627
1403636693.113511562347412,0.00148,0.00009,0.00028,0.00239,0.00209,0.00092,0.00725
1403636693.163510799407959,0.00143,0.00010,0.00003,0.00300,0.00043,0.00090,0.00588
1403636693.213510274887085,0.00148,0.00009,0.00015,0.00299,0.00049,0.00090,0.00610
1403636693.263509035110474,0.00141,0.00009,0.00432,0.00307,0.00013,0.00088,0.00989
1403636693.313508033752441,0.00169,0.00010,0.00026,0.00294,0.00037,0.00088,0.00624
1403636693.363506555557251,0.00163,0.00009,0.00220,0.00314,0.00013,0.00097,0.00817
1403636693.413506507873535,0.00146,0.00009,0.00001,0.00311,0.00049,0.00088,0.00605
1403636693.463505268096924,0.00179,0.00009,0.00076,0.00292,0.00000,0.00085,0.00642
1403636693.513504981994629,0.00150,0.00009,0.00531,0.00285,0.00001,0.00167,0.01143
1403636693.563504695892334,0.00221,0.00014,0.00070,0.00350,0.00003,0.00118,0.00775
1403636693.613504409790039,0.00232,0.00010,0.00362,0.00288,0.00111,0.00111,0.01114
1403636693.663505315780640,0.00233,0.00010,0.00037,0.00297,0.00000,0.00098,0.00675
1403636693.713507175445557,0.00270,0.00011,0.00037,0.00297,0.00039,0.00110,0.00763
1403636693.763508796691895,0.00260,0.00010,0.00008,0.00281,0.00000,0.00096,0.00655
1403636693.813509941101074,0.00250,0.00009,0.00003,0.00278,0.00025,0.00094,0.00660
1403636693.863511800765991,0.00247,0.00009,0.00368,0.00249,0.00072,0.00101,0.01046
1403636693.913512945175171,0.00186,0.00010,0.00001,0.00267,0.00000,0.00112,0.00576
1403636693.963514089584351,0.00236,0.00009,0.00052,0.00281,0.00009,0.00094,0.00682
1403636694.013514757156372,0.00155,0.00009,0.00003,0.00250,0.00000,0.00091,0.00509
1403636694.063514709472656,0.00156,0.00009,0.00023,0.00237,0.00091,0.00092,0.00608
1403636694.163513898849487,0.00159,0.00015,0.00380,0.00258,0.00048,0.00089,0.00950
1403636694.213513612747192,0.00177,0.00009,0.00039,0.00280,0.00040,0.00094,0.00640
1403636694.263513565063477,0.00147,0.00010,0.00265,0.00271,0.00005,0.00093,0.00790
1403636694.313512802124023,0.00162,0.00010,0.00514,0.00268,0.00084,0.00087,0.01126
1403636694.363512516021729,0.00142,0.00009,0.00003,0.00258,0.00009,0.00107,0.00528
1403636694.413511753082275,0.00159,0.00010,0.00005,0.00239,0.00000,0.00091,0.00505
1403636694.463512182235718,0.00153,0.00009,0.00004,0.00229,0.00024,0.00094,0.00513
1403636694.513512611389160,0.00211,0.00009,0.00204,0.00240,0.00236,0.00095,0.00996
1403636694.563512802124023,0.00151,0.00009,0.00001,0.00267,0.00000,0.00089,0.00518
1403636694.613512992858887,0.00140,0.00009,0.00096,0.00259,0.00012,0.00110,0.00626
1403636694.663512945175171,0.00133,0.00009,0.00027,0.00254,0.00000,0.00085,0.00509
1403636694.713513374328613,0.00138,0.00009,0.00001,0.00243,0.00015,0.00087,0.00493
1403636694.763512849807739,0.00157,0.00009,0.00291,0.00223,0.00055,0.00114,0.00848
1403636694.813513040542603,0.00152,0.00009,0.00003,0.00229,0.00048,0.00091,0.00532
1403636694.863512754440308,0.00209,0.00009,0.00089,0.00258,0.00042,0.00091,0.00698
1403636694.913512945175171,0.00153,0.00009,0.00290,0.00258,0.00148,0.00097,0.00955
1403636694.963512897491455,0.00184,0.00009,0.00001,0.00298,0.00038,0.00092,0.00622
1403636695.013513088226318,0.00149,0.00009,0.00011,0.00271,0.00000,0.00093,0.00534
1403636695.063512563705444,0.00178,0.00009,0.00015,0.00284,0.00024,0.00102,0.00613
1403636695.113512277603149,0.00208,0.00009,0.00228,0.00266,0.00023,0.00095,0.00830
1403636695.163511753082275,0.00167,0.00009,0.00005,0.00289,0.00000,0.00142,0.00612
1403636695.213511466979980,0.00223,0.00011,0.00041,0.00248,0.00009,0.00123,0.00655
1403636695.263510942459106,0.00157,0.00010,0.00001,0.00232,0.00000,0.00099,0.00499
1403636695.313511133193970,0.00201,0.00009,0.00010,0.00211,0.00015,0.00090,0.00536
1403636695.363510608673096,0.00203,0.00009,0.00282,0.00191,0.00234,0.00176,0.01095
1403636695.413510799407959,0.00186,0.00010,0.00010,0.00227,0.00039,0.00087,0.00557
1403636695.463510990142822,0.00152,0.00010,0.00111,0.00211,0.00075,0.00087,0.00646
1403636695.513510942459106,0.00153,0.00009,0.00078,0.00223,0.00207,0.00090,0.00761
1403636695.563511133193970,0.00154,0.00009,0.00005,0.00254,0.00000,0.00093,0.00515
1403636695.613510847091675,0.00180,0.00009,0.00003,0.00258,0.00073,0.00095,0.00618
1403636695.663511037826538,0.00159,0.00009,0.00006,0.00263,0.00025,0.00093,0.00555
1403636695.713510513305664,0.00143,0.00010,0.00158,0.00286,0.00025,0.00086,0.00707
1403636695.763510465621948,0.00147,0.00009,0.00003,0.00237,0.00000,0.00086,0.00484
1403636695.813510417938232,0.00142,0.00009,0.00045,0.00231,0.00079,0.00160,0.00666
1403636695.863510608673096,0.00172,0.00011,0.00003,0.00255,0.00001,0.00129,0.00571
1403636695.913509845733643,0.00139,0.00009,0.00606,0.00218,0.00214,0.00089,0.01277
1403636695.963509321212769,0.00160,0.00009,0.00113,0.00240,0.00153,0.00086,0.00760
1403636696.013509035110474,0.00179,0.00020,0.00001,0.00284,0.00051,0.00141,0.00676
1403636696.063508272171021,0.00208,0.00012,0.00030,0.00265,0.00013,0.00110,0.00639
1403636696.113508224487305,0.00146,0.00009,0.00077,0.00259,0.00008,0.00090,0.00590
1403636696.163508176803589,0.00144,0.00009,0.00019,0.00274,0.00000,0.00144,0.00591
1403636696.213508844375610,0.00182,0.00011,0.00009,0.00283,0.00017,0.00127,0.00629
1403636696.263510227203369,0.00185,0.00012,0.00001,0.00278,0.00026,0.00118,0.00620
1403636696.313510894775391,0.00140,0.00009,0.00053,0.00266,0.00096,0.00095,0.00661
1403636696.363511323928833,0.00183,0.00013,0.00009,0.00273,0.00000,0.00098,0.00575
1403636696.413511276245117,0.00179,0.00010,0.00001,0.00282,0.00011,0.00108,0.00592
1403636696.463511466979980,0.00198,0.00019,0.00033,0.00273,0.00003,0.00140,0.00665
1403636696.513511657714844,0.00209,0.00015,0.00450,0.00308,0.00215,0.00103,0.01299
1403636696.563512802124023,0.00179,0.00010,0.00076,0.00276,0.00018,0.00098,0.00658
1403636696.613512992858887,0.00231,0.00014,0.00001,0.00291,0.00007,0.00132,0.00677
1403636696.663513183593750,0.00223,0.00015,0.00020,0.00293,0.00008,0.00118,0.00677
1403636696.713513374328613,0.00227,0.00012,0.00016,0.00283,0.00082,0.00122,0.00741
1403636696.763513565063477,0.00218,0.00012,0.00007,0.00308,0.00003,0.00133,0.00682
1403636696.813513517379761,0.00219,0.00013,0.00001,0.00293,0.00000,0.00122,0.00649
1403636696.863512992858887,0.00213,0.00012,0.00001,0.00320,0.00027,0.00132,0.00704
1403636696.913512706756592,0.00185,0.00012,0.00012,0.00267,0.00093,0.00119,0.00687
1403636696.963513135910034,0.00230,0.00016,0.00001,0.00289,0.00000,0.00128,0.00663
1403636697.013512611389160,0.00201,0.00009,0.00009,0.00273,0.00011,0.00116,0.00620
1403636697.063512563705444,0.00211,0.00009,0.00011,0.00267,0.00002,0.00102,0.00602
1403636697.113513231277466,0.00196,0.00012,0.00308,0.00260,0.00085,0.00106,0.00966
1403636697.163512945175171,0.00199,0.00010,0.00067,0.00271,0.00027,0.00101,0.00675
1403636697.213513135910034,0.00190,0.00009,0.00001,0.00267,0.00004,0.00098,0.00569
1403636697.263513565063477,0.00187,0.00019,0.00009,0.00266,0.00013,0.00123,0.00619
1403636697.313513278961182,0.00230,0.00013,0.00013,0.00268,0.00022,0.00122,0.00668
1403636697.363513231277466,0.00188,0.00015,0.00001,0.00277,0.00003,0.00114,0.00598
1403636697.413513183593750,0.00261,0.00022,0.00007,0.00275,0.00000,0.00124,0.00689
1403636697.463513374328613,0.00206,0.00010,0.00001,0.00279,0.00024,0.00103,0.00623
1403636697.513512134552002,0.00194,0.00010,0.00035,0.00262,0.00063,0.00106,0.00670
1403636697.563512086868286,0.00205,0.00009,0.00001,0.00277,0.00000,0.00111,0.00603
1403636697.613511800765991,0.00200,0.00013,0.00001,0.00264,0.00056,0.00120,0.00653
1403636697.663511991500854,0.00169,0.00009,0.00006,0.00237,0.00036,0.00086,0.00543
1403636697.713513135910034,0.00154,0.00010,0.00399,0.00232,0.00134,0.00081,0.01010
1403636697.763514041900635,0.00224,0.00014,0.00097,0.00254,0.00019,0.00127,0.00736
1403636697.813514471054077,0.00249,0.00012,0.00008,0.00262,0.00068,0.00113,0.00712
1403636697.863517761230469,0.00230,0.00013,0.00253,0.00248,0.00320,0.00132,0.01197
1403636697.913517951965332,0.00189,0.00011,0.00229,0.00286,0.00046,0.00100,0.00862
1403636697.963518381118774,0.00224,0.00019,0.00012,0.00343,0.00014,0.00112,0.00723
1403636698.013519287109375,0.00198,0.00011,0.00005,0.00313,0.00000,0.00095,0.00623
1403636698.063519239425659,0.00204,0.00019,0.00006,0.00299,0.00024,0.00112,0.00666
1403636698.113521099090576,0.00238,0.00013,0.00204,0.00317,0.00060,0.00112,0.00945
1403636698.163521528244019,0.00197,0.00015,0.00010,0.00351,0.00012,0.00098,0.00684
1403636698.213521718978882,0.00273,0.00010,0.00040,0.00277,0.00006,0.00101,0.00707
1403636698.263521671295166,0.00238,0.00019,0.00037,0.00242,0.00000,0.00116,0.00652
1403636698.313523054122925,0.00244,0.00014,0.00389,0.00201,0.00109,0.00118,0.01075
1403636698.363523244857788,0.00199,0.00014,0.00151,0.00233,0.00044,0.00106,0.00748
1403636698.413523435592651,0.00203,0.00009,0.00006,0.00228,0.00010,0.00106,0.00562
1403636698.463523864746094,0.00202,0.00010,0.00044,0.00250,0.00305,0.00102,0.00912
1403636698.513523817062378,0.00212,0.00011,0.00234,0.00275,0.00010,0.00102,0.00843
1403636698.563524007797241,0.00210,0.00011,0.00009,0.00316,0.00000,0.00101,0.00646
1403636698.613523960113525,0.00201,0.00010,0.00009,0.00270,0.00010,0.00100,0.00600
1403636698.663523912429810,0.00200,0.00014,0.00053,0.00277,0.00024,0.00100,0.00668
1403636698.713524341583252,0.00191,0.00009,0.00086,0.00273,0.00161,0.00099,0.00819
1403636698.763524532318115,0.00233,0.00020,0.00570,0.00278,0.00000,0.00120,0.01221
1403636698.813525438308716,0.00254,0.00012,0.00259,0.00322,0.00000,0.00114,0.00962
1403636698.863525152206421,0.00220,0.00017,0.00011,0.00241,0.00010,0.00108,0.00607
1403636698.913525342941284,0.00260,0.00015,0.00320,0.00223,0.00071,0.00117,0.01006
1403636698.963526010513306,0.00302,0.00014,0.00041,0.00245,0.00215,0.00135,0.00952
1403636699.013526201248169,0.00224,0.00010,0.00031,0.00285,0.00073,0.00100,0.00723
1403636699.063526153564453,0.00231,0.00014,0.00010,0.00330,0.00045,0.00101,0.00731
1403636699.113526821136475,0.00225,0.00010,0.00260,0.00282,0.00049,0.00118,0.00943
1403636699.163527011871338,0.00232,0.00012,0.00036,0.00308,0.00000,0.00114,0.00703
1403636699.213527202606201,0.00254,0.00013,0.00030,0.00263,0.00010,0.00123,0.00693
1403636699.263527393341064,0.00219,0.00014,0.00004,0.00254,0.00024,0.00130,0.00645
1403636699.313527107238770,0.00235,0.00012,0.00042,0.00260,0.00038,0.00121,0.00708
1403636699.363527059555054,0.00212,0.00011,0.00323,0.00247,0.00232,0.00131,0.01155
1403636699.413527011871338,0.00261,0.00012,0.00099,0.00279,0.00158,0.00117,0.00926
1403636699.463526725769043,0.00197,0.00010,0.00017,0.00292,0.00039,0.00109,0.00666
1403636699.513526201248169,0.00209,0.00011,0.00468,0.00270,0.00074,0.00103,0.01136
1403636699.563526391983032,0.00201,0.00009,0.00047,0.00290,0.00020,0.00100,0.00667
1403636699.613526344299316,0.00202,0.00018,0.00007,0.00282,0.00000,0.00095,0.00604
1403636699.663526058197021,0.00195,0.00010,0.00007,0.00277,0.00000,0.00107,0.00596
1403636699.713526248931885,0.00213,0.00010,0.00023,0.00249,0.00080,0.00095,0.00669
1403636699.763526678085327,0.00189,0.00009,0.00001,0.00261,0.00000,0.00094,0.00554
1403636699.813526630401611,0.00202,0.00010,0.00006,0.00256,0.00001,0.00095,0.00570
1403636699.863526344299316,0.00196,0.00015,0.00038,0.00225,0.00016,0.00116,0.00606
1403636699.913525581359863,0.00306,0.00013,0.00021,0.00212,0.00002,0.00118,0.00673
1403636699.963525295257568,0.00225,0.00012,0.00009,0.00232,0.00022,0.00173,0.00673
1403636700.013525009155273,0.00238,0.00014,0.00003,0.00207,0.00004,0.00131,0.00598
1403636700.063524723052979,0.00227,0.00010,0.00001,0.00217,0.00000,0.00111,0.00565
1403636700.113524675369263,0.00216,0.00016,0.00170,0.00194,0.00282,0.00126,0.01003
1403636700.163524866104126,0.00242,0.00015,0.00001,0.00256,0.00008,0.00100,0.00621
1403636700.213525533676147,0.00158,0.00014,0.00003,0.00228,0.00000,0.00091,0.00494
1403636700.263526439666748,0.00235,0.00016,0.00008,0.00237,0.00010,0.00129,0.00636
1403636700.313527107238770,0.00207,0.00021,0.00001,0.00244,0.00010,0.00128,0.00610
1403636700.363528013229370,0.00169,0.00010,0.00001,0.00226,0.00000,0.00094,0.00499
1403636700.413528919219971,0.00167,0.00009,0.00007,0.00195,0.00067,0.00097,0.00542
1403636700.463530063629150,0.00249,0.00016,0.00349,0.00196,0.00246,0.00130,0.01187
1403636700.513530492782593,0.00232,0.00012,0.00004,0.00231,0.00010,0.00105,0.00594
1403636700.563530206680298,0.00214,0.00018,0.00274,0.00217,0.00017,0.00119,0.00860
1403636700.613530874252319,0.00210,0.00011,0.00009,0.00182,0.00012,0.00096,0.00520
1403636700.663530826568604,0.00221,0.00009,0.00003,0.00186,0.00000,0.00100,0.00518
1403636700.713529825210571,0.00195,0.00010,0.00228,0.00156,0.00222,0.00092,0.00903
1403636700.763530015945435,0.00143,0.00010,0.00013,0.00185,0.00072,0.00094,0.00517
1403636700.813530206680298,0.00256,0.00016,0.00002,0.00206,0.00000,0.00119,0.00598
1403636700.863530158996582,0.00215,0.00015,0.00005,0.00177,0.00033,0.00119,0.00564
1403636700.913530349731445,0.00194,0.00015,0.00023,0.00176,0.00016,0.00119,0.00543
1403636700.963531017303467,0.00227,0.00011,0.00015,0.00187,0.00000,0.00115,0.00555
1403636701.013531446456909,0.00182,0.00015,0.00011,0.00179,0.00000,0.00120,0.00508
1403636701.063533306121826,0.00158,0.00010,0.00291,0.00165,0.00345,0.00093,0.01063
1403636701.113533258438110,0.00177,0.00010,0.00001,0.00210,0.00003,0.00083,0.00483
1403636701.163534641265869,0.00223,0.00016,0.00020,0.00223,0.00408,0.00123,0.01013
1403636701.213534593582153,0.00196,0.00018,0.00001,0.00277,0.00000,0.00142,0.00634
1403636701.263533830642700,0.00219,0.00012,0.00003,0.00288,0.00000,0.00109,0.00631
1403636701.313533306121826,0.00158,0.00015,0.00204,0.00240,0.00132,0.00092,0.00840
1403636701.363532543182373,0.00215,0.00013,0.00014,0.00267,0.00016,0.00117,0.00640
1403636701.413531541824341,0.00195,0.00012,0.00001,0.00263,0.00000,0.00093,0.00564
1403636701.463531255722046,0.00180,0.00019,0.00013,0.00267,0.00002,0.00120,0.00600
1403636701.513530731201172,0.00211,0.00020,0.00008,0.00286,0.00077,0.00117,0.00719
1403636701.563530683517456,0.00178,0.00017,0.00004,0.00298,0.00000,0.00116,0.00613
1403636701.613530158996582,0.00220,0.00015,0.00001,0.00298,0.00000,0.00120,0.00653
1403636701.663530349731445,0.00175,0.00017,0.00214,0.00251,0.00045,0.00111,0.00813
1403636701.713530540466309,0.00222,0.00011,0.00001,0.00287,0.00003,0.00125,0.00648
1403636701.763530969619751,0.00190,0.00017,0.00021,0.00264,0.00015,0.00129,0.00637
1403636701.813531160354614,0.00213,0.00012,0.00003,0.00252,0.00000,0.00118,0.00598
1403636701.863531351089478,0.00181,0.00017,0.00009,0.00228,0.00010,0.00110,0.00556
1403636701.913531064987183,0.00231,0.00011,0.00085,0.00222,0.00033,0.00125,0.00708
1403636701.963531494140625,0.00185,0.00013,0.00007,0.00212,0.00015,0.00093,0.00525
1403636702.013531446456909,0.00252,0.00009,0.00013,0.00217,0.00000,0.00100,0.00593
1403636702.063530921936035,0.00228,0.00009,0.00011,0.00201,0.00065,0.00093,0.00608
1403636702.113530397415161,0.00202,0.00012,0.00019,0.00191,0.00070,0.00092,0.00587
1403636702.163530111312866,0.00254,0.00017,0.00026,0.00215,0.00000,0.00123,0.00635
1403636702.213530302047729,0.00243,0.00011,0.00016,0.00162,0.00008,0.00117,0.00556
1403636702.263531208038330,0.00204,0.00011,0.00020,0.00165,0.00158,0.00102,0.00660
1403636702.313532114028931,0.00196,0.00009,0.00007,0.00167,0.00007,0.00098,0.00485
1403636702.363532304763794,0.00182,0.00008,0.00008,0.00141,0.00081,0.00094,0.00516
1403636702.413532972335815,0.00194,0.00008,0.00004,0.00139,0.00007,0.00095,0.00448
1403636702.463532924652100,0.00202,0.00009,0.00006,0.00142,0.00008,0.00098,0.00465
1403636702.513533353805542,0.00194,0.00009,0.00003,0.00146,0.00134,0.00094,0.00579
1403636702.563534259796143,0.00289,0.00008,0.00004,0.00146,0.01019,0.00118,0.01583
1403636702.613533973693848,0.00200,0.00010,0.00010,0.00212,0.00034,0.00094,0.00560
1403636702.663533926010132,0.00244,0.00017,0.00015,0.00229,0.00015,0.00129,0.00650
1403636702.713533878326416,0.00193,0.00016,0.00026,0.00197,0.00022,0.00121,0.00575
1403636702.763533592224121,0.00232,0.00014,0.00007,0.00207,0.00000,0.00122,0.00582
1403636702.813533306121826,0.00214,0.00012,0.00011,0.00196,0.00003,0.00095,0.00530
1403636702.863533020019531,0.00204,0.00015,0.00020,0.00197,0.00333,0.00112,0.00881
1403636702.913532733917236,0.00218,0.00016,0.00005,0.00219,0.00000,0.00113,0.00571
1403636702.963532686233521,0.00188,0.00012,0.00001,0.00211,0.00164,0.00093,0.00669
1403636703.013532876968384,0.00250,0.00010,0.00005,0.00224,0.00009,0.00091,0.00588
1403636703.063533544540405,0.00214,0.00009,0.00047,0.00234,0.00067,0.00095,0.00665
1403636703.113534450531006,0.00223,0.00010,0.00461,0.00233,0.00157,0.00103,0.01186
1403636703.163535356521606,0.00229,0.00013,0.00008,0.00268,0.00088,0.00092,0.00698
1403636703.213536500930786,0.00215,0.00011,0.00018,0.00254,0.00000,0.00089,0.00587
1403636703.263535976409912,0.00204,0.00010,0.00007,0.00256,0.00066,0.00104,0.00648
1403636703.313536167144775,0.00218,0.00011,0.00041,0.00260,0.00068,0.00089,0.00687
1403636703.363536596298218,0.00188,0.00010,0.00003,0.00280,0.00000,0.00092,0.00572
1403636703.413537263870239,0.00202,0.00010,0.00001,0.00305,0.00076,0.00122,0.00716
1403636703.463538885116577,0.00226,0.00014,0.00105,0.00299,0.00029,0.00109,0.00783
1403636703.513539791107178,0.00275,0.00013,0.00006,0.00280,0.00000,0.00116,0.00690
1403636703.563540220260620,0.00207,0.00010,0.00063,0.00269,0.00213,0.00095,0.00856
1403636703.613540410995483,0.00233,0.00019,0.00013,0.00311,0.00003,0.00121,0.00700
1403636703.663540124893188,0.00266,0.00013,0.00004,0.00330,0.00000,0.00128,0.00740
1403636703.713542699813843,0.00258,0.00010,0.00343,0.00287,0.00151,0.00086,0.01135
1403636703.763543367385864,0.00194,0.00013,0.00005,0.00305,0.00049,0.00127,0.00693
1403636703.813543796539307,0.00224,0.00015,0.00003,0.00302,0.00000,0.00099,0.00643
1403636703.863544225692749,0.00222,0.00015,0.00006,0.00289,0.00014,0.00117,0.00663
1403636703.913544654846191,0.00219,0.00009,0.00011,0.00275,0.00001,0.00090,0.00606
1403636703.963544845581055,0.00193,0.00009,0.00010,0.00271,0.00009,0.00095,0.00587
1403636704.013545036315918,0.00226,0.00016,0.00012,0.00265,0.00013,0.00120,0.00652
1403636704.063544750213623,0.00214,0.00012,0.00287,0.00245,0.00063,0.00122,0.00943
1403636704.113543748855591,0.00277,0.00012,0.00002,0.00254,0.00009,0.00092,0.00647
1403636704.163543462753296,0.00200,0.00009,0.00004,0.00267,0.00083,0.00088,0.00652
1403636704.213542938232422,0.00293,0.00014,0.00013,0.00251,0.00009,0.00144,0.00724
1403636704.263543128967285,0.00246,0.00013,0.00016,0.00282,0.00003,0.00162,0.00723
1403636704.313543319702148,0.00240,0.00014,0.00103,0.00199,0.00258,0.00093,0.00905
1403636704.363543748855591,0.00249,0.00018,0.00024,0.00239,0.00138,0.00120,0.00788
1403636704.413543939590454,0.00208,0.00025,0.00014,0.00275,0.00003,0.00130,0.00655
1403636704.463544607162476,0.00229,0.00014,0.00023,0.00222,0.00026,0.00109,0.00623
1403636704.513544559478760,0.00261,0.00013,0.00025,0.00221,0.00064,0.00134,0.00719
1403636704.563544750213623,0.00231,0.00012,0.00013,0.00230,0.00001,0.00116,0.00603
1403636704.613544702529907,0.00193,0.00009,0.00003,0.00254,0.00014,0.00132,0.00606
1403636704.663544654846191,0.00244,0.00012,0.00287,0.00202,0.00153,0.00111,0.01008
1403636704.713544845581055,0.00212,0.00013,0.00049,0.00211,0.00001,0.00104,0.00591
1403636704.763544797897339,0.00218,0.00013,0.00004,0.00211,0.00016,0.00100,0.00562
1403636704.813544988632202,0.00199,0.00012,0.00043,0.00222,0.00000,0.00097,0.00573
1403636704.863544940948486,0.00197,0.00024,0.00011,0.00216,0.00169,0.00093,0.00710
1403636704.913545131683350,0.00205,0.00011,0.00006,0.00231,0.00015,0.00099,0.00567
1403636704.963545083999634,0.00216,0.00012,0.00004,0.00240,0.00000,0.00097,0.00569
1403636705.013544797897339,0.00208,0.00012,0.00009,0.00223,0.00065,0.00097,0.00614
1403636705.063544750213623,0.00239,0.00013,0.00007,0.00221,0.00166,0.00093,0.00738
1403636705.113544702529907,0.00214,0.00012,0.00032,0.00201,0.00000,0.00091,0.00551
1403636705.163544654846191,0.00202,0.00009,0.00025,0.00159,0.00014,0.00093,0.00501
1403636705.213544845581055,0.00248,0.00012,0.00048,0.00152,0.00141,0.00092,0.00692
1403636705.263545036315918,0.00200,0.00012,0.00196,0.00154,0.00136,0.00088,0.00786
1403636705.313545703887939,0.00280,0.00017,0.00012,0.00169,0.00035,0.00126,0.00639
1403636705.363545656204224,0.00238,0.00014,0.00014,0.00162,0.00066,0.00115,0.00609
1403636705.413546323776245,0.00215,0.00009,0.00003,0.00198,0.00000,0.00123,0.00549
1403636705.463546752929688,0.00227,0.00014,0.00003,0.00160,0.00000,0.00120,0.00523
1403636705.513546705245972,0.00189,0.00011,0.00010,0.00157,0.00281,0.00100,0.00749
1403636705.563546419143677,0.00232,0.00010,0.00007,0.00186,0.00000,0.00098,0.00534
1403636705.613547325134277,0.00194,0.00008,0.00031,0.00176,0.00344,0.00100,0.00853
1403636705.663547277450562,0.00193,0.00012,0.00039,0.00192,0.00032,0.00096,0.00564
1403636705.713547468185425,0.00295,0.00016,0.00024,0.00185,0.00000,0.00113,0.00634
1403636705.763547182083130,0.00281,0.00009,0.00009,0.00194,0.00096,0.00093,0.00681
1403636705.813547134399414,0.00224,0.00015,0.00042,0.00198,0.00075,0.00114,0.00668
1403636705.863547563552856,0.00230,0.00009,0.00153,0.00207,0.00214,0.00103,0.00915
1403636705.913547754287720,0.00246,0.00012,0.00056,0.00184,0.00016,0.00096,0.00610
1403636705.963547945022583,0.00215,0.00016,0.00007,0.00188,0.00102,0.00127,0.00654
1403636706.013547897338867,0.00272,0.00015,0.00036,0.00188,0.00008,0.00114,0.00634
1403636706.063548088073730,0.00184,0.00009,0.00073,0.00158,0.00001,0.00133,0.00558
1403636706.113549232482910,0.00247,0.00010,0.00021,0.00160,0.00131,0.00102,0.00671
1403636706.163548946380615,0.00225,0.00009,0.00054,0.00158,0.00013,0.00094,0.00553
1403636706.213549852371216,0.00228,0.00015,0.00056,0.00159,0.00000,0.00112,0.00570
1403636706.263551235198975,0.00210,0.00009,0.00077,0.00174,0.00015,0.00093,0.00579
1403636706.313552141189575,0.00230,0.00008,0.00054,0.00149,0.00014,0.00093,0.00549
1403636706.363552570343018,0.00214,0.00008,0.00011,0.00158,0.00014,0.00095,0.00500
1403636706.413552761077881,0.00229,0.00009,0.00034,0.00162,0.00018,0.00097,0.00549
1403636706.463553428649902,0.00194,0.00008,0.00018,0.00160,0.00211,0.00092,0.00683
1403636706.513553380966187,0.00222,0.00009,0.00010,0.00193,0.00016,0.00094,0.00545
1403636706.563553094863892,0.00190,0.00009,0.00004,0.00166,0.00034,0.00094,0.00497
1403636706.613552570343018,0.00223,0.00009,0.00023,0.00164,0.00007,0.00099,0.00525
1403636706.663552761077881,0.00185,0.00009,0.00003,0.00165,0.00180,0.00090,0.00632
1403636706.713552951812744,0.00210,0.00009,0.00006,0.00169,0.00097,0.00099,0.00590
1403636706.763552665710449,0.00225,0.00012,0.00008,0.00148,0.00008,0.00093,0.00494
1403636706.813551425933838,0.00197,0.00011,0.00092,0.00145,0.00001,0.00092,0.00539
1403636706.863551378250122,0.00220,0.00009,0.00004,0.00145,0.00074,0.00092,0.00545
1403636706.913551092147827,0.00198,0.00009,0.00008,0.00152,0.00225,0.00125,0.00716
1403636706.963550090789795,0.00189,0.00012,0.00014,0.00165,0.00170,0.00095,0.00646
1403636707.013550281524658,0.00194,0.00011,0.00015,0.00152,0.00018,0.00097,0.00487
1403636707.063549995422363,0.00221,0.00010,0.00034,0.00154,0.00113,0.00089,0.00621
1403636707.113550186157227,0.00218,0.00009,0.00030,0.00233,0.00076,0.00134,0.00699
1403636707.163549661636353,0.00237,0.00015,0.00005,0.00186,0.00092,0.00110,0.00646
1403636707.213549613952637,0.00202,0.00016,0.00004,0.00196,0.00000,0.00120,0.00538
1403636707.263549566268921,0.00224,0.00015,0.00001,0.00163,0.00063,0.00123,0.00589
1403636707.313549280166626,0.00203,0.00009,0.00009,0.00197,0.00119,0.00096,0.00633
1403636707.363549232482910,0.00188,0.00012,0.00015,0.00177,0.00016,0.00103,0.00512
1403636707.413549423217773,0.00256,0.00009,0.00006,0.00168,0.00209,0.00091,0.00739
1403636707.463549613952637,0.00190,0.00011,0.00004,0.00167,0.00003,0.00092,0.00467
1403636707.513549804687500,0.00251,0.00015,0.00009,0.00159,0.00026,0.00096,0.00556
1403636707.563549757003784,0.00211,0.00009,0.00010,0.00151,0.00047,0.00099,0.00526
1403636707.613549947738647,0.00216,0.00009,0.00014,0.00152,0.00034,0.00095,0.00520
1403636707.663549900054932,0.00209,0.00009,0.00008,0.00140,0.00344,0.00091,0.00800
1403636707.713550090789795,0.00255,0.00017,0.00074,0.00204,0.00040,0.00133,0.00721
1403636707.763550043106079,0.00245,0.00015,0.00035,0.00169,0.00030,0.00115,0.00609
1403636707.813549518585205,0.00214,0.00009,0.00020,0.00170,0.00000,0.00098,0.00511
1403636707.863549232482910,0.00255,0.00009,0.00003,0.00174,0.00000,0.00167,0.00609
1403636707.913548946380615,0.00234,0.00014,0.00085,0.00140,0.00187,0.00115,0.00775
1403636707.963548898696899,0.00209,0.00009,0.00010,0.00163,0.00393,0.00097,0.00881
1403636708.013549089431763,0.00212,0.00013,0.00008,0.00213,0.00020,0.00099,0.00564
1403636708.063548803329468,0.00205,0.00009,0.00234,0.00215,0.00514,0.00119,0.01296
1403636708.113548517227173,0.00232,0.00018,0.00062,0.00258,0.00072,0.00114,0.00756
1403636708.163549184799194,0.00205,0.00010,0.00050,0.00244,0.00020,0.00089,0.00618
1403636708.213548898696899,0.00244,0.00011,0.00016,0.00261,0.00197,0.00142,0.00871
1403636708.263549804687500,0.00242,0.00018,0.00189,0.00231,0.00020,0.00111,0.00811
1403636708.313550472259521,0.00237,0.00017,0.00001,0.00240,0.00011,0.00139,0.00646
1403636708.363550662994385,0.00217,0.00019,0.00054,0.00226,0.00040,0.00116,0.00672
1403636708.413550615310669,0.00151,0.00014,0.00189,0.00230,0.00482,0.00132,0.01197
1403636708.463550806045532,0.00177,0.00019,0.00020,0.00271,0.00000,0.00107,0.00595
1403636708.513550758361816,0.00132,0.00009,0.00042,0.00234,0.00007,0.00088,0.00513
1403636708.563550472259521,0.00132,0.00009,0.00016,0.00228,0.00016,0.00082,0.00483
1403636708.613550901412964,0.00152,0.00010,0.00066,0.00217,0.00047,0.00087,0.00579
1403636708.663550615310669,0.00130,0.00009,0.00006,0.00201,0.00133,0.00124,0.00603
1403636708.713550329208374,0.00190,0.00011,0.00053,0.00207,0.00025,0.00099,0.00585
1403636708.763547420501709,0.00135,0.00009,0.00230,0.00190,0.00605,0.00082,0.01251
1403636708.813546895980835,0.00129,0.00009,0.00010,0.00296,0.00116,0.00145,0.00706
1403636708.863547086715698,0.00181,0.00017,0.00158,0.00285,0.00080,0.00096,0.00817
1403636708.913547039031982,0.00132,0.00011,0.00003,0.00286,0.00081,0.00082,0.00594
1403636708.963547468185425,0.00143,0.00009,0.00017,0.00299,0.00218,0.00081,0.00768
1403636709.013547420501709,0.00183,0.00009,0.00094,0.00353,0.00010,0.00145,0.00794
1403636709.063547372817993,0.00200,0.00019,0.00030,0.00303,0.00000,0.00105,0.00657
1403636709.113547086715698,0.00137,0.00011,0.00036,0.00284,0.00015,0.00085,0.00568
1403636709.163547039031982,0.00141,0.00009,0.00008,0.00291,0.00011,0.00091,0.00550
1403636709.213546037673950,0.00161,0.00009,0.00003,0.00285,0.00000,0.00106,0.00564
1403636709.263545751571655,0.00151,0.00011,0.00122,0.00265,0.00424,0.00079,0.01053
1403636709.313545703887939,0.00133,0.00009,0.00044,0.00353,0.00000,0.00102,0.00641
1403636709.363546133041382,0.00283,0.00020,0.00258,0.00302,0.00011,0.00113,0.00987
1403636709.413546562194824,0.00194,0.00012,0.00022,0.00361,0.00013,0.00102,0.00705
1403636709.463547229766846,0.00186,0.00016,0.00065,0.00310,0.00022,0.00107,0.00707
1403636709.513547658920288,0.00143,0.00010,0.00103,0.00311,0.00006,0.00090,0.00663
1403636709.563548088073730,0.00209,0.00010,0.00228,0.00282,0.00027,0.00089,0.00844
1403636709.613549470901489,0.00179,0.00010,0.00004,0.00286,0.00176,0.00087,0.00740
1403636709.663550138473511,0.00174,0.00010,0.00012,0.00301,0.00000,0.00090,0.00587
1403636709.713550567626953,0.00238,0.00016,0.00034,0.00267,0.00007,0.00130,0.00691
1403636709.763551712036133,0.00211,0.00012,0.00018,0.00258,0.00018,0.00115,0.00632
1403636709.813552379608154,0.00244,0.00017,0.00041,0.00248,0.00000,0.00114,0.00664
1403636709.863553047180176,0.00278,0.00016,0.00003,0.00235,0.00145,0.00120,0.00797
1403636709.913553714752197,0.00223,0.00015,0.00091,0.00235,0.00466,0.00113,0.01145
1403636709.963554620742798,0.00240,0.00014,0.00044,0.00319,0.00221,0.00115,0.00953
1403636710.013555526733398,0.00203,0.00013,0.00006,0.00313,0.00015,0.00101,0.00651
1403636710.063555717468262,0.00236,0.00015,0.00269,0.00283,0.00146,0.00121,0.01069
1403636710.113556385040283,0.00231,0.00014,0.00272,0.00359,0.00095,0.00145,0.01116
1403636710.163556337356567,0.00215,0.00010,0.00081,0.00312,0.00149,0.00100,0.00867
1403636710.213556289672852,0.00217,0.00013,0.00007,0.00313,0.00001,0.00096,0.00647
1403636710.263556003570557,0.00207,0.00018,0.00015,0.00302,0.00020,0.00122,0.00684
1403636710.313556194305420,0.00246,0.00015,0.00043,0.00308,0.00018,0.00110,0.00741
1403636710.363556385040283,0.00203,0.00012,0.00009,0.00306,0.00000,0.00112,0.00642
1403636710.413556814193726,0.00162,0.00009,0.00275,0.00289,0.00207,0.00084,0.01026
1403636710.463557004928589,0.00174,0.00009,0.00003,0.00286,0.00221,0.00086,0.00781
1403636710.513557195663452,0.00133,0.00009,0.00001,0.00325,0.00012,0.00079,0.00559
1403636710.563557147979736,0.00132,0.00009,0.00019,0.00303,0.00001,0.00080,0.00545
1403636710.613557100296021,0.00126,0.00009,0.00017,0.00303,0.00000,0.00083,0.00537
1403636710.663556337356567,0.00185,0.00009,0.00121,0.00265,0.00344,0.00081,0.01006
1403636710.713556289672852,0.00153,0.00010,0.00091,0.00330,0.00013,0.00093,0.00690
1403636710.763555765151978,0.00160,0.00010,0.00261,0.00303,0.00030,0.00077,0.00841
1403636710.813553810119629,0.00240,0.00015,0.00042,0.00401,0.00073,0.00138,0.00909
1403636710.863554477691650,0.00218,0.00011,0.00296,0.00357,0.00078,0.00105,0.01065
1403636710.913555622100830,0.00229,0.00012,0.00092,0.00391,0.00158,0.00123,0.01005
1403636710.963555574417114,0.00201,0.00013,0.00116,0.00392,0.00000,0.00099,0.00821
1403636711.013554573059082,0.00198,0.00009,0.00064,0.00371,0.00000,0.00097,0.00739
1403636711.063556194305420,0.00201,0.00009,0.00009,0.00356,0.00001,0.00086,0.00663
1403636711.113556861877441,0.00188,0.00010,0.00003,0.00337,0.00009,0.00087,0.00633
1403636711.163557052612305,0.00195,0.00009,0.00001,0.00327,0.00002,0.00088,0.00621
1403636711.213560104370117,0.00214,0.00009,0.00535,0.00333,0.00126,0.00080,0.01298
1403636711.263560771942139,0.00193,0.00010,0.00048,0.00358,0.00071,0.00085,0.00764
1403636711.313561439514160,0.00161,0.00010,0.00196,0.00357,0.00000,0.00077,0.00801
1403636711.363562107086182,0.00154,0.00009,0.00253,0.00357,0.00001,0.00077,0.00852
1403636711.413562536239624,0.00244,0.00020,0.00019,0.00376,0.00002,0.00118,0.00779
1403636711.463562250137329,0.00371,0.00014,0.00243,0.00321,0.00041,0.00113,0.01103
1403636711.513562202453613,0.00223,0.00015,0.00038,0.00326,0.00000,0.00125,0.00727
1403636711.563562154769897,0.00173,0.00012,0.00008,0.00297,0.00000,0.00114,0.00603
1403636711.613562107086182,0.00218,0.00017,0.00006,0.00302,0.00003,0.00121,0.00666
1403636711.663561820983887,0.00173,0.00013,0.00042,0.00280,0.00069,0.00121,0.00699
1403636711.713562011718750,0.00227,0.00013,0.00011,0.00309,0.00000,0.00126,0.00686
1403636711.763562202453613,0.00171,0.00013,0.00001,0.00301,0.00003,0.00125,0.00614
1403636711.813562870025635,0.00209,0.00011,0.00503,0.00274,0.00491,0.00150,0.01638
1403636711.863562822341919,0.00240,0.00015,0.00068,0.00360,0.00000,0.00082,0.00764
1403636711.913562536239624,0.00174,0.00010,0.00093,0.00339,0.00003,0.00080,0.00699
1403636711.963562726974487,0.00223,0.00014,0.00205,0.00358,0.00231,0.00124,0.01155
1403636712.013563156127930,0.00189,0.00013,0.00006,0.00383,0.00000,0.00113,0.00704
1403636712.063562870025635,0.00248,0.00017,0.00242,0.00464,0.00000,0.00097,0.01068
1403636712.113563060760498,0.00217,0.00014,0.00014,0.00385,0.00000,0.00130,0.00761
1403636712.163563013076782,0.00197,0.00014,0.00004,0.00357,0.00000,0.00113,0.00685
1403636712.213562965393066,0.00214,0.00012,0.00001,0.00368,0.00003,0.00125,0.00723
1403636712.263562202453613,0.00179,0.00014,0.00030,0.00355,0.00120,0.00151,0.00849
1403636712.313562154769897,0.00227,0.00018,0.00001,0.00389,0.00000,0.00120,0.00755
1403636712.363561391830444,0.00192,0.00010,0.00006,0.00361,0.00039,0.00104,0.00712
1403636712.413560152053833,0.00191,0.00010,0.00893,0.00393,0.00000,0.00142,0.01630
1403636712.463560104370117,0.00215,0.00013,0.00099,0.00351,0.00000,0.00124,0.00802
1403636712.513559341430664,0.00198,0.00018,0.00204,0.00312,0.00071,0.00109,0.00913
1403636712.563559293746948,0.00228,0.00016,0.00072,0.00322,0.00077,0.00086,0.00800
1403636712.613559246063232,0.00219,0.00013,0.00016,0.00343,0.00002,0.00117,0.00708
1403636712.663559675216675,0.00249,0.00014,0.00085,0.00321,0.00158,0.00112,0.00938
1403636712.713560104370117,0.00175,0.00010,0.00005,0.00325,0.00000,0.00083,0.00598
1403636712.763560056686401,0.00230,0.00015,0.00023,0.00315,0.00001,0.00091,0.00675
1403636712.813560009002686,0.00174,0.00010,0.00022,0.00279,0.00002,0.00087,0.00575
1403636712.863560438156128,0.00218,0.00013,0.00016,0.00278,0.00067,0.00127,0.00721
1403636712.913560867309570,0.00206,0.00009,0.00021,0.00272,0.00000,0.00106,0.00615
1403636712.963561773300171,0.00189,0.00009,0.00001,0.00270,0.00000,0.00103,0.00573
1403636713.013561964035034,0.00204,0.00013,0.00578,0.00265,0.00524,0.00114,0.01698
1403636713.063561916351318,0.00241,0.00013,0.00071,0.00364,0.00041,0.00165,0.00895
1403636713.113562107086182,0.00175,0.00011,0.00209,0.00355,0.00000,0.00091,0.00842
1403636713.163562059402466,0.00154,0.00010,0.00009,0.00341,0.00001,0.00081,0.00595
1403636713.213562965393066,0.00213,0.00017,0.00467,0.00337,0.00151,0.00127,0.01312
1403636713.263562917709351,0.00264,0.00015,0.00084,0.00386,0.00000,0.00125,0.00873
1403636713.313562631607056,0.00198,0.00010,0.00009,0.00351,0.00000,0.00108,0.00676
1403636713.363562345504761,0.00247,0.00014,0.00030,0.00352,0.00000,0.00144,0.00788
1403636713.413562774658203,0.00221,0.00012,0.00015,0.00346,0.00002,0.00103,0.00701
1403636713.463562965393066,0.00198,0.00010,0.00010,0.00359,0.00019,0.00138,0.00733
1403636713.513562917709351,0.00176,0.00016,0.00020,0.00331,0.00000,0.00090,0.00633
1403636713.563562631607056,0.00167,0.00009,0.00003,0.00334,0.00002,0.00083,0.00598
1403636713.613562822341919,0.00143,0.00009,0.00462,0.00328,0.00076,0.00083,0.01102
1403636713.663562774658203,0.00208,0.00014,0.00001,0.00329,0.00071,0.00086,0.00709
1403636713.713562965393066,0.00195,0.00010,0.00148,0.00347,0.00078,0.00101,0.00879
1403636713.763563394546509,0.00219,0.00014,0.00084,0.00392,0.00002,0.00131,0.00841
1403636713.813562631607056,0.00233,0.00015,0.00964,0.00347,0.00076,0.00112,0.01747
1403636713.863562583923340,0.00170,0.00010,0.00006,0.00347,0.00001,0.00081,0.00616
1403636713.913562297821045,0.00224,0.00013,0.00001,0.00371,0.00043,0.00134,0.00785
1403636713.963562488555908,0.00188,0.00016,0.00005,0.00372,0.00002,0.00123,0.00707
1403636714.013562202453613,0.00216,0.00017,0.00001,0.00388,0.00003,0.00158,0.00783
1403636714.063561677932739,0.00166,0.00015,0.00001,0.00356,0.00000,0.00111,0.00648
1403636714.113561153411865,0.00214,0.00017,0.00009,0.00379,0.00010,0.00123,0.00752
1403636714.163561582565308,0.00176,0.00014,0.00004,0.00354,0.00003,0.00124,0.00675
1403636714.213562488555908,0.00212,0.00010,0.00424,0.00345,0.00004,0.00098,0.01093
1403636714.263563156127930,0.00161,0.00010,0.00003,0.00349,0.00000,0.00091,0.00613
1403636714.313563823699951,0.00235,0.00014,0.00002,0.00363,0.00105,0.00177,0.00896
1403636714.363564252853394,0.00213,0.00012,0.00153,0.00363,0.00081,0.00116,0.00938
1403636714.413564443588257,0.00245,0.00014,0.00604,0.00380,0.00000,0.00083,0.01327
1403636714.463565349578857,0.00228,0.00018,0.00079,0.00492,0.00000,0.00133,0.00950
1403636714.513566017150879,0.00213,0.00013,0.00001,0.00372,0.00000,0.00098,0.00698
1403636714.563566923141479,0.00209,0.00010,0.00009,0.00378,0.00010,0.00106,0.00724
1403636714.613567590713501,0.00203,0.00010,0.00001,0.00364,0.00000,0.00094,0.00671
1403636714.663568496704102,0.00204,0.00010,0.00001,0.00354,0.00000,0.00095,0.00663
1403636714.713569164276123,0.00201,0.00013,0.00008,0.00348,0.00011,0.00096,0.00676
1403636714.763569831848145,0.00202,0.00010,0.00003,0.00342,0.00005,0.00096,0.00659
1403636714.813570022583008,0.00248,0.00018,0.00431,0.00334,0.00006,0.00109,0.01145
1403636714.863570451736450,0.00320,0.00011,0.00010,0.00370,0.00022,0.00136,0.00869
1403636714.913570880889893,0.00221,0.00014,0.00006,0.00336,0.00003,0.00113,0.00693
1403636714.963571786880493,0.00201,0.00013,0.00022,0.00314,0.00016,0.00108,0.00674
1403636715.013572216033936,0.00206,0.00013,0.00543,0.00284,0.00225,0.00091,0.01362
1403636715.063572406768799,0.00322,0.00012,0.00005,0.00322,0.00074,0.00130,0.00865
1403636715.113572359085083,0.00252,0.00016,0.00005,0.00337,0.00000,0.00130,0.00740
1403636715.163572549819946,0.00214,0.00011,0.00010,0.00356,0.00003,0.00088,0.00683
1403636715.213572025299072,0.00195,0.00009,0.00001,0.00297,0.00000,0.00095,0.00597
1403636715.263572216033936,0.00269,0.00012,0.00001,0.00314,0.00000,0.00142,0.00738
1403636715.313571929931641,0.00219,0.00013,0.00021,0.00307,0.00020,0.00108,0.00689
1403636715.363571166992188,0.00216,0.00012,0.00005,0.00316,0.00003,0.00126,0.00678
1403636715.413570404052734,0.00236,0.00016,0.00156,0.00308,0.00173,0.00101,0.00989
1403636715.463569879531860,0.00233,0.00011,0.00001,0.00340,0.00000,0.00122,0.00708
1403636715.513569593429565,0.00210,0.00011,0.00009,0.00378,0.00004,0.00135,0.00748
1403636715.563569307327271,0.00233,0.00011,0.00007,0.00325,0.00005,0.00127,0.00709
1403636715.613571166992188,0.00218,0.00018,0.00776,0.00320,0.00217,0.00127,0.01675
1403636715.663571596145630,0.00230,0.00013,0.00309,0.00356,0.00084,0.00127,0.01118
1403636715.713572263717651,0.00214,0.00011,0.00001,0.00394,0.00000,0.00141,0.00761
1403636715.763571977615356,0.00232,0.00014,0.00004,0.00354,0.00005,0.00105,0.00713
1403636715.813571453094482,0.00249,0.00012,0.00003,0.00369,0.00000,0.00133,0.00765
1403636715.863572120666504,0.00219,0.00013,0.00005,0.00366,0.00000,0.00102,0.00704
1403636715.913572311401367,0.00235,0.00019,0.00001,0.00359,0.00000,0.00143,0.00756
1403636715.963573455810547,0.00237,0.00012,0.00008,0.00369,0.00004,0.00121,0.00751
1403636716.013573884963989,0.00214,0.00012,0.00158,0.00334,0.00007,0.00121,0.00846
1403636716.063575506210327,0.00239,0.00011,0.00001,0.00357,0.00000,0.00134,0.00742
1403636716.113577365875244,0.00200,0.00018,0.00004,0.00343,0.00003,0.00138,0.00707
1403636716.163578510284424,0.00237,0.00012,0.00006,0.00339,0.00015,0.00115,0.00724
1403636716.213581800460815,0.00199,0.00009,0.00380,0.00345,0.00077,0.00107,0.01118
1403636716.263582944869995,0.00211,0.00009,0.00072,0.00378,0.00083,0.00127,0.00881
1403636716.313583135604858,0.00234,0.00012,0.00001,0.00373,0.00000,0.00131,0.00750
1403636716.363581418991089,0.00219,0.00010,0.00016,0.00365,0.00003,0.00134,0.00748
1403636716.413579702377319,0.00202,0.00009,0.00007,0.00362,0.00002,0.00108,0.00690
1403636716.463578939437866,0.00239,0.00013,0.00001,0.00361,0.00000,0.00128,0.00742
1403636716.513576507568359,0.00229,0.00013,0.00001,0.00366,0.00000,0.00128,0.00737
1403636716.563574552536011,0.00202,0.00009,0.00001,0.00351,0.00078,0.00101,0.00742
1403636716.613572597503662,0.00199,0.00010,0.00301,0.00388,0.00004,0.00128,0.01030
1403636716.663571596145630,0.00208,0.00011,0.00006,0.00362,0.00011,0.00093,0.00691
1403636716.713570594787598,0.00216,0.00012,0.00003,0.00375,0.00003,0.00135,0.00744
1403636716.763569116592407,0.00201,0.00013,0.00001,0.00365,0.00013,0.00107,0.00701
1403636716.813566923141479,0.00212,0.00010,0.00535,0.00342,0.00020,0.00124,0.01242
1403636716.863567352294922,0.00235,0.00016,0.00139,0.00359,0.00003,0.00141,0.00894
1403636716.913566112518311,0.00209,0.00010,0.00005,0.00354,0.00001,0.00105,0.00685
1403636716.963565349578857,0.00232,0.00013,0.00001,0.00335,0.00018,0.00127,0.00728
1403636717.013565063476562,0.00237,0.00016,0.00010,0.00328,0.00077,0.00127,0.00795
1403636717.063563823699951,0.00204,0.00009,0.00005,0.00317,0.00003,0.00106,0.00645
1403636717.113564014434814,0.00217,0.00010,0.00015,0.00283,0.00000,0.00099,0.00624
1403636717.163564920425415,0.00187,0.00009,0.00001,0.00282,0.00069,0.00139,0.00686
1403636717.213566541671753,0.00214,0.00015,0.00149,0.00279,0.00278,0.00111,0.01047
1403636717.263567924499512,0.00191,0.00009,0.00004,0.00298,0.00000,0.00098,0.00601
1403636717.313569545745850,0.00200,0.00009,0.00001,0.00298,0.00003,0.00103,0.00614
1403636717.363570451736450,0.00188,0.00013,0.00002,0.00293,0.00011,0.00180,0.00687
1403636717.413572311401367,0.00205,0.00011,0.00409,0.00279,0.00154,0.00119,0.01177
1403636717.463572740554810,0.00183,0.00014,0.00008,0.00296,0.00080,0.00114,0.00694
1403636717.513572931289673,0.00192,0.00009,0.00005,0.00300,0.00075,0.00103,0.00684
1403636717.563572883605957,0.00195,0.00019,0.00007,0.00302,0.00076,0.00122,0.00722
1403636717.613573551177979,0.00187,0.00015,0.00006,0.00337,0.00072,0.00094,0.00711
1403636717.663573503494263,0.00207,0.00011,0.00008,0.00311,0.00015,0.00181,0.00733
1403636717.713574171066284,0.00216,0.00016,0.00008,0.00291,0.00000,0.00118,0.00649
1403636717.763574600219727,0.00189,0.00009,0.00004,0.00270,0.00002,0.00112,0.00586
1403636717.813574790954590,0.00186,0.00009,0.00004,0.00289,0.00218,0.00096,0.00803
1403636717.863575220108032,0.00184,0.00013,0.00003,0.00302,0.00000,0.00094,0.00596
1403636717.913574934005737,0.00192,0.00009,0.00001,0.00311,0.00003,0.00093,0.00609
1403636717.963574886322021,0.00204,0.00015,0.00001,0.00299,0.00000,0.00114,0.00633
1403636718.013575315475464,0.00220,0.00012,0.00612,0.00261,0.00013,0.00115,0.01233
1403636718.063575029373169,0.00338,0.00009,0.00011,0.00245,0.00108,0.00109,0.00821
1403636718.113574266433716,0.00293,0.00013,0.00023,0.00243,0.00002,0.00140,0.00713
1403636718.163573503494263,0.00275,0.00015,0.00026,0.00211,0.00015,0.00127,0.00669
1403636718.213573455810547,0.00233,0.00018,0.00011,0.00207,0.00000,0.00120,0.00590
1403636718.263573408126831,0.00231,0.00012,0.00005,0.00203,0.00006,0.00111,0.00566
1403636718.313573122024536,0.00253,0.00018,0.00029,0.00208,0.00000,0.00136,0.00646
1403636718.363573312759399,0.00261,0.00014,0.00039,0.00185,0.00002,0.00134,0.00636
1403636718.413573503494263,0.00217,0.00012,0.00030,0.00185,0.00135,0.00114,0.00693
1403636718.463573694229126,0.00232,0.00012,0.00040,0.00184,0.00002,0.00109,0.00579
1403636718.513573884963989,0.00216,0.00009,0.00011,0.00166,0.00000,0.00108,0.00511
1403636718.563574314117432,0.00286,0.00021,0.00116,0.00150,0.00002,0.00127,0.00703
1403636718.613573312759399,0.00241,0.00014,0.01118,0.00128,0.01142,0.00131,0.02774
1403636718.663573026657104,0.00217,0.00011,0.00411,0.00246,0.00276,0.00103,0.01265
1403636718.713573455810547,0.00211,0.00010,0.00008,0.00306,0.00001,0.00100,0.00636
1403636718.763573169708252,0.00224,0.00019,0.00005,0.00287,0.00014,0.00119,0.00667
1403636718.813572883605957,0.00212,0.00010,0.00005,0.00270,0.00036,0.00088,0.00622
1403636718.863571882247925,0.00240,0.00018,0.00017,0.00283,0.00009,0.00126,0.00694
1403636718.913571834564209,0.00219,0.00015,0.00001,0.00328,0.00000,0.00132,0.00695
1403636718.963571786880493,0.00233,0.00016,0.00001,0.00280,0.00013,0.00119,0.00663
1403636719.013571977615356,0.00214,0.00014,0.00001,0.00277,0.00082,0.00123,0.00712
1403636719.063571691513062,0.00222,0.00014,0.00007,0.00281,0.00025,0.00113,0.00663
1403636719.113571166992188,0.00207,0.00016,0.00006,0.00278,0.00065,0.00136,0.00708
1403636719.163571119308472,0.00197,0.00011,0.00006,0.00261,0.00050,0.00105,0.00629
1403636719.213571786880493,0.00211,0.00010,0.00945,0.00292,0.00217,0.00089,0.01764
1403636719.263571023941040,0.00157,0.00010,0.00289,0.00294,0.00183,0.00090,0.01023
1403636719.313571214675903,0.00245,0.00013,0.00001,0.00361,0.00082,0.00115,0.00817
1403636719.363571882247925,0.00200,0.00018,0.00015,0.00359,0.00000,0.00128,0.00720
1403636719.413572072982788,0.00235,0.00014,0.00011,0.00354,0.00000,0.00119,0.00734
1403636719.463572978973389,0.00192,0.00016,0.00001,0.00353,0.00042,0.00122,0.00726
1403636719.513573646545410,0.00212,0.00015,0.00001,0.00356,0.00000,0.00132,0.00715
1403636719.563573837280273,0.00189,0.00016,0.00029,0.00344,0.00003,0.00118,0.00699
1403636719.613573551177979,0.00218,0.00015,0.00009,0.00342,0.00004,0.00121,0.00709
1403636719.663573503494263,0.00201,0.00009,0.00074,0.00323,0.00022,0.00107,0.00737
1403636719.713573455810547,0.00188,0.00014,0.00010,0.00316,0.00012,0.00127,0.00667
1403636719.763573169708252,0.00165,0.00009,0.00003,0.00318,0.00002,0.00084,0.00581
1403636719.813572645187378,0.00213,0.00014,0.00954,0.00315,0.00019,0.00145,0.01661
1403636719.863572359085083,0.00203,0.00009,0.00221,0.00307,0.00058,0.00102,0.00899
1403636719.913572311401367,0.00188,0.00010,0.00005,0.00311,0.00010,0.00100,0.00625
1403636719.963572263717651,0.00226,0.00021,0.00001,0.00348,0.00005,0.00136,0.00737
1403636720.013572454452515,0.00207,0.00021,0.00001,0.00341,0.00000,0.00119,0.00689
1403636720.063572168350220,0.00197,0.00010,0.00005,0.00297,0.00000,0.00091,0.00600
1403636720.113572120666504,0.00202,0.00019,0.00001,0.00291,0.00000,0.00135,0.00649
1403636720.163572072982788,0.00185,0.00011,0.00004,0.00281,0.00015,0.00099,0.00595
1403636720.213572263717651,0.00174,0.00010,0.00003,0.00285,0.00007,0.00083,0.00561
1403636720.263572454452515,0.00138,0.00009,0.00001,0.00275,0.00006,0.00096,0.00524
1403636720.313572168350220,0.00218,0.00014,0.00001,0.00293,0.00000,0.00133,0.00658
1403636720.363572120666504,0.00175,0.00013,0.00006,0.00280,0.00013,0.00114,0.00601
1403636720.413572072982788,0.00233,0.00019,0.00674,0.00273,0.00167,0.00110,0.01478
1403636720.463571786880493,0.00194,0.00009,0.00034,0.00321,0.00054,0.00087,0.00699
1403636720.513571500778198,0.00184,0.00009,0.00003,0.00321,0.00011,0.00098,0.00627
1403636720.563571453094482,0.00198,0.00019,0.00002,0.00344,0.00005,0.00127,0.00696
1403636720.613570928573608,0.00147,0.00011,0.00001,0.00313,0.00000,0.00083,0.00555
1403636720.663571119308472,0.00211,0.00015,0.00001,0.00331,0.00000,0.00128,0.00686
1403636720.713571310043335,0.00163,0.00013,0.00012,0.00311,0.00019,0.00122,0.00641
1403636720.763571023941040,0.00206,0.00019,0.00001,0.00369,0.00006,0.00122,0.00723
1403636720.813570737838745,0.00182,0.00016,0.00011,0.00327,0.00009,0.00128,0.00673
1403636720.863571166992188,0.00183,0.00009,0.00001,0.00302,0.00018,0.00087,0.00601
1403636720.913571596145630,0.00216,0.00018,0.00011,0.00326,0.00000,0.00123,0.00695
1403636720.963572263717651,0.00188,0.00010,0.00001,0.00299,0.00004,0.00106,0.00606
1403636721.013572692871094,0.00186,0.00019,0.00439,0.00295,0.00011,0.00095,0.01046
1403636721.063572883605957,0.00186,0.00013,0.00003,0.00328,0.00013,0.00100,0.00642
1403636721.113573312759399,0.00198,0.00010,0.00000,0.00306,0.00000,0.00115,0.00629
1403636721.163573980331421,0.00202,0.00014,0.00001,0.00301,0.00003,0.00104,0.00626
1403636721.213574647903442,0.00189,0.00014,0.00002,0.00295,0.00000,0.00106,0.00606
1403636721.263574838638306,0.00186,0.00015,0.00001,0.00299,0.00000,0.00110,0.00611
1403636721.313574790954590,0.00204,0.00015,0.00001,0.00316,0.00000,0.00125,0.00661
1403636721.363574743270874,0.00176,0.00015,0.00001,0.00305,0.00005,0.00131,0.00634
1403636721.413574695587158,0.00201,0.00013,0.00001,0.00308,0.00010,0.00130,0.00663
1403636721.463575124740601,0.00193,0.00009,0.00001,0.00317,0.00085,0.00104,0.00709
1403636721.513575077056885,0.00249,0.00009,0.00001,0.00312,0.00003,0.00092,0.00666
1403636721.563575506210327,0.00202,0.00030,0.00008,0.00326,0.00003,0.00128,0.00698
1403636721.613575458526611,0.00203,0.00018,0.00346,0.00306,0.00022,0.00112,0.01007
1403636721.663575649261475,0.00186,0.00015,0.00004,0.00301,0.00020,0.00099,0.00627
1403636721.713576316833496,0.00185,0.00010,0.00001,0.00294,0.00000,0.00093,0.00582
1403636721.763576745986938,0.00304,0.00010,0.00012,0.00313,0.00003,0.00134,0.00777
1403636721.813576936721802,0.00217,0.00011,0.00002,0.00281,0.00000,0.00096,0.00606
1403636721.863577604293823,0.00242,0.00009,0.00001,0.00278,0.00000,0.00088,0.00617
1403636721.913577795028687,0.00270,0.00018,0.00014,0.00294,0.00000,0.00156,0.00752
1403636721.963577985763550,0.00230,0.00009,0.00001,0.00293,0.00005,0.00178,0.00716
1403636722.013577938079834,0.00232,0.00014,0.00001,0.00283,0.00012,0.00107,0.00650
1403636722.063578128814697,0.00252,0.00017,0.00001,0.00292,0.00016,0.00152,0.00730
1403636722.113578081130981,0.00241,0.00010,0.00001,0.00292,0.00004,0.00125,0.00673
1403636722.163577795028687,0.00234,0.00010,0.00005,0.00283,0.00003,0.00119,0.00654
1403636722.213578224182129,0.00243,0.00017,0.00349,0.00261,0.00028,0.00126,0.01025
1403636722.263578414916992,0.00221,0.00009,0.00001,0.00259,0.00051,0.00099,0.00641
1403636722.363579988479614,0.00278,0.00018,0.00879,0.00339,0.00283,0.00116,0.01914
1403636722.413580179214478,0.00262,0.00011,0.00119,0.00290,0.00084,0.00103,0.00869
1403636722.463580131530762,0.00193,0.00009,0.00001,0.00333,0.00000,0.00096,0.00632
1403636722.513580083847046,0.00185,0.00012,0.00001,0.00319,0.00000,0.00110,0.00626
1403636722.563580036163330,0.00188,0.00009,0.00001,0.00308,0.00000,0.00096,0.00602
1403636722.613579750061035,0.00186,0.00009,0.00006,0.00276,0.00004,0.00092,0.00573
1403636722.663579702377319,0.00192,0.00009,0.00027,0.00306,0.00008,0.00089,0.00632
1403636722.713579893112183,0.00165,0.00009,0.00003,0.00265,0.00015,0.00091,0.00548
1403636722.763579845428467,0.00164,0.00009,0.00004,0.00260,0.00003,0.00093,0.00534
1403636722.813580036163330,0.00245,0.00009,0.00001,0.00263,0.00004,0.00100,0.00621
1403636722.863579750061035,0.00174,0.00009,0.00296,0.00253,0.00059,0.00098,0.00887
1403636722.913580179214478,0.00169,0.00009,0.00001,0.00262,0.00021,0.00102,0.00563
1403636722.963580846786499,0.00190,0.00009,0.00743,0.00258,0.00076,0.00092,0.01368
1403636723.013581752777100,0.00162,0.00009,0.00005,0.00272,0.00144,0.00090,0.00682
1403636723.063581943511963,0.00184,0.00009,0.00003,0.00296,0.00000,0.00097,0.00590
1403636723.113582372665405,0.00156,0.00009,0.00003,0.00297,0.00000,0.00090,0.00555
1403636723.163581609725952,0.00182,0.00009,0.00001,0.00299,0.00000,0.00101,0.00591
1403636723.213581800460815,0.00216,0.00009,0.00001,0.00301,0.00006,0.00093,0.00627
1403636723.263581514358521,0.00187,0.00009,0.00006,0.00299,0.00007,0.00095,0.00604
1403636723.313581228256226,0.00179,0.00009,0.00001,0.00303,0.00040,0.00094,0.00626
1403636723.363580465316772,0.00196,0.00010,0.00001,0.00324,0.00005,0.00096,0.00633
1403636723.413581132888794,0.00188,0.00011,0.00006,0.00305,0.00003,0.00098,0.00612
1403636723.463581562042236,0.00270,0.00018,0.00218,0.00343,0.00005,0.00137,0.00991
1403636723.513581752777100,0.00237,0.00018,0.00011,0.00313,0.00017,0.00122,0.00718
1403636723.563581228256226,0.00200,0.00016,0.00770,0.00296,0.00083,0.00097,0.01461
1403636723.613581180572510,0.00187,0.00009,0.00003,0.00315,0.00004,0.00109,0.00628
1403636723.663581132888794,0.00220,0.00009,0.00001,0.00300,0.00000,0.00096,0.00627
1403636723.713580608367920,0.00207,0.00009,0.00001,0.00288,0.00000,0.00096,0.00602
1403636723.763580083847046,0.00196,0.00009,0.00006,0.00284,0.00000,0.00092,0.00587
1403636723.813579559326172,0.00199,0.00009,0.00006,0.00277,0.00007,0.00098,0.00597
1403636723.863579750061035,0.00191,0.00010,0.00001,0.00276,0.00012,0.00093,0.00583
1403636723.913579702377319,0.00195,0.00012,0.00001,0.00268,0.00004,0.00089,0.00569
1403636723.963579654693604,0.00182,0.00009,0.00006,0.00267,0.00004,0.00092,0.00559
1403636724.013579607009888,0.00190,0.00012,0.00001,0.00265,0.00003,0.00097,0.00568
1403636724.063579559326172,0.00178,0.00009,0.00055,0.00255,0.00013,0.00085,0.00596
1403636724.113579511642456,0.00155,0.00009,0.00027,0.00243,0.00079,0.00090,0.00603
1403636724.163579225540161,0.00145,0.00009,0.00619,0.00249,0.00179,0.00096,0.01296
1403636724.213579177856445,0.00147,0.00009,0.00001,0.00270,0.00005,0.00085,0.00517
1403636724.263579130172729,0.00142,0.00009,0.00001,0.00245,0.00000,0.00089,0.00486
1403636724.313578844070435,0.00142,0.00009,0.00006,0.00226,0.00010,0.00086,0.00480
1403636724.363578081130981,0.00143,0.00009,0.00006,0.00233,0.00042,0.00085,0.00518
1403636724.413576602935791,0.00143,0.00009,0.00004,0.00233,0.00007,0.00087,0.00484
1403636724.463576555252075,0.00151,0.00009,0.00001,0.00229,0.00011,0.00088,0.00490
1403636724.513575792312622,0.00243,0.00018,0.00001,0.00283,0.00005,0.00145,0.00696
1403636724.563575267791748,0.00197,0.00016,0.00014,0.00237,0.00038,0.00127,0.00629
1403636724.613574981689453,0.00157,0.00009,0.00001,0.00224,0.00003,0.00092,0.00487
1403636724.663574934005737,0.00162,0.00010,0.00090,0.00224,0.00081,0.00089,0.00656
1403636724.713575601577759,0.00170,0.00009,0.00001,0.00231,0.00024,0.00095,0.00531
1403636724.763575792312622,0.00166,0.00009,0.00340,0.00230,0.00265,0.00084,0.01094
1403636724.813575983047485,0.00134,0.00010,0.00006,0.00272,0.00005,0.00085,0.00512
1403636724.863576412200928,0.00163,0.00009,0.00001,0.00262,0.00000,0.00081,0.00516
1403636724.913576841354370,0.00167,0.00009,0.00001,0.00252,0.00002,0.00083,0.00513
1403636724.963577270507812,0.00248,0.00018,0.00010,0.00300,0.00044,0.00126,0.00746
1403636725.013577222824097,0.00201,0.00018,0.00009,0.00247,0.00009,0.00121,0.00606
1403636725.063577413558960,0.00160,0.00009,0.00001,0.00248,0.00023,0.00090,0.00531
1403636725.113577604293823,0.00228,0.00018,0.00008,0.00290,0.00005,0.00132,0.00681
1403636725.163577556610107,0.00204,0.00009,0.00001,0.00258,0.00005,0.00122,0.00600
1403636725.213577508926392,0.00220,0.00017,0.00001,0.00227,0.00003,0.00134,0.00601
1403636725.263577461242676,0.00202,0.00013,0.00389,0.00226,0.00226,0.00111,0.01167
1403636725.313577413558960,0.00208,0.00015,0.00013,0.00269,0.00028,0.00123,0.00656
1403636725.363577604293823,0.00225,0.00015,0.00358,0.00268,0.00206,0.00101,0.01173
1403636725.413577795028687,0.00197,0.00015,0.00034,0.00304,0.00043,0.00092,0.00686
1403636725.463577985763550,0.00187,0.00013,0.00004,0.00315,0.00000,0.00087,0.00607
1403636725.513578176498413,0.00216,0.00014,0.00001,0.00332,0.00045,0.00128,0.00737
1403636725.563577651977539,0.00171,0.00017,0.00020,0.00337,0.00007,0.00127,0.00678
1403636725.613577604293823,0.00208,0.00014,0.00051,0.00341,0.00085,0.00127,0.00825
1403636725.663577318191528,0.00188,0.00019,0.00026,0.00350,0.00003,0.00125,0.00712
1403636725.713577032089233,0.00211,0.00015,0.00025,0.00356,0.00002,0.00128,0.00737
1403636725.763576745986938,0.00169,0.00017,0.00006,0.00353,0.00002,0.00123,0.00670
1403636725.813576221466064,0.00215,0.00017,0.00001,0.00361,0.00003,0.00136,0.00734
1403636725.863576650619507,0.00195,0.00011,0.00053,0.00350,0.00003,0.00108,0.00720
1403636725.913576602935791,0.00184,0.00010,0.00005,0.00354,0.00013,0.00109,0.00676
1403636725.963577032089233,0.00190,0.00011,0.00285,0.00364,0.00004,0.00130,0.00983
1403636726.013576984405518,0.00214,0.00015,0.00005,0.00356,0.00002,0.00169,0.00761
1403636726.063576936721802,0.00212,0.00014,0.00001,0.00348,0.00003,0.00109,0.00686
1403636726.113576650619507,0.00190,0.00010,0.00001,0.00355,0.00000,0.00121,0.00676
1403636726.163576602935791,0.00191,0.00016,0.00007,0.00389,0.00003,0.00128,0.00734
1403636726.213576555252075,0.00224,0.00018,0.00077,0.00356,0.00003,0.00137,0.00815
1403636726.263576745986938,0.00180,0.00015,0.00026,0.00388,0.00003,0.00112,0.00724
1403636726.313576698303223,0.00192,0.00011,0.00007,0.00337,0.00002,0.00086,0.00635
1403636726.363576412200928,0.00223,0.00019,0.00005,0.00358,0.00002,0.00148,0.00754
1403636726.413576364517212,0.00192,0.00012,0.00001,0.00351,0.00003,0.00105,0.00663
1403636726.463576078414917,0.00191,0.00010,0.00040,0.00356,0.00003,0.00101,0.00700
1403636726.513576030731201,0.00200,0.00011,0.00003,0.00354,0.00014,0.00145,0.00728
1403636726.563575267791748,0.00195,0.00016,0.00230,0.00345,0.00002,0.00112,0.00900
1403636726.613575220108032,0.00177,0.00015,0.00005,0.00342,0.00003,0.00087,0.00630
1403636726.663574218750000,0.00218,0.00015,0.00001,0.00361,0.00003,0.00126,0.00723
1403636726.713574886322021,0.00202,0.00015,0.00003,0.00349,0.00000,0.00127,0.00697
1403636726.763575077056885,0.00170,0.00015,0.00007,0.00337,0.00003,0.00090,0.00622
1403636726.813575506210327,0.00145,0.00009,0.00019,0.00379,0.00003,0.00088,0.00643
1403636726.863576650619507,0.00222,0.00015,0.00025,0.00354,0.00003,0.00128,0.00748
1403636726.913577318191528,0.00175,0.00014,0.00007,0.00348,0.00002,0.00155,0.00701
1403636726.963577985763550,0.00169,0.00012,0.00005,0.00345,0.00002,0.00095,0.00629
1403636727.013577699661255,0.00142,0.00009,0.00001,0.00328,0.00003,0.00086,0.00569
1403636727.063577651977539,0.00218,0.00015,0.00336,0.00342,0.00003,0.00128,0.01043
1403636727.113577842712402,0.00206,0.00012,0.00012,0.00367,0.00036,0.00120,0.00753
1403636727.163577795028687,0.00214,0.00013,0.00385,0.00338,0.00003,0.00155,0.01107
1403636727.213578224182129,0.00206,0.00010,0.00006,0.00364,0.00002,0.00092,0.00680
1403636727.263577938079834,0.00209,0.00019,0.00001,0.00348,0.00003,0.00127,0.00706
1403636727.313577890396118,0.00220,0.00019,0.00001,0.00363,0.00000,0.00125,0.00728
1403636727.363577365875244,0.00201,0.00012,0.00006,0.00367,0.00004,0.00100,0.00690
1403636727.413577556610107,0.00205,0.00018,0.00109,0.00384,0.00003,0.00122,0.00841
1403636727.463577508926392,0.00226,0.00018,0.00026,0.00358,0.00003,0.00135,0.00766
1403636727.513577938079834,0.00209,0.00013,0.00007,0.00353,0.00002,0.00114,0.00699
1403636727.563578128814697,0.00222,0.00017,0.00006,0.00361,0.00002,0.00135,0.00743
1403636727.613578319549561,0.00198,0.00016,0.00004,0.00345,0.00004,0.00120,0.00688
1403636727.663578033447266,0.00221,0.00018,0.00286,0.00359,0.00005,0.00093,0.00983
1403636727.713577508926392,0.00257,0.00019,0.00001,0.00348,0.00016,0.00132,0.00773
1403636727.763577222824097,0.00201,0.00016,0.00284,0.00317,0.00004,0.00094,0.00916
1403636727.813577175140381,0.00201,0.00010,0.00003,0.00317,0.00004,0.00108,0.00642
1403636727.863578081130981,0.00191,0.00010,0.00011,0.00343,0.00004,0.00140,0.00699
1403636727.913577795028687,0.00209,0.00018,0.00001,0.00312,0.00000,0.00118,0.00658
1403636727.963577985763550,0.00212,0.00015,0.00001,0.00304,0.00007,0.00119,0.00659
1403636728.013577699661255,0.00188,0.00010,0.00001,0.00294,0.00082,0.00096,0.00671
1403636728.063577651977539,0.00225,0.00015,0.00021,0.00327,0.00007,0.00149,0.00744
1403636728.113577365875244,0.00205,0.00017,0.00004,0.00323,0.00052,0.00115,0.00717
1403636728.163577079772949,0.00229,0.00016,0.00001,0.00337,0.00005,0.00144,0.00731
1403636728.213577032089233,0.00204,0.00013,0.00009,0.00321,0.00003,0.00110,0.00660
1403636728.263576984405518,0.00185,0.00009,0.00161,0.00281,0.00005,0.00097,0.00739
1403636728.313576698303223,0.00164,0.00010,0.00001,0.00290,0.00048,0.00084,0.00597
1403636728.363576650619507,0.00219,0.00019,0.00272,0.00313,0.00005,0.00131,0.00960
1403636728.413575887680054,0.00199,0.00015,0.00010,0.00300,0.00042,0.00126,0.00692
1403636728.463575601577759,0.00229,0.00014,0.00003,0.00325,0.00096,0.00093,0.00760
1403636728.513575315475464,0.00229,0.00015,0.00001,0.00317,0.00000,0.00127,0.00689
1403636728.563575267791748,0.00186,0.00012,0.00003,0.00309,0.00008,0.00107,0.00625
1403636728.613574981689453,0.00216,0.00014,0.00001,0.00301,0.00049,0.00118,0.00699
1403636728.663575172424316,0.00218,0.00013,0.00024,0.00337,0.00009,0.00100,0.00702
1403636728.713575363159180,0.00185,0.00016,0.00001,0.00310,0.00006,0.00091,0.00610
1403636728.763575077056885,0.00219,0.00016,0.00001,0.00311,0.00005,0.00130,0.00683
1403636728.813575029373169,0.00207,0.00011,0.00007,0.00285,0.00004,0.00115,0.00628
1403636728.863574981689453,0.00326,0.00015,0.00098,0.00278,0.00011,0.00117,0.00845
1403636728.913574934005737,0.00231,0.00013,0.00001,0.00288,0.00014,0.00140,0.00687
1403636728.963574409484863,0.00202,0.00013,0.00261,0.00253,0.00085,0.00113,0.00926
1403636729.013574123382568,0.00156,0.00010,0.00003,0.00268,0.00003,0.00083,0.00522
1403636729.063573837280273,0.00152,0.00009,0.00002,0.00352,0.00069,0.00081,0.00666
1403636729.113573551177979,0.00223,0.00019,0.00001,0.00296,0.00000,0.00146,0.00684
1403636729.163573741912842,0.00175,0.00015,0.00001,0.00279,0.00077,0.00112,0.00660
1403636729.213573694229126,0.00223,0.00013,0.00007,0.00306,0.00006,0.00159,0.00715
1403636729.263573884963989,0.00165,0.00012,0.00001,0.00297,0.00024,0.00118,0.00616
1403636729.313574075698853,0.00216,0.00016,0.00001,0.00309,0.00005,0.00086,0.00633
1403636729.363574028015137,0.00215,0.00013,0.00001,0.00302,0.00005,0.00127,0.00662
1403636729.413573503494263,0.00182,0.00013,0.00001,0.00291,0.00077,0.00115,0.00678
1403636729.463573455810547,0.00177,0.00011,0.00091,0.00269,0.00021,0.00090,0.00660
1403636729.513573646545410,0.00135,0.00010,0.00004,0.00273,0.00022,0.00084,0.00529
1403636729.563573598861694,0.00214,0.00014,0.00294,0.00279,0.00242,0.00127,0.01171
1403636729.613573551177979,0.00202,0.00014,0.00001,0.00337,0.00043,0.00102,0.00699
1403636729.663573741912842,0.00185,0.00010,0.00041,0.00329,0.00012,0.00110,0.00687
1403636729.713573932647705,0.00179,0.00019,0.00001,0.00341,0.00000,0.00121,0.00662
1403636729.763574123382568,0.00204,0.00019,0.00014,0.00337,0.00014,0.00128,0.00716
1403636729.813574075698853,0.00201,0.00014,0.00074,0.00345,0.00003,0.00092,0.00731
1403636729.863574028015137,0.00176,0.00011,0.00026,0.00316,0.00004,0.00099,0.00632
1403636729.913573980331421,0.00198,0.00014,0.00004,0.00331,0.00093,0.00110,0.00749
1403636729.963574171066284,0.00206,0.00013,0.00022,0.00341,0.00003,0.00124,0.00710
1403636730.013574123382568,0.00177,0.00017,0.00001,0.00327,0.00003,0.00113,0.00638
1403636730.063574075698853,0.00206,0.00013,0.00159,0.00337,0.00007,0.00125,0.00848
1403636730.113574028015137,0.00169,0.00014,0.00004,0.00328,0.00013,0.00116,0.00644
1403636730.163573980331421,0.00204,0.00014,0.00234,0.00329,0.00050,0.00125,0.00955
1403636730.213574171066284,0.00169,0.00015,0.00001,0.00327,0.00003,0.00126,0.00641
1403636730.263574361801147,0.00210,0.00014,0.00001,0.00334,0.00049,0.00123,0.00730
1403636730.313574314117432,0.00171,0.00014,0.00008,0.00327,0.00001,0.00110,0.00631
1403636730.363574266433716,0.00215,0.00016,0.00001,0.00328,0.00006,0.00132,0.00697
1403636730.413573980331421,0.00202,0.00010,0.00004,0.00339,0.00081,0.00105,0.00741
1403636730.463573932647705,0.00192,0.00011,0.00038,0.00329,0.00004,0.00098,0.00671
1403636730.513573884963989,0.00193,0.00010,0.00001,0.00358,0.00005,0.00126,0.00692
1403636730.563573598861694,0.00159,0.00010,0.00104,0.00316,0.00005,0.00093,0.00688
1403636730.613573789596558,0.00151,0.00009,0.00001,0.00318,0.00004,0.00079,0.00562
1403636730.663573741912842,0.00122,0.00009,0.00093,0.00309,0.00007,0.00079,0.00618
1403636730.713572740554810,0.00216,0.00019,0.00001,0.00340,0.00015,0.00140,0.00732
1403636730.763571262359619,0.00179,0.00013,0.00214,0.00301,0.00110,0.00118,0.00936
1403636730.813570737838745,0.00202,0.00017,0.00001,0.00326,0.00003,0.00132,0.00682
1403636730.863571166992188,0.00162,0.00016,0.00006,0.00297,0.00003,0.00108,0.00592
1403636730.913570165634155,0.00210,0.00019,0.00011,0.00305,0.00026,0.00118,0.00691
1403636730.963570356369019,0.00168,0.00014,0.00009,0.00293,0.00025,0.00143,0.00653
1403636731.013569116592407,0.00207,0.00013,0.00001,0.00313,0.00005,0.00126,0.00665
1403636731.063567638397217,0.00167,0.00015,0.00030,0.00297,0.00010,0.00111,0.00631
1403636731.113566160202026,0.00144,0.00010,0.00001,0.00290,0.00004,0.00080,0.00529
1403636731.163566350936890,0.00206,0.00013,0.00001,0.00315,0.00116,0.00082,0.00733
1403636731.213566303253174,0.00129,0.00015,0.00001,0.00317,0.00004,0.00096,0.00561
1403636731.263566493988037,0.00204,0.00016,0.00042,0.00319,0.00016,0.00121,0.00719
1403636731.313567399978638,0.00190,0.00010,0.00001,0.00327,0.00014,0.00109,0.00650
1403636731.363568305969238,0.00186,0.00011,0.00052,0.00320,0.00005,0.00096,0.00670
1403636731.413568973541260,0.00199,0.00016,0.00001,0.00324,0.00003,0.00117,0.00659
1403636731.463568687438965,0.00142,0.00009,0.00001,0.00310,0.00005,0.00084,0.00551
1403636731.513568639755249,0.00144,0.00010,0.00001,0.00308,0.00004,0.00078,0.00544
1403636731.563568115234375,0.00131,0.00009,0.00001,0.00315,0.00005,0.00088,0.00548
1403636731.613568305969238,0.00150,0.00010,0.00001,0.00308,0.00005,0.00080,0.00554
1403636731.663568019866943,0.00133,0.00010,0.00026,0.00308,0.00005,0.00082,0.00564
1403636731.713568449020386,0.00128,0.00009,0.00001,0.00306,0.00004,0.00081,0.00529
1403636731.763568162918091,0.00207,0.00014,0.00001,0.00331,0.00005,0.00127,0.00684
1403636731.813568115234375,0.00174,0.00013,0.00001,0.00319,0.00003,0.00115,0.00625
1403636731.863567829132080,0.00212,0.00014,0.00035,0.00337,0.00006,0.00095,0.00698
1403636731.913567781448364,0.00209,0.00014,0.00001,0.00305,0.00014,0.00125,0.00668
1403636731.963568210601807,0.00185,0.00010,0.00029,0.00289,0.00014,0.00098,0.00625
1403636732.013567924499512,0.00193,0.00010,0.00008,0.00303,0.00005,0.00098,0.00615
1403636732.063568115234375,0.00194,0.00010,0.00007,0.00296,0.00014,0.00094,0.00614
1403636732.113567829132080,0.00210,0.00017,0.00001,0.00331,0.00027,0.00133,0.00719
1403636732.163568019866943,0.00148,0.00010,0.00001,0.00323,0.00015,0.00086,0.00583
1403636732.213568210601807,0.00202,0.00019,0.00010,0.00295,0.00006,0.00118,0.00651
1403636732.263568162918091,0.00151,0.00015,0.00162,0.00262,0.00022,0.00125,0.00737
1403636732.313567876815796,0.00202,0.00018,0.00001,0.00303,0.00004,0.00093,0.00621
1403636732.363567829132080,0.00154,0.00010,0.00007,0.00281,0.00005,0.00085,0.00542
1403636732.413568496704102,0.00152,0.00009,0.00001,0.00275,0.00003,0.00086,0.00526
1403636732.463569402694702,0.00215,0.00016,0.00236,0.00312,0.00012,0.00131,0.00922
1403636732.513569831848145,0.00198,0.00010,0.00001,0.00288,0.00017,0.00132,0.00645
1403636732.563570022583008,0.00200,0.00013,0.00044,0.00292,0.00087,0.00126,0.00761
1403636732.613570451736450,0.00175,0.00014,0.00001,0.00308,0.00005,0.00123,0.00626
1403636732.663570642471313,0.00203,0.00017,0.00001,0.00310,0.00004,0.00130,0.00666
1403636732.713570594787598,0.00161,0.00014,0.00001,0.00308,0.00025,0.00118,0.00626
1403636732.763570070266724,0.00193,0.00014,0.00001,0.00307,0.00005,0.00126,0.00645
1403636732.813570261001587,0.00158,0.00015,0.00001,0.00302,0.00078,0.00119,0.00673
1403636732.863569974899292,0.00139,0.00011,0.00024,0.00301,0.00007,0.00078,0.00561
1403636732.913569688796997,0.00153,0.00011,0.00001,0.00304,0.00004,0.00086,0.00559
1403636732.963569641113281,0.00126,0.00010,0.00001,0.00300,0.00005,0.00085,0.00527
1403636733.013569593429565,0.00209,0.00014,0.00001,0.00324,0.00004,0.00123,0.00674
1403636733.063569545745850,0.00184,0.00014,0.00032,0.00311,0.00007,0.00121,0.00670
1403636733.113569498062134,0.00143,0.00009,0.00001,0.00307,0.00014,0.00077,0.00550
1403636733.163569450378418,0.00193,0.00015,0.00030,0.00314,0.00007,0.00127,0.00686
1403636733.213569402694702,0.00501,0.00015,0.00001,0.00304,0.00005,0.00118,0.00944
1403636733.263568878173828,0.00200,0.00015,0.00001,0.00314,0.00004,0.00154,0.00688
1403636733.313568592071533,0.00140,0.00010,0.00001,0.00293,0.00085,0.00099,0.00629
1403636733.363568544387817,0.00204,0.00014,0.00001,0.00316,0.00022,0.00128,0.00685
1403636733.413568735122681,0.00159,0.00015,0.00006,0.00296,0.00006,0.00114,0.00596
1403636733.463568925857544,0.00224,0.00014,0.00026,0.00286,0.00013,0.00150,0.00714
1403636733.513568878173828,0.00177,0.00015,0.00005,0.00279,0.00006,0.00122,0.00604
1403636733.563568830490112,0.00219,0.00014,0.00010,0.00296,0.00004,0.00129,0.00671
1403636733.613569021224976,0.00199,0.00010,0.00001,0.00291,0.00004,0.00105,0.00611
1403636733.663569450378418,0.00171,0.00013,0.00026,0.00264,0.00026,0.00116,0.00617
1403636733.713569879531860,0.00238,0.00014,0.00004,0.00285,0.00013,0.00163,0.00716
1403636733.763570547103882,0.00169,0.00014,0.00081,0.00251,0.00015,0.00112,0.00641
1403636733.813569784164429,0.00212,0.00015,0.00001,0.00264,0.00003,0.00136,0.00630
1403636733.863570451736450,0.00196,0.00011,0.00001,0.00240,0.00004,0.00098,0.00551
1403636733.913570642471313,0.00183,0.00009,0.00008,0.00239,0.00015,0.00098,0.00553
1403636733.963571548461914,0.00177,0.00013,0.00001,0.00247,0.00017,0.00120,0.00575
1403636734.013571739196777,0.00146,0.00009,0.00001,0.00227,0.00018,0.00080,0.00481
1403636734.063571929931641,0.00362,0.00014,0.00001,0.00223,0.00035,0.00102,0.00737
1403636734.113571643829346,0.00192,0.00009,0.00004,0.00225,0.00017,0.00102,0.00549
1403636734.163571357727051,0.00197,0.00010,0.00003,0.00217,0.00006,0.00097,0.00530
1403636734.213571548461914,0.00282,0.00013,0.00010,0.00231,0.00004,0.00155,0.00696
1403636734.263571500778198,0.00228,0.00012,0.00013,0.00202,0.00036,0.00140,0.00631
1403636734.313570499420166,0.00254,0.00010,0.00036,0.00192,0.00012,0.00114,0.00618
1403636734.363570213317871,0.00195,0.00012,0.00021,0.00200,0.00084,0.00105,0.00617
1403636734.413569927215576,0.00278,0.00016,0.00004,0.00224,0.00002,0.00157,0.00682
1403636734.463569641113281,0.00263,0.00010,0.00011,0.00246,0.00004,0.00133,0.00668
1403636734.513569831848145,0.00231,0.00009,0.00011,0.00194,0.00077,0.00124,0.00648
1403636734.563569545745850,0.00234,0.00012,0.00001,0.00202,0.00015,0.00122,0.00586
1403636734.613568782806396,0.00262,0.00018,0.00811,0.00247,0.00562,0.00139,0.02039
1403636734.663568735122681,0.00280,0.00018,0.00641,0.00283,0.00011,0.00110,0.01342
1403636734.713568925857544,0.00253,0.00015,0.00001,0.00300,0.00065,0.00151,0.00784
1403636734.763568162918091,0.00253,0.00013,0.00001,0.00308,0.00018,0.00131,0.00725
1403636734.813568115234375,0.00201,0.00009,0.00001,0.00297,0.00004,0.00101,0.00613
1403636734.863567352294922,0.00272,0.00018,0.00100,0.00314,0.00021,0.00149,0.00875
1403636734.913567304611206,0.00249,0.00011,0.00001,0.00314,0.00014,0.00132,0.00721
1403636734.963567495346069,0.00246,0.00012,0.00015,0.00325,0.00008,0.00127,0.00734
1403636735.013567447662354,0.00237,0.00018,0.00001,0.00306,0.00003,0.00134,0.00699
1403636735.063567399978638,0.00272,0.00010,0.00001,0.00292,0.00005,0.00105,0.00684
1403636735.113567590713501,0.00172,0.00009,0.00001,0.00291,0.00014,0.00098,0.00585
1403636735.163567543029785,0.00267,0.00021,0.00004,0.00321,0.00082,0.00169,0.00864
1403636735.213567495346069,0.00249,0.00015,0.00811,0.00295,0.00045,0.00137,0.01550
1403636735.313567638397217,0.00272,0.00018,0.00577,0.00316,0.00006,0.00139,0.01330
1403636735.363567113876343,0.00260,0.00016,0.00009,0.00330,0.00005,0.00129,0.00749
1403636735.413565635681152,0.00275,0.00015,0.00008,0.00314,0.00078,0.00143,0.00834
1403636735.463565111160278,0.00228,0.00014,0.00001,0.00285,0.00004,0.00131,0.00663
1403636735.513565063476562,0.00263,0.00016,0.00057,0.00276,0.00008,0.00152,0.00773
1403636735.563563585281372,0.00226,0.00014,0.00012,0.00266,0.00017,0.00123,0.00658
1403636735.613563060760498,0.00262,0.00015,0.00021,0.00249,0.00012,0.00135,0.00695
1403636735.663562536239624,0.00229,0.00015,0.00008,0.00227,0.00003,0.00132,0.00614
1403636735.713564157485962,0.00261,0.00016,0.00011,0.00234,0.00005,0.00148,0.00675
1403636735.763565540313721,0.00238,0.00014,0.00006,0.00228,0.00016,0.00147,0.00649
1403636735.813565254211426,0.00184,0.00009,0.00001,0.00218,0.00003,0.00105,0.00521
1403636735.863566398620605,0.00252,0.00016,0.00515,0.00218,0.00449,0.00187,0.01637
1403636735.913567543029785,0.00243,0.00013,0.00487,0.00314,0.00013,0.00135,0.01205
1403636735.963567018508911,0.00236,0.00010,0.00001,0.00287,0.00007,0.00109,0.00650
1403636736.013566970825195,0.00267,0.00014,0.00001,0.00297,0.00005,0.00152,0.00737
1403636736.063566446304321,0.00250,0.00010,0.00001,0.00292,0.00003,0.00121,0.00677
1403636736.113566875457764,0.00239,0.00019,0.00036,0.00257,0.00078,0.00126,0.00755
1403636736.163566589355469,0.00306,0.00021,0.00001,0.00278,0.00151,0.00143,0.00899
1403636736.213566541671753,0.00239,0.00014,0.00019,0.00278,0.00010,0.00115,0.00675
1403636736.263566493988037,0.00253,0.00018,0.00001,0.00278,0.00005,0.00129,0.00684
1403636736.313566446304321,0.00229,0.00009,0.00007,0.00260,0.00007,0.00107,0.00620
1403636736.363566398620605,0.00269,0.00017,0.00006,0.00269,0.00086,0.00143,0.00791
1403636736.413566112518311,0.00237,0.00009,0.00003,0.00274,0.00003,0.00122,0.00648
1403636736.463566780090332,0.00221,0.00015,0.00324,0.00250,0.00216,0.00121,0.01148
1403636736.513567209243774,0.00197,0.00009,0.00453,0.00281,0.00011,0.00096,0.01047
1403636736.563567638397217,0.00267,0.00018,0.00002,0.00309,0.00006,0.00151,0.00754
1403636736.613567352294922,0.00221,0.00015,0.00007,0.00292,0.00006,0.00130,0.00672
1403636736.663567781448364,0.00255,0.00018,0.00001,0.00296,0.00004,0.00185,0.00759
1403636736.713568449020386,0.00203,0.00016,0.00025,0.00287,0.00012,0.00141,0.00684
1403636736.763566732406616,0.00255,0.00018,0.00008,0.00288,0.00016,0.00143,0.00729
1403636736.813567161560059,0.00210,0.00016,0.00011,0.00278,0.00075,0.00140,0.00731
1403636736.863567113876343,0.00219,0.00016,0.00001,0.00278,0.00004,0.00110,0.00628
1403636736.913567781448364,0.00169,0.00009,0.00001,0.00271,0.00109,0.00097,0.00655
1403636736.963567972183228,0.00264,0.00019,0.00004,0.00304,0.00004,0.00153,0.00748
1403636737.013566732406616,0.00238,0.00016,0.00010,0.00278,0.00004,0.00114,0.00660
1403636737.063567876815796,0.00269,0.00010,0.00455,0.00292,0.00036,0.00135,0.01198
1403636737.113568067550659,0.00191,0.00016,0.00469,0.00267,0.00024,0.00110,0.01077
1403636737.163568258285522,0.00211,0.00009,0.00001,0.00303,0.00005,0.00096,0.00626
1403636737.213568449020386,0.00179,0.00009,0.00003,0.00262,0.00070,0.00099,0.00622
1403636737.263568162918091,0.00250,0.00017,0.00014,0.00312,0.00005,0.00151,0.00750
1403636737.313567876815796,0.00209,0.00011,0.00033,0.00261,0.00077,0.00118,0.00708
1403636737.363567590713501,0.00214,0.00009,0.00001,0.00261,0.00080,0.00095,0.00661
1403636737.413567066192627,0.00255,0.00018,0.00023,0.00278,0.00088,0.00144,0.00806
1403636737.463566303253174,0.00246,0.00014,0.00010,0.00313,0.00040,0.00120,0.00743
1403636737.513567209243774,0.00217,0.00018,0.00004,0.00296,0.00074,0.00133,0.00743
1403636737.563567638397217,0.00183,0.00015,0.00003,0.00357,0.00004,0.00145,0.00707
1403636737.613568782806396,0.00195,0.00011,0.00001,0.00296,0.00005,0.00125,0.00633
1403636737.663570165634155,0.00259,0.00018,0.00495,0.00293,0.00086,0.00103,0.01254
1403636737.713570594787598,0.00178,0.00014,0.00484,0.00304,0.00009,0.00102,0.01091
1403636737.763571500778198,0.00184,0.00010,0.00001,0.00297,0.00004,0.00113,0.00610
1403636737.813572406768799,0.00251,0.00016,0.00001,0.00294,0.00005,0.00146,0.00712
1403636737.863573551177979,0.00219,0.00009,0.00009,0.00300,0.00006,0.00120,0.00663
1403636737.913574457168579,0.00246,0.00025,0.00049,0.00319,0.00015,0.00135,0.00789
1403636737.963574886322021,0.00235,0.00015,0.00001,0.00273,0.00019,0.00139,0.00682
1403636738.013575553894043,0.00225,0.00017,0.00013,0.00242,0.00016,0.00134,0.00648
1403636738.063576698303223,0.00248,0.00020,0.00011,0.00230,0.00008,0.00142,0.00659
1403636738.113576412200928,0.00232,0.00013,0.00002,0.00205,0.00005,0.00112,0.00569
1403636738.163576602935791,0.00220,0.00013,0.00008,0.00216,0.00012,0.00108,0.00577
1403636738.213576793670654,0.00225,0.00014,0.00001,0.00225,0.00008,0.00135,0.00607
1403636738.263576984405518,0.00237,0.00015,0.00217,0.00232,0.00361,0.00100,0.01162
1403636738.313577651977539,0.00182,0.00015,0.00452,0.00252,0.00026,0.00121,0.01048
1403636738.363577604293823,0.00238,0.00017,0.00001,0.00289,0.00005,0.00163,0.00714
1403636738.413577795028687,0.00223,0.00013,0.00013,0.00267,0.00005,0.00132,0.00654
1403636738.463577985763550,0.00218,0.00012,0.00001,0.00266,0.00007,0.00115,0.00620
1403636738.513577699661255,0.00226,0.00012,0.00023,0.00249,0.00082,0.00116,0.00707
1403636738.563577413558960,0.00218,0.00010,0.00001,0.00255,0.00014,0.00114,0.00611
1403636738.613577127456665,0.00214,0.00019,0.00025,0.00295,0.00026,0.00134,0.00714
1403636738.663576126098633,0.00239,0.00017,0.00001,0.00262,0.00009,0.00135,0.00662
1403636738.713575363159180,0.00204,0.00017,0.00001,0.00259,0.00008,0.00129,0.00619
1403636738.763573884963989,0.00244,0.00017,0.00001,0.00261,0.00006,0.00137,0.00666
1403636738.813572883605957,0.00231,0.00009,0.00005,0.00296,0.00008,0.00139,0.00689
1403636738.863571643829346,0.00202,0.00009,0.00026,0.00248,0.00027,0.00098,0.00611
1403636738.913570880889893,0.00203,0.00010,0.00091,0.00229,0.00026,0.00093,0.00652
1403636738.963570833206177,0.00167,0.00009,0.00001,0.00234,0.00004,0.00088,0.00503
1403636739.013569593429565,0.00250,0.00018,0.00008,0.00252,0.00008,0.00139,0.00675
1403636739.063569307327271,0.00235,0.00012,0.00001,0.00249,0.00007,0.00120,0.00624
1403636739.113568544387817,0.00221,0.00009,0.00018,0.00242,0.00018,0.00108,0.00617
1403636739.163568973541260,0.00261,0.00015,0.00007,0.00254,0.00000,0.00149,0.00687
1403636739.213568925857544,0.00180,0.00009,0.00005,0.00233,0.00082,0.00099,0.00609
1403636739.263568401336670,0.00240,0.00018,0.00004,0.00278,0.00010,0.00144,0.00693
1403636739.313568115234375,0.00199,0.00015,0.00004,0.00259,0.00002,0.00123,0.00602
1403636739.363567113876343,0.00251,0.00015,0.00001,0.00301,0.00006,0.00157,0.00731
1403636739.413566827774048,0.00211,0.00014,0.00001,0.00247,0.00005,0.00122,0.00600
1403636739.463566780090332,0.00238,0.00016,0.00228,0.00227,0.00166,0.00134,0.01010
1403636739.513566493988037,0.00204,0.00014,0.00358,0.00237,0.00039,0.00122,0.00974
1403636739.563565731048584,0.00186,0.00011,0.00004,0.00205,0.00004,0.00098,0.00508
1403636739.613566160202026,0.00152,0.00009,0.00007,0.00191,0.00010,0.00095,0.00464
1403636739.663566350936890,0.00249,0.00014,0.00001,0.00215,0.00021,0.00166,0.00666
1403636739.713567256927490,0.00287,0.00019,0.00010,0.00257,0.00096,0.00120,0.00790
1403636739.763568401336670,0.00223,0.00013,0.00001,0.00212,0.00000,0.00114,0.00562
1403636739.813569307327271,0.00202,0.00012,0.00004,0.00226,0.00028,0.00104,0.00576
1403636739.863570451736450,0.00204,0.00015,0.00001,0.00188,0.00069,0.00118,0.00596
1403636739.913571357727051,0.00172,0.00009,0.00001,0.00191,0.00002,0.00092,0.00467
1403636739.963571786880493,0.00242,0.00016,0.00004,0.00198,0.00005,0.00147,0.00613
1403636740.013571977615356,0.00213,0.00009,0.00001,0.00180,0.00005,0.00106,0.00514
1403636740.063571691513062,0.00212,0.00009,0.00010,0.00184,0.00231,0.00102,0.00748
1403636740.113570451736450,0.00209,0.00014,0.00285,0.00201,0.00171,0.00119,0.00999
1403636740.163570165634155,0.00234,0.00014,0.00001,0.00241,0.00005,0.00141,0.00636
1403636740.213569402694702,0.00193,0.00015,0.00001,0.00230,0.00078,0.00115,0.00632
1403636740.263568878173828,0.00232,0.00016,0.00001,0.00281,0.00078,0.00139,0.00748
1403636740.313567638397217,0.00186,0.00016,0.00017,0.00235,0.00020,0.00120,0.00594
1403636740.363566637039185,0.00256,0.00024,0.00006,0.00252,0.00002,0.00098,0.00639
1403636740.413566350936890,0.00154,0.00013,0.00001,0.00227,0.00020,0.00095,0.00510
1403636740.463566303253174,0.00233,0.00017,0.00001,0.00259,0.00011,0.00150,0.00670
1403636740.513565778732300,0.00221,0.00010,0.00001,0.00233,0.00003,0.00110,0.00578
1403636740.563565492630005,0.00187,0.00017,0.00001,0.00281,0.00075,0.00124,0.00684
1403636740.613565206527710,0.00220,0.00016,0.00001,0.00259,0.00005,0.00138,0.00639
1403636740.663565874099731,0.00213,0.00013,0.00017,0.00247,0.00034,0.00110,0.00634
1403636740.713566541671753,0.00210,0.00017,0.00316,0.00235,0.00043,0.00130,0.00951
1403636740.763566493988037,0.00166,0.00009,0.00001,0.00234,0.00004,0.00088,0.00503
1403636740.813566446304321,0.00221,0.00019,0.00001,0.00253,0.00010,0.00175,0.00679
1403636740.863566160202026,0.00202,0.00013,0.00001,0.00248,0.00005,0.00107,0.00577
1403636740.913566112518311,0.00205,0.00009,0.00017,0.00244,0.00020,0.00100,0.00596
1403636740.963566303253174,0.00202,0.00016,0.00001,0.00243,0.00015,0.00105,0.00582
1403636741.013566255569458,0.00208,0.00017,0.00005,0.00244,0.00028,0.00123,0.00626
1403636741.063565969467163,0.00238,0.00016,0.00001,0.00255,0.00006,0.00132,0.00648
1403636741.113565444946289,0.00194,0.00017,0.00001,0.00236,0.00004,0.00134,0.00586
1403636741.163564682006836,0.00232,0.00016,0.00007,0.00222,0.00069,0.00139,0.00687
1403636741.213564872741699,0.00194,0.00017,0.00016,0.00218,0.00005,0.00116,0.00566
1403636741.263565301895142,0.00167,0.00009,0.00017,0.00207,0.00156,0.00096,0.00653
1403636741.313565492630005,0.00226,0.00017,0.00334,0.00236,0.00172,0.00135,0.01119
1403636741.363564252853394,0.00214,0.00013,0.00001,0.00229,0.00004,0.00100,0.00561
1403636741.413563728332520,0.00222,0.00011,0.00003,0.00229,0.00086,0.00150,0.00701
1403636741.463563203811646,0.00199,0.00013,0.00013,0.00265,0.00011,0.00123,0.00624
1403636741.513563156127930,0.00267,0.00016,0.00016,0.00247,0.00431,0.00130,0.01107
1403636741.563563108444214,0.00209,0.00013,0.00001,0.00325,0.00000,0.00104,0.00652
1403636741.613563776016235,0.00216,0.00018,0.00201,0.00307,0.00061,0.00124,0.00926
1403636741.663564920425415,0.00238,0.00015,0.00001,0.00353,0.00046,0.00128,0.00782
1403636741.713567256927490,0.00201,0.00013,0.00001,0.00363,0.00042,0.00110,0.00730
1403636741.763568878173828,0.00200,0.00013,0.00001,0.00356,0.00000,0.00103,0.00673
1403636741.813569784164429,0.00207,0.00011,0.00075,0.00371,0.00002,0.00115,0.00781
1403636741.863570928573608,0.00197,0.00013,0.00188,0.00343,0.00004,0.00112,0.00857
1403636741.913571119308472,0.00193,0.00014,0.00344,0.00339,0.00005,0.00096,0.00991
1403636741.963571071624756,0.00200,0.00011,0.00001,0.00352,0.00004,0.00105,0.00673
1403636742.013571023941040,0.00204,0.00018,0.00006,0.00345,0.00005,0.00116,0.00694
1403636742.063570737838745,0.00224,0.00016,0.00077,0.00351,0.00085,0.00140,0.00893
1403636742.113570451736450,0.00190,0.00021,0.00020,0.00365,0.00003,0.00125,0.00724
1403636742.163570642471313,0.00237,0.00017,0.00001,0.00365,0.00000,0.00133,0.00752
1403636742.213570594787598,0.00178,0.00017,0.00030,0.00347,0.00003,0.00115,0.00691
1403636742.263570547103882,0.00218,0.00015,0.00020,0.00353,0.00004,0.00139,0.00749
1403636742.313571453094482,0.00177,0.00016,0.00001,0.00374,0.00000,0.00115,0.00682
1403636742.363572597503662,0.00232,0.00018,0.00001,0.00348,0.00000,0.00138,0.00737
1403636742.413573265075684,0.00171,0.00017,0.00071,0.00332,0.00005,0.00117,0.00713
1403636742.463574647903442,0.00217,0.00017,0.00162,0.00339,0.00005,0.00137,0.00877
1403636742.513573408126831,0.00176,0.00015,0.00302,0.00319,0.00005,0.00110,0.00929
1403636742.563572883605957,0.00164,0.00010,0.00001,0.00326,0.00004,0.00081,0.00586
1403636742.613573074340820,0.00132,0.00009,0.00001,0.00367,0.00005,0.00083,0.00597
1403636742.663572549819946,0.00226,0.00020,0.00075,0.00375,0.00005,0.00135,0.00835
1403636742.713572502136230,0.00187,0.00015,0.00017,0.00337,0.00006,0.00118,0.00680
1403636742.763571262359619,0.00225,0.00012,0.00003,0.00330,0.00000,0.00085,0.00655
1403636742.813570976257324,0.00204,0.00014,0.00012,0.00368,0.00005,0.00141,0.00745
1403636742.863569259643555,0.00193,0.00016,0.00004,0.00337,0.00005,0.00112,0.00668
1403636742.913568973541260,0.00150,0.00015,0.00001,0.00325,0.00000,0.00089,0.00579
1403636742.963567733764648,0.00139,0.00009,0.00001,0.00329,0.00000,0.00080,0.00558
1403636743.013566017150879,0.00220,0.00018,0.00075,0.00328,0.00005,0.00130,0.00776
1403636743.063564300537109,0.00176,0.00016,0.00026,0.00334,0.00005,0.00111,0.00667
1403636743.113562345504761,0.00232,0.00017,0.00292,0.00339,0.00007,0.00125,0.01012
1403636743.163561582565308,0.00181,0.00016,0.00015,0.00320,0.00004,0.00111,0.00647
1403636743.213561534881592,0.00222,0.00017,0.00001,0.00333,0.00003,0.00129,0.00705
1403636743.263560771942139,0.00174,0.00016,0.00018,0.00311,0.00075,0.00102,0.00696
1403636743.313560485839844,0.00164,0.00010,0.00020,0.00298,0.00006,0.00083,0.00581
1403636743.363559246063232,0.00215,0.00018,0.00001,0.00321,0.00000,0.00153,0.00709
1403636743.413558483123779,0.00201,0.00015,0.00020,0.00300,0.00011,0.00127,0.00674
1403636743.463556766510010,0.00205,0.00010,0.00001,0.00342,0.00007,0.00102,0.00666
1403636743.513555288314819,0.00186,0.00011,0.00009,0.00278,0.00000,0.00108,0.00592
1403636743.563552856445312,0.00191,0.00009,0.00001,0.00292,0.00000,0.00105,0.00599
1403636743.613553047180176,0.00188,0.00016,0.00010,0.00270,0.00074,0.00110,0.00668
1403636743.663552761077881,0.00221,0.00016,0.00015,0.00297,0.00018,0.00121,0.00688
1403636743.713552236557007,0.00178,0.00015,0.00265,0.00312,0.00035,0.00112,0.00916
1403636743.763551950454712,0.00180,0.00009,0.00001,0.00279,0.00004,0.00084,0.00557
1403636743.813552141189575,0.00131,0.00009,0.00001,0.00277,0.00002,0.00085,0.00506
1403636743.863552331924438,0.00219,0.00017,0.00001,0.00288,0.00007,0.00130,0.00662
1403636743.913552522659302,0.00198,0.00010,0.00006,0.00282,0.00014,0.00102,0.00612
1403636743.963552951812744,0.00183,0.00016,0.00007,0.00267,0.00002,0.00110,0.00584
1403636744.013553619384766,0.00218,0.00015,0.00001,0.00259,0.00056,0.00119,0.00668
1403636744.063554525375366,0.00206,0.00011,0.00011,0.00276,0.00008,0.00130,0.00641
1403636744.113554477691650,0.00212,0.00013,0.00007,0.00252,0.00037,0.00123,0.00643
1403636744.163554430007935,0.00221,0.00017,0.00023,0.00246,0.00001,0.00133,0.00641
1403636744.213554620742798,0.00214,0.00017,0.00001,0.00233,0.00005,0.00118,0.00587
1403636744.263554811477661,0.00184,0.00011,0.00019,0.00276,0.00288,0.00096,0.00876
1403636744.313554763793945,0.00217,0.00010,0.00259,0.00245,0.00035,0.00097,0.00863
1403636744.363554716110229,0.00216,0.00017,0.00001,0.00251,0.00006,0.00129,0.00619
1403636744.413554906845093,0.00290,0.00017,0.00019,0.00224,0.00015,0.00129,0.00695
1403636744.513555049896240,0.00249,0.00020,0.00011,0.00284,0.00073,0.00126,0.00764
1403636744.563555479049683,0.00247,0.00014,0.00009,0.00238,0.00359,0.00126,0.00993
1403636744.613555431365967,0.00367,0.00012,0.00003,0.00303,0.00014,0.00116,0.00814
1403636744.663555145263672,0.00243,0.00012,0.00263,0.00296,0.00090,0.00144,0.01048
1403636744.713555574417114,0.00254,0.00014,0.00039,0.00252,0.00087,0.00128,0.00775
1403636744.763555765151978,0.00259,0.00014,0.00063,0.00260,0.00085,0.00139,0.00819
1403636744.813555717468262,0.00259,0.00021,0.00038,0.00229,0.00038,0.00131,0.00716
1403636744.863555908203125,0.00224,0.00012,0.00036,0.00236,0.00015,0.00110,0.00633
1403636744.913555860519409,0.00232,0.00009,0.00078,0.00213,0.00290,0.00107,0.00930
1403636744.963556051254272,0.00252,0.00018,0.00201,0.00248,0.00237,0.00130,0.01086
1403636745.013556480407715,0.00246,0.00016,0.00295,0.00312,0.00154,0.00122,0.01147
1403636745.063555955886841,0.00206,0.00011,0.00069,0.00293,0.00000,0.00098,0.00677
1403636745.113555669784546,0.00220,0.00010,0.00084,0.00276,0.00003,0.00102,0.00694
1403636745.163555383682251,0.00201,0.00011,0.01047,0.00272,0.00210,0.00092,0.01834
1403636745.213555812835693,0.00195,0.00009,0.00004,0.00301,0.00012,0.00093,0.00614
1403636745.263556003570557,0.00198,0.00011,0.00074,0.00307,0.00085,0.00094,0.00769
1403636745.313557147979736,0.00209,0.00021,0.00007,0.00323,0.00026,0.00130,0.00716
1403636745.363558053970337,0.00187,0.00012,0.00075,0.00336,0.00091,0.00108,0.00810
1403636745.413558959960938,0.00153,0.00010,0.00016,0.00341,0.00075,0.00094,0.00688
1403636745.463559865951538,0.00133,0.00009,0.00195,0.00366,0.00000,0.00089,0.00792
1403636745.513560295104980,0.00133,0.00010,0.00034,0.00355,0.00000,0.00089,0.00620
1403636745.563559770584106,0.00134,0.00010,0.00117,0.00351,0.00000,0.00088,0.00699
1403636745.613559246063232,0.00136,0.00010,0.00063,0.00322,0.00002,0.00086,0.00620
1403636745.663558959960938,0.00145,0.00009,0.00001,0.00332,0.00003,0.00088,0.00579
1403636745.713559150695801,0.00166,0.00010,0.00007,0.00333,0.00075,0.00089,0.00679
1403636745.763557434082031,0.00144,0.00009,0.00883,0.00342,0.00003,0.00085,0.01466
1403636745.813557386398315,0.00154,0.00011,0.00071,0.00362,0.00041,0.00108,0.00747
1403636745.863556861877441,0.00178,0.00011,0.00010,0.00388,0.00000,0.00140,0.00727
1403636745.913556575775146,0.00171,0.00014,0.00021,0.00349,0.00000,0.00108,0.00664
1403636745.963556289672852,0.00243,0.00021,0.00026,0.00353,0.00000,0.00129,0.00770
1403636746.013556003570557,0.00206,0.00019,0.00005,0.00357,0.00000,0.00132,0.00718
1403636746.063555955886841,0.00241,0.00019,0.00088,0.00330,0.00000,0.00121,0.00800
1403636746.113555669784546,0.00223,0.00018,0.00023,0.00365,0.00015,0.00131,0.00775
1403636746.163554906845093,0.00222,0.00021,0.00110,0.00312,0.00006,0.00130,0.00801
1403636746.213554382324219,0.00215,0.00018,0.00005,0.00332,0.00003,0.00138,0.00713
1403636746.263551473617554,0.00222,0.00020,0.00001,0.00324,0.00003,0.00132,0.00701
1403636746.313549518585205,0.00210,0.00019,0.00004,0.00331,0.00002,0.00133,0.00699
1403636746.363547325134277,0.00222,0.00018,0.00920,0.00305,0.00007,0.00125,0.01597
1403636746.413548231124878,0.00216,0.00010,0.00001,0.00317,0.00000,0.00095,0.00638
1403636746.463550090789795,0.00212,0.00019,0.00006,0.00329,0.00005,0.00130,0.00702
1403636746.513551950454712,0.00194,0.00010,0.00004,0.00325,0.00006,0.00095,0.00634
1403636746.563553571701050,0.00225,0.00019,0.00004,0.00320,0.00016,0.00130,0.00714
1403636746.613554954528809,0.00221,0.00019,0.00001,0.00342,0.00004,0.00135,0.00721
1403636746.663555622100830,0.00198,0.00010,0.00009,0.00308,0.00076,0.00094,0.00696
1403636746.713556051254272,0.00187,0.00010,0.00010,0.00480,0.00005,0.00094,0.00785
1403636746.813556194305420,0.00189,0.00015,0.00083,0.00302,0.00004,0.00092,0.00686
1403636746.863555669784546,0.00210,0.00019,0.00006,0.00303,0.00005,0.00129,0.00672
1403636746.913555383682251,0.00214,0.00010,0.00008,0.00294,0.00002,0.00100,0.00629
1403636746.963555812835693,0.00206,0.00018,0.00011,0.00350,0.00003,0.00128,0.00715
1403636747.013555049896240,0.00215,0.00018,0.00748,0.00280,0.00076,0.00107,0.01444
1403636747.063555002212524,0.00211,0.00011,0.00001,0.00356,0.00000,0.00091,0.00669
1403636747.113554716110229,0.00223,0.00018,0.00005,0.00318,0.00007,0.00125,0.00695
1403636747.163554430007935,0.00275,0.00017,0.00001,0.00319,0.00005,0.00119,0.00737
1403636747.213554620742798,0.00198,0.00010,0.00001,0.00303,0.00014,0.00100,0.00626
1403636747.263555049896240,0.00231,0.00020,0.00004,0.00327,0.00003,0.00126,0.00711
1403636747.313555479049683,0.00189,0.00010,0.00001,0.00310,0.00006,0.00111,0.00627
1403636747.363556385040283,0.00212,0.00016,0.00007,0.00325,0.00007,0.00136,0.00702
1403636747.413557529449463,0.00202,0.00021,0.00040,0.00316,0.00006,0.00131,0.00715
1403636747.463559627532959,0.00191,0.00015,0.00050,0.00537,0.00068,0.00141,0.01002
1403636747.513561964035034,0.00204,0.00010,0.00001,0.00330,0.00004,0.00109,0.00659
1403636747.563563108444214,0.00199,0.00013,0.00003,0.00312,0.00016,0.00098,0.00641
1403636747.613571166992188,0.00182,0.00013,0.00919,0.00286,0.00008,0.00128,0.01536
1403636747.663571357727051,0.00211,0.00012,0.00001,0.00314,0.00000,0.00129,0.00667
1403636747.713571786880493,0.00217,0.00010,0.00001,0.00293,0.00009,0.00121,0.00651
1403636747.763571977615356,0.00211,0.00017,0.00001,0.00295,0.00018,0.00132,0.00675
1403636747.813572168350220,0.00193,0.00010,0.00009,0.00284,0.00044,0.00102,0.00643
1403636747.863571643829346,0.00188,0.00010,0.00005,0.00273,0.00069,0.00086,0.00631
1403636747.913570880889893,0.00238,0.00020,0.00002,0.00323,0.00052,0.00176,0.00809
1403636747.963570117950439,0.00229,0.00011,0.00006,0.00282,0.00007,0.00096,0.00632
1403636748.013570070266724,0.00213,0.00011,0.00003,0.00276,0.00018,0.00092,0.00613
1403636748.063570022583008,0.00214,0.00019,0.00018,0.00288,0.00110,0.00126,0.00775
1403636748.113570213317871,0.00194,0.00018,0.00001,0.00306,0.00003,0.00091,0.00612
1403636748.163570404052734,0.00199,0.00013,0.00001,0.00306,0.00016,0.00094,0.00629
1403636748.213571071624756,0.00220,0.00017,0.00874,0.00284,0.00049,0.00110,0.01554
1403636748.263571262359619,0.00225,0.00016,0.00001,0.00323,0.00000,0.00119,0.00684
1403636748.313571214675903,0.00205,0.00017,0.00005,0.00313,0.00087,0.00119,0.00747
1403636748.363570928573608,0.00193,0.00015,0.00004,0.00307,0.00013,0.00092,0.00625
1403636748.413570642471313,0.00252,0.00019,0.00054,0.00314,0.00005,0.00121,0.00767
1403636748.463570833206177,0.00200,0.00017,0.00001,0.00313,0.00039,0.00113,0.00682
1403636748.513570547103882,0.00173,0.00009,0.00004,0.00318,0.00003,0.00092,0.00600
1403636748.563570499420166,0.00169,0.00010,0.00068,0.00325,0.00003,0.00079,0.00654
1403636748.613570451736450,0.00144,0.00009,0.00021,0.00309,0.00003,0.00088,0.00575
1403636748.663570880889893,0.00129,0.00010,0.00003,0.00310,0.00002,0.00076,0.00530
1403636748.713570833206177,0.00124,0.00011,0.00001,0.00314,0.00003,0.00117,0.00569
1403636748.763571023941040,0.00127,0.00010,0.00015,0.00303,0.00002,0.00079,0.00536
1403636748.813570976257324,0.00137,0.00009,0.00823,0.00307,0.00003,0.00085,0.01364
1403636748.863570928573608,0.00126,0.00010,0.00001,0.00316,0.00000,0.00086,0.00539
1403636748.913571596145630,0.00185,0.00009,0.00005,0.00312,0.00003,0.00087,0.00601
1403636748.963571310043335,0.00182,0.00010,0.00004,0.00306,0.00013,0.00086,0.00600
1403636749.063572168350220,0.00140,0.00014,0.00022,0.00288,0.00004,0.00086,0.00554
1403636749.113572597503662,0.00134,0.00009,0.00001,0.00285,0.00000,0.00084,0.00514
1403636749.163572788238525,0.00158,0.00009,0.00022,0.00285,0.00005,0.00087,0.00565
1403636749.213572740554810,0.00230,0.00009,0.00023,0.00284,0.00044,0.00094,0.00685
1403636749.263571977615356,0.00194,0.00009,0.00024,0.00285,0.00005,0.00092,0.00611
1403636749.313571929931641,0.00248,0.00009,0.00001,0.00293,0.00004,0.00088,0.00643
1403636749.363571405410767,0.00158,0.00010,0.00006,0.00297,0.00002,0.00093,0.00566
1403636749.413571119308472,0.00164,0.00009,0.00024,0.00280,0.00015,0.00097,0.00590
1403636749.463570594787598,0.00175,0.00010,0.00640,0.00272,0.00075,0.00092,0.01264
1403636749.513570070266724,0.00162,0.00009,0.00001,0.00295,0.00000,0.00092,0.00560
1403636749.563570022583008,0.00177,0.00010,0.00028,0.00294,0.00004,0.00089,0.00603
1403636749.613569498062134,0.00167,0.00009,0.00001,0.00295,0.00016,0.00095,0.00584
1403636749.663568973541260,0.00176,0.00009,0.00024,0.00288,0.00006,0.00090,0.00594
1403636749.713569641113281,0.00183,0.00010,0.00039,0.00273,0.00000,0.00096,0.00602
1403636749.763569593429565,0.00149,0.00009,0.00812,0.00262,0.00138,0.00091,0.01461
1403636749.813570022583008,0.00195,0.00010,0.00012,0.00289,0.00003,0.00088,0.00597
1403636749.863569974899292,0.00158,0.00009,0.00019,0.00290,0.00004,0.00088,0.00570
1403636749.913570165634155,0.00158,0.00010,0.00036,0.00344,0.00073,0.00090,0.00710
1403636749.963570117950439,0.00142,0.00010,0.00001,0.00302,0.00038,0.00087,0.00580
1403636750.013569355010986,0.00140,0.00010,0.00015,0.00314,0.00002,0.00091,0.00573
1403636750.063569068908691,0.00147,0.00010,0.00544,0.00310,0.00003,0.00100,0.01115
1403636750.113568305969238,0.00243,0.00019,0.00001,0.00350,0.00000,0.00150,0.00762
1403636750.163567781448364,0.00233,0.00020,0.00005,0.00323,0.00003,0.00145,0.00729
1403636750.213567495346069,0.00178,0.00016,0.00005,0.00328,0.00015,0.00104,0.00645
1403636750.263567447662354,0.00232,0.00019,0.00086,0.00361,0.00003,0.00140,0.00843
1403636750.313567638397217,0.00198,0.00020,0.00001,0.00334,0.00000,0.00135,0.00688
1403636750.363567829132080,0.00239,0.00021,0.00345,0.00318,0.00003,0.00133,0.01059
1403636750.413567781448364,0.00213,0.00018,0.00014,0.00331,0.00002,0.00133,0.00711
1403636750.463568210601807,0.00232,0.00016,0.00008,0.00327,0.00003,0.00131,0.00719
1403636750.513567686080933,0.00215,0.00020,0.00019,0.00322,0.00002,0.00142,0.00720
1403636750.563567638397217,0.00200,0.00010,0.00001,0.00298,0.00004,0.00102,0.00615
1403636750.613566398620605,0.00163,0.00010,0.00005,0.00297,0.00017,0.00095,0.00587
1403636750.663564682006836,0.00255,0.00019,0.00426,0.00292,0.00007,0.00137,0.01136
1403636750.713564872741699,0.00228,0.00011,0.00001,0.00335,0.00000,0.00110,0.00685
1403636750.763564109802246,0.00203,0.00010,0.00007,0.00292,0.00005,0.00101,0.00618
1403636750.813564300537109,0.00256,0.00015,0.00030,0.00276,0.00016,0.00126,0.00720
1403636750.863564014434814,0.00245,0.00018,0.00041,0.00281,0.00020,0.00136,0.00741
1403636750.913563728332520,0.00213,0.00013,0.00007,0.00289,0.00000,0.00116,0.00637
1403636750.963562965393066,0.00206,0.00011,0.00675,0.00276,0.00186,0.00100,0.01454
1403636751.013562679290771,0.00285,0.00022,0.00008,0.00366,0.00009,0.00192,0.00883
1403636751.063561916351318,0.00302,0.00018,0.00073,0.00304,0.00053,0.00116,0.00865
1403636751.113561868667603,0.00208,0.00016,0.00001,0.00318,0.00045,0.00119,0.00706
1403636751.163563013076782,0.00243,0.00016,0.00008,0.00323,0.00003,0.00125,0.00718
1403636751.213564634323120,0.00195,0.00013,0.00044,0.00306,0.00016,0.00115,0.00689
1403636751.263565540313721,0.00226,0.00016,0.00532,0.00304,0.00077,0.00148,0.01304
1403636751.363565206527710,0.00239,0.00018,0.00001,0.00328,0.00000,0.00126,0.00712
1403636751.413564920425415,0.00213,0.00016,0.00004,0.00315,0.00047,0.00134,0.00730
1403636751.463565111160278,0.00177,0.00011,0.00011,0.00311,0.00013,0.00098,0.00621
1403636751.513565063476562,0.00233,0.00018,0.00082,0.00294,0.00168,0.00091,0.00885
1403636751.563564777374268,0.00236,0.00016,0.00001,0.00331,0.00043,0.00097,0.00724
1403636751.613565206527710,0.00205,0.00010,0.00683,0.00319,0.00010,0.00100,0.01328
1403636751.663564920425415,0.00239,0.00018,0.00018,0.00376,0.00000,0.00109,0.00759
1403636751.713565111160278,0.00185,0.00017,0.00053,0.00351,0.00000,0.00108,0.00715
1403636751.763565063476562,0.00238,0.00018,0.00004,0.00360,0.00000,0.00138,0.00758
1403636751.813565492630005,0.00208,0.00016,0.00006,0.00361,0.00000,0.00139,0.00731
1403636751.863565683364868,0.00243,0.00019,0.00023,0.00418,0.00000,0.00138,0.00842
1403636751.913565874099731,0.00215,0.00015,0.00438,0.00350,0.00000,0.00115,0.01133
1403636751.963566303253174,0.00182,0.00011,0.00001,0.00342,0.00000,0.00100,0.00636
1403636752.013566255569458,0.00151,0.00011,0.00006,0.00337,0.00000,0.00096,0.00601
1403636752.063566923141479,0.00150,0.00010,0.00020,0.00334,0.00000,0.00102,0.00617
1403636752.113567590713501,0.00253,0.00023,0.00026,0.00353,0.00000,0.00142,0.00796
1403636752.163567781448364,0.00214,0.00010,0.00003,0.00345,0.00000,0.00105,0.00678
1403636752.213568449020386,0.00227,0.00020,0.00703,0.00338,0.00000,0.00124,0.01412
1403636752.263567686080933,0.00276,0.00020,0.00009,0.00378,0.00002,0.00141,0.00827
1403636752.313566684722900,0.00204,0.00010,0.00020,0.00324,0.00003,0.00100,0.00661
1403636752.363566160202026,0.00254,0.00010,0.00012,0.00325,0.00005,0.00134,0.00740
1403636752.413565397262573,0.00195,0.00010,0.00003,0.00320,0.00004,0.00097,0.00629
1403636752.463564634323120,0.00205,0.00010,0.00067,0.00317,0.00004,0.00101,0.00704
1403636752.513563632965088,0.00206,0.00011,0.00382,0.00299,0.00007,0.00103,0.01008
1403636752.563562870025635,0.00192,0.00010,0.00001,0.00345,0.00000,0.00110,0.00658
1403636752.613562345504761,0.00206,0.00010,0.00034,0.00296,0.00005,0.00098,0.00648
1403636752.663561105728149,0.00226,0.00010,0.00001,0.00291,0.00018,0.00104,0.00649
1403636752.713561058044434,0.00191,0.00012,0.00007,0.00286,0.00052,0.00095,0.00642
1403636752.763560771942139,0.00186,0.00010,0.00004,0.00287,0.00000,0.00096,0.00584
1403636752.813560009002686,0.00190,0.00009,0.00420,0.00282,0.00145,0.00096,0.01142
1403636752.863559961318970,0.00188,0.00010,0.00005,0.00314,0.00006,0.00097,0.00620
1403636752.913559675216675,0.00186,0.00010,0.00004,0.00313,0.00017,0.00093,0.00623
1403636752.963559865951538,0.00271,0.00010,0.00008,0.00293,0.00005,0.00108,0.00694
1403636753.013559579849243,0.00250,0.00019,0.00017,0.00297,0.00007,0.00131,0.00722
1403636753.063559532165527,0.00237,0.00018,0.00034,0.00280,0.00018,0.00111,0.00699
1403636753.113559484481812,0.00306,0.00011,0.00069,0.00243,0.00075,0.00120,0.00825
1403636753.163559675216675,0.00244,0.00009,0.00016,0.00254,0.00000,0.00109,0.00634
1403636753.213559865951538,0.00256,0.00018,0.00026,0.00245,0.00008,0.00138,0.00692
1403636753.263560295104980,0.00228,0.00015,0.00004,0.00232,0.00073,0.00109,0.00660
1403636753.313560247421265,0.00248,0.00018,0.00015,0.00246,0.00019,0.00137,0.00683
1403636753.363560199737549,0.00244,0.00009,0.00003,0.00228,0.00003,0.00121,0.00608
1403636753.413560152053833,0.00227,0.00011,0.00019,0.00260,0.00024,0.00148,0.00689
1403636753.463560581207275,0.00225,0.00011,0.00006,0.00233,0.00009,0.00107,0.00591
1403636753.513560771942139,0.00255,0.00015,0.00026,0.00239,0.00017,0.00140,0.00692
1403636753.563561201095581,0.00232,0.00011,0.00004,0.00238,0.00004,0.00144,0.00633
1403636753.613561630249023,0.00221,0.00013,0.00003,0.00233,0.00004,0.00161,0.00634
1403636753.663561582565308,0.00254,0.00016,0.00580,0.00222,0.00137,0.00133,0.01343
1403636753.713562250137329,0.00235,0.00016,0.00001,0.00250,0.00006,0.00138,0.00646
1403636753.763561964035034,0.00264,0.00014,0.00001,0.00237,0.00000,0.00138,0.00655
1403636753.813562154769897,0.00232,0.00015,0.00006,0.00237,0.00006,0.00137,0.00633
1403636753.863562107086182,0.00252,0.00014,0.00014,0.00239,0.00013,0.00163,0.00695
1403636753.913562059402466,0.00237,0.00013,0.00003,0.00232,0.00007,0.00140,0.00631
1403636753.963562488555908,0.00240,0.00016,0.00001,0.00268,0.00002,0.00127,0.00655
1403636754.013562440872192,0.00215,0.00011,0.00019,0.00252,0.00021,0.00177,0.00696
1403636754.063562393188477,0.00249,0.00011,0.00001,0.00241,0.00010,0.00133,0.00644
1403636754.113562822341919,0.00229,0.00011,0.00049,0.00222,0.00048,0.00109,0.00668
1403636754.163562774658203,0.00230,0.00009,0.00001,0.00230,0.00005,0.00107,0.00582
1403636754.213562965393066,0.00226,0.00011,0.00001,0.00219,0.00004,0.00108,0.00570
1403636754.263564109802246,0.00216,0.00009,0.00639,0.00217,0.00098,0.00104,0.01283
1403636754.313564300537109,0.00228,0.00011,0.00002,0.00239,0.00005,0.00113,0.00599
1403636754.363564491271973,0.00221,0.00009,0.00001,0.00246,0.00000,0.00117,0.00593
1403636754.413564443588257,0.00218,0.00012,0.00001,0.00292,0.00007,0.00148,0.00678
1403636754.463564634323120,0.00258,0.00011,0.00003,0.00214,0.00004,0.00145,0.00636
1403636754.513564348220825,0.00225,0.00011,0.00001,0.00205,0.00008,0.00106,0.00555
1403636754.563563823699951,0.00212,0.00009,0.00008,0.00214,0.00013,0.00110,0.00565
1403636754.613563537597656,0.00221,0.00022,0.00012,0.00228,0.00104,0.00100,0.00686
1403636754.663563013076782,0.00253,0.00017,0.00001,0.00242,0.00017,0.00136,0.00666
1403636754.713562250137329,0.00249,0.00015,0.00165,0.00223,0.00200,0.00127,0.00978
1403636754.763561248779297,0.00277,0.00012,0.00006,0.00261,0.00044,0.00119,0.00718
1403636754.813560962677002,0.00255,0.00009,0.00008,0.00268,0.00015,0.00159,0.00715
1403636754.863562107086182,0.00243,0.00015,0.00792,0.00262,0.00027,0.00121,0.01459
1403636754.913562297821045,0.00259,0.00012,0.00003,0.00275,0.00008,0.00123,0.00680
1403636754.963562726974487,0.00224,0.00014,0.00001,0.00254,0.00000,0.00109,0.00602
1403636755.013563156127930,0.00243,0.00014,0.00006,0.00259,0.00005,0.00129,0.00656
1403636755.063563585281372,0.00207,0.00015,0.00012,0.00251,0.00053,0.00133,0.00671
1403636755.113563776016235,0.00260,0.00017,0.00001,0.00263,0.00019,0.00162,0.00723
1403636755.163563966751099,0.00229,0.00015,0.00001,0.00258,0.00109,0.00160,0.00771
1403636755.213564157485962,0.00206,0.00017,0.00215,0.00282,0.00081,0.00114,0.00915
1403636755.263563871383667,0.00248,0.00017,0.00028,0.00290,0.00019,0.00131,0.00732
1403636755.313562870025635,0.00220,0.00011,0.00172,0.00279,0.00112,0.00109,0.00903
1403636755.363562822341919,0.00218,0.00011,0.00001,0.00316,0.00003,0.00102,0.00651
1403636755.413562536239624,0.00211,0.00010,0.00022,0.00301,0.00005,0.00103,0.00652
1403636755.463563442230225,0.00208,0.00010,0.00802,0.00296,0.00007,0.00101,0.01424
1403636755.513563871383667,0.00214,0.00010,0.00001,0.00311,0.00042,0.00109,0.00687
1403636755.563564777374268,0.00217,0.00009,0.00001,0.00307,0.00000,0.00105,0.00639
1403636755.613564968109131,0.00216,0.00010,0.00001,0.00308,0.00006,0.00105,0.00646
1403636755.663565158843994,0.00302,0.00015,0.00008,0.00312,0.00041,0.00104,0.00782
1403636755.713565349578857,0.00219,0.00011,0.00019,0.00342,0.00005,0.00175,0.00771
1403636755.763565778732300,0.00229,0.00013,0.00001,0.00321,0.00003,0.00146,0.00712
1403636755.813565969467163,0.00207,0.00010,0.00049,0.00315,0.00003,0.00128,0.00711
1403636755.863565921783447,0.00210,0.00010,0.00017,0.00303,0.00002,0.00106,0.00648
1403636755.913566350936890,0.00196,0.00010,0.00205,0.00292,0.00047,0.00124,0.00875
1403636755.963566541671753,0.00219,0.00018,0.00019,0.00316,0.00002,0.00121,0.00695
1403636756.013566493988037,0.00203,0.00010,0.00050,0.00287,0.00003,0.00115,0.00667
1403636756.063566446304321,0.00201,0.00010,0.00780,0.00307,0.00018,0.00140,0.01457
1403636756.113566398620605,0.00259,0.00013,0.00017,0.00277,0.00005,0.00129,0.00701
1403636756.163566350936890,0.00205,0.00020,0.00015,0.00421,0.00001,0.00180,0.00843
1403636756.213566541671753,0.00235,0.00017,0.00012,0.00275,0.00006,0.00128,0.00673
1403636756.263566732406616,0.00191,0.00020,0.00001,0.00307,0.00049,0.00129,0.00697
1403636756.313566446304321,0.00234,0.00019,0.00001,0.00285,0.00019,0.00143,0.00702
1403636756.363567113876343,0.00192,0.00021,0.00001,0.00288,0.00045,0.00127,0.00675
1403636756.413567543029785,0.00172,0.00010,0.00048,0.00274,0.00005,0.00096,0.00605
1403636756.463568925857544,0.00142,0.00010,0.00003,0.00275,0.00015,0.00088,0.00533
1403636756.513569831848145,0.00152,0.00010,0.00163,0.00260,0.00005,0.00098,0.00688
1403636756.563569784164429,0.00144,0.00010,0.00001,0.00274,0.00075,0.00089,0.00593
1403636756.613569974899292,0.00220,0.00019,0.00049,0.00282,0.00039,0.00133,0.00743
1403636756.663569927215576,0.00204,0.00010,0.00815,0.00287,0.00005,0.00142,0.01463
1403636756.713569879531860,0.00221,0.00020,0.00006,0.00294,0.00003,0.00131,0.00675
1403636756.763570070266724,0.00200,0.00009,0.00003,0.00281,0.00039,0.00095,0.00627
1403636756.813570022583008,0.00195,0.00010,0.00005,0.00289,0.00003,0.00171,0.00672
1403636756.863569974899292,0.00193,0.00017,0.00004,0.00291,0.00077,0.00115,0.00697
1403636756.913569927215576,0.00210,0.00020,0.00034,0.00287,0.00003,0.00127,0.00681
1403636756.963569879531860,0.00182,0.00020,0.00004,0.00277,0.00000,0.00137,0.00620
1403636757.013570070266724,0.00239,0.00020,0.00060,0.00260,0.00009,0.00125,0.00713
1403636757.063569784164429,0.00184,0.00020,0.00014,0.00248,0.00006,0.00113,0.00585
1403636757.113569974899292,0.00210,0.00018,0.00106,0.00224,0.00075,0.00122,0.00755
1403636757.163569927215576,0.00192,0.00020,0.00018,0.00259,0.00002,0.00112,0.00602
1403636757.213570356369019,0.00183,0.00009,0.00003,0.00249,0.00031,0.00092,0.00569
1403636757.263570547103882,0.00208,0.00017,0.00747,0.00259,0.00081,0.00091,0.01402
1403636757.313570261001587,0.00204,0.00018,0.00015,0.00285,0.00010,0.00126,0.00658
1403636757.363570213317871,0.00186,0.00019,0.00015,0.00314,0.00000,0.00120,0.00654
1403636757.413570404052734,0.00333,0.00029,0.00005,0.00265,0.00006,0.00147,0.00784
1403636757.463570594787598,0.00208,0.00012,0.00011,0.00290,0.00000,0.00096,0.00618
1403636757.513570547103882,0.00189,0.00010,0.00015,0.00181,0.00022,0.00098,0.00515
1403636757.563570499420166,0.00254,0.00016,0.00024,0.00187,0.00000,0.00135,0.00617
1403636757.613570451736450,0.00215,0.00017,0.00021,0.00180,0.00081,0.00121,0.00636
1403636757.663570404052734,0.00244,0.00012,0.00062,0.00181,0.00070,0.00147,0.00716
1403636757.713570356369019,0.00247,0.00015,0.00007,0.00184,0.00131,0.00104,0.00688
1403636757.763570308685303,0.00264,0.00016,0.00011,0.00209,0.00003,0.00139,0.00641
1403636757.813569545745850,0.00271,0.00022,0.00050,0.00186,0.00029,0.00131,0.00690
1403636757.863568782806396,0.00185,0.00010,0.00291,0.00165,0.00369,0.00110,0.01129
1403636757.913567066192627,0.00220,0.00010,0.00008,0.00272,0.00007,0.00101,0.00618
1403636757.963561296463013,0.00222,0.00019,0.00761,0.00220,0.00257,0.00125,0.01603
1403636758.013559579849243,0.00221,0.00016,0.00013,0.00227,0.00000,0.00126,0.00603
1403636758.063559293746948,0.00181,0.00011,0.00001,0.00226,0.00000,0.00106,0.00526
1403636758.113558053970337,0.00255,0.00010,0.00009,0.00198,0.00052,0.00107,0.00631
1403636758.163558244705200,0.00181,0.00010,0.00005,0.00197,0.00000,0.00098,0.00490
1403636758.263558626174927,0.00250,0.00015,0.00030,0.00190,0.00042,0.00095,0.00621
1403636758.313559770584106,0.00255,0.00016,0.00018,0.00194,0.00015,0.00141,0.00638
1403636758.363560438156128,0.00244,0.00015,0.00007,0.00169,0.00003,0.00126,0.00565
1403636758.413562059402466,0.00232,0.00020,0.00030,0.00180,0.00003,0.00143,0.00609
1403636758.463564395904541,0.00211,0.00012,0.00026,0.00191,0.00026,0.00121,0.00587
1403636758.513566017150879,0.00161,0.00009,0.00016,0.00134,0.00387,0.00092,0.00798
1403636758.563566923141479,0.00352,0.00016,0.00007,0.00182,0.00006,0.00139,0.00701
1403636758.613565683364868,0.00243,0.00015,0.02672,0.00187,0.00462,0.00116,0.03696
1403636758.663563966751099,0.00261,0.00016,0.00016,0.00240,0.00004,0.00117,0.00653
1403636758.713563919067383,0.00206,0.00019,0.00148,0.00221,0.00709,0.00187,0.01491
1403636758.763563156127930,0.00248,0.00020,0.00102,0.00279,0.00077,0.00122,0.00848
1403636758.813562631607056,0.00213,0.00010,0.00060,0.00296,0.00000,0.00097,0.00676
1403636758.863561868667603,0.00229,0.00019,0.00021,0.00291,0.00008,0.00132,0.00701
1403636758.913561820983887,0.00228,0.00018,0.00001,0.00294,0.00003,0.00119,0.00663
1403636758.963562250137329,0.00219,0.00017,0.00031,0.00293,0.00004,0.00124,0.00687
1403636759.013562440872192,0.00229,0.00013,0.00001,0.00309,0.00003,0.00100,0.00656
1403636759.063563108444214,0.00185,0.00010,0.00046,0.00252,0.00026,0.00096,0.00616
1403636759.113564014434814,0.00240,0.00009,0.00373,0.00238,0.00139,0.00095,0.01095
1403636759.163565158843994,0.00195,0.00010,0.00022,0.00245,0.00005,0.00087,0.00564
1403636759.213567018508911,0.00276,0.00010,0.00371,0.00240,0.00147,0.00098,0.01142
1403636759.263566732406616,0.00217,0.00010,0.00017,0.00239,0.00081,0.00095,0.00660
1403636759.313565731048584,0.00245,0.00019,0.00020,0.00255,0.00126,0.00116,0.00781
1403636759.363564968109131,0.00205,0.00009,0.00024,0.00277,0.00000,0.00101,0.00617
1403636759.413563728332520,0.00209,0.00010,0.00041,0.00271,0.00002,0.00094,0.00627
1403636759.463563680648804,0.00210,0.00013,0.00003,0.00291,0.00023,0.00132,0.00672
1403636759.513562440872192,0.00215,0.00014,0.00078,0.00242,0.00000,0.00114,0.00663
1403636759.563562631607056,0.00315,0.00015,0.00046,0.00224,0.00002,0.00106,0.00708
1403636759.613561868667603,0.00273,0.00015,0.00035,0.00224,0.00003,0.00128,0.00679
1403636759.663561582565308,0.00258,0.00013,0.00006,0.00266,0.00027,0.00113,0.00683
1403636759.713561296463013,0.00239,0.00017,0.00084,0.00190,0.00158,0.00138,0.00827
1403636759.763562679290771,0.00204,0.00011,0.00056,0.00253,0.00233,0.00101,0.00858
1403636759.813563108444214,0.00207,0.00010,0.00151,0.00214,0.00153,0.00110,0.00844
1403636759.863562822341919,0.00205,0.00020,0.00007,0.00241,0.00007,0.00116,0.00597
1403636759.913562536239624,0.00178,0.00011,0.00013,0.00230,0.00015,0.00098,0.00544
1403636759.963562250137329,0.00240,0.00017,0.00009,0.00211,0.00000,0.00134,0.00610
1403636760.013561964035034,0.00206,0.00012,0.00005,0.00221,0.00003,0.00122,0.00569
1403636760.063562154769897,0.00225,0.00011,0.00013,0.00195,0.00042,0.00099,0.00585
1403636760.113568305969238,0.00227,0.00017,0.00315,0.00184,0.00233,0.00128,0.01104
1403636760.163568258285522,0.00217,0.00016,0.00011,0.00213,0.00010,0.00117,0.00584
1403636760.213568210601807,0.00187,0.00009,0.00004,0.00194,0.00005,0.00112,0.00512
1403636760.263567924499512,0.00198,0.00011,0.00007,0.00197,0.00018,0.00107,0.00539
1403636760.313567638397217,0.00185,0.00009,0.00014,0.00176,0.00138,0.00098,0.00620
1403636760.363567829132080,0.00183,0.00010,0.00002,0.00194,0.00040,0.00099,0.00528
1403636760.413567781448364,0.00209,0.00011,0.00005,0.00188,0.00214,0.00093,0.00722
1403636760.463568449020386,0.00190,0.00010,0.00029,0.00187,0.00007,0.00094,0.00517
1403636760.513569355010986,0.00217,0.00017,0.00029,0.00177,0.00026,0.00112,0.00578
1403636760.563570022583008,0.00221,0.00013,0.00012,0.00180,0.00001,0.00143,0.00570
1403636760.613570451736450,0.00196,0.00013,0.00021,0.00162,0.00011,0.00108,0.00511
1403636760.663570165634155,0.00286,0.00010,0.00013,0.00152,0.00020,0.00100,0.00581
1403636760.713569879531860,0.00319,0.00012,0.00036,0.00142,0.00443,0.00102,0.01054
1403636760.763569831848145,0.00332,0.00017,0.00027,0.00214,0.00043,0.00133,0.00765
1403636760.813569545745850,0.00266,0.00017,0.00015,0.00215,0.00003,0.00139,0.00656
1403636760.863569498062134,0.00243,0.00011,0.00017,0.00183,0.00036,0.00116,0.00606
1403636760.913569927215576,0.00220,0.00012,0.00041,0.00173,0.00020,0.00113,0.00579
1403636760.963570356369019,0.00303,0.00020,0.00062,0.00300,0.00076,0.00144,0.00905
1403636761.013570785522461,0.00248,0.00014,0.00018,0.00175,0.00075,0.00133,0.00662
1403636761.063571453094482,0.00219,0.00012,0.00071,0.00161,0.00018,0.00107,0.00588
1403636761.113571882247925,0.00232,0.00013,0.00050,0.00115,0.00002,0.00101,0.00512
1403636761.163572072982788,0.00282,0.00008,0.00007,0.00095,0.00002,0.00103,0.00498
1403636761.213573217391968,0.00227,0.00015,0.00031,0.00082,0.00414,0.00134,0.00903
1403636761.263572454452515,0.00229,0.00015,0.00500,0.00104,0.00398,0.00114,0.01359
1403636761.313571214675903,0.00206,0.00013,0.00058,0.00140,0.00019,0.00106,0.00541
1403636761.363569974899292,0.00221,0.00016,0.00023,0.00143,0.00005,0.00118,0.00526
1403636761.413569211959839,0.00220,0.00015,0.00021,0.00132,0.00003,0.00118,0.00509
1403636761.463569164276123,0.00190,0.00015,0.00029,0.00127,0.00002,0.00120,0.00482
1403636761.513567686080933,0.00269,0.00015,0.00002,0.00129,0.00071,0.00121,0.00607
1403636761.563566923141479,0.00210,0.00008,0.00029,0.00120,0.00009,0.00095,0.00472
1403636761.613566160202026,0.00281,0.00017,0.00018,0.00117,0.00043,0.00133,0.00610
1403636761.663565158843994,0.00397,0.00016,0.00048,0.00115,0.00018,0.00173,0.00767
1403636761.713562488555908,0.00184,0.00010,0.00110,0.00106,0.00253,0.00098,0.00761
1403636761.763561725616455,0.00263,0.00015,0.00017,0.00128,0.00009,0.00134,0.00566
1403636761.813561201095581,0.00205,0.00009,0.00010,0.00137,0.00061,0.00104,0.00527
1403636761.863559722900391,0.00231,0.00012,0.00121,0.00128,0.00560,0.00098,0.01150
1403636761.913559436798096,0.00184,0.00013,0.00001,0.00181,0.00011,0.00097,0.00487
1403636761.963558912277222,0.00185,0.00009,0.00008,0.00171,0.00071,0.00097,0.00541
1403636762.013558387756348,0.00218,0.00013,0.00006,0.00185,0.00004,0.00124,0.00550
1403636762.063557863235474,0.00217,0.00016,0.00033,0.00178,0.00144,0.00114,0.00702
1403636762.113557338714600,0.00202,0.00013,0.00006,0.00181,0.00010,0.00095,0.00506
1403636762.163558006286621,0.00199,0.00009,0.00007,0.00167,0.00005,0.00095,0.00482
1403636762.213558673858643,0.00244,0.00012,0.00030,0.00164,0.00008,0.00099,0.00557
1403636762.263559103012085,0.00223,0.00016,0.00008,0.00165,0.00041,0.00118,0.00572
1403636762.313559532165527,0.00226,0.00014,0.00132,0.00162,0.00107,0.00120,0.00761
1403636762.363559722900391,0.00201,0.00016,0.00007,0.00176,0.00003,0.00136,0.00539
1403636762.413559675216675,0.00235,0.00014,0.00002,0.00173,0.00003,0.00144,0.00571
1403636762.463558912277222,0.00211,0.00014,0.00017,0.00166,0.00300,0.00097,0.00805
1403636762.513557434082031,0.00201,0.00011,0.00037,0.00166,0.00010,0.00090,0.00516
1403636762.563555717468262,0.00250,0.00018,0.00067,0.00162,0.00002,0.00124,0.00624
1403636762.613555192947388,0.00223,0.00010,0.00009,0.00155,0.00043,0.00089,0.00529
1403636762.663555622100830,0.00219,0.00018,0.00065,0.00170,0.00110,0.00128,0.00710
1403636762.713556051254272,0.00228,0.00013,0.00086,0.00146,0.00004,0.00144,0.00620
1403636762.763556480407715,0.00258,0.00011,0.00066,0.00109,0.00429,0.00109,0.00983
1403636762.813556432723999,0.00379,0.00012,0.00059,0.00128,0.00008,0.00102,0.00689
1403636762.863558053970337,0.00236,0.00014,0.00027,0.00094,0.00012,0.00104,0.00488
1403636762.913556098937988,0.00359,0.00016,0.00042,0.00047,0.00069,0.00159,0.00691
1403636762.963555335998535,0.00368,0.00014,0.00042,0.00024,0.00031,0.00103,0.00583
1403636763.013555288314819,0.00275,0.00010,0.00029,0.00019,0.00003,0.00085,0.00421
1403636763.063555955886841,0.00254,0.00008,0.00007,0.00013,0.00059,0.00087,0.00429
1403636763.113559246063232,0.00448,0.00012,0.00034,0.00013,0.00010,0.00114,0.00631
1403636763.163558959960938,0.00279,0.00010,0.00012,0.00008,0.00014,0.00117,0.00439
1403636763.213559865951538,0.00298,0.00009,0.00012,0.00006,0.00000,0.00102,0.00426
1403636763.263559579849243,0.00219,0.00008,0.00006,0.00005,0.00037,0.00093,0.00368
1403636763.313559770584106,0.00258,0.00011,0.00009,0.00005,0.00002,0.00099,0.00384
1403636763.363559722900391,0.00233,0.00008,0.00004,0.00002,0.00010,0.00106,0.00364
1403636763.413559675216675,0.00220,0.00012,0.00003,0.00002,0.00038,0.00101,0.00376
1403636763.463559865951538,0.00199,0.00008,0.00004,0.00000,0.00067,0.00105,0.00382
1403636763.513559818267822,0.00228,0.00010,0.00001,0.00000,0.00044,0.00124,0.00409
1403636763.563559770584106,0.00222,0.00010,0.00001,0.00000,0.00010,0.00131,0.00374
1403636763.613559722900391,0.00200,0.00009,0.00000,0.00000,0.00024,0.00101,0.00334
1403636763.663559675216675,0.00204,0.00008,0.00001,0.00000,0.00017,0.00106,0.00335
1403636763.713559865951538,0.00197,0.00007,0.00001,0.00000,0.00067,0.00116,0.00389
1403636763.763559818267822,0.00202,0.00009,0.00001,0.00000,0.00062,0.00143,0.00416
