# timestamp (sec),tracking,propagation,msckf update,slam update,slam delayed,re-tri & marg,total
1403715528.859530210494995,0.00220,0.00007,0.00059,0.00000,0.00000,0.00109,0.00395
1403715528.911250114440918,0.00297,0.00007,0.00143,0.00000,0.00046,0.00103,0.00595
1403715528.961242198944092,0.00264,0.00008,0.00018,0.00000,0.00000,0.00088,0.00378
1403715529.011242151260376,0.00257,0.00009,0.00013,0.00000,0.00000,0.00104,0.00384
1403715529.060601234436035,0.00260,0.00009,0.00009,0.00000,0.00000,0.00115,0.00392
1403715529.110778808593750,0.00216,0.00008,0.00018,0.00000,0.00000,0.00099,0.00341
1403715529.163186073303223,0.00236,0.00010,0.00043,0.00000,0.00000,0.00112,0.00401
1403715529.213186025619507,0.00261,0.00010,0.00022,0.00000,0.00000,0.00117,0.00410
1403715529.262040615081787,0.00307,0.00009,0.00047,0.00000,0.00073,0.00097,0.00534
1403715529.311616182327271,0.00250,0.00009,0.00040,0.00004,0.00065,0.00111,0.00479
1403715529.363026142120361,0.00257,0.00010,0.00062,0.00007,0.00022,0.00117,0.00475
1403715529.413239240646362,0.00287,0.00009,0.00042,0.00007,0.00000,0.00101,0.00446
1403715529.463933944702148,0.00191,0.00009,0.00063,0.00007,0.00050,0.00092,0.00412
1403715529.513571977615356,0.00299,0.00008,0.00065,0.00009,0.00228,0.00099,0.00708
1403715529.563554286956787,0.00266,0.00008,0.00015,0.00024,0.00000,0.00100,0.00412
1403715529.612761974334717,0.00309,0.00009,0.00036,0.00022,0.00185,0.00124,0.00687
1403715529.662447214126587,0.00223,0.00011,0.00021,0.00043,0.00069,0.00118,0.00485
1403715529.712305784225464,0.00277,0.00009,0.00012,0.00046,0.00093,0.00099,0.00537
1403715529.762144565582275,0.00215,0.00008,0.00020,0.00063,0.00369,0.00098,0.00773
1403715529.812284946441650,0.00336,0.00015,0.00038,0.00132,0.00423,0.00116,0.01060
1403715529.862244844436646,0.00297,0.00015,0.00005,0.00210,0.00109,0.00136,0.00772
1403715529.912537097930908,0.00235,0.00014,0.00040,0.00184,0.00158,0.00110,0.00741
1403715529.962652444839478,0.00234,0.00015,0.00199,0.00203,0.00448,0.00090,0.01190
1403715530.012810468673706,0.00264,0.00015,0.00067,0.00266,0.00000,0.00133,0.00745
1403715530.062829256057739,0.00198,0.00016,0.00378,0.00263,0.00146,0.00118,0.01120
1403715530.112957477569580,0.00237,0.00018,0.00219,0.00281,0.00000,0.00115,0.00869
1403715530.163105487823486,0.00199,0.00011,0.00164,0.00271,0.00197,0.00096,0.00937
1403715530.213215827941895,0.00254,0.00014,0.00018,0.00325,0.00019,0.00109,0.00739
1403715530.263296127319336,0.00204,0.00012,0.00017,0.00319,0.00012,0.00104,0.00668
1403715530.313369035720825,0.00212,0.00011,0.00033,0.00293,0.00000,0.00103,0.00652
1403715530.363415956497192,0.00218,0.00009,0.00200,0.00278,0.00074,0.00117,0.00898
1403715530.413468599319458,0.00234,0.00019,0.00230,0.00283,0.00098,0.00121,0.00985
1403715530.463539600372314,0.00225,0.00017,0.00030,0.00315,0.00026,0.00123,0.00735
1403715530.513587951660156,0.00223,0.00016,0.00073,0.00304,0.00042,0.00170,0.00827
1403715530.563370943069458,0.00312,0.00019,0.00610,0.00287,0.00000,0.00089,0.01318
1403715530.613338232040405,0.00236,0.00015,0.00013,0.00256,0.00000,0.00112,0.00632
1403715530.663187742233276,0.00199,0.00013,0.00103,0.00248,0.00431,0.00090,0.01084
1403715530.713059186935425,0.00204,0.00016,0.00252,0.00298,0.00000,0.00092,0.00861
1403715530.762970447540283,0.00202,0.00011,0.00553,0.00268,0.00000,0.00088,0.01122
1403715530.812965631484985,0.00260,0.00015,0.00023,0.00278,0.00041,0.00095,0.00711
1403715530.862935543060303,0.00208,0.00010,0.00041,0.00267,0.00033,0.00094,0.00654
1403715530.912861108779907,0.00223,0.00011,0.00082,0.00277,0.00000,0.00094,0.00688
1403715530.962815999984741,0.00241,0.00013,0.00018,0.00245,0.00078,0.00102,0.00697
1403715531.012780666351318,0.00219,0.00013,0.00001,0.00295,0.00114,0.00112,0.00754
1403715531.062703847885132,0.00228,0.00013,0.00026,0.00303,0.00022,0.00122,0.00714
1403715531.112598657608032,0.00223,0.00018,0.00035,0.00299,0.00000,0.00119,0.00694
1403715531.162535429000854,0.00238,0.00013,0.00204,0.00303,0.00278,0.00115,0.01151
1403715531.212500572204590,0.00218,0.00009,0.00036,0.00310,0.00010,0.00095,0.00678
1403715531.262423515319824,0.00199,0.00013,0.00008,0.00318,0.00079,0.00096,0.00713
1403715531.312325954437256,0.00192,0.00009,0.00186,0.00324,0.00058,0.00114,0.00884
1403715531.362171173095703,0.00225,0.00013,0.00549,0.00243,0.00081,0.00105,0.01215
1403715531.412200689315796,0.00269,0.00014,0.00011,0.00235,0.00025,0.00112,0.00666
1403715531.462206125259399,0.00247,0.00016,0.00027,0.00193,0.00044,0.00101,0.00628
1403715531.512179136276245,0.00251,0.00011,0.00026,0.00167,0.00480,0.00112,0.01047
1403715531.562088251113892,0.00203,0.00012,0.00025,0.00213,0.00011,0.00109,0.00572
1403715531.611989498138428,0.00231,0.00012,0.00028,0.00213,0.00010,0.00119,0.00613
1403715531.661892414093018,0.00234,0.00012,0.00007,0.00218,0.00022,0.00092,0.00586
1403715531.711877584457397,0.00267,0.00009,0.00011,0.00228,0.00000,0.00099,0.00615
1403715531.761922359466553,0.00246,0.00011,0.00032,0.00204,0.00074,0.00094,0.00661
1403715531.812000751495361,0.00231,0.00012,0.00009,0.00172,0.00000,0.00092,0.00515
1403715531.862032413482666,0.00205,0.00011,0.00012,0.00175,0.00000,0.00099,0.00504
1403715531.912023782730103,0.00223,0.00015,0.00069,0.00179,0.00165,0.00113,0.00764
1403715531.961945056915283,0.00298,0.00014,0.00364,0.00175,0.00524,0.00112,0.01486
1403715532.011947631835938,0.00197,0.00017,0.00009,0.00248,0.00025,0.00108,0.00603
1403715532.061952829360962,0.00234,0.00015,0.00012,0.00227,0.00129,0.00109,0.00725
1403715532.111940860748291,0.00223,0.00010,0.00014,0.00239,0.00054,0.00090,0.00629
1403715532.161960363388062,0.00193,0.00012,0.00005,0.00240,0.00025,0.00093,0.00569
1403715532.211961984634399,0.00188,0.00009,0.00063,0.00213,0.00066,0.00086,0.00626
1403715532.261911392211914,0.00192,0.00012,0.00208,0.00212,0.00455,0.00092,0.01171
1403715532.311899185180664,0.00207,0.00011,0.00001,0.00279,0.00000,0.00094,0.00592
1403715532.361892938613892,0.00206,0.00018,0.00009,0.00256,0.00017,0.00113,0.00620
1403715532.411882638931274,0.00181,0.00010,0.00024,0.00234,0.00000,0.00076,0.00525
1403715532.461900234222412,0.00150,0.00009,0.00007,0.00242,0.00011,0.00077,0.00495
1403715532.511926412582397,0.00136,0.00009,0.00005,0.00211,0.00021,0.00083,0.00465
1403715532.561962842941284,0.00146,0.00009,0.00079,0.00201,0.00413,0.00079,0.00929
1403715532.611984968185425,0.00228,0.00011,0.00008,0.00264,0.00025,0.00122,0.00659
1403715532.662016868591309,0.00196,0.00015,0.00088,0.00229,0.00151,0.00128,0.00807
1403715532.712033033370972,0.00181,0.00010,0.00006,0.00241,0.00013,0.00079,0.00531
1403715532.762043714523315,0.00155,0.00009,0.00019,0.00248,0.00031,0.00073,0.00535
1403715532.812047481536865,0.00224,0.00012,0.00013,0.00273,0.00009,0.00110,0.00641
1403715532.862051963806152,0.00194,0.00015,0.00045,0.00261,0.00132,0.00099,0.00746
1403715532.912025451660156,0.00233,0.00011,0.00004,0.00299,0.00000,0.00118,0.00666
1403715532.962000608444214,0.00217,0.00013,0.00014,0.00259,0.00014,0.00111,0.00628
1403715533.011978149414062,0.00203,0.00017,0.00022,0.00234,0.00204,0.00107,0.00787
1403715533.061961889266968,0.00283,0.00018,0.00043,0.00289,0.00010,0.00125,0.00769
1403715533.111944675445557,0.00198,0.00015,0.00016,0.00256,0.00021,0.00105,0.00612
1403715533.161915063858032,0.00265,0.00012,0.00032,0.00241,0.00122,0.00111,0.00784
1403715533.211839914321899,0.00239,0.00013,0.00032,0.00245,0.00024,0.00087,0.00640
1403715533.261759996414185,0.00258,0.00017,0.00038,0.00212,0.00094,0.00106,0.00725
1403715533.311747074127197,0.00234,0.00010,0.00065,0.00163,0.00021,0.00082,0.00575
1403715533.361751317977905,0.00232,0.00011,0.00006,0.00162,0.00040,0.00088,0.00539
1403715533.411793708801270,0.00262,0.00010,0.00012,0.00111,0.00061,0.00083,0.00540
1403715533.461835145950317,0.00276,0.00012,0.00053,0.00121,0.00124,0.00083,0.00669
1403715533.511870384216309,0.00190,0.00010,0.00031,0.00124,0.00028,0.00084,0.00468
1403715533.561892271041870,0.00209,0.00009,0.00037,0.00165,0.00042,0.00091,0.00552
1403715533.611952543258667,0.00303,0.00016,0.00142,0.00207,0.00229,0.00116,0.01013
1403715533.661965847015381,0.00228,0.00015,0.00015,0.00189,0.00000,0.00117,0.00564
1403715533.711922883987427,0.00283,0.00015,0.00016,0.00191,0.00086,0.00106,0.00697
1403715533.761933326721191,0.00217,0.00009,0.00076,0.00186,0.00050,0.00089,0.00628
1403715533.811919927597046,0.00250,0.00012,0.00018,0.00225,0.00131,0.00113,0.00750
1403715533.861942768096924,0.00221,0.00011,0.00026,0.00210,0.00030,0.00097,0.00595
1403715533.911982059478760,0.00237,0.00013,0.00081,0.00195,0.00379,0.00109,0.01014
1403715533.961990356445312,0.00259,0.00012,0.00024,0.00284,0.00021,0.00084,0.00684
1403715534.012038469314575,0.00194,0.00009,0.00050,0.00258,0.00513,0.00116,0.01140
1403715534.062067270278931,0.00223,0.00016,0.00031,0.00375,0.00007,0.00088,0.00741
1403715534.112083911895752,0.00256,0.00011,0.00068,0.00333,0.00000,0.00088,0.00757
1403715534.162135839462280,0.00297,0.00010,0.00227,0.00302,0.00196,0.00097,0.01129
1403715534.212143182754517,0.00253,0.00015,0.00035,0.00342,0.00000,0.00118,0.00764
1403715534.262145519256592,0.00212,0.00010,0.00167,0.00308,0.00037,0.00094,0.00830
1403715534.312151432037354,0.00243,0.00021,0.00022,0.00336,0.00013,0.00130,0.00765
1403715534.362142801284790,0.00200,0.00014,0.00136,0.00335,0.00010,0.00087,0.00781
1403715534.412143707275391,0.00220,0.00018,0.00010,0.00390,0.00024,0.00117,0.00779
1403715534.462142944335938,0.00214,0.00018,0.00019,0.00361,0.00063,0.00109,0.00784
1403715534.512123107910156,0.00221,0.00012,0.00220,0.00299,0.00132,0.00082,0.00966
1403715534.562107086181641,0.00234,0.00011,0.00030,0.00294,0.00046,0.00092,0.00707
1403715534.612093925476074,0.00194,0.00010,0.00006,0.00305,0.00000,0.00086,0.00601
1403715534.662035942077637,0.00196,0.00009,0.00212,0.00251,0.00179,0.00086,0.00933
1403715534.712010622024536,0.00247,0.00020,0.00463,0.00316,0.00072,0.00121,0.01239
1403715534.762000083923340,0.00319,0.00013,0.00127,0.00164,0.00138,0.00126,0.00887
1403715534.811998844146729,0.00252,0.00014,0.00030,0.00150,0.00000,0.00113,0.00560
1403715534.861990928649902,0.00242,0.00014,0.00031,0.00170,0.00068,0.00114,0.00639
1403715534.911984205245972,0.00236,0.00009,0.00064,0.00137,0.00019,0.00092,0.00556
1403715534.961961984634399,0.00233,0.00015,0.00051,0.00144,0.00000,0.00114,0.00558
1403715535.011953830718994,0.00230,0.00013,0.00045,0.00133,0.00023,0.00118,0.00562
1403715535.061947584152222,0.00281,0.00008,0.00097,0.00083,0.00119,0.00094,0.00682
1403715535.111933946609497,0.00223,0.00010,0.00009,0.00070,0.00576,0.00153,0.01041
1403715535.161916971206665,0.00215,0.00014,0.00081,0.00108,0.00011,0.00107,0.00536
1403715535.211903572082520,0.00228,0.00011,0.00065,0.00096,0.00008,0.00099,0.00507
1403715535.261895656585693,0.00214,0.00016,0.00152,0.00088,0.00144,0.00118,0.00732
1403715535.311874389648438,0.00274,0.00015,0.00471,0.00109,0.01050,0.00110,0.02029
1403715535.361860513687134,0.00232,0.00014,0.00030,0.00234,0.00000,0.00094,0.00603
1403715535.411849021911621,0.00221,0.00013,0.00072,0.00173,0.00000,0.00093,0.00572
1403715535.461847066879272,0.00196,0.00012,0.00036,0.00166,0.00000,0.00100,0.00510
1403715535.511831521987915,0.00205,0.00017,0.00018,0.00176,0.00027,0.00112,0.00555
1403715535.561803579330444,0.00220,0.00013,0.00104,0.00150,0.00001,0.00095,0.00583
1403715535.611782550811768,0.00276,0.00019,0.00169,0.00123,0.01066,0.00132,0.01786
1403715535.661758899688721,0.00224,0.00014,0.00094,0.00223,0.00000,0.00090,0.00646
1403715535.711735010147095,0.00208,0.00009,0.00022,0.00217,0.00006,0.00092,0.00555
1403715535.761699438095093,0.00193,0.00012,0.00048,0.00205,0.00131,0.00088,0.00679
1403715535.811672687530518,0.00233,0.00010,0.00020,0.00224,0.00000,0.00123,0.00610
1403715535.861641407012939,0.00300,0.00009,0.00351,0.00220,0.00655,0.00092,0.01628
1403715535.911602973937988,0.00205,0.00015,0.00284,0.00287,0.00000,0.00085,0.00875
1403715535.961586952209473,0.00233,0.00018,0.00012,0.00321,0.00000,0.00110,0.00694
1403715536.011565446853638,0.00253,0.00015,0.00021,0.00265,0.00000,0.00102,0.00656
1403715536.061558008193970,0.00248,0.00010,0.00012,0.00257,0.00000,0.00086,0.00614
1403715536.111561298370361,0.00213,0.00012,0.00106,0.00261,0.00000,0.00130,0.00723
1403715536.161553144454956,0.00244,0.00016,0.00293,0.00223,0.00484,0.00109,0.01370
1403715536.211546897888184,0.00214,0.00011,0.00031,0.00295,0.00050,0.00090,0.00690
1403715536.261528253555298,0.00236,0.00013,0.00036,0.00306,0.00000,0.00123,0.00714
1403715536.311511278152466,0.00255,0.00015,0.00067,0.00272,0.00000,0.00113,0.00722
1403715536.361475944519043,0.00199,0.00014,0.00009,0.00261,0.00047,0.00092,0.00621
1403715536.411455869674683,0.00241,0.00013,0.00141,0.00243,0.00232,0.00118,0.00988
1403715536.461438417434692,0.00277,0.00015,0.00224,0.00232,0.00141,0.00094,0.00983
1403715536.511452198028564,0.00224,0.00012,0.00023,0.00251,0.00212,0.00091,0.00813
1403715536.561469554901123,0.00197,0.00012,0.00040,0.00290,0.00000,0.00078,0.00619
1403715536.611518859863281,0.00276,0.00018,0.00096,0.00277,0.00309,0.00138,0.01114
1403715536.661550998687744,0.00229,0.00015,0.00038,0.00292,0.00000,0.00105,0.00678
1403715536.711576938629150,0.00219,0.00011,0.00107,0.00260,0.00000,0.00090,0.00687
1403715536.761605978012085,0.00283,0.00017,0.00155,0.00193,0.00371,0.00109,0.01128
1403715536.811624526977539,0.00266,0.00011,0.00163,0.00194,0.00033,0.00106,0.00772
1403715536.861648797988892,0.00248,0.00013,0.00090,0.00187,0.00000,0.00084,0.00621
1403715536.911663770675659,0.00244,0.00011,0.00077,0.00176,0.00002,0.00085,0.00596
1403715536.961673974990845,0.00235,0.00011,0.00057,0.00165,0.00000,0.00157,0.00625
1403715537.011682510375977,0.00231,0.00012,0.00094,0.00141,0.00129,0.00100,0.00706
1403715537.061687707901001,0.00276,0.00016,0.00041,0.00148,0.00207,0.00106,0.00793
1403715537.111696958541870,0.00271,0.00015,0.00048,0.00135,0.00000,0.00111,0.00581
1403715537.161707878112793,0.00232,0.00008,0.00100,0.00136,0.00062,0.00088,0.00626
1403715537.211708068847656,0.00235,0.00009,0.00080,0.00112,0.00012,0.00085,0.00534
1403715537.261714696884155,0.00224,0.00014,0.00077,0.00095,0.00000,0.00103,0.00513
1403715537.311719417572021,0.00276,0.00013,0.00101,0.00091,0.00477,0.00115,0.01073
1403715537.361736774444580,0.00211,0.00013,0.00050,0.00142,0.00131,0.00087,0.00635
1403715537.411812782287598,0.00303,0.00015,0.00010,0.00162,0.00243,0.00109,0.00841
1403715537.461877584457397,0.00209,0.00009,0.00191,0.00169,0.00109,0.00078,0.00764
1403715537.511894702911377,0.00275,0.00016,0.00090,0.00179,0.00194,0.00114,0.00868
1403715537.561882019042969,0.00240,0.00013,0.00080,0.00218,0.00001,0.00089,0.00640
1403715537.611886501312256,0.00285,0.00011,0.00180,0.00183,0.00454,0.00113,0.01227
1403715537.661889553070068,0.00245,0.00015,0.00019,0.00240,0.00054,0.00108,0.00682
1403715537.711901187896729,0.00236,0.00010,0.00018,0.00258,0.00002,0.00095,0.00619
1403715537.761904239654541,0.00244,0.00015,0.00031,0.00287,0.00013,0.00110,0.00699
1403715537.811927556991577,0.00221,0.00015,0.00029,0.00295,0.00340,0.00109,0.01010
1403715537.861935853958130,0.00196,0.00015,0.00202,0.00341,0.00159,0.00096,0.01009
1403715537.911939620971680,0.00248,0.00012,0.00147,0.00362,0.00000,0.00107,0.00877
1403715537.961928367614746,0.00210,0.00019,0.00233,0.00360,0.00000,0.00108,0.00931
1403715538.011907577514648,0.00226,0.00017,0.00014,0.00372,0.00000,0.00115,0.00746
1403715538.061886072158813,0.00226,0.00013,0.00214,0.00436,0.00051,0.00099,0.01039
1403715538.111864089965820,0.00264,0.00013,0.00147,0.00350,0.00000,0.00098,0.00872
1403715538.161840200424194,0.00252,0.00013,0.00375,0.00326,0.00010,0.00099,0.01076
1403715538.211842298507690,0.00214,0.00018,0.00130,0.00349,0.00048,0.00106,0.00864
1403715538.261844873428345,0.00371,0.00017,0.00410,0.00331,0.00038,0.00110,0.01277
1403715538.311847925186157,0.00210,0.00014,0.00016,0.00373,0.00000,0.00097,0.00710
1403715538.361850023269653,0.00228,0.00018,0.00066,0.00314,0.00019,0.00112,0.00758
1403715538.411859750747681,0.00259,0.00025,0.00024,0.00353,0.00000,0.00115,0.00776
1403715538.461864709854126,0.00196,0.00013,0.00263,0.00322,0.00010,0.00099,0.00903
1403715538.511863470077515,0.00200,0.00011,0.00248,0.00336,0.00000,0.00117,0.00911
1403715538.561863899230957,0.00353,0.00016,0.00163,0.00306,0.00046,0.00121,0.01006
1403715538.611868619918823,0.00225,0.00010,0.00064,0.00307,0.00010,0.00106,0.00721
1403715538.661871910095215,0.00258,0.00017,0.00093,0.00297,0.00073,0.00139,0.00876
1403715538.711875200271606,0.00290,0.00019,0.00022,0.00312,0.00038,0.00129,0.00810
1403715538.761878967285156,0.00214,0.00013,0.00244,0.00299,0.00118,0.00104,0.00992
1403715538.811882495880127,0.00236,0.00017,0.00409,0.00311,0.00010,0.00112,0.01096
1403715538.861888885498047,0.00197,0.00010,0.00284,0.00336,0.00000,0.00089,0.00917
1403715538.911888837814331,0.00156,0.00010,0.00041,0.00287,0.00000,0.00085,0.00579
1403715538.961888074874878,0.00227,0.00018,0.00003,0.00308,0.00000,0.00129,0.00685
1403715539.011883497238159,0.00193,0.00016,0.00108,0.00316,0.00000,0.00109,0.00743
1403715539.061881780624390,0.00236,0.00018,0.00112,0.00292,0.00161,0.00110,0.00929
1403715539.111885786056519,0.00305,0.00014,0.00720,0.00314,0.00151,0.00107,0.01610
1403715539.161881685256958,0.00244,0.00013,0.00073,0.00353,0.00000,0.00108,0.00791
1403715539.211880207061768,0.00222,0.00018,0.00043,0.00342,0.00000,0.00113,0.00739
1403715539.261882305145264,0.00247,0.00025,0.00167,0.00315,0.00000,0.00141,0.00896
1403715539.311885833740234,0.00217,0.00013,0.00073,0.00285,0.00001,0.00108,0.00697
1403715539.361891031265259,0.00208,0.00014,0.00024,0.00286,0.00254,0.00091,0.00877
1403715539.411898851394653,0.00230,0.00019,0.00212,0.00308,0.00001,0.00118,0.00889
1403715539.461899518966675,0.00212,0.00012,0.00228,0.00265,0.00068,0.00090,0.00877
1403715539.511917352676392,0.00191,0.00009,0.00012,0.00238,0.00034,0.00088,0.00571
1403715539.561933040618896,0.00319,0.00018,0.00019,0.00219,0.00000,0.00120,0.00694
1403715539.611943960189819,0.00204,0.00011,0.00062,0.00206,0.00032,0.00092,0.00609
1403715539.661966323852539,0.00184,0.00011,0.00590,0.00201,0.00784,0.00152,0.01922
1403715539.711963891983032,0.00217,0.00014,0.00354,0.00316,0.00085,0.00120,0.01106
1403715539.761961460113525,0.00214,0.00013,0.00001,0.00340,0.00078,0.00092,0.00739
1403715539.811959981918335,0.00179,0.00011,0.00085,0.00395,0.00000,0.00138,0.00808
1403715539.861953973770142,0.00211,0.00013,0.00047,0.00342,0.00002,0.00105,0.00721
1403715539.911949396133423,0.00182,0.00011,0.00001,0.00336,0.00003,0.00092,0.00625
1403715539.961947917938232,0.00174,0.00009,0.00001,0.00359,0.00000,0.00088,0.00631
1403715540.011934995651245,0.00218,0.00010,0.00052,0.00332,0.00075,0.00095,0.00782
1403715540.061923742294312,0.00217,0.00014,0.00102,0.00335,0.00037,0.00093,0.00798
1403715540.111936092376709,0.00193,0.00010,0.00898,0.00363,0.00000,0.00087,0.01552
1403715540.161940097808838,0.00194,0.00009,0.00043,0.00312,0.00002,0.00088,0.00649
1403715540.211955547332764,0.00224,0.00013,0.00051,0.00310,0.00000,0.00096,0.00694
1403715540.261968851089478,0.00191,0.00009,0.00424,0.00282,0.00142,0.00090,0.01137
1403715540.311985969543457,0.00189,0.00013,0.00248,0.00312,0.00086,0.00086,0.00935
1403715540.361990928649902,0.00200,0.00010,0.00029,0.00319,0.00000,0.00086,0.00645
1403715540.411993503570557,0.00185,0.00009,0.00001,0.00323,0.00000,0.00093,0.00610
1403715540.461991548538208,0.00195,0.00012,0.00007,0.00319,0.00076,0.00091,0.00700
1403715540.511987209320068,0.00292,0.00010,0.00018,0.00326,0.00073,0.00099,0.00818
1403715540.561986923217773,0.00237,0.00009,0.00032,0.00328,0.00000,0.00097,0.00704
1403715540.611984014511108,0.00232,0.00011,0.00070,0.00310,0.00000,0.00099,0.00721
1403715540.661979675292969,0.00246,0.00014,0.00085,0.00284,0.00108,0.00103,0.00839
1403715540.711982011795044,0.00211,0.00014,0.00525,0.00294,0.00213,0.00097,0.01354
1403715540.761974811553955,0.00211,0.00013,0.00102,0.00333,0.00002,0.00103,0.00765
1403715540.811973810195923,0.00215,0.00015,0.00001,0.00336,0.00000,0.00100,0.00666
1403715540.861965656280518,0.00214,0.00013,0.00391,0.00353,0.00143,0.00096,0.01209
1403715540.911961317062378,0.00213,0.00014,0.00330,0.00365,0.00000,0.00092,0.01014
1403715540.961962699890137,0.00208,0.00014,0.00166,0.00351,0.00000,0.00099,0.00838
1403715541.011963605880737,0.00197,0.00011,0.00030,0.00314,0.00000,0.00108,0.00660
1403715541.061973571777344,0.00289,0.00045,0.00800,0.00285,0.00199,0.00113,0.01731
1403715541.111979961395264,0.00267,0.00018,0.00026,0.00332,0.00001,0.00119,0.00763
1403715541.161978244781494,0.00237,0.00028,0.00037,0.00320,0.00000,0.00146,0.00768
1403715541.211972475051880,0.00257,0.00015,0.00029,0.00257,0.00000,0.00096,0.00654
1403715541.261964082717896,0.00349,0.00016,0.00050,0.00253,0.00000,0.00174,0.00843
1403715541.311965227127075,0.00257,0.00010,0.00169,0.00282,0.00501,0.00114,0.01333
1403715541.361968517303467,0.00234,0.00011,0.00162,0.00274,0.00000,0.00118,0.00800
1403715541.411973476409912,0.00207,0.00009,0.00047,0.00226,0.00000,0.00095,0.00585
1403715541.461974382400513,0.00225,0.00013,0.00046,0.00225,0.00439,0.00148,0.01096
1403715541.511975049972534,0.00283,0.00011,0.00026,0.00270,0.00285,0.00094,0.00969
1403715541.561976432800293,0.00228,0.00024,0.00085,0.00289,0.00000,0.00144,0.00770
1403715541.611974477767944,0.00287,0.00019,0.00099,0.00242,0.00142,0.00126,0.00916
1403715541.661976099014282,0.00247,0.00016,0.00385,0.00263,0.00175,0.00108,0.01194
1403715541.711975812911987,0.00227,0.00012,0.00060,0.00187,0.00000,0.00103,0.00589
1403715541.761973619461060,0.00262,0.00015,0.00153,0.00106,0.00000,0.00130,0.00666
1403715541.811968564987183,0.00326,0.00015,0.00148,0.00059,0.00621,0.00103,0.01273
1403715541.861959457397461,0.00290,0.00016,0.00030,0.00145,0.00000,0.00154,0.00635
1403715541.911952972412109,0.00289,0.00014,0.00033,0.00080,0.00001,0.00101,0.00518
1403715541.961950063705444,0.00266,0.00013,0.00035,0.00032,0.00000,0.00151,0.00496
1403715542.011947870254517,0.00281,0.00013,0.00037,0.00028,0.00000,0.00105,0.00465
1403715542.061932563781738,0.00230,0.00008,0.00031,0.00010,0.00184,0.00143,0.00607
1403715542.111932516098022,0.00269,0.00008,0.00073,0.00026,0.00000,0.00110,0.00485
1403715542.161937236785889,0.00265,0.00011,0.00067,0.00020,0.00515,0.00155,0.01034
1403715542.211937189102173,0.00234,0.00009,0.00092,0.00062,0.00000,0.00090,0.00487
1403715542.261931657791138,0.00280,0.00008,0.00045,0.00049,0.00248,0.00135,0.00766
1403715542.311932086944580,0.00296,0.00013,0.00042,0.00108,0.00075,0.00111,0.00646
1403715542.361935853958130,0.00238,0.00008,0.00107,0.00056,0.00100,0.00112,0.00621
1403715542.411938190460205,0.00298,0.00013,0.00047,0.00055,0.00151,0.00113,0.00677
1403715542.461938858032227,0.00313,0.00011,0.00025,0.00054,0.00000,0.00115,0.00519
1403715542.511937141418457,0.00266,0.00008,0.00032,0.00025,0.00006,0.00084,0.00421
1403715542.561941862106323,0.00263,0.00008,0.00048,0.00017,0.00399,0.00133,0.00867
1403715542.611949205398560,0.00300,0.00010,0.00008,0.00061,0.00032,0.00092,0.00505
1403715542.661954402923584,0.00231,0.00010,0.00021,0.00073,0.00000,0.00125,0.00461
1403715542.711959362030029,0.00279,0.00009,0.00024,0.00072,0.00060,0.00092,0.00536
1403715542.761961698532104,0.00255,0.00011,0.00004,0.00086,0.00162,0.00147,0.00664
1403715542.811967372894287,0.00239,0.00008,0.00024,0.00106,0.00026,0.00095,0.00498
1403715542.861967325210571,0.00260,0.00013,0.00003,0.00113,0.00000,0.00129,0.00518
1403715542.911961555480957,0.00271,0.00012,0.00046,0.00110,0.00210,0.00114,0.00763
1403715542.961970806121826,0.00218,0.00013,0.00118,0.00142,0.00358,0.00121,0.00970
1403715543.011974573135376,0.00331,0.00018,0.00073,0.00190,0.00513,0.00093,0.01218
1403715543.061976671218872,0.00291,0.00018,0.00003,0.00238,0.00288,0.00124,0.00962
1403715543.111976146697998,0.00210,0.00013,0.00037,0.00266,0.00288,0.00101,0.00915
1403715543.161976814270020,0.00224,0.00011,0.00403,0.00338,0.00149,0.00142,0.01267
1403715543.211978912353516,0.00254,0.00011,0.00256,0.00361,0.00000,0.00085,0.00967
1403715543.261979579925537,0.00193,0.00012,0.00250,0.00331,0.00000,0.00083,0.00868
1403715543.311977148056030,0.00252,0.00021,0.00319,0.00360,0.00000,0.00152,0.01104
1403715543.361974000930786,0.00264,0.00015,0.00001,0.00345,0.00014,0.00119,0.00757
1403715543.411971092224121,0.00218,0.00012,0.00003,0.00348,0.00000,0.00112,0.00693
1403715543.461968898773193,0.00204,0.00012,0.00011,0.00331,0.00000,0.00089,0.00647
1403715543.511968135833740,0.00206,0.00009,0.00032,0.00321,0.00008,0.00086,0.00662
1403715543.561974525451660,0.00178,0.00011,0.00001,0.00326,0.00183,0.00085,0.00783
1403715543.611981868743896,0.00171,0.00010,0.00122,0.00351,0.00000,0.00086,0.00741
1403715543.661988973617554,0.00241,0.00015,0.00084,0.00391,0.00000,0.00133,0.00863
1403715543.711987257003784,0.00199,0.00012,0.00048,0.00387,0.00000,0.00108,0.00754
1403715543.761981725692749,0.00228,0.00014,0.00402,0.00357,0.00000,0.00118,0.01119
1403715543.811978578567505,0.00225,0.00012,0.00322,0.00371,0.00000,0.00098,0.01028
1403715543.861972808837891,0.00231,0.00014,0.00155,0.00316,0.00073,0.00130,0.00919
1403715543.911966323852539,0.00199,0.00010,0.00247,0.00334,0.00155,0.00112,0.01058
1403715543.961960077285767,0.00223,0.00017,0.00164,0.00347,0.00000,0.00103,0.00854
1403715544.011954784393311,0.00201,0.00012,0.00013,0.00359,0.00000,0.00093,0.00678
1403715544.061950922012329,0.00200,0.00010,0.00086,0.00345,0.00045,0.00128,0.00812
1403715544.111943483352661,0.00232,0.00014,0.00138,0.00275,0.00071,0.00109,0.00839
1403715544.161944389343262,0.00247,0.00010,0.00063,0.00236,0.00000,0.00084,0.00640
1403715544.211942911148071,0.00270,0.00017,0.00010,0.00225,0.00064,0.00141,0.00727
1403715544.261940002441406,0.00278,0.00013,0.00198,0.00171,0.00015,0.00102,0.00776
1403715544.311938762664795,0.00193,0.00010,0.00021,0.00137,0.00097,0.00101,0.00560
1403715544.361934661865234,0.00235,0.00010,0.00051,0.00132,0.00321,0.00080,0.00828
1403715544.411932706832886,0.00290,0.00016,0.00036,0.00159,0.00175,0.00161,0.00837
1403715544.461932420730591,0.00270,0.00017,0.00048,0.00189,0.00031,0.00106,0.00661
1403715544.511931419372559,0.00234,0.00012,0.00019,0.00204,0.00384,0.00121,0.00974
1403715544.561929941177368,0.00212,0.00012,0.00016,0.00270,0.00157,0.00083,0.00749
1403715544.611929655075073,0.00210,0.00020,0.00021,0.00253,0.00000,0.00117,0.00622
1403715544.661925077438354,0.00220,0.00009,0.00033,0.00229,0.00000,0.00083,0.00576
1403715544.711915969848633,0.00213,0.00010,0.00040,0.00235,0.00195,0.00082,0.00774
1403715544.761907815933228,0.00199,0.00009,0.00015,0.00268,0.00341,0.00088,0.00921
1403715544.811903953552246,0.00244,0.00011,0.00018,0.00326,0.00147,0.00088,0.00834
1403715544.861903429031372,0.00203,0.00010,0.00003,0.00358,0.00000,0.00085,0.00660
1403715544.911904096603394,0.00187,0.00013,0.00001,0.00373,0.00218,0.00118,0.00910
1403715544.961905241012573,0.00221,0.00020,0.00284,0.00396,0.00000,0.00119,0.01039
1403715545.011906147003174,0.00211,0.00022,0.00352,0.00387,0.00000,0.00087,0.01058
1403715545.061906576156616,0.00246,0.00013,0.00237,0.00384,0.00000,0.00097,0.00977
1403715545.111905336380005,0.00246,0.00021,0.00091,0.00391,0.00013,0.00144,0.00907
1403715545.161906480789185,0.00254,0.00013,0.00203,0.00387,0.00014,0.00088,0.00959
1403715545.211906433105469,0.00243,0.00009,0.00192,0.00381,0.00038,0.00158,0.01022
1403715545.261909484863281,0.00222,0.00013,0.00036,0.00392,0.00000,0.00099,0.00762
1403715545.311909675598145,0.00215,0.00010,0.00300,0.00435,0.00047,0.00172,0.01178
1403715545.361911058425903,0.00224,0.00016,0.00204,0.00382,0.00000,0.00116,0.00944
1403715545.411912679672241,0.00284,0.00010,0.00001,0.00390,0.00041,0.00156,0.00881
1403715545.461914777755737,0.00267,0.00018,0.00038,0.00393,0.00000,0.00130,0.00846
1403715545.511916160583496,0.00242,0.00012,0.00046,0.00369,0.00000,0.00200,0.00869
1403715545.561916828155518,0.00209,0.00010,0.00227,0.00380,0.00051,0.00127,0.01004
1403715545.611917018890381,0.00228,0.00010,0.00616,0.00385,0.00015,0.00145,0.01399
1403715545.661917209625244,0.00228,0.00014,0.00222,0.00354,0.00000,0.00101,0.00919
1403715545.711916446685791,0.00228,0.00011,0.00003,0.00382,0.00080,0.00148,0.00852
1403715545.761916160583496,0.00234,0.00014,0.00199,0.00378,0.00001,0.00101,0.00928
1403715545.811915874481201,0.00244,0.00015,0.00078,0.00352,0.00015,0.00157,0.00861
1403715545.861915588378906,0.00242,0.00016,0.00040,0.00389,0.00000,0.00103,0.00790
1403715545.911916732788086,0.00337,0.00015,0.00201,0.00400,0.00122,0.00177,0.01253
1403715545.961907625198364,0.00220,0.00018,0.00422,0.00402,0.00074,0.00106,0.01242
1403715546.011908531188965,0.00242,0.00017,0.00018,0.00366,0.00000,0.00091,0.00734
1403715546.061909437179565,0.00238,0.00018,0.00022,0.00404,0.00000,0.00119,0.00801
1403715546.111909151077271,0.00223,0.00027,0.00003,0.00367,0.00010,0.00158,0.00789
1403715546.161907196044922,0.00241,0.00014,0.00203,0.00347,0.00072,0.00102,0.00979
1403715546.211901903152466,0.00242,0.00028,0.00399,0.00319,0.00079,0.00152,0.01220
1403715546.261901617050171,0.00184,0.00010,0.00143,0.00354,0.00222,0.00119,0.01032
1403715546.311902046203613,0.00283,0.00031,0.00010,0.00306,0.00010,0.00171,0.00811
1403715546.361902236938477,0.00259,0.00016,0.00129,0.00272,0.00079,0.00108,0.00862
1403715546.411901473999023,0.00231,0.00018,0.00035,0.00286,0.00015,0.00165,0.00750
1403715546.461895942687988,0.00224,0.00013,0.00631,0.00307,0.00302,0.00096,0.01573
1403715546.511895656585693,0.00222,0.00027,0.00062,0.00342,0.00085,0.00142,0.00879
1403715546.561896800994873,0.00238,0.00013,0.00328,0.00313,0.00036,0.00100,0.01027
1403715546.611896038055420,0.00333,0.00013,0.00088,0.00321,0.00000,0.00149,0.00904
1403715546.661894321441650,0.00300,0.00010,0.00010,0.00265,0.00002,0.00101,0.00688
1403715546.711887359619141,0.00255,0.00026,0.00075,0.00240,0.00000,0.00160,0.00756
1403715546.761880874633789,0.00258,0.00012,0.00068,0.00213,0.00088,0.00108,0.00747
1403715546.811877489089966,0.00292,0.00010,0.00018,0.00182,0.00350,0.00162,0.01015
1403715546.861880064010620,0.00256,0.00014,0.00095,0.00193,0.00105,0.00117,0.00779
1403715546.911882877349854,0.00259,0.00009,0.00042,0.00199,0.00014,0.00134,0.00657
1403715546.961894512176514,0.00246,0.00012,0.00123,0.00161,0.00003,0.00103,0.00647
1403715547.011900424957275,0.00217,0.00013,0.00173,0.00135,0.00069,0.00096,0.00703
1403715547.061905145645142,0.00198,0.00011,0.00089,0.00150,0.00231,0.00121,0.00801
1403715547.111908197402954,0.00340,0.00014,0.00083,0.00184,0.00000,0.00161,0.00783
1403715547.161911249160767,0.00326,0.00011,0.00660,0.00108,0.01166,0.00092,0.02363
1403715547.211911916732788,0.00275,0.00011,0.00036,0.00211,0.00000,0.00174,0.00706
1403715547.261912584304810,0.00353,0.00012,0.00037,0.00175,0.00000,0.00113,0.00691
1403715547.311912775039673,0.00242,0.00011,0.00032,0.00143,0.00008,0.00141,0.00578
1403715547.361913919448853,0.00235,0.00011,0.00033,0.00137,0.00115,0.00087,0.00618
1403715547.411914587020874,0.00292,0.00009,0.00063,0.00113,0.00007,0.00134,0.00618
1403715547.461915493011475,0.00256,0.00014,0.00083,0.00097,0.00000,0.00122,0.00572
1403715547.511916160583496,0.00275,0.00010,0.00064,0.00060,0.00002,0.00158,0.00570
1403715547.561917543411255,0.00313,0.00009,0.00055,0.00049,0.00002,0.00091,0.00519
1403715547.611919164657593,0.00235,0.00008,0.00093,0.00047,0.00000,0.00126,0.00509
1403715547.661921739578247,0.00232,0.00008,0.00011,0.00041,0.00141,0.00091,0.00524
1403715547.711924552917480,0.00227,0.00010,0.00109,0.00045,0.01116,0.00145,0.01652
1403715547.761925220489502,0.00292,0.00011,0.00120,0.00155,0.00560,0.00113,0.01249
1403715547.811926126480103,0.00263,0.00013,0.00057,0.00146,0.00000,0.00102,0.00582
1403715547.861926555633545,0.00221,0.00011,0.00079,0.00125,0.00000,0.00094,0.00530
1403715547.911926269531250,0.00255,0.00009,0.00084,0.00086,0.00000,0.00112,0.00546
1403715547.961925745010376,0.00316,0.00014,0.00115,0.00070,0.00464,0.00108,0.01087
1403715548.011926412582397,0.00276,0.00014,0.00020,0.00144,0.00000,0.00126,0.00580
1403715548.061928510665894,0.00269,0.00009,0.00028,0.00120,0.00000,0.00097,0.00523
1403715548.111932039260864,0.00230,0.00009,0.00059,0.00074,0.00434,0.00139,0.00945
1403715548.161933422088623,0.00269,0.00013,0.00034,0.00118,0.00018,0.00106,0.00558
1403715548.211933374404907,0.00213,0.00011,0.00015,0.00129,0.00002,0.00109,0.00479
1403715548.261934041976929,0.00269,0.00009,0.00041,0.00115,0.00002,0.00092,0.00529
1403715548.311938047409058,0.00245,0.00009,0.00042,0.00118,0.00409,0.00130,0.00953
1403715548.361939668655396,0.00287,0.00014,0.00044,0.00152,0.00174,0.00107,0.00778
1403715548.411938190460205,0.00248,0.00012,0.00009,0.00182,0.00116,0.00131,0.00697
1403715548.461939573287964,0.00254,0.00011,0.00035,0.00164,0.00364,0.00116,0.00945
1403715548.511945247650146,0.00254,0.00013,0.00076,0.00193,0.00096,0.00164,0.00795
1403715548.561951398849487,0.00250,0.00011,0.00001,0.00202,0.00133,0.00096,0.00692
1403715548.611947774887085,0.00241,0.00013,0.00040,0.00213,0.00329,0.00095,0.00932
1403715548.661950588226318,0.00238,0.00010,0.00059,0.00196,0.00131,0.00088,0.00722
1403715548.711950302124023,0.00263,0.00015,0.00037,0.00227,0.00334,0.00142,0.01018
1403715548.761949777603149,0.00265,0.00016,0.00049,0.00316,0.00002,0.00089,0.00737
1403715548.811949253082275,0.00245,0.00014,0.00084,0.00243,0.00068,0.00125,0.00780
1403715548.861950159072876,0.00242,0.00016,0.00137,0.00229,0.00468,0.00119,0.01212
1403715548.911951303482056,0.00290,0.00029,0.00022,0.00322,0.00072,0.00149,0.00885
1403715548.961954593658447,0.00280,0.00018,0.00034,0.00338,0.00011,0.00110,0.00790
1403715549.011954307556152,0.00222,0.00010,0.00062,0.00339,0.00000,0.00112,0.00745
1403715549.061956644058228,0.00244,0.00012,0.00013,0.00284,0.00000,0.00123,0.00676
1403715549.111956596374512,0.00272,0.00013,0.00155,0.00259,0.00000,0.00128,0.00827
1403715549.161951303482056,0.00241,0.00019,0.00072,0.00241,0.00222,0.00109,0.00904
1403715549.211938619613647,0.00278,0.00012,0.00032,0.00224,0.00174,0.00121,0.00843
1403715549.261934995651245,0.00251,0.00013,0.00016,0.00253,0.00179,0.00239,0.00952
1403715549.311935663223267,0.00262,0.00013,0.00043,0.00263,0.00021,0.00141,0.00744
1403715549.361943960189819,0.00255,0.00011,0.00160,0.00301,0.00513,0.00111,0.01351
1403715549.411955356597900,0.00220,0.00012,0.00006,0.00391,0.00000,0.00119,0.00747
1403715549.461967706680298,0.00213,0.00010,0.00196,0.00388,0.00000,0.00091,0.00898
1403715549.511969089508057,0.00249,0.00017,0.00250,0.00364,0.00000,0.00106,0.00988
1403715549.561969041824341,0.00268,0.00013,0.00096,0.00342,0.00000,0.00112,0.00831
1403715549.611967802047729,0.00225,0.00011,0.00014,0.00298,0.00000,0.00097,0.00646
1403715549.661966800689697,0.00292,0.00010,0.00126,0.00302,0.00213,0.00091,0.01035
1403715549.711969137191772,0.00247,0.00019,0.00024,0.00429,0.00000,0.00113,0.00832
1403715549.761972427368164,0.00310,0.00015,0.00105,0.00269,0.00084,0.00283,0.01065
1403715549.811976432800293,0.00268,0.00013,0.00138,0.00286,0.00222,0.00104,0.01032
1403715549.861977338790894,0.00273,0.00010,0.00069,0.00316,0.00000,0.00205,0.00872
1403715549.911978483200073,0.00257,0.00013,0.00205,0.00289,0.00189,0.00111,0.01065
1403715549.961977005004883,0.00351,0.00017,0.00071,0.00326,0.00145,0.00266,0.01176
1403715550.011978864669800,0.00298,0.00014,0.00042,0.00380,0.00000,0.00110,0.00843
1403715550.061981678009033,0.00274,0.00015,0.00097,0.00314,0.00146,0.00235,0.01081
1403715550.111982822418213,0.00247,0.00010,0.00025,0.00298,0.00000,0.00089,0.00669
1403715550.161982536315918,0.00258,0.00009,0.00060,0.00286,0.00054,0.00212,0.00879
1403715550.211978673934937,0.00280,0.00021,0.00118,0.00278,0.00121,0.00113,0.00932
1403715550.261980295181274,0.00269,0.00017,0.00069,0.00313,0.00133,0.00194,0.00995
1403715550.311975955963135,0.00199,0.00009,0.00034,0.00162,0.00226,0.00073,0.00704
1403715550.361974239349365,0.00321,0.00010,0.00023,0.00174,0.00040,0.00185,0.00753
1403715550.411972761154175,0.00253,0.00009,0.00052,0.00146,0.00350,0.00070,0.00880
1403715550.461973428726196,0.00361,0.00012,0.00007,0.00152,0.00000,0.00247,0.00778
1403715550.511976242065430,0.00265,0.00013,0.00119,0.00160,0.00146,0.00091,0.00793
1403715550.561975717544556,0.00320,0.00012,0.00046,0.00171,0.00132,0.00194,0.00874
1403715550.611968994140625,0.00333,0.00016,0.00018,0.00199,0.00330,0.00110,0.01008
1403715550.661964893341064,0.00216,0.00010,0.00032,0.00214,0.00000,0.00080,0.00551
1403715550.711959123611450,0.00211,0.00010,0.00044,0.00179,0.00000,0.00080,0.00526
1403715550.761957168579102,0.00338,0.00016,0.00052,0.00217,0.00008,0.00228,0.00861
1403715550.811951875686646,0.00249,0.00011,0.00047,0.00182,0.00629,0.00097,0.01216
1403715550.861948728561401,0.00236,0.00016,0.00108,0.00289,0.00011,0.00142,0.00802
1403715550.911941528320312,0.00323,0.00016,0.00113,0.00244,0.00513,0.00114,0.01323
1403715550.961939573287964,0.00227,0.00019,0.00041,0.00333,0.00000,0.00101,0.00721
1403715551.011941671371460,0.00272,0.00014,0.00267,0.00301,0.00220,0.00105,0.01178
1403715551.061937808990479,0.00239,0.00014,0.00053,0.00325,0.00019,0.00110,0.00760
1403715551.111934185028076,0.00235,0.00015,0.00048,0.00306,0.00049,0.00114,0.00767
1403715551.161936521530151,0.00218,0.00011,0.00277,0.00202,0.00194,0.00088,0.00990
1403715551.211935997009277,0.00276,0.00018,0.00073,0.00159,0.00000,0.00106,0.00633
1403715551.261936664581299,0.00306,0.00016,0.00032,0.00161,0.00007,0.00109,0.00632
1403715551.311937093734741,0.00210,0.00009,0.00019,0.00158,0.00301,0.00214,0.00911
1403715551.361937522888184,0.00269,0.00011,0.00021,0.00197,0.00036,0.00101,0.00636
1403715551.411937713623047,0.00204,0.00010,0.00039,0.00146,0.00007,0.00193,0.00599
1403715551.461938858032227,0.00271,0.00011,0.00126,0.00100,0.00349,0.00091,0.00948
1403715551.511940002441406,0.00231,0.00012,0.00168,0.00109,0.00013,0.00196,0.00728
1403715551.561941385269165,0.00249,0.00008,0.00041,0.00057,0.00006,0.00086,0.00448
1403715551.611939191818237,0.00245,0.00013,0.00073,0.00045,0.00371,0.00104,0.00850
1403715551.661939859390259,0.00307,0.00015,0.00028,0.00062,0.00000,0.00117,0.00528
1403715551.711939573287964,0.00260,0.00010,0.00084,0.00071,0.00010,0.00092,0.00528
1403715551.761937618255615,0.00225,0.00008,0.00009,0.00037,0.00492,0.00112,0.00884
1403715551.811937808990479,0.00254,0.00014,0.00067,0.00071,0.00248,0.00103,0.00757
1403715551.861936569213867,0.00222,0.00008,0.00112,0.00109,0.00000,0.00091,0.00542
1403715551.911936998367310,0.00247,0.00008,0.00076,0.00118,0.00083,0.00086,0.00619
1403715551.961936473846436,0.00271,0.00009,0.00022,0.00123,0.00000,0.00122,0.00547
1403715552.011936426162720,0.00220,0.00013,0.00130,0.00096,0.00000,0.00103,0.00561
1403715552.061937808990479,0.00258,0.00010,0.00088,0.00087,0.00213,0.00094,0.00750
1403715552.111940622329712,0.00207,0.00008,0.00086,0.00121,0.00059,0.00090,0.00572
1403715552.161938428878784,0.00194,0.00008,0.00046,0.00152,0.00471,0.00122,0.00994
1403715552.211940288543701,0.00288,0.00015,0.00082,0.00177,0.00257,0.00109,0.00928
1403715552.261940479278564,0.00199,0.00012,0.00067,0.00195,0.00332,0.00084,0.00890
1403715552.311939477920532,0.00181,0.00011,0.00020,0.00239,0.00292,0.00094,0.00836
1403715552.361940383911133,0.00282,0.00013,0.00039,0.00248,0.00211,0.00094,0.00887
1403715552.411940574645996,0.00202,0.00011,0.00185,0.00229,0.00072,0.00085,0.00783
1403715552.461939334869385,0.00242,0.00012,0.00050,0.00171,0.00709,0.00082,0.01266
1403715552.511939048767090,0.00198,0.00012,0.00065,0.00268,0.00037,0.00088,0.00668
1403715552.561939239501953,0.00184,0.00010,0.00021,0.00246,0.00000,0.00083,0.00545
1403715552.611940860748291,0.00248,0.00014,0.00244,0.00205,0.00283,0.00115,0.01110
1403715552.661940574645996,0.00270,0.00016,0.00016,0.00207,0.00000,0.00107,0.00617
1403715552.711940526962280,0.00191,0.00013,0.00029,0.00191,0.00002,0.00088,0.00514
1403715552.761940956115723,0.00276,0.00013,0.00148,0.00182,0.00667,0.00133,0.01420
1403715552.811942577362061,0.00329,0.00013,0.00008,0.00232,0.00000,0.00111,0.00693
1403715552.861944675445557,0.00205,0.00009,0.00137,0.00200,0.00002,0.00214,0.00768
1403715552.911945581436157,0.00296,0.00017,0.00036,0.00180,0.00436,0.00116,0.01082
1403715552.961947202682495,0.00243,0.00013,0.00063,0.00192,0.00032,0.00259,0.00803
1403715553.011949777603149,0.00224,0.00011,0.00011,0.00187,0.00449,0.00083,0.00965
1403715553.061952590942383,0.00215,0.00010,0.00043,0.00225,0.00000,0.00156,0.00649
1403715553.111954927444458,0.00309,0.00015,0.00001,0.00246,0.00000,0.00124,0.00696
1403715553.161958932876587,0.00229,0.00013,0.00234,0.00224,0.00605,0.00091,0.01395
1403715553.211960554122925,0.00217,0.00010,0.00060,0.00221,0.00191,0.00090,0.00789
1403715553.261961460113525,0.00258,0.00009,0.00126,0.00215,0.00000,0.00197,0.00806
1403715553.311962604522705,0.00294,0.00015,0.00095,0.00202,0.00222,0.00123,0.00951
1403715553.361965894699097,0.00213,0.00010,0.00021,0.00244,0.00453,0.00210,0.01152
1403715553.411965131759644,0.00331,0.00014,0.00021,0.00270,0.00000,0.00093,0.00729
1403715553.461964845657349,0.00265,0.00010,0.00057,0.00204,0.00000,0.00173,0.00709
1403715553.511968135833740,0.00264,0.00011,0.00040,0.00176,0.00502,0.00082,0.01076
1403715553.561971426010132,0.00248,0.00018,0.00182,0.00258,0.00000,0.00193,0.00899
1403715553.611979007720947,0.00273,0.00012,0.00104,0.00216,0.00068,0.00085,0.00757
1403715553.661982536315918,0.00243,0.00009,0.00096,0.00169,0.00272,0.00080,0.00870
1403715553.711981296539307,0.00234,0.00011,0.00006,0.00164,0.00000,0.00087,0.00502
1403715553.761985301971436,0.00197,0.00008,0.00031,0.00155,0.00168,0.00204,0.00765
1403715553.811984062194824,0.00276,0.00015,0.00029,0.00172,0.00378,0.00104,0.00975
1403715553.861984968185425,0.00262,0.00012,0.00034,0.00181,0.00071,0.00079,0.00640
1403715553.911985635757446,0.00248,0.00016,0.00036,0.00256,0.00002,0.00160,0.00720
1403715553.961996078491211,0.00228,0.00009,0.00026,0.00177,0.00352,0.00197,0.00991
1403715554.011996984481812,0.00277,0.00010,0.00054,0.00187,0.00000,0.00080,0.00609
1403715554.061997890472412,0.00217,0.00009,0.00073,0.00167,0.00330,0.00191,0.00988
1403715554.111999750137329,0.00277,0.00012,0.00059,0.00179,0.00001,0.00081,0.00609
1403715554.162001371383667,0.00302,0.00016,0.00046,0.00170,0.00002,0.00238,0.00773
1403715554.212002992630005,0.00344,0.00018,0.00078,0.00140,0.00238,0.00104,0.00922
1403715554.262005567550659,0.00229,0.00011,0.00080,0.00164,0.00000,0.00200,0.00684
1403715554.312004327774048,0.00242,0.00011,0.00087,0.00140,0.00056,0.00073,0.00609
1403715554.362002849578857,0.00254,0.00015,0.00044,0.00143,0.00250,0.00220,0.00928
1403715554.411998987197876,0.00290,0.00013,0.00026,0.00163,0.00104,0.00092,0.00688
1403715554.461995363235474,0.00270,0.00009,0.00047,0.00165,0.00060,0.00084,0.00636
1403715554.511991977691650,0.00281,0.00012,0.00115,0.00146,0.00068,0.00100,0.00722
1403715554.561982631683350,0.00244,0.00009,0.00106,0.00122,0.00158,0.00187,0.00826
1403715554.611980199813843,0.00224,0.00009,0.00038,0.00155,0.00130,0.00105,0.00660
1403715554.661982297897339,0.00204,0.00009,0.00042,0.00100,0.00110,0.00170,0.00636
1403715554.711985111236572,0.00232,0.00010,0.00015,0.00130,0.00087,0.00107,0.00581
1403715554.761987924575806,0.00173,0.00010,0.00028,0.00112,0.00104,0.00253,0.00680
1403715554.811984539031982,0.00182,0.00008,0.00003,0.00128,0.00054,0.00077,0.00452
1403715554.861976623535156,0.00223,0.00014,0.00011,0.00146,0.00037,0.00218,0.00649
1403715554.911961793899536,0.00304,0.00009,0.00061,0.00164,0.00069,0.00097,0.00705
1403715554.961934804916382,0.00241,0.00021,0.00079,0.00131,0.00308,0.00209,0.00988
1403715555.011924982070923,0.00200,0.00009,0.00037,0.00136,0.00029,0.00078,0.00489
1403715555.061924457550049,0.00226,0.00009,0.00118,0.00111,0.00205,0.00163,0.00831
1403715555.111928939819336,0.00217,0.00009,0.00157,0.00137,0.00052,0.00074,0.00647
1403715555.161931276321411,0.00286,0.00014,0.00069,0.00128,0.00067,0.00130,0.00693
1403715555.211937904357910,0.00287,0.00010,0.00187,0.00102,0.00120,0.00081,0.00787
1403715555.261943817138672,0.00333,0.00015,0.00123,0.00094,0.00225,0.00103,0.00893
1403715555.311949968338013,0.00343,0.00009,0.00091,0.00113,0.00319,0.00081,0.00956
1403715555.361943960189819,0.00237,0.00009,0.00019,0.00115,0.00066,0.00173,0.00618
1403715555.411940813064575,0.00220,0.00009,0.00029,0.00100,0.00002,0.00073,0.00432
1403715555.461933851242065,0.00247,0.00008,0.00033,0.00076,0.00001,0.00080,0.00446
1403715555.511917352676392,0.00295,0.00013,0.00029,0.00088,0.00031,0.00118,0.00575
1403715555.561912775039673,0.00258,0.00011,0.00017,0.00077,0.00000,0.00084,0.00447
1403715555.611898422241211,0.00359,0.00017,0.00057,0.00076,0.00192,0.00112,0.00814
1403715555.661897897720337,0.00251,0.00009,0.00029,0.00100,0.00000,0.00085,0.00473
1403715555.711897373199463,0.00199,0.00009,0.00011,0.00093,0.00012,0.00081,0.00405
1403715555.761901378631592,0.00296,0.00013,0.00042,0.00093,0.00099,0.00118,0.00662
1403715555.811878204345703,0.00219,0.00013,0.00029,0.00126,0.00259,0.00112,0.00758
1403715555.861878156661987,0.00274,0.00010,0.00021,0.00133,0.00155,0.00192,0.00786
1403715555.911879777908325,0.00217,0.00010,0.00060,0.00139,0.00208,0.00081,0.00715
1403715555.961882114410400,0.00240,0.00015,0.00020,0.00160,0.00180,0.00113,0.00729
1403715556.011887550354004,0.00248,0.00012,0.00162,0.00163,0.00670,0.00093,0.01347
1403715556.061888217926025,0.00214,0.00013,0.00066,0.00282,0.00133,0.00091,0.00799
1403715556.111893892288208,0.00197,0.00010,0.00118,0.00296,0.00159,0.00089,0.00869
1403715556.161899089813232,0.00211,0.00024,0.00102,0.00377,0.00013,0.00094,0.00821
1403715556.211903810501099,0.00259,0.00012,0.00187,0.00313,0.00038,0.00111,0.00921
1403715556.261909008026123,0.00236,0.00014,0.00017,0.00336,0.00000,0.00112,0.00714
1403715556.311912298202515,0.00202,0.00009,0.00179,0.00329,0.00087,0.00093,0.00900
1403715556.361913204193115,0.00188,0.00013,0.00060,0.00339,0.00058,0.00097,0.00756
1403715556.411912918090820,0.00264,0.00010,0.00299,0.00336,0.00000,0.00098,0.01007
1403715556.461913108825684,0.00193,0.00009,0.00025,0.00313,0.00000,0.00094,0.00635
1403715556.511912345886230,0.00236,0.00012,0.00052,0.00303,0.00000,0.00108,0.00712
1403715556.561908006668091,0.00275,0.00013,0.00037,0.00301,0.00213,0.00117,0.00956
1403715556.611901283264160,0.00210,0.00010,0.00063,0.00353,0.00013,0.00091,0.00741
1403715556.661893844604492,0.00198,0.00010,0.00057,0.00329,0.00077,0.00097,0.00768
1403715556.711889743804932,0.00211,0.00010,0.00092,0.00328,0.00000,0.00094,0.00735
1403715556.761884212493896,0.00186,0.00009,0.00311,0.00311,0.00080,0.00094,0.00991
1403715556.811884641647339,0.00250,0.00010,0.00127,0.00323,0.00075,0.00091,0.00876
1403715556.861885547637939,0.00213,0.00013,0.00056,0.00322,0.00000,0.00099,0.00703
1403715556.911885499954224,0.00219,0.00012,0.00011,0.00309,0.00037,0.00110,0.00698
1403715556.961885213851929,0.00229,0.00016,0.00173,0.00318,0.00175,0.00121,0.01032
1403715557.011885166168213,0.00195,0.00012,0.00339,0.00341,0.00079,0.00105,0.01070
1403715557.061885833740234,0.00192,0.00014,0.00278,0.00358,0.00000,0.00099,0.00942
1403715557.111885786056519,0.00201,0.00013,0.00156,0.00364,0.00000,0.00102,0.00836
1403715557.161885738372803,0.00207,0.00014,0.00001,0.00449,0.00000,0.00096,0.00767
1403715557.211883544921875,0.00209,0.00013,0.00184,0.00359,0.00000,0.00092,0.00858
1403715557.261882781982422,0.00191,0.00011,0.00533,0.00352,0.00001,0.00111,0.01199
1403715557.311881303787231,0.00199,0.00010,0.00050,0.00328,0.00080,0.00100,0.00766
1403715557.361876010894775,0.00205,0.00013,0.00642,0.00329,0.00109,0.00145,0.01444
1403715557.411873102188110,0.00234,0.00017,0.00210,0.00333,0.00072,0.00149,0.01016
1403715557.461870431900024,0.00279,0.00012,0.00079,0.00358,0.00000,0.00116,0.00843
1403715557.511867523193359,0.00204,0.00010,0.00051,0.00346,0.00000,0.00093,0.00703
1403715557.561865329742432,0.00234,0.00010,0.00111,0.00371,0.00074,0.00087,0.00888
1403715557.611865043640137,0.00224,0.00009,0.00060,0.00429,0.00038,0.00086,0.00847
1403715557.661864757537842,0.00236,0.00014,0.00121,0.00322,0.00071,0.00095,0.00858
1403715557.711866140365601,0.00204,0.00010,0.00030,0.00343,0.00052,0.00133,0.00772
1403715557.761867284774780,0.00246,0.00010,0.00027,0.00337,0.00000,0.00143,0.00764
1403715557.811868667602539,0.00225,0.00012,0.00031,0.00309,0.00000,0.00116,0.00692
1403715557.861869096755981,0.00246,0.00010,0.00017,0.00315,0.00353,0.00092,0.01033
1403715557.911868572235107,0.00219,0.00015,0.00032,0.00368,0.00000,0.00109,0.00744
1403715557.961867809295654,0.00232,0.00018,0.00258,0.00321,0.00071,0.00082,0.00983
1403715558.011866807937622,0.00243,0.00014,0.00222,0.00331,0.00144,0.00121,0.01075
1403715558.061865568161011,0.00211,0.00010,0.00175,0.00341,0.00000,0.00098,0.00835
1403715558.111861944198608,0.00177,0.00010,0.00074,0.00311,0.00146,0.00110,0.00827
1403715558.161861658096313,0.00221,0.00009,0.00024,0.00330,0.00054,0.00117,0.00756
1403715558.211862564086914,0.00208,0.00010,0.00216,0.00337,0.00086,0.00129,0.00986
1403715558.261863231658936,0.00234,0.00013,0.00072,0.00319,0.00010,0.00103,0.00751
1403715558.311865329742432,0.00218,0.00016,0.00331,0.00288,0.00149,0.00132,0.01135
1403715558.361866950988770,0.00223,0.00014,0.00014,0.00354,0.00002,0.00089,0.00696
1403715558.411866664886475,0.00238,0.00013,0.00115,0.00279,0.00154,0.00141,0.00941
1403715558.461865186691284,0.00213,0.00009,0.00081,0.00243,0.00000,0.00086,0.00632
1403715558.511862277984619,0.00265,0.00010,0.00135,0.00207,0.00008,0.00099,0.00724
1403715558.561858177185059,0.00213,0.00017,0.00108,0.00209,0.00292,0.00103,0.00941
1403715558.611857652664185,0.00255,0.00015,0.00134,0.00237,0.00077,0.00112,0.00830
1403715558.661857604980469,0.00283,0.00009,0.00018,0.00244,0.00000,0.00095,0.00649
1403715558.711853742599487,0.00209,0.00010,0.00106,0.00243,0.00091,0.00103,0.00761
1403715558.761849403381348,0.00206,0.00011,0.00006,0.00271,0.00009,0.00113,0.00616
1403715558.811843395233154,0.00207,0.00010,0.00029,0.00268,0.00207,0.00103,0.00825
1403715558.861840248107910,0.00193,0.00009,0.00086,0.00314,0.00000,0.00109,0.00711
1403715558.911839485168457,0.00212,0.00013,0.00036,0.00426,0.00000,0.00094,0.00780
1403715558.961842060089111,0.00200,0.00012,0.00229,0.00275,0.00366,0.00100,0.01182
1403715559.011839628219604,0.00257,0.00015,0.00030,0.00325,0.00109,0.00103,0.00838
1403715559.061837911605835,0.00212,0.00010,0.00077,0.00324,0.00000,0.00085,0.00708
1403715559.111836910247803,0.00202,0.00016,0.00027,0.00311,0.00142,0.00130,0.00828
1403715559.161838531494141,0.00211,0.00012,0.00045,0.00345,0.00000,0.00112,0.00725
1403715559.211839437484741,0.00236,0.00010,0.00015,0.00289,0.00085,0.00090,0.00725
1403715559.261840105056763,0.00189,0.00009,0.00006,0.00347,0.00116,0.00085,0.00752
1403715559.311841964721680,0.00200,0.00018,0.00323,0.00341,0.00002,0.00102,0.00986
1403715559.361841678619385,0.00240,0.00012,0.00015,0.00320,0.00001,0.00110,0.00697
1403715559.411840915679932,0.00203,0.00014,0.00010,0.00329,0.00215,0.00093,0.00865
1403715559.461841106414795,0.00185,0.00009,0.00004,0.00332,0.00046,0.00090,0.00667
1403715559.511842012405396,0.00214,0.00019,0.00154,0.00331,0.00078,0.00111,0.00907
1403715559.561842441558838,0.00222,0.00012,0.00322,0.00329,0.00002,0.00111,0.00997
1403715559.611841201782227,0.00188,0.00010,0.00008,0.00316,0.00009,0.00096,0.00628
1403715559.661838054656982,0.00196,0.00012,0.00022,0.00312,0.00007,0.00104,0.00653
1403715559.711833000183105,0.00212,0.00013,0.00008,0.00320,0.00010,0.00113,0.00676
1403715559.761826992034912,0.00200,0.00012,0.00001,0.00304,0.00074,0.00113,0.00704
1403715559.811821460723877,0.00192,0.00010,0.00040,0.00285,0.00182,0.00095,0.00804
1403715559.861817598342896,0.00193,0.00009,0.00020,0.00333,0.00216,0.00093,0.00864
1403715559.911813735961914,0.00221,0.00013,0.00325,0.00358,0.00077,0.00092,0.01086
1403715559.961811304092407,0.00214,0.00010,0.00211,0.00362,0.00039,0.00102,0.00938
1403715560.011811494827271,0.00226,0.00012,0.00010,0.00350,0.00000,0.00120,0.00717
1403715560.061810970306396,0.00234,0.00011,0.00253,0.00291,0.00290,0.00112,0.01192
1403715560.111810922622681,0.00205,0.00010,0.00087,0.00302,0.00010,0.00098,0.00712
1403715560.161809921264648,0.00226,0.00012,0.00240,0.00381,0.00106,0.00115,0.01078
1403715560.211810827255249,0.00238,0.00018,0.00041,0.00255,0.00013,0.00107,0.00672
1403715560.261811256408691,0.00307,0.00011,0.00013,0.00214,0.00015,0.00122,0.00683
1403715560.311811923980713,0.00177,0.00013,0.00002,0.00223,0.00069,0.00098,0.00581
1403715560.361812114715576,0.00151,0.00009,0.00087,0.00175,0.00021,0.00077,0.00519
1403715560.411811828613281,0.00180,0.00009,0.00005,0.00196,0.00312,0.00080,0.00783
1403715560.461813211441040,0.00225,0.00014,0.00022,0.00219,0.00551,0.00080,0.01110
1403715560.511813163757324,0.00218,0.00015,0.00012,0.00282,0.00214,0.00121,0.00862
1403715560.561813116073608,0.00195,0.00012,0.00165,0.00282,0.00090,0.00097,0.00841
1403715560.611812591552734,0.00216,0.00015,0.00274,0.00267,0.00145,0.00103,0.01020
1403715560.661812067031860,0.00245,0.00014,0.00214,0.00309,0.00222,0.00114,0.01118
1403715560.711811780929565,0.00193,0.00015,0.00158,0.00359,0.00010,0.00110,0.00845
1403715560.761811494827271,0.00354,0.00015,0.00036,0.00353,0.00000,0.00122,0.00880
1403715560.811811685562134,0.00217,0.00012,0.00426,0.00212,0.00105,0.00096,0.01069
1403715560.861810922622681,0.00232,0.00013,0.00024,0.00220,0.00000,0.00099,0.00588
1403715560.911809921264648,0.00212,0.00011,0.00013,0.00212,0.00016,0.00091,0.00555
1403715560.961809396743774,0.00191,0.00010,0.00132,0.00218,0.00521,0.00104,0.01176
1403715561.011809110641479,0.00217,0.00017,0.00031,0.00301,0.00000,0.00100,0.00667
1403715561.061809301376343,0.00234,0.00016,0.00042,0.00244,0.00000,0.00090,0.00626
1403715561.111809492111206,0.00253,0.00015,0.00056,0.00187,0.00000,0.00112,0.00624
1403715561.161809682846069,0.00234,0.00013,0.00033,0.00150,0.00000,0.00108,0.00538
1403715561.261808872222900,0.00236,0.00014,0.00040,0.00112,0.00783,0.00114,0.01299
1403715561.311808109283447,0.00218,0.00015,0.00019,0.00175,0.00064,0.00106,0.00596
1403715561.361808061599731,0.00225,0.00013,0.00020,0.00158,0.00007,0.00093,0.00516
1403715561.411808490753174,0.00194,0.00009,0.00045,0.00150,0.00000,0.00090,0.00487
1403715561.461812973022461,0.00196,0.00009,0.00093,0.00141,0.00921,0.00132,0.01493
1403715561.511814117431641,0.00190,0.00013,0.00019,0.00263,0.00000,0.00097,0.00582
1403715561.561815261840820,0.00212,0.00017,0.00121,0.00184,0.00001,0.00141,0.00677
1403715561.611814737319946,0.00260,0.00015,0.00007,0.00219,0.00000,0.00122,0.00624
1403715561.661814451217651,0.00242,0.00013,0.00019,0.00174,0.00000,0.00109,0.00558
1403715561.711813449859619,0.00195,0.00012,0.00046,0.00157,0.00523,0.00088,0.01021
1403715561.761811733245850,0.00238,0.00009,0.00082,0.00192,0.00008,0.00095,0.00624
1403715561.811811923980713,0.00206,0.00013,0.00052,0.00190,0.00396,0.00096,0.00953
1403715561.861811161041260,0.00192,0.00010,0.00092,0.00222,0.00011,0.00086,0.00614
1403715561.911810159683228,0.00216,0.00012,0.00198,0.00250,0.00311,0.00085,0.01072
1403715561.961810827255249,0.00245,0.00010,0.00109,0.00228,0.00008,0.00091,0.00691
1403715562.011810779571533,0.00198,0.00012,0.00008,0.00228,0.00000,0.00097,0.00542
1403715562.061812639236450,0.00186,0.00009,0.00009,0.00204,0.00615,0.00101,0.01126
1403715562.111812591552734,0.00238,0.00018,0.00073,0.00281,0.00001,0.00115,0.00727
1403715562.161813974380493,0.00190,0.00010,0.00022,0.00234,0.00442,0.00089,0.00987
1403715562.211816549301147,0.00227,0.00012,0.00030,0.00343,0.00000,0.00110,0.00723
1403715562.261818885803223,0.00236,0.00011,0.00022,0.00238,0.00009,0.00127,0.00643
1403715562.311821937561035,0.00188,0.00010,0.00021,0.00284,0.00000,0.00091,0.00595
1403715562.361823081970215,0.00222,0.00010,0.00014,0.00234,0.00080,0.00097,0.00656
1403715562.411823749542236,0.00227,0.00011,0.00018,0.00257,0.00444,0.00082,0.01039
1403715562.461823701858521,0.00199,0.00018,0.00018,0.00327,0.00146,0.00114,0.00823
1403715562.511825323104858,0.00254,0.00015,0.00267,0.00328,0.00083,0.00074,0.01021
1403715562.561835289001465,0.00259,0.00016,0.00266,0.00313,0.00080,0.00101,0.01035
1403715562.611841440200806,0.00226,0.00016,0.00098,0.00305,0.00000,0.00109,0.00754
1403715562.661843299865723,0.00246,0.00015,0.00297,0.00302,0.00082,0.00076,0.01017
1403715562.711845874786377,0.00219,0.00015,0.00031,0.00282,0.00000,0.00117,0.00664
1403715562.761846303939819,0.00313,0.00010,0.00058,0.00246,0.00080,0.00089,0.00797
1403715562.811850070953369,0.00255,0.00010,0.00041,0.00233,0.00201,0.00160,0.00900
1403715562.861851215362549,0.00219,0.00012,0.00055,0.00208,0.00000,0.00105,0.00599
1403715562.911852359771729,0.00225,0.00013,0.00027,0.00185,0.00001,0.00105,0.00557
1403715562.961853504180908,0.00247,0.00013,0.00041,0.00201,0.00091,0.00107,0.00699
1403715563.011854171752930,0.00203,0.00009,0.00037,0.00165,0.00000,0.00131,0.00544
1403715563.061855792999268,0.00226,0.00018,0.00039,0.00126,0.00103,0.00111,0.00623
1403715563.111856937408447,0.00246,0.00009,0.00012,0.00106,0.00306,0.00097,0.00775
1403715563.161857128143311,0.00271,0.00013,0.00055,0.00100,0.00087,0.00098,0.00623
1403715563.211858510971069,0.00217,0.00009,0.00185,0.00129,0.00174,0.00112,0.00826
1403715563.261858701705933,0.00279,0.00013,0.00001,0.00154,0.00358,0.00115,0.00921
1403715563.311860799789429,0.00282,0.00015,0.00281,0.00167,0.00346,0.00110,0.01202
1403715563.361862182617188,0.00230,0.00016,0.00053,0.00210,0.00000,0.00153,0.00662
1403715563.411865472793579,0.00263,0.00014,0.00019,0.00197,0.00000,0.00112,0.00605
1403715563.461871147155762,0.00214,0.00013,0.00024,0.00154,0.00194,0.00093,0.00692
1403715563.511881351470947,0.00204,0.00015,0.00284,0.00216,0.00624,0.00128,0.01472
1403715563.561887025833130,0.00268,0.00014,0.00243,0.00235,0.00009,0.00105,0.00873
1403715563.611892461776733,0.00237,0.00013,0.00019,0.00216,0.00000,0.00086,0.00571
1403715563.661895751953125,0.00196,0.00010,0.00025,0.00212,0.00385,0.00106,0.00934
1403715563.711899042129517,0.00203,0.00013,0.00017,0.00255,0.00210,0.00092,0.00789
1403715563.761898994445801,0.00235,0.00010,0.00021,0.00258,0.00070,0.00090,0.00684
1403715563.811901092529297,0.00178,0.00009,0.00312,0.00273,0.00316,0.00141,0.01230
1403715563.861903667449951,0.00275,0.00015,0.00033,0.00309,0.00010,0.00118,0.00760
1403715563.911905765533447,0.00224,0.00010,0.00179,0.00273,0.00000,0.00096,0.00782
1403715563.961908578872681,0.00211,0.00010,0.00196,0.00216,0.00309,0.00116,0.01059
1403715564.011910915374756,0.00294,0.00012,0.00070,0.00219,0.00000,0.00108,0.00702
1403715564.061911821365356,0.00291,0.00013,0.00049,0.00186,0.00000,0.00099,0.00637
1403715564.111911296844482,0.00311,0.00013,0.00100,0.00160,0.00120,0.00085,0.00788
1403715564.161911249160767,0.00305,0.00012,0.00020,0.00172,0.00736,0.00086,0.01331
1403715564.211910724639893,0.00222,0.00013,0.00048,0.00215,0.00000,0.00084,0.00583
1403715564.261910676956177,0.00269,0.00013,0.00066,0.00180,0.00000,0.00094,0.00622
1403715564.311910867691040,0.00248,0.00015,0.00046,0.00164,0.00051,0.00124,0.00649
1403715564.361910581588745,0.00303,0.00014,0.00177,0.00128,0.00000,0.00106,0.00729
1403715564.411910295486450,0.00290,0.00010,0.00026,0.00116,0.00204,0.00094,0.00741
1403715564.461910486221313,0.00219,0.00009,0.00025,0.00109,0.00000,0.00089,0.00451
1403715564.511910438537598,0.00220,0.00009,0.00053,0.00083,0.00000,0.00096,0.00461
1403715564.561911344528198,0.00270,0.00008,0.00020,0.00063,0.00083,0.00099,0.00544
1403715564.611912250518799,0.00224,0.00008,0.00072,0.00055,0.00127,0.00096,0.00583
1403715564.661914110183716,0.00253,0.00008,0.00037,0.00047,0.00030,0.00095,0.00471
1403715564.711918830871582,0.00236,0.00009,0.00148,0.00029,0.00196,0.00101,0.00720
1403715564.761920213699341,0.00231,0.00008,0.00031,0.00038,0.00000,0.00091,0.00400
1403715564.811925172805786,0.00292,0.00009,0.00023,0.00013,0.00547,0.00094,0.00978
1403715564.861926078796387,0.00302,0.00008,0.00029,0.00049,0.00000,0.00102,0.00492
1403715564.911928176879883,0.00246,0.00014,0.00071,0.00025,0.00202,0.00091,0.00649
1403715564.961932182312012,0.00299,0.00009,0.00036,0.00030,0.00667,0.00089,0.01130
1403715565.011932134628296,0.00292,0.00010,0.00027,0.00098,0.00007,0.00094,0.00528
1403715565.061931610107422,0.00212,0.00008,0.00190,0.00104,0.00001,0.00118,0.00633
1403715565.111931562423706,0.00370,0.00010,0.00063,0.00097,0.00601,0.00094,0.01236
1403715565.161932468414307,0.00228,0.00015,0.00102,0.00146,0.00000,0.00116,0.00606
1403715565.211935520172119,0.00324,0.00009,0.00010,0.00162,0.00637,0.00112,0.01254
1403715565.261936187744141,0.00246,0.00011,0.00022,0.00226,0.00000,0.00130,0.00636
1403715565.311936140060425,0.00201,0.00009,0.00020,0.00169,0.00000,0.00095,0.00494
1403715565.361935853958130,0.00199,0.00010,0.00055,0.00142,0.00275,0.00119,0.00800
1403715565.411936283111572,0.00279,0.00012,0.00338,0.00155,0.00310,0.00110,0.01203
1403715565.461936950683594,0.00267,0.00009,0.00032,0.00176,0.00000,0.00094,0.00579
1403715565.511938333511353,0.00212,0.00012,0.00039,0.00164,0.00359,0.00123,0.00908
1403715565.561939001083374,0.00220,0.00011,0.00020,0.00206,0.00201,0.00108,0.00766
1403715565.611939191818237,0.00250,0.00010,0.00060,0.00215,0.00009,0.00091,0.00635
1403715565.661940574645996,0.00208,0.00010,0.00201,0.00175,0.00334,0.00093,0.01022
1403715565.711941480636597,0.00243,0.00009,0.00048,0.00171,0.00006,0.00082,0.00560
1403715565.761944293975830,0.00228,0.00013,0.00192,0.00138,0.00432,0.00087,0.01091
1403715565.811947584152222,0.00219,0.00009,0.00050,0.00097,0.00007,0.00080,0.00462
1403715565.861948728561401,0.00238,0.00009,0.00033,0.00121,0.00000,0.00108,0.00508
1403715565.911950111389160,0.00269,0.00009,0.00029,0.00078,0.00007,0.00083,0.00475
1403715565.961954832077026,0.00217,0.00008,0.00129,0.00051,0.00425,0.00076,0.00906
1403715566.011955022811890,0.00184,0.00009,0.00017,0.00115,0.00080,0.00082,0.00487
1403715566.061955213546753,0.00178,0.00008,0.00045,0.00147,0.00004,0.00121,0.00504
1403715566.111954212188721,0.00231,0.00010,0.00042,0.00101,0.00026,0.00094,0.00504
1403715566.161952495574951,0.00155,0.00011,0.00025,0.00073,0.00412,0.00113,0.00789
1403715566.211951971054077,0.00188,0.00010,0.00042,0.00052,0.00000,0.00103,0.00396
1403715566.261951208114624,0.00189,0.00011,0.00074,0.00047,0.00011,0.00121,0.00453
1403715566.311951875686646,0.00187,0.00009,0.00013,0.00056,0.00261,0.00098,0.00624
1403715566.411951303482056,0.00152,0.00016,0.00020,0.00068,0.00049,0.00075,0.00381
1403715566.461951017379761,0.00184,0.00009,0.00008,0.00082,0.00000,0.00126,0.00409
1403715566.511949062347412,0.00159,0.00009,0.00026,0.00065,0.00547,0.00103,0.00910
1403715566.561948537826538,0.00234,0.00011,0.00029,0.00118,0.00209,0.00080,0.00682
1403715566.611948251724243,0.00222,0.00010,0.00019,0.00123,0.00179,0.00077,0.00629
1403715566.661947488784790,0.00156,0.00008,0.00038,0.00123,0.00292,0.00076,0.00693
1403715566.711947202682495,0.00169,0.00009,0.00031,0.00143,0.00294,0.00079,0.00726
1403715566.761946916580200,0.00181,0.00009,0.00115,0.00165,0.00000,0.00079,0.00548
1403715566.811946630477905,0.00213,0.00010,0.00061,0.00137,0.00284,0.00083,0.00788
1403715566.861946344375610,0.00217,0.00010,0.00062,0.00172,0.00001,0.00081,0.00542
1403715566.911947488784790,0.00228,0.00011,0.00022,0.00134,0.00218,0.00089,0.00701
1403715566.961947441101074,0.00217,0.00012,0.00023,0.00134,0.00096,0.00085,0.00567
1403715567.011945962905884,0.00346,0.00016,0.00107,0.00080,0.00770,0.00143,0.01462
1403715567.061946630477905,0.00346,0.00015,0.00053,0.00133,0.00000,0.00103,0.00650
1403715567.111946821212769,0.00222,0.00009,0.00051,0.00103,0.00000,0.00084,0.00469
1403715567.161947250366211,0.00256,0.00014,0.00094,0.00079,0.00311,0.00109,0.00863
1403715567.211947441101074,0.00286,0.00013,0.00082,0.00117,0.00029,0.00101,0.00628
1403715567.261947870254517,0.00192,0.00010,0.00004,0.00113,0.00112,0.00080,0.00511
1403715567.311948299407959,0.00212,0.00009,0.00035,0.00109,0.00000,0.00082,0.00447
1403715567.361948490142822,0.00246,0.00008,0.00039,0.00081,0.00499,0.00130,0.01004
1403715567.411949634552002,0.00208,0.00010,0.00023,0.00142,0.00000,0.00107,0.00491
1403715567.461949586868286,0.00203,0.00010,0.00048,0.00138,0.00427,0.00118,0.00944
1403715567.511949777603149,0.00259,0.00014,0.00026,0.00170,0.00062,0.00110,0.00641
1403715567.561949729919434,0.00232,0.00010,0.00044,0.00141,0.00254,0.00091,0.00770
1403715567.611949682235718,0.00226,0.00009,0.00107,0.00119,0.00253,0.00118,0.00834
1403715567.661951303482056,0.00203,0.00012,0.00016,0.00140,0.00145,0.00107,0.00624
1403715567.711952686309814,0.00235,0.00016,0.00043,0.00076,0.00151,0.00119,0.00641
1403715567.761955976486206,0.00231,0.00009,0.00040,0.00121,0.00288,0.00087,0.00777
1403715567.811957359313965,0.00220,0.00009,0.00042,0.00120,0.00000,0.00085,0.00476
1403715567.861958742141724,0.00228,0.00014,0.00012,0.00086,0.00601,0.00120,0.01060
1403715567.911961078643799,0.00225,0.00013,0.00119,0.00127,0.00275,0.00083,0.00842
1403715567.961960554122925,0.00248,0.00015,0.00054,0.00141,0.00000,0.00112,0.00571
1403715568.011961936950684,0.00234,0.00014,0.00052,0.00076,0.00001,0.00106,0.00483
1403715568.061962842941284,0.00212,0.00011,0.00050,0.00061,0.00492,0.00079,0.00905
1403715568.111961841583252,0.00209,0.00008,0.00027,0.00134,0.00000,0.00079,0.00457
1403715568.161961317062378,0.00209,0.00013,0.00109,0.00106,0.00611,0.00107,0.01156
1403715568.211959600448608,0.00263,0.00017,0.00021,0.00166,0.00000,0.00097,0.00565
1403715568.261958122253418,0.00215,0.00008,0.00036,0.00122,0.00000,0.00082,0.00464
1403715568.311957359313965,0.00206,0.00009,0.00044,0.00094,0.00175,0.00079,0.00607
1403715568.361957073211670,0.00257,0.00009,0.00031,0.00087,0.00001,0.00087,0.00472
1403715568.411956787109375,0.00216,0.00008,0.00005,0.00053,0.00000,0.00091,0.00373
1403715568.461955785751343,0.00214,0.00010,0.00049,0.00041,0.00179,0.00082,0.00575
1403715568.511956214904785,0.00223,0.00008,0.00054,0.00032,0.00181,0.00081,0.00580
1403715568.561955928802490,0.00293,0.00013,0.00020,0.00037,0.00273,0.00119,0.00753
1403715568.611956357955933,0.00247,0.00011,0.00020,0.00044,0.00053,0.00084,0.00460
1403715568.661956548690796,0.00249,0.00011,0.00142,0.00047,0.00461,0.00106,0.01015
1403715568.711957216262817,0.00268,0.00008,0.00127,0.00091,0.00051,0.00082,0.00628
1403715568.761957168579102,0.00227,0.00009,0.00020,0.00082,0.00415,0.00080,0.00832
1403715568.811957836151123,0.00298,0.00016,0.00012,0.00144,0.00209,0.00113,0.00792
1403715568.861958265304565,0.00265,0.00011,0.00043,0.00132,0.00268,0.00085,0.00804
1403715568.911959648132324,0.00242,0.00011,0.00014,0.00168,0.00234,0.00101,0.00770
1403715568.961960077285767,0.00238,0.00016,0.00048,0.00202,0.00215,0.00127,0.00846
1403715569.011959314346313,0.00219,0.00010,0.00055,0.00193,0.00099,0.00090,0.00666
1403715569.061959028244019,0.00246,0.00015,0.00035,0.00184,0.00327,0.00110,0.00917
1403715569.111958742141724,0.00286,0.00015,0.00040,0.00166,0.00075,0.00087,0.00669
1403715569.161958694458008,0.00226,0.00016,0.00060,0.00171,0.00224,0.00112,0.00809
1403715569.211959123611450,0.00180,0.00012,0.00012,0.00198,0.00408,0.00087,0.00897
1403715569.261957645416260,0.00213,0.00010,0.00112,0.00212,0.00211,0.00084,0.00841
1403715569.311957359313965,0.00203,0.00021,0.00103,0.00225,0.00014,0.00121,0.00687
1403715569.361956357955933,0.00312,0.00024,0.00078,0.00166,0.00000,0.00123,0.00704
1403715569.411956071853638,0.00236,0.00011,0.00078,0.00141,0.00227,0.00098,0.00792
1403715569.461956739425659,0.00203,0.00010,0.00235,0.00165,0.00561,0.00097,0.01270
1403715569.511958599090576,0.00204,0.00015,0.00038,0.00253,0.00000,0.00111,0.00621
1403715569.561959743499756,0.00263,0.00013,0.00063,0.00200,0.00206,0.00112,0.00856
1403715569.611962795257568,0.00205,0.00011,0.00036,0.00215,0.00139,0.00095,0.00700
1403715569.661967992782593,0.00189,0.00012,0.00321,0.00214,0.00185,0.00091,0.01012
1403715569.711970806121826,0.00237,0.00010,0.00033,0.00253,0.00000,0.00095,0.00628
1403715569.761974334716797,0.00208,0.00009,0.00050,0.00198,0.00000,0.00092,0.00558
1403715569.811977863311768,0.00183,0.00013,0.00090,0.00188,0.00624,0.00084,0.01182
1403715569.861977100372314,0.00256,0.00013,0.00046,0.00292,0.00075,0.00088,0.00770
1403715569.911976337432861,0.00258,0.00010,0.00215,0.00249,0.00068,0.00086,0.00886
1403715569.961975812911987,0.00255,0.00009,0.00027,0.00215,0.00193,0.00093,0.00793
1403715570.011975765228271,0.00224,0.00012,0.00077,0.00243,0.00000,0.00120,0.00677
1403715570.061975955963135,0.00286,0.00010,0.00016,0.00166,0.00060,0.00082,0.00621
1403715570.111974239349365,0.00320,0.00015,0.00196,0.00152,0.00359,0.00121,0.01163
1403715570.161974668502808,0.00286,0.00014,0.00122,0.00154,0.00000,0.00117,0.00693
1403715570.211975336074829,0.00300,0.00015,0.00175,0.00110,0.00000,0.00107,0.00708
1403715570.261974573135376,0.00293,0.00012,0.00049,0.00093,0.00307,0.00086,0.00840
1403715570.311974525451660,0.00273,0.00008,0.00046,0.00143,0.00007,0.00090,0.00567
1403715570.361974000930786,0.00339,0.00009,0.00081,0.00022,0.00000,0.00096,0.00546
1403715570.461973905563354,0.00407,0.00014,0.00165,0.00063,0.00032,0.00085,0.00767
1403715570.511973619461060,0.00317,0.00013,0.00032,0.00049,0.00023,0.00109,0.00542
1403715570.561973810195923,0.00299,0.00012,0.00024,0.00029,0.00032,0.00113,0.00509
1403715570.611973762512207,0.00274,0.00010,0.00021,0.00019,0.00000,0.00091,0.00415
1403715570.661972761154175,0.00273,0.00009,0.00022,0.00019,0.00047,0.00093,0.00463
1403715570.711972236633301,0.00324,0.00008,0.00047,0.00018,0.00020,0.00101,0.00518
1403715570.761971473693848,0.00278,0.00010,0.00160,0.00007,0.00022,0.00097,0.00575
1403715570.811971426010132,0.00393,0.00012,0.00079,0.00003,0.00006,0.00141,0.00634
1403715570.911970138549805,0.00402,0.00014,0.00156,0.00000,0.00015,0.00089,0.00675
1403715570.961970090866089,0.00376,0.00010,0.00064,0.00000,0.00000,0.00110,0.00559
1403715571.011970043182373,0.00351,0.00009,0.00071,0.00000,0.00018,0.00122,0.00571
1403715571.061969995498657,0.00238,0.00009,0.00091,0.00000,0.00006,0.00099,0.00442
1403715571.111972808837891,0.00326,0.00010,0.00052,0.00000,0.00182,0.00120,0.00689
1403715571.161974430084229,0.00268,0.00011,0.00072,0.00009,0.00000,0.00118,0.00478
1403715571.211980342864990,0.00300,0.00009,0.00009,0.00010,0.00283,0.00097,0.00708
1403715571.261982917785645,0.00214,0.00008,0.00012,0.00029,0.00000,0.00097,0.00360
1403715571.311984777450562,0.00347,0.00014,0.00021,0.00047,0.00022,0.00103,0.00553
1403715571.361987113952637,0.00226,0.00011,0.00067,0.00032,0.00159,0.00131,0.00627
1403715571.411991834640503,0.00188,0.00009,0.00050,0.00048,0.00539,0.00095,0.00930
1403715571.461990833282471,0.00181,0.00009,0.00009,0.00134,0.00000,0.00092,0.00425
1403715571.511996746063232,0.00167,0.00008,0.00022,0.00133,0.00730,0.00089,0.01149
1403715571.561997652053833,0.00158,0.00010,0.00440,0.00217,0.00619,0.00088,0.01533
1403715571.612002372741699,0.00257,0.00017,0.00050,0.00320,0.00000,0.00118,0.00761
1403715571.662011146545410,0.00200,0.00016,0.00567,0.00273,0.00000,0.00115,0.01171
1403715571.712018013000488,0.00310,0.00019,0.00044,0.00214,0.00000,0.00139,0.00727
1403715571.762019634246826,0.00219,0.00009,0.00146,0.00224,0.00252,0.00098,0.00949
1403715571.812020063400269,0.00233,0.00014,0.00012,0.00276,0.00010,0.00111,0.00656
1403715571.862014532089233,0.00220,0.00014,0.00462,0.00282,0.00073,0.00118,0.01169
1403715571.912008523941040,0.00263,0.00010,0.00007,0.00274,0.00000,0.00104,0.00657
1403715571.962004423141479,0.00211,0.00010,0.00001,0.00256,0.00000,0.00104,0.00583
1403715572.011996984481812,0.00222,0.00019,0.00014,0.00231,0.00010,0.00117,0.00612
1403715572.061991214752197,0.00232,0.00014,0.00010,0.00228,0.00010,0.00122,0.00616
1403715572.111983537673950,0.00209,0.00009,0.00030,0.00227,0.00045,0.00098,0.00617
1403715572.161973953247070,0.00209,0.00009,0.00207,0.00231,0.00419,0.00118,0.01194
1403715572.211965799331665,0.00229,0.00014,0.00094,0.00298,0.00000,0.00117,0.00751
1403715572.261962890625000,0.00206,0.00013,0.00724,0.00268,0.00072,0.00085,0.01368
1403715572.311964511871338,0.00285,0.00015,0.00081,0.00263,0.00001,0.00117,0.00761
1403715572.361962556838989,0.00222,0.00014,0.00112,0.00263,0.00083,0.00104,0.00799
1403715572.411957025527954,0.00229,0.00010,0.00026,0.00283,0.00000,0.00087,0.00636
1403715572.461951971054077,0.00245,0.00009,0.00326,0.00213,0.00317,0.00117,0.01226
1403715572.511943817138672,0.00189,0.00013,0.00021,0.00260,0.00000,0.00127,0.00611
1403715572.561937570571899,0.00214,0.00009,0.00120,0.00271,0.00000,0.00079,0.00694
1403715572.611933469772339,0.00168,0.00009,0.00017,0.00236,0.00000,0.00101,0.00531
1403715572.711931228637695,0.00208,0.00016,0.00076,0.00200,0.00000,0.00086,0.00587
1403715572.761929750442505,0.00179,0.00009,0.00010,0.00180,0.00000,0.00081,0.00459
1403715572.811928510665894,0.00190,0.00009,0.00080,0.00160,0.00129,0.00081,0.00650
1403715572.861927986145020,0.00181,0.00009,0.00034,0.00168,0.00008,0.00076,0.00476
1403715572.911927700042725,0.00209,0.00009,0.00200,0.00113,0.00751,0.00082,0.01365
1403715572.961926698684692,0.00196,0.00009,0.00058,0.00162,0.00008,0.00078,0.00513
1403715573.011923313140869,0.00185,0.00009,0.00080,0.00171,0.00248,0.00079,0.00772
1403715573.061922311782837,0.00165,0.00009,0.00012,0.00173,0.00040,0.00076,0.00476
1403715573.111920118331909,0.00190,0.00009,0.00109,0.00150,0.00243,0.00080,0.00781
1403715573.161916971206665,0.00158,0.00009,0.00029,0.00174,0.00491,0.00074,0.00936
1403715573.211916685104370,0.00225,0.00009,0.00091,0.00195,0.00000,0.00085,0.00605
1403715573.261915683746338,0.00229,0.00015,0.00040,0.00162,0.00000,0.00084,0.00531
1403715573.311913967132568,0.00185,0.00012,0.00036,0.00155,0.00510,0.00079,0.00976
1403715573.361912250518799,0.00228,0.00011,0.00021,0.00213,0.00023,0.00133,0.00629
1403715573.411911964416504,0.00213,0.00010,0.00098,0.00187,0.00065,0.00108,0.00682
1403715573.461911201477051,0.00191,0.00012,0.00075,0.00197,0.00032,0.00084,0.00592
1403715573.511911153793335,0.00249,0.00010,0.00029,0.00196,0.00632,0.00170,0.01286
1403715573.561911821365356,0.00208,0.00013,0.00008,0.00294,0.00000,0.00102,0.00624
1403715573.611912727355957,0.00239,0.00010,0.00088,0.00280,0.00000,0.00087,0.00704
1403715573.661912918090820,0.00200,0.00012,0.00201,0.00265,0.00486,0.00082,0.01246
1403715573.711912631988525,0.00238,0.00011,0.00001,0.00369,0.00000,0.00084,0.00703
1403715573.761912107467651,0.00193,0.00011,0.00053,0.00354,0.00000,0.00085,0.00696
1403715573.811912775039673,0.00230,0.00011,0.00340,0.00316,0.00061,0.00136,0.01094
1403715573.861912488937378,0.00251,0.00013,0.00056,0.00221,0.00016,0.00108,0.00666
1403715573.911912441253662,0.00176,0.00010,0.00013,0.00239,0.00535,0.00101,0.01075
1403715573.961912631988525,0.00255,0.00012,0.00039,0.00346,0.00000,0.00125,0.00777
1403715574.011911869049072,0.00268,0.00012,0.00034,0.00305,0.00000,0.00111,0.00730
1403715574.061911344528198,0.00239,0.00020,0.00287,0.00243,0.00141,0.00129,0.01058
1403715574.111909627914429,0.00221,0.00009,0.00080,0.00252,0.00042,0.00078,0.00684
1403715574.161907911300659,0.00183,0.00011,0.00164,0.00204,0.00054,0.00086,0.00703
1403715574.211904764175415,0.00240,0.00010,0.00157,0.00180,0.00000,0.00084,0.00671
1403715574.261902093887329,0.00221,0.00010,0.00031,0.00155,0.00008,0.00079,0.00505
1403715574.311901330947876,0.00197,0.00011,0.00014,0.00159,0.00000,0.00078,0.00460
1403715574.361900806427002,0.00244,0.00009,0.00064,0.00124,0.00000,0.00081,0.00522
1403715574.411905527114868,0.00241,0.00008,0.00048,0.00086,0.00530,0.00115,0.01029
1403715574.461907625198364,0.00237,0.00013,0.00026,0.00125,0.00009,0.00104,0.00515
1403715574.511909484863281,0.00235,0.00009,0.00030,0.00134,0.00029,0.00088,0.00525
1403715574.561910867691040,0.00258,0.00009,0.00016,0.00150,0.00277,0.00086,0.00796
1403715574.611912488937378,0.00225,0.00014,0.00043,0.00164,0.00000,0.00093,0.00540
1403715574.661913394927979,0.00225,0.00011,0.00020,0.00150,0.00252,0.00089,0.00747
1403715574.711912870407104,0.00234,0.00011,0.00034,0.00176,0.00000,0.00085,0.00540
1403715574.761912584304810,0.00227,0.00012,0.00034,0.00175,0.00273,0.00086,0.00808
1403715574.811911106109619,0.00241,0.00016,0.00085,0.00185,0.00260,0.00103,0.00889
1403715574.861908912658691,0.00277,0.00017,0.00023,0.00220,0.00274,0.00108,0.00918
1403715574.911908864974976,0.00236,0.00012,0.00027,0.00217,0.00122,0.00088,0.00703
1403715575.011913061141968,0.00277,0.00018,0.00242,0.00224,0.00272,0.00084,0.01117
1403715575.061916351318359,0.00208,0.00012,0.00083,0.00276,0.00249,0.00086,0.00914
1403715575.111917257308960,0.00223,0.00013,0.00212,0.00351,0.00000,0.00084,0.00883
1403715575.161920070648193,0.00236,0.00011,0.00225,0.00294,0.00000,0.00093,0.00860
1403715575.211919069290161,0.00226,0.00013,0.00047,0.00251,0.00141,0.00087,0.00766
1403715575.261919498443604,0.00227,0.00010,0.00015,0.00206,0.00000,0.00094,0.00552
1403715575.311920881271362,0.00246,0.00013,0.00106,0.00181,0.00020,0.00085,0.00652
1403715575.361920595169067,0.00249,0.00011,0.00025,0.00178,0.00017,0.00093,0.00574
1403715575.411919116973877,0.00210,0.00012,0.00024,0.00179,0.00030,0.00090,0.00544
1403715575.461917638778687,0.00228,0.00012,0.00068,0.00188,0.00338,0.00091,0.00926
1403715575.511919736862183,0.00207,0.00012,0.00031,0.00250,0.00080,0.00090,0.00671
1403715575.561922073364258,0.00206,0.00010,0.00137,0.00229,0.00076,0.00145,0.00803
1403715575.611926078796387,0.00261,0.00015,0.00062,0.00226,0.00139,0.00089,0.00794
1403715575.661928415298462,0.00252,0.00012,0.00077,0.00224,0.00027,0.00107,0.00699
1403715575.711928606033325,0.00245,0.00009,0.00065,0.00247,0.00077,0.00166,0.00809
1403715575.761926412582397,0.00252,0.00012,0.00090,0.00202,0.00141,0.00109,0.00807
1403715575.811927318572998,0.00239,0.00010,0.00112,0.00223,0.00107,0.00080,0.00771
1403715575.861927747726440,0.00223,0.00011,0.00045,0.00296,0.00163,0.00113,0.00850
1403715575.911929607391357,0.00238,0.00011,0.00212,0.00230,0.00210,0.00098,0.00999
1403715575.961929798126221,0.00229,0.00011,0.00047,0.00241,0.00036,0.00079,0.00642
1403715576.011929035186768,0.00220,0.00012,0.00042,0.00209,0.00011,0.00082,0.00577
1403715576.061928987503052,0.00218,0.00011,0.00032,0.00205,0.00000,0.00083,0.00549
1403715576.111929178237915,0.00230,0.00012,0.00084,0.00176,0.00045,0.00107,0.00654
1403715576.161929368972778,0.00211,0.00011,0.00042,0.00157,0.00144,0.00081,0.00645
1403715576.211929559707642,0.00284,0.00017,0.00066,0.00166,0.00013,0.00152,0.00698
1403715576.261931180953979,0.00299,0.00013,0.00060,0.00165,0.00198,0.00118,0.00853
1403715576.311934471130371,0.00228,0.00009,0.00033,0.00162,0.00171,0.00084,0.00687
1403715576.361936330795288,0.00257,0.00014,0.00075,0.00163,0.00079,0.00086,0.00673
1403715576.411938190460205,0.00204,0.00009,0.00114,0.00161,0.00030,0.00077,0.00595
1403715576.461938381195068,0.00256,0.00010,0.00047,0.00161,0.00059,0.00097,0.00631
1403715576.511938810348511,0.00224,0.00011,0.00129,0.00135,0.00112,0.00079,0.00690
1403715576.561939001083374,0.00195,0.00009,0.00019,0.00132,0.00166,0.00084,0.00604
1403715576.611939430236816,0.00276,0.00015,0.00061,0.00119,0.00128,0.00111,0.00710
1403715576.661942005157471,0.00235,0.00016,0.00057,0.00167,0.00091,0.00103,0.00669
1403715576.711944341659546,0.00250,0.00009,0.00051,0.00137,0.00035,0.00084,0.00564
1403715576.761946678161621,0.00180,0.00008,0.00012,0.00126,0.00073,0.00086,0.00485
1403715576.811948299407959,0.00188,0.00008,0.00051,0.00109,0.00123,0.00087,0.00567
1403715576.861949205398560,0.00187,0.00009,0.00021,0.00110,0.00152,0.00089,0.00569
1403715576.911949634552002,0.00214,0.00011,0.00038,0.00129,0.00463,0.00095,0.00950
1403715576.961947917938232,0.00233,0.00016,0.00128,0.00155,0.00088,0.00084,0.00705
1403715577.011946439743042,0.00197,0.00010,0.00010,0.00166,0.00346,0.00083,0.00813
1403715577.061945199966431,0.00190,0.00010,0.00014,0.00202,0.00140,0.00085,0.00642
1403715577.111943960189819,0.00222,0.00011,0.00145,0.00207,0.00266,0.00080,0.00932
1403715577.161942243576050,0.00176,0.00011,0.00220,0.00245,0.00166,0.00082,0.00901
1403715577.211939334869385,0.00207,0.00010,0.00233,0.00264,0.00267,0.00080,0.01061
1403715577.261937379837036,0.00167,0.00009,0.00057,0.00299,0.00026,0.00078,0.00635
1403715577.311936616897583,0.00179,0.00011,0.00030,0.00306,0.00000,0.00077,0.00603
1403715577.361936569213867,0.00136,0.00010,0.00012,0.00339,0.00071,0.00078,0.00647
1403715577.411937475204468,0.00182,0.00010,0.00098,0.00325,0.00075,0.00081,0.00771
1403715577.461938142776489,0.00132,0.00009,0.00274,0.00340,0.00000,0.00080,0.00835
1403715577.511938333511353,0.00162,0.00010,0.00164,0.00327,0.00001,0.00080,0.00745
1403715577.561937808990479,0.00148,0.00010,0.00228,0.00310,0.00038,0.00082,0.00816
1403715577.611937284469604,0.00131,0.00010,0.00153,0.00329,0.00001,0.00135,0.00760
1403715577.661938190460205,0.00180,0.00011,0.00272,0.00308,0.00077,0.00103,0.00951
1403715577.711937427520752,0.00158,0.00010,0.00014,0.00321,0.00000,0.00080,0.00583
1403715577.761937379837036,0.00176,0.00009,0.00194,0.00339,0.00100,0.00127,0.00946
1403715577.811938285827637,0.00203,0.00013,0.00164,0.00294,0.00010,0.00103,0.00787
1403715577.861938953399658,0.00145,0.00010,0.00368,0.00309,0.00000,0.00081,0.00913
1403715577.911940097808838,0.00164,0.00010,0.00030,0.00304,0.00002,0.00089,0.00600
1403715577.961941480636597,0.00151,0.00010,0.00370,0.00281,0.00073,0.00090,0.00976
1403715578.011942625045776,0.00155,0.00010,0.00036,0.00269,0.00038,0.00087,0.00595
1403715578.061944723129272,0.00166,0.00009,0.00297,0.00239,0.00142,0.00081,0.00934
1403715578.111945390701294,0.00169,0.00010,0.00173,0.00205,0.00036,0.00079,0.00672
1403715578.161946535110474,0.00196,0.00009,0.00023,0.00195,0.00157,0.00082,0.00662
1403715578.211947202682495,0.00141,0.00011,0.00074,0.00192,0.00137,0.00078,0.00634
1403715578.261949062347412,0.00179,0.00009,0.00191,0.00213,0.00166,0.00119,0.00878
1403715578.311952590942383,0.00176,0.00012,0.00334,0.00179,0.00274,0.00104,0.01079
1403715578.361955165863037,0.00165,0.00010,0.00068,0.00204,0.00153,0.00080,0.00680
1403715578.411956548690796,0.00160,0.00009,0.00158,0.00216,0.00124,0.00077,0.00745
1403715578.461957693099976,0.00243,0.00010,0.00259,0.00242,0.00009,0.00084,0.00848
1403715578.511957883834839,0.00154,0.00010,0.00114,0.00187,0.00068,0.00081,0.00614
1403715578.561956167221069,0.00233,0.00009,0.00125,0.00189,0.00086,0.00119,0.00761
1403715578.611955404281616,0.00291,0.00023,0.00121,0.00106,0.00033,0.00097,0.00670
1403715578.661954402923584,0.00278,0.00015,0.00171,0.00070,0.00056,0.00107,0.00697
1403715578.711955070495605,0.00171,0.00008,0.00036,0.00058,0.00092,0.00081,0.00447
1403715578.761954307556152,0.00249,0.00009,0.00032,0.00046,0.00026,0.00083,0.00445
1403715578.811952829360962,0.00147,0.00008,0.00105,0.00038,0.00032,0.00129,0.00459
1403715578.861953735351562,0.00196,0.00012,0.00069,0.00036,0.00030,0.00098,0.00441
1403715578.911952972412109,0.00235,0.00008,0.00053,0.00040,0.00055,0.00096,0.00487
1403715578.961953163146973,0.00209,0.00008,0.00011,0.00046,0.00000,0.00089,0.00363
1403715579.011949062347412,0.00186,0.00009,0.00030,0.00044,0.00864,0.00126,0.01258
1403715579.061947584152222,0.00198,0.00012,0.00062,0.00137,0.00062,0.00109,0.00580
1403715579.111946344375610,0.00151,0.00009,0.00071,0.00138,0.00000,0.00086,0.00455
1403715579.161946058273315,0.00149,0.00009,0.00085,0.00179,0.00341,0.00090,0.00853
1403715579.211946725845337,0.00313,0.00017,0.00357,0.00161,0.00461,0.00120,0.01430
1403715579.261945247650146,0.00212,0.00018,0.00110,0.00214,0.00000,0.00102,0.00655
1403715579.311941862106323,0.00163,0.00010,0.00210,0.00184,0.00276,0.00126,0.00970
1403715579.361938953399658,0.00222,0.00017,0.00103,0.00216,0.00090,0.00101,0.00749
1403715579.411936759948730,0.00147,0.00009,0.00015,0.00220,0.00009,0.00077,0.00478
1403715579.461926698684692,0.00222,0.00010,0.00427,0.00220,0.00119,0.00089,0.01086
1403715579.511924028396606,0.00225,0.00010,0.00024,0.00260,0.00044,0.00082,0.00645
1403715579.561924457550049,0.00238,0.00009,0.00087,0.00243,0.00000,0.00086,0.00663
1403715579.611926555633545,0.00194,0.00009,0.00066,0.00207,0.00047,0.00080,0.00603
1403715579.661929845809937,0.00224,0.00009,0.00147,0.00212,0.00009,0.00083,0.00684
1403715579.711930751800537,0.00365,0.00056,0.00036,0.00163,0.00033,0.00120,0.00773
1403715579.761935710906982,0.00218,0.00009,0.00087,0.00149,0.00293,0.00085,0.00842
1403715579.861935853958130,0.00900,0.00014,0.00196,0.00125,0.00061,0.00073,0.01369
1403715579.911935806274414,0.00273,0.00009,0.00014,0.00119,0.00008,0.00076,0.00499
1403715579.961935281753540,0.00225,0.00009,0.00083,0.00108,0.00296,0.00108,0.00828
1403715580.011934995651245,0.00254,0.00009,0.00026,0.00137,0.00000,0.00143,0.00569
1403715580.061935663223267,0.00237,0.00010,0.00090,0.00124,0.00051,0.00101,0.00612
1403715580.111935138702393,0.00207,0.00009,0.00017,0.00116,0.00115,0.00080,0.00544
1403715580.161935329437256,0.00200,0.00009,0.00013,0.00123,0.00041,0.00079,0.00465
1403715580.211935758590698,0.00203,0.00009,0.00035,0.00110,0.00000,0.00080,0.00438
1403715580.261936187744141,0.00275,0.00015,0.00180,0.00113,0.00157,0.00133,0.00873
1403715580.311936616897583,0.00228,0.00015,0.00070,0.00115,0.00000,0.00098,0.00527
1403715580.361937046051025,0.00237,0.00011,0.00068,0.00110,0.00000,0.00088,0.00515
1403715580.411936998367310,0.00316,0.00009,0.00018,0.00122,0.00050,0.00121,0.00636
1403715580.461937665939331,0.00229,0.00014,0.00081,0.00096,0.00739,0.00132,0.01289
1403715580.511937856674194,0.00237,0.00010,0.00020,0.00175,0.00122,0.00087,0.00651
1403715580.561938762664795,0.00215,0.00011,0.00081,0.00210,0.00070,0.00120,0.00707
1403715580.611938953399658,0.00271,0.00013,0.00036,0.00170,0.00092,0.00111,0.00693
1403715580.661938667297363,0.00236,0.00010,0.00051,0.00152,0.00106,0.00091,0.00648
1403715580.711939334869385,0.00195,0.00010,0.00011,0.00161,0.00139,0.00092,0.00609
1403715580.761939525604248,0.00191,0.00018,0.00053,0.00186,0.00466,0.00116,0.01030
1403715580.811939954757690,0.00259,0.00011,0.00259,0.00223,0.00168,0.00110,0.01029
1403715580.861940383911133,0.00264,0.00010,0.00067,0.00271,0.00125,0.00117,0.00853
1403715580.911941289901733,0.00214,0.00012,0.00077,0.00216,0.00098,0.00095,0.00712
1403715580.961941957473755,0.00186,0.00009,0.00093,0.00206,0.00164,0.00079,0.00737
1403715581.011942863464355,0.00151,0.00010,0.00076,0.00237,0.00128,0.00094,0.00697
1403715581.061943531036377,0.00142,0.00009,0.00007,0.00236,0.00000,0.00079,0.00474
1403715581.111946105957031,0.00164,0.00009,0.00006,0.00215,0.00133,0.00080,0.00608
1403715581.161949872970581,0.00188,0.00009,0.00001,0.00250,0.00177,0.00127,0.00753
1403715581.211953878402710,0.00152,0.00010,0.00021,0.00264,0.00132,0.00087,0.00666
1403715581.261955499649048,0.00198,0.00009,0.00001,0.00311,0.00013,0.00082,0.00614
1403715581.311957359313965,0.00178,0.00009,0.00002,0.00276,0.00000,0.00086,0.00551
1403715581.361961126327515,0.00135,0.00009,0.00392,0.00307,0.00110,0.00088,0.01042
1403715581.411960840225220,0.00148,0.00009,0.00171,0.00368,0.00000,0.00081,0.00777
1403715581.461960077285767,0.00150,0.00010,0.00232,0.00307,0.00000,0.00083,0.00781
1403715581.511958122253418,0.00141,0.00010,0.00448,0.00302,0.00000,0.00080,0.00981
1403715581.561956405639648,0.00171,0.00010,0.00214,0.00284,0.00000,0.00084,0.00763
1403715581.611955165863037,0.00167,0.00010,0.00038,0.00256,0.00037,0.00080,0.00589
1403715581.661953687667847,0.00137,0.00009,0.00013,0.00260,0.00000,0.00081,0.00500
1403715581.711952686309814,0.00145,0.00009,0.00023,0.00238,0.00000,0.00083,0.00498
1403715581.761952161788940,0.00217,0.00009,0.00004,0.00241,0.00013,0.00085,0.00568
1403715581.811952114105225,0.00173,0.00009,0.00244,0.00233,0.00239,0.00083,0.00981
1403715581.861953020095825,0.00210,0.00014,0.00015,0.00273,0.00012,0.00081,0.00605
1403715581.911954402923584,0.00184,0.00018,0.00103,0.00188,0.00000,0.00081,0.00574
1403715581.961955308914185,0.00153,0.00009,0.00017,0.00182,0.00175,0.00083,0.00619
1403715582.011956214904785,0.00192,0.00009,0.00011,0.00158,0.00128,0.00081,0.00579
1403715582.061956167221069,0.00226,0.00010,0.00016,0.00160,0.00045,0.00089,0.00547
1403715582.111956119537354,0.00197,0.00010,0.00038,0.00139,0.00344,0.00080,0.00807
1403715582.161955356597900,0.00216,0.00011,0.00017,0.00166,0.00323,0.00080,0.00814
1403715582.211954355239868,0.00224,0.00011,0.00014,0.00167,0.00000,0.00087,0.00502
1403715582.261952400207520,0.00197,0.00010,0.00012,0.00158,0.00007,0.00089,0.00474
1403715582.311951160430908,0.00221,0.00010,0.00006,0.00169,0.00456,0.00090,0.00952
1403715582.361948728561401,0.00179,0.00010,0.00039,0.00205,0.00000,0.00084,0.00517
1403715582.411945581436157,0.00170,0.00010,0.00022,0.00196,0.00125,0.00086,0.00609
1403715582.461943626403809,0.00230,0.00015,0.00037,0.00220,0.00102,0.00090,0.00695
1403715582.511943578720093,0.00200,0.00017,0.00053,0.00217,0.00070,0.00120,0.00677
1403715582.561943769454956,0.00242,0.00015,0.00036,0.00241,0.00018,0.00111,0.00662
1403715582.611943244934082,0.00201,0.00011,0.00106,0.00226,0.00348,0.00093,0.00985
1403715582.661943674087524,0.00202,0.00011,0.00045,0.00282,0.00151,0.00126,0.00817
1403715582.711943149566650,0.00221,0.00014,0.00040,0.00304,0.00177,0.00101,0.00856
1403715582.761941909790039,0.00174,0.00012,0.00109,0.00298,0.00313,0.00081,0.00987
1403715582.811942338943481,0.00215,0.00021,0.00161,0.00341,0.00010,0.00124,0.00871
1403715582.861942768096924,0.00205,0.00014,0.00225,0.00341,0.00072,0.00108,0.00966
1403715582.911942958831787,0.00217,0.00011,0.00035,0.00366,0.00085,0.00088,0.00803
1403715582.961942911148071,0.00201,0.00018,0.00028,0.00372,0.00000,0.00119,0.00739
1403715583.011943340301514,0.00230,0.00012,0.00269,0.00363,0.00013,0.00115,0.01003
1403715583.061945915222168,0.00208,0.00012,0.00123,0.00449,0.00003,0.00126,0.00922
1403715583.111950874328613,0.00221,0.00015,0.00065,0.00367,0.00076,0.00098,0.00842
1403715583.161956787109375,0.00233,0.00017,0.00144,0.00407,0.00000,0.00117,0.00917
1403715583.211960554122925,0.00220,0.00013,0.00242,0.00400,0.00000,0.00098,0.00973
1403715583.261961936950684,0.00298,0.00013,0.00122,0.00415,0.00000,0.00090,0.00936
1403715583.311961650848389,0.00277,0.00013,0.00064,0.00365,0.00000,0.00092,0.00812
1403715583.361960411071777,0.00230,0.00012,0.00110,0.00328,0.00113,0.00081,0.00874
1403715583.411958694458008,0.00228,0.00011,0.00060,0.00278,0.00136,0.00090,0.00803
1403715583.461957931518555,0.00265,0.00017,0.00046,0.00273,0.00335,0.00109,0.01047
1403715583.511957168579102,0.00296,0.00014,0.00024,0.00326,0.00044,0.00087,0.00792
1403715583.561957359313965,0.00276,0.00019,0.00040,0.00274,0.00010,0.00112,0.00731
1403715583.611956596374512,0.00222,0.00013,0.00057,0.00248,0.00009,0.00088,0.00637
1403715583.661956310272217,0.00237,0.00015,0.00060,0.00150,0.00000,0.00105,0.00568
1403715583.711956977844238,0.00262,0.00015,0.00046,0.00098,0.00007,0.00100,0.00528
1403715583.761957168579102,0.00212,0.00012,0.00010,0.00100,0.00007,0.00085,0.00426
1403715583.811956405639648,0.00209,0.00008,0.00025,0.00101,0.00210,0.00103,0.00656
1403715583.861957073211670,0.00248,0.00010,0.00024,0.00109,0.00096,0.00101,0.00589
1403715583.911955833435059,0.00208,0.00011,0.00004,0.00117,0.00211,0.00134,0.00684
1403715583.961955070495605,0.00199,0.00015,0.00010,0.00153,0.00084,0.00131,0.00592
1403715584.011955738067627,0.00212,0.00012,0.00015,0.00187,0.00055,0.00090,0.00571
1403715584.061955690383911,0.00204,0.00009,0.00048,0.00172,0.00134,0.00086,0.00653
1403715584.111955642700195,0.00205,0.00012,0.00066,0.00208,0.00083,0.00112,0.00685
1403715584.161957502365112,0.00271,0.00015,0.00111,0.00139,0.00000,0.00089,0.00625
1403715584.211957454681396,0.00253,0.00015,0.00043,0.00123,0.00000,0.00115,0.00550
1403715584.261957645416260,0.00228,0.00013,0.00105,0.00100,0.00186,0.00085,0.00717
1403715584.311958312988281,0.00261,0.00014,0.00033,0.00137,0.00091,0.00103,0.00639
1403715584.361958742141724,0.00249,0.00015,0.00024,0.00156,0.00007,0.00129,0.00579
1403715584.411957740783691,0.00228,0.00012,0.00098,0.00154,0.00119,0.00094,0.00706
1403715584.461955308914185,0.00255,0.00012,0.00020,0.00143,0.00225,0.00095,0.00750
1403715584.511952400207520,0.00249,0.00012,0.00058,0.00150,0.00000,0.00100,0.00569
1403715584.561949729919434,0.00196,0.00012,0.00012,0.00134,0.00001,0.00093,0.00448
1403715584.611947059631348,0.00229,0.00010,0.00015,0.00139,0.00065,0.00101,0.00558
1403715584.661944866180420,0.00186,0.00012,0.00081,0.00137,0.00000,0.00102,0.00518
1403715584.711939811706543,0.00227,0.00009,0.00017,0.00136,0.00111,0.00097,0.00598
1403715584.761937618255615,0.00190,0.00009,0.00002,0.00138,0.00364,0.00096,0.00798
1403715584.811936616897583,0.00203,0.00016,0.00001,0.00192,0.00475,0.00110,0.00998
1403715584.861933708190918,0.00218,0.00014,0.00197,0.00290,0.00307,0.00093,0.01119
1403715584.911931514739990,0.00319,0.00016,0.00439,0.00275,0.00038,0.00120,0.01207
1403715584.961931943893433,0.00225,0.00017,0.00285,0.00252,0.00037,0.00111,0.00927
1403715585.011933565139771,0.00258,0.00017,0.00362,0.00242,0.00068,0.00126,0.01073
1403715585.061934709548950,0.00225,0.00014,0.00029,0.00249,0.00036,0.00104,0.00657
1403715585.111934661865234,0.00202,0.00016,0.00037,0.00204,0.00000,0.00099,0.00559
1403715585.161934614181519,0.00211,0.00012,0.00012,0.00186,0.00000,0.00103,0.00525
1403715585.211933851242065,0.00214,0.00012,0.00004,0.00177,0.00009,0.00105,0.00520
1403715585.261932134628296,0.00204,0.00012,0.00001,0.00187,0.00101,0.00160,0.00666
1403715585.311930179595947,0.00225,0.00012,0.00031,0.00201,0.00000,0.00128,0.00597
1403715585.361929178237915,0.00210,0.00017,0.00085,0.00195,0.00000,0.00120,0.00627
1403715585.411928653717041,0.00229,0.00015,0.00009,0.00220,0.00064,0.00126,0.00663
1403715585.461929082870483,0.00217,0.00016,0.00683,0.00199,0.00525,0.00106,0.01746
1403715585.511929750442505,0.00281,0.00018,0.00658,0.00292,0.00003,0.00122,0.01373
1403715585.561931133270264,0.00210,0.00013,0.00103,0.00275,0.00003,0.00102,0.00706
1403715585.611933469772339,0.00212,0.00011,0.00230,0.00265,0.00046,0.00099,0.00864
1403715585.661936759948730,0.00205,0.00011,0.00006,0.00273,0.00010,0.00104,0.00609
1403715585.711939573287964,0.00198,0.00012,0.00021,0.00278,0.00011,0.00103,0.00624
1403715585.761941909790039,0.00194,0.00011,0.00001,0.00286,0.00000,0.00107,0.00598
1403715585.811943292617798,0.00221,0.00012,0.00003,0.00290,0.00000,0.00147,0.00673
1403715585.861943960189819,0.00202,0.00012,0.00011,0.00317,0.00000,0.00141,0.00683
1403715585.911943912506104,0.00220,0.00011,0.00001,0.00276,0.00003,0.00124,0.00636
1403715585.961944103240967,0.00200,0.00013,0.00001,0.00309,0.00000,0.00101,0.00624
1403715586.011943817138672,0.00187,0.00009,0.00001,0.00274,0.00000,0.00097,0.00568
1403715586.061945676803589,0.00196,0.00009,0.00487,0.00275,0.00019,0.00121,0.01107
1403715586.111945867538452,0.00215,0.00011,0.00225,0.00243,0.00142,0.00119,0.00955
1403715586.161946058273315,0.00216,0.00011,0.00022,0.00247,0.00012,0.00098,0.00606
1403715586.211944818496704,0.00188,0.00009,0.00106,0.00233,0.00079,0.00095,0.00710
1403715586.261943101882935,0.00290,0.00014,0.00013,0.00238,0.00010,0.00106,0.00671
1403715586.311941623687744,0.00220,0.00013,0.00010,0.00272,0.00028,0.00095,0.00638
1403715586.361939907073975,0.00237,0.00014,0.00001,0.00251,0.00000,0.00098,0.00601
1403715586.411939382553101,0.00227,0.00013,0.00015,0.00260,0.00000,0.00136,0.00651
1403715586.461937427520752,0.00224,0.00011,0.00026,0.00255,0.00000,0.00109,0.00626
1403715586.511935949325562,0.00208,0.00009,0.00003,0.00255,0.00002,0.00112,0.00590
1403715586.561933040618896,0.00220,0.00015,0.00001,0.00280,0.00000,0.00139,0.00656
1403715586.611929893493652,0.00209,0.00011,0.00016,0.00244,0.00000,0.00119,0.00601
1403715586.661921739578247,0.00411,0.00016,0.00413,0.00239,0.00160,0.00132,0.01371
1403715586.711918354034424,0.00257,0.00012,0.00087,0.00293,0.00215,0.00128,0.00992
1403715586.761915206909180,0.00222,0.00013,0.00029,0.00308,0.00005,0.00103,0.00680
1403715586.811912775039673,0.00233,0.00019,0.00192,0.00340,0.00008,0.00120,0.00912
1403715586.861912727355957,0.00258,0.00016,0.00003,0.00319,0.00003,0.00130,0.00730
1403715586.911913156509399,0.00219,0.00011,0.00024,0.00313,0.00004,0.00109,0.00680
1403715586.961914300918579,0.00224,0.00013,0.00006,0.00306,0.00000,0.00103,0.00652
1403715587.011916399002075,0.00223,0.00013,0.00001,0.00308,0.00003,0.00101,0.00648
1403715587.061919689178467,0.00213,0.00011,0.00001,0.00315,0.00003,0.00109,0.00652
1403715587.111922025680542,0.00230,0.00013,0.00001,0.00309,0.00003,0.00160,0.00715
1403715587.161924123764038,0.00244,0.00013,0.00001,0.00332,0.00000,0.00124,0.00713
1403715587.211926460266113,0.00231,0.00010,0.00406,0.00301,0.00008,0.00107,0.01063
1403715587.261926651000977,0.00232,0.00009,0.00413,0.00352,0.00070,0.00144,0.01219
1403715587.311927318572998,0.00269,0.00014,0.00042,0.00311,0.00152,0.00117,0.00905
1403715587.361927509307861,0.00197,0.00010,0.00012,0.00358,0.00002,0.00116,0.00695
1403715587.411928415298462,0.00213,0.00013,0.00295,0.00378,0.00046,0.00117,0.01062
1403715587.461928606033325,0.00241,0.00012,0.00004,0.00342,0.00000,0.00128,0.00727
1403715587.511929035186768,0.00222,0.00012,0.00008,0.00333,0.00010,0.00104,0.00688
1403715587.561930179595947,0.00212,0.00010,0.00003,0.00442,0.00002,0.00139,0.00808
1403715587.611931324005127,0.00225,0.00018,0.00001,0.00393,0.00043,0.00119,0.00799
1403715587.661931991577148,0.00206,0.00012,0.00033,0.00348,0.00000,0.00103,0.00702
1403715587.711932897567749,0.00243,0.00019,0.00004,0.00351,0.00000,0.00128,0.00745
1403715587.761934757232666,0.00242,0.00013,0.00001,0.00354,0.00000,0.00155,0.00765
1403715587.811935424804688,0.00228,0.00010,0.00677,0.00326,0.00000,0.00108,0.01348
1403715587.861935853958130,0.00205,0.00010,0.00407,0.00281,0.00000,0.00099,0.01003
1403715587.911935091018677,0.00211,0.00010,0.00219,0.00275,0.00013,0.00103,0.00831
1403715587.961934328079224,0.00226,0.00016,0.00089,0.00297,0.00022,0.00119,0.00769
1403715588.011933088302612,0.00224,0.00011,0.00172,0.00242,0.00048,0.00087,0.00785
1403715588.061933279037476,0.00234,0.00014,0.00035,0.00181,0.00010,0.00162,0.00635
1403715588.111932277679443,0.00312,0.00015,0.00047,0.00109,0.00003,0.00125,0.00610
1403715588.161931514739990,0.00213,0.00012,0.00060,0.00088,0.00000,0.00139,0.00512
1403715588.211931943893433,0.00267,0.00012,0.00009,0.00083,0.00000,0.00095,0.00467
1403715588.261932134628296,0.00241,0.00012,0.00079,0.00057,0.00000,0.00111,0.00500
1403715588.311934471130371,0.00197,0.00008,0.00032,0.00051,0.00000,0.00093,0.00382
1403715588.361936569213867,0.00243,0.00014,0.00033,0.00037,0.00001,0.00110,0.00438
1403715588.411942481994629,0.00192,0.00010,0.00027,0.00035,0.00352,0.00123,0.00739
1403715588.461944580078125,0.00218,0.00009,0.00030,0.00080,0.00164,0.00140,0.00640
1403715588.511945009231567,0.00216,0.00013,0.00030,0.00102,0.00071,0.00100,0.00533
1403715588.561945199966431,0.00202,0.00012,0.00110,0.00091,0.00000,0.00114,0.00529
1403715588.611945390701294,0.00209,0.00011,0.00109,0.00072,0.00094,0.00162,0.00656
1403715588.661950826644897,0.00268,0.00010,0.00023,0.00084,0.00739,0.00115,0.01239
1403715588.711951255798340,0.00204,0.00012,0.00031,0.00161,0.00060,0.00092,0.00561
1403715588.761950969696045,0.00235,0.00012,0.00059,0.00210,0.00599,0.00111,0.01227
1403715588.811951398849487,0.00283,0.00015,0.00074,0.00173,0.00079,0.00109,0.00733
1403715588.861951112747192,0.00275,0.00015,0.00090,0.00111,0.00000,0.00102,0.00593
1403715588.911949157714844,0.00312,0.00017,0.00023,0.00106,0.00462,0.00080,0.01000
1403715588.961948156356812,0.00205,0.00012,0.00062,0.00136,0.00000,0.00088,0.00503
1403715589.011945724487305,0.00289,0.00015,0.00058,0.00124,0.00160,0.00089,0.00734
1403715589.061939001083374,0.00226,0.00012,0.00035,0.00128,0.00212,0.00114,0.00727
1403715589.111936807632446,0.00215,0.00018,0.00028,0.00125,0.00000,0.00105,0.00491
1403715589.161936521530151,0.00248,0.00014,0.00033,0.00102,0.00000,0.00115,0.00512
1403715589.211936712265015,0.00211,0.00015,0.00063,0.00080,0.00874,0.00110,0.01354
1403715589.261936426162720,0.00239,0.00012,0.00035,0.00193,0.00009,0.00153,0.00641
1403715589.311935901641846,0.00211,0.00013,0.00007,0.00214,0.00337,0.00102,0.00883
1403715589.361935615539551,0.00220,0.00015,0.00025,0.00226,0.00022,0.00087,0.00596
1403715589.411936283111572,0.00247,0.00014,0.00030,0.00239,0.00274,0.00094,0.00898
1403715589.461935997009277,0.00228,0.00015,0.00226,0.00227,0.00456,0.00126,0.01278
1403715589.511936187744141,0.00206,0.00014,0.00052,0.00243,0.00021,0.00097,0.00633
1403715589.561935901641846,0.00268,0.00025,0.00361,0.00221,0.00336,0.00107,0.01319
1403715589.611935615539551,0.00209,0.00014,0.00039,0.00275,0.00018,0.00163,0.00719
1403715589.661936044692993,0.00314,0.00016,0.00103,0.00218,0.00000,0.00160,0.00812
1403715589.711938858032227,0.00262,0.00012,0.00200,0.00176,0.00765,0.00091,0.01506
1403715589.761939525604248,0.00209,0.00014,0.00065,0.00227,0.00000,0.00094,0.00610
1403715589.811941385269165,0.00249,0.00009,0.00065,0.00175,0.00016,0.00091,0.00606
1403715589.861936569213867,0.00243,0.00009,0.00170,0.00144,0.00017,0.00088,0.00671
1403715589.911936759948730,0.00265,0.00013,0.00090,0.00151,0.00000,0.00095,0.00615
1403715589.961934804916382,0.00237,0.00020,0.00194,0.00139,0.00391,0.00107,0.01089
1403715590.011931657791138,0.00268,0.00015,0.00030,0.00183,0.00000,0.00096,0.00592
1403715590.061930656433105,0.00178,0.00014,0.00051,0.00158,0.00068,0.00085,0.00554
1403715590.111928701400757,0.00252,0.00015,0.00016,0.00162,0.00016,0.00115,0.00577
1403715590.161929130554199,0.00248,0.00012,0.00023,0.00141,0.00216,0.00091,0.00731
1403715590.211924552917480,0.00199,0.00009,0.00036,0.00138,0.00125,0.00093,0.00599
1403715590.261921644210815,0.00251,0.00020,0.00146,0.00112,0.00000,0.00110,0.00640
1403715590.311920642852783,0.00260,0.00014,0.00182,0.00091,0.00000,0.00115,0.00662
1403715590.361919641494751,0.00248,0.00012,0.00141,0.00083,0.00352,0.00116,0.00952
1403715590.411919832229614,0.00254,0.00018,0.00059,0.00124,0.00059,0.00084,0.00598
1403715590.461919069290161,0.00275,0.00012,0.00022,0.00129,0.00282,0.00104,0.00825
1403715590.511918783187866,0.00240,0.00015,0.00130,0.00143,0.00000,0.00106,0.00634
1403715590.561920404434204,0.00276,0.00014,0.00181,0.00130,0.00782,0.00108,0.01491
1403715590.611921072006226,0.00213,0.00012,0.00068,0.00187,0.00000,0.00098,0.00579
1403715590.661921501159668,0.00287,0.00012,0.00065,0.00171,0.00000,0.00089,0.00624
1403715590.711922645568848,0.00251,0.00012,0.00158,0.00158,0.00356,0.00093,0.01028
1403715590.761924028396606,0.00274,0.00012,0.00104,0.00175,0.00008,0.00088,0.00661
1403715590.811924934387207,0.00264,0.00012,0.00079,0.00171,0.00059,0.00089,0.00674
1403715590.861925840377808,0.00301,0.00013,0.00051,0.00176,0.00008,0.00093,0.00642
1403715590.911926269531250,0.00256,0.00016,0.00062,0.00166,0.00429,0.00108,0.01037
1403715590.961926221847534,0.00266,0.00014,0.00086,0.00232,0.00002,0.00107,0.00707
1403715591.011925935745239,0.00220,0.00010,0.00156,0.00211,0.00347,0.00110,0.01056
1403715591.061925888061523,0.00291,0.00014,0.00030,0.00200,0.00008,0.00115,0.00659
1403715591.111925601959229,0.00204,0.00009,0.00062,0.00206,0.00393,0.00110,0.00984
1403715591.161925554275513,0.00305,0.00014,0.00009,0.00227,0.00000,0.00107,0.00661
1403715591.211926221847534,0.00245,0.00010,0.00003,0.00249,0.00252,0.00107,0.00866
1403715591.261925935745239,0.00222,0.00012,0.00128,0.00237,0.00135,0.00099,0.00832
1403715591.311926126480103,0.00269,0.00011,0.00092,0.00191,0.00000,0.00220,0.00784
1403715591.361925840377808,0.00291,0.00016,0.00069,0.00158,0.00173,0.00106,0.00813
1403715591.411925315856934,0.00247,0.00011,0.00042,0.00148,0.00249,0.00108,0.00805
1403715591.461925506591797,0.00281,0.00018,0.00077,0.00147,0.00222,0.00150,0.00896
1403715591.511925697326660,0.00298,0.00011,0.00075,0.00163,0.00232,0.00102,0.00881
1403715591.561925411224365,0.00258,0.00015,0.00038,0.00166,0.00012,0.00110,0.00599
1403715591.611925363540649,0.00220,0.00011,0.00056,0.00173,0.00213,0.00089,0.00762
1403715591.661926269531250,0.00268,0.00015,0.00033,0.00140,0.00000,0.00097,0.00553
1403715591.711926937103271,0.00269,0.00010,0.00043,0.00117,0.00179,0.00092,0.00710
1403715591.761927127838135,0.00247,0.00010,0.00021,0.00127,0.00000,0.00093,0.00499
1403715591.811927080154419,0.00246,0.00012,0.00070,0.00125,0.00000,0.00094,0.00548
1403715591.861927032470703,0.00254,0.00009,0.00049,0.00111,0.00197,0.00093,0.00713
1403715591.911926746368408,0.00316,0.00010,0.00022,0.00130,0.00183,0.00092,0.00753
1403715591.961926698684692,0.00248,0.00015,0.00144,0.00144,0.00148,0.00129,0.00830
1403715592.011927127838135,0.00298,0.00012,0.00027,0.00156,0.00371,0.00104,0.00968
1403715592.061926841735840,0.00242,0.00010,0.00112,0.00162,0.00140,0.00096,0.00762
1403715592.111926555633545,0.00253,0.00012,0.00073,0.00166,0.00014,0.00088,0.00606
1403715592.161925792694092,0.00266,0.00011,0.00052,0.00138,0.00001,0.00094,0.00562
1403715592.211923599243164,0.00240,0.00011,0.00119,0.00144,0.00200,0.00126,0.00841
1403715592.261921882629395,0.00262,0.00014,0.00062,0.00123,0.00240,0.00104,0.00806
1403715592.311921358108521,0.00293,0.00020,0.00085,0.00130,0.00164,0.00127,0.00819
1403715592.361921072006226,0.00229,0.00014,0.00074,0.00113,0.00280,0.00104,0.00815
1403715592.411921262741089,0.00299,0.00014,0.00062,0.00124,0.00223,0.00123,0.00844
1403715592.461921215057373,0.00290,0.00015,0.00075,0.00125,0.00323,0.00122,0.00950
1403715592.511921405792236,0.00316,0.00012,0.00038,0.00163,0.00015,0.00098,0.00642
1403715592.561921596527100,0.00305,0.00012,0.00090,0.00098,0.00174,0.00091,0.00770
1403715592.611921787261963,0.00302,0.00012,0.00102,0.00129,0.00015,0.00135,0.00695
1403715592.661922216415405,0.00332,0.00011,0.00022,0.00130,0.00163,0.00102,0.00760
1403715592.711921930313110,0.00203,0.00011,0.00024,0.00219,0.00310,0.00094,0.00861
1403715592.761922359466553,0.00271,0.00015,0.00111,0.00168,0.00000,0.00087,0.00652
1403715592.811923027038574,0.00248,0.00014,0.00169,0.00133,0.00139,0.00091,0.00794
1403715592.861922264099121,0.00275,0.00012,0.00137,0.00115,0.00127,0.00142,0.00808
1403715592.911922216415405,0.00265,0.00013,0.00079,0.00109,0.00000,0.00108,0.00573
1403715592.961921930313110,0.00243,0.00009,0.00033,0.00101,0.00027,0.00113,0.00525
1403715593.011920452117920,0.00202,0.00008,0.00112,0.00081,0.00281,0.00089,0.00773
1403715593.061920166015625,0.00226,0.00009,0.00104,0.00096,0.00001,0.00098,0.00533
1403715593.111918926239014,0.00227,0.00014,0.00046,0.00084,0.00342,0.00112,0.00825
1403715593.161917448043823,0.00250,0.00015,0.00071,0.00119,0.00000,0.00117,0.00571
1403715593.211916208267212,0.00229,0.00011,0.00071,0.00095,0.00043,0.00092,0.00541
1403715593.261917114257812,0.00262,0.00009,0.00168,0.00079,0.00000,0.00093,0.00611
1403715593.311917543411255,0.00257,0.00013,0.00108,0.00059,0.00004,0.00112,0.00554
1403715593.361917257308960,0.00225,0.00012,0.00098,0.00052,0.00025,0.00081,0.00493
1403715593.411917209625244,0.00237,0.00012,0.00173,0.00032,0.00137,0.00157,0.00748
1403715593.461918354034424,0.00255,0.00013,0.00039,0.00037,0.00248,0.00109,0.00701
1403715593.511918544769287,0.00202,0.00010,0.00016,0.00066,0.00131,0.00090,0.00515
1403715593.561918735504150,0.00244,0.00014,0.00021,0.00081,0.00000,0.00105,0.00466
1403715593.611918687820435,0.00241,0.00013,0.00047,0.00070,0.00187,0.00109,0.00666
1403715593.661919116973877,0.00229,0.00013,0.00016,0.00103,0.00030,0.00108,0.00499
1403715593.711919307708740,0.00255,0.00012,0.00083,0.00090,0.00662,0.00082,0.01185
1403715593.761919021606445,0.00244,0.00014,0.00143,0.00181,0.00000,0.00108,0.00690
1403715593.811919212341309,0.00247,0.00017,0.00099,0.00158,0.00130,0.00084,0.00736
1403715593.861919403076172,0.00253,0.00015,0.00090,0.00177,0.00123,0.00112,0.00771
1403715593.911918878555298,0.00237,0.00010,0.00010,0.00207,0.00239,0.00157,0.00860
1403715593.961918115615845,0.00216,0.00017,0.00091,0.00203,0.00185,0.00086,0.00797
1403715594.011917829513550,0.00231,0.00014,0.00034,0.00239,0.00079,0.00112,0.00709
1403715594.061917304992676,0.00216,0.00013,0.00049,0.00214,0.00000,0.00149,0.00641
1403715594.111916780471802,0.00224,0.00013,0.00100,0.00194,0.00266,0.00105,0.00902
1403715594.161915302276611,0.00269,0.00020,0.00001,0.00336,0.00820,0.00108,0.01554
1403715594.211915493011475,0.00241,0.00015,0.00072,0.00323,0.00000,0.00083,0.00733
1403715594.261915683746338,0.00248,0.00022,0.00013,0.00309,0.00289,0.00143,0.01024
1403715594.311916351318359,0.00218,0.00012,0.00035,0.00255,0.00017,0.00105,0.00643
1403715594.361917018890381,0.00234,0.00014,0.00010,0.00239,0.00067,0.00112,0.00677
1403715594.411917924880981,0.00191,0.00012,0.00019,0.00225,0.00448,0.00147,0.01042
1403715594.461917638778687,0.00230,0.00014,0.00150,0.00282,0.00415,0.00103,0.01195
1403715594.511917352676392,0.00200,0.00018,0.00124,0.00323,0.00072,0.00101,0.00837
1403715594.561917304992676,0.00237,0.00013,0.00199,0.00301,0.00117,0.00085,0.00953
1403715594.611917257308960,0.00224,0.00015,0.00016,0.00301,0.00000,0.00107,0.00665
1403715594.661917209625244,0.00214,0.00013,0.00035,0.00271,0.00007,0.00096,0.00636
1403715594.711916923522949,0.00191,0.00012,0.00006,0.00254,0.00012,0.00161,0.00636
1403715594.761917114257812,0.00220,0.00015,0.00054,0.00255,0.00210,0.00089,0.00843
1403715594.811916589736938,0.00236,0.00015,0.00007,0.00289,0.00202,0.00117,0.00867
1403715594.861915826797485,0.00199,0.00014,0.00059,0.00255,0.00009,0.00090,0.00625
1403715594.911915540695190,0.00242,0.00012,0.00072,0.00236,0.00017,0.00090,0.00669
1403715594.961915254592896,0.00202,0.00013,0.00085,0.00183,0.00074,0.00093,0.00650
1403715595.011914968490601,0.00244,0.00015,0.00042,0.00156,0.00307,0.00112,0.00876
1403715595.061914682388306,0.00233,0.00021,0.00064,0.00176,0.00007,0.00110,0.00610
1403715595.111915588378906,0.00226,0.00012,0.00039,0.00150,0.00555,0.00163,0.01145
1403715595.161914825439453,0.00207,0.00015,0.00040,0.00178,0.00152,0.00089,0.00681
1403715595.211914539337158,0.00258,0.00015,0.00053,0.00165,0.00000,0.00106,0.00597
1403715595.261913776397705,0.00213,0.00008,0.00034,0.00163,0.00029,0.00095,0.00543
1403715595.311913251876831,0.00217,0.00009,0.00082,0.00129,0.00341,0.00091,0.00869
1403715595.361913442611694,0.00229,0.00009,0.00019,0.00154,0.00000,0.00095,0.00506
1403715595.461913347244263,0.00228,0.00013,0.00025,0.00098,0.00000,0.00150,0.00514
1403715595.511913061141968,0.00207,0.00010,0.00019,0.00067,0.00467,0.00089,0.00860
1403715595.561913013458252,0.00278,0.00014,0.00079,0.00133,0.00007,0.00124,0.00635
1403715595.611912965774536,0.00246,0.00012,0.00179,0.00099,0.00304,0.00099,0.00939
1403715595.661912679672241,0.00215,0.00009,0.00089,0.00157,0.00038,0.00112,0.00619
1403715595.711911916732788,0.00204,0.00016,0.00033,0.00104,0.00174,0.00089,0.00620
1403715595.761912107467651,0.00238,0.00013,0.00024,0.00109,0.00000,0.00147,0.00531
1403715595.811910629272461,0.00256,0.00013,0.00082,0.00076,0.00402,0.00107,0.00935
1403715595.861909866333008,0.00248,0.00013,0.00105,0.00121,0.00028,0.00127,0.00642
1403715595.911909818649292,0.00240,0.00015,0.00026,0.00142,0.00353,0.00145,0.00921
1403715595.961910963058472,0.00236,0.00014,0.00079,0.00164,0.00345,0.00106,0.00944
1403715596.011911392211914,0.00251,0.00010,0.00034,0.00135,0.00000,0.00093,0.00524
1403715596.061913251876831,0.00248,0.00012,0.00018,0.00126,0.00464,0.00119,0.00987
1403715596.111912727355957,0.00217,0.00012,0.00089,0.00157,0.00135,0.00156,0.00766
1403715596.161915779113770,0.00186,0.00011,0.00028,0.00184,0.00247,0.00086,0.00741
1403715596.211915493011475,0.00217,0.00010,0.00008,0.00221,0.00008,0.00087,0.00552
1403715596.261915206909180,0.00216,0.00012,0.00018,0.00263,0.00000,0.00119,0.00629
1403715596.311914443969727,0.00189,0.00009,0.00037,0.00215,0.00253,0.00099,0.00802
1403715596.361912012100220,0.00255,0.00015,0.00063,0.00248,0.00440,0.00104,0.01124
1403715596.411911010742188,0.00235,0.00015,0.00261,0.00315,0.00249,0.00105,0.01180
1403715596.461912155151367,0.00234,0.00013,0.00101,0.00362,0.00014,0.00110,0.00834
1403715596.511911869049072,0.00220,0.00015,0.00160,0.00271,0.00084,0.00112,0.00863
1403715596.561912298202515,0.00300,0.00011,0.00243,0.00213,0.00018,0.00091,0.00876
1403715596.611908435821533,0.00213,0.00012,0.00023,0.00210,0.00301,0.00114,0.00873
1403715596.661908149719238,0.00250,0.00015,0.00046,0.00248,0.00000,0.00106,0.00665
1403715596.711907625198364,0.00261,0.00016,0.00022,0.00231,0.00071,0.00113,0.00714
1403715596.761905431747437,0.00266,0.00022,0.00125,0.00221,0.00211,0.00145,0.00990
1403715596.811904430389404,0.00252,0.00018,0.00045,0.00207,0.00000,0.00119,0.00641
1403715596.861902952194214,0.00203,0.00012,0.00219,0.00238,0.00002,0.00118,0.00793
1403715596.911901950836182,0.00255,0.00014,0.00070,0.00186,0.00179,0.00093,0.00797
1403715596.961901187896729,0.00190,0.00009,0.00007,0.00183,0.00000,0.00087,0.00477
1403715597.011898517608643,0.00208,0.00010,0.00051,0.00169,0.00472,0.00091,0.01002
1403715597.061897516250610,0.00226,0.00014,0.00034,0.00254,0.00000,0.00119,0.00648
1403715597.111896753311157,0.00185,0.00015,0.00249,0.00342,0.00794,0.00109,0.01694
1403715597.161895036697388,0.00272,0.00014,0.00139,0.00372,0.00000,0.00116,0.00915
1403715597.211893081665039,0.00239,0.00014,0.00169,0.00399,0.00002,0.00115,0.00939
1403715597.261893033981323,0.00262,0.00016,0.00409,0.00331,0.00080,0.00108,0.01206
1403715597.311893224716187,0.00211,0.00013,0.00099,0.00295,0.00073,0.00089,0.00781
1403715597.361895561218262,0.00270,0.00017,0.00034,0.00243,0.00068,0.00115,0.00747
1403715597.411894559860229,0.00287,0.00015,0.00088,0.00223,0.00000,0.00168,0.00781
1403715597.461893558502197,0.00185,0.00015,0.00145,0.00190,0.00301,0.00094,0.00929
1403715597.511890172958374,0.00236,0.00010,0.00051,0.00209,0.00000,0.00077,0.00583
1403715597.561887025833130,0.00228,0.00018,0.00074,0.00181,0.00000,0.00116,0.00617
1403715597.611882686614990,0.00187,0.00009,0.00031,0.00165,0.00001,0.00115,0.00509
1403715597.661878824234009,0.00265,0.00015,0.00051,0.00154,0.00008,0.00112,0.00606
1403715597.711874723434448,0.00219,0.00010,0.00088,0.00148,0.00029,0.00122,0.00616
1403715597.761873245239258,0.00210,0.00011,0.00032,0.00136,0.00027,0.00108,0.00523
1403715597.811872720718384,0.00223,0.00011,0.00020,0.00183,0.00267,0.00120,0.00823
1403715597.861872434616089,0.00222,0.00013,0.00059,0.00123,0.00051,0.00111,0.00580
1403715597.911871910095215,0.00217,0.00014,0.00077,0.00109,0.00288,0.00120,0.00826
1403715597.961874485015869,0.00245,0.00011,0.00124,0.00106,0.00611,0.00107,0.01205
1403715598.011874437332153,0.00255,0.00013,0.00048,0.00174,0.00000,0.00114,0.00606
1403715598.061873674392700,0.00231,0.00012,0.00051,0.00153,0.01049,0.00119,0.01615
1403715598.111873626708984,0.00250,0.00015,0.00048,0.00268,0.00000,0.00106,0.00688
1403715598.161873579025269,0.00194,0.00014,0.00090,0.00206,0.00000,0.00086,0.00589
1403715598.211874485015869,0.00226,0.00013,0.00067,0.00179,0.00187,0.00088,0.00759
1403715598.261874198913574,0.00258,0.00012,0.00033,0.00204,0.00001,0.00110,0.00618
1403715598.311874866485596,0.00238,0.00011,0.00038,0.00205,0.00200,0.00113,0.00806
1403715598.361875295639038,0.00245,0.00013,0.00137,0.00172,0.00009,0.00104,0.00681
1403715598.411874055862427,0.00232,0.00016,0.00058,0.00167,0.00071,0.00111,0.00654
1403715598.461874246597290,0.00255,0.00014,0.00079,0.00151,0.00025,0.00112,0.00637
1403715598.511874437332153,0.00262,0.00015,0.00064,0.00144,0.00230,0.00114,0.00829
1403715598.561875820159912,0.00238,0.00015,0.00044,0.00166,0.00174,0.00110,0.00746
1403715598.611877441406250,0.00243,0.00015,0.00164,0.00167,0.00077,0.00112,0.00778
1403715598.661879062652588,0.00223,0.00015,0.00030,0.00221,0.00240,0.00084,0.00813
1403715598.711880922317505,0.00176,0.00013,0.00023,0.00206,0.00000,0.00084,0.00502
1403715598.761882543563843,0.00144,0.00009,0.00073,0.00200,0.00138,0.00085,0.00649
1403715598.811883449554443,0.00254,0.00016,0.00063,0.00205,0.00200,0.00139,0.00877
1403715598.861879825592041,0.00285,0.00012,0.00083,0.00237,0.00273,0.00094,0.00984
1403715598.911879301071167,0.00258,0.00016,0.00042,0.00218,0.00265,0.00105,0.00902
1403715598.961879014968872,0.00275,0.00012,0.00028,0.00256,0.00067,0.00112,0.00751
1403715599.011879444122314,0.00216,0.00013,0.00025,0.00240,0.00124,0.00091,0.00709
1403715599.061880350112915,0.00203,0.00012,0.00209,0.00272,0.00405,0.00090,0.01190
1403715599.111880064010620,0.00234,0.00010,0.00001,0.00311,0.00000,0.00118,0.00674
1403715599.161879777908325,0.00265,0.00014,0.00017,0.00289,0.00088,0.00111,0.00783
1403715599.211879253387451,0.00210,0.00013,0.00008,0.00297,0.00000,0.00095,0.00623
1403715599.261877775192261,0.00243,0.00024,0.00038,0.00276,0.00124,0.00141,0.00847
1403715599.311877965927124,0.00284,0.00013,0.00008,0.00280,0.00000,0.00094,0.00680
1403715599.361877918243408,0.00209,0.00013,0.00047,0.00265,0.00040,0.00095,0.00669
1403715599.411877155303955,0.00243,0.00011,0.00034,0.00249,0.00137,0.00093,0.00766
1403715599.461877107620239,0.00221,0.00013,0.00073,0.00249,0.00290,0.00093,0.00939
1403715599.511877775192261,0.00197,0.00011,0.00427,0.00257,0.00096,0.00185,0.01173
1403715599.561878681182861,0.00221,0.00013,0.00004,0.00291,0.00000,0.00104,0.00635
1403715599.611879348754883,0.00208,0.00010,0.00010,0.00262,0.00046,0.00234,0.00771
1403715599.661880016326904,0.00273,0.00016,0.00001,0.00272,0.00146,0.00113,0.00821
1403715599.711880922317505,0.00269,0.00015,0.00149,0.00340,0.00206,0.00085,0.01066
1403715599.761881113052368,0.00237,0.00021,0.00003,0.00378,0.00057,0.00100,0.00796
1403715599.811881303787231,0.00231,0.00013,0.00001,0.00314,0.00000,0.00146,0.00704
1403715599.861880302429199,0.00271,0.00023,0.00687,0.00267,0.00071,0.00115,0.01434
1403715599.911878824234009,0.00200,0.00015,0.00027,0.00368,0.00000,0.00232,0.00844
1403715599.961877346038818,0.00269,0.00017,0.00369,0.00235,0.00057,0.00159,0.01107
1403715600.011876583099365,0.00251,0.00015,0.00051,0.00236,0.00000,0.00243,0.00797
1403715600.061876773834229,0.00230,0.00012,0.00022,0.00227,0.00020,0.00158,0.00669
1403715600.111876487731934,0.00279,0.00015,0.00236,0.00241,0.00355,0.00094,0.01220
1403715600.161876201629639,0.00312,0.00014,0.00041,0.00243,0.00000,0.00091,0.00701
1403715600.211875915527344,0.00248,0.00021,0.00341,0.00230,0.00362,0.00176,0.01378
1403715600.261875867843628,0.00181,0.00016,0.00030,0.00276,0.00012,0.00101,0.00618
1403715600.311876296997070,0.00233,0.00010,0.00015,0.00283,0.00100,0.00104,0.00745
1403715600.361876487731934,0.00228,0.00016,0.00027,0.00269,0.00000,0.00124,0.00665
1403715600.411876916885376,0.00201,0.00017,0.00120,0.00276,0.00016,0.00128,0.00758
1403715600.461877584457397,0.00352,0.00014,0.00112,0.00245,0.00398,0.00099,0.01220
1403715600.511878728866577,0.00257,0.00015,0.00169,0.00316,0.00000,0.00122,0.00880
1403715600.561880350112915,0.00199,0.00013,0.00265,0.00288,0.00022,0.00095,0.00882
1403715600.611881017684937,0.00206,0.00014,0.00119,0.00309,0.00000,0.00126,0.00774
1403715600.661881208419800,0.00415,0.00014,0.00258,0.00178,0.00110,0.00180,0.01155
1403715600.711880683898926,0.00232,0.00011,0.00096,0.00141,0.00444,0.00119,0.01045
1403715600.761879682540894,0.00263,0.00017,0.00052,0.00189,0.00011,0.00114,0.00646
1403715600.811876296997070,0.00262,0.00010,0.00142,0.00160,0.00272,0.00102,0.00948
1403715600.861875534057617,0.00223,0.00015,0.00011,0.00177,0.00013,0.00125,0.00566
1403715600.911875009536743,0.00283,0.00013,0.00081,0.00213,0.00000,0.00134,0.00726
1403715600.961875200271606,0.00332,0.00013,0.00033,0.00097,0.00000,0.00096,0.00572
1403715601.011874198913574,0.00230,0.00013,0.00069,0.00102,0.00703,0.00093,0.01210
1403715601.061874866485596,0.00244,0.00014,0.00037,0.00180,0.00014,0.00131,0.00620
1403715601.111875772476196,0.00309,0.00012,0.00031,0.00153,0.00000,0.00117,0.00621
1403715601.161875247955322,0.00229,0.00013,0.00124,0.00158,0.00128,0.00122,0.00774
1403715601.211876392364502,0.00261,0.00017,0.00204,0.00135,0.01181,0.00092,0.01889
1403715601.261876344680786,0.00269,0.00019,0.00145,0.00329,0.00046,0.00185,0.00992
1403715601.311876535415649,0.00239,0.00012,0.00032,0.00239,0.00048,0.00123,0.00693
1403715601.361876249313354,0.00292,0.00016,0.00035,0.00252,0.00040,0.00119,0.00755
1403715601.411875963211060,0.00249,0.00014,0.00098,0.00242,0.00112,0.00118,0.00833
1403715601.461875677108765,0.00286,0.00014,0.00132,0.00238,0.00156,0.00096,0.00922
1403715601.511875391006470,0.00229,0.00010,0.00430,0.00266,0.00204,0.00096,0.01236
1403715601.561874866485596,0.00226,0.00010,0.00045,0.00297,0.00038,0.00103,0.00719
1403715601.611874341964722,0.00280,0.00018,0.00229,0.00237,0.00015,0.00115,0.00894
1403715601.661874055862427,0.00236,0.00015,0.00720,0.00443,0.00166,0.00098,0.01677
1403715601.711873531341553,0.00212,0.00016,0.00015,0.00251,0.00018,0.00123,0.00635
1403715601.761873483657837,0.00260,0.00024,0.00090,0.00245,0.00013,0.00114,0.00746
1403715601.811873912811279,0.00208,0.00013,0.00004,0.00228,0.00177,0.00091,0.00722
1403715601.861873865127563,0.00256,0.00012,0.00012,0.00220,0.00068,0.00139,0.00708
1403715601.911873579025269,0.00231,0.00024,0.00010,0.00211,0.00046,0.00113,0.00634
1403715601.961873292922974,0.00191,0.00011,0.00021,0.00194,0.00068,0.00090,0.00577
1403715602.011872529983521,0.00257,0.00017,0.00379,0.00157,0.00465,0.00088,0.01362
1403715602.061872720718384,0.00266,0.00015,0.00103,0.00237,0.00073,0.00089,0.00782
1403715602.111872673034668,0.00213,0.00013,0.00125,0.00181,0.00585,0.00091,0.01208
1403715602.211873054504395,0.00196,0.00018,0.00041,0.00214,0.00036,0.00082,0.00586
1403715602.261873483657837,0.00253,0.00012,0.00001,0.00232,0.00123,0.00095,0.00717
1403715602.311875820159912,0.00188,0.00014,0.00317,0.00235,0.00280,0.00088,0.01122
1403715602.361877679824829,0.00224,0.00013,0.00009,0.00261,0.00000,0.00080,0.00586
1403715602.411879062652588,0.00217,0.00014,0.00011,0.00282,0.00008,0.00118,0.00650
1403715602.461880922317505,0.00219,0.00011,0.00277,0.00236,0.00348,0.00111,0.01204
1403715602.511880636215210,0.00266,0.00016,0.00058,0.00273,0.00000,0.00116,0.00728
1403715602.561878681182861,0.00234,0.00011,0.00155,0.00279,0.00052,0.00117,0.00848
1403715602.611876487731934,0.00240,0.00014,0.00079,0.00274,0.00015,0.00150,0.00772
1403715602.661873340606689,0.00214,0.00010,0.00584,0.00255,0.00184,0.00101,0.01348
1403715602.711872577667236,0.00227,0.00010,0.00001,0.00318,0.00000,0.00141,0.00697
1403715602.761872529983521,0.00255,0.00014,0.00001,0.00341,0.00000,0.00114,0.00726
1403715602.811872005462646,0.00213,0.00013,0.00221,0.00316,0.00121,0.00110,0.00995
1403715602.861872196197510,0.00236,0.00018,0.00001,0.00331,0.00000,0.00106,0.00693
1403715602.911872148513794,0.00315,0.00015,0.00421,0.00284,0.00010,0.00113,0.01157
1403715602.961872577667236,0.00247,0.00014,0.00081,0.00281,0.00000,0.00128,0.00751
1403715603.011873006820679,0.00327,0.00016,0.00009,0.00259,0.00036,0.00123,0.00771
1403715603.061873912811279,0.00250,0.00011,0.00434,0.00226,0.00239,0.00103,0.01263
1403715603.111873865127563,0.00257,0.00017,0.00037,0.00247,0.00036,0.00123,0.00717
1403715603.211873531341553,0.00236,0.00017,0.00066,0.00186,0.00035,0.00098,0.00637
1403715603.261873006820679,0.00234,0.00018,0.00098,0.00188,0.00000,0.00128,0.00667
1403715603.311872482299805,0.00208,0.00011,0.00440,0.00170,0.00264,0.00113,0.01205
1403715603.361872434616089,0.00255,0.00013,0.00052,0.00200,0.00000,0.00122,0.00643
1403715603.411872863769531,0.00191,0.00010,0.00022,0.00181,0.00000,0.00097,0.00501
1403715603.461873769760132,0.00243,0.00013,0.00002,0.00189,0.00147,0.00158,0.00752
1403715603.511874437332153,0.00213,0.00015,0.00306,0.00231,0.00189,0.00121,0.01075
1403715603.561875104904175,0.00255,0.00017,0.00339,0.00284,0.00000,0.00112,0.01007
1403715603.611876010894775,0.00218,0.00015,0.00876,0.00250,0.00001,0.00103,0.01462
1403715603.661876201629639,0.00231,0.00018,0.00015,0.00254,0.00000,0.00114,0.00632
1403715603.711877107620239,0.00245,0.00010,0.00232,0.00223,0.00251,0.00097,0.01059
1403715603.761877775192261,0.00262,0.00010,0.00042,0.00240,0.00000,0.00096,0.00651
1403715603.811878919601440,0.00240,0.00015,0.00045,0.00230,0.00036,0.00119,0.00685
1403715603.861879110336304,0.00240,0.00013,0.00052,0.00192,0.00000,0.00119,0.00616
1403715603.911878585815430,0.00250,0.00010,0.00220,0.00156,0.00408,0.00094,0.01138
1403715603.961878061294556,0.00317,0.00018,0.00024,0.00186,0.00034,0.00139,0.00719
1403715604.011878013610840,0.00293,0.00013,0.00046,0.00159,0.00000,0.00120,0.00632
1403715604.061878919601440,0.00202,0.00011,0.00054,0.00136,0.00007,0.00094,0.00505
1403715604.111879825592041,0.00279,0.00019,0.00057,0.00142,0.00088,0.00117,0.00701
1403715604.161881208419800,0.00251,0.00009,0.00003,0.00138,0.00190,0.00086,0.00676
1403715604.211885452270508,0.00236,0.00014,0.00186,0.00154,0.00899,0.00105,0.01593
1403715604.261887550354004,0.00253,0.00015,0.00267,0.00296,0.00015,0.00107,0.00953
1403715604.311887502670288,0.00221,0.00013,0.00003,0.00300,0.00012,0.00126,0.00676
1403715604.361887216567993,0.00236,0.00010,0.00008,0.00286,0.00046,0.00100,0.00686
1403715604.411886215209961,0.00214,0.00010,0.00003,0.00318,0.00000,0.00099,0.00644
1403715604.461886405944824,0.00219,0.00020,0.00001,0.00308,0.00000,0.00125,0.00674
1403715604.511886596679688,0.00222,0.00017,0.00579,0.00273,0.00013,0.00101,0.01204
1403715604.561886787414551,0.00233,0.00014,0.00010,0.00389,0.00002,0.00118,0.00768
1403715604.611886739730835,0.00220,0.00016,0.00026,0.00373,0.00004,0.00118,0.00758
1403715604.661886453628540,0.00226,0.00014,0.00159,0.00287,0.00102,0.00114,0.00902
1403715604.711886644363403,0.00205,0.00011,0.00001,0.00319,0.00049,0.00124,0.00709
1403715604.761886596679688,0.00228,0.00021,0.00026,0.00342,0.00000,0.00102,0.00720
1403715604.811886787414551,0.00221,0.00013,0.00223,0.00297,0.00010,0.00135,0.00899
1403715604.861886739730835,0.00191,0.00010,0.00218,0.00321,0.00000,0.00148,0.00888
1403715604.911886930465698,0.00223,0.00014,0.00018,0.00318,0.00000,0.00129,0.00703
1403715604.961886882781982,0.00210,0.00010,0.00013,0.00307,0.00000,0.00100,0.00640
1403715605.011886835098267,0.00251,0.00020,0.00001,0.00382,0.00000,0.00133,0.00786
1403715605.061887025833130,0.00247,0.00014,0.00021,0.00308,0.00000,0.00120,0.00710
1403715605.111887693405151,0.00193,0.00010,0.00507,0.00304,0.00000,0.00099,0.01112
1403715605.161887884140015,0.00207,0.00015,0.00026,0.00285,0.00000,0.00130,0.00663
1403715605.211888074874878,0.00349,0.00014,0.00091,0.00339,0.00000,0.00097,0.00891
1403715605.261888027191162,0.00214,0.00014,0.00095,0.00324,0.00003,0.00104,0.00753
1403715605.311888217926025,0.00244,0.00015,0.00015,0.00241,0.00000,0.00130,0.00644
1403715605.361888170242310,0.00230,0.00013,0.00003,0.00236,0.00010,0.00123,0.00615
1403715605.411888360977173,0.00227,0.00017,0.00024,0.00265,0.00230,0.00113,0.00875
1403715605.461888074874878,0.00223,0.00014,0.02501,0.00245,0.00119,0.00101,0.03204
1403715605.511888027191162,0.00214,0.00011,0.00007,0.00263,0.00014,0.00092,0.00602
1403715605.561888217926025,0.00248,0.00014,0.00027,0.00253,0.00001,0.00121,0.00666
1403715605.611888170242310,0.00217,0.00011,0.00054,0.00246,0.00000,0.00143,0.00670
1403715605.661888599395752,0.00177,0.00010,0.00032,0.00222,0.00000,0.00111,0.00554
1403715605.711889505386353,0.00274,0.00017,0.00320,0.00207,0.00101,0.00124,0.01043
1403715605.761890411376953,0.00248,0.00017,0.00343,0.00207,0.00201,0.00113,0.01129
1403715605.811890840530396,0.00257,0.00014,0.00016,0.00241,0.00045,0.00123,0.00695
1403715605.861891031265259,0.00234,0.00009,0.00029,0.00228,0.00090,0.00182,0.00772
1403715605.911891222000122,0.00275,0.00013,0.00013,0.00255,0.00000,0.00115,0.00671
1403715605.961891412734985,0.00229,0.00013,0.00107,0.00236,0.00041,0.00122,0.00748
1403715606.011891365051270,0.00220,0.00010,0.00015,0.00237,0.00002,0.00103,0.00587
1403715606.061892032623291,0.00204,0.00009,0.00075,0.00222,0.00348,0.00109,0.00967
1403715606.111892223358154,0.00254,0.00019,0.00181,0.00261,0.00025,0.00130,0.00870
1403715606.161892414093018,0.00298,0.00013,0.00041,0.00268,0.00075,0.00217,0.00912
1403715606.211892366409302,0.00226,0.00014,0.00048,0.00253,0.00000,0.00118,0.00659
1403715606.261892318725586,0.00316,0.00009,0.00031,0.00252,0.00019,0.00125,0.00753
1403715606.311892509460449,0.00220,0.00013,0.00090,0.00202,0.00219,0.00118,0.00862
1403715606.361892223358154,0.00201,0.00009,0.00283,0.00202,0.00081,0.00159,0.00936
1403715606.411892175674438,0.00236,0.00013,0.00008,0.00224,0.00000,0.00109,0.00590
1403715606.461891412734985,0.00239,0.00011,0.00015,0.00203,0.00418,0.00089,0.00977
1403715606.511890888214111,0.00254,0.00013,0.00023,0.00250,0.00010,0.00110,0.00659
1403715606.561891078948975,0.00256,0.00014,0.00029,0.00255,0.00000,0.00130,0.00683
1403715606.611891031265259,0.00207,0.00009,0.00016,0.00201,0.00002,0.00096,0.00532
1403715606.661890745162964,0.00253,0.00009,0.00155,0.00187,0.00147,0.00092,0.00843
1403715606.711890459060669,0.00220,0.00014,0.00031,0.00244,0.00162,0.00115,0.00786
1403715606.811890602111816,0.00268,0.00017,0.00039,0.00230,0.00000,0.00105,0.00659
1403715606.861890554428101,0.00217,0.00016,0.00001,0.00214,0.00024,0.00125,0.00596
1403715606.911890745162964,0.00199,0.00013,0.00040,0.00229,0.00000,0.00115,0.00597
1403715606.961891412734985,0.00244,0.00010,0.00025,0.00213,0.00094,0.00084,0.00670
1403715607.011892318725586,0.00216,0.00015,0.00033,0.00167,0.00324,0.00120,0.00876
1403715607.061893224716187,0.00210,0.00013,0.00014,0.00186,0.00043,0.00098,0.00564
1403715607.111893415451050,0.00214,0.00009,0.00035,0.00178,0.00020,0.00097,0.00554
1403715607.161893367767334,0.00326,0.00021,0.00015,0.00188,0.00062,0.00122,0.00734
1403715607.211893081665039,0.00205,0.00010,0.00016,0.00153,0.00000,0.00086,0.00470
1403715607.261892795562744,0.00268,0.00015,0.00020,0.00169,0.00088,0.00129,0.00689
1403715607.311892986297607,0.00238,0.00010,0.00002,0.00128,0.00110,0.00092,0.00580
1403715607.361891984939575,0.00201,0.00009,0.00012,0.00119,0.00094,0.00082,0.00517
1403715607.411891698837280,0.00174,0.00009,0.00008,0.00169,0.00007,0.00081,0.00447
1403715607.461891412734985,0.00257,0.00008,0.00001,0.00120,0.00041,0.00090,0.00518
1403715607.511891126632690,0.00244,0.00009,0.00021,0.00117,0.00151,0.00100,0.00641
1403715607.561891078948975,0.00237,0.00015,0.00019,0.00152,0.00006,0.00107,0.00536
1403715607.611890554428101,0.00222,0.00014,0.00010,0.00104,0.00148,0.00160,0.00658
1403715607.661890506744385,0.00225,0.00016,0.00005,0.00126,0.00010,0.00104,0.00485
1403715607.711890459060669,0.00217,0.00012,0.00016,0.00097,0.00084,0.00144,0.00571
1403715607.761890888214111,0.00259,0.00014,0.00023,0.00089,0.00081,0.00120,0.00586
1403715607.811891078948975,0.00251,0.00009,0.00025,0.00064,0.00000,0.00092,0.00441
1403715607.861891031265259,0.00250,0.00008,0.00034,0.00036,0.00098,0.00084,0.00510
1403715607.911892414093018,0.00339,0.00011,0.00075,0.00025,0.00015,0.00111,0.00577
1403715607.961892127990723,0.00357,0.00012,0.00021,0.00021,0.00020,0.00118,0.00549
1403715608.011893033981323,0.00221,0.00008,0.00021,0.00022,0.00200,0.00094,0.00568
1403715608.061893224716187,0.00261,0.00012,0.00004,0.00020,0.00000,0.00138,0.00434
1403715608.111893177032471,0.00234,0.00008,0.00004,0.00017,0.00060,0.00116,0.00441
1403715608.161892890930176,0.00259,0.00008,0.00002,0.00016,0.00000,0.00119,0.00405
1403715608.211893081665039,0.00237,0.00011,0.00001,0.00018,0.00024,0.00135,0.00427
1403715608.261893510818481,0.00237,0.00011,0.00001,0.00016,0.00034,0.00137,0.00436
1403715608.311893701553345,0.00224,0.00009,0.00017,0.00017,0.00062,0.00113,0.00442
1403715608.361893653869629,0.00280,0.00011,0.00001,0.00023,0.00007,0.00128,0.00450
1403715608.411893367767334,0.00248,0.00010,0.00001,0.00022,0.00028,0.00136,0.00445
1403715608.461893081665039,0.00220,0.00011,0.00001,0.00025,0.00112,0.00133,0.00502
1403715608.511893033981323,0.00231,0.00008,0.00196,0.00027,0.00574,0.00104,0.01141
1403715608.561893224716187,0.00186,0.00009,0.00001,0.00099,0.00005,0.00103,0.00404
1403715608.611892938613892,0.00233,0.00008,0.00001,0.00091,0.00078,0.00113,0.00524
1403715608.661892890930176,0.00227,0.00013,0.00001,0.00145,0.00000,0.00141,0.00527
1403715608.711892843246460,0.00223,0.00011,0.00001,0.00095,0.00054,0.00113,0.00496
1403715608.761892795562744,0.00256,0.00008,0.00001,0.00125,0.00009,0.00153,0.00553
1403715608.811892986297607,0.00225,0.00012,0.00001,0.00100,0.00016,0.00111,0.00465
1403715608.861892938613892,0.00231,0.00013,0.00001,0.00107,0.00005,0.00134,0.00490
1403715608.911892652511597,0.00230,0.00010,0.00001,0.00096,0.00116,0.00110,0.00563
1403715608.961892604827881,0.00216,0.00010,0.00001,0.00117,0.00002,0.00197,0.00543
1403715609.011892557144165,0.00277,0.00013,0.00001,0.00117,0.00000,0.00170,0.00577
1403715609.061892747879028,0.00222,0.00024,0.00013,0.00124,0.00102,0.00111,0.00597
1403715609.111892700195312,0.00268,0.00014,0.00283,0.00125,0.00129,0.00102,0.00921
1403715609.161892414093018,0.00289,0.00010,0.00001,0.00180,0.00005,0.00108,0.00593
1403715609.211892366409302,0.00247,0.00014,0.00001,0.00133,0.00082,0.00167,0.00643
1403715609.261892318725586,0.00213,0.00009,0.00001,0.00143,0.00000,0.00131,0.00496
1403715609.311892509460449,0.00228,0.00009,0.00001,0.00136,0.00052,0.00101,0.00527
1403715609.361892223358154,0.00284,0.00010,0.00001,0.00135,0.00005,0.00195,0.00630
