timestamp,tracking_ms,estimator_ms,total_ms,observations
1403715886.584058046,5.329664,0.011750,5.360344,0
1403715886.634057999,3.003966,0.023901,3.028947,366
1403715886.684057951,1.725160,0.015431,1.741121,366
1403715886.734057903,1.859222,0.256243,2.116035,365
1403715886.784058094,1.906883,0.170892,2.078565,365
1403715886.834058046,1.799262,0.060571,1.860233,364
1403715886.884057999,1.947543,0.059681,2.007704,363
1403715886.934057951,1.868092,0.060381,1.929023,363
1403715886.984057903,1.805712,1.939343,3.745495,362
1403715887.034058094,1.929123,0.069871,1.999664,362
1403715887.084058046,1.995704,0.076301,2.072885,361
1403715887.134057999,1.781801,0.066241,1.848622,360
1403715887.184057951,1.772131,0.065441,1.838182,360
1403715887.234057903,1.833922,0.065590,1.900112,360
1403715887.284058094,1.787092,0.064140,1.851642,360
1403715887.334058046,1.797902,12.753043,14.551885,360
1403715887.384057999,2.006874,4.464953,6.473297,359
1403715887.434057951,1.821312,0.885331,2.707313,359
1403715887.484057903,1.951184,0.071261,2.023065,359
1403715887.534058094,1.886772,0.066501,1.953833,358
1403715887.584058046,1.768611,0.063151,1.832262,358
1403715887.634057999,1.826972,0.065471,1.892993,358
1403715887.684057951,1.838062,0.078691,1.917563,357
1403715887.734057903,1.743131,0.066941,1.810472,357
1403715887.784058094,1.837722,0.066881,1.905123,357
1403715887.834058046,1.778061,0.068321,1.846882,357
1403715887.884057999,1.749571,0.066921,1.816922,357
1403715887.934057951,1.784511,12.049745,13.834796,357
1403715887.984057903,1.906283,9.696706,11.604009,357
1403715888.034058094,1.899863,2.388439,4.289092,357
1403715888.084058046,1.788571,1.701971,3.491312,357
1403715888.134057999,1.843652,1.680971,3.525243,357
1403715888.184057951,1.906523,1.621740,3.528743,356
1403715888.234057903,1.808242,1.675160,3.484052,356
1403715888.284058094,1.837222,1.672340,3.510302,356
1403715888.334058046,1.872422,1.663510,3.536412,356
1403715888.384057999,1.838812,1.679950,3.519392,356
1403715888.434057951,1.805011,1.678560,3.484261,356
1403715888.484057903,1.839902,1.847072,3.687394,356
1403715888.534058094,1.705631,5.575087,7.282348,356
1403715888.584058046,1.688280,5.596648,7.286608,356
1403715888.634057999,1.806471,2.486750,4.294281,356
1403715888.684057951,1.724680,1.686991,3.412811,356
1403715888.734057903,1.691390,1.660390,3.352460,356
1403715888.784058094,1.635219,1.588339,3.224038,356
1403715888.834058046,1.679290,1.598009,3.277949,356
1403715888.884057999,1.730721,1.571079,3.302580,356
1403715888.934057951,1.765471,1.528448,3.294489,356
1403715888.984057903,1.689320,1.537948,3.227959,356
1403715889.034058094,1.781822,1.681020,3.463542,356
1403715889.084058046,1.570208,1.584989,3.155697,356
1403715889.134057999,1.638430,4.863818,6.502918,356
1403715889.184057951,1.716721,6.060013,7.777604,356
1403715889.234057903,1.810222,2.401938,4.213250,356
1403715889.284058094,1.752311,1.708541,3.461922,356
1403715889.334058046,1.741291,2.092875,3.834976,356
1403715889.384057999,1.726141,1.807782,3.534513,356
1403715889.434057951,1.670290,1.901813,3.572753,356
1403715889.484057903,1.639070,1.822312,3.462302,356
1403715889.534058094,1.737081,1.797452,3.535013,356
1403715889.584058046,1.762921,1.964394,3.727965,356
1403715889.634057999,1.723231,1.862403,3.586344,356
1403715889.684057951,1.637880,1.793231,3.431711,356
1403715889.734057903,1.490588,5.479986,6.971194,356
1403715889.784058094,1.460017,5.535687,6.997984,356
1403715889.834058046,1.377047,2.496510,3.874587,355
1403715889.884057999,1.440147,1.807312,3.248499,355
1403715889.934057951,1.440928,1.797371,3.239029,355
1403715889.984057903,1.292315,1.783061,3.075876,355
1403715890.034058094,1.228115,1.886363,3.115118,354
1403715890.084058046,1.364566,1.804592,3.169948,354
1403715890.134057999,1.378997,1.893943,3.273390,354
1403715890.184057951,1.234915,1.805322,3.040967,354
1403715890.234057903,1.464687,1.729721,3.195108,353
1403715890.284058094,1.334806,1.705241,3.040507,353
1403715890.334058046,1.296875,5.107261,6.404966,352
1403715890.384057999,1.392797,5.469416,6.863193,352
1403715890.434057951,1.452938,2.393208,3.846856,352
1403715890.484057903,1.207475,1.719771,2.928586,352
1403715890.534058094,1.317475,1.743301,3.062236,352
1403715890.584058046,1.222935,1.690510,2.913885,352
1403715890.634057999,1.245375,1.710370,2.956325,352
1403715890.684057951,1.345956,1.859063,3.205899,352
1403715890.734057903,1.312126,1.744791,3.057397,352
1403715890.784058094,1.261535,1.794112,3.056347,352
1403715890.834058046,1.296506,1.701510,2.998816,352
1403715890.884057999,1.241865,1.689360,2.931665,352
1403715890.934057951,1.288106,5.340324,6.629950,352
1403715890.984057903,1.475158,5.708679,7.186627,352
1403715891.034058094,1.295536,2.560111,3.857027,352
1403715891.084058046,1.424447,1.711430,3.138137,352
1403715891.134057999,1.361747,1.738651,3.102388,352
1403715891.184057951,1.232025,1.659450,2.892445,352
1403715891.234057903,1.392116,1.822222,3.215168,352
1403715891.284058094,1.238075,1.701701,2.940806,352
1403715891.334058046,1.302366,1.640540,2.943526,352
1403715891.384057999,1.218034,1.762071,2.980885,352
1403715891.434057951,1.436817,1.664610,3.102407,352
1403715891.484057903,1.382836,1.644120,3.027656,352
1403715891.534058094,1.278325,5.004500,6.283645,352
1403715891.584058046,1.436197,5.485646,6.922823,352
1403715891.634057999,1.492627,2.313438,3.806945,352
1403715891.684057951,1.392157,1.669870,3.063077,352
1403715891.734057903,1.404847,1.569258,2.974955,352
1403715891.784058094,1.372816,1.697771,3.071277,352
1403715891.834058046,1.651840,1.775631,3.431181,352
1403715891.884057999,1.401917,1.588489,2.991326,352
1403715891.934057951,1.225015,1.586739,2.812454,352
1403715891.984057903,1.491278,1.671570,3.163658,352
1403715892.034058094,1.351267,1.580829,2.932936,352
1403715892.084058046,1.358326,1.552979,2.911975,352
1403715892.134057999,1.301146,4.856758,6.158704,352
1403715892.184057951,1.525998,5.776960,7.304198,352
1403715892.234057903,1.453188,2.439999,3.894357,352
1403715892.284058094,1.332736,1.772901,3.106647,352
1403715892.334058046,1.343217,1.834462,3.178559,351
1403715892.384057999,1.378267,1.708930,3.087877,351
1403715892.434057951,1.330676,1.670880,3.002406,350
1403715892.484057903,1.275065,1.670820,2.946715,349
1403715892.534058094,1.238915,1.659870,2.899435,349
1403715892.584058046,1.343146,1.719170,3.063136,349
1403715892.634057999,1.303025,1.683480,2.987795,349
1403715892.684057951,1.199524,1.570039,2.770233,349
1403715892.734057903,1.289096,4.853678,6.143754,348
1403715892.784058094,1.519069,5.463005,6.983564,348
1403715892.834058046,1.348176,2.272187,3.622413,348
1403715892.884057999,1.236925,1.750741,2.988796,348
1403715892.934057951,1.339876,1.550859,2.891735,348
1403715892.984057903,1.192364,1.493188,2.686232,348
1403715893.034058094,1.396627,1.544249,2.941716,348
1403715893.084058046,1.351816,1.515518,2.868164,347
1403715893.134057999,1.357506,1.497198,2.855294,346
1403715893.184057951,1.300886,1.620580,2.922196,346
1403715893.234057903,1.294656,1.703740,2.999086,344
1403715893.284058094,1.211864,1.898523,3.111247,344
1403715893.334058046,1.461598,4.897719,6.360107,344
1403715893.384057999,1.259905,5.451526,6.712411,344
1403715893.434057951,1.491588,2.429379,3.921577,329
1403715893.484057903,2.271087,1.708651,3.980508,299
1403715893.534058094,2.045125,1.567929,3.613864,314
1403715893.584058046,1.733401,1.552309,3.286320,317
1403715893.634057999,1.856053,1.463627,3.320470,324
1403715893.684057951,1.540498,1.525249,3.066487,326
1403715893.734057903,1.531849,1.288745,2.821124,318
1403715893.784058094,1.348186,1.346347,2.695233,353
1403715893.834058046,1.472148,1.300745,2.773593,348
1403715893.884057999,1.521328,1.266155,2.787993,344
1403715893.934057951,1.462837,4.406353,5.869920,336
1403715893.984057903,1.446137,3.995168,5.442475,334
1403715894.034058094,1.315966,2.225106,3.541712,333
1403715894.084058046,1.327826,1.384057,2.712573,331
1403715894.134057999,1.232915,3.413001,4.646606,330
1403715894.184057951,1.324986,1.965274,3.290850,330
1403715894.234057903,1.228945,3.087117,4.316792,327
1403715894.284058094,1.381377,1.549438,2.931535,325
1403715894.334058046,1.449827,3.182328,4.632735,324
1403715894.384057999,1.589329,1.510999,3.101058,322
1403715894.434057951,1.510598,1.616820,3.128338,356
1403715894.484057903,1.460258,1.522548,2.983606,349
1403715894.534058094,1.476218,4.697956,6.174804,343
1403715894.584058046,1.389727,4.242811,5.633948,340
1403715894.634057999,1.456588,2.610401,4.067889,336
1403715894.684057951,1.618850,2.277017,3.897147,330
1403715894.734057903,1.530219,2.737733,4.268872,328
1403715894.784058094,1.395597,1.842012,3.238359,325
1403715894.834058046,1.757821,3.122388,4.880899,321
1403715894.884057999,1.535919,1.461027,2.997626,355
1403715894.934057951,1.475017,3.016697,4.492234,345
1403715894.984057903,1.349586,2.302698,3.652974,340
1403715895.034058094,1.604580,1.557648,3.162948,332
1403715895.084058046,1.571189,1.710780,3.282519,354
1403715895.134057999,1.560719,4.587265,6.148624,347
1403715895.184057951,1.352307,3.733904,5.086971,342
1403715895.234057903,1.605919,2.804344,4.410873,339
1403715895.284058094,1.668320,2.213906,3.882936,332
1403715895.334058046,1.453738,2.622821,4.077219,368
1403715895.384057999,1.640259,1.901123,3.541972,361
1403715895.434057951,1.456358,4.010378,5.467436,353
1403715895.484057903,1.515368,1.630419,3.147257,351
1403715895.534058094,1.623409,3.181399,4.805398,345
1403715895.584058046,1.517428,1.922894,3.441402,361
1403715895.634057999,1.413207,2.639282,4.053129,358
1403715895.684057951,1.401306,1.850103,3.252059,356
1403715895.734057903,1.525399,4.492034,6.018113,349
1403715895.784058094,1.677980,3.477812,5.156642,337
1403715895.834058046,1.640889,2.410479,4.051978,360
1403715895.884057999,1.678440,3.506732,5.185832,339
1403715895.934057951,1.851693,2.506290,4.358793,322
1403715895.984057903,1.564629,1.459778,3.025057,385
1403715896.034058094,1.535448,4.220431,5.756639,377
1403715896.084058046,1.345216,1.480808,2.826784,366
1403715896.134057999,1.550259,3.303210,4.853949,365
1403715896.184057951,1.523578,2.094355,3.618663,363
1403715896.234057903,1.559858,2.284488,3.845056,358
1403715896.284058094,1.419797,1.578949,2.999366,348
1403715896.334058046,1.935933,4.052209,5.988872,339
1403715896.384057999,1.590529,3.833677,5.425236,378
1403715896.434057951,1.440137,2.167096,3.607923,375
1403715896.484057903,1.437398,2.963735,4.402013,365
1403715896.534058094,1.507538,4.564274,6.072572,359
1403715896.584058046,1.502938,1.556209,3.059897,355
1403715896.634057999,1.600539,3.323310,4.924659,347
1403715896.684057951,1.631949,1.679550,3.312199,367
1403715896.734057903,1.550028,3.087328,4.637866,364
1403715896.784058094,1.535748,1.783342,3.319760,362
1403715896.834058046,1.673280,2.315258,3.989218,358
1403715896.884057999,1.477868,1.485018,2.963536,379
1403715896.934057951,1.523989,5.106831,6.631560,373
1403715896.984057903,1.705171,3.843546,5.551577,370
1403715897.034058094,1.686731,2.842264,4.529705,365
1403715897.084058046,1.848362,2.851724,4.700776,357
1403715897.134057999,1.826382,3.735115,5.562917,360
1403715897.184057951,1.632850,2.249227,3.882827,370
1403715897.234057903,2.100735,3.404141,5.505776,358
1403715897.284058094,1.783692,1.916953,3.701425,376
1403715897.334058046,1.944764,3.433751,5.379115,358
1403715897.384057999,2.035364,1.981714,4.017808,366
1403715897.434057951,2.218467,2.506420,4.725637,366
1403715897.484057903,1.908702,1.446498,3.355810,377
1403715897.534058094,1.887313,4.180030,6.068063,366
1403715897.584058046,1.767462,3.418371,5.186543,399
1403715897.634057999,1.644560,2.403459,4.048629,385
1403715897.684057951,1.478828,2.842704,4.322242,375
1403715897.734057903,1.749671,3.685984,5.436355,374
1403715897.784058094,1.771662,1.672450,3.444742,370
1403715897.834058046,2.309607,3.098818,5.409115,365
1403715897.884057999,2.139886,2.183766,4.324432,383
1403715897.934057951,2.440809,3.384221,5.825660,358
1403715897.984057903,2.283388,2.786493,5.070991,387
1403715898.034058094,2.431469,3.414631,5.846800,353
1403715898.084058046,2.516020,1.314426,3.832006,373
1403715898.134057999,2.581161,5.158922,7.741143,356
1403715898.184057951,2.465590,3.164388,5.630778,340
1403715898.234057903,2.710592,1.795972,4.507224,324
1403715898.284058094,2.613052,2.092225,4.706117,332
1403715898.334058046,2.481540,2.150916,4.633286,349
1403715898.384057999,2.376899,1.356816,3.734515,347
1403715898.434057951,1.984004,4.796317,6.781231,331
1403715898.484057903,2.188486,1.732581,3.922067,329
1403715898.534058094,2.202797,2.472480,4.676037,321
1403715898.584058046,1.802782,2.139936,3.943608,342
1403715898.634057999,1.903573,3.314100,5.218423,339
1403715898.684057951,1.507868,3.167068,4.675636,388
1403715898.734057903,1.949113,4.013178,5.963361,361
1403715898.784058094,1.849792,3.476482,5.327764,326
1403715898.834058046,1.865002,2.888055,4.753977,331
1403715898.884057999,1.747281,2.917085,4.665986,348
1403715898.934057951,1.601249,2.517650,4.120679,352
1403715898.984057903,1.712401,2.521850,4.235091,340
1403715899.034058094,1.545998,3.204229,4.751167,357
1403715899.084058046,1.933643,1.882712,3.818325,350
1403715899.134057999,1.781521,2.838884,4.621125,341
1403715899.184057951,2.294087,2.873015,5.168342,314
1403715899.234057903,2.166456,3.770636,5.938342,311
1403715899.284058094,2.031005,1.503588,3.535513,315
1403715899.334058046,1.708481,4.360392,6.069703,289
1403715899.384057999,1.486388,3.815395,5.302663,302
1403715899.434057951,1.555799,2.966015,4.522514,299
1403715899.484057903,1.831532,2.746923,4.579255,306
1403715899.534058094,1.509148,1.172984,2.683062,302
1403715899.584058046,1.316326,2.995356,4.312322,329
1403715899.634057999,1.619129,3.174858,4.794817,323
1403715899.684057951,1.676740,2.806184,4.483714,291
1403715899.734057903,1.507018,2.456250,3.963958,300
1403715899.784058094,1.578699,2.802664,4.382113,293
1403715899.834058046,1.583169,4.488734,6.072753,309
1403715899.884057999,1.636419,2.430599,4.067749,283
1403715899.934057951,1.392097,1.688410,3.081447,285
1403715899.984057903,1.724621,2.205677,3.931078,268
1403715900.034058094,1.685570,2.703173,4.389483,284
1403715900.084058046,1.441287,1.639880,3.082017,316
1403715900.134057999,1.577969,2.990196,4.568895,308
1403715900.184057951,1.568729,1.828812,3.398461,295
1403715900.234057903,1.423307,2.928285,4.352762,318
1403715900.284058094,1.579149,2.881944,4.461833,314
1403715900.334058046,1.723361,3.340940,5.065131,319
1403715900.384057999,1.674900,3.061067,4.736847,297
1403715900.434057951,1.518448,3.183858,4.703416,287
1403715900.484057903,1.458087,2.453070,3.912027,268
1403715900.534058094,1.757061,1.582289,3.340290,235
1403715900.584058046,1.959563,3.892117,5.853040,228
1403715900.634057999,1.632050,3.829496,5.462306,215
1403715900.684057951,1.759951,2.532691,4.293482,193
1403715900.734057903,1.599549,2.986716,4.587185,219
1403715900.784058094,1.466287,2.929186,4.396203,219
1403715900.834058046,1.933853,1.873762,3.808386,183
1403715900.884057999,1.425557,2.818584,4.244931,195
1403715900.934057951,1.233954,3.016147,4.250751,207
1403715900.984057903,1.397207,2.203417,3.601544,188
1403715901.034058094,1.470448,1.622429,3.093767,184
1403715901.084058046,1.286755,1.496228,2.783673,176
1403715901.134057999,1.425887,1.385247,2.811964,162
1403715901.184057951,1.344786,0.787380,2.133726,164
1403715901.234057903,1.110494,1.490938,2.602162,153
1403715901.284058094,1.883903,2.879385,4.764128,148
1403715901.334058046,1.521538,1.370137,2.892445,225
1403715901.384057999,1.257445,1.637740,2.895865,227
1403715901.434057951,2.214907,1.433807,3.649504,187
1403715901.484057903,2.275718,2.145166,4.421664,227
1403715901.534058094,2.229417,1.535128,3.765245,243
1403715901.584058046,2.780703,2.006955,4.788698,220
1403715901.634057999,1.821281,1.875133,3.697245,239
1403715901.684057951,2.168516,1.525799,3.695025,234
1403715901.734057903,1.991494,2.269407,4.262661,230
1403715901.784058094,1.869823,1.941253,3.811896,204
1403715901.834058046,2.063295,2.711213,4.776208,197
1403715901.884057999,2.073815,3.133898,5.208313,193
1403715901.934057951,1.653380,2.269987,3.924157,194
1403715901.984057903,1.355236,2.295178,3.651554,207
1403715902.034058094,1.453798,2.389068,3.843566,210
1403715902.084058046,1.555289,2.491400,4.047399,221
1403715902.134057999,1.531948,2.182076,3.714635,249
1403715902.184057951,1.338126,1.453497,2.792473,256
1403715902.234057903,1.543059,1.560389,3.104188,252
1403715902.284058094,1.473998,1.526968,3.001626,254
1403715902.334058046,1.610299,1.294586,2.905595,254
1403715902.384057999,1.664910,2.986676,4.652266,251
1403715902.434057951,1.667140,2.145676,3.813686,255
1403715902.484057903,2.013194,3.285750,5.299644,247
1403715902.534058094,2.005394,2.791313,4.797417,284
1403715902.584058046,2.034554,2.126966,4.162140,299
1403715902.634057999,2.390549,3.482082,5.873331,293
1403715902.684057951,2.466379,3.005157,5.472226,292
1403715902.734057903,1.775271,2.908475,4.684416,272
1403715902.784058094,1.768721,2.161306,3.930727,271
1403715902.834058046,2.108415,1.785982,3.895127,292
1403715902.884057999,2.062015,2.214517,4.277162,318
1403715902.934057951,1.923933,2.040875,3.965538,337
1403715902.984057903,1.920823,2.396029,4.317582,311
1403715903.034058094,1.868282,2.048435,3.917457,304
1403715903.084058046,1.778442,4.682236,6.461428,304
1403715903.134057999,1.762311,2.498210,4.261361,311
1403715903.184057951,1.791232,2.424849,4.216991,300
1403715903.234057903,1.932044,2.624851,4.557805,296
1403715903.284058094,1.930743,2.300878,4.232361,302
1403715903.334058046,2.095995,2.699442,4.796107,298
1403715903.384057999,1.735751,2.794884,4.531655,319
1403715903.434057951,1.720400,2.239357,3.960407,328
1403715903.484057903,1.848382,3.719635,5.568607,351
1403715903.534058094,1.899243,1.774301,3.674274,367
1403715903.584058046,1.939133,2.559371,4.499834,343
1403715903.634057999,1.696260,2.087375,3.784295,377
1403715903.684057951,1.809712,3.222929,5.033321,354
1403715903.734057903,2.151785,3.752886,5.905611,348
1403715903.784058094,2.417849,1.901633,4.320172,331
1403715903.834058046,2.892785,2.810604,5.704089,291
1403715903.884057999,2.185646,1.449198,3.635614,272
1403715903.934057951,1.894063,2.908135,4.802838,264
1403715903.984057903,2.240887,1.783612,4.025219,232
1403715904.034058094,1.986584,2.889265,4.876569,237
1403715904.084058046,2.021465,2.115385,4.137500,244
1403715904.134057999,2.174876,1.172654,3.348220,253
1403715904.184057951,1.591119,3.224289,4.816148,303
1403715904.234057903,1.513708,1.077763,2.592101,308
1403715904.284058094,1.565619,4.333322,5.899651,284
1403715904.334058046,1.523398,3.355511,4.879689,270
1403715904.384057999,1.452288,3.001816,4.454764,279
1403715904.434057951,1.604759,3.209658,4.815178,271
1403715904.484057903,1.592019,2.247887,3.840606,302
1403715904.534058094,1.434907,2.297178,3.732765,294
1403715904.584058046,1.878193,2.036594,3.915477,256
1403715904.634057999,1.480338,2.893925,4.374963,314
1403715904.684057951,1.778692,3.212058,4.991390,299
1403715904.734057903,2.292117,3.030887,5.323824,243
1403715904.784058094,1.613999,2.000474,3.615273,273
1403715904.834058046,1.479748,1.638040,3.118498,272
1403715904.884057999,2.046095,1.991304,4.038309,238
1403715904.934057951,1.613649,4.522794,6.137203,293
1403715904.984057903,1.941753,1.123434,3.066037,287
1403715905.034058094,1.916233,3.008576,4.926609,289
1403715905.084058046,1.945523,0.966462,2.912955,278
1403715905.134057999,1.766151,1.179794,2.946755,300
1403715905.184057951,4.193581,3.303549,7.498370,221
1403715905.234057903,1.970524,0.853810,2.825074,248
1403715905.284058094,1.709450,3.052257,4.762297,270
1403715905.334058046,1.916913,1.397186,3.314929,269
1403715905.384057999,1.794831,1.583989,3.379500,264
1403715905.434057951,1.455458,1.168014,2.624242,265
1403715905.484057903,1.692921,2.444769,4.138390,256
1403715905.534058094,1.687510,4.479304,6.167554,249
1403715905.584058046,1.538148,3.952808,5.491596,243
1403715905.634057999,1.494868,2.107725,3.603253,254
1403715905.684057951,1.551018,2.259317,3.811016,275
1403715905.734057903,1.559928,2.380799,3.941347,300
1403715905.784058094,1.383936,3.068497,4.453193,303
1403715905.834058046,1.507328,3.555033,5.063071,288
1403715905.884057999,1.473878,2.564451,4.038989,264
1403715905.934057951,1.510379,1.635409,3.146608,267
1403715905.984057903,1.622459,2.079145,3.702404,283
1403715906.034058094,1.622499,1.869403,3.492522,267
1403715906.084058046,1.472948,1.795352,3.269020,274
1403715906.134057999,1.649640,1.308306,2.958696,256
1403715906.184057951,1.358337,3.834696,5.193613,290
1403715906.234057903,1.749811,4.215431,5.966002,261
1403715906.284058094,2.034965,4.668386,6.705401,241
1403715906.334058046,1.239325,2.263837,3.504262,244
1403715906.384057999,1.502388,1.608849,3.111927,238
1403715906.434057951,1.498988,4.788448,6.288206,267
1403715906.484057903,1.633769,1.579499,3.213958,264
1403715906.534058094,1.359906,2.901325,4.261791,283
1403715906.584058046,1.306026,1.297305,2.604071,289
1403715906.634057999,1.359136,4.069229,5.428975,271
1403715906.684057951,1.621820,1.452067,3.074627,276
1403715906.734057903,1.627570,4.739267,6.367537,292
1403715906.784058094,1.653450,2.417899,4.071979,281
1403715906.834058046,2.058984,1.607070,3.666794,254
1403715906.884057999,1.550419,2.445519,3.996678,258
1403715906.934057951,1.560258,1.440058,3.001016,246
1403715906.984057903,1.497968,6.133994,7.632732,232
1403715907.034058094,1.502258,2.369089,3.872337,214
1403715907.084058046,1.307885,3.052407,4.361132,240
1403715907.134057999,1.300646,2.520670,3.822046,233
1403715907.184057951,1.299445,1.507908,2.808314,237
1403715907.234057903,1.444647,3.963528,5.408775,229
1403715907.284058094,1.469588,2.723832,4.194110,246
1403715907.334058046,1.523529,2.128145,3.652364,245
1403715907.384057999,1.642670,1.145844,2.789974,245
1403715907.434057951,1.332556,3.883266,5.216572,258
1403715907.484057903,1.638019,1.826272,3.465181,259
1403715907.534058094,1.671430,1.535599,3.207969,263
1403715907.584058046,1.766271,1.267216,3.034877,246
1403715907.634057999,1.394617,2.309607,3.705734,260
1403715907.684057951,1.360216,1.952754,3.313610,276
1403715907.734057903,1.218554,3.703095,4.922489,261
1403715907.784058094,1.276365,1.151794,2.428839,248
1403715907.834058046,1.244595,6.107024,7.352129,215
1403715907.884057999,1.295716,2.628371,3.924807,219
1403715907.934057951,1.231994,2.624362,3.857006,231
1403715907.984057903,1.281616,2.465959,3.748175,234
1403715908.034058094,1.281375,2.007424,3.289499,237
1403715908.084058046,1.459127,2.597942,4.057759,242
1403715908.134057999,1.417397,1.662260,3.080247,242
1403715908.184057951,1.381236,4.005528,5.387534,238
1403715908.234057903,1.333406,2.725243,4.059399,242
1403715908.284058094,1.291476,2.688722,3.980808,249
1403715908.334058046,1.331766,1.549448,2.881984,264
1403715908.384057999,1.282755,1.106113,2.389518,268
1403715908.434057951,1.265925,3.843006,5.109511,269
1403715908.484057903,1.459637,2.909565,4.369972,287
1403715908.534058094,1.663510,3.298610,4.962840,294
1403715908.584058046,1.947744,2.914655,4.863089,294
1403715908.634057999,1.918733,3.040517,4.960200,290
1403715908.684057951,1.887352,3.662484,5.550676,284
1403715908.734057903,1.419627,2.328958,3.749585,283
1403715908.784058094,1.807791,1.729121,3.537732,272
1403715908.834058046,1.867772,4.507804,6.376266,291
1403715908.884057999,1.899253,3.675504,5.575417,296
1403715908.934057951,1.902933,2.170266,4.073949,302
1403715908.984057903,1.993294,2.414559,4.408563,302
1403715909.034058094,1.961303,3.161528,5.123471,314
1403715909.084058046,2.040915,3.422881,5.464526,307
1403715909.134057999,1.814722,2.438709,4.254151,318
1403715909.184057951,1.965934,3.882216,5.848850,306
1403715909.234057903,1.771082,2.492499,4.264301,326
1403715909.284058094,1.559019,3.571692,5.132491,339
1403715909.334058046,1.564399,3.832426,5.397635,336
1403715909.384057999,1.621810,2.913895,4.536525,337
1403715909.434057951,1.403887,2.576021,3.981228,336
1403715909.484057903,1.665090,2.772153,4.437953,313
1403715909.534058094,1.572369,2.236307,3.809476,315
1403715909.584058046,1.468078,5.123051,6.591859,328
1403715909.634057999,1.684510,3.270069,4.955259,320
1403715909.684057951,1.751501,3.611103,5.363644,329
1403715909.734057903,1.866832,3.812086,5.680128,322
1403715909.784058094,1.881082,2.479900,4.361732,310
1403715909.834058046,1.654200,3.716775,5.371715,295
1403715909.884057999,1.720011,2.146196,3.866917,281
1403715909.934057951,1.736791,3.162378,4.899879,260
1403715909.984057903,1.954034,4.675296,6.630110,243
1403715910.034058094,1.801652,1.876382,3.678884,230
1403715910.084058046,1.876363,2.341668,4.218781,203
1403715910.134057999,1.853242,1.568259,3.422281,186
1403715910.184057951,2.243837,1.127014,3.371591,212
1403715910.234057903,2.166146,1.449138,3.616064,253
1403715910.284058094,2.219147,1.736351,3.956188,296
1403715910.334058046,2.517770,1.639680,4.158270,252
1403715910.384057999,2.012845,0.889670,2.903155,274
1403715910.434057951,2.081075,0.499986,2.581761,287
1403715910.484057903,1.931283,0.645688,2.577671,310
1403715910.534058094,1.659730,1.654330,3.314610,327
1403715910.584058046,2.023855,2.018424,4.042999,305
1403715910.634057999,2.329258,1.666030,3.996238,303
1403715910.684057951,2.328808,1.378726,3.708144,277
1403715910.734057903,2.486960,4.462333,6.950013,272
1403715910.784058094,2.309988,4.354012,6.664740,295
1403715910.834058046,2.408029,3.744675,6.153364,294
1403715910.884057999,2.478060,2.415109,4.893899,292
1403715910.934057951,2.272757,2.749343,5.022820,306
1403715910.984057903,2.614211,2.646612,5.261403,302
1403715911.034058094,2.403509,1.952544,4.356913,315
1403715911.084058046,2.012445,2.663022,4.676167,330
1403715911.134057999,1.902333,1.667360,3.570313,320
1403715911.184057951,2.311537,1.168304,3.480541,279
1403715911.234057903,1.896553,1.509618,3.406861,325
1403715911.284058094,1.846892,1.870883,3.718395,307
1403715911.334058046,1.826612,1.405287,3.232599,299
1403715911.384057999,1.837832,2.820634,4.659176,319
1403715911.434057951,2.012784,6.002002,8.015386,262
1403715911.484057903,1.869292,2.594792,4.464954,250
1403715911.534058094,1.519118,2.146496,3.666324,270
1403715911.584058046,1.792472,1.467497,3.260669,272
1403715911.634057999,1.874382,1.203675,3.078797,242
1403715911.684057951,1.652420,4.432303,6.085443,259
1403715911.734057903,1.662970,1.197674,2.861264,268
1403715911.784058094,1.619329,4.360032,5.980301,258
1403715911.834058046,1.589549,1.729871,3.320120,242
1403715911.884057999,1.734351,3.456881,5.191862,232
1403715911.934057951,1.570318,2.541601,4.112689,261
1403715911.984057903,1.648230,1.375386,3.024316,261
1403715912.034058094,1.441957,2.961436,4.403983,277
1403715912.084058046,1.703620,2.166366,3.870686,269
1403715912.134057999,1.613569,2.211017,3.825276,277
1403715912.184057951,1.675941,1.505218,3.181909,276
1403715912.234057903,1.599929,3.255229,4.855958,279
1403715912.284058094,1.566799,2.025044,3.592593,290
1403715912.334058046,1.646269,1.909503,3.556393,312
1403715912.384057999,1.792961,2.715233,4.508914,315
1403715912.434057951,1.496328,1.873882,3.371100,345
1403715912.484057903,1.659099,3.889857,5.549576,327
1403715912.534058094,1.599279,2.578941,4.178960,321
1403715912.584058046,1.511419,2.603251,4.115370,313
1403715912.634057999,1.549909,3.554423,5.104932,286
1403715912.684057951,1.431037,2.855924,4.287721,303
1403715912.734057903,1.530289,2.395218,3.926237,279
1403715912.784058094,1.557869,2.393328,3.951807,272
1403715912.834058046,1.697570,2.198846,3.897126,247
1403715912.884057999,2.214757,3.825816,6.042143,237
1403715912.934057951,2.020974,1.542249,3.563903,241
1403715912.984057903,2.008694,5.657438,7.666982,228
1403715913.034058094,1.729941,2.310137,4.041348,172
1403715913.084058046,1.481858,1.211774,2.694312,157
1403715913.134057999,1.383177,1.621959,3.005836,160
1403715913.184057951,1.214434,0.663458,1.878642,166
1403715913.234057903,0.986072,2.578161,3.564793,182
1403715913.284058094,1.330806,1.315846,2.648022,157
1403715913.334058046,1.227825,1.228375,2.456920,161
1403715913.384057999,0.984562,1.624410,2.609582,173
1403715913.434057951,1.341327,1.867532,3.209629,166
1403715913.484057903,1.200585,1.704810,2.906145,193
1403715913.534058094,1.272425,1.755691,3.028706,200
1403715913.584058046,1.183845,1.795821,2.980486,196
1403715913.634057999,1.300016,1.709590,3.010326,214
1403715913.684057951,1.165354,3.838515,5.004489,239
1403715913.734057903,1.175394,2.570491,3.746615,267
1403715913.784058094,1.251565,2.481320,3.733655,262
1403715913.834058046,1.402236,1.445858,2.848714,264
1403715913.884057999,1.419857,2.874005,4.294582,275
1403715913.934057951,1.476068,2.407609,3.884397,278
1403715913.984057903,1.508618,2.168656,3.677904,290
1403715914.034058094,1.381286,3.235189,4.617195,297
1403715914.084058046,1.403527,3.413931,4.818168,285
1403715914.134057999,1.731921,2.371368,4.104019,283
1403715914.184057951,1.476588,3.025386,4.502674,305
1403715914.234057903,1.579279,2.367419,3.947448,289
1403715914.284058094,1.568819,3.951627,5.521046,273
1403715914.334058046,1.301195,2.672553,3.974448,275
1403715914.384057999,1.591929,2.740903,4.333572,267
1403715914.434057951,1.573749,2.018344,3.592723,302
1403715914.484057903,1.522788,3.531603,5.055701,303
1403715914.534058094,1.559409,3.147348,4.707627,324
1403715914.584058046,1.573309,2.475040,4.048959,354
1403715914.634057999,1.545728,3.158978,4.705416,358
1403715914.684057951,1.367776,2.865755,4.234211,360
1403715914.734057903,1.685921,3.361370,5.047891,342
1403715914.784058094,1.446178,2.138505,3.585723,343
1403715914.834058046,1.545859,2.589761,4.136320,344
1403715914.884057999,1.482828,2.983096,4.466524,341
1403715914.934057951,1.766071,2.698002,4.464793,334
1403715914.984057903,1.356266,4.276942,5.633908,384
1403715915.034058094,1.479568,1.482958,2.963136,381
1403715915.084058046,1.387267,2.782773,4.170690,375
1403715915.134057999,1.638720,4.232830,5.872270,373
1403715915.184057951,1.508038,3.224269,4.732947,403
1403715915.234057903,1.697391,3.220218,4.919799,384
1403715915.284058094,1.633340,2.900714,4.535114,361
1403715915.334058046,1.779541,3.555653,5.335884,343
1403715915.384057999,1.528858,2.595881,4.125419,345
1403715915.434057951,1.524778,3.042517,4.569115,336
1403715915.484057903,1.330346,2.973436,4.304452,334
1403715915.534058094,1.423957,2.727813,4.152500,334
1403715915.584058046,1.998444,2.881585,4.882829,338
1403715915.634057999,1.862042,2.106465,3.969257,355
1403715915.684057951,1.385237,2.799043,4.184950,353
1403715915.734057903,1.449848,4.541494,5.992082,329
1403715915.784058094,1.784051,3.865617,5.650528,312
1403715915.834058046,1.364066,3.170978,4.535844,308
1403715915.884057999,1.476317,2.272498,3.749625,301
1403715915.934057951,1.530439,3.243419,4.774438,314
1403715915.984057903,1.494738,2.438789,3.934307,301
1403715916.034058094,1.296796,2.630961,3.928457,292
1403715916.084058046,1.338996,3.200989,4.540625,289
1403715916.134057999,1.326346,2.744353,4.071419,305
1403715916.184057951,1.411667,2.591941,4.004298,300
1403715916.234057903,1.630589,2.552961,4.184160,304
1403715916.284058094,1.918543,3.073777,4.992980,297
1403715916.334058046,2.088055,4.048198,6.138273,285
1403715916.384057999,1.625879,2.471500,4.098279,277
1403715916.434057951,1.751441,2.864385,4.616526,268
1403715916.484057903,1.648740,3.028666,4.678156,258
1403715916.534058094,1.792312,3.642633,5.435705,282
1403715916.584058046,1.638619,2.254808,3.894637,290
1403715916.634057999,1.763261,2.672422,4.436553,282
1403715916.684057951,1.661220,2.839264,4.501874,296
1403715916.734057903,1.880873,2.779173,4.660756,272
1403715916.784058094,1.521278,3.276450,4.798438,275
1403715916.834058046,1.455557,2.283258,3.739435,283
1403715916.884057999,1.721631,3.564203,5.286524,272
1403715916.934057951,1.817542,2.898215,4.716427,294
1403715916.984057903,1.617909,2.612372,4.230901,292
1403715917.034058094,1.781361,2.540641,4.322722,275
1403715917.084058046,1.389997,3.093697,4.484354,248
1403715917.134057999,2.178887,3.393160,5.572687,184
1403715917.184057951,1.621030,2.678992,4.300752,185
1403715917.234057903,1.328666,1.465618,2.794984,173
1403715917.284058094,1.103413,1.289686,2.393709,177
1403715917.334058046,1.373017,2.267317,3.641004,168
1403715917.384057999,1.260235,3.552283,4.813288,190
1403715917.434057951,1.079063,1.546279,2.625932,188
1403715917.484057903,1.347796,1.215145,2.563641,187
1403715917.534058094,1.295206,3.452831,4.748657,200
1403715917.584058046,1.134773,1.828672,2.964045,204
1403715917.634057999,1.126394,2.399819,3.526923,209
1403715917.684057951,1.221164,1.484598,2.706432,213
1403715917.734057903,1.303385,2.929075,4.233040,219
1403715917.784058094,1.208065,1.707670,2.916465,219
1403715917.834058046,1.170364,2.991625,4.162659,228
1403715917.884057999,1.287645,1.837342,3.125717,224
1403715917.934057951,1.231854,2.913145,4.145689,221
1403715917.984057903,1.222264,1.513928,2.736942,220
1403715918.034058094,1.271725,2.421159,3.693474,216
1403715918.084058046,1.409307,2.789443,4.199440,212
1403715918.134057999,1.099544,2.061764,3.162078,220
1403715918.184057951,1.367426,2.182266,3.550262,214
1403715918.234057903,1.236815,2.507670,3.745215,218
1403715918.284058094,1.243705,1.907723,3.152818,224
1403715918.334058046,1.324906,2.971056,4.296572,228
1403715918.384057999,1.628129,2.751553,4.380642,222
1403715918.434057951,1.421597,2.884385,4.306732,219
1403715918.484057903,1.490678,1.390697,2.882065,229
1403715918.534058094,1.602129,3.312510,4.915309,216
1403715918.584058046,2.075045,2.452010,4.527805,243
1403715918.634057999,2.073275,1.440017,3.514262,250
1403715918.684057951,1.934754,3.438691,5.374165,235
1403715918.734057903,1.877232,1.642640,3.520602,241
1403715918.784058094,1.563639,1.866083,3.430342,267
1403715918.834058046,1.764501,2.958026,4.723227,280
1403715918.884057999,1.614600,1.955973,3.571433,288
1403715918.934057951,1.856362,3.529902,5.386844,295
1403715918.984057903,2.320978,3.185068,5.506726,294
1403715919.034058094,1.956654,2.800763,4.758167,357
1403715919.084058046,1.673430,1.798942,3.473032,386
1403715919.134057999,1.584109,3.241589,4.826398,381
1403715919.184057951,1.590559,2.658192,4.250031,375
1403715919.234057903,1.895993,1.885273,3.782036,362
1403715919.284058094,1.726951,3.001846,4.729677,394
1403715919.334058046,1.674410,3.174988,4.850348,387
1403715919.384057999,1.548688,2.947166,4.496434,386
1403715919.434057951,1.413817,2.556600,3.971447,386
1403715919.484057903,1.489588,2.630141,4.120449,385
1403715919.534058094,1.422337,3.050266,4.473353,382
1403715919.584058046,1.422567,3.663063,5.086430,380
1403715919.634057999,1.451217,3.090457,4.542394,380
1403715919.684057951,1.471107,1.541439,3.013146,380
1403715919.734057903,1.369196,2.797674,4.168150,380
1403715919.784058094,1.418317,2.595411,4.015278,377
1403715919.834058046,1.529129,3.226238,4.756107,374
1403715919.884057999,1.515558,2.711533,4.228021,366
1403715919.934057951,1.427157,2.911935,4.339912,358
1403715919.984057903,1.563759,2.523960,4.088559,357
1403715920.034058094,1.531479,2.414129,3.946368,390
1403715920.084058046,1.563779,2.541670,4.106179,386
1403715920.134057999,1.550499,3.144837,4.696046,384
1403715920.184057951,1.450247,3.114798,4.566335,378
1403715920.234057903,1.534048,3.688155,5.222893,372
1403715920.284058094,1.488138,1.526619,3.015397,367
1403715920.334058046,1.432938,2.692272,4.125890,363
1403715920.384057999,1.549359,2.261817,3.811876,354
1403715920.434057951,1.474668,2.981746,4.457004,362
1403715920.484057903,1.720151,2.688862,4.409783,343
1403715920.534058094,1.776931,3.375741,5.153432,332
1403715920.584058046,1.711550,3.886397,5.598677,324
1403715920.634057999,1.621050,2.027514,3.649364,311
1403715920.684057951,1.737511,2.644562,4.382793,315
1403715920.734057903,1.725561,2.583121,4.309272,329
1403715920.784058094,1.625389,2.088725,3.714874,305
1403715920.834058046,1.608699,2.106955,3.716344,312
1403715920.884057999,1.462407,1.469078,2.932105,319
1403715920.934057951,1.491028,2.830444,4.322142,312
1403715920.984057903,1.607909,2.938456,4.547215,305
1403715921.034058094,2.148856,2.200167,4.350193,294
1403715921.084058046,1.831652,2.999496,4.831848,300
1403715921.134057999,1.662650,3.241319,4.904679,283
1403715921.184057951,1.744291,2.628662,4.373513,283
1403715921.234057903,1.664910,2.456060,4.121840,283
1403715921.284058094,1.893273,3.233338,5.127341,279
1403715921.334058046,1.863162,1.967904,3.831876,318
1403715921.384057999,2.001444,1.835812,3.838046,287
1403715921.434057951,1.763171,2.426589,4.190500,285
1403715921.484057903,1.661960,1.562288,3.224928,298
1403715921.534058094,1.902333,2.582721,4.485774,285
1403715921.584058046,1.839093,3.125507,4.965920,309
1403715921.634057999,1.565098,2.494890,4.060798,301
1403715921.684057951,1.911923,3.229539,5.142292,276
1403715921.734057903,1.631239,3.111138,4.743447,284
1403715921.784058094,1.751981,2.969055,4.722276,276
1403715921.834058046,1.596809,3.002616,4.600145,271
1403715921.884057999,1.492708,2.890474,4.383922,251
1403715921.934057951,1.663830,1.722370,3.386810,255
1403715921.984057903,1.384537,1.798651,3.183918,257
1403715922.034058094,1.591329,3.311160,4.903179,245
1403715922.084058046,1.636280,1.168394,2.805264,243
1403715922.134057999,1.620119,0.848080,2.468909,253
1403715922.184057951,1.454908,2.067284,3.522882,233
1403715922.234057903,1.736101,1.800841,3.537572,210
1403715922.284058094,1.843202,5.030050,6.874002,199
1403715922.334058046,1.790231,2.452610,4.243561,195
1403715922.384057999,1.616170,0.878830,2.495720,203
1403715922.434057951,1.683171,1.279435,2.963316,229
1403715922.484057903,1.605139,4.135940,5.741759,239
1403715922.534058094,1.645829,1.404877,3.051346,245
1403715922.584058046,1.629199,1.590119,3.220048,224
1403715922.634057999,1.589879,1.916393,3.506982,219
1403715922.684057951,1.908783,1.902492,3.811915,237
1403715922.734057903,1.813662,1.487878,3.302240,277
1403715922.784058094,1.701630,1.473388,3.175728,284
1403715922.834058046,1.360956,2.111936,3.473442,301
1403715922.884057999,1.922523,2.909125,4.832358,294
1403715922.934057951,1.690110,2.100415,3.792045,329
1403715922.984057903,1.614219,2.500720,4.115569,329
1403715923.034058094,1.510378,3.040966,4.552014,306
1403715923.084058046,1.379977,2.646432,4.027139,306
1403715923.134057999,1.478688,1.832092,3.311380,300
1403715923.184057951,1.383026,1.797092,3.180838,297
1403715923.234057903,1.570689,2.783194,4.354533,297
1403715923.284058094,1.617939,2.927055,4.545624,277
1403715923.334058046,1.791271,2.780653,4.572574,278
1403715923.384057999,1.559648,1.613030,3.173409,278
1403715923.434057951,1.492068,2.118495,3.611173,263
1403715923.484057903,1.567299,2.421409,3.989448,276
1403715923.534058094,1.581699,2.728093,4.310482,282
1403715923.584058046,1.830012,2.485280,4.315892,285
1403715923.634057999,1.509518,2.360498,3.870846,297
1403715923.684057951,1.381247,2.391888,3.773825,303
1403715923.734057903,1.419937,1.282316,2.703453,303
1403715923.784058094,1.500408,1.894392,3.395850,304
1403715923.834058046,1.588969,2.304417,3.894106,313
1403715923.884057999,1.741791,2.859234,4.601705,297
1403715923.934057951,1.442317,3.218158,4.661135,285
1403715923.984057903,1.544739,1.472197,3.017636,282
1403715924.034058094,1.397787,2.120335,3.518702,289
1403715924.084058046,1.489508,2.774553,4.264781,301
1403715924.134057999,1.763171,2.500510,4.265351,291
1403715924.184057951,2.017944,2.882645,4.901289,280
1403715924.234057903,1.999314,2.515660,4.516444,290
1403715924.284058094,1.982004,2.276517,4.259471,281
1403715924.334058046,2.533001,2.086855,4.621496,278
1403715924.384057999,2.392379,1.626220,4.021209,277
1403715924.434057951,2.127926,2.120665,4.249631,282
1403715924.484057903,2.309877,2.976246,5.286893,267
1403715924.534058094,2.217197,3.649854,5.868261,266
1403715924.584058046,2.009454,1.644310,3.655004,273
1403715924.634057999,1.827361,2.008325,3.837457,251
1403715924.684057951,1.637260,2.287907,3.926187,249
1403715924.734057903,1.483087,1.536589,3.020466,241
1403715924.784058094,1.497688,2.781454,4.279812,229
1403715924.834058046,1.504538,1.475167,2.980335,228
1403715924.884057999,1.875282,2.213607,4.089660,232
1403715924.934057951,1.870563,2.398548,4.269741,224
1403715924.984057903,1.876042,2.663342,4.540084,209
1403715925.034058094,1.768341,1.927683,3.696764,210
1403715925.084058046,1.420457,2.386929,3.808146,191
1403715925.134057999,1.360667,1.706870,3.068247,188
1403715925.184057951,1.615169,1.373767,2.989716,172
1403715925.234057903,1.411317,2.193566,3.605603,193
1403715925.284058094,1.927563,1.702110,3.630413,185
1403715925.334058046,1.592139,0.956631,2.549620,206
1403715925.384057999,1.676550,1.958594,3.635654,200
1403715925.434057951,2.335918,3.502012,5.838650,178
1403715925.484057903,1.874792,2.381609,4.258061,215
1403715925.534058094,1.700240,1.157134,2.858084,229
1403715925.584058046,2.377709,2.919395,5.299084,178
1403715925.634057999,1.311146,1.364877,2.676813,200
1403715925.684057951,1.198354,2.386239,3.585223,204
1403715925.734057903,1.465028,1.019712,2.485490,204
1403715925.784058094,1.550278,2.826044,4.376992,196
1403715925.834058046,1.424818,2.290417,3.715955,200
1403715925.884057999,1.381357,1.930473,3.312520,199
1403715925.934057951,1.315256,1.711110,3.027126,209
1403715925.984057903,1.290435,2.592641,3.883706,218
1403715926.034058094,1.450198,3.179718,4.630886,221
1403715926.084058046,2.000894,2.783384,4.785118,214
1403715926.134057999,1.660550,2.266577,3.927827,228
1403715926.184057951,1.585349,4.299842,5.885891,218
1403715926.234057903,1.578029,2.086145,3.664954,206
1403715926.284058094,1.575829,3.129717,4.706636,205
1403715926.334058046,1.463217,1.532819,2.996926,224
1403715926.384057999,1.307246,1.808901,3.116827,221
1403715926.434057951,1.227715,0.844500,2.072835,211
1403715926.484057903,1.344206,1.741951,3.086857,202
1403715926.534058094,1.377737,3.846266,5.224743,224
1403715926.584058046,1.342556,0.891781,2.235077,236
1403715926.634057999,1.563448,1.932724,3.496882,239
1403715926.684057951,1.630690,3.305359,4.938069,233
1403715926.734057903,1.614189,0.919152,2.534001,252
1403715926.784058094,1.719811,3.381771,5.102312,258
1403715926.834058046,1.678650,2.336428,4.016088,290
1403715926.884057999,1.698210,4.594905,6.293735,313
1403715926.934057951,2.192156,4.023578,6.216504,319
1403715926.984057903,2.065505,1.501188,3.568373,358
1403715927.034058094,1.887062,1.597059,3.484721,378
1403715927.084058046,1.585589,4.085329,5.671518,373
1403715927.134057999,1.626270,2.696142,4.323142,358
1403715927.184057951,1.663830,2.950706,4.615176,353
1403715927.234057903,1.713201,2.809293,4.523374,323
1403715927.284058094,1.674730,3.850336,5.525806,347
1403715927.334058046,1.654580,3.621183,5.276533,363
1403715927.384057999,2.046434,4.070969,6.118193,339
1403715927.434057951,1.728721,3.293440,5.023141,363
1403715927.484057903,1.900883,3.767535,5.669058,344
1403715927.534058094,1.669070,3.625624,5.295524,358
1403715927.584058046,1.906033,3.350430,5.257263,345
1403715927.634057999,1.560658,1.526319,3.087687,376
1403715927.684057951,2.184117,1.303555,3.488502,359
1403715927.734057903,1.628809,1.765271,3.394790,396
1403715927.784058094,1.483408,4.215930,5.699988,390
1403715927.834058046,1.688170,4.154650,5.844950,383
1403715927.884057999,1.555038,3.360800,4.916688,378
1403715927.934057951,1.508488,2.055635,3.564733,373
1403715927.984057903,1.886432,3.941018,5.828150,356
1403715928.034058094,1.597169,1.745531,3.343430,394
1403715928.084058046,1.388577,4.203850,5.592997,373
1403715928.134057999,2.033364,3.202079,5.236943,343
1403715928.184057951,1.997284,4.604656,6.602710,336
1403715928.234057903,1.866543,1.408237,3.275390,337
1403715928.284058094,1.715971,3.133737,4.850428,354
1403715928.334058046,2.037064,1.073173,3.110927,326
1403715928.384057999,1.758901,1.237675,2.997166,340
1403715928.434057951,1.717721,3.301249,5.019660,329
1403715928.484057903,1.932643,2.768803,4.702236,345
1403715928.534058094,2.404789,1.429597,3.835016,325
1403715928.584058046,1.744051,5.614117,7.358918,319
1403715928.634057999,1.819991,1.254995,3.075787,329
1403715928.684057951,1.682670,3.964918,5.648188,317
1403715928.734057903,1.714961,5.103621,6.819292,324
1403715928.784058094,1.839332,2.593431,4.433523,331
1403715928.834058046,2.122996,3.380461,5.504127,340
1403715928.884057999,2.385288,1.877033,4.263061,359
1403715928.934057951,2.183886,3.215768,5.400334,363
1403715928.984057903,1.606739,2.001134,3.608503,380
1403715929.034058094,1.792842,3.703794,5.497346,364
1403715929.084058046,1.588209,2.955225,4.544204,393
1403715929.134057999,1.468537,2.475770,3.944907,368
1403715929.184057951,1.693470,3.089807,4.783927,347
1403715929.234057903,1.450378,2.885714,4.336782,394
1403715929.284058094,1.597099,2.550661,4.148370,389
1403715929.334058046,1.877532,3.189068,5.067280,351
1403715929.384057999,1.676490,3.570043,5.247243,363
1403715929.434057951,1.864153,3.471011,5.335804,339
1403715929.484057903,1.806681,2.950426,4.757877,359
1403715929.534058094,2.103146,3.768525,5.872331,324
1403715929.584058046,1.790831,1.285135,3.076646,365
1403715929.634057999,2.043144,1.611900,3.655734,336
1403715929.684057951,1.538349,2.444529,3.983558,395
1403715929.734057903,1.524438,1.127893,2.652861,372
1403715929.784058094,1.725360,4.960390,6.686461,348
1403715929.834058046,1.631280,2.761953,4.394543,367
1403715929.884057999,1.844452,2.494280,4.339792,356
1403715929.934057951,1.724870,2.751904,4.477574,381
1403715929.984057903,1.740451,2.255597,3.996618,361
1403715930.034058094,1.443077,3.658804,5.102701,376
1403715930.084058046,1.814991,2.597582,4.413633,360
1403715930.134057999,1.469767,4.339432,5.810579,396
1403715930.184057951,1.539228,2.188797,3.728845,386
1403715930.234057903,1.604129,3.654204,5.259063,376
1403715930.284058094,1.403447,2.270687,3.674954,374
1403715930.334058046,1.433217,1.400567,2.838314,373
1403715930.384057999,1.487648,3.536892,5.025220,370
1403715930.434057951,1.297546,2.271717,3.570003,363
1403715930.484057903,1.714250,3.114168,4.828998,356
1403715930.534058094,1.548638,2.418119,3.967537,381
1403715930.584058046,1.438907,3.014116,4.453693,371
1403715930.634057999,1.620149,3.505982,5.126761,356
1403715930.684057951,1.525829,3.097757,4.624276,379
1403715930.734057903,1.391537,3.566813,4.959130,379
1403715930.784058094,1.560719,1.659380,3.220659,378
1403715930.834058046,1.278606,1.446487,2.725813,377
1403715930.884057999,1.453158,2.077005,3.530893,375
1403715930.934057951,1.320256,2.115425,3.436301,371
1403715930.984057903,1.426037,2.816544,4.245061,365
1403715931.034058094,1.567188,2.297078,3.865416,363
1403715931.084058046,1.556689,3.917987,5.475286,358
1403715931.134057999,1.328616,2.331628,3.661334,353
1403715931.184057951,1.614709,2.913425,4.529194,347
1403715931.234057903,2.349318,5.230852,7.580810,343
1403715931.284058094,2.026154,2.756853,4.785167,373
1403715931.334058046,2.016514,3.765925,5.783149,350
1403715931.384057999,2.113746,2.030374,4.144780,336
1403715931.434057951,2.174926,2.014774,4.190420,343
1403715931.484057903,2.334118,2.715883,5.050701,338
1403715931.534058094,2.084575,2.118656,4.204131,341
1403715931.584058046,1.909693,2.990306,4.900729,345
1403715931.634057999,1.876952,1.826272,3.703934,364
1403715931.684057951,1.747781,3.504182,5.252683,370
1403715931.734057903,1.911403,2.108106,4.020449,322
1403715931.784058094,1.871242,3.351061,5.223053,338
1403715931.834058046,2.277137,5.184482,7.462279,300
1403715931.884057999,2.272857,1.997794,4.271371,296
1403715931.934057951,1.938244,3.666084,5.605078,289
1403715931.984057903,2.032915,3.149487,5.183022,272
1403715932.034058094,1.657120,2.434239,4.092389,257
1403715932.084058046,2.034484,2.896605,4.932199,242
1403715932.134057999,2.070395,2.885565,4.956560,237
1403715932.184057951,1.909993,3.367790,5.279713,237
1403715932.234057903,1.953043,3.410471,5.365124,227
1403715932.284058094,2.081135,1.326366,3.408161,228
1403715932.334058046,2.473770,2.763713,5.238213,202
1403715932.384057999,1.566849,0.978842,2.546451,186
1403715932.434057951,1.096963,1.994484,3.092007,230
1403715932.484057903,1.317896,1.642120,2.960756,224
1403715932.534058094,1.303085,1.348447,2.652242,227
1403715932.584058046,1.129804,1.505398,2.635772,231
1403715932.634057999,1.230365,1.144584,2.375669,217
1403715932.684057951,1.252826,2.237366,3.490892,195
1403715932.734057903,1.336146,2.677712,4.014468,192
1403715932.784058094,1.176834,2.760423,3.937997,194
1403715932.834058046,1.151793,1.168334,2.320857,194
1403715932.884057999,0.983122,3.702254,4.685926,190
1403715932.934057951,1.322446,2.535960,3.859126,173
1403715932.984057903,1.301056,2.889455,4.191331,164
1403715933.034058094,1.196224,1.205915,2.402839,165
1403715933.084058046,1.316666,2.086175,3.403571,160
1403715933.134057999,1.674630,0.638058,2.313338,176
1403715933.184057951,1.492458,1.013992,2.507220,180
1403715933.234057903,1.584829,0.676918,2.262567,179
1403715933.284058094,2.068645,1.908223,3.977588,181
1403715933.334058046,1.692820,0.909021,2.602391,201
1403715933.384057999,2.042145,0.677248,2.720143,197
1403715933.434057951,2.238117,0.556227,2.795074,178
1403715933.484057903,1.713151,0.793120,2.506841,241
1403715933.534058094,2.156736,0.354714,2.512190,241
1403715933.584058046,2.002394,0.847840,2.851344,281
1403715933.634057999,1.532009,0.941911,2.474540,310
1403715933.684057951,1.371757,1.714300,3.086867,320
1403715933.734057903,1.269506,0.996012,2.266208,317
1403715933.784058094,1.079973,1.768951,2.849544,314
1403715933.834058046,1.395007,1.422526,2.818263,310
1403715933.884057999,1.586109,3.714515,5.301364,275
1403715933.934057951,2.399089,2.969986,5.369765,241
1403715933.984057903,5.257143,4.635995,9.893858,214
1403715934.034058094,4.083049,3.996848,8.080627,194
1403715934.084058046,3.237469,1.838972,5.077091,182
1403715934.134057999,11.500498,1.502018,13.003216,119
1403715934.184057951,5.015530,0.813970,5.830660,138
1403715934.234057903,3.439001,0.262344,3.701905,104
1403715934.284058094,8.486851,0.209053,8.696594,61
1403715934.334058046,1.922103,0.092601,2.015334,140
1403715934.384057999,1.814871,0.247583,2.063034,165
1403715934.434057951,7.381539,0.269803,7.652002,149
1403715934.484057903,1.296795,0.162902,1.460347,161
1403715934.534058094,1.227124,0.745199,1.972793,155
1403715934.584058046,1.154434,0.349164,1.504268,172
1403715934.634057999,1.082813,0.376674,1.460177,175
1403715934.684057951,0.924621,0.186962,1.112123,184
1403715934.734057903,1.118043,0.608988,1.727761,186
1403715934.784058094,1.126723,0.099312,1.226735,193
1403715934.834058046,0.975382,0.569826,1.545768,194
1403715934.884057999,1.106053,1.753051,2.859914,188
1403715934.934057951,1.290246,2.810563,4.101519,184
1403715934.984057903,1.250595,3.425871,4.677086,164
1403715935.034058094,1.330006,3.377650,4.708686,150
1403715935.084058046,1.757421,1.826222,3.584443,116
1403715935.134057999,1.935293,1.551919,3.487832,83
1403715935.184057951,1.227395,0.396045,1.624190,93
1403715935.234057903,1.435668,0.795249,2.231637,123
1403715935.284058094,1.452238,0.225413,1.678221,159
1403715935.334058046,1.434647,0.934321,2.369608,216
1403715935.384057999,1.644300,0.395504,2.040544,245
1403715935.434057951,1.612589,0.339044,1.952183,263
1403715935.484057903,1.764341,1.042032,2.807053,307
1403715935.534058094,1.569388,0.198113,1.768241,333
1403715935.584058046,1.464298,0.544636,2.009484,321
1403715935.634057999,1.518368,0.418095,1.937183,340
1403715935.684057951,1.672290,1.331036,3.004046,324
1403715935.734057903,1.324376,1.703850,3.028846,342
1403715935.784058094,1.618810,2.402229,4.021809,331
1403715935.834058046,1.336706,3.962348,5.299804,350
1403715935.884057999,1.534318,5.041980,6.576978,340
1403715935.934057951,1.344536,3.575493,4.920779,340
1403715935.984057903,1.410797,3.446281,4.857858,339
1403715936.034058094,1.425477,3.791535,5.217642,335
1403715936.084058046,1.867892,2.896835,4.765457,295
1403715936.134057999,2.074645,2.413219,4.489004,319
1403715936.184057951,1.575839,3.906247,5.482746,342
1403715936.234057903,2.326778,1.725110,4.053048,262
1403715936.284058094,1.900812,2.693033,4.595015,272
1403715936.334058046,1.889063,1.061413,2.951666,281
1403715936.384057999,1.951773,1.290246,3.242899,265
1403715936.434057951,1.498518,1.448308,2.948186,250
1403715936.484057903,1.260845,1.179644,2.441059,274
1403715936.534058094,1.368036,0.777819,2.146545,293
1403715936.584058046,1.397627,2.233697,3.632044,294
1403715936.634057999,1.386447,1.419047,2.806854,291
1403715936.684057951,1.346566,4.321952,5.669338,280
1403715936.734057903,1.213065,4.055558,5.269463,294
1403715936.784058094,1.181454,1.661430,2.843504,292
1403715936.834058046,1.281756,4.349522,5.631918,280
1403715936.884057999,1.441738,2.416599,3.859067,270
1403715936.934057951,1.264286,2.459519,3.724625,271
1403715936.984057903,1.542439,2.838444,4.384213,260
1403715937.034058094,1.401157,3.185149,4.588046,284
1403715937.084058046,1.648540,2.944925,4.594565,280
1403715937.134057999,1.766452,2.189976,3.957318,280
1403715937.184057951,1.628169,1.457978,3.086847,303
1403715937.234057903,1.657530,1.963644,3.621784,311
1403715937.284058094,1.611980,1.998964,3.611704,314
1403715937.334058046,1.608509,3.118147,4.727386,313
1403715937.384057999,1.464677,1.389537,2.854814,348
1403715937.434057951,1.432138,3.953807,5.386625,340
1403715937.484057903,1.652590,2.842384,4.495654,319
1403715937.534058094,1.622880,1.996844,3.620394,350
1403715937.584058046,2.081455,3.830546,5.912751,323
1403715937.634057999,1.845292,3.126997,4.973899,326
1403715937.684057951,2.050214,3.038377,5.089481,353
1403715937.734057903,1.578309,2.755013,4.334132,360
1403715937.784058094,1.700411,4.240131,5.941212,337
1403715937.834058046,1.530338,1.991384,3.522362,353
1403715937.884057999,1.453128,1.977434,3.431272,344
1403715937.934057951,1.533659,3.799395,5.333754,334
1403715937.984057903,1.566049,1.952893,3.519552,366
1403715938.034058094,1.494108,2.023865,3.518673,359
1403715938.084058046,1.750751,3.356280,5.107731,329
1403715938.134057999,1.615989,1.471288,3.087877,373
1403715938.184057951,1.423247,2.868444,4.292401,361
1403715938.234057903,1.737811,5.009010,6.747511,352
1403715938.284058094,1.755071,3.131167,4.886908,369
1403715938.334058046,1.732461,1.730881,3.464172,349
1403715938.384057999,1.547289,4.078929,5.627258,380
1403715938.434057951,1.509608,1.433317,2.944285,360
1403715938.484057903,1.851402,1.799422,3.651544,342
1403715938.534058094,1.509259,4.548614,6.058553,358
1403715938.584058046,1.936033,1.308486,3.245869,341
1403715938.634057999,1.571319,0.986702,2.558741,398
1403715938.684057951,1.600079,4.799607,6.400346,382
1403715938.734057903,1.664180,1.351986,3.016896,375
1403715938.784058094,1.671520,2.974476,4.646756,395
1403715938.834058046,1.885502,3.142598,5.028780,370
1403715938.884057999,1.699610,2.612002,4.312302,379
1403715938.934057951,2.100175,3.661104,5.762189,366
1403715938.984057903,2.004514,3.151438,5.157262,388
1403715939.034058094,1.605550,1.969173,3.575373,404
1403715939.084058046,1.608869,2.144816,3.754365,394
1403715939.134057999,1.459197,4.438994,5.898891,377
1403715939.184057951,2.047035,3.969918,6.017563,330
1403715939.234057903,1.978083,2.361568,4.340371,345
1403715939.284058094,2.052715,3.642914,5.696349,339
1403715939.334058046,2.052725,3.485002,5.538317,304
1403715939.384057999,1.978853,2.060915,4.040498,306
1403715939.434057951,1.896893,3.518962,5.416605,290
1403715939.484057903,1.617759,1.341026,2.959885,271
1403715939.534058094,1.662970,3.254299,4.917989,249
1403715939.584058046,1.516878,3.761635,5.280293,289
1403715939.634057999,1.595359,1.274505,2.870554,265
1403715939.684057951,1.874323,0.693928,2.568991,257
1403715939.734057903,1.527189,1.770781,3.298700,307
1403715939.784058094,1.474067,0.823920,2.298787,305
1403715939.834058046,1.657190,2.890964,4.548974,303
1403715939.884057999,1.475197,1.088474,2.564421,312
1403715939.934057951,1.285185,4.996500,6.282285,330
1403715939.984057903,1.323595,2.915336,4.239651,346
1403715940.034058094,1.559589,2.898065,4.458364,331
1403715940.084058046,1.509759,2.354948,3.865357,320
1403715940.134057999,1.721710,4.506464,6.228884,311
1403715940.184057951,1.547199,2.974695,4.523094,327
1403715940.234057903,1.651990,1.742071,3.394991,323
1403715940.284058094,1.575349,2.940525,4.516664,330
1403715940.334058046,1.903333,2.217687,4.121870,314
1403715940.384057999,2.039555,1.786181,3.826446,284
1403715940.434057951,1.522208,2.815284,4.338232,288
1403715940.484057903,1.730211,2.562511,4.293452,293
1403715940.534058094,1.675220,2.291787,3.967697,321
1403715940.584058046,1.369407,0.924951,2.295068,319
1403715940.634057999,2.012793,0.973802,2.987365,289
1403715940.684057951,1.732810,1.422778,3.156248,319
1403715940.734057903,1.434047,3.938357,5.373264,322
1403715940.784058094,1.760692,1.037362,2.798754,314
1403715940.834058046,1.234975,1.295296,2.530931,348
1403715940.884057999,1.557089,4.816838,6.375317,327
1403715940.934057951,1.827642,3.457701,5.286533,297
1403715940.984057903,2.327508,3.680804,6.009162,278
1403715941.034058094,2.458710,4.092599,6.552759,270
1403715941.084058046,3.148588,3.673764,6.823802,192
1403715941.134057999,3.697444,1.473848,5.171952,194
1403715941.184057951,3.103577,0.580007,3.685314,206
1403715941.234057903,2.606232,0.782009,3.388921,198
1403715941.284058094,2.631312,0.296293,2.929755,218
1403715941.334058046,2.560540,0.207173,2.768463,222
1403715941.384057999,2.130585,0.280104,2.411339,266
1403715941.434057951,2.054205,0.448775,2.503560,264
1403715941.484057903,2.199696,0.272204,2.472630,245
1403715941.534058094,1.819472,0.362934,2.183066,286
1403715941.584058046,1.707710,1.369177,3.077517,287
1403715941.634057999,2.180196,2.051304,4.232220,261
1403715941.684057951,1.980073,5.052681,7.033544,296
1403715941.734057903,1.998074,3.659974,5.658648,282
1403715941.784058094,1.888133,3.403221,5.292124,269
1403715941.834058046,2.131736,2.266157,4.398623,258
1403715941.884057999,1.677000,3.819556,5.498286,278
1403715941.934057951,1.564089,4.214701,5.780120,286
1403715941.984057903,1.564259,2.461600,4.027359,294
1403715942.034058094,2.048795,2.427409,4.476844,305
1403715942.084058046,1.868192,3.127398,4.996450,273
1403715942.134057999,1.784172,1.939853,3.724705,286
1403715942.184057951,1.751471,2.768513,4.520564,279
1403715942.234057903,1.859263,3.578493,5.438456,233
1403715942.284058094,1.822442,2.484750,4.307932,213
1403715942.334058046,1.939293,1.714040,3.654113,221
1403715942.384057999,2.462590,0.739248,3.202668,255
1403715942.434057951,2.664632,3.246739,5.912061,240
1403715942.484057903,2.114565,0.915651,3.030866,230
1403715942.534058094,2.196156,0.350515,2.547351,225
1403715942.584058046,2.145055,1.160664,3.306429,255
1403715942.634057999,2.183526,0.558207,2.742393,283
1403715942.684057951,2.506561,2.399698,4.907729,276
1403715942.734057903,1.890823,1.116933,3.008456,319
1403715942.784058094,1.443728,0.896431,2.340919,312
1403715942.834058046,1.737651,0.780309,2.518620,334
1403715942.884057999,1.434497,2.831734,4.266941,327
1403715942.934057951,1.486288,4.896738,6.383546,324
1403715942.984057903,1.442187,3.862916,5.306613,324
1403715943.034058094,1.267865,2.908035,4.176550,323
1403715943.084058046,1.340496,2.222727,3.563823,319
1403715943.134057999,1.189825,3.679324,4.869799,317
1403715943.184057951,1.708440,3.064867,4.773997,310
1403715943.234057903,1.986954,3.434551,5.422125,312
1403715943.284058094,1.905002,3.189849,5.095631,317
1403715943.334058046,1.997924,1.553208,3.552102,295
1403715943.384057999,1.984184,1.410427,3.395161,259
1403715943.434057951,2.206866,2.132426,4.339972,236
1403715943.484057903,1.855362,1.468378,3.324740,248
1403715943.534058094,1.562318,1.361687,2.924645,286
1403715943.584058046,1.575739,2.942695,4.519144,301
1403715943.634057999,1.605199,0.669628,2.275507,290
1403715943.684057951,1.298236,1.080863,2.379629,290
1403715943.734057903,1.479758,1.414467,2.894915,287
1403715943.784058094,1.439917,1.511238,2.951905,281
1403715943.834058046,1.406246,2.520171,3.926997,283
1403715943.884057999,1.668280,4.252800,5.921790,275
1403715943.934057951,1.358116,1.188975,2.547751,313
1403715943.984057903,1.180224,5.564817,6.745611,333
1403715944.034058094,1.429277,3.022696,4.453423,317
1403715944.084058046,1.811142,3.484432,5.296754,272
1403715944.134057999,1.579599,2.697713,4.277872,281
1403715944.184057951,2.283037,2.309328,4.593075,236
1403715944.234057903,1.705770,2.319598,4.026068,267
1403715944.284058094,2.102605,2.360609,4.463814,252
1403715944.334058046,1.802082,1.501928,3.304700,285
1403715944.384057999,1.800502,1.170514,2.971696,301
1403715944.434057951,1.383546,1.040593,2.424719,343
1403715944.484057903,1.885963,1.866712,3.753355,319
1403715944.534058094,1.784211,0.828630,2.613551,340
1403715944.584058046,1.213025,0.304274,1.517889,337
1403715944.634057999,1.615919,0.498636,2.115365,331
1403715944.684057951,1.838763,2.521090,4.360363,364
1403715944.734057903,1.672401,3.031106,4.704147,360
1403715944.784058094,1.593219,5.746478,7.340427,356
1403715944.834058046,1.761291,2.744403,4.506544,343
1403715944.884057999,2.029344,3.651044,5.681068,322
1403715944.934057951,1.967833,3.236649,5.205282,332
1403715944.984057903,2.051714,3.966558,6.019082,295
1403715945.034058094,2.077285,2.079705,4.157680,277
1403715945.084058046,2.196557,3.058057,5.255324,226
1403715945.134057999,2.232857,1.179684,3.413281,209
1403715945.184057951,1.839602,0.746809,2.587191,246
1403715945.234057903,2.217797,2.833874,5.052411,218
1403715945.284058094,1.738521,0.581017,2.320268,199
1403715945.334058046,1.340056,0.481026,1.821692,217
1403715945.384057999,1.549528,0.710749,2.260947,212
1403715945.434057951,1.332796,0.402745,1.736261,252
1403715945.484057903,1.201025,1.325996,2.527671,238
1403715945.534058094,1.359656,0.516486,1.876982,237
1403715945.584058046,1.468928,3.107177,4.576835,254
1403715945.634057999,1.656430,2.273067,3.930307,265
1403715945.684057951,1.538919,5.137161,6.676790,269
1403715945.734057903,2.694742,3.526593,6.222795,252
1403715945.784058094,2.092275,3.433301,5.526536,263
1403715945.834058046,2.173676,2.186526,4.361042,267
1403715945.884057999,2.608832,2.933675,5.543237,276
1403715945.934057951,2.282248,2.215736,4.498914,318
1403715945.984057903,2.402549,2.204787,4.608026,322
1403715946.034058094,1.926873,1.526918,3.454541,302
1403715946.084058046,1.561979,2.003113,3.565762,365
1403715946.134057999,1.605440,1.380486,2.986646,348
1403715946.184057951,1.828812,2.136105,3.965757,366
1403715946.234057903,1.565089,2.271487,3.837216,359
1403715946.284058094,1.623330,2.212166,3.836166,348
1403715946.334058046,1.553809,4.944429,6.498978,340
1403715946.384057999,1.560409,2.714692,4.275931,334
1403715946.434057951,1.677720,3.058377,4.736827,351
1403715946.484057903,1.733471,5.365224,7.100035,311
1403715946.534058094,2.069474,3.536533,5.606617,298
1403715946.584058046,1.948853,2.777204,4.726777,266
1403715946.634057999,1.889962,2.026014,3.916736,263
1403715946.684057951,1.884333,1.632589,3.517492,258
1403715946.734057903,2.834474,1.593299,4.428503,209
1403715946.784058094,1.390817,1.749180,3.140997,265
1403715946.834058046,1.244075,1.315326,2.560181,256
1403715946.884057999,1.632509,1.446528,3.079847,215
1403715946.934057951,1.459027,0.930911,2.390618,205
1403715946.984057903,1.190144,2.692133,3.882877,214
1403715947.034058094,1.427467,1.481608,2.909975,209
1403715947.084058046,1.434687,2.907585,4.343062,209
1403715947.134057999,1.457137,2.915715,4.373442,188
1403715947.184057951,1.413397,2.152916,3.567033,198
1403715947.234057903,1.328846,1.486597,2.816143,210
1403715947.284058094,1.228024,0.765430,1.994174,212
1403715947.334058046,1.217314,2.841454,4.059588,227
1403715947.384057999,1.263806,1.647699,2.912315,221
1403715947.434057951,1.370556,1.001762,2.372898,211
1403715947.484057903,1.176454,1.369287,2.546411,206
1403715947.534058094,1.327506,3.298830,4.627076,190
1403715947.584058046,1.484068,3.546933,5.031631,176
1403715947.634057999,1.687970,2.598481,4.287191,156
1403715947.684057951,1.711081,1.723290,3.435091,199
1403715947.734057903,1.885222,3.176768,5.062810,224
1403715947.784058094,1.515639,1.814171,3.330570,278
1403715947.834058046,1.488568,1.923563,3.412891,276
1403715947.884057999,1.697520,1.038832,2.737022,294
1403715947.934057951,1.710820,1.032773,2.744323,319
1403715947.984057903,1.726961,0.852230,2.579891,301
1403715948.034058094,1.348707,1.133263,2.482550,323
1403715948.084058046,1.577019,0.768839,2.346548,333
1403715948.134057999,1.712840,0.863711,2.577251,325
1403715948.184057951,1.203484,2.973786,4.177890,364
1403715948.234057903,1.460097,4.206631,5.667448,363
1403715948.284058094,1.501088,3.207159,4.709277,361
1403715948.334058046,1.458848,4.290141,5.749559,345
1403715948.384057999,1.334256,2.352328,3.687324,332
1403715948.434057951,1.665270,2.966486,4.632436,310
1403715948.484057903,1.767561,4.302222,6.070403,305
1403715948.534058094,1.842922,2.189676,4.034118,301
1403715948.584058046,1.968324,2.383339,4.352393,278
1403715948.634057999,1.854422,1.775592,3.630644,267
1403715948.684057951,1.658850,1.533209,3.192759,254
1403715948.734057903,1.443187,1.811012,3.254919,261
1403715948.784058094,1.623209,1.619389,3.243208,255
1403715948.834058046,1.883123,1.851942,3.735755,232
1403715948.884057999,1.432887,3.884486,5.318113,257
1403715948.934057951,1.370657,2.510430,3.882117,255
1403715948.984057903,1.865613,1.974884,3.841257,222
1403715949.034058094,1.476368,3.025596,4.503044,248
1403715949.084058046,1.286215,3.116278,4.403393,249
1403715949.134057999,1.696971,2.944165,4.641926,213
1403715949.184057951,1.513448,3.035946,4.550684,239
1403715949.234057903,1.749801,2.599421,4.349912,248
1403715949.284058094,1.749141,2.656222,4.406473,271
1403715949.334058046,1.899413,2.084775,3.985708,271
1403715949.384057999,1.855852,3.132848,4.989420,259
1403715949.434057951,2.243387,2.047574,4.292311,244
1403715949.484057903,2.768634,1.684050,4.454244,209
1403715949.534058094,1.792352,0.655718,2.448710,260
1403715949.584058046,1.639250,1.106293,2.746273,262
1403715949.634057999,1.934093,1.155464,3.090377,277
1403715949.684057951,1.348096,0.892891,2.241677,334
1403715949.734057903,1.662930,1.041232,2.704932,321
1403715949.784058094,1.358756,1.911773,3.271179,342
1403715949.834058046,1.339186,1.296555,2.636361,334
1403715949.884057999,1.608119,4.831888,6.440737,325
1403715949.934057951,1.572899,2.393478,3.967257,345
1403715949.984057903,1.556609,3.571633,5.128872,328
1403715950.034058094,1.673150,2.964436,4.638706,307
1403715950.084058046,1.933063,3.831356,5.765139,319
1403715950.134057999,2.004254,3.472922,5.477856,307
1403715950.184057951,1.896332,2.862535,4.759727,273
1403715950.234057903,2.012854,4.069439,6.083053,240
1403715950.284058094,2.036995,1.657570,3.695205,225
1403715950.334058046,1.995874,2.060445,4.057049,233
1403715950.384057999,2.052355,1.658760,3.711825,251
1403715950.434057951,2.151716,1.338316,3.491392,275
1403715950.484057903,2.564541,3.022106,5.587687,223
1403715950.534058094,1.860712,0.885971,2.747613,233
1403715950.584058046,1.456077,1.506028,2.962855,231
1403715950.634057999,2.122855,1.543689,3.667344,199
1403715950.684057951,1.471778,3.261359,4.733917,233
1403715950.734057903,1.607839,0.694798,2.303357,238
1403715950.784058094,2.471910,1.999544,4.473834,176
1403715950.834058046,1.429577,2.041635,3.472192,229
1403715950.884057999,1.482318,1.086083,2.569101,226
1403715950.934057951,1.966683,1.714241,3.681894,192
1403715950.984057903,1.582349,1.982694,3.565973,224
1403715951.034058094,1.974154,1.359336,3.334150,175
1403715951.084058046,2.477300,1.364726,3.842966,161
1403715951.134057999,1.778482,1.131503,2.911105,206
1403715951.184057951,1.697200,1.719621,3.417601,207
1403715951.234057903,1.926983,0.790229,2.717962,233
1403715951.284058094,1.794941,0.722289,2.517960,276
1403715951.334058046,1.672131,0.570456,2.243147,304
1403715951.384057999,1.860932,1.065123,2.927005,300
1403715951.434057951,1.907863,0.214233,2.122876,295
1403715951.484057903,1.717731,0.259523,1.977864,323
1403715951.534058094,1.815882,0.753449,2.570011,332
1403715951.584058046,1.823292,0.287783,2.111805,347
1403715951.634057999,1.592280,2.959785,4.552685,353
1403715951.684057951,1.462548,4.618975,6.082343,347
1403715951.734057903,1.782501,3.126138,4.909799,339
1403715951.784058094,1.653510,4.230611,5.884811,360
1403715951.834058046,1.993383,3.953638,5.949452,340
1403715951.884057999,2.392118,4.041569,6.435157,321
1403715951.934057951,2.074675,2.951035,5.026570,285
1403715951.984057903,2.078565,2.753493,4.833708,232
1403715952.034058094,1.756951,1.393126,3.150907,238
1403715952.084058046,1.916653,1.234295,3.151568,231
1403715952.134057999,2.851424,0.957231,3.809385,211
1403715952.184057951,2.359968,1.551789,3.912547,205
1403715952.234057903,2.149736,1.006232,3.157028,178
1403715952.284058094,8.652674,0.769029,9.422543,125
1403715952.334058046,1.793741,0.400175,2.194676,176
1403715952.384057999,1.430737,0.673398,2.104735,173
1403715952.434057951,5.289444,1.094573,6.384767,115
1403715952.484057903,1.491888,0.426065,1.918623,243
1403715952.534058094,1.254745,1.039433,2.294918,231
1403715952.584058046,4.042189,1.297705,5.340614,158
1403715952.634057999,1.654690,1.316796,2.972326,243
1403715952.684057951,1.418367,0.757689,2.176676,255
1403715952.734057903,2.537791,1.051142,3.589833,202
1403715952.784058094,1.640980,1.013752,2.655432,220
1403715952.834058046,1.397527,0.316313,1.714500,215
1403715952.884057999,2.705593,1.378736,4.084999,214
1403715952.934057951,1.621629,0.431195,2.053604,190
1403715952.984057903,1.350376,0.435395,1.786451,179
1403715953.034058094,8.598913,3.504662,12.104275,98
1403715953.084058046,2.460960,0.944291,3.407081,125
1403715953.134057999,2.064994,0.301064,2.366758,157
1403715953.184057951,2.352998,1.285165,3.638843,165
1403715953.234057903,1.668790,0.207002,1.876502,184
1403715953.284058094,1.430127,0.615867,2.046514,212
1403715953.334058046,1.603879,0.412955,2.017544,222
1403715953.384057999,1.612519,0.183362,1.796551,235
1403715953.434057951,1.584059,0.290483,1.875072,252
1403715953.484057903,1.459077,0.160302,1.620169,288
1403715953.534058094,1.515799,0.153691,1.670100,285
1403715953.584058046,1.218104,1.518758,2.737432,274
1403715953.634057999,1.680160,0.861190,2.542060,270
1403715953.684057951,1.613729,3.429481,5.043930,307
1403715953.734057903,1.507368,6.762511,8.270569,331
1403715953.784058094,1.734560,3.400171,5.135751,321
1403715953.834058046,1.402997,3.157558,4.561285,345
1403715953.884057999,1.638459,3.559123,5.199252,305
1403715953.934057951,1.834302,3.290700,5.125852,263
1403715953.984057903,1.815542,2.164606,3.981288,243
1403715954.034058094,2.241367,3.281189,5.523356,217
1403715954.084058046,2.626292,1.483408,4.110980,187
1403715954.134057999,2.245077,1.102583,3.348420,178
1403715954.184057951,1.522979,1.014922,2.538691,204
1403715954.234057903,2.065365,2.287157,4.353282,192
1403715954.284058094,1.610329,1.979014,3.590033,231
1403715954.334058046,1.672871,1.465367,3.138858,221
1403715954.384057999,2.456170,0.965561,3.422591,193
1403715954.434057951,1.833842,1.334377,3.168979,291
1403715954.484057903,1.790672,0.718018,2.509320,295
1403715954.534058094,3.576293,1.261675,4.838788,194
1403715954.584058046,1.764931,0.934111,2.699842,239
1403715954.634057999,1.368646,0.855881,2.225147,263
1403715954.684057951,2.059655,1.660490,3.720885,227
1403715954.734057903,1.250385,2.697122,3.948217,241
1403715954.784058094,1.293426,0.988322,2.282298,241
1403715954.834058046,1.230065,4.671626,5.902401,239
1403715954.884057999,1.529708,2.033295,3.563723,223
1403715954.934057951,1.546719,3.134858,4.682167,203
1403715954.984057903,1.458647,2.577781,4.037188,187
1403715955.034058094,1.302905,2.641022,3.944617,204
1403715955.084058046,1.380626,1.428847,2.810283,196
1403715955.134057999,1.702860,1.944214,3.647914,188
1403715955.184057951,1.742851,1.446237,3.189828,166
1403715955.234057903,1.748471,1.737381,3.486662,181
1403715955.284058094,1.653700,1.907433,3.561843,173
1403715955.334058046,1.651529,1.355227,3.007526,198
1403715955.384057999,1.944094,1.255575,3.200319,209
1403715955.434057951,2.034715,0.976511,3.011936,245
1403715955.484057903,1.923173,1.744971,3.668854,278
1403715955.534058094,2.061454,0.990132,3.052256,286
1403715955.584058046,1.910333,3.116658,5.027881,315
1403715955.634057999,1.920653,1.321426,3.242839,322
1403715955.684057951,1.979464,3.572453,5.552547,351
1403715955.734057903,1.777562,3.201508,4.980280,373
1403715955.784058094,2.413449,3.256979,5.671278,304
1403715955.834058046,2.690383,2.873934,5.565077,262
1403715955.884057999,2.357039,2.936655,5.294754,228
1403715955.934057951,1.856292,3.269790,5.126822,219
1403715955.984057903,2.086895,3.426301,5.513816,215
1403715956.034058094,2.261118,1.419897,3.681775,222
1403715956.084058046,1.977984,1.623899,3.602663,231
1403715956.134057999,1.650740,0.722828,2.374198,248
1403715956.184057951,1.859052,1.460538,3.320320,214
1403715956.234057903,1.400246,1.560929,2.961945,265
1403715956.284058094,1.429927,0.815619,2.246116,287
1403715956.334058046,2.217506,1.252745,3.470951,264
1403715956.384057999,1.426257,2.034804,3.461761,263
1403715956.434057951,1.704040,1.150574,2.855224,243
1403715956.484057903,1.733121,2.390329,4.124760,217
1403715956.534058094,1.515418,0.616528,2.132736,242
1403715956.584058046,1.134054,4.299572,5.434226,275
1403715956.634057999,1.318045,2.614132,3.932917,277
1403715956.684057951,1.230925,3.028546,4.260241,286
1403715956.734057903,1.464017,2.180086,3.644723,298
1403715956.784058094,1.486358,2.702633,4.189711,310
1403715956.834058046,1.480298,2.991096,4.472124,316
1403715956.884057999,1.493858,2.779244,4.273742,311
1403715956.934057951,1.575359,2.192666,3.769355,314
1403715956.984057903,1.557479,2.677152,4.235421,308
1403715957.034058094,1.407277,2.572990,3.980957,286
1403715957.084058046,1.300236,4.478673,5.779569,277
1403715957.134057999,1.574789,3.250169,4.825718,262
1403715957.184057951,1.726120,2.890055,4.616815,243
1403715957.234057903,1.777912,2.888994,4.667596,228
1403715957.284058094,1.752091,3.052886,4.805677,205
1403715957.334058046,1.534929,1.051152,2.586711,202
1403715957.384057999,1.265585,1.431398,2.698173,211
1403715957.434057951,1.265215,2.310508,3.576493,217
1403715957.484057903,1.492058,3.486652,4.979270,211
1403715957.534058094,1.732541,2.003634,3.736955,204
1403715957.584058046,2.093415,1.759031,3.853176,182
1403715957.634057999,1.993654,1.862672,3.856986,216
1403715957.684057951,1.616579,2.190146,3.808385,260
1403715957.734057903,1.446388,1.374196,2.821334,277
1403715957.784058094,5.281723,3.649264,8.931767,165
1403715957.834058046,2.480110,2.530340,5.011150,181
1403715957.884057999,2.383329,1.229104,3.613483,189
1403715957.934057951,1.946103,3.309010,5.255853,228
1403715957.984057903,2.504240,2.194416,4.699346,218
1403715958.034058094,1.869532,1.978624,3.848846,255
1403715958.084058046,1.798832,1.107043,2.906535,277
1403715958.134057999,2.044544,1.097364,3.142708,246
1403715958.184057951,1.516348,0.901071,2.418099,289
1403715958.234057903,1.516908,0.706719,2.224977,274
1403715958.284058094,2.709812,1.264925,3.975477,259
1403715958.334058046,1.949603,0.894251,2.844564,333
1403715958.384057999,1.607260,5.056990,6.664890,316
1403715958.434057951,2.067335,1.694000,3.762115,295
1403715958.484057903,1.450297,5.037031,6.488068,296
1403715958.534058094,1.462638,3.270999,4.734407,305
1403715958.584058046,1.703020,2.200987,3.904727,306
1403715958.634057999,1.547729,2.420669,3.969628,322
1403715958.684057951,1.535168,1.689070,3.224989,328
1403715958.734057903,1.784581,2.405769,4.191510,310
1403715958.784058094,2.249067,2.230406,4.483134,294
1403715958.834058046,2.168296,4.699917,6.868943,272
1403715958.884057999,1.875693,3.730604,5.607087,252
1403715958.934057951,2.026634,2.693203,4.720727,253
1403715958.984057903,1.775751,4.097639,5.874750,233
1403715959.034058094,1.701880,2.661812,4.365002,205
1403715959.084058046,1.369226,1.992014,3.361970,208
1403715959.134057999,1.304676,3.406011,4.711267,210
1403715959.184057951,1.379697,2.424009,3.804436,229
1403715959.234057903,1.492808,2.118916,3.612434,247
1403715959.284058094,1.600779,2.152496,3.753915,248
1403715959.334058046,2.054705,2.368068,4.423593,247
1403715959.384057999,2.679843,1.341316,4.022119,235
1403715959.434057951,3.245959,2.249417,5.495996,257
1403715959.484057903,3.486992,2.648611,6.136633,272
1403715959.534058094,2.806873,1.742201,4.550624,313
1403715959.584058046,1.762531,4.289231,6.052452,386
1403715959.634057999,1.478628,2.099375,3.579163,379
1403715959.684057951,1.844082,1.319906,3.164878,346
1403715959.734057903,3.423461,4.725917,8.150168,247
1403715959.784058094,5.871411,2.680682,8.553233,240
1403715959.834058046,7.013744,1.782711,8.797625,222
1403715959.884057999,3.422941,2.419209,5.843020,242
1403715959.934057951,3.501542,1.666720,5.169322,206
1403715959.984057903,2.071245,1.180685,3.252900,230
1403715960.034058094,1.349576,1.003702,2.353918,275
1403715960.084058046,5.498586,0.822439,6.321745,162
1403715960.134057999,1.723311,0.943491,2.667592,254
1403715960.184057951,1.585019,2.375148,3.960797,272
1403715960.234057903,15.806029,1.778752,17.585511,132
1403715960.284058094,1.957593,0.582797,2.542300,268
1403715960.334058046,1.978694,1.278835,3.258089,288
1403715960.384057999,10.734809,2.004034,12.739583,185
1403715960.434057951,1.474228,1.843392,3.319590,228
1403715960.484057903,1.487508,1.599549,3.088027,239
1403715960.534058094,1.361997,0.633957,1.996724,253
1403715960.584058046,1.561399,0.837050,2.399199,235
1403715960.634057999,1.410737,1.236875,2.648202,200
1403715960.684057951,1.684420,2.850344,4.535524,177
1403715960.734057903,1.371776,1.299716,2.672212,182
1403715960.784058094,1.152683,2.162416,3.315739,173
1403715960.834058046,1.592140,1.927153,3.520013,157
1403715960.884057999,1.635600,1.630039,3.266399,188
1403715960.934057951,2.217067,3.601493,5.819310,194
1403715960.984057903,2.690462,2.612401,5.303593,228
1403715961.034058094,3.110417,2.441130,5.552447,237
1403715961.084058046,4.123460,1.895562,6.019832,250
1403715961.134057999,2.135156,1.246215,3.382091,303
1403715961.184057951,1.913663,0.758099,2.672492,325
1403715961.234057903,1.609579,1.165114,2.775193,329
1403715961.284058094,1.492438,0.838220,2.331358,366
1403715961.334058046,1.426537,1.108854,2.536101,346
1403715961.384057999,1.971893,1.580859,3.553442,307
1403715961.434057951,2.453610,5.846360,8.300730,283
1403715961.484057903,2.993435,3.399151,6.393376,269
1403715961.534058094,2.752053,3.045596,5.798269,260
1403715961.584058046,3.903827,2.366278,6.271885,240
1403715961.634057999,2.463039,4.722357,7.186236,309
1403715961.684057951,2.157275,1.516539,3.674724,282
1403715961.734057903,4.569425,1.713931,6.284196,210
1403715961.784058094,2.247817,0.932981,3.181588,264
1403715961.834058046,2.118625,0.903101,3.022336,232
1403715961.884057999,14.086189,1.290795,15.377784,141
1403715961.934057951,2.060535,0.613517,2.675472,178
1403715961.984057903,2.382699,1.302065,3.685344,199
1403715962.034058094,6.570059,0.709138,7.279947,134
1403715962.084058046,1.627870,0.412635,2.041895,121
1403715962.134057999,1.150303,1.451858,2.602841,140
1403715962.184057951,1.354566,0.311994,1.667270,139
1403715962.234057903,1.487638,0.163602,1.652220,156
1403715962.284058094,1.201444,0.233363,1.435357,164
1403715962.334058046,1.249635,0.287633,1.537978,165
1403715962.384057999,1.473428,0.463665,1.937833,145
1403715962.434057951,1.234165,0.527086,1.761861,130
1403715962.484057903,1.170144,3.187079,4.357953,130
1403715962.534058094,1.146054,0.479706,1.626430,137
1403715962.584058046,1.204015,1.081883,2.286438,114
1403715962.634057999,1.688880,1.425398,3.115598,95
1403715962.684057951,1.269315,1.556019,2.826204,108
1403715962.734057903,1.319786,0.984442,2.304998,118
1403715962.784058094,1.231085,0.328694,1.560459,136
1403715962.834058046,1.396656,0.462446,1.859782,157
1403715962.884057999,1.342296,0.423306,1.766132,194
1403715962.934057951,1.894123,0.732209,2.627042,193
1403715962.984057903,2.320898,0.712258,3.033866,217
1403715963.034058094,2.577670,0.769299,3.347709,222
1403715963.084058046,1.866482,0.524897,2.392119,269
1403715963.134057999,2.105665,0.639268,2.745653,273
1403715963.184057951,2.040614,0.707908,2.749112,286
1403715963.234057903,2.234957,1.616230,3.851907,288
1403715963.284058094,1.948193,1.958413,3.907316,320
1403715963.334058046,2.116985,1.536459,3.654064,315
1403715963.384057999,1.646100,0.989371,2.636161,359
1403715963.434057951,2.123436,3.996148,6.120404,320
1403715963.484057903,1.828332,2.878025,4.707007,344
1403715963.534058094,2.001054,2.083975,4.085779,310
1403715963.584058046,2.093845,2.275627,4.370162,313
1403715963.634057999,1.969114,5.401244,7.371058,300
1403715963.684057951,2.569761,2.566781,5.137302,279
1403715963.734057903,1.934854,3.256498,5.192062,348
1403715963.784058094,1.486828,3.023076,4.510554,363
1403715963.834058046,1.995074,2.612791,4.609495,322
1403715963.884057999,1.548118,1.413417,2.962595,386
1403715963.934057951,1.577429,4.267451,5.845430,371
1403715963.984057903,1.369636,1.872743,3.243479,360
1403715964.034058094,1.665650,2.705123,4.371513,346
1403715964.084058046,2.139806,2.482440,4.622976,342
1403715964.134057999,1.841833,3.198548,5.041101,361
1403715964.184057951,1.548188,3.195719,4.744597,381
1403715964.234057903,1.682301,2.928985,4.612076,374
1403715964.284058094,1.654680,3.040456,4.695846,410
1403715964.334058046,1.598699,3.898067,5.497516,408
1403715964.384057999,1.481898,1.912382,3.394890,393
1403715964.434057951,1.702170,2.736303,4.439163,373
1403715964.484057903,1.529628,2.205506,3.735824,406
1403715964.534058094,1.596689,2.424339,4.021648,400
1403715964.584058046,1.511329,1.558638,3.070687,399
1403715964.634057999,1.629119,3.845347,5.475176,384
1403715964.684057951,1.750811,2.560731,4.312222,368
1403715964.734057903,1.580539,3.846736,5.427975,394
1403715964.784058094,1.588069,2.261617,3.850416,383
1403715964.834058046,1.827261,3.316190,5.144191,365
1403715964.884057999,1.752531,3.129697,4.882968,363
1403715964.934057951,1.866392,3.382791,5.249873,359
1403715964.984057903,1.501578,2.181456,3.683664,374
1403715965.034058094,1.841661,4.147080,5.990621,359
1403715965.084058046,1.672140,1.742351,3.415541,376
1403715965.134057999,1.324066,2.492550,3.817216,362
1403715965.184057951,1.919733,1.482308,3.402741,334
1403715965.234057903,1.917833,3.723494,5.642177,338
1403715965.284058094,2.084335,4.762667,6.847842,325
1403715965.334058046,2.798404,3.986528,6.787942,300
1403715965.384057999,2.430629,2.223996,4.656245,323
1403715965.434057951,2.297918,2.802234,5.100862,324
1403715965.484057903,2.320128,3.364320,5.685148,311
1403715965.534058094,1.910693,2.639972,4.551435,350
1403715965.584058046,1.922053,1.158654,3.081357,345
1403715965.634057999,1.907103,3.395771,5.303574,343
1403715965.684057951,2.731962,1.740021,4.472683,307
1403715965.734057903,2.837224,3.159178,5.998092,296
1403715965.784058094,3.389160,3.264199,6.654259,273
1403715965.834058046,2.397258,2.658162,5.056340,275
1403715965.884057999,2.050744,2.950716,5.002070,287
1403715965.934057951,2.512180,3.226389,5.739289,227
1403715965.984057903,1.750501,1.535568,3.286799,286
1403715966.034058094,1.611009,1.184735,2.796474,293
1403715966.084058046,2.578301,3.748795,6.327836,241
1403715966.134057999,1.902643,1.116983,3.020346,295
1403715966.184057951,1.656620,0.450545,2.107775,299
1403715966.234057903,2.847994,1.665990,4.514674,244
1403715966.284058094,1.532018,1.766262,3.299020,256
1403715966.334058046,1.497438,2.990686,4.488744,240
1403715966.384057999,1.338846,2.838644,4.178270,231
1403715966.434057951,1.403317,2.208756,3.612843,233
1403715966.484057903,1.602349,1.531708,3.134647,209
1403715966.534058094,1.546829,5.854540,7.402069,191
1403715966.584058046,1.518079,2.362398,3.881247,193
1403715966.634057999,1.703641,1.413767,3.118128,202
1403715966.684057951,1.636920,0.975261,2.612891,231
1403715966.734057903,1.601419,1.305586,2.907695,276
1403715966.784058094,1.296066,2.718962,4.015568,328
1403715966.834058046,1.595859,1.685750,3.282299,325
1403715966.884057999,1.537798,2.176406,3.714984,344
1403715966.934057951,1.761211,1.615849,3.377740,311
1403715966.984057903,2.377158,2.598602,4.976520,265
1403715967.034058094,2.367468,3.168738,5.536997,265
1403715967.084058046,2.350139,2.366568,4.717357,287
1403715967.134057999,3.414241,2.723893,6.138874,227
1403715967.184057951,1.945973,2.660652,4.607325,289
1403715967.234057903,1.839992,2.713602,4.554234,274
1403715967.284058094,4.788428,1.578819,6.367967,199
1403715967.334058046,2.451010,2.215926,4.667676,266
1403715967.384057999,2.465630,0.384064,2.850344,256
1403715967.434057951,3.683634,0.973272,4.657606,219
1403715967.484057903,1.259545,0.420495,1.680740,261
1403715967.534058094,1.176794,0.218543,1.395827,258
1403715967.584058046,1.365446,2.227307,3.593483,243
1403715967.634057999,1.724030,1.122424,2.847164,218
1403715967.684057951,1.453378,1.200294,2.654382,193
1403715967.734057903,1.763531,2.414999,4.179480,169
1403715967.784058094,1.941303,1.538219,3.480822,152
1403715967.834058046,1.857062,0.915041,2.772783,146
1403715967.884057999,2.058005,1.761081,3.819786,172
1403715967.934057951,2.132745,1.748721,3.882206,213
1403715967.984057903,2.192946,1.033743,3.227269,248
1403715968.034058094,2.254537,1.519818,3.775945,281
1403715968.084058046,2.560651,1.171523,3.732944,291
1403715968.134057999,2.195986,0.742459,2.939275,362
1403715968.184057951,2.229127,1.806152,4.036019,380
1403715968.234057903,2.059114,1.081373,3.141217,380
1403715968.284058094,1.892773,1.235234,3.128597,378
1403715968.334058046,2.037655,0.784739,2.823164,374
1403715968.384057999,2.406738,2.117176,4.524675,345
1403715968.434057951,2.519450,5.416635,7.936795,362
1403715968.484057903,2.526011,4.006238,6.533219,379
1403715968.534058094,2.485590,3.779895,6.266465,396
1403715968.584058046,2.296138,3.092487,5.389245,402
1403715968.634057999,2.606121,2.572111,5.179362,364
1403715968.684057951,2.228876,3.128058,5.361384,397
1403715968.734057903,2.483539,2.411019,4.895558,386
1403715968.784058094,2.386119,1.736021,4.123120,395
1403715968.834058046,2.353278,1.514778,3.868877,386
1403715968.884057999,2.021744,2.094905,4.117219,418
1403715968.934057951,2.128945,1.341136,3.470771,412
1403715968.984057903,2.091125,3.714284,5.806119,406
1403715969.034058094,2.297418,3.241249,5.539357,387
1403715969.084058046,2.670801,3.497092,6.169134,351
1403715969.134057999,2.528561,3.900967,6.431138,328
1403715969.184057951,2.717593,4.362872,7.081185,310
1403715969.234057903,2.980436,3.471382,6.453348,310
1403715969.284058094,2.705253,3.326350,6.032693,342
1403715969.334058046,2.571321,2.262507,4.834518,348
1403715969.384057999,2.234387,1.334766,3.569933,363
1403715969.434057951,2.670012,1.019482,3.690244,326
1403715969.484057903,3.639784,1.229145,4.869699,354
1403715969.534058094,2.057634,0.677588,2.736792,385
1403715969.584058046,2.582081,0.965592,3.551463,378
1403715969.634057999,2.527081,1.106523,3.636404,373
1403715969.684057951,2.183757,3.314789,5.502166,372
1403715969.734057903,1.892432,5.015991,6.909863,359
1403715969.784058094,1.997474,3.169998,5.168372,347
1403715969.834058046,1.782731,4.426393,6.210334,355
1403715969.884057999,1.933193,3.820036,5.754609,338
1403715969.934057951,1.787782,2.571830,4.360482,366
1403715969.984057903,2.265667,2.069775,4.336452,308
1403715970.034058094,1.784472,2.938695,4.724027,356
1403715970.084058046,2.022775,2.782343,4.805778,324
1403715970.134057999,2.341948,2.022014,4.364742,322
1403715970.184057951,1.860312,1.643210,3.504472,336
1403715970.234057903,1.713610,1.512708,3.227358,342
1403715970.284058094,2.152296,1.520088,3.673194,306
1403715970.334058046,1.651540,0.799669,2.452019,330
1403715970.384057999,1.688130,5.028200,6.716980,340
1403715970.434057951,1.776281,3.277769,5.055010,351
1403715970.484057903,1.932814,3.804515,5.738189,375
1403715970.534058094,2.285218,1.388776,3.675024,352
1403715970.584058046,2.358558,3.904127,6.263365,349
1403715970.634057999,2.187616,3.904557,6.093133,335
1403715970.684057951,2.158106,3.215789,5.374665,333
1403715970.734057903,2.519671,2.474729,4.995350,348
1403715970.784058094,2.570561,2.209346,4.780687,315
1403715970.834058046,2.193806,1.896683,4.091139,328
1403715970.884057999,1.942533,1.609570,3.552813,346
1403715970.934057951,1.942973,1.848273,3.792136,358
1403715970.984057903,2.079145,1.484428,3.564173,328
1403715971.034058094,1.601189,2.638782,4.240721,346
1403715971.084058046,1.677800,0.897881,2.576571,333
1403715971.134057999,1.402187,0.331444,1.734221,374
1403715971.184057951,1.413467,0.490376,1.904523,372
1403715971.234057903,1.526378,1.938713,3.465801,368
1403715971.284058094,1.797452,2.698542,4.496534,349
1403715971.334058046,2.126366,5.171252,7.298288,319
1403715971.384057999,1.922622,3.915197,5.838539,351
1403715971.434057951,2.129096,3.779035,5.908741,305
1403715971.484057903,2.409119,4.133750,6.543709,309
1403715971.534058094,1.967743,2.716233,4.684696,320
1403715971.584058046,2.077994,3.234229,5.312863,317
1403715971.634057999,1.870882,2.249007,4.121229,327
1403715971.684057951,1.863472,3.227019,5.091571,307
1403715971.734057903,2.055255,1.465927,3.522322,285
1403715971.784058094,2.096955,0.904221,3.001906,274
1403715971.834058046,1.707841,1.080703,2.789924,268
1403715971.884057999,1.247775,0.561327,1.809712,270
1403715971.934057951,1.449157,5.557737,7.007494,265
1403715971.984057903,1.488387,2.462620,3.951737,266
1403715972.034058094,1.547199,1.608079,3.155958,264
1403715972.084058046,1.503828,4.242810,5.747338,283
1403715972.134057999,1.605360,2.693012,4.299262,274
1403715972.184057951,1.536479,2.742042,4.279151,282
1403715972.234057903,1.489308,2.242957,3.732995,277
1403715972.284058094,1.476077,2.157796,3.634543,298
1403715972.334058046,1.508628,1.797411,3.306659,306
1403715972.384057999,1.497288,4.374222,5.872200,309
1403715972.434057951,1.203174,2.298138,3.502122,322
1403715972.484057903,1.318646,1.691030,3.010266,322
1403715972.534058094,1.308996,2.275957,3.585643,316
1403715972.584058046,1.407877,2.319397,3.727994,299
1403715972.634057999,1.585759,2.740193,4.326532,286
1403715972.684057951,1.492528,2.938735,4.431983,281
1403715972.734057903,1.415517,2.562711,3.978928,281
1403715972.784058094,1.414697,3.678244,5.093591,293
1403715972.834058046,1.461597,4.381493,5.843800,313
1403715972.884057999,1.633819,2.513870,4.148449,335
1403715972.934057951,1.492798,2.398919,3.892677,349
1403715972.984057903,1.431227,1.606810,3.038767,348
1403715973.034058094,1.436417,1.507238,2.944315,348
1403715973.084058046,1.494388,1.499157,2.994055,346
1403715973.134057999,1.289145,1.970054,3.259869,346
1403715973.184057951,1.561699,2.593781,4.156310,345
1403715973.234057903,1.315205,3.234089,4.549994,382
1403715973.284058094,1.453658,2.914255,4.368773,381
1403715973.334058046,1.365806,4.277761,5.644257,380
1403715973.384057999,1.436267,3.949637,5.386464,378
1403715973.434057951,1.322216,3.807545,5.130481,378
1403715973.484057903,1.401967,2.856424,4.259431,378
1403715973.534058094,1.567298,2.370199,3.938097,376
1403715973.584058046,1.943053,1.951933,3.895646,358
1403715973.634057999,1.515378,1.995184,3.511242,382
1403715973.684057951,1.813632,1.300685,3.114997,346
1403715973.734057903,1.455758,1.506908,2.963376,389
1403715973.784058094,1.789431,4.934509,6.725111,388
1403715973.834058046,1.649569,3.432782,5.083031,386
1403715973.884057999,1.588069,2.835074,4.423893,384
1403715973.934057951,1.471638,4.162720,5.635158,383
1403715973.984057903,1.587599,3.713465,5.301734,382
1403715974.034058094,1.544338,3.671164,5.216492,379
1403715974.084058046,2.505510,3.241149,5.750019,374
1403715974.134057999,2.680082,2.803253,5.484505,369
1403715974.184057951,2.085644,3.458142,5.544676,405
1403715974.234057903,1.888043,1.844332,3.733205,402
1403715974.284058094,1.839911,3.547713,5.388204,402
1403715974.334058046,1.934903,1.483148,3.418681,401
1403715974.384057999,1.864713,1.613299,3.478622,400
1403715974.434057951,1.781371,2.564081,4.346082,400
1403715974.484057903,1.877813,2.673782,4.552275,400
1403715974.534058094,1.927073,3.813946,5.741709,400
1403715974.584058046,1.925653,3.616073,5.542426,397
1403715974.634057999,1.883892,3.725635,5.610187,393
1403715974.684057951,2.047064,3.156048,5.203822,390
1403715974.734057903,1.723210,3.871077,5.596258,389
1403715974.784058094,1.387227,2.866824,4.255441,389
1403715974.834058046,1.530918,1.791431,3.323970,386
1403715974.884057999,1.395477,3.139277,4.535644,386
1403715974.934057951,1.806762,1.569999,3.378291,385
1403715974.984057903,1.653010,1.557459,3.211489,379
1403715975.034058094,1.283646,2.486570,3.770966,379
1403715975.084058046,1.599549,2.726532,4.326851,378
1403715975.134057999,1.649070,4.222771,5.872751,375
1403715975.184057951,1.585179,3.601853,5.187812,416
1403715975.234057903,1.512539,3.652663,5.166262,415
1403715975.284058094,1.455638,2.545370,4.001828,414
1403715975.334058046,1.426937,3.340970,4.768557,409
1403715975.384057999,1.357236,2.671852,4.030438,409
1403715975.434057951,1.597289,1.704701,3.302720,405
1403715975.484057903,1.400077,2.926925,4.327622,403
1403715975.534058094,1.708021,1.461147,3.169938,402
1403715975.584058046,1.355117,1.362756,2.718733,402
1403715975.634057999,1.259126,2.821903,4.081679,402
1403715975.684057951,1.414697,2.532740,3.948267,395
1403715975.734057903,1.375627,4.854918,6.231315,395
1403715975.784058094,1.498538,3.592633,5.091921,394
1403715975.834058046,1.525358,3.605553,5.131831,393
1403715975.884057999,1.565479,2.632861,4.199810,390
1403715975.934057951,1.488588,3.021296,4.510534,387
1403715975.984057903,1.559819,2.627551,4.188300,381
1403715976.034058094,1.437797,1.553689,2.992306,378
1403715976.084058046,1.190594,2.786083,3.977417,377
1403715976.134057999,1.328316,1.227234,2.556240,375
1403715976.184057951,1.345166,1.290656,2.636692,372
1403715976.234057903,1.191685,2.903634,4.095959,366
1403715976.284058094,1.713441,2.370008,4.084779,364
1403715976.334058046,1.510028,4.625106,6.135824,390
1403715976.384057999,1.449268,3.644313,5.094421,384
1403715976.434057951,1.430458,3.610763,5.042041,383
1403715976.484057903,1.283095,2.363279,3.647454,381
1403715976.534058094,1.462078,2.493930,3.956778,380
1403715976.584058046,1.315845,2.276598,3.593353,376
1403715976.634057999,1.385137,1.588479,2.974616,372
1403715976.684057951,1.530309,2.596731,4.127720,368
1403715976.734057903,1.679950,1.340166,3.021856,366
1403715976.784058094,1.621889,1.298766,2.921515,395
1403715976.834058046,1.269405,2.191026,3.461051,391
1403715976.884057999,1.407867,3.672504,5.081211,387
1403715976.934057951,1.366026,4.064469,5.431255,381
1403715976.984057903,1.474888,3.106287,4.581785,377
1403715977.034058094,1.513798,3.521922,5.036820,370
1403715977.084058046,1.618389,2.196096,3.815325,407
1403715977.134057999,1.720650,2.016845,3.738265,405
1403715977.184057951,1.522259,2.430909,3.954378,403
1403715977.234057903,1.455948,1.750701,3.207709,397
1403715977.284058094,1.551329,2.535080,4.087029,387
1403715977.334058046,1.629900,2.304508,3.935158,378
1403715977.384057999,1.264755,1.268135,2.533680,377
1403715977.434057951,1.207564,2.164076,3.372411,369
1403715977.484057903,1.521478,3.313220,4.835418,365
1403715977.534058094,1.559379,4.876599,6.436698,395
1403715977.584058046,1.607359,3.323490,4.932059,372
1403715977.634057999,1.614170,4.943479,6.558369,368
1403715977.684057951,1.577099,2.316658,3.894837,363
1403715977.734057903,2.058135,1.678519,3.737254,335
1403715977.784058094,1.730091,2.443589,4.174430,343
1403715977.834058046,1.520618,1.049642,2.570990,337
1403715977.884057999,1.322066,1.365476,2.688072,323
1403715977.934057951,1.502379,0.774259,2.277308,318
1403715977.984057903,1.791952,1.219574,3.012246,315
1403715978.034058094,1.609479,2.374869,3.984988,338
1403715978.084058046,1.818902,6.033542,7.853074,318
1403715978.134057999,1.548549,4.322012,5.871381,303
1403715978.184057951,1.435587,4.015259,5.451516,301
1403715978.234057903,1.500298,3.883016,5.384024,293
1403715978.284058094,1.631759,1.193965,2.826454,287
1403715978.334058046,1.405257,3.948247,5.354094,270
1403715978.384057999,1.575539,1.581729,3.158158,255
1403715978.434057951,1.357546,1.434697,2.793193,234
1403715978.484057903,1.317776,2.403198,3.721614,215
1403715978.534058094,1.444527,2.319508,3.764815,190
1403715978.584058046,1.478968,1.747761,3.227499,183
1403715978.634057999,1.475408,0.939461,2.415499,185
1403715978.684057951,1.623080,2.540750,4.164520,188
1403715978.734057903,1.811012,1.563129,3.374901,224
1403715978.784058094,1.687160,1.449767,3.137577,219
1403715978.834058046,2.361888,2.000634,4.363332,183
1403715978.884057999,2.345928,0.612118,2.958816,179
1403715978.934057951,2.416419,1.812242,4.229301,193
1403715978.984057903,2.380829,0.538186,2.919765,181
1403715979.034058094,1.866862,0.579347,2.446909,217
1403715979.084058046,1.741961,0.776039,2.518590,225
1403715979.134057999,2.285767,2.713933,5.000410,237
1403715979.184057951,1.928673,2.350098,4.279561,259
1403715979.234057903,1.796292,3.267439,5.064361,260
1403715979.284058094,2.317018,4.511074,6.828852,224
1403715979.334058046,2.505990,1.865883,4.372613,216
1403715979.384057999,1.773741,1.003403,2.777904,240
1403715979.434057951,2.379008,1.276665,3.656523,220
1403715979.484057903,1.325426,1.434437,2.760563,240
1403715979.534058094,1.392546,3.249339,4.642715,234
1403715979.584058046,2.126936,1.256315,3.384021,210
1403715979.634057999,1.677860,0.801260,2.479860,246
1403715979.684057951,1.726491,3.384801,5.111842,242
1403715979.734057903,1.782311,1.957924,3.740945,270
1403715979.784058094,1.704850,1.305176,3.010776,255
1403715979.834058046,1.698460,0.978222,2.677402,235
1403715979.884057999,6.250485,2.849314,9.100499,170
1403715979.934057951,1.601859,2.476800,4.079399,166
1403715979.984057903,1.845073,1.954923,3.800606,176
1403715980.034058094,2.180086,1.037482,3.218338,189
1403715980.084058046,1.748531,0.944581,2.694422,193
1403715980.134057999,1.324896,1.056253,2.381729,184
1403715980.184057951,1.493878,0.996012,2.490680,170
1403715980.234057903,1.603499,1.245605,2.849854,160
1403715980.284058094,1.329905,1.207995,2.538620,178
1403715980.334058046,1.419968,0.676108,2.097096,187
1403715980.384057999,1.273625,0.779720,2.054145,174
1403715980.434057951,1.156374,0.818200,1.975164,171
1403715980.484057903,1.369017,1.640369,3.010246,171
1403715980.534058094,1.386997,2.647811,4.035738,160
1403715980.584058046,1.331266,2.105315,3.437261,150
1403715980.634057999,1.446177,3.297560,4.744667,138
1403715980.684057951,1.224905,0.505916,1.731561,145
1403715980.734057903,1.030762,0.434785,1.466087,145
1403715980.784058094,1.224784,1.336796,2.562330,155
1403715980.834058046,1.364776,2.664562,4.030068,159
1403715980.884057999,1.372407,2.806513,4.179530,166
1403715980.934057951,1.152514,1.446077,2.599301,185
1403715980.984057903,1.320346,1.175304,2.496310,196
1403715981.034058094,1.596999,1.968243,3.565832,170
1403715981.084058046,1.243195,0.522706,1.766621,187
1403715981.134057999,1.327576,0.550537,1.878793,179
1403715981.184057951,1.541709,0.236473,1.778752,170
1403715981.234057903,2.650022,2.443189,5.093871,167
1403715981.284058094,1.133124,0.738978,1.872862,168
1403715981.334058046,0.971781,0.938962,1.911343,167
1403715981.384057999,1.206895,1.363956,2.571601,163
1403715981.434057951,1.147354,1.593059,2.741113,149
1403715981.484057903,1.273475,3.764346,5.038441,125
1403715981.534058094,1.048333,1.754391,2.803434,123
1403715981.584058046,1.083263,4.041298,5.125361,123
1403715981.634057999,1.108493,1.846593,2.955846,118
1403715981.684057951,1.215845,1.002732,2.219257,118
1403715981.734057903,1.373477,2.410179,3.784316,105
1403715981.784058094,1.220655,0.912151,2.133376,104
1403715981.834058046,1.034922,2.214747,3.250379,107
1403715981.884057999,1.065063,1.198905,2.264668,96
1403715981.934057951,0.938441,1.217525,2.156556,84
1403715981.984057903,1.170184,0.706258,1.877172,87
1403715982.034058094,0.935871,0.770179,1.706780,87
1403715982.084058046,0.814299,0.470406,1.285265,99
1403715982.134057999,0.942502,0.585717,1.528889,109
1403715982.184057951,1.110664,0.317593,1.428957,113
1403715982.234057903,0.923141,0.287563,1.211204,103
1403715982.284058094,1.151514,0.573357,1.725601,119
1403715982.334058046,1.147253,0.193283,1.341366,144
1403715982.384057999,0.940351,1.064973,2.005844,162
1403715982.434057951,1.190274,0.613678,1.805262,166
1403715982.484057903,1.214815,0.776699,1.992284,167
1403715982.534058094,1.093173,2.426049,3.519882,174
1403715982.584058046,1.142153,1.236625,2.379568,171
1403715982.634057999,0.996912,1.620959,2.618691,168
1403715982.684057951,1.007902,2.325937,3.334489,161
1403715982.734057903,1.208094,1.722761,2.931525,153
1403715982.784058094,1.185925,1.797841,2.984526,166
1403715982.834058046,1.245475,1.655939,2.901984,175
1403715982.884057999,1.344146,3.020556,4.365422,166
1403715982.934057951,1.388667,2.467040,3.856627,169
1403715982.984057903,1.473008,1.046972,2.520610,179
1403715983.034058094,1.588029,1.175764,2.764503,171
1403715983.084058046,1.400347,3.439341,4.840388,160
1403715983.134057999,1.288915,1.772421,3.062046,168
1403715983.184057951,1.234715,0.847160,2.082605,163
1403715983.234057903,1.127064,0.668248,1.796032,167
1403715983.284058094,1.126194,0.765429,1.892243,167
1403715983.334058046,1.221735,1.207104,2.429589,154
1403715983.384057999,1.255206,1.061442,2.317378,148
1403715983.434057951,1.085182,0.825690,1.911512,142
1403715983.484057903,1.152214,1.157354,2.310258,152
1403715983.534058094,1.205324,1.522308,2.728392,159
1403715983.584058046,1.362536,1.503108,2.866254,133
1403715983.634057999,1.562069,0.973231,2.536040,142
1403715983.684057951,1.780961,1.141454,2.923195,165
1403715983.734057903,1.695481,0.666158,2.362239,216
1403715983.784058094,2.865524,1.025252,3.891486,198
1403715983.834058046,1.637330,1.414777,3.052797,239
1403715983.884057999,1.972764,1.343456,3.316810,201
1403715983.934057951,2.984956,0.815470,3.801216,215
1403715983.984057903,1.822061,1.005412,2.828263,240
1403715984.034058094,1.810472,0.962381,2.773453,241
1403715984.084058046,3.034206,2.689192,5.724158,205
1403715984.134057999,1.895083,1.191544,3.087377,187
1403715984.184057951,1.666280,1.200995,2.867985,204
1403715984.234057903,1.783782,1.134703,2.919265,182
1403715984.284058094,1.738440,1.580569,3.319719,147
1403715984.334058046,1.179454,1.428997,2.609101,146
1403715984.384057999,1.379797,1.697770,3.078267,142
1403715984.434057951,1.309805,1.320116,2.630681,139
1403715984.484057903,1.026143,1.276025,2.302888,134
1403715984.534058094,1.256975,1.102173,2.359888,122
1403715984.584058046,1.178184,1.353586,2.532480,116
1403715984.634057999,1.599099,0.685108,2.284757,112
1403715984.684057951,2.447499,1.719301,4.167540,150
1403715984.734057903,2.159146,1.177114,3.337010,171
1403715984.784058094,2.943335,0.848530,3.792505,182
1403715984.834058046,3.120098,0.237613,3.358421,170
1403715984.884057999,2.466269,0.330334,2.797283,200
1403715984.934057951,2.331768,0.222633,2.556211,202
1403715984.984057903,2.838764,0.798700,3.638824,174
1403715985.034058094,1.894033,0.224213,2.119366,216
1403715985.084058046,1.908873,0.676958,2.586361,182
1403715985.134057999,2.579491,0.632637,3.212788,176
1403715985.184057951,1.748591,0.618507,2.367808,261
1403715985.234057903,1.437107,3.866556,5.304243,255
1403715985.284058094,1.760731,2.754483,4.515994,246
1403715985.334058046,1.554149,1.668790,3.223719,275
1403715985.384057999,1.583219,0.792329,2.376128,275
1403715985.434057951,1.761731,1.371647,3.134128,254
1403715985.484057903,1.397757,2.019484,3.417931,237
1403715985.534058094,1.272246,1.228324,2.501210,231
1403715985.584058046,1.859413,2.266107,4.126200,204
1403715985.634057999,1.903443,1.306855,3.211048,223
1403715985.684057951,2.142585,3.237339,5.380564,269
1403715985.734057903,2.213017,3.037136,5.250863,254
1403715985.784058094,2.088675,1.436648,3.526073,292
1403715985.834058046,1.569479,4.257001,5.827100,330
1403715985.884057999,1.615560,2.145345,3.761635,341
1403715985.934057951,1.589219,1.809312,3.399271,335
1403715985.984057903,1.722081,1.477737,3.200428,343
1403715986.034058094,1.336937,2.111605,3.449352,359
1403715986.084058046,1.563699,1.901982,3.466421,353
1403715986.134057999,1.477527,1.365937,2.843974,349
1403715986.184057951,1.559979,2.989315,4.550024,339
1403715986.234057903,1.556558,3.476582,5.034060,349
1403715986.284058094,1.370667,3.230608,4.601955,348
1403715986.334058046,1.501728,3.680344,5.183092,346
1403715986.384057999,1.422647,3.771555,5.194952,342
1403715986.434057951,1.350456,3.173178,4.524254,339
1403715986.484057903,1.658039,3.001706,4.660465,329
1403715986.534058094,1.612859,2.452050,4.065629,344
1403715986.584058046,1.986754,2.466839,4.454263,313
1403715986.634057999,1.772011,2.210577,3.983308,331
1403715986.684057951,2.059165,1.804651,3.864566,334
1403715986.734057903,1.395187,1.429797,2.825664,372
1403715986.784058094,1.453938,3.564423,5.019111,359
1403715986.834058046,1.333465,3.209369,4.543534,357
1403715986.884057999,1.314616,3.776546,5.091782,355
1403715986.934057951,1.304316,2.917415,4.222461,355
1403715986.984057903,1.712340,3.192549,4.905639,350
1403715987.034058094,1.560459,2.524830,4.085939,383
1403715987.084058046,1.499298,2.256207,3.756115,372
1403715987.134057999,1.501538,2.309638,3.811886,367
1403715987.184057951,1.571699,3.350000,4.922329,356
1403715987.234057903,1.789141,3.060807,4.851678,339
1403715987.284058094,1.647160,3.055306,4.703426,349
1403715987.334058046,1.645050,1.452668,3.098318,347
1403715987.384057999,1.510038,1.964213,3.474921,372
1403715987.434057951,1.581099,3.251509,4.833368,347
1403715987.484057903,1.779201,3.180958,4.960760,342
1403715987.534058094,1.500188,3.463172,4.964360,380
1403715987.584058046,1.450658,3.606063,5.057481,377
1403715987.634057999,1.588369,2.303227,3.892246,373
1403715987.684057951,1.440057,1.724901,3.165638,368
1403715987.734057903,1.363916,2.457220,3.821876,362
1403715987.784058094,1.385697,3.071386,4.457713,357
1403715987.834058046,1.873693,3.044416,4.918789,337
1403715987.884057999,1.707031,2.804263,4.512014,378
1403715987.934057951,1.811202,2.791493,4.603265,345
1403715987.984057903,1.602849,1.286886,2.890545,370
1403715988.034058094,1.314116,4.606815,5.921651,364
1403715988.084058046,1.492848,4.269251,5.762699,363
1403715988.134057999,2.014214,2.286027,4.300991,339
1403715988.184057951,1.439277,3.520392,4.961079,395
1403715988.234057903,1.599829,2.264257,3.864736,387
1403715988.284058094,1.532948,1.649950,3.184238,382
1403715988.334058046,1.487268,2.844724,4.332792,378
1403715988.384057999,1.622959,2.539641,4.163390,374
1403715988.434057951,1.317456,4.108999,5.427275,371
1403715988.484057903,1.378316,2.445350,3.824376,368
1403715988.534058094,1.489858,3.036806,4.527244,362
1403715988.584058046,1.335656,1.453207,2.789533,361
1403715988.634057999,1.415387,2.169466,3.585553,358
1403715988.684057951,1.542168,3.509173,5.051921,353
1403715988.734057903,1.742341,3.691905,5.434946,346
1403715988.784058094,1.686560,2.969376,4.656596,379
1403715988.834058046,1.520379,1.852862,3.373891,366
1403715988.884057999,1.944393,1.414537,3.359600,351
1403715988.934057951,1.379717,1.380087,2.760524,385
1403715988.984057903,1.518158,2.725373,4.244081,381
1403715989.034058094,1.742871,2.860724,4.604425,376
1403715989.084058046,1.759061,2.790243,4.550094,368
1403715989.134057999,1.678070,2.549760,4.228480,366
1403715989.184057951,1.635800,1.550998,3.187598,363
1403715989.234057903,1.724690,1.638290,3.363700,360
1403715989.284058094,1.576679,3.795816,5.373285,352
1403715989.334058046,1.476217,4.026769,5.503746,385
1403715989.384057999,1.456567,3.155968,4.614805,385
1403715989.434057951,1.603329,1.818032,3.422651,381
1403715989.484057903,1.391546,3.399711,4.792447,376
1403715989.534058094,1.663170,1.578469,3.242799,375
1403715989.584058046,1.682550,2.191056,3.874536,359
1403715989.634057999,1.495058,2.797303,4.293051,393
1403715989.684057951,1.456518,1.252965,2.710123,375
1403715989.734057903,1.272145,2.735853,4.008748,369
1403715989.784058094,1.477188,1.299525,2.777443,360
1403715989.834058046,2.080374,2.021385,4.105340,356
1403715989.884057999,2.166046,4.876658,7.043534,349
1403715989.934057951,2.005974,3.479651,5.486455,376
1403715989.984057903,1.831882,2.971065,4.803697,374
1403715990.034058094,1.963364,2.256057,4.220201,374
1403715990.084058046,1.855532,2.422099,4.278331,373
1403715990.134057999,1.968133,1.441397,3.410290,366
1403715990.184057951,1.870153,3.512522,5.383195,353
1403715990.234057903,1.906763,2.890755,4.798258,342
1403715990.284058094,2.328738,1.504438,3.833896,331
1403715990.334058046,1.963514,1.768591,3.732705,371
1403715990.384057999,1.959733,1.858952,3.819275,362
1403715990.434057951,2.313867,1.768532,4.083129,352
1403715990.484057903,2.088665,4.038789,6.128124,368
1403715990.534058094,2.523220,3.225229,5.749189,326
1403715990.584058046,3.121287,2.433069,5.555096,313
1403715990.634057999,3.338430,2.533270,5.872420,296
1403715990.684057951,2.993986,2.087965,5.083801,273
1403715990.734057903,3.005387,1.575688,4.581795,297
1403715990.784058094,2.656092,2.562480,5.219202,272
1403715990.834058046,3.095747,3.215629,6.312206,252
1403715990.884057999,3.422381,3.435001,6.858172,254
1403715990.934057951,3.112047,1.987354,5.100061,240
1403715990.984057903,2.980856,1.168474,4.150240,236
1403715991.034058094,2.251038,1.524278,3.776246,251
1403715991.084058046,2.558251,4.174810,6.733781,205
1403715991.134057999,4.278262,3.304249,7.583321,162
1403715991.184057951,2.276637,1.223735,3.501162,220
1403715991.234057903,1.439788,1.410117,2.850605,306
1403715991.284058094,1.400017,2.347778,3.748705,324
1403715991.334058046,1.385126,1.352036,2.737922,320
1403715991.384057999,1.333286,1.858172,3.192068,305
1403715991.434057951,1.236525,1.123433,2.360838,305
1403715991.484057903,1.278156,1.103523,2.382359,306
1403715991.534058094,1.096564,1.479607,2.576701,306
1403715991.584058046,1.221495,1.776871,2.999086,306
1403715991.634057999,1.315626,1.256435,2.572781,306
1403715991.684057951,1.089483,1.396827,2.486880,306
1403715991.734057903,1.313856,2.474050,3.788596,306
1403715991.784058094,1.268915,2.710992,3.980797,308
1403715991.834058046,1.225465,1.859062,3.085197,308
1403715991.884057999,1.164424,1.502689,2.668073,308
1403715991.934057951,1.387557,1.386666,2.774983,308
1403715991.984057903,1.072853,1.535198,2.608721,308
1403715992.034058094,1.302865,1.255935,2.559570,308
1403715992.084058046,1.328566,1.150344,2.479830,308
1403715992.134057999,1.170694,1.090553,2.261827,308
1403715992.184057951,1.406547,1.148314,2.555651,310
1403715992.234057903,1.334846,1.132084,2.467710,312
1403715992.284058094,1.267725,1.294656,2.563011,312
1403715992.334058046,1.258636,2.238896,3.498342,312
1403715992.384057999,1.548959,2.275127,3.824836,312
1403715992.434057951,1.384036,1.533829,2.918475,312
1403715992.484057903,1.502748,1.134114,2.637572,311
1403715992.534058094,1.354446,1.305286,2.660502,311
1403715992.584058046,1.185324,1.583499,2.769373,311
1403715992.634057999,1.387517,1.289795,2.678872,312
1403715992.684057951,1.289385,1.206755,2.496890,312
1403715992.734057903,1.057603,1.511308,2.569511,311
1403715992.784058094,1.737291,1.571429,3.309920,311
1403715992.834058046,1.403667,1.158524,2.562891,311
1403715992.884057999,1.313886,1.424357,2.738843,311
1403715992.934057951,1.258815,2.308868,3.568523,310
1403715992.984057903,1.078753,2.371168,3.450841,310
1403715993.034058094,1.296335,1.677830,2.974695,310
1403715993.084058046,1.238354,1.171024,2.410168,310
1403715993.134057999,1.233685,1.334636,2.568951,312
1403715993.184057951,1.205224,1.230605,2.436439,312
1403715993.234057903,1.432077,1.263315,2.696102,312
1403715993.284058094,1.377456,1.171734,2.549950,312
1403715993.334058046,1.071103,1.484217,2.555830,312
1403715993.384057999,1.252735,1.473248,2.726693,312
1403715993.434057951,1.180084,1.154034,2.334868,311
1403715993.484057903,1.104033,1.261925,2.366478,311
1403715993.534058094,1.222705,2.275477,3.498992,311
1403715993.584058046,1.195734,2.318188,3.514642,311
1403715993.634057999,1.294006,1.525748,2.820344,311
1403715993.684057951,1.324266,1.125123,2.450049,311
1403715993.734057903,1.189304,1.266335,2.456209,311
1403715993.784058094,1.128263,1.196584,2.325377,311
1403715993.834058046,1.168364,1.259425,2.428469,311
1403715993.884057999,1.330026,1.136773,2.467519,311
1403715993.934057951,1.062392,1.404007,2.466919,311
1403715993.984057903,1.210724,1.440288,2.651802,311
