timestamp,tracking_ms,estimator_ms,total_ms,observations
1598871591.153193235,22.104060,0.004240,22.126540,0
1598871591.186308146,22.513574,0.006880,22.521374,256
1598871591.219346046,6.525185,0.012120,6.538615,386
1598871591.254549265,2.860334,0.010400,2.871484,396
1598871591.286586046,2.785914,0.008680,2.795634,396
1598871591.320777416,3.068796,0.008770,3.078356,396
1598871591.354176998,2.510552,0.011320,2.522442,396
1598871591.386811972,2.141228,0.009890,2.152108,396
1598871591.421880245,2.263520,0.010480,2.274310,396
1598871591.454600573,2.450312,0.009780,2.460702,396
1598871591.488434076,2.188668,0.009680,2.199108,396
1598871591.520191669,2.426711,0.008780,2.436291,396
1598871591.553972483,2.332710,0.009260,2.342600,396
1598871591.587365389,2.290560,0.008090,2.299360,396
1598871591.621494293,2.292870,0.007920,2.301370,396
1598871591.654116154,2.336520,0.010220,2.347220,396
1598871591.687384844,2.295590,0.008970,2.305310,396
1598871591.722187757,2.330630,0.008290,2.339660,396
1598871591.753817797,2.406570,0.010460,2.417560,396
1598871591.787176609,2.087488,0.007980,2.095738,396
1598871591.822998524,2.329460,0.008040,2.338150,396
1598871591.853981733,2.267510,0.010510,2.278570,396
1598871591.888051510,2.186109,0.008550,2.195359,396
1598871591.921771049,2.378790,0.009670,2.388890,396
1598871591.953950167,2.364390,0.009690,2.375020,396
1598871591.988460302,2.222639,0.007840,2.231219,396
1598871592.022180796,2.290220,0.007200,2.297930,396
1598871592.055176020,2.387120,0.006580,2.394140,396
1598871592.089302301,2.156489,0.006080,2.163309,396
1598871592.120498180,2.359210,0.006160,2.366110,396
1598871592.153878450,4.388807,0.007750,4.396967,396
1598871592.187490702,2.230329,0.006450,2.237449,398
1598871592.221324921,2.179609,0.007120,2.186979,398
1598871592.254231691,2.325950,0.006740,2.333200,398
1598871592.288332701,2.194658,0.006650,2.201778,398
1598871592.321371794,2.291780,0.006790,2.299250,398
1598871592.356989384,2.352430,0.006090,2.359070,398
1598871592.389096737,2.318090,0.006970,2.325790,398
1598871592.422244787,2.199179,0.006120,2.205579,398
1598871592.454481602,2.435051,0.006250,2.441811,398
1598871592.489743948,2.278690,0.006690,2.285910,396
1598871592.522625208,5.397246,0.009160,5.407256,394
1598871592.553668261,2.595073,0.008450,2.604673,396
1598871592.588803291,5.341136,0.007730,5.349146,366
1598871592.621601343,5.819680,0.011270,5.832000,370
1598871592.655727863,4.608839,0.008851,4.618160,386
1598871592.688463449,4.295327,0.008580,4.304357,390
1598871592.721915960,5.355446,0.008930,5.364816,392
1598871592.756651163,4.467838,0.008800,4.477678,394
1598871592.787650347,2.416001,0.008040,2.424711,398
1598871592.821900129,2.340000,0.007680,2.347980,398
1598871592.856336832,2.839214,0.007350,2.847284,398
1598871592.889102459,2.657753,0.008780,2.666973,398
1598871592.923094749,4.366817,0.008330,4.375807,392
1598871592.956721783,2.448191,0.007770,2.456831,396
1598871592.987984180,2.455081,0.008280,2.463861,394
1598871593.021419764,2.443121,0.007650,2.451481,398
1598871593.055137634,5.467437,0.009020,5.477037,396
1598871593.087793589,5.196794,0.008970,5.206074,396
1598871593.121165276,6.139173,0.008770,6.148673,390
1598871593.154644728,5.801139,0.094431,5.896060,390
1598871593.188634396,5.906521,2.265969,8.173250,392
1598871593.224173546,6.329485,0.036900,6.367125,392
1598871593.257035255,7.038161,0.038150,7.076721,386
1598871593.287947893,6.927089,0.036771,6.964850,390
1598871593.321732998,5.311386,0.038120,5.350296,394
1598871593.355727434,5.267615,0.036971,5.305376,396
1598871593.388432503,5.149394,0.037831,5.187775,396
1598871593.422191381,5.924781,0.039031,5.964272,394
1598871593.454807281,2.521461,0.038581,2.561292,398
1598871593.488790989,2.358280,0.038130,2.397020,398
1598871593.521356583,2.301490,0.038130,2.340360,398
1598871593.556191444,2.247569,0.036820,2.284679,398
1598871593.589862347,2.215399,0.038700,2.254699,398
1598871593.622287035,2.450470,0.043151,2.494321,398
1598871593.654867411,2.320320,0.037930,2.358550,398
1598871593.688017368,2.370630,0.037000,2.408370,398
1598871593.727145433,2.450711,0.040620,2.492071,398
1598871593.755901337,2.255620,0.036940,2.292980,398
1598871593.788442612,2.329729,0.039431,2.369750,398
1598871593.822447300,2.374741,0.040340,2.415881,398
1598871593.855166435,2.433941,0.039360,2.473791,398
1598871593.888379335,2.348430,0.037680,2.386620,398
1598871593.921585560,2.327080,0.038760,2.366650,398
1598871593.954582453,2.307580,0.037440,2.345590,398
1598871593.988956690,5.131974,0.043461,5.175945,396
1598871594.022657633,4.285576,0.040401,4.326767,396
1598871594.055517197,5.302066,0.040200,5.343046,396
1598871594.090171337,2.273380,0.038880,2.312850,398
1598871594.121995926,5.292036,0.042130,5.334886,398
1598871594.155205488,5.936841,0.038250,5.975661,398
1598871594.189525604,2.325170,0.039750,2.365440,398
1598871594.223993301,1.367902,0.044420,1.413492,400
1598871594.254616022,1.615074,0.055150,1.671024,400
1598871594.290164709,5.119144,0.042020,5.161994,398
1598871594.320995569,3.367759,0.044731,3.413230,398
1598871594.354014397,1.615004,0.038190,1.653824,400
1598871594.388583183,1.482012,0.036980,1.519482,400
1598871594.423456192,1.509293,0.035691,1.545794,400
1598871594.454524755,1.361551,0.035921,1.397772,400
1598871594.489160061,1.243690,0.035760,1.280280,400
1598871594.520514488,1.350781,0.033181,1.384292,400
1598871594.554131269,1.526313,0.036710,1.563833,400
1598871594.588678598,2.322840,0.037121,2.360511,398
1598871594.621993303,1.499713,0.036330,1.536793,400
1598871594.656592369,1.594984,0.035780,1.631444,400
1598871594.690191984,1.395272,0.033100,1.428902,400
1598871594.722722054,1.494913,0.036730,1.532203,400
1598871594.755879402,1.523433,0.036600,1.560803,400
1598871594.790147305,1.227441,0.032030,1.259741,400
1598871594.823736429,1.619334,0.036690,1.658584,400
1598871594.855813026,1.516283,0.037870,1.554873,400
1598871594.890455961,1.493132,0.034571,1.528933,400
1598871594.923721313,5.315806,0.041740,5.358016,398
1598871594.956824541,5.659688,0.039850,5.700248,384
1598871594.990240574,8.002678,0.038241,8.041239,342
1598871595.022737741,8.531543,0.162781,8.695094,360
1598871595.056255102,6.032082,0.229252,6.261734,384
1598871595.090213776,4.346478,0.057130,4.404808,396
1598871595.122877359,3.445459,0.059651,3.505700,398
1598871595.157406092,3.368458,0.084491,3.453920,396
1598871595.189605713,7.268862,0.088961,7.358713,390
1598871595.222857475,4.992873,0.089110,5.082693,388
1598871595.256060362,5.796839,0.103371,5.901010,382
1598871595.291481256,9.690013,0.526585,10.217188,336
1598871595.324150324,5.535757,0.079931,5.616748,388
1598871595.355849981,4.503519,0.073191,4.577290,396
1598871595.391024351,6.081602,0.075131,6.157273,394
1598871595.423627853,1.544923,0.070021,1.615644,400
1598871595.457639694,1.602023,0.072921,1.675494,400
1598871595.490472317,1.346122,0.069680,1.416372,400
1598871595.523647547,1.561364,0.069841,1.631915,400
1598871595.556540012,1.419452,0.072161,1.492273,400
1598871595.590567827,1.293041,0.069510,1.363101,400
1598871595.622282267,1.504843,0.070611,1.576174,400
1598871595.658955812,1.474482,0.070371,1.545423,400
1598871595.691136360,1.280731,0.069091,1.350402,400
1598871595.723446608,1.430622,0.070511,1.501853,400
1598871595.756478786,1.531713,0.075331,1.608024,400
1598871595.788982630,1.433882,0.070671,1.505243,400
1598871595.822529793,1.299271,0.069121,1.368852,400
1598871595.858415842,1.603423,0.072311,1.676304,400
1598871595.890067816,1.200211,0.067750,1.268261,400
1598871595.923789978,1.549334,0.070700,1.620754,400
1598871595.955989361,1.425252,0.070551,1.496603,400
1598871595.991373301,1.346601,0.069591,1.416672,400
1598871596.024596453,1.370452,0.069381,1.440453,400
1598871596.058539152,1.540613,0.068151,1.609284,400
1598871596.089882851,1.362482,0.068810,1.431882,400
1598871596.124208212,1.450942,0.071241,1.522904,400
1598871596.158447266,1.493743,0.067800,1.562103,400
1598871596.191287518,1.254221,0.067780,1.322541,400
1598871596.223869562,1.470333,0.071960,1.543033,400
1598871596.257072449,1.396952,0.067741,1.465243,400
1598871596.290681601,1.276561,0.065641,1.342622,400
1598871596.324612617,1.487622,0.070511,1.559033,400
1598871596.356664419,1.433132,0.067491,1.501303,400
1598871596.389756441,1.424512,0.072841,1.498793,400
1598871596.423887968,1.411222,0.070241,1.482273,400
1598871596.456557751,1.486083,0.076661,1.563404,400
1598871596.490023851,1.373072,0.068250,1.442012,400
1598871596.522644758,1.495803,0.069880,1.566433,400
1598871596.557892323,1.548634,0.069370,1.618534,400
1598871596.590679169,1.210911,0.067640,1.279081,400
1598871596.624654531,1.483313,0.068121,1.552164,400
1598871596.658021212,1.435372,0.068181,1.504143,400
1598871596.690363407,1.300101,0.066300,1.366951,400
1598871596.722804546,1.448313,0.069960,1.519033,400
1598871596.756644249,1.390772,0.071461,1.463233,400
1598871596.790980101,1.355282,0.069811,1.425663,400
1598871596.824460030,1.444003,0.071130,1.515913,400
1598871596.857624769,1.578083,0.071041,1.649624,400
1598871596.891735077,1.258301,0.067101,1.325912,400
1598871596.924526930,1.531673,0.070010,1.602423,400
1598871596.957590342,1.637134,0.066410,1.704084,400
1598871596.991519928,1.300381,0.071151,1.372012,400
1598871597.023485899,1.501573,0.069990,1.572343,400
1598871597.057931423,1.445053,0.067401,1.512974,400
1598871597.091806650,1.288241,0.066551,1.355252,400
1598871597.124972105,1.421312,0.070040,1.492032,400
1598871597.157813311,1.432683,0.071980,1.505733,400
1598871597.190524578,1.235251,0.069050,1.304731,400
1598871597.224342823,1.447382,0.072061,1.520323,400
1598871597.257092237,1.521543,0.067761,1.589794,400
1598871597.289846182,1.318691,0.067581,1.386792,400
1598871597.323391438,1.690675,0.099381,1.791296,400
1598871597.357200384,1.400082,0.087541,1.489243,400
1598871597.391639948,1.333582,0.074500,1.408702,400
1598871597.431554556,1.575783,0.076111,1.652664,400
1598871597.456699848,1.510743,0.068110,1.579393,400
1598871597.490250826,1.450063,0.071110,1.521763,400
1598871597.523543596,1.440112,0.068861,1.509793,400
1598871597.557579756,1.572254,0.070720,1.643784,400
1598871597.591296434,1.219851,0.067950,1.288371,400
1598871597.623225927,1.445052,0.070501,1.516323,400
1598871597.657639027,1.542043,0.067811,1.610354,400
1598871597.691117048,1.162960,0.070941,1.234181,400
1598871597.725085974,1.496803,0.068671,1.566244,400
1598871597.757606745,1.433972,0.069191,1.503723,400
1598871597.791697025,1.160800,0.067560,1.228680,400
1598871597.824460030,1.490432,0.069421,1.560673,400
1598871597.857099771,1.476273,0.068370,1.545183,400
1598871597.891204119,1.343402,0.067121,1.411003,400
1598871597.931137323,1.328932,0.067450,1.396672,400
1598871597.958074093,1.513602,0.069841,1.584283,400
1598871597.992960215,1.279321,0.068440,1.348461,400
1598871598.023142099,1.475933,0.072130,1.548843,400
1598871598.058601379,1.488142,0.068541,1.557373,400
1598871598.092223167,1.251461,0.067150,1.319191,400
1598871598.126294374,1.521643,0.070101,1.592494,400
1598871598.157762051,1.440842,0.066610,1.508002,400
1598871598.192557335,1.323511,0.068580,1.392641,400
1598871598.223783970,1.443553,0.070200,1.514453,400
1598871598.257252932,1.325812,0.068860,1.395522,400
1598871598.290895224,1.200781,0.068780,1.270371,400
1598871598.324326515,1.471602,0.069031,1.541313,400
1598871598.358016491,1.501003,0.070041,1.571884,400
1598871598.390361786,1.353022,0.069480,1.423262,400
1598871598.424487114,1.591113,0.067861,1.659714,400
1598871598.459053755,1.534633,0.066600,1.601693,400
1598871598.491123199,1.447612,0.070841,1.518953,400
1598871598.524600506,3.520380,0.074831,3.596391,398
1598871598.558733702,1.505223,0.121671,1.627504,400
1598871598.590246916,5.865310,0.096511,5.962541,398
1598871598.625342846,4.329797,0.115601,4.446938,396
1598871598.658238173,5.995031,0.111131,6.106922,398
1598871598.692003012,1.422632,0.105621,1.529053,400
1598871598.724441528,1.446622,0.114761,1.562453,400
1598871598.757950068,5.986322,0.113251,6.100213,398
1598871598.790228605,1.451412,0.108521,1.560813,400
1598871598.824558020,5.422597,0.128161,5.551368,396
1598871598.858409166,7.012260,0.115631,7.128771,396
1598871598.890662193,8.046079,0.125441,8.172150,390
1598871598.926312923,2.366150,0.121211,2.488281,398
1598871598.958785057,1.469863,5.517787,6.988310,400
1598871598.991764784,8.111719,5.185705,13.298294,396
1598871599.025362253,6.883029,4.849292,11.733251,398
1598871599.059371948,6.983050,4.819571,11.803531,398
1598871599.092301369,9.220919,4.835772,14.057651,396
1598871599.127418280,9.322380,4.820472,14.144132,392
1598871599.158620358,1.525193,4.754671,6.280714,400
1598871599.191956282,7.052621,4.821931,11.875342,396
1598871599.225248814,8.252401,4.402347,12.655648,396
1598871599.258231163,8.167951,4.397987,12.566868,392
1598871599.291655540,9.326590,4.485229,13.815369,394
1598871599.324868679,6.248754,4.440737,10.692371,398
1598871599.358303308,7.010370,4.408698,11.420298,394
1598871599.391701221,3.458300,4.404028,7.863208,394
1598871599.424689054,6.993800,4.401178,11.395738,392
1598871599.458687544,8.311561,4.266616,12.579257,386
1598871599.491469860,9.294149,4.306797,13.601916,392
1598871599.525079727,7.039101,4.291756,11.331587,396
1598871599.557966948,9.247120,4.284857,13.533017,388
1598871599.591893673,6.902009,4.307897,11.210776,396
1598871599.625128508,8.211181,4.302516,12.514507,396
1598871599.657256842,8.254931,4.296447,12.552428,398
1598871599.690539122,2.652143,4.287537,6.940180,398
1598871599.725201368,9.383320,4.301207,13.685417,394
1598871599.758817673,4.605940,4.371257,8.981817,396
1598871599.791758537,7.065610,4.293847,11.360367,396
1598871599.826199293,8.207940,4.311977,12.520787,394
1598871599.858571291,8.103719,4.317978,12.422697,396
1598871599.891980410,6.898019,4.309737,11.208636,398
1598871599.925468922,8.301142,4.326657,12.628719,394
1598871599.958864689,9.249559,4.432398,13.685997,396
1598871599.991626740,9.296349,4.315847,13.613056,392
1598871600.024888515,8.239331,4.465878,12.709459,392
1598871600.058684349,6.074012,4.323457,10.398349,398
1598871600.092566013,9.369150,4.345688,13.715658,390
1598871600.125624180,6.076432,4.330538,10.407860,394
1598871600.159098864,5.257465,4.313487,9.571572,398
1598871600.193087101,9.199919,4.282267,13.483586,394
1598871600.225334406,5.838221,0.088790,5.927871,398
1598871600.258702278,1.719235,0.096951,1.817236,400
1598871600.292214870,1.575373,0.092691,1.668664,400
1598871600.326164484,1.570894,6.610366,8.182270,400
1598871600.359056950,1.722854,6.291434,8.015328,400
1598871600.392444134,1.611624,6.297674,7.910128,400
1598871600.426298857,1.642014,6.291744,7.934618,400
1598871600.458923340,1.647885,6.290024,7.938389,400
1598871600.491936207,2.609393,6.305244,8.915407,398
1598871600.533112049,1.540203,6.305304,7.846197,400
1598871600.557457685,1.643124,6.304334,7.947978,400
1598871600.592293501,1.497082,6.230644,7.728536,400
1598871600.625743866,1.464593,6.313934,7.779247,400
1598871600.659005880,1.521283,6.324394,7.846397,400
1598871600.695191860,1.647044,5.662049,7.309693,400
1598871600.725906134,1.512593,4.340127,5.853560,400
1598871600.759047508,1.469363,4.332687,5.802750,400
1598871600.793366909,1.546394,4.335757,5.882891,400
1598871600.859165192,1.591834,4.317277,5.910361,400
1598871600.893213749,1.619944,4.331487,5.952201,400
1598871600.926482677,1.517233,4.325057,5.842770,400
1598871600.959503174,2.301470,4.161826,6.464276,398
1598871600.993360519,1.448612,4.087635,5.536997,400
1598871601.026662350,1.375631,4.023295,5.399716,400
1598871601.060052156,1.395712,3.978884,5.375096,400
1598871601.093334675,1.608113,3.953494,5.562877,400
1598871601.128228664,1.314991,3.956454,5.272195,400
1598871601.159463406,2.317450,4.032714,6.350904,398
1598871601.192559958,1.437573,3.850853,5.289376,400
1598871601.225503206,2.166758,3.996835,6.164283,398
1598871601.259618759,2.184439,4.026605,6.211804,398
1598871601.293575525,1.585334,3.915373,5.501287,400
1598871601.326300144,1.616344,4.356367,5.973961,400
1598871601.359780788,1.481332,4.292017,5.773889,400
1598871601.393742323,1.402242,4.351847,5.754809,400
1598871601.425018311,2.316040,4.449248,6.766038,398
1598871601.459190845,2.257039,4.048825,6.306574,394
1598871601.492470264,1.510683,3.881484,5.392557,400
1598871601.527345896,2.267729,4.002704,6.271193,398
1598871601.560324669,1.476303,3.864473,5.341476,400
1598871601.593061447,1.347792,4.245016,5.593618,400
1598871601.626205683,1.420622,4.250136,5.675258,400
1598871601.660926342,1.423052,4.072005,5.495897,400
1598871601.691786528,2.302260,3.961284,6.264304,396
1598871601.726225376,2.427811,3.888243,6.316814,398
1598871601.759367466,1.408442,3.780853,5.190065,400
1598871601.791978598,2.465082,3.710151,6.176023,394
1598871601.826459646,1.432342,3.555490,4.988542,400
1598871601.859435797,1.562163,3.540371,5.103304,400
1598871601.893476963,2.550771,3.692922,6.244843,396
1598871601.926728964,1.504853,3.537840,5.043543,400
1598871602.026051283,2.516712,3.719512,6.236994,396
1598871602.059556007,1.424962,3.528750,4.954452,400
1598871602.093829870,1.442482,3.555180,4.998132,400
1598871602.127130985,1.588083,3.924034,5.512907,400
1598871602.160416126,2.185039,3.948954,6.134703,398
1598871602.194633961,2.376070,3.957854,6.334594,398
1598871602.227188349,2.209159,3.951964,6.161883,398
1598871602.260607243,1.558684,3.554650,5.114074,400
1598871602.293322086,2.494782,3.534930,6.030142,398
1598871602.326894045,1.655084,3.503890,5.160324,400
1598871602.360337257,1.373792,3.572521,4.947053,400
1598871602.393659353,1.454743,3.518780,4.974343,400
1598871602.426561594,2.360801,3.669291,6.030832,398
1598871602.460877180,1.552984,3.429139,4.982593,400
1598871602.494331121,1.305511,3.472100,4.778391,400
1598871602.527660131,1.416732,3.460710,4.877932,400
1598871602.560420990,1.342031,3.096527,4.439388,400
1598871602.593509197,2.184689,0.076780,2.262219,398
1598871602.627220392,1.458962,3.350689,4.810141,400
1598871602.660536051,1.477582,3.328809,4.807071,400
1598871602.694131613,2.314800,3.369708,5.685248,398
1598871602.727104425,2.206699,3.404139,5.611608,398
1598871602.761247158,3.166977,3.333499,6.500956,394
1598871602.794692516,1.422262,3.326509,4.749961,400
1598871602.828924417,1.327911,3.316939,4.645700,400
1598871602.862018585,1.346462,3.314918,4.662260,400
1598871602.895197392,1.468043,3.318658,4.787421,400
1598871602.930332422,1.459453,3.331558,4.791861,400
1598871602.963127851,2.242380,3.412179,5.655339,398
1598871603.001594067,1.407232,3.375129,4.783051,400
1598871603.030674219,1.570734,2.722613,4.294127,400
1598871603.064354420,3.235568,3.234898,6.471176,398
1598871603.098548412,1.403382,3.026326,4.430408,400
1598871603.131148338,2.227579,3.126667,5.354946,398
1598871603.164787769,5.156184,3.154797,8.311571,394
1598871603.199644804,3.300438,3.027067,6.327895,398
1598871603.231609821,1.548193,3.042216,4.591199,400
1598871603.265823603,1.348251,3.079827,4.428728,400
1598871603.297424078,4.269746,3.079937,7.350273,398
1598871603.332592964,2.317510,3.175647,5.493857,396
1598871603.366272688,1.516833,3.058586,4.575889,400
1598871603.398756266,3.374559,3.281998,6.657267,396
1598871603.433223963,3.292288,3.062817,6.355545,398
1598871603.465014696,1.539834,3.058556,4.599530,400
1598871603.499325991,2.593882,3.129627,5.724249,398
1598871603.532257080,5.082884,3.249758,8.333412,398
1598871603.565795422,1.537043,2.732824,4.270887,400
1598871603.598315001,1.411353,2.759173,4.171166,400
1598871603.631027460,1.380462,2.752413,4.133265,400
1598871603.666666508,4.974952,2.789624,7.765216,398
1598871603.698441267,1.406652,2.749744,4.157126,400
1598871603.732709646,4.016615,3.035856,7.053361,398
1598871603.765356779,1.402732,2.763234,4.166716,400
1598871603.799646616,2.230109,2.841994,5.072973,398
1598871603.838827133,5.099714,2.969075,8.069649,392
1598871603.868600845,2.263379,2.775274,5.039403,398
1598871603.900073767,2.394900,2.748204,5.143674,398
1598871603.932926655,2.222069,2.838424,5.061203,396
1598871603.967768669,4.856342,2.947185,7.804277,398
1598871603.998633146,2.250259,2.792724,5.043713,398
1598871604.031987667,2.381060,2.820465,5.202155,396
1598871604.065627337,1.655165,2.763723,4.419798,400
1598871604.100020647,1.349811,2.776054,4.126845,400
1598871604.132357597,3.131187,3.250558,6.382415,396
1598871604.165472984,2.216489,3.017106,5.233995,398
1598871604.198964357,1.477093,3.051626,4.529349,400
1598871604.231670141,1.381862,3.006605,4.389257,400
1598871604.264944792,5.785010,3.079416,8.865206,398
1598871604.299541235,1.451762,3.058776,4.511248,400
1598871604.332153320,2.318830,3.045316,5.364586,398
1598871604.366254568,2.292130,3.082616,5.375686,398
1598871604.398676872,2.460991,3.140507,5.602178,396
1598871604.431608677,2.310160,0.079731,2.390691,396
1598871604.464664459,2.305560,3.496610,5.802780,398
1598871604.499679327,4.856741,3.273018,8.130889,396
1598871604.531559706,4.755400,2.935746,7.691676,396
1598871604.565678596,1.500973,2.949016,4.450709,400
1598871604.599326849,1.430452,0.077791,1.509103,400
1598871604.631559849,1.595604,3.199597,4.795661,400
1598871604.665315390,1.362752,3.216937,4.580319,400
1598871604.699394703,1.500563,3.196888,4.697911,400
1598871604.731646299,1.618034,3.228018,4.846732,400
1598871604.767406225,1.417902,3.180328,4.598910,400
1598871604.799493790,1.611194,0.078670,1.690264,400
1598871604.832795858,1.349152,3.491170,4.840912,400
1598871604.866602182,1.473233,3.448880,4.922843,400
1598871604.899170637,1.579844,3.452380,5.032944,400
1598871604.932508945,1.360391,2.893655,4.254717,400
1598871604.965712070,1.565073,3.105527,4.672100,400
1598871604.999247313,1.403222,2.938805,4.342967,400
1598871605.033301353,1.369182,2.945005,4.314907,400
1598871605.065790653,1.327992,2.713923,4.042615,400
1598871605.099442959,1.524943,2.807474,4.333137,400
1598871605.140874386,1.556113,2.745854,4.302867,400
1598871605.167929649,1.525793,2.752144,4.278347,400
1598871605.198760748,1.505343,2.743913,4.250016,400
1598871605.231414080,1.341111,2.576632,3.918463,400
1598871605.266593933,1.452093,2.564592,4.017395,400
1598871605.299014091,1.399832,2.554812,3.955414,400
1598871605.331171751,1.378031,2.560922,3.940063,400
1598871605.370875597,1.359662,2.576812,3.937244,400
1598871605.400403261,1.390202,2.497412,3.888454,400
1598871605.433377504,5.833130,0.089991,5.923471,398
1598871605.466159105,1.469143,0.076330,1.546083,400
1598871605.500455856,1.375092,0.074430,1.450202,400
1598871605.532951355,1.522183,3.494430,5.017053,400
1598871605.565411091,1.435373,3.496870,4.932943,400
1598871605.599766970,1.512743,3.518120,5.031553,400
1598871605.633692741,1.424052,0.081201,1.505963,400
1598871605.666451693,1.497563,0.075511,1.573584,400
1598871605.699428082,5.655449,4.006794,9.662913,398
1598871605.732880831,5.475097,0.082231,5.558168,394
1598871605.765599012,1.492143,0.077870,1.570583,400
1598871605.799031496,1.356472,0.075751,1.432773,400
1598871605.841522455,1.323971,0.081121,1.405592,400
1598871605.869246721,1.552443,0.071561,1.624374,400
1598871605.900422812,1.214100,0.072291,1.287181,400
1598871605.933676243,1.384951,0.073131,1.458472,400
1598871605.966567516,1.243551,0.074260,1.318401,400
1598871606.000538826,1.491953,0.078700,1.571323,400
1598871606.034085035,1.207170,0.073801,1.281481,400
1598871606.065011740,1.411352,0.072740,1.484502,400
1598871606.099182129,1.514143,0.071881,1.586514,400
1598871606.133416414,1.141720,0.072641,1.214851,400
1598871606.166533947,1.484683,0.071821,1.557024,400
1598871606.200901031,2.031077,0.075601,2.106958,398
1598871606.232742548,1.401323,0.073730,1.475793,400
1598871606.266554356,1.562853,0.071861,1.635154,400
1598871606.299659252,1.427583,0.073450,1.501423,400
1598871606.335504770,1.512713,0.074351,1.587844,400
1598871606.366237879,1.287261,0.070670,1.358341,400
1598871606.399676085,1.512863,0.073581,1.587144,400
1598871606.434781075,1.391982,0.071401,1.463933,400
1598871606.466539145,1.333081,0.072161,1.405772,400
1598871606.499714375,1.188130,0.076591,1.265001,400
1598871606.533054113,1.279991,0.073031,1.353702,400
1598871606.566063404,1.367302,0.078510,1.446652,400
1598871606.609304905,1.289181,0.080870,1.370511,400
1598871606.638813019,1.324821,0.073301,1.398532,400
1598871606.667834520,1.520103,0.072091,1.592674,400
1598871606.700261593,1.240941,0.070830,1.312051,400
1598871606.732821703,1.383882,0.070850,1.455142,400
1598871606.770044088,1.345142,0.070691,1.416263,400
1598871606.799616337,1.387732,0.074491,1.462893,400
1598871606.833189726,1.512223,0.122361,1.635074,400
1598871606.867439508,1.389412,0.096861,1.486893,400
1598871606.899739981,1.511982,0.095841,1.608393,400
1598871606.934099913,1.187580,0.083741,1.271661,400
1598871606.965921640,1.462862,0.088261,1.551713,400
1598871607.000077724,1.372112,0.096771,1.469363,400
1598871607.033931732,1.321942,0.099811,1.422273,400
1598871607.065790176,1.538883,0.098141,1.637504,400
1598871607.101219416,1.211900,0.102661,1.314881,400
1598871607.134209156,1.377272,0.103520,1.481392,400
1598871607.166726351,1.344281,0.101261,1.446062,400
1598871607.201171875,1.450953,0.103131,1.554634,400
1598871607.234016180,1.512043,2.595353,4.107946,400
1598871607.266287565,1.368912,0.078830,1.448542,400
1598871607.300898075,1.231840,0.076161,1.308311,400
1598871607.334105968,1.190370,0.073381,1.264381,400
1598871607.370010614,1.433662,0.073691,1.507843,400
1598871607.399081945,1.624704,0.072011,1.697155,400
1598871607.433904409,1.382842,3.594451,4.977783,400
1598871607.467280626,1.520053,3.568660,5.089643,400
1598871607.500742912,1.475952,3.584741,5.061153,400
1598871607.533229589,1.442183,3.570571,5.013434,400
1598871607.568790436,1.412233,3.579130,4.992053,400
1598871607.599357843,1.539034,4.062244,5.602088,400
1598871607.633591175,1.426142,4.050915,5.477797,400
1598871607.669208765,1.285471,4.060455,5.346776,400
1598871607.710333586,1.464763,4.102185,5.567908,400
1598871607.733649731,1.417302,4.087035,5.505057,400
1598871607.767297268,3.391479,4.107766,7.500005,396
1598871607.800739288,1.355501,4.066845,5.422746,400
1598871607.833755493,1.390242,2.458101,3.849123,400
1598871607.867069244,1.380822,2.433871,3.815383,400
1598871607.901934862,1.502563,2.442661,3.945894,400
1598871607.935619116,1.377851,2.433981,3.812282,400
1598871607.968224764,1.491482,2.447161,3.939413,400
1598871608.001157284,1.462733,2.609962,4.073435,400
1598871608.034175634,1.454422,2.598373,4.053715,400
1598871608.068172693,1.508713,0.077530,1.586923,400
1598871608.100911856,1.268521,2.778773,4.047544,400
1598871608.135144234,1.613084,3.028366,4.642180,400
1598871608.166976929,1.352522,2.987905,4.341107,400
1598871608.201160669,1.635154,0.078221,1.714105,400
1598871608.233939648,1.151390,3.251148,4.402778,400
1598871608.267833710,1.511993,3.232097,4.744840,400
1598871608.301412821,1.542363,3.217757,4.760820,400
1598871608.334636450,1.423322,3.204928,4.628950,400
1598871608.367409945,1.516063,0.078381,1.595094,400
1598871608.401666641,1.372272,0.073450,1.446222,400
1598871608.433479786,1.426102,0.079970,1.506512,400
1598871608.468305111,1.357582,0.074120,1.432262,400
1598871608.501450062,1.424822,0.072501,1.497723,400
1598871608.534511805,1.290791,0.074020,1.365281,400
1598871608.567624569,1.348252,5.804620,7.153442,400
1598871608.600582123,1.330861,5.576318,6.907989,400
1598871608.634797335,1.262370,5.627399,6.890489,400
1598871608.666988134,1.591674,0.078390,1.670754,400
1598871608.701538324,1.627514,6.071022,7.699046,400
1598871608.734057665,1.364372,5.991851,7.356963,400
1598871608.766299963,1.423033,0.077600,1.501433,400
1598871608.800704718,1.321631,6.058462,7.380523,400
1598871608.833881378,1.445313,6.010551,7.456604,400
1598871608.867258072,1.429982,6.049562,7.480304,400
1598871608.908355951,1.538734,0.082430,1.621574,400
1598871608.934713840,1.509543,0.072830,1.582943,400
1598871608.968191624,1.251380,0.074381,1.326202,400
1598871609.001059532,1.489183,0.075011,1.564644,400
1598871609.034097195,1.406942,0.071641,1.478983,400
1598871609.069228649,1.396122,0.073760,1.470242,400
1598871609.101243019,1.547004,0.085800,1.633194,400
1598871609.134681463,1.150780,0.072161,1.223311,400
1598871609.168496609,1.400382,0.074641,1.475413,400
1598871609.202981234,1.279971,0.078470,1.359071,400
1598871609.234667540,1.253201,0.074191,1.327832,400
1598871609.267066717,1.264321,0.072260,1.337151,400
1598871609.302807808,1.346922,0.071700,1.419012,400
1598871609.335439205,1.297261,0.071141,1.368862,400
1598871609.367990255,1.285400,0.069821,1.355691,400
1598871609.400635242,1.455962,0.071891,1.528303,400
1598871609.435376883,1.465853,0.070511,1.536794,400
1598871609.467827082,1.204790,0.068611,1.273691,400
1598871609.501012564,1.549193,0.074751,1.624574,400
1598871609.533262968,1.229841,0.074480,1.304731,400
1598871609.568738699,1.454493,0.078110,1.533253,400
1598871609.601435900,1.535463,0.076411,1.612604,400
1598871609.634754419,1.258391,0.076730,1.335791,400
1598871609.669879198,1.573694,0.079550,1.653684,400
1598871609.702141762,1.451222,0.079111,1.530793,400
1598871609.734722376,1.424412,0.079251,1.504123,400
1598871609.767961740,1.439652,0.077821,1.517973,400
1598871609.801847696,1.448922,0.080321,1.529783,400
1598871609.834265709,1.444983,0.078090,1.523613,400
1598871609.868052721,1.299031,0.075800,1.375091,400
1598871609.902872562,1.612754,0.080791,1.694075,400
1598871609.935244799,1.257991,0.078950,1.337401,400
1598871609.968876839,1.534543,0.080371,1.615474,400
1598871610.001729250,1.617524,0.082571,1.700755,400
1598871610.036277056,1.278631,0.078711,1.358082,400
1598871610.069489002,1.567714,0.079890,1.648184,400
1598871610.100998640,1.455832,0.079671,1.535983,400
1598871610.136801481,1.278971,0.084761,1.364202,400
1598871610.169005394,1.372161,0.079021,1.451752,400
1598871610.202380180,1.465513,0.079391,1.545464,400
1598871610.234975576,1.291781,0.079111,1.371452,400
1598871610.269316673,1.406702,0.079321,1.486753,400
1598871610.301884890,1.335121,0.078231,1.413612,400
1598871610.335547924,1.252561,0.078881,1.331992,400
1598871610.368717670,1.513344,0.081210,1.595264,400
1598871610.402560711,1.538053,0.079721,1.618554,400
1598871610.436248779,1.226511,0.079191,1.306432,400
1598871610.469389439,1.489572,0.088321,1.578503,400
1598871610.503474236,1.331892,0.078761,1.410913,400
1598871610.535334587,1.323861,0.079731,1.404282,400
1598871610.570509434,1.454243,0.080760,1.535473,400
1598871610.602084160,1.490193,0.077781,1.568504,400
1598871610.635430574,1.370501,0.077761,1.448742,400
1598871610.669220448,1.450442,0.077371,1.528323,400
1598871610.703017712,1.544853,0.079921,1.625274,400
1598871610.737792253,1.452113,0.080431,1.533424,400
1598871610.769860983,1.517363,0.079881,1.597704,400
1598871610.799766541,1.681265,0.081121,1.763266,400
1598871610.835595608,1.267391,0.082621,1.350532,400
1598871610.869142771,1.315552,0.076230,1.392052,400
1598871610.900315762,1.417942,0.081011,1.499643,400
1598871610.933931351,1.331481,0.080901,1.412882,400
1598871610.967061043,1.592293,0.080921,1.673864,400
1598871611.000197887,1.437012,0.079891,1.517603,400
1598871611.034389257,1.411112,0.083291,1.494903,400
1598871611.067922592,1.292631,0.075741,1.368652,400
1598871611.100593090,1.537793,0.078491,1.616804,400
1598871611.134633780,1.222910,0.078441,1.301851,400
1598871611.168032885,1.562584,0.077291,1.640515,400
1598871611.201906681,1.631483,0.082111,1.714344,400
1598871611.235109568,1.257611,0.086801,1.345402,400
1598871611.269158840,1.459992,0.084841,1.545533,400
1598871611.301286697,1.472323,0.079530,1.552353,400
1598871611.334194660,1.336061,0.080591,1.417122,400
1598871611.369435310,1.596164,0.080701,1.677375,400
1598871611.401933193,1.455573,0.079090,1.535133,400
1598871611.435024500,1.360062,0.081381,1.441883,400
1598871611.467833281,1.389832,0.085791,1.476563,400
1598871611.501388550,1.525413,0.086221,1.612544,400
1598871611.535304785,1.134020,0.079830,1.214500,400
1598871611.569319487,1.538944,0.093260,1.633104,400
1598871611.600948334,1.635734,0.091781,1.728615,400
1598871611.635412216,1.207391,0.085250,1.293221,400
1598871611.669681549,1.476963,0.085500,1.563223,400
1598871611.701457024,1.559653,0.091231,1.652004,400
1598871611.735274553,1.274481,0.083640,1.358641,400
1598871611.767837524,1.437982,0.082300,1.520712,400
1598871611.801839828,1.438313,0.082620,1.521403,400
1598871611.834930182,1.301001,0.086611,1.388092,400
1598871611.867598534,1.420832,0.079260,1.500552,400
1598871611.901794195,1.497403,0.081421,1.579274,400
1598871611.935487509,1.137020,0.077140,1.214450,400
1598871611.968987465,1.422002,0.079141,1.501673,400
1598871612.001702785,1.500623,0.080791,1.581894,400
1598871612.034940004,1.185070,0.079661,1.265271,400
1598871612.069167376,1.402272,0.080371,1.483353,400
1598871612.101689577,1.539313,0.081031,1.620844,400
1598871612.135691881,1.290321,0.078521,1.369332,400
1598871612.168237686,1.655045,0.092140,1.748305,400
1598871612.201313496,1.343141,0.084261,1.427712,400
1598871612.236530542,1.295191,0.095920,1.392211,400
1598871612.268862724,1.320081,0.083711,1.404142,400
1598871612.302077293,1.549163,0.092801,1.643024,400
1598871612.335785389,1.344252,0.085321,1.430453,400
1598871612.367523432,1.420943,0.081580,1.503173,400
1598871612.401776791,1.386422,0.084730,1.471532,400
1598871612.434123039,1.317961,0.082661,1.401332,400
1598871612.467714787,1.660584,0.094611,1.756255,400
1598871612.501192093,1.885746,0.094211,1.980577,400
1598871612.534853697,1.444782,0.090451,1.535843,400
1598871612.570086956,1.995518,0.169471,2.165269,400
1598871612.603322983,2.110798,0.095541,2.208879,400
1598871612.636242867,1.947427,0.093930,2.042407,400
1598871612.672232628,2.217479,0.090491,2.308870,400
1598871612.704199314,2.084848,0.087800,2.173268,400
1598871612.736744165,1.917706,0.086781,2.005297,400
1598871612.769971371,2.038147,0.084031,2.122648,400
1598871612.802133322,1.822286,0.135121,1.958177,400
1598871612.835296154,1.355782,0.090231,1.447003,400
1598871612.868493557,1.336931,0.087221,1.424492,400
1598871612.902122974,1.550073,0.085701,1.636274,400
1598871612.936075211,1.245931,0.080500,1.326941,400
1598871612.968758821,1.510843,0.087390,1.598713,400
1598871613.002681255,1.462612,0.086871,1.550393,400
1598871613.034991503,1.324381,0.081421,1.406432,400
1598871613.073093176,1.547133,0.082511,1.630164,400
1598871613.104689837,1.415372,0.083520,1.499512,400
1598871613.139355659,1.384862,0.085441,1.470773,400
1598871613.170268297,1.326282,0.078640,1.405182,400
1598871613.203023195,1.819096,0.098320,1.918486,400
1598871613.238140106,1.439432,0.089011,1.528813,400
1598871613.271579981,1.470302,0.092581,1.563923,400
1598871613.307396412,1.629755,0.091040,1.721765,400
1598871613.336004257,1.246461,0.089921,1.337812,400
1598871613.368930101,1.524523,0.083611,1.608654,400
1598871613.402498722,1.414312,0.082171,1.497013,400
1598871613.435915947,1.263481,0.081131,1.344992,400
1598871613.469790697,1.555963,0.080781,1.637254,400
1598871613.503289700,1.482363,0.082810,1.565813,400
1598871613.536340952,1.332831,0.084761,1.418242,400
1598871613.570955276,1.386131,0.080591,1.467162,400
1598871613.607877493,1.499113,0.096441,1.596624,400
1598871613.637613297,1.140600,0.082671,1.223581,400
1598871613.672492027,1.796965,0.102061,1.900546,400
1598871613.702646255,1.795765,0.091621,1.887986,400
1598871613.735371828,1.464063,0.094881,1.559254,400
1598871613.771206379,2.123078,0.144781,2.268389,400
1598871613.803528547,2.241999,0.094811,2.337920,400
1598871613.836677313,1.885596,0.096081,1.982057,400
1598871613.872421026,2.158998,0.089601,2.249589,400
1598871613.907420158,2.092048,0.086041,2.178599,400
1598871613.937625408,1.910586,0.087981,1.999257,400
1598871613.968546629,2.124508,0.087361,2.212459,400
1598871614.002437353,2.116158,0.086270,2.203048,400
1598871614.035964727,1.902187,0.085240,1.988037,400
1598871614.068953276,1.990197,0.084661,2.075518,400
1598871614.103437662,2.151278,0.084671,2.236499,400
1598871614.136290789,1.880726,0.082980,1.964006,400
1598871614.170664072,2.073168,0.090671,2.164549,400
1598871614.204004765,2.004737,0.082661,2.087828,400
1598871614.237028360,1.839516,0.084941,1.925017,400
1598871614.270776272,2.158708,0.086201,2.245489,400
1598871614.303748608,2.076678,0.082540,2.159658,400
1598871614.336571217,1.891636,0.084541,1.976717,400
1598871614.371506691,2.148208,0.085871,2.234539,400
1598871614.404497862,2.116728,0.085440,2.202728,400
1598871614.436064959,1.900397,0.084150,1.985027,400
1598871614.470486641,2.081308,0.085111,2.167139,400
1598871614.503735304,2.131868,0.084671,2.216999,400
1598871614.537723064,1.827125,0.088801,1.916826,400
1598871614.569823027,2.031977,0.088391,2.120818,400
1598871614.603805780,2.215399,0.087061,2.302950,400
1598871614.638207674,1.705745,0.162191,1.868516,400
1598871614.673569918,1.526263,0.100861,1.629694,400
1598871614.705659628,1.352042,0.081620,1.433972,400
1598871614.738312721,1.380642,0.084190,1.465662,400
1598871614.770433664,1.334612,0.081640,1.416622,400
1598871614.806962967,1.476703,0.080980,1.558193,400
1598871614.838032722,1.309481,0.083861,1.393842,400
1598871614.869527102,1.316601,0.078191,1.395172,400
1598871614.903009892,1.504853,0.086011,1.591524,400
1598871614.940566778,1.318441,0.082311,1.401252,400
1598871614.973170757,1.425522,0.081091,1.507223,400
1598871615.005136251,1.345211,0.077691,1.423192,400
1598871615.036507130,1.288191,0.079771,1.368682,400
1598871615.074798346,1.502973,0.087371,1.590814,400
1598871615.106261015,1.441972,0.081791,1.524623,400
1598871615.136417389,1.265531,0.080731,1.346782,400
1598871615.169017553,1.326612,0.079660,1.406602,400
1598871615.203283787,1.354592,0.085741,1.441143,400
1598871615.236356497,1.296401,0.087351,1.384342,400
1598871615.271197557,1.349812,0.083321,1.433953,400
1598871615.304960728,1.491753,0.081031,1.573384,400
1598871615.336162329,1.128600,0.079511,1.208381,400
1598871615.373347998,1.402222,0.081531,1.484373,400
1598871615.403307199,1.351392,0.077410,1.429122,400
1598871615.437166214,1.240160,0.089681,1.330921,400
1598871615.470011473,1.346862,0.080231,1.427413,400
1598871615.504002810,1.453853,0.082001,1.536504,400
1598871615.536658525,1.156540,0.080221,1.237041,400
1598871615.569901466,1.657304,0.079111,1.737095,400
1598871615.603850126,1.403422,0.078881,1.482873,400
1598871615.637130499,1.299412,0.078140,1.378002,400
1598871615.670955181,1.425392,0.082481,1.508523,400
1598871615.703783274,1.497323,0.081630,1.579753,400
1598871615.739528656,1.369742,0.082061,1.452323,400
1598871615.769732237,1.447632,0.081071,1.529303,400
1598871615.803861141,1.596144,0.079931,1.676565,400
1598871615.839226246,1.237561,0.080650,1.318771,400
1598871615.872314453,1.480693,0.080901,1.562214,400
1598871615.904714584,1.478323,0.092431,1.571344,400
1598871615.938699007,1.135990,0.080840,1.217130,400
1598871615.970446587,1.406212,0.081930,1.488892,400
1598871616.004308701,1.414642,0.080351,1.495503,400
1598871616.038539648,1.363891,0.078601,1.442932,400
1598871616.071677923,1.659905,0.084970,1.745565,400
1598871616.106205940,1.489233,0.079850,1.569723,400
1598871616.138496876,1.489882,0.082391,1.572913,400
1598871616.172690153,1.328062,0.077911,1.406243,400
1598871616.203672171,1.573723,0.082981,1.657164,400
1598871616.238667965,1.181920,0.082411,1.265081,400
1598871616.271953583,1.498223,0.080561,1.579224,400
1598871616.304925442,1.623774,0.084481,1.708645,400
1598871616.338687658,1.216610,0.080631,1.297681,400
1598871616.371363878,1.557954,0.081080,1.639534,400
1598871616.404633284,1.483952,0.080411,1.564833,400
1598871616.438280821,1.249921,0.078991,1.329332,400
1598871616.471425295,1.533993,0.082081,1.616514,400
1598871616.509948730,1.411032,0.089190,1.501382,400
1598871616.537951708,1.118080,0.083841,1.202641,400
1598871616.573737860,1.409102,0.082100,1.491772,400
1598871616.604722738,1.352781,0.081161,1.434252,400
1598871616.639717340,1.309111,0.080221,1.389962,400
1598871616.671791315,1.482893,0.079701,1.563104,400
1598871616.705360174,1.620864,0.080371,1.701655,400
1598871616.738022089,1.202930,0.081071,1.284491,400
1598871616.770664930,1.314201,0.077501,1.391962,400
1598871616.804463148,1.480643,0.079820,1.560983,400
1598871616.837936163,1.311541,0.081391,1.393382,400
1598871616.873013735,1.597594,0.079920,1.677994,400
1598871616.905368567,1.449322,0.084821,1.535073,400
1598871616.938961506,1.139060,0.081571,1.221031,400
1598871616.971739054,1.432002,0.081001,1.513683,400
1598871617.004496336,1.564084,0.080390,1.645014,400
1598871617.039593458,1.452273,0.086740,1.539963,400
1598871617.072271824,1.500193,0.081050,1.581813,400
1598871617.105309248,1.648114,0.080720,1.729354,400
1598871617.138225317,1.343732,0.080370,1.424602,400
1598871617.179641247,1.478212,0.080521,1.559313,400
1598871617.213341236,1.622534,0.084751,1.708085,400
1598871617.237346172,1.135210,0.079961,1.215481,400
1598871617.272193670,1.526983,0.080791,1.608324,400
1598871617.305821657,1.353772,0.080951,1.435023,400
1598871617.338633060,1.337562,0.084290,1.422622,400
1598871617.370918751,1.466162,0.080601,1.547313,400
1598871617.408892870,1.530893,0.081030,1.612533,400
1598871617.439100504,1.388482,0.081911,1.470933,400
1598871617.470528841,1.395602,0.081171,1.477343,400
1598871617.504827976,1.594594,0.079060,1.674134,400
1598871617.537664890,1.162510,0.081841,1.245091,400
1598871617.571384668,1.494773,0.079271,1.574584,400
1598871617.606733799,1.626124,0.082961,1.709615,400
1598871617.638704777,1.265381,0.079371,1.345262,400
1598871617.672475338,1.498693,0.079150,1.578393,400
1598871617.705800056,1.341911,0.077841,1.420022,400
1598871617.740192890,1.236000,0.086751,1.323531,400
1598871617.772062540,1.618304,0.079831,1.698685,400
1598871617.806925774,1.481823,0.081121,1.563464,400
1598871617.839716434,1.137990,0.080211,1.218481,400
1598871617.872714281,1.449023,0.079530,1.529073,400
1598871617.905284643,1.554063,0.078881,1.633444,400
1598871617.938116074,1.121930,0.080631,1.202871,400
1598871617.972748518,1.506182,0.087201,1.594403,400
1598871618.006884813,1.603734,0.088911,1.693605,400
1598871618.039121389,1.139820,0.082410,1.222930,400
1598871618.072587252,1.578413,0.094771,1.674244,400
1598871618.107543945,1.403032,0.088981,1.492573,400
1598871618.138671637,1.326202,0.083720,1.410422,400
1598871618.172357082,1.589663,0.083211,1.673344,400
1598871618.205247402,1.575793,0.086551,1.663164,400
1598871618.237904549,1.250361,0.088461,1.339612,400
1598871618.272505045,1.396972,0.081891,1.479493,400
1598871618.306125879,1.573393,0.083461,1.657354,400
1598871618.339033127,1.113069,0.080021,1.193430,400
1598871618.373077393,1.464623,0.081780,1.546973,400
1598871618.408510685,1.452972,0.083191,1.536663,400
1598871618.438815832,1.212520,0.080241,1.293211,400
1598871618.472038269,1.472813,0.078790,1.552093,400
1598871618.507708073,1.374982,0.083370,1.459002,400
1598871618.538915157,1.147089,0.079671,1.227020,400
1598871618.573241234,1.660054,0.080701,1.741245,400
1598871618.607096434,1.443063,0.093840,1.537943,400
1598871618.638502598,1.126519,0.088111,1.214960,400
1598871618.673913002,1.402502,0.092880,1.496823,400
1598871618.706678629,1.808866,0.093360,1.903216,400
1598871618.740505695,1.205580,0.085281,1.291271,400
1598871618.771850824,1.433542,0.095991,1.530353,400
1598871618.806376457,1.859836,0.087131,1.947687,400
1598871618.839446545,1.389892,0.081700,1.471972,400
1598871618.873116016,1.901636,0.086891,1.989017,400
1598871618.906716108,1.994607,0.088861,2.084248,400
1598871618.939164400,1.659574,0.086061,1.745955,400
1598871618.973896742,1.890857,0.081550,1.972897,400
1598871619.006047010,1.435342,0.083891,1.519993,400
1598871619.038918495,1.135710,0.082991,1.219081,400
1598871619.072638750,1.489913,0.080181,1.570614,400
1598871619.109609127,1.522963,0.081970,1.605643,400
1598871619.142205238,1.118339,0.079711,1.198360,400
1598871619.176838875,1.443382,0.084871,1.529003,400
1598871619.206093788,1.581323,0.081281,1.663524,400
1598871619.238523960,1.271931,0.082760,1.355451,400
1598871619.277428389,1.428122,0.083161,1.511843,400
1598871619.306432724,1.322941,0.080911,1.404122,400
1598871619.338852644,1.256200,0.092781,1.350101,400
1598871619.440256357,1.309471,0.102341,1.412462,400
1598871619.473719358,1.556893,0.087041,1.644434,400
1598871619.506433725,2.078388,0.105701,2.185189,400
1598871619.539539337,1.457872,0.096121,1.555073,400
1598871619.571934462,1.426712,0.092901,1.520613,400
1598871619.606637239,1.384492,0.086531,1.471363,400
1598871619.639633894,1.236381,0.090841,1.328032,400
1598871619.674454689,1.430252,0.087831,1.518703,400
1598871619.706508160,1.631154,0.083921,1.715575,400
1598871619.739376783,1.130780,0.080721,1.211851,400
1598871619.773328781,1.389952,0.082001,1.472673,400
1598871619.811608553,1.492683,0.084090,1.577363,400
1598871619.839257956,1.123039,0.080251,1.203710,400
1598871619.873471260,1.505752,0.084861,1.591333,400
1598871619.905833006,1.483683,0.093421,1.577634,400
1598871619.938610077,1.124369,0.079731,1.204470,400
1598871619.973170042,1.406972,0.080831,1.488503,400
1598871620.006179094,1.403582,0.087750,1.491912,400
1598871620.039540291,1.161510,0.080920,1.242720,400
1598871620.072507143,1.419863,0.083480,1.504253,400
1598871620.105393410,1.595554,0.082121,1.678135,400
1598871620.140249491,1.135560,0.081420,1.217280,400
1598871620.174489260,1.582194,0.082410,1.665354,400
1598871620.207242727,1.385672,0.080761,1.466953,400
1598871620.239549637,1.133480,0.079680,1.213460,400
1598871620.273558140,1.503463,0.082900,1.587083,400
1598871620.307642221,1.528323,0.081751,1.610754,400
1598871620.340058565,1.122879,0.079511,1.202680,400
1598871620.374970198,1.396572,0.083390,1.480752,400
1598871620.406120777,1.468032,0.082461,1.551053,400
1598871620.440343142,1.132390,0.079551,1.212261,400
1598871620.475252390,1.422602,0.082220,1.505682,400
1598871620.507238865,1.447633,0.081801,1.529914,400
1598871620.541373968,1.127760,0.080940,1.208990,400
1598871620.574674845,1.723505,0.091071,1.815616,400
1598871620.607298613,1.566854,0.088590,1.656264,400
1598871620.640528917,1.262131,0.085111,1.348052,400
1598871620.673659325,1.497232,0.082501,1.580303,400
1598871620.707002878,1.419942,0.080371,1.500783,400
1598871620.740389585,1.144220,0.081781,1.226261,400
1598871620.773362160,1.397422,0.084911,1.483183,400
1598871620.807517052,1.512323,0.085160,1.598253,400
1598871620.841536522,1.305141,0.082351,1.388192,400
1598871620.874626160,1.311072,0.079900,1.391252,400
1598871620.906948566,1.564183,0.083291,1.648114,400
1598871620.940969706,1.134470,0.091761,1.226551,400
1598871620.974890709,1.495453,0.087440,1.583813,400
1598871621.006842852,1.654745,0.083580,1.739225,400
1598871621.040871382,1.271710,0.082961,1.355461,400
1598871621.075234652,1.464472,0.083691,1.548763,400
1598871621.107513905,1.338162,0.078840,1.417442,400
1598871621.140962601,1.212331,0.082590,1.295661,400
1598871621.173599005,1.396542,0.080600,1.477932,400
1598871621.208007574,1.455812,0.082851,1.539183,400
1598871621.240743160,1.134430,0.078401,1.213141,400
1598871621.274171829,1.391982,0.085960,1.478772,400
1598871621.309307337,1.502693,0.085301,1.588464,400
1598871621.340356827,1.218431,0.082130,1.301321,400
1598871621.374338150,1.433542,0.082251,1.516663,400
1598871621.405982018,1.326542,0.079940,1.406762,400
1598871621.439985752,1.239991,0.084691,1.325482,400
1598871621.473949432,1.403712,0.081161,1.485463,400
1598871621.508035421,1.415022,0.082231,1.497753,400
1598871621.539768696,1.119600,0.081951,1.201811,400
1598871621.574331760,1.524423,0.084651,1.609834,400
1598871621.606744051,1.441352,0.082391,1.524333,400
1598871621.640424013,1.307781,0.090111,1.398702,400
1598871621.674426317,1.402863,0.083470,1.486973,400
1598871621.706860304,1.493623,0.081231,1.575354,400
1598871621.739763737,1.249700,0.083911,1.334341,400
1598871621.774012566,1.412132,0.083181,1.496103,400
1598871621.806304216,1.310502,0.079520,1.390302,400
1598871621.839778900,1.214850,0.083981,1.299592,400
1598871621.872896194,1.322571,0.078801,1.401642,400
1598871621.907701254,1.438882,0.080281,1.519613,400
1598871621.940299988,1.140890,0.080871,1.222041,400
1598871621.973514795,1.521103,0.091351,1.613274,400
1598871622.006885529,1.433172,0.084591,1.518593,400
1598871622.039527655,1.125230,0.080121,1.205661,400
1598871622.074692249,1.380442,0.083071,1.464393,400
1598871622.107223749,1.471792,0.083371,1.555663,400
1598871622.140602589,1.122600,0.079591,1.202501,400
1598871622.174585104,1.415932,0.084921,1.501673,400
1598871622.209012270,1.435133,0.082950,1.518613,400
1598871622.241237640,1.240780,0.083261,1.324491,400
1598871622.274282217,1.458803,0.080710,1.540243,400
1598871622.309081078,1.582474,0.082880,1.665904,400
1598871622.341665983,1.120649,0.079321,1.200280,400
1598871622.374197960,1.570313,0.082891,1.653974,400
1598871622.407854795,1.487123,0.083901,1.571744,400
1598871622.441399574,1.324401,0.082001,1.407212,400
1598871622.478994608,1.384372,0.083051,1.468053,400
1598871622.506778240,1.317282,0.078160,1.395752,400
1598871622.540951729,1.319641,0.082161,1.402262,400
1598871622.573770285,1.427542,0.083501,1.511833,400
1598871622.607570648,1.590544,0.082590,1.673884,400
1598871622.641666174,1.135289,0.086931,1.222580,400
1598871622.674726486,1.541313,0.086481,1.628854,400
1598871622.707211256,1.593354,0.086021,1.680265,400
1598871622.740377903,1.273381,0.082321,1.356462,400
1598871622.773288488,1.305101,0.082651,1.388052,400
1598871622.807141781,1.479422,0.094241,1.574653,400
1598871622.846436501,1.346462,0.090631,1.437773,400
1598871622.879134178,1.314731,0.083221,1.398232,400
1598871622.909795761,1.495423,0.084140,1.580053,400
1598871622.941734314,1.127159,0.080781,1.208230,400
1598871622.975312948,1.390682,0.081831,1.473023,400
1598871623.009264946,1.573043,0.083551,1.657094,400
1598871623.041650295,1.319242,0.081360,1.401202,400
1598871623.074938774,1.481252,0.081701,1.563423,400
1598871623.107508898,1.640404,0.083161,1.724445,400
1598871623.140978813,1.126810,0.080100,1.207190,400
1598871623.174345732,1.432392,0.084551,1.517533,400
1598871623.207587957,1.411922,0.093060,1.506003,400
1598871623.242485523,1.337911,0.085541,1.424072,400
1598871623.274207830,1.436763,0.093800,1.531353,400
1598871623.308655977,1.510443,0.084821,1.596004,400
1598871623.341376781,1.356812,0.081871,1.439163,400
1598871623.374905825,1.361102,0.082720,1.444582,400
1598871623.408822060,1.494113,0.095820,1.591043,400
1598871623.441796303,1.221661,0.089330,1.311561,400
1598871623.474119425,1.436632,0.086481,1.523893,400
1598871623.509282589,1.500503,0.083581,1.584574,400
1598871623.541552305,1.229871,0.081560,1.311931,400
1598871623.575542688,1.534053,0.080721,1.615304,400
1598871623.609251738,1.442192,0.087131,1.529763,400
1598871623.642159224,1.309631,0.080471,1.390572,400
1598871623.675652981,1.544363,0.083540,1.628383,400
1598871623.707406521,1.502342,0.080341,1.583223,400
1598871623.742181063,1.298591,0.080541,1.379732,400
1598871623.776031494,1.359821,0.083121,1.443482,400
1598871623.808593512,1.658474,0.080841,1.740065,400
1598871623.842169523,1.394943,0.080180,1.475573,400
1598871623.876655102,1.854616,0.103131,1.958347,400
1598871623.908378363,2.019207,0.099631,2.119958,400
1598871623.943035126,1.335772,0.089921,1.426273,400
1598871623.975090027,1.481043,0.090461,1.572424,400
1598871624.008387566,1.540464,0.087680,1.629004,400
1598871624.042881250,1.115959,0.086481,1.202790,400
1598871624.074947357,1.468133,0.087371,1.556424,400
1598871624.108225346,1.414382,0.087301,1.502453,400
1598871624.141713142,1.215031,0.082400,1.297971,400
1598871624.176852703,1.344491,0.085101,1.430392,400
1598871624.208930492,1.360912,0.080321,1.441513,400
1598871624.242751598,1.211201,0.083850,1.295841,400
1598871624.275514126,1.319171,0.082181,1.401772,400
1598871624.314570665,1.536173,0.086081,1.622894,400
1598871624.343154669,1.211200,0.084671,1.296411,400
1598871624.375181437,1.625954,0.082041,1.708385,400
1598871624.409048796,1.397872,0.088770,1.487472,400
1598871624.441573143,1.108060,0.081481,1.190231,400
1598871624.476032257,1.430582,0.084961,1.516323,400
1598871624.511426687,1.394832,0.081381,1.476763,400
1598871624.542603016,1.302061,0.082030,1.384591,400
1598871624.577198744,1.498143,0.087800,1.586713,400
1598871624.609181881,1.455943,0.080780,1.537243,400
1598871624.643358469,1.281161,0.089181,1.371052,400
1598871624.674801111,1.330062,0.085270,1.415802,400
1598871624.707838774,1.440603,0.083000,1.524253,400
1598871624.741197109,1.148750,0.086080,1.235370,400
1598871624.774973154,1.338161,0.082761,1.421402,400
1598871624.808817148,1.542633,0.084451,1.627824,400
1598871624.842081070,1.248221,0.084041,1.333092,400
1598871624.875356674,1.495203,0.082531,1.578184,400
1598871624.912672758,1.317631,0.079161,1.397062,400
1598871624.942253113,1.202800,0.080340,1.283610,400
1598871624.980324507,1.517263,0.091801,1.609924,400
1598871625.010193110,1.446962,0.083141,1.531003,400
1598871625.043097734,1.121180,0.080481,1.201931,400
1598871625.075002909,1.487793,0.082940,1.571483,400
1598871625.108058929,1.489152,0.085701,1.575403,400
1598871625.141777515,1.303881,0.080640,1.385091,400
1598871625.174486637,1.488212,0.081631,1.570653,400
1598871625.208596706,1.504943,0.084871,1.590624,400
1598871625.242439985,1.260240,0.081251,1.342021,400
1598871625.276318550,1.395902,0.084711,1.481333,400
1598871625.310345888,1.333151,0.082901,1.416362,400
1598871625.343341351,1.326421,0.081141,1.408072,400
1598871625.377553940,1.492302,0.083511,1.576573,400
1598871625.411114454,1.517493,0.080621,1.598984,400
1598871625.443420172,1.293931,0.083141,1.377742,400
1598871625.478852272,1.397862,0.088101,1.486803,400
1598871625.509683132,1.582034,0.082070,1.664764,400
1598871625.543207645,1.312471,0.080531,1.393552,400
1598871625.576492071,1.416002,0.083920,1.500692,400
1598871625.612301826,1.531054,0.084670,1.617014,400
1598871625.643850088,1.225761,0.082840,1.309361,400
1598871625.676561832,1.447043,0.086160,1.534003,400
1598871625.709128857,1.500283,0.090491,1.591324,400
1598871625.743116140,1.141979,0.082191,1.224710,400
1598871625.777036667,1.500353,0.083941,1.585074,400
1598871625.809999466,1.403732,0.082261,1.486653,400
1598871625.843669415,1.433202,0.083441,1.517493,400
1598871625.875627756,1.393962,0.082031,1.476763,400
1598871625.910461187,1.462032,0.084611,1.547203,400
1598871625.946564436,1.153340,0.080901,1.234561,400
1598871625.978420734,1.390602,0.087471,1.478973,400
1598871626.011620760,1.501163,0.088501,1.590644,400
1598871626.043184757,1.135840,0.082281,1.218461,400
1598871626.075592279,1.449503,0.085490,1.535743,400
1598871626.110267401,1.610084,0.081880,1.692634,400
1598871626.142646551,1.287901,0.081921,1.370322,400
1598871626.176669598,1.566453,0.082151,1.649354,400
1598871626.209516764,1.404432,0.083761,1.488763,400
1598871626.243370295,1.267711,0.082801,1.350972,400
1598871626.277243137,1.586443,0.087061,1.674244,400
1598871626.310995817,1.694865,0.081931,1.777356,400
1598871626.343873262,1.257241,0.079511,1.337222,400
1598871626.377256870,1.440302,0.083961,1.524973,400
1598871626.409394979,1.355542,0.079841,1.435673,400
1598871626.443563700,1.338272,0.082021,1.420963,400
1598871626.477497816,1.299241,0.080881,1.380382,400
1598871626.509829044,1.538243,0.082261,1.621214,400
1598871626.543561459,1.280111,0.079770,1.360441,400
1598871626.576856136,1.400912,0.082040,1.483382,400
1598871626.611339808,1.424552,0.085541,1.511003,400
1598871626.643246412,1.293481,0.086291,1.380642,400
1598871626.676333666,1.459273,0.083330,1.543333,400
1598871626.709427357,1.421722,0.082651,1.504883,400
1598871626.742969275,1.151520,0.079751,1.231711,400
1598871626.776401043,1.381522,0.094420,1.476992,400
1598871626.809458256,1.463853,0.086970,1.551513,400
1598871626.842458487,1.124919,0.082161,1.207390,400
1598871626.877644062,1.431962,0.089311,1.521933,400
1598871626.910208702,1.328532,0.083430,1.412242,400
1598871626.943114042,1.246890,0.082801,1.330271,400
1598871626.977658033,1.430762,0.084291,1.515763,400
1598871627.010667086,1.444513,0.081900,1.527283,400
1598871627.044042826,1.260011,0.084250,1.344761,400
1598871627.077150822,1.508873,0.087361,1.596874,400
1598871627.109591722,1.446142,0.083081,1.529953,400
1598871627.144582987,1.378132,0.084390,1.462982,400
1598871627.177525997,1.383132,0.081960,1.465802,400
1598871627.210937977,1.315141,0.080051,1.395472,400
1598871627.244300842,1.347562,0.086350,1.434672,400
1598871627.277270794,1.408162,0.083050,1.491872,400
1598871627.310152531,1.490452,0.084751,1.575843,400
1598871627.343805790,1.212530,0.087341,1.300581,400
1598871627.377382755,1.423793,0.085530,1.509823,400
1598871627.410989285,1.333431,0.081681,1.415852,400
1598871627.443954706,1.189770,0.081660,1.271920,400
1598871627.477375746,1.439173,0.093921,1.533584,400
1598871627.510366440,1.376332,0.082781,1.459853,400
1598871627.542835474,1.145840,0.082790,1.228980,400
1598871627.576326132,1.309501,0.090421,1.400422,400
1598871627.609688282,1.393232,0.087890,1.481852,400
1598871627.644437075,1.456483,0.092071,1.549354,400
1598871627.678409576,1.364172,0.083251,1.448133,400
1598871627.710848093,1.242030,0.086001,1.328301,400
1598871627.744054317,1.276031,0.082261,1.358772,400
1598871627.776922941,1.401112,0.081941,1.483763,400
1598871627.811062336,1.493543,0.086410,1.580763,400
1598871627.844717741,1.434932,0.092881,1.528103,400
1598871627.878672361,1.650144,0.092171,1.743125,400
1598871627.913383722,1.461073,0.097080,1.559033,400
1598871627.948324442,1.350751,0.096081,1.447952,400
1598871627.977018833,1.180670,0.086100,1.267120,400
1598871628.012389183,1.315081,0.092751,1.408772,400
1598871628.048366785,1.487593,0.096991,1.585444,400
1598871628.079106808,1.309121,0.091751,1.401782,400
1598871628.115919113,1.130550,0.087551,1.218441,400
1598871628.145149946,1.274091,0.082590,1.357231,400
1598871628.151027203,1.191740,0.080941,1.273221,400
1598871628.177963018,1.202650,0.088701,1.292291,400
1598871628.210642338,1.445113,0.085860,1.531583,400
1598871628.243668318,1.138019,0.081711,1.219990,400
1598871628.277296305,1.376582,0.090081,1.467453,400
1598871628.310428619,1.258581,0.082500,1.341571,400
1598871628.343999624,1.252731,0.083270,1.336521,400
1598871628.377818584,1.430872,0.085081,1.516733,400
1598871628.410734653,1.239331,0.082481,1.322522,400
1598871628.444402218,1.371341,0.080341,1.452132,400
1598871628.477850199,1.261511,0.085831,1.348072,400
1598871628.510751486,1.274831,0.081740,1.357161,400
1598871628.543919563,1.366211,0.094761,1.461582,400
1598871628.577739954,1.275051,0.090611,1.366462,400
1598871628.611991644,1.192930,0.082551,1.275761,400
1598871628.645241261,1.197730,0.088261,1.286841,400
1598871628.679017305,1.268301,0.085071,1.354112,400
1598871628.712513208,1.322252,0.082450,1.405442,400
1598871628.745109081,1.255580,0.081261,1.337351,400
1598871628.777192354,1.316602,0.091241,1.408493,400
1598871628.811217546,1.255671,0.084211,1.340622,400
1598871628.846364975,1.346931,0.085531,1.433192,400
1598871628.880493402,1.146570,0.080701,1.227551,400
1598871628.913412333,1.212171,0.085951,1.298852,400
1598871628.945291519,1.123800,0.081830,1.205980,400
1598871628.977470875,1.244301,0.085571,1.330662,400
1598871629.013010502,1.304371,0.087171,1.392292,400
1598871629.045835972,1.310331,0.090041,1.401322,400
1598871629.079764366,1.136179,0.085821,1.222470,400
1598871629.110557556,1.336412,0.086011,1.423263,400
1598871629.146301508,1.235600,0.085871,1.322011,400
1598871629.180069447,1.127869,0.081331,1.209470,400
1598871629.211916924,1.193380,0.086371,1.280461,400
1598871629.244542599,1.294822,0.082000,1.377552,400
1598871629.278213263,1.290971,0.085351,1.377002,400
1598871629.311335564,1.157440,0.080111,1.237831,400
1598871629.344676018,1.340161,0.084931,1.425612,400
1598871629.378511429,1.222631,0.084721,1.307892,400
1598871629.411853075,1.235850,0.083361,1.319911,400
1598871629.445481539,1.168200,0.080911,1.249621,400
1598871629.479929447,1.308431,0.087641,1.396572,400
1598871629.511686087,1.335292,0.088371,1.424423,400
1598871629.544908285,1.305011,0.084191,1.389702,400
1598871629.578562021,1.380941,0.088021,1.469482,400
1598871629.612455368,1.275391,0.086751,1.362782,400
1598871629.644847870,1.231861,0.083731,1.316272,400
1598871629.677911043,1.485413,0.088451,1.574644,400
1598871629.712327957,1.289331,0.085511,1.375522,400
1598871629.744461060,1.392472,0.083311,1.476293,400
1598871629.779757977,1.257111,0.088130,1.345741,400
1598871629.812076330,1.229710,0.083051,1.313531,400
1598871629.846187830,1.201640,0.084211,1.286381,400
1598871629.879389524,1.300151,0.081481,1.382082,400
1598871629.912837982,1.386982,0.083221,1.470993,400
1598871629.946088791,1.254721,0.084280,1.339481,400
1598871629.978145599,1.343231,0.082561,1.426332,400
1598871630.011907101,1.206331,0.085430,1.292491,400
1598871630.045579910,1.335342,0.090351,1.426763,400
1598871630.077929974,1.436083,0.084340,1.520943,400
1598871630.111572981,1.257701,0.083771,1.342192,400
1598871630.145041466,1.392322,0.081470,1.474492,400
1598871630.178309917,1.230130,0.084441,1.315121,400
1598871630.212428331,1.232920,0.086771,1.320441,400
1598871630.245393515,1.396772,0.087970,1.485442,400
1598871630.278237581,1.317612,0.081570,1.399682,400
1598871630.312932968,1.241750,0.088521,1.331081,400
1598871630.345548153,1.204181,0.085570,1.290161,400
1598871630.378755331,1.117549,0.080221,1.198030,400
1598871630.412817717,1.553444,0.085140,1.639364,400
1598871630.445146322,1.256421,0.087521,1.344852,400
1598871630.478560448,1.453933,0.084271,1.538764,400
1598871630.512390375,1.251200,0.084891,1.336861,400
1598871630.545909166,1.356812,0.082770,1.440132,400
1598871630.578607082,1.228510,0.086161,1.315421,400
1598871630.612323284,1.318422,0.085041,1.404743,400
1598871630.645949841,1.138890,0.084621,1.223911,400
1598871630.678937674,1.275690,0.085921,1.362441,400
1598871630.711385489,1.301351,0.086031,1.388522,400
1598871630.746095896,1.142260,0.083101,1.225711,400
1598871630.779780865,1.262781,0.089200,1.352701,400
1598871630.818373680,1.434762,0.087961,1.523453,400
1598871630.846264601,1.253581,0.082851,1.336892,400
1598871630.880617619,1.131570,0.079431,1.211271,400
1598871630.912782431,1.223371,0.089031,1.313152,400
1598871630.945328236,1.298471,0.082840,1.381871,400
1598871630.979513645,1.224521,0.081711,1.306742,400
1598871631.012859583,1.271171,0.088571,1.360462,400
1598871631.045687199,1.337362,0.085470,1.423472,400
1598871631.079497337,1.252980,0.083371,1.336841,400
1598871631.112665415,1.288651,0.082921,1.372312,400
1598871631.145079136,1.190290,0.083410,1.274280,400
1598871631.179229736,1.270861,0.082291,1.353622,400
1598871631.212236404,1.327451,0.088091,1.416322,400
1598871631.245366096,1.253540,0.084261,1.338601,400
1598871631.279647112,1.312752,0.081810,1.395072,400
1598871631.313132763,1.244061,0.083020,1.327831,400
1598871631.345642805,1.287741,0.085000,1.373281,400
1598871631.378813028,1.287941,0.084361,1.372872,400
1598871631.413058281,1.245310,0.084551,1.330571,400
1598871631.446390629,1.461563,0.083810,1.546163,400
1598871631.479218721,1.329801,0.085741,1.416022,400
1598871631.512842417,1.294641,0.086560,1.381951,400
1598871631.545603514,1.381122,0.086741,1.468613,400
1598871631.579372168,1.268091,0.081271,1.349902,400
1598871631.613225698,1.329231,0.084321,1.414322,400
1598871631.647500992,1.238410,0.082851,1.322081,400
1598871631.679982901,1.404912,0.083210,1.488962,400
1598871631.713022947,1.275361,0.085221,1.361312,400
1598871631.745515108,1.322011,0.081871,1.404322,400
1598871631.778680325,1.136270,0.083911,1.220441,400
1598871631.812742472,1.264011,0.087941,1.352682,400
1598871631.846982241,1.380741,0.082921,1.464272,400
1598871631.880174875,1.163231,0.083770,1.247801,400
1598871631.915314198,1.275011,0.086551,1.362282,400
1598871631.946359396,1.416682,0.084391,1.501543,400
1598871631.979201317,1.306251,0.081660,1.388671,400
1598871632.012297869,1.393681,0.084681,1.479203,400
1598871632.047226191,1.209901,0.086651,1.297272,400
1598871632.079740047,1.130150,0.081610,1.212040,400
1598871632.113591433,1.384961,0.092041,1.477722,400
1598871632.145975828,1.317811,0.081991,1.400462,400
1598871632.179477453,1.420712,0.085071,1.506313,400
1598871632.212878942,1.210381,0.086760,1.297851,400
1598871632.246339083,1.364722,0.082350,1.447702,400
1598871632.280504942,1.270811,0.081351,1.352662,400
1598871632.313935518,1.366781,0.085021,1.452592,400
1598871632.347613811,1.428973,0.083500,1.512963,400
1598871632.380032778,1.272921,0.082611,1.356082,400
1598871632.412427902,1.455983,0.084481,1.541574,400
1598871632.445907831,1.273731,0.085501,1.359992,400
1598871632.480635643,1.383702,0.082821,1.467093,400
1598871632.513195038,1.340172,0.130361,1.471713,400
1598871632.545919657,1.535983,0.140371,1.679134,400
1598871632.579763651,1.502063,0.096730,1.599353,400
1598871632.619102716,1.371312,0.092751,1.466213,400
1598871632.649277925,1.174630,0.091461,1.267361,400
1598871632.681500673,1.378862,0.110021,1.489843,400
1598871632.715166092,1.336741,0.091631,1.429372,400
1598871632.746741772,1.396482,0.085441,1.482413,400
1598871632.782977819,1.545733,0.095781,1.641864,400
1598871632.815227270,1.692855,0.095780,1.789485,400
1598871632.846771002,1.272241,0.088881,1.361972,400
1598871632.879910469,1.309231,0.091591,1.401412,400
1598871632.913980961,1.470792,0.086561,1.558213,400
1598871632.947115660,1.242241,0.087990,1.330711,400
1598871632.980648041,1.435762,0.090031,1.526573,400
1598871633.019619226,1.379251,0.085481,1.465562,400
1598871633.047301292,1.420442,0.144721,1.565923,400
1598871633.081417322,1.490963,0.090300,1.582003,400
1598871633.114689827,1.411362,0.086061,1.497973,400
1598871633.148346424,1.308141,0.087551,1.396192,400
1598871633.181580067,1.400132,0.086090,1.486752,400
1598871633.214153767,1.454562,0.084731,1.539833,400
1598871633.246694326,1.151350,0.082910,1.234580,400
1598871633.280986309,1.395012,0.086641,1.482203,400
1598871633.314326763,1.515883,0.082650,1.599013,400
1598871633.346994162,1.244721,0.095801,1.341662,400
1598871633.380296230,1.415802,0.089500,1.505853,400
1598871633.413817406,1.389081,0.088031,1.477682,400
1598871633.447548866,1.249441,0.088810,1.338821,400
1598871633.481528997,1.516573,0.085340,1.602423,400
1598871633.514619350,1.446242,0.084561,1.531263,400
1598871633.547620535,1.250951,0.084201,1.335582,400
1598871633.581012011,1.409362,0.085831,1.495713,400
1598871633.613718748,1.334612,0.088530,1.423392,400
1598871633.646418333,1.351351,0.089811,1.441722,400
1598871633.681401491,1.392032,0.086910,1.479362,400
1598871633.714322329,1.601164,0.082801,1.684555,400
1598871633.748428822,1.249161,0.083701,1.333452,400
1598871633.781782150,1.467172,0.086191,1.553843,400
1598871633.815804243,1.475362,0.084521,1.560363,400
1598871633.847759724,1.285121,0.082231,1.367952,400
1598871633.887604237,1.579033,0.084671,1.664164,400
1598871633.913030863,1.479592,0.081251,1.561363,400
1598871633.949033260,1.441803,0.100911,1.542964,400
1598871633.980844736,1.439732,0.117801,1.558653,400
1598871634.015058041,1.521893,0.095971,1.618924,400
1598871634.046698332,1.459422,0.095971,1.555943,400
1598871634.080855370,1.427832,0.091721,1.520563,400
1598871634.114871502,1.552633,0.088461,1.641844,400
1598871634.147483349,1.304861,0.086551,1.391932,400
1598871634.182016373,1.556354,0.096541,1.654095,400
1598871634.214098692,1.445373,0.096341,1.542734,400
1598871634.247249603,1.417482,0.143172,1.561194,400
1598871634.280341625,1.488683,0.097941,1.587684,400
1598871634.313491583,1.455092,0.089751,1.545333,400
1598871634.347419024,1.286651,0.172652,1.460593,400
1598871634.381263256,1.595374,0.170061,1.768015,400
1598871634.414268255,1.544944,0.201321,1.749125,400
1598871634.447934389,1.439072,0.124441,1.564803,400
1598871634.480480909,1.432242,0.110281,1.544183,400
1598871634.514353275,1.625475,0.111111,1.738196,400
1598871634.547651529,1.380782,0.100951,1.482823,400
1598871634.581778288,1.430642,0.104041,1.535483,400
1598871634.615704298,1.634594,0.098461,1.734035,400
1598871634.647798300,1.290891,0.099001,1.390602,400
1598871634.681195259,1.550763,0.100961,1.652294,400
1598871634.714013338,1.533164,0.134781,1.671075,400
1598871634.750702143,1.376012,0.126611,1.503783,400
1598871634.780302048,1.572963,0.121342,1.695655,400
1598871634.814711571,1.377342,0.096140,1.473942,400
1598871634.848305225,1.711865,0.194221,1.911516,400
1598871634.881167650,1.647884,0.140911,1.790395,400
1598871634.914698362,1.564203,0.118451,1.683294,400
1598871634.948294640,1.701615,0.215982,1.921157,400
1598871634.981803656,1.639944,0.219002,1.862806,400
1598871635.015489340,1.729384,0.196672,1.929256,400
1598871635.048789978,2.486862,0.198411,2.688103,396
1598871635.082294703,2.780884,0.224132,3.008406,398
1598871635.114640474,3.298488,0.162421,3.462279,398
1598871635.150233746,3.350659,0.267912,3.622961,398
1598871635.182572126,4.324957,0.208772,4.537139,398
1598871635.215563059,1.664425,0.173181,1.841266,400
1598871635.249661922,1.523873,2.329451,3.857034,400
1598871635.281785488,1.546764,4.056115,5.606119,400
1598871635.316714764,1.871637,3.657461,5.533988,400
1598871635.348932028,1.581014,3.643621,5.227815,400
1598871635.382031202,1.847096,3.917114,5.766660,400
1598871635.415592909,1.679514,4.011274,5.693938,400
1598871635.449532986,1.655594,3.609861,5.268565,400
1598871635.483935356,4.346938,3.262468,7.611486,398
1598871635.515781403,1.639364,3.592351,5.234735,400
1598871635.548774958,2.025437,3.676272,5.705019,400
1598871635.580832005,2.071078,3.803043,5.879861,400
1598871635.615735769,1.976007,3.809013,5.788840,400
1598871635.651424646,1.632224,4.142536,5.778500,400
1598871635.682399273,1.554063,3.695312,5.252105,400
1598871635.714715004,1.594054,3.572630,5.167874,400
1598871635.749192953,1.473343,3.509150,4.984323,400
1598871635.782476902,1.634924,3.400399,5.036993,400
1598871635.815313816,1.571074,3.509670,5.082704,400
1598871635.849743366,1.637544,0.120761,1.761145,400
1598871635.883275986,1.528333,0.108471,1.639734,400
1598871635.916329145,1.653804,3.702012,5.357406,400
1598871635.948820829,2.375690,3.984334,6.363374,398
1598871635.981650114,2.424201,3.977614,6.404585,398
1598871636.014978647,1.526993,3.758202,5.288605,400
1598871636.048750162,1.446042,3.407220,4.856462,400
1598871636.082815647,1.614215,3.380298,4.998493,400
1598871636.115599871,1.941537,3.270908,5.215315,400
1598871636.150712013,1.842085,3.053017,4.897642,400
1598871636.182165623,1.594343,0.143222,1.741245,400
1598871636.216436386,1.510673,0.124671,1.636334,400
1598871636.249101400,1.486743,0.131571,1.619624,400
1598871636.282125711,1.465712,0.141281,1.609423,400
1598871636.315288305,1.392011,0.129842,1.523023,400
1598871636.348946810,1.332801,0.168172,1.502973,400
1598871636.382001638,1.691955,0.165251,1.859976,400
1598871636.415504694,1.493553,0.140831,1.638624,400
1598871636.448938370,1.442962,0.142281,1.588153,400
1598871636.483073235,1.528223,0.158201,1.688454,400
1598871636.516727209,1.447282,0.121851,1.570583,400
1598871636.549236536,1.256741,0.135221,1.395062,400
1598871636.582473993,1.292631,0.080821,1.374332,400
1598871636.616795063,1.348022,0.074590,1.423052,400
1598871636.651200056,1.472332,0.083871,1.557453,400
1598871636.683118582,1.498943,0.138682,1.639545,400
1598871636.715055227,1.575794,0.155841,1.733475,400
1598871636.748570204,1.460473,0.178541,1.641494,400
1598871636.784277439,1.908177,0.135931,2.047088,400
1598871636.817651987,1.833665,0.144652,1.980337,400
1598871636.851811647,1.693535,0.140441,1.836236,400
1598871636.882095814,1.810236,0.136681,1.949177,400
1598871636.916707516,1.774655,0.135881,1.913166,400
1598871636.950785160,1.688164,0.133351,1.822925,400
1598871636.984362602,1.723564,0.139722,1.865996,400
1598871637.017140150,1.819796,0.140501,1.963967,400
1598871637.051222086,1.548684,0.155201,1.704615,400
1598871637.084725142,1.434692,0.128551,1.566853,400
1598871637.118573904,1.489142,0.159532,1.650114,400
1598871637.152022362,1.385292,0.128851,1.517643,400
1598871637.185393810,1.461293,0.165222,1.628925,400
1598871637.220031500,1.878896,0.147291,2.030667,400
1598871637.253848314,1.818215,0.102471,1.921686,400
1598871637.286128998,1.940297,0.137481,2.081718,400
1598871637.320375204,1.880566,0.140971,2.024707,400
1598871637.353718042,2.146468,0.131771,2.281989,400
1598871637.386544466,1.965257,0.135371,2.103528,400
1598871637.422298193,1.965327,0.139751,2.109418,400
1598871637.454159498,1.704004,0.102131,1.806715,400
1598871637.488373518,1.905196,0.135762,2.044978,400
1598871637.522456169,1.998937,0.139041,2.142388,400
1598871637.556391478,1.807856,0.136031,1.946287,400
1598871637.590704679,1.968457,0.135161,2.105638,400
1598871637.622107744,2.032497,0.171542,2.206889,400
1598871637.656625032,1.665395,0.114411,1.780636,400
1598871637.690611601,1.998817,0.169951,2.171198,400
1598871637.723003149,1.817076,0.137371,1.956747,400
1598871637.759136438,1.733805,0.092441,1.826666,400
1598871637.790914536,2.063068,0.161591,2.227489,400
1598871637.823867083,1.879466,0.124621,2.006247,400
1598871637.857765913,1.928927,0.129241,2.061878,400
1598871637.892198324,1.858135,0.130992,1.990987,400
1598871637.924551964,1.895127,0.134741,2.032298,400
1598871637.958985806,1.828986,0.160211,1.991547,400
1598871637.992061377,2.025037,0.144011,2.170768,400
1598871638.026351452,1.959906,0.130951,2.092547,400
1598871638.060064554,1.483903,0.147822,1.634965,400
1598871638.094049454,1.713055,0.145371,1.861506,400
1598871638.127554417,1.537233,0.136612,1.675935,400
1598871638.160517931,1.630214,0.178351,1.813195,400
1598871638.193986654,1.513313,0.110251,1.626364,400
1598871638.234869719,1.188960,0.082911,1.272191,400
1598871638.261390924,1.360522,0.143881,1.506923,400
1598871638.294690609,1.311391,0.135511,1.449822,400
1598871638.328947544,1.242771,0.143861,1.390312,400
1598871638.362304211,1.512503,0.149741,1.666504,400
1598871638.395112276,1.340212,0.126761,1.469553,400
1598871638.428598404,1.388603,0.086610,1.475933,400
1598871638.463031292,1.127619,0.078151,1.206070,400
1598871638.496009111,1.454323,0.072100,1.526853,400
1598871638.530347586,1.340401,0.074691,1.415512,400
1598871638.563707829,1.359411,0.072261,1.432162,400
1598871638.597499847,1.502783,0.071691,1.574884,400
1598871638.631199121,1.375572,0.073550,1.449892,400
1598871638.664358616,1.121619,0.076181,1.198070,400
1598871638.698294640,1.319901,0.071241,1.391642,400
1598871638.731809139,1.311002,0.071710,1.383162,400
1598871638.765252829,1.467972,0.071131,1.539493,400
1598871638.798524857,1.351682,0.071530,1.423612,400
1598871638.842115879,1.499533,0.073420,1.573603,400
1598871638.865338326,1.290881,0.070350,1.361721,400
1598871638.900267601,1.272581,0.071291,1.344282,400
1598871638.935167074,1.428192,0.070681,1.499393,400
1598871638.967710972,1.115270,0.069470,1.185020,400
1598871639.001009703,1.490233,0.072940,1.563543,400
1598871639.034173727,1.343982,0.070061,1.414523,400
1598871639.067331076,1.094579,0.070241,1.165980,400
1598871639.100579977,1.307491,0.072801,1.380812,400
1598871639.134946346,1.368422,0.070480,1.439362,400
1598871639.167172194,1.345901,0.070241,1.416612,400
1598871639.201155424,1.276560,0.071041,1.348041,400
1598871639.234822750,1.375982,0.070401,1.446823,400
1598871639.266463518,1.203460,0.069741,1.273631,400
1598871639.301018238,1.393011,0.070701,1.464142,400
1598871639.339758635,1.498703,0.071451,1.570624,400
1598871639.366223335,1.258631,0.072000,1.331381,400
1598871639.398754358,1.424242,0.072261,1.496993,400
1598871639.433090687,1.436612,0.116441,1.553493,400
1598871639.467454910,2.959686,0.091480,3.051406,392
1598871639.503442049,2.446491,0.092801,2.540362,396
1598871639.533987045,1.278901,0.091551,1.370992,400
1598871639.565522909,1.645924,0.090950,1.737374,400
1598871639.601631403,2.301190,0.215062,2.516752,398
1598871639.633184671,1.429073,0.094871,1.524484,400
1598871639.665560246,1.269881,0.091801,1.362182,400
1598871639.699131250,1.403392,0.097570,1.501532,400
1598871639.732987642,1.380572,0.105371,1.486493,400
1598871639.765561342,1.362172,0.095521,1.458223,400
1598871639.799423933,3.159037,0.128671,3.288258,398
1598871639.833628654,1.706354,4.774601,6.481565,400
1598871639.866727829,1.769016,5.665038,7.434954,400
1598871639.899624109,1.548224,6.081971,7.634875,400
1598871639.933310032,1.547853,6.821499,8.370102,400
1598871639.967133999,1.342681,6.627557,7.970998,400
1598871639.999196768,1.535193,7.481545,9.017758,400
1598871640.038373470,1.392492,9.056797,10.450049,400
1598871640.068435907,3.736672,16.251349,19.988521,396
1598871640.100851297,1.660804,18.692001,20.355215,400
1598871640.136687040,3.641861,25.163556,28.806777,394
1598871640.167968988,1.445822,26.759910,28.206842,400
1598871640.200845003,3.738392,28.514265,32.254007,396
1598871640.238550901,3.618391,26.322746,29.945057,398
1598871640.268478394,3.364339,34.501756,37.867175,398
1598871640.301437855,2.982235,36.214101,39.199286,398
1598871640.333846569,1.531553,33.772030,35.306273,400
1598871640.368649006,3.607281,34.413395,38.022896,398
1598871640.400804996,3.560320,32.449819,36.012489,398
1598871640.434008598,2.874035,33.909661,36.786136,398
1598871640.467362404,1.646645,40.709679,42.358544,400
1598871640.499841928,1.560743,44.955206,46.518899,400
1598871640.534005642,3.610610,55.585397,59.199237,398
1598871640.567497730,1.471713,48.621087,50.096180,400
1598871640.600806475,3.640001,49.559755,53.203056,398
1598871640.633500099,2.914355,52.314329,55.233424,398
1598871640.666902304,2.023137,58.979036,61.005573,400
1598871640.701443911,1.541883,63.346064,64.890587,400
1598871640.733242750,1.765625,67.071625,68.840920,400
1598871640.766111135,1.647434,61.606879,63.258213,400
1598871640.800925732,1.489753,73.878004,75.371567,400
1598871640.834516764,1.394642,83.376625,84.774187,400
1598871640.866776228,1.627054,90.206494,91.837308,400
1598871640.901609898,4.373627,97.025743,101.402620,396
1598871640.968008518,1.587474,97.484296,99.075090,400
1598871641.000833988,3.587671,105.062531,108.654322,398
1598871641.034536362,4.340428,108.060057,112.404175,396
1598871641.067826033,1.573803,107.997686,109.574539,400
1598871641.101001501,4.405228,108.237838,112.646906,398
1598871641.134419441,1.637974,108.037866,109.679240,400
1598871641.167197943,1.406572,107.870156,109.280638,400
1598871641.200001717,1.511022,111.779129,113.293391,400
1598871641.233496904,4.202195,115.030427,119.236482,398
1598871641.268265009,1.603673,127.484964,129.094827,400
1598871641.301168442,4.157536,127.354672,131.516258,398
1598871641.334409714,4.150215,112.158602,116.312447,398
1598871641.368073463,1.454333,108.100477,109.558430,400
1598871641.401020050,3.447840,101.469690,104.920830,398
1598871641.435391665,1.543143,101.328539,102.875042,400
1598871641.467200279,1.403832,107.971166,109.377858,400
1598871641.500195265,1.543113,107.915066,109.461749,400
1598871641.534625769,1.463363,107.511442,108.978755,400
1598871641.567237616,1.518303,107.793304,109.314647,400
1598871641.601660490,1.489212,104.636138,106.128590,400
1598871641.634431124,1.599974,104.794889,106.398303,400
1598871641.671118736,1.476542,108.142488,109.622590,400
1598871641.705249786,1.843106,108.523671,110.369947,400
1598871641.737835407,1.755585,112.297893,114.057358,400
1598871641.769224167,1.562184,120.009899,121.575463,400
1598871641.802373886,1.384412,119.528466,120.916238,400
1598871641.835952759,1.292771,120.201711,121.497292,400
1598871641.871049166,1.466523,116.023805,117.493948,400
1598871641.903252125,1.370652,116.100236,117.474478,400
1598871641.938371181,1.510022,116.045696,117.559528,400
1598871641.970552921,1.442922,115.982605,117.428527,400
1598871642.003888130,1.487523,101.352489,102.843182,400
1598871642.039885283,1.538723,101.285319,102.827102,400
1598871642.071443081,1.560153,101.227139,102.791632,400
1598871642.106088877,1.429993,97.763648,99.197141,400
1598871642.144405842,1.495763,97.883039,99.382132,400
1598871642.174927711,1.426292,97.844719,99.274371,400
1598871642.205896378,1.418292,87.565701,88.987043,400
1598871642.242100477,1.621394,54.495757,56.121491,400
1598871642.273443460,1.425903,49.614045,51.043078,400
1598871642.306688070,1.515463,42.967608,44.486891,400
1598871642.341028929,1.334322,40.698629,42.035861,400
1598871642.375152111,1.657224,40.532067,42.195622,400
1598871642.408622265,1.419522,36.763756,38.186448,400
1598871642.440559149,1.372801,31.208258,32.583469,400
1598871642.474762201,1.271731,27.698788,28.973399,400
1598871642.508360624,1.367462,25.902312,27.271404,400
1598871642.542552471,1.445243,24.615361,26.062004,400
1598871642.575356722,1.202130,22.821356,24.024196,400
1598871642.609501123,1.453223,22.921616,24.375429,400
1598871642.642401218,1.639864,21.548625,23.189529,400
1598871642.676302671,1.374582,20.161773,21.537125,400
1598871642.709594250,1.289761,18.723321,20.013872,400
1598871642.743253708,1.562493,18.859272,20.426565,400
1598871642.777106524,1.360481,16.340471,17.701632,400
1598871642.809630394,1.346121,16.332741,17.679642,400
1598871642.844039917,1.475202,15.177050,16.652902,400
1598871642.876668215,1.262531,15.170380,16.433771,400
1598871642.910712004,1.331101,15.173090,16.504901,400
1598871642.944838524,1.510673,15.324102,16.835485,400
1598871642.978149652,1.377222,15.269931,16.647833,400
1598871643.011554003,1.348691,15.315731,16.665072,400
1598871643.045523643,1.358872,15.227250,16.586862,400
1598871643.051429510,1.356921,13.995470,15.353101,400
1598871643.079137802,1.507073,15.148370,16.656123,400
1598871643.112910748,1.382292,16.408731,17.791753,400
1598871643.146014690,1.244991,15.178940,16.424661,400
1598871643.180194616,1.309621,15.160550,16.470851,400
1598871643.214421272,1.358272,14.261332,15.620304,400
1598871643.247310400,1.416723,14.189971,15.607524,400
1598871643.280200958,1.399682,12.133714,13.534076,400
1598871643.314177513,1.437873,10.280058,11.718731,400
1598871643.349394321,1.358722,10.295808,11.655170,400
1598871643.381199121,1.403042,9.386191,10.789953,400
1598871643.414604902,1.334662,9.446021,10.781463,400
1598871643.450500250,1.314961,7.855387,9.171098,400
1598871643.485572338,1.410892,7.834927,9.246509,400
1598871643.516379833,1.337851,7.241462,8.580023,400
1598871643.549670219,1.335032,7.167601,8.503263,400
1598871643.582561493,1.435673,6.405074,7.841457,400
1598871643.616333246,1.290601,5.812210,7.103471,400
1598871643.649679422,1.288221,5.297365,6.586286,400
1598871643.683350563,1.314491,5.254875,6.570066,400
1598871643.717163801,1.378242,5.774170,7.153082,400
1598871643.751652002,1.311251,5.752849,7.064800,400
1598871643.784923792,1.465453,5.739749,7.205922,400
1598871643.817905903,1.639474,5.542828,7.183282,400
1598871643.851408005,1.247281,5.584138,6.832239,400
1598871643.885033846,1.421263,5.575587,6.997590,400
1598871643.918549299,1.480083,5.482797,6.963590,400
1598871643.952022791,1.362931,4.990463,6.354364,400
1598871643.986634493,1.436102,4.934403,6.371365,400
1598871644.019719839,1.593644,4.949852,6.544346,400
1598871644.053287029,1.537613,4.955133,6.493556,400
1598871644.086663961,1.365092,4.946012,6.311944,400
1598871644.120464563,1.465292,4.489569,5.955641,400
1598871644.153515816,1.353871,4.505619,5.860290,400
1598871644.187613964,1.693634,4.388148,6.083292,400
1598871644.220852852,1.303311,4.532239,5.836250,400
1598871644.254503012,1.500373,4.414698,5.915771,400
1598871644.289014816,1.453512,4.425718,5.879900,400
1598871644.321964025,1.471733,3.941994,5.414407,400
1598871644.355585337,1.270961,3.547930,4.819541,400
1598871644.389323711,1.278151,3.535590,4.814501,400
1598871644.422739029,1.355491,3.448820,4.804941,400
1598871644.456411600,1.331751,3.443660,4.776131,400
1598871644.489318609,1.360001,3.391900,4.752571,400
1598871644.523957491,1.329331,3.433830,4.763631,400
1598871644.556771755,1.349402,3.104717,4.454859,400
1598871644.589832783,1.266021,3.099377,4.366008,400
1598871644.623787880,1.325852,3.110076,4.436628,400
1598871644.657836914,1.331611,3.077067,4.409328,400
1598871644.691134930,1.390691,2.788674,4.180055,400
1598871644.724585056,1.331511,2.770104,4.102345,400
1598871644.758107185,1.250840,2.448991,3.700491,400
1598871644.791212797,1.269091,2.434291,3.704032,400
1598871644.825057983,1.290511,2.437361,3.728542,400
1598871644.857913017,1.293911,2.432581,3.727172,400
1598871644.891157150,1.400792,2.626733,4.028175,400
1598871644.924669027,1.209320,3.927214,5.137234,400
1598871644.958272934,1.314761,0.077931,1.393382,400
1598871644.991531849,1.481782,0.074141,1.556903,400
1598871645.024253130,1.452782,0.076071,1.529503,400
1598871645.057724714,1.392952,0.072501,1.465953,400
1598871645.090984344,1.272221,0.073501,1.346092,400
1598871645.126266241,1.380822,0.072671,1.453953,400
1598871645.158953905,1.307731,0.074511,1.382712,400
1598871645.192846775,1.282161,0.075090,1.357671,400
1598871645.226981401,1.199580,0.076481,1.276381,400
1598871645.258627415,1.203330,0.076401,1.280241,400
1598871645.292377949,1.345172,0.072060,1.417702,400
1598871645.327330112,1.402572,0.072451,1.475533,400
1598871645.357484102,1.173400,0.072561,1.246481,400
1598871645.391383886,1.400132,0.075150,1.475992,400
1598871645.424985170,1.311401,0.073811,1.385632,400
1598871645.458346605,1.341431,0.073701,1.415582,400
1598871645.491503716,1.236201,0.070260,1.306891,400
1598871645.525050879,1.342001,0.070191,1.412602,400
1598871645.558135986,1.385392,0.072151,1.458023,400
1598871645.591675758,1.309362,0.072690,1.382502,400
1598871645.624697685,1.411442,0.070731,1.482643,400
1598871645.660079479,1.285111,0.072210,1.357751,400
1598871645.691424608,1.350761,0.070131,1.421322,400
1598871645.725248575,1.514293,0.069811,1.584554,400
1598871645.759263515,1.284671,0.080611,1.366212,400
1598871645.792274237,1.383772,0.072761,1.457213,400
1598871645.825660467,1.314361,0.072761,1.387592,400
1598871645.858653069,1.336961,0.072411,1.409872,400
1598871645.891826391,1.269200,0.070861,1.340462,400
1598871645.925703764,1.428672,0.075041,1.504193,400
1598871645.958800793,1.310002,0.071270,1.381672,400
1598871645.992444277,1.302511,0.071091,1.374082,400
1598871646.025660515,1.341061,0.072961,1.414442,400
1598871646.058752298,1.236531,0.069411,1.306382,400
1598871646.092493057,1.324822,0.070140,1.395422,400
1598871646.125430822,1.437412,0.071181,1.509003,400
1598871646.158672571,1.217210,0.070341,1.287941,400
1598871646.191582918,1.478342,0.070751,1.549533,400
1598871646.225466251,1.239841,0.117171,1.357562,400
1598871646.258593082,1.093519,0.070491,1.164280,400
1598871646.292207003,1.456143,0.069920,1.526623,400
1598871646.325344086,1.329261,0.075081,1.404822,400
1598871646.358128786,1.352092,0.068570,1.421112,400
1598871646.392436266,1.284671,0.069281,1.354412,400
1598871646.425407648,1.405622,0.070271,1.476263,400
1598871646.458510637,1.190770,0.067501,1.258661,400
1598871646.492654085,1.337402,0.068661,1.406513,400
1598871646.526039600,1.406282,0.070351,1.477003,400
1598871646.560399294,1.285681,0.069781,1.355912,400
1598871646.593239307,1.232071,0.070720,1.303321,400
1598871646.627347231,1.312361,0.110261,1.423022,400
1598871646.658916712,1.140069,0.070991,1.211370,400
1598871646.693308830,1.356782,0.071781,1.429103,400
1598871646.725750923,1.329701,0.072971,1.403072,400
1598871646.759506226,1.333311,0.071401,1.405222,400
1598871646.792933941,1.251541,0.071991,1.324082,400
1598871646.826574564,1.359892,0.073710,1.433972,400
1598871646.859865904,1.387402,0.071471,1.459293,400
1598871646.892314911,1.293141,0.076281,1.369852,400
1598871646.925755978,1.338661,0.070871,1.410042,400
1598871646.959429979,1.234811,0.075630,1.310981,400
1598871646.992861748,1.295161,0.072031,1.367652,400
1598871647.027484894,1.537783,0.074461,1.612704,400
1598871647.058974981,1.373372,0.076650,1.450932,400
1598871647.092490911,1.415112,0.072451,1.488063,400
1598871647.126260996,1.296961,0.072771,1.370212,400
1598871647.159479618,1.288101,0.072141,1.360652,400
1598871647.192730188,1.281451,0.069281,1.351192,400
1598871647.228450537,1.346171,0.071121,1.417782,400
1598871647.259268045,1.099840,0.069600,1.169870,400
1598871647.292979002,1.313401,0.071201,1.385132,400
1598871647.325941086,1.204401,0.069690,1.274361,400
1598871647.359595299,1.267671,0.072370,1.340481,400
1598871647.393221140,1.667624,0.072761,1.740785,400
1598871647.427637100,1.886356,0.080200,1.966966,400
1598871647.459661484,1.752685,0.074791,1.827946,400
1598871647.492804527,1.690925,0.076430,1.767695,400
1598871647.526790142,1.818646,0.073880,1.892966,400
1598871647.559131145,1.803165,0.113981,1.917686,400
1598871647.593252897,1.895696,0.078241,1.974977,400
1598871647.627071381,1.838086,0.072101,1.910657,400
1598871647.659311771,1.890256,0.070121,1.960927,400
1598871647.696241379,1.203530,0.097371,1.301341,400
1598871647.726691961,1.480432,0.076091,1.557073,400
1598871647.759469032,1.334781,0.067771,1.403052,400
1598871647.793525457,1.222300,0.069761,1.292521,400
1598871647.826228857,1.526043,0.071211,1.597804,400
1598871647.860490799,1.268051,0.072430,1.340981,400
1598871647.892565489,1.276140,0.072261,1.349061,400
1598871647.927126646,1.299331,0.074390,1.374141,400
1598871647.959559202,1.327482,0.071290,1.399502,400
1598871647.993256092,1.445973,0.107480,1.553923,400
1598871648.027064085,1.425292,0.073301,1.499243,400
1598871648.060792685,1.369532,0.104201,1.474323,400
1598871648.093457222,1.309922,0.072800,1.383272,400
1598871648.127649069,1.385032,0.073881,1.459463,400
1598871648.159657001,1.289131,0.071921,1.361572,400
1598871648.193285942,1.358162,0.074450,1.433142,400
1598871648.227374077,1.499413,0.075270,1.575223,400
1598871648.260332108,1.214390,0.072061,1.286921,400
1598871648.293077946,1.435772,0.071411,1.507753,400
1598871648.327213526,1.510463,0.074351,1.585374,400
1598871648.359968901,1.262610,0.073401,1.336681,400
1598871648.394383907,1.348771,0.080661,1.430372,400
1598871648.427055836,1.349072,0.083210,1.433042,400
1598871648.459961653,1.328051,0.073641,1.402292,400
1598871648.496921539,1.262841,0.073010,1.336261,400
1598871648.527128220,1.365901,0.071201,1.437642,400
1598871648.561070919,1.384602,0.070130,1.455142,400
1598871648.593935728,1.308712,0.077290,1.386462,400
1598871648.627033472,1.400472,0.074161,1.475073,400
1598871648.660419464,1.223031,0.071350,1.294781,400
1598871648.693878174,1.371392,0.071420,1.443282,400
1598871648.727375031,1.368641,0.074391,1.443462,400
1598871648.759947538,1.245711,0.072461,1.318632,400
1598871648.793897390,1.423152,0.074711,1.498293,400
1598871648.828182220,1.398602,0.077580,1.476702,400
1598871648.860623360,1.380111,0.079711,1.460532,400
1598871648.894434452,1.370282,0.081960,1.452792,400
1598871648.926209450,1.451132,0.078711,1.530433,400
1598871648.962696791,1.396982,0.077811,1.475283,400
1598871648.994408607,1.457362,0.124781,1.582763,400
1598871649.027578115,1.469572,0.104871,1.575013,400
1598871649.060478687,1.323101,0.099861,1.423622,400
1598871649.093612194,1.395462,0.100821,1.497083,400
1598871649.127912998,1.588933,0.107441,1.697024,400
1598871649.161064386,1.340432,0.101361,1.442393,400
1598871649.193691730,1.496153,0.102321,1.599084,400
1598871649.227424383,1.416282,0.105351,1.522153,400
1598871649.263669491,1.438322,0.114151,1.553263,400
1598871649.295362234,1.384221,0.105181,1.490182,400
1598871649.327986956,1.497792,0.116401,1.614763,400
1598871649.360213757,1.538863,0.110491,1.649964,400
1598871649.393641472,1.463772,3.814183,5.278505,400
1598871649.428532839,1.465473,3.283658,4.749931,400
1598871649.462717772,1.375332,3.671911,5.048153,400
1598871649.496570110,1.377932,3.675181,5.054383,400
1598871649.531763315,1.540714,3.664751,5.206285,400
1598871649.563759565,1.350551,3.644771,4.996102,400
1598871649.594045639,1.575843,3.626851,5.203494,400
1598871649.628180265,1.536883,3.643681,5.181374,400
1598871649.662633181,1.421802,3.725992,5.148704,400
1598871649.695759058,1.542133,3.742072,5.284975,400
1598871649.727713108,1.426753,3.817752,5.245265,400
1598871649.761396646,1.474893,3.820933,5.296606,400
1598871649.797588825,1.565064,3.820032,5.385916,400
1598871649.829332113,1.570143,3.830713,5.401646,400
1598871649.861220360,1.372382,3.817933,5.191095,400
1598871649.893942833,1.568214,3.739462,5.308496,400
1598871649.928457022,1.546164,3.739992,5.286966,400
1598871649.960979939,1.434833,3.746852,5.182475,400
1598871649.995390415,1.516502,3.748583,5.265885,400
1598871650.028072357,1.492253,3.726802,5.219945,400
1598871650.060914040,1.490183,3.749452,5.240475,400
1598871650.094151020,1.513793,3.756762,5.271415,400
1598871650.128568888,1.538793,3.787173,5.327006,400
1598871650.161080122,1.503143,4.152225,5.656418,400
1598871650.194920540,1.604014,4.122285,5.727289,400
1598871650.228615046,1.595244,4.131305,5.727489,400
1598871650.261541128,1.524854,3.683491,5.209295,400
1598871650.294544458,1.564164,3.662951,5.228085,400
1598871650.328811884,1.501102,0.090971,1.593033,400
1598871650.361730576,1.553513,0.084051,1.638484,400
1598871650.394674778,1.556853,0.083611,1.641424,400
1598871650.428578615,1.512073,0.085051,1.598074,400
1598871650.461676598,1.472862,0.090741,1.564593,400
1598871650.494469166,1.626504,0.099701,1.727265,400
1598871650.529597521,1.523483,0.092741,1.617284,400
1598871650.561190367,1.451993,0.098820,1.551873,400
1598871650.594249249,2.427721,0.086821,2.515352,398
1598871650.628960133,1.467852,0.084351,1.552713,400
1598871650.662815571,1.479973,0.081420,1.561913,400
1598871650.694488049,1.457063,0.078941,1.536464,400
1598871650.735765457,1.525733,0.087510,1.613763,400
1598871650.761055470,1.359342,0.082770,1.442672,400
1598871650.794283152,1.475393,0.124121,1.599954,400
1598871650.827943802,1.374962,0.109940,1.485532,400
1598871650.862075329,1.374961,0.097021,1.472702,400
1598871650.894901991,1.527984,0.093740,1.622284,400
1598871650.929361820,1.404042,0.101300,1.505832,400
1598871650.961863041,1.367582,0.102081,1.470303,400
1598871650.994705200,1.497293,0.108651,1.607194,400
1598871651.029765368,1.525063,0.111891,1.637934,400
1598871651.061619997,1.528183,0.110031,1.639134,400
1598871651.093956470,1.625304,0.113351,1.739585,400
1598871651.136065006,1.350092,0.112591,1.463423,400
1598871651.161603689,1.557313,0.118571,1.676804,400
1598871651.194564104,1.557833,3.848283,5.410226,400
1598871651.229188442,1.493352,5.235755,6.730147,400
1598871651.261816263,1.468413,4.985452,6.454865,400
1598871651.295809269,1.494033,4.979213,6.474086,400
1598871651.330405712,1.472282,4.969163,6.442175,400
1598871651.361636162,1.335112,4.917932,6.253994,400
1598871651.394930840,1.466523,4.959673,6.427166,400
1598871651.430205345,1.650994,0.091141,1.743095,400
1598871651.464699030,1.524523,0.090621,1.616054,400
1598871651.494958401,1.640935,0.086680,1.728555,400
1598871651.529707670,1.516643,0.086061,1.603844,400
1598871651.562424898,1.375321,0.101951,1.478412,400
1598871651.595911503,1.472982,0.100391,1.574443,400
1598871651.630215883,1.519763,0.102211,1.623034,400
1598871651.663228989,1.306582,0.096000,1.403262,400
1598871651.696841240,1.503273,0.091681,1.595454,400
1598871651.730698109,1.569383,0.083791,1.653774,400
1598871651.763931990,1.355632,0.083621,1.439893,400
1598871651.797844887,1.318952,0.080880,1.400132,400
1598871651.832034349,1.441333,0.081210,1.523113,400
1598871651.865078926,1.412322,0.084961,1.497883,400
1598871651.898648977,1.373102,0.091000,1.465142,400
1598871651.933699369,1.462812,0.083761,1.547083,400
1598871651.966027498,1.476933,0.083041,1.560464,400
1598871651.999253750,1.396272,0.081620,1.478662,400
1598871652.033687830,1.555323,0.082931,1.638804,400
1598871652.066725492,1.328011,0.080161,1.408612,400
1598871652.105031490,1.475293,0.083241,1.559094,400
1598871652.137860775,1.623354,0.081141,1.705295,400
1598871652.168437481,1.391632,0.078551,1.470663,400
1598871652.200873137,1.508143,0.077260,1.585853,400
1598871652.235356569,1.377102,0.080670,1.458252,400
1598871652.269160748,1.345901,0.078611,1.425032,400
1598871652.301368475,1.412902,0.080671,1.494263,400
1598871652.335266113,1.423282,0.080690,1.504412,400
1598871652.368604660,1.446933,0.078881,1.526354,400
1598871652.402194262,1.411602,0.083451,1.495863,400
1598871652.435713768,1.560233,0.080851,1.641624,400
1598871652.469538450,1.273991,0.077761,1.352202,400
1598871652.502637386,1.472392,0.078111,1.550913,400
1598871652.542388916,1.557033,0.091861,1.650434,400
1598871652.572479963,1.384602,0.089121,1.474783,400
1598871652.605482817,1.595034,0.087120,1.682684,400
1598871652.639440298,1.448322,0.131701,1.580303,400
1598871652.674522638,1.479822,0.109091,1.589943,400
1598871652.706366062,1.669754,0.105251,1.776115,400
1598871652.740248919,1.502423,0.099431,1.602474,400
1598871652.773261070,1.396862,0.098241,1.495803,400
1598871652.806347370,1.381992,0.104951,1.487743,400
1598871652.844873905,1.564883,0.106681,1.672604,400
1598871652.873297215,1.539033,0.096421,1.636344,400
1598871652.907341480,1.424592,0.115921,1.541583,400
1598871652.941106796,1.566904,0.109150,1.676774,400
1598871652.973262310,1.412242,0.112891,1.526613,400
1598871653.006905794,1.322781,0.107241,1.430722,400
1598871653.041653395,1.417812,3.807063,5.225935,400
1598871653.073758125,1.418052,4.263537,5.682599,400
1598871653.111188173,1.508133,4.254417,5.763520,400
1598871653.142707825,1.492223,4.235086,5.728049,400
1598871653.174843073,1.347852,4.237716,5.586318,400
1598871653.207970858,1.430862,4.236596,5.668348,400
1598871653.241533041,1.605044,4.247786,5.853590,400
1598871653.275398254,1.300281,0.083971,1.384732,400
1598871653.309978724,1.436482,0.084561,1.521623,400
1598871653.344359636,1.314941,0.081231,1.396452,400
1598871653.376471519,1.395222,0.083071,1.478733,400
1598871653.410054684,1.496443,0.081950,1.578933,400
1598871653.443611860,1.616484,0.080231,1.697225,400
1598871653.483540535,1.384102,0.084191,1.468743,400
1598871653.511350632,1.480143,0.080051,1.560624,400
1598871653.546230555,1.445543,0.082021,1.528024,400
1598871653.580697775,1.498103,0.083681,1.582234,400
1598871653.614045382,1.340151,0.092761,1.434122,400
1598871653.645887613,1.554423,0.085611,1.640614,400
1598871653.679095507,1.479943,0.084991,1.565494,400
1598871653.713007450,1.328611,0.081671,1.410592,400
1598871653.745996475,1.536413,0.135512,1.672495,400
1598871653.779710293,1.406272,0.099501,1.510243,400
1598871653.785497665,1.452202,0.083471,1.536303,400
1598871653.813900709,1.439003,0.092461,1.531984,400
1598871653.846404791,1.480413,0.104091,1.585094,400
1598871653.880734205,2.340050,0.103521,2.444241,398
1598871653.914388657,1.768145,0.105291,1.874096,400
1598871653.948204517,1.636824,0.116571,1.754165,400
1598871653.980819702,1.524793,0.109671,1.635124,400
1598871654.015892267,1.528683,0.112591,1.642314,400
1598871654.050329447,1.405852,0.110701,1.517263,400
1598871654.083559036,1.290001,0.110471,1.400772,400
1598871654.116862774,1.436322,4.908343,6.345235,400
1598871654.150518656,1.681194,4.843602,6.525826,400
1598871654.184504509,1.631854,4.799041,6.431785,400
1598871654.217052221,1.544593,4.801601,6.347254,400
1598871654.251527309,1.365882,4.816741,6.183533,400
1598871654.283505201,2.426281,4.811321,7.240132,398
1598871654.318020344,1.521053,4.904332,6.426315,400
1598871654.356268883,1.461642,4.819291,6.281773,400
1598871654.385414124,1.448792,4.795671,6.245463,400
1598871654.421720743,1.592303,4.805321,6.398544,400
1598871654.453575134,1.485683,4.801721,6.287994,400
1598871654.486613512,1.413402,4.765380,6.179902,400
1598871654.518933535,1.561144,4.874991,6.436905,400
1598871654.552617311,1.411882,4.813112,6.225904,400
1598871654.586170912,1.440592,4.818871,6.260563,400
1598871654.619652748,1.579553,4.807801,6.388274,400
1598871654.653055191,1.407712,4.823682,6.232314,400
1598871654.686412573,1.634584,4.823291,6.459275,400
1598871654.719590902,1.487582,4.824972,6.313524,400
1598871654.754377365,1.505482,4.814992,6.321454,400
1598871654.788455009,1.471812,4.828602,6.301484,400
1598871654.821825504,2.439320,4.825562,7.265812,398
1598871654.854676008,2.439871,4.834622,7.275433,398
1598871654.890592098,2.385780,4.829012,7.215742,398
1598871654.922366619,1.461432,4.398588,5.860791,400
1598871654.957255602,1.451462,4.425838,5.878080,400
1598871654.989241362,1.508073,4.422878,5.931831,400
1598871655.023064613,2.400871,4.411118,6.812799,398
1598871655.056263447,2.321950,4.417058,6.739848,398
1598871655.090052128,2.367170,4.404918,6.772918,398
1598871655.123637676,3.336178,4.746131,8.083399,398
1598871655.157023668,3.038096,4.455149,7.494765,398
1598871655.190804720,3.063527,4.769381,7.834068,398
1598871655.224925756,2.365890,4.707271,7.074301,398
1598871655.257889271,2.765294,4.428828,7.195102,398
1598871655.292181253,2.388350,4.369647,6.758817,398
1598871655.326054811,2.320620,4.564159,6.885859,398
1598871655.359694481,2.186889,4.427308,6.615237,398
1598871655.394496202,2.651993,4.403988,7.057011,398
1598871655.426133156,2.923756,4.791261,7.716007,398
1598871655.459069014,1.969907,5.066534,7.037431,400
1598871655.493040800,2.386960,4.073895,6.461805,398
1598871655.526899338,2.465771,3.948614,6.415325,398
1598871655.560584307,2.426071,4.177686,6.604517,398
1598871655.594938517,2.456361,4.068095,6.525176,398
1598871655.627677202,2.441300,3.627902,6.069922,398
1598871655.664052486,1.601594,3.567551,5.169945,400
1598871655.693968534,2.524661,3.517791,6.042972,398
1598871655.727295160,2.495611,4.272017,6.768388,398
1598871655.761011362,1.332652,3.200107,4.533479,400
1598871655.794881582,1.535633,3.185467,4.721920,400
1598871655.828887224,2.509081,3.947304,6.457825,398
1598871655.863100052,1.387402,3.555451,4.943783,400
1598871655.896421671,1.502673,3.549480,5.052863,400
1598871655.930879354,1.430952,3.557330,4.989092,400
1598871655.963438034,1.271521,0.077181,1.349442,400
1598871655.997765303,2.177948,0.080641,2.259029,398
1598871656.030678988,2.080947,5.579018,7.660475,396
1598871656.069774628,2.109208,5.475727,7.585655,396
1598871656.099497318,2.146559,5.398186,7.545475,396
1598871656.134220839,2.242859,5.389537,7.633046,396
1598871656.168803930,2.213079,5.380226,7.593945,398
1598871656.198791504,2.176808,5.359396,7.536934,398
1598871656.233323574,1.528583,5.479737,7.008990,400
1598871656.265494347,1.322201,4.887972,6.210743,400
1598871656.299672127,2.718043,5.034333,7.753116,398
1598871656.333395958,1.338292,4.915562,6.254574,400
1598871656.366746426,1.433872,4.303387,5.737889,400
1598871656.401656389,1.492242,4.275497,5.768459,400
1598871656.434103251,1.463043,3.573401,5.037174,400
1598871656.468019485,1.254841,3.619311,4.874852,400
1598871656.500833273,1.379802,0.081750,1.462292,400
1598871656.533854246,1.328902,0.076400,1.405852,400
1598871656.570178747,3.586741,0.083141,3.670352,398
1598871656.603356600,1.356262,0.080320,1.437082,400
1598871656.635613203,1.407332,0.076070,1.483792,400
1598871656.671335459,1.444962,6.449905,7.895627,400
1598871656.702073336,1.510903,6.330094,7.841667,400
1598871656.735990286,1.327632,7.400473,8.728785,400
1598871656.769950628,1.465903,7.300182,8.766795,400
1598871656.803611279,1.393102,7.326303,8.720125,400
1598871656.838083029,1.519603,7.329303,8.849606,400
1598871656.871637821,1.400402,7.322383,8.723515,400
1598871656.904042721,1.533493,8.269281,9.803464,400
1598871656.937771797,1.538673,9.328650,10.868043,400
1598871656.971401691,1.274411,9.339300,10.614381,400
1598871657.004946947,1.462653,0.081070,1.544473,400
1598871657.038575411,1.362202,10.310148,11.672840,400
1598871657.072485447,1.278981,10.288448,11.568139,400
1598871657.104962587,1.281891,6.246233,7.528824,400
1598871657.140287161,1.311342,6.237893,7.549995,400
1598871657.173783779,1.319531,6.200423,7.520654,400
1598871657.209067822,1.294101,6.183353,7.478134,400
1598871657.241356134,1.344892,6.247344,7.592906,400
1598871657.273853540,1.502093,6.099002,7.601495,400
1598871657.306491852,1.399282,6.248053,7.648035,400
1598871657.341373920,1.347672,6.214083,7.562455,400
1598871657.375653982,1.366121,6.079242,7.446083,400
1598871657.407775164,1.484543,6.128533,7.613696,400
1598871657.442215204,1.346672,4.847661,6.195323,400
1598871657.475085974,1.328542,5.058513,6.387805,400
1598871657.508407831,1.476213,4.960553,6.437646,400
1598871657.542101383,1.342451,4.960413,6.303684,400
1598871657.576245308,1.320861,4.963913,6.285474,400
1598871657.611136675,1.507843,4.974423,6.483106,400
1598871657.643634081,1.538523,4.945012,6.484745,400
1598871657.677446365,3.531360,5.135654,8.667904,398
1598871657.710706234,1.419402,4.935352,6.355484,400
1598871657.744432449,1.286601,4.363878,5.651229,400
1598871657.778088570,1.291561,4.301547,5.593868,400
1598871657.810806036,1.516513,4.355487,5.872680,400
1598871657.846408129,1.435792,4.341617,5.778049,400
1598871657.881755114,1.328552,4.445748,5.774990,400
1598871657.913008213,1.344331,4.406318,5.751469,400
1598871657.946205139,1.305971,4.371368,5.677819,400
1598871657.978855848,1.354731,4.426088,5.781469,400
1598871658.012555599,1.190810,4.374178,5.565848,400
1598871658.046082497,1.326541,4.380537,5.707808,400
1598871658.080027819,1.231551,4.391438,5.623689,400
1598871658.113385201,1.387152,4.368657,5.756519,400
1598871658.147007704,1.489073,4.327777,5.817510,400
1598871658.152694464,1.363561,5.483747,6.848008,400
1598871658.179612160,1.349232,5.538037,6.887979,400
1598871658.216264486,1.348211,5.546678,6.895609,400
1598871658.249072313,1.300071,5.617679,6.918430,400
1598871658.284818411,1.380342,5.551958,6.933040,400
1598871658.314789057,1.391672,5.688879,7.081251,400
1598871658.348264933,1.424952,5.635578,7.061200,400
1598871658.382137775,1.427822,5.633579,7.062391,400
1598871658.415439606,1.322151,5.833980,7.157031,400
1598871658.449084044,1.335181,5.608098,6.944169,400
1598871658.482999325,1.339191,5.623118,6.963049,400
1598871658.516364336,1.348972,6.336984,7.686626,400
1598871658.550378323,1.272371,6.854579,8.127730,400
1598871658.584322453,1.557223,6.232834,7.790757,400
1598871658.618490696,1.567274,6.195443,7.763417,400
1598871658.650747776,1.420763,6.227493,7.649016,400
1598871658.686295509,1.434332,6.241184,7.676146,400
1598871658.717526436,1.478712,6.274274,7.753746,400
1598871658.754820108,1.280931,6.269234,7.550925,400
1598871658.785974503,1.258711,6.269154,7.528595,400
1598871658.818157673,1.380451,6.119153,7.500334,400
1598871658.851779699,1.394032,6.181173,7.575865,400
1598871658.885371447,1.432762,6.180863,7.614355,400
1598871658.918240547,1.459903,6.194053,7.654696,400
1598871658.951959372,1.409712,6.134992,7.545444,400
1598871658.986686468,3.366789,6.338324,9.705793,398
1598871659.023550510,3.378779,6.206313,9.585812,398
1598871659.053589821,1.337881,6.189953,7.528504,400
1598871659.087367535,3.503220,6.333495,9.837355,398
1598871659.118416548,1.326152,6.225793,7.552695,400
1598871659.151633978,1.335912,6.179063,7.515715,400
1598871659.187139034,3.474769,5.707309,9.182768,396
1598871659.218541145,1.343372,5.533307,6.877419,400
1598871659.251509666,3.343859,5.632638,8.977237,398
1598871659.286404371,4.216256,6.474855,10.691801,388
1598871659.318104506,1.395272,5.712339,7.108691,400
1598871659.352008343,1.427612,5.845761,7.274373,400
1598871659.385997057,1.333672,6.524486,7.858868,400
1598871659.418372631,4.057745,7.223742,11.282207,396
1598871659.451529503,1.472663,5.749419,7.222882,400
1598871659.486023664,4.452978,7.061071,11.515049,396
1598871659.518577337,4.033955,6.658347,10.693222,398
1598871659.551540136,1.667914,7.380893,9.052407,400
1598871659.586391211,3.681802,7.358283,11.040875,398
1598871659.618228674,3.767593,8.103239,11.871572,398
1598871659.651963711,1.320892,8.051679,9.373291,400
1598871659.686100245,3.508231,9.689113,13.198264,396
1598871659.718794584,4.675521,12.518457,17.194888,396
1598871659.751830339,1.452842,18.378478,19.832050,400
1598871659.785959959,3.595081,26.677729,30.273670,396
1598871659.819038153,4.388117,34.426836,38.816673,394
1598871659.852939606,4.906612,38.082777,42.990569,390
1598871659.885857344,5.150764,46.459118,51.613282,390
1598871659.918412209,5.188625,46.742241,51.934416,392
1598871659.951851845,5.028873,48.754128,53.785921,398
1598871659.986151695,4.978612,56.346534,61.327996,396
1598871660.020487070,5.139414,56.396854,61.539638,394
1598871660.052530527,5.878630,56.312383,62.194213,394
1598871660.086460590,6.024642,77.058821,83.086803,394
1598871660.120625734,6.137623,73.779953,79.920706,394
1598871660.153215408,5.882961,73.700172,79.585933,398
1598871660.186857462,5.200375,83.301974,88.505619,396
1598871660.219358206,1.427822,89.644409,91.075701,400
1598871660.252527714,1.742315,96.898991,98.644796,400
1598871660.287583113,5.894691,99.158770,105.057561,398
1598871660.320675135,1.763825,103.982392,105.749907,400
1598871660.354184151,1.653324,115.262049,116.918643,400
1598871660.393855572,5.778729,115.342639,121.124608,398
1598871660.421776056,1.518903,126.857148,128.379091,400
1598871660.457077742,1.593874,139.424816,141.021720,400
1598871660.488825321,1.455942,148.305362,149.764885,400
1598871660.521746397,1.373852,153.526477,154.903629,400
1598871660.555015564,1.394782,157.199199,158.597701,400
1598871660.589510679,1.499453,194.729780,196.232533,400
1598871660.622277975,1.351252,214.508479,215.864361,400
1598871660.655629873,1.407222,229.902022,231.312614,400
1598871660.689473629,1.501923,231.304483,232.809856,400
1598871660.722228765,1.624584,225.596695,227.224289,400
1598871660.757783175,1.458172,225.995858,227.457840,400
1598871660.790520906,1.745325,239.991269,241.740714,400
1598871660.823777676,1.532544,265.731509,267.267623,400
1598871660.857614279,1.511612,289.681005,291.195568,400
1598871660.891580820,1.601414,307.813280,309.417974,400
1598871660.925136328,4.812132,332.739184,337.554786,396
1598871660.958042860,1.592674,349.023223,350.619147,400
1598871660.992576838,1.393812,372.800217,374.199109,400
1598871661.026261568,1.528133,380.235732,381.768095,400
1598871661.058398485,1.567663,379.878138,381.449421,400
1598871661.093912125,1.569874,386.693036,388.266500,400
1598871661.126586676,1.583993,400.249233,401.836046,400
1598871661.159289598,1.424172,409.791325,411.218947,400
1598871661.193933964,1.434672,418.397919,419.835881,400
1598871661.226530075,1.731014,415.503744,417.238098,400
1598871661.259935856,1.621894,415.191811,416.817085,400
1598871661.327300310,1.715794,467.609611,469.328556,400
1598871661.361270189,4.370448,474.111556,478.485824,398
1598871661.396853685,1.574914,486.786815,488.365219,400
1598871661.428485870,1.439592,486.052279,487.495481,400
1598871661.461769342,1.497133,469.940870,471.441593,400
1598871661.498211145,1.589853,466.112458,467.705731,400
1598871661.530264378,1.569263,469.132414,470.705367,400
1598871661.562628031,1.409152,468.159775,469.572717,400
1598871661.597252607,2.486591,469.883900,472.373991,398
1598871661.630234003,1.322101,468.772371,470.097912,400
1598871661.663336754,1.678014,459.616593,461.298437,400
1598871661.697942495,1.557554,469.186504,470.747378,400
1598871661.736415386,1.399443,471.148911,472.551724,400
1598871661.764526844,1.908357,472.810025,474.722282,400
1598871661.797915459,2.428681,469.665698,472.097029,398
1598871661.864814043,1.447043,460.858593,462.309166,400
1598871661.898996592,4.960662,455.609638,460.574400,396
1598871661.932935476,1.453362,440.736321,442.193073,400
1598871661.965808153,1.563784,430.236370,431.803574,400
1598871661.999448061,1.454203,432.359578,433.817361,400
1598871662.033691406,1.537213,432.799062,434.339545,400
1598871662.067176580,1.544503,417.501961,419.049764,400
1598871662.100652456,1.570454,413.546397,415.120371,400
1598871662.135347605,1.543044,424.428340,425.974874,400
1598871662.167986393,1.576863,431.118598,432.699261,400
1598871662.200743437,1.508492,422.676556,424.188649,400
1598871662.235131025,1.366612,435.351224,436.721216,400
1598871662.269428492,1.541763,439.838112,441.383705,400
1598871662.302992344,1.490313,447.126745,448.620388,400
1598871662.336615562,1.571724,445.154128,446.728862,400
1598871662.369949102,1.558833,439.389519,440.951782,400
1598871662.402806282,1.702914,440.809751,442.517235,400
1598871662.438984871,1.482573,437.988056,439.474109,400
1598871662.471032858,1.355291,447.680450,449.038981,400
1598871662.503484249,1.314631,430.353611,431.671762,400
1598871662.537144899,1.546443,429.673755,431.223139,400
1598871662.570609570,2.146909,428.973459,431.123728,398
1598871662.611337662,1.497793,411.128377,412.629390,400
1598871662.641032934,1.396121,409.515043,410.914794,400
1598871662.671678782,1.548334,396.323089,397.874583,400
1598871662.703413963,1.417563,381.616883,383.037926,400
1598871662.739910126,1.403962,359.288041,360.695043,400
1598871662.770914316,2.967435,353.506542,356.477607,398
1598871662.803414583,1.606874,329.789389,331.399503,400
1598871662.837557793,1.544353,307.622008,309.169831,400
1598871662.870960236,1.516923,295.141451,296.661454,400
1598871662.904646635,1.381832,295.519894,296.905016,400
1598871662.937239647,1.536243,284.441370,285.981023,400
1598871662.970731258,1.478843,271.160436,272.643489,400
1598871663.003738165,1.524973,267.286623,268.814656,400
1598871663.036880732,1.472643,259.345824,260.821937,400
1598871663.070930719,1.591284,255.336430,256.930784,400
1598871663.103949308,1.420832,243.068455,244.492977,400
1598871663.137460709,1.448493,244.889820,246.341993,400
1598871663.171613693,1.421602,249.074986,250.500388,400
1598871663.204557180,1.324591,249.629531,250.957292,400
1598871663.243332386,1.546873,243.648160,245.198363,400
1598871663.272000074,1.536253,243.618010,245.157723,400
1598871663.303847075,1.621873,242.738002,244.364265,400
1598871663.337735891,1.513433,236.812791,238.329544,400
1598871663.371849298,1.435582,233.337761,234.777953,400
1598871663.404283047,1.367961,212.529633,213.900784,400
1598871663.438902855,1.378902,195.794139,197.176241,400
1598871663.472056150,1.443462,176.580355,178.027647,400
1598871663.507195473,1.484323,157.549251,159.037064,400
1598871663.538730145,1.469532,121.278271,122.751493,400
1598871663.571179152,1.588194,101.418170,103.010234,400
1598871663.603974581,1.532303,81.657420,83.193393,400
1598871663.637874842,1.367782,53.469438,54.840340,400
1598871663.676217079,1.429032,43.682895,45.114727,400
1598871663.706632614,1.406092,35.718866,37.129519,400
1598871663.741009235,1.437063,31.437839,32.877412,400
1598871663.772809505,1.383642,26.082724,27.468276,400
1598871663.804775715,1.494263,22.895927,24.391180,400
1598871663.838358164,1.330531,18.787861,20.119452,400
1598871663.874148607,1.398592,17.436590,18.836392,400
1598871663.906058550,1.319581,16.086128,17.406669,400
1598871663.939225674,1.459443,16.327270,17.787783,400
1598871663.973036051,1.399792,14.835457,16.236319,400
1598871664.006050110,1.348312,15.909106,17.258138,400
1598871664.038063049,1.432222,15.831646,17.264648,400
1598871664.072273016,1.410062,13.585267,14.996429,400
1598871664.105811119,1.547833,12.481737,14.030400,400
1598871664.138465166,1.373812,12.347786,13.722538,400
1598871664.170809746,1.408062,13.592287,15.001049,400
1598871664.205004692,1.394852,12.427606,13.823218,400
1598871664.238143206,1.338631,11.437089,12.776390,400
1598871664.271056652,1.418542,10.347829,11.767041,400
1598871664.305042982,1.345852,10.223338,11.569880,400
1598871664.339059591,1.418462,11.187396,12.606508,400
1598871664.371792555,1.418982,11.175796,12.595448,400
1598871664.404799223,1.459702,0.076711,1.537073,400
1598871664.438438177,2.195819,0.074391,2.270720,398
1598871664.471165657,2.083878,0.074531,2.158929,398
1598871664.505742311,2.055008,15.246881,17.302329,398
1598871664.538580656,2.185399,15.040869,17.226998,398
1598871664.571408033,2.189079,15.048539,17.238318,398
1598871664.604827166,2.083547,15.006909,17.091306,398
1598871664.638210535,2.149348,15.002589,17.152687,398
1598871664.672047377,2.043357,15.076459,17.120526,398
1598871664.704905748,2.043298,0.084941,2.128949,398
1598871664.739351511,2.163728,0.075321,2.239519,398
1598871664.771578550,2.105648,19.054943,21.161051,398
1598871664.804356337,1.953986,0.084691,2.039397,398
1598871664.843019962,2.204489,0.077371,2.282470,398
1598871664.875065327,2.167669,0.082970,2.251639,398
1598871664.905247688,2.077108,0.080980,2.158588,398
1598871664.939608812,2.106298,0.078371,2.186089,398
1598871664.976529598,2.054598,0.081451,2.136409,398
1598871665.005584717,2.016118,0.074900,2.091608,398
1598871665.040169239,2.199368,29.706595,31.906483,398
1598871665.071342707,2.171048,26.249065,28.421543,398
1598871665.105745316,2.146639,26.280035,28.427844,398
1598871665.138634205,2.320370,0.089141,2.410471,398
1598871665.172590733,1.589054,0.083491,1.674035,400
1598871665.204987526,1.354972,0.132751,1.488683,400
1598871665.238314390,1.404942,0.102031,1.507883,400
1598871665.276612759,1.378181,0.095291,1.474222,400
1598871665.305664778,1.401062,0.086361,1.487973,400
1598871665.339935780,1.353111,0.088251,1.441902,400
1598871665.372581482,1.346222,0.093630,1.440352,400
1598871665.405307531,1.472203,0.097831,1.570494,400
1598871665.439830065,1.475093,0.090361,1.565954,400
1598871665.472888231,1.401492,0.101961,1.504163,400
1598871665.506733894,1.557834,0.096110,1.654804,400
1598871665.541245461,1.475213,0.096751,1.572474,400
1598871665.573523045,1.411462,0.111481,1.523453,400
1598871665.605856419,1.399142,7.052380,8.452462,400
1598871665.639618635,1.517004,0.077710,1.595584,400
1598871665.672022820,1.589584,5.635848,7.225952,400
1598871665.705713749,1.394062,5.542218,6.937010,400
1598871665.739074945,1.473033,5.530167,7.003930,400
1598871665.773406267,1.473042,5.527418,7.001150,400
1598871665.806994677,1.483883,0.076440,1.561093,400
1598871665.840292215,1.440572,0.079801,1.521083,400
1598871665.873485804,1.280861,0.073951,1.355272,400
1598871665.907075167,1.115610,0.070380,1.186240,400
1598871665.944400072,1.464202,0.072541,1.537183,400
1598871665.974718809,1.205670,0.072651,1.278581,400
1598871666.008936167,1.447282,0.078181,1.526253,400
1598871666.042779922,1.326652,0.073730,1.401042,400
1598871666.075393438,1.375612,0.073081,1.449083,400
1598871666.108632803,1.139230,0.070810,1.210300,400
1598871666.144076586,1.441942,0.071681,1.514333,400
1598871666.176446676,1.542363,0.072851,1.615584,400
1598871666.209682703,1.314291,0.074080,1.388761,400
1598871666.244292974,1.440132,0.072101,1.512703,400
1598871666.278818369,1.531273,0.072761,1.604504,400
1598871666.311614990,1.345591,0.072371,1.418352,400
1598871666.349194765,1.511132,0.073601,1.585413,400
1598871666.378286362,2.728744,0.077740,2.807164,398
1598871666.411308765,1.340842,0.082770,1.424642,400
1598871666.444906473,1.290231,0.075990,1.366891,400
1598871666.477257490,1.469042,0.075981,1.545663,400
1598871666.511089087,1.509773,0.073011,1.583274,400
1598871666.546061277,1.332451,0.077311,1.410212,400
1598871666.579784155,1.602064,0.083581,1.686155,400
1598871666.612442017,1.286651,0.080300,1.367841,400
1598871666.645397663,1.444492,0.082521,1.528553,400
1598871666.680739164,1.485313,0.082381,1.569104,400
1598871666.712948322,1.206790,0.075341,1.282571,400
1598871666.754381418,1.467772,0.075451,1.543703,400
1598871666.783044815,1.377212,0.071850,1.449592,400
1598871666.814437151,1.413073,0.115301,1.528784,400
1598871666.846876144,1.448883,0.095671,1.545204,400
1598871666.881132126,1.408432,0.092051,1.501243,400
1598871666.915492296,1.479432,0.094691,1.574583,400
1598871666.949016094,1.364231,0.089701,1.454582,400
1598871666.954731703,1.248331,0.081021,1.329932,400
1598871666.981040955,1.222020,0.089141,1.311871,400
1598871667.015594006,1.282621,0.102171,1.385652,400
1598871667.049304008,1.451882,0.102731,1.555213,400
1598871667.082796574,1.477392,0.106431,1.584423,400
1598871667.117168903,1.260691,0.101641,1.362832,400
1598871667.151121616,1.377492,0.108741,1.486803,400
1598871667.183845520,1.326782,7.858157,9.185449,400
1598871667.216603279,1.510713,5.110093,6.621546,400
1598871667.250020027,1.558963,5.001573,6.561266,400
1598871667.283542395,1.545173,5.012703,6.558596,400
1598871667.317163706,1.362281,4.982343,6.345304,400
1598871667.352514267,1.321851,4.920892,6.243733,400
1598871667.385714531,1.233601,5.056733,6.291074,400
1598871667.418423653,1.339931,5.580548,6.921189,400
1598871667.453261614,1.366771,5.460257,6.827728,400
1598871667.485434532,1.261901,5.517618,6.780149,400
1598871667.518875599,1.383812,4.993073,6.377505,400
1598871667.553324223,1.444992,5.015213,6.460875,400
1598871667.585960388,1.451173,4.525458,5.977331,400
1598871667.621256828,1.309601,4.566929,5.877170,400
1598871667.654159307,1.548303,4.462589,6.011482,400
1598871667.687778473,1.512873,4.915132,6.428435,400
1598871667.721835136,1.381062,4.375697,5.757609,400
1598871667.753899336,1.463693,4.880072,6.344705,400
1598871667.788849115,1.338352,4.756321,6.095593,400
1598871667.821381092,1.548844,4.943092,6.492876,400
1598871667.854890347,1.407542,4.935212,6.343434,400
1598871667.888573408,1.382582,4.175516,5.558788,400
1598871667.922672749,1.440393,3.903113,5.344466,400
1598871667.955586433,1.306211,3.983525,5.290436,400
1598871667.990959406,1.355311,3.972364,5.328395,400
1598871668.023093224,1.354182,3.957464,5.312376,400
1598871668.057173014,1.473333,4.449748,5.923801,400
1598871668.090324879,1.455783,4.448898,5.905371,400
1598871668.124216318,1.317981,5.076384,6.395075,400
1598871668.157349825,1.316552,4.293966,5.611468,400
1598871668.190644741,1.361882,4.788101,6.150693,400
1598871668.224864483,1.288711,4.940822,6.230413,400
1598871668.258626699,1.394602,5.020833,6.416195,400
1598871668.291463614,1.332982,4.984233,6.317955,400
1598871668.325362682,1.402362,5.024523,6.427575,400
1598871668.358487368,1.279581,4.431718,5.712009,400
1598871668.392374039,1.214140,4.334067,5.548867,400
1598871668.427025318,1.393782,4.347047,5.741459,400
1598871668.459865808,1.403822,4.342907,5.747399,400
1598871668.492990494,1.289881,4.414208,5.704789,400
1598871668.528374672,1.390642,4.899742,6.291354,400
1598871668.560586452,1.484722,4.435249,5.920681,400
1598871668.593974113,1.447373,4.385667,5.833740,400
1598871668.628336430,1.373942,4.402407,5.777039,400
1598871668.661463022,1.517183,4.477858,5.995671,400
1598871668.695518255,1.343322,4.405627,5.749669,400
1598871668.729531288,1.363781,4.400818,5.765329,400
1598871668.762096882,1.376272,4.433828,5.810810,400
1598871668.795953512,1.299581,4.367138,5.667459,400
1598871668.832006454,1.355811,4.401738,5.758249,400
1598871668.865125418,1.303552,4.422498,5.726750,400
1598871668.896454573,1.312761,4.416528,5.730069,400
1598871668.930841684,1.364722,4.422608,5.788040,400
1598871668.969364405,1.375632,4.416858,5.793160,400
1598871669.001389742,1.442682,4.486889,5.930331,400
1598871669.033487320,1.368362,4.415208,5.784280,400
1598871669.064468145,1.483013,4.440158,5.923771,400
1598871669.097985268,1.366922,4.390788,5.758390,400
1598871669.132546902,1.463433,4.434928,5.899001,400
1598871669.165911436,1.433983,4.459498,5.894121,400
1598871669.206915140,1.358832,5.000763,6.360325,400
1598871669.233216524,1.302501,5.017703,6.320914,400
1598871669.266410589,1.190920,5.009633,6.201313,400
1598871669.299961567,1.419352,5.060203,6.480225,400
1598871669.334513903,1.501653,5.029013,6.531386,400
1598871669.367803335,1.370652,5.005133,6.376465,400
1598871669.400149584,1.359572,4.988323,6.348555,400
1598871669.435348272,1.502822,5.624219,7.127701,400
1598871669.468465090,1.389542,5.573298,6.963570,400
1598871669.503083467,1.461223,5.626538,7.088471,400
1598871669.534973145,1.316581,4.988263,6.305534,400
1598871669.568033934,1.549563,5.629258,7.179541,400
1598871669.602207661,1.400752,5.619788,7.021170,400
1598871669.636513472,1.398572,5.629738,7.029030,400
1598871669.669566870,1.338941,5.606718,6.946459,400
1598871669.702477455,1.293622,5.608848,6.903140,400
1598871669.737787724,1.402672,5.578888,6.982240,400
1598871669.769692183,1.346821,5.581998,6.929479,400
1598871669.803473949,1.268851,5.574778,6.844319,400
1598871669.837561131,1.607534,5.640308,7.248502,400
1598871669.870846510,1.632124,5.609178,7.242062,400
1598871669.903846741,1.427293,5.576227,7.004220,400
1598871669.938244820,1.420622,5.567128,6.988370,400
1598871669.975734234,1.394152,5.640598,7.035390,400
1598871670.005706072,1.475303,5.567098,7.043151,400
1598871670.039503098,1.573633,5.630239,7.204562,400
1598871670.071776390,1.389182,5.589508,6.979400,400
1598871670.106158733,1.382722,5.603429,6.986811,400
1598871670.139516830,1.388612,5.600138,6.989410,400
1598871670.173475742,1.399452,5.603558,7.003640,400
1598871670.207649708,1.250931,5.558118,6.809859,400
1598871670.245290518,1.357392,5.538508,6.896600,400
1598871670.275936365,1.371722,5.538558,6.911020,400
1598871670.309942007,1.391931,5.013483,6.406224,400
1598871670.342080832,1.333301,4.992683,6.326704,400
1598871670.375220060,1.221980,5.019813,6.242473,400
1598871670.410452127,1.266600,5.021303,6.288583,400
1598871670.443209171,1.314341,5.006123,6.321134,400
1598871670.477227688,1.455772,4.996883,6.453315,400
1598871670.510062695,1.386812,4.418088,5.805610,400
1598871670.542555332,1.441202,4.416138,5.858080,400
1598871670.577080727,1.422722,4.400078,5.823460,400
1598871670.610864878,1.376842,4.907562,6.285064,400
1598871670.645072460,1.423882,5.022923,6.447575,400
1598871670.677162409,1.378472,5.496477,6.875439,400
1598871670.717529297,1.315321,5.520858,6.836809,400
1598871670.745056391,1.466823,5.444227,6.911690,400
1598871670.777622461,1.437362,5.444297,6.882349,400
1598871670.816275835,1.340251,4.970083,6.310974,400
1598871670.845206261,1.340291,4.953533,6.294514,400
1598871670.877939701,1.394992,4.944762,6.340494,400
1598871670.912617445,1.411652,5.515968,6.928600,400
1598871670.945734024,1.527033,5.489247,7.017180,400
1598871670.979529142,1.750185,4.945402,6.696507,400
1598871671.013765812,1.519924,4.962082,6.482686,400
1598871671.046679020,1.638664,5.080224,6.719838,400
1598871671.082240582,1.640934,5.019883,6.661577,400
1598871671.115682602,1.522203,4.399318,5.922261,400
1598871671.148393154,1.411532,4.320377,5.732769,400
1598871671.184499264,1.385362,4.901941,6.287943,400
1598871671.215620279,1.352381,4.347728,5.700849,400
1598871671.247338533,1.466612,4.430818,5.898240,400
1598871671.281677485,1.600564,0.077420,1.678724,400
1598871671.314986944,1.135039,0.076291,1.211580,400
1598871671.349317312,1.395072,0.072231,1.467783,400
1598871671.355050802,1.713215,0.087630,1.801605,400
1598871671.382377625,1.583864,0.133421,1.718285,400
1598871671.415610552,1.527073,0.074061,1.604694,400
1598871671.448965311,1.398992,0.076640,1.476382,400
1598871671.482730627,1.258061,0.074681,1.333232,400
1598871671.517023325,1.404252,0.082601,1.487363,400
1598871671.550406218,1.342332,0.075880,1.419092,400
1598871671.584218264,1.264281,0.076171,1.341022,400
1598871671.617707014,1.397542,0.073531,1.471533,400
1598871671.652344704,1.389702,0.072770,1.462902,400
1598871671.684747458,1.317402,0.078461,1.396443,400
1598871671.718354464,1.480233,0.074031,1.555254,400
1598871671.751698494,1.334152,0.116981,1.451553,400
1598871671.786396027,1.352172,0.090301,1.442993,400
1598871671.819408178,1.668415,0.084710,1.753935,400
1598871671.855219364,1.405402,0.170092,1.576454,400
1598871671.886326551,1.481943,0.098161,1.581034,400
1598871671.919823647,1.363041,0.093271,1.456902,400
1598871671.953420401,1.474883,0.106870,1.582523,400
1598871671.987447023,1.321162,0.100840,1.422622,400
1598871672.023178101,1.449862,0.100001,1.550773,400
1598871672.053628683,1.627974,0.095551,1.724015,400
1598871672.087506533,1.352211,0.100581,1.453382,400
1598871672.121166468,1.513313,0.104751,1.618854,400
1598871672.154586077,1.294902,17.637891,18.933263,400
1598871672.188163042,1.490623,4.875182,6.367015,400
1598871672.223084927,1.772846,4.993832,6.767568,400
1598871672.256742239,1.777345,4.959352,6.737627,400
1598871672.289774179,1.372242,4.946312,6.319264,400
1598871672.323548079,1.584614,4.996562,6.581876,400
1598871672.356699944,1.460422,4.952672,6.413804,400
1598871672.390149832,1.405402,4.930642,6.336724,400
1598871672.425815821,1.378562,4.931762,6.311134,400
1598871672.457687855,1.453583,4.943472,6.397765,400
1598871672.491215706,1.475192,5.540178,7.016040,400
1598871672.525341034,1.451252,5.542577,6.994589,400
1598871672.558149099,1.464483,5.537927,7.003050,400
1598871672.591720581,1.397992,4.942362,6.341054,400
1598871672.626477718,1.356682,4.950202,6.307624,400
1598871672.658705235,1.447622,4.955873,6.404155,400
1598871672.692500353,1.392712,4.892972,6.286224,400
1598871672.726373911,1.511393,4.970663,6.483936,400
1598871672.759823799,1.392202,4.980133,6.373475,400
1598871672.793608189,1.305761,4.985693,6.292194,400
1598871672.826827765,1.679045,4.926082,6.606227,400
1598871672.859882593,1.822786,4.986552,6.810358,400
1598871672.893071175,1.383732,5.006153,6.390765,400
1598871672.927916050,1.357512,4.993603,6.351755,400
1598871672.960774422,1.411182,5.072384,6.484376,400
1598871672.995609999,1.294351,4.968383,6.263194,400
1598871673.027061462,1.374582,5.035913,6.411275,400
1598871673.060463190,1.448632,5.074464,6.523896,400
1598871673.093664169,1.282111,4.960253,6.242814,400
1598871673.129405499,1.397312,5.008413,6.406435,400
1598871673.163822651,1.479543,4.990443,6.470716,400
1598871673.195688725,1.251751,4.981713,6.234194,400
1598871673.230699062,1.465663,4.972733,6.439106,400
1598871673.263981581,1.457052,5.039583,6.497345,400
1598871673.294557810,1.400282,4.928152,6.328834,400
1598871673.328193665,1.476172,5.054674,6.531556,400
1598871673.360428333,1.419092,5.018543,6.438325,400
1598871673.393684149,1.274041,5.019403,6.293844,400
1598871673.427920580,1.445472,5.143445,6.590037,400
1598871673.460371971,1.362982,5.081733,6.445395,400
1598871673.497790098,1.337031,5.079604,6.417375,400
1598871673.528514862,1.269141,0.075420,1.345271,400
1598871673.560782433,1.270511,0.076251,1.347272,400
1598871673.593978882,1.276951,0.078751,1.356202,400
1598871673.627361298,1.437532,0.071441,1.509403,400
1598871673.661265612,1.934027,0.156901,2.091928,400
1598871673.694221735,1.852886,0.094961,1.950227,400
1598871673.727057934,1.956346,0.081871,2.039108,400
1598871673.760931492,2.133708,0.143752,2.278400,400
1598871673.793853045,1.192661,10.936754,12.130385,400
1598871673.827539682,1.382422,10.904814,12.288176,400
1598871673.860432625,1.412083,9.249599,10.662652,400
1598871673.894589663,1.287322,9.215268,10.503340,400
1598871673.927929163,1.458072,9.557222,11.016154,400
1598871673.961594343,1.519053,9.392441,10.912134,400
1598871673.993889332,1.659314,9.353070,11.012994,400
1598871674.027697086,1.638064,9.395211,11.034015,400
1598871674.061401129,1.646984,9.437411,11.085475,400
1598871674.094176769,1.370122,9.162088,10.532710,400
1598871674.128632784,1.537463,9.414091,10.952984,400
1598871674.160959721,1.402612,9.369711,10.773013,400
1598871674.194978714,1.341441,4.496369,5.838580,400
1598871674.228014946,1.433012,4.493379,5.927071,400
1598871674.260848761,1.412032,4.499159,5.911851,400
1598871674.293847799,1.334932,4.513479,5.849031,400
1598871674.328830957,1.378402,4.478919,5.857991,400
1598871674.360957623,1.449322,4.499929,5.949901,400
1598871674.394411564,1.400972,4.477598,5.878980,400
1598871674.428076982,1.437733,4.524359,5.963062,400
1598871674.462051630,1.406402,4.549329,5.956381,400
1598871674.494333267,1.387842,4.581829,5.970351,400
1598871674.528383017,1.311431,4.615480,5.927581,400
1598871674.561296701,1.406322,4.609800,6.016812,400
1598871674.594148159,1.283421,4.576029,5.860080,400
1598871674.628640413,1.331711,4.590630,5.923101,400
1598871674.661862850,1.347451,4.630510,5.978681,400
1598871674.695694685,1.340632,4.585109,5.926391,400
1598871674.727885246,1.325312,5.683869,7.009941,400
1598871674.761841297,1.347101,5.763980,7.111761,400
1598871674.794610977,1.344091,5.647308,6.992019,400
1598871674.829072475,1.436293,5.759379,7.196782,400
1598871674.861434221,1.278991,5.732019,7.011680,400
1598871674.894463062,1.431722,5.623288,7.055560,400
1598871674.928605556,1.347891,5.667289,7.015880,400
1598871674.966236353,1.399972,5.772950,7.173642,400
1598871674.995877981,1.604944,5.650168,7.255742,400
1598871675.029809237,1.612884,5.668828,7.282082,400
1598871675.061224222,1.708304,5.712489,7.421483,400
1598871675.094595909,1.245100,5.138774,6.384534,400
1598871675.128818512,1.367431,4.624660,5.992791,400
1598871675.160945415,1.312221,4.644680,5.957551,400
1598871675.195092440,1.397102,4.652499,6.050261,400
1598871675.228470802,1.376012,4.653730,6.030502,400
1598871675.262037754,1.348951,4.652470,6.002101,400
1598871675.294520378,1.326531,4.631240,5.958481,400
1598871675.328691959,1.404032,4.683130,6.087932,400
1598871675.361342192,1.354792,4.608129,5.963721,400
1598871675.397740602,1.240471,4.633310,5.874491,400
1598871675.431623459,1.419352,4.317787,5.737819,400
1598871675.463925838,1.382711,4.304927,5.688298,400
1598871675.497541666,1.363102,4.339107,5.702949,400
1598871675.528775930,1.421493,4.337237,5.759410,400
1598871675.565757036,1.534543,4.199756,5.735049,400
1598871675.597016811,1.402592,4.239167,5.642389,400
1598871675.630442858,1.476402,4.692471,6.169573,400
1598871675.662129641,1.359981,4.670990,6.031661,400
1598871675.695365429,1.372512,4.764451,6.137673,400
1598871675.728877306,1.349042,0.075120,1.424972,400
1598871675.762195587,1.393992,0.082381,1.477373,400
1598871675.796383142,1.409802,0.077750,1.488392,400
1598871675.829503536,1.316961,0.074561,1.391972,400
1598871675.861485004,1.506103,0.076291,1.582874,400
1598871675.898804188,1.235171,0.077160,1.312901,400
1598871675.930579185,1.334392,0.103061,1.438603,400
1598871675.962844372,1.461492,0.082271,1.544273,400
1598871675.995457172,1.282780,0.077821,1.361101,400
1598871676.029520750,1.393942,0.083101,1.477453,400
1598871676.062017918,1.338542,0.083730,1.422722,400
1598871676.094839334,1.318032,0.074610,1.393022,400
1598871676.129317045,1.431393,7.163531,8.595364,400
1598871676.161993265,1.374212,7.810317,9.185529,400
1598871676.195280075,1.372752,8.506443,9.880005,400
1598871676.230999708,1.371652,10.985364,12.357706,400
1598871676.262100697,1.465443,10.583761,12.050004,400
1598871676.295357943,1.324561,12.045294,13.370575,400
1598871676.329973936,1.432562,11.694811,13.128153,400
1598871676.362221718,1.356752,11.646630,13.004092,400
1598871676.396723509,1.396532,10.521651,11.918943,400
1598871676.433008432,1.424682,10.638182,12.063644,400
1598871676.464267731,1.469552,15.025719,16.496001,400
1598871676.497788906,1.256791,14.479554,15.737085,400
1598871676.532372236,1.272441,4.437608,5.710879,400
1598871676.563349962,1.377642,4.446288,5.824650,400
1598871676.595775604,1.212421,4.472348,5.685489,400
1598871676.629549503,1.282251,0.077541,1.360482,400
1598871676.662369967,1.543444,0.074970,1.618864,400
1598871676.695782900,1.289171,0.072951,1.362622,400
1598871676.728972912,1.415402,6.159413,7.575345,400
1598871676.762127638,1.299791,6.240214,7.540815,400
1598871676.795315981,1.330371,6.222984,7.554115,400
1598871676.828868151,1.291241,6.204133,7.496094,400
1598871676.862239122,1.447952,6.236214,7.684916,400
1598871676.895109177,1.392221,6.225774,7.618695,400
1598871676.930020094,1.452833,6.197693,7.651196,400
1598871676.963413000,1.512743,6.179123,7.692576,400
1598871676.995491028,1.456213,6.144473,7.601366,400
1598871677.030461311,1.549003,6.015731,7.565414,400
1598871677.068541288,1.289501,6.094202,7.384413,400
1598871677.097276449,1.387082,6.051072,7.438954,400
1598871677.131036520,1.316811,0.076311,1.393892,400
1598871677.164750814,1.225880,4.542619,5.768879,400
1598871677.196962357,1.368562,4.592890,5.962172,400
1598871677.231000900,1.385652,4.528069,5.914471,400
1598871677.263603926,1.488263,4.634500,6.123453,400
1598871677.296523094,1.355082,4.609109,5.964561,400
1598871677.330280066,1.455913,4.669270,6.126423,400
1598871677.362737179,1.320191,4.672720,5.993701,400
1598871677.397795916,1.367112,4.686380,6.054172,400
1598871677.430339813,1.378432,4.690610,6.069762,400
1598871677.465248585,1.328552,4.691310,6.020602,400
1598871677.499178886,1.469792,4.689090,6.159332,400
1598871677.532996416,1.515913,4.760620,6.277643,400
1598871677.565116167,1.562303,4.303947,5.866940,400
1598871677.596352339,1.524934,4.299816,5.825430,400
1598871677.630562305,1.554304,4.295276,5.850250,400
1598871677.663385391,1.404322,4.319347,5.724369,400
1598871677.696038008,1.418302,4.282237,5.701229,400
1598871677.729819059,1.475612,4.295057,5.771339,400
1598871677.763603449,1.524683,4.311147,5.836560,400
1598871677.796439886,1.380322,4.270257,5.651279,400
1598871677.830254793,1.461823,4.263346,5.725879,400
1598871677.862664938,1.520433,0.082360,1.603593,400
1598871677.895974159,1.238941,0.072780,1.312251,400
1598871677.929975510,1.418282,0.070890,1.489632,400
1598871677.962944031,1.517913,0.079331,1.597724,400
1598871677.996031761,1.355192,6.420925,7.776577,400
1598871678.030993938,1.265831,6.454785,7.721356,400
1598871678.063642740,1.419312,6.323274,7.743176,400
1598871678.101027012,1.312641,6.357065,7.670446,400
1598871678.130126953,1.329222,6.349454,7.679616,400
1598871678.162805796,1.403792,6.420605,7.825207,400
1598871678.196223974,1.319882,7.198161,8.519043,400
1598871678.230274916,1.382992,6.981160,8.365092,400
1598871678.265220404,1.293211,6.906339,8.200220,400
1598871678.297292709,1.275221,6.688848,7.964829,400
1598871678.330200672,1.295971,6.807078,8.103929,400
1598871678.363880157,1.414982,6.698558,8.114270,400
1598871678.397294044,1.328981,4.123956,5.453667,400
1598871678.430570126,1.730045,4.117196,5.848021,400
1598871678.463711262,1.811795,4.102635,5.915140,400
1598871678.496873379,1.664584,4.103785,5.769129,400
1598871678.530539751,1.788436,4.119245,5.908411,400
1598871678.563978434,1.723525,4.153185,5.877430,400
1598871678.596686840,1.774126,4.213116,5.988132,400
1598871678.630776167,1.772995,4.094206,5.867871,400
1598871678.663867950,1.704164,4.126886,5.831840,400
1598871678.696904898,1.691735,3.620731,5.313206,400
1598871678.732663631,1.492913,3.653462,5.147075,400
1598871678.764695406,1.370632,3.639681,5.011073,400
1598871678.796713591,1.319861,4.137066,5.457707,400
1598871678.830568314,1.356891,4.145816,5.503487,400
1598871678.863618612,1.552323,4.193896,5.746919,400
1598871678.896965027,1.279651,4.076865,5.356986,400
1598871678.930391550,1.548863,4.009594,5.559537,400
1598871678.968488693,1.396432,4.040904,5.438056,400
1598871678.996863365,1.527723,4.064475,5.592858,400
1598871679.031984806,1.249380,4.032075,5.282205,400
1598871679.068289280,1.529123,4.080135,5.609978,400
1598871679.098541260,1.326312,4.057455,5.384297,400
1598871679.131410360,1.373901,4.073895,5.448576,400
1598871679.163909197,1.458802,4.064415,5.523877,400
1598871679.198045492,1.503743,4.027874,5.532367,400
1598871679.232214689,1.324892,4.044974,5.370556,400
1598871679.265532017,1.487063,4.056224,5.544017,400
1598871679.299010277,1.246701,4.051024,5.298435,400
1598871679.331026316,1.362422,4.049294,5.412426,400
1598871679.364682436,1.579043,4.076435,5.656178,400
1598871679.397515535,1.498442,4.083945,5.583037,400
1598871679.430699587,1.562194,4.053595,5.616479,400
1598871679.464975834,1.391142,4.100185,5.492037,400
1598871679.497314930,1.258470,4.062715,5.321615,400
1598871679.530610085,1.599413,4.124616,5.725039,400
1598871679.563956261,1.550244,4.198536,5.749550,400
1598871679.597163677,1.403462,4.123766,5.527828,400
1598871679.630858183,1.457803,4.119585,5.578048,400
1598871679.663603544,1.383702,4.172696,5.557088,400
1598871679.701446295,2.769234,4.149946,6.919580,398
1598871679.732618809,3.363858,4.402418,7.767376,398
1598871679.764889002,1.397592,4.226967,5.625269,400
1598871679.797958374,1.516074,4.209295,5.726089,400
1598871679.831185818,3.421910,4.454948,7.877568,398
1598871679.865007639,1.495943,4.158695,5.655318,400
1598871679.898035765,3.404339,4.240767,7.645936,398
1598871679.931047678,1.419992,4.110375,5.531087,400
1598871679.965119600,1.496373,4.152886,5.649949,400
1598871679.997562170,3.505350,4.312817,7.818877,398
1598871680.030755997,1.376032,4.072645,5.449667,400
1598871680.064824820,1.517593,4.138986,5.657259,400
1598871680.097501278,1.222461,4.132865,5.356046,400
1598871680.130656719,1.367402,4.122995,5.491307,400
1598871680.164689064,1.426662,4.180716,5.608128,400
1598871680.197295189,1.436912,4.168656,5.606328,400
1598871680.231547117,1.387302,4.140075,5.528097,400
1598871680.264719963,1.355961,4.659130,6.015741,400
1598871680.298055887,1.522323,4.782861,6.305904,400
1598871680.332925797,1.347581,4.238877,5.587288,400
1598871680.364907980,1.375822,4.248486,5.625078,400
1598871680.397844315,1.409952,4.316197,5.726799,400
1598871680.435462713,1.452672,4.795782,6.249124,400
1598871680.465589285,1.533834,4.836061,6.370565,400
1598871680.497615576,1.359702,4.738841,6.098983,400
1598871680.534363508,3.447630,5.073903,8.522263,398
1598871680.565693378,1.582554,4.793611,6.377025,400
1598871680.597883463,1.410032,4.777221,6.188043,400
1598871680.632770777,1.452692,4.805122,6.258474,400
1598871680.665034771,1.530733,4.845251,6.376624,400
1598871680.697898149,1.391801,5.415057,6.807238,400
1598871680.732369184,3.523311,5.660498,9.184899,398
1598871680.765063047,1.350122,5.638078,6.988890,400
1598871680.798696518,1.241370,5.436167,6.678397,400
1598871680.833374262,1.287151,5.515257,6.803218,400
1598871680.871491671,1.515313,5.061074,6.577467,400
1598871680.899531603,1.336551,4.972713,6.309844,400
1598871680.934873819,1.305821,5.057553,6.364064,400
1598871680.966968536,1.451913,4.652280,6.104873,400
1598871681.001447678,1.366791,4.120196,5.487727,400
1598871681.034396410,3.423260,4.221436,7.645896,398
1598871681.069437981,1.405262,4.157216,5.563148,400
1598871681.102706909,1.518323,4.198596,5.717699,400
1598871681.136969805,3.625491,4.350347,7.976518,398
1598871681.170188665,1.423433,4.188096,5.612219,400
1598871681.201375246,1.448152,4.161096,5.609638,400
1598871681.235953093,3.433959,4.384038,7.818747,398
1598871681.269294500,1.418192,4.163356,5.582278,400
1598871681.301724672,3.333589,4.864042,8.198281,398
1598871681.335309029,1.365412,4.795821,6.162033,400
1598871681.368928432,1.523903,4.843121,6.367694,400
1598871681.401931047,1.282541,4.747450,6.030341,400
1598871681.436194658,1.483282,4.799491,6.283773,400
1598871681.469089270,1.433212,4.681120,6.115022,400
1598871681.501722813,1.414382,5.469087,6.884159,400
1598871681.536459208,1.483653,5.475557,6.959890,400
1598871681.568730116,1.546683,5.351426,6.898729,400
1598871681.604460478,1.523573,5.327095,6.851078,400
1598871681.636073589,1.287291,4.950243,6.238504,400
1598871681.669563532,1.324862,5.112844,6.438656,400
1598871681.703377962,3.692681,4.963713,8.657254,398
1598871681.736339808,1.646944,4.849682,6.497376,400
1598871681.769879341,1.682955,5.110774,6.794519,400
1598871681.808025360,1.853896,5.458847,7.313543,400
1598871681.840816975,3.515190,5.427217,8.943237,398
1598871681.869326353,1.468502,4.959283,6.428465,400
1598871681.902075529,1.540543,4.849942,6.391235,400
1598871681.936747789,3.505970,5.052733,8.559543,398
1598871681.969012499,1.393371,5.640039,7.034110,400
1598871682.002941132,1.313501,5.630709,6.944940,400
1598871682.036065817,1.576224,5.633668,7.210582,400
1598871682.069370985,1.429382,5.812930,7.243012,400
1598871682.102190971,1.451803,5.725549,7.177802,400
1598871682.135973215,1.505963,5.975961,7.483074,400
1598871682.169364929,1.558444,6.043742,7.602856,400
1598871682.202767372,1.380402,5.784070,7.164932,400
1598871682.236280918,1.494053,5.847020,7.342133,400
1598871682.270623684,1.402202,5.995811,7.398693,400
1598871682.302314520,1.498653,5.863190,7.362453,400
1598871682.335845709,1.562673,5.905541,7.468924,400
1598871682.370641470,1.543844,6.053322,7.597966,400
1598871682.403894186,1.236390,6.033572,7.270982,400
1598871682.435938835,1.415962,5.809840,7.226582,400
1598871682.470731497,1.358492,5.811520,7.170702,400
1598871682.502389669,1.431032,0.078161,1.509913,400
1598871682.536195755,1.557493,0.076301,1.634344,400
1598871682.570298910,1.375192,0.083840,1.459552,400
1598871682.603355169,1.420012,0.075981,1.496363,400
1598871682.636269569,1.237180,0.073631,1.311061,400
1598871682.670320034,1.578334,0.075101,1.654255,400
1598871682.703753710,1.290611,0.078550,1.369591,400
1598871682.736468792,1.357072,0.084751,1.442263,400
1598871682.769645452,1.450912,0.082101,1.533653,400
1598871682.803783178,1.186220,0.073191,1.259721,400
1598871682.837038040,1.435532,8.505043,9.941045,400
1598871682.870469809,1.409272,17.618091,19.028113,400
1598871682.904500008,1.330661,23.564982,24.896473,400
1598871682.936462879,1.475853,25.329167,26.805820,400
1598871682.969941378,1.433942,25.275337,26.710059,400
1598871683.003976822,1.415422,25.116265,26.532407,400
1598871683.036582947,1.486193,24.971654,26.458637,400
1598871683.069889069,1.379982,24.532340,25.913022,400
1598871683.103223562,1.278051,23.846075,25.124906,400
1598871683.137005568,1.444062,22.787926,24.232788,400
1598871683.169475317,1.561033,19.640489,21.201972,400
1598871683.202978611,1.436302,19.188865,20.626487,400
1598871683.236819744,1.411802,6.188423,7.601045,400
1598871683.270452976,1.406292,6.087312,7.494374,400
1598871683.304281235,1.340572,6.283374,7.624716,400
1598871683.337787628,1.356872,6.464346,7.821958,400
1598871683.373369217,1.399712,6.546266,7.946748,400
1598871683.408220768,1.371951,7.045871,8.418602,400
1598871683.439107418,1.413142,6.984520,8.398452,400
1598871683.477537155,1.412202,7.938269,9.351231,400
1598871683.508670807,1.447073,7.100501,8.548314,400
1598871683.540316820,1.288521,7.132431,8.421652,400
1598871683.574006319,1.495373,7.734386,9.230499,400
1598871683.607565641,1.272721,7.040810,8.314201,400
1598871683.643444538,1.418982,6.890119,8.309791,400
1598871683.676798820,1.334911,6.696378,8.032019,400
1598871683.710454702,1.397282,6.773398,8.171470,400
1598871683.741318941,1.399502,7.385344,8.785586,400
1598871683.775552034,1.319912,6.282714,7.603336,400
1598871683.809012413,1.319852,6.206343,7.526935,400
1598871683.842918158,1.403442,5.633418,7.037600,400
1598871683.876606464,1.375771,5.618549,6.994970,400
1598871683.911002874,1.245091,5.586438,6.832259,400
1598871683.943564892,1.372792,0.075790,1.449292,400
1598871683.977213621,1.376641,0.073651,1.450752,400
1598871684.010472298,1.349641,0.073401,1.423492,400
1598871684.045181513,1.276010,0.073771,1.350271,400
1598871684.077429295,1.395212,8.476633,9.872565,400
1598871684.111009121,1.336831,8.655175,9.992726,400
1598871684.144744396,1.354452,10.818862,12.174064,400
1598871684.177888632,1.485692,12.107524,13.593916,400
1598871684.211401224,1.282951,11.132175,12.415846,400
1598871684.245558023,1.553593,10.546000,12.103163,400
1598871684.279993773,1.507193,9.256679,10.771022,400
1598871684.313616037,1.672964,10.879744,12.556808,400
1598871684.346142769,1.506632,13.235894,14.745937,400
1598871684.379574299,1.723055,14.280572,16.007717,400
1598871684.416797876,1.485753,11.449578,12.940001,400
1598871684.446882486,1.538743,10.847163,12.389907,400
1598871684.480455399,1.586383,5.967211,7.557104,400
1598871684.513537169,1.540583,4.766001,6.310294,400
1598871684.546714306,1.729555,4.733111,6.467096,400
1598871684.581188202,1.515793,0.162411,1.681824,400
1598871684.614783049,1.546623,0.182442,1.732115,400
1598871684.647774696,1.561203,0.175622,1.742546,400
1598871684.681769609,1.573593,0.176722,1.755876,400
1598871684.715383291,1.856046,0.176802,2.038978,400
1598871684.748475552,1.712995,0.180512,1.900627,400
1598871684.782805681,1.622703,0.167772,1.793665,400
1598871684.816288948,1.633684,0.186762,1.824336,400
1598871684.851029634,1.450642,0.141442,1.599524,400
1598871684.882886887,1.701634,0.148841,1.854975,400
1598871684.917010069,1.523593,0.156711,1.685764,400
1598871684.950544119,1.416392,0.126851,1.545023,400
1598871684.956321716,1.607654,0.155051,1.766515,400
1598871684.983502150,1.310311,0.183501,1.496302,400
1598871685.017274857,1.463542,0.143502,1.613644,400
1598871685.050805092,1.673754,0.167872,1.843946,400
1598871685.085715532,1.509433,0.191992,1.703665,400
1598871685.117955923,1.618574,0.156931,1.778675,400
1598871685.153176546,1.397722,0.151131,1.551713,400
1598871685.185512304,1.367752,0.086341,1.454933,400
1598871685.219078779,1.389302,0.073680,1.463512,400
1598871685.253061056,1.327242,0.073120,1.400872,400
1598871685.286417961,1.589024,0.075390,1.665064,400
1598871685.320353746,1.348072,0.082921,1.432873,400
1598871685.353312016,1.493012,0.080611,1.574583,400
1598871685.387621164,1.401132,0.075571,1.477473,400
1598871685.420837164,1.400262,0.076241,1.476823,400
1598871685.454215527,1.574173,0.074141,1.648874,400
1598871685.488998175,1.350921,0.072031,1.423362,400
1598871685.522818804,1.482813,0.077150,1.560373,400
1598871685.554599524,1.583293,0.080671,1.664894,400
1598871685.588596344,1.360262,0.081650,1.442822,400
1598871685.622062206,1.314241,0.077271,1.392102,400
1598871685.655580282,1.422062,0.075221,1.497903,400
1598871685.689781904,1.497262,0.073331,1.571063,400
1598871685.724434137,1.314901,0.082841,1.398692,400
1598871685.756506443,1.433282,0.076841,1.510613,400
1598871685.790508747,1.465912,0.074251,1.540573,400
1598871685.824831963,1.448382,0.074591,1.523543,400
1598871685.857827425,1.556543,0.076200,1.633153,400
1598871685.892665625,1.484433,0.085201,1.571424,400
1598871685.925268412,1.462712,0.074971,1.538533,400
1598871685.958881140,1.266441,0.072080,1.339081,400
1598871685.996985912,1.312352,0.083741,1.396583,400
1598871686.028506279,1.424512,0.075961,1.501343,400
1598871686.060816050,1.364341,0.074531,1.439312,400
1598871686.094074965,1.454773,0.076360,1.531753,400
1598871686.126542568,1.332951,0.070171,1.403512,400
1598871686.159742594,1.461682,0.073361,1.535493,400
1598871686.194849014,1.430923,0.071610,1.503073,400
1598871686.228997469,1.368341,0.071421,1.440152,400
1598871686.261409044,1.711824,0.072091,1.784395,400
1598871686.294388533,1.340501,0.070521,1.411392,400
1598871686.328564405,1.473333,0.072370,1.546123,400
1598871686.361731291,1.366472,0.070741,1.437633,400
1598871686.394797087,1.318871,0.070461,1.389782,400
1598871686.434163809,1.507033,0.080331,1.588284,400
1598871686.465390444,1.428223,0.072710,1.501423,400
1598871686.495603800,1.432962,0.072691,1.506273,400
1598871686.530295372,1.357062,0.077531,1.435063,400
1598871686.562680483,1.482443,0.071281,1.554114,400
1598871686.597564697,1.527493,0.116451,1.644324,400
1598871686.631106377,1.396422,0.089601,1.486563,400
1598871686.663887262,1.409733,0.098510,1.508773,400
1598871686.698703289,1.331682,0.088450,1.420652,400
1598871686.736516953,1.198880,0.094781,1.293951,400
1598871686.765748262,1.493373,0.086771,1.580724,400
1598871686.800238609,1.353611,0.098651,1.452922,400
1598871686.833766937,1.504623,0.095001,1.600094,400
1598871686.866066694,1.488833,0.094421,1.583714,400
1598871686.898978472,1.269601,0.107441,1.377642,400
1598871686.933329821,1.387562,0.103241,1.491313,400
1598871686.965950251,1.401112,0.122171,1.523783,400
1598871687.002993584,1.376202,3.172587,4.549559,400
1598871687.035904408,1.459542,3.593851,5.054223,400
1598871687.067249298,1.420192,3.575561,4.996393,400
1598871687.099752188,1.255391,3.528170,4.784251,400
1598871687.135477304,1.373982,3.227388,4.602060,400
1598871687.167326689,1.370122,3.261848,4.632680,400
1598871687.201864481,1.343511,3.247628,4.591849,400
1598871687.235549450,1.387322,3.451720,4.839822,400
1598871687.268608093,1.520713,3.433630,4.954803,400
1598871687.301931143,1.313022,3.393539,4.707341,400
1598871687.336706877,1.344981,3.369379,4.715080,400
1598871687.369688749,1.370962,3.366469,4.738151,400
1598871687.402788639,1.304461,3.361469,4.666640,400
1598871687.436213732,1.291031,3.583981,4.875702,400
1598871687.470196724,1.309801,3.571201,4.881702,400
1598871687.503360033,1.445053,3.555180,5.000963,400
1598871687.537680864,1.354591,3.578651,4.933942,400
1598871687.570646524,1.422793,3.552920,4.976423,400
1598871687.604010820,1.405362,3.534660,4.940762,400
1598871687.638493061,1.207051,3.516240,4.724061,400
1598871687.671538591,1.435543,3.815872,5.252115,400
1598871687.704845190,1.255851,3.798822,5.055523,400
1598871687.740740776,1.445633,3.793722,5.240025,400
1598871687.774149895,1.325061,3.546951,4.872732,400
1598871687.805765390,1.294171,3.613441,4.908032,400
1598871687.841124296,1.221920,3.459570,4.682220,400
1598871687.873148918,1.353782,3.486860,4.841352,400
1598871687.907582521,1.388792,3.479140,4.868622,400
1598871687.941055059,1.337351,3.472560,4.810611,400
1598871687.977197886,1.358602,3.468249,4.827591,400
1598871688.007791758,1.154550,3.458059,4.613439,400
1598871688.041396379,1.439072,3.477810,4.917552,400
1598871688.075354815,1.468382,3.474360,4.943392,400
1598871688.110055208,1.353381,3.418010,4.772191,400
1598871688.143003941,1.377741,3.376599,4.754990,400
1598871688.180892229,1.372812,3.407209,4.780701,400
1598871688.213268757,1.243570,3.675242,4.919542,400
1598871688.245141268,1.252941,3.997024,5.250615,400
1598871688.276494026,1.451733,3.987774,5.440267,400
1598871688.310356379,1.436722,3.605331,5.042713,400
1598871688.345966578,1.450793,3.603071,5.054494,400
1598871688.376479387,1.351081,3.681962,5.033743,400
1598871688.411833048,1.415123,3.670901,5.086704,400
1598871688.446656704,1.374272,3.979564,5.354536,400
1598871688.478738785,1.324871,0.075451,1.400982,400
1598871688.512355328,1.277571,0.077231,1.355382,400
1598871688.545006514,1.481412,0.077101,1.559033,400
1598871688.579380751,1.291921,0.072601,1.364982,400
1598871688.613677025,1.369832,0.074120,1.444572,400
1598871688.646883011,1.408252,0.071280,1.479982,400
1598871688.679268837,1.201291,0.074991,1.276532,400
1598871688.713509560,1.375742,8.375132,9.751414,400
1598871688.746767998,1.508823,8.257471,9.766984,400
1598871688.781145096,1.510363,8.222481,9.733554,400
1598871688.814187050,1.339991,9.245799,10.586540,400
1598871688.847301006,1.542614,9.248269,10.791643,400
1598871688.881532669,1.493983,9.226419,10.721152,400
1598871688.915190697,1.482452,9.269070,10.752262,400
1598871688.948547125,1.458032,9.299990,10.758812,400
1598871688.981758118,1.514413,9.269620,10.784733,400
1598871689.015734911,1.378802,0.077451,1.456933,400
1598871689.049463272,1.535453,11.304157,12.840060,400
1598871689.083732128,1.349792,11.194146,12.544698,400
1598871689.116043568,1.305261,11.129076,12.435117,400
1598871689.151973963,2.135488,5.274886,7.411184,398
1598871689.183228493,1.424192,4.709761,6.134713,400
1598871689.217481852,1.446663,4.722280,6.169713,400
1598871689.250379801,1.348432,4.789001,6.138073,400
1598871689.284723282,1.456612,4.764571,6.221873,400
1598871689.319138050,1.318911,4.738881,6.058512,400
1598871689.351936579,1.247371,4.663490,5.911681,400
1598871689.357656479,1.468593,4.730870,6.200243,400
1598871689.385594845,1.272581,4.270847,5.544188,400
1598871689.418578625,1.548993,3.903983,5.454146,400
1598871689.452826738,1.381042,3.995234,5.376956,400
1598871689.485486507,1.236611,3.858473,5.095914,400
1598871689.519855738,1.495583,3.973354,5.469487,400
1598871689.553203106,1.490773,4.061284,5.552827,400
1598871689.590172052,1.279742,3.987364,5.267806,400
1598871689.621688366,1.378552,3.973024,5.352266,400
1598871689.654706955,1.421132,3.994064,5.415866,400
1598871689.688852787,1.223300,3.994695,5.218785,400
1598871689.722652674,1.393422,3.973264,5.367496,400
1598871689.754158020,1.549803,3.964714,5.515167,400
1598871689.790014982,1.402352,4.411478,5.814480,400
1598871689.822410345,1.391832,4.362177,5.754439,400
1598871689.857085228,1.469362,4.407558,5.877690,400
1598871689.895478964,1.274661,4.361958,5.637499,400
1598871689.924709320,1.538653,4.882412,6.421725,400
1598871689.957181931,1.402972,4.927772,6.331404,400
1598871689.989787340,1.470883,4.435458,5.907011,400
1598871690.024311304,1.523233,4.359258,5.882941,400
1598871690.057569504,1.326311,4.426978,5.754049,400
1598871690.091485977,1.280431,4.852932,6.134073,400
1598871690.125418425,1.482563,5.430666,6.913939,400
1598871690.164062500,1.515833,5.390857,6.907360,400
1598871690.191548824,1.305571,4.836471,6.142912,400
1598871690.225169659,1.502653,4.364398,5.867751,400
1598871690.266910076,1.550693,3.891854,5.443227,400
1598871690.293065786,1.241341,3.912643,5.154674,400
1598871690.325946331,1.436452,3.920614,5.357766,400
1598871690.359754086,1.314991,3.894984,5.210765,400
1598871690.394740820,1.365472,3.872783,5.238995,400
1598871690.428226233,1.319742,3.913553,5.234115,400
1598871690.462800980,1.569703,3.989185,5.559548,400
1598871690.493454695,1.238141,3.980684,5.219515,400
1598871690.527836323,1.460802,3.981275,5.442827,400
1598871690.561447859,1.522073,4.352507,5.875290,400
1598871690.595467329,1.481452,4.397278,5.879520,400
1598871690.629456520,1.458823,4.341767,5.801010,400
1598871690.662478209,1.540353,4.357648,5.898691,400
1598871690.696523905,1.381391,4.376748,5.758849,400
1598871690.729796171,1.335791,4.382518,5.719059,400
1598871690.763134480,1.486453,4.341737,5.828980,400
1598871690.801381826,1.328972,4.351867,5.681559,400
1598871690.830643177,1.379372,4.352007,5.732109,400
1598871690.863372087,1.402752,4.773651,6.177163,400
1598871690.897452116,1.303301,4.810621,6.114632,400
1598871690.930712223,1.260631,4.810311,6.071722,400
1598871690.964020252,1.494403,5.259875,6.754768,400
1598871690.997345924,1.231430,5.400347,6.632917,400
1598871691.031464100,1.361412,5.400856,6.763018,400
1598871691.065371990,1.517123,5.490517,7.008310,400
1598871691.098747730,1.415062,4.375657,5.791549,400
1598871691.133568764,1.391522,4.369728,5.762020,400
1598871691.167593002,1.498112,4.013245,5.512057,400
1598871691.200403690,1.287251,4.410937,5.698828,400
1598871691.234218836,1.351122,4.463358,5.815260,400
1598871691.266910076,1.425203,0.077590,1.503623,400
1598871691.300450802,1.120489,0.074371,1.195140,400
1598871691.336419821,1.355942,0.072751,1.429243,400
1598871691.369310617,1.456962,0.084271,1.542203,400
1598871691.401565552,1.136080,0.075041,1.211401,400
1598871691.435130596,1.431372,0.082121,1.514413,400
1598871691.468006611,1.568384,0.077170,1.646044,400
1598871691.507553339,1.133280,0.075440,1.209020,400
1598871691.535419941,1.499683,0.075421,1.575704,400
1598871691.568831682,1.348241,0.074381,1.423142,400
1598871691.602514267,1.400552,0.073360,1.474292,400
1598871691.636711836,1.546493,12.885460,14.432663,400
1598871691.672346115,1.298191,17.436479,18.735550,400
1598871691.703328371,1.540024,15.999677,17.540511,400
1598871691.737741232,1.363151,13.713008,15.076909,400
1598871691.770414114,1.384822,13.498166,14.883818,400
1598871691.802942038,1.416533,13.427715,14.844818,400
1598871691.837388515,1.303901,13.468636,14.773397,400
1598871691.870868683,1.360732,16.907175,18.268687,400
1598871691.904883385,1.312701,14.726106,16.039597,400
1598871691.938978910,1.579304,14.549535,16.129809,400
1598871691.976784706,1.496993,18.705141,20.202854,400
1598871692.005757093,1.337792,16.195869,17.534371,400
1598871692.040665388,1.445652,4.317677,5.764039,400
1598871692.078404427,1.478352,0.078241,1.557333,400
1598871692.106677532,1.457512,0.076781,1.534923,400
1598871692.140776157,1.336231,0.075301,1.412152,400
1598871692.173503876,1.417962,0.078461,1.497073,400
1598871692.207360029,1.291211,0.072381,1.364062,400
1598871692.241666079,1.421102,0.073281,1.494803,400
1598871692.274131298,1.323711,0.072001,1.396152,400
1598871692.309127808,1.374222,0.072390,1.446992,400
1598871692.343090773,1.508393,0.076531,1.585324,400
1598871692.375205994,1.332762,0.071370,1.404572,400
1598871692.408786058,1.486643,0.071330,1.558363,400
1598871692.443650484,1.373502,0.071980,1.446172,400
1598871692.475662231,1.331191,0.074521,1.406092,400
1598871692.510441542,1.377432,0.117501,1.495503,400
1598871692.544964790,1.365012,0.088510,1.454012,400
1598871692.578326464,1.517923,0.069741,1.588364,400
1598871692.611586094,1.357482,0.087630,1.445442,400
1598871692.645923615,1.445893,0.095931,1.542394,400
1598871692.679261684,1.582293,0.093811,1.676554,400
1598871692.713842154,1.468413,0.099071,1.568014,400
1598871692.746510744,1.530123,0.093171,1.623744,400
1598871692.779682875,1.368922,0.094970,1.464402,400
1598871692.813409328,1.581854,0.109601,1.692005,400
1598871692.847739458,1.319451,0.100011,1.420402,400
1598871692.879852533,2.145868,0.222892,2.372300,400
1598871692.912986040,2.019317,0.115161,2.135148,400
1598871692.945990562,1.843026,4.989393,6.832999,400
1598871692.980822086,2.023747,5.350856,7.375353,400
1598871693.013318300,1.823686,4.281476,6.106072,400
1598871693.046762466,1.962737,4.166316,6.129743,400
1598871693.080428600,1.996397,5.207675,7.204942,400
1598871693.113763571,2.027668,4.976002,7.004600,400
1598871693.149039030,1.960127,4.965663,6.926530,400
1598871693.181430817,1.928437,4.930012,6.859229,400
1598871693.215303183,1.919747,4.860391,6.780928,400
1598871693.248508930,1.786025,5.008053,6.794848,400
1598871693.286204338,1.848346,4.935602,6.784728,400
1598871693.315984964,2.118769,4.931882,7.051341,400
1598871693.350382805,1.914287,5.486287,7.401324,400
1598871693.384956598,1.840276,0.080350,1.921386,400
1598871693.420357943,2.062718,0.154002,2.217260,400
1598871693.449994802,1.169690,0.088931,1.259531,400
1598871693.483994722,1.496732,7.767427,9.265029,400
1598871693.517799377,1.441562,8.155660,9.598012,400
1598871693.550421715,1.414042,8.115430,9.530242,400
1598871693.584809065,1.446493,0.077080,1.524383,400
1598871693.617757559,1.409432,0.076821,1.486763,400
1598871693.651853800,1.419282,0.079501,1.499433,400
1598871693.685301304,1.399112,0.078580,1.478142,400
1598871693.719433069,1.389192,0.076231,1.465783,400
1598871693.725407362,1.425693,0.073300,1.499363,400
1598871693.752729893,1.572613,0.079611,1.652744,400
1598871693.785744429,1.412232,0.075871,1.488533,400
1598871693.819866657,1.468943,0.076590,1.546053,400
1598871693.855288029,1.371842,0.080561,1.452853,400
1598871693.887292385,1.391892,0.073271,1.465553,400
1598871693.920886040,1.492943,0.078341,1.571644,400
1598871693.954816341,1.356391,0.070981,1.427712,400
1598871693.987904310,1.339661,0.070271,1.410482,400
1598871694.024582624,1.349371,0.073521,1.423342,400
1598871694.057618380,1.456962,0.113911,1.571543,400
1598871694.090981960,1.364192,0.071910,1.436672,400
1598871694.126396656,1.366472,0.069401,1.436243,400
1598871694.156943798,1.465222,0.071241,1.536903,400
1598871694.193081379,1.395352,0.069230,1.465012,400
1598871694.225474596,1.261570,0.067131,1.329181,400
1598871694.257672310,1.403702,0.071941,1.476153,400
1598871694.290543556,1.458412,0.070381,1.529184,400
1598871694.325530529,1.482683,0.067791,1.550844,400
1598871694.359293938,1.328071,0.068391,1.396882,400
1598871694.390508890,1.437133,0.071050,1.508763,400
1598871694.424391031,1.337932,0.114151,1.452583,400
1598871694.458738565,1.456563,0.104121,1.561404,400
1598871694.491588354,1.515213,0.106691,1.622474,400
1598871694.526860476,1.360441,0.103941,1.464952,400
1598871694.559165001,1.518443,0.104831,1.623844,400
1598871694.592535257,1.328782,0.106171,1.435543,400
1598871694.625831127,1.392082,0.105501,1.498103,400
1598871694.659404755,1.280351,0.103991,1.384912,400
1598871694.693137169,1.454423,0.111610,1.566493,400
1598871694.726746559,1.502692,0.114811,1.618033,400
1598871694.764557600,1.332251,0.115061,1.448422,400
1598871694.793661118,1.448143,9.285519,10.734392,400
1598871694.827608347,1.495192,4.036135,5.532057,400
1598871694.861285686,1.482673,5.269285,6.753058,400
1598871694.894006014,1.592673,4.161026,5.754359,400
1598871694.928912163,1.279671,4.572739,5.852830,400
1598871694.960933685,1.422072,5.175735,6.598457,400
1598871694.995259523,1.418012,5.183154,6.601836,400
1598871695.029636860,1.450973,4.534748,5.986481,400
1598871695.063541651,1.304191,4.603049,5.907990,400
1598871695.096663237,1.457873,5.640138,7.098661,400
1598871695.130644083,1.353742,5.555197,6.909719,400
1598871695.162634850,1.581433,5.498468,7.080661,400
1598871695.200802088,1.385491,5.513748,6.899929,400
1598871695.233362436,1.309882,6.236943,7.547575,400
1598871695.265063047,1.373032,6.330654,7.704366,400
1598871695.297304153,1.498193,6.161203,7.659836,400
1598871695.336464167,1.357782,6.278584,7.637486,400
1598871695.365617275,1.548604,5.668038,7.217392,400
1598871695.403284311,1.535534,5.654068,7.190352,400
1598871695.432749271,1.291361,5.567048,6.858889,400
1598871695.465039968,1.573553,5.625629,7.201352,400
1598871695.503253460,1.322871,5.623528,6.947049,400
1598871695.534666061,1.191300,6.354484,7.546494,400
1598871695.566403627,1.421612,6.337245,7.759527,400
1598871695.601774454,1.337362,6.311384,7.649456,400
1598871695.634382010,1.213871,6.347164,7.561755,400
1598871695.667146683,1.408382,6.350025,7.759017,400
1598871695.699790716,1.458242,6.296434,7.755406,400
1598871695.734117508,1.385612,6.319045,7.705497,400
1598871695.768474102,1.418332,6.298955,7.718047,400
1598871695.801579475,1.546403,6.291214,7.838327,400
1598871695.835892677,1.486333,6.306644,7.793707,400
1598871695.868751287,1.463252,6.361275,7.825207,400
1598871695.902306080,1.508303,6.283304,7.792327,400
1598871695.936910629,1.488533,6.346024,7.835227,400
1598871695.969749689,1.366171,6.232564,7.599135,400
1598871696.003622532,1.723865,5.798830,7.523785,400
1598871696.037293673,1.397692,5.688359,7.086971,400
1598871696.070577621,1.392132,6.298424,7.691046,400
1598871696.104505062,1.405832,0.079061,1.485793,400
1598871696.137816668,1.325731,0.075710,1.401941,400
1598871696.176193714,1.421652,0.072811,1.494923,400
1598871696.204538822,1.446413,0.072770,1.519663,400
1598871696.239087582,1.332561,0.072521,1.405442,400
1598871696.272863865,1.357492,0.071130,1.429112,400
1598871696.305463552,1.409952,0.073380,1.483752,400
1598871696.340513945,1.229900,0.073551,1.303891,400
1598871696.374649048,1.309471,0.073371,1.383372,400
1598871696.406804085,1.476833,0.136521,1.617204,400
1598871696.442582607,1.290881,0.078231,1.369792,400
1598871696.473436594,1.407922,0.073261,1.482053,400
1598871696.507979393,1.585104,0.077070,1.662594,400
1598871696.541768312,1.264571,0.075370,1.340471,400
1598871696.574499846,1.369032,0.072911,1.442423,400
1598871696.607991695,1.567213,0.077821,1.645444,400
1598871696.640887976,1.340652,0.072431,1.413593,400
1598871696.676262617,1.524253,0.071111,1.595864,400
1598871696.709377050,1.374342,0.071130,1.445902,400
1598871696.742214918,1.160550,0.116690,1.277520,400
1598871696.776310921,1.280371,0.088290,1.369131,400
1598871696.810398340,1.471762,0.094631,1.567113,400
1598871696.843859911,1.560324,0.090351,1.651295,400
1598871696.876916170,1.285781,0.085261,1.371762,400
1598871696.910896778,1.607063,0.092911,1.700704,400
1598871696.944195747,1.331172,0.091831,1.423413,400
1598871696.978478193,1.326851,0.100681,1.427982,400
1598871697.016359568,1.218741,0.095481,1.314512,400
1598871697.049261093,1.309001,0.099821,1.409302,400
1598871697.079370260,1.562764,0.105491,1.669695,400
1598871697.115301847,1.351652,0.104081,1.456253,400
1598871697.149026871,1.122800,7.943418,9.066548,400
1598871697.181597710,1.460672,6.564056,8.025708,400
1598871697.213706732,1.412142,0.080201,1.493063,400
1598871697.247174263,1.222980,0.077851,1.301331,400
1598871697.282134771,1.368592,9.099018,10.468060,400
1598871697.317120790,1.614283,9.003738,10.618761,400
1598871697.349315882,1.408622,8.964997,10.374339,400
1598871697.384002924,1.381142,8.966737,10.348559,400
1598871697.416192293,2.259669,8.072809,10.333148,398
1598871697.447660446,2.209719,8.083970,10.294399,398
1598871697.483436346,2.150178,8.131030,10.281918,398
1598871697.519080162,2.286680,0.078661,2.366081,398
1598871697.549872160,1.386962,0.074201,1.461753,400
1598871697.584324121,1.203041,0.073470,1.276781,400
1598871697.616869450,2.029867,0.076431,2.106908,398
1598871697.649109364,1.951477,10.816343,12.768100,398
1598871697.683548450,1.607493,10.663002,12.271586,400
1598871697.718791962,1.448192,10.628311,12.077223,400
1598871697.752376795,1.517623,10.702092,12.220445,400
1598871697.785425901,1.357591,10.782903,12.141244,400
1598871697.816836834,1.478423,0.077261,1.556374,400
1598871697.851296902,1.457373,0.077001,1.534964,400
1598871697.885182858,1.219480,0.074201,1.294131,400
1598871697.918789148,1.386552,0.073481,1.460543,400
1598871697.951721907,1.247951,0.073710,1.322071,400
1598871697.987210274,1.457502,14.180582,15.639634,400
1598871698.018498898,1.478933,15.938807,17.418670,400
1598871698.052605867,1.333772,15.956117,17.290549,400
1598871698.086638927,1.333351,15.888076,17.222177,400
1598871698.119161367,1.498273,16.019807,17.518820,400
1598871698.152992487,1.397552,16.081388,17.479650,400
1598871698.186658859,1.419222,0.079321,1.499223,400
1598871698.220918417,1.318901,17.432270,18.751641,400
1598871698.253615856,1.470772,11.013865,12.485397,400
1598871698.288070440,1.518183,10.995864,12.514917,400
1598871698.321536064,1.324731,10.705242,12.030403,400
1598871698.357218027,1.543153,11.063685,12.607968,400
1598871698.391992569,1.538203,11.088075,12.627108,400
1598871698.424979925,1.327631,6.597547,7.926068,400
1598871698.455939770,1.276241,6.639437,7.916408,400
1598871698.490423679,1.472812,6.667397,8.141049,400
1598871698.522289038,1.313461,6.640297,7.954328,400
1598871698.556471109,1.454372,6.641547,8.096599,400
1598871698.589912415,1.403112,6.729737,8.133459,400
1598871698.623126268,1.550194,5.326066,6.876680,400
1598871698.656551838,1.491743,5.415927,6.908380,400
1598871698.691106319,1.551133,5.470737,7.022520,400
1598871698.724457502,1.512403,5.346896,6.859729,400
1598871698.758403063,1.442822,5.431847,6.875349,400
1598871698.791605949,1.429572,5.523258,6.953580,400
1598871698.825399637,1.359062,0.077551,1.437023,400
1598871698.858764410,1.379712,6.148183,7.528485,400
1598871698.894249201,1.381282,6.005491,7.387393,400
1598871698.925318480,1.343452,5.961811,7.305733,400
1598871698.959553242,1.372991,0.082381,1.456362,400
1598871698.993823051,1.500793,0.077931,1.579224,400
1598871699.026469231,1.135690,0.072600,1.208540,400
1598871699.059916973,1.430183,9.370290,10.800943,400
1598871699.098723173,1.376631,8.997818,10.375229,400
1598871699.127730131,1.499753,10.153887,11.654440,400
1598871699.161044359,1.503273,10.240998,11.745151,400
1598871699.194975853,1.517563,10.289849,11.808132,400
1598871699.228327036,1.419882,10.272749,11.693341,400
1598871699.261998177,1.406872,10.265809,11.673341,400
1598871699.296497345,1.487313,11.406618,12.894581,400
1598871699.329670906,1.310501,11.603869,12.915140,400
1598871699.364761591,1.280521,9.425840,10.707171,400
1598871699.396987200,1.294352,9.324789,10.619791,400
1598871699.433646679,1.429092,9.322470,10.752222,400
1598871699.462910652,1.564494,6.053972,7.618856,400
1598871699.497542143,1.392382,6.208853,7.601925,400
1598871699.531406879,1.463813,6.729398,8.193631,400
1598871699.564783335,1.398752,6.997410,8.397312,400
1598871699.597864866,1.386801,6.957570,8.345161,400
1598871699.631557226,1.462792,6.827699,8.291211,400
1598871699.733111382,1.497633,8.434773,9.933096,400
1598871699.767687321,1.476062,9.041958,10.518590,400
1598871699.799671888,1.539913,8.988877,10.529500,400
1598871699.833493948,1.498073,9.033977,10.532720,400
1598871699.867362499,1.349752,8.989027,10.339589,400
1598871699.900952578,1.534993,8.867066,10.402729,400
1598871699.937473059,1.404022,8.821676,10.226618,400
1598871699.968072414,1.387512,9.736413,11.124865,400
1598871700.000644445,1.590343,9.778064,11.369107,400
1598871700.035076141,1.381521,9.799175,11.181426,400
1598871700.068632603,1.453393,9.781484,11.235567,400
1598871700.102045298,1.343451,9.804204,11.148325,400
1598871700.135959864,1.284711,9.731033,11.016464,400
1598871700.169334412,1.472122,9.728224,11.200996,400
1598871700.202612877,1.327561,9.816964,11.145205,400
1598871700.236550808,1.520563,8.891506,10.412779,400
1598871700.270255089,1.399422,8.913076,10.313198,400
1598871700.303356647,1.439703,8.123679,9.564062,400
1598871700.343737125,1.196290,8.173290,9.370500,400
1598871700.371334791,1.255390,8.146900,9.403020,400
1598871700.403872728,1.271601,8.888326,10.160657,400
1598871700.438085794,1.348262,9.769484,11.118526,400
1598871700.471028566,1.282521,11.534199,12.817450,400
1598871700.504681587,1.580153,11.502139,13.082992,400
1598871700.538619041,1.465392,11.547589,13.013701,400
1598871700.572764158,2.096628,9.708084,11.805442,398
1598871700.607033968,1.317201,9.774844,11.092925,400
1598871700.640495539,1.526483,10.580571,12.107724,400
1598871700.674012661,1.546264,10.588801,12.135875,400
1598871700.707114935,1.453223,10.582090,12.035983,400
1598871700.743657112,1.331642,10.622331,11.954683,400
1598871700.774447441,1.439742,10.862123,12.302635,400
1598871700.810430050,1.409812,10.644571,12.055073,400
1598871700.845278502,1.352362,10.566041,11.918813,400
1598871700.874743462,1.541563,10.642632,12.184985,400
1598871700.909240007,1.425913,10.625521,12.052114,400
1598871700.941918612,1.298671,10.626901,11.926232,400
1598871700.978975296,1.261241,10.618881,11.880782,400
1598871701.011259556,1.549524,10.490210,12.040574,400
1598871701.044378757,1.403542,10.585581,11.989833,400
1598871701.076910257,1.342112,10.664961,12.007753,400
1598871701.110484362,1.362492,10.739632,12.102794,400
1598871701.143707991,1.421892,10.671582,12.094404,400
1598871701.177318096,1.426662,10.617571,12.045033,400
1598871701.211175680,1.311941,9.904145,11.217016,400
1598871701.245905399,1.354092,10.009816,11.364828,400
1598871701.278358936,1.449972,10.083566,11.534358,400
1598871701.312590837,1.363202,9.893155,11.256987,400
1598871701.349063158,1.388642,9.892795,11.281807,400
1598871701.379789352,1.368731,13.208064,14.577555,400
1598871701.414134264,1.482292,12.117174,13.600206,400
1598871701.449216604,1.331661,14.035210,15.367421,400
1598871701.481315136,1.358142,15.056589,16.415501,400
1598871701.517370939,1.353842,15.063879,16.418461,400
1598871701.547559500,1.471522,15.039419,16.511691,400
1598871701.580157995,1.358562,15.019829,16.379081,400
1598871701.615148306,1.480073,15.140420,16.622123,400
1598871701.648206949,1.327711,14.930589,16.259270,400
1598871701.681838274,1.494783,14.904148,16.399651,400
1598871701.715417147,1.364872,14.998758,16.364300,400
1598871701.748737335,1.323752,14.929438,16.253990,400
1598871701.786046743,1.544123,14.894108,16.438841,400
1598871701.816164017,1.376602,15.154000,16.531332,400
1598871701.849297762,3.408910,15.214300,18.626220,396
1598871701.884497881,3.481170,14.962298,18.444688,398
1598871701.918277025,1.515953,15.035429,16.552072,400
1598871701.949176311,3.293539,14.999498,18.293807,398
1598871701.984703541,1.457823,14.912008,16.370571,400
1598871702.016768932,1.427152,14.844817,16.272629,400
1598871702.052313328,1.542083,14.766416,16.308969,400
1598871702.084659100,1.428232,16.149658,17.578620,400
1598871702.117611408,1.341211,17.294659,18.636670,400
1598871702.151340008,1.378101,18.596010,19.974881,400
1598871702.185065508,1.379772,19.691329,21.071821,400
1598871702.217833042,1.542013,17.314169,18.857082,400
1598871702.251213551,1.391742,27.636677,29.029299,400
1598871702.286283016,1.485213,29.423482,30.909945,400
1598871702.318608046,1.560483,40.570608,42.132351,400
1598871702.357649088,1.550224,44.494121,46.047495,400
1598871702.387689590,1.392102,45.523460,46.918782,400
1598871702.419794798,1.578434,43.621264,45.203378,400
1598871702.453801870,1.458583,45.204828,46.666081,400
1598871702.459521532,1.514643,45.066477,46.584180,400
1598871702.486696482,1.554723,47.608728,49.166121,400
1598871702.520013332,1.503363,49.513374,51.019707,400
1598871702.553575039,1.435293,49.875117,51.315460,400
1598871702.587483883,1.581813,49.608826,51.193489,400
1598871702.621210337,1.575813,49.485475,51.064368,400
1598871702.654902458,1.478632,52.011736,53.493288,400
1598871702.689288139,1.646685,51.639652,53.289437,400
1598871702.722265959,1.512353,51.385171,52.900504,400
1598871702.755728722,1.481523,49.933228,51.418801,400
1598871702.789579391,1.531563,52.568491,54.102664,400
1598871702.822795868,1.585363,45.399079,46.987252,400
1598871702.856435537,1.497053,45.107107,46.607000,400
1598871702.890872717,1.534793,39.342427,40.880431,400
1598871702.923301935,3.416159,39.279177,42.697796,398
1598871702.958053827,1.437002,37.021548,38.461640,400
1598871703.025079727,1.457943,47.803140,49.262793,400
1598871703.057806253,1.480673,45.671361,47.155404,400
1598871703.094570875,3.526040,41.455906,44.984746,398
1598871703.125869751,1.342531,49.827668,51.173259,400
1598871703.158919334,1.605944,52.653232,54.261966,400
1598871703.193265676,1.511603,59.942704,61.457387,400
1598871703.229461670,1.571973,81.691181,83.266094,400
1598871703.260536194,3.490720,94.850333,98.344433,398
1598871703.294582129,1.425662,105.924259,107.353581,400
1598871703.327221394,1.414392,128.838405,130.256397,400
1598871703.360751867,1.443523,136.858563,138.305546,400
1598871703.396282673,1.529423,154.650857,156.184050,400
1598871703.428977966,1.437652,184.938976,186.380198,400
1598871703.461572886,1.445183,194.875131,196.324384,400
1598871703.495465517,1.462222,205.398642,206.864864,400
1598871703.528479576,1.455392,216.118314,217.581956,400
1598871703.562089682,1.630534,226.440272,228.074866,400
1598871703.596559286,3.570440,210.867559,214.440899,398
1598871703.628764391,1.457072,208.372357,209.832709,400
1598871703.662179232,1.625474,205.307521,206.936315,400
1598871703.696325064,1.693925,201.165075,202.862260,400
1598871703.729015350,1.589634,190.946607,192.539971,400
1598871703.762058735,1.613884,184.303350,185.920484,400
1598871703.795648575,1.707024,190.749796,192.460360,400
1598871703.829352856,1.962427,193.172036,195.138033,400
1598871703.862562895,1.737505,183.621445,185.362430,400
1598871703.895587683,1.680735,166.747880,168.432265,400
1598871703.929629564,1.549233,158.050595,159.602918,400
1598871703.962862492,1.491123,154.974399,156.469202,400
1598871703.996282816,1.573283,145.119095,146.695758,400
1598871704.030247450,1.636953,132.598458,134.238822,400
1598871704.062301874,1.685794,129.153138,130.842242,400
1598871704.095813751,1.605864,132.328575,133.938479,400
1598871704.129432917,1.545373,128.907845,130.456718,400
1598871704.162425518,1.411152,128.914276,130.328898,400
1598871704.196385384,1.451882,132.582687,134.038029,400
1598871704.229576826,1.437622,127.969548,129.410690,400
1598871704.262429237,1.574433,119.556985,121.135309,400
1598871704.295756340,1.425852,120.711476,122.140468,400
1598871704.335534811,1.404242,108.961195,110.368787,400
1598871704.364678383,1.543523,105.750707,107.297780,400
1598871704.400611877,1.506293,104.097963,105.608056,400
1598871704.429564238,1.473472,97.607387,99.084980,400
1598871704.462447405,1.384171,86.639154,88.027305,400
1598871704.496320963,1.485262,84.906188,86.394980,400
1598871704.529735088,1.476032,84.927869,86.407241,400
1598871704.562646627,1.485903,88.364708,89.854521,400
1598871704.596703529,1.484663,91.507154,92.995047,400
1598871704.629503250,1.396962,91.788528,93.188950,400
1598871704.662438393,1.525433,91.953079,93.481962,400
1598871704.695920706,1.591054,95.014185,96.609769,400
1598871704.729462385,1.461153,94.969244,96.434137,400
1598871704.763131618,1.448512,90.945750,92.397732,400
1598871704.796789408,1.674075,90.911889,92.589444,400
1598871704.836499453,1.415862,81.543549,82.962791,400
1598871704.867015362,1.460932,74.959113,76.423365,400
1598871704.898298264,1.525203,74.966884,76.495837,400
1598871704.931773663,1.357681,71.802486,73.163567,400
1598871704.964722872,1.512353,59.254408,60.769951,400
1598871704.999550581,1.543993,57.674105,59.221318,400
1598871705.032507420,1.316421,52.399100,53.718781,400
1598871705.066012383,1.524533,41.297565,42.825358,400
1598871705.099926710,1.430642,35.307733,36.741465,400
1598871705.133551836,1.430213,29.849566,31.282069,400
1598871705.166560173,1.406472,28.196802,29.604934,400
1598871705.200722933,1.439823,18.003584,19.444527,400
1598871705.234134912,1.514453,15.589884,17.104777,400
1598871705.271292686,1.375022,14.600475,15.976227,400
1598871705.301570892,1.262791,13.465885,14.729386,400
1598871705.334923267,1.353441,12.304636,13.658837,400
1598871705.369152069,1.365492,12.286645,13.652847,400
1598871705.402490377,1.389132,12.332336,13.722208,400
1598871705.435682297,1.365021,12.162605,13.528406,400
1598871705.468675613,1.357521,11.091635,12.449866,400
1598871705.502367020,1.439772,11.849791,13.290223,400
1598871705.536956310,1.501473,10.950574,12.452797,400
1598871705.569953680,1.324121,9.204339,10.529171,400
1598871705.603538513,1.369492,7.569125,8.939337,400
1598871705.637048960,1.329482,5.545667,6.875909,400
1598871705.670772076,1.364022,4.973082,6.337774,400
1598871705.705084324,1.460683,5.000973,6.462336,400
1598871705.737476349,1.442292,5.426947,6.869979,400
1598871705.772373915,1.487653,5.949001,7.437494,400
1598871705.806358576,1.330491,6.511936,7.843147,400
1598871705.842903137,1.352112,6.513556,7.866418,400
1598871705.872468710,1.567624,6.482695,8.051019,400
1598871705.905905724,1.295991,6.498626,7.795347,400
1598871705.939538479,1.349562,6.536276,7.886538,400
1598871705.973759174,1.362641,6.495376,7.858787,400
1598871706.006439924,1.390362,6.464125,7.855187,400
1598871706.046974421,1.204301,6.591246,7.796277,400
1598871706.075359583,1.481043,6.563116,8.044879,400
1598871706.107120275,1.536004,6.529456,8.066170,400
1598871706.141097069,1.393773,6.603656,7.998099,400
1598871706.174801826,1.290791,6.555896,7.847417,400
1598871706.211961985,1.537183,6.652517,8.190480,400
1598871706.243788719,1.326642,6.628517,7.955849,400
1598871706.278465271,1.494193,6.017422,7.512535,400
1598871706.308820963,1.587054,5.960791,7.548555,400
1598871706.343140602,1.321471,5.972072,7.294243,400
1598871706.377326012,1.369382,5.937610,7.307692,400
1598871706.410351038,1.557313,5.969101,7.527154,400
1598871706.443562269,1.345801,5.937881,7.284402,400
1598871706.477884054,1.360752,6.003801,7.365263,400
1598871706.510676861,1.257771,5.922761,7.181302,400
1598871706.544432402,1.295661,5.956721,7.253062,400
1598871706.578710079,1.446292,5.932891,7.379893,400
1598871706.611596107,1.407802,6.224164,7.632686,400
1598871706.645138979,1.428813,6.024991,7.455074,400
1598871706.679127455,1.472043,5.914881,7.387944,400
1598871706.713037491,1.297471,5.951901,7.250122,400
1598871706.745124578,1.417212,5.943401,7.361363,400
1598871706.779082298,1.342942,5.974821,7.318513,400
1598871706.814944983,1.405142,6.666577,8.072389,400
1598871706.847097874,1.223950,6.607207,7.831797,400
1598871706.880767345,1.282781,5.909890,7.193391,400
1598871706.913218498,1.621744,5.873490,7.495914,400
1598871706.947019100,1.557703,5.920201,7.478574,400
1598871706.982507229,1.291631,5.879220,7.171561,400
1598871707.014223337,1.531753,5.839990,7.372363,400
1598871707.048718929,1.283161,5.870450,7.154301,400
1598871707.083589554,1.407152,6.476386,7.884308,400
1598871707.115698099,1.497593,6.506746,8.004979,400
1598871707.149948120,1.361262,6.478405,7.840377,400
1598871707.183270693,1.378432,6.478115,7.857307,400
1598871707.215675592,1.404642,6.505276,7.910658,400
1598871707.249398232,1.252171,5.766709,7.019410,400
1598871707.282831669,1.468122,5.903691,7.372503,400
1598871707.316831112,1.542933,5.869170,7.412793,400
1598871707.351000309,1.285471,6.560756,7.846937,400
1598871707.383721113,1.482863,6.589107,8.072740,400
1598871707.417262554,1.407522,5.861070,7.269302,400
1598871707.451410770,1.194750,5.846680,7.042110,400
1598871707.484179974,1.570983,5.830060,7.401773,400
1598871707.518081427,1.382062,5.855920,7.238672,400
1598871707.551803589,1.219700,5.864461,7.084851,400
1598871707.585565329,1.482003,5.853870,7.336553,400
1598871707.619434118,1.357492,5.828920,7.187082,400
1598871707.651872158,1.505443,5.845430,7.351573,400
1598871707.686816931,1.280530,5.839741,7.120961,400
1598871707.719598293,1.601104,5.874000,7.475854,400
1598871707.753749847,1.286691,5.854210,7.141551,400
1598871707.787416697,1.589453,5.826600,7.416743,400
1598871707.820432425,1.395202,5.842520,7.238472,400
1598871707.854367018,1.333351,5.838560,7.172681,400
1598871707.888647079,1.473632,5.824290,7.298542,400
1598871707.894563675,1.581983,5.771590,7.354283,400
1598871707.921890974,1.349312,5.779439,7.129421,400
1598871707.954330921,1.562804,5.780299,7.343863,400
1598871707.988467932,1.433693,5.853400,7.288193,400
1598871708.022363424,1.367821,5.767190,7.136031,400
1598871708.055035353,1.326501,5.796279,7.123870,400
1598871708.088876247,1.581114,5.797540,7.379794,400
1598871708.122318983,1.216600,5.808070,7.025470,400
1598871708.155623674,1.414442,5.207565,6.622827,400
1598871708.195878983,1.439572,5.170835,6.611117,400
1598871708.223750114,1.380712,5.193735,6.575257,400
1598871708.256783485,1.358442,5.168354,6.527536,400
1598871708.291303873,1.316211,5.169005,6.485926,400
1598871708.324256182,1.262661,5.196944,6.460315,400
1598871708.357673168,1.460883,5.172784,6.634587,400
1598871708.394262552,1.580284,5.219575,6.800709,400
1598871708.424805641,1.474643,5.178214,6.653717,400
1598871708.458516359,1.514193,5.175934,6.690957,400
1598871708.493804693,1.588864,5.169864,6.759618,400
1598871708.525978804,1.354792,5.260545,6.616147,400
1598871708.559603930,1.421282,5.247575,6.669677,400
1598871708.594160557,1.410022,5.308525,6.719387,400
1598871708.626594782,1.355051,5.219115,6.575086,400
1598871708.665188074,1.332902,5.226835,6.560537,400
1598871708.693764210,1.394872,5.267465,6.663147,400
1598871708.727869987,1.346222,5.246155,6.593247,400
1598871708.761870384,1.458623,5.271375,6.730918,400
1598871708.796202183,1.422672,5.277615,6.701197,400
1598871708.828364134,1.430132,5.340465,6.771497,400
1598871708.862248659,1.484242,5.350056,6.834938,400
1598871708.895576954,1.399282,5.856710,7.256742,400
1598871708.931322336,1.434073,5.815480,7.250253,400
1598871708.964832067,1.298381,5.841620,7.140821,400
1598871708.998404264,1.431433,5.882720,7.314853,400
1598871709.032442093,1.510243,5.857041,7.367694,400
1598871709.064650059,1.288312,5.950621,7.239663,400
1598871709.097250938,1.456033,5.933741,7.390514,400
1598871709.130047321,1.501492,5.933091,7.435333,400
1598871709.164014578,1.312572,6.661417,7.974689,400
1598871709.198328257,1.505242,6.664908,8.170800,400
1598871709.231647491,1.411223,6.641657,8.053520,400
1598871709.265124321,1.359792,6.592406,7.952908,400
1598871709.298296928,1.340152,6.642657,7.983509,400
1598871709.332997322,1.498183,7.272173,8.771066,400
1598871709.366191387,1.515983,6.666047,8.182680,400
1598871709.404626608,1.430412,7.409604,8.840936,400
1598871709.435170412,1.254951,8.113419,9.369170,400
1598871709.468619347,1.355461,7.392894,8.748965,400
1598871709.502268553,1.334641,7.274593,8.609644,400
1598871709.534376860,1.286241,7.420223,8.707174,400
1598871709.568336725,1.488133,7.444924,8.933757,400
1598871709.601637125,1.361781,7.449874,8.812295,400
1598871709.634861231,1.283361,7.406464,8.690525,400
1598871709.668952465,1.341991,7.382684,8.725335,400
1598871709.702003002,1.430922,8.219711,9.651383,400
1598871709.741225958,1.489643,8.104519,9.594662,400
1598871709.769808292,1.560233,8.282301,9.843574,400
1598871709.802583933,1.482763,8.256811,9.740294,400
1598871709.837166786,1.432503,8.181290,9.614573,400
1598871709.870301008,1.283091,8.236021,9.519852,400
1598871709.904842138,1.617974,8.172860,9.791514,400
1598871709.937268257,1.397692,8.218591,9.617143,400
1598871709.971727371,1.303171,8.158560,9.462501,400
1598871710.009091854,1.357702,8.212190,9.570582,400
1598871710.042370558,1.339681,8.205651,9.546022,400
1598871710.072384119,1.416092,8.164960,9.581732,400
1598871710.105859280,1.466642,8.174661,9.641993,400
1598871710.138615370,1.270791,8.214420,9.485901,400
1598871710.172482252,1.258321,8.176330,9.435341,400
1598871710.205940962,1.356562,8.186400,9.543812,400
1598871710.239511490,1.330142,8.188030,9.518892,400
1598871710.273129940,1.323191,8.100279,9.424180,400
1598871710.306095839,1.348452,8.149710,9.498842,400
1598871710.340081930,1.235160,7.385614,8.621494,400
1598871710.374315500,2.099778,7.378533,9.478971,398
1598871710.406919718,1.377722,7.374853,8.753275,400
1598871710.441509247,1.309501,7.392463,8.702614,400
1598871710.474550009,1.377952,7.376843,8.755545,400
1598871710.510235071,1.490243,7.369053,8.860106,400
1598871710.542590857,1.354822,8.158590,9.514122,400
1598871710.575299501,1.425492,8.118000,9.544182,400
1598871710.609098911,1.563134,8.107659,9.671453,400
1598871710.642096043,1.226670,8.116900,9.344190,400
1598871710.677076101,1.482652,7.573225,9.056567,400
1598871710.709765911,1.502303,6.848039,8.351172,400
1598871710.743078470,1.328402,6.875599,8.204701,400
1598871710.776965618,1.389932,6.287974,7.678626,400
1598871710.810307503,1.325161,6.251914,7.577765,400
1598871710.843276978,1.322291,6.269514,7.592525,400
1598871710.875876904,1.377922,6.275934,7.654556,400
1598871710.909191847,1.528743,6.295614,7.825027,400
1598871710.943632841,1.429622,6.233654,7.663986,400
1598871710.977583647,1.487812,6.829699,8.318301,400
1598871711.010665894,1.362451,6.963250,8.326411,400
1598871711.043901682,1.301961,7.551165,8.853886,400
1598871711.076471329,1.431753,7.654925,9.087418,400
1598871711.110469580,1.655304,7.546545,9.202479,400
1598871711.142826557,1.401552,8.360642,9.762964,400
1598871711.177849293,1.376732,9.073538,10.451170,400
1598871711.210839510,1.469003,9.058337,10.528020,400
1598871711.244300365,1.318731,8.382472,9.701903,400
1598871711.277813196,1.401792,7.599635,9.002127,400
1598871711.312065125,1.387292,7.652076,9.040078,400
1598871711.344332457,1.524823,7.708946,9.234649,400
1598871711.379089117,1.382171,7.013591,8.396612,400
1598871711.414877176,1.363522,6.960069,8.324311,400
1598871711.445113420,1.327371,6.953260,8.281621,400
1598871711.478925467,1.513843,6.966880,8.481423,400
1598871711.515186548,1.316491,6.946110,8.263401,400
1598871711.545741796,1.323352,6.948099,8.272261,400
1598871711.584791422,1.312442,6.947229,8.260421,400
1598871711.614542961,1.446533,7.605705,9.052938,400
1598871711.648433685,1.317521,6.845709,8.163950,400
1598871711.683234215,1.499953,7.400303,8.901196,400
1598871711.716436625,1.454073,7.570735,9.025778,400
1598871711.748016834,1.253091,7.513134,8.766945,400
1598871711.784495831,1.371082,6.794438,8.166260,400
1598871711.820031643,1.459202,6.890839,8.350741,400
1598871711.849790812,1.332722,6.761418,8.094820,400
1598871711.882841349,1.455283,6.759617,8.215690,400
1598871711.921066284,1.487263,6.711697,8.199680,400
1598871711.951761961,2.040098,6.746197,8.786985,398
1598871711.985460997,1.455802,6.697258,8.153810,400
1598871712.017399311,1.617714,6.768528,8.386942,400
1598871712.051795721,1.273421,6.849289,8.123450,400
1598871712.084679365,2.081408,6.781568,8.863646,398
1598871712.117312193,2.127458,6.030872,8.159020,398
1598871712.149799347,1.371812,6.006912,7.379404,400
1598871712.184224844,1.372392,5.995452,7.368524,400
1598871712.218017340,2.151269,6.055771,8.207760,398
1598871712.252440453,1.343822,6.113232,7.457814,400
1598871712.285395145,1.401792,5.996341,7.398873,400
1598871712.318121672,2.194978,5.934881,8.131359,398
1598871712.351911545,1.273262,6.047861,7.321893,400
1598871712.385785818,1.540413,6.105322,7.646475,400
1598871712.419975042,2.362850,6.777498,9.141078,398
1598871712.452771425,1.367962,6.716638,8.085390,400
1598871712.487204313,1.409152,6.744558,8.154430,400
1598871712.519749641,2.271330,6.039351,8.311381,398
1598871712.553693771,1.352311,6.077062,7.430073,400
1598871712.587164879,1.529464,6.006921,7.537115,400
1598871712.625063181,2.316940,5.999242,8.317002,398
1598871712.656889200,1.363711,5.953781,7.318222,400
1598871712.691219568,1.360732,6.109392,7.470854,400
1598871712.723819733,2.112588,6.113442,8.226740,398
1598871712.757728100,1.269351,6.037332,7.307393,400
1598871712.764704943,1.521953,5.961021,7.483594,400
1598871712.790785789,2.189099,6.016981,8.206840,398
1598871712.823959351,1.265251,5.985762,7.251713,400
1598871712.857046366,1.529173,6.070573,7.600366,400
1598871712.889244080,2.312140,6.100942,8.413772,398
1598871712.923565388,1.191620,6.054282,7.246652,400
1598871712.956490040,1.485463,6.080282,7.566525,400
1598871712.990909338,2.225889,6.167593,8.394272,398
1598871713.028748274,1.335592,6.108002,7.444324,400
1598871713.057351351,1.583324,5.539067,7.123161,400
1598871713.091392517,2.129928,0.079291,2.209939,398
1598871713.124627352,1.240991,0.081141,1.322742,400
1598871713.158114195,1.532124,7.782186,9.315300,400
1598871713.194144726,2.225679,7.756727,9.983326,398
1598871713.225327015,1.609954,7.591125,9.201959,400
1598871713.258808851,1.481483,7.492734,8.975147,400
1598871713.292974710,2.347251,7.420433,9.768484,398
1598871713.326857090,1.286781,7.281903,8.569434,400
1598871713.359275103,1.371051,7.393154,8.764985,400
1598871713.393736839,1.435942,7.382053,8.818765,400
1598871713.426418781,1.473612,7.458524,8.932836,400
1598871713.460374832,1.480243,7.414403,8.895376,400
1598871713.493842602,1.760435,7.208892,8.969747,400
1598871713.527820826,1.691454,7.387123,9.079747,400
1598871713.561884880,1.431552,5.377706,6.810178,400
1598871713.595974922,1.323091,5.378546,6.702397,400
1598871713.628994942,1.359982,5.408626,6.769278,400
1598871713.667709589,1.386742,5.492507,6.879939,400
1598871713.696459770,1.414272,5.449017,6.863999,400
1598871713.729934931,1.432653,5.431296,6.864639,400
1598871713.762920618,1.421212,5.532257,6.954250,400
1598871713.798349142,1.418203,5.440426,6.859119,400
1598871713.830470800,1.519133,5.600908,7.121241,400
1598871713.863588572,1.399272,5.488807,6.888919,400
1598871713.897027254,1.584384,5.014723,6.599807,400
1598871713.930899858,1.326911,4.954142,6.281663,400
1598871713.964919567,1.516413,4.954102,6.471225,400
1598871713.998410225,1.523043,5.025533,6.549276,400
1598871714.034443378,1.447363,4.948722,6.396835,400
1598871714.067273617,1.380732,0.076581,1.458053,400
1598871714.099659681,2.137228,0.078460,2.216378,398
1598871714.133059978,1.408092,0.075541,1.484123,400
1598871714.166236877,1.560503,0.072321,1.633324,400
1598871714.200201511,1.567224,0.073970,1.641664,400
1598871714.233947515,1.212701,0.072021,1.285182,400
1598871714.266843557,1.356721,0.073491,1.430662,400
1598871714.302973509,1.613254,0.090400,1.704684,400
1598871714.334461451,1.496703,0.082161,1.579664,400
1598871714.368560791,1.619174,0.073780,1.693464,400
1598871714.401962519,1.393142,6.866079,8.259721,400
1598871714.436402321,1.483243,9.922685,11.406668,400
1598871714.469218254,1.607483,16.070878,17.679051,400
1598871714.501805544,1.575234,18.187695,19.763659,400
1598871714.535351515,1.529653,16.729104,18.259507,400
1598871714.569509506,1.492273,16.084908,17.577941,400
1598871714.603185892,1.460423,14.791607,16.252900,400
1598871714.636498451,1.443463,13.465225,14.909408,400
1598871714.670214415,1.595353,12.355716,13.951919,400
1598871714.704542875,2.252360,0.079140,2.332390,398
1598871714.737438679,1.452412,0.076001,1.528963,400
1598871714.771829367,1.267371,0.078691,1.346532,400
1598871714.804857969,1.377741,0.073871,1.452072,400
1598871714.837772608,1.359822,0.072600,1.432892,400
1598871714.871634483,1.513354,0.076460,1.590264,400
1598871714.904875517,1.544613,0.071151,1.616224,400
1598871714.939709663,1.311721,0.071191,1.383372,400
1598871714.973522902,1.406282,0.070321,1.477023,400
1598871715.006304741,1.494553,0.117111,1.612064,400
1598871715.040408850,1.473613,0.100510,1.574713,400
1598871715.073284149,1.598143,0.090561,1.689204,400
1598871715.106927395,1.355831,0.091191,1.447822,400
1598871715.142878771,1.142430,0.096401,1.239181,400
1598871715.176274061,1.473193,0.087950,1.561673,400
1598871715.210216761,1.563894,0.101551,1.665955,400
1598871715.241180182,1.199990,0.091891,1.292351,400
1598871715.279573441,1.327601,0.098561,1.426762,400
1598871715.309595108,1.392582,0.094061,1.487223,400
1598871715.342058182,1.417622,0.106821,1.524983,400
1598871715.379284859,1.440143,0.115651,1.556604,400
1598871715.409364700,1.289781,6.524906,7.815317,400
1598871715.443550587,1.421633,7.071840,8.494183,400
1598871715.478538990,1.329372,6.394804,7.724916,400
1598871715.516009331,1.389802,6.359404,7.749976,400
1598871715.543776274,1.441163,6.310974,7.753047,400
1598871715.578715563,1.462433,6.370614,7.833817,400
1598871715.610395432,1.473193,6.383235,7.857128,400
1598871715.645386934,1.371451,6.337815,7.709936,400
1598871715.681335211,1.442492,6.383875,7.826987,400
1598871715.713108540,1.352361,6.364205,7.717287,400
1598871715.747745275,1.334971,7.021861,8.357532,400
1598871715.780583382,1.422352,6.950760,8.373752,400
1598871715.813406706,1.467022,6.961190,8.428962,400
1598871715.848618507,1.374142,6.857889,8.232691,400
1598871715.880304575,1.485983,6.184643,7.670986,400
1598871715.913946867,1.455783,6.194053,7.650486,400
1598871715.948071480,1.348912,6.217093,7.566695,400
1598871715.981741667,1.269930,6.202744,7.473364,400
1598871716.014717817,1.413572,6.218704,7.632986,400
1598871716.051242352,1.408843,6.099922,7.509395,400
1598871716.082343340,1.516903,6.165143,7.682716,400
1598871716.115644455,1.533593,6.101832,7.636165,400
1598871716.150861979,1.338961,6.136503,7.476134,400
1598871716.184419394,1.396271,6.134003,7.530994,400
1598871716.215944052,1.466553,6.075502,7.542775,400
1598871716.250554323,1.343122,6.127522,7.471274,400
1598871716.283187628,1.447242,6.165003,7.612905,400
1598871716.316671371,1.487143,6.244214,7.732037,400
1598871716.350844383,1.271381,6.175433,7.447484,400
1598871716.385936260,1.487222,6.204364,7.692246,400
1598871716.417817593,1.507153,6.258734,7.766627,400
1598871716.454043150,2.023087,6.249774,8.273631,398
1598871716.485502243,1.298011,6.223644,7.522305,400
1598871716.518181086,1.477252,6.208694,7.686656,400
1598871716.551793575,1.366392,6.205184,7.572266,400
1598871716.585695505,1.495903,6.220324,7.717027,400
1598871716.618909836,1.533053,6.203163,7.736936,400
1598871716.653261423,1.491643,6.247893,7.740186,400
1598871716.685447454,1.524843,6.405795,7.931368,400
1598871716.720345736,1.401082,5.769259,7.171161,400
1598871716.752775192,1.551853,5.799300,7.351863,400
1598871716.786667824,1.391752,5.780329,7.172801,400
1598871716.819994450,1.493273,5.848600,7.342533,400
1598871716.859442711,1.362032,5.834560,7.197022,400
1598871716.890232325,1.416272,5.915141,7.332093,400
1598871716.923051596,2.330280,5.933001,8.263941,398
1598871716.954441786,1.253851,5.863800,7.118581,400
1598871716.989402533,1.425802,5.873040,7.299522,400
1598871717.024851799,1.597564,5.806590,7.404914,400
1598871717.055142403,1.316251,6.415105,7.732016,400
1598871717.089274883,1.386822,6.427225,7.814767,400
1598871717.123221397,1.455572,6.403555,7.859847,400
1598871717.156555653,1.472562,6.344864,7.818066,400
1598871717.162741184,1.292781,6.373075,7.666486,400
1598871717.189625263,1.431612,6.421205,7.853437,400
1598871717.223408222,1.356471,6.458686,7.815938,400
1598871717.257432938,1.399652,6.391765,7.792177,400
1598871717.290241003,1.382252,5.810320,7.193292,400
1598871717.324177742,1.301661,0.076221,1.378672,400
1598871717.357422113,1.304131,0.073351,1.377912,400
1598871717.392439604,1.538604,0.079640,1.618714,400
1598871717.425212145,1.564853,0.074091,1.639504,400
1598871717.458557844,1.368052,0.075200,1.443602,400
1598871717.491923332,1.453113,9.810384,11.264067,400
1598871717.526463985,1.480053,8.672814,10.153647,400
1598871717.558816910,1.432832,8.682864,10.116406,400
1598871717.592344284,1.297271,8.744065,10.042076,400
1598871717.626830339,1.478273,9.834354,11.313397,400
1598871717.660001278,1.386682,8.679724,10.067146,400
1598871717.693754196,2.376160,8.673054,11.049884,398
1598871717.727539062,2.230679,8.744975,10.976404,398
1598871717.762805223,2.154868,8.826476,10.982124,398
1598871717.794049740,2.246979,8.796096,11.043925,398
1598871717.830510855,2.116268,9.767853,11.884901,398
1598871717.862342358,2.098978,9.723844,11.823702,398
1598871717.896622896,2.153199,5.804759,7.958778,396
1598871717.930460453,1.368772,0.080260,1.449842,400
1598871717.962546825,2.090358,0.076760,2.167638,396
1598871717.996787548,2.068108,0.075051,2.143759,398
1598871718.030343771,1.363771,0.075041,1.439243,400
1598871718.063265085,2.160149,0.072561,2.233160,398
1598871718.096323967,2.286699,0.073601,2.360770,398
1598871718.133515358,1.996617,0.076051,2.073068,398
1598871718.163691521,1.441592,0.077651,1.520463,400
1598871718.196883678,2.187959,0.080821,2.269660,398
1598871718.233179092,2.249219,0.079021,2.329090,398
1598871718.265158415,2.308050,0.075210,2.384040,398
1598871718.298233032,2.093748,0.074551,2.169079,398
1598871718.331700087,1.350062,0.076060,1.426832,400
1598871718.365055323,2.192419,0.076071,2.269260,398
1598871718.400013924,2.194618,0.076221,2.271669,398
1598871718.433145046,2.194449,0.077911,2.272850,398
1598871718.466388941,1.283751,0.072661,1.356822,400
1598871718.499891043,1.416542,0.076591,1.493753,400
1598871718.533981085,1.471432,0.071181,1.542993,400
1598871718.567852020,1.441033,0.071870,1.513403,400
1598871718.600888729,1.368481,0.072271,1.441132,400
1598871718.634940147,1.319071,0.070811,1.390372,400
1598871718.672769308,1.353762,0.071100,1.425302,400
1598871718.703389168,1.498133,0.071480,1.570023,400
1598871718.736266613,1.150780,0.069860,1.220900,400
1598871718.768390894,1.344412,0.071201,1.416033,400
1598871718.802093506,1.396842,0.070120,1.467402,400
1598871718.838661432,1.349851,0.075671,1.425912,400
1598871718.870683670,1.522123,0.074771,1.597304,400
1598871718.903482914,1.605044,0.070411,1.675915,400
1598871718.937211037,1.314731,0.070870,1.386151,400
1598871718.971013784,1.444933,0.072020,1.517793,400
1598871719.005102634,1.459173,0.069780,1.529343,400
1598871719.037505150,1.378842,0.071411,1.450843,400
1598871719.072600126,1.350871,0.071231,1.422492,400
1598871719.104973793,1.362852,0.070111,1.433363,400
1598871719.139446497,1.270781,0.070950,1.342131,400
1598871719.171954393,1.469663,0.070490,1.540583,400
1598871719.205859423,1.529993,0.070391,1.600824,400
1598871719.240551233,1.255041,0.071701,1.327202,400
1598871719.272994757,1.270341,0.069080,1.339881,400
1598871719.306201696,1.405462,0.070651,1.476773,400
1598871719.340650320,1.368232,0.072450,1.441142,400
1598871719.373936892,1.464653,0.070380,1.535503,400
1598871719.407248497,1.325591,0.074641,1.400632,400
1598871719.443137407,1.502223,0.141421,1.646254,400
1598871719.474198580,2.820865,0.164771,2.990486,398
1598871719.507960081,1.534343,0.146351,1.683614,400
1598871719.543025255,1.585763,0.150881,1.739864,400
1598871719.574991941,1.332361,0.164262,1.499433,400
1598871719.608559370,1.462063,0.146381,1.613384,400
1598871719.642619610,1.518053,0.169712,1.693875,400
1598871719.675889254,1.396102,0.176782,1.577374,400
1598871719.709863663,1.467062,0.162592,1.633274,400
1598871719.743778944,1.423692,0.170142,1.598004,400
1598871719.776538134,1.383382,0.163461,1.549263,400
1598871719.810727835,1.444132,0.176642,1.625044,400
1598871719.847123384,1.173110,0.121661,1.295501,400
1598871719.882339716,1.499823,0.206062,1.708745,400
1598871719.913679361,1.388012,0.223582,1.617404,400
1598871719.947251797,1.152130,0.127041,1.280311,400
1598871719.979511499,1.602794,0.222332,1.829596,400
1598871720.012859106,1.738435,0.198582,1.941077,400
1598871720.046145201,1.462943,0.210672,1.676555,400
1598871720.079648018,1.503352,0.227992,1.736444,400
1598871720.113522768,1.419492,0.175072,1.598094,400
1598871720.146445990,1.545613,0.150142,1.697985,400
1598871720.180038452,1.533973,0.081801,1.616714,400
1598871720.214076281,1.273881,0.077091,1.351462,400
1598871720.246781349,1.330621,0.073811,1.404872,400
1598871720.281944513,1.360082,0.074050,1.434632,400
1598871720.316060781,1.439092,0.074781,1.514313,400
1598871720.350132465,1.195160,0.074411,1.270221,400
1598871720.383411646,1.278151,0.071820,1.350531,400
1598871720.416568756,1.310251,0.072211,1.382982,400
1598871720.449772120,1.411243,0.075560,1.487263,400
1598871720.485556126,1.461673,0.073300,1.535743,400
1598871720.517095804,1.282500,0.070801,1.353751,400
1598871720.551241159,1.271961,0.084271,1.357192,400
1598871720.585102320,1.365781,0.076001,1.442202,400
1598871720.620445251,1.295761,0.076011,1.372242,400
1598871720.650417566,1.410072,0.078630,1.489132,400
1598871720.684271812,2.073608,0.092821,2.167229,398
1598871720.718316555,1.639924,0.088810,1.729584,400
1598871720.750501633,1.449703,0.082560,1.533113,400
1598871720.785223961,1.471823,0.083991,1.556754,400
1598871720.818489552,1.391522,0.087461,1.479533,400
1598871720.852045536,1.323411,0.076371,1.400182,400
1598871720.887501717,1.158430,0.122301,1.281291,400
1598871720.919348240,1.469452,0.098031,1.568863,400
1598871720.952591419,1.396892,0.087021,1.484493,400
1598871720.986578226,1.401562,0.091181,1.493243,400
1598871721.020229578,1.159650,0.101711,1.261611,400
1598871721.052983522,1.251721,0.093461,1.345802,400
1598871721.087466478,1.427922,0.103791,1.532283,400
1598871721.120234013,1.571653,0.108101,1.681224,400
1598871721.157093287,1.308221,0.102441,1.411572,400
1598871721.192189217,1.261850,0.105981,1.368351,400
1598871721.221610069,1.193930,0.107271,1.302161,400
1598871721.255572557,1.360911,0.107971,1.469842,400
1598871721.289927244,1.374212,9.210629,10.585461,400
1598871721.321772575,1.273660,8.103000,9.377370,400
1598871721.356320620,1.342001,7.410234,8.752875,400
1598871721.389858007,1.331571,7.671916,9.004227,400
1598871721.428396225,1.248060,7.351194,8.600184,400
1598871721.459823608,1.215001,0.079040,1.294901,400
1598871721.492187738,1.371152,0.077531,1.449323,400
1598871721.526069641,1.324401,0.073921,1.398792,400
1598871721.535132170,1.371512,0.072031,1.444283,400
1598871721.557275772,1.401511,0.072061,1.474362,400
1598871721.591013908,1.136199,0.072581,1.209110,400
1598871721.624015093,1.340751,0.077121,1.418422,400
1598871721.657882452,1.381502,0.071011,1.452933,400
1598871721.725507259,2.629453,0.082830,2.712803,398
1598871721.758396149,1.235600,0.079731,1.315831,400
1598871721.793092251,1.374322,0.074481,1.449323,400
1598871721.825345278,1.198960,19.957051,21.156291,400
1598871721.858967066,1.299931,22.821856,24.122597,400
1598871721.896303654,1.278101,23.999676,25.278607,400
1598871721.928970337,1.383151,27.080123,28.464014,400
1598871721.960669279,1.422732,28.072901,29.496503,400
1598871721.993507147,1.424382,28.218142,29.643274,400
1598871722.027324677,1.389532,27.572267,28.962579,400
1598871722.061042070,1.305051,0.088471,1.394782,400
1598871722.096538782,1.277940,29.286062,30.564592,400
1598871722.128930330,1.339512,28.785057,30.125449,400
1598871722.162625313,1.423703,28.526214,29.950667,400
1598871722.195713520,1.473042,27.779618,29.253470,400
1598871722.229959726,1.341291,32.800772,34.143073,400
1598871722.263906956,1.369042,9.080168,10.450060,400
1598871722.296634912,1.378351,9.204969,10.584050,400
1598871722.330822706,1.340562,9.205329,10.546671,400
1598871722.363289356,1.296521,10.162667,11.459908,400
1598871722.397936821,1.401692,9.140388,10.542800,400
1598871722.430850029,1.380591,8.337412,9.718723,400
1598871722.464246988,1.403182,11.324307,12.728199,400
1598871722.497008801,1.366732,10.881293,12.248725,400
1598871722.531640291,1.344171,10.947854,12.292785,400
1598871722.564379454,1.408182,11.011455,12.420257,400
1598871722.598455191,2.839954,11.064845,13.905529,398
1598871722.631882429,1.388212,11.040584,12.429516,400
1598871722.663543701,1.271041,11.122095,12.393926,400
1598871722.697045803,1.359132,11.129845,12.489687,400
1598871722.730708599,1.347932,10.227988,11.576560,400
1598871722.763662338,1.486362,10.206678,11.693710,400
1598871722.796784878,1.366682,9.453511,10.820843,400
1598871722.831036568,1.291031,9.582353,10.874154,400
1598871722.864455223,1.519783,9.426881,10.947634,400
1598871722.897630215,3.505460,9.477172,12.983302,398
1598871722.931143284,1.410562,9.526562,10.937804,400
1598871722.964642048,1.311981,9.634843,10.947504,400
1598871722.997753382,1.581973,9.598253,11.180886,400
1598871723.031674147,3.579590,9.652193,13.232613,396
1598871723.065891266,5.089253,9.566913,14.656906,392
1598871723.098307133,1.435752,8.776625,10.213077,400
1598871723.132677555,3.589850,8.854866,12.445426,398
1598871723.165870905,1.445272,8.639324,10.085056,400
1598871723.200493336,1.534373,8.880827,10.415930,400
1598871723.233747721,1.602014,10.719262,12.321986,400
1598871723.267621756,1.329091,9.999846,11.329627,400
1598871723.300390005,3.444760,13.218493,16.663993,398
1598871723.336231947,3.535131,16.148658,19.684599,394
1598871723.368315220,1.322891,17.224258,18.547889,400
1598871723.400939465,5.032673,13.912519,18.945912,398
1598871723.434249163,3.439970,13.835999,17.276679,398
1598871723.468593359,1.542633,13.037832,14.581245,400
1598871723.502457142,1.308171,14.050091,15.359382,400
1598871723.536337852,1.408352,13.954909,15.364121,400
1598871723.568927765,1.526733,13.087792,14.615225,400
1598871723.604565620,3.651032,11.666420,15.318162,398
1598871723.638386965,1.378012,11.250676,12.629618,400
1598871723.671975613,1.435392,15.131740,16.567832,400
1598871723.703154564,1.376082,15.172820,16.549672,400
1598871723.737332821,3.585911,18.488898,22.075219,398
1598871723.774495363,1.393992,25.165136,26.560258,400
1598871723.805069447,1.471713,25.087145,26.559848,400
1598871723.838058710,3.517770,23.362121,26.880711,398
1598871723.875650644,1.444273,20.637286,22.082419,400
1598871723.905935287,1.380582,26.571228,27.952700,400
1598871723.939039707,3.411739,30.268560,33.681509,398
1598871723.972480297,1.357851,28.258403,29.619674,400
1598871724.005800009,1.503423,28.194512,29.699365,400
1598871724.039342403,1.464173,26.617898,28.083021,400
1598871724.073815346,1.550253,25.204056,26.755249,400
1598871724.106694460,1.642514,29.882146,31.526270,400
1598871724.140514612,3.403639,29.914666,33.319435,398
1598871724.173758507,1.438843,31.586521,33.026534,400
1598871724.207068443,1.660534,25.031114,26.693018,400
1598871724.241183758,1.359482,24.955764,26.316046,400
1598871724.275088787,1.542183,25.060485,26.603658,400
1598871724.309035540,3.666262,21.687556,25.354988,398
1598871724.342356920,3.440579,20.529987,23.972206,398
1598871724.376901627,1.466143,21.875687,23.342870,400
1598871724.409261703,1.448892,21.891188,23.340920,400
1598871724.442686796,1.483432,19.238475,20.722807,400
1598871724.478935480,1.388982,23.260490,24.650182,400
1598871724.509430647,1.396952,19.408367,20.806139,400
1598871724.543057919,3.373410,16.960915,20.335185,398
1598871724.579655409,1.579683,19.393367,20.973740,400
1598871724.615873098,1.579304,16.916905,18.496599,400
1598871724.644648552,1.422622,16.620573,18.044225,400
1598871724.678180933,1.462462,15.828816,17.292248,400
1598871724.712899685,1.482913,15.782945,17.266728,400
1598871724.749137402,1.538523,15.774865,17.314318,400
1598871724.784211159,1.367872,15.725355,17.094057,400
1598871724.813938141,1.571303,15.664275,17.236228,400
1598871724.846361399,1.611433,10.019196,11.631340,400
1598871724.880744934,1.431872,9.819735,11.252277,400
1598871724.913945436,1.454353,9.909545,11.364698,400
1598871724.948570490,1.531163,8.972807,10.504780,400
1598871724.981645584,1.479323,9.942635,11.422608,400
1598871725.013717651,2.089998,9.138999,11.229697,398
1598871725.050465822,1.537663,9.725963,11.264396,400
1598871725.082942486,1.278010,9.773684,11.052444,400
1598871725.118180275,1.425172,9.712623,11.138545,400
1598871725.149563313,1.460342,9.803124,11.264196,400
1598871725.183529377,1.416883,9.804824,11.222377,400
1598871725.217394352,1.401532,10.583431,11.985723,400
1598871725.250916481,1.565893,10.559021,12.125594,400
1598871725.282812595,1.455172,11.449068,12.904910,400
1598871725.317649364,1.377511,11.389298,12.767599,400
1598871725.348552227,1.455493,10.553121,12.009304,400
1598871725.381710768,1.465733,9.545382,11.011785,400
1598871725.415403605,1.471552,9.716914,11.189196,400
1598871725.450995207,1.459202,9.577732,11.037464,400
1598871725.482421637,1.538993,8.176200,9.716393,400
1598871725.514960766,1.398641,7.926199,9.325520,400
1598871725.548376322,1.563184,7.914757,9.478701,400
1598871725.583898306,1.374382,8.698165,10.073277,400
1598871725.618140221,1.552223,8.694925,10.247828,400
1598871725.650267363,1.311422,9.213079,10.525231,400
1598871725.683639288,1.396552,10.125347,11.522709,400
1598871725.716502190,1.581914,10.048376,11.630920,400
1598871725.750218391,1.407612,10.129807,11.538109,400
1598871725.782972336,1.240681,8.663244,9.904625,400
1598871725.816603661,1.486792,8.679065,10.166507,400
1598871725.850754738,1.533084,8.735274,10.269048,400
1598871725.886351347,1.280761,8.551744,9.833855,400
1598871725.917747974,1.490123,8.600504,10.092187,400
1598871725.953974724,1.509783,8.577133,10.087586,400
1598871725.985287905,1.308031,8.491393,9.800324,400
1598871726.020529032,1.387632,8.399602,9.787824,400
1598871726.052733183,1.647684,8.368421,10.016935,400
1598871726.086255550,1.450192,8.515073,9.966235,400
1598871726.120505571,1.419853,8.586583,10.007156,400
1598871726.153491974,1.399352,8.509393,9.909475,400
1598871726.186211586,1.361881,8.464623,9.827194,400
1598871726.219727755,1.411233,8.466002,9.877955,400
1598871726.254643679,1.666465,8.482422,10.149647,400
1598871726.286172867,1.315791,8.469093,9.786334,400
1598871726.320220709,1.425243,8.320321,9.746244,400
1598871726.353219032,2.052307,8.655675,10.709082,398
1598871726.387120485,1.310541,8.539303,9.850694,400
1598871726.420666933,1.339972,8.511032,9.851754,400
1598871726.454188108,1.264581,9.161179,10.426420,400
1598871726.489014149,1.391041,9.192829,10.584580,400
1598871726.521662712,1.466163,9.146218,10.613041,400
1598871726.555073977,1.523243,9.200079,10.724012,400
1598871726.590389490,1.392893,9.134348,10.527911,400
1598871726.621798277,1.405862,9.115969,10.522531,400
1598871726.656280041,1.439282,9.027878,10.467880,400
1598871726.689790487,1.226030,9.855985,11.082675,400
1598871726.724415541,1.342892,9.910145,11.253727,400
1598871726.756046057,1.345672,8.211100,9.557722,400
1598871726.789770365,1.348622,8.180400,9.529962,400
1598871726.824197769,1.333782,8.343201,9.677803,400
1598871726.858257771,1.481982,8.243241,9.725613,400
1598871726.891638517,1.379062,8.311471,9.691273,400
1598871726.897427082,1.416072,8.295822,9.712594,400
1598871726.924339294,1.359772,8.266480,9.626942,400
1598871726.958270788,1.404112,8.307411,9.712233,400
1598871726.992054224,1.380641,8.335152,9.716563,400
1598871727.025342703,1.342791,8.336962,9.680523,400
1598871727.059208393,1.355651,8.307682,9.664063,400
1598871727.093429089,1.225331,8.284771,9.510812,400
1598871727.125997782,1.256891,8.304771,9.562382,400
1598871727.159244537,1.371832,8.322741,9.695213,400
1598871727.192970514,1.386442,8.341731,9.728843,400
1598871727.226524591,1.492053,8.418352,9.911165,400
1598871727.260019779,1.305161,8.359862,9.665793,400
1598871727.294057846,1.446283,8.330721,9.777674,400
1598871727.327897072,1.388572,8.314531,9.703823,400
1598871727.361295223,3.341848,8.437583,11.780081,398
1598871727.395081043,1.393192,8.326902,9.720834,400
1598871727.429968834,1.426572,8.356672,9.783954,400
1598871727.462837219,1.498923,8.349422,9.849115,400
1598871727.495786190,1.473103,8.357872,9.831685,400
1598871727.535189390,1.405982,8.336201,9.742963,400
1598871727.565147877,1.413932,8.316232,9.730854,400
1598871727.597661972,1.520053,8.309541,9.830304,400
1598871727.631599188,1.542673,8.360432,9.903775,400
1598871727.665690422,1.447453,7.556645,9.004778,400
1598871727.696939945,1.457952,7.580915,9.039547,400
1598871727.731046438,1.340301,8.335582,9.676593,400
1598871727.765077829,1.270442,8.401431,9.672613,400
1598871727.798436165,1.386922,7.622265,9.010197,400
1598871727.831642151,1.425913,7.728636,9.155379,400
1598871727.865357637,1.390912,7.768397,9.160079,400
1598871727.899467468,1.423112,7.628816,9.052388,400
1598871727.932930470,1.247221,7.752176,9.000167,400
1598871727.966136217,1.544273,7.676486,9.221439,400
1598871728.003171682,1.399572,7.674226,9.074498,400
1598871728.033659458,1.433932,7.080991,8.515653,400
1598871728.067728281,1.421682,7.124871,8.547333,400
1598871728.101021767,1.462822,7.077641,8.541103,400
1598871728.134746313,1.350451,7.066491,8.417602,400
1598871728.168348312,1.528594,7.075180,8.604724,400
1598871728.207115173,1.398392,7.123641,8.522903,400
1598871728.235062361,1.428622,7.073061,8.502543,400
1598871728.269010782,1.399102,6.996360,8.396292,400
1598871728.303299904,1.560574,6.981949,8.543373,400
1598871728.335816860,1.396342,6.946180,8.343432,400
1598871728.369443655,1.323091,6.947980,8.271941,400
1598871728.402520657,1.575804,6.975880,8.552614,400
1598871728.436752081,1.411553,6.938719,8.351232,400
1598871728.470171452,1.254881,6.920180,8.175461,400
1598871728.504930258,1.351342,7.375313,8.727295,400
1598871728.536905527,1.377892,7.020320,8.399182,400
1598871728.571747541,1.241441,7.029100,8.271181,400
1598871728.606662035,1.549794,6.940499,8.490813,400
1598871728.637891769,1.485573,6.968550,8.454863,400
1598871728.671865940,1.230311,6.788888,8.019909,400
1598871728.704994440,1.357872,6.844278,8.202870,400
1598871728.743673801,1.410632,6.754078,8.165110,400
1598871728.772820473,1.295701,6.819249,8.115670,400
1598871728.806398392,1.474283,6.793348,8.268331,400
1598871728.842839003,1.404892,6.694367,8.100069,400
1598871728.876753330,1.262591,6.049922,7.313243,400
1598871728.906844378,1.422832,6.121772,7.545804,400
1598871728.940384626,1.474803,6.142822,7.618335,400
1598871728.974119902,1.421722,6.132933,7.555415,400
1598871729.007970572,1.390082,6.052622,7.443474,400
1598871729.048395634,1.557964,6.160812,7.719456,400
1598871729.078255177,1.312441,6.055292,7.368173,400
1598871729.112648010,1.630534,6.283264,7.914988,400
1598871729.144321680,1.536283,6.203183,7.740136,400
1598871729.175820351,1.473913,6.227353,7.701966,400
1598871729.210841417,1.573804,6.128122,7.702706,400
1598871729.242808104,1.528203,6.111512,7.640385,400
1598871729.277615070,1.477833,6.124862,7.603395,400
1598871729.310199499,1.320771,6.126693,7.448124,400
1598871729.345169306,1.397922,6.165643,7.564325,400
1598871729.377855062,1.297511,6.124932,7.423143,400
1598871729.411830664,1.488463,6.120183,7.609346,400
1598871729.444458961,1.444503,6.138932,7.584135,400
1598871729.478276253,1.527813,6.112393,7.640846,400
1598871729.510965824,1.559993,5.727789,7.288502,400
1598871729.544234514,1.518333,5.670749,7.189792,400
1598871729.577908516,1.425402,6.420635,7.847007,400
1598871729.616838932,1.331802,5.108284,6.441086,400
1598871729.643676281,1.428283,5.164074,6.593177,400
1598871729.678057432,1.392871,5.112544,6.506125,400
1598871729.711131811,1.460423,5.143634,6.604807,400
1598871729.744477987,1.530753,5.150394,6.681887,400
1598871729.777499914,1.474212,5.194675,6.669657,400
1598871729.813869238,1.393422,5.157914,6.552146,400
1598871729.850674391,1.736795,5.104904,6.842649,400
1598871729.877830029,1.517384,5.064013,6.582157,400
1598871729.911287785,1.390032,4.738441,6.129273,400
1598871729.944578171,1.297911,4.684571,5.983182,400
1598871729.978392363,1.300491,4.699120,6.000271,400
1598871730.012621641,1.397741,4.710341,6.108512,400
1598871730.044380665,1.475743,4.760541,6.236954,400
1598871730.085530043,1.255731,4.733560,5.990051,400
1598871730.111990690,1.294622,4.765110,6.060382,400
1598871730.144598961,1.324632,4.722100,6.047462,400
1598871730.178480148,1.335832,4.760990,6.097552,400
1598871730.211132526,1.366012,5.219015,6.585737,400
1598871730.244834661,1.374042,4.720701,6.095453,400
1598871730.278694868,1.248621,5.205545,6.454866,400
1598871730.311902285,1.361241,4.743501,6.105412,400
1598871730.344595909,1.507903,5.266975,6.775638,400
1598871730.378634453,1.482112,5.251866,6.735088,400
1598871730.411463022,1.504753,5.206175,6.711648,400
1598871730.445313931,1.379342,5.215965,6.596097,400
1598871730.478273630,1.369882,5.183214,6.553466,400
1598871730.511986017,1.436403,5.121924,6.558987,400
1598871730.544647217,1.445512,5.184335,6.630517,400
1598871730.584239244,1.387132,5.138704,6.526546,400
1598871730.615154743,1.361521,5.059524,6.421765,400
1598871730.645387411,1.256120,5.064984,6.321834,400
1598871730.683192492,2.120598,5.159504,7.280842,398
1598871730.712210417,1.371072,5.139204,6.510996,400
1598871730.745618343,1.429982,5.210985,6.641677,400
1598871730.778599977,1.303841,5.767460,7.072031,400
1598871730.812412500,1.368731,5.214895,6.584376,400
1598871730.846129656,1.366271,5.125194,6.492095,400
1598871730.878680229,1.260130,5.094934,6.355804,400
1598871730.912533283,1.469192,5.214755,6.684657,400
1598871730.946587086,1.467273,5.184104,6.652087,400
1598871730.979027987,1.270181,5.782120,7.052991,400
1598871731.012621403,1.474723,5.769409,7.244882,400
1598871731.045600653,1.689035,5.705649,7.395644,400
1598871731.079025507,1.344761,5.708499,7.053960,400
1598871731.118448496,1.499213,5.890610,7.390563,400
1598871731.146986961,1.408932,5.556418,6.966140,400
1598871731.179001570,1.459862,5.742090,7.202992,400
1598871731.212354183,1.473973,5.586898,7.061571,400
1598871731.247274637,1.507763,5.523347,7.031800,400
1598871731.278544903,1.347602,5.524657,6.872909,400
1598871731.312051296,1.424923,5.406886,6.832529,400
1598871731.346688271,1.430472,5.436137,6.867339,400
1598871731.378711462,1.383062,5.466687,6.850369,400
1598871731.413134336,1.553414,5.377326,6.931140,400
1598871731.445316553,1.390812,5.475777,6.867699,400
1598871731.479361773,1.292011,5.487457,6.780178,400
1598871731.512697697,1.455473,5.481147,6.937030,400
1598871731.546487570,1.419042,5.450667,6.870669,400
1598871731.579300642,1.527083,5.632118,7.159931,400
1598871731.612628222,1.486672,5.604988,7.092370,400
1598871731.645780087,1.370701,5.582778,6.954169,400
1598871731.679060698,1.323891,5.621588,6.946249,400
1598871731.712886572,1.542283,5.838460,7.382233,400
1598871731.747559547,1.405762,5.650548,7.057140,400
1598871731.782480240,1.358552,5.618218,6.977500,400
1598871731.812600851,1.392181,5.682119,7.075040,400
1598871731.845368624,1.293181,5.653129,6.947060,400
1598871731.879293203,1.449073,6.195743,7.645486,400
1598871731.912673235,1.398252,6.224004,7.623006,400
1598871731.947107315,1.346501,5.604399,6.951630,400
1598871731.979917526,1.449352,5.557738,7.007750,400
1598871732.013105154,1.494853,5.554017,7.049600,400
1598871732.046961784,1.603454,5.572928,7.177102,400
1598871732.080818653,1.301922,6.199093,7.501705,400
1598871732.112799644,1.438723,6.268963,7.708296,400
1598871732.145972490,1.529083,6.145972,7.675945,400
1598871732.180241346,1.448813,6.199923,7.649416,400
1598871732.213175774,1.605024,6.202383,7.808107,400
1598871732.246792555,1.490753,5.567788,7.059181,400
1598871732.280773878,1.279791,5.593938,6.874369,400
1598871732.313825130,1.393372,5.607408,7.001480,400
1598871732.348060369,1.627134,5.825140,7.453064,400
1598871732.381295919,1.332422,5.554687,6.888069,400
1598871732.415634394,1.444342,5.588528,7.033740,400
1598871732.449954033,1.316982,5.642488,6.960410,400
1598871732.482532978,1.203220,5.539638,6.743338,400
1598871732.516004562,1.616044,5.595548,7.212302,400
1598871732.553784609,1.621234,5.096604,6.718518,400
1598871732.583370209,1.474663,5.080893,6.556236,400
1598871732.617448092,1.382782,5.064673,6.448185,400
1598871732.650133133,1.397492,5.040693,6.438865,400
1598871732.683732986,1.411323,5.019453,6.431476,400
1598871732.716633081,1.611774,5.037153,6.649637,400
1598871732.753696442,1.391212,4.562749,5.954701,400
1598871732.783455610,1.217091,4.499809,5.717590,400
1598871732.817596197,2.366701,4.436748,6.804719,398
1598871732.850059748,3.067796,4.487319,7.555795,398
1598871732.883210897,1.437622,4.454279,5.892621,400
1598871732.916702032,1.507173,4.464008,5.971901,400
1598871732.951020241,1.401412,4.494538,5.896700,400
1598871732.984267950,1.321692,4.476688,5.799030,400
1598871733.017055273,1.446963,4.520288,5.967951,400
1598871733.050598383,1.352182,4.532919,5.890211,400
1598871733.084345818,1.362671,4.585920,5.952811,400
1598871733.117235184,1.560753,4.452829,6.014342,400
1598871733.150598526,1.405392,4.495629,5.901801,400
1598871733.183750153,1.256281,4.502538,5.759569,400
1598871733.225201130,1.518233,4.351577,5.870440,400
1598871733.250865459,1.385472,4.348558,5.734690,400
1598871733.283371210,1.262691,4.287896,5.551517,400
1598871733.317546129,1.378882,4.370288,5.749850,400
1598871733.350631237,1.364722,4.308597,5.674169,400
1598871733.384282351,1.378782,4.379987,5.759459,400
1598871733.417661905,1.394692,4.441628,5.837030,400
1598871733.450956583,1.377391,4.467059,5.845180,400
1598871733.484010458,1.191480,4.456739,5.648949,400
1598871733.517747402,1.511713,4.431078,5.943501,400
1598871733.553059340,1.506863,4.125555,5.633128,400
1598871733.586210012,1.411953,4.072625,5.485358,400
1598871733.617793560,1.431233,4.254346,5.686279,400
1598871733.650873184,1.336781,4.214276,5.552227,400
1598871733.683871984,1.211790,4.453538,5.666298,400
1598871733.717196941,1.395232,4.095285,5.491437,400
1598871733.751422644,1.344292,4.068305,5.413267,400
1598871733.784023762,1.448562,4.082965,5.532237,400
1598871733.818598270,1.523803,4.166646,5.691139,400
1598871733.850581408,1.560353,4.160706,5.721809,400
1598871733.883821249,1.249911,4.095855,5.346156,400
1598871733.920018673,1.478422,4.175856,5.655399,400
1598871733.957264185,3.074897,4.361747,7.437384,398
1598871733.986291885,1.322101,4.130255,5.453086,400
1598871734.020287752,1.634654,4.200536,5.835920,400
1598871734.051958323,1.489972,4.150296,5.640918,400
1598871734.085445166,1.349522,4.262406,5.612608,400
1598871734.119151831,1.595793,4.253457,5.849980,400
1598871734.152568340,1.650434,4.247627,5.898781,400
1598871734.188297510,1.412762,4.259266,5.672738,400
1598871734.218966246,1.348512,4.211986,5.561238,400
1598871734.250290394,1.618284,4.190006,5.808980,400
1598871734.284284353,1.417552,4.180956,5.599258,400
1598871734.318060398,1.654944,4.900132,6.556026,400
1598871734.352011681,1.416582,4.416818,5.834230,400
1598871734.383993864,1.414192,4.011504,5.426396,400
1598871734.418226719,1.467393,4.541649,6.009732,400
1598871734.450974941,1.603104,4.616809,6.220543,400
1598871734.485557556,1.409092,5.187865,6.597647,400
1598871734.518636227,1.523193,4.738941,6.262784,400
1598871734.552956820,1.514514,4.638309,6.153513,400
1598871734.585417271,1.414412,4.665830,6.080932,400
1598871734.618401289,1.465133,4.700940,6.166803,400
1598871734.651227951,1.448853,4.552479,6.002012,400
1598871734.684866667,1.304441,5.106334,6.411535,400
1598871734.718566895,1.467922,5.138004,6.606596,400
1598871734.752375841,1.609863,4.578310,6.188903,400
1598871734.786783934,1.427743,4.585919,6.014372,400
1598871734.818631649,1.494453,4.206126,5.701299,400
1598871734.851785183,1.508813,4.565169,6.074612,400
1598871734.885437489,1.501793,4.570289,6.072772,400
1598871734.919105530,1.558453,4.647650,6.206823,400
1598871734.951482534,1.432752,4.586499,6.020061,400
1598871734.984800100,1.527443,4.570939,6.099092,400
1598871735.018784523,1.486503,4.570549,6.057772,400
1598871735.052590847,1.468523,4.596119,6.065382,400
1598871735.088356256,1.532173,4.539919,6.073012,400
1598871735.124832153,1.595913,4.498399,6.095252,400
1598871735.153475523,1.342042,4.949832,6.292654,400
1598871735.186315298,1.500053,4.910852,6.412375,400
1598871735.219963312,1.400292,4.899512,6.300874,400
1598871735.252072096,1.416212,4.914082,6.331144,400
1598871735.285435677,1.467813,4.995582,6.464475,400
1598871735.318797112,1.517273,4.885332,6.403475,400
1598871735.353493214,1.572043,4.380338,5.953261,400
1598871735.385626316,1.364492,0.077801,1.443233,400
1598871735.419461489,1.523013,0.077581,1.601424,400
1598871735.451917171,1.394162,0.075870,1.470832,400
1598871735.485946894,1.397612,0.076170,1.474642,400
1598871735.519233704,1.487243,0.077361,1.565534,400
1598871735.556932211,1.512943,0.075500,1.589313,400
1598871735.589190960,1.300451,0.075911,1.377182,400
1598871735.620361328,1.448472,0.076191,1.525493,400
1598871735.653527975,1.237751,0.078730,1.317061,400
1598871735.688635349,1.521912,0.074281,1.597033,400
1598871735.721225023,1.514393,0.077651,1.592844,400
1598871735.754864216,1.402712,0.074750,1.478322,400
1598871735.786806822,1.373972,0.073781,1.448573,400
1598871735.819532156,1.542684,0.079000,1.622464,400
1598871735.851767063,1.685734,0.082321,1.768905,400
1598871735.885400057,1.299791,0.083370,1.384121,400
1598871735.918697834,1.416672,0.085631,1.503213,400
1598871735.953909874,1.393612,0.075501,1.469563,400
1598871735.985654831,1.392022,0.071970,1.464452,400
1598871736.019479036,1.517513,0.076581,1.594624,400
1598871736.052278042,1.355832,0.071861,1.428203,400
1598871736.086359262,1.185300,0.070351,1.255891,400
1598871736.120006084,1.454843,0.072010,1.527333,400
1598871736.153259754,1.410402,0.070560,1.481442,400
1598871736.186007977,1.405902,0.069780,1.476082,400
1598871736.219939232,1.218730,0.070551,1.289531,400
1598871736.253673315,1.355842,0.075080,1.431702,400
1598871736.285856962,1.358222,0.071140,1.429812,400
1598871736.319769621,1.456263,0.070810,1.527473,400
1598871736.353031635,1.424663,0.073970,1.499123,400
1598871736.389435053,1.142619,0.069661,1.212510,400
1598871736.419797897,1.471792,0.070861,1.543463,400
1598871736.453186035,2.138639,0.073670,2.212689,398
1598871736.486847878,1.376062,0.073060,1.449592,400
1598871736.520307541,1.340812,0.071740,1.413012,400
1598871736.557583094,1.345682,0.121281,1.467873,400
1598871736.585925341,1.132430,0.093410,1.226160,400
1598871736.620018721,1.428463,0.094401,1.523344,400
1598871736.655923843,1.598084,0.088920,1.687554,400
1598871736.688851595,1.236441,0.095011,1.331972,400
1598871736.721414566,1.384422,0.098701,1.483743,400
1598871736.753676653,1.493063,0.089781,1.583384,400
1598871736.785939217,1.426532,0.094141,1.521283,400
1598871736.820476055,1.292601,0.099771,1.392982,400
1598871736.853867531,1.367481,0.099951,1.468262,400
1598871736.888840199,1.342202,0.104761,1.447393,400
1598871736.921616554,1.396212,0.113321,1.510153,400
1598871736.953231573,1.227240,4.675240,5.903340,400
1598871736.989314556,1.448382,5.275396,6.725138,400
1598871737.021403790,1.519453,5.376116,6.898729,400
1598871737.056524277,1.837836,5.558047,7.399923,400
1598871737.089634895,1.588794,5.569488,7.162142,400
1598871737.120991707,1.505453,5.639938,7.152811,400
1598871737.153374195,3.625921,5.821940,9.452101,398
1598871737.191586256,1.589184,5.721139,7.313933,400
1598871737.220811129,1.455893,5.588538,7.048441,400
1598871737.253381252,1.686974,5.687159,7.377463,400
1598871737.286629438,2.347750,5.574108,7.925898,398
1598871737.321805239,1.540983,5.256645,6.800858,400
1598871737.353248835,2.241919,5.361386,7.604625,398
1598871737.388295889,1.314262,5.262485,6.577487,400
1598871737.421339512,1.459423,5.894510,7.354903,400
1598871737.453769922,2.225040,5.880080,8.105830,398
1598871737.487028599,1.406962,5.861590,7.269202,400
1598871737.525380850,1.413452,5.852851,7.267013,400
1598871737.552683115,2.227979,5.962021,8.190690,398
1598871737.586595297,3.508341,6.049001,9.558052,398
1598871737.621217012,1.497952,5.740770,7.239552,400
1598871737.654223919,2.202769,6.315635,8.518994,398
1598871737.686534643,1.473133,5.983811,7.457374,400
1598871737.725602150,1.634594,5.902601,7.537955,400
1598871737.754262686,1.812775,5.972262,7.785957,400
1598871737.788342476,1.610274,5.970991,7.582105,400
1598871737.820850611,1.510523,6.206853,7.718166,400
1598871737.853650093,2.001327,6.429315,8.431562,400
1598871737.887272120,1.881406,6.317164,8.200840,400
1598871737.921353340,1.373451,6.008622,7.382943,400
1598871737.953304052,1.424012,6.288284,7.713016,400
1598871737.988569975,1.303851,6.625847,7.930508,400
1598871738.021639347,1.556164,6.582336,8.139280,400
1598871738.055084467,1.434222,5.987012,7.422094,400
1598871738.089150906,2.165179,6.019961,8.186010,398
1598871738.121308804,1.527413,6.003102,7.531405,400
1598871738.154064894,2.150639,5.510547,7.662046,398
1598871738.188737154,1.364602,4.976232,6.341664,400
1598871738.221419573,1.431483,4.903762,6.336165,400
1598871738.256204605,2.130938,4.972733,7.104611,398
1598871738.287211418,1.321441,4.897452,6.219693,400
1598871738.321979046,1.410732,4.958743,6.370275,400
1598871738.354047060,2.179458,0.080371,2.260769,398
1598871738.394888401,1.301711,0.080941,1.383102,400
1598871738.422005177,1.401402,0.075671,1.477573,400
1598871738.454200983,1.397122,0.075821,1.473443,400
1598871738.488272667,1.262671,0.075881,1.338932,400
1598871738.527457714,1.313691,8.098050,9.412231,400
1598871738.554207087,2.267590,7.059300,9.327710,398
1598871738.588986397,2.109478,7.004160,9.114578,398
1598871738.621491432,2.337400,6.952860,9.291120,398
1598871738.655235529,2.212489,7.875428,10.088727,398
1598871738.687793255,1.553533,6.560586,8.115099,400
1598871738.727858067,1.578904,9.271849,10.851623,400
1598871738.754611731,2.365400,16.240209,18.606309,398
1598871738.788805008,1.742105,56.828138,58.571163,400
1598871738.821255445,1.844056,461.885251,463.732127,400
1598871738.854099989,2.820134,698.365330,701.189144,396
1598871738.888630867,1.862527,813.150674,815.016931,400
1598871738.923188448,2.020037,370.043494,372.066611,400
1598871738.956800938,2.558232,364.296475,366.858737,396
1598871738.989553928,2.598663,357.119483,359.722126,396
1598871739.024436235,2.447781,357.374286,359.825807,396
1598871739.055422068,2.439941,359.015468,361.459939,396
1598871739.090511322,2.261230,359.974077,362.239087,396
1598871739.123526096,2.299229,358.320324,360.622883,396
1598871739.154883623,2.374021,346.727993,349.105534,394
1598871739.189788342,1.480733,332.919705,334.403568,400
1598871739.222357988,2.253370,341.320997,343.577687,398
1598871739.256358147,2.281650,336.463315,338.748745,396
1598871739.289879322,1.568103,335.854661,337.425934,400
1598871739.323496580,2.512422,330.203852,332.720164,396
1598871739.357132435,2.426641,322.504946,324.935047,396
1598871739.390344620,1.539963,321.928822,323.472535,400
1598871739.423227549,3.599841,323.148161,326.751132,394
1598871739.456595182,1.610374,322.035802,323.649266,400
1598871739.489139080,1.635854,323.302413,324.941417,400
1598871739.524719238,2.342740,323.209192,325.555592,396
1598871739.555972815,2.633833,313.824182,316.461895,398
1598871739.590464830,4.282337,308.493526,312.779373,398
1598871739.623002529,1.889807,330.135231,332.028888,400
1598871739.655817509,3.817023,323.425784,327.246177,398
1598871739.688767195,1.640604,316.687516,318.331120,400
1598871739.724190950,1.590193,329.869069,331.463522,400
1598871739.756579876,1.706985,330.409043,332.118908,400
1598871739.788836002,2.451201,335.171435,337.626476,398
1598871739.827299118,2.441271,345.813746,348.258577,398
1598871739.857113123,2.010337,339.108489,341.122676,400
1598871739.889673948,4.411458,335.567278,339.982746,390
1598871739.924729824,6.301924,340.915564,347.221618,390
1598871739.957018375,3.187537,346.777105,349.967842,396
1598871739.989970207,5.297216,352.674405,357.975031,396
1598871740.025012732,2.553792,341.092715,343.649987,398
1598871740.057455063,2.333980,353.661814,355.999714,398
1598871740.089870214,6.253344,352.340762,358.597796,392
1598871740.124879122,2.136418,340.932335,343.072023,398
1598871740.157141924,2.433640,294.620107,297.057298,398
1598871740.190619707,2.246269,302.539955,304.790694,398
1598871740.222504139,1.673414,307.943652,309.620626,400
1598871740.256644964,1.475863,307.011213,308.490386,400
1598871740.290184736,1.452102,347.198608,348.654350,400
1598871740.325751066,1.619654,387.773206,389.396050,400
1598871740.355812073,1.647194,395.978457,397.629131,400
1598871740.391901731,1.586674,400.738807,402.329381,400
1598871740.423739672,1.655924,406.814429,408.473753,400
1598871740.455282450,3.087166,406.088453,409.179569,396
1598871740.489886284,3.118137,409.607883,412.728910,398
1598871740.524279118,1.525853,394.245771,395.775754,400
1598871740.556488037,1.432573,393.339783,394.775496,400
1598871740.590119839,1.424682,401.314312,402.741914,400
1598871740.621933460,2.315669,395.050619,397.369898,398
