timestamp,px,py,pz,qx,qy,qz,qw,features,clones
1403636581.763555527,0.009579769,0.155367395,-0.182824065,-0.804342620,0.058181706,-0.591302186,0.003092525,0,0
1403636581.813555479,0.004467592,0.149025799,-0.224088836,-0.804818445,0.058019726,-0.590640424,0.006698605,203,1
1403636581.863555431,-0.001579562,0.141017695,-0.265822840,-0.805658405,0.059564323,-0.589307139,0.009149982,203,2
1403636581.913555384,-0.011031686,0.139434733,-0.308056388,-0.807098876,0.058081627,-0.587469428,0.009879228,216,3
1403636581.963555574,-0.019902066,0.140189334,-0.350800789,-0.811043440,0.056962880,-0.582166527,0.006775242,202,4
1403636582.013555527,-0.016220322,0.152253276,-0.382653700,0.818592488,-0.052201154,0.571987257,0.003457768,215,5
1403636582.063555479,-0.012958440,0.154618116,-0.416164896,0.825108460,-0.051320710,0.562575954,0.008397007,203,6
1403636582.113555431,-0.012813575,0.160842197,-0.442984703,0.831112764,-0.045957567,0.554008817,0.014618727,222,7
1403636582.163555384,-0.011919655,0.165252063,-0.465250576,0.832817607,-0.045769062,0.551496195,0.013113886,220,8
1403636582.213555574,-0.008918219,0.167504189,-0.476354227,0.837875368,-0.042802003,0.544000598,0.014007321,226,9
1403636582.263555527,-0.010128342,0.168449365,-0.482923727,0.839472593,-0.042258305,0.541599499,0.013037752,257,10
1403636582.313555479,-0.008808435,0.168788995,-0.468968462,0.840466606,-0.041406872,0.540145422,0.012011590,253,11
1403636582.363555431,-0.006954951,0.163107695,-0.385945717,0.840692094,-0.040054392,0.539884960,0.012517158,104,11
1403636582.413555384,-0.006861099,0.163724060,-0.360943122,0.837137062,-0.039691922,0.545407826,0.012505773,246,11
1403636582.463555574,-0.003377775,0.166321667,-0.333626541,0.834162777,-0.038847281,0.549955327,0.014576992,234,11
1403636582.513555527,-0.001327616,0.167010147,-0.302708949,0.830496951,-0.037978878,0.555464722,0.017069312,260,11
1403636582.563555479,0.000841718,0.167705561,-0.271894088,0.827887674,-0.038802780,0.559232756,0.018843256,247,11
1403636582.613555431,0.002399998,0.167385154,-0.238557780,0.826084009,-0.038688735,0.561762011,0.022623748,275,11
1403636582.663555384,0.003493040,0.167056785,-0.205038257,0.824554183,-0.040102983,0.563801661,0.025096582,235,11
1403636582.713555574,0.004357337,0.166328307,-0.172345912,0.823112580,-0.041311618,0.565783623,0.025844204,271,11
1403636582.763555527,0.005996674,0.164801905,-0.139498456,0.821022464,-0.044109811,0.568568848,0.026568841,258,11
1403636582.813555479,0.007097319,0.162461020,-0.107706293,0.817863658,-0.048205874,0.572715263,0.027793130,263,11
1403636582.863555431,0.008920017,0.159307241,-0.075486536,0.813806553,-0.052845510,0.577938081,0.030229485,261,11
1403636582.913555384,0.009923930,0.156235147,-0.045978805,0.808835452,-0.056873860,0.584437206,0.031364436,270,11
1403636582.963555574,0.011475479,0.153463655,-0.020107069,0.804380460,-0.057162262,0.590469813,0.032402952,128,11
1403636583.013555527,0.010654881,0.152413429,0.000093294,0.799319746,-0.058343467,0.597101770,0.033962632,283,11
1403636583.063555479,0.009657865,0.151564989,0.013575631,0.796272415,-0.057123332,0.601227573,0.034821995,277,11
1403636583.113555431,0.008338222,0.150773556,0.018639012,0.794837162,-0.056844192,0.603068718,0.036204213,279,11
1403636583.163555384,0.008205538,0.150733763,0.014977095,0.795014826,-0.056240745,0.602715033,0.039025556,265,11
1403636583.213555574,0.007574638,0.150323787,0.003367872,0.795668708,-0.055118385,0.601863009,0.040425115,275,11
1403636583.263555527,0.006432959,0.149970099,-0.014839304,0.795958011,-0.054305113,0.601581963,0.040011760,235,11
1403636583.313555479,0.006486110,0.150087857,-0.038896119,0.797245578,-0.053868133,0.599971718,0.039136301,261,11
1403636583.363555431,0.006063530,0.147686391,-0.065918286,0.797677675,-0.053300909,0.599496847,0.038377998,232,11
1403636583.413555384,0.005802710,0.146790856,-0.097687830,0.799143159,-0.052726940,0.597746233,0.035909902,263,11
1403636583.463555574,0.004772772,0.144153621,-0.131265686,0.800797928,-0.050207676,0.595820277,0.034641953,242,11
1403636583.513555527,0.003585635,0.143183824,-0.166098330,0.802764430,-0.048905547,0.593333162,0.033664171,250,11
1403636583.563555479,0.001820630,0.142880204,-0.198539486,0.803610349,-0.047205093,0.592272405,0.034575761,94,11
1403636583.613555431,0.000683019,0.141835290,-0.234486565,0.806861626,-0.047512202,0.587638453,0.037389241,230,11
1403636583.663555384,-0.001217937,0.142171702,-0.270027956,0.811652772,-0.047323690,0.581251693,0.033566584,248,11
1403636583.713555574,-0.003671727,0.142356650,-0.304203538,0.817773366,-0.049635736,0.572639719,0.029440934,241,11
1403636583.763555527,-0.006015578,0.142093678,-0.335349028,0.824177557,-0.051805872,0.563409676,0.024840364,265,11
1403636583.813555479,-0.009021373,0.142816012,-0.363918592,0.829748955,-0.054000399,0.555058641,0.022594979,277,11
1403636583.863555431,-0.011881508,0.144196353,-0.390641585,0.834147766,-0.054460990,0.548401444,0.022076259,264,11
1403636583.913555384,-0.015016953,0.142650028,-0.412925039,0.837288830,-0.052522641,0.543708096,0.023880818,284,11
1403636583.963555574,-0.016847547,0.145122330,-0.429789612,0.839043427,-0.048951434,0.541302282,0.024530048,272,11
1403636584.013555527,-0.020212684,0.146645489,-0.441543221,0.839912531,-0.045974226,0.540275205,0.023151943,300,11
1403636584.063555479,-0.023972703,0.147994743,-0.446294063,0.839921304,-0.042969814,0.540607839,0.020711405,294,11
1403636584.113555431,-0.025674329,0.149167274,-0.444481232,0.839911284,-0.041477019,0.540834370,0.018079703,297,11
1403636584.163555384,-0.021171141,0.150668341,-0.433942517,0.839821140,-0.040549498,0.541099157,0.016367454,172,11
1403636584.213555574,-0.015189670,0.150008340,-0.406959265,0.839652101,-0.038899252,0.541457551,0.017173184,265,11
1403636584.263555527,-0.012299026,0.149787765,-0.385142050,0.838974678,-0.038867206,0.542520081,0.016816401,272,11
1403636584.313555479,-0.006107315,0.150656179,-0.353981442,0.837660574,-0.038611674,0.544548017,0.017359658,249,11
1403636584.363555431,-0.001906046,0.151584518,-0.324448240,0.837573989,-0.037982629,0.544655170,0.019439107,258,11
1403636584.413555384,0.001837286,0.150763322,-0.291626594,0.837139352,-0.037597077,0.545149380,0.024419636,266,11
1403636584.463555574,0.006243268,0.149447096,-0.257009208,0.834966703,-0.037602544,0.548278248,0.028418581,245,11
1403636584.513555527,0.010204317,0.148626288,-0.220921636,0.832213387,-0.037989833,0.552317371,0.030383767,242,11
1403636584.563555479,0.014118281,0.147941571,-0.184787805,0.828302551,-0.040115081,0.557980697,0.031035557,248,11
1403636584.613555431,0.017960328,0.147140826,-0.147588052,0.823238823,-0.042281426,0.565160696,0.032916697,258,11
1403636584.663555384,0.020931785,0.146840762,-0.111535564,0.817020881,-0.045424600,0.573705256,0.035717853,267,11
1403636584.713555574,0.022708509,0.146625759,-0.077216123,0.810426585,-0.047307529,0.582652707,0.038556069,271,11
1403636584.763555527,0.023419313,0.146872942,-0.046443789,0.803751720,-0.049733907,0.591445624,0.041252688,142,11
1403636584.813555479,0.023431080,0.147466622,-0.017887917,0.798686146,-0.050774936,0.598063839,0.042918410,279,11
1403636584.863555431,0.023122253,0.148201861,0.007030352,0.795042123,-0.052993593,0.602731884,0.042590814,274,11
1403636584.913555384,0.021545375,0.149242746,0.025448703,0.792163831,-0.054090707,0.606510921,0.041172362,271,11
1403636584.963555574,0.020031994,0.150605963,0.035867641,0.790334573,-0.057336132,0.608683411,0.039853918,263,11
1403636585.013555527,0.019363405,0.150958940,0.039520739,0.790391296,-0.059548630,0.608361847,0.040390874,264,11
1403636585.063555479,0.019169869,0.151398329,0.035657922,0.791258739,-0.061672149,0.606983077,0.040959714,255,11
1403636585.113555431,0.019030949,0.152610996,0.023945039,0.792157324,-0.062426356,0.605752704,0.040661847,242,11
1403636585.163555384,0.019355539,0.152613021,0.007562524,0.793670496,-0.064521151,0.603443682,0.042188724,240,11
1403636585.213555574,0.020269383,0.151671428,-0.013445604,0.795373067,-0.066028234,0.600867904,0.044494030,230,11
1403636585.263555527,0.020565003,0.150179809,-0.037418752,0.797276618,-0.065340693,0.598071299,0.048901017,243,11
1403636585.313555479,0.020640990,0.148640942,-0.063121196,0.798836608,-0.064600337,0.595762367,0.052479252,238,11
1403636585.363555431,0.021909452,0.144076050,-0.088206896,0.799910234,-0.062012562,0.594305567,0.055668235,99,11
1403636585.413555384,0.022104853,0.142368376,-0.114957666,0.802142900,-0.060624788,0.591292303,0.057138556,261,11
1403636585.463555574,0.021318886,0.141711805,-0.141411208,0.805155663,-0.057356074,0.587677956,0.055400900,263,11
1403636585.513555527,0.019254174,0.141296820,-0.167178719,0.808541568,-0.054824687,0.583411207,0.053722901,253,11
1403636585.563555479,0.015219065,0.141358526,-0.191122850,0.812262475,-0.050763604,0.578997026,0.049144401,243,11
1403636585.613555431,0.009400919,0.141809800,-0.212188746,0.816060777,-0.047269378,0.574402543,0.043268145,267,11
1403636585.663555384,0.003662149,0.143644475,-0.229335821,0.820216492,-0.045294081,0.569079271,0.036635167,250,11
1403636585.713555574,-0.003095773,0.144799487,-0.245164847,0.824943226,-0.044059898,0.562729222,0.029380632,236,11
1403636585.763555527,-0.009470454,0.146184206,-0.256015741,0.829548596,-0.044239380,0.556163159,0.023969660,253,11
1403636585.813555479,-0.014092047,0.145000686,-0.263012969,0.833805421,-0.045359602,0.549926005,0.017100183,247,11
1403636585.863555431,-0.020056144,0.145895034,-0.266753955,0.838754030,-0.046147335,0.542423961,0.011762153,255,11
1403636585.913555384,-0.025634106,0.146396433,-0.268441612,0.843706321,-0.047298809,0.534664750,0.007488110,259,11
1403636585.963555574,-0.028407416,0.142502879,-0.271460378,0.849377328,-0.049815328,0.525404349,0.005182450,133,11
1403636586.013555527,-0.032141592,0.142307038,-0.271215219,0.855484205,-0.053746299,0.514996699,0.006042325,225,11
1403636586.063555479,-0.035372864,0.141748841,-0.270467642,0.861710695,-0.058337898,0.503919815,0.010779054,225,11
1403636586.113555431,-0.038598743,0.142280040,-0.268953422,0.866867601,-0.063736339,0.494234025,0.014524836,244,11
1403636586.163555384,-0.034257752,0.150478651,-0.261068732,0.871269579,-0.069095881,0.485609533,0.017276020,206,11
1403636586.213555574,-0.037340731,0.152958940,-0.258739363,0.875234143,-0.072540676,0.477907804,0.017526444,250,11
1403636586.263555527,-0.041108179,0.155192574,-0.256926696,0.879633656,-0.074350533,0.469501295,0.016886788,233,11
1403636586.313555479,-0.045792610,0.157753905,-0.254518502,0.884270253,-0.077461619,0.460251839,0.015299089,208,11
1403636586.363555431,-0.050729255,0.158772803,-0.253651223,0.888866220,-0.079803463,0.450939398,0.014209525,210,11
1403636586.413555384,-0.056368828,0.159665863,-0.253193496,0.893305041,-0.082747350,0.441598095,0.012251612,200,11
1403636586.463555574,-0.061918835,0.160439815,-0.252042929,0.898156492,-0.083260869,0.431568684,0.011446169,187,11
1403636586.513555527,-0.067347300,0.159537197,-0.251379997,0.901896687,-0.082659741,0.423818246,0.011306129,231,11
1403636586.563555479,-0.072058889,0.157720986,-0.249940640,0.905023346,-0.081384808,0.417385018,0.009950027,190,11
1403636586.613555431,-0.075137818,0.154719188,-0.248465014,0.906705972,-0.080257309,0.413963086,0.008809523,212,11
1403636586.663555384,-0.077108414,0.150217881,-0.244543492,0.907796779,-0.081393504,0.411370214,0.007392692,184,11
1403636586.713555574,-0.077470312,0.145551647,-0.242848943,0.906777065,-0.080834547,0.413735320,0.006649447,216,11
1403636586.763555527,-0.076571029,0.140915630,-0.241249387,0.905531354,-0.080353624,0.416580508,0.004116099,168,11
1403636586.813555479,-0.074914316,0.136013790,-0.240637109,0.903783397,-0.079373408,0.420557386,0.002630128,216,11
1403636586.863555431,-0.073103539,0.132237751,-0.241137030,0.902259247,-0.078014902,0.424070948,0.002399570,211,11
1403636586.913555384,-0.071306631,0.130459740,-0.240914637,0.901582937,-0.075365306,0.425984392,0.002361254,184,11
1403636586.963555574,-0.069035442,0.129211830,-0.241787372,0.900735969,-0.073187286,0.428154989,0.001280939,207,11
1403636587.013555527,-0.066250544,0.127797560,-0.242167738,0.900522451,-0.069342816,0.429243430,0.000983609,201,11
1403636587.063555479,-0.063923069,0.126897659,-0.240156705,0.901488414,-0.067486977,0.427508855,0.000570980,168,11
1403636587.113555431,-0.061362260,0.125146820,-0.240093291,0.902679114,-0.065163323,0.425351327,0.000638669,215,11
1403636587.163555384,-0.059036511,0.122438805,-0.240378736,0.903847230,-0.063843710,0.423063624,0.001155889,188,11
1403636587.213555574,-0.056718237,0.118131731,-0.240879369,0.904512744,-0.063056729,0.421758409,0.000624241,211,11
1403636587.263555527,-0.054029404,0.112553824,-0.239947776,0.905173153,-0.063631763,0.420251653,0.001054000,183,11
1403636587.313555479,-0.051634165,0.104718732,-0.240538919,0.905380611,-0.064837664,0.419620241,0.000938352,214,11
1403636587.363555431,-0.048427875,0.095115321,-0.240358053,0.905760506,-0.066028943,0.418609643,0.002013019,166,11
1403636587.413555384,-0.045989217,0.083829277,-0.240785595,0.906014216,-0.067686485,0.417794544,0.002121079,211,11
1403636587.463555574,-0.044067223,0.070889442,-0.241295858,0.906334160,-0.069923788,0.416732889,0.001659015,207,11
1403636587.513555527,-0.042471979,0.056370566,-0.241536867,0.906651346,-0.072141082,0.415665370,0.001140975,176,11
1403636587.563555479,-0.041669401,0.040230944,-0.241819210,0.906747112,-0.074207891,0.415093125,0.000748799,195,11
1403636587.613555431,-0.040706071,0.022733490,-0.241469216,0.906422230,-0.076783284,0.415332624,0.001370950,202,11
1403636587.663555384,-0.039750926,0.005051523,-0.240804858,0.905271135,-0.079590098,0.417306682,0.002172908,170,11
1403636587.713555574,-0.038609281,-0.014054643,-0.239693180,0.903581900,-0.083066413,0.420271805,0.003366063,209,11
1403636587.763555527,-0.037593746,-0.033337743,-0.238589444,0.901622187,-0.087287781,0.423599778,0.004637228,197,11
1403636587.813555479,-0.036905619,-0.052651309,-0.237856078,0.900127663,-0.090939649,0.425975562,0.006707568,212,11
1403636587.863555431,-0.036438454,-0.071213345,-0.238576190,0.899368822,-0.094450207,0.426781519,0.008509694,191,11
1403636587.913555384,-0.036633731,-0.089389306,-0.239881913,0.899648811,-0.097408607,0.425481529,0.010442617,204,11
1403636587.963555574,-0.036327555,-0.105827327,-0.242547209,0.900952998,-0.100697614,0.421843674,0.013841992,194,11
1403636588.013555527,-0.037151614,-0.122130570,-0.244853687,0.902988702,-0.103772888,0.416566566,0.017745113,217,11
1403636588.063555479,-0.037710319,-0.136730592,-0.247593320,0.904606150,-0.107790601,0.411927203,0.019618342,231,11
1403636588.113555431,-0.038134023,-0.149253748,-0.250527631,0.905839606,-0.109390589,0.408785553,0.019562163,204,11
1403636588.163555384,-0.038544415,-0.160004372,-0.252562419,0.906655406,-0.109638010,0.406886397,0.019973537,206,11
1403636588.213555574,-0.038571837,-0.169071801,-0.254917563,0.906828834,-0.109226112,0.406632077,0.019531436,209,11
1403636588.263555527,-0.039667482,-0.175668758,-0.255867689,0.906539712,-0.108639899,0.407429493,0.019604358,189,11
1403636588.313555479,-0.039608850,-0.180278085,-0.257347168,0.905799478,-0.108655758,0.409139439,0.018059676,207,11
1403636588.363555431,-0.039374998,-0.182623762,-0.258981347,0.905059344,-0.108134601,0.410979097,0.016452150,195,11
1403636588.413555384,-0.039807420,-0.182955300,-0.259981043,0.904281434,-0.108861268,0.412540570,0.015316373,216,11
1403636588.463555574,-0.040574389,-0.182513123,-0.260885496,0.903958886,-0.109349059,0.413135594,0.014835670,203,11
1403636588.513555527,-0.041090491,-0.179007803,-0.260884097,0.904167660,-0.109645899,0.412534191,0.016557759,194,11
1403636588.563555479,-0.041896476,-0.173079963,-0.258990329,0.904192256,-0.109576672,0.412432385,0.018134088,187,11
1403636588.613555431,-0.042868419,-0.164881780,-0.256808408,0.904033577,-0.109580447,0.412783093,0.018042598,198,11
1403636588.663555384,-0.043896208,-0.154867058,-0.254628832,0.903911186,-0.108784340,0.413278727,0.017641681,216,11
1403636588.713555574,-0.045442303,-0.142627478,-0.253150315,0.904198849,-0.107985369,0.412932171,0.015831095,191,11
1403636588.763555527,-0.046624902,-0.129391767,-0.252564577,0.905022962,-0.105672145,0.411783356,0.014188150,197,11
1403636588.813555479,-0.047844081,-0.114820399,-0.252167192,0.905845256,-0.103775572,0.410501539,0.012786310,197,11
1403636588.863555431,-0.048245594,-0.097702311,-0.251989661,0.906305964,-0.102481357,0.409865594,0.010828907,179,11
1403636588.913555384,-0.048762591,-0.079525086,-0.251322669,0.906372414,-0.100842980,0.410177863,0.008594294,217,11
1403636588.963555574,-0.049644190,-0.060302436,-0.249696727,0.906259159,-0.098361664,0.411060671,0.006960128,205,11
1403636589.013555527,-0.050509439,-0.039918600,-0.247682440,0.905708591,-0.095704294,0.412921488,0.005336690,220,11
1403636589.063555479,-0.051230682,-0.017597472,-0.245513931,0.904856507,-0.092872575,0.415447253,0.003600920,221,11
1403636589.113555431,-0.052418610,0.003931277,-0.242509172,0.904019654,-0.089386827,0.418033368,0.002561902,213,11
1403636589.163555384,-0.053313798,0.026476752,-0.239369692,0.903088865,-0.087120585,0.420521753,0.001400243,202,11
1403636589.213555574,-0.053674976,0.049504298,-0.236356868,0.902637089,-0.085121870,0.421901038,0.000259513,209,11
1403636589.263555527,-0.054192199,0.073122762,-0.233880325,-0.902858826,0.083074929,-0.421833869,0.000826362,249,11
1403636589.313555479,-0.054535540,0.097372732,-0.231590803,-0.903676817,0.079864089,-0.420697780,0.001820844,224,11
1403636589.363555431,-0.054464507,0.121386974,-0.231443383,-0.904807824,0.077248218,-0.418742465,0.003203674,224,11
1403636589.413555384,-0.054364608,0.145059856,-0.230922007,-0.905835774,0.074100288,-0.417080347,0.003831653,222,11
1403636589.463555574,-0.053798392,0.169754867,-0.230459230,-0.906177349,0.071753715,-0.416753373,0.003262304,192,11
1403636589.513555527,-0.054044114,0.193632691,-0.230397773,-0.905877961,0.070643142,-0.417586875,0.003983616,212,11
1403636589.563555479,-0.054509949,0.218061106,-0.230565063,-0.905357664,0.069241101,-0.418932513,0.005359021,219,11
1403636589.613555431,-0.054660275,0.241453211,-0.230726189,-0.904941175,0.067501207,-0.420114094,0.005404204,220,11
1403636589.663555384,-0.054909699,0.265831519,-0.230752914,-0.904495196,0.065738711,-0.421346111,0.005858119,215,11
1403636589.713555574,-0.055102792,0.288932216,-0.231246664,-0.904350239,0.064212134,-0.421884158,0.006418989,220,11
1403636589.763555527,-0.054963492,0.312083294,-0.231676011,-0.904648314,0.061690398,-0.421583636,0.008541687,191,11
1403636589.813555479,-0.054817284,0.333240437,-0.233634453,-0.905666905,0.058524869,-0.419781458,0.011217148,197,11
1403636589.863555431,-0.055015089,0.353077681,-0.235859850,-0.907147250,0.055435221,-0.416910852,0.014005142,230,11
1403636589.913555384,-0.055197746,0.371785770,-0.238125518,-0.908499569,0.052400436,-0.414227880,0.017262424,208,11
1403636589.963555574,-0.055187964,0.387837660,-0.240109705,-0.909311774,0.050008629,-0.412545083,0.021396027,200,11
1403636590.013555527,-0.055179293,0.402991480,-0.241896756,-0.909098315,0.047454598,-0.413103453,0.025176411,231,11
1403636590.063555479,-0.053479801,0.413762379,-0.243145433,-0.908210736,0.044838194,-0.415246443,0.026705542,213,11
1403636590.113555431,-0.054331885,0.424911449,-0.242483872,-0.906532491,0.043090891,-0.418885476,0.029613783,210,11
1403636590.163555384,-0.053964938,0.432335308,-0.241889882,-0.905015062,0.041567812,-0.422133506,0.031986848,219,11
1403636590.213555574,-0.054052828,0.435776303,-0.241206215,-0.904079144,0.040448149,-0.424178436,0.032825353,225,11
1403636590.263555527,-0.055437584,0.435883262,-0.239686741,-0.903708664,0.039991089,-0.424981714,0.033194975,223,11
1403636590.313555479,-0.056389465,0.433241645,-0.238629942,-0.904185361,0.039444719,-0.424128120,0.031753500,231,11
1403636590.363555431,-0.059542867,0.428021289,-0.237142921,-0.904446702,0.040965343,-0.423483063,0.030985478,199,11
1403636590.413555384,-0.061898914,0.419292179,-0.235996734,-0.904761206,0.042030118,-0.422861861,0.028783238,201,11
1403636590.463555574,-0.064078527,0.407729155,-0.234647815,-0.904729367,0.044065645,-0.422936404,0.025451729,231,11
1403636590.513555527,-0.066397103,0.393717903,-0.232847389,-0.904305020,0.045386432,-0.423887353,0.022181417,214,11
1403636590.563555479,-0.068922653,0.377853259,-0.231236639,-0.903646135,0.047019839,-0.425274951,0.018815241,190,11
1403636590.613555431,-0.071247949,0.360291333,-0.229484241,-0.902972152,0.048502818,-0.426640987,0.016316794,219,11
1403636590.663555384,-0.074006273,0.341629216,-0.228580730,-0.902455540,0.050836514,-0.427538841,0.014148700,207,11
1403636590.713555574,-0.075268653,0.321083018,-0.227876681,-0.902640283,0.052796594,-0.426989540,0.011531345,202,11
1403636590.763555527,-0.076710848,0.300246922,-0.228023199,-0.903164803,0.055854067,-0.425528103,0.009974765,209,11
1403636590.813555479,-0.077639044,0.278783719,-0.228758855,-0.904200889,0.058065411,-0.423014354,0.010393143,214,11
1403636590.863555431,-0.078958315,0.256163706,-0.230125006,-0.905320398,0.060763123,-0.420216627,0.010991165,231,11
1403636590.913555384,-0.079511449,0.233004381,-0.231491265,-0.906358406,0.062622395,-0.417708027,0.010624509,238,11
1403636590.963555574,-0.078964732,0.208545465,-0.233519698,-0.906929880,0.063920870,-0.416299653,0.009322772,209,11
1403636591.013555527,-0.078497130,0.184172488,-0.235301958,-0.906949460,0.064337274,-0.416194366,0.009254256,207,11
1403636591.063555479,-0.077882819,0.161316300,-0.236808664,-0.906565654,0.064469455,-0.416985099,0.010287457,231,11
1403636591.113555431,-0.077456445,0.137900490,-0.237690664,-0.906249470,0.064642322,-0.417610529,0.011606630,236,11
1403636591.163555384,-0.076400025,0.116114686,-0.238917724,-0.906122703,0.066121222,-0.417630008,0.012442168,218,11
1403636591.213555574,-0.075462691,0.095208953,-0.240231014,-0.906350774,0.067266633,-0.416946156,0.012624436,235,11
1403636591.263555527,-0.075289992,0.074916429,-0.241864350,-0.906805063,0.068654575,-0.415738504,0.012354032,224,11
1403636591.313555479,-0.073717138,0.056607184,-0.244785359,-0.907375976,0.070161162,-0.414267270,0.011352479,226,11
1403636591.363555431,-0.072986005,0.040376868,-0.247774843,-0.907838073,0.072418511,-0.412899436,0.009982393,222,11
1403636591.413555384,-0.071368750,0.027710854,-0.251267889,-0.907988503,0.074609389,-0.412203615,0.008859864,218,11
1403636591.463555574,-0.070059725,0.016414177,-0.255586451,-0.907873435,0.076653612,-0.412083435,0.008791573,235,11
1403636591.513555527,-0.067860754,0.006004460,-0.259898339,-0.907409849,0.078132850,-0.412868350,0.006507617,239,11
1403636591.563555479,-0.064759202,-0.002867094,-0.264003521,-0.905692796,0.082076898,-0.415908926,0.001925282,217,11
1403636591.613555431,-0.061322252,-0.011289963,-0.268568144,0.902725792,-0.087492969,0.421203026,0.004374428,227,11
1403636591.663555384,-0.058235708,-0.017302929,-0.271292836,0.898452932,-0.091748596,0.429250831,0.010404282,216,11
1403636591.713555574,-0.054856914,-0.022140389,-0.273797832,0.893674235,-0.094241247,0.438421435,0.015861734,225,11
1403636591.763555527,-0.051773470,-0.025726687,-0.274582294,0.888812917,-0.096408553,0.447481050,0.021856339,234,11
1403636591.813555479,-0.048313476,-0.029241383,-0.274699433,0.883615840,-0.099549691,0.456678889,0.027519037,238,11
1403636591.863555431,-0.046487201,-0.031781129,-0.273938729,0.879236591,-0.102207739,0.464150484,0.032571824,227,11
1403636591.913555384,-0.043243664,-0.035166978,-0.273503015,0.876249002,-0.106048711,0.468655746,0.036099152,240,11
1403636591.963555574,-0.040385741,-0.038497688,-0.273246267,0.875567507,-0.110964482,0.468666407,0.037685858,199,11
1403636592.013555527,-0.035918447,-0.043186114,-0.273297916,0.876680268,-0.116014963,0.465224098,0.039227226,236,11
1403636592.063555479,-0.030005614,-0.048815930,-0.273573053,0.877624977,-0.122438351,0.461599267,0.041344485,245,11
1403636592.113555431,-0.022423496,-0.055812201,-0.274471481,0.878530878,-0.128593189,0.458016522,0.043222154,245,11
1403636592.163555384,-0.013603530,-0.063699734,-0.275284991,0.879601441,-0.134410659,0.454127819,0.044754927,215,11
1403636592.213555574,-0.004403468,-0.071110456,-0.276194739,0.881294288,-0.138180550,0.449529685,0.046363512,234,11
1403636592.263555527,0.006451284,-0.078997134,-0.276812449,0.883002961,-0.140247872,0.445441742,0.047095228,234,11
1403636592.313555479,0.018990201,-0.085630366,-0.277816988,0.884809646,-0.140760399,0.441806058,0.045889085,216,11
1403636592.363555431,0.032410616,-0.089644322,-0.278101496,0.886261600,-0.141681938,0.438880236,0.043020259,226,11
1403636592.413555384,0.047291430,-0.091766654,-0.278097359,0.887812690,-0.139665933,0.436746772,0.039170291,254,11
1403636592.463555574,0.063313464,-0.092389694,-0.276886927,0.888415400,-0.136018581,0.436995607,0.035381668,237,11
1403636592.513555527,0.080447252,-0.089955196,-0.275674767,0.888063455,-0.130108379,0.439837149,0.030957909,246,11
1403636592.563555479,0.097106788,-0.084909124,-0.274819241,0.886938151,-0.122766320,0.444415155,0.027646290,193,11
1403636592.613555431,0.114474092,-0.077896534,-0.274215842,0.885661426,-0.113836351,0.449547427,0.023499682,213,11
1403636592.663555384,0.132003650,-0.068957158,-0.274313982,0.884773253,-0.104687718,0.453678847,0.019805970,216,11
1403636592.713555574,0.148385106,-0.057067279,-0.274273021,0.884547895,-0.095271734,0.456358786,0.015328964,226,11
1403636592.763555527,0.163360584,-0.041384840,-0.275107588,0.885105322,-0.084741305,0.457522699,0.008969967,207,11
1403636592.813555479,0.176773076,-0.023045306,-0.275410675,0.885970107,-0.074177420,0.457771291,0.000353565,211,11
1403636592.863555431,0.188171598,-0.001060323,-0.276875647,-0.887318077,0.063161633,-0.456693311,0.010414302,211,11
1403636592.913555384,0.196469116,0.023510090,-0.278235358,-0.888960000,0.051778620,-0.454598433,0.020232581,193,11
1403636592.963555574,0.200982562,0.050725927,-0.278957118,-0.890564196,0.040621804,-0.452057165,0.029826181,195,11
1403636593.013555527,0.201597720,0.080469656,-0.279894734,-0.891905243,0.029107119,-0.449536391,0.039684328,204,11
1403636593.063555479,0.198635493,0.111456360,-0.279681844,-0.893019433,0.017535530,-0.447056604,0.048468454,204,11
1403636593.113555431,0.192152434,0.143502824,-0.279366964,-0.893590560,0.005578325,-0.445361477,0.055838593,223,11
1403636593.163555384,0.181490859,0.176172626,-0.278079413,-0.893564249,-0.003971712,-0.444177033,0.065068595,193,11
1403636593.213555574,0.168457250,0.207625507,-0.276447593,-0.893262457,-0.010862103,-0.443228357,0.074248375,239,11
1403636593.263555527,0.152278802,0.237706692,-0.275289585,-0.892732783,-0.016592267,-0.442308598,0.084356262,218,11
1403636593.313555479,0.134114028,0.264070852,-0.274503840,-0.893144539,-0.021220567,-0.439974254,0.090913014,245,11
1403636593.363555431,0.114022850,0.287416868,-0.273453608,-0.893853450,-0.025062326,-0.437729444,0.093759390,240,11
1403636593.413555384,0.091709690,0.306818509,-0.274213686,-0.894443801,-0.026854675,-0.435972770,0.095795911,255,11
1403636593.463555574,0.068611278,0.320939188,-0.275538219,-0.895246834,-0.027901674,-0.434518203,0.094596692,242,11
1403636593.513555527,0.044829584,0.328477410,-0.277656137,-0.896417926,-0.025274769,-0.432816137,0.092012386,251,11
1403636593.563555479,0.021156853,0.332733040,-0.280289828,-0.897709748,-0.020843376,-0.430732622,0.090289369,246,11
1403636593.613555431,-0.001062748,0.332180241,-0.284316373,-0.899731823,-0.014364584,-0.427392817,0.087244975,251,11
1403636593.663555384,-0.020279138,0.327451835,-0.289200566,-0.902087383,-0.005984456,-0.423255169,0.084009530,234,11
1403636593.713555574,-0.043829808,0.319443211,-0.292143349,-0.904328422,0.004550989,-0.419355256,0.079439048,245,11
1403636593.763555527,-0.067161876,0.307935929,-0.294198925,-0.905907103,0.018347140,-0.416674186,0.073337069,204,11
1403636593.813555479,-0.088572542,0.292225376,-0.296952042,-0.906526394,0.033236944,-0.415868712,0.064485791,246,11
1403636593.863555431,-0.108653527,0.273018812,-0.298170326,-0.905550788,0.050401704,-0.417656210,0.054778903,226,11
1403636593.913555384,-0.126399806,0.252423572,-0.299458713,-0.903271297,0.068008616,-0.421420665,0.043363756,237,11
1403636593.963555574,-0.143184182,0.228258414,-0.299358933,-0.900153447,0.085559773,-0.425952005,0.031115698,233,11
1403636594.013555527,-0.156929384,0.203228526,-0.299029173,-0.896746527,0.102115257,-0.430226881,0.017971390,234,11
1403636594.063555479,-0.167943903,0.176239669,-0.297800969,-0.893534577,0.118576151,-0.433025232,0.004980339,225,11
1403636594.113555431,-0.174198122,0.148600115,-0.297056580,0.890886647,-0.133916326,0.433991278,0.006242638,223,11
1403636594.163555384,-0.177202005,0.120290237,-0.296990816,0.888962615,-0.148223282,0.433026591,0.016226507,218,11
1403636594.213555574,-0.175625230,0.091283071,-0.297595389,0.887669409,-0.159636066,0.431173426,0.025472014,226,11
1403636594.263555527,-0.170481743,0.062468956,-0.298061123,0.886644370,-0.168567563,0.429295312,0.033945158,227,11
1403636594.313555479,-0.164436819,0.031743017,-0.298946813,0.885839720,-0.174500298,0.427898880,0.041715522,224,11
1403636594.363555431,-0.150499419,0.002115261,-0.299708454,0.884914325,-0.178738433,0.427284953,0.049058923,191,11
1403636594.413555384,-0.134533534,-0.026623504,-0.299468167,0.883521467,-0.180503023,0.428581084,0.055917170,201,11
1403636594.463555574,-0.114717342,-0.054503924,-0.299961209,0.881642595,-0.180043433,0.431844634,0.061651514,194,11
1403636594.513555527,-0.092639128,-0.078373127,-0.300720522,0.879475276,-0.178009298,0.436433841,0.066041133,199,11
1403636594.563555479,-0.069557812,-0.099228299,-0.301274905,0.876717247,-0.178003229,0.441768752,0.067246478,197,11
1403636594.613555431,-0.045993429,-0.115552213,-0.301683841,0.874657404,-0.177328654,0.446185932,0.066686496,206,11
1403636594.663555384,-0.023678780,-0.125396581,-0.301097325,0.872901671,-0.177122005,0.449891780,0.065328819,210,11
1403636594.713555574,-0.000194825,-0.129011703,-0.301448826,0.872269467,-0.174439815,0.452459588,0.063222223,229,11
1403636594.763555527,0.022333336,-0.125451088,-0.302173028,0.872271347,-0.169319700,0.454935587,0.059221171,227,11
1403636594.813555479,0.044642457,-0.115409928,-0.303821641,0.872846068,-0.160461481,0.457730171,0.053618520,238,11
1403636594.863555431,0.065825758,-0.098704391,-0.305737757,0.873517698,-0.149971523,0.460692727,0.047303123,234,11
1403636594.913555384,0.086894147,-0.077714244,-0.308031279,0.874318270,-0.136362255,0.464086449,0.039958304,206,11
1403636594.963555574,0.102783651,-0.047533426,-0.309322380,0.875584771,-0.120148712,0.466778578,0.032145836,180,11
1403636595.013555527,0.116529529,-0.013552400,-0.310534593,0.876772895,-0.102859761,0.469357031,0.019827712,187,11
1403636595.063555479,0.126138454,0.024546842,-0.311771202,0.878606888,-0.084450866,0.469946337,0.008272179,185,11
1403636595.113555431,0.131279952,0.062859337,-0.312937559,-0.880637404,0.067084106,-0.468998317,0.004250103,182,11
1403636595.163555384,0.134113571,0.102037690,-0.314685499,-0.882562427,0.051151803,-0.467119786,0.016314468,177,11
1403636595.213555574,0.133780805,0.139769553,-0.316260115,-0.884193888,0.037140769,-0.464715803,0.029342013,197,11
1403636595.263555527,0.129618560,0.176284169,-0.316840652,-0.885412688,0.023750435,-0.462383961,0.041004408,188,11
1403636595.313555479,0.122381113,0.207219207,-0.317960559,-0.886431774,0.011974923,-0.459874546,0.051095144,204,11
1403636595.363555431,0.111205587,0.232793834,-0.318808106,-0.887108886,0.002107221,-0.457875411,0.058167796,203,11
1403636595.413555384,0.098449631,0.252105404,-0.319419305,-0.887501170,-0.003862149,-0.456378360,0.063604636,228,11
1403636595.463555574,0.084473301,0.265142724,-0.319513582,-0.887990852,-0.008456410,-0.454885786,0.066930240,265,11
1403636595.513555527,0.068759586,0.270837127,-0.320038634,-0.888795753,-0.009881856,-0.452969933,0.069012310,264,11
1403636595.563555479,0.052884017,0.269265930,-0.320814985,-0.889907042,-0.012287960,-0.450603126,0.069794600,239,11
1403636595.613555431,0.034943871,0.262629098,-0.322517523,-0.890998757,-0.011933769,-0.448573759,0.068995527,246,11
1403636595.663555384,0.016685006,0.249104182,-0.324146644,-0.892244865,-0.010220988,-0.446633490,0.065674637,250,11
1403636595.713555574,0.000119536,0.230210707,-0.326210190,-0.893258615,-0.005067014,-0.445443579,0.060360496,247,11
1403636595.763555527,-0.014757289,0.205289297,-0.329148340,-0.894093494,0.000648445,-0.444885592,0.051703131,221,11
1403636595.813555479,-0.030894255,0.178675378,-0.332186624,-0.894488204,0.010064449,-0.445138985,0.040507315,247,11
1403636595.863555431,-0.048691570,0.150553493,-0.334607353,-0.894645246,0.020470336,-0.445363800,0.029016113,249,11
1403636595.913555384,-0.065422684,0.123703529,-0.338136550,-0.894661918,0.033314140,-0.445116993,0.018468446,223,11
1403636595.963555574,-0.082539635,0.097782197,-0.340945120,-0.894810127,0.045914513,-0.444001976,0.008303032,231,11
1403636596.013555527,-0.099949103,0.075416259,-0.343826035,0.895326964,-0.058151607,0.441591969,0.002133186,247,11
1403636596.063555479,-0.118644972,0.057271454,-0.345695023,0.895607627,-0.071033760,0.438991209,0.011309346,259,11
1403636596.113555431,-0.137322794,0.044412105,-0.346973181,0.895776733,-0.082646084,0.436359679,0.018544552,279,11
1403636596.163555384,-0.155519324,0.038246559,-0.346852119,0.895608242,-0.091741896,0.434669179,0.023065250,243,11
1403636596.213555574,-0.172759428,0.038990210,-0.344892842,0.894920706,-0.098198913,0.434533502,0.025583982,273,11
1403636596.263555527,-0.190335997,0.046513409,-0.342062448,0.893988541,-0.102988430,0.435349588,0.025467788,276,11
1403636596.313555479,-0.207590167,0.058447715,-0.337084893,0.892839032,-0.106197227,0.436974349,0.024779622,275,11
1403636596.363555431,-0.224692526,0.075447908,-0.331472289,0.891667614,-0.107940784,0.438903184,0.025330773,243,11
1403636596.413555384,-0.241063845,0.095692544,-0.325635343,0.890531904,-0.107426865,0.441242809,0.026780202,250,11
1403636596.463555574,-0.258699379,0.116523353,-0.319135352,0.889418358,-0.105174796,0.443976634,0.027531698,251,11
1403636596.513555527,-0.275063356,0.137639358,-0.313500138,0.888497780,-0.101829646,0.446539442,0.028371573,229,11
1403636596.563555479,-0.288767809,0.158332255,-0.308898427,0.887859871,-0.098285628,0.448539869,0.029270649,218,11
1403636596.613555431,-0.300318891,0.175678710,-0.305609959,0.887988698,-0.096721571,0.448562718,0.030207570,237,11
1403636596.663555384,-0.309659070,0.190402620,-0.302637734,0.888563003,-0.096002953,0.447572937,0.030293380,227,11
1403636596.713555574,-0.315074939,0.201963184,-0.301434527,0.889312183,-0.094823691,0.446359743,0.029921386,255,11
1403636596.763555527,-0.316610573,0.209325431,-0.301126269,0.889501071,-0.092018884,0.446537519,0.030407469,211,11
1403636596.813555479,-0.312826951,0.212707898,-0.301783291,0.888547430,-0.090327500,0.448718631,0.031240964,241,11
1403636596.863555431,-0.303216041,0.211523825,-0.302674772,0.887409085,-0.087454874,0.451361017,0.033615378,247,11
1403636596.913555384,-0.288893253,0.207665552,-0.304140538,0.886235498,-0.086080187,0.453776467,0.035549422,250,11
1403636596.963555574,-0.270632321,0.200857917,-0.305837674,0.886330063,-0.083861782,0.453751671,0.038673530,217,11
1403636597.013555527,-0.248403533,0.192166120,-0.307322013,0.887365774,-0.084264904,0.451557283,0.039716869,231,11
1403636597.063555479,-0.221858964,0.181894667,-0.309862818,0.889903510,-0.083417935,0.446646631,0.040248953,237,11
1403636597.113555431,-0.193440580,0.170873841,-0.312076130,0.892657288,-0.082343586,0.441551651,0.037611698,221,11
1403636597.163555384,-0.163178505,0.158776108,-0.312967642,0.895310751,-0.077958928,0.437216443,0.034392533,230,11
1403636597.213555574,-0.131316277,0.147434654,-0.312646574,0.897074282,-0.072684153,0.434801410,0.030372376,242,11
1403636597.263555527,-0.099250004,0.137841490,-0.310618518,0.897794073,-0.066597803,0.434521180,0.026867819,224,11
1403636597.313555479,-0.065480114,0.127784371,-0.308354032,0.897727289,-0.059031348,0.435955074,0.023327836,260,11
1403636597.363555431,-0.031569879,0.119725223,-0.305192091,0.897107503,-0.051991520,0.438350269,0.018548636,213,11
1403636597.413555384,0.002243409,0.111858081,-0.303450917,0.896587723,-0.043323733,0.440476272,0.015302396,235,11
1403636597.463555574,0.034678682,0.105584401,-0.301328458,0.896080057,-0.034695353,0.442404140,0.010739706,236,11
1403636597.513555527,0.062657790,0.103025074,-0.300434426,0.895407476,-0.024540785,0.444527524,0.006203458,229,11
1403636597.563555479,0.086915491,0.104503947,-0.300673878,-0.894190968,0.015765948,-0.447406790,0.001054636,202,11
1403636597.613555431,0.104287915,0.108941802,-0.300406522,-0.892300028,0.007389016,-0.451271224,0.010017208,217,11
1403636597.663555384,0.118097115,0.117495454,-0.301548520,-0.890059415,-0.000615939,-0.455436771,0.019266728,235,11
1403636597.713555574,0.124759927,0.127469401,-0.302936125,-0.887704558,-0.008272349,-0.459493180,0.027896312,227,11
1403636597.763555527,0.125456284,0.139529492,-0.304167465,-0.885397748,-0.015212521,-0.463318778,0.034279990,235,11
1403636597.813555479,0.121002038,0.151164932,-0.304809279,-0.883250572,-0.021324946,-0.466778802,0.039130848,240,11
1403636597.863555431,0.111558992,0.162459163,-0.306040184,-0.881673558,-0.027231097,-0.469286251,0.040995347,229,11
1403636597.913555384,0.097472455,0.172930044,-0.307214184,-0.880674934,-0.033404891,-0.470641911,0.042331603,262,11
1403636597.963555574,0.080788581,0.182602473,-0.308417122,-0.880680126,-0.038576888,-0.470265281,0.042010770,225,11
1403636598.013555527,0.060880549,0.190842899,-0.310093112,-0.881576422,-0.042282856,-0.468280860,0.041811585,235,11
1403636598.063555479,0.039495352,0.197665570,-0.312565364,-0.883265991,-0.043580942,-0.464991583,0.041529719,238,11
1403636598.113555431,0.017277194,0.202757707,-0.315817677,-0.885999815,-0.043346284,-0.459703750,0.042401521,258,11
1403636598.163555384,-0.004861827,0.205977219,-0.319416910,-0.889687096,-0.042546264,-0.452723183,0.041090213,227,11
1403636598.213555574,-0.024942228,0.206580046,-0.324794252,-0.894177609,-0.041227245,-0.444108639,0.038913171,224,11
1403636598.263555527,-0.042938264,0.205517654,-0.330742618,-0.898559158,-0.041110512,-0.435474266,0.035546170,221,11
1403636598.313555479,-0.056598858,0.203236300,-0.337753005,-0.901910892,-0.039387882,-0.428886719,0.032580972,229,11
1403636598.363555431,-0.066268856,0.199249428,-0.344738551,-0.904070843,-0.038762422,-0.424710125,0.027833341,231,11
1403636598.413555384,-0.070389778,0.194009195,-0.352270086,-0.905171740,-0.036659922,-0.422792846,0.023798729,250,11
1403636598.463555574,-0.069679549,0.188382192,-0.359350352,-0.905165368,-0.036577620,-0.422974089,0.020752225,238,11
1403636598.513555527,-0.063465173,0.182241674,-0.366550794,-0.903993982,-0.036272257,-0.425534315,0.019993780,255,11
1403636598.563555479,-0.053496794,0.175754618,-0.373099583,-0.901568699,-0.038179941,-0.430398967,0.021746322,228,11
1403636598.613555431,-0.040070414,0.169331663,-0.379200155,-0.898220045,-0.039622028,-0.437058202,0.024717881,234,11
1403636598.663555384,-0.024142055,0.163201219,-0.385634172,-0.894341425,-0.042340161,-0.444462291,0.028530670,236,11
1403636598.713555574,-0.006955430,0.157495676,-0.393154631,-0.889726712,-0.045387625,-0.452990899,0.033549784,246,11
1403636598.763555527,0.010933412,0.151860302,-0.402010191,-0.884220882,-0.049058885,-0.462813302,0.039376465,236,11
1403636598.813555479,0.026698616,0.146525668,-0.411828627,-0.878415522,-0.051290263,-0.473016972,0.044837746,234,11
1403636598.863555431,0.043025033,0.139921293,-0.423081270,-0.872339640,-0.052810566,-0.483577404,0.048861963,211,11
1403636598.913555384,0.057653662,0.135079045,-0.434845345,-0.866953022,-0.052266863,-0.492982851,0.051269298,251,11
1403636598.963555574,0.071457783,0.130145614,-0.446837402,-0.862352867,-0.052656281,-0.501007302,0.050660963,231,11
1403636599.013555527,0.083180825,0.126028812,-0.458522644,-0.858375232,-0.053421510,-0.507668006,0.051100872,251,11
1403636599.063555479,0.093156859,0.123046786,-0.468165173,-0.853717649,-0.053213701,-0.515206929,0.053817267,238,11
1403636599.113555431,0.101771860,0.120647325,-0.476602028,-0.848348380,-0.053668357,-0.523466305,0.058376033,256,11
1403636599.163555384,0.109209302,0.118961797,-0.482941915,-0.841387341,-0.053753223,-0.533968796,0.063680911,240,11
1403636599.213555574,0.115972495,0.117423729,-0.487891939,-0.832547658,-0.053831947,-0.547596609,0.064066151,245,11
1403636599.263555527,0.123093402,0.116250842,-0.492115183,-0.823695303,-0.051693204,-0.560828827,0.065763878,245,11
1403636599.313555479,0.129205342,0.115447163,-0.495952853,-0.816029730,-0.049579769,-0.571996039,0.066767191,254,11
1403636599.363555431,0.135293823,0.114074334,-0.500613006,-0.810641882,-0.047766098,-0.579790857,0.066488353,234,11
1403636599.413555384,0.139489424,0.113886541,-0.504872002,-0.807430100,-0.046685230,-0.584701057,0.063259759,236,11
1403636599.463555574,0.143526083,0.113155048,-0.509723944,-0.806462417,-0.045877610,-0.586543881,0.058990604,214,11
1403636599.513555527,0.146544955,0.112700251,-0.514295322,-0.807566268,-0.041953211,-0.585577568,0.056352132,235,11
1403636599.563555479,0.149671759,0.112017586,-0.518676212,-0.809547716,-0.038256649,-0.583310859,0.054012640,223,11
1403636599.613555431,0.151291268,0.111480331,-0.523108113,-0.811706041,-0.035870259,-0.580582033,0.052641525,244,11
1403636599.663555384,0.151902860,0.110408298,-0.527340421,-0.813241297,-0.035168974,-0.578635712,0.050817798,223,11
1403636599.713555574,0.152327485,0.109957655,-0.530117264,-0.812454111,-0.033634351,-0.579802638,0.051146351,257,11
1403636599.763555527,0.151785947,0.108287499,-0.527225341,-0.806926187,-0.034793650,-0.587325414,0.052042179,245,11
1403636599.813555479,0.151108147,0.106764231,-0.523638615,-0.802106114,-0.034261887,-0.593903964,0.052249265,257,11
1403636599.863555431,0.150097439,0.105696456,-0.520582152,-0.798296789,-0.033422575,-0.598997396,0.052983848,248,11
1403636599.913555384,0.148685066,0.104566179,-0.517522728,-0.796879592,-0.032761100,-0.600773973,0.054591758,261,11
1403636599.963555574,0.148310451,0.103538420,-0.514644091,-0.797487099,-0.030744940,-0.600067318,0.054665254,251,11
1403636600.013555527,0.147662830,0.102571063,-0.511885496,-0.797838417,-0.029428523,-0.599654873,0.054789186,251,11
1403636600.063555479,0.147222163,0.101268009,-0.510594159,-0.797817274,-0.028012956,-0.599550337,0.056940882,235,11
1403636600.113555431,0.146225474,0.100002709,-0.507335636,-0.796003848,-0.026257792,-0.601785889,0.059515939,241,11
1403636600.163555384,0.145561330,0.099070340,-0.504422929,-0.795686100,-0.027227416,-0.602276898,0.058350979,228,11
1403636600.213555574,0.145074526,0.099305668,-0.502267519,-0.795683897,-0.026339021,-0.602194972,0.059620534,253,11
1403636600.263555527,0.145504816,0.099547925,-0.503057310,-0.795996410,-0.026332412,-0.601741402,0.060030035,222,11
1403636600.313555479,0.144858565,0.099371260,-0.501325451,-0.796038150,-0.026066407,-0.601655977,0.060447430,249,11
1403636600.363555431,0.144279881,0.099198051,-0.499673411,-0.795895242,-0.025631577,-0.601824821,0.060833138,237,11
1403636600.413555384,0.143730874,0.098872464,-0.497974282,-0.795870273,-0.025676504,-0.601842640,0.060964435,249,11
1403636600.463555574,0.143179965,0.098484879,-0.496752508,-0.795931931,-0.025299717,-0.601713003,0.061593402,240,11
1403636600.513555527,0.142584387,0.097528510,-0.495012906,-0.795806945,-0.025305553,-0.601907636,0.061303614,254,11
1403636600.563555479,0.142047308,0.096628119,-0.493576295,-0.795846028,-0.025660342,-0.601874002,0.060978130,245,11
1403636600.613555431,0.141268975,0.095853125,-0.491838000,-0.795804266,-0.025242858,-0.601888571,0.061550927,245,11
1403636600.663555384,0.140520449,0.096419802,-0.494519354,-0.796121521,-0.025396232,-0.601477622,0.061402165,232,11
1403636600.713555574,0.139653029,0.095505018,-0.493097912,-0.796207213,-0.025388118,-0.601357475,0.061471166,239,11
1403636600.763555527,0.138719573,0.094568385,-0.491528523,-0.796142045,-0.025161222,-0.601417736,0.061817989,228,11
1403636600.813555479,0.137716898,0.093240760,-0.489789252,-0.796169655,-0.025408281,-0.601412410,0.061411838,253,11
1403636600.863555431,0.138945351,0.095496774,-0.492799042,-0.796411661,-0.025392920,-0.601056700,0.061761714,222,11
1403636600.913555384,0.138191609,0.094321797,-0.491702210,-0.796380609,-0.025546196,-0.601122537,0.061457408,249,11
1403636600.963555574,0.144171586,0.103127468,-0.507384975,-0.796821170,-0.025385049,-0.600554331,0.061368701,237,11
1403636601.013555527,0.147906078,0.104949669,-0.507872300,-0.796946402,-0.025776576,-0.600419158,0.060900206,249,11
1403636601.063555479,0.147808443,0.104808567,-0.508181768,-0.796960331,-0.025463087,-0.600375621,0.061277855,240,11
1403636601.113555431,0.149192460,0.105616053,-0.508219589,-0.797016284,-0.025777435,-0.600326601,0.060897778,254,11
1403636601.163555384,0.148762146,0.105622566,-0.508409081,-0.796982162,-0.025535052,-0.600349907,0.061215876,245,11
1403636601.213555574,0.148730844,0.105398258,-0.508748227,-0.796981213,-0.025756890,-0.600374652,0.060891759,245,11
1403636601.263555527,0.148736508,0.105497939,-0.508700596,-0.796951704,-0.025653118,-0.600374479,0.061321974,232,11
1403636601.313555479,0.148723660,0.105497967,-0.508660724,-0.796966455,-0.025827240,-0.600383445,0.060968365,239,11
1403636601.363555431,0.148705548,0.105582672,-0.508576519,-0.796972869,-0.025571584,-0.600359308,0.061229414,228,11
1403636601.413555384,0.148770922,0.105588607,-0.508645354,-0.796989842,-0.025713783,-0.600349468,0.061045143,253,11
1403636601.463555574,0.148853768,0.105570906,-0.508824496,-0.796993351,-0.025634674,-0.600326205,0.061260999,222,11
1403636601.513555527,0.148983098,0.105445858,-0.508976446,-0.796965396,-0.025686145,-0.600374793,0.061126823,249,11
1403636601.563555479,0.149093986,0.105346945,-0.508766415,-0.796965562,-0.025584786,-0.600358759,0.061324323,237,11
1403636601.613555431,0.149261633,0.105215846,-0.508834413,-0.796989328,-0.025658626,-0.600332275,0.061243819,249,11
1403636601.663555384,0.149513963,0.104982441,-0.509067685,-0.796937701,-0.025637915,-0.600402435,0.061236539,240,11
1403636601.713555574,0.149612634,0.105000596,-0.509024292,-0.796945172,-0.025674873,-0.600385297,0.061291832,254,11
1403636601.763555527,0.149521089,0.104969327,-0.509222511,-0.796903846,-0.025754588,-0.600442651,0.061233844,245,11
1403636601.813555479,0.149655616,0.104894066,-0.509472829,-0.796910468,-0.025698707,-0.600421714,0.061376282,245,11
1403636601.863555431,0.149773706,0.104901294,-0.509323937,-0.796882466,-0.025810791,-0.600462097,0.061297711,232,11
1403636601.913555384,0.149537316,0.105143041,-0.509243708,-0.796918160,-0.025737445,-0.600419826,0.061278566,239,11
1403636601.963555574,0.149331411,0.105145622,-0.509052222,-0.796926388,-0.025869338,-0.600411795,0.061194665,228,11
1403636602.013555527,0.149237824,0.105078666,-0.508964804,-0.796879630,-0.025808324,-0.600467031,0.061287280,253,11
1403636602.063555479,0.149222482,0.104800217,-0.508909179,-0.796932065,-0.025974023,-0.600397803,0.061213667,222,11
1403636602.113555431,0.149373860,0.104626879,-0.508970725,-0.796928580,-0.025800025,-0.600395921,0.061350913,249,11
1403636602.163555384,0.149560865,0.104616241,-0.509079919,-0.796951344,-0.026104181,-0.600367441,0.061205079,237,11
1403636602.213555574,0.149793916,0.104516238,-0.509155487,-0.796932551,-0.025928006,-0.600381780,0.061383759,249,11
1403636602.263555527,0.149933096,0.104238757,-0.509312603,-0.796988856,-0.026157226,-0.600323508,0.061124870,240,11
1403636602.313555479,0.150034692,0.104716121,-0.509312453,-0.797022479,-0.026010306,-0.600264077,0.061332448,254,11
1403636602.363555431,0.149789122,0.104899021,-0.509302606,-0.797026393,-0.026201558,-0.600266588,0.061175400,245,11
1403636602.413555384,0.149932209,0.105064181,-0.509416591,-0.797025393,-0.026072474,-0.600255822,0.061348980,245,11
1403636602.463555574,0.149840603,0.105073160,-0.509181039,-0.796995919,-0.026082040,-0.600300228,0.061293298,232,11
1403636602.513555527,0.149631124,0.105150553,-0.509187670,-0.797028326,-0.025982808,-0.600263487,0.061273869,239,11
1403636602.563555479,0.149349171,0.105042036,-0.509061218,-0.797022363,-0.025928026,-0.600268377,0.061326716,228,11
1403636602.613555431,0.149326608,0.105020958,-0.509093121,-0.797037904,-0.025933007,-0.600247312,0.061328813,253,11
1403636602.663555384,0.149328125,0.104939653,-0.509126819,-0.797042912,-0.025962768,-0.600240063,0.061322080,222,11
1403636602.713555574,0.149332441,0.104939459,-0.509108666,-0.797043169,-0.025921548,-0.600236288,0.061373107,249,11
1403636602.763555527,0.149337735,0.104922447,-0.508963165,-0.797099574,-0.025902320,-0.600168106,0.061315450,237,11
1403636602.813555479,0.149325521,0.104867731,-0.508890806,-0.797108512,-0.025923186,-0.600156821,0.061300880,249,11
1403636602.863555431,0.149381690,0.104763180,-0.508842490,-0.797108181,-0.025881890,-0.600151658,0.061373156,240,11
1403636602.913555384,0.149446649,0.104780107,-0.508924442,-0.797099618,-0.025974713,-0.600167286,0.061292273,254,11
1403636602.963555574,0.149430265,0.104770117,-0.508905707,-0.797058318,-0.025950078,-0.600217854,0.061344596,245,11
1403636603.013555527,0.149648093,0.104719093,-0.508888106,-0.797077442,-0.025973572,-0.600202375,0.061237521,245,11
1403636603.063555479,0.149841190,0.104871239,-0.508944788,-0.797075128,-0.025998117,-0.600191757,0.061361162,232,11
1403636603.113555431,0.149673934,0.104967414,-0.509052142,-0.797061855,-0.026053771,-0.600223562,0.061198662,239,11
1403636603.163555384,0.149463199,0.105000669,-0.509146543,-0.797073955,-0.025988505,-0.600203970,0.061260927,228,11
1403636603.213555574,0.149413331,0.104985067,-0.509191378,-0.797077611,-0.026011327,-0.600199298,0.061249446,253,11
1403636603.263555527,0.149460573,0.104960420,-0.509255725,-0.797048380,-0.026021095,-0.600227261,0.061351595,222,11
1403636603.313555479,0.149564162,0.104971932,-0.509315704,-0.797053506,-0.026048936,-0.600226188,0.061283653,249,11
1403636603.363555431,0.149425624,0.104898314,-0.509301947,-0.796990472,-0.026008304,-0.600305104,0.061347673,237,11
1403636603.413555384,0.149494530,0.104888388,-0.509278327,-0.796999461,-0.026040883,-0.600297813,0.061288395,249,11
1403636603.463555574,0.149531292,0.104955851,-0.509247410,-0.797027265,-0.025981551,-0.600264768,0.061275648,240,11
1403636603.513555527,0.149402378,0.104920872,-0.509163727,-0.797065289,-0.025960332,-0.600218252,0.061245704,254,11
1403636603.563555479,0.149289716,0.104964795,-0.509045750,-0.797072954,-0.025968090,-0.600202130,0.061300635,245,11
1403636603.613555431,0.149263463,0.104987180,-0.508943098,-0.797091997,-0.025999098,-0.600177706,0.061279005,245,11
1403636603.663555384,0.149199145,0.104985353,-0.508927223,-0.797108884,-0.025987145,-0.600157026,0.061266947,232,11
1403636603.713555574,0.149141080,0.104916576,-0.509025044,-0.797106416,-0.026004249,-0.600157560,0.061286567,239,11
1403636603.763555527,0.149195020,0.104910678,-0.509112361,-0.797158993,-0.025964224,-0.600088740,0.061293571,228,11
1403636603.813555479,0.149218859,0.104965010,-0.509243417,-0.797207808,-0.025979489,-0.600026851,0.061258105,253,11
1403636603.863555431,0.149266207,0.105031738,-0.509318234,-0.797131519,-0.025969453,-0.600127648,0.061267733,222,11
1403636603.913555384,0.149255631,0.105132002,-0.509415985,-0.797179910,-0.025922195,-0.600055232,0.061367329,249,11
1403636603.963555574,0.149325329,0.104932364,-0.509274650,-0.797164360,-0.025951728,-0.600087026,0.061245839,237,11
1403636604.013555527,0.149380851,0.104900191,-0.509264940,-0.797162972,-0.025842824,-0.600076750,0.061410411,249,11
1403636604.063555479,0.149506699,0.104740222,-0.509281934,-0.797187625,-0.025889951,-0.600050457,0.061327404,240,11
1403636604.113555431,0.149610891,0.104676944,-0.509299343,-0.797158780,-0.025852856,-0.600080311,0.061425806,254,11
1403636604.163555384,0.149563738,0.104616204,-0.509362719,-0.797147576,-0.025971204,-0.600100398,0.061324957,245,11
1403636604.213555574,0.149711444,0.104568258,-0.509386689,-0.797162574,-0.025888303,-0.600076710,0.061396810,245,11
1403636604.263555527,0.149745351,0.104591197,-0.509239808,-0.797153912,-0.025955819,-0.600089399,0.061356740,232,11
1403636604.313555479,0.149487746,0.104775678,-0.509241290,-0.797157569,-0.025916548,-0.600087222,0.061347109,239,11
1403636604.363555431,0.149317826,0.104851229,-0.509243786,-0.797159671,-0.025977294,-0.600091443,0.061252749,228,11
1403636604.413555384,0.149236726,0.104897827,-0.509269709,-0.797180863,-0.025976676,-0.600055423,0.061330035,253,11
1403636604.463555574,0.149201674,0.104871423,-0.509338458,-0.797156050,-0.026012349,-0.600091745,0.061282036,222,11
1403636604.513555527,0.149267047,0.104913432,-0.509417478,-0.797156467,-0.025986603,-0.600091424,0.061290674,249,11
1403636604.563555479,0.149263314,0.104915528,-0.509293616,-0.797164065,-0.025965065,-0.600081099,0.061302066,237,11
1403636604.613555431,0.149301484,0.104852745,-0.509188619,-0.797179265,-0.025958449,-0.600064959,0.061265197,249,11
1403636604.663555384,0.149321602,0.104742752,-0.509058519,-0.797194234,-0.025959316,-0.600041691,0.061297939,240,11
1403636604.713555574,0.149322088,0.104744412,-0.509111366,-0.797210638,-0.026000334,-0.600021732,0.061262571,254,11
1403636604.763555527,0.149217826,0.104674203,-0.509050931,-0.797217374,-0.026034240,-0.600012964,0.061246391,245,11
1403636604.813555479,0.149223248,0.104615187,-0.508982975,-0.797214163,-0.026090000,-0.600017399,0.061221005,245,11
1403636604.863555431,0.149275966,0.104790049,-0.509035703,-0.797232445,-0.026097816,-0.599990235,0.061245821,232,11
1403636604.913555384,0.149159792,0.104903136,-0.509079633,-0.797270907,-0.026128462,-0.599938889,0.061235064,239,11
1403636604.963555574,0.149151661,0.104939917,-0.509166191,-0.797289360,-0.026164753,-0.599911061,0.061251947,228,11
1403636605.013555527,0.149127152,0.104911306,-0.509164387,-0.797278292,-0.026141101,-0.599926076,0.061259051,253,11
1403636605.063555479,0.149127469,0.104839568,-0.509243410,-0.797289339,-0.026089903,-0.599907706,0.061316981,222,11
1403636605.113555431,0.149174905,0.104748611,-0.509342424,-0.797255711,-0.026136522,-0.599958369,0.061238624,249,11
1403636605.163555384,0.149274197,0.104813498,-0.509309724,-0.797262097,-0.026042170,-0.599944526,0.061331221,237,11
1403636605.213555574,0.149380297,0.104840264,-0.509290106,-0.797296582,-0.026032671,-0.599902379,0.061299231,249,11
1403636605.263555527,0.149472554,0.104898152,-0.509263138,-0.797318944,-0.025991078,-0.599866587,0.061376240,240,11
1403636605.313555479,0.149484436,0.104818320,-0.509185185,-0.797302379,-0.026048081,-0.599893849,0.061300762,254,11
1403636605.363555431,0.149429251,0.104836885,-0.509210282,-0.797287709,-0.025992416,-0.599907927,0.061377384,245,11
1403636605.413555384,0.149490362,0.104812058,-0.509200213,-0.797268199,-0.026056818,-0.599940497,0.061285083,245,11
1403636605.463555574,0.149466914,0.104849461,-0.509191461,-0.797280473,-0.025993769,-0.599917392,0.061378283,232,11
1403636605.513555527,0.149328553,0.104935012,-0.509248431,-0.797273299,-0.026016797,-0.599929133,0.061346959,239,11
1403636605.563555479,0.149193286,0.104882547,-0.509226451,-0.797285462,-0.025970384,-0.599914840,0.061348311,228,11
1403636605.613555431,0.149190963,0.104833303,-0.509213227,-0.797292615,-0.026001021,-0.599908702,0.061302384,253,11
1403636605.663555384,0.149232081,0.104786653,-0.509199932,-0.797295702,-0.026010886,-0.599897096,0.061371594,222,11
1403636605.713555574,0.149319997,0.104745499,-0.509204751,-0.797302642,-0.026011857,-0.599890388,0.061346577,249,11
1403636605.763555527,0.149327276,0.104766783,-0.509299478,-0.797290649,-0.026022833,-0.599905008,0.061354823,237,11
1403636605.813555479,0.149377607,0.104777454,-0.509320019,-0.797266178,-0.026009308,-0.599944240,0.061294910,249,11
1403636605.863555431,0.149466872,0.104812507,-0.509410506,-0.797293496,-0.025954636,-0.599909041,0.061307262,240,11
1403636605.913555384,0.149453960,0.104850173,-0.509337065,-0.797299935,-0.025980315,-0.599898079,0.061319919,254,11
1403636605.963555574,0.149428243,0.104929913,-0.509235419,-0.797313993,-0.025963867,-0.599876895,0.061351332,245,11
1403636606.013555527,0.149558952,0.104953606,-0.509230034,-0.797309880,-0.025993736,-0.599885757,0.061305457,245,11
1403636606.063555479,0.149557010,0.104915585,-0.509279870,-0.797283128,-0.025975383,-0.599918163,0.061344037,232,11
1403636606.113555431,0.149502736,0.104920446,-0.509438370,-0.797256783,-0.025991064,-0.599956018,0.061309572,239,11
1403636606.163555384,0.149254970,0.104831287,-0.509445912,-0.797237488,-0.025965825,-0.599984850,0.061289018,228,11
1403636606.213555574,0.149241272,0.104866884,-0.509436399,-0.797225089,-0.025979936,-0.599998810,0.061307656,253,11
1403636606.263555527,0.149283093,0.104787456,-0.509367903,-0.797238630,-0.026003022,-0.599981195,0.061294168,222,11
1403636606.313555479,0.149334398,0.104726169,-0.509275071,-0.797251050,-0.025966102,-0.599966977,0.061287439,249,11
1403636606.363555431,0.149235358,0.104692566,-0.509276688,-0.797240947,-0.025978829,-0.599981072,0.061275501,237,11
1403636606.413555384,0.149246965,0.104716608,-0.509247268,-0.797246885,-0.025960222,-0.599974247,0.061272943,249,11
1403636606.463555574,0.149263269,0.104713902,-0.509169839,-0.797254054,-0.025967090,-0.599964016,0.061276941,240,11
1403636606.513555527,0.149219658,0.104762091,-0.509237398,-0.797230756,-0.025912380,-0.599997186,0.061278444,254,11
1403636606.563555479,0.149195442,0.104781416,-0.509179078,-0.797239097,-0.025919213,-0.599987798,0.061258948,245,11
1403636606.613555431,0.149252854,0.104764132,-0.509130424,-0.797217763,-0.025923927,-0.600019144,0.061227569,245,11
1403636606.663555384,0.149325046,0.104818568,-0.509296870,-0.797227363,-0.025963735,-0.600003613,0.061237902,232,11
1403636606.713555574,0.149284784,0.104791410,-0.509408310,-0.797212211,-0.025998567,-0.600021178,0.061248269,239,11
1403636606.763555527,0.149213649,0.104783941,-0.509473650,-0.797237900,-0.025940085,-0.599990491,0.061239316,228,11
1403636606.813555479,0.149184279,0.104746089,-0.509503774,-0.797257111,-0.025986298,-0.599960249,0.061265897,253,11
1403636606.863555431,0.149147556,0.104655448,-0.509485004,-0.797257565,-0.026018714,-0.599953340,0.061313874,222,11
1403636606.913555384,0.149107703,0.104607805,-0.509472091,-0.797287684,-0.026024622,-0.599916471,0.061280473,249,11
1403636606.963555574,0.149087772,0.104616462,-0.509402968,-0.797285199,-0.026025860,-0.599920121,0.061276542,237,11
1403636607.013555527,0.149105662,0.104623087,-0.509341395,-0.797265935,-0.025992917,-0.599945245,0.061295188,249,11
1403636607.063555479,0.149104997,0.104564310,-0.509354530,-0.797285437,-0.026027682,-0.599915162,0.061321205,240,11
1403636607.113555431,0.149131179,0.104592862,-0.509405817,-0.797294917,-0.026044322,-0.599901466,0.061324871,254,11
1403636607.163555384,0.149099452,0.104515728,-0.509433507,-0.797267963,-0.026037353,-0.599938244,0.061318470,245,11
1403636607.213555574,0.149089121,0.104398395,-0.509486420,-0.797281661,-0.026051726,-0.599919075,0.061321807,245,11
1403636607.263555527,0.149198123,0.104427292,-0.509460296,-0.797281534,-0.026107104,-0.599918379,0.061306717,232,11
1403636607.313555479,0.149178497,0.104581126,-0.509505371,-0.797318619,-0.026120953,-0.599870632,0.061285725,239,11
1403636607.363555431,0.149247905,0.104683503,-0.509486160,-0.797328814,-0.026150515,-0.599860621,0.061238449,228,11
1403636607.413555384,0.149231109,0.104754401,-0.509477652,-0.797339154,-0.026121275,-0.599846052,0.061259015,253,11
1403636607.463555574,0.149250538,0.104832258,-0.509455973,-0.797314469,-0.026140343,-0.599878840,0.061251110,222,11
1403636607.513555527,0.149289906,0.104881103,-0.509435036,-0.797328715,-0.026160615,-0.599858252,0.061258624,249,11
1403636607.563555479,0.149219727,0.104761652,-0.509369586,-0.797360709,-0.026141310,-0.599820858,0.061216588,237,11
1403636607.613555431,0.149187318,0.104718035,-0.509349613,-0.797348063,-0.026102230,-0.599842442,0.061186484,249,11
1403636607.663555384,0.149168766,0.104688625,-0.509378184,-0.797379899,-0.026108623,-0.599805299,0.061132963,240,11
1403636607.713555574,0.149151703,0.104717266,-0.509395014,-0.797415985,-0.026081244,-0.599756423,0.061153481,254,11
1403636607.763555527,0.149153020,0.104775262,-0.509429225,-0.797407088,-0.026098429,-0.599768424,0.061144465,245,11
1403636607.813555479,0.149237836,0.104837635,-0.509511249,-0.797414701,-0.026134983,-0.599759655,0.061115574,245,11
1403636607.863555431,0.149284892,0.104904728,-0.509400199,-0.797416754,-0.026103092,-0.599755977,0.061138515,232,11
1403636607.913555384,0.149355340,0.104885785,-0.509385219,-0.797434654,-0.026073331,-0.599734745,0.061126020,239,11
1403636607.963555574,0.149268010,0.104838693,-0.509311742,-0.797454020,-0.026105333,-0.599714610,0.061057224,228,11
1403636608.013555527,0.149261818,0.104871355,-0.509217279,-0.797466161,-0.026076370,-0.599695787,0.061095884,253,11
1403636608.063555479,0.149297245,0.104879296,-0.509047724,-0.797464870,-0.026098007,-0.599693996,0.061121082,222,11
1403636608.113555431,0.149363369,0.104974673,-0.508823311,-0.797469619,-0.026085907,-0.599690400,0.061099567,249,11
1403636608.163555384,0.149179283,0.104937949,-0.508992649,-0.797431502,-0.026020602,-0.599741144,0.061126830,237,11
1403636608.213555574,0.149197409,0.105030790,-0.508991574,-0.797414384,-0.025994689,-0.599764060,0.061136322,249,11
1403636608.263555527,0.149238797,0.105095506,-0.508926761,-0.797402482,-0.026026429,-0.599773828,0.061182206,240,11
1403636608.313555479,0.149109995,0.104892685,-0.509265563,-0.797390606,-0.026008486,-0.599792137,0.061165124,254,11
1403636608.363555431,0.149168501,0.104917444,-0.509307597,-0.797414488,-0.025999559,-0.599757799,0.061194277,245,11
1403636608.413555384,0.149183395,0.104991788,-0.509339512,-0.797413782,-0.025994650,-0.599759140,0.061192416,245,11
1403636608.463555574,0.149128405,0.104950510,-0.509410981,-0.797402909,-0.025962440,-0.599773738,0.061204700,232,11
1403636608.513555527,0.149220720,0.104887551,-0.509429089,-0.797419214,-0.025960004,-0.599750596,0.061220081,239,11
1403636608.563555479,0.149123862,0.104795308,-0.509375874,-0.797408230,-0.025959494,-0.599760099,0.061270255,228,11
1403636608.613555431,0.149142740,0.104762195,-0.509323334,-0.797410030,-0.025885987,-0.599761337,0.061265805,253,11
1403636608.663555384,0.149143968,0.104740094,-0.509269805,-0.797444575,-0.025864339,-0.599720673,0.061223371,222,11
1403636608.713555574,0.149134113,0.104681620,-0.509212843,-0.797462620,-0.025867147,-0.599702594,0.061164199,249,11
1403636608.763555527,0.149109834,0.104644071,-0.509255690,-0.797470360,-0.025872955,-0.599688916,0.061194923,237,11
1403636608.813555479,0.149154338,0.104545213,-0.509323549,-0.797507544,-0.025883398,-0.599641518,0.061170393,249,11
1403636608.863555431,0.149195572,0.104433633,-0.509460225,-0.797508133,-0.025865442,-0.599637064,0.061213963,240,11
1403636608.913555384,0.149244714,0.104527231,-0.509521953,-0.797502627,-0.025877184,-0.599646144,0.061191771,254,11
1403636608.963555574,0.149078236,0.104444244,-0.509654206,-0.797449595,-0.025845038,-0.599713816,0.061233290,245,11
1403636609.013555527,0.149021940,0.104327453,-0.509844137,-0.797473093,-0.025885317,-0.599681265,0.061229052,245,11
1403636609.063555479,0.149037611,0.104544627,-0.509601924,-0.797495427,-0.026024405,-0.599646115,0.061223453,232,11
1403636609.113555431,0.149054527,0.104797801,-0.509409584,-0.797517918,-0.025992239,-0.599620524,0.061194775,239,11
1403636609.163555384,0.149057121,0.104866133,-0.509178438,-0.797506340,-0.025945165,-0.599634140,0.061232223,228,11
1403636609.213555574,0.149032693,0.104873254,-0.509078117,-0.797526442,-0.025904558,-0.599608272,0.061240899,253,11
1403636609.263555527,0.149038999,0.104871339,-0.509040716,-0.797548349,-0.025860811,-0.599580755,0.061243506,222,11
1403636609.313555479,0.149067220,0.104870952,-0.509054944,-0.797549896,-0.025883556,-0.599580108,0.061220082,249,11
1403636609.363555431,0.149093317,0.104848638,-0.509176794,-0.797567219,-0.025860520,-0.599555972,0.061240527,237,11
1403636609.413555384,0.149172088,0.104936774,-0.509276354,-0.797579912,-0.025850545,-0.599543969,0.061196918,249,11
1403636609.463555574,0.149256661,0.105080916,-0.509395975,-0.797555071,-0.025878973,-0.599578418,0.061171139,240,11
1403636609.513555527,0.149283233,0.104937644,-0.509385728,-0.797563910,-0.025815484,-0.599570450,0.061160811,254,11
1403636609.563555479,0.149329792,0.105037111,-0.509420031,-0.797529787,-0.025801654,-0.599614239,0.061182326,245,11
1403636609.613555431,0.149457304,0.105135796,-0.509416862,-0.797547584,-0.025785680,-0.599591729,0.061177684,245,11
1403636609.663555384,0.149359631,0.105011652,-0.509217880,-0.797588621,-0.025684380,-0.599537404,0.061217690,232,11
1403636609.713555574,0.149412036,0.104895134,-0.509156629,-0.797581766,-0.025786203,-0.599546138,0.061178644,239,11
1403636609.763555527,0.149181790,0.104778785,-0.509064631,-0.797538390,-0.025776917,-0.599598239,0.061237389,228,11
1403636609.813555479,0.149146398,0.104749292,-0.509099483,-0.797674903,-0.025816365,-0.599406252,0.061322172,253,11
1403636609.863555431,0.149249376,0.104732271,-0.509115799,-0.797589674,-0.025809898,-0.599527023,0.061252840,222,11
1403636609.913555384,0.149356863,0.104731072,-0.509244357,-0.797583001,-0.025789406,-0.599530180,0.061317422,249,11
1403636609.963555574,0.149331822,0.104638756,-0.509362139,-0.797606796,-0.025812014,-0.599495929,0.061333275,237,11
1403636610.013555527,0.149515297,0.104617243,-0.509351306,-0.797588715,-0.025761148,-0.599520075,0.061353767,249,11
1403636610.063555479,0.149669391,0.104608878,-0.509254613,-0.797585481,-0.025792063,-0.599519189,0.061391463,240,11
1403636610.113555431,0.149644670,0.104621458,-0.509224922,-0.797551305,-0.025771614,-0.599565863,0.061388245,254,11
1403636610.163555384,0.149567463,0.104586092,-0.509145127,-0.797529438,-0.025837787,-0.599593682,0.061372804,245,11
1403636610.213555574,0.149691381,0.104342317,-0.509062463,-0.797573250,-0.025798736,-0.599531092,0.061431313,245,11
1403636610.263555527,0.149694798,0.104149636,-0.509088076,-0.797605057,-0.025868110,-0.599499498,0.061297352,232,11
1403636610.313555479,0.149238039,0.104389286,-0.509220445,-0.797557884,-0.025789490,-0.599567196,0.061282152,239,11
1403636610.363555431,0.149111682,0.104585327,-0.509312037,-0.797554828,-0.025809745,-0.599579258,0.061195307,228,11
1403636610.413555384,0.149118280,0.104664591,-0.509378552,-0.797531772,-0.025919994,-0.599615114,0.061097797,253,11
1403636610.463555574,0.149160272,0.104648170,-0.509434299,-0.797528267,-0.025917881,-0.599611048,0.061184303,222,11
1403636610.513555527,0.149246762,0.104648604,-0.509520299,-0.797523231,-0.025964111,-0.599620739,0.061135349,249,11
1403636610.563555479,0.149331872,0.104791712,-0.509420095,-0.797522006,-0.025964449,-0.599619662,0.061161742,237,11
1403636610.613555431,0.149445672,0.104912329,-0.509361377,-0.797548550,-0.025977888,-0.599593547,0.061065842,249,11
1403636610.663555384,0.149582909,0.105019450,-0.509337784,-0.797590228,-0.025965193,-0.599533838,0.061113128,240,11
1403636610.713555574,0.149486551,0.104896474,-0.509341029,-0.797612360,-0.025988247,-0.599506496,0.061082701,253,11
1403636610.763555527,0.149382698,0.104938819,-0.509469191,-0.797699166,-0.026066071,-0.599384627,0.061111936,244,11
1403636610.813555479,0.149403473,0.104835835,-0.509620794,-0.797736976,-0.026078316,-0.599340550,0.061045430,244,11
1403636610.863555431,0.149009845,0.104667759,-0.509447483,-0.797750689,-0.026040416,-0.599297734,0.061302220,231,11
1403636610.913555384,0.149148420,0.104611495,-0.509399802,-0.797705697,-0.026172443,-0.599376671,0.061059227,238,11
1403636610.963555574,0.149111454,0.104738203,-0.509261687,-0.797795160,-0.026073397,-0.599237523,0.061298060,227,11
1403636611.013555527,0.149365959,0.104734079,-0.509120047,-0.797673066,-0.026051740,-0.599413546,0.061175061,252,11
1403636611.063555479,0.149359813,0.104717932,-0.509136165,-0.797769572,-0.026116936,-0.599278173,0.061215082,221,11
1403636611.113555431,0.149535927,0.104676980,-0.509039828,-0.797677651,-0.026092481,-0.599400783,0.061222936,248,11
1403636611.163555384,0.149422770,0.104578629,-0.509192864,-0.797695709,-0.026083056,-0.599377819,0.061216501,236,11
1403636611.213555574,0.149517124,0.104493906,-0.509226808,-0.797679956,-0.026173006,-0.599399454,0.061171529,248,11
1403636611.263555527,0.149662784,0.104587597,-0.509174131,-0.797656884,-0.026024380,-0.599421656,0.061318071,240,11
1403636611.313555479,0.149641751,0.104633630,-0.509335711,-0.797638941,-0.026047807,-0.599454793,0.061217505,253,11
1403636611.363555431,0.149536765,0.105052461,-0.509375439,-0.798039024,-0.026208517,-0.598861821,0.061736128,244,11
1403636611.413555384,0.149868820,0.105419536,-0.510591840,-0.797795557,-0.026409700,-0.599232614,0.061196818,244,11
1403636611.463555574,0.149665001,0.104940960,-0.511596180,-0.798023879,-0.024879328,-0.598791594,0.063146921,231,11
1403636611.513555527,0.150473896,0.103807624,-0.515349117,-0.797560989,-0.025314384,-0.599542619,0.061679002,238,11
1403636611.563555479,0.151406043,0.102992089,-0.521416773,-0.797935210,-0.024949802,-0.599004645,0.062212083,227,11
1403636611.613555431,0.152506269,0.101494570,-0.527710350,-0.797809230,-0.025599736,-0.599215298,0.061531389,252,11
1403636611.663555384,0.152879353,0.100396896,-0.532593627,-0.797823217,-0.025309258,-0.599171591,0.061894756,221,11
1403636611.713555574,0.153735555,0.099061399,-0.538192329,-0.797647321,-0.025729002,-0.599463355,0.061159270,248,11
1403636611.763555527,0.154593729,0.098117820,-0.543874045,-0.797711760,-0.025345732,-0.599326950,0.061812207,235,11
1403636611.813555479,0.155325557,0.096953791,-0.549059587,-0.797716657,-0.025122402,-0.599318808,0.061919033,247,11
1403636611.863555431,0.156030388,0.095520723,-0.553779521,-0.797483325,-0.025531096,-0.599685892,0.061199192,240,11
1403636611.913555384,0.156790205,0.094376741,-0.558927496,-0.797649202,-0.025590374,-0.599439899,0.061422233,251,11
1403636611.963555574,0.157707871,0.093479808,-0.563889587,-0.797653980,-0.025428534,-0.599389711,0.061915204,242,11
1403636612.013555527,0.158554896,0.092583274,-0.568774329,-0.797570587,-0.025253633,-0.599465789,0.062323199,242,11
1403636612.063555479,0.159286671,0.091320676,-0.573687325,-0.797670822,-0.025794348,-0.599392185,0.061521707,229,11
1403636612.113555431,0.160205545,0.090850021,-0.578330170,-0.797649123,-0.025072710,-0.599314112,0.062847680,236,11
1403636612.163555384,0.161383651,0.090006336,-0.582939666,-0.797502510,-0.025298802,-0.599517261,0.062679909,225,11
1403636612.213555574,0.162256969,0.089000431,-0.587653155,-0.797729545,-0.025193289,-0.599216745,0.062706966,250,11
1403636612.263555527,0.162137575,0.088895813,-0.584290410,-0.797307878,-0.027192513,-0.599967175,0.060000866,219,11
1403636612.313555479,0.162926529,0.088990598,-0.588272915,-0.797451541,-0.025344127,-0.599556883,0.062930588,246,11
1403636612.363555431,0.164028151,0.087661931,-0.592032689,-0.797466537,-0.027088312,-0.599715920,0.060449646,234,11
1403636612.413555384,0.164826716,0.087470451,-0.595801617,-0.797433252,-0.025651502,-0.599614944,0.062483029,246,11
1403636612.463555574,0.165175785,0.086651481,-0.597414994,-0.797350220,-0.026918761,-0.599855874,0.060670735,240,11
1403636612.513555527,0.166138352,0.086459329,-0.600979527,-0.797400588,-0.025801250,-0.599677457,0.062237811,251,11
1403636612.563555479,0.167152904,0.085433572,-0.604208604,-0.797341313,-0.026630261,-0.599853759,0.060935445,242,11
1403636612.613555431,0.168002431,0.084902028,-0.607501184,-0.797380968,-0.025894908,-0.599737180,0.061873752,242,11
1403636612.663555384,0.169254890,0.088172499,-0.592817794,-0.797391942,-0.026708599,-0.599784794,0.060917498,229,11
1403636612.713555574,0.170162016,0.087973950,-0.594544273,-0.797422515,-0.026141651,-0.599675027,0.061836953,236,11
1403636612.763555527,0.170538119,0.087203332,-0.596161856,-0.797502324,-0.026583373,-0.599645128,0.060902281,225,11
1403636612.813555479,0.170608060,0.086972733,-0.597694856,-0.797480104,-0.026156901,-0.599643209,0.061394801,250,11
1403636612.863555431,0.168636951,0.089701630,-0.585754277,-0.797423590,-0.026503832,-0.599729347,0.061138158,219,11
1403636612.913555384,0.168084990,0.089501186,-0.585915163,-0.797450558,-0.026458134,-0.599703862,0.061056153,246,11
1403636612.963555574,0.155508435,0.092213681,-0.569816568,-0.797410962,-0.026197360,-0.599751084,0.061221673,234,11
1403636613.013555527,0.157217110,0.095241340,-0.568183016,-0.797410197,-0.026249115,-0.599792240,0.060804858,246,11
1403636613.063555479,0.156324116,0.095896626,-0.566937560,-0.797410977,-0.025942255,-0.599750572,0.061335026,240,11
1403636613.113555431,0.155560063,0.096301174,-0.565545555,-0.797470027,-0.026407368,-0.599716622,0.060697446,251,11
1403636613.163555384,0.154800924,0.097107812,-0.563960520,-0.797373229,-0.025844423,-0.599801836,0.061365761,242,11
1403636613.213555574,0.153988462,0.097503845,-0.562234812,-0.797425537,-0.026274496,-0.599780270,0.060710724,242,11
1403636613.263555527,0.153505331,0.097852816,-0.562979927,-0.797491453,-0.025784682,-0.599649625,0.061342148,229,11
1403636613.313555479,0.152884322,0.098355530,-0.561110872,-0.797407473,-0.026064353,-0.599794667,0.060896053,236,11
1403636613.363555431,0.152209495,0.099140241,-0.559269837,-0.797476419,-0.025692669,-0.599662730,0.061448013,225,11
1403636613.413555384,0.151602192,0.099557142,-0.557199067,-0.797457613,-0.026027953,-0.599734817,0.060844478,250,11
1403636613.463555574,0.151603159,0.099875374,-0.556160497,-0.797522807,-0.025512241,-0.599619423,0.061343667,219,11
1403636613.513555527,0.151080943,0.100212347,-0.553961913,-0.797505457,-0.025824959,-0.599670577,0.060936981,246,11
1403636613.563555479,0.150458099,0.100753041,-0.551658138,-0.797499787,-0.025524836,-0.599648228,0.061356127,234,11
1403636613.613555431,0.149910953,0.101109301,-0.549240650,-0.797484225,-0.025753489,-0.599696196,0.060992967,246,11
1403636613.663555384,0.149708564,0.101623030,-0.547090123,-0.797529369,-0.025475235,-0.599609470,0.061371018,240,11
1403636613.713555574,0.149252239,0.102038425,-0.544404147,-0.797488774,-0.025589802,-0.599680791,0.061153632,251,11
1403636613.763555527,0.148800632,0.102510545,-0.541637474,-0.797489425,-0.025499518,-0.599674306,0.061246380,242,11
1403636613.813555479,0.148403316,0.102999094,-0.538756720,-0.797512667,-0.025520265,-0.599645931,0.061212908,242,11
1403636613.863555431,0.148348711,0.102063550,-0.541718302,-0.797611572,-0.025392031,-0.599512430,0.061285159,229,11
1403636613.913555384,0.147984169,0.102394812,-0.539203886,-0.797614283,-0.025426981,-0.599510931,0.061250051,236,11
1403636613.963555574,0.147643856,0.102760484,-0.536595752,-0.797635809,-0.025411349,-0.599477469,0.061303704,225,11
1403636614.013555527,0.147302076,0.103126366,-0.533903547,-0.797624802,-0.025371821,-0.599485908,0.061380718,250,11
1403636614.063555479,0.148721794,0.101843629,-0.539126395,-0.797683303,-0.025232969,-0.599416032,0.061360132,219,11
1403636614.113555431,0.148522129,0.102071564,-0.536921011,-0.797649368,-0.025215960,-0.599455946,0.061418320,246,11
1403636614.163555384,0.148335176,0.102305571,-0.534599960,-0.797652373,-0.025269811,-0.599456404,0.061352654,234,11
1403636614.213555574,0.148143809,0.102511736,-0.532197178,-0.797678454,-0.025224175,-0.599416251,0.061424613,246,11
1403636614.263555527,0.148649879,0.102428706,-0.530862953,-0.797701246,-0.025261266,-0.599398134,0.061290025,240,11
1403636614.313555479,0.148600458,0.102624010,-0.528348248,-0.797666045,-0.025117190,-0.599434988,0.061446751,251,11
1403636614.363555431,0.148705109,0.102714031,-0.525712153,-0.797661920,-0.025196111,-0.599454989,0.061272616,242,11
1403636614.413555384,0.148748155,0.102898016,-0.523053335,-0.797704637,-0.025024164,-0.599380284,0.061517308,242,11
1403636614.463555574,0.146726533,0.102258020,-0.533497393,-0.797647591,-0.025210102,-0.599474146,0.061265978,229,11
1403636614.513555527,0.146706173,0.102353133,-0.531580225,-0.797623534,-0.025050849,-0.599485294,0.061534821,236,11
1403636614.563555479,0.146685560,0.102278128,-0.529593860,-0.797678120,-0.025171138,-0.599425985,0.061355684,225,11
1403636614.613555431,0.146734727,0.102284316,-0.527560595,-0.797697712,-0.025014740,-0.599384320,0.061571581,250,11
1403636614.663555384,0.149929371,0.102023214,-0.536217542,-0.797749389,-0.025081061,-0.599326459,0.061438165,219,11
1403636614.713555574,0.150211858,0.102045758,-0.534788971,-0.797709250,-0.024946282,-0.599367016,0.061618299,246,11
1403636614.763555527,0.149019558,0.101332129,-0.557842353,-0.797522657,-0.025226641,-0.599619661,0.061461281,234,11
1403636614.813555479,0.148895587,0.101131392,-0.558088031,-0.797498738,-0.025166335,-0.599647824,0.061521583,246,11
1403636614.863555431,0.149038327,0.100944762,-0.558138917,-0.797524465,-0.025226899,-0.599614317,0.061489856,240,11
1403636614.913555384,0.148800546,0.100915893,-0.558304320,-0.797506823,-0.025197096,-0.599643241,0.061448814,251,11
1403636614.963555574,0.148622785,0.100716990,-0.558282138,-0.797441795,-0.025259507,-0.599739218,0.061330346,242,11
1403636615.013555527,0.148842993,0.100603064,-0.558405265,-0.797417810,-0.025191596,-0.599764387,0.061423934,242,11
1403636615.063555479,0.148905858,0.100351031,-0.558536807,-0.797433411,-0.025337387,-0.599737149,0.061427394,229,11
1403636615.113555431,0.148932092,0.100297166,-0.558729601,-0.797434572,-0.025408097,-0.599745316,0.061303249,236,11
1403636615.163555384,0.149145115,0.100218621,-0.558921967,-0.797410242,-0.025436562,-0.599772775,0.061339275,225,11
1403636615.213555574,0.149379318,0.100161290,-0.559010226,-0.797411185,-0.025510928,-0.599774203,0.061282140,250,11
1403636615.263555527,0.149577082,0.100163807,-0.559049744,-0.797362958,-0.025482092,-0.599830804,0.061367596,219,11
1403636615.313555479,0.149761883,0.100091755,-0.559182308,-0.797413056,-0.025521132,-0.599770412,0.061290638,246,11
1403636615.363555431,0.150106780,0.099946354,-0.559283242,-0.797363868,-0.025495826,-0.599829581,0.061362027,234,11
1403636615.413555384,0.150193621,0.099799073,-0.559326217,-0.797356414,-0.025529173,-0.599845039,0.061293871,246,11
1403636615.463555574,0.150304077,0.099634313,-0.559384825,-0.797360740,-0.025520430,-0.599834971,0.061339750,240,11
1403636615.513555527,0.150505920,0.099571622,-0.559429157,-0.797354305,-0.025567371,-0.599849158,0.061265071,251,11
1403636615.563555479,0.150706292,0.099507320,-0.559474648,-0.797350196,-0.025584847,-0.599850504,0.061298070,242,11
1403636615.613555431,0.150768993,0.099414927,-0.559409554,-0.797366278,-0.025648348,-0.599836476,0.061199529,242,11
1403636615.663555384,0.150799814,0.099509341,-0.559326776,-0.797361050,-0.025677606,-0.599835319,0.061266686,229,11
1403636615.713555574,0.150680026,0.099679647,-0.559335585,-0.797396174,-0.025718255,-0.599796307,0.061174360,236,11
1403636615.763555527,0.150577465,0.099744395,-0.559301699,-0.797384287,-0.025644714,-0.599811225,0.061213903,225,11
1403636615.813555479,0.150550381,0.099663262,-0.559187714,-0.797383437,-0.025654651,-0.599822842,0.061106881,250,11
1403636615.863555431,0.150536195,0.099588826,-0.559118683,-0.797413838,-0.025633038,-0.599773538,0.061203116,219,11
1403636615.913555384,0.150580075,0.099561583,-0.559027880,-0.797418286,-0.025724030,-0.599773915,0.061103214,246,11
1403636615.963555574,0.150640156,0.099702920,-0.559063865,-0.797422466,-0.025708682,-0.599763955,0.061152869,234,11
1403636616.013555527,0.150718432,0.099730871,-0.559015672,-0.797439474,-0.025695315,-0.599745597,0.061116734,246,11
1403636616.063555479,0.150800657,0.099718336,-0.558936523,-0.797438494,-0.025671434,-0.599741335,0.061181346,240,11
1403636616.113555431,0.150874108,0.099684515,-0.559080242,-0.797388125,-0.025641398,-0.599812950,0.061148358,251,11
1403636616.163555384,0.150999863,0.099795700,-0.559110314,-0.797405960,-0.025632277,-0.599786304,0.061180963,242,11
1403636616.213555574,0.151115348,0.099870983,-0.559135769,-0.797404517,-0.025641009,-0.599799534,0.061066312,242,11
1403636616.263555527,0.151128294,0.099826783,-0.559247675,-0.797395040,-0.025621267,-0.599814266,0.061053639,229,11
1403636616.313555479,0.151078140,0.099816072,-0.559362218,-0.797364517,-0.025639673,-0.599853926,0.061054899,236,11
1403636616.363555431,0.150904826,0.099719714,-0.559385545,-0.797327986,-0.025581324,-0.599898184,0.061121575,225,11
1403636616.413555384,0.150902678,0.099706168,-0.559388948,-0.797343456,-0.025627515,-0.599877399,0.061104410,250,11
1403636616.463555574,0.150985940,0.099696105,-0.559379801,-0.797340085,-0.025666961,-0.599875781,0.061147725,219,11
1403636616.513555527,0.151087885,0.099762400,-0.559340284,-0.797319894,-0.025626862,-0.599907078,0.061120770,246,11
1403636616.563555479,0.151016925,0.099724357,-0.559295620,-0.797321999,-0.025627774,-0.599904684,0.061116430,234,11
1403636616.613555431,0.151094388,0.099788292,-0.559207562,-0.797344336,-0.025647722,-0.599873515,0.061122587,246,11
1403636616.663555384,0.151201221,0.099853461,-0.559121554,-0.797333150,-0.025631420,-0.599887305,0.061140006,240,11
1403636616.713555574,0.151142706,0.099736125,-0.559257311,-0.797325175,-0.025605460,-0.599894300,0.061186233,251,11
1403636616.763555527,0.151196734,0.099807521,-0.559207429,-0.797328189,-0.025588223,-0.599888545,0.061210579,242,11
1403636616.813555479,0.151284797,0.099914844,-0.559214695,-0.797343571,-0.025598675,-0.599863223,0.061253990,242,11
1403636616.863555431,0.151146957,0.099804765,-0.559364050,-0.797329181,-0.025536233,-0.599884991,0.061254197,229,11
1403636616.913555384,0.151074208,0.099699308,-0.559526229,-0.797318448,-0.025504798,-0.599899301,0.061266851,236,11
1403636616.963555574,0.150930732,0.099574924,-0.559556014,-0.797299420,-0.025505727,-0.599922841,0.061283589,225,11
1403636617.013555527,0.150947921,0.099548193,-0.559589164,-0.797304118,-0.025552181,-0.599917123,0.061259081,250,11
1403636617.063555479,0.150979706,0.099514692,-0.559662260,-0.797296532,-0.025560253,-0.599930411,0.061224300,219,11
1403636617.113555431,0.151024085,0.099475000,-0.559743563,-0.797320311,-0.025580269,-0.599900452,0.061199825,246,11
1403636617.163555384,0.151065404,0.099482660,-0.559636327,-0.797332498,-0.025623692,-0.599881583,0.061207852,234,11
1403636617.213555574,0.151127668,0.099474971,-0.559648932,-0.797311455,-0.025622185,-0.599908222,0.061221498,246,11
1403636617.263555527,0.151167622,0.099395434,-0.559688127,-0.797320722,-0.025618457,-0.599899568,0.061187160,240,11
1403636617.313555479,0.151199558,0.099447022,-0.559574224,-0.797330276,-0.025617132,-0.599888753,0.061169246,251,11
1403636617.363555431,0.151113256,0.099444397,-0.559546440,-0.797327872,-0.025637921,-0.599892117,0.061158891,242,11
1403636617.413555384,0.151159480,0.099419987,-0.559500313,-0.797352181,-0.025627254,-0.599860735,0.061154248,242,11
1403636617.463555574,0.151155958,0.099454878,-0.559443715,-0.797350824,-0.025672302,-0.599860445,0.061155897,229,11
1403636617.513555527,0.151022056,0.099550046,-0.559429527,-0.797340346,-0.025652980,-0.599877300,0.061135270,236,11
1403636617.563555479,0.150973619,0.099608266,-0.559428855,-0.797348931,-0.025647010,-0.599867148,0.061125425,225,11
1403636617.613555431,0.150959566,0.099586311,-0.559304568,-0.797352239,-0.025680739,-0.599862873,0.061110068,250,11
1403636617.663555384,0.150982957,0.099593258,-0.559171443,-0.797341928,-0.025654561,-0.599873077,0.061155420,219,11
1403636617.713555574,0.151021370,0.099593359,-0.559017061,-0.797325655,-0.025706789,-0.599896011,0.061120684,246,11
1403636617.763555527,0.150959099,0.099596787,-0.559223593,-0.797312206,-0.025633253,-0.599912041,0.061169650,234,11
1403636617.813555479,0.150966692,0.099534644,-0.559200922,-0.797329803,-0.025658535,-0.599894491,0.061101754,246,11
1403636617.863555431,0.151001989,0.099497114,-0.559153650,-0.797329689,-0.025616020,-0.599898539,0.061081335,240,11
1403636617.913555384,0.150954900,0.099547474,-0.559393366,-0.797344787,-0.025629442,-0.599881686,0.061044120,251,11
1403636617.963555574,0.150943075,0.099536109,-0.559439078,-0.797344577,-0.025591064,-0.599883134,0.061048728,242,11
1403636618.013555527,0.150977929,0.099625239,-0.559397325,-0.797342816,-0.025595901,-0.599889685,0.061005323,242,11
1403636618.063555479,0.151062879,0.099744852,-0.559399089,-0.797352170,-0.025580537,-0.599875265,0.061031303,229,11
1403636618.113555431,0.151072859,0.099725256,-0.559441684,-0.797336183,-0.025620148,-0.599894649,0.061033010,236,11
1403636618.163555384,0.151000381,0.099682679,-0.559510219,-0.797281302,-0.025557695,-0.599967277,0.061062226,225,11
1403636618.213555574,0.151033264,0.099662864,-0.559571405,-0.797313997,-0.025627564,-0.599925305,0.061018419,250,11
1403636618.263555527,0.151098696,0.099625423,-0.559648119,-0.797298443,-0.025655872,-0.599938266,0.061082292,219,11
1403636618.313555479,0.151177783,0.099655044,-0.559738798,-0.797333454,-0.025653912,-0.599896769,0.061033648,246,11
1403636618.363555431,0.151066127,0.099611957,-0.559687032,-0.797283909,-0.025593235,-0.599959828,0.061086502,234,11
1403636618.413555384,0.151058761,0.099661608,-0.559711576,-0.797276817,-0.025597844,-0.599972430,0.061053344,246,11
1403636618.463555574,0.151039956,0.099730042,-0.559748983,-0.797263826,-0.025566071,-0.599990833,0.061055449,240,11
1403636618.513555527,0.150962614,0.099620296,-0.559598971,-0.797218177,-0.026033081,-0.599985554,0.061504406,249,11
1403636618.563555479,0.150907537,0.099579716,-0.559293100,-0.797202401,-0.025946732,-0.600016637,0.061442112,260,11
1403636618.613555431,0.150788419,0.099596520,-0.559043243,-0.797288281,-0.025958170,-0.599896217,0.061498771,260,11
1403636618.663555384,0.150528508,0.099071443,-0.558610440,-0.797310368,-0.025813436,-0.599885208,0.061380614,247,11
1403636618.713555574,0.150036397,0.098804588,-0.558368382,-0.797386317,-0.025279897,-0.599859558,0.060864585,254,11
1403636618.763555527,0.150550578,0.099090363,-0.558895440,-0.797332397,-0.025715315,-0.599924767,0.060745739,243,11
1403636618.813555479,0.150452695,0.099197900,-0.558876693,-0.797276651,-0.025674224,-0.600001929,0.060732706,268,11
1403636618.863555431,0.150273783,0.099419516,-0.558633311,-0.797244231,-0.025795717,-0.600035158,0.060778498,238,11
1403636618.913555384,0.150005493,0.099896883,-0.558337112,-0.797208133,-0.026033334,-0.600037077,0.061130709,265,11
1403636618.963555574,0.150301853,0.100767790,-0.558984456,-0.797324941,-0.026126993,-0.599883050,0.061079008,252,11
1403636619.013555527,0.149857869,0.101275826,-0.559604832,-0.797315172,-0.026178264,-0.599876011,0.061253457,264,11
1403636619.063555479,0.149302504,0.101554643,-0.560236774,-0.797390788,-0.026259325,-0.599779526,0.061179240,258,11
1403636619.113555431,0.150097721,0.100514803,-0.560395371,-0.797403260,-0.025626652,-0.599772949,0.061349213,249,11
1403636619.163555384,0.150196422,0.099622779,-0.560515628,-0.797569507,-0.025375798,-0.599607290,0.060910160,260,11
1403636619.213555574,0.149859727,0.098990077,-0.561001341,-0.797564045,-0.025046836,-0.599641962,0.060776374,260,11
1403636619.263555527,0.150173262,0.099052827,-0.560165371,-0.797509975,-0.025062927,-0.599756280,0.060349764,247,11
1403636619.313555479,0.149995588,0.098831263,-0.560585138,-0.797530593,-0.024991267,-0.599736275,0.060305802,254,11
1403636619.363555431,0.150912959,0.100323618,-0.559061710,-0.797484073,-0.025545557,-0.599741149,0.060639359,243,11
1403636619.413555384,0.151129003,0.101112478,-0.558346689,-0.797336044,-0.025742189,-0.599890675,0.061022547,268,11
1403636619.463555574,0.151207896,0.102082389,-0.557608862,-0.797356058,-0.025646027,-0.599843779,0.061262045,238,11
1403636619.513555527,0.151171258,0.103436970,-0.556764437,-0.797280753,-0.025692514,-0.599939712,0.061283256,264,11
1403636619.563555479,0.151423586,0.104938906,-0.555270218,-0.797341179,-0.025241814,-0.599914804,0.060927198,250,11
1403636619.613555431,0.151204621,0.106232006,-0.552269569,-0.796999325,-0.025201727,-0.600378711,0.060846951,262,11
1403636619.663555384,0.151119924,0.107907566,-0.549302383,-0.796669530,-0.025156678,-0.600811081,0.060916717,256,11
1403636619.713555574,0.151117778,0.109415909,-0.546170644,-0.796998911,-0.024684838,-0.600436398,0.060494026,247,11
1403636619.763555527,0.151155520,0.110503329,-0.543722042,-0.796986259,-0.024571666,-0.600444835,0.060622906,258,11
1403636619.813555479,0.150886033,0.111723216,-0.541215641,-0.796895877,-0.024530601,-0.600567686,0.060610774,258,11
1403636619.863555431,0.150570241,0.112836342,-0.540166085,-0.797074420,-0.023950063,-0.600339402,0.060756608,245,11
1403636619.913555384,0.150368266,0.114407738,-0.538788437,-0.797023659,-0.024095123,-0.600421364,0.060554923,252,11
1403636619.963555574,0.149946300,0.115695773,-0.537419347,-0.796826107,-0.024303652,-0.600667108,0.060634264,241,11
1403636620.013555527,0.149789463,0.116931367,-0.536802339,-0.796724769,-0.024485043,-0.600781522,0.060759258,266,11
1403636620.063555479,0.149722301,0.116912462,-0.539976349,-0.797031343,-0.023940195,-0.600403563,0.060691574,237,11
1403636620.113555431,0.149280550,0.118265990,-0.539670599,-0.797077177,-0.023987128,-0.600338042,0.060719250,262,11
1403636620.163555384,0.148666193,0.119727884,-0.539332108,-0.796996703,-0.024140879,-0.600436439,0.060741705,248,11
1403636620.213555574,0.148178425,0.121223700,-0.539451314,-0.796958522,-0.024237321,-0.600492338,0.060651622,260,11
1403636620.263555527,0.147946424,0.121978672,-0.539860311,-0.797150373,-0.024132429,-0.600234780,0.060721638,254,11
1403636620.313555479,0.146690108,0.118585733,-0.541707682,-0.797133140,-0.023430386,-0.600296582,0.060611786,245,11
1403636620.363555431,0.146202341,0.119335412,-0.542231881,-0.797137293,-0.023425405,-0.600284325,0.060680439,256,11
1403636620.413555384,0.145755967,0.120080331,-0.542923180,-0.797261940,-0.023529460,-0.600108636,0.060740337,256,11
1403636620.463555574,0.149788206,0.107918403,-0.540567015,-0.797335291,-0.023520783,-0.599956134,0.061284938,243,11
1403636620.513555527,0.149775726,0.107391212,-0.541827741,-0.797375168,-0.023456163,-0.599900114,0.061339243,250,11
1403636620.563555479,0.151361939,0.107464133,-0.540798877,-0.797494747,-0.023549464,-0.599759588,0.061122725,239,11
1403636620.613555431,0.151014121,0.107538377,-0.540801010,-0.797648834,-0.023565852,-0.599559212,0.061071591,264,11
1403636620.663555384,0.150838829,0.107469556,-0.540873997,-0.797609006,-0.023680562,-0.599621610,0.060934634,237,11
1403636620.713555574,0.150912397,0.107377935,-0.541115220,-0.797564147,-0.023662183,-0.599679401,0.060960219,262,11
1403636620.763555527,0.151062544,0.107397275,-0.540506372,-0.797755781,-0.023791448,-0.599424893,0.060905489,248,11
1403636620.813555479,0.150971062,0.107196935,-0.540067626,-0.797788001,-0.023850222,-0.599370659,0.060994144,260,11
1403636620.863555431,0.150895452,0.106971108,-0.539802014,-0.797701663,-0.023838285,-0.599477500,0.061077982,254,11
1403636620.913555384,0.150683362,0.107284435,-0.539864630,-0.797676540,-0.023875823,-0.599518556,0.060988397,245,11
1403636620.963555574,0.150615008,0.107178309,-0.539564366,-0.797693311,-0.023843995,-0.599500560,0.060958376,256,11
1403636621.013555527,0.150567922,0.107052683,-0.539358214,-0.797607477,-0.023848374,-0.599615974,0.060944660,256,11
1403636621.063555479,0.150641189,0.107156921,-0.539720557,-0.797590485,-0.024283518,-0.599702007,0.060143422,243,11
1403636621.113555431,0.150359745,0.107616486,-0.539989035,-0.797410955,-0.024070085,-0.599867671,0.060952256,250,11
1403636621.163555384,0.150056876,0.107923765,-0.539749497,-0.797245834,-0.024399993,-0.600111373,0.060581025,239,11
1403636621.213555574,0.150080495,0.108108837,-0.539834372,-0.797263223,-0.024106908,-0.600055482,0.061021532,264,11
1403636621.263555527,0.150302511,0.108202968,-0.540179442,-0.797439658,-0.024228799,-0.599856796,0.060619982,237,11
1403636621.313555479,0.150467265,0.108443489,-0.540632916,-0.797602246,-0.024029853,-0.599624196,0.060860878,262,11
1403636621.363555431,0.150501967,0.107869693,-0.540589017,-0.797487453,-0.024151882,-0.599815029,0.060434920,248,11
1403636621.413555384,0.150382355,0.107837538,-0.540199501,-0.797600742,-0.023996410,-0.599658358,0.060556436,260,11
1403636621.463555574,0.150314832,0.107670548,-0.539453502,-0.797568741,-0.024251436,-0.599733822,0.060127481,254,11
1403636621.513555527,0.150718331,0.107872153,-0.539813521,-0.797739583,-0.024064526,-0.599510902,0.060159246,245,11
1403636621.563555479,0.151006900,0.107900078,-0.539795101,-0.797723725,-0.024155183,-0.599554541,0.059897726,256,11
1403636621.613555431,0.151327027,0.107793259,-0.539360241,-0.797633578,-0.023898984,-0.599668436,0.060060644,256,11
1403636621.663555384,0.151718064,0.107689319,-0.539847099,-0.797696371,-0.024139373,-0.599599220,0.059821118,243,11
1403636621.713555574,0.151229289,0.107945656,-0.540143533,-0.797584002,-0.023958033,-0.599747139,0.059909446,250,11
1403636621.763555527,0.151000357,0.108028309,-0.540112948,-0.797557466,-0.024018934,-0.599786691,0.059842334,239,11
1403636621.813555479,0.150648792,0.108276070,-0.539989343,-0.797521561,-0.024034173,-0.599820462,0.059976090,264,11
1403636621.863555431,0.150794711,0.108390586,-0.540884770,-0.797701849,-0.024135215,-0.599559051,0.060151448,237,11
1403636621.913555384,0.150965662,0.108403767,-0.541931187,-0.797766503,-0.024109138,-0.599479336,0.060098928,262,11
1403636621.963555574,0.150811198,0.108150892,-0.541284046,-0.797663522,-0.024231512,-0.599609983,0.060113291,248,11
1403636622.013555527,0.150948829,0.108190328,-0.541971802,-0.797826098,-0.024388267,-0.599403877,0.059947656,260,11
1403636622.063555479,0.151245567,0.108114688,-0.543774942,-0.797684346,-0.024387276,-0.599599895,0.059874122,254,11
1403636622.113555431,0.150707505,0.107913444,-0.543669219,-0.797628808,-0.024383797,-0.599703912,0.059572923,245,11
1403636622.163555384,0.150759629,0.108244532,-0.543211976,-0.797463216,-0.024310114,-0.599926565,0.059578140,256,11
1403636622.213555574,0.151189854,0.108527034,-0.544974450,-0.797637009,-0.024243031,-0.599681858,0.059742333,256,11
1403636622.263555527,0.151245685,0.108574373,-0.543272622,-0.797559957,-0.024410414,-0.599786285,0.059654492,243,11
1403636622.313555479,0.151115603,0.108762710,-0.543271872,-0.797455560,-0.024225121,-0.599926734,0.059713370,250,11
1403636622.363555431,0.150932508,0.108051490,-0.540354429,-0.797520928,-0.024302734,-0.599829260,0.059788005,239,11
1403636622.413555384,0.150469078,0.108147403,-0.539877210,-0.797473916,-0.024192386,-0.599902840,0.059721556,264,11
1403636622.463555574,0.150393571,0.107805429,-0.539460019,-0.797430683,-0.024313056,-0.599971108,0.059563840,237,11
1403636622.513555527,0.150426748,0.107517626,-0.538948649,-0.797329444,-0.024249330,-0.600112300,0.059522728,262,11
1403636622.563555479,0.150737998,0.108114521,-0.539901605,-0.797476334,-0.024374930,-0.599918275,0.059459417,248,11
1403636622.613555431,0.151080902,0.108334263,-0.540698771,-0.797608295,-0.024339629,-0.599740036,0.059501921,260,11
1403636622.663555384,0.151159784,0.108620812,-0.540697263,-0.797548910,-0.024345030,-0.599814035,0.059549797,254,11
1403636622.713555574,0.151208587,0.108571630,-0.540629787,-0.797591042,-0.024122665,-0.599751289,0.059707770,245,11
1403636622.763555527,0.151315662,0.108206812,-0.540952729,-0.797454207,-0.024319781,-0.599945466,0.059504406,256,11
1403636622.813555479,0.151475744,0.107599000,-0.541015356,-0.797462776,-0.024294009,-0.599942297,0.059431994,256,11
1403636622.863555431,0.151711873,0.107559741,-0.540683109,-0.797180619,-0.024105984,-0.600316832,0.059511868,243,11
1403636622.913555384,0.151221421,0.107968803,-0.540552931,-0.797125480,-0.023831195,-0.600382645,0.059696928,250,11
1403636622.963555574,0.150648635,0.107873480,-0.540451749,-0.796838072,-0.024035837,-0.600788759,0.059365243,239,11
1403636623.013555527,0.149777262,0.107845339,-0.540426760,-0.796996151,-0.024200094,-0.600623484,0.058846593,264,11
1403636623.063555479,0.149342581,0.107304718,-0.541014089,-0.797516372,-0.024165801,-0.599912124,0.059068551,237,11
1403636623.113555431,0.149144019,0.106641039,-0.540823950,-0.797668583,-0.024404852,-0.599727964,0.058784394,262,11
1403636623.163555384,0.148489304,0.106581586,-0.540574913,-0.797678074,-0.024486260,-0.599739411,0.058504297,248,11
1403636623.213555574,0.148928379,0.107041708,-0.540333365,-0.797310114,-0.024720561,-0.600232880,0.058360654,260,11
1403636623.263555527,0.148978849,0.107246345,-0.541743384,-0.796997622,-0.024595407,-0.600641291,0.058479882,254,11
1403636623.313555479,0.150070351,0.108368946,-0.541660200,-0.797119455,-0.024943117,-0.600524487,0.057868442,245,11
1403636623.363555431,0.150543854,0.109478371,-0.543892634,-0.796818054,-0.024959664,-0.600942711,0.057670287,256,11
1403636623.413555384,0.151078577,0.110928480,-0.546960122,-0.796497381,-0.024934420,-0.601341105,0.057957506,256,11
1403636623.463555574,0.151678269,0.112079697,-0.549860794,-0.796894143,-0.024858441,-0.600814041,0.058002338,243,11
1403636623.513555527,0.152063242,0.113115575,-0.555212426,-0.797193221,-0.024768626,-0.600405992,0.058156076,250,11
1403636623.563555479,0.151704368,0.113060035,-0.558833526,-0.797017041,-0.024418996,-0.600632553,0.058378816,239,11
1403636623.613555431,0.151364055,0.113225200,-0.560075507,-0.796487005,-0.024454639,-0.601376869,0.057933429,264,11
1403636623.663555384,0.150660262,0.113430304,-0.558714591,-0.796608311,-0.024427442,-0.601220241,0.057902676,237,11
1403636623.713555574,0.151380078,0.112947696,-0.557956383,-0.796334724,-0.024116465,-0.601632171,0.057516391,262,11
1403636623.763555527,0.151988398,0.113304731,-0.558268367,-0.796503109,-0.023953822,-0.601403278,0.057646409,248,11
1403636623.813555479,0.152392629,0.112811757,-0.556874889,-0.796439093,-0.023883739,-0.601522138,0.057318897,260,11
1403636623.863555431,0.152483808,0.112957316,-0.556443753,-0.795940391,-0.023204128,-0.602199550,0.057412228,254,11
1403636623.913555384,0.152649221,0.113382858,-0.554771239,-0.796521360,-0.023328012,-0.601431654,0.057354096,245,11
1403636623.963555574,0.151605515,0.113197613,-0.550692092,-0.797047024,-0.022975104,-0.600740362,0.057438684,256,11
1403636624.013555527,0.150622009,0.112745916,-0.547783439,-0.796670094,-0.023422296,-0.601243911,0.057218155,256,11
1403636624.063555479,0.149386569,0.113359401,-0.546868040,-0.796237360,-0.022916994,-0.601842188,0.057156444,243,11
1403636624.113555431,0.147518850,0.114129840,-0.540626012,-0.796195438,-0.022493766,-0.601976584,0.056489347,250,11
1403636624.163555384,0.144525209,0.115064574,-0.532275888,-0.795623594,-0.022059847,-0.602742769,0.056547450,239,11
1403636624.213555574,0.140584129,0.115702634,-0.521060231,-0.794910134,-0.022028829,-0.603722628,0.056139087,264,11
1403636624.263555527,0.136349511,0.117267317,-0.508047181,-0.794073320,-0.021988209,-0.604791676,0.056489916,237,11
1403636624.313555479,0.132901807,0.118846325,-0.496321492,-0.795106574,-0.021763091,-0.603565734,0.055138997,262,11
1403636624.363555431,0.129010009,0.119063450,-0.486637774,-0.798488746,-0.021513514,-0.599215491,0.053792998,248,11
1403636624.413555384,0.122661421,0.119453087,-0.475472065,-0.800273700,-0.020727949,-0.597031077,0.051829040,260,11
1403636624.463555574,0.116705679,0.119186205,-0.465841597,-0.803920000,-0.019392029,-0.592222247,0.051082208,250,11
1403636624.513555527,0.108056675,0.119567569,-0.455996895,-0.805870661,-0.018637173,-0.589739356,0.049321658,241,11
1403636624.563555479,0.100074132,0.118594889,-0.447050024,-0.808223119,-0.017454571,-0.586692551,0.047566577,250,11
1403636624.613555431,0.090623132,0.119178707,-0.434850304,-0.808785498,-0.018374791,-0.586064139,0.045356493,249,11
1403636624.663555384,0.082380829,0.119834622,-0.427090615,-0.806953707,-0.019194937,-0.588750233,0.042783543,233,11
1403636624.713555574,0.074506809,0.118861946,-0.420757348,-0.806350786,-0.022430439,-0.589747707,0.038638427,239,11
1403636624.763555527,0.065496144,0.117262916,-0.413564147,-0.804369280,-0.024504191,-0.592545239,0.035773528,225,11
1403636624.813555479,0.054530146,0.113609814,-0.404206274,-0.806748082,-0.029084715,-0.589437006,0.029591000,245,11
1403636624.863555431,0.040547894,0.109972409,-0.389727436,-0.808746023,-0.034058142,-0.586698646,0.023550198,219,11
1403636624.913555384,0.026267725,0.105715473,-0.376074031,-0.812624533,-0.038823244,-0.581254317,0.016659618,245,11
1403636624.963555574,0.012142938,0.101878960,-0.362106757,-0.816457455,-0.043407527,-0.575675723,0.010510607,230,11
1403636625.013555527,-0.001227754,0.098640189,-0.344785055,-0.819726665,-0.046887527,-0.570797518,0.006320476,226,11
1403636625.063555479,-0.014398439,0.097052742,-0.324647137,-0.822903302,-0.048942511,-0.566058640,0.003521660,232,11
1403636625.113555431,-0.025375177,0.095743099,-0.305690159,-0.826436246,-0.048890221,-0.560889481,0.003983421,232,11
1403636625.163555384,-0.036270561,0.097650260,-0.284692316,-0.827676870,-0.046883547,-0.559194555,0.007374421,259,11
1403636625.213555574,-0.044765584,0.100693599,-0.262665713,-0.827574781,-0.044471346,-0.559471458,0.011574513,268,11
1403636625.263555527,-0.053177289,0.105021982,-0.240988902,-0.825265446,-0.042702338,-0.562936370,0.014700234,267,11
1403636625.313555479,-0.058182378,0.111891473,-0.219308617,-0.823142759,-0.041551928,-0.566053611,0.017109787,263,11
1403636625.363555431,-0.066787112,0.118964491,-0.199428161,-0.821755180,-0.041276564,-0.568022192,0.019116963,253,11
1403636625.413555384,-0.075045096,0.125975802,-0.185092551,-0.822304778,-0.041735751,-0.567170285,0.019769850,273,11
1403636625.463555574,-0.082641301,0.131150984,-0.177645767,-0.823336336,-0.042715086,-0.565595551,0.019858808,257,11
1403636625.513555527,-0.088469803,0.137541869,-0.171714015,-0.823452723,-0.043197352,-0.565387495,0.019914374,268,11
1403636625.563555479,-0.092756500,0.145088348,-0.164993474,-0.824033826,-0.044158886,-0.564463879,0.019969366,257,11
1403636625.613555431,-0.096173464,0.153631113,-0.156173125,-0.824172482,-0.045233905,-0.564183508,0.019763174,254,11
1403636625.663555384,-0.099561681,0.163092681,-0.141229075,-0.823369554,-0.045876776,-0.565320529,0.019250930,254,11
1403636625.713555574,-0.102558193,0.173913675,-0.123916749,-0.821357297,-0.046843922,-0.568133410,0.020056565,224,11
1403636625.763555527,-0.104862469,0.186058477,-0.102151945,-0.818182508,-0.047300710,-0.572646180,0.020405385,244,11
1403636625.813555479,-0.107449858,0.199028738,-0.074214686,-0.815136055,-0.047264781,-0.576942934,0.021356594,231,11
1403636625.863555431,-0.110251165,0.212648896,-0.042223500,-0.811934813,-0.046965868,-0.581412437,0.022707794,218,11
1403636625.913555384,-0.112989495,0.227037754,-0.009314548,-0.809816902,-0.046259997,-0.584352918,0.024254178,236,11
1403636625.963555574,-0.116891260,0.241921869,0.025713589,-0.807987239,-0.046159737,-0.586854523,0.025053321,201,11
1403636626.013555527,-0.121676654,0.257195122,0.060541092,-0.806541338,-0.045901761,-0.588816921,0.026052477,217,11
1403636626.063555479,-0.127723865,0.272921201,0.094178632,-0.805932501,-0.043619314,-0.589647759,0.029760364,216,11
1403636626.113555431,-0.133748681,0.289879451,0.122697567,-0.805908405,-0.040644617,-0.589638118,0.034446318,239,11
1403636626.163555384,-0.141937045,0.305994651,0.151962412,-0.805171221,-0.038330279,-0.590551921,0.038451563,224,11
1403636626.213555574,-0.151845089,0.321864209,0.179673917,-0.804515708,-0.036212281,-0.591316870,0.042278892,236,11
1403636626.263555527,-0.152415152,0.295619133,0.211203712,-0.803921354,-0.034156785,-0.592051586,0.044929837,230,11
1403636626.313555479,-0.162548388,0.255445929,0.213122408,-0.803674334,-0.033266949,-0.592309439,0.046587595,217,11
1403636626.363555431,-0.189905499,0.215645183,0.200019471,-0.802716284,-0.032525863,-0.593593578,0.047278968,204,11
1403636626.413555384,-0.191611842,0.226412817,0.179708352,-0.802296924,-0.033663798,-0.594185774,0.046148251,227,11
1403636626.463555574,-0.194575576,0.220275287,0.173498497,-0.801744565,-0.035517218,-0.594987812,0.043973668,213,11
1403636626.513555527,-0.207285407,0.226648098,0.170809417,-0.799690503,-0.037874103,-0.597790300,0.041320809,231,11
1403636626.563555479,-0.221428269,0.232596249,0.167278811,-0.797433349,-0.040572656,-0.600814739,0.038413053,211,11
1403636626.613555431,-0.237099098,0.238338130,0.162797863,-0.795764555,-0.043106953,-0.602987168,0.036152977,208,11
1403636626.663555384,-0.263476806,0.204344244,0.168843672,-0.793621541,-0.045393927,-0.605736048,0.034468560,201,11
1403636626.713555574,-0.282002231,0.208408847,0.163212179,-0.793923060,-0.046752361,-0.605268537,0.033917406,229,11
1403636626.763555527,-0.300927094,0.213050258,0.154649436,-0.795546060,-0.048100242,-0.603007487,0.034275411,211,11
1403636626.813555479,-0.321654425,0.217823985,0.147118317,-0.797241589,-0.048982421,-0.600678498,0.034524099,215,11
1403636626.863555431,-0.343943558,0.222762601,0.138514192,-0.799808823,-0.049764036,-0.597187357,0.034592598,214,11
1403636626.913555384,-0.367601186,0.227771994,0.128640392,-0.802288871,-0.050504870,-0.593794021,0.034503408,209,11
1403636626.963555574,-0.392413873,0.232964822,0.118075510,-0.805096366,-0.051237376,-0.589963828,0.033723212,180,11
1403636627.013555527,-0.418213872,0.238451421,0.106965074,-0.807749019,-0.051663253,-0.586307475,0.033406211,208,11
1403636627.063555479,-0.444823889,0.244263605,0.095734949,-0.810395817,-0.051402291,-0.582695538,0.032898842,197,11
1403636627.113555431,-0.471331906,0.249884038,0.083972112,-0.813297816,-0.051662819,-0.578612827,0.032936489,217,11
1403636627.163555384,-0.497918633,0.256040418,0.076228154,-0.812364900,-0.051535103,-0.579899880,0.033519129,201,11
1403636627.213555574,-0.524290115,0.262517653,0.070763981,-0.810418418,-0.051553065,-0.582619181,0.033453854,199,11
1403636627.263555527,-0.550631877,0.269102551,0.068914893,-0.808231954,-0.051447940,-0.585660668,0.033403600,195,11
1403636627.313555479,-0.578766410,0.276038907,0.070948583,-0.806767800,-0.051439742,-0.587605975,0.034624954,222,11
1403636627.363555431,-0.606969556,0.283005393,0.075120002,-0.805965653,-0.050845276,-0.588706650,0.035476807,206,11
1403636627.413555384,-0.636019377,0.290160990,0.081496616,-0.805370427,-0.050610723,-0.589476951,0.036523331,210,11
1403636627.463555574,-0.666958923,0.297257064,0.091300575,-0.804793808,-0.049245050,-0.590327529,0.037353174,206,11
1403636627.513555527,-0.697891704,0.304179759,0.100439160,-0.805588043,-0.046666863,-0.589462040,0.037210373,202,11
1403636627.563555479,-0.729584596,0.310657052,0.106315474,-0.806320797,-0.043115062,-0.588811650,0.035898530,174,11
1403636627.613555431,-0.762369822,0.316788521,0.107814135,-0.807087379,-0.039523667,-0.588159471,0.033410775,201,11
1403636627.663555384,-0.796065686,0.323002649,0.104876219,-0.810026024,-0.036195502,-0.584429130,0.031469318,189,11
1403636627.713555574,-0.831076747,0.329201778,0.098144592,-0.813247808,-0.032233156,-0.580326513,0.028463382,208,11
1403636627.763555527,-0.866919444,0.335007904,0.091677662,-0.816919544,-0.027941432,-0.575548951,0.024599596,195,11
1403636627.813555479,-0.902632304,0.341278847,0.085116594,-0.820276422,-0.023404999,-0.571128738,0.020267274,211,11
1403636627.863555431,-0.953320738,0.322087781,0.150076204,-0.823486316,-0.018395160,-0.566831302,0.015302976,200,11
1403636627.913555384,-0.988526933,0.327264121,0.145179908,-0.826153338,-0.014882528,-0.563140910,0.011022175,216,11
1403636627.963555574,-1.022230790,0.332875239,0.142706462,-0.827335191,-0.011902464,-0.561532166,0.007512666,218,11
1403636628.013555527,-1.054374150,0.338838186,0.143555239,-0.827729961,-0.008405989,-0.561047363,0.004278675,218,11
1403636628.063555479,-1.084234032,0.345494831,0.148678700,-0.826745584,-0.005780141,-0.562542632,0.002029180,214,11
1403636628.113555431,-1.113908628,0.353256706,0.157640507,-0.823331201,-0.003511023,-0.567550317,0.000211115,210,11
1403636628.163555384,-1.101887527,0.273913843,0.202564797,-0.817852403,-0.000604453,-0.575427164,0.000813380,191,11
1403636628.213555574,-1.129393445,0.278824406,0.216137003,-0.812921698,0.002035392,-0.582367697,0.001426649,205,11
1403636628.263555527,-1.157451009,0.284003903,0.230811418,-0.809483346,0.005297418,-0.587109492,0.003330681,214,11
1403636628.313555479,-1.186579543,0.289558421,0.245294331,-0.806449380,0.008594348,-0.591202072,0.006756117,226,11
1403636628.363555431,-1.217191082,0.294789604,0.261837815,-0.805268521,0.010373930,-0.592757051,0.008606303,224,11
1403636628.413555384,-1.248743924,0.299389569,0.277799188,-0.804967403,0.011983189,-0.593108153,0.010324808,232,11
1403636628.463555574,-1.208348888,0.245715230,0.237742155,-0.804916883,0.013080578,-0.593117569,0.012217157,218,11
1403636628.513555527,-1.150027383,0.232233200,0.264021649,-0.805528459,0.013455008,-0.592246109,0.013689774,219,11
1403636628.563555479,-1.181619190,0.233299747,0.277200104,-0.805909745,0.013924670,-0.591682316,0.015087204,225,11
1403636628.613555431,-1.214128642,0.233725977,0.288801203,-0.806519361,0.013736867,-0.590812557,0.016683586,224,11
1403636628.663555384,-1.246807868,0.233061963,0.298142137,-0.806547590,0.013287629,-0.590769147,0.017211612,236,11
1403636628.713555574,-1.280266814,0.231158635,0.306080722,-0.806698628,0.012625817,-0.590634324,0.015133002,235,11
1403636628.763555527,-1.270493512,0.207494994,0.307602530,-0.808484344,0.013309309,-0.588252019,0.011640014,215,11
1403636628.813555479,-1.236365021,0.194742729,0.312700970,-0.810976292,0.014168081,-0.584868153,0.006779643,207,11
1403636628.863555431,-1.270593211,0.189134895,0.317315265,-0.813551354,0.015828005,-0.581273391,0.002216593,209,11
1403636628.913555384,-1.304187462,0.183635375,0.323974299,0.816032536,-0.017719081,0.577731341,0.001852317,202,11
1403636628.963555574,-1.339921880,0.178383698,0.332738763,0.818067466,-0.019346800,0.574774577,0.005050523,226,11
1403636629.013555527,-1.377226132,0.173325074,0.344136594,0.819743422,-0.021418180,0.572285790,0.007138469,228,11
1403636629.063555479,-1.281816003,0.121611190,0.310207248,0.820694489,-0.023826762,0.570803790,0.008710538,212,11
1403636629.113555431,-1.117302153,0.072723572,0.335023529,0.821561719,-0.025738817,0.569437737,0.010701292,215,11
1403636629.163555384,-1.149185500,0.065194582,0.351262393,0.821465088,-0.029472009,0.569344009,0.013187446,248,11
1403636629.213555574,-1.180502935,0.057474657,0.366339406,0.820130523,-0.033882605,0.570926102,0.016771434,238,11
1403636629.263555527,-1.211619513,0.050235446,0.380624301,0.819119898,-0.038675156,0.571995656,0.019177967,229,11
1403636629.313555479,-1.242737858,0.043717590,0.394839854,0.817530961,-0.043731447,0.573843132,0.020850605,227,11
1403636629.363555431,-1.264405275,0.035463033,0.371552728,0.816283809,-0.048592130,0.575193071,0.021736573,211,11
1403636629.413555384,-1.243068740,0.023647615,0.376219243,0.814375126,-0.053644094,0.577471592,0.021024414,208,11
1403636629.463555574,-1.274262477,0.017257825,0.385864967,0.811838642,-0.060241259,0.580382188,0.021107473,234,11
1403636629.513555527,-1.213758508,-0.017803866,0.396861395,0.810106708,-0.068122189,0.581916351,0.021444089,201,11
1403636629.563555479,-1.244803355,-0.026031558,0.403835548,0.809871742,-0.075387756,0.581256780,0.023769785,222,11
1403636629.613555431,-1.276520032,-0.035500090,0.408938093,0.811056441,-0.082214592,0.578428039,0.029141275,219,11
1403636629.663555384,-1.308792226,-0.045912359,0.412225444,0.813616811,-0.089155041,0.573433234,0.035403240,203,11
1403636629.713555574,-1.259992081,-0.072132318,0.412227087,0.816104974,-0.096784733,0.568190377,0.042012882,188,11
1403636629.763555527,-1.290767614,-0.084685392,0.411680365,0.817818606,-0.104724099,0.563694735,0.049536224,239,11
1403636629.813555479,-1.321115909,-0.098113397,0.410159702,0.818538500,-0.113512291,0.560228221,0.057044051,225,11
1403636629.863555431,-1.350927220,-0.111424439,0.407044079,0.818752019,-0.122746517,0.557199079,0.064090649,219,11
1403636629.913555384,-1.380087648,-0.125110430,0.404250943,0.818390339,-0.131406842,0.554978931,0.070483201,233,11
1403636629.963555574,-1.238133437,-0.182759590,0.360544797,0.817991557,-0.138879484,0.552937770,0.076564513,226,11
1403636630.013555527,-1.111578179,-0.232065189,0.337848847,0.817236729,-0.144642956,0.551909985,0.081227534,192,11
1403636630.063555479,-1.121769694,-0.253555716,0.342779712,0.815145943,-0.149334460,0.553125825,0.085370561,217,11
1403636630.113555431,-1.044103025,-0.297525344,0.341194124,0.811853569,-0.153495535,0.556259114,0.088930880,189,11
1403636630.163555384,-1.062927520,-0.314240985,0.349262982,0.807179357,-0.156617625,0.561613740,0.092316907,222,11
1403636630.213555574,-1.081752792,-0.331173069,0.358636499,0.802657960,-0.158453861,0.566885756,0.096297008,239,11
1403636630.263555527,-1.087920939,-0.350547847,0.367584511,0.798258615,-0.160401175,0.572121055,0.098651631,212,11
1403636630.313555479,-1.034374817,-0.379644444,0.375903503,0.796213500,-0.161567459,0.574309350,0.100542471,187,11
1403636630.363555431,-1.053290586,-0.395933822,0.388451286,0.796199847,-0.162547209,0.573942018,0.101167035,229,11
1403636630.413555384,-1.072800886,-0.413095969,0.403115205,0.797021087,-0.163431297,0.572489878,0.101503385,224,11
1403636630.463555574,-1.093551040,-0.429780480,0.421574566,0.798877707,-0.162762253,0.569939483,0.102332027,203,11
1403636630.513555527,-1.115017583,-0.447015912,0.441688943,0.799868160,-0.161729800,0.568717997,0.103025425,205,11
1403636630.563555479,-1.055289251,-0.496965004,0.439691641,0.800831715,-0.159510875,0.567727945,0.104450112,208,11
1403636630.613555431,-1.038609533,-0.517974786,0.454629497,0.801672169,-0.156850578,0.567008949,0.105926773,177,11
1403636630.663555384,-1.057806649,-0.535142088,0.473543697,0.802980363,-0.154210223,0.565694072,0.106920348,195,11
1403636630.713555574,-0.912695081,-0.612371642,0.466049768,0.803876505,-0.153084255,0.564970020,0.105625055,186,11
1403636630.763555527,-0.576489241,-0.682644366,0.438827500,0.805336016,-0.152651253,0.563425892,0.103357441,197,11
1403636630.813555479,-0.586160597,-0.699903168,0.452656946,0.805857630,-0.152376446,0.563188550,0.100963143,214,11
1403636630.863555431,-0.503271320,-0.736905069,0.447959761,0.806034752,-0.152611054,0.563276070,0.098680874,193,11
1403636630.913555384,-0.301126905,-0.778089381,0.430379721,0.806691793,-0.152623676,0.562710017,0.096497671,190,11
1403636630.963555574,-0.303215493,-0.795799390,0.437612812,0.806341569,-0.153117610,0.563453556,0.094278114,217,11
1403636631.013555527,-0.305221529,-0.813538928,0.444733423,0.806236982,-0.153244617,0.563722442,0.093354296,209,11
1403636631.063555479,-0.260111074,-0.843475217,0.438849852,0.805691951,-0.152783307,0.564849935,0.091990719,196,11
1403636631.113555431,-0.261764476,-0.860951671,0.444936721,0.804625966,-0.152275519,0.566472906,0.092182798,199,11
1403636631.163555384,-0.198441593,-0.895390794,0.431584337,0.804031503,-0.152616138,0.567322166,0.091581746,197,11
1403636631.213555574,-0.078303560,-0.932859342,0.410889539,0.803138910,-0.152051188,0.568796075,0.091210483,167,11
1403636631.263555527,0.267569422,-0.999318524,0.354227481,0.803551050,-0.152163437,0.568227973,0.090933871,179,11
1403636631.313555479,0.299899963,-1.025930778,0.350090005,0.803507214,-0.152072697,0.568440184,0.090143276,178,11
1403636631.363555431,0.387801504,-1.054547374,0.336405439,0.803692905,-0.151622620,0.568313794,0.090042913,193,11
1403636631.413555384,0.400842135,-1.075196133,0.335353259,0.803768509,-0.151364907,0.568343705,0.089611835,209,11
1403636631.463555574,0.572643807,-1.115809458,0.298142646,0.804370422,-0.151270224,0.567403023,0.090329135,187,11
1403636631.513555527,0.634015782,-1.144644885,0.286734024,0.804746679,-0.150251245,0.567069443,0.090772200,176,11
1403636631.563555479,0.649662107,-1.164960902,0.280413379,0.804775217,-0.149107803,0.567177962,0.091721710,205,11
1403636631.613555431,0.701735214,-1.188709607,0.265736960,0.805295268,-0.147791716,0.566680322,0.092360991,216,11
1403636631.663555384,0.716348543,-1.208714297,0.259759971,0.805890662,-0.146748331,0.566124721,0.092238651,207,11
1403636631.713555574,0.740350437,-1.226375288,0.250321970,0.806250277,-0.145875855,0.565774525,0.092627817,206,11
1403636631.763555527,0.770630335,-1.242664704,0.239717136,0.806767512,-0.144929985,0.565222503,0.092978507,201,11
1403636631.813555479,0.793049917,-1.262305338,0.233344220,0.806780784,-0.144171098,0.565406525,0.092924281,175,11
1403636631.863555431,0.884515897,-1.297527820,0.215407836,0.807582102,-0.143682698,0.564317111,0.093341464,178,11
1403636631.913555384,0.884510265,-1.311632322,0.216914066,0.808902156,-0.142704410,0.562542424,0.094121058,173,11
1403636631.963555574,0.921301408,-1.334295754,0.211159098,0.809318862,-0.142439499,0.562006976,0.094138875,184,11
1403636632.013555527,0.939979182,-1.353386698,0.210091801,0.808903839,-0.142976290,0.562491680,0.093997180,225,11
1403636632.063555479,0.932243287,-1.364766795,0.221485753,0.808282156,-0.142852362,0.563257477,0.094943003,205,11
1403636632.113555431,0.959816255,-1.383936468,0.223760608,0.807477702,-0.141815457,0.564433484,0.096348219,193,11
1403636632.163555384,0.981189187,-1.399956046,0.229596069,0.806585262,-0.140105552,0.565420751,0.100449109,210,11
1403636632.213555574,0.998036632,-1.415833133,0.233045578,0.806792542,-0.139753035,0.565011702,0.101570957,219,11
1403636632.263555527,1.024503109,-1.433009679,0.232580722,0.806240387,-0.140917323,0.565585319,0.101153315,211,11
1403636632.313555479,1.039966347,-1.446282025,0.233329981,0.806006510,-0.141819705,0.565734875,0.100919414,216,11
1403636632.363555431,1.065488368,-1.459258404,0.229489217,0.805674374,-0.142527295,0.566080128,0.100638274,210,11
1403636632.413555384,1.093300052,-1.473100562,0.220887434,0.806419157,-0.143625031,0.564753254,0.100567172,185,11
1403636632.463555574,1.112165983,-1.480193455,0.212238937,0.808089062,-0.146001967,0.562199112,0.098018630,189,11
1403636632.513555527,1.130311170,-1.490049662,0.202363039,0.809818188,-0.147366920,0.560086223,0.093706539,183,11
1403636632.563555479,1.146310233,-1.495598103,0.191280638,0.812903191,-0.149017258,0.556209544,0.087253668,174,11
1403636632.613555431,1.165687171,-1.505250914,0.178661037,0.815684998,-0.149072343,0.553156229,0.080334340,213,11
1403636632.663555384,1.190437592,-1.514299228,0.165278458,0.818236631,-0.146686862,0.550955470,0.073619628,192,11
1403636632.713555574,1.212324066,-1.524817629,0.151110500,0.819827230,-0.142142473,0.550634625,0.066935338,178,11
1403636632.763555527,1.230692295,-1.533833885,0.142586252,0.822066436,-0.135958883,0.549620791,0.060323644,193,11
1403636632.813555479,1.251304954,-1.545027355,0.134424608,0.823173769,-0.126042291,0.550875647,0.055084560,218,11
1403636632.863555431,1.274646837,-1.557339974,0.128065901,0.823003816,-0.113480886,0.554161059,0.051887652,214,11
1403636632.913555384,1.303306438,-1.570886937,0.123678550,0.822015915,-0.100217528,0.558414684,0.049186621,207,11
1403636632.963555574,1.328975129,-1.583917302,0.123155837,0.821685841,-0.088219503,0.561106808,0.046998390,200,11
1403636633.013555527,1.354314751,-1.597238456,0.122028898,0.820877011,-0.077178253,0.564057617,0.045204586,180,11
1403636633.063555479,1.366729663,-1.604515988,0.122915865,0.821736093,-0.068749128,0.564113818,0.042414040,179,11
1403636633.113555431,1.401410732,-1.618293279,0.122179984,0.821707441,-0.061847974,0.565144871,0.039786731,179,11
1403636633.163555384,1.424410638,-1.626786436,0.125584217,0.822241065,-0.056377185,0.565089769,0.037613784,166,11
1403636633.213555574,1.450857386,-1.638692784,0.120091955,0.821988651,-0.052164892,0.566023710,0.035080506,203,11
1403636633.263555527,1.492478630,-1.655119342,0.115462338,0.822845619,-0.049583593,0.565189768,0.032048093,182,11
1403636633.313555479,1.516691743,-1.666895747,0.108088857,0.823765077,-0.048327139,0.564115856,0.029135657,196,11
1403636633.363555431,1.558148378,-1.679271580,0.100772928,0.824580413,-0.048562269,0.563052192,0.026097471,195,11
1403636633.413555384,1.586684256,-1.691565357,0.090276989,0.825748566,-0.049318884,0.561382996,0.023581457,214,11
1403636633.463555574,1.614154576,-1.703552645,0.078671858,0.826844223,-0.050055854,0.559795998,0.021248102,209,11
1403636633.513555527,1.648514135,-1.717249559,0.064454988,0.827687879,-0.050936767,0.558506051,0.020228953,206,11
1403636633.563555479,1.689269029,-1.730856785,0.053806408,0.828514853,-0.052168453,0.557179446,0.019815551,201,11
1403636633.613555431,1.720379501,-1.744673896,0.041828188,0.829695423,-0.053208519,0.555320253,0.019843779,186,11
1403636633.663555384,1.749733213,-1.754245299,0.034205926,0.830582034,-0.053928218,0.553860906,0.021525080,182,11
1403636633.713555574,1.789636866,-1.767600674,0.025015555,0.830182181,-0.055463151,0.554270988,0.022473470,182,11
1403636633.763555527,1.840912618,-1.780661192,0.023277715,0.829398928,-0.057078591,0.555254446,0.023064124,171,11
1403636633.813555479,1.874940523,-1.794949983,0.018774960,0.829661218,-0.058644271,0.554668141,0.023798435,207,11
1403636633.863555431,1.937227476,-1.814744905,0.018365015,0.828788150,-0.060447272,0.555796084,0.023388973,173,11
1403636633.913555384,1.971876619,-1.828224373,0.017929631,0.828252235,-0.064114509,0.556274354,0.021128376,181,11
1403636633.963555574,2.034525971,-1.846445563,0.021814996,0.826794062,-0.068065658,0.558053433,0.018841762,180,11
1403636634.013555527,2.068234507,-1.860468811,0.022704947,0.825447756,-0.071360007,0.559692268,0.016979888,199,11
1403636634.063555479,2.103210658,-1.875816371,0.022820944,0.825160677,-0.074195407,0.559769901,0.016203597,217,11
1403636634.113555431,2.139277817,-1.890758569,0.024121164,0.825340496,-0.074255015,0.559508184,0.015806648,216,11
1403636634.163555384,2.175722229,-1.905618563,0.027118605,0.825987661,-0.073306594,0.558654938,0.016588777,207,11
1403636634.213555574,2.213716735,-1.923750844,0.032481905,0.826828089,-0.070974067,0.557634732,0.019013143,191,11
1403636634.263555527,2.249681637,-1.943635833,0.037977848,0.827023205,-0.067867149,0.557623736,0.021964450,181,11
1403636634.313555479,2.286116045,-1.961385519,0.045005349,0.825472900,-0.065007789,0.560148365,0.024541551,174,11
1403636634.363555431,2.315398160,-1.981772015,0.047265089,0.823191837,-0.062408755,0.563703422,0.026434827,188,11
1403636634.413555384,2.353394069,-2.000628515,0.054163211,0.820874842,-0.060059305,0.567238302,0.028250339,214,11
1403636634.463555574,2.386911309,-2.019574432,0.056057401,0.819200449,-0.057532295,0.569824605,0.030009634,179,11
1403636634.513555527,2.423637863,-2.040039814,0.061919359,0.817320617,-0.055847918,0.572659356,0.030484118,186,11
1403636634.563555479,2.455694944,-2.057678009,0.062175045,0.816015122,-0.054074011,0.574656204,0.031073600,196,11
1403636634.613555431,2.480920255,-2.078719960,0.054837222,0.815355537,-0.051623416,0.575833626,0.030757218,179,11
1403636634.663555384,2.516257909,-2.097576023,0.057208478,0.815200385,-0.048016062,0.576436130,0.029396892,198,11
1403636634.713555574,2.550833361,-2.114587350,0.057938335,0.815183715,-0.043565579,0.576853118,0.028601242,213,11
1403636634.763555527,2.583228748,-2.131735091,0.057959197,0.816469364,-0.039809600,0.575400039,0.026603899,206,11
1403636634.813555479,2.616749830,-2.147859845,0.060928014,0.818162845,-0.037157842,0.573280923,0.024038252,199,11
1403636634.863555431,2.644647086,-2.166917837,0.062609976,0.819357041,-0.034547812,0.571835850,0.021546435,191,11
1403636634.913555384,2.675072225,-2.181032448,0.065658855,0.820111007,-0.032104054,0.570992456,0.018838283,180,11
1403636634.963555574,2.698000388,-2.197503354,0.069131864,0.822045842,-0.029468144,0.568402263,0.017062531,187,11
1403636635.013555527,2.729021168,-2.213222230,0.076543398,0.822382539,-0.026405702,0.568090672,0.016207597,211,11
1403636635.063555479,2.754424421,-2.224776119,0.073594691,0.823729810,-0.024012372,0.566276092,0.014966424,179,11
1403636635.113555431,2.783159308,-2.240837387,0.075989157,0.824462571,-0.021207562,0.565332066,0.014538355,187,11
1403636635.163555384,2.809329210,-2.254103392,0.071599536,0.825381304,-0.020125626,0.564063754,0.013143191,204,11
1403636635.213555574,2.838289091,-2.264409625,0.063722205,0.826053800,-0.019389175,0.563130329,0.011975464,185,11
1403636635.263555527,2.874821258,-2.277926106,0.062733490,0.826561114,-0.019534714,0.562425831,0.009607517,188,11
1403636635.313555479,2.908510463,-2.291415340,0.059216189,0.826992672,-0.020200479,0.561807883,0.006852959,225,11
1403636635.363555431,2.940858074,-2.304041477,0.053887036,0.827921916,-0.022100884,0.560399121,0.003110725,217,11
1403636635.413555384,2.973890377,-2.318122797,0.050197465,0.828444465,-0.022062120,0.559634984,0.001310033,210,11
1403636635.463555574,3.007967493,-2.330869314,0.046968895,0.828165567,-0.022911969,0.560015029,0.000050926,192,11
1403636635.513555527,3.043924887,-2.343840031,0.046320550,-0.828062481,0.025157905,-0.560064822,0.002646252,182,11
1403636635.563555479,3.076914032,-2.357206742,0.047064802,-0.827832585,0.026152165,-0.560353945,0.003568268,182,11
1403636635.613555431,3.110859996,-2.371391340,0.047836274,-0.827399039,0.026931545,-0.560951601,0.004338581,222,11
1403636635.663555384,3.143503605,-2.381895203,0.048391884,-0.826672358,0.027819955,-0.561977333,0.004510054,192,11
1403636635.713555574,3.177653904,-2.399020884,0.050641359,-0.825804272,0.028366912,-0.563222758,0.004769332,191,11
1403636635.763555527,3.214013535,-2.415464656,0.058076318,-0.824018723,0.029971999,-0.565732280,0.006466080,197,11
1403636635.813555479,3.264424480,-2.431574186,0.072945204,-0.821652418,0.032581138,-0.568985726,0.009000972,198,11
1403636635.863555431,3.303067742,-2.448012756,0.087782001,-0.819819296,0.034837366,-0.571463280,0.010601806,182,11
1403636635.913555384,3.340255300,-2.466251765,0.096992991,-0.820412576,0.037532526,-0.570380429,0.013441766,208,11
1403636635.963555574,3.377149357,-2.484608390,0.108371361,-0.822333563,0.038462548,-0.567537343,0.013766173,221,11
1403636636.013555527,3.416873281,-2.504182890,0.118272857,-0.825403978,0.037470664,-0.563172733,0.011861521,216,11
1403636636.063555479,3.453761317,-2.526324898,0.128929408,-0.827861937,0.035171771,-0.559773930,0.007791427,200,11
1403636636.113555431,3.487730528,-2.546929411,0.140115643,-0.829729885,0.033048292,-0.557171390,0.004021296,209,11
1403636636.163555384,3.527564613,-2.564592456,0.155335383,-0.828879353,0.030051223,-0.558619465,0.000485565,184,11
1403636636.213555574,3.564938429,-2.585794412,0.169501717,0.826034379,-0.027079257,0.562958364,0.003434921,211,11
1403636636.263555527,3.602490665,-2.607672495,0.184673396,0.822623654,-0.024817525,0.568005798,0.006620264,203,11
1403636636.313555479,3.634237413,-2.628091001,0.203058580,0.819466893,-0.023617436,0.572580734,0.008217675,196,11
1403636636.363555431,3.658779618,-2.646814963,0.226248274,0.815480200,-0.022553140,0.578272507,0.009181909,200,11
1403636636.413555384,3.690894408,-2.666537548,0.248352135,0.810294811,-0.021849920,0.585526892,0.010156736,210,11
1403636636.463555574,3.722662077,-2.686148546,0.266532647,0.806177995,-0.021193449,0.591196949,0.010679184,220,11
1403636636.513555527,3.759082190,-2.707311401,0.281509735,0.804560234,-0.019456658,0.593399732,0.013454624,232,11
1403636636.563555479,3.791128421,-2.726321819,0.293376366,0.803915594,-0.017265342,0.594261285,0.016587678,232,11
1403636636.613555431,3.820180241,-2.745659016,0.303231894,0.803635875,-0.014890513,0.594585588,0.020387047,233,11
1403636636.663555384,3.851230851,-2.762915336,0.310548825,0.804047108,-0.012047361,0.593943546,0.024375679,212,11
1403636636.713555574,3.882548214,-2.779409209,0.315575515,0.804198037,-0.009759989,0.593627457,0.027869372,202,11
1403636636.763555527,3.913202422,-2.793709421,0.318979092,0.804614528,-0.007280456,0.592923814,0.031365696,197,11
1403636636.813555479,3.935804137,-2.811047474,0.320978369,0.804983243,-0.003780988,0.592243894,0.035140462,219,11
1403636636.863555431,3.962435726,-2.821798575,0.318530128,0.805970878,-0.000866696,0.590686960,0.038718324,216,11
1403636636.913555384,3.986696962,-2.831725861,0.315387634,0.808026014,-0.002507872,0.588048062,0.035876846,209,11
1403636636.963555574,4.013707661,-2.841244705,0.311441270,0.809228635,-0.005430697,0.586686460,0.030307131,205,11
1403636637.013555527,4.037109532,-2.852776859,0.313659104,0.810887602,-0.008870961,0.584672272,0.023258048,191,11
1403636637.063555479,4.055846488,-2.859249818,0.308511873,0.811609264,-0.012087665,0.583824466,0.017125537,186,11
1403636637.113555431,4.091757036,-2.866000750,0.302061094,0.813102947,-0.014237555,0.581808228,0.012652128,206,11
1403636637.163555384,4.141920760,-2.876139402,0.298991015,0.815339572,-0.015036115,0.578702099,0.009958813,203,11
1403636637.213555574,4.165473464,-2.880989855,0.288582972,0.817873222,-0.015444289,0.575125060,0.008719622,203,11
1403636637.263555527,4.186184367,-2.885317943,0.279147423,0.819633005,-0.015495107,0.572629243,0.007575536,202,11
1403636637.313555479,4.207980785,-2.890923057,0.272647055,0.821129273,-0.015374750,0.570491692,0.007040099,188,11
1403636637.363555431,4.235469186,-2.896053594,0.272762091,0.822104546,-0.014599186,0.569098886,0.007578764,172,11
1403636637.413555384,4.267844979,-2.901010670,0.275230205,0.822618290,-0.014224183,0.568381082,0.006306054,194,11
1403636637.463555574,4.294876873,-2.904428012,0.277123587,0.823724925,-0.013093283,0.566801460,0.006474464,201,11
1403636637.513555527,4.318935082,-2.908133773,0.281174194,0.823951333,-0.013191977,0.566480783,0.005449319,200,11
1403636637.563555479,4.343336405,-2.910675796,0.284475052,0.824827870,-0.012940933,0.565216522,0.004669140,201,11
1403636637.613555431,4.364798617,-2.912173309,0.290862817,0.824858654,-0.013175898,0.565175824,0.003299106,196,11
1403636637.663555384,4.388600562,-2.914327205,0.298165630,0.825082112,-0.012863687,0.564859834,0.002720689,188,11
1403636637.713555574,4.406717734,-2.915838642,0.303280940,0.824577430,-0.012627826,0.565601018,0.002843942,197,11
1403636637.763555527,4.419332910,-2.918678214,0.310348298,0.823732314,-0.012396974,0.566836441,0.002799673,189,11
1403636637.813555479,4.441356273,-2.922529782,0.321604691,0.822709406,-0.012308305,0.568321158,0.002966706,205,11
1403636637.863555431,4.468954314,-2.925592818,0.334218501,0.822272646,-0.011612284,0.568964807,0.003449586,201,11
1403636637.913555384,4.493765524,-2.927795758,0.350827456,0.821107223,-0.011364378,0.570651681,0.003230721,191,11
1403636637.963555574,4.514921163,-2.925313712,0.369246025,0.819458573,-0.010739206,0.573030756,0.002840704,180,11
1403636638.013555527,4.535786137,-2.923185895,0.383338306,0.818810578,-0.010310647,0.573967149,0.002153915,203,11
1403636638.063555479,4.564256477,-2.924859804,0.388760991,0.818581618,-0.010357947,0.574295251,0.001346195,198,11
1403636638.113555431,4.592563836,-2.925577506,0.391521023,0.817393446,-0.010617967,0.575981417,0.000788096,200,11
1403636638.163555384,4.615194350,-2.922679981,0.396944661,0.816207641,-0.010360734,0.577665766,0.000070019,201,11
1403636638.213555574,4.638653198,-2.921355257,0.402123581,-0.816131128,0.009916301,-0.577781625,0.000207463,220,11
1403636638.263555527,4.662546961,-2.919507734,0.404954730,-0.815344710,0.009423090,-0.578899134,0.000047875,209,11
1403636638.313555479,4.689982922,-2.919059066,0.404110862,-0.816411083,0.010264151,-0.577376664,0.001944106,220,11
1403636638.363555431,4.707438239,-2.923183815,0.398887377,-0.819592109,0.013316392,-0.572762917,0.005838718,191,11
1403636638.413555384,4.727081384,-2.924511222,0.393639627,-0.825177849,0.016849513,-0.564523423,0.010531662,211,11
1403636638.463555574,4.748991373,-2.925895077,0.387107758,-0.830665823,0.019644310,-0.556235651,0.014501470,203,11
1403636638.513555527,4.772369431,-2.928693145,0.379679150,-0.835241913,0.022661407,-0.549099947,0.018618704,186,11
1403636638.563555479,4.791909338,-2.932333532,0.373865535,-0.837826991,0.023896274,-0.545053119,0.019798933,171,11
1403636638.613555431,4.819050659,-2.936115358,0.371695201,-0.839033632,0.022456283,-0.543311920,0.018177921,195,11
1403636638.663555384,4.848675837,-2.940674632,0.373659136,-0.838320367,0.018903005,-0.544674137,0.013846450,185,11
1403636638.713555574,4.879575870,-2.946334056,0.378460172,-0.836868128,0.016560611,-0.547054000,0.010459553,189,11
1403636638.763555527,4.914903883,-2.951580292,0.382475312,-0.834386311,0.014362617,-0.550936606,0.007877501,171,11
1403636638.813555479,4.949278277,-2.958051671,0.386288827,-0.831459845,0.013201852,-0.555388830,0.006594356,184,11
1403636638.863555431,4.992812411,-2.963885258,0.386598614,-0.828921050,0.013237292,-0.559172426,0.006392528,171,11
1403636638.913555384,5.026822760,-2.969946925,0.397255745,-0.827007345,0.013978906,-0.561958173,0.008151902,179,11
1403636638.963555574,5.047955627,-2.977959447,0.401927362,-0.825325587,0.015574260,-0.564350039,0.010205515,164,11
1403636639.013555527,5.081794901,-2.984612262,0.413573796,-0.824904096,0.018651045,-0.564772720,0.014735874,178,11
1403636639.063555479,5.114268958,-2.991052598,0.421986646,-0.824197810,0.022139281,-0.565522101,0.019813522,183,11
1403636639.113555431,5.145611796,-3.001793771,0.426614921,-0.823692091,0.025146543,-0.565966175,0.024109732,177,11
1403636639.163555384,5.187102370,-3.024745892,0.414455537,-0.823837607,0.027715976,-0.565468582,0.027725535,166,11
1403636639.213555574,5.231149216,-3.042829150,0.399587699,-0.823795135,0.029379778,-0.565301020,0.030547695,196,11
1403636639.263555527,5.255171166,-3.062962967,0.384150676,-0.824138269,0.029707715,-0.564679235,0.032418009,192,11
1403636639.313555479,5.289537838,-3.079884790,0.373044951,-0.824388562,0.026740735,-0.564667377,0.028621417,198,11
1403636639.363555431,5.305779253,-3.101368347,0.354796405,-0.824547786,0.022508002,-0.564835958,0.023972479,178,11
1403636639.413555384,5.338959539,-3.120109532,0.343792258,-0.825064579,0.018716634,-0.564425817,0.018483107,199,11
1403636639.463555574,5.374280942,-3.138665425,0.331925826,-0.825330568,0.014661640,-0.564307277,0.013106746,192,11
1403636639.513555527,5.409963809,-3.158639006,0.318871818,-0.824793477,0.010554255,-0.565287316,0.007387675,190,11
1403636639.563555479,5.441109521,-3.179742648,0.306003780,-0.823796317,0.006025985,-0.566852984,0.001005166,199,11
1403636639.613555431,5.465425442,-3.199334895,0.293065181,0.822789740,-0.002474355,0.568329423,0.003548066,201,11
1403636639.663555384,5.499124210,-3.217168176,0.278794588,0.820899838,-0.001019414,0.571050470,0.004876159,193,11
1403636639.713555574,5.534240079,-3.234967326,0.265687494,0.818498614,-0.001503511,0.574494240,0.003758487,182,11
1403636639.763555527,5.571258261,-3.250435185,0.253625407,0.816283278,-0.003049948,0.577642975,0.000949616,179,11
1403636639.813555479,5.603662726,-3.267172734,0.245360453,-0.815100490,0.004279004,-0.579303090,0.000900267,196,11
1403636639.863555431,5.635902453,-3.282523196,0.238212207,-0.814259461,0.005865654,-0.580460684,0.003538277,198,11
1403636639.913555384,5.667834916,-3.298379102,0.232932912,-0.813492043,0.006833834,-0.581503521,0.006135872,201,11
1403636639.963555574,5.702179495,-3.316034250,0.229234528,-0.812832007,0.007460516,-0.582405112,0.007263296,183,11
1403636640.013555527,5.732837434,-3.332826696,0.226971629,-0.812486822,0.006979223,-0.582885088,0.007837675,217,11
1403636640.063555479,5.772715715,-3.348365807,0.223261943,-0.812382014,0.004445315,-0.583049446,0.008309352,209,11
1403636640.113555431,5.807618705,-3.366852083,0.222029658,-0.812336104,-0.000192967,-0.583130216,0.008316687,180,11
1403636640.163555384,5.833917796,-3.384606902,0.226064311,-0.812162799,-0.003996725,-0.583319048,0.010700560,191,11
1403636640.213555574,5.866467261,-3.398781425,0.231079132,-0.812163805,-0.008289915,-0.583226514,0.012963933,197,11
1403636640.263555527,5.893314351,-3.413408770,0.236952725,-0.812651212,-0.012552884,-0.582440670,0.014258281,218,11
1403636640.313555479,5.919379237,-3.428014262,0.241112687,-0.812913676,-0.014833180,-0.581961143,0.016509379,198,11
1403636640.363555431,5.948927741,-3.442332725,0.239669670,-0.813024265,-0.017634394,-0.581686282,0.017934355,187,11
1403636640.413555384,5.974570451,-3.456583101,0.241765271,-0.813009490,-0.020145719,-0.581591291,0.019007634,203,11
1403636640.463555574,5.998101094,-3.471295845,0.241288215,-0.812308518,-0.022444043,-0.582462260,0.019719342,205,11
1403636640.513555527,6.022534923,-3.484966784,0.241681380,-0.812966041,-0.023945399,-0.581442253,0.020922260,204,11
1403636640.563555479,6.039453143,-3.499573778,0.238074905,-0.812925550,-0.025620473,-0.581397229,0.021746342,172,11
1403636640.613555431,6.063836074,-3.513710407,0.234094371,-0.812881978,-0.026338086,-0.581390917,0.022667082,199,11
1403636640.663555384,6.088540601,-3.526689019,0.229593258,-0.812598827,-0.027225836,-0.581732799,0.022996764,213,11
1403636640.713555574,6.107033312,-3.540448715,0.218892950,-0.813295771,-0.027504491,-0.580710272,0.023855214,185,11
1403636640.763555527,6.124071737,-3.552285941,0.214258159,-0.814152239,-0.027811699,-0.579462411,0.024616165,196,11
1403636640.813555479,6.135352989,-3.561531024,0.203982273,-0.814508766,-0.028672074,-0.578919466,0.024609635,182,11
1403636640.863555431,6.153886459,-3.573919351,0.201860536,-0.815481195,-0.029383582,-0.577517680,0.024502130,198,11
1403636640.913555384,6.173875482,-3.584447018,0.199845838,-0.815369994,-0.029507425,-0.577641731,0.025122013,189,11
1403636640.963555574,6.190006363,-3.594200443,0.197674787,-0.815689507,-0.029574033,-0.577204797,0.024710866,177,11
1403636641.013555527,6.204694494,-3.605392547,0.199295099,-0.815344030,-0.029585419,-0.577708358,0.024328353,194,11
1403636641.063555479,6.217757575,-3.614748984,0.197748461,-0.814401010,-0.029370281,-0.579052037,0.024230555,194,11
1403636641.113555431,6.235850640,-3.625115707,0.195834708,-0.814547971,-0.028950720,-0.578882179,0.023851228,197,11
1403636641.163555384,6.250312504,-3.635178778,0.193940204,-0.815063883,-0.029072448,-0.578175424,0.023212902,168,11
1403636641.213555574,6.270819078,-3.645874215,0.189719984,-0.814741781,-0.028119554,-0.578681936,0.023072434,180,11
1403636641.263555527,6.286362508,-3.653548629,0.185022302,-0.814153405,-0.027043134,-0.579514677,0.024200043,195,11
1403636641.313555479,6.306406540,-3.661479512,0.178270707,-0.814356267,-0.024440779,-0.579241804,0.026560331,171,11
1403636641.363555431,6.329966413,-3.667748683,0.170398036,-0.814618948,-0.021726686,-0.578820258,0.029850114,184,11
1403636641.413555384,6.350318177,-3.679008555,0.162911960,-0.814819834,-0.019559046,-0.578434225,0.033165174,196,11
1403636641.463555574,6.367239131,-3.687171635,0.152793360,-0.814730454,-0.019004548,-0.578560755,0.033474868,209,11
1403636641.513555527,6.390342801,-3.693907773,0.144052715,-0.814534445,-0.019864281,-0.578896354,0.031907049,200,11
1403636641.563555479,6.410860523,-3.703827749,0.137052551,-0.814934123,-0.021058150,-0.578382302,0.030213292,184,11
1403636641.613555431,6.426781178,-3.713538293,0.129691875,-0.814938483,-0.021531938,-0.578455155,0.028306860,201,11
1403636641.663555384,6.447288521,-3.722602221,0.126588961,-0.815316371,-0.022410808,-0.577974252,0.026509167,202,11
1403636641.713555574,6.457764164,-3.733086944,0.122272940,-0.814788878,-0.023060526,-0.578745220,0.025323232,203,11
1403636641.763555527,6.481627827,-3.744522666,0.122306873,-0.815260388,-0.023002768,-0.578140963,0.023966603,176,11
1403636641.813555479,6.505060416,-3.756017661,0.127971544,-0.814918628,-0.023006075,-0.578646820,0.023371085,187,11
1403636641.863555431,6.516125789,-3.765482937,0.130482859,-0.814465547,-0.023016988,-0.579294253,0.023114054,199,11
1403636641.913555384,6.527031325,-3.775273604,0.137014721,-0.814101884,-0.021960039,-0.579873197,0.022426664,174,11
1403636641.963555574,6.552389806,-3.785668527,0.142482538,-0.814042031,-0.018979466,-0.580114654,0.021031901,173,11
1403636642.013555527,6.561278155,-3.793898501,0.154038930,-0.813376189,-0.015775458,-0.581227599,0.018568492,182,11
1403636642.063555479,6.575047404,-3.803694261,0.160670949,-0.813584552,-0.011333845,-0.581116457,0.015980759,192,11
1403636642.113555431,6.592162594,-3.812008835,0.165197710,-0.812775453,-0.008464831,-0.582378928,0.012617224,204,11
1403636642.163555384,6.600303472,-3.818568664,0.170130055,-0.812393236,-0.005510264,-0.583001494,0.009804319,193,11
1403636642.213555574,6.615242625,-3.826789370,0.170674696,-0.812004457,-0.002600203,-0.583590485,0.008009118,209,11
1403636642.263555527,6.629584814,-3.834474044,0.172332153,-0.811755033,0.000239758,-0.583965952,0.006121811,211,11
1403636642.313555479,6.637873637,-3.843127146,0.169936656,-0.811123671,0.003542268,-0.584848841,0.004204381,213,11
1403636642.363555431,6.647204024,-3.849760157,0.166974182,-0.810854414,0.008059727,-0.585190838,0.001357793,184,11
1403636642.413555384,6.657812744,-3.854839347,0.167567697,0.810243468,-0.012276603,0.585964059,0.000963451,193,11
1403636642.463555574,6.666463592,-3.863826920,0.159016890,0.810280776,-0.015721050,0.585821380,0.003350108,207,11
1403636642.513555527,6.674938704,-3.872125176,0.152526383,0.810937441,-0.018783244,0.584810122,0.004977734,182,11
1403636642.563555479,6.680925673,-3.878918255,0.146510312,0.812857433,-0.021158945,0.582033785,0.007194809,180,11
1403636642.613555431,6.670475768,-3.888746167,0.150342038,0.814839542,-0.023508984,0.579158855,0.007672608,191,11
1403636642.663555384,6.674054901,-3.896780290,0.139260897,0.817330855,-0.025440780,0.575546972,0.008289968,179,11
1403636642.713555574,6.680828489,-3.903642107,0.129527054,0.819599751,-0.026766202,0.572236038,0.009259368,187,11
1403636642.763555527,6.685817098,-3.910285174,0.122951057,0.821642712,-0.027669540,0.569252784,0.009429652,177,11
1403636642.813555479,6.694598356,-3.916286562,0.114196106,0.823251140,-0.028742126,0.566872857,0.009306695,192,11
1403636642.863555431,6.702064830,-3.922734458,0.110168779,0.824219627,-0.029584381,0.565425573,0.008982849,194,11
1403636642.913555384,6.709235110,-3.929703245,0.106199221,0.825260162,-0.029747062,0.563899935,0.008811412,194,11
1403636642.963555574,6.721566698,-3.933297242,0.105173534,0.825737172,-0.030402074,0.563172291,0.008414721,175,11
1403636643.013555527,6.729343543,-3.938163450,0.109417884,0.825598038,-0.029944818,0.563402122,0.008320871,181,11
1403636643.063555479,6.739567797,-3.945044573,0.110843379,0.823521058,-0.029966679,0.566433470,0.008257717,195,11
1403636643.113555431,6.744481485,-3.954478083,0.121800573,0.820952196,-0.029996950,0.570156207,0.007718418,193,11
1403636643.163555384,6.755720044,-3.962003010,0.122189438,0.819095234,-0.030344952,0.572811084,0.007045902,187,11
1403636643.213555574,6.760719492,-3.971737826,0.127375311,0.817528956,-0.030582966,0.575035170,0.006755830,198,11
1403636643.263555527,6.770476482,-3.979633951,0.125657087,0.816932278,-0.030425376,0.575894405,0.006448575,188,11
1403636643.313555479,6.777168656,-3.989935056,0.123108640,0.817084502,-0.030175845,0.575689257,0.006649452,200,11
1403636643.363555431,6.784733254,-3.999553406,0.120496512,0.818259694,-0.029871358,0.574032598,0.006734285,191,11
1403636643.413555384,6.795245495,-4.007781414,0.118953004,0.819640170,-0.030051152,0.572058896,0.005961558,206,11
1403636643.463555574,6.805928107,-4.016661327,0.119601921,0.821696960,-0.030394349,0.569092815,0.004863857,209,11
1403636643.513555527,6.818664153,-4.025419261,0.121721538,0.823766500,-0.029834508,0.566126292,0.004435888,211,11
1403636643.563555479,6.830613947,-4.036828137,0.126655538,0.825338783,-0.029300716,0.563864882,0.003708945,192,11
1403636643.613555431,6.844732820,-4.048678140,0.130981915,0.827562489,-0.028770022,0.560619690,0.004263462,197,11
1403636643.663555384,6.852009717,-4.066653451,0.139628619,0.829251043,-0.027850701,0.558164808,0.004369526,193,11
1403636643.713555574,6.867598109,-4.079083291,0.146975978,0.830934558,-0.026949244,0.555698310,0.004570248,189,11
1403636643.763555527,6.883078355,-4.092777693,0.156473259,0.831799140,-0.026284475,0.554432179,0.004927044,184,11
1403636643.813555479,6.902007397,-4.102115369,0.165599370,0.833503196,-0.024846930,0.551920677,0.006214427,192,11
1403636643.863555431,6.917450593,-4.114803674,0.175105358,0.834968396,-0.024365537,0.549722027,0.006308096,183,11
1403636643.913555384,6.934386048,-4.126805649,0.181734327,0.836047350,-0.023853550,0.548099580,0.006533559,193,11
1403636643.963555574,6.951516696,-4.139154570,0.187299235,0.837231575,-0.023300796,0.546302202,0.007366532,180,11
1403636644.013555527,6.972393753,-4.149899687,0.191314852,0.838202610,-0.023288033,0.544806539,0.007738633,200,11
1403636644.063555479,6.994212386,-4.161094308,0.195499128,0.838668717,-0.023256912,0.544090433,0.007713632,201,11
1403636644.113555431,7.017203173,-4.172126763,0.199131265,0.839380991,-0.023445059,0.542976870,0.008124039,203,11
1403636644.163555384,7.043118232,-4.180633240,0.203006516,0.838698447,-0.023056247,0.544044342,0.008311393,181,11
1403636644.213555574,7.070502292,-4.189050368,0.207044535,0.835794361,-0.024689820,0.548452814,0.006140745,190,11
1403636644.263555527,7.101936143,-4.196592953,0.211071598,0.831675709,-0.028147874,0.554545609,0.001542659,187,11
1403636644.313555479,7.131799660,-4.205858188,0.210963797,-0.826902528,0.032061477,-0.561413858,0.004330222,179,11
1403636644.363555431,7.160659043,-4.218117060,0.213233816,-0.821938706,0.035862803,-0.568381851,0.008526093,192,11
1403636644.413555384,7.192164022,-4.227296834,0.205211081,-0.818101428,0.038318944,-0.573682932,0.011384492,194,11
1403636644.463555574,7.224411705,-4.239313505,0.201453928,-0.814982490,0.040152267,-0.577936327,0.013451329,181,11
1403636644.513555527,7.250336985,-4.256235290,0.194731872,-0.811311289,0.043351461,-0.582740825,0.017543492,189,11
1403636644.563555479,7.271162397,-4.278443421,0.183462072,-0.809261396,0.045805959,-0.585297267,0.020613494,190,11
1403636644.613555431,7.296431503,-4.298072584,0.171569305,-0.808155359,0.046720894,-0.586725003,0.021350506,208,11
1403636644.663555384,7.324555175,-4.316106252,0.158785153,-0.807767954,0.044087146,-0.587585159,0.017633379,208,11
1403636644.713555574,7.352012011,-4.335732385,0.144722761,-0.807653085,0.039850947,-0.588200308,0.011348691,206,11
1403636644.763555527,7.375855910,-4.357516134,0.124759536,-0.808009915,0.033669591,-0.588199123,0.002850864,192,11
1403636644.813555479,7.401888100,-4.377457555,0.101659070,0.808072699,-0.028413911,0.588375767,0.005011951,207,11
1403636644.863555431,7.418101430,-4.403075721,0.078205557,0.809242253,-0.025333960,0.586824246,0.011066654,203,11
1403636644.913555384,7.445744403,-4.429896655,0.043624484,0.810210687,-0.024985688,0.585469283,0.012652104,175,11
1403636644.963555574,7.466709605,-4.454029786,0.020987356,0.812470517,-0.025506353,0.582298570,0.013017710,191,11
1403636645.013555527,7.486669844,-4.477434158,0.001247510,0.816759939,-0.025987132,0.576240840,0.013204731,192,11
1403636645.063555479,7.507122479,-4.499873018,-0.017419966,0.823196810,-0.027901883,0.566951914,0.011576900,195,11
1403636645.113555431,7.529397572,-4.519762398,-0.031493825,0.829612138,-0.029269497,0.557484997,0.009872941,194,11
1403636645.163555384,7.548998984,-4.540883353,-0.044372974,0.835656045,-0.029171901,0.548371949,0.010778709,193,11
1403636645.213555574,7.572707255,-4.562855830,-0.054876212,0.840641131,-0.030673138,0.540635796,0.009725378,201,11
1403636645.263555527,7.599507367,-4.585058119,-0.064082707,0.843410245,-0.030188186,0.536319636,0.010444153,202,11
1403636645.313555479,7.626924213,-4.607673009,-0.072542734,0.842783192,-0.030066947,0.537306400,0.010691275,210,11
1403636645.363555431,7.658308168,-4.630955236,-0.077029409,0.840551520,-0.029984812,0.540782687,0.011319803,189,11
1403636645.413555384,7.690969688,-4.652075852,-0.083587128,0.837744764,-0.029769617,0.545109158,0.012388922,201,11
1403636645.463555574,7.734444544,-4.668327688,-0.089997307,0.835610719,-0.030098739,0.548348674,0.012748477,189,11
1403636645.513555527,7.768218774,-4.689803460,-0.094988717,0.833842493,-0.029755323,0.551042595,0.013167226,189,11
1403636645.563555479,7.808035466,-4.709691516,-0.104703115,0.833150164,-0.029717767,0.552073868,0.013860134,196,11
1403636645.613555431,7.845163264,-4.731931096,-0.111171476,0.831990932,-0.030292348,0.553764445,0.014778411,180,11
1403636645.663555384,7.887009478,-4.752028660,-0.121784076,0.831251040,-0.029542772,0.554892962,0.015579911,185,11
1403636645.713555574,7.917786303,-4.772178078,-0.115747027,0.830521667,-0.029074849,0.555998108,0.015953648,169,11
1403636645.763555527,7.960492837,-4.792022953,-0.119670301,0.830022227,-0.029317815,0.556749801,0.015271775,198,11
1403636645.813555479,8.005439325,-4.812649087,-0.123676750,0.829779406,-0.029978329,0.557097081,0.014501059,206,11
1403636645.863555431,8.050005135,-4.833031198,-0.124695424,0.830248727,-0.030484435,0.556379078,0.014144714,200,11
1403636645.913555384,8.094349024,-4.853159030,-0.122361479,0.830460612,-0.031162614,0.556055395,0.012901955,206,11
1403636645.963555574,8.140007757,-4.873473659,-0.112059750,0.827823894,-0.033017094,0.559871514,0.012702747,189,11
1403636646.013555527,8.185941367,-4.892227764,-0.103670226,0.825156277,-0.036696989,0.563561530,0.012994289,191,11
1403636646.063555479,8.229571049,-4.915426753,-0.095106583,0.822844500,-0.042918697,0.566501065,0.012706565,174,11
1403636646.113555431,8.274153185,-4.938261256,-0.085068538,0.820507085,-0.050622902,0.569200469,0.014706210,198,11
1403636646.163555384,8.317439175,-4.962189816,-0.075206710,0.818048393,-0.059907241,0.571724656,0.018408329,195,11
1403636646.213555574,8.368885968,-4.988262315,-0.071781869,0.815495358,-0.070904914,0.573996513,0.021629083,193,11
1403636646.263555527,8.423311594,-5.011318717,-0.066040406,0.812780363,-0.082790955,0.576050975,0.026438876,177,11
1403636646.313555479,8.470759728,-5.035058848,-0.057960177,0.809094802,-0.095352758,0.579002124,0.032093493,187,11
1403636646.363555431,8.512940740,-5.061609941,-0.052473315,0.805150218,-0.108392401,0.581849911,0.037880013,186,11
1403636646.413555384,8.553835051,-5.088801827,-0.048096891,0.801683754,-0.119441043,0.583726508,0.047962070,192,11
1403636646.463555574,8.595238797,-5.115624759,-0.045464702,0.797544239,-0.128064964,0.586623400,0.058271250,192,11
1403636646.513555527,8.633725365,-5.144101771,-0.041516353,0.793810572,-0.134352110,0.589127049,0.068873845,217,11
1403636646.563555479,8.671394007,-5.171625882,-0.038351554,0.791187004,-0.140151182,0.590197048,0.077770273,206,11
1403636646.613555431,8.706928615,-5.199649316,-0.033847969,0.790343965,-0.145420607,0.589187888,0.084064832,195,11
1403636646.663555384,8.740474630,-5.226690957,-0.028074816,0.791039218,-0.148888328,0.586416949,0.090578046,177,11
1403636646.713555574,8.774072486,-5.254885789,-0.019035814,0.791551886,-0.152997585,0.584054638,0.094432672,188,11
1403636646.763555527,8.807770266,-5.282387575,-0.009982525,0.791632720,-0.156432199,0.582535753,0.097461276,192,11
1403636646.813555479,8.840178459,-5.310699636,0.004334494,0.791171759,-0.158694783,0.582135532,0.099907134,199,11
1403636646.863555431,8.869409137,-5.336157393,0.018059187,0.790679400,-0.160873264,0.581786680,0.102323698,169,11
1403636646.913555384,8.897600439,-5.363213269,0.034879959,0.790946169,-0.162439640,0.580935487,0.102623004,184,11
1403636646.963555574,8.926405858,-5.390271280,0.049723551,0.791619699,-0.163553843,0.579589285,0.103269811,180,11
1403636647.013555527,8.954051047,-5.415908130,0.063022111,0.792504290,-0.164135314,0.578087636,0.103977086,201,11
1403636647.063555479,8.981038656,-5.441093684,0.076129384,0.793950767,-0.164016825,0.576086930,0.104232954,187,11
1403636647.113555431,9.007071336,-5.466529234,0.086041100,0.796322531,-0.164329497,0.572718481,0.104210293,206,11
1403636647.163555384,9.033393287,-5.491849459,0.095250067,0.798112234,-0.164480385,0.570307392,0.103501414,197,11
1403636647.213555574,9.058838740,-5.517833738,0.102801918,0.799420676,-0.163991739,0.568572235,0.103725152,191,11
1403636647.263555527,9.084855034,-5.543703755,0.114324680,0.799242970,-0.163832871,0.569057797,0.102677601,182,11
1403636647.313555479,9.110804068,-5.568776604,0.122937739,0.798532062,-0.163687102,0.570401086,0.100973661,177,11
1403636647.363555431,9.135886470,-5.595327586,0.129557073,0.797392552,-0.163339335,0.572309008,0.099738559,182,11
1403636647.413555384,9.160427927,-5.621311611,0.132249886,0.796418708,-0.163021617,0.573933433,0.098699591,210,11
1403636647.463555574,9.186188400,-5.644970380,0.135622532,0.795242571,-0.162516784,0.575980741,0.097075921,187,11
1403636647.513555527,9.208450068,-5.670707972,0.135160729,0.793397805,-0.162018789,0.578937292,0.095401505,206,11
1403636647.563555479,9.229679445,-5.696302915,0.133449044,0.790885859,-0.161907307,0.582803134,0.092876744,186,11
1403636647.613555431,9.250108694,-5.722610902,0.135394474,0.787602992,-0.162787163,0.587395119,0.090270930,202,11
1403636647.663555384,9.269535381,-5.749944448,0.138304799,0.786841278,-0.163585542,0.588122574,0.090732639,190,11
1403636647.713555574,9.288502329,-5.777673503,0.142066640,0.787472115,-0.163703767,0.587037457,0.092063943,205,11
1403636647.763555527,9.306825341,-5.805929122,0.146510498,0.788879902,-0.163850897,0.584839129,0.093726075,198,11
1403636647.813555479,9.325813201,-5.833237187,0.151994948,0.789521712,-0.163803014,0.583547462,0.096417836,189,11
1403636647.863555431,9.344039180,-5.860649835,0.157363891,0.790256454,-0.165701668,0.581636742,0.098673167,179,11
1403636647.913555384,9.359747009,-5.888735140,0.161283956,0.789701762,-0.168630224,0.580933026,0.102234015,195,11
1403636647.963555574,9.373390999,-5.918895435,0.161028794,0.788568664,-0.173510053,0.580353868,0.106033541,180,11
1403636648.013555527,9.386535339,-5.947225068,0.159421558,0.787289777,-0.179850833,0.579192165,0.111197667,206,11
1403636648.063555479,9.401410174,-5.972677361,0.157027875,0.785817545,-0.187349524,0.577592672,0.117378220,169,11
1403636648.113555431,9.412662845,-5.999526655,0.150024681,0.783927668,-0.196627640,0.575700543,0.123951065,183,11
1403636648.163555384,9.423130037,-6.026262247,0.142202500,0.781405082,-0.206654207,0.573936086,0.131519981,173,11
1403636648.213555574,9.430230324,-6.055530494,0.134583336,0.778556550,-0.216795983,0.572265705,0.139144395,194,11
1403636648.263555527,9.436414087,-6.084302794,0.121504179,0.775381530,-0.227940881,0.570341072,0.146756596,181,11
1403636648.313555479,9.442375631,-6.111349431,0.109962751,0.772245643,-0.239123850,0.568030435,0.154265599,192,11
1403636648.363555431,9.447066590,-6.137685704,0.098909029,0.768494950,-0.249608339,0.566237105,0.162747443,202,11
1403636648.413555384,9.451277816,-6.163240227,0.085264580,0.765105407,-0.260495143,0.563484511,0.171000593,191,11
1403636648.463555574,9.457222434,-6.185323739,0.064317122,0.762162632,-0.272035747,0.559532632,0.178963427,183,11
1403636648.513555527,9.454012379,-6.216586914,0.055306168,0.757592045,-0.283229233,0.557496688,0.187170879,183,11
1403636648.563555479,9.453602425,-6.242602978,0.039281655,0.753830785,-0.293220532,0.555109818,0.193943181,164,11
1403636648.613555431,9.451774455,-6.267217911,0.026684180,0.750644593,-0.301457016,0.552770354,0.200253086,215,11
1403636648.663555384,9.443839966,-6.293721035,0.018092918,0.748844508,-0.308456775,0.549303866,0.205795003,185,11
1403636648.713555574,9.438617526,-6.318208271,0.007507079,0.748430112,-0.313552726,0.544903360,0.211228276,198,11
1403636648.763555527,9.427511294,-6.346678112,-0.000387498,0.748233163,-0.319107385,0.540848200,0.214011297,177,11
1403636648.813555479,9.423774892,-6.369908484,-0.008794680,0.750889546,-0.323878818,0.534004252,0.214725079,194,11
1403636648.863555431,9.417174465,-6.395095736,-0.014048642,0.753457433,-0.328279443,0.527847668,0.214269324,188,11
1403636648.913555384,9.416779813,-6.417653329,-0.007351947,0.756271928,-0.330583073,0.521949890,0.215257787,176,11
1403636648.963555574,9.413532992,-6.442243411,-0.005685267,0.758345363,-0.332303797,0.517901533,0.215091837,209,11
1403636649.013555527,9.406470654,-6.466598454,0.002772218,0.758716340,-0.332920623,0.516602276,0.215952453,195,11
1403636649.063555479,9.394862575,-6.498670592,0.006078606,0.756680364,-0.332769420,0.519038824,0.217481122,201,11
1403636649.113555431,9.394896019,-6.523760983,0.020427617,0.753392596,-0.330551516,0.524023739,0.220305271,200,11
1403636649.163555384,9.395628433,-6.546857220,0.032414197,0.749310827,-0.328071599,0.530396073,0.222670870,166,11
1403636649.213555574,9.396043242,-6.574592383,0.041913296,0.745920122,-0.325775711,0.535680723,0.224765479,205,11
1403636649.263555527,9.392334544,-6.599096484,0.055723750,0.743654725,-0.323878095,0.539353870,0.226225624,180,11
1403636649.313555479,9.392443779,-6.624646897,0.071851649,0.743101296,-0.322291106,0.540964551,0.226464702,195,11
1403636649.363555431,9.393733287,-6.642839637,0.092249396,0.745107759,-0.321372237,0.539165644,0.225465564,174,11
1403636649.413555384,9.391080584,-6.666170824,0.107552352,0.747018860,-0.320646002,0.537714864,0.223632935,205,11
1403636649.463555574,9.388263090,-6.690455068,0.123725513,0.749780455,-0.319816659,0.535191504,0.221622714,206,11
1403636649.513555527,9.394781593,-6.704573285,0.161425716,0.750658709,-0.317952013,0.535298220,0.221074276,174,11
1403636649.563555479,9.392568933,-6.725982090,0.183994064,0.749630913,-0.316510042,0.538083544,0.219865837,204,11
1403636649.613555431,9.390357006,-6.746347352,0.213743347,0.747598253,-0.316319383,0.541416821,0.218876051,188,11
1403636649.663555384,9.388371340,-6.768032003,0.240075955,0.744821833,-0.318136722,0.544358109,0.218411798,199,11
1403636649.713555574,9.385434819,-6.786642904,0.263995141,0.742100112,-0.320862360,0.546032276,0.219507455,208,11
1403636649.763555527,9.378915863,-6.810128479,0.291522899,0.739905848,-0.324168116,0.545950704,0.222243553,177,11
1403636649.813555479,9.375001673,-6.830774102,0.313449219,0.737914160,-0.325982137,0.546136076,0.225729319,208,11
1403636649.863555431,9.373159452,-6.850740095,0.334232400,0.736221430,-0.328493836,0.545725612,0.228589941,181,11
1403636649.913555384,9.369536722,-6.869745902,0.353640630,0.734352205,-0.330007015,0.546014662,0.231711453,213,11
1403636649.963555574,9.366554725,-6.889699494,0.371502324,0.733488339,-0.331611998,0.545014845,0.234493408,191,11
1403636650.013555527,9.362662954,-6.907802211,0.385027049,0.733021045,-0.333255022,0.543772201,0.236501653,209,11
1403636650.063555479,9.358272029,-6.923966092,0.398145235,0.731771493,-0.334887531,0.543723591,0.238171116,208,11
1403636650.113555431,9.353446499,-6.937734342,0.409954752,0.729612270,-0.338079835,0.543298240,0.241236363,181,11
1403636650.163555384,9.343588327,-6.952369151,0.418264557,0.726946276,-0.342867704,0.542393401,0.244540893,209,11
1403636650.213555574,9.332333598,-6.966821588,0.421678895,0.724457480,-0.349135331,0.539360052,0.249713063,193,11
1403636650.263555527,9.319236904,-6.982236498,0.418529972,0.720969700,-0.357039825,0.536401572,0.254948248,186,11
1403636650.313555479,9.307499305,-6.994082250,0.416232194,0.716713936,-0.367008690,0.532943732,0.259993720,208,11
1403636650.363555431,9.297500207,-7.001758571,0.407731155,0.712636296,-0.377089700,0.528340777,0.266099400,179,11
1403636650.413555384,9.283023023,-7.012420840,0.402248725,0.708576829,-0.387518675,0.522956157,0.272516078,205,11
1403636650.463555574,9.269960142,-7.018483278,0.394075863,0.704403020,-0.398184240,0.517104579,0.279049371,180,11
1403636650.513555527,9.254058281,-7.025928647,0.388709973,0.700705680,-0.408713420,0.510672615,0.284918182,206,11
1403636650.563555479,9.238517986,-7.032192466,0.381510109,0.697457530,-0.418302820,0.504987888,0.289072615,192,11
1403636650.613555431,9.221712375,-7.039062767,0.373535813,0.694403913,-0.425835819,0.500432733,0.293315769,200,11
1403636650.663555384,9.203797800,-7.047170929,0.366788677,0.691625877,-0.432329158,0.496723076,0.296667037,199,11
1403636650.713555574,9.185051243,-7.057131325,0.354176503,0.689757308,-0.438127378,0.492240268,0.299964624,173,11
1403636650.763555527,9.168187890,-7.063114461,0.347154202,0.686867995,-0.442287029,0.490709716,0.302982700,217,11
1403636650.813555479,9.150431096,-7.072339846,0.342177195,0.684276105,-0.445828183,0.489661126,0.305344765,204,11
1403636650.863555431,9.133086955,-7.078900779,0.333123188,0.681630767,-0.447609990,0.489683642,0.308601240,192,11
1403636650.913555384,9.115664470,-7.085537835,0.332969957,0.678401799,-0.447932920,0.491506150,0.312328036,207,11
1403636650.963555574,9.097760317,-7.091857221,0.334432991,0.675629262,-0.448040519,0.493594683,0.314879473,187,11
1403636651.013555527,9.080569895,-7.097081875,0.338599971,0.673670702,-0.447426419,0.495206533,0.317408057,215,11
1403636651.063555479,9.061701054,-7.105486148,0.340278062,0.672713017,-0.447100715,0.496092669,0.318512497,178,11
1403636651.113555431,9.044892694,-7.109556723,0.346477469,0.671920280,-0.446488377,0.497434034,0.318952423,204,11
1403636651.163555384,9.027541425,-7.113979905,0.352470111,0.672316261,-0.446201554,0.497170103,0.318930881,195,11
1403636651.213555574,9.010735020,-7.115724512,0.361240633,0.673755741,-0.446055653,0.496292005,0.317461495,204,11
1403636651.263555527,8.991579990,-7.118760702,0.372000367,0.675807434,-0.445937081,0.494332571,0.316322212,205,11
1403636651.313555479,8.972342783,-7.124003886,0.375175719,0.678152556,-0.446022249,0.492375099,0.314229256,163,11
1403636651.363555431,8.954507461,-7.125181904,0.386222808,0.680221506,-0.446145266,0.490958479,0.311789794,210,11
1403636651.413555384,8.936331356,-7.127145952,0.394587626,0.681838364,-0.445423572,0.490214911,0.310457127,198,11
1403636651.463555574,8.918175972,-7.129865670,0.399129464,0.683164140,-0.444707377,0.490131671,0.308695726,188,11
1403636651.513555527,8.900678039,-7.130540542,0.404777100,0.683726579,-0.443143794,0.490997192,0.308323370,203,11
1403636651.563555479,8.883607210,-7.131297995,0.406578880,0.683038727,-0.441570623,0.493584641,0.307973514,183,11
1403636651.613555431,8.866054722,-7.131927497,0.409961883,0.681899410,-0.439144122,0.496743118,0.308888183,212,11
1403636651.663555384,8.848509615,-7.133028271,0.408628815,0.680539577,-0.437518065,0.499936713,0.309042246,178,11
1403636651.713555574,8.831811402,-7.131125741,0.407435835,0.679311501,-0.437139015,0.502419554,0.308253075,204,11
1403636651.763555527,8.814713813,-7.128618522,0.403859716,0.677021651,-0.438778513,0.504691361,0.307248647,195,11
1403636651.813555479,8.796256878,-7.125267822,0.401218060,0.673429929,-0.442630473,0.506932743,0.305924157,204,11
1403636651.863555431,8.775463763,-7.123041494,0.398326237,0.668956169,-0.447169375,0.508566502,0.306426675,204,11
1403636651.913555384,8.755593783,-7.120441413,0.385052261,0.664288311,-0.453460764,0.508075349,0.308145768,160,11
1403636651.963555574,8.731938426,-7.116663142,0.379054823,0.658919199,-0.460334024,0.506861265,0.311463857,204,11
1403636652.013555527,8.707694808,-7.112021174,0.371382764,0.653246591,-0.467306563,0.504240065,0.317230869,192,11
1403636652.063555479,8.683089272,-7.110115351,0.359053747,0.648142470,-0.475882244,0.498496018,0.323958560,184,11
1403636652.113555431,8.656886902,-7.103712810,0.348175444,0.643576774,-0.484619405,0.490227356,0.332611046,191,11
1403636652.163555384,8.630780221,-7.093188353,0.336212511,0.638214158,-0.494665707,0.480744052,0.341867934,186,11
1403636652.213555574,8.601394950,-7.086676755,0.324107255,0.631638609,-0.506799433,0.470412089,0.350570204,208,11
1403636652.263555527,8.573605456,-7.072700577,0.312783647,0.624753288,-0.519355970,0.460054331,0.358193687,173,11
1403636652.313555479,8.544787801,-7.057543250,0.296939213,0.618298354,-0.533186654,0.448006743,0.364292597,201,11
1403636652.363555431,8.513883571,-7.045066175,0.281722152,0.611729096,-0.546408667,0.436810869,0.369352604,185,11
1403636652.413555384,8.481782836,-7.035425208,0.264621767,0.604519431,-0.557965629,0.427877560,0.374368013,190,11
1403636652.463555574,8.450589331,-7.024478959,0.248008800,0.598264174,-0.567878033,0.420498152,0.377856880,214,11
1403636652.513555527,8.417460980,-7.011081565,0.245479970,0.592993028,-0.576168830,0.414467675,0.380270029,161,11
1403636652.563555479,8.385890950,-7.002061510,0.232777524,0.588791948,-0.584079481,0.408033040,0.381686048,208,11
1403636652.613555431,8.353230922,-6.999608051,0.223660674,0.586156190,-0.590233632,0.402325815,0.382333781,198,11
1403636652.663555384,8.320937338,-6.988610697,0.221176079,0.584653552,-0.595422539,0.396219863,0.382964808,188,11
1403636652.713555574,8.293292493,-6.987004828,0.222445752,0.584142779,-0.597920446,0.391255689,0.384951088,184,11
1403636652.763555527,8.257410624,-7.005286234,0.220596841,0.582630813,-0.600856842,0.389092436,0.384862919,198,11
1403636652.813555479,8.227599296,-7.006741768,0.220709616,0.581697017,-0.601781415,0.387608331,0.386325629,220,11
1403636652.863555431,8.196164929,-7.009105904,0.229431987,0.580202310,-0.602545879,0.387560457,0.387428232,183,11
1403636652.913555384,8.167229287,-7.015789779,0.235058030,0.579288412,-0.601457544,0.388569148,0.389471148,205,11
1403636652.963555574,8.139822677,-7.020113702,0.244592288,0.579043743,-0.600228120,0.389159911,0.391138224,199,11
1403636653.013555527,8.109888309,-7.023334426,0.250453358,0.578499146,-0.598925769,0.390250508,0.392850102,192,11
1403636653.063555479,8.080672668,-7.030683409,0.254990766,0.578734975,-0.596240337,0.391555617,0.395281529,213,11
1403636653.113555431,8.056607293,-7.036591119,0.257984827,0.578284520,-0.593965142,0.394015387,0.396918504,163,11
1403636653.163555384,8.027798903,-7.047049687,0.257875990,0.577802371,-0.590253417,0.397199698,0.399972154,213,11
1403636653.213555574,8.000730201,-7.055955706,0.256337302,0.576951198,-0.586905581,0.400726706,0.402600622,203,11
1403636653.263555527,7.974187907,-7.071852344,0.249365302,0.575750110,-0.582432437,0.405548582,0.405973663,194,11
1403636653.313555479,7.947424778,-7.087410448,0.239360626,0.575689182,-0.579144046,0.408149698,0.408151888,172,11
1403636653.363555431,7.923804930,-7.093543612,0.239879606,0.576325842,-0.576289943,0.410433257,0.409002405,187,11
1403636653.413555384,7.898089028,-7.102868393,0.241160224,0.577406449,-0.574153028,0.411978336,0.408930244,210,11
1403636653.463555574,7.875913407,-7.113658495,0.241557717,0.578747285,-0.572462159,0.413045890,0.408327991,180,11
1403636653.513555527,7.853681761,-7.119050440,0.248567205,0.580470688,-0.570938690,0.413664049,0.407387834,201,11
1403636653.563555479,7.831372937,-7.124216552,0.256187763,0.581950670,-0.570217243,0.414222993,0.405715450,196,11
1403636653.613555431,7.809381833,-7.124481126,0.264400874,0.582135908,-0.569124847,0.415365598,0.405815369,189,11
1403636653.663555384,7.786661943,-7.131918047,0.274795195,0.582004553,-0.566701595,0.417821760,0.406872191,210,11
1403636653.713555574,7.769140360,-7.132782860,0.283462913,0.581858201,-0.564817629,0.419253319,0.408226329,161,11
1403636653.763555527,7.747872682,-7.137338536,0.290668829,0.581173736,-0.563422735,0.421289530,0.409031835,210,11
1403636653.813555479,7.728139019,-7.139917119,0.295872560,0.581379599,-0.561925596,0.422196031,0.409863267,201,11
1403636653.863555431,7.708060509,-7.147587221,0.294422587,0.581270092,-0.560840899,0.422919583,0.410757340,193,11
1403636653.913555384,7.688200893,-7.150730749,0.287429962,0.581042610,-0.560700099,0.423036638,0.411150686,172,11
1403636653.963555574,7.671149198,-7.150741254,0.286283819,0.581161719,-0.561894825,0.423211393,0.409166688,187,11
1403636654.013555527,7.653956414,-7.150630262,0.283571962,0.581093135,-0.563691379,0.423364851,0.406626365,210,11
1403636654.063555479,7.637519060,-7.151145215,0.278255602,0.580935167,-0.565413172,0.423761180,0.404040517,180,11
1403636654.113555431,7.620272383,-7.149392226,0.272531381,0.579896811,-0.566343067,0.423922846,0.404060193,201,11
1403636654.163555384,7.602146469,-7.146654152,0.265991589,0.576780192,-0.567592447,0.425036779,0.405594824,194,11
1403636654.213555574,7.582205582,-7.137712290,0.261164803,0.573283791,-0.569867516,0.424562529,0.407852139,186,11
1403636654.263555527,7.562976120,-7.134415498,0.260006484,0.570551157,-0.572538302,0.421898588,0.410698004,207,11
1403636654.313555479,7.541563501,-7.132885410,0.251897199,0.567235359,-0.576225876,0.418660762,0.413437969,155,11
1403636654.363555431,7.521368435,-7.126055720,0.256595354,0.563465312,-0.580941647,0.414651164,0.416026510,204,11
1403636654.413555384,7.504608272,-7.104649413,0.264647946,0.558903964,-0.586007124,0.409993420,0.419675357,194,11
1403636654.463555574,7.483377681,-7.103234826,0.268659239,0.553682725,-0.591839975,0.405532001,0.422734764,202,11
1403636654.513555527,7.459781325,-7.096633128,0.270129445,0.547964255,-0.597951554,0.399683736,0.427132328,180,11
1403636654.563555479,7.440531730,-7.084919989,0.285115764,0.542113392,-0.603988934,0.393908323,0.431447182,187,11
1403636654.613555431,7.421279005,-7.074794258,0.300784829,0.536891401,-0.610678361,0.388778239,0.433210161,206,11
1403636654.663555384,7.402564995,-7.064491420,0.315132812,0.531566694,-0.617348672,0.385164895,0.433549848,194,11
1403636654.713555574,7.384001837,-7.054380891,0.325395401,0.527495387,-0.622316041,0.381217107,0.434907897,209,11
1403636654.763555527,7.365700689,-7.044521574,0.333295038,0.524208777,-0.626023876,0.377987299,0.436376977,201,11
1403636654.813555479,7.346053325,-7.027274968,0.335163921,0.520998251,-0.629415783,0.374401033,0.438429539,185,11
1403636654.863555431,7.328306439,-7.017518329,0.338654160,0.518732412,-0.632020288,0.371366006,0.439948099,204,11
1403636654.913555384,7.310007429,-6.993469782,0.328569312,0.516067559,-0.632912764,0.369975364,0.442960425,169,11
1403636654.963555574,7.292148558,-6.984628764,0.324820843,0.513460001,-0.632767981,0.369293555,0.446750243,201,11
1403636655.013555527,7.266903228,-7.000310122,0.282601280,0.509955685,-0.631826448,0.371205338,0.450496543,166,11
1403636655.063555479,7.247466606,-6.997374258,0.270592125,0.506786086,-0.630822968,0.373195176,0.453823320,200,11
1403636655.113555431,7.229257755,-6.989471871,0.260987946,0.504298302,-0.630166969,0.374721480,0.456241850,183,11
1403636655.163555384,7.212690267,-6.979431870,0.248095378,0.502591466,-0.629804950,0.375411982,0.458053913,204,11
1403636655.213555574,7.196415940,-6.967571338,0.238120586,0.500695705,-0.629301961,0.377444697,0.459149598,196,11
1403636655.263555527,7.177007716,-6.950583732,0.231142284,0.497878723,-0.630034412,0.378251325,0.460542454,190,11
1403636655.313555479,7.160267777,-6.937501963,0.218517174,0.495117650,-0.631034733,0.378035681,0.462323158,214,11
1403636655.363555431,7.142290391,-6.926472911,0.204890858,0.491821570,-0.632677555,0.377358349,0.464145808,204,11
1403636655.413555384,7.119075382,-6.940550273,0.197545850,0.488037118,-0.635090090,0.377236546,0.464944016,187,11
1403636655.463555574,7.101910490,-6.925286327,0.186062872,0.484566455,-0.637146429,0.375447897,0.467203012,207,11
1403636655.513555527,7.083144351,-6.924979519,0.180081637,0.480640225,-0.640729133,0.372484249,0.468728745,175,11
1403636655.563555479,7.066687600,-6.905666758,0.171319123,0.477576283,-0.646289190,0.367735677,0.467976119,219,11
1403636655.613555431,7.048534609,-6.868173521,0.181794325,0.474437189,-0.653387100,0.361461525,0.466197616,169,11
1403636655.663555384,7.033710517,-6.840744551,0.178104620,0.470708054,-0.660784958,0.356127691,0.463648826,199,11
1403636655.713555574,7.021806765,-6.821723588,0.191284642,0.467612336,-0.667305086,0.351331223,0.461095433,184,11
1403636655.763555527,7.005338877,-6.798516816,0.178699021,0.464268530,-0.672760719,0.346189529,0.460435181,206,11
1403636655.813555479,6.988714298,-6.775740502,0.164525980,0.459404289,-0.678066750,0.341978377,0.460677730,189,11
1403636655.863555431,6.976849056,-6.737626323,0.160947667,0.453405486,-0.683753209,0.337558876,0.461474831,173,11
1403636655.913555384,6.959028142,-6.713903624,0.141733747,0.446282317,-0.689505141,0.333092618,0.463102647,212,11
1403636655.963555574,6.939683949,-6.693863688,0.122246636,0.438517192,-0.694745152,0.328609683,0.465883594,200,11
1403636656.013555527,6.919281184,-6.676098720,0.117567232,0.431558010,-0.698906451,0.325530985,0.468312966,182,11
1403636656.063555479,6.899287992,-6.651836429,0.102618562,0.425614141,-0.702198843,0.321666858,0.471486819,218,11
1403636656.113555431,6.878380441,-6.661430145,0.111972377,0.422156037,-0.705020535,0.317112064,0.473466223,176,11
1403636656.163555384,6.857029338,-6.638712389,0.103462198,0.419059894,-0.707394629,0.313019523,0.475395018,211,11
1403636656.213555574,6.840269153,-6.608732171,0.104304093,0.417613930,-0.709428401,0.307717818,0.477095056,169,11
1403636656.263555527,6.819487172,-6.583718347,0.106042349,0.415836700,-0.711174103,0.304777418,0.477935099,198,11
1403636656.313555479,6.799524026,-6.561228028,0.110512371,0.414942471,-0.712771736,0.301986559,0.478103875,194,11
1403636656.363555431,6.778231882,-6.537796191,0.116256904,0.413821947,-0.714038917,0.300810233,0.477925753,219,11
1403636656.413555384,6.755722036,-6.515443245,0.124120129,0.413845252,-0.714620500,0.299421266,0.477908519,207,11
1403636656.463555574,6.732146220,-6.497414383,0.134840902,0.413392381,-0.715062923,0.299168680,0.477796878,177,11
1403636656.513555527,6.708945502,-6.476629226,0.146309200,0.414291353,-0.714877678,0.298210638,0.477894335,213,11
1403636656.563555479,6.685127613,-6.456740999,0.157993453,0.415096870,-0.713650297,0.297987497,0.479167292,209,11
1403636656.613555431,6.662111224,-6.442582634,0.163809007,0.415850010,-0.711903140,0.298770744,0.480623273,175,11
1403636656.663555384,6.638025961,-6.424016309,0.173939626,0.415301505,-0.709158877,0.301165310,0.483650497,208,11
1403636656.713555574,6.610176575,-6.409625782,0.179991696,0.413512191,-0.704704507,0.305850256,0.488727783,171,11
1403636656.763555527,6.585302002,-6.391117049,0.187341437,0.412072698,-0.700416641,0.309897174,0.493534561,222,11
1403636656.813555479,6.555208439,-6.384835269,0.187094075,0.412145479,-0.696594876,0.311964308,0.497564020,188,11
1403636656.863555431,6.527587489,-6.379001242,0.184236927,0.413083063,-0.693723740,0.312665256,0.500350072,193,11
1403636656.913555384,6.504346005,-6.361277867,0.184608677,0.413572320,-0.691133985,0.314315275,0.502491451,186,11
1403636656.963555574,6.480617221,-6.341974656,0.183028040,0.413683645,-0.689708020,0.316157385,0.503202938,211,11
1403636657.013555527,6.457807788,-6.321945166,0.179831183,0.413222085,-0.688763256,0.318588741,0.503342726,222,11
1403636657.063555479,6.428633940,-6.316234214,0.168351793,0.412562981,-0.688389319,0.321201029,0.502734355,197,11
1403636657.113555431,6.405979750,-6.293968284,0.163305372,0.412216850,-0.687727496,0.323431359,0.502494095,229,11
1403636657.163555384,6.383540529,-6.270957042,0.156865344,0.410968615,-0.687907101,0.326236032,0.501456548,226,11
1403636657.213555574,6.364357649,-6.252862225,0.146767087,0.410718821,-0.688649222,0.328060901,0.499448039,197,11
1403636657.263555527,6.343323700,-6.226841904,0.144465405,0.411189328,-0.690415091,0.328067854,0.496610332,225,11
1403636657.313555479,6.321879275,-6.202714330,0.136110249,0.411197304,-0.692486613,0.326611058,0.494675940,173,11
1403636657.363555431,6.301673611,-6.174705748,0.135492151,0.411541174,-0.694719448,0.326047835,0.491621359,223,11
1403636657.413555384,6.279768269,-6.150683395,0.132251050,0.412030695,-0.698014254,0.325368215,0.486972619,188,11
1403636657.463555574,6.257302144,-6.124973116,0.125306413,0.412659632,-0.701563386,0.323769682,0.482383703,214,11
1403636657.513555527,6.238555515,-6.096236890,0.122924963,0.413537518,-0.704273584,0.322953521,0.478211735,202,11
1403636657.563555479,6.214226080,-6.071442904,0.113210957,0.414498013,-0.706099303,0.321443201,0.475698897,202,11
1403636657.613555431,6.191851793,-6.042195484,0.106993031,0.414919263,-0.706857248,0.320551517,0.474806868,209,11
1403636657.663555384,6.168766130,-6.013713513,0.100324982,0.415152917,-0.707010637,0.320342594,0.474515159,189,11
1403636657.713555574,6.144916267,-5.984414937,0.092411232,0.414398731,-0.706954879,0.320734357,0.474992594,231,11
1403636657.763555527,6.120178773,-5.955293213,0.083238539,0.412611711,-0.707724764,0.320732204,0.475403080,225,11
1403636657.813555479,6.094829675,-5.925196758,0.073414903,0.410607857,-0.709229631,0.320730979,0.474895943,204,11
1403636657.863555431,6.068647385,-5.895783500,0.061681029,0.407869252,-0.711851310,0.321841287,0.472576525,234,11
1403636657.913555384,6.038514578,-5.865935654,0.046533626,0.404938428,-0.715391031,0.322146860,0.469533750,199,11
1403636657.963555574,6.010695566,-5.834542364,0.036340442,0.403404920,-0.717826377,0.321942651,0.467271540,227,11
1403636658.013555527,5.981247978,-5.804311893,0.028586177,0.403319710,-0.718671489,0.320519694,0.467024226,203,11
1403636658.063555479,5.949444534,-5.773618172,0.023281094,0.404489303,-0.719088730,0.317259041,0.467596518,222,11
1403636658.113555431,5.916679230,-5.742342223,0.019445755,0.406545353,-0.717559837,0.312932498,0.471064760,202,11
1403636658.163555384,5.884637454,-5.708848241,0.019237546,0.408452974,-0.716793294,0.308419808,0.473551226,227,11
1403636658.213555574,5.850735455,-5.677616391,0.017841104,0.409406514,-0.715751428,0.305433518,0.476231631,230,11
1403636658.263555527,5.814927147,-5.648992111,0.018713437,0.411780616,-0.714410903,0.301067633,0.478969797,212,11
1403636658.313555479,5.779948030,-5.619342798,0.016150347,0.412986840,-0.713981827,0.298324339,0.480285758,232,11
1403636658.363555431,5.745051731,-5.591246943,0.013506044,0.413804020,-0.713882534,0.295937956,0.481205453,221,11
1403636658.413555384,5.709425694,-5.564067057,0.011839953,0.414659444,-0.713975232,0.293784487,0.481650900,222,11
1403636658.463555574,5.670017794,-5.541998547,0.006596943,0.416044328,-0.714142275,0.290661417,0.482103587,223,11
1403636658.513555527,5.633663631,-5.519101465,0.004769051,0.417747072,-0.713267062,0.288246582,0.483375000,213,11
1403636658.563555479,5.596532210,-5.497875091,-0.000188509,0.420067642,-0.711711797,0.285017449,0.485566213,216,11
1403636658.613555431,5.562890996,-5.469628053,-0.008587657,0.421698288,-0.710594284,0.282591007,0.487204926,197,11
1403636658.663555384,5.529508177,-5.447103484,-0.014423142,0.422727698,-0.709819300,0.281088569,0.488310424,210,11
1403636658.713555574,5.495883031,-5.425900432,-0.023593590,0.423182281,-0.708776962,0.280210673,0.489932601,214,11
1403636658.763555527,5.463266808,-5.405256129,-0.032956564,0.423976268,-0.706533006,0.279179375,0.493066032,220,11
1403636658.813555479,5.430347548,-5.385226493,-0.045517589,0.424638267,-0.704294074,0.277726086,0.496508229,209,11
1403636658.863555431,5.399967558,-5.366679475,-0.052944892,0.424356153,-0.702209928,0.277596414,0.499763247,224,11
1403636658.913555384,5.370542388,-5.349859679,-0.064947037,0.422261137,-0.700868549,0.280538771,0.501773661,231,11
1403636658.963555574,5.341848032,-5.330013144,-0.079709972,0.418980483,-0.700665400,0.284798198,0.502407542,240,11
1403636659.013555527,5.311981415,-5.316023124,-0.090736662,0.416363236,-0.700172611,0.288524353,0.503143785,235,11
1403636659.063555479,5.281032118,-5.306472946,-0.107709532,0.413344802,-0.698862712,0.292041677,0.505419274,238,11
1403636659.113555431,5.250465759,-5.301236728,-0.112808482,0.412341082,-0.698208699,0.294268399,0.505851316,245,11
1403636659.163555384,5.223644313,-5.289103814,-0.131551045,0.410934663,-0.697902710,0.296016228,0.506397970,262,11
1403636659.213555574,5.197282174,-5.274315749,-0.152601068,0.409697389,-0.697521723,0.297576661,0.507010480,242,11
1403636659.263555527,5.177311936,-5.257463609,-0.159051163,0.409571912,-0.697537969,0.298150668,0.506752218,232,11
1403636659.313555479,5.155930944,-5.239316707,-0.174625767,0.410302670,-0.698308677,0.297522746,0.505467037,251,11
1403636659.363555431,5.134290796,-5.223529499,-0.183034682,0.411093277,-0.700139600,0.296313771,0.502996030,279,11
1403636659.413555384,5.113650239,-5.209450585,-0.194337539,0.413736328,-0.702034459,0.293512141,0.499820460,278,11
1403636659.463555574,5.095538525,-5.191481411,-0.196867425,0.415948829,-0.704105185,0.290889215,0.496594327,283,11
1403636659.513555527,5.076169467,-5.176328883,-0.200292392,0.417244229,-0.704248538,0.289139488,0.496326109,283,11
1403636659.563555479,5.056750692,-5.162067760,-0.204509185,0.416687844,-0.705499885,0.289867485,0.494588712,275,11
1403636659.613555431,5.038717153,-5.146019493,-0.209873317,0.416647419,-0.703864403,0.290050631,0.496840480,269,11
1403636659.663555384,5.020935335,-5.128873214,-0.216190771,0.416149745,-0.702909662,0.290556686,0.498311358,265,11
1403636659.713555574,5.005702478,-5.106717266,-0.230680302,0.414962347,-0.702471173,0.290623826,0.499878279,265,11
1403636659.763555527,4.989392807,-5.089472396,-0.240728915,0.413779936,-0.701926571,0.290957153,0.501427152,287,11
1403636659.813555479,4.974194759,-5.075005293,-0.250696732,0.413284464,-0.701978079,0.290406252,0.502082600,276,11
1403636659.863555431,4.963893469,-5.061109195,-0.262200056,0.411748398,-0.702962917,0.290256452,0.502053369,278,11
1403636659.913555384,4.953472129,-5.052997597,-0.275791274,0.412022379,-0.703836197,0.289453326,0.501067799,255,11
1403636659.963555574,4.942346072,-5.040386970,-0.292862059,0.412595135,-0.705804029,0.286510713,0.499517306,281,11
1403636660.013555527,4.931325532,-5.028095398,-0.309507169,0.413623534,-0.708205417,0.284480351,0.496418764,279,11
1403636660.063555479,4.919133905,-5.016471874,-0.332673013,0.414061901,-0.711082501,0.282076895,0.493302184,279,11
1403636660.113555431,4.909464643,-5.002853984,-0.354743528,0.414909789,-0.713114227,0.279696776,0.491006802,279,11
1403636660.163555384,4.900396860,-4.990435411,-0.376771518,0.415549516,-0.714853810,0.277775572,0.489022864,263,11
1403636660.213555574,4.890949137,-4.980140134,-0.397689570,0.415605690,-0.715485979,0.277488122,0.488213136,280,11
1403636660.263555527,4.883371903,-4.968623718,-0.418961907,0.416659649,-0.717064017,0.275730582,0.485990307,272,11
1403636660.313555479,4.875679974,-4.956788966,-0.441228211,0.417765933,-0.718930938,0.273646025,0.483454015,262,11
1403636660.363555431,4.867665871,-4.949773215,-0.458271626,0.419983419,-0.722300831,0.269824197,0.478633826,258,11
1403636660.413555384,4.859483409,-4.943848728,-0.473514551,0.421560885,-0.725584670,0.266889374,0.473902277,253,11
1403636660.463555574,4.850919904,-4.940124869,-0.485520765,0.422447217,-0.727208902,0.265457529,0.471421108,255,11
1403636660.513555527,4.842452757,-4.935706014,-0.497524896,0.422929025,-0.727052833,0.264941792,0.471519952,229,11
1403636660.563555479,4.834340346,-4.936759289,-0.508010367,0.422231386,-0.724808087,0.266234111,0.474861341,242,11
1403636660.613555431,4.825790786,-4.939638963,-0.518450533,0.420898250,-0.720890156,0.268955635,0.480442413,237,11
1403636660.663555384,4.817612875,-4.946468700,-0.529460505,0.419597779,-0.715956025,0.271502639,0.487474092,235,11
1403636660.713555574,4.809506834,-4.953534493,-0.542404305,0.418694534,-0.710918978,0.273566264,0.494419451,238,11
1403636660.763555527,4.802570516,-4.961731245,-0.558316962,0.418513589,-0.705787795,0.274209109,0.501517028,210,11
1403636660.813555479,4.796746732,-4.968665153,-0.576014268,0.419229828,-0.701218186,0.273581967,0.507634035,238,11
1403636660.863555431,4.793201879,-4.975522401,-0.590731019,0.420569806,-0.697518743,0.272012884,0.512442809,238,11
1403636660.913555384,4.790643109,-4.982668232,-0.611177639,0.420933978,-0.695515250,0.271357800,0.515206821,237,11
1403636660.963555574,4.791082792,-4.990509210,-0.629973349,0.419919095,-0.695125216,0.273130491,0.515624498,227,11
1403636661.013555527,4.793654659,-5.000344068,-0.646960531,0.418089811,-0.695566262,0.276330250,0.514810720,230,11
1403636661.063555479,4.795456891,-5.010587216,-0.673485200,0.415988105,-0.696058879,0.279777991,0.513984639,229,11
1403636661.113555431,4.800585540,-5.019742806,-0.694973765,0.414035843,-0.697158842,0.282731778,0.512451570,227,11
1403636661.163555384,4.805746546,-5.031006666,-0.720323047,0.412342177,-0.697729187,0.285449073,0.511533711,238,11
1403636661.213555574,4.811592323,-5.042931463,-0.740196940,0.410551738,-0.697576812,0.288090570,0.511700778,233,11
1403636661.263555527,4.818272903,-5.052702215,-0.762965735,0.409856629,-0.698555103,0.289278063,0.510251423,231,11
1403636661.313555479,4.826870299,-5.057524643,-0.782499160,0.408622549,-0.698619175,0.290514370,0.510451037,227,11
1403636661.363555431,4.833588601,-5.069818767,-0.801783615,0.408539291,-0.698612025,0.291310536,0.510073580,218,11
1403636661.413555384,4.842773236,-5.080603189,-0.816456024,0.408945764,-0.698570747,0.291578862,0.509650900,231,11
1403636661.463555574,4.852955696,-5.087605347,-0.829935121,0.408533810,-0.698972564,0.292059253,0.509155059,218,11
1403636661.513555527,4.862605448,-5.097157387,-0.844072961,0.408854839,-0.699803871,0.291972723,0.507803300,228,11
1403636661.563555479,4.874486366,-5.101999560,-0.854103483,0.408704149,-0.700544947,0.292900018,0.506366740,222,11
1403636661.613555431,4.886946479,-5.106076829,-0.864639450,0.408381348,-0.702019761,0.293886039,0.504007863,226,11
1403636661.663555384,4.899076182,-5.111429662,-0.871493956,0.407724919,-0.702295641,0.295104695,0.503442590,231,11
1403636661.713555574,4.911850752,-5.117855848,-0.878626954,0.407664707,-0.701472539,0.296033155,0.504093380,239,11
1403636661.763555527,4.925508934,-5.123047045,-0.882228862,0.404844947,-0.702053640,0.300244319,0.503065209,243,11
1403636661.813555479,4.938499927,-5.127784355,-0.886026082,0.402361688,-0.702893653,0.304562935,0.501285351,239,11
1403636661.863555431,4.952810007,-5.130241573,-0.882206251,0.400671163,-0.702877322,0.307520076,0.500856758,243,11
1403636661.913555384,4.966171427,-5.134852118,-0.875340898,0.399658897,-0.702804700,0.308803821,0.500977565,230,11
1403636661.963555574,4.979246987,-5.138094185,-0.863533831,0.399704890,-0.702436496,0.310117687,0.500645574,217,11
1403636662.013555527,4.991740651,-5.137592000,-0.856807269,0.399843409,-0.701945215,0.310222190,0.501159013,232,11
1403636662.063555479,5.004112783,-5.139753328,-0.848400463,0.400454697,-0.701076413,0.310183388,0.501910516,236,11
1403636662.113555431,5.018857694,-5.131562056,-0.836357572,0.400565930,-0.701017929,0.309840537,0.502115167,244,11
1403636662.163555384,5.032798417,-5.130471476,-0.827116657,0.402481376,-0.700815117,0.306761220,0.502756867,238,11
1403636662.213555574,5.048926058,-5.127038385,-0.820717116,0.405148000,-0.699958365,0.302566415,0.504348044,229,11
1403636662.263555527,5.066265610,-5.121666381,-0.817436236,0.408267745,-0.698918824,0.297741635,0.506142119,224,11
1403636662.313555479,5.081900682,-5.117253186,-0.814984899,0.410293262,-0.699290017,0.293793839,0.506298421,233,11
1403636662.363555431,5.097828884,-5.112012573,-0.817005711,0.412286328,-0.699556223,0.290208505,0.506379402,238,11
1403636662.413555384,5.113471368,-5.106395118,-0.821362702,0.413464042,-0.701085284,0.287280865,0.504971896,236,11
1403636662.463555574,5.130423973,-5.100690431,-0.826741319,0.414973103,-0.703848831,0.284179137,0.501633696,242,11
1403636662.513555527,5.148638581,-5.096498134,-0.831174806,0.416066028,-0.706624564,0.281647209,0.498242548,229,11
1403636662.563555479,5.167152374,-5.095939990,-0.833049197,0.415743944,-0.709213888,0.281686123,0.494798506,215,11
1403636662.613555431,5.184686872,-5.092478413,-0.836686389,0.413078686,-0.712429261,0.284680237,0.490680864,240,11
1403636662.663555384,5.202975504,-5.089301705,-0.841030148,0.408022271,-0.715687226,0.290723814,0.486609992,232,11
1403636662.713555574,5.221805865,-5.084983434,-0.842923342,0.403111986,-0.717614229,0.297044165,0.484040606,234,11
1403636662.763555527,5.238129862,-5.082366131,-0.848752075,0.399342927,-0.718126163,0.302379386,0.483101177,231,11
1403636662.813555479,5.253760034,-5.078315494,-0.854721998,0.395696524,-0.718424158,0.306109915,0.483309125,222,11
1403636662.863555431,5.268287082,-5.078410574,-0.864329741,0.395063293,-0.719802472,0.306708219,0.481393253,222,11
1403636662.913555384,5.281430129,-5.075760620,-0.872728782,0.396644295,-0.721236499,0.303770259,0.479807092,235,11
1403636662.963555574,5.293295553,-5.071682981,-0.883620390,0.397262897,-0.723249971,0.302048145,0.477345355,235,11
1403636663.013555527,5.304328297,-5.067622007,-0.893230342,0.396790112,-0.725965718,0.302219729,0.473491942,224,11
1403636663.063555479,5.312356095,-5.065172588,-0.905578497,0.395007779,-0.729012982,0.303886344,0.469214254,242,11
1403636663.113555431,5.320843459,-5.056378231,-0.914659730,0.393265276,-0.730949731,0.306043562,0.466253420,220,11
1403636663.163555384,5.327578460,-5.049968525,-0.923998838,0.393284825,-0.732604794,0.305885859,0.463736029,187,11
1403636663.213555574,5.329431608,-5.049048698,-0.924508424,0.395143286,-0.732192615,0.301892643,0.465420874,219,11
1403636663.263555527,5.333150755,-5.043817138,-0.927499828,0.401195320,-0.729122371,0.293470164,0.470423368,219,11
1403636663.313555479,5.334939433,-5.049190402,-0.935836412,0.406686400,-0.727009701,0.285159197,0.474075204,216,11
1403636663.363555431,5.335589227,-5.045780509,-0.943820066,0.411764286,-0.725413861,0.277559888,0.476639708,216,11
1403636663.413555384,5.337272752,-5.046252867,-0.954894272,0.416676438,-0.724762666,0.270515404,0.477410976,205,11
1403636663.463555574,5.338096023,-5.052106656,-0.968163804,0.420673824,-0.724359810,0.265677116,0.477233767,198,11
1403636663.513555527,5.336085347,-5.056544386,-0.982925064,0.423189097,-0.725296790,0.260691679,0.476335389,224,11
1403636663.563555479,5.334105340,-5.062587218,-1.000984817,0.425165690,-0.725605959,0.257755514,0.475701821,228,11
1403636663.613555431,5.332642286,-5.071331951,-1.020145926,0.426109806,-0.726083481,0.256606979,0.474748428,206,11
1403636663.663555384,5.330282610,-5.082238380,-1.040321324,0.426979747,-0.725718495,0.255619992,0.475057241,235,11
1403636663.713555574,5.326871707,-5.095662315,-1.058239175,0.429618751,-0.724218979,0.252230931,0.476774744,218,11
1403636663.763555527,5.323116752,-5.113449255,-1.074113330,0.432124043,-0.721759265,0.249364292,0.479739331,202,11
1403636663.813555479,5.319393706,-5.133303095,-1.090379916,0.435206212,-0.717606615,0.246125200,0.484828511,220,11
1403636663.863555431,5.316180876,-5.156813571,-1.105865408,0.437885783,-0.712956923,0.244101210,0.490268361,227,11
1403636663.913555384,5.315895125,-5.177848635,-1.114759633,0.438427179,-0.709772555,0.244022725,0.494426374,220,11
1403636663.963555574,5.315207049,-5.212888408,-1.117209091,0.439760150,-0.704487819,0.244019750,0.500761705,214,11
1403636664.013555527,5.317066427,-5.251767686,-1.113092217,0.440357306,-0.699520578,0.244247724,0.507049755,206,11
1403636664.063555479,5.324096938,-5.283270069,-1.109483649,0.440123993,-0.696506423,0.246268319,0.510413155,221,11
1403636664.113555431,5.331845150,-5.321126874,-1.107043628,0.438620871,-0.694979535,0.251025491,0.511469823,225,11
1403636664.163555384,5.342322365,-5.358749242,-1.106311284,0.435970286,-0.693971572,0.257098258,0.512087738,240,11
1403636664.213555574,5.355418101,-5.397339280,-1.103207734,0.433145804,-0.693249246,0.264005591,0.511948477,203,11
1403636664.263555527,5.372203582,-5.431939696,-1.096622331,0.430495607,-0.692137457,0.270145466,0.512484829,232,11
1403636664.313555479,5.387973323,-5.471329057,-1.092455263,0.428516129,-0.691598617,0.275462716,0.512040596,207,11
1403636664.363555431,5.406248900,-5.506812657,-1.094397145,0.427753267,-0.691071802,0.279310174,0.511304933,215,11
1403636664.413555384,5.424868421,-5.544311348,-1.103936154,0.427194559,-0.690309692,0.282942227,0.510804301,224,11
1403636664.463555574,5.445955779,-5.581576461,-1.117299722,0.427351238,-0.689417422,0.285903292,0.510229209,233,11
1403636664.513555527,5.466968134,-5.616789426,-1.135275189,0.427261544,-0.688077317,0.289536723,0.510064374,243,11
1403636664.563555479,5.489905629,-5.652381923,-1.149960712,0.427321424,-0.687404548,0.293162492,0.508848839,247,11
1403636664.613555431,5.511940485,-5.686558096,-1.165628865,0.425540353,-0.687771814,0.300092559,0.505796200,242,11
1403636664.663555384,5.535889534,-5.721468116,-1.181120805,0.425279053,-0.687387340,0.303846691,0.504295112,262,11
1403636664.713555574,5.561894098,-5.754766792,-1.192637803,0.424951782,-0.688304189,0.307475521,0.501110896,266,11
1403636664.763555527,5.588644405,-5.787194554,-1.201760079,0.428300718,-0.687877325,0.305407202,0.500109711,285,11
1403636664.813555479,5.617511895,-5.816497025,-1.209136313,0.432008432,-0.686714168,0.303262333,0.499824293,263,11
1403636664.863555431,5.644038818,-5.849328391,-1.217355523,0.433912983,-0.686129620,0.303458745,0.498857152,270,11
1403636664.913555384,5.668084781,-5.884880864,-1.219210962,0.434084098,-0.686359019,0.304697550,0.497636108,273,11
1403636664.963555574,5.689511673,-5.916756083,-1.225054161,0.436579775,-0.687337388,0.304397652,0.494274705,274,11
1403636665.013555527,5.714522068,-5.949295665,-1.226606178,0.437706941,-0.689460378,0.304732075,0.490097320,279,11
1403636665.063555479,5.742548050,-5.978842463,-1.226235780,0.439852566,-0.691768034,0.302935275,0.486021529,284,11
1403636665.113555431,5.769386754,-6.010277580,-1.223696947,0.441769759,-0.693553722,0.302599992,0.481929413,282,11
1403636665.163555384,5.797760938,-6.040040786,-1.217630508,0.443148468,-0.694885150,0.301680157,0.479315289,285,11
1403636665.213555574,5.825544386,-6.065372786,-1.211304075,0.441832353,-0.696290113,0.305082016,0.476328893,275,11
1403636665.263555527,5.853816826,-6.094434552,-1.204527774,0.437860955,-0.696592607,0.311229505,0.475576197,266,11
1403636665.313555479,5.880339224,-6.125077744,-1.197179006,0.435082930,-0.695422106,0.315808700,0.476818417,275,11
1403636665.363555431,5.906439197,-6.155048948,-1.189612435,0.434024982,-0.694698652,0.317866360,0.477469449,306,11
1403636665.413555384,5.931925448,-6.184540669,-1.181909062,0.434724886,-0.693518174,0.316786115,0.479263366,284,11
1403636665.463555574,5.955571089,-6.213510512,-1.174475987,0.437308966,-0.692553477,0.312589804,0.481059418,297,11
1403636665.513555527,5.980804872,-6.242583373,-1.168354332,0.440546920,-0.691607371,0.306979176,0.483074985,301,11
1403636665.563555479,6.006100171,-6.272826463,-1.161070149,0.443236905,-0.689974973,0.302078701,0.486028847,304,11
1403636665.613555431,6.031335978,-6.302120756,-1.154441010,0.445782724,-0.689815002,0.297517577,0.486740503,303,11
1403636665.663555384,6.057480844,-6.331014672,-1.147448106,0.446151133,-0.689336226,0.295598794,0.488247977,292,11
1403636665.713555574,6.084849514,-6.360404328,-1.137883225,0.445959838,-0.688813782,0.294287754,0.489949094,296,11
1403636665.763555527,6.112625458,-6.387564807,-1.128595357,0.445191923,-0.687114060,0.294192944,0.493081060,295,11
1403636665.813555479,6.140941925,-6.417812484,-1.118283462,0.443095104,-0.686585938,0.295555361,0.494887368,295,11
1403636665.863555431,6.169509757,-6.447440625,-1.108458447,0.437981561,-0.687691419,0.302191141,0.493895919,290,11
1403636665.913555384,6.197997691,-6.476682471,-1.098746757,0.432314950,-0.689551023,0.308919839,0.492129762,299,11
1403636665.963555574,6.226689368,-6.505728499,-1.090404321,0.427095929,-0.692433980,0.314828549,0.488883662,328,11
1403636666.013555527,6.255372720,-6.533376772,-1.082269204,0.423495100,-0.694522914,0.318581952,0.486616236,324,11
1403636666.063555479,6.284412568,-6.560849754,-1.075096781,0.421968190,-0.695665143,0.320192833,0.485251900,303,11
1403636666.113555431,6.312930032,-6.589679703,-1.068888179,0.422365157,-0.694958360,0.319136215,0.486613428,296,11
1403636666.163555384,6.340036800,-6.617988041,-1.065149437,0.424104834,-0.693374392,0.316111604,0.489326573,298,11
1403636666.213555574,6.367600673,-6.643684153,-1.062829603,0.425061814,-0.692207303,0.315208741,0.490729003,301,11
1403636666.263555527,6.395330052,-6.668406812,-1.061760677,0.425556941,-0.691194797,0.315596490,0.491477261,289,11
1403636666.313555479,6.420068151,-6.691489730,-1.061429066,0.424225254,-0.691013439,0.317249889,0.491818940,297,11
1403636666.363555431,6.447602254,-6.708551105,-1.063108321,0.422077027,-0.690781754,0.320922190,0.491610108,299,11
1403636666.413555384,6.473096630,-6.724242350,-1.064308685,0.420537419,-0.692210939,0.323069075,0.489508598,298,11
1403636666.463555574,6.498728611,-6.737658165,-1.063304147,0.420493100,-0.693192910,0.324395958,0.487274466,267,11
1403636666.513555527,6.521961864,-6.749888155,-1.061820112,0.421591125,-0.693683896,0.325068086,0.485174520,292,11
1403636666.563555479,6.544474009,-6.760922551,-1.060186938,0.423962904,-0.694242686,0.322253508,0.484185115,296,11
1403636666.613555431,6.569005436,-6.773026429,-1.053807956,0.427751069,-0.695103773,0.318687502,0.481973075,295,11
1403636666.663555384,6.594621728,-6.782465703,-1.046504319,0.432261066,-0.694451715,0.314642358,0.481546854,301,11
1403636666.713555574,6.617894557,-6.790452723,-1.041475920,0.435801090,-0.695451688,0.310369071,0.479682603,288,11
1403636666.763555527,6.642611121,-6.804317531,-1.031129084,0.439463877,-0.696702305,0.306634460,0.476920021,296,11
1403636666.813555479,6.667135996,-6.816310012,-1.022045772,0.441340312,-0.698353916,0.305399552,0.473552163,277,11
1403636666.863555431,6.691757329,-6.826455275,-1.015839129,0.442047072,-0.701631276,0.305355132,0.468045065,259,11
1403636666.913555384,6.716014359,-6.842051598,-1.009276718,0.439770236,-0.707304816,0.309229070,0.459020064,276,11
1403636666.963555574,6.740146074,-6.852281320,-1.007923362,0.436857586,-0.712359174,0.313338013,0.451130965,253,11
1403636667.013555527,6.766342438,-6.870248488,-1.005202284,0.434945332,-0.713930136,0.315980105,0.448645620,244,11
1403636667.063555479,6.783041328,-6.899639872,-1.008025445,0.433920900,-0.713540409,0.317291602,0.449331478,193,11
1403636667.113555431,6.798352383,-6.917965080,-1.007502120,0.433877811,-0.708332638,0.317812266,0.457176424,205,11
1403636667.163555384,6.812489103,-6.942957789,-1.009795369,0.435445599,-0.701065965,0.316236087,0.467855085,210,11
1403636667.213555574,6.819214361,-6.960999880,-1.012944137,0.436449364,-0.695136103,0.315024720,0.476505170,199,11
1403636667.263555527,6.831860477,-6.979790217,-1.016955315,0.438619200,-0.689373299,0.312718306,0.484339667,207,11
1403636667.313555479,6.849684041,-7.000224932,-1.022130694,0.440035975,-0.685382886,0.311314544,0.489593602,213,11
1403636667.363555431,6.864895634,-7.018317418,-1.026122211,0.440832082,-0.683724427,0.310939850,0.491430965,218,11
1403636667.413555384,6.880363907,-7.034536815,-1.030942402,0.441828853,-0.683366858,0.309922353,0.491675846,215,11
1403636667.463555574,6.900115703,-7.048888236,-1.036829352,0.443783396,-0.684482015,0.308198336,0.489443005,193,11
1403636667.513555527,6.918242638,-7.067364185,-1.043325380,0.445062040,-0.686619408,0.306599694,0.486282013,203,11
1403636667.563555479,6.936044748,-7.083071282,-1.050955647,0.445395219,-0.690647691,0.306211669,0.480482340,194,11
1403636667.613555431,6.952927802,-7.100662270,-1.056373944,0.444703114,-0.694923373,0.306937230,0.474457778,193,11
1403636667.663555384,6.968548707,-7.118768150,-1.060504740,0.443978198,-0.698139070,0.308263533,0.469530396,172,11
1403636667.713555574,6.985670555,-7.135916418,-1.062308218,0.442656514,-0.700029266,0.310230609,0.466659626,182,11
1403636667.763555527,7.002087793,-7.155551804,-1.062565219,0.441556851,-0.700559997,0.311610161,0.465985349,212,11
1403636667.813555479,7.015517540,-7.174145898,-1.060540389,0.440741412,-0.700459847,0.312139141,0.466553500,204,11
1403636667.863555431,7.032406094,-7.194049896,-1.059306177,0.439737373,-0.700593206,0.312808402,0.466852339,206,11
1403636667.913555384,7.048087562,-7.211051691,-1.057988512,0.438519540,-0.701209932,0.313485222,0.466617895,212,11
1403636667.963555574,7.063624533,-7.226398083,-1.057303634,0.438764384,-0.701853421,0.312387479,0.466156254,223,11
1403636668.013555527,7.078077732,-7.243519091,-1.060272213,0.438108297,-0.701819411,0.312611219,0.466674256,218,11
1403636668.063555479,7.087965002,-7.265593383,-1.060291481,0.438746197,-0.701145392,0.310354322,0.468590556,199,11
1403636668.113555431,7.100498830,-7.283601983,-1.065550423,0.439561975,-0.700976148,0.307453242,0.469989590,217,11
1403636668.163555384,7.110534498,-7.303779563,-1.066502936,0.440605490,-0.700339718,0.304622581,0.471800979,213,11
1403636668.213555574,7.123131575,-7.327641094,-1.065856899,0.442001911,-0.701407407,0.301099352,0.471169970,198,11
1403636668.263555527,7.131525708,-7.350868618,-1.069720440,0.442507368,-0.701870234,0.297901613,0.472038168,183,11
1403636668.313555479,7.143304963,-7.378050304,-1.073097298,0.442547272,-0.702724587,0.294905172,0.472610839,176,11
1403636668.363555431,7.155608321,-7.401930022,-1.080080326,0.441908992,-0.703133877,0.293595453,0.473414094,203,11
1403636668.413555384,7.162949541,-7.428772073,-1.089971936,0.440385297,-0.703697445,0.292819703,0.474475834,193,11
1403636668.463555574,7.173370499,-7.455367027,-1.099821788,0.439255700,-0.702671129,0.292493121,0.477237350,193,11
1403636668.513555527,7.183280283,-7.482033810,-1.108431167,0.438594960,-0.702861033,0.291577514,0.478124861,218,11
1403636668.563555479,7.194875505,-7.507692442,-1.118873862,0.437443504,-0.703611667,0.291168271,0.478325036,221,11
1403636668.613555431,7.206914495,-7.534316858,-1.129026233,0.436919935,-0.703815306,0.290427134,0.478954136,214,11
1403636668.663555384,7.223063787,-7.555143263,-1.144825693,0.436270708,-0.703538172,0.289449315,0.480542406,194,11
1403636668.713555574,7.234909369,-7.583472618,-1.157208345,0.437412651,-0.702289159,0.286537273,0.483069872,209,11
1403636668.763555527,7.246990572,-7.609079082,-1.173314274,0.438938573,-0.699373239,0.283826179,0.487496360,205,11
1403636668.813555479,7.263102849,-7.630495114,-1.190155608,0.439804608,-0.696815456,0.281330376,0.491806208,186,11
1403636668.863555431,7.278343201,-7.657152490,-1.203211394,0.442253240,-0.693045908,0.278434655,0.496561762,191,11
1403636668.913555384,7.293490694,-7.683306889,-1.216816681,0.443075538,-0.689634610,0.276673240,0.501537726,184,11
1403636668.963555574,7.310652606,-7.712420996,-1.227734955,0.440940437,-0.688886003,0.279399611,0.502934850,210,11
1403636669.013555527,7.330700287,-7.740624824,-1.234882451,0.437547731,-0.689601224,0.284364049,0.502134666,195,11
1403636669.063555479,7.352810145,-7.768180979,-1.240715932,0.434326064,-0.690006911,0.289195044,0.501614951,178,11
1403636669.113555431,7.374750671,-7.798189127,-1.244415429,0.430964869,-0.690987002,0.293510791,0.500657229,200,11
1403636669.163555384,7.398190540,-7.827559466,-1.247665443,0.428948812,-0.691974879,0.295534147,0.499833224,206,11
1403636669.213555574,7.421133864,-7.857667478,-1.252152762,0.427164560,-0.692613210,0.296916104,0.499658090,211,11
1403636669.263555527,7.440087256,-7.894233077,-1.251019216,0.426522903,-0.692768917,0.297267696,0.499781310,215,11
1403636669.313555479,7.465520153,-7.921090401,-1.258255157,0.426670867,-0.692838633,0.296370189,0.500091304,230,11
1403636669.363555431,7.489874826,-7.950400331,-1.263261513,0.426524661,-0.693454341,0.296516621,0.499275158,225,11
1403636669.413555384,7.510817152,-7.964873238,-1.259382994,0.426040533,-0.692615760,0.297452478,0.500294809,193,11
1403636669.463555574,7.538414921,-7.982162118,-1.256283805,0.424093241,-0.691291283,0.298982596,0.502862499,213,11
1403636669.513555527,7.567179325,-8.000616629,-1.260857902,0.423471582,-0.689514974,0.300213393,0.505086961,202,11
1403636669.563555479,7.595173193,-8.023140066,-1.270961611,0.422529626,-0.687456373,0.301778152,0.507742451,229,11
1403636669.613555431,7.621180951,-8.046991662,-1.281143328,0.421545268,-0.684093623,0.303489876,0.512063861,215,11
1403636669.663555384,7.652139100,-8.066988884,-1.294729006,0.420476722,-0.680981288,0.306284635,0.515415884,200,11
1403636669.713555574,7.681601240,-8.091818502,-1.304980106,0.419117635,-0.678054133,0.308759637,0.518893522,219,11
1403636669.763555527,7.712970518,-8.112967362,-1.311191634,0.417889294,-0.676944087,0.310963586,0.520016239,219,11
1403636669.813555479,7.745357599,-8.125466690,-1.315286377,0.413285711,-0.679323813,0.318400955,0.516076457,221,11
1403636669.863555431,7.778252292,-8.137369299,-1.322905490,0.406229497,-0.684030083,0.329370041,0.508523173,217,11
1403636669.913555384,7.810307727,-8.150615279,-1.324436885,0.400649792,-0.691319295,0.337822100,0.497426984,228,11
1403636669.963555574,7.840061940,-8.164519059,-1.328381012,0.397331447,-0.696335460,0.343269539,0.489296099,223,11
1403636670.013555527,7.870411166,-8.160315586,-1.321463112,0.395271335,-0.700585136,0.344954478,0.483681142,181,11
1403636670.063555479,7.903433159,-8.161622631,-1.316913442,0.393903925,-0.703910648,0.346702917,0.478692579,194,11
1403636670.113555431,7.936110671,-8.156684245,-1.309830538,0.393805152,-0.705586037,0.349267891,0.474423637,204,11
1403636670.163555384,7.962123157,-8.152905141,-1.302439121,0.392531963,-0.704909142,0.354428916,0.472654106,236,11
1403636670.213555574,7.982135408,-8.153789199,-1.296048437,0.388638598,-0.704151878,0.363736491,0.469921204,225,11
1403636670.263555527,8.003986421,-8.145591080,-1.289509504,0.385684206,-0.701368783,0.372958313,0.469288419,211,11
1403636670.313555479,8.021032945,-8.142797378,-1.284163451,0.383378080,-0.699894516,0.380450421,0.467361094,228,11
1403636670.363555431,8.047281831,-8.138633665,-1.282835907,0.383293039,-0.699597180,0.385031870,0.464112801,217,11
1403636670.413555384,8.056236492,-8.118091425,-1.277995347,0.384963086,-0.699030248,0.389070279,0.460200449,222,11
1403636670.463555574,8.065743649,-8.098417576,-1.276525245,0.387682651,-0.698578296,0.393760879,0.454579912,216,11
1403636670.513555527,8.070706841,-8.080801973,-1.270296512,0.391756309,-0.696761660,0.398779516,0.449472002,230,11
1403636670.563555479,8.071647191,-8.060954312,-1.263306668,0.397729489,-0.693919593,0.403722913,0.444178637,228,11
1403636670.613555431,8.076008713,-8.031724367,-1.263796095,0.403998963,-0.690629060,0.407873148,0.439836145,191,11
1403636670.663555384,8.074442393,-8.002225384,-1.255286525,0.412056457,-0.686094511,0.411475025,0.436087265,188,11
1403636670.713555574,8.064893624,-7.973067944,-1.242627236,0.420171794,-0.680270127,0.416338606,0.432839905,196,11
1403636670.763555527,8.050186485,-7.940085110,-1.226927825,0.428223946,-0.675153208,0.421553687,0.427884197,224,11
1403636670.813555479,8.031203716,-7.904115312,-1.210797684,0.435372193,-0.669129361,0.429028818,0.422671534,205,11
1403636670.863555431,8.009789406,-7.865040162,-1.196403948,0.441729881,-0.663690485,0.437757331,0.415641879,192,11
1403636670.913555384,7.982882126,-7.824524414,-1.182496835,0.447964099,-0.657527782,0.447530860,0.408290964,224,11
1403636670.963555574,7.952052028,-7.781350401,-1.170755411,0.453653957,-0.650388361,0.459216479,0.400391424,212,11
1403636671.013555527,7.918295545,-7.730903595,-1.157396839,0.461763208,-0.640975421,0.469376801,0.394475181,213,11
1403636671.063555479,7.881588366,-7.673764544,-1.144036755,0.472067676,-0.630711165,0.476639819,0.390089757,199,11
1403636671.113555431,7.830718236,-7.623562148,-1.121996694,0.485587038,-0.620323868,0.479914079,0.386116569,232,11
1403636671.163555384,7.776973328,-7.566474216,-1.100406610,0.499466538,-0.610164170,0.481872966,0.382140430,225,11
1403636671.213555574,7.716134333,-7.510949965,-1.080470006,0.513036376,-0.601676917,0.481735686,0.377768836,198,11
1403636671.263555527,7.649653207,-7.454223210,-1.065922732,0.527737521,-0.594013401,0.478013545,0.374358437,196,11
1403636671.313555479,7.580543983,-7.392804852,-1.047594628,0.543814065,-0.587238248,0.469299482,0.373062325,191,11
1403636671.363555431,7.507688059,-7.328637495,-1.023258176,0.561722957,-0.578761182,0.457443434,0.374497422,223,11
1403636671.413555384,7.434010441,-7.262750059,-0.999895191,0.579762814,-0.568914034,0.445290387,0.376733822,227,11
1403636671.463555574,7.376351323,-7.168568751,-0.984472647,0.597115705,-0.558989143,0.436553779,0.374706245,201,11
1403636671.513555527,7.301760047,-7.101750471,-0.966345176,0.611037222,-0.552744421,0.428599257,0.370688274,219,11
1403636671.563555479,7.232128284,-7.030243595,-0.954662533,0.622360949,-0.548266109,0.423067822,0.364807812,220,11
1403636671.613555431,7.159113579,-6.964198669,-0.942984485,0.632055791,-0.545508986,0.417474832,0.358664450,218,11
1403636671.663555384,7.087500272,-6.900959351,-0.929885788,0.639500303,-0.544181929,0.412843690,0.352796652,219,11
1403636671.713555574,7.014374471,-6.840237453,-0.918054102,0.645322146,-0.543310962,0.409305453,0.347622744,231,11
1403636671.763555527,6.941166703,-6.783335354,-0.906790728,0.649620694,-0.542935604,0.406246096,0.343770261,248,11
1403636671.813555479,6.873177383,-6.720569419,-0.895246853,0.653980531,-0.542051581,0.402178509,0.341675277,208,11
1403636671.863555431,6.806082608,-6.668671498,-0.883531624,0.657007815,-0.543030312,0.398294561,0.338851373,215,11
1403636671.913555384,6.739349804,-6.622410039,-0.867385545,0.660201857,-0.545217631,0.392460808,0.335925225,206,11
1403636671.963555574,6.672932567,-6.577478205,-0.853503965,0.663778077,-0.546723323,0.385778572,0.334166374,227,11
1403636672.013555527,6.607820218,-6.535827821,-0.838184488,0.667255137,-0.547876521,0.379125238,0.332965394,217,11
1403636672.063555479,6.545470373,-6.501225319,-0.816864720,0.670094582,-0.546045400,0.373530763,0.336574572,216,11
1403636672.113555431,6.485696489,-6.470084942,-0.795072786,0.672780081,-0.542188214,0.368655788,0.342770788,211,11
1403636672.163555384,6.429539315,-6.440893011,-0.772114543,0.673687848,-0.539055084,0.365989570,0.348734764,206,11
1403636672.213555574,6.377119792,-6.413710942,-0.749632641,0.674456411,-0.536891559,0.363521299,0.353140580,204,11
1403636672.263555527,6.328317364,-6.396217305,-0.726744333,0.673635383,-0.536574059,0.362572932,0.356152383,210,11
1403636672.313555479,6.283555980,-6.379067906,-0.705667220,0.674220858,-0.534093269,0.360670382,0.360676433,204,11
1403636672.363555431,6.240882457,-6.365847965,-0.686078640,0.674127037,-0.529393426,0.360256335,0.368117796,220,11
1403636672.413555384,6.205153992,-6.357261609,-0.668075043,0.673996644,-0.523413613,0.360292768,0.376770269,213,11
1403636672.463555574,6.182229985,-6.357304439,-0.652682727,0.671257611,-0.517093073,0.364571052,0.386155307,206,11
1403636672.513555527,6.167041729,-6.363853181,-0.638726711,0.663729746,-0.514114152,0.376080959,0.392061953,181,11
1403636672.563555479,6.138656776,-6.353320446,-0.630198543,0.655285162,-0.511714702,0.389910767,0.395877523,203,11
1403636672.613555431,6.114489001,-6.350506246,-0.631546228,0.647048400,-0.511661498,0.403092892,0.396291559,214,11
1403636672.663555384,6.095254871,-6.349501084,-0.634041448,0.640116491,-0.512203560,0.413406804,0.396223682,230,11
1403636672.713555574,6.087022409,-6.363583774,-0.639202813,0.636752446,-0.515076372,0.418266591,0.392804929,224,11
1403636672.763555527,6.062020446,-6.356476632,-0.647153582,0.636544531,-0.519607650,0.418925971,0.386419437,214,11
1403636672.813555479,6.037464425,-6.347435302,-0.655984601,0.638358172,-0.523078895,0.418270120,0.379390855,198,11
1403636672.863555431,6.020890949,-6.344437986,-0.669708223,0.641507926,-0.522219333,0.417969744,0.375574017,210,11
1403636672.913555384,6.003441161,-6.342570835,-0.679891681,0.645126835,-0.519086559,0.419528420,0.371962922,202,11
1403636672.963555574,5.968331599,-6.315751951,-0.670370185,0.650125760,-0.514485717,0.420911023,0.368069087,206,11
1403636673.013555527,5.955192776,-6.312738249,-0.678165610,0.655452438,-0.508759506,0.422557409,0.364679453,197,11
1403636673.063555479,5.943238593,-6.311266893,-0.682707072,0.661446509,-0.502510689,0.423226101,0.361733591,198,11
1403636673.113555431,5.931981274,-6.312187564,-0.685352880,0.667316721,-0.497431505,0.423985670,0.357052438,175,11
1403636673.163555384,5.923681196,-6.312285351,-0.686808548,0.673766129,-0.494798985,0.422075493,0.350806849,198,11
1403636673.213555574,5.916337455,-6.310315022,-0.685428119,0.680762295,-0.493603358,0.417796565,0.344041354,194,11
1403636673.263555527,5.911873785,-6.312595354,-0.684319915,0.687723355,-0.491871969,0.413221585,0.338151557,207,11
1403636673.313555479,5.909279736,-6.315968243,-0.681564564,0.692414190,-0.491094139,0.410389499,0.333120991,231,11
1403636673.363555431,5.907779554,-6.321199867,-0.679544958,0.696301594,-0.490053428,0.408147960,0.329282508,223,11
1403636673.413555384,5.907612797,-6.329146425,-0.676157080,0.698339864,-0.488652204,0.408153466,0.327033952,207,11
1403636673.463555574,5.909901477,-6.337323698,-0.673811152,0.699068865,-0.486967510,0.409841697,0.325875971,219,11
1403636673.513555527,5.913823543,-6.347357164,-0.672527781,0.699039121,-0.485140861,0.411893860,0.326076832,212,11
1403636673.563555479,5.920407786,-6.360047125,-0.670365816,0.698613435,-0.483162790,0.414566266,0.326539121,219,11
1403636673.613555431,5.926988158,-6.373923817,-0.670400293,0.696251500,-0.479231813,0.419985431,0.330428443,210,11
1403636673.663555384,5.935793924,-6.391511735,-0.673667942,0.693719625,-0.475727431,0.425474760,0.333777951,212,11
1403636673.713555574,5.943000035,-6.406254096,-0.677625502,0.690715367,-0.472663634,0.431350119,0.336806243,187,11
1403636673.763555527,5.955360696,-6.424035862,-0.680545243,0.687494648,-0.467864804,0.437473012,0.342156394,210,11
1403636673.813555479,5.968884797,-6.441668506,-0.683809356,0.684466556,-0.465381056,0.443353283,0.344040510,209,11
1403636673.863555431,5.977521284,-6.453409390,-0.689669064,0.683594303,-0.462959423,0.445926005,0.345712885,200,11
1403636673.913555384,5.993212637,-6.469286996,-0.689139994,0.684740708,-0.461815520,0.444598143,0.346682967,221,11
1403636673.963555574,6.010302036,-6.483203604,-0.688862931,0.684801536,-0.461730039,0.444488765,0.346816904,213,11
1403636674.013555527,6.029664424,-6.500341585,-0.690618735,0.684956770,-0.462523952,0.444173148,0.345855508,197,11
1403636674.063555479,6.049944558,-6.519256323,-0.690199275,0.685105646,-0.462707968,0.444180930,0.345304057,206,11
1403636674.113555431,6.071374838,-6.533287696,-0.693844177,0.684590843,-0.463717746,0.444903846,0.344037494,196,11
1403636674.163555384,6.094455348,-6.549957618,-0.698467564,0.683738707,-0.463872813,0.446162178,0.343893449,213,11
1403636674.213555574,6.118859435,-6.565493374,-0.705449173,0.682229296,-0.464680927,0.448090045,0.343293076,194,11
1403636674.263555527,6.143786268,-6.581195261,-0.715597410,0.679486179,-0.465893126,0.451954636,0.342022126,196,11
1403636674.313555479,6.170264507,-6.597767217,-0.724820385,0.676715346,-0.469155413,0.456009066,0.337646667,171,11
1403636674.363555431,6.196461113,-6.612195575,-0.737811809,0.674608843,-0.471404623,0.460249797,0.332942510,194,11
1403636674.413555384,6.222837556,-6.626308691,-0.751310785,0.673198064,-0.473025047,0.465221509,0.326528129,197,11
1403636674.463555574,6.253129418,-6.642721251,-0.763714586,0.672400880,-0.472874800,0.470160460,0.321271883,192,11
1403636674.513555527,6.279724886,-6.657242968,-0.780809451,0.673012841,-0.470308144,0.475238115,0.316247845,228,11
1403636674.563555479,6.303900032,-6.672297597,-0.799604805,0.674938171,-0.466718634,0.478568637,0.312416776,219,11
1403636674.613555431,6.326477964,-6.686591355,-0.819559069,0.676851068,-0.462880545,0.481062916,0.310149487,202,11
1403636674.663555384,6.349601795,-6.701978536,-0.840592582,0.679106537,-0.458031001,0.483159407,0.309158375,215,11
1403636674.713555574,6.372960644,-6.719448289,-0.862749295,0.681386575,-0.455870402,0.484029192,0.305957929,207,11
1403636674.763555527,6.394239595,-6.734333279,-0.887792736,0.685450659,-0.455012529,0.481984971,0.301349432,222,11
1403636674.813555479,6.414972358,-6.749718041,-0.912044747,0.690621490,-0.455719725,0.477689418,0.295252960,199,11
1403636674.863555431,6.435052063,-6.763281329,-0.931712466,0.695637536,-0.456485325,0.473041425,0.289726385,198,11
1403636674.913555384,6.457615220,-6.783738618,-0.948337979,0.700105481,-0.457150882,0.468900967,0.284600192,175,11
1403636674.963555574,6.476383905,-6.800790552,-0.964473644,0.704144109,-0.458031326,0.464310564,0.280720642,192,11
1403636675.013555527,6.493374292,-6.816951548,-0.976036470,0.706948893,-0.459043606,0.461084138,0.277315069,198,11
1403636675.063555479,6.514623004,-6.838260758,-0.978624136,0.709605868,-0.459971509,0.456568614,0.276461251,208,11
1403636675.113555431,6.532457519,-6.861554195,-0.985139091,0.712422760,-0.458410582,0.452583116,0.278356019,225,11
1403636675.163555384,6.550623607,-6.887705014,-0.987175527,0.716611803,-0.455082342,0.447050717,0.281980924,217,11
1403636675.213555574,6.570537770,-6.917662353,-0.987434034,0.719710049,-0.449759522,0.443240970,0.288567600,202,11
1403636675.263555527,6.590600189,-6.950822690,-0.985371718,0.721709901,-0.445826658,0.440314832,0.294102464,214,11
1403636675.313555479,6.613260855,-6.987266253,-0.982014612,0.723204467,-0.442810162,0.437717768,0.298827066,205,11
1403636675.363555431,6.637261176,-7.023674285,-0.977589029,0.722439992,-0.438450003,0.439618113,0.304266278,223,11
1403636675.413555384,6.666989422,-7.062723276,-0.976511107,0.720085846,-0.432451635,0.445526040,0.309787839,202,11
1403636675.463555574,6.697361500,-7.102069022,-0.977398390,0.718496050,-0.427095342,0.451725690,0.311924503,204,11
1403636675.513555527,6.738212743,-7.144045086,-0.988448453,0.717922100,-0.419614917,0.457205871,0.315394945,181,11
1403636675.563555479,6.771737215,-7.181189526,-0.990245740,0.718069126,-0.412162680,0.462061965,0.317800876,204,11
1403636675.613555431,6.805230338,-7.215415694,-0.993839938,0.718273302,-0.404971479,0.466969821,0.319406875,194,11
1403636675.663555384,6.840695597,-7.244905692,-0.998542621,0.718764648,-0.399594379,0.470674742,0.319635731,204,11
1403636675.713555574,6.879196609,-7.281922687,-1.005985079,0.719398765,-0.393923996,0.475894663,0.317511530,215,11
1403636675.763555527,6.917600886,-7.315941723,-1.015747412,0.719230896,-0.388534750,0.483162051,0.313531655,206,11
1403636675.813555479,6.956879851,-7.348307710,-1.028148129,0.718258023,-0.386776299,0.492437498,0.303339442,187,11
1403636675.863555431,6.997667495,-7.380214837,-1.038298071,0.717127726,-0.385643005,0.502210943,0.291189741,215,11
1403636675.913555384,7.035071439,-7.402814175,-1.050330698,0.717976898,-0.384944822,0.509756424,0.276541219,187,11
1403636675.963555574,7.073987410,-7.431116251,-1.063204060,0.720391689,-0.383942701,0.514813481,0.261898637,198,11
1403636676.013555527,7.112857349,-7.458671090,-1.075986891,0.724533736,-0.379621127,0.517661818,0.250928094,201,11
1403636676.063555479,7.149806660,-7.485843506,-1.088491637,0.729852792,-0.373225981,0.518728290,0.242771973,196,11
1403636676.113555431,7.183796103,-7.509869683,-1.104720881,0.736488239,-0.364712746,0.517581040,0.238074681,187,11
1403636676.163555384,7.221713232,-7.537341602,-1.120254913,0.744131398,-0.352012294,0.515567823,0.237793244,205,11
1403636676.213555574,7.257144770,-7.560293275,-1.136748458,0.751674836,-0.339133192,0.513612431,0.237014533,190,11
1403636676.263555527,7.292238422,-7.585080793,-1.152636902,0.759902820,-0.323987241,0.510485863,0.238713543,190,11
1403636676.313555479,7.330361055,-7.612004268,-1.169656463,0.768067768,-0.311388547,0.507256334,0.236220421,217,11
1403636676.363555431,7.364561261,-7.634896087,-1.183446911,0.774025067,-0.296318026,0.507310929,0.236043308,204,11
1403636676.413555384,7.398863356,-7.660268471,-1.194221777,0.779821567,-0.283149974,0.506765659,0.234292515,177,11
1403636676.463555574,7.440127546,-7.683927001,-1.205170948,0.784344592,-0.273107425,0.508070264,0.228211531,223,11
1403636676.513555527,7.473563349,-7.701056088,-1.214950154,0.788796360,-0.264913975,0.509542487,0.219060135,209,11
1403636676.563555479,7.516411201,-7.720478796,-1.220716659,0.790475845,-0.259229416,0.514460008,0.208035930,206,11
1403636676.613555431,7.560424800,-7.738776618,-1.221872366,0.791870292,-0.254334511,0.518654025,0.198124704,206,11
1403636676.663555384,7.608558947,-7.760175062,-1.223109584,0.792283374,-0.250631733,0.523022670,0.189520650,207,11
1403636676.713555574,7.653416730,-7.775211544,-1.223871751,0.792151154,-0.248108775,0.527237127,0.181547783,186,11
1403636676.763555527,7.701156299,-7.793280355,-1.224000510,0.791295413,-0.246522051,0.531569124,0.174678891,184,11
1403636676.813555479,7.750382238,-7.814155287,-1.227885508,0.790954729,-0.244999050,0.534971857,0.167842765,190,11
1403636676.863555431,7.789106241,-7.814216623,-1.235611527,0.791367702,-0.243460501,0.537686251,0.159240825,181,11
1403636676.913555384,7.837875350,-7.834862024,-1.233453335,0.791543480,-0.242086699,0.539286803,0.154992561,208,11
1403636676.963555574,7.885470687,-7.855995746,-1.232234643,0.791551916,-0.241270955,0.540569550,0.151718331,224,11
1403636677.013555527,7.920863398,-7.869133447,-1.236195751,0.791797930,-0.238951935,0.541366648,0.151261902,179,11
1403636677.063555479,7.966421884,-7.891284123,-1.244157580,0.793112017,-0.235304620,0.540006162,0.154914201,215,11
1403636677.113555431,8.001755673,-7.903844887,-1.257835125,0.793550424,-0.231914753,0.539554564,0.159292639,204,11
1403636677.163555384,8.046093106,-7.923650082,-1.272407401,0.794318962,-0.228996674,0.538480590,0.163268379,206,11
1403636677.213555574,8.087006156,-7.940625301,-1.283351721,0.794236371,-0.226652651,0.538565494,0.166626442,207,11
1403636677.263555527,8.131891443,-7.960012566,-1.299827025,0.792902651,-0.223056688,0.541094842,0.169609764,215,11
1403636677.313555479,8.171727751,-7.972181909,-1.308184783,0.791274612,-0.219877726,0.544595037,0.170160280,195,11
1403636677.363555431,8.200701973,-7.976853663,-1.308234791,0.788525748,-0.215577488,0.550077896,0.170785831,179,11
1403636677.413555384,8.240169432,-7.988573724,-1.316585786,0.786104922,-0.210078537,0.555947861,0.169788210,207,11
1403636677.463555574,8.277027195,-7.995508399,-1.322121881,0.783296047,-0.204695652,0.562656594,0.167226045,200,11
1403636677.513555527,8.311061533,-8.002880290,-1.324639482,0.781504085,-0.199425602,0.568476542,0.162219654,195,11
1403636677.563555479,8.350808802,-8.012699549,-1.329755568,0.780962826,-0.193811881,0.572783912,0.156373303,210,11
1403636677.613555431,8.382723743,-8.021204497,-1.333423008,0.781377801,-0.189234152,0.575870050,0.148367292,186,11
1403636677.663555384,8.419098824,-8.028395460,-1.335776614,0.783267351,-0.184231920,0.577089306,0.139709659,214,11
1403636677.713555574,8.450196687,-8.033451332,-1.338088887,0.785070037,-0.179395885,0.578507158,0.129659640,205,11
1403636677.763555527,8.483758516,-8.036659125,-1.337270213,0.788306567,-0.173139825,0.578132412,0.119826007,199,11
1403636677.813555479,8.513997315,-8.039819497,-1.335490967,0.793524246,-0.168476014,0.574989479,0.106405846,220,11
1403636677.863555431,8.544132151,-8.043218842,-1.333939693,0.797750190,-0.163350744,0.573108438,0.091966773,221,11
1403636677.913555384,8.571867370,-8.044400873,-1.330524337,0.802738529,-0.156423272,0.570006842,0.078960833,213,11
1403636677.963555574,8.588232804,-8.041603346,-1.324616807,0.806169540,-0.149059443,0.568608899,0.067497221,185,11
1403636678.013555527,8.618592361,-8.043808550,-1.324451774,0.809791834,-0.138854633,0.567000971,0.058876784,198,11
1403636678.063555479,8.642068911,-8.042300753,-1.321880515,0.811906118,-0.127942317,0.567206463,0.052115711,189,11
1403636678.113555431,8.663080966,-8.042661025,-1.320154840,0.813296182,-0.115784158,0.568057620,0.049536754,184,11
1403636678.163555384,8.688142461,-8.051275988,-1.324304746,0.814145062,-0.105333568,0.568933545,0.048859795,194,11
1403636678.213555574,8.714099031,-8.061715094,-1.329926794,0.815678540,-0.095019286,0.568455165,0.049985809,181,11
1403636678.263555527,8.739743475,-8.073071484,-1.336589029,0.816556410,-0.085667570,0.568713256,0.049617836,193,11
1403636678.313555479,8.763470758,-8.084737788,-1.342450326,0.817217126,-0.077230021,0.569193107,0.047020201,210,11
1403636678.363555431,8.782518205,-8.088723621,-1.334614858,0.817170380,-0.069882133,0.570729473,0.040211026,183,11
1403636678.413555384,8.802248091,-8.100118394,-1.332503031,0.818420512,-0.062978955,0.570111487,0.034560210,204,11
1403636678.463555574,8.825174367,-8.104288279,-1.329261526,0.818961171,-0.055136283,0.570442087,0.029298731,186,11
1403636678.513555527,8.846377477,-8.112208614,-1.320900554,0.820107737,-0.046861701,0.569784986,0.023923834,179,11
1403636678.563555479,8.864555714,-8.122139266,-1.312346466,0.820275157,-0.039063620,0.570350446,0.017974119,169,11
1403636678.613555431,8.890875899,-8.130985645,-1.304481787,0.820374448,-0.029443725,0.570948869,0.011671384,176,11
1403636678.663555384,8.906846734,-8.132724388,-1.288755919,0.820128125,-0.017021104,0.571881399,0.007197588,196,11
1403636678.713555574,8.916805943,-8.132677678,-1.271923165,0.819542591,-0.002319251,0.572994166,0.004716810,191,11
1403636678.763555527,8.936217568,-8.139459576,-1.267759991,0.819375213,0.013263405,0.573094128,0.003385530,201,11
1403636678.813555479,8.951762695,-8.146441124,-1.260479263,0.819885595,0.029017801,0.571783756,0.002985609,189,11
1403636678.863555431,8.971930203,-8.150430578,-1.257350401,0.819874505,0.043880241,0.570854012,0.002453187,185,11
1403636678.913555384,8.991556014,-8.153610549,-1.255091916,0.818791271,0.058524299,0.571093547,0.002814643,209,11
1403636678.963555574,9.005576924,-8.151084286,-1.255865180,-0.818442184,-0.070599339,-0.570233700,0.001285608,178,11
1403636679.013555527,9.023916101,-8.150877449,-1.256159650,-0.817070986,-0.079871121,-0.570930474,0.007348624,206,11
1403636679.063555479,9.041831741,-8.148515304,-1.255440062,-0.815166067,-0.087879364,-0.572312539,0.015487378,187,11
1403636679.113555431,9.058684663,-8.145058942,-1.256889111,-0.812938062,-0.094944722,-0.574023500,0.024783637,189,11
1403636679.163555384,9.069328743,-8.136664418,-1.261816934,-0.810611166,-0.100239292,-0.575679769,0.038136931,174,11
1403636679.213555574,9.081202487,-8.131111308,-1.267940424,-0.807548166,-0.104568268,-0.578009833,0.053254759,156,11
1403636679.263555527,9.094774398,-8.122805106,-1.276736773,-0.804478805,-0.109665485,-0.579828158,0.067724736,194,11
1403636679.313555479,9.110194153,-8.113453637,-1.285692142,-0.802395011,-0.115491837,-0.579862849,0.081135435,189,11
1403636679.363555431,9.121121869,-8.104070236,-1.288648649,-0.799803315,-0.123938066,-0.579985590,0.092578224,190,11
1403636679.413555384,9.130465045,-8.094771209,-1.289989072,-0.797654706,-0.132585670,-0.579393819,0.102326990,195,11
1403636679.463555574,9.138430740,-8.084834984,-1.287819495,-0.796118884,-0.142363727,-0.577486188,0.111521274,166,11
1403636679.513555527,9.146673412,-8.077023472,-1.286119350,-0.794150216,-0.152030263,-0.576190458,0.119234180,196,11
1403636679.563555479,9.146979405,-8.066786377,-1.283492426,-0.792816039,-0.160700848,-0.574322681,0.125584333,175,11
1403636679.613555431,9.153474651,-8.059885099,-1.278643029,-0.792100811,-0.167874438,-0.572056430,0.130942431,194,11
1403636679.663555384,9.160741810,-8.052185522,-1.273588673,-0.792372449,-0.174036643,-0.568852633,0.135143742,176,11
1403636679.713555574,9.167289178,-8.043561618,-1.267718926,-0.792096106,-0.179946946,-0.566668671,0.138164658,182,11
1403636679.763555527,9.171239312,-8.038786996,-1.256759897,-0.791589312,-0.184967868,-0.565718993,0.138330297,181,11
1403636679.813555479,9.177247814,-8.029961328,-1.247844463,-0.788714640,-0.188883819,-0.568098780,0.139699306,143,11
1403636679.863555431,9.180745160,-8.022265350,-1.232806644,-0.785360991,-0.192139543,-0.571583165,0.139939972,189,11
1403636679.913555384,9.181655322,-8.014986252,-1.212847369,-0.781259384,-0.196489997,-0.576183455,0.137978554,185,11
1403636679.963555574,9.181721433,-8.012269317,-1.193466081,-0.780439094,-0.199173283,-0.577136254,0.134753736,184,11
1403636680.013555527,9.181038039,-8.006764206,-1.172148369,-0.779095933,-0.203621259,-0.578865215,0.128308119,187,11
1403636680.063555479,9.176391563,-8.004659884,-1.149717273,-0.777894125,-0.207463364,-0.580630489,0.121276208,166,11
1403636680.113555431,9.171729954,-7.998383641,-1.127181578,-0.776143468,-0.212202499,-0.582743830,0.113934388,212,11
1403636680.163555384,9.165143729,-7.990833153,-1.104601583,-0.775607705,-0.214059386,-0.583597397,0.109660133,193,11
1403636680.213555574,9.155591527,-7.982092606,-1.083391308,-0.775693674,-0.213041211,-0.583778262,0.110071377,211,11
1403636680.263555527,9.145579711,-7.970646790,-1.063944398,-0.774249557,-0.211941829,-0.586081679,0.110120614,196,11
1403636680.313555479,9.134958760,-7.954911577,-1.047281511,-0.773839852,-0.213331541,-0.586833415,0.106245375,197,11
1403636680.363555431,9.119216108,-7.942464205,-1.031792361,-0.774668733,-0.216053869,-0.585863362,0.099865918,201,11
1403636680.413555384,9.110798095,-7.937231534,-1.024554931,-0.776948067,-0.216224693,-0.583967231,0.092632919,149,11
1403636680.463555574,9.092751951,-7.923027563,-1.013068378,-0.778928220,-0.217403984,-0.581564842,0.088253446,188,11
1403636680.513555527,9.074192497,-7.907404377,-1.004659518,-0.780520710,-0.217779624,-0.579777606,0.084955188,184,11
1403636680.563555479,9.055322077,-7.890555584,-0.997150096,-0.782509424,-0.215392671,-0.578019465,0.084726015,186,11
1403636680.613555431,9.031663282,-7.869471195,-0.989204408,-0.783372780,-0.212209384,-0.577658902,0.087203545,192,11
1403636680.663555384,9.012490020,-7.849493596,-0.989429859,-0.784352293,-0.209988848,-0.577023722,0.087976063,152,11
1403636680.713555574,8.986349477,-7.824220212,-0.983615739,-0.786174399,-0.206826580,-0.575246469,0.090796924,217,11
1403636680.763555527,8.958425399,-7.801798474,-0.986846822,-0.789063553,-0.200671818,-0.572300679,0.097884954,198,11
1403636680.813555479,8.930945320,-7.773094044,-0.983140657,-0.791466735,-0.194662744,-0.569679521,0.105603349,215,11
1403636680.863555431,8.904618931,-7.740720339,-0.980254290,-0.794268433,-0.187646997,-0.566323348,0.114909214,201,11
1403636680.913555384,8.876258789,-7.712557628,-0.982758004,-0.798298175,-0.180601002,-0.561066842,0.123722680,203,11
1403636680.963555574,8.847288032,-7.684968805,-0.986506494,-0.803422631,-0.176967445,-0.553705282,0.128860622,207,11
1403636681.013555527,8.826627008,-7.657475316,-0.995385525,-0.807959380,-0.176298801,-0.547171449,0.129320452,154,11
1403636681.063555479,8.803666682,-7.629046889,-1.003851414,-0.812371823,-0.176725479,-0.540694405,0.128334276,187,11
1403636681.113555431,8.781350103,-7.601853668,-1.014206708,-0.816075037,-0.178170154,-0.535231479,0.125714734,201,11
1403636681.163555384,8.758521296,-7.574246829,-1.022730469,-0.816038971,-0.179523981,-0.535297127,0.123727615,203,11
1403636681.213555574,8.737022924,-7.545187890,-1.029794697,-0.812446823,-0.182497852,-0.540514836,0.120284687,207,11
1403636681.263555527,8.718688434,-7.517374371,-1.033713552,-0.807254128,-0.184693083,-0.548089213,0.117590189,181,11
1403636681.313555479,8.697979707,-7.488284554,-1.038678502,-0.803066752,-0.185536303,-0.553997857,0.117245243,226,11
1403636681.363555431,8.678277070,-7.458335346,-1.040769475,-0.799161328,-0.185544913,-0.559541200,0.117592103,203,11
1403636681.413555384,8.659259723,-7.427836285,-1.041412939,-0.796490269,-0.185020747,-0.563074662,0.119655752,233,11
1403636681.463555574,8.638190266,-7.396290167,-1.040245281,-0.794747878,-0.183857047,-0.565322018,0.122406750,220,11
1403636681.513555527,8.618876095,-7.364733910,-1.035923239,-0.793507989,-0.183742893,-0.566681909,0.124319080,218,11
1403636681.563555479,8.597740887,-7.334757220,-1.030667620,-0.793133962,-0.184662560,-0.566766874,0.124954260,217,11
1403636681.613555431,8.586281553,-7.301770950,-1.020756752,-0.792778057,-0.187668418,-0.566599624,0.123484348,184,11
1403636681.663555384,8.570983187,-7.269462704,-1.016821528,-0.792350466,-0.189272242,-0.566735069,0.123158917,214,11
1403636681.713555574,8.549423103,-7.239906506,-1.015216456,-0.791861471,-0.190913573,-0.567007796,0.122513578,214,11
1403636681.763555527,8.528279265,-7.210658112,-1.014832154,-0.791333412,-0.191841178,-0.567471364,0.122330065,217,11
1403636681.813555479,8.506892424,-7.180828591,-1.015172921,-0.790917585,-0.192689272,-0.567751870,0.122384769,209,11
1403636681.863555431,8.483926596,-7.150262809,-1.017723260,-0.790429429,-0.192959272,-0.568152360,0.123251498,174,11
1403636681.913555384,8.459844786,-7.119529150,-1.016016587,-0.789564899,-0.193839887,-0.568919428,0.123871114,220,11
1403636681.963555574,8.438947715,-7.087743627,-1.015594462,-0.789498340,-0.193819304,-0.568647698,0.125563705,185,11
1403636682.013555527,8.414396140,-7.055681678,-1.011056138,-0.789834044,-0.193203369,-0.567954807,0.127522464,235,11
1403636682.063555479,8.387454280,-7.023643174,-1.003078428,-0.790366156,-0.192920439,-0.566995790,0.128913994,218,11
1403636682.113555431,8.362664935,-6.992348123,-0.994926562,-0.789807906,-0.193335139,-0.567425548,0.129820039,214,11
1403636682.163555384,8.337796191,-6.963069692,-0.985714254,-0.790152241,-0.192939744,-0.566764550,0.131193127,199,11
1403636682.213555574,8.309681262,-6.935724990,-0.977057119,-0.791899880,-0.192602262,-0.564322555,0.131677645,175,11
1403636682.263555527,8.282464627,-6.905928645,-0.972231885,-0.794330067,-0.191972910,-0.560846890,0.132804039,194,11
1403636682.313555479,8.255598476,-6.875780739,-0.969828846,-0.797767465,-0.192364651,-0.555968835,0.132142225,208,11
1403636682.363555431,8.230789016,-6.847147837,-0.965167070,-0.801362225,-0.191970858,-0.550951081,0.131979849,210,11
1403636682.413555384,8.206699448,-6.818164170,-0.962117373,-0.803410172,-0.191403958,-0.548262122,0.131549479,203,11
1403636682.463555574,8.181573106,-6.794497870,-0.956147711,-0.802548975,-0.190516436,-0.549859128,0.131428953,172,11
1403636682.513555527,8.155067806,-6.765060460,-0.954556707,-0.800191305,-0.190482179,-0.553668918,0.129850470,212,11
1403636682.563555479,8.131050460,-6.736214782,-0.951653975,-0.797706496,-0.190391368,-0.557652631,0.128214727,197,11
1403636682.613555431,8.105997100,-6.706641433,-0.951558046,-0.795406977,-0.190583562,-0.561157531,0.126916794,232,11
1403636682.663555384,8.080167331,-6.676600672,-0.952322503,-0.793452367,-0.190067403,-0.564343323,0.125794824,223,11
1403636682.713555574,8.054885766,-6.646937656,-0.952611480,-0.792515969,-0.188436542,-0.565964345,0.126863978,222,11
1403636682.763555527,8.030742094,-6.616856577,-0.950331351,-0.791424830,-0.186753570,-0.567823369,0.127853291,208,11
1403636682.813555479,8.010209101,-6.585955935,-0.947352043,-0.790101477,-0.185252334,-0.570174285,0.127759592,185,11
1403636682.863555431,7.982323701,-6.556587285,-0.946534718,-0.789027363,-0.185892765,-0.571834017,0.126037916,196,11
1403636682.913555384,7.959507356,-6.525954162,-0.944441368,-0.788781127,-0.186701740,-0.572660058,0.122585694,200,11
1403636682.963555574,7.932603204,-6.497428745,-0.941110834,-0.788708718,-0.187730169,-0.572918032,0.120253363,203,11
1403636683.013555527,7.903882661,-6.469514947,-0.934624605,-0.788797202,-0.189585589,-0.572819367,0.117193221,200,11
1403636683.063555479,7.881410196,-6.439301254,-0.930085975,-0.788283794,-0.189270253,-0.573585928,0.117407900,170,11
1403636683.113555431,7.847894729,-6.411110332,-0.923714803,-0.788868575,-0.189462905,-0.572602157,0.117970119,189,11
1403636683.163555384,7.817702251,-6.379592840,-0.919467005,-0.789147066,-0.188694337,-0.572122947,0.119652368,176,11
1403636683.213555574,7.786064111,-6.350062848,-0.921520382,-0.790710477,-0.187766650,-0.569834850,0.121691704,208,11
1403636683.263555527,7.754013636,-6.318902663,-0.923968148,-0.791197443,-0.187466631,-0.568958101,0.123083503,201,11
1403636683.313555479,7.720498189,-6.288295675,-0.926746681,-0.791536661,-0.187282582,-0.568120922,0.125034262,202,11
1403636683.363555431,7.691992048,-6.256150367,-0.927280322,-0.792218882,-0.186974415,-0.566855501,0.126904105,192,11
1403636683.413555384,7.658743556,-6.224573543,-0.927337295,-0.792323625,-0.187168319,-0.566397106,0.128006295,193,11
1403636683.463555574,7.627397068,-6.193106236,-0.931211025,-0.792084300,-0.187724503,-0.566187729,0.129589461,209,11
1403636683.513555527,7.593528665,-6.161383511,-0.936593909,-0.792254802,-0.188608362,-0.565656486,0.129583777,203,11
1403636683.563555479,7.563693630,-6.131763658,-0.944580956,-0.792179728,-0.188721957,-0.565510008,0.130513345,202,11
1403636683.613555431,7.533899513,-6.101892830,-0.953710442,-0.793012023,-0.189192990,-0.564166543,0.130591180,201,11
1403636683.663555384,7.498746092,-6.074745294,-0.961096491,-0.794593324,-0.189343666,-0.561784875,0.131027406,175,11
1403636683.713555574,7.455463530,-6.048287212,-0.965830012,-0.795904169,-0.190082137,-0.559560024,0.131521538,189,11
1403636683.763555527,7.421572256,-6.019569800,-0.969840361,-0.797488025,-0.189588354,-0.557190676,0.132693847,178,11
1403636683.813555479,7.388393832,-5.989974400,-0.974827633,-0.799137564,-0.190722003,-0.554534213,0.132272741,208,11
1403636683.863555431,7.354000326,-5.961121201,-0.975961155,-0.800564959,-0.190203818,-0.552048954,0.134759814,197,11
1403636683.913555384,7.321755722,-5.932226992,-0.976936409,-0.800482190,-0.192161886,-0.551838885,0.133326357,220,11
1403636683.963555574,7.289942094,-5.907127591,-0.973617599,-0.800296973,-0.192046063,-0.551839278,0.134597460,193,11
1403636684.013555527,7.260977933,-5.879897960,-0.968235953,-0.799133908,-0.192145303,-0.553191722,0.135809053,187,11
1403636684.063555479,7.229701976,-5.852025561,-0.962064311,-0.797574565,-0.192595436,-0.555004497,0.136937281,205,11
1403636684.113555431,7.198742799,-5.825611826,-0.952867186,-0.796309360,-0.193271584,-0.556481655,0.137352344,202,11
1403636684.163555384,7.165374941,-5.798496642,-0.946030724,-0.795243641,-0.194558130,-0.557419160,0.137907817,201,11
1403636684.213555574,7.130669321,-5.772814543,-0.936490204,-0.794178845,-0.195095679,-0.558448232,0.139115819,203,11
1403636684.263555527,7.092674521,-5.746716469,-0.934786447,-0.793139988,-0.194934068,-0.559652194,0.140424679,179,11
1403636684.313555479,7.059770257,-5.720845109,-0.921617826,-0.791662555,-0.195791568,-0.561378887,0.140676247,193,11
1403636684.363555431,7.031256817,-5.694662457,-0.916888976,-0.790239688,-0.196164428,-0.563005930,0.141651248,199,11
1403636684.413555384,7.001096792,-5.668550268,-0.907798460,-0.789383483,-0.196663548,-0.563853845,0.142358727,228,11
1403636684.463555574,6.968655860,-5.637439063,-0.916942894,-0.789013930,-0.196340191,-0.564198490,0.143483835,200,11
1403636684.513555527,6.938204683,-5.611927032,-0.911761535,-0.788833815,-0.195150386,-0.564079612,0.146532354,224,11
1403636684.563555479,6.908002417,-5.589718501,-0.910470876,-0.788191371,-0.194210274,-0.564853690,0.148246555,199,11
1403636684.613555431,6.879031556,-5.569147505,-0.910420874,-0.788020158,-0.193177038,-0.564896544,0.150328827,191,11
1403636684.663555384,6.846542055,-5.548282333,-0.909967402,-0.787834351,-0.193005103,-0.564940975,0.151353101,212,11
1403636684.713555574,6.814365068,-5.526896380,-0.909855261,-0.787298006,-0.192748697,-0.565583110,0.152070824,213,11
1403636684.763555527,6.782865868,-5.508462870,-0.912058771,-0.787060064,-0.193274682,-0.565775133,0.151920542,208,11
1403636684.813555479,6.751666060,-5.489350369,-0.916561435,-0.787013066,-0.193154563,-0.565840850,0.152071957,210,11
1403636684.863555431,6.718016868,-5.475966228,-0.922722085,-0.786615022,-0.194291761,-0.566285919,0.151022438,186,11
1403636684.913555384,6.689634250,-5.461043566,-0.928626173,-0.785838125,-0.196108446,-0.567466852,0.148260888,184,11
1403636684.963555574,6.658879595,-5.450343756,-0.936745600,-0.785354206,-0.200034412,-0.568058652,0.143228393,187,11
1403636685.013555527,6.625427908,-5.435994884,-0.942078444,-0.785568133,-0.202017326,-0.567989597,0.139497404,217,11
1403636685.063555479,6.601174230,-5.423686104,-0.950951543,-0.786014470,-0.202929866,-0.567682659,0.136883603,192,11
1403636685.113555431,6.568036674,-5.409486436,-0.953236565,-0.787254518,-0.203064802,-0.566263661,0.135427014,216,11
1403636685.163555384,6.540449499,-5.395524759,-0.956910223,-0.789046282,-0.202026966,-0.564138452,0.135421110,192,11
1403636685.213555574,6.506230391,-5.384642503,-0.959300820,-0.790447446,-0.202507537,-0.562768939,0.132191734,185,11
1403636685.263555527,6.468020819,-5.371246204,-0.958105661,-0.791450537,-0.203129798,-0.561981247,0.128535642,207,11
1403636685.313555479,6.433637703,-5.357613210,-0.955620238,-0.792116064,-0.203201841,-0.561620421,0.125871585,208,11
1403636685.363555431,6.396620507,-5.341361900,-0.952951404,-0.792600948,-0.203489589,-0.561359096,0.123497733,202,11
1403636685.413555384,6.362245450,-5.324619912,-0.949162180,-0.792848823,-0.202088238,-0.561614887,0.123043922,205,11
1403636685.463555574,6.333335071,-5.300510518,-0.946948679,-0.793619239,-0.200187784,-0.561029790,0.123850428,180,11
1403636685.513555527,6.294713514,-5.278328988,-0.943471875,-0.794017680,-0.197958726,-0.561085640,0.124624120,181,11
1403636685.563555479,6.258941069,-5.260218750,-0.944393057,-0.794568589,-0.196629325,-0.560658275,0.125139779,184,11
1403636685.613555431,6.223914624,-5.242649473,-0.947383857,-0.794685161,-0.194751016,-0.560791903,0.126727973,213,11
1403636685.663555384,6.187768752,-5.226200277,-0.950056996,-0.793735939,-0.194602023,-0.562388176,0.125828656,189,11
1403636685.713555574,6.152536513,-5.208701693,-0.953602430,-0.793083130,-0.194906454,-0.563394204,0.124970374,213,11
1403636685.763555527,6.116641645,-5.189866886,-0.960197828,-0.792679523,-0.195310500,-0.563990027,0.124210432,188,11
1403636685.813555479,6.080618124,-5.171416359,-0.969444256,-0.791470719,-0.196236165,-0.565744195,0.122470295,180,11
1403636685.863555431,6.041221399,-5.153922801,-0.977277789,-0.790359028,-0.197474624,-0.567318738,0.120357088,200,11
1403636685.913555384,6.005819225,-5.135729646,-0.985811849,-0.790670430,-0.196866342,-0.566898946,0.121282727,199,11
1403636685.963555574,5.967715274,-5.118298505,-0.997989556,-0.791533778,-0.195362280,-0.565613827,0.124051827,194,11
1403636686.013555527,5.926753827,-5.102129336,-1.009504847,-0.793150253,-0.193820772,-0.563391054,0.126240663,218,11
1403636686.063555479,5.887929013,-5.080115239,-1.020022285,-0.794948208,-0.192393164,-0.560765446,0.128780168,192,11
1403636686.113555431,5.843413325,-5.056503116,-1.024112857,-0.796242976,-0.190501632,-0.559108644,0.130781405,196,11
1403636686.163555384,5.806276188,-5.036494453,-1.025719934,-0.796322286,-0.189899741,-0.559075955,0.131312533,194,11
1403636686.213555574,5.768962937,-5.017280871,-1.027643067,-0.797031603,-0.189227677,-0.558169337,0.131835129,223,11
1403636686.263555527,5.734687951,-4.995030630,-1.026997838,-0.798097772,-0.188279968,-0.556762560,0.132687800,198,11
1403636686.313555479,5.698962658,-4.975575723,-1.024657018,-0.798856262,-0.187976741,-0.555788068,0.132638761,222,11
1403636686.363555431,5.667219441,-4.953812780,-1.018366536,-0.799454177,-0.187674413,-0.554864510,0.133329322,198,11
1403636686.413555384,5.634316062,-4.932989118,-1.009789062,-0.799878822,-0.188086809,-0.554242408,0.132787708,190,11
1403636686.463555574,5.599093552,-4.913779468,-1.005948830,-0.800672192,-0.187733674,-0.553083027,0.133338945,212,11
1403636686.513555527,5.565564689,-4.894172893,-1.002012755,-0.801515991,-0.187446205,-0.551795427,0.134006877,211,11
1403636686.563555479,5.550775033,-4.864262778,-1.011245269,-0.801611296,-0.187442950,-0.551975455,0.132693510,187,11
1403636686.613555431,5.519640961,-4.844718826,-1.013419959,-0.802306457,-0.188669924,-0.550732672,0.131914871,212,11
1403636686.663555384,5.490196040,-4.824059429,-1.016848126,-0.802169585,-0.189104490,-0.550878282,0.131516412,185,11
1403636686.713555574,5.464076855,-4.802029580,-1.019687037,-0.801971467,-0.189094116,-0.551143592,0.131627968,193,11
1403636686.763555527,5.436661310,-4.781054069,-1.022899667,-0.801016230,-0.189011890,-0.552367323,0.132430532,189,11
1403636686.813555479,5.407641950,-4.760122268,-1.026433742,-0.799705464,-0.188873169,-0.554283836,0.132542543,215,11
1403636686.863555431,5.380188385,-4.740257896,-1.028645687,-0.798899845,-0.188573096,-0.555243220,0.133806543,192,11
1403636686.913555384,5.351629677,-4.720262190,-1.030134551,-0.798146507,-0.188095151,-0.556186432,0.135051915,215,11
1403636686.963555574,5.324816744,-4.701351249,-1.029259480,-0.797279336,-0.188039305,-0.557262045,0.135815660,191,11
1403636687.013555527,5.299587895,-4.683590505,-1.023849433,-0.797005900,-0.187949288,-0.557453848,0.136754774,179,11
1403636687.063555479,5.272610079,-4.664254303,-1.019555003,-0.796647210,-0.187321170,-0.558053639,0.137259382,217,11
1403636687.113555431,5.246053068,-4.645861030,-1.014946755,-0.796343880,-0.187138273,-0.558346078,0.138077326,216,11
1403636687.163555384,5.224542235,-4.634832165,-1.007368501,-0.796058534,-0.187558754,-0.558499203,0.138532181,193,11
1403636687.213555574,5.195567810,-4.618470855,-1.002699482,-0.794956156,-0.187858320,-0.559987215,0.138449560,213,11
1403636687.263555527,5.168708836,-4.603438829,-1.000913554,-0.794453143,-0.188396420,-0.560544472,0.138350597,186,11
1403636687.313555479,5.147622150,-4.590107189,-1.000512992,-0.793834994,-0.188852998,-0.561166410,0.138754484,211,11
1403636687.363555431,5.123648994,-4.575926366,-0.996614385,-0.792930920,-0.189335825,-0.562489519,0.137905918,203,11
1403636687.413555384,5.097766758,-4.560394243,-0.995010802,-0.792034179,-0.190054908,-0.563592095,0.137567952,227,11
1403636687.463555574,5.077891610,-4.546330320,-0.995103964,-0.791179281,-0.190639299,-0.564639015,0.137385532,201,11
1403636687.513555527,5.051669425,-4.532800502,-0.995048930,-0.790697604,-0.190819912,-0.565221091,0.137514284,218,11
1403636687.563555479,5.026871847,-4.522651688,-1.004846736,-0.790805353,-0.190380151,-0.564851963,0.139012774,214,11
1403636687.613555431,5.005421830,-4.520036346,-1.016633165,-0.790288766,-0.190189414,-0.565251592,0.140578417,196,11
1403636687.663555384,4.977879550,-4.508703064,-1.023075882,-0.790074555,-0.190240780,-0.565222958,0.141822602,223,11
1403636687.713555574,4.958183153,-4.496349962,-1.032367830,-0.789219295,-0.189738867,-0.566290188,0.142994719,217,11
1403636687.763555527,4.932799354,-4.483684554,-1.045278873,-0.789973707,-0.189415613,-0.565120473,0.143882312,203,11
1403636687.813555479,4.906751638,-4.472606701,-1.058698666,-0.790079637,-0.190003691,-0.564903205,0.143377595,216,11
1403636687.863555431,4.907366513,-4.453987031,-1.061275308,-0.790057804,-0.189801196,-0.564990668,0.143421470,175,11
1403636687.913555384,4.881578494,-4.444279456,-1.077545307,-0.790516219,-0.190807768,-0.564324980,0.142175317,194,11
1403636687.963555574,4.858793283,-4.433502583,-1.095462141,-0.790059866,-0.192783381,-0.564738589,0.140393387,204,11
1403636688.013555527,4.834037052,-4.423916698,-1.111713848,-0.789431733,-0.193887086,-0.565691749,0.138557504,228,11
1403636688.063555479,4.810071523,-4.413911911,-1.129937064,-0.788992055,-0.196227680,-0.566173914,0.135769411,230,11
1403636688.113555431,4.787454983,-4.402298997,-1.144273170,-0.789030357,-0.197547343,-0.566289051,0.133127212,233,11
1403636688.163555384,4.758794631,-4.395765487,-1.157997293,-0.788672809,-0.198181706,-0.566719633,0.132469125,241,11
1403636688.213555574,4.731313303,-4.385799445,-1.171241466,-0.789059730,-0.197541729,-0.566407870,0.132454265,221,11
1403636688.263555527,4.702067655,-4.376122994,-1.181322903,-0.788711362,-0.197166239,-0.566822941,0.133310219,242,11
1403636688.313555479,4.674103768,-4.365720028,-1.190991953,-0.789523203,-0.195738446,-0.565629350,0.135657696,261,11
1403636688.363555431,4.643389651,-4.355492775,-1.198884209,-0.790109216,-0.194178141,-0.564904129,0.137497640,252,11
1403636688.413555384,4.611667652,-4.345528545,-1.206959483,-0.790996980,-0.194071846,-0.563590103,0.137935102,261,11
1403636688.463555574,4.580658271,-4.350943441,-1.221562377,-0.790174885,-0.196439457,-0.564104814,0.137189466,221,11
1403636688.513555527,4.550168284,-4.343035604,-1.233207139,-0.790670140,-0.198400481,-0.563224622,0.135114782,215,11
1403636688.563555479,4.518850087,-4.333378092,-1.244952313,-0.790048557,-0.201099830,-0.564069289,0.131179163,238,11
1403636688.613555431,4.488120846,-4.323440016,-1.257895502,-0.789821564,-0.204120136,-0.564237145,0.127095674,256,11
1403636688.663555384,4.458394997,-4.311167908,-1.273101819,-0.789644929,-0.206165564,-0.564271544,0.124716763,245,11
1403636688.713555574,4.437602791,-4.299212461,-1.283414745,-0.789044563,-0.207437522,-0.564857435,0.123751488,220,11
1403636688.763555527,4.405560305,-4.290550197,-1.298867461,-0.789628391,-0.208709279,-0.563684117,0.123238216,244,11
1403636688.813555479,4.377129798,-4.277252064,-1.311120433,-0.789615646,-0.208538177,-0.563321443,0.125251400,217,11
1403636688.863555431,4.354015833,-4.259186787,-1.323562078,-0.790059721,-0.210475682,-0.561795881,0.126059563,244,11
1403636688.913555384,4.321299753,-4.244294199,-1.334953748,-0.790687521,-0.212126985,-0.559511248,0.129470264,244,11
1403636688.963555574,4.289130544,-4.229067632,-1.344616509,-0.791363067,-0.213561684,-0.557143763,0.133141769,222,11
1403636689.013555527,4.257296480,-4.212826793,-1.352173448,-0.791619669,-0.214520413,-0.555386632,0.137349849,249,11
1403636689.063555479,4.225595568,-4.204510993,-1.358462965,-0.792158484,-0.216081684,-0.552834920,0.142011243,212,11
1403636689.113555431,4.220502792,-4.194936927,-1.349097730,-0.792618409,-0.217816793,-0.550188743,0.146983839,196,11
1403636689.163555384,4.191482932,-4.179560463,-1.349387280,-0.793219541,-0.219390791,-0.547676813,0.150733373,226,11
1403636689.213555574,4.163498672,-4.161126919,-1.347990039,-0.793440135,-0.221343655,-0.545920345,0.153070952,242,11
1403636689.263555527,4.134359716,-4.145018939,-1.342633865,-0.793928626,-0.222556003,-0.543974297,0.155685985,229,11
1403636689.313555479,4.115025157,-4.124073205,-1.331507427,-0.794439536,-0.224169768,-0.542096215,0.157306812,213,11
1403636689.363555431,4.089680867,-4.106418350,-1.319730225,-0.793993147,-0.225450229,-0.541797597,0.158752769,217,11
1403636689.413555384,4.066429101,-4.090495139,-1.307368390,-0.793202860,-0.227541261,-0.541859827,0.159505876,194,11
1403636689.463555574,4.042488235,-4.069529939,-1.296534016,-0.792788610,-0.227969545,-0.541895981,0.160825534,233,11
1403636689.513555527,4.018991537,-4.052600120,-1.280687804,-0.793005634,-0.228844392,-0.540994058,0.161547941,236,11
1403636689.563555479,3.996393046,-4.034982311,-1.270877152,-0.793846750,-0.229444480,-0.539169380,0.162662067,201,11
1403636689.613555431,3.973137098,-4.018599639,-1.253900334,-0.795243100,-0.229559698,-0.536835507,0.163396436,242,11
1403636689.663555384,3.949908696,-3.998733664,-1.243599086,-0.797197192,-0.228331525,-0.533903523,0.165191948,212,11
1403636689.713555574,3.964922881,-3.957366214,-1.232578373,-0.800430197,-0.226961114,-0.528946479,0.167379134,188,11
1403636689.763555527,3.949980984,-3.938796323,-1.220563115,-0.803381328,-0.223948648,-0.524761925,0.170441682,210,11
1403636689.813555479,3.936109086,-3.920333262,-1.210361261,-0.805777778,-0.221635795,-0.521235248,0.172955378,248,11
1403636689.863555431,3.930174163,-3.896789361,-1.204216641,-0.805671022,-0.218926516,-0.521686021,0.175525156,239,11
1403636689.913555384,3.925253343,-3.877134755,-1.196156639,-0.806163750,-0.213797365,-0.521157398,0.181068116,234,11
1403636689.963555574,3.919517406,-3.859793130,-1.188509699,-0.805062330,-0.210669707,-0.523131818,0.183918517,227,11
1403636690.013555527,3.937145448,-3.832596260,-1.176379464,-0.805036841,-0.208934473,-0.523993289,0.183556812,196,11
1403636690.063555479,3.937714964,-3.814245022,-1.176783446,-0.804966604,-0.208896878,-0.524711645,0.181847602,231,11
1403636690.113555431,3.937181053,-3.799924354,-1.173996785,-0.805080633,-0.212112547,-0.524955994,0.176846393,236,11
1403636690.163555384,3.946221888,-3.778362196,-1.165598649,-0.805341995,-0.214672937,-0.525518125,0.170793741,199,11
1403636690.213555574,3.950950541,-3.763856429,-1.159872358,-0.805559272,-0.217427802,-0.525670352,0.165741036,230,11
1403636690.263555527,3.957704710,-3.749791922,-1.153452194,-0.804813978,-0.218421369,-0.527024530,0.163742819,208,11
1403636690.313555479,3.967825632,-3.733330578,-1.146126818,-0.804207378,-0.219941664,-0.528087920,0.161243005,192,11
1403636690.363555431,3.975552851,-3.719095998,-1.137062679,-0.803417882,-0.221307998,-0.529301794,0.159317566,189,11
1403636690.413555384,3.988166412,-3.702325363,-1.129493846,-0.802987521,-0.221288745,-0.530146606,0.158703840,247,11
1403636690.463555574,4.000693200,-3.686570692,-1.119687656,-0.802411288,-0.220737299,-0.531032571,0.159422640,239,11
1403636690.513555527,4.016534240,-3.668628778,-1.113691827,-0.801881843,-0.218119101,-0.531834902,0.162976087,230,11
1403636690.563555479,4.032849170,-3.652342383,-1.107627717,-0.801463091,-0.215819534,-0.532442969,0.166082290,225,11
1403636690.613555431,4.051689991,-3.633915465,-1.107893503,-0.802060890,-0.211599763,-0.531595626,0.171259917,196,11
1403636690.663555384,4.070760290,-3.619388487,-1.109521550,-0.801766861,-0.208056625,-0.531884384,0.176015179,227,11
1403636690.713555574,4.090915591,-3.604279707,-1.109406781,-0.800231355,-0.202510863,-0.533549506,0.184239118,231,11
1403636690.763555527,4.113713266,-3.587153680,-1.114446377,-0.798619674,-0.195453403,-0.535464047,0.193087641,217,11
1403636690.813555479,4.136745110,-3.575215095,-1.122000948,-0.796329102,-0.190244738,-0.538089047,0.200317444,244,11
1403636690.863555431,4.161656145,-3.565551387,-1.133430029,-0.793635153,-0.186413339,-0.541353430,0.205742010,219,11
1403636690.913555384,4.186755468,-3.562463838,-1.150530803,-0.790063399,-0.183086171,-0.545883451,0.210453170,206,11
1403636690.963555574,4.210484611,-3.561324068,-1.158321303,-0.785123204,-0.179515520,-0.552140577,0.215630510,189,11
1403636691.013555527,4.237730101,-3.562688742,-1.166762232,-0.779289475,-0.176869820,-0.559590334,0.219735384,229,11
1403636691.063555479,4.266872094,-3.566185754,-1.172841054,-0.773864493,-0.175384728,-0.566587545,0.222154221,244,11
1403636691.113555431,4.292333942,-3.580799932,-1.177075476,-0.770014470,-0.176019895,-0.571382419,0.222748388,232,11
1403636691.163555384,4.319093534,-3.594699877,-1.178350585,-0.765057198,-0.178198083,-0.578340934,0.220124263,224,11
1403636691.213555574,4.344892638,-3.613258950,-1.179358698,-0.760690270,-0.183483276,-0.584743878,0.213913061,220,11
1403636691.263555527,4.368391627,-3.635861892,-1.175659314,-0.757161208,-0.190688841,-0.590273871,0.204747231,238,11
1403636691.313555479,4.385857356,-3.666131790,-1.169106904,-0.755219917,-0.197868826,-0.593370308,0.195965516,232,11
1403636691.363555431,4.404855508,-3.694032293,-1.162377307,-0.755266202,-0.203755434,-0.593778120,0.188372587,230,11
1403636691.413555384,4.422553052,-3.723576553,-1.155991493,-0.759131433,-0.208637307,-0.588565429,0.183795207,233,11
1403636691.463555574,4.437346664,-3.756570564,-1.147681443,-0.764294643,-0.212425334,-0.581476746,0.180593383,232,11
1403636691.513555527,4.452344486,-3.789235681,-1.135196375,-0.768835266,-0.214228953,-0.574860334,0.180371521,216,11
1403636691.563555479,4.465727192,-3.822654642,-1.121348784,-0.771788192,-0.215701270,-0.570421178,0.180098940,227,11
1403636691.613555431,4.482792551,-3.854299117,-1.100125587,-0.774577927,-0.218018662,-0.566255036,0.178471657,248,11
1403636691.663555384,4.494621538,-3.890444289,-1.080498545,-0.775662259,-0.222322328,-0.564638801,0.173504662,262,11
1403636691.713555574,4.506417566,-3.926613980,-1.060765480,-0.776533478,-0.226712911,-0.563266416,0.168309115,272,11
1403636691.763555527,4.519752533,-3.961441692,-1.039820959,-0.776359240,-0.230143973,-0.563439578,0.163816738,251,11
1403636691.813555479,4.531646328,-3.997981608,-1.020861393,-0.776741057,-0.230936922,-0.562904247,0.162727617,247,11
1403636691.863555431,4.541911664,-4.034205507,-1.004978641,-0.777913307,-0.230541550,-0.561147613,0.163752363,274,11
1403636691.913555384,4.549949975,-4.078581324,-0.993250445,-0.777575814,-0.229360697,-0.561288937,0.166506016,260,11
1403636691.963555574,4.558869638,-4.117114244,-0.981448295,-0.775885597,-0.226726783,-0.563624132,0.170071586,275,11
1403636692.013555527,4.567977337,-4.152869576,-0.969106010,-0.773188034,-0.224933263,-0.567352157,0.172327656,278,11
1403636692.063555479,4.579151884,-4.187426686,-0.959672384,-0.773300751,-0.222503596,-0.567542985,0.174336050,274,11
1403636692.113555431,4.581714682,-4.235531103,-0.953255090,-0.773982542,-0.223568445,-0.566606938,0.172987726,245,11
1403636692.163555384,4.594348519,-4.269938827,-0.942764586,-0.774167753,-0.226332889,-0.566966935,0.167290791,248,11
1403636692.213555574,4.604530148,-4.305186998,-0.931918168,-0.774919223,-0.228020123,-0.566287879,0.163783578,243,11
1403636692.263555527,4.609345068,-4.346507396,-0.923588262,-0.775844999,-0.228573819,-0.565185603,0.162430851,263,11
1403636692.313555479,4.612968362,-4.382951009,-0.912202207,-0.776453832,-0.227959162,-0.564523694,0.162687020,260,11
1403636692.363555431,4.615872155,-4.422128660,-0.899338845,-0.777358149,-0.226168620,-0.563349498,0.164922429,264,11
1403636692.413555384,4.610427756,-4.470749897,-0.886314146,-0.777762638,-0.227511014,-0.562303569,0.164738320,237,11
1403636692.463555574,4.611971029,-4.506676650,-0.863782412,-0.778308075,-0.228858302,-0.561982223,0.161357987,262,11
1403636692.513555527,4.616532867,-4.543545838,-0.844144549,-0.777614834,-0.230868555,-0.563317347,0.157125577,236,11
1403636692.563555479,4.617070933,-4.584475786,-0.823844167,-0.777243610,-0.230792840,-0.563897076,0.156994025,237,11
1403636692.613555431,4.621168447,-4.612532179,-0.799393255,-0.777843701,-0.229950484,-0.563256724,0.157555749,227,11
1403636692.663555384,4.620382291,-4.650145739,-0.774958994,-0.778232787,-0.229316655,-0.562952992,0.157643678,234,11
1403636692.713555574,4.622254452,-4.684371154,-0.751855475,-0.779285820,-0.230709924,-0.561755110,0.154653607,224,11
1403636692.763555527,4.619330831,-4.723381296,-0.728519520,-0.780262312,-0.235603032,-0.560307384,0.147436669,227,11
1403636692.813555479,4.613739220,-4.757111427,-0.706342748,-0.781205400,-0.241702176,-0.558606716,0.138768579,223,11
1403636692.863555431,4.611100493,-4.790790302,-0.684807183,-0.781650374,-0.245675355,-0.557789308,0.132428849,235,11
1403636692.913555384,4.608319465,-4.817617504,-0.666931511,-0.782294151,-0.248890843,-0.556510703,0.127925947,218,11
1403636692.963555574,4.605744270,-4.846162209,-0.649242489,-0.783177655,-0.249057851,-0.555210148,0.127846156,250,11
1403636693.013555527,4.601432207,-4.869476836,-0.630345100,-0.784115092,-0.248554602,-0.553331691,0.131179923,225,11
1403636693.063555479,4.599211095,-4.895271655,-0.613196606,-0.784048100,-0.246301249,-0.553529579,0.134941758,251,11
1403636693.113555431,4.599806625,-4.906742271,-0.594507252,-0.783568381,-0.243665088,-0.554607863,0.138050847,243,11
1403636693.163555384,4.596548074,-4.926702274,-0.580704554,-0.783099939,-0.241970481,-0.554998478,0.142061470,246,11
1403636693.213555574,4.592856275,-4.947093412,-0.570249593,-0.784183023,-0.241465396,-0.553185492,0.144004378,237,11
1403636693.263555527,4.589493012,-4.962179288,-0.559841061,-0.786268508,-0.241274001,-0.549672060,0.146387553,238,11
1403636693.313555479,4.586494293,-4.974497521,-0.550079123,-0.789343235,-0.240244010,-0.545002883,0.148969567,232,11
1403636693.363555431,4.591773809,-4.983025854,-0.543049020,-0.792000835,-0.239575145,-0.540742560,0.151446067,221,11
1403636693.413555384,4.600750804,-4.974922183,-0.528029165,-0.794984280,-0.237935767,-0.536733503,0.152655537,227,11
1403636693.463555574,4.597733489,-4.990247530,-0.520393488,-0.797794431,-0.237566953,-0.532238415,0.154299247,245,11
1403636693.513555527,4.610525432,-4.999249125,-0.505673839,-0.801701166,-0.237130381,-0.526214358,0.155379770,213,11
1403636693.563555479,4.610687439,-5.009385728,-0.501952375,-0.805715978,-0.237464319,-0.519967813,0.155131990,243,11
1403636693.613555431,4.620344408,-5.011588638,-0.493622134,-0.807971246,-0.238504775,-0.516198223,0.154393437,218,11
1403636693.663555384,4.628709508,-5.018795684,-0.487798731,-0.809835153,-0.238872082,-0.513327655,0.153629008,245,11
1403636693.713555574,4.641556700,-5.015906781,-0.480779143,-0.809466887,-0.238361276,-0.514029798,0.154015022,237,11
1403636693.763555527,4.653407270,-5.017243571,-0.477729891,-0.806786330,-0.238240614,-0.517958074,0.155102100,240,11
1403636693.813555479,4.664610296,-5.024374455,-0.467122165,-0.803306664,-0.238453732,-0.523104586,0.155562892,230,11
1403636693.863555431,4.677628401,-5.024784373,-0.464000723,-0.799391321,-0.237766221,-0.528951917,0.157005125,229,11
1403636693.913555384,4.692095307,-5.029755472,-0.455975016,-0.794419714,-0.236476728,-0.536085390,0.159964151,225,11
1403636693.963555574,4.704740879,-5.032729315,-0.449538017,-0.789959295,-0.236243230,-0.542575073,0.160517097,214,11
1403636694.013555527,4.728180607,-5.024350145,-0.442741459,-0.785725485,-0.234563554,-0.548677353,0.162998661,219,11
1403636694.063555479,4.743438931,-5.025338316,-0.444867350,-0.782052779,-0.234109491,-0.553776409,0.164066715,229,11
1403636694.113555431,4.759940849,-5.030124148,-0.438568899,-0.780341904,-0.234413594,-0.555711339,0.165232224,222,11
1403636694.163555384,4.774581313,-5.031778628,-0.439955351,-0.778529955,-0.234302484,-0.558115721,0.165832135,248,11
1403636694.213555574,4.791565828,-5.030158083,-0.435514150,-0.778145109,-0.233620160,-0.558820627,0.166226704,221,11
1403636694.263555527,4.807044966,-5.031446206,-0.427667735,-0.778458092,-0.234769431,-0.558239678,0.165090204,247,11
1403636694.313555479,4.821066956,-5.029537028,-0.420766975,-0.778913351,-0.235536328,-0.557329648,0.164925113,243,11
1403636694.363555431,4.834776751,-5.031399902,-0.415801947,-0.780641583,-0.234573870,-0.555108369,0.165615571,242,11
1403636694.413555384,4.847721083,-5.029531776,-0.411105558,-0.782668289,-0.235904099,-0.552032252,0.164438433,235,11
1403636694.463555574,4.859665441,-5.029221559,-0.405612502,-0.784074192,-0.235989303,-0.550231862,0.163650874,231,11
1403636694.513555527,4.869506535,-5.035659138,-0.398649690,-0.784934755,-0.236340998,-0.549289111,0.162178408,226,11
1403636694.563555479,4.880423913,-5.038160331,-0.393656730,-0.785549883,-0.236562345,-0.548376323,0.161966188,222,11
1403636694.613555431,4.894146786,-5.035379133,-0.388792049,-0.786187950,-0.236248673,-0.547832300,0.161167129,223,11
1403636694.663555384,4.903349661,-5.044131012,-0.385705424,-0.786176936,-0.236481569,-0.547868099,0.160757083,216,11
1403636694.713555574,4.917576931,-5.039400174,-0.388697479,-0.785653795,-0.236178177,-0.548940298,0.160101636,213,11
1403636694.763555527,4.929301338,-5.039792725,-0.389732141,-0.784943532,-0.234079204,-0.550269452,0.162092903,238,11
1403636694.813555479,4.941081674,-5.040651825,-0.394107506,-0.784364342,-0.232997067,-0.551580319,0.162000299,211,11
1403636694.863555431,4.954676831,-5.039399776,-0.396934891,-0.785132502,-0.229821414,-0.550342122,0.166950955,237,11
1403636694.913555384,4.966062058,-5.039305408,-0.405851850,-0.785882118,-0.226545097,-0.549531766,0.170532852,234,11
1403636694.963555574,4.978739877,-5.038716275,-0.413462957,-0.786522747,-0.223707664,-0.548672042,0.174057002,233,11
1403636695.013555527,4.993044144,-5.037408685,-0.422279058,-0.787326309,-0.222215811,-0.547722150,0.175322169,226,11
1403636695.063555479,5.006591520,-5.039274540,-0.430569709,-0.788000000,-0.222615564,-0.547199948,0.173408558,225,11
1403636695.113555431,5.020069989,-5.045455704,-0.435532941,-0.787627512,-0.223539393,-0.548355124,0.170234252,220,11
1403636695.163555384,5.036223632,-5.051318994,-0.434928785,-0.787896697,-0.224410333,-0.548247825,0.168175857,219,11
1403636695.213555574,5.046283186,-5.060065828,-0.439606792,-0.787371285,-0.225536984,-0.549496468,0.165024726,235,11
1403636695.263555527,5.061710490,-5.069129422,-0.438893020,-0.786689585,-0.226118746,-0.551067805,0.162216161,229,11
1403636695.313555479,5.073299475,-5.075246615,-0.436197723,-0.786505705,-0.225904765,-0.552100127,0.159878902,224,11
1403636695.363555431,5.087850775,-5.079840019,-0.433180823,-0.786178970,-0.226036762,-0.553075347,0.157916655,247,11
1403636695.413555384,5.098692070,-5.086273409,-0.429382189,-0.785932853,-0.226101764,-0.553597268,0.157218345,221,11
1403636695.463555574,5.112182579,-5.091219212,-0.422339438,-0.785494191,-0.226195643,-0.554521659,0.156013260,253,11
1403636695.513555527,5.122441016,-5.095096002,-0.414977377,-0.784992407,-0.227075743,-0.555607901,0.153373363,244,11
1403636695.563555479,5.134860946,-5.099301863,-0.408379026,-0.784189018,-0.227152330,-0.557014462,0.152263888,241,11
1403636695.613555431,5.146492534,-5.102261677,-0.408833540,-0.784012716,-0.227864038,-0.557594520,0.149967973,233,11
1403636695.663555384,5.159043549,-5.104719755,-0.404812684,-0.783446581,-0.228994355,-0.558648156,0.147259222,230,11
1403636695.713555574,5.168915871,-5.109903801,-0.402292348,-0.782807775,-0.228829405,-0.559777270,0.146623665,248,11
1403636695.763555527,5.180180766,-5.115821021,-0.406904289,-0.783653785,-0.226923202,-0.558707895,0.149124426,224,11
1403636695.813555479,5.190455958,-5.119036922,-0.409772658,-0.784025895,-0.226529407,-0.558330078,0.149182266,244,11
1403636695.863555431,5.200837521,-5.121031707,-0.413740588,-0.783939920,-0.225748520,-0.558636633,0.149669370,234,11
1403636695.913555384,5.207445613,-5.120365498,-0.423095838,-0.784737423,-0.224860863,-0.558157489,0.148610183,228,11
1403636695.963555574,5.217608385,-5.121883781,-0.429264228,-0.786197144,-0.224062512,-0.556237169,0.149299206,252,11
1403636696.013555527,5.223168793,-5.126605478,-0.437745634,-0.787811973,-0.222941323,-0.554203232,0.150027461,227,11
1403636696.063555479,5.232348353,-5.128219855,-0.445627151,-0.789945746,-0.223095130,-0.551388600,0.148945941,255,11
1403636696.113555431,5.239152627,-5.129931595,-0.453360130,-0.791887883,-0.223830556,-0.549012196,0.146284216,246,11
1403636696.163555384,5.248203430,-5.130434501,-0.460567890,-0.792107036,-0.226008265,-0.548799940,0.142496784,235,11
1403636696.213555574,5.257256871,-5.128633820,-0.466302730,-0.793280792,-0.226927719,-0.547411078,0.139823131,228,11
1403636696.263555527,5.264685210,-5.130351449,-0.475006032,-0.791544205,-0.227281669,-0.550124941,0.138431804,227,11
1403636696.313555479,5.273620039,-5.130255711,-0.484147133,-0.789566096,-0.226181804,-0.553094228,0.139692329,244,11
1403636696.363555431,5.278869327,-5.130224143,-0.486250847,-0.785057496,-0.224811911,-0.559493087,0.141816141,222,11
1403636696.413555384,5.284794235,-5.129386559,-0.493727759,-0.780184991,-0.221981786,-0.566385155,0.145750895,244,11
1403636696.463555574,5.292516332,-5.128071965,-0.498804248,-0.777791663,-0.218745687,-0.569839100,0.149912824,236,11
1403636696.513555527,5.293950408,-5.128562138,-0.503730472,-0.776948200,-0.217662454,-0.571336544,0.150163590,231,11
1403636696.563555479,5.297860430,-5.126853541,-0.505126844,-0.777853228,-0.216479461,-0.570361192,0.150894365,250,11
1403636696.613555431,5.297974350,-5.131761887,-0.508273765,-0.777647766,-0.216774901,-0.570345612,0.151586532,227,11
1403636696.663555384,5.298990438,-5.131850251,-0.507037661,-0.779692426,-0.215362259,-0.567826440,0.152551473,256,11
1403636696.713555574,5.298414011,-5.134825199,-0.503357258,-0.779975054,-0.215296790,-0.567371515,0.152891374,253,11
1403636696.763555527,5.297235020,-5.136112829,-0.499150061,-0.780679142,-0.215422871,-0.566399748,0.152723244,246,11
1403636696.813555479,5.297713502,-5.140729210,-0.507446395,-0.780826587,-0.215806479,-0.566346333,0.151622019,219,11
1403636696.863555431,5.297327070,-5.141191063,-0.510018941,-0.781464153,-0.216342759,-0.565465212,0.150859810,219,11
1403636696.913555384,5.295625038,-5.142144179,-0.513297125,-0.781469358,-0.217357149,-0.565530976,0.149118166,237,11
1403636696.963555574,5.297869159,-5.145479801,-0.520082878,-0.780558700,-0.221297074,-0.566598614,0.143950447,216,11
1403636697.013555527,5.294173116,-5.146529263,-0.524402751,-0.779641599,-0.225332941,-0.567779340,0.137879167,239,11
1403636697.063555479,5.290974407,-5.146074267,-0.528851390,-0.778582567,-0.228822686,-0.569134886,0.132419205,231,11
1403636697.113555431,5.287951238,-5.144869064,-0.532537190,-0.777868313,-0.232999688,-0.569903503,0.125865126,229,11
1403636697.163555384,5.279972175,-5.143090388,-0.534768615,-0.776974905,-0.235930902,-0.570957389,0.121054805,247,11
1403636697.213555574,5.274969593,-5.139063236,-0.534053729,-0.776099706,-0.237551316,-0.572015631,0.118476736,224,11
1403636697.263555527,5.263775653,-5.133628203,-0.531781222,-0.775714916,-0.237729233,-0.572708457,0.117286849,254,11
1403636697.313555479,5.253859005,-5.125189304,-0.526956349,-0.777726376,-0.236258716,-0.570135634,0.119452338,251,11
1403636697.363555431,5.239506445,-5.115955026,-0.521272863,-0.780084026,-0.232494746,-0.567429652,0.124252547,243,11
1403636697.413555384,5.233190883,-5.104678087,-0.507533054,-0.782894470,-0.228674833,-0.563896680,0.129632573,217,11
1403636697.463555574,5.218253099,-5.094325635,-0.497402021,-0.785510297,-0.225634538,-0.560466386,0.133940505,217,11
1403636697.513555527,5.202387122,-5.080979678,-0.484238354,-0.787613006,-0.223158302,-0.557822215,0.136749778,234,11
1403636697.563555479,5.191546919,-5.067806613,-0.468763900,-0.789250760,-0.220272575,-0.556570162,0.137087149,212,11
1403636697.613555431,5.176292268,-5.055097220,-0.453229744,-0.790072353,-0.217154899,-0.557256387,0.134516716,231,11
1403636697.663555384,5.160391063,-5.043389201,-0.439386543,-0.791782953,-0.211612504,-0.558062526,0.129869628,223,11
1403636697.713555574,5.145817869,-5.031743918,-0.423885917,-0.793552507,-0.204541378,-0.559125034,0.125763427,219,11
1403636697.763555527,5.128869232,-5.018228058,-0.410427310,-0.796129288,-0.196755847,-0.559840576,0.118506634,254,11
1403636697.813555479,5.114118716,-5.005289602,-0.398051233,-0.798201419,-0.187709962,-0.561339998,0.111968167,227,11
1403636697.863555431,5.097686287,-4.990805390,-0.384535289,-0.799911445,-0.178880881,-0.562853698,0.106484861,254,11
1403636697.913555384,5.080760258,-4.975799158,-0.372634358,-0.801748171,-0.170563572,-0.563732290,0.101557093,249,11
1403636697.963555574,5.063342033,-4.959571203,-0.362503237,-0.803208667,-0.162519451,-0.564684150,0.097852315,239,11
1403636698.013555527,5.047368190,-4.938953499,-0.359828617,-0.804773991,-0.155642497,-0.565004705,0.094254548,219,11
1403636698.063555479,5.033677456,-4.921389038,-0.355350162,-0.805253123,-0.150520966,-0.566199112,0.091265616,214,11
1403636698.113555431,5.019304538,-4.899737016,-0.351371451,-0.806415756,-0.145691357,-0.566123557,0.089284801,230,11
1403636698.163555384,5.002472128,-4.881034961,-0.347201630,-0.807060102,-0.141451477,-0.566519972,0.087753019,219,11
1403636698.213555574,4.987409143,-4.862321178,-0.351194780,-0.807376556,-0.137559814,-0.567314884,0.085873263,232,11
1403636698.263555527,4.981357676,-4.840919512,-0.362472385,-0.808483780,-0.132275912,-0.567399980,0.083152408,225,11
1403636698.313555479,4.961339799,-4.824671677,-0.376620142,-0.809328435,-0.126599792,-0.568203149,0.078135512,207,11
1403636698.363555431,4.946818824,-4.806005771,-0.382142347,-0.809856032,-0.120302827,-0.569456347,0.073347848,258,11
1403636698.413555384,4.932857264,-4.792603720,-0.393664687,-0.811186242,-0.113179134,-0.569697158,0.067915488,236,11
1403636698.463555574,4.917372901,-4.774580711,-0.398974839,-0.813298827,-0.104583391,-0.568930562,0.062652601,262,11
1403636698.513555527,4.904187053,-4.763901753,-0.413439206,-0.814151671,-0.096977099,-0.569726824,0.056248077,256,11
1403636698.563555479,4.889541877,-4.743841508,-0.420586623,-0.815586467,-0.087733526,-0.569770785,0.049827658,246,11
1403636698.613555431,4.880900133,-4.730292337,-0.436216391,-0.816642812,-0.078050861,-0.570175121,0.043622378,226,11
1403636698.663555384,4.865969407,-4.709396759,-0.447015802,-0.818005349,-0.066719961,-0.570117805,0.037166984,233,11
1403636698.713555574,4.848837285,-4.682565755,-0.457421461,-0.819282269,-0.055195336,-0.569942216,0.029931741,241,11
1403636698.763555527,4.833903329,-4.660053661,-0.465764800,-0.820322181,-0.043142614,-0.569829672,0.022458395,230,11
1403636698.813555479,4.819897692,-4.639368382,-0.477088727,-0.821199518,-0.030845724,-0.569618181,0.014663615,236,11
1403636698.863555431,4.806795827,-4.619216996,-0.488968777,-0.821755948,-0.017201377,-0.569521315,0.008169839,226,11
1403636698.913555384,4.797510294,-4.601626872,-0.498951545,-0.821816126,-0.005028200,-0.569730478,0.000393436,195,11
1403636698.963555574,4.785493875,-4.580556840,-0.510308263,0.822022035,-0.008190695,0.569358910,0.006566388,232,11
1403636699.013555527,4.769415629,-4.552204710,-0.519124487,0.821641440,-0.021098945,0.569437138,0.014195939,210,11
1403636699.063555479,4.758904802,-4.531237753,-0.525663788,0.821129759,-0.033954647,0.569351852,0.020771844,233,11
1403636699.113555431,4.747074213,-4.510218639,-0.531627206,0.819904497,-0.046593581,0.569926399,0.027740841,249,11
1403636699.163555384,4.733753075,-4.487666471,-0.534768347,0.818717685,-0.061212249,0.570028128,0.031974143,232,11
1403636699.213555574,4.729580675,-4.472291157,-0.524504413,0.818767989,-0.074873929,0.567981822,0.037543637,199,11
1403636699.263555527,4.716893685,-4.454406934,-0.527043442,0.817418875,-0.089856617,0.567319147,0.043602244,200,11
1403636699.313555479,4.705780838,-4.432978805,-0.523354507,0.816726833,-0.105311570,0.565220469,0.048913952,210,11
1403636699.363555431,4.696470695,-4.416389358,-0.519294649,0.815480540,-0.119048546,0.563680489,0.055526923,209,11
1403636699.413555384,4.687031315,-4.401070416,-0.516473245,0.813459305,-0.133654556,0.562744194,0.061150562,205,11
1403636699.463555574,4.675791688,-4.388095684,-0.509559318,0.812665033,-0.146492324,0.560019264,0.067037052,226,11
1403636699.513555527,4.671857283,-4.380521704,-0.501399027,0.811084171,-0.158154040,0.558307088,0.073640767,207,11
1403636699.563555479,4.661556218,-4.367590189,-0.499365049,0.808946317,-0.170401967,0.556960269,0.079776458,225,11
1403636699.613555431,4.650630469,-4.358740359,-0.498975121,0.806517128,-0.182333102,0.555837250,0.085613747,203,11
1403636699.663555384,4.643223376,-4.349937298,-0.497809713,0.803925795,-0.194149316,0.554644220,0.091537685,204,11
1403636699.713555574,4.633523611,-4.341967353,-0.499290789,0.801143807,-0.204811221,0.553511769,0.099225432,222,11
1403636699.763555527,4.623530263,-4.334817105,-0.501131251,0.798870983,-0.212141027,0.552259588,0.108676977,205,11
1403636699.813555479,4.618733474,-4.337014058,-0.493922406,0.796806071,-0.217185221,0.551410699,0.117800281,205,11
1403636699.863555431,4.610168991,-4.332301615,-0.497698256,0.794212989,-0.221425026,0.551730338,0.125659542,204,11
1403636699.913555384,4.601401126,-4.326343495,-0.501202322,0.791514235,-0.225001179,0.552842712,0.131318772,214,11
1403636699.963555574,4.591956605,-4.322930225,-0.505941321,0.789229682,-0.228550702,0.553906392,0.134420216,215,11
1403636700.013555527,4.584227636,-4.322080752,-0.514004548,0.787973553,-0.231667186,0.553956369,0.136236323,199,11
1403636700.063555479,4.576642633,-4.326101693,-0.523316001,0.787311308,-0.234136478,0.553608464,0.137254082,218,11
1403636700.113555431,4.569139265,-4.327883708,-0.534794312,0.786466772,-0.235794195,0.554195346,0.136889125,202,11
1403636700.163555384,4.559719100,-4.327222276,-0.546079529,0.786290642,-0.236710040,0.553713811,0.138262067,217,11
1403636700.213555574,4.541511262,-4.319975919,-0.554450241,0.786085398,-0.236768151,0.553840506,0.138821046,202,11
1403636700.263555527,4.533655401,-4.320958641,-0.568249622,0.786093403,-0.237705206,0.553468401,0.138658307,205,11
1403636700.313555479,4.523219349,-4.322095458,-0.584998394,0.786367337,-0.240198748,0.551950855,0.138856857,225,11
1403636700.363555431,4.512627147,-4.324262568,-0.603491095,0.786241993,-0.244397217,0.550385113,0.138454888,192,11
1403636700.413555384,4.515083408,-4.339307927,-0.612859410,0.785544972,-0.249599362,0.549028881,0.138515500,195,11
1403636700.463555574,4.494214584,-4.338956827,-0.626933591,0.783543571,-0.252740949,0.549296776,0.143019357,194,11
1403636700.513555527,4.485256272,-4.347930587,-0.647844524,0.781021118,-0.255393825,0.550616965,0.146972669,203,11
1403636700.563555479,4.479411148,-4.359482637,-0.668889973,0.778846422,-0.257245249,0.551470930,0.151996534,205,11
1403636700.613555431,4.468790079,-4.369348698,-0.688692105,0.775807585,-0.259643497,0.552975910,0.157878081,186,11
1403636700.663555384,4.455638656,-4.377960867,-0.711650189,0.773544608,-0.262686386,0.552599010,0.165102804,206,11
1403636700.713555574,4.452060723,-4.392624558,-0.732944582,0.771469778,-0.267392716,0.551773433,0.169945858,206,11
1403636700.763555527,4.441047428,-4.402963979,-0.754029256,0.769103735,-0.270561829,0.551938841,0.175040729,211,11
1403636700.813555479,4.429548155,-4.413212215,-0.773266637,0.768527585,-0.273886032,0.549896139,0.178790462,196,11
1403636700.863555431,4.414042295,-4.422668908,-0.788601043,0.769008791,-0.276982524,0.547007806,0.180799947,205,11
1403636700.913555384,4.402174285,-4.432465830,-0.802113202,0.769774930,-0.279498935,0.544128467,0.182348882,220,11
1403636700.963555574,4.385148963,-4.441012027,-0.812721633,0.771119473,-0.281654493,0.540778436,0.183314451,195,11
1403636701.013555527,4.386511814,-4.457215432,-0.814945852,0.772643603,-0.283315505,0.537945898,0.182670189,190,11
1403636701.063555479,4.374355541,-4.466874041,-0.822026390,0.775332788,-0.284520038,0.533674542,0.181931027,192,11
1403636701.113555431,4.363062173,-4.476653197,-0.826450088,0.778045694,-0.285520373,0.529671512,0.180474665,208,11
1403636701.163555384,4.352880269,-4.487237956,-0.827799716,0.779603437,-0.284537695,0.527837421,0.180677717,203,11
1403636701.213555574,4.342897913,-4.498278430,-0.824468735,0.781924565,-0.284212803,0.524919032,0.179658195,208,11
1403636701.263555527,4.304468725,-4.495912530,-0.793867488,0.782506524,-0.283304145,0.524623254,0.179423362,216,11
1403636701.313555479,4.293417659,-4.503812472,-0.786928823,0.783829755,-0.281859097,0.523586728,0.178950560,217,11
1403636701.363555431,4.285059917,-4.515203203,-0.777873106,0.783794419,-0.280852142,0.524351518,0.178448503,225,11
1403636701.413555384,4.268502792,-4.524345593,-0.775601103,0.783413981,-0.278535591,0.525917994,0.179138837,191,11
1403636701.463555574,4.261673746,-4.537138460,-0.768082846,0.782403660,-0.276296742,0.528606987,0.179106884,212,11
1403636701.513555527,4.255901874,-4.550401599,-0.759256289,0.780394569,-0.273900983,0.532542845,0.179890761,230,11
1403636701.563555479,4.249710263,-4.564044595,-0.751741287,0.778635056,-0.271423936,0.536259628,0.180227933,206,11
1403636701.613555431,4.238174348,-4.590833876,-0.767210375,0.777706423,-0.268850408,0.538982544,0.179972208,202,11
1403636701.663555384,4.233608995,-4.605130518,-0.760206563,0.777110173,-0.266167503,0.540964265,0.180588771,208,11
1403636701.713555574,4.228932312,-4.619530796,-0.753633081,0.776146281,-0.265789999,0.542502695,0.180674994,222,11
1403636701.763555527,4.197001192,-4.631586012,-0.762816571,0.775312374,-0.266497126,0.543216801,0.181067700,197,11
1403636701.813555479,4.192866701,-4.646530812,-0.760723922,0.774556262,-0.270016238,0.542281272,0.181892413,199,11
1403636701.863555431,4.199907841,-4.664142972,-0.768486803,0.773767612,-0.274566966,0.539978848,0.185255248,204,11
1403636701.913555384,4.194318211,-4.678223404,-0.770624992,0.772227539,-0.280656903,0.538268272,0.187519596,201,11
1403636701.963555574,4.188630935,-4.692580481,-0.776124951,0.769766375,-0.287221610,0.536913437,0.191539643,205,11
1403636702.013555527,4.185092591,-4.705715422,-0.785417090,0.767407443,-0.295393747,0.534418939,0.195511504,193,11
1403636702.063555479,4.180308956,-4.720259869,-0.792337341,0.763978564,-0.303926729,0.532732615,0.200402739,197,11
1403636702.113555431,4.175563408,-4.734932197,-0.800824767,0.759871419,-0.313157188,0.531153199,0.205922998,213,11
1403636702.163555384,4.170267829,-4.750196639,-0.810083059,0.755398341,-0.322387458,0.529461542,0.212391499,187,11
1403636702.213555574,4.168037063,-4.768317596,-0.814716094,0.751976471,-0.331054060,0.526600896,0.218234031,174,11
1403636702.263555527,4.162978857,-4.784005903,-0.827639867,0.749305159,-0.337751135,0.524065432,0.223207018,209,11
1403636702.313555479,4.159033904,-4.799868969,-0.842267423,0.748121890,-0.344007484,0.519850363,0.227438097,207,11
1403636702.363555431,4.159358585,-4.820097259,-0.859597206,0.746928228,-0.348723669,0.516639320,0.231460230,184,11
1403636702.413555384,4.155116602,-4.836263257,-0.876261637,0.746665435,-0.351687491,0.512748616,0.236422278,194,11
1403636702.463555574,4.116812033,-4.840906377,-0.877194047,0.746333964,-0.355383764,0.509280158,0.239419537,199,11
1403636702.513555527,4.114155935,-4.858088658,-0.895323199,0.745797353,-0.356918293,0.507110592,0.243381363,195,11
1403636702.563555479,4.094474232,-4.865503027,-0.916130776,0.745724574,-0.358987914,0.504712045,0.245536736,184,11
1403636702.613555431,4.087947962,-4.877723884,-0.936444300,0.746132281,-0.360707814,0.502015459,0.247299356,179,11
1403636702.663555384,4.085401094,-4.894338030,-0.959677600,0.747167541,-0.361630454,0.499158580,0.248605696,176,11
1403636702.713555574,4.084442919,-4.911232807,-0.985232540,0.747764139,-0.361821178,0.497374111,0.250106419,222,11
1403636702.763555527,4.079928751,-4.920650179,-1.008046748,0.747324088,-0.362936343,0.497150045,0.250251375,198,11
1403636702.813555479,4.070741549,-4.935095637,-1.030129585,0.748806428,-0.361892161,0.495292180,0.251015246,171,11
1403636702.863555431,4.071571984,-4.952029489,-1.058651752,0.749625125,-0.362392469,0.493878672,0.250634650,210,11
1403636702.913555384,4.072997528,-4.967546126,-1.084426979,0.750224273,-0.362766824,0.493051631,0.249927714,205,11
1403636702.963555574,4.075820791,-4.986788690,-1.102979948,0.750354375,-0.362115513,0.493502936,0.249590702,179,11
1403636703.013555527,4.081170775,-5.004251049,-1.125088020,0.749008491,-0.362718930,0.495839182,0.248122479,185,11
1403636703.063555479,4.087438073,-5.020563347,-1.144979419,0.747757892,-0.362744663,0.497895236,0.247739336,192,11
1403636703.113555431,4.095336705,-5.039034562,-1.164056553,0.744995337,-0.364076838,0.502101497,0.245609630,208,11
1403636703.163555384,4.101125558,-5.060238080,-1.172861962,0.740731470,-0.364953241,0.509034691,0.242919132,199,11
1403636703.213555574,4.108914368,-5.078401603,-1.179112033,0.737734300,-0.366392684,0.513922454,0.239558374,193,11
1403636703.263555527,4.118152247,-5.100495470,-1.185966309,0.734088830,-0.368921401,0.519110740,0.235657864,172,11
1403636703.313555479,4.125046895,-5.121412792,-1.193878730,0.731203881,-0.370458907,0.523521992,0.232434520,206,11
1403636703.363555431,4.131587545,-5.142269280,-1.199171398,0.729909096,-0.369999546,0.525686051,0.232351506,186,11
1403636703.413555384,4.135175395,-5.166825067,-1.204065112,0.730283916,-0.367472029,0.525607592,0.235343089,170,11
1403636703.463555574,4.139313030,-5.188337531,-1.205525294,0.732577134,-0.364334216,0.522684576,0.239566597,200,11
1403636703.513555527,4.142740246,-5.210152577,-1.205566603,0.735501111,-0.360777482,0.518927132,0.244115457,199,11
1403636703.563555479,4.141889431,-5.236936794,-1.213477834,0.737662226,-0.357944601,0.516283562,0.247348714,178,11
1403636703.613555431,4.144303025,-5.258541209,-1.209811380,0.740026383,-0.356896870,0.513268722,0.248074174,202,11
1403636703.663555384,4.145384319,-5.274743936,-1.209176234,0.740846930,-0.356296006,0.512142361,0.248815564,190,11
1403636703.713555574,4.147187055,-5.297051600,-1.207630662,0.742129737,-0.356432985,0.510423315,0.248328452,204,11
1403636703.763555527,4.148258242,-5.315395390,-1.211594614,0.741186239,-0.356395057,0.512125899,0.247694541,195,11
1403636703.813555479,4.150148666,-5.339121339,-1.214228064,0.740100057,-0.356559031,0.514178178,0.246451545,193,11
1403636703.863555431,4.151870992,-5.362292322,-1.215181651,0.738865857,-0.357220425,0.516501490,0.244329745,175,11
1403636703.913555384,4.155249398,-5.383572165,-1.215502511,0.737616358,-0.357412108,0.519048419,0.242419948,207,11
1403636703.963555574,4.158310977,-5.404779121,-1.216752850,0.736991190,-0.357114774,0.520436832,0.241781985,189,11
1403636704.013555527,4.160325218,-5.426501549,-1.220082785,0.736282412,-0.357313989,0.522399465,0.239402845,174,11
1403636704.063555479,4.161768448,-5.446541233,-1.219543423,0.735936308,-0.357292806,0.523629888,0.237805262,204,11
1403636704.113555431,4.162145773,-5.466680463,-1.220564651,0.737458050,-0.357611315,0.522065879,0.236044464,203,11
1403636704.163555384,4.159635971,-5.484597847,-1.230842263,0.739137985,-0.356581032,0.520513308,0.235777230,173,11
1403636704.213555574,4.160217129,-5.504336053,-1.232445299,0.741764083,-0.356076843,0.517238718,0.235498271,201,11
1403636704.263555527,4.160966847,-5.519865750,-1.236942278,0.744095488,-0.355880159,0.513925364,0.235694584,187,11
1403636704.313555479,4.162115802,-5.540717945,-1.239550092,0.746097672,-0.354657222,0.511536228,0.236404749,203,11
1403636704.363555431,4.162748403,-5.556032394,-1.241849592,0.747679857,-0.353921804,0.509235880,0.237472115,192,11
1403636704.413555384,4.163801278,-5.573284186,-1.244767491,0.748329370,-0.354130187,0.508411526,0.236881163,188,11
1403636704.463555574,4.165507655,-5.596257970,-1.243855026,0.750178599,-0.353071211,0.506092652,0.237577392,171,11
1403636704.513555527,4.168151991,-5.620358292,-1.239325637,0.751999084,-0.352264233,0.503682281,0.238141656,203,11
1403636704.563555479,4.171816158,-5.645299509,-1.235178878,0.753374228,-0.352593162,0.501731994,0.237424391,185,11
1403636704.613555431,4.174047524,-5.666029778,-1.232204244,0.754690062,-0.351789173,0.500250598,0.237563943,173,11
1403636704.663555384,4.178372943,-5.690285843,-1.226463487,0.755756953,-0.351778635,0.498674455,0.237501596,199,11
1403636704.713555574,4.182677396,-5.716228028,-1.223423361,0.758453245,-0.351372409,0.494906510,0.237389241,216,11
1403636704.763555527,4.179702015,-5.726100062,-1.226608875,0.759937457,-0.351378061,0.492703485,0.237216771,179,11
1403636704.813555479,4.184850072,-5.751039060,-1.224449353,0.761843230,-0.352025500,0.490121680,0.235486049,199,11
1403636704.863555431,4.187904108,-5.767603660,-1.228713313,0.763768087,-0.352667743,0.487452219,0.233824949,184,11
1403636704.913555384,4.196424978,-5.796056362,-1.235904274,0.765393637,-0.352723363,0.485683331,0.232100218,197,11
1403636704.963555574,4.206548349,-5.819836741,-1.241342492,0.766870139,-0.352519887,0.483799792,0.231468531,179,11
1403636705.013555527,4.216172022,-5.847837533,-1.249603496,0.768371708,-0.352037569,0.481892946,0.231200470,175,11
1403636705.063555479,4.220089727,-5.885537894,-1.272509917,0.769120783,-0.349418124,0.482437067,0.231548423,184,11
1403636705.113555431,4.232417740,-5.914626516,-1.279801164,0.766943047,-0.347777291,0.486286161,0.233184665,205,11
1403636705.163555384,4.248639536,-5.944104492,-1.293235391,0.762924752,-0.344840276,0.493128972,0.236336251,187,11
1403636705.213555574,4.263798883,-5.966234059,-1.310955444,0.758313711,-0.341475707,0.500605151,0.240310508,161,11
1403636705.263555527,4.280595891,-5.995532394,-1.328316061,0.755076611,-0.338528760,0.505929589,0.243501213,178,11
1403636705.313555479,4.297893054,-6.025354275,-1.332420949,0.752811780,-0.337153999,0.509474345,0.245025500,195,11
1403636705.363555431,4.325838457,-6.052583998,-1.339560606,0.751182983,-0.336547620,0.511760844,0.246090765,170,11
1403636705.413555384,4.346249838,-6.082473099,-1.343265368,0.751973737,-0.336907817,0.510882917,0.245004627,182,11
1403636705.463555574,4.372454495,-6.111851641,-1.347200286,0.752950363,-0.337733004,0.509429073,0.243893807,169,11
1403636705.513555527,4.395480263,-6.141534274,-1.352313228,0.754762125,-0.339337718,0.506383116,0.242405008,184,11
1403636705.563555479,4.437730533,-6.164839825,-1.365270005,0.756302856,-0.340837659,0.502942813,0.242660684,170,11
1403636705.613555431,4.470998449,-6.197413547,-1.374385748,0.756870562,-0.341905463,0.501743011,0.241870954,167,11
1403636705.663555384,4.497327001,-6.230417047,-1.383541903,0.757574642,-0.342499297,0.500328898,0.241755842,172,11
1403636705.713555574,4.528384593,-6.268538609,-1.392197186,0.756478445,-0.342343282,0.501908411,0.242135059,195,11
1403636705.763555527,4.555334190,-6.298250043,-1.401396647,0.754775182,-0.342392363,0.504381710,0.242241585,183,11
1403636705.813555479,4.585651976,-6.328709270,-1.410705137,0.752406177,-0.343210366,0.507628348,0.241671370,162,11
1403636705.863555431,4.616093851,-6.361426285,-1.418457914,0.749637687,-0.343487141,0.511631784,0.241439103,190,11
1403636705.913555384,4.645468377,-6.392795867,-1.426024122,0.746426237,-0.344919811,0.516416313,0.239149299,197,11
1403636705.963555574,4.685358068,-6.427314274,-1.424747679,0.743384697,-0.346971891,0.520461300,0.236874934,180,11
1403636706.013555527,4.716328864,-6.461054508,-1.427582296,0.740324009,-0.349564384,0.525310546,0.231892072,183,11
1403636706.063555479,4.748749248,-6.498647705,-1.428240167,0.738034741,-0.352010027,0.529327398,0.226287796,169,11
1403636706.113555431,4.776328326,-6.530885382,-1.428016183,0.735345317,-0.354715806,0.532846942,0.222526624,185,11
1403636706.163555384,4.808570972,-6.570345325,-1.425380426,0.735296337,-0.351369733,0.534140555,0.224883247,189,11
1403636706.213555574,4.836872730,-6.604786688,-1.424729430,0.736840464,-0.347008250,0.532833508,0.229651600,181,11
1403636706.263555527,4.862895217,-6.639115447,-1.426864362,0.739069181,-0.343456343,0.530468178,0.233276656,171,11
1403636706.313555479,4.888393640,-6.673080528,-1.430876410,0.741693136,-0.338851402,0.527402918,0.238573220,186,11
1403636706.363555431,4.913368798,-6.706211498,-1.436335907,0.744524032,-0.335830808,0.523905587,0.241711751,177,11
1403636706.413555384,4.939208319,-6.738404572,-1.444244288,0.746965707,-0.333458136,0.520626621,0.244531851,150,11
1403636706.463555574,4.961973598,-6.770464470,-1.453132326,0.749521021,-0.331930294,0.517214442,0.246027925,183,11
1403636706.513555527,4.990576156,-6.799855965,-1.462628083,0.750633746,-0.330586742,0.515556824,0.247916412,190,11
1403636706.563555479,5.014605994,-6.831519696,-1.470471215,0.751894199,-0.330426206,0.513480949,0.248618081,188,11
1403636706.613555431,5.039321327,-6.864265421,-1.476646653,0.752550658,-0.330575874,0.512971499,0.247482001,187,11
1403636706.663555384,5.066349499,-6.892308827,-1.480211745,0.753700540,-0.331048686,0.510771999,0.247899634,177,11
1403636706.713555574,5.090033899,-6.925122393,-1.483908574,0.755011822,-0.331442467,0.508922599,0.247185818,175,11
1403636706.763555527,5.124071277,-6.954223052,-1.487448655,0.755709713,-0.333377682,0.507285209,0.245812668,180,11
1403636706.813555479,5.156236330,-6.989622727,-1.487743513,0.757269627,-0.334297630,0.504610487,0.245267330,173,11
1403636706.863555431,5.190164629,-7.030291531,-1.487134418,0.758612452,-0.335039605,0.502432749,0.244575027,171,11
1403636706.913555384,5.221234523,-7.062696117,-1.484498874,0.758060688,-0.336262920,0.502769561,0.243913940,191,11
1403636706.963555574,5.250621451,-7.092036651,-1.479445597,0.757512945,-0.337013580,0.502515805,0.245099676,184,11
1403636707.013555527,5.281765785,-7.124090136,-1.475111197,0.755594327,-0.337506235,0.504566836,0.246128141,155,11
1403636707.063555479,5.313797226,-7.154648813,-1.470231873,0.753771547,-0.337324733,0.506300648,0.248395114,181,11
1403636707.113555431,5.345552430,-7.184081172,-1.465613871,0.751771559,-0.337683137,0.508152464,0.250181324,183,11
1403636707.163555384,5.378869043,-7.213591574,-1.462227306,0.751045930,-0.338798185,0.507977068,0.251207285,207,11
1403636707.213555574,5.411759951,-7.238988130,-1.461651833,0.750542111,-0.340392608,0.507042241,0.252443215,205,11
1403636707.263555527,5.448900075,-7.268289407,-1.457888987,0.750643794,-0.341649927,0.505719918,0.253094027,197,11
1403636707.313555479,5.483109212,-7.296051221,-1.451131068,0.750915912,-0.342401144,0.504084112,0.254530857,190,11
1403636707.363555431,5.522403747,-7.325585228,-1.442879774,0.751012437,-0.343271247,0.503098085,0.255024483,197,11
1403636707.413555384,5.566019382,-7.358086822,-1.430597769,0.751133944,-0.344384960,0.502121526,0.255089730,178,11
1403636707.463555574,5.606251597,-7.386871517,-1.416112164,0.751509642,-0.344233683,0.501168796,0.256059110,172,11
1403636707.513555527,5.645535761,-7.413115171,-1.401508108,0.751324199,-0.346080299,0.500837721,0.254758615,199,11
1403636707.563555479,5.687143757,-7.440985130,-1.384395542,0.751004415,-0.347162544,0.501136537,0.253638934,185,11
1403636707.613555431,5.728652630,-7.469836985,-1.366348997,0.751499113,-0.349053741,0.500393438,0.251031823,178,11
1403636707.663555384,5.774960518,-7.504624302,-1.352165510,0.750743687,-0.353274121,0.501605002,0.244895351,194,11
1403636707.713555574,5.816783342,-7.533583934,-1.337817826,0.750138443,-0.355706233,0.502486555,0.241397295,173,11
1403636707.763555527,5.859642390,-7.562009275,-1.329656162,0.749859896,-0.357746310,0.503091503,0.237963554,196,11
1403636707.813555479,5.901898212,-7.590744423,-1.324592736,0.748944300,-0.358594270,0.504368756,0.236864398,197,11
1403636707.863555431,5.945133146,-7.622483549,-1.321215592,0.747962563,-0.357824275,0.506594166,0.236381351,194,11
1403636707.913555384,5.985904123,-7.652897783,-1.324385904,0.747070988,-0.357088330,0.508566940,0.236077381,192,11
1403636707.963555574,6.029310444,-7.687305197,-1.330604281,0.746884620,-0.355351378,0.509781797,0.236667027,192,11
1403636708.013555527,6.071713518,-7.720998883,-1.338291881,0.746841415,-0.353257053,0.510827795,0.237681131,176,11
1403636708.063555479,6.117564537,-7.755073235,-1.348152803,0.747058872,-0.350760363,0.511478224,0.239291111,187,11
1403636708.113555431,6.161455130,-7.789061018,-1.359909954,0.747042459,-0.347844814,0.512723304,0.240928129,213,11
1403636708.163555384,6.203346326,-7.823302333,-1.372879118,0.747002145,-0.345359862,0.513716112,0.242507975,199,11
1403636708.213555574,6.247545594,-7.857562113,-1.385544050,0.745984986,-0.345189036,0.515818121,0.241417887,182,11
1403636708.263555527,6.292321586,-7.890426036,-1.399636445,0.744537597,-0.345712114,0.518441843,0.239509824,196,11
1403636708.313555479,6.337174661,-7.930196877,-1.412464897,0.742093862,-0.347549920,0.522832229,0.234845086,167,11
1403636708.363555431,6.377416359,-7.963586863,-1.430428627,0.739120946,-0.351136616,0.527352132,0.228698565,186,11
1403636708.413555384,6.419131019,-7.998004293,-1.448957438,0.736682620,-0.353742121,0.530942261,0.224199786,209,11
1403636708.463555574,6.460505242,-8.033610136,-1.462889281,0.735085924,-0.355865875,0.533250759,0.220571509,204,11
1403636708.513555527,6.501609080,-8.071384910,-1.471685072,0.734223913,-0.356339476,0.534570358,0.219481105,186,11
1403636708.563555479,6.539443333,-8.114109237,-1.479100445,0.733648578,-0.354345135,0.536309588,0.220389007,186,11
1403636708.613555431,6.578093782,-8.155085574,-1.480872416,0.734404887,-0.352545532,0.534910767,0.224124032,172,11
1403636708.663555384,6.609111086,-8.191450488,-1.485566746,0.736130095,-0.349211321,0.532148972,0.230176907,188,11
1403636708.713555574,6.642631249,-8.230488598,-1.493239474,0.737009816,-0.344725177,0.530513330,0.237774453,206,11
1403636708.763555527,6.671851903,-8.268838538,-1.501166929,0.738421595,-0.340702716,0.527978282,0.244732796,183,11
1403636708.813555479,6.700187219,-8.307018987,-1.507581008,0.738622786,-0.336759522,0.526979147,0.251639391,168,11
1403636708.863555431,6.734134144,-8.345932887,-1.517740629,0.739019869,-0.336009918,0.525245880,0.255075936,203,11
1403636708.913555384,6.759828197,-8.378446212,-1.522675262,0.737847663,-0.335006092,0.525947553,0.258323279,176,11
1403636708.963555574,6.783558236,-8.404698520,-1.531211518,0.736897707,-0.334626954,0.525914941,0.261572256,176,11
1403636709.013555527,6.813885367,-8.436679411,-1.537407216,0.734668487,-0.334729003,0.528053308,0.263397823,195,11
1403636709.063555479,6.842360020,-8.468300233,-1.542927438,0.733246360,-0.334487646,0.528328211,0.267090046,196,11
1403636709.113555431,6.870299472,-8.497773168,-1.546988561,0.731894397,-0.335709904,0.528925067,0.268081565,205,11
1403636709.163555384,6.902363091,-8.522952301,-1.548563516,0.732309075,-0.336189377,0.527385570,0.269378139,194,11
1403636709.213555574,6.933000488,-8.544152051,-1.550609340,0.733220886,-0.338513941,0.524904133,0.268832839,170,11
1403636709.263555527,6.962342588,-8.567035850,-1.548773388,0.735110614,-0.338875119,0.521786221,0.269286426,185,11
1403636709.313555479,6.991255593,-8.589982236,-1.544233033,0.737085121,-0.340766081,0.518431739,0.267978606,198,11
1403636709.363555431,7.017100116,-8.609952692,-1.541549830,0.738596294,-0.342203592,0.516070669,0.266539455,186,11
1403636709.413555384,7.029982113,-8.594789036,-1.543100719,0.739365036,-0.342074978,0.513882888,0.268790682,160,11
1403636709.463555574,7.059275248,-8.609039877,-1.542634876,0.739575313,-0.342805025,0.513582703,0.267854209,211,11
1403636709.513555527,7.089350170,-8.620434904,-1.545722881,0.740498824,-0.342371907,0.512065577,0.268759769,184,11
1403636709.563555479,7.114701192,-8.624833227,-1.551846855,0.741027311,-0.342645284,0.511537445,0.267959280,187,11
1403636709.613555431,7.144915296,-8.635906330,-1.558181604,0.742060599,-0.342817649,0.510130483,0.267561239,202,11
1403636709.663555384,7.174283360,-8.646410032,-1.566066515,0.742687977,-0.342967491,0.509381609,0.267054760,187,11
1403636709.713555574,7.205854092,-8.655996728,-1.573218202,0.743656801,-0.342713738,0.508346879,0.266655782,197,11
1403636709.763555527,7.239448775,-8.667998850,-1.579594667,0.743996732,-0.342840340,0.508568810,0.265117198,203,11
1403636709.813555479,7.277324078,-8.682621497,-1.583072700,0.744501088,-0.341288653,0.508677028,0.265495509,175,11
1403636709.863555431,7.308196311,-8.689341745,-1.589493396,0.744193376,-0.341024291,0.509787061,0.264567201,188,11
1403636709.913555384,7.343432125,-8.696641524,-1.593041984,0.744519860,-0.339982824,0.509850360,0.264866888,201,11
1403636709.963555574,7.376760287,-8.702037531,-1.593382526,0.744732783,-0.339001794,0.510203924,0.264844901,187,11
1403636710.013555527,7.413139459,-8.711175707,-1.590065567,0.744583225,-0.338398841,0.511473589,0.263584548,168,11
1403636710.063555479,7.448466738,-8.716448281,-1.590469387,0.744670833,-0.337254823,0.512307169,0.263184154,204,11
1403636710.113555431,7.486725502,-8.724069333,-1.589072096,0.744536420,-0.335886377,0.513615343,0.262764420,184,11
1403636710.163555384,7.518602147,-8.725786798,-1.589275677,0.744670090,-0.334895162,0.514097644,0.262707631,185,11
1403636710.213555574,7.556293863,-8.729338652,-1.592896333,0.744911456,-0.333539258,0.514879245,0.262217179,196,11
1403636710.263555527,7.592167416,-8.730615538,-1.598669318,0.744634184,-0.333568102,0.516244830,0.260275871,182,11
1403636710.313555479,7.628859906,-8.730458313,-1.609389168,0.742985507,-0.335459830,0.520051688,0.254922500,206,11
1403636710.363555431,7.665986604,-8.729888196,-1.618826235,0.741778732,-0.338337606,0.523538906,0.247384297,200,11
1403636710.413555384,7.703143787,-8.730334759,-1.631464851,0.741328461,-0.339421496,0.526835981,0.240143730,178,11
1403636710.463555574,7.740185666,-8.729596972,-1.646381996,0.741780735,-0.339966273,0.529486873,0.232008462,185,11
1403636710.513555527,7.776302035,-8.726565934,-1.659983453,0.742177431,-0.337675750,0.533471359,0.224846744,223,11
1403636710.563555479,7.812782135,-8.723912650,-1.672537072,0.743543895,-0.334657020,0.536090315,0.218527641,196,11
1403636710.613555431,7.851078094,-8.725371753,-1.685301976,0.745276771,-0.331190539,0.538105711,0.212879320,187,11
1403636710.663555384,7.886456817,-8.725149573,-1.698889896,0.747446915,-0.325975616,0.540158424,0.208067017,215,11
1403636710.713555574,7.919318353,-8.726487694,-1.713748728,0.749767779,-0.319203505,0.542180773,0.204932695,201,11
1403636710.763555527,7.953015175,-8.731789667,-1.725761048,0.752449182,-0.311722710,0.544165073,0.201329465,200,11
1403636710.813555479,7.985331695,-8.733673862,-1.737374178,0.756165190,-0.300949955,0.545266601,0.200817489,210,11
1403636710.863555431,8.014191594,-8.736829381,-1.749206627,0.760664524,-0.289773307,0.545562207,0.199456238,193,11
1403636710.913555384,8.044313281,-8.738660447,-1.758804335,0.765089169,-0.279094517,0.545380880,0.198253650,216,11
1403636710.963555574,8.072367027,-8.738184780,-1.769023727,0.767926228,-0.269193273,0.546770193,0.197146258,201,11
1403636711.013555527,8.100827430,-8.741268276,-1.777875194,0.772791304,-0.259235718,0.544491802,0.197785543,197,11
1403636711.063555479,8.130259599,-8.743961164,-1.784418730,0.774988593,-0.252290240,0.545496925,0.195385309,184,11
1403636711.113555431,8.159318350,-8.744345537,-1.787786061,0.777181823,-0.245503260,0.545406812,0.195570892,216,11
1403636711.163555384,8.185838846,-8.743445435,-1.791055264,0.777875955,-0.241073156,0.546650179,0.194849465,204,11
1403636711.213555574,8.215005162,-8.742547780,-1.792177090,0.778464466,-0.237203142,0.547645082,0.194454645,185,11
1403636711.263555527,8.241669640,-8.738138782,-1.793301023,0.778639419,-0.234636080,0.548564541,0.194276887,207,11
1403636711.313555479,8.271545872,-8.731389804,-1.799083024,0.777542352,-0.233662452,0.551570685,0.191310035,193,11
1403636711.363555431,8.295224478,-8.725316073,-1.799918560,0.776503191,-0.234353296,0.553486964,0.189138858,197,11
1403636711.413555384,8.326361979,-8.719858972,-1.806483825,0.773624385,-0.235568778,0.557340436,0.188107150,204,11
1403636711.463555574,8.350489010,-8.709093531,-1.811855617,0.768995853,-0.235412898,0.563995794,0.187443031,190,11
1403636711.513555527,8.373181860,-8.699234530,-1.810991677,0.764894800,-0.235190806,0.569423928,0.188089395,213,11
1403636711.563555479,8.395903312,-8.687158573,-1.809307877,0.761951471,-0.234177416,0.572584448,0.191671446,191,11
1403636711.613555431,8.419525450,-8.673771705,-1.807287996,0.760144013,-0.233159750,0.574449764,0.194486708,181,11
1403636711.663555384,8.441074732,-8.658527802,-1.803988748,0.759154078,-0.233017734,0.574894130,0.197191685,171,11
1403636711.713555574,8.462167634,-8.643563940,-1.803201076,0.759747020,-0.232815565,0.573298265,0.199776069,202,11
1403636711.763555527,8.481415030,-8.625157595,-1.798771415,0.760047683,-0.233727757,0.572365576,0.200241110,213,11
1403636711.813555479,8.493992191,-8.601105434,-1.790072241,0.760596948,-0.236061518,0.571166749,0.198836081,195,11
1403636711.863555431,8.512367115,-8.581060923,-1.787798998,0.761981944,-0.239723201,0.569057673,0.195165747,219,11
1403636711.913555384,8.529971691,-8.557620234,-1.781146628,0.762958410,-0.244555476,0.567296892,0.190424054,206,11
1403636711.963555574,8.540767732,-8.531523928,-1.771285283,0.764405137,-0.249773871,0.564937019,0.184780854,196,11
1403636712.013555527,8.550833294,-8.506715289,-1.761306004,0.764837347,-0.254572239,0.564054720,0.179050497,197,11
1403636712.063555479,8.566421803,-8.483755064,-1.750792943,0.764860966,-0.258507831,0.563779294,0.174110056,186,11
1403636712.113555431,8.576984536,-8.459977051,-1.738683169,0.764640854,-0.261158723,0.563779804,0.171093009,210,11
1403636712.163555384,8.586492463,-8.436356254,-1.725526205,0.763922247,-0.261336925,0.564923219,0.170257362,194,11
1403636712.213555574,8.592718490,-8.412542737,-1.712733111,0.765458534,-0.256996348,0.564272267,0.172113097,176,11
1403636712.263555527,8.598154440,-8.388842578,-1.697090362,0.767417175,-0.249583631,0.564130013,0.174746157,171,11
1403636712.313555479,8.604476173,-8.364890677,-1.684055774,0.769166209,-0.240997893,0.564929941,0.176514932,178,11
1403636712.363555431,8.608364132,-8.340802485,-1.669580976,0.771224019,-0.231708884,0.565741359,0.177373113,189,11
1403636712.413555384,8.614503305,-8.315925084,-1.655773550,0.772883744,-0.223928829,0.566743678,0.176941238,195,11
1403636712.463555574,8.619858087,-8.291027173,-1.641493308,0.774407866,-0.216466433,0.567714815,0.176450074,210,11
1403636712.513555527,8.626603163,-8.265129916,-1.624721082,0.775605382,-0.210522373,0.568870718,0.174650302,194,11
1403636712.563555479,8.628435557,-8.238873687,-1.605661953,0.775952106,-0.206126524,0.570987296,0.171416726,185,11
1403636712.613555431,8.629178692,-8.211520836,-1.587071001,0.775279324,-0.202226210,0.574251281,0.168172521,186,11
1403636712.663555384,8.635683492,-8.184116302,-1.568518726,0.774129697,-0.199051618,0.578100754,0.164015802,181,11
1403636712.713555574,8.636165591,-8.154523505,-1.554701699,0.773380016,-0.196741856,0.580838767,0.160631002,202,11
1403636712.763555527,8.633941856,-8.124575581,-1.540755679,0.772974649,-0.193948235,0.583270769,0.157128878,194,11
1403636712.813555479,8.627133748,-8.092983523,-1.525915221,0.773689209,-0.192552956,0.583511546,0.154410630,176,11
1403636712.863555431,8.617884781,-8.061914335,-1.509487769,0.775268265,-0.191898831,0.582181458,0.152311212,173,11
1403636712.913555384,8.612782249,-8.029422281,-1.498260609,0.776863549,-0.191813257,0.580524978,0.150603620,180,11
1403636712.963555574,8.599229069,-7.993221481,-1.487464956,0.778809643,-0.191420137,0.578158082,0.150156928,173,11
1403636713.013555527,8.593245020,-7.956802460,-1.477991724,0.780271121,-0.189934529,0.576398460,0.151217287,178,11
1403636713.063555479,8.584353422,-7.922319207,-1.467837453,0.779993301,-0.190229736,0.576967693,0.150104559,194,11
1403636713.113555431,8.572435762,-7.884725187,-1.457800141,0.780080664,-0.190912927,0.577097979,0.148271152,179,11
1403636713.163555384,8.559419246,-7.845874472,-1.448859558,0.780863935,-0.190825935,0.576512547,0.146527341,189,11
1403636713.213555574,8.547151717,-7.807943464,-1.435694289,0.781671465,-0.191616291,0.575528569,0.145050969,192,11
1403636713.263555527,8.533053445,-7.769171368,-1.420968578,0.783099208,-0.192297615,0.573638090,0.143932621,188,11
1403636713.313555479,8.519069542,-7.732016477,-1.403017198,0.783635962,-0.192229397,0.572859482,0.144203162,209,11
1403636713.363555431,8.505354951,-7.694988343,-1.381549604,0.784985122,-0.193812175,0.570768439,0.143033519,203,11
1403636713.413555384,8.493645977,-7.658636121,-1.358798061,0.784956156,-0.195271801,0.570733200,0.141337789,187,11
1403636713.463555574,8.480393520,-7.623189777,-1.335544411,0.785179904,-0.196583778,0.570266159,0.140156503,183,11
1403636713.513555527,8.463338338,-7.587312333,-1.312079896,0.785406024,-0.198264218,0.569834816,0.138264098,191,11
1403636713.563555479,8.445019559,-7.548238732,-1.286855931,0.785004536,-0.200170815,0.570148284,0.136493430,191,11
1403636713.613555431,8.429063600,-7.510403038,-1.264247104,0.785548599,-0.202997868,0.569087915,0.133582221,192,11
1403636713.663555384,8.411692297,-7.474438932,-1.242118312,0.785751867,-0.205848814,0.568378038,0.131021657,208,11
1403636713.713555574,8.392062715,-7.434448668,-1.233349381,0.785509133,-0.208299075,0.568203248,0.129352099,173,11
1403636713.763555527,8.373818868,-7.399195211,-1.221719046,0.785514722,-0.210896087,0.567668406,0.127444274,186,11
1403636713.813555479,8.356000180,-7.367003546,-1.210440865,0.785294781,-0.212566535,0.567592842,0.126356399,189,11
1403636713.863555431,8.327635577,-7.335691930,-1.203572959,0.785404193,-0.213924676,0.566982067,0.126126214,185,11
1403636713.913555384,8.307534565,-7.304529916,-1.193345081,0.785855616,-0.213825555,0.565925106,0.128212159,207,11
1403636713.963555574,8.286754953,-7.273924712,-1.184183584,0.786578299,-0.213521330,0.564559996,0.130289029,203,11
1403636714.013555527,8.263095850,-7.245465377,-1.176412279,0.786924991,-0.213510145,0.563630171,0.132225212,186,11
1403636714.063555479,8.238650928,-7.219897375,-1.167851142,0.786904361,-0.211737943,0.563080064,0.137438760,182,11
1403636714.113555431,8.219630194,-7.196861792,-1.163305473,0.787111746,-0.211987273,0.562322592,0.138959703,190,11
1403636714.163555384,8.200167602,-7.170034263,-1.157409898,0.787342724,-0.212192578,0.561428881,0.140937418,190,11
1403636714.213555574,8.172707378,-7.141117161,-1.151116376,0.786240756,-0.213142076,0.562451171,0.141578983,191,11
1403636714.263555527,8.151043584,-7.115436353,-1.147272698,0.785074717,-0.215155167,0.563627490,0.140321043,207,11
1403636714.313555479,8.120702961,-7.085624885,-1.133881292,0.784255817,-0.217240443,0.564435454,0.138426955,172,11
1403636714.363555431,8.097300848,-7.059246666,-1.128530507,0.784751036,-0.218671720,0.563344472,0.137809636,186,11
1403636714.413555384,8.074409858,-7.035867311,-1.125674175,0.786238623,-0.219371803,0.560890206,0.138228130,189,11
1403636714.463555574,8.048586612,-7.015904706,-1.124581087,0.789568163,-0.219311876,0.556731234,0.136142391,185,11
1403636714.513555527,8.025916395,-6.993837412,-1.124707853,0.792452945,-0.218159812,0.553645845,0.133794260,207,11
1403636714.563555479,7.998894233,-6.970852129,-1.124438758,0.795019590,-0.215993513,0.551659422,0.130240302,203,11
1403636714.613555431,7.975758122,-6.951001096,-1.126969343,0.798532155,-0.212094241,0.549089236,0.125950153,186,11
1403636714.663555384,7.953867087,-6.931603230,-1.131381814,0.801400680,-0.205890584,0.548048407,0.122511067,182,11
1403636714.713555574,7.926517609,-6.912698019,-1.139032756,0.804231409,-0.198299935,0.547799956,0.117491213,189,11
1403636714.763555527,7.904170901,-6.893804071,-1.138802922,0.806830341,-0.189732778,0.547972477,0.112926690,190,11
1403636714.813555479,7.883815678,-6.877450255,-1.135966079,0.809386367,-0.178189597,0.548904051,0.108841713,189,11
1403636714.863555431,7.864111670,-6.862326585,-1.131303384,0.811382794,-0.165715138,0.550663372,0.104720128,205,11
1403636714.913555384,7.840003731,-6.836916004,-1.128087202,0.813777635,-0.153243463,0.551689809,0.099602998,165,11
1403636714.963555574,7.820427660,-6.817235838,-1.120449141,0.816321917,-0.141631777,0.552151616,0.093207088,172,11
1403636715.013555527,7.802811184,-6.802596430,-1.109710097,0.818299354,-0.131033054,0.552725574,0.087811987,200,11
1403636715.063555479,7.781378342,-6.786634077,-1.096968658,0.820089268,-0.121382024,0.553049681,0.082801244,189,11
1403636715.113555431,7.764309386,-6.773722016,-1.083828001,0.821543150,-0.112516636,0.553255766,0.079466447,209,11
1403636715.163555384,7.749003814,-6.761343282,-1.069249010,0.822453958,-0.106399150,0.553747697,0.074914595,206,11
1403636715.213555574,7.734936652,-6.749183913,-1.053586644,0.823694989,-0.100967911,0.553236671,0.072534346,191,11
1403636715.263555527,7.716387528,-6.734344935,-1.045100154,0.823085445,-0.096750602,0.555333382,0.069097799,181,11
1403636715.313555479,7.696747865,-6.716651202,-1.039559677,0.822003292,-0.094409810,0.557746660,0.065696571,186,11
1403636715.363555431,7.684006848,-6.701734252,-1.031892850,0.820786199,-0.092017817,0.560106438,0.064214607,193,11
1403636715.413555384,7.673262298,-6.690358089,-1.026060649,0.818776907,-0.092742963,0.563413073,0.059739666,187,11
1403636715.463555574,7.662211441,-6.678915456,-1.021248491,0.816652638,-0.093640623,0.566681278,0.056411274,215,11
1403636715.513555527,7.653573471,-6.664986447,-1.027097389,0.814181906,-0.096471975,0.570290708,0.050690141,178,11
1403636715.563555479,7.642792420,-6.651947553,-1.031150943,0.812100862,-0.100591901,0.573108455,0.043819607,169,11
1403636715.613555431,7.631029822,-6.641972079,-1.032808227,0.811507888,-0.102509446,0.573810271,0.041091779,197,11
1403636715.663555384,7.622299418,-6.635925427,-1.033358280,0.808935553,-0.101787891,0.577460803,0.042444278,194,11
1403636715.713555574,7.611150081,-6.629904210,-1.037409053,0.805538558,-0.099335731,0.582242034,0.047267941,212,11
1403636715.763555527,7.599193774,-6.624813053,-1.041941436,0.802643462,-0.096824019,0.586185889,0.052675289,211,11
1403636715.813555479,7.586388657,-6.620299685,-1.046056807,0.800003089,-0.094909396,0.589641695,0.057532038,200,11
1403636715.863555431,7.580262916,-6.614100030,-1.044143126,0.797504040,-0.093663246,0.592861238,0.061074176,187,11
1403636715.913555384,7.582522678,-6.610879612,-1.037273168,0.795265481,-0.091983731,0.595619134,0.065800121,195,11
1403636715.963555574,7.576121731,-6.606691177,-1.032938519,0.793528230,-0.092386616,0.597628966,0.067950575,207,11
1403636716.013555527,7.555085387,-6.598798757,-1.026698261,0.792703108,-0.093006301,0.598526909,0.068826956,184,11
1403636716.063555479,7.537500387,-6.593293044,-1.021470296,0.792611019,-0.094294096,0.598382542,0.069388252,212,11
1403636716.113555431,7.519166643,-6.584006745,-1.011378970,0.793452418,-0.096581637,0.596979242,0.068709774,177,11
1403636716.163555384,7.499466822,-6.575944694,-1.001742278,0.796325358,-0.098485704,0.592899369,0.068094257,168,11
1403636716.213555574,7.476488923,-6.569900500,-0.992331987,0.799843250,-0.101888654,0.587751169,0.066468340,196,11
1403636716.263555527,7.464982814,-6.564971812,-0.982744941,0.802007735,-0.103828262,0.584363282,0.067252063,194,11
1403636716.313555479,7.439675382,-6.559556004,-0.973328318,0.804232551,-0.105795483,0.580911392,0.067522402,212,11
1403636716.363555431,7.413381639,-6.555283663,-0.963738658,0.805443604,-0.107622693,0.578846080,0.067935067,211,11
1403636716.413555384,7.385517189,-6.551579729,-0.954372819,0.805511289,-0.108790060,0.578429069,0.068819317,200,11
1403636716.463555574,7.360133172,-6.542597841,-0.954454531,0.805908221,-0.109688938,0.577547008,0.070140780,187,11
1403636716.513555527,7.336346042,-6.527945281,-0.958079330,0.805456712,-0.110859809,0.577780380,0.071550121,195,11
1403636716.563555479,7.311958006,-6.518809907,-0.959811437,0.804829834,-0.109168854,0.578715886,0.073614010,207,11
1403636716.613555431,7.298277440,-6.519300169,-0.970729771,0.805389546,-0.107205114,0.578256858,0.073984783,184,11
1403636716.663555384,7.272538920,-6.513472664,-0.978560722,0.805458470,-0.104074706,0.578905716,0.072617352,212,11
1403636716.713555574,7.252915388,-6.504081956,-0.990029673,0.805999734,-0.099682490,0.579187286,0.070497642,177,11
1403636716.763555527,7.233300149,-6.497586385,-1.000638942,0.806149350,-0.095238800,0.580115580,0.067221346,168,11
1403636716.813555479,7.205715926,-6.490514003,-1.009298408,0.806818577,-0.089459077,0.580597281,0.062830364,196,11
1403636716.863555431,7.206814626,-6.486483769,-1.021829250,0.808125967,-0.082328973,0.580343051,0.057933624,194,11
1403636716.913555384,7.180397270,-6.479111441,-1.029365629,0.809048920,-0.074602566,0.580677558,0.051844718,211,11
1403636716.963555574,7.156351206,-6.472041114,-1.035761786,0.810920589,-0.064702729,0.579773940,0.045645728,209,11
1403636717.013555527,7.130669926,-6.464648372,-1.040747199,0.811502709,-0.054970677,0.580445628,0.039044217,197,11
1403636717.063555479,7.105722094,-6.456374256,-1.041581076,0.812328610,-0.044307245,0.580577346,0.033000651,179,11
1403636717.113555431,7.090124365,-6.451209030,-1.036110005,0.813048450,-0.033984389,0.580584820,0.026805695,178,11
1403636717.163555384,7.073093302,-6.447256235,-1.031051904,0.813524897,-0.025185435,0.580545539,0.022579050,207,11
1403636717.213555574,7.049403503,-6.440615664,-1.023987659,0.814175586,-0.017725392,0.580044100,0.018782110,184,11
1403636717.263555527,7.024856052,-6.433620139,-1.022652377,0.814424681,-0.010070120,0.579919102,0.017460441,208,11
1403636717.313555479,7.002100143,-6.428577539,-1.015021690,0.814918038,-0.002518872,0.579279604,0.018368082,173,11
1403636717.363555431,6.963070286,-6.419180063,-1.002332432,0.814545518,0.004586759,0.579701135,0.021003700,170,11
1403636717.413555384,6.935367613,-6.410714806,-0.997301423,0.814272859,0.010961266,0.579897651,0.023627855,192,11
1403636717.463555574,6.913758708,-6.404542767,-0.987591589,0.814109111,0.015226851,0.579984637,0.024745085,192,11
1403636717.513555527,6.888062516,-6.394184888,-0.986152611,0.814257789,0.017125721,0.579742551,0.024280403,208,11
1403636717.563555479,6.853004041,-6.382471749,-0.982775661,0.814091183,0.016842706,0.580099191,0.021372842,207,11
1403636717.613555431,6.827809559,-6.369964926,-0.984115995,0.814417285,0.015286341,0.579807062,0.017736515,203,11
1403636717.663555384,6.808242809,-6.355065985,-0.981819457,0.814081737,0.014279001,0.580341713,0.016447867,188,11
1403636717.713555574,6.797232788,-6.346507307,-0.986583023,0.814159994,0.012847690,0.580289919,0.015557965,169,11
1403636717.763555527,6.774742874,-6.333948686,-0.990723622,0.813942235,0.015743963,0.580470473,0.017441202,201,11
1403636717.813555479,6.753644789,-6.320952011,-0.997062090,0.814682039,0.017769655,0.579380530,0.017193491,180,11
1403636717.863555431,6.728997494,-6.302504788,-1.003076227,0.815069514,0.022045229,0.578708420,0.016500277,205,11
1403636717.913555384,6.706410626,-6.284401559,-1.001191567,0.815535456,0.027461535,0.577861168,0.014975131,167,11
1403636717.963555574,6.683734494,-6.264048163,-1.000177391,0.815359148,0.033512209,0.577840276,0.012923120,165,11
1403636718.013555527,6.659356435,-6.240922311,-1.000828460,0.815122983,0.040104570,0.577834286,0.008583986,185,11
1403636718.063555479,6.632031554,-6.219321627,-0.995011751,0.815194016,0.046789055,0.577287372,0.002964963,186,11
1403636718.113555431,6.602145398,-6.193167174,-0.990679551,-0.814458562,-0.052656252,-0.577795550,0.006072265,207,11
1403636718.163555384,6.577619346,-6.166401906,-0.986971725,-0.813970110,-0.058627199,-0.577739126,0.015264805,197,11
1403636718.213555574,6.553569570,-6.139299707,-0.985504237,-0.813792326,-0.063883831,-0.577151121,0.023611218,213,11
1403636718.263555527,6.527108222,-6.116164893,-0.981670166,-0.814502572,-0.068324285,-0.575291687,0.030932614,200,11
1403636718.313555479,6.503100461,-6.100573990,-0.985938743,-0.814775296,-0.072278863,-0.573976628,0.038312049,179,11
1403636718.363555431,6.478340466,-6.076030742,-0.989621362,-0.814438810,-0.077289006,-0.573327118,0.044853655,201,11
1403636718.413555384,6.461224398,-6.054568204,-0.998774744,-0.814425678,-0.082687442,-0.572040389,0.051413954,179,11
1403636718.463555574,6.436202247,-6.026974738,-1.006367040,-0.814023133,-0.087259773,-0.571195164,0.059060611,203,11
1403636718.513555527,6.414569095,-6.003147153,-1.014260730,-0.813329344,-0.093081411,-0.570534122,0.065742266,195,11
1403636718.563555479,6.394787167,-5.980057569,-1.024376446,-0.813092173,-0.096909031,-0.569360991,0.072923385,175,11
1403636718.613555431,6.371549248,-5.952966992,-1.035758415,-0.812989998,-0.100404065,-0.568048154,0.079294274,190,11
1403636718.663555384,6.354895722,-5.925789656,-1.046649123,-0.813053190,-0.102060362,-0.566483489,0.087319238,206,11
1403636718.713555574,6.334070110,-5.899182939,-1.059083592,-0.813393500,-0.104038589,-0.564621259,0.093647315,222,11
1403636718.763555527,6.315952424,-5.878138098,-1.068941051,-0.812797530,-0.107041709,-0.564225996,0.097730615,195,11
1403636718.813555479,6.296866062,-5.854266102,-1.082194887,-0.812630734,-0.112113048,-0.563602212,0.097028350,217,11
1403636718.863555431,6.275325999,-5.832388092,-1.095097057,-0.811593094,-0.117663830,-0.564402266,0.094456099,204,11
1403636718.913555384,6.257564544,-5.812620426,-1.106025247,-0.810787529,-0.122063199,-0.565018475,0.092077581,185,11
1403636718.963555574,6.242183851,-5.792269786,-1.115056146,-0.809844822,-0.126513602,-0.565891102,0.088954673,207,11
1403636719.013555527,6.228462597,-5.772658946,-1.120638438,-0.809112882,-0.129989570,-0.566519669,0.086570899,188,11
1403636719.063555479,6.210000475,-5.746083556,-1.130090613,-0.807401499,-0.131633298,-0.568697357,0.085783510,194,11
1403636719.113555431,6.194350984,-5.727638742,-1.134056105,-0.805793931,-0.132773486,-0.570804474,0.085144552,193,11
1403636719.163555384,6.179809022,-5.708816457,-1.135847457,-0.803766490,-0.132764822,-0.573559578,0.085804086,173,11
1403636719.213555574,6.159558547,-5.686381924,-1.141263097,-0.801773458,-0.132336918,-0.576329958,0.086545030,178,11
1403636719.263555527,6.140719054,-5.667331070,-1.142718568,-0.799776081,-0.131234372,-0.579224830,0.087374800,194,11
1403636719.313555479,6.127086801,-5.645833939,-1.148105613,-0.798611610,-0.129012890,-0.580986388,0.089610194,208,11
1403636719.363555431,6.102796819,-5.621862700,-1.152575866,-0.797074286,-0.127869246,-0.583262103,0.090151854,185,11
1403636719.413555384,6.087419483,-5.600675256,-1.160751592,-0.796396579,-0.126581691,-0.584357769,0.090860123,209,11
1403636719.463555574,6.071522840,-5.580040418,-1.170436455,-0.796101985,-0.125052193,-0.584980616,0.091549207,198,11
1403636719.513555527,6.049022439,-5.562464234,-1.178253284,-0.796221185,-0.123644116,-0.585028171,0.092119465,180,11
1403636719.563555479,6.025120000,-5.548253201,-1.187386875,-0.798091306,-0.122672990,-0.582727374,0.091817281,222,11
1403636719.613555431,6.004210950,-5.537364688,-1.191647220,-0.799933827,-0.120900600,-0.580405571,0.092834748,203,11
1403636719.663555384,5.974167274,-5.521268223,-1.195704273,-0.802033761,-0.120379167,-0.577857212,0.091278392,209,11
1403636719.713555574,5.952580984,-5.506030429,-1.202499487,-0.804339557,-0.119092111,-0.575050055,0.090401218,207,11
1403636719.763555527,5.929352600,-5.491676272,-1.207167997,-0.806029572,-0.117322148,-0.573151817,0.089715312,187,11
1403636719.813555479,5.907092726,-5.478075485,-1.208406000,-0.807867764,-0.115880834,-0.571008800,0.088714479,195,11
1403636719.863555431,5.884607012,-5.465662914,-1.206979838,-0.807846618,-0.114527074,-0.571389371,0.088213252,207,11
1403636719.913555384,5.866267460,-5.450657821,-1.208164126,-0.808427618,-0.113013979,-0.570943478,0.087727827,221,11
1403636719.963555574,5.834605790,-5.431217593,-1.209555723,-0.808871864,-0.111955690,-0.570600451,0.087220164,197,11
1403636720.013555527,5.816680081,-5.417153076,-1.211838840,-0.809241090,-0.110889112,-0.570501146,0.085795716,221,11
1403636720.063555479,5.795563816,-5.409808895,-1.211927054,-0.809704303,-0.110422479,-0.569888385,0.086099056,210,11
1403636720.113555431,5.750809832,-5.405099563,-1.209943571,-0.809303794,-0.110623718,-0.570417237,0.086104222,174,11
1403636720.163555384,5.728136214,-5.394585132,-1.216420410,-0.810007527,-0.110352517,-0.569520157,0.085772490,215,11
1403636720.213555574,5.706747915,-5.385261331,-1.224066898,-0.810157675,-0.109811971,-0.569297313,0.086524234,198,11
1403636720.263555527,5.684725253,-5.377918884,-1.232357053,-0.809554231,-0.110055078,-0.570048110,0.086919381,205,11
1403636720.313555479,5.666008744,-5.366240578,-1.240216667,-0.809524081,-0.109657969,-0.570059326,0.087625669,204,11
1403636720.363555431,5.647068986,-5.355046567,-1.249010753,-0.809454583,-0.110109543,-0.570067426,0.087648715,184,11
1403636720.413555384,5.623713981,-5.348002791,-1.259279248,-0.809396881,-0.110374866,-0.569960528,0.088538542,192,11
1403636720.463555574,5.601209327,-5.341156836,-1.265700923,-0.809635852,-0.110522501,-0.569410730,0.089699406,203,11
1403636720.513555527,5.580954253,-5.332553741,-1.273286745,-0.809845796,-0.110654733,-0.568962288,0.090483324,215,11
1403636720.563555479,5.556631231,-5.324520652,-1.279855954,-0.809898791,-0.110595807,-0.568633640,0.092131968,194,11
1403636720.613555431,5.538027276,-5.315995012,-1.281498994,-0.810185785,-0.111854335,-0.568100772,0.091373486,215,11
1403636720.663555384,5.520160635,-5.310588625,-1.277953596,-0.810212445,-0.112088924,-0.567763070,0.092935265,205,11
1403636720.713555574,5.502644849,-5.304921191,-1.278077251,-0.809152949,-0.111888638,-0.569306577,0.092964827,171,11
1403636720.763555527,5.484779112,-5.298737495,-1.271768774,-0.809590710,-0.110338819,-0.569026945,0.092717653,209,11
1403636720.813555479,5.467546591,-5.293194297,-1.264249091,-0.810131985,-0.107880014,-0.569087136,0.090487028,192,11
1403636720.863555431,5.448599978,-5.289737541,-1.261886326,-0.810694164,-0.105075856,-0.569402526,0.086687950,200,11
1403636720.913555384,5.431931668,-5.285571035,-1.255803240,-0.811377856,-0.100133995,-0.569875600,0.082951542,198,11
1403636720.963555574,5.415666527,-5.281850119,-1.251097168,-0.811564718,-0.094458479,-0.571104219,0.079248188,178,11
1403636721.013555527,5.399423716,-5.278352946,-1.247869299,-0.811411402,-0.088351011,-0.572614387,0.076931132,187,11
1403636721.063555479,5.384938237,-5.268704958,-1.249669875,-0.810687593,-0.081963391,-0.575006351,0.073724662,199,11
1403636721.113555431,5.370365225,-5.265434849,-1.249259250,-0.810788175,-0.075125490,-0.576250159,0.070103140,213,11
1403636721.163555384,5.338579096,-5.271542815,-1.268065938,-0.810125919,-0.068076106,-0.578662190,0.064897683,192,11
1403636721.213555574,5.322867787,-5.269955268,-1.269247818,-0.810453350,-0.060575428,-0.579502931,0.060599822,214,11
1403636721.263555527,5.306821265,-5.269096157,-1.267532265,-0.809339587,-0.053624027,-0.582112825,0.056908306,204,11
1403636721.313555479,5.309087290,-5.259394480,-1.282071728,-0.809788399,-0.048172112,-0.582382728,0.052464795,170,11
1403636721.363555431,5.293131560,-5.259508308,-1.277947433,-0.810251020,-0.042917324,-0.582506846,0.048344203,208,11
1403636721.413555384,5.276317941,-5.259349318,-1.271538279,-0.809962679,-0.039263826,-0.583472091,0.044487417,191,11
1403636721.463555574,5.259789645,-5.262546477,-1.266900554,-0.809961194,-0.035962712,-0.583879824,0.041879574,200,11
1403636721.513555527,5.241534562,-5.263660225,-1.257001152,-0.811068455,-0.032581461,-0.582834249,0.037558606,198,11
1403636721.563555479,5.223322086,-5.265502564,-1.248885783,-0.811363116,-0.028162638,-0.582875724,0.033950702,178,11
1403636721.613555431,5.204381074,-5.267462935,-1.241364969,-0.812237511,-0.024611502,-0.582089372,0.028921673,187,11
1403636721.663555384,5.184935298,-5.269772334,-1.237299209,-0.813479317,-0.020960010,-0.580656845,0.025489375,199,11
1403636721.713555574,5.166044576,-5.270704297,-1.233384438,-0.812879206,-0.018798175,-0.581699536,0.022353416,213,11
1403636721.763555527,5.147004256,-5.271566631,-1.229843769,-0.813100574,-0.017781304,-0.581563900,0.018295169,192,11
1403636721.813555479,5.127924271,-5.273385171,-1.230404456,-0.813256896,-0.016002049,-0.581435173,0.017038073,214,11
1403636721.863555431,5.117364431,-5.266474450,-1.233355289,-0.812705966,-0.015136427,-0.582239900,0.016631278,204,11
1403636721.913555384,5.083512942,-5.258849530,-1.244931498,-0.812294215,-0.015078242,-0.582848974,0.015421667,170,11
1403636721.963555574,5.065453700,-5.259002322,-1.251334587,-0.812382565,-0.016701178,-0.582736860,0.013167831,208,11
1403636722.013555527,5.036792712,-5.267976368,-1.262983788,-0.812431013,-0.019119416,-0.582658242,0.009983446,191,11
1403636722.063555479,5.021277146,-5.277221290,-1.273957328,-0.812058190,-0.021406724,-0.583130417,0.007884472,200,11
1403636722.113555431,5.001707115,-5.276702792,-1.275365897,-0.812261162,-0.022195445,-0.582811741,0.008345193,198,11
1403636722.163555384,4.981583017,-5.275680882,-1.273734238,-0.812607389,-0.021755256,-0.582319730,0.009983571,178,11
1403636722.213555574,4.949518271,-5.284152915,-1.278089933,-0.812628409,-0.022050066,-0.582252391,0.011446248,187,11
1403636722.263555527,4.932143418,-5.281199527,-1.271581778,-0.812950126,-0.021907162,-0.581766363,0.013418933,199,11
1403636722.313555479,4.909570696,-5.279697845,-1.267725373,-0.812723314,-0.021708689,-0.582037242,0.015562654,213,11
1403636722.363555431,4.886205980,-5.282218416,-1.269676437,-0.812980570,-0.021508493,-0.581662017,0.016409596,192,11
1403636722.413555384,4.864035189,-5.280020168,-1.269875435,-0.812815744,-0.020738507,-0.581954212,0.015158349,214,11
1403636722.463555574,4.841846769,-5.277485068,-1.271488650,-0.812537468,-0.018898461,-0.582443234,0.013623192,204,11
1403636722.513555527,4.852858678,-5.290115084,-1.276747174,-0.812627827,-0.016508824,-0.582392496,0.013507595,170,11
1403636722.563555479,4.831508746,-5.288164502,-1.280908478,-0.812902356,-0.014546982,-0.582096119,0.011926986,208,11
1403636722.613555431,4.809369787,-5.285789625,-1.285797266,-0.812359572,-0.014227732,-0.582903816,0.009624912,191,11
1403636722.663555384,4.793085013,-5.289427754,-1.289220196,-0.813045877,-0.013042511,-0.581996542,0.008143700,200,11
1403636722.713555574,4.769435314,-5.287239445,-1.293897620,-0.812344998,-0.012657016,-0.583004049,0.006456196,198,11
1403636722.763555527,4.745558757,-5.284754077,-1.298782530,-0.812955947,-0.012136767,-0.582179744,0.004698181,178,11
1403636722.813555479,4.717100050,-5.285209164,-1.304518965,-0.813448345,-0.012197882,-0.581498535,0.003529218,187,11
1403636722.863555431,4.707914054,-5.275523742,-1.298009374,-0.813482518,-0.012372385,-0.581453149,0.002313523,199,11
1403636722.913555384,4.683984359,-5.271298032,-1.298870979,-0.813667789,-0.011427916,-0.581210509,0.002911331,213,11
1403636722.963555574,4.656245365,-5.277713096,-1.310040623,-0.813943801,-0.010613359,-0.580832696,0.004028002,192,11
1403636723.013555527,4.630488562,-5.273249041,-1.309183466,-0.813693326,-0.009569740,-0.581186814,0.005786088,214,11
1403636723.063555479,4.605403082,-5.268515158,-1.306856245,-0.813212966,-0.008254714,-0.581854748,0.007847576,204,11
1403636723.113555431,4.610883548,-5.283658249,-1.297379110,-0.813033651,-0.007346260,-0.582094248,0.009412797,170,11
1403636723.163555384,4.586774340,-5.280265578,-1.295675068,-0.812955096,-0.007111212,-0.582205304,0.009509224,208,11
1403636723.213555574,4.562396441,-5.276857594,-1.295518560,-0.813058078,-0.006656259,-0.582061756,0.009816750,191,11
1403636723.263555527,4.547772848,-5.273300229,-1.287785318,-0.813559509,-0.007196563,-0.581371439,0.008739877,200,11
1403636723.313555479,4.523430112,-5.270153088,-1.289757944,-0.813316336,-0.008301385,-0.581726742,0.006451540,198,11
1403636723.363555431,4.498990288,-5.267012838,-1.293340256,-0.813312524,-0.007461707,-0.581761572,0.004531535,178,11
1403636723.413555384,4.474225547,-5.263975404,-1.297758805,-0.813042454,-0.005824330,-0.582174910,0.000647807,187,11
1403636723.463555574,4.473448752,-5.249360247,-1.289574708,0.811976462,0.003757771,0.583661773,0.004363441,199,11
1403636723.513555527,4.448831496,-5.244773818,-1.292540662,0.809701494,-0.001028106,0.586789162,0.007804736,213,11
1403636723.563555479,4.435150560,-5.233700770,-1.284330858,0.805959918,-0.007106970,0.591856130,0.009188192,191,11
1403636723.613555431,4.411709182,-5.228353782,-1.283076225,0.802143270,-0.012991057,0.596910186,0.009779400,213,11
1403636723.663555384,4.387837503,-5.223746869,-1.280543187,0.801400319,-0.017681910,0.597757764,0.011425169,203,11
1403636723.713555574,4.371689131,-5.231323394,-1.255837642,0.803887400,-0.021291258,0.594253139,0.013226368,170,11
1403636723.763555527,4.346039812,-5.226706125,-1.249612575,0.806503905,-0.025014792,0.590503659,0.015203321,205,11
1403636723.813555479,4.319763353,-5.221811575,-1.244075764,0.809256181,-0.028790357,0.586541510,0.015639857,188,11
1403636723.863555431,4.310192196,-5.211239982,-1.230581576,0.811329510,-0.031916229,0.583485635,0.016440646,197,11
1403636723.913555384,4.284002102,-5.206173679,-1.227028356,0.813333916,-0.034711552,0.580514288,0.016917779,195,11
1403636723.963555574,4.257729250,-5.201189106,-1.225171884,0.815355832,-0.037398999,0.577491157,0.017324722,174,11
1403636724.013555527,4.254995292,-5.201756209,-1.213111541,0.817667918,-0.039684909,0.574014416,0.018754570,183,11
1403636724.063555479,4.236078093,-5.192111689,-1.213430117,0.819566458,-0.043570916,0.570931139,0.021213954,195,11
1403636724.113555431,4.211290744,-5.188750222,-1.215198129,0.821464241,-0.048331681,0.567666046,0.024815517,208,11
1403636724.163555384,4.186262072,-5.186494207,-1.222081259,0.821364139,-0.053376225,0.567126572,0.029654373,185,11
1403636724.213555574,4.162378026,-5.183683549,-1.225587762,0.821581764,-0.060413845,0.565904750,0.033247341,206,11
1403636724.263555527,4.139382592,-5.181235565,-1.228483183,0.820977204,-0.067604193,0.565622411,0.038696144,215,11
1403636724.313555479,4.152048406,-5.158362807,-1.240512834,0.819802319,-0.074071873,0.566013748,0.045452755,189,11
1403636724.363555431,4.155719071,-5.147745853,-1.240012494,0.818052942,-0.081396096,0.567037370,0.051309658,217,11
1403636724.413555384,4.137883339,-5.143529241,-1.242319350,0.815455400,-0.089065744,0.569022321,0.057561978,199,11
1403636724.463555574,4.125076754,-5.139129394,-1.243570843,0.813542239,-0.096024643,0.570111388,0.062460366,210,11
1403636724.513555527,4.107123935,-5.136388665,-1.241661048,0.811586142,-0.100688380,0.571476732,0.067853736,203,11
1403636724.563555479,4.089712591,-5.133581819,-1.240710641,0.809608351,-0.105105930,0.573029590,0.071583164,183,11
1403636724.613555431,4.087305717,-5.131728116,-1.232083586,0.808914340,-0.108776530,0.572936810,0.074623510,192,11
1403636724.663555384,4.071454050,-5.128524907,-1.226795087,0.808067236,-0.111589175,0.573270228,0.077048322,204,11
1403636724.713555574,4.055720890,-5.124928507,-1.219775187,0.807753340,-0.114134187,0.573004622,0.078572469,217,11
1403636724.763555527,4.040315033,-5.121027228,-1.210703743,0.807807245,-0.116095261,0.572388237,0.079630719,196,11
1403636724.813555479,4.023673007,-5.114659972,-1.198518305,0.808060829,-0.117722104,0.571664223,0.079870016,199,11
1403636724.863555431,4.007988412,-5.109924153,-1.183425918,0.808539197,-0.118760435,0.570838808,0.079393836,207,11
1403636724.913555384,3.960127259,-5.084224218,-1.166813868,0.809040407,-0.118954524,0.570159645,0.078875976,183,11
1403636724.963555574,3.955975496,-5.074449467,-1.149336937,0.809184963,-0.119941145,0.570089595,0.076365380,210,11
1403636725.013555527,3.940598053,-5.067623691,-1.130009112,0.809225641,-0.120972242,0.570210720,0.073343806,193,11
1403636725.063555479,3.929205128,-5.058642910,-1.107563502,0.809444147,-0.121401688,0.570141715,0.070712281,207,11
1403636725.113555431,3.913724892,-5.052336231,-1.085787172,0.809676695,-0.121809459,0.569983062,0.068596015,200,11
1403636725.163555384,3.898700400,-5.046590974,-1.063366749,0.810238985,-0.122299391,0.569320835,0.066553990,180,11
1403636725.213555574,3.870407837,-5.037048407,-1.045671224,0.810231489,-0.121387662,0.569456595,0.067150247,189,11
1403636725.263555527,3.865468966,-5.027719815,-1.025520222,0.810740072,-0.120685517,0.568990512,0.066221891,200,11
1403636725.313555479,3.850310917,-5.022968570,-1.006729689,0.811239411,-0.119237867,0.568376793,0.067976242,214,11
1403636725.363555431,3.849438126,-5.014179150,-0.980445100,0.811416531,-0.118883908,0.568099256,0.068797276,193,11
1403636725.413555384,3.835196527,-5.010524248,-0.964309229,0.810917713,-0.117159433,0.568965874,0.070455412,198,11
1403636725.463555574,3.837856010,-5.006132099,-0.947379043,0.811451973,-0.116634676,0.568252695,0.070928990,205,11
1403636725.513555527,3.838170294,-5.002827548,-0.933638768,0.811423414,-0.115681355,0.568360758,0.071943839,182,11
1403636725.563555479,3.828479205,-5.000157974,-0.921149361,0.811930690,-0.115370646,0.567594060,0.072767787,209,11
1403636725.613555431,3.819106149,-4.998080416,-0.909669638,0.812150668,-0.114516543,0.567299591,0.073948825,192,11
1403636725.663555384,3.806413493,-4.990844342,-0.897633436,0.811312580,-0.114202295,0.568500813,0.074408052,206,11
1403636725.713555574,3.793593116,-4.988437200,-0.890056292,0.811533085,-0.114828167,0.568099567,0.074104158,199,11
1403636725.763555527,3.781490578,-4.985976145,-0.884605020,0.811842921,-0.114542102,0.567742534,0.073889061,179,11
1403636725.813555479,3.777218689,-4.978056043,-0.874535241,0.811879349,-0.114351918,0.567692290,0.074168895,188,11
1403636725.863555431,3.765987265,-4.976139369,-0.870752035,0.812776326,-0.114569954,0.566479035,0.073279414,200,11
1403636725.913555384,3.755350565,-4.974324497,-0.868033044,0.812585825,-0.115295939,0.566808957,0.071684927,214,11
1403636725.963555574,3.745866142,-4.973079857,-0.867694293,0.812946825,-0.115271561,0.566406959,0.070803130,193,11
1403636726.013555527,3.736709611,-4.972014078,-0.868388042,0.811974311,-0.115042155,0.567945032,0.070010444,198,11
1403636726.063555479,3.728281304,-4.971521801,-0.871366059,0.812355715,-0.114215045,0.567531141,0.070295936,205,11
1403636726.113555431,3.707958204,-4.968340957,-0.872282051,0.812260406,-0.113015522,0.567795679,0.071194040,182,11
1403636726.163555384,3.710985177,-4.965070614,-0.875719334,0.811381288,-0.111890577,0.569216734,0.071646448,209,11
1403636726.213555574,3.702765487,-4.964137886,-0.882779121,0.811027216,-0.111183137,0.569871056,0.071555183,192,11
1403636726.263555527,3.694611564,-4.963115598,-0.890244697,0.811046667,-0.110022095,0.570007350,0.072042092,206,11
1403636726.313555479,3.686564922,-4.961838172,-0.896805427,0.810890928,-0.109354268,0.570419351,0.071549360,199,11
1403636726.363555431,3.679190229,-4.960603718,-0.901785877,0.810305462,-0.108294449,0.571402736,0.071946389,179,11
1403636726.413555384,3.672711500,-4.959217943,-0.904249751,0.810125230,-0.107450153,0.571870008,0.071528104,188,11
1403636726.463555574,3.667039305,-4.957685785,-0.904443030,0.809718193,-0.107056336,0.572647963,0.070496096,200,11
1403636726.513555527,3.662049460,-4.956136264,-0.903202755,0.809345626,-0.107938078,0.573308768,0.068015332,214,11
1403636726.563555479,3.657439860,-4.954493800,-0.900034193,0.808218557,-0.111245431,0.574963207,0.061842768,193,11
1403636726.613555431,3.652785574,-4.953134112,-0.895857663,0.806973546,-0.115602768,0.576603111,0.054392542,198,11
1403636726.663555384,3.648918948,-4.952746899,-0.891848475,0.804986119,-0.119374926,0.579186502,0.047853640,205,11
1403636726.713555574,3.608734124,-4.944191084,-0.868078950,0.804863012,-0.119464514,0.579385015,0.047294461,182,11
1403636726.763555527,3.608076475,-4.944200696,-0.858856799,0.804674170,-0.117116749,0.579876541,0.050262747,209,11
1403636726.813555479,3.602413751,-4.946937352,-0.848193929,0.805038470,-0.113280850,0.579728967,0.054725093,192,11
1403636726.863555431,3.590588579,-4.948135021,-0.832339678,0.805376363,-0.108101074,0.579869761,0.058601469,206,11
1403636726.913555384,3.583287804,-4.951308390,-0.818856386,0.805987751,-0.103709793,0.579563175,0.061110965,199,11
1403636726.963555574,3.575371160,-4.954420627,-0.804295309,0.806479650,-0.100169376,0.579363530,0.062406490,179,11
1403636727.013555527,3.574426848,-4.941850896,-0.788335531,0.806644544,-0.098218711,0.579405089,0.062987361,188,11
1403636727.063555479,3.566745449,-4.944298527,-0.772262983,0.806744912,-0.095791604,0.579539600,0.064190863,200,11
1403636727.113555431,3.558791246,-4.946511588,-0.757254541,0.807288102,-0.093526162,0.579043457,0.065172478,214,11
1403636727.163555384,3.550279020,-4.948449706,-0.743916263,0.808074072,-0.090979963,0.578107769,0.067307855,193,11
1403636727.213555574,3.541466269,-4.949375547,-0.734183896,0.808678491,-0.088747735,0.577387325,0.069186810,198,11
1403636727.263555527,3.541783430,-4.947797428,-0.725029842,0.809221559,-0.086484000,0.576737632,0.071096344,205,11
1403636727.313555479,3.488306495,-4.941086333,-0.693132108,0.809633569,-0.084307573,0.576174084,0.073546872,182,11
1403636727.363555431,3.479329039,-4.938851474,-0.688681427,0.810974179,-0.083369141,0.574304556,0.074463039,209,11
1403636727.413555384,3.467157305,-4.936460863,-0.684200882,0.811150420,-0.082593432,0.574070394,0.075209735,192,11
1403636727.463555574,3.444433841,-4.931296632,-0.668574602,0.811656168,-0.081869732,0.573318702,0.076271085,206,11
1403636727.513555527,3.436268533,-4.926456042,-0.668056697,0.810626681,-0.082522606,0.574855748,0.074935127,199,11
1403636727.563555479,3.427650384,-4.920850564,-0.668642219,0.809652433,-0.084604733,0.576311891,0.071899804,179,11
1403636727.613555431,3.418656346,-4.914400303,-0.667728956,0.808618431,-0.085632989,0.577768885,0.070614016,188,11
1403636727.663555384,3.409270406,-4.906732986,-0.664105605,0.808271418,-0.086807722,0.578305053,0.068738641,200,11
1403636727.713555574,3.400459149,-4.898728491,-0.659184654,0.809542805,-0.086860072,0.576483472,0.069011456,214,11
1403636727.763555527,3.391726794,-4.890249269,-0.653501043,0.809976713,-0.086217717,0.575866059,0.069874976,193,11
1403636727.813555479,3.382900372,-4.880893984,-0.646247142,0.810401409,-0.085274588,0.575294618,0.070808923,198,11
1403636727.863555431,3.373827482,-4.870904551,-0.636772005,0.811150182,-0.082515531,0.574072639,0.075280634,204,11
1403636727.913555384,3.364650623,-4.859827097,-0.627514289,0.811348132,-0.079643220,0.573612844,0.079620792,181,11
1403636727.963555574,3.356217785,-4.847583221,-0.621070294,0.811420822,-0.079022421,0.573487637,0.080396744,208,11
1403636728.013555527,3.346951794,-4.834251085,-0.615242580,0.811462386,-0.079990848,0.573446863,0.079302935,192,11
1403636728.063555479,3.337218431,-4.821714345,-0.602793756,0.811481275,-0.081443265,0.573459961,0.077516501,205,11
1403636728.113555431,3.328169291,-4.806277639,-0.598144347,0.810597416,-0.083446511,0.574813486,0.074551759,197,11
1403636728.163555384,3.319115378,-4.790344727,-0.596235700,0.809906646,-0.085043144,0.575701760,0.073391911,177,11
1403636728.213555574,3.309215727,-4.773533342,-0.593552111,0.808984369,-0.085885586,0.577057081,0.071924134,186,11
1403636728.263555527,3.299078824,-4.756892486,-0.593992788,0.808918556,-0.086726162,0.577135520,0.071020663,198,11
1403636728.313555479,3.289292578,-4.739620525,-0.594859076,0.808959566,-0.087760329,0.577071252,0.069794803,212,11
1403636728.363555431,3.295373569,-4.717109859,-0.578303145,0.809744694,-0.088167783,0.575846034,0.070294504,191,11
1403636728.413555384,3.285927514,-4.698964951,-0.583325372,0.809937686,-0.090564879,0.575627005,0.066727044,196,11
1403636728.463555574,3.276557988,-4.680599529,-0.590175607,0.809291024,-0.094436638,0.576492396,0.061532735,203,11
1403636728.513555527,3.262482350,-4.659468827,-0.573696609,0.809080711,-0.098962857,0.576646066,0.055444301,180,11
1403636728.563555479,3.252465692,-4.641487990,-0.581977285,0.809096081,-0.100411990,0.576690225,0.052051403,207,11
1403636728.613555431,3.243523257,-4.624214883,-0.591653276,0.808874054,-0.100280236,0.577268982,0.049266218,192,11
1403636728.663555384,3.234336036,-4.607465231,-0.601612921,0.809838700,-0.095377992,0.576635923,0.050550270,204,11
1403636728.713555574,3.224991354,-4.591105283,-0.610103734,0.810574265,-0.088638091,0.576577816,0.051678538,197,11
1403636728.763555527,3.215180798,-4.575045533,-0.614037949,0.811496900,-0.080609355,0.576464577,0.051609145,177,11
1403636728.813555479,3.205348899,-4.558891245,-0.615975335,0.812648272,-0.071502651,0.576105039,0.050922894,186,11
1403636728.863555431,3.195053668,-4.542626910,-0.614471698,0.813257437,-0.063704619,0.576330848,0.048957292,198,11
1403636728.913555384,3.184609541,-4.526253080,-0.612068571,0.813031192,-0.056319748,0.577582075,0.046982057,212,11
1403636728.963555574,3.174066837,-4.509534836,-0.609853212,0.812805867,-0.050969405,0.578619759,0.044135207,191,11
1403636729.013555527,3.162143993,-4.491961104,-0.607093184,0.812133074,-0.045804244,0.580188246,0.041514338,196,11
1403636729.063555479,3.149157918,-4.473960699,-0.607869210,0.811658976,-0.041701599,0.581298471,0.039531899,203,11
1403636729.113555431,3.123504426,-4.457705447,-0.514760367,0.810769788,-0.037518261,0.582954475,0.037534136,180,11
1403636729.163555384,3.110563358,-4.438845961,-0.515730965,0.811043415,-0.034551873,0.582847284,0.036108028,207,11
1403636729.213555574,3.097310713,-4.419419882,-0.518051020,0.812391937,-0.032788323,0.581186826,0.034148793,192,11
1403636729.263555527,3.024490332,-4.415289759,-0.523580317,0.812852852,-0.032268440,0.580749461,0.030968573,204,11
1403636729.313555479,3.009160017,-4.395436850,-0.527407198,0.813093426,-0.030986216,0.580526142,0.030138560,197,11
1403636729.363555431,2.993447398,-4.374976937,-0.531604744,0.813083631,-0.030591175,0.580636375,0.028645922,177,11
1403636729.413555384,2.889562802,-4.403614194,-0.534325899,0.812513993,-0.029640608,0.581506703,0.028149602,186,11
1403636729.463555574,2.870554624,-4.384357598,-0.536395190,0.812391304,-0.029052674,0.581717139,0.027954984,198,11
1403636729.513555527,2.850545473,-4.364702831,-0.537061280,0.812833938,-0.028693660,0.581133802,0.027589269,212,11
1403636729.563555479,2.835339659,-4.350760263,-0.506421541,0.813261053,-0.028796673,0.580562140,0.026922351,191,11
1403636729.613555431,2.816002816,-4.331076224,-0.502770686,0.813778581,-0.028672991,0.579853105,0.026695656,196,11
1403636729.663555384,2.795930461,-4.311276238,-0.497301576,0.814197402,-0.028996477,0.579267584,0.026284238,203,11
1403636729.713555574,2.737978321,-4.306760435,-0.480435852,0.813971001,-0.029965803,0.579601273,0.024811778,180,11
1403636729.763555527,2.716111115,-4.286401560,-0.470592041,0.815453001,-0.029801840,0.577493232,0.025491597,207,11
1403636729.813555479,2.694329821,-4.266286043,-0.462198737,0.816366291,-0.030548055,0.576166264,0.025403382,192,11
1403636729.863555431,2.712816946,-4.240218193,-0.442581225,0.818099744,-0.030511149,0.573676988,0.026011359,204,11
1403636729.913555384,2.691735152,-4.219340979,-0.435027006,0.819085824,-0.032020720,0.572253181,0.024482291,197,11
1403636729.963555574,2.671000693,-4.198375066,-0.428477572,0.820121639,-0.031472084,0.570759381,0.025371906,177,11
1403636730.013555527,2.558971075,-4.210157965,-0.417914581,0.820871317,-0.032166170,0.569684855,0.024388199,186,11
1403636730.063555479,2.535336562,-4.190246538,-0.412644763,0.821446766,-0.032077750,0.568864950,0.024267200,198,11
1403636730.113555431,2.513908941,-4.169959802,-0.410568044,0.821863462,-0.031928024,0.568303296,0.023503507,212,11
1403636730.163555384,2.503561729,-4.138973164,-0.422381574,0.821661522,-0.032805637,0.568575621,0.022757344,191,11
1403636730.213555574,2.482011682,-4.118009223,-0.420485369,0.822529521,-0.032259251,0.567321340,0.023473929,196,11
1403636730.263555527,2.460115684,-4.097346689,-0.417601271,0.822843306,-0.031628501,0.566901293,0.023483102,201,11
1403636730.313555479,2.487745342,-4.079664738,-0.431545013,0.822654072,-0.032801772,0.567183914,0.021603932,178,11
1403636730.363555431,2.467929057,-4.059924158,-0.432240499,0.822946205,-0.032587167,0.566787528,0.021201868,205,11
1403636730.413555384,2.448595267,-4.040314211,-0.433358088,0.823696092,-0.031931606,0.565720257,0.021580369,190,11
1403636730.463555574,2.451347261,-4.020270632,-0.437568212,0.825819111,-0.032099095,0.562635448,0.020827779,204,11
1403636730.513555527,2.434105178,-4.001055836,-0.435685655,0.828003867,-0.031280843,0.559429633,0.021670059,195,11
1403636730.563555479,2.418217207,-3.981725396,-0.431614176,0.830443752,-0.031578291,0.555812576,0.020937216,175,11
1403636730.613555431,2.293615704,-3.994923493,-0.421664886,0.831748995,-0.031472340,0.553895228,0.020079287,184,11
1403636730.663555384,2.278700413,-3.977907212,-0.415680965,0.832596300,-0.031808460,0.552619781,0.019570374,196,11
1403636730.713555574,2.266199394,-3.960953637,-0.405926267,0.832854176,-0.031348208,0.552274201,0.019089736,210,11
1403636730.763555527,2.260784422,-3.959022584,-0.419297221,0.833427767,-0.031445096,0.551391123,0.019421423,189,11
1403636730.813555479,2.251787073,-3.943259591,-0.405614626,0.833664215,-0.030960986,0.551060356,0.019439062,194,11
1403636730.863555431,2.243810880,-3.927658654,-0.390992680,0.834079455,-0.032357593,0.550407505,0.017777172,201,11
1403636730.913555384,2.268177427,-3.904322363,-0.384349051,0.834224058,-0.034505051,0.550140730,0.014993316,178,11
1403636730.963555574,2.265021352,-3.890571876,-0.374140144,0.833355750,-0.037689977,0.551345031,0.010785031,205,11
1403636731.013555527,2.263106649,-3.877320993,-0.365363807,0.832413423,-0.041164328,0.552584153,0.006644174,190,11
1403636731.063555479,2.276398193,-3.861338896,-0.359804872,0.828970045,-0.045127783,0.557467904,0.001297397,204,11
1403636731.113555431,2.276795461,-3.850198668,-0.352672056,-0.824651725,0.047719792,-0.563622487,0.001430424,195,11
1403636731.163555384,2.278375940,-3.840158530,-0.345930529,-0.821558725,0.049081732,-0.568000400,0.002791110,175,11
1403636731.213555574,2.206752300,-3.839889469,-0.341062344,-0.819154501,0.048346459,-0.571530942,0.000951443,184,11
1403636731.263555527,2.206923628,-3.832880859,-0.336503236,0.817335250,-0.046104343,0.574307765,0.002840660,196,11
1403636731.313555479,2.207009064,-3.827051274,-0.333094192,0.816425802,-0.043298450,0.575772749,0.007739248,210,11
1403636731.363555431,2.207192674,-3.821794707,-0.330832341,0.815872985,-0.040893685,0.576667258,0.011569443,189,11
1403636731.413555384,2.207324269,-3.816687962,-0.331051716,0.816851531,-0.038231229,0.575358580,0.015951598,194,11
1403636731.463555574,2.207664567,-3.811616646,-0.331794081,0.816538890,-0.037327685,0.575820812,0.017357370,201,11
1403636731.513555527,2.263611131,-3.775782223,-0.372883743,0.817101393,-0.038782571,0.574938977,0.016923303,178,11
1403636731.563555479,2.264451166,-3.769756216,-0.378377994,0.817299992,-0.041104420,0.574594288,0.013135945,205,11
1403636731.613555431,2.265394395,-3.764257550,-0.384309229,0.817143099,-0.043080200,0.574722631,0.010730760,190,11
1403636731.663555384,2.261514793,-3.759857215,-0.388887400,0.816884212,-0.044744736,0.575004346,0.008251978,204,11
1403636731.713555574,2.261040992,-3.755368873,-0.396263951,0.816707199,-0.044689681,0.575253099,0.008720995,195,11
1403636731.763555527,2.260435878,-3.751407342,-0.404222483,0.816996717,-0.042791506,0.574939925,0.011372511,175,11
1403636731.813555479,2.184739198,-3.766010967,-0.406534026,0.816858524,-0.041627285,0.575191997,0.012786215,184,11
1403636731.863555431,2.182070020,-3.763738474,-0.415920608,0.817328781,-0.040292219,0.574573971,0.014661271,196,11
1403636731.913555384,2.179217838,-3.761362103,-0.425064499,0.816795428,-0.038461009,0.575421399,0.016006020,210,11
1403636731.963555574,2.122760804,-3.786030664,-0.392207659,0.816950998,-0.038402010,0.575224975,0.015250594,189,11
1403636732.013555527,2.118288642,-3.785001880,-0.400081116,0.816352991,-0.037678079,0.576111490,0.015611155,194,11
1403636732.063555479,2.113368809,-3.784290409,-0.408664491,0.815486512,-0.036821806,0.577376210,0.016205423,201,11
1403636732.113555431,2.103462791,-3.795108598,-0.403902728,0.815270780,-0.036494956,0.577715350,0.015705052,178,11
1403636732.163555384,2.097887945,-3.794364265,-0.414200202,0.815209520,-0.035466185,0.577850014,0.016277279,205,11
1403636732.213555574,2.092005892,-3.793764505,-0.423445666,0.814288615,-0.034891462,0.579173443,0.016575920,190,11
1403636732.263555527,2.085102388,-3.795796020,-0.429860101,0.813896630,-0.033648965,0.579763677,0.017722942,204,11
1403636732.313555479,2.076955593,-3.795227292,-0.435350561,0.813715872,-0.033867598,0.580038365,0.016581930,195,11
1403636732.363555431,2.068471069,-3.794671588,-0.438518460,0.814084612,-0.032155869,0.579553071,0.018721177,175,11
1403636732.413555384,1.933842053,-3.807651985,-0.435193834,0.812935641,-0.029414012,0.581182913,0.022290813,184,11
1403636732.463555574,1.921416787,-3.807010603,-0.432472611,0.811325211,-0.025166680,0.583370018,0.028239365,196,11
1403636732.513555527,1.906974591,-3.805188877,-0.426487949,0.810203573,-0.019831070,0.584734082,0.035538027,210,11
1403636732.563555479,1.935707778,-3.812381616,-0.403733108,0.808565058,-0.015841547,0.586789487,0.040616376,189,11
1403636732.613555431,1.920502203,-3.808668497,-0.394420668,0.806746060,-0.012501671,0.589071129,0.044718087,194,11
1403636732.663555384,1.904230487,-3.803087409,-0.383726627,0.805231029,-0.012491402,0.591227624,0.043552856,201,11
1403636732.713555574,1.962225823,-3.797672648,-0.391364831,0.804683918,-0.014815632,0.592178754,0.039857399,178,11
1403636732.763555527,1.944188585,-3.790078077,-0.376809986,0.804560109,-0.017383661,0.592554288,0.035500076,205,11
1403636732.813555479,1.925559297,-3.781465909,-0.360417767,0.804234717,-0.020097793,0.593166234,0.030925994,190,11
1403636732.863555431,1.905813967,-3.772240744,-0.344366055,0.804138311,-0.021133485,0.593352145,0.029123613,204,11
1403636732.913555384,1.884735419,-3.762297611,-0.329518879,0.804742761,-0.021632671,0.592574885,0.027858971,195,11
1403636732.963555574,1.862558796,-3.751679562,-0.316408308,0.805911584,-0.022196080,0.591020658,0.026616441,175,11
1403636733.013555527,1.840231868,-3.740809067,-0.306417635,0.807661342,-0.022132718,0.588657388,0.025995767,184,11
1403636733.063555479,1.817294165,-3.729544985,-0.296554679,0.809288394,-0.021995922,0.586432933,0.025785471,196,11
1403636733.113555431,1.793830242,-3.717748584,-0.285094476,0.811604973,-0.022074949,0.583249906,0.025092081,210,11
1403636733.163555384,1.769865856,-3.705564350,-0.270693245,0.811720739,-0.020240828,0.583045801,0.027519912,189,11
1403636733.213555574,1.745761592,-3.692622946,-0.254862369,0.812526808,-0.019896954,0.581944447,0.027293915,194,11
1403636733.263555527,1.721355234,-3.679027788,-0.237038159,0.813617034,-0.018990747,0.580431513,0.027675487,201,11
1403636733.313555479,1.694433535,-3.665158177,-0.217931151,0.813958830,-0.019730653,0.580010028,0.025886146,178,11
1403636733.363555431,1.667025262,-3.650912661,-0.198345849,0.815227248,-0.020584306,0.578281200,0.023909707,205,11
1403636733.413555384,1.640126883,-3.636339375,-0.177591352,0.816190121,-0.020706211,0.576993034,0.021999489,190,11
1403636733.463555574,1.613820322,-3.622084103,-0.156686090,0.817329345,-0.022399203,0.575396389,0.019748748,204,11
1403636733.513555527,1.588105018,-3.607589772,-0.135132098,0.818567933,-0.022477883,0.573648664,0.019196233,195,11
1403636733.563555479,1.562283896,-3.592943706,-0.114243976,0.819444419,-0.022995708,0.572403579,0.018335304,175,11
1403636733.613555431,1.461771809,-3.581031486,-0.104594431,0.820157861,-0.021826442,0.571420941,0.018514789,184,11
1403636733.663555384,1.434377195,-3.565870775,-0.087104445,0.820855697,-0.022928693,0.570421575,0.017012546,196,11
1403636733.713555574,1.407261718,-3.550698748,-0.071072307,0.821540842,-0.022618789,0.569447393,0.016991246,210,11
1403636733.763555527,1.378464755,-3.533837693,-0.060777362,0.821759695,-0.021717001,0.569151615,0.017487573,189,11
1403636733.813555479,1.352029651,-3.518195459,-0.048308174,0.822908415,-0.021944278,0.567499017,0.016883557,194,11
1403636733.863555431,1.325728627,-3.502446141,-0.036834579,0.823440615,-0.021797402,0.566736881,0.016725279,201,11
1403636733.913555384,1.341155999,-3.479064833,-0.057197570,0.823007825,-0.020164727,0.567388778,0.017929809,178,11
1403636733.963555574,1.316584611,-3.462380588,-0.048950145,0.821807623,-0.018229684,0.569096455,0.020715562,205,11
1403636734.013555527,1.292480143,-3.445343458,-0.041392802,0.819958357,-0.017394619,0.571742715,0.021817161,190,11
1403636734.063555479,1.231763679,-3.428307219,-0.058521365,0.818478625,-0.017527155,0.573843856,0.022108115,204,11
1403636734.113555431,1.206962946,-3.410400614,-0.053405649,0.817261055,-0.018801404,0.575566562,0.021307458,195,11
1403636734.163555384,1.181954021,-3.392164397,-0.047694929,0.816852527,-0.019220909,0.576136482,0.021195777,175,11
1403636734.213555574,1.091794202,-3.380814323,-0.045096333,0.816564821,-0.020097463,0.576573804,0.019509831,184,11
1403636734.263555527,1.065045780,-3.361972828,-0.036141415,0.816174988,-0.020374587,0.577166170,0.017957654,196,11
1403636734.313555479,1.037897867,-3.343033233,-0.026308399,0.816860328,-0.021104774,0.576220686,0.016233113,210,11
1403636734.363555431,0.985248099,-3.348373037,-0.060195902,0.817652817,-0.021649997,0.575121646,0.014499682,189,11
1403636734.413555384,0.957401013,-3.330439137,-0.048635015,0.818551671,-0.022208202,0.573861283,0.012774388,194,11
1403636734.463555574,0.929659245,-3.312645116,-0.036205686,0.819670089,-0.021937099,0.572286338,0.012167857,201,11
1403636734.513555527,0.925213030,-3.297342189,-0.040911354,0.820643008,-0.021964453,0.570907530,0.011278684,178,11
1403636734.563555479,0.898402092,-3.279912478,-0.030677570,0.821959222,-0.021752636,0.569030697,0.010673646,205,11
1403636734.613555431,0.871974740,-3.262554037,-0.021503466,0.822908723,-0.021760962,0.567676052,0.009570540,190,11
1403636734.663555384,0.850015228,-3.245289945,-0.016328462,0.823999581,-0.020840259,0.566119299,0.009965642,204,11
1403636734.713555574,0.825055484,-3.228288153,-0.007352724,0.824474186,-0.019853082,0.565460396,0.010134735,195,11
1403636734.763555527,0.801658269,-3.210795015,-0.004568965,0.824441511,-0.018606927,0.565541213,0.010635508,175,11
1403636734.813555479,0.777614822,-3.193799632,0.001226419,0.825049567,-0.018307007,0.564675153,0.010001870,184,11
1403636734.863555431,0.753569698,-3.176949511,0.006009806,0.825110121,-0.017776894,0.564613833,0.009406864,196,11
1403636734.913555384,0.730275969,-3.160217582,0.009391948,0.825272613,-0.017296929,0.564403006,0.008670496,209,11
1403636734.963555574,0.678287934,-3.140444662,-0.022313150,0.825226425,-0.017518966,0.564474597,0.007928598,188,11
1403636735.013555527,0.655231010,-3.123753553,-0.024123911,0.825135992,-0.016663163,0.564621979,0.008657617,193,11
1403636735.063555479,0.632793152,-3.107087881,-0.026687714,0.824861579,-0.017013741,0.565025363,0.007761930,200,11
1403636735.113555431,0.762139529,-3.093372398,-0.064816744,0.825079433,-0.017790433,0.564686199,0.007545024,178,11
1403636735.163555384,0.743388018,-3.077476121,-0.067722693,0.824924801,-0.018405380,0.564906187,0.006427658,204,11
1403636735.213555574,0.725621430,-3.062717214,-0.069861952,0.825650070,-0.019499214,0.563818523,0.005514983,189,11
1403636735.263555527,0.722835149,-3.048580430,-0.069487441,0.826352730,-0.020781429,0.562751067,0.004531388,203,11
1403636735.313555479,0.708039351,-3.035364172,-0.065246590,0.827129267,-0.022195640,0.561560058,0.003850895,194,11
1403636735.363555431,0.694826754,-3.022445503,-0.055834163,0.827711666,-0.023530549,0.560648911,0.003536821,174,11
1403636735.413555384,0.695577770,-3.010769371,-0.044549136,0.826808885,-0.024314382,0.561939145,0.004502847,183,11
1403636735.463555574,0.684802483,-2.998839630,-0.030299776,0.826116275,-0.026250386,0.562869652,0.004535700,195,11
1403636735.513555527,0.674907896,-2.987541803,-0.014847393,0.825498033,-0.027156888,0.563715273,0.006371210,209,11
1403636735.563555479,0.596698613,-2.967174503,-0.002984484,0.824381518,-0.028214485,0.565274551,0.007983568,187,11
1403636735.613555431,0.587093674,-2.956498238,0.014808079,0.823677756,-0.028956795,0.566236493,0.009627674,214,11
1403636735.663555384,0.577920889,-2.946247826,0.031878569,0.823400552,-0.029960654,0.566556651,0.011289472,221,11
1403636735.713555574,0.653294554,-2.923805616,0.013357749,0.823870424,-0.031257318,0.565789467,0.011949210,199,11
1403636735.763555527,0.646877817,-2.913458288,0.025821519,0.824108735,-0.031586537,0.565387006,0.013587384,225,11
1403636735.813555479,0.641079019,-2.903298984,0.036891076,0.823913962,-0.032941642,0.565597737,0.013410112,210,11
1403636735.863555431,0.653293822,-2.894408262,0.042110584,0.823510712,-0.033199837,0.566154760,0.014023742,225,11
1403636735.913555384,0.648814408,-2.884979122,0.050137362,0.823229198,-0.033398481,0.566552669,0.014010782,215,11
1403636735.963555574,0.639433042,-2.875035364,0.053606145,0.823071225,-0.033105387,0.566781177,0.014727171,195,11
1403636736.013555527,0.635841879,-2.865675317,0.060202953,0.822602192,-0.031142675,0.567577358,0.014550261,204,11
1403636736.063555479,0.632626190,-2.856191217,0.067644269,0.822273583,-0.027986190,0.568248416,0.013291534,216,11
1403636736.113555431,0.629542954,-2.846488085,0.076898787,0.821143420,-0.024573165,0.570105789,0.009951500,230,11
1403636736.163555384,0.504797614,-2.806043482,0.064566551,0.819695160,-0.019511702,0.572423116,0.007135436,187,11
1403636736.213555574,0.498722753,-2.795142906,0.075555857,0.818692455,-0.014328227,0.574045813,0.002961480,214,11
1403636736.263555527,0.492679523,-2.784368980,0.086926725,-0.818282400,0.009050986,-0.574744881,0.000561992,221,11
1403636736.313555479,0.462250254,-2.786921705,0.098055843,-0.817913944,0.003791175,-0.575316845,0.003596430,199,11
1403636736.363555431,0.455319502,-2.777010866,0.107093928,-0.817771696,-0.000942486,-0.575514573,0.005616262,224,11
1403636736.413555384,0.448155870,-2.767209696,0.114197523,-0.818116188,-0.004660827,-0.574982947,0.007667499,209,11
1403636736.463555574,0.436315161,-2.760657346,0.119395813,-0.817683412,-0.009935975,-0.575542709,0.006760474,224,11
1403636736.513555527,0.429083540,-2.751299768,0.122898120,-0.817217783,-0.015164089,-0.576110466,0.004677138,214,11
1403636736.563555479,0.421622176,-2.741906972,0.122806775,-0.816786160,-0.019711420,-0.576596374,0.002906944,193,11
1403636736.613555431,0.414373883,-2.732192599,0.122099744,-0.816442275,-0.023320207,-0.576954578,0.001262415,202,11
1403636736.663555384,0.406532267,-2.721748375,0.120196080,-0.816028130,-0.025054733,-0.577467278,0.001376241,214,11
1403636736.713555574,0.397733803,-2.710442307,0.118080966,-0.815046655,-0.027036120,-0.578763143,0.001105911,228,11
1403636736.763555527,0.378366247,-2.691241309,0.147986328,-0.815741004,-0.027876651,-0.577744129,0.001108042,185,11
1403636736.813555479,0.366532371,-2.678806494,0.143230529,-0.815129643,-0.029269881,-0.578537688,0.001040960,213,11
1403636736.863555431,0.354304943,-2.665799409,0.137235636,-0.814831427,-0.029615253,-0.578935343,0.002559507,219,11
1403636736.913555384,0.342516853,-2.654793230,0.136014007,-0.815920115,-0.030612288,-0.577347466,0.002675366,198,11
1403636736.963555574,0.330277390,-2.640729319,0.128367628,-0.815439242,-0.030522956,-0.578014058,0.005190446,223,11
1403636737.013555527,0.322269778,-2.623520199,0.121693266,-0.816167641,-0.029278399,-0.577007302,0.008702337,208,11
1403636737.063555479,0.311247930,-2.606905364,0.113043885,-0.815710857,-0.028454532,-0.577622108,0.012603070,222,11
1403636737.113555431,0.300576954,-2.590225291,0.105210291,-0.815518785,-0.026990733,-0.577848527,0.017078995,212,11
1403636737.163555384,0.296761417,-2.569269011,0.096968584,-0.815669001,-0.027583014,-0.577553555,0.018845397,192,11
1403636737.213555574,0.286096923,-2.551527918,0.084892773,-0.815380089,-0.028360980,-0.577862800,0.020628853,200,11
1403636737.263555527,0.274753413,-2.533619970,0.070006410,-0.816316489,-0.027711305,-0.576450322,0.023759201,212,11
1403636737.313555479,0.260541375,-2.515409776,0.054314098,-0.817019745,-0.029458957,-0.575364812,0.023795801,226,11
1403636737.363555431,0.257251781,-2.487778697,0.039946622,-0.817766798,-0.030083711,-0.574203666,0.025349246,183,11
1403636737.413555384,0.241838424,-2.469230456,0.026443436,-0.818957166,-0.031422118,-0.572408551,0.025889413,212,11
1403636737.463555574,0.226516825,-2.451129736,0.014067589,-0.820585562,-0.032668810,-0.569985668,0.026237799,217,11
1403636737.513555527,0.222329279,-2.426313945,0.011605983,-0.821651970,-0.034703095,-0.568356154,0.025593292,197,11
1403636737.563555479,0.208789961,-2.407822167,0.002606966,-0.821976125,-0.034361652,-0.567829671,0.027276204,221,11
1403636737.613555431,0.199543122,-2.387846386,-0.001761394,-0.822645582,-0.033665471,-0.566797182,0.029357068,206,11
1403636737.663555384,0.186626429,-2.369962304,-0.009321256,-0.823538345,-0.032047820,-0.565411425,0.032671896,221,11
1403636737.713555574,0.173693835,-2.352841599,-0.016154384,-0.824730145,-0.030370430,-0.563615819,0.035143030,209,11
1403636737.763555527,0.164471164,-2.335555136,-0.017188641,-0.825057775,-0.029540432,-0.563045915,0.037233444,189,11
1403636737.813555479,0.152981294,-2.318821701,-0.021795811,-0.825477391,-0.027808364,-0.562373321,0.039370284,198,11
1403636737.863555431,0.141731342,-2.302904049,-0.023838071,-0.825585427,-0.026786880,-0.562184274,0.040497003,210,11
1403636737.913555384,0.131323157,-2.288278191,-0.023529491,-0.825970838,-0.026322577,-0.561632245,0.040601961,224,11
1403636737.963555574,0.121445394,-2.274572048,-0.020415398,-0.825834652,-0.026065031,-0.561843534,0.040615070,181,11
1403636738.013555527,0.112260498,-2.262371472,-0.017239840,-0.825602561,-0.025631839,-0.562252041,0.039950739,210,11
1403636738.063555479,0.102983273,-2.251059756,-0.012661101,-0.825780629,-0.025032645,-0.562070478,0.039198174,215,11
1403636738.113555431,0.093564744,-2.239638677,-0.005720235,-0.825000300,-0.026451834,-0.563356135,0.036120229,195,11
1403636738.163555384,0.084570092,-2.228515167,0.000105158,-0.824290682,-0.026505324,-0.564479789,0.034711773,219,11
1403636738.213555574,0.080050291,-2.221065841,0.017370529,-0.823687920,-0.026822570,-0.565461998,0.032733618,204,11
1403636738.263555527,0.071875027,-2.211243748,0.020404657,-0.823451857,-0.026326161,-0.565873026,0.031963905,221,11
1403636738.313555479,0.064449296,-2.201607981,0.021927989,-0.823645795,-0.026220968,-0.565659534,0.030811625,209,11
1403636738.363555431,0.057540993,-2.192372335,0.021754762,-0.823836018,-0.025263742,-0.565455282,0.030270165,189,11
1403636738.413555384,0.051229429,-2.183240709,0.020094862,-0.824598041,-0.024229886,-0.564405035,0.029965630,198,11
1403636738.463555574,0.044710691,-2.173670138,0.017293895,-0.824421753,-0.023284216,-0.564785456,0.028355025,210,11
1403636738.513555527,0.038615800,-2.165227716,0.013371639,-0.825064549,-0.020007163,-0.564059747,0.026548161,224,11
1403636738.563555479,0.040029990,-2.175839755,0.038984178,-0.826279966,-0.015398713,-0.562537903,0.023987618,181,11
1403636738.613555431,0.035337949,-2.169310543,0.031729573,-0.827346951,-0.009297795,-0.561213205,0.021220541,210,11
1403636738.663555384,0.031325698,-2.163525968,0.023137008,-0.827591565,-0.002283751,-0.561069397,0.016974008,215,11
1403636738.713555574,0.027804666,-2.158505911,0.013018989,-0.827257260,0.006287062,-0.561643914,0.012728445,195,11
1403636738.763555527,0.024444537,-2.154067381,0.001446071,-0.825545842,0.015643865,-0.564065862,0.007683507,219,11
1403636738.813555479,0.021159594,-2.150272981,-0.011621789,-0.823799173,0.026351515,-0.566261972,0.002810494,204,11
1403636738.863555431,0.018065701,-2.147515840,-0.026030104,0.821505380,-0.037880557,0.568937831,0.001928267,221,11
1403636738.913555384,0.014783178,-2.145646990,-0.042139655,0.819945144,-0.049575929,0.570239637,0.007677501,209,11
1403636738.963555574,0.011513768,-2.144614506,-0.059706909,0.818373419,-0.062430323,0.571146929,0.012593193,189,11
1403636739.013555527,0.008109680,-2.144675124,-0.078590892,0.816499766,-0.075898372,0.572060202,0.017739630,198,11
1403636739.063555479,0.004584019,-2.146093549,-0.098818603,0.815054383,-0.089364807,0.571959383,0.023722311,210,11
1403636739.113555431,0.000943230,-2.148938500,-0.119717523,0.813528095,-0.100880956,0.571756744,0.033004502,224,11
1403636739.163555384,-0.003140337,-2.152860527,-0.141895830,0.812667033,-0.110783659,0.570373428,0.044423263,181,11
1403636739.213555574,-0.007562178,-2.157838550,-0.164668954,0.810867336,-0.120977291,0.569847840,0.055965148,209,11
1403636739.263555527,-0.012489583,-2.163681384,-0.188288920,0.809456453,-0.130413844,0.568382077,0.068660720,214,11
1403636739.313555479,-0.017677279,-2.169867104,-0.212453563,0.807627036,-0.139267795,0.567160174,0.081684696,189,11
1403636739.363555431,-0.023108289,-2.176274627,-0.236342380,0.805956061,-0.147582867,0.565326501,0.095184408,210,11
1403636739.413555384,-0.029045328,-2.182396998,-0.258925596,0.804639013,-0.156648313,0.562751493,0.106433653,214,11
1403636739.463555574,-0.013187693,-2.214026140,-0.258193718,0.802865098,-0.165896575,0.560613106,0.116614347,229,11
1403636739.513555527,-0.017674578,-2.219744998,-0.276534590,0.800661176,-0.176149903,0.558986677,0.124285111,217,11
1403636739.563555479,-0.021819229,-2.224499111,-0.290313121,0.798012854,-0.186770624,0.558213782,0.129188208,197,11
1403636739.613555431,-0.026400108,-2.228284068,-0.300386504,0.796041239,-0.195647324,0.557080843,0.133046624,206,11
1403636739.663555384,-0.030550399,-2.232687794,-0.310834599,0.794753487,-0.202314951,0.555454245,0.137499593,218,11
1403636739.713555574,-0.034281665,-2.237342562,-0.320517590,0.792408545,-0.206830615,0.556249337,0.141054846,232,11
1403636739.763555527,-0.038490919,-2.242363293,-0.333251901,0.791086377,-0.212455311,0.555978480,0.141184329,202,11
1403636739.813555479,-0.042510827,-2.247199138,-0.347359955,0.790062246,-0.216064443,0.555874265,0.141850645,218,11
1403636739.863555431,-0.046056051,-2.252107687,-0.362730365,0.789662413,-0.218612373,0.555250020,0.142615981,223,11
1403636739.913555384,-0.049220282,-2.257266901,-0.379064521,0.789380415,-0.219824097,0.554970627,0.143399891,202,11
1403636739.963555574,-0.052241742,-2.262604367,-0.396753579,0.789162367,-0.220134404,0.554904501,0.144376586,205,11
1403636740.013555527,-0.055315902,-2.267857013,-0.415361708,0.789650766,-0.219744821,0.554134872,0.145252972,207,11
1403636740.063555479,-0.058345312,-2.273014772,-0.434978639,0.790245219,-0.218347998,0.553548111,0.146359609,224,11
1403636740.113555431,-0.061360874,-2.277989776,-0.455332785,0.790467805,-0.215878657,0.553603904,0.148592636,212,11
1403636740.163555384,-0.064582308,-2.282986792,-0.476626887,0.791195793,-0.212819174,0.553005349,0.151335062,192,11
1403636740.213555574,-0.067632390,-2.287589377,-0.498646751,0.791512159,-0.209220355,0.553133821,0.154202209,201,11
1403636740.263555527,-0.070612030,-2.291497643,-0.521505087,0.792114794,-0.206269595,0.552798358,0.156272140,213,11
1403636740.313555479,-0.073445856,-2.294514978,-0.544833516,0.791302138,-0.205639140,0.554520666,0.155113834,227,11
1403636740.363555431,-0.076039315,-2.296744069,-0.569302952,0.791001557,-0.205469256,0.555736246,0.152499664,199,11
1403636740.413555384,-0.078459447,-2.298321371,-0.594961638,0.790365510,-0.206594120,0.557172290,0.148997545,212,11
1403636740.463555574,-0.080922045,-2.299385916,-0.621889919,0.790638702,-0.207140289,0.557317287,0.146221698,217,11
1403636740.513555527,-0.114307077,-2.418315822,-0.643754985,0.788873255,-0.207884510,0.560490861,0.142523730,197,11
1403636740.563555479,-0.117576442,-2.423583953,-0.668302588,0.788756585,-0.207039228,0.561152098,0.141796091,203,11
1403636740.613555431,-0.115164552,-2.424546210,-0.644715308,0.788542640,-0.206250318,0.562058251,0.140541220,206,11
1403636740.663555384,-0.124701998,-2.449885485,-0.652866772,0.789127401,-0.206726680,0.561674643,0.138071068,223,11
1403636740.713555574,-0.128565119,-2.455008074,-0.669614934,0.790408236,-0.206997017,0.560222358,0.136227620,211,11
1403636740.763555527,-0.123509643,-2.481321846,-0.628518863,0.792225621,-0.206046482,0.558149187,0.135620419,191,11
1403636740.813555479,-0.119939106,-2.504415859,-0.590963516,0.792753034,-0.205880228,0.557779723,0.134304653,200,11
1403636740.863555431,-0.124289427,-2.511245318,-0.604805983,0.791990497,-0.204993200,0.559142944,0.134491670,212,11
1403636740.913555384,-0.128587846,-2.518309077,-0.622781353,0.791735250,-0.202421235,0.559893459,0.136748868,226,11
1403636740.963555574,-0.086924361,-2.502410196,-0.548770236,0.791533792,-0.199564268,0.560271153,0.140515459,199,11
1403636741.013555527,-0.091090198,-2.507241580,-0.564751963,0.791869217,-0.194762646,0.559942740,0.146542771,212,11
1403636741.063555479,-0.095451403,-2.511586890,-0.582378215,0.791309627,-0.191315854,0.560156686,0.153139820,217,11
1403636741.113555431,-0.194697817,-2.467797806,-0.563268137,0.789742489,-0.191780224,0.561107729,0.157115442,197,11
1403636741.163555384,-0.202119222,-2.469124016,-0.584460545,0.787875782,-0.194920150,0.562076488,0.159147445,203,11
1403636741.213555574,-0.207119651,-2.467284335,-0.606253497,0.785746124,-0.200464576,0.563227722,0.158718352,206,11
1403636741.263555527,-0.247913830,-2.467556515,-0.616879232,0.783849748,-0.206857794,0.564236344,0.156290671,223,11
1403636741.313555479,-0.257122279,-2.465281747,-0.641479845,0.783151230,-0.212205170,0.563895128,0.153835632,211,11
1403636741.363555431,-0.247178461,-2.464436129,-0.671841906,0.784384251,-0.217908007,0.560785569,0.150920484,191,11
1403636741.413555384,-0.278971031,-2.459350139,-0.693755607,0.785674563,-0.222671915,0.557455756,0.149585356,200,11
1403636741.463555574,-0.288880294,-2.455625956,-0.716379572,0.787345773,-0.225592300,0.554043011,0.149100940,212,11
1403636741.513555527,-0.298568404,-2.452610939,-0.739090628,0.790973371,-0.228449094,0.547868769,0.148364245,223,11
1403636741.563555479,-0.253682742,-2.459111325,-0.768181360,0.792056344,-0.233514950,0.545124898,0.144763121,219,11
1403636741.613555431,-0.262034119,-2.457743976,-0.786744066,0.794418876,-0.233125343,0.541168292,0.147268814,230,11
1403636741.663555384,-0.269155346,-2.456989622,-0.804171177,0.795343760,-0.233576894,0.539544442,0.147519262,234,11
1403636741.713555574,-0.289777238,-2.467139746,-0.828980949,0.794524208,-0.233494912,0.540638581,0.148058552,214,11
1403636741.763555527,-0.287112950,-2.468962964,-0.841606627,0.793697217,-0.232566844,0.541895234,0.149355105,226,11
1403636741.813555479,-0.309142019,-2.468867021,-0.852503330,0.792555570,-0.230600274,0.543905501,0.151148894,223,11
1403636741.863555431,-0.314107254,-2.470954168,-0.862514522,0.791760130,-0.228040327,0.545465433,0.153560957,240,11
1403636741.913555384,-0.318020797,-2.473010074,-0.872418111,0.791569746,-0.224863339,0.546359108,0.156030579,228,11
1403636741.963555574,-0.321439249,-2.474992434,-0.883766679,0.791712585,-0.220481839,0.546911116,0.159584374,206,11
1403636742.013555527,-0.324226090,-2.476689703,-0.896784267,0.793486507,-0.217257612,0.544941785,0.161915858,215,11
1403636742.063555479,-0.325741747,-2.477964942,-0.910487719,0.795567473,-0.215309381,0.542763312,0.161623800,226,11
1403636742.113555431,-0.253429719,-2.502265421,-0.934015057,0.798474615,-0.215287900,0.539606314,0.157843070,214,11
1403636742.163555384,-0.243059486,-2.507809506,-0.937864936,0.800251440,-0.216782824,0.537638224,0.153453513,212,11
1403636742.213555574,-0.239924907,-2.509631107,-0.946421950,0.801100975,-0.217189433,0.537098675,0.150303000,221,11
1403636742.263555527,-0.235708567,-2.511596533,-0.952773955,0.801269087,-0.218566149,0.537551497,0.145722605,226,11
1403636742.313555479,-0.245317879,-2.514547238,-0.940587911,0.800230911,-0.217623635,0.540044455,0.143605118,206,11
1403636742.363555431,-0.240933228,-2.516556033,-0.942972622,0.798039490,-0.217509648,0.543697286,0.142182230,224,11
1403636742.413555384,-0.235389906,-2.519157208,-0.942986340,0.795873475,-0.216093581,0.547558527,0.141663814,215,11
1403636742.463555574,-0.229925855,-2.522389095,-0.941762250,0.794432740,-0.215409140,0.550100394,0.140943538,232,11
1403636742.513555527,-0.223986858,-2.525512879,-0.939545102,0.794209875,-0.214228372,0.550896423,0.140890066,220,11
1403636742.563555479,-0.218815345,-2.527481654,-0.936227570,0.793817532,-0.213445086,0.551916135,0.140297900,200,11
1403636742.613555431,-0.213183534,-2.529789084,-0.932146591,0.792517070,-0.212164186,0.554185619,0.140646195,209,11
1403636742.663555384,-0.206684434,-2.533047124,-0.927119300,0.791580974,-0.211545502,0.555723487,0.140781633,221,11
1403636742.713555574,-0.171704693,-2.534667591,-0.951739018,0.790102157,-0.211306331,0.558135260,0.139904422,212,11
1403636742.763555527,-0.163889703,-2.539309515,-0.953792347,0.789231426,-0.210357913,0.559763283,0.139743951,210,11
1403636742.813555479,-0.156699019,-2.543457547,-0.959743959,0.788360376,-0.209965170,0.561153773,0.139674581,221,11
1403636742.863555431,-0.150702308,-2.546781089,-0.965500181,0.787727610,-0.209699831,0.562420823,0.138542455,226,11
1403636742.913555384,-0.147476477,-2.549395526,-0.981746252,0.787429864,-0.209670982,0.563084649,0.137578948,206,11
1403636742.963555574,-0.142823163,-2.552708979,-0.991754224,0.787203294,-0.210725103,0.563012712,0.137559412,224,11
1403636743.013555527,-0.138221216,-2.556281711,-1.003816117,0.788015188,-0.212597086,0.560923874,0.138560276,215,11
1403636743.063555479,-0.134585868,-2.560049522,-1.019083541,0.790402498,-0.216462181,0.556052179,0.138614535,231,11
1403636743.113555431,-0.130445806,-2.564101400,-1.033125877,0.794577745,-0.221571513,0.548200259,0.137944730,217,11
1403636743.163555384,-0.126961339,-2.569002345,-1.046049977,0.800181753,-0.226178399,0.538310190,0.137020562,193,11
1403636743.213555574,-0.138158268,-2.572497116,-1.064082633,0.804027209,-0.229518841,0.531171079,0.136816055,197,11
1403636743.263555527,-0.137008613,-2.578204601,-1.075595952,0.808231965,-0.231923472,0.523445297,0.137759261,208,11
1403636743.313555479,-0.154396574,-2.580990815,-1.092767727,0.809739344,-0.234884559,0.519882726,0.137380459,227,11
1403636743.363555431,-0.147506023,-2.588977471,-1.096724041,0.810477142,-0.237354610,0.517883814,0.136330284,218,11
1403636743.413555384,-0.138252128,-2.598033530,-1.097100756,0.810853353,-0.239176078,0.516471732,0.136266628,227,11
1403636743.463555574,-0.127074393,-2.607830511,-1.094880685,0.808476238,-0.239463133,0.519760934,0.137375952,231,11
1403636743.513555527,-0.117625697,-2.616335604,-1.092741764,0.805964746,-0.239020163,0.523309372,0.139418402,211,11
1403636743.563555479,-0.104063061,-2.627830941,-1.092706324,0.803122296,-0.238451586,0.527434699,0.141237593,232,11
1403636743.613555431,-0.089054966,-2.640243604,-1.094066198,0.800688201,-0.236156329,0.531251757,0.144568886,220,11
1403636743.663555384,-0.073696386,-2.651850771,-1.099524388,0.799106557,-0.234691624,0.533617594,0.146972159,237,11
1403636743.713555574,-0.055957490,-2.666276765,-1.102758471,0.796541857,-0.232892398,0.537376379,0.150029425,223,11
1403636743.763555527,-0.037404960,-2.681352112,-1.107329713,0.793360665,-0.232329765,0.541201567,0.153956487,203,11
1403636743.813555479,-0.018840091,-2.696812326,-1.113865036,0.791087072,-0.234921013,0.542850324,0.155906665,212,11
1403636743.863555431,0.000714106,-2.713043442,-1.121685769,0.788005689,-0.238851317,0.545531131,0.156182162,203,11
1403636743.913555384,0.020676837,-2.729372402,-1.130341786,0.785710544,-0.239958808,0.547286126,0.159864343,226,11
1403636743.963555574,0.036953501,-2.747415359,-1.143639444,0.783639237,-0.240758245,0.549075946,0.162667204,215,11
1403636744.013555527,0.057813084,-2.763884084,-1.155033927,0.782239251,-0.242521280,0.549935067,0.163879847,221,11
1403636744.063555479,0.079032377,-2.780466105,-1.167444201,0.780846976,-0.243819425,0.550150355,0.167823344,225,11
1403636744.113555431,0.097375644,-2.797087091,-1.184354653,0.779275720,-0.246490356,0.550237565,0.170910733,205,11
1403636744.163555384,0.118413746,-2.812364306,-1.201221537,0.777205824,-0.249863776,0.550789084,0.173639240,226,11
1403636744.213555574,0.136957001,-2.827749799,-1.221765975,0.774848915,-0.254020711,0.552040509,0.174166339,212,11
1403636744.263555527,0.158108769,-2.842473432,-1.238160994,0.772925520,-0.258090775,0.552950693,0.173841373,228,11
1403636744.313555479,0.176017188,-2.858338417,-1.259713178,0.771789457,-0.260894774,0.553083260,0.174280975,216,11
1403636744.363555431,0.191762480,-2.874170460,-1.287696841,0.770672297,-0.264090589,0.553526871,0.172998193,196,11
1403636744.413555384,0.204937547,-2.890002600,-1.319218216,0.769718772,-0.266495172,0.554354341,0.170893532,205,11
1403636744.463555574,0.221616270,-2.904343775,-1.346402107,0.768608196,-0.269456488,0.555263227,0.168277717,196,11
1403636744.513555527,0.207753453,-2.925815397,-1.393464753,0.767068318,-0.272143451,0.557531595,0.163409478,233,11
1403636744.563555479,0.217747440,-2.940289060,-1.421322655,0.765699615,-0.271686124,0.559848091,0.162667955,220,11
1403636744.613555431,0.233608779,-2.955877574,-1.449017664,0.764428622,-0.272892710,0.561719679,0.160154467,224,11
1403636744.663555384,0.244464355,-2.974005538,-1.488236023,0.763484826,-0.272609383,0.563276389,0.159670767,227,11
1403636744.713555574,0.254638698,-2.971028673,-1.524538243,0.762761862,-0.270489071,0.564384116,0.162789972,205,11
1403636744.763555527,0.262862321,-2.987657782,-1.557755127,0.763309849,-0.267074502,0.563928267,0.167374412,224,11
1403636744.813555479,0.262405997,-3.001437015,-1.597478312,0.764168524,-0.264622585,0.562872818,0.170867040,201,11
1403636744.863555431,0.271114911,-3.006486092,-1.626295829,0.765772693,-0.262920004,0.560572171,0.173850782,240,11
1403636744.913555384,0.270044950,-3.034623352,-1.665761360,0.768954612,-0.260677921,0.556766877,0.175403737,224,11
1403636744.963555574,0.276676858,-3.060986188,-1.702221580,0.771676570,-0.258862017,0.553923792,0.175140402,201,11
1403636745.013555527,0.274892968,-3.067886120,-1.744772732,0.774104646,-0.258731920,0.550883446,0.174204533,199,11
1403636745.063555479,0.263177506,-3.078858148,-1.780149477,0.776562275,-0.257402169,0.548326073,0.173302261,220,11
1403636745.113555431,0.267683589,-3.090006770,-1.803765753,0.779651471,-0.256865940,0.544879465,0.171084312,230,11
1403636745.163555384,0.274186182,-3.102070727,-1.825811478,0.780870000,-0.257102496,0.544071338,0.167710249,238,11
1403636745.213555574,0.280038867,-3.114964453,-1.846681848,0.782115350,-0.254560064,0.543560912,0.167440401,239,11
1403636745.263555527,0.285541749,-3.132201366,-1.871567470,0.783461673,-0.252309793,0.543083308,0.166096648,240,11
1403636745.313555479,0.290974306,-3.151702857,-1.892378437,0.783464235,-0.249223549,0.544585921,0.165823976,229,11
1403636745.363555431,0.298212223,-3.164533535,-1.909835372,0.782161333,-0.245557811,0.547939479,0.166395125,240,11
1403636745.413555384,0.296836561,-3.162009175,-1.929372473,0.779810338,-0.243080721,0.551901218,0.167966203,210,11
1403636745.463555574,0.302385450,-3.175719174,-1.942654422,0.777756106,-0.240434297,0.555368191,0.169861592,244,11
1403636745.513555527,0.307668548,-3.190855396,-1.956231225,0.775952856,-0.240217126,0.557951256,0.169950857,230,11
1403636745.563555479,0.311783213,-3.209482884,-1.965930464,0.775013410,-0.240296284,0.559107841,0.170324198,210,11
1403636745.613555431,0.314309109,-3.213937194,-1.975576016,0.773717540,-0.241757557,0.559851259,0.171700376,202,11
1403636745.663555384,0.317245421,-3.223368212,-1.981342254,0.772778978,-0.243357955,0.559939962,0.173368961,225,11
1403636745.713555574,0.318139305,-3.232340581,-1.962209689,0.772031087,-0.244551202,0.559724843,0.175700913,216,11
1403636745.763555527,0.320978406,-3.240636034,-1.963720024,0.771603216,-0.245907546,0.558654169,0.179062772,223,11
1403636745.813555479,0.324219103,-3.249479015,-1.965770268,0.771709626,-0.247769437,0.556853077,0.181629322,229,11
1403636745.863555431,0.327684397,-3.257741843,-1.965809070,0.771473687,-0.249131264,0.555315218,0.185437247,231,11
1403636745.913555384,0.330977706,-3.264992246,-1.964770937,0.770706534,-0.250993295,0.554359583,0.188942471,224,11
1403636745.963555574,0.334017472,-3.271029231,-1.962166122,0.770257883,-0.251759880,0.552954179,0.193807719,234,11
1403636746.013555527,0.336320025,-3.272076658,-1.944876275,0.770105169,-0.252853378,0.551257930,0.197782435,204,11
1403636746.063555479,0.339286012,-3.274872608,-1.936580694,0.770005006,-0.253811532,0.549624859,0.201455980,238,11
1403636746.113555431,0.342496063,-3.276284840,-1.926628450,0.770497947,-0.254518197,0.547261097,0.205082159,223,11
1403636746.163555384,0.345868955,-3.276018325,-1.914953847,0.769654319,-0.255479525,0.547151594,0.207334453,203,11
1403636746.213555574,0.349094807,-3.273763462,-1.901384638,0.768257904,-0.255949080,0.548123935,0.209356188,197,11
1403636746.263555527,0.352807979,-3.269500982,-1.884892212,0.765216175,-0.256600733,0.551457632,0.210937784,219,11
1403636746.313555479,0.356772132,-3.266249192,-1.869190752,0.760010764,-0.255810204,0.557936400,0.213662707,215,11
1403636746.363555431,0.361533253,-3.258952785,-1.857531491,0.756156302,-0.256139231,0.562824082,0.214124717,219,11
1403636746.413555384,0.366075657,-3.249865161,-1.848182555,0.754281046,-0.256094621,0.565157903,0.214644342,225,11
1403636746.463555574,0.370241505,-3.238886718,-1.842173344,0.755252236,-0.258196552,0.564084354,0.211512274,228,11
1403636746.513555527,0.373783222,-3.226196295,-1.838728656,0.758140593,-0.260216683,0.560624460,0.207870955,221,11
1403636746.563555479,0.377132775,-3.212198758,-1.837867544,0.763099447,-0.263179880,0.554614502,0.202035493,232,11
1403636746.613555431,0.381194159,-3.200428409,-1.835977750,0.769548551,-0.266182219,0.546431941,0.195842253,202,11
1403636746.663555384,0.384447784,-3.185156077,-1.839358706,0.775788843,-0.269506194,0.538609716,0.188195795,247,11
1403636746.713555574,0.388385145,-3.169991121,-1.843761575,0.781090165,-0.273514173,0.531895218,0.179375663,225,11
1403636746.763555527,0.392608483,-3.156136062,-1.847123624,0.784211431,-0.276652814,0.528119472,0.171946141,203,11
1403636746.813555479,0.397988809,-3.143905117,-1.850562818,0.784983836,-0.278733934,0.527718072,0.166196893,221,11
1403636746.863555431,0.404665298,-3.134033741,-1.851950205,0.784682974,-0.280215267,0.528742971,0.161811328,243,11
1403636746.913555384,0.412904434,-3.129840206,-1.839605997,0.783642324,-0.279827472,0.531154515,0.159612580,237,11
1403636746.963555574,0.420253519,-3.123420938,-1.841392355,0.783301522,-0.278355252,0.532473461,0.159465021,237,11
1403636747.013555527,0.428182092,-3.118969388,-1.840746155,0.781698104,-0.277041166,0.535478936,0.159557436,245,11
1403636747.063555479,0.436026714,-3.116333033,-1.835598816,0.780713931,-0.272519375,0.537729644,0.164516802,246,11
1403636747.113555431,0.444297459,-3.114932985,-1.827808864,0.779525398,-0.268118415,0.539829917,0.170400500,239,11
1403636747.163555384,0.454143490,-3.114617155,-1.818356759,0.777183327,-0.265435046,0.543289245,0.174261614,250,11
1403636747.213555574,0.464798396,-3.116743164,-1.815499423,0.775859270,-0.261604106,0.545235274,0.179789270,206,11
1403636747.263555527,0.476809625,-3.117624652,-1.802229078,0.774719384,-0.259284416,0.546656488,0.183706698,244,11
1403636747.313555479,0.488880905,-3.118024618,-1.786827037,0.774463566,-0.257915661,0.546720345,0.186500835,230,11
1403636747.363555431,0.495501105,-3.065430005,-1.791227835,0.773351605,-0.257876931,0.547630693,0.188487156,189,11
1403636747.413555384,0.506527658,-3.062199857,-1.774973646,0.772691977,-0.258041611,0.547989489,0.189918813,210,11
1403636747.463555574,0.518511903,-3.059740292,-1.761274948,0.772228810,-0.258449689,0.547972162,0.191292793,233,11
1403636747.513555527,0.531518559,-3.056927537,-1.750466576,0.772676713,-0.260477617,0.546455152,0.191072959,227,11
1403636747.563555479,0.544042724,-3.054160434,-1.739316677,0.772751419,-0.261297774,0.545903643,0.191227430,227,11
1403636747.613555431,0.556809179,-3.050193006,-1.727780278,0.772756395,-0.263156641,0.545194113,0.190681711,235,11
1403636747.663555384,0.569687780,-3.045684016,-1.715121278,0.772877369,-0.264228168,0.544352427,0.191113797,236,11
1403636747.713555574,0.582486775,-3.040492292,-1.701004767,0.772547032,-0.265600392,0.544019064,0.191496144,229,11
1403636747.763555527,0.595386516,-3.034932879,-1.685063096,0.772660084,-0.266696929,0.543048507,0.192269241,240,11
1403636747.813555479,0.609027941,-3.041517088,-1.675158447,0.772566042,-0.267621635,0.542771472,0.192144480,206,11
1403636747.863555431,0.623643198,-3.035883020,-1.655287554,0.771490169,-0.269329067,0.543566685,0.191833344,244,11
1403636747.913555384,0.638703291,-3.029889804,-1.633890955,0.769573367,-0.274264394,0.545521170,0.186929205,230,11
1403636747.963555574,0.646716249,-3.011939799,-1.623898362,0.766016288,-0.279211247,0.549800854,0.181601615,189,11
1403636748.013555527,0.662985295,-3.004375278,-1.605106042,0.763382048,-0.284191681,0.552514774,0.176664547,210,11
1403636748.063555479,0.678489495,-2.999512235,-1.590294476,0.761645358,-0.288275896,0.553951039,0.173007523,233,11
1403636748.113555431,0.697751484,-2.994006331,-1.581665868,0.760853702,-0.290403498,0.554288112,0.171849179,227,11
1403636748.163555384,0.711383855,-2.988655913,-1.569670506,0.760375352,-0.293671470,0.553960580,0.169452256,227,11
1403636748.213555574,0.722506445,-2.985012261,-1.558878715,0.760810622,-0.293388736,0.552919898,0.171376293,235,11
1403636748.263555527,0.731900579,-2.981782953,-1.549139227,0.762524559,-0.290345428,0.550659253,0.176153956,236,11
1403636748.313555479,0.740645270,-2.979565628,-1.541024118,0.764254867,-0.286366854,0.548298025,0.182422034,229,11
1403636748.363555431,0.749218153,-2.977837185,-1.534013301,0.765706825,-0.281700211,0.546353448,0.189303880,240,11
1403636748.413555384,0.761484415,-2.987366367,-1.524107801,0.767209318,-0.277153836,0.544681727,0.194672624,206,11
1403636748.463555574,0.771070443,-2.985710521,-1.518467299,0.767251118,-0.275271764,0.544703529,0.197102114,244,11
1403636748.513555527,0.780533331,-2.983464416,-1.511682961,0.767608250,-0.272927398,0.544458702,0.199631991,230,11
1403636748.563555479,0.788946444,-3.001044472,-1.500165831,0.767648223,-0.272716380,0.544619355,0.199328220,189,11
1403636748.613555431,0.799095107,-2.998326400,-1.491992606,0.766122472,-0.274721319,0.546750214,0.196592873,210,11
1403636748.663555384,0.806140897,-2.994465970,-1.480316131,0.764947058,-0.277278074,0.548286140,0.193274870,233,11
1403636748.713555574,0.813347230,-2.994934014,-1.460432917,0.763319272,-0.280312251,0.550476651,0.189061334,227,11
1403636748.763555527,0.823839528,-2.988348425,-1.448352054,0.762093403,-0.283854177,0.551612288,0.185376202,227,11
1403636748.813555479,0.831570177,-2.983171988,-1.435018280,0.760789236,-0.286050737,0.553002856,0.183200863,235,11
1403636748.863555431,0.838250194,-2.978741199,-1.424486985,0.759714940,-0.288014267,0.553846329,0.182030867,236,11
1403636748.913555384,0.844143110,-2.974637155,-1.415277584,0.758054432,-0.290228181,0.555229760,0.181220846,229,11
1403636748.963555574,0.849100860,-2.970539115,-1.405652814,0.757245457,-0.292134404,0.555249583,0.181479223,240,11
1403636749.013555527,0.862532518,-2.973322542,-1.389549530,0.756395041,-0.294303419,0.555148135,0.181831207,206,11
1403636749.063555479,0.866118413,-2.970008745,-1.382675310,0.754808868,-0.297172911,0.556383592,0.179969809,244,11
1403636749.113555431,0.869242144,-2.967714067,-1.377035758,0.753088095,-0.300316695,0.557818999,0.177499771,230,11
1403636749.163555384,0.869122145,-2.986529938,-1.372074165,0.752134954,-0.302233572,0.558352344,0.176608433,189,11
1403636749.213555574,0.869523323,-2.987315108,-1.366795373,0.752117213,-0.302207191,0.557731796,0.178677795,210,11
1403636749.263555527,0.869236771,-2.988443365,-1.360040464,0.752791963,-0.299465537,0.556286649,0.184850798,233,11
1403636749.313555479,0.879885245,-2.989756495,-1.347447640,0.753406334,-0.296829422,0.554929505,0.190589702,227,11
1403636749.363555431,0.877320870,-2.991670646,-1.337800842,0.754841802,-0.294640057,0.552570482,0.195107542,227,11
1403636749.413555384,0.873381636,-2.992980147,-1.327784932,0.755206647,-0.291944705,0.551948559,0.199459263,235,11
1403636749.463555574,0.869307191,-2.994268981,-1.317352667,0.755889043,-0.289310236,0.550863411,0.203668468,236,11
1403636749.513555527,0.864748129,-2.995002310,-1.306376507,0.756966330,-0.286909250,0.549356303,0.207105550,228,11
1403636749.563555479,0.859912625,-2.995291782,-1.295147965,0.758429506,-0.283942917,0.547443101,0.210872368,239,11
1403636749.613555431,0.876044352,-3.040680121,-1.267194198,0.759624304,-0.280709136,0.546418683,0.213541380,206,11
1403636749.663555384,0.873345271,-3.041874307,-1.257940123,0.760068742,-0.279503336,0.546126837,0.214286887,243,11
1403636749.713555574,0.870948422,-3.042063343,-1.250413837,0.759567397,-0.279117344,0.547297315,0.213580258,229,11
1403636749.763555527,0.876466421,-3.045939853,-1.231783284,0.757923692,-0.279698689,0.549621920,0.212687717,188,11
1403636749.813555479,0.877237086,-3.041026974,-1.224310436,0.755453890,-0.279241082,0.553400417,0.212277688,209,11
1403636749.863555431,0.881423932,-3.039708173,-1.216528365,0.753054052,-0.279209439,0.557191205,0.210925688,232,11
1403636749.913555384,0.891131154,-3.046734560,-1.199617279,0.751623362,-0.278286123,0.559921396,0.210017107,226,11
1403636749.963555574,0.889902818,-3.043486332,-1.194454935,0.750212109,-0.276975002,0.562747470,0.209241307,226,11
1403636750.013555527,0.887046862,-3.040031206,-1.190767047,0.750076417,-0.275755431,0.563954608,0.208085346,234,11
1403636750.063555479,0.883161418,-3.034999246,-1.189296196,0.749688030,-0.275005872,0.565377097,0.206611632,235,11
1403636750.113555431,0.878369464,-3.028552368,-1.186229823,0.750996280,-0.274060425,0.564679085,0.205019514,228,11
1403636750.163555384,0.872727052,-3.021649819,-1.184645475,0.752616127,-0.273513103,0.563312501,0.203564668,239,11
1403636750.213555574,0.869311494,-3.027496108,-1.173099507,0.754259423,-0.272523595,0.562433053,0.201227913,206,11
1403636750.263555527,0.862835845,-3.019296485,-1.168076424,0.756719176,-0.271765201,0.559902818,0.200071485,243,11
1403636750.313555479,0.856598034,-3.010913942,-1.160485511,0.758405562,-0.271516678,0.558553625,0.197781562,229,11
1403636750.363555431,0.859449783,-3.011932520,-1.139734770,0.760311838,-0.271194374,0.556420404,0.196915856,188,11
1403636750.413555384,0.854885007,-3.001355710,-1.125777954,0.761264947,-0.271888604,0.555684599,0.194337061,209,11
1403636750.463555574,0.847911136,-2.993371179,-1.108206712,0.762680570,-0.270155518,0.554840836,0.193612993,232,11
1403636750.513555527,0.844510514,-2.987017810,-1.088083931,0.763829566,-0.268289761,0.554502689,0.192644146,226,11
1403636750.563555479,0.839792156,-2.976244970,-1.065857870,0.764972465,-0.266771097,0.553807027,0.192218850,226,11
1403636750.613555431,0.832418682,-2.967863237,-1.042289192,0.766001465,-0.264732992,0.553747170,0.191108009,234,11
1403636750.663555384,0.825575794,-2.959922334,-1.016956401,0.766163667,-0.262603335,0.554295796,0.191804311,235,11
1403636750.713555574,0.818686565,-2.953101799,-0.990648352,0.766755287,-0.261429212,0.554377134,0.190806422,228,11
1403636750.763555527,0.812817325,-2.945119774,-0.962103870,0.767345971,-0.260802945,0.554293273,0.189528234,239,11
1403636750.813555479,0.800268709,-2.930428873,-0.936906915,0.767949103,-0.260116291,0.553817450,0.189419963,206,11
1403636750.863555431,0.792540500,-2.921128715,-0.901619595,0.768623381,-0.259398522,0.553380151,0.188946852,243,11
1403636750.913555384,0.783964340,-2.911173756,-0.864886089,0.770332311,-0.258535041,0.551155424,0.189671985,229,11
1403636750.963555574,0.764327179,-2.892981551,-0.840567619,0.771302773,-0.256945571,0.550235737,0.190556134,185,11
1403636751.013555527,0.754259875,-2.883154970,-0.806447239,0.772344631,-0.256564407,0.548749744,0.191133969,204,11
1403636751.063555479,0.746991526,-2.869957307,-0.772206336,0.772491400,-0.256598557,0.548379044,0.191558456,227,11
1403636751.113555431,0.740887339,-2.856778794,-0.748530777,0.772821820,-0.257006529,0.547850264,0.191191438,221,11
1403636751.163555384,0.731648486,-2.846611237,-0.722163054,0.773738662,-0.258620790,0.546357854,0.189570211,221,11
1403636751.213555574,0.722412107,-2.834227515,-0.696015539,0.776329968,-0.259303421,0.542262777,0.189801467,229,11
1403636751.263555527,0.712742944,-2.820486470,-0.670806044,0.778599740,-0.261457576,0.538696250,0.187693182,230,11
1403636751.313555479,0.702434555,-2.807761106,-0.646919242,0.779467542,-0.263398341,0.537203959,0.185643665,224,11
1403636751.363555431,0.694824135,-2.792256444,-0.621098857,0.778536712,-0.266347947,0.538063344,0.182831061,234,11
1403636751.413555384,0.708178115,-2.799270112,-0.600465306,0.777035133,-0.267784897,0.540450501,0.180058065,203,11
1403636751.463555574,0.702752914,-2.786889499,-0.575778044,0.774005626,-0.271457758,0.544164272,0.176383733,238,11
1403636751.513555527,0.697873054,-2.775672155,-0.549351549,0.771853129,-0.272681295,0.547422475,0.173828341,224,11
1403636751.563555479,0.702643045,-2.752664297,-0.529778485,0.769162490,-0.272671459,0.551971033,0.171368954,185,11
1403636751.613555431,0.701390029,-2.741051707,-0.505357661,0.768539142,-0.272387488,0.554112186,0.167667318,204,11
1403636751.663555384,0.704758034,-2.729279720,-0.483581772,0.768963233,-0.271542142,0.554894934,0.164474992,227,11
1403636751.713555574,0.726238800,-2.712463654,-0.476127231,0.771386064,-0.271331845,0.552470831,0.161612347,221,11
1403636751.763555527,0.720517849,-2.704813404,-0.455148952,0.774045443,-0.270363286,0.550152958,0.158395292,221,11
1403636751.813555479,0.714908945,-2.698021319,-0.434368627,0.777166548,-0.269722431,0.546954021,0.155252267,228,11
1403636751.863555431,0.709100584,-2.692958865,-0.413737750,0.780993116,-0.267333650,0.542547742,0.155641960,229,11
1403636751.913555384,0.703146822,-2.689179217,-0.392655085,0.783459776,-0.263422110,0.540205956,0.158041440,223,11
1403636751.963555574,0.697766346,-2.687273262,-0.370930530,0.785743999,-0.260199412,0.537765442,0.160346388,233,11
1403636752.013555527,0.710111898,-2.697215183,-0.366219948,0.787530760,-0.256651608,0.535961012,0.163312732,203,11
1403636752.063555479,0.707426660,-2.697650303,-0.345832694,0.787561374,-0.254525738,0.536394839,0.165058496,237,11
1403636752.113555431,0.704703577,-2.698182814,-0.324653704,0.786783423,-0.252773597,0.537946224,0.166406775,223,11
1403636752.163555384,0.701982361,-2.701212669,-0.316386479,0.784750382,-0.249996157,0.541910262,0.167338063,184,11
1403636752.213555574,0.701186388,-2.703416727,-0.298291782,0.782692501,-0.246389265,0.546456927,0.167539864,203,11
1403636752.263555527,0.704948465,-2.703349530,-0.280993610,0.781178168,-0.242158784,0.550916179,0.166166054,225,11
1403636752.313555479,0.716903687,-2.698721824,-0.272957555,0.779211879,-0.237169853,0.556338638,0.164519387,219,11
1403636752.363555431,0.718838014,-2.703359301,-0.257494094,0.778690876,-0.231223048,0.560544409,0.161140896,218,11
1403636752.413555384,0.718697833,-2.703808970,-0.234804173,0.779089660,-0.224432920,0.563927045,0.156956856,226,11
1403636752.463555574,0.718764156,-2.704426898,-0.211211172,0.780959391,-0.217099347,0.565705656,0.151484038,226,11
1403636752.513555527,0.718038785,-2.704490975,-0.186771694,0.783209157,-0.208504342,0.567145410,0.146476755,219,11
1403636752.563555479,0.718089633,-2.704947952,-0.164058073,0.786102626,-0.200094166,0.567644069,0.140659863,228,11
1403636752.613555431,0.742849706,-2.717960078,-0.150304847,0.789366683,-0.190871635,0.567615879,0.135205298,203,11
1403636752.663555384,0.742880049,-2.717907990,-0.131432653,0.793115042,-0.181780552,0.566819719,0.128995223,231,11
1403636752.713555574,0.742882529,-2.717929696,-0.114025653,0.795379917,-0.172890390,0.567895516,0.122369863,216,11
1403636752.763555527,0.746336586,-2.730075578,-0.095839523,0.798121866,-0.163388450,0.568317891,0.115414366,174,11
1403636752.813555479,0.746587120,-2.728976127,-0.077302293,0.800856197,-0.152956644,0.568346284,0.110526551,193,11
1403636752.863555431,0.749513169,-2.727479674,-0.066871298,0.803505582,-0.142849760,0.568426768,0.104229243,216,11
1403636752.913555384,0.747521010,-2.726181217,-0.059888546,0.805003275,-0.130595478,0.569924406,0.100502333,207,11
1403636752.963555574,0.747355848,-2.730169992,-0.058605485,0.807090422,-0.118335062,0.570424307,0.096010284,206,11
1403636753.013555527,0.747035752,-2.729935389,-0.053985622,0.809300312,-0.106391739,0.570454984,0.091076418,214,11
1403636753.063555479,0.746964867,-2.729093577,-0.051579640,0.811487142,-0.094385721,0.570280016,0.085794273,213,11
1403636753.113555431,0.748570113,-2.728141614,-0.052483464,0.813271448,-0.082588327,0.570476801,0.079529493,206,11
1403636753.163555384,0.749321926,-2.726549827,-0.053042027,0.814353925,-0.070828651,0.571389104,0.072975878,232,11
1403636753.213555574,0.750881393,-2.724298580,-0.056468967,0.815547211,-0.058863614,0.571846024,0.066407429,213,11
1403636753.263555527,0.752549807,-2.721383926,-0.062122531,0.816331635,-0.045880246,0.572514865,0.061027809,233,11
1403636753.313555479,0.756885370,-2.718843015,-0.069267429,0.816949917,-0.032517563,0.573005520,0.056569565,217,11
1403636753.363555431,0.761405282,-2.715295200,-0.077592343,0.816648050,-0.022152939,0.574529099,0.050115104,182,11
1403636753.413555384,0.768383695,-2.712535189,-0.078896967,0.816420174,-0.014633070,0.575669089,0.043000853,195,11
1403636753.463555574,0.774121680,-2.707155157,-0.086318551,0.816203111,-0.009984687,0.576627165,0.034841063,218,11
1403636753.513555527,0.779749235,-2.701049145,-0.092231512,0.816080649,-0.006744917,0.577218709,0.028025747,217,11
1403636753.563555479,0.793659908,-2.695797481,-0.072987324,0.816209988,-0.005072511,0.577317723,0.021903674,206,11
1403636753.613555431,0.798574322,-2.689123801,-0.074527153,0.815282812,-0.003350931,0.578784189,0.017651342,214,11
1403636753.663555384,0.802628279,-2.682224453,-0.074728052,0.815053466,-0.002555338,0.579199257,0.014475431,215,11
1403636753.713555574,0.806853788,-2.675291582,-0.075424585,0.815040260,-0.002403695,0.579270628,0.012212124,189,11
1403636753.763555527,0.811334891,-2.668310178,-0.076291701,0.814388458,-0.001630086,0.580192870,0.012042220,219,11
1403636753.813555479,0.815533684,-2.661093665,-0.078637530,0.814041412,-0.001071485,0.580670540,0.012536191,201,11
1403636753.863555431,0.819106728,-2.653722429,-0.082641632,0.813672378,-0.001350231,0.581174113,0.013118245,223,11
1403636753.913555384,0.822604875,-2.646007882,-0.088386449,0.813867614,-0.002729317,0.580905397,0.012687704,209,11
1403636753.963555574,0.825686043,-2.638103677,-0.095243061,0.813586183,-0.003320827,0.581275544,0.013610161,176,11
1403636754.013555527,0.832133722,-2.643160864,-0.083382818,0.813524301,-0.004234672,0.581323834,0.014929140,190,11
1403636754.063555479,0.835400824,-2.635413644,-0.087749710,0.811628905,-0.005614710,0.583942395,0.015436196,216,11
1403636754.113555431,0.838754878,-2.627438872,-0.090388713,0.809543484,-0.006773168,0.586804285,0.015943763,217,11
1403636754.163555384,0.845635085,-2.625397507,-0.075315875,0.808191517,-0.007726497,0.588615458,0.017280497,203,11
1403636754.213555574,0.847795495,-2.617104245,-0.075436677,0.806712793,-0.007878348,0.590561944,0.019722854,211,11
1403636754.263555527,0.848706163,-2.608392446,-0.074124103,0.806045850,-0.008304297,0.591397451,0.021683652,212,11
1403636754.313555479,0.849669124,-2.599175516,-0.071531899,0.805960469,-0.008858004,0.591444468,0.023295913,186,11
1403636754.363555431,0.850661321,-2.589581117,-0.067845123,0.805919321,-0.008367175,0.591434229,0.025091648,216,11
1403636754.413555384,0.850797848,-2.578997309,-0.063276946,0.806164773,-0.008122644,0.591130130,0.024444865,198,11
1403636754.463555574,0.850157966,-2.567350050,-0.058185649,0.806487407,-0.006676603,0.590767807,0.022953955,220,11
1403636754.513555527,0.848894973,-2.554974390,-0.053881618,0.806618788,-0.003925740,0.590665719,0.021557539,206,11
1403636754.563555479,0.846827115,-2.541402830,-0.049905224,0.807238208,0.001106921,0.589865611,0.020586674,172,11
1403636754.613555431,0.840514350,-2.516222470,-0.053396774,0.808187215,0.006236075,0.588621517,0.017867453,186,11
1403636754.663555384,0.839237802,-2.500230914,-0.058725346,0.808877188,0.011642184,0.587701813,0.013738047,211,11
1403636754.713555574,0.816466162,-2.478268347,-0.066897955,0.809323707,0.017426659,0.587047412,0.008172186,235,11
1403636754.763555527,0.803332877,-2.477478586,-0.061258194,0.809091663,0.024144226,0.587182103,0.002217181,222,11
1403636754.813555479,0.797347946,-2.461014608,-0.069073024,-0.808514729,-0.031322658,-0.587637933,0.002117528,228,11
1403636754.863555431,0.791277439,-2.444276496,-0.079220745,-0.808440861,-0.036685895,-0.587382923,0.007669471,228,11
1403636754.913555384,0.647937329,-2.359368811,-0.034984932,-0.806549209,-0.042544406,-0.589507702,0.012207194,202,11
1403636754.963555574,0.636511916,-2.339359225,-0.045096572,-0.806603794,-0.046705839,-0.589012997,0.016509833,230,11
1403636755.013555527,0.651095417,-2.307335394,-0.055485426,-0.806725408,-0.051974389,-0.588380044,0.017369632,206,11
1403636755.063555479,0.639342287,-2.286844543,-0.069601547,-0.806459484,-0.054252961,-0.588433978,0.020619653,226,11
1403636755.113555431,0.626491341,-2.265917496,-0.082711117,-0.806593248,-0.056662587,-0.587942153,0.022819037,212,11
1403636755.163555384,0.623720585,-2.249537001,-0.079201113,-0.807007260,-0.058292996,-0.587116223,0.025214078,178,11
1403636755.213555574,0.619432591,-2.233300820,-0.077531413,-0.807300042,-0.060067233,-0.586472714,0.026614362,193,11
1403636755.263555527,0.507101217,-2.188170551,-0.048865140,-0.807817910,-0.061127179,-0.585561504,0.028485406,195,11
1403636755.313555479,0.515105416,-2.158505959,-0.056049626,-0.810861547,-0.061865026,-0.581245183,0.028815066,217,11
1403636755.363555431,0.500525326,-2.134830973,-0.059192343,-0.814475952,-0.062220343,-0.576098880,0.029455617,211,11
1403636755.413555384,0.483448723,-2.110584343,-0.062716019,-0.817496520,-0.062943554,-0.571759017,0.028795394,217,11
1403636755.463555574,0.467373737,-2.085944739,-0.065361808,-0.819166533,-0.062989319,-0.569356166,0.028846020,212,11
1403636755.513555527,0.356359160,-2.049952259,-0.003646330,-0.819237411,-0.062943261,-0.569270838,0.028616831,186,11
1403636755.563555479,0.338371533,-2.024854461,-0.007477837,-0.819056225,-0.063549797,-0.569561797,0.026602311,211,11
1403636755.613555431,0.359355753,-2.002602111,-0.004180209,-0.818412969,-0.064069240,-0.570509223,0.024790533,194,11
1403636755.663555384,0.344737100,-1.975759950,-0.009752370,-0.817388884,-0.061987696,-0.572144176,0.026153003,236,11
1403636755.713555574,0.330327883,-1.949105090,-0.017771101,-0.816955358,-0.061128131,-0.572853360,0.026197762,222,11
1403636755.763555527,0.331902310,-1.927671746,-0.027035552,-0.816165758,-0.059882519,-0.574070435,0.027030998,193,11
1403636755.813555479,0.336872979,-1.910233961,-0.029832997,-0.814119927,-0.059359008,-0.576996585,0.027571606,205,11
1403636755.863555431,0.260998375,-1.874429724,-0.007004636,-0.812831621,-0.058307569,-0.578858311,0.028775684,208,11
1403636755.913555384,0.277678602,-1.849262153,-0.016179476,-0.811374046,-0.058233151,-0.580919558,0.028522358,232,11
1403636755.963555574,0.264282076,-1.827970227,-0.009229163,-0.810960775,-0.057507335,-0.581512247,0.029648511,226,11
1403636756.013555527,0.251892324,-1.800107432,-0.016714200,-0.810239028,-0.057080996,-0.582529017,0.030239401,232,11
1403636756.063555479,0.240026875,-1.771994980,-0.022628898,-0.809692908,-0.056734494,-0.583294533,0.030758408,226,11
1403636756.113555431,0.130733755,-1.715932209,0.012572588,-0.808618077,-0.057401501,-0.584742340,0.030302949,203,11
1403636756.163555384,0.117017328,-1.686186414,0.012849703,-0.807907615,-0.057840195,-0.585694828,0.030022777,228,11
1403636756.213555574,0.106003243,-1.675286220,0.045829739,-0.807274299,-0.058174507,-0.586489719,0.030882722,191,11
1403636756.263555527,0.090846265,-1.645942509,0.051068025,-0.807129318,-0.058118749,-0.586663815,0.031464954,232,11
1403636756.313555479,0.075875295,-1.615868781,0.054957532,-0.807046439,-0.058319322,-0.586738670,0.031821920,217,11
1403636756.363555431,0.068295394,-1.592609246,0.059528076,-0.806682070,-0.059236089,-0.587142912,0.031911201,186,11
1403636756.413555384,0.057344770,-1.566898600,0.065613832,-0.806325213,-0.060145273,-0.587567546,0.031409805,198,11
1403636756.463555574,-0.004052132,-1.536084015,0.094840454,-0.806026881,-0.060158397,-0.587914392,0.032531559,201,11
1403636756.513555527,-0.025546430,-1.505736261,0.095989860,-0.805933861,-0.060282778,-0.587981624,0.033379753,225,11
1403636756.563555479,-0.050187135,-1.476886263,0.096393831,-0.805790835,-0.060703178,-0.588133567,0.033394042,220,11
1403636756.613555431,-0.068250534,-1.446284003,0.095276611,-0.805401521,-0.060830889,-0.588620903,0.033962116,226,11
1403636756.663555384,-0.086930320,-1.415514261,0.094283054,-0.805258770,-0.061052707,-0.588745568,0.034778384,220,11
1403636756.713555574,-0.110671121,-1.372071154,0.092018940,-0.804419196,-0.061304876,-0.589847894,0.035084625,199,11
1403636756.763555527,-0.131519294,-1.341080213,0.093558997,-0.803980915,-0.061673684,-0.590381322,0.035509724,224,11
1403636756.813555479,-0.165557241,-1.304713842,0.095509820,-0.803554747,-0.061767653,-0.590892354,0.036479477,188,11
1403636756.863555431,-0.188727431,-1.273610520,0.099505236,-0.803663954,-0.062015472,-0.590673878,0.037184671,227,11
1403636756.913555384,-0.212765687,-1.242514166,0.105484889,-0.803808192,-0.062484392,-0.590435522,0.037067307,213,11
1403636756.963555574,-0.237285295,-1.213767338,0.112919515,-0.804022464,-0.062457636,-0.590074938,0.038190173,184,11
1403636757.013555527,-0.258855265,-1.178885363,0.121954105,-0.803889290,-0.063162389,-0.590195276,0.037974449,196,11
1403636757.063555479,-0.283901511,-1.153291424,0.129964782,-0.804246335,-0.062297146,-0.589653330,0.040197625,198,11
1403636757.113555431,-0.312772717,-1.122378210,0.137666251,-0.803943567,-0.062622671,-0.590030625,0.040211978,222,11
1403636757.163555384,-0.343174354,-1.090135947,0.144140492,-0.804457099,-0.062494600,-0.589332237,0.040382113,217,11
1403636757.213555574,-0.371347117,-1.059314725,0.149353058,-0.804189035,-0.062358107,-0.589688904,0.040724182,223,11
1403636757.263555527,-0.400026502,-1.028614610,0.153382395,-0.804341246,-0.063088919,-0.589433722,0.040284437,215,11
1403636757.313555479,-0.421929740,-0.991857512,0.151955679,-0.804771044,-0.064778825,-0.588815637,0.037992313,194,11
1403636757.363555431,-0.451462678,-0.960744462,0.153054806,-0.804846896,-0.064926608,-0.588666021,0.038448994,219,11
1403636757.413555384,-0.485745826,-0.936632069,0.151248039,-0.806383985,-0.066404106,-0.586470731,0.037248410,185,11
1403636757.463555574,-0.515074858,-0.904291701,0.151847018,-0.807090445,-0.068047521,-0.585425021,0.035384930,223,11
1403636757.513555527,-0.544735310,-0.871828921,0.153221399,-0.808542232,-0.070306835,-0.583165016,0.035142174,208,11
1403636757.563555479,-0.573733730,-0.840008275,0.158216384,-0.810825845,-0.073222104,-0.579570061,0.036034942,178,11
1403636757.613555431,-0.610189508,-0.805212017,0.162668817,-0.813964211,-0.076744744,-0.574595763,0.037579484,188,11
1403636757.663555384,-0.599580441,-0.790144998,0.162086917,-0.817924285,-0.080530329,-0.568312827,0.039182413,186,11
1403636757.713555574,-0.633067918,-0.756294614,0.170266640,-0.821503597,-0.083721673,-0.562505474,0.041353517,210,11
1403636757.763555527,-0.662084305,-0.722058393,0.179964075,-0.824101777,-0.086340872,-0.558096122,0.043934425,223,11
1403636757.813555479,-0.687757424,-0.686656425,0.192560934,-0.825741177,-0.088728840,-0.555075010,0.046587923,230,11
1403636757.863555431,-0.711318952,-0.650776609,0.209424039,-0.826965069,-0.090145954,-0.552746442,0.049737851,219,11
1403636757.913555384,-0.723681022,-0.609442924,0.223965853,-0.826778211,-0.091552633,-0.552593184,0.051929549,197,11
1403636757.963555574,-0.744390397,-0.572581672,0.244943300,-0.825140616,-0.092050615,-0.554616395,0.055410311,221,11
1403636758.013555527,-0.781669448,-0.535596763,0.261412748,-0.820359469,-0.093254064,-0.561279869,0.057261945,187,11
1403636758.063555479,-0.800057722,-0.498293032,0.281390707,-0.816732797,-0.093781176,-0.566221684,0.059545220,221,11
1403636758.113555431,-0.820637093,-0.461454842,0.298601448,-0.812903676,-0.093613386,-0.571455440,0.062151656,205,11
1403636758.163555384,-0.841175473,-0.425258730,0.314468044,-0.809869444,-0.093639019,-0.575574393,0.063697214,188,11
1403636758.213555574,-0.862014329,-0.387712169,0.325832537,-0.807051635,-0.093762564,-0.579349991,0.065037122,194,11
1403636758.263555527,-0.858235564,-0.343237134,0.323456102,-0.805698857,-0.092961803,-0.581262403,0.065889864,192,11
1403636758.313555479,-0.883653925,-0.328475063,0.321277076,-0.804524773,-0.092623645,-0.582714171,0.067859742,197,11
1403636758.363555431,-0.904954282,-0.289985910,0.323283476,-0.805023745,-0.091876903,-0.581999597,0.069078750,212,11
1403636758.413555384,-0.923481962,-0.253938419,0.323579587,-0.808639549,-0.090626131,-0.576927009,0.071022604,220,11
1403636758.463555574,-0.941926226,-0.217744262,0.320495919,-0.814019930,-0.088766961,-0.569267746,0.073662840,208,11
1403636758.513555527,-0.941188502,-0.183256588,0.309812879,-0.820454323,-0.085722803,-0.559925008,0.077396971,205,11
1403636758.563555479,-0.957906770,-0.149298601,0.302219649,-0.826713787,-0.081978955,-0.550464090,0.082541212,225,11
1403636758.613555431,-0.975322240,-0.116710707,0.288627506,-0.831592125,-0.078012746,-0.542989642,0.086780175,198,11
1403636758.663555384,-0.987989497,-0.085840835,0.281356194,-0.832660188,-0.076922896,-0.541375066,0.087595192,227,11
1403636758.713555574,-0.998736847,-0.055811387,0.274918196,-0.829178863,-0.076641496,-0.546828925,0.086986325,213,11
1403636758.763555527,-1.013952624,-0.029780329,0.267866842,-0.823902657,-0.078440674,-0.555124192,0.082877046,198,11
1403636758.813555479,-1.023332040,-0.003383040,0.262098612,-0.819143858,-0.078143000,-0.562149791,0.082973641,199,11
1403636758.863555431,-1.052848091,0.007083430,0.266519316,-0.813887377,-0.080387605,-0.569724440,0.080865526,199,11
1403636758.913555384,-1.020827515,0.021491690,0.273748826,-0.810863872,-0.083269830,-0.574241241,0.076242464,203,11
1403636758.963555574,-1.027352821,0.041048629,0.265006685,-0.807747157,-0.084659007,-0.578655586,0.074398228,216,11
1403636759.013555527,-1.033367312,0.060310746,0.254055574,-0.806818966,-0.085447825,-0.580046429,0.072718395,225,11
1403636759.063555479,-1.017206187,0.085268201,0.249767525,-0.805101362,-0.084169142,-0.582383252,0.074545957,195,11
1403636759.113555431,-1.020314419,0.110998371,0.238048073,-0.804618283,-0.079684026,-0.582873700,0.080610946,196,11
1403636759.163555384,-1.026218173,0.127902713,0.223004660,-0.804524603,-0.073428597,-0.582418476,0.090206002,218,11
1403636759.213555574,-1.029153005,0.137009710,0.211131001,-0.804559228,-0.067904085,-0.581507296,0.099612995,193,11
1403636759.263555527,-1.034994632,0.150171234,0.194702635,-0.804545104,-0.062800608,-0.580727685,0.107324810,221,11
1403636759.313555479,-1.040770815,0.160721415,0.177488942,-0.804515122,-0.061740270,-0.580493728,0.109410189,207,11
1403636759.363555431,-1.047171205,0.167459561,0.160489005,-0.803847483,-0.065936137,-0.581974720,0.103860846,195,11
1403636759.413555384,-1.049102686,0.168193188,0.143586631,-0.803884203,-0.071524422,-0.582432954,0.097089133,196,11
1403636759.463555574,-1.041815501,0.195698567,0.133315374,-0.803147564,-0.076141618,-0.583999007,0.090008914,199,11
1403636759.513555527,-1.050635899,0.206177420,0.134865985,-0.802878760,-0.080315620,-0.584817118,0.083210793,201,11
1403636759.563555479,-1.057762451,0.208940869,0.116946644,-0.802190106,-0.083672084,-0.585810615,0.079472893,214,11
1403636759.613555431,-1.064459135,0.211582090,0.102050419,-0.801657471,-0.087727023,-0.586584186,0.074620779,223,11
1403636759.663555384,-1.053982922,0.218952391,0.098881571,-0.801744933,-0.089687615,-0.586522267,0.071783181,193,11
1403636759.713555574,-1.055000459,0.221666954,0.094864323,-0.802005258,-0.091618219,-0.586070672,0.070105888,194,11
1403636759.763555527,-1.063219389,0.223686065,0.088707833,-0.801215376,-0.091435705,-0.587024805,0.071381448,217,11
1403636759.813555479,-1.071867205,0.224086341,0.085644672,-0.800515918,-0.092548039,-0.587960158,0.070085507,193,11
1403636759.863555431,-1.080373028,0.225824890,0.082992475,-0.800993900,-0.092334709,-0.587337155,0.070129451,219,11
1403636759.913555384,-1.089730505,0.227242185,0.079055882,-0.803979005,-0.092615200,-0.583214925,0.070003821,205,11
1403636759.963555574,-1.099101279,0.228268214,0.075763605,-0.807292500,-0.093086254,-0.578642824,0.069182736,193,11
1403636760.013555527,-1.108865195,0.229392661,0.072158564,-0.810040422,-0.092822890,-0.574825322,0.069240705,194,11
1403636760.063555479,-1.124529522,0.223639873,0.066390983,-0.811979145,-0.092052160,-0.572047880,0.070551335,196,11
1403636760.113555431,-1.140111587,0.209683453,0.058929073,-0.814662595,-0.093180144,-0.568116218,0.069901933,198,11
1403636760.163555384,-1.148352800,0.210764645,0.054196046,-0.816740514,-0.093334490,-0.565164968,0.069369766,210,11
1403636760.213555574,-1.155503637,0.212093526,0.050413809,-0.814379803,-0.092543056,-0.568558412,0.070446087,219,11
1403636760.263555527,-1.155886506,0.217512921,0.046201781,-0.810247096,-0.091698040,-0.574503171,0.070973376,191,11
1403636760.313555479,-1.162698943,0.218532238,0.040765825,-0.806175132,-0.090466531,-0.580160289,0.072880057,189,11
1403636760.363555431,-1.169192784,0.219161455,0.035822759,-0.803704477,-0.091009335,-0.583609194,0.071949448,230,11
1403636760.413555384,-1.175223315,0.220310584,0.029629901,-0.801031731,-0.092017804,-0.587235551,0.070959827,208,11
1403636760.463555574,-1.182684018,0.220283277,0.023509048,-0.800307120,-0.092870471,-0.588253294,0.069581981,234,11
1403636760.513555527,-1.191662064,0.219935946,0.016504196,-0.801071112,-0.093829726,-0.587243744,0.068013537,220,11
1403636760.563555479,-1.202221072,0.219527570,0.010173345,-0.804041740,-0.094853605,-0.583110880,0.067092295,208,11
1403636760.613555431,-1.213312163,0.219300969,0.004175053,-0.807290446,-0.095918360,-0.578572047,0.065849762,207,11
1403636760.663555384,-1.223059070,0.219854238,-0.008850258,-0.809592394,-0.097935407,-0.575259404,0.063603699,211,11
1403636760.713555574,-1.234537920,0.215583760,-0.021770211,-0.811494391,-0.099662620,-0.572413041,0.062350025,212,11
1403636760.763555527,-1.244144362,0.216980999,-0.028711630,-0.811260304,-0.101111502,-0.572663439,0.060743468,226,11
1403636760.813555479,-1.253548606,0.219184449,-0.035179383,-0.809712940,-0.101800469,-0.574769962,0.060341612,234,11
1403636760.863555431,-1.248326151,0.233229678,-0.040016985,-0.807611287,-0.102525202,-0.577737637,0.058922102,206,11
1403636760.913555384,-1.254539842,0.239788694,-0.047340448,-0.805706448,-0.103419198,-0.580296296,0.058290642,186,11
1403636760.963555574,-1.264315609,0.243864058,-0.053491959,-0.805860581,-0.103581182,-0.580046112,0.058362402,228,11
1403636761.013555527,-1.271607266,0.251330891,-0.058890335,-0.808071366,-0.102709313,-0.576966100,0.059846333,205,11
1403636761.063555479,-1.282093210,0.256776741,-0.065142881,-0.810959552,-0.101652778,-0.572912944,0.061498589,230,11
1403636761.113555431,-1.292309419,0.262951533,-0.071296591,-0.814765045,-0.100707488,-0.567456810,0.063314236,215,11
1403636761.163555384,-1.302100415,0.269870503,-0.076615640,-0.819723493,-0.100240606,-0.560312763,0.063677497,201,11
1403636761.213555574,-1.288369591,0.292768346,-0.076066804,-0.823727290,-0.101291738,-0.554349032,0.062533879,200,11
1403636761.263555527,-1.294915471,0.302210781,-0.078099801,-0.826327742,-0.100363624,-0.550541499,0.063353478,200,11
1403636761.313555479,-1.281026296,0.309884380,-0.075550131,-0.827127155,-0.100570373,-0.549334806,0.063067751,225,11
1403636761.363555431,-1.288607568,0.316406027,-0.078443475,-0.825867081,-0.100581457,-0.551157585,0.063657302,232,11
1403636761.413555384,-1.291100419,0.325939677,-0.076074565,-0.821660203,-0.100128994,-0.557409652,0.064367498,240,11
1403636761.463555574,-1.281397839,0.343236648,-0.071919219,-0.817286591,-0.099617253,-0.563930889,0.064038926,215,11
1403636761.513555527,-1.280900321,0.353028464,-0.070324881,-0.813191326,-0.098575725,-0.569853928,0.065339071,196,11
1403636761.563555479,-1.281380727,0.362070113,-0.065130477,-0.809637825,-0.097814668,-0.574972808,0.065765895,232,11
1403636761.613555431,-1.279115794,0.373489001,-0.061651334,-0.807005318,-0.096392892,-0.578802554,0.066621540,211,11
1403636761.663555384,-1.279304918,0.384311192,-0.058309921,-0.805921613,-0.093528613,-0.580367200,0.070118945,231,11
1403636761.713555574,-1.279819455,0.394966333,-0.054443078,-0.805251651,-0.089162503,-0.581289578,0.075645568,234,11
1403636761.763555527,-1.280620391,0.405086144,-0.050255023,-0.805297471,-0.085425571,-0.581110010,0.080682165,224,11
1403636761.813555479,-1.281655281,0.414348271,-0.045351863,-0.805392357,-0.082138773,-0.580867758,0.084788100,227,11
1403636761.863555431,-1.282278940,0.420901668,-0.055457141,-0.805470469,-0.080053129,-0.580638871,0.087563240,205,11
1403636761.913555384,-1.270721421,0.427950829,-0.055994360,-0.806025341,-0.080258438,-0.580014741,0.086398108,235,11
1403636761.963555574,-1.270327134,0.432215399,-0.050437672,-0.806301379,-0.082235721,-0.579837186,0.083091583,240,11
1403636762.013555527,-1.270738856,0.435878088,-0.044712559,-0.805557232,-0.087437913,-0.581187668,0.075186785,246,11
1403636762.063555479,-1.263962542,0.438345008,-0.038710948,-0.804845828,-0.092528377,-0.582381326,0.067034940,221,11
1403636762.113555431,-1.258661104,0.439943282,-0.035245878,-0.804007513,-0.099617833,-0.583489245,0.056466866,206,11
1403636762.163555384,-1.259277025,0.443654445,-0.029090471,-0.804396703,-0.104666041,-0.582786512,0.048485531,240,11
1403636762.213555574,-1.262881430,0.444005680,-0.027414603,-0.807142224,-0.106481570,-0.578907682,0.045265893,216,11
1403636762.263555527,-1.315243334,0.336924327,-0.036129366,-0.810911834,-0.110813895,-0.572480562,0.049074262,217,11
1403636762.313555479,-1.315752617,0.343442655,-0.034959926,-0.815737601,-0.109247503,-0.565741772,0.050728663,224,11
1403636762.363555431,-1.316239025,0.350780082,-0.035847402,-0.819992033,-0.107384893,-0.559702027,0.053058374,214,11
1403636762.413555384,-1.308674033,0.370021139,-0.038531185,-0.822407474,-0.104047433,-0.556480786,0.056117855,216,11
1403636762.463555574,-1.300587407,0.385252801,-0.045852830,-0.823657098,-0.099197166,-0.554809821,0.062729333,191,11
1403636762.513555527,-1.294335315,0.399914052,-0.051904267,-0.821944659,-0.090163358,-0.557333148,0.075215086,233,11
1403636762.563555479,-1.290066247,0.410146869,-0.059647601,-0.819159618,-0.081762083,-0.560983304,0.087121841,229,11
1403636762.613555431,-1.284970803,0.419661825,-0.069252481,-0.816010422,-0.073672040,-0.564769882,0.098663073,262,11
1403636762.663555384,-1.278050234,0.428531507,-0.080808824,-0.812386261,-0.068998453,-0.569347849,0.105407797,235,11
1403636762.713555574,-1.276019006,0.427762031,-0.094049100,-0.809525119,-0.071544476,-0.573554318,0.102887870,212,11
1403636762.763555527,-1.271219729,0.426253960,-0.110409220,-0.807459560,-0.075914801,-0.576803562,0.097691626,232,11
1403636762.813555479,-1.263667117,0.428996735,-0.128994864,-0.806409454,-0.081938641,-0.578729164,0.089790902,215,11
1403636762.863555431,-1.268181621,0.414473099,-0.133792766,-0.787097993,-0.077281903,-0.603917287,0.098935169,237,11
1403636762.913555384,-1.273809324,0.408447773,-0.132173305,-0.780432569,-0.078948832,-0.613190267,0.093219006,257,11
1403636762.963555574,-1.280425158,0.403156490,-0.138701094,-0.797965622,-0.084539144,-0.591655896,0.077764390,256,11
1403636763.013555527,-1.291331866,0.389496617,-0.141775638,-0.804632724,-0.073539353,-0.584569300,0.073735183,230,11
1403636763.063555479,-1.290791692,0.392264189,-0.150006790,-0.805944502,-0.057648408,-0.584404128,0.074846082,198,11
1403636763.113555431,-1.296126719,0.387681596,-0.151487948,-0.799806753,-0.047857481,-0.593780536,0.073780045,191,11
1403636763.163555384,-1.298439054,0.387002196,-0.149325590,-0.792030093,-0.040192201,-0.604932265,0.071623135,170,11
1403636763.213555574,-1.301070747,0.385457213,-0.155065647,-0.797364020,-0.038327490,-0.598076105,0.071039397,224,11
1403636763.263555527,-1.300153944,0.384492628,-0.160008431,-0.803053751,-0.037711136,-0.590357345,0.071838350,210,11
1403636763.313555479,-1.282570450,0.412114783,-0.162604608,-0.800732190,-0.036171213,-0.593716112,0.070857467,190,11
1403636763.363555431,-1.287206957,0.410997453,-0.161366762,-0.801309115,-0.036794408,-0.592967745,0.070278925,196,11
1403636763.413555384,-1.290834012,0.410856947,-0.160721005,-0.802130652,-0.036136636,-0.591815909,0.070954142,188,11
1403636763.463555574,-1.295054346,0.410303046,-0.159741570,-0.802017236,-0.036501004,-0.592017470,0.070365795,190,11
1403636763.513555527,-1.299479060,0.410284133,-0.158912329,-0.802287269,-0.036342432,-0.591603762,0.070847406,188,11
1403636763.563555479,-1.303956922,0.410275102,-0.157783476,-0.802318895,-0.036504974,-0.591578133,0.070619325,201,11
1403636763.613555431,-1.308836168,0.410322954,-0.156654992,-0.802340786,-0.036344728,-0.591530935,0.070848265,193,11
1403636763.663555384,-1.313573058,0.410798492,-0.155564343,-0.802190680,-0.036486300,-0.591735529,0.070766709,178,11
1403636763.713555574,-1.318530591,0.411123295,-0.154423816,-0.802306952,-0.036205324,-0.591558037,0.071076136,192,11
1403636763.763555527,-1.323472696,0.411310455,-0.153144230,-0.802299271,-0.036384105,-0.591596886,0.070747449,145,11
1403636763.813555479,-1.328305479,0.411785550,-0.152062099,-0.802399204,-0.035953330,-0.591384579,0.071604159,199,11
