timestamp,tracking_ms,estimator_ms,total_ms,observations
1598870181.880224466,22.043459,0.000530,22.057129,0
1598870181.917529106,22.672125,0.006100,22.679135,234
1598870181.940813303,7.785837,0.011050,7.797537,374
1598870181.974414825,6.244393,0.011240,6.256103,394
1598870182.008227587,3.166767,0.008850,3.176177,396
1598870182.041640520,3.039436,0.009670,3.049816,396
1598870182.075725794,3.022626,0.009750,3.033056,396
1598870182.108786345,1.996207,0.007750,2.004517,400
1598870182.141568184,1.632344,0.007060,1.639864,400
1598870182.175574541,1.682605,0.005960,1.688905,400
1598870182.215332508,1.993647,0.005960,2.000137,400
1598870182.246270657,1.663055,0.005460,1.668935,400
1598870182.276529312,1.676324,0.005600,1.682244,400
1598870182.309342623,1.606453,0.005010,1.611793,400
1598870182.343000889,1.710924,0.004850,1.716034,400
1598870182.375574589,1.630214,0.005640,1.636124,400
1598870182.408781767,1.652684,0.005330,1.658304,400
1598870182.441195965,1.258011,0.004980,1.263321,400
1598870182.475506067,2.088687,0.009071,2.098028,398
1598870182.508774042,2.031298,0.007450,2.039158,398
1598870182.542677641,2.018607,0.008300,2.027207,398
1598870182.574922800,2.031667,0.008980,2.040917,398
1598870182.610951424,2.234389,0.008570,2.243229,398
1598870182.675121307,2.043478,0.009000,2.052918,398
1598870182.710199594,2.204629,0.008690,2.214039,398
1598870182.742533922,2.026298,0.007550,2.034258,398
1598870182.775039673,2.219389,0.007010,2.226679,398
1598870182.808820724,2.035747,0.006720,2.042817,398
1598870182.842591763,1.315701,0.005730,1.321821,400
1598870182.876286983,1.322772,0.004830,1.328022,400
1598870182.915309906,1.398002,0.004750,1.403102,400
1598870182.943991423,1.141619,0.004111,1.146190,400
1598870182.975965977,1.132259,0.003691,1.136210,400
1598870183.010370255,1.129360,0.003530,1.133140,400
1598870183.042045832,1.106870,0.003340,1.110450,400
1598870183.075617790,1.136220,0.003500,1.140010,400
1598870183.110783815,1.318881,0.003460,1.322611,400
1598870183.143340826,1.379812,0.003560,1.383702,400
1598870183.176972628,1.119090,0.003220,1.122750,400
1598870183.211669207,1.120710,0.003060,1.124040,400
1598870183.243534803,1.297572,0.003350,1.301192,400
1598870183.277349472,1.384742,0.003370,1.388392,400
1598870183.310212612,1.168350,0.003030,1.171760,400
1598870183.342927456,1.298201,0.003180,1.301641,400
1598870183.376801968,1.115260,0.002980,1.118510,400
1598870183.410885334,1.162960,0.003140,1.166350,400
1598870183.444266081,1.145070,0.003090,1.148420,400
1598870183.478903770,1.365281,0.003291,1.368822,400
1598870183.511851072,1.132700,0.003110,1.136250,400
1598870183.543994665,1.108359,0.002990,1.111599,400
1598870183.577246666,1.297641,0.003270,1.301171,400
1598870183.610219240,1.403552,0.003420,1.407282,400
1598870183.643236876,1.147620,0.003210,1.151360,400
1598870183.676012516,1.306721,0.003310,1.310311,400
1598870183.710721493,1.127400,0.003100,1.130830,400
1598870183.743533373,1.106809,0.003060,1.110149,400
1598870183.777814388,2.069828,0.006620,2.076708,398
1598870183.811316252,2.182929,0.006990,2.190399,398
1598870183.843646526,2.245979,0.006490,2.252749,398
1598870183.876626968,2.051208,0.079470,2.131098,398
1598870183.910410643,2.207619,1.916676,4.124685,398
1598870183.943622351,2.278070,0.029140,2.307970,398
1598870183.976300955,2.050728,0.028390,2.079528,398
1598870184.008874655,2.047548,0.026590,2.074498,398
1598870184.043982506,2.055867,0.028920,2.085117,398
1598870184.077158213,2.053178,0.027430,2.080898,398
1598870184.110844374,2.034978,0.026900,2.062178,398
1598870184.144588947,2.060248,0.029730,2.090288,398
1598870184.176785707,2.041917,0.029290,2.071507,398
1598870184.210665464,2.030028,0.028880,2.059208,398
1598870184.241655588,2.067808,0.039640,2.108598,398
1598870184.275572062,2.125918,0.038660,2.164978,398
1598870184.310132980,2.069158,0.036240,2.106338,398
1598870184.342757225,2.046517,0.034020,2.080897,398
1598870184.375967503,2.078338,0.031691,2.110389,398
1598870184.411029100,2.032907,0.031540,2.064737,398
1598870184.441317320,2.071068,0.030600,2.101928,398
1598870184.474771023,2.115468,0.040190,2.155918,398
1598870184.508375645,2.077688,0.035830,2.114438,398
1598870184.540892839,2.079398,0.033350,2.113268,398
1598870184.573622942,2.050957,0.033621,2.084958,398
1598870184.608060837,2.061988,0.031540,2.093848,398
1598870184.641946316,2.061018,0.032440,2.093828,398
1598870184.675080061,2.055458,0.035570,2.091388,398
1598870184.708554745,2.037767,0.031940,2.070237,398
1598870184.749225140,2.027567,0.032420,2.060297,398
1598870184.774228811,2.031647,0.032180,2.064147,398
1598870184.807290077,2.043828,0.030250,2.074558,398
1598870184.840718746,2.066688,0.032130,2.099158,398
1598870184.874502897,2.051468,0.032300,2.084138,398
1598870184.907545090,2.051408,0.030360,2.082178,398
1598870184.941160440,2.085278,0.029980,2.115548,398
1598870184.974128962,2.048768,0.029760,2.078898,398
1598870185.005882025,2.127108,0.033350,2.160988,398
1598870185.039954185,2.097598,0.030510,2.128448,398
1598870185.073336363,2.060888,0.032460,2.093858,398
1598870185.105789661,2.104498,0.029820,2.134618,398
1598870185.140304327,2.123958,0.029961,2.154229,398
1598870185.172801733,2.058127,0.029531,2.088028,398
1598870185.206515789,2.140778,0.031520,2.172648,398
1598870185.240520954,2.110928,0.029790,2.141048,398
1598870185.273709774,2.055818,0.031250,2.087398,398
1598870185.306363821,2.142478,0.029611,2.172489,398
1598870185.340191364,2.161168,0.029391,2.190839,398
1598870185.372522354,2.061957,0.033071,2.095318,398
1598870185.405909538,2.195629,0.030590,2.226549,398
1598870185.439436436,2.138218,0.029970,2.168568,398
1598870185.470918417,1.155310,0.029321,1.184931,400
1598870185.505503893,1.246321,0.029240,1.275861,400
1598870185.539031982,1.284641,0.026660,1.311631,400
1598870185.572155476,3.153957,0.141671,3.295898,396
1598870185.605763912,7.888448,0.049620,7.938508,380
1598870185.641602755,6.916940,0.056260,6.973680,392
1598870185.674978971,7.977248,0.060231,8.037999,388
1598870185.704860926,5.771779,0.040241,5.812560,396
1598870185.737051010,4.194596,0.038760,4.234036,396
1598870185.770891190,4.108936,0.038330,4.147736,396
1598870185.806250334,3.219778,0.070581,3.290929,396
1598870185.837104082,7.968608,0.073810,8.042988,394
1598870185.870442629,5.834430,0.075040,5.909950,392
1598870185.904914618,4.235157,0.052730,4.288267,396
1598870185.937390566,4.112785,0.050561,4.163736,396
1598870185.970233202,3.935894,0.050830,3.987024,396
1598870186.004555464,4.156925,0.054161,4.211526,396
1598870186.042122364,4.267766,0.058561,4.326697,396
1598870186.071408749,4.043774,0.056941,4.101685,398
1598870186.106055975,8.058219,0.082901,8.141990,390
1598870186.136676073,9.153018,0.091901,9.245479,390
1598870186.169927835,5.048914,0.061890,5.111314,396
1598870186.203211308,5.026583,0.060241,5.087154,396
1598870186.236934185,4.228746,0.062911,4.291997,398
1598870186.268953562,4.075095,0.061611,4.137236,398
1598870186.302101135,4.065205,0.059570,4.125235,398
1598870186.335229635,4.240337,0.059940,4.300607,398
1598870186.368878365,3.998234,0.066081,4.064695,398
1598870186.402614594,4.115345,0.060940,4.177175,398
1598870186.434520245,4.311667,0.061690,4.373807,398
1598870186.468364477,2.135748,0.059681,2.195939,398
1598870186.501729250,1.302531,0.057650,1.360771,400
1598870186.535058022,1.299961,0.054861,1.355192,400
1598870186.568928480,1.162190,0.054701,1.217221,400
1598870186.601659536,1.282491,0.053150,1.335981,400
1598870186.641800642,1.323941,0.055621,1.380082,400
1598870186.670315027,1.150359,0.053731,1.204470,400
1598870186.700823784,1.269191,0.052730,1.322261,400
1598870186.734796762,1.318851,0.052761,1.371912,400
1598870186.768419743,1.178840,0.052680,1.231860,400
1598870186.803907871,1.276451,0.052610,1.329381,400
1598870186.833617926,1.316452,0.051560,1.368352,400
1598870186.867712975,1.206070,0.052281,1.258661,400
1598870186.901821136,1.411703,0.052550,1.464563,400
1598870186.933278799,1.391271,0.054791,1.446372,400
1598870186.967003107,1.275221,0.051531,1.327082,400
1598870187.000490427,2.249979,0.058001,2.308310,398
1598870187.034646749,1.342612,0.054890,1.397792,400
1598870187.066613197,1.311351,0.052340,1.364001,400
1598870187.100916624,1.333931,0.052951,1.387222,400
1598870187.133616924,1.373332,0.052960,1.426642,400
1598870187.166763783,1.251030,0.051371,1.302721,400
1598870187.208326578,1.343772,0.052830,1.396952,400
1598870187.233574390,1.341822,0.051140,1.393262,400
1598870187.266670942,1.211260,0.051210,1.262830,400
1598870187.299563408,1.352672,0.052701,1.405773,400
1598870187.334326982,1.345892,0.051830,1.398092,400
1598870187.366134167,1.220820,0.057820,1.278990,400
1598870187.399456978,1.340731,0.054791,1.395812,400
1598870187.432584524,1.328132,0.052380,1.380832,400
1598870187.466357708,1.192530,0.052071,1.244991,400
1598870187.499958515,1.350561,0.053161,1.404012,400
1598870187.534012079,4.142866,0.059290,4.202506,398
1598870187.565604925,4.032695,0.061110,4.094255,398
1598870187.599898100,4.052315,0.063670,4.116345,398
1598870187.632386923,4.129876,0.062310,4.192536,398
1598870187.664356232,1.238070,0.061481,1.299921,400
1598870187.698099613,1.316192,0.056690,1.373232,400
1598870187.730575562,1.352861,0.055321,1.408502,400
1598870187.765149832,1.238191,0.056080,1.294571,400
1598870187.805773020,1.385232,0.055501,1.441083,400
1598870187.832755089,1.344352,0.054571,1.399243,400
1598870187.864704609,1.259361,0.052210,1.311881,400
1598870187.898839235,1.323252,0.051900,1.375452,400
1598870187.931606770,1.345781,0.052471,1.398552,400
1598870187.965865612,1.195971,0.052160,1.248451,400
1598870187.997975349,1.381011,0.051811,1.433152,400
1598870188.030696154,2.465071,0.097941,2.563412,398
1598870188.062975407,1.414722,0.071921,1.486963,400
1598870188.098056555,2.356471,0.094641,2.451522,398
1598870188.131805658,2.274209,0.132332,2.407161,398
1598870188.164712429,1.244811,0.084151,1.329642,400
1598870188.197124243,1.536813,0.080901,1.618034,400
1598870188.229650736,4.329237,0.102891,4.432628,388
1598870188.264893055,4.323267,0.099341,4.423228,398
1598870188.296231985,4.414828,0.100331,4.515669,396
1598870188.331032276,1.711084,0.097731,1.809405,400
1598870188.361485481,4.422698,0.093461,4.516499,398
1598870188.395847082,4.318917,0.117421,4.436688,388
1598870188.430228949,1.509673,2.257629,3.767712,400
1598870188.461277723,5.238585,0.069560,5.308735,394
1598870188.495204687,5.161825,0.070790,5.232975,396
1598870188.529856443,1.417132,0.065510,1.483122,400
1598870188.563560247,1.160539,0.073341,1.234230,400
1598870188.597220898,1.281491,0.066850,1.349281,400
1598870188.629174471,1.246660,0.063681,1.310671,400
1598870188.663210392,1.199060,0.064120,1.263620,400
1598870188.697657824,1.249601,0.060840,1.310711,400
1598870188.728936434,1.294651,0.071170,1.366141,400
1598870188.762689829,1.087079,0.064561,1.152500,400
1598870188.795616627,1.225101,0.063340,1.288811,400
1598870188.828707933,1.245171,0.059980,1.305561,400
1598870188.861472130,1.070229,0.064820,1.135319,400
1598870188.901201248,1.255771,0.064390,1.320681,400
1598870188.930953979,1.513383,0.057841,1.571504,400
1598870188.962217569,1.019159,0.057100,1.076519,400
1598870188.995158672,1.169500,0.058711,1.228481,400
1598870189.028464317,1.206231,0.056030,1.262541,400
1598870189.061174631,1.030379,0.055621,1.086250,400
1598870189.095745564,1.160200,0.056671,1.217121,400
1598870189.128703356,1.201430,0.055921,1.257651,400
1598870189.163105488,1.024629,0.055890,1.080769,400
1598870189.193992853,1.282221,0.055190,1.337681,400
1598870189.228909492,1.207650,0.055310,1.263240,400
1598870189.261833906,1.026998,0.056111,1.083369,400
1598870189.294832230,1.173890,0.055051,1.229191,400
1598870189.328066111,1.193600,0.054811,1.248681,400
1598870189.360997915,1.041559,0.055991,1.097830,400
1598870189.398225784,1.205311,0.054890,1.260441,400
1598870189.427998781,1.216261,0.054390,1.270891,400
1598870189.461030722,1.048449,0.055520,1.104249,400
1598870189.494803190,1.190531,0.054530,1.245321,400
1598870189.527896404,1.221581,0.054410,1.276251,400
1598870189.560455561,1.040739,0.054560,1.095569,400
1598870189.593275785,1.183020,0.057420,1.240900,400
1598870189.628514051,1.223800,0.056411,1.280511,400
1598870189.659234047,1.027789,0.055550,1.083639,400
1598870189.693200111,1.204910,0.056361,1.261641,400
1598870189.727082491,1.218250,0.055281,1.273811,400
1598870189.759842396,1.113260,0.055470,1.169140,400
1598870189.793346405,1.190180,0.056891,1.247361,400
1598870189.826486349,1.222850,0.057811,1.281051,400
1598870189.859849691,1.032778,0.056501,1.089729,400
1598870189.894172668,1.207931,0.056910,1.265091,400
1598870189.927053452,1.198011,0.055190,1.253491,400
1598870189.959157944,1.030109,0.055210,1.085589,400
1598870189.991576910,1.206511,0.055850,1.262671,400
1598870190.024950981,1.239771,0.055181,1.295212,400
1598870190.058573246,1.036239,0.055010,1.091569,400
1598870190.090591669,1.192690,0.054330,1.247290,400
1598870190.126018047,1.225590,0.055811,1.281651,400
1598870190.158056736,1.032539,0.055190,1.087999,400
1598870190.191104889,1.186100,0.055710,1.242060,400
1598870190.224503279,1.388952,0.067750,1.457612,400
1598870190.257793903,1.049139,0.062530,1.112059,400
1598870190.291474819,1.187540,0.058141,1.245931,400
1598870190.325255394,1.225240,0.059951,1.285461,400
1598870190.358631134,1.025109,0.056770,1.082169,400
1598870190.392229080,1.180020,0.068121,1.249101,400
1598870190.427643061,1.312172,0.063950,1.376582,400
1598870190.459350586,1.057949,0.058160,1.116429,400
1598870190.492307425,1.220491,0.071191,1.291972,400
1598870190.525755644,1.212411,0.066530,1.279791,400
1598870190.559625626,1.049129,0.061370,1.110879,400
1598870190.592367649,1.209551,0.060810,1.270631,400
1598870190.626855135,1.242740,0.068101,1.311171,400
1598870190.658181906,1.086010,0.067450,1.154320,400
1598870190.692020893,1.187771,0.063250,1.251401,400
1598870190.724652529,1.209860,0.058950,1.269120,400
1598870190.757586956,1.040079,0.056950,1.097299,400
1598870190.790883541,1.181920,0.058890,1.241090,400
1598870190.824740887,1.208571,0.056290,1.265191,400
1598870190.855603218,1.016348,0.055821,1.072429,400
1598870190.889306545,1.186640,0.056861,1.243821,400
1598870190.925913811,1.208720,0.055441,1.264411,400
1598870190.959112644,1.033629,0.055470,1.089359,400
1598870190.991371393,1.196010,0.057361,1.253671,400
1598870191.022987843,1.224380,0.058021,1.282871,400
1598870191.057707310,1.040388,0.055891,1.096579,400
1598870191.090873480,1.190081,0.059590,1.249931,400
1598870191.121977329,1.209731,0.055580,1.265651,400
1598870191.155982971,1.030399,0.060860,1.091569,400
1598870191.190068722,1.181731,0.057960,1.239951,400
1598870191.223474741,1.213621,0.057340,1.271221,400
1598870191.256256342,1.027179,0.056580,1.084049,400
1598870191.290700912,1.185681,0.058300,1.244331,400
1598870191.323267937,1.199241,0.055870,1.255501,400
1598870191.356408834,1.012459,0.055041,1.067760,400
1598870191.389154673,1.194670,0.057231,1.252171,400
1598870191.423248053,1.217930,0.055301,1.273561,400
1598870191.455263376,1.023359,0.060940,1.084569,400
1598870191.489531517,1.188691,0.056050,1.245041,400
1598870191.522814989,1.197110,0.055110,1.252450,400
1598870191.554508448,1.009468,0.055321,1.065039,400
1598870191.589361191,1.232540,0.056281,1.289131,400
1598870191.622903585,1.271671,0.055140,1.327081,400
1598870191.656965494,1.028858,0.059281,1.088439,400
1598870191.691601515,1.198690,0.058100,1.257060,400
1598870191.725038052,1.234920,0.056501,1.291681,400
1598870191.758024454,1.035589,0.061430,1.097319,400
1598870191.788448572,1.189070,0.054970,1.244320,400
1598870191.821814537,1.211521,0.060480,1.272291,400
1598870191.857105732,1.030189,0.055191,1.085640,400
1598870191.887770176,1.211801,0.056430,1.268571,400
1598870191.923236847,1.220491,0.056510,1.277291,400
1598870191.955613852,1.026769,0.054961,1.082010,400
1598870191.988732338,1.189400,0.055130,1.244800,400
1598870192.021801233,1.229850,0.056871,1.286961,400
1598870192.055724144,1.025488,0.055371,1.081109,400
1598870192.087696314,1.199930,0.055071,1.255301,400
1598870192.121581078,1.210830,0.056621,1.267721,400
1598870192.154428720,1.029209,0.054800,1.084339,400
1598870192.188757896,1.200020,0.057731,1.258011,400
1598870192.221460819,1.218111,0.056970,1.275551,400
1598870192.255122662,1.047089,0.054940,1.102379,400
1598870192.287556648,1.183690,0.054681,1.238661,400
1598870192.321352720,1.239241,0.056430,1.295931,400
1598870192.354526997,1.037999,0.055161,1.093520,400
1598870192.387928963,1.216371,0.059800,1.276431,400
1598870192.421203136,1.215141,0.055170,1.270581,400
1598870192.459670782,1.031639,0.056251,1.088160,400
1598870192.487502813,1.209010,0.057091,1.266401,400
1598870192.520427704,1.230951,0.057060,1.288681,400
1598870192.554476976,1.033189,0.055351,1.088860,400
1598870192.587162971,1.235031,0.058950,1.294261,400
1598870192.621248722,1.219241,0.056560,1.276061,400
1598870192.653945684,1.044269,0.056280,1.100839,400
1598870192.686274529,1.203930,0.055921,1.260121,400
1598870192.720687628,1.215690,0.056591,1.272531,400
1598870192.753252745,1.037619,0.054900,1.092779,400
1598870192.786287546,1.211520,0.055221,1.267011,400
1598870192.824337721,1.213721,0.056390,1.270351,400
1598870192.854114771,1.036099,0.055110,1.091459,400
1598870192.886826277,1.208480,0.056701,1.265481,400
1598870192.920476913,1.208600,0.055721,1.264591,400
1598870192.952784777,1.037819,0.055201,1.093310,400
1598870192.986377001,1.211990,0.056290,1.268550,400
1598870193.020683527,1.474192,0.055471,1.529923,400
1598870193.053685188,1.262401,0.055510,1.318171,400
1598870193.085798979,1.478223,0.055050,1.533563,400
1598870193.120486498,1.481572,0.056991,1.538823,400
1598870193.153061628,1.039029,0.055800,1.095119,400
1598870193.187345982,1.220451,0.054981,1.275732,400
1598870193.219870090,1.221600,0.055021,1.276871,400
1598870193.253605366,1.030369,0.055990,1.086609,400
1598870193.285731316,1.196351,0.055340,1.251971,400
1598870193.319797993,1.220121,0.055810,1.276201,400
1598870193.353973150,1.176240,0.069431,1.245931,400
1598870193.386121511,1.215090,0.062630,1.278640,400
1598870193.419436455,1.220631,0.060151,1.281332,400
1598870193.453573942,1.035129,0.059770,1.095209,400
1598870193.485459805,1.205860,0.057590,1.263680,400
1598870193.519958973,1.226930,0.058541,1.285721,400
1598870193.553586960,1.024859,0.056840,1.082009,400
1598870193.586687326,1.201061,0.058400,1.259721,400
1598870193.620231628,1.234301,0.057650,1.292191,400
1598870193.651849270,1.016209,0.055590,1.072049,400
1598870193.685799360,1.212030,0.057301,1.269611,400
1598870193.717152357,1.231490,0.057821,1.289711,400
1598870193.750709772,1.023759,0.056360,1.080429,400
1598870193.784778357,1.196341,0.069860,1.266491,400
1598870193.819810152,1.411702,0.060720,1.472792,400
1598870193.850451231,1.036299,0.056681,1.093270,400
1598870193.885028601,1.191700,0.055630,1.247610,400
1598870193.917946577,1.236040,0.057961,1.294262,400
1598870193.950688601,1.036959,0.055600,1.092869,400
1598870193.985110283,1.199650,0.057421,1.257351,400
1598870194.018174887,1.201961,0.055510,1.257781,400
1598870194.051944256,1.025689,0.055981,1.081990,400
1598870194.084918737,1.199450,0.056891,1.256591,400
1598870194.117443562,1.226750,0.055241,1.282311,400
1598870194.149991989,1.028489,0.054860,1.083659,400
1598870194.184712648,1.189051,0.056270,1.245581,400
1598870194.216215611,1.224290,0.057361,1.282111,400
1598870194.250613928,1.042979,0.056330,1.099599,400
1598870194.283315659,1.181611,0.056880,1.238841,400
1598870194.317563295,1.245611,0.059000,1.304981,400
1598870194.351176023,1.022688,0.056911,1.079999,400
1598870194.385280132,1.193880,0.055451,1.249611,400
1598870194.417834759,1.555763,0.059851,1.615854,400
1598870194.450503349,1.273051,0.055810,1.329171,400
1598870194.484474659,1.455023,0.055970,1.511263,400
1598870194.518153191,1.529524,0.057860,1.587774,400
1598870194.549970627,1.290561,0.057001,1.347922,400
1598870194.583987951,1.499482,0.058101,1.558003,400
1598870194.618017912,1.532423,0.058111,1.590794,400
1598870194.651528835,1.271821,0.056070,1.328271,400
1598870194.684675932,1.483673,0.058170,1.542063,400
1598870194.716954947,1.518794,0.057920,1.577054,400
1598870194.751166821,1.068279,0.057581,1.126310,400
1598870194.783456087,1.193650,0.056581,1.250631,400
1598870194.817099094,1.219850,0.058391,1.278491,400
1598870194.851175308,1.027929,0.056760,1.084999,400
1598870194.884255648,1.193060,0.056300,1.249740,400
1598870194.918429136,1.196510,0.057151,1.253901,400
1598870194.950209856,1.047649,0.056980,1.104949,400
1598870194.983093977,1.267981,0.056970,1.325281,400
1598870195.015383005,1.282781,0.056850,1.339881,400
1598870195.050874472,1.042069,0.057301,1.099670,400
1598870195.084173203,1.206800,0.056101,1.263151,400
1598870195.115650892,1.229760,0.055131,1.285191,400
1598870195.149946928,1.034479,0.056930,1.091689,400
1598870195.183150053,1.200960,0.055960,1.257190,400
1598870195.216274261,1.206890,0.057240,1.264380,400
1598870195.250834703,1.035508,0.056111,1.091939,400
1598870195.282772303,1.208170,0.055651,1.264111,400
1598870195.318028688,1.198280,0.056921,1.255441,400
1598870195.348410368,1.041759,0.055820,1.097879,400
1598870195.383272648,1.183491,0.057200,1.241001,400
1598870195.416139364,1.217611,0.056160,1.274051,400
1598870195.450083494,1.028658,0.057081,1.086050,400
1598870195.480439663,1.207450,0.056681,1.264401,400
1598870195.515999794,1.222060,0.056131,1.278541,400
1598870195.548663378,1.040659,0.056630,1.097559,400
1598870195.582724333,1.220301,0.055940,1.276511,400
1598870195.614645958,1.219101,0.058860,1.278271,400
1598870195.660635471,1.037809,0.056490,1.094559,400
1598870195.681600094,1.173740,0.055671,1.229671,400
1598870195.719903708,1.226870,0.060551,1.287931,400
1598870195.749214172,1.038089,0.056010,1.094359,400
1598870195.782101154,1.176140,0.057321,1.233901,400
1598870195.815103292,1.214990,0.056391,1.271641,400
1598870195.848560810,1.027959,0.058690,1.086979,400
1598870195.881459951,1.216391,0.056870,1.273571,400
1598870195.914476156,1.237390,0.055891,1.293551,400
1598870195.948213339,1.042169,0.057400,1.099849,400
1598870195.982431889,1.190940,0.055920,1.247110,400
1598870196.014624119,1.234701,0.055510,1.290451,400
1598870196.050761223,1.042029,0.057151,1.099480,400
1598870196.081907988,1.194430,0.055381,1.250061,400
1598870196.114957809,1.207140,0.056791,1.264181,400
1598870196.149057150,1.026348,0.058641,1.085309,400
1598870196.182142973,1.170200,0.056691,1.227411,400
1598870196.214059830,1.223111,0.057590,1.280941,400
1598870196.250847578,1.031549,0.057951,1.089770,400
1598870196.281013489,1.199000,0.055490,1.254790,400
1598870196.314441204,1.225151,0.056851,1.282262,400
1598870196.347497940,1.052219,0.055850,1.108319,400
1598870196.380640984,1.223831,0.055600,1.279681,400
1598870196.413581610,1.234651,0.057040,1.292021,400
1598870196.446996450,1.047910,0.055470,1.103630,400
1598870196.480767012,1.208520,0.056971,1.265731,400
1598870196.513660908,1.309721,0.065121,1.375412,400
1598870196.549660206,1.061059,0.058431,1.120150,400
1598870196.581366777,1.185650,0.056881,1.242801,400
1598870196.613332272,1.215910,0.058551,1.274741,400
1598870196.647583246,1.035118,0.057241,1.092609,400
1598870196.680801153,1.193010,0.056351,1.249651,400
1598870196.716325283,1.243531,0.058030,1.301871,400
1598870196.747363091,1.049719,0.056411,1.106410,400
1598870196.780382395,1.222470,0.058251,1.280971,400
1598870196.813269138,1.214140,0.055561,1.270201,400
1598870196.846407413,1.035919,0.057330,1.093509,400
1598870196.880681753,1.192140,0.056651,1.249081,400
1598870196.914125443,1.214241,0.057110,1.271601,400
1598870196.947335482,1.034479,0.057090,1.091889,400
1598870196.980412483,1.204801,0.056200,1.261421,400
1598870197.012913227,1.203441,0.058380,1.262101,400
1598870197.047492027,1.026219,0.056751,1.083250,400
1598870197.080942154,1.197310,0.057341,1.254931,400
1598870197.113627195,1.214830,0.057410,1.272670,400
1598870197.147807360,1.019338,0.055791,1.075409,400
1598870197.179698706,1.178780,0.056231,1.235261,400
1598870197.219104052,1.201520,0.056930,1.258710,400
1598870197.252658606,1.030838,0.057481,1.088649,400
1598870197.279219627,1.189360,0.056711,1.246351,400
1598870197.315762758,1.222541,0.059740,1.282701,400
1598870197.351968765,1.033808,0.056811,1.091079,400
1598870197.380001307,1.217740,0.055801,1.273781,400
1598870197.420256138,1.248791,0.057731,1.306772,400
1598870197.447191954,1.043029,0.056230,1.099549,400
1598870197.479186296,1.193881,0.056130,1.250271,400
1598870197.514490604,1.207120,0.057701,1.265061,400
1598870197.552506685,1.030699,0.057061,1.088010,400
1598870197.580617905,1.189950,0.056161,1.246331,400
1598870197.612664700,1.226301,0.057560,1.284241,400
1598870197.645600557,1.038019,0.056291,1.094590,400
1598870197.677610874,1.184600,0.056081,1.240971,400
1598870197.712626696,1.204180,0.057680,1.262120,400
1598870197.746188402,1.028758,0.056451,1.085549,400
1598870197.778810978,1.198860,0.055731,1.254881,400
1598870197.811470985,1.211230,0.055881,1.267361,400
1598870197.845430374,1.047529,0.057281,1.105080,400
1598870197.878889799,1.200180,0.056160,1.256630,400
1598870197.913661242,1.212870,0.055571,1.268721,400
1598870197.944736004,1.032319,0.055740,1.088299,400
1598870197.979045630,1.180820,0.057751,1.238821,400
1598870198.010846376,1.370042,0.057470,1.427922,400
1598870198.045844555,1.039669,0.060871,1.100780,400
1598870198.079535961,1.168640,0.056201,1.225111,400
1598870198.112400532,1.192660,0.055780,1.248730,400
1598870198.148351669,1.059909,0.057440,1.117749,400
1598870198.180542469,1.194641,0.056400,1.251311,400
1598870198.211647987,1.219461,0.057630,1.277371,400
1598870198.244238853,1.084540,0.055950,1.140770,400
1598870198.277792931,1.208441,0.055870,1.264591,400
1598870198.312579155,1.223151,0.055980,1.279381,400
1598870198.344645262,1.100450,0.061580,1.162310,400
1598870198.382040977,1.179490,0.057011,1.236781,400
1598870198.413505554,1.225651,0.060801,1.286752,400
1598870198.445853472,1.056219,0.056060,1.112529,400
1598870198.478525639,1.200371,0.056190,1.256831,400
1598870198.511346817,1.202061,0.057300,1.259671,400
1598870198.546425819,1.072499,0.058990,1.132039,400
1598870198.578982115,1.188350,0.056330,1.244990,400
1598870198.612658501,1.213781,0.061150,1.275221,400
1598870198.646068096,4.583640,0.751546,5.335476,396
1598870198.679232597,4.646970,0.079791,4.727371,394
1598870198.712398052,1.265901,0.081660,1.348171,400
1598870198.745241880,1.217230,0.075151,1.292731,400
1598870198.778755903,1.232100,0.074171,1.306661,400
1598870198.812302351,1.260271,0.080650,1.341211,400
1598870198.845485687,4.599320,0.087470,4.687190,398
1598870198.885202646,1.416323,0.086880,1.503593,400
1598870198.911839247,5.272115,0.096661,5.369096,396
1598870198.944715261,1.358132,0.084171,1.442653,400
1598870198.977470636,5.254935,0.101201,5.356486,396
1598870199.011811733,2.198799,0.089101,2.288410,398
1598870199.044777632,5.242415,3.193997,8.436852,390
1598870199.078936577,3.079066,3.035336,6.115132,398
1598870199.110790968,6.535676,3.103387,9.639703,394
1598870199.143943310,6.210303,3.041716,9.252669,398
1598870199.177656651,3.318758,3.002586,6.321944,398
1598870199.209132910,6.297904,3.011526,9.309980,398
1598870199.242893219,6.485605,3.024396,9.510511,396
1598870199.278401852,7.394003,3.031726,10.426319,394
1598870199.311450958,1.557653,3.015986,4.574319,400
1598870199.351240635,5.581307,3.621942,9.203789,398
1598870199.378904819,6.318834,3.359439,9.679143,392
1598870199.409787416,7.577704,3.360219,10.938624,388
1598870199.444736004,7.534564,3.292918,10.828052,394
1598870199.479318142,7.568225,2.940066,10.508831,392
1598870199.509951353,6.392614,2.952956,9.346090,392
1598870199.541929245,6.447135,2.918346,9.366081,386
1598870199.575623512,7.418913,2.901775,10.321138,388
1598870199.609436750,7.556325,2.488541,10.045626,396
1598870199.642293215,8.434393,2.490331,10.925274,392
1598870199.685081244,7.486674,2.467101,9.954275,396
1598870199.712620020,7.558835,2.414680,9.973975,392
1598870199.746908188,8.314462,2.405570,10.720572,386
1598870199.777556181,8.371301,2.205409,10.577320,384
1598870199.808836460,8.382421,2.167439,10.550370,386
1598870199.842634439,4.850692,2.053457,6.904679,396
1598870199.876066923,2.327050,2.030758,4.358288,398
1598870199.910004377,2.511242,2.099218,4.610950,398
1598870199.941352606,6.411485,2.280699,8.692714,396
1598870199.975310087,7.626365,2.259549,9.886484,394
1598870200.009130001,8.322011,2.243479,10.566060,394
1598870200.041956186,4.892872,2.245249,7.138581,398
1598870200.077198744,2.673433,2.171529,4.845442,392
1598870200.109575987,5.103374,2.188319,7.292143,396
1598870200.141919136,5.554757,2.130229,7.685606,396
1598870200.176012993,5.023543,2.141998,7.166081,396
1598870200.209175825,7.533515,2.148878,9.682983,396
1598870200.247714043,8.336021,2.141239,10.477870,394
1598870200.279003859,1.361901,2.120159,3.482550,400
1598870200.313299894,9.160739,2.190159,11.351288,392
1598870200.342753172,8.289262,2.139298,10.429040,396
1598870200.376585007,4.830472,2.134328,6.965450,396
1598870200.409530401,5.453157,2.146498,7.600155,398
1598870200.444062471,6.309335,2.137328,8.447183,394
1598870200.480664730,1.555004,2.170258,3.725712,400
1598870200.513922215,1.635844,2.163048,3.799382,400
1598870200.543630600,1.327581,2.373190,3.701191,400
1598870200.575149298,1.396262,2.386331,3.783003,400
1598870200.609042168,1.468782,2.369461,3.838693,400
1598870200.641957045,1.453872,2.913565,4.367917,400
1598870200.676236391,1.303271,3.248858,4.552649,400
1598870200.707469463,1.484473,3.782432,5.267355,400
1598870200.741041183,1.595174,4.149886,5.745750,400
1598870200.775601149,1.337431,4.575069,5.913070,400
1598870200.807274342,1.453793,4.488988,5.943311,400
1598870200.841693878,1.459803,4.457288,5.917561,400
1598870200.875504732,2.546472,4.505059,7.052041,398
1598870200.907844543,1.632284,4.044104,5.676978,400
1598870200.942847729,2.545032,4.055265,6.600737,398
1598870200.974522829,1.368162,4.014954,5.383666,400
1598870201.008553743,1.621514,3.630161,5.252155,400
1598870201.041096210,1.436272,3.631911,5.068763,400
1598870201.074634552,1.389852,3.624321,5.014613,400
1598870201.107243299,1.637864,4.477308,6.115742,400
1598870201.140288115,1.542863,4.102836,5.646159,400
1598870201.175246716,2.351480,4.055455,6.407515,396
1598870201.206496716,1.376832,4.024684,5.402046,400
1598870201.242384195,1.578424,3.632251,5.211205,400
1598870201.275306463,1.552754,3.700571,5.254005,400
1598870201.307256460,1.397782,3.701122,5.099444,400
1598870201.341566324,1.612714,3.682022,5.295176,400
1598870201.374542236,1.476953,3.682822,5.160225,400
1598870201.408776045,1.428262,2.996616,4.425318,400
1598870201.441630363,1.566493,2.719084,4.286007,400
1598870201.473812103,1.417263,2.272319,3.690032,400
1598870201.507290840,1.491473,2.270009,3.761962,400
1598870201.541084051,1.485012,2.271980,3.757392,400
1598870201.574202061,1.549893,2.396171,3.946514,400
1598870201.606629610,1.559073,2.410561,3.970184,400
1598870201.646111250,1.469672,2.411781,3.881963,400
1598870201.674067736,1.477723,2.433571,3.911824,400
1598870201.711016655,2.297520,2.618532,4.916772,398
1598870201.741066456,2.286290,2.445980,4.732760,396
1598870201.773012400,2.278240,2.459221,4.738451,398
1598870201.806829929,2.346290,2.463261,4.809971,398
1598870201.839812279,2.310600,2.457151,4.768231,398
1598870201.879381418,1.567934,2.446851,4.015225,400
1598870201.906035185,2.403561,2.457441,4.861422,396
1598870201.940390825,1.586344,2.460341,4.047335,400
1598870201.973781347,2.294040,2.562832,4.857442,390
1598870202.007027626,2.306070,2.562922,4.869482,394
1598870202.041163206,2.345740,2.434751,4.781021,398
1598870202.075203657,2.306750,2.375001,4.682221,398
1598870202.108701944,2.489111,2.360180,4.849741,398
1598870202.141248703,1.556364,2.363390,3.920294,400
1598870202.175377846,1.560163,2.286880,3.847513,400
1598870202.210853338,2.499602,2.298509,4.798571,398
1598870202.241783381,2.428461,2.248789,4.677680,398
1598870202.276377678,1.315492,2.229439,3.545371,400
1598870202.309679747,1.432213,2.493291,3.926024,400
1598870202.344624758,2.419541,2.429811,4.849852,396
1598870202.376972914,2.451010,2.174779,4.626259,398
1598870202.410812140,1.597064,2.239039,3.836793,400
1598870202.444592953,1.576434,2.001697,3.578651,400
1598870202.477691174,1.384032,1.944146,3.328688,400
1598870202.509136200,2.396851,1.957807,4.355118,398
1598870202.543909073,1.382331,1.933867,3.316648,400
1598870202.549320221,1.565054,1.924976,3.490460,400
1598870202.576434374,1.439363,1.928906,3.368769,400
1598870202.610113144,2.454381,2.191559,4.646350,396
1598870202.643016815,2.206739,2.204039,4.411238,396
1598870202.676866293,2.449951,2.210259,4.660640,394
1598870202.712050438,2.423081,2.204209,4.627870,396
1598870202.744271755,3.195507,2.220509,5.416656,394
1598870202.779095888,3.165377,1.996077,5.161964,398
1598870202.812699556,2.160929,1.925976,4.087485,398
1598870202.845652819,3.240207,1.803636,5.044433,398
1598870202.879661083,3.261778,1.811286,5.073494,398
1598870202.913726330,3.962544,1.796785,5.759809,398
1598870202.948150396,1.485743,1.842626,3.328849,400
1598870202.980644464,1.350201,1.832916,3.183517,400
1598870203.013186693,1.402902,1.831236,3.234588,400
1598870203.048007250,1.445052,1.770835,3.216317,400
1598870203.080283165,3.805903,1.815545,5.621918,396
1598870203.115662336,1.331292,1.795195,3.126997,400
1598870203.148395538,1.250761,1.837186,3.088347,400
1598870203.182291985,1.548443,1.839446,3.388399,400
1598870203.214467764,1.384062,1.846516,3.231108,400
1598870203.248412609,1.379822,1.841696,3.221918,400
1598870203.282119036,1.556413,1.837596,3.394419,400
1598870203.316551924,1.367592,1.852326,3.220378,400
1598870203.348953247,1.582913,1.812206,3.395529,400
1598870203.383057594,4.858611,1.889067,6.748308,398
1598870203.416489840,1.462932,1.881276,3.344778,400
1598870203.450384140,1.345062,1.791825,3.137307,400
1598870203.481877327,1.582604,1.868476,3.451510,400
1598870203.515116930,1.392802,1.869296,3.262628,400
1598870203.554099560,1.540293,1.875936,3.416759,400
1598870203.584330320,1.475102,1.848296,3.323998,400
1598870203.615384579,4.019954,1.881507,5.901921,398
1598870203.648938179,1.549773,1.859126,3.409319,400
1598870203.682908535,1.464333,1.851165,3.315968,400
1598870203.715354443,4.670130,1.899036,6.569616,396
1598870203.748988867,2.408071,1.866086,4.274627,398
1598870203.783334494,2.368920,1.861356,4.230766,398
1598870203.815111160,4.649390,1.890147,6.539977,398
1598870203.847735405,1.245550,1.851776,3.097766,400
1598870203.881973982,4.975092,1.938697,6.914219,398
1598870203.915864944,2.460091,1.920177,4.380788,398
1598870203.950224161,2.310569,1.873667,4.184756,398
1598870203.985925674,2.982775,1.874557,4.857892,398
1598870204.017117023,2.944535,2.058558,5.003693,398
1598870204.054465532,3.097466,1.871276,4.969612,398
1598870204.089427710,5.008343,1.882026,6.891139,398
1598870204.117600441,4.994873,1.871386,6.866929,398
1598870204.151486635,5.596498,1.948686,7.545894,398
1598870204.184939861,1.285081,2.053227,3.338928,400
1598870204.219194412,2.329270,2.130118,4.459948,398
1598870204.252293348,5.376596,2.155268,7.532444,392
1598870204.289976597,2.315810,2.126878,4.443148,398
1598870204.321027994,5.568107,2.139769,7.708326,396
1598870204.352977991,6.180643,2.140758,8.321941,398
1598870204.387318134,2.272170,2.121268,4.393958,398
1598870204.421034813,6.150313,2.141038,8.291831,392
1598870204.455745220,6.315554,2.127938,8.443972,396
1598870204.486968279,6.233124,2.164128,8.397872,396
1598870204.520521641,6.230554,2.154578,8.385932,396
1598870204.552863598,6.223704,2.137298,8.361672,396
1598870204.587034225,2.356221,2.126588,4.483369,398
1598870204.621757746,2.108568,2.124708,4.233796,398
1598870204.654535770,1.521113,2.122308,3.643901,400
1598870204.687738419,1.401632,2.131778,3.533990,400
1598870204.721945047,1.388072,2.118648,3.507230,400
1598870204.754294872,2.355660,2.144159,4.500269,396
1598870204.788468122,1.302451,2.114268,3.417289,400
1598870204.821771860,1.350771,2.123099,3.474310,400
1598870204.855459690,1.287221,0.061640,1.349371,400
1598870204.889805317,1.221071,2.480771,3.702372,400
1598870204.922716856,1.411642,2.418851,3.830913,400
1598870204.956508160,1.505803,0.061510,1.567813,400
1598870204.989846468,1.201530,0.059001,1.260851,400
1598870205.024028063,1.023679,0.062540,1.086519,400
1598870205.056948662,1.207421,0.056550,1.264241,400
1598870205.090545177,1.199990,0.058241,1.258541,400
1598870205.123582840,1.098689,0.060271,1.159250,400
1598870205.157280922,1.193691,0.057180,1.251161,400
1598870205.189791918,1.211421,0.057830,1.269501,400
1598870205.223884106,1.151570,0.057381,1.209201,400
1598870205.257278681,1.244560,0.056331,1.301171,400
1598870205.290280819,1.234051,7.033540,8.267831,400
1598870205.325916052,1.425862,6.818299,8.244911,400
1598870205.357775927,1.549843,6.785459,8.335852,400
1598870205.391431808,1.810135,6.790418,8.601063,400
1598870205.425958872,2.307200,6.669527,8.977207,398
1598870205.466393232,1.498763,6.642567,8.141930,400
1598870205.497108936,2.286549,6.641047,8.928186,398
1598870205.526793242,1.416502,6.640497,8.057549,400
1598870205.560311317,1.405282,6.639817,8.045629,400
1598870205.592804909,1.407442,6.815718,8.223650,400
1598870205.627404451,1.434193,5.499337,6.933990,400
1598870205.660826921,1.486782,5.486007,6.973339,400
1598870205.693073511,1.492893,0.066711,1.560004,400
1598870205.726738214,1.134360,0.058660,1.193320,400
1598870205.760595798,6.087582,0.065021,6.152893,396
1598870205.794054985,1.422432,2.869055,4.291817,400
1598870205.828597546,1.568344,2.580352,4.149246,400
1598870205.861278296,1.418533,2.583082,4.002105,400
1598870205.895031691,1.438342,2.578502,4.017344,400
1598870205.928190947,1.401382,2.567872,3.969684,400
1598870205.962410688,1.379672,2.576382,3.956514,400
1598870205.995070219,1.346722,0.060681,1.407843,400
1598870206.029438734,1.141399,0.058011,1.199730,400
1598870206.063260555,1.218860,0.058961,1.278061,400
1598870206.097164392,1.220690,0.056841,1.277771,400
1598870206.131212950,1.190300,0.058090,1.248680,400
1598870206.163172245,1.202001,0.057230,1.259511,400
1598870206.196978569,1.243821,3.677531,4.921592,400
1598870206.231387615,1.545944,3.843222,5.389606,400
1598870206.265408993,1.423663,3.434769,4.858872,400
1598870206.298303843,1.518593,3.450710,4.969743,400
1598870206.338722467,1.235340,3.447850,4.683750,400
1598870206.365924835,1.362202,3.443219,4.805841,400
1598870206.399914980,1.481723,2.880145,4.362328,400
1598870206.433297157,1.469752,2.892135,4.362427,400
1598870206.466573000,1.395542,2.741394,4.137406,400
1598870206.498898506,1.332481,2.738104,4.071055,400
1598870206.532825232,1.192970,2.719013,3.912413,400
1598870206.567913532,1.616104,2.995395,4.611929,400
1598870206.603101015,1.375192,1.889896,3.265538,400
1598870206.633108139,1.552783,1.902437,3.455620,400
1598870206.666289568,1.447672,1.906587,3.354649,400
1598870206.700405359,1.514693,1.919267,3.434410,400
1598870206.734460115,1.336082,1.902116,3.238688,400
1598870206.768078566,1.372892,1.907077,3.280349,400
1598870206.800020695,1.525453,1.914336,3.440309,400
1598870206.833074808,1.385542,1.899936,3.285878,400
1598870206.865629673,1.517153,1.887167,3.404760,400
1598870206.900589943,1.327031,1.880556,3.207988,400
1598870206.932779074,1.482073,1.868056,3.350559,400
1598870206.973861933,1.392691,1.868787,3.261878,400
1598870207.001435041,1.484002,1.869036,3.353478,400
1598870207.033639431,1.261741,1.881556,3.143727,400
1598870207.068935394,1.277941,0.061341,1.339852,400
1598870207.099979162,1.219230,0.057731,1.277291,400
1598870207.133303642,1.160560,0.056840,1.217740,400
1598870207.165987492,1.198350,0.056590,1.255250,400
1598870207.199301004,1.214690,0.058080,1.273120,400
1598870207.234021187,1.111260,0.056441,1.168011,400
1598870207.270780563,1.215361,0.059690,1.275721,400
1598870207.300280809,1.189530,0.056911,1.246741,400
1598870207.333377838,1.180910,0.057220,1.238390,400
1598870207.366458654,1.238520,4.861782,6.100702,400
1598870207.400196552,1.422522,5.133084,6.556126,400
1598870207.440040588,1.505983,5.130804,6.637287,400
1598870207.465489864,1.327651,5.112934,6.441045,400
1598870207.499260187,1.383571,5.123474,6.507525,400
1598870207.534118414,1.521793,4.954243,6.476466,400
1598870207.566562414,1.325071,4.967323,6.292844,400
1598870207.599758863,1.502243,4.964313,6.466996,400
1598870207.633882761,1.344472,4.962973,6.308015,400
1598870207.665075541,1.537824,4.953082,6.491376,400
1598870207.697819710,1.412822,4.819392,6.232664,400
1598870207.732334852,1.508513,4.811781,6.320734,400
1598870207.766028404,1.389182,2.017567,3.407199,400
1598870207.800750017,1.556943,1.897217,3.454590,400
1598870207.834493876,1.387562,1.884496,3.272488,400
1598870207.867936611,1.474753,0.062140,1.537313,400
1598870207.899490833,1.210381,0.058490,1.269151,400
1598870207.935348511,1.161080,2.156399,3.317729,400
1598870207.968324184,1.196910,2.168608,3.365968,400
1598870207.999990940,1.520533,2.235199,3.756192,400
1598870208.035130262,1.518373,2.244930,3.763853,400
1598870208.066737652,1.318632,2.207899,3.526931,400
1598870208.099340916,1.421652,2.199669,3.622011,400
1598870208.132716894,1.479653,2.192229,3.672302,400
1598870208.167544365,1.553453,2.184309,3.738232,400
1598870208.200979948,1.570093,2.158799,3.729442,400
1598870208.234468937,1.484883,2.149148,3.634411,400
1598870208.267482042,1.349312,2.159038,3.508780,400
1598870208.298090219,1.490542,2.129939,3.620892,400
1598870208.333241940,1.522433,1.950687,3.473650,400
1598870208.366655350,1.349641,1.890696,3.240817,400
1598870208.400221825,1.548343,1.889816,3.438769,400
1598870208.433743954,1.287461,1.901417,3.189278,400
1598870208.466409445,1.554323,1.916996,3.471729,400
1598870208.499140024,1.316332,1.909086,3.225918,400
1598870208.534217119,1.505793,1.916317,3.422550,400
1598870208.566113234,1.511883,1.938227,3.450560,400
1598870208.600353479,1.542683,1.938666,3.481799,400
1598870208.633063078,1.397552,2.000727,3.398709,400
1598870208.665562868,1.529903,2.009098,3.539441,400
1598870208.697984457,1.389452,2.005347,3.395349,400
1598870208.732927322,1.374352,2.000837,3.375619,400
1598870208.765749693,1.331831,1.949717,3.281988,400
1598870208.798115492,1.615123,1.927457,3.543110,400
1598870208.832394361,1.229701,0.060300,1.290431,400
1598870208.864908695,1.228941,0.056690,1.285961,400
1598870208.897917747,1.236711,2.194259,3.431270,400
1598870208.932045460,1.391172,2.161588,3.553300,400
1598870208.965272188,1.235271,2.420600,3.656431,400
1598870208.999027491,3.045177,2.456671,5.502278,396
1598870209.032243967,4.771331,2.448581,7.220482,396
1598870209.065040588,1.325041,0.064301,1.389782,400
1598870209.099338770,1.278451,2.619523,3.898374,400
1598870209.136433601,1.387101,2.668973,4.056524,400
1598870209.169006109,1.361472,2.669593,4.031545,400
1598870209.202074289,2.108368,2.971396,5.080204,398
1598870209.234514952,1.380902,2.931205,4.312907,400
1598870209.267644167,1.344742,2.833394,4.178606,400
1598870209.298851252,1.389632,2.819434,4.209526,400
1598870209.332628489,1.504173,2.431931,3.936594,400
1598870209.366772413,1.384032,2.435201,3.819783,400
1598870209.397814274,1.582213,2.434501,4.017144,400
1598870209.432397366,2.385141,2.436371,4.822002,398
1598870209.463978767,2.377690,2.437481,4.815631,398
1598870209.499589682,1.487123,2.247789,3.735362,400
1598870209.530623674,1.246741,2.241909,3.489100,400
1598870209.565230846,2.259109,2.254539,4.514108,398
1598870209.596984386,1.593754,2.239369,3.833593,400
1598870209.631877899,1.448773,0.061920,1.511193,400
1598870209.664879322,1.180121,0.058680,1.239131,400
1598870209.697933435,1.195311,0.058890,1.254471,400
1598870209.732855797,1.176170,0.057551,1.233991,400
1598870209.764611959,1.192740,0.057090,1.250120,400
1598870209.798450470,1.226471,0.062580,1.289311,400
1598870209.831639290,1.079400,0.056900,1.136600,400
1598870209.863867283,1.201930,0.059011,1.261381,400
1598870209.898783684,1.204401,0.060370,1.265091,400
1598870209.933039904,1.134040,0.055491,1.189911,400
1598870209.965411186,1.271951,0.057260,1.329501,400
1598870209.998267651,1.206420,0.057420,1.264240,400
1598870210.037855625,1.069689,0.057911,1.127870,400
1598870210.063821077,1.201250,0.059261,1.260761,400
1598870210.098212242,1.199500,0.067980,1.267760,400
1598870210.130481958,1.091430,0.057280,1.149090,400
1598870210.163344860,1.179341,0.057490,1.237111,400
1598870210.197098255,1.212810,0.055601,1.268701,400
1598870210.232403517,1.038069,0.054990,1.093349,400
1598870210.265952349,1.179460,0.056871,1.236611,400
1598870210.296886683,1.218770,0.055571,1.274601,400
1598870210.331205606,1.027839,0.055320,1.083409,400
1598870210.365001202,1.194280,0.055631,1.250151,400
1598870210.398406744,1.205980,0.054910,1.261140,400
1598870210.431105375,1.023059,0.054591,1.077930,400
1598870210.464224100,1.188300,0.055940,1.244490,400
1598870210.497227907,1.212651,0.058970,1.271881,400
1598870210.532788038,1.050629,0.055551,1.106690,400
1598870210.563974380,1.188980,0.056240,1.245510,400
1598870210.598390341,1.190140,0.058901,1.249311,400
1598870210.631296873,1.017458,0.055681,1.073439,400
1598870210.664553404,1.179910,0.055830,1.235980,400
1598870210.697150946,1.194001,0.059540,1.253831,400
1598870210.732502222,1.016489,0.055250,1.072099,400
1598870210.763231277,1.159510,0.056131,1.215901,400
1598870210.796655893,1.190260,0.056920,1.247460,400
1598870210.830831289,1.021779,0.054311,1.076350,400
1598870210.862636566,1.162359,0.056721,1.219340,400
1598870210.896356821,1.176780,0.054450,1.231500,400
1598870210.929479837,1.025689,0.054851,1.080800,400
1598870210.963320971,1.142910,0.055660,1.198860,400
1598870210.997928143,1.166360,0.054590,1.221250,400
1598870211.032335997,1.024979,0.054641,1.079920,400
1598870211.063453674,1.147000,0.055410,1.202700,400
1598870211.096378565,1.139450,0.054440,1.194160,400
1598870211.130690575,1.008159,0.055770,1.064189,400
1598870211.163288116,1.148430,0.057160,1.206040,400
1598870211.197983742,1.164810,0.054941,1.220071,400
1598870211.230320692,1.025659,0.054770,1.080719,400
1598870211.262209177,1.127640,0.056680,1.184580,400
1598870211.296313047,1.128689,0.054711,1.183740,400
1598870211.331445694,1.024889,0.054581,1.079730,400
1598870211.364356995,1.102209,0.055851,1.158310,400
1598870211.396457672,1.105960,0.066960,1.173170,400
1598870211.431584120,1.037549,0.057231,1.095410,400
1598870211.462263107,1.078289,0.056350,1.134969,400
1598870211.495756388,1.075839,0.055451,1.131580,400
1598870211.529764652,1.038079,0.056070,1.094459,400
1598870211.563263655,1.046319,0.054850,1.101499,400
1598870211.597806692,1.082609,0.054861,1.137690,400
1598870211.632697105,1.006068,0.054331,1.060649,400
1598870211.663243771,1.006328,0.054241,1.060829,400
1598870211.699369431,1.039229,0.056010,1.095539,400
1598870211.732951880,1.018499,0.056071,1.074880,400
1598870211.762641907,1.013769,0.056381,1.070450,400
1598870211.795841455,1.012009,0.054970,1.067469,400
1598870211.835316658,1.040839,0.056150,1.097269,400
1598870211.862575054,1.049099,0.055410,1.104749,400
1598870211.896048069,1.029569,0.054230,1.084129,400
1598870211.929405212,1.018079,0.056140,1.074479,400
1598870211.962636948,1.042709,0.055491,1.098480,400
1598870211.996047258,1.021858,0.054541,1.076739,400
1598870212.028826952,1.013369,0.056500,1.070159,400
1598870212.062572718,1.016589,0.054740,1.071629,400
1598870212.095956326,1.011678,0.054461,1.066429,400
1598870212.129615545,1.003498,0.059881,1.063609,400
1598870212.162484407,1.019528,0.054371,1.074199,400
1598870212.196276665,1.025368,0.056131,1.081959,400
1598870212.229934454,1.000968,0.055301,1.056509,400
1598870212.262725115,1.030129,0.054821,1.085220,400
1598870212.295924902,1.034939,0.057080,1.092329,400
1598870212.330603600,1.031749,0.054730,1.086799,400
1598870212.362760782,1.031119,0.057050,1.088539,400
1598870212.396477699,1.012119,0.054590,1.066959,400
1598870212.430745840,0.994039,0.055100,1.049399,400
1598870212.462463140,1.031019,0.055960,1.087219,400
1598870212.496715546,1.009549,0.054780,1.064689,400
1598870212.529851437,1.018459,0.054870,1.073639,400
1598870212.562397003,1.037669,0.061251,1.099180,400
1598870212.595652342,1.027189,0.055210,1.082709,400
1598870212.629232168,1.026139,0.055060,1.081469,400
1598870212.669360399,1.024829,0.055391,1.080510,400
1598870212.697277546,1.037119,0.054821,1.092270,400
1598870212.728896141,1.009938,0.055671,1.065899,400
1598870212.762154102,1.024598,0.062191,1.087119,400
1598870212.795234919,1.004909,0.055910,1.061209,400
1598870212.830405951,1.023509,0.058900,1.082699,400
1598870212.861971378,1.021579,0.056601,1.078540,400
1598870212.895706415,1.023059,0.054980,1.078269,400
1598870212.929992437,1.012688,0.054721,1.067669,400
1598870212.962103367,1.037749,0.056031,1.094060,400
1598870212.996073961,1.020339,0.055090,1.075659,400
1598870213.030915737,1.039109,0.056201,1.095540,400
1598870213.062041283,1.013398,0.054881,1.068629,400
1598870213.095355988,1.028698,0.054361,1.083329,400
1598870213.128678560,1.038219,0.055840,1.094319,400
1598870213.162406683,1.042789,0.054410,1.097459,400
1598870213.196428299,1.046029,0.055040,1.101299,400
1598870213.229406118,1.037389,0.056130,1.093799,400
1598870213.261854172,1.036869,0.055001,1.092100,400
1598870213.295133829,1.041159,0.055131,1.096540,400
1598870213.328784227,1.035139,0.057201,1.092710,400
1598870213.361717701,1.025898,0.056061,1.082239,400
1598870213.431163073,1.033259,0.063680,1.097209,400
1598870213.461794615,1.029009,0.055350,1.084589,400
1598870213.495381117,1.024849,0.055090,1.080209,400
1598870213.561355114,1.026029,0.061540,1.087819,400
1598870213.596241236,1.019519,0.055660,1.075659,400
1598870213.628547192,1.016749,0.057080,1.074069,400
1598870213.661725521,1.017689,0.055620,1.073569,400
1598870213.700352192,1.034879,0.056220,1.091339,400
1598870213.733152151,1.014129,0.060180,1.074549,400
1598870213.764201403,1.014199,0.056440,1.070899,400
1598870213.798214912,1.027788,0.054421,1.082479,400
1598870213.830146551,1.041639,0.054760,1.096679,400
1598870213.863046885,1.040969,0.054880,1.096139,400
1598870213.897228241,1.033449,0.056140,1.089869,400
1598870213.928327322,1.030549,0.054750,1.085589,400
1598870213.961659431,1.035319,0.055151,1.090770,400
1598870213.994965315,1.007409,0.055790,1.063449,400
1598870214.028643608,1.020559,0.057170,1.078069,400
1598870214.064453602,1.014369,0.055290,1.069889,400
1598870214.097077131,1.002379,0.060490,1.063119,400
1598870214.131503105,1.015399,0.054860,1.070499,400
1598870214.164437056,1.008258,0.056411,1.064979,400
1598870214.195093155,1.028729,0.054640,1.083629,400
1598870214.228445053,1.038359,0.056290,1.094909,400
1598870214.261467695,1.022599,0.055810,1.078679,400
1598870214.299237490,1.011039,0.060690,1.072059,400
1598870214.329744339,1.023699,0.054901,1.078880,400
1598870214.361477613,1.033358,0.055111,1.088739,400
1598870214.394987345,1.023899,0.056590,1.080749,400
1598870214.428634882,1.042309,0.055710,1.098349,400
1598870214.462414742,1.024399,0.058121,1.082770,400
1598870214.530978918,1.016948,0.062291,1.079489,400
1598870214.566029310,1.023808,0.055081,1.079119,400
1598870214.595220804,1.017549,0.055091,1.072920,400
1598870214.628244638,1.033329,0.056541,1.090130,400
1598870214.661659241,1.026069,0.060150,1.086479,400
1598870214.696564436,1.054809,0.056350,1.111429,400
1598870214.729066133,1.046559,0.054560,1.101369,400
1598870214.762160778,1.027769,0.055101,1.083130,400
1598870214.795096874,1.097619,0.059871,1.157800,400
1598870214.829017162,1.086639,0.056811,1.143800,400
1598870214.861556053,1.016918,0.055521,1.072709,400
1598870214.895501375,1.080529,0.056201,1.136970,400
1598870214.932060003,1.110159,0.055331,1.165730,400
1598870214.961807013,1.021329,0.054721,1.076340,400
1598870214.994726658,1.133660,0.055181,1.189101,400
1598870215.030718088,1.148930,0.056280,1.205510,400
1598870215.064840078,1.020589,0.059330,1.080239,400
1598870215.098599911,1.155510,0.055340,1.211130,400
1598870215.130454302,1.143170,0.055540,1.198990,400
1598870215.163678169,1.038769,0.054521,1.093540,400
1598870215.195885658,1.167170,0.056360,1.223790,400
1598870215.232520342,1.160060,0.055200,1.215540,400
1598870215.261634588,1.041589,0.055450,1.097259,400
1598870215.297223330,1.313371,0.057271,1.370972,400
1598870215.329949856,1.183121,0.055080,1.238511,400
1598870215.361452579,1.031329,0.055500,1.087089,400
1598870215.394498348,1.150390,0.056440,1.207070,400
1598870215.431751490,1.179781,0.055610,1.236091,400
1598870215.461395979,1.050279,0.054830,1.105489,400
1598870215.494663477,1.183330,0.057151,1.240731,400
1598870215.528542280,1.203430,0.054901,1.258651,400
1598870215.561214685,1.014139,0.054981,1.069360,400
1598870215.595530033,1.178360,0.056541,1.235271,400
1598870215.627647400,1.211600,0.055981,1.267861,400
1598870215.660948515,1.038769,0.055791,1.094910,400
1598870215.695146799,1.189110,0.056781,1.246161,400
1598870215.729116440,1.210190,0.055351,1.265811,400
1598870215.763944626,1.053749,0.056080,1.110069,400
1598870215.798016548,1.237101,0.055440,1.292831,400
1598870215.829691172,1.219590,0.054871,1.274711,400
1598870215.864374399,1.040559,0.055900,1.096719,400
1598870215.896914244,1.174820,0.055300,1.230370,400
1598870215.929229498,1.238281,0.055330,1.293841,400
1598870215.963179827,1.067919,0.058231,1.126590,400
1598870215.996145010,1.188280,0.056240,1.244770,400
1598870216.030766010,1.228430,0.055681,1.284481,400
1598870216.061652184,1.011848,0.057901,1.070149,400
1598870216.094583035,1.190700,0.055981,1.246931,400
1598870216.132456541,1.209511,0.058790,1.268551,400
1598870216.161298513,1.008049,0.055170,1.063589,400
1598870216.194365263,1.185930,0.057181,1.243391,400
1598870216.227761745,1.222500,0.055681,1.278401,400
1598870216.261088133,1.014189,0.055430,1.069869,400
1598870216.294581652,1.200440,0.057441,1.258141,400
1598870216.327616215,1.223710,0.056541,1.280651,400
1598870216.360911369,1.022649,0.055520,1.078409,400
1598870216.394662857,1.178820,0.056620,1.235730,400
1598870216.427621365,1.228390,0.055581,1.284231,400
1598870216.461253881,1.035839,0.058951,1.095060,400
1598870216.494750261,1.184550,0.056561,1.241381,400
1598870216.527465820,1.203360,0.055740,1.259380,400
1598870216.560953617,1.006039,0.057581,1.063860,400
1598870216.594357967,1.196331,0.056180,1.252771,400
1598870216.633423567,1.206551,0.057200,1.264031,400
1598870216.661469221,1.037939,0.055861,1.094090,400
1598870216.695110559,1.211081,0.057060,1.268391,400
1598870216.728493452,1.203000,0.060331,1.263591,400
1598870216.766550303,1.018789,0.056850,1.075949,400
1598870216.798448563,1.197391,0.055490,1.253211,400
1598870216.829432964,1.200340,0.056501,1.257121,400
1598870216.864523888,1.021169,0.056580,1.078059,400
1598870216.895273685,1.194390,0.055801,1.250481,400
1598870216.929448128,1.207930,0.057801,1.266011,400
1598870216.965876102,1.038289,0.055720,1.094239,400
1598870216.997228146,1.177211,0.055390,1.232851,400
1598870217.029479742,1.227041,0.057860,1.285161,400
1598870217.064066887,1.031429,0.057301,1.088980,400
1598870217.095621586,1.184010,0.056781,1.241041,400
1598870217.129643917,1.206461,0.057030,1.263811,400
1598870217.163524389,1.023888,0.058381,1.082639,400
1598870217.193848133,1.202011,0.057820,1.260081,400
1598870217.227377892,1.216491,0.056950,1.273701,400
1598870217.262035847,1.035249,0.057211,1.092690,400
1598870217.294277191,1.207030,0.064051,1.271351,400
1598870217.327571630,1.215710,0.056671,1.272631,400
1598870217.363366842,1.078069,0.071031,1.149350,400
1598870217.398010492,1.200730,0.062260,1.263950,400
1598870217.427483082,1.234701,0.060670,1.295651,400
1598870217.461905956,1.011679,0.058170,1.070119,400
1598870217.494137526,1.202301,0.057730,1.260261,400
1598870217.527208090,1.224581,0.056160,1.281011,400
1598870217.562014341,1.043389,0.068521,1.112160,400
1598870217.594383478,1.215270,0.057830,1.273380,400
1598870217.628357887,1.225380,0.056511,1.282391,400
1598870217.663730860,1.025629,0.060650,1.086519,400
1598870217.696233988,1.207430,0.056081,1.263741,400
1598870217.728653431,1.215221,0.055680,1.271141,400
1598870217.761975288,1.041979,0.055481,1.097710,400
1598870217.794316769,1.200260,0.057160,1.257710,400
1598870217.827290058,1.217641,0.055660,1.273531,400
1598870217.861007690,1.153980,0.058351,1.212611,400
1598870217.897893190,1.205480,0.057511,1.263271,400
1598870217.927471399,1.232921,0.062410,1.295591,400
1598870217.961781740,1.032469,0.055711,1.088510,400
1598870217.993984938,1.187350,0.057210,1.244860,400
1598870218.027747393,1.228771,0.055880,1.284911,400
1598870218.061145306,1.028599,0.055270,1.084119,400
1598870218.096428156,1.199330,0.056971,1.256581,400
1598870218.132040739,1.215040,0.056201,1.271491,400
1598870218.163084745,1.036659,0.056090,1.093009,400
1598870218.195829391,1.211881,0.056020,1.268171,400
1598870218.227468252,1.223341,0.055390,1.279001,400
1598870218.262482882,1.036689,0.057271,1.094240,400
1598870218.295003176,1.189670,0.055411,1.245351,400
1598870218.305192232,1.227121,0.056110,1.283631,400
1598870218.327240229,1.026999,0.056450,1.083699,400
1598870218.361655474,1.174340,0.063461,1.238071,400
1598870218.397997379,1.221741,0.057301,1.279342,400
1598870218.431117296,1.003159,0.057080,1.060489,400
1598870218.461774588,1.198071,0.055880,1.254181,400
1598870218.495954275,1.198060,0.055940,1.254260,400
1598870218.527900219,1.045260,0.056370,1.101910,400
1598870218.562137365,1.200750,0.057031,1.258051,400
1598870218.596389055,1.217240,0.055931,1.273441,400
1598870218.631724596,1.016149,0.056891,1.073330,400
1598870218.662504673,1.208161,0.057120,1.265581,400
1598870218.693741322,1.231011,0.055920,1.287211,400
1598870218.730164289,1.018368,0.057091,1.075709,400
1598870218.762852907,1.178690,0.055780,1.234700,400
1598870218.794366837,1.232250,0.056021,1.288541,400
1598870218.827427626,1.037839,0.055710,1.093809,400
1598870218.860907078,1.188820,0.061230,1.250310,400
1598870218.894354105,1.232480,0.056611,1.289351,400
1598870218.927556515,1.021429,0.055790,1.077539,400
1598870218.962662220,1.181250,0.057431,1.238931,400
1598870218.993927002,1.240870,0.055521,1.296671,400
1598870219.027186871,1.035848,0.055851,1.091960,400
1598870219.061698675,1.182940,0.057560,1.240740,400
1598870219.095368147,1.228660,0.055601,1.284521,400
1598870219.127724886,1.022069,0.055680,1.078039,400
1598870219.162410021,1.204220,0.062031,1.266571,400
1598870219.194257975,1.189520,0.056260,1.246100,400
1598870219.227175951,1.025169,0.053450,1.078889,400
1598870219.262080669,1.194500,0.058001,1.252921,400
1598870219.294097662,1.221430,0.056371,1.278071,400
1598870219.327258348,1.039129,0.056830,1.096209,400
1598870219.361603498,1.180851,0.055980,1.237081,400
1598870219.397381783,1.224420,0.057141,1.281811,400
1598870219.429814339,1.041979,0.055680,1.097909,400
1598870219.461549759,1.194670,0.056190,1.251200,400
1598870219.493675709,1.217910,0.055981,1.274151,400
1598870219.526847601,1.020899,0.057300,1.078429,400
1598870219.560811520,1.208071,0.056360,1.264721,400
1598870219.594187975,1.201730,0.059811,1.261811,400
1598870219.627302170,1.006728,0.055351,1.062419,400
1598870219.661262751,1.199360,0.057101,1.256691,400
1598870219.694343805,1.270041,0.064001,1.334292,400
1598870219.728472710,1.014538,0.059881,1.075319,400
1598870219.761163712,1.176730,0.056860,1.233850,400
1598870219.793873787,1.231611,0.056710,1.288581,400
1598870219.827351570,1.033349,0.056291,1.089940,400
1598870219.860425711,1.193010,0.057820,1.251110,400
1598870219.894505501,1.208530,0.056261,1.265041,400
1598870219.927199125,1.010179,0.055750,1.066209,400
1598870219.960845709,1.197060,0.057801,1.255151,400
1598870219.993811607,1.222780,0.055581,1.278601,400
1598870220.026951790,1.038839,0.056771,1.095900,400
1598870220.061691999,1.195940,0.056271,1.252491,400
1598870220.093789577,1.233030,0.056071,1.289371,400
1598870220.128519535,1.005229,0.057190,1.062699,400
1598870220.161262751,1.232141,0.056330,1.288711,400
1598870220.194402933,1.215971,0.056890,1.273111,400
1598870220.227767944,1.027029,0.056060,1.083359,400
1598870220.262436390,1.195430,0.055691,1.251411,400
1598870220.294690847,1.205340,0.056261,1.261881,400
1598870220.327517748,1.017649,0.057310,1.075219,400
1598870220.360846519,1.207590,0.059491,1.267391,400
1598870220.394488096,1.228120,0.056010,1.284390,400
1598870220.427236795,1.032919,0.058041,1.091240,400
1598870220.460805416,1.184870,0.056150,1.241310,400
1598870220.494559050,1.216441,0.055840,1.272581,400
1598870220.527494669,1.035089,0.056890,1.092199,400
1598870220.562260866,1.200260,0.056251,1.256781,400
1598870220.594870567,1.237851,0.058130,1.296281,400
1598870220.627723932,1.012318,0.055991,1.068639,400
1598870220.661386251,1.186181,0.056570,1.243081,400
1598870220.694112062,1.214560,0.059781,1.274931,400
1598870220.727600336,1.033889,0.056050,1.090219,400
1598870220.761047363,1.207941,0.056210,1.264461,400
1598870220.794489861,1.227411,0.057471,1.285142,400
1598870220.827575445,1.020159,0.056601,1.077050,400
1598870220.866237879,1.175670,0.057460,1.233410,400
1598870220.897856712,1.204480,0.060940,1.265720,400
1598870220.929919720,1.022909,0.056080,1.079339,400
1598870220.964195967,1.183660,0.056511,1.240411,400
1598870220.993625879,1.206110,0.058180,1.264570,400
1598870221.030924082,1.012258,0.056061,1.068599,400
1598870221.062825441,1.192090,0.056280,1.248600,400
1598870221.094964027,1.230900,0.055971,1.287121,400
1598870221.127066135,1.013218,0.057081,1.070549,400
1598870221.162009478,1.180370,0.056030,1.236650,400
1598870221.194077492,1.214271,0.055550,1.270051,400
1598870221.227358818,1.019439,0.057300,1.076999,400
1598870221.262039185,1.201681,0.055930,1.257911,400
1598870221.297297001,1.201780,0.058291,1.260431,400
1598870221.326778412,1.019109,0.056070,1.075439,400
1598870221.361158133,1.202850,0.056381,1.259531,400
1598870221.393427610,1.221640,0.055961,1.277861,400
1598870221.428589582,1.039019,0.057100,1.096369,400
1598870221.461245775,1.211861,0.060200,1.272331,400
1598870221.494818926,1.220100,0.058931,1.279551,400
1598870221.527837992,1.031058,0.056511,1.087839,400
1598870221.561077595,1.188480,0.058871,1.247591,400
1598870221.594779253,1.218300,0.056070,1.274660,400
1598870221.627574921,1.029039,0.057361,1.086650,400
1598870221.662445068,1.187411,0.056720,1.244401,400
1598870221.694219828,1.211331,0.056790,1.268471,400
1598870221.727677345,1.047069,0.056300,1.103649,400
1598870221.761151791,1.191280,0.056861,1.248381,400
1598870221.793554783,1.222920,0.056801,1.279991,400
1598870221.827373266,1.035309,0.058621,1.094490,400
1598870221.862244606,1.208121,0.056700,1.265071,400
1598870221.893373251,1.225961,0.057630,1.283861,400
1598870221.927840233,1.038509,0.056800,1.095609,400
1598870221.960888863,1.197600,0.056410,1.254250,400
1598870221.994569063,1.232050,0.056331,1.288611,400
1598870222.027606249,1.030779,0.058221,1.089260,400
1598870222.062469721,1.199080,0.055851,1.255241,400
1598870222.095542908,1.218501,0.057590,1.276391,400
1598870222.127918720,1.014969,0.056410,1.071669,400
1598870222.161043644,1.222881,0.058390,1.281511,400
1598870222.194443226,1.227821,0.059310,1.287461,400
1598870222.234389067,1.026049,0.059001,1.085310,400
1598870222.260940790,1.215000,0.057461,1.272931,400
1598870222.295899153,1.218291,0.062610,1.281381,400
1598870222.332344532,0.997618,0.063451,1.061299,400
1598870222.366683483,1.188970,0.056840,1.246060,400
1598870222.396318436,1.218631,0.056380,1.275251,400
1598870222.428850651,1.034249,0.057010,1.091519,400
1598870222.461969137,1.182631,0.056560,1.239501,400
1598870222.496281624,1.213270,0.058271,1.271831,400
1598870222.529257536,1.017868,0.056801,1.074899,400
1598870222.562174320,1.201460,0.058730,1.260480,400
1598870222.594879866,1.221751,0.056550,1.278621,400
1598870222.628056765,1.012029,0.056520,1.068799,400
1598870222.662473202,1.194250,0.058351,1.252851,400
1598870222.696234465,1.191380,0.056441,1.248161,400
1598870222.728317022,1.034399,0.056330,1.090999,400
1598870222.761581421,1.188880,0.057741,1.246911,400
1598870222.793982744,1.189670,0.056351,1.246301,400
1598870222.827199936,1.018889,0.056180,1.075339,400
1598870222.861368179,1.179800,0.060250,1.240300,400
1598870222.895358086,1.233061,0.058280,1.291611,400
1598870222.927948475,1.032889,0.056370,1.089529,400
1598870222.961539745,1.212401,0.064310,1.276971,400
1598870222.995146513,1.237131,0.059470,1.297001,400
1598870223.028195858,1.039919,0.056950,1.097239,400
1598870223.063006878,1.183280,0.061161,1.244691,400
1598870223.093956947,1.210620,0.056381,1.267281,400
1598870223.129195452,1.017469,0.056451,1.074200,400
1598870223.161524773,1.203281,0.057400,1.260931,400
1598870223.195278645,1.223861,0.056770,1.281011,400
1598870223.228985071,1.020209,0.056480,1.076979,400
1598870223.262598753,1.211561,0.057770,1.269581,400
1598870223.294173956,1.214471,0.056690,1.271441,400
1598870223.327899456,1.035369,0.055571,1.091260,400
1598870223.361407995,1.190230,0.057840,1.248310,400
1598870223.393992901,1.216191,0.056750,1.273211,400
1598870223.427153587,1.035769,0.056980,1.093109,400
1598870223.462058306,1.195050,0.055921,1.251241,400
1598870223.493721008,1.231580,0.057901,1.289751,400
1598870223.528216600,1.034929,0.056611,1.091800,400
1598870223.560490131,1.182770,0.057890,1.240920,400
1598870223.594677925,1.380732,0.056861,1.437893,400
1598870223.628556490,1.035498,0.056351,1.092169,400
1598870223.662153244,1.174210,0.057190,1.231640,400
1598870223.694561481,1.190460,0.057051,1.247771,400
1598870223.730085611,1.030609,0.057930,1.088799,400
1598870223.763102055,1.189590,0.056031,1.245881,400
1598870223.794222593,1.217630,0.059680,1.277570,400
1598870223.828885794,1.019459,0.057181,1.076910,400
1598870223.867941380,1.179900,0.056680,1.236840,400
1598870223.895983458,1.212371,0.056790,1.269451,400
1598870223.930802822,1.026259,0.057300,1.083879,400
1598870223.961446285,1.194271,0.056680,1.251221,400
1598870223.994420290,1.331281,0.061051,1.392602,400
1598870224.029394627,1.032819,0.057120,1.090219,400
1598870224.061304092,1.198390,0.058211,1.256861,400
1598870224.094777107,1.221650,0.056291,1.278211,400
1598870224.128520250,1.035358,0.057601,1.093239,400
1598870224.161905289,1.225260,0.056121,1.281621,400
1598870224.194513798,1.213141,0.057170,1.270591,400
1598870224.228229761,1.046829,0.058821,1.105940,400
1598870224.261564493,1.210340,0.057490,1.268100,400
1598870224.295080900,1.218691,0.056270,1.275231,400
1598870224.328397751,1.060679,0.057801,1.118780,400
1598870224.361310005,1.198511,0.057890,1.256711,400
1598870224.394977331,1.224741,0.056460,1.281451,400
1598870224.427894831,1.029729,0.057220,1.087229,400
1598870224.461375713,1.197460,0.057841,1.255561,400
1598870224.495158195,1.211300,0.056571,1.268151,400
1598870224.528453112,1.043779,0.066070,1.110089,400
1598870224.561067104,1.201330,0.057711,1.259311,400
1598870224.594603539,1.223551,0.055890,1.279721,400
1598870224.629466772,1.023509,0.056651,1.080400,400
1598870224.661444902,1.208931,0.057410,1.266601,400
1598870224.694328547,1.214090,0.056841,1.271171,400
1598870224.727745056,1.011409,0.056710,1.068389,400
1598870224.761739016,1.211050,0.056331,1.267631,400
1598870224.796274900,1.208080,0.057200,1.265530,400
1598870224.828673124,1.009379,0.056940,1.066579,400
1598870224.861118078,1.232811,0.062281,1.295372,400
1598870224.895074606,1.219451,0.057740,1.277491,400
1598870224.936370373,1.027999,0.058100,1.086359,400
1598870224.965421915,1.216800,0.056871,1.273911,400
1598870224.996578932,1.237211,0.056620,1.294071,400
1598870225.028638363,1.012398,0.056221,1.068869,400
1598870225.060871363,1.231440,0.057901,1.289601,400
1598870225.095197916,1.227350,0.056331,1.283981,400
1598870225.128309965,1.030909,0.057491,1.088660,400
1598870225.160761356,1.203280,0.061031,1.264571,400
1598870225.194886208,1.220201,0.056440,1.276931,400
1598870225.229932070,1.037929,0.058371,1.096550,400
1598870225.260764599,1.180570,0.056520,1.237360,400
1598870225.294948578,1.237681,0.055890,1.293861,400
1598870225.329212904,1.031079,0.057740,1.089069,400
1598870225.360689163,1.212310,0.058031,1.270611,400
1598870225.395634890,1.214200,0.058491,1.272981,400
1598870225.429821253,1.024079,0.057801,1.082120,400
1598870225.461498260,1.198720,0.056920,1.255910,400
1598870225.495054245,1.227051,0.056750,1.284081,400
1598870225.528855085,1.043679,0.059431,1.103410,400
1598870225.561429262,1.196380,0.056720,1.253460,400
1598870225.595237494,1.231941,0.056810,1.289201,400
1598870225.628436089,1.037099,0.058721,1.096090,400
1598870225.660961390,1.193231,0.057300,1.250791,400
1598870225.695439339,1.225760,0.058481,1.284531,400
1598870225.728271484,1.028199,0.060330,1.089189,400
1598870225.761048317,1.223120,0.058301,1.281861,400
1598870225.795014858,1.215260,0.057921,1.273461,400
1598870225.834073544,1.023779,0.057930,1.081949,400
1598870225.863826513,1.187330,0.056961,1.244561,400
1598870225.895908833,1.230621,0.057030,1.287901,400
1598870225.928639174,1.031218,0.058251,1.089709,400
1598870225.961117268,1.203470,0.056841,1.260561,400
1598870225.994001627,1.225791,0.060891,1.286972,400
1598870226.028076172,1.022409,0.058461,1.081130,400
1598870226.061706066,1.204620,0.056910,1.262620,400
1598870226.101745605,1.228570,0.063231,1.292051,400
1598870226.129740715,1.043629,0.056681,1.100540,400
1598870226.160831213,1.181010,0.056910,1.238230,400
1598870226.193935633,1.212660,0.057081,1.270001,400
1598870226.228274107,1.061729,0.057350,1.119319,400
1598870226.261653423,1.203201,0.058250,1.261721,400
1598870226.293962002,1.250601,0.058100,1.308971,400
1598870226.328815937,1.025729,0.062900,1.088909,400
1598870226.361817598,1.193280,0.057271,1.250841,400
1598870226.395213842,1.224370,0.057011,1.281621,400
1598870226.427573204,1.039849,0.062700,1.102789,400
1598870226.462193727,1.193180,0.057751,1.251251,400
1598870226.495735168,1.222361,0.056601,1.279212,400
1598870226.528068781,1.024679,0.067261,1.092260,400
1598870226.562809944,1.210550,0.057340,1.268220,400
1598870226.595484495,1.227691,0.056820,1.284771,400
1598870226.628060102,1.023019,0.057680,1.080959,400
1598870226.661588907,1.202891,0.056660,1.259831,400
1598870226.694204092,1.231310,0.056641,1.288221,400
1598870226.726596117,1.024418,0.057941,1.082649,400
1598870226.761015654,1.208280,0.061401,1.269951,400
1598870226.795104265,1.222700,0.057620,1.280570,400
1598870226.827663898,1.036589,0.056950,1.093789,400
1598870226.860015154,1.207611,0.057770,1.265631,400
1598870226.895227432,1.212001,0.057650,1.270051,400
1598870226.927085161,1.028879,0.058221,1.087390,400
1598870226.962599993,1.192960,0.058810,1.252110,400
1598870226.995026588,1.243571,0.065720,1.309641,400
1598870227.028290510,1.012589,0.058191,1.071280,400
1598870227.062003613,1.242990,0.057571,1.300881,400
1598870227.094383240,1.257661,0.060121,1.318152,400
1598870227.129403591,1.050169,0.057020,1.107599,400
1598870227.161840677,1.219000,0.056471,1.275741,400
1598870227.194863796,1.234050,0.058681,1.292991,400
1598870227.228260994,1.028378,0.057401,1.086049,400
1598870227.262121677,1.183190,0.061321,1.244781,400
1598870227.295093298,1.239361,0.058920,1.298581,400
1598870227.328878403,1.029139,0.057220,1.086599,400
1598870227.361818075,1.209690,0.063091,1.273051,400
1598870227.394549608,1.237900,0.059891,1.298121,400
1598870227.428870201,1.033109,0.057800,1.091299,400
1598870227.461090088,1.209640,0.057171,1.267101,400
1598870227.494740009,1.240180,0.058591,1.299052,400
1598870227.527997971,1.032648,0.057291,1.090219,400
1598870227.562289476,1.192820,0.056600,1.249660,400
1598870227.596034050,1.251181,0.059320,1.310771,400
1598870227.628359079,1.040009,0.057870,1.098219,400
1598870227.659923315,1.229291,0.057260,1.286901,400
1598870227.694436550,1.244530,0.056771,1.301681,400
1598870227.728482485,1.034509,0.060301,1.095160,400
1598870227.761284828,1.206470,0.057901,1.264831,400
1598870227.794395685,1.250740,0.058021,1.309041,400
1598870227.835638523,1.034999,0.058700,1.093949,400
1598870227.864892006,1.177190,0.057341,1.234781,400
1598870227.896310329,1.215361,0.057330,1.272951,400
1598870227.929847240,1.032059,0.057111,1.089420,400
1598870227.962669134,1.208620,0.057091,1.265961,400
1598870227.994207859,1.239210,0.058571,1.298051,400
1598870228.028809547,1.043349,0.058091,1.101750,400
1598870228.061673164,1.196750,0.058051,1.255061,400
1598870228.094938517,1.242431,0.059191,1.302042,400
1598870228.129418850,1.030029,0.057520,1.087929,400
1598870228.161291599,1.186780,0.057180,1.244280,400
1598870228.194554090,1.241190,0.059731,1.301221,400
1598870228.228306055,1.044639,0.058810,1.103739,400
1598870228.261800289,1.205850,0.057761,1.264021,400
1598870228.303683043,1.225721,0.061830,1.287841,400
1598870228.329282999,1.013369,0.057291,1.070900,400
1598870228.361238241,1.212481,0.057920,1.270651,400
1598870228.401932716,1.239421,0.062781,1.302502,400
1598870228.426809072,1.036219,0.057300,1.093779,400
1598870228.461278439,1.206620,0.057451,1.264321,400
1598870228.494325161,1.225230,0.058731,1.284211,400
1598870228.529764891,1.028409,0.057550,1.086229,400
1598870228.563171864,1.192350,0.058251,1.250831,400
1598870228.596504211,1.209621,0.057130,1.267021,400
1598870228.629389763,1.023889,0.057521,1.081680,400
1598870228.661924362,1.214731,0.057780,1.272811,400
1598870228.695703030,1.224830,0.058531,1.283621,400
1598870228.730315924,1.043018,0.057831,1.101129,400
1598870228.762593269,1.196820,0.058741,1.255821,400
1598870228.796411753,1.238401,0.057041,1.295732,400
1598870228.829385757,1.037479,0.057350,1.095059,400
1598870228.862143278,1.214671,0.058280,1.273251,400
1598870228.895508289,1.233731,0.057930,1.292001,400
1598870228.928492308,1.023849,0.056761,1.080910,400
1598870228.961719275,1.192760,0.058011,1.251051,400
1598870228.994969368,1.206670,0.057001,1.263921,400
1598870229.028452158,1.053219,0.062011,1.115500,400
1598870229.061841965,1.213430,0.056971,1.270681,400
1598870229.095034361,1.212190,0.058161,1.270631,400
1598870229.128770828,1.037149,0.061510,1.098889,400
1598870229.161806345,1.201341,0.058780,1.260411,400
1598870229.201487064,1.220911,0.057930,1.279101,400
1598870229.235590696,1.035899,0.057880,1.094039,400
1598870229.261486769,1.190151,0.057210,1.247611,400
1598870229.295625925,1.238601,0.057270,1.296121,400
1598870229.327959061,1.032029,0.058420,1.090729,400
1598870229.362265348,1.203941,0.057290,1.261491,400
1598870229.396726847,1.256991,0.061401,1.318732,400
1598870229.429008007,1.032799,0.058170,1.091239,400
1598870229.462381601,1.202500,0.057771,1.260541,400
1598870229.495627165,1.222900,0.061701,1.284901,400
1598870229.535788774,1.040350,0.058420,1.099020,400
1598870229.560298920,1.206100,0.056791,1.263141,400
1598870229.594805956,1.217040,0.059971,1.277271,400
1598870229.629082441,1.037389,0.058050,1.095679,400
1598870229.661468506,1.204381,0.057650,1.262401,400
1598870229.696297646,1.242421,0.057500,1.300181,400
1598870229.727324009,1.017718,0.057101,1.075069,400
1598870229.761293650,1.189361,0.058810,1.248441,400
1598870229.794555664,1.253631,0.072800,1.326731,400
1598870229.829137802,1.043019,0.066750,1.110859,400
1598870229.861018181,1.210580,0.065631,1.276571,400
1598870229.895622730,1.516143,0.071381,1.587834,400
1598870229.929583073,1.158350,0.066841,1.226071,400
1598870229.961950302,1.218190,0.060421,1.278941,400
1598870229.994608879,1.221921,0.066100,1.288341,400
1598870230.028719187,1.051319,0.059961,1.111540,400
1598870230.061247110,1.188160,0.060670,1.249250,400
1598870230.095888376,1.230871,0.059580,1.290721,400
1598870230.127358913,1.032639,0.058100,1.090999,400
1598870230.164327383,1.192190,0.060121,1.252571,400
1598870230.202165604,1.225071,0.061560,1.286891,400
1598870230.229154110,1.013289,0.060451,1.073990,400
1598870230.261210203,1.199400,0.059790,1.259470,400
1598870230.295216084,1.215140,0.059920,1.275310,400
1598870230.329985142,1.020349,0.061471,1.082120,400
1598870230.360567808,1.206940,0.058591,1.265811,400
1598870230.395125151,1.221561,0.058360,1.280161,400
1598870230.428577900,1.029899,0.059110,1.089249,400
1598870230.461267233,1.217661,0.057690,1.275611,400
1598870230.495505810,1.251161,0.058031,1.309492,400
1598870230.528347015,1.044839,0.059450,1.104569,400
1598870230.562350988,1.220780,0.062310,1.283340,400
1598870230.604552031,1.247420,0.065521,1.313351,400
1598870230.628412247,1.052859,0.060061,1.113190,400
1598870230.663197994,1.201011,0.058680,1.259971,400
1598870230.695783377,1.230860,0.059901,1.291231,400
1598870230.728564262,1.020929,0.060210,1.081429,400
1598870230.761632442,1.197130,0.061641,1.259061,400
1598870230.799569130,1.229720,0.059671,1.289641,400
1598870230.829093695,1.014538,0.057701,1.072519,400
1598870230.861851931,1.189640,0.060811,1.250751,400
1598870230.894851208,1.222711,0.057500,1.280501,400
1598870230.934992313,1.014609,0.059330,1.074209,400
1598870230.963201046,1.208581,0.058130,1.266971,400
1598870230.995887995,1.234840,0.058161,1.293341,400
1598870231.029703856,1.022749,0.058460,1.081489,400
1598870231.061783791,1.191400,0.057921,1.249561,400
1598870231.096476793,1.239481,0.058000,1.297741,400
1598870231.128241777,1.040399,0.058521,1.099150,400
1598870231.162607670,1.216950,0.058131,1.275321,400
1598870231.194912434,1.233860,0.057611,1.291721,400
1598870231.228744268,1.028839,0.058950,1.088029,400
1598870231.262281895,1.198450,0.059081,1.257971,400
1598870231.294849157,1.242451,0.057500,1.300251,400
1598870231.328814030,1.015938,0.059291,1.075479,400
1598870231.362812519,1.189160,0.058620,1.248060,400
1598870231.395206690,1.232260,0.058671,1.291221,400
1598870231.427671194,1.030639,0.057350,1.088289,400
1598870231.460307121,1.187680,0.059281,1.247251,400
1598870231.494499445,1.203931,0.057830,1.262011,400
1598870231.529919147,1.038849,0.059050,1.098159,400
1598870231.561403275,1.187320,0.057521,1.245101,400
1598870231.594810247,1.206851,0.057970,1.265091,400
1598870231.628414392,1.018509,0.058601,1.077370,400
1598870231.672012806,1.211101,0.059090,1.270471,400
1598870231.696402311,1.229061,0.058590,1.287911,400
1598870231.729717493,1.013568,0.059841,1.073679,400
1598870231.762278080,1.194690,0.057981,1.252941,400
1598870231.795163155,1.220620,0.058801,1.279841,400
1598870231.833209038,1.040719,0.059501,1.100540,400
1598870231.863253117,1.210810,0.059061,1.270181,400
1598870231.897474527,1.231980,0.059741,1.292061,400
1598870231.929749489,1.060009,0.058520,1.118859,400
1598870231.962400675,1.189800,0.058151,1.248291,400
1598870231.995098114,1.236301,0.058260,1.294861,400
1598870232.027907372,1.032299,0.060481,1.093210,400
1598870232.061216831,1.206360,0.057601,1.264221,400
1598870232.094593048,1.220110,0.057991,1.278361,400
1598870232.128659964,1.042509,0.059471,1.102250,400
1598870232.163138390,1.200800,0.062241,1.263291,400
1598870232.194582701,1.209800,0.057780,1.267860,400
1598870232.228536844,1.034239,0.058660,1.093149,400
1598870232.262785912,1.184680,0.057440,1.242380,400
1598870232.294255495,1.228721,0.058440,1.287431,400
1598870232.327883482,1.006118,0.058951,1.065349,400
1598870232.361562967,1.201550,0.057961,1.259761,400
1598870232.394918919,1.228671,0.058090,1.287061,400
1598870232.428343296,1.038609,0.058980,1.097889,400
1598870232.463104486,1.208671,0.058700,1.267651,400
1598870232.494398117,1.228380,0.058431,1.287071,400
1598870232.535126925,1.042419,0.059240,1.101969,400
1598870232.568670511,1.199850,0.059221,1.259321,400
1598870232.596251965,1.225701,0.058250,1.284211,400
1598870232.632781267,1.021859,0.057890,1.079989,400
1598870232.663562775,1.318221,0.060131,1.378632,400
1598870232.695619583,1.231541,0.058190,1.289981,400
1598870232.728540897,1.032689,0.058311,1.091250,400
1598870232.762649536,1.205660,0.058851,1.264851,400
1598870232.795518398,1.223780,0.058511,1.282561,400
1598870232.829940319,1.029689,0.059320,1.089249,400
1598870232.860737324,1.203690,0.058021,1.261971,400
1598870232.896611452,1.234571,0.059210,1.294031,400
1598870232.930854797,1.021138,0.058011,1.079389,400
1598870232.962482929,1.199830,0.057670,1.257750,400
1598870232.993766069,1.212320,0.058201,1.270801,400
1598870233.027519464,1.023119,0.059001,1.082370,400
1598870233.061582804,1.217220,0.060691,1.278161,400
1598870233.094082117,1.241920,0.058631,1.300951,400
1598870233.127491713,1.009379,0.059671,1.069340,400
1598870233.161214113,1.183380,0.058230,1.241910,400
1598870233.195497274,1.225671,0.063630,1.289571,400
1598870233.228230000,1.032889,0.058180,1.091379,400
1598870233.262120008,1.196171,0.058090,1.254511,400
1598870233.295563936,1.225020,0.059731,1.285001,400
1598870233.327914000,1.018438,0.057801,1.076519,400
1598870233.361449242,1.175720,0.057950,1.233930,400
1598870233.395006657,1.216841,0.058850,1.275951,400
1598870233.429471254,1.143749,0.057731,1.201720,400
1598870233.462171316,1.199030,0.057550,1.256870,400
1598870233.495779991,1.225961,0.058820,1.285071,400
1598870233.529912710,1.036859,0.058331,1.095560,400
1598870233.561184406,1.184071,0.058500,1.242851,400
1598870233.594550133,1.227960,0.060221,1.288501,400
1598870233.628753901,1.033579,0.058431,1.092280,400
1598870233.661244392,1.193020,0.057641,1.250941,400
1598870233.694606304,1.213691,0.058420,1.272401,400
1598870233.728466034,1.025359,0.063450,1.089049,400
1598870233.761573076,1.204050,0.057951,1.262261,400
1598870233.795148611,1.209120,0.057801,1.267171,400
1598870233.828699827,1.022378,0.059821,1.082459,400
1598870233.861469507,1.192410,0.057980,1.250670,400
1598870233.894562006,1.226771,0.058050,1.285071,400
1598870233.928726912,1.031779,0.059090,1.091179,400
1598870233.967082024,1.209320,0.058880,1.268490,400
1598870233.996061087,1.238091,0.057940,1.296321,400
1598870234.028685570,1.032959,0.057760,1.090989,400
1598870234.061950207,1.195510,0.057381,1.253161,400
1598870234.094832659,1.212220,0.059271,1.271761,400
1598870234.129085541,1.034959,0.058191,1.093400,400
1598870234.162994146,1.187031,0.063470,1.250731,400
1598870234.195469141,1.226691,0.057640,1.284611,400
1598870234.228577614,1.003808,0.057911,1.061969,400
1598870234.262475491,1.195450,0.057881,1.253561,400
1598870234.295563936,1.224880,0.059281,1.284371,400
1598870234.328972340,1.022829,0.058240,1.081349,400
1598870234.362773657,1.222550,0.062751,1.285561,400
1598870234.396279335,1.227351,0.060310,1.287951,400
1598870234.429081678,1.010658,0.057971,1.068949,400
1598870234.462428093,1.190920,0.058140,1.249310,400
1598870234.495597124,1.209281,0.058890,1.268421,400
1598870234.529436827,1.026799,0.057980,1.085049,400
1598870234.563565254,1.204930,0.060130,1.265520,400
1598870234.595103979,1.224171,0.058310,1.282741,400
1598870234.629015207,1.029659,0.057720,1.087659,400
1598870234.663490534,1.192340,0.059041,1.251651,400
1598870234.696719170,1.239490,0.058381,1.298121,400
1598870234.728651762,1.021998,0.058271,1.080539,400
1598870234.761944532,1.197480,0.059741,1.257561,400
1598870234.795848131,1.213861,0.058340,1.272511,400
1598870234.829430580,1.041849,0.058340,1.100439,400
1598870234.862989187,1.179440,0.059261,1.238961,400
1598870234.895802736,1.224610,0.058221,1.283101,400
1598870234.929602385,1.035519,0.058171,1.093950,400
1598870234.962099075,1.194430,0.059511,1.254171,400
1598870234.995443821,1.210271,0.062780,1.273301,400
1598870235.030035257,1.021989,0.057960,1.080189,400
1598870235.062546015,1.192280,0.059201,1.251711,400
1598870235.095618248,1.202510,0.058131,1.260911,400
1598870235.129305363,1.052889,0.058020,1.111159,400
1598870235.163189650,1.201581,0.059180,1.261031,400
1598870235.194858789,1.223591,0.057760,1.281611,400
1598870235.231148720,1.031318,0.062501,1.094069,400
1598870235.263095856,1.194270,0.058721,1.253271,400
1598870235.294950962,1.231080,0.058351,1.289671,400
1598870235.328079224,1.025579,0.058531,1.084390,400
1598870235.362542391,1.192070,0.057960,1.250300,400
1598870235.395689964,1.204090,0.059310,1.263650,400
1598870235.429548979,1.038299,0.058281,1.096830,400
1598870235.463129044,1.204900,0.059261,1.264431,400
1598870235.494572639,1.218541,0.058420,1.277241,400
1598870235.529105425,1.026388,0.058621,1.085269,400
1598870235.563342571,1.205880,0.059101,1.265271,400
1598870235.596274614,1.197780,0.061950,1.259980,400
1598870235.629336357,1.017909,0.058620,1.076939,400
1598870235.662359476,1.168779,0.058331,1.227370,400
1598870235.695811272,1.210930,0.059791,1.270971,400
1598870235.731035948,1.028759,0.059750,1.088799,400
1598870235.763170242,1.172460,0.058090,1.230830,400
1598870235.794831753,1.223040,0.058511,1.281841,400
1598870235.829182148,1.039159,0.059590,1.099039,400
1598870235.862924576,1.191530,0.057991,1.249801,400
1598870235.896658421,1.218670,0.058641,1.277561,400
1598870235.928642750,1.033529,0.059091,1.092870,400
1598870235.970008612,1.183130,0.058681,1.242141,400
1598870235.994799852,1.244670,0.058581,1.303521,400
1598870236.028428316,1.017109,0.059460,1.076869,400
1598870236.061803341,1.186880,0.057971,1.245141,400
1598870236.095641851,1.207270,0.058081,1.265631,400
1598870236.129046679,1.026188,0.060131,1.086599,400
1598870236.162568331,1.194861,0.058170,1.253281,400
1598870236.195218325,1.219120,0.058401,1.277771,400
1598870236.230211973,1.030189,0.058051,1.088490,400
1598870236.262103796,1.184780,0.058970,1.243980,400
1598870236.295458794,1.222330,0.058131,1.280741,400
1598870236.335350275,1.035759,0.059170,1.095209,400
1598870236.366894007,1.180980,0.059241,1.240451,400
1598870236.397829533,1.225380,0.059381,1.285051,400
1598870236.429137468,1.033339,0.058270,1.091849,400
1598870236.461579323,1.190670,0.059601,1.250541,400
1598870236.495348215,1.223190,0.058601,1.282051,400
1598870236.527245760,1.019219,0.058671,1.078170,400
1598870236.561932087,1.204291,0.065890,1.270471,400
1598870236.595562458,1.206960,0.057510,1.264770,400
1598870236.636978626,1.023089,0.059230,1.082559,400
1598870236.662481308,1.188511,0.059050,1.247811,400
1598870236.695853710,1.200610,0.058561,1.259451,400
1598870236.729931831,1.018989,0.059361,1.078620,400
1598870236.762588739,1.182300,0.059771,1.242341,400
1598870236.796469212,1.212411,0.066160,1.278891,400
1598870236.830717087,1.027709,0.056100,1.084199,400
1598870236.862948895,1.193950,0.059941,1.254211,400
1598870236.896433115,1.221010,0.058981,1.280281,400
1598870236.930637836,1.058439,0.057560,1.116289,400
1598870236.962887287,1.206790,0.058831,1.265951,400
1598870236.995079041,1.209011,0.062000,1.271431,400
1598870237.029443741,1.027019,0.054820,1.082319,400
1598870237.063416243,1.170890,0.053430,1.224570,400
1598870237.096289873,1.228231,0.063171,1.291652,400
1598870237.128668547,1.052929,0.057060,1.110489,400
1598870237.162327766,1.185420,0.062771,1.248501,400
1598870237.195809126,1.211230,0.061581,1.273091,400
1598870237.228973866,1.032499,0.056751,1.089540,400
1598870237.262033224,1.189420,0.062141,1.251851,400
1598870237.296042681,1.482003,0.061371,1.543654,400
1598870237.329574585,1.027949,0.070591,1.098810,400
1598870237.361137152,1.193310,0.066541,1.260581,400
1598870237.395694971,1.207840,0.065360,1.273520,400
1598870237.430743933,1.018959,0.063961,1.083200,400
1598870237.461522341,1.188491,0.062880,1.251701,400
1598870237.494989634,1.228520,0.063171,1.292181,400
1598870237.529526949,1.027618,0.062901,1.090789,400
1598870237.563358068,1.201460,0.063691,1.265541,400
1598870237.596842051,1.208911,0.061431,1.270662,400
1598870237.630000830,1.057089,0.064710,1.122099,400
1598870237.662631035,1.185720,0.062311,1.248331,400
1598870237.694180012,1.236571,0.060771,1.297642,400
1598870237.729260206,1.032339,0.060351,1.092980,400
1598870237.762221336,1.191090,0.061700,1.253070,400
1598870237.795802116,1.209150,0.059981,1.269471,400
1598870237.829294205,1.027669,0.060090,1.088029,400
1598870237.861126900,1.205260,0.060981,1.266531,400
1598870237.896371603,1.231931,0.062080,1.294261,400
1598870237.930598021,1.069329,0.060471,1.130060,400
1598870237.961796761,1.199021,0.059160,1.258471,400
1598870238.000889540,1.240391,0.061210,1.301871,400
1598870238.028645277,1.044329,0.058911,1.103580,400
1598870238.061302662,1.185600,0.060690,1.246560,400
1598870238.094780445,1.231421,0.060010,1.291701,400
1598870238.129317999,1.047209,0.060301,1.107760,400
1598870238.162985563,1.212480,0.059680,1.272440,400
1598870238.195672989,1.224541,0.059800,1.284581,400
1598870238.229923964,1.042619,0.060421,1.103340,400
1598870238.262411356,1.180560,0.059931,1.240821,400
1598870238.295644045,1.233800,0.067101,1.301361,400
1598870238.328936338,1.025529,0.061600,1.087459,400
1598870238.362323523,1.192221,0.059950,1.252431,400
1598870238.395551443,1.242960,0.059881,1.303101,400
1598870238.429784536,1.049439,0.060000,1.109759,400
1598870238.463276625,1.206171,0.060170,1.266601,400
1598870238.495590210,1.214960,0.071371,1.286651,400
1598870238.530168056,1.118549,0.069081,1.188120,400
1598870238.563436747,1.197790,0.064231,1.262381,400
1598870238.596675873,1.234651,0.063921,1.298842,400
1598870238.630454302,1.106109,0.063851,1.170220,400
1598870238.662161827,1.201880,0.062861,1.265001,400
1598870238.697161674,1.268871,0.061601,1.330742,400
1598870238.729599714,1.203960,0.103431,1.307671,400
1598870238.763649464,1.222701,0.081130,1.304161,400
1598870238.796561480,1.249180,0.077581,1.327011,400
1598870238.829592943,1.172760,0.082391,1.255421,400
1598870238.862321854,1.178660,0.077550,1.256500,400
1598870238.895602942,1.220441,0.077870,1.298611,400
1598870238.929116249,1.117619,0.084411,1.202290,400
1598870238.962278366,1.213021,0.078490,1.291781,400
1598870238.996422768,1.213110,0.076241,1.289651,400
1598870239.029402494,1.184770,0.091340,1.276641,400
1598870239.062233686,1.211461,0.078240,1.289971,400
1598870239.095053434,1.222611,0.078410,1.301301,400
1598870239.128870249,1.186710,7.734227,8.921197,400
1598870239.161453009,1.525653,10.695892,12.222305,400
1598870239.196336031,1.734805,34.339134,36.074709,400
1598870239.230382681,1.349542,59.306658,60.658100,400
1598870239.261919737,1.404512,81.815011,83.222754,400
1598870239.295762777,1.620084,196.283133,197.906747,400
1598870239.329347610,1.534464,286.657988,288.195792,400
1598870239.364640474,1.557713,325.331781,326.892954,400
1598870239.395615578,1.518393,337.064761,338.586514,400
1598870239.429664373,1.460262,328.309856,329.773438,400
1598870239.462850094,1.428692,333.139717,334.571709,400
1598870239.496378183,1.551954,331.947787,333.503301,400
1598870239.537329912,1.479282,341.164197,342.646899,400
1598870239.561456919,1.615294,334.525039,336.144153,400
1598870239.595526934,1.514613,335.187885,336.705878,400
1598870239.629204750,1.435892,338.931918,340.371190,400
1598870239.662573814,1.597624,325.940526,327.541430,400
1598870239.695564985,1.513633,325.923815,327.440898,400
1598870239.729147196,1.521643,320.422108,321.947011,400
1598870239.763022900,1.411993,326.933064,328.348507,400
1598870239.795536518,1.617944,326.595341,328.216665,400
1598870239.829899788,1.472873,326.205788,327.682031,400
1598870239.862252712,1.454982,325.987236,327.445838,400
1598870239.895027637,1.529544,314.690459,316.223973,400
1598870239.930433512,1.674654,299.418809,301.096863,400
1598870239.962541819,1.651234,280.517726,282.172710,400
1598870239.995862961,1.606494,247.405722,249.015966,400
1598870240.030156374,1.310731,212.144560,213.458891,400
1598870240.063072681,1.421432,188.318375,189.744057,400
1598870240.095789909,1.497553,154.204733,155.705556,400
1598870240.129326820,1.411952,112.305004,113.720446,400
1598870240.162334681,1.545264,91.330603,92.879907,400
1598870240.196716070,1.496503,74.276177,75.775940,400
1598870240.230025768,1.481853,68.266666,69.751749,400
1598870240.262618303,1.373472,60.613420,61.990892,400
1598870240.295288086,1.673434,49.037081,50.713575,400
1598870240.329349756,1.418262,39.302677,40.723829,400
1598870240.364779472,1.367592,32.354997,33.724859,400
1598870240.395403862,1.399792,30.369390,31.771912,400
1598870240.429744720,1.324362,20.219353,21.545415,400
1598870240.462092400,1.466483,15.533413,17.000916,400
1598870240.495412827,1.443462,13.333665,14.777627,400
1598870240.529469728,1.413242,10.563531,11.977263,400
1598870240.562823534,1.329921,9.727253,11.057864,400
1598870240.596561193,1.269540,8.851266,10.121326,400
1598870240.630262852,1.481592,8.085600,9.567602,400
1598870240.662213087,1.386602,7.377253,8.764335,400
1598870240.696588278,1.370681,6.653877,8.025108,400
1598870240.729402542,1.333812,6.001472,7.335764,400
1598870240.763875246,1.476212,4.914482,6.391064,400
1598870240.797458649,1.386942,4.908762,6.296114,400
1598870240.829767227,2.298680,4.948692,7.247832,398
1598870240.861108541,2.210469,4.387328,6.598317,398
1598870240.895874500,2.330521,4.379637,6.710608,398
1598870240.929438114,1.575924,3.898353,5.474697,400
1598870240.961648464,1.621314,3.886683,5.508417,400
1598870240.997488737,1.704494,3.880064,5.584968,400
1598870241.029753685,1.542273,3.875553,5.418256,400
1598870241.062844515,1.627684,3.500180,5.128324,400
1598870241.096428394,1.338021,3.514090,4.852621,400
1598870241.130314589,1.312751,3.490050,4.803321,400
1598870241.162647963,1.301381,3.829703,5.131564,400
1598870241.196670771,1.377192,3.813623,5.191265,400
1598870241.231808662,1.530123,3.800812,5.331385,400
1598870241.262958527,1.374331,0.061021,1.435792,400
1598870241.296589851,1.170240,3.796133,4.966693,400
1598870241.330407381,1.401142,3.875843,5.277675,400
1598870241.362737656,1.213861,3.877863,5.092234,400
1598870241.397230864,1.461452,3.859984,5.321936,400
1598870241.429975271,1.402831,3.855494,5.258765,400
1598870241.462859154,1.203311,3.889723,5.093504,400
1598870241.497263432,1.213520,3.902764,5.116704,400
1598870241.531169891,1.118820,3.874093,4.993363,400
1598870241.562082291,1.192440,3.867433,5.060393,400
1598870241.596679926,1.231381,3.873423,5.105244,400
1598870241.629205227,1.184660,3.824593,5.009793,400
1598870241.662413836,1.483993,3.824402,5.309085,400
1598870241.697117567,1.389752,3.510050,4.900282,400
1598870241.730124235,1.276071,3.437730,4.714321,400
1598870241.763637543,1.350302,3.080977,4.431719,400
1598870241.797568321,1.274071,2.989135,4.263776,400
1598870241.829509497,1.427653,2.996475,4.424598,400
1598870241.862689972,1.329272,3.419719,4.749621,400
1598870241.896548033,1.237841,3.496390,4.734801,400
1598870241.929971218,1.370712,0.061151,1.432393,400
1598870241.961879253,1.077859,3.870743,4.948972,400
1598870241.996266842,1.466433,3.868383,5.335346,400
1598870242.030095816,1.361791,3.865753,5.228024,400
1598870242.062063932,1.291621,3.874274,5.166445,400
1598870242.096335173,1.358832,3.868203,5.227695,400
1598870242.130460501,1.373832,3.788582,5.162904,400
1598870242.162635803,1.327492,3.277778,4.605760,400
1598870242.196613073,1.390032,3.200847,4.591349,400
1598870242.230680943,1.471183,2.238279,3.709862,400
1598870242.262879133,1.349081,2.432501,3.781962,400
1598870242.296819448,1.205630,0.062380,1.268501,400
1598870242.329808474,1.050139,0.057681,1.108090,400
1598870242.362330914,1.091230,0.057980,1.149500,400
1598870242.397264242,1.073250,0.056110,1.129630,400
1598870242.429971218,1.078990,0.056210,1.136170,400
1598870242.462487221,1.102159,0.058151,1.160580,400
1598870242.496617556,1.047779,0.056080,1.104129,400
1598870242.530811787,1.093389,0.056431,1.150070,400
1598870242.563150644,1.071759,0.057690,1.129719,400
1598870242.596648693,1.068799,0.055370,1.124469,400
1598870242.629404306,1.067169,0.054741,1.122150,400
1598870242.663238287,1.061029,0.056820,1.118099,400
1598870242.697936535,1.059899,0.058501,1.118660,400
1598870242.732674360,1.113339,0.058641,1.172260,400
1598870242.762953281,1.111130,0.056470,1.167880,400
1598870242.796916246,1.074510,0.056400,1.131180,400
1598870242.830545425,1.060859,0.056110,1.117239,400
1598870242.863165855,1.073799,0.057090,1.131429,400
1598870242.897921801,1.113020,0.055300,1.168610,400
1598870242.963023901,1.131929,0.060261,1.192470,400
1598870242.997031927,1.105239,0.056731,1.162260,400
1598870243.030970335,1.122160,0.091701,1.214201,400
1598870243.062786341,1.085379,0.054741,1.140390,400
1598870243.097178936,1.113280,0.055220,1.168900,400
1598870243.129881859,1.087289,0.055351,1.142950,400
1598870243.164374590,1.112570,0.052590,1.165530,400
1598870243.197600842,1.083120,0.053840,1.137290,400
1598870243.231136322,1.128620,0.052780,1.181700,400
1598870243.263402462,1.088409,0.054611,1.143390,400
1598870243.298607588,1.110680,0.056300,1.167220,400
1598870243.330736637,1.108030,0.053220,1.161560,400
1598870243.363486052,1.073299,0.055401,1.128970,400
1598870243.396997929,1.140620,0.054291,1.195211,400
1598870243.430801630,1.084179,0.056221,1.140660,400
1598870243.462677956,1.114299,0.054791,1.169340,400
1598870243.496798277,1.064079,0.055861,1.120180,400
1598870243.529871225,1.088599,0.056511,1.145390,400
1598870243.563074827,1.084039,0.059521,1.143850,400
1598870243.596962452,1.098340,0.055780,1.154370,400
1598870243.630638599,1.090790,0.056800,1.147870,400
1598870243.662842751,1.091649,0.057170,1.149239,400
1598870243.698120832,1.137600,0.056881,1.194761,400
1598870243.730431557,1.175700,0.056901,1.232891,400
1598870243.762999773,1.283781,0.088721,1.372782,400
1598870243.797337532,1.264131,0.086470,1.350861,400
1598870243.830444098,1.152700,0.094751,1.247741,400
1598870243.863110781,1.139290,4.801491,5.941101,400
1598870243.896783590,1.570993,0.073481,1.644914,400
1598870243.928940535,1.210950,0.078021,1.289281,400
1598870243.963283539,1.123950,0.070831,1.195161,400
1598870244.030729294,1.196420,0.094171,1.290921,400
1598870244.063721895,1.196540,0.071331,1.268221,400
1598870244.097386599,1.186750,0.072171,1.259171,400
1598870244.130568743,1.154450,0.078691,1.233441,400
1598870244.163702250,1.187881,0.074530,1.262751,400
1598870244.197379827,1.179280,0.075661,1.255251,400
1598870244.230882883,1.227730,0.082221,1.310241,400
1598870244.263653278,1.192970,0.085521,1.278781,400
1598870244.298160076,1.205130,62.967761,64.173191,400
1598870244.330399752,1.441523,89.392896,90.837929,400
1598870244.363742828,1.595133,119.597926,121.196549,400
1598870244.397407532,1.581284,134.583415,136.168549,400
1598870244.430957079,1.547463,155.004539,156.555152,400
1598870244.464206457,1.478692,158.260308,159.742271,400
1598870244.498274088,1.494143,158.438509,159.935992,400
1598870244.530515909,1.511253,175.539116,177.053779,400
1598870244.563566446,1.663964,180.880732,182.548056,400
1598870244.597427130,1.659204,198.898786,200.561480,400
1598870244.630374193,1.431063,227.432560,228.867353,400
1598870244.663769007,1.583424,247.608683,249.195337,400
1598870244.697599173,1.618644,247.602194,249.224278,400
1598870244.730092287,1.426332,258.400686,259.830678,400
1598870244.763190985,1.582413,258.621609,260.208052,400
1598870244.798324585,1.578954,252.114382,253.697356,400
1598870244.831243992,1.585524,252.956449,254.545263,400
1598870244.864980221,1.586413,258.982902,260.572736,400
1598870244.898921967,1.574463,255.761474,257.339627,400
1598870244.932413340,1.474202,256.139677,257.617990,400
1598870244.966381550,1.529293,258.530308,260.063251,400
1598870244.998802185,1.436832,241.178569,242.619031,400
1598870245.033159494,1.421682,231.012922,232.442414,400
1598870245.066297293,1.571103,211.624355,213.198988,400
1598870245.100434542,1.484702,184.113910,185.602352,400
1598870245.133906126,1.469052,162.946308,164.419220,400
1598870245.167510748,1.537873,158.548520,160.090333,400
1598870245.201254606,1.415693,139.270914,140.690547,400
1598870245.234125376,2.318410,130.830482,133.151952,396
1598870245.268484592,1.588813,124.069154,125.661757,400
1598870245.300900221,1.749825,123.838072,125.591707,400
1598870245.334939718,1.619474,120.075310,121.698224,400
1598870245.369210005,1.498003,117.604039,119.105432,400
1598870245.401568651,1.619124,112.580566,114.203110,400
1598870245.435936451,1.537824,112.567185,114.108279,400
1598870245.469681501,1.349821,106.262692,107.616623,400
1598870245.503251791,1.439883,102.484989,103.928282,400
1598870245.536401510,1.629484,83.577957,85.211541,400
1598870245.570732117,1.520773,63.618575,65.142958,400
1598870245.603558540,1.388402,50.922537,52.314019,400
1598870245.637218952,1.421472,43.322231,44.746973,400
1598870245.671118736,2.320180,42.786787,45.109787,398
1598870245.704372883,1.413162,40.928421,42.344553,400
1598870245.737919331,1.461483,39.444918,40.908771,400
1598870245.772593737,1.444962,27.457656,28.904788,400
1598870245.807629108,1.467332,24.279258,25.748580,400
1598870245.838737965,1.461152,16.746874,18.209146,400
1598870245.872722864,2.181218,11.572889,13.754857,398
1598870245.907483101,1.361552,9.047767,10.410009,400
1598870245.939276218,1.521153,7.566545,9.088168,400
1598870245.977211714,1.369652,7.517474,8.887836,400
1598870246.005617142,1.429112,6.783078,8.212800,400
1598870246.040313721,2.156859,6.164112,8.321471,398
1598870246.072050333,1.478523,6.063321,7.542324,400
1598870246.107890606,2.261030,5.565697,7.827197,398
1598870246.141813755,2.133909,5.519307,7.653736,398
1598870246.173912764,2.102418,4.944452,7.047650,394
1598870246.211043835,2.157329,6.710077,8.867906,398
1598870246.243020535,2.179329,6.691167,8.871026,398
1598870246.274874926,2.179479,6.700217,8.880176,398
1598870246.308929682,1.347382,5.395986,6.743828,400
1598870246.341362238,1.378802,4.845771,6.225013,400
1598870246.376299620,1.259471,4.366087,5.626038,400
1598870246.409707546,1.341522,4.363297,5.705269,400
1598870246.445521355,2.203289,4.350777,6.554576,398
1598870246.479038239,2.353650,3.604631,5.958771,396
1598870246.511005163,2.308840,3.452589,5.762109,390
1598870246.543549299,2.217919,2.704473,4.922862,394
1598870246.579269171,2.954296,3.049876,6.004692,392
1598870246.611633778,3.629551,3.056456,6.686497,398
1598870246.644782305,1.319551,3.808203,5.128224,400
1598870246.678913832,1.325951,5.325596,6.652017,400
1598870246.712956429,2.205809,7.032170,9.238589,398
1598870246.745490789,2.279029,8.490673,10.770192,396
1598870246.778691530,3.497460,11.104815,14.602895,396
1598870246.813036442,2.371950,14.982369,17.354789,396
1598870246.845062971,2.238309,12.974081,15.212820,398
1598870246.879927874,1.322641,13.951900,15.275111,400
1598870246.912611961,4.292607,15.230160,19.523277,396
1598870246.945309162,1.338482,15.099019,16.438021,400
1598870246.979863405,1.436643,18.387867,19.825020,400
1598870247.013903141,1.515753,18.411778,19.928011,400
1598870247.046787739,1.494223,18.390548,19.885561,400
1598870247.080331087,1.463603,18.426777,19.890980,400
1598870247.112980366,1.499233,19.769399,21.269132,400
1598870247.149278402,1.317261,17.428050,18.745871,400
1598870247.180888653,1.389062,14.158891,15.548463,400
1598870247.214118004,4.263207,14.229302,18.492909,396
1598870247.249568462,4.096365,11.392458,15.489603,390
1598870247.281961441,4.882501,9.692994,14.576135,390
1598870247.316555977,2.192399,9.674583,11.867542,396
1598870247.349541664,2.220709,9.699073,11.920262,396
1598870247.382471085,1.451023,12.350876,13.802359,400
1598870247.416715860,1.524363,16.522352,18.047395,400
1598870247.450866938,4.988033,21.469014,26.457567,396
1598870247.456462860,1.261091,15.605783,16.867624,400
1598870247.482263088,1.340441,22.810556,24.151617,400
1598870247.517004251,4.930602,43.102050,48.033362,396
1598870247.551152706,4.932503,33.557977,38.492590,398
1598870247.584923029,1.562933,25.649490,27.214153,400
1598870247.618224382,4.140205,24.240038,28.381943,398
1598870247.651261568,4.951252,18.932383,23.884765,398
1598870247.686120749,1.446912,17.662832,19.110354,400
1598870247.717372417,5.646289,18.797951,24.444930,398
1598870247.751169682,1.533073,15.468213,17.001846,400
1598870247.786639690,1.527593,12.346976,13.874979,400
1598870247.819637299,1.417732,21.177451,22.595733,400
1598870247.853220701,1.506073,17.623581,19.130364,400
1598870247.886259317,1.465892,14.445034,15.911486,400
1598870247.920845032,1.386152,14.438404,15.825196,400
1598870247.954546213,1.377891,14.368364,15.746705,400
1598870247.987641811,1.508693,13.545216,15.054289,400
1598870248.022515774,1.437622,14.646366,16.084558,400
1598870248.053970575,1.371822,13.633177,15.005459,400
1598870248.088191748,1.320161,11.967833,13.288514,400
1598870248.121513844,1.431583,12.852830,14.284833,400
1598870248.154953480,1.381482,14.880578,16.262500,400
1598870248.188760996,1.571523,16.216459,17.788672,400
1598870248.220895529,4.315366,15.022649,19.338715,398
1598870248.255993128,5.591668,14.087960,19.680218,396
1598870248.290021420,2.789154,27.935469,30.725223,398
1598870248.324861050,1.576273,39.761511,41.338864,400
1598870248.358404160,1.364762,53.099576,54.466808,400
1598870248.391092777,5.695239,82.955572,88.653741,396
1598870248.423947811,1.510733,112.462165,113.976288,400
1598870248.458249331,1.391962,131.459048,132.854490,400
1598870248.491250038,1.668355,142.135069,143.807214,400
1598870248.525226116,1.583414,158.142066,159.728990,400
1598870248.557789326,3.653612,158.646751,162.303653,398
1598870248.595595837,1.514693,162.661575,164.179598,400
1598870248.629666567,1.640174,179.844332,181.488086,400
1598870248.659914255,1.461102,192.753034,194.217746,400
1598870248.693204641,1.571624,206.898594,208.473868,400
1598870248.726945162,5.010363,211.486004,216.499837,398
1598870248.759134769,1.580094,206.329860,207.913514,400
1598870248.793756723,1.551233,207.035916,208.591059,400
1598870248.826786518,1.650754,206.680573,208.334757,400
1598870248.860037804,1.492313,202.412286,203.908039,400
1598870248.892634869,4.381337,202.536118,206.921065,398
1598870248.928523779,1.623074,193.024706,194.651190,400
1598870248.961011410,1.556563,198.751605,200.312018,400
1598870248.995455742,1.472142,189.237954,190.713476,400
1598870249.029233456,1.442623,184.022358,185.468011,400
1598870249.061084986,1.494193,180.401157,181.898440,400
1598870249.096615314,1.437072,171.676013,173.116745,400
1598870249.128867149,1.569374,175.631956,177.204450,400
1598870249.162245512,1.454632,175.466575,176.924797,400
1598870249.196578026,1.468713,171.725723,173.198216,400
1598870249.230266094,1.528494,167.065263,168.597277,400
1598870249.263751745,1.453332,163.462922,164.919624,400
1598870249.297655582,1.550183,163.447382,165.001175,400
1598870249.330504894,1.495302,158.968944,160.467466,400
1598870249.364030600,1.363912,158.559460,159.926742,400
1598870249.397449255,3.469989,158.561790,162.035449,398
1598870249.431754112,4.435388,158.310578,162.748906,398
1598870249.464681149,1.576464,164.095387,165.675411,400
1598870249.500667334,4.345317,158.972074,163.321051,398
1598870249.532400370,3.502870,159.540408,163.046288,398
1598870249.565965891,1.549593,148.487174,150.040037,400
1598870249.599617004,1.578643,132.063293,133.645527,400
1598870249.633408308,1.544054,127.537013,129.084907,400
1598870249.666603565,1.498913,127.503113,129.005826,400
1598870249.706822157,1.394052,122.833503,124.231295,400
1598870249.734194994,1.564803,115.180968,116.749041,400
1598870249.767415524,1.509203,106.152720,107.666023,400
1598870249.801110029,3.474620,98.933998,102.412058,398
1598870249.835541964,1.553813,93.121689,94.679122,400
1598870249.868323803,1.578554,93.083808,94.665782,400
1598870249.901318073,1.589353,89.765450,91.357793,400
1598870249.936277866,1.476743,80.875323,82.355466,400
1598870249.968484402,1.515433,53.021585,54.540608,400
1598870250.009290695,1.541573,49.478395,51.022538,400
1598870250.038698196,1.460822,41.292195,42.756007,400
1598870250.070230722,1.353642,36.118369,37.474691,400
1598870250.102553368,1.492203,30.887955,32.382388,400
1598870250.136660099,1.518783,30.652103,32.172536,400
1598870250.169795990,2.846875,23.352020,26.200485,398
1598870250.204345703,1.308561,18.147465,19.457166,400
1598870250.237639427,1.393252,14.734746,16.129038,400
1598870250.272873402,1.301931,10.985944,12.289355,400
1598870250.306019783,1.488983,6.635767,8.125460,400
1598870250.338420868,1.486003,6.142263,7.628906,400
1598870250.372704983,1.379132,5.146594,6.526396,400
1598870250.405525923,1.405002,5.537788,6.943500,400
1598870250.439765215,1.442223,5.534497,6.977390,400
1598870250.476031780,1.385281,6.100653,7.486584,400
1598870250.506992102,1.462433,6.112692,7.575795,400
1598870250.538698196,1.332472,5.053023,6.386185,400
1598870250.572481155,1.374692,6.029142,7.404404,400
1598870250.607799530,1.300161,6.008642,7.309423,400
1598870250.640532017,1.479513,5.437316,6.917389,400
1598870250.672652006,1.450953,4.884652,6.336045,400
1598870250.706293106,1.314301,4.882142,6.196903,400
1598870250.740303993,1.426082,4.860462,6.287204,400
1598870250.772648573,1.359812,4.797651,6.157953,400
1598870250.806165218,1.355242,5.268285,6.624167,400
1598870250.839830399,1.390572,5.844820,7.235872,400
1598870250.873247147,1.557273,5.757310,7.315033,400
1598870250.907843113,1.420102,5.754769,7.175361,400
1598870250.941105604,1.321402,5.210935,6.532847,400
1598870250.972750902,1.408692,6.234143,7.643275,400
1598870251.007305145,1.450922,8.238011,9.689413,400
1598870251.040164709,1.288671,8.198910,9.488081,400
1598870251.073908329,1.360891,8.180120,9.541461,400
1598870251.111551046,1.413592,8.203930,9.618002,400
1598870251.141148329,1.364272,8.188230,9.552982,400
1598870251.174989700,1.425432,8.203611,9.629623,400
1598870251.209338665,1.407282,8.177320,9.585102,400
1598870251.241564274,1.481803,8.201961,9.684274,400
1598870251.277249098,1.346331,8.186380,9.533281,400
1598870251.310882807,1.381341,8.173741,9.555592,400
1598870251.342813015,1.439942,8.195890,9.636292,400
1598870251.377128601,1.211340,8.187900,9.399800,400
1598870251.411372423,1.294871,8.892377,10.187708,400
1598870251.444686890,1.402232,8.883246,10.285918,400
1598870251.478384972,1.159800,8.229940,9.390520,400
1598870251.509911776,1.194220,7.457034,8.651804,400
1598870251.543670177,1.374491,7.486455,8.861636,400
1598870251.576909542,1.257341,8.112579,9.370480,400
1598870251.611590385,1.446573,8.122429,9.569462,400
1598870251.643702030,1.535964,8.156250,9.692754,400
1598870251.678333044,1.288191,7.402253,8.690964,400
1598870251.712044954,1.344572,7.396753,8.741905,400
1598870251.743290186,1.384662,8.050039,9.435211,400
1598870251.777486086,1.510863,7.339343,8.850696,400
1598870251.811008930,1.427892,7.351033,8.779325,400
1598870251.845979929,1.661074,7.318523,8.980117,400
1598870251.881162167,1.537273,7.755227,9.293420,400
1598870251.913126945,1.345622,7.275832,8.622364,400
1598870251.945902109,1.443292,7.323773,8.767675,400
1598870251.980220318,1.515433,7.320643,8.836646,400
1598870252.014418840,1.450762,7.345883,8.797175,400
1598870252.046289682,1.483042,7.343823,8.827385,400
1598870252.081731081,1.457922,7.365583,8.824005,400
1598870252.114716768,1.510382,6.684098,8.195020,400
1598870252.148180962,1.392312,6.718907,8.111669,400
1598870252.181572676,1.155709,6.678778,7.835047,400
1598870252.214338303,1.277561,6.674667,7.952718,400
1598870252.248742819,1.304961,6.668427,7.973808,400
1598870252.253859997,1.219000,6.022712,7.242112,400
1598870252.281464338,1.477603,4.951562,6.429655,400
1598870252.314998865,1.330801,6.048012,7.379243,400
1598870252.349593163,1.462093,6.048002,7.510755,400
1598870252.383904696,1.259600,6.045882,7.305972,400
1598870252.418568850,1.475052,5.990602,7.466034,400
1598870252.450024128,1.291891,6.616126,7.908627,400
1598870252.484051704,1.316021,6.594866,7.911417,400
1598870252.518038273,1.554413,7.315063,8.869926,400
1598870252.551059723,1.270061,7.308433,8.579024,400
1598870252.584634304,1.355422,7.313562,8.669374,400
1598870252.617755175,1.424542,7.305743,8.730735,400
1598870252.651613712,1.346842,7.316893,8.664225,400
1598870252.684977293,1.469692,7.308003,8.778125,400
1598870252.719031572,1.541654,7.240532,8.782566,400
1598870252.751466513,1.277581,7.232682,8.510673,400
1598870252.786079407,1.396802,7.253962,8.651254,400
1598870252.820579529,1.473763,7.260592,8.734815,400
1598870252.854190350,1.469833,7.239692,8.709965,400
1598870252.885545015,1.266321,7.238132,8.504863,400
1598870252.927567005,1.363111,7.311353,8.674904,400
1598870252.954665661,1.407072,7.335103,8.742555,400
1598870252.987898827,1.348342,7.314052,8.662914,400
1598870253.023016214,1.261821,8.053589,9.315840,400
1598870253.055928946,1.398542,8.078780,9.477772,400
1598870253.088576794,1.460393,7.307353,8.768326,400
1598870253.123230219,1.469423,7.338273,8.808146,400
1598870253.155896664,1.323661,7.320493,8.644564,400
1598870253.189624786,1.394262,7.386853,8.781635,400
1598870253.222414970,1.420012,7.324023,8.744525,400
1598870253.256034851,1.404622,8.048189,9.453271,400
1598870253.290813208,1.373542,6.747628,8.121600,400
1598870253.322915077,1.600124,6.710367,8.310961,400
1598870253.357155561,1.411832,6.705618,8.117840,400
1598870253.392002344,1.384592,6.734098,8.119120,400
1598870253.424617529,1.481793,6.710548,8.192891,400
1598870253.458353519,1.351821,6.709198,8.061459,400
1598870253.490984678,1.358502,6.657617,8.016549,400
1598870253.525039911,1.355931,6.644827,8.001198,400
1598870253.558254004,1.542814,6.014681,7.557935,400
1598870253.592016459,1.399042,6.662628,8.062140,400
1598870253.625586987,1.369101,6.600867,7.970408,400
1598870253.659307718,1.476913,6.670507,8.147860,400
1598870253.693023682,1.520333,6.670507,8.191260,400
1598870253.726291418,1.554363,6.013552,7.568375,400
1598870253.759889126,1.493713,6.019381,7.513504,400
1598870253.793253422,1.402182,6.016242,7.418844,400
1598870253.826404333,1.464982,6.074102,7.539524,400
1598870253.859268427,1.452272,6.076183,7.528975,400
1598870253.894995928,1.356371,5.602788,6.959649,400
1598870253.927910805,1.359182,5.681289,7.040841,400
1598870253.960516691,1.464932,5.625269,7.090751,400
1598870253.993956327,1.538493,5.620308,7.159281,400
1598870254.029106855,1.401902,6.163723,7.566045,400
1598870254.062659264,1.424042,6.159413,7.583905,400
1598870254.095387459,1.268881,5.602048,6.871359,400
1598870254.130832434,1.358341,5.601068,6.959899,400
1598870254.162286997,1.266521,5.500307,6.767228,400
1598870254.196947336,1.330841,4.984023,6.315364,400
1598870254.231263638,1.578773,5.026393,6.605576,400
1598870254.263360977,1.300882,5.063743,6.365055,400
1598870254.296981573,1.471823,5.033593,6.505806,400
1598870254.331191540,1.366731,4.548219,5.915400,400
1598870254.363991499,1.326321,4.566430,5.893201,400
1598870254.398409605,1.349181,4.565269,5.914820,400
1598870254.431871176,1.356831,4.214976,5.572217,400
1598870254.465433121,1.410572,4.213096,5.623998,400
1598870254.503495693,1.525163,3.897803,5.423406,400
1598870254.532765388,1.335451,3.887503,5.223344,400
1598870254.565989494,1.408183,4.214806,5.623459,400
1598870254.599812984,1.273921,4.617370,5.891911,400
1598870254.633166790,1.303651,4.578629,5.882800,400
1598870254.667675495,1.246721,4.576929,5.824150,400
1598870254.701027155,1.395412,4.570359,5.966171,400
1598870254.733706951,1.372042,4.688900,6.061322,400
1598870254.767328262,1.579054,4.643590,6.223024,400
1598870254.809706450,1.412742,4.641170,6.054322,400
1598870254.834714890,1.509493,4.157746,5.667619,400
1598870254.868366241,1.504783,4.180445,5.685608,400
1598870254.902280331,1.631714,4.647040,6.279184,400
1598870254.936265230,1.470513,4.103575,5.574598,400
1598870254.969876528,1.538713,4.106475,5.645658,400
1598870255.002503633,1.378382,4.108275,5.487137,400
1598870255.035598278,1.388282,4.114155,5.503037,400
1598870255.070581436,1.557863,4.660900,6.219223,400
1598870255.103280783,1.479563,4.636669,6.116772,400
1598870255.136520863,1.443193,3.862753,5.306426,400
1598870255.170206070,1.548263,3.848743,5.397516,400
1598870255.206251621,1.399872,3.836483,5.236835,400
1598870255.237292767,1.427493,4.705370,6.133343,400
1598870255.271541119,1.509013,4.244596,5.753999,400
1598870255.304583549,1.468113,3.838823,5.307386,400
1598870255.338265896,1.425562,4.730251,6.156323,400
1598870255.372362852,1.210760,4.256987,5.468307,400
1598870255.406340599,1.407242,3.833452,5.241184,400
1598870255.440312862,1.274571,4.253037,5.528168,400
1598870255.473103046,1.432732,4.226136,5.659328,400
1598870255.507937431,1.536323,4.225206,5.761929,400
1598870255.542177916,1.459393,4.227186,5.687009,400
1598870255.574484825,1.328862,4.233576,5.562968,400
1598870255.607740402,1.391002,4.229086,5.620598,400
1598870255.640585661,1.538783,4.241977,5.781200,400
1598870255.674211740,1.503993,4.251396,5.755889,400
1598870255.709032774,1.757625,4.684370,6.442455,400
1598870255.741323948,1.901567,4.966442,6.868509,400
1598870255.773728848,1.821826,4.461828,6.284034,400
1598870255.809109926,1.797956,4.473658,6.272074,400
1598870255.840457916,2.037368,4.459188,6.496976,400
1598870255.873570919,1.697034,0.062631,1.760215,400
1598870255.907761574,1.726614,0.062621,1.789665,400
1598870255.941114426,1.700845,4.387817,6.089002,400
1598870255.974202633,1.739155,4.383388,6.123013,400
1598870256.006926537,2.042457,4.395948,6.438965,400
1598870256.039537191,1.791406,4.379197,6.171053,400
1598870256.074347019,1.755056,0.062000,1.817456,400
1598870256.106662273,1.712824,4.788381,6.501585,400
1598870256.147208214,1.834385,0.063991,1.898936,400
1598870256.173983335,1.547803,0.058131,1.606284,400
1598870256.207509995,1.498763,0.059021,1.558084,400
1598870256.241852045,1.510943,6.407025,7.918358,400
1598870256.272733688,1.513053,6.692827,8.206270,400
1598870256.309677839,1.418082,7.178402,8.596984,400
1598870256.340147495,1.582133,7.028651,8.611224,400
1598870256.373636007,1.383682,6.886359,8.270471,400
1598870256.408834696,1.595044,0.062610,1.658024,400
1598870256.441472054,1.204441,0.058600,1.263331,400
1598870256.473568916,1.185780,0.057521,1.243571,400
1598870256.506788969,1.199460,0.057820,1.257560,400
1598870256.540794849,1.229651,0.056520,1.286451,400
1598870256.573647738,1.155360,0.056010,1.211610,400
1598870256.606976986,1.236661,9.802364,11.039315,400
1598870256.639769077,1.439953,11.405367,12.845770,400
1598870256.681432724,1.352372,10.531750,11.884582,400
1598870256.705892563,1.383982,9.819944,11.204306,400
1598870256.739980936,1.640654,0.061171,1.702355,400
1598870256.773152113,1.175790,0.060941,1.237011,400
1598870256.807686806,1.208070,0.060101,1.268461,400
1598870256.841123343,1.250991,0.059420,1.310671,400
1598870256.874234200,1.171070,0.058010,1.229450,400
1598870256.908294678,1.209140,0.058811,1.268211,400
1598870256.940976143,1.187390,0.055931,1.243621,400
1598870256.973621368,1.160370,0.055330,1.215950,400
1598870257.006914377,1.314191,0.094671,1.409182,400
1598870257.042343378,1.228951,0.054430,1.283781,400
1598870257.073328733,1.154610,0.053580,1.208540,400
1598870257.107142448,1.200681,0.054240,1.255221,400
1598870257.145429611,1.224810,0.053451,1.278521,400
1598870257.173771620,1.144860,0.051770,1.196920,400
1598870257.207411051,1.212270,0.055621,1.268181,400
1598870257.240587473,1.244160,0.052951,1.297361,400
1598870257.275501728,1.155960,0.053930,1.210170,400
1598870257.308050632,1.210100,0.077781,1.288171,400
1598870257.339060307,1.236121,0.077880,1.314301,400
1598870257.374345541,1.171670,0.078350,1.250330,400
1598870257.408502817,1.222391,0.060180,1.282841,400
1598870257.443682671,1.249781,0.087851,1.338122,400
1598870257.475251913,1.210390,0.060401,1.271151,400
1598870257.510145903,1.229231,0.055410,1.285011,400
1598870257.541012764,1.240471,0.056071,1.296782,400
1598870257.577264071,1.137539,0.058071,1.195940,400
1598870257.609854460,1.212730,0.056171,1.269161,400
1598870257.643279314,1.216230,0.057901,1.274371,400
1598870257.673702002,1.150779,0.059941,1.211180,400
1598870257.706950665,1.204380,0.054711,1.259381,400
1598870257.742200136,1.187990,0.087401,1.275731,400
1598870257.775441408,1.166390,0.092751,1.259411,400
1598870257.808996201,1.214720,0.086841,1.301841,400
1598870257.843077660,1.224790,10.191117,11.416157,400
1598870257.874881268,1.453593,0.079431,1.533494,400
1598870257.908780813,1.213800,0.071921,1.286021,400
1598870257.949467421,1.190990,0.075850,1.267210,400
1598870257.977557659,1.132880,0.071180,1.204350,400
1598870258.009882212,1.232391,0.071171,1.303882,400
1598870258.043361187,1.190590,0.073161,1.264051,400
1598870258.076836348,1.138340,0.078830,1.217420,400
1598870258.110720873,1.197390,0.074711,1.272391,400
1598870258.143728971,1.218441,0.080660,1.299391,400
1598870258.180644035,1.151760,0.081931,1.233991,400
1598870258.210339546,1.204461,0.078110,1.282871,400
1598870258.245442629,1.221220,4.843172,6.064662,400
1598870258.278759480,1.388131,4.594250,5.982751,400
1598870258.311640024,1.353591,4.521989,5.876090,400
1598870258.344839334,1.427952,4.445688,5.874140,400
1598870258.378752470,1.370342,4.434478,5.805300,400
1598870258.411832333,1.341022,4.431897,5.773369,400
1598870258.446001291,1.476633,4.425058,5.902191,400
1598870258.479318619,1.446982,4.424688,5.872160,400
1598870258.511288404,1.432142,0.061331,1.494133,400
1598870258.545054674,1.176171,0.060050,1.236561,400
1598870258.578256369,1.133210,0.057520,1.190990,400
1598870258.610042334,1.194600,0.056901,1.251771,400
1598870258.645416975,1.218401,0.058520,1.277351,400
1598870258.678158283,1.147950,0.055951,1.204171,400
1598870258.711833477,1.240510,0.057641,1.298441,400
1598870258.745320082,1.175490,0.056800,1.232550,400
1598870258.778927565,1.152970,0.056690,1.209920,400
1598870258.812325239,1.188741,0.057840,1.246881,400
1598870258.844889164,1.201830,10.230998,11.433098,400
1598870258.878172636,1.315391,12.063354,13.379185,400
1598870258.911546230,1.383741,12.701799,14.086120,400
1598870258.944547892,1.407362,12.522988,13.930790,400
1598870258.979094505,1.362542,10.980574,12.343586,400
1598870259.011231661,1.610583,11.006305,12.617258,400
1598870259.044738531,1.390762,10.683061,12.074353,400
1598870259.078417540,1.421803,11.847131,13.269394,400
1598870259.111004353,1.499163,11.805321,13.304944,400
1598870259.146076679,1.414512,13.330455,14.745397,400
1598870259.177793264,1.315021,14.775907,16.091468,400
1598870259.211422920,1.599664,14.363173,15.963417,400
1598870259.244815826,1.502443,0.066001,1.568964,400
1598870259.285712481,1.153220,0.063921,1.217471,400
1598870259.311567545,1.205491,5.350625,6.556386,400
1598870259.346292257,1.328261,5.442807,6.771478,400
1598870259.379652023,1.377562,4.953882,6.331894,400
1598870259.411328554,1.608864,4.956372,6.565686,400
1598870259.445760727,1.408843,4.943742,6.353005,400
1598870259.478588820,1.374422,4.429388,5.804310,400
1598870259.511808157,1.426722,4.416098,5.843430,400
1598870259.545895576,1.531104,4.353877,5.885441,400
1598870259.580940723,1.498033,5.341835,6.840238,400
1598870259.612824678,1.570044,5.337255,6.907729,400
1598870259.645348310,1.532473,5.322766,6.855669,400
1598870259.678923130,1.438232,5.327096,6.765768,400
1598870259.684294462,1.374531,4.415638,5.790589,400
1598870259.712781906,1.360462,4.353767,5.714709,400
1598870259.746643305,1.414452,4.355727,5.770619,400
1598870259.780796051,1.504333,4.380188,5.885051,400
1598870259.813053608,1.425332,4.352467,5.778359,400
1598870259.848909616,1.457152,4.358958,5.816540,400
1598870259.881093025,2.391900,4.381638,6.773928,398
1598870259.914634943,2.419270,4.378998,6.798718,398
1598870259.948525190,1.272101,4.285627,5.558168,400
1598870259.982366323,2.303540,4.238596,6.542826,398
1598870260.017185211,1.393673,4.219236,5.613459,400
1598870260.049196005,1.332732,4.282017,5.615169,400
1598870260.081711292,1.526213,4.219336,5.746049,400
1598870260.115587950,1.479532,4.216917,5.696919,400
1598870260.149426699,1.314812,4.304687,5.619959,400
1598870260.182495117,1.475272,4.284217,5.760029,400
1598870260.215213060,2.361020,4.299097,6.660597,398
1598870260.249744892,1.485593,4.274196,5.760249,400
1598870260.281551600,1.605454,4.281447,5.887441,400
1598870260.316737890,2.409191,4.238116,6.647847,398
1598870260.349500895,1.311642,4.284616,5.596688,400
1598870260.382167339,1.452093,4.284036,5.736549,400
1598870260.415766478,1.511823,4.285537,5.797870,400
1598870260.449658632,1.426102,4.289377,5.716049,400
1598870260.482031345,1.469662,0.062361,1.532543,400
1598870260.515214682,1.180510,0.063491,1.244331,400
1598870260.548695087,1.156320,0.056470,1.213070,400
1598870260.582271338,1.185270,0.056770,1.242310,400
1598870260.615337372,1.241591,0.059400,1.301261,400
1598870260.649248838,1.137780,0.058060,1.196180,400
1598870260.682684660,2.033908,0.061430,2.095638,398
1598870260.714950800,1.187420,0.059721,1.247491,400
1598870260.749448061,1.115519,0.058361,1.174180,400
1598870260.781926870,1.198700,0.060911,1.259951,400
1598870260.815228701,1.182820,0.056890,1.239990,400
1598870260.849144697,1.127199,0.056241,1.183700,400
1598870260.882413864,1.174250,0.058481,1.233021,400
1598870260.915432930,1.187970,0.058800,1.247040,400
1598870260.949524641,1.155259,0.057891,1.213380,400
1598870260.982040644,1.198550,0.056180,1.255110,400
1598870261.016834974,1.181480,0.057180,1.238910,400
1598870261.050185204,1.157330,0.056190,1.213750,400
1598870261.082049847,1.176090,0.056841,1.233221,400
1598870261.115451097,1.167660,0.054931,1.222851,400
1598870261.150835276,1.143039,0.054661,1.197970,400
1598870261.182800531,1.168150,0.056140,1.224560,400
1598870261.214799166,1.193571,0.055610,1.249421,400
1598870261.249691725,1.126770,0.054371,1.181381,400
1598870261.282066822,1.163710,0.055701,1.219691,400
1598870261.315210581,1.171580,0.055210,1.227080,400
1598870261.350384951,1.164340,0.055671,1.220281,400
1598870261.382748842,1.178480,0.055761,1.234581,400
1598870261.414963007,1.184710,0.088211,1.273171,400
1598870261.449233055,1.132590,0.087711,1.220591,400
1598870261.482801437,1.187010,0.070861,1.258201,400
1598870261.515944958,1.196911,0.072880,1.270041,400
1598870261.549010515,1.136349,0.071951,1.208690,400
1598870261.582636595,2.002917,0.093081,2.096328,398
1598870261.615516424,2.006577,0.079681,2.086588,398
1598870261.649658918,1.116300,0.080520,1.197160,400
1598870261.682657719,1.188390,0.076101,1.264771,400
1598870261.715486050,1.191580,0.076961,1.268811,400
1598870261.749304295,1.158299,0.077651,1.236260,400
1598870261.782429695,1.167350,0.083721,1.251331,400
1598870261.815277815,1.233031,6.115853,7.349144,400
1598870261.849302769,1.335811,5.035933,6.372184,400
1598870261.881933928,1.400552,5.979651,7.380633,400
1598870261.915989876,2.204528,5.985212,8.190210,394
1598870261.950187206,2.136698,5.985012,8.122100,392
1598870261.981946945,2.313389,5.994012,8.307831,392
1598870262.015296936,2.188419,5.963221,8.152050,398
1598870262.049237728,1.368522,5.964741,7.333663,400
1598870262.083633661,1.502803,5.960701,7.463914,400
1598870262.115410566,1.410472,5.990261,7.401123,400
1598870262.148367167,2.168808,5.994022,8.163380,396
1598870262.182477951,2.215479,6.010061,8.226090,396
1598870262.215782881,2.186189,5.986461,8.173050,396
1598870262.249378681,2.247139,5.969681,8.217240,396
1598870262.283247471,2.231289,5.980052,8.211791,398
1598870262.315771341,2.181899,5.518478,7.700817,396
1598870262.349427700,2.109008,5.517007,7.626555,398
1598870262.382821798,1.435433,5.504947,6.940810,400
1598870262.416030645,1.413932,5.513607,6.928019,400
1598870262.449494362,1.417252,5.002943,6.420765,400
1598870262.483110428,1.485493,4.936282,6.422255,400
1598870262.516434669,1.485483,4.936692,6.422635,400
1598870262.550031662,2.406740,4.146566,6.553756,398
1598870262.583451509,1.434192,4.147266,5.581938,400
1598870262.615748644,1.491862,4.149146,5.641438,400
1598870262.649849653,1.402282,3.844713,5.247455,400
1598870262.682376862,1.365591,3.836473,5.202514,400
1598870262.715875149,2.198229,3.759562,5.958211,398
1598870262.750053167,2.136318,3.789023,5.925781,394
1598870262.782326937,2.056178,3.837173,5.893841,394
1598870262.815447807,2.078308,3.843143,5.921821,396
1598870262.849417448,2.376660,3.859813,6.236913,396
1598870262.882114410,1.407012,4.232987,5.640479,400
1598870262.915560722,1.629694,4.210176,5.840340,400
1598870262.949816704,1.525513,4.220486,5.746529,400
1598870262.983413696,1.366662,4.227406,5.594498,400
1598870263.016060352,1.459973,4.222836,5.683229,400
1598870263.049447060,2.157628,4.256167,6.414245,398
1598870263.083013535,1.465023,3.976924,5.442337,400
1598870263.118146420,1.472042,3.995724,5.468326,400
1598870263.151800871,1.599634,3.975264,5.575428,400
1598870263.185078621,2.168309,3.466409,5.635168,398
1598870263.220638752,1.464883,3.413079,4.878442,400
1598870263.253430605,1.485753,3.350088,4.836321,400
1598870263.286214113,2.907465,3.460380,6.368285,398
1598870263.320182800,1.338382,3.433659,4.776921,400
1598870263.353867054,1.424522,3.370729,4.795671,400
1598870263.386821985,1.423902,3.142547,4.566879,400
1598870263.419958353,1.536003,3.107217,4.643640,400
1598870263.454438925,1.580593,3.108827,4.689810,400
1598870263.485395193,1.396712,3.100006,4.497168,400
1598870263.519306660,1.519723,3.120517,4.640670,400
1598870263.551798105,1.520763,3.103406,4.624639,400
1598870263.586622000,1.474833,3.115636,4.590899,400
1598870263.620643377,1.349492,3.125237,4.475189,400
1598870263.653889894,1.501453,3.168048,4.669881,400
1598870263.687204361,1.815116,3.180897,4.996453,400
1598870263.718969584,1.759335,3.237338,4.997073,400
1598870263.753430128,1.492993,3.290538,4.784051,400
1598870263.787108183,1.542623,3.294399,4.837482,400
1598870263.819799423,1.509173,3.314978,4.824601,400
1598870263.860351801,4.024015,3.374579,7.399004,396
1598870263.888425350,3.503130,3.341348,6.844918,398
1598870263.921283484,3.584120,3.343459,6.928069,398
1598870263.953183889,1.467293,3.317068,4.784951,400
1598870263.987658024,4.242747,3.370989,7.614216,396
1598870264.020776272,3.634922,3.414419,7.049811,398
1598870264.052948713,1.581223,3.399129,4.980782,400
1598870264.088656187,3.566221,3.432879,6.999500,398
1598870264.121024132,2.296850,3.409089,5.706389,398
1598870264.154329777,1.533163,3.404239,4.937822,400
1598870264.187860012,1.608344,3.237268,4.846002,400
1598870264.220223427,1.503452,3.250488,4.754400,400
1598870264.253761292,1.254361,3.337499,4.592260,400
1598870264.287527323,1.404512,3.389330,4.794272,400
1598870264.320380211,1.396042,3.419400,4.815842,400
1598870264.353450775,1.450902,3.556581,5.007933,400
1598870264.388299942,1.458553,3.526670,4.985713,400
1598870264.421100378,3.446350,3.584410,7.031210,398
1598870264.454277992,1.377852,3.578521,4.956883,400
1598870264.487966776,1.463253,3.611331,5.075044,400
1598870264.520751476,3.706441,3.823763,7.530884,398
1598870264.553626537,1.440593,3.829252,5.270365,400
1598870264.586642504,1.556384,3.874643,5.431477,400
1598870264.620607615,3.449579,3.895174,7.345163,398
1598870264.654983044,1.546593,3.830983,5.378036,400
1598870264.686811924,1.372991,3.752413,5.125844,400
1598870264.720801592,3.310328,3.767363,7.078191,398
1598870264.753780127,1.591073,3.732972,5.324575,400
1598870264.788305759,3.495410,3.885544,7.381344,398
1598870264.820710421,3.515070,3.895263,7.410803,398
1598870264.852674246,1.527163,3.839073,5.366606,400
1598870264.886928320,1.345012,3.836032,5.181464,400
1598870264.920241594,3.689232,3.836973,7.526595,398
1598870264.954130650,1.397032,3.835552,5.233024,400
1598870264.987724781,1.575724,3.698112,5.274276,400
1598870265.020282269,1.465333,3.628801,5.094594,400
1598870265.052868366,1.381952,3.612751,4.995133,400
1598870265.086476088,3.391279,3.685261,7.076970,398
1598870265.120077610,3.631041,3.705872,7.337413,398
1598870265.153497696,1.512293,3.660901,5.173614,400
1598870265.187637091,3.478840,3.933374,7.412664,398
1598870265.220679998,3.660451,3.964094,7.624955,398
1598870265.254939318,1.421532,3.863203,5.285195,400
1598870265.287050486,3.527330,3.832143,7.359973,398
1598870265.320329189,1.419312,3.799683,5.219455,400
1598870265.354470730,1.560483,3.789253,5.350236,400
1598870265.386471987,3.481610,3.784282,7.266292,398
1598870265.420674324,1.456462,3.776283,5.233245,400
1598870265.453453779,1.468683,4.096065,5.565418,400
1598870265.487351179,3.689901,4.126806,7.817197,396
1598870265.520615816,3.630111,4.132375,7.762996,396
1598870265.553539753,1.288301,4.147256,5.436127,400
1598870265.587771416,3.492350,4.195156,7.688166,398
1598870265.621903658,1.563874,4.549199,6.113613,400
1598870265.654967546,1.463273,4.604099,6.067812,400
1598870265.687581539,1.363942,4.590169,5.954521,400
1598870265.720578671,1.425362,4.509999,5.935921,400
1598870265.753840923,1.344862,4.545069,5.890381,400
1598870265.787733555,1.625664,4.550599,6.176683,400
1598870265.820820808,1.841626,4.550589,6.392775,400
1598870265.854778528,1.995158,4.674780,6.670518,400
1598870265.887103796,1.950007,4.816841,6.768948,400
1598870265.920413733,1.945566,4.779491,6.726187,400
1598870265.953291416,1.934976,4.381978,6.317654,400
1598870265.986885548,1.871906,5.753670,7.626156,400
1598870266.020534039,1.911217,5.109413,7.021300,400
1598870266.054439306,1.846346,5.235515,7.082331,400
1598870266.087812185,2.020868,5.159474,7.180952,400
1598870266.120699644,1.999047,5.705859,7.705416,400
1598870266.153871298,1.989227,5.633889,7.623746,400
1598870266.187773705,1.849595,5.692529,7.542624,400
1598870266.221014261,1.893657,6.174682,8.069029,400
1598870266.255162239,1.821565,5.500258,7.322313,400
1598870266.287272692,1.939427,5.465347,7.405234,400
1598870266.320885181,1.959617,5.004022,6.964219,400
1598870266.355703831,2.002767,5.079183,7.082500,400
1598870266.387285233,2.002828,5.010073,7.013521,400
1598870266.420325279,1.976947,5.062833,7.040280,400
1598870266.454568386,1.835856,5.170894,7.007290,400
1598870266.487298727,1.486123,4.720630,6.207783,400
1598870266.521227360,1.411403,4.777611,6.190014,400
1598870266.555426121,1.454882,4.977913,6.433325,400
1598870266.587239742,1.470532,5.426267,6.897649,400
1598870266.620654821,1.785016,5.626048,7.411784,400
1598870266.655044079,1.428122,5.785030,7.214062,400
1598870266.687718153,1.739865,5.843730,7.584255,400
1598870266.721133232,1.453562,6.036172,7.490294,400
1598870266.754129410,1.343212,5.883630,7.227912,400
1598870266.788837194,1.319052,6.485295,7.804847,400
1598870266.821099281,1.259081,6.472125,7.731796,400
1598870266.861493111,1.279361,6.458666,7.738537,400
1598870266.888677835,1.336301,6.450285,7.787076,400
1598870266.920834780,1.481493,6.442565,7.924708,400
1598870266.953758478,1.317202,6.452265,7.770157,400
1598870266.988525391,1.466553,6.469625,7.936658,400
1598870267.020577192,1.461992,5.899951,7.362383,400
1598870267.054065228,1.413882,5.919211,7.333603,400
1598870267.087427616,1.448432,5.847100,7.296012,400
1598870267.120643616,1.431502,5.902861,7.334803,400
1598870267.153905153,1.458782,4.860402,6.319724,400
1598870267.188521385,1.427642,4.890282,6.318364,400
1598870267.221068144,1.556993,4.854132,6.411565,400
1598870267.257082462,1.432222,5.908211,7.340833,400
1598870267.286786079,1.618874,6.386454,8.005829,400
1598870267.321821451,1.559633,6.320325,7.880388,400
1598870267.354156971,1.545383,7.602635,9.148498,400
1598870267.388406515,1.486243,7.620905,9.107638,400
1598870267.421692610,1.468683,6.319904,7.788967,400
1598870267.464075089,1.446522,5.791260,7.238222,400
1598870267.490288496,1.392633,5.261625,6.654698,400
1598870267.522075891,1.446853,4.399058,5.846381,400
1598870267.554841280,1.433883,4.398017,5.832410,400
1598870267.588708639,1.484023,4.378017,5.862520,400
1598870267.621543646,1.526713,4.370838,5.898031,400
1598870267.653639555,1.438292,4.374658,5.813450,400
1598870267.686440706,1.426232,4.369357,5.796100,400
1598870267.720023870,1.496862,4.312127,5.809589,400
1598870267.753546953,1.449443,4.288376,5.738269,400
1598870267.787676573,1.402072,3.866433,5.268975,400
1598870267.821153641,1.518204,3.863452,5.382146,400
1598870267.854129314,1.328732,3.807802,5.136994,400
1598870267.888243198,1.462763,3.801372,5.264695,400
1598870267.921876907,1.393332,3.801723,5.195475,400
1598870267.955480814,1.233501,3.806222,5.040163,400
1598870267.988382816,1.255791,3.356259,4.612440,400
1598870268.021576166,1.393652,3.378799,4.772961,400
1598870268.055454731,1.366542,3.377419,4.744551,400
1598870268.087625265,1.462852,3.348019,4.811361,400
1598870268.120878220,1.548614,3.360589,4.909703,400
1598870268.154642582,1.417453,3.359948,4.777821,400
1598870268.187705040,1.519493,2.805404,4.325407,400
1598870268.220914125,1.415292,2.731513,4.147255,400
1598870268.254163742,1.237161,2.737463,3.975064,400
1598870268.288885593,1.619754,2.731534,4.351708,400
1598870268.320918798,1.494423,2.728654,4.223497,400
1598870268.355355740,1.373941,2.729084,4.103525,400
1598870268.387005329,1.388061,2.729934,4.118515,400
1598870268.422375202,1.505473,2.732823,4.238766,400
1598870268.453710079,1.363122,2.727973,4.091555,400
1598870268.488440990,1.420832,2.727733,4.149025,400
1598870268.521726847,1.538593,2.737084,4.276647,400
1598870268.554537296,1.433712,2.769464,4.203656,400
1598870268.588732243,1.614304,2.707333,4.322487,400
1598870268.621086359,1.632434,2.918965,4.552009,400
1598870268.654600859,1.345041,2.715383,4.060894,400
1598870268.687927485,1.445403,2.475661,3.921524,400
1598870268.721076727,1.578813,2.717434,4.298157,400
1598870268.762862682,1.394742,2.512982,3.908224,400
1598870268.788055182,1.464322,2.681573,4.146315,400
1598870268.821300030,1.401892,3.297719,4.700251,400
1598870268.857287169,1.237221,3.237088,4.474979,400
1598870268.895242214,1.223480,3.232858,4.456898,400
1598870268.922037840,1.292871,3.193098,4.486449,400
1598870268.955385685,1.436863,3.157116,4.594489,400
1598870268.988418818,1.436563,3.144796,4.581829,400
1598870269.021996498,1.391312,3.209697,4.601469,400
1598870269.054261684,1.398762,2.965045,4.364247,400
1598870269.088319063,1.365062,2.946655,4.312197,400
1598870269.121189356,1.501653,2.942435,4.444598,400
1598870269.154324532,1.369052,2.951705,4.321207,400
1598870269.188222885,1.536763,2.940985,4.478258,400
1598870269.221576214,1.380032,2.878745,4.259227,400
1598870269.256050587,1.501102,2.881115,4.382687,400
1598870269.288020134,1.383991,2.876335,4.260976,400
1598870269.322203875,1.440962,2.898455,4.339857,400
1598870269.354247808,1.407752,2.866284,4.274616,400
1598870269.387757063,1.367192,2.581602,3.949214,400
1598870269.423036337,1.387352,2.604752,3.992504,400
1598870269.454470396,1.387542,2.882835,4.270817,400
1598870269.487706661,1.477693,2.420651,3.898724,400
1598870269.521359921,1.472272,2.425541,3.898213,400
1598870269.554903030,1.415812,2.226249,3.642431,400
1598870269.588065147,1.526793,0.060900,1.588083,400
1598870269.621445417,1.198491,0.060010,1.258791,400
1598870269.655373812,1.174850,0.061481,1.236621,400
1598870269.687349796,1.193720,0.060120,1.254100,400
1598870269.721457720,1.182670,0.060271,1.243211,400
1598870269.760296106,1.138950,0.061000,1.200300,400
1598870269.789539099,1.189530,0.059681,1.249491,400
1598870269.821799994,1.208980,0.060930,1.270190,400
1598870269.855146885,1.133209,4.195656,5.329175,400
1598870269.887667656,1.416113,4.681000,6.097623,400
1598870269.920592546,1.357231,4.998163,6.355844,400
1598870269.960824013,1.514133,0.063390,1.577933,400
1598870269.988064528,1.190890,0.061171,1.252341,400
1598870270.021148205,1.185311,0.060320,1.246011,400
1598870270.054197788,1.142140,0.061200,1.203620,400
1598870270.090129614,1.198280,0.073131,1.271671,400
1598870270.120930672,1.184330,0.058711,1.243321,400
1598870270.154281139,1.139520,0.058611,1.198401,400
1598870270.190236568,1.183191,0.057190,1.240641,400
1598870270.221700907,1.176290,0.056060,1.232600,400
1598870270.255530119,1.133880,0.056961,1.191111,400
1598870270.288845539,1.198441,0.055350,1.254051,400
1598870270.321995258,1.174200,0.054510,1.229000,400
1598870270.356228352,1.135010,0.055860,1.191120,400
1598870270.388620853,1.198211,0.054410,1.252861,400
1598870270.422202826,1.224821,0.053940,1.279041,400
1598870270.455285788,1.167270,0.055251,1.222781,400
1598870270.488965988,1.185580,0.054130,1.239990,400
1598870270.522784948,1.206621,0.054110,1.260991,400
1598870270.556494713,1.182830,0.055970,1.239160,400
1598870270.588974476,1.228010,0.054221,1.282511,400
1598870270.620971680,1.201060,0.054471,1.255791,400
1598870270.655539513,1.147849,0.057331,1.205480,400
1598870270.688996077,1.206260,0.053970,1.260530,400
1598870270.724245310,1.209311,0.055600,1.265181,400
1598870270.757434368,1.164301,0.055820,1.220631,400
1598870270.789307833,1.202290,0.054311,1.256881,400
1598870270.822528601,1.220240,0.056431,1.277051,400
1598870270.855371237,1.172490,0.055030,1.227800,400
1598870270.888657808,1.210141,0.054630,1.265081,400
1598870270.921638489,1.216020,0.054291,1.270571,400
1598870270.954961777,1.146269,0.055621,1.202180,400
1598870270.988248825,1.223910,0.054141,1.278311,400
1598870271.022292376,1.185340,0.054140,1.239770,400
1598870271.055101395,1.168950,0.055671,1.224861,400
1598870271.089277267,1.217221,0.054250,1.271761,400
1598870271.122081518,1.194921,0.056660,1.251831,400
1598870271.154322386,1.194920,0.056180,1.251390,400
1598870271.189569473,1.218361,0.054250,1.272941,400
1598870271.222035885,1.207610,0.053981,1.261851,400
1598870271.255455017,1.142310,0.055330,1.197900,400
1598870271.289762259,1.205260,0.054371,1.259901,400
1598870271.322024345,1.202701,0.056560,1.259511,400
1598870271.353850365,1.163590,0.055710,1.219580,400
1598870271.388486862,1.216151,0.054560,1.271011,400
1598870271.421289444,1.218350,0.054951,1.273591,400
1598870271.455133915,1.158379,0.054011,1.212670,400
1598870271.489500999,1.189160,0.053911,1.243341,400
1598870271.522252083,1.173720,0.055710,1.229770,400
1598870271.556567907,1.184820,0.054270,1.239330,400
1598870271.589373589,1.187560,0.053761,1.241571,400
1598870271.621632099,1.175921,0.053600,1.229761,400
1598870271.655414820,1.134380,0.055670,1.190330,400
1598870271.691372156,1.151930,0.053800,1.205980,400
1598870271.722838402,1.184700,0.054101,1.239061,400
1598870271.755457640,1.141480,0.058911,1.200631,400
1598870271.789061308,1.158100,0.054981,1.213371,400
1598870271.822184563,1.138700,0.053801,1.192761,400
1598870271.854390860,1.136450,0.054991,1.191691,400
1598870271.888784170,1.130490,0.054121,1.184851,400
1598870271.921545267,1.131499,0.054111,1.185870,400
1598870271.956482649,1.129410,0.057531,1.187211,400
1598870271.989571810,1.120620,0.054461,1.175331,400
1598870272.024050951,1.152860,0.055421,1.208531,400
1598870272.055945158,1.144219,0.054971,1.199450,400
1598870272.089348316,1.124689,0.054011,1.178970,400
1598870272.123715639,1.128730,0.054781,1.183781,400
1598870272.156658649,1.143229,0.054041,1.197540,400
1598870272.190157890,1.149439,0.054221,1.203950,400
1598870272.224331141,1.158850,0.055320,1.214430,400
1598870272.257897854,1.186600,0.054651,1.241521,400
1598870272.291912079,1.165710,0.056561,1.222631,400
1598870272.324353695,1.179791,0.055060,1.235111,400
1598870272.357655525,1.176070,0.062020,1.238390,400
1598870272.392362118,1.159640,0.055251,1.215171,400
1598870272.424972534,1.192920,0.054540,1.247750,400
1598870272.459047318,1.171200,0.055920,1.227390,400
1598870272.492459059,1.184421,0.054960,1.239621,400
1598870272.526259661,1.165830,0.053771,1.219851,400
1598870272.560506821,1.163610,0.055640,1.219500,400
1598870272.593459845,1.169390,0.063680,1.233320,400
1598870272.625314236,1.151790,0.054361,1.206391,400
1598870272.659454584,1.168470,0.059110,1.227830,400
1598870272.692909002,1.158210,0.054051,1.212531,400
1598870272.726091385,1.233170,0.054511,1.287931,400
1598870272.761254072,1.200900,0.059251,1.260441,400
1598870272.793038130,1.182000,0.058630,1.240870,400
1598870272.827961206,1.199120,0.054130,1.253500,400
1598870272.859704494,1.184250,0.058571,1.243051,400
1598870272.893431664,1.178351,0.057390,1.236041,400
1598870272.927000523,1.202461,0.055520,1.258211,400
1598870272.959791422,1.179770,0.054831,1.234871,400
1598870272.998901606,1.185451,0.056170,1.241951,400
1598870273.025075912,1.166040,0.054340,1.220660,400
1598870273.058617830,1.166710,0.054610,1.221650,400
1598870273.092261791,1.154160,0.055350,1.209730,400
1598870273.126630783,1.155390,0.053821,1.209481,400
1598870273.158624887,1.180170,0.054490,1.234890,400
1598870273.193112612,1.177880,0.055351,1.233481,400
1598870273.226768494,1.157909,0.055721,1.213900,400
1598870273.259099483,1.145930,0.054531,1.200691,400
1598870273.292856455,1.174820,0.054240,1.229290,400
1598870273.326257944,1.160170,0.054670,1.215090,400
1598870273.360295296,1.150060,0.055840,1.206140,400
1598870273.393153667,1.154520,0.054571,1.209351,400
1598870273.426706314,1.172190,0.055170,1.227640,400
1598870273.459597349,1.146619,0.055601,1.202530,400
1598870273.492785215,1.175310,0.054910,1.230470,400
1598870273.526289940,1.181570,0.054471,1.236301,400
1598870273.563019514,1.152179,0.055261,1.207700,400
1598870273.593150139,1.153280,0.054740,1.208280,400
1598870273.626194477,1.160860,0.054311,1.215431,400
1598870273.660004139,1.192241,0.055710,1.248311,400
1598870273.691952467,1.165790,0.055240,1.221310,400
1598870273.726275206,1.158140,0.054731,1.213131,400
1598870273.759959221,1.181961,0.055780,1.238021,400
1598870273.792681694,1.164900,0.054970,1.220160,400
1598870273.827209711,1.181650,0.054170,1.236100,400
1598870273.859505415,1.170550,0.055591,1.226391,400
1598870273.892630577,1.200731,0.054840,1.255831,400
1598870273.936509848,1.164750,0.055361,1.220381,400
1598870273.959064722,1.179850,0.054481,1.234601,400
1598870273.993235350,1.185020,0.056090,1.241360,400
1598870274.025685072,1.156060,0.065591,1.221931,400
1598870274.061244488,1.153289,0.055721,1.209240,400
1598870274.094204664,1.148569,0.059061,1.207910,400
1598870274.127575159,1.167310,0.055690,1.223270,400
1598870274.162697554,1.159520,0.054181,1.214001,400
1598870274.195106030,1.153000,0.054170,1.207440,400
1598870274.227731466,1.160510,0.057870,1.218770,400
1598870274.262055635,1.161930,0.054731,1.216911,400
1598870274.296232224,1.161000,0.054291,1.215581,400
1598870274.329862833,1.183190,0.056290,1.239730,400
1598870274.363016129,1.193190,0.054511,1.247971,400
1598870274.401119709,1.158170,0.057240,1.215690,400
1598870274.429472208,1.170560,0.056470,1.227280,400
1598870274.463603735,1.184360,0.055940,1.240610,400
1598870274.497437000,1.174400,0.056161,1.230811,400
1598870274.530973434,1.189960,0.057631,1.247861,400
1598870274.563958168,1.167370,0.057021,1.224651,400
1598870274.598128557,1.142169,0.054511,1.196910,400
1598870274.632351875,1.202040,0.057831,1.260301,400
1598870274.665074587,1.157030,0.055081,1.212371,400
1598870274.700197935,1.150760,0.055951,1.206961,400
1598870274.733023882,1.170900,0.054891,1.226041,400
1598870274.765551090,1.163130,0.054660,1.218060,400
1598870274.799501896,1.133410,0.056270,1.189940,400
1598870274.833496094,1.180830,0.056511,1.237621,400
1598870274.866419077,1.180931,0.054670,1.235831,400
1598870274.900814056,1.104989,0.056141,1.161390,400
1598870274.934843063,1.175010,0.057560,1.232850,400
1598870274.967538595,1.194270,0.055771,1.250311,400
1598870275.000607967,1.110060,0.054371,1.164711,400
1598870275.035897255,1.177680,0.055091,1.233031,400
1598870275.069503546,1.163070,0.054970,1.218310,400
1598870275.101211071,1.090410,0.055580,1.146280,400
1598870275.136803389,1.222531,0.054320,1.277091,400
1598870275.168895245,1.172940,0.054681,1.227861,400
1598870275.204796314,1.105640,0.056520,1.162430,400
1598870275.235446453,1.192050,0.055991,1.248301,400
1598870275.269798756,1.191450,0.097881,1.289581,400
1598870275.302042246,1.132359,0.072991,1.205620,400
1598870275.336407900,1.208611,0.079890,1.289041,400
1598870275.371507406,1.184170,0.072151,1.256641,400
1598870275.404197216,1.112209,0.072541,1.185070,400
1598870275.437918901,1.198091,0.073620,1.272171,400
1598870275.471821547,1.195381,0.079310,1.275011,400
1598870275.506280184,1.125780,0.074701,1.200761,400
1598870275.538633347,1.196851,0.080740,1.277891,400
1598870275.572578192,1.200700,0.086001,1.287101,400
1598870275.604244471,1.144780,0.077470,1.222580,400
1598870275.637988091,1.193461,0.078590,1.272321,400
1598870275.672510147,1.201520,3.094117,4.295967,400
1598870275.707340717,1.360191,3.580541,4.941202,400
1598870275.740197182,1.333181,3.153317,4.486968,400
1598870275.773318529,1.452853,3.147476,4.600919,400
1598870275.806999445,1.258021,3.134927,4.393428,400
1598870275.840052366,1.459453,3.150256,4.610249,400
1598870275.874402761,1.304972,3.133156,4.438538,400
1598870275.907122374,1.370312,3.141207,4.511999,400
1598870275.940618038,1.490163,3.147667,4.638260,400
1598870275.974490404,1.266371,3.147897,4.414718,400
1598870276.008544922,1.346901,3.154137,4.501488,400
1598870276.041407824,1.461913,3.150037,4.612440,400
1598870276.075186729,1.400072,3.130587,4.531179,400
1598870276.108870506,1.302401,3.146917,4.450028,400
1598870276.142386675,1.574433,3.148387,4.723280,400
1598870276.176844358,1.430672,3.158687,4.589749,400
1598870276.182522058,1.250811,0.060240,1.311611,400
1598870276.208862305,1.982187,0.062381,2.044918,398
1598870276.242950678,2.011907,0.065531,2.077788,398
1598870276.276255369,1.134060,0.058400,1.192720,400
1598870276.310534716,1.990207,0.061391,2.051878,398
1598870276.343942165,2.021777,0.063941,2.086028,398
1598870276.377082109,1.132380,0.060290,1.193000,400
1598870276.411588669,1.223000,0.058341,1.281691,400
1598870276.443731785,2.020348,0.061650,2.082248,398
1598870276.477448940,1.125780,0.063410,1.189460,400
1598870276.512339354,1.202051,0.061210,1.263541,400
1598870276.545130014,2.016317,8.915007,10.931604,398
1598870276.578915596,1.417292,10.300888,11.718690,400
1598870276.612376213,1.545093,10.300248,11.845821,400
1598870276.646315813,2.325570,10.366109,12.692339,398
1598870276.678563118,1.543164,10.370568,11.914222,400
1598870276.712227106,2.376801,7.833047,10.210318,398
1598870276.745733261,1.509363,7.823247,9.333050,400
1598870276.781447172,1.369422,6.840259,8.210111,400
1598870276.813797474,1.550263,6.759548,8.310311,400
1598870276.847403765,1.493603,0.062290,1.556363,400
1598870276.882027864,1.126070,0.059290,1.185680,400
1598870276.914777040,1.166430,0.059561,1.226261,400
1598870276.948376417,1.185591,0.060990,1.246841,400
1598870276.982058764,1.132130,0.057710,1.190140,400
1598870277.014812469,1.178850,0.055531,1.234671,400
1598870277.051290035,1.181110,0.060001,1.241361,400
1598870277.083925962,1.131230,0.055310,1.186800,400
1598870277.115542412,1.232071,0.056460,1.288791,400
1598870277.149522781,1.205650,0.057651,1.263621,400
1598870277.183603048,1.180741,0.054560,1.235551,400
1598870277.217131376,1.167800,0.055581,1.223631,400
1598870277.250994682,1.199691,0.056860,1.256801,400
1598870277.284640551,1.126569,0.053981,1.180800,400
1598870277.325874090,1.195940,0.058431,1.254631,400
1598870277.351871490,1.184231,0.057710,1.242231,400
1598870277.384594202,1.120050,0.055360,1.175670,400
1598870277.419139147,1.190371,0.055280,1.245891,400
1598870277.452627897,1.194631,0.055590,1.250491,400
1598870277.486561060,1.129120,0.055300,1.184700,400
1598870277.520346403,1.980167,0.059240,2.039627,398
1598870277.552699089,2.030928,0.096041,2.127239,396
1598870277.585834503,1.952467,0.078511,2.031278,396
1598870277.618988991,1.971657,0.072750,2.044707,398
1598870277.652387857,2.020207,0.073550,2.094207,398
1598870277.692741394,1.172100,0.077891,1.250301,400
1598870277.720949888,2.029877,0.077671,2.107908,398
1598870277.753685713,1.996987,0.075821,2.073148,398
1598870277.788222075,1.915817,0.084981,2.001078,396
1598870277.822351694,1.940897,0.079171,2.020478,396
1598870277.854809523,1.999217,0.080920,2.080397,396
1598870277.897688627,1.963167,0.092620,2.056187,396
1598870277.921940804,1.985307,0.076761,2.062348,396
1598870277.955217838,1.996248,2.983895,4.980403,396
1598870277.991724014,2.180819,3.728692,5.909971,398
1598870278.023751736,2.150818,3.690802,5.842080,396
1598870278.056733131,2.198509,3.331419,5.530378,396
1598870278.090157747,1.478833,3.311108,4.790731,400
1598870278.123830080,2.279979,3.711452,5.991911,398
1598870278.157078266,2.328910,0.063171,2.392501,398
1598870278.190151930,1.895226,4.020984,5.916490,398
1598870278.225418091,1.380292,4.014494,5.395226,400
1598870278.258474350,2.262600,4.027124,6.290244,398
1598870278.292508364,2.065628,4.027304,6.093472,398
1598870278.325196266,2.076808,4.086115,6.163453,398
1598870278.359297037,1.411182,4.087995,5.499597,400
1598870278.393725157,1.277281,4.088655,5.366326,400
1598870278.426528454,1.575853,4.082625,5.658978,400
1598870278.460376263,1.617524,4.081705,5.699799,400
1598870278.494289637,1.273151,4.067335,5.340886,400
1598870278.527379990,1.504593,4.003214,5.508207,400
1598870278.561226368,1.300961,3.998794,5.300215,400
1598870278.602326870,2.218379,3.664951,5.883770,398
1598870278.628406763,2.167829,3.642351,5.810590,398
1598870278.660870552,2.268570,3.634331,5.903371,398
1598870278.697115660,2.228250,4.031044,6.259934,398
1598870278.728234768,2.158219,0.062930,2.221639,398
1598870278.760627270,1.247421,0.058970,1.306711,400
1598870278.795881748,1.185090,0.059841,1.245241,400
1598870278.829056025,1.213581,0.057910,1.271781,400
1598870278.862221718,1.233091,0.056230,1.289591,400
1598870278.896662474,1.182450,0.056831,1.239551,400
1598870278.930306196,1.215461,0.057710,1.273441,400
1598870278.962867498,1.232441,0.057070,1.289801,400
1598870278.997167587,1.178450,0.058281,1.237021,400
1598870279.030812025,1.215981,0.055520,1.271791,400
1598870279.064551592,1.235131,0.055630,1.291051,400
1598870279.098163605,1.197900,0.057640,1.255860,400
1598870279.131340981,1.191190,0.056171,1.247651,400
1598870279.164529085,2.602052,0.060401,2.662743,398
1598870279.198674679,1.211411,0.059490,1.271261,400
1598870279.232299566,3.870833,0.059400,3.930633,398
1598870279.266021252,1.523303,0.059271,1.582844,400
1598870279.298969984,1.195831,0.057400,1.253711,400
1598870279.332937479,1.256801,0.056110,1.313171,400
1598870279.366894960,1.263891,0.094661,1.358822,400
1598870279.401280403,1.220880,0.094951,1.316131,400
1598870279.434432030,3.872264,0.087970,3.960484,398
1598870279.467708588,1.416492,0.075921,1.492773,400
1598870279.499948502,1.220900,0.075331,1.296591,400
1598870279.536510944,1.233370,0.073741,1.307431,400
1598870279.568347931,1.252910,0.081621,1.334791,400
1598870279.602054834,1.228071,0.075320,1.303671,400
1598870279.637202501,3.856453,0.086451,3.943254,398
1598870279.672584534,1.303271,0.081481,1.385092,400
1598870279.703183413,1.194781,0.084480,1.279541,400
1598870279.737023830,1.206090,0.094961,1.301311,400
1598870279.776447058,1.227271,3.726512,4.954103,400
1598870279.806633949,1.471053,3.458310,4.929803,400
1598870279.839942932,1.447572,3.682432,5.130444,400
1598870279.874789715,1.414832,3.716452,5.131704,400
1598870279.904705524,1.297501,3.723662,5.021653,400
1598870279.937041998,1.508573,3.729282,5.238295,400
1598870279.970774412,1.551524,3.715211,5.267155,400
1598870280.004417419,1.343292,3.721561,5.065373,400
1598870280.038077354,1.530934,3.797792,5.331236,400
1598870280.070640087,1.551773,3.803823,5.356106,400
1598870280.104288101,1.400942,3.858643,5.259975,400
1598870280.138457298,1.576583,3.633721,5.210764,400
1598870280.171347618,1.517803,0.066601,1.584824,400
1598870280.204719305,1.203430,0.058770,1.262490,400
1598870280.237053633,1.220821,4.336097,5.557208,400
1598870280.270476580,1.590033,4.514969,6.105402,400
1598870280.304671764,1.524213,4.661370,6.186143,400
1598870280.339008570,1.443973,4.681770,6.126193,400
1598870280.371126175,1.548743,4.669690,6.218923,400
1598870280.404480934,1.523993,4.671350,6.195823,400
1598870280.437741518,1.460693,4.686880,6.148073,400
1598870280.470789194,1.355472,4.668710,6.024622,400
1598870280.505793810,1.556763,4.487389,6.044552,400
1598870280.538717508,1.548364,4.403987,5.952801,400
1598870280.570469856,1.539993,4.466468,6.006891,400
1598870280.604373217,1.522063,4.361047,5.883550,400
1598870280.639464140,1.543323,3.686492,5.230215,400
1598870280.672195435,3.427989,3.745283,7.173642,398
1598870280.706566811,1.462103,3.640491,5.103104,400
1598870280.739572287,1.435143,3.569140,5.004763,400
1598870280.773745775,1.539113,3.410120,4.949763,400
1598870280.806895494,1.514703,3.407660,4.922843,400
1598870280.840545416,1.540574,3.627011,5.168035,400
1598870280.874129534,1.486852,3.637602,5.124884,400
1598870280.906867266,1.383272,3.566951,4.950723,400
1598870280.941693783,1.313051,3.812363,5.126004,400
1598870280.974510431,1.574074,3.423349,4.997853,400
1598870281.008725405,3.543971,0.063600,3.608041,398
1598870281.043245316,1.400612,0.060340,1.461392,400
1598870281.048687696,1.236420,0.058321,1.295081,400
1598870281.075536728,1.179960,0.057350,1.237600,400
1598870281.109477043,1.181350,0.057781,1.239421,400
1598870281.144950628,1.255080,0.059471,1.314831,400
1598870281.177961349,1.186710,0.057340,1.244340,400
1598870281.212559223,1.231881,0.057300,1.289471,400
1598870281.247161388,1.273131,0.064811,1.338212,400
1598870281.280091286,1.195621,0.056900,1.253091,400
1598870281.315066814,1.200321,0.057820,1.258451,400
1598870281.349539995,1.253721,6.194953,7.448934,400
1598870281.382982731,1.448352,6.359385,7.808167,400
1598870281.417231798,1.534564,10.214867,11.749921,400
1598870281.450690746,1.582564,11.750410,13.333524,400
1598870281.484052658,1.383552,12.638908,14.023060,400
1598870281.519742012,1.395993,12.288575,13.685158,400
1598870281.552947283,1.481552,12.247926,13.729908,400
1598870281.588101387,1.481533,12.333706,13.815729,400
1598870281.621709585,1.345511,11.758601,13.104812,400
1598870281.655238867,1.499323,9.380740,10.880613,400
1598870281.689451218,1.425572,7.139322,8.565394,400
1598870281.722893953,1.576094,13.128933,14.705577,400
1598870281.757844925,1.470943,4.181636,5.653159,400
1598870281.791882992,1.228971,3.752662,4.982103,400
1598870281.825709581,1.324692,3.753372,5.078464,400
1598870281.860280991,1.380182,3.752162,5.132874,400
1598870281.893921137,1.474583,3.752762,5.227815,400
1598870281.928256273,1.435252,3.727662,5.163374,400
1598870281.961003304,1.433283,3.661461,5.095184,400
1598870281.995128870,1.346281,3.669472,5.016223,400
1598870282.029468298,1.511513,3.656531,5.168484,400
1598870282.063626766,1.536463,3.644651,5.181614,400
1598870282.097837925,1.412262,3.656972,5.069704,400
1598870282.132803917,1.376942,3.647182,5.024694,400
1598870282.165749788,1.326792,3.662571,4.989813,400
1598870282.200742006,1.524013,3.655451,5.179904,400
1598870282.234625578,1.521743,3.331029,4.853272,400
1598870282.268703699,1.490623,3.336448,4.827601,400
1598870282.303825855,1.444932,3.323099,4.768541,400
1598870282.336810112,1.567984,3.322278,4.890722,400
1598870282.370509148,1.623434,3.316869,4.940783,400
1598870282.404232264,1.575164,3.320028,4.895642,400
1598870282.438790798,1.546063,3.309469,4.856012,400
1598870282.472524881,1.602013,3.302539,4.905012,400
1598870282.507290602,1.564253,3.312128,4.876841,400
1598870282.540619135,1.543433,3.561371,5.105194,400
1598870282.574095488,1.524803,3.565140,5.090373,400
1598870282.608926296,1.344172,3.557600,4.902212,400
1598870282.642745018,1.442583,3.885993,5.328986,400
1598870282.675237417,1.349001,3.816123,5.165574,400
1598870282.710544825,1.484442,3.820463,5.305445,400
1598870282.744354725,1.416572,3.822083,5.239065,400
1598870282.778172970,1.314621,3.818103,5.133224,400
1598870282.811593056,1.508313,3.812772,5.321525,400
1598870282.846791506,1.449063,4.209436,5.658919,400
1598870282.880737066,1.439372,3.753292,5.193094,400
1598870282.914660215,1.381202,3.754962,5.136594,400
1598870282.948380470,1.389132,3.749832,5.139424,400
1598870282.981989384,1.568563,3.758022,5.327035,400
1598870283.017372131,1.417422,3.746382,5.164264,400
1598870283.050567865,1.381342,3.751482,5.133224,400
1598870283.086220741,1.468322,3.756472,5.225354,400
1598870283.118581533,1.433312,3.758153,5.191875,400
1598870283.151848793,1.403943,3.753772,5.158155,400
1598870283.185459614,1.333111,3.759412,5.092993,400
1598870283.221103430,1.227751,3.747852,4.976063,400
1598870283.254649401,1.491823,4.077824,5.570067,400
1598870283.289048433,1.261321,4.084895,5.346676,400
1598870283.322920084,1.451413,4.068374,5.520287,400
1598870283.356852770,1.265031,4.069145,5.334726,400
1598870283.391128540,1.434292,4.066665,5.501417,400
1598870283.424676895,1.246301,4.061344,5.308115,400
1598870283.458445072,1.363602,4.089695,5.453757,400
1598870283.492264986,1.337541,4.064235,5.402286,400
1598870283.525907278,1.359911,4.089105,5.449456,400
1598870283.560429335,1.342212,4.072425,5.415277,400
1598870283.594609022,1.450943,4.067265,5.518658,400
1598870283.628507137,1.533633,4.067915,5.601998,400
1598870283.661634207,1.377001,4.065575,5.443076,400
1598870283.695541620,1.507963,4.072625,5.581018,400
1598870283.729022980,1.241980,3.746303,4.988753,400
1598870283.762666464,1.547854,3.767382,5.315776,400
1598870283.797922850,1.474972,3.883944,5.359366,400
1598870283.831578016,1.507693,3.572141,5.080444,400
1598870283.864504814,1.534003,3.562501,5.096924,400
1598870283.900100231,1.499593,3.579650,5.079663,400
1598870283.933281422,1.400412,3.637461,5.038373,400
1598870283.966654778,1.338232,3.629831,4.968563,400
1598870284.001626253,1.332931,3.633171,4.966552,400
1598870284.036256790,1.336582,3.262358,4.599530,400
1598870284.070025444,1.366211,3.241928,4.608649,400
1598870284.103036404,1.431222,3.186728,4.618350,400
1598870284.137472153,1.515983,3.184798,4.701191,400
1598870284.171232462,1.346972,3.305488,4.652850,400
1598870284.205276966,1.477593,3.358979,4.836992,400
1598870284.241108179,1.381022,4.138546,5.519998,400
1598870284.272969246,1.537083,3.749092,5.286635,400
1598870284.306762218,1.448972,3.676152,5.125554,400
1598870284.340697289,1.311511,3.735592,5.047563,400
1598870284.374126434,1.359492,3.695952,5.055964,400
1598870284.408684492,1.617764,3.694042,5.312236,400
1598870284.442838192,1.448983,3.688161,5.137574,400
1598870284.474882364,1.435912,3.682962,5.119334,400
1598870284.510449409,1.379872,4.064444,5.444746,400
1598870284.543561220,1.450123,4.060755,5.511338,400
1598870284.577893972,1.551193,4.063705,5.615478,400
1598870284.610055685,1.835296,4.057464,5.893220,400
1598870284.644964695,1.559354,4.060994,5.620888,400
1598870284.678591967,1.692505,4.044154,5.737119,400
1598870284.711904764,1.768576,4.052884,5.821870,400
1598870284.745897055,1.702275,4.079285,5.782000,400
1598870284.779968023,1.784596,4.081435,5.866461,400
1598870284.813217878,1.953156,4.074965,6.028601,400
1598870284.846171379,1.816556,4.071535,5.888601,400
1598870284.879699469,1.752206,4.047224,5.799820,400
1598870284.914987087,1.553014,3.650071,5.203545,400
1598870284.946990967,1.411862,3.679571,5.091853,400
1598870284.981183290,1.313151,3.997815,5.311516,400
1598870285.015510321,1.302331,4.187826,5.490687,400
1598870285.049424648,1.335261,5.101204,6.436985,400
1598870285.083849669,1.522892,4.629140,6.152482,400
1598870285.117030621,1.483703,4.313977,5.798120,400
1598870285.150628805,1.468352,4.196226,5.665048,400
1598870285.186006546,1.597843,4.187186,5.786569,400
1598870285.217930794,1.287171,4.154096,5.441717,400
1598870285.252190113,1.462842,4.375348,5.838590,400
1598870285.287292004,1.460682,3.706682,5.167764,400
1598870285.324874163,1.386901,5.464627,6.852098,400
1598870285.358283281,1.404562,6.873859,8.278941,400
1598870285.389079332,1.555173,6.158383,7.714156,400
1598870285.421371698,1.329311,6.679217,8.009018,400
1598870285.455029964,1.386242,8.516853,9.903505,400
1598870285.489079952,1.538273,13.408725,14.947448,400
1598870285.522991419,1.624254,10.641431,12.266145,400
1598870285.558046818,1.375702,12.482137,13.858259,400
1598870285.591653585,1.513673,12.537747,14.051950,400
1598870285.624018192,1.481933,9.869375,11.351738,400
1598870285.659662008,1.234640,7.863988,9.099098,400
1598870285.692963839,1.558764,8.496843,10.056077,400
1598870285.726984024,1.501122,8.508393,10.009975,400
1598870285.760545731,1.440062,6.556587,7.997169,400
1598870285.794087648,1.492823,7.015851,8.509054,400
1598870285.827767372,1.535203,5.421207,6.956970,400
1598870285.861001015,1.522413,5.418686,6.941569,400
1598870285.896699667,1.546783,5.019333,6.566546,400
1598870285.929731846,1.374082,5.373866,6.748428,400
1598870285.972494841,1.370792,4.549509,5.920751,400
1598870285.997441530,1.383251,4.543169,5.926930,400
1598870286.003131866,1.431822,4.132986,5.565248,400
1598870286.030661583,1.479192,4.530379,6.009981,400
1598870286.064212561,1.457392,4.956593,6.414415,400
1598870286.101909876,1.617394,8.507753,10.125707,400
1598870286.137859106,1.506583,10.127777,11.634800,400
1598870286.167542458,1.484103,15.521343,17.005886,400
1598870286.201263905,1.581724,17.630531,19.212685,400
1598870286.233928204,1.444472,16.547552,17.992534,400
1598870286.267983913,1.417322,15.584044,17.002046,400
1598870286.301287651,1.457412,17.656362,19.114244,400
1598870286.335371017,1.259341,17.599301,18.859132,400
1598870286.370472670,1.340852,13.487895,14.829297,400
1598870286.403584242,1.346652,9.035487,10.382609,400
1598870286.438012123,1.493953,9.894785,11.389128,400
1598870286.471532583,1.343172,7.564504,8.908166,400
1598870286.505803585,1.345252,9.226379,10.572021,400
1598870286.542501688,1.447362,12.166374,13.614146,400
1598870286.573415279,1.526873,12.833770,14.361123,400
1598870286.607679844,1.357642,15.019538,16.377750,400
1598870286.640040874,1.468733,15.860196,17.329419,400
1598870286.674559355,1.446242,12.051094,13.497856,400
1598870286.707370281,1.537253,12.105333,13.642996,400
1598870286.740463734,1.477543,13.034092,14.512255,400
1598870286.774643183,1.435202,13.881349,15.316941,400
1598870286.810623646,2.343220,14.940098,17.283718,398
1598870286.843480587,1.404642,12.961581,14.366823,400
1598870286.877801418,1.479553,9.554412,11.034375,400
1598870286.911751270,2.330180,8.600923,10.931523,398
1598870286.945155144,1.480233,7.418604,8.899237,400
1598870286.979444265,1.595614,7.785447,9.381551,400
1598870287.013149261,2.245269,7.286393,9.532122,398
1598870287.046739340,1.491403,4.240586,5.732419,400
1598870287.082063675,1.565724,3.321278,4.887412,400
1598870287.113375425,2.382730,3.142307,5.525427,398
1598870287.147951126,1.315091,2.759564,4.075105,400
1598870287.181871176,1.392722,2.317950,3.711082,400
1598870287.215952873,1.373701,2.261760,3.635821,400
1598870287.249928236,1.448252,2.261689,3.710251,400
1598870287.283361673,1.524323,2.286280,3.810973,400
1598870287.316441298,1.483862,2.286390,3.770612,400
1598870287.350924492,1.270411,2.754934,4.025695,400
1598870287.385127783,1.578784,2.834344,4.413508,400
1598870287.418556452,1.393972,4.094615,5.488977,400
1598870287.451280832,1.541503,4.800851,6.342734,400
1598870287.486066103,1.465062,6.079112,7.544634,400
1598870287.521037817,1.236841,10.399359,11.636630,400
1598870287.554834366,1.279571,8.958707,10.238728,400
1598870287.587965488,1.554963,8.960517,10.515880,400
1598870287.621555090,1.561763,9.105349,10.667912,400
1598870287.654407740,1.336591,9.147189,10.484300,400
1598870287.687946320,1.519643,10.622191,12.142334,400
1598870287.722084284,1.432912,8.447283,9.880715,400
1598870287.756091356,1.385722,6.047952,7.434154,400
1598870287.790742636,1.541683,4.410038,5.952231,400
1598870287.824662209,1.551054,4.112525,5.663969,400
1598870287.857631922,1.294281,3.986314,5.280995,400
1598870287.890863180,1.557984,3.525810,5.084324,400
1598870287.925310612,1.508473,2.958935,4.467778,400
1598870287.959980011,1.568963,2.947615,4.516908,400
1598870287.993111849,1.424382,2.248700,3.673392,400
1598870288.027347803,1.486363,2.245029,3.731792,400
1598870288.060657501,1.400262,2.309860,3.710442,400
1598870288.094495296,1.550073,2.296090,3.846493,400
1598870288.129205704,1.329131,2.286299,3.615760,400
1598870288.162855148,1.396892,2.255300,3.652542,400
1598870288.196397305,1.545424,2.243909,3.789663,400
1598870288.230505705,1.539673,2.152219,3.692212,400
1598870288.263674498,1.520913,2.348740,3.869953,400
1598870288.296703339,1.623504,2.324210,3.948134,400
1598870288.330639839,1.562144,2.307039,3.869543,400
1598870288.364721060,1.348701,2.576852,3.925903,400
1598870288.399169207,1.566383,2.557952,4.124885,400
1598870288.433383226,1.551753,2.545652,4.098065,400
1598870288.466585636,1.370702,2.591602,3.962744,400
1598870288.500661373,1.480113,2.544351,4.024844,400
1598870288.534724236,1.408102,2.536572,3.945184,400
1598870288.569049358,1.361652,2.476091,3.838143,400
1598870288.600708246,1.457142,2.223539,3.681151,400
1598870288.635422230,1.488773,2.463631,3.953034,400
1598870288.669558287,1.388252,2.475171,3.863883,400
1598870288.703485966,1.503952,2.469842,3.974184,400
1598870288.737152815,1.467072,2.466651,3.934063,400
1598870288.769561768,1.422572,2.468602,3.891584,400
1598870288.805007219,1.457723,1.970937,3.429100,400
1598870288.838518143,1.522333,1.973237,3.496010,400
1598870288.871450901,1.357422,1.986807,3.344539,400
1598870288.906379461,1.531683,1.987607,3.519630,400
1598870288.938871384,1.418493,2.010247,3.429080,400
1598870288.974072218,1.471482,2.020248,3.492140,400
1598870289.006973267,1.421452,2.017457,3.439289,400
1598870289.041431427,1.508443,2.026477,3.535250,400
1598870289.074642897,1.226880,2.036468,3.263678,400
1598870289.108848095,1.434512,2.027248,3.462510,400
1598870289.142741680,1.492943,2.229889,3.723422,400
1598870289.176059246,1.243910,2.227539,3.471859,400
1598870289.210002661,1.429792,2.216170,3.646392,400
1598870289.243905544,1.433242,2.204969,3.638721,400
1598870289.278214455,1.321451,2.195139,3.516970,400
1598870289.312002659,1.462543,2.006157,3.469110,400
1598870289.346152782,1.368431,2.208419,3.577240,400
1598870289.379814625,1.285701,2.194179,3.480350,400
1598870289.414104223,1.349292,1.942547,3.292279,400
1598870289.449262619,1.347812,2.191949,3.540611,400
1598870289.480322599,1.415432,2.199489,3.615311,400
1598870289.513788223,1.570024,2.133498,3.703922,400
1598870289.548717737,1.326702,2.143288,3.470410,400
1598870289.583226681,1.363052,2.125708,3.489080,400
1598870289.613793373,1.627244,2.144428,3.772312,400
1598870289.649417639,1.282211,2.207188,3.489909,400
1598870289.682399035,1.348501,2.212509,3.561460,400
1598870289.716630459,1.496973,2.250189,3.747512,400
1598870289.750928879,1.320801,2.015148,3.336429,400
1598870289.784346342,1.416833,1.940696,3.357889,400
1598870289.818622351,1.349852,1.932946,3.283148,400
1598870289.855580091,1.520583,2.183049,3.704002,400
1598870289.885314226,1.358191,2.180789,3.539360,400
1598870289.918382883,1.454723,2.180159,3.635332,400
1598870289.953514814,1.493613,2.163179,3.657222,400
1598870289.986842871,1.477522,2.172299,3.650201,400
1598870290.020013094,1.279851,2.165018,3.445309,400
1598870290.054027796,1.488203,2.422191,3.910814,400
1598870290.087374449,1.290731,2.417071,3.708392,400
1598870290.121895552,1.354411,2.439891,3.794742,400
1598870290.154979706,1.461282,2.425031,3.886823,400
1598870290.189942360,1.427902,2.440351,3.868773,400
1598870290.222436666,1.516223,2.203729,3.720402,400
1598870290.255817652,1.300171,2.453511,3.754092,400
1598870290.290543795,1.288411,2.459711,3.748592,400
1598870290.323726177,1.437412,1.975237,3.413109,400
1598870290.359141588,1.359851,2.245450,3.605691,400
1598870290.391883373,1.277051,2.326940,3.604441,400
1598870290.397166014,1.398922,2.073048,3.472490,400
1598870290.424449921,1.479563,2.265929,3.745862,400
1598870290.458144426,1.233301,2.244679,3.478350,400
1598870290.491045952,1.484613,2.232929,3.717922,400
1598870290.525422812,1.481882,2.223819,3.706091,400
1598870290.560769081,1.464013,2.189228,3.653601,400
1598870290.593338728,1.335812,2.173429,3.509741,400
1598870290.627481699,1.485082,2.419361,3.904813,400
1598870290.661654472,1.382682,2.741734,4.124876,400
1598870290.694957495,1.401482,2.709993,4.111965,400
1598870290.729145765,1.391723,2.941725,4.333868,400
1598870290.761596680,1.708985,3.195107,4.904672,400
1598870290.795924187,1.633784,3.202388,4.836642,400
1598870290.830146551,1.695105,2.919945,4.615480,400
1598870290.863352537,1.523953,2.717533,4.241866,400
1598870290.898321390,1.469652,2.656503,4.126545,400
1598870290.930908442,1.429422,2.664493,4.094275,400
1598870290.965071917,1.303301,2.657433,3.961114,400
1598870290.999465704,1.341511,2.493172,3.835083,400
1598870291.032803059,1.413672,2.497281,3.911313,400
1598870291.066797733,1.333461,2.493432,3.827303,400
1598870291.100547314,1.377941,2.490312,3.868683,400
1598870291.133650064,1.414612,2.480331,3.895313,400
1598870291.167247534,1.374292,2.485481,3.860133,400
1598870291.202594757,1.324711,2.430211,3.755322,400
1598870291.235075235,1.446692,2.367451,3.814593,400
1598870291.268713236,1.417412,2.381120,3.799032,400
1598870291.302909374,1.476392,2.372021,3.848753,400
1598870291.336701632,1.491642,2.375031,3.867073,400
1598870291.370496511,1.434773,2.371710,3.806853,400
1598870291.404837132,1.551843,2.374750,3.926963,400
1598870291.437369347,1.541113,2.249119,3.790602,400
1598870291.470922470,1.494883,2.237879,3.733222,400
1598870291.506702662,1.310011,2.237799,3.548220,400
1598870291.545754194,1.398992,2.237479,3.636871,400
1598870291.573100805,1.410072,2.234990,3.645432,400
1598870291.606628895,1.512733,2.238670,3.751833,400
1598870291.639472246,1.397762,2.234669,3.632821,400
1598870291.673340082,1.320302,2.229699,3.550411,400
1598870291.707330227,1.480972,2.222299,3.703711,400
1598870291.741107225,1.537963,2.232530,3.770983,400
1598870291.774726868,1.488613,2.371710,3.860683,400
1598870291.808362484,1.433203,2.367070,3.800683,400
1598870291.842540979,1.291071,2.367980,3.659571,400
1598870291.880016565,1.319731,2.302980,3.623281,400
1598870291.912887573,1.458212,2.303320,3.761922,400
1598870291.944837570,1.495563,2.535912,4.031955,400
1598870291.978096724,1.337942,2.771704,4.110026,400
1598870292.012074947,1.410983,2.762153,4.173506,400
1598870292.044457674,1.405602,2.766554,4.172586,400
1598870292.077892303,1.495453,2.816064,4.311937,400
1598870292.113974094,1.427452,2.806444,4.234326,400
1598870292.145515203,1.342781,2.817794,4.161155,400
1598870292.178279877,1.461253,2.711683,4.173436,400
1598870292.213048697,1.471293,2.776283,4.247966,400
1598870292.247959375,1.367902,2.786884,4.155256,400
1598870292.281142712,1.396872,2.627102,4.024324,400
1598870292.313914776,1.550024,2.641492,4.191926,400
1598870292.348784447,1.464223,2.482571,3.947414,400
1598870292.382286310,1.407032,2.624153,4.031565,400
1598870292.415566444,1.423082,2.807654,4.231146,400
1598870292.449743986,1.312441,3.089416,4.402297,400
1598870292.481875181,1.394262,3.087367,4.482019,400
1598870292.516196728,1.565544,3.359888,4.925882,400
1598870292.550012589,1.576604,3.357629,4.934603,400
1598870292.583603144,1.478493,3.684632,5.163525,400
1598870292.617236137,1.380662,3.334799,4.715931,400
1598870292.650875330,1.557533,3.649562,5.207395,400
1598870292.683585405,1.389292,3.650261,5.039913,400
1598870292.716359138,1.374092,3.318958,4.693480,400
1598870292.750627756,1.420192,3.333819,4.754391,400
1598870292.783365726,1.446413,3.635961,5.082744,400
1598870292.816806316,1.419272,3.652311,5.072023,400
1598870292.850699186,1.434592,3.628922,5.063874,400
1598870292.885258913,1.313252,3.688241,5.001843,400
1598870292.917946100,1.361872,3.385379,4.747641,400
1598870292.950518131,1.433042,3.387999,4.821381,400
1598870292.985279083,1.389792,3.152477,4.542689,400
1598870293.018015623,1.339861,3.135937,4.476478,400
1598870293.052459717,1.321852,3.206747,4.529259,400
1598870293.086726904,1.363642,3.211817,4.575899,400
1598870293.118803024,1.528663,3.204188,4.733291,400
1598870293.153095722,1.345571,3.229488,4.575449,400
1598870293.186755657,1.289031,2.990436,4.279917,400
1598870293.220776558,1.453833,2.827514,4.281777,400
1598870293.253276825,1.499053,2.839614,4.339197,400
1598870293.286399364,1.294401,3.010536,4.305327,400
1598870293.320184708,1.356121,3.014156,4.370777,400
1598870293.352859497,1.364881,3.018976,4.384227,400
1598870293.386579275,1.468253,3.508950,4.977613,400
1598870293.420748472,1.421042,3.020616,4.442028,400
1598870293.453929186,1.382841,2.999336,4.382527,400
1598870293.487503052,1.481183,2.837134,4.318707,400
1598870293.520876884,1.382092,2.771364,4.153876,400
1598870293.554122925,1.318572,2.777003,4.095995,400
1598870293.587981462,1.507573,2.631903,4.139866,400
1598870293.619713306,1.427563,2.641472,4.069395,400
1598870293.655090332,1.393542,2.574802,3.968734,400
1598870293.688396931,1.342232,2.782094,4.124746,400
1598870293.721312284,1.376532,2.789184,4.166116,400
1598870293.762922525,1.576983,2.797624,4.375117,400
1598870293.789412737,1.445472,2.664413,4.110295,400
1598870293.824021339,1.403812,2.683533,4.087945,400
1598870293.856364012,1.341731,2.427571,3.769722,400
1598870293.889425516,1.315341,2.181539,3.497290,400
1598870293.921549082,1.477813,2.213529,3.691642,400
1598870293.955460310,1.555913,2.251760,3.808213,400
1598870293.990435362,1.527204,2.272129,3.799653,400
1598870294.022194624,1.527803,2.281530,3.809693,400
1598870294.055737972,1.357052,2.284070,3.641512,400
1598870294.089426994,2.090947,2.223759,4.315086,398
1598870294.122349024,1.586024,2.280189,3.866643,400
1598870294.156539679,1.543044,2.287979,3.831373,400
1598870294.190185785,1.422472,2.339740,3.762592,400
1598870294.222478151,1.340312,2.334670,3.675382,400
1598870294.256780386,1.458473,2.406040,3.864773,400
1598870294.290328741,1.387962,2.372421,3.760713,400
1598870294.326111794,1.469023,2.479831,3.949254,400
1598870294.356487274,1.461553,2.448351,3.910194,400
1598870294.391893625,1.455443,2.688013,4.143756,400
1598870294.423188448,2.116589,2.976415,5.093334,398
1598870294.458453178,1.385322,3.095516,4.481358,400
1598870294.492733479,1.417972,3.084416,4.502938,400
1598870294.524740934,1.543374,3.079026,4.622840,400
1598870294.559319973,1.364631,3.016346,4.381347,400
1598870294.593003273,1.490973,3.053716,4.545049,400
1598870294.626772881,1.295901,3.021976,4.318497,400
1598870294.660466433,1.529973,2.640402,4.170795,400
1598870294.694301128,1.339772,2.382920,3.723162,400
1598870294.727404118,1.472353,2.337760,3.810483,400
1598870294.761205912,1.511843,2.367070,3.879263,400
1598870294.795018911,1.501213,2.372550,3.874103,400
1598870294.829196930,1.432572,2.400281,3.833173,400
1598870294.863019705,1.481403,2.397150,3.878973,400
1598870294.896986246,1.445912,2.404921,3.851113,400
1598870294.928901911,1.617134,2.397880,4.015344,400
1598870294.963129282,1.648874,2.399151,4.048405,400
1598870294.997244596,1.457963,2.385100,3.843393,400
1598870295.030976057,1.427482,2.372041,3.799813,400
1598870295.064651728,1.541663,2.381760,3.923793,400
1598870295.097924948,1.312791,2.471361,3.784492,400
1598870295.131489754,1.519343,2.467481,3.987114,400
1598870295.165530205,3.495610,2.509992,6.005932,398
1598870295.199923277,1.478563,2.475421,3.954344,400
1598870295.232804775,1.403022,2.350760,3.754092,400
1598870295.267349005,1.351962,2.358580,3.710882,400
1598870295.300716877,3.442179,2.320530,5.763039,398
1598870295.334574223,1.335771,2.348591,3.684742,400
1598870295.367491245,1.429442,2.281259,3.710971,400
1598870295.401976347,1.350152,2.270629,3.621101,400
1598870295.435564280,1.431922,2.280550,3.712792,400
1598870295.469286680,1.823955,2.281610,4.105935,400
1598870295.502709627,1.608443,2.351630,3.960493,400
1598870295.537132025,3.523220,2.398281,5.921811,398
1598870295.569946051,1.468102,2.406231,3.874683,400
1598870295.604447365,1.407392,2.398770,3.806752,400
1598870295.639818668,1.408672,2.469131,3.878153,400
1598870295.672810793,1.574583,2.460682,4.035545,400
1598870295.704663754,1.473752,2.525602,3.999674,400
1598870295.740438223,1.488532,2.531782,4.020714,400
1598870295.777365923,1.516093,2.520352,4.036835,400
1598870295.805735111,1.420963,2.590002,4.011295,400
1598870295.842470646,1.442062,2.585232,4.027704,400
1598870295.871752977,1.371082,2.589222,3.960614,400
1598870295.906255484,1.306442,2.593592,3.900364,400
1598870295.940042734,1.338011,2.595832,3.934183,400
1598870295.973951340,1.343382,2.595822,3.939524,400
1598870296.006160736,1.513143,2.596692,4.110175,400
1598870296.039093494,1.565203,2.591993,4.157546,400
1598870296.074421644,1.485083,2.650533,4.135946,400
1598870296.107262135,1.404682,2.564492,3.969494,400
1598870296.148483515,1.464223,2.561151,4.025724,400
1598870296.172138929,1.355502,2.552182,3.908024,400
1598870296.206833839,1.492503,2.542132,4.035105,400
1598870296.242843151,1.575004,2.558192,4.133526,400
1598870296.274245977,1.558173,2.616583,4.175166,400
1598870296.307727337,1.431992,2.554772,3.987074,400
1598870296.340636492,1.415692,2.490912,3.906934,400
1598870296.374163628,1.416092,2.501632,3.918174,400
1598870296.407343149,3.313579,2.551622,5.865571,398
1598870296.441203356,1.438842,2.523642,3.962844,400
1598870296.474926472,1.414703,2.505131,3.920244,400
1598870296.510515690,1.384552,2.508001,3.892893,400
1598870296.542255402,1.393792,2.506522,3.900714,400
1598870296.574869156,1.359742,2.503481,3.863563,400
1598870296.610618353,1.367912,2.427291,3.795543,400
1598870296.644649744,1.438952,2.427221,3.866543,400
1598870296.677249432,1.431502,2.441651,3.873513,400
1598870296.710625172,1.416182,2.362730,3.779322,400
1598870296.744888306,1.497253,2.373840,3.871483,400
1598870296.777573586,1.488523,2.368750,3.857683,400
1598870296.810686588,1.474982,2.362781,3.838133,400
1598870296.845629930,1.511002,2.352981,3.864303,400
1598870296.879540205,1.571243,2.341140,3.912713,400
1598870296.914003611,1.483553,2.348450,3.832303,400
1598870296.946009636,1.527723,2.342840,3.870863,400
1598870296.980646372,1.549393,2.322270,3.872053,400
1598870297.014037371,1.435082,2.582092,4.017474,400
1598870297.047324896,1.519963,2.571892,4.092175,400
1598870297.080875874,1.516223,2.491971,4.008574,400
1598870297.086162329,1.431563,2.488271,3.920244,400
1598870297.113906384,1.368932,2.501672,3.871144,400
1598870297.148873091,1.447522,2.486492,3.934424,400
1598870297.182015181,1.236870,2.492562,3.729812,400
1598870297.215163708,1.424253,2.479691,3.904554,400
1598870297.249519587,1.390752,2.483291,3.874533,400
1598870297.282596588,1.340241,2.468451,3.809042,400
1598870297.316349030,1.480393,2.729983,4.210766,400
1598870297.351277590,1.472203,2.719493,4.192066,400
1598870297.384215832,1.563734,2.704303,4.268507,400
1598870297.418829441,1.387502,2.792294,4.180186,400
1598870297.451608181,1.438533,2.801604,4.240557,400
1598870297.485221148,1.507603,2.790373,4.298386,400
1598870297.517975330,1.381872,2.780614,4.162866,400
1598870297.551426888,1.411692,2.792574,4.204676,400
1598870297.586470842,1.238850,2.777464,4.016694,400
1598870297.619947433,1.556783,2.770864,4.328037,400
1598870297.652823210,1.450862,2.560032,4.011284,400
1598870297.689105749,1.366842,2.568432,3.935684,400
1598870297.719608545,1.346211,2.566982,3.913563,400
1598870297.754777670,1.420822,2.535862,3.957094,400
1598870297.788426399,1.356271,2.539542,3.896183,400
1598870297.822957277,1.355991,2.543032,3.899363,400
1598870297.856247663,1.431702,2.537452,3.969514,400
1598870297.890721083,1.395702,2.536452,3.932514,400
1598870297.923273087,1.328821,2.538472,3.867663,400
1598870297.956478834,1.431292,2.246880,3.678562,400
1598870297.990748167,1.334842,2.261659,3.597071,400
1598870298.023221254,1.445983,2.267569,3.713942,400
1598870298.056948423,1.432492,2.271470,3.704392,400
1598870298.091295481,1.525383,2.256209,3.781972,400
1598870298.125898361,1.221050,2.444281,3.665701,400
1598870298.158310652,1.355882,2.438981,3.795283,400
1598870298.192215204,1.392762,2.439131,3.832313,400
1598870298.225664854,1.423872,2.574433,3.998695,400
1598870298.260509014,1.410382,2.585203,3.995965,400
1598870298.291853666,1.333402,2.446981,3.780803,400
1598870298.326337814,1.403762,2.598332,4.002464,400
1598870298.361305952,1.389222,2.610232,3.999994,400
1598870298.393126726,1.398042,2.585522,3.984024,400
1598870298.428797007,1.311381,2.440821,3.752612,400
1598870298.461624384,1.381282,2.443221,3.824883,400
1598870298.495146036,1.351731,2.432551,3.784672,400
1598870298.528560638,1.413192,2.429181,3.842753,400
1598870298.561658859,1.456743,2.421721,3.878864,400
1598870298.595919371,1.439222,2.568002,4.007634,400
1598870298.629883051,1.401281,2.508062,3.909933,400
1598870298.663536549,1.414412,2.506931,3.921753,400
1598870298.698010445,1.349362,2.497251,3.847093,400
1598870298.730537415,1.409802,2.489132,3.899424,400
1598870298.764596939,1.439132,2.883125,4.322727,400
1598870298.798091173,1.475783,3.142097,4.618440,400
1598870298.832199574,1.310531,3.109417,4.420398,400
1598870298.865558624,1.462152,3.108487,4.571109,400
1598870298.898926258,1.456972,3.436920,4.894352,400
1598870298.932578325,1.554544,3.432079,4.987033,400
1598870298.967864990,1.544573,3.431720,4.976703,400
1598870299.000727654,1.476562,3.115267,4.592249,400
1598870299.032625675,1.315971,3.110937,4.427338,400
1598870299.067209005,1.485413,2.798764,4.284517,400
1598870299.101728916,1.323721,2.799574,4.123735,400
1598870299.135745287,1.384242,2.789684,4.174386,400
1598870299.168495655,1.534083,2.780504,4.315007,400
1598870299.202181578,1.367411,3.047336,4.415187,400
1598870299.235410929,1.502333,3.049666,4.552429,400
1598870299.269533634,1.316101,3.053577,4.370138,400
1598870299.302289248,1.343461,3.038776,4.382617,400
1598870299.334559202,1.342542,3.374799,4.717721,400
1598870299.368756533,1.404932,3.708472,5.113924,400
1598870299.401520729,1.287901,3.699592,4.988113,400
1598870299.444629431,1.320241,3.696782,5.017453,400
1598870299.468882322,1.516802,3.426770,4.943972,400
1598870299.503646851,1.507043,3.436929,4.944332,400
1598870299.536236048,1.364262,3.432600,4.797342,400
1598870299.569276094,1.460433,3.110427,4.571280,400
1598870299.602560282,1.376912,3.421559,4.798871,400
1598870299.636956930,1.383082,3.111137,4.494629,400
1598870299.670459986,1.535703,3.199297,4.735460,400
1598870299.702545166,1.552483,3.216097,4.769180,400
1598870299.736714363,1.375302,2.660353,4.036065,400
1598870299.771038294,1.549834,2.657543,4.207837,400
1598870299.802845478,1.344892,2.722913,4.068205,400
1598870299.835979223,1.391812,2.722873,4.115165,400
1598870299.869596720,1.343881,2.718624,4.062895,400
1598870299.904390097,1.499482,2.942356,4.442228,400
1598870299.937015057,1.386622,2.710153,4.097105,400
1598870299.970567942,1.390142,2.689593,4.080115,400
1598870300.003459930,1.266761,2.698833,3.965974,400
1598870300.037482738,1.395992,2.681203,4.077545,400
1598870300.070195913,1.543693,2.513402,4.057465,400
1598870300.104228020,1.432833,2.556991,3.990204,400
1598870300.137385130,1.321102,2.382200,3.704032,400
1598870300.170832872,1.353712,2.379270,3.733432,400
1598870300.204464436,1.388402,2.374950,3.763782,400
1598870300.238037586,1.369892,2.375060,3.745392,400
1598870300.273289442,1.410972,2.461641,3.873003,400
1598870300.304675579,1.368272,2.218369,3.587041,400
1598870300.338180780,1.479873,2.220549,3.700792,400
1598870300.371222734,1.535353,2.236859,3.772582,400
1598870300.404158354,1.517943,2.234359,3.752712,400
1598870300.437308550,1.324782,2.237009,3.562221,400
1598870300.471354008,1.380802,2.234190,3.615402,400
1598870300.505037546,1.356001,2.223600,3.580131,400
1598870300.536955357,1.534293,2.220269,3.754952,400
1598870300.571530104,1.532603,2.228899,3.761902,400
1598870300.606070280,1.542424,2.222419,3.765223,400
1598870300.638667583,1.340292,2.220839,3.561511,400
1598870300.670971394,1.461792,2.213009,3.675131,400
1598870300.705576420,1.334432,2.488421,3.823253,400
1598870300.738859892,1.417292,2.476141,3.893793,400
1598870300.772419453,1.509543,2.461771,3.971724,400
1598870300.806287289,1.421322,2.456611,3.878323,400
1598870300.838883162,1.413792,2.664063,4.078235,400
1598870300.872993708,1.461252,2.818984,4.280616,400
1598870300.906097412,1.238791,3.109186,4.348377,400
1598870300.939000368,1.491223,4.017484,5.509067,400
1598870300.971601963,1.325362,3.999384,5.325116,400
1598870301.005973339,1.448592,3.995904,5.444896,400
1598870301.039645433,1.331402,4.003464,5.335306,400
1598870301.072894096,1.510322,3.662522,5.173354,400
1598870301.106153965,1.316511,3.167787,4.484648,400
1598870301.139840126,1.528993,2.928075,4.457498,400
1598870301.172968149,1.391482,2.933465,4.325347,400
1598870301.207059860,1.499883,2.756243,4.256486,400
1598870301.239437103,1.340312,2.757133,4.097865,400
1598870301.272672415,1.429452,2.569422,3.999404,400
1598870301.306110382,1.298131,2.566732,3.865263,400
1598870301.340928078,1.362241,2.564383,3.927044,400
1598870301.373398781,1.346332,2.557162,3.903854,400
1598870301.406378269,1.314091,2.579542,3.894033,400
1598870301.439080954,1.348441,2.501412,3.850253,400
1598870301.474294662,1.379481,2.568533,3.948384,400
1598870301.507389069,1.299831,2.558782,3.858973,400
1598870301.540563822,1.321602,2.611742,3.933704,400
1598870301.572771788,1.315021,2.621153,3.936594,400
1598870301.608003139,1.345082,2.597992,3.943414,400
1598870301.640574217,1.321391,2.618943,3.940714,400
1598870301.673999310,1.392182,2.302930,3.695502,400
1598870301.707686901,1.343622,2.314070,3.658082,400
1598870301.741634607,1.406593,2.294809,3.701812,400
1598870301.774976254,1.536083,2.293030,3.829493,400
1598870301.808641672,1.465522,2.303430,3.769312,400
1598870301.842648745,1.295661,2.568522,3.864533,400
1598870301.874157667,1.293301,2.572812,3.866463,400
1598870301.908412695,1.333662,2.529801,3.863863,400
1598870301.941234827,1.307471,2.562002,3.869873,400
1598870301.975043297,1.360612,2.513901,3.874913,400
1598870302.008533239,1.323082,2.501001,3.824483,400
1598870302.042030811,1.378702,2.501521,3.880573,400
1598870302.075038671,1.393082,2.496532,3.889974,400
1598870302.108942032,1.373992,2.499502,3.873934,400
1598870302.142579556,1.430903,2.512911,3.944194,400
1598870302.175542831,1.399822,2.254009,3.654211,400
1598870302.208939075,1.446353,2.264119,3.710862,400
1598870302.241694689,1.436752,2.259009,3.696141,400
1598870302.276243925,1.501113,2.240679,3.742192,400
1598870302.309388161,1.283171,2.258619,3.542280,400
1598870302.342745781,1.398802,2.255349,3.654561,400
1598870302.375430584,1.478983,2.259979,3.739342,400
1598870302.407483101,1.480762,2.261660,3.742892,400
1598870302.442116022,1.543773,2.267909,3.812062,400
1598870302.476012230,1.299641,2.276830,3.576861,400
1598870302.507949829,1.377891,2.273410,3.651681,400
1598870302.542984724,1.456412,2.272810,3.729632,400
1598870302.576491594,1.508833,2.276439,3.785682,400
1598870302.609576225,1.521963,2.281089,3.803432,400
1598870302.643270016,1.244941,2.281659,3.526990,400
1598870302.676066637,1.357592,2.285740,3.643692,400
1598870302.709991932,1.469963,2.293730,3.764103,400
1598870302.743230343,1.481303,2.307220,3.788883,400
1598870302.776576281,1.368231,2.301180,3.669781,400
1598870302.809903383,1.237070,2.294260,3.531710,400
1598870302.843753815,1.368492,2.297060,3.665912,400
1598870302.877329350,1.468682,2.361800,3.830862,400
1598870302.910608053,1.469663,2.352110,3.822133,400
1598870302.943490028,1.408252,2.356180,3.764762,400
1598870302.977437258,1.500583,2.357130,3.858093,400
1598870303.009965181,1.536644,2.341780,3.878924,400
1598870303.043469906,1.435013,2.335320,3.770683,400
1598870303.077968359,1.265341,2.328820,3.594521,400
1598870303.110052586,1.284651,2.023148,3.308169,400
1598870303.143965721,1.240781,2.018317,3.259478,400
1598870303.177116632,1.383912,2.016127,3.400369,400
1598870303.211629629,1.294451,2.020918,3.315739,400
1598870303.243523598,1.399742,2.015607,3.415649,400
1598870303.277318954,1.338622,2.019427,3.358389,400
1598870303.311122656,1.476193,2.034477,3.511030,400
1598870303.344642639,1.280261,1.992427,3.273008,400
1598870303.378078699,1.461082,2.013178,3.474600,400
1598870303.411149502,1.372122,2.020308,3.392770,400
1598870303.444400787,1.484813,2.024537,3.509690,400
1598870303.477888823,1.366581,2.019847,3.386758,400
1598870303.511234045,1.464653,2.036107,3.501180,400
1598870303.544803619,1.349562,2.036777,3.386719,400
1598870303.579027653,1.437632,2.067418,3.505450,400
1598870303.610764265,1.501643,1.986777,3.488930,400
1598870303.645649672,1.398752,1.980927,3.379999,400
1598870303.678274870,1.394512,1.982627,3.377729,400
1598870303.711406708,1.294701,1.972857,3.267938,400
1598870303.745056391,1.267151,1.984607,3.252108,400
1598870303.778496027,1.487222,1.996608,3.484180,400
1598870303.811547041,1.345002,2.018197,3.363569,400
1598870303.844755173,1.511723,1.960087,3.472100,400
1598870303.878486633,1.312892,1.921546,3.234818,400
1598870303.911871910,1.419512,1.935037,3.354879,400
1598870303.946376801,1.377402,1.933557,3.311289,400
1598870303.978237629,1.482292,1.931907,3.414549,400
1598870304.013006210,1.414772,1.935806,3.350908,400
1598870304.046100855,1.167050,1.927777,3.095177,400
1598870304.080665588,1.354331,1.923217,3.277878,400
1598870304.112616777,1.412162,1.904606,3.317128,400
1598870304.145750046,1.167610,1.914336,3.082306,400
1598870304.178524494,1.469132,1.910097,3.379589,400
1598870304.219911814,1.379621,1.895397,3.275358,400
1598870304.246081352,1.201370,1.892846,3.094556,400
1598870304.279352188,1.487683,1.879846,3.367909,400
1598870304.313052654,1.405762,1.883646,3.289748,400
1598870304.346174002,1.235661,1.883026,3.119007,400
1598870304.379703283,1.488103,1.882656,3.371069,400
1598870304.413599491,1.408532,1.888796,3.297688,400
1598870304.445786953,1.452812,1.882846,3.335978,400
1598870304.483602524,1.401452,1.873906,3.275688,400
1598870304.512882948,1.353922,1.878286,3.232578,400
1598870304.546664953,1.369892,1.812856,3.183138,400
1598870304.581446409,1.461983,1.809395,3.271718,400
1598870304.613088369,1.271641,1.729235,3.001216,400
1598870304.646283627,1.189670,1.716465,2.906505,400
1598870304.680700302,1.225320,1.716155,2.941795,400
1598870304.712950230,1.223010,1.974507,3.197837,400
1598870304.746119261,1.477793,1.968307,3.446610,400
1598870304.780672789,1.347601,2.034218,3.382229,400
1598870304.814189911,1.520633,2.041017,3.562250,400
1598870304.846582651,1.551093,2.042718,3.594191,400
1598870304.882119417,1.626364,2.042917,3.669691,400
1598870304.914133787,1.246531,1.980857,3.227788,400
1598870304.946519852,1.266260,1.970967,3.237717,400
1598870304.979830265,1.537073,1.892126,3.429559,400
1598870305.014286280,1.394692,1.924317,3.319479,400
1598870305.047471762,1.464773,1.917006,3.382169,400
1598870305.080744743,1.445253,2.167368,3.612961,400
1598870305.114266634,1.532053,2.160989,3.693482,400
1598870305.146789789,1.419152,2.157969,3.577551,400
1598870305.180994272,1.393352,2.149518,3.543280,400
1598870305.213225365,1.486393,2.085758,3.572571,400
1598870305.246999741,1.439323,2.086288,3.526001,400
1598870305.280968904,1.442643,2.027847,3.471120,400
1598870305.314833641,1.477763,2.022517,3.500800,400
1598870305.349466562,1.222940,2.013078,3.236408,400
1598870305.381415844,1.509723,2.140929,3.651112,400
1598870305.414480209,1.591203,2.263219,3.854852,400
1598870305.447630644,1.447993,2.308979,3.757392,400
1598870305.483397007,1.329552,2.245579,3.575591,400
1598870305.521895170,1.422952,2.423471,3.846853,400
1598870305.551724434,1.366791,2.239610,3.606851,400
1598870305.583150625,1.537683,2.252789,3.790952,400
1598870305.615944624,1.627624,2.249389,3.877513,400
1598870305.648903847,1.454822,2.250620,3.705882,400
1598870305.682022095,1.349032,2.265110,3.614572,400
1598870305.714866161,1.370162,2.254719,3.625251,400
1598870305.748726130,1.439103,2.492541,3.932124,400
1598870305.780791283,1.476912,2.316060,3.793352,400
1598870305.815921545,1.518493,2.260789,3.779712,400
1598870305.848739386,1.470112,2.262460,3.732972,400
1598870305.881238222,1.338202,2.316240,3.654892,400
1598870305.915179014,1.268921,2.341990,3.611321,400
1598870305.949289083,1.142880,2.323590,3.467120,400
1598870305.982715130,1.275610,2.312640,3.588640,400
1598870306.015807867,1.265911,2.319080,3.585551,400
1598870306.048817635,1.124299,2.313210,3.438009,400
1598870306.081585169,1.285361,2.305200,3.590911,400
1598870306.116705656,1.354652,2.316650,3.671952,400
1598870306.148661375,1.382981,2.475252,3.858663,400
1598870306.182441473,1.480403,2.478721,3.959524,400
1598870306.215185642,1.381402,2.469451,3.851273,400
1598870306.250345230,1.405322,2.758934,4.164666,400
1598870306.282651663,1.399322,2.756723,4.156465,400
1598870306.316226244,1.334822,2.766793,4.101995,400
1598870306.351160526,1.435193,3.107776,4.543389,400
1598870306.382781267,1.304531,3.083197,4.388158,400
1598870306.416639566,1.353292,3.078666,4.432368,400
1598870306.455443859,1.229381,3.104396,4.334227,400
1598870306.484682083,1.216900,3.090587,4.307947,400
1598870306.520726919,1.305831,2.839374,4.145575,400
1598870306.553347349,1.248260,2.685734,3.934384,400
1598870306.584827900,1.324201,2.442241,3.766852,400
1598870306.617122173,1.375472,2.423560,3.799422,400
1598870306.649361134,1.317831,2.418991,3.737202,400
1598870306.683976173,1.463002,2.353831,3.817233,400
1598870306.716950178,1.499492,2.350260,3.850132,400
1598870306.751757860,1.428243,2.347810,3.776433,400
1598870306.783248663,1.520124,2.618452,4.138996,400
1598870306.816821098,1.463542,2.686093,4.150015,400
1598870306.850343227,1.309971,2.683093,3.993624,400
1598870306.884905815,1.336221,3.400970,4.737611,400
1598870306.917804241,1.480332,3.101457,4.582179,400
1598870306.951723099,1.308991,3.478020,4.787801,400
1598870306.983938932,1.434803,3.473309,4.908562,400
1598870307.017480373,1.536053,3.458880,4.995333,400
1598870307.050329685,1.441732,3.451830,4.893942,400
1598870307.084479809,1.492713,3.459929,4.953022,400
1598870307.117071390,1.581364,3.437689,5.019473,400
1598870307.150536299,1.384612,3.076406,4.461368,400
1598870307.184224606,1.545983,3.075336,4.621789,400
1598870307.217682600,1.307301,3.072757,4.380408,400
1598870307.251357555,1.437972,3.094846,4.533198,400
1598870307.284523726,1.366592,3.091716,4.458768,400
1598870307.318594456,1.400132,3.028506,4.429058,400
1598870307.351279497,1.233631,3.015996,4.250037,400
1598870307.384684801,1.493643,2.958376,4.452409,400
1598870307.417275429,1.331162,2.973055,4.304637,400
1598870307.450325489,1.533763,2.709154,4.243317,400
1598870307.485758543,1.432763,2.711153,4.144306,400
1598870307.517436504,1.426642,2.746433,4.173515,400
1598870307.552995443,1.507653,2.741364,4.249417,400
1598870307.585951090,1.386442,2.743594,4.130526,400
1598870307.620246649,1.336731,2.819024,4.156155,400
1598870307.653703690,1.500153,2.830825,4.331478,400
1598870307.689686537,1.318822,2.817724,4.136936,400
1598870307.720438242,1.288651,2.820364,4.109505,400
1598870307.755455017,1.245361,2.824194,4.069935,400
1598870307.787597179,1.571783,2.823394,4.395567,400
1598870307.821383953,1.445353,2.822934,4.268687,400
1598870307.854454041,1.275321,2.814805,4.090516,400
1598870307.889502764,1.531003,2.812325,4.343738,400
1598870307.921662569,1.426272,2.745173,4.171876,400
1598870307.958020449,1.326021,2.752474,4.078945,400
1598870307.995182276,1.328151,3.240448,4.568969,400
1598870308.024520874,1.397522,2.700523,4.098475,400
1598870308.059066772,1.318291,2.860205,4.178916,400
1598870308.092625141,1.527803,2.615512,4.143725,400
1598870308.124394417,1.499823,2.553122,4.053355,400
1598870308.157748938,1.400242,2.545272,3.945924,400
1598870308.189493895,1.430292,2.474041,3.904733,400
1598870308.222785711,1.456463,2.643592,4.100475,400
1598870308.258024454,1.316591,2.872975,4.189946,400
1598870308.290632963,1.470543,2.853624,4.324597,400
1598870308.326285362,1.395252,3.114817,4.510509,400
1598870308.357534647,1.512093,3.029446,4.541939,400
1598870308.390277147,1.342882,3.015706,4.359228,400
1598870308.422739506,1.514923,3.011655,4.527078,400
1598870308.458046198,1.254881,3.019206,4.274507,400
1598870308.489407063,1.502633,3.036656,4.539669,400
1598870308.523113966,1.318012,2.777043,4.095455,400
1598870308.558844090,1.411302,3.035026,4.446748,400
1598870308.591248989,1.423073,2.800483,4.223976,400
1598870308.626544952,1.306632,2.788823,4.096085,400
1598870308.656997681,2.210469,2.813394,5.024273,394
1598870308.690514326,1.537673,2.790044,4.328167,400
1598870308.723114967,2.191259,3.058896,5.250625,398
1598870308.758161306,1.361342,3.059556,4.421378,400
1598870308.790885448,2.240099,2.795214,5.035733,398
1598870308.824528217,2.207189,3.061206,5.268845,396
1598870308.857236147,2.372790,3.070047,5.443217,398
1598870308.891695976,1.455543,2.796014,4.251967,400
1598870308.923696756,2.277739,3.082327,5.360446,392
1598870308.964238405,1.422773,2.520781,3.943944,400
1598870308.991117716,1.500263,2.498891,3.999564,400
1598870309.023765564,2.281290,2.502491,4.784241,392
1598870309.058840752,2.276600,2.690243,4.967233,392
1598870309.091027975,3.441680,2.635443,6.077513,394
1598870309.124020100,2.228609,2.877784,5.106823,396
1598870309.158261538,2.124138,2.843515,4.968223,396
1598870309.193046570,3.290859,2.870434,6.161723,396
1598870309.225483894,2.309480,2.866094,5.175994,398
1598870309.258990526,1.423213,2.861604,4.285197,400
1598870309.291633606,3.990414,2.831795,6.822649,396
1598870309.324869156,2.111318,2.898785,5.010493,398
1598870309.358361959,2.021697,3.130087,5.152244,396
1598870309.392167091,2.253639,3.130637,5.384686,396
1598870309.425100803,2.161629,3.132887,5.294926,398
1598870309.464664698,2.273609,3.144187,5.418256,398
1598870309.492858887,2.148978,3.123747,5.273225,398
1598870309.525763988,1.347262,3.115917,4.463579,400
1598870309.558864117,1.411332,3.107277,4.518989,400
1598870309.596730947,1.558194,2.841584,4.400228,400
1598870309.627319336,1.392631,2.833745,4.227016,400
1598870309.659509659,2.612172,2.855844,5.468356,398
1598870309.695015907,1.351121,2.928525,4.280026,400
1598870309.729323864,1.293461,2.688773,3.982754,400
1598870309.760013580,1.258221,2.883565,4.142226,400
1598870309.792485714,4.703930,2.940335,7.644735,396
1598870309.833496809,4.048045,2.950645,6.999100,396
1598870309.858659267,1.525843,2.826034,4.352367,400
1598870309.893261433,4.007754,2.860095,6.868269,398
1598870309.928315163,4.153456,2.862044,7.016050,396
1598870309.960861683,4.561090,2.870114,7.431704,394
1598870309.992689610,1.610414,2.807474,4.418298,400
1598870310.025954723,4.002144,2.856985,6.859499,398
1598870310.059056520,4.006755,2.856254,6.863409,398
1598870310.092952967,4.071755,2.651143,6.723328,398
1598870310.126608849,1.547743,2.609752,4.157925,400
1598870310.160964251,4.017174,2.648013,6.665637,398
1598870310.193654537,4.707880,2.451551,7.159911,398
1598870310.227751732,4.117786,2.230369,6.348585,398
1598870310.263830423,1.575844,2.221098,3.797502,400
1598870310.298045397,1.625654,2.539431,4.165665,400
1598870310.331425667,1.422642,2.757324,4.180406,400
1598870310.362096071,1.369202,2.733034,4.102646,400
1598870310.395647287,1.428323,2.439351,3.868184,400
1598870310.428538322,1.415592,2.450661,3.866693,400
1598870310.460828304,1.374312,2.588872,3.963664,400
1598870310.495014429,1.370582,2.206859,3.577861,400
1598870310.528724194,1.549513,2.250079,3.799992,400
1598870310.561793327,1.474763,2.043557,3.518750,400
1598870310.595572472,1.303581,2.036178,3.340139,400
1598870310.629368782,1.538773,2.014577,3.553700,400
1598870310.662328482,1.480953,1.980427,3.461780,400
1598870310.695887327,3.352559,2.118958,5.471837,398
1598870310.729702473,1.562384,1.951796,3.514520,400
1598870310.763503075,1.357572,1.926076,3.286218,400
1598870310.797152758,1.371852,1.970467,3.342679,400
1598870310.830418587,1.437542,1.943196,3.381088,400
1598870310.864008665,1.399782,1.904446,3.304698,400
1598870310.898310184,4.050875,1.991587,6.042822,398
1598870310.931173325,1.434782,1.918887,3.354039,400
1598870310.965252638,1.468583,1.892866,3.361849,400
1598870310.998885155,1.456612,2.239810,3.696742,400
1598870311.031429768,1.524243,3.904293,5.428886,400
1598870311.065059662,1.401792,4.189746,5.592008,400
1598870311.099129200,1.499232,3.931764,5.431416,400
1598870311.132335663,1.798365,3.635892,5.434727,400
1598870311.166355371,1.607404,3.629851,5.237715,400
1598870311.199464321,1.678504,3.661022,5.340356,400
1598870311.234514236,1.458602,3.649331,5.108353,400
1598870311.267709494,1.269731,3.399609,4.669800,400
1598870311.300548792,1.472333,2.875305,4.348108,400
1598870311.333224535,1.457143,3.086516,4.544099,400
1598870311.365714073,1.307311,2.304620,3.612711,400
1598870311.399317741,1.468553,2.574462,4.043495,400
1598870311.435683250,1.456782,3.513340,4.970582,400
1598870311.469106197,1.425482,3.896033,5.321925,400
1598870311.499841928,1.611074,3.376499,4.988183,400
1598870311.533412933,3.652701,7.543305,11.196446,398
1598870311.566688538,1.477153,23.156299,24.633922,400
1598870311.599784136,1.587893,83.051793,84.640506,400
1598870311.633295774,1.710725,85.385282,87.098877,400
1598870311.674298286,4.150286,69.539246,73.692602,396
1598870311.703817606,1.598114,76.982040,78.584944,400
1598870311.736053944,1.676154,82.818550,84.498294,400
1598870311.768864155,1.589784,98.240402,99.834046,400
1598870311.801304340,1.492903,98.129242,99.625695,400
1598870311.835560560,3.465669,98.357634,101.827013,398
1598870311.870458364,1.403382,89.388006,90.794778,400
1598870311.903566837,1.815956,97.501226,99.321802,400
1598870311.932880402,1.747935,92.069980,93.821395,400
1598870311.966601372,1.557944,94.516030,96.077324,400
1598870312.000440359,1.518593,98.237582,99.759495,400
1598870312.033238173,3.860853,69.688908,73.557691,398
1598870312.066302061,1.462933,51.638573,53.105226,400
1598870312.100007296,1.543383,77.808048,79.355001,400
1598870312.132859468,3.479410,32.667720,36.150830,396
1598870312.166882992,1.335422,14.182411,15.519603,400
1598870312.200717926,1.384142,11.378218,12.763010,400
1598870312.234182835,1.545613,11.504329,13.050472,400
1598870312.267225981,1.389151,24.733053,26.126494,400
1598870312.301254749,1.434392,33.538937,34.974229,400
1598870312.333973646,3.719892,54.509508,58.231700,396
1598870312.367948771,1.949306,106.008920,107.961366,400
1598870312.401506424,1.910817,135.364091,137.277948,400
1598870312.433725595,1.967217,153.979061,155.949598,400
1598870312.467338324,1.891666,169.746086,171.641562,400
1598870312.501104116,2.014277,152.771781,154.789768,400
1598870312.533523560,1.699544,125.548007,127.250741,400
1598870312.568165302,1.632314,105.880848,107.516462,400
1598870312.600885391,1.643634,91.610726,93.257690,400
1598870312.637720585,3.632071,91.339633,94.975304,398
1598870312.667166471,1.551343,81.776852,83.331455,400
1598870312.702149153,1.586384,64.753275,66.343149,400
1598870312.737120152,3.461300,51.275670,54.740660,398
1598870312.770008326,1.391582,46.060035,47.454487,400
1598870312.802392006,1.559593,40.172495,41.734518,400
1598870312.836615562,1.522313,43.991588,45.516401,400
1598870312.867772818,1.303131,36.091260,37.396771,400
1598870312.901624680,1.422483,36.191520,37.616183,400
1598870312.934553623,1.674194,32.783551,34.460185,400
1598870312.969118357,1.475242,29.559314,31.036696,400
1598870313.004454374,1.481353,22.252811,23.736124,400
1598870313.035672188,1.536863,27.935010,29.472593,400
1598870313.068616152,1.273611,25.019204,26.294275,400
1598870313.102327824,1.503703,23.602462,25.107235,400
1598870313.134764433,1.477392,21.051851,22.529873,400
1598870313.169761419,1.457843,20.989310,22.447883,400
1598870313.202246189,1.320401,17.327659,18.648520,400
1598870313.240965605,1.427352,17.296639,18.724441,400
1598870313.272509813,1.356192,12.979181,14.335993,400
1598870313.304976702,1.536293,10.255168,11.792051,400
1598870313.337180138,1.505563,10.191508,11.697561,400
1598870313.371542215,1.263091,6.577566,7.841117,400
1598870313.404964685,1.410232,3.994964,5.405656,400
1598870313.436365366,1.530754,2.926105,4.457249,400
1598870313.470029354,1.283921,3.215758,4.500109,400
1598870313.502684832,1.420352,2.584122,4.004904,400
1598870313.535443783,1.393942,2.733694,4.128106,400
1598870313.570004463,1.301972,2.793804,4.096256,400
1598870313.604176044,1.542893,2.840134,4.383407,400
1598870313.639810085,1.452902,2.911405,4.364707,400
1598870313.671185732,1.357562,2.848224,4.206186,400
1598870313.705260277,1.494313,2.936105,4.430808,400
1598870313.736680031,1.346422,2.724013,4.071245,400
1598870313.741928339,1.252131,2.527292,3.780203,400
1598870313.769681215,1.294931,2.711344,4.007055,400
1598870313.804334402,1.273791,2.927435,4.201676,400
1598870313.838091135,1.505463,2.930595,4.436538,400
1598870313.871266127,1.322161,2.913165,4.236016,400
1598870313.905127287,1.607694,3.242987,4.851171,400
1598870313.939746141,1.503063,3.250758,4.754301,400
1598870313.972244501,1.306741,2.941776,4.249007,400
1598870314.006792307,1.366402,2.848114,4.214986,400
1598870314.039659500,1.355022,2.868855,4.224357,400
1598870314.072678089,1.301051,2.843414,4.144965,400
1598870314.107313156,1.514553,2.836484,4.351527,400
1598870314.140635490,1.346632,4.034604,5.381726,400
1598870314.173327208,1.247661,4.590239,5.838350,400
1598870314.207348108,1.634844,4.062965,5.698269,400
1598870314.240671396,1.308111,2.996256,4.304847,400
1598870314.274132967,1.509142,3.173608,4.683250,400
1598870314.307710171,1.527523,2.916195,4.444158,400
1598870314.341145754,1.309251,2.537342,3.847043,400
1598870314.373559237,1.469753,2.443930,3.914133,400
1598870314.412764072,1.463412,2.532472,3.996364,400
1598870314.441258669,1.368002,2.683363,4.051895,400
1598870314.474074364,1.331501,2.916115,4.248146,400
1598870314.509237766,1.558764,2.967315,4.526639,400
1598870314.541455269,1.248661,3.034856,4.284037,400
1598870314.573756218,1.451032,3.039356,4.490818,400
1598870314.607471704,1.362482,3.300848,4.663840,400
1598870314.641225100,1.360201,3.717892,5.078553,400
1598870314.673422575,1.380652,3.760472,5.141634,400
1598870314.707737446,1.376362,3.747072,5.123904,400
1598870314.742867470,1.372752,3.760062,5.133304,400
1598870314.773756504,1.478842,4.074095,5.553437,400
1598870314.807525635,1.556303,3.372269,4.929052,400
1598870314.840551138,1.523123,3.357699,4.881372,400
1598870314.873934746,1.394682,3.358499,4.753681,400
1598870314.908670664,1.396112,3.336029,4.732661,400
1598870314.941210270,2.678933,3.405139,6.084512,398
1598870314.975066662,1.315161,3.382589,4.698290,400
1598870315.007234573,1.448722,3.373319,4.822561,400
1598870315.040524721,1.381692,3.369179,4.751361,400
1598870315.075515270,1.472422,3.365579,4.838531,400
1598870315.107929468,1.515443,3.306359,4.822252,400
1598870315.143065691,1.441552,3.302499,4.744491,400
1598870315.174041986,1.544994,3.297768,4.843352,400
1598870315.207991362,1.336551,3.288838,4.625869,400
1598870315.240746498,1.222120,3.287108,4.509718,400
1598870315.274333954,1.426742,3.292128,4.719290,400
1598870315.307538033,1.423742,3.289098,4.713560,400
1598870315.342672110,1.500203,3.280708,4.781431,400
1598870315.375653505,1.250650,3.289269,4.540359,400
1598870315.408261538,1.414762,3.282069,4.697371,400
1598870315.441337347,1.412632,3.284798,4.698160,400
1598870315.474532127,1.500543,3.027206,4.528299,400
1598870315.508520126,1.354542,3.596800,4.951852,400
1598870315.541349888,1.412232,3.597401,5.010083,400
1598870315.574959040,1.565293,3.601561,5.167274,400
1598870315.608934164,1.488883,3.599091,5.088444,400
1598870315.641079903,1.343081,3.590181,4.933742,400
1598870315.674834728,1.366552,4.398178,5.765230,400
1598870315.708920240,1.465722,3.933894,5.400226,400
1598870315.741806746,1.469723,3.910413,5.380616,400
1598870315.775614262,1.357662,4.880361,6.238553,400
1598870315.809320927,1.375212,4.941123,6.316765,400
1598870315.843322754,1.386712,4.874882,6.262014,400
1598870315.876750708,1.407332,4.385478,5.793350,400
1598870315.910326242,1.442562,3.866783,5.309825,400
1598870315.943907738,1.240610,3.867114,5.108194,400
1598870315.978296757,1.519163,3.865613,5.385226,400
1598870316.010971069,1.343621,4.885572,6.229823,400
1598870316.047680378,1.254771,4.860822,6.116043,400
1598870316.080493450,1.522013,4.584989,6.107712,400
1598870316.115196466,1.474253,5.848360,7.323093,400
1598870316.147688627,1.233011,5.809850,7.043331,400
1598870316.179955482,1.294571,5.639839,6.934910,400
1598870316.213324308,1.352271,4.805932,6.158713,400
1598870316.245746136,1.447613,4.318247,5.766300,400
1598870316.284399748,1.549663,3.479180,5.029393,400
1598870316.314506769,1.513123,3.467200,4.980883,400
1598870316.348238707,1.411632,3.851823,5.263925,400
1598870316.380599260,1.375322,4.807021,6.182883,400
1598870316.416628599,1.320161,4.817132,6.137773,400
1598870316.449442625,1.424112,4.346667,5.771269,400
1598870316.481508017,1.575263,4.335218,5.910911,400
1598870316.515311480,1.599704,4.322017,5.922191,400
1598870316.548291683,1.404152,4.328227,5.732859,400
1598870316.582056761,1.353551,4.332408,5.686449,400
1598870316.616549492,1.395162,4.318827,5.714589,400
1598870316.649256706,1.400572,3.460980,4.862082,400
1598870316.682336807,1.470882,3.461190,4.932622,400
1598870316.716870070,1.464913,3.796962,5.262325,400
1598870316.749697447,1.326712,3.796982,5.124194,400
1598870316.783555746,1.582253,3.908424,5.491107,400
1598870316.817572117,1.395061,3.911024,5.306725,400
1598870316.850106478,1.513163,3.907094,5.420667,400
1598870316.884966850,1.361442,3.914053,5.275975,400
1598870316.919856071,1.538333,4.381518,5.920401,400
1598870316.951842308,1.497043,4.391638,5.889111,400
1598870316.987484217,1.600674,4.386858,5.987942,400
1598870317.020028591,1.581334,4.313367,5.895121,400
1598870317.052975416,1.505533,4.302317,5.808280,400
1598870317.085888386,1.311022,4.315257,5.626739,400
1598870317.120259523,1.415082,3.910294,5.325816,400
1598870317.153035164,1.411782,3.905253,5.317485,400
1598870317.191620350,1.230940,3.151037,4.382387,400
1598870317.221252441,1.612324,3.157737,4.770531,400
1598870317.257491112,1.340381,3.934844,5.275645,400
1598870317.289801359,1.546883,3.979434,5.526747,400
1598870317.323275805,1.372232,4.446208,5.818900,400
1598870317.355293989,1.332942,4.460238,5.793660,400
1598870317.392607450,1.429582,4.948312,6.378364,400
1598870317.422075748,1.580464,4.934532,6.515376,400
1598870317.460950136,1.314482,4.935342,6.250294,400
1598870317.489223719,1.523143,5.432107,6.955710,400
1598870317.527237177,1.591103,4.323347,5.914870,400
1598870317.557659626,1.505313,4.337507,5.843320,400
1598870317.592058659,1.552223,4.323517,5.876460,400
1598870317.623734474,1.577283,4.336038,5.913761,400
1598870317.657361031,1.517203,4.322328,5.839961,400
1598870317.690374136,1.590383,4.406458,5.997321,400
1598870317.726619720,1.478313,4.332717,5.811570,400
1598870317.758325577,1.289251,4.825901,6.115562,400
1598870317.791766167,1.541563,4.886492,6.428685,400
1598870317.826056004,1.379462,4.874342,6.254254,400
1598870317.859279633,1.775125,4.945733,6.721348,400
1598870317.897512197,1.358921,4.889312,6.248823,400
1598870317.928378344,1.562913,4.889792,6.453155,400
1598870317.959872961,1.427112,4.890352,6.317904,400
1598870317.993092537,1.573204,4.941242,6.514896,400
1598870318.027270794,1.405742,4.965943,6.372175,400
1598870318.061166763,1.480313,4.939532,6.420305,400
1598870318.096862555,1.374212,4.470198,5.845050,400
1598870318.129112720,1.342021,4.005365,5.348006,400
1598870318.161643505,1.482863,3.940853,5.424136,400
1598870318.195861578,1.366782,3.930734,5.298126,400
1598870318.228675365,1.535903,3.601331,5.137704,400
1598870318.261873722,1.463322,3.607531,5.071243,400
1598870318.296485901,1.476523,3.668971,5.146004,400
1598870318.329399347,1.377592,3.679002,5.057074,400
1598870318.363593340,1.324521,3.620201,4.945282,400
1598870318.396751881,1.349972,3.599301,4.949733,400
1598870318.431883097,1.580594,3.608611,5.189665,400
1598870318.470117569,1.377382,3.594100,4.971912,400
1598870318.499569416,1.529093,3.736872,5.266435,400
1598870318.532965183,1.386252,3.743962,5.130674,400
1598870318.565992355,1.236460,3.714472,4.951332,400
1598870318.601898432,2.148449,3.725861,5.874780,398
1598870318.633889675,2.036408,3.553240,5.590148,398
1598870318.666064262,1.368262,3.537170,4.905912,400
1598870318.699599504,1.420092,3.473210,4.893732,400
1598870318.732304811,2.149258,3.477460,5.627098,398
1598870318.765653133,1.468683,3.395709,4.864882,400
1598870318.798727989,1.545163,3.456170,5.001763,400
1598870318.834152699,2.239399,3.391009,5.630838,398
1598870318.866448402,1.500423,3.394949,4.895792,400
1598870318.900316715,1.552503,3.459850,5.012863,400
1598870318.933723211,2.245429,3.619461,5.865290,398
1598870318.967565775,1.522793,3.524801,5.049474,400
1598870319.000893831,1.563993,3.595221,5.159664,400
1598870319.034172535,2.143658,3.472670,5.616818,398
1598870319.068247557,1.477713,3.458769,4.936922,400
1598870319.101869822,1.514393,3.407509,4.922512,400
1598870319.135500908,2.238669,3.443440,5.682539,398
1598870319.170122147,1.463092,3.415770,4.881072,400
1598870319.202092171,1.634654,3.537830,5.172954,400
1598870319.235824585,2.248169,3.290769,5.539418,398
1598870319.269188643,1.424242,3.091567,4.516259,400
1598870319.303364277,1.479882,3.271458,4.751790,400
1598870319.336455345,1.463103,3.279258,4.742841,400
1598870319.370478153,1.466662,3.271038,4.738270,400
1598870319.404536724,1.504633,3.280948,4.786001,400
1598870319.438092947,1.480053,3.011955,4.492368,400
1598870319.443290710,1.381892,3.001396,4.383718,400
1598870319.470552206,1.643685,3.349078,4.993163,400
1598870319.506296396,1.492763,3.728102,5.221265,400
1598870319.539142847,1.265361,4.112065,5.377836,400
1598870319.572031975,1.379251,4.103556,5.483227,400
1598870319.606073856,1.487662,4.114386,5.602488,400
1598870319.639772654,1.379662,4.100695,5.480757,400
1598870319.674266815,1.456863,4.100345,5.557688,400
1598870319.706929207,1.502083,4.177265,5.679818,400
1598870319.739823818,1.501293,4.169645,5.671378,400
1598870319.773696661,1.452923,4.239696,5.693079,400
1598870319.807823896,1.384722,4.239847,5.625079,400
1598870319.841531277,1.407552,4.234877,5.642909,400
1598870319.873735428,1.615724,3.854293,5.470537,400
1598870319.908320665,1.388382,4.166316,5.555168,400
1598870319.941941977,1.455703,4.169985,5.626168,400
1598870319.976604462,1.569364,4.175755,5.745639,400
1598870320.009124756,1.355052,4.172946,5.528748,400
1598870320.043605566,1.400372,4.153895,5.554777,400
1598870320.075429916,1.526073,4.160516,5.686979,400
1598870320.109898567,1.481013,4.173426,5.654869,400
1598870320.142592907,1.311751,4.157916,5.470117,400
1598870320.177155256,1.516293,4.153406,5.670179,400
1598870320.209930420,1.469353,4.165865,5.635718,400
1598870320.244346857,1.200971,4.162145,5.363576,400
1598870320.276921272,1.535703,4.166436,5.702639,400
1598870320.311266422,1.570124,4.144115,5.714689,400
1598870320.344296455,1.571114,4.163665,5.735149,400
1598870320.379025698,1.380872,4.175946,5.557268,400
1598870320.412938356,1.498073,4.148315,5.646878,400
1598870320.445755243,1.409382,4.149916,5.559778,400
1598870320.479271889,1.393272,4.157476,5.551178,400
1598870320.512860775,1.450263,4.220956,5.671739,400
1598870320.545920134,1.423122,4.278727,5.702289,400
1598870320.579672337,1.511902,4.156136,5.668488,400
1598870320.613162279,1.347831,0.059001,1.407342,400
1598870320.653259993,1.156900,0.058121,1.215461,400
1598870320.680454731,1.229770,0.055361,1.285411,400
1598870320.713974953,1.237271,0.055800,1.293401,400
1598870320.747580051,1.101469,0.054531,1.156280,400
1598870320.781067610,1.222660,0.055391,1.278321,400
1598870320.815293074,1.217880,0.056150,1.274280,400
1598870320.848992825,1.136970,0.054550,1.191770,400
1598870320.882158279,1.262601,0.055340,1.318201,400
1598870320.916920424,1.216561,0.054120,1.270971,400
1598870320.949328184,1.136080,0.055580,1.191910,400
1598870320.982674837,1.263551,0.055040,1.318841,400
1598870321.017041683,1.225041,0.055850,1.281161,400
1598870321.050216913,1.110330,0.057421,1.168011,400
1598870321.083498478,1.228641,0.056440,1.285331,400
1598870321.117993355,1.228551,0.055490,1.284291,400
1598870321.150711536,1.115019,0.055401,1.170680,400
1598870321.184262753,1.221370,0.053901,1.275531,400
1598870321.218251228,1.225030,0.054831,1.280091,400
1598870321.251235962,1.105349,0.054551,1.160160,400
1598870321.285100222,1.242621,0.053501,1.296382,400
1598870321.319456339,1.220830,0.054761,1.275831,400
1598870321.352365494,1.136840,0.053940,1.191040,400
1598870321.385728121,1.250450,0.053631,1.304351,400
1598870321.420357466,1.244260,0.058031,1.302661,400
1598870321.453444004,1.108310,0.052940,1.161480,400
1598870321.487007618,1.223710,0.053821,1.277761,400
1598870321.521161318,1.209770,0.057021,1.267051,400
1598870321.561419249,1.107369,0.054211,1.161850,400
1598870321.587396622,1.241200,0.054741,1.296181,400
1598870321.621576309,1.234590,0.054771,1.289601,400
1598870321.654647827,1.109970,0.053620,1.163840,400
1598870321.689020157,1.213311,0.053600,1.267161,400
1598870321.722354650,1.248261,0.058340,1.307041,400
1598870321.755492210,1.131890,0.053710,1.185870,400
1598870321.789577723,1.232401,0.054021,1.286682,400
1598870321.823559999,1.203350,0.054430,1.258080,400
1598870321.856939554,1.099069,0.090981,1.190310,400
1598870321.890625000,1.248181,0.066751,1.315342,400
1598870321.924600840,1.947607,0.174932,2.122819,398
1598870321.957696199,1.165680,0.069810,1.235840,400
1598870321.991748095,1.220040,0.071461,1.291831,400
1598870322.025464773,1.246301,0.067250,1.313821,400
1598870322.058881521,1.135980,0.070610,1.206860,400
1598870322.092509985,1.206670,0.068561,1.275571,400
1598870322.126093388,1.224980,0.074241,1.299541,400
1598870322.159665346,1.169330,0.076101,1.245771,400
1598870322.193186998,1.210500,0.073981,1.285001,400
1598870322.227451801,1.224400,0.073641,1.298291,400
1598870322.259702206,1.150080,4.166865,5.317295,400
1598870322.294028521,1.614104,3.650141,5.264745,400
1598870322.327309608,1.493333,4.062545,5.556318,400
1598870322.360833168,2.138268,4.089805,6.228583,398
1598870322.394134521,1.379402,4.061264,5.441166,400
1598870322.428426266,1.307582,4.056104,5.364236,400
1598870322.461620569,1.394182,3.930704,5.325356,400
1598870322.495246649,1.337172,3.934463,5.272215,400
1598870322.529731035,1.529114,3.940933,5.470517,400
1598870322.561777115,1.259801,3.999974,5.260335,400
1598870322.596065998,1.547664,3.987894,5.536048,400
1598870322.633369446,1.354271,3.994264,5.349065,400
1598870322.663111687,1.371482,4.013994,5.385916,400
1598870322.698165178,1.363402,4.431708,5.795660,400
1598870322.737470627,1.433902,4.433068,5.867460,400
1598870322.769310951,1.275301,4.406838,5.682689,400
1598870322.799496174,1.440322,4.409648,5.850490,400
1598870322.833736420,1.460552,4.420878,5.881930,400
1598870322.867280006,1.364002,4.410898,5.775420,400
1598870322.898779154,1.470883,4.404168,5.875531,400
1598870322.932728052,1.469253,4.413577,5.883550,400
1598870322.965968609,1.353032,4.430358,5.783980,400
1598870322.997695923,1.490063,4.414137,5.904650,400
1598870323.036931753,1.493573,4.422618,5.916691,400
1598870323.065308332,1.396552,4.000994,5.398066,400
1598870323.098632812,1.356201,4.078125,5.434816,400
1598870323.132477045,1.510283,4.052175,5.562938,400
1598870323.167369843,1.420462,4.058725,5.479677,400
1598870323.199813128,1.391722,3.999624,5.391776,400
1598870323.232047558,1.503353,4.001484,5.505227,400
1598870323.264645338,1.298671,3.984774,5.283925,400
1598870323.299522638,1.551053,3.998594,5.550047,400
1598870323.330925226,1.385512,3.995714,5.381726,400
1598870323.365608454,1.466572,3.993585,5.460567,400
1598870323.399928808,1.328132,4.054225,5.382837,400
1598870323.432835102,1.531343,4.058455,5.590228,400
1598870323.466937542,1.206750,4.060445,5.267605,400
1598870323.498554945,1.494923,4.058395,5.553748,400
1598870323.531941414,1.359902,4.058645,5.419047,400
1598870323.564926147,1.407172,4.050915,5.458587,400
1598870323.599454403,1.565923,4.059005,5.625328,400
1598870323.631566525,1.385621,4.044655,5.430706,400
1598870323.666448355,2.249899,4.070215,6.320584,398
1598870323.699159861,1.394222,4.057945,5.452677,400
1598870323.733056307,2.327690,4.103915,6.432205,398
1598870323.766746283,1.298151,4.056725,5.355366,400
1598870323.798712492,2.331900,4.088015,6.420385,398
1598870323.836958647,1.366891,4.062055,5.429466,400
1598870323.865999222,1.361352,4.062334,5.424156,400
1598870323.898790359,1.335282,4.046144,5.381956,400
1598870323.931812763,1.531933,3.648942,5.181315,400
1598870323.969482899,1.362062,4.065115,5.427617,400
1598870324.000771999,1.548723,4.058315,5.607448,400
1598870324.031653881,2.167108,4.030655,6.198263,398
1598870324.069382906,1.522703,3.598131,5.121294,400
1598870324.099595785,1.506423,3.737822,5.244865,400
1598870324.136724710,2.285900,3.752582,6.038952,398
1598870324.168381214,1.271221,3.728451,5.000142,400
1598870324.198777437,1.468883,3.711412,5.180765,400
1598870324.232637882,1.563223,3.717362,5.281115,400
1598870324.265975952,1.328661,3.720912,5.050013,400
1598870324.300669670,2.149988,3.760683,5.911141,398
1598870324.333238125,1.393431,3.733633,5.127514,400
1598870324.367051840,1.369762,3.731552,5.101764,400
1598870324.399645805,1.530763,3.745733,5.276976,400
1598870324.431702137,1.405722,3.759202,5.165374,400
1598870324.469625473,1.289201,3.742382,5.032093,400
1598870324.498136520,1.301741,3.730602,5.032803,400
1598870324.531941891,1.597714,3.767452,5.365876,400
1598870324.571505547,1.342751,3.746573,5.089774,400
1598870324.603048086,2.124919,3.778432,5.903811,398
1598870324.634683609,2.156999,3.764932,5.922421,398
1598870324.668345690,1.323722,3.758602,5.082824,400
1598870324.699865818,1.300761,3.744052,5.045263,400
1598870324.732786655,2.276130,3.762612,6.039202,398
1598870324.766900778,2.244729,3.763002,6.008201,398
1598870324.799518347,2.234599,3.751233,5.986362,398
1598870324.832401991,2.377871,3.772082,6.150393,398
1598870324.868736982,2.122068,3.752612,5.875170,398
1598870324.900246620,2.243819,3.766593,6.010952,396
1598870324.932829857,2.141088,3.758442,5.899990,396
1598870324.966533422,1.405142,3.765232,5.171084,400
1598870324.999666214,4.092075,3.834423,7.927068,394
1598870325.033710718,2.387000,3.792083,6.179563,398
1598870325.067481041,1.450012,3.774473,5.225015,400
1598870325.100759745,2.149179,3.792322,5.942021,398
1598870325.133071184,2.164059,3.778022,5.942671,398
1598870325.168446541,2.057908,3.779932,5.838300,398
1598870325.199736357,2.161348,3.769123,5.931111,398
1598870325.233027935,3.336348,3.817363,7.154191,398
1598870325.266637325,1.255791,3.791422,5.047713,400
1598870325.299462080,1.538663,3.783973,5.323236,400
1598870325.332410574,1.372641,3.781583,5.154704,400
1598870325.365797520,1.267690,3.774913,5.043043,400
1598870325.400698185,1.556013,3.858424,5.414947,400
1598870325.432853222,1.370352,3.844843,5.215635,400
1598870325.468655109,1.338242,3.837083,5.175725,400
1598870325.506656408,1.557704,3.829323,5.387477,400
1598870325.534451485,1.447632,4.296557,5.744629,400
1598870325.569430828,1.406032,4.300377,5.706829,400
1598870325.601314545,1.533523,4.239916,5.773959,400
1598870325.633603811,1.330902,4.250166,5.581528,400
1598870325.672071695,1.358732,4.245136,5.604328,400
1598870325.702342749,1.494212,4.171806,5.666498,400
1598870325.734167337,1.468922,4.187046,5.656388,400
1598870325.768538713,1.361682,4.167696,5.529838,400
1598870325.802857876,1.492813,4.177125,5.670428,400
1598870325.834856987,1.566134,4.186665,5.753199,400
1598870325.870270252,1.522923,4.175286,5.698629,400
1598870325.902930498,1.338651,3.792873,5.132014,400
1598870325.937225819,1.570884,3.788502,5.359826,400
1598870325.972326756,3.908673,3.953084,7.862297,398
1598870326.002434492,1.471113,3.898593,5.370136,400
1598870326.036561489,1.618344,3.893203,5.511997,400
1598870326.070423603,1.389552,3.943974,5.334016,400
1598870326.102378845,1.601984,3.954914,5.557428,400
1598870326.135719538,1.373941,4.014795,5.389206,400
1598870326.168991089,1.407782,4.467348,5.875560,400
1598870326.208754778,1.528223,4.899882,6.428555,400
1598870326.239023447,1.379512,3.932523,5.312515,400
1598870326.271058083,1.493213,3.930124,5.423807,400
1598870326.304430962,1.398311,4.409028,5.807759,400
1598870326.337688923,1.520163,4.408518,5.929131,400
1598870326.371186972,1.393142,4.877811,6.271413,400
1598870326.407877445,1.305032,4.930232,6.235714,400
1598870326.438144207,1.542483,5.440657,6.983610,400
1598870326.471760750,1.458243,4.838351,6.297074,400
1598870326.505515814,1.369522,4.871791,6.241933,400
1598870326.545213938,4.173496,4.966672,9.140608,398
1598870326.574096680,1.462343,4.915742,6.378555,400
1598870326.609528303,1.408922,4.890982,6.300394,400
1598870326.616403341,1.536993,4.048075,5.585498,400
1598870326.640871286,1.286951,4.051795,5.339246,400
1598870326.673834562,1.494013,4.120575,5.615058,400
1598870326.708793402,1.598584,4.588300,6.187304,400
1598870326.743406773,1.440652,4.136535,5.577687,400
1598870326.774043798,1.317761,4.103195,5.421446,400
1598870326.807675600,1.410462,4.584699,5.995651,400
1598870326.840982676,1.397952,4.448168,5.846610,400
1598870326.875091314,1.428972,4.433298,5.862910,400
1598870326.908701658,1.460173,4.455068,5.915711,400
1598870326.942350864,1.378961,4.454549,5.833930,400
1598870326.975772142,3.863634,4.507818,8.371932,398
1598870327.009655476,1.365622,4.395467,5.761829,400
1598870327.046236038,1.364582,4.409058,5.774110,400
1598870327.075883150,1.420652,4.393877,5.814989,400
1598870327.110106468,3.437420,4.432608,7.870498,398
1598870327.143759012,1.401982,4.409368,5.811790,400
1598870327.179587126,1.501653,4.402918,5.905101,400
1598870327.211170435,1.493833,4.311307,5.805650,400
1598870327.248606205,1.467953,4.339077,5.807530,400
1598870327.279441118,1.522883,4.313507,5.836800,400
1598870327.312255621,1.406522,4.314157,5.721159,400
1598870327.345601320,1.552103,4.813892,6.366465,400
1598870327.380626440,1.392272,4.813152,6.205884,400
1598870327.413817883,1.401822,4.816182,6.218444,400
1598870327.446627378,1.528673,4.814751,6.343854,400
1598870327.480246305,1.437772,4.815851,6.254093,400
1598870327.513420582,1.350952,4.805961,6.157363,400
1598870327.547850609,1.499943,4.818251,6.318654,400
1598870327.580568075,1.364901,4.802262,6.167583,400
1598870327.614163160,1.397032,4.813392,6.210854,400
1598870327.648021936,1.506833,4.843912,6.351205,400
1598870327.684382439,1.407583,4.818721,6.226984,400
1598870327.714524508,1.330081,4.805551,6.136142,400
1598870327.749198914,1.497453,4.817141,6.314984,400
1598870327.782230377,1.418172,4.383538,5.802230,400
1598870327.820271730,1.433883,4.390497,5.824910,400
1598870327.850833416,1.439673,4.395547,5.835690,400
1598870327.882875919,1.494463,4.861511,6.356404,400
1598870327.917214394,1.357242,4.882922,6.240604,400
1598870327.950484991,1.464803,4.857631,6.322814,400
1598870327.983711481,1.384342,4.894852,6.279714,400
1598870328.017683744,1.541503,4.887992,6.430005,400
1598870328.051195145,1.433722,4.866682,6.300834,400
1598870328.084406614,1.319821,4.862532,6.182853,400
1598870328.121400118,1.576913,4.866422,6.443815,400
1598870328.152587891,1.361532,4.791231,6.153243,400
1598870328.185559511,1.374422,4.797452,6.172314,400
1598870328.222349644,1.557963,4.788601,6.347014,400
1598870328.253145218,3.354199,4.852681,8.207360,396
1598870328.289960861,1.456043,5.337475,6.793928,400
1598870328.322155237,1.408822,5.316046,6.725338,400
1598870328.352839470,3.324729,5.325055,8.650284,398
1598870328.396809578,1.534183,5.802480,7.337103,400
1598870328.422904015,1.429982,5.773010,7.203442,400
1598870328.456682920,1.544783,5.771169,7.316392,400
1598870328.492250443,1.461313,5.760449,7.222192,400
1598870328.521368027,1.400602,5.763819,7.164971,400
1598870328.555885077,1.498683,5.762739,7.261822,400
1598870328.590665340,1.450092,5.777810,7.228562,400
1598870328.622526646,1.356561,5.773620,7.130721,400
1598870328.656279564,1.534193,5.850130,7.384883,400
1598870328.689978361,1.401042,5.825560,7.227152,400
1598870328.726951599,1.436022,5.372036,6.808538,400
1598870328.760365486,1.328042,5.362006,6.690458,400
1598870328.792232513,1.401023,4.806591,6.208214,400
1598870328.826672316,1.348461,4.806621,6.155532,400
1598870328.861239910,1.512213,4.801181,6.313874,400
1598870328.890982389,1.395902,4.804631,6.200903,400
1598870328.960391045,1.467023,4.828931,6.296414,400
1598870328.991899729,1.496663,4.803811,6.300894,400
1598870329.025846958,1.364501,4.807771,6.172722,400
1598870329.059715033,1.521264,4.812581,6.334305,400
1598870329.093268394,1.418592,4.814531,6.233573,400
1598870329.126205206,1.407502,4.816991,6.224903,400
1598870329.161081076,1.518853,4.806871,6.326194,400
1598870329.193467617,1.454272,4.806231,6.260943,400
1598870329.227244377,1.374832,4.827161,6.202423,400
1598870329.262216091,1.507883,4.818721,6.327004,400
1598870329.294365406,1.432692,5.424257,6.857379,400
1598870329.328763485,1.491243,4.383747,5.875420,400
1598870329.363110065,1.413232,4.376107,5.789749,400
1598870329.402828932,1.509693,4.397578,5.907721,400
1598870329.432687283,1.434983,4.924462,6.359915,400
1598870329.464871407,1.326652,4.910762,6.237804,400
1598870329.495794773,1.541363,4.915782,6.457565,400
1598870329.530025482,1.447212,4.907432,6.355114,400
1598870329.565288305,1.528253,4.935393,6.464126,400
1598870329.596569538,1.405462,4.903962,6.309984,400
1598870329.631986856,1.627384,4.918772,6.546636,400
1598870329.665629148,1.369932,4.891012,6.261374,400
1598870329.697524309,1.576114,5.842930,7.419604,400
1598870329.737856627,1.416852,5.822580,7.239872,400
1598870329.768435001,1.393502,5.805109,7.199031,400
1598870329.801205635,1.536063,5.355186,6.891709,400
1598870329.832805872,1.530053,4.285337,5.815860,400
1598870329.867994785,1.490932,4.770161,6.261553,400
1598870329.900008917,1.445902,4.788341,6.234693,400
1598870329.936467648,1.368742,4.794341,6.163553,400
1598870329.968059063,1.521863,4.772461,6.294804,400
1598870330.004143476,1.416152,4.836072,6.252734,400
1598870330.035241365,1.378862,5.347916,6.727208,400
1598870330.068799257,1.316831,5.407637,6.724918,400
1598870330.102279663,1.432583,5.967251,7.400274,400
1598870330.135868073,1.319261,7.315493,8.635254,400
1598870330.169058561,1.312312,8.021999,9.334811,400
1598870330.200634718,1.508113,8.254961,9.763454,400
1598870330.232786894,1.557723,8.151180,9.709423,400
1598870330.267039537,1.279611,8.898246,10.178287,400
1598870330.301518202,1.507843,8.911406,10.419699,400
1598870330.333343506,1.398932,9.753964,11.153366,400
1598870330.368246317,1.260121,8.281341,9.541862,400
1598870330.402450085,1.400102,8.989387,10.389969,400
1598870330.433042288,1.584604,9.969985,11.555029,400
1598870330.468514919,1.349552,11.720240,13.070452,400
1598870330.500186443,1.575504,10.815523,12.391507,400
1598870330.533293009,1.895436,10.836223,12.732149,400
1598870330.570946455,1.548744,10.841533,12.390717,400
1598870330.604821205,1.363492,11.650810,13.015262,400
1598870330.634618521,1.332261,11.606350,12.939191,400
1598870330.667138338,1.236670,11.640250,12.877370,400
1598870330.700156212,1.279481,11.727231,13.007152,400
1598870330.738394260,1.577693,11.731561,13.309744,400
1598870330.773112535,1.374601,10.832353,12.207414,400
1598870330.801710367,1.345722,10.827713,12.173895,400
1598870330.836896181,1.615333,11.747631,13.363364,400
1598870330.869791508,1.376002,12.630238,14.006820,400
1598870330.902379990,1.459203,12.632258,14.092011,400
1598870330.937021255,1.342752,12.642228,13.985570,400
1598870330.969388008,1.329911,12.592158,13.922519,400
1598870331.002120495,1.297011,12.680369,13.977830,400
1598870331.036082268,1.326932,12.699449,14.026871,400
1598870331.070660114,1.701155,12.670689,14.372354,400
1598870331.101913214,1.745795,12.630148,14.376563,400
1598870331.133449078,1.717395,12.984651,14.702616,400
1598870331.168487072,1.526693,13.896469,15.423662,400
1598870331.202542543,1.712655,12.622828,14.335963,400
1598870331.235889912,1.638584,12.855240,14.494504,400
1598870331.272726536,1.692185,14.837537,16.530652,400
1598870331.300397158,1.823715,16.031438,17.855643,400
1598870331.335750103,1.499593,16.014737,17.514820,400
1598870331.368137360,1.420352,14.931138,16.352000,400
1598870331.401725292,1.504323,16.087188,17.592051,400
1598870331.434878826,1.607124,14.962848,16.570522,400
1598870331.468555450,1.369212,14.959988,16.329630,400
1598870331.501979113,1.551413,14.964918,16.517161,400
1598870331.535868406,1.357302,14.966358,16.324150,400
1598870331.569629669,1.520903,17.124917,18.646230,400
1598870331.605450630,1.443612,17.163147,18.607259,400
1598870331.640926838,1.401112,17.188918,18.590520,400
1598870331.669196367,1.420642,17.171327,18.592419,400
1598870331.701930523,1.553323,16.221760,17.775563,400
1598870331.735249519,1.547803,17.199437,18.747860,400
1598870331.769434214,1.290241,16.175889,17.466640,400
1598870331.801749945,1.437813,16.212958,17.651291,400
1598870331.834114075,1.518094,15.052739,16.571313,400
1598870331.869365692,1.275951,15.069169,16.345670,400
1598870331.901998043,1.470062,15.074520,16.545022,400
1598870331.936051130,1.283872,12.211564,13.496006,400
1598870331.969447374,1.521983,12.158654,13.681347,400
1598870332.005061865,1.853405,12.145825,13.999700,400
1598870332.037987709,1.768095,12.913551,14.682096,400
1598870332.071871996,1.758115,12.641258,14.399863,400
1598870332.102293730,1.456113,11.031504,12.488117,400
1598870332.134748697,1.397772,9.392121,10.790373,400
1598870332.169798374,1.604784,9.367360,10.972604,400
1598870332.202378273,1.395672,9.357220,10.753422,400
1598870332.235997915,1.468742,9.367011,10.836253,400
1598870332.273408890,1.458282,9.292970,10.751732,400
1598870332.301796913,1.528733,9.296229,10.825422,400
1598870332.335623264,1.271681,8.610194,9.882445,400
1598870332.369557619,1.245000,8.605864,9.851324,400
1598870332.402754068,1.277161,8.601514,9.879115,400
1598870332.435450792,1.350821,8.619894,9.971165,400
1598870332.473525286,1.249141,7.858717,9.108408,400
1598870332.503077269,2.273489,7.867998,10.141997,398
1598870332.537637949,1.423342,7.846127,9.270069,400
1598870332.571096897,1.307081,7.855378,9.162909,400
1598870332.604836226,1.674535,7.768006,9.443171,400
1598870332.635118008,1.638524,7.769956,9.409130,400
1598870332.670560122,1.518763,8.943667,10.462970,400
1598870332.703134298,1.537473,7.146351,8.684794,400
1598870332.735426188,1.655475,8.546613,10.202978,400
1598870332.769904852,1.590083,7.431974,9.023477,400
1598870332.802231073,1.681614,8.102060,9.784224,400
1598870332.835824490,1.256201,7.413293,8.669934,400
1598870332.871543407,1.373962,7.386383,8.760825,400
1598870332.905776024,1.369752,6.967110,8.337302,400
1598870332.938063383,1.487152,6.985780,8.473532,400
1598870332.972288370,1.289961,6.960690,8.251171,400
1598870333.002413988,1.225560,6.951130,8.177190,400
1598870333.036639214,1.391401,6.931460,8.323391,400
1598870333.071447372,1.388662,6.928659,8.317771,400
1598870333.102968454,1.532423,6.919849,8.452792,400
1598870333.136487007,1.340711,6.933540,8.274791,400
1598870333.170451403,1.260281,7.577594,8.838345,400
1598870333.202231884,1.269741,8.295481,9.565702,400
1598870333.235624790,1.358452,8.940716,10.299688,400
1598870333.270651579,1.269821,8.087420,9.357741,400
1598870333.302201271,1.436813,7.227962,8.665245,400
1598870333.335695267,1.488822,6.531926,8.021238,400
1598870333.375126600,1.372942,6.481706,7.855158,400
1598870333.403541565,1.487563,5.856220,7.344313,400
1598870333.440710545,1.321321,5.842291,7.164072,400
1598870333.472744703,1.511922,5.842621,7.354983,400
1598870333.504637718,1.341171,5.857931,7.199672,400
1598870333.538643837,1.363071,5.846500,7.210101,400
1598870333.570433378,1.548574,7.207031,8.756045,400
1598870333.603822947,1.307551,7.204972,8.512963,400
1598870333.636035442,1.440472,7.176342,8.617304,400
1598870333.670950413,1.474972,6.560027,8.035519,400
1598870333.703107357,1.423803,5.931161,7.355484,400
1598870333.736450195,1.289121,5.906721,7.196362,400
1598870333.771052122,1.541613,5.905371,7.447454,400
1598870333.803097963,1.309801,5.382717,6.693168,400
1598870333.841237068,1.369322,5.926111,7.296053,400
1598870333.870228529,1.286301,5.978031,7.264872,400
1598870333.904429913,1.423182,5.923791,7.347433,400
1598870333.939429760,1.299571,5.915691,7.215712,400
1598870333.971649647,1.474053,5.913531,7.387994,400
1598870334.005620718,1.332171,5.377636,6.710278,400
1598870334.040048838,1.435122,5.382906,6.818468,400
1598870334.073060751,1.423722,5.383516,6.807868,400
1598870334.103146315,1.457163,5.360996,6.818589,400
1598870334.136570930,1.481833,5.359206,6.841679,400
1598870334.170663834,1.522443,5.369086,6.891989,400
1598870334.204605579,1.522513,5.366896,6.889819,400
1598870334.237223387,1.516333,5.352656,6.869499,400
1598870334.271036625,1.509123,5.369036,6.878609,400
1598870334.307419777,1.521853,5.866751,7.389034,400
1598870334.338745594,1.434762,5.372926,6.808148,400
1598870334.372439623,1.362441,5.377616,6.740507,400
1598870334.406557322,1.476333,5.460337,6.937210,400
1598870334.437675476,1.486592,5.419607,6.906619,400
1598870334.470941067,1.493993,5.445416,6.939899,400
1598870334.503338099,1.381592,5.422606,6.804678,400
1598870334.537724972,1.543073,5.974061,7.517554,400
1598870334.573980808,1.319472,5.958381,7.278323,400
1598870334.604377270,1.494352,5.908241,7.403023,400
1598870334.637575626,1.367742,5.865370,7.233532,400
1598870334.671753645,1.412092,5.378776,6.791288,400
1598870334.708757162,1.272621,5.377866,6.650947,400
1598870334.741165400,1.436712,5.380466,6.817588,400
1598870334.773241997,1.432002,4.819631,6.252103,400
1598870334.807905197,1.282951,4.336437,5.619858,400
1598870334.840295076,1.451263,4.334427,5.786230,400
1598870334.870886564,1.517654,4.321107,5.839201,400
1598870334.904663563,1.421683,4.327507,5.749670,400
1598870334.942739487,1.509483,4.332287,5.842340,400
1598870334.973073959,1.549093,3.863703,5.413216,400
1598870335.003959656,1.226891,3.863983,5.091294,400
1598870335.040939093,1.333791,4.399108,5.733299,400
1598870335.072045088,1.345801,3.872293,5.218594,400
1598870335.107483387,1.449562,3.852193,5.302205,400
1598870335.138565540,1.396902,3.847443,5.244775,400
1598870335.171449184,1.333011,3.920154,5.253595,400
1598870335.205330849,1.446972,3.944294,5.391696,400
1598870335.238557100,1.382822,3.923403,5.306695,400
1598870335.271209240,1.548273,3.958814,5.507637,400
1598870335.304188728,1.285331,3.932854,5.218745,400
1598870335.337516308,1.564313,3.918394,5.483177,400
1598870335.372252226,1.466362,3.913834,5.380696,400
1598870335.405387878,1.486012,3.540891,5.027383,400
1598870335.439548492,1.546973,1.939237,3.486760,400
1598870335.472713470,2.195489,2.095458,4.291337,398
1598870335.505264282,4.409778,1.520463,5.930631,382
1598870335.540433884,2.537922,1.774335,4.312727,392
1598870335.572668791,2.203309,2.172398,4.376177,396
1598870335.608285189,1.552983,2.859045,4.412488,400
1598870335.639197826,1.444022,4.611140,6.055532,400
1598870335.672811747,1.532723,7.486194,9.019437,400
1598870335.706384659,1.581394,7.853187,9.434991,400
1598870335.745069504,1.488343,8.309771,9.798494,400
1598870335.771688938,1.560293,8.695455,10.256118,400
1598870335.805153608,1.345851,9.095278,10.441529,400
1598870335.838685274,1.564833,9.416121,10.981374,400
1598870335.873279333,1.524953,9.355550,10.880883,400
1598870335.906878710,1.496613,9.555512,11.052465,400
1598870335.939233065,1.483773,9.945665,11.429798,400
1598870335.973345041,1.601953,13.073083,14.675486,400
1598870336.013002157,1.325582,51.444271,52.770313,400
1598870336.038373232,1.423272,167.237805,168.663517,400
1598870336.071955442,1.497483,170.082369,171.583142,400
1598870336.105384350,1.510783,170.926396,172.440439,400
1598870336.140329123,1.639344,175.121192,176.764776,400
1598870336.177671909,2.477331,183.669175,186.150776,398
1598870336.207865477,2.335850,187.644419,189.983819,398
1598870336.238738537,2.526272,182.726847,185.256379,398
1598870336.272516489,2.392411,178.660122,181.056333,398
1598870336.307058811,1.464622,182.807008,184.274850,400
1598870336.340259552,1.836706,180.719620,182.559826,400
1598870336.375061035,2.821994,174.791269,177.616483,398
1598870336.407377005,1.845576,175.692707,177.542063,400
1598870336.441111088,2.030618,166.342106,168.376474,400
1598870336.473481894,2.608842,155.178301,157.790543,394
1598870336.507431030,1.784555,153.726889,155.514684,400
1598870336.540707827,2.608733,153.402135,156.014278,398
1598870336.574300766,2.288979,149.718825,152.011694,398
1598870336.613741636,1.722325,157.537691,159.263356,400
1598870336.639898539,1.870816,147.120102,148.994948,400
1598870336.674330711,1.492143,144.231337,145.727150,400
1598870336.707974434,2.327340,146.963311,149.294371,396
1598870336.741778612,1.652434,147.052512,148.708626,400
1598870336.773597956,2.509192,151.381998,153.894460,398
1598870336.807687521,2.377741,154.599236,156.980467,398
1598870336.840382576,2.421141,150.359240,152.783771,394
1598870336.878427267,2.481151,157.818924,160.304155,394
1598870336.908979893,3.155197,160.877960,164.036277,398
1598870336.942083597,2.388190,152.949142,155.340662,398
1598870336.975652695,2.608112,145.948872,148.560884,396
1598870337.008074045,3.783372,143.886584,147.673686,388
1598870337.041808844,3.878123,135.171229,139.052802,392
1598870337.073578835,5.384756,132.502236,137.890472,392
1598870337.110784531,3.927413,133.787158,137.718091,398
1598870337.144498587,3.984975,135.849155,139.837670,398
1598870337.177150011,4.053954,136.300009,140.357864,396
1598870337.208520412,2.349600,146.739979,149.093609,396
1598870337.243306398,4.852581,149.549603,154.405604,390
1598870337.273496628,2.275520,142.821805,145.100935,398
1598870337.308684826,5.359566,149.370431,154.733267,394
1598870337.344614029,2.587182,144.869862,147.460724,398
1598870337.373024940,2.240230,148.752985,150.996645,398
1598870337.408506870,1.421222,165.080646,166.505388,400
1598870337.441406488,1.508163,177.444422,178.956025,400
1598870337.474309921,1.459673,190.576054,192.039667,400
1598870337.508713245,3.745183,194.403277,198.151920,398
1598870337.539955139,3.892584,176.299832,180.196316,396
1598870337.573467731,1.564334,167.474346,169.042550,400
1598870337.609150648,2.275620,120.033090,122.312390,398
1598870337.641396284,1.636624,102.432939,104.073203,400
1598870337.673041105,1.598093,68.796431,70.398194,400
1598870337.713401794,4.862291,34.352385,39.218116,396
1598870337.741947412,4.676840,16.707074,21.386434,394
1598870337.777197361,1.608554,11.494668,13.103792,400
1598870337.810053349,4.785381,8.982228,13.768169,398
1598870337.842721224,4.897502,6.266144,11.164136,394
1598870337.878698587,5.318316,5.178945,10.497681,396
1598870337.910372734,1.216140,4.996523,6.213173,400
1598870337.942901611,1.504383,4.506518,6.011601,400
1598870337.975119114,1.498773,3.590511,5.089714,400
1598870338.008035421,1.374592,2.415190,3.790302,400
1598870338.042242050,5.400166,2.337850,7.738556,398
1598870338.074284792,6.319025,2.374170,8.693695,398
1598870338.109959126,1.471743,2.361190,3.833403,400
1598870338.142806053,1.546463,2.356411,3.903394,400
1598870338.174285650,1.587274,2.348650,3.936394,400
1598870338.208799839,1.522643,2.370250,3.893293,400
1598870338.242387533,1.623894,2.645633,4.269947,400
1598870338.274635077,1.487713,2.637173,4.125276,400
1598870338.307667017,1.364451,2.637933,4.002824,400
1598870338.341761827,3.101407,2.661292,5.763199,396
1598870338.375260353,1.464363,2.641023,4.105896,400
1598870338.407989502,1.279121,2.639053,3.918684,400
1598870338.442492008,1.336781,2.641003,3.978264,400
1598870338.475469112,1.339241,2.648363,3.988064,400
1598870338.508241892,1.528753,2.644163,4.173446,400
1598870338.542873383,1.501493,2.647173,4.149106,400
1598870338.575717688,3.974934,2.692213,6.667577,398
1598870338.608694315,4.888432,2.676553,7.565445,398
1598870338.641287804,1.455512,2.644763,4.100735,400
1598870338.673941135,1.542953,2.649363,4.192886,400
1598870338.708872795,1.361761,2.650913,4.013214,400
1598870338.740933418,2.235379,2.644603,4.880472,398
1598870338.775341511,1.408722,2.638032,4.047154,400
1598870338.809983253,2.144268,2.645713,4.790371,398
1598870338.843430519,1.383632,2.635822,4.019904,400
1598870338.874759436,1.413002,2.697513,4.110965,400
1598870338.909589529,5.667649,2.667813,8.335932,394
1598870338.942924500,5.568318,2.668473,8.237331,396
1598870338.976330757,1.374522,2.968906,4.343908,400
1598870339.010937214,1.465882,2.648783,4.115105,400
1598870339.042700291,1.433102,2.340870,3.774392,400
1598870339.076560974,1.473123,2.638202,4.111765,400
1598870339.110579014,1.280831,2.627223,3.908524,400
1598870339.144213676,1.450712,2.624073,4.075185,400
1598870339.178373575,1.360771,2.644263,4.005444,400
1598870339.210527897,1.383222,2.621892,4.005614,400
1598870339.246257305,1.600994,2.612902,4.214356,400
1598870339.279015779,1.405152,2.625843,4.031395,400
1598870339.311659575,1.361061,2.610083,3.971644,400
1598870339.345304251,1.435303,2.888594,4.324327,400
1598870339.378874302,1.655334,3.156727,4.812501,400
1598870339.412023306,1.155520,0.062761,1.218771,400
1598870339.448514938,1.213080,3.466850,4.680310,400
1598870339.479653597,1.589184,3.464080,5.053944,400
1598870339.512653351,1.499492,3.452630,4.952592,400
1598870339.545460939,1.466213,3.452140,4.918803,400
1598870339.579491377,1.553083,0.062531,1.616194,400
1598870339.612949848,1.163280,0.058990,1.222640,400
1598870339.653532505,1.200150,4.188016,5.388456,400
1598870339.680988550,1.648934,4.175846,5.825230,400
1598870339.714752436,1.254380,4.170366,5.425276,400
1598870339.748396635,1.515643,4.166106,5.682109,400
1598870339.780280113,1.620294,4.190425,5.811199,400
1598870339.813122988,1.440943,4.819291,6.260704,400
1598870339.847421646,1.502743,4.771301,6.274594,400
1598870339.879126549,1.353472,4.174755,5.528827,400
1598870339.884500980,1.481723,0.060620,1.542823,400
1598870339.912600279,1.208690,4.183176,5.392156,400
1598870339.947273254,1.418712,4.767721,6.186923,400
1598870339.981156111,1.262541,4.740321,6.003342,400
1598870340.012638807,1.383222,4.758331,6.142123,400
1598870340.046517611,1.479482,3.897774,5.377696,400
1598870340.080686092,1.351761,3.880584,5.232765,400
1598870340.113107204,1.312592,3.461809,4.774831,400
1598870340.146238327,1.418352,3.440680,4.859452,400
1598870340.180654764,1.335471,3.905064,5.240995,400
1598870340.214158058,1.522043,3.895054,5.417657,400
1598870340.247381687,1.434993,3.448339,4.883792,400
1598870340.282741785,1.468423,3.015515,4.484368,400
1598870340.313763618,1.572004,0.063530,1.635984,400
1598870340.347370148,1.236741,0.058000,1.295041,400
1598870340.380610228,1.071089,0.057621,1.128970,400
1598870340.412038326,1.237300,4.092265,5.329845,400
1598870340.448431969,1.601794,4.683010,6.285264,400
1598870340.480788469,1.505613,4.688160,6.194253,400
1598870340.512772799,1.451962,4.670170,6.122592,400
1598870340.546058655,1.337572,4.678710,6.016762,400
1598870340.579439640,1.473102,4.681120,6.154652,400
1598870340.613959312,1.529193,4.682711,6.212304,400
1598870340.646682739,2.267680,4.174366,6.442466,398
1598870340.679920435,2.339080,4.270516,6.610066,396
1598870340.716871023,6.301704,7.506404,13.808568,386
