# timestamp (sec),tracking,propagation,msckf update,slam update,slam delayed,re-tri & marg,total
1598870238.966464281082153,0.00197,0.00004,0.00021,0.00000,0.00000,0.00087,0.00308
1598870238.999444007873535,0.00242,0.00005,0.00189,0.00000,0.00088,0.00090,0.00614
1598870239.032275199890137,0.00237,0.00005,0.00005,0.00011,0.00000,0.00081,0.00339
1598870239.065094947814941,0.00196,0.00005,0.00003,0.00011,0.00000,0.00094,0.00309
1598870239.098911762237549,0.00230,0.00009,0.00032,0.00015,0.00000,0.00087,0.00372
1598870239.131494522094727,0.00195,0.00004,0.00016,0.00010,0.00000,0.00066,0.00291
1598870239.166377544403076,0.00213,0.00006,0.00003,0.00012,0.00000,0.00122,0.00358
1598870239.200424194335938,0.00187,0.00005,0.00018,0.00011,0.00000,0.00091,0.00312
1598870239.265804290771484,0.00224,0.00008,0.00021,0.00012,0.00000,0.00072,0.00338
1598870239.299389123916626,0.00173,0.00005,0.00013,0.00012,0.00000,0.00073,0.00276
1598870239.334681987762451,0.00210,0.00007,0.00023,0.00011,0.00008,0.00098,0.00358
1598870239.399705886840820,0.00185,0.00007,0.00023,0.00011,0.00000,0.00074,0.00300
1598870239.432891607284546,0.00178,0.00007,0.00009,0.00013,0.00000,0.00095,0.00301
1598870239.466419696807861,0.00167,0.00005,0.00006,0.00014,0.01649,0.00064,0.01905
1598870239.507371425628662,0.00234,0.00013,0.00003,0.00255,0.00000,0.00092,0.00598
1598870239.565568447113037,0.00191,0.00011,0.00010,0.00250,0.00077,0.00072,0.00611
1598870239.599246263504028,0.00192,0.00010,0.00021,0.00293,0.00000,0.00085,0.00601
1598870239.632615327835083,0.00202,0.00009,0.00000,0.00276,0.00000,0.00070,0.00557
1598870239.665606498718262,0.00193,0.00007,0.00007,0.00263,0.00000,0.00071,0.00542
1598870239.699188709259033,0.00203,0.00010,0.00001,0.00259,0.00000,0.00072,0.00544
1598870239.733064413070679,0.00187,0.00009,0.00003,0.00261,0.00129,0.00073,0.00662
1598870239.765578031539917,0.00215,0.00014,0.00034,0.00298,0.00000,0.00095,0.00657
1598870239.799941301345825,0.00205,0.00012,0.00009,0.00281,0.00000,0.00108,0.00615
1598870239.832294225692749,0.00188,0.00009,0.00031,0.00282,0.00069,0.00073,0.00652
1598870239.865069150924683,0.00177,0.00009,0.00032,0.00301,0.00000,0.00090,0.00610
1598870239.900475025177002,0.00183,0.00007,0.00200,0.00282,0.00000,0.00080,0.00751
1598870239.965904474258423,0.00192,0.00016,0.00247,0.00336,0.00000,0.00098,0.00891
1598870240.000197887420654,0.00222,0.00013,0.00154,0.00336,0.00000,0.00093,0.00818
1598870240.033114194869995,0.00178,0.00010,0.00001,0.00303,0.00000,0.00069,0.00561
1598870240.065831422805786,0.00206,0.00011,0.00001,0.00278,0.00000,0.00074,0.00569
1598870240.099368333816528,0.00170,0.00009,0.00008,0.00267,0.00008,0.00073,0.00535
1598870240.132376194000244,0.00180,0.00007,0.00003,0.00312,0.00012,0.00078,0.00591
1598870240.166757583618164,0.00203,0.00014,0.00004,0.00287,0.00000,0.00091,0.00600
1598870240.200067281723022,0.00195,0.00014,0.00001,0.00284,0.00070,0.00086,0.00651
1598870240.232659816741943,0.00167,0.00008,0.00001,0.00302,0.00000,0.00078,0.00555
1598870240.265329599380493,0.00180,0.00010,0.00001,0.00298,0.00038,0.00087,0.00613
1598870240.299391269683838,0.00199,0.00010,0.00001,0.00309,0.00000,0.00075,0.00593
1598870240.334820985794067,0.00174,0.00008,0.00203,0.00305,0.00000,0.00103,0.00794
1598870240.399786233901978,0.00204,0.00011,0.00229,0.00343,0.00000,0.00086,0.00874
1598870240.432133913040161,0.00187,0.00010,0.00078,0.00292,0.00000,0.00077,0.00645
1598870240.465454339981079,0.00197,0.00012,0.00103,0.00295,0.00073,0.00090,0.00771
1598870240.499511241912842,0.00196,0.00012,0.00001,0.00363,0.00000,0.00100,0.00672
1598870240.532865047454834,0.00193,0.00009,0.00001,0.00319,0.00000,0.00078,0.00599
1598870240.566602706909180,0.00197,0.00010,0.00003,0.00365,0.00000,0.00093,0.00668
1598870240.600304365158081,0.00169,0.00006,0.00001,0.00317,0.00000,0.00070,0.00563
1598870240.666629791259766,0.00218,0.00013,0.00071,0.00325,0.00000,0.00098,0.00725
1598870240.699444055557251,0.00219,0.00008,0.00002,0.00316,0.00000,0.00095,0.00640
1598870240.733916759490967,0.00190,0.00010,0.00155,0.00306,0.00000,0.00075,0.00737
1598870240.767500162124634,0.00205,0.00013,0.00014,0.00312,0.00000,0.00094,0.00638
1598870240.799808740615845,0.00210,0.00010,0.00162,0.00305,0.00002,0.00076,0.00766
1598870240.865916013717651,0.00198,0.00013,0.00205,0.00327,0.00076,0.00093,0.00912
1598870240.899479627609253,0.00213,0.00013,0.00086,0.00321,0.00000,0.00102,0.00735
1598870240.967530250549316,0.00191,0.00011,0.00096,0.00355,0.00000,0.00103,0.00756
1598870240.999795198440552,0.00183,0.00012,0.00003,0.00328,0.00000,0.00075,0.00600
1598870241.032886028289795,0.00220,0.00009,0.00001,0.00327,0.00000,0.00067,0.00624
1598870241.066469907760620,0.00205,0.00014,0.00177,0.00361,0.00000,0.00097,0.00855
1598870241.100356101989746,0.00190,0.00008,0.00003,0.00309,0.00000,0.00085,0.00594
1598870241.132689476013184,0.00225,0.00017,0.00210,0.00323,0.00000,0.00113,0.00888
1598870241.166712284088135,0.00249,0.00014,0.00001,0.00368,0.00000,0.00138,0.00769
1598870241.201850175857544,0.00232,0.00009,0.00009,0.00325,0.00000,0.00094,0.00669
1598870241.266631364822388,0.00254,0.00011,0.00001,0.00327,0.00000,0.00072,0.00666
1598870241.300448894500732,0.00234,0.00017,0.00182,0.00316,0.00000,0.00100,0.00850
1598870241.332779169082642,0.00230,0.00009,0.00211,0.00312,0.00000,0.00074,0.00836
1598870241.367272377014160,0.00213,0.00016,0.00167,0.00344,0.00000,0.00106,0.00847
1598870241.400016784667969,0.00215,0.00007,0.00067,0.00326,0.00017,0.00106,0.00738
1598870241.432900667190552,0.00205,0.00011,0.00033,0.00320,0.00000,0.00101,0.00671
1598870241.467304944992065,0.00214,0.00008,0.00175,0.00309,0.00000,0.00099,0.00806
1598870241.501211404800415,0.00220,0.00010,0.00015,0.00320,0.00000,0.00107,0.00672
1598870241.566721439361572,0.00198,0.00008,0.00001,0.00322,0.00000,0.00100,0.00628
1598870241.599246740341187,0.00216,0.00006,0.00074,0.00310,0.00000,0.00080,0.00686
1598870241.632455348968506,0.00233,0.00011,0.00071,0.00317,0.00000,0.00101,0.00733
1598870241.667159080505371,0.00203,0.00008,0.00173,0.00359,0.00000,0.00082,0.00825
1598870241.700165748596191,0.00234,0.00008,0.00001,0.00347,0.00000,0.00088,0.00677
1598870241.733679056167603,0.00180,0.00008,0.00188,0.00307,0.00000,0.00081,0.00763
1598870241.767609834671021,0.00195,0.00008,0.00191,0.00309,0.00000,0.00075,0.00779
1598870241.832731485366821,0.00225,0.00013,0.00166,0.00315,0.00000,0.00110,0.00830
1598870241.866589546203613,0.00202,0.00006,0.00066,0.00293,0.00000,0.00080,0.00648
1598870241.900012731552124,0.00196,0.00006,0.00031,0.00291,0.00000,0.00079,0.00603
1598870241.966308355331421,0.00224,0.00012,0.00203,0.00280,0.00008,0.00086,0.00813
1598870242.000137329101562,0.00192,0.00006,0.00017,0.00331,0.00003,0.00101,0.00650
1598870242.066376686096191,0.00221,0.00011,0.00001,0.00305,0.00000,0.00087,0.00626
1598870242.100502014160156,0.00202,0.00010,0.00073,0.00289,0.00005,0.00102,0.00682
1598870242.166654586791992,0.00201,0.00008,0.00001,0.00304,0.00090,0.00094,0.00697
1598870242.200722455978394,0.00231,0.00011,0.00074,0.00307,0.00069,0.00089,0.00780
1598870242.266860961914062,0.00216,0.00009,0.00001,0.00327,0.00000,0.00077,0.00630
1598870242.299849987030029,0.00217,0.00010,0.00187,0.00323,0.00000,0.00102,0.00839
1598870242.332372426986694,0.00197,0.00008,0.00190,0.00314,0.00000,0.00084,0.00793
1598870242.367305755615234,0.00185,0.00007,0.00158,0.00349,0.00000,0.00082,0.00780
1598870242.400012731552124,0.00187,0.00006,0.00067,0.00311,0.00001,0.00080,0.00653
1598870242.432528734207153,0.00205,0.00009,0.00001,0.00315,0.00002,0.00083,0.00616
1598870242.466659069061279,0.00184,0.00006,0.00169,0.00305,0.00067,0.00098,0.00829
1598870242.500853300094604,0.00211,0.00012,0.00015,0.00341,0.00000,0.00103,0.00683
1598870242.533192157745361,0.00220,0.00009,0.00001,0.00336,0.00000,0.00101,0.00666
1598870242.566690206527710,0.00187,0.00006,0.00076,0.00327,0.00000,0.00087,0.00684
1598870242.599445819854736,0.00204,0.00010,0.00013,0.00328,0.00000,0.00103,0.00657
1598870242.633279800415039,0.00218,0.00011,0.00073,0.00320,0.00002,0.00105,0.00728
1598870242.667978048324585,0.00194,0.00008,0.00001,0.00326,0.00075,0.00097,0.00700
1598870242.702715873718262,0.00217,0.00009,0.00175,0.00326,0.00000,0.00092,0.00819
1598870242.766957759857178,0.00232,0.00008,0.00167,0.00363,0.00000,0.00112,0.00881
1598870242.800586938858032,0.00206,0.00007,0.00150,0.00326,0.00000,0.00083,0.00772
1598870242.833207368850708,0.00226,0.00016,0.00068,0.00333,0.00000,0.00130,0.00773
1598870242.867963314056396,0.00216,0.00011,0.00003,0.00343,0.00000,0.00123,0.00695
1598870242.933065414428711,0.00250,0.00022,0.00174,0.00317,0.00000,0.00111,0.00873
1598870242.967073440551758,0.00221,0.00013,0.00015,0.00340,0.00000,0.00103,0.00692
1598870243.001011848449707,0.00212,0.00031,0.00007,0.00364,0.00025,0.00156,0.00794
1598870243.067220449447632,0.00271,0.00011,0.00163,0.00341,0.00000,0.00093,0.00880
1598870243.099923372268677,0.00204,0.00021,0.00005,0.00368,0.00000,0.00127,0.00725
1598870243.134416103363037,0.00189,0.00008,0.00075,0.00322,0.00000,0.00077,0.00671
1598870243.167642354965210,0.00243,0.00025,0.00001,0.00335,0.00000,0.00191,0.00796
1598870243.201177835464478,0.00231,0.00007,0.00174,0.00320,0.00000,0.00088,0.00820
1598870243.233443975448608,0.00210,0.00024,0.00174,0.00324,0.00000,0.00127,0.00859
1598870243.268649101257324,0.00210,0.00006,0.00151,0.00322,0.00000,0.00090,0.00779
1598870243.333527565002441,0.00254,0.00024,0.00072,0.00321,0.00000,0.00139,0.00810
1598870243.367039442062378,0.00208,0.00006,0.00003,0.00328,0.00000,0.00086,0.00631
1598870243.400843143463135,0.00208,0.00022,0.00170,0.00321,0.00000,0.00123,0.00845
1598870243.466839790344238,0.00208,0.00008,0.00014,0.00415,0.00000,0.00090,0.00734
1598870243.499912738800049,0.00203,0.00022,0.00001,0.00326,0.00000,0.00124,0.00676
1598870243.533116340637207,0.00228,0.00006,0.00154,0.00319,0.00000,0.00084,0.00792
1598870243.567003965377808,0.00193,0.00021,0.00003,0.00328,0.00000,0.00119,0.00665
1598870243.600680112838745,0.00211,0.00011,0.00167,0.00305,0.00000,0.00101,0.00795
1598870243.668162345886230,0.00228,0.00011,0.00001,0.00323,0.00000,0.00139,0.00702
1598870243.700473070144653,0.00229,0.00007,0.00175,0.00309,0.00002,0.00086,0.00807
1598870243.733041286468506,0.00224,0.00020,0.00148,0.00294,0.00080,0.00155,0.00921
1598870243.767379045486450,0.00261,0.00006,0.00150,0.00327,0.00000,0.00102,0.00847
1598870243.800485610961914,0.00224,0.00018,0.00071,0.00314,0.00000,0.00117,0.00745
1598870243.833152294158936,0.00195,0.00006,0.00003,0.00321,0.00002,0.00084,0.00611
1598870243.866825103759766,0.00240,0.00021,0.00177,0.00308,0.00083,0.00152,0.00981
1598870243.933325052261353,0.00271,0.00012,0.00015,0.00322,0.00000,0.00074,0.00695
1598870244.000770807266235,0.00256,0.00024,0.00001,0.00319,0.00000,0.00136,0.00737
1598870244.033763408660889,0.00217,0.00013,0.00181,0.00291,0.00000,0.00116,0.00819
1598870244.067428112030029,0.00231,0.00021,0.00023,0.00292,0.00003,0.00142,0.00712
1598870244.100610256195068,0.00205,0.00007,0.00010,0.00281,0.00083,0.00078,0.00664
1598870244.133743762969971,0.00210,0.00006,0.00001,0.00321,0.00000,0.00118,0.00655
1598870244.167421340942383,0.00247,0.00006,0.00151,0.00308,0.00039,0.00083,0.00835
1598870244.200924396514893,0.00206,0.00006,0.00164,0.00314,0.00068,0.00098,0.00857
1598870244.233694791793823,0.00211,0.00006,0.00180,0.00335,0.00000,0.00080,0.00812
1598870244.268201589584351,0.00244,0.00008,0.00087,0.00333,0.00000,0.00113,0.00786
1598870244.333784341812134,0.00245,0.00016,0.00096,0.00295,0.00034,0.00105,0.00791
1598870244.367449045181274,0.00252,0.00009,0.00160,0.00302,0.00141,0.00109,0.00974
1598870244.400998592376709,0.00232,0.00017,0.00244,0.00316,0.00014,0.00075,0.00899
1598870244.434247970581055,0.00227,0.00023,0.00069,0.00332,0.00000,0.00160,0.00811
1598870244.468315601348877,0.00242,0.00014,0.00253,0.00347,0.00015,0.00079,0.00951
1598870244.533607959747314,0.00271,0.00024,0.00023,0.00338,0.00009,0.00108,0.00773
1598870244.567468643188477,0.00254,0.00015,0.00153,0.00316,0.00000,0.00094,0.00833
1598870244.600415706634521,0.00250,0.00022,0.00177,0.00315,0.00067,0.00146,0.00979
1598870244.633810520172119,0.00236,0.00011,0.00196,0.00315,0.00003,0.00114,0.00875
1598870244.667640686035156,0.00224,0.00006,0.00007,0.00304,0.00161,0.00118,0.00820
1598870244.700133800506592,0.00227,0.00014,0.00178,0.00325,0.00065,0.00097,0.00906
1598870244.733232498168945,0.00221,0.00013,0.00065,0.00351,0.00066,0.00077,0.00794
1598870244.768366098403931,0.00192,0.00012,0.00007,0.00355,0.00008,0.00072,0.00646
1598870244.801285505294800,0.00224,0.00008,0.00078,0.00348,0.00076,0.00073,0.00806
1598870244.835021734237671,0.00182,0.00012,0.00218,0.00351,0.00001,0.00082,0.00847
1598870244.868963479995728,0.00215,0.00010,0.00067,0.00359,0.00073,0.00102,0.00826
1598870244.902454853057861,0.00223,0.00014,0.00240,0.00357,0.00000,0.00091,0.00925
1598870244.936423063278198,0.00243,0.00010,0.00217,0.00353,0.00008,0.00167,0.00998
1598870244.968843698501587,0.00222,0.00010,0.00142,0.00359,0.00008,0.00095,0.00836
1598870245.003201007843018,0.00276,0.00011,0.00170,0.00332,0.00000,0.00119,0.00908
1598870245.036338806152344,0.00232,0.00008,0.00245,0.00315,0.00034,0.00093,0.00928
1598870245.070476055145264,0.00232,0.00016,0.00011,0.00340,0.00013,0.00099,0.00711
1598870245.103947639465332,0.00218,0.00012,0.00069,0.00330,0.00193,0.00071,0.00894
1598870245.137552261352539,0.00219,0.00007,0.00006,0.00357,0.00065,0.00087,0.00741
1598870245.171296119689941,0.00221,0.00010,0.00001,0.00370,0.00000,0.00109,0.00710
1598870245.204166889190674,0.00236,0.00010,0.00003,0.00337,0.00065,0.00081,0.00732
1598870245.238526105880737,0.00244,0.00019,0.00208,0.00283,0.00123,0.00121,0.00998
1598870245.270941734313965,0.00221,0.00011,0.00037,0.00322,0.00196,0.00096,0.00883
1598870245.304981231689453,0.00220,0.00020,0.00232,0.00328,0.00014,0.00109,0.00922
1598870245.339251518249512,0.00236,0.00014,0.00182,0.00364,0.00133,0.00082,0.01009
1598870245.371610164642334,0.00220,0.00010,0.00049,0.00377,0.00107,0.00103,0.00866
1598870245.405977964401245,0.00208,0.00008,0.00168,0.00375,0.00000,0.00090,0.00850
1598870245.439723014831543,0.00198,0.00007,0.00217,0.00374,0.00001,0.00078,0.00875
1598870245.473293304443359,0.00188,0.00008,0.00001,0.00380,0.00041,0.00084,0.00702
1598870245.506443023681641,0.00191,0.00009,0.00192,0.00366,0.00000,0.00083,0.00842
1598870245.540773630142212,0.00229,0.00021,0.00031,0.00379,0.00000,0.00110,0.00771
1598870245.573600053787231,0.00245,0.00014,0.00148,0.00357,0.00008,0.00096,0.00869
1598870245.607260465621948,0.00266,0.00022,0.00024,0.00365,0.00000,0.00125,0.00803
1598870245.641160249710083,0.00255,0.00008,0.00167,0.00318,0.00063,0.00079,0.00890
1598870245.674414396286011,0.00251,0.00020,0.00068,0.00332,0.00041,0.00130,0.00842
1598870245.707960844039917,0.00241,0.00009,0.00071,0.00294,0.00068,0.00075,0.00757
1598870245.742635250091553,0.00222,0.00016,0.00003,0.00315,0.00129,0.00113,0.00799
1598870245.777670621871948,0.00172,0.00012,0.00003,0.00350,0.00068,0.00074,0.00679
1598870245.842764377593994,0.00233,0.00014,0.00105,0.00352,0.00069,0.00097,0.00870
1598870245.877524614334106,0.00187,0.00009,0.00055,0.00346,0.00000,0.00079,0.00676
1598870245.947253227233887,0.00196,0.00009,0.00007,0.00340,0.00008,0.00100,0.00659
1598870246.010355234146118,0.00235,0.00010,0.00064,0.00347,0.00072,0.00124,0.00852
1598870246.077932119369507,0.00216,0.00014,0.00166,0.00379,0.00070,0.00094,0.00940
1598870246.111855268478394,0.00264,0.00022,0.00155,0.00385,0.00000,0.00147,0.00974
1598870246.181085348129272,0.00215,0.00015,0.00001,0.00396,0.00000,0.00092,0.00719
1598870246.244916439056396,0.00246,0.00023,0.00195,0.00381,0.00000,0.00120,0.00966
1598870246.278971195220947,0.00221,0.00012,0.00002,0.00392,0.00000,0.00097,0.00724
1598870246.311403751373291,0.00232,0.00008,0.00198,0.00381,0.00000,0.00151,0.00971
1598870246.346341133117676,0.00207,0.00009,0.00038,0.00370,0.00000,0.00078,0.00702
1598870246.379749059677124,0.00234,0.00019,0.00001,0.00381,0.00002,0.00152,0.00789
1598870246.415562868118286,0.00221,0.00010,0.00034,0.00376,0.00073,0.00098,0.00811
1598870246.449079751968384,0.00204,0.00006,0.00182,0.00382,0.00000,0.00081,0.00856
1598870246.513590812683105,0.00213,0.00012,0.00167,0.00367,0.00000,0.00074,0.00832
1598870246.549310684204102,0.00220,0.00010,0.00071,0.00381,0.00072,0.00106,0.00859
1598870246.581675291061401,0.00197,0.00010,0.00199,0.00376,0.00000,0.00081,0.00864
1598870246.614823818206787,0.00187,0.00008,0.00102,0.00400,0.00000,0.00102,0.00799
1598870246.648955345153809,0.00200,0.00007,0.00036,0.00377,0.00009,0.00070,0.00698
1598870246.682997941970825,0.00193,0.00007,0.00193,0.00388,0.00000,0.00075,0.00856
1598870246.715532302856445,0.00204,0.00012,0.00018,0.00399,0.00000,0.00105,0.00738
1598870246.748733043670654,0.00197,0.00008,0.00216,0.00380,0.00000,0.00081,0.00882
1598870246.783077955245972,0.00202,0.00007,0.00021,0.00382,0.00039,0.00076,0.00728
1598870246.849969387054443,0.00195,0.00008,0.00014,0.00394,0.00000,0.00079,0.00690
1598870246.882653474807739,0.00224,0.00012,0.00158,0.00392,0.00000,0.00101,0.00887
1598870246.915350675582886,0.00234,0.00022,0.00246,0.00390,0.00000,0.00127,0.01018
1598870246.949904918670654,0.00196,0.00008,0.00190,0.00371,0.00000,0.00076,0.00841
1598870246.983944654464722,0.00245,0.00022,0.00002,0.00373,0.00081,0.00115,0.00838
1598870247.016829252243042,0.00227,0.00011,0.00248,0.00389,0.00000,0.00076,0.00951
1598870247.050372600555420,0.00223,0.00023,0.00069,0.00412,0.00000,0.00098,0.00826
1598870247.083021879196167,0.00243,0.00011,0.00041,0.00386,0.00000,0.00101,0.00782
1598870247.119319915771484,0.00220,0.00009,0.00186,0.00375,0.00067,0.00084,0.00941
1598870247.184159517288208,0.00206,0.00010,0.00043,0.00406,0.00000,0.00079,0.00745
1598870247.219609975814819,0.00220,0.00006,0.00161,0.00380,0.00059,0.00079,0.00905
1598870247.252002954483032,0.00234,0.00009,0.00022,0.00376,0.00000,0.00096,0.00738
1598870247.286597490310669,0.00202,0.00006,0.00025,0.00348,0.00034,0.00071,0.00688
1598870247.319583177566528,0.00186,0.00010,0.00071,0.00359,0.00099,0.00072,0.00797
1598870247.352512598037720,0.00193,0.00012,0.00200,0.00352,0.00000,0.00070,0.00827
1598870247.386757373809814,0.00214,0.00015,0.00167,0.00376,0.00071,0.00104,0.00947
1598870247.420908451080322,0.00199,0.00008,0.00028,0.00376,0.00008,0.00083,0.00702
1598870247.487045764923096,0.00240,0.00014,0.00265,0.00396,0.00000,0.00081,0.00996
1598870247.521194219589233,0.00234,0.00020,0.00194,0.00366,0.00000,0.00127,0.00941
1598870247.554964542388916,0.00250,0.00009,0.00189,0.00357,0.00000,0.00105,0.00909
1598870247.588265895843506,0.00275,0.00023,0.00168,0.00356,0.00073,0.00132,0.01027
1598870247.621303081512451,0.00253,0.00009,0.00096,0.00390,0.00000,0.00083,0.00832
1598870247.656162261962891,0.00214,0.00010,0.00233,0.00371,0.00000,0.00081,0.00909
1598870247.721211194992065,0.00214,0.00010,0.00021,0.00367,0.00000,0.00084,0.00695
1598870247.756681203842163,0.00213,0.00008,0.00001,0.00371,0.00066,0.00137,0.00795
1598870247.789678812026978,0.00215,0.00009,0.00014,0.00372,0.00011,0.00102,0.00723
1598870247.823262214660645,0.00199,0.00008,0.00173,0.00367,0.00067,0.00083,0.00896
1598870247.856300830841064,0.00198,0.00008,0.00169,0.00387,0.00001,0.00083,0.00846
1598870247.890886545181274,0.00215,0.00014,0.00001,0.00372,0.00000,0.00100,0.00702
1598870247.924587726593018,0.00217,0.00012,0.00307,0.00364,0.00082,0.00077,0.01059
1598870247.957683324813843,0.00229,0.00011,0.00350,0.00363,0.00001,0.00088,0.01042
1598870247.992557287216187,0.00195,0.00006,0.00067,0.00361,0.00078,0.00078,0.00786
1598870248.058233261108398,0.00255,0.00012,0.00086,0.00395,0.00000,0.00102,0.00851
1598870248.091555356979370,0.00209,0.00011,0.00157,0.00374,0.00000,0.00071,0.00822
1598870248.124994993209839,0.00251,0.00014,0.00188,0.00411,0.00039,0.00078,0.00982
1598870248.158802509307861,0.00204,0.00010,0.00028,0.00384,0.00000,0.00077,0.00704
1598870248.226034641265869,0.00263,0.00022,0.00015,0.00363,0.00000,0.00114,0.00778
1598870248.260062932968140,0.00235,0.00010,0.00004,0.00367,0.00009,0.00098,0.00724
1598870248.294902563095093,0.00229,0.00021,0.00145,0.00371,0.00069,0.00180,0.01015
1598870248.328445672988892,0.00235,0.00011,0.00185,0.00384,0.00000,0.00102,0.00917
1598870248.361134290695190,0.00253,0.00014,0.00008,0.00390,0.00000,0.00144,0.00810
1598870248.393989324569702,0.00191,0.00011,0.00252,0.00362,0.00066,0.00082,0.00964
1598870248.428290843963623,0.00228,0.00014,0.00330,0.00377,0.00078,0.00100,0.01128
1598870248.461291551589966,0.00212,0.00015,0.00069,0.00405,0.00000,0.00104,0.00806
1598870248.495267629623413,0.00242,0.00023,0.00079,0.00414,0.00000,0.00138,0.00897
1598870248.527830839157104,0.00227,0.00009,0.00250,0.00397,0.00000,0.00080,0.00964
1598870248.565637350082397,0.00228,0.00009,0.00189,0.00393,0.00000,0.00134,0.00953
1598870248.599708080291748,0.00273,0.00012,0.00001,0.00396,0.00000,0.00094,0.00776
1598870248.663246154785156,0.00266,0.00015,0.00042,0.00406,0.00000,0.00127,0.00856
1598870248.696986675262451,0.00220,0.00013,0.00006,0.00386,0.00001,0.00078,0.00703
1598870248.763798236846924,0.00294,0.00015,0.00053,0.00376,0.00100,0.00138,0.00976
1598870248.796828031539917,0.00239,0.00009,0.00169,0.00369,0.00034,0.00080,0.00900
1598870248.830079317092896,0.00223,0.00020,0.00026,0.00382,0.00008,0.00124,0.00784
1598870248.862676382064819,0.00236,0.00008,0.00192,0.00387,0.00066,0.00116,0.01005
1598870248.898565292358398,0.00246,0.00020,0.00305,0.00409,0.00000,0.00134,0.01115
1598870248.931052923202515,0.00242,0.00008,0.00093,0.00458,0.00000,0.00082,0.00883
1598870248.965497255325317,0.00226,0.00018,0.00226,0.00410,0.00000,0.00125,0.01005
1598870248.999274969100952,0.00202,0.00007,0.00225,0.00386,0.00000,0.00075,0.00895
1598870249.066656827926636,0.00254,0.00025,0.00175,0.00373,0.00000,0.00150,0.00977
1598870249.132287025451660,0.00227,0.00007,0.00006,0.00331,0.00008,0.00084,0.00664
1598870249.166619539260864,0.00241,0.00011,0.00022,0.00371,0.00016,0.00090,0.00750
1598870249.200307607650757,0.00216,0.00013,0.00310,0.00340,0.00020,0.00076,0.00976
1598870249.233793258666992,0.00208,0.00010,0.00007,0.00353,0.00003,0.00122,0.00702
1598870249.267697095870972,0.00209,0.00006,0.00003,0.00330,0.00134,0.00089,0.00771
1598870249.300546407699585,0.00252,0.00023,0.00053,0.00359,0.00000,0.00141,0.00829
1598870249.334072113037109,0.00230,0.00008,0.00124,0.00355,0.00159,0.00072,0.00948
1598870249.367490768432617,0.00215,0.00017,0.00274,0.00373,0.00000,0.00119,0.00998
1598870249.401795625686646,0.00237,0.00014,0.00068,0.00370,0.00000,0.00073,0.00762
1598870249.434722661972046,0.00273,0.00024,0.00245,0.00337,0.00001,0.00125,0.01003
1598870249.470708847045898,0.00241,0.00008,0.00097,0.00330,0.00162,0.00102,0.00940
1598870249.536007404327393,0.00226,0.00008,0.00176,0.00390,0.00001,0.00104,0.00905
1598870249.569658517837524,0.00220,0.00013,0.00011,0.00365,0.00000,0.00108,0.00716
1598870249.603449821472168,0.00251,0.00011,0.00009,0.00357,0.00000,0.00107,0.00735
1598870249.636645078659058,0.00210,0.00007,0.00265,0.00336,0.00139,0.00075,0.01032
1598870249.676863670349121,0.00198,0.00009,0.00003,0.00385,0.00000,0.00087,0.00683
1598870249.737457036972046,0.00223,0.00015,0.00140,0.00375,0.00000,0.00102,0.00854
1598870249.771151542663574,0.00228,0.00008,0.00003,0.00353,0.00000,0.00079,0.00671
1598870249.805583477020264,0.00210,0.00009,0.00037,0.00349,0.00068,0.00074,0.00747
1598870249.838365316390991,0.00211,0.00011,0.00271,0.00390,0.00008,0.00099,0.00990
1598870249.871359586715698,0.00221,0.00010,0.00353,0.00386,0.00000,0.00075,0.01044
1598870249.906319379806519,0.00221,0.00013,0.00179,0.00360,0.00074,0.00096,0.00943
1598870249.979332208633423,0.00232,0.00012,0.00036,0.00396,0.00000,0.00085,0.00761
1598870250.040272235870361,0.00216,0.00011,0.00165,0.00374,0.00000,0.00084,0.00850
1598870250.072594881057739,0.00198,0.00009,0.00003,0.00369,0.00000,0.00079,0.00659
1598870250.106701612472534,0.00267,0.00010,0.00010,0.00363,0.00009,0.00084,0.00743
1598870250.139837503433228,0.00218,0.00009,0.00269,0.00378,0.00008,0.00090,0.00972
1598870250.174387216567993,0.00250,0.00015,0.00005,0.00412,0.00000,0.00106,0.00788
1598870250.207680940628052,0.00246,0.00011,0.00098,0.00393,0.00000,0.00082,0.00830
1598870250.242914915084839,0.00234,0.00009,0.00055,0.00398,0.00000,0.00089,0.00785
1598870250.276061296463013,0.00276,0.00012,0.00037,0.00393,0.00000,0.00113,0.00831
1598870250.308462381362915,0.00257,0.00006,0.00228,0.00385,0.00000,0.00087,0.00964
1598870250.342746496200562,0.00208,0.00006,0.00296,0.00445,0.00000,0.00114,0.01068
1598870250.375567436218262,0.00217,0.00007,0.00153,0.00394,0.00000,0.00085,0.00856
1598870250.409806728363037,0.00235,0.00011,0.00078,0.00397,0.00000,0.00111,0.00832
1598870250.446073293685913,0.00212,0.00006,0.00149,0.00416,0.00000,0.00087,0.00870
1598870250.508739709854126,0.00230,0.00008,0.00555,0.00405,0.00000,0.00115,0.01312
1598870250.542522668838501,0.00233,0.00009,0.00012,0.00399,0.00000,0.00114,0.00766
1598870250.577841043472290,0.00209,0.00008,0.00232,0.00393,0.00000,0.00086,0.00930
1598870250.610573530197144,0.00223,0.00009,0.00005,0.00409,0.00000,0.00103,0.00749
1598870250.676334619522095,0.00251,0.00011,0.00007,0.00399,0.00000,0.00091,0.00759
1598870250.710345506668091,0.00209,0.00006,0.00001,0.00371,0.00000,0.00088,0.00675
1598870250.742690086364746,0.00217,0.00012,0.00007,0.00357,0.00043,0.00102,0.00738
1598870250.776206731796265,0.00221,0.00008,0.00197,0.00354,0.00000,0.00102,0.00883
1598870250.809871912002563,0.00210,0.00008,0.00274,0.00347,0.00001,0.00087,0.00928
1598870250.843288660049438,0.00206,0.00006,0.00107,0.00361,0.00086,0.00101,0.00868
1598870250.877884626388550,0.00231,0.00009,0.00039,0.00359,0.00000,0.00079,0.00717
1598870250.911147117614746,0.00217,0.00012,0.00081,0.00383,0.00009,0.00109,0.00811
1598870250.977346658706665,0.00217,0.00011,0.00472,0.00367,0.00000,0.00087,0.01154
1598870251.010206222534180,0.00210,0.00009,0.00005,0.00384,0.00017,0.00104,0.00728
1598870251.043949842453003,0.00222,0.00011,0.00227,0.00374,0.00000,0.00081,0.00915
1598870251.081592559814453,0.00191,0.00012,0.00006,0.00380,0.00000,0.00076,0.00665
1598870251.145031213760376,0.00245,0.00014,0.00005,0.00379,0.00000,0.00086,0.00729
1598870251.179380178451538,0.00227,0.00010,0.00007,0.00368,0.00000,0.00086,0.00699
1598870251.247290611267090,0.00217,0.00011,0.00001,0.00367,0.00000,0.00085,0.00682
1598870251.280924320220947,0.00191,0.00007,0.00187,0.00341,0.00067,0.00075,0.00868
1598870251.347170114517212,0.00263,0.00013,0.00223,0.00351,0.00000,0.00110,0.00961
1598870251.381413936614990,0.00229,0.00010,0.00067,0.00356,0.00008,0.00084,0.00755
1598870251.414728403091431,0.00242,0.00019,0.00004,0.00378,0.00000,0.00141,0.00785
1598870251.448426485061646,0.00197,0.00006,0.00154,0.00342,0.00001,0.00078,0.00779
1598870251.513711690902710,0.00230,0.00019,0.00434,0.00351,0.00067,0.00108,0.01208
1598870251.546951055526733,0.00237,0.00010,0.00001,0.00400,0.00000,0.00085,0.00733
1598870251.581631898880005,0.00235,0.00023,0.00222,0.00356,0.00000,0.00131,0.00968
1598870251.648374557495117,0.00266,0.00014,0.00001,0.00363,0.00004,0.00088,0.00735
1598870251.682086467742920,0.00212,0.00021,0.00003,0.00417,0.00004,0.00133,0.00790
1598870251.747527599334717,0.00260,0.00011,0.00007,0.00342,0.00000,0.00085,0.00705
1598870251.781050443649292,0.00218,0.00006,0.00001,0.00374,0.00000,0.00147,0.00746
1598870251.816021442413330,0.00198,0.00007,0.00069,0.00341,0.00199,0.00082,0.00897
1598870251.851203680038452,0.00208,0.00007,0.00195,0.00406,0.00000,0.00073,0.00889
1598870251.915943622589111,0.00252,0.00016,0.00073,0.00394,0.00000,0.00120,0.00855
1598870251.950261831283569,0.00241,0.00016,0.00005,0.00402,0.00000,0.00103,0.00767
1598870251.984460353851318,0.00194,0.00012,0.00157,0.00390,0.00000,0.00082,0.00834
1598870252.051772594451904,0.00242,0.00010,0.00438,0.00374,0.00000,0.00123,0.01187
1598870252.084758281707764,0.00219,0.00010,0.00001,0.00383,0.00000,0.00109,0.00722
1598870252.118222475051880,0.00244,0.00014,0.00234,0.00377,0.00000,0.00102,0.00971
1598870252.151614189147949,0.00223,0.00012,0.00011,0.00416,0.00009,0.00104,0.00775
1598870252.184379816055298,0.00221,0.00009,0.00004,0.00406,0.00000,0.00084,0.00724
1598870252.218784332275391,0.00208,0.00008,0.00003,0.00376,0.00008,0.00085,0.00687
1598870252.251505851745605,0.00221,0.00015,0.00001,0.00402,0.00000,0.00100,0.00740
1598870252.285040378570557,0.00220,0.00010,0.00067,0.00419,0.00000,0.00149,0.00864
1598870252.319634675979614,0.00204,0.00008,0.00198,0.00391,0.00000,0.00087,0.00888
1598870252.353946208953857,0.00197,0.00008,0.00068,0.00377,0.00000,0.00111,0.00762
1598870252.388610363006592,0.00252,0.00010,0.00005,0.00387,0.00000,0.00088,0.00741
1598870252.454093217849731,0.00228,0.00013,0.00154,0.00396,0.00000,0.00135,0.00927
1598870252.488079786300659,0.00247,0.00010,0.00422,0.00360,0.00000,0.00083,0.01122
1598870252.521101236343384,0.00199,0.00010,0.00008,0.00354,0.00009,0.00082,0.00663
1598870252.554675817489624,0.00264,0.00007,0.00195,0.00353,0.00002,0.00087,0.00908
1598870252.587796688079834,0.00212,0.00006,0.00007,0.00356,0.00002,0.00080,0.00664
1598870252.621655225753784,0.00262,0.00021,0.00011,0.00365,0.00003,0.00148,0.00810
1598870252.655018806457520,0.00252,0.00012,0.00001,0.00360,0.00000,0.00110,0.00735
1598870252.689073085784912,0.00263,0.00020,0.00002,0.00358,0.00000,0.00135,0.00779
1598870252.721508026123047,0.00235,0.00009,0.00001,0.00356,0.00073,0.00092,0.00765
1598870252.756120920181274,0.00228,0.00006,0.00183,0.00362,0.00065,0.00094,0.00937
1598870252.790621042251587,0.00220,0.00006,0.00066,0.00380,0.00000,0.00087,0.00759
1598870252.824231863021851,0.00258,0.00012,0.00005,0.00453,0.00000,0.00150,0.00877
1598870252.897608518600464,0.00257,0.00014,0.00192,0.00383,0.00000,0.00109,0.00956
1598870252.957940340042114,0.00223,0.00010,0.00333,0.00380,0.00000,0.00108,0.01054
1598870252.993057727813721,0.00235,0.00015,0.00548,0.00372,0.00000,0.00103,0.01274
1598870253.025970458984375,0.00213,0.00006,0.00169,0.00392,0.00000,0.00091,0.00871
1598870253.058618307113647,0.00265,0.00010,0.00011,0.00379,0.00009,0.00093,0.00766
1598870253.093271732330322,0.00224,0.00010,0.00073,0.00390,0.00000,0.00112,0.00808
1598870253.125938177108765,0.00224,0.00008,0.00001,0.00389,0.00000,0.00118,0.00739
1598870253.159666299819946,0.00258,0.00015,0.00022,0.00424,0.00000,0.00111,0.00831
1598870253.192456483840942,0.00214,0.00006,0.00002,0.00392,0.00000,0.00089,0.00703
1598870253.226076364517212,0.00235,0.00013,0.00264,0.00384,0.00000,0.00135,0.01031
1598870253.260854721069336,0.00275,0.00011,0.00074,0.00396,0.00000,0.00105,0.00862
1598870253.327197074890137,0.00203,0.00011,0.00003,0.00383,0.00000,0.00098,0.00698
1598870253.362043857574463,0.00236,0.00010,0.00168,0.00366,0.00000,0.00082,0.00862
1598870253.394659042358398,0.00232,0.00011,0.00309,0.00366,0.00000,0.00098,0.01016
1598870253.428395032882690,0.00237,0.00009,0.00432,0.00363,0.00066,0.00082,0.01191
1598870253.461026191711426,0.00207,0.00006,0.00174,0.00385,0.00000,0.00116,0.00889
1598870253.495081424713135,0.00254,0.00011,0.00001,0.00378,0.00003,0.00107,0.00753
1598870253.528295516967773,0.00230,0.00006,0.00001,0.00406,0.00076,0.00126,0.00845
1598870253.562057971954346,0.00232,0.00008,0.00001,0.00424,0.00000,0.00094,0.00760
1598870253.595628499984741,0.00220,0.00009,0.00001,0.00392,0.00000,0.00088,0.00709
1598870253.629349231719971,0.00220,0.00008,0.00001,0.00421,0.00000,0.00083,0.00734
1598870253.663065195083618,0.00251,0.00010,0.00197,0.00376,0.00000,0.00091,0.00926
1598870253.696332931518555,0.00213,0.00006,0.00066,0.00381,0.00000,0.00089,0.00755
1598870253.729930639266968,0.00204,0.00007,0.00003,0.00443,0.00000,0.00114,0.00771
1598870253.763294935226440,0.00209,0.00007,0.00169,0.00382,0.00000,0.00087,0.00854
1598870253.796445846557617,0.00229,0.00010,0.00254,0.00407,0.00000,0.00077,0.00976
1598870253.829309940338135,0.00230,0.00009,0.00359,0.00384,0.00000,0.00107,0.01089
1598870253.865037441253662,0.00207,0.00006,0.00160,0.00376,0.00000,0.00089,0.00838
1598870253.897952318191528,0.00201,0.00006,0.00003,0.00388,0.00000,0.00091,0.00690
1598870253.930558204650879,0.00190,0.00006,0.00001,0.00389,0.00000,0.00088,0.00675
1598870253.963997840881348,0.00197,0.00006,0.00006,0.00362,0.00000,0.00091,0.00662
1598870253.999148368835449,0.00211,0.00006,0.00001,0.00374,0.00000,0.00087,0.00678
1598870254.032700777053833,0.00200,0.00006,0.00001,0.00374,0.00000,0.00089,0.00669
1598870254.065428972244263,0.00214,0.00006,0.00150,0.00353,0.00067,0.00089,0.00878
1598870254.100873947143555,0.00208,0.00011,0.00074,0.00370,0.00000,0.00082,0.00747
1598870254.166988849639893,0.00247,0.00012,0.00001,0.00402,0.00004,0.00091,0.00757
1598870254.201305150985718,0.00211,0.00009,0.00148,0.00372,0.00036,0.00084,0.00861
1598870254.267023086547852,0.00247,0.00011,0.00257,0.00386,0.00000,0.00117,0.01017
1598870254.301233053207397,0.00238,0.00009,0.00399,0.00388,0.00000,0.00089,0.01124
1598870254.334033012390137,0.00197,0.00006,0.00163,0.00369,0.00000,0.00091,0.00827
1598870254.368451118469238,0.00207,0.00007,0.00004,0.00376,0.00000,0.00090,0.00684
1598870254.401912689208984,0.00253,0.00016,0.00021,0.00384,0.00009,0.00171,0.00854
1598870254.435474634170532,0.00260,0.00012,0.00001,0.00398,0.00000,0.00109,0.00779
1598870254.473537206649780,0.00219,0.00007,0.00001,0.00392,0.00000,0.00121,0.00739
1598870254.536031007766724,0.00230,0.00013,0.00001,0.00417,0.00000,0.00097,0.00758
1598870254.569854497909546,0.00205,0.00007,0.00226,0.00416,0.00000,0.00087,0.00941
1598870254.603208303451538,0.00231,0.00008,0.00096,0.00390,0.00000,0.00082,0.00807
1598870254.637717008590698,0.00219,0.00007,0.00033,0.00384,0.00000,0.00088,0.00730
1598870254.671068668365479,0.00230,0.00014,0.00159,0.00446,0.00000,0.00146,0.00996
1598870254.703748464584351,0.00220,0.00007,0.00247,0.00377,0.00000,0.00079,0.00931
1598870254.737369775772095,0.00248,0.00008,0.00374,0.00382,0.00000,0.00105,0.01118
1598870254.779747962951660,0.00239,0.00014,0.00184,0.00368,0.00000,0.00127,0.00932
1598870254.838407754898071,0.00255,0.00009,0.00004,0.00377,0.00000,0.00113,0.00758
1598870254.872321844100952,0.00199,0.00009,0.00003,0.00371,0.00008,0.00088,0.00678
1598870254.906306743621826,0.00203,0.00006,0.00001,0.00412,0.00000,0.00086,0.00709
1598870254.939918041229248,0.00230,0.00010,0.00001,0.00375,0.00000,0.00126,0.00742
1598870254.972545146942139,0.00242,0.00014,0.00001,0.00378,0.00000,0.00108,0.00742
1598870255.005639791488647,0.00235,0.00008,0.00245,0.00348,0.00001,0.00100,0.00937
1598870255.040622949600220,0.00201,0.00010,0.00001,0.00353,0.00069,0.00082,0.00715
1598870255.073322296142578,0.00219,0.00014,0.00037,0.00390,0.00000,0.00104,0.00766
1598870255.106562376022339,0.00196,0.00007,0.00170,0.00351,0.00000,0.00085,0.00810
1598870255.140247583389282,0.00229,0.00011,0.00287,0.00411,0.00000,0.00111,0.01050
1598870255.176293134689331,0.00229,0.00011,0.00406,0.00376,0.00000,0.00111,0.01134
1598870255.241582632064819,0.00252,0.00013,0.00218,0.00376,0.00000,0.00091,0.00950
1598870255.274625062942505,0.00218,0.00009,0.00005,0.00425,0.00000,0.00109,0.00765
1598870255.308307409286499,0.00226,0.00011,0.00001,0.00394,0.00000,0.00107,0.00739
1598870255.342404365539551,0.00239,0.00008,0.00002,0.00396,0.00000,0.00105,0.00752
1598870255.376382112503052,0.00198,0.00006,0.00001,0.00384,0.00000,0.00076,0.00665
1598870255.410354375839233,0.00226,0.00008,0.00001,0.00383,0.00000,0.00102,0.00720
1598870255.443144559860229,0.00184,0.00011,0.00273,0.00397,0.00000,0.00106,0.00971
1598870255.477978944778442,0.00179,0.00006,0.00005,0.00378,0.00001,0.00098,0.00667
1598870255.512219429016113,0.00201,0.00006,0.00001,0.00367,0.00036,0.00077,0.00689
1598870255.544526338577271,0.00169,0.00006,0.00169,0.00378,0.00000,0.00083,0.00806
1598870255.577781915664673,0.00230,0.00013,0.00269,0.00414,0.00000,0.00090,0.01017
1598870255.610627174377441,0.00240,0.00008,0.00397,0.00381,0.00000,0.00110,0.01135
1598870255.644253253936768,0.00203,0.00006,0.00202,0.00376,0.00000,0.00089,0.00876
1598870255.679074287414551,0.00199,0.00007,0.00007,0.00442,0.00000,0.00110,0.00765
1598870255.711365461349487,0.00218,0.00010,0.00001,0.00414,0.00000,0.00109,0.00752
1598870255.743770360946655,0.00215,0.00006,0.00001,0.00382,0.00000,0.00085,0.00689
1598870255.779151439666748,0.00188,0.00006,0.00001,0.00451,0.00000,0.00104,0.00751
1598870255.843612432479858,0.00217,0.00009,0.00001,0.00388,0.00000,0.00085,0.00699
1598870255.877803087234497,0.00217,0.00011,0.00277,0.00354,0.00000,0.00108,0.00968
1598870255.911155939102173,0.00217,0.00006,0.00001,0.00348,0.00039,0.00088,0.00699
1598870255.944244146347046,0.00221,0.00006,0.00006,0.00353,0.00001,0.00085,0.00673
1598870255.976968050003052,0.00254,0.00008,0.00158,0.00362,0.00083,0.00147,0.01012
1598870256.009578704833984,0.00254,0.00011,0.00266,0.00396,0.00067,0.00100,0.01094
1598870256.044388532638550,0.00236,0.00009,0.00407,0.00359,0.00000,0.00125,0.01136
1598870256.076703786849976,0.00226,0.00010,0.00208,0.00353,0.00001,0.00079,0.00877
1598870256.117249727249146,0.00257,0.00021,0.00001,0.00364,0.00003,0.00115,0.00761
1598870256.177551507949829,0.00241,0.00010,0.00002,0.00340,0.00000,0.00083,0.00676
1598870256.211893558502197,0.00228,0.00021,0.00008,0.00358,0.00010,0.00133,0.00758
1598870256.279719352722168,0.00249,0.00009,0.00001,0.00356,0.00000,0.00075,0.00690
1598870256.343677520751953,0.00269,0.00011,0.00004,0.00367,0.00000,0.00087,0.00739
1598870256.378876209259033,0.00211,0.00008,0.00253,0.00347,0.00066,0.00079,0.00965
1598870256.411513566970825,0.00220,0.00011,0.00010,0.00397,0.00002,0.00100,0.00740
1598870256.476830482482910,0.00235,0.00011,0.00001,0.00390,0.00070,0.00090,0.00797
1598870256.510836362838745,0.00198,0.00006,0.00179,0.00357,0.00000,0.00087,0.00827
1598870256.543689250946045,0.00232,0.00013,0.00312,0.00356,0.00013,0.00124,0.01051
1598870256.577018499374390,0.00242,0.00012,0.00432,0.00385,0.00001,0.00086,0.01157
1598870256.609810590744019,0.00275,0.00021,0.00217,0.00365,0.00052,0.00143,0.01073
1598870256.651474237442017,0.00214,0.00009,0.00003,0.00374,0.00000,0.00082,0.00683
1598870256.710022449493408,0.00220,0.00008,0.00006,0.00346,0.00001,0.00123,0.00705
1598870256.743193626403809,0.00225,0.00015,0.00001,0.00360,0.00000,0.00098,0.00699
1598870256.777728319168091,0.00241,0.00022,0.00028,0.00357,0.00008,0.00154,0.00811
1598870256.811164855957031,0.00262,0.00009,0.00001,0.00351,0.00000,0.00088,0.00711
1598870256.844275712966919,0.00219,0.00009,0.00256,0.00348,0.00108,0.00099,0.01038
1598870256.878336191177368,0.00223,0.00010,0.00001,0.00397,0.00000,0.00102,0.00733
1598870256.911017656326294,0.00214,0.00006,0.00001,0.00382,0.00000,0.00081,0.00685
1598870256.943662881851196,0.00209,0.00006,0.00165,0.00388,0.00000,0.00105,0.00873
1598870256.976955890655518,0.00228,0.00010,0.00278,0.00375,0.00000,0.00099,0.00990
1598870257.012384891510010,0.00209,0.00008,0.00402,0.00399,0.00000,0.00106,0.01125
1598870257.077183961868286,0.00234,0.00016,0.00222,0.00418,0.00000,0.00083,0.00974
1598870257.115471124649048,0.00224,0.00014,0.00004,0.00452,0.00000,0.00082,0.00777
1598870257.177452564239502,0.00214,0.00014,0.00074,0.00381,0.00000,0.00077,0.00759
1598870257.210628986358643,0.00232,0.00013,0.00003,0.00412,0.00000,0.00105,0.00764
1598870257.245543241500854,0.00209,0.00008,0.00067,0.00376,0.00000,0.00086,0.00747
1598870257.278092145919800,0.00213,0.00014,0.00001,0.00392,0.00000,0.00100,0.00720
1598870257.344387054443359,0.00234,0.00011,0.00226,0.00380,0.00000,0.00099,0.00950
1598870257.378544330596924,0.00229,0.00014,0.00001,0.00392,0.00000,0.00100,0.00736
1598870257.413724184036255,0.00211,0.00012,0.00001,0.00361,0.00000,0.00077,0.00661
1598870257.480187416076660,0.00238,0.00012,0.00171,0.00373,0.00000,0.00085,0.00879
1598870257.547305583953857,0.00188,0.00012,0.00268,0.00385,0.00009,0.00080,0.00943
1598870257.579895973205566,0.00231,0.00012,0.00375,0.00367,0.00001,0.00100,0.01087
1598870257.613320827484131,0.00204,0.00011,0.00209,0.00359,0.00067,0.00084,0.00934
1598870257.676992177963257,0.00211,0.00009,0.00003,0.00423,0.00000,0.00083,0.00729
1598870257.712241649627686,0.00203,0.00006,0.00065,0.00383,0.00000,0.00086,0.00743
1598870257.745482921600342,0.00275,0.00022,0.00001,0.00392,0.00000,0.00132,0.00821
1598870257.779037714004517,0.00201,0.00010,0.00067,0.00384,0.00000,0.00097,0.00759
1598870257.813119173049927,0.00245,0.00020,0.00001,0.00401,0.00000,0.00146,0.00813
1598870257.878822326660156,0.00227,0.00015,0.00217,0.00383,0.00000,0.00077,0.00919
1598870257.919508934020996,0.00328,0.00011,0.00039,0.00398,0.00000,0.00114,0.00890
1598870257.979923725128174,0.00259,0.00013,0.00001,0.00414,0.00000,0.00117,0.00804
1598870258.013402700424194,0.00302,0.00022,0.00197,0.00407,0.00000,0.00153,0.01082
1598870258.046877861022949,0.00238,0.00009,0.00233,0.00374,0.00062,0.00109,0.01026
1598870258.080762386322021,0.00285,0.00013,0.00361,0.00415,0.00000,0.00115,0.01189
1598870258.113770484924316,0.00254,0.00013,0.00206,0.00363,0.00000,0.00108,0.00944
1598870258.150685548782349,0.00211,0.00010,0.00001,0.00376,0.00003,0.00090,0.00690
1598870258.215484142303467,0.00291,0.00021,0.00001,0.00424,0.00073,0.00151,0.00961
1598870258.248800992965698,0.00280,0.00009,0.00038,0.00362,0.00000,0.00098,0.00787
1598870258.281681537628174,0.00260,0.00009,0.00070,0.00353,0.00001,0.00085,0.00778
1598870258.314880847930908,0.00251,0.00007,0.00007,0.00350,0.00008,0.00095,0.00719
1598870258.348793983459473,0.00259,0.00009,0.00625,0.00360,0.00128,0.00097,0.01479
1598870258.381873846054077,0.00294,0.00009,0.00004,0.00408,0.00000,0.00113,0.00829
1598870258.416042804718018,0.00251,0.00013,0.00002,0.00426,0.00000,0.00107,0.00799
1598870258.449360132217407,0.00269,0.00008,0.00166,0.00376,0.00000,0.00095,0.00914
1598870258.515096187591553,0.00223,0.00009,0.00215,0.00344,0.00008,0.00090,0.00890
1598870258.548297882080078,0.00220,0.00007,0.00283,0.00357,0.00009,0.00090,0.00966
1598870258.615458488464355,0.00246,0.00019,0.00175,0.00368,0.00041,0.00108,0.00956
1598870258.648199796676636,0.00263,0.00009,0.00004,0.00392,0.00000,0.00107,0.00776
1598870258.681874990463257,0.00220,0.00008,0.00005,0.00378,0.00001,0.00090,0.00701
1598870258.715361595153809,0.00237,0.00008,0.00001,0.00425,0.00000,0.00113,0.00783
1598870258.748969078063965,0.00260,0.00011,0.00006,0.00379,0.00069,0.00092,0.00816
1598870258.782366752624512,0.00211,0.00008,0.00003,0.00397,0.00000,0.00095,0.00714
1598870258.814930677413940,0.00226,0.00010,0.00551,0.00388,0.00000,0.00083,0.01258
1598870258.848214149475098,0.00212,0.00010,0.00001,0.00394,0.00000,0.00090,0.00707
1598870258.881587743759155,0.00242,0.00008,0.00001,0.00393,0.00000,0.00087,0.00731
1598870258.914589405059814,0.00245,0.00010,0.00166,0.00387,0.00000,0.00090,0.00898
1598870258.949136018753052,0.00204,0.00007,0.00204,0.00388,0.00000,0.00089,0.00893
1598870259.014780044555664,0.00250,0.00013,0.00186,0.00375,0.00000,0.00091,0.00915
1598870259.048459053039551,0.00245,0.00019,0.00168,0.00375,0.00003,0.00156,0.00967
1598870259.081045866012573,0.00223,0.00006,0.00001,0.00382,0.00003,0.00091,0.00706
1598870259.116118192672729,0.00243,0.00021,0.00001,0.00382,0.00084,0.00130,0.00860
1598870259.181464433670044,0.00235,0.00008,0.00002,0.00401,0.00000,0.00094,0.00741
1598870259.214857339859009,0.00234,0.00017,0.00003,0.00389,0.00000,0.00133,0.00776
1598870259.255753993988037,0.00253,0.00007,0.00003,0.00384,0.00000,0.00087,0.00733
1598870259.316333770751953,0.00230,0.00023,0.00648,0.00373,0.00008,0.00132,0.01413
1598870259.349693536758423,0.00253,0.00006,0.00019,0.00398,0.00000,0.00092,0.00768
1598870259.415802240371704,0.00222,0.00023,0.00001,0.00377,0.00000,0.00126,0.00750
1598870259.448630332946777,0.00215,0.00006,0.00172,0.00383,0.00000,0.00087,0.00863
1598870259.481849670410156,0.00241,0.00021,0.00087,0.00328,0.00070,0.00139,0.00886
1598870259.515937089920044,0.00236,0.00010,0.00198,0.00361,0.00085,0.00100,0.00991
1598870259.550982236862183,0.00247,0.00009,0.00165,0.00376,0.00002,0.00118,0.00918
1598870259.615389823913574,0.00254,0.00012,0.00048,0.00373,0.00003,0.00080,0.00770
1598870259.648964643478394,0.00225,0.00011,0.00034,0.00384,0.00000,0.00152,0.00805
1598870259.682823419570923,0.00221,0.00011,0.00001,0.00404,0.00000,0.00087,0.00725
1598870259.716684818267822,0.00293,0.00016,0.00001,0.00409,0.00003,0.00126,0.00847
1598870259.750837564468384,0.00239,0.00013,0.00056,0.00354,0.00002,0.00082,0.00745
1598870259.818951129913330,0.00259,0.00015,0.00440,0.00330,0.00071,0.00082,0.01196
1598870259.884676456451416,0.00208,0.00015,0.00031,0.00350,0.00001,0.00085,0.00690
1598870259.918566703796387,0.00218,0.00012,0.00057,0.00374,0.00001,0.00085,0.00746
1598870259.952407836914062,0.00194,0.00013,0.00005,0.00324,0.00194,0.00084,0.00815
1598870259.987226724624634,0.00255,0.00010,0.00036,0.00365,0.00004,0.00088,0.00758
1598870260.051752805709839,0.00222,0.00015,0.00159,0.00362,0.00071,0.00101,0.00931
1598870260.085629463195801,0.00261,0.00012,0.00103,0.00376,0.00002,0.00086,0.00839
1598870260.119468212127686,0.00213,0.00008,0.00001,0.00416,0.00003,0.00110,0.00751
1598870260.152536630630493,0.00272,0.00012,0.00001,0.00382,0.00000,0.00087,0.00754
1598870260.185254573822021,0.00233,0.00020,0.00375,0.00376,0.00067,0.00122,0.01193
1598870260.219786405563354,0.00225,0.00009,0.00003,0.00436,0.00000,0.00083,0.00756
1598870260.286779403686523,0.00223,0.00011,0.00067,0.00387,0.00000,0.00081,0.00769
1598870260.319542407989502,0.00239,0.00008,0.00313,0.00388,0.00000,0.00083,0.01032
1598870260.352208852767944,0.00262,0.00010,0.00005,0.00394,0.00000,0.00078,0.00749
1598870260.385807991027832,0.00171,0.00010,0.00003,0.00394,0.00000,0.00078,0.00656
1598870260.419700145721436,0.00252,0.00010,0.00001,0.00437,0.00000,0.00079,0.00779
1598870260.452072858810425,0.00219,0.00011,0.00008,0.00435,0.00000,0.00087,0.00761
1598870260.485256195068359,0.00230,0.00006,0.00155,0.00389,0.00000,0.00091,0.00871
1598870260.518736600875854,0.00242,0.00014,0.00007,0.00403,0.00000,0.00149,0.00815
1598870260.552312850952148,0.00230,0.00014,0.00015,0.00423,0.00000,0.00094,0.00776
1598870260.585378885269165,0.00249,0.00015,0.00001,0.00389,0.00000,0.00136,0.00790
1598870260.619290351867676,0.00221,0.00009,0.00315,0.00403,0.00076,0.00083,0.01107
1598870260.652726173400879,0.00259,0.00012,0.00006,0.00426,0.00000,0.00125,0.00827
1598870260.684992313385010,0.00246,0.00009,0.00082,0.00456,0.00000,0.00103,0.00897
1598870260.719489574432373,0.00224,0.00010,0.00294,0.00383,0.00000,0.00077,0.00988
1598870260.751968383789062,0.00232,0.00010,0.00003,0.00422,0.00000,0.00120,0.00788
1598870260.785270214080811,0.00212,0.00011,0.00003,0.00403,0.00000,0.00154,0.00783
1598870260.819186210632324,0.00180,0.00013,0.00001,0.00400,0.00000,0.00082,0.00676
1598870260.852455377578735,0.00203,0.00007,0.00013,0.00390,0.00000,0.00073,0.00686
1598870260.885474443435669,0.00252,0.00008,0.00077,0.00397,0.00000,0.00111,0.00845
1598870260.919566154479980,0.00227,0.00010,0.00006,0.00394,0.00000,0.00112,0.00748
1598870260.952082157135010,0.00231,0.00008,0.00003,0.00432,0.00000,0.00082,0.00758
1598870260.986876487731934,0.00214,0.00010,0.00001,0.00393,0.00000,0.00082,0.00699
1598870261.020226716995239,0.00221,0.00013,0.00338,0.00392,0.00000,0.00099,0.01064
1598870261.085492610931396,0.00200,0.00013,0.00004,0.00389,0.00000,0.00074,0.00680
1598870261.120876789093018,0.00263,0.00020,0.00041,0.00387,0.00000,0.00116,0.00827
1598870261.184840679168701,0.00256,0.00012,0.00294,0.00387,0.00000,0.00087,0.01037
1598870261.219733238220215,0.00221,0.00021,0.00004,0.00395,0.00000,0.00121,0.00763
1598870261.252108335494995,0.00238,0.00006,0.00003,0.00436,0.00000,0.00102,0.00786
1598870261.285252094268799,0.00234,0.00023,0.00001,0.00440,0.00000,0.00146,0.00844
1598870261.320426464080811,0.00244,0.00008,0.00037,0.00397,0.00000,0.00085,0.00771
1598870261.352790355682373,0.00257,0.00020,0.00202,0.00388,0.00000,0.00144,0.01010
1598870261.419274568557739,0.00261,0.00012,0.00006,0.00403,0.00000,0.00104,0.00787
1598870261.452842950820923,0.00276,0.00019,0.00004,0.00435,0.00000,0.00151,0.00885
1598870261.485986471176147,0.00243,0.00009,0.00026,0.00391,0.00000,0.00077,0.00746
1598870261.519052028656006,0.00198,0.00017,0.00310,0.00415,0.00000,0.00116,0.01056
1598870261.552678108215332,0.00264,0.00014,0.00005,0.00394,0.00000,0.00073,0.00750
1598870261.585557937622070,0.00253,0.00022,0.00005,0.00402,0.00000,0.00148,0.00831
1598870261.619700431823730,0.00245,0.00008,0.00305,0.00391,0.00000,0.00082,0.01032
1598870261.652699232101440,0.00216,0.00021,0.00004,0.00425,0.00000,0.00151,0.00817
1598870261.685527563095093,0.00231,0.00008,0.00001,0.00400,0.00000,0.00099,0.00740
1598870261.719345808029175,0.00241,0.00021,0.00229,0.00441,0.00000,0.00148,0.01081
1598870261.752471208572388,0.00207,0.00010,0.00047,0.00387,0.00000,0.00080,0.00730
1598870261.785319328308105,0.00243,0.00023,0.00179,0.00374,0.00002,0.00148,0.00968
1598870261.819344282150269,0.00222,0.00009,0.00004,0.00377,0.00003,0.00082,0.00696
1598870261.851975440979004,0.00237,0.00019,0.00001,0.00388,0.00003,0.00145,0.00794
1598870261.886031389236450,0.00241,0.00010,0.00001,0.00383,0.00000,0.00101,0.00735
1598870261.920228719711304,0.00233,0.00021,0.00249,0.00369,0.00070,0.00114,0.01056
1598870261.985338449478149,0.00250,0.00010,0.00038,0.00386,0.00000,0.00087,0.00771
1598870262.019279241561890,0.00200,0.00006,0.00067,0.00398,0.00000,0.00085,0.00756
1598870262.053675174713135,0.00222,0.00008,0.00327,0.00377,0.00000,0.00106,0.01040
1598870262.118408679962158,0.00268,0.00013,0.00006,0.00418,0.00000,0.00093,0.00797
1598870262.152519464492798,0.00216,0.00015,0.00003,0.00422,0.00009,0.00081,0.00747
1598870262.185824394226074,0.00250,0.00010,0.00207,0.00452,0.00000,0.00080,0.01000
1598870262.219420194625854,0.00215,0.00012,0.00039,0.00384,0.00000,0.00075,0.00725
1598870262.253288984298706,0.00244,0.00012,0.00195,0.00402,0.00000,0.00077,0.00931
1598870262.285812854766846,0.00229,0.00011,0.00083,0.00380,0.00013,0.00101,0.00816
1598870262.319469213485718,0.00224,0.00019,0.00004,0.00406,0.00000,0.00141,0.00795
1598870262.352863311767578,0.00236,0.00015,0.00001,0.00443,0.00000,0.00094,0.00789
1598870262.386072158813477,0.00233,0.00006,0.00248,0.00403,0.00000,0.00128,0.01020
1598870262.419535875320435,0.00202,0.00009,0.00008,0.00440,0.00000,0.00079,0.00739
1598870262.453151941299438,0.00247,0.00019,0.00072,0.00379,0.00000,0.00115,0.00833
1598870262.486476182937622,0.00234,0.00015,0.00289,0.00378,0.00008,0.00101,0.01025
1598870262.520073175430298,0.00236,0.00007,0.00035,0.00398,0.00000,0.00082,0.00757
1598870262.553493022918701,0.00229,0.00007,0.00048,0.00400,0.00000,0.00107,0.00793
1598870262.585790157318115,0.00229,0.00007,0.00160,0.00394,0.00000,0.00080,0.00870
1598870262.619891166687012,0.00224,0.00006,0.00062,0.00395,0.00000,0.00082,0.00769
1598870262.652418375015259,0.00210,0.00006,0.00178,0.00378,0.00000,0.00088,0.00860
1598870262.685916662216187,0.00204,0.00009,0.00069,0.00384,0.00000,0.00089,0.00756
1598870262.720094680786133,0.00221,0.00016,0.00016,0.00394,0.00010,0.00103,0.00760
1598870262.752368450164795,0.00233,0.00010,0.00258,0.00398,0.00000,0.00133,0.01032
1598870262.785489320755005,0.00238,0.00010,0.00271,0.00381,0.00000,0.00100,0.01001
1598870262.819458961486816,0.00196,0.00008,0.00065,0.00389,0.00000,0.00083,0.00742
1598870262.852155923843384,0.00186,0.00008,0.00068,0.00379,0.00008,0.00085,0.00735
1598870262.885602235794067,0.00203,0.00008,0.00236,0.00396,0.00000,0.00084,0.00927
1598870262.919858217239380,0.00225,0.00008,0.00066,0.00394,0.00000,0.00083,0.00776
1598870262.953455209732056,0.00201,0.00008,0.00004,0.00443,0.00000,0.00081,0.00737
1598870262.986101865768433,0.00229,0.00008,0.00144,0.00391,0.00000,0.00084,0.00857
1598870263.019488573074341,0.00214,0.00008,0.00095,0.00434,0.00000,0.00110,0.00860
1598870263.053055047988892,0.00211,0.00009,0.00186,0.00397,0.00000,0.00100,0.00902
1598870263.088187932968140,0.00253,0.00009,0.00119,0.00392,0.00000,0.00088,0.00860
1598870263.121842384338379,0.00224,0.00008,0.00004,0.00400,0.00000,0.00084,0.00719
1598870263.155120134353638,0.00267,0.00014,0.00296,0.00393,0.00000,0.00099,0.01069
1598870263.190680265426636,0.00264,0.00013,0.00212,0.00390,0.00000,0.00101,0.00979
1598870263.223472118377686,0.00226,0.00011,0.00077,0.00383,0.00000,0.00092,0.00788
1598870263.256255626678467,0.00206,0.00014,0.00036,0.00381,0.00071,0.00100,0.00808
1598870263.290224313735962,0.00249,0.00011,0.00240,0.00367,0.00000,0.00092,0.00959
1598870263.323908567428589,0.00222,0.00008,0.00033,0.00379,0.00071,0.00106,0.00820
1598870263.356863498687744,0.00252,0.00021,0.00029,0.00383,0.00087,0.00144,0.00915
1598870263.389999866485596,0.00210,0.00009,0.00146,0.00421,0.00000,0.00083,0.00869
1598870263.424480438232422,0.00251,0.00024,0.00200,0.00401,0.00012,0.00161,0.01048
1598870263.489348173141479,0.00271,0.00012,0.00339,0.00360,0.00042,0.00081,0.01105
1598870263.521839618682861,0.00270,0.00022,0.00119,0.00380,0.00000,0.00110,0.00901
1598870263.556663513183594,0.00228,0.00009,0.00024,0.00385,0.00001,0.00081,0.00728
1598870263.590684890747070,0.00259,0.00006,0.00174,0.00401,0.00074,0.00083,0.00996
1598870263.623931407928467,0.00222,0.00006,0.00193,0.00376,0.00000,0.00086,0.00882
1598870263.657245874404907,0.00247,0.00021,0.00024,0.00380,0.00092,0.00118,0.00881
1598870263.723471641540527,0.00261,0.00011,0.00050,0.00406,0.00000,0.00085,0.00814
1598870263.757149696350098,0.00272,0.00017,0.00182,0.00391,0.00000,0.00122,0.00984
1598870263.789840936660767,0.00254,0.00010,0.00001,0.00391,0.00000,0.00085,0.00741
1598870263.830393314361572,0.00231,0.00006,0.00005,0.00369,0.00008,0.00083,0.00702
1598870263.891324996948242,0.00256,0.00009,0.00147,0.00386,0.00000,0.00086,0.00886
1598870263.957699537277222,0.00217,0.00009,0.00095,0.00390,0.00034,0.00086,0.00830
1598870263.990817785263062,0.00236,0.00008,0.00359,0.00392,0.00000,0.00113,0.01108
1598870264.058697700500488,0.00295,0.00015,0.00084,0.00356,0.00001,0.00090,0.00841
1598870264.091065645217896,0.00215,0.00006,0.00454,0.00353,0.00002,0.00126,0.01158
1598870264.124371290206909,0.00248,0.00009,0.00143,0.00350,0.00084,0.00086,0.00921
1598870264.157901525497437,0.00234,0.00006,0.00166,0.00395,0.00000,0.00088,0.00889
1598870264.190264940261841,0.00228,0.00007,0.00001,0.00409,0.00000,0.00084,0.00728
1598870264.223802804946899,0.00222,0.00006,0.00032,0.00413,0.00000,0.00083,0.00756
1598870264.257568836212158,0.00203,0.00006,0.00219,0.00397,0.00000,0.00085,0.00910
1598870264.290421724319458,0.00229,0.00005,0.00001,0.00410,0.00000,0.00086,0.00730
1598870264.323492288589478,0.00209,0.00006,0.00001,0.00401,0.00000,0.00084,0.00701
1598870264.358341455459595,0.00218,0.00006,0.00157,0.00400,0.00000,0.00082,0.00864
1598870264.391141891479492,0.00229,0.00007,0.00096,0.00382,0.00000,0.00088,0.00801
1598870264.424319505691528,0.00227,0.00009,0.00370,0.00390,0.00000,0.00106,0.01102
1598870264.458008289337158,0.00233,0.00008,0.00183,0.00374,0.00012,0.00102,0.00913
1598870264.490792989730835,0.00239,0.00012,0.00478,0.00394,0.00000,0.00118,0.01241
1598870264.523668050765991,0.00252,0.00013,0.00149,0.00380,0.00008,0.00107,0.00909
1598870264.556684017181396,0.00236,0.00022,0.00145,0.00397,0.00000,0.00136,0.00937
1598870264.590649127960205,0.00219,0.00009,0.00001,0.00406,0.00000,0.00083,0.00718
1598870264.625024557113647,0.00236,0.00021,0.00032,0.00439,0.00000,0.00144,0.00873
1598870264.690843105316162,0.00245,0.00013,0.00186,0.00379,0.00000,0.00108,0.00930
1598870264.723821640014648,0.00245,0.00019,0.00038,0.00387,0.00008,0.00158,0.00856
1598870264.758347272872925,0.00249,0.00011,0.00036,0.00369,0.00008,0.00094,0.00767
1598870264.790751934051514,0.00218,0.00022,0.00173,0.00367,0.00001,0.00143,0.00925
1598870264.856969833374023,0.00245,0.00014,0.00035,0.00371,0.00073,0.00100,0.00837
1598870264.890283107757568,0.00227,0.00021,0.00319,0.00386,0.00000,0.00121,0.01075
1598870264.924172163009644,0.00230,0.00014,0.00106,0.00398,0.00067,0.00099,0.00915
1598870264.957766294479370,0.00221,0.00016,0.00430,0.00393,0.00000,0.00119,0.01179
1598870264.990323781967163,0.00252,0.00014,0.00121,0.00411,0.00000,0.00102,0.00901
1598870265.022909879684448,0.00220,0.00021,0.00068,0.00413,0.00001,0.00143,0.00866
1598870265.056517601013184,0.00229,0.00011,0.00001,0.00398,0.00000,0.00125,0.00763
1598870265.090119123458862,0.00234,0.00022,0.00001,0.00380,0.00053,0.00146,0.00836
1598870265.123539209365845,0.00237,0.00011,0.00189,0.00381,0.00000,0.00098,0.00917
1598870265.157678604125977,0.00224,0.00020,0.00017,0.00374,0.00002,0.00109,0.00747
1598870265.190721511840820,0.00216,0.00006,0.00001,0.00378,0.00000,0.00076,0.00677
1598870265.224980831146240,0.00243,0.00022,0.00207,0.00355,0.00086,0.00125,0.01037
1598870265.290370702743530,0.00234,0.00012,0.00006,0.00395,0.00039,0.00083,0.00769
1598870265.324512243270874,0.00260,0.00021,0.00274,0.00378,0.00000,0.00118,0.01051
1598870265.390715837478638,0.00256,0.00015,0.00036,0.00389,0.00066,0.00090,0.00852
1598870265.423495292663574,0.00237,0.00021,0.00434,0.00395,0.00000,0.00114,0.01200
1598870265.457392692565918,0.00232,0.00015,0.00031,0.00406,0.00000,0.00102,0.00787
1598870265.490657329559326,0.00265,0.00023,0.00035,0.00406,0.00000,0.00168,0.00897
1598870265.523581266403198,0.00240,0.00010,0.00001,0.00440,0.00000,0.00101,0.00792
1598870265.557812929153442,0.00233,0.00017,0.00003,0.00407,0.00000,0.00118,0.00777
1598870265.591945171356201,0.00260,0.00011,0.00197,0.00414,0.00000,0.00079,0.00961
1598870265.625009059906006,0.00257,0.00024,0.00001,0.00435,0.00000,0.00135,0.00852
1598870265.657623052597046,0.00238,0.00009,0.00042,0.00396,0.00000,0.00083,0.00769
1598870265.690620183944702,0.00206,0.00016,0.00095,0.00383,0.00000,0.00109,0.00809
1598870265.723882436752319,0.00254,0.00013,0.00414,0.00387,0.00000,0.00103,0.01170
1598870265.757775068283081,0.00247,0.00021,0.00274,0.00367,0.00017,0.00167,0.01094
1598870265.790862321853638,0.00252,0.00007,0.00040,0.00387,0.00001,0.00082,0.00769
1598870265.824820041656494,0.00251,0.00022,0.00459,0.00344,0.00003,0.00134,0.01213
1598870265.857145309448242,0.00213,0.00006,0.00001,0.00363,0.00071,0.00081,0.00735
1598870265.890455245971680,0.00259,0.00020,0.00042,0.00372,0.00009,0.00137,0.00839
1598870265.923332929611206,0.00242,0.00007,0.00001,0.00379,0.00000,0.00072,0.00701
1598870265.956927061080933,0.00256,0.00023,0.00001,0.00402,0.00000,0.00143,0.00825
1598870265.990575551986694,0.00223,0.00013,0.00177,0.00364,0.00036,0.00097,0.00910
1598870266.024480819702148,0.00248,0.00022,0.00007,0.00383,0.00000,0.00150,0.00811
1598870266.057853698730469,0.00256,0.00013,0.00001,0.00359,0.00000,0.00084,0.00713
1598870266.090741157531738,0.00225,0.00020,0.00001,0.00359,0.00131,0.00121,0.00856
1598870266.123912811279297,0.00243,0.00010,0.00368,0.00376,0.00000,0.00091,0.01088
1598870266.157815217971802,0.00218,0.00017,0.00215,0.00378,0.00000,0.00122,0.00951
1598870266.191055774688721,0.00232,0.00011,0.00105,0.00383,0.00000,0.00103,0.00836
1598870266.225203752517700,0.00222,0.00017,0.00398,0.00378,0.00000,0.00103,0.01117
1598870266.290926694869995,0.00219,0.00009,0.00001,0.00370,0.00000,0.00079,0.00678
1598870266.325745344161987,0.00256,0.00025,0.00005,0.00376,0.00000,0.00147,0.00809
1598870266.390366792678833,0.00262,0.00012,0.00033,0.00380,0.00023,0.00081,0.00791
1598870266.424609899520874,0.00236,0.00019,0.00004,0.00347,0.00001,0.00115,0.00722
1598870266.457340240478516,0.00178,0.00006,0.00066,0.00341,0.00068,0.00074,0.00733
1598870266.491268873214722,0.00258,0.00022,0.00003,0.00371,0.00001,0.00123,0.00778
1598870266.525467634201050,0.00194,0.00010,0.00022,0.00358,0.00000,0.00132,0.00717
1598870266.590696334838867,0.00242,0.00022,0.00001,0.00362,0.00000,0.00129,0.00757
1598870266.625085592269897,0.00205,0.00007,0.00309,0.00359,0.00077,0.00081,0.01038
1598870266.657759666442871,0.00221,0.00020,0.00172,0.00359,0.00066,0.00107,0.00946
1598870266.691174745559692,0.00242,0.00014,0.00051,0.00392,0.00008,0.00091,0.00799
1598870266.724170923233032,0.00239,0.00024,0.00373,0.00409,0.00000,0.00135,0.01180
1598870266.758878707885742,0.00210,0.00010,0.00001,0.00449,0.00000,0.00106,0.00776
1598870266.791140794754028,0.00253,0.00023,0.00069,0.00463,0.00000,0.00121,0.00929
1598870266.831534624099731,0.00206,0.00008,0.00071,0.00408,0.00000,0.00085,0.00779
1598870266.890876293182373,0.00223,0.00018,0.00003,0.00396,0.00000,0.00113,0.00754
1598870266.923799991607666,0.00240,0.00011,0.00071,0.00426,0.00000,0.00079,0.00827
1598870266.958566904067993,0.00226,0.00023,0.00055,0.00397,0.00008,0.00172,0.00880
1598870267.024106740951538,0.00257,0.00012,0.00001,0.00412,0.00000,0.00097,0.00778
1598870267.057469129562378,0.00224,0.00021,0.00001,0.00401,0.00000,0.00115,0.00762
1598870267.090685129165649,0.00216,0.00011,0.00340,0.00399,0.00000,0.00098,0.01064
1598870267.123946666717529,0.00239,0.00023,0.00198,0.00396,0.00000,0.00160,0.01016
1598870267.158562898635864,0.00214,0.00006,0.00035,0.00406,0.00000,0.00085,0.00747
1598870267.191109657287598,0.00260,0.00022,0.00344,0.00391,0.00000,0.00124,0.01142
1598870267.227123975753784,0.00242,0.00010,0.00001,0.00406,0.00000,0.00091,0.00751
1598870267.291862964630127,0.00217,0.00023,0.00070,0.00384,0.00000,0.00120,0.00814
1598870267.324198484420776,0.00208,0.00006,0.00004,0.00384,0.00000,0.00084,0.00686
1598870267.358448028564453,0.00230,0.00022,0.00021,0.00392,0.00009,0.00162,0.00835
1598870267.391734123229980,0.00256,0.00011,0.00071,0.00395,0.00000,0.00105,0.00838
1598870267.434116601943970,0.00208,0.00022,0.00001,0.00401,0.00000,0.00124,0.00756
1598870267.492117404937744,0.00218,0.00007,0.00006,0.00392,0.00000,0.00080,0.00704
1598870267.524882793426514,0.00290,0.00021,0.00001,0.00388,0.00000,0.00127,0.00827
1598870267.558750152587891,0.00242,0.00006,0.00325,0.00352,0.00011,0.00083,0.01018
1598870267.591585159301758,0.00248,0.00019,0.00170,0.00354,0.00004,0.00124,0.00920
1598870267.656482219696045,0.00228,0.00008,0.00006,0.00356,0.00004,0.00088,0.00690
1598870267.690065383911133,0.00264,0.00019,0.00335,0.00353,0.00086,0.00142,0.01200
1598870267.723588466644287,0.00269,0.00010,0.00001,0.00380,0.00000,0.00116,0.00776
1598870267.757718086242676,0.00236,0.00016,0.00021,0.00387,0.00088,0.00132,0.00879
1598870267.791195154190063,0.00243,0.00011,0.00003,0.00387,0.00002,0.00107,0.00754
1598870267.824170827865601,0.00248,0.00022,0.00004,0.00384,0.00003,0.00133,0.00794
1598870267.858284711837769,0.00224,0.00007,0.00102,0.00351,0.00010,0.00089,0.00783
1598870267.891918420791626,0.00223,0.00016,0.00003,0.00373,0.00000,0.00120,0.00735
1598870267.925522327423096,0.00224,0.00009,0.00633,0.00361,0.00072,0.00080,0.01380
1598870267.958424329757690,0.00285,0.00018,0.00002,0.00406,0.00000,0.00120,0.00831
1598870267.991617679595947,0.00243,0.00013,0.00308,0.00413,0.00000,0.00096,0.01073
1598870268.025496244430542,0.00263,0.00023,0.00180,0.00420,0.00000,0.00126,0.01012
1598870268.090919733047485,0.00267,0.00012,0.00007,0.00403,0.00000,0.00099,0.00788
1598870268.124684095382690,0.00229,0.00022,0.00370,0.00393,0.00002,0.00158,0.01175
1598870268.157746553421021,0.00257,0.00010,0.00001,0.00391,0.00000,0.00110,0.00770
1598870268.190955638885498,0.00235,0.00020,0.00001,0.00393,0.00002,0.00131,0.00783
1598870268.224205255508423,0.00214,0.00007,0.00001,0.00390,0.00003,0.00094,0.00708
1598870268.258927106857300,0.00252,0.00020,0.00001,0.00399,0.00003,0.00158,0.00834
1598870268.325397253036499,0.00257,0.00012,0.00071,0.00388,0.00003,0.00093,0.00823
1598870268.392416715621948,0.00273,0.00024,0.00024,0.00376,0.00000,0.00139,0.00836
1598870268.458482503890991,0.00272,0.00011,0.00574,0.00369,0.00069,0.00089,0.01385
1598870268.491768360137939,0.00255,0.00019,0.00009,0.00448,0.00001,0.00135,0.00867
1598870268.524578809738159,0.00243,0.00012,0.00303,0.00440,0.00080,0.00084,0.01161
1598870268.558773756027222,0.00255,0.00019,0.00180,0.00409,0.00000,0.00122,0.00986
1598870268.591127872467041,0.00190,0.00006,0.00005,0.00417,0.00000,0.00078,0.00697
1598870268.624642372131348,0.00240,0.00016,0.00271,0.00414,0.00000,0.00111,0.01053
1598870268.657968997955322,0.00261,0.00011,0.00001,0.00421,0.00000,0.00086,0.00779
1598870268.691118240356445,0.00208,0.00019,0.00003,0.00419,0.00000,0.00125,0.00775
1598870268.732904195785522,0.00261,0.00013,0.00005,0.00430,0.00000,0.00135,0.00844
1598870268.791341543197632,0.00257,0.00022,0.00003,0.00447,0.00000,0.00126,0.00854
1598870268.827328681945801,0.00229,0.00007,0.00069,0.00415,0.00000,0.00090,0.00809
1598870268.865283727645874,0.00240,0.00020,0.00001,0.00421,0.00000,0.00147,0.00829
1598870268.925427198410034,0.00224,0.00008,0.00525,0.00385,0.00000,0.00080,0.01222
1598870268.958460330963135,0.00206,0.00016,0.00003,0.00393,0.00000,0.00110,0.00728
1598870268.992038011550903,0.00249,0.00010,0.00249,0.00380,0.00008,0.00092,0.00988
1598870269.024303197860718,0.00224,0.00022,0.00177,0.00455,0.00000,0.00152,0.01030
1598870269.058360576629639,0.00234,0.00012,0.00018,0.00410,0.00000,0.00085,0.00760
1598870269.091230869293213,0.00264,0.00023,0.00301,0.00401,0.00000,0.00126,0.01115
1598870269.124366044998169,0.00231,0.00007,0.00001,0.00416,0.00000,0.00087,0.00741
1598870269.158264398574829,0.00228,0.00016,0.00019,0.00393,0.00000,0.00120,0.00775
1598870269.191617727279663,0.00243,0.00011,0.00001,0.00424,0.00003,0.00119,0.00800
1598870269.226092100143433,0.00262,0.00023,0.00001,0.00395,0.00003,0.00132,0.00816
1598870269.292245388031006,0.00250,0.00012,0.00070,0.00376,0.00002,0.00093,0.00804
1598870269.357798576354980,0.00243,0.00023,0.00001,0.00391,0.00000,0.00143,0.00802
1598870269.393077850341797,0.00223,0.00011,0.00415,0.00371,0.00011,0.00106,0.01137
1598870269.457748174667358,0.00258,0.00020,0.00004,0.00400,0.00002,0.00147,0.00831
1598870269.491401433944702,0.00252,0.00012,0.00216,0.00396,0.00067,0.00108,0.01052
1598870269.524944543838501,0.00235,0.00025,0.00229,0.00409,0.00000,0.00147,0.01045
1598870269.558106660842896,0.00242,0.00008,0.00017,0.00418,0.00000,0.00080,0.00764
1598870269.591486930847168,0.00255,0.00023,0.00294,0.00403,0.00000,0.00150,0.01125
1598870269.625415325164795,0.00233,0.00011,0.00001,0.00412,0.00000,0.00110,0.00767
1598870269.691499233245850,0.00269,0.00025,0.00070,0.00434,0.00009,0.00148,0.00955
1598870269.730337619781494,0.00215,0.00012,0.00005,0.00410,0.00000,0.00104,0.00746
1598870269.791841506958008,0.00232,0.00018,0.00018,0.00399,0.00000,0.00114,0.00781
1598870269.825188398361206,0.00247,0.00011,0.00086,0.00420,0.00069,0.00080,0.00913
1598870269.857709169387817,0.00241,0.00023,0.00001,0.00461,0.00000,0.00123,0.00849
1598870269.890634059906006,0.00255,0.00014,0.00363,0.00402,0.00000,0.00092,0.01125
1598870269.930865526199341,0.00247,0.00023,0.00003,0.00437,0.00000,0.00157,0.00869
1598870269.991189718246460,0.00245,0.00013,0.00226,0.00380,0.00008,0.00102,0.00974
1598870270.024239301681519,0.00252,0.00024,0.00196,0.00374,0.00000,0.00144,0.00991
1598870270.060171127319336,0.00226,0.00014,0.00108,0.00398,0.00001,0.00100,0.00846
1598870270.124322652816772,0.00283,0.00024,0.00304,0.00366,0.00003,0.00128,0.01108
1598870270.160278081893921,0.00204,0.00006,0.00001,0.00374,0.00000,0.00087,0.00672
1598870270.225571632385254,0.00223,0.00021,0.00001,0.00386,0.00049,0.00122,0.00802
1598870270.258887052536011,0.00211,0.00006,0.00001,0.00376,0.00003,0.00087,0.00683
1598870270.292036771774292,0.00204,0.00015,0.00055,0.00378,0.00057,0.00106,0.00814
1598870270.326269865036011,0.00236,0.00012,0.00071,0.00392,0.00000,0.00103,0.00814
1598870270.358662366867065,0.00260,0.00018,0.00001,0.00422,0.00000,0.00148,0.00850
1598870270.392244338989258,0.00230,0.00006,0.00327,0.00353,0.00001,0.00087,0.01003
1598870270.425327301025391,0.00247,0.00019,0.00001,0.00376,0.00051,0.00148,0.00843
1598870270.459007501602173,0.00243,0.00013,0.00200,0.00375,0.00067,0.00081,0.00978
1598870270.492826461791992,0.00261,0.00024,0.00180,0.00382,0.00073,0.00125,0.01045
1598870270.526536226272583,0.00237,0.00018,0.00163,0.00401,0.00000,0.00105,0.00924
1598870270.559015989303589,0.00244,0.00021,0.00308,0.00403,0.00000,0.00127,0.01103
1598870270.625581026077271,0.00227,0.00013,0.00001,0.00411,0.00000,0.00110,0.00762
1598870270.659037590026855,0.00251,0.00023,0.00001,0.00411,0.00000,0.00145,0.00830
1598870270.694286823272705,0.00265,0.00011,0.00010,0.00393,0.00008,0.00088,0.00776
1598870270.727475881576538,0.00226,0.00019,0.00039,0.00416,0.00000,0.00143,0.00843
1598870270.792570114135742,0.00241,0.00015,0.00070,0.00391,0.00000,0.00087,0.00803
1598870270.825412750244141,0.00242,0.00021,0.00001,0.00397,0.00000,0.00124,0.00784
1598870270.858699321746826,0.00210,0.00006,0.00444,0.00385,0.00008,0.00085,0.01139
1598870270.891680002212524,0.00214,0.00022,0.00001,0.00411,0.00000,0.00125,0.00772
1598870270.925003290176392,0.00222,0.00010,0.00225,0.00404,0.00000,0.00084,0.00945
1598870270.958290338516235,0.00220,0.00021,0.00152,0.00397,0.00000,0.00126,0.00916
1598870270.992333889007568,0.00232,0.00011,0.00107,0.00396,0.00000,0.00108,0.00853
1598870271.025142908096313,0.00254,0.00023,0.00339,0.00381,0.00008,0.00167,0.01173
1598870271.059318780899048,0.00247,0.00006,0.00001,0.00412,0.00000,0.00086,0.00752
1598870271.092123031616211,0.00217,0.00022,0.00001,0.00459,0.00000,0.00148,0.00846
1598870271.159610986709595,0.00237,0.00010,0.00004,0.00398,0.00000,0.00088,0.00737
1598870271.192077398300171,0.00249,0.00026,0.00047,0.00400,0.00000,0.00153,0.00875
1598870271.225496530532837,0.00218,0.00007,0.00071,0.00388,0.00008,0.00084,0.00775
1598870271.259803771972656,0.00247,0.00019,0.00001,0.00421,0.00000,0.00148,0.00838
1598870271.292065858840942,0.00225,0.00013,0.00487,0.00404,0.00000,0.00081,0.01210
1598870271.358528375625610,0.00242,0.00024,0.00001,0.00436,0.00000,0.00144,0.00847
1598870271.391330957412720,0.00221,0.00006,0.00223,0.00391,0.00000,0.00091,0.00932
1598870271.425175428390503,0.00234,0.00020,0.00216,0.00387,0.00009,0.00166,0.01032
1598870271.459542512893677,0.00248,0.00010,0.00104,0.00448,0.00000,0.00081,0.00891
1598870271.492293596267700,0.00249,0.00021,0.00283,0.00404,0.00000,0.00113,0.01069
1598870271.526609420776367,0.00234,0.00010,0.00001,0.00396,0.00000,0.00080,0.00721
1598870271.559415102005005,0.00243,0.00025,0.00004,0.00402,0.00000,0.00144,0.00819
1598870271.591673612594604,0.00214,0.00011,0.00079,0.00376,0.00021,0.00095,0.00796
1598870271.625456333160400,0.00212,0.00017,0.00031,0.00404,0.00000,0.00119,0.00784
1598870271.661413669586182,0.00219,0.00010,0.00072,0.00402,0.00000,0.00080,0.00782
1598870271.725499153137207,0.00260,0.00027,0.00001,0.00394,0.00000,0.00147,0.00828
1598870271.759102821350098,0.00205,0.00006,0.00458,0.00391,0.00000,0.00083,0.01143
1598870271.792226076126099,0.00224,0.00019,0.00017,0.00425,0.00009,0.00168,0.00862
1598870271.858825683593750,0.00249,0.00013,0.00239,0.00384,0.00000,0.00107,0.00992
1598870271.891586780548096,0.00212,0.00021,0.00162,0.00384,0.00000,0.00126,0.00904
1598870271.926524162292480,0.00222,0.00007,0.00103,0.00366,0.00016,0.00084,0.00797
1598870271.959613323211670,0.00211,0.00021,0.00293,0.00402,0.00000,0.00118,0.01045
1598870271.994092464447021,0.00214,0.00010,0.00001,0.00410,0.00000,0.00082,0.00717
1598870272.059389829635620,0.00242,0.00021,0.00001,0.00408,0.00000,0.00145,0.00818
1598870272.093757152557373,0.00226,0.00008,0.00067,0.00383,0.00000,0.00078,0.00763
1598870272.126700162887573,0.00241,0.00023,0.00054,0.00428,0.00017,0.00152,0.00914
1598870272.160199403762817,0.00252,0.00010,0.00073,0.00406,0.00019,0.00081,0.00842
1598870272.194372653961182,0.00207,0.00019,0.00001,0.00411,0.00000,0.00118,0.00756
1598870272.227939367294312,0.00245,0.00016,0.00453,0.00394,0.00000,0.00104,0.01213
1598870272.261953592300415,0.00229,0.00022,0.00001,0.00404,0.00000,0.00122,0.00777
1598870272.294395208358765,0.00242,0.00010,0.00217,0.00405,0.00009,0.00087,0.00971
1598870272.327697038650513,0.00231,0.00009,0.00164,0.00401,0.00000,0.00078,0.00884
1598870272.362403631210327,0.00242,0.00012,0.00105,0.00407,0.00000,0.00136,0.00902
1598870272.395014047622681,0.00211,0.00008,0.00285,0.00393,0.00000,0.00085,0.00982
1598870272.429088830947876,0.00224,0.00010,0.00001,0.00410,0.00000,0.00122,0.00768
1598870272.462500572204590,0.00220,0.00010,0.00004,0.00392,0.00010,0.00087,0.00723
1598870272.496301174163818,0.00217,0.00012,0.00078,0.00393,0.00000,0.00083,0.00783
1598870272.530548334121704,0.00192,0.00006,0.00033,0.00430,0.00000,0.00115,0.00777
1598870272.563501358032227,0.00227,0.00015,0.00107,0.00364,0.00009,0.00079,0.00801
1598870272.629496097564697,0.00210,0.00013,0.00001,0.00392,0.00000,0.00108,0.00724
1598870272.662950515747070,0.00207,0.00010,0.00413,0.00355,0.00014,0.00095,0.01094
1598870272.696132898330688,0.00232,0.00010,0.00001,0.00392,0.00000,0.00110,0.00744
1598870272.731295585632324,0.00205,0.00008,0.00192,0.00378,0.00070,0.00083,0.00936
1598870272.798002719879150,0.00211,0.00012,0.00177,0.00364,0.00008,0.00096,0.00869
1598870272.863473176956177,0.00325,0.00014,0.00102,0.00372,0.00000,0.00111,0.00924
1598870272.897042036056519,0.00231,0.00008,0.00266,0.00353,0.00008,0.00090,0.00957
1598870272.929832935333252,0.00251,0.00014,0.00024,0.00371,0.00001,0.00102,0.00763
1598870272.968943119049072,0.00242,0.00009,0.00007,0.00358,0.00013,0.00114,0.00742
1598870273.028659343719482,0.00247,0.00009,0.00014,0.00345,0.00071,0.00112,0.00798
1598870273.062303304672241,0.00252,0.00010,0.00013,0.00361,0.00042,0.00116,0.00794
1598870273.096672296524048,0.00229,0.00008,0.00081,0.00377,0.00008,0.00112,0.00815
1598870273.163154125213623,0.00253,0.00013,0.00028,0.00377,0.00000,0.00112,0.00785
1598870273.196810007095337,0.00230,0.00008,0.00362,0.00361,0.00066,0.00093,0.01120
1598870273.229140996932983,0.00240,0.00011,0.00013,0.00386,0.00016,0.00103,0.00769
1598870273.262897968292236,0.00246,0.00010,0.00206,0.00401,0.00000,0.00118,0.00981
1598870273.296299457550049,0.00222,0.00008,0.00888,0.00379,0.00000,0.00086,0.01583
1598870273.330336809158325,0.00214,0.00008,0.00096,0.00381,0.00000,0.00094,0.00794
1598870273.363195180892944,0.00212,0.00008,0.00266,0.00367,0.00014,0.00095,0.00961
1598870273.396747827529907,0.00230,0.00007,0.00065,0.00393,0.00000,0.00095,0.00790
1598870273.429638862609863,0.00235,0.00012,0.00001,0.00396,0.00000,0.00106,0.00749
1598870273.462826728820801,0.00198,0.00011,0.00003,0.00378,0.00009,0.00083,0.00682
1598870273.496331453323364,0.00220,0.00006,0.00003,0.00373,0.00008,0.00089,0.00698
1598870273.533061027526855,0.00260,0.00011,0.00152,0.00375,0.00000,0.00098,0.00895
1598870273.596235990524292,0.00224,0.00009,0.00003,0.00368,0.00009,0.00093,0.00705
1598870273.630045652389526,0.00238,0.00016,0.00375,0.00351,0.00000,0.00105,0.01086
1598870273.696316719055176,0.00270,0.00011,0.00013,0.00367,0.00034,0.00088,0.00783
1598870273.730000734329224,0.00265,0.00010,0.00207,0.00382,0.00009,0.00086,0.00959
1598870273.762723207473755,0.00259,0.00011,0.00867,0.00394,0.00000,0.00091,0.01622
1598870273.797251224517822,0.00231,0.00011,0.00099,0.00381,0.00000,0.00085,0.00807
1598870273.829546928405762,0.00242,0.00010,0.00271,0.00401,0.00002,0.00111,0.01037
1598870273.862672090530396,0.00275,0.00011,0.00004,0.00376,0.00076,0.00093,0.00834
1598870273.906551361083984,0.00282,0.00010,0.00004,0.00407,0.00000,0.00094,0.00797
1598870273.963276863098145,0.00257,0.00021,0.00001,0.00386,0.00000,0.00126,0.00792
1598870273.995726585388184,0.00266,0.00009,0.00003,0.00392,0.00001,0.00096,0.00768
1598870274.031286001205444,0.00251,0.00021,0.00098,0.00364,0.00067,0.00115,0.00916
1598870274.064246177673340,0.00257,0.00009,0.00031,0.00365,0.00008,0.00092,0.00762
1598870274.097616672515869,0.00233,0.00021,0.00287,0.00408,0.00070,0.00132,0.01151
1598870274.132739067077637,0.00247,0.00014,0.00001,0.00415,0.00000,0.00111,0.00788
1598870274.165147542953491,0.00259,0.00014,0.00252,0.00402,0.00000,0.00111,0.01038
1598870274.197772979736328,0.00255,0.00011,0.00675,0.00370,0.00000,0.00089,0.01401
1598870274.232097148895264,0.00234,0.00009,0.00070,0.00370,0.00036,0.00082,0.00800
1598870274.266273736953735,0.00226,0.00015,0.00290,0.00423,0.00020,0.00085,0.01060
1598870274.299904346466064,0.00209,0.00010,0.00004,0.00405,0.00000,0.00114,0.00743
1598870274.333057641983032,0.00213,0.00014,0.00003,0.00406,0.00000,0.00105,0.00741
1598870274.371161222457886,0.00211,0.00007,0.00001,0.00402,0.00000,0.00077,0.00698
1598870274.433645248413086,0.00236,0.00011,0.00120,0.00381,0.00000,0.00081,0.00830
1598870274.467478513717651,0.00227,0.00009,0.00094,0.00413,0.00070,0.00110,0.00923
1598870274.501014947891235,0.00238,0.00014,0.00001,0.00414,0.00000,0.00139,0.00806
1598870274.533999681472778,0.00227,0.00008,0.00137,0.00398,0.00000,0.00074,0.00844
1598870274.568170070648193,0.00255,0.00011,0.00001,0.00414,0.00000,0.00130,0.00812
1598870274.602393388748169,0.00228,0.00008,0.00199,0.00375,0.00000,0.00089,0.00899
1598870274.635116100311279,0.00234,0.00011,0.00432,0.00407,0.00000,0.00095,0.01180
1598870274.670239448547363,0.00191,0.00007,0.00068,0.00398,0.00000,0.00076,0.00741
1598870274.703065395355225,0.00238,0.00015,0.00263,0.00362,0.00016,0.00089,0.00983
1598870274.735592603683472,0.00213,0.00011,0.00001,0.00391,0.00000,0.00083,0.00699
1598870274.769543409347534,0.00235,0.00010,0.00001,0.00414,0.00000,0.00142,0.00802
1598870274.803537607192993,0.00243,0.00013,0.00001,0.00400,0.00000,0.00081,0.00737
1598870274.836460590362549,0.00220,0.00006,0.00001,0.00391,0.00076,0.00075,0.00768
1598870274.870855569839478,0.00227,0.00014,0.00069,0.00470,0.00000,0.00092,0.00872
1598870274.904884576797485,0.00243,0.00019,0.00001,0.00441,0.00000,0.00120,0.00824
1598870274.937580108642578,0.00223,0.00007,0.00069,0.00383,0.00000,0.00076,0.00759
1598870274.970649480819702,0.00244,0.00023,0.00041,0.00444,0.00001,0.00145,0.00898
1598870275.005938768386841,0.00225,0.00008,0.00164,0.00366,0.00066,0.00105,0.00934
1598870275.039545059204102,0.00235,0.00021,0.00462,0.00384,0.00002,0.00134,0.01238
1598870275.106844902038574,0.00249,0.00013,0.00004,0.00400,0.00072,0.00117,0.00854
1598870275.174837827682495,0.00217,0.00013,0.00271,0.00390,0.00000,0.00104,0.00995
1598870275.239840269088745,0.00224,0.00015,0.00009,0.00393,0.00009,0.00109,0.00758
1598870275.306449413299561,0.00217,0.00013,0.00001,0.00403,0.00000,0.00102,0.00737
1598870275.341548919677734,0.00216,0.00007,0.00004,0.00394,0.00010,0.00101,0.00731
1598870275.374238729476929,0.00254,0.00011,0.00001,0.00420,0.00000,0.00109,0.00795
1598870275.407960414886475,0.00234,0.00020,0.00095,0.00380,0.00000,0.00122,0.00851
1598870275.441863059997559,0.00252,0.00013,0.00036,0.00415,0.00000,0.00083,0.00799
1598870275.476321697235107,0.00189,0.00006,0.00099,0.00407,0.00000,0.00089,0.00791
1598870275.508674860000610,0.00217,0.00014,0.00033,0.00390,0.00000,0.00099,0.00753
1598870275.542619705200195,0.00246,0.00023,0.00182,0.00368,0.00002,0.00131,0.00951
1598870275.608029603958130,0.00235,0.00015,0.00417,0.00355,0.00068,0.00096,0.01186
1598870275.642551660537720,0.00227,0.00007,0.00001,0.00381,0.00002,0.00077,0.00695
1598870275.677382230758667,0.00228,0.00010,0.00250,0.00368,0.00003,0.00128,0.00987
1598870275.710238695144653,0.00240,0.00009,0.00001,0.00374,0.00000,0.00085,0.00709
1598870275.743360042572021,0.00229,0.00011,0.00003,0.00378,0.00000,0.00102,0.00724
1598870275.777040958404541,0.00237,0.00010,0.00003,0.00387,0.00000,0.00086,0.00723
1598870275.810093879699707,0.00228,0.00011,0.00009,0.00379,0.00001,0.00085,0.00713
1598870275.844444274902344,0.00208,0.00009,0.00005,0.00330,0.00074,0.00078,0.00705
1598870275.877163887023926,0.00250,0.00014,0.00002,0.00381,0.00000,0.00121,0.00767
1598870275.910659551620483,0.00242,0.00008,0.00003,0.00363,0.00060,0.00121,0.00797
1598870275.944531917572021,0.00216,0.00007,0.00002,0.00377,0.00003,0.00108,0.00714
1598870275.978586435317993,0.00221,0.00008,0.00005,0.00348,0.00006,0.00079,0.00668
1598870276.011449337005615,0.00235,0.00006,0.00397,0.00353,0.00049,0.00083,0.01123
1598870276.045228242874146,0.00229,0.00006,0.00001,0.00347,0.00002,0.00077,0.00662
1598870276.078912019729614,0.00212,0.00007,0.00267,0.00332,0.00076,0.00078,0.00971
1598870276.112428188323975,0.00236,0.00012,0.00001,0.00378,0.00000,0.00107,0.00733
1598870276.146885871887207,0.00213,0.00007,0.00013,0.00373,0.00000,0.00089,0.00695
1598870276.212992191314697,0.00198,0.00010,0.00010,0.00348,0.00000,0.00082,0.00649
1598870276.246296882629395,0.00238,0.00010,0.00231,0.00337,0.00210,0.00117,0.01143
1598870276.280576229095459,0.00212,0.00006,0.00001,0.00388,0.00000,0.00077,0.00684
1598870276.313983678817749,0.00229,0.00020,0.00017,0.00388,0.00008,0.00149,0.00811
1598870276.347123622894287,0.00228,0.00010,0.00040,0.00383,0.00000,0.00077,0.00739
1598870276.381630182266235,0.00235,0.00021,0.00001,0.00417,0.00003,0.00127,0.00803
1598870276.447490453720093,0.00247,0.00008,0.00089,0.00378,0.00004,0.00105,0.00832
1598870276.482380867004395,0.00220,0.00007,0.00409,0.00356,0.00067,0.00119,0.01179
1598870276.515171527862549,0.00239,0.00017,0.00008,0.00406,0.00009,0.00104,0.00783
1598870276.548957109451294,0.00215,0.00007,0.00211,0.00383,0.00002,0.00086,0.00904
1598870276.582417726516724,0.00206,0.00015,0.00020,0.00399,0.00000,0.00106,0.00746
1598870276.616357326507568,0.00186,0.00006,0.00001,0.00395,0.00000,0.00079,0.00666
1598870276.682268619537354,0.00265,0.00016,0.00002,0.00417,0.00000,0.00106,0.00808
1598870276.715774774551392,0.00209,0.00008,0.00177,0.00371,0.00002,0.00103,0.00871
1598870276.751488685607910,0.00246,0.00014,0.00007,0.00413,0.00008,0.00106,0.00794
1598870276.783838987350464,0.00219,0.00009,0.00001,0.00398,0.00000,0.00089,0.00717
1598870276.817445278167725,0.00213,0.00015,0.00039,0.00395,0.00037,0.00101,0.00799
1598870276.852069377899170,0.00190,0.00006,0.00071,0.00385,0.00000,0.00084,0.00735
1598870276.884818553924561,0.00248,0.00019,0.00182,0.00384,0.00000,0.00139,0.00972
1598870276.918417930603027,0.00217,0.00012,0.00410,0.00371,0.00008,0.00101,0.01119
1598870276.952100276947021,0.00227,0.00017,0.00003,0.00393,0.00002,0.00111,0.00753
1598870276.984853982925415,0.00216,0.00007,0.00189,0.00381,0.00002,0.00075,0.00870
1598870277.021331548690796,0.00255,0.00022,0.00001,0.00395,0.00000,0.00127,0.00801
1598870277.053967475891113,0.00219,0.00009,0.00211,0.00373,0.00073,0.00100,0.00985
1598870277.119564294815063,0.00235,0.00015,0.00001,0.00414,0.00000,0.00109,0.00773
1598870277.153644561767578,0.00244,0.00009,0.00195,0.00388,0.00008,0.00211,0.01055
1598870277.187172889709473,0.00218,0.00013,0.00001,0.00418,0.00000,0.00075,0.00724
1598870277.221036195755005,0.00195,0.00006,0.00001,0.00412,0.00000,0.00080,0.00694
1598870277.254682064056396,0.00224,0.00010,0.00034,0.00445,0.00000,0.00081,0.00793
1598870277.295915603637695,0.00214,0.00012,0.00081,0.00397,0.00000,0.00105,0.00809
1598870277.354635715484619,0.00206,0.00007,0.00158,0.00373,0.00008,0.00082,0.00834
1598870277.389180660247803,0.00195,0.00007,0.00368,0.00375,0.00008,0.00077,0.01031
1598870277.422669410705566,0.00230,0.00006,0.00007,0.00399,0.00001,0.00082,0.00726
1598870277.456602573394775,0.00227,0.00008,0.00193,0.00378,0.00072,0.00108,0.00986
1598870277.490387916564941,0.00211,0.00006,0.00001,0.00401,0.00000,0.00080,0.00700
1598870277.522740602493286,0.00236,0.00020,0.00225,0.00387,0.00007,0.00158,0.01034
1598870277.555876016616821,0.00249,0.00010,0.00003,0.00411,0.00000,0.00080,0.00753
1598870277.589030504226685,0.00203,0.00006,0.00072,0.00378,0.00000,0.00080,0.00740
1598870277.622429370880127,0.00210,0.00009,0.00002,0.00381,0.00000,0.00082,0.00685
1598870277.662782907485962,0.00217,0.00021,0.00022,0.00396,0.00001,0.00151,0.00808
1598870277.723727226257324,0.00253,0.00012,0.00007,0.00365,0.00036,0.00101,0.00774
1598870277.758263587951660,0.00213,0.00009,0.00075,0.00371,0.00011,0.00102,0.00782
1598870277.792393207550049,0.00208,0.00011,0.00161,0.00353,0.00066,0.00072,0.00871
1598870277.824851036071777,0.00204,0.00015,0.00349,0.00336,0.00008,0.00072,0.00984
1598870277.867730140686035,0.00203,0.00008,0.00076,0.00343,0.00008,0.00078,0.00715
1598870277.925259351730347,0.00222,0.00011,0.00224,0.00351,0.00020,0.00101,0.00929
1598870277.961765527725220,0.00198,0.00006,0.00043,0.00368,0.00000,0.00083,0.00698
1598870278.026774644851685,0.00220,0.00012,0.00206,0.00329,0.00138,0.00097,0.01002
1598870278.060199260711670,0.00194,0.00006,0.00004,0.00362,0.00008,0.00069,0.00643
1598870278.093871593475342,0.00236,0.00010,0.00076,0.00372,0.00008,0.00082,0.00784
1598870278.127119779586792,0.00207,0.00007,0.00032,0.00385,0.00000,0.00084,0.00715
1598870278.160193443298340,0.00217,0.00007,0.00005,0.00391,0.00035,0.00081,0.00735
1598870278.195459604263306,0.00231,0.00036,0.00033,0.00380,0.00072,0.00103,0.00855
1598870278.228515863418579,0.00241,0.00009,0.00161,0.00446,0.00012,0.00105,0.00975
1598870278.262549877166748,0.00230,0.00009,0.00159,0.00400,0.00000,0.00082,0.00880
1598870278.295237779617310,0.00227,0.00012,0.00266,0.00382,0.00000,0.00075,0.00962
1598870278.329338550567627,0.00225,0.00016,0.00073,0.00388,0.00000,0.00079,0.00780
1598870278.363766670227051,0.00249,0.00022,0.00229,0.00381,0.00008,0.00173,0.01062
1598870278.396569967269897,0.00236,0.00010,0.00002,0.00384,0.00000,0.00082,0.00714
1598870278.430417776107788,0.00239,0.00008,0.00200,0.00385,0.00000,0.00105,0.00937
1598870278.464331150054932,0.00210,0.00013,0.00008,0.00398,0.00008,0.00150,0.00787
1598870278.497421503067017,0.00250,0.00008,0.00105,0.00398,0.00000,0.00083,0.00845
1598870278.531267881393433,0.00229,0.00010,0.00041,0.00388,0.00000,0.00085,0.00753
1598870278.572368383407593,0.00222,0.00012,0.00106,0.00387,0.00000,0.00096,0.00824
1598870278.630912065505981,0.00199,0.00013,0.00030,0.00378,0.00008,0.00073,0.00701
1598870278.667157173156738,0.00158,0.00006,0.00150,0.00369,0.00000,0.00073,0.00755
1598870278.730668783187866,0.00253,0.00013,0.00166,0.00368,0.00000,0.00096,0.00897
1598870278.765923261642456,0.00194,0.00007,0.00234,0.00407,0.00082,0.00106,0.01029
1598870278.799097537994385,0.00229,0.00011,0.00034,0.00389,0.00089,0.00081,0.00834
1598870278.832263231277466,0.00202,0.00009,0.00218,0.00366,0.00009,0.00080,0.00886
1598870278.866703987121582,0.00224,0.00013,0.00008,0.00414,0.00016,0.00086,0.00759
1598870278.900347709655762,0.00203,0.00009,0.00210,0.00390,0.00016,0.00086,0.00914
1598870278.932909011840820,0.00211,0.00007,0.00087,0.00371,0.00008,0.00080,0.00765
1598870278.967209100723267,0.00247,0.00010,0.00167,0.00416,0.00000,0.00109,0.00949
1598870279.000853538513184,0.00216,0.00006,0.00038,0.00441,0.00008,0.00083,0.00792
1598870279.034593105316162,0.00207,0.00008,0.00058,0.00388,0.00065,0.00097,0.00824
1598870279.068205118179321,0.00241,0.00013,0.00188,0.00374,0.00000,0.00085,0.00901
1598870279.101382493972778,0.00220,0.00009,0.00071,0.00350,0.00067,0.00082,0.00799
1598870279.134570598602295,0.00198,0.00006,0.00186,0.00336,0.00014,0.00075,0.00816
1598870279.168716192245483,0.00230,0.00012,0.00248,0.00364,0.00071,0.00080,0.01005
1598870279.202341079711914,0.00228,0.00010,0.00074,0.00416,0.00012,0.00107,0.00847
1598870279.236062765121460,0.00259,0.00020,0.00219,0.00367,0.00007,0.00136,0.01008
1598870279.269011497497559,0.00249,0.00007,0.00007,0.00445,0.00000,0.00104,0.00813
1598870279.302978992462158,0.00217,0.00007,0.00178,0.00363,0.00002,0.00082,0.00849
1598870279.336936473846436,0.00240,0.00016,0.00081,0.00366,0.00018,0.00103,0.00825
1598870279.371321916580200,0.00249,0.00013,0.00200,0.00346,0.00074,0.00083,0.00965
1598870279.404473543167114,0.00240,0.00016,0.00038,0.00390,0.00000,0.00096,0.00780
1598870279.437750101089478,0.00206,0.00007,0.00063,0.00333,0.00015,0.00078,0.00703
1598870279.506552457809448,0.00281,0.00021,0.00089,0.00351,0.00089,0.00112,0.00943
1598870279.572096347808838,0.00272,0.00012,0.00176,0.00329,0.00008,0.00075,0.00873
1598870279.607244014739990,0.00228,0.00007,0.00203,0.00343,0.00008,0.00072,0.00861
1598870279.642626047134399,0.00238,0.00010,0.00183,0.00337,0.00021,0.00083,0.00873
1598870279.707065343856812,0.00210,0.00008,0.00032,0.00383,0.00000,0.00081,0.00714
1598870279.746488571166992,0.00271,0.00009,0.00191,0.00361,0.00008,0.00082,0.00922
1598870279.809984445571899,0.00226,0.00008,0.00003,0.00338,0.00000,0.00085,0.00662
1598870279.844831228256226,0.00245,0.00014,0.00171,0.00334,0.00104,0.00099,0.00967
1598870279.907083511352539,0.00256,0.00013,0.00080,0.00354,0.00020,0.00109,0.00833
1598870279.940815925598145,0.00218,0.00007,0.00198,0.00393,0.00000,0.00089,0.00905
1598870279.974458932876587,0.00237,0.00014,0.00036,0.00396,0.00000,0.00099,0.00783
1598870280.008118867874146,0.00236,0.00017,0.00105,0.00388,0.00000,0.00106,0.00852
1598870280.040681600570679,0.00213,0.00008,0.00215,0.00371,0.00008,0.00089,0.00904
1598870280.074329614639282,0.00214,0.00013,0.00196,0.00384,0.00000,0.00098,0.00906
1598870280.108498811721802,0.00248,0.00009,0.00200,0.00384,0.00015,0.00079,0.00935
1598870280.141389131546021,0.00196,0.00012,0.00175,0.00397,0.00000,0.00082,0.00861
1598870280.174760818481445,0.00207,0.00007,0.00172,0.00365,0.00000,0.00075,0.00825
1598870280.207095146179199,0.00184,0.00006,0.00189,0.00354,0.00000,0.00077,0.00811
1598870280.240518093109131,0.00242,0.00011,0.00233,0.00354,0.00020,0.00104,0.00964
1598870280.274713277816772,0.00216,0.00011,0.00076,0.00389,0.00009,0.00102,0.00803
1598870280.309050083160400,0.00237,0.00010,0.00071,0.00383,0.00000,0.00086,0.00786
1598870280.374522447586060,0.00193,0.00008,0.00213,0.00359,0.00000,0.00079,0.00852
1598870280.407783031463623,0.00187,0.00007,0.00064,0.00352,0.00008,0.00086,0.00705
1598870280.440830707550049,0.00207,0.00007,0.00082,0.00343,0.00014,0.00079,0.00732
1598870280.475835323333740,0.00214,0.00009,0.00171,0.00370,0.00067,0.00078,0.00909
1598870280.508759021759033,0.00183,0.00006,0.00205,0.00393,0.00000,0.00077,0.00864
1598870280.574414730072021,0.00238,0.00014,0.00195,0.00354,0.00000,0.00105,0.00906
1598870280.609505653381348,0.00213,0.00008,0.00170,0.00356,0.00000,0.00084,0.00831
1598870280.642236948013306,0.00242,0.00007,0.00175,0.00340,0.00020,0.00082,0.00866
1598870280.676608324050903,0.00196,0.00008,0.00198,0.00388,0.00000,0.00088,0.00879
1598870280.709613800048828,0.00208,0.00007,0.00216,0.00378,0.00000,0.00083,0.00891
1598870280.743787288665771,0.00247,0.00008,0.00069,0.00381,0.00000,0.00116,0.00820
1598870280.776937007904053,0.00216,0.00008,0.00077,0.00387,0.00000,0.00119,0.00807
1598870280.810586929321289,0.00232,0.00007,0.00095,0.00332,0.00134,0.00083,0.00883
1598870280.844171047210693,0.00231,0.00013,0.00040,0.00351,0.00019,0.00079,0.00733
1598870280.876908779144287,0.00217,0.00013,0.00042,0.00386,0.00000,0.00085,0.00743
1598870280.911735296249390,0.00245,0.00010,0.00148,0.00368,0.00068,0.00104,0.00943
1598870280.944551944732666,0.00238,0.00009,0.00068,0.00392,0.00000,0.00120,0.00827
1598870280.978766918182373,0.00232,0.00014,0.00215,0.00456,0.00014,0.00095,0.01025
1598870281.013286828994751,0.00257,0.00022,0.00419,0.00391,0.00000,0.00144,0.01234
1598870281.045578241348267,0.00216,0.00010,0.00179,0.00357,0.00000,0.00080,0.00841
1598870281.079518556594849,0.00226,0.00021,0.00197,0.00351,0.00032,0.00112,0.00938
1598870281.114992141723633,0.00217,0.00006,0.00219,0.00402,0.00000,0.00081,0.00927
1598870281.148002862930298,0.00264,0.00009,0.00001,0.00515,0.00000,0.00142,0.00931
1598870281.182600736618042,0.00237,0.00007,0.00071,0.00406,0.00000,0.00077,0.00799
1598870281.217202901840210,0.00240,0.00011,0.00096,0.00406,0.00000,0.00145,0.00898
1598870281.250132799148560,0.00248,0.00009,0.00033,0.00407,0.00000,0.00086,0.00782
1598870281.285108327865601,0.00208,0.00010,0.00063,0.00384,0.00000,0.00083,0.00748
1598870281.319581508636475,0.00195,0.00007,0.00067,0.00386,0.00069,0.00077,0.00801
1598870281.353024244308472,0.00186,0.00014,0.00074,0.00440,0.00000,0.00105,0.00820
1598870281.387273311614990,0.00184,0.00007,0.00179,0.00391,0.00000,0.00079,0.00840
1598870281.420732259750366,0.00204,0.00009,0.00338,0.00390,0.00000,0.00073,0.01014
1598870281.454094171524048,0.00213,0.00011,0.00175,0.00436,0.00000,0.00106,0.00941
1598870281.489783525466919,0.00257,0.00010,0.00206,0.00362,0.00000,0.00113,0.00947
1598870281.522988796234131,0.00236,0.00009,0.00203,0.00358,0.00042,0.00098,0.00946
1598870281.558142900466919,0.00255,0.00020,0.00004,0.00367,0.00009,0.00112,0.00768
1598870281.591751098632812,0.00287,0.00012,0.00077,0.00372,0.00000,0.00086,0.00834
1598870281.625280380249023,0.00225,0.00006,0.00032,0.00379,0.00036,0.00093,0.00771
1598870281.659492731094360,0.00243,0.00012,0.00038,0.00405,0.00000,0.00103,0.00801
1598870281.692935466766357,0.00177,0.00010,0.00062,0.00392,0.00000,0.00078,0.00718
1598870281.727886438369751,0.00182,0.00007,0.00066,0.00389,0.00000,0.00071,0.00715
1598870281.761924505233765,0.00224,0.00012,0.00071,0.00393,0.00000,0.00087,0.00787
1598870281.795751094818115,0.00199,0.00009,0.00175,0.00437,0.00000,0.00106,0.00928
1598870281.830322504043579,0.00219,0.00014,0.00331,0.00434,0.00000,0.00080,0.01077
1598870281.863962650299072,0.00212,0.00013,0.00112,0.00394,0.00000,0.00075,0.00805
1598870281.898297786712646,0.00274,0.00011,0.00178,0.00371,0.00000,0.00074,0.00909
1598870281.931044816970825,0.00205,0.00011,0.00179,0.00375,0.00068,0.00081,0.00920
1598870281.965170383453369,0.00191,0.00007,0.00009,0.00401,0.00000,0.00079,0.00686
1598870281.999509811401367,0.00235,0.00015,0.00071,0.00383,0.00000,0.00106,0.00810
1598870282.033668279647827,0.00219,0.00014,0.00032,0.00433,0.00000,0.00107,0.00806
1598870282.067879438400269,0.00220,0.00009,0.00036,0.00383,0.00000,0.00086,0.00734
1598870282.102845430374146,0.00261,0.00018,0.00053,0.00414,0.00000,0.00109,0.00856
1598870282.135791301727295,0.00215,0.00009,0.00102,0.00353,0.00008,0.00088,0.00776
1598870282.170783519744873,0.00208,0.00008,0.00070,0.00360,0.00014,0.00087,0.00747
1598870282.204667091369629,0.00254,0.00011,0.00178,0.00392,0.00000,0.00091,0.00927
1598870282.238745212554932,0.00244,0.00014,0.00305,0.00395,0.00000,0.00107,0.01065
1598870282.273867368698120,0.00248,0.00010,0.00466,0.00396,0.00000,0.00079,0.01198
1598870282.306851625442505,0.00227,0.00012,0.00165,0.00384,0.00000,0.00086,0.00874
1598870282.340550661087036,0.00224,0.00014,0.00183,0.00397,0.00000,0.00085,0.00903
1598870282.374273777008057,0.00228,0.00013,0.00001,0.00438,0.00000,0.00112,0.00792
1598870282.408832311630249,0.00202,0.00009,0.00070,0.00401,0.00000,0.00091,0.00773
1598870282.442566394805908,0.00232,0.00008,0.00033,0.00402,0.00000,0.00090,0.00765
1598870282.477332115173340,0.00224,0.00015,0.00004,0.00408,0.00000,0.00103,0.00754
1598870282.510660648345947,0.00178,0.00011,0.00004,0.00398,0.00000,0.00081,0.00672
1598870282.544137001037598,0.00220,0.00007,0.00068,0.00381,0.00000,0.00076,0.00753
1598870282.578967809677124,0.00244,0.00010,0.00104,0.00383,0.00008,0.00107,0.00855
1598870282.612786531448364,0.00224,0.00008,0.00168,0.00393,0.00000,0.00088,0.00880
1598870282.645278930664062,0.00207,0.00007,0.00282,0.00395,0.00000,0.00088,0.00980
1598870282.680586338043213,0.00191,0.00008,0.00435,0.00395,0.00000,0.00088,0.01118
1598870282.714396238327026,0.00205,0.00008,0.00175,0.00430,0.00000,0.00088,0.00906
1598870282.748214483261108,0.00214,0.00008,0.00170,0.00395,0.00000,0.00089,0.00875
1598870282.781634569168091,0.00197,0.00008,0.00001,0.00413,0.00000,0.00127,0.00745
1598870282.816833019256592,0.00249,0.00010,0.00088,0.00446,0.00000,0.00091,0.00884
1598870282.850778579711914,0.00219,0.00012,0.00034,0.00403,0.00000,0.00086,0.00753
1598870282.884701728820801,0.00208,0.00012,0.00003,0.00406,0.00000,0.00079,0.00708
1598870282.918421983718872,0.00208,0.00011,0.00004,0.00438,0.00000,0.00076,0.00737
1598870282.952030897140503,0.00215,0.00007,0.00066,0.00393,0.00000,0.00075,0.00755
1598870282.987413644790649,0.00203,0.00011,0.00067,0.00394,0.00000,0.00075,0.00750
1598870283.020609378814697,0.00216,0.00010,0.00191,0.00395,0.00000,0.00115,0.00927
1598870283.056262254714966,0.00219,0.00009,0.00265,0.00392,0.00000,0.00089,0.00974
1598870283.088623046875000,0.00228,0.00006,0.00419,0.00391,0.00000,0.00086,0.01131
1598870283.121890306472778,0.00240,0.00014,0.00180,0.00402,0.00000,0.00105,0.00942
1598870283.155501127243042,0.00249,0.00010,0.00203,0.00391,0.00000,0.00080,0.00934
1598870283.191144943237305,0.00242,0.00012,0.00001,0.00469,0.00000,0.00086,0.00810
1598870283.224690914154053,0.00222,0.00010,0.00070,0.00412,0.00000,0.00084,0.00799
1598870283.259089946746826,0.00224,0.00010,0.00062,0.00363,0.00009,0.00111,0.00778
1598870283.292961597442627,0.00196,0.00007,0.00001,0.00345,0.00002,0.00089,0.00641
1598870283.326894283294678,0.00220,0.00011,0.00005,0.00338,0.00002,0.00084,0.00660
1598870283.361170053482056,0.00249,0.00011,0.00015,0.00350,0.00085,0.00077,0.00788
1598870283.394718408584595,0.00179,0.00007,0.00001,0.00398,0.00072,0.00079,0.00736
1598870283.428486585617065,0.00242,0.00014,0.00194,0.00411,0.00002,0.00089,0.00951
1598870283.462306499481201,0.00217,0.00010,0.00262,0.00398,0.00071,0.00103,0.01060
1598870283.495948791503906,0.00220,0.00008,0.00400,0.00362,0.00064,0.00083,0.01137
1598870283.530470848083496,0.00284,0.00021,0.00154,0.00363,0.00066,0.00129,0.01017
1598870283.564650535583496,0.00263,0.00010,0.00151,0.00373,0.00068,0.00085,0.00950
1598870283.598548650741577,0.00217,0.00022,0.00001,0.00403,0.00000,0.00126,0.00770
1598870283.631675720214844,0.00243,0.00009,0.00067,0.00394,0.00000,0.00088,0.00801
1598870283.665583133697510,0.00273,0.00009,0.00007,0.00396,0.00000,0.00103,0.00789
1598870283.699064493179321,0.00269,0.00012,0.00006,0.00410,0.00000,0.00109,0.00807
1598870283.732707977294922,0.00223,0.00009,0.00004,0.00402,0.00000,0.00127,0.00765
1598870283.767964363098145,0.00234,0.00009,0.00071,0.00398,0.00000,0.00104,0.00816
1598870283.801619529724121,0.00231,0.00010,0.00001,0.00445,0.00000,0.00150,0.00836
1598870283.834546327590942,0.00210,0.00006,0.00166,0.00389,0.00000,0.00085,0.00856
1598870283.870141744613647,0.00231,0.00011,0.00224,0.00391,0.00000,0.00146,0.01004
1598870283.903322935104370,0.00205,0.00011,0.00375,0.00392,0.00000,0.00081,0.01063
1598870283.936696290969849,0.00219,0.00007,0.00154,0.00391,0.00000,0.00074,0.00846
1598870283.971667766571045,0.00233,0.00010,0.00207,0.00403,0.00000,0.00105,0.00958
1598870284.006298303604126,0.00241,0.00012,0.00001,0.00400,0.00000,0.00091,0.00745
1598870284.040066957473755,0.00188,0.00007,0.00068,0.00398,0.00000,0.00084,0.00745
1598870284.073077917098999,0.00213,0.00015,0.00006,0.00408,0.00000,0.00106,0.00748
1598870284.107513666152954,0.00248,0.00011,0.00005,0.00405,0.00000,0.00092,0.00761
1598870284.141273975372314,0.00253,0.00006,0.00004,0.00390,0.00000,0.00109,0.00761
1598870284.175318479537964,0.00259,0.00013,0.00071,0.00380,0.00000,0.00096,0.00819
1598870284.211149692535400,0.00196,0.00015,0.00010,0.00398,0.00001,0.00099,0.00719
1598870284.276803731918335,0.00181,0.00008,0.00146,0.00380,0.00067,0.00076,0.00858
1598870284.310738801956177,0.00190,0.00006,0.00249,0.00390,0.00000,0.00075,0.00910
1598870284.344167947769165,0.00239,0.00015,0.00442,0.00402,0.00000,0.00098,0.01196
1598870284.378726005554199,0.00214,0.00015,0.00162,0.00383,0.00000,0.00109,0.00883
1598870284.412879705429077,0.00252,0.00011,0.00160,0.00384,0.00001,0.00109,0.00917
1598870284.480490922927856,0.00242,0.00013,0.00001,0.00396,0.00000,0.00091,0.00742
1598870284.513602733612061,0.00191,0.00006,0.00068,0.00395,0.00002,0.00081,0.00743
1598870284.547935485839844,0.00207,0.00014,0.00004,0.00400,0.00002,0.00103,0.00732
1598870284.615006208419800,0.00229,0.00012,0.00001,0.00391,0.00003,0.00089,0.00725
1598870284.648633480072021,0.00223,0.00009,0.00001,0.00395,0.00002,0.00083,0.00713
1598870284.681946277618408,0.00216,0.00008,0.00067,0.00386,0.00002,0.00083,0.00762
1598870284.715938568115234,0.00195,0.00014,0.00001,0.00403,0.00002,0.00104,0.00719
1598870284.750009536743164,0.00214,0.00010,0.00070,0.00393,0.00041,0.00104,0.00832
1598870284.783259391784668,0.00210,0.00011,0.00246,0.00401,0.00000,0.00106,0.00974
1598870284.816212892532349,0.00185,0.00006,0.00370,0.00403,0.00000,0.00078,0.01042
1598870284.849740982055664,0.00226,0.00008,0.00198,0.00420,0.00000,0.00083,0.00936
1598870284.885028600692749,0.00166,0.00013,0.00158,0.00420,0.00000,0.00081,0.00839
1598870284.951224803924561,0.00219,0.00008,0.00001,0.00404,0.00000,0.00077,0.00708
1598870284.985551834106445,0.00236,0.00008,0.00101,0.00405,0.00000,0.00108,0.00859
1598870285.019466161727905,0.00191,0.00009,0.00014,0.00392,0.00000,0.00085,0.00691
1598870285.053891181945801,0.00210,0.00014,0.00001,0.00409,0.00002,0.00109,0.00745
1598870285.087072134017944,0.00205,0.00007,0.00001,0.00385,0.00002,0.00080,0.00679
1598870285.120670318603516,0.00220,0.00008,0.00003,0.00386,0.00068,0.00083,0.00768
1598870285.156048059463501,0.00193,0.00007,0.00003,0.00377,0.00000,0.00082,0.00661
1598870285.222231626510620,0.00220,0.00013,0.00072,0.00423,0.00000,0.00106,0.00834
1598870285.257333517074585,0.00238,0.00013,0.00244,0.00436,0.00000,0.00090,0.01022
1598870285.294915676116943,0.00225,0.00015,0.00329,0.00397,0.00000,0.00104,0.01070
1598870285.328324794769287,0.00236,0.00024,0.00159,0.00400,0.00000,0.00139,0.00957
1598870285.391413211822510,0.00206,0.00008,0.00158,0.00397,0.00000,0.00076,0.00845
1598870285.425071477890015,0.00168,0.00006,0.00001,0.00396,0.00000,0.00122,0.00693
1598870285.459121465682983,0.00231,0.00009,0.00101,0.00396,0.00000,0.00079,0.00817
1598870285.493032932281494,0.00220,0.00010,0.00071,0.00360,0.00000,0.00085,0.00747
1598870285.528088331222534,0.00190,0.00007,0.00042,0.00363,0.00020,0.00075,0.00698
1598870285.561695098876953,0.00189,0.00006,0.00005,0.00387,0.00001,0.00078,0.00667
1598870285.594059705734253,0.00231,0.00013,0.00001,0.00392,0.00041,0.00124,0.00803
1598870285.629703521728516,0.00192,0.00010,0.00038,0.00393,0.00000,0.00078,0.00710
1598870285.663005352020264,0.00185,0.00006,0.00149,0.00396,0.00000,0.00072,0.00808
1598870285.697025537490845,0.00235,0.00010,0.00233,0.00380,0.00000,0.00150,0.01008
1598870285.730587244033813,0.00286,0.00006,0.00312,0.00379,0.00000,0.00090,0.01074
1598870285.764129161834717,0.00223,0.00006,0.00082,0.00372,0.00009,0.00096,0.00789
1598870285.797808885574341,0.00224,0.00006,0.00139,0.00394,0.00000,0.00093,0.00856
1598870285.831042528152466,0.00248,0.00009,0.00001,0.00406,0.00000,0.00145,0.00809
1598870285.866741180419922,0.00250,0.00011,0.00128,0.00384,0.00000,0.00115,0.00889
1598870285.899773359298706,0.00243,0.00006,0.00004,0.00375,0.00000,0.00131,0.00759
1598870285.942536354064941,0.00230,0.00007,0.00040,0.00370,0.00008,0.00094,0.00749
1598870286.000703096389771,0.00271,0.00011,0.00031,0.00356,0.00073,0.00149,0.00891
1598870286.034254074096680,0.00254,0.00014,0.00006,0.00358,0.00008,0.00084,0.00724
1598870286.071951389312744,0.00260,0.00009,0.00037,0.00356,0.00000,0.00123,0.00785
1598870286.107900619506836,0.00219,0.00007,0.00147,0.00344,0.00002,0.00082,0.00801
1598870286.171305418014526,0.00280,0.00011,0.00805,0.00329,0.00193,0.00091,0.01710
1598870286.203969717025757,0.00216,0.00006,0.00304,0.00373,0.00000,0.00089,0.00988
1598870286.238025426864624,0.00230,0.00007,0.00094,0.00411,0.00017,0.00150,0.00909
1598870286.271329164505005,0.00243,0.00013,0.00163,0.00417,0.00000,0.00092,0.00927
1598870286.305412530899048,0.00258,0.00020,0.00001,0.00399,0.00000,0.00152,0.00830
1598870286.340514183044434,0.00223,0.00010,0.00101,0.00390,0.00000,0.00089,0.00812
1598870286.373625755310059,0.00245,0.00012,0.00071,0.00411,0.00000,0.00164,0.00903
1598870286.408053636550903,0.00214,0.00007,0.00100,0.00370,0.00000,0.00091,0.00783
1598870286.441574096679688,0.00265,0.00008,0.00003,0.00396,0.00000,0.00157,0.00829
1598870286.475845098495483,0.00230,0.00006,0.00007,0.00387,0.00009,0.00088,0.00727
1598870286.512543201446533,0.00248,0.00009,0.00001,0.00387,0.00042,0.00149,0.00837
1598870286.577721357345581,0.00239,0.00011,0.00194,0.00386,0.00000,0.00111,0.00939
1598870286.610082387924194,0.00228,0.00006,0.00746,0.00408,0.00000,0.00107,0.01495
1598870286.644600868225098,0.00247,0.00010,0.00335,0.00392,0.00000,0.00087,0.01071
1598870286.677411794662476,0.00254,0.00008,0.00084,0.00369,0.00000,0.00155,0.00871
1598870286.710505247116089,0.00222,0.00013,0.00171,0.00355,0.00008,0.00102,0.00871
1598870286.744684696197510,0.00270,0.00008,0.00007,0.00379,0.00008,0.00150,0.00822
1598870286.780665159225464,0.00242,0.00014,0.00103,0.00386,0.00000,0.00109,0.00854
1598870286.813522100448608,0.00250,0.00008,0.00070,0.00389,0.00000,0.00150,0.00868
1598870286.847842931747437,0.00240,0.00012,0.00105,0.00386,0.00000,0.00107,0.00850
1598870286.881792783737183,0.00264,0.00008,0.00034,0.00393,0.00000,0.00147,0.00846
1598870286.915196657180786,0.00238,0.00010,0.00070,0.00380,0.00000,0.00088,0.00785
1598870286.949485778808594,0.00193,0.00006,0.00001,0.00401,0.00000,0.00117,0.00718
1598870286.983190774917603,0.00236,0.00009,0.00195,0.00398,0.00000,0.00086,0.00924
1598870287.016780853271484,0.00216,0.00007,0.00699,0.00371,0.00000,0.00080,0.01372
1598870287.052105188369751,0.00255,0.00013,0.00359,0.00366,0.00014,0.00081,0.01088
1598870287.117992639541626,0.00267,0.00010,0.00167,0.00387,0.00000,0.00169,0.01000
1598870287.151912689208984,0.00214,0.00010,0.00177,0.00386,0.00000,0.00091,0.00879
1598870287.185994386672974,0.00238,0.00006,0.00002,0.00393,0.00000,0.00131,0.00771
1598870287.219969749450684,0.00224,0.00007,0.00099,0.00390,0.00000,0.00097,0.00817
1598870287.253403186798096,0.00240,0.00006,0.00083,0.00368,0.00000,0.00123,0.00820
1598870287.286482810974121,0.00263,0.00012,0.00038,0.00365,0.00074,0.00109,0.00860
1598870287.320966005325317,0.00216,0.00007,0.00036,0.00363,0.00000,0.00120,0.00743
1598870287.355169296264648,0.00239,0.00008,0.00070,0.00355,0.00009,0.00076,0.00757
1598870287.388597965240479,0.00213,0.00006,0.00003,0.00376,0.00001,0.00119,0.00718
1598870287.421322345733643,0.00233,0.00008,0.00180,0.00354,0.00034,0.00077,0.00887
1598870287.456107616424561,0.00256,0.00009,0.00679,0.00363,0.00070,0.00083,0.01461
1598870287.491079330444336,0.00235,0.00010,0.00338,0.00364,0.00000,0.00110,0.01058
1598870287.524875879287720,0.00263,0.00010,0.00164,0.00374,0.00000,0.00097,0.00907
1598870287.558007001876831,0.00276,0.00016,0.00168,0.00382,0.00000,0.00097,0.00938
1598870287.591596603393555,0.00323,0.00015,0.00001,0.00380,0.00000,0.00096,0.00815
1598870287.624449253082275,0.00232,0.00009,0.00104,0.00356,0.00000,0.00103,0.00805
1598870287.657987833023071,0.00233,0.00012,0.00076,0.00362,0.00008,0.00109,0.00800
1598870287.692125797271729,0.00214,0.00006,0.00039,0.00369,0.00001,0.00089,0.00719
1598870287.726132869720459,0.00224,0.00014,0.00001,0.00380,0.00042,0.00100,0.00760
1598870287.760784149169922,0.00241,0.00008,0.00085,0.00402,0.00000,0.00085,0.00821
1598870287.794703722000122,0.00244,0.00010,0.00016,0.00365,0.00000,0.00109,0.00744
1598870287.827673435211182,0.00216,0.00007,0.00166,0.00348,0.00008,0.00086,0.00830
1598870287.860904693603516,0.00245,0.00008,0.00594,0.00357,0.00000,0.00112,0.01316
1598870287.895352125167847,0.00208,0.00008,0.00336,0.00326,0.00045,0.00092,0.01016
1598870287.930021524429321,0.00219,0.00007,0.00161,0.00356,0.00000,0.00129,0.00872
1598870287.963153362274170,0.00223,0.00006,0.00101,0.00347,0.00072,0.00092,0.00840
1598870287.997389316558838,0.00200,0.00006,0.00001,0.00388,0.00000,0.00084,0.00678
1598870288.030699014663696,0.00216,0.00010,0.00101,0.00382,0.00000,0.00081,0.00790
1598870288.064536809921265,0.00264,0.00024,0.00081,0.00412,0.00000,0.00131,0.00912
1598870288.099247217178345,0.00229,0.00011,0.00102,0.00387,0.00000,0.00103,0.00832
1598870288.132896661758423,0.00251,0.00008,0.00001,0.00394,0.00000,0.00140,0.00795
1598870288.166438817977905,0.00247,0.00011,0.00088,0.00379,0.00000,0.00083,0.00808
1598870288.200547218322754,0.00224,0.00009,0.00015,0.00367,0.00000,0.00095,0.00709
1598870288.233716011047363,0.00214,0.00006,0.00090,0.00357,0.00008,0.00091,0.00766
1598870288.266744852066040,0.00200,0.00006,0.00570,0.00367,0.00001,0.00086,0.01230
1598870288.300681352615356,0.00213,0.00009,0.00295,0.00349,0.00066,0.00089,0.01021
1598870288.334762573242188,0.00212,0.00010,0.00164,0.00381,0.00000,0.00086,0.00852
1598870288.369210720062256,0.00193,0.00006,0.00114,0.00382,0.00000,0.00076,0.00772
1598870288.403424739837646,0.00199,0.00007,0.00010,0.00350,0.00000,0.00075,0.00642
1598870288.436627149581909,0.00195,0.00006,0.00070,0.00376,0.00036,0.00081,0.00764
1598870288.470702886581421,0.00235,0.00010,0.00001,0.00369,0.00075,0.00106,0.00796
1598870288.504765748977661,0.00217,0.00014,0.00038,0.00383,0.00000,0.00111,0.00762
1598870288.539090871810913,0.00215,0.00008,0.00008,0.00386,0.00016,0.00087,0.00720
1598870288.605463743209839,0.00227,0.00012,0.00072,0.00385,0.00000,0.00089,0.00787
1598870288.639599800109863,0.00217,0.00009,0.00004,0.00400,0.00000,0.00108,0.00739
1598870288.673527479171753,0.00240,0.00012,0.00093,0.00386,0.00000,0.00091,0.00822
1598870288.707194328308105,0.00201,0.00006,0.00526,0.00379,0.00000,0.00084,0.01196
1598870288.739603281021118,0.00191,0.00006,0.00292,0.00382,0.00000,0.00087,0.00958
1598870288.775048732757568,0.00196,0.00006,0.00163,0.00380,0.00000,0.00085,0.00830
1598870288.808559656143188,0.00224,0.00012,0.00106,0.00388,0.00000,0.00105,0.00836
1598870288.841492414474487,0.00178,0.00006,0.00001,0.00386,0.00000,0.00084,0.00656
1598870288.876420974731445,0.00230,0.00011,0.00157,0.00405,0.00000,0.00112,0.00915
1598870288.908912897109985,0.00215,0.00007,0.00001,0.00386,0.00000,0.00083,0.00692
1598870288.944113731384277,0.00233,0.00011,0.00039,0.00375,0.00000,0.00090,0.00748
1598870288.977014780044556,0.00212,0.00009,0.00001,0.00376,0.00000,0.00081,0.00679
1598870289.011472940444946,0.00235,0.00012,0.00022,0.00377,0.00016,0.00079,0.00742
1598870289.044684410095215,0.00223,0.00008,0.00005,0.00393,0.00000,0.00106,0.00737
1598870289.078889608383179,0.00202,0.00010,0.00088,0.00387,0.00000,0.00084,0.00771
1598870289.112783193588257,0.00209,0.00009,0.00455,0.00398,0.00000,0.00081,0.01152
1598870289.146100759506226,0.00232,0.00010,0.00330,0.00385,0.00000,0.00086,0.01043
1598870289.180044174194336,0.00227,0.00008,0.00164,0.00401,0.00000,0.00091,0.00892
1598870289.213947057723999,0.00207,0.00010,0.00101,0.00370,0.00000,0.00086,0.00773
1598870289.248255968093872,0.00238,0.00010,0.00010,0.00399,0.00015,0.00082,0.00754
1598870289.282044172286987,0.00238,0.00010,0.00153,0.00380,0.00000,0.00079,0.00860
1598870289.316194295883179,0.00190,0.00006,0.00001,0.00375,0.00000,0.00078,0.00650
1598870289.349856138229370,0.00222,0.00013,0.00038,0.00383,0.00000,0.00109,0.00765
1598870289.384145736694336,0.00202,0.00006,0.00005,0.00372,0.00009,0.00089,0.00683
1598870289.419304132461548,0.00221,0.00011,0.00004,0.00397,0.00000,0.00103,0.00736
1598870289.483829736709595,0.00256,0.00012,0.00006,0.00390,0.00000,0.00090,0.00754
1598870289.518759250640869,0.00198,0.00015,0.00094,0.00374,0.00000,0.00108,0.00789
1598870289.553268194198608,0.00191,0.00007,0.00478,0.00366,0.00000,0.00075,0.01117
1598870289.619459152221680,0.00242,0.00012,0.00280,0.00358,0.00001,0.00083,0.00977
1598870289.652440547943115,0.00235,0.00010,0.00163,0.00382,0.00004,0.00095,0.00889
1598870289.686671972274780,0.00225,0.00011,0.00033,0.00356,0.00072,0.00104,0.00802
1598870289.720970392227173,0.00218,0.00009,0.00003,0.00382,0.00000,0.00105,0.00717
1598870289.754387855529785,0.00196,0.00010,0.00158,0.00359,0.00008,0.00081,0.00812
1598870289.788663864135742,0.00305,0.00008,0.00002,0.00427,0.00000,0.00087,0.00830
1598870289.825621604919434,0.00226,0.00010,0.00037,0.00375,0.00000,0.00087,0.00735
1598870289.888424396514893,0.00237,0.00010,0.00003,0.00381,0.00000,0.00107,0.00737
1598870289.923556327819824,0.00261,0.00011,0.00163,0.00358,0.00008,0.00097,0.00899
1598870289.956884384155273,0.00227,0.00009,0.00029,0.00391,0.00000,0.00111,0.00767
1598870289.990054607391357,0.00225,0.00007,0.00135,0.00380,0.00000,0.00080,0.00827
1598870290.024069309234619,0.00221,0.00007,0.00359,0.00375,0.00000,0.00082,0.01043
1598870290.057415962219238,0.00251,0.00013,0.00197,0.00374,0.00000,0.00090,0.00924
1598870290.091937065124512,0.00230,0.00010,0.00086,0.00383,0.00000,0.00115,0.00824
1598870290.125021219253540,0.00216,0.00006,0.00033,0.00367,0.00000,0.00091,0.00713
1598870290.159983873367310,0.00218,0.00006,0.00005,0.00457,0.00002,0.00118,0.00806
1598870290.192478179931641,0.00210,0.00007,0.00509,0.00351,0.00002,0.00083,0.01163
1598870290.225859165191650,0.00249,0.00010,0.00004,0.00393,0.00000,0.00096,0.00753
1598870290.260585308074951,0.00236,0.00010,0.00012,0.00357,0.00011,0.00095,0.00722
1598870290.293767690658569,0.00209,0.00006,0.00001,0.00350,0.00000,0.00087,0.00653
1598870290.329183101654053,0.00236,0.00009,0.00003,0.00329,0.00010,0.00113,0.00699
1598870290.361924886703491,0.00213,0.00008,0.00009,0.00344,0.00015,0.00086,0.00677
1598870290.394491434097290,0.00204,0.00010,0.00089,0.00338,0.00003,0.00086,0.00729
1598870290.428185939788818,0.00213,0.00006,0.00289,0.00349,0.00099,0.00115,0.01071
1598870290.461087465286255,0.00242,0.00008,0.00015,0.00414,0.00071,0.00090,0.00840
1598870290.495464324951172,0.00268,0.00020,0.00166,0.00363,0.00000,0.00151,0.00969
1598870290.530810594558716,0.00214,0.00009,0.00036,0.00387,0.00000,0.00087,0.00733
1598870290.563380241394043,0.00241,0.00006,0.00001,0.00367,0.00003,0.00130,0.00748
1598870290.597523212432861,0.00230,0.00009,0.00514,0.00368,0.00003,0.00084,0.01207
1598870290.631695985794067,0.00228,0.00021,0.00001,0.00363,0.00000,0.00115,0.00727
1598870290.664999008178711,0.00230,0.00009,0.00034,0.00378,0.00004,0.00092,0.00747
1598870290.699187278747559,0.00262,0.00021,0.00001,0.00372,0.00000,0.00136,0.00792
1598870290.731638193130493,0.00259,0.00011,0.00001,0.00387,0.00004,0.00087,0.00749
1598870290.765965700149536,0.00243,0.00019,0.00001,0.00367,0.00003,0.00108,0.00741
1598870290.800188064575195,0.00251,0.00013,0.00108,0.00351,0.00005,0.00088,0.00815
1598870290.833394050598145,0.00217,0.00019,0.00272,0.00324,0.00068,0.00117,0.01016
1598870290.868362903594971,0.00253,0.00009,0.00007,0.00343,0.00021,0.00078,0.00712
1598870290.900949954986572,0.00264,0.00024,0.00092,0.00360,0.00010,0.00136,0.00886
1598870290.935113430023193,0.00236,0.00013,0.00003,0.00366,0.00038,0.00106,0.00763
1598870290.969507217407227,0.00249,0.00011,0.00004,0.00385,0.00000,0.00146,0.00795
1598870291.002844572067261,0.00229,0.00006,0.00535,0.00357,0.00001,0.00085,0.01214
1598870291.036839246749878,0.00257,0.00009,0.00001,0.00379,0.00000,0.00157,0.00804
1598870291.070588827133179,0.00233,0.00011,0.00070,0.00340,0.00002,0.00079,0.00735
1598870291.103691577911377,0.00255,0.00023,0.00001,0.00348,0.00000,0.00134,0.00761
1598870291.137289047241211,0.00239,0.00015,0.00012,0.00345,0.00017,0.00100,0.00728
1598870291.172636270523071,0.00256,0.00008,0.00001,0.00363,0.00003,0.00155,0.00787
1598870291.205116748809814,0.00232,0.00009,0.00157,0.00335,0.00002,0.00091,0.00827
1598870291.238754749298096,0.00209,0.00020,0.00340,0.00338,0.00017,0.00129,0.01053
1598870291.272950887680054,0.00252,0.00008,0.00012,0.00348,0.00018,0.00108,0.00746
1598870291.306743144989014,0.00241,0.00021,0.00114,0.00354,0.00004,0.00132,0.00867
1598870291.340538024902344,0.00187,0.00007,0.00002,0.00363,0.00002,0.00077,0.00638
1598870291.374878644943237,0.00245,0.00024,0.00003,0.00366,0.00003,0.00132,0.00774
1598870291.407410860061646,0.00277,0.00010,0.00426,0.00371,0.00130,0.00082,0.01296
1598870291.440963983535767,0.00258,0.00025,0.00004,0.00445,0.00000,0.00131,0.00863
1598870291.476744174957275,0.00265,0.00013,0.00075,0.00370,0.00000,0.00088,0.00812
1598870291.515795707702637,0.00255,0.00023,0.00001,0.00367,0.00000,0.00109,0.00755
1598870291.576670408248901,0.00262,0.00014,0.00009,0.00359,0.00009,0.00091,0.00744
1598870291.609513759613037,0.00221,0.00022,0.00006,0.00373,0.00008,0.00121,0.00750
1598870291.643381595611572,0.00206,0.00006,0.00090,0.00406,0.00000,0.00083,0.00791
1598870291.677371740341187,0.00267,0.00022,0.00254,0.00357,0.00000,0.00116,0.01017
1598870291.711148738861084,0.00258,0.00010,0.00018,0.00369,0.00000,0.00080,0.00736
1598870291.744768381118774,0.00188,0.00019,0.00165,0.00336,0.00001,0.00112,0.00822
1598870291.778403997421265,0.00247,0.00015,0.00001,0.00358,0.00002,0.00106,0.00730
1598870291.812582492828369,0.00228,0.00020,0.00047,0.00329,0.00003,0.00134,0.00761
1598870291.850058078765869,0.00237,0.00007,0.00290,0.00318,0.00193,0.00074,0.01120
1598870291.882929086685181,0.00266,0.00023,0.00001,0.00400,0.00000,0.00106,0.00795
1598870291.948138236999512,0.00260,0.00014,0.00086,0.00294,0.00016,0.00085,0.00755
1598870291.982116460800171,0.00215,0.00006,0.00010,0.00328,0.00000,0.00144,0.00704
1598870292.014499187469482,0.00250,0.00013,0.00008,0.00265,0.00012,0.00090,0.00638
1598870292.047933816909790,0.00237,0.00019,0.00006,0.00245,0.00021,0.00121,0.00651
1598870292.084015607833862,0.00231,0.00009,0.00067,0.00286,0.00017,0.00120,0.00728
1598870292.148321390151978,0.00271,0.00023,0.00181,0.00274,0.00169,0.00119,0.01037
1598870292.183090209960938,0.00214,0.00006,0.00008,0.00337,0.00000,0.00080,0.00646
1598870292.218000888824463,0.00251,0.00009,0.00152,0.00337,0.00082,0.00120,0.00951
1598870292.251184225082397,0.00227,0.00006,0.00077,0.00369,0.00109,0.00080,0.00868
1598870292.283956289291382,0.00243,0.00022,0.00068,0.00382,0.00068,0.00138,0.00922
1598870292.318825960159302,0.00252,0.00009,0.00284,0.00346,0.00000,0.00081,0.00972
1598870292.352327823638916,0.00255,0.00009,0.00020,0.00364,0.00008,0.00134,0.00791
1598870292.385607957839966,0.00235,0.00007,0.00100,0.00360,0.00002,0.00077,0.00781
1598870292.419785499572754,0.00277,0.00022,0.00004,0.00379,0.00000,0.00115,0.00798
1598870292.486238241195679,0.00261,0.00014,0.00264,0.00335,0.00067,0.00086,0.01026
1598870292.520054101943970,0.00220,0.00021,0.00003,0.00353,0.00003,0.00131,0.00731
1598870292.553644657135010,0.00218,0.00008,0.00072,0.00323,0.00080,0.00081,0.00782
1598870292.587277650833130,0.00219,0.00006,0.00150,0.00400,0.00077,0.00108,0.00961
1598870292.620916843414307,0.00272,0.00010,0.00006,0.00396,0.00016,0.00078,0.00778
1598870292.653626918792725,0.00244,0.00010,0.00176,0.00401,0.00000,0.00123,0.00954
1598870292.686400651931763,0.00203,0.00006,0.00098,0.00381,0.00012,0.00082,0.00782
1598870292.720669269561768,0.00241,0.00020,0.00001,0.00388,0.00068,0.00116,0.00834
1598870292.753407239913940,0.00214,0.00006,0.00262,0.00413,0.00000,0.00078,0.00974
1598870292.786847829818726,0.00206,0.00021,0.00004,0.00387,0.00008,0.00142,0.00767
1598870292.820740699768066,0.00218,0.00007,0.00009,0.00398,0.00000,0.00080,0.00712
1598870292.855300426483154,0.00212,0.00021,0.00001,0.00398,0.00000,0.00109,0.00740
1598870292.887987613677979,0.00232,0.00009,0.00233,0.00353,0.00000,0.00084,0.00910
1598870292.920559644699097,0.00251,0.00022,0.00005,0.00399,0.00000,0.00131,0.00807
1598870292.955320596694946,0.00256,0.00007,0.00091,0.00343,0.00015,0.00073,0.00786
1598870292.988057136535645,0.00250,0.00011,0.00174,0.00377,0.00077,0.00130,0.01019
1598870293.022501230239868,0.00289,0.00013,0.00010,0.00373,0.00000,0.00087,0.00771
1598870293.056768417358398,0.00239,0.00020,0.00151,0.00364,0.00003,0.00117,0.00894
1598870293.123137235641479,0.00271,0.00014,0.00105,0.00362,0.00130,0.00087,0.00970
1598870293.156797170639038,0.00231,0.00022,0.00007,0.00377,0.00000,0.00120,0.00757
1598870293.190818071365356,0.00239,0.00010,0.00244,0.00339,0.00003,0.00081,0.00916
1598870293.223318338394165,0.00269,0.00025,0.00018,0.00376,0.00015,0.00110,0.00814
1598870293.256440877914429,0.00226,0.00010,0.00013,0.00350,0.00076,0.00143,0.00819
1598870293.290226221084595,0.00233,0.00022,0.00001,0.00379,0.00000,0.00134,0.00769
1598870293.322901010513306,0.00226,0.00009,0.00237,0.00369,0.00036,0.00089,0.00965
1598870293.356620788574219,0.00215,0.00021,0.00001,0.00448,0.00003,0.00135,0.00823
1598870293.390789985656738,0.00245,0.00010,0.00097,0.00417,0.00003,0.00083,0.00856
1598870293.423970699310303,0.00261,0.00020,0.00205,0.00386,0.00068,0.00115,0.01055
1598870293.457544565200806,0.00263,0.00014,0.00001,0.00433,0.00000,0.00082,0.00792
1598870293.490918397903442,0.00234,0.00024,0.00022,0.00413,0.00000,0.00107,0.00800
1598870293.524164438247681,0.00224,0.00009,0.00104,0.00377,0.00000,0.00073,0.00788
1598870293.558022975921631,0.00267,0.00026,0.00039,0.00395,0.00015,0.00116,0.00859
1598870293.625131845474243,0.00266,0.00015,0.00241,0.00330,0.00067,0.00082,0.01001
1598870293.658438444137573,0.00257,0.00016,0.00027,0.00390,0.00009,0.00118,0.00816
1598870293.691353797912598,0.00248,0.00012,0.00028,0.00400,0.00015,0.00076,0.00778
1598870293.732964038848877,0.00246,0.00007,0.00003,0.00420,0.00000,0.00112,0.00788
1598870293.794062852859497,0.00269,0.00015,0.00230,0.00378,0.00000,0.00123,0.01015
1598870293.826405525207520,0.00231,0.00021,0.00013,0.00459,0.00003,0.00133,0.00860
1598870293.859467029571533,0.00247,0.00011,0.00197,0.00393,0.00018,0.00082,0.00949
1598870293.925501823425293,0.00245,0.00012,0.00103,0.00397,0.00082,0.00131,0.00971
1598870293.960476875305176,0.00228,0.00009,0.00004,0.00383,0.00008,0.00088,0.00720
1598870294.025779485702515,0.00273,0.00012,0.00068,0.00339,0.00008,0.00117,0.00818
1598870294.059468507766724,0.00269,0.00010,0.00162,0.00382,0.00001,0.00082,0.00907
1598870294.092390537261963,0.00250,0.00025,0.00044,0.00369,0.00008,0.00130,0.00826
1598870294.126581192016602,0.00216,0.00009,0.00241,0.00334,0.00016,0.00079,0.00895
1598870294.160227298736572,0.00219,0.00008,0.00023,0.00360,0.00001,0.00117,0.00728
1598870294.192519664764404,0.00207,0.00006,0.00109,0.00305,0.00099,0.00084,0.00811
1598870294.226821899414062,0.00238,0.00020,0.00123,0.00313,0.00078,0.00122,0.00895
1598870294.260370254516602,0.00263,0.00010,0.00176,0.00354,0.00019,0.00071,0.00893
1598870294.296153306961060,0.00201,0.00020,0.00158,0.00373,0.00076,0.00102,0.00929
1598870294.361935138702393,0.00265,0.00011,0.00224,0.00396,0.00000,0.00086,0.00983
1598870294.428494691848755,0.00249,0.00012,0.00046,0.00389,0.00000,0.00114,0.00811
1598870294.462774991989136,0.00254,0.00011,0.00034,0.00373,0.00000,0.00082,0.00754
1598870294.529361486434937,0.00269,0.00024,0.00079,0.00353,0.00021,0.00142,0.00889
1598870294.563044786453247,0.00226,0.00008,0.00150,0.00369,0.00008,0.00082,0.00842
1598870294.596814393997192,0.00264,0.00024,0.00021,0.00381,0.00022,0.00143,0.00855
1598870294.630507946014404,0.00313,0.00010,0.00225,0.00391,0.00000,0.00081,0.01021
1598870294.664342641830444,0.00245,0.00022,0.00074,0.00403,0.00000,0.00136,0.00880
1598870294.697445631027222,0.00244,0.00015,0.00109,0.00395,0.00000,0.00103,0.00866
1598870294.731247425079346,0.00245,0.00006,0.00172,0.00393,0.00000,0.00119,0.00934
1598870294.765060424804688,0.00210,0.00006,0.00191,0.00391,0.00000,0.00088,0.00886
1598870294.799238443374634,0.00209,0.00006,0.00069,0.00384,0.00000,0.00123,0.00791
1598870294.833061218261719,0.00225,0.00006,0.00215,0.00378,0.00000,0.00079,0.00903
1598870294.867027759552002,0.00261,0.00010,0.00052,0.00383,0.00009,0.00123,0.00840
1598870294.933170795440674,0.00218,0.00011,0.00006,0.00369,0.00000,0.00082,0.00686
1598870294.967286109924316,0.00277,0.00010,0.00099,0.00349,0.00000,0.00145,0.00880
1598870295.001017570495605,0.00222,0.00012,0.00109,0.00334,0.00077,0.00097,0.00853
1598870295.034693241119385,0.00221,0.00007,0.00004,0.00371,0.00035,0.00073,0.00711
1598870295.067966461181641,0.00254,0.00010,0.00202,0.00381,0.00000,0.00123,0.00971
1598870295.101531267166138,0.00266,0.00012,0.00018,0.00409,0.00084,0.00083,0.00872
1598870295.135571718215942,0.00226,0.00009,0.00073,0.00374,0.00000,0.00075,0.00758
1598870295.169964790344238,0.00263,0.00011,0.00168,0.00355,0.00015,0.00087,0.00898
1598870295.202846288681030,0.00242,0.00010,0.00175,0.00398,0.00000,0.00089,0.00914
1598870295.237390518188477,0.00261,0.00010,0.00083,0.00399,0.00000,0.00117,0.00871
1598870295.270758390426636,0.00217,0.00008,0.00233,0.00394,0.00000,0.00099,0.00952
1598870295.304615736007690,0.00225,0.00015,0.00111,0.00406,0.00000,0.00103,0.00861
1598870295.337532758712769,0.00212,0.00006,0.00011,0.00379,0.00000,0.00074,0.00681
1598870295.372017860412598,0.00237,0.00008,0.00075,0.00385,0.00004,0.00101,0.00810
1598870295.405605792999268,0.00202,0.00013,0.00080,0.00346,0.00035,0.00077,0.00752
1598870295.439328193664551,0.00232,0.00007,0.00076,0.00367,0.00088,0.00072,0.00842
1598870295.472751140594482,0.00225,0.00016,0.00220,0.00419,0.00000,0.00084,0.00965
1598870295.507173538208008,0.00218,0.00008,0.00002,0.00426,0.00000,0.00082,0.00736
1598870295.539987564086914,0.00241,0.00008,0.00081,0.00432,0.00000,0.00106,0.00869
1598870295.574488878250122,0.00227,0.00012,0.00072,0.00407,0.00000,0.00092,0.00810
1598870295.609860181808472,0.00226,0.00010,0.00207,0.00390,0.00000,0.00080,0.00913
1598870295.642852306365967,0.00191,0.00006,0.00075,0.00390,0.00000,0.00070,0.00732
1598870295.710479736328125,0.00221,0.00010,0.00234,0.00375,0.00009,0.00085,0.00935
1598870295.747407436370850,0.00188,0.00007,0.00171,0.00331,0.00008,0.00077,0.00782
1598870295.812512159347534,0.00242,0.00019,0.00156,0.00307,0.00027,0.00104,0.00856
1598870295.876296997070312,0.00207,0.00008,0.00044,0.00356,0.00036,0.00080,0.00731
1598870295.910084247589111,0.00219,0.00006,0.00176,0.00376,0.00073,0.00082,0.00932
1598870295.943992853164673,0.00223,0.00006,0.00137,0.00378,0.00000,0.00080,0.00824
1598870296.009135007858276,0.00252,0.00011,0.00227,0.00357,0.00009,0.00081,0.00937
1598870296.044463157653809,0.00228,0.00016,0.00004,0.00420,0.00000,0.00088,0.00757
1598870296.077303647994995,0.00235,0.00015,0.00122,0.00422,0.00016,0.00085,0.00894
1598870296.118525028228760,0.00199,0.00014,0.00001,0.00392,0.00000,0.00080,0.00686
1598870296.176875352859497,0.00219,0.00009,0.00191,0.00373,0.00000,0.00073,0.00864
1598870296.212884664535522,0.00222,0.00015,0.00025,0.00402,0.00012,0.00104,0.00780
1598870296.277768850326538,0.00203,0.00010,0.00190,0.00384,0.00000,0.00086,0.00872
1598870296.310678005218506,0.00206,0.00009,0.00194,0.00393,0.00000,0.00088,0.00890
1598870296.344205141067505,0.00194,0.00006,0.00186,0.00421,0.00000,0.00109,0.00916
1598870296.377384662628174,0.00227,0.00007,0.00239,0.00386,0.00000,0.00078,0.00936
1598870296.411244869232178,0.00254,0.00016,0.00175,0.00420,0.00000,0.00105,0.00970
1598870296.444967985153198,0.00205,0.00006,0.00103,0.00375,0.00000,0.00077,0.00766
1598870296.480557203292847,0.00228,0.00010,0.00183,0.00343,0.00000,0.00078,0.00842
1598870296.544910669326782,0.00238,0.00011,0.00018,0.00349,0.00014,0.00110,0.00740
1598870296.580659866333008,0.00239,0.00010,0.00006,0.00377,0.00091,0.00083,0.00805
1598870296.614691257476807,0.00237,0.00010,0.00009,0.00404,0.00017,0.00085,0.00762
1598870296.647290945053101,0.00211,0.00014,0.00158,0.00372,0.00071,0.00081,0.00907
1598870296.680666685104370,0.00235,0.00015,0.00019,0.00437,0.00000,0.00102,0.00807
1598870296.714929819107056,0.00232,0.00012,0.00211,0.00387,0.00009,0.00085,0.00936
1598870296.747615098953247,0.00189,0.00006,0.00159,0.00427,0.00000,0.00117,0.00897
1598870296.780728101730347,0.00225,0.00011,0.00164,0.00392,0.00000,0.00086,0.00877
1598870296.815671443939209,0.00185,0.00010,0.00386,0.00372,0.00009,0.00081,0.01043
1598870296.849581718444824,0.00227,0.00014,0.00168,0.00385,0.00000,0.00100,0.00894
1598870296.884045124053955,0.00195,0.00007,0.00110,0.00357,0.00008,0.00077,0.00755
1598870296.950687885284424,0.00260,0.00012,0.00152,0.00367,0.00069,0.00151,0.01011
1598870296.984078884124756,0.00206,0.00009,0.00003,0.00419,0.00001,0.00083,0.00721
1598870297.017366409301758,0.00224,0.00021,0.00001,0.00383,0.00000,0.00110,0.00739
1598870297.050917387008667,0.00249,0.00007,0.00001,0.00385,0.00035,0.00085,0.00762
1598870297.083947896957397,0.00239,0.00012,0.00165,0.00321,0.00000,0.00139,0.00877
1598870297.118914604187012,0.00191,0.00007,0.00014,0.00320,0.00000,0.00073,0.00605
1598870297.152056694030762,0.00248,0.00012,0.00227,0.00348,0.00001,0.00141,0.00976
1598870297.185205221176147,0.00247,0.00010,0.00104,0.00284,0.00075,0.00077,0.00797
1598870297.219561100006104,0.00247,0.00010,0.00191,0.00326,0.00037,0.00119,0.00931
1598870297.252638101577759,0.00202,0.00008,0.00379,0.00389,0.00000,0.00080,0.01058
1598870297.286390542984009,0.00202,0.00021,0.00149,0.00390,0.00000,0.00134,0.00896
1598870297.321319103240967,0.00245,0.00010,0.00107,0.00419,0.00000,0.00104,0.00884
1598870297.354257345199585,0.00228,0.00023,0.00152,0.00391,0.00000,0.00152,0.00947
1598870297.388870954513550,0.00237,0.00010,0.00020,0.00380,0.00000,0.00095,0.00742
1598870297.421649694442749,0.00308,0.00021,0.00001,0.00387,0.00000,0.00136,0.00852
1598870297.455262660980225,0.00289,0.00011,0.00002,0.00379,0.00000,0.00106,0.00788
1598870297.488016843795776,0.00242,0.00020,0.00078,0.00365,0.00067,0.00130,0.00901
1598870297.521468400955200,0.00259,0.00015,0.00001,0.00385,0.00013,0.00089,0.00760
1598870297.556512355804443,0.00254,0.00022,0.00201,0.00436,0.00003,0.00119,0.01035
1598870297.589988946914673,0.00252,0.00014,0.00004,0.00377,0.00068,0.00090,0.00805
1598870297.622864723205566,0.00286,0.00013,0.00172,0.00393,0.00000,0.00148,0.01011
1598870297.659147262573242,0.00230,0.00008,0.00330,0.00382,0.00000,0.00091,0.01041
1598870297.724819183349609,0.00272,0.00022,0.00150,0.00368,0.00000,0.00118,0.00931
1598870297.758467912673950,0.00260,0.00013,0.00052,0.00389,0.00070,0.00105,0.00889
1598870297.792998790740967,0.00233,0.00008,0.00166,0.00370,0.00000,0.00124,0.00901
1598870297.826289176940918,0.00239,0.00011,0.00496,0.00375,0.00073,0.00104,0.01298
1598870297.860762596130371,0.00255,0.00009,0.00001,0.00476,0.00000,0.00120,0.00860
1598870297.893314599990845,0.00244,0.00011,0.00001,0.00395,0.00000,0.00082,0.00734
1598870297.926520347595215,0.00274,0.00013,0.00011,0.00417,0.00009,0.00125,0.00848
1598870297.960789680480957,0.00268,0.00010,0.00071,0.00428,0.00000,0.00098,0.00875
1598870297.993262767791748,0.00234,0.00021,0.00203,0.00400,0.00000,0.00114,0.00973
1598870298.026989936828613,0.00248,0.00006,0.00004,0.00406,0.00000,0.00075,0.00739
1598870298.061336994171143,0.00221,0.00007,0.00164,0.00402,0.00000,0.00083,0.00877
1598870298.095939874649048,0.00229,0.00010,0.00424,0.00402,0.00000,0.00088,0.01153
1598870298.128352165222168,0.00238,0.00011,0.00168,0.00419,0.00000,0.00096,0.00932
1598870298.162256717681885,0.00269,0.00009,0.00052,0.00377,0.00000,0.00144,0.00851
1598870298.195706367492676,0.00249,0.00008,0.00165,0.00372,0.00011,0.00088,0.00894
1598870298.230550527572632,0.00258,0.00022,0.00509,0.00391,0.00009,0.00130,0.01319
1598870298.296379327774048,0.00209,0.00015,0.00001,0.00283,0.00000,0.00087,0.00594
1598870298.331347465515137,0.00273,0.00014,0.00015,0.00346,0.00015,0.00107,0.00769
1598870298.398838520050049,0.00222,0.00010,0.00001,0.00338,0.00004,0.00091,0.00666
1598870298.431665897369385,0.00224,0.00012,0.00008,0.00345,0.00080,0.00105,0.00775
1598870298.465187549591064,0.00228,0.00006,0.00191,0.00361,0.00078,0.00077,0.00942
1598870298.498602151870728,0.00199,0.00007,0.00003,0.00408,0.00000,0.00079,0.00697
1598870298.531700372695923,0.00250,0.00010,0.00153,0.00396,0.00000,0.00082,0.00891
1598870298.565960884094238,0.00216,0.00012,0.00302,0.00392,0.00000,0.00079,0.01001
1598870298.599924564361572,0.00187,0.00007,0.00153,0.00379,0.00000,0.00081,0.00807
1598870298.633578062057495,0.00267,0.00019,0.00046,0.00399,0.00001,0.00095,0.00826
1598870298.668051958084106,0.00196,0.00007,0.00068,0.00380,0.00066,0.00083,0.00801
1598870298.700578927993774,0.00196,0.00007,0.00445,0.00426,0.00000,0.00079,0.01153
1598870298.734638452529907,0.00222,0.00010,0.00001,0.00398,0.00000,0.00082,0.00713
1598870298.768132686614990,0.00253,0.00015,0.00158,0.00425,0.00000,0.00094,0.00946
1598870298.802241086959839,0.00230,0.00010,0.00008,0.00391,0.00000,0.00094,0.00733
1598870298.835600137710571,0.00245,0.00015,0.00006,0.00394,0.00002,0.00127,0.00790
1598870298.868967771530151,0.00218,0.00008,0.00171,0.00363,0.00011,0.00081,0.00852
1598870298.902619838714600,0.00215,0.00006,0.00009,0.00365,0.00010,0.00078,0.00683
1598870298.937906503677368,0.00240,0.00011,0.00069,0.00377,0.00067,0.00080,0.00844
1598870298.970769166946411,0.00233,0.00010,0.00316,0.00388,0.00000,0.00097,0.01044
1598870299.037250518798828,0.00255,0.00012,0.00154,0.00398,0.00000,0.00096,0.00915
1598870299.071770429611206,0.00235,0.00011,0.00006,0.00432,0.00000,0.00090,0.00775
1598870299.105786800384521,0.00231,0.00011,0.00092,0.00403,0.00000,0.00091,0.00827
1598870299.138537168502808,0.00207,0.00008,0.00413,0.00367,0.00008,0.00092,0.01096
1598870299.172223091125488,0.00246,0.00012,0.00001,0.00409,0.00000,0.00106,0.00774
1598870299.205452442169189,0.00239,0.00013,0.00153,0.00396,0.00000,0.00086,0.00886
1598870299.239575147628784,0.00229,0.00010,0.00070,0.00409,0.00000,0.00090,0.00809
1598870299.272330760955811,0.00210,0.00010,0.00094,0.00429,0.00000,0.00097,0.00840
1598870299.304600715637207,0.00231,0.00010,0.00235,0.00381,0.00018,0.00087,0.00963
1598870299.338798046112061,0.00216,0.00013,0.00001,0.00385,0.00002,0.00079,0.00696
1598870299.371562242507935,0.00226,0.00014,0.00011,0.00387,0.00067,0.00107,0.00812
1598870299.414670944213867,0.00234,0.00007,0.00239,0.00397,0.00068,0.00087,0.01032
1598870299.473688364028931,0.00222,0.00007,0.00148,0.00356,0.00002,0.00087,0.00822
1598870299.506277561187744,0.00229,0.00006,0.00003,0.00397,0.00003,0.00117,0.00755
1598870299.539317607879639,0.00223,0.00010,0.00004,0.00419,0.00089,0.00087,0.00832
1598870299.572601795196533,0.00222,0.00010,0.00389,0.00441,0.00000,0.00091,0.01154
1598870299.606998443603516,0.00202,0.00014,0.00001,0.00408,0.00000,0.00086,0.00711
1598870299.640501499176025,0.00241,0.00011,0.00162,0.00371,0.00000,0.00107,0.00894
1598870299.706755876541138,0.00249,0.00011,0.00071,0.00366,0.00003,0.00090,0.00791
1598870299.741079807281494,0.00228,0.00010,0.00008,0.00395,0.00087,0.00087,0.00816
1598870299.806020736694336,0.00220,0.00016,0.00184,0.00395,0.00017,0.00095,0.00927
1598870299.839638233184814,0.00225,0.00011,0.00003,0.00401,0.00000,0.00107,0.00747
1598870299.874431610107422,0.00187,0.00006,0.00004,0.00398,0.00008,0.00088,0.00691
1598870299.907056570053101,0.00217,0.00007,0.00270,0.00398,0.00000,0.00083,0.00975
1598870299.940609455108643,0.00200,0.00006,0.00153,0.00390,0.00000,0.00084,0.00833
1598870299.973501443862915,0.00184,0.00006,0.00005,0.00443,0.00000,0.00085,0.00723
1598870300.007524251937866,0.00220,0.00009,0.00001,0.00420,0.00000,0.00113,0.00764
1598870300.040237426757812,0.00213,0.00006,0.00358,0.00383,0.00000,0.00083,0.01044
1598870300.074269533157349,0.00227,0.00008,0.00001,0.00433,0.00000,0.00084,0.00753
1598870300.107426643371582,0.00217,0.00011,0.00195,0.00389,0.00017,0.00096,0.00924
1598870300.140874385833740,0.00203,0.00007,0.00071,0.00404,0.00000,0.00091,0.00776
1598870300.174505949020386,0.00221,0.00007,0.00001,0.00403,0.00000,0.00074,0.00706
1598870300.208079099655151,0.00231,0.00010,0.00166,0.00394,0.00000,0.00082,0.00883
1598870300.243330955505371,0.00263,0.00009,0.00005,0.00399,0.00000,0.00085,0.00761
1598870300.308222293853760,0.00191,0.00014,0.00001,0.00426,0.00000,0.00105,0.00737
1598870300.341264247894287,0.00251,0.00012,0.00238,0.00393,0.00000,0.00109,0.01003
1598870300.374199867248535,0.00232,0.00014,0.00154,0.00381,0.00000,0.00109,0.00890
1598870300.407350063323975,0.00238,0.00011,0.00012,0.00422,0.00002,0.00110,0.00795
1598870300.441395521163940,0.00233,0.00009,0.00001,0.00402,0.00000,0.00082,0.00728
1598870300.475079059600830,0.00212,0.00012,0.00254,0.00390,0.00003,0.00083,0.00954
1598870300.541571617126465,0.00229,0.00013,0.00005,0.00337,0.00009,0.00112,0.00703
1598870300.576111793518066,0.00206,0.00011,0.00081,0.00353,0.00077,0.00100,0.00828
1598870300.608709096908569,0.00249,0.00017,0.00082,0.00369,0.00003,0.00105,0.00825
1598870300.641012907028198,0.00208,0.00009,0.00001,0.00418,0.00000,0.00087,0.00722
1598870300.675617933273315,0.00181,0.00006,0.00160,0.00373,0.00011,0.00084,0.00815
1598870300.708901405334473,0.00191,0.00007,0.00001,0.00382,0.00002,0.00086,0.00670
1598870300.742460966110229,0.00224,0.00009,0.00001,0.00383,0.00000,0.00080,0.00698
1598870300.776328802108765,0.00218,0.00010,0.00241,0.00383,0.00003,0.00087,0.00943
1598870300.808924674987793,0.00219,0.00010,0.00165,0.00357,0.00002,0.00087,0.00841
1598870300.843035221099854,0.00204,0.00009,0.00003,0.00357,0.00005,0.00108,0.00685
1598870300.876138925552368,0.00202,0.00007,0.00004,0.00359,0.00009,0.00082,0.00663
1598870300.909041881561279,0.00225,0.00008,0.00178,0.00392,0.00005,0.00140,0.00949
1598870300.941643476486206,0.00248,0.00010,0.00001,0.00385,0.00000,0.00111,0.00755
1598870300.976014852523804,0.00219,0.00008,0.00008,0.00364,0.00131,0.00076,0.00806
1598870301.009686946868896,0.00202,0.00013,0.00070,0.00383,0.00003,0.00077,0.00747
1598870301.042935609817505,0.00191,0.00012,0.00001,0.00389,0.00000,0.00082,0.00675
1598870301.076195478439331,0.00209,0.00014,0.00157,0.00425,0.00014,0.00088,0.00909
1598870301.109881639480591,0.00227,0.00010,0.00001,0.00424,0.00002,0.00085,0.00750
1598870301.143009662628174,0.00196,0.00007,0.00001,0.00386,0.00000,0.00082,0.00672
1598870301.177101373672485,0.00222,0.00010,0.00223,0.00368,0.00003,0.00074,0.00900
1598870301.209478616714478,0.00214,0.00008,0.00163,0.00356,0.00002,0.00089,0.00833
1598870301.242713928222656,0.00276,0.00011,0.00005,0.00354,0.00002,0.00108,0.00756
1598870301.276151895523071,0.00235,0.00006,0.00006,0.00338,0.00017,0.00092,0.00695
1598870301.310969591140747,0.00237,0.00012,0.00201,0.00366,0.00002,0.00108,0.00926
1598870301.343440294265747,0.00244,0.00010,0.00001,0.00374,0.00000,0.00110,0.00739
1598870301.376419782638550,0.00229,0.00011,0.00010,0.00394,0.00071,0.00106,0.00821
1598870301.409122467041016,0.00260,0.00013,0.00089,0.00369,0.00003,0.00114,0.00848
1598870301.444336175918579,0.00257,0.00011,0.00007,0.00358,0.00000,0.00092,0.00724
1598870301.477430582046509,0.00260,0.00012,0.00074,0.00368,0.00077,0.00089,0.00879
1598870301.510605335235596,0.00239,0.00010,0.00002,0.00404,0.00042,0.00084,0.00782
1598870301.578044652938843,0.00244,0.00012,0.00001,0.00367,0.00000,0.00093,0.00718
1598870301.610615730285645,0.00210,0.00008,0.00244,0.00355,0.00010,0.00092,0.00918
1598870301.644040822982788,0.00279,0.00012,0.00562,0.00377,0.00067,0.00103,0.01400
1598870301.677728414535522,0.00245,0.00012,0.00069,0.00395,0.00000,0.00115,0.00836
1598870301.711676120758057,0.00246,0.00017,0.00002,0.00445,0.00000,0.00093,0.00803
1598870301.745017766952515,0.00238,0.00010,0.00211,0.00383,0.00000,0.00118,0.00961
1598870301.778683185577393,0.00239,0.00009,0.00001,0.00412,0.00000,0.00092,0.00753
1598870301.812690258026123,0.00214,0.00008,0.00062,0.00405,0.00013,0.00137,0.00839
1598870301.878454208374023,0.00252,0.00012,0.00154,0.00363,0.00000,0.00117,0.00898
1598870301.911276340484619,0.00219,0.00008,0.00003,0.00405,0.00014,0.00088,0.00739
1598870301.945084810256958,0.00236,0.00012,0.00177,0.00377,0.00000,0.00116,0.00919
1598870301.978574752807617,0.00235,0.00009,0.00005,0.00435,0.00012,0.00110,0.00808
1598870302.012072324752808,0.00201,0.00006,0.00001,0.00393,0.00000,0.00092,0.00693
1598870302.045080184936523,0.00242,0.00011,0.00222,0.00391,0.00000,0.00093,0.00959
1598870302.078983545303345,0.00210,0.00006,0.00545,0.00386,0.00000,0.00094,0.01241
1598870302.112621068954468,0.00234,0.00015,0.00074,0.00396,0.00000,0.00114,0.00834
1598870302.145584344863892,0.00250,0.00012,0.00001,0.00420,0.00000,0.00107,0.00790
1598870302.178980588912964,0.00198,0.00008,0.00264,0.00381,0.00000,0.00088,0.00938
1598870302.211736202239990,0.00212,0.00006,0.00005,0.00503,0.00019,0.00116,0.00862
1598870302.246285438537598,0.00223,0.00013,0.00065,0.00384,0.00000,0.00086,0.00771
1598870302.279429674148560,0.00236,0.00010,0.00073,0.00416,0.00000,0.00089,0.00824
1598870302.312787294387817,0.00229,0.00014,0.00012,0.00401,0.00002,0.00097,0.00754
1598870302.345472097396851,0.00248,0.00009,0.00074,0.00374,0.00011,0.00084,0.00801
1598870302.412157535552979,0.00238,0.00009,0.00001,0.00361,0.00000,0.00116,0.00725
1598870302.446053743362427,0.00209,0.00008,0.00003,0.00358,0.00000,0.00087,0.00665
1598870302.513026237487793,0.00225,0.00007,0.00184,0.00330,0.00037,0.00089,0.00873
1598870302.546533107757568,0.00212,0.00006,0.00482,0.00342,0.00102,0.00089,0.01234
1598870302.579617738723755,0.00205,0.00006,0.00139,0.00353,0.00007,0.00092,0.00803
1598870302.613311529159546,0.00232,0.00012,0.00008,0.00387,0.00009,0.00105,0.00754
1598870302.646108150482178,0.00245,0.00010,0.00341,0.00385,0.00000,0.00096,0.01078
1598870302.680033445358276,0.00230,0.00008,0.00001,0.00385,0.00000,0.00095,0.00719
1598870302.713271856307983,0.00218,0.00009,0.00062,0.00413,0.00000,0.00108,0.00810
1598870302.746617794036865,0.00245,0.00010,0.00164,0.00387,0.00000,0.00094,0.00900
1598870302.779944896697998,0.00252,0.00010,0.00006,0.00393,0.00000,0.00089,0.00751
1598870302.813795328140259,0.00195,0.00011,0.00143,0.00385,0.00000,0.00088,0.00822
1598870302.847370862960815,0.00213,0.00009,0.00001,0.00420,0.00000,0.00087,0.00730
1598870302.880649566650391,0.00216,0.00009,0.00001,0.00387,0.00000,0.00114,0.00728
1598870302.913531541824341,0.00230,0.00010,0.00234,0.00352,0.00000,0.00109,0.00935
1598870302.947478771209717,0.00256,0.00010,0.00511,0.00363,0.00008,0.00089,0.01238
1598870302.980006694793701,0.00199,0.00006,0.00045,0.00422,0.00000,0.00087,0.00759
1598870303.013511419296265,0.00223,0.00009,0.00003,0.00362,0.00008,0.00085,0.00689
1598870303.048009872436523,0.00245,0.00008,0.00332,0.00382,0.00000,0.00109,0.01076
1598870303.114007234573364,0.00259,0.00013,0.00001,0.00390,0.00000,0.00089,0.00751
1598870303.147158145904541,0.00175,0.00007,0.00066,0.00341,0.00015,0.00080,0.00683
1598870303.181671142578125,0.00230,0.00012,0.00091,0.00444,0.00009,0.00110,0.00897
1598870303.247360467910767,0.00262,0.00008,0.00004,0.00380,0.00000,0.00129,0.00783
1598870303.281164169311523,0.00249,0.00011,0.00101,0.00371,0.00008,0.00091,0.00830
1598870303.314684152603149,0.00226,0.00011,0.00001,0.00449,0.00000,0.00109,0.00796
1598870303.348120212554932,0.00235,0.00011,0.00001,0.00399,0.00000,0.00108,0.00754
1598870303.381191015243530,0.00213,0.00011,0.00202,0.00365,0.00000,0.00107,0.00898
1598870303.414442300796509,0.00252,0.00011,0.00511,0.00335,0.00000,0.00104,0.01214
1598870303.447930335998535,0.00220,0.00011,0.00044,0.00344,0.00020,0.00103,0.00742
1598870303.481275558471680,0.00230,0.00011,0.00011,0.00402,0.00008,0.00109,0.00771
1598870303.514845132827759,0.00235,0.00009,0.00326,0.00352,0.00065,0.00088,0.01076
1598870303.549069166183472,0.00221,0.00014,0.00001,0.00366,0.00000,0.00106,0.00708
1598870303.615691184997559,0.00255,0.00015,0.00071,0.00311,0.00009,0.00081,0.00742
1598870303.648316383361816,0.00217,0.00012,0.00080,0.00348,0.00003,0.00080,0.00740
1598870303.681448221206665,0.00247,0.00012,0.00007,0.00382,0.00017,0.00082,0.00747
1598870303.715097904205322,0.00270,0.00009,0.00020,0.00350,0.00145,0.00121,0.00916
1598870303.748537540435791,0.00247,0.00010,0.00001,0.00362,0.00000,0.00109,0.00730
1598870303.781588554382324,0.00246,0.00008,0.00001,0.00360,0.00000,0.00082,0.00697
1598870303.814796686172485,0.00224,0.00007,0.00259,0.00346,0.00017,0.00099,0.00952
1598870303.848528146743774,0.00216,0.00009,0.00464,0.00388,0.00067,0.00107,0.01252
1598870303.881913423538208,0.00189,0.00008,0.00043,0.00396,0.00000,0.00086,0.00721
1598870303.916418313980103,0.00195,0.00006,0.00004,0.00374,0.00002,0.00085,0.00666
1598870303.983047723770142,0.00249,0.00014,0.00315,0.00339,0.00067,0.00093,0.01077
1598870304.016142368316650,0.00203,0.00008,0.00001,0.00414,0.00000,0.00093,0.00719
1598870304.050707101821899,0.00267,0.00013,0.00141,0.00345,0.00008,0.00090,0.00865
1598870304.115791559219360,0.00250,0.00016,0.00084,0.00419,0.00000,0.00104,0.00874
1598870304.148566007614136,0.00190,0.00008,0.00070,0.00398,0.00000,0.00081,0.00746
1598870304.189953327178955,0.00242,0.00007,0.00015,0.00351,0.00011,0.00107,0.00733
1598870304.249393701553345,0.00260,0.00016,0.00001,0.00370,0.00000,0.00113,0.00758
1598870304.283094167709351,0.00241,0.00011,0.00001,0.00345,0.00000,0.00153,0.00751
1598870304.316215515136719,0.00171,0.00013,0.00207,0.00363,0.00017,0.00084,0.00854
1598870304.349744796752930,0.00234,0.00013,0.00460,0.00377,0.00045,0.00083,0.01212
1598870304.383641004562378,0.00218,0.00010,0.00065,0.00370,0.00000,0.00085,0.00749
1598870304.453644037246704,0.00231,0.00013,0.00022,0.00348,0.00001,0.00090,0.00705
1598870304.516706466674805,0.00237,0.00013,0.00330,0.00334,0.00067,0.00103,0.01084
1598870304.551487922668457,0.00265,0.00007,0.00003,0.00358,0.00008,0.00113,0.00753
1598870304.616325139999390,0.00216,0.00009,0.00141,0.00356,0.00000,0.00079,0.00800
1598870304.650741815567017,0.00243,0.00013,0.00200,0.00360,0.00000,0.00116,0.00932
1598870304.716160774230957,0.00218,0.00013,0.00082,0.00354,0.00009,0.00083,0.00759
1598870304.750714302062988,0.00258,0.00018,0.00036,0.00374,0.00000,0.00112,0.00798
1598870304.784231424331665,0.00230,0.00007,0.00001,0.00367,0.00000,0.00080,0.00685
1598870304.816624164581299,0.00233,0.00010,0.00014,0.00389,0.00008,0.00108,0.00761
1598870304.852160930633545,0.00185,0.00007,0.00189,0.00327,0.00000,0.00079,0.00788
1598870304.916561365127563,0.00268,0.00012,0.00413,0.00375,0.00077,0.00082,0.01228
1598870304.949871778488159,0.00246,0.00010,0.00045,0.00348,0.00008,0.00129,0.00787
1598870304.984327793121338,0.00230,0.00012,0.00058,0.00365,0.00073,0.00103,0.00841
1598870305.017513275146484,0.00237,0.00013,0.00238,0.00379,0.00000,0.00111,0.00978
1598870305.050786256790161,0.00228,0.00008,0.00002,0.00390,0.00000,0.00079,0.00707
1598870305.084308147430420,0.00216,0.00010,0.00146,0.00377,0.00000,0.00110,0.00860
1598870305.116831302642822,0.00189,0.00007,0.00079,0.00396,0.00000,0.00109,0.00780
1598870305.151035785675049,0.00215,0.00010,0.00085,0.00376,0.00000,0.00089,0.00775
1598870305.217041254043579,0.00314,0.00013,0.00085,0.00346,0.00009,0.00094,0.00861
1598870305.251010417938232,0.00230,0.00007,0.00003,0.00369,0.00000,0.00094,0.00701
1598870305.284875154495239,0.00228,0.00007,0.00008,0.00355,0.00008,0.00088,0.00693
1598870305.319508075714111,0.00237,0.00006,0.00186,0.00355,0.00000,0.00090,0.00874
1598870305.384521722793579,0.00205,0.00008,0.00368,0.00388,0.00008,0.00092,0.01069
1598870305.417672157287598,0.00213,0.00008,0.00014,0.00372,0.00000,0.00092,0.00699
1598870305.453438520431519,0.00272,0.00009,0.00018,0.00334,0.00001,0.00114,0.00747
1598870305.491936683654785,0.00270,0.00009,0.00168,0.00341,0.00072,0.00100,0.00962
1598870305.553192138671875,0.00262,0.00011,0.00004,0.00362,0.00009,0.00083,0.00732
1598870305.585986137390137,0.00230,0.00010,0.00126,0.00354,0.00008,0.00084,0.00812
1598870305.618945360183716,0.00185,0.00006,0.00022,0.00343,0.00000,0.00075,0.00632
1598870305.652063608169556,0.00238,0.00009,0.00495,0.00345,0.00000,0.00110,0.01198
1598870305.684907674789429,0.00291,0.00011,0.00027,0.00337,0.00015,0.00131,0.00813
1598870305.718767642974854,0.00225,0.00008,0.00001,0.00368,0.00000,0.00093,0.00695
1598870305.785963058471680,0.00233,0.00014,0.00001,0.00374,0.00000,0.00102,0.00723
1598870305.818780899047852,0.00229,0.00009,0.00203,0.00355,0.00004,0.00109,0.00908
1598870305.851279735565186,0.00258,0.00010,0.00256,0.00339,0.00137,0.00091,0.01092
1598870305.885220527648926,0.00210,0.00010,0.00037,0.00403,0.00000,0.00108,0.00767
1598870305.919330596923828,0.00222,0.00010,0.00058,0.00380,0.00000,0.00083,0.00753
1598870305.952756643295288,0.00255,0.00008,0.00034,0.00384,0.00000,0.00151,0.00833
1598870305.985849380493164,0.00234,0.00009,0.00002,0.00392,0.00000,0.00094,0.00732
1598870306.018859148025513,0.00222,0.00012,0.00007,0.00395,0.00000,0.00110,0.00745
1598870306.051626682281494,0.00199,0.00006,0.00137,0.00379,0.00000,0.00084,0.00805
1598870306.086747169494629,0.00241,0.00011,0.00393,0.00366,0.00000,0.00105,0.01116
1598870306.152482986450195,0.00235,0.00015,0.00084,0.00397,0.00000,0.00090,0.00821
1598870306.185227155685425,0.00225,0.00011,0.00001,0.00420,0.00000,0.00092,0.00750
1598870306.220386743545532,0.00220,0.00011,0.00012,0.00376,0.00014,0.00112,0.00746
1598870306.252693176269531,0.00199,0.00007,0.00137,0.00381,0.00000,0.00086,0.00810
1598870306.286267757415771,0.00232,0.00012,0.00219,0.00383,0.00000,0.00105,0.00951
1598870306.321202039718628,0.00211,0.00011,0.00015,0.00404,0.00000,0.00079,0.00721
1598870306.386681079864502,0.00217,0.00013,0.00017,0.00394,0.00000,0.00106,0.00746
1598870306.425485372543335,0.00192,0.00006,0.00032,0.00391,0.00000,0.00085,0.00706
1598870306.490768432617188,0.00218,0.00011,0.00001,0.00394,0.00000,0.00110,0.00733
1598870306.523388862609863,0.00167,0.00008,0.00006,0.00387,0.00000,0.00082,0.00650
1598870306.587163686752319,0.00227,0.00012,0.00083,0.00378,0.00000,0.00083,0.00782
1598870306.654017686843872,0.00237,0.00012,0.00444,0.00379,0.00000,0.00084,0.01156
1598870306.686991691589355,0.00207,0.00006,0.00120,0.00381,0.00000,0.00083,0.00797
1598870306.721799373626709,0.00193,0.00007,0.00001,0.00361,0.00000,0.00084,0.00646
1598870306.786862611770630,0.00193,0.00008,0.00006,0.00374,0.00001,0.00085,0.00667
1598870306.820384740829468,0.00183,0.00007,0.00125,0.00365,0.00002,0.00084,0.00766
1598870306.854947328567505,0.00196,0.00006,0.00188,0.00372,0.00067,0.00081,0.00911
1598870306.887845754623413,0.00195,0.00038,0.00015,0.00409,0.00000,0.00124,0.00782
1598870306.921764612197876,0.00237,0.00011,0.00015,0.00382,0.00000,0.00082,0.00727
1598870306.987521886825562,0.00219,0.00023,0.00003,0.00388,0.00000,0.00123,0.00756
1598870307.020371198654175,0.00214,0.00008,0.00009,0.00356,0.00000,0.00089,0.00675
1598870307.054521322250366,0.00258,0.00014,0.00014,0.00362,0.00010,0.00108,0.00766
1598870307.087112903594971,0.00233,0.00008,0.00005,0.00333,0.00014,0.00082,0.00675
1598870307.120577812194824,0.00210,0.00014,0.00382,0.00319,0.00012,0.00085,0.01021
1598870307.154266119003296,0.00238,0.00015,0.00103,0.00367,0.00052,0.00084,0.00859
1598870307.187724113464355,0.00233,0.00012,0.00005,0.00341,0.00000,0.00135,0.00726
1598870307.221399068832397,0.00220,0.00011,0.00002,0.00340,0.00002,0.00106,0.00682
1598870307.254565238952637,0.00202,0.00014,0.00168,0.00339,0.00015,0.00111,0.00850
1598870307.288635969161987,0.00195,0.00008,0.00066,0.00337,0.00193,0.00077,0.00876
1598870307.321321010589600,0.00244,0.00012,0.00016,0.00405,0.00000,0.00119,0.00797
1598870307.354726314544678,0.00221,0.00014,0.00018,0.00400,0.00000,0.00104,0.00757
1598870307.387316942214966,0.00231,0.00010,0.00004,0.00402,0.00000,0.00101,0.00749
1598870307.420367002487183,0.00233,0.00014,0.00330,0.00369,0.00000,0.00131,0.01077
1598870307.455800056457520,0.00200,0.00007,0.00006,0.00383,0.00000,0.00099,0.00694
1598870307.523036956787109,0.00244,0.00012,0.00028,0.00359,0.00008,0.00086,0.00737
1598870307.555992603302002,0.00205,0.00006,0.00352,0.00369,0.00002,0.00084,0.01019
1598870307.590288162231445,0.00252,0.00023,0.00076,0.00379,0.00011,0.00155,0.00897
1598870307.623745203018188,0.00231,0.00010,0.00001,0.00390,0.00000,0.00104,0.00737
1598870307.659728050231934,0.00214,0.00006,0.00021,0.00379,0.00000,0.00081,0.00700
1598870307.725496530532837,0.00265,0.00012,0.00102,0.00379,0.00003,0.00115,0.00876
1598870307.791425466537476,0.00229,0.00008,0.00007,0.00314,0.00000,0.00085,0.00644
1598870307.824495553970337,0.00196,0.00010,0.00001,0.00364,0.00002,0.00080,0.00653
1598870307.859544277191162,0.00207,0.00012,0.00030,0.00375,0.00015,0.00113,0.00752
1598870307.928061962127686,0.00250,0.00012,0.00026,0.00335,0.00014,0.00087,0.00725
1598870307.965223789215088,0.00236,0.00012,0.00263,0.00352,0.00135,0.00086,0.01084
1598870308.029108285903931,0.00193,0.00009,0.00071,0.00368,0.00000,0.00079,0.00721
1598870308.062666654586792,0.00203,0.00012,0.00080,0.00363,0.00001,0.00077,0.00735
1598870308.127790451049805,0.00196,0.00008,0.00294,0.00364,0.00004,0.00108,0.00975
1598870308.192827224731445,0.00214,0.00012,0.00003,0.00327,0.00082,0.00097,0.00735
1598870308.228065967559814,0.00203,0.00017,0.00020,0.00355,0.00000,0.00107,0.00702
1598870308.260674476623535,0.00211,0.00040,0.00018,0.00327,0.00015,0.00111,0.00723
1598870308.296326875686646,0.00225,0.00012,0.00076,0.00343,0.00015,0.00078,0.00749
1598870308.360318660736084,0.00234,0.00013,0.00002,0.00360,0.00000,0.00098,0.00708
1598870308.392781019210815,0.00226,0.00008,0.00008,0.00340,0.00009,0.00107,0.00698
1598870308.428087711334229,0.00221,0.00010,0.00076,0.00353,0.00078,0.00091,0.00829
1598870308.493155479431152,0.00210,0.00009,0.00001,0.00333,0.00000,0.00090,0.00643
1598870308.528885602951050,0.00184,0.00006,0.00182,0.00337,0.00127,0.00082,0.00919
1598870308.561290502548218,0.00181,0.00006,0.00069,0.00362,0.00009,0.00083,0.00710
1598870308.596586465835571,0.00196,0.00007,0.00159,0.00375,0.00002,0.00079,0.00817
1598870308.660555839538574,0.00274,0.00023,0.00256,0.00364,0.00002,0.00122,0.01042
1598870308.693156480789185,0.00222,0.00009,0.00016,0.00326,0.00011,0.00074,0.00659
1598870308.728202819824219,0.00200,0.00006,0.00009,0.00339,0.00008,0.00078,0.00641
1598870308.760926961898804,0.00235,0.00007,0.00001,0.00276,0.00040,0.00118,0.00678
1598870308.794569730758667,0.00248,0.00009,0.00095,0.00297,0.00019,0.00074,0.00743
1598870308.827277660369873,0.00233,0.00012,0.00015,0.00258,0.00014,0.00123,0.00657
1598870308.861737489700317,0.00231,0.00009,0.00007,0.00333,0.00002,0.00095,0.00677
1598870308.934279918670654,0.00218,0.00009,0.00006,0.00347,0.00082,0.00093,0.00755
1598870308.993807077407837,0.00273,0.00011,0.00031,0.00352,0.00000,0.00078,0.00746
1598870309.028882265090942,0.00226,0.00011,0.00046,0.00365,0.00209,0.00081,0.00937
1598870309.094061613082886,0.00208,0.00010,0.00072,0.00388,0.00000,0.00082,0.00760
1598870309.128303050994873,0.00244,0.00024,0.00148,0.00405,0.00000,0.00122,0.00943
1598870309.163088083267212,0.00231,0.00009,0.00261,0.00380,0.00002,0.00080,0.00963
1598870309.195525407791138,0.00207,0.00006,0.00004,0.00378,0.00011,0.00076,0.00682
1598870309.229032039642334,0.00212,0.00016,0.00187,0.00348,0.00078,0.00100,0.00941
1598870309.261675119400024,0.00274,0.00023,0.00076,0.00402,0.00000,0.00122,0.00897
1598870309.294910669326782,0.00200,0.00012,0.00090,0.00394,0.00000,0.00073,0.00768
1598870309.328403472900391,0.00229,0.00011,0.00110,0.00376,0.00000,0.00078,0.00805
1598870309.362208604812622,0.00192,0.00006,0.00007,0.00379,0.00009,0.00075,0.00669
1598870309.395142316818237,0.00228,0.00010,0.00145,0.00371,0.00008,0.00076,0.00839
1598870309.434706211090088,0.00211,0.00016,0.00005,0.00379,0.00008,0.00111,0.00730
1598870309.495805501937866,0.00278,0.00023,0.00021,0.00293,0.00013,0.00117,0.00745
1598870309.528905630111694,0.00207,0.00008,0.00037,0.00301,0.00070,0.00075,0.00698
1598870309.566772460937500,0.00236,0.00008,0.00004,0.00280,0.00083,0.00103,0.00714
1598870309.629551172256470,0.00241,0.00011,0.00176,0.00301,0.00204,0.00098,0.01030
1598870309.665057420730591,0.00261,0.00019,0.00180,0.00383,0.00012,0.00105,0.00961
1598870309.699365377426147,0.00234,0.00006,0.00103,0.00367,0.00134,0.00105,0.00950
1598870309.762527227401733,0.00291,0.00014,0.00063,0.00379,0.00001,0.00084,0.00834
1598870309.803538322448730,0.00270,0.00023,0.00204,0.00392,0.00003,0.00125,0.01017
1598870309.863302946090698,0.00269,0.00014,0.00037,0.00336,0.00070,0.00082,0.00808
1598870309.898356676101685,0.00217,0.00007,0.00155,0.00347,0.00009,0.00080,0.00814
1598870309.930903196334839,0.00227,0.00014,0.00014,0.00350,0.00100,0.00132,0.00836
1598870309.995996236801147,0.00240,0.00014,0.00003,0.00298,0.00000,0.00089,0.00643
1598870310.029098033905029,0.00208,0.00006,0.00013,0.00294,0.00037,0.00112,0.00671
1598870310.062994480133057,0.00229,0.00009,0.00029,0.00337,0.00044,0.00081,0.00730
1598870310.096650362014771,0.00221,0.00006,0.00068,0.00336,0.00019,0.00083,0.00733
1598870310.131005764007568,0.00216,0.00011,0.00081,0.00337,0.00129,0.00096,0.00871
1598870310.163696050643921,0.00238,0.00009,0.00188,0.00359,0.00016,0.00086,0.00897
1598870310.197793245315552,0.00188,0.00011,0.00004,0.00348,0.00069,0.00071,0.00691
1598870310.233871936798096,0.00228,0.00023,0.00001,0.00362,0.00071,0.00106,0.00791
1598870310.268086910247803,0.00221,0.00015,0.00224,0.00350,0.00075,0.00095,0.00980
1598870310.301467180252075,0.00226,0.00009,0.00185,0.00380,0.00073,0.00099,0.00972
1598870310.365688800811768,0.00213,0.00007,0.00164,0.00381,0.00000,0.00082,0.00849
1598870310.398579835891724,0.00233,0.00010,0.00018,0.00372,0.00000,0.00100,0.00733
1598870310.430869817733765,0.00210,0.00010,0.00010,0.00349,0.00008,0.00100,0.00687
1598870310.465055942535400,0.00196,0.00006,0.00103,0.00327,0.00008,0.00083,0.00724
1598870310.498765707015991,0.00227,0.00007,0.00007,0.00333,0.00014,0.00082,0.00669
1598870310.531834840774536,0.00211,0.00011,0.00125,0.00350,0.00009,0.00082,0.00787
1598870310.565613985061646,0.00232,0.00012,0.00089,0.00401,0.00003,0.00088,0.00825
1598870310.599410295486450,0.00219,0.00042,0.00172,0.00350,0.00011,0.00114,0.00908
1598870310.632369995117188,0.00248,0.00015,0.00014,0.00371,0.00075,0.00094,0.00817
1598870310.665928840637207,0.00237,0.00009,0.00019,0.00393,0.00013,0.00084,0.00754
1598870310.699743986129761,0.00203,0.00007,0.00175,0.00342,0.00004,0.00080,0.00813
1598870310.733544588088989,0.00257,0.00028,0.00216,0.00353,0.00145,0.00127,0.01126
1598870310.767194271087646,0.00255,0.00009,0.00212,0.00358,0.00000,0.00075,0.00910
1598870310.800460100173950,0.00245,0.00010,0.00001,0.00359,0.00013,0.00083,0.00712
1598870310.834050178527832,0.00229,0.00008,0.00014,0.00351,0.00025,0.00105,0.00732
1598870310.868351697921753,0.00228,0.00009,0.00186,0.00407,0.00042,0.00080,0.00953
1598870310.901214838027954,0.00216,0.00015,0.00004,0.00419,0.00000,0.00099,0.00754
1598870310.935294151306152,0.00182,0.00007,0.00079,0.00397,0.00000,0.00071,0.00736
1598870310.968926668167114,0.00203,0.00006,0.00072,0.00394,0.00000,0.00069,0.00743
1598870311.001471281051636,0.00230,0.00009,0.00101,0.00401,0.00000,0.00106,0.00847
1598870311.035101175308228,0.00222,0.00008,0.00033,0.00389,0.00000,0.00107,0.00760
1598870311.069170713424683,0.00242,0.00010,0.00007,0.00389,0.00000,0.00078,0.00726
1598870311.102377176284790,0.00231,0.00012,0.00194,0.00363,0.00008,0.00104,0.00912
1598870311.136396884918213,0.00230,0.00008,0.00197,0.00388,0.00000,0.00077,0.00900
1598870311.169505834579468,0.00228,0.00008,0.00209,0.00380,0.00015,0.00079,0.00919
1598870311.204555749893188,0.00203,0.00007,0.00010,0.00389,0.00012,0.00073,0.00695
1598870311.237751007080078,0.00245,0.00023,0.00001,0.00398,0.00000,0.00148,0.00814
1598870311.270590305328369,0.00211,0.00009,0.00149,0.00385,0.00011,0.00083,0.00848
1598870311.303266048431396,0.00250,0.00011,0.00014,0.00376,0.00000,0.00083,0.00733
1598870311.335755586624146,0.00239,0.00008,0.00108,0.00369,0.00040,0.00107,0.00872
1598870311.369359254837036,0.00238,0.00016,0.00194,0.00400,0.00010,0.00103,0.00962
1598870311.405724763870239,0.00247,0.00011,0.00175,0.00379,0.00000,0.00089,0.00901
1598870311.439147710800171,0.00231,0.00007,0.00081,0.00374,0.00000,0.00082,0.00776
1598870311.503454446792603,0.00270,0.00012,0.00015,0.00362,0.00042,0.00117,0.00817
1598870311.536730051040649,0.00250,0.00010,0.00188,0.00371,0.00000,0.00083,0.00901
1598870311.569825649261475,0.00249,0.00028,0.00229,0.00342,0.00008,0.00162,0.01019
1598870311.603337287902832,0.00274,0.00013,0.00212,0.00368,0.00008,0.00098,0.00973
1598870311.644339799880981,0.00222,0.00009,0.00001,0.00295,0.00014,0.00115,0.00656
1598870311.706095457077026,0.00245,0.00010,0.00008,0.00337,0.00008,0.00089,0.00696
1598870311.738905668258667,0.00227,0.00007,0.00048,0.00362,0.00130,0.00081,0.00855
1598870311.771345853805542,0.00243,0.00010,0.00100,0.00383,0.00009,0.00085,0.00831
1598870311.805602073669434,0.00244,0.00014,0.00141,0.00411,0.00009,0.00085,0.00903
1598870311.840499877929688,0.00264,0.00007,0.00214,0.00409,0.00000,0.00109,0.01004
1598870311.873608350753784,0.00246,0.00008,0.00183,0.00382,0.00000,0.00091,0.00909
1598870311.936642885208130,0.00268,0.00012,0.00051,0.00358,0.00009,0.00077,0.00774
1598870311.970481872558594,0.00201,0.00007,0.00003,0.00403,0.00008,0.00096,0.00718
1598870312.003279685974121,0.00244,0.00011,0.00203,0.00386,0.00016,0.00088,0.00949
1598870312.036343574523926,0.00216,0.00010,0.00184,0.00428,0.00070,0.00084,0.00992
1598870312.070048809051514,0.00230,0.00013,0.00216,0.00429,0.00000,0.00106,0.00994
1598870312.102900981903076,0.00266,0.00010,0.00018,0.00372,0.00000,0.00160,0.00827
1598870312.136924505233765,0.00243,0.00012,0.00010,0.00371,0.00008,0.00102,0.00747
1598870312.170759439468384,0.00222,0.00010,0.00007,0.00371,0.00009,0.00104,0.00723
1598870312.204224348068237,0.00240,0.00015,0.00006,0.00368,0.00068,0.00102,0.00799
1598870312.237267494201660,0.00214,0.00009,0.00264,0.00364,0.00016,0.00077,0.00945
1598870312.271296262741089,0.00220,0.00006,0.00207,0.00388,0.00034,0.00079,0.00934
1598870312.304015159606934,0.00233,0.00010,0.00161,0.00373,0.00067,0.00080,0.00924
1598870312.337990283966064,0.00171,0.00011,0.00040,0.00388,0.00000,0.00073,0.00684
1598870312.371547937393188,0.00214,0.00010,0.00003,0.00396,0.00000,0.00072,0.00695
1598870312.437379837036133,0.00237,0.00012,0.00187,0.00380,0.00009,0.00116,0.00942
1598870312.471145629882812,0.00222,0.00011,0.00207,0.00361,0.00009,0.00073,0.00883
1598870312.503565073013306,0.00261,0.00015,0.00264,0.00384,0.00015,0.00118,0.01057
1598870312.538206815719604,0.00232,0.00007,0.00017,0.00399,0.00000,0.00078,0.00733
1598870312.570926904678345,0.00227,0.00016,0.00001,0.00401,0.00000,0.00116,0.00760
1598870312.607762098312378,0.00223,0.00008,0.00045,0.00378,0.00000,0.00082,0.00736
1598870312.672190666198730,0.00244,0.00010,0.00001,0.00367,0.00000,0.00076,0.00698
1598870312.707161664962769,0.00202,0.00013,0.00319,0.00351,0.00008,0.00096,0.00989
1598870312.740049839019775,0.00205,0.00008,0.00100,0.00365,0.00129,0.00078,0.00886
1598870312.772433519363403,0.00266,0.00010,0.00166,0.00366,0.00000,0.00112,0.00920
1598870312.806657075881958,0.00254,0.00010,0.00002,0.00368,0.00042,0.00088,0.00764
1598870312.871666193008423,0.00234,0.00008,0.00009,0.00409,0.00016,0.00108,0.00783
1598870312.904595136642456,0.00219,0.00014,0.00190,0.00410,0.00015,0.00088,0.00936
1598870312.939159870147705,0.00218,0.00007,0.00185,0.00383,0.00000,0.00080,0.00874
1598870312.974495887756348,0.00246,0.00012,0.00221,0.00395,0.00000,0.00100,0.00974
1598870313.038657665252686,0.00264,0.00014,0.00004,0.00408,0.00000,0.00110,0.00801
1598870313.072369337081909,0.00221,0.00006,0.00001,0.00408,0.00000,0.00083,0.00718
1598870313.104805946350098,0.00207,0.00008,0.00001,0.00392,0.00000,0.00084,0.00692
1598870313.139802932739258,0.00225,0.00009,0.00013,0.00393,0.00011,0.00105,0.00756
1598870313.172287702560425,0.00229,0.00006,0.00330,0.00383,0.00000,0.00103,0.01051
1598870313.211007118225098,0.00215,0.00013,0.00039,0.00386,0.00008,0.00072,0.00734
1598870313.275018215179443,0.00249,0.00012,0.00365,0.00404,0.00000,0.00112,0.01143
1598870313.341583728790283,0.00263,0.00013,0.00001,0.00404,0.00000,0.00089,0.00770
1598870313.375006198883057,0.00209,0.00007,0.00001,0.00393,0.00000,0.00086,0.00696
1598870313.440070867538452,0.00231,0.00017,0.00187,0.00374,0.00000,0.00101,0.00910
1598870313.472726345062256,0.00225,0.00010,0.00206,0.00383,0.00000,0.00086,0.00910
1598870313.505485296249390,0.00233,0.00011,0.00219,0.00362,0.00018,0.00085,0.00926
1598870313.540045976638794,0.00188,0.00008,0.00003,0.00392,0.00003,0.00082,0.00676
1598870313.574217557907104,0.00242,0.00006,0.00001,0.00398,0.00000,0.00097,0.00744
1598870313.609851598739624,0.00244,0.00010,0.00001,0.00371,0.00000,0.00092,0.00718
1598870313.675301790237427,0.00243,0.00013,0.00009,0.00400,0.00009,0.00108,0.00782
1598870313.711969852447510,0.00206,0.00011,0.00301,0.00361,0.00051,0.00095,0.01026
1598870313.774375915527344,0.00237,0.00010,0.00001,0.00382,0.00043,0.00102,0.00776
1598870313.808132648468018,0.00196,0.00006,0.00316,0.00378,0.00068,0.00086,0.01049
1598870313.841307640075684,0.00225,0.00012,0.00001,0.00418,0.00000,0.00109,0.00764
1598870313.875168800354004,0.00245,0.00011,0.00001,0.00384,0.00000,0.00115,0.00757
1598870313.909787654876709,0.00238,0.00023,0.00181,0.00407,0.00000,0.00142,0.00991
1598870313.942286014556885,0.00239,0.00013,0.00195,0.00378,0.00008,0.00108,0.00941
1598870313.976833820343018,0.00215,0.00006,0.00162,0.00396,0.00000,0.00086,0.00864
1598870314.009701013565063,0.00236,0.00008,0.00078,0.00387,0.00000,0.00106,0.00815
1598870314.042719602584839,0.00223,0.00008,0.00001,0.00393,0.00000,0.00085,0.00711
1598870314.077354669570923,0.00235,0.00009,0.00001,0.00427,0.00000,0.00105,0.00777
1598870314.110677003860474,0.00196,0.00009,0.00001,0.00405,0.00000,0.00080,0.00692
1598870314.143368721008301,0.00237,0.00014,0.00285,0.00384,0.00012,0.00113,0.01046
1598870314.177389621734619,0.00210,0.00006,0.00001,0.00367,0.00003,0.00083,0.00670
1598870314.210712909698486,0.00208,0.00015,0.00286,0.00349,0.00077,0.00096,0.01031
1598870314.244174480438232,0.00201,0.00007,0.00005,0.00378,0.00008,0.00074,0.00674
1598870314.277751684188843,0.00230,0.00016,0.00008,0.00451,0.00008,0.00086,0.00800
1598870314.311187267303467,0.00224,0.00021,0.00175,0.00406,0.00000,0.00116,0.00942
1598870314.343600749969482,0.00250,0.00010,0.00199,0.00396,0.00000,0.00074,0.00930
1598870314.382805585861206,0.00215,0.00010,0.00179,0.00403,0.00000,0.00074,0.00881
1598870314.444115877151489,0.00271,0.00013,0.00100,0.00401,0.00000,0.00112,0.00897
1598870314.479279279708862,0.00251,0.00016,0.00001,0.00428,0.00000,0.00109,0.00805
1598870314.543797731399536,0.00236,0.00014,0.00001,0.00421,0.00000,0.00104,0.00776
1598870314.577513217926025,0.00249,0.00008,0.00001,0.00393,0.00000,0.00111,0.00762
1598870314.611266613006592,0.00219,0.00009,0.00321,0.00366,0.00017,0.00083,0.01014
1598870314.677778959274292,0.00233,0.00022,0.00072,0.00406,0.00000,0.00122,0.00854
1598870314.712908983230591,0.00250,0.00015,0.00284,0.00405,0.00000,0.00105,0.01059
1598870314.777567148208618,0.00234,0.00008,0.00001,0.00443,0.00000,0.00111,0.00797
1598870314.810592651367188,0.00264,0.00012,0.00001,0.00410,0.00000,0.00087,0.00775
1598870314.843976259231567,0.00199,0.00009,0.00183,0.00383,0.00000,0.00154,0.00928
1598870314.878712177276611,0.00229,0.00014,0.00165,0.00378,0.00071,0.00097,0.00955
1598870314.911251783370972,0.00212,0.00006,0.00211,0.00404,0.00016,0.00108,0.00956
1598870314.945108175277710,0.00217,0.00010,0.00010,0.00397,0.00001,0.00109,0.00743
1598870315.010566234588623,0.00235,0.00043,0.00019,0.00359,0.00009,0.00154,0.00818
1598870315.045556783676147,0.00215,0.00013,0.00001,0.00391,0.00000,0.00081,0.00700
1598870315.077970981597900,0.00236,0.00006,0.00006,0.00376,0.00008,0.00081,0.00714
1598870315.113107204437256,0.00217,0.00015,0.00278,0.00396,0.00081,0.00084,0.01071
1598870315.178032875061035,0.00212,0.00009,0.00001,0.00366,0.00003,0.00082,0.00673
1598870315.210788011550903,0.00215,0.00015,0.00236,0.00360,0.00077,0.00081,0.00984
1598870315.244375467300415,0.00193,0.00007,0.00003,0.00378,0.00008,0.00080,0.00669
1598870315.277579545974731,0.00230,0.00013,0.00001,0.00389,0.00000,0.00110,0.00742
1598870315.312713623046875,0.00197,0.00009,0.00171,0.00384,0.00003,0.00107,0.00872
1598870315.345695018768311,0.00208,0.00014,0.00108,0.00367,0.00059,0.00111,0.00866
1598870315.378303050994873,0.00257,0.00014,0.00081,0.00437,0.00000,0.00111,0.00899
1598870315.411378860473633,0.00215,0.00006,0.00071,0.00458,0.00000,0.00101,0.00850
1598870315.444573640823364,0.00233,0.00010,0.00001,0.00396,0.00000,0.00129,0.00768
1598870315.478561639785767,0.00248,0.00009,0.00001,0.00398,0.00000,0.00115,0.00770
1598870315.511391401290894,0.00236,0.00009,0.00001,0.00397,0.00000,0.00150,0.00793
1598870315.545000553131104,0.00196,0.00010,0.00291,0.00368,0.00014,0.00080,0.00959
1598870315.578975677490234,0.00265,0.00009,0.00008,0.00388,0.00009,0.00112,0.00792
1598870315.644876241683960,0.00229,0.00012,0.00216,0.00393,0.00000,0.00083,0.00932
1598870315.678961753845215,0.00254,0.00011,0.00001,0.00432,0.00000,0.00111,0.00809
1598870315.711848258972168,0.00263,0.00011,0.00001,0.00404,0.00000,0.00083,0.00763
1598870315.745655775070190,0.00205,0.00009,0.00182,0.00390,0.00000,0.00097,0.00882
1598870315.779362440109253,0.00217,0.00012,0.00068,0.00389,0.00000,0.00082,0.00767
1598870315.813364267349243,0.00200,0.00008,0.00075,0.00387,0.00000,0.00077,0.00747
1598870315.846792221069336,0.00195,0.00009,0.00160,0.00376,0.00009,0.00084,0.00833
1598870315.880367755889893,0.00191,0.00006,0.00003,0.00393,0.00000,0.00083,0.00675
1598870315.913949251174927,0.00186,0.00009,0.00001,0.00379,0.00000,0.00083,0.00658
1598870315.948338270187378,0.00203,0.00006,0.00001,0.00376,0.00000,0.00082,0.00668
1598870315.981012582778931,0.00195,0.00008,0.00217,0.00394,0.00026,0.00084,0.00925
1598870316.017721891403198,0.00230,0.00008,0.00001,0.00390,0.00002,0.00084,0.00715
1598870316.050534963607788,0.00203,0.00006,0.00158,0.00365,0.00001,0.00086,0.00819
1598870316.085237979888916,0.00202,0.00008,0.00001,0.00407,0.00000,0.00080,0.00697
1598870316.117730140686035,0.00189,0.00012,0.00006,0.00368,0.00008,0.00082,0.00665
1598870316.149996995925903,0.00194,0.00010,0.00190,0.00378,0.00002,0.00088,0.00863
1598870316.183365821838379,0.00212,0.00006,0.00003,0.00421,0.00069,0.00083,0.00795
1598870316.215787649154663,0.00204,0.00006,0.00073,0.00400,0.00000,0.00090,0.00774
1598870316.254441261291504,0.00257,0.00007,0.00153,0.00401,0.00000,0.00089,0.00907
1598870316.318280220031738,0.00238,0.00009,0.00001,0.00401,0.00000,0.00096,0.00744
1598870316.350640773773193,0.00216,0.00009,0.00001,0.00404,0.00000,0.00086,0.00716
1598870316.386670112609863,0.00296,0.00017,0.00001,0.00429,0.00000,0.00111,0.00853
1598870316.419484138488770,0.00266,0.00010,0.00223,0.00386,0.00000,0.00102,0.00988
1598870316.485352993011475,0.00217,0.00011,0.00008,0.00460,0.00018,0.00122,0.00837
1598870316.518333196640015,0.00229,0.00012,0.00191,0.00416,0.00000,0.00092,0.00941
1598870316.552098274230957,0.00262,0.00011,0.00036,0.00420,0.00001,0.00111,0.00841
1598870316.586591005325317,0.00281,0.00010,0.00042,0.00387,0.00000,0.00119,0.00839
1598870316.619298219680786,0.00226,0.00007,0.00174,0.00357,0.00003,0.00090,0.00856
1598870316.652378320693970,0.00247,0.00015,0.00001,0.00364,0.00002,0.00135,0.00764
1598870316.686911582946777,0.00258,0.00010,0.00632,0.00357,0.00073,0.00085,0.01414
1598870316.719738960266113,0.00254,0.00017,0.00024,0.00376,0.00074,0.00118,0.00863
1598870316.753597259521484,0.00254,0.00008,0.00015,0.00385,0.00001,0.00118,0.00782
1598870316.787613630294800,0.00281,0.00010,0.00001,0.00352,0.00000,0.00093,0.00739
1598870316.820147991180420,0.00214,0.00005,0.00001,0.00366,0.00000,0.00092,0.00679
1598870316.855008363723755,0.00255,0.00007,0.00198,0.00352,0.00020,0.00092,0.00926
1598870316.889897584915161,0.00207,0.00006,0.00001,0.00404,0.00079,0.00108,0.00806
1598870316.957525730133057,0.00274,0.00012,0.00164,0.00376,0.00001,0.00160,0.00987
1598870316.990070104598999,0.00273,0.00007,0.00001,0.00390,0.00003,0.00091,0.00765
1598870317.023016929626465,0.00230,0.00050,0.00017,0.00389,0.00000,0.00153,0.00839
1598870317.055929899215698,0.00242,0.00014,0.00166,0.00366,0.00005,0.00091,0.00883
1598870317.090301036834717,0.00266,0.00009,0.00005,0.00353,0.00003,0.00087,0.00723
1598870317.123076677322388,0.00244,0.00010,0.00540,0.00347,0.00145,0.00089,0.01375
1598870317.161661863327026,0.00198,0.00007,0.00001,0.00368,0.00014,0.00083,0.00670
1598870317.227532625198364,0.00257,0.00015,0.00001,0.00378,0.00074,0.00115,0.00840
1598870317.259842872619629,0.00230,0.00007,0.00009,0.00368,0.00008,0.00089,0.00711
1598870317.293317317962646,0.00264,0.00016,0.00001,0.00384,0.00000,0.00109,0.00775
1598870317.362648963928223,0.00230,0.00009,0.00206,0.00350,0.00012,0.00085,0.00893
1598870317.430991649627686,0.00248,0.00012,0.00001,0.00369,0.00000,0.00108,0.00738
1598870317.497278690338135,0.00251,0.00011,0.00176,0.00309,0.00074,0.00091,0.00912
1598870317.562100172042847,0.00244,0.00012,0.00007,0.00332,0.00004,0.00094,0.00692
1598870317.627402544021606,0.00214,0.00010,0.00011,0.00319,0.00008,0.00093,0.00655
1598870317.660415649414062,0.00253,0.00015,0.00185,0.00330,0.00045,0.00110,0.00937
1598870317.696661233901978,0.00280,0.00019,0.00001,0.00347,0.00050,0.00121,0.00818
1598870317.761807680130005,0.00264,0.00012,0.00662,0.00343,0.00077,0.00096,0.01453
1598870317.796097517013550,0.00234,0.00020,0.00025,0.00339,0.00023,0.00121,0.00763
1598870317.829321146011353,0.00243,0.00009,0.00001,0.00335,0.00000,0.00085,0.00672
1598870317.867553710937500,0.00225,0.00019,0.00001,0.00342,0.00000,0.00136,0.00723
1598870317.929914474487305,0.00263,0.00012,0.00004,0.00326,0.00000,0.00091,0.00697
1598870317.963134050369263,0.00237,0.00018,0.00158,0.00320,0.00237,0.00125,0.01097
1598870317.997312307357788,0.00252,0.00011,0.00006,0.00379,0.00010,0.00092,0.00750
1598870318.031208276748657,0.00228,0.00021,0.00232,0.00378,0.00002,0.00124,0.00985
1598870318.066904067993164,0.00230,0.00009,0.00004,0.00384,0.00068,0.00088,0.00783
1598870318.131685018539429,0.00225,0.00023,0.00032,0.00435,0.00000,0.00134,0.00849
1598870318.165903091430664,0.00235,0.00010,0.00190,0.00394,0.00000,0.00089,0.00918
1598870318.198716878890991,0.00225,0.00006,0.00001,0.00383,0.00000,0.00127,0.00742
1598870318.231915235519409,0.00223,0.00007,0.00641,0.00428,0.00000,0.00082,0.01381
1598870318.266527414321899,0.00217,0.00006,0.00053,0.00395,0.00000,0.00084,0.00756
1598870318.299440860748291,0.00218,0.00007,0.00001,0.00392,0.00000,0.00090,0.00709
1598870318.333634853363037,0.00236,0.00022,0.00003,0.00384,0.00008,0.00118,0.00771
1598870318.366793394088745,0.00230,0.00008,0.00001,0.00414,0.00000,0.00091,0.00744
1598870318.401924610137939,0.00246,0.00015,0.00129,0.00390,0.00000,0.00107,0.00888
1598870318.440159082412720,0.00233,0.00010,0.00001,0.00420,0.00000,0.00110,0.00774
1598870318.503006696701050,0.00219,0.00010,0.00203,0.00397,0.00002,0.00116,0.00949
1598870318.536033868789673,0.00225,0.00009,0.00014,0.00359,0.00003,0.00108,0.00717
1598870318.571939945220947,0.00247,0.00017,0.00001,0.00341,0.00034,0.00127,0.00768
1598870318.636105775833130,0.00230,0.00009,0.00189,0.00358,0.00011,0.00089,0.00886
1598870318.669641017913818,0.00236,0.00020,0.00001,0.00359,0.00000,0.00137,0.00753
1598870318.702346324920654,0.00221,0.00006,0.00594,0.00354,0.00028,0.00083,0.01286
1598870318.735694646835327,0.00237,0.00022,0.00001,0.00453,0.00024,0.00130,0.00867
1598870318.768769502639771,0.00249,0.00007,0.00001,0.00373,0.00000,0.00079,0.00708
1598870318.804194211959839,0.00258,0.00009,0.00003,0.00377,0.00000,0.00107,0.00754
1598870318.836489915847778,0.00213,0.00006,0.00001,0.00412,0.00000,0.00090,0.00722
1598870318.870358228683472,0.00231,0.00006,0.00069,0.00366,0.00076,0.00088,0.00837
1598870318.903764724731445,0.00219,0.00008,0.00001,0.00371,0.00000,0.00086,0.00686
1598870318.937607288360596,0.00213,0.00006,0.00209,0.00360,0.00002,0.00088,0.00877
1598870318.970935344696045,0.00233,0.00008,0.00010,0.00370,0.00010,0.00087,0.00719
1598870319.004214048385620,0.00239,0.00010,0.00001,0.00361,0.00000,0.00087,0.00697
1598870319.038289070129395,0.00214,0.00015,0.00235,0.00352,0.00003,0.00114,0.00932
1598870319.071911334991455,0.00223,0.00010,0.00005,0.00360,0.00002,0.00084,0.00684
1598870319.105542421340942,0.00265,0.00011,0.00532,0.00349,0.00085,0.00094,0.01336
1598870319.140163660049438,0.00194,0.00009,0.00001,0.00379,0.00022,0.00089,0.00694
1598870319.205866098403931,0.00228,0.00012,0.00001,0.00421,0.00000,0.00110,0.00772
1598870319.239230155944824,0.00245,0.00009,0.00001,0.00401,0.00000,0.00108,0.00764
1598870319.273405790328979,0.00218,0.00009,0.00010,0.00352,0.00008,0.00088,0.00684
1598870319.306496858596802,0.00224,0.00006,0.00013,0.00364,0.00044,0.00092,0.00744
1598870319.340519666671753,0.00206,0.00007,0.00010,0.00374,0.00009,0.00089,0.00695
1598870319.374578237533569,0.00199,0.00009,0.00223,0.00388,0.00003,0.00107,0.00929
1598870319.408134460449219,0.00228,0.00008,0.00001,0.00380,0.00071,0.00086,0.00773
1598870319.440593719482422,0.00213,0.00011,0.00002,0.00358,0.00000,0.00110,0.00694
1598870319.476337909698486,0.00247,0.00010,0.00213,0.00378,0.00000,0.00103,0.00951
1598870319.509184360504150,0.00207,0.00008,0.00067,0.00419,0.00012,0.00092,0.00805
1598870319.542073488235474,0.00204,0.00008,0.00578,0.00364,0.00011,0.00085,0.01250
1598870319.576115369796753,0.00253,0.00009,0.00034,0.00371,0.00020,0.00104,0.00791
1598870319.609814167022705,0.00249,0.00010,0.00001,0.00409,0.00000,0.00114,0.00784
1598870319.644308328628540,0.00219,0.00013,0.00005,0.00400,0.00008,0.00082,0.00727
1598870319.676970720291138,0.00224,0.00011,0.00008,0.00372,0.00001,0.00109,0.00726
1598870319.709865331649780,0.00223,0.00006,0.00004,0.00367,0.00017,0.00087,0.00704
1598870319.743738174438477,0.00282,0.00009,0.00001,0.00363,0.00000,0.00107,0.00762
1598870319.777865409851074,0.00254,0.00008,0.00181,0.00346,0.00068,0.00085,0.00943
1598870319.811572790145874,0.00228,0.00008,0.00007,0.00363,0.00008,0.00119,0.00733
1598870319.878362178802490,0.00210,0.00011,0.00001,0.00374,0.00000,0.00083,0.00679
1598870319.911983489990234,0.00213,0.00012,0.00218,0.00361,0.00003,0.00088,0.00895
1598870319.946645975112915,0.00207,0.00006,0.00068,0.00348,0.00018,0.00083,0.00731
1598870319.979166269302368,0.00197,0.00009,0.00503,0.00363,0.00011,0.00081,0.01164
1598870320.013647079467773,0.00226,0.00010,0.00026,0.00390,0.00020,0.00108,0.00781
1598870320.079940080642700,0.00237,0.00015,0.00001,0.00432,0.00000,0.00116,0.00802
1598870320.112634420394897,0.00213,0.00008,0.00001,0.00374,0.00000,0.00113,0.00709
1598870320.147196769714355,0.00250,0.00010,0.00010,0.00397,0.00073,0.00089,0.00830
1598870320.179971933364868,0.00221,0.00015,0.00011,0.00431,0.00012,0.00104,0.00793
1598870320.214388370513916,0.00229,0.00010,0.00005,0.00366,0.00000,0.00092,0.00703
1598870320.246962785720825,0.00195,0.00006,0.00239,0.00366,0.00002,0.00089,0.00896
1598870320.281307935714722,0.00197,0.00006,0.00005,0.00398,0.00008,0.00082,0.00697
1598870320.314337968826294,0.00227,0.00006,0.00001,0.00348,0.00000,0.00092,0.00674
1598870320.349067211151123,0.00232,0.00006,0.00175,0.00324,0.00009,0.00083,0.00829
1598870320.382979869842529,0.00225,0.00006,0.00072,0.00326,0.00024,0.00085,0.00738
1598870320.415796756744385,0.00225,0.00006,0.00498,0.00399,0.00024,0.00113,0.01266
1598870320.449313402175903,0.00235,0.00010,0.00005,0.00347,0.00023,0.00086,0.00707
1598870320.482902288436890,0.00186,0.00006,0.00002,0.00342,0.00008,0.00083,0.00627
1598870320.515961647033691,0.00195,0.00009,0.00001,0.00342,0.00000,0.00086,0.00631
1598870320.549713850021362,0.00195,0.00007,0.00002,0.00344,0.00037,0.00085,0.00669
1598870320.583203792572021,0.00194,0.00009,0.00003,0.00382,0.00085,0.00115,0.00788
1598870320.623301506042480,0.00216,0.00009,0.00026,0.00351,0.00000,0.00100,0.00701
1598870320.684016466140747,0.00200,0.00015,0.00098,0.00341,0.00012,0.00096,0.00762
1598870320.717621564865112,0.00226,0.00013,0.00001,0.00332,0.00000,0.00108,0.00679
1598870320.751109123229980,0.00247,0.00008,0.00008,0.00321,0.00000,0.00103,0.00686
1598870320.785334587097168,0.00222,0.00006,0.00149,0.00310,0.00030,0.00080,0.00798
1598870320.819034337997437,0.00206,0.00009,0.00001,0.00338,0.00085,0.00110,0.00751
1598870320.852199792861938,0.00196,0.00006,0.00464,0.00333,0.00076,0.00072,0.01148
1598870320.886961936950684,0.00215,0.00014,0.00017,0.00399,0.00089,0.00078,0.00814
1598870320.919369697570801,0.00221,0.00014,0.00001,0.00382,0.00000,0.00108,0.00725
1598870320.952716350555420,0.00194,0.00006,0.00001,0.00365,0.00000,0.00088,0.00654
1598870320.987083196640015,0.00206,0.00015,0.00001,0.00382,0.00000,0.00104,0.00708
1598870321.020258426666260,0.00206,0.00010,0.00034,0.00404,0.00015,0.00086,0.00754
1598870321.053539991378784,0.00178,0.00008,0.00003,0.00376,0.00000,0.00086,0.00651
1598870321.088034868240356,0.00314,0.00016,0.00107,0.00377,0.00003,0.00102,0.00919
1598870321.120753049850464,0.00235,0.00012,0.00004,0.00398,0.00001,0.00083,0.00735
1598870321.154304265975952,0.00244,0.00010,0.00002,0.00358,0.00000,0.00085,0.00699
1598870321.188292741775513,0.00249,0.00008,0.00170,0.00352,0.00004,0.00126,0.00910
1598870321.221277475357056,0.00231,0.00010,0.00001,0.00354,0.00004,0.00087,0.00687
1598870321.255141735076904,0.00261,0.00008,0.00411,0.00353,0.00013,0.00104,0.01150
1598870321.289497852325439,0.00260,0.00014,0.00011,0.00352,0.00023,0.00111,0.00770
1598870321.322407007217407,0.00216,0.00007,0.00002,0.00339,0.00000,0.00093,0.00658
1598870321.355769634246826,0.00222,0.00016,0.00003,0.00423,0.00000,0.00116,0.00781
1598870321.390398979187012,0.00226,0.00013,0.00038,0.00342,0.00000,0.00115,0.00735
1598870321.423485517501831,0.00226,0.00009,0.00002,0.00343,0.00044,0.00086,0.00711
1598870321.457049131393433,0.00236,0.00008,0.00502,0.00343,0.00067,0.00103,0.01260
1598870321.491202831268311,0.00239,0.00011,0.00070,0.00410,0.00002,0.00109,0.00841
1598870321.531460762023926,0.00213,0.00009,0.00010,0.00363,0.00070,0.00105,0.00771
1598870321.591617822647095,0.00260,0.00012,0.00003,0.00389,0.00000,0.00111,0.00775
1598870321.624689340591431,0.00262,0.00011,0.00164,0.00373,0.00012,0.00086,0.00908
1598870321.659061670303345,0.00251,0.00010,0.00005,0.00473,0.00003,0.00104,0.00847
1598870321.692396163940430,0.00229,0.00009,0.00369,0.00362,0.00002,0.00108,0.01079
1598870321.725533723831177,0.00190,0.00006,0.00001,0.00407,0.00021,0.00091,0.00717
1598870321.759619235992432,0.00221,0.00019,0.00002,0.00379,0.00000,0.00114,0.00735
1598870321.793601512908936,0.00246,0.00009,0.00001,0.00364,0.00000,0.00087,0.00707
1598870321.826981067657471,0.00251,0.00008,0.00008,0.00382,0.00013,0.00119,0.00780
1598870321.860666513442993,0.00219,0.00006,0.00001,0.00368,0.00011,0.00093,0.00698
1598870321.894642353057861,0.00216,0.00009,0.00479,0.00362,0.00135,0.00095,0.01296
1598870321.927737712860107,0.00223,0.00013,0.00071,0.00424,0.00000,0.00085,0.00815
1598870321.961789608001709,0.00205,0.00007,0.00073,0.00385,0.00000,0.00086,0.00757
1598870321.995506286621094,0.00247,0.00016,0.00001,0.00411,0.00000,0.00104,0.00781
1598870322.028923034667969,0.00241,0.00007,0.00132,0.00426,0.00003,0.00121,0.00929
1598870322.062551498413086,0.00247,0.00014,0.00004,0.00389,0.00002,0.00108,0.00764
1598870322.096134901046753,0.00216,0.00008,0.00347,0.00378,0.00003,0.00090,0.01043
1598870322.129706859588623,0.00199,0.00010,0.00076,0.00410,0.00011,0.00095,0.00802
1598870322.163228511810303,0.00234,0.00008,0.00034,0.00422,0.00000,0.00109,0.00808
1598870322.197493314743042,0.00252,0.00011,0.00007,0.00372,0.00000,0.00091,0.00733
1598870322.264070034027100,0.00256,0.00012,0.00001,0.00371,0.00000,0.00096,0.00737
1598870322.297351121902466,0.00221,0.00016,0.00004,0.00481,0.00013,0.00113,0.00849
1598870322.330874681472778,0.00229,0.00008,0.00405,0.00363,0.00129,0.00100,0.01235
1598870322.364176034927368,0.00207,0.00008,0.00068,0.00401,0.00000,0.00089,0.00773
1598870322.398467779159546,0.00193,0.00006,0.00098,0.00422,0.00000,0.00113,0.00832
1598870322.431662082672119,0.00215,0.00007,0.00010,0.00401,0.00000,0.00086,0.00720
1598870322.465288162231445,0.00245,0.00011,0.00116,0.00384,0.00000,0.00087,0.00844
1598870322.499772548675537,0.00217,0.00013,0.00005,0.00414,0.00003,0.00093,0.00746
1598870322.566107511520386,0.00221,0.00015,0.00318,0.00373,0.00004,0.00105,0.01036
1598870322.603410959243774,0.00210,0.00010,0.00001,0.00381,0.00021,0.00084,0.00707
1598870322.668206691741943,0.00205,0.00008,0.00003,0.00379,0.00000,0.00085,0.00679
1598870322.707512140274048,0.00226,0.00009,0.00001,0.00377,0.00000,0.00135,0.00747
1598870322.769537687301636,0.00213,0.00013,0.00001,0.00391,0.00000,0.00103,0.00721
1598870322.803777933120728,0.00256,0.00015,0.00001,0.00385,0.00011,0.00103,0.00772
1598870322.837321519851685,0.00205,0.00010,0.00330,0.00341,0.00127,0.00084,0.01097
1598870322.902769565582275,0.00235,0.00012,0.00070,0.00369,0.00002,0.00090,0.00779
1598870322.936010122299194,0.00198,0.00009,0.00034,0.00368,0.00073,0.00084,0.00766
1598870323.006973266601562,0.00225,0.00010,0.00001,0.00405,0.00000,0.00083,0.00723
1598870323.068674325942993,0.00194,0.00008,0.00120,0.00396,0.00000,0.00088,0.00807
1598870323.102518558502197,0.00217,0.00009,0.00036,0.00385,0.00000,0.00086,0.00733
1598870323.137411355972290,0.00224,0.00009,0.00316,0.00377,0.00002,0.00083,0.01011
1598870323.169854640960693,0.00220,0.00006,0.00014,0.00382,0.00011,0.00084,0.00716
1598870323.234686851501465,0.00204,0.00011,0.00006,0.00376,0.00000,0.00089,0.00685
1598870323.269564151763916,0.00278,0.00015,0.00050,0.00370,0.00000,0.00109,0.00822
1598870323.335649967193604,0.00249,0.00012,0.00016,0.00361,0.00000,0.00105,0.00743
1598870323.369970321655273,0.00203,0.00008,0.00002,0.00361,0.00012,0.00088,0.00673
1598870323.402876615524292,0.00215,0.00006,0.00261,0.00363,0.00168,0.00081,0.01095
1598870323.436979055404663,0.00182,0.00011,0.00095,0.00386,0.00002,0.00085,0.00760
1598870323.501982927322388,0.00270,0.00016,0.00001,0.00400,0.00042,0.00100,0.00829
1598870323.534967660903931,0.00204,0.00014,0.00010,0.00405,0.00000,0.00078,0.00712
1598870323.569495916366577,0.00223,0.00009,0.00105,0.00403,0.00000,0.00110,0.00850
1598870323.636489868164062,0.00239,0.00010,0.00006,0.00352,0.00000,0.00082,0.00689
1598870323.669201374053955,0.00189,0.00006,0.00292,0.00337,0.00024,0.00076,0.00924
1598870323.703097820281982,0.00201,0.00010,0.00014,0.00380,0.00011,0.00083,0.00699
1598870323.736787796020508,0.00222,0.00008,0.00040,0.00373,0.00009,0.00125,0.00776
1598870323.807000160217285,0.00240,0.00007,0.00001,0.00395,0.00000,0.00081,0.00723
1598870323.868831872940063,0.00188,0.00008,0.00001,0.00431,0.00000,0.00085,0.00712
1598870323.901854276657104,0.00227,0.00006,0.00004,0.00362,0.00011,0.00080,0.00691
1598870323.939524412155151,0.00191,0.00006,0.00188,0.00362,0.00066,0.00082,0.00896
1598870324.001695394515991,0.00242,0.00011,0.00238,0.00366,0.00067,0.00082,0.01006
1598870324.039424419403076,0.00190,0.00006,0.00001,0.00395,0.00000,0.00083,0.00674
1598870324.106766223907471,0.00192,0.00008,0.00001,0.00432,0.00000,0.00083,0.00717
1598870324.168818950653076,0.00194,0.00008,0.00157,0.00343,0.00005,0.00085,0.00792
1598870324.202679395675659,0.00211,0.00006,0.00085,0.00313,0.00083,0.00083,0.00782
1598870324.236017465591431,0.00202,0.00009,0.00254,0.00356,0.00018,0.00081,0.00920
1598870324.270711183547974,0.00294,0.00007,0.00025,0.00367,0.00025,0.00104,0.00822
1598870324.303279638290405,0.00244,0.00009,0.00001,0.00410,0.00044,0.00138,0.00846
1598870324.337093353271484,0.00235,0.00011,0.00001,0.00454,0.00000,0.00080,0.00780
1598870324.369687318801880,0.00242,0.00010,0.00029,0.00424,0.00000,0.00132,0.00837
1598870324.439666986465454,0.00234,0.00014,0.00018,0.00439,0.00000,0.00098,0.00804
1598870324.501983404159546,0.00241,0.00012,0.00237,0.00400,0.00021,0.00089,0.01000
1598870324.541547060012817,0.00247,0.00011,0.00217,0.00360,0.00035,0.00102,0.00972
1598870324.604725122451782,0.00198,0.00010,0.00018,0.00368,0.00007,0.00136,0.00737
1598870324.638387203216553,0.00217,0.00015,0.00011,0.00383,0.00000,0.00101,0.00726
1598870324.702828168869019,0.00256,0.00012,0.00170,0.00379,0.00006,0.00109,0.00931
1598870324.736942291259766,0.00223,0.00014,0.00001,0.00388,0.00040,0.00150,0.00816
1598870324.769559860229492,0.00215,0.00012,0.00239,0.00379,0.00011,0.00136,0.00993
1598870324.802443504333496,0.00250,0.00013,0.00059,0.00418,0.00031,0.00081,0.00853
1598870324.838778495788574,0.00212,0.00010,0.00002,0.00432,0.00000,0.00085,0.00742
1598870324.902871370315552,0.00215,0.00012,0.00004,0.00379,0.00037,0.00085,0.00733
1598870324.936574935913086,0.00223,0.00011,0.00040,0.00371,0.00000,0.00078,0.00722
1598870324.969707727432251,0.00235,0.00013,0.00149,0.00371,0.00009,0.00102,0.00880
1598870325.003752231597900,0.00204,0.00013,0.00178,0.00380,0.00008,0.00100,0.00885
1598870325.037522554397583,0.00188,0.00007,0.00195,0.00391,0.00000,0.00077,0.00857
1598870325.070801258087158,0.00246,0.00012,0.00076,0.00395,0.00000,0.00103,0.00832
1598870325.103112697601318,0.00241,0.00015,0.00010,0.00440,0.00000,0.00100,0.00805
1598870325.138488054275513,0.00210,0.00012,0.00193,0.00383,0.00003,0.00080,0.00880
1598870325.203069448471069,0.00207,0.00010,0.00032,0.00370,0.00002,0.00081,0.00703
1598870325.236678838729858,0.00237,0.00012,0.00108,0.00373,0.00011,0.00077,0.00818
1598870325.269503593444824,0.00207,0.00013,0.00055,0.00379,0.00011,0.00083,0.00748
1598870325.302452087402344,0.00245,0.00016,0.00010,0.00430,0.00008,0.00102,0.00811
1598870325.335839033126831,0.00225,0.00006,0.00211,0.00373,0.00065,0.00083,0.00963
1598870325.370739698410034,0.00232,0.00009,0.00007,0.00399,0.00000,0.00107,0.00753
1598870325.438696622848511,0.00228,0.00013,0.00039,0.00429,0.00011,0.00101,0.00821
1598870325.476697921752930,0.00204,0.00016,0.00064,0.00378,0.00036,0.00096,0.00793
1598870325.539472341537476,0.00246,0.00012,0.00194,0.00353,0.00012,0.00094,0.00911
1598870325.603645324707031,0.00229,0.00008,0.00056,0.00282,0.00040,0.00082,0.00696
1598870325.642113208770752,0.00223,0.00006,0.00019,0.00374,0.00020,0.00082,0.00723
1598870325.704208850860596,0.00196,0.00011,0.00233,0.00373,0.00004,0.00101,0.00918
1598870325.738580226898193,0.00228,0.00008,0.00001,0.00365,0.00002,0.00101,0.00705
1598870325.772899389266968,0.00212,0.00006,0.00173,0.00332,0.00011,0.00079,0.00814
1598870325.840311765670776,0.00232,0.00008,0.00007,0.00325,0.00021,0.00077,0.00671
1598870325.872972011566162,0.00199,0.00006,0.00010,0.00308,0.00007,0.00080,0.00611
1598870325.907267332077026,0.00194,0.00006,0.00144,0.00361,0.00193,0.00082,0.00979
1598870325.942368268966675,0.00217,0.00006,0.00002,0.00384,0.00038,0.00081,0.00730
1598870326.006603002548218,0.00227,0.00010,0.00049,0.00389,0.00000,0.00080,0.00756
1598870326.040465116500854,0.00172,0.00008,0.00003,0.00353,0.00000,0.00073,0.00609
1598870326.105761051177979,0.00235,0.00011,0.00188,0.00369,0.00067,0.00085,0.00955
1598870326.139032602310181,0.00195,0.00010,0.00090,0.00396,0.00000,0.00110,0.00801
1598870326.178796291351318,0.00187,0.00007,0.00117,0.00358,0.00000,0.00083,0.00752
1598870326.241099596023560,0.00187,0.00008,0.00226,0.00346,0.00001,0.00068,0.00837
1598870326.274472475051880,0.00255,0.00013,0.00066,0.00346,0.00010,0.00073,0.00763
1598870326.307730436325073,0.00228,0.00011,0.00125,0.00399,0.00014,0.00094,0.00871
1598870326.341228485107422,0.00193,0.00006,0.00015,0.00372,0.00030,0.00081,0.00697
1598870326.377918958663940,0.00201,0.00008,0.00007,0.00356,0.00132,0.00082,0.00786
1598870326.441802263259888,0.00216,0.00014,0.00174,0.00351,0.00010,0.00096,0.00861
1598870326.475557327270508,0.00232,0.00012,0.00001,0.00359,0.00000,0.00074,0.00679
1598870326.515255451202393,0.00202,0.00007,0.00011,0.00350,0.00053,0.00073,0.00695
1598870326.579569816589355,0.00236,0.00013,0.00009,0.00374,0.00008,0.00101,0.00741
1598870326.643876075744629,0.00203,0.00010,0.00152,0.00360,0.00012,0.00112,0.00851
1598870326.678834915161133,0.00211,0.00008,0.00014,0.00357,0.00035,0.00072,0.00697
1598870326.713448286056519,0.00234,0.00012,0.00007,0.00367,0.00069,0.00074,0.00762
1598870326.777717113494873,0.00259,0.00010,0.00272,0.00379,0.00002,0.00121,0.01043
1598870326.811024188995361,0.00210,0.00012,0.00154,0.00371,0.00040,0.00096,0.00882
1598870326.845132827758789,0.00202,0.00007,0.00099,0.00385,0.00009,0.00071,0.00773
1598870326.878743171691895,0.00239,0.00009,0.00044,0.00400,0.00000,0.00100,0.00791
1598870326.912392377853394,0.00235,0.00009,0.00001,0.00402,0.00000,0.00123,0.00770
1598870326.945813655853271,0.00211,0.00010,0.00096,0.00390,0.00000,0.00081,0.00788
1598870326.979696989059448,0.00231,0.00006,0.00001,0.00398,0.00000,0.00121,0.00757
1598870327.016277551651001,0.00246,0.00011,0.00050,0.00387,0.00000,0.00086,0.00779
1598870327.080147981643677,0.00212,0.00008,0.00004,0.00407,0.00000,0.00121,0.00753
1598870327.113800525665283,0.00204,0.00007,0.00189,0.00386,0.00000,0.00082,0.00869
1598870327.149628639221191,0.00253,0.00012,0.00004,0.00404,0.00000,0.00141,0.00813
1598870327.218647718429565,0.00255,0.00011,0.00037,0.00366,0.00000,0.00077,0.00747
1598870327.282297134399414,0.00248,0.00013,0.00290,0.00363,0.00003,0.00138,0.01056
1598870327.315642833709717,0.00203,0.00006,0.00069,0.00360,0.00072,0.00072,0.00782
1598870327.350667953491211,0.00225,0.00007,0.00076,0.00408,0.00000,0.00126,0.00842
1598870327.383859395980835,0.00197,0.00008,0.00179,0.00391,0.00000,0.00079,0.00855
1598870327.416668891906738,0.00268,0.00012,0.00072,0.00413,0.00000,0.00164,0.00930
1598870327.450287818908691,0.00235,0.00006,0.00003,0.00394,0.00000,0.00081,0.00720
1598870327.483462095260620,0.00247,0.00011,0.00001,0.00436,0.00000,0.00125,0.00820
1598870327.517892122268677,0.00222,0.00008,0.00016,0.00398,0.00000,0.00087,0.00731
1598870327.550609588623047,0.00255,0.00013,0.00073,0.00361,0.00000,0.00121,0.00823
1598870327.584204673767090,0.00232,0.00012,0.00258,0.00355,0.00009,0.00102,0.00967
1598870327.618063449859619,0.00251,0.00010,0.00011,0.00362,0.00021,0.00125,0.00780
1598870327.654423952102661,0.00240,0.00014,0.00002,0.00380,0.00013,0.00103,0.00751
1598870327.719240427017212,0.00238,0.00013,0.00282,0.00358,0.00013,0.00124,0.01028
1598870327.752271890640259,0.00240,0.00015,0.00169,0.00376,0.00072,0.00104,0.00975
1598870327.790313243865967,0.00217,0.00011,0.00031,0.00404,0.00000,0.00144,0.00808
1598870327.852917432785034,0.00243,0.00014,0.00182,0.00387,0.00000,0.00102,0.00928
1598870327.887255907058716,0.00209,0.00012,0.00074,0.00394,0.00000,0.00147,0.00836
1598870327.920526504516602,0.00203,0.00006,0.00033,0.00415,0.00000,0.00073,0.00730
1598870327.953752994537354,0.00208,0.00006,0.00027,0.00390,0.00000,0.00119,0.00750
1598870327.987725257873535,0.00234,0.00010,0.00019,0.00390,0.00000,0.00084,0.00738
1598870328.021236658096313,0.00232,0.00012,0.00075,0.00411,0.00000,0.00141,0.00872
1598870328.054448127746582,0.00277,0.00010,0.00296,0.00367,0.00000,0.00088,0.01038
1598870328.091441631317139,0.00237,0.00012,0.00024,0.00349,0.00009,0.00133,0.00765
1598870328.155601024627686,0.00241,0.00018,0.00001,0.00354,0.00013,0.00106,0.00733
1598870328.192391157150269,0.00221,0.00006,0.00310,0.00358,0.00025,0.00142,0.01062
1598870328.260002374649048,0.00231,0.00011,0.00001,0.00374,0.00071,0.00089,0.00776
1598870328.322880983352661,0.00240,0.00008,0.00028,0.00358,0.00021,0.00113,0.00768
1598870328.366851091384888,0.00226,0.00010,0.00164,0.00370,0.00002,0.00082,0.00853
1598870328.426724433898926,0.00213,0.00008,0.00017,0.00353,0.00068,0.00126,0.00785
1598870328.462291955947876,0.00268,0.00012,0.00051,0.00353,0.00002,0.00088,0.00774
1598870328.525926589965820,0.00233,0.00012,0.00001,0.00363,0.00000,0.00142,0.00751
1598870328.560706853866577,0.00204,0.00007,0.00001,0.00350,0.00012,0.00075,0.00648
1598870328.626321077346802,0.00250,0.00013,0.00153,0.00328,0.00206,0.00146,0.01096
1598870328.660019874572754,0.00222,0.00014,0.00279,0.00357,0.00000,0.00099,0.00973
1598870328.696993112564087,0.00235,0.00007,0.00038,0.00346,0.00001,0.00113,0.00740
1598870328.730406999588013,0.00232,0.00009,0.00011,0.00374,0.00026,0.00077,0.00729
1598870328.796713829040527,0.00252,0.00011,0.00252,0.00354,0.00023,0.00127,0.01020
1598870328.831281423568726,0.00197,0.00006,0.00003,0.00355,0.00000,0.00083,0.00644
1598870328.897662878036499,0.00224,0.00008,0.00001,0.00353,0.00024,0.00117,0.00726
1598870328.930432558059692,0.00189,0.00006,0.00061,0.00340,0.00084,0.00082,0.00763
1598870328.995888471603394,0.00225,0.00007,0.00155,0.00332,0.00189,0.00123,0.01033
1598870329.029756546020508,0.00211,0.00006,0.00005,0.00372,0.00000,0.00081,0.00675
1598870329.063309907913208,0.00227,0.00006,0.00005,0.00367,0.00014,0.00105,0.00723
1598870329.096246719360352,0.00226,0.00006,0.00013,0.00407,0.00012,0.00082,0.00746
1598870329.131122589111328,0.00223,0.00007,0.00066,0.00368,0.00058,0.00105,0.00826
1598870329.163509130477905,0.00249,0.00006,0.00267,0.00358,0.00008,0.00082,0.00970
1598870329.197285890579224,0.00219,0.00007,0.00099,0.00380,0.00008,0.00105,0.00818
1598870329.232257604598999,0.00222,0.00006,0.00017,0.00368,0.00018,0.00107,0.00738
1598870329.298804998397827,0.00244,0.00012,0.00265,0.00389,0.00000,0.00114,0.01025
1598870329.333151578903198,0.00220,0.00007,0.00035,0.00335,0.00009,0.00112,0.00720
1598870329.372870445251465,0.00222,0.00010,0.00021,0.00361,0.00003,0.00106,0.00724
1598870329.434912919998169,0.00247,0.00013,0.00103,0.00344,0.00023,0.00103,0.00832
1598870329.500066995620728,0.00323,0.00012,0.00046,0.00373,0.00073,0.00117,0.00943
1598870329.535329818725586,0.00245,0.00007,0.00008,0.00410,0.00000,0.00085,0.00755
1598870329.602028369903564,0.00233,0.00008,0.00009,0.00411,0.00000,0.00109,0.00771
1598870329.635670661926270,0.00236,0.00006,0.00037,0.00383,0.00000,0.00088,0.00750
1598870329.707898139953613,0.00283,0.00012,0.00005,0.00384,0.00053,0.00120,0.00858
1598870329.771247148513794,0.00237,0.00014,0.00246,0.00384,0.00020,0.00100,0.01001
1598870329.838036298751831,0.00262,0.00013,0.00075,0.00394,0.00041,0.00129,0.00914
1598870329.906509160995483,0.00268,0.00012,0.00006,0.00409,0.00000,0.00094,0.00789
1598870329.974184989929199,0.00270,0.00014,0.00250,0.00372,0.00000,0.00109,0.01016
1598870330.038840770721436,0.00255,0.00011,0.00022,0.00375,0.00009,0.00081,0.00753
1598870330.072321176528931,0.00276,0.00013,0.00030,0.00419,0.00000,0.00210,0.00949
1598870330.105909585952759,0.00243,0.00008,0.00530,0.00440,0.00014,0.00101,0.01337
1598870330.139100074768066,0.00231,0.00010,0.00001,0.00423,0.00041,0.00107,0.00813
1598870330.202828407287598,0.00259,0.00010,0.00015,0.00417,0.00008,0.00105,0.00815
1598870330.237081050872803,0.00226,0.00006,0.00001,0.00429,0.00000,0.00110,0.00772
1598870330.271559715270996,0.00264,0.00012,0.00018,0.00429,0.00000,0.00106,0.00829
1598870330.338287830352783,0.00281,0.00012,0.00001,0.00437,0.00000,0.00130,0.00862
1598870330.372491598129272,0.00231,0.00007,0.00205,0.00425,0.00000,0.00096,0.00963
1598870330.438556432723999,0.00229,0.00008,0.00066,0.00395,0.00000,0.00125,0.00822
1598870330.503334522247314,0.00220,0.00008,0.00030,0.00388,0.00002,0.00085,0.00734
1598870330.540987968444824,0.00214,0.00006,0.00218,0.00380,0.00018,0.00107,0.00945
1598870330.574862718582153,0.00214,0.00006,0.00003,0.00421,0.00068,0.00090,0.00802
1598870330.637179851531982,0.00224,0.00007,0.00048,0.00415,0.00000,0.00125,0.00820
1598870330.670197725296021,0.00217,0.00006,0.00518,0.00411,0.00000,0.00082,0.01234
1598870330.708435773849487,0.00220,0.00006,0.00001,0.00414,0.00000,0.00111,0.00753
1598870330.743154048919678,0.00232,0.00006,0.00003,0.00454,0.00000,0.00083,0.00778
1598870330.806937694549561,0.00245,0.00014,0.00001,0.00416,0.00000,0.00130,0.00807
1598870330.839833021163940,0.00252,0.00011,0.00027,0.00402,0.00009,0.00104,0.00805
1598870330.872421503067017,0.00220,0.00011,0.00001,0.00413,0.00000,0.00131,0.00777
1598870330.907062768936157,0.00242,0.00011,0.00214,0.00416,0.00000,0.00088,0.00971
1598870330.939429521560669,0.00206,0.00007,0.00006,0.00409,0.00000,0.00102,0.00729
1598870330.972162008285522,0.00241,0.00010,0.00016,0.00429,0.00000,0.00081,0.00778
1598870331.006123781204224,0.00264,0.00011,0.00224,0.00394,0.00000,0.00114,0.01008
1598870331.040701627731323,0.00225,0.00007,0.00001,0.00403,0.00000,0.00080,0.00715
1598870331.103490591049194,0.00250,0.00012,0.00037,0.00418,0.00008,0.00124,0.00850
1598870331.138528585433960,0.00229,0.00006,0.00557,0.00369,0.00000,0.00085,0.01246
1598870331.172584056854248,0.00233,0.00006,0.00001,0.00378,0.00000,0.00109,0.00727
1598870331.205931425094604,0.00230,0.00007,0.00005,0.00365,0.00015,0.00084,0.00705
1598870331.242768049240112,0.00220,0.00006,0.00001,0.00411,0.00000,0.00123,0.00762
1598870331.305791616439819,0.00236,0.00014,0.00001,0.00415,0.00014,0.00105,0.00785
1598870331.338178873062134,0.00230,0.00011,0.00001,0.00415,0.00000,0.00126,0.00783
1598870331.371766805648804,0.00246,0.00011,0.00190,0.00398,0.00039,0.00103,0.00988
1598870331.404920339584351,0.00222,0.00013,0.00005,0.00435,0.00000,0.00117,0.00792
1598870331.438596963882446,0.00225,0.00011,0.00016,0.00464,0.00000,0.00090,0.00807
1598870331.472020626068115,0.00225,0.00007,0.00216,0.00405,0.00000,0.00102,0.00955
1598870331.505909919738770,0.00259,0.00011,0.00001,0.00421,0.00000,0.00103,0.00795
1598870331.539671182632446,0.00211,0.00006,0.00051,0.00446,0.00000,0.00134,0.00849
1598870331.575492143630981,0.00247,0.00011,0.00309,0.00412,0.00000,0.00095,0.01075
1598870331.610968351364136,0.00217,0.00012,0.00001,0.00419,0.00000,0.00111,0.00760
1598870331.671972036361694,0.00244,0.00013,0.00010,0.00442,0.00000,0.00115,0.00826
1598870331.705291032791138,0.00249,0.00012,0.00001,0.00416,0.00000,0.00109,0.00787
1598870331.739475727081299,0.00215,0.00006,0.00019,0.00407,0.00000,0.00077,0.00724
1598870331.771791458129883,0.00222,0.00007,0.00001,0.00394,0.00000,0.00099,0.00723
1598870331.804155588150024,0.00237,0.00011,0.00196,0.00382,0.00008,0.00101,0.00935
1598870331.839407205581665,0.00227,0.00012,0.00004,0.00410,0.00003,0.00131,0.00786
1598870331.872039556503296,0.00257,0.00011,0.00001,0.00407,0.00071,0.00106,0.00855
1598870331.906092643737793,0.00220,0.00006,0.00218,0.00416,0.00000,0.00125,0.00986
1598870331.939488887786865,0.00232,0.00011,0.00001,0.00427,0.00000,0.00099,0.00770
1598870331.975103378295898,0.00247,0.00011,0.00059,0.00421,0.00000,0.00103,0.00842
1598870332.008029222488403,0.00214,0.00007,0.00264,0.00407,0.00000,0.00079,0.00972
1598870332.041913509368896,0.00237,0.00010,0.00001,0.00416,0.00000,0.00103,0.00766
1598870332.104790210723877,0.00245,0.00013,0.00003,0.00423,0.00000,0.00103,0.00787
1598870332.139839887619019,0.00208,0.00006,0.00002,0.00418,0.00000,0.00109,0.00743
1598870332.172419786453247,0.00219,0.00006,0.00015,0.00412,0.00000,0.00083,0.00736
1598870332.206039428710938,0.00229,0.00013,0.00001,0.00428,0.00000,0.00131,0.00802
1598870332.243450403213501,0.00238,0.00011,0.00179,0.00410,0.00000,0.00102,0.00940
1598870332.305664777755737,0.00203,0.00008,0.00005,0.00418,0.00000,0.00108,0.00743
1598870332.339599132537842,0.00209,0.00006,0.00001,0.00401,0.00000,0.00084,0.00700
1598870332.372795581817627,0.00196,0.00006,0.00224,0.00431,0.00000,0.00110,0.00967
1598870332.405492305755615,0.00231,0.00006,0.00001,0.00410,0.00000,0.00082,0.00730
1598870332.443566799163818,0.00213,0.00006,0.00037,0.00394,0.00000,0.00106,0.00755
1598870332.507679462432861,0.00239,0.00014,0.00280,0.00382,0.00010,0.00094,0.01018
1598870332.541138410568237,0.00230,0.00011,0.00010,0.00411,0.00009,0.00126,0.00796
1598870332.574877738952637,0.00221,0.00006,0.00003,0.00436,0.00000,0.00092,0.00757
1598870332.640601634979248,0.00216,0.00012,0.00001,0.00434,0.00000,0.00108,0.00771
1598870332.673175811767578,0.00245,0.00012,0.00020,0.00465,0.00000,0.00086,0.00827
1598870332.705467700958252,0.00227,0.00010,0.00001,0.00416,0.00000,0.00131,0.00785
1598870332.739946365356445,0.00211,0.00007,0.00170,0.00398,0.00000,0.00086,0.00872
1598870332.772272586822510,0.00243,0.00010,0.00011,0.00395,0.00010,0.00104,0.00772
1598870332.805866003036499,0.00233,0.00012,0.00001,0.00448,0.00000,0.00102,0.00797
1598870332.841584920883179,0.00247,0.00011,0.00210,0.00390,0.00000,0.00124,0.00983
1598870332.875817537307739,0.00234,0.00012,0.00001,0.00416,0.00000,0.00100,0.00764
1598870332.908104896545410,0.00240,0.00013,0.00008,0.00425,0.00003,0.00101,0.00789
1598870332.942329883575439,0.00212,0.00007,0.00260,0.00379,0.00067,0.00079,0.01005
1598870333.006680727005005,0.00238,0.00011,0.00001,0.00403,0.00000,0.00119,0.00772
1598870333.041488885879517,0.00204,0.00007,0.00006,0.00401,0.00009,0.00100,0.00727
1598870333.106528520584106,0.00237,0.00014,0.00010,0.00422,0.00001,0.00147,0.00831
1598870333.140492916107178,0.00224,0.00013,0.00011,0.00452,0.00013,0.00100,0.00813
1598870333.205666303634644,0.00235,0.00014,0.00001,0.00408,0.00000,0.00128,0.00785
1598870333.240693092346191,0.00218,0.00012,0.00167,0.00393,0.00038,0.00101,0.00928
1598870333.305736780166626,0.00252,0.00010,0.00084,0.00386,0.00008,0.00140,0.00880
1598870333.345168113708496,0.00211,0.00013,0.00001,0.00404,0.00000,0.00100,0.00729
1598870333.410752058029175,0.00232,0.00012,0.00231,0.00393,0.00008,0.00122,0.00999
1598870333.474679231643677,0.00213,0.00007,0.00005,0.00381,0.00001,0.00082,0.00688
1598870333.508685350418091,0.00220,0.00006,0.00062,0.00399,0.00004,0.00107,0.00798
1598870333.573864459991455,0.00239,0.00018,0.00368,0.00376,0.00005,0.00101,0.01107
1598870333.640991926193237,0.00251,0.00015,0.00002,0.00392,0.00000,0.00129,0.00789
1598870333.706491708755493,0.00209,0.00008,0.00001,0.00365,0.00002,0.00081,0.00665
1598870333.741093635559082,0.00211,0.00006,0.00001,0.00362,0.00036,0.00111,0.00726
1598870333.811278581619263,0.00248,0.00012,0.00004,0.00366,0.00020,0.00090,0.00740
1598870333.874471426010132,0.00215,0.00008,0.00001,0.00378,0.00000,0.00108,0.00710
1598870333.909471273422241,0.00206,0.00006,0.00034,0.00406,0.00166,0.00109,0.00928
1598870333.975662231445312,0.00234,0.00012,0.00155,0.00402,0.00000,0.00128,0.00931
1598870334.010090351104736,0.00226,0.00007,0.00001,0.00438,0.00000,0.00082,0.00753
1598870334.043102264404297,0.00210,0.00006,0.00216,0.00403,0.00008,0.00104,0.00947
1598870334.106612443923950,0.00227,0.00008,0.00067,0.00418,0.00000,0.00084,0.00804
1598870334.140705347061157,0.00229,0.00006,0.00068,0.00416,0.00000,0.00108,0.00827
1598870334.174647092819214,0.00212,0.00006,0.00458,0.00421,0.00000,0.00080,0.01177
1598870334.207264900207520,0.00221,0.00006,0.00001,0.00450,0.00000,0.00106,0.00783
1598870334.241078138351440,0.00235,0.00014,0.00005,0.00421,0.00000,0.00102,0.00776
1598870334.277461290359497,0.00221,0.00006,0.00001,0.00409,0.00000,0.00095,0.00732
1598870334.342481136322021,0.00245,0.00013,0.00026,0.00420,0.00001,0.00101,0.00807
1598870334.376598834991455,0.00220,0.00013,0.00001,0.00400,0.00000,0.00126,0.00759
1598870334.440982580184937,0.00242,0.00013,0.00008,0.00418,0.00043,0.00098,0.00822
1598870334.473379611968994,0.00212,0.00006,0.00099,0.00446,0.00000,0.00150,0.00913
1598870334.507766485214233,0.00220,0.00008,0.00001,0.00443,0.00000,0.00083,0.00755
1598870334.544022321701050,0.00289,0.00008,0.00219,0.00400,0.00000,0.00106,0.01021
1598870334.607617139816284,0.00287,0.00012,0.00071,0.00424,0.00000,0.00106,0.00900
1598870334.641795158386230,0.00239,0.00007,0.00146,0.00431,0.00000,0.00151,0.00973
1598870334.678798675537109,0.00243,0.00010,0.00414,0.00407,0.00067,0.00088,0.01228
1598870334.711206912994385,0.00279,0.00009,0.00001,0.00438,0.00000,0.00159,0.00885
1598870334.777946710586548,0.00271,0.00010,0.00020,0.00426,0.00000,0.00090,0.00817
1598870334.810336589813232,0.00236,0.00007,0.00001,0.00412,0.00000,0.00109,0.00764
1598870334.874705076217651,0.00255,0.00008,0.00075,0.00403,0.00000,0.00084,0.00825
1598870334.912781000137329,0.00242,0.00007,0.00003,0.00436,0.00001,0.00124,0.00812
1598870334.974001169204712,0.00241,0.00007,0.00001,0.00397,0.00000,0.00084,0.00731
1598870335.010980606079102,0.00254,0.00007,0.00123,0.00382,0.00035,0.00102,0.00903
1598870335.077524900436401,0.00361,0.00007,0.00377,0.00406,0.00062,0.00139,0.01354
1598870335.141490697860718,0.00314,0.00012,0.00195,0.00392,0.00000,0.00118,0.01032
1598870335.175372362136841,0.00252,0.00007,0.00001,0.00405,0.00068,0.00095,0.00828
1598870335.208598613739014,0.00276,0.00012,0.00133,0.00410,0.00000,0.00139,0.00970
1598870335.241250753402710,0.00271,0.00007,0.00404,0.00397,0.00000,0.00094,0.01173
1598870335.274230241775513,0.00272,0.00011,0.00003,0.00419,0.00000,0.00143,0.00847
1598870335.307557821273804,0.00270,0.00009,0.00024,0.00388,0.00002,0.00087,0.00780
1598870335.342293739318848,0.00264,0.00006,0.00003,0.00375,0.00008,0.00120,0.00776
1598870335.375429391860962,0.00263,0.00006,0.00068,0.00387,0.00010,0.00093,0.00828
1598870335.409590005874634,0.00272,0.00006,0.00003,0.00019,0.00014,0.00138,0.00451
1598870335.442754983901978,0.00301,0.00015,0.00064,0.00020,0.00002,0.00117,0.00519
1598870335.475305795669556,0.00275,0.00007,0.00383,0.00000,0.00082,0.00111,0.00857
1598870335.510475397109985,0.00275,0.00007,0.00012,0.00006,0.00033,0.00118,0.00452
1598870335.578326702117920,0.00233,0.00007,0.00001,0.00005,0.00042,0.00092,0.00380
1598870335.642853260040283,0.00262,0.00009,0.00021,0.00000,0.00024,0.00102,0.00419
1598870335.676426172256470,0.00220,0.00007,0.00007,0.00018,0.00020,0.00095,0.00369
1598870335.715111017227173,0.00240,0.00008,0.00006,0.00019,0.00116,0.00102,0.00490
1598870335.775195121765137,0.00266,0.00009,0.00006,0.00017,0.00000,0.00110,0.00408
1598870335.808726787567139,0.00241,0.00006,0.00001,0.00018,0.00000,0.00093,0.00358
1598870335.843320846557617,0.00242,0.00005,0.00003,0.00015,0.00009,0.00091,0.00366
1598870335.876920223236084,0.00238,0.00007,0.00006,0.00019,0.00031,0.00094,0.00395
1598870335.909274578094482,0.00217,0.00007,0.00008,0.00018,0.00022,0.00114,0.00387
1598870335.943386554718018,0.00221,0.00004,0.00001,0.00019,0.00032,0.00097,0.00374
1598870335.983043670654297,0.00209,0.00005,0.00351,0.00016,0.01978,0.00111,0.02671
1598870336.041996955871582,0.00260,0.00010,0.00180,0.00350,0.00036,0.00083,0.00919
1598870336.075425863265991,0.00283,0.00017,0.00138,0.00352,0.00000,0.00134,0.00925
1598870336.110370635986328,0.00284,0.00010,0.00072,0.00336,0.00000,0.00090,0.00793
1598870336.147713422775269,0.00262,0.00013,0.00127,0.00318,0.00000,0.00096,0.00816
1598870336.208780050277710,0.00249,0.00011,0.00283,0.00281,0.00067,0.00100,0.00991
1598870336.242558002471924,0.00237,0.00010,0.00004,0.00293,0.00002,0.00078,0.00625
1598870336.277100324630737,0.00241,0.00009,0.00009,0.00276,0.00002,0.00078,0.00616
1598870336.310301065444946,0.00224,0.00011,0.00009,0.00277,0.00004,0.00112,0.00638
1598870336.345102548599243,0.00235,0.00015,0.00007,0.00262,0.00075,0.00123,0.00718
1598870336.377418518066406,0.00299,0.00006,0.00004,0.00251,0.00123,0.00082,0.00765
1598870336.411152601242065,0.00239,0.00006,0.00045,0.00249,0.00182,0.00094,0.00815
1598870336.443523406982422,0.00249,0.00041,0.00408,0.00268,0.00253,0.00142,0.01361
1598870336.477472543716431,0.00247,0.00010,0.00147,0.00355,0.00034,0.00090,0.00883
1598870336.510749340057373,0.00243,0.00006,0.00146,0.00336,0.00002,0.00110,0.00844
1598870336.544342279434204,0.00259,0.00008,0.00046,0.00339,0.00065,0.00089,0.00806
1598870336.583783149719238,0.00267,0.00021,0.00068,0.00347,0.00013,0.00142,0.00858
1598870336.644372224807739,0.00299,0.00015,0.00204,0.00323,0.00066,0.00090,0.00998
1598870336.678015947341919,0.00271,0.00014,0.00004,0.00345,0.00000,0.00139,0.00773
1598870336.711820125579834,0.00268,0.00012,0.00015,0.00323,0.00068,0.00109,0.00796
1598870336.777729034423828,0.00256,0.00011,0.00105,0.00313,0.00013,0.00113,0.00812
1598870336.810424089431763,0.00252,0.00007,0.00403,0.00298,0.00128,0.00071,0.01159
1598870336.848468780517578,0.00291,0.00017,0.00008,0.00339,0.00000,0.00158,0.00813
1598870336.912125110626221,0.00264,0.00009,0.00063,0.00301,0.00000,0.00088,0.00725
1598870336.945694208145142,0.00231,0.00007,0.00259,0.00267,0.00136,0.00082,0.00981
1598870336.978115558624268,0.00227,0.00007,0.00098,0.00289,0.00104,0.00077,0.00803
1598870337.011850357055664,0.00219,0.00007,0.00120,0.00303,0.00018,0.00081,0.00749
1598870337.080826044082642,0.00211,0.00009,0.00009,0.00316,0.00008,0.00083,0.00636
1598870337.114540100097656,0.00211,0.00008,0.00097,0.00302,0.00012,0.00081,0.00711
1598870337.147191524505615,0.00223,0.00006,0.00013,0.00290,0.00008,0.00080,0.00621
1598870337.213347911834717,0.00243,0.00013,0.00044,0.00252,0.00000,0.00101,0.00653
1598870337.278726339340210,0.00236,0.00015,0.00046,0.00247,0.00000,0.00104,0.00647
1598870337.314655542373657,0.00198,0.00006,0.00051,0.00236,0.00018,0.00082,0.00592
1598870337.378548383712769,0.00218,0.00009,0.00259,0.00257,0.00392,0.00126,0.01259
1598870337.411448001861572,0.00228,0.00007,0.00004,0.00301,0.00000,0.00079,0.00620
1598870337.444351434707642,0.00221,0.00006,0.00001,0.00300,0.00127,0.00102,0.00758
1598870337.478754758834839,0.00228,0.00006,0.00205,0.00392,0.00115,0.00097,0.01043
1598870337.543509244918823,0.00257,0.00009,0.00176,0.00328,0.00000,0.00113,0.00883
1598870337.579192161560059,0.00242,0.00011,0.00115,0.00387,0.00074,0.00081,0.00910
1598870337.643082618713379,0.00276,0.00013,0.00035,0.00323,0.00000,0.00120,0.00767
1598870337.683443307876587,0.00217,0.00007,0.00063,0.00297,0.00076,0.00079,0.00739
1598870337.747238874435425,0.00262,0.00011,0.00001,0.00361,0.00000,0.00113,0.00748
1598870337.780094861984253,0.00227,0.00017,0.00009,0.00355,0.00000,0.00107,0.00716
1598870337.812762737274170,0.00238,0.00006,0.00022,0.00319,0.00008,0.00121,0.00713
1598870337.848740100860596,0.00231,0.00015,0.00001,0.00348,0.00023,0.00112,0.00731
1598870337.912943124771118,0.00245,0.00010,0.00228,0.00325,0.00089,0.00121,0.01018
1598870337.978076934814453,0.00227,0.00011,0.00001,0.00347,0.00000,0.00078,0.00663
1598870338.012283563613892,0.00256,0.00010,0.00006,0.00345,0.00022,0.00119,0.00757
1598870338.080000638961792,0.00216,0.00008,0.00204,0.00345,0.00131,0.00074,0.00978
1598870338.112847566604614,0.00222,0.00006,0.00204,0.00413,0.00000,0.00135,0.00980
1598870338.178841352462769,0.00241,0.00012,0.00172,0.00379,0.00000,0.00091,0.00895
1598870338.212429046630859,0.00228,0.00009,0.00009,0.00388,0.00009,0.00118,0.00760
1598870338.277708530426025,0.00242,0.00020,0.00008,0.00397,0.00000,0.00098,0.00766
1598870338.311803340911865,0.00238,0.00006,0.00008,0.00377,0.00009,0.00108,0.00746
1598870338.345301866531372,0.00218,0.00007,0.00004,0.00396,0.00000,0.00072,0.00697
1598870338.378031015396118,0.00260,0.00011,0.00051,0.00409,0.00000,0.00159,0.00889
1598870338.412533521652222,0.00223,0.00006,0.00025,0.00392,0.00000,0.00084,0.00731
1598870338.445510625839233,0.00250,0.00009,0.00207,0.00378,0.00000,0.00144,0.00988
1598870338.478283405303955,0.00225,0.00009,0.00008,0.00388,0.00000,0.00076,0.00707
1598870338.512914896011353,0.00245,0.00013,0.00011,0.00388,0.00000,0.00108,0.00766
1598870338.545759201049805,0.00227,0.00007,0.00180,0.00364,0.00069,0.00080,0.00926
1598870338.578735828399658,0.00263,0.00010,0.00172,0.00419,0.00000,0.00138,0.01002
1598870338.611329317092896,0.00237,0.00012,0.00172,0.00370,0.00008,0.00105,0.00904
1598870338.643982648849487,0.00239,0.00013,0.00001,0.00394,0.00000,0.00115,0.00762
1598870338.678914308547974,0.00220,0.00012,0.00005,0.00433,0.00000,0.00087,0.00757
1598870338.745383024215698,0.00258,0.00011,0.00192,0.00453,0.00000,0.00124,0.01039
1598870338.780024766921997,0.00209,0.00011,0.00001,0.00396,0.00000,0.00086,0.00704
1598870338.813472032546997,0.00248,0.00008,0.00003,0.00400,0.00000,0.00148,0.00808
1598870338.879631042480469,0.00210,0.00008,0.00025,0.00392,0.00000,0.00085,0.00720
1598870338.912966012954712,0.00240,0.00006,0.00179,0.00362,0.00000,0.00121,0.00908
1598870338.946372270584106,0.00246,0.00009,0.00067,0.00420,0.00000,0.00082,0.00823
1598870338.980978727340698,0.00247,0.00010,0.00019,0.00394,0.00000,0.00127,0.00797
1598870339.046602487564087,0.00209,0.00008,0.00184,0.00360,0.00000,0.00082,0.00843
1598870339.080620527267456,0.00235,0.00006,0.00166,0.00367,0.00001,0.00106,0.00881
1598870339.114255189895630,0.00247,0.00009,0.00148,0.00350,0.00002,0.00080,0.00837
1598870339.148415088653564,0.00254,0.00010,0.00001,0.00438,0.00000,0.00148,0.00852
1598870339.216298818588257,0.00272,0.00012,0.00008,0.00366,0.00002,0.00103,0.00762
1598870339.249057292938232,0.00236,0.00009,0.00189,0.00352,0.00015,0.00153,0.00954
1598870339.281701087951660,0.00249,0.00017,0.00001,0.00376,0.00000,0.00098,0.00741
1598870339.315345764160156,0.00230,0.00006,0.00001,0.00376,0.00002,0.00127,0.00743
1598870339.348915815353394,0.00231,0.00007,0.00026,0.00375,0.00036,0.00084,0.00759
1598870339.382064819335938,0.00232,0.00006,0.00099,0.00379,0.00000,0.00124,0.00840
1598870339.418556451797485,0.00218,0.00006,0.00066,0.00376,0.00000,0.00084,0.00751
1598870339.482694864273071,0.00285,0.00011,0.00051,0.00372,0.00000,0.00118,0.00837
1598870339.515502452850342,0.00235,0.00007,0.00187,0.00370,0.00000,0.00081,0.00881
1598870339.549532890319824,0.00280,0.00010,0.00213,0.00374,0.00000,0.00144,0.01021
1598870339.582991361618042,0.00219,0.00006,0.00154,0.00372,0.00000,0.00087,0.00839
1598870339.623574018478394,0.00231,0.00007,0.00001,0.00382,0.00000,0.00131,0.00752
1598870339.684793949127197,0.00237,0.00011,0.00017,0.00374,0.00000,0.00099,0.00738
1598870339.718438148498535,0.00228,0.00006,0.00173,0.00374,0.00000,0.00127,0.00908
1598870339.783164501190186,0.00279,0.00013,0.00005,0.00392,0.00000,0.00090,0.00778
1598870339.817463159561157,0.00233,0.00007,0.00003,0.00411,0.00000,0.00144,0.00798
1598870339.854542493820190,0.00256,0.00014,0.00026,0.00377,0.00000,0.00100,0.00774
1598870339.917314767837524,0.00230,0.00017,0.00129,0.00376,0.00000,0.00168,0.00920
1598870339.951197624206543,0.00239,0.00011,0.00077,0.00440,0.00000,0.00094,0.00862
1598870340.016559123992920,0.00251,0.00010,0.00038,0.00369,0.00000,0.00148,0.00817
1598870340.050727605819702,0.00215,0.00009,0.00195,0.00358,0.00000,0.00083,0.00860
1598870340.083148717880249,0.00221,0.00007,0.00178,0.00358,0.00000,0.00129,0.00893
1598870340.116279840469360,0.00235,0.00006,0.00154,0.00359,0.00000,0.00084,0.00837
1598870340.150696277618408,0.00234,0.00007,0.00001,0.00365,0.00000,0.00137,0.00743
1598870340.184199571609497,0.00234,0.00009,0.00018,0.00361,0.00000,0.00084,0.00707
1598870340.217423200607300,0.00235,0.00006,0.00216,0.00356,0.00000,0.00123,0.00935
1598870340.252783298492432,0.00222,0.00007,0.00001,0.00362,0.00000,0.00088,0.00680
1598870340.317411661148071,0.00232,0.00008,0.00008,0.00348,0.00000,0.00105,0.00701
1598870340.350651741027832,0.00231,0.00015,0.00022,0.00351,0.00011,0.00105,0.00735
1598870340.418473482131958,0.00219,0.00013,0.00148,0.00339,0.00003,0.00122,0.00844
1598870340.450829982757568,0.00260,0.00011,0.00010,0.00386,0.00040,0.00110,0.00817
1598870340.516100168228149,0.00248,0.00010,0.00037,0.00367,0.00000,0.00148,0.00809
1598870340.549481153488159,0.00234,0.00006,0.00190,0.00353,0.00000,0.00085,0.00868
1598870340.584000825881958,0.00222,0.00007,0.00183,0.00343,0.00000,0.00107,0.00862
1598870340.616724252700806,0.00249,0.00009,0.00181,0.00315,0.00002,0.00095,0.00851
1598870340.649961948394775,0.00234,0.00006,0.00010,0.00294,0.00000,0.00117,0.00662
1598870340.686912536621094,0.00227,0.00006,0.00040,0.00271,0.00017,0.00093,0.00654
