# timestamp (sec),tracking,propagation,msckf update,slam update,slam delayed,re-tri & marg,total
1598871595.127447605133057,0.00214,0.00006,0.00018,0.00000,0.00000,0.00091,0.00330
1598871595.192898988723755,0.00260,0.00006,0.00099,0.00000,0.00021,0.00065,0.00452
1598871595.226101875305176,0.00203,0.00004,0.00004,0.00000,0.00000,0.00057,0.00268
1598871595.261522769927979,0.00174,0.00004,0.00007,0.00000,0.00000,0.00064,0.00249
1598871595.294191837310791,0.00180,0.00005,0.00013,0.00000,0.00000,0.00063,0.00261
1598871595.361065864562988,0.00186,0.00007,0.00004,0.00000,0.00000,0.00070,0.00267
1598871595.393669366836548,0.00181,0.00006,0.00000,0.00000,0.00000,0.00073,0.00261
1598871595.427681207656860,0.00146,0.00004,0.00011,0.00000,0.00000,0.00069,0.00231
1598871595.460513830184937,0.00122,0.00004,0.00002,0.00000,0.00005,0.00068,0.00201
1598871595.493689060211182,0.00194,0.00006,0.00003,0.00000,0.00034,0.00098,0.00335
1598871595.526581525802612,0.00178,0.00006,0.00000,0.00003,0.00000,0.00094,0.00282
1598871595.560609340667725,0.00166,0.00005,0.00000,0.00003,0.00002,0.00100,0.00276
1598871595.628997325897217,0.00180,0.00008,0.00001,0.00004,0.00000,0.00077,0.00270
1598871595.693488121032715,0.00175,0.00008,0.00019,0.00004,0.00304,0.00075,0.00585
1598871595.726520299911499,0.00192,0.00007,0.00001,0.00021,0.00050,0.00102,0.00374
1598871595.759024143218994,0.00180,0.00006,0.00001,0.00024,0.00002,0.00092,0.00305
1598871595.792571306228638,0.00150,0.00004,0.00000,0.00022,0.00007,0.00069,0.00253
1598871595.828457355499268,0.00133,0.00005,0.00002,0.00022,0.00048,0.00068,0.00278
1598871595.893831491470337,0.00168,0.00008,0.00001,0.00029,0.00000,0.00091,0.00296
1598871595.961414813995361,0.00208,0.00008,0.00001,0.00029,0.00005,0.00075,0.00325
1598871595.994637966156006,0.00140,0.00005,0.00000,0.00026,0.00005,0.00071,0.00247
1598871596.028580665588379,0.00257,0.00008,0.00001,0.00030,0.00004,0.00097,0.00396
1598871596.094249725341797,0.00231,0.00009,0.00001,0.00029,0.00000,0.00080,0.00350
1598871596.128488779067993,0.00200,0.00007,0.00001,0.00030,0.00005,0.00094,0.00337
1598871596.161329030990601,0.00157,0.00006,0.00000,0.00027,0.00000,0.00073,0.00263
1598871596.193911075592041,0.00178,0.00004,0.00019,0.00027,0.00123,0.00070,0.00421
1598871596.227113962173462,0.00165,0.00005,0.00000,0.00035,0.00007,0.00069,0.00282
1598871596.260723114013672,0.00138,0.00004,0.00000,0.00035,0.00002,0.00069,0.00249
1598871596.294654130935669,0.00130,0.00005,0.00000,0.00035,0.00007,0.00069,0.00246
1598871596.359797954559326,0.00163,0.00006,0.00000,0.00035,0.00048,0.00069,0.00322
1598871596.393929481506348,0.00185,0.00007,0.00000,0.00045,0.00000,0.00101,0.00339
1598871596.426599264144897,0.00179,0.00006,0.00000,0.00044,0.00005,0.00085,0.00319
1598871596.460065364837646,0.00159,0.00007,0.00000,0.00044,0.00005,0.00097,0.00313
1598871596.492686271667480,0.00182,0.00008,0.00000,0.00044,0.00014,0.00097,0.00347
1598871596.527933835983276,0.00164,0.00008,0.00000,0.00044,0.00000,0.00093,0.00309
1598871596.560720682144165,0.00173,0.00008,0.00000,0.00044,0.00003,0.00102,0.00332
1598871596.594696044921875,0.00171,0.00007,0.00000,0.00044,0.00000,0.00096,0.00318
1598871596.628062725067139,0.00180,0.00008,0.00021,0.00046,0.00045,0.00115,0.00415
1598871596.660404920578003,0.00198,0.00007,0.00001,0.00045,0.00008,0.00083,0.00342
1598871596.692846059799194,0.00228,0.00010,0.00001,0.00057,0.00003,0.00086,0.00386
1598871596.726685762405396,0.00236,0.00005,0.00000,0.00043,0.00009,0.00091,0.00385
1598871596.761021614074707,0.00182,0.00004,0.00000,0.00043,0.00008,0.00081,0.00319
1598871596.794501543045044,0.00226,0.00009,0.00001,0.00045,0.00000,0.00099,0.00380
1598871596.827666282653809,0.00202,0.00007,0.00000,0.00045,0.00004,0.00133,0.00391
1598871596.861776590347290,0.00190,0.00007,0.00000,0.00044,0.00005,0.00079,0.00326
1598871596.894568443298340,0.00194,0.00008,0.00000,0.00044,0.00015,0.00136,0.00398
1598871596.927631855010986,0.00206,0.00008,0.00001,0.00046,0.00000,0.00087,0.00348
1598871596.961561441421509,0.00165,0.00005,0.00000,0.00042,0.00003,0.00072,0.00287
1598871597.027972936630249,0.00212,0.00009,0.00001,0.00044,0.00000,0.00074,0.00340
1598871597.061848163604736,0.00148,0.00004,0.00018,0.00055,0.00061,0.00073,0.00359
1598871597.095013618469238,0.00224,0.00007,0.00001,0.00046,0.00008,0.00075,0.00361
1598871597.127854824066162,0.00174,0.00004,0.00000,0.00041,0.00002,0.00069,0.00291
1598871597.160566091537476,0.00183,0.00005,0.00000,0.00041,0.00007,0.00067,0.00304
1598871597.194384336471558,0.00160,0.00005,0.00001,0.00036,0.00007,0.00068,0.00278
1598871597.227133750915527,0.00263,0.00007,0.00001,0.00039,0.00000,0.00080,0.00390
1598871597.259887695312500,0.00209,0.00007,0.00001,0.00039,0.00005,0.00080,0.00341
1598871597.293432950973511,0.00227,0.00004,0.00000,0.00036,0.00005,0.00080,0.00353
1598871597.327241897583008,0.00216,0.00008,0.00001,0.00040,0.00025,0.00101,0.00391
1598871597.361681461334229,0.00176,0.00007,0.00000,0.00038,0.00000,0.00078,0.00299
1598871597.401596069335938,0.00157,0.00006,0.00001,0.00036,0.00003,0.00069,0.00271
1598871597.460292339324951,0.00186,0.00005,0.00000,0.00036,0.00000,0.00068,0.00295
1598871597.493585109710693,0.00178,0.00007,0.00020,0.00038,0.00045,0.00076,0.00364
1598871597.527621269226074,0.00212,0.00007,0.00001,0.00038,0.00008,0.00074,0.00340
1598871597.561337947845459,0.00151,0.00005,0.00000,0.00036,0.00002,0.00069,0.00263
1598871597.627680540084839,0.00242,0.00008,0.00001,0.00039,0.00009,0.00081,0.00380
1598871597.661158561706543,0.00208,0.00008,0.00001,0.00040,0.00008,0.00097,0.00361
1598871597.695127487182617,0.00195,0.00007,0.00000,0.00038,0.00000,0.00077,0.00317
1598871597.727648258209229,0.00219,0.00008,0.00000,0.00040,0.00004,0.00099,0.00370
1598871597.761738538742065,0.00215,0.00008,0.00001,0.00038,0.00005,0.00099,0.00366
1598871597.794501543045044,0.00223,0.00006,0.00001,0.00038,0.00023,0.00077,0.00368
1598871597.827141284942627,0.00269,0.00009,0.00003,0.00058,0.00000,0.00120,0.00460
1598871597.861245632171631,0.00178,0.00006,0.00003,0.00040,0.00003,0.00079,0.00309
1598871597.901178836822510,0.00201,0.00005,0.00000,0.00035,0.00000,0.00069,0.00310
1598871597.963001728057861,0.00159,0.00007,0.00018,0.00035,0.00044,0.00072,0.00334
1598871598.028642892837524,0.00228,0.00009,0.00000,0.00036,0.00006,0.00099,0.00379
1598871598.062264680862427,0.00179,0.00007,0.00001,0.00035,0.00002,0.00094,0.00317
1598871598.096335887908936,0.00226,0.00007,0.00000,0.00036,0.00009,0.00096,0.00375
1598871598.162598848342896,0.00203,0.00007,0.00000,0.00035,0.00008,0.00081,0.00335
1598871598.227294445037842,0.00243,0.00007,0.00000,0.00034,0.00000,0.00081,0.00366
1598871598.260936737060547,0.00186,0.00005,0.00000,0.00034,0.00004,0.00086,0.00316
1598871598.294368028640747,0.00234,0.00008,0.00004,0.00033,0.00005,0.00097,0.00381
1598871598.328058004379272,0.00214,0.00007,0.00004,0.00028,0.00026,0.00102,0.00380
1598871598.360403299331665,0.00246,0.00008,0.00002,0.00029,0.00000,0.00125,0.00409
1598871598.394528627395630,0.00157,0.00006,0.00001,0.00029,0.00004,0.00078,0.00275
1598871598.429095268249512,0.00186,0.00004,0.00000,0.00027,0.00000,0.00068,0.00286
1598871598.494642019271851,0.00156,0.00006,0.00014,0.00026,0.00046,0.00069,0.00317
1598871598.528775215148926,0.00201,0.00004,0.00003,0.00026,0.00007,0.00069,0.00310
1598871598.595384359359741,0.00189,0.00009,0.00001,0.00029,0.00000,0.00074,0.00302
1598871598.628279685974121,0.00209,0.00004,0.00002,0.00024,0.00019,0.00068,0.00327
1598871598.662044525146484,0.00149,0.00004,0.00002,0.00025,0.00007,0.00068,0.00256
1598871598.694483041763306,0.00215,0.00005,0.00000,0.00024,0.00000,0.00071,0.00315
1598871598.727991580963135,0.00154,0.00005,0.00003,0.00025,0.00004,0.00070,0.00260
1598871598.760270118713379,0.00246,0.00008,0.00001,0.00028,0.00005,0.00101,0.00388
1598871598.794599533081055,0.00195,0.00006,0.00001,0.00026,0.00031,0.00098,0.00357
1598871598.828450679779053,0.00268,0.00007,0.00000,0.00026,0.00000,0.00108,0.00409
1598871598.896354436874390,0.00246,0.00008,0.00004,0.00027,0.00003,0.00082,0.00371
1598871598.928826570510864,0.00239,0.00007,0.00001,0.00028,0.00003,0.00098,0.00376
1598871598.961806297302246,0.00178,0.00005,0.00011,0.00024,0.00045,0.00072,0.00335
1598871598.995403766632080,0.00253,0.00008,0.00005,0.00027,0.00006,0.00075,0.00374
1598871599.029413461685181,0.00224,0.00008,0.00003,0.00028,0.00009,0.00103,0.00375
1598871599.062342882156372,0.00243,0.00006,0.00002,0.00026,0.00010,0.00096,0.00384
1598871599.097459793090820,0.00244,0.00007,0.00004,0.00037,0.00011,0.00086,0.00390
1598871599.161997795104980,0.00304,0.00008,0.00003,0.00025,0.00000,0.00084,0.00426
1598871599.195290327072144,0.00217,0.00005,0.00002,0.00023,0.00008,0.00092,0.00348
1598871599.228272676467896,0.00246,0.00008,0.00007,0.00022,0.00003,0.00097,0.00382
1598871599.261697053909302,0.00173,0.00005,0.00002,0.00019,0.00011,0.00071,0.00282
1598871599.294910192489624,0.00222,0.00004,0.00006,0.00018,0.00000,0.00074,0.00325
1598871599.328344821929932,0.00176,0.00004,0.00000,0.00019,0.00155,0.00072,0.00427
1598871599.361742734909058,0.00223,0.00005,0.00005,0.00038,0.00001,0.00122,0.00395
1598871599.394730567932129,0.00177,0.00006,0.00005,0.00037,0.00047,0.00090,0.00362
1598871599.428729057312012,0.00167,0.00004,0.00003,0.00032,0.00010,0.00071,0.00288
1598871599.461511373519897,0.00177,0.00005,0.00002,0.00032,0.00006,0.00072,0.00293
1598871599.495121240615845,0.00155,0.00004,0.00003,0.00032,0.00054,0.00074,0.00322
1598871599.528008460998535,0.00167,0.00006,0.00001,0.00039,0.00107,0.00079,0.00400
1598871599.561935186386108,0.00178,0.00006,0.00001,0.00062,0.00044,0.00072,0.00363
1598871599.595170021057129,0.00203,0.00007,0.00004,0.00066,0.00023,0.00077,0.00380
1598871599.660580635070801,0.00240,0.00011,0.00024,0.00072,0.00013,0.00076,0.00437
1598871599.695242881774902,0.00202,0.00008,0.00004,0.00074,0.00048,0.00077,0.00413
1598871599.728859186172485,0.00246,0.00007,0.00019,0.00083,0.00051,0.00085,0.00490
1598871599.761800050735474,0.00195,0.00007,0.00003,0.00092,0.00008,0.00085,0.00390
1598871599.796240806579590,0.00203,0.00010,0.00004,0.00096,0.00028,0.00103,0.00445
1598871599.828612804412842,0.00200,0.00006,0.00027,0.00099,0.00034,0.00072,0.00439
1598871599.862021923065186,0.00175,0.00007,0.00003,0.00103,0.00194,0.00075,0.00557
1598871599.895510435104370,0.00186,0.00006,0.00001,0.00133,0.00004,0.00076,0.00406
1598871599.928906202316284,0.00178,0.00006,0.00001,0.00132,0.00038,0.00076,0.00429
1598871599.961668252944946,0.00173,0.00006,0.00001,0.00133,0.00061,0.00076,0.00448
1598871599.994930028915405,0.00175,0.00006,0.00003,0.00142,0.00004,0.00075,0.00405
1598871600.028725862503052,0.00219,0.00011,0.00002,0.00151,0.00003,0.00113,0.00499
1598871600.062607526779175,0.00196,0.00010,0.00002,0.00149,0.00024,0.00098,0.00480
1598871600.095665693283081,0.00209,0.00009,0.00002,0.00145,0.00066,0.00087,0.00517
1598871600.129140377044678,0.00199,0.00005,0.00001,0.00154,0.00015,0.00074,0.00448
1598871600.163128614425659,0.00224,0.00010,0.00004,0.00158,0.00019,0.00086,0.00502
1598871600.228743791580200,0.00237,0.00010,0.00001,0.00183,0.00013,0.00095,0.00538
1598871600.262256383895874,0.00191,0.00012,0.00022,0.00161,0.00017,0.00111,0.00515
1598871600.296205997467041,0.00282,0.00013,0.00002,0.00164,0.00010,0.00083,0.00554
1598871600.329098463058472,0.00274,0.00010,0.00001,0.00175,0.00006,0.00090,0.00556
1598871600.362485647201538,0.00198,0.00010,0.00001,0.00161,0.00010,0.00083,0.00464
1598871600.396340370178223,0.00193,0.00005,0.00001,0.00153,0.00013,0.00079,0.00444
1598871600.428964853286743,0.00230,0.00008,0.00001,0.00170,0.00007,0.00111,0.00526
1598871600.461977720260620,0.00187,0.00011,0.00010,0.00151,0.00002,0.00082,0.00444
1598871600.503153562545776,0.00214,0.00012,0.00009,0.00165,0.00024,0.00113,0.00536
1598871600.562335014343262,0.00220,0.00007,0.00001,0.00152,0.00046,0.00086,0.00512
1598871600.595785379409790,0.00211,0.00012,0.00001,0.00166,0.00016,0.00107,0.00512
1598871600.629047393798828,0.00171,0.00006,0.00007,0.00147,0.00018,0.00074,0.00424
1598871600.665233373641968,0.00192,0.00006,0.00001,0.00147,0.00008,0.00083,0.00437
1598871600.729089021682739,0.00239,0.00010,0.00017,0.00154,0.00021,0.00088,0.00529
1598871600.763408422470093,0.00187,0.00005,0.00001,0.00147,0.00037,0.00076,0.00453
1598871600.797102451324463,0.00145,0.00006,0.00001,0.00196,0.00012,0.00077,0.00436
1598871600.863255262374878,0.00202,0.00010,0.00001,0.00155,0.00008,0.00082,0.00459
1598871600.896524190902710,0.00204,0.00008,0.00001,0.00155,0.00012,0.00078,0.00459
1598871600.929544687271118,0.00224,0.00008,0.00001,0.00204,0.00005,0.00110,0.00553
1598871600.963402032852173,0.00209,0.00008,0.00004,0.00159,0.00002,0.00101,0.00483
1598871600.996703863143921,0.00204,0.00005,0.00001,0.00152,0.00051,0.00075,0.00489
1598871601.030093669891357,0.00195,0.00006,0.00002,0.00189,0.00019,0.00075,0.00486
1598871601.063376188278198,0.00245,0.00010,0.00001,0.00157,0.00006,0.00123,0.00541
1598871601.098270177841187,0.00228,0.00009,0.00001,0.00160,0.00011,0.00120,0.00528
1598871601.162601470947266,0.00264,0.00009,0.00006,0.00153,0.00008,0.00109,0.00550
1598871601.195544719696045,0.00200,0.00008,0.00022,0.00165,0.00018,0.00112,0.00527
1598871601.229660272598267,0.00212,0.00005,0.00001,0.00148,0.00034,0.00077,0.00478
1598871601.263617038726807,0.00177,0.00008,0.00005,0.00155,0.00006,0.00087,0.00437
1598871601.296341657638550,0.00216,0.00008,0.00001,0.00156,0.00008,0.00106,0.00496
1598871601.329822301864624,0.00207,0.00008,0.00006,0.00150,0.00037,0.00082,0.00490
1598871601.363783836364746,0.00181,0.00006,0.00001,0.00149,0.00008,0.00077,0.00422
1598871601.429232358932495,0.00210,0.00007,0.00013,0.00110,0.00002,0.00074,0.00416
1598871601.462511777877808,0.00166,0.00005,0.00004,0.00110,0.00037,0.00071,0.00393
1598871601.497387409210205,0.00172,0.00006,0.00009,0.00116,0.00026,0.00078,0.00407
1598871601.530366182327271,0.00259,0.00010,0.00001,0.00125,0.00066,0.00107,0.00568
1598871601.563102960586548,0.00204,0.00009,0.00009,0.00131,0.00036,0.00102,0.00492
1598871601.596247196197510,0.00220,0.00007,0.00004,0.00136,0.00004,0.00106,0.00477
1598871601.630967855453491,0.00184,0.00007,0.00014,0.00135,0.00044,0.00112,0.00496
1598871601.696266889572144,0.00192,0.00008,0.00003,0.00128,0.00002,0.00078,0.00411
1598871601.729408979415894,0.00153,0.00005,0.00002,0.00123,0.00006,0.00072,0.00362
1598871601.762020111083984,0.00150,0.00005,0.00001,0.00123,0.00015,0.00074,0.00367
1598871601.796501159667969,0.00244,0.00010,0.00001,0.00131,0.00013,0.00104,0.00503
1598871601.829477310180664,0.00193,0.00007,0.00002,0.00124,0.00006,0.00102,0.00434
1598871601.863518476486206,0.00215,0.00009,0.00005,0.00117,0.00026,0.00104,0.00478
1598871601.896770477294922,0.00213,0.00008,0.00018,0.00106,0.00016,0.00083,0.00445
1598871601.929064750671387,0.00241,0.00005,0.00016,0.00108,0.00060,0.00085,0.00515
1598871601.963312864303589,0.00219,0.00010,0.00004,0.00112,0.00017,0.00108,0.00470
1598871601.996092796325684,0.00169,0.00011,0.00005,0.00127,0.00020,0.00075,0.00407
1598871602.029597520828247,0.00144,0.00005,0.00002,0.00087,0.00026,0.00073,0.00336
1598871602.063871383666992,0.00216,0.00009,0.00009,0.00097,0.00034,0.00100,0.00464
1598871602.097172498703003,0.00214,0.00012,0.00001,0.00086,0.00002,0.00085,0.00400
1598871602.130457639694214,0.00187,0.00008,0.00011,0.00107,0.00007,0.00106,0.00427
1598871602.164675474166870,0.00163,0.00005,0.00002,0.00085,0.00015,0.00075,0.00346
1598871602.197229862213135,0.00222,0.00009,0.00017,0.00079,0.00003,0.00102,0.00432
1598871602.230648756027222,0.00180,0.00008,0.00005,0.00074,0.00050,0.00101,0.00419
1598871602.263363599777222,0.00175,0.00005,0.00002,0.00077,0.00002,0.00073,0.00334
1598871602.296935558319092,0.00170,0.00005,0.00002,0.00072,0.00106,0.00072,0.00428
1598871602.330378770828247,0.00153,0.00005,0.00001,0.00094,0.00117,0.00073,0.00443
1598871602.363700866699219,0.00211,0.00006,0.00003,0.00114,0.00016,0.00078,0.00428
1598871602.396603107452393,0.00147,0.00006,0.00001,0.00118,0.00046,0.00080,0.00397
1598871602.430918693542480,0.00242,0.00010,0.00001,0.00123,0.00003,0.00105,0.00484
1598871602.464372634887695,0.00170,0.00009,0.00012,0.00115,0.00031,0.00100,0.00438
1598871602.497701644897461,0.00151,0.00005,0.00001,0.00111,0.00002,0.00074,0.00344
1598871602.530462503433228,0.00215,0.00011,0.00001,0.00118,0.00005,0.00110,0.00459
1598871602.563550710678101,0.00178,0.00009,0.00001,0.00118,0.00010,0.00106,0.00421
1598871602.597261905670166,0.00152,0.00005,0.00001,0.00112,0.00004,0.00075,0.00349
1598871602.630577564239502,0.00202,0.00006,0.00001,0.00112,0.00004,0.00079,0.00404
1598871602.664173126220703,0.00214,0.00012,0.00001,0.00118,0.00005,0.00108,0.00459
1598871602.697145938873291,0.00181,0.00006,0.00002,0.00121,0.00022,0.00102,0.00435
1598871602.731288671493530,0.00222,0.00008,0.00001,0.00118,0.00024,0.00085,0.00459
1598871602.764734029769897,0.00187,0.00009,0.00001,0.00121,0.00018,0.00098,0.00434
1598871602.798965930938721,0.00215,0.00009,0.00001,0.00117,0.00026,0.00103,0.00471
1598871602.832060098648071,0.00190,0.00008,0.00002,0.00117,0.00002,0.00101,0.00420
1598871602.865238904953003,0.00154,0.00006,0.00003,0.00111,0.00030,0.00074,0.00377
1598871602.900373935699463,0.00217,0.00009,0.00001,0.00119,0.00002,0.00106,0.00454
1598871602.933169364929199,0.00169,0.00010,0.00001,0.00117,0.00005,0.00101,0.00402
1598871602.971635580062866,0.00159,0.00006,0.00001,0.00112,0.00009,0.00075,0.00361
1598871603.034395933151245,0.00210,0.00011,0.00010,0.00110,0.00005,0.00103,0.00450
1598871603.068589925765991,0.00202,0.00008,0.00001,0.00111,0.00005,0.00080,0.00407
1598871603.101189851760864,0.00221,0.00010,0.00003,0.00114,0.00005,0.00109,0.00463
1598871603.134829282760620,0.00186,0.00006,0.00003,0.00110,0.00021,0.00085,0.00412
1598871603.169686317443848,0.00198,0.00005,0.00005,0.00109,0.00019,0.00086,0.00422
1598871603.235865116119385,0.00192,0.00012,0.00005,0.00113,0.00016,0.00097,0.00434
1598871603.302634477615356,0.00222,0.00010,0.00001,0.00111,0.00011,0.00086,0.00442
1598871603.336314201354980,0.00199,0.00007,0.00001,0.00113,0.00003,0.00099,0.00423
1598871603.368797779083252,0.00225,0.00009,0.00002,0.00120,0.00032,0.00104,0.00492
1598871603.403265476226807,0.00191,0.00010,0.00002,0.00115,0.00002,0.00107,0.00428
1598871603.469367504119873,0.00196,0.00009,0.00004,0.00109,0.00004,0.00078,0.00401
1598871603.502298593521118,0.00222,0.00007,0.00001,0.00115,0.00043,0.00101,0.00490
1598871603.535836935043335,0.00183,0.00009,0.00001,0.00124,0.00015,0.00103,0.00434
1598871603.568356513977051,0.00155,0.00005,0.00001,0.00115,0.00031,0.00076,0.00382
1598871603.601068973541260,0.00159,0.00005,0.00001,0.00117,0.00005,0.00075,0.00362
1598871603.636708021163940,0.00139,0.00005,0.00001,0.00119,0.00024,0.00073,0.00361
1598871603.702751159667969,0.00162,0.00007,0.00003,0.00118,0.00026,0.00073,0.00389
1598871603.735398292541504,0.00303,0.00009,0.00003,0.00123,0.00042,0.00099,0.00579
1598871603.769688129425049,0.00229,0.00008,0.00001,0.00133,0.00011,0.00084,0.00467
1598871603.808868646621704,0.00213,0.00008,0.00004,0.00129,0.00018,0.00083,0.00455
1598871603.870115280151367,0.00230,0.00010,0.00008,0.00130,0.00030,0.00083,0.00491
1598871603.902968168258667,0.00194,0.00009,0.00006,0.00128,0.00002,0.00084,0.00423
1598871603.937810182571411,0.00222,0.00010,0.00004,0.00133,0.00005,0.00105,0.00479
1598871604.002029180526733,0.00230,0.00010,0.00001,0.00131,0.00015,0.00086,0.00473
1598871604.035668849945068,0.00182,0.00006,0.00003,0.00129,0.00017,0.00086,0.00423
1598871604.070062160491943,0.00195,0.00007,0.00004,0.00132,0.00031,0.00080,0.00450
1598871604.102399110794067,0.00208,0.00010,0.00001,0.00136,0.00002,0.00103,0.00460
1598871604.135514497756958,0.00193,0.00008,0.00001,0.00128,0.00021,0.00082,0.00434
1598871604.169005870819092,0.00183,0.00008,0.00001,0.00128,0.00030,0.00078,0.00428
1598871604.201711654663086,0.00219,0.00008,0.00001,0.00128,0.00014,0.00089,0.00459
1598871604.234986305236816,0.00242,0.00011,0.00001,0.00135,0.00009,0.00100,0.00497
1598871604.269582748413086,0.00153,0.00007,0.00002,0.00126,0.00065,0.00072,0.00425
1598871604.302194833755493,0.00213,0.00010,0.00006,0.00153,0.00027,0.00101,0.00510
1598871604.336296081542969,0.00190,0.00005,0.00001,0.00132,0.00003,0.00088,0.00419
1598871604.368718385696411,0.00196,0.00010,0.00003,0.00136,0.00008,0.00093,0.00445
1598871604.401650190353394,0.00172,0.00006,0.00004,0.00130,0.00013,0.00076,0.00402
1598871604.434705972671509,0.00211,0.00006,0.00001,0.00132,0.00040,0.00104,0.00494
1598871604.469720840454102,0.00221,0.00010,0.00003,0.00130,0.00004,0.00098,0.00466
1598871604.535720109939575,0.00188,0.00009,0.00005,0.00132,0.00002,0.00083,0.00418
1598871604.569368362426758,0.00164,0.00006,0.00002,0.00113,0.00020,0.00078,0.00383
1598871604.635356903076172,0.00178,0.00007,0.00006,0.00100,0.00078,0.00071,0.00440
1598871604.669436216354370,0.00231,0.00009,0.00009,0.00109,0.00011,0.00099,0.00468
1598871604.737447738647461,0.00205,0.00012,0.00017,0.00100,0.00008,0.00099,0.00441
1598871604.802837371826172,0.00237,0.00009,0.00003,0.00091,0.00006,0.00075,0.00422
1598871604.836643695831299,0.00143,0.00005,0.00006,0.00089,0.00035,0.00080,0.00358
1598871604.869212150573730,0.00242,0.00008,0.00001,0.00093,0.00005,0.00085,0.00434
1598871604.902550458908081,0.00204,0.00008,0.00001,0.00097,0.00060,0.00104,0.00473
1598871604.935753583908081,0.00185,0.00005,0.00016,0.00099,0.00010,0.00082,0.00397
1598871604.969288825988770,0.00180,0.00005,0.00000,0.00098,0.00000,0.00071,0.00355
1598871605.003342866897583,0.00200,0.00010,0.00001,0.00102,0.00029,0.00076,0.00418
1598871605.035832166671753,0.00214,0.00008,0.00001,0.00111,0.00003,0.00081,0.00417
1598871605.069484472274780,0.00190,0.00009,0.00001,0.00114,0.00022,0.00098,0.00434
1598871605.110915899276733,0.00195,0.00008,0.00013,0.00108,0.00124,0.00077,0.00525
1598871605.168802261352539,0.00216,0.00012,0.00002,0.00138,0.00013,0.00100,0.00480
1598871605.201455593109131,0.00196,0.00010,0.00001,0.00138,0.00186,0.00096,0.00627
1598871605.236635446548462,0.00154,0.00005,0.00001,0.00152,0.00004,0.00071,0.00388
1598871605.269055604934692,0.00214,0.00007,0.00010,0.00155,0.00024,0.00099,0.00509
1598871605.340917110443115,0.00231,0.00011,0.00015,0.00151,0.00004,0.00086,0.00497
1598871605.403419017791748,0.00201,0.00013,0.00001,0.00152,0.00008,0.00098,0.00473
1598871605.436200618743896,0.00197,0.00005,0.00001,0.00143,0.00053,0.00078,0.00477
1598871605.470497369766235,0.00205,0.00009,0.00003,0.00149,0.00000,0.00092,0.00458
1598871605.502992868423462,0.00220,0.00013,0.00001,0.00170,0.00004,0.00077,0.00485
1598871605.535452604293823,0.00209,0.00011,0.00001,0.00170,0.00032,0.00083,0.00506
1598871605.569808483123779,0.00198,0.00009,0.00010,0.00156,0.00019,0.00085,0.00477
1598871605.603734254837036,0.00223,0.00008,0.00001,0.00158,0.00035,0.00077,0.00503
1598871605.636493206024170,0.00195,0.00009,0.00001,0.00155,0.00014,0.00081,0.00455
1598871605.669469594955444,0.00217,0.00008,0.00009,0.00150,0.00013,0.00076,0.00473
1598871605.702922344207764,0.00215,0.00008,0.00004,0.00171,0.00005,0.00118,0.00521
1598871605.735640525817871,0.00203,0.00005,0.00010,0.00149,0.00024,0.00088,0.00480
1598871605.769073009490967,0.00199,0.00012,0.00001,0.00156,0.00004,0.00100,0.00472
1598871605.811563968658447,0.00217,0.00011,0.00001,0.00156,0.00030,0.00105,0.00520
1598871605.870464324951172,0.00217,0.00010,0.00001,0.00152,0.00000,0.00093,0.00473
1598871605.903717756271362,0.00198,0.00009,0.00001,0.00158,0.00017,0.00100,0.00483
1598871605.936609029769897,0.00190,0.00006,0.00001,0.00155,0.00004,0.00084,0.00439
1598871605.970580339431763,0.00220,0.00011,0.00001,0.00162,0.00033,0.00110,0.00537
1598871606.004126548767090,0.00205,0.00008,0.00001,0.00148,0.00019,0.00090,0.00471
1598871606.069223642349243,0.00233,0.00010,0.00001,0.00148,0.00021,0.00087,0.00502
1598871606.103457927703857,0.00184,0.00009,0.00001,0.00147,0.00034,0.00079,0.00455
1598871606.136575460433960,0.00150,0.00006,0.00001,0.00153,0.00018,0.00076,0.00403
1598871606.170942544937134,0.00167,0.00006,0.00001,0.00144,0.00006,0.00076,0.00401
1598871606.236595869064331,0.00196,0.00007,0.00013,0.00141,0.00021,0.00075,0.00454
1598871606.269700765609741,0.00156,0.00006,0.00001,0.00143,0.00004,0.00076,0.00386
1598871606.305546283721924,0.00201,0.00008,0.00001,0.00144,0.00074,0.00078,0.00507
1598871606.369717597961426,0.00236,0.00011,0.00001,0.00150,0.00004,0.00086,0.00487
1598871606.404822587966919,0.00186,0.00012,0.00001,0.00156,0.00036,0.00099,0.00490
1598871606.469755887985229,0.00235,0.00010,0.00002,0.00152,0.00004,0.00086,0.00491
1598871606.503095626831055,0.00233,0.00007,0.00003,0.00153,0.00003,0.00096,0.00495
1598871606.536104917526245,0.00225,0.00010,0.00016,0.00155,0.00019,0.00103,0.00527
1598871606.579346418380737,0.00217,0.00007,0.00001,0.00157,0.00059,0.00099,0.00541
1598871606.637876033782959,0.00236,0.00008,0.00001,0.00156,0.00088,0.00102,0.00591
1598871606.670303106307983,0.00218,0.00008,0.00004,0.00161,0.00013,0.00080,0.00484
1598871606.702863216400146,0.00227,0.00011,0.00001,0.00169,0.00016,0.00102,0.00527
1598871606.740085601806641,0.00195,0.00005,0.00011,0.00159,0.00022,0.00079,0.00471
1598871606.803231239318848,0.00193,0.00009,0.00001,0.00160,0.00004,0.00071,0.00438
1598871606.837481021881104,0.00147,0.00006,0.00003,0.00158,0.00014,0.00074,0.00402
1598871606.869781494140625,0.00164,0.00006,0.00007,0.00147,0.00000,0.00094,0.00418
1598871606.904141426086426,0.00164,0.00006,0.00001,0.00150,0.00000,0.00073,0.00394
1598871606.970119237899780,0.00158,0.00008,0.00002,0.00151,0.00004,0.00075,0.00398
1598871607.003973245620728,0.00163,0.00005,0.00007,0.00149,0.00002,0.00074,0.00400
1598871607.071260929107666,0.00194,0.00011,0.00002,0.00153,0.00019,0.00077,0.00456
1598871607.104250669479370,0.00225,0.00011,0.00004,0.00154,0.00026,0.00092,0.00512
1598871607.136767864227295,0.00185,0.00012,0.00003,0.00157,0.00038,0.00095,0.00491
1598871607.171213388442993,0.00181,0.00008,0.00001,0.00159,0.00012,0.00072,0.00432
1598871607.204057693481445,0.00140,0.00005,0.00001,0.00159,0.00016,0.00073,0.00394
1598871607.236329078674316,0.00153,0.00006,0.00010,0.00153,0.00022,0.00070,0.00415
1598871607.270939588546753,0.00154,0.00007,0.00003,0.00149,0.00010,0.00072,0.00395
1598871607.304147481918335,0.00145,0.00006,0.00001,0.00149,0.00007,0.00071,0.00379
1598871607.340052127838135,0.00145,0.00006,0.00005,0.00150,0.00000,0.00073,0.00379
1598871607.403945922851562,0.00224,0.00009,0.00001,0.00154,0.00000,0.00082,0.00471
1598871607.437322139739990,0.00183,0.00010,0.00003,0.00159,0.00004,0.00101,0.00460
1598871607.470784425735474,0.00224,0.00009,0.00004,0.00156,0.00004,0.00082,0.00479
1598871607.503271102905273,0.00172,0.00011,0.00001,0.00161,0.00019,0.00102,0.00466
1598871607.538831949234009,0.00173,0.00006,0.00016,0.00142,0.00025,0.00081,0.00444
1598871607.603632688522339,0.00249,0.00014,0.00001,0.00156,0.00011,0.00082,0.00514
1598871607.639250278472900,0.00214,0.00007,0.00004,0.00151,0.00011,0.00101,0.00487
1598871607.680375099182129,0.00213,0.00011,0.00001,0.00149,0.00018,0.00101,0.00494
1598871607.737338781356812,0.00198,0.00008,0.00019,0.00105,0.00027,0.00083,0.00440
1598871607.770780801773071,0.00201,0.00008,0.00002,0.00139,0.00004,0.00080,0.00435
1598871607.803797006607056,0.00205,0.00011,0.00001,0.00148,0.00006,0.00100,0.00471
1598871607.837110757827759,0.00217,0.00010,0.00001,0.00146,0.00000,0.00100,0.00475
1598871607.871976375579834,0.00200,0.00011,0.00001,0.00147,0.00000,0.00101,0.00461
1598871607.905660629272461,0.00154,0.00005,0.00002,0.00139,0.00004,0.00071,0.00376
1598871607.938266277313232,0.00168,0.00006,0.00001,0.00135,0.00010,0.00073,0.00394
1598871607.971198797225952,0.00218,0.00010,0.00001,0.00143,0.00067,0.00108,0.00547
1598871608.004217147827148,0.00208,0.00009,0.00001,0.00173,0.00073,0.00090,0.00554
1598871608.038214206695557,0.00201,0.00005,0.00001,0.00150,0.00010,0.00100,0.00467
1598871608.070953369140625,0.00210,0.00006,0.00001,0.00151,0.00012,0.00077,0.00457
1598871608.105185747146606,0.00192,0.00005,0.00001,0.00151,0.00092,0.00070,0.00512
1598871608.171202182769775,0.00175,0.00009,0.00081,0.00152,0.00025,0.00077,0.00518
1598871608.203981161117554,0.00225,0.00011,0.00001,0.00168,0.00015,0.00106,0.00525
1598871608.237875223159790,0.00179,0.00006,0.00001,0.00167,0.00008,0.00100,0.00461
1598871608.271454334259033,0.00155,0.00006,0.00001,0.00160,0.00008,0.00078,0.00407
1598871608.304677963256836,0.00185,0.00006,0.00001,0.00158,0.00000,0.00071,0.00421
1598871608.337451457977295,0.00148,0.00005,0.00002,0.00164,0.00006,0.00092,0.00416
1598871608.371708154678345,0.00191,0.00008,0.00001,0.00161,0.00041,0.00082,0.00484
1598871608.438346624374390,0.00222,0.00013,0.00001,0.00173,0.00017,0.00106,0.00534
1598871608.471491575241089,0.00190,0.00008,0.00001,0.00162,0.00017,0.00077,0.00456
1598871608.504553318023682,0.00192,0.00006,0.00001,0.00158,0.00011,0.00092,0.00459
1598871608.537666082382202,0.00185,0.00005,0.00001,0.00164,0.00012,0.00078,0.00445
1598871608.570623636245728,0.00192,0.00010,0.00001,0.00161,0.00007,0.00078,0.00449
1598871608.604838848114014,0.00224,0.00008,0.00087,0.00154,0.00025,0.00085,0.00583
1598871608.671579837799072,0.00197,0.00013,0.00001,0.00171,0.00016,0.00101,0.00500
1598871608.704099178314209,0.00160,0.00005,0.00001,0.00159,0.00008,0.00075,0.00407
1598871608.770746231079102,0.00212,0.00012,0.00001,0.00170,0.00002,0.00102,0.00500
1598871608.803922891616821,0.00186,0.00011,0.00001,0.00168,0.00000,0.00096,0.00462
1598871608.837299585342407,0.00178,0.00005,0.00001,0.00159,0.00004,0.00076,0.00422
1598871608.878397464752197,0.00223,0.00011,0.00001,0.00169,0.00015,0.00104,0.00524
1598871608.938233137130737,0.00180,0.00012,0.00003,0.00168,0.00016,0.00097,0.00475
1598871608.971101045608521,0.00175,0.00006,0.00002,0.00159,0.00057,0.00080,0.00479
1598871609.004138708114624,0.00201,0.00010,0.00001,0.00179,0.00010,0.00104,0.00507
1598871609.039270162582397,0.00181,0.00011,0.00001,0.00179,0.00012,0.00096,0.00480
1598871609.104722976684570,0.00207,0.00013,0.00001,0.00179,0.00006,0.00104,0.00511
1598871609.138538122177124,0.00177,0.00011,0.00016,0.00178,0.00022,0.00096,0.00500
1598871609.173022747039795,0.00163,0.00006,0.00001,0.00170,0.00110,0.00076,0.00524
1598871609.237108230590820,0.00188,0.00011,0.00001,0.00193,0.00008,0.00071,0.00472
1598871609.272849321365356,0.00152,0.00006,0.00001,0.00185,0.00002,0.00080,0.00426
1598871609.305480718612671,0.00171,0.00006,0.00001,0.00185,0.00000,0.00074,0.00437
1598871609.338031768798828,0.00206,0.00005,0.00001,0.00185,0.00004,0.00075,0.00476
1598871609.370676755905151,0.00160,0.00007,0.00001,0.00185,0.00015,0.00077,0.00445
1598871609.405418395996094,0.00205,0.00011,0.00001,0.00212,0.00065,0.00103,0.00597
1598871609.437868595123291,0.00204,0.00008,0.00001,0.00193,0.00005,0.00081,0.00491
1598871609.471054077148438,0.00203,0.00010,0.00001,0.00189,0.00009,0.00081,0.00494
1598871609.538780212402344,0.00207,0.00011,0.00001,0.00187,0.00012,0.00090,0.00508
1598871609.571477413177490,0.00233,0.00011,0.00003,0.00197,0.00013,0.00095,0.00552
1598871609.604795932769775,0.00174,0.00011,0.00020,0.00200,0.00018,0.00094,0.00517
1598871609.639920711517334,0.00170,0.00006,0.00001,0.00189,0.00004,0.00071,0.00441
1598871609.672183275222778,0.00204,0.00006,0.00001,0.00189,0.00008,0.00071,0.00478
1598871609.704763889312744,0.00145,0.00010,0.00001,0.00191,0.00002,0.00079,0.00429
1598871609.738003253936768,0.00185,0.00006,0.00001,0.00192,0.00000,0.00093,0.00477
1598871609.771889209747314,0.00138,0.00006,0.00001,0.00187,0.00004,0.00070,0.00406
1598871609.804307222366333,0.00192,0.00005,0.00001,0.00188,0.00015,0.00071,0.00471
1598871609.838094234466553,0.00202,0.00010,0.00001,0.00197,0.00006,0.00127,0.00542
1598871609.872914075851440,0.00199,0.00012,0.00001,0.00201,0.00006,0.00095,0.00514
1598871609.905286312103271,0.00189,0.00006,0.00001,0.00190,0.00010,0.00073,0.00468
1598871609.938918352127075,0.00188,0.00005,0.00001,0.00194,0.00011,0.00078,0.00478
1598871609.971770763397217,0.00151,0.00008,0.00001,0.00192,0.00006,0.00076,0.00434
1598871610.006318569183350,0.00197,0.00007,0.00021,0.00198,0.00019,0.00102,0.00544
1598871610.039530515670776,0.00192,0.00006,0.00001,0.00194,0.00004,0.00086,0.00482
1598871610.106842994689941,0.00206,0.00013,0.00001,0.00201,0.00008,0.00085,0.00514
1598871610.172421693801880,0.00177,0.00010,0.00001,0.00192,0.00002,0.00088,0.00469
1598871610.205017089843750,0.00183,0.00008,0.00001,0.00199,0.00000,0.00102,0.00492
1598871610.239358186721802,0.00205,0.00011,0.00001,0.00205,0.00004,0.00101,0.00526
1598871610.271926403045654,0.00180,0.00009,0.00001,0.00198,0.00015,0.00099,0.00502
1598871610.305589437484741,0.00173,0.00005,0.00001,0.00214,0.00005,0.00071,0.00470
1598871610.338759183883667,0.00211,0.00008,0.00001,0.00200,0.00006,0.00101,0.00527
1598871610.372602224349976,0.00206,0.00008,0.00001,0.00196,0.00009,0.00082,0.00502
1598871610.406290292739868,0.00175,0.00005,0.00001,0.00191,0.00011,0.00084,0.00467
1598871610.439430952072144,0.00193,0.00008,0.00001,0.00198,0.00007,0.00098,0.00505
1598871610.473515748977661,0.00218,0.00007,0.00020,0.00222,0.00019,0.00098,0.00586
1598871610.540550947189331,0.00190,0.00009,0.00001,0.00190,0.00005,0.00080,0.00476
1598871610.605472087860107,0.00215,0.00009,0.00001,0.00193,0.00009,0.00084,0.00511
1598871610.639261960983276,0.00185,0.00005,0.00001,0.00199,0.00003,0.00096,0.00489
1598871610.673059225082397,0.00198,0.00008,0.00001,0.00201,0.00000,0.00100,0.00508
1598871610.707833766937256,0.00193,0.00007,0.00001,0.00198,0.00004,0.00103,0.00505
1598871610.769808053970337,0.00180,0.00007,0.00001,0.00194,0.00015,0.00081,0.00478
1598871610.805637121200562,0.00184,0.00008,0.00001,0.00198,0.00006,0.00100,0.00497
1598871610.839184284210205,0.00206,0.00007,0.00001,0.00206,0.00006,0.00103,0.00529
1598871610.903972864151001,0.00186,0.00008,0.00001,0.00191,0.00010,0.00084,0.00480
1598871610.937102556228638,0.00181,0.00005,0.00001,0.00192,0.00012,0.00086,0.00477
1598871610.970239400863647,0.00200,0.00009,0.00001,0.00199,0.00006,0.00098,0.00513
1598871611.004430770874023,0.00158,0.00005,0.00021,0.00190,0.00019,0.00076,0.00469
1598871611.037964105606079,0.00204,0.00008,0.00001,0.00206,0.00004,0.00102,0.00525
1598871611.070634603500366,0.00207,0.00006,0.00001,0.00192,0.00008,0.00089,0.00502
1598871611.104675292968750,0.00181,0.00007,0.00001,0.00198,0.00002,0.00099,0.00488
1598871611.138074398040771,0.00210,0.00007,0.00001,0.00215,0.00000,0.00102,0.00534
1598871611.171948194503784,0.00203,0.00008,0.00001,0.00222,0.00004,0.00095,0.00533
1598871611.205151081085205,0.00190,0.00007,0.00001,0.00197,0.00015,0.00098,0.00508
1598871611.239200353622437,0.00202,0.00006,0.00001,0.00191,0.00005,0.00104,0.00510
1598871611.304236173629761,0.00198,0.00008,0.00001,0.00192,0.00005,0.00084,0.00487
1598871611.339476823806763,0.00200,0.00006,0.00001,0.00198,0.00010,0.00080,0.00495
1598871611.371974706649780,0.00188,0.00005,0.00001,0.00196,0.00011,0.00080,0.00482
1598871611.405066013336182,0.00185,0.00008,0.00001,0.00204,0.00007,0.00100,0.00504
1598871611.437874794006348,0.00201,0.00006,0.00019,0.00196,0.00018,0.00077,0.00518
1598871611.471430063247681,0.00156,0.00006,0.00001,0.00193,0.00004,0.00077,0.00437
1598871611.505346298217773,0.00203,0.00007,0.00001,0.00200,0.00008,0.00098,0.00518
1598871611.539361000061035,0.00216,0.00013,0.00001,0.00202,0.00002,0.00100,0.00533
1598871611.605453729629517,0.00210,0.00009,0.00001,0.00197,0.00000,0.00097,0.00513
1598871611.639723062515259,0.00194,0.00006,0.00001,0.00194,0.00004,0.00083,0.00482
1598871611.705316066741943,0.00197,0.00009,0.00001,0.00199,0.00016,0.00099,0.00520
1598871611.737879037857056,0.00198,0.00007,0.00001,0.00220,0.00008,0.00097,0.00532
1598871611.771881341934204,0.00200,0.00006,0.00001,0.00192,0.00005,0.00076,0.00481
1598871611.804971694946289,0.00196,0.00008,0.00001,0.00203,0.00010,0.00098,0.00515
1598871611.837640047073364,0.00164,0.00006,0.00001,0.00222,0.00010,0.00076,0.00479
1598871611.871835708618164,0.00158,0.00006,0.00001,0.00186,0.00006,0.00071,0.00428
1598871611.905529022216797,0.00199,0.00007,0.00021,0.00196,0.00019,0.00076,0.00519
1598871611.939028978347778,0.00170,0.00006,0.00001,0.00194,0.00004,0.00077,0.00452
1598871611.971744298934937,0.00215,0.00008,0.00001,0.00202,0.00008,0.00102,0.00536
1598871612.004981517791748,0.00169,0.00007,0.00001,0.00192,0.00000,0.00077,0.00447
1598871612.039208889007568,0.00164,0.00005,0.00001,0.00187,0.00000,0.00073,0.00430
1598871612.071731090545654,0.00214,0.00008,0.00001,0.00204,0.00005,0.00104,0.00536
1598871612.105733394622803,0.00173,0.00005,0.00001,0.00195,0.00015,0.00082,0.00472
1598871612.138279199600220,0.00189,0.00008,0.00001,0.00201,0.00006,0.00095,0.00501
1598871612.171355009078979,0.00210,0.00008,0.00001,0.00200,0.00006,0.00101,0.00525
1598871612.206572055816650,0.00185,0.00007,0.00001,0.00198,0.00011,0.00099,0.00501
1598871612.238904237747192,0.00225,0.00007,0.00001,0.00203,0.00012,0.00095,0.00543
1598871612.272118806838989,0.00194,0.00008,0.00001,0.00202,0.00007,0.00096,0.00508
1598871612.305826902389526,0.00191,0.00005,0.00021,0.00188,0.00019,0.00073,0.00497
1598871612.371818304061890,0.00203,0.00009,0.00001,0.00200,0.00005,0.00098,0.00516
1598871612.404164552688599,0.00190,0.00005,0.00001,0.00194,0.00008,0.00081,0.00480
1598871612.437756299972534,0.00189,0.00005,0.00001,0.00193,0.00000,0.00084,0.00473
1598871612.471233606338501,0.00215,0.00008,0.00001,0.00201,0.00000,0.00081,0.00507
1598871612.504895210266113,0.00172,0.00005,0.00001,0.00193,0.00004,0.00082,0.00457
1598871612.540128469467163,0.00201,0.00006,0.00001,0.00192,0.00021,0.00080,0.00501
1598871612.573364496231079,0.00193,0.00008,0.00001,0.00199,0.00006,0.00101,0.00508
1598871612.606284379959106,0.00142,0.00005,0.00001,0.00191,0.00005,0.00074,0.00418
1598871612.642274141311646,0.00211,0.00008,0.00001,0.00227,0.00010,0.00106,0.00562
1598871612.706785678863525,0.00181,0.00009,0.00001,0.00199,0.00012,0.00109,0.00511
1598871612.740012884140015,0.00226,0.00008,0.00001,0.00193,0.00008,0.00083,0.00519
1598871612.805337667465210,0.00187,0.00007,0.00021,0.00194,0.00019,0.00082,0.00510
1598871612.838535070419312,0.00227,0.00007,0.00001,0.00203,0.00005,0.00099,0.00542
1598871612.872164487838745,0.00166,0.00006,0.00001,0.00195,0.00008,0.00083,0.00459
1598871612.906116724014282,0.00148,0.00005,0.00001,0.00190,0.00000,0.00072,0.00416
1598871612.938800334930420,0.00215,0.00008,0.00001,0.00199,0.00000,0.00103,0.00526
1598871612.972722768783569,0.00186,0.00008,0.00001,0.00201,0.00004,0.00114,0.00514
1598871613.005033016204834,0.00202,0.00008,0.00001,0.00193,0.00017,0.00132,0.00554
1598871613.043134689331055,0.00186,0.00007,0.00001,0.00195,0.00006,0.00103,0.00499
1598871613.109397172927856,0.00194,0.00007,0.00001,0.00192,0.00006,0.00081,0.00481
1598871613.173064708709717,0.00170,0.00007,0.00001,0.00192,0.00011,0.00080,0.00460
1598871613.208181619644165,0.00168,0.00005,0.00001,0.00192,0.00011,0.00080,0.00457
1598871613.241621494293213,0.00187,0.00006,0.00001,0.00193,0.00006,0.00079,0.00472
1598871613.277437925338745,0.00196,0.00005,0.00021,0.00192,0.00020,0.00081,0.00516
1598871613.338971614837646,0.00206,0.00009,0.00001,0.00195,0.00005,0.00078,0.00496
1598871613.372540235519409,0.00226,0.00010,0.00001,0.00198,0.00008,0.00077,0.00520
1598871613.405957460403442,0.00140,0.00006,0.00001,0.00196,0.00000,0.00079,0.00422
1598871613.439832210540771,0.00219,0.00009,0.00001,0.00202,0.00000,0.00099,0.00530
1598871613.473331212997437,0.00198,0.00014,0.00002,0.00206,0.00004,0.00099,0.00523
1598871613.506382465362549,0.00151,0.00007,0.00001,0.00195,0.00015,0.00082,0.00450
1598871613.540996789932251,0.00217,0.00006,0.00001,0.00187,0.00006,0.00079,0.00494
1598871613.577919006347656,0.00181,0.00005,0.00001,0.00188,0.00006,0.00071,0.00452
1598871613.642533540725708,0.00190,0.00012,0.00001,0.00196,0.00010,0.00075,0.00484
1598871613.705413341522217,0.00211,0.00009,0.00001,0.00195,0.00012,0.00150,0.00577
1598871613.741247892379761,0.00192,0.00007,0.00001,0.00194,0.00007,0.00096,0.00497
1598871613.773570060729980,0.00201,0.00005,0.00020,0.00193,0.00018,0.00083,0.00520
1598871613.806718826293945,0.00190,0.00013,0.00001,0.00205,0.00004,0.00098,0.00512
1598871613.842462539672852,0.00191,0.00007,0.00001,0.00204,0.00009,0.00102,0.00513
1598871613.877461671829224,0.00180,0.00005,0.00001,0.00193,0.00000,0.00082,0.00461
1598871613.938588142395020,0.00195,0.00007,0.00001,0.00193,0.00000,0.00088,0.00484
1598871613.972478866577148,0.00187,0.00014,0.00001,0.00203,0.00004,0.00099,0.00509
1598871614.006006240844727,0.00183,0.00006,0.00001,0.00196,0.00015,0.00079,0.00481
1598871614.038994789123535,0.00215,0.00007,0.00001,0.00209,0.00006,0.00076,0.00515
1598871614.073479175567627,0.00216,0.00007,0.00001,0.00210,0.00006,0.00080,0.00520
1598871614.106332302093506,0.00200,0.00007,0.00001,0.00196,0.00010,0.00126,0.00540
1598871614.140705585479736,0.00193,0.00007,0.00001,0.00201,0.00011,0.00091,0.00504
1598871614.174046277999878,0.00218,0.00008,0.00001,0.00200,0.00007,0.00105,0.00538
1598871614.207069873809814,0.00177,0.00006,0.00020,0.00223,0.00019,0.00083,0.00527
1598871614.240817785263062,0.00203,0.00008,0.00001,0.00200,0.00004,0.00099,0.00516
1598871614.273790121078491,0.00201,0.00007,0.00001,0.00197,0.00009,0.00097,0.00511
1598871614.306612730026245,0.00185,0.00005,0.00001,0.00191,0.00000,0.00082,0.00464
1598871614.341548204421997,0.00180,0.00006,0.00001,0.00192,0.00000,0.00084,0.00462
1598871614.374539375305176,0.00195,0.00008,0.00001,0.00200,0.00005,0.00100,0.00509
1598871614.440528154373169,0.00196,0.00010,0.00001,0.00197,0.00016,0.00095,0.00515
1598871614.473776817321777,0.00196,0.00005,0.00001,0.00192,0.00006,0.00080,0.00480
1598871614.507764577865601,0.00173,0.00005,0.00001,0.00192,0.00006,0.00081,0.00458
1598871614.573847293853760,0.00177,0.00007,0.00001,0.00193,0.00010,0.00079,0.00468
1598871614.608249187469482,0.00169,0.00006,0.00001,0.00225,0.00011,0.00083,0.00494
1598871614.643611431121826,0.00183,0.00006,0.00001,0.00194,0.00006,0.00081,0.00471
1598871614.708354234695435,0.00217,0.00010,0.00022,0.00202,0.00019,0.00096,0.00566
1598871614.777004480361938,0.00181,0.00009,0.00001,0.00230,0.00004,0.00096,0.00521
1598871614.839568614959717,0.00229,0.00008,0.00001,0.00200,0.00008,0.00097,0.00544
1598871614.873051404953003,0.00198,0.00008,0.00001,0.00199,0.00000,0.00104,0.00508
1598871614.910608291625977,0.00172,0.00007,0.00001,0.00192,0.00000,0.00083,0.00455
1598871614.943212270736694,0.00176,0.00005,0.00001,0.00193,0.00004,0.00080,0.00459
1598871615.006548643112183,0.00199,0.00007,0.00001,0.00191,0.00016,0.00080,0.00494
1598871615.044839859008789,0.00179,0.00006,0.00001,0.00192,0.00006,0.00082,0.00465
1598871615.106458902359009,0.00200,0.00007,0.00001,0.00221,0.00005,0.00080,0.00514
1598871615.139059066772461,0.00188,0.00005,0.00001,0.00218,0.00009,0.00084,0.00505
1598871615.173325300216675,0.00191,0.00006,0.00001,0.00191,0.00011,0.00079,0.00479
1598871615.206398010253906,0.00194,0.00009,0.00001,0.00200,0.00007,0.00100,0.00511
1598871615.241239070892334,0.00226,0.00007,0.00019,0.00212,0.00019,0.00078,0.00561
1598871615.275002241134644,0.00232,0.00007,0.00001,0.00227,0.00004,0.00102,0.00573
1598871615.343389511108398,0.00202,0.00010,0.00001,0.00198,0.00008,0.00101,0.00520
1598871615.407207727432251,0.00227,0.00009,0.00001,0.00198,0.00000,0.00104,0.00538
1598871615.440052986145020,0.00209,0.00008,0.00001,0.00194,0.00000,0.00080,0.00491
1598871615.474044322967529,0.00192,0.00005,0.00001,0.00205,0.00004,0.00103,0.00510
1598871615.506700038909912,0.00191,0.00007,0.00001,0.00192,0.00014,0.00096,0.00500
1598871615.539942979812622,0.00212,0.00008,0.00001,0.00200,0.00006,0.00095,0.00523
1598871615.573891639709473,0.00210,0.00008,0.00001,0.00201,0.00006,0.00073,0.00498
1598871615.607172012329102,0.00164,0.00005,0.00001,0.00196,0.00010,0.00077,0.00454
1598871615.640996694564819,0.00192,0.00006,0.00001,0.00224,0.00012,0.00077,0.00511
1598871615.673824787139893,0.00182,0.00006,0.00001,0.00193,0.00007,0.00074,0.00462
1598871615.709570169448853,0.00170,0.00006,0.00022,0.00195,0.00019,0.00077,0.00490
1598871615.773902654647827,0.00173,0.00007,0.00001,0.00195,0.00004,0.00083,0.00464
1598871615.809267759323120,0.00161,0.00006,0.00001,0.00195,0.00009,0.00077,0.00448
1598871615.842355966567993,0.00273,0.00007,0.00001,0.00197,0.00000,0.00096,0.00575
1598871615.874756097793579,0.00211,0.00007,0.00001,0.00263,0.00000,0.00097,0.00578
1598871615.908740520477295,0.00191,0.00009,0.00001,0.00201,0.00004,0.00077,0.00483
1598871615.974350214004517,0.00186,0.00009,0.00001,0.00201,0.00015,0.00098,0.00509
1598871616.008581161499023,0.00177,0.00006,0.00001,0.00195,0.00006,0.00083,0.00467
1598871616.041719436645508,0.00187,0.00006,0.00001,0.00226,0.00006,0.00082,0.00506
1598871616.076247453689575,0.00181,0.00005,0.00001,0.00192,0.00011,0.00082,0.00472
1598871616.108538389205933,0.00196,0.00008,0.00001,0.00201,0.00012,0.00094,0.00514
1598871616.142731666564941,0.00218,0.00011,0.00001,0.00198,0.00007,0.00078,0.00512
1598871616.208709478378296,0.00201,0.00009,0.00022,0.00196,0.00020,0.00102,0.00550
1598871616.241995096206665,0.00194,0.00006,0.00001,0.00194,0.00004,0.00121,0.00521
1598871616.274966955184937,0.00207,0.00007,0.00001,0.00193,0.00008,0.00109,0.00525
1598871616.308729171752930,0.00192,0.00008,0.00001,0.00193,0.00000,0.00083,0.00477
1598871616.341405391693115,0.00197,0.00005,0.00001,0.00193,0.00000,0.00080,0.00476
1598871616.374674797058105,0.00200,0.00006,0.00001,0.00217,0.00004,0.00106,0.00534
1598871616.408322334289551,0.00155,0.00006,0.00001,0.00198,0.00016,0.00080,0.00457
1598871616.441466808319092,0.00203,0.00007,0.00001,0.00206,0.00006,0.00102,0.00525
1598871616.479990243911743,0.00200,0.00006,0.00001,0.00194,0.00006,0.00083,0.00490
1598871616.543779373168945,0.00210,0.00009,0.00001,0.00199,0.00010,0.00120,0.00550
1598871616.609758853912354,0.00218,0.00010,0.00001,0.00196,0.00014,0.00084,0.00523
1598871616.675401687622070,0.00179,0.00007,0.00001,0.00193,0.00006,0.00084,0.00470
1598871616.708063602447510,0.00188,0.00005,0.00019,0.00193,0.00018,0.00081,0.00505
1598871616.740706443786621,0.00214,0.00008,0.00001,0.00205,0.00005,0.00127,0.00560
1598871616.774504661560059,0.00208,0.00011,0.00001,0.00197,0.00008,0.00078,0.00502
1598871616.807977676391602,0.00213,0.00007,0.00001,0.00211,0.00000,0.00080,0.00512
1598871616.843055248260498,0.00192,0.00006,0.00001,0.00198,0.00000,0.00077,0.00473
1598871616.875410079956055,0.00207,0.00007,0.00001,0.00200,0.00004,0.00102,0.00521
1598871616.909003019332886,0.00200,0.00008,0.00001,0.00199,0.00015,0.00094,0.00517
1598871616.941780567169189,0.00205,0.00007,0.00001,0.00197,0.00006,0.00098,0.00514
1598871616.974537849426270,0.00199,0.00006,0.00001,0.00194,0.00006,0.00079,0.00484
1598871617.009634971618652,0.00185,0.00006,0.00001,0.00194,0.00011,0.00081,0.00478
1598871617.042313337326050,0.00180,0.00005,0.00001,0.00193,0.00012,0.00083,0.00474
1598871617.075350761413574,0.00223,0.00014,0.00001,0.00236,0.00008,0.00096,0.00579
1598871617.108266830444336,0.00186,0.00007,0.00021,0.00197,0.00019,0.00098,0.00527
1598871617.149682760238647,0.00192,0.00006,0.00001,0.00196,0.00004,0.00081,0.00480
1598871617.183382749557495,0.00197,0.00005,0.00001,0.00201,0.00012,0.00105,0.00522
1598871617.242235183715820,0.00228,0.00009,0.00001,0.00201,0.00000,0.00102,0.00540
1598871617.275863170623779,0.00232,0.00009,0.00001,0.00253,0.00000,0.00156,0.00652
1598871617.308674573898315,0.00191,0.00007,0.00001,0.00199,0.00004,0.00101,0.00502
1598871617.340960264205933,0.00224,0.00007,0.00001,0.00200,0.00016,0.00095,0.00543
1598871617.378934383392334,0.00211,0.00006,0.00001,0.00196,0.00005,0.00078,0.00496
1598871617.440570354461670,0.00205,0.00009,0.00001,0.00233,0.00005,0.00099,0.00553
1598871617.474869489669800,0.00190,0.00005,0.00001,0.00194,0.00010,0.00083,0.00484
1598871617.507706403732300,0.00193,0.00008,0.00001,0.00202,0.00012,0.00097,0.00513
1598871617.541426181793213,0.00187,0.00006,0.00001,0.00188,0.00007,0.00073,0.00462
1598871617.576775312423706,0.00232,0.00010,0.00022,0.00199,0.00018,0.00100,0.00581
1598871617.642516851425171,0.00223,0.00010,0.00001,0.00194,0.00005,0.00083,0.00517
1598871617.675841569900513,0.00175,0.00010,0.00001,0.00223,0.00008,0.00083,0.00500
1598871617.710234403610229,0.00178,0.00006,0.00001,0.00194,0.00000,0.00084,0.00463
1598871617.776967287063599,0.00175,0.00007,0.00001,0.00191,0.00000,0.00079,0.00453
1598871617.809757947921753,0.00164,0.00005,0.00001,0.00212,0.00006,0.00096,0.00485
1598871617.842755794525146,0.00189,0.00005,0.00001,0.00193,0.00016,0.00086,0.00490
1598871617.875326156616211,0.00182,0.00005,0.00001,0.00195,0.00006,0.00082,0.00471
1598871617.908157587051392,0.00191,0.00009,0.00001,0.00201,0.00006,0.00100,0.00508
1598871617.942790031433105,0.00215,0.00007,0.00001,0.00215,0.00010,0.00081,0.00529
1598871617.976926326751709,0.00159,0.00007,0.00001,0.00196,0.00011,0.00080,0.00453
1598871618.042628765106201,0.00177,0.00007,0.00001,0.00227,0.00006,0.00073,0.00491
1598871618.077585458755493,0.00144,0.00005,0.00020,0.00186,0.00018,0.00071,0.00445
1598871618.142398595809937,0.00176,0.00007,0.00001,0.00226,0.00004,0.00072,0.00486
1598871618.175288915634155,0.00236,0.00007,0.00001,0.00199,0.00008,0.00103,0.00554
1598871618.207946062088013,0.00181,0.00006,0.00001,0.00193,0.00000,0.00082,0.00463
1598871618.242546558380127,0.00196,0.00012,0.00001,0.00212,0.00000,0.00111,0.00531
1598871618.276167392730713,0.00212,0.00008,0.00001,0.00194,0.00004,0.00094,0.00513
1598871618.309074640274048,0.00173,0.00005,0.00001,0.00194,0.00015,0.00083,0.00471
1598871618.343118906021118,0.00193,0.00008,0.00001,0.00191,0.00006,0.00080,0.00479
1598871618.378552198410034,0.00219,0.00008,0.00001,0.00191,0.00006,0.00083,0.00509
1598871618.442079782485962,0.00177,0.00007,0.00001,0.00243,0.00011,0.00101,0.00539
1598871618.477749586105347,0.00197,0.00007,0.00001,0.00194,0.00012,0.00096,0.00507
1598871618.543282747268677,0.00193,0.00009,0.00001,0.00198,0.00007,0.00097,0.00506
1598871618.577137947082520,0.00223,0.00007,0.00022,0.00199,0.00020,0.00100,0.00570
1598871618.643954515457153,0.00209,0.00010,0.00001,0.00201,0.00005,0.00098,0.00522
1598871618.676720142364502,0.00260,0.00011,0.00001,0.00196,0.00009,0.00077,0.00553
1598871618.710547208786011,0.00191,0.00007,0.00001,0.00197,0.00000,0.00101,0.00497
1598871618.776417970657349,0.00186,0.00007,0.00001,0.00192,0.00000,0.00081,0.00468
1598871618.809488058090210,0.00178,0.00007,0.00001,0.00197,0.00004,0.00097,0.00483
1598871618.843157529830933,0.00216,0.00008,0.00001,0.00198,0.00017,0.00102,0.00542
1598871618.876757621765137,0.00197,0.00005,0.00001,0.00194,0.00006,0.00088,0.00491
1598871618.909205913543701,0.00202,0.00008,0.00001,0.00198,0.00006,0.00098,0.00512
1598871618.943938255310059,0.00203,0.00005,0.00001,0.00188,0.00010,0.00071,0.00478
1598871619.008960008621216,0.00248,0.00013,0.00001,0.00195,0.00012,0.00097,0.00567
1598871619.042680263519287,0.00185,0.00005,0.00001,0.00192,0.00007,0.00081,0.00472
1598871619.079650640487671,0.00209,0.00008,0.00022,0.00191,0.00019,0.00079,0.00528
1598871619.112246751785278,0.00171,0.00005,0.00001,0.00191,0.00004,0.00072,0.00444
1598871619.146880388259888,0.00225,0.00014,0.00001,0.00219,0.00008,0.00090,0.00557
1598871619.208565473556519,0.00238,0.00009,0.00001,0.00203,0.00000,0.00098,0.00550
1598871619.247469902038574,0.00185,0.00006,0.00001,0.00192,0.00000,0.00082,0.00466
1598871619.308894157409668,0.00186,0.00007,0.00001,0.00193,0.00004,0.00084,0.00475
1598871619.342633962631226,0.00218,0.00008,0.00001,0.00193,0.00016,0.00084,0.00520
1598871619.410297870635986,0.00170,0.00007,0.00001,0.00188,0.00006,0.00080,0.00452
1598871619.443760871887207,0.00194,0.00005,0.00001,0.00191,0.00006,0.00082,0.00479
1598871619.476475238800049,0.00187,0.00006,0.00001,0.00194,0.00011,0.00080,0.00478
1598871619.509580850601196,0.00198,0.00006,0.00001,0.00230,0.00011,0.00080,0.00526
1598871619.541975975036621,0.00192,0.00005,0.00001,0.00192,0.00006,0.00079,0.00476
1598871619.576678752899170,0.00176,0.00005,0.00021,0.00189,0.00020,0.00080,0.00492
1598871619.609675407409668,0.00194,0.00009,0.00001,0.00202,0.00005,0.00102,0.00513
1598871619.644496202468872,0.00230,0.00008,0.00001,0.00196,0.00008,0.00095,0.00537
1598871619.709418296813965,0.00200,0.00007,0.00001,0.00193,0.00000,0.00081,0.00483
1598871619.743370294570923,0.00200,0.00008,0.00001,0.00198,0.00000,0.00100,0.00507
1598871619.781650066375732,0.00205,0.00008,0.00001,0.00230,0.00006,0.00104,0.00554
1598871619.843512773513794,0.00207,0.00007,0.00001,0.00195,0.00015,0.00084,0.00508
1598871619.875874519348145,0.00216,0.00006,0.00001,0.00193,0.00005,0.00078,0.00500
1598871619.908651590347290,0.00178,0.00005,0.00001,0.00193,0.00006,0.00079,0.00462
1598871619.943211555480957,0.00201,0.00005,0.00001,0.00193,0.00010,0.00080,0.00490
1598871619.976220607757568,0.00184,0.00006,0.00001,0.00194,0.00012,0.00082,0.00479
1598871620.009581804275513,0.00183,0.00005,0.00001,0.00195,0.00007,0.00083,0.00474
1598871620.042548656463623,0.00211,0.00005,0.00021,0.00193,0.00019,0.00081,0.00530
1598871620.075434923171997,0.00219,0.00008,0.00001,0.00196,0.00005,0.00081,0.00511
1598871620.110291004180908,0.00169,0.00006,0.00001,0.00240,0.00008,0.00082,0.00506
1598871620.144530773162842,0.00224,0.00013,0.00001,0.00201,0.00000,0.00104,0.00543
1598871620.177284240722656,0.00214,0.00007,0.00001,0.00197,0.00000,0.00098,0.00517
1598871620.209591150283813,0.00207,0.00005,0.00001,0.00195,0.00004,0.00122,0.00534
1598871620.243599653244019,0.00202,0.00007,0.00001,0.00217,0.00022,0.00097,0.00546
1598871620.277683734893799,0.00216,0.00009,0.00001,0.00195,0.00006,0.00082,0.00509
1598871620.310100078582764,0.00199,0.00008,0.00001,0.00200,0.00005,0.00143,0.00556
1598871620.345011711120605,0.00218,0.00007,0.00001,0.00207,0.00010,0.00101,0.00543
1598871620.410384654998779,0.00210,0.00007,0.00001,0.00192,0.00011,0.00081,0.00503
1598871620.445293903350830,0.00214,0.00008,0.00001,0.00192,0.00007,0.00089,0.00510
1598871620.511415481567383,0.00233,0.00010,0.00023,0.00202,0.00019,0.00080,0.00568
1598871620.544716358184814,0.00188,0.00005,0.00001,0.00194,0.00004,0.00082,0.00475
1598871620.577340126037598,0.00191,0.00005,0.00001,0.00191,0.00008,0.00084,0.00479
1598871620.610570430755615,0.00181,0.00006,0.00001,0.00183,0.00000,0.00083,0.00454
1598871620.643700838088989,0.00191,0.00008,0.00001,0.00191,0.00000,0.00097,0.00487
1598871620.677044391632080,0.00208,0.00007,0.00006,0.00191,0.00010,0.00102,0.00526
1598871620.710431098937988,0.00199,0.00016,0.00001,0.00192,0.00015,0.00083,0.00506
1598871620.743403673171997,0.00230,0.00011,0.00001,0.00202,0.00006,0.00098,0.00548
1598871620.777558565139771,0.00176,0.00011,0.00001,0.00193,0.00006,0.00079,0.00465
1598871620.811578035354614,0.00191,0.00011,0.00001,0.00202,0.00010,0.00100,0.00514
1598871620.844667673110962,0.00195,0.00008,0.00001,0.00216,0.00017,0.00099,0.00536
1598871620.876990079879761,0.00177,0.00008,0.00001,0.00197,0.00006,0.00079,0.00468
1598871620.911011219024658,0.00195,0.00010,0.00021,0.00198,0.00019,0.00100,0.00545
1598871620.944932222366333,0.00223,0.00009,0.00001,0.00198,0.00006,0.00087,0.00524
1598871621.010912895202637,0.00186,0.00007,0.00001,0.00201,0.00008,0.00126,0.00528
1598871621.045276165008545,0.00223,0.00009,0.00001,0.00205,0.00000,0.00093,0.00530
1598871621.077555418014526,0.00210,0.00010,0.00001,0.00200,0.00000,0.00100,0.00521
1598871621.111004114151001,0.00170,0.00005,0.00001,0.00197,0.00004,0.00085,0.00462
1598871621.143640518188477,0.00196,0.00005,0.00001,0.00201,0.00015,0.00081,0.00499
1598871621.178049087524414,0.00198,0.00006,0.00001,0.00191,0.00005,0.00085,0.00485
1598871621.210784673690796,0.00180,0.00008,0.00001,0.00199,0.00006,0.00080,0.00473
1598871621.244213342666626,0.00187,0.00008,0.00001,0.00200,0.00011,0.00105,0.00513
1598871621.279348850250244,0.00211,0.00008,0.00001,0.00204,0.00011,0.00096,0.00532
1598871621.344379663467407,0.00211,0.00010,0.00001,0.00199,0.00007,0.00085,0.00513
1598871621.410027265548706,0.00191,0.00010,0.00019,0.00193,0.00018,0.00088,0.00520
1598871621.443990945816040,0.00207,0.00007,0.00001,0.00204,0.00005,0.00101,0.00526
1598871621.478076934814453,0.00234,0.00007,0.00001,0.00203,0.00008,0.00095,0.00548
1598871621.544373273849487,0.00197,0.00009,0.00001,0.00198,0.00000,0.00082,0.00488
1598871621.576785564422607,0.00208,0.00011,0.00001,0.00205,0.00000,0.00097,0.00521
1598871621.610465526580811,0.00156,0.00006,0.00001,0.00191,0.00004,0.00072,0.00430
1598871621.644467830657959,0.00197,0.00005,0.00001,0.00189,0.00015,0.00074,0.00482
1598871621.676901817321777,0.00218,0.00010,0.00001,0.00194,0.00006,0.00117,0.00547
1598871621.709805250167847,0.00150,0.00012,0.00001,0.00198,0.00006,0.00090,0.00457
1598871621.744054079055786,0.00231,0.00012,0.00001,0.00199,0.00010,0.00101,0.00554
1598871621.776345729827881,0.00201,0.00009,0.00001,0.00206,0.00012,0.00135,0.00565
1598871621.809820413589478,0.00217,0.00010,0.00001,0.00199,0.00007,0.00084,0.00518
1598871621.842937707901001,0.00201,0.00007,0.00020,0.00238,0.00019,0.00109,0.00594
1598871621.877742767333984,0.00193,0.00008,0.00001,0.00201,0.00004,0.00082,0.00490
1598871621.910341501235962,0.00187,0.00008,0.00001,0.00226,0.00009,0.00079,0.00510
1598871621.943556308746338,0.00175,0.00006,0.00001,0.00191,0.00000,0.00072,0.00443
1598871621.976927042007446,0.00149,0.00006,0.00001,0.00192,0.00000,0.00079,0.00426
1598871622.009569168090820,0.00219,0.00018,0.00001,0.00201,0.00004,0.00137,0.00580
1598871622.044733762741089,0.00221,0.00007,0.00001,0.00193,0.00015,0.00097,0.00534
1598871622.077265262603760,0.00223,0.00009,0.00001,0.00194,0.00006,0.00084,0.00518
1598871622.110644102096558,0.00194,0.00005,0.00001,0.00191,0.00005,0.00089,0.00486
1598871622.144626617431641,0.00193,0.00008,0.00001,0.00199,0.00013,0.00120,0.00534
1598871622.179053783416748,0.00214,0.00007,0.00001,0.00196,0.00012,0.00102,0.00531
1598871622.244323730468750,0.00213,0.00014,0.00002,0.00219,0.00007,0.00081,0.00536
1598871622.279122591018677,0.00197,0.00009,0.00022,0.00200,0.00019,0.00104,0.00551
1598871622.311707496643066,0.00169,0.00006,0.00001,0.00228,0.00004,0.00082,0.00489
1598871622.344239473342896,0.00179,0.00005,0.00001,0.00219,0.00013,0.00093,0.00510
1598871622.377896308898926,0.00221,0.00009,0.00001,0.00194,0.00000,0.00085,0.00511
1598871622.411441087722778,0.00166,0.00005,0.00001,0.00195,0.00000,0.00086,0.00452
1598871622.449036121368408,0.00177,0.00006,0.00001,0.00191,0.00004,0.00081,0.00460
1598871622.510993242263794,0.00204,0.00012,0.00001,0.00248,0.00017,0.00103,0.00585
1598871622.543811798095703,0.00186,0.00007,0.00001,0.00212,0.00010,0.00112,0.00528
1598871622.577612161636353,0.00181,0.00006,0.00001,0.00193,0.00005,0.00080,0.00467
1598871622.611707687377930,0.00217,0.00009,0.00001,0.00213,0.00011,0.00088,0.00540
1598871622.644767999649048,0.00200,0.00007,0.00002,0.00215,0.00012,0.00081,0.00517
1598871622.677252769470215,0.00226,0.00009,0.00001,0.00193,0.00007,0.00084,0.00519
1598871622.710419416427612,0.00161,0.00005,0.00020,0.00199,0.00019,0.00083,0.00487
1598871622.743330001831055,0.00191,0.00012,0.00001,0.00206,0.00005,0.00096,0.00512
1598871622.777183294296265,0.00218,0.00010,0.00001,0.00200,0.00009,0.00097,0.00533
1598871622.816478013992310,0.00210,0.00009,0.00001,0.00195,0.00000,0.00084,0.00499
1598871622.849175691604614,0.00189,0.00007,0.00001,0.00195,0.00000,0.00087,0.00479
1598871622.911775827407837,0.00180,0.00009,0.00001,0.00201,0.00004,0.00090,0.00485
1598871622.945354461669922,0.00180,0.00008,0.00001,0.00192,0.00014,0.00082,0.00477
1598871622.979306459426880,0.00219,0.00009,0.00001,0.00196,0.00006,0.00085,0.00516
1598871623.011691808700562,0.00166,0.00008,0.00001,0.00193,0.00005,0.00086,0.00459
1598871623.044980287551880,0.00211,0.00006,0.00001,0.00191,0.00009,0.00104,0.00521
1598871623.077550411224365,0.00210,0.00008,0.00001,0.00192,0.00010,0.00081,0.00502
1598871623.111020326614380,0.00166,0.00005,0.00001,0.00198,0.00006,0.00084,0.00460
1598871623.144387245178223,0.00194,0.00006,0.00019,0.00192,0.00018,0.00081,0.00510
1598871623.177629470825195,0.00183,0.00005,0.00001,0.00191,0.00004,0.00081,0.00465
1598871623.212527036666870,0.00178,0.00007,0.00001,0.00189,0.00007,0.00085,0.00467
1598871623.278697490692139,0.00167,0.00007,0.00001,0.00194,0.00000,0.00082,0.00451
1598871623.311418294906616,0.00177,0.00005,0.00001,0.00210,0.00000,0.00086,0.00478
1598871623.344947338104248,0.00205,0.00007,0.00001,0.00191,0.00005,0.00075,0.00484
1598871623.378863573074341,0.00161,0.00006,0.00001,0.00188,0.00014,0.00076,0.00447
1598871623.411837816238403,0.00204,0.00012,0.00001,0.00218,0.00006,0.00105,0.00546
1598871623.444160938262939,0.00186,0.00006,0.00001,0.00191,0.00005,0.00082,0.00472
1598871623.479324102401733,0.00198,0.00008,0.00001,0.00189,0.00010,0.00084,0.00490
1598871623.511593818664551,0.00169,0.00006,0.00001,0.00188,0.00012,0.00082,0.00458
1598871623.545584201812744,0.00221,0.00011,0.00001,0.00193,0.00008,0.00083,0.00518
1598871623.579293251037598,0.00189,0.00008,0.00020,0.00190,0.00019,0.00081,0.00508
1598871623.612200736999512,0.00168,0.00008,0.00001,0.00191,0.00004,0.00089,0.00461
1598871623.645694494247437,0.00194,0.00009,0.00001,0.00192,0.00008,0.00091,0.00495
1598871623.712222576141357,0.00212,0.00010,0.00001,0.00193,0.00000,0.00081,0.00497
1598871623.746073007583618,0.00152,0.00010,0.00001,0.00192,0.00000,0.00077,0.00432
1598871623.778635025024414,0.00211,0.00009,0.00001,0.00194,0.00004,0.00087,0.00507
1598871623.812211036682129,0.00176,0.00008,0.00001,0.00194,0.00015,0.00087,0.00481
1598871623.846696615219116,0.00202,0.00006,0.00001,0.00203,0.00005,0.00087,0.00504
1598871623.913076639175415,0.00182,0.00009,0.00001,0.00193,0.00006,0.00076,0.00467
1598871623.978429079055786,0.00199,0.00011,0.00001,0.00194,0.00011,0.00085,0.00500
1598871624.012922763824463,0.00178,0.00005,0.00001,0.00196,0.00011,0.00085,0.00475
1598871624.078266859054565,0.00206,0.00012,0.00001,0.00195,0.00007,0.00083,0.00505
1598871624.111754655838013,0.00181,0.00005,0.00021,0.00198,0.00020,0.00086,0.00511
1598871624.146894216537476,0.00225,0.00011,0.00001,0.00194,0.00005,0.00085,0.00521
1598871624.212793111801147,0.00225,0.00011,0.00001,0.00195,0.00010,0.00086,0.00528
1598871624.245555639266968,0.00219,0.00010,0.00001,0.00193,0.00000,0.00083,0.00506
1598871624.284612178802490,0.00195,0.00006,0.00001,0.00191,0.00000,0.00084,0.00477
1598871624.345222949981689,0.00231,0.00010,0.00001,0.00207,0.00005,0.00086,0.00540
1598871624.379090309143066,0.00222,0.00008,0.00001,0.00192,0.00016,0.00084,0.00523
1598871624.411614656448364,0.00199,0.00008,0.00001,0.00195,0.00007,0.00085,0.00497
1598871624.446073770523071,0.00193,0.00006,0.00001,0.00191,0.00005,0.00081,0.00477
1598871624.481468200683594,0.00194,0.00010,0.00001,0.00199,0.00009,0.00081,0.00495
1598871624.547240257263184,0.00196,0.00007,0.00001,0.00193,0.00011,0.00083,0.00490
1598871624.613399982452393,0.00223,0.00010,0.00001,0.00193,0.00007,0.00087,0.00523
1598871624.677880287170410,0.00177,0.00016,0.00020,0.00192,0.00018,0.00080,0.00503
1598871624.711238622665405,0.00183,0.00008,0.00001,0.00201,0.00005,0.00104,0.00502
1598871624.745014667510986,0.00187,0.00009,0.00001,0.00191,0.00009,0.00076,0.00472
1598871624.778858661651611,0.00225,0.00008,0.00001,0.00199,0.00000,0.00107,0.00540
1598871624.812122583389282,0.00175,0.00008,0.00001,0.00192,0.00000,0.00078,0.00453
1598871624.845398187637329,0.00194,0.00005,0.00001,0.00188,0.00005,0.00072,0.00465
1598871624.882714271545410,0.00206,0.00008,0.00001,0.00198,0.00016,0.00099,0.00530
1598871624.950366020202637,0.00198,0.00007,0.00001,0.00196,0.00006,0.00084,0.00494
1598871625.013139247894287,0.00191,0.00009,0.00001,0.00199,0.00006,0.00099,0.00505
1598871625.078100442886353,0.00161,0.00009,0.00001,0.00206,0.00011,0.00077,0.00466
1598871625.111819028854370,0.00211,0.00008,0.00001,0.00201,0.00013,0.00119,0.00552
1598871625.144528150558472,0.00209,0.00005,0.00001,0.00191,0.00006,0.00084,0.00497
1598871625.178638219833374,0.00190,0.00012,0.00022,0.00196,0.00019,0.00092,0.00532
1598871625.212481498718262,0.00192,0.00011,0.00001,0.00207,0.00006,0.00096,0.00513
1598871625.246360063552856,0.00223,0.00010,0.00001,0.00192,0.00010,0.00082,0.00519
1598871625.280387401580811,0.00178,0.00005,0.00001,0.00195,0.00000,0.00096,0.00475
1598871625.313382863998413,0.00188,0.00005,0.00001,0.00198,0.00000,0.00093,0.00485
1598871625.347595453262329,0.00183,0.00006,0.00001,0.00193,0.00004,0.00079,0.00465
1598871625.381155967712402,0.00193,0.00007,0.00001,0.00198,0.00016,0.00102,0.00518
1598871625.413461685180664,0.00197,0.00007,0.00001,0.00200,0.00006,0.00114,0.00526
1598871625.448893785476685,0.00216,0.00009,0.00001,0.00193,0.00007,0.00085,0.00511
1598871625.513249158859253,0.00222,0.00011,0.00001,0.00193,0.00013,0.00087,0.00526
1598871625.546533584594727,0.00184,0.00006,0.00001,0.00191,0.00013,0.00080,0.00475
1598871625.582343339920044,0.00193,0.00008,0.00001,0.00191,0.00007,0.00084,0.00485
1598871625.646603345870972,0.00182,0.00009,0.00022,0.00193,0.00020,0.00078,0.00503
1598871625.679170370101929,0.00192,0.00006,0.00001,0.00197,0.00004,0.00081,0.00481
1598871625.713157653808594,0.00189,0.00005,0.00001,0.00203,0.00009,0.00084,0.00490
1598871625.747078180313110,0.00194,0.00006,0.00001,0.00208,0.00000,0.00086,0.00496
1598871625.780040979385376,0.00204,0.00006,0.00001,0.00202,0.00000,0.00080,0.00492
1598871625.813710927963257,0.00184,0.00011,0.00001,0.00225,0.00004,0.00097,0.00523
1598871625.880502700805664,0.00193,0.00011,0.00001,0.00197,0.00015,0.00097,0.00514
1598871625.916605949401855,0.00175,0.00007,0.00001,0.00199,0.00006,0.00097,0.00485
1598871625.981662273406982,0.00174,0.00008,0.00001,0.00192,0.00006,0.00074,0.00454
1598871626.045633792877197,0.00211,0.00009,0.00001,0.00201,0.00011,0.00101,0.00533
1598871626.080308914184570,0.00226,0.00009,0.00001,0.00211,0.00013,0.00086,0.00545
1598871626.112688064575195,0.00202,0.00010,0.00001,0.00195,0.00008,0.00079,0.00495
1598871626.146711111068726,0.00186,0.00008,0.00021,0.00198,0.00019,0.00082,0.00513
1598871626.179558277130127,0.00195,0.00006,0.00001,0.00193,0.00004,0.00084,0.00483
1598871626.213411808013916,0.00191,0.00012,0.00001,0.00200,0.00009,0.00098,0.00512
1598871626.247284650802612,0.00200,0.00011,0.00001,0.00195,0.00000,0.00108,0.00515
1598871626.281037330627441,0.00187,0.00008,0.00001,0.00191,0.00000,0.00086,0.00472
1598871626.313914775848389,0.00215,0.00009,0.00001,0.00192,0.00005,0.00084,0.00505
1598871626.347298383712769,0.00177,0.00008,0.00001,0.00191,0.00016,0.00080,0.00473
1598871626.413605213165283,0.00205,0.00015,0.00001,0.00201,0.00007,0.00097,0.00524
1598871626.447539329528809,0.00232,0.00007,0.00001,0.00193,0.00005,0.00090,0.00529
1598871626.479870557785034,0.00233,0.00008,0.00003,0.00198,0.00017,0.00086,0.00545
1598871626.513602972030640,0.00198,0.00010,0.00001,0.00202,0.00012,0.00081,0.00505
1598871626.546897649765015,0.00176,0.00012,0.00001,0.00199,0.00007,0.00096,0.00491
1598871626.581381320953369,0.00204,0.00013,0.00020,0.00207,0.00019,0.00104,0.00568
1598871626.646375179290771,0.00219,0.00011,0.00001,0.00195,0.00005,0.00087,0.00518
1598871626.679468870162964,0.00188,0.00011,0.00001,0.00200,0.00009,0.00096,0.00504
1598871626.713010787963867,0.00182,0.00008,0.00001,0.00198,0.00000,0.00079,0.00468
1598871626.746442556381226,0.00216,0.00009,0.00001,0.00198,0.00000,0.00078,0.00502
1598871626.779499769210815,0.00200,0.00012,0.00001,0.00201,0.00005,0.00108,0.00527
1598871626.812500000000000,0.00180,0.00008,0.00001,0.00201,0.00015,0.00081,0.00486
1598871626.847685575485229,0.00203,0.00007,0.00001,0.00201,0.00006,0.00097,0.00516
1598871626.880250215530396,0.00212,0.00010,0.00001,0.00199,0.00006,0.00110,0.00537
1598871626.913155555725098,0.00199,0.00007,0.00001,0.00196,0.00010,0.00148,0.00561
1598871626.947699546813965,0.00211,0.00011,0.00001,0.00195,0.00014,0.00083,0.00515
1598871626.980708599090576,0.00173,0.00008,0.00001,0.00192,0.00006,0.00085,0.00465
1598871627.014084339141846,0.00171,0.00005,0.00020,0.00192,0.00020,0.00085,0.00494
1598871627.047192335128784,0.00207,0.00009,0.00001,0.00206,0.00005,0.00103,0.00531
1598871627.079633235931396,0.00206,0.00009,0.00001,0.00217,0.00008,0.00080,0.00521
1598871627.114624500274658,0.00199,0.00008,0.00001,0.00220,0.00000,0.00100,0.00527
1598871627.147567510604858,0.00194,0.00008,0.00001,0.00211,0.00000,0.00085,0.00498
1598871627.180979490280151,0.00200,0.00007,0.00001,0.00199,0.00004,0.00100,0.00511
1598871627.214342355728149,0.00207,0.00010,0.00001,0.00196,0.00017,0.00082,0.00513
1598871627.247312307357788,0.00190,0.00005,0.00001,0.00194,0.00006,0.00089,0.00484
1598871627.280194044113159,0.00189,0.00007,0.00001,0.00190,0.00006,0.00131,0.00524
1598871627.313847303390503,0.00176,0.00008,0.00001,0.00205,0.00010,0.00096,0.00497
1598871627.347424268722534,0.00187,0.00006,0.00001,0.00192,0.00011,0.00089,0.00485
1598871627.381030797958374,0.00173,0.00005,0.00001,0.00212,0.00007,0.00099,0.00497
1598871627.413996219635010,0.00177,0.00008,0.00020,0.00211,0.00019,0.00086,0.00522
1598871627.447417259216309,0.00192,0.00009,0.00001,0.00192,0.00004,0.00084,0.00481
1598871627.480407953262329,0.00192,0.00008,0.00001,0.00223,0.00009,0.00101,0.00533
1598871627.512876987457275,0.00214,0.00011,0.00001,0.00219,0.00000,0.00096,0.00542
1598871627.546367645263672,0.00187,0.00006,0.00001,0.00193,0.00000,0.00085,0.00472
1598871627.579729795455933,0.00198,0.00011,0.00001,0.00207,0.00004,0.00099,0.00520
1598871627.614478588104248,0.00142,0.00006,0.00001,0.00192,0.00015,0.00075,0.00430
1598871627.648451089859009,0.00208,0.00011,0.00001,0.00202,0.00005,0.00101,0.00528
1598871627.680889606475830,0.00189,0.00011,0.00001,0.00200,0.00005,0.00101,0.00508
1598871627.714095830917358,0.00144,0.00006,0.00001,0.00195,0.00009,0.00083,0.00439
1598871627.746964454650879,0.00210,0.00011,0.00001,0.00200,0.00011,0.00115,0.00548
1598871627.781103849411011,0.00183,0.00009,0.00001,0.00192,0.00006,0.00083,0.00473
1598871627.814759254455566,0.00179,0.00008,0.00020,0.00192,0.00018,0.00084,0.00502
1598871627.848713874816895,0.00176,0.00006,0.00001,0.00204,0.00004,0.00089,0.00479
1598871627.883425235748291,0.00187,0.00008,0.00001,0.00191,0.00007,0.00081,0.00474
1598871627.918365955352783,0.00164,0.00009,0.00001,0.00192,0.00000,0.00083,0.00448
1598871627.982430696487427,0.00191,0.00013,0.00001,0.00201,0.00000,0.00096,0.00502
1598871628.018408298492432,0.00207,0.00008,0.00001,0.00200,0.00004,0.00105,0.00524
1598871628.085960626602173,0.00214,0.00013,0.00001,0.00201,0.00016,0.00096,0.00540
1598871628.121068716049194,0.00185,0.00010,0.00001,0.00197,0.00006,0.00102,0.00501
1598871628.180683851242065,0.00206,0.00009,0.00001,0.00211,0.00006,0.00079,0.00513
1598871628.213709831237793,0.00191,0.00012,0.00001,0.00197,0.00011,0.00106,0.00517
1598871628.247337818145752,0.00172,0.00006,0.00001,0.00191,0.00011,0.00087,0.00468
1598871628.280470132827759,0.00180,0.00005,0.00001,0.00194,0.00006,0.00086,0.00473
1598871628.314041137695312,0.00169,0.00007,0.00020,0.00199,0.00019,0.00104,0.00518
1598871628.347860097885132,0.00195,0.00008,0.00001,0.00201,0.00004,0.00107,0.00516
1598871628.380776166915894,0.00169,0.00007,0.00001,0.00199,0.00008,0.00122,0.00506
1598871628.414443731307983,0.00194,0.00008,0.00001,0.00195,0.00000,0.00078,0.00476
1598871628.447891712188721,0.00185,0.00013,0.00001,0.00198,0.00000,0.00108,0.00505
1598871628.480792999267578,0.00178,0.00008,0.00001,0.00219,0.00004,0.00110,0.00519
1598871628.513961076736450,0.00178,0.00005,0.00001,0.00216,0.00015,0.00078,0.00493
1598871628.547781467437744,0.00189,0.00006,0.00001,0.00193,0.00006,0.00081,0.00475
1598871628.582033157348633,0.00192,0.00007,0.00001,0.00198,0.00006,0.00102,0.00506
1598871628.615282773971558,0.00176,0.00006,0.00001,0.00213,0.00010,0.00086,0.00492
1598871628.649058818817139,0.00175,0.00005,0.00001,0.00193,0.00011,0.00081,0.00467
1598871628.682554721832275,0.00182,0.00007,0.00001,0.00191,0.00006,0.00082,0.00469
1598871628.715150594711304,0.00185,0.00005,0.00019,0.00189,0.00018,0.00102,0.00519
1598871628.781259059906006,0.00165,0.00007,0.00001,0.00190,0.00004,0.00085,0.00452
1598871628.816406488418579,0.00169,0.00008,0.00001,0.00192,0.00008,0.00083,0.00461
1598871628.850534915924072,0.00189,0.00011,0.00001,0.00219,0.00000,0.00099,0.00519
1598871628.883453845977783,0.00197,0.00010,0.00001,0.00194,0.00000,0.00077,0.00480
1598871628.947512388229370,0.00174,0.00011,0.00001,0.00196,0.00004,0.00078,0.00464
1598871628.983052015304565,0.00194,0.00010,0.00001,0.00201,0.00018,0.00108,0.00532
1598871629.015877485275269,0.00175,0.00011,0.00001,0.00197,0.00006,0.00094,0.00483
1598871629.049805879592896,0.00213,0.00007,0.00001,0.00198,0.00005,0.00115,0.00540
1598871629.116343021392822,0.00227,0.00010,0.00001,0.00193,0.00011,0.00083,0.00525
1598871629.150110960006714,0.00210,0.00008,0.00001,0.00215,0.00013,0.00085,0.00532
1598871629.214584112167358,0.00184,0.00013,0.00001,0.00203,0.00007,0.00100,0.00509
1598871629.248254776000977,0.00170,0.00007,0.00020,0.00193,0.00018,0.00101,0.00509
1598871629.281377077102661,0.00201,0.00010,0.00001,0.00206,0.00004,0.00105,0.00527
1598871629.314717531204224,0.00175,0.00008,0.00001,0.00203,0.00008,0.00097,0.00492
1598871629.348552942276001,0.00180,0.00006,0.00001,0.00194,0.00000,0.00073,0.00455
1598871629.381894588470459,0.00172,0.00006,0.00001,0.00193,0.00000,0.00076,0.00448
1598871629.415523052215576,0.00200,0.00010,0.00001,0.00198,0.00004,0.00104,0.00517
1598871629.449970960617065,0.00183,0.00010,0.00002,0.00203,0.00016,0.00096,0.00511
1598871629.514949798583984,0.00193,0.00012,0.00001,0.00201,0.00006,0.00116,0.00529
1598871629.548603534698486,0.00168,0.00006,0.00001,0.00203,0.00006,0.00100,0.00483
1598871629.582496881484985,0.00211,0.00010,0.00001,0.00195,0.00010,0.00086,0.00514
1598871629.614889383316040,0.00173,0.00005,0.00001,0.00193,0.00011,0.00103,0.00486
1598871629.647952556610107,0.00183,0.00008,0.00001,0.00193,0.00006,0.00082,0.00473
1598871629.682369470596313,0.00164,0.00010,0.00024,0.00206,0.00020,0.00102,0.00525
1598871629.749799489974976,0.00196,0.00011,0.00001,0.00198,0.00004,0.00101,0.00512
1598871629.782117843627930,0.00186,0.00007,0.00001,0.00191,0.00009,0.00076,0.00471
1598871629.816229343414307,0.00145,0.00006,0.00001,0.00201,0.00000,0.00085,0.00439
1598871629.849431037902832,0.00198,0.00009,0.00001,0.00214,0.00000,0.00107,0.00529
1598871629.882879495620728,0.00194,0.00009,0.00001,0.00195,0.00005,0.00104,0.00508
1598871629.916130304336548,0.00182,0.00006,0.00001,0.00196,0.00015,0.00082,0.00482
1598871629.981948614120483,0.00208,0.00012,0.00001,0.00195,0.00007,0.00087,0.00510
1598871630.015621423721313,0.00171,0.00005,0.00001,0.00195,0.00006,0.00086,0.00463
1598871630.047971487045288,0.00164,0.00008,0.00001,0.00193,0.00011,0.00081,0.00457
1598871630.081614494323730,0.00166,0.00005,0.00001,0.00194,0.00011,0.00083,0.00459
1598871630.115082979202271,0.00178,0.00008,0.00001,0.00193,0.00006,0.00080,0.00467
1598871630.148351430892944,0.00178,0.00006,0.00019,0.00194,0.00018,0.00084,0.00499
1598871630.182469844818115,0.00204,0.00012,0.00001,0.00204,0.00005,0.00103,0.00529
1598871630.215435028076172,0.00189,0.00007,0.00001,0.00198,0.00009,0.00096,0.00500
1598871630.248279094696045,0.00181,0.00008,0.00001,0.00193,0.00000,0.00084,0.00466
1598871630.282974481582642,0.00190,0.00008,0.00001,0.00200,0.00000,0.00095,0.00494
1598871630.315589666366577,0.00162,0.00010,0.00001,0.00200,0.00004,0.00080,0.00457
1598871630.348796844482422,0.00197,0.00010,0.00001,0.00188,0.00015,0.00073,0.00485
1598871630.382859230041504,0.00198,0.00008,0.00001,0.00195,0.00006,0.00078,0.00486
1598871630.415187835693359,0.00193,0.00009,0.00001,0.00214,0.00006,0.00079,0.00502
1598871630.448601961135864,0.00198,0.00010,0.00001,0.00212,0.00011,0.00091,0.00522
1598871630.482431888580322,0.00189,0.00008,0.00001,0.00199,0.00012,0.00102,0.00510
1598871630.515950679779053,0.00186,0.00008,0.00001,0.00193,0.00006,0.00084,0.00478
1598871630.548648595809937,0.00167,0.00005,0.00020,0.00195,0.00019,0.00080,0.00486
1598871630.582364797592163,0.00168,0.00008,0.00001,0.00193,0.00004,0.00083,0.00457
1598871630.615991353988647,0.00193,0.00013,0.00001,0.00202,0.00008,0.00106,0.00523
1598871630.648979187011719,0.00181,0.00010,0.00001,0.00196,0.00000,0.00100,0.00488
1598871630.681427001953125,0.00169,0.00006,0.00001,0.00195,0.00000,0.00082,0.00452
1598871630.716137409210205,0.00198,0.00011,0.00001,0.00223,0.00004,0.00104,0.00541
1598871630.749822378158569,0.00187,0.00006,0.00001,0.00190,0.00014,0.00077,0.00475
1598871630.788415193557739,0.00197,0.00010,0.00001,0.00198,0.00005,0.00100,0.00512
1598871630.850659132003784,0.00181,0.00009,0.00001,0.00199,0.00005,0.00093,0.00488
1598871630.915369749069214,0.00193,0.00012,0.00001,0.00197,0.00009,0.00101,0.00513
1598871630.949555158615112,0.00186,0.00006,0.00001,0.00203,0.00011,0.00085,0.00492
1598871630.982901096343994,0.00187,0.00008,0.00001,0.00192,0.00006,0.00079,0.00473
1598871631.015728712081909,0.00169,0.00005,0.00020,0.00194,0.00019,0.00080,0.00487
1598871631.049538850784302,0.00185,0.00012,0.00001,0.00200,0.00005,0.00105,0.00507
1598871631.082706928253174,0.00165,0.00006,0.00001,0.00190,0.00008,0.00074,0.00443
1598871631.115120649337769,0.00188,0.00011,0.00001,0.00200,0.00000,0.00108,0.00508
1598871631.149271249771118,0.00171,0.00006,0.00001,0.00194,0.00000,0.00084,0.00456
1598871631.182277917861938,0.00169,0.00008,0.00001,0.00193,0.00004,0.00081,0.00456
1598871631.215407609939575,0.00182,0.00006,0.00001,0.00196,0.00015,0.00082,0.00482
1598871631.249688625335693,0.00175,0.00008,0.00001,0.00194,0.00006,0.00083,0.00466
1598871631.283174276351929,0.00172,0.00005,0.00001,0.00193,0.00006,0.00081,0.00458
1598871631.315684318542480,0.00170,0.00008,0.00001,0.00196,0.00011,0.00083,0.00468
1598871631.348854541778564,0.00168,0.00005,0.00001,0.00193,0.00011,0.00081,0.00460
1598871631.383099794387817,0.00171,0.00008,0.00001,0.00207,0.00010,0.00088,0.00485
1598871631.416432142257690,0.00194,0.00008,0.00021,0.00202,0.00019,0.00100,0.00544
1598871631.449260234832764,0.00198,0.00010,0.00001,0.00214,0.00004,0.00086,0.00513
1598871631.482883930206299,0.00188,0.00007,0.00001,0.00197,0.00009,0.00098,0.00500
1598871631.515645027160645,0.00196,0.00011,0.00001,0.00198,0.00000,0.00103,0.00509
1598871631.549413681030273,0.00195,0.00007,0.00001,0.00216,0.00000,0.00082,0.00501
1598871631.583267211914062,0.00206,0.00010,0.00001,0.00193,0.00005,0.00087,0.00502
1598871631.617542505264282,0.00176,0.00007,0.00001,0.00199,0.00015,0.00085,0.00483
1598871631.650024414062500,0.00178,0.00008,0.00001,0.00192,0.00006,0.00115,0.00500
1598871631.683064460754395,0.00178,0.00007,0.00001,0.00218,0.00006,0.00100,0.00510
1598871631.715556621551514,0.00173,0.00008,0.00001,0.00195,0.00010,0.00082,0.00468
1598871631.748721837997437,0.00168,0.00005,0.00001,0.00194,0.00011,0.00082,0.00462
1598871631.782783985137939,0.00184,0.00008,0.00001,0.00199,0.00006,0.00085,0.00484
1598871631.817023754119873,0.00177,0.00005,0.00020,0.00192,0.00019,0.00084,0.00496
1598871631.850216388702393,0.00175,0.00008,0.00001,0.00194,0.00004,0.00080,0.00462
1598871631.885355710983276,0.00167,0.00006,0.00001,0.00193,0.00008,0.00082,0.00457
1598871631.949242830276489,0.00170,0.00009,0.00001,0.00193,0.00000,0.00080,0.00453
1598871631.982339382171631,0.00178,0.00008,0.00001,0.00212,0.00000,0.00083,0.00482
1598871632.017267704010010,0.00182,0.00008,0.00001,0.00192,0.00004,0.00082,0.00469
1598871632.049781560897827,0.00187,0.00006,0.00001,0.00191,0.00015,0.00080,0.00479
1598871632.083632946014404,0.00194,0.00012,0.00001,0.00200,0.00006,0.00106,0.00520
1598871632.116017341613770,0.00189,0.00007,0.00001,0.00200,0.00006,0.00098,0.00501
1598871632.149518966674805,0.00186,0.00008,0.00001,0.00218,0.00010,0.00083,0.00506
1598871632.182920455932617,0.00185,0.00006,0.00001,0.00192,0.00011,0.00084,0.00479
1598871632.216380596160889,0.00190,0.00008,0.00001,0.00193,0.00007,0.00081,0.00480
1598871632.250546455383301,0.00163,0.00005,0.00021,0.00194,0.00019,0.00081,0.00483
1598871632.283977031707764,0.00174,0.00008,0.00001,0.00192,0.00004,0.00083,0.00462
1598871632.317655324935913,0.00167,0.00006,0.00001,0.00191,0.00008,0.00082,0.00455
1598871632.350074291229248,0.00179,0.00008,0.00001,0.00191,0.00000,0.00081,0.00459
1598871632.382469415664673,0.00166,0.00005,0.00001,0.00193,0.00000,0.00083,0.00448
1598871632.415949344635010,0.00178,0.00008,0.00001,0.00193,0.00004,0.00108,0.00491
1598871632.450677156448364,0.00230,0.00008,0.00001,0.00202,0.00016,0.00105,0.00562
1598871632.483236551284790,0.00182,0.00005,0.00001,0.00188,0.00006,0.00071,0.00453
1598871632.515961170196533,0.00227,0.00009,0.00001,0.00196,0.00007,0.00085,0.00526
1598871632.549805164337158,0.00174,0.00007,0.00001,0.00187,0.00010,0.00085,0.00464
1598871632.589144229888916,0.00185,0.00004,0.00001,0.00193,0.00012,0.00081,0.00475
1598871632.651542186737061,0.00188,0.00009,0.00001,0.00190,0.00006,0.00081,0.00475
1598871632.685207605361938,0.00181,0.00005,0.00021,0.00192,0.00019,0.00080,0.00498
1598871632.753019332885742,0.00227,0.00011,0.00001,0.00195,0.00005,0.00086,0.00526
1598871632.816812515258789,0.00188,0.00007,0.00001,0.00194,0.00009,0.00082,0.00480
1598871632.849951982498169,0.00212,0.00011,0.00001,0.00197,0.00000,0.00087,0.00508
1598871632.884022474288940,0.00186,0.00005,0.00001,0.00192,0.00000,0.00081,0.00465
1598871632.917157173156738,0.00182,0.00011,0.00001,0.00224,0.00005,0.00104,0.00528
1598871632.950689554214478,0.00234,0.00009,0.00001,0.00193,0.00017,0.00083,0.00537
1598871632.989660739898682,0.00178,0.00008,0.00001,0.00192,0.00006,0.00082,0.00467
1598871633.051458835601807,0.00222,0.00008,0.00001,0.00193,0.00009,0.00114,0.00547
1598871633.084731340408325,0.00213,0.00009,0.00001,0.00192,0.00011,0.00118,0.00545
1598871633.118387937545776,0.00171,0.00006,0.00001,0.00192,0.00012,0.00080,0.00462
1598871633.151621580123901,0.00205,0.00011,0.00001,0.00203,0.00007,0.00104,0.00531
1598871633.184195280075073,0.00217,0.00007,0.00021,0.00196,0.00019,0.00095,0.00554
1598871633.216735839843750,0.00211,0.00011,0.00001,0.00196,0.00004,0.00102,0.00526
1598871633.251027822494507,0.00220,0.00008,0.00001,0.00198,0.00009,0.00100,0.00536
1598871633.284368276596069,0.00229,0.00010,0.00001,0.00196,0.00000,0.00103,0.00539
1598871633.317035675048828,0.00202,0.00007,0.00001,0.00199,0.00000,0.00098,0.00507
1598871633.350337743759155,0.00216,0.00011,0.00001,0.00195,0.00004,0.00096,0.00522
1598871633.383858919143677,0.00230,0.00009,0.00001,0.00192,0.00016,0.00080,0.00529
1598871633.417590379714966,0.00206,0.00010,0.00001,0.00200,0.00007,0.00099,0.00524
1598871633.451570510864258,0.00255,0.00007,0.00001,0.00193,0.00006,0.00099,0.00560
1598871633.484660863876343,0.00205,0.00008,0.00001,0.00191,0.00010,0.00079,0.00494
1598871633.517662048339844,0.00182,0.00005,0.00001,0.00193,0.00011,0.00079,0.00472
1598871633.551053524017334,0.00203,0.00008,0.00001,0.00224,0.00006,0.00082,0.00524
1598871633.583760261535645,0.00195,0.00005,0.00019,0.00191,0.00018,0.00078,0.00507
1598871633.616459846496582,0.00197,0.00012,0.00001,0.00199,0.00004,0.00100,0.00513
1598871633.651443004608154,0.00190,0.00007,0.00001,0.00196,0.00008,0.00077,0.00477
1598871633.684363842010498,0.00222,0.00010,0.00001,0.00199,0.00000,0.00106,0.00537
1598871633.718470335006714,0.00179,0.00006,0.00001,0.00194,0.00000,0.00080,0.00460
1598871633.751823663711548,0.00200,0.00008,0.00001,0.00191,0.00004,0.00082,0.00486
1598871633.785845756530762,0.00203,0.00008,0.00001,0.00199,0.00012,0.00099,0.00522
1598871633.857645750045776,0.00212,0.00011,0.00001,0.00193,0.00006,0.00081,0.00504
1598871633.919074773788452,0.00185,0.00008,0.00001,0.00197,0.00006,0.00077,0.00474
1598871633.985099554061890,0.00206,0.00012,0.00001,0.00197,0.00010,0.00104,0.00529
1598871634.050896883010864,0.00227,0.00011,0.00001,0.00190,0.00012,0.00084,0.00526
1598871634.084913015365601,0.00194,0.00008,0.00001,0.00188,0.00006,0.00081,0.00478
1598871634.117524862289429,0.00182,0.00005,0.00023,0.00214,0.00018,0.00082,0.00524
1598871634.152057886123657,0.00198,0.00008,0.00001,0.00189,0.00004,0.00082,0.00481
1598871634.217291116714478,0.00197,0.00010,0.00001,0.00237,0.00013,0.00109,0.00566
1598871634.250383138656616,0.00221,0.00011,0.00001,0.00191,0.00000,0.00083,0.00507
1598871634.283533096313477,0.00197,0.00005,0.00001,0.00212,0.00000,0.00084,0.00500
1598871634.317460536956787,0.00185,0.00011,0.00003,0.00196,0.00004,0.00101,0.00500
1598871634.351304769515991,0.00219,0.00008,0.00001,0.00205,0.00005,0.00116,0.00554
1598871634.384309768676758,0.00221,0.00007,0.00001,0.00187,0.00006,0.00099,0.00521
1598871634.417975902557373,0.00202,0.00008,0.00001,0.00186,0.00005,0.00084,0.00487
1598871634.450522422790527,0.00205,0.00007,0.00001,0.00190,0.00010,0.00098,0.00511
1598871634.484394788742065,0.00217,0.00010,0.00001,0.00190,0.00011,0.00101,0.00529
1598871634.517693042755127,0.00183,0.00005,0.00001,0.00184,0.00006,0.00081,0.00461
1598871634.551819801330566,0.00199,0.00008,0.00019,0.00186,0.00020,0.00082,0.00514
1598871634.585745811462402,0.00195,0.00005,0.00001,0.00185,0.00004,0.00082,0.00473
1598871634.651236772537231,0.00202,0.00014,0.00001,0.00193,0.00009,0.00098,0.00517
1598871634.684054851531982,0.00179,0.00005,0.00001,0.00187,0.00000,0.00081,0.00453
1598871634.720743656158447,0.00200,0.00009,0.00001,0.00189,0.00000,0.00082,0.00480
1598871634.784753084182739,0.00227,0.00013,0.00004,0.00191,0.00006,0.00104,0.00545
1598871634.818346738815308,0.00196,0.00006,0.00001,0.00171,0.00005,0.00084,0.00463
1598871634.851209163665771,0.00204,0.00011,0.00001,0.00174,0.00006,0.00100,0.00496
1598871634.884739875793457,0.00213,0.00007,0.00006,0.00172,0.00013,0.00098,0.00509
1598871634.918336153030396,0.00208,0.00011,0.00010,0.00179,0.00017,0.00099,0.00523
1598871634.951845169067383,0.00184,0.00006,0.00005,0.00164,0.00009,0.00073,0.00441
1598871634.985530853271484,0.00199,0.00006,0.00003,0.00147,0.00006,0.00071,0.00432
1598871635.018831491470337,0.00210,0.00006,0.00064,0.00146,0.00030,0.00080,0.00537
1598871635.052336215972900,0.00230,0.00010,0.00008,0.00155,0.00013,0.00099,0.00516
1598871635.084681987762451,0.00203,0.00007,0.00003,0.00150,0.00017,0.00092,0.00472
1598871635.120275259017944,0.00191,0.00006,0.00007,0.00147,0.00000,0.00093,0.00444
1598871635.152613639831543,0.00232,0.00010,0.00012,0.00140,0.00006,0.00094,0.00493
1598871635.185604572296143,0.00231,0.00010,0.00020,0.00140,0.00031,0.00096,0.00528
1598871635.219703435897827,0.00233,0.00008,0.00010,0.00135,0.00037,0.00106,0.00528
1598871635.286756277084351,0.00209,0.00009,0.00009,0.00136,0.00080,0.00078,0.00522
1598871635.352072715759277,0.00251,0.00013,0.00019,0.00120,0.00098,0.00073,0.00574
1598871635.385634422302246,0.00232,0.00005,0.00007,0.00121,0.00242,0.00069,0.00676
1598871635.419574499130249,0.00226,0.00013,0.00014,0.00152,0.00217,0.00095,0.00717
1598871635.453976869583130,0.00243,0.00009,0.00019,0.00170,0.00108,0.00075,0.00623
1598871635.518816471099854,0.00192,0.00011,0.00210,0.00178,0.00422,0.00076,0.01090
1598871635.585777282714844,0.00236,0.00010,0.00074,0.00281,0.00047,0.00074,0.00722
1598871635.621466159820557,0.00185,0.00011,0.00263,0.00299,0.00000,0.00077,0.00835
1598871635.684756517410278,0.00224,0.00011,0.00009,0.00302,0.00001,0.00078,0.00626
1598871635.719234466552734,0.00233,0.00015,0.00010,0.00338,0.00019,0.00076,0.00691
1598871635.752518415451050,0.00195,0.00007,0.00104,0.00305,0.00104,0.00079,0.00793
1598871635.785355329513550,0.00213,0.00015,0.00008,0.00379,0.00000,0.00103,0.00718
1598871635.819784879684448,0.00212,0.00010,0.00163,0.00332,0.00008,0.00080,0.00805
1598871635.853317499160767,0.00230,0.00014,0.00196,0.00331,0.00000,0.00103,0.00873
1598871635.886370658874512,0.00232,0.00014,0.00068,0.00334,0.00000,0.00101,0.00749
1598871635.918862342834473,0.00221,0.00009,0.00073,0.00331,0.00008,0.00089,0.00731
1598871635.951691627502441,0.00234,0.00010,0.00028,0.00340,0.00000,0.00090,0.00702
1598871635.985020160675049,0.00203,0.00010,0.00250,0.00347,0.00000,0.00113,0.00923
1598871636.018791675567627,0.00217,0.00014,0.00158,0.00380,0.00017,0.00084,0.00871
1598871636.052857160568237,0.00219,0.00010,0.00261,0.00332,0.00000,0.00101,0.00923
1598871636.085641384124756,0.00211,0.00010,0.00193,0.00354,0.00000,0.00083,0.00852
1598871636.120753526687622,0.00198,0.00015,0.00015,0.00335,0.00008,0.00101,0.00672
1598871636.186477899551392,0.00177,0.00009,0.00067,0.00323,0.00000,0.00077,0.00653
1598871636.219142913818359,0.00232,0.00014,0.00014,0.00335,0.00000,0.00124,0.00718
1598871636.252167224884033,0.00188,0.00011,0.00195,0.00352,0.00010,0.00091,0.00847
1598871636.285329818725586,0.00198,0.00007,0.00162,0.00319,0.00065,0.00103,0.00855
1598871636.318988323211670,0.00238,0.00015,0.00068,0.00344,0.00000,0.00109,0.00772
1598871636.352043151855469,0.00214,0.00009,0.00072,0.00323,0.00008,0.00080,0.00706
1598871636.385546207427979,0.00177,0.00006,0.00001,0.00339,0.00000,0.00077,0.00601
1598871636.418979883193970,0.00237,0.00007,0.00221,0.00328,0.00000,0.00077,0.00870
1598871636.453114748001099,0.00245,0.00010,0.00162,0.00312,0.00009,0.00077,0.00816
1598871636.486768722534180,0.00221,0.00013,0.00333,0.00352,0.00000,0.00083,0.01002
1598871636.519278049468994,0.00201,0.00010,0.00187,0.00326,0.00000,0.00107,0.00831
1598871636.552515506744385,0.00205,0.00008,0.00006,0.00318,0.00009,0.00134,0.00680
1598871636.586836576461792,0.00214,0.00011,0.00010,0.00341,0.00077,0.00098,0.00752
1598871636.621241569519043,0.00234,0.00014,0.00001,0.00363,0.00000,0.00086,0.00697
1598871636.685096740722656,0.00222,0.00012,0.00163,0.00298,0.00008,0.00085,0.00789
1598871636.718611717224121,0.00182,0.00009,0.00007,0.00304,0.00073,0.00085,0.00661
1598871636.754318952560425,0.00180,0.00007,0.00001,0.00334,0.00072,0.00094,0.00690
1598871636.787693500518799,0.00222,0.00014,0.00077,0.00340,0.00008,0.00120,0.00781
1598871636.821853160858154,0.00213,0.00013,0.00001,0.00349,0.00000,0.00088,0.00665
1598871636.886749029159546,0.00246,0.00013,0.00153,0.00336,0.00000,0.00079,0.00827
1598871636.920826673507690,0.00221,0.00014,0.00197,0.00363,0.00016,0.00085,0.00895
1598871636.954404115676880,0.00217,0.00012,0.00257,0.00377,0.00000,0.00091,0.00954
1598871636.987181663513184,0.00209,0.00008,0.00162,0.00344,0.00000,0.00077,0.00799
1598871637.021263599395752,0.00232,0.00011,0.00075,0.00341,0.00008,0.00104,0.00771
1598871637.054766654968262,0.00192,0.00008,0.00016,0.00353,0.00000,0.00084,0.00653
1598871637.088615417480469,0.00207,0.00015,0.00001,0.00326,0.00000,0.00105,0.00654
1598871637.122063875198364,0.00249,0.00014,0.00162,0.00304,0.00008,0.00102,0.00839
1598871637.155435323715210,0.00206,0.00010,0.00012,0.00312,0.00008,0.00094,0.00642
1598871637.190073013305664,0.00214,0.00014,0.00001,0.00327,0.00000,0.00100,0.00656
1598871637.223889827728271,0.00231,0.00014,0.00007,0.00388,0.00083,0.00078,0.00802
1598871637.256170511245728,0.00222,0.00012,0.00002,0.00350,0.00000,0.00082,0.00668
1598871637.290416717529297,0.00228,0.00008,0.00082,0.00371,0.00000,0.00085,0.00775
1598871637.323759555816650,0.00221,0.00013,0.00106,0.00320,0.00008,0.00079,0.00747
1598871637.356585979461670,0.00220,0.00012,0.00256,0.00321,0.00000,0.00072,0.00881
1598871637.392339706420898,0.00192,0.00010,0.00164,0.00308,0.00002,0.00074,0.00751
1598871637.458415031433105,0.00245,0.00014,0.00008,0.00319,0.00075,0.00110,0.00771
1598871637.492497682571411,0.00211,0.00011,0.00024,0.00336,0.00009,0.00101,0.00692
1598871637.526432991027832,0.00228,0.00010,0.00001,0.00375,0.00000,0.00093,0.00707
1598871637.560746192932129,0.00244,0.00008,0.00157,0.00329,0.00008,0.00106,0.00853
1598871637.626666545867920,0.00199,0.00017,0.00074,0.00345,0.00000,0.00112,0.00748
1598871637.660653114318848,0.00259,0.00014,0.00003,0.00347,0.00000,0.00102,0.00725
1598871637.693044662475586,0.00191,0.00009,0.00008,0.00377,0.00011,0.00088,0.00683
1598871637.729177951812744,0.00203,0.00014,0.00005,0.00379,0.00000,0.00102,0.00704
1598871637.793908596038818,0.00225,0.00013,0.00019,0.00332,0.00002,0.00085,0.00676
1598871637.827807426452637,0.00186,0.00009,0.00070,0.00325,0.00010,0.00089,0.00690
1598871637.862239837646484,0.00185,0.00014,0.00221,0.00330,0.00003,0.00097,0.00849
1598871637.894593477249146,0.00202,0.00007,0.00157,0.00365,0.00011,0.00079,0.00821
1598871637.929027318954468,0.00204,0.00009,0.00007,0.00340,0.00008,0.00105,0.00673
1598871637.962102890014648,0.00202,0.00011,0.00016,0.00366,0.00002,0.00089,0.00686
1598871637.996392965316772,0.00223,0.00006,0.00001,0.00358,0.00000,0.00087,0.00674
1598871638.030106067657471,0.00214,0.00006,0.00150,0.00342,0.00002,0.00089,0.00803
1598871638.064090967178345,0.00223,0.00016,0.00012,0.00376,0.00002,0.00098,0.00727
1598871638.097595930099487,0.00235,0.00013,0.00001,0.00383,0.00000,0.00112,0.00744
1598871638.130559444427490,0.00242,0.00009,0.00001,0.00351,0.00000,0.00088,0.00691
1598871638.164028167724609,0.00232,0.00009,0.00001,0.00389,0.00000,0.00107,0.00738
1598871638.204911231994629,0.00214,0.00014,0.00017,0.00352,0.00002,0.00111,0.00711
1598871638.264732122421265,0.00242,0.00011,0.00071,0.00325,0.00002,0.00089,0.00741
1598871638.298989057540894,0.00198,0.00008,0.00214,0.00321,0.00002,0.00090,0.00834
1598871638.332345724105835,0.00228,0.00009,0.00154,0.00310,0.00019,0.00082,0.00802
1598871638.365153789520264,0.00206,0.00010,0.00009,0.00321,0.00008,0.00083,0.00637
1598871638.398639917373657,0.00237,0.00014,0.00241,0.00325,0.00002,0.00108,0.00927
1598871638.433072805404663,0.00228,0.00014,0.00004,0.00361,0.00015,0.00085,0.00706
1598871638.466050624847412,0.00231,0.00010,0.00174,0.00338,0.00002,0.00110,0.00866
1598871638.500389099121094,0.00211,0.00009,0.00110,0.00313,0.00002,0.00080,0.00726
1598871638.533749341964722,0.00196,0.00006,0.00003,0.00351,0.00009,0.00073,0.00639
1598871638.567541360855103,0.00240,0.00010,0.00007,0.00318,0.00009,0.00079,0.00663
1598871638.601240634918213,0.00225,0.00009,0.00001,0.00337,0.00000,0.00080,0.00652
1598871638.634400129318237,0.00212,0.00009,0.00028,0.00337,0.00010,0.00105,0.00701
1598871638.668336153030396,0.00199,0.00008,0.00003,0.00345,0.00002,0.00091,0.00648
1598871638.701850652694702,0.00199,0.00010,0.00216,0.00338,0.00003,0.00086,0.00851
1598871638.735294342041016,0.00232,0.00008,0.00154,0.00337,0.00011,0.00111,0.00852
1598871638.768566370010376,0.00233,0.00010,0.00001,0.00347,0.00000,0.00102,0.00693
1598871638.812157392501831,0.00221,0.00008,0.00210,0.00323,0.00003,0.00084,0.00848
1598871638.870309114456177,0.00207,0.00011,0.00001,0.00332,0.00000,0.00086,0.00637
1598871638.905208587646484,0.00187,0.00006,0.00149,0.00320,0.00009,0.00073,0.00743
1598871638.937752485275269,0.00239,0.00019,0.00013,0.00374,0.00002,0.00113,0.00760
1598871638.971051216125488,0.00221,0.00010,0.00001,0.00343,0.00000,0.00090,0.00665
1598871639.004215240478516,0.00227,0.00009,0.00003,0.00365,0.00014,0.00102,0.00720
1598871639.037372589111328,0.00204,0.00009,0.00001,0.00362,0.00000,0.00104,0.00680
1598871639.070621490478516,0.00259,0.00010,0.00019,0.00356,0.00002,0.00108,0.00753
1598871639.104987859725952,0.00221,0.00011,0.00003,0.00359,0.00002,0.00082,0.00678
1598871639.171196937561035,0.00255,0.00011,0.00216,0.00333,0.00003,0.00092,0.00911
1598871639.204864263534546,0.00194,0.00008,0.00148,0.00334,0.00012,0.00094,0.00791
1598871639.271059751510620,0.00210,0.00009,0.00009,0.00333,0.00008,0.00094,0.00664
1598871639.309800148010254,0.00228,0.00009,0.00219,0.00347,0.00003,0.00107,0.00914
1598871639.368795871734619,0.00234,0.00014,0.00001,0.00324,0.00000,0.00089,0.00663
1598871639.403132200241089,0.00211,0.00006,0.00150,0.00018,0.00003,0.00086,0.00473
1598871639.437496423721313,0.00238,0.00011,0.00164,0.00128,0.00010,0.00115,0.00666
1598871639.473483562469482,0.00172,0.00007,0.00052,0.00012,0.00041,0.00076,0.00361
1598871639.535564422607422,0.00259,0.00013,0.00029,0.00025,0.00059,0.00082,0.00467
1598871639.571672916412354,0.00229,0.00009,0.00002,0.00094,0.00007,0.00086,0.00428
1598871639.635601758956909,0.00221,0.00012,0.00004,0.00114,0.00066,0.00084,0.00500
1598871639.669172763824463,0.00189,0.00007,0.00003,0.00112,0.00008,0.00085,0.00404
1598871639.703029155731201,0.00263,0.00010,0.00001,0.00132,0.00398,0.00104,0.00909
1598871639.735602855682373,0.00248,0.00011,0.00006,0.00184,0.00098,0.00104,0.00651
1598871639.769465446472168,0.00186,0.00008,0.00001,0.00208,0.00000,0.00105,0.00508
1598871639.803670167922974,0.00189,0.00009,0.00001,0.00178,0.00483,0.00076,0.00936
1598871639.836769342422485,0.00250,0.00009,0.00005,0.00252,0.00015,0.00089,0.00620
1598871639.869665622711182,0.00219,0.00013,0.00001,0.00272,0.00233,0.00101,0.00840
1598871639.903351545333862,0.00237,0.00011,0.00037,0.00295,0.00080,0.00098,0.00759
1598871639.937175512313843,0.00223,0.00009,0.00171,0.00288,0.00081,0.00088,0.00860
1598871640.008414983749390,0.00200,0.00011,0.00159,0.00305,0.00035,0.00077,0.00787
1598871640.070892810821533,0.00238,0.00011,0.00014,0.00300,0.00000,0.00105,0.00668
1598871640.106728553771973,0.00235,0.00012,0.00165,0.00293,0.00010,0.00100,0.00816
1598871640.170886516571045,0.00232,0.00015,0.00025,0.00241,0.00062,0.00102,0.00676
1598871640.208592414855957,0.00263,0.00010,0.00080,0.00206,0.00060,0.00100,0.00720
1598871640.271479368209839,0.00285,0.00010,0.00051,0.00212,0.00073,0.00106,0.00738
1598871640.303888082504272,0.00291,0.00008,0.00006,0.00241,0.00000,0.00109,0.00655
1598871640.338690519332886,0.00226,0.00011,0.00001,0.00237,0.00032,0.00102,0.00609
1598871640.404050111770630,0.00215,0.00010,0.00036,0.00222,0.00007,0.00104,0.00595
1598871640.437403917312622,0.00229,0.00011,0.00042,0.00242,0.00000,0.00089,0.00612
1598871640.469883441925049,0.00216,0.00009,0.00029,0.00214,0.00152,0.00079,0.00699
1598871640.504047155380249,0.00228,0.00006,0.00155,0.00230,0.00360,0.00092,0.01070
1598871640.537539243698120,0.00179,0.00006,0.00162,0.00294,0.00129,0.00078,0.00848
1598871640.570847988128662,0.00197,0.00006,0.00001,0.00336,0.00000,0.00068,0.00608
1598871640.603541612625122,0.00192,0.00010,0.00187,0.00325,0.00014,0.00073,0.00801
1598871640.636943817138672,0.00152,0.00010,0.00180,0.00330,0.00000,0.00072,0.00744
1598871640.671485424041748,0.00255,0.00011,0.00121,0.00313,0.00000,0.00106,0.00807
1598871640.736152648925781,0.00230,0.00012,0.00171,0.00278,0.00072,0.00101,0.00863
1598871640.770967245101929,0.00259,0.00010,0.00051,0.00281,0.00008,0.00103,0.00712
1598871640.804558277130127,0.00215,0.00006,0.00013,0.00283,0.00095,0.00083,0.00694
1598871640.836817741394043,0.00207,0.00014,0.00010,0.00311,0.00136,0.00095,0.00773
1598871640.871651411056519,0.00220,0.00008,0.00075,0.00340,0.00068,0.00107,0.00818
1598871640.938050031661987,0.00226,0.00012,0.00173,0.00321,0.00000,0.00082,0.00814
1598871640.970875501632690,0.00244,0.00008,0.00017,0.00315,0.00010,0.00121,0.00715
1598871641.004577875137329,0.00234,0.00006,0.00028,0.00300,0.00165,0.00075,0.00807
1598871641.037867546081543,0.00248,0.00009,0.00079,0.00324,0.00000,0.00103,0.00763
1598871641.071043014526367,0.00232,0.00014,0.00232,0.00299,0.00048,0.00095,0.00920
1598871641.104460954666138,0.00168,0.00006,0.00015,0.00335,0.00068,0.00079,0.00671
1598871641.137239456176758,0.00252,0.00015,0.00148,0.00331,0.00011,0.00099,0.00857
1598871641.170043230056763,0.00239,0.00009,0.00256,0.00313,0.00135,0.00098,0.01050
1598871641.203538417816162,0.00173,0.00007,0.00001,0.00426,0.00000,0.00078,0.00684
1598871641.238306522369385,0.00242,0.00009,0.00008,0.00349,0.00008,0.00104,0.00720
1598871641.271209955215454,0.00219,0.00012,0.00010,0.00362,0.00008,0.00096,0.00707
1598871641.304451227188110,0.00215,0.00006,0.00073,0.00325,0.00000,0.00076,0.00695
1598871641.338114976882935,0.00221,0.00011,0.00132,0.00311,0.00065,0.00082,0.00821
1598871641.371061563491821,0.00163,0.00006,0.00016,0.00318,0.00015,0.00077,0.00596
1598871641.405433177947998,0.00229,0.00011,0.00001,0.00350,0.00000,0.00111,0.00703
1598871641.470236778259277,0.00217,0.00010,0.00037,0.00344,0.00066,0.00102,0.00776
1598871641.504667282104492,0.00253,0.00010,0.00252,0.00312,0.00015,0.00104,0.00947
1598871641.537279129028320,0.00196,0.00009,0.00018,0.00319,0.00011,0.00101,0.00655
1598871641.571702003479004,0.00227,0.00013,0.00184,0.00316,0.00096,0.00103,0.00940
1598871641.604472637176514,0.00199,0.00008,0.00286,0.00330,0.00082,0.00093,0.00998
1598871641.641160249710083,0.00218,0.00014,0.00001,0.00348,0.00000,0.00078,0.00659
1598871641.675291299819946,0.00214,0.00010,0.00001,0.00407,0.00000,0.00093,0.00724
1598871641.707876920700073,0.00213,0.00012,0.00013,0.00343,0.00027,0.00084,0.00692
1598871641.772415399551392,0.00238,0.00010,0.00011,0.00341,0.00069,0.00085,0.00754
1598871641.805994272232056,0.00213,0.00009,0.00032,0.00354,0.00066,0.00088,0.00762
1598871641.841090679168701,0.00198,0.00016,0.00114,0.00354,0.00008,0.00106,0.00797
1598871641.908412694931030,0.00225,0.00012,0.00002,0.00391,0.00000,0.00079,0.00708
1598871641.973929643630981,0.00219,0.00015,0.00021,0.00355,0.00010,0.00123,0.00742
1598871642.009926795959473,0.00212,0.00010,0.00263,0.00417,0.00015,0.00103,0.01021
1598871642.076130390167236,0.00247,0.00012,0.00083,0.00370,0.00000,0.00099,0.00810
1598871642.114447355270386,0.00196,0.00011,0.00199,0.00441,0.00000,0.00082,0.00930
1598871642.175937891006470,0.00215,0.00007,0.00289,0.00363,0.00008,0.00083,0.00965
1598871642.212141990661621,0.00227,0.00015,0.00001,0.00413,0.00000,0.00103,0.00759
1598871642.276729583740234,0.00234,0.00014,0.00001,0.00380,0.00000,0.00089,0.00719
1598871642.311070442199707,0.00228,0.00011,0.00007,0.00383,0.00010,0.00104,0.00744
1598871642.345193624496460,0.00251,0.00011,0.00001,0.00402,0.00000,0.00110,0.00775
1598871642.378663778305054,0.00208,0.00010,0.00099,0.00354,0.00000,0.00083,0.00754
1598871642.444803714752197,0.00216,0.00011,0.00213,0.00345,0.00014,0.00085,0.00885
1598871642.478402137756348,0.00196,0.00012,0.00001,0.00380,0.00000,0.00106,0.00695
1598871642.512593984603882,0.00161,0.00006,0.00016,0.00354,0.00000,0.00074,0.00613
1598871642.545398235321045,0.00225,0.00011,0.00253,0.00357,0.00008,0.00105,0.00959
1598871642.579542636871338,0.00221,0.00011,0.00180,0.00347,0.00009,0.00099,0.00868
1598871642.612442731857300,0.00221,0.00013,0.00196,0.00368,0.00000,0.00102,0.00901
1598871642.646344184875488,0.00199,0.00011,0.00304,0.00407,0.00008,0.00109,0.01038
1598871642.679635763168335,0.00205,0.00007,0.00001,0.00358,0.00000,0.00076,0.00648
1598871642.713295221328735,0.00220,0.00014,0.00001,0.00390,0.00000,0.00083,0.00707
1598871642.747148036956787,0.00228,0.00010,0.00012,0.00402,0.00028,0.00082,0.00762
1598871642.779671907424927,0.00210,0.00010,0.00001,0.00382,0.00000,0.00076,0.00678
1598871642.814081430435181,0.00221,0.00011,0.00097,0.00372,0.00000,0.00076,0.00777
1598871642.846709728240967,0.00213,0.00011,0.00083,0.00375,0.00016,0.00079,0.00777
1598871642.880753517150879,0.00198,0.00007,0.00001,0.00368,0.00000,0.00081,0.00655
1598871642.914880037307739,0.00201,0.00006,0.00068,0.00388,0.00008,0.00081,0.00753
1598871642.948191165924072,0.00210,0.00009,0.00189,0.00372,0.00008,0.00104,0.00892
1598871642.981595516204834,0.00236,0.00011,0.00075,0.00377,0.00000,0.00107,0.00805
1598871643.015565156936646,0.00247,0.00008,0.00186,0.00396,0.00000,0.00091,0.00929
1598871643.049179315567017,0.00190,0.00007,0.00296,0.00364,0.00008,0.00081,0.00947
1598871643.082952260971069,0.00263,0.00010,0.00001,0.00468,0.00000,0.00096,0.00838
1598871643.116056203842163,0.00221,0.00014,0.00001,0.00355,0.00000,0.00107,0.00697
1598871643.150236129760742,0.00216,0.00006,0.00023,0.00342,0.00014,0.00086,0.00687
1598871643.184462785720825,0.00194,0.00006,0.00005,0.00357,0.00008,0.00084,0.00654
1598871643.217351913452148,0.00201,0.00006,0.00077,0.00367,0.00000,0.00087,0.00738
1598871643.250242471694946,0.00197,0.00010,0.00051,0.00370,0.00007,0.00085,0.00721
1598871643.284219026565552,0.00228,0.00009,0.00001,0.00412,0.00000,0.00105,0.00755
1598871643.319435834884644,0.00189,0.00007,0.00118,0.00363,0.00000,0.00083,0.00761
1598871643.384646415710449,0.00241,0.00012,0.00191,0.00395,0.00017,0.00084,0.00941
1598871643.420541763305664,0.00209,0.00012,0.00328,0.00360,0.00000,0.00081,0.00990
1598871643.455613851547241,0.00217,0.00010,0.00189,0.00357,0.00000,0.00080,0.00853
1598871643.519711732864380,0.00189,0.00014,0.00294,0.00366,0.00010,0.00080,0.00952
1598871643.552603006362915,0.00179,0.00006,0.00001,0.00365,0.00000,0.00077,0.00628
1598871643.586374759674072,0.00233,0.00011,0.00001,0.00397,0.00000,0.00091,0.00733
1598871643.619720935821533,0.00149,0.00007,0.00006,0.00373,0.00008,0.00102,0.00646
1598871643.653392076492310,0.00227,0.00011,0.00001,0.00381,0.00000,0.00105,0.00725
1598871643.687205314636230,0.00253,0.00008,0.00063,0.00371,0.00000,0.00112,0.00807
1598871643.721693515777588,0.00229,0.00011,0.00018,0.00379,0.00009,0.00098,0.00743
1598871643.754965305328369,0.00263,0.00012,0.00001,0.00385,0.00000,0.00086,0.00747
1598871643.787947416305542,0.00241,0.00010,0.00071,0.00359,0.00000,0.00088,0.00769
1598871643.821449518203735,0.00183,0.00006,0.00175,0.00361,0.00008,0.00092,0.00825
1598871643.855075359344482,0.00238,0.00011,0.00318,0.00357,0.00000,0.00090,0.01014
1598871643.888590812683105,0.00196,0.00007,0.00187,0.00360,0.00000,0.00088,0.00839
1598871643.922064304351807,0.00226,0.00011,0.00293,0.00361,0.00009,0.00104,0.01004
1598871643.956676006317139,0.00166,0.00008,0.00001,0.00374,0.00000,0.00083,0.00631
1598871643.989761352539062,0.00170,0.00007,0.00001,0.00367,0.00000,0.00075,0.00620
1598871644.023328542709351,0.00173,0.00006,0.00003,0.00364,0.00008,0.00074,0.00629
1598871644.056705474853516,0.00153,0.00006,0.00001,0.00361,0.00000,0.00081,0.00602
1598871644.090506076812744,0.00230,0.00011,0.00036,0.00386,0.00000,0.00086,0.00750
1598871644.123557329177856,0.00176,0.00007,0.00019,0.00371,0.00008,0.00083,0.00665
1598871644.157655477523804,0.00175,0.00007,0.00001,0.00369,0.00000,0.00074,0.00627
1598871644.190894365310669,0.00230,0.00009,0.00001,0.00370,0.00073,0.00109,0.00793
1598871644.224544525146484,0.00192,0.00008,0.00109,0.00375,0.00008,0.00102,0.00794
1598871644.259056329727173,0.00227,0.00012,0.00301,0.00372,0.00000,0.00081,0.00993
1598871644.292005538940430,0.00214,0.00013,0.00185,0.00380,0.00000,0.00163,0.00956
1598871644.325626850128174,0.00188,0.00012,0.00284,0.00367,0.00008,0.00078,0.00937
1598871644.359365224838257,0.00211,0.00018,0.00002,0.00384,0.00000,0.00081,0.00696
1598871644.392780542373657,0.00189,0.00007,0.00001,0.00386,0.00000,0.00082,0.00665
1598871644.426453113555908,0.00184,0.00007,0.00006,0.00374,0.00009,0.00077,0.00658
1598871644.459360122680664,0.00167,0.00007,0.00001,0.00381,0.00000,0.00073,0.00629
1598871644.493999004364014,0.00184,0.00006,0.00033,0.00372,0.00000,0.00073,0.00668
1598871644.526813268661499,0.00168,0.00006,0.00018,0.00376,0.00008,0.00075,0.00651
1598871644.559874296188354,0.00224,0.00009,0.00001,0.00390,0.00000,0.00121,0.00744
1598871644.593829393386841,0.00209,0.00008,0.00001,0.00379,0.00000,0.00087,0.00684
1598871644.627878427505493,0.00190,0.00006,0.00092,0.00403,0.00016,0.00108,0.00815
1598871644.661176443099976,0.00206,0.00008,0.00309,0.00387,0.00000,0.00084,0.00994
1598871644.694626569747925,0.00221,0.00011,0.00193,0.00372,0.00000,0.00099,0.00897
1598871644.728148698806763,0.00173,0.00007,0.00273,0.00370,0.00009,0.00079,0.00912
1598871644.761254310607910,0.00224,0.00011,0.00001,0.00390,0.00000,0.00133,0.00758
1598871644.795099496841431,0.00208,0.00011,0.00001,0.00423,0.00000,0.00099,0.00741
1598871644.827954530715942,0.00179,0.00008,0.00006,0.00379,0.00009,0.00079,0.00661
1598871644.861198663711548,0.00223,0.00011,0.00003,0.00386,0.00000,0.00111,0.00733
1598871644.894710540771484,0.00203,0.00006,0.00033,0.00422,0.00000,0.00110,0.00774
1598871644.928314447402954,0.00197,0.00011,0.00016,0.00393,0.00017,0.00090,0.00724
1598871644.961573362350464,0.00217,0.00010,0.00001,0.00391,0.00000,0.00091,0.00710
1598871644.994294643402100,0.00177,0.00007,0.00008,0.00360,0.00008,0.00079,0.00640
1598871645.027766227722168,0.00222,0.00011,0.00097,0.00367,0.00008,0.00108,0.00812
1598871645.061025857925415,0.00212,0.00011,0.00309,0.00355,0.00000,0.00103,0.00991
1598871645.096307754516602,0.00197,0.00010,0.00169,0.00357,0.00011,0.00078,0.00821
1598871645.128995418548584,0.00167,0.00007,0.00228,0.00354,0.00018,0.00070,0.00845
1598871645.162888288497925,0.00218,0.00009,0.00001,0.00375,0.00000,0.00088,0.00692
1598871645.197022914886475,0.00191,0.00008,0.00001,0.00369,0.00000,0.00080,0.00649
1598871645.262419462203979,0.00191,0.00008,0.00003,0.00366,0.00009,0.00081,0.00658
1598871645.297371625900269,0.00200,0.00013,0.00018,0.00387,0.00000,0.00104,0.00722
1598871645.361425399780273,0.00207,0.00010,0.00003,0.00371,0.00038,0.00103,0.00733
1598871645.395026683807373,0.00199,0.00013,0.00022,0.00402,0.00009,0.00098,0.00743
1598871645.428388118743896,0.00162,0.00007,0.00001,0.00370,0.00000,0.00076,0.00616
1598871645.461545228958130,0.00157,0.00006,0.00004,0.00356,0.00000,0.00073,0.00596
1598871645.495092391967773,0.00210,0.00008,0.00102,0.00367,0.00018,0.00110,0.00815
1598871645.528177499771118,0.00190,0.00010,0.00293,0.00353,0.00068,0.00083,0.00996
1598871645.561717271804810,0.00203,0.00006,0.00160,0.00384,0.00000,0.00083,0.00835
1598871645.594739198684692,0.00192,0.00010,0.00268,0.00374,0.00008,0.00083,0.00934
1598871645.630120992660522,0.00199,0.00007,0.00001,0.00387,0.00000,0.00085,0.00678
1598871645.695290088653564,0.00194,0.00012,0.00001,0.00375,0.00000,0.00086,0.00667
1598871645.729305028915405,0.00244,0.00010,0.00006,0.00365,0.00010,0.00105,0.00740
1598871645.762315750122070,0.00224,0.00013,0.00001,0.00369,0.00000,0.00110,0.00716
1598871645.795701980590820,0.00200,0.00013,0.00006,0.00367,0.00008,0.00112,0.00706
1598871645.828694581985474,0.00211,0.00011,0.00016,0.00371,0.00008,0.00081,0.00698
1598871645.861867904663086,0.00180,0.00006,0.00001,0.00363,0.00000,0.00072,0.00622
1598871645.895745277404785,0.00236,0.00011,0.00001,0.00371,0.00000,0.00103,0.00723
1598871645.928842306137085,0.00178,0.00009,0.00098,0.00369,0.00008,0.00115,0.00777
1598871645.962485790252686,0.00187,0.00006,0.00293,0.00361,0.00000,0.00073,0.00919
1598871645.995702028274536,0.00184,0.00006,0.00156,0.00359,0.00000,0.00075,0.00781
1598871646.028793811798096,0.00145,0.00007,0.00248,0.00359,0.00008,0.00081,0.00848
1598871646.062534570693970,0.00223,0.00013,0.00001,0.00368,0.00000,0.00080,0.00686
1598871646.095472335815430,0.00229,0.00011,0.00001,0.00396,0.00000,0.00104,0.00741
1598871646.128714084625244,0.00192,0.00006,0.00005,0.00369,0.00010,0.00086,0.00668
1598871646.161624431610107,0.00194,0.00007,0.00002,0.00368,0.00000,0.00085,0.00657
1598871646.195507764816284,0.00183,0.00007,0.00003,0.00398,0.00000,0.00109,0.00699
1598871646.228634595870972,0.00219,0.00013,0.00021,0.00395,0.00017,0.00085,0.00749
1598871646.262248516082764,0.00224,0.00010,0.00001,0.00372,0.00000,0.00089,0.00696
1598871646.295385599136353,0.00264,0.00007,0.00001,0.00369,0.00000,0.00092,0.00733
1598871646.328170299530029,0.00306,0.00012,0.00102,0.00369,0.00009,0.00107,0.00906
1598871646.362477779388428,0.00252,0.00010,0.00276,0.00337,0.00000,0.00095,0.00970
1598871646.395449161529541,0.00219,0.00007,0.00141,0.00339,0.00000,0.00095,0.00801
1598871646.428552150726318,0.00219,0.00006,0.00250,0.00330,0.00020,0.00092,0.00918
1598871646.462695598602295,0.00213,0.00006,0.00002,0.00378,0.00000,0.00094,0.00693
1598871646.496081113815308,0.00236,0.00012,0.00001,0.00379,0.00000,0.00119,0.00747
1598871646.530440807342529,0.00178,0.00006,0.00003,0.00369,0.00009,0.00087,0.00652
1598871646.563280820846558,0.00224,0.00006,0.00004,0.00367,0.00000,0.00091,0.00691
1598871646.597388744354248,0.00164,0.00007,0.00003,0.00371,0.00000,0.00083,0.00628
1598871646.663350343704224,0.00246,0.00012,0.00062,0.00377,0.00008,0.00114,0.00820
1598871646.695792436599731,0.00216,0.00007,0.00731,0.00351,0.00000,0.00093,0.01397
1598871646.729547739028931,0.00212,0.00006,0.00001,0.00360,0.00000,0.00091,0.00670
1598871646.762975454330444,0.00209,0.00006,0.00034,0.00353,0.00014,0.00095,0.00710
1598871646.796616077423096,0.00232,0.00013,0.00245,0.00362,0.00000,0.00113,0.00965
1598871646.829907417297363,0.00265,0.00011,0.00078,0.00366,0.00000,0.00117,0.00836
1598871646.862356424331665,0.00216,0.00006,0.00242,0.00361,0.00008,0.00096,0.00928
1598871646.895797491073608,0.00234,0.00006,0.00001,0.00396,0.00000,0.00119,0.00756
1598871646.929471492767334,0.00221,0.00007,0.00001,0.00373,0.00000,0.00089,0.00691
1598871646.962903261184692,0.00191,0.00006,0.00009,0.00360,0.00009,0.00085,0.00660
1598871646.997526407241821,0.00242,0.00011,0.00001,0.00353,0.00000,0.00079,0.00686
1598871647.062532424926758,0.00180,0.00009,0.00009,0.00364,0.00008,0.00087,0.00658
1598871647.096302509307861,0.00247,0.00011,0.00020,0.00365,0.00008,0.00120,0.00770
1598871647.129521131515503,0.00226,0.00011,0.00718,0.00353,0.00000,0.00101,0.01409
1598871647.162771701812744,0.00237,0.00006,0.00009,0.00359,0.00001,0.00086,0.00700
1598871647.198492050170898,0.00210,0.00008,0.00028,0.00363,0.00010,0.00091,0.00710
1598871647.263020515441895,0.00222,0.00008,0.00188,0.00328,0.00067,0.00083,0.00896
1598871647.295982599258423,0.00249,0.00014,0.00086,0.00343,0.00000,0.00102,0.00795
1598871647.329636812210083,0.00216,0.00010,0.00228,0.00357,0.00041,0.00118,0.00970
1598871647.363262653350830,0.00249,0.00008,0.00008,0.00351,0.00008,0.00135,0.00759
1598871647.397678613662720,0.00228,0.00010,0.00001,0.00384,0.00000,0.00095,0.00718
1598871647.462846040725708,0.00227,0.00008,0.00004,0.00349,0.00008,0.00090,0.00686
1598871647.496831655502319,0.00259,0.00009,0.00001,0.00345,0.00000,0.00085,0.00699
1598871647.529172658920288,0.00239,0.00009,0.00007,0.00381,0.00018,0.00088,0.00742
1598871647.563294410705566,0.00239,0.00009,0.00019,0.00350,0.00010,0.00159,0.00786
1598871647.597112894058228,0.00230,0.00011,0.00734,0.00331,0.00075,0.00095,0.01475
1598871647.666282892227173,0.00248,0.00011,0.00072,0.00323,0.00009,0.00084,0.00747
1598871647.729510545730591,0.00254,0.00013,0.00040,0.00325,0.00017,0.00114,0.00762
1598871647.763566970825195,0.00230,0.00008,0.00196,0.00349,0.00017,0.00112,0.00912
1598871647.796270370483398,0.00233,0.00011,0.00116,0.00350,0.00041,0.00116,0.00868
1598871647.830532312393188,0.00222,0.00008,0.00223,0.00345,0.00076,0.00101,0.00975
1598871647.897168159484863,0.00262,0.00014,0.00001,0.00356,0.00000,0.00098,0.00731
1598871647.929600715637207,0.00226,0.00011,0.00010,0.00357,0.00003,0.00106,0.00713
1598871647.963297605514526,0.00237,0.00008,0.00013,0.00376,0.00010,0.00108,0.00750
1598871647.997105598449707,0.00216,0.00011,0.00001,0.00359,0.00000,0.00101,0.00688
1598871648.030834197998047,0.00227,0.00008,0.00001,0.00374,0.00002,0.00113,0.00724
1598871648.063498735427856,0.00224,0.00011,0.00017,0.00354,0.00010,0.00108,0.00724
1598871648.097690582275391,0.00260,0.00010,0.00601,0.00340,0.00129,0.00085,0.01426
1598871648.163327455520630,0.00257,0.00012,0.00073,0.00351,0.00000,0.00096,0.00790
1598871648.197415590286255,0.00215,0.00006,0.00028,0.00363,0.00009,0.00088,0.00710
1598871648.230373620986938,0.00211,0.00006,0.00158,0.00345,0.00009,0.00093,0.00822
1598871648.263119459152222,0.00255,0.00010,0.00081,0.00380,0.00012,0.00096,0.00835
1598871648.297255039215088,0.00264,0.00010,0.00192,0.00364,0.00011,0.00091,0.00932
1598871648.330010414123535,0.00230,0.00010,0.00001,0.00401,0.00000,0.00095,0.00737
1598871648.364425420761108,0.00227,0.00010,0.00001,0.00418,0.00076,0.00092,0.00823
1598871648.397097349166870,0.00242,0.00010,0.00074,0.00393,0.00009,0.00143,0.00872
1598871648.430003166198730,0.00206,0.00007,0.00001,0.00397,0.00000,0.00088,0.00699
1598871648.466963052749634,0.00233,0.00010,0.00003,0.00396,0.00000,0.00117,0.00760
1598871648.531112432479858,0.00209,0.00010,0.00017,0.00418,0.00017,0.00119,0.00791
1598871648.563977241516113,0.00240,0.00037,0.00637,0.00385,0.00000,0.00114,0.01412
1598871648.597074985504150,0.00247,0.00012,0.00070,0.00382,0.00000,0.00121,0.00831
1598871648.630460977554321,0.00228,0.00014,0.00033,0.00391,0.00008,0.00090,0.00764
1598871648.663919687271118,0.00251,0.00011,0.00170,0.00446,0.00000,0.00085,0.00964
1598871648.697416543960571,0.00234,0.00007,0.00163,0.00383,0.00000,0.00097,0.00884
1598871648.729989051818848,0.00169,0.00010,0.00176,0.00381,0.00000,0.00083,0.00818
1598871648.763938903808594,0.00255,0.00010,0.00006,0.00385,0.00010,0.00092,0.00757
1598871648.798223733901978,0.00204,0.00009,0.00001,0.00403,0.00000,0.00085,0.00702
1598871648.830664873123169,0.00211,0.00006,0.00067,0.00386,0.00000,0.00084,0.00754
1598871648.864475965499878,0.00226,0.00009,0.00016,0.00386,0.00000,0.00094,0.00732
1598871648.932738304138184,0.00233,0.00011,0.00007,0.00381,0.00008,0.00081,0.00722
1598871648.997619628906250,0.00234,0.00011,0.00014,0.00398,0.00000,0.00110,0.00767
1598871649.030520200729370,0.00224,0.00012,0.00517,0.00382,0.00000,0.00108,0.01243
1598871649.063653707504272,0.00219,0.00007,0.00006,0.00394,0.00008,0.00089,0.00723
1598871649.097954511642456,0.00230,0.00016,0.00029,0.00390,0.00000,0.00092,0.00758
1598871649.131105899810791,0.00190,0.00011,0.00220,0.00375,0.00000,0.00083,0.00878
1598871649.163733243942261,0.00195,0.00007,0.00078,0.00369,0.00008,0.00078,0.00736
1598871649.197465896606445,0.00181,0.00007,0.00160,0.00374,0.00000,0.00085,0.00807
1598871649.233711004257202,0.00206,0.00007,0.00001,0.00379,0.00000,0.00083,0.00677
1598871649.298028469085693,0.00224,0.00011,0.00003,0.00375,0.00009,0.00081,0.00703
1598871649.363682985305786,0.00216,0.00011,0.00005,0.00374,0.00000,0.00084,0.00690
1598871649.398574352264404,0.00239,0.00012,0.00001,0.00374,0.00000,0.00094,0.00720
1598871649.432759284973145,0.00206,0.00014,0.00042,0.00367,0.00009,0.00110,0.00747
1598871649.466611623764038,0.00248,0.00009,0.00013,0.00379,0.00002,0.00082,0.00732
1598871649.501804828643799,0.00200,0.00007,0.00494,0.00354,0.00067,0.00079,0.01201
1598871649.564087152481079,0.00199,0.00010,0.00009,0.00371,0.00008,0.00108,0.00705
1598871649.598221778869629,0.00266,0.00010,0.00087,0.00337,0.00000,0.00096,0.00795
1598871649.632674694061279,0.00211,0.00007,0.00282,0.00363,0.00003,0.00117,0.00983
1598871649.665800571441650,0.00235,0.00010,0.00008,0.00356,0.00094,0.00089,0.00792
1598871649.731438159942627,0.00216,0.00013,0.00152,0.00336,0.00003,0.00090,0.00809
1598871649.767630338668823,0.00242,0.00010,0.00001,0.00348,0.00000,0.00094,0.00695
1598871649.831261873245239,0.00255,0.00011,0.00005,0.00342,0.00009,0.00097,0.00720
1598871649.863984346389771,0.00227,0.00006,0.00001,0.00396,0.00078,0.00109,0.00817
1598871649.898498535156250,0.00210,0.00009,0.00009,0.00347,0.00000,0.00085,0.00660
1598871649.931021451950073,0.00225,0.00008,0.00004,0.00402,0.00055,0.00083,0.00777
1598871649.965431928634644,0.00247,0.00012,0.00191,0.00374,0.00039,0.00126,0.00988
1598871649.998113870620728,0.00239,0.00007,0.00514,0.00351,0.00000,0.00084,0.01195
1598871650.030955553054810,0.00220,0.00013,0.00006,0.00382,0.00075,0.00109,0.00806
1598871650.064192533493042,0.00211,0.00008,0.00181,0.00387,0.00000,0.00082,0.00869
1598871650.098610401153564,0.00176,0.00009,0.00286,0.00365,0.00000,0.00082,0.00918
1598871650.131121635437012,0.00235,0.00013,0.00054,0.00391,0.00009,0.00092,0.00793
1598871650.164962053298950,0.00212,0.00006,0.00192,0.00389,0.00000,0.00082,0.00881
1598871650.198656558990479,0.00290,0.00015,0.00001,0.00382,0.00000,0.00112,0.00801
1598871650.231582641601562,0.00230,0.00014,0.00007,0.00360,0.00008,0.00104,0.00722
1598871650.264585971832275,0.00199,0.00006,0.00001,0.00360,0.00000,0.00091,0.00657
1598871650.298853397369385,0.00244,0.00011,0.00007,0.00360,0.00002,0.00103,0.00728
1598871650.331772089004517,0.00222,0.00010,0.00007,0.00377,0.00015,0.00087,0.00717
1598871650.364716291427612,0.00241,0.00009,0.00139,0.00369,0.00068,0.00082,0.00908
1598871650.398620128631592,0.00229,0.00012,0.00530,0.00366,0.00000,0.00108,0.01244
1598871650.431718111038208,0.00200,0.00006,0.00006,0.00371,0.00008,0.00087,0.00678
1598871650.464510679244995,0.00194,0.00007,0.00186,0.00362,0.00000,0.00084,0.00833
1598871650.499639034271240,0.00209,0.00007,0.00261,0.00360,0.00000,0.00088,0.00925
1598871650.564290761947632,0.00212,0.00007,0.00046,0.00365,0.00008,0.00083,0.00722
1598871650.599001646041870,0.00244,0.00010,0.00202,0.00359,0.00000,0.00092,0.00907
1598871650.632857084274292,0.00193,0.00007,0.00001,0.00374,0.00000,0.00085,0.00660
1598871650.705806970596313,0.00227,0.00012,0.00005,0.00369,0.00009,0.00088,0.00711
1598871650.764324665069580,0.00224,0.00013,0.00001,0.00371,0.00000,0.00106,0.00715
1598871650.797985315322876,0.00227,0.00014,0.00022,0.00400,0.00000,0.00111,0.00774
1598871650.832116842269897,0.00208,0.00010,0.00007,0.00369,0.00010,0.00107,0.00710
1598871650.864943504333496,0.00202,0.00006,0.00158,0.00352,0.00000,0.00077,0.00794
1598871650.899403333663940,0.00194,0.00007,0.00611,0.00346,0.00000,0.00075,0.01233
1598871650.931904554367065,0.00223,0.00013,0.00003,0.00356,0.00008,0.00145,0.00747
1598871650.964746713638306,0.00221,0.00010,0.00150,0.00348,0.00041,0.00129,0.00899
1598871650.999806880950928,0.00210,0.00010,0.00278,0.00354,0.00000,0.00088,0.00939
1598871651.063997983932495,0.00228,0.00013,0.00055,0.00363,0.00009,0.00104,0.00771
1598871651.106106519699097,0.00221,0.00011,0.00217,0.00367,0.00000,0.00110,0.00927
1598871651.164605617523193,0.00245,0.00012,0.00001,0.00365,0.00000,0.00155,0.00778
1598871651.199229955673218,0.00221,0.00009,0.00004,0.00358,0.00010,0.00081,0.00683
1598871651.231857776641846,0.00217,0.00010,0.00002,0.00373,0.00000,0.00078,0.00679
1598871651.265850782394409,0.00242,0.00012,0.00071,0.00408,0.00000,0.00094,0.00827
1598871651.300447225570679,0.00234,0.00010,0.00004,0.00355,0.00010,0.00089,0.00703
1598871651.364972352981567,0.00210,0.00010,0.00140,0.00347,0.00000,0.00081,0.00789
1598871651.400246858596802,0.00167,0.00006,0.00577,0.00336,0.00000,0.00075,0.01161
1598871651.434740543365479,0.00236,0.00013,0.00003,0.00349,0.00009,0.00112,0.00723
1598871651.499749183654785,0.00203,0.00010,0.00164,0.00339,0.00003,0.00113,0.00832
1598871651.532466411590576,0.00228,0.00012,0.00263,0.00351,0.00018,0.00090,0.00961
1598871651.565953016281128,0.00234,0.00010,0.00004,0.00373,0.00075,0.00088,0.00784
1598871651.600257396697998,0.00211,0.00010,0.00199,0.00349,0.00000,0.00081,0.00851
1598871651.633270502090454,0.00244,0.00012,0.00001,0.00372,0.00000,0.00113,0.00742
1598871651.666882753372192,0.00242,0.00009,0.00005,0.00360,0.00009,0.00089,0.00715
1598871651.700739622116089,0.00228,0.00011,0.00001,0.00362,0.00000,0.00090,0.00692
1598871651.733973503112793,0.00220,0.00006,0.00066,0.00357,0.00000,0.00089,0.00738
1598871651.767886400222778,0.00209,0.00007,0.00004,0.00360,0.00009,0.00081,0.00671
1598871651.802075862884521,0.00215,0.00006,0.00007,0.00361,0.00000,0.00080,0.00669
1598871651.835120439529419,0.00178,0.00008,0.00587,0.00356,0.00000,0.00080,0.01209
1598871651.868690490722656,0.00206,0.00011,0.00007,0.00370,0.00010,0.00104,0.00708
1598871651.903740882873535,0.00209,0.00006,0.00023,0.00354,0.00000,0.00075,0.00667
1598871651.936069011688232,0.00211,0.00007,0.00204,0.00350,0.00000,0.00086,0.00858
1598871651.969295263290405,0.00221,0.00011,0.00004,0.00364,0.00008,0.00110,0.00720
1598871652.003729343414307,0.00202,0.00011,0.00202,0.00352,0.00000,0.00102,0.00869
1598871652.036767005920410,0.00232,0.00014,0.00001,0.00382,0.00000,0.00115,0.00743
1598871652.075073003768921,0.00201,0.00007,0.00005,0.00364,0.00008,0.00084,0.00670
1598871652.107902288436890,0.00195,0.00007,0.00001,0.00361,0.00000,0.00085,0.00649
1598871652.170914649963379,0.00198,0.00008,0.00067,0.00372,0.00000,0.00116,0.00760
1598871652.205398082733154,0.00224,0.00010,0.00004,0.00361,0.00008,0.00157,0.00763
1598871652.239202260971069,0.00184,0.00008,0.00007,0.00367,0.00000,0.00079,0.00645
1598871652.305307626724243,0.00221,0.00012,0.00611,0.00357,0.00000,0.00102,0.01302
1598871652.338646173477173,0.00189,0.00010,0.00006,0.00395,0.00009,0.00101,0.00712
1598871652.372235774993896,0.00230,0.00011,0.00051,0.00366,0.00000,0.00110,0.00768
1598871652.405755281448364,0.00222,0.00006,0.00206,0.00359,0.00000,0.00087,0.00880
1598871652.439579963684082,0.00235,0.00011,0.00007,0.00368,0.00008,0.00106,0.00735
1598871652.472678899765015,0.00172,0.00006,0.00215,0.00357,0.00000,0.00080,0.00830
1598871652.512430429458618,0.00159,0.00007,0.00001,0.00357,0.00000,0.00076,0.00600
1598871652.575524330139160,0.00239,0.00013,0.00007,0.00368,0.00008,0.00101,0.00737
1598871652.609481811523438,0.00199,0.00011,0.00001,0.00364,0.00000,0.00103,0.00678
1598871652.644564151763916,0.00229,0.00010,0.00071,0.00356,0.00000,0.00078,0.00743
1598871652.710290431976318,0.00199,0.00010,0.00004,0.00379,0.00010,0.00080,0.00683
1598871652.743302583694458,0.00227,0.00013,0.00017,0.00363,0.00000,0.00101,0.00722
1598871652.776388883590698,0.00193,0.00010,0.00542,0.00336,0.00067,0.00101,0.01248
1598871652.814915418624878,0.00225,0.00012,0.00003,0.00357,0.00010,0.00091,0.00698
1598871652.877382993698120,0.00202,0.00008,0.00033,0.00359,0.00000,0.00086,0.00687
1598871652.911148309707642,0.00220,0.00009,0.00196,0.00348,0.00002,0.00109,0.00884
1598871652.976947307586670,0.00231,0.00011,0.00005,0.00351,0.00008,0.00088,0.00694
1598871653.011694908142090,0.00204,0.00010,0.00175,0.00349,0.00011,0.00089,0.00838
1598871653.081229686737061,0.00241,0.00016,0.00001,0.00368,0.00000,0.00110,0.00736
1598871653.144884586334229,0.00240,0.00011,0.00006,0.00387,0.00010,0.00085,0.00737
1598871653.178012371063232,0.00226,0.00034,0.00001,0.00360,0.00000,0.00114,0.00736
1598871653.211574554443359,0.00251,0.00010,0.00001,0.00347,0.00070,0.00090,0.00767
1598871653.245439767837524,0.00268,0.00012,0.00009,0.00378,0.00013,0.00101,0.00780
1598871653.280020236968994,0.00229,0.00010,0.00008,0.00379,0.00000,0.00109,0.00735
1598871653.314401149749756,0.00219,0.00010,0.00537,0.00350,0.00000,0.00085,0.01202
1598871653.380096197128296,0.00229,0.00011,0.00004,0.00354,0.00010,0.00089,0.00697
1598871653.413653373718262,0.00202,0.00008,0.00026,0.00337,0.00008,0.00090,0.00671
1598871653.453582048416138,0.00201,0.00016,0.00235,0.00350,0.00001,0.00131,0.00934
1598871653.516272068023682,0.00231,0.00015,0.00004,0.00362,0.00013,0.00085,0.00710
1598871653.550739288330078,0.00213,0.00010,0.00175,0.00348,0.00011,0.00106,0.00862
1598871653.584086894989014,0.00186,0.00010,0.00001,0.00352,0.00000,0.00084,0.00632
1598871653.649137020111084,0.00237,0.00013,0.00004,0.00350,0.00010,0.00087,0.00701
1598871653.683048963546753,0.00195,0.00007,0.00003,0.00348,0.00000,0.00090,0.00643
1598871653.716037988662720,0.00216,0.00009,0.00001,0.00350,0.00000,0.00084,0.00660
1598871653.749751806259155,0.00261,0.00007,0.00007,0.00376,0.00017,0.00115,0.00784
1598871653.783942222595215,0.00230,0.00008,0.00071,0.00353,0.00002,0.00103,0.00768
1598871653.816446304321289,0.00221,0.00011,0.00508,0.00343,0.00066,0.00106,0.01256
1598871653.850775718688965,0.00234,0.00009,0.00004,0.00364,0.00009,0.00084,0.00704
1598871653.884430170059204,0.00260,0.00006,0.00078,0.00368,0.00000,0.00090,0.00802
1598871653.918246030807495,0.00227,0.00012,0.00247,0.00364,0.00000,0.00112,0.00962
1598871653.950861215591431,0.00213,0.00013,0.00011,0.00374,0.00008,0.00105,0.00725
1598871653.985933780670166,0.00239,0.00009,0.00186,0.00361,0.00000,0.00108,0.00903
1598871654.020370960235596,0.00191,0.00008,0.00001,0.00369,0.00000,0.00085,0.00654
1598871654.053600549697876,0.00211,0.00006,0.00003,0.00360,0.00009,0.00097,0.00687
1598871654.086904287338257,0.00243,0.00011,0.00001,0.00395,0.00000,0.00111,0.00761
1598871654.120560169219971,0.00216,0.00012,0.00001,0.00367,0.00000,0.00106,0.00703
1598871654.154546022415161,0.00232,0.00009,0.00012,0.00353,0.00009,0.00102,0.00719
1598871654.187093734741211,0.00206,0.00014,0.00071,0.00355,0.00002,0.00105,0.00754
1598871654.221568822860718,0.00231,0.00014,0.00494,0.00349,0.00073,0.00094,0.01256
1598871654.288061857223511,0.00247,0.00012,0.00004,0.00374,0.00010,0.00094,0.00741
1598871654.326310396194458,0.00236,0.00010,0.00081,0.00398,0.00000,0.00090,0.00815
1598871654.391762256622314,0.00270,0.00011,0.00258,0.00367,0.00000,0.00086,0.00992
1598871654.456655025482178,0.00243,0.00010,0.00008,0.00366,0.00009,0.00084,0.00720
1598871654.488975048065186,0.00207,0.00009,0.00088,0.00364,0.00000,0.00085,0.00753
1598871654.522658824920654,0.00214,0.00006,0.00001,0.00399,0.00000,0.00099,0.00719
1598871654.556212425231934,0.00208,0.00006,0.00009,0.00398,0.00008,0.00133,0.00761
1598871654.589694261550903,0.00235,0.00011,0.00001,0.00380,0.00000,0.00109,0.00737
1598871654.623096704483032,0.00205,0.00009,0.00001,0.00368,0.00000,0.00082,0.00665
1598871654.656454086303711,0.00245,0.00015,0.00102,0.00366,0.00008,0.00112,0.00848
1598871654.689632415771484,0.00221,0.00013,0.00074,0.00367,0.00000,0.00104,0.00780
1598871654.724418878555298,0.00203,0.00007,0.00488,0.00360,0.00000,0.00080,0.01138
1598871654.758496522903442,0.00214,0.00009,0.00003,0.00368,0.00008,0.00080,0.00684
1598871654.791867017745972,0.00238,0.00015,0.00078,0.00377,0.00000,0.00109,0.00817
1598871654.824717521667480,0.00212,0.00012,0.00273,0.00361,0.00000,0.00114,0.00973
1598871654.860633611679077,0.00251,0.00009,0.00004,0.00392,0.00010,0.00080,0.00747
1598871654.927297115325928,0.00220,0.00009,0.00163,0.00358,0.00000,0.00074,0.00824
1598871654.993106126785278,0.00256,0.00014,0.00001,0.00372,0.00000,0.00123,0.00766
1598871655.026304960250854,0.00195,0.00009,0.00003,0.00405,0.00010,0.00080,0.00703
1598871655.060093641281128,0.00242,0.00010,0.00001,0.00369,0.00000,0.00092,0.00713
1598871655.093679189682007,0.00225,0.00008,0.00001,0.00370,0.00000,0.00107,0.00709
1598871655.127065181732178,0.00238,0.00013,0.00075,0.00346,0.00012,0.00084,0.00768
1598871655.160846233367920,0.00239,0.00011,0.00162,0.00350,0.00000,0.00091,0.00853
1598871655.194967269897461,0.00232,0.00009,0.00513,0.00344,0.00009,0.00104,0.01211
1598871655.227930784225464,0.00237,0.00015,0.00005,0.00404,0.00009,0.00124,0.00794
1598871655.262222766876221,0.00232,0.00011,0.00181,0.00360,0.00000,0.00107,0.00891
1598871655.296096324920654,0.00247,0.00010,0.00342,0.00356,0.00000,0.00130,0.01086
1598871655.329735994338989,0.00226,0.00013,0.00024,0.00362,0.00008,0.00104,0.00737
1598871655.364537715911865,0.00259,0.00014,0.00194,0.00346,0.00000,0.00102,0.00915
1598871655.429110527038574,0.00196,0.00012,0.00067,0.00341,0.00000,0.00077,0.00693
1598871655.463082313537598,0.00258,0.00015,0.00035,0.00357,0.00009,0.00110,0.00784
1598871655.496940851211548,0.00233,0.00010,0.00006,0.00356,0.00000,0.00088,0.00692
1598871655.530625820159912,0.00180,0.00006,0.00001,0.00354,0.00000,0.00089,0.00630
1598871655.564980030059814,0.00215,0.00014,0.00007,0.00360,0.00010,0.00102,0.00708
1598871655.597718715667725,0.00230,0.00011,0.00163,0.00342,0.00035,0.00091,0.00873
1598871655.634093999862671,0.00205,0.00007,0.00348,0.00355,0.00000,0.00087,0.01002
1598871655.697336673736572,0.00204,0.00010,0.00003,0.00358,0.00008,0.00144,0.00728
1598871655.731052875518799,0.00214,0.00010,0.00176,0.00357,0.00000,0.00083,0.00841
1598871655.764923095703125,0.00193,0.00010,0.00305,0.00344,0.00000,0.00081,0.00934
1598871655.798928737640381,0.00229,0.00010,0.00038,0.00343,0.00009,0.00076,0.00705
1598871655.833141565322876,0.00222,0.00011,0.00193,0.00381,0.00001,0.00080,0.00888
1598871655.866463184356689,0.00232,0.00010,0.00167,0.00337,0.00066,0.00088,0.00902
1598871655.900920867919922,0.00210,0.00010,0.00003,0.00362,0.00008,0.00083,0.00675
1598871655.933479547500610,0.00224,0.00015,0.00001,0.00361,0.00000,0.00104,0.00704
1598871655.967806816101074,0.00185,0.00012,0.00001,0.00384,0.00000,0.00084,0.00667
1598871656.000720500946045,0.00206,0.00006,0.00007,0.00340,0.00015,0.00075,0.00649
1598871656.039816141128540,0.00218,0.00012,0.00104,0.00359,0.00000,0.00108,0.00801
1598871656.104262351989746,0.00209,0.00011,0.00319,0.00341,0.00000,0.00084,0.00964
1598871656.138845443725586,0.00198,0.00010,0.00003,0.00348,0.00009,0.00076,0.00644
1598871656.203365087509155,0.00161,0.00008,0.00194,0.00337,0.00008,0.00078,0.00786
1598871656.269713640213013,0.00236,0.00015,0.00294,0.00355,0.00000,0.00148,0.01048
1598871656.303437471389771,0.00200,0.00009,0.00009,0.00348,0.00009,0.00081,0.00655
1598871656.336787939071655,0.00195,0.00006,0.00172,0.00344,0.00066,0.00084,0.00867
1598871656.371697902679443,0.00219,0.00014,0.00155,0.00346,0.00000,0.00104,0.00837
1598871656.404144763946533,0.00215,0.00008,0.00005,0.00356,0.00008,0.00107,0.00698
1598871656.438060998916626,0.00202,0.00010,0.00005,0.00356,0.00001,0.00083,0.00657
1598871656.470874786376953,0.00246,0.00013,0.00001,0.00355,0.00000,0.00107,0.00722
1598871656.503895759582520,0.00242,0.00009,0.00003,0.00364,0.00009,0.00074,0.00702
1598871656.540220260620117,0.00185,0.00006,0.00071,0.00338,0.00002,0.00083,0.00686
1598871656.573398113250732,0.00219,0.00015,0.00330,0.00331,0.00087,0.00077,0.01059
1598871656.641376972198486,0.00228,0.00010,0.00009,0.00371,0.00008,0.00101,0.00727
1598871656.706031799316406,0.00201,0.00010,0.00111,0.00354,0.00000,0.00082,0.00758
1598871656.739992141723633,0.00192,0.00009,0.00219,0.00361,0.00000,0.00082,0.00863
1598871656.773652791976929,0.00215,0.00012,0.00010,0.00366,0.00009,0.00100,0.00711
1598871656.808124542236328,0.00234,0.00011,0.00178,0.00347,0.00000,0.00106,0.00876
1598871656.841679334640503,0.00209,0.00014,0.00155,0.00345,0.00008,0.00102,0.00834
1598871656.874084234237671,0.00211,0.00010,0.00020,0.00356,0.00013,0.00156,0.00765
1598871656.907813310623169,0.00216,0.00010,0.00004,0.00369,0.00000,0.00087,0.00686
1598871656.941443204879761,0.00199,0.00018,0.00014,0.00372,0.00002,0.00103,0.00709
1598871656.974988460540771,0.00194,0.00008,0.00011,0.00344,0.00008,0.00083,0.00648
1598871657.008616924285889,0.00220,0.00014,0.00005,0.00352,0.00003,0.00098,0.00692
1598871657.042526960372925,0.00227,0.00013,0.00264,0.00361,0.00005,0.00085,0.00955
1598871657.075004100799561,0.00218,0.00029,0.00001,0.00356,0.00000,0.00100,0.00705
1598871657.110328674316406,0.00241,0.00011,0.00020,0.00322,0.00004,0.00072,0.00670
1598871657.143825292587280,0.00176,0.00007,0.00199,0.00314,0.00003,0.00075,0.00774
1598871657.179109334945679,0.00226,0.00010,0.00008,0.00309,0.00009,0.00085,0.00648
1598871657.211397647857666,0.00213,0.00013,0.00072,0.00331,0.00090,0.00099,0.00818
1598871657.243895053863525,0.00229,0.00013,0.00011,0.00373,0.00146,0.00075,0.00848
1598871657.276533365249634,0.00205,0.00012,0.00002,0.00367,0.00000,0.00077,0.00663
1598871657.311415433883667,0.00213,0.00011,0.00004,0.00362,0.00000,0.00098,0.00688
1598871657.345695495605469,0.00213,0.00009,0.00022,0.00351,0.00012,0.00116,0.00723
1598871657.412256717681885,0.00238,0.00012,0.00008,0.00341,0.00003,0.00086,0.00688
1598871657.445127487182617,0.00213,0.00007,0.00010,0.00345,0.00009,0.00083,0.00668
1598871657.478449344635010,0.00191,0.00008,0.00248,0.00331,0.00009,0.00085,0.00873
1598871657.512142896652222,0.00203,0.00012,0.00001,0.00363,0.00000,0.00100,0.00679
1598871657.546286821365356,0.00191,0.00009,0.00058,0.00363,0.00004,0.00073,0.00699
1598871657.581178188323975,0.00208,0.00006,0.00170,0.00329,0.00011,0.00075,0.00800
1598871657.613675594329834,0.00199,0.00011,0.00001,0.00378,0.00000,0.00073,0.00663
1598871657.647487878799438,0.00228,0.00010,0.00068,0.00406,0.00034,0.00084,0.00830
1598871657.680747747421265,0.00190,0.00007,0.00005,0.00347,0.00008,0.00087,0.00645
1598871657.714473962783813,0.00227,0.00037,0.00001,0.00389,0.00000,0.00110,0.00764
1598871657.748130083084106,0.00276,0.00010,0.00001,0.00362,0.00068,0.00087,0.00804
1598871657.780847549438477,0.00226,0.00008,0.00008,0.00348,0.00025,0.00097,0.00713
1598871657.816449642181396,0.00219,0.00012,0.00071,0.00344,0.00018,0.00072,0.00736
1598871657.851796627044678,0.00242,0.00010,0.00006,0.00369,0.00002,0.00104,0.00733
1598871657.916246652603149,0.00252,0.00013,0.00243,0.00375,0.00019,0.00083,0.00985
1598871657.948897361755371,0.00221,0.00009,0.00001,0.00354,0.00000,0.00089,0.00675
1598871657.982597112655640,0.00184,0.00008,0.00080,0.00364,0.00004,0.00097,0.00737
1598871658.016124010086060,0.00214,0.00009,0.00195,0.00344,0.00086,0.00102,0.00950
1598871658.050069332122803,0.00228,0.00015,0.00001,0.00346,0.00000,0.00084,0.00675
1598871658.083426713943481,0.00171,0.00011,0.00069,0.00343,0.00021,0.00080,0.00695
1598871658.117049217224121,0.00210,0.00008,0.00003,0.00345,0.00009,0.00077,0.00652
1598871658.149653673171997,0.00249,0.00010,0.00001,0.00333,0.00000,0.00080,0.00673
1598871658.186305999755859,0.00254,0.00015,0.00020,0.00364,0.00000,0.00118,0.00772
1598871658.219113826751709,0.00234,0.00012,0.00016,0.00314,0.00059,0.00100,0.00735
1598871658.254859924316406,0.00225,0.00008,0.00001,0.00329,0.00082,0.00081,0.00725
1598871658.318306446075439,0.00203,0.00013,0.00070,0.00341,0.00002,0.00078,0.00707
1598871658.352179288864136,0.00234,0.00011,0.00287,0.00328,0.00019,0.00112,0.00990
1598871658.385481119155884,0.00237,0.00014,0.00007,0.00352,0.00000,0.00115,0.00724
1598871658.419125556945801,0.00240,0.00009,0.00187,0.00310,0.00046,0.00083,0.00876
1598871658.453040838241577,0.00200,0.00013,0.00180,0.00297,0.00133,0.00092,0.00917
1598871658.486405849456787,0.00188,0.00007,0.00001,0.00337,0.00000,0.00077,0.00609
1598871658.520419836044312,0.00174,0.00006,0.00066,0.00316,0.00021,0.00074,0.00656
1598871658.554363965988159,0.00183,0.00007,0.00161,0.00310,0.00133,0.00072,0.00866
1598871658.588532209396362,0.00172,0.00007,0.00004,0.00351,0.00013,0.00075,0.00622
1598871658.656337022781372,0.00226,0.00010,0.00001,0.00398,0.00000,0.00085,0.00721
1598871658.724861621856689,0.00228,0.00012,0.00024,0.00335,0.00009,0.00085,0.00693
1598871658.788199186325073,0.00225,0.00011,0.00021,0.00332,0.00008,0.00089,0.00686
1598871658.821821212768555,0.00178,0.00008,0.00144,0.00341,0.00008,0.00085,0.00763
1598871658.855412960052490,0.00217,0.00006,0.00320,0.00369,0.00015,0.00098,0.01026
1598871658.888282060623169,0.00191,0.00011,0.00007,0.00336,0.00008,0.00075,0.00629
1598871658.922000885009766,0.00233,0.00008,0.00279,0.00308,0.00002,0.00112,0.00942
1598871658.956727981567383,0.00224,0.00010,0.00163,0.00299,0.00073,0.00084,0.00855
1598871658.993592023849487,0.00188,0.00006,0.00019,0.00321,0.00017,0.00084,0.00634
1598871659.057409048080444,0.00220,0.00009,0.00107,0.00335,0.00017,0.00114,0.00802
1598871659.121675491333008,0.00214,0.00010,0.00149,0.00307,0.00071,0.00077,0.00828
1598871659.157180547714233,0.00232,0.00009,0.00048,0.00296,0.00000,0.00081,0.00667
1598871659.221551179885864,0.00240,0.00011,0.00008,0.00300,0.00009,0.00088,0.00657
1598871659.256445884704590,0.00219,0.00008,0.00007,0.00289,0.00019,0.00083,0.00626
1598871659.322049856185913,0.00264,0.00012,0.00032,0.00250,0.00013,0.00089,0.00661
1598871659.356038570404053,0.00194,0.00007,0.00010,0.00240,0.00136,0.00081,0.00670
1598871659.388414144515991,0.00220,0.00011,0.00275,0.00270,0.00150,0.00102,0.01027
1598871659.421571016311646,0.00211,0.00006,0.00050,0.00322,0.00130,0.00071,0.00790
1598871659.456065177917480,0.00141,0.00007,0.00247,0.00327,0.00000,0.00080,0.00802
1598871659.488618850708008,0.00241,0.00012,0.00007,0.00339,0.00138,0.00081,0.00819
1598871659.521581649780273,0.00185,0.00009,0.00042,0.00375,0.00000,0.00079,0.00690
1598871659.556432723999023,0.00249,0.00009,0.00102,0.00321,0.00000,0.00106,0.00787
1598871659.622005224227905,0.00228,0.00014,0.00202,0.00318,0.00024,0.00094,0.00880
1598871659.656141757965088,0.00201,0.00012,0.00012,0.00362,0.00002,0.00099,0.00688
1598871659.688836097717285,0.00228,0.00008,0.00031,0.00332,0.00000,0.00076,0.00674
1598871659.721871852874756,0.00211,0.00009,0.00043,0.00308,0.00021,0.00099,0.00690
1598871659.756001472473145,0.00202,0.00008,0.00012,0.00305,0.00011,0.00078,0.00617
1598871659.789079666137695,0.00230,0.00008,0.00002,0.00314,0.00002,0.00109,0.00664
1598871659.822981119155884,0.00163,0.00009,0.00110,0.00300,0.00140,0.00078,0.00799
1598871659.855898857116699,0.00208,0.00010,0.00009,0.00316,0.00000,0.00100,0.00644
1598871659.888453722000122,0.00196,0.00006,0.00054,0.00309,0.00077,0.00077,0.00720
1598871659.921893358230591,0.00277,0.00009,0.00037,0.00364,0.00016,0.00101,0.00804
1598871659.956193208694458,0.00226,0.00011,0.00013,0.00366,0.00000,0.00098,0.00714
1598871659.990528583526611,0.00225,0.00010,0.00132,0.00315,0.00031,0.00083,0.00796
1598871660.056502103805542,0.00242,0.00011,0.00208,0.00309,0.00141,0.00080,0.00992
1598871660.090667247772217,0.00273,0.00009,0.00043,0.00319,0.00011,0.00099,0.00753
1598871660.123256921768188,0.00247,0.00010,0.00005,0.00343,0.00072,0.00100,0.00777
1598871660.156898975372314,0.00225,0.00010,0.00024,0.00341,0.00024,0.00092,0.00716
1598871660.189399719238281,0.00178,0.00006,0.00003,0.00339,0.00008,0.00079,0.00614
1598871660.222569227218628,0.00217,0.00010,0.00011,0.00366,0.00002,0.00102,0.00709
1598871660.257624626159668,0.00191,0.00006,0.00068,0.00317,0.00072,0.00083,0.00738
1598871660.290716648101807,0.00216,0.00008,0.00001,0.00341,0.00040,0.00099,0.00705
1598871660.324225664138794,0.00212,0.00010,0.00216,0.00320,0.00002,0.00102,0.00864
1598871660.363897085189819,0.00221,0.00011,0.00029,0.00305,0.00133,0.00096,0.00796
1598871660.427119255065918,0.00232,0.00011,0.00034,0.00337,0.00009,0.00085,0.00708
1598871660.491787910461426,0.00237,0.00011,0.00148,0.00336,0.00012,0.00082,0.00825
1598871660.525057077407837,0.00201,0.00006,0.00259,0.00282,0.00088,0.00078,0.00914
1598871660.559552192687988,0.00238,0.00010,0.00035,0.00393,0.00016,0.00081,0.00773
1598871660.592319488525391,0.00195,0.00012,0.00001,0.00368,0.00000,0.00071,0.00647
1598871660.625671386718750,0.00237,0.00009,0.00071,0.00347,0.00014,0.00078,0.00755
1598871660.659515142440796,0.00165,0.00007,0.00164,0.00347,0.00012,0.00078,0.00773
1598871660.692270278930664,0.00228,0.00010,0.00167,0.00367,0.00000,0.00105,0.00877
1598871660.727824687957764,0.00200,0.00007,0.00120,0.00338,0.00008,0.00084,0.00757
1598871660.760562419891357,0.00242,0.00009,0.00008,0.00334,0.00000,0.00086,0.00679
1598871660.793819189071655,0.00195,0.00006,0.00224,0.00300,0.00041,0.00085,0.00852
1598871660.827655792236328,0.00194,0.00009,0.00011,0.00338,0.00048,0.00097,0.00695
1598871660.861622333526611,0.00226,0.00008,0.00010,0.00341,0.00002,0.00100,0.00688
1598871660.895177841186523,0.00198,0.00008,0.00162,0.00312,0.00043,0.00081,0.00804
1598871660.928084373474121,0.00193,0.00008,0.00234,0.00293,0.00135,0.00096,0.00959
1598871660.962618350982666,0.00227,0.00009,0.00096,0.00316,0.00000,0.00085,0.00733
1598871660.996303081512451,0.00196,0.00008,0.00163,0.00353,0.00084,0.00098,0.00903
1598871661.063953638076782,0.00224,0.00012,0.00027,0.00343,0.00019,0.00101,0.00726
1598871661.096628189086914,0.00204,0.00030,0.00108,0.00338,0.00000,0.00110,0.00791
1598871661.129331111907959,0.00234,0.00006,0.00192,0.00329,0.00000,0.00081,0.00843
1598871661.163975477218628,0.00219,0.00011,0.00240,0.00316,0.00014,0.00096,0.00895
1598871661.196571588516235,0.00219,0.00009,0.00010,0.00352,0.00000,0.00097,0.00687
1598871661.229977369308472,0.00199,0.00006,0.00207,0.00331,0.00036,0.00090,0.00869
1598871661.297341823577881,0.00213,0.00008,0.00024,0.00340,0.00008,0.00081,0.00673
1598871661.331311702728271,0.00198,0.00011,0.00001,0.00353,0.00013,0.00098,0.00674
1598871661.366895198822021,0.00200,0.00006,0.00141,0.00349,0.00011,0.00073,0.00780
1598871661.431810855865479,0.00228,0.00011,0.00200,0.00296,0.00073,0.00084,0.00892
1598871661.468252658843994,0.00227,0.00006,0.00094,0.00303,0.00008,0.00082,0.00721
1598871661.532669544219971,0.00190,0.00009,0.00005,0.00321,0.00079,0.00084,0.00687
1598871661.567294120788574,0.00201,0.00011,0.00103,0.00353,0.00008,0.00079,0.00756
1598871661.600275516510010,0.00226,0.00006,0.00236,0.00352,0.00000,0.00134,0.00954
1598871661.633378267288208,0.00207,0.00010,0.00162,0.00382,0.00000,0.00103,0.00864
1598871661.667984008789062,0.00224,0.00010,0.00205,0.00339,0.00009,0.00086,0.00873
1598871661.706456899642944,0.00278,0.00010,0.00005,0.00335,0.00010,0.00089,0.00727
1598871661.767956972122192,0.00257,0.00011,0.00209,0.00327,0.00000,0.00085,0.00889
1598871661.834855556488037,0.00213,0.00014,0.00009,0.00326,0.00010,0.00097,0.00668
1598871661.869038105010986,0.00228,0.00011,0.00085,0.00303,0.00018,0.00075,0.00720
1598871661.902976989746094,0.00229,0.00014,0.00178,0.00307,0.00011,0.00080,0.00818
1598871661.935849666595459,0.00227,0.00008,0.00241,0.00303,0.00135,0.00101,0.01015
1598871661.969489574432373,0.00205,0.00008,0.00101,0.00335,0.00011,0.00095,0.00756
1598871662.003732919692993,0.00214,0.00008,0.00058,0.00359,0.00000,0.00085,0.00725
1598871662.037218093872070,0.00238,0.00011,0.00042,0.00352,0.00066,0.00080,0.00788
1598871662.070693969726562,0.00211,0.00008,0.00213,0.00331,0.00073,0.00099,0.00934
1598871662.105389118194580,0.00234,0.00010,0.00171,0.00358,0.00000,0.00083,0.00856
1598871662.138027906417847,0.00199,0.00009,0.00326,0.00355,0.00009,0.00078,0.00976
1598871662.170784950256348,0.00254,0.00011,0.00001,0.00380,0.00000,0.00106,0.00753
1598871662.205172538757324,0.00200,0.00007,0.00205,0.00364,0.00000,0.00083,0.00858
1598871662.239470005035400,0.00225,0.00011,0.00008,0.00364,0.00009,0.00101,0.00718
1598871662.273033857345581,0.00199,0.00006,0.00108,0.00352,0.00000,0.00083,0.00748
1598871662.306657075881958,0.00234,0.00011,0.00178,0.00373,0.00015,0.00086,0.00898
1598871662.339990615844727,0.00162,0.00007,0.00247,0.00359,0.00007,0.00084,0.00867
1598871662.372847795486450,0.00227,0.00011,0.00171,0.00361,0.00000,0.00107,0.00876
1598871662.409026384353638,0.00208,0.00007,0.00001,0.00360,0.00000,0.00081,0.00656
1598871662.473525762557983,0.00199,0.00008,0.00016,0.00342,0.00008,0.00086,0.00660
1598871662.507186412811279,0.00197,0.00006,0.00200,0.00334,0.00008,0.00088,0.00834
1598871662.540651082992554,0.00194,0.00006,0.00150,0.00341,0.00008,0.00083,0.00781
1598871662.581379175186157,0.00186,0.00009,0.00342,0.00346,0.00008,0.00081,0.00973
1598871662.641720294952393,0.00241,0.00014,0.00010,0.00362,0.00009,0.00126,0.00763
1598871662.709951639175415,0.00206,0.00008,0.00197,0.00343,0.00000,0.00074,0.00828
1598871662.773456096649170,0.00232,0.00011,0.00003,0.00352,0.00012,0.00117,0.00728
1598871662.807599306106567,0.00208,0.00011,0.00079,0.00352,0.00045,0.00134,0.00829
1598871662.841001749038696,0.00173,0.00006,0.00165,0.00391,0.00000,0.00075,0.00809
1598871662.874688148498535,0.00226,0.00011,0.00230,0.00342,0.00009,0.00088,0.00905
1598871662.907281160354614,0.00198,0.00012,0.00164,0.00389,0.00000,0.00102,0.00865
1598871662.940772771835327,0.00181,0.00006,0.00003,0.00345,0.00009,0.00076,0.00620
1598871662.973779678344727,0.00231,0.00011,0.00023,0.00401,0.00008,0.00101,0.00774
1598871663.006922245025635,0.00264,0.00007,0.00191,0.00355,0.00000,0.00086,0.00903
1598871663.040972232818604,0.00197,0.00009,0.00151,0.00353,0.00000,0.00079,0.00789
1598871663.073990821838379,0.00159,0.00007,0.00281,0.00345,0.00008,0.00074,0.00873
1598871663.107502222061157,0.00269,0.00012,0.00010,0.00348,0.00001,0.00109,0.00750
1598871663.141655206680298,0.00222,0.00006,0.00188,0.00344,0.00002,0.00094,0.00856
1598871663.174598693847656,0.00210,0.00011,0.00023,0.00343,0.00008,0.00099,0.00695
1598871663.213373899459839,0.00268,0.00011,0.00075,0.00395,0.00028,0.00085,0.00862
1598871663.273888587951660,0.00222,0.00012,0.00151,0.00348,0.00011,0.00106,0.00850
1598871663.307777404785156,0.00225,0.00011,0.00212,0.00341,0.00009,0.00098,0.00896
1598871663.341890811920166,0.00213,0.00006,0.00147,0.00343,0.00066,0.00080,0.00856
1598871663.374324560165405,0.00202,0.00007,0.00001,0.00362,0.00000,0.00074,0.00647
1598871663.408944368362427,0.00240,0.00011,0.00425,0.00357,0.00008,0.00122,0.01163
1598871663.442097663879395,0.00183,0.00009,0.00194,0.00360,0.00000,0.00099,0.00845
1598871663.477236986160278,0.00236,0.00010,0.00156,0.00363,0.00000,0.00102,0.00866
1598871663.541220664978027,0.00205,0.00013,0.00267,0.00355,0.00008,0.00101,0.00950
1598871663.574016094207764,0.00229,0.00012,0.00004,0.00421,0.00000,0.00107,0.00773
1598871663.607916355133057,0.00204,0.00011,0.00193,0.00358,0.00000,0.00104,0.00870
1598871663.646258592605591,0.00242,0.00013,0.00009,0.00370,0.00009,0.00133,0.00775
1598871663.711050748825073,0.00238,0.00011,0.00082,0.00354,0.00000,0.00090,0.00775
1598871663.774817228317261,0.00206,0.00011,0.00162,0.00321,0.00000,0.00079,0.00779
1598871663.808399677276611,0.00163,0.00006,0.00174,0.00318,0.00009,0.00076,0.00746
1598871663.844190120697021,0.00139,0.00006,0.00076,0.00362,0.00010,0.00074,0.00668
1598871663.909267187118530,0.00162,0.00009,0.00001,0.00334,0.00000,0.00076,0.00581
1598871663.943077564239502,0.00236,0.00011,0.00417,0.00336,0.00087,0.00100,0.01186
1598871663.976091623306274,0.00198,0.00007,0.00190,0.00347,0.00002,0.00086,0.00830
1598871664.042314529418945,0.00229,0.00008,0.00081,0.00356,0.00076,0.00108,0.00858
1598871664.075852632522583,0.00193,0.00012,0.00278,0.00360,0.00008,0.00079,0.00931
1598871664.108506679534912,0.00230,0.00007,0.00003,0.00369,0.00000,0.00078,0.00688
1598871664.140851259231567,0.00227,0.00008,0.00162,0.00379,0.00000,0.00092,0.00868
1598871664.175046205520630,0.00171,0.00007,0.00007,0.00349,0.00009,0.00082,0.00625
1598871664.208184719085693,0.00253,0.00011,0.00001,0.00354,0.00079,0.00109,0.00806
1598871664.241098165512085,0.00196,0.00007,0.00177,0.00371,0.00002,0.00108,0.00861
1598871664.275084495544434,0.00169,0.00009,0.00177,0.00342,0.00042,0.00080,0.00819
1598871664.309101104736328,0.00238,0.00008,0.00155,0.00356,0.00000,0.00111,0.00869
1598871664.341834068298340,0.00199,0.00009,0.00003,0.00347,0.00009,0.00082,0.00649
1598871664.374840736389160,0.00204,0.00011,0.00285,0.00348,0.00008,0.00097,0.00953
1598871664.408479690551758,0.00238,0.00011,0.00217,0.00349,0.00008,0.00104,0.00926
1598871664.441207170486450,0.00197,0.00006,0.00066,0.00366,0.00000,0.00085,0.00720
1598871664.475783824920654,0.00211,0.00010,0.00253,0.00360,0.00008,0.00101,0.00944
1598871664.508622169494629,0.00200,0.00006,0.00003,0.00366,0.00000,0.00075,0.00651
1598871664.541449546813965,0.00234,0.00011,0.00164,0.00362,0.00000,0.00108,0.00880
1598871664.574868679046631,0.00227,0.00010,0.00104,0.00361,0.00008,0.00088,0.00799
1598871664.608252048492432,0.00214,0.00009,0.00019,0.00379,0.00000,0.00083,0.00705
1598871664.642088890075684,0.00221,0.00012,0.00179,0.00404,0.00000,0.00092,0.00907
1598871664.674947261810303,0.00208,0.00011,0.00189,0.00371,0.00016,0.00097,0.00893
1598871664.709393024444580,0.00207,0.00009,0.00152,0.00361,0.00000,0.00078,0.00807
1598871664.774397850036621,0.00237,0.00011,0.00001,0.00370,0.00000,0.00090,0.00709
1598871664.813061475753784,0.00192,0.00006,0.00260,0.00390,0.00016,0.00107,0.00971
1598871664.875289201736450,0.00177,0.00009,0.00206,0.00360,0.00000,0.00082,0.00834
1598871664.909650325775146,0.00193,0.00006,0.00096,0.00339,0.00000,0.00075,0.00709
1598871664.946571111679077,0.00232,0.00010,0.00260,0.00342,0.00015,0.00088,0.00947
1598871665.010210752487183,0.00231,0.00011,0.00037,0.00373,0.00000,0.00091,0.00744
1598871665.075786828994751,0.00232,0.00011,0.00172,0.00368,0.00000,0.00078,0.00861
1598871665.108675718307495,0.00218,0.00009,0.00117,0.00338,0.00010,0.00080,0.00772
1598871665.142632246017456,0.00224,0.00012,0.00029,0.00369,0.00027,0.00081,0.00743
1598871665.175029039382935,0.00228,0.00010,0.00175,0.00397,0.00000,0.00093,0.00903
1598871665.208355903625488,0.00221,0.00009,0.00176,0.00357,0.00009,0.00076,0.00848
1598871665.246654272079468,0.00237,0.00010,0.00156,0.00366,0.00000,0.00087,0.00856
1598871665.309977293014526,0.00201,0.00011,0.00001,0.00373,0.00000,0.00081,0.00668
1598871665.342622995376587,0.00236,0.00011,0.00288,0.00362,0.00009,0.00108,0.01014
1598871665.375349044799805,0.00202,0.00006,0.00200,0.00371,0.00000,0.00109,0.00889
1598871665.409871578216553,0.00179,0.00006,0.00103,0.00361,0.00000,0.00079,0.00729
1598871665.442929744720459,0.00223,0.00011,0.00263,0.00347,0.00027,0.00078,0.00950
1598871665.476775407791138,0.00179,0.00006,0.00033,0.00365,0.00000,0.00079,0.00662
1598871665.511286973953247,0.00190,0.00006,0.00170,0.00347,0.00008,0.00080,0.00802
1598871665.543564558029175,0.00227,0.00011,0.00114,0.00388,0.00008,0.00102,0.00849
1598871665.575897932052612,0.00195,0.00011,0.00016,0.00380,0.00000,0.00100,0.00703
1598871665.609660148620605,0.00214,0.00011,0.00174,0.00368,0.00000,0.00098,0.00866
1598871665.642064332962036,0.00197,0.00006,0.00183,0.00365,0.00008,0.00085,0.00845
1598871665.675755262374878,0.00199,0.00012,0.00165,0.00351,0.00000,0.00102,0.00830
1598871665.709116458892822,0.00242,0.00010,0.00001,0.00363,0.00000,0.00106,0.00721
1598871665.743447780609131,0.00190,0.00011,0.00274,0.00346,0.00019,0.00094,0.00934
1598871665.777036190032959,0.00155,0.00006,0.00166,0.00345,0.00066,0.00075,0.00813
1598871665.810333728790283,0.00219,0.00008,0.00071,0.00377,0.00000,0.00114,0.00789
1598871665.843527317047119,0.00193,0.00010,0.00244,0.00347,0.00009,0.00096,0.00899
1598871665.877116680145264,0.00214,0.00009,0.00034,0.00367,0.00000,0.00104,0.00729
1598871665.914441585540771,0.00182,0.00006,0.00171,0.00349,0.00008,0.00085,0.00801
1598871665.978977680206299,0.00214,0.00013,0.00110,0.00367,0.00008,0.00098,0.00811
1598871666.012821435928345,0.00193,0.00006,0.00016,0.00375,0.00000,0.00074,0.00664
1598871666.045434951782227,0.00158,0.00008,0.00172,0.00365,0.00000,0.00078,0.00781
1598871666.078674316406250,0.00222,0.00010,0.00181,0.00362,0.00009,0.00112,0.00896
1598871666.114118099212646,0.00187,0.00006,0.00167,0.00364,0.00000,0.00107,0.00831
1598871666.146488189697266,0.00180,0.00010,0.00001,0.00374,0.00000,0.00079,0.00643
1598871666.179724216461182,0.00220,0.00010,0.00261,0.00363,0.00009,0.00089,0.00952
1598871666.214334487915039,0.00181,0.00006,0.00190,0.00378,0.00000,0.00124,0.00879
1598871666.248859882354736,0.00222,0.00010,0.00072,0.00360,0.00000,0.00077,0.00743
1598871666.281656503677368,0.00232,0.00012,0.00235,0.00384,0.00015,0.00084,0.00962
1598871666.319236278533936,0.00179,0.00007,0.00034,0.00371,0.00000,0.00080,0.00671
1598871666.381350278854370,0.00196,0.00008,0.00169,0.00348,0.00000,0.00072,0.00793
1598871666.414947986602783,0.00189,0.00006,0.00103,0.00337,0.00008,0.00076,0.00719
1598871666.447299003601074,0.00203,0.00011,0.00049,0.00372,0.00015,0.00104,0.00754
1598871666.481130599975586,0.00200,0.00006,0.00160,0.00359,0.00000,0.00088,0.00813
1598871666.516102790832520,0.00184,0.00006,0.00174,0.00354,0.00008,0.00086,0.00813
1598871666.549825668334961,0.00197,0.00006,0.00150,0.00349,0.00000,0.00084,0.00786
1598871666.582483530044556,0.00187,0.00006,0.00003,0.00359,0.00008,0.00088,0.00650
1598871666.615439176559448,0.00177,0.00006,0.00252,0.00374,0.00008,0.00088,0.00905
1598871666.650780677795410,0.00207,0.00011,0.00168,0.00361,0.00000,0.00099,0.00846
1598871666.724422931671143,0.00221,0.00012,0.00073,0.00351,0.00000,0.00103,0.00760
1598871666.784478664398193,0.00192,0.00008,0.00222,0.00331,0.00008,0.00085,0.00846
1598871666.816917657852173,0.00205,0.00011,0.00049,0.00341,0.00009,0.00093,0.00709
1598871666.851173639297485,0.00203,0.00010,0.00160,0.00361,0.00003,0.00099,0.00837
1598871666.885533809661865,0.00174,0.00006,0.00034,0.00352,0.00073,0.00090,0.00729
1598871666.919057607650757,0.00193,0.00006,0.00014,0.00373,0.00000,0.00123,0.00709
1598871666.985635519027710,0.00215,0.00011,0.00162,0.00348,0.00000,0.00078,0.00815
1598871667.019345521926880,0.00208,0.00011,0.00184,0.00348,0.00009,0.00108,0.00868
1598871667.052838087081909,0.00196,0.00012,0.00161,0.00345,0.00008,0.00084,0.00805
1598871667.087210416793823,0.00206,0.00009,0.00001,0.00372,0.00000,0.00084,0.00672
1598871667.121163129806519,0.00223,0.00013,0.00267,0.00359,0.00015,0.00080,0.00957
1598871667.153887033462524,0.00202,0.00011,0.00107,0.00406,0.00000,0.00087,0.00813
1598871667.186644792556763,0.00196,0.00009,0.00071,0.00360,0.00000,0.00078,0.00714
1598871667.220061540603638,0.00221,0.00011,0.00226,0.00357,0.00009,0.00105,0.00930
1598871667.253583908081055,0.00278,0.00007,0.00005,0.00368,0.00000,0.00091,0.00749
1598871667.287205219268799,0.00233,0.00006,0.00189,0.00349,0.00000,0.00113,0.00890
1598871667.322555780410767,0.00226,0.00006,0.00008,0.00341,0.00008,0.00084,0.00673
1598871667.355756044387817,0.00230,0.00011,0.00016,0.00339,0.00018,0.00086,0.00700
1598871667.388465166091919,0.00216,0.00007,0.00163,0.00345,0.00002,0.00086,0.00819
1598871667.423303127288818,0.00240,0.00008,0.00171,0.00341,0.00075,0.00120,0.00956
1598871667.488917112350464,0.00224,0.00012,0.00155,0.00359,0.00000,0.00116,0.00867
1598871667.523365736007690,0.00261,0.00008,0.00001,0.00373,0.00000,0.00113,0.00756
1598871667.556001901626587,0.00207,0.00010,0.00219,0.00356,0.00008,0.00107,0.00907
1598871667.591298341751099,0.00202,0.00006,0.00111,0.00361,0.00000,0.00084,0.00764
1598871667.624200820922852,0.00243,0.00011,0.00070,0.00358,0.00000,0.00115,0.00798
1598871667.657819986343384,0.00215,0.00009,0.00791,0.00344,0.00010,0.00089,0.01458
1598871667.691876649856567,0.00216,0.00007,0.00007,0.00354,0.00008,0.00093,0.00684
1598871667.758890628814697,0.00229,0.00008,0.00161,0.00349,0.00000,0.00129,0.00877
1598871667.791422605514526,0.00225,0.00009,0.00011,0.00369,0.00008,0.00093,0.00715
1598871667.824931859970093,0.00230,0.00012,0.00019,0.00363,0.00000,0.00117,0.00741
1598871667.858614921569824,0.00245,0.00010,0.00168,0.00346,0.00001,0.00099,0.00870
1598871667.892714262008667,0.00205,0.00006,0.00006,0.00351,0.00081,0.00094,0.00744
1598871667.925627946853638,0.00231,0.00009,0.00151,0.00378,0.00000,0.00090,0.00860
1598871667.961000919342041,0.00242,0.00009,0.00001,0.00392,0.00000,0.00090,0.00735
1598871668.027214527130127,0.00232,0.00012,0.00223,0.00336,0.00010,0.00109,0.00921
1598871668.060366392135620,0.00210,0.00006,0.00073,0.00342,0.00008,0.00093,0.00732
1598871668.094257831573486,0.00230,0.00012,0.00080,0.00364,0.00015,0.00107,0.00807
1598871668.127391338348389,0.00203,0.00006,0.00766,0.00332,0.00008,0.00081,0.01397
1598871668.160686254501343,0.00235,0.00012,0.00008,0.00313,0.00009,0.00083,0.00660
1598871668.194905996322632,0.00225,0.00013,0.00163,0.00319,0.00010,0.00088,0.00818
1598871668.228668212890625,0.00211,0.00007,0.00005,0.00363,0.00016,0.00085,0.00685
1598871668.261505126953125,0.00237,0.00014,0.00002,0.00345,0.00013,0.00089,0.00700
1598871668.295404195785522,0.00191,0.00007,0.00163,0.00321,0.00067,0.00088,0.00837
1598871668.328528881072998,0.00247,0.00008,0.00016,0.00392,0.00015,0.00089,0.00768
1598871668.362415552139282,0.00228,0.00009,0.00102,0.00371,0.00091,0.00097,0.00897
1598871668.397066831588745,0.00223,0.00008,0.00001,0.00365,0.00000,0.00112,0.00709
1598871668.429907321929932,0.00208,0.00007,0.00231,0.00344,0.00014,0.00093,0.00898
1598871668.463032007217407,0.00202,0.00024,0.00077,0.00381,0.00000,0.00115,0.00798
1598871668.498416185379028,0.00229,0.00008,0.00070,0.00359,0.00000,0.00106,0.00771
1598871668.564015626907349,0.00214,0.00012,0.00643,0.00340,0.00015,0.00113,0.01338
1598871668.598377943038940,0.00257,0.00010,0.00007,0.00412,0.00000,0.00102,0.00787
1598871668.631504535675049,0.00200,0.00006,0.00165,0.00396,0.00000,0.00125,0.00893
1598871668.665559768676758,0.00217,0.00009,0.00008,0.00372,0.00009,0.00111,0.00726
1598871668.699572801589966,0.00212,0.00007,0.00014,0.00386,0.00000,0.00099,0.00718
1598871668.732138395309448,0.00199,0.00007,0.00093,0.00397,0.00000,0.00121,0.00817
1598871668.765995025634766,0.00208,0.00009,0.00037,0.00344,0.00009,0.00084,0.00690
1598871668.802047967910767,0.00241,0.00010,0.00075,0.00384,0.00018,0.00095,0.00824
1598871668.835166931152344,0.00166,0.00007,0.00001,0.00375,0.00000,0.00090,0.00639
1598871668.900883197784424,0.00253,0.00011,0.00231,0.00347,0.00000,0.00091,0.00933
1598871668.939405918121338,0.00242,0.00010,0.00077,0.00350,0.00000,0.00094,0.00773
1598871669.003528833389282,0.00196,0.00008,0.00073,0.00346,0.00008,0.00092,0.00723
1598871669.068026781082153,0.00242,0.00011,0.00622,0.00346,0.00002,0.00098,0.01321
1598871669.102588415145874,0.00186,0.00006,0.00003,0.00353,0.00002,0.00087,0.00638
1598871669.135952949523926,0.00203,0.00007,0.00155,0.00337,0.00010,0.00085,0.00797
1598871669.176956653594971,0.00195,0.00007,0.00001,0.00356,0.00002,0.00086,0.00647
1598871669.236452102661133,0.00232,0.00015,0.00001,0.00357,0.00012,0.00106,0.00723
1598871669.270003080368042,0.00206,0.00008,0.00082,0.00346,0.00009,0.00090,0.00741
1598871669.304555416107178,0.00210,0.00014,0.00001,0.00357,0.00003,0.00110,0.00695
1598871669.337844848632812,0.00238,0.00008,0.00069,0.00352,0.00003,0.00114,0.00784
1598871669.370191097259521,0.00203,0.00007,0.00004,0.00392,0.00015,0.00109,0.00730
1598871669.405389785766602,0.00213,0.00008,0.00201,0.00338,0.00012,0.00083,0.00855
1598871669.438506603240967,0.00186,0.00006,0.00052,0.00332,0.00003,0.00085,0.00664
1598871669.473124980926514,0.00234,0.00011,0.00011,0.00345,0.00087,0.00112,0.00800
1598871669.538075447082520,0.00213,0.00011,0.00585,0.00353,0.00000,0.00088,0.01251
1598871669.572249174118042,0.00192,0.00006,0.00005,0.00357,0.00000,0.00089,0.00649
1598871669.606554985046387,0.00204,0.00010,0.00158,0.00332,0.00008,0.00094,0.00805
1598871669.639608383178711,0.00254,0.00010,0.00005,0.00357,0.00000,0.00093,0.00720
1598871669.672518968582153,0.00198,0.00010,0.00017,0.00352,0.00000,0.00085,0.00662
1598871669.707829236984253,0.00238,0.00010,0.00096,0.00332,0.00008,0.00093,0.00777
1598871669.773515462875366,0.00254,0.00011,0.00011,0.00338,0.00008,0.00093,0.00716
1598871669.807602643966675,0.00231,0.00010,0.00074,0.00358,0.00000,0.00091,0.00764
1598871669.840888023376465,0.00209,0.00006,0.00005,0.00350,0.00009,0.00085,0.00664
1598871669.873888254165649,0.00208,0.00006,0.00222,0.00334,0.00000,0.00089,0.00858
1598871669.908286333084106,0.00210,0.00007,0.00003,0.00345,0.00003,0.00089,0.00656
1598871669.945775747299194,0.00235,0.00009,0.00007,0.00352,0.00011,0.00104,0.00718
1598871670.009544610977173,0.00245,0.00014,0.00554,0.00334,0.00002,0.00109,0.01258
1598871670.041817903518677,0.00202,0.00008,0.00003,0.00343,0.00002,0.00091,0.00650
1598871670.076200246810913,0.00195,0.00006,0.00080,0.00338,0.00010,0.00080,0.00710
1598871670.109558343887329,0.00224,0.00007,0.00001,0.00366,0.00002,0.00086,0.00685
1598871670.143517255783081,0.00214,0.00006,0.00001,0.00346,0.00066,0.00084,0.00716
1598871670.177691221237183,0.00195,0.00006,0.00100,0.00354,0.00000,0.00087,0.00742
1598871670.215332031250000,0.00203,0.00009,0.00008,0.00353,0.00009,0.00088,0.00670
1598871670.279983520507812,0.00249,0.00014,0.00089,0.00344,0.00000,0.00110,0.00806
1598871670.345261573791504,0.00219,0.00016,0.00001,0.00353,0.00000,0.00121,0.00710
1598871670.380493640899658,0.00204,0.00006,0.00187,0.00329,0.00010,0.00091,0.00828
1598871670.413250684738159,0.00184,0.00007,0.00001,0.00335,0.00003,0.00080,0.00611
1598871670.447269201278687,0.00228,0.00011,0.00003,0.00342,0.00002,0.00112,0.00697
1598871670.480104207992554,0.00189,0.00008,0.00489,0.00325,0.00073,0.00106,0.01189
1598871670.512596845626831,0.00209,0.00008,0.00003,0.00362,0.00002,0.00074,0.00658
1598871670.547122240066528,0.00250,0.00010,0.00159,0.00353,0.00002,0.00093,0.00869
1598871670.580906391143799,0.00248,0.00006,0.00001,0.00354,0.00002,0.00140,0.00751
1598871670.615113973617554,0.00227,0.00013,0.00001,0.00356,0.00000,0.00090,0.00688
1598871670.687570810317993,0.00217,0.00013,0.00030,0.00353,0.00010,0.00080,0.00703
1598871670.747663974761963,0.00215,0.00013,0.00001,0.00348,0.00003,0.00076,0.00655
1598871670.786317348480225,0.00217,0.00009,0.00060,0.00342,0.00002,0.00113,0.00743
1598871670.847981214523315,0.00242,0.00011,0.00004,0.00337,0.00010,0.00081,0.00685
1598871670.882658958435059,0.00220,0.00011,0.00192,0.00357,0.00006,0.00092,0.00878
1598871670.915775537490845,0.00238,0.00012,0.00001,0.00342,0.00004,0.00093,0.00691
1598871670.949570655822754,0.00248,0.00010,0.00004,0.00336,0.00011,0.00091,0.00700
1598871670.983807325363159,0.00214,0.00011,0.00425,0.00326,0.00067,0.00106,0.01150
1598871671.016720533370972,0.00242,0.00010,0.00003,0.00371,0.00003,0.00137,0.00766
1598871671.052282094955444,0.00237,0.00011,0.00190,0.00347,0.00010,0.00101,0.00896
1598871671.085724115371704,0.00203,0.00009,0.00001,0.00348,0.00002,0.00102,0.00665
1598871671.118434667587280,0.00248,0.00008,0.00001,0.00364,0.00000,0.00102,0.00723
1598871671.154540777206421,0.00233,0.00008,0.00019,0.00343,0.00009,0.00112,0.00724
1598871671.217380046844482,0.00251,0.00013,0.00001,0.00355,0.00003,0.00115,0.00737
1598871671.251718997955322,0.00187,0.00008,0.00010,0.00325,0.00010,0.00119,0.00659
1598871671.285028457641602,0.00234,0.00011,0.00007,0.00348,0.00008,0.00110,0.00717
1598871671.319358825683594,0.00226,0.00009,0.00216,0.00355,0.00107,0.00135,0.01047
1598871671.352419137954712,0.00253,0.00011,0.00003,0.00363,0.00041,0.00104,0.00775
1598871671.385652065277100,0.00219,0.00008,0.00011,0.00356,0.00008,0.00116,0.00717
1598871671.419006824493408,0.00222,0.00009,0.00443,0.00350,0.00002,0.00084,0.01111
1598871671.452772140502930,0.00221,0.00007,0.00033,0.00356,0.00066,0.00123,0.00805
1598871671.487064838409424,0.00215,0.00006,0.00174,0.00363,0.00009,0.00080,0.00847
1598871671.520447731018066,0.00232,0.00013,0.00004,0.00379,0.00000,0.00148,0.00776
1598871671.554259777069092,0.00254,0.00010,0.00001,0.00375,0.00000,0.00101,0.00741
1598871671.587748527526855,0.00225,0.00011,0.00026,0.00374,0.00008,0.00126,0.00769
1598871671.622386217117310,0.00192,0.00013,0.00068,0.00363,0.00000,0.00079,0.00715
1598871671.654788970947266,0.00236,0.00017,0.00004,0.00376,0.00000,0.00110,0.00743
1598871671.688395977020264,0.00201,0.00015,0.00008,0.00378,0.00009,0.00103,0.00713
1598871671.721740007400513,0.00223,0.00011,0.00229,0.00362,0.00000,0.00092,0.00916
1598871671.756437540054321,0.00189,0.00012,0.00001,0.00390,0.00000,0.00081,0.00673
1598871671.789449691772461,0.00221,0.00009,0.00051,0.00347,0.00008,0.00079,0.00715
1598871671.825260877609253,0.00191,0.00007,0.00518,0.00341,0.00000,0.00071,0.01128
1598871671.889865159988403,0.00160,0.00008,0.00035,0.00322,0.00000,0.00073,0.00600
1598871671.923461914062500,0.00213,0.00012,0.00181,0.00310,0.00010,0.00104,0.00831
1598871671.957488536834717,0.00198,0.00006,0.00011,0.00316,0.00043,0.00083,0.00658
1598871671.993219614028931,0.00226,0.00011,0.00010,0.00338,0.00008,0.00101,0.00695
1598871672.057548046112061,0.00228,0.00012,0.00083,0.00344,0.00042,0.00104,0.00814
1598871672.091207981109619,0.00197,0.00013,0.00071,0.00359,0.00000,0.00106,0.00746
1598871672.124627590179443,0.00231,0.00010,0.00069,0.00354,0.00000,0.00111,0.00776
1598871672.158204555511475,0.00231,0.00010,0.00005,0.00344,0.00009,0.00091,0.00692
1598871672.193126440048218,0.00215,0.00006,0.00258,0.00334,0.00000,0.00086,0.00899
1598871672.226783752441406,0.00241,0.00009,0.00016,0.00344,0.00014,0.00095,0.00719
1598871672.259815692901611,0.00165,0.00009,0.00004,0.00335,0.00041,0.00073,0.00627
1598871672.293589591979980,0.00228,0.00011,0.00567,0.00352,0.00000,0.00100,0.01259
1598871672.326741456985474,0.00212,0.00010,0.00072,0.00350,0.00001,0.00099,0.00745
1598871672.360191345214844,0.00216,0.00011,0.00173,0.00332,0.00009,0.00101,0.00843
1598871672.395857334136963,0.00202,0.00012,0.00001,0.00369,0.00070,0.00103,0.00756
1598871672.461257219314575,0.00179,0.00009,0.00003,0.00344,0.00008,0.00078,0.00620
1598871672.495382547378540,0.00234,0.00011,0.00085,0.00362,0.00008,0.00106,0.00805
1598871672.528190612792969,0.00194,0.00009,0.00067,0.00353,0.00000,0.00086,0.00709
1598871672.561762094497681,0.00186,0.00007,0.00066,0.00374,0.00000,0.00088,0.00721
1598871672.596519231796265,0.00204,0.00006,0.00004,0.00346,0.00015,0.00084,0.00660
1598871672.662541866302490,0.00207,0.00008,0.00225,0.00341,0.00000,0.00081,0.00861
1598871672.696415424346924,0.00203,0.00009,0.00001,0.00344,0.00000,0.00083,0.00639
1598871672.729865312576294,0.00204,0.00011,0.00009,0.00333,0.00015,0.00097,0.00670
1598871672.763649702072144,0.00219,0.00009,0.00545,0.00342,0.00000,0.00094,0.01208
1598871672.796869277954102,0.00190,0.00008,0.00137,0.00330,0.00000,0.00083,0.00748
1598871672.829924106597900,0.00198,0.00008,0.00179,0.00319,0.00008,0.00102,0.00814
1598871672.863112688064575,0.00219,0.00011,0.00010,0.00327,0.00015,0.00105,0.00687
1598871672.897957563400269,0.00200,0.00007,0.00001,0.00337,0.00000,0.00085,0.00629
1598871672.930815935134888,0.00217,0.00010,0.00023,0.00349,0.00074,0.00102,0.00776
1598871672.965651512145996,0.00306,0.00011,0.00069,0.00327,0.00000,0.00118,0.00831
1598871673.030504703521729,0.00220,0.00009,0.00011,0.00329,0.00007,0.00088,0.00664
1598871673.063705682754517,0.00202,0.00007,0.00012,0.00339,0.00008,0.00086,0.00655
1598871673.099447011947632,0.00237,0.00012,0.00200,0.00321,0.00000,0.00118,0.00888
1598871673.133864164352417,0.00266,0.00011,0.00001,0.00337,0.00000,0.00114,0.00729
1598871673.200740575790405,0.00210,0.00012,0.00016,0.00329,0.00015,0.00105,0.00687
1598871673.234023094177246,0.00239,0.00011,0.00551,0.00340,0.00000,0.00111,0.01253
1598871673.298235177993774,0.00247,0.00011,0.00160,0.00324,0.00000,0.00106,0.00848
1598871673.363725662231445,0.00256,0.00013,0.00175,0.00348,0.00009,0.00112,0.00913
1598871673.397962093353271,0.00223,0.00006,0.00010,0.00331,0.00008,0.00094,0.00673
1598871673.430413484573364,0.00236,0.00013,0.00004,0.00351,0.00000,0.00111,0.00715
1598871673.467831611633301,0.00175,0.00008,0.00517,0.00310,0.00008,0.00083,0.01101
1598871673.530823945999146,0.00279,0.00015,0.00070,0.00310,0.00000,0.00110,0.00785
1598871673.564020395278931,0.00244,0.00014,0.00017,0.00299,0.00014,0.00116,0.00703
1598871673.597402811050415,0.00227,0.00006,0.00008,0.00339,0.00014,0.00080,0.00674
1598871673.631307125091553,0.00248,0.00010,0.00188,0.00360,0.00017,0.00092,0.00915
1598871673.664263248443604,0.00166,0.00013,0.00017,0.00320,0.00000,0.00084,0.00599
1598871673.697099447250366,0.00257,0.00010,0.00008,0.00319,0.00016,0.00095,0.00706
1598871673.730973005294800,0.00239,0.00014,0.00534,0.00322,0.00002,0.00107,0.01219
1598871673.763894557952881,0.00201,0.00006,0.00067,0.00327,0.00067,0.00080,0.00748
1598871673.797581195831299,0.00272,0.00010,0.00167,0.00335,0.00009,0.00091,0.00883
1598871673.830474138259888,0.00230,0.00009,0.00005,0.00385,0.00000,0.00103,0.00732
1598871673.864631175994873,0.00237,0.00013,0.00001,0.00355,0.00000,0.00111,0.00717
1598871673.897970676422119,0.00236,0.00015,0.00509,0.00326,0.00008,0.00112,0.01205
1598871673.931635856628418,0.00252,0.00011,0.00004,0.00395,0.00000,0.00097,0.00759
1598871673.963930845260620,0.00230,0.00008,0.00010,0.00354,0.00016,0.00091,0.00710
1598871673.997738599777222,0.00235,0.00012,0.00009,0.00346,0.00011,0.00101,0.00714
1598871674.031442642211914,0.00239,0.00009,0.00172,0.00340,0.00000,0.00111,0.00872
1598871674.064218282699585,0.00248,0.00013,0.00002,0.00350,0.00000,0.00109,0.00723
1598871674.098674297332764,0.00211,0.00006,0.00008,0.00367,0.00013,0.00126,0.00731
1598871674.131001234054565,0.00218,0.00011,0.00467,0.00338,0.00000,0.00109,0.01143
1598871674.165020227432251,0.00262,0.00011,0.00004,0.00380,0.00000,0.00116,0.00774
1598871674.198056459426880,0.00261,0.00009,0.00162,0.00342,0.00013,0.00096,0.00882
1598871674.230890274047852,0.00190,0.00007,0.00004,0.00371,0.00000,0.00087,0.00658
1598871674.263889312744141,0.00242,0.00012,0.00004,0.00356,0.00000,0.00122,0.00736
1598871674.298872470855713,0.00244,0.00009,0.00482,0.00319,0.00009,0.00083,0.01145
1598871674.364453077316284,0.00239,0.00014,0.00005,0.00369,0.00000,0.00115,0.00742
1598871674.398118495941162,0.00216,0.00011,0.00012,0.00335,0.00008,0.00106,0.00689
1598871674.432093143463135,0.00245,0.00011,0.00007,0.00352,0.00009,0.00116,0.00740
1598871674.464374780654907,0.00231,0.00011,0.00210,0.00337,0.00000,0.00108,0.00898
1598871674.498424530029297,0.00198,0.00006,0.00001,0.00343,0.00000,0.00087,0.00635
1598871674.531338214874268,0.00239,0.00011,0.00014,0.00344,0.00008,0.00114,0.00730
1598871674.564189672470093,0.00213,0.00008,0.00462,0.00315,0.00002,0.00088,0.01088
1598871674.598681926727295,0.00214,0.00014,0.00004,0.00328,0.00002,0.00110,0.00671
1598871674.631904363632202,0.00267,0.00010,0.00157,0.00319,0.00024,0.00106,0.00882
1598871674.665736198425293,0.00240,0.00011,0.00004,0.00343,0.00003,0.00110,0.00712
1598871674.731882810592651,0.00239,0.00012,0.00050,0.00324,0.00000,0.00113,0.00739
1598871674.764652490615845,0.00209,0.00011,0.00434,0.00316,0.00075,0.00106,0.01151
1598871674.799113988876343,0.00224,0.00006,0.00086,0.00363,0.00008,0.00077,0.00765
1598871674.831475734710693,0.00224,0.00011,0.00070,0.00341,0.00000,0.00078,0.00724
1598871674.864504575729370,0.00156,0.00011,0.00003,0.00361,0.00009,0.00076,0.00617
1598871674.898647069931030,0.00273,0.00017,0.00280,0.00327,0.00000,0.00157,0.01054
1598871674.936277866363525,0.00229,0.00006,0.00035,0.00346,0.00014,0.00084,0.00713
1598871674.999850749969482,0.00230,0.00011,0.00029,0.00339,0.00008,0.00104,0.00722
1598871675.064637422561646,0.00212,0.00009,0.00473,0.00332,0.00000,0.00079,0.01106
1598871675.098860025405884,0.00238,0.00008,0.00072,0.00335,0.00008,0.00106,0.00768
1598871675.165133953094482,0.00213,0.00017,0.00184,0.00327,0.00014,0.00096,0.00851
1598871675.198512315750122,0.00227,0.00008,0.00097,0.00334,0.00000,0.00107,0.00773
1598871675.232079267501831,0.00197,0.00011,0.00006,0.00317,0.00009,0.00100,0.00641
1598871675.264561891555786,0.00235,0.00010,0.00270,0.00406,0.00016,0.00079,0.01016
1598871675.298733472824097,0.00179,0.00012,0.00072,0.00323,0.00000,0.00082,0.00668
1598871675.331383705139160,0.00189,0.00006,0.00070,0.00332,0.00001,0.00074,0.00672
1598871675.367782115936279,0.00242,0.00009,0.00014,0.00319,0.00014,0.00110,0.00708
1598871675.401664972305298,0.00229,0.00010,0.00227,0.00304,0.00076,0.00110,0.00955
1598871675.433967351913452,0.00208,0.00008,0.00001,0.00316,0.00000,0.00085,0.00618
1598871675.467583179473877,0.00185,0.00010,0.00007,0.00313,0.00014,0.00087,0.00617
1598871675.535798549652100,0.00235,0.00011,0.00449,0.00325,0.00035,0.00093,0.01148
1598871675.600484371185303,0.00209,0.00011,0.00040,0.00309,0.00009,0.00084,0.00661
1598871675.665406942367554,0.00234,0.00012,0.00177,0.00317,0.00015,0.00088,0.00844
1598871675.698918819427490,0.00205,0.00006,0.00067,0.00334,0.00000,0.00088,0.00700
1598871675.732237100601196,0.00201,0.00014,0.00001,0.00341,0.00000,0.00088,0.00644
1598871675.766424655914307,0.00208,0.00009,0.00226,0.00293,0.00007,0.00083,0.00826
1598871675.799545049667358,0.00206,0.00015,0.00007,0.00310,0.00077,0.00099,0.00713
1598871675.868845701217651,0.00229,0.00011,0.00184,0.00302,0.00001,0.00080,0.00807
1598871675.932885885238647,0.00221,0.00013,0.00004,0.00314,0.00075,0.00106,0.00733
1598871675.965498685836792,0.00196,0.00015,0.00257,0.00311,0.00008,0.00099,0.00886
1598871675.999562263488770,0.00191,0.00007,0.00003,0.00328,0.00009,0.00074,0.00613
1598871676.032059431076050,0.00240,0.00014,0.00007,0.00406,0.00016,0.00081,0.00762
1598871676.064880847930908,0.00201,0.00009,0.00404,0.00316,0.00000,0.00079,0.01009
1598871676.099358558654785,0.00218,0.00011,0.00039,0.00333,0.00000,0.00113,0.00713
1598871676.132034778594971,0.00205,0.00007,0.00175,0.00354,0.00015,0.00085,0.00840
1598871676.165321588516235,0.00183,0.00006,0.00003,0.00340,0.00000,0.00087,0.00620
1598871676.201041221618652,0.00207,0.00006,0.00001,0.00339,0.00000,0.00086,0.00640
1598871676.265399456024170,0.00198,0.00011,0.00190,0.00309,0.00008,0.00081,0.00798
1598871676.300015449523926,0.00227,0.00013,0.00001,0.00358,0.00000,0.00117,0.00716
1598871676.366765022277832,0.00203,0.00012,0.00075,0.00312,0.00014,0.00084,0.00700
1598871676.403049945831299,0.00247,0.00011,0.00004,0.00351,0.00009,0.00084,0.00708
1598871676.467830419540405,0.00222,0.00011,0.00244,0.00324,0.00000,0.00085,0.00886
1598871676.502413749694824,0.00187,0.00009,0.00001,0.00326,0.00000,0.00089,0.00612
1598871676.565817117691040,0.00228,0.00011,0.00010,0.00355,0.00022,0.00098,0.00723
1598871676.599591016769409,0.00236,0.00009,0.00388,0.00318,0.00000,0.00103,0.01056
1598871676.632411479949951,0.00192,0.00011,0.00043,0.00302,0.00013,0.00098,0.00659
1598871676.665824413299561,0.00214,0.00011,0.00174,0.00315,0.00009,0.00077,0.00800
1598871676.699014425277710,0.00157,0.00007,0.00068,0.00321,0.00008,0.00071,0.00632
1598871676.732169151306152,0.00165,0.00007,0.00001,0.00319,0.00000,0.00072,0.00564
1598871676.765357494354248,0.00204,0.00007,0.00156,0.00298,0.00009,0.00073,0.00747
1598871676.798909664154053,0.00220,0.00017,0.00001,0.00326,0.00000,0.00110,0.00674
1598871676.832280635833740,0.00208,0.00006,0.00154,0.00286,0.00010,0.00190,0.00855
1598871676.865150690078735,0.00215,0.00013,0.00009,0.00320,0.00014,0.00143,0.00713
1598871676.900061607360840,0.00237,0.00009,0.00231,0.00330,0.00015,0.00081,0.00903
1598871676.933454513549805,0.00199,0.00006,0.00001,0.00315,0.00000,0.00078,0.00598
1598871677.000502824783325,0.00182,0.00008,0.00005,0.00290,0.00014,0.00076,0.00574
1598871677.038582801818848,0.00226,0.00009,0.00428,0.00369,0.00071,0.00077,0.01180
1598871677.101078033447266,0.00202,0.00011,0.00038,0.00304,0.00008,0.00082,0.00645
1598871677.134792327880859,0.00257,0.00007,0.00169,0.00343,0.00008,0.00077,0.00861
1598871677.201042413711548,0.00231,0.00014,0.00079,0.00290,0.00008,0.00087,0.00710
1598871677.233645439147949,0.00180,0.00006,0.00001,0.00309,0.00000,0.00084,0.00581
1598871677.266564607620239,0.00189,0.00006,0.00171,0.00284,0.00025,0.00083,0.00758
1598871677.300321578979492,0.00205,0.00007,0.00013,0.00314,0.00000,0.00102,0.00641
1598871677.332778692245483,0.00216,0.00015,0.00191,0.00330,0.00080,0.00104,0.00937
1598871677.367837429046631,0.00174,0.00012,0.00005,0.00324,0.00008,0.00082,0.00605
1598871677.400381326675415,0.00235,0.00015,0.00247,0.00351,0.00000,0.00110,0.00958
1598871677.435290098190308,0.00198,0.00006,0.00006,0.00307,0.00008,0.00084,0.00608
1598871677.469220399856567,0.00191,0.00015,0.00040,0.00344,0.00009,0.00110,0.00708
1598871677.503037929534912,0.00232,0.00013,0.00444,0.00299,0.00008,0.00105,0.01102
1598871677.566393852233887,0.00195,0.00014,0.00212,0.00308,0.00002,0.00100,0.00830
1598871677.600603818893433,0.00233,0.00011,0.00182,0.00310,0.00014,0.00101,0.00851
1598871677.633426904678345,0.00197,0.00011,0.00001,0.00348,0.00003,0.00104,0.00664
1598871677.666079521179199,0.00169,0.00007,0.00001,0.00302,0.00000,0.00076,0.00555
1598871677.699860572814941,0.00209,0.00008,0.00156,0.00295,0.00024,0.00102,0.00795
1598871677.733644962310791,0.00202,0.00009,0.00001,0.00325,0.00000,0.00086,0.00623
1598871677.766481399536133,0.00198,0.00007,0.00068,0.00318,0.00068,0.00086,0.00745
1598871677.800296306610107,0.00186,0.00009,0.00008,0.00327,0.00008,0.00082,0.00620
1598871677.832706451416016,0.00192,0.00007,0.00230,0.00337,0.00000,0.00087,0.00854
1598871677.866015672683716,0.00190,0.00008,0.00009,0.00298,0.00000,0.00079,0.00584
1598871677.900017023086548,0.00187,0.00009,0.00006,0.00325,0.00014,0.00084,0.00624
1598871677.932985544204712,0.00256,0.00013,0.00365,0.00298,0.00074,0.00088,0.01094
1598871677.966073274612427,0.00207,0.00006,0.00180,0.00320,0.00000,0.00084,0.00798
1598871678.001035451889038,0.00196,0.00009,0.00168,0.00321,0.00008,0.00086,0.00789
1598871678.033684253692627,0.00237,0.00009,0.00006,0.00338,0.00000,0.00101,0.00692
1598871678.071068525314331,0.00222,0.00009,0.00001,0.00329,0.00000,0.00110,0.00671
1598871678.132847309112549,0.00195,0.00008,0.00080,0.00318,0.00008,0.00080,0.00690
1598871678.166265487670898,0.00190,0.00007,0.00003,0.00321,0.00008,0.00107,0.00635
1598871678.200316429138184,0.00210,0.00009,0.00067,0.00328,0.00000,0.00088,0.00701
1598871678.235261917114258,0.00202,0.00006,0.00004,0.00331,0.00008,0.00170,0.00721
1598871678.300242185592651,0.00228,0.00016,0.00211,0.00328,0.00000,0.00102,0.00886
1598871678.333921670913696,0.00194,0.00007,0.00003,0.00357,0.00000,0.00080,0.00640
1598871678.367335557937622,0.00225,0.00008,0.00271,0.00331,0.00015,0.00081,0.00932
1598871678.400611639022827,0.00162,0.00007,0.00338,0.00323,0.00008,0.00079,0.00917
1598871678.433752775192261,0.00244,0.00011,0.00167,0.00345,0.00000,0.00100,0.00866
1598871678.466914892196655,0.00185,0.00006,0.00163,0.00388,0.00000,0.00108,0.00851
1598871678.500581264495850,0.00165,0.00007,0.00004,0.00331,0.00000,0.00080,0.00586
1598871678.534019947052002,0.00227,0.00011,0.00011,0.00365,0.00017,0.00103,0.00734
1598871678.566728353500366,0.00217,0.00006,0.00017,0.00362,0.00000,0.00114,0.00716
1598871678.600817680358887,0.00204,0.00010,0.00001,0.00386,0.00000,0.00079,0.00681
1598871678.633909463882446,0.00241,0.00012,0.00073,0.00353,0.00000,0.00113,0.00791
1598871678.666946411132812,0.00199,0.00006,0.00001,0.00363,0.00000,0.00087,0.00656
1598871678.702705144882202,0.00258,0.00014,0.00188,0.00318,0.00000,0.00080,0.00858
1598871678.766755104064941,0.00239,0.00010,0.00009,0.00316,0.00009,0.00079,0.00663
1598871678.800609827041626,0.00208,0.00011,0.00270,0.00317,0.00002,0.00106,0.00914
1598871678.833660125732422,0.00222,0.00009,0.00321,0.00300,0.00067,0.00081,0.01000
1598871678.867006540298462,0.00148,0.00006,0.00159,0.00315,0.00008,0.00114,0.00751
1598871678.900433063507080,0.00230,0.00012,0.00179,0.00367,0.00010,0.00104,0.00900
1598871678.938530206680298,0.00239,0.00012,0.00004,0.00429,0.00000,0.00108,0.00792
1598871679.002026319503784,0.00194,0.00008,0.00001,0.00341,0.00000,0.00082,0.00627
1598871679.038330793380737,0.00231,0.00012,0.00019,0.00344,0.00000,0.00110,0.00716
1598871679.101451873779297,0.00214,0.00008,0.00004,0.00338,0.00008,0.00080,0.00652
1598871679.133950710296631,0.00225,0.00010,0.00072,0.00331,0.00000,0.00090,0.00728
1598871679.168087005615234,0.00194,0.00006,0.00032,0.00321,0.00000,0.00086,0.00639
1598871679.202256202697754,0.00225,0.00010,0.00160,0.00357,0.00015,0.00086,0.00854
1598871679.235573530197144,0.00161,0.00007,0.00009,0.00341,0.00001,0.00084,0.00603
1598871679.269051790237427,0.00225,0.00010,0.00218,0.00320,0.00068,0.00107,0.00948
1598871679.334723949432373,0.00194,0.00012,0.00386,0.00313,0.00000,0.00082,0.00987
1598871679.367557048797607,0.00219,0.00009,0.00188,0.00318,0.00010,0.00110,0.00854
1598871679.400741100311279,0.00216,0.00011,0.00176,0.00310,0.00010,0.00095,0.00817
1598871679.435017347335815,0.00237,0.00012,0.00004,0.00340,0.00000,0.00115,0.00709
1598871679.467356443405151,0.00200,0.00007,0.00022,0.00331,0.00008,0.00086,0.00654
1598871679.500651597976685,0.00216,0.00006,0.00016,0.00345,0.00000,0.00134,0.00717
1598871679.533997774124146,0.00224,0.00010,0.00001,0.00331,0.00000,0.00083,0.00649
1598871679.567205190658569,0.00237,0.00015,0.00108,0.00324,0.00000,0.00108,0.00792
1598871679.600899696350098,0.00208,0.00014,0.00007,0.00329,0.00009,0.00102,0.00669
1598871679.633645057678223,0.00226,0.00010,0.00076,0.00339,0.00068,0.00084,0.00803
1598871679.671487808227539,0.00238,0.00017,0.00092,0.00333,0.00000,0.00089,0.00769
1598871679.734930515289307,0.00253,0.00015,0.00213,0.00327,0.00000,0.00082,0.00891
1598871679.767999887466431,0.00224,0.00010,0.00356,0.00320,0.00016,0.00082,0.01008
1598871679.801227331161499,0.00164,0.00007,0.00174,0.00314,0.00000,0.00082,0.00741
1598871679.835049152374268,0.00228,0.00009,0.00288,0.00316,0.00009,0.00098,0.00948
1598871679.868077278137207,0.00208,0.00012,0.00012,0.00349,0.00010,0.00099,0.00690
1598871679.901089191436768,0.00231,0.00010,0.00004,0.00350,0.00000,0.00087,0.00681
1598871679.935161113739014,0.00193,0.00012,0.00081,0.00338,0.00000,0.00107,0.00732
1598871679.967603683471680,0.00230,0.00011,0.00009,0.00345,0.00010,0.00101,0.00705
1598871680.000797510147095,0.00191,0.00006,0.00151,0.00370,0.00000,0.00091,0.00809
1598871680.034866333007812,0.00209,0.00006,0.00001,0.00338,0.00000,0.00082,0.00636
1598871680.067542791366577,0.00196,0.00006,0.00149,0.00328,0.00000,0.00083,0.00762
1598871680.100698232650757,0.00218,0.00006,0.00075,0.00332,0.00008,0.00084,0.00723
1598871680.134730577468872,0.00219,0.00011,0.00230,0.00326,0.00000,0.00108,0.00894
1598871680.167336702346802,0.00242,0.00011,0.00297,0.00314,0.00000,0.00086,0.00949
1598871680.201588630676270,0.00254,0.00011,0.00196,0.00318,0.00011,0.00086,0.00877
1598871680.234761476516724,0.00221,0.00011,0.00317,0.00333,0.00019,0.00082,0.00983
1598871680.268097400665283,0.00185,0.00008,0.00001,0.00312,0.00003,0.00078,0.00588
1598871680.302967309951782,0.00250,0.00012,0.00015,0.00313,0.00008,0.00105,0.00703
1598871680.367885828018188,0.00234,0.00009,0.00073,0.00298,0.00019,0.00083,0.00716
1598871680.405504226684570,0.00206,0.00010,0.00009,0.00322,0.00000,0.00098,0.00646
1598871680.467657089233398,0.00231,0.00010,0.00114,0.00302,0.00077,0.00106,0.00842
1598871680.504405021667480,0.00233,0.00007,0.00037,0.00323,0.00000,0.00084,0.00683
1598871680.567924976348877,0.00222,0.00012,0.00040,0.00307,0.00082,0.00094,0.00758
1598871680.602812290191650,0.00244,0.00010,0.00221,0.00327,0.00011,0.00102,0.00914
1598871680.635076284408569,0.00203,0.00006,0.00067,0.00329,0.00009,0.00078,0.00692
1598871680.667939662933350,0.00200,0.00006,0.00173,0.00334,0.00000,0.00082,0.00796
1598871680.702410697937012,0.00223,0.00011,0.00147,0.00356,0.00013,0.00114,0.00864
1598871680.735104560852051,0.00199,0.00009,0.00298,0.00325,0.00000,0.00078,0.00910
1598871680.768738031387329,0.00225,0.00015,0.00190,0.00324,0.00000,0.00104,0.00857
1598871680.803415775299072,0.00217,0.00007,0.00008,0.00315,0.00014,0.00098,0.00659
1598871680.841533184051514,0.00220,0.00010,0.00093,0.00371,0.00002,0.00081,0.00776
1598871680.904915332794189,0.00226,0.00007,0.00003,0.00330,0.00000,0.00118,0.00684
1598871680.971489191055298,0.00243,0.00011,0.00008,0.00309,0.00012,0.00084,0.00667
1598871681.004437923431396,0.00209,0.00007,0.00007,0.00286,0.00066,0.00088,0.00663
1598871681.039479494094849,0.00213,0.00012,0.00037,0.00303,0.00019,0.00097,0.00681
1598871681.072748422622681,0.00235,0.00009,0.00041,0.00329,0.00074,0.00103,0.00790
1598871681.107011318206787,0.00201,0.00012,0.00035,0.00371,0.00071,0.00104,0.00793
1598871681.140230178833008,0.00246,0.00008,0.00265,0.00336,0.00000,0.00109,0.00965
1598871681.205994606018066,0.00242,0.00015,0.00083,0.00328,0.00009,0.00106,0.00782
1598871681.239336013793945,0.00221,0.00010,0.00296,0.00310,0.00008,0.00104,0.00949
1598871681.271766185760498,0.00210,0.00014,0.00090,0.00324,0.00009,0.00100,0.00747
1598871681.305350542068481,0.00204,0.00008,0.00157,0.00339,0.00073,0.00096,0.00878
1598871681.338969945907593,0.00247,0.00011,0.00090,0.00345,0.00000,0.00103,0.00796
1598871681.371972560882568,0.00204,0.00008,0.00015,0.00343,0.00000,0.00084,0.00654
1598871681.406236171722412,0.00223,0.00015,0.00170,0.00306,0.00014,0.00099,0.00827
1598871681.439130783081055,0.00244,0.00012,0.00002,0.00340,0.00035,0.00101,0.00735
1598871681.471764326095581,0.00199,0.00009,0.00003,0.00345,0.00008,0.00085,0.00650
1598871681.506500720977783,0.00189,0.00008,0.00131,0.00334,0.00007,0.00088,0.00757
1598871681.538771629333496,0.00189,0.00008,0.00001,0.00335,0.00000,0.00102,0.00636
1598871681.574501991271973,0.00174,0.00009,0.00272,0.00321,0.00008,0.00102,0.00887
1598871681.639605045318604,0.00243,0.00009,0.00197,0.00318,0.00015,0.00101,0.00884
1598871681.673419475555420,0.00197,0.00012,0.00234,0.00335,0.00000,0.00107,0.00885
1598871681.706381320953369,0.00216,0.00009,0.00089,0.00341,0.00008,0.00101,0.00764
1598871681.739920854568481,0.00186,0.00006,0.00070,0.00349,0.00008,0.00082,0.00701
1598871681.778066873550415,0.00199,0.00012,0.00144,0.00314,0.00000,0.00080,0.00749
1598871681.810858488082886,0.00214,0.00006,0.00053,0.00302,0.00034,0.00084,0.00694
1598871681.872117042541504,0.00248,0.00012,0.00094,0.00248,0.00025,0.00084,0.00712
1598871681.906789302825928,0.00201,0.00006,0.00029,0.00336,0.00036,0.00084,0.00691
1598871681.939054012298584,0.00200,0.00007,0.00005,0.00278,0.00014,0.00116,0.00619
1598871681.972982645034790,0.00186,0.00008,0.00027,0.00301,0.00049,0.00091,0.00662
1598871682.006107330322266,0.00213,0.00014,0.00014,0.00323,0.00015,0.00097,0.00677
1598871682.039412498474121,0.00227,0.00009,0.00237,0.00309,0.00000,0.00077,0.00859
1598871682.072232484817505,0.00203,0.00015,0.00183,0.00295,0.00082,0.00101,0.00878
1598871682.106014728546143,0.00216,0.00008,0.00189,0.00349,0.00066,0.00074,0.00903
1598871682.139406442642212,0.00223,0.00009,0.00163,0.00325,0.00073,0.00104,0.00897
1598871682.172808885574341,0.00223,0.00010,0.00073,0.00353,0.00008,0.00083,0.00751
1598871682.206322431564331,0.00180,0.00007,0.00205,0.00345,0.00000,0.00084,0.00821
1598871682.240665197372437,0.00192,0.00006,0.00001,0.00384,0.00000,0.00080,0.00663
1598871682.305887222290039,0.00201,0.00008,0.00220,0.00338,0.00014,0.00081,0.00863
1598871682.340682983398438,0.00203,0.00009,0.00001,0.00359,0.00000,0.00083,0.00655
1598871682.373935699462891,0.00213,0.00006,0.00012,0.00422,0.00000,0.00110,0.00763
1598871682.440773010253906,0.00214,0.00011,0.00083,0.00340,0.00008,0.00117,0.00772
1598871682.506237268447876,0.00208,0.00011,0.00008,0.00348,0.00014,0.00098,0.00687
1598871682.540340423583984,0.00246,0.00015,0.00220,0.00322,0.00000,0.00102,0.00904
1598871682.573396682739258,0.00211,0.00009,0.00184,0.00385,0.00019,0.00099,0.00908
1598871682.606311082839966,0.00218,0.00009,0.00196,0.00382,0.00010,0.00171,0.00987
1598871682.640361547470093,0.00227,0.00009,0.00166,0.00365,0.00019,0.00098,0.00884
1598871682.673795223236084,0.00212,0.00007,0.00005,0.00379,0.00067,0.00078,0.00748
1598871682.706510305404663,0.00220,0.00010,0.00255,0.00339,0.00068,0.00101,0.00994
1598871682.739686965942383,0.00197,0.00008,0.00001,0.00347,0.00000,0.00084,0.00638
1598871682.773824691772461,0.00217,0.00014,0.00157,0.00336,0.00008,0.00103,0.00834
1598871682.807079553604126,0.00268,0.00015,0.00181,0.00327,0.00008,0.00098,0.00896
1598871682.840511322021484,0.00212,0.00009,0.00006,0.00324,0.00015,0.00102,0.00668
1598871682.874541521072388,0.00183,0.00013,0.00071,0.00291,0.00073,0.00077,0.00708
1598871682.939982891082764,0.00254,0.00012,0.00270,0.00321,0.00014,0.00102,0.00973
1598871682.974018335342407,0.00199,0.00015,0.00195,0.00307,0.00077,0.00094,0.00887
1598871683.006624460220337,0.00211,0.00007,0.00206,0.00310,0.00014,0.00073,0.00822
1598871683.039930582046509,0.00165,0.00006,0.00164,0.00377,0.00014,0.00074,0.00800
1598871683.073265075683594,0.00192,0.00008,0.00032,0.00326,0.00075,0.00073,0.00706
1598871683.107047080993652,0.00188,0.00007,0.00006,0.00325,0.00008,0.00073,0.00606
1598871683.139516830444336,0.00222,0.00008,0.00184,0.00307,0.00042,0.00074,0.00836
1598871683.173020124435425,0.00234,0.00009,0.00073,0.00336,0.00010,0.00081,0.00743
1598871683.206861257553101,0.00244,0.00011,0.00162,0.00399,0.00015,0.00107,0.00938
1598871683.240494489669800,0.00185,0.00006,0.00247,0.00347,0.00000,0.00085,0.00870
1598871683.274322748184204,0.00191,0.00008,0.00001,0.00386,0.00000,0.00122,0.00708
1598871683.307829141616821,0.00220,0.00009,0.00075,0.00370,0.00021,0.00082,0.00778
1598871683.343410730361938,0.00206,0.00011,0.00287,0.00390,0.00002,0.00081,0.00978
1598871683.378262281417847,0.00212,0.00007,0.00171,0.00399,0.00069,0.00081,0.00940
1598871683.447578668594360,0.00221,0.00013,0.00213,0.00355,0.00008,0.00097,0.00907
1598871683.510358333587646,0.00221,0.00007,0.00208,0.00360,0.00000,0.00079,0.00877
1598871683.544047832489014,0.00191,0.00008,0.00049,0.00347,0.00008,0.00083,0.00686
1598871683.577607154846191,0.00175,0.00006,0.00006,0.00362,0.00008,0.00081,0.00638
1598871683.613486051559448,0.00197,0.00007,0.00174,0.00349,0.00008,0.00084,0.00820
1598871683.646840333938599,0.00184,0.00006,0.00096,0.00370,0.00000,0.00076,0.00733
1598871683.680496215820312,0.00188,0.00006,0.00153,0.00364,0.00007,0.00082,0.00801
1598871683.745593547821045,0.00191,0.00007,0.00244,0.00358,0.00000,0.00091,0.00892
1598871683.779053926467896,0.00188,0.00010,0.00001,0.00363,0.00000,0.00081,0.00643
1598871683.812959671020508,0.00205,0.00017,0.00118,0.00338,0.00015,0.00097,0.00789
1598871683.846647977828979,0.00228,0.00008,0.00193,0.00341,0.00000,0.00109,0.00878
1598871683.881044387817383,0.00198,0.00010,0.00172,0.00383,0.00014,0.00086,0.00863
1598871683.913606405258179,0.00191,0.00006,0.00211,0.00372,0.00012,0.00099,0.00891
1598871683.947255134582520,0.00195,0.00009,0.00219,0.00352,0.00008,0.00088,0.00870
1598871683.980513811111450,0.00184,0.00006,0.00049,0.00409,0.00000,0.00081,0.00729
1598871684.015223026275635,0.00197,0.00008,0.00004,0.00407,0.00013,0.00084,0.00715
1598871684.081050634384155,0.00199,0.00013,0.00104,0.00353,0.00067,0.00078,0.00814
1598871684.114785909652710,0.00222,0.00014,0.00073,0.00366,0.00000,0.00107,0.00781
1598871684.147930145263672,0.00200,0.00006,0.00148,0.00360,0.00008,0.00084,0.00806
1598871684.181442737579346,0.00186,0.00006,0.00237,0.00341,0.00001,0.00081,0.00853
1598871684.215599536895752,0.00237,0.00012,0.00001,0.00366,0.00000,0.00079,0.00695
1598871684.250035285949707,0.00213,0.00007,0.00075,0.00401,0.00080,0.00104,0.00881
1598871684.283657550811768,0.00185,0.00010,0.00175,0.00365,0.00000,0.00081,0.00817
1598871684.316184282302856,0.00251,0.00014,0.00177,0.00376,0.00000,0.00106,0.00924
1598871684.349615812301636,0.00202,0.00011,0.00178,0.00366,0.00008,0.00084,0.00849
1598871684.386839389801025,0.00225,0.00009,0.00215,0.00363,0.00000,0.00089,0.00901
1598871684.450496912002563,0.00213,0.00009,0.00015,0.00357,0.00000,0.00085,0.00679
1598871684.483578681945801,0.00190,0.00007,0.00003,0.00353,0.00008,0.00086,0.00647
1598871684.516755819320679,0.00191,0.00010,0.00162,0.00350,0.00008,0.00080,0.00801
1598871684.551229715347290,0.00202,0.00010,0.00066,0.00433,0.00000,0.00104,0.00816
1598871684.584824562072754,0.00200,0.00013,0.00157,0.00362,0.00008,0.00078,0.00819
1598871684.617816209793091,0.00212,0.00010,0.00265,0.00367,0.00000,0.00084,0.00938
1598871684.651811122894287,0.00212,0.00010,0.00001,0.00415,0.00000,0.00092,0.00730
1598871684.685424804687500,0.00206,0.00013,0.00073,0.00370,0.00008,0.00078,0.00749
1598871684.718517065048218,0.00219,0.00011,0.00190,0.00377,0.00000,0.00083,0.00880
1598871684.752847194671631,0.00172,0.00007,0.00172,0.00367,0.00000,0.00080,0.00798
1598871684.786330461502075,0.00192,0.00007,0.00165,0.00361,0.00009,0.00072,0.00805
1598871684.821071147918701,0.00213,0.00011,0.00206,0.00390,0.00000,0.00086,0.00905
1598871684.887051582336426,0.00220,0.00011,0.00018,0.00351,0.00000,0.00100,0.00700
1598871684.920585632324219,0.00226,0.00007,0.00010,0.00335,0.00015,0.00085,0.00679
1598871684.953543663024902,0.00209,0.00006,0.00157,0.00340,0.00008,0.00075,0.00795
1598871684.987316370010376,0.00187,0.00006,0.00068,0.00349,0.00008,0.00083,0.00701
1598871685.020846605300903,0.00193,0.00008,0.00151,0.00377,0.00008,0.00085,0.00822
1598871685.055757045745850,0.00198,0.00010,0.00254,0.00367,0.00000,0.00086,0.00916
1598871685.123218059539795,0.00200,0.00008,0.00001,0.00359,0.00000,0.00084,0.00653
1598871685.155553817749023,0.00201,0.00015,0.00071,0.00361,0.00009,0.00107,0.00765
1598871685.189120292663574,0.00224,0.00011,0.00188,0.00352,0.00008,0.00103,0.00887
1598871685.223102569580078,0.00194,0.00007,0.00168,0.00375,0.00000,0.00091,0.00835
1598871685.256459474563599,0.00192,0.00006,0.00111,0.00366,0.00008,0.00087,0.00770
1598871685.290395259857178,0.00194,0.00007,0.00208,0.00365,0.00000,0.00087,0.00862
1598871685.323353528976440,0.00194,0.00006,0.00271,0.00372,0.00000,0.00086,0.00929
1598871685.357662677764893,0.00215,0.00016,0.00009,0.00381,0.00009,0.00106,0.00736
1598871685.390878677368164,0.00203,0.00007,0.00147,0.00365,0.00000,0.00077,0.00799
1598871685.424257040023804,0.00185,0.00007,0.00067,0.00368,0.00000,0.00078,0.00705
1598871685.459039688110352,0.00148,0.00006,0.00070,0.00365,0.00008,0.00078,0.00675
1598871685.492860317230225,0.00222,0.00015,0.00246,0.00354,0.00000,0.00113,0.00950
1598871685.558637857437134,0.00204,0.00010,0.00001,0.00360,0.00000,0.00087,0.00662
1598871685.592103719711304,0.00205,0.00009,0.00042,0.00338,0.00016,0.00081,0.00692
1598871685.625621795654297,0.00227,0.00010,0.00167,0.00393,0.00000,0.00082,0.00879
1598871685.659823417663574,0.00178,0.00007,0.00171,0.00336,0.00001,0.00086,0.00780
1598871685.694475650787354,0.00228,0.00011,0.00179,0.00339,0.00043,0.00111,0.00911
1598871685.760550260543823,0.00192,0.00013,0.00227,0.00331,0.00010,0.00103,0.00875
1598871685.794873476028442,0.00175,0.00007,0.00239,0.00331,0.00000,0.00077,0.00829
1598871685.827868938446045,0.00221,0.00011,0.00014,0.00349,0.00015,0.00106,0.00716
1598871685.862707138061523,0.00193,0.00009,0.00148,0.00351,0.00008,0.00081,0.00791
1598871685.895309925079346,0.00201,0.00011,0.00071,0.00364,0.00000,0.00112,0.00759
1598871685.928922653198242,0.00169,0.00008,0.00146,0.00347,0.00008,0.00077,0.00755
1598871685.967027425765991,0.00224,0.00015,0.00256,0.00335,0.00001,0.00112,0.00942
1598871686.030857563018799,0.00190,0.00013,0.00001,0.00347,0.00000,0.00100,0.00651
1598871686.064116477966309,0.00209,0.00013,0.00007,0.00326,0.00052,0.00074,0.00680
1598871686.096584081649780,0.00172,0.00006,0.00116,0.00376,0.00000,0.00086,0.00756
1598871686.129784107208252,0.00209,0.00011,0.00219,0.00363,0.00000,0.00087,0.00889
1598871686.164890527725220,0.00224,0.00009,0.00176,0.00338,0.00009,0.00080,0.00837
1598871686.199038982391357,0.00226,0.00016,0.00219,0.00344,0.00000,0.00105,0.00910
1598871686.231450557708740,0.00184,0.00007,0.00248,0.00343,0.00008,0.00086,0.00876
1598871686.264430046081543,0.00217,0.00016,0.00008,0.00383,0.00008,0.00101,0.00733
1598871686.298605918884277,0.00221,0.00010,0.00171,0.00359,0.00000,0.00085,0.00847
1598871686.331772804260254,0.00198,0.00010,0.00047,0.00351,0.00000,0.00077,0.00684
1598871686.364838600158691,0.00217,0.00014,0.00159,0.00344,0.00008,0.00102,0.00845
1598871686.404205322265625,0.00213,0.00013,0.00255,0.00340,0.00008,0.00102,0.00931
1598871686.465645313262939,0.00224,0.00011,0.00001,0.00369,0.00000,0.00113,0.00717
1598871686.500336885452271,0.00184,0.00010,0.00004,0.00364,0.00008,0.00089,0.00660
1598871686.532721996307373,0.00213,0.00008,0.00108,0.00340,0.00000,0.00105,0.00774
1598871686.567606210708618,0.00206,0.00014,0.00198,0.00343,0.00000,0.00105,0.00865
1598871686.601147890090942,0.00193,0.00008,0.00176,0.00321,0.00017,0.00087,0.00803
1598871686.633928775787354,0.00201,0.00006,0.00220,0.00337,0.00000,0.00084,0.00849
1598871686.668744802474976,0.00193,0.00009,0.00292,0.00321,0.00009,0.00104,0.00928
1598871686.706558465957642,0.00230,0.00011,0.00003,0.00332,0.00010,0.00089,0.00676
1598871686.770280122756958,0.00212,0.00016,0.00075,0.00313,0.00069,0.00099,0.00784
1598871686.803808450698853,0.00233,0.00010,0.00040,0.00328,0.00009,0.00090,0.00711
1598871686.836108207702637,0.00190,0.00006,0.00149,0.00325,0.00013,0.00085,0.00769
1598871686.869019985198975,0.00181,0.00006,0.00270,0.00355,0.00077,0.00102,0.00991
1598871686.903371334075928,0.00213,0.00009,0.00001,0.00373,0.00000,0.00087,0.00682
1598871686.935991764068604,0.00212,0.00013,0.00007,0.00352,0.00008,0.00081,0.00673
1598871686.973035097122192,0.00193,0.00007,0.00160,0.00334,0.00008,0.00077,0.00780
1598871687.005945920944214,0.00217,0.00008,0.00189,0.00386,0.00074,0.00083,0.00957
1598871687.069793701171875,0.00181,0.00015,0.00177,0.00350,0.00008,0.00081,0.00813
1598871687.105518817901611,0.00184,0.00007,0.00216,0.00350,0.00000,0.00074,0.00831
1598871687.171905994415283,0.00199,0.00014,0.00283,0.00347,0.00008,0.00076,0.00926
1598871687.205590963363647,0.00231,0.00010,0.00080,0.00379,0.00009,0.00080,0.00790
1598871687.238649606704712,0.00220,0.00011,0.00004,0.00426,0.00000,0.00083,0.00744
1598871687.271972656250000,0.00185,0.00012,0.00034,0.00375,0.00000,0.00075,0.00681
1598871687.306748390197754,0.00229,0.00013,0.00158,0.00347,0.00008,0.00075,0.00829
1598871687.339730262756348,0.00223,0.00009,0.00227,0.00358,0.00000,0.00113,0.00930
1598871687.372830152511597,0.00208,0.00006,0.00006,0.00350,0.00008,0.00084,0.00663
1598871687.406255245208740,0.00211,0.00011,0.00012,0.00368,0.00009,0.00098,0.00710
1598871687.440238237380981,0.00211,0.00008,0.00103,0.00374,0.00042,0.00085,0.00824
1598871687.473401546478271,0.00211,0.00014,0.00189,0.00351,0.00000,0.00091,0.00855
1598871687.507722377777100,0.00211,0.00008,0.00172,0.00334,0.00014,0.00104,0.00843
1598871687.540688037872314,0.00190,0.00014,0.00216,0.00335,0.00000,0.00097,0.00853
1598871687.574052333831787,0.00186,0.00009,0.00250,0.00347,0.00015,0.00082,0.00890
1598871687.608534574508667,0.00212,0.00012,0.00009,0.00363,0.00013,0.00101,0.00710
1598871687.641580104827881,0.00188,0.00006,0.00003,0.00378,0.00000,0.00083,0.00658
1598871687.674886703491211,0.00216,0.00012,0.00001,0.00371,0.00000,0.00090,0.00690
1598871687.710782289505005,0.00225,0.00011,0.00154,0.00355,0.00009,0.00088,0.00843
1598871687.744191408157349,0.00208,0.00012,0.00234,0.00328,0.00012,0.00093,0.00887
1598871687.811165809631348,0.00214,0.00010,0.00001,0.00349,0.00000,0.00115,0.00688
1598871687.877624034881592,0.00207,0.00016,0.00014,0.00332,0.00018,0.00093,0.00679
1598871687.911096572875977,0.00211,0.00013,0.00111,0.00331,0.00015,0.00077,0.00758
1598871687.947239398956299,0.00190,0.00012,0.00190,0.00363,0.00000,0.00080,0.00835
1598871688.011437892913818,0.00177,0.00009,0.00163,0.00330,0.00009,0.00080,0.00770
1598871688.045396327972412,0.00216,0.00011,0.00231,0.00342,0.00000,0.00110,0.00910
1598871688.080096721649170,0.00261,0.00009,0.00232,0.00329,0.00014,0.00090,0.00936
1598871688.113045454025269,0.00258,0.00013,0.00018,0.00366,0.00012,0.00098,0.00764
1598871688.150933742523193,0.00231,0.00007,0.00003,0.00366,0.00000,0.00085,0.00693
1598871688.183310270309448,0.00218,0.00008,0.00001,0.00354,0.00000,0.00088,0.00668
1598871688.246535539627075,0.00252,0.00011,0.00155,0.00342,0.00008,0.00114,0.00883
1598871688.280397891998291,0.00210,0.00006,0.00215,0.00346,0.00011,0.00089,0.00876
1598871688.316008090972900,0.00235,0.00009,0.00029,0.00365,0.00000,0.00121,0.00759
1598871688.381874561309814,0.00246,0.00015,0.00057,0.00345,0.00011,0.00108,0.00783
1598871688.416698217391968,0.00219,0.00006,0.00108,0.00347,0.00008,0.00093,0.00780
1598871688.482396841049194,0.00205,0.00008,0.00168,0.00349,0.00000,0.00092,0.00823
1598871688.515048027038574,0.00215,0.00006,0.00081,0.00346,0.00000,0.00096,0.00743
1598871688.549422264099121,0.00212,0.00009,0.00764,0.00306,0.00020,0.00090,0.01402
1598871688.583718538284302,0.00240,0.00010,0.00253,0.00346,0.00000,0.00123,0.00972
1598871688.616924524307251,0.00244,0.00013,0.00001,0.00361,0.00000,0.00115,0.00735
1598871688.649310350418091,0.00219,0.00008,0.00006,0.00353,0.00008,0.00094,0.00689
1598871688.683551073074341,0.00210,0.00008,0.00001,0.00348,0.00000,0.00099,0.00667
1598871688.716809511184692,0.00209,0.00006,0.00069,0.00338,0.00072,0.00092,0.00787
1598871688.751186609268188,0.00197,0.00007,0.00200,0.00358,0.00000,0.00095,0.00857
1598871688.784228563308716,0.00209,0.00006,0.00001,0.00365,0.00000,0.00092,0.00672
1598871688.817342519760132,0.00218,0.00014,0.00008,0.00371,0.00008,0.00111,0.00731
1598871688.851574182510376,0.00191,0.00007,0.00008,0.00373,0.00000,0.00085,0.00664
1598871688.885232210159302,0.00239,0.00014,0.00173,0.00369,0.00000,0.00116,0.00911
1598871688.918588638305664,0.00224,0.00008,0.00073,0.00372,0.00000,0.00092,0.00768
1598871688.951799631118774,0.00228,0.00015,0.00559,0.00358,0.00000,0.00101,0.01261
1598871688.985776424407959,0.00257,0.00013,0.00235,0.00356,0.00000,0.00120,0.00981
1598871689.019504785537720,0.00215,0.00011,0.00003,0.00359,0.00008,0.00095,0.00691
1598871689.053773641586304,0.00224,0.00009,0.00018,0.00380,0.00000,0.00117,0.00749
1598871689.086085081100464,0.00244,0.00011,0.00001,0.00385,0.00000,0.00109,0.00750
1598871689.122015476226807,0.00221,0.00009,0.00067,0.00371,0.00000,0.00089,0.00757
1598871689.187523365020752,0.00228,0.00011,0.00205,0.00355,0.00000,0.00116,0.00915
1598871689.220421314239502,0.00236,0.00039,0.00001,0.00386,0.00000,0.00105,0.00767
1598871689.254764795303345,0.00220,0.00013,0.00008,0.00361,0.00008,0.00086,0.00696
1598871689.289179563522339,0.00182,0.00006,0.00008,0.00374,0.00000,0.00082,0.00652
1598871689.321978092193604,0.00245,0.00009,0.00173,0.00377,0.00000,0.00114,0.00918
1598871689.355636358261108,0.00217,0.00009,0.00074,0.00363,0.00000,0.00095,0.00758
1598871689.388620138168335,0.00212,0.00006,0.00534,0.00363,0.00000,0.00098,0.01213
1598871689.422868251800537,0.00226,0.00015,0.00257,0.00376,0.00009,0.00108,0.00991
1598871689.455528020858765,0.00240,0.00011,0.00001,0.00412,0.00000,0.00093,0.00757
1598871689.489897251129150,0.00247,0.00009,0.00016,0.00391,0.00000,0.00093,0.00756
1598871689.523244619369507,0.00216,0.00012,0.00001,0.00376,0.00000,0.00088,0.00692
1598871689.560213565826416,0.00182,0.00008,0.00070,0.00352,0.00008,0.00096,0.00716
1598871689.624748468399048,0.00249,0.00012,0.00185,0.00358,0.00000,0.00094,0.00897
1598871689.658894300460815,0.00198,0.00006,0.00003,0.00349,0.00000,0.00090,0.00646
1598871689.692694187164307,0.00229,0.00015,0.00006,0.00358,0.00011,0.00105,0.00723
1598871689.760056495666504,0.00237,0.00015,0.00006,0.00356,0.00002,0.00112,0.00729
1598871689.792451858520508,0.00208,0.00008,0.00148,0.00343,0.00073,0.00091,0.00870
1598871689.827126741409302,0.00212,0.00006,0.00077,0.00347,0.00008,0.00086,0.00736
1598871689.865520477294922,0.00211,0.00006,0.00659,0.00352,0.00000,0.00105,0.01333
1598871689.927223443984985,0.00234,0.00016,0.00261,0.00366,0.00009,0.00112,0.00997
1598871689.959828853607178,0.00189,0.00007,0.00003,0.00370,0.00008,0.00085,0.00662
1598871689.994352817535400,0.00242,0.00011,0.00017,0.00365,0.00000,0.00117,0.00752
1598871690.027611017227173,0.00215,0.00014,0.00001,0.00364,0.00000,0.00114,0.00708
1598871690.061527490615845,0.00252,0.00010,0.00075,0.00371,0.00015,0.00096,0.00820
1598871690.095459938049316,0.00208,0.00008,0.00181,0.00352,0.00000,0.00089,0.00839
1598871690.134104013442993,0.00250,0.00011,0.00001,0.00385,0.00000,0.00097,0.00745
1598871690.195211172103882,0.00248,0.00011,0.00009,0.00354,0.00009,0.00094,0.00726
1598871690.236951589584351,0.00224,0.00007,0.00007,0.00338,0.00002,0.00094,0.00673
1598871690.295987844467163,0.00217,0.00009,0.00066,0.00350,0.00072,0.00092,0.00806
1598871690.329795598983765,0.00211,0.00006,0.00082,0.00355,0.00027,0.00115,0.00796
1598871690.364782333374023,0.00225,0.00011,0.00711,0.00354,0.00000,0.00079,0.01380
1598871690.398267745971680,0.00287,0.00014,0.00236,0.00356,0.00000,0.00148,0.01042
1598871690.432842493057251,0.00238,0.00007,0.00004,0.00346,0.00008,0.00091,0.00694
1598871690.497877836227417,0.00207,0.00008,0.00003,0.00398,0.00000,0.00122,0.00737
1598871690.531489372253418,0.00223,0.00013,0.00046,0.00374,0.00000,0.00094,0.00748
1598871690.565508842468262,0.00193,0.00008,0.00088,0.00356,0.00008,0.00085,0.00738
1598871690.599498033523560,0.00212,0.00006,0.00159,0.00349,0.00000,0.00079,0.00806
1598871690.632519721984863,0.00237,0.00015,0.00001,0.00372,0.00000,0.00118,0.00743
1598871690.666565418243408,0.00211,0.00014,0.00025,0.00380,0.00009,0.00108,0.00747
1598871690.699837684631348,0.00211,0.00006,0.00008,0.00347,0.00000,0.00084,0.00657
1598871690.733175992965698,0.00227,0.00010,0.00068,0.00354,0.00000,0.00123,0.00783
1598871690.771423339843750,0.00195,0.00009,0.00078,0.00318,0.00014,0.00092,0.00705
1598871690.833413600921631,0.00225,0.00010,0.00724,0.00346,0.00008,0.00103,0.01417
1598871690.867493629455566,0.00237,0.00009,0.00241,0.00337,0.00000,0.00088,0.00912
1598871690.900753736495972,0.00229,0.00012,0.00049,0.00338,0.00014,0.00112,0.00754
1598871690.934061765670776,0.00181,0.00013,0.00001,0.00378,0.00002,0.00087,0.00662
1598871690.967387437820435,0.00227,0.00014,0.00001,0.00348,0.00000,0.00121,0.00710
1598871691.001505613327026,0.00211,0.00012,0.00001,0.00390,0.00073,0.00106,0.00793
1598871691.035413503646851,0.00211,0.00006,0.00028,0.00359,0.00101,0.00084,0.00789
1598871691.068789243698120,0.00230,0.00011,0.00002,0.00388,0.00000,0.00084,0.00716
1598871691.103610277175903,0.00212,0.00013,0.00071,0.00397,0.00000,0.00084,0.00777
1598871691.137634515762329,0.00237,0.00012,0.00010,0.00377,0.00000,0.00096,0.00731
1598871691.170445203781128,0.00190,0.00008,0.00072,0.00358,0.00009,0.00085,0.00722
1598871691.204260349273682,0.00203,0.00006,0.00074,0.00389,0.00000,0.00087,0.00758
1598871691.236951589584351,0.00228,0.00008,0.00563,0.00366,0.00000,0.00086,0.01251
1598871691.270492315292358,0.00197,0.00009,0.00244,0.00367,0.00000,0.00089,0.00906
1598871691.306461334228516,0.00233,0.00015,0.00005,0.00375,0.00009,0.00107,0.00744
1598871691.339352130889893,0.00236,0.00011,0.00005,0.00388,0.00000,0.00085,0.00725
1598871691.405172109603882,0.00237,0.00012,0.00001,0.00373,0.00000,0.00110,0.00733
1598871691.438048124313354,0.00224,0.00009,0.00003,0.00370,0.00000,0.00089,0.00695
1598871691.477594852447510,0.00210,0.00008,0.00026,0.00325,0.00009,0.00087,0.00665
1598871691.538873195648193,0.00219,0.00009,0.00001,0.00337,0.00000,0.00090,0.00656
1598871691.572555780410767,0.00202,0.00006,0.00066,0.00322,0.00002,0.00097,0.00696
1598871691.606753349304199,0.00200,0.00009,0.00006,0.00327,0.00011,0.00088,0.00642
1598871691.642387628555298,0.00219,0.00007,0.00001,0.00328,0.00003,0.00093,0.00651
1598871691.707782745361328,0.00241,0.00011,0.00009,0.00315,0.00069,0.00094,0.00740
1598871691.740455627441406,0.00213,0.00013,0.00531,0.00297,0.00010,0.00099,0.01162
1598871691.772983551025391,0.00236,0.00008,0.00275,0.00348,0.00032,0.00081,0.00979
1598871691.807430028915405,0.00186,0.00011,0.00001,0.00322,0.00000,0.00085,0.00604
1598871691.840910196304321,0.00214,0.00006,0.00005,0.00311,0.00041,0.00078,0.00655
1598871691.874924898147583,0.00176,0.00008,0.00002,0.00321,0.00000,0.00078,0.00584
1598871691.909020423889160,0.00249,0.00013,0.00001,0.00332,0.00002,0.00141,0.00738
1598871691.946826219558716,0.00244,0.00014,0.00008,0.00327,0.00087,0.00101,0.00781
1598871692.010706901550293,0.00248,0.00016,0.00001,0.00332,0.00000,0.00110,0.00707
1598871692.048445940017700,0.00197,0.00013,0.00154,0.00289,0.00002,0.00104,0.00759
1598871692.110817670822144,0.00241,0.00012,0.00009,0.00298,0.00078,0.00110,0.00749
1598871692.143545389175415,0.00188,0.00011,0.00010,0.00333,0.00011,0.00106,0.00658
1598871692.177401542663574,0.00221,0.00008,0.00103,0.00344,0.00002,0.00117,0.00795
1598871692.211707592010498,0.00222,0.00010,0.00543,0.00309,0.00010,0.00086,0.01179
1598871692.244172811508179,0.00204,0.00014,0.00315,0.00315,0.00002,0.00104,0.00954
1598871692.279169321060181,0.00238,0.00008,0.00012,0.00344,0.00017,0.00085,0.00704
1598871692.313132286071777,0.00232,0.00011,0.00008,0.00359,0.00016,0.00088,0.00714
1598871692.378827571868896,0.00202,0.00009,0.00001,0.00319,0.00000,0.00083,0.00614
1598871692.413691997528076,0.00199,0.00007,0.00001,0.00338,0.00002,0.00077,0.00624
1598871692.480483055114746,0.00220,0.00013,0.00010,0.00308,0.00026,0.00107,0.00683
1598871692.515006303787231,0.00210,0.00006,0.00003,0.00312,0.00000,0.00086,0.00618
1598871692.548367977142334,0.00186,0.00006,0.00023,0.00291,0.00126,0.00088,0.00719
1598871692.581627607345581,0.00213,0.00006,0.00033,0.00307,0.00048,0.00083,0.00690
1598871692.615965127944946,0.00216,0.00009,0.00080,0.00320,0.00013,0.00102,0.00740
1598871692.649303197860718,0.00229,0.00008,0.00170,0.00315,0.00011,0.00105,0.00839
1598871692.683883666992188,0.00203,0.00006,0.00661,0.00310,0.00080,0.00081,0.01340
1598871692.716552257537842,0.00216,0.00014,0.00319,0.00327,0.00000,0.00100,0.00974
1598871692.749724388122559,0.00226,0.00008,0.00047,0.00359,0.00011,0.00085,0.00737
1598871692.783450841903687,0.00203,0.00013,0.00006,0.00339,0.00021,0.00077,0.00659
1598871692.817780971527100,0.00193,0.00007,0.00001,0.00347,0.00000,0.00082,0.00629
1598871692.883027553558350,0.00201,0.00009,0.00033,0.00342,0.00000,0.00076,0.00661
1598871692.916032075881958,0.00195,0.00006,0.00020,0.00336,0.00014,0.00083,0.00655
1598871692.950863599777222,0.00172,0.00007,0.00036,0.00337,0.00000,0.00081,0.00633
1598871692.983359813690186,0.00156,0.00007,0.00031,0.00364,0.00000,0.00076,0.00633
1598871693.016803979873657,0.00234,0.00011,0.00041,0.00336,0.00014,0.00107,0.00743
1598871693.050470113754272,0.00214,0.00007,0.00066,0.00327,0.00000,0.00086,0.00699
1598871693.083805084228516,0.00201,0.00012,0.00163,0.00315,0.00000,0.00112,0.00804
1598871693.119080543518066,0.00236,0.00008,0.00740,0.00297,0.00022,0.00112,0.01416
1598871693.151472330093384,0.00210,0.00007,0.00309,0.00290,0.00012,0.00083,0.00910
1598871693.185344696044922,0.00204,0.00007,0.00001,0.00299,0.00035,0.00079,0.00624
1598871693.218550443649292,0.00193,0.00006,0.00007,0.00304,0.00021,0.00081,0.00612
1598871693.256245851516724,0.00217,0.00009,0.00002,0.00321,0.00000,0.00085,0.00635
1598871693.320424318313599,0.00236,0.00014,0.00001,0.00316,0.00039,0.00104,0.00710
1598871693.354998111724854,0.00194,0.00008,0.00033,0.00329,0.00015,0.00102,0.00681
1598871693.390399456024170,0.00202,0.00007,0.00033,0.00336,0.00000,0.00076,0.00654
1598871693.454036235809326,0.00234,0.00012,0.00053,0.00374,0.00000,0.00089,0.00762
1598871693.487840890884399,0.00235,0.00010,0.00058,0.00299,0.00015,0.00087,0.00704
1598871693.520463228225708,0.00215,0.00015,0.00089,0.00344,0.00009,0.00099,0.00772
1598871693.554850578308105,0.00199,0.00011,0.00159,0.00325,0.00000,0.00083,0.00776
1598871693.587799072265625,0.00201,0.00009,0.00642,0.00304,0.00014,0.00077,0.01247
1598871693.621895313262939,0.00206,0.00012,0.00323,0.00294,0.00000,0.00076,0.00912
1598871693.655342817306519,0.00204,0.00013,0.00006,0.00324,0.00000,0.00081,0.00628
1598871693.689474582672119,0.00201,0.00012,0.00006,0.00314,0.00016,0.00076,0.00624
1598871693.722771406173706,0.00176,0.00012,0.00001,0.00314,0.00000,0.00078,0.00579
1598871693.755785942077637,0.00229,0.00010,0.00001,0.00321,0.00000,0.00088,0.00649
1598871693.789908170700073,0.00204,0.00009,0.00012,0.00308,0.00026,0.00104,0.00664
1598871693.825329542160034,0.00228,0.00010,0.00012,0.00305,0.00002,0.00147,0.00704
1598871693.890927553176880,0.00198,0.00015,0.00001,0.00307,0.00042,0.00078,0.00641
1598871693.924857854843140,0.00214,0.00010,0.00048,0.00305,0.00048,0.00107,0.00733
1598871693.957945823669434,0.00191,0.00006,0.00066,0.00321,0.00000,0.00081,0.00665
1598871693.994624137878418,0.00189,0.00007,0.00099,0.00324,0.00000,0.00084,0.00703
1598871694.027659893035889,0.00193,0.00006,0.00604,0.00307,0.00014,0.00080,0.01204
1598871694.061023473739624,0.00217,0.00009,0.00319,0.00322,0.00000,0.00110,0.00976
1598871694.096438169479370,0.00212,0.00009,0.00001,0.00333,0.00000,0.00080,0.00635
1598871694.163122892379761,0.00188,0.00009,0.00005,0.00375,0.00016,0.00080,0.00673
1598871694.195516109466553,0.00211,0.00008,0.00001,0.00328,0.00000,0.00111,0.00659
1598871694.260585069656372,0.00225,0.00012,0.00001,0.00321,0.00000,0.00089,0.00649
1598871694.295572042465210,0.00179,0.00006,0.00022,0.00300,0.00015,0.00084,0.00607
1598871694.329335451126099,0.00198,0.00006,0.00003,0.00342,0.00079,0.00109,0.00737
1598871694.394432544708252,0.00239,0.00012,0.00001,0.00333,0.00000,0.00089,0.00675
1598871694.428780078887939,0.00214,0.00006,0.00004,0.00326,0.00022,0.00083,0.00656
1598871694.461629867553711,0.00198,0.00007,0.00079,0.00338,0.00000,0.00086,0.00707
1598871694.496901988983154,0.00201,0.00011,0.00116,0.00343,0.00000,0.00103,0.00773
1598871694.529206514358521,0.00221,0.00011,0.00611,0.00315,0.00014,0.00101,0.01274
1598871694.562576770782471,0.00231,0.00010,0.00300,0.00326,0.00000,0.00089,0.00958
1598871694.595872640609741,0.00222,0.00010,0.00001,0.00337,0.00000,0.00087,0.00657
1598871694.629446268081665,0.00191,0.00006,0.00004,0.00328,0.00016,0.00112,0.00658
1598871694.663178682327271,0.00217,0.00009,0.00001,0.00353,0.00000,0.00113,0.00693
1598871694.696788072586060,0.00235,0.00009,0.00001,0.00406,0.00000,0.00103,0.00753
1598871694.734599113464355,0.00235,0.00010,0.00023,0.00332,0.00009,0.00090,0.00700
1598871694.797649860382080,0.00199,0.00008,0.00003,0.00329,0.00000,0.00085,0.00623
1598871694.831327199935913,0.00189,0.00016,0.00001,0.00343,0.00000,0.00108,0.00657
1598871694.864047527313232,0.00204,0.00006,0.00005,0.00329,0.00015,0.00079,0.00638
1598871694.898953676223755,0.00202,0.00008,0.00071,0.00344,0.00000,0.00109,0.00734
1598871694.965301036834717,0.00222,0.00012,0.00010,0.00343,0.00000,0.00094,0.00680
1598871694.999678373336792,0.00198,0.00012,0.00563,0.00315,0.00009,0.00096,0.01193
1598871695.033583164215088,0.00190,0.00007,0.00278,0.00323,0.00000,0.00078,0.00875
1598871695.066704750061035,0.00223,0.00011,0.00009,0.00365,0.00009,0.00106,0.00723
1598871695.100685596466064,0.00201,0.00006,0.00003,0.00337,0.00008,0.00082,0.00638
1598871695.170843601226807,0.00226,0.00012,0.00001,0.00362,0.00000,0.00097,0.00699
1598871695.203403949737549,0.00192,0.00007,0.00001,0.00327,0.00000,0.00086,0.00611
1598871695.267345666885376,0.00186,0.00007,0.00022,0.00321,0.00015,0.00085,0.00637
1598871695.306505680084229,0.00202,0.00010,0.00004,0.00339,0.00000,0.00105,0.00661
1598871695.373325824737549,0.00226,0.00012,0.00001,0.00330,0.00000,0.00090,0.00660
1598871695.435081481933594,0.00205,0.00008,0.00005,0.00323,0.00015,0.00085,0.00640
1598871695.473294973373413,0.00196,0.00009,0.00005,0.00344,0.00000,0.00085,0.00640
1598871695.536445140838623,0.00184,0.00008,0.00139,0.00321,0.00000,0.00086,0.00738
1598871695.571815967559814,0.00185,0.00007,0.00574,0.00314,0.00014,0.00083,0.01177
1598871695.604423522949219,0.00188,0.00006,0.00312,0.00369,0.00000,0.00113,0.00988
1598871695.637188196182251,0.00208,0.00008,0.00001,0.00336,0.00000,0.00098,0.00651
1598871695.669832229614258,0.00212,0.00007,0.00005,0.00325,0.00014,0.00112,0.00675
1598871695.704159021377563,0.00225,0.00010,0.00001,0.00333,0.00000,0.00091,0.00661
1598871695.738515615463257,0.00203,0.00010,0.00001,0.00345,0.00000,0.00112,0.00671
1598871695.771620988845825,0.00202,0.00012,0.00096,0.00342,0.00015,0.00099,0.00766
1598871695.805934190750122,0.00225,0.00010,0.00038,0.00328,0.00000,0.00090,0.00692
1598871695.838792800903320,0.00197,0.00006,0.00001,0.00330,0.00000,0.00083,0.00618
1598871695.872347593307495,0.00220,0.00012,0.00010,0.00332,0.00016,0.00097,0.00688
1598871695.906952142715454,0.00210,0.00014,0.00069,0.00352,0.00000,0.00081,0.00726
1598871695.939791202545166,0.00228,0.00011,0.00143,0.00351,0.00000,0.00131,0.00864
1598871695.973664045333862,0.00202,0.00006,0.00540,0.00312,0.00015,0.00080,0.01155
1598871696.007335186004639,0.00226,0.00010,0.00321,0.00324,0.00000,0.00088,0.00970
1598871696.040619134902954,0.00185,0.00006,0.00001,0.00331,0.00000,0.00084,0.00607
1598871696.074546575546265,0.00195,0.00010,0.00005,0.00321,0.00015,0.00080,0.00626
1598871696.107858180999756,0.00226,0.00010,0.00001,0.00363,0.00000,0.00112,0.00712
1598871696.146235227584839,0.00209,0.00013,0.00001,0.00340,0.00000,0.00102,0.00664
1598871696.209129095077515,0.00238,0.00012,0.00053,0.00326,0.00015,0.00089,0.00733
1598871696.242905378341675,0.00182,0.00007,0.00054,0.00359,0.00000,0.00113,0.00714
1598871696.275505065917969,0.00223,0.00008,0.00001,0.00346,0.00000,0.00089,0.00667
1598871696.310555458068848,0.00195,0.00011,0.00012,0.00311,0.00014,0.00107,0.00649
1598871696.344690561294556,0.00194,0.00006,0.00001,0.00319,0.00068,0.00083,0.00670
1598871696.412624120712280,0.00218,0.00011,0.00145,0.00324,0.00000,0.00080,0.00779
1598871696.478020906448364,0.00235,0.00012,0.00541,0.00314,0.00015,0.00085,0.01202
1598871696.511809825897217,0.00182,0.00006,0.00312,0.00329,0.00000,0.00084,0.00913
1598871696.544541358947754,0.00195,0.00006,0.00001,0.00354,0.00000,0.00086,0.00641
1598871696.578033208847046,0.00210,0.00007,0.00004,0.00325,0.00014,0.00091,0.00652
1598871696.610929489135742,0.00183,0.00006,0.00001,0.00337,0.00000,0.00083,0.00610
1598871696.646304130554199,0.00185,0.00006,0.00001,0.00358,0.00000,0.00084,0.00634
1598871696.679418563842773,0.00230,0.00010,0.00056,0.00305,0.00021,0.00086,0.00708
1598871696.712256431579590,0.00175,0.00006,0.00003,0.00348,0.00000,0.00085,0.00618
1598871696.746352434158325,0.00235,0.00009,0.00001,0.00337,0.00000,0.00080,0.00663
1598871696.780439853668213,0.00227,0.00012,0.00013,0.00338,0.00009,0.00110,0.00709
1598871696.813901424407959,0.00179,0.00006,0.00003,0.00331,0.00008,0.00084,0.00611
1598871696.846957683563232,0.00204,0.00006,0.00072,0.00333,0.00000,0.00084,0.00699
1598871696.880938291549683,0.00198,0.00006,0.00445,0.00318,0.00008,0.00082,0.01057
1598871696.914237260818481,0.00195,0.00006,0.00268,0.00313,0.00000,0.00085,0.00867
1598871696.948519706726074,0.00200,0.00006,0.00003,0.00317,0.00008,0.00084,0.00618
1598871696.986401081085205,0.00223,0.00006,0.00003,0.00332,0.00008,0.00086,0.00658
1598871697.019302606582642,0.00179,0.00006,0.00001,0.00339,0.00000,0.00084,0.00608
1598871697.085343360900879,0.00205,0.00008,0.00001,0.00323,0.00000,0.00083,0.00620
1598871697.119068384170532,0.00175,0.00006,0.00019,0.00324,0.00009,0.00088,0.00620
1598871697.151639223098755,0.00179,0.00006,0.00003,0.00321,0.00009,0.00087,0.00606
1598871697.217215776443481,0.00198,0.00007,0.00001,0.00320,0.00000,0.00087,0.00614
1598871697.252176284790039,0.00212,0.00012,0.00009,0.00327,0.00011,0.00099,0.00669
1598871697.287162303924561,0.00213,0.00010,0.00008,0.00322,0.00009,0.00095,0.00657
1598871697.354044437408447,0.00227,0.00012,0.00104,0.00318,0.00002,0.00085,0.00748
1598871697.417701959609985,0.00204,0.00013,0.00525,0.00314,0.00010,0.00095,0.01161
1598871697.453477859497070,0.00202,0.00007,0.00272,0.00311,0.00010,0.00077,0.00878
1598871697.489121675491333,0.00200,0.00007,0.00001,0.00338,0.00000,0.00078,0.00624
1598871697.554365634918213,0.00233,0.00009,0.00003,0.00318,0.00008,0.00080,0.00651
1598871697.586910963058472,0.00207,0.00006,0.00001,0.00322,0.00000,0.00077,0.00613
1598871697.653589963912964,0.00209,0.00012,0.00008,0.00328,0.00009,0.00105,0.00671
1598871697.688833475112915,0.00198,0.00006,0.00019,0.00332,0.00009,0.00080,0.00643
1598871697.722418308258057,0.00196,0.00007,0.00001,0.00334,0.00002,0.00085,0.00624
1598871697.755467414855957,0.00206,0.00011,0.00001,0.00343,0.00000,0.00108,0.00670
1598871697.821338415145874,0.00214,0.00013,0.00008,0.00324,0.00009,0.00105,0.00674
1598871697.855224370956421,0.00184,0.00011,0.00001,0.00299,0.00000,0.00104,0.00599
1598871697.888830661773682,0.00212,0.00010,0.00080,0.00307,0.00009,0.00102,0.00721
1598871697.921763420104980,0.00201,0.00006,0.00422,0.00294,0.00015,0.00084,0.01023
1598871697.957251787185669,0.00223,0.00008,0.00281,0.00314,0.00003,0.00107,0.00936
1598871698.022647380828857,0.00255,0.00012,0.00003,0.00318,0.00009,0.00082,0.00679
1598871698.056680440902710,0.00162,0.00006,0.00003,0.00328,0.00008,0.00079,0.00586
1598871698.089202880859375,0.00224,0.00009,0.00001,0.00338,0.00000,0.00131,0.00703
1598871698.123034000396729,0.00207,0.00010,0.00001,0.00324,0.00000,0.00102,0.00644
1598871698.156700372695923,0.00191,0.00009,0.00027,0.00329,0.00010,0.00081,0.00647
1598871698.190959930419922,0.00183,0.00007,0.00003,0.00325,0.00009,0.00147,0.00674
1598871698.223657369613647,0.00219,0.00009,0.00001,0.00344,0.00000,0.00079,0.00651
1598871698.258111953735352,0.00218,0.00006,0.00003,0.00334,0.00010,0.00078,0.00650
1598871698.291577577590942,0.00207,0.00010,0.00001,0.00364,0.00000,0.00105,0.00687
1598871698.327259540557861,0.00193,0.00007,0.00068,0.00322,0.00002,0.00087,0.00678
1598871698.362034082412720,0.00207,0.00007,0.00439,0.00303,0.00015,0.00087,0.01057
1598871698.395021438598633,0.00239,0.00009,0.00276,0.00326,0.00002,0.00109,0.00961
1598871698.460465192794800,0.00238,0.00012,0.00001,0.00325,0.00000,0.00096,0.00672
1598871698.526512622833252,0.00193,0.00008,0.00003,0.00322,0.00009,0.00137,0.00672
1598871698.559953927993774,0.00221,0.00009,0.00003,0.00329,0.00009,0.00082,0.00653
1598871698.593167781829834,0.00195,0.00007,0.00001,0.00336,0.00000,0.00097,0.00636
1598871698.626593351364136,0.00199,0.00006,0.00035,0.00314,0.00009,0.00079,0.00641
1598871698.661147832870483,0.00162,0.00006,0.00001,0.00353,0.00002,0.00079,0.00604
1598871698.694499015808105,0.00191,0.00006,0.00003,0.00315,0.00008,0.00073,0.00596
1598871698.728444576263428,0.00208,0.00010,0.00008,0.00341,0.00009,0.00106,0.00683
1598871698.761647462844849,0.00200,0.00006,0.00001,0.00326,0.00000,0.00086,0.00620
1598871698.795441150665283,0.00202,0.00006,0.00135,0.00301,0.00002,0.00086,0.00732
1598871698.828805923461914,0.00211,0.00009,0.00434,0.00304,0.00015,0.00102,0.01075
1598871698.864290714263916,0.00220,0.00010,0.00310,0.00318,0.00003,0.00111,0.00972
1598871698.929594755172729,0.00200,0.00010,0.00037,0.00344,0.00001,0.00087,0.00679
1598871698.963864564895630,0.00209,0.00011,0.00079,0.00304,0.00135,0.00099,0.00838
1598871698.996510744094849,0.00207,0.00011,0.00008,0.00351,0.00009,0.00102,0.00688
1598871699.029958486557007,0.00215,0.00011,0.00001,0.00362,0.00000,0.00103,0.00692
1598871699.068764686584473,0.00200,0.00006,0.00072,0.00342,0.00008,0.00078,0.00706
1598871699.131085872650146,0.00240,0.00013,0.00003,0.00350,0.00000,0.00108,0.00714
1598871699.165017366409302,0.00196,0.00006,0.00025,0.00342,0.00008,0.00085,0.00663
1598871699.198368549346924,0.00203,0.00010,0.00047,0.00344,0.00008,0.00080,0.00692
1598871699.232039690017700,0.00206,0.00006,0.00001,0.00334,0.00000,0.00072,0.00620
1598871699.266538858413696,0.00220,0.00012,0.00149,0.00321,0.00000,0.00102,0.00804
1598871699.299712419509888,0.00180,0.00012,0.00422,0.00313,0.00015,0.00098,0.01040
1598871699.334803104400635,0.00233,0.00015,0.00277,0.00347,0.00009,0.00075,0.00954
1598871699.403688192367554,0.00281,0.00012,0.00112,0.00331,0.00000,0.00090,0.00826
1598871699.467583656311035,0.00251,0.00011,0.00076,0.00319,0.00009,0.00088,0.00754
1598871699.501448392868042,0.00181,0.00007,0.00015,0.00333,0.00008,0.00087,0.00630
1598871699.534824848175049,0.00201,0.00006,0.00195,0.00348,0.00000,0.00086,0.00836
1598871699.567906379699707,0.00210,0.00012,0.00075,0.00339,0.00009,0.00097,0.00741
1598871699.601598739624023,0.00210,0.00010,0.00039,0.00336,0.00001,0.00090,0.00686
1598871699.635219812393188,0.00198,0.00011,0.00001,0.00330,0.00000,0.00105,0.00645
1598871699.703152894973755,0.00235,0.00013,0.00008,0.00327,0.00043,0.00104,0.00730
1598871699.737728834152222,0.00230,0.00008,0.00070,0.00332,0.00000,0.00107,0.00747
1598871699.803535461425781,0.00216,0.00010,0.00172,0.00303,0.00009,0.00099,0.00808
1598871699.837404012680054,0.00204,0.00006,0.00363,0.00302,0.00015,0.00082,0.00972
1598871699.870994091033936,0.00205,0.00006,0.00233,0.00301,0.00008,0.00083,0.00836
1598871699.907514572143555,0.00189,0.00006,0.00040,0.00331,0.00067,0.00085,0.00718
1598871699.970685958862305,0.00199,0.00008,0.00069,0.00318,0.00008,0.00084,0.00686
1598871700.005117654800415,0.00215,0.00006,0.00001,0.00334,0.00000,0.00086,0.00642
1598871700.038674116134644,0.00222,0.00006,0.00205,0.00314,0.00008,0.00083,0.00837
1598871700.072086811065674,0.00193,0.00006,0.00057,0.00388,0.00018,0.00110,0.00773
1598871700.106001377105713,0.00243,0.00011,0.00077,0.00328,0.00001,0.00103,0.00762
1598871700.139375925064087,0.00209,0.00009,0.00058,0.00320,0.00000,0.00084,0.00679
1598871700.172654390335083,0.00214,0.00006,0.00167,0.00339,0.00090,0.00106,0.00922
1598871700.206592321395874,0.00243,0.00008,0.00011,0.00328,0.00020,0.00098,0.00707
1598871700.240296602249146,0.00217,0.00008,0.00178,0.00337,0.00000,0.00144,0.00884
1598871700.273398160934448,0.00217,0.00013,0.00330,0.00335,0.00009,0.00081,0.00986
1598871700.313778638839722,0.00206,0.00011,0.00200,0.00327,0.00000,0.00105,0.00848
1598871700.373914241790771,0.00204,0.00013,0.00004,0.00343,0.00000,0.00103,0.00667
1598871700.408127307891846,0.00234,0.00010,0.00230,0.00317,0.00015,0.00088,0.00895
1598871700.441070079803467,0.00265,0.00009,0.00021,0.00322,0.00009,0.00079,0.00705
1598871700.474723100662231,0.00163,0.00006,0.00194,0.00334,0.00000,0.00079,0.00776
1598871700.508660554885864,0.00231,0.00011,0.00029,0.00341,0.00009,0.00104,0.00726
1598871700.542805671691895,0.00229,0.00010,0.00153,0.00322,0.00000,0.00080,0.00794
1598871700.577075481414795,0.00158,0.00006,0.00017,0.00325,0.00000,0.00079,0.00586
1598871700.610537052154541,0.00168,0.00007,0.00166,0.00300,0.00015,0.00073,0.00729
1598871700.644054174423218,0.00160,0.00007,0.00001,0.00336,0.00000,0.00076,0.00581
1598871700.677156448364258,0.00206,0.00006,0.00136,0.00319,0.00008,0.00075,0.00751
1598871700.713698625564575,0.00204,0.00012,0.00391,0.00334,0.00014,0.00081,0.01036
1598871700.780471563339233,0.00253,0.00013,0.00170,0.00336,0.00000,0.00105,0.00877
1598871700.815320014953613,0.00215,0.00012,0.00065,0.00346,0.00000,0.00098,0.00737
1598871700.879281520843506,0.00236,0.00011,0.00272,0.00322,0.00009,0.00090,0.00941
1598871700.911960124969482,0.00208,0.00007,0.00001,0.00327,0.00000,0.00083,0.00625
1598871700.949016809463501,0.00238,0.00012,0.00206,0.00310,0.00009,0.00097,0.00872
1598871700.981301069259644,0.00206,0.00011,0.00032,0.00377,0.00008,0.00101,0.00736
1598871701.014420270919800,0.00204,0.00006,0.00067,0.00362,0.00067,0.00086,0.00792
1598871701.046951770782471,0.00216,0.00009,0.00004,0.00354,0.00000,0.00107,0.00692
1598871701.080525875091553,0.00228,0.00012,0.00154,0.00330,0.00008,0.00074,0.00807
1598871701.113749504089355,0.00173,0.00007,0.00001,0.00341,0.00000,0.00081,0.00603
1598871701.147359609603882,0.00239,0.00010,0.00065,0.00332,0.00000,0.00088,0.00734
1598871701.181217193603516,0.00215,0.00012,0.00339,0.00301,0.00009,0.00098,0.00974
1598871701.215946912765503,0.00205,0.00006,0.00126,0.00303,0.00066,0.00077,0.00783
1598871701.248400449752808,0.00253,0.00010,0.00020,0.00322,0.00015,0.00078,0.00697
1598871701.282632350921631,0.00193,0.00007,0.00230,0.00331,0.00008,0.00080,0.00848
1598871701.319104671478271,0.00249,0.00012,0.00207,0.00323,0.00000,0.00107,0.00898
1598871701.384175777435303,0.00201,0.00014,0.00180,0.00406,0.00000,0.00102,0.00903
1598871701.419258117675781,0.00247,0.00010,0.00061,0.00322,0.00009,0.00137,0.00786
1598871701.487412452697754,0.00255,0.00011,0.00067,0.00288,0.00067,0.00085,0.00774
1598871701.550199508666992,0.00214,0.00007,0.00093,0.00288,0.00009,0.00085,0.00697
1598871701.585189819335938,0.00210,0.00006,0.00004,0.00280,0.00046,0.00085,0.00631
1598871701.618248462677002,0.00191,0.00006,0.00005,0.00342,0.00008,0.00086,0.00637
1598871701.651879787445068,0.00205,0.00006,0.00059,0.00298,0.00073,0.00080,0.00722
1598871701.685458660125732,0.00228,0.00010,0.00196,0.00363,0.00011,0.00084,0.00892
1598871701.718778848648071,0.00206,0.00009,0.00026,0.00346,0.00034,0.00080,0.00701
1598871701.756088256835938,0.00206,0.00006,0.00199,0.00340,0.00000,0.00083,0.00834
1598871701.819339275360107,0.00222,0.00013,0.00255,0.00376,0.00009,0.00095,0.00970
1598871701.854539394378662,0.00232,0.00010,0.00195,0.00333,0.00009,0.00076,0.00855
1598871701.888318538665771,0.00161,0.00006,0.00162,0.00310,0.00000,0.00071,0.00710
1598871701.954745054244995,0.00244,0.00012,0.00088,0.00308,0.00009,0.00085,0.00746
1598871702.022354841232300,0.00207,0.00015,0.00085,0.00309,0.00015,0.00096,0.00728
1598871702.054700613021851,0.00232,0.00008,0.00047,0.00347,0.00009,0.00102,0.00745
1598871702.087652921676636,0.00202,0.00006,0.00020,0.00351,0.00008,0.00082,0.00669
1598871702.121381521224976,0.00188,0.00007,0.00033,0.00418,0.00000,0.00106,0.00752
1598871702.155107021331787,0.00213,0.00007,0.00036,0.00319,0.00000,0.00080,0.00656
1598871702.187874555587769,0.00244,0.00010,0.00215,0.00304,0.00028,0.00076,0.00877
1598871702.221255064010620,0.00211,0.00008,0.00037,0.00372,0.00016,0.00088,0.00733
1598871702.256324529647827,0.00216,0.00009,0.00209,0.00290,0.00099,0.00080,0.00903
1598871702.288649559020996,0.00243,0.00013,0.00264,0.00312,0.00027,0.00075,0.00934
1598871702.327690601348877,0.00236,0.00008,0.00211,0.00331,0.00008,0.00100,0.00895
1598871702.389836311340332,0.00202,0.00008,0.00134,0.00386,0.00000,0.00108,0.00838
1598871702.423843383789062,0.00231,0.00010,0.00193,0.00368,0.00018,0.00085,0.00905
1598871702.456737995147705,0.00224,0.00011,0.00076,0.00311,0.00008,0.00104,0.00733
1598871702.490054845809937,0.00197,0.00009,0.00094,0.00313,0.00000,0.00083,0.00696
1598871702.523616552352905,0.00236,0.00011,0.00010,0.00309,0.00017,0.00096,0.00680
1598871702.557525396347046,0.00221,0.00008,0.00144,0.00309,0.00014,0.00100,0.00796
1598871702.591251850128174,0.00191,0.00007,0.00249,0.00342,0.00015,0.00099,0.00903
1598871702.624943971633911,0.00211,0.00007,0.00216,0.00310,0.00008,0.00075,0.00827
1598871702.659329652786255,0.00187,0.00006,0.00063,0.00298,0.00024,0.00071,0.00648
1598871702.692307472229004,0.00245,0.00009,0.00054,0.00394,0.00000,0.00082,0.00784
1598871702.725770235061646,0.00232,0.00010,0.00160,0.00332,0.00093,0.00101,0.00930
1598871702.759620904922485,0.00206,0.00009,0.00193,0.00298,0.00074,0.00094,0.00874
1598871702.792837381362915,0.00210,0.00006,0.00171,0.00297,0.00001,0.00073,0.00759
1598871702.826477050781250,0.00239,0.00010,0.00168,0.00330,0.00084,0.00079,0.00911
1598871702.860914230346680,0.00204,0.00007,0.00004,0.00351,0.00010,0.00076,0.00652
1598871702.893343448638916,0.00199,0.00011,0.00027,0.00316,0.00075,0.00103,0.00731
1598871702.928095340728760,0.00184,0.00012,0.00127,0.00301,0.00008,0.00096,0.00729
1598871702.995121240615845,0.00231,0.00013,0.00010,0.00317,0.00042,0.00101,0.00714
1598871703.027847766876221,0.00184,0.00006,0.00212,0.00308,0.00008,0.00086,0.00804
1598871703.064612388610840,0.00206,0.00012,0.00208,0.00309,0.00008,0.00098,0.00841
1598871703.128960847854614,0.00174,0.00010,0.00077,0.00308,0.00008,0.00076,0.00653
1598871703.163307189941406,0.00222,0.00010,0.00023,0.00316,0.00009,0.00085,0.00665
1598871703.199503183364868,0.00205,0.00007,0.00134,0.00318,0.00009,0.00077,0.00749
1598871703.264623641967773,0.00216,0.00014,0.00234,0.00352,0.00009,0.00097,0.00921
1598871703.297262907028198,0.00204,0.00011,0.00227,0.00333,0.00000,0.00099,0.00876
1598871703.330793380737305,0.00190,0.00011,0.00203,0.00294,0.00008,0.00094,0.00800
1598871703.366324186325073,0.00215,0.00011,0.00062,0.00342,0.00009,0.00100,0.00739
1598871703.399019479751587,0.00205,0.00006,0.00005,0.00338,0.00015,0.00078,0.00648
1598871703.431614398956299,0.00217,0.00012,0.00116,0.00307,0.00008,0.00093,0.00752
1598871703.465507030487061,0.00206,0.00007,0.00006,0.00322,0.00008,0.00073,0.00624
1598871703.498521089553833,0.00216,0.00011,0.00231,0.00308,0.00069,0.00104,0.00938
1598871703.532131195068359,0.00219,0.00009,0.00213,0.00297,0.00008,0.00098,0.00844
1598871703.566600799560547,0.00215,0.00007,0.00039,0.00301,0.00018,0.00075,0.00655
1598871703.632220745086670,0.00236,0.00014,0.00044,0.00325,0.00008,0.00111,0.00739
1598871703.666366577148438,0.00196,0.00006,0.00038,0.00315,0.00073,0.00082,0.00710
1598871703.699056863784790,0.00209,0.00010,0.00188,0.00312,0.00008,0.00102,0.00828
1598871703.732100248336792,0.00232,0.00011,0.00212,0.00329,0.00072,0.00101,0.00956
1598871703.765690088272095,0.00226,0.00008,0.00186,0.00323,0.00008,0.00150,0.00900
1598871703.799394369125366,0.00188,0.00010,0.00206,0.00320,0.00008,0.00077,0.00810
1598871703.832604408264160,0.00216,0.00011,0.00008,0.00347,0.00009,0.00104,0.00696
1598871703.865629196166992,0.00197,0.00006,0.00104,0.00324,0.00007,0.00084,0.00722
1598871703.899671077728271,0.00217,0.00008,0.00080,0.00323,0.00072,0.00084,0.00784
1598871703.932904005050659,0.00219,0.00009,0.00250,0.00331,0.00000,0.00102,0.00911
1598871703.966324329376221,0.00216,0.00009,0.00195,0.00310,0.00008,0.00086,0.00823
1598871704.000288963317871,0.00208,0.00011,0.00161,0.00348,0.00027,0.00079,0.00834
1598871704.065855264663696,0.00214,0.00013,0.00077,0.00322,0.00008,0.00106,0.00740
1598871704.099474430084229,0.00189,0.00006,0.00004,0.00338,0.00008,0.00086,0.00631
1598871704.132467031478882,0.00220,0.00006,0.00168,0.00320,0.00014,0.00083,0.00813
1598871704.166426897048950,0.00197,0.00009,0.00287,0.00380,0.00000,0.00109,0.00983
1598871704.199618339538574,0.00228,0.00009,0.00185,0.00324,0.00008,0.00102,0.00856
1598871704.232470750808716,0.00207,0.00011,0.00246,0.00311,0.00008,0.00096,0.00881
1598871704.265797853469849,0.00181,0.00007,0.00003,0.00316,0.00008,0.00073,0.00588
1598871704.305576324462891,0.00228,0.00011,0.00175,0.00326,0.00041,0.00109,0.00890
1598871704.370653390884399,0.00193,0.00011,0.00080,0.00389,0.00008,0.00101,0.00783
1598871704.432488918304443,0.00191,0.00011,0.00192,0.00326,0.00000,0.00081,0.00801
1598871704.466362476348877,0.00248,0.00012,0.00208,0.00324,0.00009,0.00106,0.00907
1598871704.499776601791382,0.00195,0.00006,0.00148,0.00322,0.00014,0.00083,0.00768
1598871704.532688140869141,0.00203,0.00009,0.00001,0.00342,0.00000,0.00110,0.00666
1598871704.566745042800903,0.00217,0.00008,0.00035,0.00360,0.00017,0.00081,0.00718
1598871704.599544763565063,0.00236,0.00010,0.00201,0.00321,0.00014,0.00086,0.00868
1598871704.632479906082153,0.00211,0.00008,0.00253,0.00302,0.00066,0.00079,0.00919
1598871704.665962219238281,0.00217,0.00008,0.00173,0.00357,0.00008,0.00105,0.00868
1598871704.699503898620605,0.00208,0.00011,0.00243,0.00295,0.00080,0.00102,0.00939
1598871704.733173131942749,0.00181,0.00007,0.00001,0.00335,0.00000,0.00078,0.00602
1598871704.766830921173096,0.00222,0.00011,0.00160,0.00361,0.00058,0.00077,0.00890
1598871704.806540966033936,0.00164,0.00010,0.00004,0.00381,0.00009,0.00081,0.00649
1598871704.868339776992798,0.00245,0.00015,0.00228,0.00353,0.00000,0.00089,0.00929
1598871704.901815176010132,0.00193,0.00011,0.00231,0.00325,0.00009,0.00080,0.00849
1598871704.934764385223389,0.00226,0.00012,0.00166,0.00326,0.00008,0.00111,0.00850
1598871704.969592094421387,0.00192,0.00007,0.00003,0.00336,0.00008,0.00084,0.00629
1598871705.002548933029175,0.00192,0.00011,0.00170,0.00336,0.00008,0.00095,0.00813
1598871705.036053895950317,0.00212,0.00011,0.00162,0.00343,0.00008,0.00103,0.00840
1598871705.069968223571777,0.00193,0.00007,0.00247,0.00385,0.00000,0.00081,0.00913
1598871705.103593349456787,0.00204,0.00006,0.00150,0.00336,0.00008,0.00083,0.00787
1598871705.136601686477661,0.00188,0.00007,0.00212,0.00337,0.00008,0.00083,0.00835
1598871705.170764446258545,0.00197,0.00010,0.00001,0.00347,0.00000,0.00080,0.00636
1598871705.204176425933838,0.00221,0.00012,0.00164,0.00339,0.00010,0.00100,0.00846
1598871705.241334199905396,0.00209,0.00006,0.00003,0.00344,0.00008,0.00084,0.00654
1598871705.304964780807495,0.00221,0.00007,0.00181,0.00338,0.00000,0.00083,0.00831
1598871705.339193582534790,0.00215,0.00012,0.00197,0.00341,0.00009,0.00098,0.00871
1598871705.372531890869141,0.00220,0.00007,0.00112,0.00338,0.00008,0.00084,0.00768
1598871705.405723810195923,0.00226,0.00011,0.00002,0.00356,0.00000,0.00111,0.00706
1598871705.438717126846313,0.00223,0.00007,0.00171,0.00383,0.00016,0.00105,0.00904
1598871705.472408533096313,0.00196,0.00006,0.00154,0.00338,0.00008,0.00078,0.00781
1598871705.506997823715210,0.00228,0.00011,0.00258,0.00362,0.00000,0.00088,0.00947
1598871705.539995193481445,0.00300,0.00010,0.00176,0.00315,0.00008,0.00134,0.00944
1598871705.573580026626587,0.00208,0.00009,0.00185,0.00329,0.00009,0.00089,0.00830
1598871705.607090473175049,0.00216,0.00010,0.00005,0.00322,0.00010,0.00081,0.00644
1598871705.640813589096069,0.00255,0.00012,0.00166,0.00310,0.00019,0.00087,0.00849
1598871705.675125837326050,0.00179,0.00007,0.00006,0.00323,0.00021,0.00083,0.00619
1598871705.707517862319946,0.00212,0.00012,0.00190,0.00360,0.00000,0.00089,0.00864
1598871705.742415428161621,0.00204,0.00010,0.00292,0.00337,0.00009,0.00087,0.00940
1598871705.776400089263916,0.00230,0.00012,0.00095,0.00350,0.00015,0.00110,0.00811
1598871705.812944650650024,0.00193,0.00011,0.00001,0.00359,0.00000,0.00103,0.00668
1598871705.875947237014771,0.00223,0.00012,0.00155,0.00336,0.00009,0.00086,0.00821
1598871705.909579992294312,0.00183,0.00007,0.00151,0.00340,0.00008,0.00085,0.00774
1598871705.943800687789917,0.00235,0.00009,0.00245,0.00325,0.00000,0.00080,0.00894
1598871705.976481437683105,0.00217,0.00011,0.00087,0.00349,0.00015,0.00103,0.00783
1598871706.017015933990479,0.00188,0.00012,0.00169,0.00326,0.00009,0.00096,0.00801
1598871706.077161788940430,0.00212,0.00008,0.00001,0.00336,0.00000,0.00074,0.00631
1598871706.111138582229614,0.00166,0.00008,0.00072,0.00320,0.00015,0.00082,0.00664
1598871706.144843339920044,0.00226,0.00008,0.00013,0.00345,0.00015,0.00112,0.00718
1598871706.182003498077393,0.00189,0.00012,0.00187,0.00337,0.00000,0.00105,0.00830
1598871706.248506784439087,0.00229,0.00013,0.00304,0.00335,0.00008,0.00091,0.00980
1598871706.313182115554810,0.00182,0.00008,0.00113,0.00339,0.00008,0.00079,0.00728
1598871706.347367525100708,0.00201,0.00006,0.00001,0.00360,0.00000,0.00072,0.00640
1598871706.380392551422119,0.00145,0.00007,0.00148,0.00321,0.00008,0.00078,0.00707
1598871706.413603782653809,0.00220,0.00010,0.00162,0.00327,0.00008,0.00106,0.00834
1598871706.447925567626953,0.00192,0.00011,0.00258,0.00328,0.00001,0.00105,0.00896
1598871706.480718374252319,0.00164,0.00007,0.00102,0.00320,0.00009,0.00075,0.00678
1598871706.514473915100098,0.00221,0.00010,0.00085,0.00334,0.00073,0.00107,0.00831
1598871706.548751592636108,0.00200,0.00008,0.00001,0.00386,0.00000,0.00107,0.00703
1598871706.581637620925903,0.00217,0.00009,0.00079,0.00347,0.00008,0.00107,0.00766
1598871706.615180492401123,0.00178,0.00006,0.00001,0.00370,0.00000,0.00088,0.00643
1598871706.649168968200684,0.00194,0.00012,0.00211,0.00357,0.00009,0.00107,0.00891
1598871706.683079004287720,0.00220,0.00011,0.00289,0.00324,0.00008,0.00105,0.00957
1598871706.749123811721802,0.00206,0.00014,0.00095,0.00333,0.00008,0.00098,0.00754
1598871706.784986495971680,0.00179,0.00006,0.00003,0.00346,0.00008,0.00075,0.00618
1598871706.850808858871460,0.00160,0.00008,0.00145,0.00341,0.00008,0.00091,0.00754
1598871706.883260011672974,0.00223,0.00011,0.00154,0.00345,0.00000,0.00104,0.00837
1598871706.917060613632202,0.00207,0.00006,0.00263,0.00342,0.00008,0.00086,0.00912
1598871706.952548742294312,0.00201,0.00007,0.00104,0.00346,0.00008,0.00085,0.00751
1598871707.018760442733765,0.00198,0.00008,0.00103,0.00353,0.00000,0.00087,0.00750
1598871707.053631067276001,0.00221,0.00006,0.00003,0.00350,0.00008,0.00085,0.00672
1598871707.119989633560181,0.00191,0.00008,0.00071,0.00340,0.00007,0.00086,0.00703
1598871707.153312206268311,0.00202,0.00010,0.00001,0.00337,0.00000,0.00104,0.00654
1598871707.185717105865479,0.00196,0.00007,0.00198,0.00299,0.00008,0.00079,0.00786
1598871707.219439744949341,0.00153,0.00006,0.00290,0.00310,0.00016,0.00072,0.00847
1598871707.252873182296753,0.00229,0.00009,0.00128,0.00327,0.00009,0.00107,0.00809
1598871707.286872625350952,0.00205,0.00006,0.00003,0.00333,0.00008,0.00087,0.00642
1598871707.321041822433472,0.00199,0.00011,0.00078,0.00330,0.00072,0.00099,0.00790
1598871707.353762626647949,0.00192,0.00006,0.00146,0.00341,0.00000,0.00077,0.00763
1598871707.387304067611694,0.00218,0.00010,0.00244,0.00347,0.00008,0.00103,0.00930
1598871707.421452283859253,0.00174,0.00007,0.00073,0.00355,0.00008,0.00085,0.00702
1598871707.454221487045288,0.00179,0.00006,0.00072,0.00348,0.00000,0.00087,0.00691
1598871707.488122940063477,0.00186,0.00006,0.00001,0.00353,0.00000,0.00086,0.00632
1598871707.521845102310181,0.00187,0.00006,0.00074,0.00351,0.00014,0.00083,0.00715
1598871707.555606842041016,0.00177,0.00008,0.00001,0.00360,0.00000,0.00082,0.00629
1598871707.589475631713867,0.00209,0.00012,0.00193,0.00340,0.00000,0.00104,0.00858
1598871707.621913671493530,0.00208,0.00011,0.00279,0.00335,0.00008,0.00105,0.00947
1598871707.656858444213867,0.00191,0.00006,0.00080,0.00343,0.00008,0.00083,0.00711
1598871707.689639806747437,0.00196,0.00012,0.00001,0.00375,0.00000,0.00100,0.00683
1598871707.723791360855103,0.00219,0.00011,0.00078,0.00348,0.00008,0.00103,0.00767
1598871707.757458209991455,0.00195,0.00006,0.00147,0.00341,0.00000,0.00082,0.00771
1598871707.790473937988281,0.00180,0.00006,0.00218,0.00325,0.00008,0.00086,0.00824
1598871707.824408531188965,0.00181,0.00006,0.00073,0.00338,0.00008,0.00087,0.00693
1598871707.858688592910767,0.00191,0.00006,0.00072,0.00323,0.00008,0.00084,0.00685
1598871707.891932487487793,0.00189,0.00007,0.00001,0.00347,0.00000,0.00083,0.00627
1598871707.924372434616089,0.00180,0.00006,0.00069,0.00335,0.00014,0.00083,0.00687
1598871707.958509445190430,0.00192,0.00006,0.00001,0.00347,0.00000,0.00081,0.00626
1598871707.992404937744141,0.00194,0.00007,0.00191,0.00339,0.00000,0.00084,0.00815
1598871708.025076866149902,0.00190,0.00012,0.00292,0.00331,0.00015,0.00099,0.00939
1598871708.058917760848999,0.00181,0.00006,0.00079,0.00336,0.00000,0.00104,0.00707
1598871708.092360496520996,0.00216,0.00011,0.00001,0.00358,0.00000,0.00105,0.00691
1598871708.125665187835693,0.00215,0.00011,0.00080,0.00346,0.00009,0.00099,0.00760
1598871708.165920495986938,0.00183,0.00007,0.00166,0.00309,0.00008,0.00080,0.00752
1598871708.226824998855591,0.00213,0.00013,0.00237,0.00306,0.00015,0.00081,0.00865
1598871708.261345386505127,0.00220,0.00009,0.00088,0.00350,0.00008,0.00108,0.00784
1598871708.294297695159912,0.00188,0.00006,0.00073,0.00330,0.00008,0.00085,0.00690
1598871708.327714681625366,0.00214,0.00011,0.00001,0.00358,0.00000,0.00099,0.00684
1598871708.364304065704346,0.00225,0.00012,0.00080,0.00332,0.00014,0.00098,0.00761
1598871708.428557872772217,0.00208,0.00011,0.00001,0.00358,0.00000,0.00108,0.00686
1598871708.463846206665039,0.00275,0.00009,0.00193,0.00348,0.00009,0.00085,0.00920
1598871708.529645442962646,0.00206,0.00009,0.00304,0.00332,0.00008,0.00087,0.00946
1598871708.564202070236206,0.00251,0.00012,0.00086,0.00351,0.00000,0.00114,0.00815
1598871708.596636295318604,0.00229,0.00011,0.00009,0.00353,0.00008,0.00103,0.00713
1598871708.635229587554932,0.00236,0.00012,0.00075,0.00343,0.00009,0.00110,0.00784
1598871708.697911500930786,0.00222,0.00008,0.00149,0.00341,0.00000,0.00095,0.00815
1598871708.731911897659302,0.00222,0.00006,0.00243,0.00335,0.00008,0.00095,0.00909
1598871708.766243696212769,0.00236,0.00011,0.00093,0.00358,0.00009,0.00104,0.00810
1598871708.832290172576904,0.00255,0.00012,0.00106,0.00326,0.00000,0.00096,0.00795
1598871708.865618467330933,0.00244,0.00011,0.00001,0.00338,0.00000,0.00111,0.00705
1598871708.901363849639893,0.00197,0.00012,0.00081,0.00295,0.00021,0.00108,0.00714
1598871708.934873580932617,0.00246,0.00011,0.00603,0.00326,0.00000,0.00105,0.01291
1598871708.968445777893066,0.00221,0.00012,0.00205,0.00305,0.00014,0.00106,0.00863
1598871709.002483606338501,0.00221,0.00009,0.00296,0.00327,0.00008,0.00088,0.00950
1598871709.067292451858521,0.00207,0.00011,0.00084,0.00328,0.00008,0.00086,0.00726
1598871709.100088834762573,0.00238,0.00012,0.00001,0.00372,0.00000,0.00112,0.00735
1598871709.134056091308594,0.00211,0.00007,0.00069,0.00337,0.00009,0.00096,0.00728
1598871709.168369770050049,0.00206,0.00011,0.00174,0.00338,0.00000,0.00111,0.00840
1598871709.201689004898071,0.00221,0.00011,0.00221,0.00329,0.00008,0.00080,0.00871
1598871709.235165834426880,0.00213,0.00007,0.00082,0.00349,0.00009,0.00085,0.00744
1598871709.268338441848755,0.00190,0.00007,0.00071,0.00352,0.00000,0.00081,0.00701
1598871709.303038835525513,0.00232,0.00011,0.00001,0.00356,0.00000,0.00113,0.00713
1598871709.336232900619507,0.00216,0.00006,0.00067,0.00333,0.00008,0.00091,0.00721
1598871709.374668121337891,0.00219,0.00011,0.00581,0.00330,0.00009,0.00098,0.01249
1598871709.438660860061646,0.00183,0.00008,0.00174,0.00345,0.00000,0.00087,0.00798
1598871709.472310066223145,0.00241,0.00008,0.00269,0.00369,0.00015,0.00085,0.00988
1598871709.538378238677979,0.00200,0.00011,0.00082,0.00342,0.00000,0.00085,0.00721
1598871709.571678638458252,0.00219,0.00010,0.00004,0.00341,0.00010,0.00089,0.00672
1598871709.604902744293213,0.00245,0.00013,0.00081,0.00373,0.00010,0.00113,0.00835
1598871709.638993978500366,0.00199,0.00011,0.00155,0.00348,0.00000,0.00107,0.00821
1598871709.672044515609741,0.00216,0.00006,0.00218,0.00345,0.00000,0.00079,0.00864
1598871709.711267471313477,0.00222,0.00011,0.00087,0.00340,0.00008,0.00118,0.00786
1598871709.772625446319580,0.00210,0.00008,0.00072,0.00360,0.00000,0.00091,0.00741
1598871709.807208299636841,0.00189,0.00006,0.00038,0.00340,0.00001,0.00136,0.00709
1598871709.840342521667480,0.00224,0.00008,0.00004,0.00326,0.00073,0.00100,0.00736
1598871709.874883651733398,0.00215,0.00006,0.00561,0.00333,0.00000,0.00085,0.01202
1598871709.907309770584106,0.00214,0.00012,0.00172,0.00338,0.00000,0.00108,0.00843
1598871709.941768884658813,0.00253,0.00010,0.00263,0.00346,0.00015,0.00095,0.00983
1598871709.979133367538452,0.00197,0.00007,0.00081,0.00356,0.00000,0.00088,0.00728
1598871710.012412071228027,0.00224,0.00011,0.00001,0.00365,0.00000,0.00110,0.00712
1598871710.075900793075562,0.00250,0.00011,0.00074,0.00355,0.00018,0.00093,0.00801
1598871710.108656883239746,0.00186,0.00006,0.00150,0.00343,0.00008,0.00090,0.00783
1598871710.142523765563965,0.00198,0.00006,0.00215,0.00327,0.00000,0.00087,0.00834
1598871710.175982475280762,0.00205,0.00006,0.00006,0.00326,0.00002,0.00090,0.00635
1598871710.209553003311157,0.00220,0.00011,0.00042,0.00320,0.00095,0.00112,0.00801
1598871710.243171453475952,0.00251,0.00011,0.00013,0.00348,0.00000,0.00112,0.00735
1598871710.276137351989746,0.00202,0.00011,0.00001,0.00355,0.00000,0.00105,0.00675
1598871710.310123443603516,0.00231,0.00011,0.00670,0.00321,0.00073,0.00106,0.01412
1598871710.344357013702393,0.00229,0.00009,0.00112,0.00335,0.00008,0.00084,0.00778
1598871710.376961231231689,0.00214,0.00010,0.00257,0.00349,0.00000,0.00085,0.00916
1598871710.411550760269165,0.00243,0.00012,0.00093,0.00381,0.00010,0.00114,0.00853
1598871710.444591522216797,0.00195,0.00011,0.00001,0.00369,0.00000,0.00108,0.00684
1598871710.480276584625244,0.00182,0.00007,0.00066,0.00335,0.00000,0.00078,0.00667
1598871710.512632369995117,0.00237,0.00011,0.00162,0.00355,0.00008,0.00110,0.00884
1598871710.545341014862061,0.00211,0.00011,0.00217,0.00349,0.00000,0.00107,0.00896
1598871710.579140424728394,0.00170,0.00007,0.00015,0.00339,0.00000,0.00082,0.00613
1598871710.612137556076050,0.00233,0.00010,0.00017,0.00368,0.00014,0.00115,0.00757
1598871710.647117614746094,0.00198,0.00008,0.00005,0.00360,0.00000,0.00113,0.00685
1598871710.679807424545288,0.00247,0.00008,0.00001,0.00358,0.00000,0.00111,0.00725
1598871710.713119983673096,0.00209,0.00006,0.00475,0.00330,0.00008,0.00087,0.01115
1598871710.747007131576538,0.00217,0.00012,0.00118,0.00324,0.00009,0.00105,0.00785
1598871710.780349016189575,0.00232,0.00011,0.00265,0.00331,0.00009,0.00093,0.00940
1598871710.813318490982056,0.00252,0.00012,0.00092,0.00351,0.00009,0.00108,0.00823
1598871710.845918416976929,0.00200,0.00010,0.00001,0.00355,0.00000,0.00084,0.00650
1598871710.879233360290527,0.00260,0.00012,0.00073,0.00358,0.00000,0.00110,0.00812
1598871710.913674354553223,0.00200,0.00007,0.00150,0.00342,0.00009,0.00089,0.00797
1598871710.947625160217285,0.00215,0.00010,0.00218,0.00347,0.00000,0.00085,0.00876
1598871710.980707406997681,0.00205,0.00009,0.00019,0.00351,0.00000,0.00113,0.00698
1598871711.013943195343018,0.00202,0.00009,0.00012,0.00347,0.00008,0.00084,0.00663
1598871711.046512842178345,0.00196,0.00006,0.00005,0.00349,0.00000,0.00077,0.00634
1598871711.080511093139648,0.00234,0.00011,0.00001,0.00369,0.00000,0.00143,0.00759
1598871711.112868070602417,0.00190,0.00009,0.00473,0.00351,0.00009,0.00084,0.01116
1598871711.147890806198120,0.00228,0.00009,0.00082,0.00343,0.00000,0.00086,0.00748
1598871711.180881023406982,0.00226,0.00013,0.00286,0.00345,0.00000,0.00089,0.00958
1598871711.214341878890991,0.00201,0.00010,0.00084,0.00333,0.00009,0.00083,0.00722
1598871711.247854709625244,0.00232,0.00011,0.00002,0.00369,0.00000,0.00110,0.00725
1598871711.282106637954712,0.00213,0.00012,0.00003,0.00378,0.00000,0.00105,0.00711
1598871711.314373970031738,0.00167,0.00007,0.00167,0.00337,0.00000,0.00085,0.00763
1598871711.349130630493164,0.00245,0.00012,0.00228,0.00331,0.00009,0.00110,0.00936
1598871711.384918689727783,0.00196,0.00011,0.00018,0.00361,0.00000,0.00106,0.00692
1598871711.448966979980469,0.00238,0.00016,0.00008,0.00347,0.00000,0.00084,0.00693
1598871711.485228061676025,0.00223,0.00010,0.00011,0.00358,0.00000,0.00096,0.00698
1598871711.554832935333252,0.00207,0.00012,0.00003,0.00325,0.00009,0.00085,0.00641
1598871711.618475198745728,0.00227,0.00013,0.00448,0.00314,0.00086,0.00086,0.01173
1598871711.653275728225708,0.00177,0.00007,0.00159,0.00346,0.00000,0.00085,0.00774
1598871711.686478137969971,0.00234,0.00014,0.00285,0.00336,0.00008,0.00091,0.00967
1598871711.754537343978882,0.00228,0.00011,0.00086,0.00346,0.00000,0.00079,0.00750
1598871711.790073156356812,0.00198,0.00007,0.00001,0.00356,0.00000,0.00080,0.00642
1598871711.852882862091064,0.00158,0.00008,0.00037,0.00342,0.00009,0.00084,0.00638
1598871711.891107797622681,0.00184,0.00007,0.00156,0.00341,0.00000,0.00077,0.00764
1598871711.955502510070801,0.00155,0.00008,0.00211,0.00340,0.00000,0.00076,0.00790
1598871712.021837234497070,0.00224,0.00011,0.00027,0.00318,0.00008,0.00087,0.00675
1598871712.054720878601074,0.00225,0.00011,0.00010,0.00373,0.00002,0.00089,0.00711
1598871712.087353706359863,0.00203,0.00010,0.00010,0.00340,0.00002,0.00092,0.00659
1598871712.119840860366821,0.00215,0.00008,0.00001,0.00320,0.00000,0.00123,0.00667
1598871712.154266357421875,0.00193,0.00008,0.00322,0.00303,0.00136,0.00109,0.01071
1598871712.188058853149414,0.00224,0.00007,0.00148,0.00348,0.00000,0.00076,0.00803
1598871712.222481966018677,0.00201,0.00010,0.00267,0.00334,0.00000,0.00084,0.00896
1598871712.255436658859253,0.00224,0.00010,0.00084,0.00342,0.00000,0.00090,0.00749
1598871712.288163185119629,0.00186,0.00006,0.00003,0.00341,0.00009,0.00086,0.00631
1598871712.321953058242798,0.00196,0.00013,0.00005,0.00357,0.00000,0.00106,0.00677
1598871712.355827331542969,0.00198,0.00010,0.00145,0.00334,0.00000,0.00078,0.00765
1598871712.390016555786133,0.00206,0.00011,0.00183,0.00330,0.00009,0.00079,0.00817
1598871712.422812938690186,0.00231,0.00010,0.00018,0.00347,0.00000,0.00088,0.00693
1598871712.457245826721191,0.00220,0.00013,0.00009,0.00359,0.00000,0.00113,0.00713
1598871712.489791154861450,0.00188,0.00007,0.00006,0.00366,0.00008,0.00087,0.00662
1598871712.523735284805298,0.00264,0.00006,0.00001,0.00345,0.00000,0.00094,0.00710
1598871712.557206392288208,0.00227,0.00007,0.00275,0.00339,0.00000,0.00091,0.00938
1598871712.595104694366455,0.00269,0.00012,0.00169,0.00333,0.00009,0.00100,0.00892
1598871712.661261081695557,0.00244,0.00013,0.00253,0.00338,0.00000,0.00109,0.00958
1598871712.693861246109009,0.00226,0.00012,0.00083,0.00346,0.00000,0.00110,0.00778
1598871712.727769613265991,0.00256,0.00014,0.00009,0.00347,0.00009,0.00122,0.00757
1598871712.760827302932739,0.00218,0.00013,0.00042,0.00354,0.00000,0.00113,0.00740
1598871712.794000864028931,0.00231,0.00011,0.00168,0.00355,0.00000,0.00118,0.00883
1598871712.827087879180908,0.00213,0.00006,0.00185,0.00357,0.00009,0.00095,0.00865
1598871712.893606901168823,0.00254,0.00013,0.00021,0.00347,0.00000,0.00108,0.00743
1598871712.926531553268433,0.00214,0.00007,0.00144,0.00328,0.00000,0.00091,0.00783
1598871712.960950851440430,0.00188,0.00006,0.00576,0.00318,0.00015,0.00089,0.01193
1598871712.998789787292480,0.00240,0.00013,0.00001,0.00357,0.00000,0.00114,0.00724
1598871713.061434030532837,0.00242,0.00012,0.00260,0.00339,0.00000,0.00088,0.00941
1598871713.094668865203857,0.00208,0.00006,0.00175,0.00372,0.00018,0.00118,0.00897
1598871713.128155708312988,0.00219,0.00011,0.00301,0.00348,0.00000,0.00111,0.00990
1598871713.164186239242554,0.00211,0.00007,0.00109,0.00343,0.00000,0.00093,0.00763
1598871713.228850364685059,0.00245,0.00013,0.00008,0.00377,0.00009,0.00107,0.00757
1598871713.263016223907471,0.00237,0.00010,0.00001,0.00355,0.00000,0.00113,0.00716
1598871713.296898603439331,0.00200,0.00006,0.00148,0.00342,0.00000,0.00092,0.00788
1598871713.329316616058350,0.00219,0.00009,0.00210,0.00332,0.00008,0.00120,0.00899
1598871713.363778352737427,0.00251,0.00010,0.00016,0.00348,0.00000,0.00114,0.00741
1598871713.396460294723511,0.00196,0.00006,0.00117,0.00384,0.00000,0.00120,0.00823
1598871713.430416345596313,0.00200,0.00007,0.00518,0.00329,0.00008,0.00086,0.01150
1598871713.463884115219116,0.00240,0.00009,0.00001,0.00356,0.00000,0.00103,0.00709
1598871713.497862339019775,0.00198,0.00006,0.00263,0.00387,0.00000,0.00118,0.00973
1598871713.531926393508911,0.00214,0.00008,0.00168,0.00332,0.00008,0.00088,0.00817
1598871713.566016435623169,0.00235,0.00011,0.00303,0.00340,0.00000,0.00090,0.00979
1598871713.599036455154419,0.00230,0.00009,0.00097,0.00381,0.00000,0.00098,0.00815
1598871713.637751102447510,0.00216,0.00008,0.00008,0.00359,0.00009,0.00091,0.00690
1598871713.699976444244385,0.00235,0.00012,0.00001,0.00367,0.00000,0.00119,0.00734
1598871713.732962131500244,0.00209,0.00006,0.00066,0.00321,0.00067,0.00092,0.00761
1598871713.768390655517578,0.00204,0.00010,0.00183,0.00332,0.00008,0.00095,0.00831
1598871713.833630084991455,0.00206,0.00008,0.00051,0.00331,0.00000,0.00090,0.00686
1598871713.867068767547607,0.00230,0.00009,0.00157,0.00318,0.00001,0.00107,0.00823
1598871713.900941371917725,0.00193,0.00006,0.00460,0.00310,0.00135,0.00080,0.01185
1598871713.934961080551147,0.00244,0.00009,0.00001,0.00368,0.00000,0.00115,0.00736
1598871713.968451738357544,0.00195,0.00007,0.00304,0.00377,0.00000,0.00085,0.00968
1598871714.004484891891479,0.00236,0.00009,0.00186,0.00349,0.00009,0.00095,0.00884
1598871714.037315130233765,0.00208,0.00006,0.00265,0.00348,0.00000,0.00087,0.00913
1598871714.069701194763184,0.00224,0.00009,0.00119,0.00385,0.00000,0.00107,0.00844
1598871714.103101491928101,0.00229,0.00012,0.00009,0.00362,0.00009,0.00104,0.00726
1598871714.136278390884399,0.00205,0.00007,0.00001,0.00361,0.00000,0.00091,0.00665
1598871714.170243024826050,0.00260,0.00011,0.00073,0.00357,0.00000,0.00112,0.00813
1598871714.203989028930664,0.00224,0.00009,0.00160,0.00349,0.00008,0.00114,0.00863
1598871714.236885070800781,0.00219,0.00006,0.00016,0.00354,0.00000,0.00088,0.00683
1598871714.273015022277832,0.00202,0.00006,0.00095,0.00355,0.00000,0.00085,0.00743
1598871714.338602304458618,0.00206,0.00008,0.00370,0.00347,0.00008,0.00083,0.01022
1598871714.372004032135010,0.00265,0.00012,0.00001,0.00369,0.00000,0.00108,0.00754
1598871714.406443834304810,0.00221,0.00011,0.00290,0.00368,0.00000,0.00107,0.00997
1598871714.439259767532349,0.00196,0.00009,0.00192,0.00349,0.00009,0.00109,0.00864
1598871714.471847057342529,0.00217,0.00011,0.00273,0.00351,0.00000,0.00106,0.00958
1598871714.505393028259277,0.00200,0.00009,0.00116,0.00343,0.00000,0.00110,0.00777
1598871714.539551019668579,0.00159,0.00007,0.00003,0.00372,0.00009,0.00079,0.00629
1598871714.573227405548096,0.00228,0.00010,0.00001,0.00351,0.00000,0.00109,0.00698
1598871714.606539964675903,0.00195,0.00011,0.00079,0.00337,0.00008,0.00106,0.00736
1598871714.640255928039551,0.00171,0.00009,0.00150,0.00338,0.00008,0.00083,0.00760
1598871714.674584388732910,0.00174,0.00007,0.00014,0.00344,0.00000,0.00080,0.00618
1598871714.707480192184448,0.00213,0.00008,0.00098,0.00351,0.00000,0.00094,0.00764
1598871714.741870880126953,0.00193,0.00008,0.00353,0.00330,0.00008,0.00084,0.00978
1598871714.774899482727051,0.00228,0.00009,0.00009,0.00355,0.00008,0.00107,0.00717
1598871714.807814121246338,0.00194,0.00006,0.00284,0.00340,0.00000,0.00085,0.00909
1598871714.841675996780396,0.00196,0.00007,0.00187,0.00341,0.00008,0.00086,0.00825
1598871714.874917030334473,0.00201,0.00006,0.00274,0.00342,0.00000,0.00131,0.00955
1598871714.909751176834106,0.00198,0.00009,0.00113,0.00349,0.00000,0.00128,0.00797
1598871714.943564414978027,0.00201,0.00012,0.00008,0.00362,0.00009,0.00106,0.00699
1598871714.976346254348755,0.00231,0.00010,0.00001,0.00362,0.00000,0.00121,0.00725
1598871715.010450363159180,0.00201,0.00012,0.00074,0.00343,0.00000,0.00099,0.00729
1598871715.043325662612915,0.00233,0.00008,0.00158,0.00334,0.00008,0.00113,0.00854
1598871715.076968908309937,0.00243,0.00009,0.00023,0.00340,0.00001,0.00081,0.00696
1598871715.112920284271240,0.00172,0.00007,0.00061,0.00363,0.00035,0.00080,0.00719
1598871715.146315574645996,0.00251,0.00015,0.00344,0.00318,0.00008,0.00082,0.01018
1598871715.180258274078369,0.00193,0.00006,0.00003,0.00339,0.00008,0.00078,0.00628
1598871715.249614953994751,0.00177,0.00009,0.00266,0.00334,0.00067,0.00080,0.00934
1598871715.312099695205688,0.00224,0.00012,0.00198,0.00351,0.00009,0.00111,0.00905
1598871715.349326372146606,0.00211,0.00007,0.00260,0.00349,0.00000,0.00086,0.00912
1598871715.413592100143433,0.00212,0.00014,0.00120,0.00361,0.00000,0.00109,0.00815
1598871715.448580503463745,0.00296,0.00011,0.00030,0.00362,0.00009,0.00107,0.00816
1598871715.486050844192505,0.00209,0.00012,0.00002,0.00366,0.00000,0.00113,0.00702
1598871715.548757076263428,0.00247,0.00013,0.00107,0.00357,0.00000,0.00108,0.00832
1598871715.615428447723389,0.00229,0.00014,0.00162,0.00334,0.00010,0.00101,0.00851
1598871715.651376724243164,0.00212,0.00007,0.00087,0.00326,0.00000,0.00081,0.00712
1598871715.717786788940430,0.00251,0.00012,0.00043,0.00336,0.00042,0.00115,0.00800
1598871715.750624895095825,0.00202,0.00009,0.00278,0.00347,0.00010,0.00108,0.00954
1598871715.783448219299316,0.00211,0.00006,0.00001,0.00353,0.00000,0.00080,0.00651
1598871715.818660020828247,0.00186,0.00007,0.00266,0.00350,0.00000,0.00084,0.00892
1598871715.883988380432129,0.00264,0.00011,0.00170,0.00335,0.00009,0.00098,0.00887
1598871715.918112993240356,0.00220,0.00006,0.00233,0.00337,0.00000,0.00092,0.00888
1598871715.951783180236816,0.00216,0.00013,0.00529,0.00335,0.00008,0.00102,0.01202
1598871715.984759330749512,0.00239,0.00008,0.00010,0.00371,0.00009,0.00111,0.00749
1598871716.021283864974976,0.00201,0.00013,0.00001,0.00360,0.00000,0.00111,0.00687
1598871716.085685968399048,0.00234,0.00013,0.00071,0.00379,0.00000,0.00087,0.00784
1598871716.120903491973877,0.00168,0.00007,0.00074,0.00374,0.00010,0.00086,0.00719
1598871716.154460906982422,0.00248,0.00010,0.00006,0.00344,0.00002,0.00095,0.00705
1598871716.220595836639404,0.00209,0.00011,0.00056,0.00336,0.00002,0.00087,0.00701
1598871716.253229141235352,0.00239,0.00010,0.00228,0.00330,0.00073,0.00093,0.00972
1598871716.286712884902954,0.00212,0.00009,0.00022,0.00393,0.00000,0.00111,0.00748
1598871716.320885896682739,0.00173,0.00010,0.00240,0.00351,0.00000,0.00084,0.00858
1598871716.355977773666382,0.00243,0.00010,0.00158,0.00349,0.00009,0.00095,0.00864
1598871716.424084663391113,0.00223,0.00011,0.00244,0.00356,0.00000,0.00114,0.00948
1598871716.488222599029541,0.00177,0.00009,0.00488,0.00341,0.00000,0.00078,0.01094
1598871716.521835088729858,0.00224,0.00008,0.00008,0.00354,0.00016,0.00109,0.00719
1598871716.555737018585205,0.00235,0.00014,0.00014,0.00331,0.00013,0.00101,0.00708
1598871716.588951349258423,0.00214,0.00010,0.00001,0.00338,0.00068,0.00084,0.00716
1598871716.623302936553955,0.00237,0.00010,0.00089,0.00382,0.00009,0.00097,0.00825
1598871716.690387248992920,0.00215,0.00011,0.00007,0.00355,0.00000,0.00083,0.00671
1598871716.722816705703735,0.00231,0.00013,0.00044,0.00404,0.00000,0.00088,0.00781
1598871716.756709337234497,0.00220,0.00008,0.00199,0.00370,0.00084,0.00089,0.00970
1598871716.790035963058472,0.00185,0.00008,0.00033,0.00359,0.00000,0.00083,0.00669
1598871716.829484224319458,0.00214,0.00007,0.00243,0.00322,0.00000,0.00078,0.00864
1598871716.893093109130859,0.00223,0.00013,0.00205,0.00321,0.00008,0.00110,0.00881
1598871716.959444046020508,0.00208,0.00010,0.00281,0.00319,0.00010,0.00080,0.00909
1598871716.994893312454224,0.00193,0.00007,0.00371,0.00327,0.00035,0.00072,0.01005
1598871717.059316396713257,0.00184,0.00008,0.00003,0.00353,0.00009,0.00075,0.00633
1598871717.093262910842896,0.00188,0.00007,0.00001,0.00357,0.00000,0.00076,0.00628
1598871717.126597166061401,0.00219,0.00012,0.00002,0.00401,0.00000,0.00107,0.00741
1598871717.159666776657104,0.00185,0.00008,0.00084,0.00353,0.00008,0.00084,0.00723
1598871717.193449735641479,0.00222,0.00012,0.00048,0.00338,0.00000,0.00083,0.00704
1598871717.227474451065063,0.00227,0.00015,0.00069,0.00424,0.00000,0.00083,0.00819
1598871717.260282516479492,0.00230,0.00009,0.00210,0.00377,0.00022,0.00087,0.00935
1598871717.294219255447388,0.00208,0.00010,0.00001,0.00369,0.00000,0.00106,0.00694
1598871717.327463626861572,0.00212,0.00009,0.00255,0.00353,0.00000,0.00108,0.00937
1598871717.362481117248535,0.00226,0.00011,0.00194,0.00352,0.00008,0.00102,0.00894
1598871717.395253658294678,0.00207,0.00006,0.00262,0.00353,0.00000,0.00084,0.00913
1598871717.428599357604980,0.00201,0.00013,0.00360,0.00343,0.00000,0.00098,0.01017
1598871717.461964845657349,0.00237,0.00009,0.00007,0.00348,0.00009,0.00109,0.00719
1598871717.496505498886108,0.00183,0.00012,0.00004,0.00338,0.00000,0.00107,0.00645
1598871717.528858423233032,0.00166,0.00006,0.00006,0.00324,0.00008,0.00074,0.00584
1598871717.562385797500610,0.00237,0.00009,0.00077,0.00339,0.00083,0.00108,0.00852
1598871717.596871852874756,0.00244,0.00010,0.00045,0.00355,0.00000,0.00082,0.00737
1598871717.630042791366577,0.00213,0.00009,0.00066,0.00352,0.00000,0.00094,0.00735
1598871717.663795709609985,0.00201,0.00011,0.00191,0.00388,0.00011,0.00101,0.00902
1598871717.697580575942993,0.00185,0.00010,0.00024,0.00363,0.00000,0.00089,0.00672
1598871717.732846736907959,0.00234,0.00009,0.00237,0.00337,0.00000,0.00126,0.00943
1598871717.800552368164062,0.00227,0.00011,0.00206,0.00337,0.00011,0.00098,0.00891
1598871717.866664409637451,0.00235,0.00012,0.00265,0.00333,0.00009,0.00093,0.00947
1598871717.900501966476440,0.00195,0.00015,0.00300,0.00383,0.00000,0.00103,0.00996
1598871717.966829061508179,0.00198,0.00011,0.00058,0.00382,0.00009,0.00082,0.00741
1598871718.000385284423828,0.00168,0.00007,0.00137,0.00346,0.00000,0.00073,0.00731
1598871718.033306598663330,0.00226,0.00013,0.00002,0.00370,0.00000,0.00117,0.00728
1598871718.066365480422974,0.00232,0.00014,0.00168,0.00350,0.00009,0.00110,0.00883
1598871718.103556871414185,0.00229,0.00011,0.00093,0.00361,0.00000,0.00115,0.00810
1598871718.166925191879272,0.00202,0.00008,0.00064,0.00354,0.00000,0.00094,0.00722
1598871718.203220605850220,0.00226,0.00010,0.00165,0.00336,0.00010,0.00092,0.00839
1598871718.268274545669556,0.00226,0.00011,0.00001,0.00349,0.00000,0.00096,0.00684
1598871718.301741600036621,0.00187,0.00007,0.00238,0.00339,0.00008,0.00085,0.00865
1598871718.335096836090088,0.00208,0.00012,0.00201,0.00353,0.00008,0.00103,0.00886
1598871718.370055437088013,0.00232,0.00011,0.00263,0.00356,0.00000,0.00118,0.00980
1598871718.403186559677124,0.00213,0.00021,0.00271,0.00355,0.00000,0.00109,0.00969
1598871718.436430454254150,0.00186,0.00009,0.00111,0.00358,0.00008,0.00079,0.00752
1598871718.469932556152344,0.00244,0.00011,0.00082,0.00362,0.00000,0.00115,0.00814
1598871718.504022598266602,0.00220,0.00009,0.00001,0.00368,0.00000,0.00090,0.00688
1598871718.537893533706665,0.00206,0.00012,0.00162,0.00356,0.00008,0.00111,0.00855
1598871718.570930242538452,0.00245,0.00011,0.00056,0.00370,0.00000,0.00115,0.00798
1598871718.604981660842896,0.00191,0.00006,0.00034,0.00400,0.00000,0.00092,0.00722
1598871718.642810821533203,0.00202,0.00006,0.00156,0.00354,0.00008,0.00087,0.00814
1598871718.706308126449585,0.00212,0.00014,0.00001,0.00369,0.00000,0.00105,0.00701
1598871718.772135019302368,0.00255,0.00011,0.00256,0.00355,0.00000,0.00092,0.00969
1598871718.808702945709229,0.00183,0.00007,0.00221,0.00351,0.00009,0.00094,0.00864
1598871718.873524427413940,0.00202,0.00007,0.00291,0.00353,0.00000,0.00094,0.00948
1598871718.907252550125122,0.00210,0.00012,0.00244,0.00352,0.00000,0.00109,0.00926
1598871718.941055297851562,0.00231,0.00011,0.00061,0.00355,0.00009,0.00090,0.00758
1598871718.975144147872925,0.00228,0.00010,0.00082,0.00353,0.00000,0.00084,0.00757
1598871719.007546663284302,0.00231,0.00010,0.00220,0.00358,0.00000,0.00118,0.00939
1598871719.042641639709473,0.00240,0.00019,0.00155,0.00350,0.00009,0.00097,0.00871
1598871719.075015306472778,0.00196,0.00010,0.00050,0.00357,0.00000,0.00083,0.00696
1598871719.109488010406494,0.00227,0.00011,0.00040,0.00358,0.00000,0.00097,0.00732
1598871719.141995906829834,0.00198,0.00006,0.00153,0.00352,0.00009,0.00149,0.00868
1598871719.175900936126709,0.00183,0.00009,0.00001,0.00366,0.00000,0.00089,0.00647
1598871719.210592746734619,0.00216,0.00011,0.00236,0.00354,0.00000,0.00085,0.00902
1598871719.243036270141602,0.00220,0.00011,0.00168,0.00353,0.00008,0.00106,0.00866
1598871719.276243209838867,0.00204,0.00008,0.00204,0.00354,0.00000,0.00083,0.00853
1598871719.310691833496094,0.00184,0.00006,0.00186,0.00353,0.00000,0.00091,0.00820
1598871719.343978404998779,0.00186,0.00006,0.00004,0.00362,0.00008,0.00087,0.00653
1598871719.377290010452271,0.00195,0.00012,0.00084,0.00354,0.00000,0.00111,0.00756
1598871719.413178920745850,0.00227,0.00011,0.00182,0.00355,0.00000,0.00112,0.00888
1598871719.478001594543457,0.00204,0.00008,0.00152,0.00349,0.00008,0.00090,0.00811
1598871719.513066768646240,0.00182,0.00006,0.00016,0.00358,0.00000,0.00084,0.00647
1598871719.578600883483887,0.00263,0.00013,0.00013,0.00387,0.00000,0.00105,0.00779
1598871719.612661123275757,0.00221,0.00010,0.00075,0.00375,0.00085,0.00107,0.00874
1598871719.645930767059326,0.00157,0.00009,0.00001,0.00380,0.00000,0.00089,0.00637
1598871719.679905176162720,0.00256,0.00010,0.00220,0.00364,0.00000,0.00096,0.00946
1598871719.713820457458496,0.00223,0.00013,0.00161,0.00352,0.00000,0.00112,0.00861
1598871719.746579647064209,0.00199,0.00008,0.00187,0.00387,0.00000,0.00082,0.00863
1598871719.780769348144531,0.00202,0.00007,0.00184,0.00334,0.00008,0.00095,0.00830
1598871719.817164897918701,0.00219,0.00011,0.00001,0.00404,0.00000,0.00088,0.00724
1598871719.852381229400635,0.00196,0.00010,0.00083,0.00392,0.00009,0.00095,0.00785
1598871719.917293310165405,0.00174,0.00008,0.00181,0.00353,0.00000,0.00080,0.00796
1598871719.949553012847900,0.00240,0.00012,0.00155,0.00356,0.00000,0.00116,0.00878
1598871719.982900619506836,0.00201,0.00010,0.00023,0.00357,0.00008,0.00105,0.00705
1598871720.016186714172363,0.00167,0.00007,0.00004,0.00361,0.00000,0.00089,0.00628
1598871720.049689531326294,0.00226,0.00011,0.00072,0.00368,0.00000,0.00117,0.00794
1598871720.083564281463623,0.00197,0.00006,0.00201,0.00347,0.00008,0.00091,0.00850
1598871720.116487503051758,0.00195,0.00011,0.00219,0.00351,0.00000,0.00109,0.00885
1598871720.150079965591431,0.00257,0.00011,0.00158,0.00352,0.00000,0.00112,0.00890
1598871720.184117794036865,0.00194,0.00008,0.00190,0.00350,0.00008,0.00089,0.00840
1598871720.216822862625122,0.00217,0.00011,0.00191,0.00400,0.00000,0.00108,0.00927
1598871720.251986026763916,0.00199,0.00009,0.00001,0.00347,0.00000,0.00082,0.00637
1598871720.286102294921875,0.00209,0.00010,0.00089,0.00322,0.00000,0.00085,0.00715
1598871720.320173978805542,0.00231,0.00011,0.00162,0.00322,0.00076,0.00110,0.00912
1598871720.353453159332275,0.00192,0.00011,0.00091,0.00358,0.00072,0.00133,0.00856
1598871720.386610269546509,0.00165,0.00009,0.00016,0.00355,0.00000,0.00083,0.00628
1598871720.419813632965088,0.00241,0.00012,0.00011,0.00359,0.00008,0.00118,0.00748
1598871720.455597639083862,0.00206,0.00010,0.00071,0.00351,0.00000,0.00108,0.00747
1598871720.521282672882080,0.00240,0.00013,0.00201,0.00348,0.00000,0.00112,0.00914
1598871720.555143833160400,0.00194,0.00008,0.00223,0.00339,0.00008,0.00141,0.00914
1598871720.590486764907837,0.00214,0.00010,0.00155,0.00343,0.00000,0.00086,0.00808
1598871720.654313325881958,0.00229,0.00012,0.00234,0.00335,0.00000,0.00094,0.00904
1598871720.688358068466187,0.00209,0.00006,0.00187,0.00332,0.00022,0.00087,0.00843
1598871720.755265474319458,0.00238,0.00011,0.00020,0.00344,0.00000,0.00092,0.00706
1598871720.788531064987183,0.00177,0.00010,0.00015,0.00344,0.00071,0.00084,0.00701
1598871720.822087049484253,0.00223,0.00011,0.00186,0.00351,0.00009,0.00109,0.00888
1598871720.857543230056763,0.00205,0.00007,0.00068,0.00347,0.00000,0.00084,0.00711
1598871720.922632932662964,0.00215,0.00014,0.00016,0.00342,0.00000,0.00079,0.00667
1598871720.956619739532471,0.00154,0.00006,0.00045,0.00345,0.00015,0.00075,0.00641
1598871720.990271091461182,0.00266,0.00012,0.00005,0.00369,0.00000,0.00168,0.00820
1598871721.023025035858154,0.00185,0.00008,0.00272,0.00352,0.00000,0.00089,0.00906
1598871721.057507991790771,0.00205,0.00007,0.00236,0.00332,0.00009,0.00073,0.00861
1598871721.090275526046753,0.00247,0.00011,0.00079,0.00380,0.00000,0.00115,0.00832
1598871721.127134799957275,0.00195,0.00006,0.00203,0.00327,0.00002,0.00086,0.00819
1598871721.162230730056763,0.00229,0.00011,0.00207,0.00320,0.00025,0.00105,0.00897
1598871721.225614070892334,0.00198,0.00010,0.00023,0.00326,0.00000,0.00082,0.00641
1598871721.259968757629395,0.00237,0.00012,0.00004,0.00420,0.00015,0.00083,0.00771
1598871721.326362133026123,0.00210,0.00010,0.00192,0.00353,0.00032,0.00108,0.00905
1598871721.359899520874023,0.00180,0.00007,0.00001,0.00335,0.00012,0.00088,0.00624
1598871721.398437738418579,0.00214,0.00008,0.00017,0.00342,0.00040,0.00100,0.00721
1598871721.462229251861572,0.00246,0.00012,0.00041,0.00328,0.00010,0.00094,0.00732
1598871721.496111154556274,0.00224,0.00009,0.00062,0.00326,0.00001,0.00088,0.00710
1598871721.561055421829224,0.00224,0.00013,0.00205,0.00285,0.00167,0.00081,0.00975
1598871721.594056606292725,0.00259,0.00010,0.00266,0.00342,0.00074,0.00090,0.01041
1598871721.627923965454102,0.00228,0.00010,0.00164,0.00341,0.00000,0.00084,0.00827
1598871721.663076639175415,0.00230,0.00044,0.00227,0.00333,0.00000,0.00157,0.00992
1598871721.695548772811890,0.00196,0.00006,0.00180,0.00320,0.00025,0.00081,0.00808
1598871721.728437662124634,0.00235,0.00008,0.00159,0.00332,0.00008,0.00083,0.00825
1598871721.763133764266968,0.00234,0.00016,0.00019,0.00360,0.00000,0.00110,0.00739
1598871721.829008579254150,0.00237,0.00013,0.00205,0.00337,0.00008,0.00107,0.00906
1598871721.866345167160034,0.00204,0.00014,0.00001,0.00356,0.00013,0.00106,0.00694
1598871721.899011850357056,0.00224,0.00011,0.00001,0.00357,0.00013,0.00140,0.00745
1598871721.963548660278320,0.00272,0.00012,0.00238,0.00335,0.00074,0.00087,0.01018
1598871721.997366189956665,0.00233,0.00011,0.00074,0.00370,0.00000,0.00107,0.00796
1598871722.031083583831787,0.00195,0.00011,0.00183,0.00372,0.00000,0.00109,0.00871
1598871722.066580295562744,0.00245,0.00015,0.00215,0.00325,0.00015,0.00116,0.00931
1598871722.098971843719482,0.00194,0.00008,0.00207,0.00358,0.00014,0.00085,0.00866
1598871722.132666826248169,0.00195,0.00013,0.00203,0.00344,0.00041,0.00107,0.00903
1598871722.165755033493042,0.00243,0.00015,0.00223,0.00355,0.00008,0.00100,0.00943
1598871722.200001239776611,0.00244,0.00013,0.00203,0.00390,0.00000,0.00145,0.00995
1598871722.233948469161987,0.00177,0.00012,0.00031,0.00365,0.00000,0.00087,0.00671
1598871722.266676425933838,0.00232,0.00014,0.00170,0.00338,0.00073,0.00108,0.00935
1598871722.300864219665527,0.00199,0.00011,0.00068,0.00352,0.00000,0.00086,0.00716
1598871722.333330869674683,0.00203,0.00012,0.00036,0.00344,0.00000,0.00101,0.00696
1598871722.367978334426880,0.00194,0.00007,0.00163,0.00314,0.00136,0.00073,0.00887
1598871722.400891542434692,0.00178,0.00007,0.00068,0.00356,0.00000,0.00078,0.00688
1598871722.434288501739502,0.00241,0.00015,0.00198,0.00363,0.00000,0.00134,0.00951
1598871722.467050313949585,0.00184,0.00009,0.00177,0.00353,0.00009,0.00101,0.00833
1598871722.501681804656982,0.00264,0.00011,0.00077,0.00358,0.00000,0.00089,0.00799
1598871722.534420967102051,0.00208,0.00009,0.00160,0.00345,0.00000,0.00084,0.00807
1598871722.568496704101562,0.00201,0.00006,0.00199,0.00340,0.00008,0.00143,0.00897
1598871722.601923942565918,0.00203,0.00013,0.00077,0.00345,0.00008,0.00094,0.00741
1598871722.667087316513062,0.00209,0.00012,0.00082,0.00347,0.00000,0.00080,0.00730
1598871722.700750112533569,0.00180,0.00006,0.00195,0.00380,0.00009,0.00072,0.00843
1598871722.733703851699829,0.00237,0.00009,0.00019,0.00347,0.00000,0.00107,0.00720
1598871722.766826391220093,0.00211,0.00006,0.00024,0.00327,0.00001,0.00078,0.00647
1598871722.801078081130981,0.00246,0.00013,0.00176,0.00296,0.00145,0.00105,0.00980
1598871722.834496736526489,0.00238,0.00009,0.00208,0.00318,0.00008,0.00106,0.00887
1598871722.867671728134155,0.00245,0.00021,0.00004,0.00390,0.00076,0.00147,0.00884
1598871722.901184797286987,0.00230,0.00011,0.00173,0.00324,0.00018,0.00080,0.00836
1598871722.934683561325073,0.00220,0.00013,0.00036,0.00341,0.00106,0.00101,0.00818
1598871722.967794895172119,0.00231,0.00014,0.00092,0.00345,0.00000,0.00105,0.00786
1598871723.001715660095215,0.00256,0.00012,0.00007,0.00344,0.00021,0.00146,0.00786
1598871723.035932779312134,0.00232,0.00013,0.00009,0.00345,0.00065,0.00096,0.00759
1598871723.068348646163940,0.00223,0.00010,0.00066,0.00354,0.00074,0.00104,0.00831
1598871723.102719068527222,0.00241,0.00011,0.00183,0.00330,0.00012,0.00100,0.00876
1598871723.135912418365479,0.00257,0.00006,0.00023,0.00323,0.00011,0.00081,0.00701
1598871723.170534849166870,0.00237,0.00015,0.00042,0.00328,0.00014,0.00103,0.00739
1598871723.203789234161377,0.00208,0.00009,0.00075,0.00319,0.00198,0.00101,0.00911
1598871723.237663269042969,0.00222,0.00007,0.00207,0.00380,0.00000,0.00085,0.00901
1598871723.270431518554688,0.00252,0.00014,0.00004,0.00411,0.00000,0.00108,0.00788
1598871723.306273460388184,0.00220,0.00011,0.00213,0.00360,0.00008,0.00103,0.00915
1598871723.370980978012085,0.00227,0.00015,0.00069,0.00370,0.00000,0.00120,0.00802
1598871723.404290676116943,0.00211,0.00011,0.00083,0.00359,0.00000,0.00070,0.00736
1598871723.438634872436523,0.00193,0.00006,0.00029,0.00360,0.00009,0.00074,0.00671
1598871723.472498655319214,0.00237,0.00012,0.00011,0.00378,0.00000,0.00103,0.00742
1598871723.506379365921021,0.00208,0.00007,0.00104,0.00360,0.00000,0.00080,0.00759
1598871723.538969278335571,0.00191,0.00012,0.00084,0.00366,0.00008,0.00095,0.00756
1598871723.574607133865356,0.00232,0.00009,0.00061,0.00370,0.00000,0.00108,0.00780
1598871723.608428478240967,0.00218,0.00011,0.00033,0.00368,0.00000,0.00102,0.00732
1598871723.642017126083374,0.00244,0.00011,0.00108,0.00364,0.00008,0.00109,0.00844
1598871723.707374334335327,0.00200,0.00011,0.00197,0.00370,0.00000,0.00079,0.00856
1598871723.744536876678467,0.00249,0.00010,0.00005,0.00338,0.00000,0.00087,0.00690
1598871723.808100223541260,0.00204,0.00014,0.00190,0.00308,0.00028,0.00095,0.00840
1598871723.845692157745361,0.00224,0.00012,0.00184,0.00344,0.00000,0.00103,0.00867
1598871723.909081220626831,0.00210,0.00014,0.00138,0.00345,0.00008,0.00101,0.00816
1598871723.942521810531616,0.00230,0.00011,0.00024,0.00345,0.00010,0.00084,0.00704
1598871723.975841522216797,0.00220,0.00012,0.00081,0.00341,0.00000,0.00101,0.00755
1598871724.009383916854858,0.00239,0.00011,0.00090,0.00324,0.00011,0.00112,0.00788
1598871724.043856859207153,0.00228,0.00011,0.00112,0.00314,0.00011,0.00102,0.00778
1598871724.076735973358154,0.00177,0.00008,0.00137,0.00315,0.00012,0.00078,0.00727
1598871724.110556125640869,0.00226,0.00015,0.00035,0.00342,0.00034,0.00147,0.00799
1598871724.143800020217896,0.00228,0.00009,0.00040,0.00346,0.00107,0.00099,0.00830
1598871724.177109956741333,0.00198,0.00008,0.00292,0.00302,0.00000,0.00071,0.00872
1598871724.211225271224976,0.00224,0.00008,0.00010,0.00309,0.00047,0.00116,0.00715
1598871724.245130300521851,0.00228,0.00011,0.00201,0.00312,0.00132,0.00093,0.00977
1598871724.279077053070068,0.00176,0.00006,0.00160,0.00329,0.00000,0.00081,0.00752
1598871724.312398433685303,0.00238,0.00011,0.00198,0.00318,0.00008,0.00100,0.00875
1598871724.346943140029907,0.00198,0.00008,0.00119,0.00333,0.00079,0.00095,0.00834
1598871724.379303216934204,0.00167,0.00007,0.00101,0.00339,0.00000,0.00070,0.00683
1598871724.412728309631348,0.00190,0.00006,0.00028,0.00417,0.00067,0.00074,0.00783
1598871724.448976993560791,0.00158,0.00007,0.00007,0.00345,0.00008,0.00072,0.00597
1598871724.513099431991577,0.00215,0.00011,0.00078,0.00341,0.00014,0.00101,0.00760
1598871724.549696922302246,0.00190,0.00012,0.00061,0.00368,0.00000,0.00101,0.00731
1598871724.585914611816406,0.00245,0.00008,0.00043,0.00381,0.00015,0.00102,0.00794
1598871724.648222446441650,0.00202,0.00013,0.00244,0.00330,0.00000,0.00099,0.00888
1598871724.682941198348999,0.00253,0.00008,0.00071,0.00344,0.00000,0.00109,0.00786
1598871724.719178915023804,0.00217,0.00011,0.00189,0.00326,0.00018,0.00096,0.00858
1598871724.754252672195435,0.00248,0.00009,0.00189,0.00358,0.00083,0.00103,0.00990
1598871724.816402912139893,0.00200,0.00011,0.00200,0.00321,0.00000,0.00078,0.00811
1598871724.850786447525024,0.00179,0.00007,0.00154,0.00344,0.00016,0.00068,0.00768
1598871724.883986949920654,0.00186,0.00006,0.00083,0.00308,0.00048,0.00073,0.00703
1598871724.918612003326416,0.00169,0.00007,0.00025,0.00345,0.00036,0.00072,0.00653
1598871724.951687097549438,0.00248,0.00009,0.00018,0.00371,0.00009,0.00103,0.00759
1598871725.020507335662842,0.00225,0.00011,0.00054,0.00373,0.00000,0.00088,0.00751
1598871725.052983999252319,0.00196,0.00010,0.00073,0.00342,0.00000,0.00082,0.00704
1598871725.088221788406372,0.00205,0.00009,0.00024,0.00344,0.00017,0.00102,0.00701
1598871725.153570890426636,0.00235,0.00016,0.00219,0.00327,0.00000,0.00074,0.00871
1598871725.187435865402222,0.00221,0.00010,0.00186,0.00331,0.00000,0.00090,0.00838
1598871725.220957994461060,0.00186,0.00006,0.00247,0.00346,0.00015,0.00084,0.00885
1598871725.287690877914429,0.00224,0.00012,0.00173,0.00303,0.00000,0.00080,0.00792
1598871725.351752281188965,0.00227,0.00017,0.00228,0.00322,0.00015,0.00073,0.00881
1598871725.385445117950439,0.00182,0.00006,0.00148,0.00317,0.00025,0.00079,0.00757
1598871725.421036720275879,0.00241,0.00014,0.00008,0.00336,0.00010,0.00109,0.00718
1598871725.485002279281616,0.00191,0.00011,0.00164,0.00311,0.00078,0.00101,0.00858
1598871725.518417835235596,0.00217,0.00009,0.00010,0.00354,0.00009,0.00102,0.00701
1598871725.553939819335938,0.00184,0.00008,0.00007,0.00335,0.00048,0.00099,0.00681
1598871725.588181734085083,0.00224,0.00009,0.00042,0.00356,0.00000,0.00093,0.00724
1598871725.653680801391602,0.00219,0.00012,0.00080,0.00354,0.00014,0.00098,0.00777
1598871725.686543703079224,0.00248,0.00014,0.00237,0.00353,0.00000,0.00108,0.00959
1598871725.720259904861450,0.00219,0.00007,0.00170,0.00329,0.00000,0.00089,0.00815
1598871725.753013849258423,0.00193,0.00011,0.00315,0.00322,0.00018,0.00132,0.00991
1598871725.786645174026489,0.00194,0.00007,0.00168,0.00366,0.00009,0.00074,0.00817
1598871725.820796251296997,0.00168,0.00006,0.00192,0.00336,0.00000,0.00081,0.00783
1598871725.856392860412598,0.00223,0.00013,0.00156,0.00335,0.00008,0.00074,0.00810
1598871725.924016237258911,0.00162,0.00012,0.00006,0.00318,0.00008,0.00084,0.00591
1598871725.990570545196533,0.00235,0.00013,0.00107,0.00323,0.00000,0.00101,0.00779
1598871726.056297063827515,0.00200,0.00008,0.00005,0.00308,0.00023,0.00084,0.00628
1598871726.090547084808350,0.00206,0.00011,0.00009,0.00322,0.00018,0.00081,0.00648
1598871726.123533487319946,0.00156,0.00007,0.00210,0.00337,0.00000,0.00074,0.00783
1598871726.156253099441528,0.00232,0.00014,0.00078,0.00349,0.00008,0.00108,0.00790
1598871726.189769268035889,0.00198,0.00009,0.00217,0.00339,0.00000,0.00109,0.00872
1598871726.224685192108154,0.00231,0.00013,0.00178,0.00345,0.00000,0.00106,0.00872
1598871726.290262222290039,0.00213,0.00012,0.00240,0.00333,0.00008,0.00080,0.00887
1598871726.323260545730591,0.00225,0.00014,0.00184,0.00347,0.00000,0.00114,0.00884
1598871726.357161998748779,0.00218,0.00010,0.00191,0.00340,0.00000,0.00090,0.00848
1598871726.390708446502686,0.00189,0.00010,0.00171,0.00342,0.00014,0.00100,0.00827
1598871726.424229621887207,0.00188,0.00007,0.00003,0.00350,0.00000,0.00072,0.00621
1598871726.459055662155151,0.00157,0.00012,0.00067,0.00330,0.00000,0.00078,0.00645
1598871726.491704225540161,0.00148,0.00007,0.00041,0.00335,0.00008,0.00074,0.00613
1598871726.525115489959717,0.00209,0.00008,0.00001,0.00345,0.00000,0.00076,0.00640
1598871726.560431003570557,0.00228,0.00011,0.00198,0.00343,0.00000,0.00085,0.00865
1598871726.626321554183960,0.00221,0.00013,0.00076,0.00334,0.00009,0.00109,0.00762
1598871726.659832000732422,0.00205,0.00014,0.00217,0.00329,0.00000,0.00104,0.00870
1598871726.694457054138184,0.00249,0.00013,0.00204,0.00313,0.00008,0.00105,0.00892
1598871726.759811878204346,0.00204,0.00013,0.00193,0.00299,0.00009,0.00085,0.00803
1598871726.794239282608032,0.00245,0.00010,0.00133,0.00323,0.00015,0.00093,0.00820
1598871726.828299283981323,0.00196,0.00016,0.00176,0.00349,0.00000,0.00105,0.00842
1598871726.861680030822754,0.00166,0.00009,0.00158,0.00325,0.00009,0.00075,0.00742
1598871726.894380807876587,0.00220,0.00014,0.00042,0.00336,0.00008,0.00110,0.00731
1598871726.928312301635742,0.00180,0.00015,0.00072,0.00347,0.00000,0.00109,0.00724
1598871726.962095737457275,0.00232,0.00012,0.00004,0.00344,0.00010,0.00096,0.00699
1598871726.995384216308594,0.00211,0.00016,0.00285,0.00340,0.00000,0.00184,0.01036
1598871727.029249906539917,0.00166,0.00012,0.00199,0.00338,0.00000,0.00082,0.00796
1598871727.063470602035522,0.00176,0.00007,0.00068,0.00336,0.00008,0.00075,0.00669
1598871727.096039295196533,0.00248,0.00015,0.00219,0.00340,0.00000,0.00113,0.00936
1598871727.129286050796509,0.00207,0.00007,0.00150,0.00357,0.00000,0.00088,0.00809
1598871727.163012027740479,0.00198,0.00008,0.00168,0.00335,0.00008,0.00087,0.00803
1598871727.196566104888916,0.00209,0.00010,0.00074,0.00340,0.00000,0.00085,0.00717
1598871727.230061292648315,0.00226,0.00011,0.00179,0.00355,0.00000,0.00091,0.00862
1598871727.264099359512329,0.00195,0.00009,0.00157,0.00336,0.00009,0.00085,0.00791
1598871727.297938585281372,0.00210,0.00012,0.00039,0.00374,0.00000,0.00110,0.00745
1598871727.331336736679077,0.00198,0.00008,0.00038,0.00340,0.00000,0.00076,0.00660
1598871727.365122556686401,0.00232,0.00015,0.00007,0.00362,0.00016,0.00087,0.00720
1598871727.400010347366333,0.00175,0.00012,0.00257,0.00332,0.00000,0.00084,0.00860
1598871727.432878732681274,0.00227,0.00015,0.00215,0.00325,0.00008,0.00107,0.00896
1598871727.465827703475952,0.00213,0.00012,0.00076,0.00349,0.00009,0.00097,0.00756
1598871727.505230903625488,0.00218,0.00015,0.00217,0.00337,0.00000,0.00117,0.00904
1598871727.567703485488892,0.00214,0.00012,0.00153,0.00338,0.00000,0.00085,0.00802
1598871727.601640701293945,0.00237,0.00015,0.00193,0.00332,0.00008,0.00113,0.00899
1598871727.635731935501099,0.00197,0.00006,0.00069,0.00382,0.00000,0.00112,0.00766
1598871727.701087951660156,0.00237,0.00012,0.00179,0.00324,0.00000,0.00090,0.00842
1598871727.735119342803955,0.00199,0.00006,0.00150,0.00322,0.00020,0.00088,0.00785
1598871727.768477678298950,0.00200,0.00012,0.00001,0.00353,0.00042,0.00102,0.00711
1598871727.801683664321899,0.00214,0.00013,0.00003,0.00353,0.00000,0.00110,0.00693
1598871727.835399150848389,0.00192,0.00010,0.00004,0.00328,0.00010,0.00082,0.00626
1598871727.869508981704712,0.00233,0.00013,0.00286,0.00329,0.00000,0.00094,0.00955
1598871727.902971982955933,0.00203,0.00009,0.00197,0.00312,0.00015,0.00081,0.00818
1598871727.936177730560303,0.00181,0.00013,0.00016,0.00333,0.00008,0.00079,0.00630
1598871727.973213195800781,0.00225,0.00015,0.00199,0.00325,0.00073,0.00110,0.00946
1598871728.037769794464111,0.00192,0.00009,0.00151,0.00325,0.00000,0.00090,0.00767
1598871728.071063280105591,0.00189,0.00008,0.00162,0.00324,0.00008,0.00133,0.00823
1598871728.104787826538086,0.00204,0.00008,0.00072,0.00318,0.00000,0.00104,0.00707
1598871728.138389825820923,0.00209,0.00014,0.00183,0.00329,0.00016,0.00098,0.00848
1598871728.177156686782837,0.00185,0.00007,0.00183,0.00328,0.00008,0.00075,0.00787
1598871728.239052295684814,0.00232,0.00011,0.00001,0.00343,0.00000,0.00104,0.00691
1598871728.273341417312622,0.00199,0.00012,0.00001,0.00348,0.00003,0.00102,0.00666
1598871728.305858373641968,0.00221,0.00011,0.00007,0.00362,0.00010,0.00159,0.00771
1598871728.339485168457031,0.00192,0.00010,0.00222,0.00317,0.00067,0.00098,0.00906
1598871728.372562170028687,0.00227,0.00010,0.00197,0.00349,0.00013,0.00081,0.00876
1598871728.406793594360352,0.00275,0.00011,0.00008,0.00370,0.00015,0.00089,0.00767
1598871728.440212965011597,0.00259,0.00009,0.00175,0.00332,0.00067,0.00085,0.00928
1598871728.474971771240234,0.00231,0.00014,0.00155,0.00362,0.00000,0.00096,0.00858
1598871728.541789054870605,0.00243,0.00012,0.00182,0.00357,0.00008,0.00115,0.00918
1598871728.576703548431396,0.00252,0.00012,0.00076,0.00356,0.00000,0.00126,0.00823
1598871728.641907453536987,0.00224,0.00010,0.00169,0.00345,0.00000,0.00084,0.00832
1598871728.675035953521729,0.00182,0.00006,0.00155,0.00332,0.00008,0.00083,0.00766
1598871728.713715314865112,0.00188,0.00007,0.00001,0.00344,0.00000,0.00081,0.00620
1598871728.776439905166626,0.00251,0.00010,0.00009,0.00329,0.00000,0.00085,0.00685
1598871728.812880516052246,0.00237,0.00012,0.00039,0.00351,0.00008,0.00086,0.00734
1598871728.846794843673706,0.00227,0.00010,0.00196,0.00320,0.00002,0.00089,0.00845
1598871728.910426139831543,0.00224,0.00012,0.00658,0.00305,0.00130,0.00108,0.01437
1598871728.944161415100098,0.00210,0.00006,0.00009,0.00336,0.00008,0.00095,0.00665
1598871728.978012084960938,0.00203,0.00006,0.00179,0.00332,0.00008,0.00094,0.00823
1598871729.018437147140503,0.00208,0.00007,0.00149,0.00362,0.00000,0.00090,0.00816
1598871729.082689523696899,0.00249,0.00015,0.00179,0.00337,0.00008,0.00093,0.00881
1598871729.145861864089966,0.00205,0.00008,0.00077,0.00363,0.00000,0.00090,0.00742
1598871729.180882930755615,0.00193,0.00010,0.00181,0.00346,0.00000,0.00090,0.00821
1598871729.247656583786011,0.00202,0.00008,0.00166,0.00338,0.00008,0.00090,0.00812
1598871729.280241012573242,0.00212,0.00006,0.00007,0.00355,0.00000,0.00088,0.00669
1598871729.315210819244385,0.00208,0.00006,0.00001,0.00339,0.00002,0.00090,0.00645
1598871729.347896575927734,0.00239,0.00014,0.00012,0.00358,0.00010,0.00105,0.00739
1598871729.381872177124023,0.00222,0.00011,0.00192,0.00348,0.00003,0.00090,0.00866
1598871729.414500474929810,0.00188,0.00011,0.00590,0.00334,0.00012,0.00081,0.01218
1598871729.448317766189575,0.00228,0.00010,0.00004,0.00356,0.00008,0.00115,0.00721
1598871729.481007337570190,0.00221,0.00011,0.00170,0.00336,0.00072,0.00103,0.00914
1598871729.514276027679443,0.00189,0.00009,0.00153,0.00337,0.00000,0.00082,0.00771
1598871729.547950029373169,0.00199,0.00007,0.00158,0.00328,0.00008,0.00078,0.00779
1598871729.586880445480347,0.00205,0.00007,0.00071,0.00333,0.00001,0.00081,0.00698
1598871729.648098945617676,0.00227,0.00014,0.00084,0.00336,0.00002,0.00113,0.00778
1598871729.681173324584961,0.00205,0.00006,0.00139,0.00351,0.00018,0.00089,0.00809
1598871729.714519500732422,0.00208,0.00011,0.00001,0.00352,0.00000,0.00113,0.00686
1598871729.747541427612305,0.00286,0.00011,0.00001,0.00331,0.00003,0.00102,0.00735
1598871729.783910751342773,0.00223,0.00012,0.00010,0.00354,0.00010,0.00107,0.00715
1598871729.820715904235840,0.00188,0.00009,0.00192,0.00320,0.00003,0.00086,0.00799
1598871729.881329298019409,0.00219,0.00011,0.00570,0.00315,0.00019,0.00084,0.01218
1598871729.914619684219360,0.00225,0.00009,0.00004,0.00351,0.00008,0.00130,0.00728
1598871729.948433876037598,0.00237,0.00010,0.00074,0.00328,0.00069,0.00093,0.00812
1598871729.982663154602051,0.00218,0.00006,0.00169,0.00344,0.00000,0.00116,0.00853
1598871730.055571556091309,0.00198,0.00013,0.00178,0.00352,0.00008,0.00084,0.00834
1598871730.114640474319458,0.00239,0.00012,0.00077,0.00348,0.00068,0.00097,0.00841
1598871730.148521661758423,0.00203,0.00015,0.00181,0.00358,0.00000,0.00106,0.00864
1598871730.181174039840698,0.00241,0.00009,0.00120,0.00351,0.00008,0.00109,0.00839
1598871730.214876174926758,0.00206,0.00008,0.00007,0.00359,0.00000,0.00088,0.00669
1598871730.248736381530762,0.00205,0.00011,0.00001,0.00361,0.00002,0.00105,0.00686
1598871730.281943798065186,0.00236,0.00012,0.00033,0.00354,0.00008,0.00114,0.00758
1598871730.314637422561646,0.00206,0.00008,0.00194,0.00343,0.00003,0.00089,0.00843
1598871730.348675966262817,0.00204,0.00008,0.00547,0.00340,0.00011,0.00086,0.01197
1598871730.381504535675049,0.00213,0.00006,0.00003,0.00353,0.00008,0.00087,0.00669
1598871730.415355443954468,0.00208,0.00006,0.00003,0.00353,0.00068,0.00086,0.00723
1598871730.448315143585205,0.00201,0.00007,0.00069,0.00365,0.00000,0.00088,0.00730
1598871730.482027530670166,0.00208,0.00009,0.00158,0.00359,0.00008,0.00085,0.00828
1598871730.514688730239868,0.00223,0.00012,0.00059,0.00360,0.00000,0.00109,0.00763
1598871730.554280757904053,0.00231,0.00013,0.00085,0.00363,0.00000,0.00112,0.00804
1598871730.615428924560547,0.00238,0.00012,0.00104,0.00348,0.00015,0.00098,0.00816
1598871730.653234004974365,0.00195,0.00007,0.00012,0.00345,0.00008,0.00084,0.00650
1598871730.715659856796265,0.00226,0.00012,0.00010,0.00361,0.00009,0.00111,0.00730
1598871730.748641490936279,0.00204,0.00008,0.00006,0.00371,0.00008,0.00090,0.00686
1598871730.782454013824463,0.00201,0.00006,0.00192,0.00363,0.00000,0.00088,0.00851
1598871730.816171169281006,0.00216,0.00012,0.00583,0.00367,0.00000,0.00105,0.01284
1598871730.848721742630005,0.00236,0.00012,0.00009,0.00376,0.00013,0.00104,0.00751
1598871730.882574796676636,0.00200,0.00006,0.00003,0.00375,0.00000,0.00088,0.00673
1598871730.916628599166870,0.00225,0.00012,0.00052,0.00395,0.00000,0.00113,0.00796
1598871730.949069499969482,0.00215,0.00009,0.00176,0.00361,0.00008,0.00080,0.00849
1598871730.982662916183472,0.00195,0.00007,0.00007,0.00363,0.00000,0.00085,0.00658
1598871731.015642166137695,0.00225,0.00016,0.00098,0.00364,0.00002,0.00113,0.00818
1598871731.049067020416260,0.00204,0.00007,0.00075,0.00347,0.00019,0.00092,0.00744
1598871731.088490009307861,0.00202,0.00006,0.00001,0.00350,0.00002,0.00087,0.00649
1598871731.149043083190918,0.00223,0.00012,0.00001,0.00360,0.00003,0.00111,0.00709
1598871731.182395696640015,0.00169,0.00010,0.00035,0.00344,0.00019,0.00082,0.00658
1598871731.217316150665283,0.00232,0.00010,0.00200,0.00335,0.00002,0.00114,0.00894
1598871731.282092809677124,0.00209,0.00011,0.00545,0.00326,0.00011,0.00081,0.01183
1598871731.316729784011841,0.00198,0.00006,0.00011,0.00316,0.00014,0.00088,0.00633
1598871731.383175849914551,0.00213,0.00016,0.00012,0.00336,0.00004,0.00102,0.00684
1598871731.449403285980225,0.00222,0.00008,0.00003,0.00321,0.00068,0.00077,0.00699
1598871731.482739210128784,0.00171,0.00006,0.00165,0.00354,0.00011,0.00078,0.00786
1598871731.516529083251953,0.00245,0.00011,0.00003,0.00362,0.00003,0.00111,0.00734
1598871731.549342155456543,0.00192,0.00008,0.00076,0.00327,0.00004,0.00090,0.00697
1598871731.582669734954834,0.00230,0.00015,0.00013,0.00343,0.00065,0.00102,0.00769
1598871731.615821599960327,0.00193,0.00009,0.00004,0.00362,0.00011,0.00081,0.00661
1598871731.649102210998535,0.00166,0.00006,0.00001,0.00351,0.00002,0.00075,0.00602
1598871731.682928085327148,0.00234,0.00015,0.00001,0.00350,0.00000,0.00112,0.00712
1598871731.717601060867310,0.00211,0.00008,0.00189,0.00332,0.00004,0.00087,0.00833
1598871731.752521753311157,0.00187,0.00008,0.00500,0.00318,0.00082,0.00086,0.01181
1598871731.815410137176514,0.00186,0.00008,0.00001,0.00338,0.00000,0.00088,0.00620
1598871731.849334716796875,0.00187,0.00008,0.00005,0.00381,0.00033,0.00102,0.00716
1598871731.882714748382568,0.00213,0.00009,0.00003,0.00364,0.00011,0.00085,0.00684
1598871731.917148828506470,0.00209,0.00010,0.00157,0.00343,0.00002,0.00089,0.00810
1598871731.949959039688110,0.00199,0.00008,0.00004,0.00355,0.00002,0.00083,0.00650
1598871731.983146667480469,0.00197,0.00011,0.00084,0.00348,0.00010,0.00079,0.00730
1598871732.017003297805786,0.00195,0.00007,0.00019,0.00343,0.00002,0.00085,0.00651
1598871732.050860166549683,0.00214,0.00014,0.00029,0.00351,0.00002,0.00106,0.00715
1598871732.116014003753662,0.00208,0.00009,0.00003,0.00329,0.00009,0.00088,0.00647
1598871732.150282859802246,0.00213,0.00012,0.00001,0.00389,0.00000,0.00111,0.00726
1598871732.183217287063599,0.00179,0.00006,0.00168,0.00337,0.00004,0.00086,0.00780
1598871732.216834068298340,0.00221,0.00014,0.00511,0.00327,0.00012,0.00104,0.01189
1598871732.250815391540527,0.00192,0.00009,0.00006,0.00317,0.00008,0.00085,0.00616
1598871732.283866643905640,0.00211,0.00007,0.00001,0.00320,0.00013,0.00093,0.00644
1598871732.318101882934570,0.00235,0.00011,0.00001,0.00321,0.00068,0.00105,0.00741
1598871732.351337432861328,0.00183,0.00008,0.00098,0.00327,0.00073,0.00080,0.00769
1598871732.385675907135010,0.00226,0.00010,0.00007,0.00348,0.00011,0.00090,0.00693
1598871732.419995546340942,0.00178,0.00010,0.00077,0.00386,0.00004,0.00156,0.00811
1598871732.452574491500854,0.00175,0.00008,0.00004,0.00352,0.00014,0.00084,0.00638
1598871732.486046075820923,0.00213,0.00015,0.00011,0.00378,0.00009,0.00109,0.00735
1598871732.523826122283936,0.00193,0.00008,0.00001,0.00359,0.00002,0.00084,0.00648
1598871732.587489604949951,0.00227,0.00012,0.00001,0.00337,0.00000,0.00084,0.00661
1598871732.620174646377563,0.00220,0.00010,0.00156,0.00331,0.00005,0.00105,0.00827
1598871732.653774499893188,0.00199,0.00013,0.00472,0.00318,0.00028,0.00097,0.01126
1598871732.686674594879150,0.00241,0.00010,0.00001,0.00346,0.00003,0.00092,0.00694
1598871732.723737955093384,0.00206,0.00014,0.00001,0.00359,0.00017,0.00103,0.00701
1598871732.787637710571289,0.00189,0.00012,0.00003,0.00342,0.00010,0.00088,0.00645
1598871732.820101261138916,0.00133,0.00005,0.00071,0.00341,0.00003,0.00073,0.00627
1598871732.853252410888672,0.00188,0.00007,0.00003,0.00341,0.00003,0.00073,0.00616
1598871732.886743545532227,0.00223,0.00011,0.00097,0.00354,0.00013,0.00107,0.00806
1598871732.921061754226685,0.00186,0.00009,0.00003,0.00364,0.00014,0.00100,0.00678
1598871732.954309463500977,0.00188,0.00006,0.00001,0.00343,0.00002,0.00072,0.00612
1598871732.987096786499023,0.00207,0.00011,0.00001,0.00355,0.00002,0.00105,0.00681
1598871733.020639896392822,0.00187,0.00007,0.00005,0.00345,0.00007,0.00087,0.00638
1598871733.054387331008911,0.00196,0.00011,0.00154,0.00341,0.00005,0.00103,0.00810
1598871733.087276697158813,0.00236,0.00010,0.00482,0.00326,0.00012,0.00100,0.01167
1598871733.120640039443970,0.00198,0.00008,0.00003,0.00345,0.00009,0.00087,0.00649
1598871733.153791666030884,0.00234,0.00011,0.00001,0.00370,0.00015,0.00110,0.00742
1598871733.195242643356323,0.00221,0.00011,0.00001,0.00342,0.00000,0.00091,0.00666
1598871733.253412723541260,0.00272,0.00010,0.00078,0.00324,0.00010,0.00087,0.00781
1598871733.287587642669678,0.00236,0.00012,0.00009,0.00358,0.00011,0.00102,0.00728
1598871733.320672750473022,0.00249,0.00010,0.00023,0.00345,0.00005,0.00095,0.00726
1598871733.354323863983154,0.00239,0.00009,0.00005,0.00351,0.00013,0.00096,0.00714
1598871733.387703418731689,0.00226,0.00014,0.00012,0.00404,0.00010,0.00104,0.00770
1598871733.420998096466064,0.00232,0.00008,0.00001,0.00351,0.00002,0.00112,0.00706
1598871733.454051971435547,0.00220,0.00014,0.00001,0.00369,0.00000,0.00108,0.00711
1598871733.487788915634155,0.00221,0.00009,0.00143,0.00331,0.00073,0.00081,0.00859
1598871733.523100852966309,0.00186,0.00006,0.00424,0.00343,0.00012,0.00089,0.01061
1598871733.556251525878906,0.00194,0.00006,0.00001,0.00348,0.00002,0.00085,0.00635
1598871733.620914697647095,0.00250,0.00012,0.00011,0.00347,0.00021,0.00107,0.00748
1598871733.653913497924805,0.00210,0.00007,0.00410,0.00331,0.00067,0.00158,0.01183
1598871733.687238454818726,0.00234,0.00009,0.00083,0.00356,0.00002,0.00108,0.00792
1598871733.721464157104492,0.00218,0.00006,0.00012,0.00348,0.00010,0.00092,0.00687
1598871733.754065275192261,0.00234,0.00010,0.00022,0.00351,0.00004,0.00156,0.00778
1598871733.788639783859253,0.00241,0.00011,0.00005,0.00360,0.00014,0.00101,0.00732
1598871733.853862762451172,0.00251,0.00012,0.00004,0.00382,0.00018,0.00096,0.00763
1598871733.890060186386108,0.00225,0.00009,0.00001,0.00349,0.00003,0.00113,0.00700
1598871733.927305698394775,0.00226,0.00007,0.00001,0.00347,0.00000,0.00094,0.00674
1598871733.990329265594482,0.00220,0.00008,0.00068,0.00358,0.00080,0.00093,0.00827
1598871734.055486679077148,0.00237,0.00010,0.00445,0.00354,0.00002,0.00111,0.01160
1598871734.089193344116211,0.00245,0.00011,0.00001,0.00369,0.00007,0.00116,0.00749
1598871734.122609853744507,0.00216,0.00008,0.00008,0.00340,0.00025,0.00092,0.00689
1598871734.158339023590088,0.00203,0.00006,0.00371,0.00349,0.00005,0.00092,0.01025
1598871734.220331907272339,0.00250,0.00012,0.00196,0.00339,0.00099,0.00095,0.00992
1598871734.254325866699219,0.00219,0.00012,0.00074,0.00372,0.00010,0.00110,0.00797
1598871734.288101911544800,0.00237,0.00012,0.00192,0.00373,0.00000,0.00086,0.00900
1598871734.322053194046021,0.00226,0.00009,0.00078,0.00362,0.00000,0.00118,0.00793
1598871734.388268232345581,0.00245,0.00012,0.00010,0.00353,0.00010,0.00092,0.00723
1598871734.421016454696655,0.00191,0.00006,0.00002,0.00342,0.00035,0.00090,0.00665
1598871734.455599069595337,0.00200,0.00006,0.00005,0.00359,0.00008,0.00089,0.00668
1598871734.488677740097046,0.00206,0.00006,0.00147,0.00372,0.00008,0.00092,0.00832
1598871734.522998332977295,0.00220,0.00014,0.00477,0.00359,0.00000,0.00107,0.01177
1598871734.555458784103394,0.00262,0.00011,0.00015,0.00390,0.00001,0.00091,0.00770
1598871734.588442802429199,0.00266,0.00010,0.00008,0.00335,0.00020,0.00093,0.00732
1598871734.621269464492798,0.00223,0.00006,0.00448,0.00342,0.00067,0.00089,0.01175
1598871734.654908180236816,0.00203,0.00008,0.00213,0.00360,0.00000,0.00097,0.00881
1598871734.688608407974243,0.00200,0.00007,0.00067,0.00348,0.00008,0.00092,0.00722
1598871734.722417354583740,0.00195,0.00007,0.00113,0.00334,0.00008,0.00091,0.00748
1598871734.756825447082520,0.00191,0.00006,0.00042,0.00356,0.00005,0.00087,0.00687
1598871734.821826696395874,0.00216,0.00009,0.00004,0.00350,0.00009,0.00090,0.00678
1598871734.855479001998901,0.00201,0.00006,0.00001,0.00351,0.00000,0.00088,0.00647
1598871734.889147043228149,0.00213,0.00008,0.00003,0.00338,0.00000,0.00089,0.00652
1598871734.921524047851562,0.00225,0.00011,0.00014,0.00352,0.00163,0.00111,0.00876
1598871734.954841613769531,0.00218,0.00012,0.00457,0.00396,0.00000,0.00090,0.01174
1598871734.988826036453247,0.00240,0.00012,0.00017,0.00428,0.00000,0.00108,0.00805
1598871735.022632360458374,0.00226,0.00012,0.00050,0.00375,0.00008,0.00111,0.00782
1598871735.058397769927979,0.00208,0.00008,0.00403,0.00370,0.00000,0.00083,0.01072
1598871735.094873666763306,0.00241,0.00016,0.00210,0.00377,0.00000,0.00110,0.00953
1598871735.156356811523438,0.00225,0.00010,0.00067,0.00375,0.00008,0.00230,0.00916
1598871735.190004825592041,0.00208,0.00006,0.00110,0.00376,0.00000,0.00116,0.00818
1598871735.255477190017700,0.00222,0.00008,0.00069,0.00373,0.00000,0.00087,0.00759
1598871735.288838624954224,0.00215,0.00016,0.00009,0.00387,0.00009,0.00109,0.00744
1598871735.323534727096558,0.00235,0.00008,0.00001,0.00384,0.00000,0.00116,0.00744
1598871735.389503002166748,0.00238,0.00014,0.00038,0.00368,0.00000,0.00092,0.00750
1598871735.421958684921265,0.00192,0.00008,0.00009,0.00387,0.00009,0.00088,0.00693
1598871735.455988407135010,0.00202,0.00007,0.00459,0.00387,0.00014,0.00116,0.01184
1598871735.489275217056274,0.00214,0.00009,0.00001,0.00364,0.00037,0.00168,0.00795
1598871735.526973724365234,0.00254,0.00016,0.00188,0.00366,0.00008,0.00109,0.00941
1598871735.559232473373413,0.00208,0.00010,0.00407,0.00375,0.00000,0.00153,0.01154
1598871735.623569488525391,0.00224,0.00008,0.00195,0.00366,0.00000,0.00083,0.00877
1598871735.658676862716675,0.00198,0.00010,0.00064,0.00364,0.00008,0.00075,0.00720
1598871735.691266536712646,0.00188,0.00007,0.00110,0.00363,0.00000,0.00083,0.00752
1598871735.724905729293823,0.00212,0.00016,0.00075,0.00404,0.00000,0.00088,0.00794
1598871735.789573669433594,0.00245,0.00019,0.00009,0.00343,0.00008,0.00108,0.00733
1598871735.855441570281982,0.00224,0.00014,0.00001,0.00332,0.00000,0.00085,0.00656
1598871735.888739347457886,0.00208,0.00009,0.00011,0.00317,0.00009,0.00076,0.00630
1598871735.923951387405396,0.00228,0.00011,0.00007,0.00338,0.00009,0.00104,0.00698
1598871735.989520549774170,0.00213,0.00012,0.00419,0.00343,0.00085,0.00110,0.01182
1598871736.022319555282593,0.00199,0.00013,0.00001,0.00374,0.00000,0.00080,0.00666
1598871736.056400775909424,0.00226,0.00014,0.00015,0.00368,0.00110,0.00075,0.00807
1598871736.090047597885132,0.00200,0.00007,0.00341,0.00355,0.00066,0.00077,0.01047
1598871736.123301267623901,0.00215,0.00006,0.00138,0.00371,0.00000,0.00073,0.00804
1598871736.156049489974976,0.00228,0.00011,0.00074,0.00407,0.00021,0.00091,0.00832
1598871736.189980745315552,0.00212,0.00010,0.00118,0.00354,0.00000,0.00080,0.00774
1598871736.223714828491211,0.00211,0.00008,0.00049,0.00396,0.00002,0.00086,0.00752
1598871736.289811134338379,0.00239,0.00014,0.00006,0.00364,0.00018,0.00092,0.00733
1598871736.323073148727417,0.00211,0.00009,0.00004,0.00378,0.00000,0.00117,0.00719
1598871736.359476566314697,0.00219,0.00012,0.00042,0.00355,0.00003,0.00101,0.00732
1598871736.423227548599243,0.00231,0.00018,0.00008,0.00351,0.00011,0.00086,0.00705
1598871736.456889390945435,0.00166,0.00009,0.00399,0.00348,0.00012,0.00076,0.01010
1598871736.490349054336548,0.00240,0.00010,0.00001,0.00341,0.00000,0.00091,0.00683
1598871736.527624607086182,0.00205,0.00006,0.00003,0.00356,0.00019,0.00111,0.00700
1598871736.590060234069824,0.00222,0.00010,0.00258,0.00317,0.00136,0.00078,0.01022
1598871736.625965356826782,0.00210,0.00009,0.00117,0.00394,0.00009,0.00085,0.00824
1598871736.658893108367920,0.00181,0.00008,0.00009,0.00390,0.00008,0.00075,0.00671
1598871736.691456079483032,0.00216,0.00009,0.00023,0.00396,0.00000,0.00110,0.00754
1598871736.723718166351318,0.00213,0.00009,0.00021,0.00382,0.00000,0.00081,0.00707
1598871736.755980730056763,0.00227,0.00015,0.00010,0.00386,0.00009,0.00087,0.00735
1598871736.790517568588257,0.00207,0.00013,0.00001,0.00386,0.00000,0.00109,0.00715
1598871736.823909044265747,0.00199,0.00008,0.00019,0.00418,0.00016,0.00080,0.00740
1598871736.858881711959839,0.00219,0.00009,0.00011,0.00414,0.00015,0.00113,0.00780
1598871736.891658067703247,0.00233,0.00010,0.00404,0.00361,0.00000,0.00088,0.01096
1598871736.959356069564819,0.00274,0.00024,0.00005,0.00371,0.00000,0.00131,0.00806
1598871737.026565790176392,0.00209,0.00012,0.00010,0.00366,0.00015,0.00079,0.00691
1598871737.059676408767700,0.00225,0.00015,0.00223,0.00393,0.00000,0.00111,0.00966
1598871737.123415708541870,0.00194,0.00010,0.00074,0.00381,0.00000,0.00087,0.00746
1598871737.161627769470215,0.00255,0.00007,0.00008,0.00392,0.00000,0.00090,0.00753
1598871737.223422765731812,0.00240,0.00013,0.00030,0.00385,0.00008,0.00114,0.00789
1598871737.256670951843262,0.00243,0.00014,0.00026,0.00402,0.00000,0.00116,0.00801
1598871737.291846752166748,0.00228,0.00015,0.00024,0.00391,0.00000,0.00112,0.00769
1598871737.358337402343750,0.00268,0.00020,0.00003,0.00392,0.00000,0.00162,0.00845
1598871737.391381025314331,0.00236,0.00006,0.00011,0.00384,0.00008,0.00086,0.00731
1598871737.423811435699463,0.00229,0.00015,0.00004,0.00411,0.00000,0.00117,0.00775
1598871737.457070112228394,0.00249,0.00014,0.00408,0.00376,0.00000,0.00110,0.01158
1598871737.495422363281250,0.00213,0.00008,0.00002,0.00384,0.00000,0.00100,0.00707
1598871737.556636810302734,0.00237,0.00012,0.00009,0.00385,0.00009,0.00096,0.00747
1598871737.591258525848389,0.00211,0.00007,0.00205,0.00377,0.00000,0.00093,0.00893
1598871737.624265432357788,0.00189,0.00007,0.00485,0.00423,0.00000,0.00143,0.01248
1598871737.656576156616211,0.00220,0.00008,0.00006,0.00392,0.00008,0.00115,0.00749
1598871737.695643663406372,0.00214,0.00007,0.00019,0.00389,0.00000,0.00088,0.00716
1598871737.758383989334106,0.00242,0.00013,0.00021,0.00415,0.00000,0.00123,0.00815
1598871737.790892124176025,0.00202,0.00007,0.00009,0.00374,0.00009,0.00097,0.00698
1598871737.823691606521606,0.00208,0.00006,0.00001,0.00386,0.00000,0.00086,0.00687
1598871737.857313632965088,0.00226,0.00009,0.00069,0.00375,0.00000,0.00089,0.00767
1598871737.891394853591919,0.00241,0.00010,0.00009,0.00376,0.00009,0.00094,0.00739
1598871737.958611488342285,0.00239,0.00012,0.00367,0.00368,0.00000,0.00095,0.01081
1598871737.991680860519409,0.00198,0.00007,0.00001,0.00378,0.00000,0.00091,0.00675
1598871738.025125980377197,0.00207,0.00006,0.00037,0.00370,0.00008,0.00088,0.00717
1598871738.059192419052124,0.00207,0.00006,0.00222,0.00369,0.00000,0.00087,0.00891
1598871738.124106407165527,0.00238,0.00013,0.00444,0.00367,0.00000,0.00092,0.01155
1598871738.158778667449951,0.00213,0.00009,0.00065,0.00368,0.00008,0.00089,0.00753
1598871738.191461086273193,0.00217,0.00007,0.00109,0.00373,0.00000,0.00086,0.00792
1598871738.226246118545532,0.00202,0.00008,0.00070,0.00366,0.00000,0.00094,0.00740
1598871738.292020559310913,0.00272,0.00013,0.00056,0.00354,0.00009,0.00089,0.00794
1598871738.364929914474487,0.00197,0.00008,0.00003,0.00366,0.00009,0.00090,0.00674
1598871738.424242496490479,0.00199,0.00009,0.00139,0.00376,0.00000,0.00085,0.00807
1598871738.458314180374146,0.00192,0.00006,0.00068,0.00371,0.00008,0.00088,0.00733
1598871738.497499227523804,0.00238,0.00013,0.00412,0.00311,0.00000,0.00091,0.01065
1598871738.559027910232544,0.00205,0.00009,0.00019,0.00380,0.00000,0.00088,0.00701
1598871738.591532945632935,0.00208,0.00013,0.00144,0.00344,0.00009,0.00135,0.00852
1598871738.625277042388916,0.00224,0.00008,0.00205,0.00392,0.00000,0.00091,0.00920
1598871738.657834768295288,0.00219,0.00011,0.00377,0.00382,0.00017,0.00083,0.01089
1598871738.697899580001831,0.00190,0.00008,0.00064,0.00355,0.00014,0.00078,0.00710
1598871738.758846521377563,0.00213,0.00009,0.00108,0.00331,0.00000,0.00075,0.00735
1598871738.791296958923340,0.00203,0.00010,0.00079,0.00334,0.00000,0.00081,0.00707
1598871738.824141502380371,0.00229,0.00014,0.00040,0.00359,0.00030,0.00113,0.00785
1598871738.858672380447388,0.00272,0.00006,0.00001,0.00325,0.00000,0.00118,0.00722
1598871738.893229961395264,0.00244,0.00010,0.00082,0.00274,0.00099,0.00075,0.00784
1598871738.926842451095581,0.00239,0.00008,0.00024,0.00281,0.00102,0.00104,0.00758
1598871738.959595441818237,0.00217,0.00007,0.00365,0.00361,0.00042,0.00109,0.01099
1598871738.994477748870850,0.00210,0.00007,0.00002,0.00331,0.00000,0.00080,0.00629
1598871739.060552835464478,0.00241,0.00013,0.00038,0.00293,0.00052,0.00106,0.00743
1598871739.093567609786987,0.00217,0.00006,0.00185,0.00313,0.00008,0.00086,0.00815
1598871739.159829854965210,0.00231,0.00008,0.00284,0.00298,0.00008,0.00084,0.00912
1598871739.192399501800537,0.00278,0.00006,0.00031,0.00288,0.00072,0.00087,0.00762
1598871739.226399660110474,0.00224,0.00006,0.00070,0.00284,0.00064,0.00081,0.00730
1598871739.259920835494995,0.00228,0.00010,0.00065,0.00358,0.00062,0.00134,0.00857
1598871739.293538093566895,0.00237,0.00009,0.00340,0.00287,0.00053,0.00082,0.01007
1598871739.327173948287964,0.00231,0.00009,0.00001,0.00353,0.00000,0.00087,0.00682
1598871739.360386133193970,0.00202,0.00010,0.00001,0.00306,0.00038,0.00081,0.00639
1598871739.393269062042236,0.00256,0.00008,0.00024,0.00298,0.00011,0.00084,0.00681
1598871739.426636695861816,0.00226,0.00008,0.00305,0.00267,0.00096,0.00088,0.00990
1598871739.459180593490601,0.00222,0.00008,0.00043,0.00329,0.00009,0.00090,0.00701
1598871739.494760751724243,0.00213,0.00007,0.00007,0.00315,0.00008,0.00073,0.00623
1598871739.560506343841553,0.00209,0.00009,0.00001,0.00277,0.00175,0.00081,0.00752
1598871739.593044042587280,0.00236,0.00009,0.00603,0.00275,0.00015,0.00101,0.01239
1598871739.625859022140503,0.00201,0.00006,0.00008,0.00284,0.00014,0.00083,0.00596
1598871739.658808708190918,0.00208,0.00015,0.00011,0.00309,0.00059,0.00099,0.00701
1598871739.694232463836670,0.00228,0.00009,0.00001,0.00303,0.00108,0.00102,0.00751
1598871739.726621389389038,0.00211,0.00012,0.00292,0.00318,0.00008,0.00103,0.00943
1598871739.797340631484985,0.00264,0.00010,0.00011,0.00295,0.00025,0.00103,0.00708
1598871739.859715461730957,0.00217,0.00010,0.00018,0.00297,0.00000,0.00081,0.00624
1598871739.894771337509155,0.00205,0.00006,0.00004,0.00295,0.00079,0.00083,0.00672
1598871739.927059888839722,0.00227,0.00016,0.00307,0.00306,0.00079,0.00102,0.01036
1598871739.960011720657349,0.00253,0.00013,0.00003,0.00385,0.00001,0.00077,0.00733
1598871739.995054244995117,0.00198,0.00006,0.00005,0.00321,0.00008,0.00083,0.00622
1598871740.027496576309204,0.00237,0.00011,0.00012,0.00340,0.00015,0.00117,0.00731
1598871740.059911727905273,0.00191,0.00006,0.00545,0.00308,0.00067,0.00085,0.01202
1598871740.094920635223389,0.00235,0.00008,0.00082,0.00295,0.00015,0.00108,0.00743
1598871740.127183437347412,0.00227,0.00009,0.00029,0.00268,0.00001,0.00139,0.00673
1598871740.160661220550537,0.00204,0.00008,0.00013,0.00236,0.00016,0.00082,0.00560
1598871740.226686477661133,0.00202,0.00010,0.00086,0.00237,0.00313,0.00074,0.00923
1598871740.260226249694824,0.00222,0.00008,0.00011,0.00312,0.00027,0.00105,0.00686
1598871740.295792579650879,0.00196,0.00009,0.00046,0.00334,0.00008,0.00084,0.00678
1598871740.361943244934082,0.00251,0.00011,0.00063,0.00312,0.00015,0.00107,0.00758
1598871740.425323963165283,0.00222,0.00010,0.02634,0.00280,0.00011,0.00125,0.03283
1598871740.459927797317505,0.00255,0.00021,0.00042,0.00275,0.00018,0.00116,0.00727
1598871740.494320631027222,0.00219,0.00007,0.00051,0.00284,0.00018,0.00084,0.00663
1598871740.560161352157593,0.00234,0.00011,0.00048,0.00292,0.00000,0.00110,0.00694
